trace,workload,budget_gb,capacity_slots,static_slots,static_gb,dynamic_slots,policy,hit_rate,miss_rate,bytes_h2d_per_token,promotions_per_token,evictions_per_token,cache_churn_per_token,cpu_direct_experts_per_token,average_residency_tokens,p50_misses_per_layer,p95_misses_per_layer,projected_routed_moe_p50_ms,projected_routed_moe_p95_ms,band_0_to_4,band_5_to_7,band_8_to_10
results\integration-gate\traces\zh_technical.bin,zh_technical,2,723,0,0.0,723,LRU,0.3702005208333333,0.6297994791666667,835809408.0,302.30375,302.30375,604.6075,0.0,2.3261595415127694,6.0,10.0,40.44744250000001,60.90915374999998,0.27544270833333334,0.35494791666666664,0.369609375
results\integration-gate\traces\zh_technical.bin,zh_technical,2,723,0,0.0,723,CLOCK,0.3618385416666667,0.6381614583333334,846906624.0,306.3175,306.3175,612.635,0.0,2.295381299113144,7.0,10.0,40.97959375000002,61.86602624999998,0.26697916666666666,0.34796875,0.38505208333333335
results\integration-gate\traces\zh_technical.bin,zh_technical,2,723,0,0.0,723,LFU,0.02396875,0.97603125,1295294976.0,468.495,468.495,936.99,0.0,1.5594117929599298,10.0,10.0,59.74113999999994,67.6032,0.004427083333333333,0.019505208333333333,0.9760677083333333
results\integration-gate\traces\zh_technical.bin,zh_technical,2,723,723,1.9989504,0,Static Hot (universal),0.17933333333333334,0.8206666666666667,1089110016.0,0.0,0.0,0.0,0.0,0.0,9.0,10.0,50.90173499999998,64.30499999999999,0.05651041666666667,0.24513020833333332,0.698359375
results\integration-gate\traces\zh_technical.bin,zh_technical,2,723,361,0.9980928,362,Static Hot + CLOCK (universal),0.12586197916666667,0.8741380208333334,1160072064.0,419.58625,419.58625,839.1725,0.0,0.8774206561852899,9.0,10.0,53.94340999999996,65.80866375,0.029427083333333333,0.16395833333333334,0.8066145833333334
results\integration-gate\traces\zh_technical.bin,zh_technical,2,723,361,0.9980928,362,Static Hot + LRU (universal),0.124109375,0.875890625,1162397952.0,420.4275,420.4275,840.855,0.0,0.8752072464609377,9.0,10.0,53.94341374999996,65.80866375,0.02875,0.160703125,0.810546875
results\integration-gate\traces\zh_technical.bin,zh_technical,2,723,361,0.9980928,362,Frequency promotion (universal),0.2140859375,0.7859140625,1042989696.0,330.70125,330.70125,661.4025,0.0,1.139260152258924,8.0,10.0,48.96777499999998,65.52050374999999,0.09778645833333334,0.2698697916666667,0.63234375
results\integration-gate\traces\zh_technical.bin,zh_technical,2,723,361,0.9980928,362,Hybrid policy (universal),0.269890625,0.730109375,773528832.0,279.7775,279.7775,559.555,70.675,1.3372792856966647,8.0,10.0,36.963560937500006,59.10098124999998,0.129296875,0.35088541666666667,0.5198177083333333
results\integration-gate\traces\zh_technical.bin,zh_technical,2,723,723,1.9989504,0,Static Hot (adaptive),0.178421875,0.821578125,1090319616.0,0.0,0.0,0.0,0.0,0.0,9.0,10.0,50.46480374999997,64.49574999999999,0.047213541666666664,0.245546875,0.7072395833333334
results\integration-gate\traces\zh_technical.bin,zh_technical,2,723,361,0.9980928,362,Static Hot + CLOCK (adaptive),0.10449479166666667,0.8955052083333334,1188428544.0,429.8425,429.8425,859.685,0.0,0.8735999723173143,9.0,10.0,54.98701749999996,65.73808874999999,0.014348958333333333,0.12216145833333333,0.8634895833333334
results\integration-gate\traces\zh_technical.bin,zh_technical,2,723,361,0.9980928,362,Static Hot + LRU (adaptive),0.10357552083333334,0.8964244791666667,1189648512.0,430.28375,430.28375,860.5675,0.0,0.8691474115706717,9.0,10.0,54.98701749999996,65.73808874999999,0.01328125,0.12104166666666667,0.8656770833333334
results\integration-gate\traces\zh_technical.bin,zh_technical,2,723,361,0.9980928,362,Frequency promotion (adaptive),0.16958333333333334,0.8304166666666667,1102049280.0,352.13875,352.13875,704.2775,0.0,1.0895305549357666,9.0,10.0,53.66390749999995,65.66990374999999,0.05942708333333333,0.215703125,0.7248697916666667
results\integration-gate\traces\zh_technical.bin,zh_technical,2,723,361,0.9980928,362,Hybrid policy (adaptive),0.245984375,0.754015625,797893632.0,288.59,288.59,577.18,73.3375,1.3101299924232264,8.0,10.0,37.75333650000002,60.03700499999998,0.10447916666666666,0.3283333333333333,0.5671875
results\integration-gate\traces\zh_technical.bin,zh_technical,4,1446,0,0.0,1446,LRU,0.5613802083333334,0.43861979166666665,582094080.0,210.5375,210.5375,421.075,0.0,6.651043827462114,4.0,9.0,30.58747499999999,55.4217925,0.5586197916666666,0.2903645833333333,0.151015625
results\integration-gate\traces\zh_technical.bin,zh_technical,4,1446,0,0.0,1446,CLOCK,0.5504947916666667,0.44950520833333335,596540160.0,215.7625,215.7625,431.525,0.0,6.480992973267575,4.0,9.0,31.200302499999992,55.16624249999999,0.5401302083333334,0.30359375,0.15627604166666667
results\integration-gate\traces\zh_technical.bin,zh_technical,4,1446,0,0.0,1446,LFU,0.12645052083333333,0.8735494791666667,1159291008.0,419.30375,419.30375,838.6075,0.0,3.539645901513331,9.0,10.0,53.94341749999996,66.53784999999999,0.021588541666666666,0.14518229166666666,0.8332291666666667
results\integration-gate\traces\zh_technical.bin,zh_technical,4,1446,1446,3.9979008,0,Static Hot (universal),0.2611614583333333,0.7388385416666666,980515584.0,0.0,0.0,0.0,0.0,0.0,8.0,10.0,46.36302499999999,62.23528374999998,0.13697916666666668,0.3093489583333333,0.553671875
results\integration-gate\traces\zh_technical.bin,zh_technical,4,1446,723,1.9989504,723,Static Hot + CLOCK (universal),0.48778645833333334,0.5122135416666667,679760640.0,245.8625,245.8625,491.725,0.0,2.9275692885109557,5.0,10.0,34.23161625,55.335435000000025,0.437109375,0.35486979166666666,0.20802083333333332
results\integration-gate\traces\zh_technical.bin,zh_technical,4,1446,723,1.9989504,723,Static Hot + LRU (universal),0.5013854166666667,0.49861458333333336,661713408.0,239.335,239.335,478.67,0.0,3.005920945853153,5.0,10.0,33.624950000000005,55.24316625000002,0.46236979166666664,0.33765625,0.19997395833333334
results\integration-gate\traces\zh_technical.bin,zh_technical,4,1446,723,1.9989504,723,Frequency promotion (universal),0.49378385416666665,0.5062161458333333,671801472.0,197.42,197.42,394.84,0.0,3.7095350954456023,5.0,10.0,34.2232125,55.124471249999985,0.444296875,0.3555729166666667,0.20013020833333334
results\integration-gate\traces\zh_technical.bin,zh_technical,4,1446,723,1.9989504,723,Hybrid policy (universal),0.4912916666666667,0.5087083333333333,551778048.0,199.5725,199.5725,399.145,44.6075,3.656613491274519,5.0,10.0,30.4213270625,49.783217500000035,0.44197916666666665,0.346953125,0.21106770833333333
results\integration-gate\traces\zh_technical.bin,zh_technical,4,1446,1446,3.9979008,0,Static Hot (adaptive),0.28582552083333335,0.7141744791666667,947783808.0,0.0,0.0,0.0,0.0,0.0,8.0,10.0,44.708577500000004,62.703603749999985,0.142421875,0.3547135416666667,0.5028645833333333
results\integration-gate\traces\zh_technical.bin,zh_technical,4,1446,723,1.9989504,723,Static Hot + CLOCK (adaptive),0.4886979166666667,0.5113020833333334,678551040.0,245.425,245.425,490.85,0.0,2.9586663184915136,5.0,9.0,34.13217875000001,55.056422500000004,0.433125,0.36606770833333335,0.20080729166666667
results\integration-gate\traces\zh_technical.bin,zh_technical,4,1446,723,1.9989504,723,Static Hot + LRU (adaptive),0.5022005208333333,0.49779947916666667,660631680.0,238.94375,238.94375,477.8875,0.0,3.030223431851712,5.0,9.0,33.73671125,55.10062124999999,0.45794270833333334,0.3464583333333333,0.19559895833333332
results\integration-gate\traces\zh_technical.bin,zh_technical,4,1446,723,1.9989504,723,Frequency promotion (adaptive),0.4938125,0.5061875,671763456.0,197.34625,197.34625,394.6925,0.0,3.7514253586190125,5.0,9.0,34.11565,54.742543749999975,0.43734375,0.36908854166666666,0.19356770833333334
results\integration-gate\traces\zh_technical.bin,zh_technical,4,1446,723,1.9989504,723,Hybrid policy (adaptive),0.4930625,0.5069375,547623936.0,198.07,198.07,396.14,45.26,3.705472518878655,5.0,9.0,30.372343999999995,49.376847624999996,0.4376302083333333,0.3603125,0.20205729166666667
results\integration-gate\traces\zh_technical.bin,zh_technical,6,2170,0,0.0,2170,LRU,0.6559973958333334,0.34400260416666667,456527232.0,165.12125,165.12125,330.2425,0.0,12.547024507215514,3.0,8.0,26.899928749999994,51.822604999999996,0.7000260416666667,0.216796875,0.08317708333333333
results\integration-gate\traces\zh_technical.bin,zh_technical,6,2170,0,0.0,2170,CLOCK,0.6439739583333334,0.3560260416666667,472483584.0,170.8925,170.8925,341.785,0.0,12.165752751240587,3.0,8.0,27.415546249999988,52.16787250000002,0.6834375,0.22955729166666666,0.08700520833333333
results\integration-gate\traces\zh_technical.bin,zh_technical,6,2170,0,0.0,2170,LFU,0.22418229166666667,0.7758177083333333,1029590784.0,372.3925,372.3925,744.785,0.0,6.053551706616498,8.0,10.0,48.63027374999998,64.86008999999999,0.07981770833333333,0.292421875,0.6277604166666667
results\integration-gate\traces\zh_technical.bin,zh_technical,6,2170,2170,5.999616,0,Static Hot (universal),0.32879427083333335,0.6712057291666667,890759808.0,0.0,0.0,0.0,0.0,0.0,7.0,10.0,43.000374999999984,60.45093874999998,0.21372395833333332,0.34544270833333335,0.44083333333333335
results\integration-gate\traces\zh_technical.bin,zh_technical,6,2170,1085,2.999808,1085,Static Hot + CLOCK (universal),0.5919140625,0.4080859375,541572480.0,195.88125,195.88125,391.7625,0.0,5.535522541838954,4.0,9.0,29.817252499999995,52.51779375000004,0.6069010416666667,0.274375,0.11872395833333334
results\integration-gate\traces\zh_technical.bin,zh_technical,6,2170,1085,2.999808,1085,Static Hot + LRU (universal),0.5998359375,0.4001640625,531059328.0,192.07875,192.07875,384.1575,0.0,5.6517047045767255,4.0,9.0,29.510843749999996,52.38290500000002,0.618828125,0.26403645833333333,0.11713541666666667
results\integration-gate\traces\zh_technical.bin,zh_technical,6,2170,1085,2.999808,1085,Frequency promotion (universal),0.5954583333333333,0.4045416666666667,536868864.0,149.65875,149.65875,299.3175,0.0,7.381942114620492,4.0,9.0,29.421779999999995,52.050442499999996,0.6111979166666667,0.2791666666666667,0.10963541666666667
results\integration-gate\traces\zh_technical.bin,zh_technical,6,2170,1085,2.999808,1085,Hybrid policy (universal),0.5958307291666667,0.4041692708333333,448391808.0,162.17875,162.17875,324.3575,31.8225,6.72418755600916,4.0,9.0,27.5208918125,47.82165412500002,0.61,0.26953125,0.12046875
results\integration-gate\traces\zh_technical.bin,zh_technical,6,2170,2170,5.999616,0,Static Hot (adaptive),0.37227083333333333,0.6277291666666667,833061888.0,0.0,0.0,0.0,0.0,0.0,6.0,10.0,40.26928875,60.68542874999998,0.24184895833333334,0.40692708333333333,0.3512239583333333
results\integration-gate\traces\zh_technical.bin,zh_technical,6,2170,1085,2.999808,1085,Static Hot + CLOCK (adaptive),0.6023776041666666,0.3976223958333333,527686272.0,190.85875,190.85875,381.7175,0.0,5.723327092769048,4.0,9.0,29.262407499999995,51.79204375,0.6166927083333333,0.28161458333333333,0.10169270833333334
results\integration-gate\traces\zh_technical.bin,zh_technical,6,2170,1085,2.999808,1085,Static Hot + LRU (adaptive),0.6103619791666667,0.3896380208333333,517090176.0,187.02625,187.02625,374.0525,0.0,5.834485702407505,4.0,9.0,28.931078749999998,51.64332375000002,0.6280208333333334,0.27260416666666665,0.099375
results\integration-gate\traces\zh_technical.bin,zh_technical,6,2170,1085,2.999808,1085,Frequency promotion (adaptive),0.6041015625,0.3958984375,525398400.0,145.37125,145.37125,290.7425,0.0,7.663748752787711,4.0,8.0,29.12153624999999,51.549201250000024,0.6196614583333333,0.283671875,0.09666666666666666
results\integration-gate\traces\zh_technical.bin,zh_technical,6,2170,1085,2.999808,1085,Hybrid policy (adaptive),0.6054661458333334,0.39453385416666664,438670080.0,158.6625,158.6625,317.325,30.71375,6.920476356703346,4.0,9.0,27.351784062499995,47.57535925000003,0.617734375,0.27625,0.106015625
results\integration-gate\traces\zh_technical.bin,zh_technical,8,2893,0,0.0,2893,LRU,0.7273828125,0.2726171875,361791360.0,130.85625,130.85625,261.7125,0.0,20.71765774632007,2.0,7.0,24.72174374999999,49.238288750000024,0.8001041666666666,0.15651041666666668,0.04338541666666667
results\integration-gate\traces\zh_technical.bin,zh_technical,8,2893,0,0.0,2893,CLOCK,0.7167604166666667,0.2832395833333333,375888384.0,135.955,135.955,271.91,0.0,20.017105164041773,2.0,7.0,24.95784249999999,49.60343125000001,0.7879427083333334,0.16635416666666666,0.045703125
results\integration-gate\traces\zh_technical.bin,zh_technical,8,2893,0,0.0,2893,LFU,0.3592369791666667,0.6407630208333334,850359168.0,307.56625,307.56625,615.1325,0.0,9.772089952702627,7.0,10.0,41.524051250000014,61.15647374999999,0.22705729166666666,0.3961458333333333,0.376796875
results\integration-gate\traces\zh_technical.bin,zh_technical,8,2893,2893,7.9985664,0,Static Hot (universal),0.3881380208333333,0.6118619791666666,812004480.0,0.0,0.0,0.0,0.0,0.0,6.0,10.0,39.90071749999999,58.95270499999999,0.286796875,0.35994791666666665,0.35325520833333335
results\integration-gate\traces\zh_technical.bin,zh_technical,8,2893,0,0.0,2893,Static Hot + CLOCK (universal),0.7167604166666667,0.2832395833333333,375888384.0,135.955,135.955,271.91,0.0,20.017105164041773,2.0,7.0,24.95784249999999,49.60343125000001,0.7879427083333334,0.16635416666666666,0.045703125
results\integration-gate\traces\zh_technical.bin,zh_technical,8,2893,0,0.0,2893,Static Hot + LRU (universal),0.7273828125,0.2726171875,361791360.0,130.85625,130.85625,261.7125,0.0,20.71765774632007,2.0,7.0,24.72174374999999,49.238288750000024,0.8001041666666666,0.15651041666666668,0.04338541666666667
results\integration-gate\traces\zh_technical.bin,zh_technical,8,2893,0,0.0,2893,Frequency promotion (universal),0.7246197916666667,0.2753802083333333,365458176.0,84.9075,84.9075,169.815,0.0,31.682232287237785,2.0,7.0,24.61615249999999,48.53448750000005,0.8026822916666667,0.16088541666666667,0.036432291666666665
results\integration-gate\traces\zh_technical.bin,zh_technical,8,2893,0,0.0,2893,Hybrid policy (universal),0.7208020833333333,0.27919791666666666,307507968.0,111.2225,111.2225,222.445,22.7925,24.67414476482829,2.0,8.0,24.473956812499992,46.48305962500003,0.7859114583333333,0.16315104166666666,0.0509375
results\integration-gate\traces\zh_technical.bin,zh_technical,8,2893,723,1.9989504,2170,Static Hot + CLOCK (universal),0.6946171875,0.3053828125,405274752.0,146.58375,146.58375,293.1675,0.0,14.368589285437261,3.0,8.0,25.94960749999999,49.953379999999996,0.7579427083333333,0.187421875,0.054635416666666665
results\integration-gate\traces\zh_technical.bin,zh_technical,8,2893,723,1.9989504,2170,Static Hot + LRU (universal),0.7051770833333333,0.29482291666666666,391260672.0,141.515,141.515,283.03,0.0,14.835321607620513,2.0,8.0,25.771487499999992,49.562727499999994,0.7706510416666666,0.178046875,0.05130208333333333
results\integration-gate\traces\zh_technical.bin,zh_technical,8,2893,723,1.9989504,2170,Frequency promotion (universal),0.7018880208333333,0.29811197916666665,395625600.0,97.53,97.53,195.06,0.0,21.673210198640227,3.0,7.0,25.481604999999988,49.18434749999999,0.769921875,0.185859375,0.04421875
results\integration-gate\traces\zh_technical.bin,zh_technical,8,2893,723,1.9989504,2170,Hybrid policy (universal),0.6980989583333334,0.30190104166666665,338819328.0,122.5475,122.5475,245.095,22.365,17.25363481999241,3.0,8.0,25.20826737499999,46.676154000000025,0.7576822916666667,0.18455729166666668,0.05776041666666667
results\integration-gate\traces\zh_technical.bin,zh_technical,8,2893,1446,3.9979008,1447,Static Hot + CLOCK (universal),0.6640859375,0.3359140625,445792896.0,161.23875,161.23875,322.4775,0.0,8.952256222779218,3.0,8.0,26.821229999999993,50.49194750000004,0.7120572916666666,0.21677083333333333,0.071171875
results\integration-gate\traces\zh_technical.bin,zh_technical,8,2893,1446,3.9979008,1447,Static Hot + LRU (universal),0.6706197916666666,0.3293802083333333,437121792.0,158.1025,158.1025,316.205,0.0,9.118639053721855,3.0,8.0,26.84195124999999,50.48464875000001,0.7212239583333333,0.2078125,0.07096354166666667
results\integration-gate\traces\zh_technical.bin,zh_technical,8,2893,1446,3.9979008,1447,Frequency promotion (universal),0.6625416666666667,0.33745833333333336,447842304.0,118.57875,118.57875,237.1575,0.0,12.427614411665266,3.0,8.0,27.009713749999992,50.14290499999999,0.71328125,0.22111979166666668,0.06559895833333333
results\integration-gate\traces\zh_technical.bin,zh_technical,8,2893,1446,3.9979008,1447,Hybrid policy (universal),0.6644010416666667,0.3355989583333333,378784512.0,137.0025,137.0025,274.005,24.085,10.53608510020402,3.0,8.0,25.96298243749999,46.994048250000006,0.7110416666666667,0.213359375,0.07559895833333333
results\integration-gate\traces\zh_technical.bin,zh_technical,8,2893,2170,5.999616,723,Static Hot + CLOCK (universal),0.5993151041666667,0.40068489583333333,531750528.0,192.32875,192.32875,384.6575,0.0,3.8717304733156754,4.0,9.0,29.33691375,51.767280000000014,0.6118229166666667,0.2810416666666667,0.10713541666666666
results\integration-gate\traces\zh_technical.bin,zh_technical,8,2893,2170,5.999616,723,Static Hot + LRU (universal),0.6089348958333334,0.3910651041666667,518984064.0,187.71125,187.71125,375.4225,0.0,3.956735563567424,4.0,9.0,29.06775499999999,51.50403125000002,0.62953125,0.26729166666666665,0.10317708333333334
results\integration-gate\traces\zh_technical.bin,zh_technical,8,2893,2170,5.999616,723,Frequency promotion (universal),0.6048515625,0.3951484375,524403072.0,148.69875,148.69875,297.3975,0.0,5.140756695396958,4.0,8.0,29.063562499999996,51.449192500000024,0.623203125,0.2779947916666667,0.09880208333333333
results\integration-gate\traces\zh_technical.bin,zh_technical,8,2893,2170,5.999616,723,Hybrid policy (universal),0.6029322916666666,0.3970677083333333,453385728.0,163.985,163.985,327.97,26.6075,4.536130678219213,4.0,9.0,27.59288943749999,47.496521750000014,0.6175520833333333,0.274765625,0.10768229166666667
results\integration-gate\traces\zh_technical.bin,zh_technical,8,2893,2893,7.9985664,0,Static Hot (adaptive),0.43780989583333335,0.5621901041666667,746084736.0,0.0,0.0,0.0,0.0,0.0,6.0,10.0,36.75345375,59.73510124999999,0.33666666666666667,0.40901041666666665,0.2543229166666667
results\integration-gate\traces\zh_technical.bin,zh_technical,8,2893,0,0.0,2893,Static Hot + CLOCK (adaptive),0.7167604166666667,0.2832395833333333,375888384.0,135.955,135.955,271.91,0.0,20.017105164041773,2.0,7.0,24.95784249999999,49.60343125000001,0.7879427083333334,0.16635416666666666,0.045703125
results\integration-gate\traces\zh_technical.bin,zh_technical,8,2893,0,0.0,2893,Static Hot + LRU (adaptive),0.7273828125,0.2726171875,361791360.0,130.85625,130.85625,261.7125,0.0,20.71765774632007,2.0,7.0,24.72174374999999,49.238288750000024,0.8001041666666666,0.15651041666666668,0.04338541666666667
results\integration-gate\traces\zh_technical.bin,zh_technical,8,2893,0,0.0,2893,Frequency promotion (adaptive),0.7246197916666667,0.2753802083333333,365458176.0,84.9075,84.9075,169.815,0.0,31.682232287237785,2.0,7.0,24.61615249999999,48.53448750000005,0.8026822916666667,0.16088541666666667,0.036432291666666665
results\integration-gate\traces\zh_technical.bin,zh_technical,8,2893,0,0.0,2893,Hybrid policy (adaptive),0.7208020833333333,0.27919791666666666,307507968.0,111.2225,111.2225,222.445,22.7925,24.67414476482829,2.0,8.0,24.473956812499992,46.48305962500003,0.7859114583333333,0.16315104166666666,0.0509375
results\integration-gate\traces\zh_technical.bin,zh_technical,8,2893,723,1.9989504,2170,Static Hot + CLOCK (adaptive),0.6959947916666667,0.30400520833333333,403446528.0,145.9225,145.9225,291.845,0.0,14.491785088366393,3.0,8.0,25.90816374999999,49.768711250000024,0.7596354166666667,0.18838541666666667,0.05197916666666667
results\integration-gate\traces\zh_technical.bin,zh_technical,8,2893,723,1.9989504,2170,Static Hot + LRU (adaptive),0.705953125,0.294046875,390230784.0,141.1425,141.1425,282.285,0.0,14.933746426539326,2.0,7.0,25.61828249999999,49.45673250000004,0.7709375,0.1803125,0.04875
results\integration-gate\traces\zh_technical.bin,zh_technical,8,2893,723,1.9989504,2170,Frequency promotion (adaptive),0.7020651041666667,0.2979348958333333,395390592.0,97.385,97.385,194.77,0.0,21.788328968112697,3.0,7.0,25.52304999999999,48.90870500000004,0.770625,0.186953125,0.042421875
results\integration-gate\traces\zh_technical.bin,zh_technical,8,2893,723,1.9989504,2170,Hybrid policy (adaptive),0.6988098958333333,0.30119010416666664,338511744.0,122.43625,122.43625,244.8725,22.135,17.35574563419426,3.0,8.0,25.15708143749999,46.56572212500001,0.757578125,0.186953125,0.05546875
results\integration-gate\traces\zh_technical.bin,zh_technical,8,2893,1446,3.9979008,1447,Static Hot + CLOCK (adaptive),0.6740911458333333,0.32590885416666665,432514944.0,156.43625,156.43625,312.8725,0.0,9.308791418253927,3.0,8.0,26.45684124999999,49.74627500000004,0.7273177083333333,0.21341145833333333,0.059270833333333335
results\integration-gate\traces\zh_technical.bin,zh_technical,8,2893,1446,3.9979008,1447,Static Hot + LRU (adaptive),0.6807682291666667,0.3192317708333333,423653760.0,153.23125,153.23125,306.4625,0.0,9.484362023249954,3.0,8.0,26.293277499999988,49.72682000000003,0.736015625,0.20684895833333333,0.05713541666666667
results\integration-gate\traces\zh_technical.bin,zh_technical,8,2893,1446,3.9979008,1447,Frequency promotion (adaptive),0.6729739583333333,0.32702604166666666,433997568.0,113.28,113.28,226.56,0.0,13.13534140090594,3.0,8.0,26.71564124999999,49.447688750000005,0.7295572916666667,0.21700520833333334,0.0534375
results\integration-gate\traces\zh_technical.bin,zh_technical,8,2893,1446,3.9979008,1447,Hybrid policy (adaptive),0.6739375,0.3260625,372245760.0,134.6375,134.6375,269.275,21.8725,10.819956798151642,3.0,8.0,25.792911812499995,46.60175312500001,0.7248177083333334,0.21182291666666667,0.063359375
results\integration-gate\traces\zh_technical.bin,zh_technical,8,2893,2170,5.999616,723,Static Hot + CLOCK (adaptive),0.625828125,0.374171875,496564992.0,179.6025,179.6025,359.205,0.0,4.210861751922434,3.0,8.0,28.345148749999993,50.415231250000026,0.6488802083333334,0.278828125,0.07229166666666667
results\integration-gate\traces\zh_technical.bin,zh_technical,8,2893,2170,5.999616,723,Static Hot + LRU (adaptive),0.6321692708333333,0.36783072916666665,488149632.0,176.55875,176.55875,353.1175,0.0,4.277968509939137,3.0,8.0,28.140132499999993,50.07542375000002,0.659609375,0.26971354166666667,0.07067708333333333
results\integration-gate\traces\zh_technical.bin,zh_technical,8,2893,2170,5.999616,723,Frequency promotion (adaptive),0.631046875,0.368953125,489639168.0,135.47875,135.47875,270.9575,0.0,5.733278736136366,3.0,8.0,28.109051249999993,49.869016250000016,0.65953125,0.275234375,0.065234375
results\integration-gate\traces\zh_technical.bin,zh_technical,8,2893,2170,5.999616,723,Hybrid policy (adaptive),0.6309088541666666,0.36909114583333336,427576320.0,154.65,154.65,309.3,22.51375,4.863364200237446,3.0,8.0,26.97948424999999,46.78563625,0.655234375,0.2730208333333333,0.07174479166666667
results\integration-gate\traces\zh_technical.bin,zh_technical,10,3616,0,0.0,3616,LRU,0.787640625,0.212359375,281822976.0,101.9325,101.9325,203.865,0.0,32.404212075010975,2.0,6.0,23.29527249999999,47.23207125000002,0.8748697916666667,0.10200520833333333,0.023125
results\integration-gate\traces\zh_technical.bin,zh_technical,10,3616,0,0.0,3616,CLOCK,0.7777890625,0.2222109375,294897024.0,106.66125,106.66125,213.3225,0.0,31.196550992875153,2.0,6.0,23.485732499999987,47.04112750000002,0.8649479166666667,0.11158854166666667,0.023463541666666667
results\integration-gate\traces\zh_technical.bin,zh_technical,10,3616,0,0.0,3616,LFU,0.4311484375,0.5688515625,754925184.0,273.04875,273.04875,546.0975,0.0,13.94324413415267,6.0,10.0,37.23798875000001,60.373319999999985,0.33026041666666667,0.395234375,0.2745052083333333
results\integration-gate\traces\zh_technical.bin,zh_technical,10,3616,3616,9.9975168,0,Static Hot (universal),0.4403515625,0.5596484375,742711680.0,0.0,0.0,0.0,0.0,0.0,6.0,10.0,37.001885,57.638352499999996,0.3553385416666667,0.3704427083333333,0.27421875
results\integration-gate\traces\zh_technical.bin,zh_technical,10,3616,1808,4.9987584,1808,Static Hot + CLOCK (universal),0.720109375,0.279890625,371443968.0,134.3475,134.3475,268.695,0.0,13.396946194606443,2.0,7.0,25.247723749999988,48.96284124999999,0.7927864583333334,0.16565104166666667,0.0415625
results\integration-gate\traces\zh_technical.bin,zh_technical,10,3616,1808,4.9987584,1808,Static Hot + LRU (universal),0.7284401041666667,0.27155989583333334,360388224.0,130.34875,130.34875,260.6975,0.0,13.766736768816427,2.0,7.0,25.079962499999986,48.945717500000036,0.8034114583333334,0.1559375,0.040651041666666665
results\integration-gate\traces\zh_technical.bin,zh_technical,10,3616,1808,4.9987584,1808,Frequency promotion (universal),0.72165625,0.27834375,369391104.0,91.41375,91.41375,182.8275,0.0,20.088659267763745,2.0,7.0,24.98892874999999,48.465128750000034,0.8007552083333334,0.16330729166666666,0.0359375
results\integration-gate\traces\zh_technical.bin,zh_technical,10,3616,1808,4.9987584,1808,Hybrid policy (universal),0.7206666666666667,0.2793333333333333,323174016.0,116.88875,116.88875,233.7775,17.19125,15.373552418296178,2.0,7.0,24.85409337499999,46.23643787500002,0.7902604166666667,0.16434895833333332,0.045390625
results\integration-gate\traces\zh_technical.bin,zh_technical,10,3616,3616,9.9975168,0,Static Hot (adaptive),0.4979895833333333,0.5020104166666667,666220032.0,0.0,0.0,0.0,0.0,0.0,5.0,9.0,33.473715000000006,58.431715,0.441015625,0.37140625,0.187578125
results\integration-gate\traces\zh_technical.bin,zh_technical,10,3616,1808,4.9987584,1808,Static Hot + CLOCK (adaptive),0.7307526041666667,0.26924739583333335,357319296.0,129.23875,129.23875,258.4775,0.0,14.064687080941038,2.0,7.0,24.92058999999999,47.93707875000001,0.8089583333333333,0.16,0.031041666666666665
results\integration-gate\traces\zh_technical.bin,zh_technical,10,3616,1808,4.9987584,1808,Static Hot + LRU (adaptive),0.7380833333333333,0.2619166666666667,347590656.0,125.72,125.72,251.44,0.0,14.39908923934891,2.0,7.0,24.70521249999999,48.09592499999998,0.816796875,0.15307291666666667,0.030130208333333332
results\integration-gate\traces\zh_technical.bin,zh_technical,10,3616,1808,4.9987584,1808,Frequency promotion (adaptive),0.7324479166666666,0.26755208333333336,355069440.0,85.77,85.77,171.54,0.0,21.527981964460444,2.0,7.0,24.60381249999999,47.71055,0.816640625,0.15645833333333334,0.026901041666666667
results\integration-gate\traces\zh_technical.bin,zh_technical,10,3616,1808,4.9987584,1808,Hybrid policy (adaptive),0.7322083333333333,0.26779166666666665,314796672.0,113.85875,113.85875,227.7175,14.68125,15.91404761482768,2.0,7.0,24.609982499999987,45.950089875000025,0.807265625,0.15825520833333334,0.034479166666666665
results\integration-gate\traces\zh_technical.bin,zh_technical,12,4340,0,0.0,4340,LRU,0.8268828125,0.1731171875,229744512.0,83.09625,83.09625,166.1925,0.0,47.081675530168745,1.0,5.0,22.75695499999999,46.42424375000001,0.916328125,0.070078125,0.01359375
results\integration-gate\traces\zh_technical.bin,zh_technical,12,4340,0,0.0,4340,CLOCK,0.8185859375,0.1814140625,240755328.0,87.07875,87.07875,174.1575,0.0,44.87865070093458,1.0,6.0,22.87290749999999,46.300185000000035,0.9099739583333334,0.07611979166666667,0.01390625
results\integration-gate\traces\zh_technical.bin,zh_technical,12,4340,0,0.0,4340,LFU,0.497375,0.502625,667035648.0,241.26,241.26,482.52,0.0,19.235369855419748,5.0,9.0,33.699450000000006,59.49339749999998,0.43247395833333335,0.37786458333333334,0.18966145833333334
results\integration-gate\traces\zh_technical.bin,zh_technical,12,4340,4340,11.999232,0,Static Hot (universal),0.4921510416666667,0.5078489583333333,673968384.0,0.0,0.0,0.0,0.0,0.0,5.0,9.0,34.22124624999999,56.24412124999999,0.4318489583333333,0.35953125,0.20861979166666667
results\integration-gate\traces\zh_technical.bin,zh_technical,12,4340,2170,5.999616,2170,Static Hot + CLOCK (universal),0.7696848958333333,0.23031510416666667,305652096.0,110.55125,110.55125,221.1025,0.0,19.45979427717179,2.0,6.0,23.959903749999995,47.461396250000035,0.8595833333333334,0.11708333333333333,0.023333333333333334
results\integration-gate\traces\zh_technical.bin,zh_technical,12,4340,2170,5.999616,2170,Static Hot + LRU (universal),0.7792786458333333,0.22072135416666666,292920192.0,105.94625,105.94625,211.8925,0.0,20.176606746176404,2.0,6.0,23.707276249999993,47.19343125000004,0.8680989583333333,0.1103125,0.021588541666666666
results\integration-gate\traces\zh_technical.bin,zh_technical,12,4340,2170,5.999616,2170,Frequency promotion (universal),0.7755052083333334,0.22449479166666667,297927936.0,66.785,66.785,133.57,0.0,32.44070351918055,2.0,6.0,23.60168499999999,46.69868875,0.8721354166666667,0.11114583333333333,0.01671875
results\integration-gate\traces\zh_technical.bin,zh_technical,12,4340,2170,5.999616,2170,Hybrid policy (universal),0.7747682291666667,0.22523177083333334,266329728.0,96.32875,96.32875,192.6575,11.7825,22.194479685614382,2.0,6.0,23.63164799999999,45.88805675000003,0.86015625,0.11450520833333333,0.025338541666666665
results\integration-gate\traces\zh_technical.bin,zh_technical,12,4340,4340,11.999232,0,Static Hot (adaptive),0.5488515625,0.4511484375,598720896.0,0.0,0.0,0.0,0.0,0.0,4.0,9.0,31.088546249999993,57.598424999999985,0.52625,0.32440104166666667,0.14934895833333334
results\integration-gate\traces\zh_technical.bin,zh_technical,12,4340,2170,5.999616,2170,Static Hot + CLOCK (adaptive),0.7822005208333334,0.21779947916666667,289042560.0,104.54375,104.54375,209.0875,0.0,20.72360131996401,2.0,6.0,23.580962499999988,46.67039250000002,0.8753125,0.10872395833333333,0.015963541666666668
results\integration-gate\traces\zh_technical.bin,zh_technical,12,4340,2170,5.999616,2170,Static Hot + LRU (adaptive),0.79103125,0.20896875,277323264.0,100.305,100.305,200.61,0.0,21.436795448147965,2.0,6.0,23.42158624999999,46.45033875,0.8845572916666666,0.10088541666666667,0.014557291666666666
results\integration-gate\traces\zh_technical.bin,zh_technical,12,4340,2170,5.999616,2170,Frequency promotion (adaptive),0.7836692708333334,0.21633072916666668,287093376.0,62.22,62.22,124.44,0.0,35.282757345827456,2.0,6.0,23.46500999999999,46.27565875000002,0.8831770833333333,0.10372395833333334,0.013098958333333334
results\integration-gate\traces\zh_technical.bin,zh_technical,12,4340,2170,5.999616,2170,Hybrid policy (adaptive),0.784828125,0.215171875,258588288.0,93.52875,93.52875,187.0575,9.75375,23.001654050798468,2.0,6.0,23.42529368749999,45.46756200000002,0.8744791666666667,0.10684895833333333,0.018671875
results\integration-gate\traces\en_technical.bin,en_technical,2,723,0,0.0,723,LRU,0.3921953125,0.6078046875,806620032.0,291.74625,291.74625,583.4925,0.0,2.3898235191299495,6.0,10.0,39.54669625000002,59.78374000000001,0.30052083333333335,0.36921875,0.33026041666666667
results\integration-gate\traces\en_technical.bin,en_technical,2,723,0,0.0,723,CLOCK,0.38314583333333335,0.6168541666666667,818629632.0,296.09,296.09,592.18,0.0,2.3570872788756043,6.0,10.0,39.85730875,60.52618999999999,0.2879947916666667,0.36638020833333335,0.345625
results\integration-gate\traces\en_technical.bin,en_technical,2,723,0,0.0,723,LFU,0.020846354166666668,0.9791536458333333,1299438720.0,469.99375,469.99375,939.9875,0.0,1.5518089178519587,10.0,10.0,59.85709499999994,67.6032,0.004557291666666667,0.020625,0.9748177083333334
results\integration-gate\traces\en_technical.bin,en_technical,2,723,723,1.9989504,0,Static Hot (universal),0.20583072916666667,0.7941692708333333,1053945216.0,0.0,0.0,0.0,0.0,0.0,8.0,10.0,48.99886749999999,63.09156374999999,0.07315104166666667,0.27794270833333334,0.64890625
results\integration-gate\traces\en_technical.bin,en_technical,2,723,361,0.9980928,362,Static Hot + CLOCK (universal),0.15402083333333333,0.8459791666666666,1122702336.0,406.07,406.07,812.14,0.0,0.9090226454781895,9.0,10.0,52.57270374999997,64.85818874999997,0.046302083333333334,0.2,0.7536979166666666
results\integration-gate\traces\en_technical.bin,en_technical,2,723,361,0.9980928,362,Static Hot + LRU (universal),0.14930729166666667,0.8506927083333333,1128957696.0,408.3325,408.3325,816.665,0.0,0.9046502684153245,9.0,10.0,52.66791874999997,64.85818874999997,0.042317708333333336,0.19455729166666666,0.763125
results\integration-gate\traces\en_technical.bin,en_technical,2,723,361,0.9980928,362,Frequency promotion (universal),0.2566328125,0.7433671875,986525568.0,312.51375,312.51375,625.0275,0.0,1.1986150451185509,8.0,10.0,45.49952999999999,64.42887875,0.13143229166666667,0.31677083333333333,0.551796875
results\integration-gate\traces\en_technical.bin,en_technical,2,723,361,0.9980928,362,Hybrid policy (universal),0.3022005208333333,0.6977994791666666,724602240.0,262.08125,262.08125,524.1625,72.8625,1.4093670301130115,7.0,10.0,35.477205312500004,57.82937124999997,0.15833333333333333,0.38088541666666664,0.46078125
results\integration-gate\traces\en_technical.bin,en_technical,2,723,723,1.9989504,0,Static Hot (adaptive),0.19705208333333332,0.8029479166666667,1065595392.0,0.0,0.0,0.0,0.0,0.0,9.0,10.0,49.55790999999998,63.79298624999998,0.06127604166666667,0.2677083333333333,0.671015625
results\integration-gate\traces\en_technical.bin,en_technical,2,723,361,0.9980928,362,Static Hot + CLOCK (adaptive),0.14694791666666668,0.8530520833333334,1132088832.0,409.465,409.465,818.93,0.0,0.9073057443020833,9.0,10.0,52.85222249999997,65.10312499999999,0.04046875,0.19026041666666665,0.7692708333333333
results\integration-gate\traces\en_technical.bin,en_technical,2,723,361,0.9980928,362,Static Hot + LRU (adaptive),0.14338541666666665,0.8566145833333333,1136816640.0,411.175,411.175,822.35,0.0,0.9029971327542278,9.0,10.0,52.85222249999997,65.10312499999999,0.03760416666666667,0.18580729166666668,0.7765885416666667
results\integration-gate\traces\en_technical.bin,en_technical,2,723,361,0.9980928,362,Frequency promotion (adaptive),0.24644010416666667,0.7535598958333334,1000052352.0,317.3825,317.3825,634.765,0.0,1.1875144449154442,8.0,10.0,46.373392499999994,64.81272249999999,0.122265625,0.30807291666666664,0.5696614583333334
results\integration-gate\traces\en_technical.bin,en_technical,2,723,361,0.9980928,362,Hybrid policy (adaptive),0.2972734375,0.7027265625,729164160.0,263.73125,263.73125,527.4625,73.5775,1.4049486404990437,7.0,10.0,35.62583525000001,57.95615749999998,0.15190104166666665,0.378828125,0.46927083333333336
results\integration-gate\traces\en_technical.bin,en_technical,4,1446,0,0.0,1446,LRU,0.5712526041666667,0.4287473958333333,568992384.0,205.79875,205.79875,411.5975,0.0,6.630367130697747,4.0,9.0,30.62275874999999,54.602688750000006,0.5786197916666667,0.2784114583333333,0.14296875
results\integration-gate\traces\en_technical.bin,en_technical,4,1446,0,0.0,1446,CLOCK,0.5592994791666667,0.44070052083333333,584855424.0,211.53625,211.53625,423.0725,0.0,6.462816157991639,4.0,9.0,31.030569999999997,54.73897374999999,0.5587239583333333,0.291484375,0.14979166666666666
results\integration-gate\traces\en_technical.bin,en_technical,4,1446,0,0.0,1446,LFU,0.14496354166666667,0.8550364583333333,1134722304.0,410.4175,410.4175,820.835,0.0,3.609024499613501,9.0,10.0,53.01577624999997,64.78761374999998,0.018463541666666666,0.19065104166666666,0.7908854166666667
results\integration-gate\traces\en_technical.bin,en_technical,4,1446,1446,3.9979008,0,Static Hot (universal),0.3075026041666667,0.6924973958333334,919016064.0,0.0,0.0,0.0,0.0,0.0,7.0,10.0,43.5221675,60.458068749999995,0.16872395833333334,0.369609375,0.46166666666666667
results\integration-gate\traces\en_technical.bin,en_technical,4,1446,723,1.9989504,723,Static Hot + CLOCK (universal),0.5111770833333333,0.48882291666666666,648718848.0,234.635,234.635,469.27,0.0,3.0468989043376533,5.0,9.0,33.324704999999994,55.25544,0.476015625,0.3384375,0.185546875
results\integration-gate\traces\en_technical.bin,en_technical,4,1446,723,1.9989504,723,Static Hot + LRU (universal),0.5236927083333334,0.4763072916666667,632109312.0,228.6275,228.6275,457.255,0.0,3.115905829299787,5.0,9.0,32.5172325,54.991141250000005,0.499765625,0.3213020833333333,0.17893229166666666
results\integration-gate\traces\en_technical.bin,en_technical,4,1446,723,1.9989504,723,Frequency promotion (universal),0.5135234375,0.4864765625,645604992.0,190.0675,190.0675,380.135,0.0,3.8190920549727574,5.0,9.0,33.25636499999999,54.81073625000002,0.4797135416666667,0.338671875,0.18161458333333333
results\integration-gate\traces\en_technical.bin,en_technical,4,1446,723,1.9989504,723,Hybrid policy (universal),0.511171875,0.488828125,519004800.0,187.71875,187.71875,375.4375,46.91875,3.8336787816120057,5.0,9.0,29.7593750625,48.69153625000001,0.47705729166666666,0.32752604166666666,0.19541666666666666
results\integration-gate\traces\en_technical.bin,en_technical,4,1446,1446,3.9979008,0,Static Hot (adaptive),0.2896770833333333,0.7103229166666667,942672384.0,0.0,0.0,0.0,0.0,0.0,7.0,10.0,44.7189525,61.67337874999999,0.14549479166666668,0.36497395833333335,0.48953125
results\integration-gate\traces\en_technical.bin,en_technical,4,1446,723,1.9989504,723,Static Hot + CLOCK (adaptive),0.5076354166666667,0.4923645833333333,653419008.0,236.335,236.335,472.67,0.0,3.038847698405019,5.0,9.0,33.38885499999999,55.13316249999999,0.4691666666666667,0.3444010416666667,0.18643229166666667
results\integration-gate\traces\en_technical.bin,en_technical,4,1446,723,1.9989504,723,Static Hot + LRU (adaptive),0.5203151041666667,0.47968489583333335,636591744.0,230.24875,230.24875,460.4975,0.0,3.107981365858277,5.0,9.0,32.751112500000005,55.07841625,0.493515625,0.32625,0.180234375
results\integration-gate\traces\en_technical.bin,en_technical,4,1446,723,1.9989504,723,Frequency promotion (adaptive),0.50909375,0.49090625,651483648.0,192.17625,192.17625,384.3525,0.0,3.7982309353137795,5.0,9.0,33.53169375,54.6791125,0.472421875,0.34479166666666666,0.18278645833333335
results\integration-gate\traces\en_technical.bin,en_technical,4,1446,723,1.9989504,723,Hybrid policy (adaptive),0.5065364583333334,0.49346354166666667,524230272.0,189.60875,189.60875,379.2175,47.25375,3.8129179356753604,5.0,9.0,29.853520749999994,48.86293962500002,0.46903645833333335,0.3343229166666667,0.196640625
results\integration-gate\traces\en_technical.bin,en_technical,6,2170,0,0.0,2170,LRU,0.6585130208333333,0.34148697916666665,453188736.0,163.91375,163.91375,327.8275,0.0,12.737855374611382,3.0,8.0,27.069665,52.02516125000002,0.7071354166666667,0.20966145833333333,0.083203125
results\integration-gate\traces\en_technical.bin,en_technical,6,2170,0,0.0,2170,CLOCK,0.6497473958333333,0.35025260416666665,464821632.0,168.12125,168.12125,336.2425,0.0,12.368959025834961,3.0,8.0,27.200174999999987,52.153895000000006,0.6955989583333333,0.218515625,0.08588541666666667
results\integration-gate\traces\en_technical.bin,en_technical,6,2170,0,0.0,2170,LFU,0.2989322916666667,0.7010677083333333,930389760.0,336.5125,336.5125,673.025,0.0,6.600491471909712,7.0,10.0,43.87617,61.12257624999999,0.137421875,0.400390625,0.4621875
results\integration-gate\traces\en_technical.bin,en_technical,6,2170,2170,5.999616,0,Static Hot (universal),0.3921119791666667,0.6078880208333334,806730624.0,0.0,0.0,0.0,0.0,0.0,6.0,10.0,39.300225,58.45048374999999,0.27455729166666665,0.4049479166666667,0.32049479166666667
results\integration-gate\traces\en_technical.bin,en_technical,6,2170,1085,2.999808,1085,Static Hot + CLOCK (universal),0.60815625,0.39184375,520017408.0,188.085,188.085,376.17,0.0,5.701470457903808,4.0,9.0,29.37417249999999,52.49200000000001,0.632734375,0.257734375,0.10953125
results\integration-gate\traces\en_technical.bin,en_technical,6,2170,1085,2.999808,1085,Static Hot + LRU (universal),0.6139609375,0.3860390625,512313984.0,185.29875,185.29875,370.5975,0.0,5.780876937544818,3.0,9.0,29.121541249999993,52.22215375,0.6404427083333334,0.25158854166666667,0.10796875
results\integration-gate\traces\en_technical.bin,en_technical,6,2170,1085,2.999808,1085,Frequency promotion (universal),0.6046744791666666,0.39532552083333333,524638080.0,147.25125,147.25125,294.5025,0.0,7.522799683661427,4.0,9.0,29.374166249999995,52.16801374999999,0.6263020833333334,0.2658333333333333,0.10786458333333333
results\integration-gate\traces\en_technical.bin,en_technical,6,2170,1085,2.999808,1085,Hybrid policy (universal),0.60403125,0.39596875,428229504.0,154.88625,154.88625,309.7725,35.17875,6.982598547606125,4.0,9.0,27.376482937499997,47.20977787500002,0.6224479166666667,0.25604166666666667,0.12151041666666666
results\integration-gate\traces\en_technical.bin,en_technical,6,2170,2170,5.999616,0,Static Hot (adaptive),0.3687734375,0.6312265625,837703296.0,0.0,0.0,0.0,0.0,0.0,6.0,10.0,40.55917624999999,59.72268124999998,0.24942708333333333,0.3938802083333333,0.35669270833333333
results\integration-gate\traces\en_technical.bin,en_technical,6,2170,1085,2.999808,1085,Static Hot + CLOCK (adaptive),0.6035208333333333,0.39647916666666666,526169088.0,190.31,190.31,380.62,0.0,5.694118440932019,4.0,9.0,29.37835874999999,52.42332249999999,0.6251302083333333,0.2645572916666667,0.1103125
results\integration-gate\traces\en_technical.bin,en_technical,6,2170,1085,2.999808,1085,Static Hot + LRU (adaptive),0.6093177083333333,0.3906822916666667,518476032.0,187.5275,187.5275,375.055,0.0,5.751212642640409,4.0,9.0,29.082314999999987,52.27332000000002,0.632734375,0.2586979166666667,0.10856770833333333
results\integration-gate\traces\en_technical.bin,en_technical,6,2170,1085,2.999808,1085,Frequency promotion (adaptive),0.5999088541666666,0.40009114583333333,530962560.0,149.51125,149.51125,299.0225,0.0,7.461680614634282,4.0,9.0,29.573013749999987,52.17455,0.618828125,0.27260416666666665,0.10856770833333333
results\integration-gate\traces\en_technical.bin,en_technical,6,2170,1085,2.999808,1085,Hybrid policy (adaptive),0.5988984375,0.4011015625,434374272.0,157.10875,157.10875,314.2175,35.42,6.923775064121866,4.0,9.0,27.547264312499998,47.39815999999999,0.6140364583333333,0.2624739583333333,0.12348958333333333
results\integration-gate\traces\en_technical.bin,en_technical,8,2893,0,0.0,2893,LRU,0.7216744791666667,0.27832552083333334,369366912.0,133.59625,133.59625,267.1925,0.0,20.84846308852861,2.0,7.0,25.032349999999987,49.32973250000002,0.7921875,0.15841145833333334,0.049401041666666666
results\integration-gate\traces\en_technical.bin,en_technical,8,2893,0,0.0,2893,CLOCK,0.7161588541666667,0.2838411458333333,376686720.0,136.24375,136.24375,272.4875,0.0,20.366167826047985,2.0,7.0,25.127577499999994,49.482285,0.78796875,0.163671875,0.048359375
results\integration-gate\traces\en_technical.bin,en_technical,8,2893,0,0.0,2893,LFU,0.40010677083333335,0.5998932291666667,796120704.0,287.94875,287.94875,575.8975,0.0,10.35041356024451,6.0,10.0,39.10976625000001,58.90611874999998,0.28174479166666666,0.4092708333333333,0.308984375
results\integration-gate\traces\en_technical.bin,en_technical,8,2893,2893,7.9985664,0,Static Hot (universal),0.46453125,0.53546875,710622720.0,0.0,0.0,0.0,0.0,0.0,5.0,9.0,35.55470625000001,56.55051124999997,0.38763020833333334,0.38046875,0.23190104166666667
results\integration-gate\traces\en_technical.bin,en_technical,8,2893,0,0.0,2893,Static Hot + CLOCK (universal),0.7161588541666667,0.2838411458333333,376686720.0,136.24375,136.24375,272.4875,0.0,20.366167826047985,2.0,7.0,25.127577499999994,49.482285,0.78796875,0.163671875,0.048359375
results\integration-gate\traces\en_technical.bin,en_technical,8,2893,0,0.0,2893,Static Hot + LRU (universal),0.7216744791666667,0.27832552083333334,369366912.0,133.59625,133.59625,267.1925,0.0,20.84846308852861,2.0,7.0,25.032349999999987,49.32973250000002,0.7921875,0.15841145833333334,0.049401041666666666
results\integration-gate\traces\en_technical.bin,en_technical,8,2893,0,0.0,2893,Frequency promotion (universal),0.7128151041666667,0.28718489583333334,381124224.0,92.91125,92.91125,185.8225,0.0,30.320624820629465,2.0,7.0,25.22699999999999,48.906563750000046,0.7864322916666666,0.17028645833333333,0.04328125
results\integration-gate\traces\en_technical.bin,en_technical,8,2893,0,0.0,2893,Hybrid policy (universal),0.7120989583333334,0.2879010416666667,308275200.0,111.5,111.5,223.0,26.6925,24.969689322321642,2.0,8.0,24.821814312499995,46.77360975000002,0.7737760416666667,0.16484375,0.06138020833333333
results\integration-gate\traces\en_technical.bin,en_technical,8,2893,723,1.9989504,2170,Static Hot + CLOCK (universal),0.6997578125,0.3002421875,398452608.0,144.11625,144.11625,288.2325,0.0,14.753488036627585,3.0,8.0,25.80873999999999,49.72727875000001,0.7651302083333333,0.178671875,0.05619791666666667
results\integration-gate\traces\en_technical.bin,en_technical,8,2893,723,1.9989504,2170,Static Hot + LRU (universal),0.7061432291666667,0.29385677083333334,389978496.0,141.05125,141.05125,282.1025,0.0,15.057418670857409,2.0,8.0,25.481604999999995,49.961014999999996,0.7741927083333333,0.17015625,0.055651041666666665
results\integration-gate\traces\en_technical.bin,en_technical,8,2893,723,1.9989504,2170,Frequency promotion (universal),0.6947291666666666,0.3052708333333333,405126144.0,103.08875,103.08875,206.1775,0.0,21.187604532633976,3.0,8.0,25.823293749999987,49.56580000000002,0.7619270833333334,0.18684895833333334,0.05122395833333333
results\integration-gate\traces\en_technical.bin,en_technical,8,2893,723,1.9989504,2170,Hybrid policy (universal),0.6955703125,0.3044296875,330832512.0,119.65875,119.65875,239.3175,26.4675,17.848450966738234,2.0,8.0,25.273534374999993,46.72548012499998,0.7531510416666667,0.17908854166666666,0.06776041666666667
results\integration-gate\traces\en_technical.bin,en_technical,8,2893,1446,3.9979008,1447,Static Hot + CLOCK (universal),0.6766119791666667,0.32338802083333335,429169536.0,155.22625,155.22625,310.4525,0.0,9.365432405297744,3.0,8.0,26.93101124999999,50.02277250000002,0.7325520833333333,0.199296875,0.06815104166666666
results\integration-gate\traces\en_technical.bin,en_technical,8,2893,1446,3.9979008,1447,Static Hot + LRU (universal),0.682328125,0.317671875,421583616.0,152.4825,152.4825,304.965,0.0,9.548021986627578,3.0,8.0,26.783974999999995,50.11897000000002,0.7390104166666667,0.19447916666666668,0.06651041666666667
results\integration-gate\traces\en_technical.bin,en_technical,8,2893,1446,3.9979008,1447,Frequency promotion (universal),0.6712109375,0.3287890625,436337280.0,116.31375,116.31375,232.6275,0.0,12.911521603852707,3.0,8.0,26.910291249999993,49.83642875000002,0.7271354166666667,0.2078125,0.06505208333333333
results\integration-gate\traces\en_technical.bin,en_technical,8,2893,1446,3.9979008,1447,Hybrid policy (universal),0.6728880208333333,0.3271119791666667,361656576.0,130.8075,130.8075,261.615,26.20625,11.102389618890362,3.0,8.0,25.778681999999996,46.62447537499999,0.7215364583333334,0.20028645833333333,0.07817708333333333
results\integration-gate\traces\en_technical.bin,en_technical,8,2893,2170,5.999616,723,Static Hot + CLOCK (universal),0.6379609375,0.3620390625,480463488.0,173.77875,173.77875,347.5575,0.0,4.255208456101892,3.0,8.0,27.79227249999999,50.78395375000003,0.6753385416666666,0.24177083333333332,0.082890625
results\integration-gate\traces\en_technical.bin,en_technical,8,2893,2170,5.999616,723,Static Hot + LRU (universal),0.6423828125,0.3576171875,474595200.0,171.65625,171.65625,343.3125,0.0,4.305264359489555,3.0,8.0,27.792274999999986,50.542263750000004,0.682109375,0.23526041666666667,0.08263020833333333
results\integration-gate\traces\en_technical.bin,en_technical,8,2893,2170,5.999616,723,Frequency promotion (universal),0.6348984375,0.3651015625,484527744.0,135.8075,135.8075,271.615,0.0,5.650787707491443,3.0,8.0,27.891699999999993,50.322362500000025,0.671640625,0.248984375,0.079375
results\integration-gate\traces\en_technical.bin,en_technical,8,2893,2170,5.999616,723,Hybrid policy (universal),0.6367604166666667,0.36323958333333334,410959872.0,148.64,148.64,297.28,25.715,4.971600116538864,3.0,8.0,26.790144999999992,46.916688750000034,0.670234375,0.24072916666666666,0.08903645833333333
results\integration-gate\traces\en_technical.bin,en_technical,8,2893,2893,7.9985664,0,Static Hot (adaptive),0.438890625,0.561109375,744650496.0,0.0,0.0,0.0,0.0,0.0,6.0,10.0,36.72656500000001,58.31673874999999,0.3534114583333333,0.379921875,0.26666666666666666
results\integration-gate\traces\en_technical.bin,en_technical,8,2893,0,0.0,2893,Static Hot + CLOCK (adaptive),0.7161588541666667,0.2838411458333333,376686720.0,136.24375,136.24375,272.4875,0.0,20.366167826047985,2.0,7.0,25.127577499999994,49.482285,0.78796875,0.163671875,0.048359375
results\integration-gate\traces\en_technical.bin,en_technical,8,2893,0,0.0,2893,Static Hot + LRU (adaptive),0.7216744791666667,0.27832552083333334,369366912.0,133.59625,133.59625,267.1925,0.0,20.84846308852861,2.0,7.0,25.032349999999987,49.32973250000002,0.7921875,0.15841145833333334,0.049401041666666666
results\integration-gate\traces\en_technical.bin,en_technical,8,2893,0,0.0,2893,Frequency promotion (adaptive),0.7128151041666667,0.28718489583333334,381124224.0,92.91125,92.91125,185.8225,0.0,30.320624820629465,2.0,7.0,25.22699999999999,48.906563750000046,0.7864322916666666,0.17028645833333333,0.04328125
results\integration-gate\traces\en_technical.bin,en_technical,8,2893,0,0.0,2893,Hybrid policy (adaptive),0.7120989583333334,0.2879010416666667,308275200.0,111.5,111.5,223.0,26.6925,24.969689322321642,2.0,8.0,24.821814312499995,46.77360975000002,0.7737760416666667,0.16484375,0.06138020833333333
results\integration-gate\traces\en_technical.bin,en_technical,8,2893,723,1.9989504,2170,Static Hot + CLOCK (adaptive),0.698265625,0.301734375,400432896.0,144.8325,144.8325,289.665,0.0,14.698610657568603,3.0,8.0,25.860548749999992,49.72549750000001,0.764609375,0.17984375,0.055546875
results\integration-gate\traces\en_technical.bin,en_technical,8,2893,723,1.9989504,2170,Static Hot + LRU (adaptive),0.7045338541666667,0.29546614583333336,392114304.0,141.82375,141.82375,283.6475,0.0,15.026557236715512,2.0,8.0,25.576834999999996,49.90887750000003,0.7724479166666667,0.17190104166666667,0.055651041666666665
results\integration-gate\traces\en_technical.bin,en_technical,8,2893,723,1.9989504,2170,Frequency promotion (adaptive),0.693078125,0.306921875,407317248.0,103.86375,103.86375,207.7275,0.0,21.06004985145398,3.0,8.0,25.825271249999993,49.37161875,0.7600520833333333,0.18864583333333335,0.05130208333333333
results\integration-gate\traces\en_technical.bin,en_technical,8,2893,723,1.9989504,2170,Hybrid policy (adaptive),0.6935989583333333,0.30640104166666665,333583488.0,120.65375,120.65375,241.3075,26.41875,17.741769602430356,3.0,8.0,25.321161749999987,46.695760375000006,0.751875,0.18067708333333332,0.06744791666666666
results\integration-gate\traces\en_technical.bin,en_technical,8,2893,1446,3.9979008,1447,Static Hot + CLOCK (adaptive),0.673578125,0.326421875,433195776.0,156.6825,156.6825,313.365,0.0,9.329301761896138,3.0,8.0,26.988991249999987,50.359685000000006,0.729765625,0.203046875,0.0671875
results\integration-gate\traces\en_technical.bin,en_technical,8,2893,1446,3.9979008,1447,Static Hot + LRU (adaptive),0.6799088541666667,0.3200911458333333,424794240.0,153.64375,153.64375,307.2875,0.0,9.511293415081692,3.0,8.0,26.72600124999999,50.267444999999995,0.7381510416666667,0.196484375,0.06536458333333334
results\integration-gate\traces\en_technical.bin,en_technical,8,2893,1446,3.9979008,1447,Frequency promotion (adaptive),0.6688229166666667,0.33117708333333334,439506432.0,117.46,117.46,234.92,0.0,12.842354312302017,3.0,8.0,26.94754374999999,50.16497499999999,0.7247135416666667,0.210859375,0.06442708333333333
results\integration-gate\traces\en_technical.bin,en_technical,8,2893,1446,3.9979008,1447,Hybrid policy (adaptive),0.6710651041666666,0.32893489583333335,364341888.0,131.77875,131.77875,263.5575,26.11,11.077717123546028,3.0,8.0,25.840347124999994,46.66390400000003,0.7223958333333333,0.20044270833333333,0.07716145833333334
results\integration-gate\traces\en_technical.bin,en_technical,8,2893,2170,5.999616,723,Static Hot + CLOCK (adaptive),0.6279479166666667,0.37205208333333334,493751808.0,178.585,178.585,357.17,0.0,4.213098415893577,3.0,8.0,28.057239999999993,51.23847374999999,0.661796875,0.25158854166666667,0.08661458333333333
results\integration-gate\traces\en_technical.bin,en_technical,8,2893,2170,5.999616,723,Static Hot + LRU (adaptive),0.6320442708333334,0.3679557291666667,488315520.0,176.61875,176.61875,353.2375,0.0,4.257740222178981,3.0,8.0,27.986929999999987,51.090671250000014,0.6683333333333333,0.24497395833333332,0.08669270833333333
results\integration-gate\traces\en_technical.bin,en_technical,8,2893,2170,5.999616,723,Frequency promotion (adaptive),0.6256640625,0.3743359375,496782720.0,140.2475,140.2475,280.495,0.0,5.569163005266733,3.0,8.0,28.297529999999988,50.82795875000004,0.6605208333333333,0.2562760416666667,0.083203125
results\integration-gate\traces\en_technical.bin,en_technical,8,2893,2170,5.999616,723,Hybrid policy (adaptive),0.62671875,0.37328125,420647040.0,152.14375,152.14375,304.2875,27.03125,4.946459852679194,3.0,8.0,26.768062249999993,46.949690250000025,0.6579166666666667,0.24895833333333334,0.093125
results\integration-gate\traces\en_technical.bin,en_technical,10,3616,0,0.0,3616,LRU,0.7758255208333333,0.22417447916666666,297502848.0,107.60375,107.60375,215.2075,0.0,31.91732701677997,2.0,6.0,23.60168499999999,47.66976000000003,0.8612760416666667,0.11203125,0.026692708333333332
results\integration-gate\traces\en_technical.bin,en_technical,10,3616,0,0.0,3616,CLOCK,0.7668515625,0.2331484375,309412224.0,111.91125,111.91125,223.8225,0.0,30.779786414325788,2.0,7.0,23.829398749999996,47.810980000000015,0.8509114583333334,0.12049479166666667,0.02859375
results\integration-gate\traces\en_technical.bin,en_technical,10,3616,0,0.0,3616,LFU,0.461078125,0.538921875,715205376.0,258.6825,258.6825,517.365,0.0,14.529355068477264,5.0,9.0,35.62501250000001,57.50646874999998,0.36981770833333333,0.40893229166666667,0.22125
results\integration-gate\traces\en_technical.bin,en_technical,10,3616,3616,9.9975168,0,Static Hot (universal),0.5220182291666666,0.4779817708333333,634331520.0,0.0,0.0,0.0,0.0,0.0,5.0,9.0,32.782189999999986,55.16717750000003,0.48161458333333335,0.34653645833333335,0.17184895833333333
results\integration-gate\traces\en_technical.bin,en_technical,10,3616,1808,4.9987584,1808,Static Hot + CLOCK (universal),0.733875,0.266125,353175552.0,127.74,127.74,255.48,0.0,14.196383702348662,2.0,7.0,24.889503749999996,48.70261624999999,0.811484375,0.14877604166666666,0.039739583333333335
results\integration-gate\traces\en_technical.bin,en_technical,10,3616,1808,4.9987584,1808,Static Hot + LRU (universal),0.7377630208333333,0.26223697916666666,348015744.0,125.87375,125.87375,251.7475,0.0,14.429626097317286,2.0,7.0,24.906033749999988,48.46736749999999,0.8150520833333333,0.14484375,0.04010416666666667
results\integration-gate\traces\en_technical.bin,en_technical,10,3616,1808,4.9987584,1808,Frequency promotion (universal),0.7275651041666666,0.27243489583333336,361549440.0,90.275,90.275,180.55,0.0,20.730061879267538,2.0,7.0,25.011624999999988,48.34288250000003,0.808828125,0.15484375,0.036328125
results\integration-gate\traces\en_technical.bin,en_technical,10,3616,1808,4.9987584,1808,Hybrid policy (universal),0.73025,0.26975,304826112.0,110.2525,110.2525,220.505,19.2275,16.485890675836572,2.0,7.0,24.69965293749999,46.17703637500002,0.8007552083333334,0.15127604166666667,0.04796875
results\integration-gate\traces\en_technical.bin,en_technical,10,3616,3616,9.9975168,0,Static Hot (adaptive),0.5015338541666666,0.4984661458333333,661516416.0,0.0,0.0,0.0,0.0,0.0,5.0,9.0,33.59806,56.82985999999998,0.4490885416666667,0.355234375,0.19567708333333333
results\integration-gate\traces\en_technical.bin,en_technical,10,3616,1808,4.9987584,1808,Static Hot + CLOCK (adaptive),0.730296875,0.269703125,357924096.0,129.4575,129.4575,258.915,0.0,14.11521399804512,2.0,7.0,24.86878124999999,48.677946250000005,0.809375,0.15114583333333334,0.03947916666666667
results\integration-gate\traces\en_technical.bin,en_technical,10,3616,1808,4.9987584,1808,Static Hot + LRU (adaptive),0.73503125,0.26496875,351641088.0,127.185,127.185,254.37,0.0,14.337337969599474,2.0,7.0,24.87914124999999,48.677946250000005,0.8143489583333333,0.146015625,0.039635416666666666
results\integration-gate\traces\en_technical.bin,en_technical,10,3616,1808,4.9987584,1808,Frequency promotion (adaptive),0.724421875,0.275578125,365720832.0,91.74625,91.74625,183.4925,0.0,20.499524132981804,2.0,7.0,24.990902499999994,48.522086249999994,0.8052083333333333,0.15828125,0.03651041666666666
results\integration-gate\traces\en_technical.bin,en_technical,10,3616,1808,4.9987584,1808,Hybrid policy (adaptive),0.7266432291666667,0.2733567708333333,309529728.0,111.95375,111.95375,223.9075,19.2575,16.331108425278263,2.0,7.0,24.73493162499999,46.212388750000024,0.7981510416666666,0.15333333333333332,0.048515625
results\integration-gate\traces\en_technical.bin,en_technical,12,4340,0,0.0,4340,LRU,0.8143489583333333,0.18565104166666666,246378240.0,89.1125,89.1125,178.225,0.0,46.11598758817752,1.0,6.0,23.03228374999999,46.80359750000002,0.9027864583333334,0.08088541666666667,0.016328125
results\integration-gate\traces\en_technical.bin,en_technical,12,4340,0,0.0,4340,CLOCK,0.8074791666666666,0.19252083333333334,255495168.0,92.41,92.41,184.82,0.0,44.360577848096916,1.0,6.0,23.11098249999999,46.80429625000002,0.89765625,0.08635416666666666,0.015989583333333335
results\integration-gate\traces\en_technical.bin,en_technical,12,4340,0,0.0,4340,LFU,0.5299661458333333,0.47003385416666665,623783808.0,225.61625,225.61625,451.2325,0.0,20.15158749668337,5.0,9.0,32.2872975,55.674601249999995,0.4808072916666667,0.366875,0.15231770833333333
results\integration-gate\traces\en_technical.bin,en_technical,12,4340,4340,11.999232,0,Static Hot (universal),0.5778151041666667,0.42218489583333335,560283264.0,0.0,0.0,0.0,0.0,0.0,4.0,9.0,30.26453249999999,53.59689125000002,0.5732552083333333,0.30518229166666666,0.1215625
results\integration-gate\traces\en_technical.bin,en_technical,12,4340,2170,5.999616,2170,Static Hot + CLOCK (universal),0.7808020833333333,0.21919791666666666,290898432.0,105.215,105.215,210.43,0.0,20.6593866875367,2.0,6.0,23.70727624999999,47.41069625000001,0.8715104166666666,0.10598958333333333,0.0225
results\integration-gate\traces\en_technical.bin,en_technical,12,4340,2170,5.999616,2170,Static Hot + LRU (universal),0.7850807291666667,0.21491927083333334,285220224.0,103.16125,103.16125,206.3225,0.0,21.065548269589943,2.0,6.0,23.67002374999999,47.36801000000003,0.8746875,0.103125,0.0221875
results\integration-gate\traces\en_technical.bin,en_technical,12,4340,2170,5.999616,2170,Frequency promotion (universal),0.7753802083333333,0.22461979166666668,298093824.0,68.37625,68.37625,136.7525,0.0,32.53943772212959,2.0,6.0,23.771422499999993,47.12163500000003,0.8693229166666666,0.11088541666666667,0.019791666666666666
results\integration-gate\traces\en_technical.bin,en_technical,12,4340,2170,5.999616,2170,Hybrid policy (universal),0.7779348958333333,0.22206510416666667,256576896.0,92.80125,92.80125,185.6025,13.79,23.369819161724344,2.0,7.0,23.724374062499994,45.843469125000006,0.861796875,0.10872395833333333,0.029479166666666667
results\integration-gate\traces\en_technical.bin,en_technical,12,4340,4340,11.999232,0,Static Hot (adaptive),0.5595755208333333,0.44042447916666666,584489088.0,0.0,0.0,0.0,0.0,0.0,4.0,9.0,30.893886249999994,55.29296125,0.545078125,0.3145572916666667,0.14036458333333332
results\integration-gate\traces\en_technical.bin,en_technical,12,4340,2170,5.999616,2170,Static Hot + CLOCK (adaptive),0.7766588541666667,0.22334114583333334,296396928.0,107.20375,107.20375,214.4075,0.0,20.404307605745682,2.0,6.0,23.77561749999999,47.409946250000004,0.8680208333333334,0.108828125,0.023151041666666667
results\integration-gate\traces\en_technical.bin,en_technical,12,4340,2170,5.999616,2170,Static Hot + LRU (adaptive),0.7799088541666667,0.22009114583333333,292083840.0,105.64375,105.64375,211.2875,0.0,20.719760368353835,2.0,6.0,23.68655374999999,47.50368000000001,0.8695572916666666,0.10692708333333334,0.023515625
results\integration-gate\traces\en_technical.bin,en_technical,12,4340,2170,5.999616,2170,Frequency promotion (adaptive),0.7705260416666667,0.22947395833333334,304535808.0,70.71375,70.71375,141.4275,0.0,31.791817465777324,2.0,6.0,23.771422499999993,47.246855000000004,0.86546875,0.11408854166666667,0.020442708333333334
results\integration-gate\traces\en_technical.bin,en_technical,12,4340,2170,5.999616,2170,Hybrid policy (adaptive),0.7734635416666666,0.22653645833333333,261311616.0,94.51375,94.51375,189.0275,14.22375,23.10707322706082,2.0,7.0,23.72997749999999,45.88047412500003,0.8575520833333333,0.112265625,0.030182291666666666
results\integration-gate\traces\code.bin,code,2,723,0,0.0,723,LRU,0.35453385416666666,0.6454661458333333,856600704.0,309.82375,309.82375,619.6475,0.0,2.3000510378988577,7.0,10.0,41.66074,60.70914999999999,0.24229166666666666,0.37697916666666664,0.3807291666666667
results\integration-gate\traces\code.bin,code,2,723,0,0.0,723,CLOCK,0.343671875,0.656328125,871015680.0,315.0375,315.0375,630.075,0.0,2.265420253607849,7.0,10.0,42.19289875,61.612991249999986,0.23080729166666666,0.3662239583333333,0.40296875
results\integration-gate\traces\code.bin,code,2,723,0,0.0,723,LFU,0.0393984375,0.9606015625,1274818176.0,461.08875,461.08875,922.1775,0.0,1.5741842202372,10.0,10.0,59.50922999999994,67.40950000000001,0.009895833333333333,0.037395833333333336,0.9527083333333334
results\integration-gate\traces\code.bin,code,2,723,723,1.9989504,0,Static Hot (universal),0.22959375,0.77040625,1022409216.0,0.0,0.0,0.0,0.0,0.0,8.0,10.0,47.52871624999998,62.26304749999997,0.07307291666666667,0.329296875,0.5976302083333334
results\integration-gate\traces\code.bin,code,2,723,361,0.9980928,362,Static Hot + CLOCK (universal),0.17025,0.82975,1101164544.0,398.28,398.28,796.56,0.0,0.9275701263979781,9.0,10.0,52.088157499999966,64.41955249999998,0.047578125,0.22567708333333333,0.7267447916666666
results\integration-gate\traces\code.bin,code,2,723,361,0.9980928,362,Static Hot + LRU (universal),0.16454166666666667,0.8354583333333333,1108740096.0,401.02,401.02,802.04,0.0,0.9209577443639642,9.0,10.0,52.119259999999976,64.41955249999998,0.04307291666666667,0.21697916666666667,0.7399479166666667
results\integration-gate\traces\code.bin,code,2,723,361,0.9980928,362,Frequency promotion (universal),0.27888541666666666,0.7211145833333333,956994048.0,299.12,299.12,598.24,0.0,1.2516444539114189,8.0,10.0,44.48703999999999,63.09054499999998,0.13510416666666666,0.36010416666666667,0.5047916666666666
results\integration-gate\traces\code.bin,code,2,723,361,0.9980928,362,Hybrid policy (universal),0.31009375,0.68990625,721934208.0,261.11625,261.11625,522.2325,70.03875,1.4202068122218117,7.0,10.0,35.63735737500001,55.1450575,0.154921875,0.40643229166666667,0.43864583333333335
results\integration-gate\traces\code.bin,code,2,723,723,1.9989504,0,Static Hot (adaptive),0.275984375,0.724015625,960844032.0,0.0,0.0,0.0,0.0,0.0,8.0,10.0,45.414676249999985,61.06926499999999,0.13213541666666667,0.360703125,0.5071614583333334
results\integration-gate\traces\code.bin,code,2,723,361,0.9980928,362,Static Hot + CLOCK (adaptive),0.24644791666666666,0.7535520833333333,1000041984.0,361.705,361.705,723.41,0.0,1.0155707262768428,8.0,10.0,49.257656249999975,63.81809499999997,0.12450520833333334,0.29815104166666667,0.57734375
results\integration-gate\traces\code.bin,code,2,723,361,0.9980928,362,Static Hot + LRU (adaptive),0.238421875,0.761578125,1010693376.0,365.5575,365.5575,731.115,0.0,1.0060527330319595,8.0,10.0,49.76907999999999,63.862247499999995,0.12380208333333333,0.27578125,0.6004166666666667
results\integration-gate\traces\code.bin,code,2,723,361,0.9980928,362,Frequency promotion (adaptive),0.329546875,0.670453125,889761024.0,274.51375,274.51375,549.0275,0.0,1.3511779910591324,7.0,10.0,41.851195,61.07363,0.19481770833333334,0.39140625,0.41377604166666665
results\integration-gate\traces\code.bin,code,2,723,361,0.9980928,362,Hybrid policy (adaptive),0.34627604166666665,0.6537239583333333,685245312.0,247.84625,247.84625,495.6925,65.94125,1.4899400231964361,7.0,10.0,34.55511525000001,52.97402749999998,0.20747395833333335,0.40986979166666665,0.38265625
results\integration-gate\traces\code.bin,code,4,1446,0,0.0,1446,LRU,0.5470703125,0.4529296875,601084800.0,217.40625,217.40625,434.8125,0.0,6.60118813391291,4.0,9.0,31.73245124999999,55.07329749999998,0.5351822916666666,0.3051041666666667,0.15971354166666665
results\integration-gate\traces\code.bin,code,4,1446,0,0.0,1446,CLOCK,0.5336432291666666,0.4663567708333333,618903936.0,223.85125,223.85125,447.7025,0.0,6.407653826395027,4.0,9.0,32.18589874999999,55.20210875,0.511953125,0.32033854166666664,0.16770833333333332
results\integration-gate\traces\code.bin,code,4,1446,0,0.0,1446,LFU,0.16116666666666668,0.8388333333333333,1113219072.0,402.64,402.64,805.28,0.0,3.658055835173742,9.0,10.0,53.247688749999966,65.63992499999998,0.04736979166666667,0.18796875,0.7646614583333333
results\integration-gate\traces\code.bin,code,4,1446,1446,3.9979008,0,Static Hot (universal),0.3526223958333333,0.6473776041666667,859137408.0,0.0,0.0,0.0,0.0,0.0,7.0,10.0,40.760005000000014,58.464318749999975,0.20088541666666668,0.43895833333333334,0.36015625
results\integration-gate\traces\code.bin,code,4,1446,723,1.9989504,723,Static Hot + CLOCK (universal),0.4974375,0.5025625,666952704.0,241.23,241.23,482.46,0.0,3.0163372046082233,5.0,9.0,34.337202500000004,54.33165999999999,0.44317708333333333,0.36940104166666665,0.187421875
results\integration-gate\traces\code.bin,code,4,1446,723,1.9989504,723,Static Hot + LRU (universal),0.511953125,0.488046875,647688960.0,234.2625,234.2625,468.525,0.0,3.1030706842009543,5.0,9.0,33.693288749999994,53.87675125000001,0.4697395833333333,0.35401041666666666,0.17625
results\integration-gate\traces\code.bin,code,4,1446,723,1.9989504,723,Frequency promotion (universal),0.5019791666666666,0.49802083333333336,660925440.0,192.9325,192.9325,385.865,0.0,3.850214620198898,5.0,9.0,34.01203875,54.0207125,0.44919270833333336,0.37026041666666665,0.180546875
results\integration-gate\traces\code.bin,code,4,1446,723,1.9989504,723,Hybrid policy (universal),0.49891145833333334,0.5010885416666667,542716416.0,196.295,196.295,392.59,44.2275,3.7557794053819444,5.0,9.0,30.264706812499995,49.43065125000002,0.446640625,0.359140625,0.19421875
results\integration-gate\traces\code.bin,code,4,1446,1446,3.9979008,0,Static Hot (adaptive),0.4041171875,0.5958828125,790798464.0,0.0,0.0,0.0,0.0,0.0,6.0,10.0,38.62943875000001,56.985346249999985,0.2892708333333333,0.41765625,0.2930729166666667
results\integration-gate\traces\code.bin,code,4,1446,723,1.9989504,723,Static Hot + CLOCK (adaptive),0.5216171875,0.4783828125,634863744.0,229.62375,229.62375,459.2475,0.0,3.1629619959480246,5.0,9.0,32.987210000000005,54.33101750000002,0.48901041666666667,0.34122395833333335,0.169765625
results\integration-gate\traces\code.bin,code,4,1446,723,1.9989504,723,Static Hot + LRU (adaptive),0.532515625,0.467484375,620400384.0,224.3925,224.3925,448.785,0.0,3.2325051763308914,4.0,9.0,32.602098749999996,54.004361250000024,0.5074739583333333,0.3302864583333333,0.16223958333333333
results\integration-gate\traces\code.bin,code,4,1446,723,1.9989504,723,Frequency promotion (adaptive),0.5267213541666667,0.47327864583333334,628089984.0,180.71375,180.71375,361.4275,0.0,4.104872080252789,5.0,9.0,32.68696625,54.07933624999999,0.4956770833333333,0.342578125,0.16174479166666667
results\integration-gate\traces\code.bin,code,4,1446,723,1.9989504,723,Hybrid policy (adaptive),0.5266458333333334,0.4733541666666667,514501632.0,186.09,186.09,372.18,41.12,3.944039415153505,5.0,9.0,29.5196298125,49.00431087500004,0.49776041666666665,0.329375,0.17286458333333332
results\integration-gate\traces\code.bin,code,6,2170,0,0.0,2170,LRU,0.6456223958333334,0.3543776041666667,470295936.0,170.10125,170.10125,340.2025,0.0,12.601505275909368,3.0,8.0,27.748854999999995,51.998186249999975,0.6852864583333333,0.22940104166666667,0.0853125
results\integration-gate\traces\code.bin,code,6,2170,0,0.0,2170,CLOCK,0.6362864583333333,0.36371354166666664,482685696.0,174.5825,174.5825,349.165,0.0,12.258958120700083,3.0,8.0,28.09671124999999,51.88865250000001,0.6713020833333333,0.24028645833333334,0.08841145833333333
results\integration-gate\traces\code.bin,code,6,2170,0,0.0,2170,LFU,0.34227083333333336,0.6577291666666667,872875008.0,315.71,315.71,631.42,0.0,7.045180787508485,7.0,10.0,42.59453249999999,60.18549749999998,0.21700520833333334,0.3759375,0.40705729166666665
results\integration-gate\traces\code.bin,code,6,2170,2170,5.999616,0,Static Hot (universal),0.4464453125,0.5535546875,734624640.0,0.0,0.0,0.0,0.0,0.0,6.0,9.0,36.109547500000005,55.82130124999998,0.34565104166666666,0.43671875,0.21763020833333332
results\integration-gate\traces\code.bin,code,6,2170,1085,2.999808,1085,Static Hot + CLOCK (universal),0.6079348958333334,0.3920651041666667,520311168.0,188.19125,188.19125,376.3825,0.0,5.849591566375697,4.0,9.0,29.585346249999994,51.475412500000004,0.626953125,0.27325520833333333,0.09979166666666667
results\integration-gate\traces\code.bin,code,6,2170,1085,2.999808,1085,Static Hot + LRU (universal),0.6158567708333333,0.38414322916666666,509798016.0,184.38875,184.38875,368.7775,0.0,5.9640873004945645,3.0,9.0,29.22095874999999,51.475156250000005,0.6391145833333334,0.26369791666666664,0.0971875
results\integration-gate\traces\code.bin,code,6,2170,1085,2.999808,1085,Frequency promotion (universal),0.6086640625,0.3913359375,519343488.0,142.735,142.735,285.47,0.0,7.867698418206212,4.0,8.0,29.16298374999999,51.048205000000024,0.631015625,0.2744270833333333,0.09455729166666667
results\integration-gate\traces\code.bin,code,6,2170,1085,2.999808,1085,Hybrid policy (universal),0.6089609375,0.3910390625,434951424.0,157.3175,157.3175,314.635,30.38125,7.027145540989861,4.0,9.0,27.379243124999995,47.46676699999999,0.6278645833333333,0.2665885416666667,0.105546875
results\integration-gate\traces\code.bin,code,6,2170,2170,5.999616,0,Static Hot (adaptive),0.4975078125,0.5024921875,666859392.0,0.0,0.0,0.0,0.0,0.0,5.0,9.0,33.57930625,54.54339250000002,0.44111979166666665,0.3823697916666667,0.17651041666666667
results\integration-gate\traces\code.bin,code,6,2170,1085,2.999808,1085,Static Hot + CLOCK (adaptive),0.6297734375,0.3702265625,491329152.0,177.70875,177.70875,355.4175,0.0,6.181273722211124,3.0,8.0,28.245726249999997,51.33570375000002,0.665703125,0.24372395833333332,0.09057291666666667
results\integration-gate\traces\code.bin,code,6,2170,1085,2.999808,1085,Static Hot + LRU (adaptive),0.6350807291666667,0.3649192708333333,484285824.0,175.16125,175.16125,350.3225,0.0,6.270968925703101,3.0,8.0,28.129771249999994,51.361792500000035,0.6731770833333334,0.23723958333333334,0.08958333333333333
results\integration-gate\traces\code.bin,code,6,2170,1085,2.999808,1085,Frequency promotion (adaptive),0.6280651041666667,0.37193489583333333,493596288.0,133.05,133.05,266.1,0.0,8.434691003902834,3.0,8.0,28.17738374999999,50.86744000000001,0.6657552083333333,0.248515625,0.08572916666666666
results\integration-gate\traces\code.bin,code,6,2170,1085,2.999808,1085,Hybrid policy (adaptive),0.6292760416666666,0.3707239583333333,412898688.0,149.34125,149.34125,298.6825,28.60625,7.385959486888596,3.0,9.0,26.75289124999999,47.438303625000025,0.66265625,0.24091145833333333,0.09643229166666667
results\integration-gate\traces\code.bin,code,8,2893,0,0.0,2893,LRU,0.7160859375,0.2839140625,376783488.0,136.27875,136.27875,272.5575,0.0,20.856431533640656,2.0,7.0,25.24353124999999,49.415983749999974,0.7880729166666667,0.16479166666666667,0.047135416666666666
results\integration-gate\traces\code.bin,code,8,2893,0,0.0,2893,CLOCK,0.7044270833333334,0.2955729166666667,392256000.0,141.875,141.875,283.75,0.0,19.986803910741287,2.0,8.0,25.543773749999993,49.69185625000005,0.7721614583333334,0.17731770833333332,0.050520833333333334
results\integration-gate\traces\code.bin,code,8,2893,0,0.0,2893,LFU,0.43904947916666665,0.5609505208333333,744439680.0,269.25625,269.25625,538.5125,0.0,11.033859219423036,6.0,10.0,37.006083749999995,57.89558499999998,0.3541666666666667,0.379140625,0.2666927083333333
results\integration-gate\traces\code.bin,code,8,2893,2893,7.9985664,0,Static Hot (universal),0.524546875,0.475453125,630975744.0,0.0,0.0,0.0,0.0,0.0,5.0,9.0,32.138284999999996,53.7363825,0.48322916666666665,0.3721614583333333,0.144609375
results\integration-gate\traces\code.bin,code,8,2893,0,0.0,2893,Static Hot + CLOCK (universal),0.7044270833333334,0.2955729166666667,392256000.0,141.875,141.875,283.75,0.0,19.986803910741287,2.0,8.0,25.543773749999993,49.69185625000005,0.7721614583333334,0.17731770833333332,0.050520833333333334
results\integration-gate\traces\code.bin,code,8,2893,0,0.0,2893,Static Hot + LRU (universal),0.7160859375,0.2839140625,376783488.0,136.27875,136.27875,272.5575,0.0,20.856431533640656,2.0,7.0,25.24353124999999,49.415983749999974,0.7880729166666667,0.16479166666666667,0.047135416666666666
results\integration-gate\traces\code.bin,code,8,2893,0,0.0,2893,Frequency promotion (universal),0.7109375,0.2890625,383616000.0,91.0,91.0,182.0,0.0,30.9114755631962,2.0,7.0,25.17519249999999,48.903785000000006,0.789453125,0.170703125,0.03984375
results\integration-gate\traces\code.bin,code,8,2893,0,0.0,2893,Hybrid policy (universal),0.705671875,0.294328125,322669440.0,116.70625,116.70625,233.4125,24.57125,24.312487437434893,2.0,8.0,25.05194924999999,46.44090375000002,0.7709635416666667,0.17216145833333332,0.056875
results\integration-gate\traces\code.bin,code,8,2893,723,1.9989504,2170,Static Hot + CLOCK (universal),0.7003177083333333,0.29968229166666666,397709568.0,143.8475,143.8475,287.695,0.0,15.058313092134913,3.0,8.0,25.91433124999999,49.19567125,0.7684114583333334,0.18088541666666666,0.050703125
results\integration-gate\traces\code.bin,code,8,2893,723,1.9989504,2170,Static Hot + LRU (universal),0.705421875,0.294578125,390935808.0,141.3975,141.3975,282.795,0.0,15.258027159839923,3.0,7.0,25.87090874999999,49.02557250000002,0.774375,0.17674479166666668,0.048880208333333335
results\integration-gate\traces\code.bin,code,8,2893,723,1.9989504,2170,Frequency promotion (universal),0.693328125,0.306671875,406985472.0,101.085,101.085,202.17,0.0,21.68653922512841,3.0,7.0,26.191878749999987,48.906206250000004,0.7633854166666667,0.18981770833333333,0.046796875
results\integration-gate\traces\code.bin,code,8,2893,723,1.9989504,2170,Hybrid policy (universal),0.6961145833333333,0.3038854166666667,339489792.0,122.79,122.79,245.58,23.075,17.69111625142431,3.0,8.0,25.37049306249999,46.545473125000015,0.75734375,0.1825,0.06015625
results\integration-gate\traces\code.bin,code,8,2893,1446,3.9979008,1447,Static Hot + CLOCK (universal),0.6858567708333333,0.31414322916666665,416900736.0,150.78875,150.78875,301.5775,0.0,9.724946862768888,3.0,8.0,26.62460499999999,48.93596000000003,0.7471614583333334,0.19791666666666666,0.054921875
results\integration-gate\traces\code.bin,code,8,2893,1446,3.9979008,1447,Static Hot + LRU (universal),0.6920208333333333,0.3079791666666667,408720384.0,147.83,147.83,295.66,0.0,9.906914412713235,3.0,8.0,26.409224999999992,48.894656250000025,0.7559895833333333,0.190390625,0.053619791666666666
results\integration-gate\traces\code.bin,code,8,2893,1446,3.9979008,1447,Frequency promotion (universal),0.6856171875,0.3143828125,417218688.0,106.81,106.81,213.62,0.0,14.010471938858759,3.0,7.0,26.43611874999999,48.80996250000001,0.7518489583333333,0.19856770833333334,0.04958333333333333
results\integration-gate\traces\code.bin,code,8,2893,1446,3.9979008,1447,Hybrid policy (universal),0.6855078125,0.3144921875,357796224.0,129.41125,129.41125,258.8225,21.545,11.350889908281005,3.0,8.0,25.692787499999987,46.405972500000026,0.7432291666666667,0.19669270833333333,0.060078125
results\integration-gate\traces\code.bin,code,8,2893,2170,5.999616,723,Static Hot + CLOCK (universal),0.6575,0.3425,454533120.0,164.4,164.4,328.8,0.0,4.53757632408542,3.0,8.0,27.233232499999993,49.355377499999996,0.7076822916666666,0.232421875,0.059895833333333336
results\integration-gate\traces\code.bin,code,8,2893,2170,5.999616,723,Static Hot + LRU (universal),0.6627786458333333,0.33722135416666665,447527808.0,161.86625,161.86625,323.7325,0.0,4.607616378246851,3.0,8.0,27.020078749999996,49.246573750000024,0.7158072916666667,0.224765625,0.05942708333333333
results\integration-gate\traces\code.bin,code,8,2893,2170,5.999616,723,Frequency promotion (universal),0.6582135416666667,0.3417864583333333,453586176.0,122.1525,122.1525,244.305,0.0,6.2582125461886555,3.0,8.0,27.14836874999999,49.08942500000002,0.7128385416666667,0.22916666666666666,0.05799479166666666
results\integration-gate\traces\code.bin,code,8,2893,2170,5.999616,723,Hybrid policy (universal),0.6580130208333334,0.34198697916666665,396092160.0,143.2625,143.2625,286.525,20.89125,5.204366740777101,3.0,8.0,26.17519868749999,46.422223000000024,0.70734375,0.2284375,0.06421875
results\integration-gate\traces\code.bin,code,8,2893,2893,7.9985664,0,Static Hot (adaptive),0.5770338541666666,0.4229661458333333,561320064.0,0.0,0.0,0.0,0.0,0.0,4.0,9.0,30.082219999999992,52.607951250000006,0.5770052083333334,0.3083854166666667,0.114609375
results\integration-gate\traces\code.bin,code,8,2893,0,0.0,2893,Static Hot + CLOCK (adaptive),0.7044270833333334,0.2955729166666667,392256000.0,141.875,141.875,283.75,0.0,19.986803910741287,2.0,8.0,25.543773749999993,49.69185625000005,0.7721614583333334,0.17731770833333332,0.050520833333333334
results\integration-gate\traces\code.bin,code,8,2893,0,0.0,2893,Static Hot + LRU (adaptive),0.7160859375,0.2839140625,376783488.0,136.27875,136.27875,272.5575,0.0,20.856431533640656,2.0,7.0,25.24353124999999,49.415983749999974,0.7880729166666667,0.16479166666666667,0.047135416666666666
results\integration-gate\traces\code.bin,code,8,2893,0,0.0,2893,Frequency promotion (adaptive),0.7109375,0.2890625,383616000.0,91.0,91.0,182.0,0.0,30.9114755631962,2.0,7.0,25.17519249999999,48.903785000000006,0.789453125,0.170703125,0.03984375
results\integration-gate\traces\code.bin,code,8,2893,0,0.0,2893,Hybrid policy (adaptive),0.705671875,0.294328125,322669440.0,116.70625,116.70625,233.4125,24.57125,24.312487437434893,2.0,8.0,25.05194924999999,46.44090375000002,0.7709635416666667,0.17216145833333332,0.056875
results\integration-gate\traces\code.bin,code,8,2893,723,1.9989504,2170,Static Hot + CLOCK (adaptive),0.7095833333333333,0.29041666666666666,385413120.0,139.4,139.4,278.8,0.0,15.498224476816887,2.0,7.0,25.62864249999999,49.26661625000005,0.77953125,0.17151041666666667,0.04895833333333333
results\integration-gate\traces\code.bin,code,8,2893,723,1.9989504,2170,Static Hot + LRU (adaptive),0.7163203125,0.2836796875,376472448.0,136.16625,136.16625,272.3325,0.0,15.869175663435175,2.0,7.0,25.45471374999999,48.895146250000025,0.78859375,0.16434895833333332,0.04705729166666667
results\integration-gate\traces\code.bin,code,8,2893,723,1.9989504,2170,Frequency promotion (adaptive),0.7049244791666667,0.2950755208333333,391595904.0,95.17625,95.17625,190.3525,0.0,22.848168723180745,3.0,7.0,25.665897499999986,48.71530875000003,0.78,0.177734375,0.042265625
results\integration-gate\traces\code.bin,code,8,2893,723,1.9989504,2170,Hybrid policy (adaptive),0.7053489583333333,0.29465104166666667,329194368.0,119.06625,119.06625,238.1325,22.36625,18.211713993440657,2.0,8.0,25.150411312499987,46.427137750000014,0.7683333333333333,0.17385416666666667,0.0578125
results\integration-gate\traces\code.bin,code,8,2893,1446,3.9979008,1447,Static Hot + CLOCK (adaptive),0.7033229166666667,0.2966770833333333,393721344.0,142.405,142.405,284.81,0.0,10.283401987893992,3.0,8.0,26.03447624999999,49.04622500000001,0.77265625,0.17697916666666666,0.05036458333333333
results\integration-gate\traces\code.bin,code,8,2893,1446,3.9979008,1447,Static Hot + LRU (adaptive),0.7086796875,0.2913203125,386612352.0,139.83375,139.83375,279.6675,0.0,10.447051313611066,2.0,7.0,25.829464999999995,48.904620000000044,0.7798697916666667,0.17119791666666667,0.04893229166666667
results\integration-gate\traces\code.bin,code,8,2893,1446,3.9979008,1447,Frequency promotion (adaptive),0.702359375,0.297640625,395000064.0,98.4675,98.4675,196.935,0.0,15.13704144620811,3.0,7.0,25.750763749999994,48.93503500000002,0.777421875,0.17723958333333334,0.04533854166666667
results\integration-gate\traces\code.bin,code,8,2893,1446,3.9979008,1447,Hybrid policy (adaptive),0.7036197916666667,0.29638020833333334,337094784.0,121.92375,121.92375,243.8475,20.33875,12.01721777033554,2.0,8.0,25.292181187499992,46.313759375,0.7701041666666667,0.17348958333333334,0.05640625
results\integration-gate\traces\code.bin,code,8,2893,2170,5.999616,723,Static Hot + CLOCK (adaptive),0.6861380208333333,0.3138619791666667,416527488.0,150.65375,150.65375,301.3075,0.0,4.956622926233278,3.0,8.0,26.208408749999986,49.14005500000002,0.75,0.19684895833333332,0.05315104166666667
results\integration-gate\traces\code.bin,code,8,2893,2170,5.999616,723,Static Hot + LRU (adaptive),0.6900598958333334,0.3099401041666667,411322752.0,148.77125,148.77125,297.5425,0.0,5.015352072814152,3.0,8.0,26.19804249999999,49.263526250000005,0.7557552083333333,0.19205729166666666,0.0521875
results\integration-gate\traces\code.bin,code,8,2893,2170,5.999616,723,Frequency promotion (adaptive),0.6839505208333333,0.31604947916666665,419430528.0,109.755,109.755,219.51,0.0,6.989238572961548,3.0,8.0,26.191878749999994,48.919446250000036,0.7494010416666667,0.19828125,0.05231770833333333
results\integration-gate\traces\code.bin,code,8,2893,2170,5.999616,723,Hybrid policy (adaptive),0.685078125,0.314921875,364355712.0,131.78375,131.78375,263.5675,19.37875,5.667592934684348,3.0,8.0,25.562849062499993,46.42028500000003,0.7470052083333333,0.19481770833333334,0.05817708333333333
results\integration-gate\traces\code.bin,code,10,3616,0,0.0,3616,LRU,0.7793645833333334,0.22063541666666667,292806144.0,105.905,105.905,211.81,0.0,32.64626464606973,2.0,6.0,23.686553749999987,47.40785125000002,0.868046875,0.10942708333333333,0.022526041666666666
results\integration-gate\traces\code.bin,code,10,3616,0,0.0,3616,CLOCK,0.7689375,0.2310625,306643968.0,110.91,110.91,221.82,0.0,31.261736718761334,2.0,6.0,23.88737499999999,47.47827500000003,0.8597395833333333,0.11559895833333333,0.024661458333333334
results\integration-gate\traces\code.bin,code,10,3616,0,0.0,3616,LFU,0.5134947916666667,0.4865052083333333,645643008.0,233.5225,233.5225,467.045,0.0,16.008804660249293,5.0,9.0,33.06171625,55.731002499999995,0.46479166666666666,0.3614322916666667,0.17377604166666666
results\integration-gate\traces\code.bin,code,10,3616,3616,9.9975168,0,Static Hot (universal),0.5859583333333334,0.41404166666666664,549476352.0,0.0,0.0,0.0,0.0,0.0,4.0,8.0,29.351227499999993,52.13791375000002,0.5925260416666667,0.3078385416666667,0.09963541666666667
results\integration-gate\traces\code.bin,code,10,3616,1808,4.9987584,1808,Static Hot + CLOCK (universal),0.7490026041666666,0.25099739583333336,333099648.0,120.47875,120.47875,240.9575,0.0,15.128035433699408,2.0,7.0,24.56236999999999,47.767238750000026,0.8332552083333333,0.135546875,0.031197916666666665
results\integration-gate\traces\code.bin,code,10,3616,1808,4.9987584,1808,Static Hot + LRU (universal),0.7518072916666667,0.24819270833333335,329377536.0,119.1325,119.1325,238.265,0.0,15.337848112588706,2.0,7.0,24.64723624999999,47.70088125000003,0.8359895833333333,0.133125,0.030885416666666665
results\integration-gate\traces\code.bin,code,10,3616,1808,4.9987584,1808,Frequency promotion (universal),0.7431354166666667,0.25686458333333334,340886016.0,80.26125,80.26125,160.5225,0.0,23.016652494331066,2.0,7.0,24.68868124999999,47.46693125000003,0.8336197916666667,0.13885416666666667,0.027526041666666667
results\integration-gate\traces\code.bin,code,10,3616,1808,4.9987584,1808,Hybrid policy (universal),0.7455208333333333,0.25447916666666665,295522560.0,106.8875,106.8875,213.775,15.2625,17.12107946705075,2.0,7.0,24.292087999999993,45.963800375000005,0.824296875,0.13880208333333333,0.03690104166666667
results\integration-gate\traces\code.bin,code,10,3616,3616,9.9975168,0,Static Hot (adaptive),0.6415677083333333,0.3584322916666667,475676928.0,0.0,0.0,0.0,0.0,0.0,3.0,8.0,27.54383624999999,51.108598750000006,0.68171875,0.24388020833333332,0.07440104166666667
results\integration-gate\traces\code.bin,code,10,3616,1808,4.9987584,1808,Static Hot + CLOCK (adaptive),0.7623645833333333,0.23763541666666665,315366912.0,114.065,114.065,228.13,0.0,15.97400236876425,2.0,7.0,24.21450999999999,47.75304250000004,0.8502083333333333,0.12182291666666667,0.02796875
results\integration-gate\traces\code.bin,code,10,3616,1808,4.9987584,1808,Static Hot + LRU (adaptive),0.7687161458333334,0.23128385416666666,306937728.0,111.01625,111.01625,222.0325,0.0,16.37600386539336,2.0,7.0,24.077834999999993,47.65324375000002,0.8575260416666667,0.11591145833333333,0.0265625
results\integration-gate\traces\code.bin,code,10,3616,1808,4.9987584,1808,Frequency promotion (adaptive),0.7605442708333333,0.23945572916666666,317782656.0,71.7,71.7,143.4,0.0,25.566933395148695,2.0,6.0,24.07166624999999,47.384130000000034,0.856484375,0.120625,0.022890625
results\integration-gate\traces\code.bin,code,10,3616,1808,4.9987584,1808,Hybrid policy (adaptive),0.7603125,0.2396875,279635328.0,101.14125,101.14125,202.2825,13.90875,18.026115418348834,2.0,7.0,23.94846312499999,45.93200687500003,0.8428645833333334,0.12497395833333333,0.03216145833333333
results\integration-gate\traces\code.bin,code,12,4340,0,0.0,4340,LRU,0.8191067708333334,0.18089322916666667,240064128.0,86.82875,86.82875,173.6575,0.0,47.497775762227676,1.0,5.0,22.92669249999999,46.30123500000003,0.9116666666666666,0.074765625,0.013567708333333333
results\integration-gate\traces\code.bin,code,12,4340,0,0.0,4340,CLOCK,0.8113489583333333,0.18865104166666666,250359552.0,90.5525,90.5525,181.105,0.0,45.248970016272814,1.0,6.0,22.988859999999992,46.505085,0.9051822916666666,0.08015625,0.014661458333333334
results\integration-gate\traces\code.bin,code,12,4340,0,0.0,4340,LFU,0.6049401041666667,0.39505989583333334,524285568.0,189.62875,189.62875,379.2575,0.0,23.61807630174726,4.0,8.0,28.941441249999993,51.99411750000004,0.6141145833333334,0.29559895833333333,0.09028645833333333
results\integration-gate\traces\code.bin,code,12,4340,4340,11.999232,0,Static Hot (universal),0.638078125,0.361921875,480307968.0,0.0,0.0,0.0,0.0,0.0,3.0,8.0,27.258149999999986,50.356036250000024,0.679921875,0.2547916666666667,0.06528645833333334
results\integration-gate\traces\code.bin,code,12,4340,2170,5.999616,2170,Static Hot + CLOCK (universal),0.7991041666666666,0.20089583333333333,266609664.0,96.43,96.43,192.86,0.0,22.46464678676177,2.0,6.0,23.411224999999988,46.70867125000003,0.8939322916666667,0.0903125,0.015755208333333333
results\integration-gate\traces\code.bin,code,12,4340,2170,5.999616,2170,Static Hot + LRU (universal),0.8014635416666667,0.19853645833333333,263478528.0,95.2975,95.2975,190.595,0.0,22.734281257025238,2.0,6.0,23.36977999999999,46.73793875000002,0.8945833333333333,0.08864583333333333,0.016770833333333332
results\integration-gate\traces\code.bin,code,12,4340,2170,5.999616,2170,Frequency promotion (universal),0.7937317708333333,0.20626822916666668,273739392.0,57.10375,57.10375,114.2075,0.0,38.38502120188167,2.0,6.0,23.41122749999999,46.51931375000002,0.894765625,0.09013020833333334,0.015104166666666667
results\integration-gate\traces\code.bin,code,12,4340,2170,5.999616,2170,Hybrid policy (universal),0.7981432291666667,0.20185677083333334,239514624.0,86.63,86.63,173.26,10.26125,24.93374137158052,2.0,6.0,23.36774324999999,45.52331037500003,0.8899479166666666,0.09010416666666667,0.019947916666666666
results\integration-gate\traces\code.bin,code,12,4340,4340,11.999232,0,Static Hot (adaptive),0.69196875,0.30803125,408789504.0,0.0,0.0,0.0,0.0,0.0,3.0,7.0,25.744594999999993,49.70792625000003,0.7612239583333333,0.19166666666666668,0.047109375
results\integration-gate\traces\code.bin,code,12,4340,2170,5.999616,2170,Static Hot + CLOCK (adaptive),0.8119817708333333,0.18801822916666666,249519744.0,90.24875,90.24875,180.4975,0.0,23.900459705803062,1.0,6.0,23.18968124999999,46.360162500000015,0.9060677083333334,0.080078125,0.013854166666666667
results\integration-gate\traces\code.bin,code,12,4340,2170,5.999616,2170,Static Hot + LRU (adaptive),0.8147786458333334,0.18522135416666666,245808000.0,88.90625,88.90625,177.8125,0.0,24.243740564252988,1.0,6.0,23.137874999999994,46.682396250000025,0.9069270833333334,0.078046875,0.015026041666666667
results\integration-gate\traces\code.bin,code,12,4340,2170,5.999616,2170,Frequency promotion (adaptive),0.8042265625,0.1957734375,259811712.0,52.0225,52.0225,104.045,0.0,42.02402151091392,2.0,6.0,23.23310499999999,46.396235000000004,0.905625,0.080703125,0.013671875
results\integration-gate\traces\code.bin,code,12,4340,2170,5.999616,2170,Hybrid policy (adaptive),0.8109114583333333,0.18908854166666667,223807104.0,80.94875,80.94875,161.8975,9.81375,26.574594538897472,1.0,6.0,23.137874999999994,45.45286425000001,0.9018489583333333,0.079765625,0.018385416666666668
results\integration-gate\traces\math_logic.bin,math_logic,2,723,0,0.0,723,LRU,0.33081770833333335,0.6691822916666667,888074496.0,321.2075,321.2075,642.415,0.0,2.2336134765588764,7.0,10.0,42.29429999999999,64.93894499999999,0.23263020833333334,0.324453125,0.4429166666666667
results\integration-gate\traces\math_logic.bin,math_logic,2,723,0,0.0,723,CLOCK,0.3197317708333333,0.6802682291666666,902786688.0,326.52875,326.52875,653.0575,0.0,2.1981273601986446,7.0,10.0,43.054148749999996,65.03961625,0.221484375,0.3163020833333333,0.46221354166666667
results\integration-gate\traces\math_logic.bin,math_logic,2,723,0,0.0,723,LFU,0.025841145833333332,0.9741588541666667,1292810112.0,467.59625,467.59625,935.1925,0.0,1.5525094135245268,10.0,10.0,59.97304999999994,67.6032,0.004895833333333334,0.023723958333333333,0.9713802083333334
results\integration-gate\traces\math_logic.bin,math_logic,2,723,723,1.9989504,0,Static Hot (universal),0.15207552083333334,0.8479244791666667,1125283968.0,0.0,0.0,0.0,0.0,0.0,9.0,10.0,51.819001249999985,66.63469999999998,0.03947916666666667,0.21033854166666666,0.7501822916666666
results\integration-gate\traces\math_logic.bin,math_logic,2,723,361,0.9980928,362,Static Hot + CLOCK (universal),0.09565885416666667,0.9043411458333334,1200154752.0,434.08375,434.08375,868.1675,0.0,0.8574556830648999,10.0,10.0,55.10296874999996,67.11895,0.014765625,0.11916666666666667,0.8660677083333334
results\integration-gate\traces\math_logic.bin,math_logic,2,723,361,0.9980928,362,Static Hot + LRU (universal),0.09466145833333334,0.9053385416666667,1201478400.0,434.5625,434.5625,869.125,0.0,0.8547861032043181,10.0,10.0,55.10297124999996,67.11895,0.013958333333333333,0.11825520833333333,0.8677864583333333
results\integration-gate\traces\math_logic.bin,math_logic,2,723,361,0.9980928,362,Frequency promotion (universal),0.16260677083333333,0.8373932291666667,1111307904.0,355.465,355.465,710.93,0.0,1.0746375270857245,9.0,10.0,53.13173874999997,67.02210000000001,0.059140625,0.21127604166666666,0.7295833333333334
results\integration-gate\traces\math_logic.bin,math_logic,2,723,361,0.9980928,362,Hybrid policy (universal),0.21859895833333334,0.7814010416666667,810120960.0,293.0125,293.0125,586.025,82.06,1.2869566507608667,8.0,10.0,38.44198450000002,62.185741624999984,0.0875,0.2941666666666667,0.6183333333333333
results\integration-gate\traces\math_logic.bin,math_logic,2,723,723,1.9989504,0,Static Hot (adaptive),0.21238541666666666,0.7876145833333333,1045246464.0,0.0,0.0,0.0,0.0,0.0,8.0,10.0,48.16647374999999,65.96159249999998,0.09184895833333333,0.26809895833333336,0.6400520833333333
results\integration-gate\traces\math_logic.bin,math_logic,2,723,361,0.9980928,362,Static Hot + CLOCK (adaptive),0.1557109375,0.8442890625,1120459392.0,405.25875,405.25875,810.5175,0.0,0.9236870502678928,9.0,10.0,52.57270624999997,66.73507875000001,0.05513020833333333,0.194375,0.7504947916666667
results\integration-gate\traces\math_logic.bin,math_logic,2,723,361,0.9980928,362,Static Hot + LRU (adaptive),0.14486979166666666,0.8551302083333333,1134846720.0,410.4625,410.4625,820.925,0.0,0.9129072409034605,9.0,10.0,52.74662624999998,66.73507875000001,0.04513020833333333,0.183515625,0.7713541666666667
results\integration-gate\traces\math_logic.bin,math_logic,2,723,361,0.9980928,362,Frequency promotion (adaptive),0.227953125,0.772046875,1024586496.0,323.91,323.91,647.82,0.0,1.1750436236337132,8.0,10.0,47.22847624999999,66.53784999999999,0.1084375,0.28875,0.6028125
results\integration-gate\traces\math_logic.bin,math_logic,2,723,361,0.9980928,362,Hybrid policy (adaptive),0.2590911458333333,0.7409088541666666,769416192.0,278.29,278.29,556.58,77.34625,1.3514191613818343,8.0,10.0,36.738983125000004,61.498866249999985,0.125625,0.331171875,0.543203125
results\integration-gate\traces\math_logic.bin,math_logic,4,1446,0,0.0,1446,LRU,0.5227447916666667,0.47725520833333335,633367296.0,229.0825,229.0825,458.165,0.0,6.274969987734118,5.0,10.0,32.80711249999999,57.86346999999999,0.49723958333333335,0.30296875,0.19979166666666667
results\integration-gate\traces\math_logic.bin,math_logic,4,1446,0,0.0,1446,CLOCK,0.5093229166666666,0.4906770833333333,651179520.0,235.525,235.525,471.05,0.0,6.102800644691868,5.0,10.0,33.35159999999999,58.20727374999998,0.4750520833333333,0.312265625,0.21268229166666666
results\integration-gate\traces\math_logic.bin,math_logic,4,1446,0,0.0,1446,LFU,0.0769609375,0.9230390625,1224968832.0,443.05875,443.05875,886.1175,0.0,3.3476505122463425,10.0,10.0,57.885862499999945,67.50635,0.019296875,0.08145833333333333,0.8992447916666667
results\integration-gate\traces\math_logic.bin,math_logic,4,1446,1446,3.9979008,0,Static Hot (universal),0.24403645833333334,0.7559635416666667,1003242240.0,0.0,0.0,0.0,0.0,0.0,8.0,10.0,46.87024249999999,65.66972874999999,0.121953125,0.29520833333333335,0.5828385416666667
results\integration-gate\traces\math_logic.bin,math_logic,4,1446,723,1.9989504,723,Static Hot + CLOCK (universal),0.4483463541666667,0.5516536458333333,732101760.0,264.79375,264.79375,529.5875,0.0,2.78386430414126,5.0,10.0,35.77624,60.663306249999984,0.38263020833333333,0.34958333333333336,0.2677864583333333
results\integration-gate\traces\math_logic.bin,math_logic,4,1446,723,1.9989504,723,Static Hot + LRU (universal),0.4567994791666667,0.5432005208333334,720883584.0,260.73625,260.73625,521.4725,0.0,2.8200367364760566,5.0,10.0,35.4242,61.047062499999974,0.399921875,0.334453125,0.265625
results\integration-gate\traces\math_logic.bin,math_logic,4,1446,723,1.9989504,723,Frequency promotion (universal),0.46243229166666666,0.5375677083333333,713408256.0,212.45375,212.45375,424.9075,0.0,3.5222680281290653,5.0,10.0,35.27518500000001,57.98309499999997,0.39890625,0.3566666666666667,0.24442708333333332
results\integration-gate\traces\math_logic.bin,math_logic,4,1446,723,1.9989504,723,Hybrid policy (universal),0.4590755208333333,0.5409244791666666,568999296.0,205.80125,205.80125,411.6025,53.8425,3.586460089588711,5.0,10.0,31.007598499999993,50.956741624999985,0.393828125,0.35236979166666665,0.2538020833333333
results\integration-gate\traces\math_logic.bin,math_logic,4,1446,1446,3.9979008,0,Static Hot (adaptive),0.33141927083333333,0.6685807291666667,887276160.0,0.0,0.0,0.0,0.0,0.0,7.0,10.0,41.86156,62.49672124999998,0.21606770833333333,0.347890625,0.43604166666666666
results\integration-gate\traces\math_logic.bin,math_logic,4,1446,723,1.9989504,723,Static Hot + CLOCK (adaptive),0.48701822916666665,0.5129817708333333,680780160.0,246.23125,246.23125,492.4625,0.0,2.981113281276869,5.0,10.0,34.05767875,58.46752999999997,0.444453125,0.3310416666666667,0.22450520833333334
results\integration-gate\traces\math_logic.bin,math_logic,4,1446,723,1.9989504,723,Static Hot + LRU (adaptive),0.49363802083333336,0.5063619791666667,671995008.0,243.05375,243.05375,486.1075,0.0,3.021516387728097,5.0,10.0,33.80504625,59.83858749999997,0.458125,0.3175,0.224375
results\integration-gate\traces\math_logic.bin,math_logic,4,1446,723,1.9989504,723,Frequency promotion (adaptive),0.49895052083333336,0.5010494791666666,664944768.0,194.55125,194.55125,389.1025,0.0,3.8399365571740494,5.0,10.0,33.51516625,56.39811499999998,0.45786458333333335,0.336875,0.20526041666666667
results\integration-gate\traces\math_logic.bin,math_logic,4,1446,723,1.9989504,723,Hybrid policy (adaptive),0.49347135416666665,0.5065286458333333,534439296.0,193.30125,193.30125,386.6025,49.8325,3.8082900967267794,5.0,10.0,30.1518431875,50.40845549999999,0.44958333333333333,0.33153645833333334,0.21888020833333333
results\integration-gate\traces\math_logic.bin,math_logic,6,2170,0,0.0,2170,LRU,0.6203984375,0.3796015625,503770752.0,182.20875,182.20875,364.4175,0.0,11.744439011138276,3.0,9.0,28.647366249999997,53.49512750000001,0.63921875,0.247890625,0.112890625
results\integration-gate\traces\math_logic.bin,math_logic,6,2170,0,0.0,2170,CLOCK,0.60959375,0.39040625,518109696.0,187.395,187.395,374.79,0.0,11.463898936113793,4.0,9.0,28.999416249999992,53.711740000000006,0.6234114583333333,0.2590104166666667,0.117578125
results\integration-gate\traces\math_logic.bin,math_logic,6,2170,0,0.0,2170,LFU,0.17715625,0.82284375,1091999232.0,394.965,394.965,789.93,0.0,5.732390294871897,9.0,10.0,51.392452499999976,67.0221,0.06815104166666666,0.23036458333333334,0.701484375
results\integration-gate\traces\math_logic.bin,math_logic,6,2170,2170,5.999616,0,Static Hot (universal),0.31785677083333336,0.6821432291666667,905275008.0,0.0,0.0,0.0,0.0,0.0,7.0,10.0,42.52423999999999,64.52217249999998,0.207734375,0.33466145833333333,0.45760416666666665
results\integration-gate\traces\math_logic.bin,math_logic,6,2170,1085,2.999808,1085,Static Hot + CLOCK (universal),0.5624427083333333,0.4375572916666667,580684032.0,210.0275,210.0275,420.055,0.0,5.281071033787684,4.0,9.0,31.04511999999999,53.78503124999998,0.55578125,0.300703125,0.143515625
results\integration-gate\traces\math_logic.bin,math_logic,6,2170,1085,2.999808,1085,Static Hot + LRU (universal),0.5710598958333334,0.42894010416666667,569248128.0,205.89125,205.89125,411.7825,0.0,5.389945005217848,4.0,9.0,30.724156249999997,53.79280750000001,0.5702604166666667,0.2895052083333333,0.140234375
results\integration-gate\traces\math_logic.bin,math_logic,6,2170,1085,2.999808,1085,Frequency promotion (universal),0.5694583333333333,0.43054166666666666,571373568.0,162.04375,162.04375,324.0875,0.0,6.9444242154739815,4.0,9.0,30.80285624999999,53.07666999999999,0.5644791666666666,0.301328125,0.13419270833333333
results\integration-gate\traces\math_logic.bin,math_logic,6,2170,1085,2.999808,1085,Hybrid policy (universal),0.5649010416666667,0.43509895833333334,468277632.0,169.37125,169.37125,338.7425,39.47625,6.528716001909089,4.0,9.0,28.252985874999993,48.378332499999985,0.5573697916666667,0.296328125,0.14630208333333333
results\integration-gate\traces\math_logic.bin,math_logic,6,2170,2170,5.999616,0,Static Hot (adaptive),0.42021875,0.57978125,769430016.0,0.0,0.0,0.0,0.0,0.0,6.0,10.0,37.54860625000001,59.05647874999998,0.32549479166666667,0.37622395833333333,0.29828125
results\integration-gate\traces\math_logic.bin,math_logic,6,2170,1085,2.999808,1085,Static Hot + CLOCK (adaptive),0.5941171875,0.4058828125,538648704.0,194.82375,194.82375,389.6475,0.0,5.661435245687402,4.0,9.0,29.775812499999994,53.07567125,0.607109375,0.2678125,0.125078125
results\integration-gate\traces\math_logic.bin,math_logic,6,2170,1085,2.999808,1085,Static Hot + LRU (adaptive),0.6015052083333333,0.3984947916666667,528844032.0,191.2775,191.2775,382.555,0.0,5.767714352283318,4.0,9.0,29.459034999999993,52.922176250000035,0.61921875,0.25875,0.12203125
results\integration-gate\traces\math_logic.bin,math_logic,6,2170,1085,2.999808,1085,Frequency promotion (adaptive),0.6001302083333333,0.39986979166666664,530668800.0,146.895,146.895,293.79,0.0,7.613876629948688,4.0,9.0,29.411419999999993,52.80366000000003,0.6164322916666667,0.26567708333333334,0.117890625
results\integration-gate\traces\math_logic.bin,math_logic,6,2170,1085,2.999808,1085,Hybrid policy (adaptive),0.5949973958333333,0.40500260416666667,436243968.0,157.785,157.785,315.57,36.61625,6.96992082709967,4.0,9.0,27.538334124999995,48.29869949999999,0.60609375,0.263359375,0.130546875
results\integration-gate\traces\math_logic.bin,math_logic,8,2893,0,0.0,2893,LRU,0.6927864583333333,0.30721354166666665,407704320.0,147.4625,147.4625,294.925,0.0,19.29343159710345,3.0,8.0,25.523052499999988,50.77340624999999,0.7459635416666667,0.186484375,0.06755208333333333
results\integration-gate\traces\math_logic.bin,math_logic,8,2893,0,0.0,2893,CLOCK,0.6797473958333333,0.3202526041666667,425008512.0,153.72125,153.72125,307.4425,0.0,18.567767233181005,3.0,8.0,26.11934499999999,51.32679375000003,0.7259895833333333,0.20223958333333333,0.07177083333333334
results\integration-gate\traces\math_logic.bin,math_logic,8,2893,0,0.0,2893,LFU,0.24158333333333334,0.7584166666666666,1006497792.0,364.04,364.04,728.08,0.0,8.350269733703735,8.0,10.0,47.34441374999999,66.53785,0.129765625,0.280234375,0.59
results\integration-gate\traces\math_logic.bin,math_logic,8,2893,2893,7.9985664,0,Static Hot (universal),0.3871640625,0.6128359375,813297024.0,0.0,0.0,0.0,0.0,0.0,6.0,10.0,38.991873749999996,62.45581874999998,0.294296875,0.34307291666666667,0.3626302083333333
results\integration-gate\traces\math_logic.bin,math_logic,8,2893,0,0.0,2893,Static Hot + CLOCK (universal),0.6797473958333333,0.3202526041666667,425008512.0,153.72125,153.72125,307.4425,0.0,18.567767233181005,3.0,8.0,26.11934499999999,51.32679375000003,0.7259895833333333,0.20223958333333333,0.07177083333333334
results\integration-gate\traces\math_logic.bin,math_logic,8,2893,0,0.0,2893,Static Hot + LRU (universal),0.6927864583333333,0.30721354166666665,407704320.0,147.4625,147.4625,294.925,0.0,19.29343159710345,3.0,8.0,25.523052499999988,50.77340624999999,0.7459635416666667,0.186484375,0.06755208333333333
results\integration-gate\traces\math_logic.bin,math_logic,8,2893,0,0.0,2893,Frequency promotion (universal),0.6900260416666667,0.30997395833333335,411367680.0,101.62875,101.62875,203.2575,0.0,28.258454013535346,3.0,8.0,25.761127499999994,50.56422750000003,0.744765625,0.19330729166666666,0.061927083333333334
results\integration-gate\traces\math_logic.bin,math_logic,8,2893,0,0.0,2893,Hybrid policy (universal),0.6794895833333333,0.3205104166666667,335276928.0,121.26625,121.26625,242.5325,32.57875,23.39791067547916,3.0,8.0,25.32313899999999,47.43587737500001,0.72515625,0.19346354166666666,0.08138020833333333
results\integration-gate\traces\math_logic.bin,math_logic,8,2893,723,1.9989504,2170,Static Hot + CLOCK (universal),0.6655052083333334,0.3344947916666667,443909376.0,160.5575,160.5575,321.115,0.0,13.636914194440411,3.0,8.0,26.651498749999988,50.924350000000025,0.707890625,0.215078125,0.07703125
results\integration-gate\traces\math_logic.bin,math_logic,8,2893,723,1.9989504,2170,Static Hot + LRU (universal),0.6748802083333333,0.32511979166666666,431467776.0,156.0575,156.0575,312.115,0.0,13.975192321378888,3.0,8.0,26.33471999999999,50.34048874999996,0.7210416666666667,0.20653645833333334,0.072421875
results\integration-gate\traces\math_logic.bin,math_logic,8,2893,723,1.9989504,2170,Frequency promotion (universal),0.6754479166666667,0.32455208333333335,430714368.0,110.20625,110.20625,220.4125,0.0,20.005279987102323,3.0,8.0,26.46103124999999,50.05715375,0.7241666666666666,0.21080729166666667,0.06502604166666667
results\integration-gate\traces\math_logic.bin,math_logic,8,2893,723,1.9989504,2170,Hybrid policy (universal),0.6672916666666666,0.33270833333333333,358573824.0,129.6925,129.6925,259.385,30.0075,16.749246261456825,3.0,8.0,25.81910124999999,47.062515125000004,0.7085416666666666,0.20921875,0.08223958333333334
results\integration-gate\traces\math_logic.bin,math_logic,8,2893,1446,3.9979008,1447,Static Hot + CLOCK (universal),0.639296875,0.360703125,478690560.0,173.1375,173.1375,346.275,0.0,8.5520669697814,3.0,8.0,27.897866249999993,50.85732750000001,0.6747916666666667,0.23893229166666666,0.08627604166666666
results\integration-gate\traces\math_logic.bin,math_logic,8,2893,1446,3.9979008,1447,Static Hot + LRU (universal),0.6478125,0.3521875,467389440.0,169.05,169.05,338.1,0.0,8.731676784305657,3.0,8.0,27.527309999999993,50.88506375000001,0.6856510416666667,0.23083333333333333,0.083515625
results\integration-gate\traces\math_logic.bin,math_logic,8,2893,1446,3.9979008,1447,Frequency promotion (universal),0.6479244791666666,0.3520755208333333,467240832.0,125.375,125.375,250.75,0.0,12.038651484063381,3.0,8.0,27.458969999999994,50.415457499999995,0.6878125,0.2346875,0.0775
results\integration-gate\traces\math_logic.bin,math_logic,8,2893,1446,3.9979008,1447,Hybrid policy (universal),0.639671875,0.360328125,396524160.0,143.41875,143.41875,286.8375,29.53875,10.302256810197514,3.0,8.0,26.500830312499993,47.14861287500001,0.6726822916666667,0.23640625,0.09091145833333333
results\integration-gate\traces\math_logic.bin,math_logic,8,2893,2170,5.999616,723,Static Hot + CLOCK (universal),0.5803984375,0.4196015625,556854912.0,201.40875,201.40875,402.8175,0.0,3.760041696390912,4.0,9.0,29.81725375,53.399803749999975,0.5884114583333333,0.2847135416666667,0.126875
results\integration-gate\traces\math_logic.bin,math_logic,8,2893,2170,5.999616,723,Static Hot + LRU (universal),0.5883125,0.4116875,546352128.0,197.61,197.61,395.22,0.0,3.826411078786722,4.0,9.0,29.459036249999997,53.233163749999974,0.60078125,0.27630208333333334,0.12291666666666666
results\integration-gate\traces\math_logic.bin,math_logic,8,2893,2170,5.999616,723,Frequency promotion (universal),0.5896171875,0.4103828125,544620672.0,155.53375,155.53375,311.0675,0.0,4.984329690680678,4.0,9.0,29.390696249999994,52.636798750000004,0.601796875,0.282734375,0.11546875
results\integration-gate\traces\math_logic.bin,math_logic,8,2893,2170,5.999616,723,Hybrid policy (universal),0.5825182291666666,0.4174817708333333,467334144.0,169.03,169.03,338.06,31.36125,4.4719113901018925,4.0,9.0,27.757566562499992,48.88479362499998,0.5901041666666667,0.28205729166666665,0.12783854166666667
results\integration-gate\traces\math_logic.bin,math_logic,8,2893,2893,7.9985664,0,Static Hot (adaptive),0.4905572916666667,0.5094427083333334,676083456.0,0.0,0.0,0.0,0.0,0.0,5.0,9.0,34.273063750000006,56.20492750000001,0.42765625,0.36692708333333335,0.20541666666666666
results\integration-gate\traces\math_logic.bin,math_logic,8,2893,0,0.0,2893,Static Hot + CLOCK (adaptive),0.6797473958333333,0.3202526041666667,425008512.0,153.72125,153.72125,307.4425,0.0,18.567767233181005,3.0,8.0,26.11934499999999,51.32679375000003,0.7259895833333333,0.20223958333333333,0.07177083333333334
results\integration-gate\traces\math_logic.bin,math_logic,8,2893,0,0.0,2893,Static Hot + LRU (adaptive),0.6927864583333333,0.30721354166666665,407704320.0,147.4625,147.4625,294.925,0.0,19.29343159710345,3.0,8.0,25.523052499999988,50.77340624999999,0.7459635416666667,0.186484375,0.06755208333333333
results\integration-gate\traces\math_logic.bin,math_logic,8,2893,0,0.0,2893,Frequency promotion (adaptive),0.6900260416666667,0.30997395833333335,411367680.0,101.62875,101.62875,203.2575,0.0,28.258454013535346,3.0,8.0,25.761127499999994,50.56422750000003,0.744765625,0.19330729166666666,0.061927083333333334
results\integration-gate\traces\math_logic.bin,math_logic,8,2893,0,0.0,2893,Hybrid policy (adaptive),0.6794895833333333,0.3205104166666667,335276928.0,121.26625,121.26625,242.5325,32.57875,23.39791067547916,3.0,8.0,25.32313899999999,47.43587737500001,0.72515625,0.19346354166666666,0.08138020833333333
results\integration-gate\traces\math_logic.bin,math_logic,8,2893,723,1.9989504,2170,Static Hot + CLOCK (adaptive),0.6796276041666667,0.3203723958333333,425167488.0,153.77875,153.77875,307.5575,0.0,14.147693303778981,3.0,8.0,26.08826,50.46957000000004,0.7303645833333333,0.19817708333333334,0.07145833333333333
results\integration-gate\traces\math_logic.bin,math_logic,8,2893,723,1.9989504,2170,Static Hot + LRU (adaptive),0.6883723958333333,0.3116276041666667,413562240.0,149.58125,149.58125,299.1625,0.0,14.530379696820924,3.0,8.0,25.854381249999992,50.04937500000001,0.7425,0.19,0.0675
results\integration-gate\traces\math_logic.bin,math_logic,8,2893,723,1.9989504,2170,Frequency promotion (adaptive),0.6864036458333334,0.31359635416666665,416174976.0,104.57375,104.57375,209.1475,0.0,21.007017184675185,3.0,8.0,26.07172874999999,49.78249125000004,0.7413541666666666,0.198515625,0.06013020833333333
results\integration-gate\traces\math_logic.bin,math_logic,8,2893,723,1.9989504,2170,Hybrid policy (adaptive),0.6804583333333334,0.31954166666666667,343685376.0,124.3075,124.3075,248.615,29.0725,17.404674671883125,3.0,8.0,25.39226412499999,47.052432374999995,0.728359375,0.19536458333333334,0.07627604166666667
results\integration-gate\traces\math_logic.bin,math_logic,8,2893,1446,3.9979008,1447,Static Hot + CLOCK (adaptive),0.6682083333333333,0.33179166666666665,440322048.0,159.26,159.26,318.52,0.0,9.250187645575572,3.0,8.0,26.879205,50.67019750000002,0.717265625,0.20799479166666668,0.07473958333333333
results\integration-gate\traces\math_logic.bin,math_logic,8,2893,1446,3.9979008,1447,Static Hot + LRU (adaptive),0.6753255208333333,0.32467447916666664,430876800.0,155.84375,155.84375,311.6875,0.0,9.411459726144743,3.0,8.0,26.620408749999992,50.29523624999998,0.7259895833333333,0.201484375,0.07252604166666667
results\integration-gate\traces\math_logic.bin,math_logic,8,2893,1446,3.9979008,1447,Frequency promotion (adaptive),0.6752421875,0.3247578125,430987392.0,111.8725,111.8725,223.745,0.0,13.386801941935023,3.0,8.0,26.44648374999999,50.14772874999996,0.72734375,0.20546875,0.0671875
results\integration-gate\traces\math_logic.bin,math_logic,8,2893,1446,3.9979008,1447,Hybrid policy (adaptive),0.6671015625,0.3328984375,366059520.0,132.4,132.4,264.8,27.39125,11.105323725788242,3.0,8.0,25.817120687499994,47.01139512500003,0.7122135416666666,0.2075,0.08028645833333334
results\integration-gate\traces\math_logic.bin,math_logic,8,2893,2170,5.999616,723,Static Hot + CLOCK (adaptive),0.6371276041666667,0.36287239583333336,481569408.0,174.17875,174.17875,348.3575,0.0,4.323470019537292,3.0,8.0,27.802634999999995,51.28350750000002,0.6721354166666667,0.24067708333333335,0.0871875
results\integration-gate\traces\math_logic.bin,math_logic,8,2893,2170,5.999616,723,Static Hot + LRU (adaptive),0.6429322916666667,0.35706770833333334,473865984.0,171.3925,171.3925,342.785,0.0,4.38980420792631,3.0,8.0,27.550007499999992,50.91486750000004,0.6813802083333333,0.23401041666666667,0.084609375
results\integration-gate\traces\math_logic.bin,math_logic,8,2893,2170,5.999616,723,Frequency promotion (adaptive),0.6397890625,0.3602109375,478037376.0,131.1825,131.1825,262.365,0.0,5.877620439118821,3.0,8.0,27.686681249999992,51.092475,0.6761979166666666,0.24041666666666667,0.08338541666666667
results\integration-gate\traces\math_logic.bin,math_logic,8,2893,2170,5.999616,723,Hybrid policy (adaptive),0.638546875,0.361453125,406024704.0,146.855,146.855,293.71,26.6425,5.104820939320784,3.0,8.0,26.480674374999996,47.26514412500001,0.6723958333333333,0.24,0.08760416666666666
results\integration-gate\traces\math_logic.bin,math_logic,10,3616,0,0.0,3616,LRU,0.7457786458333333,0.2542213541666667,337378176.0,122.02625,122.02625,244.0525,0.0,29.14195538926289,2.0,7.0,24.357355,49.181183750000024,0.816640625,0.13981770833333335,0.043541666666666666
results\integration-gate\traces\math_logic.bin,math_logic,10,3616,0,0.0,3616,CLOCK,0.7333255208333334,0.26667447916666664,353904768.0,128.00375,128.00375,256.0075,0.0,27.757924959198032,2.0,7.0,24.56236749999999,49.31746,0.8021354166666667,0.152109375,0.04575520833333333
results\integration-gate\traces\math_logic.bin,math_logic,10,3616,0,0.0,3616,LFU,0.3679140625,0.6320859375,838843776.0,303.40125,303.40125,606.8025,0.0,12.572707187401464,7.0,10.0,40.19060875,61.69728249999998,0.2551041666666667,0.3701041666666667,0.3747916666666667
results\integration-gate\traces\math_logic.bin,math_logic,10,3616,3616,9.9975168,0,Static Hot (universal),0.44083072916666666,0.5591692708333333,742075776.0,0.0,0.0,0.0,0.0,0.0,6.0,10.0,36.51959375,60.684181249999995,0.3739322916666667,0.33283854166666665,0.29322916666666665
results\integration-gate\traces\math_logic.bin,math_logic,10,3616,1808,4.9987584,1808,Static Hot + CLOCK (universal),0.6978255208333334,0.3021744791666667,401016960.0,145.04375,145.04375,290.0875,0.0,12.842125391808526,3.0,8.0,25.59558374999999,49.402620000000006,0.7589322916666666,0.18583333333333332,0.055234375
results\integration-gate\traces\math_logic.bin,math_logic,10,3616,1808,4.9987584,1808,Static Hot + LRU (universal),0.7063776041666666,0.2936223958333333,389667456.0,140.93875,140.93875,281.8775,0.0,13.175165820029912,2.0,8.0,25.465073749999995,49.12906874999998,0.7703645833333334,0.17796875,0.051666666666666666
results\integration-gate\traces\math_logic.bin,math_logic,10,3616,1808,4.9987584,1808,Frequency promotion (universal),0.7040625,0.2959375,392739840.0,99.4925,99.4925,198.985,0.0,19.049989474397808,3.0,7.0,25.57066499999999,48.66038750000005,0.769375,0.18341145833333333,0.047213541666666664
results\integration-gate\traces\math_logic.bin,math_logic,10,3616,1808,4.9987584,1808,Hybrid policy (universal),0.6983072916666667,0.30169270833333334,338819328.0,122.5475,122.5475,245.095,22.265,15.081879751286856,3.0,8.0,25.155559937499998,46.585045875000006,0.7551041666666667,0.18533854166666666,0.059557291666666665
results\integration-gate\traces\math_logic.bin,math_logic,10,3616,3616,9.9975168,0,Static Hot (adaptive),0.551453125,0.448546875,595268352.0,0.0,0.0,0.0,0.0,0.0,4.0,9.0,31.606138749999992,53.84511874999999,0.5309114583333333,0.32083333333333336,0.14825520833333333
results\integration-gate\traces\math_logic.bin,math_logic,10,3616,1808,4.9987584,1808,Static Hot + CLOCK (adaptive),0.7233072916666666,0.2766927083333333,367200000.0,132.8125,132.8125,265.625,0.0,13.90253371422689,2.0,7.0,25.02618249999999,48.57332375000003,0.79125,0.16260416666666666,0.04614583333333333
results\integration-gate\traces\math_logic.bin,math_logic,10,3616,1808,4.9987584,1808,Static Hot + LRU (adaptive),0.730953125,0.269046875,357053184.0,129.1425,129.1425,258.285,0.0,14.247951943872975,2.0,7.0,24.80044249999999,48.48478250000004,0.8000520833333333,0.15580729166666665,0.044140625
results\integration-gate\traces\math_logic.bin,math_logic,10,3616,1808,4.9987584,1808,Frequency promotion (adaptive),0.72715625,0.27284375,362092032.0,88.055,88.055,176.11,0.0,21.291363789306864,2.0,7.0,25.10068499999999,48.27788875000001,0.7991145833333333,0.16166666666666665,0.03921875
results\integration-gate\traces\math_logic.bin,math_logic,10,3616,1808,4.9987584,1808,Hybrid policy (adaptive),0.7228567708333333,0.27714322916666667,311212800.0,112.5625,112.5625,225.125,20.46625,16.30786559720948,2.0,8.0,24.641715562499993,46.348610625000035,0.78671875,0.162578125,0.050703125
results\integration-gate\traces\math_logic.bin,math_logic,12,4340,0,0.0,4340,LRU,0.7928151041666667,0.20718489583333333,274955904.0,99.44875,99.44875,198.8975,0.0,42.20497115148539,2.0,6.0,23.36977999999999,47.57368625000001,0.87375,0.101328125,0.024921875
results\integration-gate\traces\math_logic.bin,math_logic,12,4340,0,0.0,4340,CLOCK,0.7810442708333334,0.21895572916666667,290577024.0,105.09875,105.09875,210.1975,0.0,40.13186895923799,2.0,7.0,23.659661249999992,48.05788250000002,0.8628385416666666,0.10942708333333333,0.027734375
results\integration-gate\traces\math_logic.bin,math_logic,12,4340,0,0.0,4340,LFU,0.5068828125,0.4931171875,654417792.0,236.69625,236.69625,473.3925,0.0,19.15252953641971,5.0,9.0,33.616564999999994,54.84144249999999,0.4594270833333333,0.3539583333333333,0.18661458333333333
results\integration-gate\traces\math_logic.bin,math_logic,12,4340,4340,11.999232,0,Static Hot (universal),0.4925833333333333,0.5074166666666666,673394688.0,0.0,0.0,0.0,0.0,0.0,5.0,10.0,34.01847625,58.64889875000001,0.445078125,0.32893229166666665,0.22598958333333333
results\integration-gate\traces\math_logic.bin,math_logic,12,4340,2170,5.999616,2170,Static Hot + CLOCK (universal),0.7447109375,0.2552890625,338795136.0,122.53875,122.53875,245.0775,0.0,18.276608823471243,2.0,7.0,24.446414999999995,47.859022499999995,0.82140625,0.144453125,0.034140625
results\integration-gate\traces\math_logic.bin,math_logic,12,4340,2170,5.999616,2170,Static Hot + LRU (universal),0.75340625,0.24659375,327255552.0,118.365,118.365,236.73,0.0,18.880254622535503,2.0,7.0,24.318131249999986,47.72484750000004,0.8325520833333333,0.13572916666666668,0.03171875
results\integration-gate\traces\math_logic.bin,math_logic,12,4340,2170,5.999616,2170,Frequency promotion (universal),0.7502942708333333,0.24970572916666667,331385472.0,78.40875,78.40875,156.8175,0.0,28.985440232692476,2.0,7.0,24.44222374999999,47.599697499999984,0.8324479166666666,0.13971354166666666,0.027838541666666668
results\integration-gate\traces\math_logic.bin,math_logic,12,4340,2170,5.999616,2170,Hybrid policy (universal),0.7440364583333333,0.2559635416666667,294036480.0,106.35,106.35,212.7,16.5125,20.899951602233592,2.0,7.0,24.29269593749999,46.17477500000003,0.8167708333333333,0.1453125,0.03791666666666667
results\integration-gate\traces\math_logic.bin,math_logic,12,4340,4340,11.999232,0,Static Hot (adaptive),0.6042421875,0.3957578125,525211776.0,0.0,0.0,0.0,0.0,0.0,4.0,9.0,29.568821249999992,52.268057499999976,0.613828125,0.28015625,0.106015625
results\integration-gate\traces\math_logic.bin,math_logic,12,4340,2170,5.999616,2170,Static Hot + CLOCK (adaptive),0.7681119791666666,0.23188802083333335,307739520.0,111.30625,111.30625,222.6125,0.0,19.92310180012128,2.0,7.0,24.013688749999993,47.435176249999984,0.8473177083333333,0.12609375,0.026588541666666667
results\integration-gate\traces\math_logic.bin,math_logic,12,4340,2170,5.999616,2170,Static Hot + LRU (adaptive),0.7744296875,0.2255703125,299355264.0,108.27375,108.27375,216.5475,0.0,20.46297870507373,2.0,7.0,23.945351249999995,47.491328749999994,0.852734375,0.121796875,0.02546875
results\integration-gate\traces\math_logic.bin,math_logic,12,4340,2170,5.999616,2170,Frequency promotion (adaptive),0.773234375,0.226765625,300941568.0,67.12875,67.12875,134.2575,0.0,33.32733192400042,2.0,6.0,24.00752124999999,47.19418500000003,0.8584635416666667,0.12044270833333333,0.02109375
results\integration-gate\traces\math_logic.bin,math_logic,12,4340,2170,5.999616,2170,Hybrid policy (adaptive),0.7668072916666666,0.23319270833333333,268275456.0,97.0325,97.0325,194.065,14.9,22.66045236138332,2.0,7.0,23.982604999999992,46.05347887500002,0.8431770833333333,0.12713541666666667,0.0296875
results\integration-gate\traces\long_context.bin,long_context,2,723,0,0.0,723,LRU,0.335609375,0.664390625,881715456.0,318.9075,318.9075,637.815,0.0,2.2272798807585743,7.0,10.0,42.63177999999999,61.25008499999998,0.210078125,0.3826822916666667,0.4072395833333333
results\integration-gate\traces\long_context.bin,long_context,2,723,0,0.0,723,CLOCK,0.32770052083333334,0.6722994791666667,892211328.0,322.70375,322.70375,645.4075,0.0,2.1991671461566717,7.0,10.0,42.81607749999999,61.97571249999998,0.20471354166666667,0.3700260416666667,0.42526041666666664
results\integration-gate\traces\long_context.bin,long_context,2,723,0,0.0,723,LFU,0.025015625,0.974984375,1293905664.0,467.9925,467.9925,935.985,0.0,1.5592127392214974,10.0,10.0,59.97304999999994,67.6032,0.0077083333333333335,0.0221875,0.9701041666666667
results\integration-gate\traces\long_context.bin,long_context,2,723,723,1.9989504,0,Static Hot (universal),0.20472135416666667,0.7952786458333333,1055417472.0,0.0,0.0,0.0,0.0,0.0,8.0,10.0,49.07334374999998,64.11333999999998,0.06046875,0.28356770833333333,0.6559635416666667
results\integration-gate\traces\long_context.bin,long_context,2,723,361,0.9980928,362,Static Hot + CLOCK (universal),0.15705729166666665,0.8429427083333333,1118672640.0,404.6125,404.6125,809.225,0.0,0.9026817720325387,9.0,10.0,52.55197874999997,65.76304999999998,0.042265625,0.20203125,0.755703125
results\integration-gate\traces\long_context.bin,long_context,2,723,361,0.9980928,362,Static Hot + LRU (universal),0.14759375,0.85240625,1131231744.0,409.155,409.155,818.31,0.0,0.8940948500579409,9.0,10.0,52.57270624999998,65.76304999999998,0.03440104166666667,0.19026041666666665,0.7753385416666667
results\integration-gate\traces\long_context.bin,long_context,2,723,361,0.9980928,362,Frequency promotion (universal),0.2429375,0.7570625,1004700672.0,315.79625,315.79625,631.5925,0.0,1.1859733284762082,8.0,10.0,46.21597249999999,65.47620374999998,0.10778645833333333,0.31721354166666665,0.575
results\integration-gate\traces\long_context.bin,long_context,2,723,361,0.9980928,362,Hybrid policy (universal),0.2881927083333333,0.7118072916666667,720873216.0,260.7325,260.7325,521.465,80.935,1.4196099708664767,7.0,10.0,35.510866437500006,55.8954325,0.13401041666666666,0.387109375,0.47888020833333333
results\integration-gate\traces\long_context.bin,long_context,2,723,723,1.9989504,0,Static Hot (adaptive),0.18439583333333334,0.8156041666666667,1082391552.0,0.0,0.0,0.0,0.0,0.0,9.0,10.0,50.00099374999998,63.164618749999974,0.040338541666666665,0.26296875,0.6966927083333333
results\integration-gate\traces\long_context.bin,long_context,2,723,361,0.9980928,362,Static Hot + CLOCK (adaptive),0.10703125,0.89296875,1185062400.0,428.625,428.625,857.25,0.0,0.8697277235655114,9.0,10.0,54.29129749999996,65.22756374999999,0.004921875,0.13192708333333333,0.8631510416666667
results\integration-gate\traces\long_context.bin,long_context,2,723,361,0.9980928,362,Static Hot + LRU (adaptive),0.106609375,0.893390625,1185622272.0,428.8275,428.8275,857.655,0.0,0.8671474981108628,9.0,10.0,54.29129749999996,65.22756374999999,0.004270833333333333,0.131875,0.8638541666666667
results\integration-gate\traces\long_context.bin,long_context,2,723,361,0.9980928,362,Frequency promotion (adaptive),0.19014583333333332,0.8098541666666667,1074760704.0,341.2925,341.2925,682.585,0.0,1.1175799342712258,9.0,10.0,51.624339999999975,65.00922499999997,0.05901041666666667,0.26286458333333335,0.678125
results\integration-gate\traces\long_context.bin,long_context,2,723,361,0.9980928,362,Hybrid policy (adaptive),0.26125,0.73875,748168704.0,270.605,270.605,541.21,83.995,1.3816302432180319,8.0,10.0,36.37092293750001,57.416877874999976,0.09786458333333334,0.3788020833333333,0.5233333333333333
results\integration-gate\traces\long_context.bin,long_context,4,1446,0,0.0,1446,LRU,0.49909114583333336,0.5009088541666666,664758144.0,240.43625,240.43625,480.8725,0.0,5.897624461750198,5.0,10.0,33.974785,56.346886250000004,0.45317708333333334,0.3480989583333333,0.19872395833333334
results\integration-gate\traces\long_context.bin,long_context,4,1446,0,0.0,1446,CLOCK,0.48775,0.51225,679809024.0,245.88,245.88,491.76,0.0,5.780256567182319,5.0,10.0,34.35373125000001,56.61372875000001,0.43307291666666664,0.36109375,0.20583333333333334
results\integration-gate\traces\long_context.bin,long_context,4,1446,0,0.0,1446,LFU,0.12830208333333334,0.8716979166666666,1156833792.0,418.415,418.415,836.83,0.0,3.550164741487007,9.0,10.0,54.117343749999954,65.199975,0.015755208333333333,0.150390625,0.8338541666666667
results\integration-gate\traces\long_context.bin,long_context,4,1446,1446,3.9979008,0,Static Hot (universal),0.315390625,0.684609375,908547840.0,0.0,0.0,0.0,0.0,0.0,7.0,10.0,42.8057125,61.45916999999998,0.15971354166666665,0.40630208333333334,0.433984375
results\integration-gate\traces\long_context.bin,long_context,4,1446,723,1.9989504,723,Static Hot + CLOCK (universal),0.4676197916666667,0.5323802083333333,706523904.0,255.5425,255.5425,511.085,0.0,2.8288194390049037,5.0,10.0,35.482167499999996,55.87715125000001,0.3977864583333333,0.37697916666666664,0.225234375
results\integration-gate\traces\long_context.bin,long_context,4,1446,723,1.9989504,723,Static Hot + LRU (universal),0.4770234375,0.5229765625,694044288.0,251.02875,251.02875,502.0575,0.0,2.881947630922692,5.0,10.0,35.022557500000005,55.727768750000024,0.4140625,0.368203125,0.217734375
results\integration-gate\traces\long_context.bin,long_context,4,1446,723,1.9989504,723,Frequency promotion (universal),0.46408333333333335,0.5359166666666667,711217152.0,210.53125,210.53125,421.0625,0.0,3.506853903261836,5.0,9.0,35.455283750000014,55.72818125000002,0.38903645833333333,0.38830729166666667,0.22265625
results\integration-gate\traces\long_context.bin,long_context,4,1446,723,1.9989504,723,Hybrid policy (universal),0.46025,0.53975,562263552.0,203.365,203.365,406.73,55.715,3.600005783194287,5.0,10.0,30.984420000000004,49.633585000000004,0.3858333333333333,0.37359375,0.24057291666666666
results\integration-gate\traces\long_context.bin,long_context,4,1446,1446,3.9979008,0,Static Hot (adaptive),0.30421614583333334,0.6957838541666667,923377536.0,0.0,0.0,0.0,0.0,0.0,7.0,10.0,43.41236375,60.05447749999998,0.13138020833333333,0.42973958333333334,0.43888020833333335
results\integration-gate\traces\long_context.bin,long_context,4,1446,723,1.9989504,723,Static Hot + CLOCK (adaptive),0.45617708333333334,0.5438229166666667,721709568.0,261.035,261.035,522.07,0.0,2.794729192462467,5.0,10.0,35.90453375,55.53524249999999,0.37861979166666665,0.386875,0.23450520833333333
results\integration-gate\traces\long_context.bin,long_context,4,1446,723,1.9989504,723,Static Hot + LRU (adaptive),0.4676796875,0.5323203125,706444416.0,255.51375,255.51375,511.0275,0.0,2.8520369935280585,5.0,10.0,35.2233725,55.650008750000026,0.39893229166666666,0.37528645833333335,0.22578125
results\integration-gate\traces\long_context.bin,long_context,4,1446,723,1.9989504,723,Frequency promotion (adaptive),0.45324739583333334,0.5467526041666667,725597568.0,215.8325,215.8325,431.665,0.0,3.4517999931260595,5.0,9.0,35.96670625,55.37388124999999,0.3713020833333333,0.396015625,0.23268229166666668
results\integration-gate\traces\long_context.bin,long_context,4,1446,723,1.9989504,723,Hybrid policy (adaptive),0.4490338541666667,0.5509661458333334,573364224.0,207.38,207.38,414.76,57.08375,3.557686669594365,6.0,10.0,31.249350687499998,49.647752125,0.36796875,0.3809635416666667,0.2510677083333333
results\integration-gate\traces\long_context.bin,long_context,6,2170,0,0.0,2170,LRU,0.5994036458333334,0.40059635416666667,531633024.0,192.28625,192.28625,384.5725,0.0,10.970211788007335,4.0,9.0,29.55845499999999,52.575801250000026,0.6146614583333333,0.2757291666666667,0.109609375
results\integration-gate\traces\long_context.bin,long_context,6,2170,0,0.0,2170,CLOCK,0.5889973958333333,0.4110026041666667,545443200.0,197.28125,197.28125,394.5625,0.0,10.72595035985262,4.0,9.0,29.775806249999988,52.834405,0.5992708333333333,0.28453125,0.11619791666666666
results\integration-gate\traces\long_context.bin,long_context,6,2170,0,0.0,2170,LFU,0.2656640625,0.7343359375,974540160.0,352.48125,352.48125,704.9625,0.0,6.324439752556973,8.0,10.0,46.21596874999999,60.92517249999998,0.09424479166666666,0.38765625,0.5180989583333333
results\integration-gate\traces\long_context.bin,long_context,6,2170,2170,5.999616,0,Static Hot (universal),0.4115182291666667,0.5884817708333333,780976512.0,0.0,0.0,0.0,0.0,0.0,6.0,10.0,37.42228625,58.412807499999985,0.2908854166666667,0.43635416666666665,0.27276041666666667
results\integration-gate\traces\long_context.bin,long_context,6,2170,1085,2.999808,1085,Static Hot + CLOCK (universal),0.5624765625,0.4375234375,580639104.0,210.01125,210.01125,420.0225,0.0,5.18129200397433,4.0,9.0,31.082377499999993,52.85178500000004,0.5554947916666667,0.31091145833333333,0.13359375
results\integration-gate\traces\long_context.bin,long_context,6,2170,1085,2.999808,1085,Static Hot + LRU (universal),0.5669427083333334,0.4330572916666667,574712064.0,207.8675,207.8675,415.735,0.0,5.2389178950440805,4.0,9.0,31.03673624999999,52.691595,0.56265625,0.30473958333333334,0.13260416666666666
results\integration-gate\traces\long_context.bin,long_context,6,2170,1085,2.999808,1085,Frequency promotion (universal),0.5586666666666666,0.44133333333333336,585695232.0,166.11375,166.11375,332.2275,0.0,6.68596732888406,4.0,9.0,31.378424999999993,52.44621625000002,0.5481510416666666,0.3223697916666667,0.12947916666666667
results\integration-gate\traces\long_context.bin,long_context,6,2170,1085,2.999808,1085,Hybrid policy (universal),0.5589661458333334,0.4410338541666667,471595392.0,170.57125,170.57125,341.1425,41.125,6.409653548554219,4.0,9.0,28.498882687499997,47.45404875000001,0.547265625,0.309375,0.143359375
results\integration-gate\traces\long_context.bin,long_context,6,2170,2170,5.999616,0,Static Hot (adaptive),0.3991119791666667,0.6008880208333334,797440896.0,0.0,0.0,0.0,0.0,0.0,6.0,10.0,38.26700375,57.265938749999975,0.25354166666666667,0.47973958333333333,0.26671875
results\integration-gate\traces\long_context.bin,long_context,6,2170,1085,2.999808,1085,Static Hot + CLOCK (adaptive),0.557515625,0.442484375,587222784.0,212.3925,212.3925,424.785,0.0,5.169940932319244,4.0,9.0,31.208688749999993,52.46098000000001,0.5420572916666667,0.32984375,0.12809895833333335
results\integration-gate\traces\long_context.bin,long_context,6,2170,1085,2.999808,1085,Static Hot + LRU (adaptive),0.5630677083333333,0.43693229166666664,579854592.0,209.7275,209.7275,419.455,0.0,5.230348057447392,4.0,9.0,31.10309999999999,52.45294375000002,0.5518489583333334,0.32197916666666665,0.126171875
results\integration-gate\traces\long_context.bin,long_context,6,2170,1085,2.999808,1085,Frequency promotion (adaptive),0.5551354166666667,0.44486458333333334,590381568.0,167.7375,167.7375,335.475,0.0,6.681312106610701,4.0,9.0,31.37842624999999,52.14122375000001,0.5397135416666666,0.33765625,0.12263020833333334
results\integration-gate\traces\long_context.bin,long_context,6,2170,1085,2.999808,1085,Hybrid policy (adaptive),0.5541979166666666,0.4458020833333333,478617984.0,173.11125,173.11125,346.2225,40.87375,6.364280595315231,4.0,9.0,28.6299190625,47.33123212500003,0.5352604166666667,0.326640625,0.13809895833333333
results\integration-gate\traces\long_context.bin,long_context,8,2893,0,0.0,2893,LRU,0.6688098958333333,0.33119010416666667,439523712.0,158.97125,158.97125,317.9425,0.0,17.636818441328707,3.0,8.0,26.73019124999999,50.4856675,0.7211197916666666,0.21190104166666668,0.06697916666666667
results\integration-gate\traces\long_context.bin,long_context,8,2893,0,0.0,2893,CLOCK,0.6602734375,0.3397265625,450852480.0,163.06875,163.06875,326.1375,0.0,17.147668651680263,3.0,8.0,26.984798749999996,50.48761000000004,0.7111197916666666,0.220078125,0.06880208333333333
results\integration-gate\traces\long_context.bin,long_context,8,2893,0,0.0,2893,LFU,0.3757213541666667,0.6242786458333334,828482688.0,299.65375,299.65375,599.3075,0.0,9.886069056819808,6.0,10.0,39.56321749999999,59.1354925,0.22544270833333332,0.46380208333333334,0.3107552083333333
results\integration-gate\traces\long_context.bin,long_context,8,2893,2893,7.9985664,0,Static Hot (universal),0.48971354166666664,0.5102864583333333,677203200.0,0.0,0.0,0.0,0.0,0.0,5.0,9.0,33.4798825,56.01384874999999,0.4240625,0.39286458333333335,0.18307291666666667
results\integration-gate\traces\long_context.bin,long_context,8,2893,0,0.0,2893,Static Hot + CLOCK (universal),0.6602734375,0.3397265625,450852480.0,163.06875,163.06875,326.1375,0.0,17.147668651680263,3.0,8.0,26.984798749999996,50.48761000000004,0.7111197916666666,0.220078125,0.06880208333333333
results\integration-gate\traces\long_context.bin,long_context,8,2893,0,0.0,2893,Static Hot + LRU (universal),0.6688098958333333,0.33119010416666667,439523712.0,158.97125,158.97125,317.9425,0.0,17.636818441328707,3.0,8.0,26.73019124999999,50.4856675,0.7211197916666666,0.21190104166666668,0.06697916666666667
results\integration-gate\traces\long_context.bin,long_context,8,2893,0,0.0,2893,Frequency promotion (universal),0.6578984375,0.3421015625,454004352.0,115.97,115.97,231.94,0.0,24.392051398259547,3.0,8.0,26.81087124999999,49.99784375,0.711640625,0.22611979166666665,0.062239583333333334
results\integration-gate\traces\long_context.bin,long_context,8,2893,0,0.0,2893,Hybrid policy (universal),0.6533723958333333,0.34662760416666666,366768000.0,132.65625,132.65625,265.3125,33.725,21.318470887945583,3.0,8.0,26.052984999999993,47.15281037500002,0.6974739583333334,0.21854166666666666,0.083984375
results\integration-gate\traces\long_context.bin,long_context,8,2893,723,1.9989504,2170,Static Hot + CLOCK (universal),0.6547109375,0.3452890625,458234496.0,165.73875,165.73875,331.4775,0.0,12.909128941320335,3.0,8.0,27.369907499999993,50.37498625,0.7014322916666667,0.22973958333333333,0.068828125
results\integration-gate\traces\long_context.bin,long_context,8,2893,723,1.9989504,2170,Static Hot + LRU (universal),0.6601458333333333,0.3398541666666667,451021824.0,163.13,163.13,326.26,0.0,13.132433348933704,3.0,8.0,27.311933749999987,50.255242499999994,0.708984375,0.22190104166666666,0.06911458333333333
results\integration-gate\traces\long_context.bin,long_context,8,2893,723,1.9989504,2170,Frequency promotion (universal),0.649671875,0.350328125,464921856.0,121.44875,121.44875,242.8975,0.0,17.949170823029743,3.0,8.0,27.40099374999999,49.81906625,0.6976822916666666,0.23638020833333334,0.0659375
results\integration-gate\traces\long_context.bin,long_context,8,2893,723,1.9989504,2170,Hybrid policy (universal),0.6496015625,0.3503984375,377087616.0,136.38875,136.38875,272.7775,31.8025,15.709612839823304,3.0,8.0,26.27891674999999,46.96479450000003,0.6916145833333334,0.22505208333333335,0.08333333333333333
results\integration-gate\traces\long_context.bin,long_context,8,2893,1446,3.9979008,1447,Static Hot + CLOCK (universal),0.6409765625,0.3590234375,476461440.0,172.33125,172.33125,344.6625,0.0,8.425500043799456,3.0,8.0,27.887506249999994,50.06000625000003,0.680859375,0.243671875,0.07546875
results\integration-gate\traces\long_context.bin,long_context,8,2893,1446,3.9979008,1447,Static Hot + LRU (universal),0.6450234375,0.3549765625,471090816.0,170.38875,170.38875,340.7775,0.0,8.52149658015664,3.0,8.0,27.83371749999999,50.09137374999998,0.6860677083333333,0.238515625,0.07541666666666667
results\integration-gate\traces\long_context.bin,long_context,8,2893,1446,3.9979008,1447,Frequency promotion (universal),0.6393307291666667,0.36066927083333333,478645632.0,128.3275,128.3275,256.655,0.0,11.535492776224133,3.0,8.0,27.846057499999993,50.11195000000002,0.6830989583333333,0.24666666666666667,0.070234375
results\integration-gate\traces\long_context.bin,long_context,8,2893,1446,3.9979008,1447,Hybrid policy (universal),0.6403463541666666,0.3596536458333333,395725824.0,143.13,143.13,286.26,29.50375,10.125269755484243,3.0,8.0,26.541559999999993,46.60726562500002,0.6772916666666666,0.24106770833333332,0.081640625
results\integration-gate\traces\long_context.bin,long_context,8,2893,2170,5.999616,723,Static Hot + CLOCK (universal),0.6173098958333333,0.38269010416666666,507869568.0,183.69125,183.69125,367.3825,0.0,4.005306671362856,4.0,8.0,28.62466624999999,50.99155500000003,0.6447135416666666,0.27307291666666667,0.08221354166666667
results\integration-gate\traces\long_context.bin,long_context,8,2893,2170,5.999616,723,Static Hot + LRU (universal),0.6216458333333333,0.37835416666666666,502115328.0,181.61,181.61,363.22,0.0,4.049919401726658,4.0,8.0,28.487991249999993,50.786196250000046,0.6520572916666667,0.26630208333333333,0.081640625
results\integration-gate\traces\long_context.bin,long_context,8,2893,2170,5.999616,723,Frequency promotion (universal),0.6138255208333333,0.38617447916666664,512493696.0,142.5775,142.5775,285.155,0.0,5.293943943022041,4.0,8.0,28.603943749999992,50.67200999999999,0.6403385416666667,0.2786458333333333,0.081015625
results\integration-gate\traces\long_context.bin,long_context,8,2893,2170,5.999616,723,Hybrid policy (universal),0.61521875,0.38478125,432590976.0,156.46375,156.46375,312.9275,28.23125,4.7058366678416315,4.0,8.0,27.18203418749999,46.680852874999985,0.638984375,0.2736458333333333,0.08736979166666667
results\integration-gate\traces\long_context.bin,long_context,8,2893,2893,7.9985664,0,Static Hot (adaptive),0.47974479166666667,0.5202552083333334,690432768.0,0.0,0.0,0.0,0.0,0.0,5.0,9.0,34.01006875,54.864771250000004,0.3915885416666667,0.44083333333333335,0.167578125
results\integration-gate\traces\long_context.bin,long_context,8,2893,0,0.0,2893,Static Hot + CLOCK (adaptive),0.6602734375,0.3397265625,450852480.0,163.06875,163.06875,326.1375,0.0,17.147668651680263,3.0,8.0,26.984798749999996,50.48761000000004,0.7111197916666666,0.220078125,0.06880208333333333
results\integration-gate\traces\long_context.bin,long_context,8,2893,0,0.0,2893,Static Hot + LRU (adaptive),0.6688098958333333,0.33119010416666667,439523712.0,158.97125,158.97125,317.9425,0.0,17.636818441328707,3.0,8.0,26.73019124999999,50.4856675,0.7211197916666666,0.21190104166666668,0.06697916666666667
results\integration-gate\traces\long_context.bin,long_context,8,2893,0,0.0,2893,Frequency promotion (adaptive),0.6578984375,0.3421015625,454004352.0,115.97,115.97,231.94,0.0,24.392051398259547,3.0,8.0,26.81087124999999,49.99784375,0.711640625,0.22611979166666665,0.062239583333333334
results\integration-gate\traces\long_context.bin,long_context,8,2893,0,0.0,2893,Hybrid policy (adaptive),0.6533723958333333,0.34662760416666666,366768000.0,132.65625,132.65625,265.3125,33.725,21.318470887945583,3.0,8.0,26.052984999999993,47.15281037500002,0.6974739583333334,0.21854166666666666,0.083984375
results\integration-gate\traces\long_context.bin,long_context,8,2893,723,1.9989504,2170,Static Hot + CLOCK (adaptive),0.6496588541666667,0.3503411458333333,464939136.0,168.16375,168.16375,336.3275,0.0,12.799342793940472,3.0,8.0,27.659788749999993,50.47262750000003,0.693515625,0.23622395833333334,0.07026041666666667
results\integration-gate\traces\long_context.bin,long_context,8,2893,723,1.9989504,2170,Static Hot + LRU (adaptive),0.6548151041666667,0.34518489583333334,458096256.0,165.68875,165.68875,331.3775,0.0,13.013627746885874,3.0,8.0,27.659789999999987,50.46930125000004,0.6999739583333333,0.22888020833333333,0.07114583333333334
results\integration-gate\traces\long_context.bin,long_context,8,2893,723,1.9989504,2170,Frequency promotion (adaptive),0.6453541666666667,0.3546458333333333,470651904.0,123.62125,123.62125,247.2425,0.0,17.72424658498803,3.0,8.0,27.60798624999999,49.76159999999999,0.6913020833333333,0.24177083333333332,0.06692708333333333
results\integration-gate\traces\long_context.bin,long_context,8,2893,723,1.9989504,2170,Hybrid policy (adaptive),0.6444453125,0.3555546875,383260032.0,138.62125,138.62125,277.2425,32.045,15.548292629485427,3.0,8.0,26.407591437499992,46.90415437500002,0.6828645833333333,0.231875,0.08526041666666667
results\integration-gate\traces\long_context.bin,long_context,8,2893,1446,3.9979008,1447,Static Hot + CLOCK (adaptive),0.6397395833333334,0.3602604166666667,478103040.0,172.925,172.925,345.85,0.0,8.479552825215798,3.0,8.0,27.877143749999995,49.83715250000002,0.6807291666666667,0.24989583333333334,0.069375
results\integration-gate\traces\long_context.bin,long_context,8,2893,1446,3.9979008,1447,Static Hot + LRU (adaptive),0.643921875,0.356078125,472552704.0,170.9175,170.9175,341.835,0.0,8.565151470166171,3.0,8.0,27.83988999999999,49.88321250000002,0.6855729166666666,0.24473958333333334,0.0696875
results\integration-gate\traces\long_context.bin,long_context,8,2893,1446,3.9979008,1447,Frequency promotion (adaptive),0.6367526041666667,0.3632473958333333,482067072.0,129.45625,129.45625,258.9125,0.0,11.564510910885003,3.0,8.0,27.88331125,49.934002500000005,0.6804166666666667,0.2534635416666667,0.06611979166666666
results\integration-gate\traces\long_context.bin,long_context,8,2893,1446,3.9979008,1447,Hybrid policy (adaptive),0.637546875,0.362453125,401663232.0,145.2775,145.2775,290.555,28.7,10.087070473539557,3.0,8.0,26.71413893749999,46.55605887500002,0.6727083333333334,0.250390625,0.07690104166666667
results\integration-gate\traces\long_context.bin,long_context,8,2893,2170,5.999616,723,Static Hot + CLOCK (adaptive),0.6135677083333333,0.38643229166666665,512835840.0,185.4875,185.4875,370.975,0.0,4.036545796903766,4.0,8.0,28.50452374999999,50.6363575,0.6370052083333333,0.2892708333333333,0.07372395833333334
results\integration-gate\traces\long_context.bin,long_context,8,2893,2170,5.999616,723,Static Hot + LRU (adaptive),0.6186666666666667,0.38133333333333336,506068992.0,183.04,183.04,366.08,0.0,4.086645377146167,4.0,8.0,28.38658999999999,50.49818875000003,0.6458072916666666,0.28177083333333336,0.072421875
results\integration-gate\traces\long_context.bin,long_context,8,2893,2170,5.999616,723,Frequency promotion (adaptive),0.6116119791666667,0.38838802083333335,515431296.0,143.5525,143.5525,287.105,0.0,5.361769246091027,4.0,8.0,28.514884999999992,50.34339750000003,0.637421875,0.29213541666666665,0.07044270833333334
results\integration-gate\traces\long_context.bin,long_context,8,2893,2170,5.999616,723,Hybrid policy (adaptive),0.6128463541666667,0.38715364583333334,441272448.0,159.60375,159.60375,319.2075,26.23,4.681997702956065,4.0,8.0,27.178765562499997,46.54162275000001,0.6341927083333333,0.28888020833333333,0.07692708333333333
results\integration-gate\traces\long_context.bin,long_context,10,3616,0,0.0,3616,LRU,0.7227421875,0.2772578125,367949952.0,133.08375,133.08375,266.1675,0.0,26.14797730328135,2.0,7.0,24.947478749999988,48.48442125000001,0.798828125,0.15963541666666667,0.04153645833333333
results\integration-gate\traces\long_context.bin,long_context,10,3616,0,0.0,3616,CLOCK,0.7141953125,0.2858046875,379292544.0,137.18625,137.18625,274.3725,0.0,25.359295496373278,2.0,7.0,25.100684999999984,48.64937375000004,0.78984375,0.16731770833333334,0.04283854166666667
results\integration-gate\traces\long_context.bin,long_context,10,3616,0,0.0,3616,LFU,0.4408125,0.5591875,742099968.0,268.41,268.41,536.82,0.0,13.888736846243477,6.0,9.0,36.3994275,56.06300375000001,0.319140625,0.4684114583333333,0.21244791666666665
results\integration-gate\traces\long_context.bin,long_context,10,3616,3616,9.9975168,0,Static Hot (universal),0.5544244791666667,0.44557552083333335,591325056.0,0.0,0.0,0.0,0.0,0.0,4.0,9.0,30.440439999999995,53.74424875000002,0.5358333333333334,0.34075520833333334,0.12341145833333333
results\integration-gate\traces\long_context.bin,long_context,10,3616,1808,4.9987584,1808,Static Hot + CLOCK (universal),0.7050364583333333,0.29496354166666666,391447296.0,141.5825,141.5825,283.165,0.0,12.75373826424112,3.0,7.0,25.74459499999999,48.801423750000005,0.7796614583333333,0.176640625,0.04369791666666667
results\integration-gate\traces\long_context.bin,long_context,10,3616,1808,4.9987584,1808,Static Hot + LRU (universal),0.7086145833333334,0.2913854166666667,386698752.0,139.865,139.865,279.73,0.0,12.920873762601248,2.0,7.0,25.728064999999994,48.72815625000003,0.7832552083333333,0.17260416666666667,0.044140625
results\integration-gate\traces\long_context.bin,long_context,10,3616,1808,4.9987584,1808,Frequency promotion (universal),0.6983411458333333,0.30165885416666666,400332672.0,101.00625,101.00625,202.0125,0.0,18.255600863352594,3.0,7.0,25.877079999999985,48.25041250000003,0.7749739583333334,0.18239583333333334,0.042630208333333336
results\integration-gate\traces\long_context.bin,long_context,10,3616,1808,4.9987584,1808,Hybrid policy (universal),0.70140625,0.29859375,337364352.0,122.02125,122.02125,244.0425,21.30375,14.775053122462195,3.0,8.0,25.225919374999993,46.26557462500002,0.7693489583333334,0.179375,0.05127604166666667
results\integration-gate\traces\long_context.bin,long_context,10,3616,3616,9.9975168,0,Static Hot (adaptive),0.5511015625,0.4488984375,595734912.0,0.0,0.0,0.0,0.0,0.0,4.0,8.0,30.608197499999992,52.526742500000005,0.5238020833333333,0.3763020833333333,0.09989583333333334
results\integration-gate\traces\long_context.bin,long_context,10,3616,1808,4.9987584,1808,Static Hot + CLOCK (adaptive),0.7032135416666667,0.29678645833333334,393866496.0,142.4575,142.4575,284.915,0.0,12.825881487922155,3.0,7.0,25.829462499999988,48.31764875000003,0.7794791666666666,0.18263020833333332,0.037890625
results\integration-gate\traces\long_context.bin,long_context,10,3616,1808,4.9987584,1808,Static Hot + LRU (adaptive),0.7066927083333333,0.2933072916666667,389249280.0,140.7875,140.7875,281.575,0.0,12.955984271997965,3.0,7.0,25.77148749999999,48.305940000000035,0.7814583333333334,0.18013020833333335,0.038411458333333336
results\integration-gate\traces\long_context.bin,long_context,10,3616,1808,4.9987584,1808,Frequency promotion (adaptive),0.69734375,0.30265625,401656320.0,101.33875,101.33875,202.6775,0.0,18.349287160292697,3.0,7.0,25.792211249999994,48.26171375,0.7754947916666667,0.18682291666666667,0.037682291666666666
results\integration-gate\traces\long_context.bin,long_context,10,3616,1808,4.9987584,1808,Hybrid policy (adaptive),0.6998072916666667,0.30019270833333334,342486144.0,123.87375,123.87375,247.7475,20.21875,14.703449211550277,3.0,7.0,25.195956374999994,46.179608625000036,0.7699739583333334,0.18403645833333335,0.045989583333333334
results\integration-gate\traces\long_context.bin,long_context,12,4340,0,0.0,4340,LRU,0.7696484375,0.2303515625,305700480.0,110.56875,110.56875,221.1375,0.0,37.42179177027364,2.0,6.0,23.72997749999999,47.68460875000002,0.8589583333333334,0.1146875,0.026354166666666668
results\integration-gate\traces\long_context.bin,long_context,12,4340,0,0.0,4340,CLOCK,0.7620703125,0.2379296875,315757440.0,114.20625,114.20625,228.4125,0.0,36.25091293771178,2.0,6.0,23.88737499999999,47.64582499999998,0.8526302083333334,0.12190104166666667,0.02546875
results\integration-gate\traces\long_context.bin,long_context,12,4340,0,0.0,4340,LFU,0.5246953125,0.4753046875,630778752.0,228.14625,228.14625,456.2925,0.0,19.809551108871275,5.0,8.0,32.223150000000004,52.06831499999998,0.4627604166666667,0.43028645833333334,0.106953125
results\integration-gate\traces\long_context.bin,long_context,12,4340,4340,11.999232,0,Static Hot (universal),0.6113489583333334,0.38865104166666664,515780352.0,0.0,0.0,0.0,0.0,0.0,4.0,8.0,28.10904624999999,51.445905,0.6316666666666667,0.28875,0.07958333333333334
results\integration-gate\traces\long_context.bin,long_context,12,4340,2170,5.999616,2170,Static Hot + CLOCK (universal),0.7531875,0.2468125,327545856.0,118.47,118.47,236.94,0.0,18.19613415755163,2.0,7.0,24.30973999999999,47.42431000000003,0.844296875,0.129765625,0.0259375
results\integration-gate\traces\long_context.bin,long_context,12,4340,2170,5.999616,2170,Static Hot + LRU (universal),0.75821875,0.24178125,320868864.0,116.055,116.055,232.11,0.0,18.553985725341818,2.0,7.0,24.28704124999999,47.33075250000001,0.8494270833333334,0.12489583333333333,0.025677083333333333
results\integration-gate\traces\long_context.bin,long_context,12,4340,2170,5.999616,2170,Frequency promotion (universal),0.7464375,0.2535625,336503808.0,78.92375,78.92375,157.8475,0.0,27.864329394693197,2.0,6.0,24.35118624999999,47.23492875000002,0.8427864583333333,0.13247395833333334,0.024739583333333332
results\integration-gate\traces\long_context.bin,long_context,12,4340,2170,5.999616,2170,Hybrid policy (universal),0.7523828125,0.2476171875,285697152.0,103.33375,103.33375,206.6675,15.5225,20.837011050303502,2.0,7.0,24.11681743749999,46.01690450000002,0.8380208333333333,0.1303125,0.03166666666666667
results\integration-gate\traces\long_context.bin,long_context,12,4340,4340,11.999232,0,Static Hot (adaptive),0.60771875,0.39228125,520598016.0,0.0,0.0,0.0,0.0,0.0,4.0,8.0,28.21463999999999,50.65229874999998,0.628984375,0.30854166666666666,0.062473958333333336
results\integration-gate\traces\long_context.bin,long_context,12,4340,2170,5.999616,2170,Static Hot + CLOCK (adaptive),0.752953125,0.247046875,327856896.0,118.5825,118.5825,237.165,0.0,18.38058434621526,2.0,6.0,24.32010124999999,47.01351124999998,0.8456770833333334,0.1309375,0.023385416666666665
results\integration-gate\traces\long_context.bin,long_context,12,4340,2170,5.999616,2170,Static Hot + LRU (adaptive),0.757796875,0.242203125,321428736.0,116.2575,116.2575,232.515,0.0,18.691088180654628,2.0,6.0,24.22487124999999,47.093999999999994,0.850078125,0.12682291666666667,0.023098958333333332
results\integration-gate\traces\long_context.bin,long_context,12,4340,2170,5.999616,2170,Frequency promotion (adaptive),0.7453515625,0.2546484375,337944960.0,79.3575,79.3575,158.715,0.0,27.967581109590608,2.0,6.0,24.35118999999999,46.94175125000002,0.843125,0.13505208333333332,0.021822916666666668
results\integration-gate\traces\long_context.bin,long_context,12,4340,2170,5.999616,2170,Hybrid policy (adaptive),0.751828125,0.248171875,290131200.0,104.9375,104.9375,209.875,14.185,20.724056153013468,2.0,7.0,24.14539724999999,45.92663037499999,0.8395052083333333,0.13247395833333334,0.02802083333333333
