graph_id,node_index,op,fused_nodes,worker_us,barrier_us,graph_elapsed_us,name,src0,src1
0,0,GET_ROWS,0,3,8,11,"model.input_embed","token_embd.weight","inp_tokens"
1,5,MUL_MAT,0,318,15,651,"linear_attn_out-0","blk.0.ssm_out.weight","final_output-0"
1,34,SCALE,0,0,1,924,"ffn_moe_inp-0","node_104",""
1,70,ADD,0,2,1,1714,"ffn_moe_out-0","node_140","ffn_moe_weighted-0 (view)"
1,93,MUL_MAT,0,34,2,2650,"ffn_shexp-0","blk.0.ffn_down_shexp.weight","ffn_swiglu-0"
1,96,MUL,0,3,0,2662,"ffn_shexp_gated-0","ffn_shexp-0","shared_expert_gate_sigmoid-0"
1,97,ADD,0,1,1,2665,"ffn_out-0","ffn_moe_out-0","ffn_shexp_gated-0"
2,5,MUL_MAT,0,312,18,641,"linear_attn_out-1","blk.1.ssm_out.weight","final_output-1"
2,34,SCALE,0,0,1,906,"ffn_moe_inp-1","node_342",""
2,70,ADD,0,2,0,1707,"ffn_moe_out-1","node_378","ffn_moe_weighted-1 (view)"
2,74,MUL_MAT,0,31,6,1826,"ffn_shexp-1","blk.1.ffn_down_shexp.weight","ffn_swiglu-1"
2,77,MUL,0,3,1,1837,"ffn_shexp_gated-1","ffn_shexp-1","shared_expert_gate_sigmoid-1"
2,78,ADD,0,1,1,1839,"ffn_out-1","ffn_moe_out-1","ffn_shexp_gated-1"
3,5,MUL_MAT,0,288,54,683,"linear_attn_out-2","blk.2.ssm_out.weight","final_output-2"
3,34,SCALE,0,0,10,1004,"ffn_moe_inp-2","node_496",""
3,70,ADD,0,1,1,2428,"ffn_moe_out-2","node_532","ffn_moe_weighted-2 (view)"
3,74,MUL_MAT,0,31,16,2559,"ffn_shexp-2","blk.2.ffn_down_shexp.weight","ffn_swiglu-2"
3,77,MUL,0,1,1,2568,"ffn_shexp_gated-2","ffn_shexp-2","shared_expert_gate_sigmoid-2"
3,78,ADD,0,1,1,2570,"ffn_out-2","ffn_moe_out-2","ffn_shexp_gated-2"
4,38,MUL_MAT,0,158,158,552,"attn_output-3","blk.3.attn_output.weight","attn_gated-3"
4,66,SCALE,0,0,17,891,"ffn_moe_inp-3","node_683",""
4,102,ADD,0,1,1,1719,"ffn_moe_out-3","node_719","ffn_moe_weighted-3 (view)"
4,106,MUL_MAT,0,21,20,1840,"ffn_shexp-3","blk.3.ffn_down_shexp.weight","ffn_swiglu-3"
4,109,MUL,0,2,0,1848,"ffn_shexp_gated-3","ffn_shexp-3","shared_expert_gate_sigmoid-3"
4,110,ADD,0,1,1,1850,"ffn_out-3","ffn_moe_out-3","ffn_shexp_gated-3"
5,5,MUL_MAT,0,256,78,670,"linear_attn_out-4","blk.4.ssm_out.weight","final_output-4"
5,34,SCALE,0,0,2,928,"ffn_moe_inp-4","node_837",""
5,70,ADD,0,1,1,1841,"ffn_moe_out-4","node_873","ffn_moe_weighted-4 (view)"
5,74,MUL_MAT,0,27,10,1968,"ffn_shexp-4","blk.4.ffn_down_shexp.weight","ffn_swiglu-4"
5,77,MUL,0,2,0,1976,"ffn_shexp_gated-4","ffn_shexp-4","shared_expert_gate_sigmoid-4"
5,78,ADD,0,1,0,1978,"ffn_out-4","ffn_moe_out-4","ffn_shexp_gated-4"
6,5,MUL_MAT,0,274,71,710,"linear_attn_out-5","blk.5.ssm_out.weight","final_output-5"
6,34,SCALE,0,0,2,972,"ffn_moe_inp-5","node_991",""
6,70,ADD,0,1,3,1852,"ffn_moe_out-5","node_1027","ffn_moe_weighted-5 (view)"
6,74,MUL_MAT,0,28,10,1975,"ffn_shexp-5","blk.5.ffn_down_shexp.weight","ffn_swiglu-5"
6,77,MUL,0,1,1,1983,"ffn_shexp_gated-5","ffn_shexp-5","shared_expert_gate_sigmoid-5"
6,78,ADD,0,1,0,1984,"ffn_out-5","ffn_moe_out-5","ffn_shexp_gated-5"
7,5,MUL_MAT,0,264,142,727,"linear_attn_out-6","blk.6.ssm_out.weight","final_output-6"
7,34,SCALE,0,1,1,1010,"ffn_moe_inp-6","node_1145",""
7,70,ADD,0,2,0,2015,"ffn_moe_out-6","node_1181","ffn_moe_weighted-6 (view)"
7,74,MUL_MAT,0,38,5,2146,"ffn_shexp-6","blk.6.ffn_down_shexp.weight","ffn_swiglu-6"
7,77,MUL,0,3,3,2164,"ffn_shexp_gated-6","ffn_shexp-6","shared_expert_gate_sigmoid-6"
7,78,ADD,0,2,0,2166,"ffn_out-6","ffn_moe_out-6","ffn_shexp_gated-6"
8,38,MUL_MAT,0,161,166,530,"attn_output-7","blk.7.attn_output.weight","attn_gated-7"
8,66,SCALE,0,0,2,747,"ffn_moe_inp-7","node_1332",""
8,102,ADD,0,1,1,1920,"ffn_moe_out-7","node_1368","ffn_moe_weighted-7 (view)"
8,106,MUL_MAT,0,24,16,2039,"ffn_shexp-7","blk.7.ffn_down_shexp.weight","ffn_swiglu-7"
8,109,MUL,0,2,0,2047,"ffn_shexp_gated-7","ffn_shexp-7","shared_expert_gate_sigmoid-7"
8,110,ADD,0,0,2,2050,"ffn_out-7","ffn_moe_out-7","ffn_shexp_gated-7"
9,5,MUL_MAT,0,185,166,726,"linear_attn_out-8","blk.8.ssm_out.weight","final_output-8"
9,34,SCALE,0,0,1,984,"ffn_moe_inp-8","node_1486",""
9,70,ADD,0,2,0,1898,"ffn_moe_out-8","node_1522","ffn_moe_weighted-8 (view)"
9,74,MUL_MAT,0,35,0,2009,"ffn_shexp-8","blk.8.ffn_down_shexp.weight","ffn_swiglu-8"
9,77,MUL,0,2,0,2018,"ffn_shexp_gated-8","ffn_shexp-8","shared_expert_gate_sigmoid-8"
9,78,ADD,0,1,1,2020,"ffn_out-8","ffn_moe_out-8","ffn_shexp_gated-8"
10,5,MUL_MAT,0,285,54,674,"linear_attn_out-9","blk.9.ssm_out.weight","final_output-9"
10,34,SCALE,0,0,6,1030,"ffn_moe_inp-9","node_1640",""
10,70,ADD,0,1,1,1854,"ffn_moe_out-9","node_1676","ffn_moe_weighted-9 (view)"
10,74,MUL_MAT,0,32,6,1972,"ffn_shexp-9","blk.9.ffn_down_shexp.weight","ffn_swiglu-9"
10,77,MUL,0,1,1,1990,"ffn_shexp_gated-9","ffn_shexp-9","shared_expert_gate_sigmoid-9"
10,78,ADD,0,1,1,1992,"ffn_out-9","ffn_moe_out-9","ffn_shexp_gated-9"
11,5,MUL_MAT,0,268,76,667,"linear_attn_out-10","blk.10.ssm_out.weight","final_output-10"
11,34,SCALE,0,1,11,928,"ffn_moe_inp-10","node_1794",""
11,70,ADD,0,1,0,1834,"ffn_moe_out-10","node_1830","ffn_moe_weighted-10 (view)"
11,74,MUL_MAT,0,30,11,1959,"ffn_shexp-10","blk.10.ffn_down_shexp.weight","ffn_swiglu-10"
11,77,MUL,0,2,0,1968,"ffn_shexp_gated-10","ffn_shexp-10","shared_expert_gate_sigmoid-10"
11,78,ADD,0,1,1,1970,"ffn_out-10","ffn_moe_out-10","ffn_shexp_gated-10"
12,38,MUL_MAT,0,256,74,559,"attn_output-11","blk.11.attn_output.weight","attn_gated-11"
12,66,SCALE,0,0,2,813,"ffn_moe_inp-11","node_1981",""
12,102,ADD,0,1,2,2321,"ffn_moe_out-11","node_2017","ffn_moe_weighted-11 (view)"
12,106,MUL_MAT,0,27,18,2443,"ffn_shexp-11","blk.11.ffn_down_shexp.weight","ffn_swiglu-11"
12,109,MUL,0,2,0,2451,"ffn_shexp_gated-11","ffn_shexp-11","shared_expert_gate_sigmoid-11"
12,110,ADD,0,1,0,2453,"ffn_out-11","ffn_moe_out-11","ffn_shexp_gated-11"
13,5,MUL_MAT,0,352,1,663,"linear_attn_out-12","blk.12.ssm_out.weight","final_output-12"
13,34,SCALE,0,0,1,942,"ffn_moe_inp-12","node_2135",""
13,70,ADD,0,1,9,1846,"ffn_moe_out-12","node_2171","ffn_moe_weighted-12 (view)"
13,74,MUL_MAT,0,31,7,2125,"ffn_shexp-12","blk.12.ffn_down_shexp.weight","ffn_swiglu-12"
13,77,MUL,0,2,9,2142,"ffn_shexp_gated-12","ffn_shexp-12","shared_expert_gate_sigmoid-12"
13,78,ADD,0,1,1,2144,"ffn_out-12","ffn_moe_out-12","ffn_shexp_gated-12"
14,5,MUL_MAT,0,297,25,646,"linear_attn_out-13","blk.13.ssm_out.weight","final_output-13"
14,34,SCALE,0,0,1,920,"ffn_moe_inp-13","node_2289",""
14,70,ADD,0,1,1,2147,"ffn_moe_out-13","node_2325","ffn_moe_weighted-13 (view)"
14,74,MUL_MAT,0,35,3,2267,"ffn_shexp-13","blk.13.ffn_down_shexp.weight","ffn_swiglu-13"
14,77,MUL,0,3,1,2298,"ffn_shexp_gated-13","ffn_shexp-13","shared_expert_gate_sigmoid-13"
14,78,ADD,0,2,0,2300,"ffn_out-13","ffn_moe_out-13","ffn_shexp_gated-13"
15,5,MUL_MAT,0,308,80,856,"linear_attn_out-14","blk.14.ssm_out.weight","final_output-14"
15,34,SCALE,0,0,2,1121,"ffn_moe_inp-14","node_2443",""
15,70,ADD,0,1,1,2582,"ffn_moe_out-14","node_2479","ffn_moe_weighted-14 (view)"
15,74,MUL_MAT,0,33,1,2700,"ffn_shexp-14","blk.14.ffn_down_shexp.weight","ffn_swiglu-14"
15,77,MUL,0,3,0,2710,"ffn_shexp_gated-14","ffn_shexp-14","shared_expert_gate_sigmoid-14"
15,78,ADD,0,2,0,2712,"ffn_out-14","ffn_moe_out-14","ffn_shexp_gated-14"
16,38,MUL_MAT,0,337,3,613,"attn_output-15","blk.15.attn_output.weight","attn_gated-15"
16,66,SCALE,0,0,2,873,"ffn_moe_inp-15","node_2630",""
16,102,ADD,0,1,0,2166,"ffn_moe_out-15","node_2666","ffn_moe_weighted-15 (view)"
16,106,MUL_MAT,0,35,1,2297,"ffn_shexp-15","blk.15.ffn_down_shexp.weight","ffn_swiglu-15"
16,109,MUL,0,3,0,2306,"ffn_shexp_gated-15","ffn_shexp-15","shared_expert_gate_sigmoid-15"
16,110,ADD,0,1,1,2309,"ffn_out-15","ffn_moe_out-15","ffn_shexp_gated-15"
17,5,MUL_MAT,0,328,4,668,"linear_attn_out-16","blk.16.ssm_out.weight","final_output-16"
17,34,SCALE,0,0,1,1004,"ffn_moe_inp-16","node_2784",""
17,70,ADD,0,1,1,1861,"ffn_moe_out-16","node_2820","ffn_moe_weighted-16 (view)"
17,74,MUL_MAT,0,37,6,1997,"ffn_shexp-16","blk.16.ffn_down_shexp.weight","ffn_swiglu-16"
17,77,MUL,0,3,1,2008,"ffn_shexp_gated-16","ffn_shexp-16","shared_expert_gate_sigmoid-16"
17,78,ADD,0,2,0,2010,"ffn_out-16","ffn_moe_out-16","ffn_shexp_gated-16"
18,5,MUL_MAT,0,328,3,649,"linear_attn_out-17","blk.17.ssm_out.weight","final_output-17"
18,34,SCALE,0,0,1,925,"ffn_moe_inp-17","node_2938",""
18,70,ADD,0,1,0,1737,"ffn_moe_out-17","node_2974","ffn_moe_weighted-17 (view)"
18,74,MUL_MAT,0,35,2,1860,"ffn_shexp-17","blk.17.ffn_down_shexp.weight","ffn_swiglu-17"
18,77,MUL,0,3,0,1870,"ffn_shexp_gated-17","ffn_shexp-17","shared_expert_gate_sigmoid-17"
18,78,ADD,0,2,0,1872,"ffn_out-17","ffn_moe_out-17","ffn_shexp_gated-17"
19,5,MUL_MAT,0,348,75,870,"linear_attn_out-18","blk.18.ssm_out.weight","final_output-18"
19,34,SCALE,0,0,2,1176,"ffn_moe_inp-18","node_3092",""
19,70,ADD,0,1,1,1987,"ffn_moe_out-18","node_3128","ffn_moe_weighted-18 (view)"
19,74,MUL_MAT,0,29,10,2116,"ffn_shexp-18","blk.18.ffn_down_shexp.weight","ffn_swiglu-18"
19,77,MUL,0,2,0,2134,"ffn_shexp_gated-18","ffn_shexp-18","shared_expert_gate_sigmoid-18"
19,78,ADD,0,2,0,2136,"ffn_out-18","ffn_moe_out-18","ffn_shexp_gated-18"
20,38,MUL_MAT,0,294,63,586,"attn_output-19","blk.19.attn_output.weight","attn_gated-19"
20,66,SCALE,0,0,1,858,"ffn_moe_inp-19","node_3279",""
20,102,ADD,0,1,0,2121,"ffn_moe_out-19","node_3315","ffn_moe_weighted-19 (view)"
20,106,MUL_MAT,0,31,7,2244,"ffn_shexp-19","blk.19.ffn_down_shexp.weight","ffn_swiglu-19"
20,109,MUL,0,1,1,2262,"ffn_shexp_gated-19","ffn_shexp-19","shared_expert_gate_sigmoid-19"
20,110,ADD,0,1,2,2265,"ffn_out-19","ffn_moe_out-19","ffn_shexp_gated-19"
21,5,MUL_MAT,0,174,168,671,"linear_attn_out-20","blk.20.ssm_out.weight","final_output-20"
21,34,SCALE,0,0,2,941,"ffn_moe_inp-20","node_3433",""
21,70,ADD,0,1,0,2186,"ffn_moe_out-20","node_3469","ffn_moe_weighted-20 (view)"
21,74,MUL_MAT,0,34,12,2325,"ffn_shexp-20","blk.20.ffn_down_shexp.weight","ffn_swiglu-20"
21,77,MUL,0,2,0,2339,"ffn_shexp_gated-20","ffn_shexp-20","shared_expert_gate_sigmoid-20"
21,78,ADD,0,2,0,2341,"ffn_out-20","ffn_moe_out-20","ffn_shexp_gated-20"
22,5,MUL_MAT,0,272,62,672,"linear_attn_out-21","blk.21.ssm_out.weight","final_output-21"
22,34,SCALE,0,0,1,930,"ffn_moe_inp-21","node_3587",""
22,70,ADD,0,1,4,1722,"ffn_moe_out-21","node_3623","ffn_moe_weighted-21 (view)"
22,74,MUL_MAT,0,30,10,1866,"ffn_shexp-21","blk.21.ffn_down_shexp.weight","ffn_swiglu-21"
22,77,MUL,0,2,0,1874,"ffn_shexp_gated-21","ffn_shexp-21","shared_expert_gate_sigmoid-21"
22,78,ADD,0,1,5,1880,"ffn_out-21","ffn_moe_out-21","ffn_shexp_gated-21"
23,5,MUL_MAT,0,308,61,1058,"linear_attn_out-22","blk.22.ssm_out.weight","final_output-22"
23,34,SCALE,0,1,1,1322,"ffn_moe_inp-22","node_3741",""
23,70,ADD,0,2,2,2385,"ffn_moe_out-22","node_3777","ffn_moe_weighted-22 (view)"
23,74,MUL_MAT,0,34,14,2544,"ffn_shexp-22","blk.22.ffn_down_shexp.weight","ffn_swiglu-22"
23,77,MUL,0,3,1,2555,"ffn_shexp_gated-22","ffn_shexp-22","shared_expert_gate_sigmoid-22"
23,78,ADD,0,1,1,2557,"ffn_out-22","ffn_moe_out-22","ffn_shexp_gated-22"
24,38,MUL_MAT,0,303,13,558,"attn_output-23","blk.23.attn_output.weight","attn_gated-23"
24,66,SCALE,0,1,1,825,"ffn_moe_inp-23","node_3928",""
24,102,ADD,0,1,1,2064,"ffn_moe_out-23","node_3964","ffn_moe_weighted-23 (view)"
24,106,MUL_MAT,0,35,3,2203,"ffn_shexp-23","blk.23.ffn_down_shexp.weight","ffn_swiglu-23"
24,109,MUL,0,3,5,2218,"ffn_shexp_gated-23","ffn_shexp-23","shared_expert_gate_sigmoid-23"
24,110,ADD,0,1,1,2221,"ffn_out-23","ffn_moe_out-23","ffn_shexp_gated-23"
25,5,MUL_MAT,0,313,13,655,"linear_attn_out-24","blk.24.ssm_out.weight","final_output-24"
25,34,SCALE,0,0,2,937,"ffn_moe_inp-24","node_4082",""
25,70,ADD,0,2,1,1735,"ffn_moe_out-24","node_4118","ffn_moe_weighted-24 (view)"
25,74,MUL_MAT,0,35,4,1860,"ffn_shexp-24","blk.24.ffn_down_shexp.weight","ffn_swiglu-24"
25,77,MUL,0,4,0,1873,"ffn_shexp_gated-24","ffn_shexp-24","shared_expert_gate_sigmoid-24"
25,78,ADD,0,2,0,1875,"ffn_out-24","ffn_moe_out-24","ffn_shexp_gated-24"
26,5,MUL_MAT,0,322,17,667,"linear_attn_out-25","blk.25.ssm_out.weight","final_output-25"
26,34,SCALE,0,0,1,972,"ffn_moe_inp-25","node_4236",""
26,70,ADD,0,1,1,1862,"ffn_moe_out-25","node_4272","ffn_moe_weighted-25 (view)"
26,74,MUL_MAT,0,40,3,1983,"ffn_shexp-25","blk.25.ffn_down_shexp.weight","ffn_swiglu-25"
26,77,MUL,0,3,0,1992,"ffn_shexp_gated-25","ffn_shexp-25","shared_expert_gate_sigmoid-25"
26,78,ADD,0,2,1,1995,"ffn_out-25","ffn_moe_out-25","ffn_shexp_gated-25"
27,5,MUL_MAT,0,362,1,710,"linear_attn_out-26","blk.26.ssm_out.weight","final_output-26"
27,34,SCALE,0,1,0,1002,"ffn_moe_inp-26","node_4390",""
27,70,ADD,0,1,0,2135,"ffn_moe_out-26","node_4426","ffn_moe_weighted-26 (view)"
27,74,MUL_MAT,0,42,19,2305,"ffn_shexp-26","blk.26.ffn_down_shexp.weight","ffn_swiglu-26"
27,77,MUL,0,2,14,2328,"ffn_shexp_gated-26","ffn_shexp-26","shared_expert_gate_sigmoid-26"
27,78,ADD,0,1,4,2333,"ffn_out-26","ffn_moe_out-26","ffn_shexp_gated-26"
28,38,MUL_MAT,0,164,150,504,"attn_output-27","blk.27.attn_output.weight","attn_gated-27"
28,66,SCALE,0,0,1,746,"ffn_moe_inp-27","node_4577",""
28,102,ADD,0,1,0,1500,"ffn_moe_out-27","node_4613","ffn_moe_weighted-27 (view)"
28,106,MUL_MAT,0,18,141,1749,"ffn_shexp-27","blk.27.ffn_down_shexp.weight","ffn_swiglu-27"
28,109,MUL,0,2,11,1767,"ffn_shexp_gated-27","ffn_shexp-27","shared_expert_gate_sigmoid-27"
28,110,ADD,0,1,2,1770,"ffn_out-27","ffn_moe_out-27","ffn_shexp_gated-27"
29,5,MUL_MAT,0,274,89,722,"linear_attn_out-28","blk.28.ssm_out.weight","final_output-28"
29,34,SCALE,0,0,2,1027,"ffn_moe_inp-28","node_4731",""
29,70,ADD,0,1,1,1836,"ffn_moe_out-28","node_4767","ffn_moe_weighted-28 (view)"
29,74,MUL_MAT,0,25,21,1962,"ffn_shexp-28","blk.28.ffn_down_shexp.weight","ffn_swiglu-28"
29,77,MUL,0,2,0,1970,"ffn_shexp_gated-28","ffn_shexp-28","shared_expert_gate_sigmoid-28"
29,78,ADD,0,1,1,1972,"ffn_out-28","ffn_moe_out-28","ffn_shexp_gated-28"
30,5,MUL_MAT,0,187,160,686,"linear_attn_out-29","blk.29.ssm_out.weight","final_output-29"
30,34,SCALE,0,1,1,953,"ffn_moe_inp-29","node_4885",""
30,70,ADD,0,1,1,1819,"ffn_moe_out-29","node_4921","ffn_moe_weighted-29 (view)"
30,74,MUL_MAT,0,25,14,1939,"ffn_shexp-29","blk.29.ffn_down_shexp.weight","ffn_swiglu-29"
30,77,MUL,0,2,1,1947,"ffn_shexp_gated-29","ffn_shexp-29","shared_expert_gate_sigmoid-29"
30,78,ADD,0,1,1,1949,"ffn_out-29","ffn_moe_out-29","ffn_shexp_gated-29"
31,5,MUL_MAT,0,268,76,702,"linear_attn_out-30","blk.30.ssm_out.weight","final_output-30"
31,34,SCALE,0,1,1,946,"ffn_moe_inp-30","node_5039",""
31,70,ADD,0,2,0,1970,"ffn_moe_out-30","node_5075","ffn_moe_weighted-30 (view)"
31,74,MUL_MAT,0,33,8,2095,"ffn_shexp-30","blk.30.ffn_down_shexp.weight","ffn_swiglu-30"
31,77,MUL,0,2,0,2110,"ffn_shexp_gated-30","ffn_shexp-30","shared_expert_gate_sigmoid-30"
31,78,ADD,0,1,0,2112,"ffn_out-30","ffn_moe_out-30","ffn_shexp_gated-30"
32,38,MUL_MAT,0,274,74,626,"attn_output-31","blk.31.attn_output.weight","attn_gated-31"
32,66,SCALE,0,0,1,882,"ffn_moe_inp-31","node_5226",""
32,102,ADD,0,1,0,2102,"ffn_moe_out-31","node_5262","ffn_moe_weighted-31 (view)"
32,106,MUL_MAT,0,38,0,2224,"ffn_shexp-31","blk.31.ffn_down_shexp.weight","ffn_swiglu-31"
32,109,MUL,0,2,0,2232,"ffn_shexp_gated-31","ffn_shexp-31","shared_expert_gate_sigmoid-31"
32,110,ADD,0,2,0,2234,"ffn_out-31","ffn_moe_out-31","ffn_shexp_gated-31"
33,5,MUL_MAT,0,301,53,772,"linear_attn_out-32","blk.32.ssm_out.weight","final_output-32"
33,34,SCALE,0,0,1,1016,"ffn_moe_inp-32","node_5380",""
33,70,ADD,0,2,0,1875,"ffn_moe_out-32","node_5416","ffn_moe_weighted-32 (view)"
33,74,MUL_MAT,0,32,6,1996,"ffn_shexp-32","blk.32.ffn_down_shexp.weight","ffn_swiglu-32"
33,77,MUL,0,2,197,2200,"ffn_shexp_gated-32","ffn_shexp-32","shared_expert_gate_sigmoid-32"
33,78,ADD,0,1,1,2202,"ffn_out-32","ffn_moe_out-32","ffn_shexp_gated-32"
34,5,MUL_MAT,0,302,54,719,"linear_attn_out-33","blk.33.ssm_out.weight","final_output-33"
34,34,SCALE,0,0,2,992,"ffn_moe_inp-33","node_5534",""
34,70,ADD,0,1,1,2276,"ffn_moe_out-33","node_5570","ffn_moe_weighted-33 (view)"
34,74,MUL_MAT,0,29,9,2402,"ffn_shexp-33","blk.33.ffn_down_shexp.weight","ffn_swiglu-33"
34,77,MUL,0,2,0,2410,"ffn_shexp_gated-33","ffn_shexp-33","shared_expert_gate_sigmoid-33"
34,78,ADD,0,1,0,2412,"ffn_out-33","ffn_moe_out-33","ffn_shexp_gated-33"
35,5,MUL_MAT,0,185,161,705,"linear_attn_out-34","blk.34.ssm_out.weight","final_output-34"
35,34,SCALE,0,1,1,951,"ffn_moe_inp-34","node_5688",""
35,70,ADD,0,1,1,1748,"ffn_moe_out-34","node_5724","ffn_moe_weighted-34 (view)"
35,74,MUL_MAT,0,19,17,1864,"ffn_shexp-34","blk.34.ffn_down_shexp.weight","ffn_swiglu-34"
35,77,MUL,0,1,1,1873,"ffn_shexp_gated-34","ffn_shexp-34","shared_expert_gate_sigmoid-34"
35,78,ADD,0,1,1,1875,"ffn_out-34","ffn_moe_out-34","ffn_shexp_gated-34"
36,38,MUL_MAT,0,216,131,582,"attn_output-35","blk.35.attn_output.weight","attn_gated-35"
36,66,SCALE,0,0,2,843,"ffn_moe_inp-35","node_5875",""
36,102,ADD,0,1,1,1662,"ffn_moe_out-35","node_5911","ffn_moe_weighted-35 (view)"
36,106,MUL_MAT,0,19,21,1778,"ffn_shexp-35","blk.35.ffn_down_shexp.weight","ffn_swiglu-35"
36,109,MUL,0,2,1,1787,"ffn_shexp_gated-35","ffn_shexp-35","shared_expert_gate_sigmoid-35"
36,110,ADD,0,1,1,1789,"ffn_out-35","ffn_moe_out-35","ffn_shexp_gated-35"
37,5,MUL_MAT,0,170,173,660,"linear_attn_out-36","blk.36.ssm_out.weight","final_output-36"
37,34,SCALE,0,0,1,907,"ffn_moe_inp-36","node_6029",""
37,70,ADD,0,1,0,1710,"ffn_moe_out-36","node_6065","ffn_moe_weighted-36 (view)"
37,74,MUL_MAT,0,20,142,1952,"ffn_shexp-36","blk.36.ffn_down_shexp.weight","ffn_swiglu-36"
37,77,MUL,0,2,0,1960,"ffn_shexp_gated-36","ffn_shexp-36","shared_expert_gate_sigmoid-36"
37,78,ADD,0,0,1,1962,"ffn_out-36","ffn_moe_out-36","ffn_shexp_gated-36"
38,5,MUL_MAT,0,283,76,723,"linear_attn_out-37","blk.37.ssm_out.weight","final_output-37"
38,34,SCALE,0,0,2,1007,"ffn_moe_inp-37","node_6183",""
38,70,ADD,0,2,0,1791,"ffn_moe_out-37","node_6219","ffn_moe_weighted-37 (view)"
38,74,MUL_MAT,0,34,8,1919,"ffn_shexp-37","blk.37.ffn_down_shexp.weight","ffn_swiglu-37"
38,77,MUL,0,2,0,1928,"ffn_shexp_gated-37","ffn_shexp-37","shared_expert_gate_sigmoid-37"
38,78,ADD,0,1,1,1930,"ffn_out-37","ffn_moe_out-37","ffn_shexp_gated-37"
39,5,MUL_MAT,0,281,72,706,"linear_attn_out-38","blk.38.ssm_out.weight","final_output-38"
39,34,SCALE,0,0,2,997,"ffn_moe_inp-38","node_6337",""
39,70,ADD,0,2,0,2019,"ffn_moe_out-38","node_6373","ffn_moe_weighted-38 (view)"
39,74,MUL_MAT,0,28,12,2184,"ffn_shexp-38","blk.38.ffn_down_shexp.weight","ffn_swiglu-38"
39,77,MUL,0,2,0,2219,"ffn_shexp_gated-38","ffn_shexp-38","shared_expert_gate_sigmoid-38"
39,78,ADD,0,1,0,2221,"ffn_out-38","ffn_moe_out-38","ffn_shexp_gated-38"
40,0,GET_ROWS,0,3,0,3,"model.input_embed","token_embd.weight","inp_tokens"
41,5,MUL_MAT,0,202,169,737,"linear_attn_out-0","blk.0.ssm_out.weight","final_output-0"
41,34,SCALE,0,0,2,977,"ffn_moe_inp-0","node_104",""
41,70,ADD,0,1,1,2016,"ffn_moe_out-0","node_140","ffn_moe_weighted-0 (view)"
41,93,MUL_MAT,0,34,10,2951,"ffn_shexp-0","blk.0.ffn_down_shexp.weight","ffn_swiglu-0"
41,96,MUL,0,3,1,2983,"ffn_shexp_gated-0","ffn_shexp-0","shared_expert_gate_sigmoid-0"
41,97,ADD,0,2,0,2985,"ffn_out-0","ffn_moe_out-0","ffn_shexp_gated-0"
42,5,MUL_MAT,0,321,5,652,"linear_attn_out-1","blk.1.ssm_out.weight","final_output-1"
42,34,SCALE,0,0,2,940,"ffn_moe_inp-1","node_342",""
42,70,ADD,0,1,1,2397,"ffn_moe_out-1","node_378","ffn_moe_weighted-1 (view)"
42,74,MUL_MAT,0,38,5,2549,"ffn_shexp-1","blk.1.ffn_down_shexp.weight","ffn_swiglu-1"
42,77,MUL,0,2,1,2559,"ffn_shexp_gated-1","ffn_shexp-1","shared_expert_gate_sigmoid-1"
42,78,ADD,0,1,0,2560,"ffn_out-1","ffn_moe_out-1","ffn_shexp_gated-1"
43,5,MUL_MAT,0,247,96,677,"linear_attn_out-2","blk.2.ssm_out.weight","final_output-2"
43,34,SCALE,0,1,1,968,"ffn_moe_inp-2","node_496",""
43,70,ADD,0,2,0,1981,"ffn_moe_out-2","node_532","ffn_moe_weighted-2 (view)"
43,74,MUL_MAT,0,27,21,2112,"ffn_shexp-2","blk.2.ffn_down_shexp.weight","ffn_swiglu-2"
43,77,MUL,0,3,1,2122,"ffn_shexp_gated-2","ffn_shexp-2","shared_expert_gate_sigmoid-2"
43,78,ADD,0,1,1,2124,"ffn_out-2","ffn_moe_out-2","ffn_shexp_gated-2"
44,38,MUL_MAT,0,234,100,570,"attn_output-3","blk.3.attn_output.weight","attn_gated-3"
44,66,SCALE,0,0,2,913,"ffn_moe_inp-3","node_683",""
44,102,ADD,0,1,1,2450,"ffn_moe_out-3","node_719","ffn_moe_weighted-3 (view)"
44,106,MUL_MAT,0,18,19,2563,"ffn_shexp-3","blk.3.ffn_down_shexp.weight","ffn_swiglu-3"
44,109,MUL,0,2,0,2573,"ffn_shexp_gated-3","ffn_shexp-3","shared_expert_gate_sigmoid-3"
44,110,ADD,0,1,1,2575,"ffn_out-3","ffn_moe_out-3","ffn_shexp_gated-3"
45,5,MUL_MAT,0,170,187,677,"linear_attn_out-4","blk.4.ssm_out.weight","final_output-4"
45,34,SCALE,0,0,1,956,"ffn_moe_inp-4","node_837",""
45,70,ADD,0,2,0,1957,"ffn_moe_out-4","node_873","ffn_moe_weighted-4 (view)"
45,74,MUL_MAT,0,34,10,2086,"ffn_shexp-4","blk.4.ffn_down_shexp.weight","ffn_swiglu-4"
45,77,MUL,0,2,0,2094,"ffn_shexp_gated-4","ffn_shexp-4","shared_expert_gate_sigmoid-4"
45,78,ADD,0,1,1,2096,"ffn_out-4","ffn_moe_out-4","ffn_shexp_gated-4"
46,5,MUL_MAT,0,260,83,679,"linear_attn_out-5","blk.5.ssm_out.weight","final_output-5"
46,34,SCALE,0,0,2,938,"ffn_moe_inp-5","node_991",""
46,70,ADD,0,1,1,1808,"ffn_moe_out-5","node_1027","ffn_moe_weighted-5 (view)"
46,74,MUL_MAT,0,20,18,1926,"ffn_shexp-5","blk.5.ffn_down_shexp.weight","ffn_swiglu-5"
46,77,MUL,0,2,0,1939,"ffn_shexp_gated-5","ffn_shexp-5","shared_expert_gate_sigmoid-5"
46,78,ADD,0,1,1,1941,"ffn_out-5","ffn_moe_out-5","ffn_shexp_gated-5"
47,5,MUL_MAT,0,234,136,739,"linear_attn_out-6","blk.6.ssm_out.weight","final_output-6"
47,34,SCALE,0,0,6,1060,"ffn_moe_inp-6","node_1145",""
47,70,ADD,0,1,1,1943,"ffn_moe_out-6","node_1181","ffn_moe_weighted-6 (view)"
47,74,MUL_MAT,0,31,20,2072,"ffn_shexp-6","blk.6.ffn_down_shexp.weight","ffn_swiglu-6"
47,77,MUL,0,1,0,2079,"ffn_shexp_gated-6","ffn_shexp-6","shared_expert_gate_sigmoid-6"
47,78,ADD,0,1,0,2081,"ffn_out-6","ffn_moe_out-6","ffn_shexp_gated-6"
48,38,MUL_MAT,0,166,166,554,"attn_output-7","blk.7.attn_output.weight","attn_gated-7"
48,66,SCALE,0,0,1,877,"ffn_moe_inp-7","node_1332",""
48,102,ADD,0,2,0,2117,"ffn_moe_out-7","node_1368","ffn_moe_weighted-7 (view)"
48,106,MUL_MAT,0,26,12,2265,"ffn_shexp-7","blk.7.ffn_down_shexp.weight","ffn_swiglu-7"
48,109,MUL,0,3,1,2275,"ffn_shexp_gated-7","ffn_shexp-7","shared_expert_gate_sigmoid-7"
48,110,ADD,0,1,9,2285,"ffn_out-7","ffn_moe_out-7","ffn_shexp_gated-7"
49,5,MUL_MAT,0,279,63,675,"linear_attn_out-8","blk.8.ssm_out.weight","final_output-8"
49,34,SCALE,0,0,0,919,"ffn_moe_inp-8","node_1486",""
49,70,ADD,0,1,0,1726,"ffn_moe_out-8","node_1522","ffn_moe_weighted-8 (view)"
49,74,MUL_MAT,0,28,14,1843,"ffn_shexp-8","blk.8.ffn_down_shexp.weight","ffn_swiglu-8"
49,77,MUL,0,2,0,1860,"ffn_shexp_gated-8","ffn_shexp-8","shared_expert_gate_sigmoid-8"
49,78,ADD,0,1,0,1862,"ffn_out-8","ffn_moe_out-8","ffn_shexp_gated-8"
50,5,MUL_MAT,0,358,1,733,"linear_attn_out-9","blk.9.ssm_out.weight","final_output-9"
50,34,SCALE,0,0,1,1022,"ffn_moe_inp-9","node_1640",""
50,70,ADD,0,1,1,1989,"ffn_moe_out-9","node_1676","ffn_moe_weighted-9 (view)"
50,74,MUL_MAT,0,30,8,2125,"ffn_shexp-9","blk.9.ffn_down_shexp.weight","ffn_swiglu-9"
50,77,MUL,0,2,0,2133,"ffn_shexp_gated-9","ffn_shexp-9","shared_expert_gate_sigmoid-9"
50,78,ADD,0,2,0,2135,"ffn_out-9","ffn_moe_out-9","ffn_shexp_gated-9"
51,5,MUL_MAT,0,212,139,730,"linear_attn_out-10","blk.10.ssm_out.weight","final_output-10"
51,34,SCALE,0,0,2,991,"ffn_moe_inp-10","node_1794",""
51,70,ADD,0,1,1,1837,"ffn_moe_out-10","node_1830","ffn_moe_weighted-10 (view)"
51,74,MUL_MAT,0,19,22,1972,"ffn_shexp-10","blk.10.ffn_down_shexp.weight","ffn_swiglu-10"
51,77,MUL,0,2,0,1979,"ffn_shexp_gated-10","ffn_shexp-10","shared_expert_gate_sigmoid-10"
51,78,ADD,0,1,1,1981,"ffn_out-10","ffn_moe_out-10","ffn_shexp_gated-10"
52,38,MUL_MAT,0,249,85,554,"attn_output-11","blk.11.attn_output.weight","attn_gated-11"
52,66,SCALE,0,1,1,800,"ffn_moe_inp-11","node_1981",""
52,102,ADD,0,1,0,1554,"ffn_moe_out-11","node_2017","ffn_moe_weighted-11 (view)"
52,106,MUL_MAT,0,28,8,1672,"ffn_shexp-11","blk.11.ffn_down_shexp.weight","ffn_swiglu-11"
52,109,MUL,0,2,0,1679,"ffn_shexp_gated-11","ffn_shexp-11","shared_expert_gate_sigmoid-11"
52,110,ADD,0,1,0,1681,"ffn_out-11","ffn_moe_out-11","ffn_shexp_gated-11"
53,5,MUL_MAT,0,300,67,735,"linear_attn_out-12","blk.12.ssm_out.weight","final_output-12"
53,34,SCALE,0,0,1,1050,"ffn_moe_inp-12","node_2135",""
53,70,ADD,0,2,0,2005,"ffn_moe_out-12","node_2171","ffn_moe_weighted-12 (view)"
53,74,MUL_MAT,0,30,6,2124,"ffn_shexp-12","blk.12.ffn_down_shexp.weight","ffn_swiglu-12"
53,77,MUL,0,2,8,2147,"ffn_shexp_gated-12","ffn_shexp-12","shared_expert_gate_sigmoid-12"
53,78,ADD,0,1,0,2148,"ffn_out-12","ffn_moe_out-12","ffn_shexp_gated-12"
54,5,MUL_MAT,0,270,68,675,"linear_attn_out-13","blk.13.ssm_out.weight","final_output-13"
54,34,SCALE,0,0,1,1013,"ffn_moe_inp-13","node_2289",""
54,70,ADD,0,1,1,2372,"ffn_moe_out-13","node_2325","ffn_moe_weighted-13 (view)"
54,74,MUL_MAT,0,20,25,2562,"ffn_shexp-13","blk.13.ffn_down_shexp.weight","ffn_swiglu-13"
54,77,MUL,0,1,1,2569,"ffn_shexp_gated-13","ffn_shexp-13","shared_expert_gate_sigmoid-13"
54,78,ADD,0,1,0,2570,"ffn_out-13","ffn_moe_out-13","ffn_shexp_gated-13"
55,5,MUL_MAT,0,268,77,693,"linear_attn_out-14","blk.14.ssm_out.weight","final_output-14"
55,34,SCALE,0,0,2,953,"ffn_moe_inp-14","node_2443",""
55,70,ADD,0,1,1,1793,"ffn_moe_out-14","node_2479","ffn_moe_weighted-14 (view)"
55,74,MUL_MAT,0,33,5,1910,"ffn_shexp-14","blk.14.ffn_down_shexp.weight","ffn_swiglu-14"
55,77,MUL,0,2,0,1918,"ffn_shexp_gated-14","ffn_shexp-14","shared_expert_gate_sigmoid-14"
55,78,ADD,0,1,1,1920,"ffn_out-14","ffn_moe_out-14","ffn_shexp_gated-14"
56,38,MUL_MAT,0,289,50,562,"attn_output-15","blk.15.attn_output.weight","attn_gated-15"
56,66,SCALE,0,0,1,869,"ffn_moe_inp-15","node_2630",""
56,102,ADD,0,1,0,2297,"ffn_moe_out-15","node_2666","ffn_moe_weighted-15 (view)"
56,106,MUL_MAT,0,16,20,2414,"ffn_shexp-15","blk.15.ffn_down_shexp.weight","ffn_swiglu-15"
56,109,MUL,0,1,1,2422,"ffn_shexp_gated-15","ffn_shexp-15","shared_expert_gate_sigmoid-15"
56,110,ADD,0,1,0,2423,"ffn_out-15","ffn_moe_out-15","ffn_shexp_gated-15"
57,5,MUL_MAT,0,307,72,786,"linear_attn_out-16","blk.16.ssm_out.weight","final_output-16"
57,34,SCALE,0,0,2,1078,"ffn_moe_inp-16","node_2784",""
57,70,ADD,0,1,1,1925,"ffn_moe_out-16","node_2820","ffn_moe_weighted-16 (view)"
57,74,MUL_MAT,0,30,7,2040,"ffn_shexp-16","blk.16.ffn_down_shexp.weight","ffn_swiglu-16"
57,77,MUL,0,2,0,2048,"ffn_shexp_gated-16","ffn_shexp-16","shared_expert_gate_sigmoid-16"
57,78,ADD,0,1,0,2050,"ffn_out-16","ffn_moe_out-16","ffn_shexp_gated-16"
58,5,MUL_MAT,0,261,62,660,"linear_attn_out-17","blk.17.ssm_out.weight","final_output-17"
58,34,SCALE,0,0,1,905,"ffn_moe_inp-17","node_2938",""
58,70,ADD,0,1,6,1653,"ffn_moe_out-17","node_2974","ffn_moe_weighted-17 (view)"
58,74,MUL_MAT,0,27,10,1772,"ffn_shexp-17","blk.17.ffn_down_shexp.weight","ffn_swiglu-17"
58,77,MUL,0,1,5,1785,"ffn_shexp_gated-17","ffn_shexp-17","shared_expert_gate_sigmoid-17"
58,78,ADD,0,1,0,1786,"ffn_out-17","ffn_moe_out-17","ffn_shexp_gated-17"
59,5,MUL_MAT,0,354,26,731,"linear_attn_out-18","blk.18.ssm_out.weight","final_output-18"
59,34,SCALE,0,1,6,1057,"ffn_moe_inp-18","node_3092",""
59,70,ADD,0,2,0,2581,"ffn_moe_out-18","node_3128","ffn_moe_weighted-18 (view)"
59,74,MUL_MAT,0,33,1,2691,"ffn_shexp-18","blk.18.ffn_down_shexp.weight","ffn_swiglu-18"
59,77,MUL,0,4,0,2701,"ffn_shexp_gated-18","ffn_shexp-18","shared_expert_gate_sigmoid-18"
59,78,ADD,0,1,1,2703,"ffn_out-18","ffn_moe_out-18","ffn_shexp_gated-18"
60,38,MUL_MAT,0,328,6,570,"attn_output-19","blk.19.attn_output.weight","attn_gated-19"
60,66,SCALE,0,0,1,839,"ffn_moe_inp-19","node_3279",""
60,102,ADD,0,2,0,1663,"ffn_moe_out-19","node_3315","ffn_moe_weighted-19 (view)"
60,106,MUL_MAT,0,34,9,1783,"ffn_shexp-19","blk.19.ffn_down_shexp.weight","ffn_swiglu-19"
60,109,MUL,0,3,1,1802,"ffn_shexp_gated-19","ffn_shexp-19","shared_expert_gate_sigmoid-19"
60,110,ADD,0,2,0,1804,"ffn_out-19","ffn_moe_out-19","ffn_shexp_gated-19"
61,5,MUL_MAT,0,320,13,653,"linear_attn_out-20","blk.20.ssm_out.weight","final_output-20"
61,34,SCALE,0,0,2,923,"ffn_moe_inp-20","node_3433",""
61,70,ADD,0,1,1,1758,"ffn_moe_out-20","node_3469","ffn_moe_weighted-20 (view)"
61,74,MUL_MAT,0,40,1,1884,"ffn_shexp-20","blk.20.ffn_down_shexp.weight","ffn_swiglu-20"
61,77,MUL,0,3,0,1894,"ffn_shexp_gated-20","ffn_shexp-20","shared_expert_gate_sigmoid-20"
61,78,ADD,0,13,0,1908,"ffn_out-20","ffn_moe_out-20","ffn_shexp_gated-20"
62,5,MUL_MAT,0,271,53,655,"linear_attn_out-21","blk.21.ssm_out.weight","final_output-21"
62,34,SCALE,0,0,2,926,"ffn_moe_inp-21","node_3587",""
62,70,ADD,0,2,0,1707,"ffn_moe_out-21","node_3623","ffn_moe_weighted-21 (view)"
62,74,MUL_MAT,0,31,9,1827,"ffn_shexp-21","blk.21.ffn_down_shexp.weight","ffn_swiglu-21"
62,77,MUL,0,3,1,1837,"ffn_shexp_gated-21","ffn_shexp-21","shared_expert_gate_sigmoid-21"
62,78,ADD,0,1,1,1839,"ffn_out-21","ffn_moe_out-21","ffn_shexp_gated-21"
63,5,MUL_MAT,0,349,8,702,"linear_attn_out-22","blk.22.ssm_out.weight","final_output-22"
63,34,SCALE,0,0,1,999,"ffn_moe_inp-22","node_3741",""
63,70,ADD,0,2,0,2084,"ffn_moe_out-22","node_3777","ffn_moe_weighted-22 (view)"
63,74,MUL_MAT,0,20,21,2263,"ffn_shexp-22","blk.22.ffn_down_shexp.weight","ffn_swiglu-22"
63,77,MUL,0,2,0,2285,"ffn_shexp_gated-22","ffn_shexp-22","shared_expert_gate_sigmoid-22"
63,78,ADD,0,1,1,2287,"ffn_out-22","ffn_moe_out-22","ffn_shexp_gated-22"
64,38,MUL_MAT,0,159,163,549,"attn_output-23","blk.23.attn_output.weight","attn_gated-23"
64,66,SCALE,0,0,1,785,"ffn_moe_inp-23","node_3928",""
64,102,ADD,0,1,0,2198,"ffn_moe_out-23","node_3964","ffn_moe_weighted-23 (view)"
64,106,MUL_MAT,0,28,7,2308,"ffn_shexp-23","blk.23.ffn_down_shexp.weight","ffn_swiglu-23"
64,109,MUL,0,1,1,2326,"ffn_shexp_gated-23","ffn_shexp-23","shared_expert_gate_sigmoid-23"
64,110,ADD,0,1,0,2327,"ffn_out-23","ffn_moe_out-23","ffn_shexp_gated-23"
65,5,MUL_MAT,0,266,72,657,"linear_attn_out-24","blk.24.ssm_out.weight","final_output-24"
65,34,SCALE,0,0,2,906,"ffn_moe_inp-24","node_4082",""
65,70,ADD,0,1,1,1692,"ffn_moe_out-24","node_4118","ffn_moe_weighted-24 (view)"
65,74,MUL_MAT,0,30,8,1805,"ffn_shexp-24","blk.24.ffn_down_shexp.weight","ffn_swiglu-24"
65,77,MUL,0,2,1,1814,"ffn_shexp_gated-24","ffn_shexp-24","shared_expert_gate_sigmoid-24"
65,78,ADD,0,1,1,1816,"ffn_out-24","ffn_moe_out-24","ffn_shexp_gated-24"
66,5,MUL_MAT,0,300,66,720,"linear_attn_out-25","blk.25.ssm_out.weight","final_output-25"
66,34,SCALE,0,0,12,1032,"ffn_moe_inp-25","node_4236",""
66,70,ADD,0,1,1,2312,"ffn_moe_out-25","node_4272","ffn_moe_weighted-25 (view)"
66,74,MUL_MAT,0,22,14,2434,"ffn_shexp-25","blk.25.ffn_down_shexp.weight","ffn_swiglu-25"
66,77,MUL,0,2,1,2444,"ffn_shexp_gated-25","ffn_shexp-25","shared_expert_gate_sigmoid-25"
66,78,ADD,0,1,1,2446,"ffn_out-25","ffn_moe_out-25","ffn_shexp_gated-25"
67,5,MUL_MAT,0,335,153,909,"linear_attn_out-26","blk.26.ssm_out.weight","final_output-26"
67,34,SCALE,0,1,0,1281,"ffn_moe_inp-26","node_4390",""
67,70,ADD,0,2,9,2288,"ffn_moe_out-26","node_4426","ffn_moe_weighted-26 (view)"
67,74,MUL_MAT,0,56,8,2439,"ffn_shexp-26","blk.26.ffn_down_shexp.weight","ffn_swiglu-26"
67,77,MUL,0,3,1,2452,"ffn_shexp_gated-26","ffn_shexp-26","shared_expert_gate_sigmoid-26"
67,78,ADD,0,1,6,2460,"ffn_out-26","ffn_moe_out-26","ffn_shexp_gated-26"
68,38,MUL_MAT,0,215,111,600,"attn_output-27","blk.27.attn_output.weight","attn_gated-27"
68,66,SCALE,0,1,5,979,"ffn_moe_inp-27","node_4577",""
68,102,ADD,0,1,1,1804,"ffn_moe_out-27","node_4613","ffn_moe_weighted-27 (view)"
68,106,MUL_MAT,0,23,21,1939,"ffn_shexp-27","blk.27.ffn_down_shexp.weight","ffn_swiglu-27"
68,109,MUL,0,2,6,1953,"ffn_shexp_gated-27","ffn_shexp-27","shared_expert_gate_sigmoid-27"
68,110,ADD,0,1,1,1955,"ffn_out-27","ffn_moe_out-27","ffn_shexp_gated-27"
69,5,MUL_MAT,0,338,10,727,"linear_attn_out-28","blk.28.ssm_out.weight","final_output-28"
69,34,SCALE,0,0,2,1043,"ffn_moe_inp-28","node_4731",""
69,70,ADD,0,18,1,2686,"ffn_moe_out-28","node_4767","ffn_moe_weighted-28 (view)"
69,74,MUL_MAT,0,32,16,2861,"ffn_shexp-28","blk.28.ffn_down_shexp.weight","ffn_swiglu-28"
69,77,MUL,0,3,12,2892,"ffn_shexp_gated-28","ffn_shexp-28","shared_expert_gate_sigmoid-28"
69,78,ADD,0,2,16,2910,"ffn_out-28","ffn_moe_out-28","ffn_shexp_gated-28"
70,5,MUL_MAT,0,348,80,770,"linear_attn_out-29","blk.29.ssm_out.weight","final_output-29"
70,34,SCALE,0,0,5,1158,"ffn_moe_inp-29","node_4885",""
70,70,ADD,0,2,14,2150,"ffn_moe_out-29","node_4921","ffn_moe_weighted-29 (view)"
70,74,MUL_MAT,0,34,3,2277,"ffn_shexp-29","blk.29.ffn_down_shexp.weight","ffn_swiglu-29"
70,77,MUL,0,3,0,2287,"ffn_shexp_gated-29","ffn_shexp-29","shared_expert_gate_sigmoid-29"
70,78,ADD,0,2,0,2289,"ffn_out-29","ffn_moe_out-29","ffn_shexp_gated-29"
71,5,MUL_MAT,0,328,163,886,"linear_attn_out-30","blk.30.ssm_out.weight","final_output-30"
71,34,SCALE,0,0,1,1238,"ffn_moe_inp-30","node_5039",""
71,70,ADD,0,1,1,2223,"ffn_moe_out-30","node_5075","ffn_moe_weighted-30 (view)"
71,74,MUL_MAT,0,38,1,2341,"ffn_shexp-30","blk.30.ffn_down_shexp.weight","ffn_swiglu-30"
71,77,MUL,0,3,0,2351,"ffn_shexp_gated-30","ffn_shexp-30","shared_expert_gate_sigmoid-30"
71,78,ADD,0,1,1,2354,"ffn_out-30","ffn_moe_out-30","ffn_shexp_gated-30"
72,38,MUL_MAT,0,336,9,630,"attn_output-31","blk.31.attn_output.weight","attn_gated-31"
72,66,SCALE,0,1,10,911,"ffn_moe_inp-31","node_5226",""
72,102,ADD,0,1,1,1972,"ffn_moe_out-31","node_5262","ffn_moe_weighted-31 (view)"
72,106,MUL_MAT,0,29,12,2094,"ffn_shexp-31","blk.31.ffn_down_shexp.weight","ffn_swiglu-31"
72,109,MUL,0,2,0,2105,"ffn_shexp_gated-31","ffn_shexp-31","shared_expert_gate_sigmoid-31"
72,110,ADD,0,1,1,2107,"ffn_out-31","ffn_moe_out-31","ffn_shexp_gated-31"
73,5,MUL_MAT,0,300,43,689,"linear_attn_out-32","blk.32.ssm_out.weight","final_output-32"
73,34,SCALE,0,0,2,954,"ffn_moe_inp-32","node_5380",""
73,70,ADD,0,1,1,2299,"ffn_moe_out-32","node_5416","ffn_moe_weighted-32 (view)"
73,74,MUL_MAT,0,35,8,2447,"ffn_shexp-32","blk.32.ffn_down_shexp.weight","ffn_swiglu-32"
73,77,MUL,0,2,0,2455,"ffn_shexp_gated-32","ffn_shexp-32","shared_expert_gate_sigmoid-32"
73,78,ADD,0,1,0,2457,"ffn_out-32","ffn_moe_out-32","ffn_shexp_gated-32"
74,5,MUL_MAT,0,297,63,709,"linear_attn_out-33","blk.33.ssm_out.weight","final_output-33"
74,34,SCALE,0,0,2,974,"ffn_moe_inp-33","node_5534",""
74,70,ADD,0,1,0,1851,"ffn_moe_out-33","node_5570","ffn_moe_weighted-33 (view)"
74,74,MUL_MAT,0,27,22,1987,"ffn_shexp-33","blk.33.ffn_down_shexp.weight","ffn_swiglu-33"
74,77,MUL,0,2,0,1995,"ffn_shexp_gated-33","ffn_shexp-33","shared_expert_gate_sigmoid-33"
74,78,ADD,0,2,1,1998,"ffn_out-33","ffn_moe_out-33","ffn_shexp_gated-33"
75,5,MUL_MAT,0,352,1,695,"linear_attn_out-34","blk.34.ssm_out.weight","final_output-34"
75,34,SCALE,0,0,1,984,"ffn_moe_inp-34","node_5688",""
75,70,ADD,0,1,1,2604,"ffn_moe_out-34","node_5724","ffn_moe_weighted-34 (view)"
75,74,MUL_MAT,0,34,6,2730,"ffn_shexp-34","blk.34.ffn_down_shexp.weight","ffn_swiglu-34"
75,77,MUL,0,3,0,2740,"ffn_shexp_gated-34","ffn_shexp-34","shared_expert_gate_sigmoid-34"
75,78,ADD,0,2,0,2742,"ffn_out-34","ffn_moe_out-34","ffn_shexp_gated-34"
76,38,MUL_MAT,0,320,12,671,"attn_output-35","blk.35.attn_output.weight","attn_gated-35"
76,66,SCALE,0,0,2,954,"ffn_moe_inp-35","node_5875",""
76,102,ADD,0,1,0,1817,"ffn_moe_out-35","node_5911","ffn_moe_weighted-35 (view)"
76,106,MUL_MAT,0,36,1,1934,"ffn_shexp-35","blk.35.ffn_down_shexp.weight","ffn_swiglu-35"
76,109,MUL,0,3,0,1945,"ffn_shexp_gated-35","ffn_shexp-35","shared_expert_gate_sigmoid-35"
76,110,ADD,0,2,0,1947,"ffn_out-35","ffn_moe_out-35","ffn_shexp_gated-35"
77,5,MUL_MAT,0,329,8,662,"linear_attn_out-36","blk.36.ssm_out.weight","final_output-36"
77,34,SCALE,0,0,0,928,"ffn_moe_inp-36","node_6029",""
77,70,ADD,0,1,16,1727,"ffn_moe_out-36","node_6065","ffn_moe_weighted-36 (view)"
77,74,MUL_MAT,0,34,4,1856,"ffn_shexp-36","blk.36.ffn_down_shexp.weight","ffn_swiglu-36"
77,77,MUL,0,3,1,1865,"ffn_shexp_gated-36","ffn_shexp-36","shared_expert_gate_sigmoid-36"
77,78,ADD,0,1,1,1867,"ffn_out-36","ffn_moe_out-36","ffn_shexp_gated-36"
78,5,MUL_MAT,0,380,122,854,"linear_attn_out-37","blk.37.ssm_out.weight","final_output-37"
78,34,SCALE,0,0,11,1239,"ffn_moe_inp-37","node_6183",""
78,70,ADD,0,1,1,2179,"ffn_moe_out-37","node_6219","ffn_moe_weighted-37 (view)"
78,74,MUL_MAT,0,28,9,2306,"ffn_shexp-37","blk.37.ffn_down_shexp.weight","ffn_swiglu-37"
78,77,MUL,0,1,1,2315,"ffn_shexp_gated-37","ffn_shexp-37","shared_expert_gate_sigmoid-37"
78,78,ADD,0,1,1,2317,"ffn_out-37","ffn_moe_out-37","ffn_shexp_gated-37"
79,5,MUL_MAT,0,276,107,745,"linear_attn_out-38","blk.38.ssm_out.weight","final_output-38"
79,34,SCALE,0,1,2,1037,"ffn_moe_inp-38","node_6337",""
79,70,ADD,0,1,8,1934,"ffn_moe_out-38","node_6373","ffn_moe_weighted-38 (view)"
79,74,MUL_MAT,0,34,5,2347,"ffn_shexp-38","blk.38.ffn_down_shexp.weight","ffn_swiglu-38"
79,77,MUL,0,2,0,2356,"ffn_shexp_gated-38","ffn_shexp-38","shared_expert_gate_sigmoid-38"
79,78,ADD,0,1,1,2358,"ffn_out-38","ffn_moe_out-38","ffn_shexp_gated-38"
80,0,GET_ROWS,0,4,1,5,"model.input_embed","token_embd.weight","inp_tokens"
81,5,MUL_MAT,0,290,70,700,"linear_attn_out-0","blk.0.ssm_out.weight","final_output-0"
81,34,SCALE,0,1,1,943,"ffn_moe_inp-0","node_104",""
81,70,ADD,0,2,0,1820,"ffn_moe_out-0","node_140","ffn_moe_weighted-0 (view)"
81,93,MUL_MAT,0,60,31,2943,"ffn_shexp-0","blk.0.ffn_down_shexp.weight","ffn_swiglu-0"
81,96,MUL,0,2,5,2969,"ffn_shexp_gated-0","ffn_shexp-0","shared_expert_gate_sigmoid-0"
81,97,ADD,0,2,5,2976,"ffn_out-0","ffn_moe_out-0","ffn_shexp_gated-0"
82,5,MUL_MAT,0,162,180,680,"linear_attn_out-1","blk.1.ssm_out.weight","final_output-1"
82,34,SCALE,0,0,2,964,"ffn_moe_inp-1","node_342",""
82,70,ADD,0,1,0,1773,"ffn_moe_out-1","node_378","ffn_moe_weighted-1 (view)"
82,74,MUL_MAT,0,18,20,1902,"ffn_shexp-1","blk.1.ffn_down_shexp.weight","ffn_swiglu-1"
82,77,MUL,0,2,0,1911,"ffn_shexp_gated-1","ffn_shexp-1","shared_expert_gate_sigmoid-1"
82,78,ADD,0,1,0,1912,"ffn_out-1","ffn_moe_out-1","ffn_shexp_gated-1"
83,5,MUL_MAT,0,314,60,760,"linear_attn_out-2","blk.2.ssm_out.weight","final_output-2"
83,34,SCALE,0,0,1,1045,"ffn_moe_inp-2","node_496",""
83,70,ADD,0,2,0,2083,"ffn_moe_out-2","node_532","ffn_moe_weighted-2 (view)"
83,74,MUL_MAT,0,34,7,2213,"ffn_shexp-2","blk.2.ffn_down_shexp.weight","ffn_swiglu-2"
83,77,MUL,0,3,0,2226,"ffn_shexp_gated-2","ffn_shexp-2","shared_expert_gate_sigmoid-2"
83,78,ADD,0,1,1,2229,"ffn_out-2","ffn_moe_out-2","ffn_shexp_gated-2"
84,38,MUL_MAT,0,323,21,642,"attn_output-3","blk.3.attn_output.weight","attn_gated-3"
84,66,SCALE,0,1,1,917,"ffn_moe_inp-3","node_683",""
84,102,ADD,0,2,0,1744,"ffn_moe_out-3","node_719","ffn_moe_weighted-3 (view)"
84,106,MUL_MAT,0,44,3,1870,"ffn_shexp-3","blk.3.ffn_down_shexp.weight","ffn_swiglu-3"
84,109,MUL,0,3,1,1885,"ffn_shexp_gated-3","ffn_shexp-3","shared_expert_gate_sigmoid-3"
84,110,ADD,0,2,0,1887,"ffn_out-3","ffn_moe_out-3","ffn_shexp_gated-3"
85,5,MUL_MAT,0,315,11,644,"linear_attn_out-4","blk.4.ssm_out.weight","final_output-4"
85,34,SCALE,0,0,9,924,"ffn_moe_inp-4","node_837",""
85,70,ADD,0,2,0,2089,"ffn_moe_out-4","node_873","ffn_moe_weighted-4 (view)"
85,74,MUL_MAT,0,31,11,2221,"ffn_shexp-4","blk.4.ffn_down_shexp.weight","ffn_swiglu-4"
85,77,MUL,0,2,0,2246,"ffn_shexp_gated-4","ffn_shexp-4","shared_expert_gate_sigmoid-4"
85,78,ADD,0,1,1,2248,"ffn_out-4","ffn_moe_out-4","ffn_shexp_gated-4"
86,5,MUL_MAT,0,259,81,681,"linear_attn_out-5","blk.5.ssm_out.weight","final_output-5"
86,34,SCALE,0,0,2,943,"ffn_moe_inp-5","node_991",""
86,70,ADD,0,1,8,1768,"ffn_moe_out-5","node_1027","ffn_moe_weighted-5 (view)"
86,74,MUL_MAT,0,27,9,1888,"ffn_shexp-5","blk.5.ffn_down_shexp.weight","ffn_swiglu-5"
86,77,MUL,0,2,1,1905,"ffn_shexp_gated-5","ffn_shexp-5","shared_expert_gate_sigmoid-5"
86,78,ADD,0,1,1,1907,"ffn_out-5","ffn_moe_out-5","ffn_shexp_gated-5"
87,5,MUL_MAT,0,370,8,743,"linear_attn_out-6","blk.6.ssm_out.weight","final_output-6"
87,34,SCALE,0,0,2,1046,"ffn_moe_inp-6","node_1145",""
87,70,ADD,0,2,0,2048,"ffn_moe_out-6","node_1181","ffn_moe_weighted-6 (view)"
87,74,MUL_MAT,0,33,6,2173,"ffn_shexp-6","blk.6.ffn_down_shexp.weight","ffn_swiglu-6"
87,77,MUL,0,2,4,2192,"ffn_shexp_gated-6","ffn_shexp-6","shared_expert_gate_sigmoid-6"
87,78,ADD,0,2,0,2194,"ffn_out-6","ffn_moe_out-6","ffn_shexp_gated-6"
88,38,MUL_MAT,0,246,85,588,"attn_output-7","blk.7.attn_output.weight","attn_gated-7"
88,66,SCALE,0,0,1,839,"ffn_moe_inp-7","node_1332",""
88,102,ADD,0,1,0,1621,"ffn_moe_out-7","node_1368","ffn_moe_weighted-7 (view)"
88,106,MUL_MAT,0,32,7,1750,"ffn_shexp-7","blk.7.ffn_down_shexp.weight","ffn_swiglu-7"
88,109,MUL,0,2,0,1757,"ffn_shexp_gated-7","ffn_shexp-7","shared_expert_gate_sigmoid-7"
88,110,ADD,0,1,0,1759,"ffn_out-7","ffn_moe_out-7","ffn_shexp_gated-7"
89,5,MUL_MAT,0,280,61,682,"linear_attn_out-8","blk.8.ssm_out.weight","final_output-8"
89,34,SCALE,0,0,145,1088,"ffn_moe_inp-8","node_1486",""
89,70,ADD,0,1,1,2084,"ffn_moe_out-8","node_1522","ffn_moe_weighted-8 (view)"
89,74,MUL_MAT,0,33,12,2227,"ffn_shexp-8","blk.8.ffn_down_shexp.weight","ffn_swiglu-8"
89,77,MUL,0,2,8,2243,"ffn_shexp_gated-8","ffn_shexp-8","shared_expert_gate_sigmoid-8"
89,78,ADD,0,1,0,2244,"ffn_out-8","ffn_moe_out-8","ffn_shexp_gated-8"
90,5,MUL_MAT,0,281,83,730,"linear_attn_out-9","blk.9.ssm_out.weight","final_output-9"
90,34,SCALE,0,0,11,1022,"ffn_moe_inp-9","node_1640",""
90,70,ADD,0,1,1,2029,"ffn_moe_out-9","node_1676","ffn_moe_weighted-9 (view)"
90,74,MUL_MAT,0,29,9,2147,"ffn_shexp-9","blk.9.ffn_down_shexp.weight","ffn_swiglu-9"
90,77,MUL,0,2,0,2176,"ffn_shexp_gated-9","ffn_shexp-9","shared_expert_gate_sigmoid-9"
90,78,ADD,0,1,0,2178,"ffn_out-9","ffn_moe_out-9","ffn_shexp_gated-9"
91,5,MUL_MAT,0,266,87,682,"linear_attn_out-10","blk.10.ssm_out.weight","final_output-10"
91,34,SCALE,0,0,1,956,"ffn_moe_inp-10","node_1794",""
91,70,ADD,0,2,0,1826,"ffn_moe_out-10","node_1830","ffn_moe_weighted-10 (view)"
91,74,MUL_MAT,0,31,15,1964,"ffn_shexp-10","blk.10.ffn_down_shexp.weight","ffn_swiglu-10"
91,77,MUL,0,2,0,1972,"ffn_shexp_gated-10","ffn_shexp-10","shared_expert_gate_sigmoid-10"
91,78,ADD,0,2,1,1975,"ffn_out-10","ffn_moe_out-10","ffn_shexp_gated-10"
92,38,MUL_MAT,0,320,2,564,"attn_output-11","blk.11.attn_output.weight","attn_gated-11"
92,66,SCALE,0,0,1,843,"ffn_moe_inp-11","node_1981",""
92,102,ADD,0,1,11,1692,"ffn_moe_out-11","node_2017","ffn_moe_weighted-11 (view)"
92,106,MUL_MAT,0,36,0,1814,"ffn_shexp-11","blk.11.ffn_down_shexp.weight","ffn_swiglu-11"
92,109,MUL,0,4,0,1825,"ffn_shexp_gated-11","ffn_shexp-11","shared_expert_gate_sigmoid-11"
92,110,ADD,0,2,0,1827,"ffn_out-11","ffn_moe_out-11","ffn_shexp_gated-11"
93,5,MUL_MAT,0,329,97,772,"linear_attn_out-12","blk.12.ssm_out.weight","final_output-12"
93,34,SCALE,0,1,1,1084,"ffn_moe_inp-12","node_2135",""
93,70,ADD,0,1,2,1891,"ffn_moe_out-12","node_2171","ffn_moe_weighted-12 (view)"
93,74,MUL_MAT,0,30,8,2008,"ffn_shexp-12","blk.12.ffn_down_shexp.weight","ffn_swiglu-12"
93,77,MUL,0,2,0,2015,"ffn_shexp_gated-12","ffn_shexp-12","shared_expert_gate_sigmoid-12"
93,78,ADD,0,1,1,2018,"ffn_out-12","ffn_moe_out-12","ffn_shexp_gated-12"
94,5,MUL_MAT,0,288,75,712,"linear_attn_out-13","blk.13.ssm_out.weight","final_output-13"
94,34,SCALE,0,0,2,997,"ffn_moe_inp-13","node_2289",""
94,70,ADD,0,1,0,1908,"ffn_moe_out-13","node_2325","ffn_moe_weighted-13 (view)"
94,74,MUL_MAT,0,32,8,2061,"ffn_shexp-13","blk.13.ffn_down_shexp.weight","ffn_swiglu-13"
94,77,MUL,0,2,2,2089,"ffn_shexp_gated-13","ffn_shexp-13","shared_expert_gate_sigmoid-13"
94,78,ADD,0,1,4,2095,"ffn_out-13","ffn_moe_out-13","ffn_shexp_gated-13"
95,5,MUL_MAT,0,268,67,660,"linear_attn_out-14","blk.14.ssm_out.weight","final_output-14"
95,34,SCALE,0,0,1,895,"ffn_moe_inp-14","node_2443",""
95,70,ADD,0,1,1,1680,"ffn_moe_out-14","node_2479","ffn_moe_weighted-14 (view)"
95,74,MUL_MAT,0,30,11,1926,"ffn_shexp-14","blk.14.ffn_down_shexp.weight","ffn_swiglu-14"
95,77,MUL,0,2,0,1935,"ffn_shexp_gated-14","ffn_shexp-14","shared_expert_gate_sigmoid-14"
95,78,ADD,0,2,1,1938,"ffn_out-14","ffn_moe_out-14","ffn_shexp_gated-14"
96,38,MUL_MAT,0,261,72,564,"attn_output-15","blk.15.attn_output.weight","attn_gated-15"
96,66,SCALE,0,0,2,835,"ffn_moe_inp-15","node_2630",""
96,102,ADD,0,1,1,1644,"ffn_moe_out-15","node_2666","ffn_moe_weighted-15 (view)"
96,106,MUL_MAT,0,17,23,1769,"ffn_shexp-15","blk.15.ffn_down_shexp.weight","ffn_swiglu-15"
96,109,MUL,0,2,0,1777,"ffn_shexp_gated-15","ffn_shexp-15","shared_expert_gate_sigmoid-15"
96,110,ADD,0,0,1,1779,"ffn_out-15","ffn_moe_out-15","ffn_shexp_gated-15"
97,5,MUL_MAT,0,192,140,667,"linear_attn_out-16","blk.16.ssm_out.weight","final_output-16"
97,34,SCALE,0,0,5,1031,"ffn_moe_inp-16","node_2784",""
97,70,ADD,0,1,3,1940,"ffn_moe_out-16","node_2820","ffn_moe_weighted-16 (view)"
97,74,MUL_MAT,0,32,32,2137,"ffn_shexp-16","blk.16.ffn_down_shexp.weight","ffn_swiglu-16"
97,77,MUL,0,4,0,2165,"ffn_shexp_gated-16","ffn_shexp-16","shared_expert_gate_sigmoid-16"
97,78,ADD,0,2,6,2173,"ffn_out-16","ffn_moe_out-16","ffn_shexp_gated-16"
98,5,MUL_MAT,0,268,93,731,"linear_attn_out-17","blk.17.ssm_out.weight","final_output-17"
98,34,SCALE,0,0,1,1002,"ffn_moe_inp-17","node_2938",""
98,70,ADD,0,1,1,1819,"ffn_moe_out-17","node_2974","ffn_moe_weighted-17 (view)"
98,74,MUL_MAT,0,30,7,1932,"ffn_shexp-17","blk.17.ffn_down_shexp.weight","ffn_swiglu-17"
98,77,MUL,0,2,0,1940,"ffn_shexp_gated-17","ffn_shexp-17","shared_expert_gate_sigmoid-17"
98,78,ADD,0,1,1,1942,"ffn_out-17","ffn_moe_out-17","ffn_shexp_gated-17"
99,5,MUL_MAT,0,277,75,708,"linear_attn_out-18","blk.18.ssm_out.weight","final_output-18"
99,34,SCALE,0,0,2,992,"ffn_moe_inp-18","node_3092",""
99,70,ADD,0,1,1,1862,"ffn_moe_out-18","node_3128","ffn_moe_weighted-18 (view)"
99,74,MUL_MAT,0,29,8,1974,"ffn_shexp-18","blk.18.ffn_down_shexp.weight","ffn_swiglu-18"
99,77,MUL,0,2,0,1981,"ffn_shexp_gated-18","ffn_shexp-18","shared_expert_gate_sigmoid-18"
99,78,ADD,0,1,0,1983,"ffn_out-18","ffn_moe_out-18","ffn_shexp_gated-18"
100,38,MUL_MAT,0,274,52,556,"attn_output-19","blk.19.attn_output.weight","attn_gated-19"
100,66,SCALE,0,0,11,814,"ffn_moe_inp-19","node_3279",""
100,102,ADD,0,1,1,1730,"ffn_moe_out-19","node_3315","ffn_moe_weighted-19 (view)"
100,106,MUL_MAT,0,27,11,1851,"ffn_shexp-19","blk.19.ffn_down_shexp.weight","ffn_swiglu-19"
100,109,MUL,0,2,0,1859,"ffn_shexp_gated-19","ffn_shexp-19","shared_expert_gate_sigmoid-19"
100,110,ADD,0,2,0,1861,"ffn_out-19","ffn_moe_out-19","ffn_shexp_gated-19"
101,5,MUL_MAT,0,307,53,690,"linear_attn_out-20","blk.20.ssm_out.weight","final_output-20"
101,34,SCALE,0,0,1,941,"ffn_moe_inp-20","node_3433",""
101,70,ADD,0,1,1,1728,"ffn_moe_out-20","node_3469","ffn_moe_weighted-20 (view)"
101,74,MUL_MAT,0,28,13,1852,"ffn_shexp-20","blk.20.ffn_down_shexp.weight","ffn_swiglu-20"
101,77,MUL,0,2,0,1859,"ffn_shexp_gated-20","ffn_shexp-20","shared_expert_gate_sigmoid-20"
101,78,ADD,0,1,0,1861,"ffn_out-20","ffn_moe_out-20","ffn_shexp_gated-20"
102,5,MUL_MAT,0,194,179,741,"linear_attn_out-21","blk.21.ssm_out.weight","final_output-21"
102,34,SCALE,0,0,2,1087,"ffn_moe_inp-21","node_3587",""
102,70,ADD,0,2,0,1878,"ffn_moe_out-21","node_3623","ffn_moe_weighted-21 (view)"
102,74,MUL_MAT,0,34,11,2000,"ffn_shexp-21","blk.21.ffn_down_shexp.weight","ffn_swiglu-21"
102,77,MUL,0,4,0,2017,"ffn_shexp_gated-21","ffn_shexp-21","shared_expert_gate_sigmoid-21"
102,78,ADD,0,1,1,2019,"ffn_out-21","ffn_moe_out-21","ffn_shexp_gated-21"
103,5,MUL_MAT,0,315,6,629,"linear_attn_out-22","blk.22.ssm_out.weight","final_output-22"
103,34,SCALE,0,0,10,913,"ffn_moe_inp-22","node_3741",""
103,70,ADD,0,1,1,1767,"ffn_moe_out-22","node_3777","ffn_moe_weighted-22 (view)"
103,74,MUL_MAT,0,37,2,1894,"ffn_shexp-22","blk.22.ffn_down_shexp.weight","ffn_swiglu-22"
103,77,MUL,0,3,9,1914,"ffn_shexp_gated-22","ffn_shexp-22","shared_expert_gate_sigmoid-22"
103,78,ADD,0,2,0,1916,"ffn_out-22","ffn_moe_out-22","ffn_shexp_gated-22"
104,38,MUL_MAT,0,312,5,522,"attn_output-23","blk.23.attn_output.weight","attn_gated-23"
104,66,SCALE,0,0,2,791,"ffn_moe_inp-23","node_3928",""
104,102,ADD,0,2,0,1559,"ffn_moe_out-23","node_3964","ffn_moe_weighted-23 (view)"
104,106,MUL_MAT,0,34,1,1680,"ffn_shexp-23","blk.23.ffn_down_shexp.weight","ffn_swiglu-23"
104,109,MUL,0,3,0,1699,"ffn_shexp_gated-23","ffn_shexp-23","shared_expert_gate_sigmoid-23"
104,110,ADD,0,1,0,1701,"ffn_out-23","ffn_moe_out-23","ffn_shexp_gated-23"
105,5,MUL_MAT,0,324,5,647,"linear_attn_out-24","blk.24.ssm_out.weight","final_output-24"
105,34,SCALE,0,1,1,917,"ffn_moe_inp-24","node_4082",""
105,70,ADD,0,1,4,1763,"ffn_moe_out-24","node_4118","ffn_moe_weighted-24 (view)"
105,74,MUL_MAT,0,35,1,1878,"ffn_shexp-24","blk.24.ffn_down_shexp.weight","ffn_swiglu-24"
105,77,MUL,0,4,0,1890,"ffn_shexp_gated-24","ffn_shexp-24","shared_expert_gate_sigmoid-24"
105,78,ADD,0,2,0,1892,"ffn_out-24","ffn_moe_out-24","ffn_shexp_gated-24"
106,5,MUL_MAT,0,330,11,689,"linear_attn_out-25","blk.25.ssm_out.weight","final_output-25"
106,34,SCALE,0,1,1,975,"ffn_moe_inp-25","node_4236",""
106,70,ADD,0,2,0,1862,"ffn_moe_out-25","node_4272","ffn_moe_weighted-25 (view)"
106,74,MUL_MAT,0,38,6,1992,"ffn_shexp-25","blk.25.ffn_down_shexp.weight","ffn_swiglu-25"
106,77,MUL,0,3,1,2002,"ffn_shexp_gated-25","ffn_shexp-25","shared_expert_gate_sigmoid-25"
106,78,ADD,0,2,0,2004,"ffn_out-25","ffn_moe_out-25","ffn_shexp_gated-25"
107,5,MUL_MAT,0,325,5,648,"linear_attn_out-26","blk.26.ssm_out.weight","final_output-26"
107,34,SCALE,0,0,1,916,"ffn_moe_inp-26","node_4390",""
107,70,ADD,0,2,0,1743,"ffn_moe_out-26","node_4426","ffn_moe_weighted-26 (view)"
107,74,MUL_MAT,0,37,1,1862,"ffn_shexp-26","blk.26.ffn_down_shexp.weight","ffn_swiglu-26"
107,77,MUL,0,3,1,1872,"ffn_shexp_gated-26","ffn_shexp-26","shared_expert_gate_sigmoid-26"
107,78,ADD,0,2,0,1874,"ffn_out-26","ffn_moe_out-26","ffn_shexp_gated-26"
108,38,MUL_MAT,0,340,2,605,"attn_output-27","blk.27.attn_output.weight","attn_gated-27"
108,66,SCALE,0,0,2,880,"ffn_moe_inp-27","node_4577",""
108,102,ADD,0,1,1,1677,"ffn_moe_out-27","node_4613","ffn_moe_weighted-27 (view)"
108,106,MUL_MAT,0,37,1,1796,"ffn_shexp-27","blk.27.ffn_down_shexp.weight","ffn_swiglu-27"
108,109,MUL,0,3,0,1814,"ffn_shexp_gated-27","ffn_shexp-27","shared_expert_gate_sigmoid-27"
108,110,ADD,0,1,1,1817,"ffn_out-27","ffn_moe_out-27","ffn_shexp_gated-27"
109,5,MUL_MAT,0,310,7,628,"linear_attn_out-28","blk.28.ssm_out.weight","final_output-28"
109,34,SCALE,0,0,2,884,"ffn_moe_inp-28","node_4731",""
109,70,ADD,0,2,0,1746,"ffn_moe_out-28","node_4767","ffn_moe_weighted-28 (view)"
109,74,MUL_MAT,0,35,5,1871,"ffn_shexp-28","blk.28.ffn_down_shexp.weight","ffn_swiglu-28"
109,77,MUL,0,4,0,1882,"ffn_shexp_gated-28","ffn_shexp-28","shared_expert_gate_sigmoid-28"
109,78,ADD,0,1,0,1884,"ffn_out-28","ffn_moe_out-28","ffn_shexp_gated-28"
110,5,MUL_MAT,0,237,115,725,"linear_attn_out-29","blk.29.ssm_out.weight","final_output-29"
110,34,SCALE,0,1,1,1018,"ffn_moe_inp-29","node_4885",""
110,70,ADD,0,2,2,1871,"ffn_moe_out-29","node_4921","ffn_moe_weighted-29 (view)"
110,74,MUL_MAT,0,32,7,2027,"ffn_shexp-29","blk.29.ffn_down_shexp.weight","ffn_swiglu-29"
110,77,MUL,0,1,1,2036,"ffn_shexp_gated-29","ffn_shexp-29","shared_expert_gate_sigmoid-29"
110,78,ADD,0,1,1,2038,"ffn_out-29","ffn_moe_out-29","ffn_shexp_gated-29"
111,5,MUL_MAT,0,194,158,698,"linear_attn_out-30","blk.30.ssm_out.weight","final_output-30"
111,34,SCALE,0,0,2,983,"ffn_moe_inp-30","node_5039",""
111,70,ADD,0,1,1,1958,"ffn_moe_out-30","node_5075","ffn_moe_weighted-30 (view)"
111,74,MUL_MAT,0,34,11,2095,"ffn_shexp-30","blk.30.ffn_down_shexp.weight","ffn_swiglu-30"
111,77,MUL,0,1,0,2114,"ffn_shexp_gated-30","ffn_shexp-30","shared_expert_gate_sigmoid-30"
111,78,ADD,0,0,1,2116,"ffn_out-30","ffn_moe_out-30","ffn_shexp_gated-30"
112,38,MUL_MAT,0,151,161,514,"attn_output-31","blk.31.attn_output.weight","attn_gated-31"
112,66,SCALE,0,0,8,781,"ffn_moe_inp-31","node_5226",""
112,102,ADD,0,1,1,2032,"ffn_moe_out-31","node_5262","ffn_moe_weighted-31 (view)"
112,106,MUL_MAT,0,34,2,2144,"ffn_shexp-31","blk.31.ffn_down_shexp.weight","ffn_swiglu-31"
112,109,MUL,0,3,0,2165,"ffn_shexp_gated-31","ffn_shexp-31","shared_expert_gate_sigmoid-31"
112,110,ADD,0,1,0,2167,"ffn_out-31","ffn_moe_out-31","ffn_shexp_gated-31"
113,5,MUL_MAT,0,172,163,651,"linear_attn_out-32","blk.32.ssm_out.weight","final_output-32"
113,34,SCALE,0,0,1,893,"ffn_moe_inp-32","node_5380",""
113,70,ADD,0,1,1,1665,"ffn_moe_out-32","node_5416","ffn_moe_weighted-32 (view)"
113,74,MUL_MAT,0,20,24,1801,"ffn_shexp-32","blk.32.ffn_down_shexp.weight","ffn_swiglu-32"
113,77,MUL,0,2,0,1818,"ffn_shexp_gated-32","ffn_shexp-32","shared_expert_gate_sigmoid-32"
113,78,ADD,0,1,1,1820,"ffn_out-32","ffn_moe_out-32","ffn_shexp_gated-32"
114,5,MUL_MAT,0,197,157,700,"linear_attn_out-33","blk.33.ssm_out.weight","final_output-33"
114,34,SCALE,0,0,2,950,"ffn_moe_inp-33","node_5534",""
114,70,ADD,0,1,0,1900,"ffn_moe_out-33","node_5570","ffn_moe_weighted-33 (view)"
114,74,MUL_MAT,0,31,9,2017,"ffn_shexp-33","blk.33.ffn_down_shexp.weight","ffn_swiglu-33"
114,77,MUL,0,2,1,2027,"ffn_shexp_gated-33","ffn_shexp-33","shared_expert_gate_sigmoid-33"
114,78,ADD,0,1,0,2028,"ffn_out-33","ffn_moe_out-33","ffn_shexp_gated-33"
115,5,MUL_MAT,0,287,48,653,"linear_attn_out-34","blk.34.ssm_out.weight","final_output-34"
115,34,SCALE,0,0,1,1061,"ffn_moe_inp-34","node_5688",""
115,70,ADD,0,1,1,1882,"ffn_moe_out-34","node_5724","ffn_moe_weighted-34 (view)"
115,74,MUL_MAT,0,31,9,2013,"ffn_shexp-34","blk.34.ffn_down_shexp.weight","ffn_swiglu-34"
115,77,MUL,0,2,0,2025,"ffn_shexp_gated-34","ffn_shexp-34","shared_expert_gate_sigmoid-34"
115,78,ADD,0,1,1,2028,"ffn_out-34","ffn_moe_out-34","ffn_shexp_gated-34"
116,38,MUL_MAT,0,162,150,540,"attn_output-35","blk.35.attn_output.weight","attn_gated-35"
116,66,SCALE,0,0,1,784,"ffn_moe_inp-35","node_5875",""
116,102,ADD,0,1,1,1569,"ffn_moe_out-35","node_5911","ffn_moe_weighted-35 (view)"
116,106,MUL_MAT,0,18,16,1685,"ffn_shexp-35","blk.35.ffn_down_shexp.weight","ffn_swiglu-35"
116,109,MUL,0,2,0,1694,"ffn_shexp_gated-35","ffn_shexp-35","shared_expert_gate_sigmoid-35"
116,110,ADD,0,1,1,1696,"ffn_out-35","ffn_moe_out-35","ffn_shexp_gated-35"
117,5,MUL_MAT,0,217,136,681,"linear_attn_out-36","blk.36.ssm_out.weight","final_output-36"
117,34,SCALE,0,0,1,976,"ffn_moe_inp-36","node_6029",""
117,70,ADD,0,1,1,1937,"ffn_moe_out-36","node_6065","ffn_moe_weighted-36 (view)"
117,74,MUL_MAT,0,25,18,2061,"ffn_shexp-36","blk.36.ffn_down_shexp.weight","ffn_swiglu-36"
117,77,MUL,0,2,0,2074,"ffn_shexp_gated-36","ffn_shexp-36","shared_expert_gate_sigmoid-36"
117,78,ADD,0,0,4,2079,"ffn_out-36","ffn_moe_out-36","ffn_shexp_gated-36"
118,5,MUL_MAT,0,258,71,658,"linear_attn_out-37","blk.37.ssm_out.weight","final_output-37"
118,34,SCALE,0,0,1,895,"ffn_moe_inp-37","node_6183",""
118,70,ADD,0,1,3,1962,"ffn_moe_out-37","node_6219","ffn_moe_weighted-37 (view)"
118,74,MUL_MAT,0,50,1,2129,"ffn_shexp-37","blk.37.ffn_down_shexp.weight","ffn_swiglu-37"
118,77,MUL,0,3,1,2140,"ffn_shexp_gated-37","ffn_shexp-37","shared_expert_gate_sigmoid-37"
118,78,ADD,0,2,7,2149,"ffn_out-37","ffn_moe_out-37","ffn_shexp_gated-37"
119,5,MUL_MAT,0,290,43,848,"linear_attn_out-38","blk.38.ssm_out.weight","final_output-38"
119,34,SCALE,0,0,3,1107,"ffn_moe_inp-38","node_6337",""
119,70,ADD,0,1,0,1902,"ffn_moe_out-38","node_6373","ffn_moe_weighted-38 (view)"
119,74,MUL_MAT,0,37,3,2027,"ffn_shexp-38","blk.38.ffn_down_shexp.weight","ffn_swiglu-38"
119,77,MUL,0,3,1,2037,"ffn_shexp_gated-38","ffn_shexp-38","shared_expert_gate_sigmoid-38"
119,78,ADD,0,1,3,2041,"ffn_out-38","ffn_moe_out-38","ffn_shexp_gated-38"
120,0,GET_ROWS,0,3,0,4,"model.input_embed","token_embd.weight","inp_tokens"
121,5,MUL_MAT,0,290,54,691,"linear_attn_out-0","blk.0.ssm_out.weight","final_output-0"
121,34,SCALE,0,0,2,974,"ffn_moe_inp-0","node_104",""
121,70,ADD,0,1,0,1770,"ffn_moe_out-0","node_140","ffn_moe_weighted-0 (view)"
121,93,MUL_MAT,0,35,1,2683,"ffn_shexp-0","blk.0.ffn_down_shexp.weight","ffn_swiglu-0"
121,96,MUL,0,3,1,2692,"ffn_shexp_gated-0","ffn_shexp-0","shared_expert_gate_sigmoid-0"
121,97,ADD,0,1,1,2694,"ffn_out-0","ffn_moe_out-0","ffn_shexp_gated-0"
122,5,MUL_MAT,0,325,17,663,"linear_attn_out-1","blk.1.ssm_out.weight","final_output-1"
122,34,SCALE,0,0,2,992,"ffn_moe_inp-1","node_342",""
122,70,ADD,0,1,1,1886,"ffn_moe_out-1","node_378","ffn_moe_weighted-1 (view)"
122,74,MUL_MAT,0,41,1,2035,"ffn_shexp-1","blk.1.ffn_down_shexp.weight","ffn_swiglu-1"
122,77,MUL,0,3,0,2044,"ffn_shexp_gated-1","ffn_shexp-1","shared_expert_gate_sigmoid-1"
122,78,ADD,0,2,0,2047,"ffn_out-1","ffn_moe_out-1","ffn_shexp_gated-1"
123,5,MUL_MAT,0,319,6,642,"linear_attn_out-2","blk.2.ssm_out.weight","final_output-2"
123,34,SCALE,0,0,1,909,"ffn_moe_inp-2","node_496",""
123,70,ADD,0,2,0,2040,"ffn_moe_out-2","node_532","ffn_moe_weighted-2 (view)"
123,74,MUL_MAT,0,39,1,2170,"ffn_shexp-2","blk.2.ffn_down_shexp.weight","ffn_swiglu-2"
123,77,MUL,0,3,7,2187,"ffn_shexp_gated-2","ffn_shexp-2","shared_expert_gate_sigmoid-2"
123,78,ADD,0,1,1,2190,"ffn_out-2","ffn_moe_out-2","ffn_shexp_gated-2"
124,38,MUL_MAT,0,311,0,546,"attn_output-3","blk.3.attn_output.weight","attn_gated-3"
124,66,SCALE,0,0,1,812,"ffn_moe_inp-3","node_683",""
124,102,ADD,0,1,1,1551,"ffn_moe_out-3","node_719","ffn_moe_weighted-3 (view)"
124,106,MUL_MAT,0,35,6,1671,"ffn_shexp-3","blk.3.ffn_down_shexp.weight","ffn_swiglu-3"
124,109,MUL,0,3,0,1682,"ffn_shexp_gated-3","ffn_shexp-3","shared_expert_gate_sigmoid-3"
124,110,ADD,0,1,0,1684,"ffn_out-3","ffn_moe_out-3","ffn_shexp_gated-3"
125,5,MUL_MAT,0,328,12,656,"linear_attn_out-4","blk.4.ssm_out.weight","final_output-4"
125,34,SCALE,0,0,2,973,"ffn_moe_inp-4","node_837",""
125,70,ADD,0,1,1,2080,"ffn_moe_out-4","node_873","ffn_moe_weighted-4 (view)"
125,74,MUL_MAT,0,38,8,2220,"ffn_shexp-4","blk.4.ffn_down_shexp.weight","ffn_swiglu-4"
125,77,MUL,0,2,0,2227,"ffn_shexp_gated-4","ffn_shexp-4","shared_expert_gate_sigmoid-4"
125,78,ADD,0,1,1,2229,"ffn_out-4","ffn_moe_out-4","ffn_shexp_gated-4"
126,5,MUL_MAT,0,278,55,662,"linear_attn_out-5","blk.5.ssm_out.weight","final_output-5"
126,34,SCALE,0,0,2,1017,"ffn_moe_inp-5","node_991",""
126,70,ADD,0,1,5,1883,"ffn_moe_out-5","node_1027","ffn_moe_weighted-5 (view)"
126,74,MUL_MAT,0,31,8,2041,"ffn_shexp-5","blk.5.ffn_down_shexp.weight","ffn_swiglu-5"
126,77,MUL,0,3,0,2051,"ffn_shexp_gated-5","ffn_shexp-5","shared_expert_gate_sigmoid-5"
126,78,ADD,0,2,0,2053,"ffn_out-5","ffn_moe_out-5","ffn_shexp_gated-5"
127,5,MUL_MAT,0,256,86,675,"linear_attn_out-6","blk.6.ssm_out.weight","final_output-6"
127,34,SCALE,0,0,8,953,"ffn_moe_inp-6","node_1145",""
127,70,ADD,0,2,0,1835,"ffn_moe_out-6","node_1181","ffn_moe_weighted-6 (view)"
127,74,MUL_MAT,0,32,6,1949,"ffn_shexp-6","blk.6.ffn_down_shexp.weight","ffn_swiglu-6"
127,77,MUL,0,1,1,1957,"ffn_shexp_gated-6","ffn_shexp-6","shared_expert_gate_sigmoid-6"
127,78,ADD,0,1,0,1958,"ffn_out-6","ffn_moe_out-6","ffn_shexp_gated-6"
128,38,MUL_MAT,0,275,60,562,"attn_output-7","blk.7.attn_output.weight","attn_gated-7"
128,66,SCALE,0,0,1,834,"ffn_moe_inp-7","node_1332",""
128,102,ADD,0,1,1,1675,"ffn_moe_out-7","node_1368","ffn_moe_weighted-7 (view)"
128,106,MUL_MAT,0,28,7,1796,"ffn_shexp-7","blk.7.ffn_down_shexp.weight","ffn_swiglu-7"
128,109,MUL,0,2,9,1813,"ffn_shexp_gated-7","ffn_shexp-7","shared_expert_gate_sigmoid-7"
128,110,ADD,0,1,0,1815,"ffn_out-7","ffn_moe_out-7","ffn_shexp_gated-7"
129,5,MUL_MAT,0,275,67,677,"linear_attn_out-8","blk.8.ssm_out.weight","final_output-8"
129,34,SCALE,0,0,6,1055,"ffn_moe_inp-8","node_1486",""
129,70,ADD,0,1,1,1996,"ffn_moe_out-8","node_1522","ffn_moe_weighted-8 (view)"
129,74,MUL_MAT,0,42,2,2123,"ffn_shexp-8","blk.8.ffn_down_shexp.weight","ffn_swiglu-8"
129,77,MUL,0,3,0,2132,"ffn_shexp_gated-8","ffn_shexp-8","shared_expert_gate_sigmoid-8"
129,78,ADD,0,1,5,2139,"ffn_out-8","ffn_moe_out-8","ffn_shexp_gated-8"
130,5,MUL_MAT,0,263,296,905,"linear_attn_out-9","blk.9.ssm_out.weight","final_output-9"
130,34,SCALE,0,0,2,1198,"ffn_moe_inp-9","node_1640",""
130,70,ADD,0,1,0,2262,"ffn_moe_out-9","node_1676","ffn_moe_weighted-9 (view)"
130,74,MUL_MAT,0,29,19,2402,"ffn_shexp-9","blk.9.ffn_down_shexp.weight","ffn_swiglu-9"
130,77,MUL,0,2,0,2441,"ffn_shexp_gated-9","ffn_shexp-9","shared_expert_gate_sigmoid-9"
130,78,ADD,0,1,0,2443,"ffn_out-9","ffn_moe_out-9","ffn_shexp_gated-9"
131,5,MUL_MAT,0,273,70,711,"linear_attn_out-10","blk.10.ssm_out.weight","final_output-10"
131,34,SCALE,0,0,2,955,"ffn_moe_inp-10","node_1794",""
131,70,ADD,0,1,8,1761,"ffn_moe_out-10","node_1830","ffn_moe_weighted-10 (view)"
131,74,MUL_MAT,0,21,25,1901,"ffn_shexp-10","blk.10.ffn_down_shexp.weight","ffn_swiglu-10"
131,77,MUL,0,2,0,1908,"ffn_shexp_gated-10","ffn_shexp-10","shared_expert_gate_sigmoid-10"
131,78,ADD,0,1,0,1910,"ffn_out-10","ffn_moe_out-10","ffn_shexp_gated-10"
132,38,MUL_MAT,0,260,80,558,"attn_output-11","blk.11.attn_output.weight","attn_gated-11"
132,66,SCALE,0,1,1,816,"ffn_moe_inp-11","node_1981",""
132,102,ADD,0,2,5,1759,"ffn_moe_out-11","node_2017","ffn_moe_weighted-11 (view)"
132,106,MUL_MAT,0,27,9,1874,"ffn_shexp-11","blk.11.ffn_down_shexp.weight","ffn_swiglu-11"
132,109,MUL,0,2,2,1911,"ffn_shexp_gated-11","ffn_shexp-11","shared_expert_gate_sigmoid-11"
132,110,ADD,0,1,3,1915,"ffn_out-11","ffn_moe_out-11","ffn_shexp_gated-11"
133,5,MUL_MAT,0,238,109,692,"linear_attn_out-12","blk.12.ssm_out.weight","final_output-12"
133,34,SCALE,0,0,2,954,"ffn_moe_inp-12","node_2135",""
133,70,ADD,0,1,1,1872,"ffn_moe_out-12","node_2171","ffn_moe_weighted-12 (view)"
133,74,MUL_MAT,0,25,17,1996,"ffn_shexp-12","blk.12.ffn_down_shexp.weight","ffn_swiglu-12"
133,77,MUL,0,2,0,2014,"ffn_shexp_gated-12","ffn_shexp-12","shared_expert_gate_sigmoid-12"
133,78,ADD,0,0,9,2024,"ffn_out-12","ffn_moe_out-12","ffn_shexp_gated-12"
134,5,MUL_MAT,0,175,160,663,"linear_attn_out-13","blk.13.ssm_out.weight","final_output-13"
134,34,SCALE,0,0,1,884,"ffn_moe_inp-13","node_2289",""
134,70,ADD,0,1,1,1715,"ffn_moe_out-13","node_2325","ffn_moe_weighted-13 (view)"
134,74,MUL_MAT,0,21,21,1846,"ffn_shexp-13","blk.13.ffn_down_shexp.weight","ffn_swiglu-13"
134,77,MUL,0,2,0,1855,"ffn_shexp_gated-13","ffn_shexp-13","shared_expert_gate_sigmoid-13"
134,78,ADD,0,1,0,1857,"ffn_out-13","ffn_moe_out-13","ffn_shexp_gated-13"
135,5,MUL_MAT,0,199,160,688,"linear_attn_out-14","blk.14.ssm_out.weight","final_output-14"
135,34,SCALE,0,0,1,958,"ffn_moe_inp-14","node_2443",""
135,70,ADD,0,1,0,1891,"ffn_moe_out-14","node_2479","ffn_moe_weighted-14 (view)"
135,74,MUL_MAT,0,32,8,2032,"ffn_shexp-14","blk.14.ffn_down_shexp.weight","ffn_swiglu-14"
135,77,MUL,0,3,0,2049,"ffn_shexp_gated-14","ffn_shexp-14","shared_expert_gate_sigmoid-14"
135,78,ADD,0,1,5,2055,"ffn_out-14","ffn_moe_out-14","ffn_shexp_gated-14"
136,38,MUL_MAT,0,270,56,541,"attn_output-15","blk.15.attn_output.weight","attn_gated-15"
136,66,SCALE,0,0,3,767,"ffn_moe_inp-15","node_2630",""
136,102,ADD,0,1,1,1632,"ffn_moe_out-15","node_2666","ffn_moe_weighted-15 (view)"
136,106,MUL_MAT,0,29,9,1753,"ffn_shexp-15","blk.15.ffn_down_shexp.weight","ffn_swiglu-15"
136,109,MUL,0,2,1,1761,"ffn_shexp_gated-15","ffn_shexp-15","shared_expert_gate_sigmoid-15"
136,110,ADD,0,1,1,1763,"ffn_out-15","ffn_moe_out-15","ffn_shexp_gated-15"
137,5,MUL_MAT,0,296,48,684,"linear_attn_out-16","blk.16.ssm_out.weight","final_output-16"
137,34,SCALE,0,0,2,922,"ffn_moe_inp-16","node_2784",""
137,70,ADD,0,1,1,1696,"ffn_moe_out-16","node_2820","ffn_moe_weighted-16 (view)"
137,74,MUL_MAT,0,28,8,1809,"ffn_shexp-16","blk.16.ffn_down_shexp.weight","ffn_swiglu-16"
137,77,MUL,0,3,0,1818,"ffn_shexp_gated-16","ffn_shexp-16","shared_expert_gate_sigmoid-16"
137,78,ADD,0,1,0,1819,"ffn_out-16","ffn_moe_out-16","ffn_shexp_gated-16"
138,5,MUL_MAT,0,348,6,720,"linear_attn_out-17","blk.17.ssm_out.weight","final_output-17"
138,34,SCALE,0,0,1,1007,"ffn_moe_inp-17","node_2938",""
138,70,ADD,0,1,1,1862,"ffn_moe_out-17","node_2974","ffn_moe_weighted-17 (view)"
138,74,MUL_MAT,0,33,3,1979,"ffn_shexp-17","blk.17.ffn_down_shexp.weight","ffn_swiglu-17"
138,77,MUL,0,3,0,1988,"ffn_shexp_gated-17","ffn_shexp-17","shared_expert_gate_sigmoid-17"
138,78,ADD,0,1,1,1991,"ffn_out-17","ffn_moe_out-17","ffn_shexp_gated-17"
139,5,MUL_MAT,0,306,13,621,"linear_attn_out-18","blk.18.ssm_out.weight","final_output-18"
139,34,SCALE,0,0,11,996,"ffn_moe_inp-18","node_3092",""
139,70,ADD,0,1,1,1896,"ffn_moe_out-18","node_3128","ffn_moe_weighted-18 (view)"
139,74,MUL_MAT,0,22,20,2027,"ffn_shexp-18","blk.18.ffn_down_shexp.weight","ffn_swiglu-18"
139,77,MUL,0,2,0,2035,"ffn_shexp_gated-18","ffn_shexp-18","shared_expert_gate_sigmoid-18"
139,78,ADD,0,1,12,2048,"ffn_out-18","ffn_moe_out-18","ffn_shexp_gated-18"
140,38,MUL_MAT,0,155,157,525,"attn_output-19","blk.19.attn_output.weight","attn_gated-19"
140,66,SCALE,0,0,1,764,"ffn_moe_inp-19","node_3279",""
140,102,ADD,0,1,1,1512,"ffn_moe_out-19","node_3315","ffn_moe_weighted-19 (view)"
140,106,MUL_MAT,0,21,18,1628,"ffn_shexp-19","blk.19.ffn_down_shexp.weight","ffn_swiglu-19"
140,109,MUL,0,1,1,1636,"ffn_shexp_gated-19","ffn_shexp-19","shared_expert_gate_sigmoid-19"
140,110,ADD,0,1,1,1638,"ffn_out-19","ffn_moe_out-19","ffn_shexp_gated-19"
141,5,MUL_MAT,0,285,70,704,"linear_attn_out-20","blk.20.ssm_out.weight","final_output-20"
141,34,SCALE,0,0,1,974,"ffn_moe_inp-20","node_3433",""
141,70,ADD,0,1,0,1800,"ffn_moe_out-20","node_3469","ffn_moe_weighted-20 (view)"
141,74,MUL_MAT,0,28,10,1915,"ffn_shexp-20","blk.20.ffn_down_shexp.weight","ffn_swiglu-20"
141,77,MUL,0,2,0,1931,"ffn_shexp_gated-20","ffn_shexp-20","shared_expert_gate_sigmoid-20"
141,78,ADD,0,1,7,1940,"ffn_out-20","ffn_moe_out-20","ffn_shexp_gated-20"
142,5,MUL_MAT,0,172,159,664,"linear_attn_out-21","blk.21.ssm_out.weight","final_output-21"
142,34,SCALE,0,0,2,995,"ffn_moe_inp-21","node_3587",""
142,70,ADD,0,1,1,1819,"ffn_moe_out-21","node_3623","ffn_moe_weighted-21 (view)"
142,74,MUL_MAT,0,33,10,1946,"ffn_shexp-21","blk.21.ffn_down_shexp.weight","ffn_swiglu-21"
142,77,MUL,0,2,1,1955,"ffn_shexp_gated-21","ffn_shexp-21","shared_expert_gate_sigmoid-21"
142,78,ADD,0,1,0,1956,"ffn_out-21","ffn_moe_out-21","ffn_shexp_gated-21"
143,5,MUL_MAT,0,264,66,663,"linear_attn_out-22","blk.22.ssm_out.weight","final_output-22"
143,34,SCALE,0,0,2,936,"ffn_moe_inp-22","node_3741",""
143,70,ADD,0,1,1,1718,"ffn_moe_out-22","node_3777","ffn_moe_weighted-22 (view)"
143,74,MUL_MAT,0,37,2,1833,"ffn_shexp-22","blk.22.ffn_down_shexp.weight","ffn_swiglu-22"
143,77,MUL,0,2,1,1843,"ffn_shexp_gated-22","ffn_shexp-22","shared_expert_gate_sigmoid-22"
143,78,ADD,0,1,0,1844,"ffn_out-22","ffn_moe_out-22","ffn_shexp_gated-22"
144,38,MUL_MAT,0,253,88,560,"attn_output-23","blk.23.attn_output.weight","attn_gated-23"
144,66,SCALE,0,0,2,812,"ffn_moe_inp-23","node_3928",""
144,102,ADD,0,1,1,1645,"ffn_moe_out-23","node_3964","ffn_moe_weighted-23 (view)"
144,106,MUL_MAT,0,23,17,1768,"ffn_shexp-23","blk.23.ffn_down_shexp.weight","ffn_swiglu-23"
144,109,MUL,0,2,0,1777,"ffn_shexp_gated-23","ffn_shexp-23","shared_expert_gate_sigmoid-23"
144,110,ADD,0,1,1,1779,"ffn_out-23","ffn_moe_out-23","ffn_shexp_gated-23"
145,5,MUL_MAT,0,203,122,631,"linear_attn_out-24","blk.24.ssm_out.weight","final_output-24"
145,34,SCALE,0,0,2,900,"ffn_moe_inp-24","node_4082",""
145,70,ADD,0,1,27,1827,"ffn_moe_out-24","node_4118","ffn_moe_weighted-24 (view)"
145,74,MUL_MAT,0,29,10,1949,"ffn_shexp-24","blk.24.ffn_down_shexp.weight","ffn_swiglu-24"
145,77,MUL,0,2,0,1958,"ffn_shexp_gated-24","ffn_shexp-24","shared_expert_gate_sigmoid-24"
145,78,ADD,0,1,4,1963,"ffn_out-24","ffn_moe_out-24","ffn_shexp_gated-24"
146,5,MUL_MAT,0,348,5,692,"linear_attn_out-25","blk.25.ssm_out.weight","final_output-25"
146,34,SCALE,0,0,1,979,"ffn_moe_inp-25","node_4236",""
146,70,ADD,0,2,0,1736,"ffn_moe_out-25","node_4272","ffn_moe_weighted-25 (view)"
146,74,MUL_MAT,0,40,5,1860,"ffn_shexp-25","blk.25.ffn_down_shexp.weight","ffn_swiglu-25"
146,77,MUL,0,2,0,1867,"ffn_shexp_gated-25","ffn_shexp-25","shared_expert_gate_sigmoid-25"
146,78,ADD,0,1,1,1869,"ffn_out-25","ffn_moe_out-25","ffn_shexp_gated-25"
147,5,MUL_MAT,0,272,86,725,"linear_attn_out-26","blk.26.ssm_out.weight","final_output-26"
147,34,SCALE,0,0,2,1007,"ffn_moe_inp-26","node_4390",""
147,70,ADD,0,1,0,1870,"ffn_moe_out-26","node_4426","ffn_moe_weighted-26 (view)"
147,74,MUL_MAT,0,29,16,2010,"ffn_shexp-26","blk.26.ffn_down_shexp.weight","ffn_swiglu-26"
147,77,MUL,0,2,1,2038,"ffn_shexp_gated-26","ffn_shexp-26","shared_expert_gate_sigmoid-26"
147,78,ADD,0,2,4,2044,"ffn_out-26","ffn_moe_out-26","ffn_shexp_gated-26"
148,38,MUL_MAT,0,271,51,562,"attn_output-27","blk.27.attn_output.weight","attn_gated-27"
148,66,SCALE,0,1,1,806,"ffn_moe_inp-27","node_4577",""
148,102,ADD,0,1,0,2150,"ffn_moe_out-27","node_4613","ffn_moe_weighted-27 (view)"
148,106,MUL_MAT,0,26,15,2285,"ffn_shexp-27","blk.27.ffn_down_shexp.weight","ffn_swiglu-27"
148,109,MUL,0,2,0,2293,"ffn_shexp_gated-27","ffn_shexp-27","shared_expert_gate_sigmoid-27"
148,110,ADD,0,1,9,2304,"ffn_out-27","ffn_moe_out-27","ffn_shexp_gated-27"
149,5,MUL_MAT,0,265,75,699,"linear_attn_out-28","blk.28.ssm_out.weight","final_output-28"
149,34,SCALE,0,0,1,966,"ffn_moe_inp-28","node_4731",""
149,70,ADD,0,1,1,1824,"ffn_moe_out-28","node_4767","ffn_moe_weighted-28 (view)"
149,74,MUL_MAT,0,38,0,1954,"ffn_shexp-28","blk.28.ffn_down_shexp.weight","ffn_swiglu-28"
149,77,MUL,0,2,0,1963,"ffn_shexp_gated-28","ffn_shexp-28","shared_expert_gate_sigmoid-28"
149,78,ADD,0,1,0,1965,"ffn_out-28","ffn_moe_out-28","ffn_shexp_gated-28"
150,5,MUL_MAT,0,292,92,766,"linear_attn_out-29","blk.29.ssm_out.weight","final_output-29"
150,34,SCALE,0,0,2,1022,"ffn_moe_inp-29","node_4885",""
150,70,ADD,0,1,9,1912,"ffn_moe_out-29","node_4921","ffn_moe_weighted-29 (view)"
150,74,MUL_MAT,0,48,8,2072,"ffn_shexp-29","blk.29.ffn_down_shexp.weight","ffn_swiglu-29"
150,77,MUL,0,2,0,2106,"ffn_shexp_gated-29","ffn_shexp-29","shared_expert_gate_sigmoid-29"
150,78,ADD,0,1,0,2108,"ffn_out-29","ffn_moe_out-29","ffn_shexp_gated-29"
151,5,MUL_MAT,0,280,67,688,"linear_attn_out-30","blk.30.ssm_out.weight","final_output-30"
151,34,SCALE,0,0,1,1093,"ffn_moe_inp-30","node_5039",""
151,70,ADD,0,1,1,2071,"ffn_moe_out-30","node_5075","ffn_moe_weighted-30 (view)"
151,74,MUL_MAT,0,31,9,2210,"ffn_shexp-30","blk.30.ffn_down_shexp.weight","ffn_swiglu-30"
151,77,MUL,0,2,0,2218,"ffn_shexp_gated-30","ffn_shexp-30","shared_expert_gate_sigmoid-30"
151,78,ADD,0,1,1,2220,"ffn_out-30","ffn_moe_out-30","ffn_shexp_gated-30"
152,38,MUL_MAT,0,314,16,561,"attn_output-31","blk.31.attn_output.weight","attn_gated-31"
152,66,SCALE,0,0,1,846,"ffn_moe_inp-31","node_5226",""
152,102,ADD,0,1,1,1635,"ffn_moe_out-31","node_5262","ffn_moe_weighted-31 (view)"
152,106,MUL_MAT,0,33,6,1757,"ffn_shexp-31","blk.31.ffn_down_shexp.weight","ffn_swiglu-31"
152,109,MUL,0,3,1,1770,"ffn_shexp_gated-31","ffn_shexp-31","shared_expert_gate_sigmoid-31"
152,110,ADD,0,1,4,1775,"ffn_out-31","ffn_moe_out-31","ffn_shexp_gated-31"
153,5,MUL_MAT,0,350,1,679,"linear_attn_out-32","blk.32.ssm_out.weight","final_output-32"
153,34,SCALE,0,0,1,976,"ffn_moe_inp-32","node_5380",""
153,70,ADD,0,2,0,1853,"ffn_moe_out-32","node_5416","ffn_moe_weighted-32 (view)"
153,74,MUL_MAT,0,36,1,1984,"ffn_shexp-32","blk.32.ffn_down_shexp.weight","ffn_swiglu-32"
153,77,MUL,0,3,1,1995,"ffn_shexp_gated-32","ffn_shexp-32","shared_expert_gate_sigmoid-32"
153,78,ADD,0,2,23,2020,"ffn_out-32","ffn_moe_out-32","ffn_shexp_gated-32"
154,5,MUL_MAT,0,349,2,684,"linear_attn_out-33","blk.33.ssm_out.weight","final_output-33"
154,34,SCALE,0,0,2,1004,"ffn_moe_inp-33","node_5534",""
154,70,ADD,0,2,0,1873,"ffn_moe_out-33","node_5570","ffn_moe_weighted-33 (view)"
154,74,MUL_MAT,0,37,9,2007,"ffn_shexp-33","blk.33.ffn_down_shexp.weight","ffn_swiglu-33"
154,77,MUL,0,3,1,2017,"ffn_shexp_gated-33","ffn_shexp-33","shared_expert_gate_sigmoid-33"
154,78,ADD,0,2,7,2026,"ffn_out-33","ffn_moe_out-33","ffn_shexp_gated-33"
155,5,MUL_MAT,0,177,173,706,"linear_attn_out-34","blk.34.ssm_out.weight","final_output-34"
155,34,SCALE,0,0,1,980,"ffn_moe_inp-34","node_5688",""
155,70,ADD,0,1,1,1955,"ffn_moe_out-34","node_5724","ffn_moe_weighted-34 (view)"
155,74,MUL_MAT,0,37,3,2090,"ffn_shexp-34","blk.34.ffn_down_shexp.weight","ffn_swiglu-34"
155,77,MUL,0,4,0,2102,"ffn_shexp_gated-34","ffn_shexp-34","shared_expert_gate_sigmoid-34"
155,78,ADD,0,2,0,2104,"ffn_out-34","ffn_moe_out-34","ffn_shexp_gated-34"
156,38,MUL_MAT,0,318,12,590,"attn_output-35","blk.35.attn_output.weight","attn_gated-35"
156,66,SCALE,0,1,1,863,"ffn_moe_inp-35","node_5875",""
156,102,ADD,0,2,0,1688,"ffn_moe_out-35","node_5911","ffn_moe_weighted-35 (view)"
156,106,MUL_MAT,0,34,7,1811,"ffn_shexp-35","blk.35.ffn_down_shexp.weight","ffn_swiglu-35"
156,109,MUL,0,3,1,1826,"ffn_shexp_gated-35","ffn_shexp-35","shared_expert_gate_sigmoid-35"
156,110,ADD,0,1,1,1828,"ffn_out-35","ffn_moe_out-35","ffn_shexp_gated-35"
157,5,MUL_MAT,0,344,21,734,"linear_attn_out-36","blk.36.ssm_out.weight","final_output-36"
157,34,SCALE,0,1,1,1099,"ffn_moe_inp-36","node_6029",""
157,70,ADD,0,2,0,2018,"ffn_moe_out-36","node_6065","ffn_moe_weighted-36 (view)"
157,74,MUL_MAT,0,37,2,2282,"ffn_shexp-36","blk.36.ffn_down_shexp.weight","ffn_swiglu-36"
157,77,MUL,0,3,1,2315,"ffn_shexp_gated-36","ffn_shexp-36","shared_expert_gate_sigmoid-36"
157,78,ADD,0,1,1,2317,"ffn_out-36","ffn_moe_out-36","ffn_shexp_gated-36"
158,5,MUL_MAT,0,330,24,685,"linear_attn_out-37","blk.37.ssm_out.weight","final_output-37"
158,34,SCALE,0,0,9,978,"ffn_moe_inp-37","node_6183",""
158,70,ADD,0,2,7,1844,"ffn_moe_out-37","node_6219","ffn_moe_weighted-37 (view)"
158,74,MUL_MAT,0,49,1,2100,"ffn_shexp-37","blk.37.ffn_down_shexp.weight","ffn_swiglu-37"
158,77,MUL,0,3,1,2110,"ffn_shexp_gated-37","ffn_shexp-37","shared_expert_gate_sigmoid-37"
158,78,ADD,0,1,1,2112,"ffn_out-37","ffn_moe_out-37","ffn_shexp_gated-37"
159,5,MUL_MAT,0,341,16,690,"linear_attn_out-38","blk.38.ssm_out.weight","final_output-38"
159,34,SCALE,0,0,1,984,"ffn_moe_inp-38","node_6337",""
159,70,ADD,0,2,0,1764,"ffn_moe_out-38","node_6373","ffn_moe_weighted-38 (view)"
159,74,MUL_MAT,0,35,3,1885,"ffn_shexp-38","blk.38.ffn_down_shexp.weight","ffn_swiglu-38"
159,77,MUL,0,3,0,1895,"ffn_shexp_gated-38","ffn_shexp-38","shared_expert_gate_sigmoid-38"
159,78,ADD,0,2,0,1897,"ffn_out-38","ffn_moe_out-38","ffn_shexp_gated-38"
160,0,GET_ROWS,0,3,0,3,"model.input_embed","token_embd.weight","inp_tokens"
161,5,MUL_MAT,0,336,6,673,"linear_attn_out-0","blk.0.ssm_out.weight","final_output-0"
161,34,SCALE,0,1,1,967,"ffn_moe_inp-0","node_104",""
161,70,ADD,0,1,1,1810,"ffn_moe_out-0","node_140","ffn_moe_weighted-0 (view)"
161,93,MUL_MAT,0,17,28,2704,"ffn_shexp-0","blk.0.ffn_down_shexp.weight","ffn_swiglu-0"
161,96,MUL,0,1,1,2724,"ffn_shexp_gated-0","ffn_shexp-0","shared_expert_gate_sigmoid-0"
161,97,ADD,0,1,0,2725,"ffn_out-0","ffn_moe_out-0","ffn_shexp_gated-0"
162,5,MUL_MAT,0,309,99,836,"linear_attn_out-1","blk.1.ssm_out.weight","final_output-1"
162,34,SCALE,0,0,2,1235,"ffn_moe_inp-1","node_342",""
162,70,ADD,0,1,1,2735,"ffn_moe_out-1","node_378","ffn_moe_weighted-1 (view)"
162,74,MUL_MAT,0,28,8,2846,"ffn_shexp-1","blk.1.ffn_down_shexp.weight","ffn_swiglu-1"
162,77,MUL,0,2,0,2854,"ffn_shexp_gated-1","ffn_shexp-1","shared_expert_gate_sigmoid-1"
162,78,ADD,0,1,0,2856,"ffn_out-1","ffn_moe_out-1","ffn_shexp_gated-1"
163,5,MUL_MAT,0,289,67,710,"linear_attn_out-2","blk.2.ssm_out.weight","final_output-2"
163,34,SCALE,0,0,2,973,"ffn_moe_inp-2","node_496",""
163,70,ADD,0,1,0,2067,"ffn_moe_out-2","node_532","ffn_moe_weighted-2 (view)"
163,74,MUL_MAT,0,44,1,2224,"ffn_shexp-2","blk.2.ffn_down_shexp.weight","ffn_swiglu-2"
163,77,MUL,0,2,1,2274,"ffn_shexp_gated-2","ffn_shexp-2","shared_expert_gate_sigmoid-2"
163,78,ADD,0,1,1,2276,"ffn_out-2","ffn_moe_out-2","ffn_shexp_gated-2"
164,38,MUL_MAT,0,155,160,540,"attn_output-3","blk.3.attn_output.weight","attn_gated-3"
164,66,SCALE,0,0,2,776,"ffn_moe_inp-3","node_683",""
164,102,ADD,0,1,1,1888,"ffn_moe_out-3","node_719","ffn_moe_weighted-3 (view)"
164,106,MUL_MAT,0,28,20,2023,"ffn_shexp-3","blk.3.ffn_down_shexp.weight","ffn_swiglu-3"
164,109,MUL,0,1,1,2031,"ffn_shexp_gated-3","ffn_shexp-3","shared_expert_gate_sigmoid-3"
164,110,ADD,0,1,0,2032,"ffn_out-3","ffn_moe_out-3","ffn_shexp_gated-3"
165,5,MUL_MAT,0,171,170,686,"linear_attn_out-4","blk.4.ssm_out.weight","final_output-4"
165,34,SCALE,0,0,6,953,"ffn_moe_inp-4","node_837",""
165,70,ADD,0,1,1,1895,"ffn_moe_out-4","node_873","ffn_moe_weighted-4 (view)"
165,74,MUL_MAT,0,20,16,2006,"ffn_shexp-4","blk.4.ffn_down_shexp.weight","ffn_swiglu-4"
165,77,MUL,0,2,0,2020,"ffn_shexp_gated-4","ffn_shexp-4","shared_expert_gate_sigmoid-4"
165,78,ADD,0,1,1,2022,"ffn_out-4","ffn_moe_out-4","ffn_shexp_gated-4"
166,5,MUL_MAT,0,254,90,710,"linear_attn_out-5","blk.5.ssm_out.weight","final_output-5"
166,34,SCALE,0,0,2,971,"ffn_moe_inp-5","node_991",""
166,70,ADD,0,2,0,1835,"ffn_moe_out-5","node_1027","ffn_moe_weighted-5 (view)"
166,74,MUL_MAT,0,32,11,2020,"ffn_shexp-5","blk.5.ffn_down_shexp.weight","ffn_swiglu-5"
166,77,MUL,0,2,0,2028,"ffn_shexp_gated-5","ffn_shexp-5","shared_expert_gate_sigmoid-5"
166,78,ADD,0,1,1,2030,"ffn_out-5","ffn_moe_out-5","ffn_shexp_gated-5"
167,5,MUL_MAT,0,310,15,642,"linear_attn_out-6","blk.6.ssm_out.weight","final_output-6"
167,34,SCALE,0,1,1,875,"ffn_moe_inp-6","node_1145",""
167,70,ADD,0,1,1,2262,"ffn_moe_out-6","node_1181","ffn_moe_weighted-6 (view)"
167,74,MUL_MAT,0,36,2,2385,"ffn_shexp-6","blk.6.ffn_down_shexp.weight","ffn_swiglu-6"
167,77,MUL,0,3,1,2397,"ffn_shexp_gated-6","ffn_shexp-6","shared_expert_gate_sigmoid-6"
167,78,ADD,0,2,0,2399,"ffn_out-6","ffn_moe_out-6","ffn_shexp_gated-6"
168,38,MUL_MAT,0,310,0,523,"attn_output-7","blk.7.attn_output.weight","attn_gated-7"
168,66,SCALE,0,0,2,959,"ffn_moe_inp-7","node_1332",""
168,102,ADD,0,2,0,1719,"ffn_moe_out-7","node_1368","ffn_moe_weighted-7 (view)"
168,106,MUL_MAT,0,34,5,1830,"ffn_shexp-7","blk.7.ffn_down_shexp.weight","ffn_swiglu-7"
168,109,MUL,0,3,1,1841,"ffn_shexp_gated-7","ffn_shexp-7","shared_expert_gate_sigmoid-7"
168,110,ADD,0,1,6,1848,"ffn_out-7","ffn_moe_out-7","ffn_shexp_gated-7"
169,5,MUL_MAT,0,333,2,683,"linear_attn_out-8","blk.8.ssm_out.weight","final_output-8"
169,34,SCALE,0,0,10,1041,"ffn_moe_inp-8","node_1486",""
169,70,ADD,0,1,1,2696,"ffn_moe_out-8","node_1522","ffn_moe_weighted-8 (view)"
169,74,MUL_MAT,0,32,6,2842,"ffn_shexp-8","blk.8.ffn_down_shexp.weight","ffn_swiglu-8"
169,77,MUL,0,2,1,2852,"ffn_shexp_gated-8","ffn_shexp-8","shared_expert_gate_sigmoid-8"
169,78,ADD,0,1,1,2854,"ffn_out-8","ffn_moe_out-8","ffn_shexp_gated-8"
170,5,MUL_MAT,0,286,74,717,"linear_attn_out-9","blk.9.ssm_out.weight","final_output-9"
170,34,SCALE,0,0,2,1002,"ffn_moe_inp-9","node_1640",""
170,70,ADD,0,2,0,2310,"ffn_moe_out-9","node_1676","ffn_moe_weighted-9 (view)"
170,74,MUL_MAT,0,35,14,2445,"ffn_shexp-9","blk.9.ffn_down_shexp.weight","ffn_swiglu-9"
170,77,MUL,0,3,0,2467,"ffn_shexp_gated-9","ffn_shexp-9","shared_expert_gate_sigmoid-9"
170,78,ADD,0,1,1,2470,"ffn_out-9","ffn_moe_out-9","ffn_shexp_gated-9"
171,5,MUL_MAT,0,314,20,654,"linear_attn_out-10","blk.10.ssm_out.weight","final_output-10"
171,34,SCALE,0,0,2,931,"ffn_moe_inp-10","node_1794",""
171,70,ADD,0,1,1,2329,"ffn_moe_out-10","node_1830","ffn_moe_weighted-10 (view)"
171,74,MUL_MAT,0,37,10,2475,"ffn_shexp-10","blk.10.ffn_down_shexp.weight","ffn_swiglu-10"
171,77,MUL,0,3,0,2486,"ffn_shexp_gated-10","ffn_shexp-10","shared_expert_gate_sigmoid-10"
171,78,ADD,0,1,3,2491,"ffn_out-10","ffn_moe_out-10","ffn_shexp_gated-10"
172,38,MUL_MAT,0,311,14,566,"attn_output-11","blk.11.attn_output.weight","attn_gated-11"
172,66,SCALE,0,0,2,842,"ffn_moe_inp-11","node_1981",""
172,102,ADD,0,1,0,1635,"ffn_moe_out-11","node_2017","ffn_moe_weighted-11 (view)"
172,106,MUL_MAT,0,33,5,1763,"ffn_shexp-11","blk.11.ffn_down_shexp.weight","ffn_swiglu-11"
172,109,MUL,0,3,1,1774,"ffn_shexp_gated-11","ffn_shexp-11","shared_expert_gate_sigmoid-11"
172,110,ADD,0,1,2,1777,"ffn_out-11","ffn_moe_out-11","ffn_shexp_gated-11"
173,5,MUL_MAT,0,262,84,682,"linear_attn_out-12","blk.12.ssm_out.weight","final_output-12"
173,34,SCALE,0,1,2,1029,"ffn_moe_inp-12","node_2135",""
173,70,ADD,0,1,1,2009,"ffn_moe_out-12","node_2171","ffn_moe_weighted-12 (view)"
173,74,MUL_MAT,0,31,7,2142,"ffn_shexp-12","blk.12.ffn_down_shexp.weight","ffn_swiglu-12"
173,77,MUL,0,1,1,2162,"ffn_shexp_gated-12","ffn_shexp-12","shared_expert_gate_sigmoid-12"
173,78,ADD,0,1,1,2164,"ffn_out-12","ffn_moe_out-12","ffn_shexp_gated-12"
174,5,MUL_MAT,0,279,287,997,"linear_attn_out-13","blk.13.ssm_out.weight","final_output-13"
174,34,SCALE,0,1,2,1450,"ffn_moe_inp-13","node_2289",""
174,70,ADD,0,3,0,4887,"ffn_moe_out-13","node_2325","ffn_moe_weighted-13 (view)"
174,74,MUL_MAT,0,54,17,5094,"ffn_shexp-13","blk.13.ffn_down_shexp.weight","ffn_swiglu-13"
174,77,MUL,0,2,5,5116,"ffn_shexp_gated-13","ffn_shexp-13","shared_expert_gate_sigmoid-13"
174,78,ADD,0,1,3,5120,"ffn_out-13","ffn_moe_out-13","ffn_shexp_gated-13"
175,5,MUL_MAT,0,293,209,935,"linear_attn_out-14","blk.14.ssm_out.weight","final_output-14"
175,34,SCALE,0,0,6,1491,"ffn_moe_inp-14","node_2443",""
175,70,ADD,0,1,2,3039,"ffn_moe_out-14","node_2479","ffn_moe_weighted-14 (view)"
175,74,MUL_MAT,0,29,23,3198,"ffn_shexp-14","blk.14.ffn_down_shexp.weight","ffn_swiglu-14"
175,77,MUL,0,2,1,3212,"ffn_shexp_gated-14","ffn_shexp-14","shared_expert_gate_sigmoid-14"
175,78,ADD,0,1,2,3215,"ffn_out-14","ffn_moe_out-14","ffn_shexp_gated-14"
176,38,MUL_MAT,0,281,187,954,"attn_output-15","blk.15.attn_output.weight","attn_gated-15"
176,66,SCALE,0,0,1,1489,"ffn_moe_inp-15","node_2630",""
176,102,ADD,0,1,2,2691,"ffn_moe_out-15","node_2666","ffn_moe_weighted-15 (view)"
176,106,MUL_MAT,0,32,10,2826,"ffn_shexp-15","blk.15.ffn_down_shexp.weight","ffn_swiglu-15"
176,109,MUL,0,2,0,2839,"ffn_shexp_gated-15","ffn_shexp-15","shared_expert_gate_sigmoid-15"
176,110,ADD,0,2,8,2849,"ffn_out-15","ffn_moe_out-15","ffn_shexp_gated-15"
177,5,MUL_MAT,0,273,126,764,"linear_attn_out-16","blk.16.ssm_out.weight","final_output-16"
177,34,SCALE,0,1,3,1165,"ffn_moe_inp-16","node_2784",""
177,70,ADD,0,2,3,2796,"ffn_moe_out-16","node_2820","ffn_moe_weighted-16 (view)"
177,74,MUL_MAT,0,56,0,2994,"ffn_shexp-16","blk.16.ffn_down_shexp.weight","ffn_swiglu-16"
177,77,MUL,0,2,0,3012,"ffn_shexp_gated-16","ffn_shexp-16","shared_expert_gate_sigmoid-16"
177,78,ADD,0,1,4,3017,"ffn_out-16","ffn_moe_out-16","ffn_shexp_gated-16"
178,5,MUL_MAT,0,281,179,961,"linear_attn_out-17","blk.17.ssm_out.weight","final_output-17"
178,34,SCALE,0,1,2,1420,"ffn_moe_inp-17","node_2938",""
178,70,ADD,0,1,2,2844,"ffn_moe_out-17","node_2974","ffn_moe_weighted-17 (view)"
178,74,MUL_MAT,0,40,21,3231,"ffn_shexp-17","blk.17.ffn_down_shexp.weight","ffn_swiglu-17"
178,77,MUL,0,3,62,3308,"ffn_shexp_gated-17","ffn_shexp-17","shared_expert_gate_sigmoid-17"
178,78,ADD,0,1,1,3311,"ffn_out-17","ffn_moe_out-17","ffn_shexp_gated-17"
179,5,MUL_MAT,0,294,78,736,"linear_attn_out-18","blk.18.ssm_out.weight","final_output-18"
179,34,SCALE,0,0,11,1168,"ffn_moe_inp-18","node_3092",""
179,70,ADD,0,1,5,2646,"ffn_moe_out-18","node_3128","ffn_moe_weighted-18 (view)"
179,74,MUL_MAT,0,33,25,2826,"ffn_shexp-18","blk.18.ffn_down_shexp.weight","ffn_swiglu-18"
179,77,MUL,0,3,19,2886,"ffn_shexp_gated-18","ffn_shexp-18","shared_expert_gate_sigmoid-18"
179,78,ADD,0,2,0,2888,"ffn_out-18","ffn_moe_out-18","ffn_shexp_gated-18"
180,38,MUL_MAT,0,281,157,814,"attn_output-19","blk.19.attn_output.weight","attn_gated-19"
180,66,SCALE,0,0,3,1113,"ffn_moe_inp-19","node_3279",""
180,102,ADD,0,2,0,2390,"ffn_moe_out-19","node_3315","ffn_moe_weighted-19 (view)"
180,106,MUL_MAT,0,35,117,2652,"ffn_shexp-19","blk.19.ffn_down_shexp.weight","ffn_swiglu-19"
180,109,MUL,0,2,1,2670,"ffn_shexp_gated-19","ffn_shexp-19","shared_expert_gate_sigmoid-19"
180,110,ADD,0,1,2,2673,"ffn_out-19","ffn_moe_out-19","ffn_shexp_gated-19"
181,5,MUL_MAT,0,380,83,903,"linear_attn_out-20","blk.20.ssm_out.weight","final_output-20"
181,34,SCALE,0,0,4,1241,"ffn_moe_inp-20","node_3433",""
181,70,ADD,0,1,3,2514,"ffn_moe_out-20","node_3469","ffn_moe_weighted-20 (view)"
181,74,MUL_MAT,0,38,12,2669,"ffn_shexp-20","blk.20.ffn_down_shexp.weight","ffn_swiglu-20"
181,77,MUL,0,2,16,2701,"ffn_shexp_gated-20","ffn_shexp-20","shared_expert_gate_sigmoid-20"
181,78,ADD,0,1,0,2703,"ffn_out-20","ffn_moe_out-20","ffn_shexp_gated-20"
182,5,MUL_MAT,0,253,212,863,"linear_attn_out-21","blk.21.ssm_out.weight","final_output-21"
182,34,SCALE,0,0,6,1350,"ffn_moe_inp-21","node_3587",""
182,70,ADD,0,1,1,2607,"ffn_moe_out-21","node_3623","ffn_moe_weighted-21 (view)"
182,74,MUL_MAT,0,28,23,2764,"ffn_shexp-21","blk.21.ffn_down_shexp.weight","ffn_swiglu-21"
182,77,MUL,0,4,1,2779,"ffn_shexp_gated-21","ffn_shexp-21","shared_expert_gate_sigmoid-21"
182,78,ADD,0,2,1,2782,"ffn_out-21","ffn_moe_out-21","ffn_shexp_gated-21"
183,5,MUL_MAT,0,395,87,897,"linear_attn_out-22","blk.22.ssm_out.weight","final_output-22"
183,34,SCALE,0,1,1,1403,"ffn_moe_inp-22","node_3741",""
183,70,ADD,0,2,3,2689,"ffn_moe_out-22","node_3777","ffn_moe_weighted-22 (view)"
183,74,MUL_MAT,0,54,22,2900,"ffn_shexp-22","blk.22.ffn_down_shexp.weight","ffn_swiglu-22"
183,77,MUL,0,2,8,2925,"ffn_shexp_gated-22","ffn_shexp-22","shared_expert_gate_sigmoid-22"
183,78,ADD,0,1,2,2929,"ffn_out-22","ffn_moe_out-22","ffn_shexp_gated-22"
184,38,MUL_MAT,0,225,377,950,"attn_output-23","blk.23.attn_output.weight","attn_gated-23"
184,66,SCALE,0,0,8,1380,"ffn_moe_inp-23","node_3928",""
184,102,ADD,0,2,2,2694,"ffn_moe_out-23","node_3964","ffn_moe_weighted-23 (view)"
184,106,MUL_MAT,0,30,29,2870,"ffn_shexp-23","blk.23.ffn_down_shexp.weight","ffn_swiglu-23"
184,109,MUL,0,2,1,2892,"ffn_shexp_gated-23","ffn_shexp-23","shared_expert_gate_sigmoid-23"
184,110,ADD,0,2,11,2905,"ffn_out-23","ffn_moe_out-23","ffn_shexp_gated-23"
185,5,MUL_MAT,0,253,261,885,"linear_attn_out-24","blk.24.ssm_out.weight","final_output-24"
185,34,SCALE,0,1,3,1295,"ffn_moe_inp-24","node_4082",""
185,70,ADD,0,1,10,2675,"ffn_moe_out-24","node_4118","ffn_moe_weighted-24 (view)"
185,74,MUL_MAT,0,40,17,2848,"ffn_shexp-24","blk.24.ffn_down_shexp.weight","ffn_swiglu-24"
185,77,MUL,0,3,2,2874,"ffn_shexp_gated-24","ffn_shexp-24","shared_expert_gate_sigmoid-24"
185,78,ADD,0,1,76,2952,"ffn_out-24","ffn_moe_out-24","ffn_shexp_gated-24"
186,5,MUL_MAT,0,333,99,791,"linear_attn_out-25","blk.25.ssm_out.weight","final_output-25"
186,34,SCALE,0,0,5,1112,"ffn_moe_inp-25","node_4236",""
186,70,ADD,0,1,1,2448,"ffn_moe_out-25","node_4272","ffn_moe_weighted-25 (view)"
186,74,MUL_MAT,0,33,53,2659,"ffn_shexp-25","blk.25.ffn_down_shexp.weight","ffn_swiglu-25"
186,77,MUL,0,3,11,2686,"ffn_shexp_gated-25","ffn_shexp-25","shared_expert_gate_sigmoid-25"
186,78,ADD,0,1,4,2692,"ffn_out-25","ffn_moe_out-25","ffn_shexp_gated-25"
187,5,MUL_MAT,0,328,119,799,"linear_attn_out-26","blk.26.ssm_out.weight","final_output-26"
187,34,SCALE,0,1,3,1149,"ffn_moe_inp-26","node_4390",""
187,70,ADD,0,2,0,2643,"ffn_moe_out-26","node_4426","ffn_moe_weighted-26 (view)"
187,74,MUL_MAT,0,29,29,2823,"ffn_shexp-26","blk.26.ffn_down_shexp.weight","ffn_swiglu-26"
187,77,MUL,0,2,0,2856,"ffn_shexp_gated-26","ffn_shexp-26","shared_expert_gate_sigmoid-26"
187,78,ADD,0,1,3,2861,"ffn_out-26","ffn_moe_out-26","ffn_shexp_gated-26"
188,38,MUL_MAT,0,271,209,769,"attn_output-27","blk.27.attn_output.weight","attn_gated-27"
188,66,SCALE,0,0,1,1087,"ffn_moe_inp-27","node_4577",""
188,102,ADD,0,1,0,2245,"ffn_moe_out-27","node_4613","ffn_moe_weighted-27 (view)"
188,106,MUL_MAT,0,32,4,2359,"ffn_shexp-27","blk.27.ffn_down_shexp.weight","ffn_swiglu-27"
188,109,MUL,0,2,0,2367,"ffn_shexp_gated-27","ffn_shexp-27","shared_expert_gate_sigmoid-27"
188,110,ADD,0,1,11,2379,"ffn_out-27","ffn_moe_out-27","ffn_shexp_gated-27"
189,5,MUL_MAT,0,294,82,737,"linear_attn_out-28","blk.28.ssm_out.weight","final_output-28"
189,34,SCALE,0,0,1,1153,"ffn_moe_inp-28","node_4731",""
189,70,ADD,0,1,10,2311,"ffn_moe_out-28","node_4767","ffn_moe_weighted-28 (view)"
189,74,MUL_MAT,0,29,13,2439,"ffn_shexp-28","blk.28.ffn_down_shexp.weight","ffn_swiglu-28"
189,77,MUL,0,2,0,2451,"ffn_shexp_gated-28","ffn_shexp-28","shared_expert_gate_sigmoid-28"
189,78,ADD,0,2,6,2459,"ffn_out-28","ffn_moe_out-28","ffn_shexp_gated-28"
190,5,MUL_MAT,0,381,125,929,"linear_attn_out-29","blk.29.ssm_out.weight","final_output-29"
190,34,SCALE,0,1,4,1287,"ffn_moe_inp-29","node_4885",""
190,70,ADD,0,1,2,2662,"ffn_moe_out-29","node_4921","ffn_moe_weighted-29 (view)"
190,74,MUL_MAT,0,40,21,2861,"ffn_shexp-29","blk.29.ffn_down_shexp.weight","ffn_swiglu-29"
190,77,MUL,0,3,0,2882,"ffn_shexp_gated-29","ffn_shexp-29","shared_expert_gate_sigmoid-29"
190,78,ADD,0,2,1,2885,"ffn_out-29","ffn_moe_out-29","ffn_shexp_gated-29"
191,5,MUL_MAT,0,361,95,828,"linear_attn_out-30","blk.30.ssm_out.weight","final_output-30"
191,34,SCALE,0,0,4,1169,"ffn_moe_inp-30","node_5039",""
191,70,ADD,0,1,0,2547,"ffn_moe_out-30","node_5075","ffn_moe_weighted-30 (view)"
191,74,MUL_MAT,0,38,23,2691,"ffn_shexp-30","blk.30.ffn_down_shexp.weight","ffn_swiglu-30"
191,77,MUL,0,2,2,2715,"ffn_shexp_gated-30","ffn_shexp-30","shared_expert_gate_sigmoid-30"
191,78,ADD,0,2,2,2719,"ffn_out-30","ffn_moe_out-30","ffn_shexp_gated-30"
192,38,MUL_MAT,0,343,323,916,"attn_output-31","blk.31.attn_output.weight","attn_gated-31"
192,66,SCALE,0,0,2,1200,"ffn_moe_inp-31","node_5226",""
192,102,ADD,0,2,18,2259,"ffn_moe_out-31","node_5262","ffn_moe_weighted-31 (view)"
192,106,MUL_MAT,0,30,29,2448,"ffn_shexp-31","blk.31.ffn_down_shexp.weight","ffn_swiglu-31"
192,109,MUL,0,2,2,2475,"ffn_shexp_gated-31","ffn_shexp-31","shared_expert_gate_sigmoid-31"
192,110,ADD,0,1,3,2479,"ffn_out-31","ffn_moe_out-31","ffn_shexp_gated-31"
193,5,MUL_MAT,0,239,128,709,"linear_attn_out-32","blk.32.ssm_out.weight","final_output-32"
193,34,SCALE,0,0,2,998,"ffn_moe_inp-32","node_5380",""
193,70,ADD,0,2,0,1852,"ffn_moe_out-32","node_5416","ffn_moe_weighted-32 (view)"
193,74,MUL_MAT,0,26,16,1980,"ffn_shexp-32","blk.32.ffn_down_shexp.weight","ffn_swiglu-32"
193,77,MUL,0,2,0,1988,"ffn_shexp_gated-32","ffn_shexp-32","shared_expert_gate_sigmoid-32"
193,78,ADD,0,1,1,1991,"ffn_out-32","ffn_moe_out-32","ffn_shexp_gated-32"
194,5,MUL_MAT,0,268,87,804,"linear_attn_out-33","blk.33.ssm_out.weight","final_output-33"
194,34,SCALE,0,0,5,1143,"ffn_moe_inp-33","node_5534",""
194,70,ADD,0,2,0,2234,"ffn_moe_out-33","node_5570","ffn_moe_weighted-33 (view)"
194,74,MUL_MAT,0,24,16,2371,"ffn_shexp-33","blk.33.ffn_down_shexp.weight","ffn_swiglu-33"
194,77,MUL,0,3,0,2380,"ffn_shexp_gated-33","ffn_shexp-33","shared_expert_gate_sigmoid-33"
194,78,ADD,0,2,10,2392,"ffn_out-33","ffn_moe_out-33","ffn_shexp_gated-33"
195,5,MUL_MAT,0,272,111,789,"linear_attn_out-34","blk.34.ssm_out.weight","final_output-34"
195,34,SCALE,0,0,2,1077,"ffn_moe_inp-34","node_5688",""
195,70,ADD,0,1,1,1976,"ffn_moe_out-34","node_5724","ffn_moe_weighted-34 (view)"
195,74,MUL_MAT,0,30,11,2099,"ffn_shexp-34","blk.34.ffn_down_shexp.weight","ffn_swiglu-34"
195,77,MUL,0,2,0,2118,"ffn_shexp_gated-34","ffn_shexp-34","shared_expert_gate_sigmoid-34"
195,78,ADD,0,1,1,2120,"ffn_out-34","ffn_moe_out-34","ffn_shexp_gated-34"
196,38,MUL_MAT,0,253,79,557,"attn_output-35","blk.35.attn_output.weight","attn_gated-35"
196,66,SCALE,0,1,1,800,"ffn_moe_inp-35","node_5875",""
196,102,ADD,0,1,1,1717,"ffn_moe_out-35","node_5911","ffn_moe_weighted-35 (view)"
196,106,MUL_MAT,0,27,12,1836,"ffn_shexp-35","blk.35.ffn_down_shexp.weight","ffn_swiglu-35"
196,109,MUL,0,2,0,1844,"ffn_shexp_gated-35","ffn_shexp-35","shared_expert_gate_sigmoid-35"
196,110,ADD,0,2,0,1846,"ffn_out-35","ffn_moe_out-35","ffn_shexp_gated-35"
197,5,MUL_MAT,0,287,69,726,"linear_attn_out-36","blk.36.ssm_out.weight","final_output-36"
197,34,SCALE,0,0,2,1034,"ffn_moe_inp-36","node_6029",""
197,70,ADD,0,1,1,2371,"ffn_moe_out-36","node_6065","ffn_moe_weighted-36 (view)"
197,74,MUL_MAT,0,34,5,2488,"ffn_shexp-36","blk.36.ffn_down_shexp.weight","ffn_swiglu-36"
197,77,MUL,0,2,1,2505,"ffn_shexp_gated-36","ffn_shexp-36","shared_expert_gate_sigmoid-36"
197,78,ADD,0,1,1,2507,"ffn_out-36","ffn_moe_out-36","ffn_shexp_gated-36"
198,5,MUL_MAT,0,277,93,736,"linear_attn_out-37","blk.37.ssm_out.weight","final_output-37"
198,34,SCALE,0,0,1,1049,"ffn_moe_inp-37","node_6183",""
198,70,ADD,0,1,5,1990,"ffn_moe_out-37","node_6219","ffn_moe_weighted-37 (view)"
198,74,MUL_MAT,0,34,22,2148,"ffn_shexp-37","blk.37.ffn_down_shexp.weight","ffn_swiglu-37"
198,77,MUL,0,3,0,2173,"ffn_shexp_gated-37","ffn_shexp-37","shared_expert_gate_sigmoid-37"
198,78,ADD,0,2,2,2177,"ffn_out-37","ffn_moe_out-37","ffn_shexp_gated-37"
199,5,MUL_MAT,0,357,1,709,"linear_attn_out-38","blk.38.ssm_out.weight","final_output-38"
199,34,SCALE,0,0,4,1185,"ffn_moe_inp-38","node_6337",""
199,70,ADD,0,2,1,2404,"ffn_moe_out-38","node_6373","ffn_moe_weighted-38 (view)"
199,74,MUL_MAT,0,28,33,2606,"ffn_shexp-38","blk.38.ffn_down_shexp.weight","ffn_swiglu-38"
199,77,MUL,0,3,0,2619,"ffn_shexp_gated-38","ffn_shexp-38","shared_expert_gate_sigmoid-38"
199,78,ADD,0,1,2,2623,"ffn_out-38","ffn_moe_out-38","ffn_shexp_gated-38"
200,0,GET_ROWS,0,2,0,2,"model.input_embed","token_embd.weight","inp_tokens"
201,5,MUL_MAT,0,242,291,970,"linear_attn_out-0","blk.0.ssm_out.weight","final_output-0"
201,34,SCALE,0,0,1,1285,"ffn_moe_inp-0","node_104",""
201,70,ADD,0,2,1,2338,"ffn_moe_out-0","node_140","ffn_moe_weighted-0 (view)"
201,93,MUL_MAT,0,28,28,3551,"ffn_shexp-0","blk.0.ffn_down_shexp.weight","ffn_swiglu-0"
201,96,MUL,0,2,2,3566,"ffn_shexp_gated-0","ffn_shexp-0","shared_expert_gate_sigmoid-0"
201,97,ADD,0,2,1,3569,"ffn_out-0","ffn_moe_out-0","ffn_shexp_gated-0"
202,5,MUL_MAT,0,399,159,984,"linear_attn_out-1","blk.1.ssm_out.weight","final_output-1"
202,34,SCALE,0,0,3,1442,"ffn_moe_inp-1","node_342",""
202,70,ADD,0,2,0,3457,"ffn_moe_out-1","node_378","ffn_moe_weighted-1 (view)"
202,74,MUL_MAT,0,42,3,3601,"ffn_shexp-1","blk.1.ffn_down_shexp.weight","ffn_swiglu-1"
202,77,MUL,0,4,18,3752,"ffn_shexp_gated-1","ffn_shexp-1","shared_expert_gate_sigmoid-1"
202,78,ADD,0,2,0,3755,"ffn_out-1","ffn_moe_out-1","ffn_shexp_gated-1"
203,5,MUL_MAT,0,295,166,871,"linear_attn_out-2","blk.2.ssm_out.weight","final_output-2"
203,34,SCALE,0,1,2,1263,"ffn_moe_inp-2","node_496",""
203,70,ADD,0,2,4,2561,"ffn_moe_out-2","node_532","ffn_moe_weighted-2 (view)"
203,74,MUL_MAT,0,35,28,2756,"ffn_shexp-2","blk.2.ffn_down_shexp.weight","ffn_swiglu-2"
203,77,MUL,0,2,5,2790,"ffn_shexp_gated-2","ffn_shexp-2","shared_expert_gate_sigmoid-2"
203,78,ADD,0,2,1,2793,"ffn_out-2","ffn_moe_out-2","ffn_shexp_gated-2"
204,38,MUL_MAT,0,352,12,627,"attn_output-3","blk.3.attn_output.weight","attn_gated-3"
204,66,SCALE,0,0,1,936,"ffn_moe_inp-3","node_683",""
204,102,ADD,0,1,2,1830,"ffn_moe_out-3","node_719","ffn_moe_weighted-3 (view)"
204,106,MUL_MAT,0,41,17,2032,"ffn_shexp-3","blk.3.ffn_down_shexp.weight","ffn_swiglu-3"
204,109,MUL,0,3,5,2052,"ffn_shexp_gated-3","ffn_shexp-3","shared_expert_gate_sigmoid-3"
204,110,ADD,0,2,1,2055,"ffn_out-3","ffn_moe_out-3","ffn_shexp_gated-3"
205,5,MUL_MAT,0,425,1,812,"linear_attn_out-4","blk.4.ssm_out.weight","final_output-4"
205,34,SCALE,0,0,3,1168,"ffn_moe_inp-4","node_837",""
205,70,ADD,0,2,8,2243,"ffn_moe_out-4","node_873","ffn_moe_weighted-4 (view)"
205,74,MUL_MAT,0,37,1,2368,"ffn_shexp-4","blk.4.ffn_down_shexp.weight","ffn_swiglu-4"
205,77,MUL,0,4,0,2379,"ffn_shexp_gated-4","ffn_shexp-4","shared_expert_gate_sigmoid-4"
205,78,ADD,0,2,1,2382,"ffn_out-4","ffn_moe_out-4","ffn_shexp_gated-4"
206,5,MUL_MAT,0,231,320,1007,"linear_attn_out-5","blk.5.ssm_out.weight","final_output-5"
206,34,SCALE,0,1,1,1474,"ffn_moe_inp-5","node_991",""
206,70,ADD,0,1,13,2402,"ffn_moe_out-5","node_1027","ffn_moe_weighted-5 (view)"
206,74,MUL_MAT,0,32,7,2531,"ffn_shexp-5","blk.5.ffn_down_shexp.weight","ffn_swiglu-5"
206,77,MUL,0,2,0,2541,"ffn_shexp_gated-5","ffn_shexp-5","shared_expert_gate_sigmoid-5"
206,78,ADD,0,1,0,2543,"ffn_out-5","ffn_moe_out-5","ffn_shexp_gated-5"
207,5,MUL_MAT,0,287,91,766,"linear_attn_out-6","blk.6.ssm_out.weight","final_output-6"
207,34,SCALE,0,0,2,1089,"ffn_moe_inp-6","node_1145",""
207,70,ADD,0,2,1,1973,"ffn_moe_out-6","node_1181","ffn_moe_weighted-6 (view)"
207,74,MUL_MAT,0,26,15,2112,"ffn_shexp-6","blk.6.ffn_down_shexp.weight","ffn_swiglu-6"
207,77,MUL,0,3,0,2122,"ffn_shexp_gated-6","ffn_shexp-6","shared_expert_gate_sigmoid-6"
207,78,ADD,0,1,3,2127,"ffn_out-6","ffn_moe_out-6","ffn_shexp_gated-6"
208,38,MUL_MAT,0,236,94,553,"attn_output-7","blk.7.attn_output.weight","attn_gated-7"
208,66,SCALE,0,0,2,822,"ffn_moe_inp-7","node_1332",""
208,102,ADD,0,2,1,1783,"ffn_moe_out-7","node_1368","ffn_moe_weighted-7 (view)"
208,106,MUL_MAT,0,23,20,1908,"ffn_shexp-7","blk.7.ffn_down_shexp.weight","ffn_swiglu-7"
208,109,MUL,0,3,0,1929,"ffn_shexp_gated-7","ffn_shexp-7","shared_expert_gate_sigmoid-7"
208,110,ADD,0,2,3,1934,"ffn_out-7","ffn_moe_out-7","ffn_shexp_gated-7"
209,5,MUL_MAT,0,208,159,734,"linear_attn_out-8","blk.8.ssm_out.weight","final_output-8"
209,34,SCALE,0,0,1,1000,"ffn_moe_inp-8","node_1486",""
209,70,ADD,0,1,0,1814,"ffn_moe_out-8","node_1522","ffn_moe_weighted-8 (view)"
209,74,MUL_MAT,0,22,18,1947,"ffn_shexp-8","blk.8.ffn_down_shexp.weight","ffn_swiglu-8"
209,77,MUL,0,1,1,1955,"ffn_shexp_gated-8","ffn_shexp-8","shared_expert_gate_sigmoid-8"
209,78,ADD,0,1,3,1959,"ffn_out-8","ffn_moe_out-8","ffn_shexp_gated-8"
210,5,MUL_MAT,0,329,148,944,"linear_attn_out-9","blk.9.ssm_out.weight","final_output-9"
210,34,SCALE,0,1,0,1245,"ffn_moe_inp-9","node_1640",""
210,70,ADD,0,1,1,2182,"ffn_moe_out-9","node_1676","ffn_moe_weighted-9 (view)"
210,74,MUL_MAT,0,30,14,2313,"ffn_shexp-9","blk.9.ffn_down_shexp.weight","ffn_swiglu-9"
210,77,MUL,0,2,1,2333,"ffn_shexp_gated-9","ffn_shexp-9","shared_expert_gate_sigmoid-9"
210,78,ADD,0,1,1,2335,"ffn_out-9","ffn_moe_out-9","ffn_shexp_gated-9"
211,5,MUL_MAT,0,277,57,828,"linear_attn_out-10","blk.10.ssm_out.weight","final_output-10"
211,34,SCALE,0,0,2,1097,"ffn_moe_inp-10","node_1794",""
211,70,ADD,0,1,0,1981,"ffn_moe_out-10","node_1830","ffn_moe_weighted-10 (view)"
211,74,MUL_MAT,0,30,11,2129,"ffn_shexp-10","blk.10.ffn_down_shexp.weight","ffn_swiglu-10"
211,77,MUL,0,2,0,2136,"ffn_shexp_gated-10","ffn_shexp-10","shared_expert_gate_sigmoid-10"
211,78,ADD,0,1,1,2138,"ffn_out-10","ffn_moe_out-10","ffn_shexp_gated-10"
212,38,MUL_MAT,0,166,165,550,"attn_output-11","blk.11.attn_output.weight","attn_gated-11"
212,66,SCALE,0,0,1,798,"ffn_moe_inp-11","node_1981",""
212,102,ADD,0,0,1,1582,"ffn_moe_out-11","node_2017","ffn_moe_weighted-11 (view)"
212,106,MUL_MAT,0,17,23,1698,"ffn_shexp-11","blk.11.ffn_down_shexp.weight","ffn_swiglu-11"
212,109,MUL,0,1,1,1706,"ffn_shexp_gated-11","ffn_shexp-11","shared_expert_gate_sigmoid-11"
212,110,ADD,0,1,1,1708,"ffn_out-11","ffn_moe_out-11","ffn_shexp_gated-11"
213,5,MUL_MAT,0,229,134,728,"linear_attn_out-12","blk.12.ssm_out.weight","final_output-12"
213,34,SCALE,0,0,1,999,"ffn_moe_inp-12","node_2135",""
213,70,ADD,0,1,0,1964,"ffn_moe_out-12","node_2171","ffn_moe_weighted-12 (view)"
213,74,MUL_MAT,0,31,30,2148,"ffn_shexp-12","blk.12.ffn_down_shexp.weight","ffn_swiglu-12"
213,77,MUL,0,2,1,2187,"ffn_shexp_gated-12","ffn_shexp-12","shared_expert_gate_sigmoid-12"
213,78,ADD,0,1,1,2189,"ffn_out-12","ffn_moe_out-12","ffn_shexp_gated-12"
214,5,MUL_MAT,0,275,110,722,"linear_attn_out-13","blk.13.ssm_out.weight","final_output-13"
214,34,SCALE,0,0,6,1174,"ffn_moe_inp-13","node_2289",""
214,70,ADD,0,2,0,2180,"ffn_moe_out-13","node_2325","ffn_moe_weighted-13 (view)"
214,74,MUL_MAT,0,25,18,2313,"ffn_shexp-13","blk.13.ffn_down_shexp.weight","ffn_swiglu-13"
214,77,MUL,0,2,19,2340,"ffn_shexp_gated-13","ffn_shexp-13","shared_expert_gate_sigmoid-13"
214,78,ADD,0,2,0,2342,"ffn_out-13","ffn_moe_out-13","ffn_shexp_gated-13"
215,5,MUL_MAT,0,227,137,711,"linear_attn_out-14","blk.14.ssm_out.weight","final_output-14"
215,34,SCALE,0,0,10,974,"ffn_moe_inp-14","node_2443",""
215,70,ADD,0,1,0,1804,"ffn_moe_out-14","node_2479","ffn_moe_weighted-14 (view)"
215,74,MUL_MAT,0,34,7,1936,"ffn_shexp-14","blk.14.ffn_down_shexp.weight","ffn_swiglu-14"
215,77,MUL,0,2,1,1943,"ffn_shexp_gated-14","ffn_shexp-14","shared_expert_gate_sigmoid-14"
215,78,ADD,0,1,11,1955,"ffn_out-14","ffn_moe_out-14","ffn_shexp_gated-14"
216,38,MUL_MAT,0,298,78,652,"attn_output-15","blk.15.attn_output.weight","attn_gated-15"
216,66,SCALE,0,0,2,929,"ffn_moe_inp-15","node_2630",""
216,102,ADD,0,1,5,1833,"ffn_moe_out-15","node_2666","ffn_moe_weighted-15 (view)"
216,106,MUL_MAT,0,39,9,2004,"ffn_shexp-15","blk.15.ffn_down_shexp.weight","ffn_swiglu-15"
216,109,MUL,0,3,9,2029,"ffn_shexp_gated-15","ffn_shexp-15","shared_expert_gate_sigmoid-15"
216,110,ADD,0,2,2,2033,"ffn_out-15","ffn_moe_out-15","ffn_shexp_gated-15"
217,5,MUL_MAT,0,286,80,722,"linear_attn_out-16","blk.16.ssm_out.weight","final_output-16"
217,34,SCALE,0,1,3,1110,"ffn_moe_inp-16","node_2784",""
217,70,ADD,0,1,8,2078,"ffn_moe_out-16","node_2820","ffn_moe_weighted-16 (view)"
217,74,MUL_MAT,0,31,13,2216,"ffn_shexp-16","blk.16.ffn_down_shexp.weight","ffn_swiglu-16"
217,77,MUL,0,2,1,2225,"ffn_shexp_gated-16","ffn_shexp-16","shared_expert_gate_sigmoid-16"
217,78,ADD,0,1,0,2226,"ffn_out-16","ffn_moe_out-16","ffn_shexp_gated-16"
218,5,MUL_MAT,0,398,1,820,"linear_attn_out-17","blk.17.ssm_out.weight","final_output-17"
218,34,SCALE,0,0,6,1191,"ffn_moe_inp-17","node_2938",""
218,70,ADD,0,1,9,2268,"ffn_moe_out-17","node_2974","ffn_moe_weighted-17 (view)"
218,74,MUL_MAT,0,39,6,2403,"ffn_shexp-17","blk.17.ffn_down_shexp.weight","ffn_swiglu-17"
218,77,MUL,0,3,0,2414,"ffn_shexp_gated-17","ffn_shexp-17","shared_expert_gate_sigmoid-17"
218,78,ADD,0,1,1,2417,"ffn_out-17","ffn_moe_out-17","ffn_shexp_gated-17"
219,5,MUL_MAT,0,346,16,726,"linear_attn_out-18","blk.18.ssm_out.weight","final_output-18"
219,34,SCALE,0,0,2,1001,"ffn_moe_inp-18","node_3092",""
219,70,ADD,0,1,1,1866,"ffn_moe_out-18","node_3128","ffn_moe_weighted-18 (view)"
219,74,MUL_MAT,0,37,3,2001,"ffn_shexp-18","blk.18.ffn_down_shexp.weight","ffn_swiglu-18"
219,77,MUL,0,3,2,2027,"ffn_shexp_gated-18","ffn_shexp-18","shared_expert_gate_sigmoid-18"
219,78,ADD,0,2,9,2038,"ffn_out-18","ffn_moe_out-18","ffn_shexp_gated-18"
220,38,MUL_MAT,0,188,166,669,"attn_output-19","blk.19.attn_output.weight","attn_gated-19"
220,66,SCALE,0,0,2,916,"ffn_moe_inp-19","node_3279",""
220,102,ADD,0,1,1,1734,"ffn_moe_out-19","node_3315","ffn_moe_weighted-19 (view)"
220,106,MUL_MAT,0,21,15,1851,"ffn_shexp-19","blk.19.ffn_down_shexp.weight","ffn_swiglu-19"
220,109,MUL,0,1,1,1860,"ffn_shexp_gated-19","ffn_shexp-19","shared_expert_gate_sigmoid-19"
220,110,ADD,0,1,1,1862,"ffn_out-19","ffn_moe_out-19","ffn_shexp_gated-19"
221,5,MUL_MAT,0,195,162,708,"linear_attn_out-20","blk.20.ssm_out.weight","final_output-20"
221,34,SCALE,0,0,2,947,"ffn_moe_inp-20","node_3433",""
221,70,ADD,0,1,0,1847,"ffn_moe_out-20","node_3469","ffn_moe_weighted-20 (view)"
221,74,MUL_MAT,0,20,20,1975,"ffn_shexp-20","blk.20.ffn_down_shexp.weight","ffn_swiglu-20"
221,77,MUL,0,2,1,1998,"ffn_shexp_gated-20","ffn_shexp-20","shared_expert_gate_sigmoid-20"
221,78,ADD,0,1,1,2000,"ffn_out-20","ffn_moe_out-20","ffn_shexp_gated-20"
222,5,MUL_MAT,0,270,204,798,"linear_attn_out-21","blk.21.ssm_out.weight","final_output-21"
222,34,SCALE,0,0,1,1066,"ffn_moe_inp-21","node_3587",""
222,70,ADD,0,1,1,1960,"ffn_moe_out-21","node_3623","ffn_moe_weighted-21 (view)"
222,74,MUL_MAT,0,31,8,2104,"ffn_shexp-21","blk.21.ffn_down_shexp.weight","ffn_swiglu-21"
222,77,MUL,0,2,0,2113,"ffn_shexp_gated-21","ffn_shexp-21","shared_expert_gate_sigmoid-21"
222,78,ADD,0,1,1,2116,"ffn_out-21","ffn_moe_out-21","ffn_shexp_gated-21"
223,5,MUL_MAT,0,333,9,690,"linear_attn_out-22","blk.22.ssm_out.weight","final_output-22"
223,34,SCALE,0,0,8,985,"ffn_moe_inp-22","node_3741",""
223,70,ADD,0,1,1,1857,"ffn_moe_out-22","node_3777","ffn_moe_weighted-22 (view)"
223,74,MUL_MAT,0,33,4,1990,"ffn_shexp-22","blk.22.ffn_down_shexp.weight","ffn_swiglu-22"
223,77,MUL,0,3,0,2000,"ffn_shexp_gated-22","ffn_shexp-22","shared_expert_gate_sigmoid-22"
223,78,ADD,0,1,1,2003,"ffn_out-22","ffn_moe_out-22","ffn_shexp_gated-22"
224,38,MUL_MAT,0,321,12,561,"attn_output-23","blk.23.attn_output.weight","attn_gated-23"
224,66,SCALE,0,0,1,843,"ffn_moe_inp-23","node_3928",""
224,102,ADD,0,1,1,1663,"ffn_moe_out-23","node_3964","ffn_moe_weighted-23 (view)"
224,106,MUL_MAT,0,35,6,1790,"ffn_shexp-23","blk.23.ffn_down_shexp.weight","ffn_swiglu-23"
224,109,MUL,0,3,0,1800,"ffn_shexp_gated-23","ffn_shexp-23","shared_expert_gate_sigmoid-23"
224,110,ADD,0,2,0,1802,"ffn_out-23","ffn_moe_out-23","ffn_shexp_gated-23"
225,5,MUL_MAT,0,316,12,664,"linear_attn_out-24","blk.24.ssm_out.weight","final_output-24"
225,34,SCALE,0,0,2,936,"ffn_moe_inp-24","node_4082",""
225,70,ADD,0,1,1,1777,"ffn_moe_out-24","node_4118","ffn_moe_weighted-24 (view)"
225,74,MUL_MAT,0,52,1,1915,"ffn_shexp-24","blk.24.ffn_down_shexp.weight","ffn_swiglu-24"
225,77,MUL,0,3,1,1933,"ffn_shexp_gated-24","ffn_shexp-24","shared_expert_gate_sigmoid-24"
225,78,ADD,0,1,1,1935,"ffn_out-24","ffn_moe_out-24","ffn_shexp_gated-24"
226,5,MUL_MAT,0,294,147,796,"linear_attn_out-25","blk.25.ssm_out.weight","final_output-25"
226,34,SCALE,0,0,1,1126,"ffn_moe_inp-25","node_4236",""
226,70,ADD,0,1,1,1973,"ffn_moe_out-25","node_4272","ffn_moe_weighted-25 (view)"
226,74,MUL_MAT,0,33,8,2099,"ffn_shexp-25","blk.25.ffn_down_shexp.weight","ffn_swiglu-25"
226,77,MUL,0,2,1,2128,"ffn_shexp_gated-25","ffn_shexp-25","shared_expert_gate_sigmoid-25"
226,78,ADD,0,1,0,2129,"ffn_out-25","ffn_moe_out-25","ffn_shexp_gated-25"
227,5,MUL_MAT,0,305,211,906,"linear_attn_out-26","blk.26.ssm_out.weight","final_output-26"
227,34,SCALE,0,0,1,1233,"ffn_moe_inp-26","node_4390",""
227,70,ADD,0,1,1,2193,"ffn_moe_out-26","node_4426","ffn_moe_weighted-26 (view)"
227,74,MUL_MAT,0,31,14,2328,"ffn_shexp-26","blk.26.ffn_down_shexp.weight","ffn_swiglu-26"
227,77,MUL,0,2,0,2345,"ffn_shexp_gated-26","ffn_shexp-26","shared_expert_gate_sigmoid-26"
227,78,ADD,0,1,0,2347,"ffn_out-26","ffn_moe_out-26","ffn_shexp_gated-26"
228,38,MUL_MAT,0,252,88,584,"attn_output-27","blk.27.attn_output.weight","attn_gated-27"
228,66,SCALE,0,1,1,840,"ffn_moe_inp-27","node_4577",""
228,102,ADD,0,1,1,1709,"ffn_moe_out-27","node_4613","ffn_moe_weighted-27 (view)"
228,106,MUL_MAT,0,30,8,1831,"ffn_shexp-27","blk.27.ffn_down_shexp.weight","ffn_swiglu-27"
228,109,MUL,0,2,7,1846,"ffn_shexp_gated-27","ffn_shexp-27","shared_expert_gate_sigmoid-27"
228,110,ADD,0,1,10,1858,"ffn_out-27","ffn_moe_out-27","ffn_shexp_gated-27"
229,5,MUL_MAT,0,284,59,680,"linear_attn_out-28","blk.28.ssm_out.weight","final_output-28"
229,34,SCALE,0,1,1,944,"ffn_moe_inp-28","node_4731",""
229,70,ADD,0,1,8,1787,"ffn_moe_out-28","node_4767","ffn_moe_weighted-28 (view)"
229,74,MUL_MAT,0,27,11,1906,"ffn_shexp-28","blk.28.ffn_down_shexp.weight","ffn_swiglu-28"
229,77,MUL,0,2,0,1918,"ffn_shexp_gated-28","ffn_shexp-28","shared_expert_gate_sigmoid-28"
229,78,ADD,0,1,1,1920,"ffn_out-28","ffn_moe_out-28","ffn_shexp_gated-28"
230,5,MUL_MAT,0,210,312,1177,"linear_attn_out-29","blk.29.ssm_out.weight","final_output-29"
230,34,SCALE,0,1,3,1537,"ffn_moe_inp-29","node_4885",""
230,70,ADD,0,1,0,2469,"ffn_moe_out-29","node_4921","ffn_moe_weighted-29 (view)"
230,74,MUL_MAT,0,31,8,2596,"ffn_shexp-29","blk.29.ffn_down_shexp.weight","ffn_swiglu-29"
230,77,MUL,0,2,0,2604,"ffn_shexp_gated-29","ffn_shexp-29","shared_expert_gate_sigmoid-29"
230,78,ADD,0,1,1,2606,"ffn_out-29","ffn_moe_out-29","ffn_shexp_gated-29"
231,5,MUL_MAT,0,274,115,723,"linear_attn_out-30","blk.30.ssm_out.weight","final_output-30"
231,34,SCALE,0,0,4,1036,"ffn_moe_inp-30","node_5039",""
231,70,ADD,0,2,8,2386,"ffn_moe_out-30","node_5075","ffn_moe_weighted-30 (view)"
231,74,MUL_MAT,0,36,18,2599,"ffn_shexp-30","blk.30.ffn_down_shexp.weight","ffn_swiglu-30"
231,77,MUL,0,2,19,2633,"ffn_shexp_gated-30","ffn_shexp-30","shared_expert_gate_sigmoid-30"
231,78,ADD,0,2,15,2650,"ffn_out-30","ffn_moe_out-30","ffn_shexp_gated-30"
232,38,MUL_MAT,0,288,31,640,"attn_output-31","blk.31.attn_output.weight","attn_gated-31"
232,66,SCALE,0,0,2,958,"ffn_moe_inp-31","node_5226",""
232,102,ADD,0,1,2,1840,"ffn_moe_out-31","node_5262","ffn_moe_weighted-31 (view)"
232,106,MUL_MAT,0,42,12,2007,"ffn_shexp-31","blk.31.ffn_down_shexp.weight","ffn_swiglu-31"
232,109,MUL,0,2,4,2042,"ffn_shexp_gated-31","ffn_shexp-31","shared_expert_gate_sigmoid-31"
232,110,ADD,0,2,6,2050,"ffn_out-31","ffn_moe_out-31","ffn_shexp_gated-31"
233,5,MUL_MAT,0,273,65,693,"linear_attn_out-32","blk.32.ssm_out.weight","final_output-32"
233,34,SCALE,0,0,13,1009,"ffn_moe_inp-32","node_5380",""
233,70,ADD,0,1,1,1953,"ffn_moe_out-32","node_5416","ffn_moe_weighted-32 (view)"
233,74,MUL_MAT,0,28,9,2096,"ffn_shexp-32","blk.32.ffn_down_shexp.weight","ffn_swiglu-32"
233,77,MUL,0,2,1,2105,"ffn_shexp_gated-32","ffn_shexp-32","shared_expert_gate_sigmoid-32"
233,78,ADD,0,2,0,2107,"ffn_out-32","ffn_moe_out-32","ffn_shexp_gated-32"
234,5,MUL_MAT,0,283,116,798,"linear_attn_out-33","blk.33.ssm_out.weight","final_output-33"
234,34,SCALE,0,1,13,1155,"ffn_moe_inp-33","node_5534",""
234,70,ADD,0,2,0,2236,"ffn_moe_out-33","node_5570","ffn_moe_weighted-33 (view)"
234,74,MUL_MAT,0,36,10,2393,"ffn_shexp-33","blk.33.ffn_down_shexp.weight","ffn_swiglu-33"
234,77,MUL,0,2,1,2402,"ffn_shexp_gated-33","ffn_shexp-33","shared_expert_gate_sigmoid-33"
234,78,ADD,0,1,1,2404,"ffn_out-33","ffn_moe_out-33","ffn_shexp_gated-33"
235,5,MUL_MAT,0,343,111,828,"linear_attn_out-34","blk.34.ssm_out.weight","final_output-34"
235,34,SCALE,0,0,11,1295,"ffn_moe_inp-34","node_5688",""
235,70,ADD,0,1,1,2598,"ffn_moe_out-34","node_5724","ffn_moe_weighted-34 (view)"
235,74,MUL_MAT,0,33,10,2745,"ffn_shexp-34","blk.34.ffn_down_shexp.weight","ffn_swiglu-34"
235,77,MUL,0,3,0,2755,"ffn_shexp_gated-34","ffn_shexp-34","shared_expert_gate_sigmoid-34"
235,78,ADD,0,1,1,2757,"ffn_out-34","ffn_moe_out-34","ffn_shexp_gated-34"
236,38,MUL_MAT,0,311,39,694,"attn_output-35","blk.35.attn_output.weight","attn_gated-35"
236,66,SCALE,0,1,2,1036,"ffn_moe_inp-35","node_5875",""
236,102,ADD,0,1,2,2397,"ffn_moe_out-35","node_5911","ffn_moe_weighted-35 (view)"
236,106,MUL_MAT,0,34,20,2593,"ffn_shexp-35","blk.35.ffn_down_shexp.weight","ffn_swiglu-35"
236,109,MUL,0,2,1,2614,"ffn_shexp_gated-35","ffn_shexp-35","shared_expert_gate_sigmoid-35"
236,110,ADD,0,2,2,2618,"ffn_out-35","ffn_moe_out-35","ffn_shexp_gated-35"
237,5,MUL_MAT,0,324,21,717,"linear_attn_out-36","blk.36.ssm_out.weight","final_output-36"
237,34,SCALE,0,0,22,1090,"ffn_moe_inp-36","node_6029",""
237,70,ADD,0,1,4,1919,"ffn_moe_out-36","node_6065","ffn_moe_weighted-36 (view)"
237,74,MUL_MAT,0,32,13,2151,"ffn_shexp-36","blk.36.ffn_down_shexp.weight","ffn_swiglu-36"
237,77,MUL,0,2,0,2160,"ffn_shexp_gated-36","ffn_shexp-36","shared_expert_gate_sigmoid-36"
237,78,ADD,0,2,0,2162,"ffn_out-36","ffn_moe_out-36","ffn_shexp_gated-36"
238,5,MUL_MAT,0,288,143,828,"linear_attn_out-37","blk.37.ssm_out.weight","final_output-37"
238,34,SCALE,0,0,4,1180,"ffn_moe_inp-37","node_6183",""
238,70,ADD,0,2,0,2250,"ffn_moe_out-37","node_6219","ffn_moe_weighted-37 (view)"
238,74,MUL_MAT,0,28,21,2387,"ffn_shexp-37","blk.37.ffn_down_shexp.weight","ffn_swiglu-37"
238,77,MUL,0,2,0,2395,"ffn_shexp_gated-37","ffn_shexp-37","shared_expert_gate_sigmoid-37"
238,78,ADD,0,1,1,2397,"ffn_out-37","ffn_moe_out-37","ffn_shexp_gated-37"
239,5,MUL_MAT,0,290,118,833,"linear_attn_out-38","blk.38.ssm_out.weight","final_output-38"
239,34,SCALE,0,1,6,1245,"ffn_moe_inp-38","node_6337",""
239,70,ADD,0,1,1,2524,"ffn_moe_out-38","node_6373","ffn_moe_weighted-38 (view)"
239,74,MUL_MAT,0,36,24,2729,"ffn_shexp-38","blk.38.ffn_down_shexp.weight","ffn_swiglu-38"
239,77,MUL,0,3,22,2782,"ffn_shexp_gated-38","ffn_shexp-38","shared_expert_gate_sigmoid-38"
239,78,ADD,0,2,6,2790,"ffn_out-38","ffn_moe_out-38","ffn_shexp_gated-38"
240,0,GET_ROWS,0,3,6,10,"model.input_embed","token_embd.weight","inp_tokens"
241,5,MUL_MAT,0,359,12,752,"linear_attn_out-0","blk.0.ssm_out.weight","final_output-0"
241,34,SCALE,0,0,1,1073,"ffn_moe_inp-0","node_104",""
241,70,ADD,0,1,0,1964,"ffn_moe_out-0","node_140","ffn_moe_weighted-0 (view)"
241,93,MUL_MAT,0,45,9,3082,"ffn_shexp-0","blk.0.ffn_down_shexp.weight","ffn_swiglu-0"
241,96,MUL,0,4,12,3144,"ffn_shexp_gated-0","ffn_shexp-0","shared_expert_gate_sigmoid-0"
241,97,ADD,0,2,8,3154,"ffn_out-0","ffn_moe_out-0","ffn_shexp_gated-0"
242,5,MUL_MAT,0,362,31,761,"linear_attn_out-1","blk.1.ssm_out.weight","final_output-1"
242,34,SCALE,0,0,9,1103,"ffn_moe_inp-1","node_342",""
242,70,ADD,0,1,0,1986,"ffn_moe_out-1","node_378","ffn_moe_weighted-1 (view)"
242,74,MUL_MAT,0,38,9,2134,"ffn_shexp-1","blk.1.ffn_down_shexp.weight","ffn_swiglu-1"
242,77,MUL,0,3,6,2159,"ffn_shexp_gated-1","ffn_shexp-1","shared_expert_gate_sigmoid-1"
242,78,ADD,0,1,1,2162,"ffn_out-1","ffn_moe_out-1","ffn_shexp_gated-1"
243,5,MUL_MAT,0,212,124,675,"linear_attn_out-2","blk.2.ssm_out.weight","final_output-2"
243,34,SCALE,0,0,2,970,"ffn_moe_inp-2","node_496",""
243,70,ADD,0,1,1,2244,"ffn_moe_out-2","node_532","ffn_moe_weighted-2 (view)"
243,74,MUL_MAT,0,34,21,2439,"ffn_shexp-2","blk.2.ffn_down_shexp.weight","ffn_swiglu-2"
243,77,MUL,0,3,1,2468,"ffn_shexp_gated-2","ffn_shexp-2","shared_expert_gate_sigmoid-2"
243,78,ADD,0,1,6,2475,"ffn_out-2","ffn_moe_out-2","ffn_shexp_gated-2"
244,38,MUL_MAT,0,207,146,719,"attn_output-3","blk.3.attn_output.weight","attn_gated-3"
244,66,SCALE,0,1,21,1104,"ffn_moe_inp-3","node_683",""
244,102,ADD,0,2,0,1972,"ffn_moe_out-3","node_719","ffn_moe_weighted-3 (view)"
244,106,MUL_MAT,0,20,18,2091,"ffn_shexp-3","blk.3.ffn_down_shexp.weight","ffn_swiglu-3"
244,109,MUL,0,2,9,2117,"ffn_shexp_gated-3","ffn_shexp-3","shared_expert_gate_sigmoid-3"
244,110,ADD,0,1,4,2123,"ffn_out-3","ffn_moe_out-3","ffn_shexp_gated-3"
245,5,MUL_MAT,0,279,196,840,"linear_attn_out-4","blk.4.ssm_out.weight","final_output-4"
245,34,SCALE,0,0,1,1281,"ffn_moe_inp-4","node_837",""
245,70,ADD,0,2,0,2335,"ffn_moe_out-4","node_873","ffn_moe_weighted-4 (view)"
245,74,MUL_MAT,0,35,23,2505,"ffn_shexp-4","blk.4.ffn_down_shexp.weight","ffn_swiglu-4"
245,77,MUL,0,3,1,2528,"ffn_shexp_gated-4","ffn_shexp-4","shared_expert_gate_sigmoid-4"
245,78,ADD,0,1,3,2532,"ffn_out-4","ffn_moe_out-4","ffn_shexp_gated-4"
246,5,MUL_MAT,0,259,217,868,"linear_attn_out-5","blk.5.ssm_out.weight","final_output-5"
246,34,SCALE,0,0,2,1263,"ffn_moe_inp-5","node_991",""
246,70,ADD,0,1,0,2258,"ffn_moe_out-5","node_1027","ffn_moe_weighted-5 (view)"
246,74,MUL_MAT,0,27,12,2400,"ffn_shexp-5","blk.5.ffn_down_shexp.weight","ffn_swiglu-5"
246,77,MUL,0,2,1,2415,"ffn_shexp_gated-5","ffn_shexp-5","shared_expert_gate_sigmoid-5"
246,78,ADD,0,1,0,2416,"ffn_out-5","ffn_moe_out-5","ffn_shexp_gated-5"
247,5,MUL_MAT,0,237,258,876,"linear_attn_out-6","blk.6.ssm_out.weight","final_output-6"
247,34,SCALE,0,1,4,1299,"ffn_moe_inp-6","node_1145",""
247,70,ADD,0,2,6,2658,"ffn_moe_out-6","node_1181","ffn_moe_weighted-6 (view)"
247,74,MUL_MAT,0,39,23,2875,"ffn_shexp-6","blk.6.ffn_down_shexp.weight","ffn_swiglu-6"
247,77,MUL,0,2,3,2892,"ffn_shexp_gated-6","ffn_shexp-6","shared_expert_gate_sigmoid-6"
247,78,ADD,0,1,2,2895,"ffn_out-6","ffn_moe_out-6","ffn_shexp_gated-6"
248,38,MUL_MAT,0,258,80,621,"attn_output-7","blk.7.attn_output.weight","attn_gated-7"
248,66,SCALE,0,0,2,889,"ffn_moe_inp-7","node_1332",""
248,102,ADD,0,1,2,1755,"ffn_moe_out-7","node_1368","ffn_moe_weighted-7 (view)"
248,106,MUL_MAT,0,42,23,1942,"ffn_shexp-7","blk.7.ffn_down_shexp.weight","ffn_swiglu-7"
248,109,MUL,0,3,0,1970,"ffn_shexp_gated-7","ffn_shexp-7","shared_expert_gate_sigmoid-7"
248,110,ADD,0,1,3,1974,"ffn_out-7","ffn_moe_out-7","ffn_shexp_gated-7"
249,5,MUL_MAT,0,206,146,705,"linear_attn_out-8","blk.8.ssm_out.weight","final_output-8"
249,34,SCALE,0,0,4,989,"ffn_moe_inp-8","node_1486",""
249,70,ADD,0,1,1,2359,"ffn_moe_out-8","node_1522","ffn_moe_weighted-8 (view)"
249,74,MUL_MAT,0,38,6,2484,"ffn_shexp-8","blk.8.ffn_down_shexp.weight","ffn_swiglu-8"
249,77,MUL,0,3,4,2501,"ffn_shexp_gated-8","ffn_shexp-8","shared_expert_gate_sigmoid-8"
249,78,ADD,0,1,1,2503,"ffn_out-8","ffn_moe_out-8","ffn_shexp_gated-8"
250,5,MUL_MAT,0,223,142,780,"linear_attn_out-9","blk.9.ssm_out.weight","final_output-9"
250,34,SCALE,0,0,2,1210,"ffn_moe_inp-9","node_1640",""
250,70,ADD,0,1,0,2608,"ffn_moe_out-9","node_1676","ffn_moe_weighted-9 (view)"
250,74,MUL_MAT,0,35,6,2731,"ffn_shexp-9","blk.9.ffn_down_shexp.weight","ffn_swiglu-9"
250,77,MUL,0,2,0,2740,"ffn_shexp_gated-9","ffn_shexp-9","shared_expert_gate_sigmoid-9"
250,78,ADD,0,2,0,2742,"ffn_out-9","ffn_moe_out-9","ffn_shexp_gated-9"
251,5,MUL_MAT,0,306,81,763,"linear_attn_out-10","blk.10.ssm_out.weight","final_output-10"
251,34,SCALE,0,0,2,1049,"ffn_moe_inp-10","node_1794",""
251,70,ADD,0,2,0,1949,"ffn_moe_out-10","node_1830","ffn_moe_weighted-10 (view)"
251,74,MUL_MAT,0,28,16,2079,"ffn_shexp-10","blk.10.ffn_down_shexp.weight","ffn_swiglu-10"
251,77,MUL,0,2,1,2088,"ffn_shexp_gated-10","ffn_shexp-10","shared_expert_gate_sigmoid-10"
251,78,ADD,0,1,7,2096,"ffn_out-10","ffn_moe_out-10","ffn_shexp_gated-10"
252,38,MUL_MAT,0,266,62,573,"attn_output-11","blk.11.attn_output.weight","attn_gated-11"
252,66,SCALE,0,0,2,844,"ffn_moe_inp-11","node_1981",""
252,102,ADD,0,2,0,1713,"ffn_moe_out-11","node_2017","ffn_moe_weighted-11 (view)"
252,106,MUL_MAT,0,38,9,1861,"ffn_shexp-11","blk.11.ffn_down_shexp.weight","ffn_swiglu-11"
252,109,MUL,0,2,0,1869,"ffn_shexp_gated-11","ffn_shexp-11","shared_expert_gate_sigmoid-11"
252,110,ADD,0,1,1,1872,"ffn_out-11","ffn_moe_out-11","ffn_shexp_gated-11"
253,5,MUL_MAT,0,361,5,756,"linear_attn_out-12","blk.12.ssm_out.weight","final_output-12"
253,34,SCALE,0,0,1,1049,"ffn_moe_inp-12","node_2135",""
253,70,ADD,0,1,0,2082,"ffn_moe_out-12","node_2171","ffn_moe_weighted-12 (view)"
253,74,MUL_MAT,0,36,3,2200,"ffn_shexp-12","blk.12.ffn_down_shexp.weight","ffn_swiglu-12"
253,77,MUL,0,3,0,2210,"ffn_shexp_gated-12","ffn_shexp-12","shared_expert_gate_sigmoid-12"
253,78,ADD,0,2,0,2212,"ffn_out-12","ffn_moe_out-12","ffn_shexp_gated-12"
254,5,MUL_MAT,0,376,21,837,"linear_attn_out-13","blk.13.ssm_out.weight","final_output-13"
254,34,SCALE,0,0,1,1101,"ffn_moe_inp-13","node_2289",""
254,70,ADD,0,1,0,1904,"ffn_moe_out-13","node_2325","ffn_moe_weighted-13 (view)"
254,74,MUL_MAT,0,42,1,2040,"ffn_shexp-13","blk.13.ffn_down_shexp.weight","ffn_swiglu-13"
254,77,MUL,0,4,0,2051,"ffn_shexp_gated-13","ffn_shexp-13","shared_expert_gate_sigmoid-13"
254,78,ADD,0,1,0,2053,"ffn_out-13","ffn_moe_out-13","ffn_shexp_gated-13"
255,5,MUL_MAT,0,412,63,858,"linear_attn_out-14","blk.14.ssm_out.weight","final_output-14"
255,34,SCALE,0,0,2,1219,"ffn_moe_inp-14","node_2443",""
255,70,ADD,0,2,10,2164,"ffn_moe_out-14","node_2479","ffn_moe_weighted-14 (view)"
255,74,MUL_MAT,0,30,10,2317,"ffn_shexp-14","blk.14.ffn_down_shexp.weight","ffn_swiglu-14"
255,77,MUL,0,2,1,2326,"ffn_shexp_gated-14","ffn_shexp-14","shared_expert_gate_sigmoid-14"
255,78,ADD,0,1,1,2328,"ffn_out-14","ffn_moe_out-14","ffn_shexp_gated-14"
256,38,MUL_MAT,0,268,46,538,"attn_output-15","blk.15.attn_output.weight","attn_gated-15"
256,66,SCALE,0,0,1,782,"ffn_moe_inp-15","node_2630",""
256,102,ADD,0,1,1,1525,"ffn_moe_out-15","node_2666","ffn_moe_weighted-15 (view)"
256,106,MUL_MAT,0,28,15,1639,"ffn_shexp-15","blk.15.ffn_down_shexp.weight","ffn_swiglu-15"
256,109,MUL,0,2,0,1650,"ffn_shexp_gated-15","ffn_shexp-15","shared_expert_gate_sigmoid-15"
256,110,ADD,0,1,1,1652,"ffn_out-15","ffn_moe_out-15","ffn_shexp_gated-15"
257,5,MUL_MAT,0,294,70,698,"linear_attn_out-16","blk.16.ssm_out.weight","final_output-16"
257,34,SCALE,0,0,11,978,"ffn_moe_inp-16","node_2784",""
257,70,ADD,0,1,0,1894,"ffn_moe_out-16","node_2820","ffn_moe_weighted-16 (view)"
257,74,MUL_MAT,0,28,10,2010,"ffn_shexp-16","blk.16.ffn_down_shexp.weight","ffn_swiglu-16"
257,77,MUL,0,2,0,2018,"ffn_shexp_gated-16","ffn_shexp-16","shared_expert_gate_sigmoid-16"
257,78,ADD,0,1,0,2020,"ffn_out-16","ffn_moe_out-16","ffn_shexp_gated-16"
258,5,MUL_MAT,0,303,55,760,"linear_attn_out-17","blk.17.ssm_out.weight","final_output-17"
258,34,SCALE,0,0,2,1020,"ffn_moe_inp-17","node_2938",""
258,70,ADD,0,1,1,1872,"ffn_moe_out-17","node_2974","ffn_moe_weighted-17 (view)"
258,74,MUL_MAT,0,31,9,1991,"ffn_shexp-17","blk.17.ffn_down_shexp.weight","ffn_swiglu-17"
258,77,MUL,0,2,1,2001,"ffn_shexp_gated-17","ffn_shexp-17","shared_expert_gate_sigmoid-17"
258,78,ADD,0,1,1,2003,"ffn_out-17","ffn_moe_out-17","ffn_shexp_gated-17"
259,5,MUL_MAT,0,255,68,657,"linear_attn_out-18","blk.18.ssm_out.weight","final_output-18"
259,34,SCALE,0,1,1,893,"ffn_moe_inp-18","node_3092",""
259,70,ADD,0,1,0,1767,"ffn_moe_out-18","node_3128","ffn_moe_weighted-18 (view)"
259,74,MUL_MAT,0,37,17,1927,"ffn_shexp-18","blk.18.ffn_down_shexp.weight","ffn_swiglu-18"
259,77,MUL,0,2,0,1935,"ffn_shexp_gated-18","ffn_shexp-18","shared_expert_gate_sigmoid-18"
259,78,ADD,0,1,1,1937,"ffn_out-18","ffn_moe_out-18","ffn_shexp_gated-18"
260,38,MUL_MAT,0,285,49,551,"attn_output-19","blk.19.attn_output.weight","attn_gated-19"
260,66,SCALE,0,0,1,791,"ffn_moe_inp-19","node_3279",""
260,102,ADD,0,1,0,1686,"ffn_moe_out-19","node_3315","ffn_moe_weighted-19 (view)"
260,106,MUL_MAT,0,28,9,1806,"ffn_shexp-19","blk.19.ffn_down_shexp.weight","ffn_swiglu-19"
260,109,MUL,0,2,0,1814,"ffn_shexp_gated-19","ffn_shexp-19","shared_expert_gate_sigmoid-19"
260,110,ADD,0,1,1,1816,"ffn_out-19","ffn_moe_out-19","ffn_shexp_gated-19"
261,5,MUL_MAT,0,278,59,686,"linear_attn_out-20","blk.20.ssm_out.weight","final_output-20"
261,34,SCALE,0,0,2,924,"ffn_moe_inp-20","node_3433",""
261,70,ADD,0,1,1,1777,"ffn_moe_out-20","node_3469","ffn_moe_weighted-20 (view)"
261,74,MUL_MAT,0,31,14,1913,"ffn_shexp-20","blk.20.ffn_down_shexp.weight","ffn_swiglu-20"
261,77,MUL,0,2,1,1923,"ffn_shexp_gated-20","ffn_shexp-20","shared_expert_gate_sigmoid-20"
261,78,ADD,0,1,1,1925,"ffn_out-20","ffn_moe_out-20","ffn_shexp_gated-20"
262,5,MUL_MAT,0,301,136,779,"linear_attn_out-21","blk.21.ssm_out.weight","final_output-21"
262,34,SCALE,0,0,2,1025,"ffn_moe_inp-21","node_3587",""
262,70,ADD,0,1,1,2509,"ffn_moe_out-21","node_3623","ffn_moe_weighted-21 (view)"
262,74,MUL_MAT,0,31,8,2636,"ffn_shexp-21","blk.21.ffn_down_shexp.weight","ffn_swiglu-21"
262,77,MUL,0,2,1,2645,"ffn_shexp_gated-21","ffn_shexp-21","shared_expert_gate_sigmoid-21"
262,78,ADD,0,2,0,2647,"ffn_out-21","ffn_moe_out-21","ffn_shexp_gated-21"
263,5,MUL_MAT,0,284,64,709,"linear_attn_out-22","blk.22.ssm_out.weight","final_output-22"
263,34,SCALE,0,0,2,1055,"ffn_moe_inp-22","node_3741",""
263,70,ADD,0,1,0,1897,"ffn_moe_out-22","node_3777","ffn_moe_weighted-22 (view)"
263,74,MUL_MAT,0,30,6,2028,"ffn_shexp-22","blk.22.ffn_down_shexp.weight","ffn_swiglu-22"
263,77,MUL,0,1,1,2046,"ffn_shexp_gated-22","ffn_shexp-22","shared_expert_gate_sigmoid-22"
263,78,ADD,0,1,0,2047,"ffn_out-22","ffn_moe_out-22","ffn_shexp_gated-22"
264,38,MUL_MAT,0,265,65,554,"attn_output-23","blk.23.attn_output.weight","attn_gated-23"
264,66,SCALE,0,0,2,805,"ffn_moe_inp-23","node_3928",""
264,102,ADD,0,1,1,1703,"ffn_moe_out-23","node_3964","ffn_moe_weighted-23 (view)"
264,106,MUL_MAT,0,27,23,1880,"ffn_shexp-23","blk.23.ffn_down_shexp.weight","ffn_swiglu-23"
264,109,MUL,0,1,0,1889,"ffn_shexp_gated-23","ffn_shexp-23","shared_expert_gate_sigmoid-23"
264,110,ADD,0,1,0,1891,"ffn_out-23","ffn_moe_out-23","ffn_shexp_gated-23"
265,5,MUL_MAT,0,274,68,686,"linear_attn_out-24","blk.24.ssm_out.weight","final_output-24"
265,34,SCALE,0,0,1,945,"ffn_moe_inp-24","node_4082",""
265,70,ADD,0,1,0,2353,"ffn_moe_out-24","node_4118","ffn_moe_weighted-24 (view)"
265,74,MUL_MAT,0,33,9,2490,"ffn_shexp-24","blk.24.ffn_down_shexp.weight","ffn_swiglu-24"
265,77,MUL,0,2,1,2499,"ffn_shexp_gated-24","ffn_shexp-24","shared_expert_gate_sigmoid-24"
265,78,ADD,0,1,0,2500,"ffn_out-24","ffn_moe_out-24","ffn_shexp_gated-24"
266,5,MUL_MAT,0,201,135,654,"linear_attn_out-25","blk.25.ssm_out.weight","final_output-25"
266,34,SCALE,0,0,1,883,"ffn_moe_inp-25","node_4236",""
266,70,ADD,0,1,0,1676,"ffn_moe_out-25","node_4272","ffn_moe_weighted-25 (view)"
266,74,MUL_MAT,0,28,12,1799,"ffn_shexp-25","blk.25.ffn_down_shexp.weight","ffn_swiglu-25"
266,77,MUL,0,2,0,1808,"ffn_shexp_gated-25","ffn_shexp-25","shared_expert_gate_sigmoid-25"
266,78,ADD,0,1,1,1810,"ffn_out-25","ffn_moe_out-25","ffn_shexp_gated-25"
267,5,MUL_MAT,0,230,121,706,"linear_attn_out-26","blk.26.ssm_out.weight","final_output-26"
267,34,SCALE,0,0,1,974,"ffn_moe_inp-26","node_4390",""
267,70,ADD,0,1,0,2563,"ffn_moe_out-26","node_4426","ffn_moe_weighted-26 (view)"
267,74,MUL_MAT,0,46,1,2708,"ffn_shexp-26","blk.26.ffn_down_shexp.weight","ffn_swiglu-26"
267,77,MUL,0,3,0,2722,"ffn_shexp_gated-26","ffn_shexp-26","shared_expert_gate_sigmoid-26"
267,78,ADD,0,2,0,2724,"ffn_out-26","ffn_moe_out-26","ffn_shexp_gated-26"
268,38,MUL_MAT,0,349,17,617,"attn_output-27","blk.27.attn_output.weight","attn_gated-27"
268,66,SCALE,0,0,3,911,"ffn_moe_inp-27","node_4577",""
268,102,ADD,0,2,0,1877,"ffn_moe_out-27","node_4613","ffn_moe_weighted-27 (view)"
268,106,MUL_MAT,0,39,2,2016,"ffn_shexp-27","blk.27.ffn_down_shexp.weight","ffn_swiglu-27"
268,109,MUL,0,3,1,2026,"ffn_shexp_gated-27","ffn_shexp-27","shared_expert_gate_sigmoid-27"
268,110,ADD,0,1,1,2028,"ffn_out-27","ffn_moe_out-27","ffn_shexp_gated-27"
269,5,MUL_MAT,0,343,1,678,"linear_attn_out-28","blk.28.ssm_out.weight","final_output-28"
269,34,SCALE,0,0,2,970,"ffn_moe_inp-28","node_4731",""
269,70,ADD,0,1,1,2639,"ffn_moe_out-28","node_4767","ffn_moe_weighted-28 (view)"
269,74,MUL_MAT,0,38,4,2775,"ffn_shexp-28","blk.28.ffn_down_shexp.weight","ffn_swiglu-28"
269,77,MUL,0,3,1,2786,"ffn_shexp_gated-28","ffn_shexp-28","shared_expert_gate_sigmoid-28"
269,78,ADD,0,1,1,2788,"ffn_out-28","ffn_moe_out-28","ffn_shexp_gated-28"
270,5,MUL_MAT,0,328,3,646,"linear_attn_out-29","blk.29.ssm_out.weight","final_output-29"
270,34,SCALE,0,1,2,946,"ffn_moe_inp-29","node_4885",""
270,70,ADD,0,1,0,1790,"ffn_moe_out-29","node_4921","ffn_moe_weighted-29 (view)"
270,74,MUL_MAT,0,36,2,1915,"ffn_shexp-29","blk.29.ffn_down_shexp.weight","ffn_swiglu-29"
270,77,MUL,0,3,1,1927,"ffn_shexp_gated-29","ffn_shexp-29","shared_expert_gate_sigmoid-29"
270,78,ADD,0,1,8,1936,"ffn_out-29","ffn_moe_out-29","ffn_shexp_gated-29"
271,5,MUL_MAT,0,349,58,824,"linear_attn_out-30","blk.30.ssm_out.weight","final_output-30"
271,34,SCALE,0,0,2,1139,"ffn_moe_inp-30","node_5039",""
271,70,ADD,0,1,1,2833,"ffn_moe_out-30","node_5075","ffn_moe_weighted-30 (view)"
271,74,MUL_MAT,0,38,2,2964,"ffn_shexp-30","blk.30.ffn_down_shexp.weight","ffn_swiglu-30"
271,77,MUL,0,3,0,2975,"ffn_shexp_gated-30","ffn_shexp-30","shared_expert_gate_sigmoid-30"
271,78,ADD,0,2,0,2977,"ffn_out-30","ffn_moe_out-30","ffn_shexp_gated-30"
272,38,MUL_MAT,0,348,6,584,"attn_output-31","blk.31.attn_output.weight","attn_gated-31"
272,66,SCALE,0,0,2,873,"ffn_moe_inp-31","node_5226",""
272,102,ADD,0,1,1,2237,"ffn_moe_out-31","node_5262","ffn_moe_weighted-31 (view)"
272,106,MUL_MAT,0,35,1,2364,"ffn_shexp-31","blk.31.ffn_down_shexp.weight","ffn_swiglu-31"
272,109,MUL,0,3,1,2375,"ffn_shexp_gated-31","ffn_shexp-31","shared_expert_gate_sigmoid-31"
272,110,ADD,0,1,0,2376,"ffn_out-31","ffn_moe_out-31","ffn_shexp_gated-31"
273,5,MUL_MAT,0,175,174,686,"linear_attn_out-32","blk.32.ssm_out.weight","final_output-32"
273,34,SCALE,0,0,1,933,"ffn_moe_inp-32","node_5380",""
273,70,ADD,0,1,1,2332,"ffn_moe_out-32","node_5416","ffn_moe_weighted-32 (view)"
273,74,MUL_MAT,0,25,18,2459,"ffn_shexp-32","blk.32.ffn_down_shexp.weight","ffn_swiglu-32"
273,77,MUL,0,2,1,2476,"ffn_shexp_gated-32","ffn_shexp-32","shared_expert_gate_sigmoid-32"
273,78,ADD,0,1,1,2478,"ffn_out-32","ffn_moe_out-32","ffn_shexp_gated-32"
274,5,MUL_MAT,0,266,70,684,"linear_attn_out-33","blk.33.ssm_out.weight","final_output-33"
274,34,SCALE,0,0,1,962,"ffn_moe_inp-33","node_5534",""
274,70,ADD,0,1,1,1805,"ffn_moe_out-33","node_5570","ffn_moe_weighted-33 (view)"
274,74,MUL_MAT,0,31,8,1944,"ffn_shexp-33","blk.33.ffn_down_shexp.weight","ffn_swiglu-33"
274,77,MUL,0,2,0,1959,"ffn_shexp_gated-33","ffn_shexp-33","shared_expert_gate_sigmoid-33"
274,78,ADD,0,1,0,1961,"ffn_out-33","ffn_moe_out-33","ffn_shexp_gated-33"
275,5,MUL_MAT,0,323,26,707,"linear_attn_out-34","blk.34.ssm_out.weight","final_output-34"
275,34,SCALE,0,0,2,985,"ffn_moe_inp-34","node_5688",""
275,70,ADD,0,1,1,2285,"ffn_moe_out-34","node_5724","ffn_moe_weighted-34 (view)"
275,74,MUL_MAT,0,37,1,2406,"ffn_shexp-34","blk.34.ffn_down_shexp.weight","ffn_swiglu-34"
275,77,MUL,0,3,0,2424,"ffn_shexp_gated-34","ffn_shexp-34","shared_expert_gate_sigmoid-34"
275,78,ADD,0,1,0,2426,"ffn_out-34","ffn_moe_out-34","ffn_shexp_gated-34"
276,38,MUL_MAT,0,265,77,582,"attn_output-35","blk.35.attn_output.weight","attn_gated-35"
276,66,SCALE,0,0,2,858,"ffn_moe_inp-35","node_5875",""
276,102,ADD,0,2,0,2615,"ffn_moe_out-35","node_5911","ffn_moe_weighted-35 (view)"
276,106,MUL_MAT,0,30,7,2738,"ffn_shexp-35","blk.35.ffn_down_shexp.weight","ffn_swiglu-35"
276,109,MUL,0,2,0,2747,"ffn_shexp_gated-35","ffn_shexp-35","shared_expert_gate_sigmoid-35"
276,110,ADD,0,1,1,2749,"ffn_out-35","ffn_moe_out-35","ffn_shexp_gated-35"
277,5,MUL_MAT,0,221,121,681,"linear_attn_out-36","blk.36.ssm_out.weight","final_output-36"
277,34,SCALE,0,0,2,921,"ffn_moe_inp-36","node_6029",""
277,70,ADD,0,1,5,2316,"ffn_moe_out-36","node_6065","ffn_moe_weighted-36 (view)"
277,74,MUL_MAT,0,19,18,2448,"ffn_shexp-36","blk.36.ffn_down_shexp.weight","ffn_swiglu-36"
277,77,MUL,0,3,0,2538,"ffn_shexp_gated-36","ffn_shexp-36","shared_expert_gate_sigmoid-36"
277,78,ADD,0,2,0,2540,"ffn_out-36","ffn_moe_out-36","ffn_shexp_gated-36"
278,5,MUL_MAT,0,175,162,651,"linear_attn_out-37","blk.37.ssm_out.weight","final_output-37"
278,34,SCALE,0,0,2,887,"ffn_moe_inp-37","node_6183",""
278,70,ADD,0,1,2,2336,"ffn_moe_out-37","node_6219","ffn_moe_weighted-37 (view)"
278,74,MUL_MAT,0,28,23,2490,"ffn_shexp-37","blk.37.ffn_down_shexp.weight","ffn_swiglu-37"
278,77,MUL,0,2,1,2499,"ffn_shexp_gated-37","ffn_shexp-37","shared_expert_gate_sigmoid-37"
278,78,ADD,0,1,1,2501,"ffn_out-37","ffn_moe_out-37","ffn_shexp_gated-37"
279,5,MUL_MAT,0,266,83,701,"linear_attn_out-38","blk.38.ssm_out.weight","final_output-38"
279,34,SCALE,0,0,1,948,"ffn_moe_inp-38","node_6337",""
279,70,ADD,0,1,4,2275,"ffn_moe_out-38","node_6373","ffn_moe_weighted-38 (view)"
279,74,MUL_MAT,0,28,6,2385,"ffn_shexp-38","blk.38.ffn_down_shexp.weight","ffn_swiglu-38"
279,77,MUL,0,1,6,2399,"ffn_shexp_gated-38","ffn_shexp-38","shared_expert_gate_sigmoid-38"
279,78,ADD,0,2,0,2401,"ffn_out-38","ffn_moe_out-38","ffn_shexp_gated-38"
280,0,GET_ROWS,0,2,1,3,"model.input_embed","token_embd.weight","inp_tokens"
281,5,MUL_MAT,0,301,92,764,"linear_attn_out-0","blk.0.ssm_out.weight","final_output-0"
281,34,SCALE,0,0,12,1100,"ffn_moe_inp-0","node_104",""
281,70,ADD,0,1,0,2673,"ffn_moe_out-0","node_140","ffn_moe_weighted-0 (view)"
281,93,MUL_MAT,0,20,22,3562,"ffn_shexp-0","blk.0.ffn_down_shexp.weight","ffn_swiglu-0"
281,96,MUL,0,2,0,3570,"ffn_shexp_gated-0","ffn_shexp-0","shared_expert_gate_sigmoid-0"
281,97,ADD,0,1,1,3572,"ffn_out-0","ffn_moe_out-0","ffn_shexp_gated-0"
282,5,MUL_MAT,0,338,3,694,"linear_attn_out-1","blk.1.ssm_out.weight","final_output-1"
282,34,SCALE,0,0,1,977,"ffn_moe_inp-1","node_342",""
282,70,ADD,0,2,1,2010,"ffn_moe_out-1","node_378","ffn_moe_weighted-1 (view)"
282,74,MUL_MAT,0,36,8,2221,"ffn_shexp-1","blk.1.ffn_down_shexp.weight","ffn_swiglu-1"
282,77,MUL,0,2,1,2230,"ffn_shexp_gated-1","ffn_shexp-1","shared_expert_gate_sigmoid-1"
282,78,ADD,0,1,0,2231,"ffn_out-1","ffn_moe_out-1","ffn_shexp_gated-1"
283,5,MUL_MAT,0,290,50,674,"linear_attn_out-2","blk.2.ssm_out.weight","final_output-2"
283,34,SCALE,0,1,1,998,"ffn_moe_inp-2","node_496",""
283,70,ADD,0,1,0,2108,"ffn_moe_out-2","node_532","ffn_moe_weighted-2 (view)"
283,74,MUL_MAT,0,32,12,2255,"ffn_shexp-2","blk.2.ffn_down_shexp.weight","ffn_swiglu-2"
283,77,MUL,0,3,0,2263,"ffn_shexp_gated-2","ffn_shexp-2","shared_expert_gate_sigmoid-2"
283,78,ADD,0,1,5,2269,"ffn_out-2","ffn_moe_out-2","ffn_shexp_gated-2"
284,38,MUL_MAT,0,270,62,594,"attn_output-3","blk.3.attn_output.weight","attn_gated-3"
284,66,SCALE,0,1,1,861,"ffn_moe_inp-3","node_683",""
284,102,ADD,0,2,0,1656,"ffn_moe_out-3","node_719","ffn_moe_weighted-3 (view)"
284,106,MUL_MAT,0,29,7,1772,"ffn_shexp-3","blk.3.ffn_down_shexp.weight","ffn_swiglu-3"
284,109,MUL,0,15,0,1793,"ffn_shexp_gated-3","ffn_shexp-3","shared_expert_gate_sigmoid-3"
284,110,ADD,0,1,1,1795,"ffn_out-3","ffn_moe_out-3","ffn_shexp_gated-3"
285,5,MUL_MAT,0,304,63,719,"linear_attn_out-4","blk.4.ssm_out.weight","final_output-4"
285,34,SCALE,0,0,2,992,"ffn_moe_inp-4","node_837",""
285,70,ADD,0,2,6,2375,"ffn_moe_out-4","node_873","ffn_moe_weighted-4 (view)"
285,74,MUL_MAT,0,66,0,2567,"ffn_shexp-4","blk.4.ffn_down_shexp.weight","ffn_swiglu-4"
285,77,MUL,0,2,1,2602,"ffn_shexp_gated-4","ffn_shexp-4","shared_expert_gate_sigmoid-4"
285,78,ADD,0,1,4,2607,"ffn_out-4","ffn_moe_out-4","ffn_shexp_gated-4"
286,5,MUL_MAT,0,268,94,714,"linear_attn_out-5","blk.5.ssm_out.weight","final_output-5"
286,34,SCALE,0,0,1,981,"ffn_moe_inp-5","node_991",""
286,70,ADD,0,1,1,1874,"ffn_moe_out-5","node_1027","ffn_moe_weighted-5 (view)"
286,74,MUL_MAT,0,30,10,2004,"ffn_shexp-5","blk.5.ffn_down_shexp.weight","ffn_swiglu-5"
286,77,MUL,0,2,17,2028,"ffn_shexp_gated-5","ffn_shexp-5","shared_expert_gate_sigmoid-5"
286,78,ADD,0,1,1,2030,"ffn_out-5","ffn_moe_out-5","ffn_shexp_gated-5"
287,5,MUL_MAT,0,258,72,653,"linear_attn_out-6","blk.6.ssm_out.weight","final_output-6"
287,34,SCALE,0,0,2,916,"ffn_moe_inp-6","node_1145",""
287,70,ADD,0,1,1,1730,"ffn_moe_out-6","node_1181","ffn_moe_weighted-6 (view)"
287,74,MUL_MAT,0,21,18,1848,"ffn_shexp-6","blk.6.ffn_down_shexp.weight","ffn_swiglu-6"
287,77,MUL,0,2,9,1866,"ffn_shexp_gated-6","ffn_shexp-6","shared_expert_gate_sigmoid-6"
287,78,ADD,0,1,0,1867,"ffn_out-6","ffn_moe_out-6","ffn_shexp_gated-6"
288,38,MUL_MAT,0,264,69,584,"attn_output-7","blk.7.attn_output.weight","attn_gated-7"
288,66,SCALE,0,0,2,868,"ffn_moe_inp-7","node_1332",""
288,102,ADD,0,1,0,1685,"ffn_moe_out-7","node_1368","ffn_moe_weighted-7 (view)"
288,106,MUL_MAT,0,28,13,1803,"ffn_shexp-7","blk.7.ffn_down_shexp.weight","ffn_swiglu-7"
288,109,MUL,0,2,0,1832,"ffn_shexp_gated-7","ffn_shexp-7","shared_expert_gate_sigmoid-7"
288,110,ADD,0,1,1,1834,"ffn_out-7","ffn_moe_out-7","ffn_shexp_gated-7"
289,5,MUL_MAT,0,286,55,676,"linear_attn_out-8","blk.8.ssm_out.weight","final_output-8"
289,34,SCALE,0,0,3,963,"ffn_moe_inp-8","node_1486",""
289,70,ADD,0,1,1,1918,"ffn_moe_out-8","node_1522","ffn_moe_weighted-8 (view)"
289,74,MUL_MAT,0,34,7,2061,"ffn_shexp-8","blk.8.ffn_down_shexp.weight","ffn_swiglu-8"
289,77,MUL,0,2,1,2074,"ffn_shexp_gated-8","ffn_shexp-8","shared_expert_gate_sigmoid-8"
289,78,ADD,0,1,0,2075,"ffn_out-8","ffn_moe_out-8","ffn_shexp_gated-8"
290,5,MUL_MAT,0,272,64,676,"linear_attn_out-9","blk.9.ssm_out.weight","final_output-9"
290,34,SCALE,0,0,2,941,"ffn_moe_inp-9","node_1640",""
290,70,ADD,0,1,1,1788,"ffn_moe_out-9","node_1676","ffn_moe_weighted-9 (view)"
290,74,MUL_MAT,0,29,14,1912,"ffn_shexp-9","blk.9.ffn_down_shexp.weight","ffn_swiglu-9"
290,77,MUL,0,1,1,1921,"ffn_shexp_gated-9","ffn_shexp-9","shared_expert_gate_sigmoid-9"
290,78,ADD,0,1,0,1922,"ffn_out-9","ffn_moe_out-9","ffn_shexp_gated-9"
291,5,MUL_MAT,0,271,155,821,"linear_attn_out-10","blk.10.ssm_out.weight","final_output-10"
291,34,SCALE,0,0,2,1144,"ffn_moe_inp-10","node_1794",""
291,70,ADD,0,1,1,1991,"ffn_moe_out-10","node_1830","ffn_moe_weighted-10 (view)"
291,74,MUL_MAT,0,33,6,2131,"ffn_shexp-10","blk.10.ffn_down_shexp.weight","ffn_swiglu-10"
291,77,MUL,0,1,1,2140,"ffn_shexp_gated-10","ffn_shexp-10","shared_expert_gate_sigmoid-10"
291,78,ADD,0,1,1,2142,"ffn_out-10","ffn_moe_out-10","ffn_shexp_gated-10"
292,38,MUL_MAT,0,284,56,678,"attn_output-11","blk.11.attn_output.weight","attn_gated-11"
292,66,SCALE,0,0,6,930,"ffn_moe_inp-11","node_1981",""
292,102,ADD,0,1,23,1799,"ffn_moe_out-11","node_2017","ffn_moe_weighted-11 (view)"
292,106,MUL_MAT,0,29,8,1914,"ffn_shexp-11","blk.11.ffn_down_shexp.weight","ffn_swiglu-11"
292,109,MUL,0,2,0,1924,"ffn_shexp_gated-11","ffn_shexp-11","shared_expert_gate_sigmoid-11"
292,110,ADD,0,1,1,1926,"ffn_out-11","ffn_moe_out-11","ffn_shexp_gated-11"
293,5,MUL_MAT,0,245,85,659,"linear_attn_out-12","blk.12.ssm_out.weight","final_output-12"
293,34,SCALE,0,0,3,906,"ffn_moe_inp-12","node_2135",""
293,70,ADD,0,1,0,1694,"ffn_moe_out-12","node_2171","ffn_moe_weighted-12 (view)"
293,74,MUL_MAT,0,30,11,1815,"ffn_shexp-12","blk.12.ffn_down_shexp.weight","ffn_swiglu-12"
293,77,MUL,0,2,1,2044,"ffn_shexp_gated-12","ffn_shexp-12","shared_expert_gate_sigmoid-12"
293,78,ADD,0,1,21,2066,"ffn_out-12","ffn_moe_out-12","ffn_shexp_gated-12"
294,5,MUL_MAT,0,298,62,708,"linear_attn_out-13","blk.13.ssm_out.weight","final_output-13"
294,34,SCALE,0,0,2,1012,"ffn_moe_inp-13","node_2289",""
294,70,ADD,0,1,1,2272,"ffn_moe_out-13","node_2325","ffn_moe_weighted-13 (view)"
294,74,MUL_MAT,0,34,33,2424,"ffn_shexp-13","blk.13.ffn_down_shexp.weight","ffn_swiglu-13"
294,77,MUL,0,14,0,2444,"ffn_shexp_gated-13","ffn_shexp-13","shared_expert_gate_sigmoid-13"
294,78,ADD,0,2,0,2446,"ffn_out-13","ffn_moe_out-13","ffn_shexp_gated-13"
295,5,MUL_MAT,0,303,59,733,"linear_attn_out-14","blk.14.ssm_out.weight","final_output-14"
295,34,SCALE,0,0,1,1019,"ffn_moe_inp-14","node_2443",""
295,70,ADD,0,1,0,1891,"ffn_moe_out-14","node_2479","ffn_moe_weighted-14 (view)"
295,74,MUL_MAT,0,29,8,2007,"ffn_shexp-14","blk.14.ffn_down_shexp.weight","ffn_swiglu-14"
295,77,MUL,0,2,1,2017,"ffn_shexp_gated-14","ffn_shexp-14","shared_expert_gate_sigmoid-14"
295,78,ADD,0,1,0,2018,"ffn_out-14","ffn_moe_out-14","ffn_shexp_gated-14"
296,38,MUL_MAT,0,246,73,546,"attn_output-15","blk.15.attn_output.weight","attn_gated-15"
296,66,SCALE,0,0,2,802,"ffn_moe_inp-15","node_2630",""
296,102,ADD,0,1,1,1588,"ffn_moe_out-15","node_2666","ffn_moe_weighted-15 (view)"
296,106,MUL_MAT,0,28,8,1695,"ffn_shexp-15","blk.15.ffn_down_shexp.weight","ffn_swiglu-15"
296,109,MUL,0,2,0,1711,"ffn_shexp_gated-15","ffn_shexp-15","shared_expert_gate_sigmoid-15"
296,110,ADD,0,1,1,1713,"ffn_out-15","ffn_moe_out-15","ffn_shexp_gated-15"
297,5,MUL_MAT,0,276,79,696,"linear_attn_out-16","blk.16.ssm_out.weight","final_output-16"
297,34,SCALE,0,0,2,965,"ffn_moe_inp-16","node_2784",""
297,70,ADD,0,2,0,1791,"ffn_moe_out-16","node_2820","ffn_moe_weighted-16 (view)"
297,74,MUL_MAT,0,28,9,1907,"ffn_shexp-16","blk.16.ffn_down_shexp.weight","ffn_swiglu-16"
297,77,MUL,0,1,1,1919,"ffn_shexp_gated-16","ffn_shexp-16","shared_expert_gate_sigmoid-16"
297,78,ADD,0,1,0,1920,"ffn_out-16","ffn_moe_out-16","ffn_shexp_gated-16"
298,5,MUL_MAT,0,332,10,677,"linear_attn_out-17","blk.17.ssm_out.weight","final_output-17"
298,34,SCALE,0,1,1,944,"ffn_moe_inp-17","node_2938",""
298,70,ADD,0,1,1,2295,"ffn_moe_out-17","node_2974","ffn_moe_weighted-17 (view)"
298,74,MUL_MAT,0,36,3,2416,"ffn_shexp-17","blk.17.ffn_down_shexp.weight","ffn_swiglu-17"
298,77,MUL,0,3,1,2426,"ffn_shexp_gated-17","ffn_shexp-17","shared_expert_gate_sigmoid-17"
298,78,ADD,0,1,1,2428,"ffn_out-17","ffn_moe_out-17","ffn_shexp_gated-17"
299,5,MUL_MAT,0,314,11,640,"linear_attn_out-18","blk.18.ssm_out.weight","final_output-18"
299,34,SCALE,0,0,1,934,"ffn_moe_inp-18","node_3092",""
299,70,ADD,0,2,0,1925,"ffn_moe_out-18","node_3128","ffn_moe_weighted-18 (view)"
299,74,MUL_MAT,0,36,4,2049,"ffn_shexp-18","blk.18.ffn_down_shexp.weight","ffn_swiglu-18"
299,77,MUL,0,3,6,2066,"ffn_shexp_gated-18","ffn_shexp-18","shared_expert_gate_sigmoid-18"
299,78,ADD,0,1,1,2068,"ffn_out-18","ffn_moe_out-18","ffn_shexp_gated-18"
300,38,MUL_MAT,0,335,14,615,"attn_output-19","blk.19.attn_output.weight","attn_gated-19"
300,66,SCALE,0,0,2,888,"ffn_moe_inp-19","node_3279",""
300,102,ADD,0,1,1,1678,"ffn_moe_out-19","node_3315","ffn_moe_weighted-19 (view)"
300,106,MUL_MAT,0,32,3,1803,"ffn_shexp-19","blk.19.ffn_down_shexp.weight","ffn_swiglu-19"
300,109,MUL,0,3,0,1812,"ffn_shexp_gated-19","ffn_shexp-19","shared_expert_gate_sigmoid-19"
300,110,ADD,0,1,0,1814,"ffn_out-19","ffn_moe_out-19","ffn_shexp_gated-19"
301,5,MUL_MAT,0,341,1,672,"linear_attn_out-20","blk.20.ssm_out.weight","final_output-20"
301,34,SCALE,0,1,1,962,"ffn_moe_inp-20","node_3433",""
301,70,ADD,0,1,7,1905,"ffn_moe_out-20","node_3469","ffn_moe_weighted-20 (view)"
301,74,MUL_MAT,0,34,26,2111,"ffn_shexp-20","blk.20.ffn_down_shexp.weight","ffn_swiglu-20"
301,77,MUL,0,4,0,2137,"ffn_shexp_gated-20","ffn_shexp-20","shared_expert_gate_sigmoid-20"
301,78,ADD,0,2,8,2147,"ffn_out-20","ffn_moe_out-20","ffn_shexp_gated-20"
302,5,MUL_MAT,0,297,13,635,"linear_attn_out-21","blk.21.ssm_out.weight","final_output-21"
302,34,SCALE,0,0,2,1007,"ffn_moe_inp-21","node_3587",""
302,70,ADD,0,1,1,1857,"ffn_moe_out-21","node_3623","ffn_moe_weighted-21 (view)"
302,74,MUL_MAT,0,38,4,1976,"ffn_shexp-21","blk.21.ffn_down_shexp.weight","ffn_swiglu-21"
302,77,MUL,0,3,1,1987,"ffn_shexp_gated-21","ffn_shexp-21","shared_expert_gate_sigmoid-21"
302,78,ADD,0,1,1,1989,"ffn_out-21","ffn_moe_out-21","ffn_shexp_gated-21"
303,5,MUL_MAT,0,310,4,621,"linear_attn_out-22","blk.22.ssm_out.weight","final_output-22"
303,34,SCALE,0,0,6,869,"ffn_moe_inp-22","node_3741",""
303,70,ADD,0,1,1,1649,"ffn_moe_out-22","node_3777","ffn_moe_weighted-22 (view)"
303,74,MUL_MAT,0,37,0,1769,"ffn_shexp-22","blk.22.ffn_down_shexp.weight","ffn_swiglu-22"
303,77,MUL,0,3,0,1780,"ffn_shexp_gated-22","ffn_shexp-22","shared_expert_gate_sigmoid-22"
303,78,ADD,0,1,0,1782,"ffn_out-22","ffn_moe_out-22","ffn_shexp_gated-22"
304,38,MUL_MAT,0,316,11,551,"attn_output-23","blk.23.attn_output.weight","attn_gated-23"
304,66,SCALE,0,1,1,832,"ffn_moe_inp-23","node_3928",""
304,102,ADD,0,2,4,1635,"ffn_moe_out-23","node_3964","ffn_moe_weighted-23 (view)"
304,106,MUL_MAT,0,39,20,1775,"ffn_shexp-23","blk.23.ffn_down_shexp.weight","ffn_swiglu-23"
304,109,MUL,0,3,1,1803,"ffn_shexp_gated-23","ffn_shexp-23","shared_expert_gate_sigmoid-23"
304,110,ADD,0,1,4,1808,"ffn_out-23","ffn_moe_out-23","ffn_shexp_gated-23"
305,5,MUL_MAT,0,311,10,627,"linear_attn_out-24","blk.24.ssm_out.weight","final_output-24"
305,34,SCALE,0,1,1,979,"ffn_moe_inp-24","node_4082",""
305,70,ADD,0,1,0,2060,"ffn_moe_out-24","node_4118","ffn_moe_weighted-24 (view)"
305,74,MUL_MAT,0,19,24,2203,"ffn_shexp-24","blk.24.ffn_down_shexp.weight","ffn_swiglu-24"
305,77,MUL,0,2,0,2210,"ffn_shexp_gated-24","ffn_shexp-24","shared_expert_gate_sigmoid-24"
305,78,ADD,0,0,1,2212,"ffn_out-24","ffn_moe_out-24","ffn_shexp_gated-24"
306,5,MUL_MAT,0,266,61,644,"linear_attn_out-25","blk.25.ssm_out.weight","final_output-25"
306,34,SCALE,0,0,2,880,"ffn_moe_inp-25","node_4236",""
306,70,ADD,0,1,0,1659,"ffn_moe_out-25","node_4272","ffn_moe_weighted-25 (view)"
306,74,MUL_MAT,0,29,8,1779,"ffn_shexp-25","blk.25.ffn_down_shexp.weight","ffn_swiglu-25"
306,77,MUL,0,1,1,1788,"ffn_shexp_gated-25","ffn_shexp-25","shared_expert_gate_sigmoid-25"
306,78,ADD,0,1,1,1790,"ffn_out-25","ffn_moe_out-25","ffn_shexp_gated-25"
307,5,MUL_MAT,0,284,71,697,"linear_attn_out-26","blk.26.ssm_out.weight","final_output-26"
307,34,SCALE,0,0,2,1003,"ffn_moe_inp-26","node_4390",""
307,70,ADD,0,1,1,1960,"ffn_moe_out-26","node_4426","ffn_moe_weighted-26 (view)"
307,74,MUL_MAT,0,33,8,2084,"ffn_shexp-26","blk.26.ffn_down_shexp.weight","ffn_swiglu-26"
307,77,MUL,0,2,0,2108,"ffn_shexp_gated-26","ffn_shexp-26","shared_expert_gate_sigmoid-26"
307,78,ADD,0,1,0,2110,"ffn_out-26","ffn_moe_out-26","ffn_shexp_gated-26"
308,38,MUL_MAT,0,244,74,529,"attn_output-27","blk.27.attn_output.weight","attn_gated-27"
308,66,SCALE,0,0,2,771,"ffn_moe_inp-27","node_4577",""
308,102,ADD,0,1,1,1623,"ffn_moe_out-27","node_4613","ffn_moe_weighted-27 (view)"
308,106,MUL_MAT,0,29,6,1741,"ffn_shexp-27","blk.27.ffn_down_shexp.weight","ffn_swiglu-27"
308,109,MUL,0,2,0,1749,"ffn_shexp_gated-27","ffn_shexp-27","shared_expert_gate_sigmoid-27"
308,110,ADD,0,1,1,1751,"ffn_out-27","ffn_moe_out-27","ffn_shexp_gated-27"
309,5,MUL_MAT,0,270,56,651,"linear_attn_out-28","blk.28.ssm_out.weight","final_output-28"
309,34,SCALE,0,0,1,943,"ffn_moe_inp-28","node_4731",""
309,70,ADD,0,1,0,1742,"ffn_moe_out-28","node_4767","ffn_moe_weighted-28 (view)"
309,74,MUL_MAT,0,30,14,1867,"ffn_shexp-28","blk.28.ffn_down_shexp.weight","ffn_swiglu-28"
309,77,MUL,0,2,0,1876,"ffn_shexp_gated-28","ffn_shexp-28","shared_expert_gate_sigmoid-28"
309,78,ADD,0,2,0,1878,"ffn_out-28","ffn_moe_out-28","ffn_shexp_gated-28"
310,5,MUL_MAT,0,283,59,702,"linear_attn_out-29","blk.29.ssm_out.weight","final_output-29"
310,34,SCALE,0,0,1,964,"ffn_moe_inp-29","node_4885",""
310,70,ADD,0,2,0,1814,"ffn_moe_out-29","node_4921","ffn_moe_weighted-29 (view)"
310,74,MUL_MAT,0,26,13,1934,"ffn_shexp-29","blk.29.ffn_down_shexp.weight","ffn_swiglu-29"
310,77,MUL,0,2,1,1945,"ffn_shexp_gated-29","ffn_shexp-29","shared_expert_gate_sigmoid-29"
310,78,ADD,0,1,0,1946,"ffn_out-29","ffn_moe_out-29","ffn_shexp_gated-29"
311,5,MUL_MAT,0,260,70,642,"linear_attn_out-30","blk.30.ssm_out.weight","final_output-30"
311,34,SCALE,0,0,2,879,"ffn_moe_inp-30","node_5039",""
311,70,ADD,0,2,0,1782,"ffn_moe_out-30","node_5075","ffn_moe_weighted-30 (view)"
311,74,MUL_MAT,0,32,15,1916,"ffn_shexp-30","blk.30.ffn_down_shexp.weight","ffn_swiglu-30"
311,77,MUL,0,2,1,1936,"ffn_shexp_gated-30","ffn_shexp-30","shared_expert_gate_sigmoid-30"
311,78,ADD,0,1,1,1938,"ffn_out-30","ffn_moe_out-30","ffn_shexp_gated-30"
312,38,MUL_MAT,0,258,68,551,"attn_output-31","blk.31.attn_output.weight","attn_gated-31"
312,66,SCALE,0,0,1,796,"ffn_moe_inp-31","node_5226",""
312,102,ADD,0,1,1,1739,"ffn_moe_out-31","node_5262","ffn_moe_weighted-31 (view)"
312,106,MUL_MAT,0,33,4,1870,"ffn_shexp-31","blk.31.ffn_down_shexp.weight","ffn_swiglu-31"
312,109,MUL,0,19,1,1907,"ffn_shexp_gated-31","ffn_shexp-31","shared_expert_gate_sigmoid-31"
312,110,ADD,0,2,10,1919,"ffn_out-31","ffn_moe_out-31","ffn_shexp_gated-31"
313,5,MUL_MAT,0,325,23,673,"linear_attn_out-32","blk.32.ssm_out.weight","final_output-32"
313,34,SCALE,0,0,2,973,"ffn_moe_inp-32","node_5380",""
313,70,ADD,0,1,0,1831,"ffn_moe_out-32","node_5416","ffn_moe_weighted-32 (view)"
313,74,MUL_MAT,0,37,14,2040,"ffn_shexp-32","blk.32.ffn_down_shexp.weight","ffn_swiglu-32"
313,77,MUL,0,3,0,2050,"ffn_shexp_gated-32","ffn_shexp-32","shared_expert_gate_sigmoid-32"
313,78,ADD,0,1,0,2052,"ffn_out-32","ffn_moe_out-32","ffn_shexp_gated-32"
314,5,MUL_MAT,0,299,61,754,"linear_attn_out-33","blk.33.ssm_out.weight","final_output-33"
314,34,SCALE,0,0,2,1034,"ffn_moe_inp-33","node_5534",""
314,70,ADD,0,1,1,1876,"ffn_moe_out-33","node_5570","ffn_moe_weighted-33 (view)"
314,74,MUL_MAT,0,35,10,2024,"ffn_shexp-33","blk.33.ffn_down_shexp.weight","ffn_swiglu-33"
314,77,MUL,0,2,0,2032,"ffn_shexp_gated-33","ffn_shexp-33","shared_expert_gate_sigmoid-33"
314,78,ADD,0,2,1,2035,"ffn_out-33","ffn_moe_out-33","ffn_shexp_gated-33"
315,5,MUL_MAT,0,182,149,649,"linear_attn_out-34","blk.34.ssm_out.weight","final_output-34"
315,34,SCALE,0,0,2,934,"ffn_moe_inp-34","node_5688",""
315,70,ADD,0,1,1,1739,"ffn_moe_out-34","node_5724","ffn_moe_weighted-34 (view)"
315,74,MUL_MAT,0,19,20,1859,"ffn_shexp-34","blk.34.ffn_down_shexp.weight","ffn_swiglu-34"
315,77,MUL,0,2,0,1874,"ffn_shexp_gated-34","ffn_shexp-34","shared_expert_gate_sigmoid-34"
315,78,ADD,0,1,1,1876,"ffn_out-34","ffn_moe_out-34","ffn_shexp_gated-34"
316,38,MUL_MAT,0,277,70,610,"attn_output-35","blk.35.attn_output.weight","attn_gated-35"
316,66,SCALE,0,0,2,881,"ffn_moe_inp-35","node_5875",""
316,102,ADD,0,1,1,1683,"ffn_moe_out-35","node_5911","ffn_moe_weighted-35 (view)"
316,106,MUL_MAT,0,31,63,1869,"ffn_shexp-35","blk.35.ffn_down_shexp.weight","ffn_swiglu-35"
316,109,MUL,0,2,0,1898,"ffn_shexp_gated-35","ffn_shexp-35","shared_expert_gate_sigmoid-35"
316,110,ADD,0,1,1,1900,"ffn_out-35","ffn_moe_out-35","ffn_shexp_gated-35"
317,5,MUL_MAT,0,170,174,660,"linear_attn_out-36","blk.36.ssm_out.weight","final_output-36"
317,34,SCALE,0,0,1,888,"ffn_moe_inp-36","node_6029",""
317,70,ADD,0,1,0,1665,"ffn_moe_out-36","node_6065","ffn_moe_weighted-36 (view)"
317,74,MUL_MAT,0,20,16,1778,"ffn_shexp-36","blk.36.ffn_down_shexp.weight","ffn_swiglu-36"
317,77,MUL,0,2,0,1785,"ffn_shexp_gated-36","ffn_shexp-36","shared_expert_gate_sigmoid-36"
317,78,ADD,0,0,10,1796,"ffn_out-36","ffn_moe_out-36","ffn_shexp_gated-36"
318,5,MUL_MAT,0,311,53,713,"linear_attn_out-37","blk.37.ssm_out.weight","final_output-37"
318,34,SCALE,0,0,2,1024,"ffn_moe_inp-37","node_6183",""
318,70,ADD,0,1,30,1944,"ffn_moe_out-37","node_6219","ffn_moe_weighted-37 (view)"
318,74,MUL_MAT,0,34,2,2061,"ffn_shexp-37","blk.37.ffn_down_shexp.weight","ffn_swiglu-37"
318,77,MUL,0,3,1,2072,"ffn_shexp_gated-37","ffn_shexp-37","shared_expert_gate_sigmoid-37"
318,78,ADD,0,2,0,2074,"ffn_out-37","ffn_moe_out-37","ffn_shexp_gated-37"
319,5,MUL_MAT,0,336,8,834,"linear_attn_out-38","blk.38.ssm_out.weight","final_output-38"
319,34,SCALE,0,0,2,1134,"ffn_moe_inp-38","node_6337",""
319,70,ADD,0,1,1,2173,"ffn_moe_out-38","node_6373","ffn_moe_weighted-38 (view)"
319,74,MUL_MAT,0,38,0,2304,"ffn_shexp-38","blk.38.ffn_down_shexp.weight","ffn_swiglu-38"
319,77,MUL,0,3,1,2316,"ffn_shexp_gated-38","ffn_shexp-38","shared_expert_gate_sigmoid-38"
319,78,ADD,0,1,1,2318,"ffn_out-38","ffn_moe_out-38","ffn_shexp_gated-38"
320,0,GET_ROWS,0,3,0,3,"model.input_embed","token_embd.weight","inp_tokens"
321,5,MUL_MAT,0,333,12,667,"linear_attn_out-0","blk.0.ssm_out.weight","final_output-0"
321,34,SCALE,0,0,1,940,"ffn_moe_inp-0","node_104",""
321,70,ADD,0,1,1,1802,"ffn_moe_out-0","node_140","ffn_moe_weighted-0 (view)"
321,93,MUL_MAT,0,36,2,2812,"ffn_shexp-0","blk.0.ffn_down_shexp.weight","ffn_swiglu-0"
321,96,MUL,0,3,7,2830,"ffn_shexp_gated-0","ffn_shexp-0","shared_expert_gate_sigmoid-0"
321,97,ADD,0,2,92,2925,"ffn_out-0","ffn_moe_out-0","ffn_shexp_gated-0"
322,5,MUL_MAT,0,268,77,684,"linear_attn_out-1","blk.1.ssm_out.weight","final_output-1"
322,34,SCALE,0,0,1,951,"ffn_moe_inp-1","node_342",""
322,70,ADD,0,2,0,1807,"ffn_moe_out-1","node_378","ffn_moe_weighted-1 (view)"
322,74,MUL_MAT,0,33,5,1951,"ffn_shexp-1","blk.1.ffn_down_shexp.weight","ffn_swiglu-1"
322,77,MUL,0,2,1,1971,"ffn_shexp_gated-1","ffn_shexp-1","shared_expert_gate_sigmoid-1"
322,78,ADD,0,1,1,1973,"ffn_out-1","ffn_moe_out-1","ffn_shexp_gated-1"
323,5,MUL_MAT,0,276,75,712,"linear_attn_out-2","blk.2.ssm_out.weight","final_output-2"
323,34,SCALE,0,0,1,985,"ffn_moe_inp-2","node_496",""
323,70,ADD,0,1,1,2842,"ffn_moe_out-2","node_532","ffn_moe_weighted-2 (view)"
323,74,MUL_MAT,0,31,11,2966,"ffn_shexp-2","blk.2.ffn_down_shexp.weight","ffn_swiglu-2"
323,77,MUL,0,2,0,2981,"ffn_shexp_gated-2","ffn_shexp-2","shared_expert_gate_sigmoid-2"
323,78,ADD,0,1,1,2984,"ffn_out-2","ffn_moe_out-2","ffn_shexp_gated-2"
324,38,MUL_MAT,0,254,80,645,"attn_output-3","blk.3.attn_output.weight","attn_gated-3"
324,66,SCALE,0,1,1,903,"ffn_moe_inp-3","node_683",""
324,102,ADD,0,1,0,1694,"ffn_moe_out-3","node_719","ffn_moe_weighted-3 (view)"
324,106,MUL_MAT,0,26,10,1811,"ffn_shexp-3","blk.3.ffn_down_shexp.weight","ffn_swiglu-3"
324,109,MUL,0,2,1,1820,"ffn_shexp_gated-3","ffn_shexp-3","shared_expert_gate_sigmoid-3"
324,110,ADD,0,1,1,1822,"ffn_out-3","ffn_moe_out-3","ffn_shexp_gated-3"
325,5,MUL_MAT,0,258,90,690,"linear_attn_out-4","blk.4.ssm_out.weight","final_output-4"
325,34,SCALE,0,0,2,961,"ffn_moe_inp-4","node_837",""
325,70,ADD,0,2,0,2595,"ffn_moe_out-4","node_873","ffn_moe_weighted-4 (view)"
325,74,MUL_MAT,0,62,11,2790,"ffn_shexp-4","blk.4.ffn_down_shexp.weight","ffn_swiglu-4"
325,77,MUL,0,2,27,2839,"ffn_shexp_gated-4","ffn_shexp-4","shared_expert_gate_sigmoid-4"
325,78,ADD,0,2,1,2842,"ffn_out-4","ffn_moe_out-4","ffn_shexp_gated-4"
326,5,MUL_MAT,0,313,10,629,"linear_attn_out-5","blk.5.ssm_out.weight","final_output-5"
326,34,SCALE,0,1,2,1045,"ffn_moe_inp-5","node_991",""
326,70,ADD,0,1,1,1963,"ffn_moe_out-5","node_1027","ffn_moe_weighted-5 (view)"
326,74,MUL_MAT,0,38,4,2096,"ffn_shexp-5","blk.5.ffn_down_shexp.weight","ffn_swiglu-5"
326,77,MUL,0,3,1,2107,"ffn_shexp_gated-5","ffn_shexp-5","shared_expert_gate_sigmoid-5"
326,78,ADD,0,2,9,2118,"ffn_out-5","ffn_moe_out-5","ffn_shexp_gated-5"
327,5,MUL_MAT,0,317,10,639,"linear_attn_out-6","blk.6.ssm_out.weight","final_output-6"
327,34,SCALE,0,0,2,921,"ffn_moe_inp-6","node_1145",""
327,70,ADD,0,1,1,2495,"ffn_moe_out-6","node_1181","ffn_moe_weighted-6 (view)"
327,74,MUL_MAT,0,40,3,2626,"ffn_shexp-6","blk.6.ffn_down_shexp.weight","ffn_swiglu-6"
327,77,MUL,0,3,1,2642,"ffn_shexp_gated-6","ffn_shexp-6","shared_expert_gate_sigmoid-6"
327,78,ADD,0,1,1,2644,"ffn_out-6","ffn_moe_out-6","ffn_shexp_gated-6"
328,38,MUL_MAT,0,316,9,558,"attn_output-7","blk.7.attn_output.weight","attn_gated-7"
328,66,SCALE,0,0,2,800,"ffn_moe_inp-7","node_1332",""
328,102,ADD,0,1,1,1565,"ffn_moe_out-7","node_1368","ffn_moe_weighted-7 (view)"
328,106,MUL_MAT,0,20,18,1683,"ffn_shexp-7","blk.7.ffn_down_shexp.weight","ffn_swiglu-7"
328,109,MUL,0,2,0,1691,"ffn_shexp_gated-7","ffn_shexp-7","shared_expert_gate_sigmoid-7"
328,110,ADD,0,1,1,1693,"ffn_out-7","ffn_moe_out-7","ffn_shexp_gated-7"
329,5,MUL_MAT,0,278,82,768,"linear_attn_out-8","blk.8.ssm_out.weight","final_output-8"
329,34,SCALE,0,0,18,1067,"ffn_moe_inp-8","node_1486",""
329,70,ADD,0,1,1,2775,"ffn_moe_out-8","node_1522","ffn_moe_weighted-8 (view)"
329,74,MUL_MAT,0,30,6,2886,"ffn_shexp-8","blk.8.ffn_down_shexp.weight","ffn_swiglu-8"
329,77,MUL,0,2,1,2897,"ffn_shexp_gated-8","ffn_shexp-8","shared_expert_gate_sigmoid-8"
329,78,ADD,0,1,1,2899,"ffn_out-8","ffn_moe_out-8","ffn_shexp_gated-8"
330,5,MUL_MAT,0,271,68,672,"linear_attn_out-9","blk.9.ssm_out.weight","final_output-9"
330,34,SCALE,0,0,2,935,"ffn_moe_inp-9","node_1640",""
330,70,ADD,0,1,0,2383,"ffn_moe_out-9","node_1676","ffn_moe_weighted-9 (view)"
330,74,MUL_MAT,0,30,9,2506,"ffn_shexp-9","blk.9.ffn_down_shexp.weight","ffn_swiglu-9"
330,77,MUL,0,2,9,2522,"ffn_shexp_gated-9","ffn_shexp-9","shared_expert_gate_sigmoid-9"
330,78,ADD,0,1,1,2524,"ffn_out-9","ffn_moe_out-9","ffn_shexp_gated-9"
331,5,MUL_MAT,0,330,5,637,"linear_attn_out-10","blk.10.ssm_out.weight","final_output-10"
331,34,SCALE,0,0,2,912,"ffn_moe_inp-10","node_1794",""
331,70,ADD,0,1,7,2263,"ffn_moe_out-10","node_1830","ffn_moe_weighted-10 (view)"
331,74,MUL_MAT,0,36,8,2403,"ffn_shexp-10","blk.10.ffn_down_shexp.weight","ffn_swiglu-10"
331,77,MUL,0,3,1,2413,"ffn_shexp_gated-10","ffn_shexp-10","shared_expert_gate_sigmoid-10"
331,78,ADD,0,1,1,2415,"ffn_out-10","ffn_moe_out-10","ffn_shexp_gated-10"
332,38,MUL_MAT,0,318,13,583,"attn_output-11","blk.11.attn_output.weight","attn_gated-11"
332,66,SCALE,0,0,2,840,"ffn_moe_inp-11","node_1981",""
332,102,ADD,0,1,6,2168,"ffn_moe_out-11","node_2017","ffn_moe_weighted-11 (view)"
332,106,MUL_MAT,0,35,1,2289,"ffn_shexp-11","blk.11.ffn_down_shexp.weight","ffn_swiglu-11"
332,109,MUL,0,3,0,2299,"ffn_shexp_gated-11","ffn_shexp-11","shared_expert_gate_sigmoid-11"
332,110,ADD,0,2,2,2303,"ffn_out-11","ffn_moe_out-11","ffn_shexp_gated-11"
333,5,MUL_MAT,0,190,186,750,"linear_attn_out-12","blk.12.ssm_out.weight","final_output-12"
333,34,SCALE,0,1,1,1054,"ffn_moe_inp-12","node_2135",""
333,70,ADD,0,1,0,1879,"ffn_moe_out-12","node_2171","ffn_moe_weighted-12 (view)"
333,74,MUL_MAT,0,33,7,1999,"ffn_shexp-12","blk.12.ffn_down_shexp.weight","ffn_swiglu-12"
333,77,MUL,0,2,0,2006,"ffn_shexp_gated-12","ffn_shexp-12","shared_expert_gate_sigmoid-12"
333,78,ADD,0,2,0,2008,"ffn_out-12","ffn_moe_out-12","ffn_shexp_gated-12"
334,5,MUL_MAT,0,199,149,683,"linear_attn_out-13","blk.13.ssm_out.weight","final_output-13"
334,34,SCALE,0,1,1,921,"ffn_moe_inp-13","node_2289",""
334,70,ADD,0,1,1,2124,"ffn_moe_out-13","node_2325","ffn_moe_weighted-13 (view)"
334,74,MUL_MAT,0,22,17,2245,"ffn_shexp-13","blk.13.ffn_down_shexp.weight","ffn_swiglu-13"
334,77,MUL,0,1,0,2252,"ffn_shexp_gated-13","ffn_shexp-13","shared_expert_gate_sigmoid-13"
334,78,ADD,0,1,0,2254,"ffn_out-13","ffn_moe_out-13","ffn_shexp_gated-13"
335,5,MUL_MAT,0,261,130,737,"linear_attn_out-14","blk.14.ssm_out.weight","final_output-14"
335,34,SCALE,0,0,2,1000,"ffn_moe_inp-14","node_2443",""
335,70,ADD,0,1,0,1830,"ffn_moe_out-14","node_2479","ffn_moe_weighted-14 (view)"
335,74,MUL_MAT,0,22,17,1954,"ffn_shexp-14","blk.14.ffn_down_shexp.weight","ffn_swiglu-14"
335,77,MUL,0,2,0,1962,"ffn_shexp_gated-14","ffn_shexp-14","shared_expert_gate_sigmoid-14"
335,78,ADD,0,0,1,1964,"ffn_out-14","ffn_moe_out-14","ffn_shexp_gated-14"
336,38,MUL_MAT,0,242,98,589,"attn_output-15","blk.15.attn_output.weight","attn_gated-15"
336,66,SCALE,0,0,2,830,"ffn_moe_inp-15","node_2630",""
336,102,ADD,0,2,0,1655,"ffn_moe_out-15","node_2666","ffn_moe_weighted-15 (view)"
336,106,MUL_MAT,0,33,6,1775,"ffn_shexp-15","blk.15.ffn_down_shexp.weight","ffn_swiglu-15"
336,109,MUL,0,3,0,1786,"ffn_shexp_gated-15","ffn_shexp-15","shared_expert_gate_sigmoid-15"
336,110,ADD,0,2,0,1788,"ffn_out-15","ffn_moe_out-15","ffn_shexp_gated-15"
337,5,MUL_MAT,0,339,17,701,"linear_attn_out-16","blk.16.ssm_out.weight","final_output-16"
337,34,SCALE,0,0,1,997,"ffn_moe_inp-16","node_2784",""
337,70,ADD,0,1,1,1958,"ffn_moe_out-16","node_2820","ffn_moe_weighted-16 (view)"
337,74,MUL_MAT,0,39,3,2091,"ffn_shexp-16","blk.16.ffn_down_shexp.weight","ffn_swiglu-16"
337,77,MUL,0,4,3,2120,"ffn_shexp_gated-16","ffn_shexp-16","shared_expert_gate_sigmoid-16"
337,78,ADD,0,1,1,2122,"ffn_out-16","ffn_moe_out-16","ffn_shexp_gated-16"
338,5,MUL_MAT,0,341,1,661,"linear_attn_out-17","blk.17.ssm_out.weight","final_output-17"
338,34,SCALE,0,0,1,926,"ffn_moe_inp-17","node_2938",""
338,70,ADD,0,2,0,1745,"ffn_moe_out-17","node_2974","ffn_moe_weighted-17 (view)"
338,74,MUL_MAT,0,35,2,1865,"ffn_shexp-17","blk.17.ffn_down_shexp.weight","ffn_swiglu-17"
338,77,MUL,0,3,0,1875,"ffn_shexp_gated-17","ffn_shexp-17","shared_expert_gate_sigmoid-17"
338,78,ADD,0,1,1,1878,"ffn_out-17","ffn_moe_out-17","ffn_shexp_gated-17"
339,5,MUL_MAT,0,332,14,670,"linear_attn_out-18","blk.18.ssm_out.weight","final_output-18"
339,34,SCALE,0,0,10,964,"ffn_moe_inp-18","node_3092",""
339,70,ADD,0,1,3,1853,"ffn_moe_out-18","node_3128","ffn_moe_weighted-18 (view)"
339,74,MUL_MAT,0,39,2,1992,"ffn_shexp-18","blk.18.ffn_down_shexp.weight","ffn_swiglu-18"
339,77,MUL,0,3,0,2028,"ffn_shexp_gated-18","ffn_shexp-18","shared_expert_gate_sigmoid-18"
339,78,ADD,0,1,0,2030,"ffn_out-18","ffn_moe_out-18","ffn_shexp_gated-18"
340,38,MUL_MAT,0,315,4,563,"attn_output-19","blk.19.attn_output.weight","attn_gated-19"
340,66,SCALE,0,0,2,823,"ffn_moe_inp-19","node_3279",""
340,102,ADD,0,2,0,1588,"ffn_moe_out-19","node_3315","ffn_moe_weighted-19 (view)"
340,106,MUL_MAT,0,33,3,1717,"ffn_shexp-19","blk.19.ffn_down_shexp.weight","ffn_swiglu-19"
340,109,MUL,0,3,0,1727,"ffn_shexp_gated-19","ffn_shexp-19","shared_expert_gate_sigmoid-19"
340,110,ADD,0,1,1,1730,"ffn_out-19","ffn_moe_out-19","ffn_shexp_gated-19"
341,5,MUL_MAT,0,178,176,698,"linear_attn_out-20","blk.20.ssm_out.weight","final_output-20"
341,34,SCALE,0,0,2,941,"ffn_moe_inp-20","node_3433",""
341,70,ADD,0,1,1,1789,"ffn_moe_out-20","node_3469","ffn_moe_weighted-20 (view)"
341,74,MUL_MAT,0,23,23,1914,"ffn_shexp-20","blk.20.ffn_down_shexp.weight","ffn_swiglu-20"
341,77,MUL,0,1,1,1923,"ffn_shexp_gated-20","ffn_shexp-20","shared_expert_gate_sigmoid-20"
341,78,ADD,0,1,1,1925,"ffn_out-20","ffn_moe_out-20","ffn_shexp_gated-20"
342,5,MUL_MAT,0,298,55,707,"linear_attn_out-21","blk.21.ssm_out.weight","final_output-21"
342,34,SCALE,0,0,2,980,"ffn_moe_inp-21","node_3587",""
342,70,ADD,0,1,1,2257,"ffn_moe_out-21","node_3623","ffn_moe_weighted-21 (view)"
342,74,MUL_MAT,0,29,11,2380,"ffn_shexp-21","blk.21.ffn_down_shexp.weight","ffn_swiglu-21"
342,77,MUL,0,2,0,2398,"ffn_shexp_gated-21","ffn_shexp-21","shared_expert_gate_sigmoid-21"
342,78,ADD,0,2,3,2403,"ffn_out-21","ffn_moe_out-21","ffn_shexp_gated-21"
343,5,MUL_MAT,0,280,80,692,"linear_attn_out-22","blk.22.ssm_out.weight","final_output-22"
343,34,SCALE,0,0,2,1018,"ffn_moe_inp-22","node_3741",""
343,70,ADD,0,0,1,1897,"ffn_moe_out-22","node_3777","ffn_moe_weighted-22 (view)"
343,74,MUL_MAT,0,33,20,2049,"ffn_shexp-22","blk.22.ffn_down_shexp.weight","ffn_swiglu-22"
343,77,MUL,0,1,1,2057,"ffn_shexp_gated-22","ffn_shexp-22","shared_expert_gate_sigmoid-22"
343,78,ADD,0,1,1,2059,"ffn_out-22","ffn_moe_out-22","ffn_shexp_gated-22"
344,38,MUL_MAT,0,314,1,531,"attn_output-23","blk.23.attn_output.weight","attn_gated-23"
344,66,SCALE,0,0,2,790,"ffn_moe_inp-23","node_3928",""
344,102,ADD,0,1,1,1594,"ffn_moe_out-23","node_3964","ffn_moe_weighted-23 (view)"
344,106,MUL_MAT,0,34,8,1712,"ffn_shexp-23","blk.23.ffn_down_shexp.weight","ffn_swiglu-23"
344,109,MUL,0,3,1,1723,"ffn_shexp_gated-23","ffn_shexp-23","shared_expert_gate_sigmoid-23"
344,110,ADD,0,1,1,1725,"ffn_out-23","ffn_moe_out-23","ffn_shexp_gated-23"
345,5,MUL_MAT,0,223,116,674,"linear_attn_out-24","blk.24.ssm_out.weight","final_output-24"
345,34,SCALE,0,0,2,934,"ffn_moe_inp-24","node_4082",""
345,70,ADD,0,0,2,1736,"ffn_moe_out-24","node_4118","ffn_moe_weighted-24 (view)"
345,74,MUL_MAT,0,22,15,1856,"ffn_shexp-24","blk.24.ffn_down_shexp.weight","ffn_swiglu-24"
345,77,MUL,0,1,1,1865,"ffn_shexp_gated-24","ffn_shexp-24","shared_expert_gate_sigmoid-24"
345,78,ADD,0,1,0,1866,"ffn_out-24","ffn_moe_out-24","ffn_shexp_gated-24"
346,5,MUL_MAT,0,208,146,731,"linear_attn_out-25","blk.25.ssm_out.weight","final_output-25"
346,34,SCALE,0,0,1,995,"ffn_moe_inp-25","node_4236",""
346,70,ADD,0,1,1,2353,"ffn_moe_out-25","node_4272","ffn_moe_weighted-25 (view)"
346,74,MUL_MAT,0,37,1,2471,"ffn_shexp-25","blk.25.ffn_down_shexp.weight","ffn_swiglu-25"
346,77,MUL,0,3,0,2482,"ffn_shexp_gated-25","ffn_shexp-25","shared_expert_gate_sigmoid-25"
346,78,ADD,0,1,1,2485,"ffn_out-25","ffn_moe_out-25","ffn_shexp_gated-25"
347,5,MUL_MAT,0,322,15,669,"linear_attn_out-26","blk.26.ssm_out.weight","final_output-26"
347,34,SCALE,0,0,2,949,"ffn_moe_inp-26","node_4390",""
347,70,ADD,0,2,0,2792,"ffn_moe_out-26","node_4426","ffn_moe_weighted-26 (view)"
347,74,MUL_MAT,0,39,1,2957,"ffn_shexp-26","blk.26.ffn_down_shexp.weight","ffn_swiglu-26"
347,77,MUL,0,3,1,2971,"ffn_shexp_gated-26","ffn_shexp-26","shared_expert_gate_sigmoid-26"
347,78,ADD,0,2,18,2991,"ffn_out-26","ffn_moe_out-26","ffn_shexp_gated-26"
348,38,MUL_MAT,0,301,14,546,"attn_output-27","blk.27.attn_output.weight","attn_gated-27"
348,66,SCALE,0,0,11,1146,"ffn_moe_inp-27","node_4577",""
348,102,ADD,0,2,0,1957,"ffn_moe_out-27","node_4613","ffn_moe_weighted-27 (view)"
348,106,MUL_MAT,0,35,1,2071,"ffn_shexp-27","blk.27.ffn_down_shexp.weight","ffn_swiglu-27"
348,109,MUL,0,3,16,2097,"ffn_shexp_gated-27","ffn_shexp-27","shared_expert_gate_sigmoid-27"
348,110,ADD,0,1,0,2099,"ffn_out-27","ffn_moe_out-27","ffn_shexp_gated-27"
349,5,MUL_MAT,0,316,19,661,"linear_attn_out-28","blk.28.ssm_out.weight","final_output-28"
349,34,SCALE,0,1,2,941,"ffn_moe_inp-28","node_4731",""
349,70,ADD,0,1,1,2159,"ffn_moe_out-28","node_4767","ffn_moe_weighted-28 (view)"
349,74,MUL_MAT,0,46,1,2296,"ffn_shexp-28","blk.28.ffn_down_shexp.weight","ffn_swiglu-28"
349,77,MUL,0,3,0,2306,"ffn_shexp_gated-28","ffn_shexp-28","shared_expert_gate_sigmoid-28"
349,78,ADD,0,1,0,2308,"ffn_out-28","ffn_moe_out-28","ffn_shexp_gated-28"
350,5,MUL_MAT,0,323,14,662,"linear_attn_out-29","blk.29.ssm_out.weight","final_output-29"
350,34,SCALE,0,0,19,1022,"ffn_moe_inp-29","node_4885",""
350,70,ADD,0,1,0,1981,"ffn_moe_out-29","node_4921","ffn_moe_weighted-29 (view)"
350,74,MUL_MAT,0,28,14,2121,"ffn_shexp-29","blk.29.ffn_down_shexp.weight","ffn_swiglu-29"
350,77,MUL,0,2,1,2130,"ffn_shexp_gated-29","ffn_shexp-29","shared_expert_gate_sigmoid-29"
350,78,ADD,0,1,1,2132,"ffn_out-29","ffn_moe_out-29","ffn_shexp_gated-29"
351,5,MUL_MAT,0,281,63,677,"linear_attn_out-30","blk.30.ssm_out.weight","final_output-30"
351,34,SCALE,0,0,10,948,"ffn_moe_inp-30","node_5039",""
351,70,ADD,0,1,1,2706,"ffn_moe_out-30","node_5075","ffn_moe_weighted-30 (view)"
351,74,MUL_MAT,0,31,9,2828,"ffn_shexp-30","blk.30.ffn_down_shexp.weight","ffn_swiglu-30"
351,77,MUL,0,2,1,2837,"ffn_shexp_gated-30","ffn_shexp-30","shared_expert_gate_sigmoid-30"
351,78,ADD,0,1,1,2839,"ffn_out-30","ffn_moe_out-30","ffn_shexp_gated-30"
352,38,MUL_MAT,0,252,67,544,"attn_output-31","blk.31.attn_output.weight","attn_gated-31"
352,66,SCALE,0,0,2,783,"ffn_moe_inp-31","node_5226",""
352,102,ADD,0,1,1,1570,"ffn_moe_out-31","node_5262","ffn_moe_weighted-31 (view)"
352,106,MUL_MAT,0,18,20,1704,"ffn_shexp-31","blk.31.ffn_down_shexp.weight","ffn_swiglu-31"
352,109,MUL,0,2,7,1719,"ffn_shexp_gated-31","ffn_shexp-31","shared_expert_gate_sigmoid-31"
352,110,ADD,0,1,5,1726,"ffn_out-31","ffn_moe_out-31","ffn_shexp_gated-31"
353,5,MUL_MAT,0,289,77,724,"linear_attn_out-32","blk.32.ssm_out.weight","final_output-32"
353,34,SCALE,0,0,1,1056,"ffn_moe_inp-32","node_5380",""
353,70,ADD,0,1,1,1893,"ffn_moe_out-32","node_5416","ffn_moe_weighted-32 (view)"
353,74,MUL_MAT,0,31,9,2021,"ffn_shexp-32","blk.32.ffn_down_shexp.weight","ffn_swiglu-32"
353,77,MUL,0,2,0,2030,"ffn_shexp_gated-32","ffn_shexp-32","shared_expert_gate_sigmoid-32"
353,78,ADD,0,1,1,2032,"ffn_out-32","ffn_moe_out-32","ffn_shexp_gated-32"
354,5,MUL_MAT,0,273,85,702,"linear_attn_out-33","blk.33.ssm_out.weight","final_output-33"
354,34,SCALE,0,0,2,935,"ffn_moe_inp-33","node_5534",""
354,70,ADD,0,1,0,1794,"ffn_moe_out-33","node_5570","ffn_moe_weighted-33 (view)"
354,74,MUL_MAT,0,32,25,1941,"ffn_shexp-33","blk.33.ffn_down_shexp.weight","ffn_swiglu-33"
354,77,MUL,0,2,0,1955,"ffn_shexp_gated-33","ffn_shexp-33","shared_expert_gate_sigmoid-33"
354,78,ADD,0,1,9,1965,"ffn_out-33","ffn_moe_out-33","ffn_shexp_gated-33"
355,5,MUL_MAT,0,317,14,678,"linear_attn_out-34","blk.34.ssm_out.weight","final_output-34"
355,34,SCALE,0,0,2,965,"ffn_moe_inp-34","node_5688",""
355,70,ADD,0,2,0,1787,"ffn_moe_out-34","node_5724","ffn_moe_weighted-34 (view)"
355,74,MUL_MAT,0,35,2,1919,"ffn_shexp-34","blk.34.ffn_down_shexp.weight","ffn_swiglu-34"
355,77,MUL,0,3,0,1929,"ffn_shexp_gated-34","ffn_shexp-34","shared_expert_gate_sigmoid-34"
355,78,ADD,0,2,1,1932,"ffn_out-34","ffn_moe_out-34","ffn_shexp_gated-34"
356,38,MUL_MAT,0,326,149,730,"attn_output-35","blk.35.attn_output.weight","attn_gated-35"
356,66,SCALE,0,0,1,1014,"ffn_moe_inp-35","node_5875",""
356,102,ADD,0,1,2,1906,"ffn_moe_out-35","node_5911","ffn_moe_weighted-35 (view)"
356,106,MUL_MAT,0,34,12,2043,"ffn_shexp-35","blk.35.ffn_down_shexp.weight","ffn_swiglu-35"
356,109,MUL,0,3,1,2075,"ffn_shexp_gated-35","ffn_shexp-35","shared_expert_gate_sigmoid-35"
356,110,ADD,0,2,1,2078,"ffn_out-35","ffn_moe_out-35","ffn_shexp_gated-35"
357,5,MUL_MAT,0,314,31,675,"linear_attn_out-36","blk.36.ssm_out.weight","final_output-36"
357,34,SCALE,0,0,12,1094,"ffn_moe_inp-36","node_6029",""
357,70,ADD,0,1,7,1978,"ffn_moe_out-36","node_6065","ffn_moe_weighted-36 (view)"
357,74,MUL_MAT,0,31,15,2118,"ffn_shexp-36","blk.36.ffn_down_shexp.weight","ffn_swiglu-36"
357,77,MUL,0,2,0,2127,"ffn_shexp_gated-36","ffn_shexp-36","shared_expert_gate_sigmoid-36"
357,78,ADD,0,1,1,2129,"ffn_out-36","ffn_moe_out-36","ffn_shexp_gated-36"
358,5,MUL_MAT,0,271,80,704,"linear_attn_out-37","blk.37.ssm_out.weight","final_output-37"
358,34,SCALE,0,0,2,982,"ffn_moe_inp-37","node_6183",""
358,70,ADD,0,1,1,1808,"ffn_moe_out-37","node_6219","ffn_moe_weighted-37 (view)"
358,74,MUL_MAT,0,30,9,1931,"ffn_shexp-37","blk.37.ffn_down_shexp.weight","ffn_swiglu-37"
358,77,MUL,0,2,1,1940,"ffn_shexp_gated-37","ffn_shexp-37","shared_expert_gate_sigmoid-37"
358,78,ADD,0,1,1,1942,"ffn_out-37","ffn_moe_out-37","ffn_shexp_gated-37"
359,5,MUL_MAT,0,217,153,724,"linear_attn_out-38","blk.38.ssm_out.weight","final_output-38"
359,34,SCALE,0,0,1,1217,"ffn_moe_inp-38","node_6337",""
359,70,ADD,0,1,1,2049,"ffn_moe_out-38","node_6373","ffn_moe_weighted-38 (view)"
359,74,MUL_MAT,0,31,9,2165,"ffn_shexp-38","blk.38.ffn_down_shexp.weight","ffn_swiglu-38"
359,77,MUL,0,2,1,2173,"ffn_shexp_gated-38","ffn_shexp-38","shared_expert_gate_sigmoid-38"
359,78,ADD,0,1,1,2175,"ffn_out-38","ffn_moe_out-38","ffn_shexp_gated-38"
360,0,GET_ROWS,0,10,0,10,"model.input_embed","token_embd.weight","inp_tokens"
361,5,MUL_MAT,0,279,74,695,"linear_attn_out-0","blk.0.ssm_out.weight","final_output-0"
361,34,SCALE,0,0,2,954,"ffn_moe_inp-0","node_104",""
361,70,ADD,0,1,9,1921,"ffn_moe_out-0","node_140","ffn_moe_weighted-0 (view)"
361,93,MUL_MAT,0,26,12,2856,"ffn_shexp-0","blk.0.ffn_down_shexp.weight","ffn_swiglu-0"
361,96,MUL,0,2,0,2875,"ffn_shexp_gated-0","ffn_shexp-0","shared_expert_gate_sigmoid-0"
361,97,ADD,0,1,0,2877,"ffn_out-0","ffn_moe_out-0","ffn_shexp_gated-0"
362,5,MUL_MAT,0,285,63,694,"linear_attn_out-1","blk.1.ssm_out.weight","final_output-1"
362,34,SCALE,0,1,1,949,"ffn_moe_inp-1","node_342",""
362,70,ADD,0,2,0,1780,"ffn_moe_out-1","node_378","ffn_moe_weighted-1 (view)"
362,74,MUL_MAT,0,32,7,1927,"ffn_shexp-1","blk.1.ffn_down_shexp.weight","ffn_swiglu-1"
362,77,MUL,0,2,0,1945,"ffn_shexp_gated-1","ffn_shexp-1","shared_expert_gate_sigmoid-1"
362,78,ADD,0,1,0,1947,"ffn_out-1","ffn_moe_out-1","ffn_shexp_gated-1"
363,5,MUL_MAT,0,325,50,720,"linear_attn_out-2","blk.2.ssm_out.weight","final_output-2"
363,34,SCALE,0,0,1,1155,"ffn_moe_inp-2","node_496",""
363,70,ADD,0,1,1,2182,"ffn_moe_out-2","node_532","ffn_moe_weighted-2 (view)"
363,74,MUL_MAT,0,30,6,2302,"ffn_shexp-2","blk.2.ffn_down_shexp.weight","ffn_swiglu-2"
363,77,MUL,0,2,0,2310,"ffn_shexp_gated-2","ffn_shexp-2","shared_expert_gate_sigmoid-2"
363,78,ADD,0,1,1,2312,"ffn_out-2","ffn_moe_out-2","ffn_shexp_gated-2"
364,38,MUL_MAT,0,267,87,660,"attn_output-3","blk.3.attn_output.weight","attn_gated-3"
364,66,SCALE,0,0,1,929,"ffn_moe_inp-3","node_683",""
364,102,ADD,0,1,1,1757,"ffn_moe_out-3","node_719","ffn_moe_weighted-3 (view)"
364,106,MUL_MAT,0,34,26,1920,"ffn_shexp-3","blk.3.ffn_down_shexp.weight","ffn_swiglu-3"
364,109,MUL,0,3,1,1931,"ffn_shexp_gated-3","ffn_shexp-3","shared_expert_gate_sigmoid-3"
364,110,ADD,0,2,0,1933,"ffn_out-3","ffn_moe_out-3","ffn_shexp_gated-3"
365,5,MUL_MAT,0,322,1,645,"linear_attn_out-4","blk.4.ssm_out.weight","final_output-4"
365,34,SCALE,0,0,2,925,"ffn_moe_inp-4","node_837",""
365,70,ADD,0,1,0,2061,"ffn_moe_out-4","node_873","ffn_moe_weighted-4 (view)"
365,74,MUL_MAT,0,39,1,2185,"ffn_shexp-4","blk.4.ffn_down_shexp.weight","ffn_swiglu-4"
365,77,MUL,0,3,1,2196,"ffn_shexp_gated-4","ffn_shexp-4","shared_expert_gate_sigmoid-4"
365,78,ADD,0,1,0,2198,"ffn_out-4","ffn_moe_out-4","ffn_shexp_gated-4"
366,5,MUL_MAT,0,320,11,653,"linear_attn_out-5","blk.5.ssm_out.weight","final_output-5"
366,34,SCALE,0,1,2,918,"ffn_moe_inp-5","node_991",""
366,70,ADD,0,1,0,1783,"ffn_moe_out-5","node_1027","ffn_moe_weighted-5 (view)"
366,74,MUL_MAT,0,38,5,1910,"ffn_shexp-5","blk.5.ffn_down_shexp.weight","ffn_swiglu-5"
366,77,MUL,0,3,1,1922,"ffn_shexp_gated-5","ffn_shexp-5","shared_expert_gate_sigmoid-5"
366,78,ADD,0,1,1,1924,"ffn_out-5","ffn_moe_out-5","ffn_shexp_gated-5"
367,5,MUL_MAT,0,342,28,717,"linear_attn_out-6","blk.6.ssm_out.weight","final_output-6"
367,34,SCALE,0,0,1,1019,"ffn_moe_inp-6","node_1145",""
367,70,ADD,0,2,1,1825,"ffn_moe_out-6","node_1181","ffn_moe_weighted-6 (view)"
367,74,MUL_MAT,0,33,8,1951,"ffn_shexp-6","blk.6.ffn_down_shexp.weight","ffn_swiglu-6"
367,77,MUL,0,3,1,1962,"ffn_shexp_gated-6","ffn_shexp-6","shared_expert_gate_sigmoid-6"
367,78,ADD,0,2,9,1973,"ffn_out-6","ffn_moe_out-6","ffn_shexp_gated-6"
368,38,MUL_MAT,0,345,6,706,"attn_output-7","blk.7.attn_output.weight","attn_gated-7"
368,66,SCALE,0,0,1,994,"ffn_moe_inp-7","node_1332",""
368,102,ADD,0,1,1,1833,"ffn_moe_out-7","node_1368","ffn_moe_weighted-7 (view)"
368,106,MUL_MAT,0,35,10,1964,"ffn_shexp-7","blk.7.ffn_down_shexp.weight","ffn_swiglu-7"
368,109,MUL,0,3,0,1975,"ffn_shexp_gated-7","ffn_shexp-7","shared_expert_gate_sigmoid-7"
368,110,ADD,0,2,0,1977,"ffn_out-7","ffn_moe_out-7","ffn_shexp_gated-7"
369,5,MUL_MAT,0,328,6,661,"linear_attn_out-8","blk.8.ssm_out.weight","final_output-8"
369,34,SCALE,0,0,1,936,"ffn_moe_inp-8","node_1486",""
369,70,ADD,0,1,1,1758,"ffn_moe_out-8","node_1522","ffn_moe_weighted-8 (view)"
369,74,MUL_MAT,0,35,26,1905,"ffn_shexp-8","blk.8.ffn_down_shexp.weight","ffn_swiglu-8"
369,77,MUL,0,3,1,1931,"ffn_shexp_gated-8","ffn_shexp-8","shared_expert_gate_sigmoid-8"
369,78,ADD,0,2,0,1933,"ffn_out-8","ffn_moe_out-8","ffn_shexp_gated-8"
370,5,MUL_MAT,0,236,125,737,"linear_attn_out-9","blk.9.ssm_out.weight","final_output-9"
370,34,SCALE,0,0,1,1002,"ffn_moe_inp-9","node_1640",""
370,70,ADD,0,1,1,1846,"ffn_moe_out-9","node_1676","ffn_moe_weighted-9 (view)"
370,74,MUL_MAT,0,33,15,1980,"ffn_shexp-9","blk.9.ffn_down_shexp.weight","ffn_swiglu-9"
370,77,MUL,0,3,0,1989,"ffn_shexp_gated-9","ffn_shexp-9","shared_expert_gate_sigmoid-9"
370,78,ADD,0,1,1,1992,"ffn_out-9","ffn_moe_out-9","ffn_shexp_gated-9"
371,5,MUL_MAT,0,289,82,737,"linear_attn_out-10","blk.10.ssm_out.weight","final_output-10"
371,34,SCALE,0,0,1,1016,"ffn_moe_inp-10","node_1794",""
371,70,ADD,0,2,0,2536,"ffn_moe_out-10","node_1830","ffn_moe_weighted-10 (view)"
371,74,MUL_MAT,0,27,9,2659,"ffn_shexp-10","blk.10.ffn_down_shexp.weight","ffn_swiglu-10"
371,77,MUL,0,2,0,2667,"ffn_shexp_gated-10","ffn_shexp-10","shared_expert_gate_sigmoid-10"
371,78,ADD,0,1,0,2669,"ffn_out-10","ffn_moe_out-10","ffn_shexp_gated-10"
372,38,MUL_MAT,0,229,110,666,"attn_output-11","blk.11.attn_output.weight","attn_gated-11"
372,66,SCALE,0,0,2,942,"ffn_moe_inp-11","node_1981",""
372,102,ADD,0,1,1,2327,"ffn_moe_out-11","node_2017","ffn_moe_weighted-11 (view)"
372,106,MUL_MAT,0,38,6,2465,"ffn_shexp-11","blk.11.ffn_down_shexp.weight","ffn_swiglu-11"
372,109,MUL,0,3,1,2476,"ffn_shexp_gated-11","ffn_shexp-11","shared_expert_gate_sigmoid-11"
372,110,ADD,0,1,1,2478,"ffn_out-11","ffn_moe_out-11","ffn_shexp_gated-11"
373,5,MUL_MAT,0,342,2,681,"linear_attn_out-12","blk.12.ssm_out.weight","final_output-12"
373,34,SCALE,0,0,1,963,"ffn_moe_inp-12","node_2135",""
373,70,ADD,0,2,0,2231,"ffn_moe_out-12","node_2171","ffn_moe_weighted-12 (view)"
373,74,MUL_MAT,0,36,2,2356,"ffn_shexp-12","blk.12.ffn_down_shexp.weight","ffn_swiglu-12"
373,77,MUL,0,4,0,2528,"ffn_shexp_gated-12","ffn_shexp-12","shared_expert_gate_sigmoid-12"
373,78,ADD,0,1,1,2531,"ffn_out-12","ffn_moe_out-12","ffn_shexp_gated-12"
374,5,MUL_MAT,0,335,15,681,"linear_attn_out-13","blk.13.ssm_out.weight","final_output-13"
374,34,SCALE,0,0,1,1093,"ffn_moe_inp-13","node_2289",""
374,70,ADD,0,1,1,1921,"ffn_moe_out-13","node_2325","ffn_moe_weighted-13 (view)"
374,74,MUL_MAT,0,35,6,2048,"ffn_shexp-13","blk.13.ffn_down_shexp.weight","ffn_swiglu-13"
374,77,MUL,0,3,1,2060,"ffn_shexp_gated-13","ffn_shexp-13","shared_expert_gate_sigmoid-13"
374,78,ADD,0,2,0,2062,"ffn_out-13","ffn_moe_out-13","ffn_shexp_gated-13"
375,5,MUL_MAT,0,319,22,691,"linear_attn_out-14","blk.14.ssm_out.weight","final_output-14"
375,34,SCALE,0,0,2,965,"ffn_moe_inp-14","node_2443",""
375,70,ADD,0,2,0,2206,"ffn_moe_out-14","node_2479","ffn_moe_weighted-14 (view)"
375,74,MUL_MAT,0,74,1,2407,"ffn_shexp-14","blk.14.ffn_down_shexp.weight","ffn_swiglu-14"
375,77,MUL,0,4,0,2450,"ffn_shexp_gated-14","ffn_shexp-14","shared_expert_gate_sigmoid-14"
375,78,ADD,0,1,1,2453,"ffn_out-14","ffn_moe_out-14","ffn_shexp_gated-14"
376,38,MUL_MAT,0,330,14,585,"attn_output-15","blk.15.attn_output.weight","attn_gated-15"
376,66,SCALE,0,0,9,953,"ffn_moe_inp-15","node_2630",""
376,102,ADD,0,1,1,1833,"ffn_moe_out-15","node_2666","ffn_moe_weighted-15 (view)"
376,106,MUL_MAT,0,41,1,1971,"ffn_shexp-15","blk.15.ffn_down_shexp.weight","ffn_swiglu-15"
376,109,MUL,0,3,0,1982,"ffn_shexp_gated-15","ffn_shexp-15","shared_expert_gate_sigmoid-15"
376,110,ADD,0,1,0,1984,"ffn_out-15","ffn_moe_out-15","ffn_shexp_gated-15"
377,5,MUL_MAT,0,334,1,657,"linear_attn_out-16","blk.16.ssm_out.weight","final_output-16"
377,34,SCALE,0,0,2,947,"ffn_moe_inp-16","node_2784",""
377,70,ADD,0,2,1,1808,"ffn_moe_out-16","node_2820","ffn_moe_weighted-16 (view)"
377,74,MUL_MAT,0,36,2,1935,"ffn_shexp-16","blk.16.ffn_down_shexp.weight","ffn_swiglu-16"
377,77,MUL,0,4,0,1946,"ffn_shexp_gated-16","ffn_shexp-16","shared_expert_gate_sigmoid-16"
377,78,ADD,0,1,1,1948,"ffn_out-16","ffn_moe_out-16","ffn_shexp_gated-16"
378,5,MUL_MAT,0,349,16,747,"linear_attn_out-17","blk.17.ssm_out.weight","final_output-17"
378,34,SCALE,0,0,2,1047,"ffn_moe_inp-17","node_2938",""
378,70,ADD,0,1,1,1936,"ffn_moe_out-17","node_2974","ffn_moe_weighted-17 (view)"
378,74,MUL_MAT,0,37,6,2081,"ffn_shexp-17","blk.17.ffn_down_shexp.weight","ffn_swiglu-17"
378,77,MUL,0,3,0,2092,"ffn_shexp_gated-17","ffn_shexp-17","shared_expert_gate_sigmoid-17"
378,78,ADD,0,2,1,2095,"ffn_out-17","ffn_moe_out-17","ffn_shexp_gated-17"
379,5,MUL_MAT,0,180,179,714,"linear_attn_out-18","blk.18.ssm_out.weight","final_output-18"
379,34,SCALE,0,0,2,997,"ffn_moe_inp-18","node_3092",""
379,70,ADD,0,2,10,1936,"ffn_moe_out-18","node_3128","ffn_moe_weighted-18 (view)"
379,74,MUL_MAT,0,29,15,2087,"ffn_shexp-18","blk.18.ffn_down_shexp.weight","ffn_swiglu-18"
379,77,MUL,0,3,1,2100,"ffn_shexp_gated-18","ffn_shexp-18","shared_expert_gate_sigmoid-18"
379,78,ADD,0,2,0,2102,"ffn_out-18","ffn_moe_out-18","ffn_shexp_gated-18"
380,38,MUL_MAT,0,252,70,570,"attn_output-19","blk.19.attn_output.weight","attn_gated-19"
380,66,SCALE,0,0,2,816,"ffn_moe_inp-19","node_3279",""
380,102,ADD,0,1,0,2064,"ffn_moe_out-19","node_3315","ffn_moe_weighted-19 (view)"
380,106,MUL_MAT,0,27,12,2181,"ffn_shexp-19","blk.19.ffn_down_shexp.weight","ffn_swiglu-19"
380,109,MUL,0,2,0,2196,"ffn_shexp_gated-19","ffn_shexp-19","shared_expert_gate_sigmoid-19"
380,110,ADD,0,1,0,2198,"ffn_out-19","ffn_moe_out-19","ffn_shexp_gated-19"
381,5,MUL_MAT,0,262,74,729,"linear_attn_out-20","blk.20.ssm_out.weight","final_output-20"
381,34,SCALE,0,0,2,986,"ffn_moe_inp-20","node_3433",""
381,70,ADD,0,1,0,1780,"ffn_moe_out-20","node_3469","ffn_moe_weighted-20 (view)"
381,74,MUL_MAT,0,27,10,1902,"ffn_shexp-20","blk.20.ffn_down_shexp.weight","ffn_swiglu-20"
381,77,MUL,0,2,0,1910,"ffn_shexp_gated-20","ffn_shexp-20","shared_expert_gate_sigmoid-20"
381,78,ADD,0,1,1,1912,"ffn_out-20","ffn_moe_out-20","ffn_shexp_gated-20"
382,5,MUL_MAT,0,290,57,709,"linear_attn_out-21","blk.21.ssm_out.weight","final_output-21"
382,34,SCALE,0,0,2,988,"ffn_moe_inp-21","node_3587",""
382,70,ADD,0,1,8,1833,"ffn_moe_out-21","node_3623","ffn_moe_weighted-21 (view)"
382,74,MUL_MAT,0,31,8,1964,"ffn_shexp-21","blk.21.ffn_down_shexp.weight","ffn_swiglu-21"
382,77,MUL,0,2,1,1986,"ffn_shexp_gated-21","ffn_shexp-21","shared_expert_gate_sigmoid-21"
382,78,ADD,0,1,1,1988,"ffn_out-21","ffn_moe_out-21","ffn_shexp_gated-21"
383,5,MUL_MAT,0,177,162,667,"linear_attn_out-22","blk.22.ssm_out.weight","final_output-22"
383,34,SCALE,0,0,2,941,"ffn_moe_inp-22","node_3741",""
383,70,ADD,0,1,1,1754,"ffn_moe_out-22","node_3777","ffn_moe_weighted-22 (view)"
383,74,MUL_MAT,0,19,22,1877,"ffn_shexp-22","blk.22.ffn_down_shexp.weight","ffn_swiglu-22"
383,77,MUL,0,1,1,1886,"ffn_shexp_gated-22","ffn_shexp-22","shared_expert_gate_sigmoid-22"
383,78,ADD,0,1,1,1888,"ffn_out-22","ffn_moe_out-22","ffn_shexp_gated-22"
384,38,MUL_MAT,0,323,10,635,"attn_output-23","blk.23.attn_output.weight","attn_gated-23"
384,66,SCALE,0,0,13,917,"ffn_moe_inp-23","node_3928",""
384,102,ADD,0,2,0,1716,"ffn_moe_out-23","node_3964","ffn_moe_weighted-23 (view)"
384,106,MUL_MAT,0,33,3,1830,"ffn_shexp-23","blk.23.ffn_down_shexp.weight","ffn_swiglu-23"
384,109,MUL,0,3,1,1840,"ffn_shexp_gated-23","ffn_shexp-23","shared_expert_gate_sigmoid-23"
384,110,ADD,0,2,0,1842,"ffn_out-23","ffn_moe_out-23","ffn_shexp_gated-23"
385,5,MUL_MAT,0,335,2,675,"linear_attn_out-24","blk.24.ssm_out.weight","final_output-24"
385,34,SCALE,0,1,1,951,"ffn_moe_inp-24","node_4082",""
385,70,ADD,0,1,0,1813,"ffn_moe_out-24","node_4118","ffn_moe_weighted-24 (view)"
385,74,MUL_MAT,0,37,6,1957,"ffn_shexp-24","blk.24.ffn_down_shexp.weight","ffn_swiglu-24"
385,77,MUL,0,4,1,1979,"ffn_shexp_gated-24","ffn_shexp-24","shared_expert_gate_sigmoid-24"
385,78,ADD,0,2,4,1985,"ffn_out-24","ffn_moe_out-24","ffn_shexp_gated-24"
386,5,MUL_MAT,0,318,1,629,"linear_attn_out-25","blk.25.ssm_out.weight","final_output-25"
386,34,SCALE,0,0,2,948,"ffn_moe_inp-25","node_4236",""
386,70,ADD,0,1,1,1820,"ffn_moe_out-25","node_4272","ffn_moe_weighted-25 (view)"
386,74,MUL_MAT,0,37,2,1954,"ffn_shexp-25","blk.25.ffn_down_shexp.weight","ffn_swiglu-25"
386,77,MUL,0,3,1,1965,"ffn_shexp_gated-25","ffn_shexp-25","shared_expert_gate_sigmoid-25"
386,78,ADD,0,1,1,1967,"ffn_out-25","ffn_moe_out-25","ffn_shexp_gated-25"
387,5,MUL_MAT,0,271,54,664,"linear_attn_out-26","blk.26.ssm_out.weight","final_output-26"
387,34,SCALE,0,0,2,898,"ffn_moe_inp-26","node_4390",""
387,70,ADD,0,1,1,2308,"ffn_moe_out-26","node_4426","ffn_moe_weighted-26 (view)"
387,74,MUL_MAT,0,20,20,2530,"ffn_shexp-26","blk.26.ffn_down_shexp.weight","ffn_swiglu-26"
387,77,MUL,0,2,0,2547,"ffn_shexp_gated-26","ffn_shexp-26","shared_expert_gate_sigmoid-26"
387,78,ADD,0,0,1,2549,"ffn_out-26","ffn_moe_out-26","ffn_shexp_gated-26"
388,38,MUL_MAT,0,274,55,583,"attn_output-27","blk.27.attn_output.weight","attn_gated-27"
388,66,SCALE,0,0,9,864,"ffn_moe_inp-27","node_4577",""
388,102,ADD,0,1,1,1640,"ffn_moe_out-27","node_4613","ffn_moe_weighted-27 (view)"
388,106,MUL_MAT,0,30,5,1753,"ffn_shexp-27","blk.27.ffn_down_shexp.weight","ffn_swiglu-27"
388,109,MUL,0,2,8,1780,"ffn_shexp_gated-27","ffn_shexp-27","shared_expert_gate_sigmoid-27"
388,110,ADD,0,1,1,1783,"ffn_out-27","ffn_moe_out-27","ffn_shexp_gated-27"
389,5,MUL_MAT,0,274,83,674,"linear_attn_out-28","blk.28.ssm_out.weight","final_output-28"
389,34,SCALE,0,1,1,952,"ffn_moe_inp-28","node_4731",""
389,70,ADD,0,2,0,1813,"ffn_moe_out-28","node_4767","ffn_moe_weighted-28 (view)"
389,74,MUL_MAT,0,32,7,1938,"ffn_shexp-28","blk.28.ffn_down_shexp.weight","ffn_swiglu-28"
389,77,MUL,0,2,0,1951,"ffn_shexp_gated-28","ffn_shexp-28","shared_expert_gate_sigmoid-28"
389,78,ADD,0,2,1,1954,"ffn_out-28","ffn_moe_out-28","ffn_shexp_gated-28"
390,5,MUL_MAT,0,280,52,676,"linear_attn_out-29","blk.29.ssm_out.weight","final_output-29"
390,34,SCALE,0,0,2,933,"ffn_moe_inp-29","node_4885",""
390,70,ADD,0,1,0,1752,"ffn_moe_out-29","node_4921","ffn_moe_weighted-29 (view)"
390,74,MUL_MAT,0,30,10,1991,"ffn_shexp-29","blk.29.ffn_down_shexp.weight","ffn_swiglu-29"
390,77,MUL,0,2,0,2000,"ffn_shexp_gated-29","ffn_shexp-29","shared_expert_gate_sigmoid-29"
390,78,ADD,0,1,0,2002,"ffn_out-29","ffn_moe_out-29","ffn_shexp_gated-29"
391,5,MUL_MAT,0,227,127,716,"linear_attn_out-30","blk.30.ssm_out.weight","final_output-30"
391,34,SCALE,0,0,2,982,"ffn_moe_inp-30","node_5039",""
391,70,ADD,0,2,0,2689,"ffn_moe_out-30","node_5075","ffn_moe_weighted-30 (view)"
391,74,MUL_MAT,0,30,7,2807,"ffn_shexp-30","blk.30.ffn_down_shexp.weight","ffn_swiglu-30"
391,77,MUL,0,2,0,2815,"ffn_shexp_gated-30","ffn_shexp-30","shared_expert_gate_sigmoid-30"
391,78,ADD,0,1,1,2817,"ffn_out-30","ffn_moe_out-30","ffn_shexp_gated-30"
392,38,MUL_MAT,0,272,58,564,"attn_output-31","blk.31.attn_output.weight","attn_gated-31"
392,66,SCALE,0,1,1,845,"ffn_moe_inp-31","node_5226",""
392,102,ADD,0,1,0,1667,"ffn_moe_out-31","node_5262","ffn_moe_weighted-31 (view)"
392,106,MUL_MAT,0,30,7,1789,"ffn_shexp-31","blk.31.ffn_down_shexp.weight","ffn_swiglu-31"
392,109,MUL,0,2,0,1806,"ffn_shexp_gated-31","ffn_shexp-31","shared_expert_gate_sigmoid-31"
392,110,ADD,0,1,10,1817,"ffn_out-31","ffn_moe_out-31","ffn_shexp_gated-31"
393,5,MUL_MAT,0,268,66,653,"linear_attn_out-32","blk.32.ssm_out.weight","final_output-32"
393,34,SCALE,0,0,1,903,"ffn_moe_inp-32","node_5380",""
393,70,ADD,0,1,0,1733,"ffn_moe_out-32","node_5416","ffn_moe_weighted-32 (view)"
393,74,MUL_MAT,0,33,8,2082,"ffn_shexp-32","blk.32.ffn_down_shexp.weight","ffn_swiglu-32"
393,77,MUL,0,2,1,2095,"ffn_shexp_gated-32","ffn_shexp-32","shared_expert_gate_sigmoid-32"
393,78,ADD,0,1,0,2096,"ffn_out-32","ffn_moe_out-32","ffn_shexp_gated-32"
394,5,MUL_MAT,0,267,68,681,"linear_attn_out-33","blk.33.ssm_out.weight","final_output-33"
394,34,SCALE,0,1,1,937,"ffn_moe_inp-33","node_5534",""
394,70,ADD,0,2,0,1741,"ffn_moe_out-33","node_5570","ffn_moe_weighted-33 (view)"
394,74,MUL_MAT,0,30,17,1869,"ffn_shexp-33","blk.33.ffn_down_shexp.weight","ffn_swiglu-33"
394,77,MUL,0,2,0,1878,"ffn_shexp_gated-33","ffn_shexp-33","shared_expert_gate_sigmoid-33"
394,78,ADD,0,1,2,1881,"ffn_out-33","ffn_moe_out-33","ffn_shexp_gated-33"
395,5,MUL_MAT,0,183,176,719,"linear_attn_out-34","blk.34.ssm_out.weight","final_output-34"
395,34,SCALE,0,1,1,976,"ffn_moe_inp-34","node_5688",""
395,70,ADD,0,1,1,1887,"ffn_moe_out-34","node_5724","ffn_moe_weighted-34 (view)"
395,74,MUL_MAT,0,31,10,2012,"ffn_shexp-34","blk.34.ffn_down_shexp.weight","ffn_swiglu-34"
395,77,MUL,0,2,1,2060,"ffn_shexp_gated-34","ffn_shexp-34","shared_expert_gate_sigmoid-34"
395,78,ADD,0,1,3,2064,"ffn_out-34","ffn_moe_out-34","ffn_shexp_gated-34"
396,38,MUL_MAT,0,325,4,565,"attn_output-35","blk.35.attn_output.weight","attn_gated-35"
396,66,SCALE,0,0,1,845,"ffn_moe_inp-35","node_5875",""
396,102,ADD,0,1,7,1665,"ffn_moe_out-35","node_5911","ffn_moe_weighted-35 (view)"
396,106,MUL_MAT,0,34,3,1785,"ffn_shexp-35","blk.35.ffn_down_shexp.weight","ffn_swiglu-35"
396,109,MUL,0,3,1,1797,"ffn_shexp_gated-35","ffn_shexp-35","shared_expert_gate_sigmoid-35"
396,110,ADD,0,2,0,1799,"ffn_out-35","ffn_moe_out-35","ffn_shexp_gated-35"
397,5,MUL_MAT,0,330,5,644,"linear_attn_out-36","blk.36.ssm_out.weight","final_output-36"
397,34,SCALE,0,1,2,913,"ffn_moe_inp-36","node_6029",""
397,70,ADD,0,2,0,1895,"ffn_moe_out-36","node_6065","ffn_moe_weighted-36 (view)"
397,74,MUL_MAT,0,34,9,2030,"ffn_shexp-36","blk.36.ffn_down_shexp.weight","ffn_swiglu-36"
397,77,MUL,0,3,0,2041,"ffn_shexp_gated-36","ffn_shexp-36","shared_expert_gate_sigmoid-36"
397,78,ADD,0,2,0,2043,"ffn_out-36","ffn_moe_out-36","ffn_shexp_gated-36"
398,5,MUL_MAT,0,340,9,684,"linear_attn_out-37","blk.37.ssm_out.weight","final_output-37"
398,34,SCALE,0,0,2,991,"ffn_moe_inp-37","node_6183",""
398,70,ADD,0,1,0,1888,"ffn_moe_out-37","node_6219","ffn_moe_weighted-37 (view)"
398,74,MUL_MAT,0,35,4,2014,"ffn_shexp-37","blk.37.ffn_down_shexp.weight","ffn_swiglu-37"
398,77,MUL,0,3,1,2025,"ffn_shexp_gated-37","ffn_shexp-37","shared_expert_gate_sigmoid-37"
398,78,ADD,0,1,0,2026,"ffn_out-37","ffn_moe_out-37","ffn_shexp_gated-37"
399,5,MUL_MAT,0,337,1,756,"linear_attn_out-38","blk.38.ssm_out.weight","final_output-38"
399,34,SCALE,0,0,11,1046,"ffn_moe_inp-38","node_6337",""
399,70,ADD,0,1,0,1914,"ffn_moe_out-38","node_6373","ffn_moe_weighted-38 (view)"
399,74,MUL_MAT,0,38,9,2045,"ffn_shexp-38","blk.38.ffn_down_shexp.weight","ffn_swiglu-38"
399,77,MUL,0,3,0,2061,"ffn_shexp_gated-38","ffn_shexp-38","shared_expert_gate_sigmoid-38"
399,78,ADD,0,1,1,2063,"ffn_out-38","ffn_moe_out-38","ffn_shexp_gated-38"
400,0,GET_ROWS,0,14,1,16,"model.input_embed","token_embd.weight","inp_tokens"
401,5,MUL_MAT,0,346,10,701,"linear_attn_out-0","blk.0.ssm_out.weight","final_output-0"
401,34,SCALE,0,0,1,1040,"ffn_moe_inp-0","node_104",""
401,70,ADD,0,1,1,1938,"ffn_moe_out-0","node_140","ffn_moe_weighted-0 (view)"
401,93,MUL_MAT,0,37,4,2979,"ffn_shexp-0","blk.0.ffn_down_shexp.weight","ffn_swiglu-0"
401,96,MUL,0,3,1,2992,"ffn_shexp_gated-0","ffn_shexp-0","shared_expert_gate_sigmoid-0"
401,97,ADD,0,2,0,2994,"ffn_out-0","ffn_moe_out-0","ffn_shexp_gated-0"
402,5,MUL_MAT,0,160,193,681,"linear_attn_out-1","blk.1.ssm_out.weight","final_output-1"
402,34,SCALE,0,1,1,935,"ffn_moe_inp-1","node_342",""
402,70,ADD,0,1,0,1834,"ffn_moe_out-1","node_378","ffn_moe_weighted-1 (view)"
402,74,MUL_MAT,0,34,15,1976,"ffn_shexp-1","blk.1.ffn_down_shexp.weight","ffn_swiglu-1"
402,77,MUL,0,2,0,1985,"ffn_shexp_gated-1","ffn_shexp-1","shared_expert_gate_sigmoid-1"
402,78,ADD,0,1,0,1987,"ffn_out-1","ffn_moe_out-1","ffn_shexp_gated-1"
403,5,MUL_MAT,0,327,19,685,"linear_attn_out-2","blk.2.ssm_out.weight","final_output-2"
403,34,SCALE,0,0,2,950,"ffn_moe_inp-2","node_496",""
403,70,ADD,0,1,1,2125,"ffn_moe_out-2","node_532","ffn_moe_weighted-2 (view)"
403,74,MUL_MAT,0,40,13,2266,"ffn_shexp-2","blk.2.ffn_down_shexp.weight","ffn_swiglu-2"
403,77,MUL,0,3,0,2276,"ffn_shexp_gated-2","ffn_shexp-2","shared_expert_gate_sigmoid-2"
403,78,ADD,0,2,0,2278,"ffn_out-2","ffn_moe_out-2","ffn_shexp_gated-2"
404,38,MUL_MAT,0,338,1,572,"attn_output-3","blk.3.attn_output.weight","attn_gated-3"
404,66,SCALE,0,1,11,908,"ffn_moe_inp-3","node_683",""
404,102,ADD,0,1,4,1776,"ffn_moe_out-3","node_719","ffn_moe_weighted-3 (view)"
404,106,MUL_MAT,0,35,10,1904,"ffn_shexp-3","blk.3.ffn_down_shexp.weight","ffn_swiglu-3"
404,109,MUL,0,3,0,1913,"ffn_shexp_gated-3","ffn_shexp-3","shared_expert_gate_sigmoid-3"
404,110,ADD,0,1,0,1915,"ffn_out-3","ffn_moe_out-3","ffn_shexp_gated-3"
405,5,MUL_MAT,0,349,1,676,"linear_attn_out-4","blk.4.ssm_out.weight","final_output-4"
405,34,SCALE,0,0,2,960,"ffn_moe_inp-4","node_837",""
405,70,ADD,0,2,0,1954,"ffn_moe_out-4","node_873","ffn_moe_weighted-4 (view)"
405,74,MUL_MAT,0,37,1,2076,"ffn_shexp-4","blk.4.ffn_down_shexp.weight","ffn_swiglu-4"
405,77,MUL,0,3,8,2105,"ffn_shexp_gated-4","ffn_shexp-4","shared_expert_gate_sigmoid-4"
405,78,ADD,0,2,0,2107,"ffn_out-4","ffn_moe_out-4","ffn_shexp_gated-4"
406,5,MUL_MAT,0,325,6,653,"linear_attn_out-5","blk.5.ssm_out.weight","final_output-5"
406,34,SCALE,0,0,2,913,"ffn_moe_inp-5","node_991",""
406,70,ADD,0,1,1,1687,"ffn_moe_out-5","node_1027","ffn_moe_weighted-5 (view)"
406,74,MUL_MAT,0,44,5,1824,"ffn_shexp-5","blk.5.ffn_down_shexp.weight","ffn_swiglu-5"
406,77,MUL,0,3,1,1834,"ffn_shexp_gated-5","ffn_shexp-5","shared_expert_gate_sigmoid-5"
406,78,ADD,0,1,1,1836,"ffn_out-5","ffn_moe_out-5","ffn_shexp_gated-5"
407,5,MUL_MAT,0,279,81,711,"linear_attn_out-6","blk.6.ssm_out.weight","final_output-6"
407,34,SCALE,0,0,1,953,"ffn_moe_inp-6","node_1145",""
407,70,ADD,0,1,0,1756,"ffn_moe_out-6","node_1181","ffn_moe_weighted-6 (view)"
407,74,MUL_MAT,0,32,8,1892,"ffn_shexp-6","blk.6.ffn_down_shexp.weight","ffn_swiglu-6"
407,77,MUL,0,2,1,1901,"ffn_shexp_gated-6","ffn_shexp-6","shared_expert_gate_sigmoid-6"
407,78,ADD,0,1,1,1903,"ffn_out-6","ffn_moe_out-6","ffn_shexp_gated-6"
408,38,MUL_MAT,0,288,58,589,"attn_output-7","blk.7.attn_output.weight","attn_gated-7"
408,66,SCALE,0,0,2,831,"ffn_moe_inp-7","node_1332",""
408,102,ADD,0,2,0,1674,"ffn_moe_out-7","node_1368","ffn_moe_weighted-7 (view)"
408,106,MUL_MAT,0,31,18,1862,"ffn_shexp-7","blk.7.ffn_down_shexp.weight","ffn_swiglu-7"
408,109,MUL,0,1,1,1882,"ffn_shexp_gated-7","ffn_shexp-7","shared_expert_gate_sigmoid-7"
408,110,ADD,0,1,1,1884,"ffn_out-7","ffn_moe_out-7","ffn_shexp_gated-7"
409,5,MUL_MAT,0,271,80,682,"linear_attn_out-8","blk.8.ssm_out.weight","final_output-8"
409,34,SCALE,0,0,2,925,"ffn_moe_inp-8","node_1486",""
409,70,ADD,0,1,1,1702,"ffn_moe_out-8","node_1522","ffn_moe_weighted-8 (view)"
409,74,MUL_MAT,0,30,7,1818,"ffn_shexp-8","blk.8.ffn_down_shexp.weight","ffn_swiglu-8"
409,77,MUL,0,2,0,1827,"ffn_shexp_gated-8","ffn_shexp-8","shared_expert_gate_sigmoid-8"
409,78,ADD,0,1,1,1829,"ffn_out-8","ffn_moe_out-8","ffn_shexp_gated-8"
410,5,MUL_MAT,0,280,60,721,"linear_attn_out-9","blk.9.ssm_out.weight","final_output-9"
410,34,SCALE,0,1,1,1009,"ffn_moe_inp-9","node_1640",""
410,70,ADD,0,1,5,1822,"ffn_moe_out-9","node_1676","ffn_moe_weighted-9 (view)"
410,74,MUL_MAT,0,30,6,1946,"ffn_shexp-9","blk.9.ffn_down_shexp.weight","ffn_swiglu-9"
410,77,MUL,0,1,1,1955,"ffn_shexp_gated-9","ffn_shexp-9","shared_expert_gate_sigmoid-9"
410,78,ADD,0,1,0,1956,"ffn_out-9","ffn_moe_out-9","ffn_shexp_gated-9"
411,5,MUL_MAT,0,340,37,763,"linear_attn_out-10","blk.10.ssm_out.weight","final_output-10"
411,34,SCALE,0,0,2,1070,"ffn_moe_inp-10","node_1794",""
411,70,ADD,0,1,1,1938,"ffn_moe_out-10","node_1830","ffn_moe_weighted-10 (view)"
411,74,MUL_MAT,0,20,26,2089,"ffn_shexp-10","blk.10.ffn_down_shexp.weight","ffn_swiglu-10"
411,77,MUL,0,2,0,2098,"ffn_shexp_gated-10","ffn_shexp-10","shared_expert_gate_sigmoid-10"
411,78,ADD,0,2,0,2100,"ffn_out-10","ffn_moe_out-10","ffn_shexp_gated-10"
412,38,MUL_MAT,0,165,156,565,"attn_output-11","blk.11.attn_output.weight","attn_gated-11"
412,66,SCALE,0,0,2,804,"ffn_moe_inp-11","node_1981",""
412,102,ADD,0,0,1,1566,"ffn_moe_out-11","node_2017","ffn_moe_weighted-11 (view)"
412,106,MUL_MAT,0,19,24,1682,"ffn_shexp-11","blk.11.ffn_down_shexp.weight","ffn_swiglu-11"
412,109,MUL,0,2,0,1690,"ffn_shexp_gated-11","ffn_shexp-11","shared_expert_gate_sigmoid-11"
412,110,ADD,0,0,2,1693,"ffn_out-11","ffn_moe_out-11","ffn_shexp_gated-11"
413,5,MUL_MAT,0,231,152,740,"linear_attn_out-12","blk.12.ssm_out.weight","final_output-12"
413,34,SCALE,0,1,1,1062,"ffn_moe_inp-12","node_2135",""
413,70,ADD,0,1,1,1883,"ffn_moe_out-12","node_2171","ffn_moe_weighted-12 (view)"
413,74,MUL_MAT,0,19,22,2004,"ffn_shexp-12","blk.12.ffn_down_shexp.weight","ffn_swiglu-12"
413,77,MUL,0,2,0,2013,"ffn_shexp_gated-12","ffn_shexp-12","shared_expert_gate_sigmoid-12"
413,78,ADD,0,0,2,2016,"ffn_out-12","ffn_moe_out-12","ffn_shexp_gated-12"
414,5,MUL_MAT,0,312,60,728,"linear_attn_out-13","blk.13.ssm_out.weight","final_output-13"
414,34,SCALE,0,0,1,967,"ffn_moe_inp-13","node_2289",""
414,70,ADD,0,1,1,1843,"ffn_moe_out-13","node_2325","ffn_moe_weighted-13 (view)"
414,74,MUL_MAT,0,48,5,1988,"ffn_shexp-13","blk.13.ffn_down_shexp.weight","ffn_swiglu-13"
414,77,MUL,0,2,0,1996,"ffn_shexp_gated-13","ffn_shexp-13","shared_expert_gate_sigmoid-13"
414,78,ADD,0,1,0,1997,"ffn_out-13","ffn_moe_out-13","ffn_shexp_gated-13"
415,5,MUL_MAT,0,201,138,653,"linear_attn_out-14","blk.14.ssm_out.weight","final_output-14"
415,34,SCALE,0,1,1,1048,"ffn_moe_inp-14","node_2443",""
415,70,ADD,0,1,1,1912,"ffn_moe_out-14","node_2479","ffn_moe_weighted-14 (view)"
415,74,MUL_MAT,0,21,16,2030,"ffn_shexp-14","blk.14.ffn_down_shexp.weight","ffn_swiglu-14"
415,77,MUL,0,2,0,2037,"ffn_shexp_gated-14","ffn_shexp-14","shared_expert_gate_sigmoid-14"
415,78,ADD,0,1,0,2038,"ffn_out-14","ffn_moe_out-14","ffn_shexp_gated-14"
416,38,MUL_MAT,0,346,106,680,"attn_output-15","blk.15.attn_output.weight","attn_gated-15"
416,66,SCALE,0,0,2,1006,"ffn_moe_inp-15","node_2630",""
416,102,ADD,0,1,0,1815,"ffn_moe_out-15","node_2666","ffn_moe_weighted-15 (view)"
416,106,MUL_MAT,0,34,6,1947,"ffn_shexp-15","blk.15.ffn_down_shexp.weight","ffn_swiglu-15"
416,109,MUL,0,3,0,1967,"ffn_shexp_gated-15","ffn_shexp-15","shared_expert_gate_sigmoid-15"
416,110,ADD,0,1,0,1969,"ffn_out-15","ffn_moe_out-15","ffn_shexp_gated-15"
417,5,MUL_MAT,0,330,6,644,"linear_attn_out-16","blk.16.ssm_out.weight","final_output-16"
417,34,SCALE,0,1,1,923,"ffn_moe_inp-16","node_2784",""
417,70,ADD,0,2,0,1817,"ffn_moe_out-16","node_2820","ffn_moe_weighted-16 (view)"
417,74,MUL_MAT,0,39,1,1950,"ffn_shexp-16","blk.16.ffn_down_shexp.weight","ffn_swiglu-16"
417,77,MUL,0,3,1,1961,"ffn_shexp_gated-16","ffn_shexp-16","shared_expert_gate_sigmoid-16"
417,78,ADD,0,1,1,1963,"ffn_out-16","ffn_moe_out-16","ffn_shexp_gated-16"
418,5,MUL_MAT,0,291,26,625,"linear_attn_out-17","blk.17.ssm_out.weight","final_output-17"
418,34,SCALE,0,0,1,894,"ffn_moe_inp-17","node_2938",""
418,70,ADD,0,1,1,1682,"ffn_moe_out-17","node_2974","ffn_moe_weighted-17 (view)"
418,74,MUL_MAT,0,35,2,1799,"ffn_shexp-17","blk.17.ffn_down_shexp.weight","ffn_swiglu-17"
418,77,MUL,0,3,1,1810,"ffn_shexp_gated-17","ffn_shexp-17","shared_expert_gate_sigmoid-17"
418,78,ADD,0,2,0,1812,"ffn_out-17","ffn_moe_out-17","ffn_shexp_gated-17"
419,5,MUL_MAT,0,328,55,720,"linear_attn_out-18","blk.18.ssm_out.weight","final_output-18"
419,34,SCALE,0,0,2,975,"ffn_moe_inp-18","node_3092",""
419,70,ADD,0,2,0,1787,"ffn_moe_out-18","node_3128","ffn_moe_weighted-18 (view)"
419,74,MUL_MAT,0,21,17,1917,"ffn_shexp-18","blk.18.ffn_down_shexp.weight","ffn_swiglu-18"
419,77,MUL,0,2,0,1935,"ffn_shexp_gated-18","ffn_shexp-18","shared_expert_gate_sigmoid-18"
419,78,ADD,0,1,2,1938,"ffn_out-18","ffn_moe_out-18","ffn_shexp_gated-18"
420,38,MUL_MAT,0,286,64,779,"attn_output-19","blk.19.attn_output.weight","attn_gated-19"
420,66,SCALE,0,0,2,1038,"ffn_moe_inp-19","node_3279",""
420,102,ADD,0,1,1,1941,"ffn_moe_out-19","node_3315","ffn_moe_weighted-19 (view)"
420,106,MUL_MAT,0,29,11,2158,"ffn_shexp-19","blk.19.ffn_down_shexp.weight","ffn_swiglu-19"
420,109,MUL,0,2,1,2176,"ffn_shexp_gated-19","ffn_shexp-19","shared_expert_gate_sigmoid-19"
420,110,ADD,0,1,1,2178,"ffn_out-19","ffn_moe_out-19","ffn_shexp_gated-19"
421,5,MUL_MAT,0,277,64,658,"linear_attn_out-20","blk.20.ssm_out.weight","final_output-20"
421,34,SCALE,0,0,2,922,"ffn_moe_inp-20","node_3433",""
421,70,ADD,0,2,0,1714,"ffn_moe_out-20","node_3469","ffn_moe_weighted-20 (view)"
421,74,MUL_MAT,0,30,10,1837,"ffn_shexp-20","blk.20.ffn_down_shexp.weight","ffn_swiglu-20"
421,77,MUL,0,2,1,1846,"ffn_shexp_gated-20","ffn_shexp-20","shared_expert_gate_sigmoid-20"
421,78,ADD,0,1,1,1848,"ffn_out-20","ffn_moe_out-20","ffn_shexp_gated-20"
422,5,MUL_MAT,0,288,95,737,"linear_attn_out-21","blk.21.ssm_out.weight","final_output-21"
422,34,SCALE,0,0,1,1039,"ffn_moe_inp-21","node_3587",""
422,70,ADD,0,1,1,1901,"ffn_moe_out-21","node_3623","ffn_moe_weighted-21 (view)"
422,74,MUL_MAT,0,31,5,2016,"ffn_shexp-21","blk.21.ffn_down_shexp.weight","ffn_swiglu-21"
422,77,MUL,0,2,0,2024,"ffn_shexp_gated-21","ffn_shexp-21","shared_expert_gate_sigmoid-21"
422,78,ADD,0,1,1,2026,"ffn_out-21","ffn_moe_out-21","ffn_shexp_gated-21"
423,5,MUL_MAT,0,264,73,655,"linear_attn_out-22","blk.22.ssm_out.weight","final_output-22"
423,34,SCALE,0,1,2,918,"ffn_moe_inp-22","node_3741",""
423,70,ADD,0,1,1,1780,"ffn_moe_out-22","node_3777","ffn_moe_weighted-22 (view)"
423,74,MUL_MAT,0,30,9,1901,"ffn_shexp-22","blk.22.ffn_down_shexp.weight","ffn_swiglu-22"
423,77,MUL,0,1,1,1909,"ffn_shexp_gated-22","ffn_shexp-22","shared_expert_gate_sigmoid-22"
423,78,ADD,0,1,1,1911,"ffn_out-22","ffn_moe_out-22","ffn_shexp_gated-22"
424,38,MUL_MAT,0,270,50,581,"attn_output-23","blk.23.attn_output.weight","attn_gated-23"
424,66,SCALE,0,0,2,984,"ffn_moe_inp-23","node_3928",""
424,102,ADD,0,1,1,1727,"ffn_moe_out-23","node_3964","ffn_moe_weighted-23 (view)"
424,106,MUL_MAT,0,28,11,1849,"ffn_shexp-23","blk.23.ffn_down_shexp.weight","ffn_swiglu-23"
424,109,MUL,0,2,0,1857,"ffn_shexp_gated-23","ffn_shexp-23","shared_expert_gate_sigmoid-23"
424,110,ADD,0,2,0,1859,"ffn_out-23","ffn_moe_out-23","ffn_shexp_gated-23"
425,5,MUL_MAT,0,295,59,712,"linear_attn_out-24","blk.24.ssm_out.weight","final_output-24"
425,34,SCALE,0,0,1,967,"ffn_moe_inp-24","node_4082",""
425,70,ADD,0,1,1,1829,"ffn_moe_out-24","node_4118","ffn_moe_weighted-24 (view)"
425,74,MUL_MAT,0,33,8,1952,"ffn_shexp-24","blk.24.ffn_down_shexp.weight","ffn_swiglu-24"
425,77,MUL,0,2,0,1959,"ffn_shexp_gated-24","ffn_shexp-24","shared_expert_gate_sigmoid-24"
425,78,ADD,0,1,0,1961,"ffn_out-24","ffn_moe_out-24","ffn_shexp_gated-24"
426,5,MUL_MAT,0,268,71,677,"linear_attn_out-25","blk.25.ssm_out.weight","final_output-25"
426,34,SCALE,0,0,2,922,"ffn_moe_inp-25","node_4236",""
426,70,ADD,0,2,0,1816,"ffn_moe_out-25","node_4272","ffn_moe_weighted-25 (view)"
426,74,MUL_MAT,0,32,8,1941,"ffn_shexp-25","blk.25.ffn_down_shexp.weight","ffn_swiglu-25"
426,77,MUL,0,2,0,1949,"ffn_shexp_gated-25","ffn_shexp-25","shared_expert_gate_sigmoid-25"
426,78,ADD,0,2,0,1951,"ffn_out-25","ffn_moe_out-25","ffn_shexp_gated-25"
427,5,MUL_MAT,0,241,109,710,"linear_attn_out-26","blk.26.ssm_out.weight","final_output-26"
427,34,SCALE,0,0,2,968,"ffn_moe_inp-26","node_4390",""
427,70,ADD,0,1,1,1806,"ffn_moe_out-26","node_4426","ffn_moe_weighted-26 (view)"
427,74,MUL_MAT,0,20,19,1930,"ffn_shexp-26","blk.26.ffn_down_shexp.weight","ffn_swiglu-26"
427,77,MUL,0,2,0,1939,"ffn_shexp_gated-26","ffn_shexp-26","shared_expert_gate_sigmoid-26"
427,78,ADD,0,1,0,1940,"ffn_out-26","ffn_moe_out-26","ffn_shexp_gated-26"
428,38,MUL_MAT,0,223,121,606,"attn_output-27","blk.27.attn_output.weight","attn_gated-27"
428,66,SCALE,0,0,2,977,"ffn_moe_inp-27","node_4577",""
428,102,ADD,0,1,1,1883,"ffn_moe_out-27","node_4613","ffn_moe_weighted-27 (view)"
428,106,MUL_MAT,0,28,8,2025,"ffn_shexp-27","blk.27.ffn_down_shexp.weight","ffn_swiglu-27"
428,109,MUL,0,1,14,2047,"ffn_shexp_gated-27","ffn_shexp-27","shared_expert_gate_sigmoid-27"
428,110,ADD,0,1,1,2049,"ffn_out-27","ffn_moe_out-27","ffn_shexp_gated-27"
429,5,MUL_MAT,0,272,69,659,"linear_attn_out-28","blk.28.ssm_out.weight","final_output-28"
429,34,SCALE,0,0,2,919,"ffn_moe_inp-28","node_4731",""
429,70,ADD,0,1,1,1799,"ffn_moe_out-28","node_4767","ffn_moe_weighted-28 (view)"
429,74,MUL_MAT,0,29,13,1929,"ffn_shexp-28","blk.28.ffn_down_shexp.weight","ffn_swiglu-28"
429,77,MUL,0,2,1,1938,"ffn_shexp_gated-28","ffn_shexp-28","shared_expert_gate_sigmoid-28"
429,78,ADD,0,1,1,1940,"ffn_out-28","ffn_moe_out-28","ffn_shexp_gated-28"
430,5,MUL_MAT,0,283,99,757,"linear_attn_out-29","blk.29.ssm_out.weight","final_output-29"
430,34,SCALE,0,0,2,1056,"ffn_moe_inp-29","node_4885",""
430,70,ADD,0,1,1,1896,"ffn_moe_out-29","node_4921","ffn_moe_weighted-29 (view)"
430,74,MUL_MAT,0,24,16,2026,"ffn_shexp-29","blk.29.ffn_down_shexp.weight","ffn_swiglu-29"
430,77,MUL,0,1,4,2040,"ffn_shexp_gated-29","ffn_shexp-29","shared_expert_gate_sigmoid-29"
430,78,ADD,0,1,2,2043,"ffn_out-29","ffn_moe_out-29","ffn_shexp_gated-29"
431,5,MUL_MAT,0,166,188,703,"linear_attn_out-30","blk.30.ssm_out.weight","final_output-30"
431,34,SCALE,0,0,2,973,"ffn_moe_inp-30","node_5039",""
431,70,ADD,0,1,1,1976,"ffn_moe_out-30","node_5075","ffn_moe_weighted-30 (view)"
431,74,MUL_MAT,0,23,22,2100,"ffn_shexp-30","blk.30.ffn_down_shexp.weight","ffn_swiglu-30"
431,77,MUL,0,2,0,2109,"ffn_shexp_gated-30","ffn_shexp-30","shared_expert_gate_sigmoid-30"
431,78,ADD,0,2,0,2111,"ffn_out-30","ffn_moe_out-30","ffn_shexp_gated-30"
432,38,MUL_MAT,0,239,74,533,"attn_output-31","blk.31.attn_output.weight","attn_gated-31"
432,66,SCALE,0,0,7,796,"ffn_moe_inp-31","node_5226",""
432,102,ADD,0,1,1,1664,"ffn_moe_out-31","node_5262","ffn_moe_weighted-31 (view)"
432,106,MUL_MAT,0,19,28,1806,"ffn_shexp-31","blk.31.ffn_down_shexp.weight","ffn_swiglu-31"
432,109,MUL,0,1,1,1827,"ffn_shexp_gated-31","ffn_shexp-31","shared_expert_gate_sigmoid-31"
432,110,ADD,0,1,1,1829,"ffn_out-31","ffn_moe_out-31","ffn_shexp_gated-31"
433,5,MUL_MAT,0,296,81,733,"linear_attn_out-32","blk.32.ssm_out.weight","final_output-32"
433,34,SCALE,0,0,2,1041,"ffn_moe_inp-32","node_5380",""
433,70,ADD,0,1,1,1866,"ffn_moe_out-32","node_5416","ffn_moe_weighted-32 (view)"
433,74,MUL_MAT,0,27,11,1989,"ffn_shexp-32","blk.32.ffn_down_shexp.weight","ffn_swiglu-32"
433,77,MUL,0,2,0,1997,"ffn_shexp_gated-32","ffn_shexp-32","shared_expert_gate_sigmoid-32"
433,78,ADD,0,1,0,1999,"ffn_out-32","ffn_moe_out-32","ffn_shexp_gated-32"
434,5,MUL_MAT,0,220,127,675,"linear_attn_out-33","blk.33.ssm_out.weight","final_output-33"
434,34,SCALE,0,1,1,951,"ffn_moe_inp-33","node_5534",""
434,70,ADD,0,1,6,1833,"ffn_moe_out-33","node_5570","ffn_moe_weighted-33 (view)"
434,74,MUL_MAT,0,24,30,1965,"ffn_shexp-33","blk.33.ffn_down_shexp.weight","ffn_swiglu-33"
434,77,MUL,0,2,0,1992,"ffn_shexp_gated-33","ffn_shexp-33","shared_expert_gate_sigmoid-33"
434,78,ADD,0,1,1,1994,"ffn_out-33","ffn_moe_out-33","ffn_shexp_gated-33"
435,5,MUL_MAT,0,205,134,676,"linear_attn_out-34","blk.34.ssm_out.weight","final_output-34"
435,34,SCALE,0,0,2,906,"ffn_moe_inp-34","node_5688",""
435,70,ADD,0,1,1,1709,"ffn_moe_out-34","node_5724","ffn_moe_weighted-34 (view)"
435,74,MUL_MAT,0,20,28,1838,"ffn_shexp-34","blk.34.ffn_down_shexp.weight","ffn_swiglu-34"
435,77,MUL,0,2,0,1847,"ffn_shexp_gated-34","ffn_shexp-34","shared_expert_gate_sigmoid-34"
435,78,ADD,0,1,8,1856,"ffn_out-34","ffn_moe_out-34","ffn_shexp_gated-34"
436,38,MUL_MAT,0,279,54,557,"attn_output-35","blk.35.attn_output.weight","attn_gated-35"
436,66,SCALE,0,0,2,866,"ffn_moe_inp-35","node_5875",""
436,102,ADD,0,1,1,1724,"ffn_moe_out-35","node_5911","ffn_moe_weighted-35 (view)"
436,106,MUL_MAT,0,30,5,1851,"ffn_shexp-35","blk.35.ffn_down_shexp.weight","ffn_swiglu-35"
436,109,MUL,0,2,0,1859,"ffn_shexp_gated-35","ffn_shexp-35","shared_expert_gate_sigmoid-35"
436,110,ADD,0,1,0,1861,"ffn_out-35","ffn_moe_out-35","ffn_shexp_gated-35"
437,5,MUL_MAT,0,336,13,698,"linear_attn_out-36","blk.36.ssm_out.weight","final_output-36"
437,34,SCALE,0,1,1,1013,"ffn_moe_inp-36","node_6029",""
437,70,ADD,0,1,1,1970,"ffn_moe_out-36","node_6065","ffn_moe_weighted-36 (view)"
437,74,MUL_MAT,0,35,6,2092,"ffn_shexp-36","blk.36.ffn_down_shexp.weight","ffn_swiglu-36"
437,77,MUL,0,3,0,2103,"ffn_shexp_gated-36","ffn_shexp-36","shared_expert_gate_sigmoid-36"
437,78,ADD,0,1,1,2106,"ffn_out-36","ffn_moe_out-36","ffn_shexp_gated-36"
438,5,MUL_MAT,0,308,12,649,"linear_attn_out-37","blk.37.ssm_out.weight","final_output-37"
438,34,SCALE,0,1,9,910,"ffn_moe_inp-37","node_6183",""
438,70,ADD,0,1,4,1699,"ffn_moe_out-37","node_6219","ffn_moe_weighted-37 (view)"
438,74,MUL_MAT,0,35,2,1824,"ffn_shexp-37","blk.37.ffn_down_shexp.weight","ffn_swiglu-37"
438,77,MUL,0,3,1,1833,"ffn_shexp_gated-37","ffn_shexp-37","shared_expert_gate_sigmoid-37"
438,78,ADD,0,1,1,1835,"ffn_out-37","ffn_moe_out-37","ffn_shexp_gated-37"
439,5,MUL_MAT,0,337,14,689,"linear_attn_out-38","blk.38.ssm_out.weight","final_output-38"
439,34,SCALE,0,0,1,1019,"ffn_moe_inp-38","node_6337",""
439,70,ADD,0,2,0,1857,"ffn_moe_out-38","node_6373","ffn_moe_weighted-38 (view)"
439,74,MUL_MAT,0,35,9,1982,"ffn_shexp-38","blk.38.ffn_down_shexp.weight","ffn_swiglu-38"
439,77,MUL,0,3,0,1992,"ffn_shexp_gated-38","ffn_shexp-38","shared_expert_gate_sigmoid-38"
439,78,ADD,0,1,0,1994,"ffn_out-38","ffn_moe_out-38","ffn_shexp_gated-38"
440,0,GET_ROWS,0,3,1,4,"model.input_embed","token_embd.weight","inp_tokens"
441,5,MUL_MAT,0,379,13,747,"linear_attn_out-0","blk.0.ssm_out.weight","final_output-0"
441,34,SCALE,0,0,1,1067,"ffn_moe_inp-0","node_104",""
441,70,ADD,0,1,1,1950,"ffn_moe_out-0","node_140","ffn_moe_weighted-0 (view)"
441,93,MUL_MAT,0,35,2,2926,"ffn_shexp-0","blk.0.ffn_down_shexp.weight","ffn_swiglu-0"
441,96,MUL,0,3,0,2935,"ffn_shexp_gated-0","ffn_shexp-0","shared_expert_gate_sigmoid-0"
441,97,ADD,0,1,1,2938,"ffn_out-0","ffn_moe_out-0","ffn_shexp_gated-0"
442,5,MUL_MAT,0,355,5,704,"linear_attn_out-1","blk.1.ssm_out.weight","final_output-1"
442,34,SCALE,0,0,1,1004,"ffn_moe_inp-1","node_342",""
442,70,ADD,0,1,1,1892,"ffn_moe_out-1","node_378","ffn_moe_weighted-1 (view)"
442,74,MUL_MAT,0,39,14,2059,"ffn_shexp-1","blk.1.ffn_down_shexp.weight","ffn_swiglu-1"
442,77,MUL,0,4,0,2104,"ffn_shexp_gated-1","ffn_shexp-1","shared_expert_gate_sigmoid-1"
442,78,ADD,0,2,25,2131,"ffn_out-1","ffn_moe_out-1","ffn_shexp_gated-1"
443,5,MUL_MAT,0,320,9,662,"linear_attn_out-2","blk.2.ssm_out.weight","final_output-2"
443,34,SCALE,0,0,2,943,"ffn_moe_inp-2","node_496",""
443,70,ADD,0,2,0,2041,"ffn_moe_out-2","node_532","ffn_moe_weighted-2 (view)"
443,74,MUL_MAT,0,36,4,2466,"ffn_shexp-2","blk.2.ffn_down_shexp.weight","ffn_swiglu-2"
443,77,MUL,0,4,0,2476,"ffn_shexp_gated-2","ffn_shexp-2","shared_expert_gate_sigmoid-2"
443,78,ADD,0,2,6,2484,"ffn_out-2","ffn_moe_out-2","ffn_shexp_gated-2"
444,38,MUL_MAT,0,314,0,573,"attn_output-3","blk.3.attn_output.weight","attn_gated-3"
444,66,SCALE,0,1,1,847,"ffn_moe_inp-3","node_683",""
444,102,ADD,0,1,0,2213,"ffn_moe_out-3","node_719","ffn_moe_weighted-3 (view)"
444,106,MUL_MAT,0,20,16,2322,"ffn_shexp-3","blk.3.ffn_down_shexp.weight","ffn_swiglu-3"
444,109,MUL,0,2,0,2330,"ffn_shexp_gated-3","ffn_shexp-3","shared_expert_gate_sigmoid-3"
444,110,ADD,0,1,1,2332,"ffn_out-3","ffn_moe_out-3","ffn_shexp_gated-3"
445,5,MUL_MAT,0,279,78,706,"linear_attn_out-4","blk.4.ssm_out.weight","final_output-4"
445,34,SCALE,0,0,2,1061,"ffn_moe_inp-4","node_837",""
445,70,ADD,0,1,1,2650,"ffn_moe_out-4","node_873","ffn_moe_weighted-4 (view)"
445,74,MUL_MAT,0,35,9,2782,"ffn_shexp-4","blk.4.ffn_down_shexp.weight","ffn_swiglu-4"
445,77,MUL,0,2,1,2791,"ffn_shexp_gated-4","ffn_shexp-4","shared_expert_gate_sigmoid-4"
445,78,ADD,0,1,1,2793,"ffn_out-4","ffn_moe_out-4","ffn_shexp_gated-4"
446,5,MUL_MAT,0,294,71,707,"linear_attn_out-5","blk.5.ssm_out.weight","final_output-5"
446,34,SCALE,0,1,2,991,"ffn_moe_inp-5","node_991",""
446,70,ADD,0,1,43,1902,"ffn_moe_out-5","node_1027","ffn_moe_weighted-5 (view)"
446,74,MUL_MAT,0,30,10,2026,"ffn_shexp-5","blk.5.ffn_down_shexp.weight","ffn_swiglu-5"
446,77,MUL,0,2,1,2035,"ffn_shexp_gated-5","ffn_shexp-5","shared_expert_gate_sigmoid-5"
446,78,ADD,0,1,1,2037,"ffn_out-5","ffn_moe_out-5","ffn_shexp_gated-5"
447,5,MUL_MAT,0,253,105,708,"linear_attn_out-6","blk.6.ssm_out.weight","final_output-6"
447,34,SCALE,0,0,11,1169,"ffn_moe_inp-6","node_1145",""
447,70,ADD,0,1,0,2187,"ffn_moe_out-6","node_1181","ffn_moe_weighted-6 (view)"
447,74,MUL_MAT,0,31,9,2324,"ffn_shexp-6","blk.6.ffn_down_shexp.weight","ffn_swiglu-6"
447,77,MUL,0,2,0,2333,"ffn_shexp_gated-6","ffn_shexp-6","shared_expert_gate_sigmoid-6"
447,78,ADD,0,1,1,2335,"ffn_out-6","ffn_moe_out-6","ffn_shexp_gated-6"
448,38,MUL_MAT,0,155,161,519,"attn_output-7","blk.7.attn_output.weight","attn_gated-7"
448,66,SCALE,0,0,2,764,"ffn_moe_inp-7","node_1332",""
448,102,ADD,0,1,9,2362,"ffn_moe_out-7","node_1368","ffn_moe_weighted-7 (view)"
448,106,MUL_MAT,0,21,16,2475,"ffn_shexp-7","blk.7.ffn_down_shexp.weight","ffn_swiglu-7"
448,109,MUL,0,1,6,2489,"ffn_shexp_gated-7","ffn_shexp-7","shared_expert_gate_sigmoid-7"
448,110,ADD,0,1,1,2491,"ffn_out-7","ffn_moe_out-7","ffn_shexp_gated-7"
449,5,MUL_MAT,0,200,164,709,"linear_attn_out-8","blk.8.ssm_out.weight","final_output-8"
449,34,SCALE,0,0,4,1012,"ffn_moe_inp-8","node_1486",""
449,70,ADD,0,2,6,2324,"ffn_moe_out-8","node_1522","ffn_moe_weighted-8 (view)"
449,74,MUL_MAT,0,30,7,2449,"ffn_shexp-8","blk.8.ffn_down_shexp.weight","ffn_swiglu-8"
449,77,MUL,0,2,0,2461,"ffn_shexp_gated-8","ffn_shexp-8","shared_expert_gate_sigmoid-8"
449,78,ADD,0,1,1,2463,"ffn_out-8","ffn_moe_out-8","ffn_shexp_gated-8"
450,5,MUL_MAT,0,332,27,704,"linear_attn_out-9","blk.9.ssm_out.weight","final_output-9"
450,34,SCALE,0,0,1,1010,"ffn_moe_inp-9","node_1640",""
450,70,ADD,0,1,1,1929,"ffn_moe_out-9","node_1676","ffn_moe_weighted-9 (view)"
450,74,MUL_MAT,0,44,1,2062,"ffn_shexp-9","blk.9.ffn_down_shexp.weight","ffn_swiglu-9"
450,77,MUL,0,3,1,2080,"ffn_shexp_gated-9","ffn_shexp-9","shared_expert_gate_sigmoid-9"
450,78,ADD,0,1,1,2082,"ffn_out-9","ffn_moe_out-9","ffn_shexp_gated-9"
451,5,MUL_MAT,0,334,19,724,"linear_attn_out-10","blk.10.ssm_out.weight","final_output-10"
451,34,SCALE,0,0,1,998,"ffn_moe_inp-10","node_1794",""
451,70,ADD,0,2,1,2759,"ffn_moe_out-10","node_1830","ffn_moe_weighted-10 (view)"
451,74,MUL_MAT,0,37,10,2887,"ffn_shexp-10","blk.10.ffn_down_shexp.weight","ffn_swiglu-10"
451,77,MUL,0,4,6,2903,"ffn_shexp_gated-10","ffn_shexp-10","shared_expert_gate_sigmoid-10"
451,78,ADD,0,2,0,2906,"ffn_out-10","ffn_moe_out-10","ffn_shexp_gated-10"
452,38,MUL_MAT,0,299,11,555,"attn_output-11","blk.11.attn_output.weight","attn_gated-11"
452,66,SCALE,0,0,1,808,"ffn_moe_inp-11","node_1981",""
452,102,ADD,0,1,1,1602,"ffn_moe_out-11","node_2017","ffn_moe_weighted-11 (view)"
452,106,MUL_MAT,0,42,2,1716,"ffn_shexp-11","blk.11.ffn_down_shexp.weight","ffn_swiglu-11"
452,109,MUL,0,3,1,1726,"ffn_shexp_gated-11","ffn_shexp-11","shared_expert_gate_sigmoid-11"
452,110,ADD,0,1,1,1728,"ffn_out-11","ffn_moe_out-11","ffn_shexp_gated-11"
453,5,MUL_MAT,0,326,1,662,"linear_attn_out-12","blk.12.ssm_out.weight","final_output-12"
453,34,SCALE,0,0,1,948,"ffn_moe_inp-12","node_2135",""
453,70,ADD,0,2,0,2215,"ffn_moe_out-12","node_2171","ffn_moe_weighted-12 (view)"
453,74,MUL_MAT,0,35,2,2330,"ffn_shexp-12","blk.12.ffn_down_shexp.weight","ffn_swiglu-12"
453,77,MUL,0,3,1,2350,"ffn_shexp_gated-12","ffn_shexp-12","shared_expert_gate_sigmoid-12"
453,78,ADD,0,2,16,2368,"ffn_out-12","ffn_moe_out-12","ffn_shexp_gated-12"
454,5,MUL_MAT,0,333,5,638,"linear_attn_out-13","blk.13.ssm_out.weight","final_output-13"
454,34,SCALE,0,0,2,904,"ffn_moe_inp-13","node_2289",""
454,70,ADD,0,1,1,1794,"ffn_moe_out-13","node_2325","ffn_moe_weighted-13 (view)"
454,74,MUL_MAT,0,43,5,1934,"ffn_shexp-13","blk.13.ffn_down_shexp.weight","ffn_swiglu-13"
454,77,MUL,0,3,1,1945,"ffn_shexp_gated-13","ffn_shexp-13","shared_expert_gate_sigmoid-13"
454,78,ADD,0,1,9,1955,"ffn_out-13","ffn_moe_out-13","ffn_shexp_gated-13"
455,5,MUL_MAT,0,332,1,668,"linear_attn_out-14","blk.14.ssm_out.weight","final_output-14"
455,34,SCALE,0,1,1,952,"ffn_moe_inp-14","node_2443",""
455,70,ADD,0,2,1,1821,"ffn_moe_out-14","node_2479","ffn_moe_weighted-14 (view)"
455,74,MUL_MAT,0,37,9,1960,"ffn_shexp-14","blk.14.ffn_down_shexp.weight","ffn_swiglu-14"
455,77,MUL,0,3,0,1971,"ffn_shexp_gated-14","ffn_shexp-14","shared_expert_gate_sigmoid-14"
455,78,ADD,0,2,0,1973,"ffn_out-14","ffn_moe_out-14","ffn_shexp_gated-14"
456,38,MUL_MAT,0,315,11,598,"attn_output-15","blk.15.attn_output.weight","attn_gated-15"
456,66,SCALE,0,0,1,898,"ffn_moe_inp-15","node_2630",""
456,102,ADD,0,1,1,1661,"ffn_moe_out-15","node_2666","ffn_moe_weighted-15 (view)"
456,106,MUL_MAT,0,33,7,1784,"ffn_shexp-15","blk.15.ffn_down_shexp.weight","ffn_swiglu-15"
456,109,MUL,0,3,0,1795,"ffn_shexp_gated-15","ffn_shexp-15","shared_expert_gate_sigmoid-15"
456,110,ADD,0,1,0,1797,"ffn_out-15","ffn_moe_out-15","ffn_shexp_gated-15"
457,5,MUL_MAT,0,340,1,698,"linear_attn_out-16","blk.16.ssm_out.weight","final_output-16"
457,34,SCALE,0,1,2,996,"ffn_moe_inp-16","node_2784",""
457,70,ADD,0,1,1,1915,"ffn_moe_out-16","node_2820","ffn_moe_weighted-16 (view)"
457,74,MUL_MAT,0,35,3,2043,"ffn_shexp-16","blk.16.ffn_down_shexp.weight","ffn_swiglu-16"
457,77,MUL,0,3,10,2063,"ffn_shexp_gated-16","ffn_shexp-16","shared_expert_gate_sigmoid-16"
457,78,ADD,0,1,1,2065,"ffn_out-16","ffn_moe_out-16","ffn_shexp_gated-16"
458,5,MUL_MAT,0,199,127,655,"linear_attn_out-17","blk.17.ssm_out.weight","final_output-17"
458,34,SCALE,0,0,2,899,"ffn_moe_inp-17","node_2938",""
458,70,ADD,0,1,4,2312,"ffn_moe_out-17","node_2974","ffn_moe_weighted-17 (view)"
458,74,MUL_MAT,0,23,18,2436,"ffn_shexp-17","blk.17.ffn_down_shexp.weight","ffn_swiglu-17"
458,77,MUL,0,2,0,2445,"ffn_shexp_gated-17","ffn_shexp-17","shared_expert_gate_sigmoid-17"
458,78,ADD,0,1,0,2447,"ffn_out-17","ffn_moe_out-17","ffn_shexp_gated-17"
459,5,MUL_MAT,0,319,51,752,"linear_attn_out-18","blk.18.ssm_out.weight","final_output-18"
459,34,SCALE,0,0,6,1056,"ffn_moe_inp-18","node_3092",""
459,70,ADD,0,2,0,1866,"ffn_moe_out-18","node_3128","ffn_moe_weighted-18 (view)"
459,74,MUL_MAT,0,30,9,1989,"ffn_shexp-18","blk.18.ffn_down_shexp.weight","ffn_swiglu-18"
459,77,MUL,0,4,3,2003,"ffn_shexp_gated-18","ffn_shexp-18","shared_expert_gate_sigmoid-18"
459,78,ADD,0,2,0,2005,"ffn_out-18","ffn_moe_out-18","ffn_shexp_gated-18"
460,38,MUL_MAT,0,309,26,568,"attn_output-19","blk.19.attn_output.weight","attn_gated-19"
460,66,SCALE,0,1,1,835,"ffn_moe_inp-19","node_3279",""
460,102,ADD,0,1,0,1663,"ffn_moe_out-19","node_3315","ffn_moe_weighted-19 (view)"
460,106,MUL_MAT,0,44,5,1790,"ffn_shexp-19","blk.19.ffn_down_shexp.weight","ffn_swiglu-19"
460,109,MUL,0,3,0,1824,"ffn_shexp_gated-19","ffn_shexp-19","shared_expert_gate_sigmoid-19"
460,110,ADD,0,1,1,1827,"ffn_out-19","ffn_moe_out-19","ffn_shexp_gated-19"
461,5,MUL_MAT,0,301,22,644,"linear_attn_out-20","blk.20.ssm_out.weight","final_output-20"
461,34,SCALE,0,0,2,921,"ffn_moe_inp-20","node_3433",""
461,70,ADD,0,1,1,1910,"ffn_moe_out-20","node_3469","ffn_moe_weighted-20 (view)"
461,74,MUL_MAT,0,37,8,2042,"ffn_shexp-20","blk.20.ffn_down_shexp.weight","ffn_swiglu-20"
461,77,MUL,0,17,0,2066,"ffn_shexp_gated-20","ffn_shexp-20","shared_expert_gate_sigmoid-20"
461,78,ADD,0,2,0,2068,"ffn_out-20","ffn_moe_out-20","ffn_shexp_gated-20"
462,5,MUL_MAT,0,311,11,636,"linear_attn_out-21","blk.21.ssm_out.weight","final_output-21"
462,34,SCALE,0,0,1,911,"ffn_moe_inp-21","node_3587",""
462,70,ADD,0,2,0,1960,"ffn_moe_out-21","node_3623","ffn_moe_weighted-21 (view)"
462,74,MUL_MAT,0,37,1,2079,"ffn_shexp-21","blk.21.ffn_down_shexp.weight","ffn_swiglu-21"
462,77,MUL,0,3,0,2098,"ffn_shexp_gated-21","ffn_shexp-21","shared_expert_gate_sigmoid-21"
462,78,ADD,0,1,1,2101,"ffn_out-21","ffn_moe_out-21","ffn_shexp_gated-21"
463,5,MUL_MAT,0,246,134,760,"linear_attn_out-22","blk.22.ssm_out.weight","final_output-22"
463,34,SCALE,0,0,2,1040,"ffn_moe_inp-22","node_3741",""
463,70,ADD,0,1,1,1912,"ffn_moe_out-22","node_3777","ffn_moe_weighted-22 (view)"
463,74,MUL_MAT,0,32,10,2035,"ffn_shexp-22","blk.22.ffn_down_shexp.weight","ffn_swiglu-22"
463,77,MUL,0,2,8,2051,"ffn_shexp_gated-22","ffn_shexp-22","shared_expert_gate_sigmoid-22"
463,78,ADD,0,1,1,2053,"ffn_out-22","ffn_moe_out-22","ffn_shexp_gated-22"
464,38,MUL_MAT,0,243,75,534,"attn_output-23","blk.23.attn_output.weight","attn_gated-23"
464,66,SCALE,0,0,1,816,"ffn_moe_inp-23","node_3928",""
464,102,ADD,0,1,1,2259,"ffn_moe_out-23","node_3964","ffn_moe_weighted-23 (view)"
464,106,MUL_MAT,0,28,11,2384,"ffn_shexp-23","blk.23.ffn_down_shexp.weight","ffn_swiglu-23"
464,109,MUL,0,2,0,2404,"ffn_shexp_gated-23","ffn_shexp-23","shared_expert_gate_sigmoid-23"
464,110,ADD,0,1,1,2406,"ffn_out-23","ffn_moe_out-23","ffn_shexp_gated-23"
465,5,MUL_MAT,0,283,48,646,"linear_attn_out-24","blk.24.ssm_out.weight","final_output-24"
465,34,SCALE,0,0,3,917,"ffn_moe_inp-24","node_4082",""
465,70,ADD,0,1,1,2447,"ffn_moe_out-24","node_4118","ffn_moe_weighted-24 (view)"
465,74,MUL_MAT,0,36,12,2577,"ffn_shexp-24","blk.24.ffn_down_shexp.weight","ffn_swiglu-24"
465,77,MUL,0,2,0,2585,"ffn_shexp_gated-24","ffn_shexp-24","shared_expert_gate_sigmoid-24"
465,78,ADD,0,1,1,2587,"ffn_out-24","ffn_moe_out-24","ffn_shexp_gated-24"
466,5,MUL_MAT,0,257,84,686,"linear_attn_out-25","blk.25.ssm_out.weight","final_output-25"
466,34,SCALE,0,0,1,951,"ffn_moe_inp-25","node_4236",""
466,70,ADD,0,1,1,1742,"ffn_moe_out-25","node_4272","ffn_moe_weighted-25 (view)"
466,74,MUL_MAT,0,28,10,1878,"ffn_shexp-25","blk.25.ffn_down_shexp.weight","ffn_swiglu-25"
466,77,MUL,0,3,0,1887,"ffn_shexp_gated-25","ffn_shexp-25","shared_expert_gate_sigmoid-25"
466,78,ADD,0,2,0,1889,"ffn_out-25","ffn_moe_out-25","ffn_shexp_gated-25"
467,5,MUL_MAT,0,318,67,778,"linear_attn_out-26","blk.26.ssm_out.weight","final_output-26"
467,34,SCALE,0,0,1,1046,"ffn_moe_inp-26","node_4390",""
467,70,ADD,0,2,0,2534,"ffn_moe_out-26","node_4426","ffn_moe_weighted-26 (view)"
467,74,MUL_MAT,0,28,11,2655,"ffn_shexp-26","blk.26.ffn_down_shexp.weight","ffn_swiglu-26"
467,77,MUL,0,1,1,2666,"ffn_shexp_gated-26","ffn_shexp-26","shared_expert_gate_sigmoid-26"
467,78,ADD,0,1,1,2668,"ffn_out-26","ffn_moe_out-26","ffn_shexp_gated-26"
468,38,MUL_MAT,0,269,49,543,"attn_output-27","blk.27.attn_output.weight","attn_gated-27"
468,66,SCALE,0,0,2,787,"ffn_moe_inp-27","node_4577",""
468,102,ADD,0,1,1,1607,"ffn_moe_out-27","node_4613","ffn_moe_weighted-27 (view)"
468,106,MUL_MAT,0,30,25,1765,"ffn_shexp-27","blk.27.ffn_down_shexp.weight","ffn_swiglu-27"
468,109,MUL,0,2,14,1800,"ffn_shexp_gated-27","ffn_shexp-27","shared_expert_gate_sigmoid-27"
468,110,ADD,0,2,1,1803,"ffn_out-27","ffn_moe_out-27","ffn_shexp_gated-27"
469,5,MUL_MAT,0,191,152,693,"linear_attn_out-28","blk.28.ssm_out.weight","final_output-28"
469,34,SCALE,0,0,3,951,"ffn_moe_inp-28","node_4731",""
469,70,ADD,0,1,2,1763,"ffn_moe_out-28","node_4767","ffn_moe_weighted-28 (view)"
469,74,MUL_MAT,0,25,16,1887,"ffn_shexp-28","blk.28.ffn_down_shexp.weight","ffn_swiglu-28"
469,77,MUL,0,1,1,1896,"ffn_shexp_gated-28","ffn_shexp-28","shared_expert_gate_sigmoid-28"
469,78,ADD,0,1,1,1898,"ffn_out-28","ffn_moe_out-28","ffn_shexp_gated-28"
470,5,MUL_MAT,0,198,156,729,"linear_attn_out-29","blk.29.ssm_out.weight","final_output-29"
470,34,SCALE,0,1,1,1010,"ffn_moe_inp-29","node_4885",""
470,70,ADD,0,1,1,2045,"ffn_moe_out-29","node_4921","ffn_moe_weighted-29 (view)"
470,74,MUL_MAT,0,35,1,2163,"ffn_shexp-29","blk.29.ffn_down_shexp.weight","ffn_swiglu-29"
470,77,MUL,0,4,0,2174,"ffn_shexp_gated-29","ffn_shexp-29","shared_expert_gate_sigmoid-29"
470,78,ADD,0,2,0,2176,"ffn_out-29","ffn_moe_out-29","ffn_shexp_gated-29"
471,5,MUL_MAT,0,192,158,702,"linear_attn_out-30","blk.30.ssm_out.weight","final_output-30"
471,34,SCALE,0,0,3,1087,"ffn_moe_inp-30","node_5039",""
471,70,ADD,0,1,1,2138,"ffn_moe_out-30","node_5075","ffn_moe_weighted-30 (view)"
471,74,MUL_MAT,0,32,12,2271,"ffn_shexp-30","blk.30.ffn_down_shexp.weight","ffn_swiglu-30"
471,77,MUL,0,2,0,2344,"ffn_shexp_gated-30","ffn_shexp-30","shared_expert_gate_sigmoid-30"
471,78,ADD,0,1,1,2346,"ffn_out-30","ffn_moe_out-30","ffn_shexp_gated-30"
472,38,MUL_MAT,0,258,61,544,"attn_output-31","blk.31.attn_output.weight","attn_gated-31"
472,66,SCALE,0,0,2,780,"ffn_moe_inp-31","node_5226",""
472,102,ADD,0,1,1,1589,"ffn_moe_out-31","node_5262","ffn_moe_weighted-31 (view)"
472,106,MUL_MAT,0,27,12,1703,"ffn_shexp-31","blk.31.ffn_down_shexp.weight","ffn_swiglu-31"
472,109,MUL,0,2,1,1712,"ffn_shexp_gated-31","ffn_shexp-31","shared_expert_gate_sigmoid-31"
472,110,ADD,0,1,1,1714,"ffn_out-31","ffn_moe_out-31","ffn_shexp_gated-31"
473,5,MUL_MAT,0,298,80,739,"linear_attn_out-32","blk.32.ssm_out.weight","final_output-32"
473,34,SCALE,0,1,2,1100,"ffn_moe_inp-32","node_5380",""
473,70,ADD,0,1,1,1962,"ffn_moe_out-32","node_5416","ffn_moe_weighted-32 (view)"
473,74,MUL_MAT,0,29,8,2089,"ffn_shexp-32","blk.32.ffn_down_shexp.weight","ffn_swiglu-32"
473,77,MUL,0,2,0,2102,"ffn_shexp_gated-32","ffn_shexp-32","shared_expert_gate_sigmoid-32"
473,78,ADD,0,1,2,2105,"ffn_out-32","ffn_moe_out-32","ffn_shexp_gated-32"
474,5,MUL_MAT,0,276,56,658,"linear_attn_out-33","blk.33.ssm_out.weight","final_output-33"
474,34,SCALE,0,1,1,951,"ffn_moe_inp-33","node_5534",""
474,70,ADD,0,1,1,1782,"ffn_moe_out-33","node_5570","ffn_moe_weighted-33 (view)"
474,74,MUL_MAT,0,33,7,1913,"ffn_shexp-33","blk.33.ffn_down_shexp.weight","ffn_swiglu-33"
474,77,MUL,0,2,3,1924,"ffn_shexp_gated-33","ffn_shexp-33","shared_expert_gate_sigmoid-33"
474,78,ADD,0,1,1,1926,"ffn_out-33","ffn_moe_out-33","ffn_shexp_gated-33"
475,5,MUL_MAT,0,291,97,708,"linear_attn_out-34","blk.34.ssm_out.weight","final_output-34"
475,34,SCALE,0,0,2,1013,"ffn_moe_inp-34","node_5688",""
475,70,ADD,0,1,0,2543,"ffn_moe_out-34","node_5724","ffn_moe_weighted-34 (view)"
475,74,MUL_MAT,0,34,3,2670,"ffn_shexp-34","blk.34.ffn_down_shexp.weight","ffn_swiglu-34"
475,77,MUL,0,2,0,2692,"ffn_shexp_gated-34","ffn_shexp-34","shared_expert_gate_sigmoid-34"
475,78,ADD,0,1,0,2694,"ffn_out-34","ffn_moe_out-34","ffn_shexp_gated-34"
476,38,MUL_MAT,0,266,68,604,"attn_output-35","blk.35.attn_output.weight","attn_gated-35"
476,66,SCALE,0,0,1,854,"ffn_moe_inp-35","node_5875",""
476,102,ADD,0,1,1,1627,"ffn_moe_out-35","node_5911","ffn_moe_weighted-35 (view)"
476,106,MUL_MAT,0,30,5,1746,"ffn_shexp-35","blk.35.ffn_down_shexp.weight","ffn_swiglu-35"
476,109,MUL,0,2,0,1754,"ffn_shexp_gated-35","ffn_shexp-35","shared_expert_gate_sigmoid-35"
476,110,ADD,0,1,1,1756,"ffn_out-35","ffn_moe_out-35","ffn_shexp_gated-35"
477,5,MUL_MAT,0,302,65,696,"linear_attn_out-36","blk.36.ssm_out.weight","final_output-36"
477,34,SCALE,0,1,1,960,"ffn_moe_inp-36","node_6029",""
477,70,ADD,0,1,0,1801,"ffn_moe_out-36","node_6065","ffn_moe_weighted-36 (view)"
477,74,MUL_MAT,0,31,19,1942,"ffn_shexp-36","blk.36.ffn_down_shexp.weight","ffn_swiglu-36"
477,77,MUL,0,2,0,1949,"ffn_shexp_gated-36","ffn_shexp-36","shared_expert_gate_sigmoid-36"
477,78,ADD,0,1,1,1952,"ffn_out-36","ffn_moe_out-36","ffn_shexp_gated-36"
478,5,MUL_MAT,0,287,60,690,"linear_attn_out-37","blk.37.ssm_out.weight","final_output-37"
478,34,SCALE,0,0,1,971,"ffn_moe_inp-37","node_6183",""
478,70,ADD,0,2,0,1801,"ffn_moe_out-37","node_6219","ffn_moe_weighted-37 (view)"
478,74,MUL_MAT,0,30,9,1922,"ffn_shexp-37","blk.37.ffn_down_shexp.weight","ffn_swiglu-37"
478,77,MUL,0,2,9,1939,"ffn_shexp_gated-37","ffn_shexp-37","shared_expert_gate_sigmoid-37"
478,78,ADD,0,1,0,1940,"ffn_out-37","ffn_moe_out-37","ffn_shexp_gated-37"
479,5,MUL_MAT,0,279,135,781,"linear_attn_out-38","blk.38.ssm_out.weight","final_output-38"
479,34,SCALE,0,0,2,1171,"ffn_moe_inp-38","node_6337",""
479,70,ADD,0,1,4,2625,"ffn_moe_out-38","node_6373","ffn_moe_weighted-38 (view)"
479,74,MUL_MAT,0,35,2,2748,"ffn_shexp-38","blk.38.ffn_down_shexp.weight","ffn_swiglu-38"
479,77,MUL,0,3,0,2756,"ffn_shexp_gated-38","ffn_shexp-38","shared_expert_gate_sigmoid-38"
479,78,ADD,0,1,3,2761,"ffn_out-38","ffn_moe_out-38","ffn_shexp_gated-38"
480,0,GET_ROWS,0,3,1,5,"model.input_embed","token_embd.weight","inp_tokens"
481,5,MUL_MAT,0,182,169,678,"linear_attn_out-0","blk.0.ssm_out.weight","final_output-0"
481,34,SCALE,0,0,2,930,"ffn_moe_inp-0","node_104",""
481,70,ADD,0,1,1,1762,"ffn_moe_out-0","node_140","ffn_moe_weighted-0 (view)"
481,93,MUL_MAT,0,23,18,2662,"ffn_shexp-0","blk.0.ffn_down_shexp.weight","ffn_swiglu-0"
481,96,MUL,0,2,3,2673,"ffn_shexp_gated-0","ffn_shexp-0","shared_expert_gate_sigmoid-0"
481,97,ADD,0,1,1,2675,"ffn_out-0","ffn_moe_out-0","ffn_shexp_gated-0"
482,5,MUL_MAT,0,294,69,744,"linear_attn_out-1","blk.1.ssm_out.weight","final_output-1"
482,34,SCALE,0,0,2,1017,"ffn_moe_inp-1","node_342",""
482,70,ADD,0,1,7,1858,"ffn_moe_out-1","node_378","ffn_moe_weighted-1 (view)"
482,74,MUL_MAT,0,20,16,1978,"ffn_shexp-1","blk.1.ffn_down_shexp.weight","ffn_swiglu-1"
482,77,MUL,0,2,1,1988,"ffn_shexp_gated-1","ffn_shexp-1","shared_expert_gate_sigmoid-1"
482,78,ADD,0,1,1,1990,"ffn_out-1","ffn_moe_out-1","ffn_shexp_gated-1"
483,5,MUL_MAT,0,293,94,754,"linear_attn_out-2","blk.2.ssm_out.weight","final_output-2"
483,34,SCALE,0,0,2,1062,"ffn_moe_inp-2","node_496",""
483,70,ADD,0,1,1,2611,"ffn_moe_out-2","node_532","ffn_moe_weighted-2 (view)"
483,74,MUL_MAT,0,30,7,2750,"ffn_shexp-2","blk.2.ffn_down_shexp.weight","ffn_swiglu-2"
483,77,MUL,0,1,1,2759,"ffn_shexp_gated-2","ffn_shexp-2","shared_expert_gate_sigmoid-2"
483,78,ADD,0,1,1,2761,"ffn_out-2","ffn_moe_out-2","ffn_shexp_gated-2"
484,38,MUL_MAT,0,293,48,603,"attn_output-3","blk.3.attn_output.weight","attn_gated-3"
484,66,SCALE,0,0,1,849,"ffn_moe_inp-3","node_683",""
484,102,ADD,0,2,0,1813,"ffn_moe_out-3","node_719","ffn_moe_weighted-3 (view)"
484,106,MUL_MAT,0,30,12,1935,"ffn_shexp-3","blk.3.ffn_down_shexp.weight","ffn_swiglu-3"
484,109,MUL,0,2,0,1944,"ffn_shexp_gated-3","ffn_shexp-3","shared_expert_gate_sigmoid-3"
484,110,ADD,0,1,2,1947,"ffn_out-3","ffn_moe_out-3","ffn_shexp_gated-3"
485,5,MUL_MAT,0,343,9,697,"linear_attn_out-4","blk.4.ssm_out.weight","final_output-4"
485,34,SCALE,0,0,1,995,"ffn_moe_inp-4","node_837",""
485,70,ADD,0,2,0,2552,"ffn_moe_out-4","node_873","ffn_moe_weighted-4 (view)"
485,74,MUL_MAT,0,35,4,2670,"ffn_shexp-4","blk.4.ffn_down_shexp.weight","ffn_swiglu-4"
485,77,MUL,0,4,0,2680,"ffn_shexp_gated-4","ffn_shexp-4","shared_expert_gate_sigmoid-4"
485,78,ADD,0,1,0,2682,"ffn_out-4","ffn_moe_out-4","ffn_shexp_gated-4"
486,5,MUL_MAT,0,288,64,722,"linear_attn_out-5","blk.5.ssm_out.weight","final_output-5"
486,34,SCALE,0,0,2,981,"ffn_moe_inp-5","node_991",""
486,70,ADD,0,1,1,1858,"ffn_moe_out-5","node_1027","ffn_moe_weighted-5 (view)"
486,74,MUL_MAT,0,18,24,1980,"ffn_shexp-5","blk.5.ffn_down_shexp.weight","ffn_swiglu-5"
486,77,MUL,0,2,0,1998,"ffn_shexp_gated-5","ffn_shexp-5","shared_expert_gate_sigmoid-5"
486,78,ADD,0,1,2,2001,"ffn_out-5","ffn_moe_out-5","ffn_shexp_gated-5"
487,5,MUL_MAT,0,343,6,689,"linear_attn_out-6","blk.6.ssm_out.weight","final_output-6"
487,34,SCALE,0,0,2,962,"ffn_moe_inp-6","node_1145",""
487,70,ADD,0,1,1,1837,"ffn_moe_out-6","node_1181","ffn_moe_weighted-6 (view)"
487,74,MUL_MAT,0,38,11,1974,"ffn_shexp-6","blk.6.ffn_down_shexp.weight","ffn_swiglu-6"
487,77,MUL,0,3,0,1985,"ffn_shexp_gated-6","ffn_shexp-6","shared_expert_gate_sigmoid-6"
487,78,ADD,0,2,0,1987,"ffn_out-6","ffn_moe_out-6","ffn_shexp_gated-6"
488,38,MUL_MAT,0,301,26,577,"attn_output-7","blk.7.attn_output.weight","attn_gated-7"
488,66,SCALE,0,0,2,826,"ffn_moe_inp-7","node_1332",""
488,102,ADD,0,1,0,1674,"ffn_moe_out-7","node_1368","ffn_moe_weighted-7 (view)"
488,106,MUL_MAT,0,36,1,1798,"ffn_shexp-7","blk.7.ffn_down_shexp.weight","ffn_swiglu-7"
488,109,MUL,0,3,1,1809,"ffn_shexp_gated-7","ffn_shexp-7","shared_expert_gate_sigmoid-7"
488,110,ADD,0,1,1,1811,"ffn_out-7","ffn_moe_out-7","ffn_shexp_gated-7"
489,5,MUL_MAT,0,337,13,688,"linear_attn_out-8","blk.8.ssm_out.weight","final_output-8"
489,34,SCALE,0,0,2,955,"ffn_moe_inp-8","node_1486",""
489,70,ADD,0,1,0,1765,"ffn_moe_out-8","node_1522","ffn_moe_weighted-8 (view)"
489,74,MUL_MAT,0,35,12,1893,"ffn_shexp-8","blk.8.ffn_down_shexp.weight","ffn_swiglu-8"
489,77,MUL,0,3,1,1903,"ffn_shexp_gated-8","ffn_shexp-8","shared_expert_gate_sigmoid-8"
489,78,ADD,0,1,1,1905,"ffn_out-8","ffn_moe_out-8","ffn_shexp_gated-8"
490,5,MUL_MAT,0,359,10,728,"linear_attn_out-9","blk.9.ssm_out.weight","final_output-9"
490,34,SCALE,0,0,2,1108,"ffn_moe_inp-9","node_1640",""
490,70,ADD,0,1,1,2069,"ffn_moe_out-9","node_1676","ffn_moe_weighted-9 (view)"
490,74,MUL_MAT,0,21,19,2203,"ffn_shexp-9","blk.9.ffn_down_shexp.weight","ffn_swiglu-9"
490,77,MUL,0,1,1,2222,"ffn_shexp_gated-9","ffn_shexp-9","shared_expert_gate_sigmoid-9"
490,78,ADD,0,1,1,2224,"ffn_out-9","ffn_moe_out-9","ffn_shexp_gated-9"
491,5,MUL_MAT,0,175,177,714,"linear_attn_out-10","blk.10.ssm_out.weight","final_output-10"
491,34,SCALE,0,0,4,966,"ffn_moe_inp-10","node_1794",""
491,70,ADD,0,1,1,2282,"ffn_moe_out-10","node_1830","ffn_moe_weighted-10 (view)"
491,74,MUL_MAT,0,29,11,2407,"ffn_shexp-10","blk.10.ffn_down_shexp.weight","ffn_swiglu-10"
491,77,MUL,0,2,10,2426,"ffn_shexp_gated-10","ffn_shexp-10","shared_expert_gate_sigmoid-10"
491,78,ADD,0,1,1,2428,"ffn_out-10","ffn_moe_out-10","ffn_shexp_gated-10"
492,38,MUL_MAT,0,195,132,597,"attn_output-11","blk.11.attn_output.weight","attn_gated-11"
492,66,SCALE,0,0,2,849,"ffn_moe_inp-11","node_1981",""
492,102,ADD,0,1,0,1655,"ffn_moe_out-11","node_2017","ffn_moe_weighted-11 (view)"
492,106,MUL_MAT,0,27,12,1784,"ffn_shexp-11","blk.11.ffn_down_shexp.weight","ffn_swiglu-11"
492,109,MUL,0,2,0,1792,"ffn_shexp_gated-11","ffn_shexp-11","shared_expert_gate_sigmoid-11"
492,110,ADD,0,1,0,1794,"ffn_out-11","ffn_moe_out-11","ffn_shexp_gated-11"
493,5,MUL_MAT,0,184,174,715,"linear_attn_out-12","blk.12.ssm_out.weight","final_output-12"
493,34,SCALE,0,0,1,970,"ffn_moe_inp-12","node_2135",""
493,70,ADD,0,1,1,1847,"ffn_moe_out-12","node_2171","ffn_moe_weighted-12 (view)"
493,74,MUL_MAT,0,33,6,1979,"ffn_shexp-12","blk.12.ffn_down_shexp.weight","ffn_swiglu-12"
493,77,MUL,0,3,1,1990,"ffn_shexp_gated-12","ffn_shexp-12","shared_expert_gate_sigmoid-12"
493,78,ADD,0,2,0,1992,"ffn_out-12","ffn_moe_out-12","ffn_shexp_gated-12"
494,5,MUL_MAT,0,361,13,734,"linear_attn_out-13","blk.13.ssm_out.weight","final_output-13"
494,34,SCALE,0,0,2,1021,"ffn_moe_inp-13","node_2289",""
494,70,ADD,0,1,1,1936,"ffn_moe_out-13","node_2325","ffn_moe_weighted-13 (view)"
494,74,MUL_MAT,0,39,5,2063,"ffn_shexp-13","blk.13.ffn_down_shexp.weight","ffn_swiglu-13"
494,77,MUL,0,3,0,2073,"ffn_shexp_gated-13","ffn_shexp-13","shared_expert_gate_sigmoid-13"
494,78,ADD,0,1,1,2076,"ffn_out-13","ffn_moe_out-13","ffn_shexp_gated-13"
495,5,MUL_MAT,0,346,7,687,"linear_attn_out-14","blk.14.ssm_out.weight","final_output-14"
495,34,SCALE,0,0,1,958,"ffn_moe_inp-14","node_2443",""
495,70,ADD,0,1,1,1977,"ffn_moe_out-14","node_2479","ffn_moe_weighted-14 (view)"
495,74,MUL_MAT,0,46,23,2157,"ffn_shexp-14","blk.14.ffn_down_shexp.weight","ffn_swiglu-14"
495,77,MUL,0,3,1,2171,"ffn_shexp_gated-14","ffn_shexp-14","shared_expert_gate_sigmoid-14"
495,78,ADD,0,2,0,2173,"ffn_out-14","ffn_moe_out-14","ffn_shexp_gated-14"
496,38,MUL_MAT,0,272,120,759,"attn_output-15","blk.15.attn_output.weight","attn_gated-15"
496,66,SCALE,0,0,1,1037,"ffn_moe_inp-15","node_2630",""
496,102,ADD,0,1,0,1820,"ffn_moe_out-15","node_2666","ffn_moe_weighted-15 (view)"
496,106,MUL_MAT,0,28,9,1932,"ffn_shexp-15","blk.15.ffn_down_shexp.weight","ffn_swiglu-15"
496,109,MUL,0,2,1,1939,"ffn_shexp_gated-15","ffn_shexp-15","shared_expert_gate_sigmoid-15"
496,110,ADD,0,1,0,1940,"ffn_out-15","ffn_moe_out-15","ffn_shexp_gated-15"
497,5,MUL_MAT,0,294,57,702,"linear_attn_out-16","blk.16.ssm_out.weight","final_output-16"
497,34,SCALE,0,0,1,968,"ffn_moe_inp-16","node_2784",""
497,70,ADD,0,1,1,1838,"ffn_moe_out-16","node_2820","ffn_moe_weighted-16 (view)"
497,74,MUL_MAT,0,30,9,1954,"ffn_shexp-16","blk.16.ffn_down_shexp.weight","ffn_swiglu-16"
497,77,MUL,0,2,0,1962,"ffn_shexp_gated-16","ffn_shexp-16","shared_expert_gate_sigmoid-16"
497,78,ADD,0,1,1,1965,"ffn_out-16","ffn_moe_out-16","ffn_shexp_gated-16"
498,5,MUL_MAT,0,176,158,661,"linear_attn_out-17","blk.17.ssm_out.weight","final_output-17"
498,34,SCALE,0,0,2,910,"ffn_moe_inp-17","node_2938",""
498,70,ADD,0,1,1,2248,"ffn_moe_out-17","node_2974","ffn_moe_weighted-17 (view)"
498,74,MUL_MAT,0,29,13,2375,"ffn_shexp-17","blk.17.ffn_down_shexp.weight","ffn_swiglu-17"
498,77,MUL,0,2,2,2385,"ffn_shexp_gated-17","ffn_shexp-17","shared_expert_gate_sigmoid-17"
498,78,ADD,0,2,0,2387,"ffn_out-17","ffn_moe_out-17","ffn_shexp_gated-17"
499,5,MUL_MAT,0,320,101,728,"linear_attn_out-18","blk.18.ssm_out.weight","final_output-18"
499,34,SCALE,0,1,2,990,"ffn_moe_inp-18","node_3092",""
499,70,ADD,0,1,1,1786,"ffn_moe_out-18","node_3128","ffn_moe_weighted-18 (view)"
499,74,MUL_MAT,0,33,8,1918,"ffn_shexp-18","blk.18.ffn_down_shexp.weight","ffn_swiglu-18"
499,77,MUL,0,3,0,1927,"ffn_shexp_gated-18","ffn_shexp-18","shared_expert_gate_sigmoid-18"
499,78,ADD,0,1,1,1930,"ffn_out-18","ffn_moe_out-18","ffn_shexp_gated-18"
500,38,MUL_MAT,0,322,23,619,"attn_output-19","blk.19.attn_output.weight","attn_gated-19"
500,66,SCALE,0,0,2,905,"ffn_moe_inp-19","node_3279",""
500,102,ADD,0,2,0,1793,"ffn_moe_out-19","node_3315","ffn_moe_weighted-19 (view)"
500,106,MUL_MAT,0,31,6,1913,"ffn_shexp-19","blk.19.ffn_down_shexp.weight","ffn_swiglu-19"
500,109,MUL,0,2,0,1922,"ffn_shexp_gated-19","ffn_shexp-19","shared_expert_gate_sigmoid-19"
500,110,ADD,0,1,1,1924,"ffn_out-19","ffn_moe_out-19","ffn_shexp_gated-19"
501,5,MUL_MAT,0,278,76,688,"linear_attn_out-20","blk.20.ssm_out.weight","final_output-20"
501,34,SCALE,0,1,1,1052,"ffn_moe_inp-20","node_3433",""
501,70,ADD,0,1,6,2379,"ffn_moe_out-20","node_3469","ffn_moe_weighted-20 (view)"
501,74,MUL_MAT,0,18,20,2505,"ffn_shexp-20","blk.20.ffn_down_shexp.weight","ffn_swiglu-20"
501,77,MUL,0,2,138,2659,"ffn_shexp_gated-20","ffn_shexp-20","shared_expert_gate_sigmoid-20"
501,78,ADD,0,2,2,2663,"ffn_out-20","ffn_moe_out-20","ffn_shexp_gated-20"
502,5,MUL_MAT,0,320,13,664,"linear_attn_out-21","blk.21.ssm_out.weight","final_output-21"
502,34,SCALE,0,0,2,942,"ffn_moe_inp-21","node_3587",""
502,70,ADD,0,1,1,2347,"ffn_moe_out-21","node_3623","ffn_moe_weighted-21 (view)"
502,74,MUL_MAT,0,39,4,2495,"ffn_shexp-21","blk.21.ffn_down_shexp.weight","ffn_swiglu-21"
502,77,MUL,0,3,0,2511,"ffn_shexp_gated-21","ffn_shexp-21","shared_expert_gate_sigmoid-21"
502,78,ADD,0,2,1,2514,"ffn_out-21","ffn_moe_out-21","ffn_shexp_gated-21"
503,5,MUL_MAT,0,293,43,654,"linear_attn_out-22","blk.22.ssm_out.weight","final_output-22"
503,34,SCALE,0,0,2,933,"ffn_moe_inp-22","node_3741",""
503,70,ADD,0,2,0,1807,"ffn_moe_out-22","node_3777","ffn_moe_weighted-22 (view)"
503,74,MUL_MAT,0,35,3,1941,"ffn_shexp-22","blk.22.ffn_down_shexp.weight","ffn_swiglu-22"
503,77,MUL,0,3,15,1967,"ffn_shexp_gated-22","ffn_shexp-22","shared_expert_gate_sigmoid-22"
503,78,ADD,0,1,1,1970,"ffn_out-22","ffn_moe_out-22","ffn_shexp_gated-22"
504,38,MUL_MAT,0,335,26,587,"attn_output-23","blk.23.attn_output.weight","attn_gated-23"
504,66,SCALE,0,0,1,878,"ffn_moe_inp-23","node_3928",""
504,102,ADD,0,1,2,1884,"ffn_moe_out-23","node_3964","ffn_moe_weighted-23 (view)"
504,106,MUL_MAT,0,31,8,2067,"ffn_shexp-23","blk.23.ffn_down_shexp.weight","ffn_swiglu-23"
504,109,MUL,0,2,1,2082,"ffn_shexp_gated-23","ffn_shexp-23","shared_expert_gate_sigmoid-23"
504,110,ADD,0,1,1,2084,"ffn_out-23","ffn_moe_out-23","ffn_shexp_gated-23"
505,5,MUL_MAT,0,269,73,676,"linear_attn_out-24","blk.24.ssm_out.weight","final_output-24"
505,34,SCALE,0,0,2,956,"ffn_moe_inp-24","node_4082",""
505,70,ADD,0,1,1,1840,"ffn_moe_out-24","node_4118","ffn_moe_weighted-24 (view)"
505,74,MUL_MAT,0,36,19,2107,"ffn_shexp-24","blk.24.ffn_down_shexp.weight","ffn_swiglu-24"
505,77,MUL,0,2,0,2119,"ffn_shexp_gated-24","ffn_shexp-24","shared_expert_gate_sigmoid-24"
505,78,ADD,0,1,10,2130,"ffn_out-24","ffn_moe_out-24","ffn_shexp_gated-24"
506,5,MUL_MAT,0,264,76,669,"linear_attn_out-25","blk.25.ssm_out.weight","final_output-25"
506,34,SCALE,0,0,2,956,"ffn_moe_inp-25","node_4236",""
506,70,ADD,0,1,0,1750,"ffn_moe_out-25","node_4272","ffn_moe_weighted-25 (view)"
506,74,MUL_MAT,0,30,8,1878,"ffn_shexp-25","blk.25.ffn_down_shexp.weight","ffn_swiglu-25"
506,77,MUL,0,2,0,1887,"ffn_shexp_gated-25","ffn_shexp-25","shared_expert_gate_sigmoid-25"
506,78,ADD,0,1,1,1889,"ffn_out-25","ffn_moe_out-25","ffn_shexp_gated-25"
507,5,MUL_MAT,0,291,67,786,"linear_attn_out-26","blk.26.ssm_out.weight","final_output-26"
507,34,SCALE,0,0,2,1045,"ffn_moe_inp-26","node_4390",""
507,70,ADD,0,1,0,1905,"ffn_moe_out-26","node_4426","ffn_moe_weighted-26 (view)"
507,74,MUL_MAT,0,30,12,2043,"ffn_shexp-26","blk.26.ffn_down_shexp.weight","ffn_swiglu-26"
507,77,MUL,0,2,0,2052,"ffn_shexp_gated-26","ffn_shexp-26","shared_expert_gate_sigmoid-26"
507,78,ADD,0,1,5,2058,"ffn_out-26","ffn_moe_out-26","ffn_shexp_gated-26"
508,38,MUL_MAT,0,245,68,561,"attn_output-27","blk.27.attn_output.weight","attn_gated-27"
508,66,SCALE,0,0,2,809,"ffn_moe_inp-27","node_4577",""
508,102,ADD,0,1,0,1996,"ffn_moe_out-27","node_4613","ffn_moe_weighted-27 (view)"
508,106,MUL_MAT,0,30,9,2126,"ffn_shexp-27","blk.27.ffn_down_shexp.weight","ffn_swiglu-27"
508,109,MUL,0,2,1,2136,"ffn_shexp_gated-27","ffn_shexp-27","shared_expert_gate_sigmoid-27"
508,110,ADD,0,1,1,2138,"ffn_out-27","ffn_moe_out-27","ffn_shexp_gated-27"
509,5,MUL_MAT,0,260,81,703,"linear_attn_out-28","blk.28.ssm_out.weight","final_output-28"
509,34,SCALE,0,0,1,977,"ffn_moe_inp-28","node_4731",""
509,70,ADD,0,1,0,1774,"ffn_moe_out-28","node_4767","ffn_moe_weighted-28 (view)"
509,74,MUL_MAT,0,28,11,1890,"ffn_shexp-28","blk.28.ffn_down_shexp.weight","ffn_swiglu-28"
509,77,MUL,0,2,1,1899,"ffn_shexp_gated-28","ffn_shexp-28","shared_expert_gate_sigmoid-28"
509,78,ADD,0,1,1,1901,"ffn_out-28","ffn_moe_out-28","ffn_shexp_gated-28"
510,5,MUL_MAT,0,348,4,711,"linear_attn_out-29","blk.29.ssm_out.weight","final_output-29"
510,34,SCALE,0,0,2,995,"ffn_moe_inp-29","node_4885",""
510,70,ADD,0,2,0,2646,"ffn_moe_out-29","node_4921","ffn_moe_weighted-29 (view)"
510,74,MUL_MAT,0,35,2,2762,"ffn_shexp-29","blk.29.ffn_down_shexp.weight","ffn_swiglu-29"
510,77,MUL,0,3,0,2771,"ffn_shexp_gated-29","ffn_shexp-29","shared_expert_gate_sigmoid-29"
510,78,ADD,0,1,1,2774,"ffn_out-29","ffn_moe_out-29","ffn_shexp_gated-29"
511,5,MUL_MAT,0,334,17,780,"linear_attn_out-30","blk.30.ssm_out.weight","final_output-30"
511,34,SCALE,0,0,2,1062,"ffn_moe_inp-30","node_5039",""
511,70,ADD,0,2,0,2060,"ffn_moe_out-30","node_5075","ffn_moe_weighted-30 (view)"
511,74,MUL_MAT,0,50,27,2241,"ffn_shexp-30","blk.30.ffn_down_shexp.weight","ffn_swiglu-30"
511,77,MUL,0,4,0,2254,"ffn_shexp_gated-30","ffn_shexp-30","shared_expert_gate_sigmoid-30"
511,78,ADD,0,1,2,2258,"ffn_out-30","ffn_moe_out-30","ffn_shexp_gated-30"
512,38,MUL_MAT,0,219,99,570,"attn_output-31","blk.31.attn_output.weight","attn_gated-31"
512,66,SCALE,0,0,2,807,"ffn_moe_inp-31","node_5226",""
512,102,ADD,0,1,1,1580,"ffn_moe_out-31","node_5262","ffn_moe_weighted-31 (view)"
512,106,MUL_MAT,0,17,21,1693,"ffn_shexp-31","blk.31.ffn_down_shexp.weight","ffn_swiglu-31"
512,109,MUL,0,2,0,1701,"ffn_shexp_gated-31","ffn_shexp-31","shared_expert_gate_sigmoid-31"
512,110,ADD,0,1,1,1703,"ffn_out-31","ffn_moe_out-31","ffn_shexp_gated-31"
513,5,MUL_MAT,0,199,153,701,"linear_attn_out-32","blk.32.ssm_out.weight","final_output-32"
513,34,SCALE,0,0,2,963,"ffn_moe_inp-32","node_5380",""
513,70,ADD,0,1,0,1826,"ffn_moe_out-32","node_5416","ffn_moe_weighted-32 (view)"
513,74,MUL_MAT,0,31,20,1983,"ffn_shexp-32","blk.32.ffn_down_shexp.weight","ffn_swiglu-32"
513,77,MUL,0,2,0,2011,"ffn_shexp_gated-32","ffn_shexp-32","shared_expert_gate_sigmoid-32"
513,78,ADD,0,2,0,2013,"ffn_out-32","ffn_moe_out-32","ffn_shexp_gated-32"
514,5,MUL_MAT,0,286,58,686,"linear_attn_out-33","blk.33.ssm_out.weight","final_output-33"
514,34,SCALE,0,0,2,961,"ffn_moe_inp-33","node_5534",""
514,70,ADD,0,1,1,1822,"ffn_moe_out-33","node_5570","ffn_moe_weighted-33 (view)"
514,74,MUL_MAT,0,32,10,1946,"ffn_shexp-33","blk.33.ffn_down_shexp.weight","ffn_swiglu-33"
514,77,MUL,0,2,0,1955,"ffn_shexp_gated-33","ffn_shexp-33","shared_expert_gate_sigmoid-33"
514,78,ADD,0,1,1,1957,"ffn_out-33","ffn_moe_out-33","ffn_shexp_gated-33"
515,5,MUL_MAT,0,257,73,642,"linear_attn_out-34","blk.34.ssm_out.weight","final_output-34"
515,34,SCALE,0,0,1,900,"ffn_moe_inp-34","node_5688",""
515,70,ADD,0,1,9,1722,"ffn_moe_out-34","node_5724","ffn_moe_weighted-34 (view)"
515,74,MUL_MAT,0,32,6,1847,"ffn_shexp-34","blk.34.ffn_down_shexp.weight","ffn_swiglu-34"
515,77,MUL,0,2,2,1857,"ffn_shexp_gated-34","ffn_shexp-34","shared_expert_gate_sigmoid-34"
515,78,ADD,0,2,0,1859,"ffn_out-34","ffn_moe_out-34","ffn_shexp_gated-34"
516,38,MUL_MAT,0,263,61,567,"attn_output-35","blk.35.attn_output.weight","attn_gated-35"
516,66,SCALE,0,0,5,859,"ffn_moe_inp-35","node_5875",""
516,102,ADD,0,1,1,2236,"ffn_moe_out-35","node_5911","ffn_moe_weighted-35 (view)"
516,106,MUL_MAT,0,27,17,2367,"ffn_shexp-35","blk.35.ffn_down_shexp.weight","ffn_swiglu-35"
516,109,MUL,0,2,0,2376,"ffn_shexp_gated-35","ffn_shexp-35","shared_expert_gate_sigmoid-35"
516,110,ADD,0,1,1,2378,"ffn_out-35","ffn_moe_out-35","ffn_shexp_gated-35"
517,5,MUL_MAT,0,177,163,650,"linear_attn_out-36","blk.36.ssm_out.weight","final_output-36"
517,34,SCALE,0,0,2,884,"ffn_moe_inp-36","node_6029",""
517,70,ADD,0,1,1,1779,"ffn_moe_out-36","node_6065","ffn_moe_weighted-36 (view)"
517,74,MUL_MAT,0,22,17,1903,"ffn_shexp-36","blk.36.ffn_down_shexp.weight","ffn_swiglu-36"
517,77,MUL,0,1,1,1922,"ffn_shexp_gated-36","ffn_shexp-36","shared_expert_gate_sigmoid-36"
517,78,ADD,0,1,0,1923,"ffn_out-36","ffn_moe_out-36","ffn_shexp_gated-36"
518,5,MUL_MAT,0,285,72,718,"linear_attn_out-37","blk.37.ssm_out.weight","final_output-37"
518,34,SCALE,0,0,2,990,"ffn_moe_inp-37","node_6183",""
518,70,ADD,0,1,8,2392,"ffn_moe_out-37","node_6219","ffn_moe_weighted-37 (view)"
518,74,MUL_MAT,0,26,10,2504,"ffn_shexp-37","blk.37.ffn_down_shexp.weight","ffn_swiglu-37"
518,77,MUL,0,2,1,2625,"ffn_shexp_gated-37","ffn_shexp-37","shared_expert_gate_sigmoid-37"
518,78,ADD,0,1,1,2627,"ffn_out-37","ffn_moe_out-37","ffn_shexp_gated-37"
519,5,MUL_MAT,0,281,72,714,"linear_attn_out-38","blk.38.ssm_out.weight","final_output-38"
519,34,SCALE,0,0,2,997,"ffn_moe_inp-38","node_6337",""
519,70,ADD,0,1,1,1812,"ffn_moe_out-38","node_6373","ffn_moe_weighted-38 (view)"
519,74,MUL_MAT,0,28,10,1946,"ffn_shexp-38","blk.38.ffn_down_shexp.weight","ffn_swiglu-38"
519,77,MUL,0,2,0,1954,"ffn_shexp_gated-38","ffn_shexp-38","shared_expert_gate_sigmoid-38"
519,78,ADD,0,1,0,1956,"ffn_out-38","ffn_moe_out-38","ffn_shexp_gated-38"
520,0,GET_ROWS,0,2,1,3,"model.input_embed","token_embd.weight","inp_tokens"
521,5,MUL_MAT,0,293,63,683,"linear_attn_out-0","blk.0.ssm_out.weight","final_output-0"
521,34,SCALE,0,1,1,962,"ffn_moe_inp-0","node_104",""
521,70,ADD,0,2,0,1863,"ffn_moe_out-0","node_140","ffn_moe_weighted-0 (view)"
521,93,MUL_MAT,0,34,6,3001,"ffn_shexp-0","blk.0.ffn_down_shexp.weight","ffn_swiglu-0"
521,96,MUL,0,2,0,3010,"ffn_shexp_gated-0","ffn_shexp-0","shared_expert_gate_sigmoid-0"
521,97,ADD,0,2,0,3012,"ffn_out-0","ffn_moe_out-0","ffn_shexp_gated-0"
522,5,MUL_MAT,0,212,131,692,"linear_attn_out-1","blk.1.ssm_out.weight","final_output-1"
522,34,SCALE,0,1,1,1141,"ffn_moe_inp-1","node_342",""
522,70,ADD,0,1,1,2026,"ffn_moe_out-1","node_378","ffn_moe_weighted-1 (view)"
522,74,MUL_MAT,0,22,19,2156,"ffn_shexp-1","blk.1.ffn_down_shexp.weight","ffn_swiglu-1"
522,77,MUL,0,1,1,2165,"ffn_shexp_gated-1","ffn_shexp-1","shared_expert_gate_sigmoid-1"
522,78,ADD,0,1,0,2166,"ffn_out-1","ffn_moe_out-1","ffn_shexp_gated-1"
523,5,MUL_MAT,0,183,151,676,"linear_attn_out-2","blk.2.ssm_out.weight","final_output-2"
523,34,SCALE,0,0,11,949,"ffn_moe_inp-2","node_496",""
523,70,ADD,0,2,5,1960,"ffn_moe_out-2","node_532","ffn_moe_weighted-2 (view)"
523,74,MUL_MAT,0,35,5,2074,"ffn_shexp-2","blk.2.ffn_down_shexp.weight","ffn_swiglu-2"
523,77,MUL,0,3,0,2084,"ffn_shexp_gated-2","ffn_shexp-2","shared_expert_gate_sigmoid-2"
523,78,ADD,0,2,0,2086,"ffn_out-2","ffn_moe_out-2","ffn_shexp_gated-2"
524,38,MUL_MAT,0,349,1,597,"attn_output-3","blk.3.attn_output.weight","attn_gated-3"
524,66,SCALE,0,0,2,882,"ffn_moe_inp-3","node_683",""
524,102,ADD,0,2,0,2178,"ffn_moe_out-3","node_719","ffn_moe_weighted-3 (view)"
524,106,MUL_MAT,0,34,2,2300,"ffn_shexp-3","blk.3.ffn_down_shexp.weight","ffn_swiglu-3"
524,109,MUL,0,3,1,2310,"ffn_shexp_gated-3","ffn_shexp-3","shared_expert_gate_sigmoid-3"
524,110,ADD,0,1,1,2312,"ffn_out-3","ffn_moe_out-3","ffn_shexp_gated-3"
525,5,MUL_MAT,0,318,13,645,"linear_attn_out-4","blk.4.ssm_out.weight","final_output-4"
525,34,SCALE,0,1,1,929,"ffn_moe_inp-4","node_837",""
525,70,ADD,0,1,21,2303,"ffn_moe_out-4","node_873","ffn_moe_weighted-4 (view)"
525,74,MUL_MAT,0,20,20,2442,"ffn_shexp-4","blk.4.ffn_down_shexp.weight","ffn_swiglu-4"
525,77,MUL,0,1,1,2451,"ffn_shexp_gated-4","ffn_shexp-4","shared_expert_gate_sigmoid-4"
525,78,ADD,0,1,0,2452,"ffn_out-4","ffn_moe_out-4","ffn_shexp_gated-4"
526,5,MUL_MAT,0,173,166,655,"linear_attn_out-5","blk.5.ssm_out.weight","final_output-5"
526,34,SCALE,0,1,1,918,"ffn_moe_inp-5","node_991",""
526,70,ADD,0,2,0,2207,"ffn_moe_out-5","node_1027","ffn_moe_weighted-5 (view)"
526,74,MUL_MAT,0,34,5,2337,"ffn_shexp-5","blk.5.ffn_down_shexp.weight","ffn_swiglu-5"
526,77,MUL,0,2,0,2345,"ffn_shexp_gated-5","ffn_shexp-5","shared_expert_gate_sigmoid-5"
526,78,ADD,0,1,0,2347,"ffn_out-5","ffn_moe_out-5","ffn_shexp_gated-5"
527,5,MUL_MAT,0,275,82,719,"linear_attn_out-6","blk.6.ssm_out.weight","final_output-6"
527,34,SCALE,0,0,2,978,"ffn_moe_inp-6","node_1145",""
527,70,ADD,0,1,0,1754,"ffn_moe_out-6","node_1181","ffn_moe_weighted-6 (view)"
527,74,MUL_MAT,0,31,10,1881,"ffn_shexp-6","blk.6.ffn_down_shexp.weight","ffn_swiglu-6"
527,77,MUL,0,2,0,1890,"ffn_shexp_gated-6","ffn_shexp-6","shared_expert_gate_sigmoid-6"
527,78,ADD,0,1,4,1896,"ffn_out-6","ffn_moe_out-6","ffn_shexp_gated-6"
528,38,MUL_MAT,0,285,65,630,"attn_output-7","blk.7.attn_output.weight","attn_gated-7"
528,66,SCALE,0,0,2,899,"ffn_moe_inp-7","node_1332",""
528,102,ADD,0,1,1,1740,"ffn_moe_out-7","node_1368","ffn_moe_weighted-7 (view)"
528,106,MUL_MAT,0,35,2,1867,"ffn_shexp-7","blk.7.ffn_down_shexp.weight","ffn_swiglu-7"
528,109,MUL,0,3,0,1878,"ffn_shexp_gated-7","ffn_shexp-7","shared_expert_gate_sigmoid-7"
528,110,ADD,0,1,1,1881,"ffn_out-7","ffn_moe_out-7","ffn_shexp_gated-7"
529,5,MUL_MAT,0,318,44,682,"linear_attn_out-8","blk.8.ssm_out.weight","final_output-8"
529,34,SCALE,0,0,8,1054,"ffn_moe_inp-8","node_1486",""
529,70,ADD,0,1,1,1920,"ffn_moe_out-8","node_1522","ffn_moe_weighted-8 (view)"
529,74,MUL_MAT,0,37,2,2053,"ffn_shexp-8","blk.8.ffn_down_shexp.weight","ffn_swiglu-8"
529,77,MUL,0,3,0,2064,"ffn_shexp_gated-8","ffn_shexp-8","shared_expert_gate_sigmoid-8"
529,78,ADD,0,2,0,2066,"ffn_out-8","ffn_moe_out-8","ffn_shexp_gated-8"
530,5,MUL_MAT,0,293,31,643,"linear_attn_out-9","blk.9.ssm_out.weight","final_output-9"
530,34,SCALE,0,0,6,902,"ffn_moe_inp-9","node_1640",""
530,70,ADD,0,1,0,1712,"ffn_moe_out-9","node_1676","ffn_moe_weighted-9 (view)"
530,74,MUL_MAT,0,33,4,1835,"ffn_shexp-9","blk.9.ffn_down_shexp.weight","ffn_swiglu-9"
530,77,MUL,0,3,0,1844,"ffn_shexp_gated-9","ffn_shexp-9","shared_expert_gate_sigmoid-9"
530,78,ADD,0,1,0,1846,"ffn_out-9","ffn_moe_out-9","ffn_shexp_gated-9"
531,5,MUL_MAT,0,337,12,672,"linear_attn_out-10","blk.10.ssm_out.weight","final_output-10"
531,34,SCALE,0,0,2,967,"ffn_moe_inp-10","node_1794",""
531,70,ADD,0,1,0,1784,"ffn_moe_out-10","node_1830","ffn_moe_weighted-10 (view)"
531,74,MUL_MAT,0,33,12,1925,"ffn_shexp-10","blk.10.ffn_down_shexp.weight","ffn_swiglu-10"
531,77,MUL,0,3,0,1935,"ffn_shexp_gated-10","ffn_shexp-10","shared_expert_gate_sigmoid-10"
531,78,ADD,0,1,0,1937,"ffn_out-10","ffn_moe_out-10","ffn_shexp_gated-10"
532,38,MUL_MAT,0,293,24,549,"attn_output-11","blk.11.attn_output.weight","attn_gated-11"
532,66,SCALE,0,1,1,891,"ffn_moe_inp-11","node_1981",""
532,102,ADD,0,2,0,1686,"ffn_moe_out-11","node_2017","ffn_moe_weighted-11 (view)"
532,106,MUL_MAT,0,35,2,1803,"ffn_shexp-11","blk.11.ffn_down_shexp.weight","ffn_swiglu-11"
532,109,MUL,0,3,1,1815,"ffn_shexp_gated-11","ffn_shexp-11","shared_expert_gate_sigmoid-11"
532,110,ADD,0,1,4,1820,"ffn_out-11","ffn_moe_out-11","ffn_shexp_gated-11"
533,5,MUL_MAT,0,302,44,694,"linear_attn_out-12","blk.12.ssm_out.weight","final_output-12"
533,34,SCALE,0,1,1,940,"ffn_moe_inp-12","node_2135",""
533,70,ADD,0,1,1,1737,"ffn_moe_out-12","node_2171","ffn_moe_weighted-12 (view)"
533,74,MUL_MAT,0,29,8,1859,"ffn_shexp-12","blk.12.ffn_down_shexp.weight","ffn_swiglu-12"
533,77,MUL,0,2,0,1866,"ffn_shexp_gated-12","ffn_shexp-12","shared_expert_gate_sigmoid-12"
533,78,ADD,0,1,0,1867,"ffn_out-12","ffn_moe_out-12","ffn_shexp_gated-12"
534,5,MUL_MAT,0,309,67,752,"linear_attn_out-13","blk.13.ssm_out.weight","final_output-13"
534,34,SCALE,0,0,2,1087,"ffn_moe_inp-13","node_2289",""
534,70,ADD,0,1,0,1927,"ffn_moe_out-13","node_2325","ffn_moe_weighted-13 (view)"
534,74,MUL_MAT,0,30,21,2064,"ffn_shexp-13","blk.13.ffn_down_shexp.weight","ffn_swiglu-13"
534,77,MUL,0,2,0,2071,"ffn_shexp_gated-13","ffn_shexp-13","shared_expert_gate_sigmoid-13"
534,78,ADD,0,1,1,2073,"ffn_out-13","ffn_moe_out-13","ffn_shexp_gated-13"
535,5,MUL_MAT,0,286,58,677,"linear_attn_out-14","blk.14.ssm_out.weight","final_output-14"
535,34,SCALE,0,0,2,1002,"ffn_moe_inp-14","node_2443",""
535,70,ADD,0,1,0,1858,"ffn_moe_out-14","node_2479","ffn_moe_weighted-14 (view)"
535,74,MUL_MAT,0,30,12,1980,"ffn_shexp-14","blk.14.ffn_down_shexp.weight","ffn_swiglu-14"
535,77,MUL,0,2,1,1989,"ffn_shexp_gated-14","ffn_shexp-14","shared_expert_gate_sigmoid-14"
535,78,ADD,0,1,4,1994,"ffn_out-14","ffn_moe_out-14","ffn_shexp_gated-14"
536,38,MUL_MAT,0,179,162,568,"attn_output-15","blk.15.attn_output.weight","attn_gated-15"
536,66,SCALE,0,0,2,803,"ffn_moe_inp-15","node_2630",""
536,102,ADD,0,1,1,1982,"ffn_moe_out-15","node_2666","ffn_moe_weighted-15 (view)"
536,106,MUL_MAT,0,18,22,2097,"ffn_shexp-15","blk.15.ffn_down_shexp.weight","ffn_swiglu-15"
536,109,MUL,0,1,1,2106,"ffn_shexp_gated-15","ffn_shexp-15","shared_expert_gate_sigmoid-15"
536,110,ADD,0,1,1,2108,"ffn_out-15","ffn_moe_out-15","ffn_shexp_gated-15"
537,5,MUL_MAT,0,239,125,719,"linear_attn_out-16","blk.16.ssm_out.weight","final_output-16"
537,34,SCALE,0,0,2,1023,"ffn_moe_inp-16","node_2784",""
537,70,ADD,0,1,0,2315,"ffn_moe_out-16","node_2820","ffn_moe_weighted-16 (view)"
537,74,MUL_MAT,0,166,3,2633,"ffn_shexp-16","blk.16.ffn_down_shexp.weight","ffn_swiglu-16"
537,77,MUL,0,2,0,2642,"ffn_shexp_gated-16","ffn_shexp-16","shared_expert_gate_sigmoid-16"
537,78,ADD,0,2,0,2644,"ffn_out-16","ffn_moe_out-16","ffn_shexp_gated-16"
538,5,MUL_MAT,0,303,65,718,"linear_attn_out-17","blk.17.ssm_out.weight","final_output-17"
538,34,SCALE,0,0,2,1007,"ffn_moe_inp-17","node_2938",""
538,70,ADD,0,1,1,1910,"ffn_moe_out-17","node_2974","ffn_moe_weighted-17 (view)"
538,74,MUL_MAT,0,45,1,2106,"ffn_shexp-17","blk.17.ffn_down_shexp.weight","ffn_swiglu-17"
538,77,MUL,0,2,0,2115,"ffn_shexp_gated-17","ffn_shexp-17","shared_expert_gate_sigmoid-17"
538,78,ADD,0,1,1,2117,"ffn_out-17","ffn_moe_out-17","ffn_shexp_gated-17"
539,5,MUL_MAT,0,272,63,660,"linear_attn_out-18","blk.18.ssm_out.weight","final_output-18"
539,34,SCALE,0,0,2,924,"ffn_moe_inp-18","node_3092",""
539,70,ADD,0,1,0,1805,"ffn_moe_out-18","node_3128","ffn_moe_weighted-18 (view)"
539,74,MUL_MAT,0,34,12,1943,"ffn_shexp-18","blk.18.ffn_down_shexp.weight","ffn_swiglu-18"
539,77,MUL,0,2,1,1951,"ffn_shexp_gated-18","ffn_shexp-18","shared_expert_gate_sigmoid-18"
539,78,ADD,0,1,0,1952,"ffn_out-18","ffn_moe_out-18","ffn_shexp_gated-18"
540,38,MUL_MAT,0,279,51,537,"attn_output-19","blk.19.attn_output.weight","attn_gated-19"
540,66,SCALE,0,0,7,836,"ffn_moe_inp-19","node_3279",""
540,102,ADD,0,1,1,1676,"ffn_moe_out-19","node_3315","ffn_moe_weighted-19 (view)"
540,106,MUL_MAT,0,29,14,1791,"ffn_shexp-19","blk.19.ffn_down_shexp.weight","ffn_swiglu-19"
540,109,MUL,0,1,1,1800,"ffn_shexp_gated-19","ffn_shexp-19","shared_expert_gate_sigmoid-19"
540,110,ADD,0,1,1,1802,"ffn_out-19","ffn_moe_out-19","ffn_shexp_gated-19"
541,5,MUL_MAT,0,278,57,656,"linear_attn_out-20","blk.20.ssm_out.weight","final_output-20"
541,34,SCALE,0,0,2,977,"ffn_moe_inp-20","node_3433",""
541,70,ADD,0,1,0,1867,"ffn_moe_out-20","node_3469","ffn_moe_weighted-20 (view)"
541,74,MUL_MAT,0,32,9,2007,"ffn_shexp-20","blk.20.ffn_down_shexp.weight","ffn_swiglu-20"
541,77,MUL,0,2,0,2016,"ffn_shexp_gated-20","ffn_shexp-20","shared_expert_gate_sigmoid-20"
541,78,ADD,0,1,1,2018,"ffn_out-20","ffn_moe_out-20","ffn_shexp_gated-20"
542,5,MUL_MAT,0,286,56,679,"linear_attn_out-21","blk.21.ssm_out.weight","final_output-21"
542,34,SCALE,0,1,11,959,"ffn_moe_inp-21","node_3587",""
542,70,ADD,0,1,1,1774,"ffn_moe_out-21","node_3623","ffn_moe_weighted-21 (view)"
542,74,MUL_MAT,0,40,5,1906,"ffn_shexp-21","blk.21.ffn_down_shexp.weight","ffn_swiglu-21"
542,77,MUL,0,2,0,1919,"ffn_shexp_gated-21","ffn_shexp-21","shared_expert_gate_sigmoid-21"
542,78,ADD,0,1,2,1922,"ffn_out-21","ffn_moe_out-21","ffn_shexp_gated-21"
543,5,MUL_MAT,0,300,63,705,"linear_attn_out-22","blk.22.ssm_out.weight","final_output-22"
543,34,SCALE,0,0,1,972,"ffn_moe_inp-22","node_3741",""
543,70,ADD,0,1,1,1812,"ffn_moe_out-22","node_3777","ffn_moe_weighted-22 (view)"
543,74,MUL_MAT,0,31,8,1941,"ffn_shexp-22","blk.22.ffn_down_shexp.weight","ffn_swiglu-22"
543,77,MUL,0,2,0,1950,"ffn_shexp_gated-22","ffn_shexp-22","shared_expert_gate_sigmoid-22"
543,78,ADD,0,1,1,1953,"ffn_out-22","ffn_moe_out-22","ffn_shexp_gated-22"
544,38,MUL_MAT,0,271,62,550,"attn_output-23","blk.23.attn_output.weight","attn_gated-23"
544,66,SCALE,0,0,3,803,"ffn_moe_inp-23","node_3928",""
544,102,ADD,0,1,0,1597,"ffn_moe_out-23","node_3964","ffn_moe_weighted-23 (view)"
544,106,MUL_MAT,0,29,15,1722,"ffn_shexp-23","blk.23.ffn_down_shexp.weight","ffn_swiglu-23"
544,109,MUL,0,2,0,1730,"ffn_shexp_gated-23","ffn_shexp-23","shared_expert_gate_sigmoid-23"
544,110,ADD,0,1,0,1732,"ffn_out-23","ffn_moe_out-23","ffn_shexp_gated-23"
545,5,MUL_MAT,0,320,15,678,"linear_attn_out-24","blk.24.ssm_out.weight","final_output-24"
545,34,SCALE,0,1,1,965,"ffn_moe_inp-24","node_4082",""
545,70,ADD,0,2,0,2152,"ffn_moe_out-24","node_4118","ffn_moe_weighted-24 (view)"
545,74,MUL_MAT,0,35,1,2267,"ffn_shexp-24","blk.24.ffn_down_shexp.weight","ffn_swiglu-24"
545,77,MUL,0,4,0,2278,"ffn_shexp_gated-24","ffn_shexp-24","shared_expert_gate_sigmoid-24"
545,78,ADD,0,2,0,2280,"ffn_out-24","ffn_moe_out-24","ffn_shexp_gated-24"
546,5,MUL_MAT,0,274,65,730,"linear_attn_out-25","blk.25.ssm_out.weight","final_output-25"
546,34,SCALE,0,0,1,978,"ffn_moe_inp-25","node_4236",""
546,70,ADD,0,1,0,1846,"ffn_moe_out-25","node_4272","ffn_moe_weighted-25 (view)"
546,74,MUL_MAT,0,30,11,1965,"ffn_shexp-25","blk.25.ffn_down_shexp.weight","ffn_swiglu-25"
546,77,MUL,0,2,1,1973,"ffn_shexp_gated-25","ffn_shexp-25","shared_expert_gate_sigmoid-25"
546,78,ADD,0,1,0,1974,"ffn_out-25","ffn_moe_out-25","ffn_shexp_gated-25"
547,5,MUL_MAT,0,288,54,675,"linear_attn_out-26","blk.26.ssm_out.weight","final_output-26"
547,34,SCALE,0,0,2,923,"ffn_moe_inp-26","node_4390",""
547,70,ADD,0,1,0,1755,"ffn_moe_out-26","node_4426","ffn_moe_weighted-26 (view)"
547,74,MUL_MAT,0,23,16,1880,"ffn_shexp-26","blk.26.ffn_down_shexp.weight","ffn_swiglu-26"
547,77,MUL,0,1,0,1896,"ffn_shexp_gated-26","ffn_shexp-26","shared_expert_gate_sigmoid-26"
547,78,ADD,0,0,1,1898,"ffn_out-26","ffn_moe_out-26","ffn_shexp_gated-26"
548,38,MUL_MAT,0,162,156,516,"attn_output-27","blk.27.attn_output.weight","attn_gated-27"
548,66,SCALE,0,0,2,730,"ffn_moe_inp-27","node_4577",""
548,102,ADD,0,2,0,2104,"ffn_moe_out-27","node_4613","ffn_moe_weighted-27 (view)"
548,106,MUL_MAT,0,18,16,2238,"ffn_shexp-27","blk.27.ffn_down_shexp.weight","ffn_swiglu-27"
548,109,MUL,0,1,1,2255,"ffn_shexp_gated-27","ffn_shexp-27","shared_expert_gate_sigmoid-27"
548,110,ADD,0,1,0,2256,"ffn_out-27","ffn_moe_out-27","ffn_shexp_gated-27"
549,5,MUL_MAT,0,175,159,680,"linear_attn_out-28","blk.28.ssm_out.weight","final_output-28"
549,34,SCALE,0,0,1,921,"ffn_moe_inp-28","node_4731",""
549,70,ADD,0,2,0,1707,"ffn_moe_out-28","node_4767","ffn_moe_weighted-28 (view)"
549,74,MUL_MAT,0,35,9,1839,"ffn_shexp-28","blk.28.ffn_down_shexp.weight","ffn_swiglu-28"
549,77,MUL,0,4,0,1848,"ffn_shexp_gated-28","ffn_shexp-28","shared_expert_gate_sigmoid-28"
549,78,ADD,0,1,1,1850,"ffn_out-28","ffn_moe_out-28","ffn_shexp_gated-28"
550,5,MUL_MAT,0,340,10,738,"linear_attn_out-29","blk.29.ssm_out.weight","final_output-29"
550,34,SCALE,0,0,2,1030,"ffn_moe_inp-29","node_4885",""
550,70,ADD,0,1,1,2734,"ffn_moe_out-29","node_4921","ffn_moe_weighted-29 (view)"
550,74,MUL_MAT,0,28,12,2853,"ffn_shexp-29","blk.29.ffn_down_shexp.weight","ffn_swiglu-29"
550,77,MUL,0,2,0,2862,"ffn_shexp_gated-29","ffn_shexp-29","shared_expert_gate_sigmoid-29"
550,78,ADD,0,1,1,2865,"ffn_out-29","ffn_moe_out-29","ffn_shexp_gated-29"
551,5,MUL_MAT,0,273,64,657,"linear_attn_out-30","blk.30.ssm_out.weight","final_output-30"
551,34,SCALE,0,0,2,913,"ffn_moe_inp-30","node_5039",""
551,70,ADD,0,1,0,1923,"ffn_moe_out-30","node_5075","ffn_moe_weighted-30 (view)"
551,74,MUL_MAT,0,30,11,2057,"ffn_shexp-30","blk.30.ffn_down_shexp.weight","ffn_swiglu-30"
551,77,MUL,0,2,0,2065,"ffn_shexp_gated-30","ffn_shexp-30","shared_expert_gate_sigmoid-30"
551,78,ADD,0,1,1,2068,"ffn_out-30","ffn_moe_out-30","ffn_shexp_gated-30"
552,38,MUL_MAT,0,266,66,571,"attn_output-31","blk.31.attn_output.weight","attn_gated-31"
552,66,SCALE,0,0,2,896,"ffn_moe_inp-31","node_5226",""
552,102,ADD,0,1,1,1724,"ffn_moe_out-31","node_5262","ffn_moe_weighted-31 (view)"
552,106,MUL_MAT,0,52,1,1856,"ffn_shexp-31","blk.31.ffn_down_shexp.weight","ffn_swiglu-31"
552,109,MUL,0,3,0,1869,"ffn_shexp_gated-31","ffn_shexp-31","shared_expert_gate_sigmoid-31"
552,110,ADD,0,1,0,1871,"ffn_out-31","ffn_moe_out-31","ffn_shexp_gated-31"
553,5,MUL_MAT,0,325,18,675,"linear_attn_out-32","blk.32.ssm_out.weight","final_output-32"
553,34,SCALE,0,0,1,973,"ffn_moe_inp-32","node_5380",""
553,70,ADD,0,2,0,1873,"ffn_moe_out-32","node_5416","ffn_moe_weighted-32 (view)"
553,74,MUL_MAT,0,38,6,2011,"ffn_shexp-32","blk.32.ffn_down_shexp.weight","ffn_swiglu-32"
553,77,MUL,0,3,1,2034,"ffn_shexp_gated-32","ffn_shexp-32","shared_expert_gate_sigmoid-32"
553,78,ADD,0,1,15,2050,"ffn_out-32","ffn_moe_out-32","ffn_shexp_gated-32"
554,5,MUL_MAT,0,278,65,692,"linear_attn_out-33","blk.33.ssm_out.weight","final_output-33"
554,34,SCALE,0,1,1,941,"ffn_moe_inp-33","node_5534",""
554,70,ADD,0,1,0,1825,"ffn_moe_out-33","node_5570","ffn_moe_weighted-33 (view)"
554,74,MUL_MAT,0,28,13,1952,"ffn_shexp-33","blk.33.ffn_down_shexp.weight","ffn_swiglu-33"
554,77,MUL,0,3,0,1969,"ffn_shexp_gated-33","ffn_shexp-33","shared_expert_gate_sigmoid-33"
554,78,ADD,0,2,4,1975,"ffn_out-33","ffn_moe_out-33","ffn_shexp_gated-33"
555,5,MUL_MAT,0,202,145,693,"linear_attn_out-34","blk.34.ssm_out.weight","final_output-34"
555,34,SCALE,0,0,2,927,"ffn_moe_inp-34","node_5688",""
555,70,ADD,0,1,1,1754,"ffn_moe_out-34","node_5724","ffn_moe_weighted-34 (view)"
555,74,MUL_MAT,0,25,15,1873,"ffn_shexp-34","blk.34.ffn_down_shexp.weight","ffn_swiglu-34"
555,77,MUL,0,2,0,1890,"ffn_shexp_gated-34","ffn_shexp-34","shared_expert_gate_sigmoid-34"
555,78,ADD,0,0,2,1893,"ffn_out-34","ffn_moe_out-34","ffn_shexp_gated-34"
556,38,MUL_MAT,0,180,159,584,"attn_output-35","blk.35.attn_output.weight","attn_gated-35"
556,66,SCALE,0,0,2,820,"ffn_moe_inp-35","node_5875",""
556,102,ADD,0,1,1,1694,"ffn_moe_out-35","node_5911","ffn_moe_weighted-35 (view)"
556,106,MUL_MAT,0,28,8,1881,"ffn_shexp-35","blk.35.ffn_down_shexp.weight","ffn_swiglu-35"
556,109,MUL,0,2,0,1889,"ffn_shexp_gated-35","ffn_shexp-35","shared_expert_gate_sigmoid-35"
556,110,ADD,0,1,0,1891,"ffn_out-35","ffn_moe_out-35","ffn_shexp_gated-35"
557,5,MUL_MAT,0,280,66,676,"linear_attn_out-36","blk.36.ssm_out.weight","final_output-36"
557,34,SCALE,0,0,2,947,"ffn_moe_inp-36","node_6029",""
557,70,ADD,0,1,0,1761,"ffn_moe_out-36","node_6065","ffn_moe_weighted-36 (view)"
557,74,MUL_MAT,0,42,13,1895,"ffn_shexp-36","blk.36.ffn_down_shexp.weight","ffn_swiglu-36"
557,77,MUL,0,1,1,1904,"ffn_shexp_gated-36","ffn_shexp-36","shared_expert_gate_sigmoid-36"
557,78,ADD,0,1,1,1906,"ffn_out-36","ffn_moe_out-36","ffn_shexp_gated-36"
558,5,MUL_MAT,0,277,75,690,"linear_attn_out-37","blk.37.ssm_out.weight","final_output-37"
558,34,SCALE,0,0,1,939,"ffn_moe_inp-37","node_6183",""
558,70,ADD,0,2,0,1739,"ffn_moe_out-37","node_6219","ffn_moe_weighted-37 (view)"
558,74,MUL_MAT,0,29,11,1866,"ffn_shexp-37","blk.37.ffn_down_shexp.weight","ffn_swiglu-37"
558,77,MUL,0,2,0,1874,"ffn_shexp_gated-37","ffn_shexp-37","shared_expert_gate_sigmoid-37"
558,78,ADD,0,1,1,1877,"ffn_out-37","ffn_moe_out-37","ffn_shexp_gated-37"
559,5,MUL_MAT,0,306,54,707,"linear_attn_out-38","blk.38.ssm_out.weight","final_output-38"
559,34,SCALE,0,0,2,955,"ffn_moe_inp-38","node_6337",""
559,70,ADD,0,1,1,2399,"ffn_moe_out-38","node_6373","ffn_moe_weighted-38 (view)"
559,74,MUL_MAT,0,30,7,2526,"ffn_shexp-38","blk.38.ffn_down_shexp.weight","ffn_swiglu-38"
559,77,MUL,0,2,0,2535,"ffn_shexp_gated-38","ffn_shexp-38","shared_expert_gate_sigmoid-38"
559,78,ADD,0,1,1,2537,"ffn_out-38","ffn_moe_out-38","ffn_shexp_gated-38"
560,0,GET_ROWS,0,3,0,3,"model.input_embed","token_embd.weight","inp_tokens"
561,5,MUL_MAT,0,300,73,730,"linear_attn_out-0","blk.0.ssm_out.weight","final_output-0"
561,34,SCALE,0,0,9,1089,"ffn_moe_inp-0","node_104",""
561,70,ADD,0,1,1,1968,"ffn_moe_out-0","node_140","ffn_moe_weighted-0 (view)"
561,93,MUL_MAT,0,29,6,2880,"ffn_shexp-0","blk.0.ffn_down_shexp.weight","ffn_swiglu-0"
561,96,MUL,0,2,1,2900,"ffn_shexp_gated-0","ffn_shexp-0","shared_expert_gate_sigmoid-0"
561,97,ADD,0,1,1,2902,"ffn_out-0","ffn_moe_out-0","ffn_shexp_gated-0"
562,5,MUL_MAT,0,176,160,683,"linear_attn_out-1","blk.1.ssm_out.weight","final_output-1"
562,34,SCALE,0,0,1,916,"ffn_moe_inp-1","node_342",""
562,70,ADD,0,1,0,2365,"ffn_moe_out-1","node_378","ffn_moe_weighted-1 (view)"
562,74,MUL_MAT,0,21,21,2493,"ffn_shexp-1","blk.1.ffn_down_shexp.weight","ffn_swiglu-1"
562,77,MUL,0,2,0,2500,"ffn_shexp_gated-1","ffn_shexp-1","shared_expert_gate_sigmoid-1"
562,78,ADD,0,0,1,2502,"ffn_out-1","ffn_moe_out-1","ffn_shexp_gated-1"
563,5,MUL_MAT,0,269,84,703,"linear_attn_out-2","blk.2.ssm_out.weight","final_output-2"
563,34,SCALE,0,0,1,957,"ffn_moe_inp-2","node_496",""
563,70,ADD,0,1,0,2426,"ffn_moe_out-2","node_532","ffn_moe_weighted-2 (view)"
563,74,MUL_MAT,0,31,6,2540,"ffn_shexp-2","blk.2.ffn_down_shexp.weight","ffn_swiglu-2"
563,77,MUL,0,2,7,2556,"ffn_shexp_gated-2","ffn_shexp-2","shared_expert_gate_sigmoid-2"
563,78,ADD,0,1,4,2561,"ffn_out-2","ffn_moe_out-2","ffn_shexp_gated-2"
564,38,MUL_MAT,0,261,73,565,"attn_output-3","blk.3.attn_output.weight","attn_gated-3"
564,66,SCALE,0,0,1,804,"ffn_moe_inp-3","node_683",""
564,102,ADD,0,1,0,1642,"ffn_moe_out-3","node_719","ffn_moe_weighted-3 (view)"
564,106,MUL_MAT,0,36,10,1821,"ffn_shexp-3","blk.3.ffn_down_shexp.weight","ffn_swiglu-3"
564,109,MUL,0,2,11,1863,"ffn_shexp_gated-3","ffn_shexp-3","shared_expert_gate_sigmoid-3"
564,110,ADD,0,2,16,1881,"ffn_out-3","ffn_moe_out-3","ffn_shexp_gated-3"
565,5,MUL_MAT,0,266,85,698,"linear_attn_out-4","blk.4.ssm_out.weight","final_output-4"
565,34,SCALE,0,0,2,961,"ffn_moe_inp-4","node_837",""
565,70,ADD,0,1,12,3056,"ffn_moe_out-4","node_873","ffn_moe_weighted-4 (view)"
565,74,MUL_MAT,0,40,8,3262,"ffn_shexp-4","blk.4.ffn_down_shexp.weight","ffn_swiglu-4"
565,77,MUL,0,3,13,3306,"ffn_shexp_gated-4","ffn_shexp-4","shared_expert_gate_sigmoid-4"
565,78,ADD,0,2,9,3317,"ffn_out-4","ffn_moe_out-4","ffn_shexp_gated-4"
566,5,MUL_MAT,0,319,17,648,"linear_attn_out-5","blk.5.ssm_out.weight","final_output-5"
566,34,SCALE,0,0,1,917,"ffn_moe_inp-5","node_991",""
566,70,ADD,0,1,1,2412,"ffn_moe_out-5","node_1027","ffn_moe_weighted-5 (view)"
566,74,MUL_MAT,0,38,1,2547,"ffn_shexp-5","blk.5.ffn_down_shexp.weight","ffn_swiglu-5"
566,77,MUL,0,4,0,2558,"ffn_shexp_gated-5","ffn_shexp-5","shared_expert_gate_sigmoid-5"
566,78,ADD,0,2,0,2560,"ffn_out-5","ffn_moe_out-5","ffn_shexp_gated-5"
567,5,MUL_MAT,0,328,24,685,"linear_attn_out-6","blk.6.ssm_out.weight","final_output-6"
567,34,SCALE,0,0,1,1014,"ffn_moe_inp-6","node_1145",""
567,70,ADD,0,1,1,1848,"ffn_moe_out-6","node_1181","ffn_moe_weighted-6 (view)"
567,74,MUL_MAT,0,36,7,1977,"ffn_shexp-6","blk.6.ffn_down_shexp.weight","ffn_swiglu-6"
567,77,MUL,0,3,0,1996,"ffn_shexp_gated-6","ffn_shexp-6","shared_expert_gate_sigmoid-6"
567,78,ADD,0,1,1,1999,"ffn_out-6","ffn_moe_out-6","ffn_shexp_gated-6"
568,38,MUL_MAT,0,348,109,718,"attn_output-7","blk.7.attn_output.weight","attn_gated-7"
568,66,SCALE,0,0,1,977,"ffn_moe_inp-7","node_1332",""
568,102,ADD,0,1,1,1988,"ffn_moe_out-7","node_1368","ffn_moe_weighted-7 (view)"
568,106,MUL_MAT,0,32,5,2142,"ffn_shexp-7","blk.7.ffn_down_shexp.weight","ffn_swiglu-7"
568,109,MUL,0,2,6,2177,"ffn_shexp_gated-7","ffn_shexp-7","shared_expert_gate_sigmoid-7"
568,110,ADD,0,1,12,2190,"ffn_out-7","ffn_moe_out-7","ffn_shexp_gated-7"
569,5,MUL_MAT,0,275,62,692,"linear_attn_out-8","blk.8.ssm_out.weight","final_output-8"
569,34,SCALE,0,0,6,1130,"ffn_moe_inp-8","node_1486",""
569,70,ADD,0,1,1,2086,"ffn_moe_out-8","node_1522","ffn_moe_weighted-8 (view)"
569,74,MUL_MAT,0,33,10,2232,"ffn_shexp-8","blk.8.ffn_down_shexp.weight","ffn_swiglu-8"
569,77,MUL,0,2,0,2243,"ffn_shexp_gated-8","ffn_shexp-8","shared_expert_gate_sigmoid-8"
569,78,ADD,0,1,1,2245,"ffn_out-8","ffn_moe_out-8","ffn_shexp_gated-8"
570,5,MUL_MAT,0,158,169,641,"linear_attn_out-9","blk.9.ssm_out.weight","final_output-9"
570,34,SCALE,0,0,2,892,"ffn_moe_inp-9","node_1640",""
570,70,ADD,0,1,1,1734,"ffn_moe_out-9","node_1676","ffn_moe_weighted-9 (view)"
570,74,MUL_MAT,0,23,19,1866,"ffn_shexp-9","blk.9.ffn_down_shexp.weight","ffn_swiglu-9"
570,77,MUL,0,2,0,1878,"ffn_shexp_gated-9","ffn_shexp-9","shared_expert_gate_sigmoid-9"
570,78,ADD,0,1,0,1880,"ffn_out-9","ffn_moe_out-9","ffn_shexp_gated-9"
571,5,MUL_MAT,0,315,52,724,"linear_attn_out-10","blk.10.ssm_out.weight","final_output-10"
571,34,SCALE,0,0,1,996,"ffn_moe_inp-10","node_1794",""
571,70,ADD,0,1,1,1836,"ffn_moe_out-10","node_1830","ffn_moe_weighted-10 (view)"
571,74,MUL_MAT,0,19,19,1957,"ffn_shexp-10","blk.10.ffn_down_shexp.weight","ffn_swiglu-10"
571,77,MUL,0,1,1,1966,"ffn_shexp_gated-10","ffn_shexp-10","shared_expert_gate_sigmoid-10"
571,78,ADD,0,1,1,1968,"ffn_out-10","ffn_moe_out-10","ffn_shexp_gated-10"
572,38,MUL_MAT,0,172,156,569,"attn_output-11","blk.11.attn_output.weight","attn_gated-11"
572,66,SCALE,0,1,2,848,"ffn_moe_inp-11","node_1981",""
572,102,ADD,0,1,1,1658,"ffn_moe_out-11","node_2017","ffn_moe_weighted-11 (view)"
572,106,MUL_MAT,0,22,15,1771,"ffn_shexp-11","blk.11.ffn_down_shexp.weight","ffn_swiglu-11"
572,109,MUL,0,2,0,1780,"ffn_shexp_gated-11","ffn_shexp-11","shared_expert_gate_sigmoid-11"
572,110,ADD,0,1,0,1782,"ffn_out-11","ffn_moe_out-11","ffn_shexp_gated-11"
573,5,MUL_MAT,0,257,75,657,"linear_attn_out-12","blk.12.ssm_out.weight","final_output-12"
573,34,SCALE,0,0,2,922,"ffn_moe_inp-12","node_2135",""
573,70,ADD,0,1,1,2262,"ffn_moe_out-12","node_2171","ffn_moe_weighted-12 (view)"
573,74,MUL_MAT,0,20,21,2414,"ffn_shexp-12","blk.12.ffn_down_shexp.weight","ffn_swiglu-12"
573,77,MUL,0,2,0,2422,"ffn_shexp_gated-12","ffn_shexp-12","shared_expert_gate_sigmoid-12"
573,78,ADD,0,1,0,2424,"ffn_out-12","ffn_moe_out-12","ffn_shexp_gated-12"
574,5,MUL_MAT,0,214,150,730,"linear_attn_out-13","blk.13.ssm_out.weight","final_output-13"
574,34,SCALE,0,0,2,976,"ffn_moe_inp-13","node_2289",""
574,70,ADD,0,1,1,1786,"ffn_moe_out-13","node_2325","ffn_moe_weighted-13 (view)"
574,74,MUL_MAT,0,21,15,1898,"ffn_shexp-13","blk.13.ffn_down_shexp.weight","ffn_swiglu-13"
574,77,MUL,0,2,0,1905,"ffn_shexp_gated-13","ffn_shexp-13","shared_expert_gate_sigmoid-13"
574,78,ADD,0,1,3,1910,"ffn_out-13","ffn_moe_out-13","ffn_shexp_gated-13"
575,5,MUL_MAT,0,174,170,663,"linear_attn_out-14","blk.14.ssm_out.weight","final_output-14"
575,34,SCALE,0,0,2,921,"ffn_moe_inp-14","node_2443",""
575,70,ADD,0,1,0,1790,"ffn_moe_out-14","node_2479","ffn_moe_weighted-14 (view)"
575,74,MUL_MAT,0,22,20,1918,"ffn_shexp-14","blk.14.ffn_down_shexp.weight","ffn_swiglu-14"
575,77,MUL,0,2,0,1926,"ffn_shexp_gated-14","ffn_shexp-14","shared_expert_gate_sigmoid-14"
575,78,ADD,0,1,1,1928,"ffn_out-14","ffn_moe_out-14","ffn_shexp_gated-14"
576,38,MUL_MAT,0,244,75,563,"attn_output-15","blk.15.attn_output.weight","attn_gated-15"
576,66,SCALE,0,1,1,853,"ffn_moe_inp-15","node_2630",""
576,102,ADD,0,1,0,1644,"ffn_moe_out-15","node_2666","ffn_moe_weighted-15 (view)"
576,106,MUL_MAT,0,28,18,1773,"ffn_shexp-15","blk.15.ffn_down_shexp.weight","ffn_swiglu-15"
576,109,MUL,0,2,1,1791,"ffn_shexp_gated-15","ffn_shexp-15","shared_expert_gate_sigmoid-15"
576,110,ADD,0,1,0,1792,"ffn_out-15","ffn_moe_out-15","ffn_shexp_gated-15"
577,5,MUL_MAT,0,289,64,702,"linear_attn_out-16","blk.16.ssm_out.weight","final_output-16"
577,34,SCALE,0,0,2,981,"ffn_moe_inp-16","node_2784",""
577,70,ADD,0,1,27,2024,"ffn_moe_out-16","node_2820","ffn_moe_weighted-16 (view)"
577,74,MUL_MAT,0,35,9,2151,"ffn_shexp-16","blk.16.ffn_down_shexp.weight","ffn_swiglu-16"
577,77,MUL,0,2,1,2161,"ffn_shexp_gated-16","ffn_shexp-16","shared_expert_gate_sigmoid-16"
577,78,ADD,0,1,0,2162,"ffn_out-16","ffn_moe_out-16","ffn_shexp_gated-16"
578,5,MUL_MAT,0,364,1,725,"linear_attn_out-17","blk.17.ssm_out.weight","final_output-17"
578,34,SCALE,0,0,2,1024,"ffn_moe_inp-17","node_2938",""
578,70,ADD,0,1,1,1895,"ffn_moe_out-17","node_2974","ffn_moe_weighted-17 (view)"
578,74,MUL_MAT,0,22,19,2032,"ffn_shexp-17","blk.17.ffn_down_shexp.weight","ffn_swiglu-17"
578,77,MUL,0,2,0,2039,"ffn_shexp_gated-17","ffn_shexp-17","shared_expert_gate_sigmoid-17"
578,78,ADD,0,1,1,2041,"ffn_out-17","ffn_moe_out-17","ffn_shexp_gated-17"
579,5,MUL_MAT,0,279,55,660,"linear_attn_out-18","blk.18.ssm_out.weight","final_output-18"
579,34,SCALE,0,0,2,905,"ffn_moe_inp-18","node_3092",""
579,70,ADD,0,1,1,1689,"ffn_moe_out-18","node_3128","ffn_moe_weighted-18 (view)"
579,74,MUL_MAT,0,28,10,1808,"ffn_shexp-18","blk.18.ffn_down_shexp.weight","ffn_swiglu-18"
579,77,MUL,0,2,0,1817,"ffn_shexp_gated-18","ffn_shexp-18","shared_expert_gate_sigmoid-18"
579,78,ADD,0,1,0,1819,"ffn_out-18","ffn_moe_out-18","ffn_shexp_gated-18"
580,38,MUL_MAT,0,278,66,586,"attn_output-19","blk.19.attn_output.weight","attn_gated-19"
580,66,SCALE,0,1,1,822,"ffn_moe_inp-19","node_3279",""
580,102,ADD,0,2,0,1676,"ffn_moe_out-19","node_3315","ffn_moe_weighted-19 (view)"
580,106,MUL_MAT,0,28,9,1788,"ffn_shexp-19","blk.19.ffn_down_shexp.weight","ffn_swiglu-19"
580,109,MUL,0,2,0,1796,"ffn_shexp_gated-19","ffn_shexp-19","shared_expert_gate_sigmoid-19"
580,110,ADD,0,1,1,1798,"ffn_out-19","ffn_moe_out-19","ffn_shexp_gated-19"
581,5,MUL_MAT,0,176,169,682,"linear_attn_out-20","blk.20.ssm_out.weight","final_output-20"
581,34,SCALE,0,0,2,917,"ffn_moe_inp-20","node_3433",""
581,70,ADD,0,1,2,1771,"ffn_moe_out-20","node_3469","ffn_moe_weighted-20 (view)"
581,74,MUL_MAT,0,19,21,1897,"ffn_shexp-20","blk.20.ffn_down_shexp.weight","ffn_swiglu-20"
581,77,MUL,0,1,0,1905,"ffn_shexp_gated-20","ffn_shexp-20","shared_expert_gate_sigmoid-20"
581,78,ADD,0,0,1,1907,"ffn_out-20","ffn_moe_out-20","ffn_shexp_gated-20"
582,5,MUL_MAT,0,304,68,833,"linear_attn_out-21","blk.21.ssm_out.weight","final_output-21"
582,34,SCALE,0,0,1,1197,"ffn_moe_inp-21","node_3587",""
582,70,ADD,0,1,1,2574,"ffn_moe_out-21","node_3623","ffn_moe_weighted-21 (view)"
582,74,MUL_MAT,0,36,1,2708,"ffn_shexp-21","blk.21.ffn_down_shexp.weight","ffn_swiglu-21"
582,77,MUL,0,3,0,2718,"ffn_shexp_gated-21","ffn_shexp-21","shared_expert_gate_sigmoid-21"
582,78,ADD,0,1,1,2721,"ffn_out-21","ffn_moe_out-21","ffn_shexp_gated-21"
583,5,MUL_MAT,0,306,28,664,"linear_attn_out-22","blk.22.ssm_out.weight","final_output-22"
583,34,SCALE,0,0,1,935,"ffn_moe_inp-22","node_3741",""
583,70,ADD,0,2,8,1765,"ffn_moe_out-22","node_3777","ffn_moe_weighted-22 (view)"
583,74,MUL_MAT,0,34,6,1892,"ffn_shexp-22","blk.22.ffn_down_shexp.weight","ffn_swiglu-22"
583,77,MUL,0,3,0,1903,"ffn_shexp_gated-22","ffn_shexp-22","shared_expert_gate_sigmoid-22"
583,78,ADD,0,1,1,1906,"ffn_out-22","ffn_moe_out-22","ffn_shexp_gated-22"
584,38,MUL_MAT,0,308,18,553,"attn_output-23","blk.23.attn_output.weight","attn_gated-23"
584,66,SCALE,0,0,2,854,"ffn_moe_inp-23","node_3928",""
584,102,ADD,0,1,1,1824,"ffn_moe_out-23","node_3964","ffn_moe_weighted-23 (view)"
584,106,MUL_MAT,0,36,11,2023,"ffn_shexp-23","blk.23.ffn_down_shexp.weight","ffn_swiglu-23"
584,109,MUL,0,3,0,2032,"ffn_shexp_gated-23","ffn_shexp-23","shared_expert_gate_sigmoid-23"
584,110,ADD,0,1,10,2044,"ffn_out-23","ffn_moe_out-23","ffn_shexp_gated-23"
585,5,MUL_MAT,0,315,2,634,"linear_attn_out-24","blk.24.ssm_out.weight","final_output-24"
585,34,SCALE,0,0,4,898,"ffn_moe_inp-24","node_4082",""
585,70,ADD,0,1,0,1673,"ffn_moe_out-24","node_4118","ffn_moe_weighted-24 (view)"
585,74,MUL_MAT,0,35,1,1797,"ffn_shexp-24","blk.24.ffn_down_shexp.weight","ffn_swiglu-24"
585,77,MUL,0,3,0,1807,"ffn_shexp_gated-24","ffn_shexp-24","shared_expert_gate_sigmoid-24"
585,78,ADD,0,2,0,1809,"ffn_out-24","ffn_moe_out-24","ffn_shexp_gated-24"
586,5,MUL_MAT,0,322,54,880,"linear_attn_out-25","blk.25.ssm_out.weight","final_output-25"
586,34,SCALE,0,0,2,1156,"ffn_moe_inp-25","node_4236",""
586,70,ADD,0,1,1,1994,"ffn_moe_out-25","node_4272","ffn_moe_weighted-25 (view)"
586,74,MUL_MAT,0,19,19,2113,"ffn_shexp-25","blk.25.ffn_down_shexp.weight","ffn_swiglu-25"
586,77,MUL,0,1,1,2121,"ffn_shexp_gated-25","ffn_shexp-25","shared_expert_gate_sigmoid-25"
586,78,ADD,0,1,1,2123,"ffn_out-25","ffn_moe_out-25","ffn_shexp_gated-25"
587,5,MUL_MAT,0,344,22,725,"linear_attn_out-26","blk.26.ssm_out.weight","final_output-26"
587,34,SCALE,0,0,8,1021,"ffn_moe_inp-26","node_4390",""
587,70,ADD,0,2,7,1930,"ffn_moe_out-26","node_4426","ffn_moe_weighted-26 (view)"
587,74,MUL_MAT,0,42,7,2092,"ffn_shexp-26","blk.26.ffn_down_shexp.weight","ffn_swiglu-26"
587,77,MUL,0,3,2,2114,"ffn_shexp_gated-26","ffn_shexp-26","shared_expert_gate_sigmoid-26"
587,78,ADD,0,1,4,2120,"ffn_out-26","ffn_moe_out-26","ffn_shexp_gated-26"
588,38,MUL_MAT,0,323,102,658,"attn_output-27","blk.27.attn_output.weight","attn_gated-27"
588,66,SCALE,0,0,2,919,"ffn_moe_inp-27","node_4577",""
588,102,ADD,0,2,0,1685,"ffn_moe_out-27","node_4613","ffn_moe_weighted-27 (view)"
588,106,MUL_MAT,0,34,2,1798,"ffn_shexp-27","blk.27.ffn_down_shexp.weight","ffn_swiglu-27"
588,109,MUL,0,3,0,1808,"ffn_shexp_gated-27","ffn_shexp-27","shared_expert_gate_sigmoid-27"
588,110,ADD,0,1,0,1810,"ffn_out-27","ffn_moe_out-27","ffn_shexp_gated-27"
589,5,MUL_MAT,0,383,2,722,"linear_attn_out-28","blk.28.ssm_out.weight","final_output-28"
589,34,SCALE,0,0,2,997,"ffn_moe_inp-28","node_4731",""
589,70,ADD,0,1,1,1804,"ffn_moe_out-28","node_4767","ffn_moe_weighted-28 (view)"
589,74,MUL_MAT,0,38,5,1929,"ffn_shexp-28","blk.28.ffn_down_shexp.weight","ffn_swiglu-28"
589,77,MUL,0,3,0,1939,"ffn_shexp_gated-28","ffn_shexp-28","shared_expert_gate_sigmoid-28"
589,78,ADD,0,2,3,1944,"ffn_out-28","ffn_moe_out-28","ffn_shexp_gated-28"
590,5,MUL_MAT,0,355,5,765,"linear_attn_out-29","blk.29.ssm_out.weight","final_output-29"
590,34,SCALE,0,1,6,1065,"ffn_moe_inp-29","node_4885",""
590,70,ADD,0,2,0,1966,"ffn_moe_out-29","node_4921","ffn_moe_weighted-29 (view)"
590,74,MUL_MAT,0,39,4,2096,"ffn_shexp-29","blk.29.ffn_down_shexp.weight","ffn_swiglu-29"
590,77,MUL,0,4,0,2106,"ffn_shexp_gated-29","ffn_shexp-29","shared_expert_gate_sigmoid-29"
590,78,ADD,0,2,0,2108,"ffn_out-29","ffn_moe_out-29","ffn_shexp_gated-29"
591,5,MUL_MAT,0,366,3,721,"linear_attn_out-30","blk.30.ssm_out.weight","final_output-30"
591,34,SCALE,0,0,2,1141,"ffn_moe_inp-30","node_5039",""
591,70,ADD,0,2,0,2194,"ffn_moe_out-30","node_5075","ffn_moe_weighted-30 (view)"
591,74,MUL_MAT,0,35,10,2359,"ffn_shexp-30","blk.30.ffn_down_shexp.weight","ffn_swiglu-30"
591,77,MUL,0,4,0,2369,"ffn_shexp_gated-30","ffn_shexp-30","shared_expert_gate_sigmoid-30"
591,78,ADD,0,1,5,2375,"ffn_out-30","ffn_moe_out-30","ffn_shexp_gated-30"
592,38,MUL_MAT,0,321,8,570,"attn_output-31","blk.31.attn_output.weight","attn_gated-31"
592,66,SCALE,0,0,1,846,"ffn_moe_inp-31","node_5226",""
592,102,ADD,0,1,10,1679,"ffn_moe_out-31","node_5262","ffn_moe_weighted-31 (view)"
592,106,MUL_MAT,0,30,6,1797,"ffn_shexp-31","blk.31.ffn_down_shexp.weight","ffn_swiglu-31"
592,109,MUL,0,2,0,1805,"ffn_shexp_gated-31","ffn_shexp-31","shared_expert_gate_sigmoid-31"
592,110,ADD,0,1,0,1807,"ffn_out-31","ffn_moe_out-31","ffn_shexp_gated-31"
593,5,MUL_MAT,0,272,87,722,"linear_attn_out-32","blk.32.ssm_out.weight","final_output-32"
593,34,SCALE,0,0,1,1013,"ffn_moe_inp-32","node_5380",""
593,70,ADD,0,1,0,1957,"ffn_moe_out-32","node_5416","ffn_moe_weighted-32 (view)"
593,74,MUL_MAT,0,44,17,2127,"ffn_shexp-32","blk.32.ffn_down_shexp.weight","ffn_swiglu-32"
593,77,MUL,0,3,11,2165,"ffn_shexp_gated-32","ffn_shexp-32","shared_expert_gate_sigmoid-32"
593,78,ADD,0,2,5,2172,"ffn_out-32","ffn_moe_out-32","ffn_shexp_gated-32"
594,5,MUL_MAT,0,347,5,669,"linear_attn_out-33","blk.33.ssm_out.weight","final_output-33"
594,34,SCALE,0,0,1,974,"ffn_moe_inp-33","node_5534",""
594,70,ADD,0,1,1,2365,"ffn_moe_out-33","node_5570","ffn_moe_weighted-33 (view)"
594,74,MUL_MAT,0,48,4,2517,"ffn_shexp-33","blk.33.ffn_down_shexp.weight","ffn_swiglu-33"
594,77,MUL,0,3,1,2544,"ffn_shexp_gated-33","ffn_shexp-33","shared_expert_gate_sigmoid-33"
594,78,ADD,0,1,1,2546,"ffn_out-33","ffn_moe_out-33","ffn_shexp_gated-33"
595,5,MUL_MAT,0,326,7,660,"linear_attn_out-34","blk.34.ssm_out.weight","final_output-34"
595,34,SCALE,0,0,1,908,"ffn_moe_inp-34","node_5688",""
595,70,ADD,0,1,1,1743,"ffn_moe_out-34","node_5724","ffn_moe_weighted-34 (view)"
595,74,MUL_MAT,0,38,3,1871,"ffn_shexp-34","blk.34.ffn_down_shexp.weight","ffn_swiglu-34"
595,77,MUL,0,3,0,1881,"ffn_shexp_gated-34","ffn_shexp-34","shared_expert_gate_sigmoid-34"
595,78,ADD,0,2,0,1883,"ffn_out-34","ffn_moe_out-34","ffn_shexp_gated-34"
596,38,MUL_MAT,0,343,6,582,"attn_output-35","blk.35.attn_output.weight","attn_gated-35"
596,66,SCALE,0,0,15,944,"ffn_moe_inp-35","node_5875",""
596,102,ADD,0,1,1,2252,"ffn_moe_out-35","node_5911","ffn_moe_weighted-35 (view)"
596,106,MUL_MAT,0,33,9,2372,"ffn_shexp-35","blk.35.ffn_down_shexp.weight","ffn_swiglu-35"
596,109,MUL,0,3,0,2382,"ffn_shexp_gated-35","ffn_shexp-35","shared_expert_gate_sigmoid-35"
596,110,ADD,0,2,5,2389,"ffn_out-35","ffn_moe_out-35","ffn_shexp_gated-35"
597,5,MUL_MAT,0,350,3,685,"linear_attn_out-36","blk.36.ssm_out.weight","final_output-36"
597,34,SCALE,0,0,1,1002,"ffn_moe_inp-36","node_6029",""
597,70,ADD,0,1,6,2393,"ffn_moe_out-36","node_6065","ffn_moe_weighted-36 (view)"
597,74,MUL_MAT,0,36,1,2523,"ffn_shexp-36","blk.36.ffn_down_shexp.weight","ffn_swiglu-36"
597,77,MUL,0,3,0,2533,"ffn_shexp_gated-36","ffn_shexp-36","shared_expert_gate_sigmoid-36"
597,78,ADD,0,2,15,2550,"ffn_out-36","ffn_moe_out-36","ffn_shexp_gated-36"
598,5,MUL_MAT,0,366,14,765,"linear_attn_out-37","blk.37.ssm_out.weight","final_output-37"
598,34,SCALE,0,0,3,1216,"ffn_moe_inp-37","node_6183",""
598,70,ADD,0,1,1,2622,"ffn_moe_out-37","node_6219","ffn_moe_weighted-37 (view)"
598,74,MUL_MAT,0,31,15,2746,"ffn_shexp-37","blk.37.ffn_down_shexp.weight","ffn_swiglu-37"
598,77,MUL,0,1,1,2760,"ffn_shexp_gated-37","ffn_shexp-37","shared_expert_gate_sigmoid-37"
598,78,ADD,0,1,1,2762,"ffn_out-37","ffn_moe_out-37","ffn_shexp_gated-37"
599,5,MUL_MAT,0,184,152,668,"linear_attn_out-38","blk.38.ssm_out.weight","final_output-38"
599,34,SCALE,0,0,1,952,"ffn_moe_inp-38","node_6337",""
599,70,ADD,0,1,0,2071,"ffn_moe_out-38","node_6373","ffn_moe_weighted-38 (view)"
599,74,MUL_MAT,0,28,19,2207,"ffn_shexp-38","blk.38.ffn_down_shexp.weight","ffn_swiglu-38"
599,77,MUL,0,2,0,2216,"ffn_shexp_gated-38","ffn_shexp-38","shared_expert_gate_sigmoid-38"
599,78,ADD,0,1,1,2218,"ffn_out-38","ffn_moe_out-38","ffn_shexp_gated-38"
600,0,GET_ROWS,0,3,0,3,"model.input_embed","token_embd.weight","inp_tokens"
601,5,MUL_MAT,0,276,78,737,"linear_attn_out-0","blk.0.ssm_out.weight","final_output-0"
601,34,SCALE,0,0,2,1035,"ffn_moe_inp-0","node_104",""
601,70,ADD,0,1,1,1987,"ffn_moe_out-0","node_140","ffn_moe_weighted-0 (view)"
601,93,MUL_MAT,0,33,3,2933,"ffn_shexp-0","blk.0.ffn_down_shexp.weight","ffn_swiglu-0"
601,96,MUL,0,3,0,2955,"ffn_shexp_gated-0","ffn_shexp-0","shared_expert_gate_sigmoid-0"
601,97,ADD,0,1,5,2962,"ffn_out-0","ffn_moe_out-0","ffn_shexp_gated-0"
602,5,MUL_MAT,0,295,57,699,"linear_attn_out-1","blk.1.ssm_out.weight","final_output-1"
602,34,SCALE,0,1,1,956,"ffn_moe_inp-1","node_342",""
602,70,ADD,0,1,1,2000,"ffn_moe_out-1","node_378","ffn_moe_weighted-1 (view)"
602,74,MUL_MAT,0,30,11,2119,"ffn_shexp-1","blk.1.ffn_down_shexp.weight","ffn_swiglu-1"
602,77,MUL,0,2,0,2128,"ffn_shexp_gated-1","ffn_shexp-1","shared_expert_gate_sigmoid-1"
602,78,ADD,0,1,1,2131,"ffn_out-1","ffn_moe_out-1","ffn_shexp_gated-1"
603,5,MUL_MAT,0,251,108,707,"linear_attn_out-2","blk.2.ssm_out.weight","final_output-2"
603,34,SCALE,0,0,2,1019,"ffn_moe_inp-2","node_496",""
603,70,ADD,0,1,1,2573,"ffn_moe_out-2","node_532","ffn_moe_weighted-2 (view)"
603,74,MUL_MAT,0,34,6,2691,"ffn_shexp-2","blk.2.ffn_down_shexp.weight","ffn_swiglu-2"
603,77,MUL,0,3,1,2703,"ffn_shexp_gated-2","ffn_shexp-2","shared_expert_gate_sigmoid-2"
603,78,ADD,0,1,1,2705,"ffn_out-2","ffn_moe_out-2","ffn_shexp_gated-2"
604,38,MUL_MAT,0,311,1,564,"attn_output-3","blk.3.attn_output.weight","attn_gated-3"
604,66,SCALE,0,0,2,820,"ffn_moe_inp-3","node_683",""
604,102,ADD,0,1,1,1644,"ffn_moe_out-3","node_719","ffn_moe_weighted-3 (view)"
604,106,MUL_MAT,0,44,2,1774,"ffn_shexp-3","blk.3.ffn_down_shexp.weight","ffn_swiglu-3"
604,109,MUL,0,3,1,1788,"ffn_shexp_gated-3","ffn_shexp-3","shared_expert_gate_sigmoid-3"
604,110,ADD,0,1,3,1792,"ffn_out-3","ffn_moe_out-3","ffn_shexp_gated-3"
605,5,MUL_MAT,0,255,63,632,"linear_attn_out-4","blk.4.ssm_out.weight","final_output-4"
605,34,SCALE,0,0,2,878,"ffn_moe_inp-4","node_837",""
605,70,ADD,0,1,0,1814,"ffn_moe_out-4","node_873","ffn_moe_weighted-4 (view)"
605,74,MUL_MAT,0,31,9,1942,"ffn_shexp-4","blk.4.ffn_down_shexp.weight","ffn_swiglu-4"
605,77,MUL,0,2,0,1951,"ffn_shexp_gated-4","ffn_shexp-4","shared_expert_gate_sigmoid-4"
605,78,ADD,0,1,1,1953,"ffn_out-4","ffn_moe_out-4","ffn_shexp_gated-4"
606,5,MUL_MAT,0,308,217,861,"linear_attn_out-5","blk.5.ssm_out.weight","final_output-5"
606,34,SCALE,0,0,2,1129,"ffn_moe_inp-5","node_991",""
606,70,ADD,0,1,1,1965,"ffn_moe_out-5","node_1027","ffn_moe_weighted-5 (view)"
606,74,MUL_MAT,0,19,19,2085,"ffn_shexp-5","blk.5.ffn_down_shexp.weight","ffn_swiglu-5"
606,77,MUL,0,2,0,2102,"ffn_shexp_gated-5","ffn_shexp-5","shared_expert_gate_sigmoid-5"
606,78,ADD,0,1,1,2104,"ffn_out-5","ffn_moe_out-5","ffn_shexp_gated-5"
607,5,MUL_MAT,0,182,161,660,"linear_attn_out-6","blk.6.ssm_out.weight","final_output-6"
607,34,SCALE,0,0,2,902,"ffn_moe_inp-6","node_1145",""
607,70,ADD,0,1,1,1766,"ffn_moe_out-6","node_1181","ffn_moe_weighted-6 (view)"
607,74,MUL_MAT,0,24,16,1900,"ffn_shexp-6","blk.6.ffn_down_shexp.weight","ffn_swiglu-6"
607,77,MUL,0,1,1,1909,"ffn_shexp_gated-6","ffn_shexp-6","shared_expert_gate_sigmoid-6"
607,78,ADD,0,1,1,1911,"ffn_out-6","ffn_moe_out-6","ffn_shexp_gated-6"
608,38,MUL_MAT,0,256,70,541,"attn_output-7","blk.7.attn_output.weight","attn_gated-7"
608,66,SCALE,0,0,2,774,"ffn_moe_inp-7","node_1332",""
608,102,ADD,0,1,0,1533,"ffn_moe_out-7","node_1368","ffn_moe_weighted-7 (view)"
608,106,MUL_MAT,0,28,7,1640,"ffn_shexp-7","blk.7.ffn_down_shexp.weight","ffn_swiglu-7"
608,109,MUL,0,2,0,1651,"ffn_shexp_gated-7","ffn_shexp-7","shared_expert_gate_sigmoid-7"
608,110,ADD,0,1,0,1653,"ffn_out-7","ffn_moe_out-7","ffn_shexp_gated-7"
609,5,MUL_MAT,0,281,82,706,"linear_attn_out-8","blk.8.ssm_out.weight","final_output-8"
609,34,SCALE,0,1,47,1124,"ffn_moe_inp-8","node_1486",""
609,70,ADD,0,1,1,2100,"ffn_moe_out-8","node_1522","ffn_moe_weighted-8 (view)"
609,74,MUL_MAT,0,34,8,2224,"ffn_shexp-8","blk.8.ffn_down_shexp.weight","ffn_swiglu-8"
609,77,MUL,0,3,1,2250,"ffn_shexp_gated-8","ffn_shexp-8","shared_expert_gate_sigmoid-8"
609,78,ADD,0,1,1,2252,"ffn_out-8","ffn_moe_out-8","ffn_shexp_gated-8"
610,5,MUL_MAT,0,311,12,630,"linear_attn_out-9","blk.9.ssm_out.weight","final_output-9"
610,34,SCALE,0,0,12,887,"ffn_moe_inp-9","node_1640",""
610,70,ADD,0,2,0,1881,"ffn_moe_out-9","node_1676","ffn_moe_weighted-9 (view)"
610,74,MUL_MAT,0,38,4,2011,"ffn_shexp-9","blk.9.ffn_down_shexp.weight","ffn_swiglu-9"
610,77,MUL,0,3,0,2022,"ffn_shexp_gated-9","ffn_shexp-9","shared_expert_gate_sigmoid-9"
610,78,ADD,0,2,0,2024,"ffn_out-9","ffn_moe_out-9","ffn_shexp_gated-9"
611,5,MUL_MAT,0,289,32,632,"linear_attn_out-10","blk.10.ssm_out.weight","final_output-10"
611,34,SCALE,0,0,2,880,"ffn_moe_inp-10","node_1794",""
611,70,ADD,0,1,1,1681,"ffn_moe_out-10","node_1830","ffn_moe_weighted-10 (view)"
611,74,MUL_MAT,0,33,6,1797,"ffn_shexp-10","blk.10.ffn_down_shexp.weight","ffn_swiglu-10"
611,77,MUL,0,3,0,1807,"ffn_shexp_gated-10","ffn_shexp-10","shared_expert_gate_sigmoid-10"
611,78,ADD,0,1,0,1809,"ffn_out-10","ffn_moe_out-10","ffn_shexp_gated-10"
612,38,MUL_MAT,0,325,10,562,"attn_output-11","blk.11.attn_output.weight","attn_gated-11"
612,66,SCALE,0,0,2,828,"ffn_moe_inp-11","node_1981",""
612,102,ADD,0,2,0,1706,"ffn_moe_out-11","node_2017","ffn_moe_weighted-11 (view)"
612,106,MUL_MAT,0,33,11,1826,"ffn_shexp-11","blk.11.ffn_down_shexp.weight","ffn_swiglu-11"
612,109,MUL,0,4,0,1842,"ffn_shexp_gated-11","ffn_shexp-11","shared_expert_gate_sigmoid-11"
612,110,ADD,0,2,0,1844,"ffn_out-11","ffn_moe_out-11","ffn_shexp_gated-11"
613,5,MUL_MAT,0,312,11,635,"linear_attn_out-12","blk.12.ssm_out.weight","final_output-12"
613,34,SCALE,0,0,1,892,"ffn_moe_inp-12","node_2135",""
613,70,ADD,0,1,1,1911,"ffn_moe_out-12","node_2171","ffn_moe_weighted-12 (view)"
613,74,MUL_MAT,0,49,11,2076,"ffn_shexp-12","blk.12.ffn_down_shexp.weight","ffn_swiglu-12"
613,77,MUL,0,3,1,2089,"ffn_shexp_gated-12","ffn_shexp-12","shared_expert_gate_sigmoid-12"
613,78,ADD,0,1,1,2091,"ffn_out-12","ffn_moe_out-12","ffn_shexp_gated-12"
614,5,MUL_MAT,0,312,6,634,"linear_attn_out-13","blk.13.ssm_out.weight","final_output-13"
614,34,SCALE,0,1,0,889,"ffn_moe_inp-13","node_2289",""
614,70,ADD,0,2,0,1791,"ffn_moe_out-13","node_2325","ffn_moe_weighted-13 (view)"
614,74,MUL_MAT,0,35,3,1918,"ffn_shexp-13","blk.13.ffn_down_shexp.weight","ffn_swiglu-13"
614,77,MUL,0,3,0,1928,"ffn_shexp_gated-13","ffn_shexp-13","shared_expert_gate_sigmoid-13"
614,78,ADD,0,2,0,1930,"ffn_out-13","ffn_moe_out-13","ffn_shexp_gated-13"
615,5,MUL_MAT,0,337,4,676,"linear_attn_out-14","blk.14.ssm_out.weight","final_output-14"
615,34,SCALE,0,0,2,962,"ffn_moe_inp-14","node_2443",""
615,70,ADD,0,2,1,1915,"ffn_moe_out-14","node_2479","ffn_moe_weighted-14 (view)"
615,74,MUL_MAT,0,37,9,2097,"ffn_shexp-14","blk.14.ffn_down_shexp.weight","ffn_swiglu-14"
615,77,MUL,0,4,2,2121,"ffn_shexp_gated-14","ffn_shexp-14","shared_expert_gate_sigmoid-14"
615,78,ADD,0,2,2,2125,"ffn_out-14","ffn_moe_out-14","ffn_shexp_gated-14"
616,38,MUL_MAT,0,257,87,571,"attn_output-15","blk.15.attn_output.weight","attn_gated-15"
616,66,SCALE,0,0,2,816,"ffn_moe_inp-15","node_2630",""
616,102,ADD,0,1,0,1719,"ffn_moe_out-15","node_2666","ffn_moe_weighted-15 (view)"
616,106,MUL_MAT,0,25,15,1838,"ffn_shexp-15","blk.15.ffn_down_shexp.weight","ffn_swiglu-15"
616,109,MUL,0,2,0,1847,"ffn_shexp_gated-15","ffn_shexp-15","shared_expert_gate_sigmoid-15"
616,110,ADD,0,1,1,1849,"ffn_out-15","ffn_moe_out-15","ffn_shexp_gated-15"
617,5,MUL_MAT,0,220,123,673,"linear_attn_out-16","blk.16.ssm_out.weight","final_output-16"
617,34,SCALE,0,0,9,936,"ffn_moe_inp-16","node_2784",""
617,70,ADD,0,1,7,1801,"ffn_moe_out-16","node_2820","ffn_moe_weighted-16 (view)"
617,74,MUL_MAT,0,22,17,1927,"ffn_shexp-16","blk.16.ffn_down_shexp.weight","ffn_swiglu-16"
617,77,MUL,0,1,1,1946,"ffn_shexp_gated-16","ffn_shexp-16","shared_expert_gate_sigmoid-16"
617,78,ADD,0,1,1,1948,"ffn_out-16","ffn_moe_out-16","ffn_shexp_gated-16"
618,5,MUL_MAT,0,293,86,780,"linear_attn_out-17","blk.17.ssm_out.weight","final_output-17"
618,34,SCALE,0,1,1,1073,"ffn_moe_inp-17","node_2938",""
618,70,ADD,0,1,1,2069,"ffn_moe_out-17","node_2974","ffn_moe_weighted-17 (view)"
618,74,MUL_MAT,0,28,8,2194,"ffn_shexp-17","blk.17.ffn_down_shexp.weight","ffn_swiglu-17"
618,77,MUL,0,2,0,2203,"ffn_shexp_gated-17","ffn_shexp-17","shared_expert_gate_sigmoid-17"
618,78,ADD,0,2,0,2205,"ffn_out-17","ffn_moe_out-17","ffn_shexp_gated-17"
619,5,MUL_MAT,0,267,66,656,"linear_attn_out-18","blk.18.ssm_out.weight","final_output-18"
619,34,SCALE,0,0,1,946,"ffn_moe_inp-18","node_3092",""
619,70,ADD,0,2,0,1825,"ffn_moe_out-18","node_3128","ffn_moe_weighted-18 (view)"
619,74,MUL_MAT,0,31,7,1946,"ffn_shexp-18","blk.18.ffn_down_shexp.weight","ffn_swiglu-18"
619,77,MUL,0,2,0,1956,"ffn_shexp_gated-18","ffn_shexp-18","shared_expert_gate_sigmoid-18"
619,78,ADD,0,1,1,1959,"ffn_out-18","ffn_moe_out-18","ffn_shexp_gated-18"
620,38,MUL_MAT,0,252,79,631,"attn_output-19","blk.19.attn_output.weight","attn_gated-19"
620,66,SCALE,0,0,2,902,"ffn_moe_inp-19","node_3279",""
620,102,ADD,0,1,1,1690,"ffn_moe_out-19","node_3315","ffn_moe_weighted-19 (view)"
620,106,MUL_MAT,0,36,1,1809,"ffn_shexp-19","blk.19.ffn_down_shexp.weight","ffn_swiglu-19"
620,109,MUL,0,2,0,1816,"ffn_shexp_gated-19","ffn_shexp-19","shared_expert_gate_sigmoid-19"
620,110,ADD,0,1,1,1818,"ffn_out-19","ffn_moe_out-19","ffn_shexp_gated-19"
621,5,MUL_MAT,0,303,63,716,"linear_attn_out-20","blk.20.ssm_out.weight","final_output-20"
621,34,SCALE,0,0,2,967,"ffn_moe_inp-20","node_3433",""
621,70,ADD,0,1,0,2226,"ffn_moe_out-20","node_3469","ffn_moe_weighted-20 (view)"
621,74,MUL_MAT,0,29,9,2347,"ffn_shexp-20","blk.20.ffn_down_shexp.weight","ffn_swiglu-20"
621,77,MUL,0,2,4,2371,"ffn_shexp_gated-20","ffn_shexp-20","shared_expert_gate_sigmoid-20"
621,78,ADD,0,1,1,2373,"ffn_out-20","ffn_moe_out-20","ffn_shexp_gated-20"
622,5,MUL_MAT,0,290,57,704,"linear_attn_out-21","blk.21.ssm_out.weight","final_output-21"
622,34,SCALE,0,0,1,1054,"ffn_moe_inp-21","node_3587",""
622,70,ADD,0,1,1,2027,"ffn_moe_out-21","node_3623","ffn_moe_weighted-21 (view)"
622,74,MUL_MAT,0,32,7,2145,"ffn_shexp-21","blk.21.ffn_down_shexp.weight","ffn_swiglu-21"
622,77,MUL,0,2,0,2180,"ffn_shexp_gated-21","ffn_shexp-21","shared_expert_gate_sigmoid-21"
622,78,ADD,0,1,1,2182,"ffn_out-21","ffn_moe_out-21","ffn_shexp_gated-21"
623,5,MUL_MAT,0,182,163,670,"linear_attn_out-22","blk.22.ssm_out.weight","final_output-22"
623,34,SCALE,0,1,1,915,"ffn_moe_inp-22","node_3741",""
623,70,ADD,0,1,1,1774,"ffn_moe_out-22","node_3777","ffn_moe_weighted-22 (view)"
623,74,MUL_MAT,0,28,11,1914,"ffn_shexp-22","blk.22.ffn_down_shexp.weight","ffn_swiglu-22"
623,77,MUL,0,2,7,1936,"ffn_shexp_gated-22","ffn_shexp-22","shared_expert_gate_sigmoid-22"
623,78,ADD,0,1,1,1938,"ffn_out-22","ffn_moe_out-22","ffn_shexp_gated-22"
624,38,MUL_MAT,0,262,69,577,"attn_output-23","blk.23.attn_output.weight","attn_gated-23"
624,66,SCALE,0,0,2,849,"ffn_moe_inp-23","node_3928",""
624,102,ADD,0,1,1,1673,"ffn_moe_out-23","node_3964","ffn_moe_weighted-23 (view)"
624,106,MUL_MAT,0,28,9,1824,"ffn_shexp-23","blk.23.ffn_down_shexp.weight","ffn_swiglu-23"
624,109,MUL,0,2,0,1835,"ffn_shexp_gated-23","ffn_shexp-23","shared_expert_gate_sigmoid-23"
624,110,ADD,0,1,0,1837,"ffn_out-23","ffn_moe_out-23","ffn_shexp_gated-23"
625,5,MUL_MAT,0,296,61,687,"linear_attn_out-24","blk.24.ssm_out.weight","final_output-24"
625,34,SCALE,0,0,1,964,"ffn_moe_inp-24","node_4082",""
625,70,ADD,0,1,1,1819,"ffn_moe_out-24","node_4118","ffn_moe_weighted-24 (view)"
625,74,MUL_MAT,0,32,8,1951,"ffn_shexp-24","blk.24.ffn_down_shexp.weight","ffn_swiglu-24"
625,77,MUL,0,2,0,1958,"ffn_shexp_gated-24","ffn_shexp-24","shared_expert_gate_sigmoid-24"
625,78,ADD,0,1,1,1961,"ffn_out-24","ffn_moe_out-24","ffn_shexp_gated-24"
626,5,MUL_MAT,0,288,89,718,"linear_attn_out-25","blk.25.ssm_out.weight","final_output-25"
626,34,SCALE,0,1,2,1080,"ffn_moe_inp-25","node_4236",""
626,70,ADD,0,1,0,2083,"ffn_moe_out-25","node_4272","ffn_moe_weighted-25 (view)"
626,74,MUL_MAT,0,34,6,2225,"ffn_shexp-25","blk.25.ffn_down_shexp.weight","ffn_swiglu-25"
626,77,MUL,0,3,1,2257,"ffn_shexp_gated-25","ffn_shexp-25","shared_expert_gate_sigmoid-25"
626,78,ADD,0,2,0,2259,"ffn_out-25","ffn_moe_out-25","ffn_shexp_gated-25"
627,5,MUL_MAT,0,276,81,710,"linear_attn_out-26","blk.26.ssm_out.weight","final_output-26"
627,34,SCALE,0,0,1,974,"ffn_moe_inp-26","node_4390",""
627,70,ADD,0,1,1,1835,"ffn_moe_out-26","node_4426","ffn_moe_weighted-26 (view)"
627,74,MUL_MAT,0,30,8,1961,"ffn_shexp-26","blk.26.ffn_down_shexp.weight","ffn_swiglu-26"
627,77,MUL,0,1,1,1970,"ffn_shexp_gated-26","ffn_shexp-26","shared_expert_gate_sigmoid-26"
627,78,ADD,0,1,1,1972,"ffn_out-26","ffn_moe_out-26","ffn_shexp_gated-26"
628,38,MUL_MAT,0,276,53,566,"attn_output-27","blk.27.attn_output.weight","attn_gated-27"
628,66,SCALE,0,0,1,840,"ffn_moe_inp-27","node_4577",""
628,102,ADD,0,1,1,1625,"ffn_moe_out-27","node_4613","ffn_moe_weighted-27 (view)"
628,106,MUL_MAT,0,28,21,1752,"ffn_shexp-27","blk.27.ffn_down_shexp.weight","ffn_swiglu-27"
628,109,MUL,0,2,2,1761,"ffn_shexp_gated-27","ffn_shexp-27","shared_expert_gate_sigmoid-27"
628,110,ADD,0,1,1,1764,"ffn_out-27","ffn_moe_out-27","ffn_shexp_gated-27"
629,5,MUL_MAT,0,337,6,685,"linear_attn_out-28","blk.28.ssm_out.weight","final_output-28"
629,34,SCALE,0,0,2,986,"ffn_moe_inp-28","node_4731",""
629,70,ADD,0,1,1,1814,"ffn_moe_out-28","node_4767","ffn_moe_weighted-28 (view)"
629,74,MUL_MAT,0,36,9,1953,"ffn_shexp-28","blk.28.ffn_down_shexp.weight","ffn_swiglu-28"
629,77,MUL,0,4,7,1977,"ffn_shexp_gated-28","ffn_shexp-28","shared_expert_gate_sigmoid-28"
629,78,ADD,0,2,0,1979,"ffn_out-28","ffn_moe_out-28","ffn_shexp_gated-28"
630,5,MUL_MAT,0,239,117,702,"linear_attn_out-29","blk.29.ssm_out.weight","final_output-29"
630,34,SCALE,0,0,3,993,"ffn_moe_inp-29","node_4885",""
630,70,ADD,0,2,0,2095,"ffn_moe_out-29","node_4921","ffn_moe_weighted-29 (view)"
630,74,MUL_MAT,0,34,14,2240,"ffn_shexp-29","blk.29.ffn_down_shexp.weight","ffn_swiglu-29"
630,77,MUL,0,3,0,2259,"ffn_shexp_gated-29","ffn_shexp-29","shared_expert_gate_sigmoid-29"
630,78,ADD,0,2,0,2262,"ffn_out-29","ffn_moe_out-29","ffn_shexp_gated-29"
631,5,MUL_MAT,0,322,5,643,"linear_attn_out-30","blk.30.ssm_out.weight","final_output-30"
631,34,SCALE,0,0,10,922,"ffn_moe_inp-30","node_5039",""
631,70,ADD,0,1,1,1932,"ffn_moe_out-30","node_5075","ffn_moe_weighted-30 (view)"
631,74,MUL_MAT,0,38,6,2077,"ffn_shexp-30","blk.30.ffn_down_shexp.weight","ffn_swiglu-30"
631,77,MUL,0,3,0,2088,"ffn_shexp_gated-30","ffn_shexp-30","shared_expert_gate_sigmoid-30"
631,78,ADD,0,2,0,2090,"ffn_out-30","ffn_moe_out-30","ffn_shexp_gated-30"
632,38,MUL_MAT,0,309,20,542,"attn_output-31","blk.31.attn_output.weight","attn_gated-31"
632,66,SCALE,0,0,0,791,"ffn_moe_inp-31","node_5226",""
632,102,ADD,0,1,0,1561,"ffn_moe_out-31","node_5262","ffn_moe_weighted-31 (view)"
632,106,MUL_MAT,0,32,3,1685,"ffn_shexp-31","blk.31.ffn_down_shexp.weight","ffn_swiglu-31"
632,109,MUL,0,3,0,1698,"ffn_shexp_gated-31","ffn_shexp-31","shared_expert_gate_sigmoid-31"
632,110,ADD,0,1,0,1700,"ffn_out-31","ffn_moe_out-31","ffn_shexp_gated-31"
633,5,MUL_MAT,0,334,8,679,"linear_attn_out-32","blk.32.ssm_out.weight","final_output-32"
633,34,SCALE,0,0,1,1014,"ffn_moe_inp-32","node_5380",""
633,70,ADD,0,1,1,1970,"ffn_moe_out-32","node_5416","ffn_moe_weighted-32 (view)"
633,74,MUL_MAT,0,37,3,2098,"ffn_shexp-32","blk.32.ffn_down_shexp.weight","ffn_swiglu-32"
633,77,MUL,0,3,1,2112,"ffn_shexp_gated-32","ffn_shexp-32","shared_expert_gate_sigmoid-32"
633,78,ADD,0,1,1,2114,"ffn_out-32","ffn_moe_out-32","ffn_shexp_gated-32"
634,5,MUL_MAT,0,310,12,625,"linear_attn_out-33","blk.33.ssm_out.weight","final_output-33"
634,34,SCALE,0,1,1,902,"ffn_moe_inp-33","node_5534",""
634,70,ADD,0,1,7,1904,"ffn_moe_out-33","node_5570","ffn_moe_weighted-33 (view)"
634,74,MUL_MAT,0,36,6,2076,"ffn_shexp-33","blk.33.ffn_down_shexp.weight","ffn_swiglu-33"
634,77,MUL,0,3,0,2104,"ffn_shexp_gated-33","ffn_shexp-33","shared_expert_gate_sigmoid-33"
634,78,ADD,0,1,1,2107,"ffn_out-33","ffn_moe_out-33","ffn_shexp_gated-33"
635,5,MUL_MAT,0,556,2,904,"linear_attn_out-34","blk.34.ssm_out.weight","final_output-34"
635,34,SCALE,0,0,2,1183,"ffn_moe_inp-34","node_5688",""
635,70,ADD,0,2,0,2059,"ffn_moe_out-34","node_5724","ffn_moe_weighted-34 (view)"
635,74,MUL_MAT,0,37,3,2188,"ffn_shexp-34","blk.34.ffn_down_shexp.weight","ffn_swiglu-34"
635,77,MUL,0,3,1,2199,"ffn_shexp_gated-34","ffn_shexp-34","shared_expert_gate_sigmoid-34"
635,78,ADD,0,1,1,2201,"ffn_out-34","ffn_moe_out-34","ffn_shexp_gated-34"
636,38,MUL_MAT,0,344,7,628,"attn_output-35","blk.35.attn_output.weight","attn_gated-35"
636,66,SCALE,0,1,1,893,"ffn_moe_inp-35","node_5875",""
636,102,ADD,0,2,0,2199,"ffn_moe_out-35","node_5911","ffn_moe_weighted-35 (view)"
636,106,MUL_MAT,0,33,3,2311,"ffn_shexp-35","blk.35.ffn_down_shexp.weight","ffn_swiglu-35"
636,109,MUL,0,3,0,2322,"ffn_shexp_gated-35","ffn_shexp-35","shared_expert_gate_sigmoid-35"
636,110,ADD,0,1,0,2324,"ffn_out-35","ffn_moe_out-35","ffn_shexp_gated-35"
637,5,MUL_MAT,0,327,15,673,"linear_attn_out-36","blk.36.ssm_out.weight","final_output-36"
637,34,SCALE,0,0,4,987,"ffn_moe_inp-36","node_6029",""
637,70,ADD,0,2,0,1851,"ffn_moe_out-36","node_6065","ffn_moe_weighted-36 (view)"
637,74,MUL_MAT,0,42,9,1995,"ffn_shexp-36","blk.36.ffn_down_shexp.weight","ffn_swiglu-36"
637,77,MUL,0,3,1,2005,"ffn_shexp_gated-36","ffn_shexp-36","shared_expert_gate_sigmoid-36"
637,78,ADD,0,2,0,2007,"ffn_out-36","ffn_moe_out-36","ffn_shexp_gated-36"
638,5,MUL_MAT,0,173,311,812,"linear_attn_out-37","blk.37.ssm_out.weight","final_output-37"
638,34,SCALE,0,0,2,1056,"ffn_moe_inp-37","node_6183",""
638,70,ADD,0,1,1,1965,"ffn_moe_out-37","node_6219","ffn_moe_weighted-37 (view)"
638,74,MUL_MAT,0,33,10,2092,"ffn_shexp-37","blk.37.ffn_down_shexp.weight","ffn_swiglu-37"
638,77,MUL,0,2,0,2109,"ffn_shexp_gated-37","ffn_shexp-37","shared_expert_gate_sigmoid-37"
638,78,ADD,0,2,0,2111,"ffn_out-37","ffn_moe_out-37","ffn_shexp_gated-37"
639,5,MUL_MAT,0,285,51,670,"linear_attn_out-38","blk.38.ssm_out.weight","final_output-38"
639,34,SCALE,0,0,1,913,"ffn_moe_inp-38","node_6337",""
639,70,ADD,0,1,0,2174,"ffn_moe_out-38","node_6373","ffn_moe_weighted-38 (view)"
639,74,MUL_MAT,0,41,1,2293,"ffn_shexp-38","blk.38.ffn_down_shexp.weight","ffn_swiglu-38"
639,77,MUL,0,2,0,2308,"ffn_shexp_gated-38","ffn_shexp-38","shared_expert_gate_sigmoid-38"
639,78,ADD,0,1,1,2310,"ffn_out-38","ffn_moe_out-38","ffn_shexp_gated-38"
640,0,GET_ROWS,0,3,0,3,"model.input_embed","token_embd.weight","inp_tokens"
641,5,MUL_MAT,0,353,30,733,"linear_attn_out-0","blk.0.ssm_out.weight","final_output-0"
641,34,SCALE,0,0,1,1061,"ffn_moe_inp-0","node_104",""
641,70,ADD,0,2,0,1990,"ffn_moe_out-0","node_140","ffn_moe_weighted-0 (view)"
641,93,MUL_MAT,0,36,1,3059,"ffn_shexp-0","blk.0.ffn_down_shexp.weight","ffn_swiglu-0"
641,96,MUL,0,4,0,3070,"ffn_shexp_gated-0","ffn_shexp-0","shared_expert_gate_sigmoid-0"
641,97,ADD,0,2,4,3077,"ffn_out-0","ffn_moe_out-0","ffn_shexp_gated-0"
642,5,MUL_MAT,0,344,4,704,"linear_attn_out-1","blk.1.ssm_out.weight","final_output-1"
642,34,SCALE,0,0,8,974,"ffn_moe_inp-1","node_342",""
642,70,ADD,0,2,3,2407,"ffn_moe_out-1","node_378","ffn_moe_weighted-1 (view)"
642,74,MUL_MAT,0,43,0,2571,"ffn_shexp-1","blk.1.ffn_down_shexp.weight","ffn_swiglu-1"
642,77,MUL,0,4,0,2583,"ffn_shexp_gated-1","ffn_shexp-1","shared_expert_gate_sigmoid-1"
642,78,ADD,0,2,0,2585,"ffn_out-1","ffn_moe_out-1","ffn_shexp_gated-1"
643,5,MUL_MAT,0,340,11,694,"linear_attn_out-2","blk.2.ssm_out.weight","final_output-2"
643,34,SCALE,0,0,1,977,"ffn_moe_inp-2","node_496",""
643,70,ADD,0,1,1,3212,"ffn_moe_out-2","node_532","ffn_moe_weighted-2 (view)"
643,74,MUL_MAT,0,34,4,3332,"ffn_shexp-2","blk.2.ffn_down_shexp.weight","ffn_swiglu-2"
643,77,MUL,0,3,0,3343,"ffn_shexp_gated-2","ffn_shexp-2","shared_expert_gate_sigmoid-2"
643,78,ADD,0,1,1,3346,"ffn_out-2","ffn_moe_out-2","ffn_shexp_gated-2"
644,38,MUL_MAT,0,324,19,571,"attn_output-3","blk.3.attn_output.weight","attn_gated-3"
644,66,SCALE,0,0,1,867,"ffn_moe_inp-3","node_683",""
644,102,ADD,0,1,0,2133,"ffn_moe_out-3","node_719","ffn_moe_weighted-3 (view)"
644,106,MUL_MAT,0,34,1,2256,"ffn_shexp-3","blk.3.ffn_down_shexp.weight","ffn_swiglu-3"
644,109,MUL,0,3,1,2267,"ffn_shexp_gated-3","ffn_shexp-3","shared_expert_gate_sigmoid-3"
644,110,ADD,0,1,10,2278,"ffn_out-3","ffn_moe_out-3","ffn_shexp_gated-3"
645,5,MUL_MAT,0,174,157,651,"linear_attn_out-4","blk.4.ssm_out.weight","final_output-4"
645,34,SCALE,0,0,2,881,"ffn_moe_inp-4","node_837",""
645,70,ADD,0,1,9,2494,"ffn_moe_out-4","node_873","ffn_moe_weighted-4 (view)"
645,74,MUL_MAT,0,33,18,2631,"ffn_shexp-4","blk.4.ffn_down_shexp.weight","ffn_swiglu-4"
645,77,MUL,0,2,0,2641,"ffn_shexp_gated-4","ffn_shexp-4","shared_expert_gate_sigmoid-4"
645,78,ADD,0,1,3,2646,"ffn_out-4","ffn_moe_out-4","ffn_shexp_gated-4"
646,5,MUL_MAT,0,269,72,667,"linear_attn_out-5","blk.5.ssm_out.weight","final_output-5"
646,34,SCALE,0,0,8,955,"ffn_moe_inp-5","node_991",""
646,70,ADD,0,1,1,1749,"ffn_moe_out-5","node_1027","ffn_moe_weighted-5 (view)"
646,74,MUL_MAT,0,36,4,1867,"ffn_shexp-5","blk.5.ffn_down_shexp.weight","ffn_swiglu-5"
646,77,MUL,0,3,0,1876,"ffn_shexp_gated-5","ffn_shexp-5","shared_expert_gate_sigmoid-5"
646,78,ADD,0,1,1,1879,"ffn_out-5","ffn_moe_out-5","ffn_shexp_gated-5"
647,5,MUL_MAT,0,359,38,786,"linear_attn_out-6","blk.6.ssm_out.weight","final_output-6"
647,34,SCALE,0,1,1,1073,"ffn_moe_inp-6","node_1145",""
647,70,ADD,0,1,1,2264,"ffn_moe_out-6","node_1181","ffn_moe_weighted-6 (view)"
647,74,MUL_MAT,0,34,2,2387,"ffn_shexp-6","blk.6.ffn_down_shexp.weight","ffn_swiglu-6"
647,77,MUL,0,3,0,2397,"ffn_shexp_gated-6","ffn_shexp-6","shared_expert_gate_sigmoid-6"
647,78,ADD,0,1,6,2405,"ffn_out-6","ffn_moe_out-6","ffn_shexp_gated-6"
648,38,MUL_MAT,0,326,7,681,"attn_output-7","blk.7.attn_output.weight","attn_gated-7"
648,66,SCALE,0,2,8,1089,"ffn_moe_inp-7","node_1332",""
648,102,ADD,0,1,1,1950,"ffn_moe_out-7","node_1368","ffn_moe_weighted-7 (view)"
648,106,MUL_MAT,0,48,1,2085,"ffn_shexp-7","blk.7.ffn_down_shexp.weight","ffn_swiglu-7"
648,109,MUL,0,3,0,2095,"ffn_shexp_gated-7","ffn_shexp-7","shared_expert_gate_sigmoid-7"
648,110,ADD,0,2,4,2101,"ffn_out-7","ffn_moe_out-7","ffn_shexp_gated-7"
649,5,MUL_MAT,0,326,3,650,"linear_attn_out-8","blk.8.ssm_out.weight","final_output-8"
649,34,SCALE,0,0,3,938,"ffn_moe_inp-8","node_1486",""
649,70,ADD,0,2,7,1923,"ffn_moe_out-8","node_1522","ffn_moe_weighted-8 (view)"
649,74,MUL_MAT,0,46,1,2087,"ffn_shexp-8","blk.8.ffn_down_shexp.weight","ffn_swiglu-8"
649,77,MUL,0,4,0,2098,"ffn_shexp_gated-8","ffn_shexp-8","shared_expert_gate_sigmoid-8"
649,78,ADD,0,2,0,2100,"ffn_out-8","ffn_moe_out-8","ffn_shexp_gated-8"
650,5,MUL_MAT,0,319,0,623,"linear_attn_out-9","blk.9.ssm_out.weight","final_output-9"
650,34,SCALE,0,0,2,887,"ffn_moe_inp-9","node_1640",""
650,70,ADD,0,2,0,1697,"ffn_moe_out-9","node_1676","ffn_moe_weighted-9 (view)"
650,74,MUL_MAT,0,38,6,1823,"ffn_shexp-9","blk.9.ffn_down_shexp.weight","ffn_swiglu-9"
650,77,MUL,0,3,1,1841,"ffn_shexp_gated-9","ffn_shexp-9","shared_expert_gate_sigmoid-9"
650,78,ADD,0,2,0,1843,"ffn_out-9","ffn_moe_out-9","ffn_shexp_gated-9"
651,5,MUL_MAT,0,330,16,683,"linear_attn_out-10","blk.10.ssm_out.weight","final_output-10"
651,34,SCALE,0,1,23,1128,"ffn_moe_inp-10","node_1794",""
651,70,ADD,0,2,0,1968,"ffn_moe_out-10","node_1830","ffn_moe_weighted-10 (view)"
651,74,MUL_MAT,0,28,13,2089,"ffn_shexp-10","blk.10.ffn_down_shexp.weight","ffn_swiglu-10"
651,77,MUL,0,2,0,2098,"ffn_shexp_gated-10","ffn_shexp-10","shared_expert_gate_sigmoid-10"
651,78,ADD,0,1,0,2100,"ffn_out-10","ffn_moe_out-10","ffn_shexp_gated-10"
652,38,MUL_MAT,0,249,78,540,"attn_output-11","blk.11.attn_output.weight","attn_gated-11"
652,66,SCALE,0,0,2,867,"ffn_moe_inp-11","node_1981",""
652,102,ADD,0,2,0,1766,"ffn_moe_out-11","node_2017","ffn_moe_weighted-11 (view)"
652,106,MUL_MAT,0,54,4,1940,"ffn_shexp-11","blk.11.ffn_down_shexp.weight","ffn_swiglu-11"
652,109,MUL,0,2,1,1950,"ffn_shexp_gated-11","ffn_shexp-11","shared_expert_gate_sigmoid-11"
652,110,ADD,0,1,0,1951,"ffn_out-11","ffn_moe_out-11","ffn_shexp_gated-11"
653,5,MUL_MAT,0,265,85,684,"linear_attn_out-12","blk.12.ssm_out.weight","final_output-12"
653,34,SCALE,0,0,1,927,"ffn_moe_inp-12","node_2135",""
653,70,ADD,0,2,0,1731,"ffn_moe_out-12","node_2171","ffn_moe_weighted-12 (view)"
653,74,MUL_MAT,0,29,11,1862,"ffn_shexp-12","blk.12.ffn_down_shexp.weight","ffn_swiglu-12"
653,77,MUL,0,2,0,1870,"ffn_shexp_gated-12","ffn_shexp-12","shared_expert_gate_sigmoid-12"
653,78,ADD,0,1,1,1872,"ffn_out-12","ffn_moe_out-12","ffn_shexp_gated-12"
654,5,MUL_MAT,0,293,63,729,"linear_attn_out-13","blk.13.ssm_out.weight","final_output-13"
654,34,SCALE,0,0,1,1031,"ffn_moe_inp-13","node_2289",""
654,70,ADD,0,1,1,1905,"ffn_moe_out-13","node_2325","ffn_moe_weighted-13 (view)"
654,74,MUL_MAT,0,31,9,2024,"ffn_shexp-13","blk.13.ffn_down_shexp.weight","ffn_swiglu-13"
654,77,MUL,0,2,0,2039,"ffn_shexp_gated-13","ffn_shexp-13","shared_expert_gate_sigmoid-13"
654,78,ADD,0,1,1,2041,"ffn_out-13","ffn_moe_out-13","ffn_shexp_gated-13"
655,5,MUL_MAT,0,296,48,679,"linear_attn_out-14","blk.14.ssm_out.weight","final_output-14"
655,34,SCALE,0,0,1,1043,"ffn_moe_inp-14","node_2443",""
655,70,ADD,0,1,1,1955,"ffn_moe_out-14","node_2479","ffn_moe_weighted-14 (view)"
655,74,MUL_MAT,0,33,16,2094,"ffn_shexp-14","blk.14.ffn_down_shexp.weight","ffn_swiglu-14"
655,77,MUL,0,2,0,2102,"ffn_shexp_gated-14","ffn_shexp-14","shared_expert_gate_sigmoid-14"
655,78,ADD,0,1,1,2104,"ffn_out-14","ffn_moe_out-14","ffn_shexp_gated-14"
656,38,MUL_MAT,0,269,58,598,"attn_output-15","blk.15.attn_output.weight","attn_gated-15"
656,66,SCALE,0,0,1,863,"ffn_moe_inp-15","node_2630",""
656,102,ADD,0,1,1,1662,"ffn_moe_out-15","node_2666","ffn_moe_weighted-15 (view)"
656,106,MUL_MAT,0,29,8,1781,"ffn_shexp-15","blk.15.ffn_down_shexp.weight","ffn_swiglu-15"
656,109,MUL,0,2,0,1798,"ffn_shexp_gated-15","ffn_shexp-15","shared_expert_gate_sigmoid-15"
656,110,ADD,0,1,6,1805,"ffn_out-15","ffn_moe_out-15","ffn_shexp_gated-15"
657,5,MUL_MAT,0,220,139,738,"linear_attn_out-16","blk.16.ssm_out.weight","final_output-16"
657,34,SCALE,0,0,11,1034,"ffn_moe_inp-16","node_2784",""
657,70,ADD,0,1,1,1967,"ffn_moe_out-16","node_2820","ffn_moe_weighted-16 (view)"
657,74,MUL_MAT,0,19,18,2096,"ffn_shexp-16","blk.16.ffn_down_shexp.weight","ffn_swiglu-16"
657,77,MUL,0,1,1,2105,"ffn_shexp_gated-16","ffn_shexp-16","shared_expert_gate_sigmoid-16"
657,78,ADD,0,1,1,2107,"ffn_out-16","ffn_moe_out-16","ffn_shexp_gated-16"
658,5,MUL_MAT,0,182,160,680,"linear_attn_out-17","blk.17.ssm_out.weight","final_output-17"
658,34,SCALE,0,0,2,948,"ffn_moe_inp-17","node_2938",""
658,70,ADD,0,1,1,1831,"ffn_moe_out-17","node_2974","ffn_moe_weighted-17 (view)"
658,74,MUL_MAT,0,24,22,1996,"ffn_shexp-17","blk.17.ffn_down_shexp.weight","ffn_swiglu-17"
658,77,MUL,0,4,15,2019,"ffn_shexp_gated-17","ffn_shexp-17","shared_expert_gate_sigmoid-17"
658,78,ADD,0,1,0,2021,"ffn_out-17","ffn_moe_out-17","ffn_shexp_gated-17"
659,5,MUL_MAT,0,285,69,698,"linear_attn_out-18","blk.18.ssm_out.weight","final_output-18"
659,34,SCALE,0,0,2,945,"ffn_moe_inp-18","node_3092",""
659,70,ADD,0,2,0,2300,"ffn_moe_out-18","node_3128","ffn_moe_weighted-18 (view)"
659,74,MUL_MAT,0,29,14,2544,"ffn_shexp-18","blk.18.ffn_down_shexp.weight","ffn_swiglu-18"
659,77,MUL,0,2,0,2552,"ffn_shexp_gated-18","ffn_shexp-18","shared_expert_gate_sigmoid-18"
659,78,ADD,0,1,1,2554,"ffn_out-18","ffn_moe_out-18","ffn_shexp_gated-18"
660,38,MUL_MAT,0,278,59,554,"attn_output-19","blk.19.attn_output.weight","attn_gated-19"
660,66,SCALE,0,0,2,801,"ffn_moe_inp-19","node_3279",""
660,102,ADD,0,1,0,1616,"ffn_moe_out-19","node_3315","ffn_moe_weighted-19 (view)"
660,106,MUL_MAT,0,30,11,1734,"ffn_shexp-19","blk.19.ffn_down_shexp.weight","ffn_swiglu-19"
660,109,MUL,0,2,0,1747,"ffn_shexp_gated-19","ffn_shexp-19","shared_expert_gate_sigmoid-19"
660,110,ADD,0,1,1,1749,"ffn_out-19","ffn_moe_out-19","ffn_shexp_gated-19"
661,5,MUL_MAT,0,267,79,662,"linear_attn_out-20","blk.20.ssm_out.weight","final_output-20"
661,34,SCALE,0,0,1,937,"ffn_moe_inp-20","node_3433",""
661,70,ADD,0,1,1,1791,"ffn_moe_out-20","node_3469","ffn_moe_weighted-20 (view)"
661,74,MUL_MAT,0,33,12,1935,"ffn_shexp-20","blk.20.ffn_down_shexp.weight","ffn_swiglu-20"
661,77,MUL,0,2,0,1948,"ffn_shexp_gated-20","ffn_shexp-20","shared_expert_gate_sigmoid-20"
661,78,ADD,0,1,1,1951,"ffn_out-20","ffn_moe_out-20","ffn_shexp_gated-20"
662,5,MUL_MAT,0,282,47,647,"linear_attn_out-21","blk.21.ssm_out.weight","final_output-21"
662,34,SCALE,0,1,1,890,"ffn_moe_inp-21","node_3587",""
662,70,ADD,0,1,0,2304,"ffn_moe_out-21","node_3623","ffn_moe_weighted-21 (view)"
662,74,MUL_MAT,0,31,17,2438,"ffn_shexp-21","blk.21.ffn_down_shexp.weight","ffn_swiglu-21"
662,77,MUL,0,2,0,2446,"ffn_shexp_gated-21","ffn_shexp-21","shared_expert_gate_sigmoid-21"
662,78,ADD,0,1,0,2448,"ffn_out-21","ffn_moe_out-21","ffn_shexp_gated-21"
663,5,MUL_MAT,0,282,72,732,"linear_attn_out-22","blk.22.ssm_out.weight","final_output-22"
663,34,SCALE,0,0,2,992,"ffn_moe_inp-22","node_3741",""
663,70,ADD,0,1,0,1886,"ffn_moe_out-22","node_3777","ffn_moe_weighted-22 (view)"
663,74,MUL_MAT,0,31,9,2008,"ffn_shexp-22","blk.22.ffn_down_shexp.weight","ffn_swiglu-22"
663,77,MUL,0,2,0,2018,"ffn_shexp_gated-22","ffn_shexp-22","shared_expert_gate_sigmoid-22"
663,78,ADD,0,2,1,2021,"ffn_out-22","ffn_moe_out-22","ffn_shexp_gated-22"
664,38,MUL_MAT,0,261,73,611,"attn_output-23","blk.23.attn_output.weight","attn_gated-23"
664,66,SCALE,0,0,1,880,"ffn_moe_inp-23","node_3928",""
664,102,ADD,0,1,1,1687,"ffn_moe_out-23","node_3964","ffn_moe_weighted-23 (view)"
664,106,MUL_MAT,0,23,12,1809,"ffn_shexp-23","blk.23.ffn_down_shexp.weight","ffn_swiglu-23"
664,109,MUL,0,3,0,1818,"ffn_shexp_gated-23","ffn_shexp-23","shared_expert_gate_sigmoid-23"
664,110,ADD,0,1,1,1820,"ffn_out-23","ffn_moe_out-23","ffn_shexp_gated-23"
665,5,MUL_MAT,0,225,118,710,"linear_attn_out-24","blk.24.ssm_out.weight","final_output-24"
665,34,SCALE,0,0,2,993,"ffn_moe_inp-24","node_4082",""
665,70,ADD,0,1,1,1814,"ffn_moe_out-24","node_4118","ffn_moe_weighted-24 (view)"
665,74,MUL_MAT,0,22,19,1937,"ffn_shexp-24","blk.24.ffn_down_shexp.weight","ffn_swiglu-24"
665,77,MUL,0,1,1,1945,"ffn_shexp_gated-24","ffn_shexp-24","shared_expert_gate_sigmoid-24"
665,78,ADD,0,1,7,1953,"ffn_out-24","ffn_moe_out-24","ffn_shexp_gated-24"
666,5,MUL_MAT,0,246,182,788,"linear_attn_out-25","blk.25.ssm_out.weight","final_output-25"
666,34,SCALE,0,0,14,1120,"ffn_moe_inp-25","node_4236",""
666,70,ADD,0,2,0,2018,"ffn_moe_out-25","node_4272","ffn_moe_weighted-25 (view)"
666,74,MUL_MAT,0,26,10,2151,"ffn_shexp-25","blk.25.ffn_down_shexp.weight","ffn_swiglu-25"
666,77,MUL,0,2,1,2160,"ffn_shexp_gated-25","ffn_shexp-25","shared_expert_gate_sigmoid-25"
666,78,ADD,0,2,6,2168,"ffn_out-25","ffn_moe_out-25","ffn_shexp_gated-25"
667,5,MUL_MAT,0,231,133,721,"linear_attn_out-26","blk.26.ssm_out.weight","final_output-26"
667,34,SCALE,0,0,2,995,"ffn_moe_inp-26","node_4390",""
667,70,ADD,0,2,0,2462,"ffn_moe_out-26","node_4426","ffn_moe_weighted-26 (view)"
667,74,MUL_MAT,0,46,3,2600,"ffn_shexp-26","blk.26.ffn_down_shexp.weight","ffn_swiglu-26"
667,77,MUL,0,3,1,2611,"ffn_shexp_gated-26","ffn_shexp-26","shared_expert_gate_sigmoid-26"
667,78,ADD,0,2,0,2613,"ffn_out-26","ffn_moe_out-26","ffn_shexp_gated-26"
668,38,MUL_MAT,0,314,11,546,"attn_output-27","blk.27.attn_output.weight","attn_gated-27"
668,66,SCALE,0,0,1,822,"ffn_moe_inp-27","node_4577",""
668,102,ADD,0,2,0,1677,"ffn_moe_out-27","node_4613","ffn_moe_weighted-27 (view)"
668,106,MUL_MAT,0,36,5,1797,"ffn_shexp-27","blk.27.ffn_down_shexp.weight","ffn_swiglu-27"
668,109,MUL,0,3,1,1820,"ffn_shexp_gated-27","ffn_shexp-27","shared_expert_gate_sigmoid-27"
668,110,ADD,0,1,1,1822,"ffn_out-27","ffn_moe_out-27","ffn_shexp_gated-27"
669,5,MUL_MAT,0,362,2,701,"linear_attn_out-28","blk.28.ssm_out.weight","final_output-28"
669,34,SCALE,0,0,2,1001,"ffn_moe_inp-28","node_4731",""
669,70,ADD,0,1,1,1906,"ffn_moe_out-28","node_4767","ffn_moe_weighted-28 (view)"
669,74,MUL_MAT,0,36,1,2024,"ffn_shexp-28","blk.28.ffn_down_shexp.weight","ffn_swiglu-28"
669,77,MUL,0,4,0,2045,"ffn_shexp_gated-28","ffn_shexp-28","shared_expert_gate_sigmoid-28"
669,78,ADD,0,1,1,2047,"ffn_out-28","ffn_moe_out-28","ffn_shexp_gated-28"
670,5,MUL_MAT,0,348,1,680,"linear_attn_out-29","blk.29.ssm_out.weight","final_output-29"
670,34,SCALE,0,1,1,959,"ffn_moe_inp-29","node_4885",""
670,70,ADD,0,1,6,1830,"ffn_moe_out-29","node_4921","ffn_moe_weighted-29 (view)"
670,74,MUL_MAT,0,36,2,1947,"ffn_shexp-29","blk.29.ffn_down_shexp.weight","ffn_swiglu-29"
670,77,MUL,0,3,1,1957,"ffn_shexp_gated-29","ffn_shexp-29","shared_expert_gate_sigmoid-29"
670,78,ADD,0,1,1,1959,"ffn_out-29","ffn_moe_out-29","ffn_shexp_gated-29"
671,5,MUL_MAT,0,186,162,675,"linear_attn_out-30","blk.30.ssm_out.weight","final_output-30"
671,34,SCALE,0,0,1,896,"ffn_moe_inp-30","node_5039",""
671,70,ADD,0,2,0,2655,"ffn_moe_out-30","node_5075","ffn_moe_weighted-30 (view)"
671,74,MUL_MAT,0,37,4,2794,"ffn_shexp-30","blk.30.ffn_down_shexp.weight","ffn_swiglu-30"
671,77,MUL,0,3,1,2804,"ffn_shexp_gated-30","ffn_shexp-30","shared_expert_gate_sigmoid-30"
671,78,ADD,0,1,4,2809,"ffn_out-30","ffn_moe_out-30","ffn_shexp_gated-30"
672,38,MUL_MAT,0,298,19,542,"attn_output-31","blk.31.attn_output.weight","attn_gated-31"
672,66,SCALE,0,0,1,811,"ffn_moe_inp-31","node_5226",""
672,102,ADD,0,1,1,1603,"ffn_moe_out-31","node_5262","ffn_moe_weighted-31 (view)"
672,106,MUL_MAT,0,34,3,1730,"ffn_shexp-31","blk.31.ffn_down_shexp.weight","ffn_swiglu-31"
672,109,MUL,0,3,0,1738,"ffn_shexp_gated-31","ffn_shexp-31","shared_expert_gate_sigmoid-31"
672,110,ADD,0,1,0,1740,"ffn_out-31","ffn_moe_out-31","ffn_shexp_gated-31"
673,5,MUL_MAT,0,286,170,822,"linear_attn_out-32","blk.32.ssm_out.weight","final_output-32"
673,34,SCALE,0,0,2,1097,"ffn_moe_inp-32","node_5380",""
673,70,ADD,0,1,0,1952,"ffn_moe_out-32","node_5416","ffn_moe_weighted-32 (view)"
673,74,MUL_MAT,0,30,11,2072,"ffn_shexp-32","blk.32.ffn_down_shexp.weight","ffn_swiglu-32"
673,77,MUL,0,2,0,2087,"ffn_shexp_gated-32","ffn_shexp-32","shared_expert_gate_sigmoid-32"
673,78,ADD,0,1,1,2089,"ffn_out-32","ffn_moe_out-32","ffn_shexp_gated-32"
674,5,MUL_MAT,0,372,1,698,"linear_attn_out-33","blk.33.ssm_out.weight","final_output-33"
674,34,SCALE,0,1,1,961,"ffn_moe_inp-33","node_5534",""
674,70,ADD,0,2,0,1884,"ffn_moe_out-33","node_5570","ffn_moe_weighted-33 (view)"
674,74,MUL_MAT,0,33,7,2017,"ffn_shexp-33","blk.33.ffn_down_shexp.weight","ffn_swiglu-33"
674,77,MUL,0,2,0,2026,"ffn_shexp_gated-33","ffn_shexp-33","shared_expert_gate_sigmoid-33"
674,78,ADD,0,1,1,2028,"ffn_out-33","ffn_moe_out-33","ffn_shexp_gated-33"
675,5,MUL_MAT,0,277,59,679,"linear_attn_out-34","blk.34.ssm_out.weight","final_output-34"
675,34,SCALE,0,0,1,929,"ffn_moe_inp-34","node_5688",""
675,70,ADD,0,1,0,2335,"ffn_moe_out-34","node_5724","ffn_moe_weighted-34 (view)"
675,74,MUL_MAT,0,31,8,2457,"ffn_shexp-34","blk.34.ffn_down_shexp.weight","ffn_swiglu-34"
675,77,MUL,0,2,1,2466,"ffn_shexp_gated-34","ffn_shexp-34","shared_expert_gate_sigmoid-34"
675,78,ADD,0,1,1,2468,"ffn_out-34","ffn_moe_out-34","ffn_shexp_gated-34"
676,38,MUL_MAT,0,286,40,558,"attn_output-35","blk.35.attn_output.weight","attn_gated-35"
676,66,SCALE,0,1,0,812,"ffn_moe_inp-35","node_5875",""
676,102,ADD,0,1,1,1629,"ffn_moe_out-35","node_5911","ffn_moe_weighted-35 (view)"
676,106,MUL_MAT,0,30,6,1740,"ffn_shexp-35","blk.35.ffn_down_shexp.weight","ffn_swiglu-35"
676,109,MUL,0,2,0,1749,"ffn_shexp_gated-35","ffn_shexp-35","shared_expert_gate_sigmoid-35"
676,110,ADD,0,1,1,1751,"ffn_out-35","ffn_moe_out-35","ffn_shexp_gated-35"
677,5,MUL_MAT,0,316,61,746,"linear_attn_out-36","blk.36.ssm_out.weight","final_output-36"
677,34,SCALE,0,0,2,1058,"ffn_moe_inp-36","node_6029",""
677,70,ADD,0,1,0,2399,"ffn_moe_out-36","node_6065","ffn_moe_weighted-36 (view)"
677,74,MUL_MAT,0,36,13,2527,"ffn_shexp-36","blk.36.ffn_down_shexp.weight","ffn_swiglu-36"
677,77,MUL,0,2,1,2537,"ffn_shexp_gated-36","ffn_shexp-36","shared_expert_gate_sigmoid-36"
677,78,ADD,0,1,13,2552,"ffn_out-36","ffn_moe_out-36","ffn_shexp_gated-36"
678,5,MUL_MAT,0,189,144,653,"linear_attn_out-37","blk.37.ssm_out.weight","final_output-37"
678,34,SCALE,0,0,3,908,"ffn_moe_inp-37","node_6183",""
678,70,ADD,0,1,1,1747,"ffn_moe_out-37","node_6219","ffn_moe_weighted-37 (view)"
678,74,MUL_MAT,0,23,20,1873,"ffn_shexp-37","blk.37.ffn_down_shexp.weight","ffn_swiglu-37"
678,77,MUL,0,1,1,1882,"ffn_shexp_gated-37","ffn_shexp-37","shared_expert_gate_sigmoid-37"
678,78,ADD,0,1,2,1885,"ffn_out-37","ffn_moe_out-37","ffn_shexp_gated-37"
679,5,MUL_MAT,0,275,76,753,"linear_attn_out-38","blk.38.ssm_out.weight","final_output-38"
679,34,SCALE,0,0,1,1191,"ffn_moe_inp-38","node_6337",""
679,70,ADD,0,1,1,2066,"ffn_moe_out-38","node_6373","ffn_moe_weighted-38 (view)"
679,74,MUL_MAT,0,29,8,2215,"ffn_shexp-38","blk.38.ffn_down_shexp.weight","ffn_swiglu-38"
679,77,MUL,0,2,0,2224,"ffn_shexp_gated-38","ffn_shexp-38","shared_expert_gate_sigmoid-38"
679,78,ADD,0,1,1,2226,"ffn_out-38","ffn_moe_out-38","ffn_shexp_gated-38"
680,0,GET_ROWS,0,3,12,15,"model.input_embed","token_embd.weight","inp_tokens"
681,5,MUL_MAT,0,313,80,792,"linear_attn_out-0","blk.0.ssm_out.weight","final_output-0"
681,34,SCALE,0,0,12,1088,"ffn_moe_inp-0","node_104",""
681,70,ADD,0,1,7,2129,"ffn_moe_out-0","node_140","ffn_moe_weighted-0 (view)"
681,93,MUL_MAT,0,28,11,2975,"ffn_shexp-0","blk.0.ffn_down_shexp.weight","ffn_swiglu-0"
681,96,MUL,0,1,1,2984,"ffn_shexp_gated-0","ffn_shexp-0","shared_expert_gate_sigmoid-0"
681,97,ADD,0,1,1,2986,"ffn_out-0","ffn_moe_out-0","ffn_shexp_gated-0"
682,5,MUL_MAT,0,299,75,728,"linear_attn_out-1","blk.1.ssm_out.weight","final_output-1"
682,34,SCALE,0,0,2,1022,"ffn_moe_inp-1","node_342",""
682,70,ADD,0,1,0,1908,"ffn_moe_out-1","node_378","ffn_moe_weighted-1 (view)"
682,74,MUL_MAT,0,31,8,2028,"ffn_shexp-1","blk.1.ffn_down_shexp.weight","ffn_swiglu-1"
682,77,MUL,0,2,0,2036,"ffn_shexp_gated-1","ffn_shexp-1","shared_expert_gate_sigmoid-1"
682,78,ADD,0,2,0,2038,"ffn_out-1","ffn_moe_out-1","ffn_shexp_gated-1"
683,5,MUL_MAT,0,265,84,693,"linear_attn_out-2","blk.2.ssm_out.weight","final_output-2"
683,34,SCALE,0,0,6,982,"ffn_moe_inp-2","node_496",""
683,70,ADD,0,1,0,2451,"ffn_moe_out-2","node_532","ffn_moe_weighted-2 (view)"
683,74,MUL_MAT,0,33,12,2589,"ffn_shexp-2","blk.2.ffn_down_shexp.weight","ffn_swiglu-2"
683,77,MUL,0,2,1,2608,"ffn_shexp_gated-2","ffn_shexp-2","shared_expert_gate_sigmoid-2"
683,78,ADD,0,1,3,2612,"ffn_out-2","ffn_moe_out-2","ffn_shexp_gated-2"
684,38,MUL_MAT,0,335,6,663,"attn_output-3","blk.3.attn_output.weight","attn_gated-3"
684,66,SCALE,0,0,10,942,"ffn_moe_inp-3","node_683",""
684,102,ADD,0,2,0,1773,"ffn_moe_out-3","node_719","ffn_moe_weighted-3 (view)"
684,106,MUL_MAT,0,32,3,1884,"ffn_shexp-3","blk.3.ffn_down_shexp.weight","ffn_swiglu-3"
684,109,MUL,0,3,0,1893,"ffn_shexp_gated-3","ffn_shexp-3","shared_expert_gate_sigmoid-3"
684,110,ADD,0,2,0,1895,"ffn_out-3","ffn_moe_out-3","ffn_shexp_gated-3"
685,5,MUL_MAT,0,330,14,682,"linear_attn_out-4","blk.4.ssm_out.weight","final_output-4"
685,34,SCALE,0,0,2,977,"ffn_moe_inp-4","node_837",""
685,70,ADD,0,2,0,1991,"ffn_moe_out-4","node_873","ffn_moe_weighted-4 (view)"
685,74,MUL_MAT,0,35,5,2109,"ffn_shexp-4","blk.4.ffn_down_shexp.weight","ffn_swiglu-4"
685,77,MUL,0,3,0,2122,"ffn_shexp_gated-4","ffn_shexp-4","shared_expert_gate_sigmoid-4"
685,78,ADD,0,1,6,2130,"ffn_out-4","ffn_moe_out-4","ffn_shexp_gated-4"
686,5,MUL_MAT,0,322,20,857,"linear_attn_out-5","blk.5.ssm_out.weight","final_output-5"
686,34,SCALE,0,1,1,1139,"ffn_moe_inp-5","node_991",""
686,70,ADD,0,1,1,2067,"ffn_moe_out-5","node_1027","ffn_moe_weighted-5 (view)"
686,74,MUL_MAT,0,50,6,2222,"ffn_shexp-5","blk.5.ffn_down_shexp.weight","ffn_swiglu-5"
686,77,MUL,0,3,1,2233,"ffn_shexp_gated-5","ffn_shexp-5","shared_expert_gate_sigmoid-5"
686,78,ADD,0,1,1,2235,"ffn_out-5","ffn_moe_out-5","ffn_shexp_gated-5"
687,5,MUL_MAT,0,311,19,643,"linear_attn_out-6","blk.6.ssm_out.weight","final_output-6"
687,34,SCALE,0,1,1,918,"ffn_moe_inp-6","node_1145",""
687,70,ADD,0,1,1,1759,"ffn_moe_out-6","node_1181","ffn_moe_weighted-6 (view)"
687,74,MUL_MAT,0,36,7,1893,"ffn_shexp-6","blk.6.ffn_down_shexp.weight","ffn_swiglu-6"
687,77,MUL,0,3,0,1904,"ffn_shexp_gated-6","ffn_shexp-6","shared_expert_gate_sigmoid-6"
687,78,ADD,0,1,2,1908,"ffn_out-6","ffn_moe_out-6","ffn_shexp_gated-6"
688,38,MUL_MAT,0,288,77,651,"attn_output-7","blk.7.attn_output.weight","attn_gated-7"
688,66,SCALE,0,0,2,942,"ffn_moe_inp-7","node_1332",""
688,102,ADD,0,1,10,1784,"ffn_moe_out-7","node_1368","ffn_moe_weighted-7 (view)"
688,106,MUL_MAT,0,33,3,1896,"ffn_shexp-7","blk.7.ffn_down_shexp.weight","ffn_swiglu-7"
688,109,MUL,0,3,1,1915,"ffn_shexp_gated-7","ffn_shexp-7","shared_expert_gate_sigmoid-7"
688,110,ADD,0,1,1,1917,"ffn_out-7","ffn_moe_out-7","ffn_shexp_gated-7"
689,5,MUL_MAT,0,341,2,694,"linear_attn_out-8","blk.8.ssm_out.weight","final_output-8"
689,34,SCALE,0,1,2,1004,"ffn_moe_inp-8","node_1486",""
689,70,ADD,0,2,0,1915,"ffn_moe_out-8","node_1522","ffn_moe_weighted-8 (view)"
689,74,MUL_MAT,0,40,1,2047,"ffn_shexp-8","blk.8.ffn_down_shexp.weight","ffn_swiglu-8"
689,77,MUL,0,3,1,2059,"ffn_shexp_gated-8","ffn_shexp-8","shared_expert_gate_sigmoid-8"
689,78,ADD,0,1,1,2061,"ffn_out-8","ffn_moe_out-8","ffn_shexp_gated-8"
690,5,MUL_MAT,0,344,4,676,"linear_attn_out-9","blk.9.ssm_out.weight","final_output-9"
690,34,SCALE,0,0,1,932,"ffn_moe_inp-9","node_1640",""
690,70,ADD,0,1,1,1852,"ffn_moe_out-9","node_1676","ffn_moe_weighted-9 (view)"
690,74,MUL_MAT,0,40,1,1985,"ffn_shexp-9","blk.9.ffn_down_shexp.weight","ffn_swiglu-9"
690,77,MUL,0,3,0,2001,"ffn_shexp_gated-9","ffn_shexp-9","shared_expert_gate_sigmoid-9"
690,78,ADD,0,1,0,2003,"ffn_out-9","ffn_moe_out-9","ffn_shexp_gated-9"
691,5,MUL_MAT,0,286,58,675,"linear_attn_out-10","blk.10.ssm_out.weight","final_output-10"
691,34,SCALE,0,0,2,946,"ffn_moe_inp-10","node_1794",""
691,70,ADD,0,2,0,1765,"ffn_moe_out-10","node_1830","ffn_moe_weighted-10 (view)"
691,74,MUL_MAT,0,40,7,1909,"ffn_shexp-10","blk.10.ffn_down_shexp.weight","ffn_swiglu-10"
691,77,MUL,0,3,0,1921,"ffn_shexp_gated-10","ffn_shexp-10","shared_expert_gate_sigmoid-10"
691,78,ADD,0,1,0,1922,"ffn_out-10","ffn_moe_out-10","ffn_shexp_gated-10"
692,38,MUL_MAT,0,276,74,758,"attn_output-11","blk.11.attn_output.weight","attn_gated-11"
692,66,SCALE,0,1,1,1009,"ffn_moe_inp-11","node_1981",""
692,102,ADD,0,2,2,1843,"ffn_moe_out-11","node_2017","ffn_moe_weighted-11 (view)"
692,106,MUL_MAT,0,26,12,1961,"ffn_shexp-11","blk.11.ffn_down_shexp.weight","ffn_swiglu-11"
692,109,MUL,0,2,0,1977,"ffn_shexp_gated-11","ffn_shexp-11","shared_expert_gate_sigmoid-11"
692,110,ADD,0,1,0,1979,"ffn_out-11","ffn_moe_out-11","ffn_shexp_gated-11"
693,5,MUL_MAT,0,297,54,693,"linear_attn_out-12","blk.12.ssm_out.weight","final_output-12"
693,34,SCALE,0,0,13,998,"ffn_moe_inp-12","node_2135",""
693,70,ADD,0,2,0,1924,"ffn_moe_out-12","node_2171","ffn_moe_weighted-12 (view)"
693,74,MUL_MAT,0,39,6,2077,"ffn_shexp-12","blk.12.ffn_down_shexp.weight","ffn_swiglu-12"
693,77,MUL,0,2,1,2090,"ffn_shexp_gated-12","ffn_shexp-12","shared_expert_gate_sigmoid-12"
693,78,ADD,0,2,0,2092,"ffn_out-12","ffn_moe_out-12","ffn_shexp_gated-12"
694,5,MUL_MAT,0,296,48,698,"linear_attn_out-13","blk.13.ssm_out.weight","final_output-13"
694,34,SCALE,0,0,7,971,"ffn_moe_inp-13","node_2289",""
694,70,ADD,0,1,1,2257,"ffn_moe_out-13","node_2325","ffn_moe_weighted-13 (view)"
694,74,MUL_MAT,0,29,11,2376,"ffn_shexp-13","blk.13.ffn_down_shexp.weight","ffn_swiglu-13"
694,77,MUL,0,2,0,2384,"ffn_shexp_gated-13","ffn_shexp-13","shared_expert_gate_sigmoid-13"
694,78,ADD,0,1,1,2386,"ffn_out-13","ffn_moe_out-13","ffn_shexp_gated-13"
695,5,MUL_MAT,0,288,66,702,"linear_attn_out-14","blk.14.ssm_out.weight","final_output-14"
695,34,SCALE,0,0,1,950,"ffn_moe_inp-14","node_2443",""
695,70,ADD,0,1,1,1886,"ffn_moe_out-14","node_2479","ffn_moe_weighted-14 (view)"
695,74,MUL_MAT,0,47,2,2034,"ffn_shexp-14","blk.14.ffn_down_shexp.weight","ffn_swiglu-14"
695,77,MUL,0,2,0,2042,"ffn_shexp_gated-14","ffn_shexp-14","shared_expert_gate_sigmoid-14"
695,78,ADD,0,1,1,2044,"ffn_out-14","ffn_moe_out-14","ffn_shexp_gated-14"
696,38,MUL_MAT,0,285,67,852,"attn_output-15","blk.15.attn_output.weight","attn_gated-15"
696,66,SCALE,0,0,3,1235,"ffn_moe_inp-15","node_2630",""
696,102,ADD,0,1,1,2116,"ffn_moe_out-15","node_2666","ffn_moe_weighted-15 (view)"
696,106,MUL_MAT,0,30,17,2252,"ffn_shexp-15","blk.15.ffn_down_shexp.weight","ffn_swiglu-15"
696,109,MUL,0,2,0,2265,"ffn_shexp_gated-15","ffn_shexp-15","shared_expert_gate_sigmoid-15"
696,110,ADD,0,1,1,2268,"ffn_out-15","ffn_moe_out-15","ffn_shexp_gated-15"
697,5,MUL_MAT,0,265,70,668,"linear_attn_out-16","blk.16.ssm_out.weight","final_output-16"
697,34,SCALE,0,0,2,929,"ffn_moe_inp-16","node_2784",""
697,70,ADD,0,1,1,1736,"ffn_moe_out-16","node_2820","ffn_moe_weighted-16 (view)"
697,74,MUL_MAT,0,29,10,1854,"ffn_shexp-16","blk.16.ffn_down_shexp.weight","ffn_swiglu-16"
697,77,MUL,0,2,1,1864,"ffn_shexp_gated-16","ffn_shexp-16","shared_expert_gate_sigmoid-16"
697,78,ADD,0,1,1,1866,"ffn_out-16","ffn_moe_out-16","ffn_shexp_gated-16"
698,5,MUL_MAT,0,272,74,860,"linear_attn_out-17","blk.17.ssm_out.weight","final_output-17"
698,34,SCALE,0,0,2,1124,"ffn_moe_inp-17","node_2938",""
698,70,ADD,0,1,1,1968,"ffn_moe_out-17","node_2974","ffn_moe_weighted-17 (view)"
698,74,MUL_MAT,0,27,13,2095,"ffn_shexp-17","blk.17.ffn_down_shexp.weight","ffn_swiglu-17"
698,77,MUL,0,2,1,2111,"ffn_shexp_gated-17","ffn_shexp-17","shared_expert_gate_sigmoid-17"
698,78,ADD,0,1,1,2113,"ffn_out-17","ffn_moe_out-17","ffn_shexp_gated-17"
699,5,MUL_MAT,0,288,59,666,"linear_attn_out-18","blk.18.ssm_out.weight","final_output-18"
699,34,SCALE,0,0,2,906,"ffn_moe_inp-18","node_3092",""
699,70,ADD,0,1,1,1775,"ffn_moe_out-18","node_3128","ffn_moe_weighted-18 (view)"
699,74,MUL_MAT,0,28,13,1907,"ffn_shexp-18","blk.18.ffn_down_shexp.weight","ffn_swiglu-18"
699,77,MUL,0,2,0,1915,"ffn_shexp_gated-18","ffn_shexp-18","shared_expert_gate_sigmoid-18"
699,78,ADD,0,2,1,1918,"ffn_out-18","ffn_moe_out-18","ffn_shexp_gated-18"
700,38,MUL_MAT,0,224,154,671,"attn_output-19","blk.19.attn_output.weight","attn_gated-19"
700,66,SCALE,0,0,2,938,"ffn_moe_inp-19","node_3279",""
700,102,ADD,0,1,0,2582,"ffn_moe_out-19","node_3315","ffn_moe_weighted-19 (view)"
700,106,MUL_MAT,0,31,7,2696,"ffn_shexp-19","blk.19.ffn_down_shexp.weight","ffn_swiglu-19"
700,109,MUL,0,2,0,2712,"ffn_shexp_gated-19","ffn_shexp-19","shared_expert_gate_sigmoid-19"
700,110,ADD,0,1,2,2715,"ffn_out-19","ffn_moe_out-19","ffn_shexp_gated-19"
701,5,MUL_MAT,0,267,81,698,"linear_attn_out-20","blk.20.ssm_out.weight","final_output-20"
701,34,SCALE,0,0,11,972,"ffn_moe_inp-20","node_3433",""
701,70,ADD,0,1,1,1818,"ffn_moe_out-20","node_3469","ffn_moe_weighted-20 (view)"
701,74,MUL_MAT,0,33,15,1944,"ffn_shexp-20","blk.20.ffn_down_shexp.weight","ffn_swiglu-20"
701,77,MUL,0,2,0,1954,"ffn_shexp_gated-20","ffn_shexp-20","shared_expert_gate_sigmoid-20"
701,78,ADD,0,2,1,1957,"ffn_out-20","ffn_moe_out-20","ffn_shexp_gated-20"
702,5,MUL_MAT,0,263,62,809,"linear_attn_out-21","blk.21.ssm_out.weight","final_output-21"
702,34,SCALE,0,0,2,1077,"ffn_moe_inp-21","node_3587",""
702,70,ADD,0,2,0,1956,"ffn_moe_out-21","node_3623","ffn_moe_weighted-21 (view)"
702,74,MUL_MAT,0,33,9,2082,"ffn_shexp-21","blk.21.ffn_down_shexp.weight","ffn_swiglu-21"
702,77,MUL,0,2,0,2089,"ffn_shexp_gated-21","ffn_shexp-21","shared_expert_gate_sigmoid-21"
702,78,ADD,0,1,1,2092,"ffn_out-21","ffn_moe_out-21","ffn_shexp_gated-21"
703,5,MUL_MAT,0,266,68,660,"linear_attn_out-22","blk.22.ssm_out.weight","final_output-22"
703,34,SCALE,0,1,1,913,"ffn_moe_inp-22","node_3741",""
703,70,ADD,0,1,0,2242,"ffn_moe_out-22","node_3777","ffn_moe_weighted-22 (view)"
703,74,MUL_MAT,0,30,9,2480,"ffn_shexp-22","blk.22.ffn_down_shexp.weight","ffn_swiglu-22"
703,77,MUL,0,2,0,2487,"ffn_shexp_gated-22","ffn_shexp-22","shared_expert_gate_sigmoid-22"
703,78,ADD,0,1,0,2489,"ffn_out-22","ffn_moe_out-22","ffn_shexp_gated-22"
704,38,MUL_MAT,0,262,62,561,"attn_output-23","blk.23.attn_output.weight","attn_gated-23"
704,66,SCALE,0,0,1,855,"ffn_moe_inp-23","node_3928",""
704,102,ADD,0,1,1,2218,"ffn_moe_out-23","node_3964","ffn_moe_weighted-23 (view)"
704,106,MUL_MAT,0,29,17,2351,"ffn_shexp-23","blk.23.ffn_down_shexp.weight","ffn_swiglu-23"
704,109,MUL,0,2,0,2364,"ffn_shexp_gated-23","ffn_shexp-23","shared_expert_gate_sigmoid-23"
704,110,ADD,0,1,0,2366,"ffn_out-23","ffn_moe_out-23","ffn_shexp_gated-23"
705,5,MUL_MAT,0,301,51,677,"linear_attn_out-24","blk.24.ssm_out.weight","final_output-24"
705,34,SCALE,0,1,1,943,"ffn_moe_inp-24","node_4082",""
705,70,ADD,0,1,1,2296,"ffn_moe_out-24","node_4118","ffn_moe_weighted-24 (view)"
705,74,MUL_MAT,0,23,22,2427,"ffn_shexp-24","blk.24.ffn_down_shexp.weight","ffn_swiglu-24"
705,77,MUL,0,4,1,2462,"ffn_shexp_gated-24","ffn_shexp-24","shared_expert_gate_sigmoid-24"
705,78,ADD,0,2,0,2464,"ffn_out-24","ffn_moe_out-24","ffn_shexp_gated-24"
706,5,MUL_MAT,0,279,63,668,"linear_attn_out-25","blk.25.ssm_out.weight","final_output-25"
706,34,SCALE,0,0,1,929,"ffn_moe_inp-25","node_4236",""
706,70,ADD,0,1,1,2129,"ffn_moe_out-25","node_4272","ffn_moe_weighted-25 (view)"
706,74,MUL_MAT,0,31,13,2253,"ffn_shexp-25","blk.25.ffn_down_shexp.weight","ffn_swiglu-25"
706,77,MUL,0,2,0,2261,"ffn_shexp_gated-25","ffn_shexp-25","shared_expert_gate_sigmoid-25"
706,78,ADD,0,1,0,2263,"ffn_out-25","ffn_moe_out-25","ffn_shexp_gated-25"
707,5,MUL_MAT,0,290,90,785,"linear_attn_out-26","blk.26.ssm_out.weight","final_output-26"
707,34,SCALE,0,0,1,1053,"ffn_moe_inp-26","node_4390",""
707,70,ADD,0,1,0,1843,"ffn_moe_out-26","node_4426","ffn_moe_weighted-26 (view)"
707,74,MUL_MAT,0,37,7,1970,"ffn_shexp-26","blk.26.ffn_down_shexp.weight","ffn_swiglu-26"
707,77,MUL,0,2,1,1988,"ffn_shexp_gated-26","ffn_shexp-26","shared_expert_gate_sigmoid-26"
707,78,ADD,0,1,7,1996,"ffn_out-26","ffn_moe_out-26","ffn_shexp_gated-26"
708,38,MUL_MAT,0,275,76,576,"attn_output-27","blk.27.attn_output.weight","attn_gated-27"
708,66,SCALE,0,0,1,859,"ffn_moe_inp-27","node_4577",""
708,102,ADD,0,1,1,1729,"ffn_moe_out-27","node_4613","ffn_moe_weighted-27 (view)"
708,106,MUL_MAT,0,33,3,1863,"ffn_shexp-27","blk.27.ffn_down_shexp.weight","ffn_swiglu-27"
708,109,MUL,0,2,1,1872,"ffn_shexp_gated-27","ffn_shexp-27","shared_expert_gate_sigmoid-27"
708,110,ADD,0,1,1,1874,"ffn_out-27","ffn_moe_out-27","ffn_shexp_gated-27"
709,5,MUL_MAT,0,175,161,661,"linear_attn_out-28","blk.28.ssm_out.weight","final_output-28"
709,34,SCALE,0,0,2,917,"ffn_moe_inp-28","node_4731",""
709,70,ADD,0,1,0,1752,"ffn_moe_out-28","node_4767","ffn_moe_weighted-28 (view)"
709,74,MUL_MAT,0,32,7,1905,"ffn_shexp-28","blk.28.ffn_down_shexp.weight","ffn_swiglu-28"
709,77,MUL,0,2,0,1914,"ffn_shexp_gated-28","ffn_shexp-28","shared_expert_gate_sigmoid-28"
709,78,ADD,0,1,0,1916,"ffn_out-28","ffn_moe_out-28","ffn_shexp_gated-28"
710,5,MUL_MAT,0,271,60,673,"linear_attn_out-29","blk.29.ssm_out.weight","final_output-29"
710,34,SCALE,0,0,1,921,"ffn_moe_inp-29","node_4885",""
710,70,ADD,0,1,1,1692,"ffn_moe_out-29","node_4921","ffn_moe_weighted-29 (view)"
710,74,MUL_MAT,0,28,9,1813,"ffn_shexp-29","blk.29.ffn_down_shexp.weight","ffn_swiglu-29"
710,77,MUL,0,3,0,1822,"ffn_shexp_gated-29","ffn_shexp-29","shared_expert_gate_sigmoid-29"
710,78,ADD,0,1,1,1824,"ffn_out-29","ffn_moe_out-29","ffn_shexp_gated-29"
711,5,MUL_MAT,0,220,145,727,"linear_attn_out-30","blk.30.ssm_out.weight","final_output-30"
711,34,SCALE,0,0,2,1024,"ffn_moe_inp-30","node_5039",""
711,70,ADD,0,1,6,2057,"ffn_moe_out-30","node_5075","ffn_moe_weighted-30 (view)"
711,74,MUL_MAT,0,48,11,2232,"ffn_shexp-30","blk.30.ffn_down_shexp.weight","ffn_swiglu-30"
711,77,MUL,0,2,0,2240,"ffn_shexp_gated-30","ffn_shexp-30","shared_expert_gate_sigmoid-30"
711,78,ADD,0,1,0,2242,"ffn_out-30","ffn_moe_out-30","ffn_shexp_gated-30"
712,38,MUL_MAT,0,166,154,548,"attn_output-31","blk.31.attn_output.weight","attn_gated-31"
712,66,SCALE,0,0,2,765,"ffn_moe_inp-31","node_5226",""
712,102,ADD,0,1,1,1532,"ffn_moe_out-31","node_5262","ffn_moe_weighted-31 (view)"
712,106,MUL_MAT,0,21,17,1656,"ffn_shexp-31","blk.31.ffn_down_shexp.weight","ffn_swiglu-31"
712,109,MUL,0,2,0,1664,"ffn_shexp_gated-31","ffn_shexp-31","shared_expert_gate_sigmoid-31"
712,110,ADD,0,1,1,1666,"ffn_out-31","ffn_moe_out-31","ffn_shexp_gated-31"
713,5,MUL_MAT,0,190,172,743,"linear_attn_out-32","blk.32.ssm_out.weight","final_output-32"
713,34,SCALE,0,1,1,1004,"ffn_moe_inp-32","node_5380",""
713,70,ADD,0,1,0,2362,"ffn_moe_out-32","node_5416","ffn_moe_weighted-32 (view)"
713,74,MUL_MAT,0,28,18,2495,"ffn_shexp-32","blk.32.ffn_down_shexp.weight","ffn_swiglu-32"
713,77,MUL,0,1,1,2511,"ffn_shexp_gated-32","ffn_shexp-32","shared_expert_gate_sigmoid-32"
713,78,ADD,0,1,0,2512,"ffn_out-32","ffn_moe_out-32","ffn_shexp_gated-32"
714,5,MUL_MAT,0,186,166,695,"linear_attn_out-33","blk.33.ssm_out.weight","final_output-33"
714,34,SCALE,0,0,2,982,"ffn_moe_inp-33","node_5534",""
714,70,ADD,0,1,0,1856,"ffn_moe_out-33","node_5570","ffn_moe_weighted-33 (view)"
714,74,MUL_MAT,0,24,15,2011,"ffn_shexp-33","blk.33.ffn_down_shexp.weight","ffn_swiglu-33"
714,77,MUL,0,1,1,2020,"ffn_shexp_gated-33","ffn_shexp-33","shared_expert_gate_sigmoid-33"
714,78,ADD,0,0,1,2021,"ffn_out-33","ffn_moe_out-33","ffn_shexp_gated-33"
715,5,MUL_MAT,0,179,165,661,"linear_attn_out-34","blk.34.ssm_out.weight","final_output-34"
715,34,SCALE,0,0,2,967,"ffn_moe_inp-34","node_5688",""
715,70,ADD,0,1,1,1803,"ffn_moe_out-34","node_5724","ffn_moe_weighted-34 (view)"
715,74,MUL_MAT,0,21,18,1937,"ffn_shexp-34","blk.34.ffn_down_shexp.weight","ffn_swiglu-34"
715,77,MUL,0,2,0,1945,"ffn_shexp_gated-34","ffn_shexp-34","shared_expert_gate_sigmoid-34"
715,78,ADD,0,0,2,1948,"ffn_out-34","ffn_moe_out-34","ffn_shexp_gated-34"
716,38,MUL_MAT,0,256,62,561,"attn_output-35","blk.35.attn_output.weight","attn_gated-35"
716,66,SCALE,0,0,2,783,"ffn_moe_inp-35","node_5875",""
716,102,ADD,0,1,0,2268,"ffn_moe_out-35","node_5911","ffn_moe_weighted-35 (view)"
716,106,MUL_MAT,0,27,8,2376,"ffn_shexp-35","blk.35.ffn_down_shexp.weight","ffn_swiglu-35"
716,109,MUL,0,1,1,2383,"ffn_shexp_gated-35","ffn_shexp-35","shared_expert_gate_sigmoid-35"
716,110,ADD,0,1,1,2385,"ffn_out-35","ffn_moe_out-35","ffn_shexp_gated-35"
717,5,MUL_MAT,0,238,115,711,"linear_attn_out-36","blk.36.ssm_out.weight","final_output-36"
717,34,SCALE,0,0,2,1074,"ffn_moe_inp-36","node_6029",""
717,70,ADD,0,1,0,2086,"ffn_moe_out-36","node_6065","ffn_moe_weighted-36 (view)"
717,74,MUL_MAT,0,21,17,2214,"ffn_shexp-36","blk.36.ffn_down_shexp.weight","ffn_swiglu-36"
717,77,MUL,0,1,1,2222,"ffn_shexp_gated-36","ffn_shexp-36","shared_expert_gate_sigmoid-36"
717,78,ADD,0,1,1,2224,"ffn_out-36","ffn_moe_out-36","ffn_shexp_gated-36"
718,5,MUL_MAT,0,175,162,657,"linear_attn_out-37","blk.37.ssm_out.weight","final_output-37"
718,34,SCALE,0,0,1,924,"ffn_moe_inp-37","node_6183",""
718,70,ADD,0,1,1,1783,"ffn_moe_out-37","node_6219","ffn_moe_weighted-37 (view)"
718,74,MUL_MAT,0,26,12,1903,"ffn_shexp-37","blk.37.ffn_down_shexp.weight","ffn_swiglu-37"
718,77,MUL,0,2,0,1912,"ffn_shexp_gated-37","ffn_shexp-37","shared_expert_gate_sigmoid-37"
718,78,ADD,0,1,1,1914,"ffn_out-37","ffn_moe_out-37","ffn_shexp_gated-37"
719,5,MUL_MAT,0,180,146,639,"linear_attn_out-38","blk.38.ssm_out.weight","final_output-38"
719,34,SCALE,0,0,2,870,"ffn_moe_inp-38","node_6337",""
719,70,ADD,0,1,9,1674,"ffn_moe_out-38","node_6373","ffn_moe_weighted-38 (view)"
719,74,MUL_MAT,0,20,26,1809,"ffn_shexp-38","blk.38.ffn_down_shexp.weight","ffn_swiglu-38"
719,77,MUL,0,2,0,1817,"ffn_shexp_gated-38","ffn_shexp-38","shared_expert_gate_sigmoid-38"
719,78,ADD,0,0,1,1819,"ffn_out-38","ffn_moe_out-38","ffn_shexp_gated-38"
720,0,GET_ROWS,0,3,1,4,"model.input_embed","token_embd.weight","inp_tokens"
721,5,MUL_MAT,0,305,81,770,"linear_attn_out-0","blk.0.ssm_out.weight","final_output-0"
721,34,SCALE,0,1,1,1035,"ffn_moe_inp-0","node_104",""
721,70,ADD,0,1,0,2439,"ffn_moe_out-0","node_140","ffn_moe_weighted-0 (view)"
721,93,MUL_MAT,0,32,6,3285,"ffn_shexp-0","blk.0.ffn_down_shexp.weight","ffn_swiglu-0"
721,96,MUL,0,2,0,3294,"ffn_shexp_gated-0","ffn_shexp-0","shared_expert_gate_sigmoid-0"
721,97,ADD,0,1,0,3296,"ffn_out-0","ffn_moe_out-0","ffn_shexp_gated-0"
722,5,MUL_MAT,0,308,59,691,"linear_attn_out-1","blk.1.ssm_out.weight","final_output-1"
722,34,SCALE,0,1,1,943,"ffn_moe_inp-1","node_342",""
722,70,ADD,0,1,0,1788,"ffn_moe_out-1","node_378","ffn_moe_weighted-1 (view)"
722,74,MUL_MAT,0,33,7,1914,"ffn_shexp-1","blk.1.ffn_down_shexp.weight","ffn_swiglu-1"
722,77,MUL,0,2,0,1928,"ffn_shexp_gated-1","ffn_shexp-1","shared_expert_gate_sigmoid-1"
722,78,ADD,0,1,0,1930,"ffn_out-1","ffn_moe_out-1","ffn_shexp_gated-1"
723,5,MUL_MAT,0,181,157,682,"linear_attn_out-2","blk.2.ssm_out.weight","final_output-2"
723,34,SCALE,0,0,6,977,"ffn_moe_inp-2","node_496",""
723,70,ADD,0,1,0,2713,"ffn_moe_out-2","node_532","ffn_moe_weighted-2 (view)"
723,74,MUL_MAT,0,32,10,2846,"ffn_shexp-2","blk.2.ffn_down_shexp.weight","ffn_swiglu-2"
723,77,MUL,0,2,0,2855,"ffn_shexp_gated-2","ffn_shexp-2","shared_expert_gate_sigmoid-2"
723,78,ADD,0,1,0,2857,"ffn_out-2","ffn_moe_out-2","ffn_shexp_gated-2"
724,38,MUL_MAT,0,282,51,766,"attn_output-3","blk.3.attn_output.weight","attn_gated-3"
724,66,SCALE,0,0,1,997,"ffn_moe_inp-3","node_683",""
724,102,ADD,0,1,1,1791,"ffn_moe_out-3","node_719","ffn_moe_weighted-3 (view)"
724,106,MUL_MAT,0,28,10,1910,"ffn_shexp-3","blk.3.ffn_down_shexp.weight","ffn_swiglu-3"
724,109,MUL,0,2,1,1919,"ffn_shexp_gated-3","ffn_shexp-3","shared_expert_gate_sigmoid-3"
724,110,ADD,0,1,1,1921,"ffn_out-3","ffn_moe_out-3","ffn_shexp_gated-3"
725,5,MUL_MAT,0,303,71,734,"linear_attn_out-4","blk.4.ssm_out.weight","final_output-4"
725,34,SCALE,0,0,1,1007,"ffn_moe_inp-4","node_837",""
725,70,ADD,0,1,1,1965,"ffn_moe_out-4","node_873","ffn_moe_weighted-4 (view)"
725,74,MUL_MAT,0,28,9,2081,"ffn_shexp-4","blk.4.ffn_down_shexp.weight","ffn_swiglu-4"
725,77,MUL,0,3,0,2090,"ffn_shexp_gated-4","ffn_shexp-4","shared_expert_gate_sigmoid-4"
725,78,ADD,0,1,1,2092,"ffn_out-4","ffn_moe_out-4","ffn_shexp_gated-4"
726,5,MUL_MAT,0,322,24,685,"linear_attn_out-5","blk.5.ssm_out.weight","final_output-5"
726,34,SCALE,0,0,1,962,"ffn_moe_inp-5","node_991",""
726,70,ADD,0,1,0,1886,"ffn_moe_out-5","node_1027","ffn_moe_weighted-5 (view)"
726,74,MUL_MAT,0,39,1,2018,"ffn_shexp-5","blk.5.ffn_down_shexp.weight","ffn_swiglu-5"
726,77,MUL,0,3,6,2049,"ffn_shexp_gated-5","ffn_shexp-5","shared_expert_gate_sigmoid-5"
726,78,ADD,0,1,3,2054,"ffn_out-5","ffn_moe_out-5","ffn_shexp_gated-5"
727,5,MUL_MAT,0,234,125,705,"linear_attn_out-6","blk.6.ssm_out.weight","final_output-6"
727,34,SCALE,0,0,2,966,"ffn_moe_inp-6","node_1145",""
727,70,ADD,0,1,6,1946,"ffn_moe_out-6","node_1181","ffn_moe_weighted-6 (view)"
727,74,MUL_MAT,0,19,27,2079,"ffn_shexp-6","blk.6.ffn_down_shexp.weight","ffn_swiglu-6"
727,77,MUL,0,1,1,2097,"ffn_shexp_gated-6","ffn_shexp-6","shared_expert_gate_sigmoid-6"
727,78,ADD,0,1,0,2098,"ffn_out-6","ffn_moe_out-6","ffn_shexp_gated-6"
728,38,MUL_MAT,0,165,175,612,"attn_output-7","blk.7.attn_output.weight","attn_gated-7"
728,66,SCALE,0,0,2,849,"ffn_moe_inp-7","node_1332",""
728,102,ADD,0,1,0,1691,"ffn_moe_out-7","node_1368","ffn_moe_weighted-7 (view)"
728,106,MUL_MAT,0,32,11,1810,"ffn_shexp-7","blk.7.ffn_down_shexp.weight","ffn_swiglu-7"
728,109,MUL,0,1,1,1819,"ffn_shexp_gated-7","ffn_shexp-7","shared_expert_gate_sigmoid-7"
728,110,ADD,0,1,1,1821,"ffn_out-7","ffn_moe_out-7","ffn_shexp_gated-7"
729,5,MUL_MAT,0,298,55,687,"linear_attn_out-8","blk.8.ssm_out.weight","final_output-8"
729,34,SCALE,0,0,2,972,"ffn_moe_inp-8","node_1486",""
729,70,ADD,0,1,1,1903,"ffn_moe_out-8","node_1522","ffn_moe_weighted-8 (view)"
729,74,MUL_MAT,0,31,11,2024,"ffn_shexp-8","blk.8.ffn_down_shexp.weight","ffn_swiglu-8"
729,77,MUL,0,2,8,2046,"ffn_shexp_gated-8","ffn_shexp-8","shared_expert_gate_sigmoid-8"
729,78,ADD,0,1,9,2056,"ffn_out-8","ffn_moe_out-8","ffn_shexp_gated-8"
730,5,MUL_MAT,0,256,114,770,"linear_attn_out-9","blk.9.ssm_out.weight","final_output-9"
730,34,SCALE,0,0,2,1023,"ffn_moe_inp-9","node_1640",""
730,70,ADD,0,1,1,1871,"ffn_moe_out-9","node_1676","ffn_moe_weighted-9 (view)"
730,74,MUL_MAT,0,20,25,1995,"ffn_shexp-9","blk.9.ffn_down_shexp.weight","ffn_swiglu-9"
730,77,MUL,0,2,6,2009,"ffn_shexp_gated-9","ffn_shexp-9","shared_expert_gate_sigmoid-9"
730,78,ADD,0,1,1,2011,"ffn_out-9","ffn_moe_out-9","ffn_shexp_gated-9"
731,5,MUL_MAT,0,272,85,704,"linear_attn_out-10","blk.10.ssm_out.weight","final_output-10"
731,34,SCALE,0,0,73,1177,"ffn_moe_inp-10","node_1794",""
731,70,ADD,0,1,1,2092,"ffn_moe_out-10","node_1830","ffn_moe_weighted-10 (view)"
731,74,MUL_MAT,0,31,21,2230,"ffn_shexp-10","blk.10.ffn_down_shexp.weight","ffn_swiglu-10"
731,77,MUL,0,1,1,2239,"ffn_shexp_gated-10","ffn_shexp-10","shared_expert_gate_sigmoid-10"
731,78,ADD,0,1,1,2241,"ffn_out-10","ffn_moe_out-10","ffn_shexp_gated-10"
732,38,MUL_MAT,0,165,153,569,"attn_output-11","blk.11.attn_output.weight","attn_gated-11"
732,66,SCALE,0,0,2,815,"ffn_moe_inp-11","node_1981",""
732,102,ADD,0,1,1,1665,"ffn_moe_out-11","node_2017","ffn_moe_weighted-11 (view)"
732,106,MUL_MAT,0,30,16,1792,"ffn_shexp-11","blk.11.ffn_down_shexp.weight","ffn_swiglu-11"
732,109,MUL,0,2,0,1803,"ffn_shexp_gated-11","ffn_shexp-11","shared_expert_gate_sigmoid-11"
732,110,ADD,0,1,2,1806,"ffn_out-11","ffn_moe_out-11","ffn_shexp_gated-11"
733,5,MUL_MAT,0,171,171,708,"linear_attn_out-12","blk.12.ssm_out.weight","final_output-12"
733,34,SCALE,0,0,2,989,"ffn_moe_inp-12","node_2135",""
733,70,ADD,0,1,1,1810,"ffn_moe_out-12","node_2171","ffn_moe_weighted-12 (view)"
733,74,MUL_MAT,0,30,16,1948,"ffn_shexp-12","blk.12.ffn_down_shexp.weight","ffn_swiglu-12"
733,77,MUL,0,2,0,1956,"ffn_shexp_gated-12","ffn_shexp-12","shared_expert_gate_sigmoid-12"
733,78,ADD,0,1,2,1959,"ffn_out-12","ffn_moe_out-12","ffn_shexp_gated-12"
734,5,MUL_MAT,0,207,148,707,"linear_attn_out-13","blk.13.ssm_out.weight","final_output-13"
734,34,SCALE,0,0,2,1025,"ffn_moe_inp-13","node_2289",""
734,70,ADD,0,1,2,1955,"ffn_moe_out-13","node_2325","ffn_moe_weighted-13 (view)"
734,74,MUL_MAT,0,30,32,2143,"ffn_shexp-13","blk.13.ffn_down_shexp.weight","ffn_swiglu-13"
734,77,MUL,0,2,0,2185,"ffn_shexp_gated-13","ffn_shexp-13","shared_expert_gate_sigmoid-13"
734,78,ADD,0,1,0,2187,"ffn_out-13","ffn_moe_out-13","ffn_shexp_gated-13"
735,5,MUL_MAT,0,174,165,664,"linear_attn_out-14","blk.14.ssm_out.weight","final_output-14"
735,34,SCALE,0,0,1,1013,"ffn_moe_inp-14","node_2443",""
735,70,ADD,0,1,3,1942,"ffn_moe_out-14","node_2479","ffn_moe_weighted-14 (view)"
735,74,MUL_MAT,0,30,34,2124,"ffn_shexp-14","blk.14.ffn_down_shexp.weight","ffn_swiglu-14"
735,77,MUL,0,2,0,2154,"ffn_shexp_gated-14","ffn_shexp-14","shared_expert_gate_sigmoid-14"
735,78,ADD,0,2,13,2169,"ffn_out-14","ffn_moe_out-14","ffn_shexp_gated-14"
736,38,MUL_MAT,0,247,73,618,"attn_output-15","blk.15.attn_output.weight","attn_gated-15"
736,66,SCALE,0,1,1,895,"ffn_moe_inp-15","node_2630",""
736,102,ADD,0,2,0,1673,"ffn_moe_out-15","node_2666","ffn_moe_weighted-15 (view)"
736,106,MUL_MAT,0,29,13,1789,"ffn_shexp-15","blk.15.ffn_down_shexp.weight","ffn_swiglu-15"
736,109,MUL,0,2,0,1797,"ffn_shexp_gated-15","ffn_shexp-15","shared_expert_gate_sigmoid-15"
736,110,ADD,0,1,1,1799,"ffn_out-15","ffn_moe_out-15","ffn_shexp_gated-15"
737,5,MUL_MAT,0,267,86,696,"linear_attn_out-16","blk.16.ssm_out.weight","final_output-16"
737,34,SCALE,0,1,11,991,"ffn_moe_inp-16","node_2784",""
737,70,ADD,0,1,4,2343,"ffn_moe_out-16","node_2820","ffn_moe_weighted-16 (view)"
737,74,MUL_MAT,0,19,18,2462,"ffn_shexp-16","blk.16.ffn_down_shexp.weight","ffn_swiglu-16"
737,77,MUL,0,2,1,2471,"ffn_shexp_gated-16","ffn_shexp-16","shared_expert_gate_sigmoid-16"
737,78,ADD,0,1,1,2473,"ffn_out-16","ffn_moe_out-16","ffn_shexp_gated-16"
738,5,MUL_MAT,0,187,149,666,"linear_attn_out-17","blk.17.ssm_out.weight","final_output-17"
738,34,SCALE,0,0,2,914,"ffn_moe_inp-17","node_2938",""
738,70,ADD,0,1,4,1749,"ffn_moe_out-17","node_2974","ffn_moe_weighted-17 (view)"
738,74,MUL_MAT,0,24,20,1882,"ffn_shexp-17","blk.17.ffn_down_shexp.weight","ffn_swiglu-17"
738,77,MUL,0,3,7,1898,"ffn_shexp_gated-17","ffn_shexp-17","shared_expert_gate_sigmoid-17"
738,78,ADD,0,1,1,1900,"ffn_out-17","ffn_moe_out-17","ffn_shexp_gated-17"
739,5,MUL_MAT,0,205,132,663,"linear_attn_out-18","blk.18.ssm_out.weight","final_output-18"
739,34,SCALE,0,0,2,909,"ffn_moe_inp-18","node_3092",""
739,70,ADD,0,1,1,1736,"ffn_moe_out-18","node_3128","ffn_moe_weighted-18 (view)"
739,74,MUL_MAT,0,26,212,2051,"ffn_shexp-18","blk.18.ffn_down_shexp.weight","ffn_swiglu-18"
739,77,MUL,0,2,1,2197,"ffn_shexp_gated-18","ffn_shexp-18","shared_expert_gate_sigmoid-18"
739,78,ADD,0,1,12,2210,"ffn_out-18","ffn_moe_out-18","ffn_shexp_gated-18"
740,38,MUL_MAT,0,209,141,616,"attn_output-19","blk.19.attn_output.weight","attn_gated-19"
740,66,SCALE,0,0,1,883,"ffn_moe_inp-19","node_3279",""
740,102,ADD,0,1,1,1799,"ffn_moe_out-19","node_3315","ffn_moe_weighted-19 (view)"
740,106,MUL_MAT,0,19,16,1915,"ffn_shexp-19","blk.19.ffn_down_shexp.weight","ffn_swiglu-19"
740,109,MUL,0,2,0,1922,"ffn_shexp_gated-19","ffn_shexp-19","shared_expert_gate_sigmoid-19"
740,110,ADD,0,1,1,1924,"ffn_out-19","ffn_moe_out-19","ffn_shexp_gated-19"
741,5,MUL_MAT,0,178,152,637,"linear_attn_out-20","blk.20.ssm_out.weight","final_output-20"
741,34,SCALE,0,0,1,882,"ffn_moe_inp-20","node_3433",""
741,70,ADD,0,1,1,1749,"ffn_moe_out-20","node_3469","ffn_moe_weighted-20 (view)"
741,74,MUL_MAT,0,23,20,1875,"ffn_shexp-20","blk.20.ffn_down_shexp.weight","ffn_swiglu-20"
741,77,MUL,0,1,1,1883,"ffn_shexp_gated-20","ffn_shexp-20","shared_expert_gate_sigmoid-20"
741,78,ADD,0,1,0,1884,"ffn_out-20","ffn_moe_out-20","ffn_shexp_gated-20"
742,5,MUL_MAT,0,233,114,736,"linear_attn_out-21","blk.21.ssm_out.weight","final_output-21"
742,34,SCALE,0,0,2,1001,"ffn_moe_inp-21","node_3587",""
742,70,ADD,0,1,1,1836,"ffn_moe_out-21","node_3623","ffn_moe_weighted-21 (view)"
742,74,MUL_MAT,0,20,16,1952,"ffn_shexp-21","blk.21.ffn_down_shexp.weight","ffn_swiglu-21"
742,77,MUL,0,2,0,1961,"ffn_shexp_gated-21","ffn_shexp-21","shared_expert_gate_sigmoid-21"
742,78,ADD,0,1,1,1963,"ffn_out-21","ffn_moe_out-21","ffn_shexp_gated-21"
743,5,MUL_MAT,0,182,170,702,"linear_attn_out-22","blk.22.ssm_out.weight","final_output-22"
743,34,SCALE,0,0,2,996,"ffn_moe_inp-22","node_3741",""
743,70,ADD,0,1,0,1841,"ffn_moe_out-22","node_3777","ffn_moe_weighted-22 (view)"
743,74,MUL_MAT,0,20,27,1983,"ffn_shexp-22","blk.22.ffn_down_shexp.weight","ffn_swiglu-22"
743,77,MUL,0,2,0,1992,"ffn_shexp_gated-22","ffn_shexp-22","shared_expert_gate_sigmoid-22"
743,78,ADD,0,1,0,1994,"ffn_out-22","ffn_moe_out-22","ffn_shexp_gated-22"
744,38,MUL_MAT,0,165,168,647,"attn_output-23","blk.23.attn_output.weight","attn_gated-23"
744,66,SCALE,0,0,2,878,"ffn_moe_inp-23","node_3928",""
744,102,ADD,0,1,1,2644,"ffn_moe_out-23","node_3964","ffn_moe_weighted-23 (view)"
744,106,MUL_MAT,0,18,20,2771,"ffn_shexp-23","blk.23.ffn_down_shexp.weight","ffn_swiglu-23"
744,109,MUL,0,1,1,2780,"ffn_shexp_gated-23","ffn_shexp-23","shared_expert_gate_sigmoid-23"
744,110,ADD,0,1,0,2781,"ffn_out-23","ffn_moe_out-23","ffn_shexp_gated-23"
745,5,MUL_MAT,0,326,1,641,"linear_attn_out-24","blk.24.ssm_out.weight","final_output-24"
745,34,SCALE,0,0,1,907,"ffn_moe_inp-24","node_4082",""
745,70,ADD,0,1,0,1762,"ffn_moe_out-24","node_4118","ffn_moe_weighted-24 (view)"
745,74,MUL_MAT,0,36,3,1888,"ffn_shexp-24","blk.24.ffn_down_shexp.weight","ffn_swiglu-24"
745,77,MUL,0,3,0,1907,"ffn_shexp_gated-24","ffn_shexp-24","shared_expert_gate_sigmoid-24"
745,78,ADD,0,1,1,1910,"ffn_out-24","ffn_moe_out-24","ffn_shexp_gated-24"
746,5,MUL_MAT,0,332,9,680,"linear_attn_out-25","blk.25.ssm_out.weight","final_output-25"
746,34,SCALE,0,1,1,960,"ffn_moe_inp-25","node_4236",""
746,70,ADD,0,1,2,1925,"ffn_moe_out-25","node_4272","ffn_moe_weighted-25 (view)"
746,74,MUL_MAT,0,29,14,2054,"ffn_shexp-25","blk.25.ffn_down_shexp.weight","ffn_swiglu-25"
746,77,MUL,0,1,1,2062,"ffn_shexp_gated-25","ffn_shexp-25","shared_expert_gate_sigmoid-25"
746,78,ADD,0,1,0,2063,"ffn_out-25","ffn_moe_out-25","ffn_shexp_gated-25"
747,5,MUL_MAT,0,276,74,680,"linear_attn_out-26","blk.26.ssm_out.weight","final_output-26"
747,34,SCALE,0,0,2,1007,"ffn_moe_inp-26","node_4390",""
747,70,ADD,0,2,0,2332,"ffn_moe_out-26","node_4426","ffn_moe_weighted-26 (view)"
747,74,MUL_MAT,0,30,9,2455,"ffn_shexp-26","blk.26.ffn_down_shexp.weight","ffn_swiglu-26"
747,77,MUL,0,2,56,2566,"ffn_shexp_gated-26","ffn_shexp-26","shared_expert_gate_sigmoid-26"
747,78,ADD,0,1,162,2730,"ffn_out-26","ffn_moe_out-26","ffn_shexp_gated-26"
748,38,MUL_MAT,0,253,73,585,"attn_output-27","blk.27.attn_output.weight","attn_gated-27"
748,66,SCALE,0,0,2,847,"ffn_moe_inp-27","node_4577",""
748,102,ADD,0,1,0,1655,"ffn_moe_out-27","node_4613","ffn_moe_weighted-27 (view)"
748,106,MUL_MAT,0,28,10,1774,"ffn_shexp-27","blk.27.ffn_down_shexp.weight","ffn_swiglu-27"
748,109,MUL,0,2,0,1781,"ffn_shexp_gated-27","ffn_shexp-27","shared_expert_gate_sigmoid-27"
748,110,ADD,0,1,1,1784,"ffn_out-27","ffn_moe_out-27","ffn_shexp_gated-27"
749,5,MUL_MAT,0,299,62,710,"linear_attn_out-28","blk.28.ssm_out.weight","final_output-28"
749,34,SCALE,0,0,6,1001,"ffn_moe_inp-28","node_4731",""
749,70,ADD,0,1,5,1990,"ffn_moe_out-28","node_4767","ffn_moe_weighted-28 (view)"
749,74,MUL_MAT,0,33,17,2153,"ffn_shexp-28","blk.28.ffn_down_shexp.weight","ffn_swiglu-28"
749,77,MUL,0,2,1,2168,"ffn_shexp_gated-28","ffn_shexp-28","shared_expert_gate_sigmoid-28"
749,78,ADD,0,2,0,2170,"ffn_out-28","ffn_moe_out-28","ffn_shexp_gated-28"
750,5,MUL_MAT,0,292,40,660,"linear_attn_out-29","blk.29.ssm_out.weight","final_output-29"
750,34,SCALE,0,1,0,999,"ffn_moe_inp-29","node_4885",""
750,70,ADD,0,2,20,1952,"ffn_moe_out-29","node_4921","ffn_moe_weighted-29 (view)"
750,74,MUL_MAT,0,43,20,2147,"ffn_shexp-29","blk.29.ffn_down_shexp.weight","ffn_swiglu-29"
750,77,MUL,0,2,7,2174,"ffn_shexp_gated-29","ffn_shexp-29","shared_expert_gate_sigmoid-29"
750,78,ADD,0,2,12,2188,"ffn_out-29","ffn_moe_out-29","ffn_shexp_gated-29"
751,5,MUL_MAT,0,311,8,624,"linear_attn_out-30","blk.30.ssm_out.weight","final_output-30"
751,34,SCALE,0,0,2,888,"ffn_moe_inp-30","node_5039",""
751,70,ADD,0,2,6,1995,"ffn_moe_out-30","node_5075","ffn_moe_weighted-30 (view)"
751,74,MUL_MAT,0,37,4,2119,"ffn_shexp-30","blk.30.ffn_down_shexp.weight","ffn_swiglu-30"
751,77,MUL,0,3,0,2130,"ffn_shexp_gated-30","ffn_shexp-30","shared_expert_gate_sigmoid-30"
751,78,ADD,0,2,0,2132,"ffn_out-30","ffn_moe_out-30","ffn_shexp_gated-30"
752,38,MUL_MAT,0,263,107,893,"attn_output-31","blk.31.attn_output.weight","attn_gated-31"
752,66,SCALE,0,0,2,1196,"ffn_moe_inp-31","node_5226",""
752,102,ADD,0,1,1,2578,"ffn_moe_out-31","node_5262","ffn_moe_weighted-31 (view)"
752,106,MUL_MAT,0,30,7,2702,"ffn_shexp-31","blk.31.ffn_down_shexp.weight","ffn_swiglu-31"
752,109,MUL,0,2,0,2720,"ffn_shexp_gated-31","ffn_shexp-31","shared_expert_gate_sigmoid-31"
752,110,ADD,0,1,1,2722,"ffn_out-31","ffn_moe_out-31","ffn_shexp_gated-31"
753,5,MUL_MAT,0,315,58,739,"linear_attn_out-32","blk.32.ssm_out.weight","final_output-32"
753,34,SCALE,0,0,2,1033,"ffn_moe_inp-32","node_5380",""
753,70,ADD,0,1,1,2037,"ffn_moe_out-32","node_5416","ffn_moe_weighted-32 (view)"
753,74,MUL_MAT,0,30,11,2153,"ffn_shexp-32","blk.32.ffn_down_shexp.weight","ffn_swiglu-32"
753,77,MUL,0,2,0,2172,"ffn_shexp_gated-32","ffn_shexp-32","shared_expert_gate_sigmoid-32"
753,78,ADD,0,1,1,2174,"ffn_out-32","ffn_moe_out-32","ffn_shexp_gated-32"
754,5,MUL_MAT,0,261,70,650,"linear_attn_out-33","blk.33.ssm_out.weight","final_output-33"
754,34,SCALE,0,0,2,909,"ffn_moe_inp-33","node_5534",""
754,70,ADD,0,1,1,1798,"ffn_moe_out-33","node_5570","ffn_moe_weighted-33 (view)"
754,74,MUL_MAT,0,19,20,1927,"ffn_shexp-33","blk.33.ffn_down_shexp.weight","ffn_swiglu-33"
754,77,MUL,0,2,0,1940,"ffn_shexp_gated-33","ffn_shexp-33","shared_expert_gate_sigmoid-33"
754,78,ADD,0,0,8,1949,"ffn_out-33","ffn_moe_out-33","ffn_shexp_gated-33"
755,5,MUL_MAT,0,184,290,816,"linear_attn_out-34","blk.34.ssm_out.weight","final_output-34"
755,34,SCALE,0,0,2,1106,"ffn_moe_inp-34","node_5688",""
755,70,ADD,0,1,0,1910,"ffn_moe_out-34","node_5724","ffn_moe_weighted-34 (view)"
755,74,MUL_MAT,0,23,25,2038,"ffn_shexp-34","blk.34.ffn_down_shexp.weight","ffn_swiglu-34"
755,77,MUL,0,1,1,2046,"ffn_shexp_gated-34","ffn_shexp-34","shared_expert_gate_sigmoid-34"
755,78,ADD,0,0,1,2048,"ffn_out-34","ffn_moe_out-34","ffn_shexp_gated-34"
756,38,MUL_MAT,0,286,71,649,"attn_output-35","blk.35.attn_output.weight","attn_gated-35"
756,66,SCALE,0,0,2,912,"ffn_moe_inp-35","node_5875",""
756,102,ADD,0,1,0,1796,"ffn_moe_out-35","node_5911","ffn_moe_weighted-35 (view)"
756,106,MUL_MAT,0,33,9,1934,"ffn_shexp-35","blk.35.ffn_down_shexp.weight","ffn_swiglu-35"
756,109,MUL,0,2,2,1947,"ffn_shexp_gated-35","ffn_shexp-35","shared_expert_gate_sigmoid-35"
756,110,ADD,0,1,7,1955,"ffn_out-35","ffn_moe_out-35","ffn_shexp_gated-35"
757,5,MUL_MAT,0,255,85,661,"linear_attn_out-36","blk.36.ssm_out.weight","final_output-36"
757,34,SCALE,0,0,2,929,"ffn_moe_inp-36","node_6029",""
757,70,ADD,0,1,0,1811,"ffn_moe_out-36","node_6065","ffn_moe_weighted-36 (view)"
757,74,MUL_MAT,0,32,8,1942,"ffn_shexp-36","blk.36.ffn_down_shexp.weight","ffn_swiglu-36"
757,77,MUL,0,2,0,1951,"ffn_shexp_gated-36","ffn_shexp-36","shared_expert_gate_sigmoid-36"
757,78,ADD,0,1,2,1954,"ffn_out-36","ffn_moe_out-36","ffn_shexp_gated-36"
758,5,MUL_MAT,0,249,86,673,"linear_attn_out-37","blk.37.ssm_out.weight","final_output-37"
758,34,SCALE,0,0,2,952,"ffn_moe_inp-37","node_6183",""
758,70,ADD,0,2,0,1780,"ffn_moe_out-37","node_6219","ffn_moe_weighted-37 (view)"
758,74,MUL_MAT,0,39,0,1907,"ffn_shexp-37","blk.37.ffn_down_shexp.weight","ffn_swiglu-37"
758,77,MUL,0,2,0,1918,"ffn_shexp_gated-37","ffn_shexp-37","shared_expert_gate_sigmoid-37"
758,78,ADD,0,1,6,1925,"ffn_out-37","ffn_moe_out-37","ffn_shexp_gated-37"
759,5,MUL_MAT,0,367,95,805,"linear_attn_out-38","blk.38.ssm_out.weight","final_output-38"
759,34,SCALE,0,0,2,1080,"ffn_moe_inp-38","node_6337",""
759,70,ADD,0,1,1,1925,"ffn_moe_out-38","node_6373","ffn_moe_weighted-38 (view)"
759,74,MUL_MAT,0,30,9,2057,"ffn_shexp-38","blk.38.ffn_down_shexp.weight","ffn_swiglu-38"
759,77,MUL,0,2,5,2071,"ffn_shexp_gated-38","ffn_shexp-38","shared_expert_gate_sigmoid-38"
759,78,ADD,0,2,14,2087,"ffn_out-38","ffn_moe_out-38","ffn_shexp_gated-38"
760,0,GET_ROWS,0,2,2,4,"model.input_embed","token_embd.weight","inp_tokens"
761,5,MUL_MAT,0,295,60,710,"linear_attn_out-0","blk.0.ssm_out.weight","final_output-0"
761,34,SCALE,0,0,2,979,"ffn_moe_inp-0","node_104",""
761,70,ADD,0,1,0,1794,"ffn_moe_out-0","node_140","ffn_moe_weighted-0 (view)"
761,93,MUL_MAT,0,30,11,2706,"ffn_shexp-0","blk.0.ffn_down_shexp.weight","ffn_swiglu-0"
761,96,MUL,0,2,1,2715,"ffn_shexp_gated-0","ffn_shexp-0","shared_expert_gate_sigmoid-0"
761,97,ADD,0,1,1,2717,"ffn_out-0","ffn_moe_out-0","ffn_shexp_gated-0"
762,5,MUL_MAT,0,265,89,761,"linear_attn_out-1","blk.1.ssm_out.weight","final_output-1"
762,34,SCALE,0,0,2,1025,"ffn_moe_inp-1","node_342",""
762,70,ADD,0,1,1,2408,"ffn_moe_out-1","node_378","ffn_moe_weighted-1 (view)"
762,74,MUL_MAT,0,33,7,2533,"ffn_shexp-1","blk.1.ffn_down_shexp.weight","ffn_swiglu-1"
762,77,MUL,0,3,1,2554,"ffn_shexp_gated-1","ffn_shexp-1","shared_expert_gate_sigmoid-1"
762,78,ADD,0,2,0,2556,"ffn_out-1","ffn_moe_out-1","ffn_shexp_gated-1"
763,5,MUL_MAT,0,352,13,711,"linear_attn_out-2","blk.2.ssm_out.weight","final_output-2"
763,34,SCALE,0,1,2,1005,"ffn_moe_inp-2","node_496",""
763,70,ADD,0,2,1,2054,"ffn_moe_out-2","node_532","ffn_moe_weighted-2 (view)"
763,74,MUL_MAT,0,37,6,2180,"ffn_shexp-2","blk.2.ffn_down_shexp.weight","ffn_swiglu-2"
763,77,MUL,0,3,0,2191,"ffn_shexp_gated-2","ffn_shexp-2","shared_expert_gate_sigmoid-2"
763,78,ADD,0,2,0,2193,"ffn_out-2","ffn_moe_out-2","ffn_shexp_gated-2"
764,38,MUL_MAT,0,329,16,637,"attn_output-3","blk.3.attn_output.weight","attn_gated-3"
764,66,SCALE,0,0,2,908,"ffn_moe_inp-3","node_683",""
764,102,ADD,0,2,0,1745,"ffn_moe_out-3","node_719","ffn_moe_weighted-3 (view)"
764,106,MUL_MAT,0,38,71,1941,"ffn_shexp-3","blk.3.ffn_down_shexp.weight","ffn_swiglu-3"
764,109,MUL,0,4,1,1968,"ffn_shexp_gated-3","ffn_shexp-3","shared_expert_gate_sigmoid-3"
764,110,ADD,0,1,5,1975,"ffn_out-3","ffn_moe_out-3","ffn_shexp_gated-3"
765,5,MUL_MAT,0,311,16,640,"linear_attn_out-4","blk.4.ssm_out.weight","final_output-4"
765,34,SCALE,0,0,2,916,"ffn_moe_inp-4","node_837",""
765,70,ADD,0,1,1,1926,"ffn_moe_out-4","node_873","ffn_moe_weighted-4 (view)"
765,74,MUL_MAT,0,37,3,2059,"ffn_shexp-4","blk.4.ffn_down_shexp.weight","ffn_swiglu-4"
765,77,MUL,0,3,1,2070,"ffn_shexp_gated-4","ffn_shexp-4","shared_expert_gate_sigmoid-4"
765,78,ADD,0,1,1,2072,"ffn_out-4","ffn_moe_out-4","ffn_shexp_gated-4"
766,5,MUL_MAT,0,334,7,683,"linear_attn_out-5","blk.5.ssm_out.weight","final_output-5"
766,34,SCALE,0,0,5,1122,"ffn_moe_inp-5","node_991",""
766,70,ADD,0,1,1,2021,"ffn_moe_out-5","node_1027","ffn_moe_weighted-5 (view)"
766,74,MUL_MAT,0,28,9,2135,"ffn_shexp-5","blk.5.ffn_down_shexp.weight","ffn_swiglu-5"
766,77,MUL,0,2,1,2144,"ffn_shexp_gated-5","ffn_shexp-5","shared_expert_gate_sigmoid-5"
766,78,ADD,0,1,1,2146,"ffn_out-5","ffn_moe_out-5","ffn_shexp_gated-5"
767,5,MUL_MAT,0,234,125,740,"linear_attn_out-6","blk.6.ssm_out.weight","final_output-6"
767,34,SCALE,0,0,2,1034,"ffn_moe_inp-6","node_1145",""
767,70,ADD,0,1,1,1882,"ffn_moe_out-6","node_1181","ffn_moe_weighted-6 (view)"
767,74,MUL_MAT,0,21,20,2014,"ffn_shexp-6","blk.6.ffn_down_shexp.weight","ffn_swiglu-6"
767,77,MUL,0,2,0,2022,"ffn_shexp_gated-6","ffn_shexp-6","shared_expert_gate_sigmoid-6"
767,78,ADD,0,0,2,2025,"ffn_out-6","ffn_moe_out-6","ffn_shexp_gated-6"
768,38,MUL_MAT,0,213,128,669,"attn_output-7","blk.7.attn_output.weight","attn_gated-7"
768,66,SCALE,0,0,1,940,"ffn_moe_inp-7","node_1332",""
768,102,ADD,0,1,1,1772,"ffn_moe_out-7","node_1368","ffn_moe_weighted-7 (view)"
768,106,MUL_MAT,0,27,11,1972,"ffn_shexp-7","blk.7.ffn_down_shexp.weight","ffn_swiglu-7"
768,109,MUL,0,2,0,1980,"ffn_shexp_gated-7","ffn_shexp-7","shared_expert_gate_sigmoid-7"
768,110,ADD,0,1,1,1982,"ffn_out-7","ffn_moe_out-7","ffn_shexp_gated-7"
769,5,MUL_MAT,0,263,72,679,"linear_attn_out-8","blk.8.ssm_out.weight","final_output-8"
769,34,SCALE,0,1,1,918,"ffn_moe_inp-8","node_1486",""
769,70,ADD,0,1,1,1708,"ffn_moe_out-8","node_1522","ffn_moe_weighted-8 (view)"
769,74,MUL_MAT,0,31,7,1828,"ffn_shexp-8","blk.8.ffn_down_shexp.weight","ffn_swiglu-8"
769,77,MUL,0,2,0,1836,"ffn_shexp_gated-8","ffn_shexp-8","shared_expert_gate_sigmoid-8"
769,78,ADD,0,1,1,1838,"ffn_out-8","ffn_moe_out-8","ffn_shexp_gated-8"
770,5,MUL_MAT,0,299,65,736,"linear_attn_out-9","blk.9.ssm_out.weight","final_output-9"
770,34,SCALE,0,0,2,1013,"ffn_moe_inp-9","node_1640",""
770,70,ADD,0,1,8,2144,"ffn_moe_out-9","node_1676","ffn_moe_weighted-9 (view)"
770,74,MUL_MAT,0,31,9,2277,"ffn_shexp-9","blk.9.ffn_down_shexp.weight","ffn_swiglu-9"
770,77,MUL,0,2,1,2286,"ffn_shexp_gated-9","ffn_shexp-9","shared_expert_gate_sigmoid-9"
770,78,ADD,0,1,1,2288,"ffn_out-9","ffn_moe_out-9","ffn_shexp_gated-9"
771,5,MUL_MAT,0,274,89,727,"linear_attn_out-10","blk.10.ssm_out.weight","final_output-10"
771,34,SCALE,0,0,2,1014,"ffn_moe_inp-10","node_1794",""
771,70,ADD,0,1,1,1924,"ffn_moe_out-10","node_1830","ffn_moe_weighted-10 (view)"
771,74,MUL_MAT,0,29,8,2051,"ffn_shexp-10","blk.10.ffn_down_shexp.weight","ffn_swiglu-10"
771,77,MUL,0,2,0,2060,"ffn_shexp_gated-10","ffn_shexp-10","shared_expert_gate_sigmoid-10"
771,78,ADD,0,2,0,2062,"ffn_out-10","ffn_moe_out-10","ffn_shexp_gated-10"
772,38,MUL_MAT,0,271,55,598,"attn_output-11","blk.11.attn_output.weight","attn_gated-11"
772,66,SCALE,0,0,1,838,"ffn_moe_inp-11","node_1981",""
772,102,ADD,0,1,1,1603,"ffn_moe_out-11","node_2017","ffn_moe_weighted-11 (view)"
772,106,MUL_MAT,0,29,8,1809,"ffn_shexp-11","blk.11.ffn_down_shexp.weight","ffn_swiglu-11"
772,109,MUL,0,2,0,1817,"ffn_shexp_gated-11","ffn_shexp-11","shared_expert_gate_sigmoid-11"
772,110,ADD,0,1,1,1820,"ffn_out-11","ffn_moe_out-11","ffn_shexp_gated-11"
773,5,MUL_MAT,0,316,65,772,"linear_attn_out-12","blk.12.ssm_out.weight","final_output-12"
773,34,SCALE,0,1,1,1061,"ffn_moe_inp-12","node_2135",""
773,70,ADD,0,1,1,1908,"ffn_moe_out-12","node_2171","ffn_moe_weighted-12 (view)"
773,74,MUL_MAT,0,31,6,2029,"ffn_shexp-12","blk.12.ffn_down_shexp.weight","ffn_swiglu-12"
773,77,MUL,0,2,0,2037,"ffn_shexp_gated-12","ffn_shexp-12","shared_expert_gate_sigmoid-12"
773,78,ADD,0,1,0,2039,"ffn_out-12","ffn_moe_out-12","ffn_shexp_gated-12"
774,5,MUL_MAT,0,289,72,712,"linear_attn_out-13","blk.13.ssm_out.weight","final_output-13"
774,34,SCALE,0,0,2,983,"ffn_moe_inp-13","node_2289",""
774,70,ADD,0,1,0,2373,"ffn_moe_out-13","node_2325","ffn_moe_weighted-13 (view)"
774,74,MUL_MAT,0,31,8,2497,"ffn_shexp-13","blk.13.ffn_down_shexp.weight","ffn_swiglu-13"
774,77,MUL,0,2,0,2505,"ffn_shexp_gated-13","ffn_shexp-13","shared_expert_gate_sigmoid-13"
774,78,ADD,0,1,1,2507,"ffn_out-13","ffn_moe_out-13","ffn_shexp_gated-13"
775,5,MUL_MAT,0,291,48,666,"linear_attn_out-14","blk.14.ssm_out.weight","final_output-14"
775,34,SCALE,0,0,1,927,"ffn_moe_inp-14","node_2443",""
775,70,ADD,0,2,0,1797,"ffn_moe_out-14","node_2479","ffn_moe_weighted-14 (view)"
775,74,MUL_MAT,0,29,14,1920,"ffn_shexp-14","blk.14.ffn_down_shexp.weight","ffn_swiglu-14"
775,77,MUL,0,2,0,1935,"ffn_shexp_gated-14","ffn_shexp-14","shared_expert_gate_sigmoid-14"
775,78,ADD,0,1,1,1938,"ffn_out-14","ffn_moe_out-14","ffn_shexp_gated-14"
776,38,MUL_MAT,0,268,66,638,"attn_output-15","blk.15.attn_output.weight","attn_gated-15"
776,66,SCALE,0,0,1,896,"ffn_moe_inp-15","node_2630",""
776,102,ADD,0,1,0,2325,"ffn_moe_out-15","node_2666","ffn_moe_weighted-15 (view)"
776,106,MUL_MAT,0,28,7,2435,"ffn_shexp-15","blk.15.ffn_down_shexp.weight","ffn_swiglu-15"
776,109,MUL,0,2,1,2453,"ffn_shexp_gated-15","ffn_shexp-15","shared_expert_gate_sigmoid-15"
776,110,ADD,0,1,1,2455,"ffn_out-15","ffn_moe_out-15","ffn_shexp_gated-15"
777,5,MUL_MAT,0,272,81,719,"linear_attn_out-16","blk.16.ssm_out.weight","final_output-16"
777,34,SCALE,0,0,2,975,"ffn_moe_inp-16","node_2784",""
777,70,ADD,0,1,0,2232,"ffn_moe_out-16","node_2820","ffn_moe_weighted-16 (view)"
777,74,MUL_MAT,0,30,6,2352,"ffn_shexp-16","blk.16.ffn_down_shexp.weight","ffn_swiglu-16"
777,77,MUL,0,2,0,2360,"ffn_shexp_gated-16","ffn_shexp-16","shared_expert_gate_sigmoid-16"
777,78,ADD,0,1,1,2363,"ffn_out-16","ffn_moe_out-16","ffn_shexp_gated-16"
778,5,MUL_MAT,0,265,65,664,"linear_attn_out-17","blk.17.ssm_out.weight","final_output-17"
778,34,SCALE,0,0,1,949,"ffn_moe_inp-17","node_2938",""
778,70,ADD,0,1,0,2515,"ffn_moe_out-17","node_2974","ffn_moe_weighted-17 (view)"
778,74,MUL_MAT,0,25,24,2659,"ffn_shexp-17","blk.17.ffn_down_shexp.weight","ffn_swiglu-17"
778,77,MUL,0,2,1,2674,"ffn_shexp_gated-17","ffn_shexp-17","shared_expert_gate_sigmoid-17"
778,78,ADD,0,1,3,2678,"ffn_out-17","ffn_moe_out-17","ffn_shexp_gated-17"
779,5,MUL_MAT,0,313,16,646,"linear_attn_out-18","blk.18.ssm_out.weight","final_output-18"
779,34,SCALE,0,0,1,914,"ffn_moe_inp-18","node_3092",""
779,70,ADD,0,2,0,1798,"ffn_moe_out-18","node_3128","ffn_moe_weighted-18 (view)"
779,74,MUL_MAT,0,39,1,1925,"ffn_shexp-18","blk.18.ffn_down_shexp.weight","ffn_swiglu-18"
779,77,MUL,0,4,0,1936,"ffn_shexp_gated-18","ffn_shexp-18","shared_expert_gate_sigmoid-18"
779,78,ADD,0,2,9,1947,"ffn_out-18","ffn_moe_out-18","ffn_shexp_gated-18"
780,38,MUL_MAT,0,329,20,671,"attn_output-19","blk.19.attn_output.weight","attn_gated-19"
780,66,SCALE,0,0,2,1017,"ffn_moe_inp-19","node_3279",""
780,102,ADD,0,1,1,1773,"ffn_moe_out-19","node_3315","ffn_moe_weighted-19 (view)"
780,106,MUL_MAT,0,32,5,1891,"ffn_shexp-19","blk.19.ffn_down_shexp.weight","ffn_swiglu-19"
780,109,MUL,0,3,0,1900,"ffn_shexp_gated-19","ffn_shexp-19","shared_expert_gate_sigmoid-19"
780,110,ADD,0,1,5,1907,"ffn_out-19","ffn_moe_out-19","ffn_shexp_gated-19"
781,5,MUL_MAT,0,342,10,688,"linear_attn_out-20","blk.20.ssm_out.weight","final_output-20"
781,34,SCALE,0,0,0,969,"ffn_moe_inp-20","node_3433",""
781,70,ADD,0,2,1,1837,"ffn_moe_out-20","node_3469","ffn_moe_weighted-20 (view)"
781,74,MUL_MAT,0,47,7,1980,"ffn_shexp-20","blk.20.ffn_down_shexp.weight","ffn_swiglu-20"
781,77,MUL,0,3,0,1999,"ffn_shexp_gated-20","ffn_shexp-20","shared_expert_gate_sigmoid-20"
781,78,ADD,0,2,1,2002,"ffn_out-20","ffn_moe_out-20","ffn_shexp_gated-20"
782,5,MUL_MAT,0,189,145,654,"linear_attn_out-21","blk.21.ssm_out.weight","final_output-21"
782,34,SCALE,0,0,2,902,"ffn_moe_inp-21","node_3587",""
782,70,ADD,0,1,1,1872,"ffn_moe_out-21","node_3623","ffn_moe_weighted-21 (view)"
782,74,MUL_MAT,0,33,11,2003,"ffn_shexp-21","blk.21.ffn_down_shexp.weight","ffn_swiglu-21"
782,77,MUL,0,2,10,2029,"ffn_shexp_gated-21","ffn_shexp-21","shared_expert_gate_sigmoid-21"
782,78,ADD,0,1,2,2033,"ffn_out-21","ffn_moe_out-21","ffn_shexp_gated-21"
783,5,MUL_MAT,0,287,67,703,"linear_attn_out-22","blk.22.ssm_out.weight","final_output-22"
783,34,SCALE,0,0,2,964,"ffn_moe_inp-22","node_3741",""
783,70,ADD,0,1,1,2209,"ffn_moe_out-22","node_3777","ffn_moe_weighted-22 (view)"
783,74,MUL_MAT,0,31,14,2331,"ffn_shexp-22","blk.22.ffn_down_shexp.weight","ffn_swiglu-22"
783,77,MUL,0,2,0,2339,"ffn_shexp_gated-22","ffn_shexp-22","shared_expert_gate_sigmoid-22"
783,78,ADD,0,1,0,2341,"ffn_out-22","ffn_moe_out-22","ffn_shexp_gated-22"
784,38,MUL_MAT,0,265,67,704,"attn_output-23","blk.23.attn_output.weight","attn_gated-23"
784,66,SCALE,0,0,1,968,"ffn_moe_inp-23","node_3928",""
784,102,ADD,0,2,0,2361,"ffn_moe_out-23","node_3964","ffn_moe_weighted-23 (view)"
784,106,MUL_MAT,0,28,7,2475,"ffn_shexp-23","blk.23.ffn_down_shexp.weight","ffn_swiglu-23"
784,109,MUL,0,2,0,2488,"ffn_shexp_gated-23","ffn_shexp-23","shared_expert_gate_sigmoid-23"
784,110,ADD,0,1,1,2490,"ffn_out-23","ffn_moe_out-23","ffn_shexp_gated-23"
785,5,MUL_MAT,0,299,61,800,"linear_attn_out-24","blk.24.ssm_out.weight","final_output-24"
785,34,SCALE,0,0,6,1071,"ffn_moe_inp-24","node_4082",""
785,70,ADD,0,1,0,1925,"ffn_moe_out-24","node_4118","ffn_moe_weighted-24 (view)"
785,74,MUL_MAT,0,33,8,2046,"ffn_shexp-24","blk.24.ffn_down_shexp.weight","ffn_swiglu-24"
785,77,MUL,0,2,1,2055,"ffn_shexp_gated-24","ffn_shexp-24","shared_expert_gate_sigmoid-24"
785,78,ADD,0,1,1,2057,"ffn_out-24","ffn_moe_out-24","ffn_shexp_gated-24"
786,5,MUL_MAT,0,276,79,793,"linear_attn_out-25","blk.25.ssm_out.weight","final_output-25"
786,34,SCALE,0,0,2,1063,"ffn_moe_inp-25","node_4236",""
786,70,ADD,0,1,0,2385,"ffn_moe_out-25","node_4272","ffn_moe_weighted-25 (view)"
786,74,MUL_MAT,0,27,13,2509,"ffn_shexp-25","blk.25.ffn_down_shexp.weight","ffn_swiglu-25"
786,77,MUL,0,2,1,2518,"ffn_shexp_gated-25","ffn_shexp-25","shared_expert_gate_sigmoid-25"
786,78,ADD,0,1,0,2519,"ffn_out-25","ffn_moe_out-25","ffn_shexp_gated-25"
787,5,MUL_MAT,0,196,158,698,"linear_attn_out-26","blk.26.ssm_out.weight","final_output-26"
787,34,SCALE,0,0,1,949,"ffn_moe_inp-26","node_4390",""
787,70,ADD,0,1,1,2344,"ffn_moe_out-26","node_4426","ffn_moe_weighted-26 (view)"
787,74,MUL_MAT,0,19,17,2488,"ffn_shexp-26","blk.26.ffn_down_shexp.weight","ffn_swiglu-26"
787,77,MUL,0,2,0,2509,"ffn_shexp_gated-26","ffn_shexp-26","shared_expert_gate_sigmoid-26"
787,78,ADD,0,1,0,2510,"ffn_out-26","ffn_moe_out-26","ffn_shexp_gated-26"
788,38,MUL_MAT,0,343,9,651,"attn_output-27","blk.27.attn_output.weight","attn_gated-27"
788,66,SCALE,0,0,1,1006,"ffn_moe_inp-27","node_4577",""
788,102,ADD,0,1,1,1846,"ffn_moe_out-27","node_4613","ffn_moe_weighted-27 (view)"
788,106,MUL_MAT,0,32,14,1970,"ffn_shexp-27","blk.27.ffn_down_shexp.weight","ffn_swiglu-27"
788,109,MUL,0,3,0,1989,"ffn_shexp_gated-27","ffn_shexp-27","shared_expert_gate_sigmoid-27"
788,110,ADD,0,1,0,1991,"ffn_out-27","ffn_moe_out-27","ffn_shexp_gated-27"
789,5,MUL_MAT,0,305,15,635,"linear_attn_out-28","blk.28.ssm_out.weight","final_output-28"
789,34,SCALE,0,0,1,903,"ffn_moe_inp-28","node_4731",""
789,70,ADD,0,2,0,1779,"ffn_moe_out-28","node_4767","ffn_moe_weighted-28 (view)"
789,74,MUL_MAT,0,39,2,1910,"ffn_shexp-28","blk.28.ffn_down_shexp.weight","ffn_swiglu-28"
789,77,MUL,0,3,0,1922,"ffn_shexp_gated-28","ffn_shexp-28","shared_expert_gate_sigmoid-28"
789,78,ADD,0,1,0,1924,"ffn_out-28","ffn_moe_out-28","ffn_shexp_gated-28"
790,5,MUL_MAT,0,318,17,659,"linear_attn_out-29","blk.29.ssm_out.weight","final_output-29"
790,34,SCALE,0,0,1,920,"ffn_moe_inp-29","node_4885",""
790,70,ADD,0,1,1,1746,"ffn_moe_out-29","node_4921","ffn_moe_weighted-29 (view)"
790,74,MUL_MAT,0,35,4,1863,"ffn_shexp-29","blk.29.ffn_down_shexp.weight","ffn_swiglu-29"
790,77,MUL,0,4,0,1873,"ffn_shexp_gated-29","ffn_shexp-29","shared_expert_gate_sigmoid-29"
790,78,ADD,0,2,0,1875,"ffn_out-29","ffn_moe_out-29","ffn_shexp_gated-29"
791,5,MUL_MAT,0,327,11,677,"linear_attn_out-30","blk.30.ssm_out.weight","final_output-30"
791,34,SCALE,0,0,2,961,"ffn_moe_inp-30","node_5039",""
791,70,ADD,0,2,0,2535,"ffn_moe_out-30","node_5075","ffn_moe_weighted-30 (view)"
791,74,MUL_MAT,0,35,4,2653,"ffn_shexp-30","blk.30.ffn_down_shexp.weight","ffn_swiglu-30"
791,77,MUL,0,3,0,2671,"ffn_shexp_gated-30","ffn_shexp-30","shared_expert_gate_sigmoid-30"
791,78,ADD,0,1,1,2674,"ffn_out-30","ffn_moe_out-30","ffn_shexp_gated-30"
792,38,MUL_MAT,0,328,5,625,"attn_output-31","blk.31.attn_output.weight","attn_gated-31"
792,66,SCALE,0,0,3,890,"ffn_moe_inp-31","node_5226",""
792,102,ADD,0,0,1,2590,"ffn_moe_out-31","node_5262","ffn_moe_weighted-31 (view)"
792,106,MUL_MAT,0,18,19,2710,"ffn_shexp-31","blk.31.ffn_down_shexp.weight","ffn_swiglu-31"
792,109,MUL,0,2,3,2732,"ffn_shexp_gated-31","ffn_shexp-31","shared_expert_gate_sigmoid-31"
792,110,ADD,0,1,0,2734,"ffn_out-31","ffn_moe_out-31","ffn_shexp_gated-31"
793,5,MUL_MAT,0,176,155,648,"linear_attn_out-32","blk.32.ssm_out.weight","final_output-32"
793,34,SCALE,0,0,2,886,"ffn_moe_inp-32","node_5380",""
793,70,ADD,0,1,0,1917,"ffn_moe_out-32","node_5416","ffn_moe_weighted-32 (view)"
793,74,MUL_MAT,0,28,22,2084,"ffn_shexp-32","blk.32.ffn_down_shexp.weight","ffn_swiglu-32"
793,77,MUL,0,2,1,2107,"ffn_shexp_gated-32","ffn_shexp-32","shared_expert_gate_sigmoid-32"
793,78,ADD,0,1,0,2108,"ffn_out-32","ffn_moe_out-32","ffn_shexp_gated-32"
794,5,MUL_MAT,0,190,145,662,"linear_attn_out-33","blk.33.ssm_out.weight","final_output-33"
794,34,SCALE,0,0,3,923,"ffn_moe_inp-33","node_5534",""
794,70,ADD,0,1,1,1730,"ffn_moe_out-33","node_5570","ffn_moe_weighted-33 (view)"
794,74,MUL_MAT,0,19,17,1853,"ffn_shexp-33","blk.33.ffn_down_shexp.weight","ffn_swiglu-33"
794,77,MUL,0,1,1,1863,"ffn_shexp_gated-33","ffn_shexp-33","shared_expert_gate_sigmoid-33"
794,78,ADD,0,1,1,1865,"ffn_out-33","ffn_moe_out-33","ffn_shexp_gated-33"
795,5,MUL_MAT,0,322,56,729,"linear_attn_out-34","blk.34.ssm_out.weight","final_output-34"
795,34,SCALE,0,0,2,1173,"ffn_moe_inp-34","node_5688",""
795,70,ADD,0,1,0,2051,"ffn_moe_out-34","node_5724","ffn_moe_weighted-34 (view)"
795,74,MUL_MAT,0,28,27,2194,"ffn_shexp-34","blk.34.ffn_down_shexp.weight","ffn_swiglu-34"
795,77,MUL,0,2,0,2202,"ffn_shexp_gated-34","ffn_shexp-34","shared_expert_gate_sigmoid-34"
795,78,ADD,0,1,1,2204,"ffn_out-34","ffn_moe_out-34","ffn_shexp_gated-34"
796,38,MUL_MAT,0,168,156,588,"attn_output-35","blk.35.attn_output.weight","attn_gated-35"
796,66,SCALE,0,0,2,849,"ffn_moe_inp-35","node_5875",""
796,102,ADD,0,1,1,1685,"ffn_moe_out-35","node_5911","ffn_moe_weighted-35 (view)"
796,106,MUL_MAT,0,27,22,1818,"ffn_shexp-35","blk.35.ffn_down_shexp.weight","ffn_swiglu-35"
796,109,MUL,0,2,0,1833,"ffn_shexp_gated-35","ffn_shexp-35","shared_expert_gate_sigmoid-35"
796,110,ADD,0,1,1,1835,"ffn_out-35","ffn_moe_out-35","ffn_shexp_gated-35"
797,5,MUL_MAT,0,262,78,672,"linear_attn_out-36","blk.36.ssm_out.weight","final_output-36"
797,34,SCALE,0,0,1,937,"ffn_moe_inp-36","node_6029",""
797,70,ADD,0,1,0,1724,"ffn_moe_out-36","node_6065","ffn_moe_weighted-36 (view)"
797,74,MUL_MAT,0,29,8,1853,"ffn_shexp-36","blk.36.ffn_down_shexp.weight","ffn_swiglu-36"
797,77,MUL,0,2,0,1861,"ffn_shexp_gated-36","ffn_shexp-36","shared_expert_gate_sigmoid-36"
797,78,ADD,0,2,1,1864,"ffn_out-36","ffn_moe_out-36","ffn_shexp_gated-36"
798,5,MUL_MAT,0,322,17,674,"linear_attn_out-37","blk.37.ssm_out.weight","final_output-37"
798,34,SCALE,0,0,1,970,"ffn_moe_inp-37","node_6183",""
798,70,ADD,0,2,0,1779,"ffn_moe_out-37","node_6219","ffn_moe_weighted-37 (view)"
798,74,MUL_MAT,0,35,4,1901,"ffn_shexp-37","blk.37.ffn_down_shexp.weight","ffn_swiglu-37"
798,77,MUL,0,3,0,1911,"ffn_shexp_gated-37","ffn_shexp-37","shared_expert_gate_sigmoid-37"
798,78,ADD,0,2,0,1913,"ffn_out-37","ffn_moe_out-37","ffn_shexp_gated-37"
799,5,MUL_MAT,0,332,7,646,"linear_attn_out-38","blk.38.ssm_out.weight","final_output-38"
799,34,SCALE,0,0,2,937,"ffn_moe_inp-38","node_6337",""
799,70,ADD,0,1,0,1787,"ffn_moe_out-38","node_6373","ffn_moe_weighted-38 (view)"
799,74,MUL_MAT,0,37,10,1932,"ffn_shexp-38","blk.38.ffn_down_shexp.weight","ffn_swiglu-38"
799,77,MUL,0,3,6,1949,"ffn_shexp_gated-38","ffn_shexp-38","shared_expert_gate_sigmoid-38"
799,78,ADD,0,2,0,1951,"ffn_out-38","ffn_moe_out-38","ffn_shexp_gated-38"
