graph_id,node_index,op,fused_nodes,worker_us,barrier_us,graph_elapsed_us,name,src0,src1
0,0,GET_ROWS,0,4,0,5,"model.input_embed","token_embd.weight","inp_tokens"
0,69,RMS_NORM,0,0,1,1728,"norm-0","attn_output-0",""
1,5,MUL_MAT,0,325,59,715,"linear_attn_out-0","blk.0.ssm_out.weight","final_output-0"
1,34,SCALE,0,0,1,979,"ffn_moe_inp-0","node_104",""
1,38,ARGSORT,0,23,0,1107,"ffn_moe_argsort-0","ffn_moe_probs-0",""
1,70,ADD,0,2,0,1762,"ffn_moe_out-0","node_140","ffn_moe_weighted-0 (view)"
1,93,MUL_MAT,0,36,3,2809,"ffn_shexp-0","blk.0.ffn_down_shexp.weight","ffn_swiglu-0"
1,96,MUL,0,4,0,2820,"ffn_shexp_gated-0","ffn_shexp-0","shared_expert_gate_sigmoid-0"
1,97,ADD,0,2,0,2822,"ffn_out-0","ffn_moe_out-0","ffn_shexp_gated-0"
1,236,RMS_NORM,0,1,1,5146,"norm-1","attn_output-1",""
2,5,MUL_MAT,0,313,2,623,"linear_attn_out-1","blk.1.ssm_out.weight","final_output-1"
2,34,SCALE,0,13,0,1027,"ffn_moe_inp-1","node_342",""
2,38,ARGSORT,0,22,1,1158,"ffn_moe_argsort-1","ffn_moe_probs-1",""
2,70,ADD,0,1,1,1851,"ffn_moe_out-1","node_378","ffn_moe_weighted-1 (view)"
2,74,MUL_MAT,0,36,7,1979,"ffn_shexp-1","blk.1.ffn_down_shexp.weight","ffn_swiglu-1"
2,77,MUL,0,2,0,2012,"ffn_shexp_gated-1","ffn_shexp-1","shared_expert_gate_sigmoid-1"
2,78,ADD,0,1,1,2014,"ffn_out-1","ffn_moe_out-1","ffn_shexp_gated-1"
2,152,RMS_NORM,0,1,2,3391,"norm-2","attn_output-2",""
3,5,MUL_MAT,0,183,179,720,"linear_attn_out-2","blk.2.ssm_out.weight","final_output-2"
3,34,SCALE,0,0,2,992,"ffn_moe_inp-2","node_496",""
3,38,ARGSORT,0,18,1,1119,"ffn_moe_argsort-2","ffn_moe_probs-2",""
3,70,ADD,0,1,1,1984,"ffn_moe_out-2","node_532","ffn_moe_weighted-2 (view)"
3,74,MUL_MAT,0,19,18,2148,"ffn_shexp-2","blk.2.ffn_down_shexp.weight","ffn_swiglu-2"
3,77,MUL,0,1,1,2180,"ffn_shexp_gated-2","ffn_shexp-2","shared_expert_gate_sigmoid-2"
3,78,ADD,0,1,1,2182,"ffn_out-2","ffn_moe_out-2","ffn_shexp_gated-2"
3,151,RMS_NORM,0,3,1,3149,"norm-3","indexer_k_pooled-3 (reshaped)",""
4,38,MUL_MAT,0,151,171,528,"attn_output-3","blk.3.attn_output.weight","attn_gated-3"
4,66,SCALE,0,0,10,773,"ffn_moe_inp-3","node_683",""
4,70,ARGSORT,0,18,0,895,"ffn_moe_argsort-3","ffn_moe_probs-3",""
4,102,ADD,0,1,1,1577,"ffn_moe_out-3","node_719","ffn_moe_weighted-3 (view)"
4,106,MUL_MAT,0,18,18,1689,"ffn_shexp-3","blk.3.ffn_down_shexp.weight","ffn_swiglu-3"
4,109,MUL,0,2,0,1697,"ffn_shexp_gated-3","ffn_shexp-3","shared_expert_gate_sigmoid-3"
4,110,ADD,0,1,1,1699,"ffn_out-3","ffn_moe_out-3","ffn_shexp_gated-3"
4,184,RMS_NORM,0,0,1,3338,"norm-4","attn_output-4",""
5,5,MUL_MAT,0,269,59,647,"linear_attn_out-4","blk.4.ssm_out.weight","final_output-4"
5,34,SCALE,0,0,2,882,"ffn_moe_inp-4","node_837",""
5,38,ARGSORT,0,22,0,1019,"ffn_moe_argsort-4","ffn_moe_probs-4",""
5,70,ADD,0,1,0,1774,"ffn_moe_out-4","node_873","ffn_moe_weighted-4 (view)"
5,74,MUL_MAT,0,29,7,1885,"ffn_shexp-4","blk.4.ffn_down_shexp.weight","ffn_swiglu-4"
5,77,MUL,0,2,0,1892,"ffn_shexp_gated-4","ffn_shexp-4","shared_expert_gate_sigmoid-4"
5,78,ADD,0,1,9,1903,"ffn_out-4","ffn_moe_out-4","ffn_shexp_gated-4"
5,152,RMS_NORM,0,0,2,3418,"norm-5","attn_output-5",""
6,5,MUL_MAT,0,278,68,666,"linear_attn_out-5","blk.5.ssm_out.weight","final_output-5"
6,34,SCALE,0,0,1,922,"ffn_moe_inp-5","node_991",""
6,38,ARGSORT,0,19,1,1048,"ffn_moe_argsort-5","ffn_moe_probs-5",""
6,70,ADD,0,1,1,1715,"ffn_moe_out-5","node_1027","ffn_moe_weighted-5 (view)"
6,74,MUL_MAT,0,31,6,1837,"ffn_shexp-5","blk.5.ffn_down_shexp.weight","ffn_swiglu-5"
6,77,MUL,0,2,1,1846,"ffn_shexp_gated-5","ffn_shexp-5","shared_expert_gate_sigmoid-5"
6,78,ADD,0,1,0,1847,"ffn_out-5","ffn_moe_out-5","ffn_shexp_gated-5"
6,152,RMS_NORM,0,0,2,3207,"norm-6","attn_output-6",""
7,5,MUL_MAT,0,269,80,686,"linear_attn_out-6","blk.6.ssm_out.weight","final_output-6"
7,34,SCALE,0,0,7,969,"ffn_moe_inp-6","node_1145",""
7,38,ARGSORT,0,21,0,1170,"ffn_moe_argsort-6","ffn_moe_probs-6",""
7,70,ADD,0,2,0,1832,"ffn_moe_out-6","node_1181","ffn_moe_weighted-6 (view)"
7,74,MUL_MAT,0,29,9,1946,"ffn_shexp-6","blk.6.ffn_down_shexp.weight","ffn_swiglu-6"
7,77,MUL,0,2,1,1956,"ffn_shexp_gated-6","ffn_shexp-6","shared_expert_gate_sigmoid-6"
7,78,ADD,0,1,12,1969,"ffn_out-6","ffn_moe_out-6","ffn_shexp_gated-6"
7,151,RMS_NORM,0,5,0,2953,"norm-7","indexer_k_pooled-7 (reshaped)",""
8,38,MUL_MAT,0,247,64,533,"attn_output-7","blk.7.attn_output.weight","attn_gated-7"
8,66,SCALE,0,0,2,769,"ffn_moe_inp-7","node_1332",""
8,70,ARGSORT,0,33,1,902,"ffn_moe_argsort-7","ffn_moe_probs-7",""
8,102,ADD,0,1,0,2100,"ffn_moe_out-7","node_1368","ffn_moe_weighted-7 (view)"
8,106,MUL_MAT,0,18,19,2221,"ffn_shexp-7","blk.7.ffn_down_shexp.weight","ffn_swiglu-7"
8,109,MUL,0,2,0,2228,"ffn_shexp_gated-7","ffn_shexp-7","shared_expert_gate_sigmoid-7"
8,110,ADD,0,1,1,2230,"ffn_out-7","ffn_moe_out-7","ffn_shexp_gated-7"
8,184,RMS_NORM,0,0,1,3768,"norm-8","attn_output-8",""
9,5,MUL_MAT,0,302,7,605,"linear_attn_out-8","blk.8.ssm_out.weight","final_output-8"
9,34,SCALE,0,0,1,866,"ffn_moe_inp-8","node_1486",""
9,38,ARGSORT,0,23,1,995,"ffn_moe_argsort-8","ffn_moe_probs-8",""
9,70,ADD,0,1,1,1756,"ffn_moe_out-8","node_1522","ffn_moe_weighted-8 (view)"
9,74,MUL_MAT,0,34,6,1879,"ffn_shexp-8","blk.8.ffn_down_shexp.weight","ffn_swiglu-8"
9,77,MUL,0,4,6,1896,"ffn_shexp_gated-8","ffn_shexp-8","shared_expert_gate_sigmoid-8"
9,78,ADD,0,1,1,1899,"ffn_out-8","ffn_moe_out-8","ffn_shexp_gated-8"
9,152,RMS_NORM,0,1,0,3548,"norm-9","attn_output-9",""
10,5,MUL_MAT,0,175,148,641,"linear_attn_out-9","blk.9.ssm_out.weight","final_output-9"
10,34,SCALE,0,0,2,890,"ffn_moe_inp-9","node_1640",""
10,38,ARGSORT,0,20,0,1022,"ffn_moe_argsort-9","ffn_moe_probs-9",""
10,70,ADD,0,1,0,1678,"ffn_moe_out-9","node_1676","ffn_moe_weighted-9 (view)"
10,74,MUL_MAT,0,22,15,1796,"ffn_shexp-9","blk.9.ffn_down_shexp.weight","ffn_swiglu-9"
10,77,MUL,0,1,10,1813,"ffn_shexp_gated-9","ffn_shexp-9","shared_expert_gate_sigmoid-9"
10,78,ADD,0,1,1,1815,"ffn_out-9","ffn_moe_out-9","ffn_shexp_gated-9"
10,152,RMS_NORM,0,1,2,3054,"norm-10","attn_output-10",""
11,5,MUL_MAT,0,221,120,687,"linear_attn_out-10","blk.10.ssm_out.weight","final_output-10"
11,34,SCALE,0,0,1,1030,"ffn_moe_inp-10","node_1794",""
11,38,ARGSORT,0,17,0,1201,"ffn_moe_argsort-10","ffn_moe_probs-10",""
11,70,ADD,0,1,1,1872,"ffn_moe_out-10","node_1830","ffn_moe_weighted-10 (view)"
11,74,MUL_MAT,0,19,16,1982,"ffn_shexp-10","blk.10.ffn_down_shexp.weight","ffn_swiglu-10"
11,77,MUL,0,2,0,1996,"ffn_shexp_gated-10","ffn_shexp-10","shared_expert_gate_sigmoid-10"
11,78,ADD,0,1,1,1998,"ffn_out-10","ffn_moe_out-10","ffn_shexp_gated-10"
11,151,RMS_NORM,0,3,1,2967,"norm-11","indexer_k_pooled-11 (reshaped)",""
12,38,MUL_MAT,0,156,149,501,"attn_output-11","blk.11.attn_output.weight","attn_gated-11"
12,66,SCALE,0,1,1,738,"ffn_moe_inp-11","node_1981",""
12,70,ARGSORT,0,16,0,854,"ffn_moe_argsort-11","ffn_moe_probs-11",""
12,102,ADD,0,1,1,2046,"ffn_moe_out-11","node_2017","ffn_moe_weighted-11 (view)"
12,106,MUL_MAT,0,29,14,2171,"ffn_shexp-11","blk.11.ffn_down_shexp.weight","ffn_swiglu-11"
12,109,MUL,0,2,0,2178,"ffn_shexp_gated-11","ffn_shexp-11","shared_expert_gate_sigmoid-11"
12,110,ADD,0,1,0,2180,"ffn_out-11","ffn_moe_out-11","ffn_shexp_gated-11"
12,184,RMS_NORM,0,0,3,3477,"norm-12","attn_output-12",""
13,5,MUL_MAT,0,164,151,618,"linear_attn_out-12","blk.12.ssm_out.weight","final_output-12"
13,34,SCALE,0,0,2,852,"ffn_moe_inp-12","node_2135",""
13,38,ARGSORT,0,18,0,981,"ffn_moe_argsort-12","ffn_moe_probs-12",""
13,70,ADD,0,1,1,1627,"ffn_moe_out-12","node_2171","ffn_moe_weighted-12 (view)"
13,74,MUL_MAT,0,20,16,1750,"ffn_shexp-12","blk.12.ffn_down_shexp.weight","ffn_swiglu-12"
13,77,MUL,0,1,1,1759,"ffn_shexp_gated-12","ffn_shexp-12","shared_expert_gate_sigmoid-12"
13,78,ADD,0,1,1,1761,"ffn_out-12","ffn_moe_out-12","ffn_shexp_gated-12"
13,152,RMS_NORM,0,0,3,3038,"norm-13","attn_output-13",""
14,5,MUL_MAT,0,184,150,677,"linear_attn_out-13","blk.13.ssm_out.weight","final_output-13"
14,34,SCALE,0,0,8,1072,"ffn_moe_inp-13","node_2289",""
14,38,ARGSORT,0,21,1,1256,"ffn_moe_argsort-13","ffn_moe_probs-13",""
14,70,ADD,0,1,1,2461,"ffn_moe_out-13","node_2325","ffn_moe_weighted-13 (view)"
14,74,MUL_MAT,0,29,13,2581,"ffn_shexp-13","blk.13.ffn_down_shexp.weight","ffn_swiglu-13"
14,77,MUL,0,2,1,2592,"ffn_shexp_gated-13","ffn_shexp-13","shared_expert_gate_sigmoid-13"
14,78,ADD,0,1,4,2597,"ffn_out-13","ffn_moe_out-13","ffn_shexp_gated-13"
14,152,RMS_NORM,0,0,2,3908,"norm-14","attn_output-14",""
15,5,MUL_MAT,0,280,69,663,"linear_attn_out-14","blk.14.ssm_out.weight","final_output-14"
15,34,SCALE,0,0,1,917,"ffn_moe_inp-14","node_2443",""
15,38,ARGSORT,0,35,0,1063,"ffn_moe_argsort-14","ffn_moe_probs-14",""
15,70,ADD,0,1,0,2404,"ffn_moe_out-14","node_2479","ffn_moe_weighted-14 (view)"
15,74,MUL_MAT,0,30,7,2526,"ffn_shexp-14","blk.14.ffn_down_shexp.weight","ffn_swiglu-14"
15,77,MUL,0,2,1,2534,"ffn_shexp_gated-14","ffn_shexp-14","shared_expert_gate_sigmoid-14"
15,78,ADD,0,1,1,2536,"ffn_out-14","ffn_moe_out-14","ffn_shexp_gated-14"
15,151,RMS_NORM,0,5,0,3532,"norm-15","indexer_k_pooled-15 (reshaped)",""
16,38,MUL_MAT,0,267,49,530,"attn_output-15","blk.15.attn_output.weight","attn_gated-15"
16,66,SCALE,0,0,1,782,"ffn_moe_inp-15","node_2630",""
16,70,ARGSORT,0,20,0,902,"ffn_moe_argsort-15","ffn_moe_probs-15",""
16,102,ADD,0,1,1,1876,"ffn_moe_out-15","node_2666","ffn_moe_weighted-15 (view)"
16,106,MUL_MAT,0,28,6,1982,"ffn_shexp-15","blk.15.ffn_down_shexp.weight","ffn_swiglu-15"
16,109,MUL,0,1,1,1997,"ffn_shexp_gated-15","ffn_shexp-15","shared_expert_gate_sigmoid-15"
16,110,ADD,0,1,1,1999,"ffn_out-15","ffn_moe_out-15","ffn_shexp_gated-15"
16,184,RMS_NORM,0,0,2,3338,"norm-16","attn_output-16",""
17,5,MUL_MAT,0,175,157,638,"linear_attn_out-16","blk.16.ssm_out.weight","final_output-16"
17,34,SCALE,0,0,2,866,"ffn_moe_inp-16","node_2784",""
17,38,ARGSORT,0,18,1,1060,"ffn_moe_argsort-16","ffn_moe_probs-16",""
17,70,ADD,0,2,0,1741,"ffn_moe_out-16","node_2820","ffn_moe_weighted-16 (view)"
17,74,MUL_MAT,0,33,3,1856,"ffn_shexp-16","blk.16.ffn_down_shexp.weight","ffn_swiglu-16"
17,77,MUL,0,4,0,1866,"ffn_shexp_gated-16","ffn_shexp-16","shared_expert_gate_sigmoid-16"
17,78,ADD,0,2,0,1868,"ffn_out-16","ffn_moe_out-16","ffn_shexp_gated-16"
17,152,RMS_NORM,0,1,0,3447,"norm-17","attn_output-17",""
18,5,MUL_MAT,0,325,1,644,"linear_attn_out-17","blk.17.ssm_out.weight","final_output-17"
18,34,SCALE,0,0,2,906,"ffn_moe_inp-17","node_2938",""
18,38,ARGSORT,0,23,1,1034,"ffn_moe_argsort-17","ffn_moe_probs-17",""
18,70,ADD,0,1,1,1668,"ffn_moe_out-17","node_2974","ffn_moe_weighted-17 (view)"
18,74,MUL_MAT,0,35,1,1787,"ffn_shexp-17","blk.17.ffn_down_shexp.weight","ffn_swiglu-17"
18,77,MUL,0,3,1,1797,"ffn_shexp_gated-17","ffn_shexp-17","shared_expert_gate_sigmoid-17"
18,78,ADD,0,1,1,1799,"ffn_out-17","ffn_moe_out-17","ffn_shexp_gated-17"
18,152,RMS_NORM,0,0,2,3338,"norm-18","attn_output-18",""
19,5,MUL_MAT,0,330,1,677,"linear_attn_out-18","blk.18.ssm_out.weight","final_output-18"
19,34,SCALE,0,0,1,941,"ffn_moe_inp-18","node_3092",""
19,38,ARGSORT,0,23,1,1088,"ffn_moe_argsort-18","ffn_moe_probs-18",""
19,70,ADD,0,1,1,1823,"ffn_moe_out-18","node_3128","ffn_moe_weighted-18 (view)"
19,74,MUL_MAT,0,35,5,1938,"ffn_shexp-18","blk.18.ffn_down_shexp.weight","ffn_swiglu-18"
19,77,MUL,0,4,0,2064,"ffn_shexp_gated-18","ffn_shexp-18","shared_expert_gate_sigmoid-18"
19,78,ADD,0,1,0,2066,"ffn_out-18","ffn_moe_out-18","ffn_shexp_gated-18"
19,151,RMS_NORM,0,8,0,3141,"norm-19","indexer_k_pooled-19 (reshaped)",""
20,38,MUL_MAT,0,301,9,520,"attn_output-19","blk.19.attn_output.weight","attn_gated-19"
20,66,SCALE,0,1,2,750,"ffn_moe_inp-19","node_3279",""
20,70,ARGSORT,0,21,1,879,"ffn_moe_argsort-19","ffn_moe_probs-19",""
20,102,ADD,0,1,0,1890,"ffn_moe_out-19","node_3315","ffn_moe_weighted-19 (view)"
20,106,MUL_MAT,0,32,3,2000,"ffn_shexp-19","blk.19.ffn_down_shexp.weight","ffn_swiglu-19"
20,109,MUL,0,3,0,2010,"ffn_shexp_gated-19","ffn_shexp-19","shared_expert_gate_sigmoid-19"
20,110,ADD,0,2,0,2012,"ffn_out-19","ffn_moe_out-19","ffn_shexp_gated-19"
20,184,RMS_NORM,0,0,1,3760,"norm-20","attn_output-20",""
21,5,MUL_MAT,0,314,4,618,"linear_attn_out-20","blk.20.ssm_out.weight","final_output-20"
21,34,SCALE,0,0,1,890,"ffn_moe_inp-20","node_3433",""
21,38,ARGSORT,0,22,0,1020,"ffn_moe_argsort-20","ffn_moe_probs-20",""
21,70,ADD,0,2,5,2107,"ffn_moe_out-20","node_3469","ffn_moe_weighted-20 (view)"
21,74,MUL_MAT,0,36,0,2233,"ffn_shexp-20","blk.20.ffn_down_shexp.weight","ffn_swiglu-20"
21,77,MUL,0,4,0,2243,"ffn_shexp_gated-20","ffn_shexp-20","shared_expert_gate_sigmoid-20"
21,78,ADD,0,2,0,2245,"ffn_out-20","ffn_moe_out-20","ffn_shexp_gated-20"
21,152,RMS_NORM,0,1,8,3894,"norm-21","attn_output-21",""
22,5,MUL_MAT,0,312,1,615,"linear_attn_out-21","blk.21.ssm_out.weight","final_output-21"
22,34,SCALE,0,0,2,854,"ffn_moe_inp-21","node_3587",""
22,38,ARGSORT,0,22,1,1001,"ffn_moe_argsort-21","ffn_moe_probs-21",""
22,70,ADD,0,1,1,1920,"ffn_moe_out-21","node_3623","ffn_moe_weighted-21 (view)"
22,74,MUL_MAT,0,36,0,2033,"ffn_shexp-21","blk.21.ffn_down_shexp.weight","ffn_swiglu-21"
22,77,MUL,0,4,0,2044,"ffn_shexp_gated-21","ffn_shexp-21","shared_expert_gate_sigmoid-21"
22,78,ADD,0,2,0,2046,"ffn_out-21","ffn_moe_out-21","ffn_shexp_gated-21"
22,152,RMS_NORM,0,1,4,3636,"norm-22","attn_output-22",""
23,5,MUL_MAT,0,324,0,641,"linear_attn_out-22","blk.22.ssm_out.weight","final_output-22"
23,34,SCALE,0,0,1,903,"ffn_moe_inp-22","node_3741",""
23,38,ARGSORT,0,22,0,1053,"ffn_moe_argsort-22","ffn_moe_probs-22",""
23,70,ADD,0,1,0,1722,"ffn_moe_out-22","node_3777","ffn_moe_weighted-22 (view)"
23,74,MUL_MAT,0,38,2,1841,"ffn_shexp-22","blk.22.ffn_down_shexp.weight","ffn_swiglu-22"
23,77,MUL,0,3,1,1851,"ffn_shexp_gated-22","ffn_shexp-22","shared_expert_gate_sigmoid-22"
23,78,ADD,0,2,4,1857,"ffn_out-22","ffn_moe_out-22","ffn_shexp_gated-22"
23,151,RMS_NORM,0,9,0,2983,"norm-23","indexer_k_pooled-23 (reshaped)",""
24,38,MUL_MAT,0,317,8,576,"attn_output-23","blk.23.attn_output.weight","attn_gated-23"
24,66,SCALE,0,0,1,820,"ffn_moe_inp-23","node_3928",""
24,70,ARGSORT,0,20,0,948,"ffn_moe_argsort-23","ffn_moe_probs-23",""
24,102,ADD,0,1,1,2143,"ffn_moe_out-23","node_3964","ffn_moe_weighted-23 (view)"
24,106,MUL_MAT,0,33,1,2250,"ffn_shexp-23","blk.23.ffn_down_shexp.weight","ffn_swiglu-23"
24,109,MUL,0,3,13,2309,"ffn_shexp_gated-23","ffn_shexp-23","shared_expert_gate_sigmoid-23"
24,110,ADD,0,2,0,2311,"ffn_out-23","ffn_moe_out-23","ffn_shexp_gated-23"
24,184,RMS_NORM,0,1,11,3985,"norm-24","attn_output-24",""
25,5,MUL_MAT,0,170,173,689,"linear_attn_out-24","blk.24.ssm_out.weight","final_output-24"
25,34,SCALE,0,0,2,1040,"ffn_moe_inp-24","node_4082",""
25,38,ARGSORT,0,23,0,1192,"ffn_moe_argsort-24","ffn_moe_probs-24",""
25,70,ADD,0,0,1,1926,"ffn_moe_out-24","node_4118","ffn_moe_weighted-24 (view)"
25,74,MUL_MAT,0,20,16,2066,"ffn_shexp-24","blk.24.ffn_down_shexp.weight","ffn_swiglu-24"
25,77,MUL,0,2,0,2083,"ffn_shexp_gated-24","ffn_shexp-24","shared_expert_gate_sigmoid-24"
25,78,ADD,0,1,1,2085,"ffn_out-24","ffn_moe_out-24","ffn_shexp_gated-24"
25,152,RMS_NORM,0,0,2,3682,"norm-25","attn_output-25",""
26,5,MUL_MAT,0,301,7,606,"linear_attn_out-25","blk.25.ssm_out.weight","final_output-25"
26,34,SCALE,0,0,2,857,"ffn_moe_inp-25","node_4236",""
26,38,ARGSORT,0,23,0,983,"ffn_moe_argsort-25","ffn_moe_probs-25",""
26,70,ADD,0,1,1,1629,"ffn_moe_out-25","node_4272","ffn_moe_weighted-25 (view)"
26,74,MUL_MAT,0,35,1,1742,"ffn_shexp-25","blk.25.ffn_down_shexp.weight","ffn_swiglu-25"
26,77,MUL,0,3,1,1752,"ffn_shexp_gated-25","ffn_shexp-25","shared_expert_gate_sigmoid-25"
26,78,ADD,0,1,1,1754,"ffn_out-25","ffn_moe_out-25","ffn_shexp_gated-25"
26,152,RMS_NORM,0,1,0,3573,"norm-26","attn_output-26",""
27,5,MUL_MAT,0,307,3,622,"linear_attn_out-26","blk.26.ssm_out.weight","final_output-26"
27,34,SCALE,0,0,2,905,"ffn_moe_inp-26","node_4390",""
27,38,ARGSORT,0,23,0,1032,"ffn_moe_argsort-26","ffn_moe_probs-26",""
27,70,ADD,0,1,1,1700,"ffn_moe_out-26","node_4426","ffn_moe_weighted-26 (view)"
27,74,MUL_MAT,0,39,0,1833,"ffn_shexp-26","blk.26.ffn_down_shexp.weight","ffn_swiglu-26"
27,77,MUL,0,3,1,1844,"ffn_shexp_gated-26","ffn_shexp-26","shared_expert_gate_sigmoid-26"
27,78,ADD,0,2,0,1846,"ffn_out-26","ffn_moe_out-26","ffn_shexp_gated-26"
27,151,RMS_NORM,0,9,0,2878,"norm-27","indexer_k_pooled-27 (reshaped)",""
28,38,MUL_MAT,0,329,1,550,"attn_output-27","blk.27.attn_output.weight","attn_gated-27"
28,66,SCALE,0,1,2,821,"ffn_moe_inp-27","node_4577",""
28,70,ARGSORT,0,22,0,956,"ffn_moe_argsort-27","ffn_moe_probs-27",""
28,102,ADD,0,1,1,1639,"ffn_moe_out-27","node_4613","ffn_moe_weighted-27 (view)"
28,106,MUL_MAT,0,33,3,1784,"ffn_shexp-27","blk.27.ffn_down_shexp.weight","ffn_swiglu-27"
28,109,MUL,0,3,1,1830,"ffn_shexp_gated-27","ffn_shexp-27","shared_expert_gate_sigmoid-27"
28,110,ADD,0,1,10,1841,"ffn_out-27","ffn_moe_out-27","ffn_shexp_gated-27"
28,184,RMS_NORM,0,1,7,3618,"norm-28","attn_output-28",""
29,5,MUL_MAT,0,316,7,651,"linear_attn_out-28","blk.28.ssm_out.weight","final_output-28"
29,34,SCALE,0,0,1,886,"ffn_moe_inp-28","node_4731",""
29,38,ARGSORT,0,23,0,1022,"ffn_moe_argsort-28","ffn_moe_probs-28",""
29,70,ADD,0,2,0,1705,"ffn_moe_out-28","node_4767","ffn_moe_weighted-28 (view)"
29,74,MUL_MAT,0,36,10,2031,"ffn_shexp-28","blk.28.ffn_down_shexp.weight","ffn_swiglu-28"
29,77,MUL,0,3,0,2051,"ffn_shexp_gated-28","ffn_shexp-28","shared_expert_gate_sigmoid-28"
29,78,ADD,0,2,0,2053,"ffn_out-28","ffn_moe_out-28","ffn_shexp_gated-28"
29,152,RMS_NORM,0,0,2,3649,"norm-29","attn_output-29",""
30,5,MUL_MAT,0,311,1,618,"linear_attn_out-29","blk.29.ssm_out.weight","final_output-29"
30,34,SCALE,0,0,3,858,"ffn_moe_inp-29","node_4885",""
30,38,ARGSORT,0,22,1,983,"ffn_moe_argsort-29","ffn_moe_probs-29",""
30,70,ADD,0,1,1,1628,"ffn_moe_out-29","node_4921","ffn_moe_weighted-29 (view)"
30,74,MUL_MAT,0,34,1,1737,"ffn_shexp-29","blk.29.ffn_down_shexp.weight","ffn_swiglu-29"
30,77,MUL,0,4,0,1747,"ffn_shexp_gated-29","ffn_shexp-29","shared_expert_gate_sigmoid-29"
30,78,ADD,0,2,0,1749,"ffn_out-29","ffn_moe_out-29","ffn_shexp_gated-29"
30,152,RMS_NORM,0,1,1,3362,"norm-30","attn_output-30",""
31,5,MUL_MAT,0,310,9,625,"linear_attn_out-30","blk.30.ssm_out.weight","final_output-30"
31,34,SCALE,0,1,6,898,"ffn_moe_inp-30","node_5039",""
31,38,ARGSORT,0,21,1,1034,"ffn_moe_argsort-30","ffn_moe_probs-30",""
31,70,ADD,0,2,0,1808,"ffn_moe_out-30","node_5075","ffn_moe_weighted-30 (view)"
31,74,MUL_MAT,0,35,2,1927,"ffn_shexp-30","blk.30.ffn_down_shexp.weight","ffn_swiglu-30"
31,77,MUL,0,3,0,1937,"ffn_shexp_gated-30","ffn_shexp-30","shared_expert_gate_sigmoid-30"
31,78,ADD,0,2,0,1939,"ffn_out-30","ffn_moe_out-30","ffn_shexp_gated-30"
31,151,RMS_NORM,0,8,1,2936,"norm-31","indexer_k_pooled-31 (reshaped)",""
32,38,MUL_MAT,0,301,8,553,"attn_output-31","blk.31.attn_output.weight","attn_gated-31"
32,66,SCALE,0,1,1,809,"ffn_moe_inp-31","node_5226",""
32,70,ARGSORT,0,19,108,1083,"ffn_moe_argsort-31","ffn_moe_probs-31",""
32,102,ADD,0,1,2,2156,"ffn_moe_out-31","node_5262","ffn_moe_weighted-31 (view)"
32,106,MUL_MAT,0,20,17,2278,"ffn_shexp-31","blk.31.ffn_down_shexp.weight","ffn_swiglu-31"
32,109,MUL,0,1,0,2286,"ffn_shexp_gated-31","ffn_shexp-31","shared_expert_gate_sigmoid-31"
32,110,ADD,0,0,2,2289,"ffn_out-31","ffn_moe_out-31","ffn_shexp_gated-31"
32,184,RMS_NORM,0,1,12,3600,"norm-32","attn_output-32",""
33,5,MUL_MAT,0,171,152,638,"linear_attn_out-32","blk.32.ssm_out.weight","final_output-32"
33,34,SCALE,0,0,2,878,"ffn_moe_inp-32","node_5380",""
33,38,ARGSORT,0,18,1,1002,"ffn_moe_argsort-32","ffn_moe_probs-32",""
33,70,ADD,0,1,1,1642,"ffn_moe_out-32","node_5416","ffn_moe_weighted-32 (view)"
33,74,MUL_MAT,0,18,26,1761,"ffn_shexp-32","blk.32.ffn_down_shexp.weight","ffn_swiglu-32"
33,77,MUL,0,2,0,1770,"ffn_shexp_gated-32","ffn_shexp-32","shared_expert_gate_sigmoid-32"
33,78,ADD,0,1,1,1772,"ffn_out-32","ffn_moe_out-32","ffn_shexp_gated-32"
33,152,RMS_NORM,0,1,6,3002,"norm-33","attn_output-33",""
34,5,MUL_MAT,0,247,90,678,"linear_attn_out-33","blk.33.ssm_out.weight","final_output-33"
34,34,SCALE,0,0,2,939,"ffn_moe_inp-33","node_5534",""
34,38,ARGSORT,0,18,1,1068,"ffn_moe_argsort-33","ffn_moe_probs-33",""
34,70,ADD,0,1,1,2231,"ffn_moe_out-33","node_5570","ffn_moe_weighted-33 (view)"
34,74,MUL_MAT,0,30,11,2359,"ffn_shexp-33","blk.33.ffn_down_shexp.weight","ffn_swiglu-33"
34,77,MUL,0,2,0,2367,"ffn_shexp_gated-33","ffn_shexp-33","shared_expert_gate_sigmoid-33"
34,78,ADD,0,1,0,2369,"ffn_out-33","ffn_moe_out-33","ffn_shexp_gated-33"
34,152,RMS_NORM,0,1,1,3629,"norm-34","attn_output-34",""
35,5,MUL_MAT,0,272,48,644,"linear_attn_out-34","blk.34.ssm_out.weight","final_output-34"
35,34,SCALE,0,0,4,947,"ffn_moe_inp-34","node_5688",""
35,38,ARGSORT,0,21,1,1076,"ffn_moe_argsort-34","ffn_moe_probs-34",""
35,70,ADD,0,2,0,1817,"ffn_moe_out-34","node_5724","ffn_moe_weighted-34 (view)"
35,74,MUL_MAT,0,32,6,1951,"ffn_shexp-34","blk.34.ffn_down_shexp.weight","ffn_swiglu-34"
35,77,MUL,0,2,0,1959,"ffn_shexp_gated-34","ffn_shexp-34","shared_expert_gate_sigmoid-34"
35,78,ADD,0,1,1,1962,"ffn_out-34","ffn_moe_out-34","ffn_shexp_gated-34"
35,151,RMS_NORM,0,8,1,3186,"norm-35","indexer_k_pooled-35 (reshaped)",""
36,38,MUL_MAT,0,320,60,611,"attn_output-35","blk.35.attn_output.weight","attn_gated-35"
36,66,SCALE,0,0,10,859,"ffn_moe_inp-35","node_5875",""
36,70,ARGSORT,0,22,1,983,"ffn_moe_argsort-35","ffn_moe_probs-35",""
36,102,ADD,0,2,0,1614,"ffn_moe_out-35","node_5911","ffn_moe_weighted-35 (view)"
36,106,MUL_MAT,0,33,1,1725,"ffn_shexp-35","blk.35.ffn_down_shexp.weight","ffn_swiglu-35"
36,109,MUL,0,3,1,1734,"ffn_shexp_gated-35","ffn_shexp-35","shared_expert_gate_sigmoid-35"
36,110,ADD,0,2,0,1736,"ffn_out-35","ffn_moe_out-35","ffn_shexp_gated-35"
36,184,RMS_NORM,0,1,0,3457,"norm-36","attn_output-36",""
37,5,MUL_MAT,0,312,8,620,"linear_attn_out-36","blk.36.ssm_out.weight","final_output-36"
37,34,SCALE,0,1,5,881,"ffn_moe_inp-36","node_6029",""
37,38,ARGSORT,0,21,1,1019,"ffn_moe_argsort-36","ffn_moe_probs-36",""
37,70,ADD,0,1,1,1677,"ffn_moe_out-36","node_6065","ffn_moe_weighted-36 (view)"
37,74,MUL_MAT,0,35,0,1791,"ffn_shexp-36","blk.36.ffn_down_shexp.weight","ffn_swiglu-36"
37,77,MUL,0,3,0,1805,"ffn_shexp_gated-36","ffn_shexp-36","shared_expert_gate_sigmoid-36"
37,78,ADD,0,1,0,1807,"ffn_out-36","ffn_moe_out-36","ffn_shexp_gated-36"
37,152,RMS_NORM,0,1,1,3465,"norm-37","attn_output-37",""
38,5,MUL_MAT,0,330,5,671,"linear_attn_out-37","blk.37.ssm_out.weight","final_output-37"
38,34,SCALE,0,0,2,986,"ffn_moe_inp-37","node_6183",""
38,38,ARGSORT,0,22,0,1204,"ffn_moe_argsort-37","ffn_moe_probs-37",""
38,70,ADD,0,1,1,1918,"ffn_moe_out-37","node_6219","ffn_moe_weighted-37 (view)"
38,74,MUL_MAT,0,28,8,2043,"ffn_shexp-37","blk.37.ffn_down_shexp.weight","ffn_swiglu-37"
38,77,MUL,0,2,1,2052,"ffn_shexp_gated-37","ffn_shexp-37","shared_expert_gate_sigmoid-37"
38,78,ADD,0,1,1,2054,"ffn_out-37","ffn_moe_out-37","ffn_shexp_gated-37"
38,152,RMS_NORM,0,0,2,3326,"norm-38","attn_output-38",""
39,5,MUL_MAT,0,281,41,645,"linear_attn_out-38","blk.38.ssm_out.weight","final_output-38"
39,34,SCALE,0,0,2,972,"ffn_moe_inp-38","node_6337",""
39,38,ARGSORT,0,20,0,1110,"ffn_moe_argsort-38","ffn_moe_probs-38",""
39,70,ADD,0,1,1,1890,"ffn_moe_out-38","node_6373","ffn_moe_weighted-38 (view)"
39,74,MUL_MAT,0,38,5,2025,"ffn_shexp-38","blk.38.ffn_down_shexp.weight","ffn_swiglu-38"
39,77,MUL,0,3,1,2041,"ffn_shexp_gated-38","ffn_shexp-38","shared_expert_gate_sigmoid-38"
39,78,ADD,0,1,0,2043,"ffn_out-38","ffn_moe_out-38","ffn_shexp_gated-38"
39,87,ADD,0,2,1,2081,"l_last-38","hc_combine-38","node_6390"
40,0,GET_ROWS,0,4,1,5,"model.input_embed","token_embd.weight","inp_tokens"
40,69,RMS_NORM,0,1,9,1584,"norm-0","attn_output-0",""
41,5,MUL_MAT,0,324,9,659,"linear_attn_out-0","blk.0.ssm_out.weight","final_output-0"
41,34,SCALE,0,0,3,930,"ffn_moe_inp-0","node_104",""
41,38,ARGSORT,0,23,0,1061,"ffn_moe_argsort-0","ffn_moe_probs-0",""
41,70,ADD,0,2,1,1755,"ffn_moe_out-0","node_140","ffn_moe_weighted-0 (view)"
41,93,MUL_MAT,0,34,3,2809,"ffn_shexp-0","blk.0.ffn_down_shexp.weight","ffn_swiglu-0"
41,96,MUL,0,3,1,2820,"ffn_shexp_gated-0","ffn_shexp-0","shared_expert_gate_sigmoid-0"
41,97,ADD,0,1,3,2824,"ffn_out-0","ffn_moe_out-0","ffn_shexp_gated-0"
41,236,RMS_NORM,0,0,1,5093,"norm-1","attn_output-1",""
42,5,MUL_MAT,0,333,1,656,"linear_attn_out-1","blk.1.ssm_out.weight","final_output-1"
42,34,SCALE,0,0,2,929,"ffn_moe_inp-1","node_342",""
42,38,ARGSORT,0,23,1,1059,"ffn_moe_argsort-1","ffn_moe_probs-1",""
42,70,ADD,0,1,1,2372,"ffn_moe_out-1","node_378","ffn_moe_weighted-1 (view)"
42,74,MUL_MAT,0,34,2,2486,"ffn_shexp-1","blk.1.ffn_down_shexp.weight","ffn_swiglu-1"
42,77,MUL,0,4,0,2496,"ffn_shexp_gated-1","ffn_shexp-1","shared_expert_gate_sigmoid-1"
42,78,ADD,0,2,0,2498,"ffn_out-1","ffn_moe_out-1","ffn_shexp_gated-1"
42,152,RMS_NORM,0,0,1,4249,"norm-2","attn_output-2",""
43,5,MUL_MAT,0,303,14,622,"linear_attn_out-2","blk.2.ssm_out.weight","final_output-2"
43,34,SCALE,0,0,6,869,"ffn_moe_inp-2","node_496",""
43,38,ARGSORT,0,23,1,1001,"ffn_moe_argsort-2","ffn_moe_probs-2",""
43,70,ADD,0,1,1,1836,"ffn_moe_out-2","node_532","ffn_moe_weighted-2 (view)"
43,74,MUL_MAT,0,35,10,1958,"ffn_shexp-2","blk.2.ffn_down_shexp.weight","ffn_swiglu-2"
43,77,MUL,0,3,0,1969,"ffn_shexp_gated-2","ffn_shexp-2","shared_expert_gate_sigmoid-2"
43,78,ADD,0,2,0,1972,"ffn_out-2","ffn_moe_out-2","ffn_shexp_gated-2"
43,151,RMS_NORM,0,8,0,3119,"norm-3","indexer_k_pooled-3 (reshaped)",""
44,38,MUL_MAT,0,323,13,556,"attn_output-3","blk.3.attn_output.weight","attn_gated-3"
44,66,SCALE,0,0,2,809,"ffn_moe_inp-3","node_683",""
44,70,ARGSORT,0,21,1,937,"ffn_moe_argsort-3","ffn_moe_probs-3",""
44,102,ADD,0,1,0,2369,"ffn_moe_out-3","node_719","ffn_moe_weighted-3 (view)"
44,106,MUL_MAT,0,33,1,2477,"ffn_shexp-3","blk.3.ffn_down_shexp.weight","ffn_swiglu-3"
44,109,MUL,0,3,0,2486,"ffn_shexp_gated-3","ffn_shexp-3","shared_expert_gate_sigmoid-3"
44,110,ADD,0,2,0,2488,"ffn_out-3","ffn_moe_out-3","ffn_shexp_gated-3"
44,184,RMS_NORM,0,0,1,4013,"norm-4","attn_output-4",""
45,5,MUL_MAT,0,306,12,620,"linear_attn_out-4","blk.4.ssm_out.weight","final_output-4"
45,34,SCALE,0,0,2,880,"ffn_moe_inp-4","node_837",""
45,38,ARGSORT,0,22,1,1014,"ffn_moe_argsort-4","ffn_moe_probs-4",""
45,70,ADD,0,1,0,1886,"ffn_moe_out-4","node_873","ffn_moe_weighted-4 (view)"
45,74,MUL_MAT,0,32,7,2016,"ffn_shexp-4","blk.4.ffn_down_shexp.weight","ffn_swiglu-4"
45,77,MUL,0,2,0,2025,"ffn_shexp_gated-4","ffn_shexp-4","shared_expert_gate_sigmoid-4"
45,78,ADD,0,1,0,2027,"ffn_out-4","ffn_moe_out-4","ffn_shexp_gated-4"
45,152,RMS_NORM,0,1,1,3334,"norm-5","attn_output-5",""
46,5,MUL_MAT,0,161,162,637,"linear_attn_out-5","blk.5.ssm_out.weight","final_output-5"
46,34,SCALE,0,0,2,877,"ffn_moe_inp-5","node_991",""
46,38,ARGSORT,0,18,0,997,"ffn_moe_argsort-5","ffn_moe_probs-5",""
46,70,ADD,0,1,1,1634,"ffn_moe_out-5","node_1027","ffn_moe_weighted-5 (view)"
46,74,MUL_MAT,0,18,18,1746,"ffn_shexp-5","blk.5.ffn_down_shexp.weight","ffn_swiglu-5"
46,77,MUL,0,2,0,1754,"ffn_shexp_gated-5","ffn_shexp-5","shared_expert_gate_sigmoid-5"
46,78,ADD,0,0,1,1756,"ffn_out-5","ffn_moe_out-5","ffn_shexp_gated-5"
46,152,RMS_NORM,0,0,2,3018,"norm-6","attn_output-6",""
47,5,MUL_MAT,0,212,143,698,"linear_attn_out-6","blk.6.ssm_out.weight","final_output-6"
47,34,SCALE,0,0,2,935,"ffn_moe_inp-6","node_1145",""
47,38,ARGSORT,0,19,0,1060,"ffn_moe_argsort-6","ffn_moe_probs-6",""
47,70,ADD,0,0,1,1821,"ffn_moe_out-6","node_1181","ffn_moe_weighted-6 (view)"
47,74,MUL_MAT,0,18,20,1936,"ffn_shexp-6","blk.6.ffn_down_shexp.weight","ffn_swiglu-6"
47,77,MUL,0,2,0,1947,"ffn_shexp_gated-6","ffn_shexp-6","shared_expert_gate_sigmoid-6"
47,78,ADD,0,1,2,1950,"ffn_out-6","ffn_moe_out-6","ffn_shexp_gated-6"
47,151,RMS_NORM,0,3,0,2941,"norm-7","indexer_k_pooled-7 (reshaped)",""
48,38,MUL_MAT,0,165,144,541,"attn_output-7","blk.7.attn_output.weight","attn_gated-7"
48,66,SCALE,0,0,1,766,"ffn_moe_inp-7","node_1332",""
48,70,ARGSORT,0,18,0,887,"ffn_moe_argsort-7","ffn_moe_probs-7",""
48,102,ADD,0,1,0,2023,"ffn_moe_out-7","node_1368","ffn_moe_weighted-7 (view)"
48,106,MUL_MAT,0,21,15,2145,"ffn_shexp-7","blk.7.ffn_down_shexp.weight","ffn_swiglu-7"
48,109,MUL,0,2,8,2162,"ffn_shexp_gated-7","ffn_shexp-7","shared_expert_gate_sigmoid-7"
48,110,ADD,0,1,1,2164,"ffn_out-7","ffn_moe_out-7","ffn_shexp_gated-7"
48,184,RMS_NORM,0,1,2,3418,"norm-8","attn_output-8",""
49,5,MUL_MAT,0,168,150,620,"linear_attn_out-8","blk.8.ssm_out.weight","final_output-8"
49,34,SCALE,0,0,2,861,"ffn_moe_inp-8","node_1486",""
49,38,ARGSORT,0,21,0,1090,"ffn_moe_argsort-8","ffn_moe_probs-8",""
49,70,ADD,0,2,0,1880,"ffn_moe_out-8","node_1522","ffn_moe_weighted-8 (view)"
49,74,MUL_MAT,0,39,6,2046,"ffn_shexp-8","blk.8.ffn_down_shexp.weight","ffn_swiglu-8"
49,77,MUL,0,3,7,2072,"ffn_shexp_gated-8","ffn_shexp-8","shared_expert_gate_sigmoid-8"
49,78,ADD,0,2,1,2075,"ffn_out-8","ffn_moe_out-8","ffn_shexp_gated-8"
49,152,RMS_NORM,0,0,9,3907,"norm-9","attn_output-9",""
50,5,MUL_MAT,0,311,2,609,"linear_attn_out-9","blk.9.ssm_out.weight","final_output-9"
50,34,SCALE,0,0,1,878,"ffn_moe_inp-9","node_1640",""
50,38,ARGSORT,0,23,1,1005,"ffn_moe_argsort-9","ffn_moe_probs-9",""
50,70,ADD,0,1,1,1643,"ffn_moe_out-9","node_1676","ffn_moe_weighted-9 (view)"
50,74,MUL_MAT,0,34,7,1768,"ffn_shexp-9","blk.9.ffn_down_shexp.weight","ffn_swiglu-9"
50,77,MUL,0,3,1,1779,"ffn_shexp_gated-9","ffn_shexp-9","shared_expert_gate_sigmoid-9"
50,78,ADD,0,1,1,1781,"ffn_out-9","ffn_moe_out-9","ffn_shexp_gated-9"
50,152,RMS_NORM,0,1,1,3555,"norm-10","attn_output-10",""
51,5,MUL_MAT,0,291,25,622,"linear_attn_out-10","blk.10.ssm_out.weight","final_output-10"
51,34,SCALE,0,0,11,886,"ffn_moe_inp-10","node_1794",""
51,38,ARGSORT,0,23,0,1019,"ffn_moe_argsort-10","ffn_moe_probs-10",""
51,70,ADD,0,1,1,1661,"ffn_moe_out-10","node_1830","ffn_moe_weighted-10 (view)"
51,74,MUL_MAT,0,31,8,1774,"ffn_shexp-10","blk.10.ffn_down_shexp.weight","ffn_swiglu-10"
51,77,MUL,0,3,5,1795,"ffn_shexp_gated-10","ffn_shexp-10","shared_expert_gate_sigmoid-10"
51,78,ADD,0,2,0,1797,"ffn_out-10","ffn_moe_out-10","ffn_shexp_gated-10"
51,151,RMS_NORM,0,8,1,2966,"norm-11","indexer_k_pooled-11 (reshaped)",""
52,38,MUL_MAT,0,303,22,555,"attn_output-11","blk.11.attn_output.weight","attn_gated-11"
52,66,SCALE,0,0,2,809,"ffn_moe_inp-11","node_1981",""
52,70,ARGSORT,0,36,0,951,"ffn_moe_argsort-11","ffn_moe_probs-11",""
52,102,ADD,0,2,0,1652,"ffn_moe_out-11","node_2017","ffn_moe_weighted-11 (view)"
52,106,MUL_MAT,0,32,1,1779,"ffn_shexp-11","blk.11.ffn_down_shexp.weight","ffn_swiglu-11"
52,109,MUL,0,3,0,1788,"ffn_shexp_gated-11","ffn_shexp-11","shared_expert_gate_sigmoid-11"
52,110,ADD,0,2,0,1790,"ffn_out-11","ffn_moe_out-11","ffn_shexp_gated-11"
52,184,RMS_NORM,0,1,0,3349,"norm-12","attn_output-12",""
53,5,MUL_MAT,0,318,1,668,"linear_attn_out-12","blk.12.ssm_out.weight","final_output-12"
53,34,SCALE,0,1,1,916,"ffn_moe_inp-12","node_2135",""
53,38,ARGSORT,0,22,0,1048,"ffn_moe_argsort-12","ffn_moe_probs-12",""
53,70,ADD,0,2,0,1722,"ffn_moe_out-12","node_2171","ffn_moe_weighted-12 (view)"
53,74,MUL_MAT,0,38,2,1856,"ffn_shexp-12","blk.12.ffn_down_shexp.weight","ffn_swiglu-12"
53,77,MUL,0,3,1,1866,"ffn_shexp_gated-12","ffn_shexp-12","shared_expert_gate_sigmoid-12"
53,78,ADD,0,1,1,1868,"ffn_out-12","ffn_moe_out-12","ffn_shexp_gated-12"
53,152,RMS_NORM,0,1,0,3531,"norm-13","attn_output-13",""
54,5,MUL_MAT,0,297,14,611,"linear_attn_out-13","blk.13.ssm_out.weight","final_output-13"
54,34,SCALE,0,0,2,850,"ffn_moe_inp-13","node_2289",""
54,38,ARGSORT,0,23,0,973,"ffn_moe_argsort-13","ffn_moe_probs-13",""
54,70,ADD,0,2,0,2124,"ffn_moe_out-13","node_2325","ffn_moe_weighted-13 (view)"
54,74,MUL_MAT,0,35,3,2238,"ffn_shexp-13","blk.13.ffn_down_shexp.weight","ffn_swiglu-13"
54,77,MUL,0,3,1,2249,"ffn_shexp_gated-13","ffn_shexp-13","shared_expert_gate_sigmoid-13"
54,78,ADD,0,1,7,2257,"ffn_out-13","ffn_moe_out-13","ffn_shexp_gated-13"
54,152,RMS_NORM,0,1,1,3971,"norm-14","attn_output-14",""
55,5,MUL_MAT,0,301,109,718,"linear_attn_out-14","blk.14.ssm_out.weight","final_output-14"
55,34,SCALE,0,0,1,971,"ffn_moe_inp-14","node_2443",""
55,38,ARGSORT,0,22,0,1100,"ffn_moe_argsort-14","ffn_moe_probs-14",""
55,70,ADD,0,1,1,1751,"ffn_moe_out-14","node_2479","ffn_moe_weighted-14 (view)"
55,74,MUL_MAT,0,33,5,1864,"ffn_shexp-14","blk.14.ffn_down_shexp.weight","ffn_swiglu-14"
55,77,MUL,0,3,0,1873,"ffn_shexp_gated-14","ffn_shexp-14","shared_expert_gate_sigmoid-14"
55,78,ADD,0,1,0,1875,"ffn_out-14","ffn_moe_out-14","ffn_shexp_gated-14"
55,151,RMS_NORM,0,9,1,2894,"norm-15","indexer_k_pooled-15 (reshaped)",""
56,38,MUL_MAT,0,326,7,553,"attn_output-15","blk.15.attn_output.weight","attn_gated-15"
56,66,SCALE,0,1,1,862,"ffn_moe_inp-15","node_2630",""
56,70,ARGSORT,0,21,0,990,"ffn_moe_argsort-15","ffn_moe_probs-15",""
56,102,ADD,0,2,0,2187,"ffn_moe_out-15","node_2666","ffn_moe_weighted-15 (view)"
56,106,MUL_MAT,0,37,4,2300,"ffn_shexp-15","blk.15.ffn_down_shexp.weight","ffn_swiglu-15"
56,109,MUL,0,3,0,2310,"ffn_shexp_gated-15","ffn_shexp-15","shared_expert_gate_sigmoid-15"
56,110,ADD,0,1,0,2312,"ffn_out-15","ffn_moe_out-15","ffn_shexp_gated-15"
56,184,RMS_NORM,0,1,2,3888,"norm-16","attn_output-16",""
57,5,MUL_MAT,0,326,1,637,"linear_attn_out-16","blk.16.ssm_out.weight","final_output-16"
57,34,SCALE,0,1,1,958,"ffn_moe_inp-16","node_2784",""
57,38,ARGSORT,0,23,0,1091,"ffn_moe_argsort-16","ffn_moe_probs-16",""
57,70,ADD,0,2,0,1821,"ffn_moe_out-16","node_2820","ffn_moe_weighted-16 (view)"
57,74,MUL_MAT,0,36,8,1948,"ffn_shexp-16","blk.16.ffn_down_shexp.weight","ffn_swiglu-16"
57,77,MUL,0,3,0,1958,"ffn_shexp_gated-16","ffn_shexp-16","shared_expert_gate_sigmoid-16"
57,78,ADD,0,2,0,1960,"ffn_out-16","ffn_moe_out-16","ffn_shexp_gated-16"
57,152,RMS_NORM,0,0,1,3545,"norm-17","attn_output-17",""
58,5,MUL_MAT,0,309,1,618,"linear_attn_out-17","blk.17.ssm_out.weight","final_output-17"
58,34,SCALE,0,0,1,867,"ffn_moe_inp-17","node_2938",""
58,38,ARGSORT,0,22,11,1005,"ffn_moe_argsort-17","ffn_moe_probs-17",""
58,70,ADD,0,1,9,1681,"ffn_moe_out-17","node_2974","ffn_moe_weighted-17 (view)"
58,74,MUL_MAT,0,36,1,1800,"ffn_shexp-17","blk.17.ffn_down_shexp.weight","ffn_swiglu-17"
58,77,MUL,0,3,1,1809,"ffn_shexp_gated-17","ffn_shexp-17","shared_expert_gate_sigmoid-17"
58,78,ADD,0,2,0,1811,"ffn_out-17","ffn_moe_out-17","ffn_shexp_gated-17"
58,152,RMS_NORM,0,0,1,3477,"norm-18","attn_output-18",""
59,5,MUL_MAT,0,316,1,636,"linear_attn_out-18","blk.18.ssm_out.weight","final_output-18"
59,34,SCALE,0,0,2,865,"ffn_moe_inp-18","node_3092",""
59,38,ARGSORT,0,22,0,994,"ffn_moe_argsort-18","ffn_moe_probs-18",""
59,70,ADD,0,1,1,2253,"ffn_moe_out-18","node_3128","ffn_moe_weighted-18 (view)"
59,74,MUL_MAT,0,36,2,2376,"ffn_shexp-18","blk.18.ffn_down_shexp.weight","ffn_swiglu-18"
59,77,MUL,0,3,0,2385,"ffn_shexp_gated-18","ffn_shexp-18","shared_expert_gate_sigmoid-18"
59,78,ADD,0,2,7,2394,"ffn_out-18","ffn_moe_out-18","ffn_shexp_gated-18"
59,151,RMS_NORM,0,8,0,3645,"norm-19","indexer_k_pooled-19 (reshaped)",""
60,38,MUL_MAT,0,302,20,603,"attn_output-19","blk.19.attn_output.weight","attn_gated-19"
60,66,SCALE,0,0,1,859,"ffn_moe_inp-19","node_3279",""
60,70,ARGSORT,0,23,0,984,"ffn_moe_argsort-19","ffn_moe_probs-19",""
60,102,ADD,0,1,1,1642,"ffn_moe_out-19","node_3315","ffn_moe_weighted-19 (view)"
60,106,MUL_MAT,0,31,5,1751,"ffn_shexp-19","blk.19.ffn_down_shexp.weight","ffn_swiglu-19"
60,109,MUL,0,3,0,1784,"ffn_shexp_gated-19","ffn_shexp-19","shared_expert_gate_sigmoid-19"
60,110,ADD,0,2,0,1786,"ffn_out-19","ffn_moe_out-19","ffn_shexp_gated-19"
60,184,RMS_NORM,0,1,0,3307,"norm-20","attn_output-20",""
61,5,MUL_MAT,0,321,18,664,"linear_attn_out-20","blk.20.ssm_out.weight","final_output-20"
61,34,SCALE,0,0,2,936,"ffn_moe_inp-20","node_3433",""
61,38,ARGSORT,0,21,1,1070,"ffn_moe_argsort-20","ffn_moe_probs-20",""
61,70,ADD,0,1,1,1864,"ffn_moe_out-20","node_3469","ffn_moe_weighted-20 (view)"
61,74,MUL_MAT,0,20,16,1977,"ffn_shexp-20","blk.20.ffn_down_shexp.weight","ffn_swiglu-20"
61,77,MUL,0,2,1,1998,"ffn_shexp_gated-20","ffn_shexp-20","shared_expert_gate_sigmoid-20"
61,78,ADD,0,1,1,2000,"ffn_out-20","ffn_moe_out-20","ffn_shexp_gated-20"
61,152,RMS_NORM,0,0,1,3215,"norm-21","attn_output-21",""
62,5,MUL_MAT,0,174,153,648,"linear_attn_out-21","blk.21.ssm_out.weight","final_output-21"
62,34,SCALE,0,1,1,890,"ffn_moe_inp-21","node_3587",""
62,38,ARGSORT,0,17,1,1009,"ffn_moe_argsort-21","ffn_moe_probs-21",""
62,70,ADD,0,2,0,1888,"ffn_moe_out-21","node_3623","ffn_moe_weighted-21 (view)"
62,74,MUL_MAT,0,36,1,2012,"ffn_shexp-21","blk.21.ffn_down_shexp.weight","ffn_swiglu-21"
62,77,MUL,0,3,0,2025,"ffn_shexp_gated-21","ffn_shexp-21","shared_expert_gate_sigmoid-21"
62,78,ADD,0,1,0,2027,"ffn_out-21","ffn_moe_out-21","ffn_shexp_gated-21"
62,152,RMS_NORM,0,0,1,3697,"norm-22","attn_output-22",""
63,5,MUL_MAT,0,300,15,628,"linear_attn_out-22","blk.22.ssm_out.weight","final_output-22"
63,34,SCALE,0,0,2,872,"ffn_moe_inp-22","node_3741",""
63,38,ARGSORT,0,22,0,996,"ffn_moe_argsort-22","ffn_moe_probs-22",""
63,70,ADD,0,2,0,1638,"ffn_moe_out-22","node_3777","ffn_moe_weighted-22 (view)"
63,74,MUL_MAT,0,46,2,1764,"ffn_shexp-22","blk.22.ffn_down_shexp.weight","ffn_swiglu-22"
63,77,MUL,0,3,0,1777,"ffn_shexp_gated-22","ffn_shexp-22","shared_expert_gate_sigmoid-22"
63,78,ADD,0,2,10,1789,"ffn_out-22","ffn_moe_out-22","ffn_shexp_gated-22"
63,151,RMS_NORM,0,8,1,2824,"norm-23","indexer_k_pooled-23 (reshaped)",""
64,38,MUL_MAT,0,327,11,544,"attn_output-23","blk.23.attn_output.weight","attn_gated-23"
64,66,SCALE,0,0,1,814,"ffn_moe_inp-23","node_3928",""
64,70,ARGSORT,0,22,0,939,"ffn_moe_argsort-23","ffn_moe_probs-23",""
64,102,ADD,0,2,0,2270,"ffn_moe_out-23","node_3964","ffn_moe_weighted-23 (view)"
64,106,MUL_MAT,0,34,5,2405,"ffn_shexp-23","blk.23.ffn_down_shexp.weight","ffn_swiglu-23"
64,109,MUL,0,3,0,2415,"ffn_shexp_gated-23","ffn_shexp-23","shared_expert_gate_sigmoid-23"
64,110,ADD,0,1,1,2418,"ffn_out-23","ffn_moe_out-23","ffn_shexp_gated-23"
64,184,RMS_NORM,0,1,0,3974,"norm-24","attn_output-24",""
65,5,MUL_MAT,0,303,25,643,"linear_attn_out-24","blk.24.ssm_out.weight","final_output-24"
65,34,SCALE,0,1,1,916,"ffn_moe_inp-24","node_4082",""
65,38,ARGSORT,0,22,1,1056,"ffn_moe_argsort-24","ffn_moe_probs-24",""
65,70,ADD,0,2,11,1769,"ffn_moe_out-24","node_4118","ffn_moe_weighted-24 (view)"
65,74,MUL_MAT,0,44,2,1915,"ffn_shexp-24","blk.24.ffn_down_shexp.weight","ffn_swiglu-24"
65,77,MUL,0,3,1,1926,"ffn_shexp_gated-24","ffn_shexp-24","shared_expert_gate_sigmoid-24"
65,78,ADD,0,2,4,1932,"ffn_out-24","ffn_moe_out-24","ffn_shexp_gated-24"
65,152,RMS_NORM,0,0,1,3523,"norm-25","attn_output-25",""
66,5,MUL_MAT,0,310,81,696,"linear_attn_out-25","blk.25.ssm_out.weight","final_output-25"
66,34,SCALE,0,0,2,937,"ffn_moe_inp-25","node_4236",""
66,38,ARGSORT,0,21,1,1070,"ffn_moe_argsort-25","ffn_moe_probs-25",""
66,70,ADD,0,1,0,2109,"ffn_moe_out-25","node_4272","ffn_moe_weighted-25 (view)"
66,74,MUL_MAT,0,35,2,2234,"ffn_shexp-25","blk.25.ffn_down_shexp.weight","ffn_swiglu-25"
66,77,MUL,0,3,0,2244,"ffn_shexp_gated-25","ffn_shexp-25","shared_expert_gate_sigmoid-25"
66,78,ADD,0,1,17,2263,"ffn_out-25","ffn_moe_out-25","ffn_shexp_gated-25"
66,152,RMS_NORM,0,1,2,3613,"norm-26","attn_output-26",""
67,5,MUL_MAT,0,257,63,636,"linear_attn_out-26","blk.26.ssm_out.weight","final_output-26"
67,34,SCALE,0,0,0,877,"ffn_moe_inp-26","node_4390",""
67,38,ARGSORT,0,21,0,1000,"ffn_moe_argsort-26","ffn_moe_probs-26",""
67,70,ADD,0,1,0,1649,"ffn_moe_out-26","node_4426","ffn_moe_weighted-26 (view)"
67,74,MUL_MAT,0,29,7,1768,"ffn_shexp-26","blk.26.ffn_down_shexp.weight","ffn_swiglu-26"
67,77,MUL,0,2,0,1781,"ffn_shexp_gated-26","ffn_shexp-26","shared_expert_gate_sigmoid-26"
67,78,ADD,0,1,1,1783,"ffn_out-26","ffn_moe_out-26","ffn_shexp_gated-26"
67,151,RMS_NORM,0,5,0,2778,"norm-27","indexer_k_pooled-27 (reshaped)",""
68,38,MUL_MAT,0,257,99,569,"attn_output-27","blk.27.attn_output.weight","attn_gated-27"
68,66,SCALE,0,0,1,806,"ffn_moe_inp-27","node_4577",""
68,70,ARGSORT,0,22,0,934,"ffn_moe_argsort-27","ffn_moe_probs-27",""
68,102,ADD,0,1,1,1664,"ffn_moe_out-27","node_4613","ffn_moe_weighted-27 (view)"
68,106,MUL_MAT,0,33,2,1784,"ffn_shexp-27","blk.27.ffn_down_shexp.weight","ffn_swiglu-27"
68,109,MUL,0,3,0,1795,"ffn_shexp_gated-27","ffn_shexp-27","shared_expert_gate_sigmoid-27"
68,110,ADD,0,2,0,1797,"ffn_out-27","ffn_moe_out-27","ffn_shexp_gated-27"
68,184,RMS_NORM,0,0,1,3383,"norm-28","attn_output-28",""
69,5,MUL_MAT,0,305,3,600,"linear_attn_out-28","blk.28.ssm_out.weight","final_output-28"
69,34,SCALE,0,0,1,944,"ffn_moe_inp-28","node_4731",""
69,38,ARGSORT,0,22,1,1090,"ffn_moe_argsort-28","ffn_moe_probs-28",""
69,70,ADD,0,1,1,2322,"ffn_moe_out-28","node_4767","ffn_moe_weighted-28 (view)"
69,74,MUL_MAT,0,35,2,2438,"ffn_shexp-28","blk.28.ffn_down_shexp.weight","ffn_swiglu-28"
69,77,MUL,0,4,0,2449,"ffn_shexp_gated-28","ffn_shexp-28","shared_expert_gate_sigmoid-28"
69,78,ADD,0,1,1,2451,"ffn_out-28","ffn_moe_out-28","ffn_shexp_gated-28"
69,152,RMS_NORM,0,0,2,4223,"norm-29","attn_output-29",""
70,5,MUL_MAT,0,300,15,614,"linear_attn_out-29","blk.29.ssm_out.weight","final_output-29"
70,34,SCALE,0,0,2,864,"ffn_moe_inp-29","node_4885",""
70,38,ARGSORT,0,22,1,994,"ffn_moe_argsort-29","ffn_moe_probs-29",""
70,70,ADD,0,2,0,1660,"ffn_moe_out-29","node_4921","ffn_moe_weighted-29 (view)"
70,74,MUL_MAT,0,37,10,1789,"ffn_shexp-29","blk.29.ffn_down_shexp.weight","ffn_swiglu-29"
70,77,MUL,0,3,0,1799,"ffn_shexp_gated-29","ffn_shexp-29","shared_expert_gate_sigmoid-29"
70,78,ADD,0,1,1,1802,"ffn_out-29","ffn_moe_out-29","ffn_shexp_gated-29"
70,152,RMS_NORM,0,1,1,3493,"norm-30","attn_output-30",""
71,5,MUL_MAT,0,313,6,629,"linear_attn_out-30","blk.30.ssm_out.weight","final_output-30"
71,34,SCALE,0,0,2,895,"ffn_moe_inp-30","node_5039",""
71,38,ARGSORT,0,22,1,1023,"ffn_moe_argsort-30","ffn_moe_probs-30",""
71,70,ADD,0,1,1,1792,"ffn_moe_out-30","node_5075","ffn_moe_weighted-30 (view)"
71,74,MUL_MAT,0,34,2,1906,"ffn_shexp-30","blk.30.ffn_down_shexp.weight","ffn_swiglu-30"
71,77,MUL,0,3,0,1916,"ffn_shexp_gated-30","ffn_shexp-30","shared_expert_gate_sigmoid-30"
71,78,ADD,0,2,7,1925,"ffn_out-30","ffn_moe_out-30","ffn_shexp_gated-30"
71,151,RMS_NORM,0,9,0,3217,"norm-31","indexer_k_pooled-31 (reshaped)",""
72,38,MUL_MAT,0,307,0,527,"attn_output-31","blk.31.attn_output.weight","attn_gated-31"
72,66,SCALE,0,1,1,759,"ffn_moe_inp-31","node_5226",""
72,70,ARGSORT,0,21,1,882,"ffn_moe_argsort-31","ffn_moe_probs-31",""
72,102,ADD,0,2,0,1491,"ffn_moe_out-31","node_5262","ffn_moe_weighted-31 (view)"
72,106,MUL_MAT,0,32,11,1622,"ffn_shexp-31","blk.31.ffn_down_shexp.weight","ffn_swiglu-31"
72,109,MUL,0,3,1,1632,"ffn_shexp_gated-31","ffn_shexp-31","shared_expert_gate_sigmoid-31"
72,110,ADD,0,1,1,1634,"ffn_out-31","ffn_moe_out-31","ffn_shexp_gated-31"
72,184,RMS_NORM,0,1,0,3346,"norm-32","attn_output-32",""
73,5,MUL_MAT,0,305,2,615,"linear_attn_out-32","blk.32.ssm_out.weight","final_output-32"
73,34,SCALE,0,0,2,868,"ffn_moe_inp-32","node_5380",""
73,38,ARGSORT,0,22,0,990,"ffn_moe_argsort-32","ffn_moe_probs-32",""
73,70,ADD,0,2,0,2091,"ffn_moe_out-32","node_5416","ffn_moe_weighted-32 (view)"
73,74,MUL_MAT,0,34,0,2199,"ffn_shexp-32","blk.32.ffn_down_shexp.weight","ffn_swiglu-32"
73,77,MUL,0,3,0,2208,"ffn_shexp_gated-32","ffn_shexp-32","shared_expert_gate_sigmoid-32"
73,78,ADD,0,1,8,2218,"ffn_out-32","ffn_moe_out-32","ffn_shexp_gated-32"
73,152,RMS_NORM,0,0,11,3845,"norm-33","attn_output-33",""
74,5,MUL_MAT,0,303,2,632,"linear_attn_out-33","blk.33.ssm_out.weight","final_output-33"
74,34,SCALE,0,1,11,897,"ffn_moe_inp-33","node_5534",""
74,38,ARGSORT,0,22,1,1023,"ffn_moe_argsort-33","ffn_moe_probs-33",""
74,70,ADD,0,1,1,1647,"ffn_moe_out-33","node_5570","ffn_moe_weighted-33 (view)"
74,74,MUL_MAT,0,25,13,1802,"ffn_shexp-33","blk.33.ffn_down_shexp.weight","ffn_swiglu-33"
74,77,MUL,0,2,0,1809,"ffn_shexp_gated-33","ffn_shexp-33","shared_expert_gate_sigmoid-33"
74,78,ADD,0,1,1,1811,"ffn_out-33","ffn_moe_out-33","ffn_shexp_gated-33"
74,152,RMS_NORM,0,0,2,3133,"norm-34","attn_output-34",""
75,5,MUL_MAT,0,296,64,724,"linear_attn_out-34","blk.34.ssm_out.weight","final_output-34"
75,34,SCALE,0,0,1,980,"ffn_moe_inp-34","node_5688",""
75,38,ARGSORT,0,22,0,1116,"ffn_moe_argsort-34","ffn_moe_probs-34",""
75,70,ADD,0,1,1,2427,"ffn_moe_out-34","node_5724","ffn_moe_weighted-34 (view)"
75,74,MUL_MAT,0,19,15,2535,"ffn_shexp-34","blk.34.ffn_down_shexp.weight","ffn_swiglu-34"
75,77,MUL,0,2,0,2552,"ffn_shexp_gated-34","ffn_shexp-34","shared_expert_gate_sigmoid-34"
75,78,ADD,0,1,0,2553,"ffn_out-34","ffn_moe_out-34","ffn_shexp_gated-34"
75,151,RMS_NORM,0,3,1,3518,"norm-35","indexer_k_pooled-35 (reshaped)",""
76,38,MUL_MAT,0,178,209,608,"attn_output-35","blk.35.attn_output.weight","attn_gated-35"
76,66,SCALE,0,1,2,847,"ffn_moe_inp-35","node_5875",""
76,70,ARGSORT,0,18,0,963,"ffn_moe_argsort-35","ffn_moe_probs-35",""
76,102,ADD,0,1,1,1685,"ffn_moe_out-35","node_5911","ffn_moe_weighted-35 (view)"
76,106,MUL_MAT,0,24,11,1820,"ffn_shexp-35","blk.35.ffn_down_shexp.weight","ffn_swiglu-35"
76,109,MUL,0,3,1,1832,"ffn_shexp_gated-35","ffn_shexp-35","shared_expert_gate_sigmoid-35"
76,110,ADD,0,1,0,1834,"ffn_out-35","ffn_moe_out-35","ffn_shexp_gated-35"
76,184,RMS_NORM,0,1,2,3435,"norm-36","attn_output-36",""
77,5,MUL_MAT,0,252,78,640,"linear_attn_out-36","blk.36.ssm_out.weight","final_output-36"
77,34,SCALE,0,0,0,888,"ffn_moe_inp-36","node_6029",""
77,38,ARGSORT,0,22,1,1017,"ffn_moe_argsort-36","ffn_moe_probs-36",""
77,70,ADD,0,2,0,1658,"ffn_moe_out-36","node_6065","ffn_moe_weighted-36 (view)"
77,74,MUL_MAT,0,31,5,1780,"ffn_shexp-36","blk.36.ffn_down_shexp.weight","ffn_swiglu-36"
77,77,MUL,0,1,1,1789,"ffn_shexp_gated-36","ffn_shexp-36","shared_expert_gate_sigmoid-36"
77,78,ADD,0,1,1,1791,"ffn_out-36","ffn_moe_out-36","ffn_shexp_gated-36"
77,152,RMS_NORM,0,0,2,3163,"norm-37","attn_output-37",""
78,5,MUL_MAT,0,214,130,682,"linear_attn_out-37","blk.37.ssm_out.weight","final_output-37"
78,34,SCALE,0,0,2,909,"ffn_moe_inp-37","node_6183",""
78,38,ARGSORT,0,19,0,1039,"ffn_moe_argsort-37","ffn_moe_probs-37",""
78,70,ADD,0,1,1,1757,"ffn_moe_out-37","node_6219","ffn_moe_weighted-37 (view)"
78,74,MUL_MAT,0,21,16,1874,"ffn_shexp-37","blk.37.ffn_down_shexp.weight","ffn_swiglu-37"
78,77,MUL,0,2,0,1882,"ffn_shexp_gated-37","ffn_shexp-37","shared_expert_gate_sigmoid-37"
78,78,ADD,0,1,1,1884,"ffn_out-37","ffn_moe_out-37","ffn_shexp_gated-37"
78,152,RMS_NORM,0,1,2,3119,"norm-38","attn_output-38",""
79,5,MUL_MAT,0,268,65,696,"linear_attn_out-38","blk.38.ssm_out.weight","final_output-38"
79,34,SCALE,0,0,2,999,"ffn_moe_inp-38","node_6337",""
79,38,ARGSORT,0,21,0,1139,"ffn_moe_argsort-38","ffn_moe_probs-38",""
79,70,ADD,0,2,0,1900,"ffn_moe_out-38","node_6373","ffn_moe_weighted-38 (view)"
79,74,MUL_MAT,0,28,12,2037,"ffn_shexp-38","blk.38.ffn_down_shexp.weight","ffn_swiglu-38"
79,77,MUL,0,3,0,2047,"ffn_shexp_gated-38","ffn_shexp-38","shared_expert_gate_sigmoid-38"
79,78,ADD,0,2,0,2049,"ffn_out-38","ffn_moe_out-38","ffn_shexp_gated-38"
79,87,ADD,0,2,0,2077,"l_last-38","hc_combine-38","node_6390"
80,0,GET_ROWS,0,4,13,17,"model.input_embed","token_embd.weight","inp_tokens"
80,69,RMS_NORM,0,1,2,1224,"norm-0","attn_output-0",""
81,5,MUL_MAT,0,172,188,679,"linear_attn_out-0","blk.0.ssm_out.weight","final_output-0"
81,34,SCALE,0,1,0,940,"ffn_moe_inp-0","node_104",""
81,38,ARGSORT,0,18,0,1072,"ffn_moe_argsort-0","ffn_moe_probs-0",""
81,70,ADD,0,1,1,1836,"ffn_moe_out-0","node_140","ffn_moe_weighted-0 (view)"
81,93,MUL_MAT,0,23,14,2702,"ffn_shexp-0","blk.0.ffn_down_shexp.weight","ffn_swiglu-0"
81,96,MUL,0,2,0,2709,"ffn_shexp_gated-0","ffn_shexp-0","shared_expert_gate_sigmoid-0"
81,97,ADD,0,2,0,2711,"ffn_out-0","ffn_moe_out-0","ffn_shexp_gated-0"
81,236,RMS_NORM,0,0,2,4291,"norm-1","attn_output-1",""
82,5,MUL_MAT,0,186,145,638,"linear_attn_out-1","blk.1.ssm_out.weight","final_output-1"
82,34,SCALE,0,1,2,859,"ffn_moe_inp-1","node_342",""
82,38,ARGSORT,0,20,0,986,"ffn_moe_argsort-1","ffn_moe_probs-1",""
82,70,ADD,0,2,5,1964,"ffn_moe_out-1","node_378","ffn_moe_weighted-1 (view)"
82,74,MUL_MAT,0,36,3,2109,"ffn_shexp-1","blk.1.ffn_down_shexp.weight","ffn_swiglu-1"
82,77,MUL,0,3,1,2129,"ffn_shexp_gated-1","ffn_shexp-1","shared_expert_gate_sigmoid-1"
82,78,ADD,0,1,1,2131,"ffn_out-1","ffn_moe_out-1","ffn_shexp_gated-1"
82,152,RMS_NORM,0,0,1,3848,"norm-2","attn_output-2",""
83,5,MUL_MAT,0,297,24,640,"linear_attn_out-2","blk.2.ssm_out.weight","final_output-2"
83,34,SCALE,0,0,2,907,"ffn_moe_inp-2","node_496",""
83,38,ARGSORT,0,22,1,1047,"ffn_moe_argsort-2","ffn_moe_probs-2",""
83,70,ADD,0,2,0,1906,"ffn_moe_out-2","node_532","ffn_moe_weighted-2 (view)"
83,74,MUL_MAT,0,37,2,2152,"ffn_shexp-2","blk.2.ffn_down_shexp.weight","ffn_swiglu-2"
83,77,MUL,0,3,0,2173,"ffn_shexp_gated-2","ffn_shexp-2","shared_expert_gate_sigmoid-2"
83,78,ADD,0,2,0,2175,"ffn_out-2","ffn_moe_out-2","ffn_shexp_gated-2"
83,151,RMS_NORM,0,9,0,3292,"norm-3","indexer_k_pooled-3 (reshaped)",""
84,38,MUL_MAT,0,283,28,536,"attn_output-3","blk.3.attn_output.weight","attn_gated-3"
84,66,SCALE,0,0,1,788,"ffn_moe_inp-3","node_683",""
84,70,ARGSORT,0,22,0,912,"ffn_moe_argsort-3","ffn_moe_probs-3",""
84,102,ADD,0,1,1,1532,"ffn_moe_out-3","node_719","ffn_moe_weighted-3 (view)"
84,106,MUL_MAT,0,31,3,1652,"ffn_shexp-3","blk.3.ffn_down_shexp.weight","ffn_swiglu-3"
84,109,MUL,0,3,0,1661,"ffn_shexp_gated-3","ffn_shexp-3","shared_expert_gate_sigmoid-3"
84,110,ADD,0,2,0,1663,"ffn_out-3","ffn_moe_out-3","ffn_shexp_gated-3"
84,184,RMS_NORM,0,1,1,3239,"norm-4","attn_output-4",""
85,5,MUL_MAT,0,305,5,609,"linear_attn_out-4","blk.4.ssm_out.weight","final_output-4"
85,34,SCALE,0,0,1,862,"ffn_moe_inp-4","node_837",""
85,38,ARGSORT,0,22,1,996,"ffn_moe_argsort-4","ffn_moe_probs-4",""
85,70,ADD,0,2,0,1975,"ffn_moe_out-4","node_873","ffn_moe_weighted-4 (view)"
85,74,MUL_MAT,0,36,7,2093,"ffn_shexp-4","blk.4.ffn_down_shexp.weight","ffn_swiglu-4"
85,77,MUL,0,4,0,2103,"ffn_shexp_gated-4","ffn_shexp-4","shared_expert_gate_sigmoid-4"
85,78,ADD,0,2,0,2105,"ffn_out-4","ffn_moe_out-4","ffn_shexp_gated-4"
85,152,RMS_NORM,0,0,17,3814,"norm-5","attn_output-5",""
86,5,MUL_MAT,0,308,9,624,"linear_attn_out-5","blk.5.ssm_out.weight","final_output-5"
86,34,SCALE,0,0,2,873,"ffn_moe_inp-5","node_991",""
86,38,ARGSORT,0,22,1,997,"ffn_moe_argsort-5","ffn_moe_probs-5",""
86,70,ADD,0,2,0,1656,"ffn_moe_out-5","node_1027","ffn_moe_weighted-5 (view)"
86,74,MUL_MAT,0,38,1,1775,"ffn_shexp-5","blk.5.ffn_down_shexp.weight","ffn_swiglu-5"
86,77,MUL,0,3,1,1792,"ffn_shexp_gated-5","ffn_shexp-5","shared_expert_gate_sigmoid-5"
86,78,ADD,0,1,0,1793,"ffn_out-5","ffn_moe_out-5","ffn_shexp_gated-5"
86,152,RMS_NORM,0,1,1,3314,"norm-6","attn_output-6",""
87,5,MUL_MAT,0,339,9,679,"linear_attn_out-6","blk.6.ssm_out.weight","final_output-6"
87,34,SCALE,0,0,2,975,"ffn_moe_inp-6","node_1145",""
87,38,ARGSORT,0,23,0,1113,"ffn_moe_argsort-6","ffn_moe_probs-6",""
87,70,ADD,0,2,10,1949,"ffn_moe_out-6","node_1181","ffn_moe_weighted-6 (view)"
87,74,MUL_MAT,0,33,2,2061,"ffn_shexp-6","blk.6.ffn_down_shexp.weight","ffn_swiglu-6"
87,77,MUL,0,3,1,2070,"ffn_shexp_gated-6","ffn_shexp-6","shared_expert_gate_sigmoid-6"
87,78,ADD,0,1,0,2071,"ffn_out-6","ffn_moe_out-6","ffn_shexp_gated-6"
87,151,RMS_NORM,0,8,1,3191,"norm-7","indexer_k_pooled-7 (reshaped)",""
88,38,MUL_MAT,0,306,7,517,"attn_output-7","blk.7.attn_output.weight","attn_gated-7"
88,66,SCALE,0,1,0,753,"ffn_moe_inp-7","node_1332",""
88,70,ARGSORT,0,21,1,875,"ffn_moe_argsort-7","ffn_moe_probs-7",""
88,102,ADD,0,1,7,1649,"ffn_moe_out-7","node_1368","ffn_moe_weighted-7 (view)"
88,106,MUL_MAT,0,40,9,1776,"ffn_shexp-7","blk.7.ffn_down_shexp.weight","ffn_swiglu-7"
88,109,MUL,0,3,0,1787,"ffn_shexp_gated-7","ffn_shexp-7","shared_expert_gate_sigmoid-7"
88,110,ADD,0,2,0,1789,"ffn_out-7","ffn_moe_out-7","ffn_shexp_gated-7"
88,184,RMS_NORM,0,0,1,3365,"norm-8","attn_output-8",""
89,5,MUL_MAT,0,330,8,671,"linear_attn_out-8","blk.8.ssm_out.weight","final_output-8"
89,34,SCALE,0,1,6,935,"ffn_moe_inp-8","node_1486",""
89,38,ARGSORT,0,22,0,1073,"ffn_moe_argsort-8","ffn_moe_probs-8",""
89,70,ADD,0,1,0,1778,"ffn_moe_out-8","node_1522","ffn_moe_weighted-8 (view)"
89,74,MUL_MAT,0,34,2,1894,"ffn_shexp-8","blk.8.ffn_down_shexp.weight","ffn_swiglu-8"
89,77,MUL,0,3,0,1903,"ffn_shexp_gated-8","ffn_shexp-8","shared_expert_gate_sigmoid-8"
89,78,ADD,0,1,0,1905,"ffn_out-8","ffn_moe_out-8","ffn_shexp_gated-8"
89,152,RMS_NORM,0,1,1,3447,"norm-9","attn_output-9",""
90,5,MUL_MAT,0,291,27,630,"linear_attn_out-9","blk.9.ssm_out.weight","final_output-9"
90,34,SCALE,0,0,2,873,"ffn_moe_inp-9","node_1640",""
90,38,ARGSORT,0,22,0,1005,"ffn_moe_argsort-9","ffn_moe_probs-9",""
90,70,ADD,0,2,0,1660,"ffn_moe_out-9","node_1676","ffn_moe_weighted-9 (view)"
90,74,MUL_MAT,0,36,2,1782,"ffn_shexp-9","blk.9.ffn_down_shexp.weight","ffn_swiglu-9"
90,77,MUL,0,3,1,1792,"ffn_shexp_gated-9","ffn_shexp-9","shared_expert_gate_sigmoid-9"
90,78,ADD,0,1,1,1794,"ffn_out-9","ffn_moe_out-9","ffn_shexp_gated-9"
90,152,RMS_NORM,0,0,2,3592,"norm-10","attn_output-10",""
91,5,MUL_MAT,0,285,32,616,"linear_attn_out-10","blk.10.ssm_out.weight","final_output-10"
91,34,SCALE,0,1,2,863,"ffn_moe_inp-10","node_1794",""
91,38,ARGSORT,0,21,1,986,"ffn_moe_argsort-10","ffn_moe_probs-10",""
91,70,ADD,0,2,0,1634,"ffn_moe_out-10","node_1830","ffn_moe_weighted-10 (view)"
91,74,MUL_MAT,0,32,6,1752,"ffn_shexp-10","blk.10.ffn_down_shexp.weight","ffn_swiglu-10"
91,77,MUL,0,4,0,1762,"ffn_shexp_gated-10","ffn_shexp-10","shared_expert_gate_sigmoid-10"
91,78,ADD,0,2,0,1764,"ffn_out-10","ffn_moe_out-10","ffn_shexp_gated-10"
91,151,RMS_NORM,0,8,1,2786,"norm-11","indexer_k_pooled-11 (reshaped)",""
92,38,MUL_MAT,0,321,12,772,"attn_output-11","blk.11.attn_output.weight","attn_gated-11"
92,66,SCALE,0,1,1,1147,"ffn_moe_inp-11","node_1981",""
92,70,ARGSORT,0,22,0,1347,"ffn_moe_argsort-11","ffn_moe_probs-11",""
92,102,ADD,0,2,0,1975,"ffn_moe_out-11","node_2017","ffn_moe_weighted-11 (view)"
92,106,MUL_MAT,0,32,5,2087,"ffn_shexp-11","blk.11.ffn_down_shexp.weight","ffn_swiglu-11"
92,109,MUL,0,3,1,2098,"ffn_shexp_gated-11","ffn_shexp-11","shared_expert_gate_sigmoid-11"
92,110,ADD,0,1,1,2100,"ffn_out-11","ffn_moe_out-11","ffn_shexp_gated-11"
92,184,RMS_NORM,0,1,1,3726,"norm-12","attn_output-12",""
93,5,MUL_MAT,0,304,5,617,"linear_attn_out-12","blk.12.ssm_out.weight","final_output-12"
93,34,SCALE,0,0,2,934,"ffn_moe_inp-12","node_2135",""
93,38,ARGSORT,0,18,0,1059,"ffn_moe_argsort-12","ffn_moe_probs-12",""
93,70,ADD,0,1,7,1760,"ffn_moe_out-12","node_2171","ffn_moe_weighted-12 (view)"
93,74,MUL_MAT,0,18,26,1894,"ffn_shexp-12","blk.12.ffn_down_shexp.weight","ffn_swiglu-12"
93,77,MUL,0,2,0,1902,"ffn_shexp_gated-12","ffn_shexp-12","shared_expert_gate_sigmoid-12"
93,78,ADD,0,1,1,1904,"ffn_out-12","ffn_moe_out-12","ffn_shexp_gated-12"
93,152,RMS_NORM,0,0,1,3322,"norm-13","attn_output-13",""
94,5,MUL_MAT,0,278,46,648,"linear_attn_out-13","blk.13.ssm_out.weight","final_output-13"
94,34,SCALE,0,0,2,877,"ffn_moe_inp-13","node_2289",""
94,38,ARGSORT,0,20,1,1000,"ffn_moe_argsort-13","ffn_moe_probs-13",""
94,70,ADD,0,2,0,1598,"ffn_moe_out-13","node_2325","ffn_moe_weighted-13 (view)"
94,74,MUL_MAT,0,29,10,1712,"ffn_shexp-13","blk.13.ffn_down_shexp.weight","ffn_swiglu-13"
94,77,MUL,0,2,0,1719,"ffn_shexp_gated-13","ffn_shexp-13","shared_expert_gate_sigmoid-13"
94,78,ADD,0,1,0,1720,"ffn_out-13","ffn_moe_out-13","ffn_shexp_gated-13"
94,152,RMS_NORM,0,1,10,3033,"norm-14","attn_output-14",""
95,5,MUL_MAT,0,283,47,647,"linear_attn_out-14","blk.14.ssm_out.weight","final_output-14"
95,34,SCALE,0,1,2,885,"ffn_moe_inp-14","node_2443",""
95,38,ARGSORT,0,20,0,1010,"ffn_moe_argsort-14","ffn_moe_probs-14",""
95,70,ADD,0,1,0,1635,"ffn_moe_out-14","node_2479","ffn_moe_weighted-14 (view)"
95,74,MUL_MAT,0,29,6,1748,"ffn_shexp-14","blk.14.ffn_down_shexp.weight","ffn_swiglu-14"
95,77,MUL,0,3,0,1756,"ffn_shexp_gated-14","ffn_shexp-14","shared_expert_gate_sigmoid-14"
95,78,ADD,0,1,1,1758,"ffn_out-14","ffn_moe_out-14","ffn_shexp_gated-14"
95,151,RMS_NORM,0,3,1,2997,"norm-15","indexer_k_pooled-15 (reshaped)",""
96,38,MUL_MAT,0,178,152,553,"attn_output-15","blk.15.attn_output.weight","attn_gated-15"
96,66,SCALE,0,0,2,791,"ffn_moe_inp-15","node_2630",""
96,70,ARGSORT,0,17,0,925,"ffn_moe_argsort-15","ffn_moe_probs-15",""
96,102,ADD,0,0,1,1585,"ffn_moe_out-15","node_2666","ffn_moe_weighted-15 (view)"
96,106,MUL_MAT,0,18,26,1760,"ffn_shexp-15","blk.15.ffn_down_shexp.weight","ffn_swiglu-15"
96,109,MUL,0,1,0,1766,"ffn_shexp_gated-15","ffn_shexp-15","shared_expert_gate_sigmoid-15"
96,110,ADD,0,1,9,1777,"ffn_out-15","ffn_moe_out-15","ffn_shexp_gated-15"
96,184,RMS_NORM,0,0,1,3168,"norm-16","attn_output-16",""
97,5,MUL_MAT,0,272,56,650,"linear_attn_out-16","blk.16.ssm_out.weight","final_output-16"
97,34,SCALE,0,0,2,917,"ffn_moe_inp-16","node_2784",""
97,38,ARGSORT,0,21,0,1044,"ffn_moe_argsort-16","ffn_moe_probs-16",""
97,70,ADD,0,1,1,1729,"ffn_moe_out-16","node_2820","ffn_moe_weighted-16 (view)"
97,74,MUL_MAT,0,31,7,1848,"ffn_shexp-16","blk.16.ffn_down_shexp.weight","ffn_swiglu-16"
97,77,MUL,0,2,1,1857,"ffn_shexp_gated-16","ffn_shexp-16","shared_expert_gate_sigmoid-16"
97,78,ADD,0,1,1,1859,"ffn_out-16","ffn_moe_out-16","ffn_shexp_gated-16"
97,152,RMS_NORM,0,0,2,3244,"norm-17","attn_output-17",""
98,5,MUL_MAT,0,276,48,637,"linear_attn_out-17","blk.17.ssm_out.weight","final_output-17"
98,34,SCALE,0,0,1,891,"ffn_moe_inp-17","node_2938",""
98,38,ARGSORT,0,20,1,1013,"ffn_moe_argsort-17","ffn_moe_probs-17",""
98,70,ADD,0,2,0,1611,"ffn_moe_out-17","node_2974","ffn_moe_weighted-17 (view)"
98,74,MUL_MAT,0,30,9,1735,"ffn_shexp-17","blk.17.ffn_down_shexp.weight","ffn_swiglu-17"
98,77,MUL,0,2,0,1743,"ffn_shexp_gated-17","ffn_shexp-17","shared_expert_gate_sigmoid-17"
98,78,ADD,0,1,1,1745,"ffn_out-17","ffn_moe_out-17","ffn_shexp_gated-17"
98,152,RMS_NORM,0,0,1,3113,"norm-18","attn_output-18",""
99,5,MUL_MAT,0,280,70,683,"linear_attn_out-18","blk.18.ssm_out.weight","final_output-18"
99,34,SCALE,0,0,1,966,"ffn_moe_inp-18","node_3092",""
99,38,ARGSORT,0,21,0,1097,"ffn_moe_argsort-18","ffn_moe_probs-18",""
99,70,ADD,0,1,0,1764,"ffn_moe_out-18","node_3128","ffn_moe_weighted-18 (view)"
99,74,MUL_MAT,0,31,4,1886,"ffn_shexp-18","blk.18.ffn_down_shexp.weight","ffn_swiglu-18"
99,77,MUL,0,3,0,1902,"ffn_shexp_gated-18","ffn_shexp-18","shared_expert_gate_sigmoid-18"
99,78,ADD,0,1,1,1904,"ffn_out-18","ffn_moe_out-18","ffn_shexp_gated-18"
99,151,RMS_NORM,0,4,1,2929,"norm-19","indexer_k_pooled-19 (reshaped)",""
100,38,MUL_MAT,0,254,60,547,"attn_output-19","blk.19.attn_output.weight","attn_gated-19"
100,66,SCALE,0,0,2,782,"ffn_moe_inp-19","node_3279",""
100,70,ARGSORT,0,19,0,900,"ffn_moe_argsort-19","ffn_moe_probs-19",""
100,102,ADD,0,1,0,1560,"ffn_moe_out-19","node_3315","ffn_moe_weighted-19 (view)"
100,106,MUL_MAT,0,30,14,1684,"ffn_shexp-19","blk.19.ffn_down_shexp.weight","ffn_swiglu-19"
100,109,MUL,0,2,0,1692,"ffn_shexp_gated-19","ffn_shexp-19","shared_expert_gate_sigmoid-19"
100,110,ADD,0,1,1,1694,"ffn_out-19","ffn_moe_out-19","ffn_shexp_gated-19"
100,184,RMS_NORM,0,1,6,3007,"norm-20","attn_output-20",""
101,5,MUL_MAT,0,199,152,689,"linear_attn_out-20","blk.20.ssm_out.weight","final_output-20"
101,34,SCALE,0,0,2,948,"ffn_moe_inp-20","node_3433",""
101,38,ARGSORT,0,21,0,1087,"ffn_moe_argsort-20","ffn_moe_probs-20",""
101,70,ADD,0,1,1,1736,"ffn_moe_out-20","node_3469","ffn_moe_weighted-20 (view)"
101,74,MUL_MAT,0,30,4,1856,"ffn_shexp-20","blk.20.ffn_down_shexp.weight","ffn_swiglu-20"
101,77,MUL,0,2,8,1872,"ffn_shexp_gated-20","ffn_shexp-20","shared_expert_gate_sigmoid-20"
101,78,ADD,0,1,1,1874,"ffn_out-20","ffn_moe_out-20","ffn_shexp_gated-20"
101,152,RMS_NORM,0,0,1,3195,"norm-21","attn_output-21",""
102,5,MUL_MAT,0,282,50,652,"linear_attn_out-21","blk.21.ssm_out.weight","final_output-21"
102,34,SCALE,0,0,1,894,"ffn_moe_inp-21","node_3587",""
102,38,ARGSORT,0,20,0,1021,"ffn_moe_argsort-21","ffn_moe_probs-21",""
102,70,ADD,0,1,0,1661,"ffn_moe_out-21","node_3623","ffn_moe_weighted-21 (view)"
102,74,MUL_MAT,0,31,5,1779,"ffn_shexp-21","blk.21.ffn_down_shexp.weight","ffn_swiglu-21"
102,77,MUL,0,2,0,1788,"ffn_shexp_gated-21","ffn_shexp-21","shared_expert_gate_sigmoid-21"
102,78,ADD,0,1,1,1790,"ffn_out-21","ffn_moe_out-21","ffn_shexp_gated-21"
102,152,RMS_NORM,0,0,2,3081,"norm-22","attn_output-22",""
103,5,MUL_MAT,0,276,52,644,"linear_attn_out-22","blk.22.ssm_out.weight","final_output-22"
103,34,SCALE,0,0,2,894,"ffn_moe_inp-22","node_3741",""
103,38,ARGSORT,0,21,0,1018,"ffn_moe_argsort-22","ffn_moe_probs-22",""
103,70,ADD,0,1,1,1669,"ffn_moe_out-22","node_3777","ffn_moe_weighted-22 (view)"
103,74,MUL_MAT,0,36,9,1912,"ffn_shexp-22","blk.22.ffn_down_shexp.weight","ffn_swiglu-22"
103,77,MUL,0,2,0,1920,"ffn_shexp_gated-22","ffn_shexp-22","shared_expert_gate_sigmoid-22"
103,78,ADD,0,1,1,1923,"ffn_out-22","ffn_moe_out-22","ffn_shexp_gated-22"
103,151,RMS_NORM,0,5,0,2969,"norm-23","indexer_k_pooled-23 (reshaped)",""
104,38,MUL_MAT,0,253,63,544,"attn_output-23","blk.23.attn_output.weight","attn_gated-23"
104,66,SCALE,0,0,4,793,"ffn_moe_inp-23","node_3928",""
104,70,ARGSORT,0,20,1,920,"ffn_moe_argsort-23","ffn_moe_probs-23",""
104,102,ADD,0,1,0,1563,"ffn_moe_out-23","node_3964","ffn_moe_weighted-23 (view)"
104,106,MUL_MAT,0,28,5,1668,"ffn_shexp-23","blk.23.ffn_down_shexp.weight","ffn_swiglu-23"
104,109,MUL,0,2,1,1683,"ffn_shexp_gated-23","ffn_shexp-23","shared_expert_gate_sigmoid-23"
104,110,ADD,0,1,0,1684,"ffn_out-23","ffn_moe_out-23","ffn_shexp_gated-23"
104,184,RMS_NORM,0,0,2,2950,"norm-24","attn_output-24",""
105,5,MUL_MAT,0,290,52,697,"linear_attn_out-24","blk.24.ssm_out.weight","final_output-24"
105,34,SCALE,0,0,2,958,"ffn_moe_inp-24","node_4082",""
105,38,ARGSORT,0,20,0,1085,"ffn_moe_argsort-24","ffn_moe_probs-24",""
105,70,ADD,0,2,0,1816,"ffn_moe_out-24","node_4118","ffn_moe_weighted-24 (view)"
105,74,MUL_MAT,0,31,4,2072,"ffn_shexp-24","blk.24.ffn_down_shexp.weight","ffn_swiglu-24"
105,77,MUL,0,2,1,2136,"ffn_shexp_gated-24","ffn_shexp-24","shared_expert_gate_sigmoid-24"
105,78,ADD,0,1,0,2137,"ffn_out-24","ffn_moe_out-24","ffn_shexp_gated-24"
105,152,RMS_NORM,0,0,2,3384,"norm-25","attn_output-25",""
106,5,MUL_MAT,0,283,48,643,"linear_attn_out-25","blk.25.ssm_out.weight","final_output-25"
106,34,SCALE,0,0,2,1053,"ffn_moe_inp-25","node_4236",""
106,38,ARGSORT,0,19,0,1229,"ffn_moe_argsort-25","ffn_moe_probs-25",""
106,70,ADD,0,2,0,1902,"ffn_moe_out-25","node_4272","ffn_moe_weighted-25 (view)"
106,74,MUL_MAT,0,35,5,2032,"ffn_shexp-25","blk.25.ffn_down_shexp.weight","ffn_swiglu-25"
106,77,MUL,0,2,0,2040,"ffn_shexp_gated-25","ffn_shexp-25","shared_expert_gate_sigmoid-25"
106,78,ADD,0,1,1,2042,"ffn_out-25","ffn_moe_out-25","ffn_shexp_gated-25"
106,152,RMS_NORM,0,0,2,3433,"norm-26","attn_output-26",""
107,5,MUL_MAT,0,273,56,642,"linear_attn_out-26","blk.26.ssm_out.weight","final_output-26"
107,34,SCALE,0,0,1,891,"ffn_moe_inp-26","node_4390",""
107,38,ARGSORT,0,20,0,1018,"ffn_moe_argsort-26","ffn_moe_probs-26",""
107,70,ADD,0,1,0,1653,"ffn_moe_out-26","node_4426","ffn_moe_weighted-26 (view)"
107,74,MUL_MAT,0,30,12,1779,"ffn_shexp-26","blk.26.ffn_down_shexp.weight","ffn_swiglu-26"
107,77,MUL,0,2,0,1795,"ffn_shexp_gated-26","ffn_shexp-26","shared_expert_gate_sigmoid-26"
107,78,ADD,0,13,0,1808,"ffn_out-26","ffn_moe_out-26","ffn_shexp_gated-26"
107,151,RMS_NORM,0,4,1,2824,"norm-27","indexer_k_pooled-27 (reshaped)",""
108,38,MUL_MAT,0,306,0,516,"attn_output-27","blk.27.attn_output.weight","attn_gated-27"
108,66,SCALE,0,0,2,764,"ffn_moe_inp-27","node_4577",""
108,70,ARGSORT,0,22,1,894,"ffn_moe_argsort-27","ffn_moe_probs-27",""
108,102,ADD,0,2,0,1486,"ffn_moe_out-27","node_4613","ffn_moe_weighted-27 (view)"
108,106,MUL_MAT,0,33,5,1595,"ffn_shexp-27","blk.27.ffn_down_shexp.weight","ffn_swiglu-27"
108,109,MUL,0,3,0,1605,"ffn_shexp_gated-27","ffn_shexp-27","shared_expert_gate_sigmoid-27"
108,110,ADD,0,1,11,1618,"ffn_out-27","ffn_moe_out-27","ffn_shexp_gated-27"
108,184,RMS_NORM,0,1,7,3077,"norm-28","attn_output-28",""
109,5,MUL_MAT,0,334,0,665,"linear_attn_out-28","blk.28.ssm_out.weight","final_output-28"
109,34,SCALE,0,0,2,919,"ffn_moe_inp-28","node_4731",""
109,38,ARGSORT,0,22,1,1058,"ffn_moe_argsort-28","ffn_moe_probs-28",""
109,70,ADD,0,2,0,1825,"ffn_moe_out-28","node_4767","ffn_moe_weighted-28 (view)"
109,74,MUL_MAT,0,32,2,2056,"ffn_shexp-28","blk.28.ffn_down_shexp.weight","ffn_swiglu-28"
109,77,MUL,0,3,0,2080,"ffn_shexp_gated-28","ffn_shexp-28","shared_expert_gate_sigmoid-28"
109,78,ADD,0,2,0,2082,"ffn_out-28","ffn_moe_out-28","ffn_shexp_gated-28"
109,152,RMS_NORM,0,0,1,3674,"norm-29","attn_output-29",""
110,5,MUL_MAT,0,287,24,617,"linear_attn_out-29","blk.29.ssm_out.weight","final_output-29"
110,34,SCALE,0,0,1,952,"ffn_moe_inp-29","node_4885",""
110,38,ARGSORT,0,22,1,1084,"ffn_moe_argsort-29","ffn_moe_probs-29",""
110,70,ADD,0,2,0,1790,"ffn_moe_out-29","node_4921","ffn_moe_weighted-29 (view)"
110,74,MUL_MAT,0,37,2,1920,"ffn_shexp-29","blk.29.ffn_down_shexp.weight","ffn_swiglu-29"
110,77,MUL,0,3,0,1929,"ffn_shexp_gated-29","ffn_shexp-29","shared_expert_gate_sigmoid-29"
110,78,ADD,0,1,0,1931,"ffn_out-29","ffn_moe_out-29","ffn_shexp_gated-29"
110,152,RMS_NORM,0,1,1,3625,"norm-30","attn_output-30",""
111,5,MUL_MAT,0,303,7,618,"linear_attn_out-30","blk.30.ssm_out.weight","final_output-30"
111,34,SCALE,0,1,1,870,"ffn_moe_inp-30","node_5039",""
111,38,ARGSORT,0,21,0,997,"ffn_moe_argsort-30","ffn_moe_probs-30",""
111,70,ADD,0,2,0,1737,"ffn_moe_out-30","node_5075","ffn_moe_weighted-30 (view)"
111,74,MUL_MAT,0,33,3,1851,"ffn_shexp-30","blk.30.ffn_down_shexp.weight","ffn_swiglu-30"
111,77,MUL,0,3,1,1861,"ffn_shexp_gated-30","ffn_shexp-30","shared_expert_gate_sigmoid-30"
111,78,ADD,0,1,0,1862,"ffn_out-30","ffn_moe_out-30","ffn_shexp_gated-30"
111,151,RMS_NORM,0,5,4,3040,"norm-31","indexer_k_pooled-31 (reshaped)",""
112,38,MUL_MAT,0,274,88,621,"attn_output-31","blk.31.attn_output.weight","attn_gated-31"
112,66,SCALE,0,0,2,1004,"ffn_moe_inp-31","node_5226",""
112,70,ARGSORT,0,19,0,1128,"ffn_moe_argsort-31","ffn_moe_probs-31",""
112,102,ADD,0,1,1,2205,"ffn_moe_out-31","node_5262","ffn_moe_weighted-31 (view)"
112,106,MUL_MAT,0,21,14,2312,"ffn_shexp-31","blk.31.ffn_down_shexp.weight","ffn_swiglu-31"
112,109,MUL,0,2,0,2329,"ffn_shexp_gated-31","ffn_shexp-31","shared_expert_gate_sigmoid-31"
112,110,ADD,0,1,0,2330,"ffn_out-31","ffn_moe_out-31","ffn_shexp_gated-31"
112,184,RMS_NORM,0,0,3,3543,"norm-32","attn_output-32",""
113,5,MUL_MAT,0,229,120,675,"linear_attn_out-32","blk.32.ssm_out.weight","final_output-32"
113,34,SCALE,0,0,2,922,"ffn_moe_inp-32","node_5380",""
113,38,ARGSORT,0,19,1,1063,"ffn_moe_argsort-32","ffn_moe_probs-32",""
113,70,ADD,0,1,1,1771,"ffn_moe_out-32","node_5416","ffn_moe_weighted-32 (view)"
113,74,MUL_MAT,0,20,18,1892,"ffn_shexp-32","blk.32.ffn_down_shexp.weight","ffn_swiglu-32"
113,77,MUL,0,2,0,1900,"ffn_shexp_gated-32","ffn_shexp-32","shared_expert_gate_sigmoid-32"
113,78,ADD,0,1,1,1902,"ffn_out-32","ffn_moe_out-32","ffn_shexp_gated-32"
113,152,RMS_NORM,0,1,2,3397,"norm-33","attn_output-33",""
114,5,MUL_MAT,0,169,154,636,"linear_attn_out-33","blk.33.ssm_out.weight","final_output-33"
114,34,SCALE,0,1,1,862,"ffn_moe_inp-33","node_5534",""
114,38,ARGSORT,0,17,1,984,"ffn_moe_argsort-33","ffn_moe_probs-33",""
114,70,ADD,0,1,0,1740,"ffn_moe_out-33","node_5570","ffn_moe_weighted-33 (view)"
114,74,MUL_MAT,0,27,14,1868,"ffn_shexp-33","blk.33.ffn_down_shexp.weight","ffn_swiglu-33"
114,77,MUL,0,2,0,1876,"ffn_shexp_gated-33","ffn_shexp-33","shared_expert_gate_sigmoid-33"
114,78,ADD,0,1,0,1878,"ffn_out-33","ffn_moe_out-33","ffn_shexp_gated-33"
114,152,RMS_NORM,0,0,3,3192,"norm-34","attn_output-34",""
115,5,MUL_MAT,0,186,136,626,"linear_attn_out-34","blk.34.ssm_out.weight","final_output-34"
115,34,SCALE,0,0,2,860,"ffn_moe_inp-34","node_5688",""
115,38,ARGSORT,0,17,0,982,"ffn_moe_argsort-34","ffn_moe_probs-34",""
115,70,ADD,0,1,1,1630,"ffn_moe_out-34","node_5724","ffn_moe_weighted-34 (view)"
115,74,MUL_MAT,0,21,22,1750,"ffn_shexp-34","blk.34.ffn_down_shexp.weight","ffn_swiglu-34"
115,77,MUL,0,1,1,1759,"ffn_shexp_gated-34","ffn_shexp-34","shared_expert_gate_sigmoid-34"
115,78,ADD,0,1,1,1761,"ffn_out-34","ffn_moe_out-34","ffn_shexp_gated-34"
115,151,RMS_NORM,0,5,9,2965,"norm-35","indexer_k_pooled-35 (reshaped)",""
116,38,MUL_MAT,0,269,62,540,"attn_output-35","blk.35.attn_output.weight","attn_gated-35"
116,66,SCALE,0,0,2,844,"ffn_moe_inp-35","node_5875",""
116,70,ARGSORT,0,21,0,970,"ffn_moe_argsort-35","ffn_moe_probs-35",""
116,102,ADD,0,1,0,1613,"ffn_moe_out-35","node_5911","ffn_moe_weighted-35 (view)"
116,106,MUL_MAT,0,31,3,1732,"ffn_shexp-35","blk.35.ffn_down_shexp.weight","ffn_swiglu-35"
116,109,MUL,0,2,0,1746,"ffn_shexp_gated-35","ffn_shexp-35","shared_expert_gate_sigmoid-35"
116,110,ADD,0,1,1,1748,"ffn_out-35","ffn_moe_out-35","ffn_shexp_gated-35"
116,184,RMS_NORM,0,0,3,3000,"norm-36","attn_output-36",""
117,5,MUL_MAT,0,249,73,635,"linear_attn_out-36","blk.36.ssm_out.weight","final_output-36"
117,34,SCALE,0,0,1,872,"ffn_moe_inp-36","node_6029",""
117,38,ARGSORT,0,21,0,993,"ffn_moe_argsort-36","ffn_moe_probs-36",""
117,70,ADD,0,1,1,1700,"ffn_moe_out-36","node_6065","ffn_moe_weighted-36 (view)"
117,74,MUL_MAT,0,33,6,1823,"ffn_shexp-36","blk.36.ffn_down_shexp.weight","ffn_swiglu-36"
117,77,MUL,0,2,0,1839,"ffn_shexp_gated-36","ffn_shexp-36","shared_expert_gate_sigmoid-36"
117,78,ADD,0,2,0,1841,"ffn_out-36","ffn_moe_out-36","ffn_shexp_gated-36"
117,152,RMS_NORM,0,1,1,3187,"norm-37","attn_output-37",""
118,5,MUL_MAT,0,273,49,640,"linear_attn_out-37","blk.37.ssm_out.weight","final_output-37"
118,34,SCALE,0,0,2,865,"ffn_moe_inp-37","node_6183",""
118,38,ARGSORT,0,20,0,996,"ffn_moe_argsort-37","ffn_moe_probs-37",""
118,70,ADD,0,1,1,1596,"ffn_moe_out-37","node_6219","ffn_moe_weighted-37 (view)"
118,74,MUL_MAT,0,27,9,1704,"ffn_shexp-37","blk.37.ffn_down_shexp.weight","ffn_swiglu-37"
118,77,MUL,0,2,0,1722,"ffn_shexp_gated-37","ffn_shexp-37","shared_expert_gate_sigmoid-37"
118,78,ADD,0,1,0,1723,"ffn_out-37","ffn_moe_out-37","ffn_shexp_gated-37"
118,152,RMS_NORM,0,0,2,3138,"norm-38","attn_output-38",""
119,5,MUL_MAT,0,262,58,639,"linear_attn_out-38","blk.38.ssm_out.weight","final_output-38"
119,34,SCALE,0,0,2,882,"ffn_moe_inp-38","node_6337",""
119,38,ARGSORT,0,20,1,1006,"ffn_moe_argsort-38","ffn_moe_probs-38",""
119,70,ADD,0,2,0,1632,"ffn_moe_out-38","node_6373","ffn_moe_weighted-38 (view)"
119,74,MUL_MAT,0,31,5,1756,"ffn_shexp-38","blk.38.ffn_down_shexp.weight","ffn_swiglu-38"
119,77,MUL,0,2,0,1763,"ffn_shexp_gated-38","ffn_shexp-38","shared_expert_gate_sigmoid-38"
119,78,ADD,0,1,1,1765,"ffn_out-38","ffn_moe_out-38","ffn_shexp_gated-38"
119,87,ADD,0,2,1,1801,"l_last-38","hc_combine-38","node_6390"
120,0,GET_ROWS,0,4,0,4,"model.input_embed","token_embd.weight","inp_tokens"
120,69,RMS_NORM,0,1,1,1520,"norm-0","attn_output-0",""
121,5,MUL_MAT,0,305,66,684,"linear_attn_out-0","blk.0.ssm_out.weight","final_output-0"
121,34,SCALE,0,0,1,952,"ffn_moe_inp-0","node_104",""
121,38,ARGSORT,0,23,1,1090,"ffn_moe_argsort-0","ffn_moe_probs-0",""
121,70,ADD,0,1,1,1819,"ffn_moe_out-0","node_140","ffn_moe_weighted-0 (view)"
121,93,MUL_MAT,0,37,5,2800,"ffn_shexp-0","blk.0.ffn_down_shexp.weight","ffn_swiglu-0"
121,96,MUL,0,3,0,2810,"ffn_shexp_gated-0","ffn_shexp-0","shared_expert_gate_sigmoid-0"
121,97,ADD,0,1,1,2813,"ffn_out-0","ffn_moe_out-0","ffn_shexp_gated-0"
121,236,RMS_NORM,0,1,1,4961,"norm-1","attn_output-1",""
122,5,MUL_MAT,0,309,46,658,"linear_attn_out-1","blk.1.ssm_out.weight","final_output-1"
122,34,SCALE,0,1,2,955,"ffn_moe_inp-1","node_342",""
122,38,ARGSORT,0,23,0,1099,"ffn_moe_argsort-1","ffn_moe_probs-1",""
122,70,ADD,0,1,1,2044,"ffn_moe_out-1","node_378","ffn_moe_weighted-1 (view)"
122,74,MUL_MAT,0,38,3,2204,"ffn_shexp-1","blk.1.ffn_down_shexp.weight","ffn_swiglu-1"
122,77,MUL,0,3,1,2215,"ffn_shexp_gated-1","ffn_shexp-1","shared_expert_gate_sigmoid-1"
122,78,ADD,0,1,1,2217,"ffn_out-1","ffn_moe_out-1","ffn_shexp_gated-1"
122,152,RMS_NORM,0,0,7,3835,"norm-2","attn_output-2",""
123,5,MUL_MAT,0,306,9,612,"linear_attn_out-2","blk.2.ssm_out.weight","final_output-2"
123,34,SCALE,0,0,7,875,"ffn_moe_inp-2","node_496",""
123,38,ARGSORT,0,22,1,1012,"ffn_moe_argsort-2","ffn_moe_probs-2",""
123,70,ADD,0,2,0,1926,"ffn_moe_out-2","node_532","ffn_moe_weighted-2 (view)"
123,74,MUL_MAT,0,39,5,2053,"ffn_shexp-2","blk.2.ffn_down_shexp.weight","ffn_swiglu-2"
123,77,MUL,0,3,6,2070,"ffn_shexp_gated-2","ffn_shexp-2","shared_expert_gate_sigmoid-2"
123,78,ADD,0,1,11,2083,"ffn_out-2","ffn_moe_out-2","ffn_shexp_gated-2"
123,151,RMS_NORM,0,8,1,3151,"norm-3","indexer_k_pooled-3 (reshaped)",""
124,38,MUL_MAT,0,310,2,542,"attn_output-3","blk.3.attn_output.weight","attn_gated-3"
124,66,SCALE,0,0,1,804,"ffn_moe_inp-3","node_683",""
124,70,ARGSORT,0,21,1,926,"ffn_moe_argsort-3","ffn_moe_probs-3",""
124,102,ADD,0,2,0,1560,"ffn_moe_out-3","node_719","ffn_moe_weighted-3 (view)"
124,106,MUL_MAT,0,31,6,1682,"ffn_shexp-3","blk.3.ffn_down_shexp.weight","ffn_swiglu-3"
124,109,MUL,0,4,0,1693,"ffn_shexp_gated-3","ffn_shexp-3","shared_expert_gate_sigmoid-3"
124,110,ADD,0,1,0,1695,"ffn_out-3","ffn_moe_out-3","ffn_shexp_gated-3"
124,184,RMS_NORM,0,1,0,3267,"norm-4","attn_output-4",""
125,5,MUL_MAT,0,154,190,644,"linear_attn_out-4","blk.4.ssm_out.weight","final_output-4"
125,34,SCALE,0,1,1,917,"ffn_moe_inp-4","node_837",""
125,38,ARGSORT,0,21,0,1044,"ffn_moe_argsort-4","ffn_moe_probs-4",""
125,70,ADD,0,1,7,1924,"ffn_moe_out-4","node_873","ffn_moe_weighted-4 (view)"
125,74,MUL_MAT,0,29,7,2035,"ffn_shexp-4","blk.4.ffn_down_shexp.weight","ffn_swiglu-4"
125,77,MUL,0,3,0,2050,"ffn_shexp_gated-4","ffn_shexp-4","shared_expert_gate_sigmoid-4"
125,78,ADD,0,2,0,2052,"ffn_out-4","ffn_moe_out-4","ffn_shexp_gated-4"
125,152,RMS_NORM,0,1,3,3525,"norm-5","attn_output-5",""
126,5,MUL_MAT,0,248,74,638,"linear_attn_out-5","blk.5.ssm_out.weight","final_output-5"
126,34,SCALE,0,1,0,888,"ffn_moe_inp-5","node_991",""
126,38,ARGSORT,0,23,0,1020,"ffn_moe_argsort-5","ffn_moe_probs-5",""
126,70,ADD,0,1,1,1672,"ffn_moe_out-5","node_1027","ffn_moe_weighted-5 (view)"
126,74,MUL_MAT,0,31,5,1791,"ffn_shexp-5","blk.5.ffn_down_shexp.weight","ffn_swiglu-5"
126,77,MUL,0,2,0,1799,"ffn_shexp_gated-5","ffn_shexp-5","shared_expert_gate_sigmoid-5"
126,78,ADD,0,1,2,1802,"ffn_out-5","ffn_moe_out-5","ffn_shexp_gated-5"
126,152,RMS_NORM,0,0,6,3184,"norm-6","attn_output-6",""
127,5,MUL_MAT,0,179,148,638,"linear_attn_out-6","blk.6.ssm_out.weight","final_output-6"
127,34,SCALE,0,0,1,878,"ffn_moe_inp-6","node_1145",""
127,38,ARGSORT,0,18,0,1008,"ffn_moe_argsort-6","ffn_moe_probs-6",""
127,70,ADD,0,1,1,1661,"ffn_moe_out-6","node_1181","ffn_moe_weighted-6 (view)"
127,74,MUL_MAT,0,20,18,1788,"ffn_shexp-6","blk.6.ffn_down_shexp.weight","ffn_swiglu-6"
127,77,MUL,0,1,1,1796,"ffn_shexp_gated-6","ffn_shexp-6","shared_expert_gate_sigmoid-6"
127,78,ADD,0,1,0,1797,"ffn_out-6","ffn_moe_out-6","ffn_shexp_gated-6"
127,151,RMS_NORM,0,4,0,2801,"norm-7","indexer_k_pooled-7 (reshaped)",""
128,38,MUL_MAT,0,171,141,506,"attn_output-7","blk.7.attn_output.weight","attn_gated-7"
128,66,SCALE,0,0,2,733,"ffn_moe_inp-7","node_1332",""
128,70,ARGSORT,0,17,0,858,"ffn_moe_argsort-7","ffn_moe_probs-7",""
128,102,ADD,0,1,1,1534,"ffn_moe_out-7","node_1368","ffn_moe_weighted-7 (view)"
128,106,MUL_MAT,0,20,17,1650,"ffn_shexp-7","blk.7.ffn_down_shexp.weight","ffn_swiglu-7"
128,109,MUL,0,2,0,1663,"ffn_shexp_gated-7","ffn_shexp-7","shared_expert_gate_sigmoid-7"
128,110,ADD,0,1,1,1665,"ffn_out-7","ffn_moe_out-7","ffn_shexp_gated-7"
128,184,RMS_NORM,0,1,2,2916,"norm-8","attn_output-8",""
129,5,MUL_MAT,0,184,230,729,"linear_attn_out-8","blk.8.ssm_out.weight","final_output-8"
129,34,SCALE,0,0,1,1093,"ffn_moe_inp-8","node_1486",""
129,38,ARGSORT,0,22,0,1236,"ffn_moe_argsort-8","ffn_moe_probs-8",""
129,70,ADD,0,1,1,1940,"ffn_moe_out-8","node_1522","ffn_moe_weighted-8 (view)"
129,74,MUL_MAT,0,34,11,2063,"ffn_shexp-8","blk.8.ffn_down_shexp.weight","ffn_swiglu-8"
129,77,MUL,0,1,1,2072,"ffn_shexp_gated-8","ffn_shexp-8","shared_expert_gate_sigmoid-8"
129,78,ADD,0,1,1,2074,"ffn_out-8","ffn_moe_out-8","ffn_shexp_gated-8"
129,152,RMS_NORM,0,1,2,3462,"norm-9","attn_output-9",""
130,5,MUL_MAT,0,270,70,668,"linear_attn_out-9","blk.9.ssm_out.weight","final_output-9"
130,34,SCALE,0,1,1,922,"ffn_moe_inp-9","node_1640",""
130,38,ARGSORT,0,26,0,1066,"ffn_moe_argsort-9","ffn_moe_probs-9",""
130,70,ADD,0,1,1,1723,"ffn_moe_out-9","node_1676","ffn_moe_weighted-9 (view)"
130,74,MUL_MAT,0,35,6,1848,"ffn_shexp-9","blk.9.ffn_down_shexp.weight","ffn_swiglu-9"
130,77,MUL,0,2,0,1856,"ffn_shexp_gated-9","ffn_shexp-9","shared_expert_gate_sigmoid-9"
130,78,ADD,0,16,1,1873,"ffn_out-9","ffn_moe_out-9","ffn_shexp_gated-9"
130,152,RMS_NORM,0,0,129,3343,"norm-10","attn_output-10",""
131,5,MUL_MAT,0,296,69,716,"linear_attn_out-10","blk.10.ssm_out.weight","final_output-10"
131,34,SCALE,0,0,1,971,"ffn_moe_inp-10","node_1794",""
131,38,ARGSORT,0,35,1,1129,"ffn_moe_argsort-10","ffn_moe_probs-10",""
131,70,ADD,0,1,1,1883,"ffn_moe_out-10","node_1830","ffn_moe_weighted-10 (view)"
131,74,MUL_MAT,0,37,6,2089,"ffn_shexp-10","blk.10.ffn_down_shexp.weight","ffn_swiglu-10"
131,77,MUL,0,2,0,2110,"ffn_shexp_gated-10","ffn_shexp-10","shared_expert_gate_sigmoid-10"
131,78,ADD,0,1,1,2112,"ffn_out-10","ffn_moe_out-10","ffn_shexp_gated-10"
131,151,RMS_NORM,0,4,0,3183,"norm-11","indexer_k_pooled-11 (reshaped)",""
132,38,MUL_MAT,0,278,45,528,"attn_output-11","blk.11.attn_output.weight","attn_gated-11"
132,66,SCALE,0,0,1,768,"ffn_moe_inp-11","node_1981",""
132,70,ARGSORT,0,19,0,888,"ffn_moe_argsort-11","ffn_moe_probs-11",""
132,102,ADD,0,1,1,1607,"ffn_moe_out-11","node_2017","ffn_moe_weighted-11 (view)"
132,106,MUL_MAT,0,31,9,1723,"ffn_shexp-11","blk.11.ffn_down_shexp.weight","ffn_swiglu-11"
132,109,MUL,0,2,0,1731,"ffn_shexp_gated-11","ffn_shexp-11","shared_expert_gate_sigmoid-11"
132,110,ADD,0,1,1,1733,"ffn_out-11","ffn_moe_out-11","ffn_shexp_gated-11"
132,184,RMS_NORM,0,0,2,3202,"norm-12","attn_output-12",""
133,5,MUL_MAT,0,270,67,683,"linear_attn_out-12","blk.12.ssm_out.weight","final_output-12"
133,34,SCALE,0,0,1,929,"ffn_moe_inp-12","node_2135",""
133,38,ARGSORT,0,19,1,1061,"ffn_moe_argsort-12","ffn_moe_probs-12",""
133,70,ADD,0,1,1,1752,"ffn_moe_out-12","node_2171","ffn_moe_weighted-12 (view)"
133,74,MUL_MAT,0,31,6,1867,"ffn_shexp-12","blk.12.ffn_down_shexp.weight","ffn_swiglu-12"
133,77,MUL,0,2,0,1875,"ffn_shexp_gated-12","ffn_shexp-12","shared_expert_gate_sigmoid-12"
133,78,ADD,0,2,1,1878,"ffn_out-12","ffn_moe_out-12","ffn_shexp_gated-12"
133,152,RMS_NORM,0,1,12,3318,"norm-13","attn_output-13",""
134,5,MUL_MAT,0,206,152,698,"linear_attn_out-13","blk.13.ssm_out.weight","final_output-13"
134,34,SCALE,0,0,2,931,"ffn_moe_inp-13","node_2289",""
134,38,ARGSORT,0,17,0,1070,"ffn_moe_argsort-13","ffn_moe_probs-13",""
134,70,ADD,0,1,1,1792,"ffn_moe_out-13","node_2325","ffn_moe_weighted-13 (view)"
134,74,MUL_MAT,0,21,18,1917,"ffn_shexp-13","blk.13.ffn_down_shexp.weight","ffn_swiglu-13"
134,77,MUL,0,2,0,1925,"ffn_shexp_gated-13","ffn_shexp-13","shared_expert_gate_sigmoid-13"
134,78,ADD,0,1,1,1927,"ffn_out-13","ffn_moe_out-13","ffn_shexp_gated-13"
134,152,RMS_NORM,0,0,2,3286,"norm-14","attn_output-14",""
135,5,MUL_MAT,0,164,165,636,"linear_attn_out-14","blk.14.ssm_out.weight","final_output-14"
135,34,SCALE,0,0,2,860,"ffn_moe_inp-14","node_2443",""
135,38,ARGSORT,0,17,0,985,"ffn_moe_argsort-14","ffn_moe_probs-14",""
135,70,ADD,0,0,1,1636,"ffn_moe_out-14","node_2479","ffn_moe_weighted-14 (view)"
135,74,MUL_MAT,0,19,19,1755,"ffn_shexp-14","blk.14.ffn_down_shexp.weight","ffn_swiglu-14"
135,77,MUL,0,2,0,1763,"ffn_shexp_gated-14","ffn_shexp-14","shared_expert_gate_sigmoid-14"
135,78,ADD,0,0,1,1765,"ffn_out-14","ffn_moe_out-14","ffn_shexp_gated-14"
135,151,RMS_NORM,0,3,1,3041,"norm-15","indexer_k_pooled-15 (reshaped)",""
136,38,MUL_MAT,0,253,79,537,"attn_output-15","blk.15.attn_output.weight","attn_gated-15"
136,66,SCALE,0,0,1,803,"ffn_moe_inp-15","node_2630",""
136,70,ARGSORT,0,20,0,932,"ffn_moe_argsort-15","ffn_moe_probs-15",""
136,102,ADD,0,1,1,1771,"ffn_moe_out-15","node_2666","ffn_moe_weighted-15 (view)"
136,106,MUL_MAT,0,26,18,1887,"ffn_shexp-15","blk.15.ffn_down_shexp.weight","ffn_swiglu-15"
136,109,MUL,0,2,0,1901,"ffn_shexp_gated-15","ffn_shexp-15","shared_expert_gate_sigmoid-15"
136,110,ADD,0,1,1,1903,"ffn_out-15","ffn_moe_out-15","ffn_shexp_gated-15"
136,184,RMS_NORM,0,0,2,3237,"norm-16","attn_output-16",""
137,5,MUL_MAT,0,253,67,627,"linear_attn_out-16","blk.16.ssm_out.weight","final_output-16"
137,34,SCALE,0,0,2,881,"ffn_moe_inp-16","node_2784",""
137,38,ARGSORT,0,21,0,1006,"ffn_moe_argsort-16","ffn_moe_probs-16",""
137,70,ADD,0,1,0,1735,"ffn_moe_out-16","node_2820","ffn_moe_weighted-16 (view)"
137,74,MUL_MAT,0,30,12,1858,"ffn_shexp-16","blk.16.ffn_down_shexp.weight","ffn_swiglu-16"
137,77,MUL,0,2,0,1868,"ffn_shexp_gated-16","ffn_shexp-16","shared_expert_gate_sigmoid-16"
137,78,ADD,0,1,0,1870,"ffn_out-16","ffn_moe_out-16","ffn_shexp_gated-16"
137,152,RMS_NORM,0,0,2,3248,"norm-17","attn_output-17",""
138,5,MUL_MAT,0,256,65,625,"linear_attn_out-17","blk.17.ssm_out.weight","final_output-17"
138,34,SCALE,0,0,1,872,"ffn_moe_inp-17","node_2938",""
138,38,ARGSORT,0,20,0,999,"ffn_moe_argsort-17","ffn_moe_probs-17",""
138,70,ADD,0,1,0,1629,"ffn_moe_out-17","node_2974","ffn_moe_weighted-17 (view)"
138,74,MUL_MAT,0,30,7,1750,"ffn_shexp-17","blk.17.ffn_down_shexp.weight","ffn_swiglu-17"
138,77,MUL,0,2,0,1758,"ffn_shexp_gated-17","ffn_shexp-17","shared_expert_gate_sigmoid-17"
138,78,ADD,0,1,1,1761,"ffn_out-17","ffn_moe_out-17","ffn_shexp_gated-17"
138,152,RMS_NORM,0,1,2,3102,"norm-18","attn_output-18",""
139,5,MUL_MAT,0,248,70,628,"linear_attn_out-18","blk.18.ssm_out.weight","final_output-18"
139,34,SCALE,0,0,1,865,"ffn_moe_inp-18","node_3092",""
139,38,ARGSORT,0,20,1,993,"ffn_moe_argsort-18","ffn_moe_probs-18",""
139,70,ADD,0,1,0,1651,"ffn_moe_out-18","node_3128","ffn_moe_weighted-18 (view)"
139,74,MUL_MAT,0,29,8,1780,"ffn_shexp-18","blk.18.ffn_down_shexp.weight","ffn_swiglu-18"
139,77,MUL,0,2,0,1787,"ffn_shexp_gated-18","ffn_shexp-18","shared_expert_gate_sigmoid-18"
139,78,ADD,0,1,0,1789,"ffn_out-18","ffn_moe_out-18","ffn_shexp_gated-18"
139,151,RMS_NORM,0,5,0,3081,"norm-19","indexer_k_pooled-19 (reshaped)",""
140,38,MUL_MAT,0,167,148,528,"attn_output-19","blk.19.attn_output.weight","attn_gated-19"
140,66,SCALE,0,1,1,745,"ffn_moe_inp-19","node_3279",""
140,70,ARGSORT,0,19,0,872,"ffn_moe_argsort-19","ffn_moe_probs-19",""
140,102,ADD,0,1,1,1505,"ffn_moe_out-19","node_3315","ffn_moe_weighted-19 (view)"
140,106,MUL_MAT,0,17,18,1611,"ffn_shexp-19","blk.19.ffn_down_shexp.weight","ffn_swiglu-19"
140,109,MUL,0,2,0,1620,"ffn_shexp_gated-19","ffn_shexp-19","shared_expert_gate_sigmoid-19"
140,110,ADD,0,1,8,1629,"ffn_out-19","ffn_moe_out-19","ffn_shexp_gated-19"
140,184,RMS_NORM,0,1,2,2821,"norm-20","attn_output-20",""
141,5,MUL_MAT,0,176,167,682,"linear_attn_out-20","blk.20.ssm_out.weight","final_output-20"
141,34,SCALE,0,0,3,924,"ffn_moe_inp-20","node_3433",""
141,38,ARGSORT,0,19,1,1052,"ffn_moe_argsort-20","ffn_moe_probs-20",""
141,70,ADD,0,1,1,1764,"ffn_moe_out-20","node_3469","ffn_moe_weighted-20 (view)"
141,74,MUL_MAT,0,21,17,1964,"ffn_shexp-20","blk.20.ffn_down_shexp.weight","ffn_swiglu-20"
141,77,MUL,0,2,0,1972,"ffn_shexp_gated-20","ffn_shexp-20","shared_expert_gate_sigmoid-20"
141,78,ADD,0,0,1,1974,"ffn_out-20","ffn_moe_out-20","ffn_shexp_gated-20"
141,152,RMS_NORM,0,1,2,3414,"norm-21","attn_output-21",""
142,5,MUL_MAT,0,182,144,635,"linear_attn_out-21","blk.21.ssm_out.weight","final_output-21"
142,34,SCALE,0,0,2,867,"ffn_moe_inp-21","node_3587",""
142,38,ARGSORT,0,17,1,990,"ffn_moe_argsort-21","ffn_moe_probs-21",""
142,70,ADD,0,1,0,1712,"ffn_moe_out-21","node_3623","ffn_moe_weighted-21 (view)"
142,74,MUL_MAT,0,23,14,1838,"ffn_shexp-21","blk.21.ffn_down_shexp.weight","ffn_swiglu-21"
142,77,MUL,0,2,0,1846,"ffn_shexp_gated-21","ffn_shexp-21","shared_expert_gate_sigmoid-21"
142,78,ADD,0,0,1,1848,"ffn_out-21","ffn_moe_out-21","ffn_shexp_gated-21"
142,152,RMS_NORM,0,1,13,3152,"norm-22","attn_output-22",""
143,5,MUL_MAT,0,351,12,728,"linear_attn_out-22","blk.22.ssm_out.weight","final_output-22"
143,34,SCALE,0,1,0,1034,"ffn_moe_inp-22","node_3741",""
143,38,ARGSORT,0,22,0,1174,"ffn_moe_argsort-22","ffn_moe_probs-22",""
143,70,ADD,0,2,0,1939,"ffn_moe_out-22","node_3777","ffn_moe_weighted-22 (view)"
143,74,MUL_MAT,0,32,74,2121,"ffn_shexp-22","blk.22.ffn_down_shexp.weight","ffn_swiglu-22"
143,77,MUL,0,3,1,2132,"ffn_shexp_gated-22","ffn_shexp-22","shared_expert_gate_sigmoid-22"
143,78,ADD,0,1,1,2134,"ffn_out-22","ffn_moe_out-22","ffn_shexp_gated-22"
143,151,RMS_NORM,0,8,1,3134,"norm-23","indexer_k_pooled-23 (reshaped)",""
144,38,MUL_MAT,0,298,11,523,"attn_output-23","blk.23.attn_output.weight","attn_gated-23"
144,66,SCALE,0,0,7,768,"ffn_moe_inp-23","node_3928",""
144,70,ARGSORT,0,21,1,888,"ffn_moe_argsort-23","ffn_moe_probs-23",""
144,102,ADD,0,1,1,1518,"ffn_moe_out-23","node_3964","ffn_moe_weighted-23 (view)"
144,106,MUL_MAT,0,32,116,1740,"ffn_shexp-23","blk.23.ffn_down_shexp.weight","ffn_swiglu-23"
144,109,MUL,0,3,1,1749,"ffn_shexp_gated-23","ffn_shexp-23","shared_expert_gate_sigmoid-23"
144,110,ADD,0,2,3,1754,"ffn_out-23","ffn_moe_out-23","ffn_shexp_gated-23"
144,184,RMS_NORM,0,1,9,3352,"norm-24","attn_output-24",""
145,5,MUL_MAT,0,300,12,612,"linear_attn_out-24","blk.24.ssm_out.weight","final_output-24"
145,34,SCALE,0,0,1,859,"ffn_moe_inp-24","node_4082",""
145,38,ARGSORT,0,22,1,983,"ffn_moe_argsort-24","ffn_moe_probs-24",""
145,70,ADD,0,2,0,1628,"ffn_moe_out-24","node_4118","ffn_moe_weighted-24 (view)"
145,74,MUL_MAT,0,37,7,1754,"ffn_shexp-24","blk.24.ffn_down_shexp.weight","ffn_swiglu-24"
145,77,MUL,0,3,1,1772,"ffn_shexp_gated-24","ffn_shexp-24","shared_expert_gate_sigmoid-24"
145,78,ADD,0,1,1,1774,"ffn_out-24","ffn_moe_out-24","ffn_shexp_gated-24"
145,152,RMS_NORM,0,1,0,3369,"norm-25","attn_output-25",""
146,5,MUL_MAT,0,322,8,662,"linear_attn_out-25","blk.25.ssm_out.weight","final_output-25"
146,34,SCALE,0,1,1,923,"ffn_moe_inp-25","node_4236",""
146,38,ARGSORT,0,22,0,1060,"ffn_moe_argsort-25","ffn_moe_probs-25",""
146,70,ADD,0,2,0,1712,"ffn_moe_out-25","node_4272","ffn_moe_weighted-25 (view)"
146,74,MUL_MAT,0,33,8,1846,"ffn_shexp-25","blk.25.ffn_down_shexp.weight","ffn_swiglu-25"
146,77,MUL,0,3,0,1855,"ffn_shexp_gated-25","ffn_shexp-25","shared_expert_gate_sigmoid-25"
146,78,ADD,0,1,1,1858,"ffn_out-25","ffn_moe_out-25","ffn_shexp_gated-25"
146,152,RMS_NORM,0,0,9,3517,"norm-26","attn_output-26",""
147,5,MUL_MAT,0,307,12,624,"linear_attn_out-26","blk.26.ssm_out.weight","final_output-26"
147,34,SCALE,0,0,0,924,"ffn_moe_inp-26","node_4390",""
147,38,ARGSORT,0,22,1,1062,"ffn_moe_argsort-26","ffn_moe_probs-26",""
147,70,ADD,0,2,1,1791,"ffn_moe_out-26","node_4426","ffn_moe_weighted-26 (view)"
147,74,MUL_MAT,0,44,1,1921,"ffn_shexp-26","blk.26.ffn_down_shexp.weight","ffn_swiglu-26"
147,77,MUL,0,3,0,1931,"ffn_shexp_gated-26","ffn_shexp-26","shared_expert_gate_sigmoid-26"
147,78,ADD,0,2,0,1933,"ffn_out-26","ffn_moe_out-26","ffn_shexp_gated-26"
147,151,RMS_NORM,0,8,0,3027,"norm-27","indexer_k_pooled-27 (reshaped)",""
148,38,MUL_MAT,0,305,10,532,"attn_output-27","blk.27.attn_output.weight","attn_gated-27"
148,66,SCALE,0,0,1,778,"ffn_moe_inp-27","node_4577",""
148,70,ARGSORT,0,22,0,906,"ffn_moe_argsort-27","ffn_moe_probs-27",""
148,102,ADD,0,1,1,2004,"ffn_moe_out-27","node_4613","ffn_moe_weighted-27 (view)"
148,106,MUL_MAT,0,33,2,2109,"ffn_shexp-27","blk.27.ffn_down_shexp.weight","ffn_swiglu-27"
148,109,MUL,0,3,0,2127,"ffn_shexp_gated-27","ffn_shexp-27","shared_expert_gate_sigmoid-27"
148,110,ADD,0,1,0,2129,"ffn_out-27","ffn_moe_out-27","ffn_shexp_gated-27"
148,184,RMS_NORM,0,1,0,3682,"norm-28","attn_output-28",""
149,5,MUL_MAT,0,304,10,608,"linear_attn_out-28","blk.28.ssm_out.weight","final_output-28"
149,34,SCALE,0,0,9,880,"ffn_moe_inp-28","node_4731",""
149,38,ARGSORT,0,23,0,1016,"ffn_moe_argsort-28","ffn_moe_probs-28",""
149,70,ADD,0,2,0,1755,"ffn_moe_out-28","node_4767","ffn_moe_weighted-28 (view)"
149,74,MUL_MAT,0,32,5,1870,"ffn_shexp-28","blk.28.ffn_down_shexp.weight","ffn_swiglu-28"
149,77,MUL,0,3,6,1885,"ffn_shexp_gated-28","ffn_shexp-28","shared_expert_gate_sigmoid-28"
149,78,ADD,0,1,41,1927,"ffn_out-28","ffn_moe_out-28","ffn_shexp_gated-28"
149,152,RMS_NORM,0,0,1,3140,"norm-29","attn_output-29",""
150,5,MUL_MAT,0,230,117,687,"linear_attn_out-29","blk.29.ssm_out.weight","final_output-29"
150,34,SCALE,0,0,2,939,"ffn_moe_inp-29","node_4885",""
150,38,ARGSORT,0,20,0,1070,"ffn_moe_argsort-29","ffn_moe_probs-29",""
150,70,ADD,0,1,1,1747,"ffn_moe_out-29","node_4921","ffn_moe_weighted-29 (view)"
150,74,MUL_MAT,0,36,10,1969,"ffn_shexp-29","blk.29.ffn_down_shexp.weight","ffn_swiglu-29"
150,77,MUL,0,2,0,2003,"ffn_shexp_gated-29","ffn_shexp-29","shared_expert_gate_sigmoid-29"
150,78,ADD,0,1,1,2006,"ffn_out-29","ffn_moe_out-29","ffn_shexp_gated-29"
150,152,RMS_NORM,0,0,2,3373,"norm-30","attn_output-30",""
151,5,MUL_MAT,0,277,61,654,"linear_attn_out-30","blk.30.ssm_out.weight","final_output-30"
151,34,SCALE,0,1,1,885,"ffn_moe_inp-30","node_5039",""
151,38,ARGSORT,0,21,0,1117,"ffn_moe_argsort-30","ffn_moe_probs-30",""
151,70,ADD,0,1,8,2016,"ffn_moe_out-30","node_5075","ffn_moe_weighted-30 (view)"
151,74,MUL_MAT,0,24,14,2131,"ffn_shexp-30","blk.30.ffn_down_shexp.weight","ffn_swiglu-30"
151,77,MUL,0,2,0,2139,"ffn_shexp_gated-30","ffn_shexp-30","shared_expert_gate_sigmoid-30"
151,78,ADD,0,1,0,2140,"ffn_out-30","ffn_moe_out-30","ffn_shexp_gated-30"
151,151,RMS_NORM,0,4,1,3265,"norm-31","indexer_k_pooled-31 (reshaped)",""
152,38,MUL_MAT,0,276,51,551,"attn_output-31","blk.31.attn_output.weight","attn_gated-31"
152,66,SCALE,0,0,5,793,"ffn_moe_inp-31","node_5226",""
152,70,ARGSORT,0,20,0,915,"ffn_moe_argsort-31","ffn_moe_probs-31",""
152,102,ADD,0,1,1,1517,"ffn_moe_out-31","node_5262","ffn_moe_weighted-31 (view)"
152,106,MUL_MAT,0,28,10,1631,"ffn_shexp-31","blk.31.ffn_down_shexp.weight","ffn_swiglu-31"
152,109,MUL,0,1,1,1642,"ffn_shexp_gated-31","ffn_shexp-31","shared_expert_gate_sigmoid-31"
152,110,ADD,0,1,0,1643,"ffn_out-31","ffn_moe_out-31","ffn_shexp_gated-31"
152,184,RMS_NORM,0,1,1,3040,"norm-32","attn_output-32",""
153,5,MUL_MAT,0,301,64,736,"linear_attn_out-32","blk.32.ssm_out.weight","final_output-32"
153,34,SCALE,0,0,2,987,"ffn_moe_inp-32","node_5380",""
153,38,ARGSORT,0,20,0,1181,"ffn_moe_argsort-32","ffn_moe_probs-32",""
153,70,ADD,0,2,0,1971,"ffn_moe_out-32","node_5416","ffn_moe_weighted-32 (view)"
153,74,MUL_MAT,0,33,2,2082,"ffn_shexp-32","blk.32.ffn_down_shexp.weight","ffn_swiglu-32"
153,77,MUL,0,2,3,2093,"ffn_shexp_gated-32","ffn_shexp-32","shared_expert_gate_sigmoid-32"
153,78,ADD,0,2,0,2095,"ffn_out-32","ffn_moe_out-32","ffn_shexp_gated-32"
153,152,RMS_NORM,0,1,1,3394,"norm-33","attn_output-33",""
154,5,MUL_MAT,0,263,66,661,"linear_attn_out-33","blk.33.ssm_out.weight","final_output-33"
154,34,SCALE,0,0,1,999,"ffn_moe_inp-33","node_5534",""
154,38,ARGSORT,0,20,0,1132,"ffn_moe_argsort-33","ffn_moe_probs-33",""
154,70,ADD,0,1,0,1881,"ffn_moe_out-33","node_5570","ffn_moe_weighted-33 (view)"
154,74,MUL_MAT,0,42,4,2009,"ffn_shexp-33","blk.33.ffn_down_shexp.weight","ffn_swiglu-33"
154,77,MUL,0,2,4,2034,"ffn_shexp_gated-33","ffn_shexp-33","shared_expert_gate_sigmoid-33"
154,78,ADD,0,1,1,2036,"ffn_out-33","ffn_moe_out-33","ffn_shexp_gated-33"
154,152,RMS_NORM,0,1,2,3609,"norm-34","attn_output-34",""
155,5,MUL_MAT,0,165,173,687,"linear_attn_out-34","blk.34.ssm_out.weight","final_output-34"
155,34,SCALE,0,0,2,948,"ffn_moe_inp-34","node_5688",""
155,38,ARGSORT,0,17,1,1072,"ffn_moe_argsort-34","ffn_moe_probs-34",""
155,70,ADD,0,0,2,1749,"ffn_moe_out-34","node_5724","ffn_moe_weighted-34 (view)"
155,74,MUL_MAT,0,29,11,1869,"ffn_shexp-34","blk.34.ffn_down_shexp.weight","ffn_swiglu-34"
155,77,MUL,0,2,10,1886,"ffn_shexp_gated-34","ffn_shexp-34","shared_expert_gate_sigmoid-34"
155,78,ADD,0,1,4,1891,"ffn_out-34","ffn_moe_out-34","ffn_shexp_gated-34"
155,151,RMS_NORM,0,5,0,2878,"norm-35","indexer_k_pooled-35 (reshaped)",""
156,38,MUL_MAT,0,270,64,634,"attn_output-35","blk.35.attn_output.weight","attn_gated-35"
156,66,SCALE,0,1,1,899,"ffn_moe_inp-35","node_5875",""
156,70,ARGSORT,0,22,0,1025,"ffn_moe_argsort-35","ffn_moe_probs-35",""
156,102,ADD,0,2,0,1693,"ffn_moe_out-35","node_5911","ffn_moe_weighted-35 (view)"
156,106,MUL_MAT,0,27,7,1808,"ffn_shexp-35","blk.35.ffn_down_shexp.weight","ffn_swiglu-35"
156,109,MUL,0,2,0,1824,"ffn_shexp_gated-35","ffn_shexp-35","shared_expert_gate_sigmoid-35"
156,110,ADD,0,1,1,1827,"ffn_out-35","ffn_moe_out-35","ffn_shexp_gated-35"
156,184,RMS_NORM,0,1,1,3136,"norm-36","attn_output-36",""
157,5,MUL_MAT,0,250,80,642,"linear_attn_out-36","blk.36.ssm_out.weight","final_output-36"
157,34,SCALE,0,0,2,885,"ffn_moe_inp-36","node_6029",""
157,38,ARGSORT,0,22,1,1017,"ffn_moe_argsort-36","ffn_moe_probs-36",""
157,70,ADD,0,1,1,1855,"ffn_moe_out-36","node_6065","ffn_moe_weighted-36 (view)"
157,74,MUL_MAT,0,39,0,1990,"ffn_shexp-36","blk.36.ffn_down_shexp.weight","ffn_swiglu-36"
157,77,MUL,0,2,0,1997,"ffn_shexp_gated-36","ffn_shexp-36","shared_expert_gate_sigmoid-36"
157,78,ADD,0,1,1,1999,"ffn_out-36","ffn_moe_out-36","ffn_shexp_gated-36"
157,152,RMS_NORM,0,0,7,3370,"norm-37","attn_output-37",""
158,5,MUL_MAT,0,269,58,633,"linear_attn_out-37","blk.37.ssm_out.weight","final_output-37"
158,34,SCALE,0,0,1,903,"ffn_moe_inp-37","node_6183",""
158,38,ARGSORT,0,20,1,1029,"ffn_moe_argsort-37","ffn_moe_probs-37",""
158,70,ADD,0,2,0,1818,"ffn_moe_out-37","node_6219","ffn_moe_weighted-37 (view)"
158,74,MUL_MAT,0,30,18,1958,"ffn_shexp-37","blk.37.ffn_down_shexp.weight","ffn_swiglu-37"
158,77,MUL,0,2,1,1966,"ffn_shexp_gated-37","ffn_shexp-37","shared_expert_gate_sigmoid-37"
158,78,ADD,0,1,0,1967,"ffn_out-37","ffn_moe_out-37","ffn_shexp_gated-37"
158,152,RMS_NORM,0,1,2,3492,"norm-38","attn_output-38",""
159,5,MUL_MAT,0,266,65,648,"linear_attn_out-38","blk.38.ssm_out.weight","final_output-38"
159,34,SCALE,0,0,2,899,"ffn_moe_inp-38","node_6337",""
159,38,ARGSORT,0,22,7,1031,"ffn_moe_argsort-38","ffn_moe_probs-38",""
159,70,ADD,0,1,0,1688,"ffn_moe_out-38","node_6373","ffn_moe_weighted-38 (view)"
159,74,MUL_MAT,0,31,12,1812,"ffn_shexp-38","blk.38.ffn_down_shexp.weight","ffn_swiglu-38"
159,77,MUL,0,2,1,1821,"ffn_shexp_gated-38","ffn_shexp-38","shared_expert_gate_sigmoid-38"
159,78,ADD,0,1,1,1823,"ffn_out-38","ffn_moe_out-38","ffn_shexp_gated-38"
159,87,ADD,0,2,0,1847,"l_last-38","hc_combine-38","node_6390"
160,0,GET_ROWS,0,4,0,4,"model.input_embed","token_embd.weight","inp_tokens"
160,69,RMS_NORM,0,1,2,1321,"norm-0","attn_output-0",""
161,5,MUL_MAT,0,314,81,757,"linear_attn_out-0","blk.0.ssm_out.weight","final_output-0"
161,34,SCALE,0,0,1,1031,"ffn_moe_inp-0","node_104",""
161,38,ARGSORT,0,23,0,1176,"ffn_moe_argsort-0","ffn_moe_probs-0",""
161,70,ADD,0,1,1,1916,"ffn_moe_out-0","node_140","ffn_moe_weighted-0 (view)"
161,93,MUL_MAT,0,29,23,2800,"ffn_shexp-0","blk.0.ffn_down_shexp.weight","ffn_swiglu-0"
161,96,MUL,0,2,0,2807,"ffn_shexp_gated-0","ffn_shexp-0","shared_expert_gate_sigmoid-0"
161,97,ADD,0,2,0,2809,"ffn_out-0","ffn_moe_out-0","ffn_shexp_gated-0"
161,236,RMS_NORM,0,0,1,4458,"norm-1","attn_output-1",""
162,5,MUL_MAT,0,270,68,652,"linear_attn_out-1","blk.1.ssm_out.weight","final_output-1"
162,34,SCALE,0,0,2,932,"ffn_moe_inp-1","node_342",""
162,38,ARGSORT,0,22,0,1065,"ffn_moe_argsort-1","ffn_moe_probs-1",""
162,70,ADD,0,1,1,2280,"ffn_moe_out-1","node_378","ffn_moe_weighted-1 (view)"
162,74,MUL_MAT,0,30,5,2596,"ffn_shexp-1","blk.1.ffn_down_shexp.weight","ffn_swiglu-1"
162,77,MUL,0,2,0,2605,"ffn_shexp_gated-1","ffn_shexp-1","shared_expert_gate_sigmoid-1"
162,78,ADD,0,1,1,2608,"ffn_out-1","ffn_moe_out-1","ffn_shexp_gated-1"
162,152,RMS_NORM,0,0,7,3914,"norm-2","attn_output-2",""
163,5,MUL_MAT,0,300,26,631,"linear_attn_out-2","blk.2.ssm_out.weight","final_output-2"
163,34,SCALE,0,0,2,902,"ffn_moe_inp-2","node_496",""
163,38,ARGSORT,0,34,0,1039,"ffn_moe_argsort-2","ffn_moe_probs-2",""
163,70,ADD,0,1,9,1925,"ffn_moe_out-2","node_532","ffn_moe_weighted-2 (view)"
163,74,MUL_MAT,0,39,3,2049,"ffn_shexp-2","blk.2.ffn_down_shexp.weight","ffn_swiglu-2"
163,77,MUL,0,2,0,2062,"ffn_shexp_gated-2","ffn_shexp-2","shared_expert_gate_sigmoid-2"
163,78,ADD,0,2,0,2064,"ffn_out-2","ffn_moe_out-2","ffn_shexp_gated-2"
163,151,RMS_NORM,0,4,0,3162,"norm-3","indexer_k_pooled-3 (reshaped)",""
164,38,MUL_MAT,0,279,38,529,"attn_output-3","blk.3.attn_output.weight","attn_gated-3"
164,66,SCALE,0,0,2,781,"ffn_moe_inp-3","node_683",""
164,70,ARGSORT,0,20,0,900,"ffn_moe_argsort-3","ffn_moe_probs-3",""
164,102,ADD,0,1,1,1509,"ffn_moe_out-3","node_719","ffn_moe_weighted-3 (view)"
164,106,MUL_MAT,0,31,16,1633,"ffn_shexp-3","blk.3.ffn_down_shexp.weight","ffn_swiglu-3"
164,109,MUL,0,2,1,1642,"ffn_shexp_gated-3","ffn_shexp-3","shared_expert_gate_sigmoid-3"
164,110,ADD,0,1,1,1644,"ffn_out-3","ffn_moe_out-3","ffn_shexp_gated-3"
164,184,RMS_NORM,0,1,0,3355,"norm-4","attn_output-4",""
165,5,MUL_MAT,0,319,8,653,"linear_attn_out-4","blk.4.ssm_out.weight","final_output-4"
165,34,SCALE,0,0,2,906,"ffn_moe_inp-4","node_837",""
165,38,ARGSORT,0,22,0,1041,"ffn_moe_argsort-4","ffn_moe_probs-4",""
165,70,ADD,0,1,1,1988,"ffn_moe_out-4","node_873","ffn_moe_weighted-4 (view)"
165,74,MUL_MAT,0,38,2,2120,"ffn_shexp-4","blk.4.ffn_down_shexp.weight","ffn_swiglu-4"
165,77,MUL,0,3,0,2130,"ffn_shexp_gated-4","ffn_shexp-4","shared_expert_gate_sigmoid-4"
165,78,ADD,0,1,7,2139,"ffn_out-4","ffn_moe_out-4","ffn_shexp_gated-4"
165,152,RMS_NORM,0,1,1,3716,"norm-5","attn_output-5",""
166,5,MUL_MAT,0,307,3,608,"linear_attn_out-5","blk.5.ssm_out.weight","final_output-5"
166,34,SCALE,0,1,1,871,"ffn_moe_inp-5","node_991",""
166,38,ARGSORT,0,23,0,998,"ffn_moe_argsort-5","ffn_moe_probs-5",""
166,70,ADD,0,1,9,1644,"ffn_moe_out-5","node_1027","ffn_moe_weighted-5 (view)"
166,74,MUL_MAT,0,35,6,1769,"ffn_shexp-5","blk.5.ffn_down_shexp.weight","ffn_swiglu-5"
166,77,MUL,0,3,1,1780,"ffn_shexp_gated-5","ffn_shexp-5","shared_expert_gate_sigmoid-5"
166,78,ADD,0,1,1,1782,"ffn_out-5","ffn_moe_out-5","ffn_shexp_gated-5"
166,152,RMS_NORM,0,0,1,3470,"norm-6","attn_output-6",""
167,5,MUL_MAT,0,308,3,611,"linear_attn_out-6","blk.6.ssm_out.weight","final_output-6"
167,34,SCALE,0,0,11,869,"ffn_moe_inp-6","node_1145",""
167,38,ARGSORT,0,21,1,995,"ffn_moe_argsort-6","ffn_moe_probs-6",""
167,70,ADD,0,1,1,2136,"ffn_moe_out-6","node_1181","ffn_moe_weighted-6 (view)"
167,74,MUL_MAT,0,36,2,2258,"ffn_shexp-6","blk.6.ffn_down_shexp.weight","ffn_swiglu-6"
167,77,MUL,0,3,0,2268,"ffn_shexp_gated-6","ffn_shexp-6","shared_expert_gate_sigmoid-6"
167,78,ADD,0,1,1,2271,"ffn_out-6","ffn_moe_out-6","ffn_shexp_gated-6"
167,151,RMS_NORM,0,8,0,3274,"norm-7","indexer_k_pooled-7 (reshaped)",""
168,38,MUL_MAT,0,331,1,571,"attn_output-7","blk.7.attn_output.weight","attn_gated-7"
168,66,SCALE,0,0,5,839,"ffn_moe_inp-7","node_1332",""
168,70,ARGSORT,0,20,1,968,"ffn_moe_argsort-7","ffn_moe_probs-7",""
168,102,ADD,0,1,1,1724,"ffn_moe_out-7","node_1368","ffn_moe_weighted-7 (view)"
168,106,MUL_MAT,0,32,4,1843,"ffn_shexp-7","blk.7.ffn_down_shexp.weight","ffn_swiglu-7"
168,109,MUL,0,3,0,1863,"ffn_shexp_gated-7","ffn_shexp-7","shared_expert_gate_sigmoid-7"
168,110,ADD,0,1,1,1866,"ffn_out-7","ffn_moe_out-7","ffn_shexp_gated-7"
168,184,RMS_NORM,0,1,0,3380,"norm-8","attn_output-8",""
169,5,MUL_MAT,0,302,13,628,"linear_attn_out-8","blk.8.ssm_out.weight","final_output-8"
169,34,SCALE,0,0,1,885,"ffn_moe_inp-8","node_1486",""
169,38,ARGSORT,0,21,0,1010,"ffn_moe_argsort-8","ffn_moe_probs-8",""
169,70,ADD,0,2,0,2294,"ffn_moe_out-8","node_1522","ffn_moe_weighted-8 (view)"
169,74,MUL_MAT,0,35,5,2423,"ffn_shexp-8","blk.8.ffn_down_shexp.weight","ffn_swiglu-8"
169,77,MUL,0,3,1,2434,"ffn_shexp_gated-8","ffn_shexp-8","shared_expert_gate_sigmoid-8"
169,78,ADD,0,1,1,2436,"ffn_out-8","ffn_moe_out-8","ffn_shexp_gated-8"
169,152,RMS_NORM,0,1,0,4055,"norm-9","attn_output-9",""
170,5,MUL_MAT,0,305,5,606,"linear_attn_out-9","blk.9.ssm_out.weight","final_output-9"
170,34,SCALE,0,0,3,1020,"ffn_moe_inp-9","node_1640",""
170,38,ARGSORT,0,31,1,1185,"ffn_moe_argsort-9","ffn_moe_probs-9",""
170,70,ADD,0,2,0,2410,"ffn_moe_out-9","node_1676","ffn_moe_weighted-9 (view)"
170,74,MUL_MAT,0,31,8,2528,"ffn_shexp-9","blk.9.ffn_down_shexp.weight","ffn_swiglu-9"
170,77,MUL,0,2,0,2536,"ffn_shexp_gated-9","ffn_shexp-9","shared_expert_gate_sigmoid-9"
170,78,ADD,0,1,1,2538,"ffn_out-9","ffn_moe_out-9","ffn_shexp_gated-9"
170,152,RMS_NORM,0,0,2,3858,"norm-10","attn_output-10",""
171,5,MUL_MAT,0,280,170,770,"linear_attn_out-10","blk.10.ssm_out.weight","final_output-10"
171,34,SCALE,0,0,9,1023,"ffn_moe_inp-10","node_1794",""
171,38,ARGSORT,0,22,0,1158,"ffn_moe_argsort-10","ffn_moe_probs-10",""
171,70,ADD,0,1,1,2340,"ffn_moe_out-10","node_1830","ffn_moe_weighted-10 (view)"
171,74,MUL_MAT,0,30,6,2456,"ffn_shexp-10","blk.10.ffn_down_shexp.weight","ffn_swiglu-10"
171,77,MUL,0,2,0,2465,"ffn_shexp_gated-10","ffn_shexp-10","shared_expert_gate_sigmoid-10"
171,78,ADD,0,1,0,2467,"ffn_out-10","ffn_moe_out-10","ffn_shexp_gated-10"
171,151,RMS_NORM,0,5,0,3626,"norm-11","indexer_k_pooled-11 (reshaped)",""
172,38,MUL_MAT,0,269,61,540,"attn_output-11","blk.11.attn_output.weight","attn_gated-11"
172,66,SCALE,0,0,2,815,"ffn_moe_inp-11","node_1981",""
172,70,ARGSORT,0,22,0,944,"ffn_moe_argsort-11","ffn_moe_probs-11",""
172,102,ADD,0,1,0,1562,"ffn_moe_out-11","node_2017","ffn_moe_weighted-11 (view)"
172,106,MUL_MAT,0,34,1,1676,"ffn_shexp-11","blk.11.ffn_down_shexp.weight","ffn_swiglu-11"
172,109,MUL,0,2,0,1685,"ffn_shexp_gated-11","ffn_shexp-11","shared_expert_gate_sigmoid-11"
172,110,ADD,0,2,0,1687,"ffn_out-11","ffn_moe_out-11","ffn_shexp_gated-11"
172,184,RMS_NORM,0,1,1,2925,"norm-12","attn_output-12",""
173,5,MUL_MAT,0,263,65,643,"linear_attn_out-12","blk.12.ssm_out.weight","final_output-12"
173,34,SCALE,0,0,2,874,"ffn_moe_inp-12","node_2135",""
173,38,ARGSORT,0,21,1,997,"ffn_moe_argsort-12","ffn_moe_probs-12",""
173,70,ADD,0,2,0,1645,"ffn_moe_out-12","node_2171","ffn_moe_weighted-12 (view)"
173,74,MUL_MAT,0,33,7,1763,"ffn_shexp-12","blk.12.ffn_down_shexp.weight","ffn_swiglu-12"
173,77,MUL,0,2,1,1772,"ffn_shexp_gated-12","ffn_shexp-12","shared_expert_gate_sigmoid-12"
173,78,ADD,0,1,1,1774,"ffn_out-12","ffn_moe_out-12","ffn_shexp_gated-12"
173,152,RMS_NORM,0,0,2,3107,"norm-13","attn_output-13",""
174,5,MUL_MAT,0,269,62,664,"linear_attn_out-13","blk.13.ssm_out.weight","final_output-13"
174,34,SCALE,0,0,1,926,"ffn_moe_inp-13","node_2289",""
174,38,ARGSORT,0,20,8,1057,"ffn_moe_argsort-13","ffn_moe_probs-13",""
174,70,ADD,0,1,0,1677,"ffn_moe_out-13","node_2325","ffn_moe_weighted-13 (view)"
174,74,MUL_MAT,0,30,8,1806,"ffn_shexp-13","blk.13.ffn_down_shexp.weight","ffn_swiglu-13"
174,77,MUL,0,2,0,1813,"ffn_shexp_gated-13","ffn_shexp-13","shared_expert_gate_sigmoid-13"
174,78,ADD,0,1,0,1815,"ffn_out-13","ffn_moe_out-13","ffn_shexp_gated-13"
174,152,RMS_NORM,0,1,1,3249,"norm-14","attn_output-14",""
175,5,MUL_MAT,0,265,59,648,"linear_attn_out-14","blk.14.ssm_out.weight","final_output-14"
175,34,SCALE,0,0,2,896,"ffn_moe_inp-14","node_2443",""
175,38,ARGSORT,0,20,0,1021,"ffn_moe_argsort-14","ffn_moe_probs-14",""
175,70,ADD,0,2,0,2094,"ffn_moe_out-14","node_2479","ffn_moe_weighted-14 (view)"
175,74,MUL_MAT,0,30,6,2209,"ffn_shexp-14","blk.14.ffn_down_shexp.weight","ffn_swiglu-14"
175,77,MUL,0,2,0,2217,"ffn_shexp_gated-14","ffn_shexp-14","shared_expert_gate_sigmoid-14"
175,78,ADD,0,1,1,2219,"ffn_out-14","ffn_moe_out-14","ffn_shexp_gated-14"
175,151,RMS_NORM,0,5,0,3206,"norm-15","indexer_k_pooled-15 (reshaped)",""
176,38,MUL_MAT,0,279,43,548,"attn_output-15","blk.15.attn_output.weight","attn_gated-15"
176,66,SCALE,0,0,2,802,"ffn_moe_inp-15","node_2630",""
176,70,ARGSORT,0,19,0,924,"ffn_moe_argsort-15","ffn_moe_probs-15",""
176,102,ADD,0,1,1,1586,"ffn_moe_out-15","node_2666","ffn_moe_weighted-15 (view)"
176,106,MUL_MAT,0,26,10,1729,"ffn_shexp-15","blk.15.ffn_down_shexp.weight","ffn_swiglu-15"
176,109,MUL,0,2,0,1737,"ffn_shexp_gated-15","ffn_shexp-15","shared_expert_gate_sigmoid-15"
176,110,ADD,0,2,1,1740,"ffn_out-15","ffn_moe_out-15","ffn_shexp_gated-15"
176,184,RMS_NORM,0,0,1,3081,"norm-16","attn_output-16",""
177,5,MUL_MAT,0,264,55,634,"linear_attn_out-16","blk.16.ssm_out.weight","final_output-16"
177,34,SCALE,0,0,2,880,"ffn_moe_inp-16","node_2784",""
177,38,ARGSORT,0,19,0,998,"ffn_moe_argsort-16","ffn_moe_probs-16",""
177,70,ADD,0,1,1,1696,"ffn_moe_out-16","node_2820","ffn_moe_weighted-16 (view)"
177,74,MUL_MAT,0,29,9,1834,"ffn_shexp-16","blk.16.ffn_down_shexp.weight","ffn_swiglu-16"
177,77,MUL,0,3,0,1844,"ffn_shexp_gated-16","ffn_shexp-16","shared_expert_gate_sigmoid-16"
177,78,ADD,0,1,1,1846,"ffn_out-16","ffn_moe_out-16","ffn_shexp_gated-16"
177,152,RMS_NORM,0,1,2,3250,"norm-17","attn_output-17",""
178,5,MUL_MAT,0,269,58,655,"linear_attn_out-17","blk.17.ssm_out.weight","final_output-17"
178,34,SCALE,0,0,1,907,"ffn_moe_inp-17","node_2938",""
178,38,ARGSORT,0,18,1,1241,"ffn_moe_argsort-17","ffn_moe_probs-17",""
178,70,ADD,0,1,0,1871,"ffn_moe_out-17","node_2974","ffn_moe_weighted-17 (view)"
178,74,MUL_MAT,0,31,9,2001,"ffn_shexp-17","blk.17.ffn_down_shexp.weight","ffn_swiglu-17"
178,77,MUL,0,2,0,2009,"ffn_shexp_gated-17","ffn_shexp-17","shared_expert_gate_sigmoid-17"
178,78,ADD,0,1,1,2011,"ffn_out-17","ffn_moe_out-17","ffn_shexp_gated-17"
178,152,RMS_NORM,0,0,1,3370,"norm-18","attn_output-18",""
179,5,MUL_MAT,0,279,53,647,"linear_attn_out-18","blk.18.ssm_out.weight","final_output-18"
179,34,SCALE,0,0,1,910,"ffn_moe_inp-18","node_3092",""
179,38,ARGSORT,0,20,0,1033,"ffn_moe_argsort-18","ffn_moe_probs-18",""
179,70,ADD,0,1,1,1669,"ffn_moe_out-18","node_3128","ffn_moe_weighted-18 (view)"
179,74,MUL_MAT,0,30,6,1787,"ffn_shexp-18","blk.18.ffn_down_shexp.weight","ffn_swiglu-18"
179,77,MUL,0,3,0,1808,"ffn_shexp_gated-18","ffn_shexp-18","shared_expert_gate_sigmoid-18"
179,78,ADD,0,1,1,1810,"ffn_out-18","ffn_moe_out-18","ffn_shexp_gated-18"
179,151,RMS_NORM,0,8,1,2792,"norm-19","indexer_k_pooled-19 (reshaped)",""
180,38,MUL_MAT,0,317,14,581,"attn_output-19","blk.19.attn_output.weight","attn_gated-19"
180,66,SCALE,0,0,1,839,"ffn_moe_inp-19","node_3279",""
180,70,ARGSORT,0,22,0,969,"ffn_moe_argsort-19","ffn_moe_probs-19",""
180,102,ADD,0,1,1,1637,"ffn_moe_out-19","node_3315","ffn_moe_weighted-19 (view)"
180,106,MUL_MAT,0,33,3,1743,"ffn_shexp-19","blk.19.ffn_down_shexp.weight","ffn_swiglu-19"
180,109,MUL,0,3,1,1757,"ffn_shexp_gated-19","ffn_shexp-19","shared_expert_gate_sigmoid-19"
180,110,ADD,0,2,0,1759,"ffn_out-19","ffn_moe_out-19","ffn_shexp_gated-19"
180,184,RMS_NORM,0,1,0,3246,"norm-20","attn_output-20",""
181,5,MUL_MAT,0,305,16,617,"linear_attn_out-20","blk.20.ssm_out.weight","final_output-20"
181,34,SCALE,0,0,2,857,"ffn_moe_inp-20","node_3433",""
181,38,ARGSORT,0,28,0,992,"ffn_moe_argsort-20","ffn_moe_probs-20",""
181,70,ADD,0,2,9,1667,"ffn_moe_out-20","node_3469","ffn_moe_weighted-20 (view)"
181,74,MUL_MAT,0,37,2,1786,"ffn_shexp-20","blk.20.ffn_down_shexp.weight","ffn_swiglu-20"
181,77,MUL,0,3,0,1796,"ffn_shexp_gated-20","ffn_shexp-20","shared_expert_gate_sigmoid-20"
181,78,ADD,0,2,0,1798,"ffn_out-20","ffn_moe_out-20","ffn_shexp_gated-20"
181,152,RMS_NORM,0,0,2,3653,"norm-21","attn_output-21",""
182,5,MUL_MAT,0,299,16,612,"linear_attn_out-21","blk.21.ssm_out.weight","final_output-21"
182,34,SCALE,0,0,1,871,"ffn_moe_inp-21","node_3587",""
182,38,ARGSORT,0,22,0,998,"ffn_moe_argsort-21","ffn_moe_probs-21",""
182,70,ADD,0,2,0,1642,"ffn_moe_out-21","node_3623","ffn_moe_weighted-21 (view)"
182,74,MUL_MAT,0,34,2,1769,"ffn_shexp-21","blk.21.ffn_down_shexp.weight","ffn_swiglu-21"
182,77,MUL,0,3,1,1779,"ffn_shexp_gated-21","ffn_shexp-21","shared_expert_gate_sigmoid-21"
182,78,ADD,0,1,1,1781,"ffn_out-21","ffn_moe_out-21","ffn_shexp_gated-21"
182,152,RMS_NORM,0,1,1,3421,"norm-22","attn_output-22",""
183,5,MUL_MAT,0,302,12,632,"linear_attn_out-22","blk.22.ssm_out.weight","final_output-22"
183,34,SCALE,0,0,2,922,"ffn_moe_inp-22","node_3741",""
183,38,ARGSORT,0,23,0,1048,"ffn_moe_argsort-22","ffn_moe_probs-22",""
183,70,ADD,0,2,1,1702,"ffn_moe_out-22","node_3777","ffn_moe_weighted-22 (view)"
183,74,MUL_MAT,0,35,5,1827,"ffn_shexp-22","blk.22.ffn_down_shexp.weight","ffn_swiglu-22"
183,77,MUL,0,3,0,1837,"ffn_shexp_gated-22","ffn_shexp-22","shared_expert_gate_sigmoid-22"
183,78,ADD,0,1,1,1840,"ffn_out-22","ffn_moe_out-22","ffn_shexp_gated-22"
183,151,RMS_NORM,0,8,0,2881,"norm-23","indexer_k_pooled-23 (reshaped)",""
184,38,MUL_MAT,0,326,7,578,"attn_output-23","blk.23.attn_output.weight","attn_gated-23"
184,66,SCALE,0,1,1,859,"ffn_moe_inp-23","node_3928",""
184,70,ARGSORT,0,21,0,987,"ffn_moe_argsort-23","ffn_moe_probs-23",""
184,102,ADD,0,1,1,1683,"ffn_moe_out-23","node_3964","ffn_moe_weighted-23 (view)"
184,106,MUL_MAT,0,33,3,1793,"ffn_shexp-23","blk.23.ffn_down_shexp.weight","ffn_swiglu-23"
184,109,MUL,0,3,0,1806,"ffn_shexp_gated-23","ffn_shexp-23","shared_expert_gate_sigmoid-23"
184,110,ADD,0,1,0,1808,"ffn_out-23","ffn_moe_out-23","ffn_shexp_gated-23"
184,184,RMS_NORM,0,1,1,3313,"norm-24","attn_output-24",""
185,5,MUL_MAT,0,293,14,615,"linear_attn_out-24","blk.24.ssm_out.weight","final_output-24"
185,34,SCALE,0,0,2,876,"ffn_moe_inp-24","node_4082",""
185,38,ARGSORT,0,22,1,1001,"ffn_moe_argsort-24","ffn_moe_probs-24",""
185,70,ADD,0,1,1,1722,"ffn_moe_out-24","node_4118","ffn_moe_weighted-24 (view)"
185,74,MUL_MAT,0,37,14,1989,"ffn_shexp-24","blk.24.ffn_down_shexp.weight","ffn_swiglu-24"
185,77,MUL,0,1,1,1998,"ffn_shexp_gated-24","ffn_shexp-24","shared_expert_gate_sigmoid-24"
185,78,ADD,0,1,8,2007,"ffn_out-24","ffn_moe_out-24","ffn_shexp_gated-24"
185,152,RMS_NORM,0,0,1,3544,"norm-25","attn_output-25",""
186,5,MUL_MAT,0,278,46,647,"linear_attn_out-25","blk.25.ssm_out.weight","final_output-25"
186,34,SCALE,0,0,2,898,"ffn_moe_inp-25","node_4236",""
186,38,ARGSORT,0,22,0,1031,"ffn_moe_argsort-25","ffn_moe_probs-25",""
186,70,ADD,0,1,1,1644,"ffn_moe_out-25","node_4272","ffn_moe_weighted-25 (view)"
186,74,MUL_MAT,0,30,5,1755,"ffn_shexp-25","blk.25.ffn_down_shexp.weight","ffn_swiglu-25"
186,77,MUL,0,1,1,1763,"ffn_shexp_gated-25","ffn_shexp-25","shared_expert_gate_sigmoid-25"
186,78,ADD,0,1,0,1764,"ffn_out-25","ffn_moe_out-25","ffn_shexp_gated-25"
186,152,RMS_NORM,0,0,1,3031,"norm-26","attn_output-26",""
187,5,MUL_MAT,0,255,75,650,"linear_attn_out-26","blk.26.ssm_out.weight","final_output-26"
187,34,SCALE,0,0,1,890,"ffn_moe_inp-26","node_4390",""
187,38,ARGSORT,0,20,0,1014,"ffn_moe_argsort-26","ffn_moe_probs-26",""
187,70,ADD,0,2,0,1617,"ffn_moe_out-26","node_4426","ffn_moe_weighted-26 (view)"
187,74,MUL_MAT,0,37,13,1750,"ffn_shexp-26","blk.26.ffn_down_shexp.weight","ffn_swiglu-26"
187,77,MUL,0,2,3,1760,"ffn_shexp_gated-26","ffn_shexp-26","shared_expert_gate_sigmoid-26"
187,78,ADD,0,1,0,1761,"ffn_out-26","ffn_moe_out-26","ffn_shexp_gated-26"
187,151,RMS_NORM,0,5,0,2817,"norm-27","indexer_k_pooled-27 (reshaped)",""
188,38,MUL_MAT,0,268,39,505,"attn_output-27","blk.27.attn_output.weight","attn_gated-27"
188,66,SCALE,0,0,2,727,"ffn_moe_inp-27","node_4577",""
188,70,ARGSORT,0,19,0,848,"ffn_moe_argsort-27","ffn_moe_probs-27",""
188,102,ADD,0,1,1,1465,"ffn_moe_out-27","node_4613","ffn_moe_weighted-27 (view)"
188,106,MUL_MAT,0,28,14,1601,"ffn_shexp-27","blk.27.ffn_down_shexp.weight","ffn_swiglu-27"
188,109,MUL,0,2,0,1620,"ffn_shexp_gated-27","ffn_shexp-27","shared_expert_gate_sigmoid-27"
188,110,ADD,0,1,0,1622,"ffn_out-27","ffn_moe_out-27","ffn_shexp_gated-27"
188,184,RMS_NORM,0,0,10,3211,"norm-28","attn_output-28",""
189,5,MUL_MAT,0,276,83,700,"linear_attn_out-28","blk.28.ssm_out.weight","final_output-28"
189,34,SCALE,0,0,2,980,"ffn_moe_inp-28","node_4731",""
189,38,ARGSORT,0,22,0,1112,"ffn_moe_argsort-28","ffn_moe_probs-28",""
189,70,ADD,0,1,0,1782,"ffn_moe_out-28","node_4767","ffn_moe_weighted-28 (view)"
189,74,MUL_MAT,0,28,9,1902,"ffn_shexp-28","blk.28.ffn_down_shexp.weight","ffn_swiglu-28"
189,77,MUL,0,2,0,1909,"ffn_shexp_gated-28","ffn_shexp-28","shared_expert_gate_sigmoid-28"
189,78,ADD,0,1,0,1911,"ffn_out-28","ffn_moe_out-28","ffn_shexp_gated-28"
189,152,RMS_NORM,0,0,2,3180,"norm-29","attn_output-29",""
190,5,MUL_MAT,0,255,60,626,"linear_attn_out-29","blk.29.ssm_out.weight","final_output-29"
190,34,SCALE,0,0,1,874,"ffn_moe_inp-29","node_4885",""
190,38,ARGSORT,0,20,0,997,"ffn_moe_argsort-29","ffn_moe_probs-29",""
190,70,ADD,0,1,1,1692,"ffn_moe_out-29","node_4921","ffn_moe_weighted-29 (view)"
190,74,MUL_MAT,0,30,12,1816,"ffn_shexp-29","blk.29.ffn_down_shexp.weight","ffn_swiglu-29"
190,77,MUL,0,2,0,1822,"ffn_shexp_gated-29","ffn_shexp-29","shared_expert_gate_sigmoid-29"
190,78,ADD,0,0,1,1824,"ffn_out-29","ffn_moe_out-29","ffn_shexp_gated-29"
190,152,RMS_NORM,0,0,4,3127,"norm-30","attn_output-30",""
191,5,MUL_MAT,0,179,143,635,"linear_attn_out-30","blk.30.ssm_out.weight","final_output-30"
191,34,SCALE,0,1,1,867,"ffn_moe_inp-30","node_5039",""
191,38,ARGSORT,0,17,0,984,"ffn_moe_argsort-30","ffn_moe_probs-30",""
191,70,ADD,0,1,11,1764,"ffn_moe_out-30","node_5075","ffn_moe_weighted-30 (view)"
191,74,MUL_MAT,0,23,14,1879,"ffn_shexp-30","blk.30.ffn_down_shexp.weight","ffn_swiglu-30"
191,77,MUL,0,1,1,1887,"ffn_shexp_gated-30","ffn_shexp-30","shared_expert_gate_sigmoid-30"
191,78,ADD,0,1,1,1889,"ffn_out-30","ffn_moe_out-30","ffn_shexp_gated-30"
191,151,RMS_NORM,0,4,0,2874,"norm-31","indexer_k_pooled-31 (reshaped)",""
192,38,MUL_MAT,0,160,143,487,"attn_output-31","blk.31.attn_output.weight","attn_gated-31"
192,66,SCALE,0,0,1,710,"ffn_moe_inp-31","node_5226",""
192,70,ARGSORT,0,17,0,824,"ffn_moe_argsort-31","ffn_moe_probs-31",""
192,102,ADD,0,1,1,1527,"ffn_moe_out-31","node_5262","ffn_moe_weighted-31 (view)"
192,106,MUL_MAT,0,29,6,1658,"ffn_shexp-31","blk.31.ffn_down_shexp.weight","ffn_swiglu-31"
192,109,MUL,0,2,0,1666,"ffn_shexp_gated-31","ffn_shexp-31","shared_expert_gate_sigmoid-31"
192,110,ADD,0,1,1,1668,"ffn_out-31","ffn_moe_out-31","ffn_shexp_gated-31"
192,184,RMS_NORM,0,0,2,2920,"norm-32","attn_output-32",""
193,5,MUL_MAT,0,342,5,691,"linear_attn_out-32","blk.32.ssm_out.weight","final_output-32"
193,34,SCALE,0,0,1,969,"ffn_moe_inp-32","node_5380",""
193,38,ARGSORT,0,24,1,1146,"ffn_moe_argsort-32","ffn_moe_probs-32",""
193,70,ADD,0,1,1,1908,"ffn_moe_out-32","node_5416","ffn_moe_weighted-32 (view)"
193,74,MUL_MAT,0,36,1,2032,"ffn_shexp-32","blk.32.ffn_down_shexp.weight","ffn_swiglu-32"
193,77,MUL,0,3,9,2051,"ffn_shexp_gated-32","ffn_shexp-32","shared_expert_gate_sigmoid-32"
193,78,ADD,0,1,1,2053,"ffn_out-32","ffn_moe_out-32","ffn_shexp_gated-32"
193,152,RMS_NORM,0,1,1,3582,"norm-33","attn_output-33",""
194,5,MUL_MAT,0,299,15,616,"linear_attn_out-33","blk.33.ssm_out.weight","final_output-33"
194,34,SCALE,0,0,1,851,"ffn_moe_inp-33","node_5534",""
194,38,ARGSORT,0,23,0,984,"ffn_moe_argsort-33","ffn_moe_probs-33",""
194,70,ADD,0,2,0,1699,"ffn_moe_out-33","node_5570","ffn_moe_weighted-33 (view)"
194,74,MUL_MAT,0,37,10,1826,"ffn_shexp-33","blk.33.ffn_down_shexp.weight","ffn_swiglu-33"
194,77,MUL,0,3,1,1841,"ffn_shexp_gated-33","ffn_shexp-33","shared_expert_gate_sigmoid-33"
194,78,ADD,0,2,0,1843,"ffn_out-33","ffn_moe_out-33","ffn_shexp_gated-33"
194,152,RMS_NORM,0,1,1,3472,"norm-34","attn_output-34",""
195,5,MUL_MAT,0,313,5,614,"linear_attn_out-34","blk.34.ssm_out.weight","final_output-34"
195,34,SCALE,0,0,1,848,"ffn_moe_inp-34","node_5688",""
195,38,ARGSORT,0,22,1,972,"ffn_moe_argsort-34","ffn_moe_probs-34",""
195,70,ADD,0,1,1,1597,"ffn_moe_out-34","node_5724","ffn_moe_weighted-34 (view)"
195,74,MUL_MAT,0,35,1,1706,"ffn_shexp-34","blk.34.ffn_down_shexp.weight","ffn_swiglu-34"
195,77,MUL,0,3,0,1719,"ffn_shexp_gated-34","ffn_shexp-34","shared_expert_gate_sigmoid-34"
195,78,ADD,0,1,1,1722,"ffn_out-34","ffn_moe_out-34","ffn_shexp_gated-34"
195,151,RMS_NORM,0,8,0,2853,"norm-35","indexer_k_pooled-35 (reshaped)",""
196,38,MUL_MAT,0,325,6,576,"attn_output-35","blk.35.attn_output.weight","attn_gated-35"
196,66,SCALE,0,0,2,834,"ffn_moe_inp-35","node_5875",""
196,70,ARGSORT,0,20,6,1044,"ffn_moe_argsort-35","ffn_moe_probs-35",""
196,102,ADD,0,1,1,1930,"ffn_moe_out-35","node_5911","ffn_moe_weighted-35 (view)"
196,106,MUL_MAT,0,28,15,2057,"ffn_shexp-35","blk.35.ffn_down_shexp.weight","ffn_swiglu-35"
196,109,MUL,0,2,0,2064,"ffn_shexp_gated-35","ffn_shexp-35","shared_expert_gate_sigmoid-35"
196,110,ADD,0,1,1,2067,"ffn_out-35","ffn_moe_out-35","ffn_shexp_gated-35"
196,184,RMS_NORM,0,0,1,3402,"norm-36","attn_output-36",""
197,5,MUL_MAT,0,257,76,639,"linear_attn_out-36","blk.36.ssm_out.weight","final_output-36"
197,34,SCALE,0,0,2,964,"ffn_moe_inp-36","node_6029",""
197,38,ARGSORT,0,21,1,1095,"ffn_moe_argsort-36","ffn_moe_probs-36",""
197,70,ADD,0,1,9,2418,"ffn_moe_out-36","node_6065","ffn_moe_weighted-36 (view)"
197,74,MUL_MAT,0,25,10,2527,"ffn_shexp-36","blk.36.ffn_down_shexp.weight","ffn_swiglu-36"
197,77,MUL,0,2,0,2537,"ffn_shexp_gated-36","ffn_shexp-36","shared_expert_gate_sigmoid-36"
197,78,ADD,0,1,1,2539,"ffn_out-36","ffn_moe_out-36","ffn_shexp_gated-36"
197,152,RMS_NORM,0,0,3,3887,"norm-37","attn_output-37",""
198,5,MUL_MAT,0,271,56,632,"linear_attn_out-37","blk.37.ssm_out.weight","final_output-37"
198,34,SCALE,0,0,1,882,"ffn_moe_inp-37","node_6183",""
198,38,ARGSORT,0,21,0,1003,"ffn_moe_argsort-37","ffn_moe_probs-37",""
198,70,ADD,0,1,1,1697,"ffn_moe_out-37","node_6219","ffn_moe_weighted-37 (view)"
198,74,MUL_MAT,0,29,16,1831,"ffn_shexp-37","blk.37.ffn_down_shexp.weight","ffn_swiglu-37"
198,77,MUL,0,2,0,1839,"ffn_shexp_gated-37","ffn_shexp-37","shared_expert_gate_sigmoid-37"
198,78,ADD,0,1,1,1841,"ffn_out-37","ffn_moe_out-37","ffn_shexp_gated-37"
198,152,RMS_NORM,0,0,2,3214,"norm-38","attn_output-38",""
199,5,MUL_MAT,0,275,59,651,"linear_attn_out-38","blk.38.ssm_out.weight","final_output-38"
199,34,SCALE,0,0,2,887,"ffn_moe_inp-38","node_6337",""
199,38,ARGSORT,0,20,0,1013,"ffn_moe_argsort-38","ffn_moe_probs-38",""
199,70,ADD,0,1,1,1659,"ffn_moe_out-38","node_6373","ffn_moe_weighted-38 (view)"
199,74,MUL_MAT,0,29,7,1773,"ffn_shexp-38","blk.38.ffn_down_shexp.weight","ffn_swiglu-38"
199,77,MUL,0,2,0,1781,"ffn_shexp_gated-38","ffn_shexp-38","shared_expert_gate_sigmoid-38"
199,78,ADD,0,1,0,1783,"ffn_out-38","ffn_moe_out-38","ffn_shexp_gated-38"
199,87,ADD,0,2,0,1816,"l_last-38","hc_combine-38","node_6390"
200,0,GET_ROWS,0,4,1,5,"model.input_embed","token_embd.weight","inp_tokens"
200,69,RMS_NORM,0,0,2,1451,"norm-0","attn_output-0",""
201,5,MUL_MAT,0,277,89,694,"linear_attn_out-0","blk.0.ssm_out.weight","final_output-0"
201,34,SCALE,0,0,2,966,"ffn_moe_inp-0","node_104",""
201,38,ARGSORT,0,21,0,1099,"ffn_moe_argsort-0","ffn_moe_probs-0",""
201,70,ADD,0,1,0,1836,"ffn_moe_out-0","node_140","ffn_moe_weighted-0 (view)"
201,93,MUL_MAT,0,17,19,2838,"ffn_shexp-0","blk.0.ffn_down_shexp.weight","ffn_swiglu-0"
201,96,MUL,0,1,6,2852,"ffn_shexp_gated-0","ffn_shexp-0","shared_expert_gate_sigmoid-0"
201,97,ADD,0,1,1,2854,"ffn_out-0","ffn_moe_out-0","ffn_shexp_gated-0"
201,236,RMS_NORM,0,1,0,4986,"norm-1","attn_output-1",""
202,5,MUL_MAT,0,321,10,640,"linear_attn_out-1","blk.1.ssm_out.weight","final_output-1"
202,34,SCALE,0,0,1,925,"ffn_moe_inp-1","node_342",""
202,38,ARGSORT,0,23,0,1062,"ffn_moe_argsort-1","ffn_moe_probs-1",""
202,70,ADD,0,2,0,2456,"ffn_moe_out-1","node_378","ffn_moe_weighted-1 (view)"
202,74,MUL_MAT,0,43,1,2574,"ffn_shexp-1","blk.1.ffn_down_shexp.weight","ffn_swiglu-1"
202,77,MUL,0,3,1,2585,"ffn_shexp_gated-1","ffn_shexp-1","shared_expert_gate_sigmoid-1"
202,78,ADD,0,1,9,2595,"ffn_out-1","ffn_moe_out-1","ffn_shexp_gated-1"
202,152,RMS_NORM,0,1,0,4142,"norm-2","attn_output-2",""
203,5,MUL_MAT,0,322,5,624,"linear_attn_out-2","blk.2.ssm_out.weight","final_output-2"
203,34,SCALE,0,0,0,909,"ffn_moe_inp-2","node_496",""
203,38,ARGSORT,0,22,0,1044,"ffn_moe_argsort-2","ffn_moe_probs-2",""
203,70,ADD,0,2,0,1949,"ffn_moe_out-2","node_532","ffn_moe_weighted-2 (view)"
203,74,MUL_MAT,0,36,70,2148,"ffn_shexp-2","blk.2.ffn_down_shexp.weight","ffn_swiglu-2"
203,77,MUL,0,3,3,2314,"ffn_shexp_gated-2","ffn_shexp-2","shared_expert_gate_sigmoid-2"
203,78,ADD,0,1,1,2316,"ffn_out-2","ffn_moe_out-2","ffn_shexp_gated-2"
203,151,RMS_NORM,0,8,1,3346,"norm-3","indexer_k_pooled-3 (reshaped)",""
204,38,MUL_MAT,0,302,11,532,"attn_output-3","blk.3.attn_output.weight","attn_gated-3"
204,66,SCALE,0,0,2,785,"ffn_moe_inp-3","node_683",""
204,70,ARGSORT,0,21,0,907,"ffn_moe_argsort-3","ffn_moe_probs-3",""
204,102,ADD,0,1,8,1566,"ffn_moe_out-3","node_719","ffn_moe_weighted-3 (view)"
204,106,MUL_MAT,0,33,1,1681,"ffn_shexp-3","blk.3.ffn_down_shexp.weight","ffn_swiglu-3"
204,109,MUL,0,3,1,1691,"ffn_shexp_gated-3","ffn_shexp-3","shared_expert_gate_sigmoid-3"
204,110,ADD,0,1,1,1693,"ffn_out-3","ffn_moe_out-3","ffn_shexp_gated-3"
204,184,RMS_NORM,0,0,27,3374,"norm-4","attn_output-4",""
205,5,MUL_MAT,0,330,6,688,"linear_attn_out-4","blk.4.ssm_out.weight","final_output-4"
205,34,SCALE,0,0,2,954,"ffn_moe_inp-4","node_837",""
205,38,ARGSORT,0,23,1,1093,"ffn_moe_argsort-4","ffn_moe_probs-4",""
205,70,ADD,0,2,0,1881,"ffn_moe_out-4","node_873","ffn_moe_weighted-4 (view)"
205,74,MUL_MAT,0,45,2,2009,"ffn_shexp-4","blk.4.ffn_down_shexp.weight","ffn_swiglu-4"
205,77,MUL,0,4,0,2019,"ffn_shexp_gated-4","ffn_shexp-4","shared_expert_gate_sigmoid-4"
205,78,ADD,0,2,0,2021,"ffn_out-4","ffn_moe_out-4","ffn_shexp_gated-4"
205,152,RMS_NORM,0,0,2,3969,"norm-5","attn_output-5",""
206,5,MUL_MAT,0,254,63,641,"linear_attn_out-5","blk.5.ssm_out.weight","final_output-5"
206,34,SCALE,0,0,2,903,"ffn_moe_inp-5","node_991",""
206,38,ARGSORT,0,22,0,1047,"ffn_moe_argsort-5","ffn_moe_probs-5",""
206,70,ADD,0,1,1,1714,"ffn_moe_out-5","node_1027","ffn_moe_weighted-5 (view)"
206,74,MUL_MAT,0,27,13,1841,"ffn_shexp-5","blk.5.ffn_down_shexp.weight","ffn_swiglu-5"
206,77,MUL,0,2,0,1850,"ffn_shexp_gated-5","ffn_shexp-5","shared_expert_gate_sigmoid-5"
206,78,ADD,0,1,1,1852,"ffn_out-5","ffn_moe_out-5","ffn_shexp_gated-5"
206,152,RMS_NORM,0,0,3,3319,"norm-6","attn_output-6",""
207,5,MUL_MAT,0,283,54,647,"linear_attn_out-6","blk.6.ssm_out.weight","final_output-6"
207,34,SCALE,0,0,1,896,"ffn_moe_inp-6","node_1145",""
207,38,ARGSORT,0,21,1,1022,"ffn_moe_argsort-6","ffn_moe_probs-6",""
207,70,ADD,0,1,1,1669,"ffn_moe_out-6","node_1181","ffn_moe_weighted-6 (view)"
207,74,MUL_MAT,0,28,8,1783,"ffn_shexp-6","blk.6.ffn_down_shexp.weight","ffn_swiglu-6"
207,77,MUL,0,2,0,1791,"ffn_shexp_gated-6","ffn_shexp-6","shared_expert_gate_sigmoid-6"
207,78,ADD,0,1,1,1793,"ffn_out-6","ffn_moe_out-6","ffn_shexp_gated-6"
207,151,RMS_NORM,0,5,0,2767,"norm-7","indexer_k_pooled-7 (reshaped)",""
208,38,MUL_MAT,0,274,47,552,"attn_output-7","blk.7.attn_output.weight","attn_gated-7"
208,66,SCALE,0,0,1,799,"ffn_moe_inp-7","node_1332",""
208,70,ARGSORT,0,21,1,922,"ffn_moe_argsort-7","ffn_moe_probs-7",""
208,102,ADD,0,1,1,1724,"ffn_moe_out-7","node_1368","ffn_moe_weighted-7 (view)"
208,106,MUL_MAT,0,30,5,1840,"ffn_shexp-7","blk.7.ffn_down_shexp.weight","ffn_swiglu-7"
208,109,MUL,0,2,0,1848,"ffn_shexp_gated-7","ffn_shexp-7","shared_expert_gate_sigmoid-7"
208,110,ADD,0,1,1,1850,"ffn_out-7","ffn_moe_out-7","ffn_shexp_gated-7"
208,184,RMS_NORM,0,0,2,3136,"norm-8","attn_output-8",""
209,5,MUL_MAT,0,256,59,635,"linear_attn_out-8","blk.8.ssm_out.weight","final_output-8"
209,34,SCALE,0,0,2,873,"ffn_moe_inp-8","node_1486",""
209,38,ARGSORT,0,21,0,998,"ffn_moe_argsort-8","ffn_moe_probs-8",""
209,70,ADD,0,1,0,1646,"ffn_moe_out-8","node_1522","ffn_moe_weighted-8 (view)"
209,74,MUL_MAT,0,32,10,1775,"ffn_shexp-8","blk.8.ffn_down_shexp.weight","ffn_swiglu-8"
209,77,MUL,0,2,0,1783,"ffn_shexp_gated-8","ffn_shexp-8","shared_expert_gate_sigmoid-8"
209,78,ADD,0,1,0,1785,"ffn_out-8","ffn_moe_out-8","ffn_shexp_gated-8"
209,152,RMS_NORM,0,0,3,3168,"norm-9","attn_output-9",""
210,5,MUL_MAT,0,255,68,634,"linear_attn_out-9","blk.9.ssm_out.weight","final_output-9"
210,34,SCALE,0,0,1,859,"ffn_moe_inp-9","node_1640",""
210,38,ARGSORT,0,20,1,982,"ffn_moe_argsort-9","ffn_moe_probs-9",""
210,70,ADD,0,15,0,1792,"ffn_moe_out-9","node_1676","ffn_moe_weighted-9 (view)"
210,74,MUL_MAT,0,28,10,1908,"ffn_shexp-9","blk.9.ffn_down_shexp.weight","ffn_swiglu-9"
210,77,MUL,0,2,0,1915,"ffn_shexp_gated-9","ffn_shexp-9","shared_expert_gate_sigmoid-9"
210,78,ADD,0,1,0,1917,"ffn_out-9","ffn_moe_out-9","ffn_shexp_gated-9"
210,152,RMS_NORM,0,1,2,3245,"norm-10","attn_output-10",""
211,5,MUL_MAT,0,265,74,662,"linear_attn_out-10","blk.10.ssm_out.weight","final_output-10"
211,34,SCALE,0,0,1,937,"ffn_moe_inp-10","node_1794",""
211,38,ARGSORT,0,20,85,1150,"ffn_moe_argsort-10","ffn_moe_probs-10",""
211,70,ADD,0,1,0,1791,"ffn_moe_out-10","node_1830","ffn_moe_weighted-10 (view)"
211,74,MUL_MAT,0,29,8,1914,"ffn_shexp-10","blk.10.ffn_down_shexp.weight","ffn_swiglu-10"
211,77,MUL,0,3,6,1931,"ffn_shexp_gated-10","ffn_shexp-10","shared_expert_gate_sigmoid-10"
211,78,ADD,0,1,0,1933,"ffn_out-10","ffn_moe_out-10","ffn_shexp_gated-10"
211,151,RMS_NORM,0,4,1,2947,"norm-11","indexer_k_pooled-11 (reshaped)",""
212,38,MUL_MAT,0,254,62,554,"attn_output-11","blk.11.attn_output.weight","attn_gated-11"
212,66,SCALE,0,0,1,789,"ffn_moe_inp-11","node_1981",""
212,70,ARGSORT,0,19,0,904,"ffn_moe_argsort-11","ffn_moe_probs-11",""
212,102,ADD,0,1,0,1554,"ffn_moe_out-11","node_2017","ffn_moe_weighted-11 (view)"
212,106,MUL_MAT,0,35,1,1671,"ffn_shexp-11","blk.11.ffn_down_shexp.weight","ffn_swiglu-11"
212,109,MUL,0,2,0,1681,"ffn_shexp_gated-11","ffn_shexp-11","shared_expert_gate_sigmoid-11"
212,110,ADD,0,1,0,1683,"ffn_out-11","ffn_moe_out-11","ffn_shexp_gated-11"
212,184,RMS_NORM,0,0,1,3058,"norm-12","attn_output-12",""
213,5,MUL_MAT,0,276,50,659,"linear_attn_out-12","blk.12.ssm_out.weight","final_output-12"
213,34,SCALE,0,0,2,918,"ffn_moe_inp-12","node_2135",""
213,38,ARGSORT,0,19,1,1045,"ffn_moe_argsort-12","ffn_moe_probs-12",""
213,70,ADD,0,1,0,1730,"ffn_moe_out-12","node_2171","ffn_moe_weighted-12 (view)"
213,74,MUL_MAT,0,36,5,1847,"ffn_shexp-12","blk.12.ffn_down_shexp.weight","ffn_swiglu-12"
213,77,MUL,0,2,0,1856,"ffn_shexp_gated-12","ffn_shexp-12","shared_expert_gate_sigmoid-12"
213,78,ADD,0,1,0,1858,"ffn_out-12","ffn_moe_out-12","ffn_shexp_gated-12"
213,152,RMS_NORM,0,0,2,3221,"norm-13","attn_output-13",""
214,5,MUL_MAT,0,324,103,740,"linear_attn_out-13","blk.13.ssm_out.weight","final_output-13"
214,34,SCALE,0,0,2,993,"ffn_moe_inp-13","node_2289",""
214,38,ARGSORT,0,23,0,1119,"ffn_moe_argsort-13","ffn_moe_probs-13",""
214,70,ADD,0,1,1,1767,"ffn_moe_out-13","node_2325","ffn_moe_weighted-13 (view)"
214,74,MUL_MAT,0,35,1,1882,"ffn_shexp-13","blk.13.ffn_down_shexp.weight","ffn_swiglu-13"
214,77,MUL,0,4,0,1892,"ffn_shexp_gated-13","ffn_shexp-13","shared_expert_gate_sigmoid-13"
214,78,ADD,0,2,0,1894,"ffn_out-13","ffn_moe_out-13","ffn_shexp_gated-13"
214,152,RMS_NORM,0,1,18,3419,"norm-14","attn_output-14",""
215,5,MUL_MAT,0,314,16,654,"linear_attn_out-14","blk.14.ssm_out.weight","final_output-14"
215,34,SCALE,0,0,3,916,"ffn_moe_inp-14","node_2443",""
215,38,ARGSORT,0,22,0,1067,"ffn_moe_argsort-14","ffn_moe_probs-14",""
215,70,ADD,0,2,3,1804,"ffn_moe_out-14","node_2479","ffn_moe_weighted-14 (view)"
215,74,MUL_MAT,0,35,5,1921,"ffn_shexp-14","blk.14.ffn_down_shexp.weight","ffn_swiglu-14"
215,77,MUL,0,3,1,1935,"ffn_shexp_gated-14","ffn_shexp-14","shared_expert_gate_sigmoid-14"
215,78,ADD,0,2,0,1937,"ffn_out-14","ffn_moe_out-14","ffn_shexp_gated-14"
215,151,RMS_NORM,0,4,0,3098,"norm-15","indexer_k_pooled-15 (reshaped)",""
216,38,MUL_MAT,0,172,134,512,"attn_output-15","blk.15.attn_output.weight","attn_gated-15"
216,66,SCALE,0,0,2,729,"ffn_moe_inp-15","node_2630",""
216,70,ARGSORT,0,19,0,845,"ffn_moe_argsort-15","ffn_moe_probs-15",""
216,102,ADD,0,1,1,1439,"ffn_moe_out-15","node_2666","ffn_moe_weighted-15 (view)"
216,106,MUL_MAT,0,28,19,1558,"ffn_shexp-15","blk.15.ffn_down_shexp.weight","ffn_swiglu-15"
216,109,MUL,0,2,0,1571,"ffn_shexp_gated-15","ffn_shexp-15","shared_expert_gate_sigmoid-15"
216,110,ADD,0,1,1,1573,"ffn_out-15","ffn_moe_out-15","ffn_shexp_gated-15"
216,184,RMS_NORM,0,0,2,3115,"norm-16","attn_output-16",""
217,5,MUL_MAT,0,273,49,648,"linear_attn_out-16","blk.16.ssm_out.weight","final_output-16"
217,34,SCALE,0,0,2,891,"ffn_moe_inp-16","node_2784",""
217,38,ARGSORT,0,21,0,1018,"ffn_moe_argsort-16","ffn_moe_probs-16",""
217,70,ADD,0,1,0,1727,"ffn_moe_out-16","node_2820","ffn_moe_weighted-16 (view)"
217,74,MUL_MAT,0,104,19,2111,"ffn_shexp-16","blk.16.ffn_down_shexp.weight","ffn_swiglu-16"
217,77,MUL,0,1,1,2119,"ffn_shexp_gated-16","ffn_shexp-16","shared_expert_gate_sigmoid-16"
217,78,ADD,0,1,1,2121,"ffn_out-16","ffn_moe_out-16","ffn_shexp_gated-16"
217,152,RMS_NORM,0,0,2,3472,"norm-17","attn_output-17",""
218,5,MUL_MAT,0,172,142,615,"linear_attn_out-17","blk.17.ssm_out.weight","final_output-17"
218,34,SCALE,0,0,2,878,"ffn_moe_inp-17","node_2938",""
218,38,ARGSORT,0,17,1,999,"ffn_moe_argsort-17","ffn_moe_probs-17",""
218,70,ADD,0,1,1,1615,"ffn_moe_out-17","node_2974","ffn_moe_weighted-17 (view)"
218,74,MUL_MAT,0,30,5,1736,"ffn_shexp-17","blk.17.ffn_down_shexp.weight","ffn_swiglu-17"
218,77,MUL,0,1,1,1744,"ffn_shexp_gated-17","ffn_shexp-17","shared_expert_gate_sigmoid-17"
218,78,ADD,0,1,1,1746,"ffn_out-17","ffn_moe_out-17","ffn_shexp_gated-17"
218,152,RMS_NORM,0,0,2,3105,"norm-18","attn_output-18",""
219,5,MUL_MAT,0,179,165,681,"linear_attn_out-18","blk.18.ssm_out.weight","final_output-18"
219,34,SCALE,0,0,1,910,"ffn_moe_inp-18","node_3092",""
219,38,ARGSORT,0,17,1,1037,"ffn_moe_argsort-18","ffn_moe_probs-18",""
219,70,ADD,0,1,1,1840,"ffn_moe_out-18","node_3128","ffn_moe_weighted-18 (view)"
219,74,MUL_MAT,0,20,16,2036,"ffn_shexp-18","blk.18.ffn_down_shexp.weight","ffn_swiglu-18"
219,77,MUL,0,2,0,2043,"ffn_shexp_gated-18","ffn_shexp-18","shared_expert_gate_sigmoid-18"
219,78,ADD,0,1,1,2045,"ffn_out-18","ffn_moe_out-18","ffn_shexp_gated-18"
219,151,RMS_NORM,0,3,1,3006,"norm-19","indexer_k_pooled-19 (reshaped)",""
220,38,MUL_MAT,0,153,152,509,"attn_output-19","blk.19.attn_output.weight","attn_gated-19"
220,66,SCALE,0,0,2,746,"ffn_moe_inp-19","node_3279",""
220,70,ARGSORT,0,20,0,1002,"ffn_moe_argsort-19","ffn_moe_probs-19",""
220,102,ADD,0,5,7,1851,"ffn_moe_out-19","node_3315","ffn_moe_weighted-19 (view)"
220,106,MUL_MAT,0,36,5,1977,"ffn_shexp-19","blk.19.ffn_down_shexp.weight","ffn_swiglu-19"
220,109,MUL,0,2,1,1987,"ffn_shexp_gated-19","ffn_shexp-19","shared_expert_gate_sigmoid-19"
220,110,ADD,0,1,1,1989,"ffn_out-19","ffn_moe_out-19","ffn_shexp_gated-19"
220,184,RMS_NORM,0,0,3,3501,"norm-20","attn_output-20",""
221,5,MUL_MAT,0,250,72,643,"linear_attn_out-20","blk.20.ssm_out.weight","final_output-20"
221,34,SCALE,0,0,2,906,"ffn_moe_inp-20","node_3433",""
221,38,ARGSORT,0,22,0,1040,"ffn_moe_argsort-20","ffn_moe_probs-20",""
221,70,ADD,0,2,0,1689,"ffn_moe_out-20","node_3469","ffn_moe_weighted-20 (view)"
221,74,MUL_MAT,0,32,4,1809,"ffn_shexp-20","blk.20.ffn_down_shexp.weight","ffn_swiglu-20"
221,77,MUL,0,2,1,1818,"ffn_shexp_gated-20","ffn_shexp-20","shared_expert_gate_sigmoid-20"
221,78,ADD,0,1,1,1820,"ffn_out-20","ffn_moe_out-20","ffn_shexp_gated-20"
221,152,RMS_NORM,0,0,2,3385,"norm-21","attn_output-21",""
222,5,MUL_MAT,0,259,60,624,"linear_attn_out-21","blk.21.ssm_out.weight","final_output-21"
222,34,SCALE,0,0,1,897,"ffn_moe_inp-21","node_3587",""
222,38,ARGSORT,0,20,0,1040,"ffn_moe_argsort-21","ffn_moe_probs-21",""
222,70,ADD,0,2,0,1698,"ffn_moe_out-21","node_3623","ffn_moe_weighted-21 (view)"
222,74,MUL_MAT,0,25,11,1813,"ffn_shexp-21","blk.21.ffn_down_shexp.weight","ffn_swiglu-21"
222,77,MUL,0,2,1,1821,"ffn_shexp_gated-21","ffn_shexp-21","shared_expert_gate_sigmoid-21"
222,78,ADD,0,1,1,1823,"ffn_out-21","ffn_moe_out-21","ffn_shexp_gated-21"
222,152,RMS_NORM,0,0,1,3105,"norm-22","attn_output-22",""
223,5,MUL_MAT,0,281,66,688,"linear_attn_out-22","blk.22.ssm_out.weight","final_output-22"
223,34,SCALE,0,0,2,942,"ffn_moe_inp-22","node_3741",""
223,38,ARGSORT,0,20,0,1076,"ffn_moe_argsort-22","ffn_moe_probs-22",""
223,70,ADD,0,1,1,1910,"ffn_moe_out-22","node_3777","ffn_moe_weighted-22 (view)"
223,74,MUL_MAT,0,28,8,2024,"ffn_shexp-22","blk.22.ffn_down_shexp.weight","ffn_swiglu-22"
223,77,MUL,0,2,0,2032,"ffn_shexp_gated-22","ffn_shexp-22","shared_expert_gate_sigmoid-22"
223,78,ADD,0,1,10,2043,"ffn_out-22","ffn_moe_out-22","ffn_shexp_gated-22"
223,151,RMS_NORM,0,5,0,3036,"norm-23","indexer_k_pooled-23 (reshaped)",""
224,38,MUL_MAT,0,160,154,533,"attn_output-23","blk.23.attn_output.weight","attn_gated-23"
224,66,SCALE,0,0,2,764,"ffn_moe_inp-23","node_3928",""
224,70,ARGSORT,0,17,0,880,"ffn_moe_argsort-23","ffn_moe_probs-23",""
224,102,ADD,0,1,1,1506,"ffn_moe_out-23","node_3964","ffn_moe_weighted-23 (view)"
224,106,MUL_MAT,0,20,24,1628,"ffn_shexp-23","blk.23.ffn_down_shexp.weight","ffn_swiglu-23"
224,109,MUL,0,1,1,1644,"ffn_shexp_gated-23","ffn_shexp-23","shared_expert_gate_sigmoid-23"
224,110,ADD,0,1,0,1645,"ffn_out-23","ffn_moe_out-23","ffn_shexp_gated-23"
224,184,RMS_NORM,0,0,10,2915,"norm-24","attn_output-24",""
225,5,MUL_MAT,0,182,140,736,"linear_attn_out-24","blk.24.ssm_out.weight","final_output-24"
225,34,SCALE,0,0,2,972,"ffn_moe_inp-24","node_4082",""
225,38,ARGSORT,0,17,1,1101,"ffn_moe_argsort-24","ffn_moe_probs-24",""
225,70,ADD,0,1,1,1752,"ffn_moe_out-24","node_4118","ffn_moe_weighted-24 (view)"
225,74,MUL_MAT,0,20,17,1874,"ffn_shexp-24","blk.24.ffn_down_shexp.weight","ffn_swiglu-24"
225,77,MUL,0,2,0,1883,"ffn_shexp_gated-24","ffn_shexp-24","shared_expert_gate_sigmoid-24"
225,78,ADD,0,0,1,1885,"ffn_out-24","ffn_moe_out-24","ffn_shexp_gated-24"
225,152,RMS_NORM,0,0,2,3132,"norm-25","attn_output-25",""
226,5,MUL_MAT,0,186,157,677,"linear_attn_out-25","blk.25.ssm_out.weight","final_output-25"
226,34,SCALE,0,0,2,925,"ffn_moe_inp-25","node_4236",""
226,38,ARGSORT,0,17,1,1054,"ffn_moe_argsort-25","ffn_moe_probs-25",""
226,70,ADD,0,1,2,1731,"ffn_moe_out-25","node_4272","ffn_moe_weighted-25 (view)"
226,74,MUL_MAT,0,21,14,1848,"ffn_shexp-25","blk.25.ffn_down_shexp.weight","ffn_swiglu-25"
226,77,MUL,0,2,0,1857,"ffn_shexp_gated-25","ffn_shexp-25","shared_expert_gate_sigmoid-25"
226,78,ADD,0,1,2,1860,"ffn_out-25","ffn_moe_out-25","ffn_shexp_gated-25"
226,152,RMS_NORM,0,0,5,3122,"norm-26","attn_output-26",""
227,5,MUL_MAT,0,172,150,632,"linear_attn_out-26","blk.26.ssm_out.weight","final_output-26"
227,34,SCALE,0,1,1,854,"ffn_moe_inp-26","node_4390",""
227,38,ARGSORT,0,16,1,970,"ffn_moe_argsort-26","ffn_moe_probs-26",""
227,70,ADD,0,1,0,1640,"ffn_moe_out-26","node_4426","ffn_moe_weighted-26 (view)"
227,74,MUL_MAT,0,17,22,1759,"ffn_shexp-26","blk.26.ffn_down_shexp.weight","ffn_swiglu-26"
227,77,MUL,0,2,0,1767,"ffn_shexp_gated-26","ffn_shexp-26","shared_expert_gate_sigmoid-26"
227,78,ADD,0,1,1,1769,"ffn_out-26","ffn_moe_out-26","ffn_shexp_gated-26"
227,151,RMS_NORM,0,4,0,2794,"norm-27","indexer_k_pooled-27 (reshaped)",""
228,38,MUL_MAT,0,276,44,553,"attn_output-27","blk.27.attn_output.weight","attn_gated-27"
228,66,SCALE,0,0,1,792,"ffn_moe_inp-27","node_4577",""
228,70,ARGSORT,0,25,0,918,"ffn_moe_argsort-27","ffn_moe_probs-27",""
228,102,ADD,0,1,0,1505,"ffn_moe_out-27","node_4613","ffn_moe_weighted-27 (view)"
228,106,MUL_MAT,0,27,9,1626,"ffn_shexp-27","blk.27.ffn_down_shexp.weight","ffn_swiglu-27"
228,109,MUL,0,2,1,1636,"ffn_shexp_gated-27","ffn_shexp-27","shared_expert_gate_sigmoid-27"
228,110,ADD,0,1,0,1637,"ffn_out-27","ffn_moe_out-27","ffn_shexp_gated-27"
228,184,RMS_NORM,0,0,2,2941,"norm-28","attn_output-28",""
229,5,MUL_MAT,0,455,1,887,"linear_attn_out-28","blk.28.ssm_out.weight","final_output-28"
229,34,SCALE,0,1,1,1246,"ffn_moe_inp-28","node_4731",""
229,38,ARGSORT,0,23,0,1371,"ffn_moe_argsort-28","ffn_moe_probs-28",""
229,70,ADD,0,2,0,1995,"ffn_moe_out-28","node_4767","ffn_moe_weighted-28 (view)"
229,74,MUL_MAT,0,31,9,2114,"ffn_shexp-28","blk.28.ffn_down_shexp.weight","ffn_swiglu-28"
229,77,MUL,0,3,0,2123,"ffn_shexp_gated-28","ffn_shexp-28","shared_expert_gate_sigmoid-28"
229,78,ADD,0,2,2,2127,"ffn_out-28","ffn_moe_out-28","ffn_shexp_gated-28"
229,152,RMS_NORM,0,1,1,3665,"norm-29","attn_output-29",""
230,5,MUL_MAT,0,319,2,697,"linear_attn_out-29","blk.29.ssm_out.weight","final_output-29"
230,34,SCALE,0,0,1,958,"ffn_moe_inp-29","node_4885",""
230,38,ARGSORT,0,23,1,1090,"ffn_moe_argsort-29","ffn_moe_probs-29",""
230,70,ADD,0,2,0,1807,"ffn_moe_out-29","node_4921","ffn_moe_weighted-29 (view)"
230,74,MUL_MAT,0,37,1,1928,"ffn_shexp-29","blk.29.ffn_down_shexp.weight","ffn_swiglu-29"
230,77,MUL,0,3,5,1942,"ffn_shexp_gated-29","ffn_shexp-29","shared_expert_gate_sigmoid-29"
230,78,ADD,0,1,4,1948,"ffn_out-29","ffn_moe_out-29","ffn_shexp_gated-29"
230,152,RMS_NORM,0,0,1,3634,"norm-30","attn_output-30",""
231,5,MUL_MAT,0,286,29,623,"linear_attn_out-30","blk.30.ssm_out.weight","final_output-30"
231,34,SCALE,0,0,2,888,"ffn_moe_inp-30","node_5039",""
231,38,ARGSORT,0,27,1,1017,"ffn_moe_argsort-30","ffn_moe_probs-30",""
231,70,ADD,0,1,1,1799,"ffn_moe_out-30","node_5075","ffn_moe_weighted-30 (view)"
231,74,MUL_MAT,0,38,3,1923,"ffn_shexp-30","blk.30.ffn_down_shexp.weight","ffn_swiglu-30"
231,77,MUL,0,3,1,1938,"ffn_shexp_gated-30","ffn_shexp-30","shared_expert_gate_sigmoid-30"
231,78,ADD,0,1,8,1947,"ffn_out-30","ffn_moe_out-30","ffn_shexp_gated-30"
231,151,RMS_NORM,0,19,1,3073,"norm-31","indexer_k_pooled-31 (reshaped)",""
232,38,MUL_MAT,0,302,11,521,"attn_output-31","blk.31.attn_output.weight","attn_gated-31"
232,66,SCALE,0,0,1,773,"ffn_moe_inp-31","node_5226",""
232,70,ARGSORT,0,22,0,895,"ffn_moe_argsort-31","ffn_moe_probs-31",""
232,102,ADD,0,2,0,1713,"ffn_moe_out-31","node_5262","ffn_moe_weighted-31 (view)"
232,106,MUL_MAT,0,31,4,1828,"ffn_shexp-31","blk.31.ffn_down_shexp.weight","ffn_swiglu-31"
232,109,MUL,0,3,0,1837,"ffn_shexp_gated-31","ffn_shexp-31","shared_expert_gate_sigmoid-31"
232,110,ADD,0,1,0,1839,"ffn_out-31","ffn_moe_out-31","ffn_shexp_gated-31"
232,184,RMS_NORM,0,1,1,3759,"norm-32","attn_output-32",""
233,5,MUL_MAT,0,300,15,623,"linear_attn_out-32","blk.32.ssm_out.weight","final_output-32"
233,34,SCALE,0,0,2,883,"ffn_moe_inp-32","node_5380",""
233,38,ARGSORT,0,22,0,1011,"ffn_moe_argsort-32","ffn_moe_probs-32",""
233,70,ADD,0,2,0,1670,"ffn_moe_out-32","node_5416","ffn_moe_weighted-32 (view)"
233,74,MUL_MAT,0,35,2,1800,"ffn_shexp-32","blk.32.ffn_down_shexp.weight","ffn_swiglu-32"
233,77,MUL,0,3,0,1810,"ffn_shexp_gated-32","ffn_shexp-32","shared_expert_gate_sigmoid-32"
233,78,ADD,0,1,0,1812,"ffn_out-32","ffn_moe_out-32","ffn_shexp_gated-32"
233,152,RMS_NORM,0,1,1,3546,"norm-33","attn_output-33",""
234,5,MUL_MAT,0,278,35,624,"linear_attn_out-33","blk.33.ssm_out.weight","final_output-33"
234,34,SCALE,0,0,2,878,"ffn_moe_inp-33","node_5534",""
234,38,ARGSORT,0,23,0,1007,"ffn_moe_argsort-33","ffn_moe_probs-33",""
234,70,ADD,0,1,1,1666,"ffn_moe_out-33","node_5570","ffn_moe_weighted-33 (view)"
234,74,MUL_MAT,0,34,6,1787,"ffn_shexp-33","blk.33.ffn_down_shexp.weight","ffn_swiglu-33"
234,77,MUL,0,4,0,1799,"ffn_shexp_gated-33","ffn_shexp-33","shared_expert_gate_sigmoid-33"
234,78,ADD,0,2,0,1801,"ffn_out-33","ffn_moe_out-33","ffn_shexp_gated-33"
234,152,RMS_NORM,0,1,2,3431,"norm-34","attn_output-34",""
235,5,MUL_MAT,0,331,9,677,"linear_attn_out-34","blk.34.ssm_out.weight","final_output-34"
235,34,SCALE,0,0,1,1255,"ffn_moe_inp-34","node_5688",""
235,38,ARGSORT,0,23,0,1397,"ffn_moe_argsort-34","ffn_moe_probs-34",""
235,70,ADD,0,2,0,2288,"ffn_moe_out-34","node_5724","ffn_moe_weighted-34 (view)"
235,74,MUL_MAT,0,35,1,2402,"ffn_shexp-34","blk.34.ffn_down_shexp.weight","ffn_swiglu-34"
235,77,MUL,0,3,0,2412,"ffn_shexp_gated-34","ffn_shexp-34","shared_expert_gate_sigmoid-34"
235,78,ADD,0,2,0,2414,"ffn_out-34","ffn_moe_out-34","ffn_shexp_gated-34"
235,151,RMS_NORM,0,8,1,3420,"norm-35","indexer_k_pooled-35 (reshaped)",""
236,38,MUL_MAT,0,310,1,531,"attn_output-35","blk.35.attn_output.weight","attn_gated-35"
236,66,SCALE,0,0,1,762,"ffn_moe_inp-35","node_5875",""
236,70,ARGSORT,0,22,0,885,"ffn_moe_argsort-35","ffn_moe_probs-35",""
236,102,ADD,0,1,1,1979,"ffn_moe_out-35","node_5911","ffn_moe_weighted-35 (view)"
236,106,MUL_MAT,0,35,0,2111,"ffn_shexp-35","blk.35.ffn_down_shexp.weight","ffn_swiglu-35"
236,109,MUL,0,3,0,2125,"ffn_shexp_gated-35","ffn_shexp-35","shared_expert_gate_sigmoid-35"
236,110,ADD,0,2,0,2127,"ffn_out-35","ffn_moe_out-35","ffn_shexp_gated-35"
236,184,RMS_NORM,0,0,10,3772,"norm-36","attn_output-36",""
237,5,MUL_MAT,0,307,13,624,"linear_attn_out-36","blk.36.ssm_out.weight","final_output-36"
237,34,SCALE,0,0,1,871,"ffn_moe_inp-36","node_6029",""
237,38,ARGSORT,0,22,0,1009,"ffn_moe_argsort-36","ffn_moe_probs-36",""
237,70,ADD,0,1,4,1659,"ffn_moe_out-36","node_6065","ffn_moe_weighted-36 (view)"
237,74,MUL_MAT,0,33,5,1785,"ffn_shexp-36","blk.36.ffn_down_shexp.weight","ffn_swiglu-36"
237,77,MUL,0,4,0,1794,"ffn_shexp_gated-36","ffn_shexp-36","shared_expert_gate_sigmoid-36"
237,78,ADD,0,1,0,1796,"ffn_out-36","ffn_moe_out-36","ffn_shexp_gated-36"
237,152,RMS_NORM,0,0,1,3430,"norm-37","attn_output-37",""
238,5,MUL_MAT,0,327,2,646,"linear_attn_out-37","blk.37.ssm_out.weight","final_output-37"
238,34,SCALE,0,0,2,902,"ffn_moe_inp-37","node_6183",""
238,38,ARGSORT,0,21,1,1039,"ffn_moe_argsort-37","ffn_moe_probs-37",""
238,70,ADD,0,2,4,1700,"ffn_moe_out-37","node_6219","ffn_moe_weighted-37 (view)"
238,74,MUL_MAT,0,35,4,1821,"ffn_shexp-37","blk.37.ffn_down_shexp.weight","ffn_swiglu-37"
238,77,MUL,0,3,0,1831,"ffn_shexp_gated-37","ffn_shexp-37","shared_expert_gate_sigmoid-37"
238,78,ADD,0,2,0,1833,"ffn_out-37","ffn_moe_out-37","ffn_shexp_gated-37"
238,152,RMS_NORM,0,0,2,3532,"norm-38","attn_output-38",""
239,5,MUL_MAT,0,283,52,741,"linear_attn_out-38","blk.38.ssm_out.weight","final_output-38"
239,34,SCALE,0,0,1,998,"ffn_moe_inp-38","node_6337",""
239,38,ARGSORT,0,22,0,1123,"ffn_moe_argsort-38","ffn_moe_probs-38",""
239,70,ADD,0,1,1,1749,"ffn_moe_out-38","node_6373","ffn_moe_weighted-38 (view)"
239,74,MUL_MAT,0,41,6,1881,"ffn_shexp-38","blk.38.ffn_down_shexp.weight","ffn_swiglu-38"
239,77,MUL,0,2,1,1890,"ffn_shexp_gated-38","ffn_shexp-38","shared_expert_gate_sigmoid-38"
239,78,ADD,0,1,1,1892,"ffn_out-38","ffn_moe_out-38","ffn_shexp_gated-38"
239,87,ADD,0,2,1,1917,"l_last-38","hc_combine-38","node_6390"
240,0,GET_ROWS,0,3,8,11,"model.input_embed","token_embd.weight","inp_tokens"
240,69,RMS_NORM,0,0,2,1212,"norm-0","attn_output-0",""
241,5,MUL_MAT,0,183,179,718,"linear_attn_out-0","blk.0.ssm_out.weight","final_output-0"
241,34,SCALE,0,0,2,971,"ffn_moe_inp-0","node_104",""
241,38,ARGSORT,0,20,0,1122,"ffn_moe_argsort-0","ffn_moe_probs-0",""
241,70,ADD,0,1,0,1910,"ffn_moe_out-0","node_140","ffn_moe_weighted-0 (view)"
241,93,MUL_MAT,0,19,16,2764,"ffn_shexp-0","blk.0.ffn_down_shexp.weight","ffn_swiglu-0"
241,96,MUL,0,2,0,2773,"ffn_shexp_gated-0","ffn_shexp-0","shared_expert_gate_sigmoid-0"
241,97,ADD,0,1,1,2775,"ffn_out-0","ffn_moe_out-0","ffn_shexp_gated-0"
241,236,RMS_NORM,0,0,10,4412,"norm-1","attn_output-1",""
242,5,MUL_MAT,0,331,17,672,"linear_attn_out-1","blk.1.ssm_out.weight","final_output-1"
242,34,SCALE,0,0,2,923,"ffn_moe_inp-1","node_342",""
242,38,ARGSORT,0,23,0,1062,"ffn_moe_argsort-1","ffn_moe_probs-1",""
242,70,ADD,0,2,3,1770,"ffn_moe_out-1","node_378","ffn_moe_weighted-1 (view)"
242,74,MUL_MAT,0,35,4,1897,"ffn_shexp-1","blk.1.ffn_down_shexp.weight","ffn_swiglu-1"
242,77,MUL,0,4,0,1913,"ffn_shexp_gated-1","ffn_shexp-1","shared_expert_gate_sigmoid-1"
242,78,ADD,0,2,0,1915,"ffn_out-1","ffn_moe_out-1","ffn_shexp_gated-1"
242,152,RMS_NORM,0,1,1,3707,"norm-2","attn_output-2",""
243,5,MUL_MAT,0,312,1,616,"linear_attn_out-2","blk.2.ssm_out.weight","final_output-2"
243,34,SCALE,0,0,1,862,"ffn_moe_inp-2","node_496",""
243,38,ARGSORT,0,23,1,990,"ffn_moe_argsort-2","ffn_moe_probs-2",""
243,70,ADD,0,1,1,1864,"ffn_moe_out-2","node_532","ffn_moe_weighted-2 (view)"
243,74,MUL_MAT,0,38,5,2004,"ffn_shexp-2","blk.2.ffn_down_shexp.weight","ffn_swiglu-2"
243,77,MUL,0,3,1,2014,"ffn_shexp_gated-2","ffn_shexp-2","shared_expert_gate_sigmoid-2"
243,78,ADD,0,2,6,2022,"ffn_out-2","ffn_moe_out-2","ffn_shexp_gated-2"
243,151,RMS_NORM,0,9,0,3227,"norm-3","indexer_k_pooled-3 (reshaped)",""
244,38,MUL_MAT,0,307,9,526,"attn_output-3","blk.3.attn_output.weight","attn_gated-3"
244,66,SCALE,0,1,0,793,"ffn_moe_inp-3","node_683",""
244,70,ARGSORT,0,21,0,915,"ffn_moe_argsort-3","ffn_moe_probs-3",""
244,102,ADD,0,2,0,1553,"ffn_moe_out-3","node_719","ffn_moe_weighted-3 (view)"
244,106,MUL_MAT,0,34,9,1670,"ffn_shexp-3","blk.3.ffn_down_shexp.weight","ffn_swiglu-3"
244,109,MUL,0,3,1,1680,"ffn_shexp_gated-3","ffn_shexp-3","shared_expert_gate_sigmoid-3"
244,110,ADD,0,1,1,1682,"ffn_out-3","ffn_moe_out-3","ffn_shexp_gated-3"
244,184,RMS_NORM,0,0,5,3221,"norm-4","attn_output-4",""
245,5,MUL_MAT,0,313,47,660,"linear_attn_out-4","blk.4.ssm_out.weight","final_output-4"
245,34,SCALE,0,0,2,914,"ffn_moe_inp-4","node_837",""
245,38,ARGSORT,0,23,1,1047,"ffn_moe_argsort-4","ffn_moe_probs-4",""
245,70,ADD,0,1,1,1824,"ffn_moe_out-4","node_873","ffn_moe_weighted-4 (view)"
245,74,MUL_MAT,0,35,0,1940,"ffn_shexp-4","blk.4.ffn_down_shexp.weight","ffn_swiglu-4"
245,77,MUL,0,3,1,1951,"ffn_shexp_gated-4","ffn_shexp-4","shared_expert_gate_sigmoid-4"
245,78,ADD,0,1,1,1953,"ffn_out-4","ffn_moe_out-4","ffn_shexp_gated-4"
245,152,RMS_NORM,0,1,0,3504,"norm-5","attn_output-5",""
246,5,MUL_MAT,0,353,0,702,"linear_attn_out-5","blk.5.ssm_out.weight","final_output-5"
246,34,SCALE,0,0,2,974,"ffn_moe_inp-5","node_991",""
246,38,ARGSORT,0,22,1,1114,"ffn_moe_argsort-5","ffn_moe_probs-5",""
246,70,ADD,0,2,0,1968,"ffn_moe_out-5","node_1027","ffn_moe_weighted-5 (view)"
246,74,MUL_MAT,0,36,7,2106,"ffn_shexp-5","blk.5.ffn_down_shexp.weight","ffn_swiglu-5"
246,77,MUL,0,3,1,2125,"ffn_shexp_gated-5","ffn_shexp-5","shared_expert_gate_sigmoid-5"
246,78,ADD,0,1,1,2127,"ffn_out-5","ffn_moe_out-5","ffn_shexp_gated-5"
246,152,RMS_NORM,0,1,1,3769,"norm-6","attn_output-6",""
247,5,MUL_MAT,0,309,5,626,"linear_attn_out-6","blk.6.ssm_out.weight","final_output-6"
247,34,SCALE,0,0,2,1058,"ffn_moe_inp-6","node_1145",""
247,38,ARGSORT,0,23,0,1197,"ffn_moe_argsort-6","ffn_moe_probs-6",""
247,70,ADD,0,2,0,1890,"ffn_moe_out-6","node_1181","ffn_moe_weighted-6 (view)"
247,74,MUL_MAT,0,37,7,2015,"ffn_shexp-6","blk.6.ffn_down_shexp.weight","ffn_swiglu-6"
247,77,MUL,0,3,1,2032,"ffn_shexp_gated-6","ffn_shexp-6","shared_expert_gate_sigmoid-6"
247,78,ADD,0,1,1,2034,"ffn_out-6","ffn_moe_out-6","ffn_shexp_gated-6"
247,151,RMS_NORM,0,8,1,3157,"norm-7","indexer_k_pooled-7 (reshaped)",""
248,38,MUL_MAT,0,313,4,551,"attn_output-7","blk.7.attn_output.weight","attn_gated-7"
248,66,SCALE,0,0,2,803,"ffn_moe_inp-7","node_1332",""
248,70,ARGSORT,0,22,0,929,"ffn_moe_argsort-7","ffn_moe_probs-7",""
248,102,ADD,0,1,1,1573,"ffn_moe_out-7","node_1368","ffn_moe_weighted-7 (view)"
248,106,MUL_MAT,0,34,1,1682,"ffn_shexp-7","blk.7.ffn_down_shexp.weight","ffn_swiglu-7"
248,109,MUL,0,3,1,1690,"ffn_shexp_gated-7","ffn_shexp-7","shared_expert_gate_sigmoid-7"
248,110,ADD,0,1,1,1692,"ffn_out-7","ffn_moe_out-7","ffn_shexp_gated-7"
248,184,RMS_NORM,0,0,1,3316,"norm-8","attn_output-8",""
249,5,MUL_MAT,0,319,5,633,"linear_attn_out-8","blk.8.ssm_out.weight","final_output-8"
249,34,SCALE,0,0,2,897,"ffn_moe_inp-8","node_1486",""
249,38,ARGSORT,0,21,1,1032,"ffn_moe_argsort-8","ffn_moe_probs-8",""
249,70,ADD,0,2,0,2169,"ffn_moe_out-8","node_1522","ffn_moe_weighted-8 (view)"
249,74,MUL_MAT,0,36,2,2293,"ffn_shexp-8","blk.8.ffn_down_shexp.weight","ffn_swiglu-8"
249,77,MUL,0,3,1,2304,"ffn_shexp_gated-8","ffn_shexp-8","shared_expert_gate_sigmoid-8"
249,78,ADD,0,1,1,2306,"ffn_out-8","ffn_moe_out-8","ffn_shexp_gated-8"
249,152,RMS_NORM,0,1,8,4046,"norm-9","attn_output-9",""
250,5,MUL_MAT,0,304,8,621,"linear_attn_out-9","blk.9.ssm_out.weight","final_output-9"
250,34,SCALE,0,1,1,891,"ffn_moe_inp-9","node_1640",""
250,38,ARGSORT,0,21,1,1019,"ffn_moe_argsort-9","ffn_moe_probs-9",""
250,70,ADD,0,1,1,2227,"ffn_moe_out-9","node_1676","ffn_moe_weighted-9 (view)"
250,74,MUL_MAT,0,23,17,2346,"ffn_shexp-9","blk.9.ffn_down_shexp.weight","ffn_swiglu-9"
250,77,MUL,0,1,1,2354,"ffn_shexp_gated-9","ffn_shexp-9","shared_expert_gate_sigmoid-9"
250,78,ADD,0,1,8,2363,"ffn_out-9","ffn_moe_out-9","ffn_shexp_gated-9"
250,152,RMS_NORM,0,1,2,3634,"norm-10","attn_output-10",""
251,5,MUL_MAT,0,177,148,645,"linear_attn_out-10","blk.10.ssm_out.weight","final_output-10"
251,34,SCALE,0,0,1,881,"ffn_moe_inp-10","node_1794",""
251,38,ARGSORT,0,19,0,1007,"ffn_moe_argsort-10","ffn_moe_probs-10",""
251,70,ADD,0,1,1,1629,"ffn_moe_out-10","node_1830","ffn_moe_weighted-10 (view)"
251,74,MUL_MAT,0,19,17,1743,"ffn_shexp-10","blk.10.ffn_down_shexp.weight","ffn_swiglu-10"
251,77,MUL,0,2,0,1750,"ffn_shexp_gated-10","ffn_shexp-10","shared_expert_gate_sigmoid-10"
251,78,ADD,0,0,1,1752,"ffn_out-10","ffn_moe_out-10","ffn_shexp_gated-10"
251,151,RMS_NORM,0,3,0,2757,"norm-11","indexer_k_pooled-11 (reshaped)",""
252,38,MUL_MAT,0,171,152,536,"attn_output-11","blk.11.attn_output.weight","attn_gated-11"
252,66,SCALE,0,0,2,778,"ffn_moe_inp-11","node_1981",""
252,70,ARGSORT,0,18,0,899,"ffn_moe_argsort-11","ffn_moe_probs-11",""
252,102,ADD,0,1,1,1553,"ffn_moe_out-11","node_2017","ffn_moe_weighted-11 (view)"
252,106,MUL_MAT,0,20,26,1687,"ffn_shexp-11","blk.11.ffn_down_shexp.weight","ffn_swiglu-11"
252,109,MUL,0,2,0,1695,"ffn_shexp_gated-11","ffn_shexp-11","shared_expert_gate_sigmoid-11"
252,110,ADD,0,1,0,1696,"ffn_out-11","ffn_moe_out-11","ffn_shexp_gated-11"
252,184,RMS_NORM,0,1,2,3036,"norm-12","attn_output-12",""
253,5,MUL_MAT,0,263,56,623,"linear_attn_out-12","blk.12.ssm_out.weight","final_output-12"
253,34,SCALE,0,0,2,862,"ffn_moe_inp-12","node_2135",""
253,38,ARGSORT,0,20,0,984,"ffn_moe_argsort-12","ffn_moe_probs-12",""
253,70,ADD,0,1,1,1633,"ffn_moe_out-12","node_2171","ffn_moe_weighted-12 (view)"
253,74,MUL_MAT,0,28,10,1754,"ffn_shexp-12","blk.12.ffn_down_shexp.weight","ffn_swiglu-12"
253,77,MUL,0,2,0,1762,"ffn_shexp_gated-12","ffn_shexp-12","shared_expert_gate_sigmoid-12"
253,78,ADD,0,2,0,1764,"ffn_out-12","ffn_moe_out-12","ffn_shexp_gated-12"
253,152,RMS_NORM,0,1,3,3397,"norm-13","attn_output-13",""
254,5,MUL_MAT,0,305,16,648,"linear_attn_out-13","blk.13.ssm_out.weight","final_output-13"
254,34,SCALE,0,0,2,908,"ffn_moe_inp-13","node_2289",""
254,38,ARGSORT,0,22,0,1044,"ffn_moe_argsort-13","ffn_moe_probs-13",""
254,70,ADD,0,1,0,1696,"ffn_moe_out-13","node_2325","ffn_moe_weighted-13 (view)"
254,74,MUL_MAT,0,34,2,1810,"ffn_shexp-13","blk.13.ffn_down_shexp.weight","ffn_swiglu-13"
254,77,MUL,0,3,0,1821,"ffn_shexp_gated-13","ffn_shexp-13","shared_expert_gate_sigmoid-13"
254,78,ADD,0,1,0,1823,"ffn_out-13","ffn_moe_out-13","ffn_shexp_gated-13"
254,152,RMS_NORM,0,1,1,3527,"norm-14","attn_output-14",""
255,5,MUL_MAT,0,301,13,609,"linear_attn_out-14","blk.14.ssm_out.weight","final_output-14"
255,34,SCALE,0,0,2,1052,"ffn_moe_inp-14","node_2443",""
255,38,ARGSORT,0,23,0,1183,"ffn_moe_argsort-14","ffn_moe_probs-14",""
255,70,ADD,0,2,0,1839,"ffn_moe_out-14","node_2479","ffn_moe_weighted-14 (view)"
255,74,MUL_MAT,0,36,4,1955,"ffn_shexp-14","blk.14.ffn_down_shexp.weight","ffn_swiglu-14"
255,77,MUL,0,3,0,1969,"ffn_shexp_gated-14","ffn_shexp-14","shared_expert_gate_sigmoid-14"
255,78,ADD,0,1,1,1972,"ffn_out-14","ffn_moe_out-14","ffn_shexp_gated-14"
255,151,RMS_NORM,0,9,0,2997,"norm-15","indexer_k_pooled-15 (reshaped)",""
256,38,MUL_MAT,0,322,1,533,"attn_output-15","blk.15.attn_output.weight","attn_gated-15"
256,66,SCALE,0,1,1,799,"ffn_moe_inp-15","node_2630",""
256,70,ARGSORT,0,21,0,922,"ffn_moe_argsort-15","ffn_moe_probs-15",""
256,102,ADD,0,2,7,1626,"ffn_moe_out-15","node_2666","ffn_moe_weighted-15 (view)"
256,106,MUL_MAT,0,31,5,1737,"ffn_shexp-15","blk.15.ffn_down_shexp.weight","ffn_swiglu-15"
256,109,MUL,0,3,1,1747,"ffn_shexp_gated-15","ffn_shexp-15","shared_expert_gate_sigmoid-15"
256,110,ADD,0,1,1,1749,"ffn_out-15","ffn_moe_out-15","ffn_shexp_gated-15"
256,184,RMS_NORM,0,0,2,3209,"norm-16","attn_output-16",""
257,5,MUL_MAT,0,317,10,669,"linear_attn_out-16","blk.16.ssm_out.weight","final_output-16"
257,34,SCALE,0,1,1,920,"ffn_moe_inp-16","node_2784",""
257,38,ARGSORT,0,23,0,1054,"ffn_moe_argsort-16","ffn_moe_probs-16",""
257,70,ADD,0,1,0,1836,"ffn_moe_out-16","node_2820","ffn_moe_weighted-16 (view)"
257,74,MUL_MAT,0,47,1,1969,"ffn_shexp-16","blk.16.ffn_down_shexp.weight","ffn_swiglu-16"
257,77,MUL,0,3,13,2000,"ffn_shexp_gated-16","ffn_shexp-16","shared_expert_gate_sigmoid-16"
257,78,ADD,0,2,4,2006,"ffn_out-16","ffn_moe_out-16","ffn_shexp_gated-16"
257,152,RMS_NORM,0,0,12,3389,"norm-17","attn_output-17",""
258,5,MUL_MAT,0,196,123,634,"linear_attn_out-17","blk.17.ssm_out.weight","final_output-17"
258,34,SCALE,0,0,2,853,"ffn_moe_inp-17","node_2938",""
258,38,ARGSORT,0,19,1,980,"ffn_moe_argsort-17","ffn_moe_probs-17",""
258,70,ADD,0,1,0,1585,"ffn_moe_out-17","node_2974","ffn_moe_weighted-17 (view)"
258,74,MUL_MAT,0,20,15,1702,"ffn_shexp-17","blk.17.ffn_down_shexp.weight","ffn_swiglu-17"
258,77,MUL,0,2,0,1714,"ffn_shexp_gated-17","ffn_shexp-17","shared_expert_gate_sigmoid-17"
258,78,ADD,0,1,1,1716,"ffn_out-17","ffn_moe_out-17","ffn_shexp_gated-17"
258,152,RMS_NORM,0,0,7,2958,"norm-18","attn_output-18",""
259,5,MUL_MAT,0,187,161,683,"linear_attn_out-18","blk.18.ssm_out.weight","final_output-18"
259,34,SCALE,0,0,2,932,"ffn_moe_inp-18","node_3092",""
259,38,ARGSORT,0,19,1,1256,"ffn_moe_argsort-18","ffn_moe_probs-18",""
259,70,ADD,0,2,0,1950,"ffn_moe_out-18","node_3128","ffn_moe_weighted-18 (view)"
259,74,MUL_MAT,0,30,6,2066,"ffn_shexp-18","blk.18.ffn_down_shexp.weight","ffn_swiglu-18"
259,77,MUL,0,2,7,2090,"ffn_shexp_gated-18","ffn_shexp-18","shared_expert_gate_sigmoid-18"
259,78,ADD,0,2,0,2092,"ffn_out-18","ffn_moe_out-18","ffn_shexp_gated-18"
259,151,RMS_NORM,0,4,1,3068,"norm-19","indexer_k_pooled-19 (reshaped)",""
260,38,MUL_MAT,0,251,58,532,"attn_output-19","blk.19.attn_output.weight","attn_gated-19"
260,66,SCALE,0,0,9,776,"ffn_moe_inp-19","node_3279",""
260,70,ARGSORT,0,21,0,898,"ffn_moe_argsort-19","ffn_moe_probs-19",""
260,102,ADD,0,1,0,1533,"ffn_moe_out-19","node_3315","ffn_moe_weighted-19 (view)"
260,106,MUL_MAT,0,31,8,1651,"ffn_shexp-19","blk.19.ffn_down_shexp.weight","ffn_swiglu-19"
260,109,MUL,0,1,1,1660,"ffn_shexp_gated-19","ffn_shexp-19","shared_expert_gate_sigmoid-19"
260,110,ADD,0,1,1,1662,"ffn_out-19","ffn_moe_out-19","ffn_shexp_gated-19"
260,184,RMS_NORM,0,1,2,2965,"norm-20","attn_output-20",""
261,5,MUL_MAT,0,260,72,650,"linear_attn_out-20","blk.20.ssm_out.weight","final_output-20"
261,34,SCALE,0,0,1,895,"ffn_moe_inp-20","node_3433",""
261,38,ARGSORT,0,19,1,1045,"ffn_moe_argsort-20","ffn_moe_probs-20",""
261,70,ADD,0,1,0,1725,"ffn_moe_out-20","node_3469","ffn_moe_weighted-20 (view)"
261,74,MUL_MAT,0,30,6,1852,"ffn_shexp-20","blk.20.ffn_down_shexp.weight","ffn_swiglu-20"
261,77,MUL,0,2,0,1861,"ffn_shexp_gated-20","ffn_shexp-20","shared_expert_gate_sigmoid-20"
261,78,ADD,0,1,1,1863,"ffn_out-20","ffn_moe_out-20","ffn_shexp_gated-20"
261,152,RMS_NORM,0,0,2,3220,"norm-21","attn_output-21",""
262,5,MUL_MAT,0,292,54,690,"linear_attn_out-21","blk.21.ssm_out.weight","final_output-21"
262,34,SCALE,0,0,1,954,"ffn_moe_inp-21","node_3587",""
262,38,ARGSORT,0,20,1,1114,"ffn_moe_argsort-21","ffn_moe_probs-21",""
262,70,ADD,0,1,0,2489,"ffn_moe_out-21","node_3623","ffn_moe_weighted-21 (view)"
262,74,MUL_MAT,0,29,7,2609,"ffn_shexp-21","blk.21.ffn_down_shexp.weight","ffn_swiglu-21"
262,77,MUL,0,2,0,2617,"ffn_shexp_gated-21","ffn_shexp-21","shared_expert_gate_sigmoid-21"
262,78,ADD,0,1,6,2624,"ffn_out-21","ffn_moe_out-21","ffn_shexp_gated-21"
262,152,RMS_NORM,0,0,2,3904,"norm-22","attn_output-22",""
263,5,MUL_MAT,0,286,52,661,"linear_attn_out-22","blk.22.ssm_out.weight","final_output-22"
263,34,SCALE,0,0,1,897,"ffn_moe_inp-22","node_3741",""
263,38,ARGSORT,0,20,0,1019,"ffn_moe_argsort-22","ffn_moe_probs-22",""
263,70,ADD,0,1,0,1635,"ffn_moe_out-22","node_3777","ffn_moe_weighted-22 (view)"
263,74,MUL_MAT,0,28,18,1760,"ffn_shexp-22","blk.22.ffn_down_shexp.weight","ffn_swiglu-22"
263,77,MUL,0,1,1,1768,"ffn_shexp_gated-22","ffn_shexp-22","shared_expert_gate_sigmoid-22"
263,78,ADD,0,1,1,1770,"ffn_out-22","ffn_moe_out-22","ffn_shexp_gated-22"
263,151,RMS_NORM,0,4,1,2774,"norm-23","indexer_k_pooled-23 (reshaped)",""
264,38,MUL_MAT,0,281,42,559,"attn_output-23","blk.23.attn_output.weight","attn_gated-23"
264,66,SCALE,0,0,2,887,"ffn_moe_inp-23","node_3928",""
264,70,ARGSORT,0,18,0,1005,"ffn_moe_argsort-23","ffn_moe_probs-23",""
264,102,ADD,0,1,3,1624,"ffn_moe_out-23","node_3964","ffn_moe_weighted-23 (view)"
264,106,MUL_MAT,0,28,6,1736,"ffn_shexp-23","blk.23.ffn_down_shexp.weight","ffn_swiglu-23"
264,109,MUL,0,2,0,1755,"ffn_shexp_gated-23","ffn_shexp-23","shared_expert_gate_sigmoid-23"
264,110,ADD,0,2,0,1757,"ffn_out-23","ffn_moe_out-23","ffn_shexp_gated-23"
264,184,RMS_NORM,0,0,1,3113,"norm-24","attn_output-24",""
265,5,MUL_MAT,0,249,78,647,"linear_attn_out-24","blk.24.ssm_out.weight","final_output-24"
265,34,SCALE,0,0,2,898,"ffn_moe_inp-24","node_4082",""
265,38,ARGSORT,0,32,1,1118,"ffn_moe_argsort-24","ffn_moe_probs-24",""
265,70,ADD,0,1,1,2259,"ffn_moe_out-24","node_4118","ffn_moe_weighted-24 (view)"
265,74,MUL_MAT,0,38,5,2384,"ffn_shexp-24","blk.24.ffn_down_shexp.weight","ffn_swiglu-24"
265,77,MUL,0,2,0,2392,"ffn_shexp_gated-24","ffn_shexp-24","shared_expert_gate_sigmoid-24"
265,78,ADD,0,1,0,2394,"ffn_out-24","ffn_moe_out-24","ffn_shexp_gated-24"
265,152,RMS_NORM,0,0,2,3846,"norm-25","attn_output-25",""
266,5,MUL_MAT,0,276,150,752,"linear_attn_out-25","blk.25.ssm_out.weight","final_output-25"
266,34,SCALE,0,0,1,1008,"ffn_moe_inp-25","node_4236",""
266,38,ARGSORT,0,23,0,1142,"ffn_moe_argsort-25","ffn_moe_probs-25",""
266,70,ADD,0,1,1,1794,"ffn_moe_out-25","node_4272","ffn_moe_weighted-25 (view)"
266,74,MUL_MAT,0,34,4,1910,"ffn_shexp-25","blk.25.ffn_down_shexp.weight","ffn_swiglu-25"
266,77,MUL,0,3,1,1921,"ffn_shexp_gated-25","ffn_shexp-25","shared_expert_gate_sigmoid-25"
266,78,ADD,0,1,4,1926,"ffn_out-25","ffn_moe_out-25","ffn_shexp_gated-25"
266,152,RMS_NORM,0,1,1,3707,"norm-26","attn_output-26",""
267,5,MUL_MAT,0,185,130,614,"linear_attn_out-26","blk.26.ssm_out.weight","final_output-26"
267,34,SCALE,0,1,1,837,"ffn_moe_inp-26","node_4390",""
267,38,ARGSORT,0,18,0,961,"ffn_moe_argsort-26","ffn_moe_probs-26",""
267,70,ADD,0,1,13,2123,"ffn_moe_out-26","node_4426","ffn_moe_weighted-26 (view)"
267,74,MUL_MAT,0,19,16,2242,"ffn_shexp-26","blk.26.ffn_down_shexp.weight","ffn_swiglu-26"
267,77,MUL,0,2,0,2250,"ffn_shexp_gated-26","ffn_shexp-26","shared_expert_gate_sigmoid-26"
267,78,ADD,0,1,0,2251,"ffn_out-26","ffn_moe_out-26","ffn_shexp_gated-26"
267,151,RMS_NORM,0,5,0,3248,"norm-27","indexer_k_pooled-27 (reshaped)",""
268,38,MUL_MAT,0,246,63,530,"attn_output-27","blk.27.attn_output.weight","attn_gated-27"
268,66,SCALE,0,0,2,776,"ffn_moe_inp-27","node_4577",""
268,70,ARGSORT,0,20,1,902,"ffn_moe_argsort-27","ffn_moe_probs-27",""
268,102,ADD,0,1,0,1529,"ffn_moe_out-27","node_4613","ffn_moe_weighted-27 (view)"
268,106,MUL_MAT,0,39,6,1657,"ffn_shexp-27","blk.27.ffn_down_shexp.weight","ffn_swiglu-27"
268,109,MUL,0,2,1,1783,"ffn_shexp_gated-27","ffn_shexp-27","shared_expert_gate_sigmoid-27"
268,110,ADD,0,1,2,1786,"ffn_out-27","ffn_moe_out-27","ffn_shexp_gated-27"
268,184,RMS_NORM,0,0,2,3202,"norm-28","attn_output-28",""
269,5,MUL_MAT,0,252,77,645,"linear_attn_out-28","blk.28.ssm_out.weight","final_output-28"
269,34,SCALE,0,0,2,876,"ffn_moe_inp-28","node_4731",""
269,38,ARGSORT,0,22,0,1013,"ffn_moe_argsort-28","ffn_moe_probs-28",""
269,70,ADD,0,1,0,2438,"ffn_moe_out-28","node_4767","ffn_moe_weighted-28 (view)"
269,74,MUL_MAT,0,30,6,2550,"ffn_shexp-28","blk.28.ffn_down_shexp.weight","ffn_swiglu-28"
269,77,MUL,0,2,0,2559,"ffn_shexp_gated-28","ffn_shexp-28","shared_expert_gate_sigmoid-28"
269,78,ADD,0,1,0,2561,"ffn_out-28","ffn_moe_out-28","ffn_shexp_gated-28"
269,152,RMS_NORM,0,0,9,3939,"norm-29","attn_output-29",""
270,5,MUL_MAT,0,265,64,652,"linear_attn_out-29","blk.29.ssm_out.weight","final_output-29"
270,34,SCALE,0,0,1,893,"ffn_moe_inp-29","node_4885",""
270,38,ARGSORT,0,21,0,1017,"ffn_moe_argsort-29","ffn_moe_probs-29",""
270,70,ADD,0,2,0,1682,"ffn_moe_out-29","node_4921","ffn_moe_weighted-29 (view)"
270,74,MUL_MAT,0,29,6,1796,"ffn_shexp-29","blk.29.ffn_down_shexp.weight","ffn_swiglu-29"
270,77,MUL,0,3,0,1805,"ffn_shexp_gated-29","ffn_shexp-29","shared_expert_gate_sigmoid-29"
270,78,ADD,0,2,0,1807,"ffn_out-29","ffn_moe_out-29","ffn_shexp_gated-29"
270,152,RMS_NORM,0,1,2,3225,"norm-30","attn_output-30",""
271,5,MUL_MAT,0,256,70,646,"linear_attn_out-30","blk.30.ssm_out.weight","final_output-30"
271,34,SCALE,0,0,1,906,"ffn_moe_inp-30","node_5039",""
271,38,ARGSORT,0,21,0,1036,"ffn_moe_argsort-30","ffn_moe_probs-30",""
271,70,ADD,0,1,8,2423,"ffn_moe_out-30","node_5075","ffn_moe_weighted-30 (view)"
271,74,MUL_MAT,0,30,9,2548,"ffn_shexp-30","blk.30.ffn_down_shexp.weight","ffn_swiglu-30"
271,77,MUL,0,2,0,2557,"ffn_shexp_gated-30","ffn_shexp-30","shared_expert_gate_sigmoid-30"
271,78,ADD,0,1,1,2559,"ffn_out-30","ffn_moe_out-30","ffn_shexp_gated-30"
271,151,RMS_NORM,0,4,0,3601,"norm-31","indexer_k_pooled-31 (reshaped)",""
272,38,MUL_MAT,0,244,61,535,"attn_output-31","blk.31.attn_output.weight","attn_gated-31"
272,66,SCALE,0,0,1,770,"ffn_moe_inp-31","node_5226",""
272,70,ARGSORT,0,21,0,890,"ffn_moe_argsort-31","ffn_moe_probs-31",""
272,102,ADD,0,1,1,1871,"ffn_moe_out-31","node_5262","ffn_moe_weighted-31 (view)"
272,106,MUL_MAT,0,28,11,1985,"ffn_shexp-31","blk.31.ffn_down_shexp.weight","ffn_swiglu-31"
272,109,MUL,0,2,0,1993,"ffn_shexp_gated-31","ffn_shexp-31","shared_expert_gate_sigmoid-31"
272,110,ADD,0,2,0,1995,"ffn_out-31","ffn_moe_out-31","ffn_shexp_gated-31"
272,184,RMS_NORM,0,1,1,3254,"norm-32","attn_output-32",""
273,5,MUL_MAT,0,268,92,680,"linear_attn_out-32","blk.32.ssm_out.weight","final_output-32"
273,34,SCALE,0,0,1,936,"ffn_moe_inp-32","node_5380",""
273,38,ARGSORT,0,21,0,1080,"ffn_moe_argsort-32","ffn_moe_probs-32",""
273,70,ADD,0,1,0,2268,"ffn_moe_out-32","node_5416","ffn_moe_weighted-32 (view)"
273,74,MUL_MAT,0,20,17,2388,"ffn_shexp-32","blk.32.ffn_down_shexp.weight","ffn_swiglu-32"
273,77,MUL,0,2,0,2397,"ffn_shexp_gated-32","ffn_shexp-32","shared_expert_gate_sigmoid-32"
273,78,ADD,0,1,0,2398,"ffn_out-32","ffn_moe_out-32","ffn_shexp_gated-32"
273,152,RMS_NORM,0,0,1,3608,"norm-33","attn_output-33",""
274,5,MUL_MAT,0,181,135,614,"linear_attn_out-33","blk.33.ssm_out.weight","final_output-33"
274,34,SCALE,0,0,2,836,"ffn_moe_inp-33","node_5534",""
274,38,ARGSORT,0,23,1,1081,"ffn_moe_argsort-33","ffn_moe_probs-33",""
274,70,ADD,0,1,1,1800,"ffn_moe_out-33","node_5570","ffn_moe_weighted-33 (view)"
274,74,MUL_MAT,0,38,1,1951,"ffn_shexp-33","blk.33.ffn_down_shexp.weight","ffn_swiglu-33"
274,77,MUL,0,3,0,1961,"ffn_shexp_gated-33","ffn_shexp-33","shared_expert_gate_sigmoid-33"
274,78,ADD,0,1,0,1963,"ffn_out-33","ffn_moe_out-33","ffn_shexp_gated-33"
274,152,RMS_NORM,0,0,1,3633,"norm-34","attn_output-34",""
275,5,MUL_MAT,0,301,12,618,"linear_attn_out-34","blk.34.ssm_out.weight","final_output-34"
275,34,SCALE,0,0,2,1047,"ffn_moe_inp-34","node_5688",""
275,38,ARGSORT,0,23,1,1173,"ffn_moe_argsort-34","ffn_moe_probs-34",""
275,70,ADD,0,1,1,2256,"ffn_moe_out-34","node_5724","ffn_moe_weighted-34 (view)"
275,74,MUL_MAT,0,38,9,2388,"ffn_shexp-34","blk.34.ffn_down_shexp.weight","ffn_swiglu-34"
275,77,MUL,0,3,1,2407,"ffn_shexp_gated-34","ffn_shexp-34","shared_expert_gate_sigmoid-34"
275,78,ADD,0,2,0,2409,"ffn_out-34","ffn_moe_out-34","ffn_shexp_gated-34"
275,151,RMS_NORM,0,8,0,3546,"norm-35","indexer_k_pooled-35 (reshaped)",""
276,38,MUL_MAT,0,305,4,523,"attn_output-35","blk.35.attn_output.weight","attn_gated-35"
276,66,SCALE,0,0,1,776,"ffn_moe_inp-35","node_5875",""
276,70,ARGSORT,0,21,0,899,"ffn_moe_argsort-35","ffn_moe_probs-35",""
276,102,ADD,0,1,0,2516,"ffn_moe_out-35","node_5911","ffn_moe_weighted-35 (view)"
276,106,MUL_MAT,0,31,2,2623,"ffn_shexp-35","blk.35.ffn_down_shexp.weight","ffn_swiglu-35"
276,109,MUL,0,3,1,2633,"ffn_shexp_gated-35","ffn_shexp-35","shared_expert_gate_sigmoid-35"
276,110,ADD,0,1,1,2635,"ffn_out-35","ffn_moe_out-35","ffn_shexp_gated-35"
276,184,RMS_NORM,0,1,4,4450,"norm-36","attn_output-36",""
277,5,MUL_MAT,0,309,13,643,"linear_attn_out-36","blk.36.ssm_out.weight","final_output-36"
277,34,SCALE,0,0,1,901,"ffn_moe_inp-36","node_6029",""
277,38,ARGSORT,0,22,1,1030,"ffn_moe_argsort-36","ffn_moe_probs-36",""
277,70,ADD,0,1,13,2222,"ffn_moe_out-36","node_6065","ffn_moe_weighted-36 (view)"
277,74,MUL_MAT,0,29,9,2363,"ffn_shexp-36","blk.36.ffn_down_shexp.weight","ffn_swiglu-36"
277,77,MUL,0,2,0,2371,"ffn_shexp_gated-36","ffn_shexp-36","shared_expert_gate_sigmoid-36"
277,78,ADD,0,2,0,2373,"ffn_out-36","ffn_moe_out-36","ffn_shexp_gated-36"
277,152,RMS_NORM,0,0,9,3807,"norm-37","attn_output-37",""
278,5,MUL_MAT,0,174,156,641,"linear_attn_out-37","blk.37.ssm_out.weight","final_output-37"
278,34,SCALE,0,0,2,1072,"ffn_moe_inp-37","node_6183",""
278,38,ARGSORT,0,18,0,1194,"ffn_moe_argsort-37","ffn_moe_probs-37",""
278,70,ADD,0,1,1,2305,"ffn_moe_out-37","node_6219","ffn_moe_weighted-37 (view)"
278,74,MUL_MAT,0,18,19,2423,"ffn_shexp-37","blk.37.ffn_down_shexp.weight","ffn_swiglu-37"
278,77,MUL,0,2,0,2431,"ffn_shexp_gated-37","ffn_shexp-37","shared_expert_gate_sigmoid-37"
278,78,ADD,0,1,0,2432,"ffn_out-37","ffn_moe_out-37","ffn_shexp_gated-37"
278,152,RMS_NORM,0,0,10,3794,"norm-38","attn_output-38",""
279,5,MUL_MAT,0,166,163,633,"linear_attn_out-38","blk.38.ssm_out.weight","final_output-38"
279,34,SCALE,0,0,1,865,"ffn_moe_inp-38","node_6337",""
279,38,ARGSORT,0,18,0,988,"ffn_moe_argsort-38","ffn_moe_probs-38",""
279,70,ADD,0,1,1,2092,"ffn_moe_out-38","node_6373","ffn_moe_weighted-38 (view)"
279,74,MUL_MAT,0,34,5,2213,"ffn_shexp-38","blk.38.ffn_down_shexp.weight","ffn_swiglu-38"
279,77,MUL,0,3,1,2224,"ffn_shexp_gated-38","ffn_shexp-38","shared_expert_gate_sigmoid-38"
279,78,ADD,0,2,0,2226,"ffn_out-38","ffn_moe_out-38","ffn_shexp_gated-38"
279,87,ADD,0,2,1,2256,"l_last-38","hc_combine-38","node_6390"
280,0,GET_ROWS,0,3,1,4,"model.input_embed","token_embd.weight","inp_tokens"
280,69,RMS_NORM,0,0,2,1379,"norm-0","attn_output-0",""
281,5,MUL_MAT,0,288,55,668,"linear_attn_out-0","blk.0.ssm_out.weight","final_output-0"
281,34,SCALE,0,0,2,918,"ffn_moe_inp-0","node_104",""
281,38,ARGSORT,0,22,0,1053,"ffn_moe_argsort-0","ffn_moe_probs-0",""
281,70,ADD,0,1,0,2345,"ffn_moe_out-0","node_140","ffn_moe_weighted-0 (view)"
281,93,MUL_MAT,0,35,2,3255,"ffn_shexp-0","blk.0.ffn_down_shexp.weight","ffn_swiglu-0"
281,96,MUL,0,2,1,3264,"ffn_shexp_gated-0","ffn_shexp-0","shared_expert_gate_sigmoid-0"
281,97,ADD,0,1,1,3266,"ffn_out-0","ffn_moe_out-0","ffn_shexp_gated-0"
281,236,RMS_NORM,0,0,3,5035,"norm-1","attn_output-1",""
282,5,MUL_MAT,0,266,66,654,"linear_attn_out-1","blk.1.ssm_out.weight","final_output-1"
282,34,SCALE,0,0,1,898,"ffn_moe_inp-1","node_342",""
282,38,ARGSORT,0,21,1,1025,"ffn_moe_argsort-1","ffn_moe_probs-1",""
282,70,ADD,0,1,1,1659,"ffn_moe_out-1","node_378","ffn_moe_weighted-1 (view)"
282,74,MUL_MAT,0,31,5,1784,"ffn_shexp-1","blk.1.ffn_down_shexp.weight","ffn_swiglu-1"
282,77,MUL,0,2,1,1798,"ffn_shexp_gated-1","ffn_shexp-1","shared_expert_gate_sigmoid-1"
282,78,ADD,0,1,0,1799,"ffn_out-1","ffn_moe_out-1","ffn_shexp_gated-1"
282,152,RMS_NORM,0,1,1,3112,"norm-2","attn_output-2",""
283,5,MUL_MAT,0,270,73,676,"linear_attn_out-2","blk.2.ssm_out.weight","final_output-2"
283,34,SCALE,0,0,1,929,"ffn_moe_inp-2","node_496",""
283,38,ARGSORT,0,20,1,1064,"ffn_moe_argsort-2","ffn_moe_probs-2",""
283,70,ADD,0,2,0,1858,"ffn_moe_out-2","node_532","ffn_moe_weighted-2 (view)"
283,74,MUL_MAT,0,29,9,1979,"ffn_shexp-2","blk.2.ffn_down_shexp.weight","ffn_swiglu-2"
283,77,MUL,0,2,6,1992,"ffn_shexp_gated-2","ffn_shexp-2","shared_expert_gate_sigmoid-2"
283,78,ADD,0,1,0,1993,"ffn_out-2","ffn_moe_out-2","ffn_shexp_gated-2"
283,151,RMS_NORM,0,5,0,3001,"norm-3","indexer_k_pooled-3 (reshaped)",""
284,38,MUL_MAT,0,269,48,538,"attn_output-3","blk.3.attn_output.weight","attn_gated-3"
284,66,SCALE,0,0,8,872,"ffn_moe_inp-3","node_683",""
284,70,ARGSORT,0,20,1,1004,"ffn_moe_argsort-3","ffn_moe_probs-3",""
284,102,ADD,0,1,1,1684,"ffn_moe_out-3","node_719","ffn_moe_weighted-3 (view)"
284,106,MUL_MAT,0,26,9,1793,"ffn_shexp-3","blk.3.ffn_down_shexp.weight","ffn_swiglu-3"
284,109,MUL,0,2,0,1801,"ffn_shexp_gated-3","ffn_shexp-3","shared_expert_gate_sigmoid-3"
284,110,ADD,0,1,1,1803,"ffn_out-3","ffn_moe_out-3","ffn_shexp_gated-3"
284,184,RMS_NORM,0,1,2,3260,"norm-4","attn_output-4",""
285,5,MUL_MAT,0,269,54,639,"linear_attn_out-4","blk.4.ssm_out.weight","final_output-4"
285,34,SCALE,0,1,1,890,"ffn_moe_inp-4","node_837",""
285,38,ARGSORT,0,19,0,1011,"ffn_moe_argsort-4","ffn_moe_probs-4",""
285,70,ADD,0,1,0,1753,"ffn_moe_out-4","node_873","ffn_moe_weighted-4 (view)"
285,74,MUL_MAT,0,31,5,1872,"ffn_shexp-4","blk.4.ffn_down_shexp.weight","ffn_swiglu-4"
285,77,MUL,0,2,1,1879,"ffn_shexp_gated-4","ffn_shexp-4","shared_expert_gate_sigmoid-4"
285,78,ADD,0,1,0,1880,"ffn_out-4","ffn_moe_out-4","ffn_shexp_gated-4"
285,152,RMS_NORM,0,1,1,3294,"norm-5","attn_output-5",""
286,5,MUL_MAT,0,273,55,650,"linear_attn_out-5","blk.5.ssm_out.weight","final_output-5"
286,34,SCALE,0,0,10,926,"ffn_moe_inp-5","node_991",""
286,38,ARGSORT,0,19,0,1068,"ffn_moe_argsort-5","ffn_moe_probs-5",""
286,70,ADD,0,1,1,1706,"ffn_moe_out-5","node_1027","ffn_moe_weighted-5 (view)"
286,74,MUL_MAT,0,27,8,1814,"ffn_shexp-5","blk.5.ffn_down_shexp.weight","ffn_swiglu-5"
286,77,MUL,0,2,0,1830,"ffn_shexp_gated-5","ffn_shexp-5","shared_expert_gate_sigmoid-5"
286,78,ADD,0,1,1,1832,"ffn_out-5","ffn_moe_out-5","ffn_shexp_gated-5"
286,152,RMS_NORM,0,0,2,3123,"norm-6","attn_output-6",""
287,5,MUL_MAT,0,289,59,698,"linear_attn_out-6","blk.6.ssm_out.weight","final_output-6"
287,34,SCALE,0,0,1,947,"ffn_moe_inp-6","node_1145",""
287,38,ARGSORT,0,20,0,1077,"ffn_moe_argsort-6","ffn_moe_probs-6",""
287,70,ADD,0,1,1,1953,"ffn_moe_out-6","node_1181","ffn_moe_weighted-6 (view)"
287,74,MUL_MAT,0,32,3,2074,"ffn_shexp-6","blk.6.ffn_down_shexp.weight","ffn_swiglu-6"
287,77,MUL,0,2,0,2083,"ffn_shexp_gated-6","ffn_shexp-6","shared_expert_gate_sigmoid-6"
287,78,ADD,0,1,0,2085,"ffn_out-6","ffn_moe_out-6","ffn_shexp_gated-6"
287,151,RMS_NORM,0,5,0,3073,"norm-7","indexer_k_pooled-7 (reshaped)",""
288,38,MUL_MAT,0,251,69,567,"attn_output-7","blk.7.attn_output.weight","attn_gated-7"
288,66,SCALE,0,0,3,849,"ffn_moe_inp-7","node_1332",""
288,70,ARGSORT,0,21,1,975,"ffn_moe_argsort-7","ffn_moe_probs-7",""
288,102,ADD,0,1,1,1642,"ffn_moe_out-7","node_1368","ffn_moe_weighted-7 (view)"
288,106,MUL_MAT,0,19,16,1761,"ffn_shexp-7","blk.7.ffn_down_shexp.weight","ffn_swiglu-7"
288,109,MUL,0,2,0,1769,"ffn_shexp_gated-7","ffn_shexp-7","shared_expert_gate_sigmoid-7"
288,110,ADD,0,1,1,1771,"ffn_out-7","ffn_moe_out-7","ffn_shexp_gated-7"
288,184,RMS_NORM,0,1,6,3144,"norm-8","attn_output-8",""
289,5,MUL_MAT,0,171,145,615,"linear_attn_out-8","blk.8.ssm_out.weight","final_output-8"
289,34,SCALE,0,0,3,838,"ffn_moe_inp-8","node_1486",""
289,38,ARGSORT,0,19,1,962,"ffn_moe_argsort-8","ffn_moe_probs-8",""
289,70,ADD,0,1,0,1615,"ffn_moe_out-8","node_1522","ffn_moe_weighted-8 (view)"
289,74,MUL_MAT,0,25,11,1728,"ffn_shexp-8","blk.8.ffn_down_shexp.weight","ffn_swiglu-8"
289,77,MUL,0,2,0,1737,"ffn_shexp_gated-8","ffn_shexp-8","shared_expert_gate_sigmoid-8"
289,78,ADD,0,1,1,1739,"ffn_out-8","ffn_moe_out-8","ffn_shexp_gated-8"
289,152,RMS_NORM,0,0,3,3170,"norm-9","attn_output-9",""
290,5,MUL_MAT,0,307,19,642,"linear_attn_out-9","blk.9.ssm_out.weight","final_output-9"
290,34,SCALE,0,0,1,918,"ffn_moe_inp-9","node_1640",""
290,38,ARGSORT,0,21,1,1046,"ffn_moe_argsort-9","ffn_moe_probs-9",""
290,70,ADD,0,1,1,1694,"ffn_moe_out-9","node_1676","ffn_moe_weighted-9 (view)"
290,74,MUL_MAT,0,33,3,1827,"ffn_shexp-9","blk.9.ffn_down_shexp.weight","ffn_swiglu-9"
290,77,MUL,0,4,0,1841,"ffn_shexp_gated-9","ffn_shexp-9","shared_expert_gate_sigmoid-9"
290,78,ADD,0,1,6,1849,"ffn_out-9","ffn_moe_out-9","ffn_shexp_gated-9"
290,152,RMS_NORM,0,1,0,3474,"norm-10","attn_output-10",""
291,5,MUL_MAT,0,321,15,644,"linear_attn_out-10","blk.10.ssm_out.weight","final_output-10"
291,34,SCALE,0,1,1,930,"ffn_moe_inp-10","node_1794",""
291,38,ARGSORT,0,21,1,1061,"ffn_moe_argsort-10","ffn_moe_probs-10",""
291,70,ADD,0,1,1,1718,"ffn_moe_out-10","node_1830","ffn_moe_weighted-10 (view)"
291,74,MUL_MAT,0,34,2,1836,"ffn_shexp-10","blk.10.ffn_down_shexp.weight","ffn_swiglu-10"
291,77,MUL,0,4,0,1847,"ffn_shexp_gated-10","ffn_shexp-10","shared_expert_gate_sigmoid-10"
291,78,ADD,0,2,0,1849,"ffn_out-10","ffn_moe_out-10","ffn_shexp_gated-10"
291,151,RMS_NORM,0,4,0,2967,"norm-11","indexer_k_pooled-11 (reshaped)",""
292,38,MUL_MAT,0,191,134,552,"attn_output-11","blk.11.attn_output.weight","attn_gated-11"
292,66,SCALE,0,0,2,839,"ffn_moe_inp-11","node_1981",""
292,70,ARGSORT,0,19,0,1039,"ffn_moe_argsort-11","ffn_moe_probs-11",""
292,102,ADD,0,1,1,1693,"ffn_moe_out-11","node_2017","ffn_moe_weighted-11 (view)"
292,106,MUL_MAT,0,22,14,1806,"ffn_shexp-11","blk.11.ffn_down_shexp.weight","ffn_swiglu-11"
292,109,MUL,0,1,4,1841,"ffn_shexp_gated-11","ffn_shexp-11","shared_expert_gate_sigmoid-11"
292,110,ADD,0,1,2,1844,"ffn_out-11","ffn_moe_out-11","ffn_shexp_gated-11"
292,184,RMS_NORM,0,0,1,3264,"norm-12","attn_output-12",""
293,5,MUL_MAT,0,188,135,627,"linear_attn_out-12","blk.12.ssm_out.weight","final_output-12"
293,34,SCALE,0,0,2,857,"ffn_moe_inp-12","node_2135",""
293,38,ARGSORT,0,19,0,976,"ffn_moe_argsort-12","ffn_moe_probs-12",""
293,70,ADD,0,1,1,1621,"ffn_moe_out-12","node_2171","ffn_moe_weighted-12 (view)"
293,74,MUL_MAT,0,18,17,1750,"ffn_shexp-12","blk.12.ffn_down_shexp.weight","ffn_swiglu-12"
293,77,MUL,0,2,0,1759,"ffn_shexp_gated-12","ffn_shexp-12","shared_expert_gate_sigmoid-12"
293,78,ADD,0,1,1,1761,"ffn_out-12","ffn_moe_out-12","ffn_shexp_gated-12"
293,152,RMS_NORM,0,1,2,3151,"norm-13","attn_output-13",""
294,5,MUL_MAT,0,263,61,637,"linear_attn_out-13","blk.13.ssm_out.weight","final_output-13"
294,34,SCALE,0,0,0,882,"ffn_moe_inp-13","node_2289",""
294,38,ARGSORT,0,20,0,1014,"ffn_moe_argsort-13","ffn_moe_probs-13",""
294,70,ADD,0,1,1,2310,"ffn_moe_out-13","node_2325","ffn_moe_weighted-13 (view)"
294,74,MUL_MAT,0,29,6,2420,"ffn_shexp-13","blk.13.ffn_down_shexp.weight","ffn_swiglu-13"
294,77,MUL,0,2,0,2428,"ffn_shexp_gated-13","ffn_shexp-13","shared_expert_gate_sigmoid-13"
294,78,ADD,0,1,1,2430,"ffn_out-13","ffn_moe_out-13","ffn_shexp_gated-13"
294,152,RMS_NORM,0,1,7,3724,"norm-14","attn_output-14",""
295,5,MUL_MAT,0,267,76,680,"linear_attn_out-14","blk.14.ssm_out.weight","final_output-14"
295,34,SCALE,0,0,2,961,"ffn_moe_inp-14","node_2443",""
295,38,ARGSORT,0,19,1,1090,"ffn_moe_argsort-14","ffn_moe_probs-14",""
295,70,ADD,0,1,1,1798,"ffn_moe_out-14","node_2479","ffn_moe_weighted-14 (view)"
295,74,MUL_MAT,0,30,18,1923,"ffn_shexp-14","blk.14.ffn_down_shexp.weight","ffn_swiglu-14"
295,77,MUL,0,2,0,2087,"ffn_shexp_gated-14","ffn_shexp-14","shared_expert_gate_sigmoid-14"
295,78,ADD,0,1,0,2089,"ffn_out-14","ffn_moe_out-14","ffn_shexp_gated-14"
295,151,RMS_NORM,0,4,0,3122,"norm-15","indexer_k_pooled-15 (reshaped)",""
296,38,MUL_MAT,0,249,61,528,"attn_output-15","blk.15.attn_output.weight","attn_gated-15"
296,66,SCALE,0,0,1,754,"ffn_moe_inp-15","node_2630",""
296,70,ARGSORT,0,21,1,874,"ffn_moe_argsort-15","ffn_moe_probs-15",""
296,102,ADD,0,2,1,1519,"ffn_moe_out-15","node_2666","ffn_moe_weighted-15 (view)"
296,106,MUL_MAT,0,31,7,1639,"ffn_shexp-15","blk.15.ffn_down_shexp.weight","ffn_swiglu-15"
296,109,MUL,0,2,0,1647,"ffn_shexp_gated-15","ffn_shexp-15","shared_expert_gate_sigmoid-15"
296,110,ADD,0,1,1,1649,"ffn_out-15","ffn_moe_out-15","ffn_shexp_gated-15"
296,184,RMS_NORM,0,1,1,2990,"norm-16","attn_output-16",""
297,5,MUL_MAT,0,259,61,637,"linear_attn_out-16","blk.16.ssm_out.weight","final_output-16"
297,34,SCALE,0,0,2,882,"ffn_moe_inp-16","node_2784",""
297,38,ARGSORT,0,19,1,1003,"ffn_moe_argsort-16","ffn_moe_probs-16",""
297,70,ADD,0,1,0,1651,"ffn_moe_out-16","node_2820","ffn_moe_weighted-16 (view)"
297,74,MUL_MAT,0,32,6,1763,"ffn_shexp-16","blk.16.ffn_down_shexp.weight","ffn_swiglu-16"
297,77,MUL,0,1,1,1779,"ffn_shexp_gated-16","ffn_shexp-16","shared_expert_gate_sigmoid-16"
297,78,ADD,0,1,0,1780,"ffn_out-16","ffn_moe_out-16","ffn_shexp_gated-16"
297,152,RMS_NORM,0,0,6,3210,"norm-17","attn_output-17",""
298,5,MUL_MAT,0,300,55,695,"linear_attn_out-17","blk.17.ssm_out.weight","final_output-17"
298,34,SCALE,0,0,0,964,"ffn_moe_inp-17","node_2938",""
298,38,ARGSORT,0,20,0,1098,"ffn_moe_argsort-17","ffn_moe_probs-17",""
298,70,ADD,0,1,0,2444,"ffn_moe_out-17","node_2974","ffn_moe_weighted-17 (view)"
298,74,MUL_MAT,0,29,6,2552,"ffn_shexp-17","blk.17.ffn_down_shexp.weight","ffn_swiglu-17"
298,77,MUL,0,2,0,2561,"ffn_shexp_gated-17","ffn_shexp-17","shared_expert_gate_sigmoid-17"
298,78,ADD,0,1,0,2563,"ffn_out-17","ffn_moe_out-17","ffn_shexp_gated-17"
298,152,RMS_NORM,0,0,4,3861,"norm-18","attn_output-18",""
299,5,MUL_MAT,0,274,65,664,"linear_attn_out-18","blk.18.ssm_out.weight","final_output-18"
299,34,SCALE,0,0,1,931,"ffn_moe_inp-18","node_3092",""
299,38,ARGSORT,0,20,0,1057,"ffn_moe_argsort-18","ffn_moe_probs-18",""
299,70,ADD,0,1,4,1823,"ffn_moe_out-18","node_3128","ffn_moe_weighted-18 (view)"
299,74,MUL_MAT,0,19,29,1959,"ffn_shexp-18","blk.18.ffn_down_shexp.weight","ffn_swiglu-18"
299,77,MUL,0,1,1,1968,"ffn_shexp_gated-18","ffn_shexp-18","shared_expert_gate_sigmoid-18"
299,78,ADD,0,1,1,1970,"ffn_out-18","ffn_moe_out-18","ffn_shexp_gated-18"
299,151,RMS_NORM,0,8,1,3090,"norm-19","indexer_k_pooled-19 (reshaped)",""
300,38,MUL_MAT,0,288,22,540,"attn_output-19","blk.19.attn_output.weight","attn_gated-19"
300,66,SCALE,0,0,1,785,"ffn_moe_inp-19","node_3279",""
300,70,ARGSORT,0,22,1,908,"ffn_moe_argsort-19","ffn_moe_probs-19",""
300,102,ADD,0,2,0,1517,"ffn_moe_out-19","node_3315","ffn_moe_weighted-19 (view)"
300,106,MUL_MAT,0,31,7,1632,"ffn_shexp-19","blk.19.ffn_down_shexp.weight","ffn_swiglu-19"
300,109,MUL,0,3,1,1652,"ffn_shexp_gated-19","ffn_shexp-19","shared_expert_gate_sigmoid-19"
300,110,ADD,0,1,1,1654,"ffn_out-19","ffn_moe_out-19","ffn_shexp_gated-19"
300,184,RMS_NORM,0,0,2,3290,"norm-20","attn_output-20",""
301,5,MUL_MAT,0,284,28,608,"linear_attn_out-20","blk.20.ssm_out.weight","final_output-20"
301,34,SCALE,0,0,2,856,"ffn_moe_inp-20","node_3433",""
301,38,ARGSORT,0,22,0,984,"ffn_moe_argsort-20","ffn_moe_probs-20",""
301,70,ADD,0,1,8,1645,"ffn_moe_out-20","node_3469","ffn_moe_weighted-20 (view)"
301,74,MUL_MAT,0,53,0,1773,"ffn_shexp-20","blk.20.ffn_down_shexp.weight","ffn_swiglu-20"
301,77,MUL,0,3,1,1784,"ffn_shexp_gated-20","ffn_shexp-20","shared_expert_gate_sigmoid-20"
301,78,ADD,0,2,0,1786,"ffn_out-20","ffn_moe_out-20","ffn_shexp_gated-20"
301,152,RMS_NORM,0,1,0,3338,"norm-21","attn_output-21",""
302,5,MUL_MAT,0,305,7,613,"linear_attn_out-21","blk.21.ssm_out.weight","final_output-21"
302,34,SCALE,0,0,2,880,"ffn_moe_inp-21","node_3587",""
302,38,ARGSORT,0,22,0,1012,"ffn_moe_argsort-21","ffn_moe_probs-21",""
302,70,ADD,0,1,0,1683,"ffn_moe_out-21","node_3623","ffn_moe_weighted-21 (view)"
302,74,MUL_MAT,0,34,9,1806,"ffn_shexp-21","blk.21.ffn_down_shexp.weight","ffn_swiglu-21"
302,77,MUL,0,3,1,1818,"ffn_shexp_gated-21","ffn_shexp-21","shared_expert_gate_sigmoid-21"
302,78,ADD,0,2,0,1820,"ffn_out-21","ffn_moe_out-21","ffn_shexp_gated-21"
302,152,RMS_NORM,0,1,0,3570,"norm-22","attn_output-22",""
303,5,MUL_MAT,0,297,24,617,"linear_attn_out-22","blk.22.ssm_out.weight","final_output-22"
303,34,SCALE,0,0,1,894,"ffn_moe_inp-22","node_3741",""
303,38,ARGSORT,0,23,0,1024,"ffn_moe_argsort-22","ffn_moe_probs-22",""
303,70,ADD,0,2,1,1687,"ffn_moe_out-22","node_3777","ffn_moe_weighted-22 (view)"
303,74,MUL_MAT,0,35,2,1812,"ffn_shexp-22","blk.22.ffn_down_shexp.weight","ffn_swiglu-22"
303,77,MUL,0,3,0,1822,"ffn_shexp_gated-22","ffn_shexp-22","shared_expert_gate_sigmoid-22"
303,78,ADD,0,2,0,1824,"ffn_out-22","ffn_moe_out-22","ffn_shexp_gated-22"
303,151,RMS_NORM,0,8,1,2862,"norm-23","indexer_k_pooled-23 (reshaped)",""
304,38,MUL_MAT,0,316,12,551,"attn_output-23","blk.23.attn_output.weight","attn_gated-23"
304,66,SCALE,0,0,2,847,"ffn_moe_inp-23","node_3928",""
304,70,ARGSORT,0,21,1,984,"ffn_moe_argsort-23","ffn_moe_probs-23",""
304,102,ADD,0,2,0,1615,"ffn_moe_out-23","node_3964","ffn_moe_weighted-23 (view)"
304,106,MUL_MAT,0,32,20,1742,"ffn_shexp-23","blk.23.ffn_down_shexp.weight","ffn_swiglu-23"
304,109,MUL,0,3,1,1759,"ffn_shexp_gated-23","ffn_shexp-23","shared_expert_gate_sigmoid-23"
304,110,ADD,0,1,1,1761,"ffn_out-23","ffn_moe_out-23","ffn_shexp_gated-23"
304,184,RMS_NORM,0,0,1,3265,"norm-24","attn_output-24",""
305,5,MUL_MAT,0,299,19,694,"linear_attn_out-24","blk.24.ssm_out.weight","final_output-24"
305,34,SCALE,0,0,1,974,"ffn_moe_inp-24","node_4082",""
305,38,ARGSORT,0,23,0,1109,"ffn_moe_argsort-24","ffn_moe_probs-24",""
305,70,ADD,0,1,1,1826,"ffn_moe_out-24","node_4118","ffn_moe_weighted-24 (view)"
305,74,MUL_MAT,0,37,1,1943,"ffn_shexp-24","blk.24.ffn_down_shexp.weight","ffn_swiglu-24"
305,77,MUL,0,3,1,1954,"ffn_shexp_gated-24","ffn_shexp-24","shared_expert_gate_sigmoid-24"
305,78,ADD,0,1,1,1956,"ffn_out-24","ffn_moe_out-24","ffn_shexp_gated-24"
305,152,RMS_NORM,0,0,2,3594,"norm-25","attn_output-25",""
306,5,MUL_MAT,0,302,1,600,"linear_attn_out-25","blk.25.ssm_out.weight","final_output-25"
306,34,SCALE,0,0,1,840,"ffn_moe_inp-25","node_4236",""
306,38,ARGSORT,0,22,0,962,"ffn_moe_argsort-25","ffn_moe_probs-25",""
306,70,ADD,0,2,0,1604,"ffn_moe_out-25","node_4272","ffn_moe_weighted-25 (view)"
306,74,MUL_MAT,0,35,1,1718,"ffn_shexp-25","blk.25.ffn_down_shexp.weight","ffn_swiglu-25"
306,77,MUL,0,3,0,1727,"ffn_shexp_gated-25","ffn_shexp-25","shared_expert_gate_sigmoid-25"
306,78,ADD,0,1,1,1730,"ffn_out-25","ffn_moe_out-25","ffn_shexp_gated-25"
306,152,RMS_NORM,0,1,1,3603,"norm-26","attn_output-26",""
307,5,MUL_MAT,0,158,157,623,"linear_attn_out-26","blk.26.ssm_out.weight","final_output-26"
307,34,SCALE,0,0,1,864,"ffn_moe_inp-26","node_4390",""
307,38,ARGSORT,0,19,0,986,"ffn_moe_argsort-26","ffn_moe_probs-26",""
307,70,ADD,0,1,1,1641,"ffn_moe_out-26","node_4426","ffn_moe_weighted-26 (view)"
307,74,MUL_MAT,0,25,28,1777,"ffn_shexp-26","blk.26.ffn_down_shexp.weight","ffn_swiglu-26"
307,77,MUL,0,2,0,1783,"ffn_shexp_gated-26","ffn_shexp-26","shared_expert_gate_sigmoid-26"
307,78,ADD,0,1,1,1785,"ffn_out-26","ffn_moe_out-26","ffn_shexp_gated-26"
307,151,RMS_NORM,0,3,1,2787,"norm-27","indexer_k_pooled-27 (reshaped)",""
308,38,MUL_MAT,0,180,144,522,"attn_output-27","blk.27.attn_output.weight","attn_gated-27"
308,66,SCALE,0,0,1,775,"ffn_moe_inp-27","node_4577",""
308,70,ARGSORT,0,16,0,906,"ffn_moe_argsort-27","ffn_moe_probs-27",""
308,102,ADD,0,1,1,1592,"ffn_moe_out-27","node_4613","ffn_moe_weighted-27 (view)"
308,106,MUL_MAT,0,28,7,1724,"ffn_shexp-27","blk.27.ffn_down_shexp.weight","ffn_swiglu-27"
308,109,MUL,0,2,0,1732,"ffn_shexp_gated-27","ffn_shexp-27","shared_expert_gate_sigmoid-27"
308,110,ADD,0,1,5,1738,"ffn_out-27","ffn_moe_out-27","ffn_shexp_gated-27"
308,184,RMS_NORM,0,0,2,3176,"norm-28","attn_output-28",""
309,5,MUL_MAT,0,255,71,641,"linear_attn_out-28","blk.28.ssm_out.weight","final_output-28"
309,34,SCALE,0,0,1,884,"ffn_moe_inp-28","node_4731",""
309,38,ARGSORT,0,22,0,1006,"ffn_moe_argsort-28","ffn_moe_probs-28",""
309,70,ADD,0,1,1,1700,"ffn_moe_out-28","node_4767","ffn_moe_weighted-28 (view)"
309,74,MUL_MAT,0,40,10,1837,"ffn_shexp-28","blk.28.ffn_down_shexp.weight","ffn_swiglu-28"
309,77,MUL,0,2,1,1845,"ffn_shexp_gated-28","ffn_shexp-28","shared_expert_gate_sigmoid-28"
309,78,ADD,0,1,0,1846,"ffn_out-28","ffn_moe_out-28","ffn_shexp_gated-28"
309,152,RMS_NORM,0,0,1,3212,"norm-29","attn_output-29",""
310,5,MUL_MAT,0,274,43,631,"linear_attn_out-29","blk.29.ssm_out.weight","final_output-29"
310,34,SCALE,0,0,0,888,"ffn_moe_inp-29","node_4885",""
310,38,ARGSORT,0,21,0,1008,"ffn_moe_argsort-29","ffn_moe_probs-29",""
310,70,ADD,0,1,1,1612,"ffn_moe_out-29","node_4921","ffn_moe_weighted-29 (view)"
310,74,MUL_MAT,0,29,10,1728,"ffn_shexp-29","blk.29.ffn_down_shexp.weight","ffn_swiglu-29"
310,77,MUL,0,1,7,1749,"ffn_shexp_gated-29","ffn_shexp-29","shared_expert_gate_sigmoid-29"
310,78,ADD,0,1,1,1751,"ffn_out-29","ffn_moe_out-29","ffn_shexp_gated-29"
310,152,RMS_NORM,0,0,2,3308,"norm-30","attn_output-30",""
311,5,MUL_MAT,0,261,63,642,"linear_attn_out-30","blk.30.ssm_out.weight","final_output-30"
311,34,SCALE,0,0,2,972,"ffn_moe_inp-30","node_5039",""
311,38,ARGSORT,0,22,1,1111,"ffn_moe_argsort-30","ffn_moe_probs-30",""
311,70,ADD,0,1,9,1931,"ffn_moe_out-30","node_5075","ffn_moe_weighted-30 (view)"
311,74,MUL_MAT,0,33,4,2106,"ffn_shexp-30","blk.30.ffn_down_shexp.weight","ffn_swiglu-30"
311,77,MUL,0,2,1,2114,"ffn_shexp_gated-30","ffn_shexp-30","shared_expert_gate_sigmoid-30"
311,78,ADD,0,1,8,2123,"ffn_out-30","ffn_moe_out-30","ffn_shexp_gated-30"
311,151,RMS_NORM,0,5,0,3397,"norm-31","indexer_k_pooled-31 (reshaped)",""
312,38,MUL_MAT,0,248,63,528,"attn_output-31","blk.31.attn_output.weight","attn_gated-31"
312,66,SCALE,0,0,2,761,"ffn_moe_inp-31","node_5226",""
312,70,ARGSORT,0,20,0,879,"ffn_moe_argsort-31","ffn_moe_probs-31",""
312,102,ADD,0,1,1,1496,"ffn_moe_out-31","node_5262","ffn_moe_weighted-31 (view)"
312,106,MUL_MAT,0,27,7,1613,"ffn_shexp-31","blk.31.ffn_down_shexp.weight","ffn_swiglu-31"
312,109,MUL,0,2,0,1620,"ffn_shexp_gated-31","ffn_shexp-31","shared_expert_gate_sigmoid-31"
312,110,ADD,0,2,8,1630,"ffn_out-31","ffn_moe_out-31","ffn_shexp_gated-31"
312,184,RMS_NORM,0,0,2,2942,"norm-32","attn_output-32",""
313,5,MUL_MAT,0,267,63,651,"linear_attn_out-32","blk.32.ssm_out.weight","final_output-32"
313,34,SCALE,0,0,2,883,"ffn_moe_inp-32","node_5380",""
313,38,ARGSORT,0,20,0,1012,"ffn_moe_argsort-32","ffn_moe_probs-32",""
313,70,ADD,0,1,0,1651,"ffn_moe_out-32","node_5416","ffn_moe_weighted-32 (view)"
313,74,MUL_MAT,0,27,11,1770,"ffn_shexp-32","blk.32.ffn_down_shexp.weight","ffn_swiglu-32"
313,77,MUL,0,2,5,1783,"ffn_shexp_gated-32","ffn_shexp-32","shared_expert_gate_sigmoid-32"
313,78,ADD,0,2,0,1785,"ffn_out-32","ffn_moe_out-32","ffn_shexp_gated-32"
313,152,RMS_NORM,0,0,2,3149,"norm-33","attn_output-33",""
314,5,MUL_MAT,0,282,61,693,"linear_attn_out-33","blk.33.ssm_out.weight","final_output-33"
314,34,SCALE,0,1,1,956,"ffn_moe_inp-33","node_5534",""
314,38,ARGSORT,0,20,1,1091,"ffn_moe_argsort-33","ffn_moe_probs-33",""
314,70,ADD,0,1,1,1877,"ffn_moe_out-33","node_5570","ffn_moe_weighted-33 (view)"
314,74,MUL_MAT,0,31,7,1998,"ffn_shexp-33","blk.33.ffn_down_shexp.weight","ffn_swiglu-33"
314,77,MUL,0,2,0,2007,"ffn_shexp_gated-33","ffn_shexp-33","shared_expert_gate_sigmoid-33"
314,78,ADD,0,1,9,2017,"ffn_out-33","ffn_moe_out-33","ffn_shexp_gated-33"
314,152,RMS_NORM,0,0,7,3318,"norm-34","attn_output-34",""
315,5,MUL_MAT,0,254,63,619,"linear_attn_out-34","blk.34.ssm_out.weight","final_output-34"
315,34,SCALE,0,0,1,849,"ffn_moe_inp-34","node_5688",""
315,38,ARGSORT,0,19,1,972,"ffn_moe_argsort-34","ffn_moe_probs-34",""
315,70,ADD,0,1,1,1814,"ffn_moe_out-34","node_5724","ffn_moe_weighted-34 (view)"
315,74,MUL_MAT,0,21,18,1937,"ffn_shexp-34","blk.34.ffn_down_shexp.weight","ffn_swiglu-34"
315,77,MUL,0,2,0,1946,"ffn_shexp_gated-34","ffn_shexp-34","shared_expert_gate_sigmoid-34"
315,78,ADD,0,1,1,1948,"ffn_out-34","ffn_moe_out-34","ffn_shexp_gated-34"
315,151,RMS_NORM,0,4,21,3043,"norm-35","indexer_k_pooled-35 (reshaped)",""
316,38,MUL_MAT,0,199,117,513,"attn_output-35","blk.35.attn_output.weight","attn_gated-35"
316,66,SCALE,0,0,3,743,"ffn_moe_inp-35","node_5875",""
316,70,ARGSORT,0,16,1,870,"ffn_moe_argsort-35","ffn_moe_probs-35",""
316,102,ADD,0,1,1,1504,"ffn_moe_out-35","node_5911","ffn_moe_weighted-35 (view)"
316,106,MUL_MAT,0,18,15,1612,"ffn_shexp-35","blk.35.ffn_down_shexp.weight","ffn_swiglu-35"
316,109,MUL,0,2,0,1628,"ffn_shexp_gated-35","ffn_shexp-35","shared_expert_gate_sigmoid-35"
316,110,ADD,0,0,2,1631,"ffn_out-35","ffn_moe_out-35","ffn_shexp_gated-35"
316,184,RMS_NORM,0,1,10,2803,"norm-36","attn_output-36",""
317,5,MUL_MAT,0,177,163,680,"linear_attn_out-36","blk.36.ssm_out.weight","final_output-36"
317,34,SCALE,0,1,0,928,"ffn_moe_inp-36","node_6029",""
317,38,ARGSORT,0,18,1,1071,"ffn_moe_argsort-36","ffn_moe_probs-36",""
317,70,ADD,0,1,1,1810,"ffn_moe_out-36","node_6065","ffn_moe_weighted-36 (view)"
317,74,MUL_MAT,0,27,39,1982,"ffn_shexp-36","blk.36.ffn_down_shexp.weight","ffn_swiglu-36"
317,77,MUL,0,2,0,1993,"ffn_shexp_gated-36","ffn_shexp-36","shared_expert_gate_sigmoid-36"
317,78,ADD,0,1,1,1995,"ffn_out-36","ffn_moe_out-36","ffn_shexp_gated-36"
317,152,RMS_NORM,0,1,1,3390,"norm-37","attn_output-37",""
318,5,MUL_MAT,0,178,149,668,"linear_attn_out-37","blk.37.ssm_out.weight","final_output-37"
318,34,SCALE,0,0,1,901,"ffn_moe_inp-37","node_6183",""
318,38,ARGSORT,0,18,0,1024,"ffn_moe_argsort-37","ffn_moe_probs-37",""
318,70,ADD,0,0,6,1698,"ffn_moe_out-37","node_6219","ffn_moe_weighted-37 (view)"
318,74,MUL_MAT,0,19,18,1818,"ffn_shexp-37","blk.37.ffn_down_shexp.weight","ffn_swiglu-37"
318,77,MUL,0,2,0,1825,"ffn_shexp_gated-37","ffn_shexp-37","shared_expert_gate_sigmoid-37"
318,78,ADD,0,1,1,1827,"ffn_out-37","ffn_moe_out-37","ffn_shexp_gated-37"
318,152,RMS_NORM,0,0,1,3147,"norm-38","attn_output-38",""
319,5,MUL_MAT,0,283,42,640,"linear_attn_out-38","blk.38.ssm_out.weight","final_output-38"
319,34,SCALE,0,0,9,930,"ffn_moe_inp-38","node_6337",""
319,38,ARGSORT,0,20,1,1210,"ffn_moe_argsort-38","ffn_moe_probs-38",""
319,70,ADD,0,1,1,1847,"ffn_moe_out-38","node_6373","ffn_moe_weighted-38 (view)"
319,74,MUL_MAT,0,32,5,1976,"ffn_shexp-38","blk.38.ffn_down_shexp.weight","ffn_swiglu-38"
319,77,MUL,0,2,0,1993,"ffn_shexp_gated-38","ffn_shexp-38","shared_expert_gate_sigmoid-38"
319,78,ADD,0,1,0,1995,"ffn_out-38","ffn_moe_out-38","ffn_shexp_gated-38"
319,87,ADD,0,2,1,2021,"l_last-38","hc_combine-38","node_6390"
320,0,GET_ROWS,0,3,0,3,"model.input_embed","token_embd.weight","inp_tokens"
320,69,RMS_NORM,0,0,1,1565,"norm-0","attn_output-0",""
321,5,MUL_MAT,0,379,13,751,"linear_attn_out-0","blk.0.ssm_out.weight","final_output-0"
321,34,SCALE,0,1,1,1057,"ffn_moe_inp-0","node_104",""
321,38,ARGSORT,0,23,1,1214,"ffn_moe_argsort-0","ffn_moe_probs-0",""
321,70,ADD,0,2,0,2275,"ffn_moe_out-0","node_140","ffn_moe_weighted-0 (view)"
321,93,MUL_MAT,0,38,2,3176,"ffn_shexp-0","blk.0.ffn_down_shexp.weight","ffn_swiglu-0"
321,96,MUL,0,3,0,3188,"ffn_shexp_gated-0","ffn_shexp-0","shared_expert_gate_sigmoid-0"
321,97,ADD,0,2,0,3190,"ffn_out-0","ffn_moe_out-0","ffn_shexp_gated-0"
321,236,RMS_NORM,0,0,2,5447,"norm-1","attn_output-1",""
322,5,MUL_MAT,0,167,151,622,"linear_attn_out-1","blk.1.ssm_out.weight","final_output-1"
322,34,SCALE,0,0,1,873,"ffn_moe_inp-1","node_342",""
322,38,ARGSORT,0,19,0,997,"ffn_moe_argsort-1","ffn_moe_probs-1",""
322,70,ADD,0,1,1,1655,"ffn_moe_out-1","node_378","ffn_moe_weighted-1 (view)"
322,74,MUL_MAT,0,36,1,1787,"ffn_shexp-1","blk.1.ffn_down_shexp.weight","ffn_swiglu-1"
322,77,MUL,0,4,4,1801,"ffn_shexp_gated-1","ffn_shexp-1","shared_expert_gate_sigmoid-1"
322,78,ADD,0,2,0,1804,"ffn_out-1","ffn_moe_out-1","ffn_shexp_gated-1"
322,152,RMS_NORM,0,0,1,3411,"norm-2","attn_output-2",""
323,5,MUL_MAT,0,329,11,678,"linear_attn_out-2","blk.2.ssm_out.weight","final_output-2"
323,34,SCALE,0,0,0,972,"ffn_moe_inp-2","node_496",""
323,38,ARGSORT,0,22,1,1106,"ffn_moe_argsort-2","ffn_moe_probs-2",""
323,70,ADD,0,2,0,2830,"ffn_moe_out-2","node_532","ffn_moe_weighted-2 (view)"
323,74,MUL_MAT,0,32,5,2941,"ffn_shexp-2","blk.2.ffn_down_shexp.weight","ffn_swiglu-2"
323,77,MUL,0,3,1,2952,"ffn_shexp_gated-2","ffn_shexp-2","shared_expert_gate_sigmoid-2"
323,78,ADD,0,1,1,2954,"ffn_out-2","ffn_moe_out-2","ffn_shexp_gated-2"
323,151,RMS_NORM,0,8,1,4093,"norm-3","indexer_k_pooled-3 (reshaped)",""
324,38,MUL_MAT,0,332,1,572,"attn_output-3","blk.3.attn_output.weight","attn_gated-3"
324,66,SCALE,0,1,1,832,"ffn_moe_inp-3","node_683",""
324,70,ARGSORT,0,23,0,966,"ffn_moe_argsort-3","ffn_moe_probs-3",""
324,102,ADD,0,1,1,1649,"ffn_moe_out-3","node_719","ffn_moe_weighted-3 (view)"
324,106,MUL_MAT,0,35,1,1767,"ffn_shexp-3","blk.3.ffn_down_shexp.weight","ffn_swiglu-3"
324,109,MUL,0,3,1,1777,"ffn_shexp_gated-3","ffn_shexp-3","shared_expert_gate_sigmoid-3"
324,110,ADD,0,1,1,1779,"ffn_out-3","ffn_moe_out-3","ffn_shexp_gated-3"
324,184,RMS_NORM,0,0,2,3207,"norm-4","attn_output-4",""
325,5,MUL_MAT,0,271,62,660,"linear_attn_out-4","blk.4.ssm_out.weight","final_output-4"
325,34,SCALE,0,0,1,906,"ffn_moe_inp-4","node_837",""
325,38,ARGSORT,0,21,1,1038,"ffn_moe_argsort-4","ffn_moe_probs-4",""
325,70,ADD,0,1,9,2407,"ffn_moe_out-4","node_873","ffn_moe_weighted-4 (view)"
325,74,MUL_MAT,0,30,14,2530,"ffn_shexp-4","blk.4.ffn_down_shexp.weight","ffn_swiglu-4"
325,77,MUL,0,2,1,2541,"ffn_shexp_gated-4","ffn_shexp-4","shared_expert_gate_sigmoid-4"
325,78,ADD,0,1,0,2542,"ffn_out-4","ffn_moe_out-4","ffn_shexp_gated-4"
325,152,RMS_NORM,0,1,1,4028,"norm-5","attn_output-5",""
326,5,MUL_MAT,0,272,58,647,"linear_attn_out-5","blk.5.ssm_out.weight","final_output-5"
326,34,SCALE,0,0,2,885,"ffn_moe_inp-5","node_991",""
326,38,ARGSORT,0,22,0,1030,"ffn_moe_argsort-5","ffn_moe_probs-5",""
326,70,ADD,0,1,1,1678,"ffn_moe_out-5","node_1027","ffn_moe_weighted-5 (view)"
326,74,MUL_MAT,0,27,8,1796,"ffn_shexp-5","blk.5.ffn_down_shexp.weight","ffn_swiglu-5"
326,77,MUL,0,2,0,1805,"ffn_shexp_gated-5","ffn_shexp-5","shared_expert_gate_sigmoid-5"
326,78,ADD,0,1,2,1808,"ffn_out-5","ffn_moe_out-5","ffn_shexp_gated-5"
326,152,RMS_NORM,0,0,2,3254,"norm-6","attn_output-6",""
327,5,MUL_MAT,0,284,75,720,"linear_attn_out-6","blk.6.ssm_out.weight","final_output-6"
327,34,SCALE,0,1,1,1013,"ffn_moe_inp-6","node_1145",""
327,38,ARGSORT,0,21,1,1164,"ffn_moe_argsort-6","ffn_moe_probs-6",""
327,70,ADD,0,1,0,2520,"ffn_moe_out-6","node_1181","ffn_moe_weighted-6 (view)"
327,74,MUL_MAT,0,29,5,2630,"ffn_shexp-6","blk.6.ffn_down_shexp.weight","ffn_swiglu-6"
327,77,MUL,0,2,0,2638,"ffn_shexp_gated-6","ffn_shexp-6","shared_expert_gate_sigmoid-6"
327,78,ADD,0,1,1,2640,"ffn_out-6","ffn_moe_out-6","ffn_shexp_gated-6"
327,151,RMS_NORM,0,4,1,4082,"norm-7","indexer_k_pooled-7 (reshaped)",""
328,38,MUL_MAT,0,259,61,555,"attn_output-7","blk.7.attn_output.weight","attn_gated-7"
328,66,SCALE,0,0,1,782,"ffn_moe_inp-7","node_1332",""
328,70,ARGSORT,0,21,0,903,"ffn_moe_argsort-7","ffn_moe_probs-7",""
328,102,ADD,0,1,0,1530,"ffn_moe_out-7","node_1368","ffn_moe_weighted-7 (view)"
328,106,MUL_MAT,0,29,5,1635,"ffn_shexp-7","blk.7.ffn_down_shexp.weight","ffn_swiglu-7"
328,109,MUL,0,2,1,1643,"ffn_shexp_gated-7","ffn_shexp-7","shared_expert_gate_sigmoid-7"
328,110,ADD,0,1,1,1645,"ffn_out-7","ffn_moe_out-7","ffn_shexp_gated-7"
328,184,RMS_NORM,0,0,2,2899,"norm-8","attn_output-8",""
329,5,MUL_MAT,0,286,59,740,"linear_attn_out-8","blk.8.ssm_out.weight","final_output-8"
329,34,SCALE,0,0,2,992,"ffn_moe_inp-8","node_1486",""
329,38,ARGSORT,0,20,0,1121,"ffn_moe_argsort-8","ffn_moe_probs-8",""
329,70,ADD,0,1,0,2540,"ffn_moe_out-8","node_1522","ffn_moe_weighted-8 (view)"
329,74,MUL_MAT,0,30,88,2729,"ffn_shexp-8","blk.8.ffn_down_shexp.weight","ffn_swiglu-8"
329,77,MUL,0,2,0,2740,"ffn_shexp_gated-8","ffn_shexp-8","shared_expert_gate_sigmoid-8"
329,78,ADD,0,1,1,2742,"ffn_out-8","ffn_moe_out-8","ffn_shexp_gated-8"
329,152,RMS_NORM,0,0,4,3981,"norm-9","attn_output-9",""
330,5,MUL_MAT,0,291,37,651,"linear_attn_out-9","blk.9.ssm_out.weight","final_output-9"
330,34,SCALE,0,0,1,894,"ffn_moe_inp-9","node_1640",""
330,38,ARGSORT,0,20,0,1017,"ffn_moe_argsort-9","ffn_moe_probs-9",""
330,70,ADD,0,1,0,2216,"ffn_moe_out-9","node_1676","ffn_moe_weighted-9 (view)"
330,74,MUL_MAT,0,32,6,2332,"ffn_shexp-9","blk.9.ffn_down_shexp.weight","ffn_swiglu-9"
330,77,MUL,0,2,0,2341,"ffn_shexp_gated-9","ffn_shexp-9","shared_expert_gate_sigmoid-9"
330,78,ADD,0,1,0,2343,"ffn_out-9","ffn_moe_out-9","ffn_shexp_gated-9"
330,152,RMS_NORM,0,1,1,3901,"norm-10","attn_output-10",""
331,5,MUL_MAT,0,292,41,670,"linear_attn_out-10","blk.10.ssm_out.weight","final_output-10"
331,34,SCALE,0,1,9,919,"ffn_moe_inp-10","node_1794",""
331,38,ARGSORT,0,20,0,1052,"ffn_moe_argsort-10","ffn_moe_probs-10",""
331,70,ADD,0,1,1,2233,"ffn_moe_out-10","node_1830","ffn_moe_weighted-10 (view)"
331,74,MUL_MAT,0,27,15,2351,"ffn_shexp-10","blk.10.ffn_down_shexp.weight","ffn_swiglu-10"
331,77,MUL,0,2,0,2361,"ffn_shexp_gated-10","ffn_shexp-10","shared_expert_gate_sigmoid-10"
331,78,ADD,0,1,0,2363,"ffn_out-10","ffn_moe_out-10","ffn_shexp_gated-10"
331,151,RMS_NORM,0,4,1,3530,"norm-11","indexer_k_pooled-11 (reshaped)",""
332,38,MUL_MAT,0,255,59,535,"attn_output-11","blk.11.attn_output.weight","attn_gated-11"
332,66,SCALE,0,0,2,766,"ffn_moe_inp-11","node_1981",""
332,70,ARGSORT,0,19,0,886,"ffn_moe_argsort-11","ffn_moe_probs-11",""
332,102,ADD,0,1,0,2030,"ffn_moe_out-11","node_2017","ffn_moe_weighted-11 (view)"
332,106,MUL_MAT,0,35,14,2166,"ffn_shexp-11","blk.11.ffn_down_shexp.weight","ffn_swiglu-11"
332,109,MUL,0,2,0,2182,"ffn_shexp_gated-11","ffn_shexp-11","shared_expert_gate_sigmoid-11"
332,110,ADD,0,1,0,2184,"ffn_out-11","ffn_moe_out-11","ffn_shexp_gated-11"
332,184,RMS_NORM,0,1,1,3452,"norm-12","attn_output-12",""
333,5,MUL_MAT,0,258,67,638,"linear_attn_out-12","blk.12.ssm_out.weight","final_output-12"
333,34,SCALE,0,0,2,871,"ffn_moe_inp-12","node_2135",""
333,38,ARGSORT,0,19,0,994,"ffn_moe_argsort-12","ffn_moe_probs-12",""
333,70,ADD,0,1,0,1634,"ffn_moe_out-12","node_2171","ffn_moe_weighted-12 (view)"
333,74,MUL_MAT,0,29,7,1754,"ffn_shexp-12","blk.12.ffn_down_shexp.weight","ffn_swiglu-12"
333,77,MUL,0,2,1,1762,"ffn_shexp_gated-12","ffn_shexp-12","shared_expert_gate_sigmoid-12"
333,78,ADD,0,1,3,1766,"ffn_out-12","ffn_moe_out-12","ffn_shexp_gated-12"
333,152,RMS_NORM,0,0,8,3245,"norm-13","attn_output-13",""
334,5,MUL_MAT,0,281,65,703,"linear_attn_out-13","blk.13.ssm_out.weight","final_output-13"
334,34,SCALE,0,0,1,950,"ffn_moe_inp-13","node_2289",""
334,38,ARGSORT,0,20,0,1081,"ffn_moe_argsort-13","ffn_moe_probs-13",""
334,70,ADD,0,2,0,2106,"ffn_moe_out-13","node_2325","ffn_moe_weighted-13 (view)"
334,74,MUL_MAT,0,31,6,2220,"ffn_shexp-13","blk.13.ffn_down_shexp.weight","ffn_swiglu-13"
334,77,MUL,0,2,0,2228,"ffn_shexp_gated-13","ffn_shexp-13","shared_expert_gate_sigmoid-13"
334,78,ADD,0,1,1,2230,"ffn_out-13","ffn_moe_out-13","ffn_shexp_gated-13"
334,152,RMS_NORM,0,0,12,3527,"norm-14","attn_output-14",""
335,5,MUL_MAT,0,256,68,635,"linear_attn_out-14","blk.14.ssm_out.weight","final_output-14"
335,34,SCALE,0,0,1,878,"ffn_moe_inp-14","node_2443",""
335,38,ARGSORT,0,21,0,1077,"ffn_moe_argsort-14","ffn_moe_probs-14",""
335,70,ADD,0,1,1,1787,"ffn_moe_out-14","node_2479","ffn_moe_weighted-14 (view)"
335,74,MUL_MAT,0,33,7,1910,"ffn_shexp-14","blk.14.ffn_down_shexp.weight","ffn_swiglu-14"
335,77,MUL,0,2,1,1920,"ffn_shexp_gated-14","ffn_shexp-14","shared_expert_gate_sigmoid-14"
335,78,ADD,0,1,1,1922,"ffn_out-14","ffn_moe_out-14","ffn_shexp_gated-14"
335,151,RMS_NORM,0,5,0,3100,"norm-15","indexer_k_pooled-15 (reshaped)",""
336,38,MUL_MAT,0,247,67,530,"attn_output-15","blk.15.attn_output.weight","attn_gated-15"
336,66,SCALE,0,0,1,765,"ffn_moe_inp-15","node_2630",""
336,70,ARGSORT,0,19,0,898,"ffn_moe_argsort-15","ffn_moe_probs-15",""
336,102,ADD,0,1,1,1509,"ffn_moe_out-15","node_2666","ffn_moe_weighted-15 (view)"
336,106,MUL_MAT,0,31,3,1613,"ffn_shexp-15","blk.15.ffn_down_shexp.weight","ffn_swiglu-15"
336,109,MUL,0,2,1,1624,"ffn_shexp_gated-15","ffn_shexp-15","shared_expert_gate_sigmoid-15"
336,110,ADD,0,1,7,1632,"ffn_out-15","ffn_moe_out-15","ffn_shexp_gated-15"
336,184,RMS_NORM,0,1,2,2872,"norm-16","attn_output-16",""
337,5,MUL_MAT,0,239,85,637,"linear_attn_out-16","blk.16.ssm_out.weight","final_output-16"
337,34,SCALE,0,0,10,889,"ffn_moe_inp-16","node_2784",""
337,38,ARGSORT,0,19,0,1014,"ffn_moe_argsort-16","ffn_moe_probs-16",""
337,70,ADD,0,2,0,1635,"ffn_moe_out-16","node_2820","ffn_moe_weighted-16 (view)"
337,74,MUL_MAT,0,31,6,1753,"ffn_shexp-16","blk.16.ffn_down_shexp.weight","ffn_swiglu-16"
337,77,MUL,0,2,0,1760,"ffn_shexp_gated-16","ffn_shexp-16","shared_expert_gate_sigmoid-16"
337,78,ADD,0,1,1,1762,"ffn_out-16","ffn_moe_out-16","ffn_shexp_gated-16"
337,152,RMS_NORM,0,1,1,3225,"norm-17","attn_output-17",""
338,5,MUL_MAT,0,273,71,677,"linear_attn_out-17","blk.17.ssm_out.weight","final_output-17"
338,34,SCALE,0,0,2,938,"ffn_moe_inp-17","node_2938",""
338,38,ARGSORT,0,19,1,1073,"ffn_moe_argsort-17","ffn_moe_probs-17",""
338,70,ADD,0,1,2,1897,"ffn_moe_out-17","node_2974","ffn_moe_weighted-17 (view)"
338,74,MUL_MAT,0,34,14,2089,"ffn_shexp-17","blk.17.ffn_down_shexp.weight","ffn_swiglu-17"
338,77,MUL,0,2,0,2097,"ffn_shexp_gated-17","ffn_shexp-17","shared_expert_gate_sigmoid-17"
338,78,ADD,0,1,0,2099,"ffn_out-17","ffn_moe_out-17","ffn_shexp_gated-17"
338,152,RMS_NORM,0,0,2,3522,"norm-18","attn_output-18",""
339,5,MUL_MAT,0,273,64,657,"linear_attn_out-18","blk.18.ssm_out.weight","final_output-18"
339,34,SCALE,0,0,2,913,"ffn_moe_inp-18","node_3092",""
339,38,ARGSORT,0,20,0,1047,"ffn_moe_argsort-18","ffn_moe_probs-18",""
339,70,ADD,0,1,0,1757,"ffn_moe_out-18","node_3128","ffn_moe_weighted-18 (view)"
339,74,MUL_MAT,0,32,6,1884,"ffn_shexp-18","blk.18.ffn_down_shexp.weight","ffn_swiglu-18"
339,77,MUL,0,2,8,1899,"ffn_shexp_gated-18","ffn_shexp-18","shared_expert_gate_sigmoid-18"
339,78,ADD,0,1,1,1901,"ffn_out-18","ffn_moe_out-18","ffn_shexp_gated-18"
339,151,RMS_NORM,0,5,0,2951,"norm-19","indexer_k_pooled-19 (reshaped)",""
340,38,MUL_MAT,0,251,57,525,"attn_output-19","blk.19.attn_output.weight","attn_gated-19"
340,66,SCALE,0,1,5,777,"ffn_moe_inp-19","node_3279",""
340,70,ARGSORT,0,20,13,911,"ffn_moe_argsort-19","ffn_moe_probs-19",""
340,102,ADD,0,1,1,1520,"ffn_moe_out-19","node_3315","ffn_moe_weighted-19 (view)"
340,106,MUL_MAT,0,28,8,1630,"ffn_shexp-19","blk.19.ffn_down_shexp.weight","ffn_swiglu-19"
340,109,MUL,0,2,0,1642,"ffn_shexp_gated-19","ffn_shexp-19","shared_expert_gate_sigmoid-19"
340,110,ADD,0,1,1,1644,"ffn_out-19","ffn_moe_out-19","ffn_shexp_gated-19"
340,184,RMS_NORM,0,1,2,2931,"norm-20","attn_output-20",""
341,5,MUL_MAT,0,207,146,709,"linear_attn_out-20","blk.20.ssm_out.weight","final_output-20"
341,34,SCALE,0,0,2,952,"ffn_moe_inp-20","node_3433",""
341,38,ARGSORT,0,19,0,1082,"ffn_moe_argsort-20","ffn_moe_probs-20",""
341,70,ADD,0,1,1,1872,"ffn_moe_out-20","node_3469","ffn_moe_weighted-20 (view)"
341,74,MUL_MAT,0,19,16,1988,"ffn_shexp-20","blk.20.ffn_down_shexp.weight","ffn_swiglu-20"
341,77,MUL,0,2,0,1996,"ffn_shexp_gated-20","ffn_shexp-20","shared_expert_gate_sigmoid-20"
341,78,ADD,0,0,1,1998,"ffn_out-20","ffn_moe_out-20","ffn_shexp_gated-20"
341,152,RMS_NORM,0,0,2,3209,"norm-21","attn_output-21",""
342,5,MUL_MAT,0,167,152,623,"linear_attn_out-21","blk.21.ssm_out.weight","final_output-21"
342,34,SCALE,0,1,10,862,"ffn_moe_inp-21","node_3587",""
342,38,ARGSORT,0,16,1,1077,"ffn_moe_argsort-21","ffn_moe_probs-21",""
342,70,ADD,0,1,1,2182,"ffn_moe_out-21","node_3623","ffn_moe_weighted-21 (view)"
342,74,MUL_MAT,0,30,8,2300,"ffn_shexp-21","blk.21.ffn_down_shexp.weight","ffn_swiglu-21"
342,77,MUL,0,2,0,2308,"ffn_shexp_gated-21","ffn_shexp-21","shared_expert_gate_sigmoid-21"
342,78,ADD,0,1,1,2311,"ffn_out-21","ffn_moe_out-21","ffn_shexp_gated-21"
342,152,RMS_NORM,0,0,1,3740,"norm-22","attn_output-22",""
343,5,MUL_MAT,0,253,67,645,"linear_attn_out-22","blk.22.ssm_out.weight","final_output-22"
343,34,SCALE,0,0,5,900,"ffn_moe_inp-22","node_3741",""
343,38,ARGSORT,0,21,0,1032,"ffn_moe_argsort-22","ffn_moe_probs-22",""
343,70,ADD,0,1,0,1643,"ffn_moe_out-22","node_3777","ffn_moe_weighted-22 (view)"
343,74,MUL_MAT,0,31,13,1765,"ffn_shexp-22","blk.22.ffn_down_shexp.weight","ffn_swiglu-22"
343,77,MUL,0,2,0,1779,"ffn_shexp_gated-22","ffn_shexp-22","shared_expert_gate_sigmoid-22"
343,78,ADD,0,1,0,1781,"ffn_out-22","ffn_moe_out-22","ffn_shexp_gated-22"
343,151,RMS_NORM,0,4,1,2962,"norm-23","indexer_k_pooled-23 (reshaped)",""
344,38,MUL_MAT,0,249,54,515,"attn_output-23","blk.23.attn_output.weight","attn_gated-23"
344,66,SCALE,0,0,2,752,"ffn_moe_inp-23","node_3928",""
344,70,ARGSORT,0,19,0,878,"ffn_moe_argsort-23","ffn_moe_probs-23",""
344,102,ADD,0,1,1,1499,"ffn_moe_out-23","node_3964","ffn_moe_weighted-23 (view)"
344,106,MUL_MAT,0,28,6,1613,"ffn_shexp-23","blk.23.ffn_down_shexp.weight","ffn_swiglu-23"
344,109,MUL,0,1,1,1622,"ffn_shexp_gated-23","ffn_shexp-23","shared_expert_gate_sigmoid-23"
344,110,ADD,0,1,1,1624,"ffn_out-23","ffn_moe_out-23","ffn_shexp_gated-23"
344,184,RMS_NORM,0,0,1,2882,"norm-24","attn_output-24",""
345,5,MUL_MAT,0,295,106,736,"linear_attn_out-24","blk.24.ssm_out.weight","final_output-24"
345,34,SCALE,0,0,1,986,"ffn_moe_inp-24","node_4082",""
345,38,ARGSORT,0,21,0,1121,"ffn_moe_argsort-24","ffn_moe_probs-24",""
345,70,ADD,0,1,0,1831,"ffn_moe_out-24","node_4118","ffn_moe_weighted-24 (view)"
345,74,MUL_MAT,0,28,14,1957,"ffn_shexp-24","blk.24.ffn_down_shexp.weight","ffn_swiglu-24"
345,77,MUL,0,2,0,1964,"ffn_shexp_gated-24","ffn_shexp-24","shared_expert_gate_sigmoid-24"
345,78,ADD,0,1,1,1967,"ffn_out-24","ffn_moe_out-24","ffn_shexp_gated-24"
345,152,RMS_NORM,0,1,2,3275,"norm-25","attn_output-25",""
346,5,MUL_MAT,0,259,60,647,"linear_attn_out-25","blk.25.ssm_out.weight","final_output-25"
346,34,SCALE,0,1,0,1000,"ffn_moe_inp-25","node_4236",""
346,38,ARGSORT,0,21,0,1128,"ffn_moe_argsort-25","ffn_moe_probs-25",""
346,70,ADD,0,1,0,2310,"ffn_moe_out-25","node_4272","ffn_moe_weighted-25 (view)"
346,74,MUL_MAT,0,32,7,2443,"ffn_shexp-25","blk.25.ffn_down_shexp.weight","ffn_swiglu-25"
346,77,MUL,0,2,0,2450,"ffn_shexp_gated-25","ffn_shexp-25","shared_expert_gate_sigmoid-25"
346,78,ADD,0,1,0,2452,"ffn_out-25","ffn_moe_out-25","ffn_shexp_gated-25"
346,152,RMS_NORM,0,0,2,3808,"norm-26","attn_output-26",""
347,5,MUL_MAT,0,261,61,651,"linear_attn_out-26","blk.26.ssm_out.weight","final_output-26"
347,34,SCALE,0,0,2,897,"ffn_moe_inp-26","node_4390",""
347,38,ARGSORT,0,21,1,1027,"ffn_moe_argsort-26","ffn_moe_probs-26",""
347,70,ADD,0,2,0,2584,"ffn_moe_out-26","node_4426","ffn_moe_weighted-26 (view)"
347,74,MUL_MAT,0,29,8,2708,"ffn_shexp-26","blk.26.ffn_down_shexp.weight","ffn_swiglu-26"
347,77,MUL,0,2,0,2715,"ffn_shexp_gated-26","ffn_shexp-26","shared_expert_gate_sigmoid-26"
347,78,ADD,0,1,9,2725,"ffn_out-26","ffn_moe_out-26","ffn_shexp_gated-26"
347,151,RMS_NORM,0,4,1,3788,"norm-27","indexer_k_pooled-27 (reshaped)",""
348,38,MUL_MAT,0,238,71,507,"attn_output-27","blk.27.attn_output.weight","attn_gated-27"
348,66,SCALE,0,0,2,735,"ffn_moe_inp-27","node_4577",""
348,70,ARGSORT,0,19,0,857,"ffn_moe_argsort-27","ffn_moe_probs-27",""
348,102,ADD,0,1,0,1477,"ffn_moe_out-27","node_4613","ffn_moe_weighted-27 (view)"
348,106,MUL_MAT,0,27,7,1591,"ffn_shexp-27","blk.27.ffn_down_shexp.weight","ffn_swiglu-27"
348,109,MUL,0,2,0,1600,"ffn_shexp_gated-27","ffn_shexp-27","shared_expert_gate_sigmoid-27"
348,110,ADD,0,1,0,1602,"ffn_out-27","ffn_moe_out-27","ffn_shexp_gated-27"
348,184,RMS_NORM,0,0,2,3086,"norm-28","attn_output-28",""
349,5,MUL_MAT,0,258,88,683,"linear_attn_out-28","blk.28.ssm_out.weight","final_output-28"
349,34,SCALE,0,0,2,947,"ffn_moe_inp-28","node_4731",""
349,38,ARGSORT,0,20,1,1158,"ffn_moe_argsort-28","ffn_moe_probs-28",""
349,70,ADD,0,1,1,2242,"ffn_moe_out-28","node_4767","ffn_moe_weighted-28 (view)"
349,74,MUL_MAT,0,33,5,2357,"ffn_shexp-28","blk.28.ffn_down_shexp.weight","ffn_swiglu-28"
349,77,MUL,0,1,1,2379,"ffn_shexp_gated-28","ffn_shexp-28","shared_expert_gate_sigmoid-28"
349,78,ADD,0,2,0,2381,"ffn_out-28","ffn_moe_out-28","ffn_shexp_gated-28"
349,152,RMS_NORM,0,1,14,3802,"norm-29","attn_output-29",""
350,5,MUL_MAT,0,284,69,688,"linear_attn_out-29","blk.29.ssm_out.weight","final_output-29"
350,34,SCALE,0,1,1,942,"ffn_moe_inp-29","node_4885",""
350,38,ARGSORT,0,22,0,1081,"ffn_moe_argsort-29","ffn_moe_probs-29",""
350,70,ADD,0,1,0,1807,"ffn_moe_out-29","node_4921","ffn_moe_weighted-29 (view)"
350,74,MUL_MAT,0,34,10,1938,"ffn_shexp-29","blk.29.ffn_down_shexp.weight","ffn_swiglu-29"
350,77,MUL,0,2,0,1947,"ffn_shexp_gated-29","ffn_shexp-29","shared_expert_gate_sigmoid-29"
350,78,ADD,0,1,1,1950,"ffn_out-29","ffn_moe_out-29","ffn_shexp_gated-29"
350,152,RMS_NORM,0,1,0,3382,"norm-30","attn_output-30",""
351,5,MUL_MAT,0,275,58,640,"linear_attn_out-30","blk.30.ssm_out.weight","final_output-30"
351,34,SCALE,0,0,2,878,"ffn_moe_inp-30","node_5039",""
351,38,ARGSORT,0,21,0,1003,"ffn_moe_argsort-30","ffn_moe_probs-30",""
351,70,ADD,0,1,1,2532,"ffn_moe_out-30","node_5075","ffn_moe_weighted-30 (view)"
351,74,MUL_MAT,0,36,7,2666,"ffn_shexp-30","blk.30.ffn_down_shexp.weight","ffn_swiglu-30"
351,77,MUL,0,2,1,2677,"ffn_shexp_gated-30","ffn_shexp-30","shared_expert_gate_sigmoid-30"
351,78,ADD,0,1,1,2679,"ffn_out-30","ffn_moe_out-30","ffn_shexp_gated-30"
351,151,RMS_NORM,0,5,0,3733,"norm-31","indexer_k_pooled-31 (reshaped)",""
352,38,MUL_MAT,0,247,59,512,"attn_output-31","blk.31.attn_output.weight","attn_gated-31"
352,66,SCALE,0,0,2,760,"ffn_moe_inp-31","node_5226",""
352,70,ARGSORT,0,19,0,878,"ffn_moe_argsort-31","ffn_moe_probs-31",""
352,102,ADD,0,1,0,1494,"ffn_moe_out-31","node_5262","ffn_moe_weighted-31 (view)"
352,106,MUL_MAT,0,27,9,1603,"ffn_shexp-31","blk.31.ffn_down_shexp.weight","ffn_swiglu-31"
352,109,MUL,0,1,0,1610,"ffn_shexp_gated-31","ffn_shexp-31","shared_expert_gate_sigmoid-31"
352,110,ADD,0,1,1,1613,"ffn_out-31","ffn_moe_out-31","ffn_shexp_gated-31"
352,184,RMS_NORM,0,0,120,3052,"norm-32","attn_output-32",""
353,5,MUL_MAT,0,284,60,679,"linear_attn_out-32","blk.32.ssm_out.weight","final_output-32"
353,34,SCALE,0,0,1,919,"ffn_moe_inp-32","node_5380",""
353,38,ARGSORT,0,19,0,1053,"ffn_moe_argsort-32","ffn_moe_probs-32",""
353,70,ADD,0,1,0,1750,"ffn_moe_out-32","node_5416","ffn_moe_weighted-32 (view)"
353,74,MUL_MAT,0,31,6,1962,"ffn_shexp-32","blk.32.ffn_down_shexp.weight","ffn_swiglu-32"
353,77,MUL,0,2,0,1970,"ffn_shexp_gated-32","ffn_shexp-32","shared_expert_gate_sigmoid-32"
353,78,ADD,0,1,1,1972,"ffn_out-32","ffn_moe_out-32","ffn_shexp_gated-32"
353,152,RMS_NORM,0,1,0,3351,"norm-33","attn_output-33",""
354,5,MUL_MAT,0,302,22,626,"linear_attn_out-33","blk.33.ssm_out.weight","final_output-33"
354,34,SCALE,0,0,1,985,"ffn_moe_inp-33","node_5534",""
354,38,ARGSORT,0,23,45,1158,"ffn_moe_argsort-33","ffn_moe_probs-33",""
354,70,ADD,0,2,0,1880,"ffn_moe_out-33","node_5570","ffn_moe_weighted-33 (view)"
354,74,MUL_MAT,0,38,2,2008,"ffn_shexp-33","blk.33.ffn_down_shexp.weight","ffn_swiglu-33"
354,77,MUL,0,3,1,2018,"ffn_shexp_gated-33","ffn_shexp-33","shared_expert_gate_sigmoid-33"
354,78,ADD,0,2,0,2020,"ffn_out-33","ffn_moe_out-33","ffn_shexp_gated-33"
354,152,RMS_NORM,0,1,1,3824,"norm-34","attn_output-34",""
355,5,MUL_MAT,0,280,37,632,"linear_attn_out-34","blk.34.ssm_out.weight","final_output-34"
355,34,SCALE,0,0,2,878,"ffn_moe_inp-34","node_5688",""
355,38,ARGSORT,0,23,1,1015,"ffn_moe_argsort-34","ffn_moe_probs-34",""
355,70,ADD,0,2,0,1657,"ffn_moe_out-34","node_5724","ffn_moe_weighted-34 (view)"
355,74,MUL_MAT,0,32,4,1777,"ffn_shexp-34","blk.34.ffn_down_shexp.weight","ffn_swiglu-34"
355,77,MUL,0,3,0,1792,"ffn_shexp_gated-34","ffn_shexp-34","shared_expert_gate_sigmoid-34"
355,78,ADD,0,1,0,1794,"ffn_out-34","ffn_moe_out-34","ffn_shexp_gated-34"
355,151,RMS_NORM,0,8,0,2844,"norm-35","indexer_k_pooled-35 (reshaped)",""
356,38,MUL_MAT,0,304,7,508,"attn_output-35","blk.35.attn_output.weight","attn_gated-35"
356,66,SCALE,0,0,1,752,"ffn_moe_inp-35","node_5875",""
356,70,ARGSORT,0,22,0,875,"ffn_moe_argsort-35","ffn_moe_probs-35",""
356,102,ADD,0,2,0,1541,"ffn_moe_out-35","node_5911","ffn_moe_weighted-35 (view)"
356,106,MUL_MAT,0,43,4,1671,"ffn_shexp-35","blk.35.ffn_down_shexp.weight","ffn_swiglu-35"
356,109,MUL,0,3,1,1682,"ffn_shexp_gated-35","ffn_shexp-35","shared_expert_gate_sigmoid-35"
356,110,ADD,0,1,1,1684,"ffn_out-35","ffn_moe_out-35","ffn_shexp_gated-35"
356,184,RMS_NORM,0,1,1,3233,"norm-36","attn_output-36",""
357,5,MUL_MAT,0,332,26,676,"linear_attn_out-36","blk.36.ssm_out.weight","final_output-36"
357,34,SCALE,0,0,2,934,"ffn_moe_inp-36","node_6029",""
357,38,ARGSORT,0,23,0,1069,"ffn_moe_argsort-36","ffn_moe_probs-36",""
357,70,ADD,0,2,0,1739,"ffn_moe_out-36","node_6065","ffn_moe_weighted-36 (view)"
357,74,MUL_MAT,0,34,3,1852,"ffn_shexp-36","blk.36.ffn_down_shexp.weight","ffn_swiglu-36"
357,77,MUL,0,3,1,1862,"ffn_shexp_gated-36","ffn_shexp-36","shared_expert_gate_sigmoid-36"
357,78,ADD,0,2,8,1872,"ffn_out-36","ffn_moe_out-36","ffn_shexp_gated-36"
357,152,RMS_NORM,0,0,1,3491,"norm-37","attn_output-37",""
358,5,MUL_MAT,0,336,5,675,"linear_attn_out-37","blk.37.ssm_out.weight","final_output-37"
358,34,SCALE,0,0,2,957,"ffn_moe_inp-37","node_6183",""
358,38,ARGSORT,0,23,0,1114,"ffn_moe_argsort-37","ffn_moe_probs-37",""
358,70,ADD,0,2,0,1785,"ffn_moe_out-37","node_6219","ffn_moe_weighted-37 (view)"
358,74,MUL_MAT,0,42,2,1913,"ffn_shexp-37","blk.37.ffn_down_shexp.weight","ffn_swiglu-37"
358,77,MUL,0,3,0,1922,"ffn_shexp_gated-37","ffn_shexp-37","shared_expert_gate_sigmoid-37"
358,78,ADD,0,1,1,1925,"ffn_out-37","ffn_moe_out-37","ffn_shexp_gated-37"
358,152,RMS_NORM,0,1,1,3469,"norm-38","attn_output-38",""
359,5,MUL_MAT,0,310,5,610,"linear_attn_out-38","blk.38.ssm_out.weight","final_output-38"
359,34,SCALE,0,0,1,893,"ffn_moe_inp-38","node_6337",""
359,38,ARGSORT,0,22,0,1026,"ffn_moe_argsort-38","ffn_moe_probs-38",""
359,70,ADD,0,1,1,1724,"ffn_moe_out-38","node_6373","ffn_moe_weighted-38 (view)"
359,74,MUL_MAT,0,39,6,1851,"ffn_shexp-38","blk.38.ffn_down_shexp.weight","ffn_swiglu-38"
359,77,MUL,0,3,0,1862,"ffn_shexp_gated-38","ffn_shexp-38","shared_expert_gate_sigmoid-38"
359,78,ADD,0,2,1,1865,"ffn_out-38","ffn_moe_out-38","ffn_shexp_gated-38"
359,87,ADD,0,2,1,1895,"l_last-38","hc_combine-38","node_6390"
360,0,GET_ROWS,0,12,1,14,"model.input_embed","token_embd.weight","inp_tokens"
360,69,RMS_NORM,0,0,2,1354,"norm-0","attn_output-0",""
361,5,MUL_MAT,0,221,146,701,"linear_attn_out-0","blk.0.ssm_out.weight","final_output-0"
361,34,SCALE,0,0,2,948,"ffn_moe_inp-0","node_104",""
361,38,ARGSORT,0,18,1,1083,"ffn_moe_argsort-0","ffn_moe_probs-0",""
361,70,ADD,0,1,0,1814,"ffn_moe_out-0","node_140","ffn_moe_weighted-0 (view)"
361,93,MUL_MAT,0,34,5,3041,"ffn_shexp-0","blk.0.ffn_down_shexp.weight","ffn_swiglu-0"
361,96,MUL,0,3,1,3067,"ffn_shexp_gated-0","ffn_shexp-0","shared_expert_gate_sigmoid-0"
361,97,ADD,0,2,1,3070,"ffn_out-0","ffn_moe_out-0","ffn_shexp_gated-0"
361,236,RMS_NORM,0,0,2,5270,"norm-1","attn_output-1",""
362,5,MUL_MAT,0,337,16,699,"linear_attn_out-1","blk.1.ssm_out.weight","final_output-1"
362,34,SCALE,0,1,1,995,"ffn_moe_inp-1","node_342",""
362,38,ARGSORT,0,22,1,1130,"ffn_moe_argsort-1","ffn_moe_probs-1",""
362,70,ADD,0,1,0,1858,"ffn_moe_out-1","node_378","ffn_moe_weighted-1 (view)"
362,74,MUL_MAT,0,36,4,1993,"ffn_shexp-1","blk.1.ffn_down_shexp.weight","ffn_swiglu-1"
362,77,MUL,0,4,0,2003,"ffn_shexp_gated-1","ffn_shexp-1","shared_expert_gate_sigmoid-1"
362,78,ADD,0,2,0,2005,"ffn_out-1","ffn_moe_out-1","ffn_shexp_gated-1"
362,152,RMS_NORM,0,1,0,3792,"norm-2","attn_output-2",""
363,5,MUL_MAT,0,314,8,647,"linear_attn_out-2","blk.2.ssm_out.weight","final_output-2"
363,34,SCALE,0,1,1,892,"ffn_moe_inp-2","node_496",""
363,38,ARGSORT,0,23,0,1019,"ffn_moe_argsort-2","ffn_moe_probs-2",""
363,70,ADD,0,2,0,2027,"ffn_moe_out-2","node_532","ffn_moe_weighted-2 (view)"
363,74,MUL_MAT,0,36,2,2155,"ffn_shexp-2","blk.2.ffn_down_shexp.weight","ffn_swiglu-2"
363,77,MUL,0,3,0,2164,"ffn_shexp_gated-2","ffn_shexp-2","shared_expert_gate_sigmoid-2"
363,78,ADD,0,2,0,2166,"ffn_out-2","ffn_moe_out-2","ffn_shexp_gated-2"
363,151,RMS_NORM,0,8,1,3280,"norm-3","indexer_k_pooled-3 (reshaped)",""
364,38,MUL_MAT,0,306,9,549,"attn_output-3","blk.3.attn_output.weight","attn_gated-3"
364,66,SCALE,0,0,1,811,"ffn_moe_inp-3","node_683",""
364,70,ARGSORT,0,23,0,943,"ffn_moe_argsort-3","ffn_moe_probs-3",""
364,102,ADD,0,2,0,1722,"ffn_moe_out-3","node_719","ffn_moe_weighted-3 (view)"
364,106,MUL_MAT,0,35,4,2046,"ffn_shexp-3","blk.3.ffn_down_shexp.weight","ffn_swiglu-3"
364,109,MUL,0,3,0,2056,"ffn_shexp_gated-3","ffn_shexp-3","shared_expert_gate_sigmoid-3"
364,110,ADD,0,2,0,2058,"ffn_out-3","ffn_moe_out-3","ffn_shexp_gated-3"
364,184,RMS_NORM,0,1,3,3957,"norm-4","attn_output-4",""
365,5,MUL_MAT,0,322,3,625,"linear_attn_out-4","blk.4.ssm_out.weight","final_output-4"
365,34,SCALE,0,0,2,877,"ffn_moe_inp-4","node_837",""
365,38,ARGSORT,0,24,0,1006,"ffn_moe_argsort-4","ffn_moe_probs-4",""
365,70,ADD,0,2,0,1801,"ffn_moe_out-4","node_873","ffn_moe_weighted-4 (view)"
365,74,MUL_MAT,0,36,1,1918,"ffn_shexp-4","blk.4.ffn_down_shexp.weight","ffn_swiglu-4"
365,77,MUL,0,3,0,1928,"ffn_shexp_gated-4","ffn_shexp-4","shared_expert_gate_sigmoid-4"
365,78,ADD,0,1,1,1931,"ffn_out-4","ffn_moe_out-4","ffn_shexp_gated-4"
365,152,RMS_NORM,0,1,3,3557,"norm-5","attn_output-5",""
366,5,MUL_MAT,0,328,6,658,"linear_attn_out-5","blk.5.ssm_out.weight","final_output-5"
366,34,SCALE,0,0,2,918,"ffn_moe_inp-5","node_991",""
366,38,ARGSORT,0,22,1,1052,"ffn_moe_argsort-5","ffn_moe_probs-5",""
366,70,ADD,0,1,1,1727,"ffn_moe_out-5","node_1027","ffn_moe_weighted-5 (view)"
366,74,MUL_MAT,0,35,1,1846,"ffn_shexp-5","blk.5.ffn_down_shexp.weight","ffn_swiglu-5"
366,77,MUL,0,3,0,1858,"ffn_shexp_gated-5","ffn_shexp-5","shared_expert_gate_sigmoid-5"
366,78,ADD,0,1,0,1860,"ffn_out-5","ffn_moe_out-5","ffn_shexp_gated-5"
366,152,RMS_NORM,0,0,2,3711,"norm-6","attn_output-6",""
367,5,MUL_MAT,0,341,4,669,"linear_attn_out-6","blk.6.ssm_out.weight","final_output-6"
367,34,SCALE,0,0,2,942,"ffn_moe_inp-6","node_1145",""
367,38,ARGSORT,0,23,0,1080,"ffn_moe_argsort-6","ffn_moe_probs-6",""
367,70,ADD,0,2,0,1927,"ffn_moe_out-6","node_1181","ffn_moe_weighted-6 (view)"
367,74,MUL_MAT,0,34,2,2049,"ffn_shexp-6","blk.6.ffn_down_shexp.weight","ffn_swiglu-6"
367,77,MUL,0,3,1,2065,"ffn_shexp_gated-6","ffn_shexp-6","shared_expert_gate_sigmoid-6"
367,78,ADD,0,1,1,2067,"ffn_out-6","ffn_moe_out-6","ffn_shexp_gated-6"
367,151,RMS_NORM,0,8,1,3131,"norm-7","indexer_k_pooled-7 (reshaped)",""
368,38,MUL_MAT,0,168,143,594,"attn_output-7","blk.7.attn_output.weight","attn_gated-7"
368,66,SCALE,0,0,11,820,"ffn_moe_inp-7","node_1332",""
368,70,ARGSORT,0,19,1,945,"ffn_moe_argsort-7","ffn_moe_probs-7",""
368,102,ADD,0,1,0,1569,"ffn_moe_out-7","node_1368","ffn_moe_weighted-7 (view)"
368,106,MUL_MAT,0,18,16,1680,"ffn_shexp-7","blk.7.ffn_down_shexp.weight","ffn_swiglu-7"
368,109,MUL,0,2,0,1687,"ffn_shexp_gated-7","ffn_shexp-7","shared_expert_gate_sigmoid-7"
368,110,ADD,0,1,1,1689,"ffn_out-7","ffn_moe_out-7","ffn_shexp_gated-7"
368,184,RMS_NORM,0,0,2,2889,"norm-8","attn_output-8",""
369,5,MUL_MAT,0,245,91,693,"linear_attn_out-8","blk.8.ssm_out.weight","final_output-8"
369,34,SCALE,0,0,2,933,"ffn_moe_inp-8","node_1486",""
369,38,ARGSORT,0,19,1,1062,"ffn_moe_argsort-8","ffn_moe_probs-8",""
369,70,ADD,0,1,1,1804,"ffn_moe_out-8","node_1522","ffn_moe_weighted-8 (view)"
369,74,MUL_MAT,0,21,17,1928,"ffn_shexp-8","blk.8.ffn_down_shexp.weight","ffn_swiglu-8"
369,77,MUL,0,2,0,1936,"ffn_shexp_gated-8","ffn_shexp-8","shared_expert_gate_sigmoid-8"
369,78,ADD,0,0,1,1938,"ffn_out-8","ffn_moe_out-8","ffn_shexp_gated-8"
369,152,RMS_NORM,0,1,1,3321,"norm-9","attn_output-9",""
370,5,MUL_MAT,0,177,147,627,"linear_attn_out-9","blk.9.ssm_out.weight","final_output-9"
370,34,SCALE,0,0,2,870,"ffn_moe_inp-9","node_1640",""
370,38,ARGSORT,0,18,0,989,"ffn_moe_argsort-9","ffn_moe_probs-9",""
370,70,ADD,0,1,1,1640,"ffn_moe_out-9","node_1676","ffn_moe_weighted-9 (view)"
370,74,MUL_MAT,0,36,16,1776,"ffn_shexp-9","blk.9.ffn_down_shexp.weight","ffn_swiglu-9"
370,77,MUL,0,2,0,1785,"ffn_shexp_gated-9","ffn_shexp-9","shared_expert_gate_sigmoid-9"
370,78,ADD,0,2,0,1787,"ffn_out-9","ffn_moe_out-9","ffn_shexp_gated-9"
370,152,RMS_NORM,0,0,1,3187,"norm-10","attn_output-10",""
371,5,MUL_MAT,0,274,71,809,"linear_attn_out-10","blk.10.ssm_out.weight","final_output-10"
371,34,SCALE,0,0,10,1073,"ffn_moe_inp-10","node_1794",""
371,38,ARGSORT,0,22,0,1204,"ffn_moe_argsort-10","ffn_moe_probs-10",""
371,70,ADD,0,2,1,2447,"ffn_moe_out-10","node_1830","ffn_moe_weighted-10 (view)"
371,74,MUL_MAT,0,29,7,2563,"ffn_shexp-10","blk.10.ffn_down_shexp.weight","ffn_swiglu-10"
371,77,MUL,0,2,0,2571,"ffn_shexp_gated-10","ffn_shexp-10","shared_expert_gate_sigmoid-10"
371,78,ADD,0,1,1,2574,"ffn_out-10","ffn_moe_out-10","ffn_shexp_gated-10"
371,151,RMS_NORM,0,5,0,3606,"norm-11","indexer_k_pooled-11 (reshaped)",""
372,38,MUL_MAT,0,257,53,528,"attn_output-11","blk.11.attn_output.weight","attn_gated-11"
372,66,SCALE,0,0,2,809,"ffn_moe_inp-11","node_1981",""
372,70,ARGSORT,0,20,0,933,"ffn_moe_argsort-11","ffn_moe_probs-11",""
372,102,ADD,0,1,1,2012,"ffn_moe_out-11","node_2017","ffn_moe_weighted-11 (view)"
372,106,MUL_MAT,0,29,6,2127,"ffn_shexp-11","blk.11.ffn_down_shexp.weight","ffn_swiglu-11"
372,109,MUL,0,1,1,2136,"ffn_shexp_gated-11","ffn_shexp-11","shared_expert_gate_sigmoid-11"
372,110,ADD,0,1,1,2138,"ffn_out-11","ffn_moe_out-11","ffn_shexp_gated-11"
372,184,RMS_NORM,0,1,7,3406,"norm-12","attn_output-12",""
373,5,MUL_MAT,0,278,49,637,"linear_attn_out-12","blk.12.ssm_out.weight","final_output-12"
373,34,SCALE,0,0,1,890,"ffn_moe_inp-12","node_2135",""
373,38,ARGSORT,0,21,0,1014,"ffn_moe_argsort-12","ffn_moe_probs-12",""
373,70,ADD,0,1,1,2125,"ffn_moe_out-12","node_2171","ffn_moe_weighted-12 (view)"
373,74,MUL_MAT,0,36,6,2251,"ffn_shexp-12","blk.12.ffn_down_shexp.weight","ffn_swiglu-12"
373,77,MUL,0,2,0,2259,"ffn_shexp_gated-12","ffn_shexp-12","shared_expert_gate_sigmoid-12"
373,78,ADD,0,1,1,2261,"ffn_out-12","ffn_moe_out-12","ffn_shexp_gated-12"
373,152,RMS_NORM,0,1,1,4129,"norm-13","attn_output-13",""
374,5,MUL_MAT,0,274,58,666,"linear_attn_out-13","blk.13.ssm_out.weight","final_output-13"
374,34,SCALE,0,0,1,919,"ffn_moe_inp-13","node_2289",""
374,38,ARGSORT,0,18,1,1059,"ffn_moe_argsort-13","ffn_moe_probs-13",""
374,70,ADD,0,2,0,1744,"ffn_moe_out-13","node_2325","ffn_moe_weighted-13 (view)"
374,74,MUL_MAT,0,19,18,1866,"ffn_shexp-13","blk.13.ffn_down_shexp.weight","ffn_swiglu-13"
374,77,MUL,0,1,1,1874,"ffn_shexp_gated-13","ffn_shexp-13","shared_expert_gate_sigmoid-13"
374,78,ADD,0,1,1,1876,"ffn_out-13","ffn_moe_out-13","ffn_shexp_gated-13"
374,152,RMS_NORM,0,0,1,3143,"norm-14","attn_output-14",""
375,5,MUL_MAT,0,339,5,672,"linear_attn_out-14","blk.14.ssm_out.weight","final_output-14"
375,34,SCALE,0,0,2,928,"ffn_moe_inp-14","node_2443",""
375,38,ARGSORT,0,22,0,1061,"ffn_moe_argsort-14","ffn_moe_probs-14",""
375,70,ADD,0,2,0,2052,"ffn_moe_out-14","node_2479","ffn_moe_weighted-14 (view)"
375,74,MUL_MAT,0,36,1,2176,"ffn_shexp-14","blk.14.ffn_down_shexp.weight","ffn_swiglu-14"
375,77,MUL,0,3,1,2208,"ffn_shexp_gated-14","ffn_shexp-14","shared_expert_gate_sigmoid-14"
375,78,ADD,0,1,1,2210,"ffn_out-14","ffn_moe_out-14","ffn_shexp_gated-14"
375,151,RMS_NORM,0,9,0,3237,"norm-15","indexer_k_pooled-15 (reshaped)",""
376,38,MUL_MAT,0,308,3,523,"attn_output-15","blk.15.attn_output.weight","attn_gated-15"
376,66,SCALE,0,0,2,770,"ffn_moe_inp-15","node_2630",""
376,70,ARGSORT,0,21,0,896,"ffn_moe_argsort-15","ffn_moe_probs-15",""
376,102,ADD,0,2,0,1694,"ffn_moe_out-15","node_2666","ffn_moe_weighted-15 (view)"
376,106,MUL_MAT,0,34,3,1809,"ffn_shexp-15","blk.15.ffn_down_shexp.weight","ffn_swiglu-15"
376,109,MUL,0,3,1,1819,"ffn_shexp_gated-15","ffn_shexp-15","shared_expert_gate_sigmoid-15"
376,110,ADD,0,1,1,1821,"ffn_out-15","ffn_moe_out-15","ffn_shexp_gated-15"
376,184,RMS_NORM,0,1,10,3647,"norm-16","attn_output-16",""
377,5,MUL_MAT,0,305,18,628,"linear_attn_out-16","blk.16.ssm_out.weight","final_output-16"
377,34,SCALE,0,0,1,894,"ffn_moe_inp-16","node_2784",""
377,38,ARGSORT,0,24,0,1027,"ffn_moe_argsort-16","ffn_moe_probs-16",""
377,70,ADD,0,2,1,1714,"ffn_moe_out-16","node_2820","ffn_moe_weighted-16 (view)"
377,74,MUL_MAT,0,35,4,1834,"ffn_shexp-16","blk.16.ffn_down_shexp.weight","ffn_swiglu-16"
377,77,MUL,0,3,0,1852,"ffn_shexp_gated-16","ffn_shexp-16","shared_expert_gate_sigmoid-16"
377,78,ADD,0,1,0,1854,"ffn_out-16","ffn_moe_out-16","ffn_shexp_gated-16"
377,152,RMS_NORM,0,1,11,3578,"norm-17","attn_output-17",""
378,5,MUL_MAT,0,305,21,640,"linear_attn_out-17","blk.17.ssm_out.weight","final_output-17"
378,34,SCALE,0,0,2,886,"ffn_moe_inp-17","node_2938",""
378,38,ARGSORT,0,22,1,1016,"ffn_moe_argsort-17","ffn_moe_probs-17",""
378,70,ADD,0,1,1,1686,"ffn_moe_out-17","node_2974","ffn_moe_weighted-17 (view)"
378,74,MUL_MAT,0,35,3,1800,"ffn_shexp-17","blk.17.ffn_down_shexp.weight","ffn_swiglu-17"
378,77,MUL,0,3,1,1809,"ffn_shexp_gated-17","ffn_shexp-17","shared_expert_gate_sigmoid-17"
378,78,ADD,0,1,8,1818,"ffn_out-17","ffn_moe_out-17","ffn_shexp_gated-17"
378,152,RMS_NORM,0,1,164,3527,"norm-18","attn_output-18",""
379,5,MUL_MAT,0,333,16,703,"linear_attn_out-18","blk.18.ssm_out.weight","final_output-18"
379,34,SCALE,0,0,2,1008,"ffn_moe_inp-18","node_3092",""
379,38,ARGSORT,0,22,0,1147,"ffn_moe_argsort-18","ffn_moe_probs-18",""
379,70,ADD,0,1,1,1908,"ffn_moe_out-18","node_3128","ffn_moe_weighted-18 (view)"
379,74,MUL_MAT,0,34,8,2028,"ffn_shexp-18","blk.18.ffn_down_shexp.weight","ffn_swiglu-18"
379,77,MUL,0,4,0,2038,"ffn_shexp_gated-18","ffn_shexp-18","shared_expert_gate_sigmoid-18"
379,78,ADD,0,2,0,2040,"ffn_out-18","ffn_moe_out-18","ffn_shexp_gated-18"
379,151,RMS_NORM,0,8,2,3220,"norm-19","indexer_k_pooled-19 (reshaped)",""
380,38,MUL_MAT,0,305,8,635,"attn_output-19","blk.19.attn_output.weight","attn_gated-19"
380,66,SCALE,0,0,1,881,"ffn_moe_inp-19","node_3279",""
380,70,ARGSORT,0,22,0,1003,"ffn_moe_argsort-19","ffn_moe_probs-19",""
380,102,ADD,0,1,1,2152,"ffn_moe_out-19","node_3315","ffn_moe_weighted-19 (view)"
380,106,MUL_MAT,0,36,5,2303,"ffn_shexp-19","blk.19.ffn_down_shexp.weight","ffn_swiglu-19"
380,109,MUL,0,4,0,2313,"ffn_shexp_gated-19","ffn_shexp-19","shared_expert_gate_sigmoid-19"
380,110,ADD,0,1,0,2315,"ffn_out-19","ffn_moe_out-19","ffn_shexp_gated-19"
380,184,RMS_NORM,0,1,3,3679,"norm-20","attn_output-20",""
381,5,MUL_MAT,0,180,151,665,"linear_attn_out-20","blk.20.ssm_out.weight","final_output-20"
381,34,SCALE,0,1,2,901,"ffn_moe_inp-20","node_3433",""
381,38,ARGSORT,0,19,0,1033,"ffn_moe_argsort-20","ffn_moe_probs-20",""
381,70,ADD,0,1,1,1695,"ffn_moe_out-20","node_3469","ffn_moe_weighted-20 (view)"
381,74,MUL_MAT,0,20,18,1824,"ffn_shexp-20","blk.20.ffn_down_shexp.weight","ffn_swiglu-20"
381,77,MUL,0,1,1,1832,"ffn_shexp_gated-20","ffn_shexp-20","shared_expert_gate_sigmoid-20"
381,78,ADD,0,1,1,1834,"ffn_out-20","ffn_moe_out-20","ffn_shexp_gated-20"
381,152,RMS_NORM,0,1,14,3202,"norm-21","attn_output-21",""
382,5,MUL_MAT,0,223,134,717,"linear_attn_out-21","blk.21.ssm_out.weight","final_output-21"
382,34,SCALE,0,0,5,1049,"ffn_moe_inp-21","node_3587",""
382,38,ARGSORT,0,20,1,1190,"ffn_moe_argsort-21","ffn_moe_probs-21",""
382,70,ADD,0,1,1,1860,"ffn_moe_out-21","node_3623","ffn_moe_weighted-21 (view)"
382,74,MUL_MAT,0,32,10,1980,"ffn_shexp-21","blk.21.ffn_down_shexp.weight","ffn_swiglu-21"
382,77,MUL,0,2,0,1986,"ffn_shexp_gated-21","ffn_shexp-21","shared_expert_gate_sigmoid-21"
382,78,ADD,0,1,1,1988,"ffn_out-21","ffn_moe_out-21","ffn_shexp_gated-21"
382,152,RMS_NORM,0,1,1,3265,"norm-22","attn_output-22",""
383,5,MUL_MAT,0,277,61,651,"linear_attn_out-22","blk.22.ssm_out.weight","final_output-22"
383,34,SCALE,0,0,2,948,"ffn_moe_inp-22","node_3741",""
383,38,ARGSORT,0,19,0,1088,"ffn_moe_argsort-22","ffn_moe_probs-22",""
383,70,ADD,0,2,0,1829,"ffn_moe_out-22","node_3777","ffn_moe_weighted-22 (view)"
383,74,MUL_MAT,0,29,8,1952,"ffn_shexp-22","blk.22.ffn_down_shexp.weight","ffn_swiglu-22"
383,77,MUL,0,3,0,1961,"ffn_shexp_gated-22","ffn_shexp-22","shared_expert_gate_sigmoid-22"
383,78,ADD,0,1,1,1963,"ffn_out-22","ffn_moe_out-22","ffn_shexp_gated-22"
383,151,RMS_NORM,0,8,1,3296,"norm-23","indexer_k_pooled-23 (reshaped)",""
384,38,MUL_MAT,0,311,5,546,"attn_output-23","blk.23.attn_output.weight","attn_gated-23"
384,66,SCALE,0,0,2,816,"ffn_moe_inp-23","node_3928",""
384,70,ARGSORT,0,21,0,937,"ffn_moe_argsort-23","ffn_moe_probs-23",""
384,102,ADD,0,2,0,1574,"ffn_moe_out-23","node_3964","ffn_moe_weighted-23 (view)"
384,106,MUL_MAT,0,40,0,1686,"ffn_shexp-23","blk.23.ffn_down_shexp.weight","ffn_swiglu-23"
384,109,MUL,0,3,0,1696,"ffn_shexp_gated-23","ffn_shexp-23","shared_expert_gate_sigmoid-23"
384,110,ADD,0,2,0,1698,"ffn_out-23","ffn_moe_out-23","ffn_shexp_gated-23"
384,184,RMS_NORM,0,0,6,3430,"norm-24","attn_output-24",""
385,5,MUL_MAT,0,319,13,643,"linear_attn_out-24","blk.24.ssm_out.weight","final_output-24"
385,34,SCALE,0,0,1,935,"ffn_moe_inp-24","node_4082",""
385,38,ARGSORT,0,23,0,1070,"ffn_moe_argsort-24","ffn_moe_probs-24",""
385,70,ADD,0,1,0,1776,"ffn_moe_out-24","node_4118","ffn_moe_weighted-24 (view)"
385,74,MUL_MAT,0,34,3,1905,"ffn_shexp-24","blk.24.ffn_down_shexp.weight","ffn_swiglu-24"
385,77,MUL,0,3,0,1916,"ffn_shexp_gated-24","ffn_shexp-24","shared_expert_gate_sigmoid-24"
385,78,ADD,0,2,0,1918,"ffn_out-24","ffn_moe_out-24","ffn_shexp_gated-24"
385,152,RMS_NORM,0,1,51,3631,"norm-25","attn_output-25",""
386,5,MUL_MAT,0,322,1,622,"linear_attn_out-25","blk.25.ssm_out.weight","final_output-25"
386,34,SCALE,0,0,3,890,"ffn_moe_inp-25","node_4236",""
386,38,ARGSORT,0,22,0,1015,"ffn_moe_argsort-25","ffn_moe_probs-25",""
386,70,ADD,0,2,0,1709,"ffn_moe_out-25","node_4272","ffn_moe_weighted-25 (view)"
386,74,MUL_MAT,0,35,5,1828,"ffn_shexp-25","blk.25.ffn_down_shexp.weight","ffn_swiglu-25"
386,77,MUL,0,4,0,1841,"ffn_shexp_gated-25","ffn_shexp-25","shared_expert_gate_sigmoid-25"
386,78,ADD,0,2,0,1843,"ffn_out-25","ffn_moe_out-25","ffn_shexp_gated-25"
386,152,RMS_NORM,0,0,1,3607,"norm-26","attn_output-26",""
387,5,MUL_MAT,0,326,0,653,"linear_attn_out-26","blk.26.ssm_out.weight","final_output-26"
387,34,SCALE,0,1,9,954,"ffn_moe_inp-26","node_4390",""
387,38,ARGSORT,0,22,0,1089,"ffn_moe_argsort-26","ffn_moe_probs-26",""
387,70,ADD,0,1,1,2293,"ffn_moe_out-26","node_4426","ffn_moe_weighted-26 (view)"
387,74,MUL_MAT,0,35,2,2409,"ffn_shexp-26","blk.26.ffn_down_shexp.weight","ffn_swiglu-26"
387,77,MUL,0,4,0,2431,"ffn_shexp_gated-26","ffn_shexp-26","shared_expert_gate_sigmoid-26"
387,78,ADD,0,2,0,2433,"ffn_out-26","ffn_moe_out-26","ffn_shexp_gated-26"
387,151,RMS_NORM,0,8,1,3467,"norm-27","indexer_k_pooled-27 (reshaped)",""
388,38,MUL_MAT,0,351,13,622,"attn_output-27","blk.27.attn_output.weight","attn_gated-27"
388,66,SCALE,0,0,1,889,"ffn_moe_inp-27","node_4577",""
388,70,ARGSORT,0,21,1,1028,"ffn_moe_argsort-27","ffn_moe_probs-27",""
388,102,ADD,0,2,0,1693,"ffn_moe_out-27","node_4613","ffn_moe_weighted-27 (view)"
388,106,MUL_MAT,0,32,2,1824,"ffn_shexp-27","blk.27.ffn_down_shexp.weight","ffn_swiglu-27"
388,109,MUL,0,3,1,1836,"ffn_shexp_gated-27","ffn_shexp-27","shared_expert_gate_sigmoid-27"
388,110,ADD,0,1,1,1838,"ffn_out-27","ffn_moe_out-27","ffn_shexp_gated-27"
388,184,RMS_NORM,0,0,1,3381,"norm-28","attn_output-28",""
389,5,MUL_MAT,0,322,4,639,"linear_attn_out-28","blk.28.ssm_out.weight","final_output-28"
389,34,SCALE,0,1,0,903,"ffn_moe_inp-28","node_4731",""
389,38,ARGSORT,0,21,1,1035,"ffn_moe_argsort-28","ffn_moe_probs-28",""
389,70,ADD,0,2,0,1692,"ffn_moe_out-28","node_4767","ffn_moe_weighted-28 (view)"
389,74,MUL_MAT,0,35,3,1815,"ffn_shexp-28","blk.28.ffn_down_shexp.weight","ffn_swiglu-28"
389,77,MUL,0,3,8,1840,"ffn_shexp_gated-28","ffn_shexp-28","shared_expert_gate_sigmoid-28"
389,78,ADD,0,2,0,1842,"ffn_out-28","ffn_moe_out-28","ffn_shexp_gated-28"
389,152,RMS_NORM,0,0,4,3805,"norm-29","attn_output-29",""
390,5,MUL_MAT,0,335,7,659,"linear_attn_out-29","blk.29.ssm_out.weight","final_output-29"
390,34,SCALE,0,0,1,952,"ffn_moe_inp-29","node_4885",""
390,38,ARGSORT,0,23,0,1093,"ffn_moe_argsort-29","ffn_moe_probs-29",""
390,70,ADD,0,2,0,1757,"ffn_moe_out-29","node_4921","ffn_moe_weighted-29 (view)"
390,74,MUL_MAT,0,36,4,1877,"ffn_shexp-29","blk.29.ffn_down_shexp.weight","ffn_swiglu-29"
390,77,MUL,0,3,0,1891,"ffn_shexp_gated-29","ffn_shexp-29","shared_expert_gate_sigmoid-29"
390,78,ADD,0,2,0,1893,"ffn_out-29","ffn_moe_out-29","ffn_shexp_gated-29"
390,152,RMS_NORM,0,1,2,3160,"norm-30","attn_output-30",""
391,5,MUL_MAT,0,275,84,720,"linear_attn_out-30","blk.30.ssm_out.weight","final_output-30"
391,34,SCALE,0,0,2,989,"ffn_moe_inp-30","node_5039",""
391,38,ARGSORT,0,21,1,1134,"ffn_moe_argsort-30","ffn_moe_probs-30",""
391,70,ADD,0,1,1,2680,"ffn_moe_out-30","node_5075","ffn_moe_weighted-30 (view)"
391,74,MUL_MAT,0,25,17,2805,"ffn_shexp-30","blk.30.ffn_down_shexp.weight","ffn_swiglu-30"
391,77,MUL,0,2,0,2813,"ffn_shexp_gated-30","ffn_shexp-30","shared_expert_gate_sigmoid-30"
391,78,ADD,0,2,1,2816,"ffn_out-30","ffn_moe_out-30","ffn_shexp_gated-30"
391,151,RMS_NORM,0,5,0,3841,"norm-31","indexer_k_pooled-31 (reshaped)",""
392,38,MUL_MAT,0,248,62,534,"attn_output-31","blk.31.attn_output.weight","attn_gated-31"
392,66,SCALE,0,1,1,895,"ffn_moe_inp-31","node_5226",""
392,70,ARGSORT,0,21,1,1023,"ffn_moe_argsort-31","ffn_moe_probs-31",""
392,102,ADD,0,1,1,1720,"ffn_moe_out-31","node_5262","ffn_moe_weighted-31 (view)"
392,106,MUL_MAT,0,29,10,1840,"ffn_shexp-31","blk.31.ffn_down_shexp.weight","ffn_swiglu-31"
392,109,MUL,0,2,0,1848,"ffn_shexp_gated-31","ffn_shexp-31","shared_expert_gate_sigmoid-31"
392,110,ADD,0,2,0,1850,"ffn_out-31","ffn_moe_out-31","ffn_shexp_gated-31"
392,184,RMS_NORM,0,1,2,3310,"norm-32","attn_output-32",""
393,5,MUL_MAT,0,312,47,770,"linear_attn_out-32","blk.32.ssm_out.weight","final_output-32"
393,34,SCALE,0,0,1,1040,"ffn_moe_inp-32","node_5380",""
393,38,ARGSORT,0,22,0,1185,"ffn_moe_argsort-32","ffn_moe_probs-32",""
393,70,ADD,0,1,0,1918,"ffn_moe_out-32","node_5416","ffn_moe_weighted-32 (view)"
393,74,MUL_MAT,0,32,8,2039,"ffn_shexp-32","blk.32.ffn_down_shexp.weight","ffn_swiglu-32"
393,77,MUL,0,2,0,2053,"ffn_shexp_gated-32","ffn_shexp-32","shared_expert_gate_sigmoid-32"
393,78,ADD,0,1,0,2055,"ffn_out-32","ffn_moe_out-32","ffn_shexp_gated-32"
393,152,RMS_NORM,0,0,12,3534,"norm-33","attn_output-33",""
394,5,MUL_MAT,0,274,62,676,"linear_attn_out-33","blk.33.ssm_out.weight","final_output-33"
394,34,SCALE,0,0,2,926,"ffn_moe_inp-33","node_5534",""
394,38,ARGSORT,0,21,0,1054,"ffn_moe_argsort-33","ffn_moe_probs-33",""
394,70,ADD,0,2,0,1787,"ffn_moe_out-33","node_5570","ffn_moe_weighted-33 (view)"
394,74,MUL_MAT,0,33,6,1911,"ffn_shexp-33","blk.33.ffn_down_shexp.weight","ffn_swiglu-33"
394,77,MUL,0,2,0,1919,"ffn_shexp_gated-33","ffn_shexp-33","shared_expert_gate_sigmoid-33"
394,78,ADD,0,1,5,1925,"ffn_out-33","ffn_moe_out-33","ffn_shexp_gated-33"
394,152,RMS_NORM,0,1,6,3346,"norm-34","attn_output-34",""
395,5,MUL_MAT,0,292,47,666,"linear_attn_out-34","blk.34.ssm_out.weight","final_output-34"
395,34,SCALE,0,0,1,922,"ffn_moe_inp-34","node_5688",""
395,38,ARGSORT,0,20,1,1043,"ffn_moe_argsort-34","ffn_moe_probs-34",""
395,70,ADD,0,1,1,1689,"ffn_moe_out-34","node_5724","ffn_moe_weighted-34 (view)"
395,74,MUL_MAT,0,29,8,1809,"ffn_shexp-34","blk.34.ffn_down_shexp.weight","ffn_swiglu-34"
395,77,MUL,0,2,1,1821,"ffn_shexp_gated-34","ffn_shexp-34","shared_expert_gate_sigmoid-34"
395,78,ADD,0,1,1,1823,"ffn_out-34","ffn_moe_out-34","ffn_shexp_gated-34"
395,151,RMS_NORM,0,4,1,2903,"norm-35","indexer_k_pooled-35 (reshaped)",""
396,38,MUL_MAT,0,190,144,576,"attn_output-35","blk.35.attn_output.weight","attn_gated-35"
396,66,SCALE,0,0,1,827,"ffn_moe_inp-35","node_5875",""
396,70,ARGSORT,0,18,0,947,"ffn_moe_argsort-35","ffn_moe_probs-35",""
396,102,ADD,0,1,1,1581,"ffn_moe_out-35","node_5911","ffn_moe_weighted-35 (view)"
396,106,MUL_MAT,0,18,16,1693,"ffn_shexp-35","blk.35.ffn_down_shexp.weight","ffn_swiglu-35"
396,109,MUL,0,1,1,1701,"ffn_shexp_gated-35","ffn_shexp-35","shared_expert_gate_sigmoid-35"
396,110,ADD,0,1,1,1703,"ffn_out-35","ffn_moe_out-35","ffn_shexp_gated-35"
396,184,RMS_NORM,0,0,1,3272,"norm-36","attn_output-36",""
397,5,MUL_MAT,0,282,42,650,"linear_attn_out-36","blk.36.ssm_out.weight","final_output-36"
397,34,SCALE,0,0,10,900,"ffn_moe_inp-36","node_6029",""
397,38,ARGSORT,0,22,1,1034,"ffn_moe_argsort-36","ffn_moe_probs-36",""
397,70,ADD,0,1,1,1629,"ffn_moe_out-36","node_6065","ffn_moe_weighted-36 (view)"
397,74,MUL_MAT,0,31,6,1747,"ffn_shexp-36","blk.36.ffn_down_shexp.weight","ffn_swiglu-36"
397,77,MUL,0,3,0,1757,"ffn_shexp_gated-36","ffn_shexp-36","shared_expert_gate_sigmoid-36"
397,78,ADD,0,1,0,1759,"ffn_out-36","ffn_moe_out-36","ffn_shexp_gated-36"
397,152,RMS_NORM,0,1,0,3401,"norm-37","attn_output-37",""
398,5,MUL_MAT,0,269,50,622,"linear_attn_out-37","blk.37.ssm_out.weight","final_output-37"
398,34,SCALE,0,0,1,873,"ffn_moe_inp-37","node_6183",""
398,38,ARGSORT,0,22,1,997,"ffn_moe_argsort-37","ffn_moe_probs-37",""
398,70,ADD,0,13,1,1646,"ffn_moe_out-37","node_6219","ffn_moe_weighted-37 (view)"
398,74,MUL_MAT,0,30,6,1755,"ffn_shexp-37","blk.37.ffn_down_shexp.weight","ffn_swiglu-37"
398,77,MUL,0,3,0,1763,"ffn_shexp_gated-37","ffn_shexp-37","shared_expert_gate_sigmoid-37"
398,78,ADD,0,2,0,1765,"ffn_out-37","ffn_moe_out-37","ffn_shexp_gated-37"
398,152,RMS_NORM,0,1,1,3493,"norm-38","attn_output-38",""
399,5,MUL_MAT,0,325,40,696,"linear_attn_out-38","blk.38.ssm_out.weight","final_output-38"
399,34,SCALE,0,0,2,955,"ffn_moe_inp-38","node_6337",""
399,38,ARGSORT,0,22,0,1096,"ffn_moe_argsort-38","ffn_moe_probs-38",""
399,70,ADD,0,1,0,1726,"ffn_moe_out-38","node_6373","ffn_moe_weighted-38 (view)"
399,74,MUL_MAT,0,41,6,1945,"ffn_shexp-38","blk.38.ffn_down_shexp.weight","ffn_swiglu-38"
399,77,MUL,0,3,0,1954,"ffn_shexp_gated-38","ffn_shexp-38","shared_expert_gate_sigmoid-38"
399,78,ADD,0,1,0,1956,"ffn_out-38","ffn_moe_out-38","ffn_shexp_gated-38"
399,87,ADD,0,2,1,1984,"l_last-38","hc_combine-38","node_6390"
400,0,GET_ROWS,0,16,0,16,"model.input_embed","token_embd.weight","inp_tokens"
400,69,RMS_NORM,0,0,1,1369,"norm-0","attn_output-0",""
401,5,MUL_MAT,0,262,75,663,"linear_attn_out-0","blk.0.ssm_out.weight","final_output-0"
401,34,SCALE,0,0,1,917,"ffn_moe_inp-0","node_104",""
401,38,ARGSORT,0,21,0,1041,"ffn_moe_argsort-0","ffn_moe_probs-0",""
401,70,ADD,0,1,1,1667,"ffn_moe_out-0","node_140","ffn_moe_weighted-0 (view)"
401,93,MUL_MAT,0,28,7,2511,"ffn_shexp-0","blk.0.ffn_down_shexp.weight","ffn_swiglu-0"
401,96,MUL,0,2,0,2518,"ffn_shexp_gated-0","ffn_shexp-0","shared_expert_gate_sigmoid-0"
401,97,ADD,0,1,6,2525,"ffn_out-0","ffn_moe_out-0","ffn_shexp_gated-0"
401,236,RMS_NORM,0,1,3,4217,"norm-1","attn_output-1",""
402,5,MUL_MAT,0,263,60,647,"linear_attn_out-1","blk.1.ssm_out.weight","final_output-1"
402,34,SCALE,0,0,1,897,"ffn_moe_inp-1","node_342",""
402,38,ARGSORT,0,22,0,1023,"ffn_moe_argsort-1","ffn_moe_probs-1",""
402,70,ADD,0,1,0,1637,"ffn_moe_out-1","node_378","ffn_moe_weighted-1 (view)"
402,74,MUL_MAT,0,32,3,1768,"ffn_shexp-1","blk.1.ffn_down_shexp.weight","ffn_swiglu-1"
402,77,MUL,0,2,0,1782,"ffn_shexp_gated-1","ffn_shexp-1","shared_expert_gate_sigmoid-1"
402,78,ADD,0,1,0,1784,"ffn_out-1","ffn_moe_out-1","ffn_shexp_gated-1"
402,152,RMS_NORM,0,0,2,3109,"norm-2","attn_output-2",""
403,5,MUL_MAT,0,282,74,721,"linear_attn_out-2","blk.2.ssm_out.weight","final_output-2"
403,34,SCALE,0,0,1,1016,"ffn_moe_inp-2","node_496",""
403,38,ARGSORT,0,23,1,1161,"ffn_moe_argsort-2","ffn_moe_probs-2",""
403,70,ADD,0,1,1,2109,"ffn_moe_out-2","node_532","ffn_moe_weighted-2 (view)"
403,74,MUL_MAT,0,19,17,2242,"ffn_shexp-2","blk.2.ffn_down_shexp.weight","ffn_swiglu-2"
403,77,MUL,0,2,4,2258,"ffn_shexp_gated-2","ffn_shexp-2","shared_expert_gate_sigmoid-2"
403,78,ADD,0,1,0,2259,"ffn_out-2","ffn_moe_out-2","ffn_shexp_gated-2"
403,151,RMS_NORM,0,4,0,3255,"norm-3","indexer_k_pooled-3 (reshaped)",""
404,38,MUL_MAT,0,164,144,510,"attn_output-3","blk.3.attn_output.weight","attn_gated-3"
404,66,SCALE,0,0,1,732,"ffn_moe_inp-3","node_683",""
404,70,ARGSORT,0,17,0,847,"ffn_moe_argsort-3","ffn_moe_probs-3",""
404,102,ADD,0,1,0,1513,"ffn_moe_out-3","node_719","ffn_moe_weighted-3 (view)"
404,106,MUL_MAT,0,23,14,1753,"ffn_shexp-3","blk.3.ffn_down_shexp.weight","ffn_swiglu-3"
404,109,MUL,0,2,0,1761,"ffn_shexp_gated-3","ffn_shexp-3","shared_expert_gate_sigmoid-3"
404,110,ADD,0,1,0,1763,"ffn_out-3","ffn_moe_out-3","ffn_shexp_gated-3"
404,184,RMS_NORM,0,0,3,3061,"norm-4","attn_output-4",""
405,5,MUL_MAT,0,170,149,620,"linear_attn_out-4","blk.4.ssm_out.weight","final_output-4"
405,34,SCALE,0,0,2,861,"ffn_moe_inp-4","node_837",""
405,38,ARGSORT,0,17,1,991,"ffn_moe_argsort-4","ffn_moe_probs-4",""
405,70,ADD,0,1,1,1754,"ffn_moe_out-4","node_873","ffn_moe_weighted-4 (view)"
405,74,MUL_MAT,0,24,18,1874,"ffn_shexp-4","blk.4.ffn_down_shexp.weight","ffn_swiglu-4"
405,77,MUL,0,2,8,1890,"ffn_shexp_gated-4","ffn_shexp-4","shared_expert_gate_sigmoid-4"
405,78,ADD,0,1,1,1892,"ffn_out-4","ffn_moe_out-4","ffn_shexp_gated-4"
405,152,RMS_NORM,0,0,2,3198,"norm-5","attn_output-5",""
406,5,MUL_MAT,0,253,64,626,"linear_attn_out-5","blk.5.ssm_out.weight","final_output-5"
406,34,SCALE,0,0,2,867,"ffn_moe_inp-5","node_991",""
406,38,ARGSORT,0,20,1,993,"ffn_moe_argsort-5","ffn_moe_probs-5",""
406,70,ADD,0,1,0,1653,"ffn_moe_out-5","node_1027","ffn_moe_weighted-5 (view)"
406,74,MUL_MAT,0,34,7,1791,"ffn_shexp-5","blk.5.ffn_down_shexp.weight","ffn_swiglu-5"
406,77,MUL,0,2,1,1808,"ffn_shexp_gated-5","ffn_shexp-5","shared_expert_gate_sigmoid-5"
406,78,ADD,0,1,4,1813,"ffn_out-5","ffn_moe_out-5","ffn_shexp_gated-5"
406,152,RMS_NORM,0,0,2,3158,"norm-6","attn_output-6",""
407,5,MUL_MAT,0,344,15,733,"linear_attn_out-6","blk.6.ssm_out.weight","final_output-6"
407,34,SCALE,0,0,11,1057,"ffn_moe_inp-6","node_1145",""
407,38,ARGSORT,0,23,0,1215,"ffn_moe_argsort-6","ffn_moe_probs-6",""
407,70,ADD,0,1,0,1874,"ffn_moe_out-6","node_1181","ffn_moe_weighted-6 (view)"
407,74,MUL_MAT,0,35,1,1993,"ffn_shexp-6","blk.6.ffn_down_shexp.weight","ffn_swiglu-6"
407,77,MUL,0,3,0,2003,"ffn_shexp_gated-6","ffn_shexp-6","shared_expert_gate_sigmoid-6"
407,78,ADD,0,2,1,2006,"ffn_out-6","ffn_moe_out-6","ffn_shexp_gated-6"
407,151,RMS_NORM,0,8,1,3015,"norm-7","indexer_k_pooled-7 (reshaped)",""
408,38,MUL_MAT,0,305,2,629,"attn_output-7","blk.7.attn_output.weight","attn_gated-7"
408,66,SCALE,0,0,1,874,"ffn_moe_inp-7","node_1332",""
408,70,ARGSORT,0,21,0,996,"ffn_moe_argsort-7","ffn_moe_probs-7",""
408,102,ADD,0,1,1,1680,"ffn_moe_out-7","node_1368","ffn_moe_weighted-7 (view)"
408,106,MUL_MAT,0,33,1,1803,"ffn_shexp-7","blk.7.ffn_down_shexp.weight","ffn_swiglu-7"
408,109,MUL,0,3,0,1819,"ffn_shexp_gated-7","ffn_shexp-7","shared_expert_gate_sigmoid-7"
408,110,ADD,0,1,1,1822,"ffn_out-7","ffn_moe_out-7","ffn_shexp_gated-7"
408,184,RMS_NORM,0,0,1,3416,"norm-8","attn_output-8",""
409,5,MUL_MAT,0,317,1,623,"linear_attn_out-8","blk.8.ssm_out.weight","final_output-8"
409,34,SCALE,0,0,2,882,"ffn_moe_inp-8","node_1486",""
409,38,ARGSORT,0,22,1,1008,"ffn_moe_argsort-8","ffn_moe_probs-8",""
409,70,ADD,0,1,1,1657,"ffn_moe_out-8","node_1522","ffn_moe_weighted-8 (view)"
409,74,MUL_MAT,0,36,4,1789,"ffn_shexp-8","blk.8.ffn_down_shexp.weight","ffn_swiglu-8"
409,77,MUL,0,3,0,1799,"ffn_shexp_gated-8","ffn_shexp-8","shared_expert_gate_sigmoid-8"
409,78,ADD,0,1,1,1802,"ffn_out-8","ffn_moe_out-8","ffn_shexp_gated-8"
409,152,RMS_NORM,0,1,1,3410,"norm-9","attn_output-9",""
410,5,MUL_MAT,0,341,62,744,"linear_attn_out-9","blk.9.ssm_out.weight","final_output-9"
410,34,SCALE,0,0,1,1001,"ffn_moe_inp-9","node_1640",""
410,38,ARGSORT,0,21,1,1130,"ffn_moe_argsort-9","ffn_moe_probs-9",""
410,70,ADD,0,2,4,1788,"ffn_moe_out-9","node_1676","ffn_moe_weighted-9 (view)"
410,74,MUL_MAT,0,38,1,1906,"ffn_shexp-9","blk.9.ffn_down_shexp.weight","ffn_swiglu-9"
410,77,MUL,0,3,1,1916,"ffn_shexp_gated-9","ffn_shexp-9","shared_expert_gate_sigmoid-9"
410,78,ADD,0,2,0,1918,"ffn_out-9","ffn_moe_out-9","ffn_shexp_gated-9"
410,152,RMS_NORM,0,0,2,3578,"norm-10","attn_output-10",""
411,5,MUL_MAT,0,348,6,700,"linear_attn_out-10","blk.10.ssm_out.weight","final_output-10"
411,34,SCALE,0,0,9,1000,"ffn_moe_inp-10","node_1794",""
411,38,ARGSORT,0,23,0,1172,"ffn_moe_argsort-10","ffn_moe_probs-10",""
411,70,ADD,0,2,0,2082,"ffn_moe_out-10","node_1830","ffn_moe_weighted-10 (view)"
411,74,MUL_MAT,0,34,0,2193,"ffn_shexp-10","blk.10.ffn_down_shexp.weight","ffn_swiglu-10"
411,77,MUL,0,3,0,2203,"ffn_shexp_gated-10","ffn_shexp-10","shared_expert_gate_sigmoid-10"
411,78,ADD,0,1,0,2205,"ffn_out-10","ffn_moe_out-10","ffn_shexp_gated-10"
411,151,RMS_NORM,0,8,1,3187,"norm-11","indexer_k_pooled-11 (reshaped)",""
412,38,MUL_MAT,0,297,6,531,"attn_output-11","blk.11.attn_output.weight","attn_gated-11"
412,66,SCALE,0,0,9,774,"ffn_moe_inp-11","node_1981",""
412,70,ARGSORT,0,21,1,900,"ffn_moe_argsort-11","ffn_moe_probs-11",""
412,102,ADD,0,1,0,1670,"ffn_moe_out-11","node_2017","ffn_moe_weighted-11 (view)"
412,106,MUL_MAT,0,34,1,1787,"ffn_shexp-11","blk.11.ffn_down_shexp.weight","ffn_swiglu-11"
412,109,MUL,0,3,1,1798,"ffn_shexp_gated-11","ffn_shexp-11","shared_expert_gate_sigmoid-11"
412,110,ADD,0,1,1,1800,"ffn_out-11","ffn_moe_out-11","ffn_shexp_gated-11"
412,184,RMS_NORM,0,1,6,3539,"norm-12","attn_output-12",""
413,5,MUL_MAT,0,303,12,608,"linear_attn_out-12","blk.12.ssm_out.weight","final_output-12"
413,34,SCALE,0,0,10,853,"ffn_moe_inp-12","node_2135",""
413,38,ARGSORT,0,22,0,977,"ffn_moe_argsort-12","ffn_moe_probs-12",""
413,70,ADD,0,2,0,1628,"ffn_moe_out-12","node_2171","ffn_moe_weighted-12 (view)"
413,74,MUL_MAT,0,32,3,1744,"ffn_shexp-12","blk.12.ffn_down_shexp.weight","ffn_swiglu-12"
413,77,MUL,0,3,0,1754,"ffn_shexp_gated-12","ffn_shexp-12","shared_expert_gate_sigmoid-12"
413,78,ADD,0,1,1,1756,"ffn_out-12","ffn_moe_out-12","ffn_shexp_gated-12"
413,152,RMS_NORM,0,1,0,3386,"norm-13","attn_output-13",""
414,5,MUL_MAT,0,276,52,649,"linear_attn_out-13","blk.13.ssm_out.weight","final_output-13"
414,34,SCALE,0,0,2,918,"ffn_moe_inp-13","node_2289",""
414,38,ARGSORT,0,21,0,1046,"ffn_moe_argsort-13","ffn_moe_probs-13",""
414,70,ADD,0,1,0,1671,"ffn_moe_out-13","node_2325","ffn_moe_weighted-13 (view)"
414,74,MUL_MAT,0,30,7,1788,"ffn_shexp-13","blk.13.ffn_down_shexp.weight","ffn_swiglu-13"
414,77,MUL,0,2,0,1795,"ffn_shexp_gated-13","ffn_shexp-13","shared_expert_gate_sigmoid-13"
414,78,ADD,0,2,0,1797,"ffn_out-13","ffn_moe_out-13","ffn_shexp_gated-13"
414,152,RMS_NORM,0,0,8,3302,"norm-14","attn_output-14",""
415,5,MUL_MAT,0,270,67,649,"linear_attn_out-14","blk.14.ssm_out.weight","final_output-14"
415,34,SCALE,0,0,2,890,"ffn_moe_inp-14","node_2443",""
415,38,ARGSORT,0,22,0,1012,"ffn_moe_argsort-14","ffn_moe_probs-14",""
415,70,ADD,0,1,1,1657,"ffn_moe_out-14","node_2479","ffn_moe_weighted-14 (view)"
415,74,MUL_MAT,0,30,6,1780,"ffn_shexp-14","blk.14.ffn_down_shexp.weight","ffn_swiglu-14"
415,77,MUL,0,2,0,1794,"ffn_shexp_gated-14","ffn_shexp-14","shared_expert_gate_sigmoid-14"
415,78,ADD,0,1,1,1796,"ffn_out-14","ffn_moe_out-14","ffn_shexp_gated-14"
415,151,RMS_NORM,0,4,0,2770,"norm-15","indexer_k_pooled-15 (reshaped)",""
416,38,MUL_MAT,0,263,63,542,"attn_output-15","blk.15.attn_output.weight","attn_gated-15"
416,66,SCALE,0,1,1,789,"ffn_moe_inp-15","node_2630",""
416,70,ARGSORT,0,19,1,913,"ffn_moe_argsort-15","ffn_moe_probs-15",""
416,102,ADD,0,1,1,1584,"ffn_moe_out-15","node_2666","ffn_moe_weighted-15 (view)"
416,106,MUL_MAT,0,26,9,1697,"ffn_shexp-15","blk.15.ffn_down_shexp.weight","ffn_swiglu-15"
416,109,MUL,0,3,0,1705,"ffn_shexp_gated-15","ffn_shexp-15","shared_expert_gate_sigmoid-15"
416,110,ADD,0,1,1,1707,"ffn_out-15","ffn_moe_out-15","ffn_shexp_gated-15"
416,184,RMS_NORM,0,1,1,2952,"norm-16","attn_output-16",""
417,5,MUL_MAT,0,269,55,635,"linear_attn_out-16","blk.16.ssm_out.weight","final_output-16"
417,34,SCALE,0,0,1,866,"ffn_moe_inp-16","node_2784",""
417,38,ARGSORT,0,20,0,988,"ffn_moe_argsort-16","ffn_moe_probs-16",""
417,70,ADD,0,1,0,1633,"ffn_moe_out-16","node_2820","ffn_moe_weighted-16 (view)"
417,74,MUL_MAT,0,29,15,1756,"ffn_shexp-16","blk.16.ffn_down_shexp.weight","ffn_swiglu-16"
417,77,MUL,0,2,0,1772,"ffn_shexp_gated-16","ffn_shexp-16","shared_expert_gate_sigmoid-16"
417,78,ADD,0,1,1,1774,"ffn_out-16","ffn_moe_out-16","ffn_shexp_gated-16"
417,152,RMS_NORM,0,1,1,3176,"norm-17","attn_output-17",""
418,5,MUL_MAT,0,167,167,664,"linear_attn_out-17","blk.17.ssm_out.weight","final_output-17"
418,34,SCALE,0,0,2,892,"ffn_moe_inp-17","node_2938",""
418,38,ARGSORT,0,18,0,1015,"ffn_moe_argsort-17","ffn_moe_probs-17",""
418,70,ADD,0,1,3,1673,"ffn_moe_out-17","node_2974","ffn_moe_weighted-17 (view)"
418,74,MUL_MAT,0,18,18,1790,"ffn_shexp-17","blk.17.ffn_down_shexp.weight","ffn_swiglu-17"
418,77,MUL,0,1,0,1797,"ffn_shexp_gated-17","ffn_shexp-17","shared_expert_gate_sigmoid-17"
418,78,ADD,0,0,1,1799,"ffn_out-17","ffn_moe_out-17","ffn_shexp_gated-17"
418,152,RMS_NORM,0,1,12,3223,"norm-18","attn_output-18",""
419,5,MUL_MAT,0,258,94,705,"linear_attn_out-18","blk.18.ssm_out.weight","final_output-18"
419,34,SCALE,0,1,1,1003,"ffn_moe_inp-18","node_3092",""
419,38,ARGSORT,0,20,1,1129,"ffn_moe_argsort-18","ffn_moe_probs-18",""
419,70,ADD,0,1,1,1780,"ffn_moe_out-18","node_3128","ffn_moe_weighted-18 (view)"
419,74,MUL_MAT,0,30,5,1893,"ffn_shexp-18","blk.18.ffn_down_shexp.weight","ffn_swiglu-18"
419,77,MUL,0,2,1,1902,"ffn_shexp_gated-18","ffn_shexp-18","shared_expert_gate_sigmoid-18"
419,78,ADD,0,1,10,1913,"ffn_out-18","ffn_moe_out-18","ffn_shexp_gated-18"
419,151,RMS_NORM,0,4,1,2888,"norm-19","indexer_k_pooled-19 (reshaped)",""
420,38,MUL_MAT,0,256,51,543,"attn_output-19","blk.19.attn_output.weight","attn_gated-19"
420,66,SCALE,0,0,2,789,"ffn_moe_inp-19","node_3279",""
420,70,ARGSORT,0,19,1,909,"ffn_moe_argsort-19","ffn_moe_probs-19",""
420,102,ADD,0,1,0,1677,"ffn_moe_out-19","node_3315","ffn_moe_weighted-19 (view)"
420,106,MUL_MAT,0,29,16,1804,"ffn_shexp-19","blk.19.ffn_down_shexp.weight","ffn_swiglu-19"
420,109,MUL,0,2,1,1813,"ffn_shexp_gated-19","ffn_shexp-19","shared_expert_gate_sigmoid-19"
420,110,ADD,0,1,0,1814,"ffn_out-19","ffn_moe_out-19","ffn_shexp_gated-19"
420,184,RMS_NORM,0,0,2,3148,"norm-20","attn_output-20",""
421,5,MUL_MAT,0,264,56,636,"linear_attn_out-20","blk.20.ssm_out.weight","final_output-20"
421,34,SCALE,0,0,1,889,"ffn_moe_inp-20","node_3433",""
421,38,ARGSORT,0,20,0,1011,"ffn_moe_argsort-20","ffn_moe_probs-20",""
421,70,ADD,0,1,1,1634,"ffn_moe_out-20","node_3469","ffn_moe_weighted-20 (view)"
421,74,MUL_MAT,0,28,7,1749,"ffn_shexp-20","blk.20.ffn_down_shexp.weight","ffn_swiglu-20"
421,77,MUL,0,2,0,1770,"ffn_shexp_gated-20","ffn_shexp-20","shared_expert_gate_sigmoid-20"
421,78,ADD,0,1,0,1771,"ffn_out-20","ffn_moe_out-20","ffn_shexp_gated-20"
421,152,RMS_NORM,0,0,1,3059,"norm-21","attn_output-21",""
422,5,MUL_MAT,0,276,78,705,"linear_attn_out-21","blk.21.ssm_out.weight","final_output-21"
422,34,SCALE,0,0,2,984,"ffn_moe_inp-21","node_3587",""
422,38,ARGSORT,0,21,1,1129,"ffn_moe_argsort-21","ffn_moe_probs-21",""
422,70,ADD,0,1,1,2032,"ffn_moe_out-21","node_3623","ffn_moe_weighted-21 (view)"
422,74,MUL_MAT,0,38,6,2166,"ffn_shexp-21","blk.21.ffn_down_shexp.weight","ffn_swiglu-21"
422,77,MUL,0,3,1,2355,"ffn_shexp_gated-21","ffn_shexp-21","shared_expert_gate_sigmoid-21"
422,78,ADD,0,2,0,2357,"ffn_out-21","ffn_moe_out-21","ffn_shexp_gated-21"
422,152,RMS_NORM,0,1,8,3957,"norm-22","attn_output-22",""
423,5,MUL_MAT,0,334,4,699,"linear_attn_out-22","blk.22.ssm_out.weight","final_output-22"
423,34,SCALE,0,1,1,962,"ffn_moe_inp-22","node_3741",""
423,38,ARGSORT,0,24,0,1097,"ffn_moe_argsort-22","ffn_moe_probs-22",""
423,70,ADD,0,2,0,1791,"ffn_moe_out-22","node_3777","ffn_moe_weighted-22 (view)"
423,74,MUL_MAT,0,38,2,1921,"ffn_shexp-22","blk.22.ffn_down_shexp.weight","ffn_swiglu-22"
423,77,MUL,0,3,8,1938,"ffn_shexp_gated-22","ffn_shexp-22","shared_expert_gate_sigmoid-22"
423,78,ADD,0,1,1,1941,"ffn_out-22","ffn_moe_out-22","ffn_shexp_gated-22"
423,151,RMS_NORM,0,9,0,3144,"norm-23","indexer_k_pooled-23 (reshaped)",""
424,38,MUL_MAT,0,295,22,526,"attn_output-23","blk.23.attn_output.weight","attn_gated-23"
424,66,SCALE,0,0,2,788,"ffn_moe_inp-23","node_3928",""
424,70,ARGSORT,0,20,1,909,"ffn_moe_argsort-23","ffn_moe_probs-23",""
424,102,ADD,0,2,0,1554,"ffn_moe_out-23","node_3964","ffn_moe_weighted-23 (view)"
424,106,MUL_MAT,0,32,1,1661,"ffn_shexp-23","blk.23.ffn_down_shexp.weight","ffn_swiglu-23"
424,109,MUL,0,3,0,1671,"ffn_shexp_gated-23","ffn_shexp-23","shared_expert_gate_sigmoid-23"
424,110,ADD,0,2,0,1673,"ffn_out-23","ffn_moe_out-23","ffn_shexp_gated-23"
424,184,RMS_NORM,0,1,1,3314,"norm-24","attn_output-24",""
425,5,MUL_MAT,0,290,20,611,"linear_attn_out-24","blk.24.ssm_out.weight","final_output-24"
425,34,SCALE,0,0,2,873,"ffn_moe_inp-24","node_4082",""
425,38,ARGSORT,0,22,1,1009,"ffn_moe_argsort-24","ffn_moe_probs-24",""
425,70,ADD,0,2,0,1662,"ffn_moe_out-24","node_4118","ffn_moe_weighted-24 (view)"
425,74,MUL_MAT,0,32,4,1777,"ffn_shexp-24","blk.24.ffn_down_shexp.weight","ffn_swiglu-24"
425,77,MUL,0,3,1,1788,"ffn_shexp_gated-24","ffn_shexp-24","shared_expert_gate_sigmoid-24"
425,78,ADD,0,2,0,1790,"ffn_out-24","ffn_moe_out-24","ffn_shexp_gated-24"
425,152,RMS_NORM,0,0,2,3383,"norm-25","attn_output-25",""
426,5,MUL_MAT,0,321,12,688,"linear_attn_out-25","blk.25.ssm_out.weight","final_output-25"
426,34,SCALE,0,1,1,1316,"ffn_moe_inp-25","node_4236",""
426,38,ARGSORT,0,22,0,1453,"ffn_moe_argsort-25","ffn_moe_probs-25",""
426,70,ADD,0,1,1,2133,"ffn_moe_out-25","node_4272","ffn_moe_weighted-25 (view)"
426,74,MUL_MAT,0,40,0,2270,"ffn_shexp-25","blk.25.ffn_down_shexp.weight","ffn_swiglu-25"
426,77,MUL,0,3,0,2290,"ffn_shexp_gated-25","ffn_shexp-25","shared_expert_gate_sigmoid-25"
426,78,ADD,0,1,7,2299,"ffn_out-25","ffn_moe_out-25","ffn_shexp_gated-25"
426,152,RMS_NORM,0,1,1,3885,"norm-26","attn_output-26",""
427,5,MUL_MAT,0,313,20,642,"linear_attn_out-26","blk.26.ssm_out.weight","final_output-26"
427,34,SCALE,0,0,2,913,"ffn_moe_inp-26","node_4390",""
427,38,ARGSORT,0,22,0,1050,"ffn_moe_argsort-26","ffn_moe_probs-26",""
427,70,ADD,0,2,0,1768,"ffn_moe_out-26","node_4426","ffn_moe_weighted-26 (view)"
427,74,MUL_MAT,0,36,10,1905,"ffn_shexp-26","blk.26.ffn_down_shexp.weight","ffn_swiglu-26"
427,77,MUL,0,3,2,1916,"ffn_shexp_gated-26","ffn_shexp-26","shared_expert_gate_sigmoid-26"
427,78,ADD,0,2,0,1918,"ffn_out-26","ffn_moe_out-26","ffn_shexp_gated-26"
427,151,RMS_NORM,0,8,1,2974,"norm-27","indexer_k_pooled-27 (reshaped)",""
428,38,MUL_MAT,0,324,1,534,"attn_output-27","blk.27.attn_output.weight","attn_gated-27"
428,66,SCALE,0,0,1,799,"ffn_moe_inp-27","node_4577",""
428,70,ARGSORT,0,22,1,923,"ffn_moe_argsort-27","ffn_moe_probs-27",""
428,102,ADD,0,1,1,1518,"ffn_moe_out-27","node_4613","ffn_moe_weighted-27 (view)"
428,106,MUL_MAT,0,33,3,1632,"ffn_shexp-27","blk.27.ffn_down_shexp.weight","ffn_swiglu-27"
428,109,MUL,0,3,1,1642,"ffn_shexp_gated-27","ffn_shexp-27","shared_expert_gate_sigmoid-27"
428,110,ADD,0,2,0,1644,"ffn_out-27","ffn_moe_out-27","ffn_shexp_gated-27"
428,184,RMS_NORM,0,0,13,3138,"norm-28","attn_output-28",""
429,5,MUL_MAT,0,202,108,617,"linear_attn_out-28","blk.28.ssm_out.weight","final_output-28"
429,34,SCALE,0,0,1,863,"ffn_moe_inp-28","node_4731",""
429,38,ARGSORT,0,20,0,983,"ffn_moe_argsort-28","ffn_moe_probs-28",""
429,70,ADD,0,0,1,1594,"ffn_moe_out-28","node_4767","ffn_moe_weighted-28 (view)"
429,74,MUL_MAT,0,19,20,1710,"ffn_shexp-28","blk.28.ffn_down_shexp.weight","ffn_swiglu-28"
429,77,MUL,0,2,0,1717,"ffn_shexp_gated-28","ffn_shexp-28","shared_expert_gate_sigmoid-28"
429,78,ADD,0,1,0,1719,"ffn_out-28","ffn_moe_out-28","ffn_shexp_gated-28"
429,152,RMS_NORM,0,0,2,3032,"norm-29","attn_output-29",""
430,5,MUL_MAT,0,300,62,789,"linear_attn_out-29","blk.29.ssm_out.weight","final_output-29"
430,34,SCALE,0,1,0,1061,"ffn_moe_inp-29","node_4885",""
430,38,ARGSORT,0,22,1,1198,"ffn_moe_argsort-29","ffn_moe_probs-29",""
430,70,ADD,0,1,0,1882,"ffn_moe_out-29","node_4921","ffn_moe_weighted-29 (view)"
430,74,MUL_MAT,0,31,10,2030,"ffn_shexp-29","blk.29.ffn_down_shexp.weight","ffn_swiglu-29"
430,77,MUL,0,2,1,2039,"ffn_shexp_gated-29","ffn_shexp-29","shared_expert_gate_sigmoid-29"
430,78,ADD,0,1,0,2040,"ffn_out-29","ffn_moe_out-29","ffn_shexp_gated-29"
430,152,RMS_NORM,0,0,2,3348,"norm-30","attn_output-30",""
431,5,MUL_MAT,0,269,53,643,"linear_attn_out-30","blk.30.ssm_out.weight","final_output-30"
431,34,SCALE,0,0,0,898,"ffn_moe_inp-30","node_5039",""
431,38,ARGSORT,0,21,0,1022,"ffn_moe_argsort-30","ffn_moe_probs-30",""
431,70,ADD,0,2,0,1801,"ffn_moe_out-30","node_5075","ffn_moe_weighted-30 (view)"
431,74,MUL_MAT,0,41,7,1937,"ffn_shexp-30","blk.30.ffn_down_shexp.weight","ffn_swiglu-30"
431,77,MUL,0,2,1,1945,"ffn_shexp_gated-30","ffn_shexp-30","shared_expert_gate_sigmoid-30"
431,78,ADD,0,1,1,1947,"ffn_out-30","ffn_moe_out-30","ffn_shexp_gated-30"
431,151,RMS_NORM,0,5,0,3001,"norm-31","indexer_k_pooled-31 (reshaped)",""
432,38,MUL_MAT,0,250,53,513,"attn_output-31","blk.31.attn_output.weight","attn_gated-31"
432,66,SCALE,0,0,2,749,"ffn_moe_inp-31","node_5226",""
432,70,ARGSORT,0,21,0,868,"ffn_moe_argsort-31","ffn_moe_probs-31",""
432,102,ADD,0,1,0,1459,"ffn_moe_out-31","node_5262","ffn_moe_weighted-31 (view)"
432,106,MUL_MAT,0,27,6,1568,"ffn_shexp-31","blk.31.ffn_down_shexp.weight","ffn_swiglu-31"
432,109,MUL,0,2,0,1576,"ffn_shexp_gated-31","ffn_shexp-31","shared_expert_gate_sigmoid-31"
432,110,ADD,0,1,0,1577,"ffn_out-31","ffn_moe_out-31","ffn_shexp_gated-31"
432,184,RMS_NORM,0,1,1,2821,"norm-32","attn_output-32",""
433,5,MUL_MAT,0,296,54,686,"linear_attn_out-32","blk.32.ssm_out.weight","final_output-32"
433,34,SCALE,0,0,2,949,"ffn_moe_inp-32","node_5380",""
433,38,ARGSORT,0,21,0,1079,"ffn_moe_argsort-32","ffn_moe_probs-32",""
433,70,ADD,0,1,1,1823,"ffn_moe_out-32","node_5416","ffn_moe_weighted-32 (view)"
433,74,MUL_MAT,0,29,6,1936,"ffn_shexp-32","blk.32.ffn_down_shexp.weight","ffn_swiglu-32"
433,77,MUL,0,2,0,1943,"ffn_shexp_gated-32","ffn_shexp-32","shared_expert_gate_sigmoid-32"
433,78,ADD,0,1,0,1945,"ffn_out-32","ffn_moe_out-32","ffn_shexp_gated-32"
433,152,RMS_NORM,0,1,1,3219,"norm-33","attn_output-33",""
434,5,MUL_MAT,0,263,56,644,"linear_attn_out-33","blk.33.ssm_out.weight","final_output-33"
434,34,SCALE,0,0,1,1047,"ffn_moe_inp-33","node_5534",""
434,38,ARGSORT,0,22,0,1176,"ffn_moe_argsort-33","ffn_moe_probs-33",""
434,70,ADD,0,1,1,1851,"ffn_moe_out-33","node_5570","ffn_moe_weighted-33 (view)"
434,74,MUL_MAT,0,31,8,1985,"ffn_shexp-33","blk.33.ffn_down_shexp.weight","ffn_swiglu-33"
434,77,MUL,0,2,0,1992,"ffn_shexp_gated-33","ffn_shexp-33","shared_expert_gate_sigmoid-33"
434,78,ADD,0,2,0,1994,"ffn_out-33","ffn_moe_out-33","ffn_shexp_gated-33"
434,152,RMS_NORM,0,0,1,3433,"norm-34","attn_output-34",""
435,5,MUL_MAT,0,286,38,636,"linear_attn_out-34","blk.34.ssm_out.weight","final_output-34"
435,34,SCALE,0,0,1,888,"ffn_moe_inp-34","node_5688",""
435,38,ARGSORT,0,22,0,1012,"ffn_moe_argsort-34","ffn_moe_probs-34",""
435,70,ADD,0,1,0,1633,"ffn_moe_out-34","node_5724","ffn_moe_weighted-34 (view)"
435,74,MUL_MAT,0,29,9,1748,"ffn_shexp-34","blk.34.ffn_down_shexp.weight","ffn_swiglu-34"
435,77,MUL,0,2,0,1755,"ffn_shexp_gated-34","ffn_shexp-34","shared_expert_gate_sigmoid-34"
435,78,ADD,0,2,0,1757,"ffn_out-34","ffn_moe_out-34","ffn_shexp_gated-34"
435,151,RMS_NORM,0,4,1,2768,"norm-35","indexer_k_pooled-35 (reshaped)",""
436,38,MUL_MAT,0,276,62,568,"attn_output-35","blk.35.attn_output.weight","attn_gated-35"
436,66,SCALE,0,0,1,830,"ffn_moe_inp-35","node_5875",""
436,70,ARGSORT,0,20,0,955,"ffn_moe_argsort-35","ffn_moe_probs-35",""
436,102,ADD,0,1,1,1585,"ffn_moe_out-35","node_5911","ffn_moe_weighted-35 (view)"
436,106,MUL_MAT,0,31,3,1691,"ffn_shexp-35","blk.35.ffn_down_shexp.weight","ffn_swiglu-35"
436,109,MUL,0,2,1,1700,"ffn_shexp_gated-35","ffn_shexp-35","shared_expert_gate_sigmoid-35"
436,110,ADD,0,1,1,1702,"ffn_out-35","ffn_moe_out-35","ffn_shexp_gated-35"
436,184,RMS_NORM,0,1,1,2940,"norm-36","attn_output-36",""
437,5,MUL_MAT,0,255,68,638,"linear_attn_out-36","blk.36.ssm_out.weight","final_output-36"
437,34,SCALE,0,0,1,883,"ffn_moe_inp-36","node_6029",""
437,38,ARGSORT,0,19,1,1006,"ffn_moe_argsort-36","ffn_moe_probs-36",""
437,70,ADD,0,2,0,1655,"ffn_moe_out-36","node_6065","ffn_moe_weighted-36 (view)"
437,74,MUL_MAT,0,29,9,1778,"ffn_shexp-36","blk.36.ffn_down_shexp.weight","ffn_swiglu-36"
437,77,MUL,0,2,0,1787,"ffn_shexp_gated-36","ffn_shexp-36","shared_expert_gate_sigmoid-36"
437,78,ADD,0,1,0,1789,"ffn_out-36","ffn_moe_out-36","ffn_shexp_gated-36"
437,152,RMS_NORM,0,1,2,3372,"norm-37","attn_output-37",""
438,5,MUL_MAT,0,250,72,642,"linear_attn_out-37","blk.37.ssm_out.weight","final_output-37"
438,34,SCALE,0,0,2,872,"ffn_moe_inp-37","node_6183",""
438,38,ARGSORT,0,19,1,994,"ffn_moe_argsort-37","ffn_moe_probs-37",""
438,70,ADD,0,1,0,1601,"ffn_moe_out-37","node_6219","ffn_moe_weighted-37 (view)"
438,74,MUL_MAT,0,27,9,1711,"ffn_shexp-37","blk.37.ffn_down_shexp.weight","ffn_swiglu-37"
438,77,MUL,0,2,0,1719,"ffn_shexp_gated-37","ffn_shexp-37","shared_expert_gate_sigmoid-37"
438,78,ADD,0,1,0,1721,"ffn_out-37","ffn_moe_out-37","ffn_shexp_gated-37"
438,152,RMS_NORM,0,0,2,3168,"norm-38","attn_output-38",""
439,5,MUL_MAT,0,254,72,637,"linear_attn_out-38","blk.38.ssm_out.weight","final_output-38"
439,34,SCALE,0,1,1,889,"ffn_moe_inp-38","node_6337",""
439,38,ARGSORT,0,20,0,1016,"ffn_moe_argsort-38","ffn_moe_probs-38",""
439,70,ADD,0,2,10,1734,"ffn_moe_out-38","node_6373","ffn_moe_weighted-38 (view)"
439,74,MUL_MAT,0,32,13,1870,"ffn_shexp-38","blk.38.ffn_down_shexp.weight","ffn_swiglu-38"
439,77,MUL,0,2,0,1882,"ffn_shexp_gated-38","ffn_shexp-38","shared_expert_gate_sigmoid-38"
439,78,ADD,0,1,1,1884,"ffn_out-38","ffn_moe_out-38","ffn_shexp_gated-38"
439,87,ADD,0,2,0,1911,"l_last-38","hc_combine-38","node_6390"
440,0,GET_ROWS,0,3,1,4,"model.input_embed","token_embd.weight","inp_tokens"
440,69,RMS_NORM,0,0,2,1422,"norm-0","attn_output-0",""
441,5,MUL_MAT,0,189,153,666,"linear_attn_out-0","blk.0.ssm_out.weight","final_output-0"
441,34,SCALE,0,0,2,898,"ffn_moe_inp-0","node_104",""
441,38,ARGSORT,0,19,0,1031,"ffn_moe_argsort-0","ffn_moe_probs-0",""
441,70,ADD,0,1,0,1678,"ffn_moe_out-0","node_140","ffn_moe_weighted-0 (view)"
441,93,MUL_MAT,0,20,21,2589,"ffn_shexp-0","blk.0.ffn_down_shexp.weight","ffn_swiglu-0"
441,96,MUL,0,2,1,2598,"ffn_shexp_gated-0","ffn_shexp-0","shared_expert_gate_sigmoid-0"
441,97,ADD,0,1,0,2599,"ffn_out-0","ffn_moe_out-0","ffn_shexp_gated-0"
441,236,RMS_NORM,0,0,2,4403,"norm-1","attn_output-1",""
442,5,MUL_MAT,0,269,65,663,"linear_attn_out-1","blk.1.ssm_out.weight","final_output-1"
442,34,SCALE,0,0,2,1100,"ffn_moe_inp-1","node_342",""
442,38,ARGSORT,0,22,0,1231,"ffn_moe_argsort-1","ffn_moe_probs-1",""
442,70,ADD,0,2,0,1888,"ffn_moe_out-1","node_378","ffn_moe_weighted-1 (view)"
442,74,MUL_MAT,0,40,6,2015,"ffn_shexp-1","blk.1.ffn_down_shexp.weight","ffn_swiglu-1"
442,77,MUL,0,2,1,2023,"ffn_shexp_gated-1","ffn_shexp-1","shared_expert_gate_sigmoid-1"
442,78,ADD,0,1,1,2025,"ffn_out-1","ffn_moe_out-1","ffn_shexp_gated-1"
442,152,RMS_NORM,0,1,2,3347,"norm-2","attn_output-2",""
443,5,MUL_MAT,0,296,51,709,"linear_attn_out-2","blk.2.ssm_out.weight","final_output-2"
443,34,SCALE,0,0,1,962,"ffn_moe_inp-2","node_496",""
443,38,ARGSORT,0,21,0,1097,"ffn_moe_argsort-2","ffn_moe_probs-2",""
443,70,ADD,0,2,0,2125,"ffn_moe_out-2","node_532","ffn_moe_weighted-2 (view)"
443,74,MUL_MAT,0,36,7,2351,"ffn_shexp-2","blk.2.ffn_down_shexp.weight","ffn_swiglu-2"
443,77,MUL,0,2,0,2358,"ffn_shexp_gated-2","ffn_shexp-2","shared_expert_gate_sigmoid-2"
443,78,ADD,0,1,32,2392,"ffn_out-2","ffn_moe_out-2","ffn_shexp_gated-2"
443,151,RMS_NORM,0,5,0,3382,"norm-3","indexer_k_pooled-3 (reshaped)",""
444,38,MUL_MAT,0,269,43,527,"attn_output-3","blk.3.attn_output.weight","attn_gated-3"
444,66,SCALE,0,0,1,757,"ffn_moe_inp-3","node_683",""
444,70,ARGSORT,0,19,0,875,"ffn_moe_argsort-3","ffn_moe_probs-3",""
444,102,ADD,0,0,1,2190,"ffn_moe_out-3","node_719","ffn_moe_weighted-3 (view)"
444,106,MUL_MAT,0,18,18,2301,"ffn_shexp-3","blk.3.ffn_down_shexp.weight","ffn_swiglu-3"
444,109,MUL,0,2,0,2308,"ffn_shexp_gated-3","ffn_shexp-3","shared_expert_gate_sigmoid-3"
444,110,ADD,0,1,0,2310,"ffn_out-3","ffn_moe_out-3","ffn_shexp_gated-3"
444,184,RMS_NORM,0,0,2,3585,"norm-4","attn_output-4",""
445,5,MUL_MAT,0,186,140,651,"linear_attn_out-4","blk.4.ssm_out.weight","final_output-4"
445,34,SCALE,0,1,4,874,"ffn_moe_inp-4","node_837",""
445,38,ARGSORT,0,19,0,996,"ffn_moe_argsort-4","ffn_moe_probs-4",""
445,70,ADD,0,1,0,2432,"ffn_moe_out-4","node_873","ffn_moe_weighted-4 (view)"
445,74,MUL_MAT,0,23,13,2544,"ffn_shexp-4","blk.4.ffn_down_shexp.weight","ffn_swiglu-4"
445,77,MUL,0,2,0,2552,"ffn_shexp_gated-4","ffn_shexp-4","shared_expert_gate_sigmoid-4"
445,78,ADD,0,1,0,2553,"ffn_out-4","ffn_moe_out-4","ffn_shexp_gated-4"
445,152,RMS_NORM,0,1,1,3819,"norm-5","attn_output-5",""
446,5,MUL_MAT,0,311,11,624,"linear_attn_out-5","blk.5.ssm_out.weight","final_output-5"
446,34,SCALE,0,0,1,868,"ffn_moe_inp-5","node_991",""
446,38,ARGSORT,0,23,0,1003,"ffn_moe_argsort-5","ffn_moe_probs-5",""
446,70,ADD,0,2,0,1635,"ffn_moe_out-5","node_1027","ffn_moe_weighted-5 (view)"
446,74,MUL_MAT,0,36,0,1745,"ffn_shexp-5","blk.5.ffn_down_shexp.weight","ffn_swiglu-5"
446,77,MUL,0,3,1,1756,"ffn_shexp_gated-5","ffn_shexp-5","shared_expert_gate_sigmoid-5"
446,78,ADD,0,2,3,1761,"ffn_out-5","ffn_moe_out-5","ffn_shexp_gated-5"
446,152,RMS_NORM,0,1,1,3421,"norm-6","attn_output-6",""
447,5,MUL_MAT,0,305,10,622,"linear_attn_out-6","blk.6.ssm_out.weight","final_output-6"
447,34,SCALE,0,0,2,877,"ffn_moe_inp-6","node_1145",""
447,38,ARGSORT,0,22,0,998,"ffn_moe_argsort-6","ffn_moe_probs-6",""
447,70,ADD,0,1,1,1623,"ffn_moe_out-6","node_1181","ffn_moe_weighted-6 (view)"
447,74,MUL_MAT,0,35,2,1739,"ffn_shexp-6","blk.6.ffn_down_shexp.weight","ffn_swiglu-6"
447,77,MUL,0,3,0,1900,"ffn_shexp_gated-6","ffn_shexp-6","shared_expert_gate_sigmoid-6"
447,78,ADD,0,2,11,1913,"ffn_out-6","ffn_moe_out-6","ffn_shexp_gated-6"
447,151,RMS_NORM,0,4,1,3130,"norm-7","indexer_k_pooled-7 (reshaped)",""
448,38,MUL_MAT,0,282,51,569,"attn_output-7","blk.7.attn_output.weight","attn_gated-7"
448,66,SCALE,0,0,1,813,"ffn_moe_inp-7","node_1332",""
448,70,ARGSORT,0,20,0,940,"ffn_moe_argsort-7","ffn_moe_probs-7",""
448,102,ADD,0,1,1,2349,"ffn_moe_out-7","node_1368","ffn_moe_weighted-7 (view)"
448,106,MUL_MAT,0,29,8,2463,"ffn_shexp-7","blk.7.ffn_down_shexp.weight","ffn_swiglu-7"
448,109,MUL,0,2,0,2470,"ffn_shexp_gated-7","ffn_shexp-7","shared_expert_gate_sigmoid-7"
448,110,ADD,0,1,0,2472,"ffn_out-7","ffn_moe_out-7","ffn_shexp_gated-7"
448,184,RMS_NORM,0,0,8,3756,"norm-8","attn_output-8",""
449,5,MUL_MAT,0,256,81,663,"linear_attn_out-8","blk.8.ssm_out.weight","final_output-8"
449,34,SCALE,0,0,1,910,"ffn_moe_inp-8","node_1486",""
449,38,ARGSORT,0,19,0,1037,"ffn_moe_argsort-8","ffn_moe_probs-8",""
449,70,ADD,0,1,0,2249,"ffn_moe_out-8","node_1522","ffn_moe_weighted-8 (view)"
449,74,MUL_MAT,0,29,65,2426,"ffn_shexp-8","blk.8.ffn_down_shexp.weight","ffn_swiglu-8"
449,77,MUL,0,2,1,2447,"ffn_shexp_gated-8","ffn_shexp-8","shared_expert_gate_sigmoid-8"
449,78,ADD,0,1,1,2449,"ffn_out-8","ffn_moe_out-8","ffn_shexp_gated-8"
449,152,RMS_NORM,0,0,2,3786,"norm-9","attn_output-9",""
450,5,MUL_MAT,0,254,76,653,"linear_attn_out-9","blk.9.ssm_out.weight","final_output-9"
450,34,SCALE,0,0,2,895,"ffn_moe_inp-9","node_1640",""
450,38,ARGSORT,0,21,0,1018,"ffn_moe_argsort-9","ffn_moe_probs-9",""
450,70,ADD,0,1,1,1726,"ffn_moe_out-9","node_1676","ffn_moe_weighted-9 (view)"
450,74,MUL_MAT,0,31,8,1853,"ffn_shexp-9","blk.9.ffn_down_shexp.weight","ffn_swiglu-9"
450,77,MUL,0,3,0,1867,"ffn_shexp_gated-9","ffn_shexp-9","shared_expert_gate_sigmoid-9"
450,78,ADD,0,1,1,1869,"ffn_out-9","ffn_moe_out-9","ffn_shexp_gated-9"
450,152,RMS_NORM,0,0,2,3267,"norm-10","attn_output-10",""
451,5,MUL_MAT,0,264,59,635,"linear_attn_out-10","blk.10.ssm_out.weight","final_output-10"
451,34,SCALE,0,0,1,878,"ffn_moe_inp-10","node_1794",""
451,38,ARGSORT,0,20,1,1003,"ffn_moe_argsort-10","ffn_moe_probs-10",""
451,70,ADD,0,1,0,2582,"ffn_moe_out-10","node_1830","ffn_moe_weighted-10 (view)"
451,74,MUL_MAT,0,28,11,2707,"ffn_shexp-10","blk.10.ffn_down_shexp.weight","ffn_swiglu-10"
451,77,MUL,0,2,1,2716,"ffn_shexp_gated-10","ffn_shexp-10","shared_expert_gate_sigmoid-10"
451,78,ADD,0,1,0,2717,"ffn_out-10","ffn_moe_out-10","ffn_shexp_gated-10"
451,151,RMS_NORM,0,5,0,3738,"norm-11","indexer_k_pooled-11 (reshaped)",""
452,38,MUL_MAT,0,241,65,532,"attn_output-11","blk.11.attn_output.weight","attn_gated-11"
452,66,SCALE,0,1,1,767,"ffn_moe_inp-11","node_1981",""
452,70,ARGSORT,0,20,0,889,"ffn_moe_argsort-11","ffn_moe_probs-11",""
452,102,ADD,0,1,0,1657,"ffn_moe_out-11","node_2017","ffn_moe_weighted-11 (view)"
452,106,MUL_MAT,0,25,8,1762,"ffn_shexp-11","blk.11.ffn_down_shexp.weight","ffn_swiglu-11"
452,109,MUL,0,2,0,1769,"ffn_shexp_gated-11","ffn_shexp-11","shared_expert_gate_sigmoid-11"
452,110,ADD,0,1,1,1771,"ffn_out-11","ffn_moe_out-11","ffn_shexp_gated-11"
452,184,RMS_NORM,0,1,1,3009,"norm-12","attn_output-12",""
453,5,MUL_MAT,0,273,64,663,"linear_attn_out-12","blk.12.ssm_out.weight","final_output-12"
453,34,SCALE,0,0,2,914,"ffn_moe_inp-12","node_2135",""
453,38,ARGSORT,0,20,0,1048,"ffn_moe_argsort-12","ffn_moe_probs-12",""
453,70,ADD,0,1,1,2216,"ffn_moe_out-12","node_2171","ffn_moe_weighted-12 (view)"
453,74,MUL_MAT,0,30,5,2339,"ffn_shexp-12","blk.12.ffn_down_shexp.weight","ffn_swiglu-12"
453,77,MUL,0,2,0,2351,"ffn_shexp_gated-12","ffn_shexp-12","shared_expert_gate_sigmoid-12"
453,78,ADD,0,1,0,2353,"ffn_out-12","ffn_moe_out-12","ffn_shexp_gated-12"
453,152,RMS_NORM,0,0,2,3627,"norm-13","attn_output-13",""
454,5,MUL_MAT,0,270,53,644,"linear_attn_out-13","blk.13.ssm_out.weight","final_output-13"
454,34,SCALE,0,0,1,877,"ffn_moe_inp-13","node_2289",""
454,38,ARGSORT,0,21,1,1003,"ffn_moe_argsort-13","ffn_moe_probs-13",""
454,70,ADD,0,1,1,1718,"ffn_moe_out-13","node_2325","ffn_moe_weighted-13 (view)"
454,74,MUL_MAT,0,32,6,1839,"ffn_shexp-13","blk.13.ffn_down_shexp.weight","ffn_swiglu-13"
454,77,MUL,0,2,0,1847,"ffn_shexp_gated-13","ffn_shexp-13","shared_expert_gate_sigmoid-13"
454,78,ADD,0,2,0,1849,"ffn_out-13","ffn_moe_out-13","ffn_shexp_gated-13"
454,152,RMS_NORM,0,0,2,3209,"norm-14","attn_output-14",""
455,5,MUL_MAT,0,282,53,682,"linear_attn_out-14","blk.14.ssm_out.weight","final_output-14"
455,34,SCALE,0,0,1,929,"ffn_moe_inp-14","node_2443",""
455,38,ARGSORT,0,22,0,1050,"ffn_moe_argsort-14","ffn_moe_probs-14",""
455,70,ADD,0,1,0,1672,"ffn_moe_out-14","node_2479","ffn_moe_weighted-14 (view)"
455,74,MUL_MAT,0,30,7,1788,"ffn_shexp-14","blk.14.ffn_down_shexp.weight","ffn_swiglu-14"
455,77,MUL,0,2,0,1795,"ffn_shexp_gated-14","ffn_shexp-14","shared_expert_gate_sigmoid-14"
455,78,ADD,0,1,1,1797,"ffn_out-14","ffn_moe_out-14","ffn_shexp_gated-14"
455,151,RMS_NORM,0,4,1,2917,"norm-15","indexer_k_pooled-15 (reshaped)",""
456,38,MUL_MAT,0,257,56,522,"attn_output-15","blk.15.attn_output.weight","attn_gated-15"
456,66,SCALE,0,0,1,746,"ffn_moe_inp-15","node_2630",""
456,70,ARGSORT,0,21,0,865,"ffn_moe_argsort-15","ffn_moe_probs-15",""
456,102,ADD,0,1,1,1505,"ffn_moe_out-15","node_2666","ffn_moe_weighted-15 (view)"
456,106,MUL_MAT,0,27,7,1614,"ffn_shexp-15","blk.15.ffn_down_shexp.weight","ffn_swiglu-15"
456,109,MUL,0,2,0,1622,"ffn_shexp_gated-15","ffn_shexp-15","shared_expert_gate_sigmoid-15"
456,110,ADD,0,2,1,1625,"ffn_out-15","ffn_moe_out-15","ffn_shexp_gated-15"
456,184,RMS_NORM,0,0,1,2825,"norm-16","attn_output-16",""
457,5,MUL_MAT,0,280,64,680,"linear_attn_out-16","blk.16.ssm_out.weight","final_output-16"
457,34,SCALE,0,0,1,939,"ffn_moe_inp-16","node_2784",""
457,38,ARGSORT,0,19,1,1064,"ffn_moe_argsort-16","ffn_moe_probs-16",""
457,70,ADD,0,1,1,1779,"ffn_moe_out-16","node_2820","ffn_moe_weighted-16 (view)"
457,74,MUL_MAT,0,40,0,1914,"ffn_shexp-16","blk.16.ffn_down_shexp.weight","ffn_swiglu-16"
457,77,MUL,0,2,0,1930,"ffn_shexp_gated-16","ffn_shexp-16","shared_expert_gate_sigmoid-16"
457,78,ADD,0,1,0,1932,"ffn_out-16","ffn_moe_out-16","ffn_shexp_gated-16"
457,152,RMS_NORM,0,1,1,3280,"norm-17","attn_output-17",""
458,5,MUL_MAT,0,263,60,645,"linear_attn_out-17","blk.17.ssm_out.weight","final_output-17"
458,34,SCALE,0,0,2,884,"ffn_moe_inp-17","node_2938",""
458,38,ARGSORT,0,19,0,1010,"ffn_moe_argsort-17","ffn_moe_probs-17",""
458,70,ADD,0,1,0,2167,"ffn_moe_out-17","node_2974","ffn_moe_weighted-17 (view)"
458,74,MUL_MAT,0,29,9,2290,"ffn_shexp-17","blk.17.ffn_down_shexp.weight","ffn_swiglu-17"
458,77,MUL,0,2,8,2306,"ffn_shexp_gated-17","ffn_shexp-17","shared_expert_gate_sigmoid-17"
458,78,ADD,0,1,1,2308,"ffn_out-17","ffn_moe_out-17","ffn_shexp_gated-17"
458,152,RMS_NORM,0,0,3,3744,"norm-18","attn_output-18",""
459,5,MUL_MAT,0,280,64,686,"linear_attn_out-18","blk.18.ssm_out.weight","final_output-18"
459,34,SCALE,0,0,2,939,"ffn_moe_inp-18","node_3092",""
459,38,ARGSORT,0,20,0,1075,"ffn_moe_argsort-18","ffn_moe_probs-18",""
459,70,ADD,0,1,1,1747,"ffn_moe_out-18","node_3128","ffn_moe_weighted-18 (view)"
459,74,MUL_MAT,0,39,0,1880,"ffn_shexp-18","blk.18.ffn_down_shexp.weight","ffn_swiglu-18"
459,77,MUL,0,2,0,1887,"ffn_shexp_gated-18","ffn_shexp-18","shared_expert_gate_sigmoid-18"
459,78,ADD,0,1,0,1888,"ffn_out-18","ffn_moe_out-18","ffn_shexp_gated-18"
459,151,RMS_NORM,0,9,1,3093,"norm-19","indexer_k_pooled-19 (reshaped)",""
460,38,MUL_MAT,0,298,11,515,"attn_output-19","blk.19.attn_output.weight","attn_gated-19"
460,66,SCALE,0,0,2,767,"ffn_moe_inp-19","node_3279",""
460,70,ARGSORT,0,22,0,904,"ffn_moe_argsort-19","ffn_moe_probs-19",""
460,102,ADD,0,1,1,1498,"ffn_moe_out-19","node_3315","ffn_moe_weighted-19 (view)"
460,106,MUL_MAT,0,31,2,1602,"ffn_shexp-19","blk.19.ffn_down_shexp.weight","ffn_swiglu-19"
460,109,MUL,0,4,0,1612,"ffn_shexp_gated-19","ffn_shexp-19","shared_expert_gate_sigmoid-19"
460,110,ADD,0,1,1,1614,"ffn_out-19","ffn_moe_out-19","ffn_shexp_gated-19"
460,184,RMS_NORM,0,1,1,3127,"norm-20","attn_output-20",""
461,5,MUL_MAT,0,327,9,659,"linear_attn_out-20","blk.20.ssm_out.weight","final_output-20"
461,34,SCALE,0,0,1,921,"ffn_moe_inp-20","node_3433",""
461,38,ARGSORT,0,22,1,1059,"ffn_moe_argsort-20","ffn_moe_probs-20",""
461,70,ADD,0,2,0,1773,"ffn_moe_out-20","node_3469","ffn_moe_weighted-20 (view)"
461,74,MUL_MAT,0,38,1,1899,"ffn_shexp-20","blk.20.ffn_down_shexp.weight","ffn_swiglu-20"
461,77,MUL,0,3,7,1917,"ffn_shexp_gated-20","ffn_shexp-20","shared_expert_gate_sigmoid-20"
461,78,ADD,0,1,1,1920,"ffn_out-20","ffn_moe_out-20","ffn_shexp_gated-20"
461,152,RMS_NORM,0,0,1,3654,"norm-21","attn_output-21",""
462,5,MUL_MAT,0,299,10,609,"linear_attn_out-21","blk.21.ssm_out.weight","final_output-21"
462,34,SCALE,0,0,6,865,"ffn_moe_inp-21","node_3587",""
462,38,ARGSORT,0,22,0,994,"ffn_moe_argsort-21","ffn_moe_probs-21",""
462,70,ADD,0,1,1,1831,"ffn_moe_out-21","node_3623","ffn_moe_weighted-21 (view)"
462,74,MUL_MAT,0,43,1,1958,"ffn_shexp-21","blk.21.ffn_down_shexp.weight","ffn_swiglu-21"
462,77,MUL,0,3,3,1974,"ffn_shexp_gated-21","ffn_shexp-21","shared_expert_gate_sigmoid-21"
462,78,ADD,0,1,1,1977,"ffn_out-21","ffn_moe_out-21","ffn_shexp_gated-21"
462,152,RMS_NORM,0,1,2,3481,"norm-22","attn_output-22",""
463,5,MUL_MAT,0,280,162,777,"linear_attn_out-22","blk.22.ssm_out.weight","final_output-22"
463,34,SCALE,0,0,2,1031,"ffn_moe_inp-22","node_3741",""
463,38,ARGSORT,0,22,0,1158,"ffn_moe_argsort-22","ffn_moe_probs-22",""
463,70,ADD,0,1,1,1798,"ffn_moe_out-22","node_3777","ffn_moe_weighted-22 (view)"
463,74,MUL_MAT,0,30,8,1909,"ffn_shexp-22","blk.22.ffn_down_shexp.weight","ffn_swiglu-22"
463,77,MUL,0,1,1,1922,"ffn_shexp_gated-22","ffn_shexp-22","shared_expert_gate_sigmoid-22"
463,78,ADD,0,1,1,1924,"ffn_out-22","ffn_moe_out-22","ffn_shexp_gated-22"
463,151,RMS_NORM,0,5,0,2957,"norm-23","indexer_k_pooled-23 (reshaped)",""
464,38,MUL_MAT,0,262,68,569,"attn_output-23","blk.23.attn_output.weight","attn_gated-23"
464,66,SCALE,0,0,2,824,"ffn_moe_inp-23","node_3928",""
464,70,ARGSORT,0,20,0,948,"ffn_moe_argsort-23","ffn_moe_probs-23",""
464,102,ADD,0,2,0,2208,"ffn_moe_out-23","node_3964","ffn_moe_weighted-23 (view)"
464,106,MUL_MAT,0,30,5,2319,"ffn_shexp-23","blk.23.ffn_down_shexp.weight","ffn_swiglu-23"
464,109,MUL,0,2,5,2350,"ffn_shexp_gated-23","ffn_shexp-23","shared_expert_gate_sigmoid-23"
464,110,ADD,0,1,0,2351,"ffn_out-23","ffn_moe_out-23","ffn_shexp_gated-23"
464,184,RMS_NORM,0,0,2,3617,"norm-24","attn_output-24",""
465,5,MUL_MAT,0,258,80,651,"linear_attn_out-24","blk.24.ssm_out.weight","final_output-24"
465,34,SCALE,0,0,10,954,"ffn_moe_inp-24","node_4082",""
465,38,ARGSORT,0,21,0,1083,"ffn_moe_argsort-24","ffn_moe_probs-24",""
465,70,ADD,0,1,0,2561,"ffn_moe_out-24","node_4118","ffn_moe_weighted-24 (view)"
465,74,MUL_MAT,0,29,7,2678,"ffn_shexp-24","blk.24.ffn_down_shexp.weight","ffn_swiglu-24"
465,77,MUL,0,9,1,2697,"ffn_shexp_gated-24","ffn_shexp-24","shared_expert_gate_sigmoid-24"
465,78,ADD,0,1,0,2698,"ffn_out-24","ffn_moe_out-24","ffn_shexp_gated-24"
465,152,RMS_NORM,0,0,3,3983,"norm-25","attn_output-25",""
466,5,MUL_MAT,0,271,69,662,"linear_attn_out-25","blk.25.ssm_out.weight","final_output-25"
466,34,SCALE,0,0,2,914,"ffn_moe_inp-25","node_4236",""
466,38,ARGSORT,0,19,1,1035,"ffn_moe_argsort-25","ffn_moe_probs-25",""
466,70,ADD,0,1,1,1703,"ffn_moe_out-25","node_4272","ffn_moe_weighted-25 (view)"
466,74,MUL_MAT,0,33,8,1832,"ffn_shexp-25","blk.25.ffn_down_shexp.weight","ffn_swiglu-25"
466,77,MUL,0,2,0,1841,"ffn_shexp_gated-25","ffn_shexp-25","shared_expert_gate_sigmoid-25"
466,78,ADD,0,1,1,1843,"ffn_out-25","ffn_moe_out-25","ffn_shexp_gated-25"
466,152,RMS_NORM,0,0,9,3482,"norm-26","attn_output-26",""
467,5,MUL_MAT,0,267,60,651,"linear_attn_out-26","blk.26.ssm_out.weight","final_output-26"
467,34,SCALE,0,0,1,903,"ffn_moe_inp-26","node_4390",""
467,38,ARGSORT,0,20,0,1027,"ffn_moe_argsort-26","ffn_moe_probs-26",""
467,70,ADD,0,1,1,2175,"ffn_moe_out-26","node_4426","ffn_moe_weighted-26 (view)"
467,74,MUL_MAT,0,32,22,2313,"ffn_shexp-26","blk.26.ffn_down_shexp.weight","ffn_swiglu-26"
467,77,MUL,0,2,1,2330,"ffn_shexp_gated-26","ffn_shexp-26","shared_expert_gate_sigmoid-26"
467,78,ADD,0,1,1,2332,"ffn_out-26","ffn_moe_out-26","ffn_shexp_gated-26"
467,151,RMS_NORM,0,5,7,3362,"norm-27","indexer_k_pooled-27 (reshaped)",""
468,38,MUL_MAT,0,260,85,566,"attn_output-27","blk.27.attn_output.weight","attn_gated-27"
468,66,SCALE,0,0,1,922,"ffn_moe_inp-27","node_4577",""
468,70,ARGSORT,0,19,0,1044,"ffn_moe_argsort-27","ffn_moe_probs-27",""
468,102,ADD,0,1,1,1710,"ffn_moe_out-27","node_4613","ffn_moe_weighted-27 (view)"
468,106,MUL_MAT,0,29,5,1817,"ffn_shexp-27","blk.27.ffn_down_shexp.weight","ffn_swiglu-27"
468,109,MUL,0,2,0,1824,"ffn_shexp_gated-27","ffn_shexp-27","shared_expert_gate_sigmoid-27"
468,110,ADD,0,1,1,1827,"ffn_out-27","ffn_moe_out-27","ffn_shexp_gated-27"
468,184,RMS_NORM,0,0,2,3067,"norm-28","attn_output-28",""
469,5,MUL_MAT,0,257,60,619,"linear_attn_out-28","blk.28.ssm_out.weight","final_output-28"
469,34,SCALE,0,0,2,966,"ffn_moe_inp-28","node_4731",""
469,38,ARGSORT,0,19,1,1094,"ffn_moe_argsort-28","ffn_moe_probs-28",""
469,70,ADD,0,2,0,1836,"ffn_moe_out-28","node_4767","ffn_moe_weighted-28 (view)"
469,74,MUL_MAT,0,30,8,1951,"ffn_shexp-28","blk.28.ffn_down_shexp.weight","ffn_swiglu-28"
469,77,MUL,0,2,1,1964,"ffn_shexp_gated-28","ffn_shexp-28","shared_expert_gate_sigmoid-28"
469,78,ADD,0,1,0,1965,"ffn_out-28","ffn_moe_out-28","ffn_shexp_gated-28"
469,152,RMS_NORM,0,0,2,3362,"norm-29","attn_output-29",""
470,5,MUL_MAT,0,267,57,639,"linear_attn_out-29","blk.29.ssm_out.weight","final_output-29"
470,34,SCALE,0,0,25,896,"ffn_moe_inp-29","node_4885",""
470,38,ARGSORT,0,19,1,1024,"ffn_moe_argsort-29","ffn_moe_probs-29",""
470,70,ADD,0,1,1,1634,"ffn_moe_out-29","node_4921","ffn_moe_weighted-29 (view)"
470,74,MUL_MAT,0,30,6,1746,"ffn_shexp-29","blk.29.ffn_down_shexp.weight","ffn_swiglu-29"
470,77,MUL,0,2,1,1755,"ffn_shexp_gated-29","ffn_shexp-29","shared_expert_gate_sigmoid-29"
470,78,ADD,0,1,5,1761,"ffn_out-29","ffn_moe_out-29","ffn_shexp_gated-29"
470,152,RMS_NORM,0,1,1,3786,"norm-30","attn_output-30",""
471,5,MUL_MAT,0,287,31,626,"linear_attn_out-30","blk.30.ssm_out.weight","final_output-30"
471,34,SCALE,0,0,2,882,"ffn_moe_inp-30","node_5039",""
471,38,ARGSORT,0,23,0,1010,"ffn_moe_argsort-30","ffn_moe_probs-30",""
471,70,ADD,0,2,0,1806,"ffn_moe_out-30","node_5075","ffn_moe_weighted-30 (view)"
471,74,MUL_MAT,0,36,1,1923,"ffn_shexp-30","blk.30.ffn_down_shexp.weight","ffn_swiglu-30"
471,77,MUL,0,3,0,1933,"ffn_shexp_gated-30","ffn_shexp-30","shared_expert_gate_sigmoid-30"
471,78,ADD,0,2,1,1936,"ffn_out-30","ffn_moe_out-30","ffn_shexp_gated-30"
471,151,RMS_NORM,0,8,1,2969,"norm-31","indexer_k_pooled-31 (reshaped)",""
472,38,MUL_MAT,0,330,8,558,"attn_output-31","blk.31.attn_output.weight","attn_gated-31"
472,66,SCALE,0,0,2,845,"ffn_moe_inp-31","node_5226",""
472,70,ARGSORT,0,21,1,976,"ffn_moe_argsort-31","ffn_moe_probs-31",""
472,102,ADD,0,2,0,1721,"ffn_moe_out-31","node_5262","ffn_moe_weighted-31 (view)"
472,106,MUL_MAT,0,33,7,1833,"ffn_shexp-31","blk.31.ffn_down_shexp.weight","ffn_swiglu-31"
472,109,MUL,0,3,0,1843,"ffn_shexp_gated-31","ffn_shexp-31","shared_expert_gate_sigmoid-31"
472,110,ADD,0,1,0,1845,"ffn_out-31","ffn_moe_out-31","ffn_shexp_gated-31"
472,184,RMS_NORM,0,0,6,3519,"norm-32","attn_output-32",""
473,5,MUL_MAT,0,304,1,609,"linear_attn_out-32","blk.32.ssm_out.weight","final_output-32"
473,34,SCALE,0,1,1,849,"ffn_moe_inp-32","node_5380",""
473,38,ARGSORT,0,23,0,973,"ffn_moe_argsort-32","ffn_moe_probs-32",""
473,70,ADD,0,1,1,1782,"ffn_moe_out-32","node_5416","ffn_moe_weighted-32 (view)"
473,74,MUL_MAT,0,36,7,1908,"ffn_shexp-32","blk.32.ffn_down_shexp.weight","ffn_swiglu-32"
473,77,MUL,0,4,0,1918,"ffn_shexp_gated-32","ffn_shexp-32","shared_expert_gate_sigmoid-32"
473,78,ADD,0,2,0,1920,"ffn_out-32","ffn_moe_out-32","ffn_shexp_gated-32"
473,152,RMS_NORM,0,1,1,3630,"norm-33","attn_output-33",""
474,5,MUL_MAT,0,310,0,619,"linear_attn_out-33","blk.33.ssm_out.weight","final_output-33"
474,34,SCALE,0,0,1,868,"ffn_moe_inp-33","node_5534",""
474,38,ARGSORT,0,22,1,993,"ffn_moe_argsort-33","ffn_moe_probs-33",""
474,70,ADD,0,2,0,1820,"ffn_moe_out-33","node_5570","ffn_moe_weighted-33 (view)"
474,74,MUL_MAT,0,35,2,1948,"ffn_shexp-33","blk.33.ffn_down_shexp.weight","ffn_swiglu-33"
474,77,MUL,0,3,1,1958,"ffn_shexp_gated-33","ffn_shexp-33","shared_expert_gate_sigmoid-33"
474,78,ADD,0,1,1,1960,"ffn_out-33","ffn_moe_out-33","ffn_shexp_gated-33"
474,152,RMS_NORM,0,0,2,3740,"norm-34","attn_output-34",""
475,5,MUL_MAT,0,307,4,617,"linear_attn_out-34","blk.34.ssm_out.weight","final_output-34"
475,34,SCALE,0,0,1,871,"ffn_moe_inp-34","node_5688",""
475,38,ARGSORT,0,22,1,998,"ffn_moe_argsort-34","ffn_moe_probs-34",""
475,70,ADD,0,1,1,2326,"ffn_moe_out-34","node_5724","ffn_moe_weighted-34 (view)"
475,74,MUL_MAT,0,35,1,2440,"ffn_shexp-34","blk.34.ffn_down_shexp.weight","ffn_swiglu-34"
475,77,MUL,0,3,1,2450,"ffn_shexp_gated-34","ffn_shexp-34","shared_expert_gate_sigmoid-34"
475,78,ADD,0,1,1,2452,"ffn_out-34","ffn_moe_out-34","ffn_shexp_gated-34"
475,151,RMS_NORM,0,8,1,3542,"norm-35","indexer_k_pooled-35 (reshaped)",""
476,38,MUL_MAT,0,331,10,584,"attn_output-35","blk.35.attn_output.weight","attn_gated-35"
476,66,SCALE,0,0,1,988,"ffn_moe_inp-35","node_5875",""
476,70,ARGSORT,0,21,1,1111,"ffn_moe_argsort-35","ffn_moe_probs-35",""
476,102,ADD,0,1,1,1728,"ffn_moe_out-35","node_5911","ffn_moe_weighted-35 (view)"
476,106,MUL_MAT,0,32,5,1845,"ffn_shexp-35","blk.35.ffn_down_shexp.weight","ffn_swiglu-35"
476,109,MUL,0,3,1,1855,"ffn_shexp_gated-35","ffn_shexp-35","shared_expert_gate_sigmoid-35"
476,110,ADD,0,1,1,1857,"ffn_out-35","ffn_moe_out-35","ffn_shexp_gated-35"
476,184,RMS_NORM,0,1,1,3381,"norm-36","attn_output-36",""
477,5,MUL_MAT,0,324,20,689,"linear_attn_out-36","blk.36.ssm_out.weight","final_output-36"
477,34,SCALE,0,0,1,998,"ffn_moe_inp-36","node_6029",""
477,38,ARGSORT,0,23,0,1135,"ffn_moe_argsort-36","ffn_moe_probs-36",""
477,70,ADD,0,2,0,1814,"ffn_moe_out-36","node_6065","ffn_moe_weighted-36 (view)"
477,74,MUL_MAT,0,35,2,1936,"ffn_shexp-36","blk.36.ffn_down_shexp.weight","ffn_swiglu-36"
477,77,MUL,0,3,0,1955,"ffn_shexp_gated-36","ffn_shexp-36","shared_expert_gate_sigmoid-36"
477,78,ADD,0,2,1,1958,"ffn_out-36","ffn_moe_out-36","ffn_shexp_gated-36"
477,152,RMS_NORM,0,0,2,3393,"norm-37","attn_output-37",""
478,5,MUL_MAT,0,200,125,671,"linear_attn_out-37","blk.37.ssm_out.weight","final_output-37"
478,34,SCALE,0,0,2,909,"ffn_moe_inp-37","node_6183",""
478,38,ARGSORT,0,20,0,1037,"ffn_moe_argsort-37","ffn_moe_probs-37",""
478,70,ADD,0,1,1,1672,"ffn_moe_out-37","node_6219","ffn_moe_weighted-37 (view)"
478,74,MUL_MAT,0,17,18,1790,"ffn_shexp-37","blk.37.ffn_down_shexp.weight","ffn_swiglu-37"
478,77,MUL,0,1,0,1797,"ffn_shexp_gated-37","ffn_shexp-37","shared_expert_gate_sigmoid-37"
478,78,ADD,0,1,0,1799,"ffn_out-37","ffn_moe_out-37","ffn_shexp_gated-37"
478,152,RMS_NORM,0,0,2,3126,"norm-38","attn_output-38",""
479,5,MUL_MAT,0,315,4,634,"linear_attn_out-38","blk.38.ssm_out.weight","final_output-38"
479,34,SCALE,0,0,2,885,"ffn_moe_inp-38","node_6337",""
479,38,ARGSORT,0,22,1,1020,"ffn_moe_argsort-38","ffn_moe_probs-38",""
479,70,ADD,0,1,1,2143,"ffn_moe_out-38","node_6373","ffn_moe_weighted-38 (view)"
479,74,MUL_MAT,0,33,1,2259,"ffn_shexp-38","blk.38.ffn_down_shexp.weight","ffn_swiglu-38"
479,77,MUL,0,3,0,2269,"ffn_shexp_gated-38","ffn_shexp-38","shared_expert_gate_sigmoid-38"
479,78,ADD,0,2,0,2271,"ffn_out-38","ffn_moe_out-38","ffn_shexp_gated-38"
479,87,ADD,0,2,4,2313,"l_last-38","hc_combine-38","node_6390"
480,0,GET_ROWS,0,3,1,4,"model.input_embed","token_embd.weight","inp_tokens"
480,69,RMS_NORM,0,1,1,2610,"norm-0","attn_output-0",""
481,5,MUL_MAT,0,175,154,646,"linear_attn_out-0","blk.0.ssm_out.weight","final_output-0"
481,34,SCALE,0,0,2,879,"ffn_moe_inp-0","node_104",""
481,38,ARGSORT,0,18,1,1006,"ffn_moe_argsort-0","ffn_moe_probs-0",""
481,70,ADD,0,1,1,1662,"ffn_moe_out-0","node_140","ffn_moe_weighted-0 (view)"
481,93,MUL_MAT,0,20,19,2529,"ffn_shexp-0","blk.0.ffn_down_shexp.weight","ffn_swiglu-0"
481,96,MUL,0,1,1,2537,"ffn_shexp_gated-0","ffn_shexp-0","shared_expert_gate_sigmoid-0"
481,97,ADD,0,1,0,2538,"ffn_out-0","ffn_moe_out-0","ffn_shexp_gated-0"
481,236,RMS_NORM,0,1,2,4037,"norm-1","attn_output-1",""
482,5,MUL_MAT,0,171,176,686,"linear_attn_out-1","blk.1.ssm_out.weight","final_output-1"
482,34,SCALE,0,0,1,943,"ffn_moe_inp-1","node_342",""
482,38,ARGSORT,0,20,0,1076,"ffn_moe_argsort-1","ffn_moe_probs-1",""
482,70,ADD,0,1,1,1876,"ffn_moe_out-1","node_378","ffn_moe_weighted-1 (view)"
482,74,MUL_MAT,0,32,4,1995,"ffn_shexp-1","blk.1.ffn_down_shexp.weight","ffn_swiglu-1"
482,77,MUL,0,4,0,2005,"ffn_shexp_gated-1","ffn_shexp-1","shared_expert_gate_sigmoid-1"
482,78,ADD,0,1,1,2008,"ffn_out-1","ffn_moe_out-1","ffn_shexp_gated-1"
482,152,RMS_NORM,0,0,1,3561,"norm-2","attn_output-2",""
483,5,MUL_MAT,0,302,27,636,"linear_attn_out-2","blk.2.ssm_out.weight","final_output-2"
483,34,SCALE,0,0,2,897,"ffn_moe_inp-2","node_496",""
483,38,ARGSORT,0,22,0,1027,"ffn_moe_argsort-2","ffn_moe_probs-2",""
483,70,ADD,0,1,1,2374,"ffn_moe_out-2","node_532","ffn_moe_weighted-2 (view)"
483,74,MUL_MAT,0,35,1,2551,"ffn_shexp-2","blk.2.ffn_down_shexp.weight","ffn_swiglu-2"
483,77,MUL,0,3,7,2568,"ffn_shexp_gated-2","ffn_shexp-2","shared_expert_gate_sigmoid-2"
483,78,ADD,0,1,7,2576,"ffn_out-2","ffn_moe_out-2","ffn_shexp_gated-2"
483,151,RMS_NORM,0,8,1,3728,"norm-3","indexer_k_pooled-3 (reshaped)",""
484,38,MUL_MAT,0,300,8,524,"attn_output-3","blk.3.attn_output.weight","attn_gated-3"
484,66,SCALE,0,0,1,769,"ffn_moe_inp-3","node_683",""
484,70,ARGSORT,0,23,1,997,"ffn_moe_argsort-3","ffn_moe_probs-3",""
484,102,ADD,0,1,0,1658,"ffn_moe_out-3","node_719","ffn_moe_weighted-3 (view)"
484,106,MUL_MAT,0,44,1,1791,"ffn_shexp-3","blk.3.ffn_down_shexp.weight","ffn_swiglu-3"
484,109,MUL,0,3,0,1803,"ffn_shexp_gated-3","ffn_shexp-3","shared_expert_gate_sigmoid-3"
484,110,ADD,0,2,0,1805,"ffn_out-3","ffn_moe_out-3","ffn_shexp_gated-3"
484,184,RMS_NORM,0,0,0,3608,"norm-4","attn_output-4",""
485,5,MUL_MAT,0,297,35,646,"linear_attn_out-4","blk.4.ssm_out.weight","final_output-4"
485,34,SCALE,0,0,1,905,"ffn_moe_inp-4","node_837",""
485,38,ARGSORT,0,23,0,1043,"ffn_moe_argsort-4","ffn_moe_probs-4",""
485,70,ADD,0,2,0,2512,"ffn_moe_out-4","node_873","ffn_moe_weighted-4 (view)"
485,74,MUL_MAT,0,43,2,2631,"ffn_shexp-4","blk.4.ffn_down_shexp.weight","ffn_swiglu-4"
485,77,MUL,0,3,0,2648,"ffn_shexp_gated-4","ffn_shexp-4","shared_expert_gate_sigmoid-4"
485,78,ADD,0,1,1,2651,"ffn_out-4","ffn_moe_out-4","ffn_shexp_gated-4"
485,152,RMS_NORM,0,1,143,4717,"norm-5","attn_output-5",""
486,5,MUL_MAT,0,269,60,658,"linear_attn_out-5","blk.5.ssm_out.weight","final_output-5"
486,34,SCALE,0,0,1,1046,"ffn_moe_inp-5","node_991",""
486,38,ARGSORT,0,23,1,1193,"ffn_moe_argsort-5","ffn_moe_probs-5",""
486,70,ADD,0,2,0,1934,"ffn_moe_out-5","node_1027","ffn_moe_weighted-5 (view)"
486,74,MUL_MAT,0,36,12,2106,"ffn_shexp-5","blk.5.ffn_down_shexp.weight","ffn_swiglu-5"
486,77,MUL,0,3,0,2116,"ffn_shexp_gated-5","ffn_shexp-5","shared_expert_gate_sigmoid-5"
486,78,ADD,0,3,2,2122,"ffn_out-5","ffn_moe_out-5","ffn_shexp_gated-5"
486,152,RMS_NORM,0,0,9,3988,"norm-6","attn_output-6",""
487,5,MUL_MAT,0,319,13,677,"linear_attn_out-6","blk.6.ssm_out.weight","final_output-6"
487,34,SCALE,0,0,2,993,"ffn_moe_inp-6","node_1145",""
487,38,ARGSORT,0,22,1,1124,"ffn_moe_argsort-6","ffn_moe_probs-6",""
487,70,ADD,0,1,12,1903,"ffn_moe_out-6","node_1181","ffn_moe_weighted-6 (view)"
487,74,MUL_MAT,0,36,3,2045,"ffn_shexp-6","blk.6.ffn_down_shexp.weight","ffn_swiglu-6"
487,77,MUL,0,3,1,2057,"ffn_shexp_gated-6","ffn_shexp-6","shared_expert_gate_sigmoid-6"
487,78,ADD,0,1,1,2059,"ffn_out-6","ffn_moe_out-6","ffn_shexp_gated-6"
487,151,RMS_NORM,0,9,0,3176,"norm-7","indexer_k_pooled-7 (reshaped)",""
488,38,MUL_MAT,0,309,2,537,"attn_output-7","blk.7.attn_output.weight","attn_gated-7"
488,66,SCALE,0,0,2,794,"ffn_moe_inp-7","node_1332",""
488,70,ARGSORT,0,21,0,914,"ffn_moe_argsort-7","ffn_moe_probs-7",""
488,102,ADD,0,2,1,1570,"ffn_moe_out-7","node_1368","ffn_moe_weighted-7 (view)"
488,106,MUL_MAT,0,33,1,1677,"ffn_shexp-7","blk.7.ffn_down_shexp.weight","ffn_swiglu-7"
488,109,MUL,0,3,6,1693,"ffn_shexp_gated-7","ffn_shexp-7","shared_expert_gate_sigmoid-7"
488,110,ADD,0,2,0,1695,"ffn_out-7","ffn_moe_out-7","ffn_shexp_gated-7"
488,184,RMS_NORM,0,1,1,3283,"norm-8","attn_output-8",""
489,5,MUL_MAT,0,313,7,631,"linear_attn_out-8","blk.8.ssm_out.weight","final_output-8"
489,34,SCALE,0,0,2,905,"ffn_moe_inp-8","node_1486",""
489,38,ARGSORT,0,22,0,1033,"ffn_moe_argsort-8","ffn_moe_probs-8",""
489,70,ADD,0,1,1,1694,"ffn_moe_out-8","node_1522","ffn_moe_weighted-8 (view)"
489,74,MUL_MAT,0,35,3,1809,"ffn_shexp-8","blk.8.ffn_down_shexp.weight","ffn_swiglu-8"
489,77,MUL,0,3,1,1825,"ffn_shexp_gated-8","ffn_shexp-8","shared_expert_gate_sigmoid-8"
489,78,ADD,0,2,0,1827,"ffn_out-8","ffn_moe_out-8","ffn_shexp_gated-8"
489,152,RMS_NORM,0,0,1,3403,"norm-9","attn_output-9",""
490,5,MUL_MAT,0,327,2,643,"linear_attn_out-9","blk.9.ssm_out.weight","final_output-9"
490,34,SCALE,0,0,2,959,"ffn_moe_inp-9","node_1640",""
490,38,ARGSORT,0,22,1,1092,"ffn_moe_argsort-9","ffn_moe_probs-9",""
490,70,ADD,0,2,0,1798,"ffn_moe_out-9","node_1676","ffn_moe_weighted-9 (view)"
490,74,MUL_MAT,0,47,1,1938,"ffn_shexp-9","blk.9.ffn_down_shexp.weight","ffn_swiglu-9"
490,77,MUL,0,3,1,1949,"ffn_shexp_gated-9","ffn_shexp-9","shared_expert_gate_sigmoid-9"
490,78,ADD,0,1,1,1951,"ffn_out-9","ffn_moe_out-9","ffn_shexp_gated-9"
490,152,RMS_NORM,0,0,1,3369,"norm-10","attn_output-10",""
491,5,MUL_MAT,0,160,168,644,"linear_attn_out-10","blk.10.ssm_out.weight","final_output-10"
491,34,SCALE,0,0,2,871,"ffn_moe_inp-10","node_1794",""
491,38,ARGSORT,0,18,1,1001,"ffn_moe_argsort-10","ffn_moe_probs-10",""
491,70,ADD,0,0,7,2170,"ffn_moe_out-10","node_1830","ffn_moe_weighted-10 (view)"
491,74,MUL_MAT,0,21,20,2300,"ffn_shexp-10","blk.10.ffn_down_shexp.weight","ffn_swiglu-10"
491,77,MUL,0,1,1,2309,"ffn_shexp_gated-10","ffn_shexp-10","shared_expert_gate_sigmoid-10"
491,78,ADD,0,1,11,2321,"ffn_out-10","ffn_moe_out-10","ffn_shexp_gated-10"
491,151,RMS_NORM,0,4,0,3558,"norm-11","indexer_k_pooled-11 (reshaped)",""
492,38,MUL_MAT,0,156,159,522,"attn_output-11","blk.11.attn_output.weight","attn_gated-11"
492,66,SCALE,0,1,1,742,"ffn_moe_inp-11","node_1981",""
492,70,ARGSORT,0,18,0,859,"ffn_moe_argsort-11","ffn_moe_probs-11",""
492,102,ADD,0,2,0,1673,"ffn_moe_out-11","node_2017","ffn_moe_weighted-11 (view)"
492,106,MUL_MAT,0,16,18,1778,"ffn_shexp-11","blk.11.ffn_down_shexp.weight","ffn_swiglu-11"
492,109,MUL,0,2,0,1796,"ffn_shexp_gated-11","ffn_shexp-11","shared_expert_gate_sigmoid-11"
492,110,ADD,0,1,1,1798,"ffn_out-11","ffn_moe_out-11","ffn_shexp_gated-11"
492,184,RMS_NORM,0,1,2,3102,"norm-12","attn_output-12",""
493,5,MUL_MAT,0,201,140,681,"linear_attn_out-12","blk.12.ssm_out.weight","final_output-12"
493,34,SCALE,0,0,2,925,"ffn_moe_inp-12","node_2135",""
493,38,ARGSORT,0,23,0,1080,"ffn_moe_argsort-12","ffn_moe_probs-12",""
493,70,ADD,0,1,1,1882,"ffn_moe_out-12","node_2171","ffn_moe_weighted-12 (view)"
493,74,MUL_MAT,0,27,10,1998,"ffn_shexp-12","blk.12.ffn_down_shexp.weight","ffn_swiglu-12"
493,77,MUL,0,2,1,2007,"ffn_shexp_gated-12","ffn_shexp-12","shared_expert_gate_sigmoid-12"
493,78,ADD,0,1,0,2008,"ffn_out-12","ffn_moe_out-12","ffn_shexp_gated-12"
493,152,RMS_NORM,0,1,2,3258,"norm-13","attn_output-13",""
494,5,MUL_MAT,0,278,44,645,"linear_attn_out-13","blk.13.ssm_out.weight","final_output-13"
494,34,SCALE,0,0,3,877,"ffn_moe_inp-13","node_2289",""
494,38,ARGSORT,0,20,1,1000,"ffn_moe_argsort-13","ffn_moe_probs-13",""
494,70,ADD,0,1,1,1733,"ffn_moe_out-13","node_2325","ffn_moe_weighted-13 (view)"
494,74,MUL_MAT,0,31,7,1856,"ffn_shexp-13","blk.13.ffn_down_shexp.weight","ffn_swiglu-13"
494,77,MUL,0,2,0,1867,"ffn_shexp_gated-13","ffn_shexp-13","shared_expert_gate_sigmoid-13"
494,78,ADD,0,2,0,1869,"ffn_out-13","ffn_moe_out-13","ffn_shexp_gated-13"
494,152,RMS_NORM,0,0,3,3322,"norm-14","attn_output-14",""
495,5,MUL_MAT,0,175,165,671,"linear_attn_out-14","blk.14.ssm_out.weight","final_output-14"
495,34,SCALE,0,1,1,928,"ffn_moe_inp-14","node_2443",""
495,38,ARGSORT,0,18,0,1062,"ffn_moe_argsort-14","ffn_moe_probs-14",""
495,70,ADD,0,1,16,1739,"ffn_moe_out-14","node_2479","ffn_moe_weighted-14 (view)"
495,74,MUL_MAT,0,19,25,1871,"ffn_shexp-14","blk.14.ffn_down_shexp.weight","ffn_swiglu-14"
495,77,MUL,0,1,6,1891,"ffn_shexp_gated-14","ffn_shexp-14","shared_expert_gate_sigmoid-14"
495,78,ADD,0,1,0,1893,"ffn_out-14","ffn_moe_out-14","ffn_shexp_gated-14"
495,151,RMS_NORM,0,3,1,2907,"norm-15","indexer_k_pooled-15 (reshaped)",""
496,38,MUL_MAT,0,174,168,567,"attn_output-15","blk.15.attn_output.weight","attn_gated-15"
496,66,SCALE,0,1,1,808,"ffn_moe_inp-15","node_2630",""
496,70,ARGSORT,0,17,0,932,"ffn_moe_argsort-15","ffn_moe_probs-15",""
496,102,ADD,0,1,0,1751,"ffn_moe_out-15","node_2666","ffn_moe_weighted-15 (view)"
496,106,MUL_MAT,0,19,23,2039,"ffn_shexp-15","blk.15.ffn_down_shexp.weight","ffn_swiglu-15"
496,109,MUL,0,2,0,2048,"ffn_shexp_gated-15","ffn_shexp-15","shared_expert_gate_sigmoid-15"
496,110,ADD,0,0,1,2050,"ffn_out-15","ffn_moe_out-15","ffn_shexp_gated-15"
496,184,RMS_NORM,0,0,2,3260,"norm-16","attn_output-16",""
497,5,MUL_MAT,0,190,136,653,"linear_attn_out-16","blk.16.ssm_out.weight","final_output-16"
497,34,SCALE,0,0,2,908,"ffn_moe_inp-16","node_2784",""
497,38,ARGSORT,0,17,0,1037,"ffn_moe_argsort-16","ffn_moe_probs-16",""
497,70,ADD,0,1,1,1815,"ffn_moe_out-16","node_2820","ffn_moe_weighted-16 (view)"
497,74,MUL_MAT,0,19,28,1946,"ffn_shexp-16","blk.16.ffn_down_shexp.weight","ffn_swiglu-16"
497,77,MUL,0,2,0,1953,"ffn_shexp_gated-16","ffn_shexp-16","shared_expert_gate_sigmoid-16"
497,78,ADD,0,0,1,1955,"ffn_out-16","ffn_moe_out-16","ffn_shexp_gated-16"
497,152,RMS_NORM,0,1,0,3728,"norm-17","attn_output-17",""
498,5,MUL_MAT,0,155,166,637,"linear_attn_out-17","blk.17.ssm_out.weight","final_output-17"
498,34,SCALE,0,1,0,867,"ffn_moe_inp-17","node_2938",""
498,38,ARGSORT,0,18,0,987,"ffn_moe_argsort-17","ffn_moe_probs-17",""
498,70,ADD,0,1,1,2076,"ffn_moe_out-17","node_2974","ffn_moe_weighted-17 (view)"
498,74,MUL_MAT,0,19,24,2193,"ffn_shexp-17","blk.17.ffn_down_shexp.weight","ffn_swiglu-17"
498,77,MUL,0,1,1,2210,"ffn_shexp_gated-17","ffn_shexp-17","shared_expert_gate_sigmoid-17"
498,78,ADD,0,1,6,2217,"ffn_out-17","ffn_moe_out-17","ffn_shexp_gated-17"
498,152,RMS_NORM,0,0,89,4037,"norm-18","attn_output-18",""
499,5,MUL_MAT,0,272,65,715,"linear_attn_out-18","blk.18.ssm_out.weight","final_output-18"
499,34,SCALE,0,0,2,982,"ffn_moe_inp-18","node_3092",""
499,38,ARGSORT,0,21,1,1125,"ffn_moe_argsort-18","ffn_moe_probs-18",""
499,70,ADD,0,1,1,1787,"ffn_moe_out-18","node_3128","ffn_moe_weighted-18 (view)"
499,74,MUL_MAT,0,33,8,1903,"ffn_shexp-18","blk.18.ffn_down_shexp.weight","ffn_swiglu-18"
499,77,MUL,0,2,0,1912,"ffn_shexp_gated-18","ffn_shexp-18","shared_expert_gate_sigmoid-18"
499,78,ADD,0,2,0,1914,"ffn_out-18","ffn_moe_out-18","ffn_shexp_gated-18"
499,151,RMS_NORM,0,4,1,2891,"norm-19","indexer_k_pooled-19 (reshaped)",""
500,38,MUL_MAT,0,254,61,536,"attn_output-19","blk.19.attn_output.weight","attn_gated-19"
500,66,SCALE,0,0,2,780,"ffn_moe_inp-19","node_3279",""
500,70,ARGSORT,0,20,1,902,"ffn_moe_argsort-19","ffn_moe_probs-19",""
500,102,ADD,0,1,1,1514,"ffn_moe_out-19","node_3315","ffn_moe_weighted-19 (view)"
500,106,MUL_MAT,0,30,11,1634,"ffn_shexp-19","blk.19.ffn_down_shexp.weight","ffn_swiglu-19"
500,109,MUL,0,2,0,1642,"ffn_shexp_gated-19","ffn_shexp-19","shared_expert_gate_sigmoid-19"
500,110,ADD,0,1,1,1645,"ffn_out-19","ffn_moe_out-19","ffn_shexp_gated-19"
500,184,RMS_NORM,0,0,3,3145,"norm-20","attn_output-20",""
501,5,MUL_MAT,0,256,76,649,"linear_attn_out-20","blk.20.ssm_out.weight","final_output-20"
501,34,SCALE,0,1,1,904,"ffn_moe_inp-20","node_3433",""
501,38,ARGSORT,0,22,0,1037,"ffn_moe_argsort-20","ffn_moe_probs-20",""
501,70,ADD,0,1,1,2104,"ffn_moe_out-20","node_3469","ffn_moe_weighted-20 (view)"
501,74,MUL_MAT,0,29,10,2221,"ffn_shexp-20","blk.20.ffn_down_shexp.weight","ffn_swiglu-20"
501,77,MUL,0,2,1,2236,"ffn_shexp_gated-20","ffn_shexp-20","shared_expert_gate_sigmoid-20"
501,78,ADD,0,1,0,2237,"ffn_out-20","ffn_moe_out-20","ffn_shexp_gated-20"
501,152,RMS_NORM,0,1,1,3659,"norm-21","attn_output-21",""
502,5,MUL_MAT,0,317,10,664,"linear_attn_out-21","blk.21.ssm_out.weight","final_output-21"
502,34,SCALE,0,0,2,919,"ffn_moe_inp-21","node_3587",""
502,38,ARGSORT,0,23,0,1048,"ffn_moe_argsort-21","ffn_moe_probs-21",""
502,70,ADD,0,1,0,2218,"ffn_moe_out-21","node_3623","ffn_moe_weighted-21 (view)"
502,74,MUL_MAT,0,35,76,2424,"ffn_shexp-21","blk.21.ffn_down_shexp.weight","ffn_swiglu-21"
502,77,MUL,0,3,3,2574,"ffn_shexp_gated-21","ffn_shexp-21","shared_expert_gate_sigmoid-21"
502,78,ADD,0,2,0,2576,"ffn_out-21","ffn_moe_out-21","ffn_shexp_gated-21"
502,152,RMS_NORM,0,1,1,4245,"norm-22","attn_output-22",""
503,5,MUL_MAT,0,307,6,621,"linear_attn_out-22","blk.22.ssm_out.weight","final_output-22"
503,34,SCALE,0,0,2,899,"ffn_moe_inp-22","node_3741",""
503,38,ARGSORT,0,23,0,1037,"ffn_moe_argsort-22","ffn_moe_probs-22",""
503,70,ADD,0,2,0,1687,"ffn_moe_out-22","node_3777","ffn_moe_weighted-22 (view)"
503,74,MUL_MAT,0,37,4,1811,"ffn_shexp-22","blk.22.ffn_down_shexp.weight","ffn_swiglu-22"
503,77,MUL,0,3,0,1821,"ffn_shexp_gated-22","ffn_shexp-22","shared_expert_gate_sigmoid-22"
503,78,ADD,0,1,1,1824,"ffn_out-22","ffn_moe_out-22","ffn_shexp_gated-22"
503,151,RMS_NORM,0,8,1,2860,"norm-23","indexer_k_pooled-23 (reshaped)",""
504,38,MUL_MAT,0,334,1,549,"attn_output-23","blk.23.attn_output.weight","attn_gated-23"
504,66,SCALE,0,1,1,808,"ffn_moe_inp-23","node_3928",""
504,70,ARGSORT,0,21,0,934,"ffn_moe_argsort-23","ffn_moe_probs-23",""
504,102,ADD,0,1,1,1615,"ffn_moe_out-23","node_3964","ffn_moe_weighted-23 (view)"
504,106,MUL_MAT,0,34,2,1745,"ffn_shexp-23","blk.23.ffn_down_shexp.weight","ffn_swiglu-23"
504,109,MUL,0,3,1,1754,"ffn_shexp_gated-23","ffn_shexp-23","shared_expert_gate_sigmoid-23"
504,110,ADD,0,1,1,1756,"ffn_out-23","ffn_moe_out-23","ffn_shexp_gated-23"
504,184,RMS_NORM,0,0,1,3239,"norm-24","attn_output-24",""
505,5,MUL_MAT,0,315,6,619,"linear_attn_out-24","blk.24.ssm_out.weight","final_output-24"
505,34,SCALE,0,0,1,994,"ffn_moe_inp-24","node_4082",""
505,38,ARGSORT,0,23,0,1142,"ffn_moe_argsort-24","ffn_moe_probs-24",""
505,70,ADD,0,1,1,1915,"ffn_moe_out-24","node_4118","ffn_moe_weighted-24 (view)"
505,74,MUL_MAT,0,38,1,2043,"ffn_shexp-24","blk.24.ffn_down_shexp.weight","ffn_swiglu-24"
505,77,MUL,0,3,1,2065,"ffn_shexp_gated-24","ffn_shexp-24","shared_expert_gate_sigmoid-24"
505,78,ADD,0,2,0,2067,"ffn_out-24","ffn_moe_out-24","ffn_shexp_gated-24"
505,152,RMS_NORM,0,0,74,3793,"norm-25","attn_output-25",""
506,5,MUL_MAT,0,315,2,622,"linear_attn_out-25","blk.25.ssm_out.weight","final_output-25"
506,34,SCALE,0,0,2,870,"ffn_moe_inp-25","node_4236",""
506,38,ARGSORT,0,23,0,999,"ffn_moe_argsort-25","ffn_moe_probs-25",""
506,70,ADD,0,1,0,1643,"ffn_moe_out-25","node_4272","ffn_moe_weighted-25 (view)"
506,74,MUL_MAT,0,35,13,1767,"ffn_shexp-25","blk.25.ffn_down_shexp.weight","ffn_swiglu-25"
506,77,MUL,0,3,1,1777,"ffn_shexp_gated-25","ffn_shexp-25","shared_expert_gate_sigmoid-25"
506,78,ADD,0,1,1,1779,"ffn_out-25","ffn_moe_out-25","ffn_shexp_gated-25"
506,152,RMS_NORM,0,0,11,3517,"norm-26","attn_output-26",""
507,5,MUL_MAT,0,292,29,641,"linear_attn_out-26","blk.26.ssm_out.weight","final_output-26"
507,34,SCALE,0,0,2,900,"ffn_moe_inp-26","node_4390",""
507,38,ARGSORT,0,22,0,1024,"ffn_moe_argsort-26","ffn_moe_probs-26",""
507,70,ADD,0,2,0,1674,"ffn_moe_out-26","node_4426","ffn_moe_weighted-26 (view)"
507,74,MUL_MAT,0,33,7,1793,"ffn_shexp-26","blk.26.ffn_down_shexp.weight","ffn_swiglu-26"
507,77,MUL,0,3,0,1802,"ffn_shexp_gated-26","ffn_shexp-26","shared_expert_gate_sigmoid-26"
507,78,ADD,0,1,1,1805,"ffn_out-26","ffn_moe_out-26","ffn_shexp_gated-26"
507,151,RMS_NORM,0,11,1,2858,"norm-27","indexer_k_pooled-27 (reshaped)",""
508,38,MUL_MAT,0,331,2,565,"attn_output-27","blk.27.attn_output.weight","attn_gated-27"
508,66,SCALE,0,0,2,887,"ffn_moe_inp-27","node_4577",""
508,70,ARGSORT,0,21,1,1045,"ffn_moe_argsort-27","ffn_moe_probs-27",""
508,102,ADD,0,1,1,2120,"ffn_moe_out-27","node_4613","ffn_moe_weighted-27 (view)"
508,106,MUL_MAT,0,32,2,2226,"ffn_shexp-27","blk.27.ffn_down_shexp.weight","ffn_swiglu-27"
508,109,MUL,0,3,1,2237,"ffn_shexp_gated-27","ffn_shexp-27","shared_expert_gate_sigmoid-27"
508,110,ADD,0,1,1,2239,"ffn_out-27","ffn_moe_out-27","ffn_shexp_gated-27"
508,184,RMS_NORM,0,1,4,3466,"norm-28","attn_output-28",""
509,5,MUL_MAT,0,283,91,727,"linear_attn_out-28","blk.28.ssm_out.weight","final_output-28"
509,34,SCALE,0,0,1,1001,"ffn_moe_inp-28","node_4731",""
509,38,ARGSORT,0,22,0,1132,"ffn_moe_argsort-28","ffn_moe_probs-28",""
509,70,ADD,0,1,0,1982,"ffn_moe_out-28","node_4767","ffn_moe_weighted-28 (view)"
509,74,MUL_MAT,0,27,14,2106,"ffn_shexp-28","blk.28.ffn_down_shexp.weight","ffn_swiglu-28"
509,77,MUL,0,2,0,2113,"ffn_shexp_gated-28","ffn_shexp-28","shared_expert_gate_sigmoid-28"
509,78,ADD,0,2,0,2115,"ffn_out-28","ffn_moe_out-28","ffn_shexp_gated-28"
509,152,RMS_NORM,0,0,6,3509,"norm-29","attn_output-29",""
510,5,MUL_MAT,0,273,70,682,"linear_attn_out-29","blk.29.ssm_out.weight","final_output-29"
510,34,SCALE,0,0,1,944,"ffn_moe_inp-29","node_4885",""
510,38,ARGSORT,0,21,1,1071,"ffn_moe_argsort-29","ffn_moe_probs-29",""
510,70,ADD,0,1,0,2666,"ffn_moe_out-29","node_4921","ffn_moe_weighted-29 (view)"
510,74,MUL_MAT,0,32,9,2792,"ffn_shexp-29","blk.29.ffn_down_shexp.weight","ffn_swiglu-29"
510,77,MUL,0,2,0,2812,"ffn_shexp_gated-29","ffn_shexp-29","shared_expert_gate_sigmoid-29"
510,78,ADD,0,1,0,2814,"ffn_out-29","ffn_moe_out-29","ffn_shexp_gated-29"
510,152,RMS_NORM,0,1,21,4518,"norm-30","attn_output-30",""
511,5,MUL_MAT,0,251,77,635,"linear_attn_out-30","blk.30.ssm_out.weight","final_output-30"
511,34,SCALE,0,0,1,893,"ffn_moe_inp-30","node_5039",""
511,38,ARGSORT,0,20,0,1025,"ffn_moe_argsort-30","ffn_moe_probs-30",""
511,70,ADD,0,2,0,1809,"ffn_moe_out-30","node_5075","ffn_moe_weighted-30 (view)"
511,74,MUL_MAT,0,31,9,2059,"ffn_shexp-30","blk.30.ffn_down_shexp.weight","ffn_swiglu-30"
511,77,MUL,0,2,0,2068,"ffn_shexp_gated-30","ffn_shexp-30","shared_expert_gate_sigmoid-30"
511,78,ADD,0,1,0,2070,"ffn_out-30","ffn_moe_out-30","ffn_shexp_gated-30"
511,151,RMS_NORM,0,3,1,3131,"norm-31","indexer_k_pooled-31 (reshaped)",""
512,38,MUL_MAT,0,161,144,513,"attn_output-31","blk.31.attn_output.weight","attn_gated-31"
512,66,SCALE,0,0,2,757,"ffn_moe_inp-31","node_5226",""
512,70,ARGSORT,0,17,0,879,"ffn_moe_argsort-31","ffn_moe_probs-31",""
512,102,ADD,0,1,1,1548,"ffn_moe_out-31","node_5262","ffn_moe_weighted-31 (view)"
512,106,MUL_MAT,0,20,22,1675,"ffn_shexp-31","blk.31.ffn_down_shexp.weight","ffn_swiglu-31"
512,109,MUL,0,1,1,1683,"ffn_shexp_gated-31","ffn_shexp-31","shared_expert_gate_sigmoid-31"
512,110,ADD,0,1,1,1685,"ffn_out-31","ffn_moe_out-31","ffn_shexp_gated-31"
512,184,RMS_NORM,0,0,2,3068,"norm-32","attn_output-32",""
513,5,MUL_MAT,0,176,146,643,"linear_attn_out-32","blk.32.ssm_out.weight","final_output-32"
513,34,SCALE,0,0,1,883,"ffn_moe_inp-32","node_5380",""
513,38,ARGSORT,0,18,0,1018,"ffn_moe_argsort-32","ffn_moe_probs-32",""
513,70,ADD,0,1,0,1676,"ffn_moe_out-32","node_5416","ffn_moe_weighted-32 (view)"
513,74,MUL_MAT,0,30,11,1800,"ffn_shexp-32","blk.32.ffn_down_shexp.weight","ffn_swiglu-32"
513,77,MUL,0,2,0,1807,"ffn_shexp_gated-32","ffn_shexp-32","shared_expert_gate_sigmoid-32"
513,78,ADD,0,1,1,1809,"ffn_out-32","ffn_moe_out-32","ffn_shexp_gated-32"
513,152,RMS_NORM,0,0,2,3154,"norm-33","attn_output-33",""
514,5,MUL_MAT,0,178,143,630,"linear_attn_out-33","blk.33.ssm_out.weight","final_output-33"
514,34,SCALE,0,0,13,878,"ffn_moe_inp-33","node_5534",""
514,38,ARGSORT,0,19,1,1003,"ffn_moe_argsort-33","ffn_moe_probs-33",""
514,70,ADD,0,1,1,1670,"ffn_moe_out-33","node_5570","ffn_moe_weighted-33 (view)"
514,74,MUL_MAT,0,30,17,1790,"ffn_shexp-33","blk.33.ffn_down_shexp.weight","ffn_swiglu-33"
514,77,MUL,0,1,1,1805,"ffn_shexp_gated-33","ffn_shexp-33","shared_expert_gate_sigmoid-33"
514,78,ADD,0,1,0,1806,"ffn_out-33","ffn_moe_out-33","ffn_shexp_gated-33"
514,152,RMS_NORM,0,0,2,3100,"norm-34","attn_output-34",""
515,5,MUL_MAT,0,272,65,679,"linear_attn_out-34","blk.34.ssm_out.weight","final_output-34"
515,34,SCALE,0,0,2,932,"ffn_moe_inp-34","node_5688",""
515,38,ARGSORT,0,20,0,1064,"ffn_moe_argsort-34","ffn_moe_probs-34",""
515,70,ADD,0,2,0,1835,"ffn_moe_out-34","node_5724","ffn_moe_weighted-34 (view)"
515,74,MUL_MAT,0,30,7,1971,"ffn_shexp-34","blk.34.ffn_down_shexp.weight","ffn_swiglu-34"
515,77,MUL,0,2,0,1980,"ffn_shexp_gated-34","ffn_shexp-34","shared_expert_gate_sigmoid-34"
515,78,ADD,0,2,8,1990,"ffn_out-34","ffn_moe_out-34","ffn_shexp_gated-34"
515,151,RMS_NORM,0,4,1,3195,"norm-35","indexer_k_pooled-35 (reshaped)",""
516,38,MUL_MAT,0,249,68,563,"attn_output-35","blk.35.attn_output.weight","attn_gated-35"
516,66,SCALE,0,0,2,821,"ffn_moe_inp-35","node_5875",""
516,70,ARGSORT,0,21,0,939,"ffn_moe_argsort-35","ffn_moe_probs-35",""
516,102,ADD,0,1,1,2113,"ffn_moe_out-35","node_5911","ffn_moe_weighted-35 (view)"
516,106,MUL_MAT,0,34,1,2246,"ffn_shexp-35","blk.35.ffn_down_shexp.weight","ffn_swiglu-35"
516,109,MUL,0,3,1,2257,"ffn_shexp_gated-35","ffn_shexp-35","shared_expert_gate_sigmoid-35"
516,110,ADD,0,1,1,2259,"ffn_out-35","ffn_moe_out-35","ffn_shexp_gated-35"
516,184,RMS_NORM,0,0,2,3853,"norm-36","attn_output-36",""
517,5,MUL_MAT,0,323,10,659,"linear_attn_out-36","blk.36.ssm_out.weight","final_output-36"
517,34,SCALE,0,0,1,950,"ffn_moe_inp-36","node_6029",""
517,38,ARGSORT,0,21,0,1084,"ffn_moe_argsort-36","ffn_moe_probs-36",""
517,70,ADD,0,2,0,1755,"ffn_moe_out-36","node_6065","ffn_moe_weighted-36 (view)"
517,74,MUL_MAT,0,35,1,1876,"ffn_shexp-36","blk.36.ffn_down_shexp.weight","ffn_swiglu-36"
517,77,MUL,0,3,0,1886,"ffn_shexp_gated-36","ffn_shexp-36","shared_expert_gate_sigmoid-36"
517,78,ADD,0,2,0,1888,"ffn_out-36","ffn_moe_out-36","ffn_shexp_gated-36"
517,152,RMS_NORM,0,0,1,3507,"norm-37","attn_output-37",""
518,5,MUL_MAT,0,303,8,606,"linear_attn_out-37","blk.37.ssm_out.weight","final_output-37"
518,34,SCALE,0,0,2,856,"ffn_moe_inp-37","node_6183",""
518,38,ARGSORT,0,21,1,983,"ffn_moe_argsort-37","ffn_moe_probs-37",""
518,70,ADD,0,1,7,2261,"ffn_moe_out-37","node_6219","ffn_moe_weighted-37 (view)"
518,74,MUL_MAT,0,35,5,2430,"ffn_shexp-37","blk.37.ffn_down_shexp.weight","ffn_swiglu-37"
518,77,MUL,0,3,0,2440,"ffn_shexp_gated-37","ffn_shexp-37","shared_expert_gate_sigmoid-37"
518,78,ADD,0,1,1,2443,"ffn_out-37","ffn_moe_out-37","ffn_shexp_gated-37"
518,152,RMS_NORM,0,1,4,4233,"norm-38","attn_output-38",""
519,5,MUL_MAT,0,318,5,643,"linear_attn_out-38","blk.38.ssm_out.weight","final_output-38"
519,34,SCALE,0,0,1,911,"ffn_moe_inp-38","node_6337",""
519,38,ARGSORT,0,22,0,1047,"ffn_moe_argsort-38","ffn_moe_probs-38",""
519,70,ADD,0,1,1,1747,"ffn_moe_out-38","node_6373","ffn_moe_weighted-38 (view)"
519,74,MUL_MAT,0,36,4,1875,"ffn_shexp-38","blk.38.ffn_down_shexp.weight","ffn_swiglu-38"
519,77,MUL,0,3,0,1890,"ffn_shexp_gated-38","ffn_shexp-38","shared_expert_gate_sigmoid-38"
519,78,ADD,0,1,2,1894,"ffn_out-38","ffn_moe_out-38","ffn_shexp_gated-38"
519,87,ADD,0,1,2,1928,"l_last-38","hc_combine-38","node_6390"
520,0,GET_ROWS,0,3,0,4,"model.input_embed","token_embd.weight","inp_tokens"
520,69,RMS_NORM,0,0,1,1414,"norm-0","attn_output-0",""
521,5,MUL_MAT,0,293,55,673,"linear_attn_out-0","blk.0.ssm_out.weight","final_output-0"
521,34,SCALE,0,0,2,913,"ffn_moe_inp-0","node_104",""
521,38,ARGSORT,0,21,0,1038,"ffn_moe_argsort-0","ffn_moe_probs-0",""
521,70,ADD,0,1,0,1699,"ffn_moe_out-0","node_140","ffn_moe_weighted-0 (view)"
521,93,MUL_MAT,0,28,12,2566,"ffn_shexp-0","blk.0.ffn_down_shexp.weight","ffn_swiglu-0"
521,96,MUL,0,2,0,2572,"ffn_shexp_gated-0","ffn_shexp-0","shared_expert_gate_sigmoid-0"
521,97,ADD,0,2,2,2576,"ffn_out-0","ffn_moe_out-0","ffn_shexp_gated-0"
521,236,RMS_NORM,0,0,2,4293,"norm-1","attn_output-1",""
522,5,MUL_MAT,0,273,66,691,"linear_attn_out-1","blk.1.ssm_out.weight","final_output-1"
522,34,SCALE,0,0,2,926,"ffn_moe_inp-1","node_342",""
522,38,ARGSORT,0,20,1,1056,"ffn_moe_argsort-1","ffn_moe_probs-1",""
522,70,ADD,0,1,0,1807,"ffn_moe_out-1","node_378","ffn_moe_weighted-1 (view)"
522,74,MUL_MAT,0,30,6,1926,"ffn_shexp-1","blk.1.ffn_down_shexp.weight","ffn_swiglu-1"
522,77,MUL,0,2,0,1933,"ffn_shexp_gated-1","ffn_shexp-1","shared_expert_gate_sigmoid-1"
522,78,ADD,0,1,1,1935,"ffn_out-1","ffn_moe_out-1","ffn_shexp_gated-1"
522,152,RMS_NORM,0,1,1,3226,"norm-2","attn_output-2",""
523,5,MUL_MAT,0,282,62,685,"linear_attn_out-2","blk.2.ssm_out.weight","final_output-2"
523,34,SCALE,0,0,2,935,"ffn_moe_inp-2","node_496",""
523,38,ARGSORT,0,19,1,1060,"ffn_moe_argsort-2","ffn_moe_probs-2",""
523,70,ADD,0,1,1,1959,"ffn_moe_out-2","node_532","ffn_moe_weighted-2 (view)"
523,74,MUL_MAT,0,30,8,2076,"ffn_shexp-2","blk.2.ffn_down_shexp.weight","ffn_swiglu-2"
523,77,MUL,0,2,0,2091,"ffn_shexp_gated-2","ffn_shexp-2","shared_expert_gate_sigmoid-2"
523,78,ADD,0,1,0,2092,"ffn_out-2","ffn_moe_out-2","ffn_shexp_gated-2"
523,151,RMS_NORM,0,5,0,3239,"norm-3","indexer_k_pooled-3 (reshaped)",""
524,38,MUL_MAT,0,273,40,512,"attn_output-3","blk.3.attn_output.weight","attn_gated-3"
524,66,SCALE,0,0,2,729,"ffn_moe_inp-3","node_683",""
524,70,ARGSORT,0,18,1,849,"ffn_moe_argsort-3","ffn_moe_probs-3",""
524,102,ADD,0,1,1,2039,"ffn_moe_out-3","node_719","ffn_moe_weighted-3 (view)"
524,106,MUL_MAT,0,34,4,2150,"ffn_shexp-3","blk.3.ffn_down_shexp.weight","ffn_swiglu-3"
524,109,MUL,0,3,0,2182,"ffn_shexp_gated-3","ffn_shexp-3","shared_expert_gate_sigmoid-3"
524,110,ADD,0,2,1,2185,"ffn_out-3","ffn_moe_out-3","ffn_shexp_gated-3"
524,184,RMS_NORM,0,1,1,3856,"norm-4","attn_output-4",""
525,5,MUL_MAT,0,308,11,621,"linear_attn_out-4","blk.4.ssm_out.weight","final_output-4"
525,34,SCALE,0,0,1,868,"ffn_moe_inp-4","node_837",""
525,38,ARGSORT,0,23,0,991,"ffn_moe_argsort-4","ffn_moe_probs-4",""
525,70,ADD,0,2,1,1753,"ffn_moe_out-4","node_873","ffn_moe_weighted-4 (view)"
525,74,MUL_MAT,0,36,1,1865,"ffn_shexp-4","blk.4.ffn_down_shexp.weight","ffn_swiglu-4"
525,77,MUL,0,3,1,1874,"ffn_shexp_gated-4","ffn_shexp-4","shared_expert_gate_sigmoid-4"
525,78,ADD,0,2,0,1876,"ffn_out-4","ffn_moe_out-4","ffn_shexp_gated-4"
525,152,RMS_NORM,0,0,1,3474,"norm-5","attn_output-5",""
526,5,MUL_MAT,0,311,3,617,"linear_attn_out-5","blk.5.ssm_out.weight","final_output-5"
526,34,SCALE,0,0,2,855,"ffn_moe_inp-5","node_991",""
526,38,ARGSORT,0,22,0,979,"ffn_moe_argsort-5","ffn_moe_probs-5",""
526,70,ADD,0,2,0,2053,"ffn_moe_out-5","node_1027","ffn_moe_weighted-5 (view)"
526,74,MUL_MAT,0,35,5,2173,"ffn_shexp-5","blk.5.ffn_down_shexp.weight","ffn_swiglu-5"
526,77,MUL,0,3,1,2183,"ffn_shexp_gated-5","ffn_shexp-5","shared_expert_gate_sigmoid-5"
526,78,ADD,0,1,0,2184,"ffn_out-5","ffn_moe_out-5","ffn_shexp_gated-5"
526,152,RMS_NORM,0,1,1,3750,"norm-6","attn_output-6",""
527,5,MUL_MAT,0,332,0,639,"linear_attn_out-6","blk.6.ssm_out.weight","final_output-6"
527,34,SCALE,0,0,2,908,"ffn_moe_inp-6","node_1145",""
527,38,ARGSORT,0,22,1,1036,"ffn_moe_argsort-6","ffn_moe_probs-6",""
527,70,ADD,0,2,0,1692,"ffn_moe_out-6","node_1181","ffn_moe_weighted-6 (view)"
527,74,MUL_MAT,0,39,1,1816,"ffn_shexp-6","blk.6.ffn_down_shexp.weight","ffn_swiglu-6"
527,77,MUL,0,3,0,1826,"ffn_shexp_gated-6","ffn_shexp-6","shared_expert_gate_sigmoid-6"
527,78,ADD,0,1,1,1829,"ffn_out-6","ffn_moe_out-6","ffn_shexp_gated-6"
527,151,RMS_NORM,0,8,0,2881,"norm-7","indexer_k_pooled-7 (reshaped)",""
528,38,MUL_MAT,0,324,14,634,"attn_output-7","blk.7.attn_output.weight","attn_gated-7"
528,66,SCALE,0,1,1,886,"ffn_moe_inp-7","node_1332",""
528,70,ARGSORT,0,22,0,1011,"ffn_moe_argsort-7","ffn_moe_probs-7",""
528,102,ADD,0,1,1,1646,"ffn_moe_out-7","node_1368","ffn_moe_weighted-7 (view)"
528,106,MUL_MAT,0,32,3,1757,"ffn_shexp-7","blk.7.ffn_down_shexp.weight","ffn_swiglu-7"
528,109,MUL,0,3,0,1767,"ffn_shexp_gated-7","ffn_shexp-7","shared_expert_gate_sigmoid-7"
528,110,ADD,0,2,0,1769,"ffn_out-7","ffn_moe_out-7","ffn_shexp_gated-7"
528,184,RMS_NORM,0,1,1,3261,"norm-8","attn_output-8",""
529,5,MUL_MAT,0,321,9,660,"linear_attn_out-8","blk.8.ssm_out.weight","final_output-8"
529,34,SCALE,0,0,1,923,"ffn_moe_inp-8","node_1486",""
529,38,ARGSORT,0,23,0,1066,"ffn_moe_argsort-8","ffn_moe_probs-8",""
529,70,ADD,0,2,0,1776,"ffn_moe_out-8","node_1522","ffn_moe_weighted-8 (view)"
529,74,MUL_MAT,0,36,6,1906,"ffn_shexp-8","blk.8.ffn_down_shexp.weight","ffn_swiglu-8"
529,77,MUL,0,3,1,1916,"ffn_shexp_gated-8","ffn_shexp-8","shared_expert_gate_sigmoid-8"
529,78,ADD,0,2,0,1918,"ffn_out-8","ffn_moe_out-8","ffn_shexp_gated-8"
529,152,RMS_NORM,0,0,5,3519,"norm-9","attn_output-9",""
530,5,MUL_MAT,0,313,3,624,"linear_attn_out-9","blk.9.ssm_out.weight","final_output-9"
530,34,SCALE,0,0,1,980,"ffn_moe_inp-9","node_1640",""
530,38,ARGSORT,0,23,0,1117,"ffn_moe_argsort-9","ffn_moe_probs-9",""
530,70,ADD,0,2,0,2016,"ffn_moe_out-9","node_1676","ffn_moe_weighted-9 (view)"
530,74,MUL_MAT,0,36,3,2143,"ffn_shexp-9","blk.9.ffn_down_shexp.weight","ffn_swiglu-9"
530,77,MUL,0,3,1,2153,"ffn_shexp_gated-9","ffn_shexp-9","shared_expert_gate_sigmoid-9"
530,78,ADD,0,2,0,2155,"ffn_out-9","ffn_moe_out-9","ffn_shexp_gated-9"
530,152,RMS_NORM,0,1,1,3824,"norm-10","attn_output-10",""
531,5,MUL_MAT,0,318,2,620,"linear_attn_out-10","blk.10.ssm_out.weight","final_output-10"
531,34,SCALE,0,0,1,871,"ffn_moe_inp-10","node_1794",""
531,38,ARGSORT,0,21,1,997,"ffn_moe_argsort-10","ffn_moe_probs-10",""
531,70,ADD,0,1,4,1629,"ffn_moe_out-10","node_1830","ffn_moe_weighted-10 (view)"
531,74,MUL_MAT,0,33,7,1743,"ffn_shexp-10","blk.10.ffn_down_shexp.weight","ffn_swiglu-10"
531,77,MUL,0,3,1,1753,"ffn_shexp_gated-10","ffn_shexp-10","shared_expert_gate_sigmoid-10"
531,78,ADD,0,1,1,1755,"ffn_out-10","ffn_moe_out-10","ffn_shexp_gated-10"
531,151,RMS_NORM,0,8,1,2807,"norm-11","indexer_k_pooled-11 (reshaped)",""
532,38,MUL_MAT,0,274,58,579,"attn_output-11","blk.11.attn_output.weight","attn_gated-11"
532,66,SCALE,0,0,1,844,"ffn_moe_inp-11","node_1981",""
532,70,ARGSORT,0,21,0,1003,"ffn_moe_argsort-11","ffn_moe_probs-11",""
532,102,ADD,0,1,1,1806,"ffn_moe_out-11","node_2017","ffn_moe_weighted-11 (view)"
532,106,MUL_MAT,0,31,3,1915,"ffn_shexp-11","blk.11.ffn_down_shexp.weight","ffn_swiglu-11"
532,109,MUL,0,1,1,1931,"ffn_shexp_gated-11","ffn_shexp-11","shared_expert_gate_sigmoid-11"
532,110,ADD,0,1,1,1933,"ffn_out-11","ffn_moe_out-11","ffn_shexp_gated-11"
532,184,RMS_NORM,0,1,2,3288,"norm-12","attn_output-12",""
533,5,MUL_MAT,0,266,58,640,"linear_attn_out-12","blk.12.ssm_out.weight","final_output-12"
533,34,SCALE,0,0,1,1022,"ffn_moe_inp-12","node_2135",""
533,38,ARGSORT,0,22,0,1155,"ffn_moe_argsort-12","ffn_moe_probs-12",""
533,70,ADD,0,1,1,1841,"ffn_moe_out-12","node_2171","ffn_moe_weighted-12 (view)"
533,74,MUL_MAT,0,34,11,1968,"ffn_shexp-12","blk.12.ffn_down_shexp.weight","ffn_swiglu-12"
533,77,MUL,0,2,0,1985,"ffn_shexp_gated-12","ffn_shexp-12","shared_expert_gate_sigmoid-12"
533,78,ADD,0,1,0,1987,"ffn_out-12","ffn_moe_out-12","ffn_shexp_gated-12"
533,152,RMS_NORM,0,0,2,3411,"norm-13","attn_output-13",""
534,5,MUL_MAT,0,271,68,674,"linear_attn_out-13","blk.13.ssm_out.weight","final_output-13"
534,34,SCALE,0,1,1,927,"ffn_moe_inp-13","node_2289",""
534,38,ARGSORT,0,20,0,1049,"ffn_moe_argsort-13","ffn_moe_probs-13",""
534,70,ADD,0,1,0,1758,"ffn_moe_out-13","node_2325","ffn_moe_weighted-13 (view)"
534,74,MUL_MAT,0,30,13,1878,"ffn_shexp-13","blk.13.ffn_down_shexp.weight","ffn_swiglu-13"
534,77,MUL,0,2,0,1887,"ffn_shexp_gated-13","ffn_shexp-13","shared_expert_gate_sigmoid-13"
534,78,ADD,0,1,1,1889,"ffn_out-13","ffn_moe_out-13","ffn_shexp_gated-13"
534,152,RMS_NORM,0,1,6,3275,"norm-14","attn_output-14",""
535,5,MUL_MAT,0,265,78,668,"linear_attn_out-14","blk.14.ssm_out.weight","final_output-14"
535,34,SCALE,0,0,1,913,"ffn_moe_inp-14","node_2443",""
535,38,ARGSORT,0,20,0,1037,"ffn_moe_argsort-14","ffn_moe_probs-14",""
535,70,ADD,0,1,1,1679,"ffn_moe_out-14","node_2479","ffn_moe_weighted-14 (view)"
535,74,MUL_MAT,0,31,5,1797,"ffn_shexp-14","blk.14.ffn_down_shexp.weight","ffn_swiglu-14"
535,77,MUL,0,2,0,1813,"ffn_shexp_gated-14","ffn_shexp-14","shared_expert_gate_sigmoid-14"
535,78,ADD,0,2,0,1815,"ffn_out-14","ffn_moe_out-14","ffn_shexp_gated-14"
535,151,RMS_NORM,0,5,0,2797,"norm-15","indexer_k_pooled-15 (reshaped)",""
536,38,MUL_MAT,0,266,68,557,"attn_output-15","blk.15.attn_output.weight","attn_gated-15"
536,66,SCALE,0,0,1,793,"ffn_moe_inp-15","node_2630",""
536,70,ARGSORT,0,33,0,940,"ffn_moe_argsort-15","ffn_moe_probs-15",""
536,102,ADD,0,1,1,2186,"ffn_moe_out-15","node_2666","ffn_moe_weighted-15 (view)"
536,106,MUL_MAT,0,27,13,2299,"ffn_shexp-15","blk.15.ffn_down_shexp.weight","ffn_swiglu-15"
536,109,MUL,0,2,4,2315,"ffn_shexp_gated-15","ffn_shexp-15","shared_expert_gate_sigmoid-15"
536,110,ADD,0,1,1,2317,"ffn_out-15","ffn_moe_out-15","ffn_shexp_gated-15"
536,184,RMS_NORM,0,1,1,3552,"norm-16","attn_output-16",""
537,5,MUL_MAT,0,260,64,645,"linear_attn_out-16","blk.16.ssm_out.weight","final_output-16"
537,34,SCALE,0,0,1,986,"ffn_moe_inp-16","node_2784",""
537,38,ARGSORT,0,20,0,1113,"ffn_moe_argsort-16","ffn_moe_probs-16",""
537,70,ADD,0,1,0,2204,"ffn_moe_out-16","node_2820","ffn_moe_weighted-16 (view)"
537,74,MUL_MAT,0,30,8,2325,"ffn_shexp-16","blk.16.ffn_down_shexp.weight","ffn_swiglu-16"
537,77,MUL,0,2,0,2342,"ffn_shexp_gated-16","ffn_shexp-16","shared_expert_gate_sigmoid-16"
537,78,ADD,0,1,1,2344,"ffn_out-16","ffn_moe_out-16","ffn_shexp_gated-16"
537,152,RMS_NORM,0,1,1,3721,"norm-17","attn_output-17",""
538,5,MUL_MAT,0,267,65,651,"linear_attn_out-17","blk.17.ssm_out.weight","final_output-17"
538,34,SCALE,0,0,1,905,"ffn_moe_inp-17","node_2938",""
538,38,ARGSORT,0,19,1,1029,"ffn_moe_argsort-17","ffn_moe_probs-17",""
538,70,ADD,0,1,1,1660,"ffn_moe_out-17","node_2974","ffn_moe_weighted-17 (view)"
538,74,MUL_MAT,0,29,6,1776,"ffn_shexp-17","blk.17.ffn_down_shexp.weight","ffn_swiglu-17"
538,77,MUL,0,2,1,1784,"ffn_shexp_gated-17","ffn_shexp-17","shared_expert_gate_sigmoid-17"
538,78,ADD,0,1,1,1786,"ffn_out-17","ffn_moe_out-17","ffn_shexp_gated-17"
538,152,RMS_NORM,0,0,11,3231,"norm-18","attn_output-18",""
539,5,MUL_MAT,0,264,68,653,"linear_attn_out-18","blk.18.ssm_out.weight","final_output-18"
539,34,SCALE,0,0,1,893,"ffn_moe_inp-18","node_3092",""
539,38,ARGSORT,0,19,0,1026,"ffn_moe_argsort-18","ffn_moe_probs-18",""
539,70,ADD,0,1,0,1654,"ffn_moe_out-18","node_3128","ffn_moe_weighted-18 (view)"
539,74,MUL_MAT,0,29,6,1765,"ffn_shexp-18","blk.18.ffn_down_shexp.weight","ffn_swiglu-18"
539,77,MUL,0,2,1,1774,"ffn_shexp_gated-18","ffn_shexp-18","shared_expert_gate_sigmoid-18"
539,78,ADD,0,1,0,1775,"ffn_out-18","ffn_moe_out-18","ffn_shexp_gated-18"
539,151,RMS_NORM,0,5,0,2755,"norm-19","indexer_k_pooled-19 (reshaped)",""
540,38,MUL_MAT,0,161,166,792,"attn_output-19","blk.19.attn_output.weight","attn_gated-19"
540,66,SCALE,0,0,2,1033,"ffn_moe_inp-19","node_3279",""
540,70,ARGSORT,0,17,0,1163,"ffn_moe_argsort-19","ffn_moe_probs-19",""
540,102,ADD,0,2,0,1827,"ffn_moe_out-19","node_3315","ffn_moe_weighted-19 (view)"
540,106,MUL_MAT,0,33,0,2032,"ffn_shexp-19","blk.19.ffn_down_shexp.weight","ffn_swiglu-19"
540,109,MUL,0,3,0,2042,"ffn_shexp_gated-19","ffn_shexp-19","shared_expert_gate_sigmoid-19"
540,110,ADD,0,1,0,2044,"ffn_out-19","ffn_moe_out-19","ffn_shexp_gated-19"
540,184,RMS_NORM,0,1,0,3555,"norm-20","attn_output-20",""
541,5,MUL_MAT,0,333,2,664,"linear_attn_out-20","blk.20.ssm_out.weight","final_output-20"
541,34,SCALE,0,0,2,915,"ffn_moe_inp-20","node_3433",""
541,38,ARGSORT,0,22,0,1045,"ffn_moe_argsort-20","ffn_moe_probs-20",""
541,70,ADD,0,1,1,1788,"ffn_moe_out-20","node_3469","ffn_moe_weighted-20 (view)"
541,74,MUL_MAT,0,37,1,1927,"ffn_shexp-20","blk.20.ffn_down_shexp.weight","ffn_swiglu-20"
541,77,MUL,0,3,0,1938,"ffn_shexp_gated-20","ffn_shexp-20","shared_expert_gate_sigmoid-20"
541,78,ADD,0,2,0,1940,"ffn_out-20","ffn_moe_out-20","ffn_shexp_gated-20"
541,152,RMS_NORM,0,0,11,3896,"norm-21","attn_output-21",""
542,5,MUL_MAT,0,324,1,629,"linear_attn_out-21","blk.21.ssm_out.weight","final_output-21"
542,34,SCALE,0,1,1,892,"ffn_moe_inp-21","node_3587",""
542,38,ARGSORT,0,23,0,1021,"ffn_moe_argsort-21","ffn_moe_probs-21",""
542,70,ADD,0,1,2,1739,"ffn_moe_out-21","node_3623","ffn_moe_weighted-21 (view)"
542,74,MUL_MAT,0,38,2,1979,"ffn_shexp-21","blk.21.ffn_down_shexp.weight","ffn_swiglu-21"
542,77,MUL,0,4,0,2010,"ffn_shexp_gated-21","ffn_shexp-21","shared_expert_gate_sigmoid-21"
542,78,ADD,0,2,0,2012,"ffn_out-21","ffn_moe_out-21","ffn_shexp_gated-21"
542,152,RMS_NORM,0,0,22,3720,"norm-22","attn_output-22",""
543,5,MUL_MAT,0,307,8,626,"linear_attn_out-22","blk.22.ssm_out.weight","final_output-22"
543,34,SCALE,0,0,20,900,"ffn_moe_inp-22","node_3741",""
543,38,ARGSORT,0,23,0,1026,"ffn_moe_argsort-22","ffn_moe_probs-22",""
543,70,ADD,0,1,1,1821,"ffn_moe_out-22","node_3777","ffn_moe_weighted-22 (view)"
543,74,MUL_MAT,0,34,10,1951,"ffn_shexp-22","blk.22.ffn_down_shexp.weight","ffn_swiglu-22"
543,77,MUL,0,3,0,1964,"ffn_shexp_gated-22","ffn_shexp-22","shared_expert_gate_sigmoid-22"
543,78,ADD,0,1,1,1967,"ffn_out-22","ffn_moe_out-22","ffn_shexp_gated-22"
543,151,RMS_NORM,0,8,1,3099,"norm-23","indexer_k_pooled-23 (reshaped)",""
544,38,MUL_MAT,0,329,2,564,"attn_output-23","blk.23.attn_output.weight","attn_gated-23"
544,66,SCALE,0,0,2,828,"ffn_moe_inp-23","node_3928",""
544,70,ARGSORT,0,22,0,957,"ffn_moe_argsort-23","ffn_moe_probs-23",""
544,102,ADD,0,2,0,1662,"ffn_moe_out-23","node_3964","ffn_moe_weighted-23 (view)"
544,106,MUL_MAT,0,33,1,1770,"ffn_shexp-23","blk.23.ffn_down_shexp.weight","ffn_swiglu-23"
544,109,MUL,0,3,0,1780,"ffn_shexp_gated-23","ffn_shexp-23","shared_expert_gate_sigmoid-23"
544,110,ADD,0,2,0,1782,"ffn_out-23","ffn_moe_out-23","ffn_shexp_gated-23"
544,184,RMS_NORM,0,1,0,3295,"norm-24","attn_output-24",""
545,5,MUL_MAT,0,308,3,602,"linear_attn_out-24","blk.24.ssm_out.weight","final_output-24"
545,34,SCALE,0,0,3,845,"ffn_moe_inp-24","node_4082",""
545,38,ARGSORT,0,22,0,1057,"ffn_moe_argsort-24","ffn_moe_probs-24",""
545,70,ADD,0,2,0,2147,"ffn_moe_out-24","node_4118","ffn_moe_weighted-24 (view)"
545,74,MUL_MAT,0,38,22,2328,"ffn_shexp-24","blk.24.ffn_down_shexp.weight","ffn_swiglu-24"
545,77,MUL,0,3,11,2363,"ffn_shexp_gated-24","ffn_shexp-24","shared_expert_gate_sigmoid-24"
545,78,ADD,0,1,1,2366,"ffn_out-24","ffn_moe_out-24","ffn_shexp_gated-24"
545,152,RMS_NORM,0,1,3,4014,"norm-25","attn_output-25",""
546,5,MUL_MAT,0,309,4,608,"linear_attn_out-25","blk.25.ssm_out.weight","final_output-25"
546,34,SCALE,0,0,1,855,"ffn_moe_inp-25","node_4236",""
546,38,ARGSORT,0,22,1,986,"ffn_moe_argsort-25","ffn_moe_probs-25",""
546,70,ADD,0,1,1,1656,"ffn_moe_out-25","node_4272","ffn_moe_weighted-25 (view)"
546,74,MUL_MAT,0,36,2,1777,"ffn_shexp-25","blk.25.ffn_down_shexp.weight","ffn_swiglu-25"
546,77,MUL,0,3,0,1795,"ffn_shexp_gated-25","ffn_shexp-25","shared_expert_gate_sigmoid-25"
546,78,ADD,0,1,1,1798,"ffn_out-25","ffn_moe_out-25","ffn_shexp_gated-25"
546,152,RMS_NORM,0,1,1,3512,"norm-26","attn_output-26",""
547,5,MUL_MAT,0,332,2,789,"linear_attn_out-26","blk.26.ssm_out.weight","final_output-26"
547,34,SCALE,0,0,1,1068,"ffn_moe_inp-26","node_4390",""
547,38,ARGSORT,0,21,0,1198,"ffn_moe_argsort-26","ffn_moe_probs-26",""
547,70,ADD,0,2,0,1867,"ffn_moe_out-26","node_4426","ffn_moe_weighted-26 (view)"
547,74,MUL_MAT,0,34,2,1979,"ffn_shexp-26","blk.26.ffn_down_shexp.weight","ffn_swiglu-26"
547,77,MUL,0,3,0,1989,"ffn_shexp_gated-26","ffn_shexp-26","shared_expert_gate_sigmoid-26"
547,78,ADD,0,2,1,1992,"ffn_out-26","ffn_moe_out-26","ffn_shexp_gated-26"
547,151,RMS_NORM,0,3,7,3012,"norm-27","indexer_k_pooled-27 (reshaped)",""
548,38,MUL_MAT,0,161,169,540,"attn_output-27","blk.27.attn_output.weight","attn_gated-27"
548,66,SCALE,0,0,2,791,"ffn_moe_inp-27","node_4577",""
548,70,ARGSORT,0,18,0,912,"ffn_moe_argsort-27","ffn_moe_probs-27",""
548,102,ADD,0,2,0,2095,"ffn_moe_out-27","node_4613","ffn_moe_weighted-27 (view)"
548,106,MUL_MAT,0,31,7,2207,"ffn_shexp-27","blk.27.ffn_down_shexp.weight","ffn_swiglu-27"
548,109,MUL,0,3,1,2220,"ffn_shexp_gated-27","ffn_shexp-27","shared_expert_gate_sigmoid-27"
548,110,ADD,0,2,6,2228,"ffn_out-27","ffn_moe_out-27","ffn_shexp_gated-27"
548,184,RMS_NORM,0,1,1,3721,"norm-28","attn_output-28",""
549,5,MUL_MAT,0,308,0,606,"linear_attn_out-28","blk.28.ssm_out.weight","final_output-28"
549,34,SCALE,0,0,2,855,"ffn_moe_inp-28","node_4731",""
549,38,ARGSORT,0,23,0,981,"ffn_moe_argsort-28","ffn_moe_probs-28",""
549,70,ADD,0,2,0,1811,"ffn_moe_out-28","node_4767","ffn_moe_weighted-28 (view)"
549,74,MUL_MAT,0,34,5,1945,"ffn_shexp-28","blk.28.ffn_down_shexp.weight","ffn_swiglu-28"
549,77,MUL,0,2,0,1954,"ffn_shexp_gated-28","ffn_shexp-28","shared_expert_gate_sigmoid-28"
549,78,ADD,0,1,1,1956,"ffn_out-28","ffn_moe_out-28","ffn_shexp_gated-28"
549,152,RMS_NORM,0,1,1,3465,"norm-29","attn_output-29",""
550,5,MUL_MAT,0,256,67,682,"linear_attn_out-29","blk.29.ssm_out.weight","final_output-29"
550,34,SCALE,0,1,1,925,"ffn_moe_inp-29","node_4885",""
550,38,ARGSORT,0,22,0,1052,"ffn_moe_argsort-29","ffn_moe_probs-29",""
550,70,ADD,0,1,0,2565,"ffn_moe_out-29","node_4921","ffn_moe_weighted-29 (view)"
550,74,MUL_MAT,0,30,8,2801,"ffn_shexp-29","blk.29.ffn_down_shexp.weight","ffn_swiglu-29"
550,77,MUL,0,2,0,2809,"ffn_shexp_gated-29","ffn_shexp-29","shared_expert_gate_sigmoid-29"
550,78,ADD,0,1,0,2811,"ffn_out-29","ffn_moe_out-29","ffn_shexp_gated-29"
550,152,RMS_NORM,0,0,1,4255,"norm-30","attn_output-30",""
551,5,MUL_MAT,0,256,73,647,"linear_attn_out-30","blk.30.ssm_out.weight","final_output-30"
551,34,SCALE,0,0,2,877,"ffn_moe_inp-30","node_5039",""
551,38,ARGSORT,0,22,0,1000,"ffn_moe_argsort-30","ffn_moe_probs-30",""
551,70,ADD,0,1,1,1832,"ffn_moe_out-30","node_5075","ffn_moe_weighted-30 (view)"
551,74,MUL_MAT,0,30,7,1965,"ffn_shexp-30","blk.30.ffn_down_shexp.weight","ffn_swiglu-30"
551,77,MUL,0,1,1,1974,"ffn_shexp_gated-30","ffn_shexp-30","shared_expert_gate_sigmoid-30"
551,78,ADD,0,1,23,1998,"ffn_out-30","ffn_moe_out-30","ffn_shexp_gated-30"
551,151,RMS_NORM,0,4,1,3030,"norm-31","indexer_k_pooled-31 (reshaped)",""
552,38,MUL_MAT,0,258,43,569,"attn_output-31","blk.31.attn_output.weight","attn_gated-31"
552,66,SCALE,0,0,1,794,"ffn_moe_inp-31","node_5226",""
552,70,ARGSORT,0,20,0,914,"ffn_moe_argsort-31","ffn_moe_probs-31",""
552,102,ADD,0,1,0,1514,"ffn_moe_out-31","node_5262","ffn_moe_weighted-31 (view)"
552,106,MUL_MAT,0,27,8,1621,"ffn_shexp-31","blk.31.ffn_down_shexp.weight","ffn_swiglu-31"
552,109,MUL,0,2,0,1634,"ffn_shexp_gated-31","ffn_shexp-31","shared_expert_gate_sigmoid-31"
552,110,ADD,0,1,1,1636,"ffn_out-31","ffn_moe_out-31","ffn_shexp_gated-31"
552,184,RMS_NORM,0,2,3,3009,"norm-32","attn_output-32",""
553,5,MUL_MAT,0,328,16,686,"linear_attn_out-32","blk.32.ssm_out.weight","final_output-32"
553,34,SCALE,0,0,8,984,"ffn_moe_inp-32","node_5380",""
553,38,ARGSORT,0,23,1,1131,"ffn_moe_argsort-32","ffn_moe_probs-32",""
553,70,ADD,0,1,0,1887,"ffn_moe_out-32","node_5416","ffn_moe_weighted-32 (view)"
553,74,MUL_MAT,0,33,2,1996,"ffn_shexp-32","blk.32.ffn_down_shexp.weight","ffn_swiglu-32"
553,77,MUL,0,3,1,2006,"ffn_shexp_gated-32","ffn_shexp-32","shared_expert_gate_sigmoid-32"
553,78,ADD,0,1,1,2008,"ffn_out-32","ffn_moe_out-32","ffn_shexp_gated-32"
553,152,RMS_NORM,0,1,0,3492,"norm-33","attn_output-33",""
554,5,MUL_MAT,0,300,49,797,"linear_attn_out-33","blk.33.ssm_out.weight","final_output-33"
554,34,SCALE,0,1,1,1075,"ffn_moe_inp-33","node_5534",""
554,38,ARGSORT,0,22,0,1206,"ffn_moe_argsort-33","ffn_moe_probs-33",""
554,70,ADD,0,2,0,1906,"ffn_moe_out-33","node_5570","ffn_moe_weighted-33 (view)"
554,74,MUL_MAT,0,36,3,2026,"ffn_shexp-33","blk.33.ffn_down_shexp.weight","ffn_swiglu-33"
554,77,MUL,0,3,0,2037,"ffn_shexp_gated-33","ffn_shexp-33","shared_expert_gate_sigmoid-33"
554,78,ADD,0,2,0,2039,"ffn_out-33","ffn_moe_out-33","ffn_shexp_gated-33"
554,152,RMS_NORM,0,1,1,3720,"norm-34","attn_output-34",""
555,5,MUL_MAT,0,305,15,633,"linear_attn_out-34","blk.34.ssm_out.weight","final_output-34"
555,34,SCALE,0,0,1,909,"ffn_moe_inp-34","node_5688",""
555,38,ARGSORT,0,22,0,1034,"ffn_moe_argsort-34","ffn_moe_probs-34",""
555,70,ADD,0,1,0,1697,"ffn_moe_out-34","node_5724","ffn_moe_weighted-34 (view)"
555,74,MUL_MAT,0,33,7,1812,"ffn_shexp-34","blk.34.ffn_down_shexp.weight","ffn_swiglu-34"
555,77,MUL,0,3,1,1822,"ffn_shexp_gated-34","ffn_shexp-34","shared_expert_gate_sigmoid-34"
555,78,ADD,0,1,1,1824,"ffn_out-34","ffn_moe_out-34","ffn_shexp_gated-34"
555,151,RMS_NORM,0,9,0,2818,"norm-35","indexer_k_pooled-35 (reshaped)",""
556,38,MUL_MAT,0,320,68,638,"attn_output-35","blk.35.attn_output.weight","attn_gated-35"
556,66,SCALE,0,0,2,922,"ffn_moe_inp-35","node_5875",""
556,70,ARGSORT,0,21,0,1069,"ffn_moe_argsort-35","ffn_moe_probs-35",""
556,102,ADD,0,1,1,1845,"ffn_moe_out-35","node_5911","ffn_moe_weighted-35 (view)"
556,106,MUL_MAT,0,34,2,1958,"ffn_shexp-35","blk.35.ffn_down_shexp.weight","ffn_swiglu-35"
556,109,MUL,0,3,1,1967,"ffn_shexp_gated-35","ffn_shexp-35","shared_expert_gate_sigmoid-35"
556,110,ADD,0,2,0,1969,"ffn_out-35","ffn_moe_out-35","ffn_shexp_gated-35"
556,184,RMS_NORM,0,1,1,3712,"norm-36","attn_output-36",""
557,5,MUL_MAT,0,312,6,636,"linear_attn_out-36","blk.36.ssm_out.weight","final_output-36"
557,34,SCALE,0,0,2,903,"ffn_moe_inp-36","node_6029",""
557,38,ARGSORT,0,22,0,1051,"ffn_moe_argsort-36","ffn_moe_probs-36",""
557,70,ADD,0,2,0,1687,"ffn_moe_out-36","node_6065","ffn_moe_weighted-36 (view)"
557,74,MUL_MAT,0,40,0,1810,"ffn_shexp-36","blk.36.ffn_down_shexp.weight","ffn_swiglu-36"
557,77,MUL,0,3,1,1821,"ffn_shexp_gated-36","ffn_shexp-36","shared_expert_gate_sigmoid-36"
557,78,ADD,0,2,0,1823,"ffn_out-36","ffn_moe_out-36","ffn_shexp_gated-36"
557,152,RMS_NORM,0,1,1,3472,"norm-37","attn_output-37",""
558,5,MUL_MAT,0,310,3,624,"linear_attn_out-37","blk.37.ssm_out.weight","final_output-37"
558,34,SCALE,0,0,1,866,"ffn_moe_inp-37","node_6183",""
558,38,ARGSORT,0,20,1,994,"ffn_moe_argsort-37","ffn_moe_probs-37",""
558,70,ADD,0,2,0,1640,"ffn_moe_out-37","node_6219","ffn_moe_weighted-37 (view)"
558,74,MUL_MAT,0,34,5,1762,"ffn_shexp-37","blk.37.ffn_down_shexp.weight","ffn_swiglu-37"
558,77,MUL,0,3,0,1771,"ffn_shexp_gated-37","ffn_shexp-37","shared_expert_gate_sigmoid-37"
558,78,ADD,0,1,1,1774,"ffn_out-37","ffn_moe_out-37","ffn_shexp_gated-37"
558,152,RMS_NORM,0,1,2,3337,"norm-38","attn_output-38",""
559,5,MUL_MAT,0,167,153,620,"linear_attn_out-38","blk.38.ssm_out.weight","final_output-38"
559,34,SCALE,0,0,2,884,"ffn_moe_inp-38","node_6337",""
559,38,ARGSORT,0,20,1,1104,"ffn_moe_argsort-38","ffn_moe_probs-38",""
559,70,ADD,0,1,1,2425,"ffn_moe_out-38","node_6373","ffn_moe_weighted-38 (view)"
559,74,MUL_MAT,0,27,15,2549,"ffn_shexp-38","blk.38.ffn_down_shexp.weight","ffn_swiglu-38"
559,77,MUL,0,2,1,2633,"ffn_shexp_gated-38","ffn_shexp-38","shared_expert_gate_sigmoid-38"
559,78,ADD,0,1,2,2637,"ffn_out-38","ffn_moe_out-38","ffn_shexp_gated-38"
559,87,ADD,0,1,1,2673,"l_last-38","hc_combine-38","node_6390"
560,0,GET_ROWS,0,3,1,4,"model.input_embed","token_embd.weight","inp_tokens"
560,69,RMS_NORM,0,1,1,1759,"norm-0","attn_output-0",""
561,5,MUL_MAT,0,329,2,664,"linear_attn_out-0","blk.0.ssm_out.weight","final_output-0"
561,34,SCALE,0,0,1,926,"ffn_moe_inp-0","node_104",""
561,38,ARGSORT,0,23,0,1064,"ffn_moe_argsort-0","ffn_moe_probs-0",""
561,70,ADD,0,2,8,1755,"ffn_moe_out-0","node_140","ffn_moe_weighted-0 (view)"
561,93,MUL_MAT,0,34,1,2627,"ffn_shexp-0","blk.0.ffn_down_shexp.weight","ffn_swiglu-0"
561,96,MUL,0,3,0,2636,"ffn_shexp_gated-0","ffn_shexp-0","shared_expert_gate_sigmoid-0"
561,97,ADD,0,1,9,2647,"ffn_out-0","ffn_moe_out-0","ffn_shexp_gated-0"
561,236,RMS_NORM,0,1,1,4823,"norm-1","attn_output-1",""
562,5,MUL_MAT,0,305,19,643,"linear_attn_out-1","blk.1.ssm_out.weight","final_output-1"
562,34,SCALE,0,0,5,1031,"ffn_moe_inp-1","node_342",""
562,38,ARGSORT,0,22,1,1162,"ffn_moe_argsort-1","ffn_moe_probs-1",""
562,70,ADD,0,1,1,2315,"ffn_moe_out-1","node_378","ffn_moe_weighted-1 (view)"
562,74,MUL_MAT,0,34,2,2441,"ffn_shexp-1","blk.1.ffn_down_shexp.weight","ffn_swiglu-1"
562,77,MUL,0,3,0,2451,"ffn_shexp_gated-1","ffn_shexp-1","shared_expert_gate_sigmoid-1"
562,78,ADD,0,1,7,2460,"ffn_out-1","ffn_moe_out-1","ffn_shexp_gated-1"
562,152,RMS_NORM,0,0,4,4212,"norm-2","attn_output-2",""
563,5,MUL_MAT,0,166,150,614,"linear_attn_out-2","blk.2.ssm_out.weight","final_output-2"
563,34,SCALE,0,0,9,984,"ffn_moe_inp-2","node_496",""
563,38,ARGSORT,0,21,0,1122,"ffn_moe_argsort-2","ffn_moe_probs-2",""
563,70,ADD,0,2,0,2703,"ffn_moe_out-2","node_532","ffn_moe_weighted-2 (view)"
563,74,MUL_MAT,0,31,4,2820,"ffn_shexp-2","blk.2.ffn_down_shexp.weight","ffn_swiglu-2"
563,77,MUL,0,2,8,2841,"ffn_shexp_gated-2","ffn_shexp-2","shared_expert_gate_sigmoid-2"
563,78,ADD,0,1,8,2850,"ffn_out-2","ffn_moe_out-2","ffn_shexp_gated-2"
563,151,RMS_NORM,0,4,4,3975,"norm-3","indexer_k_pooled-3 (reshaped)",""
564,38,MUL_MAT,0,171,142,533,"attn_output-3","blk.3.attn_output.weight","attn_gated-3"
564,66,SCALE,0,0,1,757,"ffn_moe_inp-3","node_683",""
564,70,ARGSORT,0,18,0,878,"ffn_moe_argsort-3","ffn_moe_probs-3",""
564,102,ADD,0,1,0,1535,"ffn_moe_out-3","node_719","ffn_moe_weighted-3 (view)"
564,106,MUL_MAT,0,24,11,1645,"ffn_shexp-3","blk.3.ffn_down_shexp.weight","ffn_swiglu-3"
564,109,MUL,0,2,1,1655,"ffn_shexp_gated-3","ffn_shexp-3","shared_expert_gate_sigmoid-3"
564,110,ADD,0,1,1,1657,"ffn_out-3","ffn_moe_out-3","ffn_shexp_gated-3"
564,184,RMS_NORM,0,0,3,2852,"norm-4","attn_output-4",""
565,5,MUL_MAT,0,274,71,690,"linear_attn_out-4","blk.4.ssm_out.weight","final_output-4"
565,34,SCALE,0,0,2,959,"ffn_moe_inp-4","node_837",""
565,38,ARGSORT,0,21,1,1096,"ffn_moe_argsort-4","ffn_moe_probs-4",""
565,70,ADD,0,2,1,2824,"ffn_moe_out-4","node_873","ffn_moe_weighted-4 (view)"
565,74,MUL_MAT,0,28,10,2940,"ffn_shexp-4","blk.4.ffn_down_shexp.weight","ffn_swiglu-4"
565,77,MUL,0,2,0,2948,"ffn_shexp_gated-4","ffn_shexp-4","shared_expert_gate_sigmoid-4"
565,78,ADD,0,1,0,2950,"ffn_out-4","ffn_moe_out-4","ffn_shexp_gated-4"
565,152,RMS_NORM,0,0,1,4207,"norm-5","attn_output-5",""
566,5,MUL_MAT,0,262,58,636,"linear_attn_out-5","blk.5.ssm_out.weight","final_output-5"
566,34,SCALE,0,0,1,893,"ffn_moe_inp-5","node_991",""
566,38,ARGSORT,0,20,0,1023,"ffn_moe_argsort-5","ffn_moe_probs-5",""
566,70,ADD,0,1,1,2455,"ffn_moe_out-5","node_1027","ffn_moe_weighted-5 (view)"
566,74,MUL_MAT,0,29,12,2578,"ffn_shexp-5","blk.5.ffn_down_shexp.weight","ffn_swiglu-5"
566,77,MUL,0,2,0,2592,"ffn_shexp_gated-5","ffn_shexp-5","shared_expert_gate_sigmoid-5"
566,78,ADD,0,1,8,2602,"ffn_out-5","ffn_moe_out-5","ffn_shexp_gated-5"
566,152,RMS_NORM,0,1,1,3984,"norm-6","attn_output-6",""
567,5,MUL_MAT,0,249,80,647,"linear_attn_out-6","blk.6.ssm_out.weight","final_output-6"
567,34,SCALE,0,0,1,891,"ffn_moe_inp-6","node_1145",""
567,38,ARGSORT,0,20,0,1015,"ffn_moe_argsort-6","ffn_moe_probs-6",""
567,70,ADD,0,1,12,1695,"ffn_moe_out-6","node_1181","ffn_moe_weighted-6 (view)"
567,74,MUL_MAT,0,32,10,1828,"ffn_shexp-6","blk.6.ffn_down_shexp.weight","ffn_swiglu-6"
567,77,MUL,0,2,0,1837,"ffn_shexp_gated-6","ffn_shexp-6","shared_expert_gate_sigmoid-6"
567,78,ADD,0,1,0,1839,"ffn_out-6","ffn_moe_out-6","ffn_shexp_gated-6"
567,151,RMS_NORM,0,4,4,2903,"norm-7","indexer_k_pooled-7 (reshaped)",""
568,38,MUL_MAT,0,240,70,530,"attn_output-7","blk.7.attn_output.weight","attn_gated-7"
568,66,SCALE,0,1,1,755,"ffn_moe_inp-7","node_1332",""
568,70,ARGSORT,0,19,0,886,"ffn_moe_argsort-7","ffn_moe_probs-7",""
568,102,ADD,0,1,1,1523,"ffn_moe_out-7","node_1368","ffn_moe_weighted-7 (view)"
568,106,MUL_MAT,0,28,5,1626,"ffn_shexp-7","blk.7.ffn_down_shexp.weight","ffn_swiglu-7"
568,109,MUL,0,2,1,1634,"ffn_shexp_gated-7","ffn_shexp-7","shared_expert_gate_sigmoid-7"
568,110,ADD,0,1,1,1636,"ffn_out-7","ffn_moe_out-7","ffn_shexp_gated-7"
568,184,RMS_NORM,0,1,0,2953,"norm-8","attn_output-8",""
569,5,MUL_MAT,0,256,64,644,"linear_attn_out-8","blk.8.ssm_out.weight","final_output-8"
569,34,SCALE,0,0,2,898,"ffn_moe_inp-8","node_1486",""
569,38,ARGSORT,0,18,1,1021,"ffn_moe_argsort-8","ffn_moe_probs-8",""
569,70,ADD,0,1,1,1663,"ffn_moe_out-8","node_1522","ffn_moe_weighted-8 (view)"
569,74,MUL_MAT,0,37,7,1789,"ffn_shexp-8","blk.8.ffn_down_shexp.weight","ffn_swiglu-8"
569,77,MUL,0,2,0,1804,"ffn_shexp_gated-8","ffn_shexp-8","shared_expert_gate_sigmoid-8"
569,78,ADD,0,2,0,1806,"ffn_out-8","ffn_moe_out-8","ffn_shexp_gated-8"
569,152,RMS_NORM,0,0,2,3107,"norm-9","attn_output-9",""
570,5,MUL_MAT,0,287,64,673,"linear_attn_out-9","blk.9.ssm_out.weight","final_output-9"
570,34,SCALE,0,0,2,968,"ffn_moe_inp-9","node_1640",""
570,38,ARGSORT,0,19,1,1096,"ffn_moe_argsort-9","ffn_moe_probs-9",""
570,70,ADD,0,1,1,1835,"ffn_moe_out-9","node_1676","ffn_moe_weighted-9 (view)"
570,74,MUL_MAT,0,37,13,2122,"ffn_shexp-9","blk.9.ffn_down_shexp.weight","ffn_swiglu-9"
570,77,MUL,0,4,0,2132,"ffn_shexp_gated-9","ffn_shexp-9","shared_expert_gate_sigmoid-9"
570,78,ADD,0,1,1,2135,"ffn_out-9","ffn_moe_out-9","ffn_shexp_gated-9"
570,152,RMS_NORM,0,1,8,3745,"norm-10","attn_output-10",""
571,5,MUL_MAT,0,304,3,609,"linear_attn_out-10","blk.10.ssm_out.weight","final_output-10"
571,34,SCALE,0,0,2,874,"ffn_moe_inp-10","node_1794",""
571,38,ARGSORT,0,23,0,1007,"ffn_moe_argsort-10","ffn_moe_probs-10",""
571,70,ADD,0,2,0,1749,"ffn_moe_out-10","node_1830","ffn_moe_weighted-10 (view)"
571,74,MUL_MAT,0,38,1,1879,"ffn_shexp-10","blk.10.ffn_down_shexp.weight","ffn_swiglu-10"
571,77,MUL,0,3,1,1890,"ffn_shexp_gated-10","ffn_shexp-10","shared_expert_gate_sigmoid-10"
571,78,ADD,0,2,0,1892,"ffn_out-10","ffn_moe_out-10","ffn_shexp_gated-10"
571,151,RMS_NORM,0,9,1,2976,"norm-11","indexer_k_pooled-11 (reshaped)",""
572,38,MUL_MAT,0,310,0,517,"attn_output-11","blk.11.attn_output.weight","attn_gated-11"
572,66,SCALE,0,1,1,753,"ffn_moe_inp-11","node_1981",""
572,70,ARGSORT,0,23,0,874,"ffn_moe_argsort-11","ffn_moe_probs-11",""
572,102,ADD,0,1,0,1508,"ffn_moe_out-11","node_2017","ffn_moe_weighted-11 (view)"
572,106,MUL_MAT,0,35,3,1631,"ffn_shexp-11","blk.11.ffn_down_shexp.weight","ffn_swiglu-11"
572,109,MUL,0,3,1,1641,"ffn_shexp_gated-11","ffn_shexp-11","shared_expert_gate_sigmoid-11"
572,110,ADD,0,2,0,1643,"ffn_out-11","ffn_moe_out-11","ffn_shexp_gated-11"
572,184,RMS_NORM,0,1,6,3148,"norm-12","attn_output-12",""
573,5,MUL_MAT,0,318,79,736,"linear_attn_out-12","blk.12.ssm_out.weight","final_output-12"
573,34,SCALE,0,0,1,1083,"ffn_moe_inp-12","node_2135",""
573,38,ARGSORT,0,22,1,1214,"ffn_moe_argsort-12","ffn_moe_probs-12",""
573,70,ADD,0,2,0,2480,"ffn_moe_out-12","node_2171","ffn_moe_weighted-12 (view)"
573,74,MUL_MAT,0,35,5,2603,"ffn_shexp-12","blk.12.ffn_down_shexp.weight","ffn_swiglu-12"
573,77,MUL,0,3,1,2632,"ffn_shexp_gated-12","ffn_shexp-12","shared_expert_gate_sigmoid-12"
573,78,ADD,0,2,0,2634,"ffn_out-12","ffn_moe_out-12","ffn_shexp_gated-12"
573,152,RMS_NORM,0,1,1,4301,"norm-13","attn_output-13",""
574,5,MUL_MAT,0,306,23,658,"linear_attn_out-13","blk.13.ssm_out.weight","final_output-13"
574,34,SCALE,0,0,2,936,"ffn_moe_inp-13","node_2289",""
574,38,ARGSORT,0,22,1,1073,"ffn_moe_argsort-13","ffn_moe_probs-13",""
574,70,ADD,0,1,3,1900,"ffn_moe_out-13","node_2325","ffn_moe_weighted-13 (view)"
574,74,MUL_MAT,0,60,17,2119,"ffn_shexp-13","blk.13.ffn_down_shexp.weight","ffn_swiglu-13"
574,77,MUL,0,2,1,2149,"ffn_shexp_gated-13","ffn_shexp-13","shared_expert_gate_sigmoid-13"
574,78,ADD,0,1,1,2151,"ffn_out-13","ffn_moe_out-13","ffn_shexp_gated-13"
574,152,RMS_NORM,0,0,2,3610,"norm-14","attn_output-14",""
575,5,MUL_MAT,0,246,84,639,"linear_attn_out-14","blk.14.ssm_out.weight","final_output-14"
575,34,SCALE,0,0,2,899,"ffn_moe_inp-14","node_2443",""
575,38,ARGSORT,0,22,1,1034,"ffn_moe_argsort-14","ffn_moe_probs-14",""
575,70,ADD,0,1,0,1705,"ffn_moe_out-14","node_2479","ffn_moe_weighted-14 (view)"
575,74,MUL_MAT,0,33,4,1826,"ffn_shexp-14","blk.14.ffn_down_shexp.weight","ffn_swiglu-14"
575,77,MUL,0,2,0,1834,"ffn_shexp_gated-14","ffn_shexp-14","shared_expert_gate_sigmoid-14"
575,78,ADD,0,2,0,1836,"ffn_out-14","ffn_moe_out-14","ffn_shexp_gated-14"
575,151,RMS_NORM,0,4,0,2913,"norm-15","indexer_k_pooled-15 (reshaped)",""
576,38,MUL_MAT,0,175,145,534,"attn_output-15","blk.15.attn_output.weight","attn_gated-15"
576,66,SCALE,0,0,2,792,"ffn_moe_inp-15","node_2630",""
576,70,ARGSORT,0,18,0,911,"ffn_moe_argsort-15","ffn_moe_probs-15",""
576,102,ADD,0,1,1,1557,"ffn_moe_out-15","node_2666","ffn_moe_weighted-15 (view)"
576,106,MUL_MAT,0,18,19,1676,"ffn_shexp-15","blk.15.ffn_down_shexp.weight","ffn_swiglu-15"
576,109,MUL,0,2,0,1689,"ffn_shexp_gated-15","ffn_shexp-15","shared_expert_gate_sigmoid-15"
576,110,ADD,0,1,1,1691,"ffn_out-15","ffn_moe_out-15","ffn_shexp_gated-15"
576,184,RMS_NORM,0,0,2,2862,"norm-16","attn_output-16",""
577,5,MUL_MAT,0,172,154,635,"linear_attn_out-16","blk.16.ssm_out.weight","final_output-16"
577,34,SCALE,0,0,1,905,"ffn_moe_inp-16","node_2784",""
577,38,ARGSORT,0,20,0,1040,"ffn_moe_argsort-16","ffn_moe_probs-16",""
577,70,ADD,0,1,0,1751,"ffn_moe_out-16","node_2820","ffn_moe_weighted-16 (view)"
577,74,MUL_MAT,0,22,16,2064,"ffn_shexp-16","blk.16.ffn_down_shexp.weight","ffn_swiglu-16"
577,77,MUL,0,1,1,2073,"ffn_shexp_gated-16","ffn_shexp-16","shared_expert_gate_sigmoid-16"
577,78,ADD,0,1,0,2074,"ffn_out-16","ffn_moe_out-16","ffn_shexp_gated-16"
577,152,RMS_NORM,0,0,2,3336,"norm-17","attn_output-17",""
578,5,MUL_MAT,0,188,132,622,"linear_attn_out-17","blk.17.ssm_out.weight","final_output-17"
578,34,SCALE,0,0,2,849,"ffn_moe_inp-17","node_2938",""
578,38,ARGSORT,0,16,1,971,"ffn_moe_argsort-17","ffn_moe_probs-17",""
578,70,ADD,0,5,0,1606,"ffn_moe_out-17","node_2974","ffn_moe_weighted-17 (view)"
578,74,MUL_MAT,0,19,20,1726,"ffn_shexp-17","blk.17.ffn_down_shexp.weight","ffn_swiglu-17"
578,77,MUL,0,1,1,1735,"ffn_shexp_gated-17","ffn_shexp-17","shared_expert_gate_sigmoid-17"
578,78,ADD,0,1,1,1737,"ffn_out-17","ffn_moe_out-17","ffn_shexp_gated-17"
578,152,RMS_NORM,0,0,2,3431,"norm-18","attn_output-18",""
579,5,MUL_MAT,0,269,55,656,"linear_attn_out-18","blk.18.ssm_out.weight","final_output-18"
579,34,SCALE,0,0,1,917,"ffn_moe_inp-18","node_3092",""
579,38,ARGSORT,0,21,0,1046,"ffn_moe_argsort-18","ffn_moe_probs-18",""
579,70,ADD,0,1,0,1691,"ffn_moe_out-18","node_3128","ffn_moe_weighted-18 (view)"
579,74,MUL_MAT,0,29,7,1808,"ffn_shexp-18","blk.18.ffn_down_shexp.weight","ffn_swiglu-18"
579,77,MUL,0,2,0,1817,"ffn_shexp_gated-18","ffn_shexp-18","shared_expert_gate_sigmoid-18"
579,78,ADD,0,1,113,1932,"ffn_out-18","ffn_moe_out-18","ffn_shexp_gated-18"
579,151,RMS_NORM,0,5,0,3005,"norm-19","indexer_k_pooled-19 (reshaped)",""
580,38,MUL_MAT,0,249,57,520,"attn_output-19","blk.19.attn_output.weight","attn_gated-19"
580,66,SCALE,0,1,1,766,"ffn_moe_inp-19","node_3279",""
580,70,ARGSORT,0,20,0,892,"ffn_moe_argsort-19","ffn_moe_probs-19",""
580,102,ADD,0,1,0,1503,"ffn_moe_out-19","node_3315","ffn_moe_weighted-19 (view)"
580,106,MUL_MAT,0,30,7,1622,"ffn_shexp-19","blk.19.ffn_down_shexp.weight","ffn_swiglu-19"
580,109,MUL,0,2,0,1630,"ffn_shexp_gated-19","ffn_shexp-19","shared_expert_gate_sigmoid-19"
580,110,ADD,0,2,7,1639,"ffn_out-19","ffn_moe_out-19","ffn_shexp_gated-19"
580,184,RMS_NORM,0,0,2,3211,"norm-20","attn_output-20",""
581,5,MUL_MAT,0,283,72,699,"linear_attn_out-20","blk.20.ssm_out.weight","final_output-20"
581,34,SCALE,0,1,1,1095,"ffn_moe_inp-20","node_3433",""
581,38,ARGSORT,0,20,1,1290,"ffn_moe_argsort-20","ffn_moe_probs-20",""
581,70,ADD,0,1,0,1937,"ffn_moe_out-20","node_3469","ffn_moe_weighted-20 (view)"
581,74,MUL_MAT,0,30,11,2055,"ffn_shexp-20","blk.20.ffn_down_shexp.weight","ffn_swiglu-20"
581,77,MUL,0,2,1,2063,"ffn_shexp_gated-20","ffn_shexp-20","shared_expert_gate_sigmoid-20"
581,78,ADD,0,1,0,2064,"ffn_out-20","ffn_moe_out-20","ffn_shexp_gated-20"
581,152,RMS_NORM,0,0,2,3376,"norm-21","attn_output-21",""
582,5,MUL_MAT,0,298,48,680,"linear_attn_out-21","blk.21.ssm_out.weight","final_output-21"
582,34,SCALE,0,1,0,923,"ffn_moe_inp-21","node_3587",""
582,38,ARGSORT,0,20,0,1111,"ffn_moe_argsort-21","ffn_moe_probs-21",""
582,70,ADD,0,1,1,2292,"ffn_moe_out-21","node_3623","ffn_moe_weighted-21 (view)"
582,74,MUL_MAT,0,33,15,2430,"ffn_shexp-21","blk.21.ffn_down_shexp.weight","ffn_swiglu-21"
582,77,MUL,0,2,0,2438,"ffn_shexp_gated-21","ffn_shexp-21","shared_expert_gate_sigmoid-21"
582,78,ADD,0,2,0,2440,"ffn_out-21","ffn_moe_out-21","ffn_shexp_gated-21"
582,152,RMS_NORM,0,0,2,3883,"norm-22","attn_output-22",""
583,5,MUL_MAT,0,278,52,661,"linear_attn_out-22","blk.22.ssm_out.weight","final_output-22"
583,34,SCALE,0,0,2,912,"ffn_moe_inp-22","node_3741",""
583,38,ARGSORT,0,22,0,1041,"ffn_moe_argsort-22","ffn_moe_probs-22",""
583,70,ADD,0,1,0,1661,"ffn_moe_out-22","node_3777","ffn_moe_weighted-22 (view)"
583,74,MUL_MAT,0,26,16,1788,"ffn_shexp-22","blk.22.ffn_down_shexp.weight","ffn_swiglu-22"
583,77,MUL,0,1,1,1800,"ffn_shexp_gated-22","ffn_shexp-22","shared_expert_gate_sigmoid-22"
583,78,ADD,0,1,1,1802,"ffn_out-22","ffn_moe_out-22","ffn_shexp_gated-22"
583,151,RMS_NORM,0,4,5,2948,"norm-23","indexer_k_pooled-23 (reshaped)",""
584,38,MUL_MAT,0,266,58,560,"attn_output-23","blk.23.attn_output.weight","attn_gated-23"
584,66,SCALE,0,0,1,798,"ffn_moe_inp-23","node_3928",""
584,70,ARGSORT,0,19,1,925,"ffn_moe_argsort-23","ffn_moe_probs-23",""
584,102,ADD,0,1,0,1591,"ffn_moe_out-23","node_3964","ffn_moe_weighted-23 (view)"
584,106,MUL_MAT,0,33,2,1702,"ffn_shexp-23","blk.23.ffn_down_shexp.weight","ffn_swiglu-23"
584,109,MUL,0,2,0,1710,"ffn_shexp_gated-23","ffn_shexp-23","shared_expert_gate_sigmoid-23"
584,110,ADD,0,1,0,1711,"ffn_out-23","ffn_moe_out-23","ffn_shexp_gated-23"
584,184,RMS_NORM,0,0,2,3012,"norm-24","attn_output-24",""
585,5,MUL_MAT,0,258,62,642,"linear_attn_out-24","blk.24.ssm_out.weight","final_output-24"
585,34,SCALE,0,0,2,988,"ffn_moe_inp-24","node_4082",""
585,38,ARGSORT,0,20,1,1115,"ffn_moe_argsort-24","ffn_moe_probs-24",""
585,70,ADD,0,1,0,1827,"ffn_moe_out-24","node_4118","ffn_moe_weighted-24 (view)"
585,74,MUL_MAT,0,31,6,1944,"ffn_shexp-24","blk.24.ffn_down_shexp.weight","ffn_swiglu-24"
585,77,MUL,0,2,0,1953,"ffn_shexp_gated-24","ffn_shexp-24","shared_expert_gate_sigmoid-24"
585,78,ADD,0,1,6,1960,"ffn_out-24","ffn_moe_out-24","ffn_shexp_gated-24"
585,152,RMS_NORM,0,0,2,3308,"norm-25","attn_output-25",""
586,5,MUL_MAT,0,268,80,688,"linear_attn_out-25","blk.25.ssm_out.weight","final_output-25"
586,34,SCALE,0,0,3,938,"ffn_moe_inp-25","node_4236",""
586,38,ARGSORT,0,20,0,1062,"ffn_moe_argsort-25","ffn_moe_probs-25",""
586,70,ADD,0,1,0,1729,"ffn_moe_out-25","node_4272","ffn_moe_weighted-25 (view)"
586,74,MUL_MAT,0,29,7,1842,"ffn_shexp-25","blk.25.ffn_down_shexp.weight","ffn_swiglu-25"
586,77,MUL,0,2,0,1849,"ffn_shexp_gated-25","ffn_shexp-25","shared_expert_gate_sigmoid-25"
586,78,ADD,0,2,1,1852,"ffn_out-25","ffn_moe_out-25","ffn_shexp_gated-25"
586,152,RMS_NORM,0,0,2,3154,"norm-26","attn_output-26",""
587,5,MUL_MAT,0,269,76,684,"linear_attn_out-26","blk.26.ssm_out.weight","final_output-26"
587,34,SCALE,0,0,1,933,"ffn_moe_inp-26","node_4390",""
587,38,ARGSORT,0,19,1,1064,"ffn_moe_argsort-26","ffn_moe_probs-26",""
587,70,ADD,0,2,0,1761,"ffn_moe_out-26","node_4426","ffn_moe_weighted-26 (view)"
587,74,MUL_MAT,0,26,25,1946,"ffn_shexp-26","blk.26.ffn_down_shexp.weight","ffn_swiglu-26"
587,77,MUL,0,2,4,1958,"ffn_shexp_gated-26","ffn_shexp-26","shared_expert_gate_sigmoid-26"
587,78,ADD,0,1,1,1960,"ffn_out-26","ffn_moe_out-26","ffn_shexp_gated-26"
587,151,RMS_NORM,0,5,0,2962,"norm-27","indexer_k_pooled-27 (reshaped)",""
588,38,MUL_MAT,0,241,79,567,"attn_output-27","blk.27.attn_output.weight","attn_gated-27"
588,66,SCALE,0,0,2,811,"ffn_moe_inp-27","node_4577",""
588,70,ARGSORT,0,20,0,930,"ffn_moe_argsort-27","ffn_moe_probs-27",""
588,102,ADD,0,1,2,1559,"ffn_moe_out-27","node_4613","ffn_moe_weighted-27 (view)"
588,106,MUL_MAT,0,29,5,1662,"ffn_shexp-27","blk.27.ffn_down_shexp.weight","ffn_swiglu-27"
588,109,MUL,0,2,0,1671,"ffn_shexp_gated-27","ffn_shexp-27","shared_expert_gate_sigmoid-27"
588,110,ADD,0,1,5,1678,"ffn_out-27","ffn_moe_out-27","ffn_shexp_gated-27"
588,184,RMS_NORM,0,0,2,3025,"norm-28","attn_output-28",""
589,5,MUL_MAT,0,164,157,627,"linear_attn_out-28","blk.28.ssm_out.weight","final_output-28"
589,34,SCALE,0,0,2,865,"ffn_moe_inp-28","node_4731",""
589,38,ARGSORT,0,22,1,1099,"ffn_moe_argsort-28","ffn_moe_probs-28",""
589,70,ADD,0,1,0,1865,"ffn_moe_out-28","node_4767","ffn_moe_weighted-28 (view)"
589,74,MUL_MAT,0,29,10,1983,"ffn_shexp-28","blk.28.ffn_down_shexp.weight","ffn_swiglu-28"
589,77,MUL,0,2,0,1989,"ffn_shexp_gated-28","ffn_shexp-28","shared_expert_gate_sigmoid-28"
589,78,ADD,0,1,1,1992,"ffn_out-28","ffn_moe_out-28","ffn_shexp_gated-28"
589,152,RMS_NORM,0,0,8,3528,"norm-29","attn_output-29",""
590,5,MUL_MAT,0,284,66,702,"linear_attn_out-29","blk.29.ssm_out.weight","final_output-29"
590,34,SCALE,0,1,1,974,"ffn_moe_inp-29","node_4885",""
590,38,ARGSORT,0,21,0,1101,"ffn_moe_argsort-29","ffn_moe_probs-29",""
590,70,ADD,0,1,1,1871,"ffn_moe_out-29","node_4921","ffn_moe_weighted-29 (view)"
590,74,MUL_MAT,0,29,25,2001,"ffn_shexp-29","blk.29.ffn_down_shexp.weight","ffn_swiglu-29"
590,77,MUL,0,3,0,2018,"ffn_shexp_gated-29","ffn_shexp-29","shared_expert_gate_sigmoid-29"
590,78,ADD,0,15,0,2033,"ffn_out-29","ffn_moe_out-29","ffn_shexp_gated-29"
590,152,RMS_NORM,0,0,2,3336,"norm-30","attn_output-30",""
591,5,MUL_MAT,0,272,59,651,"linear_attn_out-30","blk.30.ssm_out.weight","final_output-30"
591,34,SCALE,0,0,1,986,"ffn_moe_inp-30","node_5039",""
591,38,ARGSORT,0,20,1,1304,"ffn_moe_argsort-30","ffn_moe_probs-30",""
591,70,ADD,0,1,0,2109,"ffn_moe_out-30","node_5075","ffn_moe_weighted-30 (view)"
591,74,MUL_MAT,0,33,8,2234,"ffn_shexp-30","blk.30.ffn_down_shexp.weight","ffn_swiglu-30"
591,77,MUL,0,2,0,2242,"ffn_shexp_gated-30","ffn_shexp-30","shared_expert_gate_sigmoid-30"
591,78,ADD,0,1,1,2244,"ffn_out-30","ffn_moe_out-30","ffn_shexp_gated-30"
591,151,RMS_NORM,0,4,1,3383,"norm-31","indexer_k_pooled-31 (reshaped)",""
592,38,MUL_MAT,0,253,61,530,"attn_output-31","blk.31.attn_output.weight","attn_gated-31"
592,66,SCALE,0,0,1,750,"ffn_moe_inp-31","node_5226",""
592,70,ARGSORT,0,20,0,871,"ffn_moe_argsort-31","ffn_moe_probs-31",""
592,102,ADD,0,1,0,1505,"ffn_moe_out-31","node_5262","ffn_moe_weighted-31 (view)"
592,106,MUL_MAT,0,28,10,1621,"ffn_shexp-31","blk.31.ffn_down_shexp.weight","ffn_swiglu-31"
592,109,MUL,0,2,0,1628,"ffn_shexp_gated-31","ffn_shexp-31","shared_expert_gate_sigmoid-31"
592,110,ADD,0,1,0,1630,"ffn_out-31","ffn_moe_out-31","ffn_shexp_gated-31"
592,184,RMS_NORM,0,0,1,2853,"norm-32","attn_output-32",""
593,5,MUL_MAT,0,289,70,701,"linear_attn_out-32","blk.32.ssm_out.weight","final_output-32"
593,34,SCALE,0,1,0,971,"ffn_moe_inp-32","node_5380",""
593,38,ARGSORT,0,21,0,1105,"ffn_moe_argsort-32","ffn_moe_probs-32",""
593,70,ADD,0,2,0,1868,"ffn_moe_out-32","node_5416","ffn_moe_weighted-32 (view)"
593,74,MUL_MAT,0,40,14,2091,"ffn_shexp-32","blk.32.ffn_down_shexp.weight","ffn_swiglu-32"
593,77,MUL,0,2,5,2104,"ffn_shexp_gated-32","ffn_shexp-32","shared_expert_gate_sigmoid-32"
593,78,ADD,0,2,0,2106,"ffn_out-32","ffn_moe_out-32","ffn_shexp_gated-32"
593,152,RMS_NORM,0,1,1,3418,"norm-33","attn_output-33",""
594,5,MUL_MAT,0,267,60,641,"linear_attn_out-33","blk.33.ssm_out.weight","final_output-33"
594,34,SCALE,0,1,1,972,"ffn_moe_inp-33","node_5534",""
594,38,ARGSORT,0,20,1,1106,"ffn_moe_argsort-33","ffn_moe_probs-33",""
594,70,ADD,0,1,1,2211,"ffn_moe_out-33","node_5570","ffn_moe_weighted-33 (view)"
594,74,MUL_MAT,0,31,5,2322,"ffn_shexp-33","blk.33.ffn_down_shexp.weight","ffn_swiglu-33"
594,77,MUL,0,2,1,2331,"ffn_shexp_gated-33","ffn_shexp-33","shared_expert_gate_sigmoid-33"
594,78,ADD,0,1,0,2332,"ffn_out-33","ffn_moe_out-33","ffn_shexp_gated-33"
594,152,RMS_NORM,0,1,0,3743,"norm-34","attn_output-34",""
595,5,MUL_MAT,0,296,95,706,"linear_attn_out-34","blk.34.ssm_out.weight","final_output-34"
595,34,SCALE,0,0,2,948,"ffn_moe_inp-34","node_5688",""
595,38,ARGSORT,0,20,0,1074,"ffn_moe_argsort-34","ffn_moe_probs-34",""
595,70,ADD,0,1,0,1710,"ffn_moe_out-34","node_5724","ffn_moe_weighted-34 (view)"
595,74,MUL_MAT,0,30,6,1938,"ffn_shexp-34","blk.34.ffn_down_shexp.weight","ffn_swiglu-34"
595,77,MUL,0,2,1,1947,"ffn_shexp_gated-34","ffn_shexp-34","shared_expert_gate_sigmoid-34"
595,78,ADD,0,1,1,1949,"ffn_out-34","ffn_moe_out-34","ffn_shexp_gated-34"
595,151,RMS_NORM,0,5,0,3060,"norm-35","indexer_k_pooled-35 (reshaped)",""
596,38,MUL_MAT,0,261,62,536,"attn_output-35","blk.35.attn_output.weight","attn_gated-35"
596,66,SCALE,0,0,1,781,"ffn_moe_inp-35","node_5875",""
596,70,ARGSORT,0,20,1,910,"ffn_moe_argsort-35","ffn_moe_probs-35",""
596,102,ADD,0,1,1,1995,"ffn_moe_out-35","node_5911","ffn_moe_weighted-35 (view)"
596,106,MUL_MAT,0,26,7,2098,"ffn_shexp-35","blk.35.ffn_down_shexp.weight","ffn_swiglu-35"
596,109,MUL,0,2,1,2106,"ffn_shexp_gated-35","ffn_shexp-35","shared_expert_gate_sigmoid-35"
596,110,ADD,0,1,0,2107,"ffn_out-35","ffn_moe_out-35","ffn_shexp_gated-35"
596,184,RMS_NORM,0,0,4,3457,"norm-36","attn_output-36",""
597,5,MUL_MAT,0,300,80,726,"linear_attn_out-36","blk.36.ssm_out.weight","final_output-36"
597,34,SCALE,0,0,1,985,"ffn_moe_inp-36","node_6029",""
597,38,ARGSORT,0,21,0,1116,"ffn_moe_argsort-36","ffn_moe_probs-36",""
597,70,ADD,0,1,0,2304,"ffn_moe_out-36","node_6065","ffn_moe_weighted-36 (view)"
597,74,MUL_MAT,0,30,7,2417,"ffn_shexp-36","blk.36.ffn_down_shexp.weight","ffn_swiglu-36"
597,77,MUL,0,2,0,2426,"ffn_shexp_gated-36","ffn_shexp-36","shared_expert_gate_sigmoid-36"
597,78,ADD,0,2,3,2431,"ffn_out-36","ffn_moe_out-36","ffn_shexp_gated-36"
597,152,RMS_NORM,0,1,1,3720,"norm-37","attn_output-37",""
598,5,MUL_MAT,0,272,55,637,"linear_attn_out-37","blk.37.ssm_out.weight","final_output-37"
598,34,SCALE,0,0,1,894,"ffn_moe_inp-37","node_6183",""
598,38,ARGSORT,0,22,0,1027,"ffn_moe_argsort-37","ffn_moe_probs-37",""
598,70,ADD,0,1,7,2102,"ffn_moe_out-37","node_6219","ffn_moe_weighted-37 (view)"
598,74,MUL_MAT,0,31,9,2222,"ffn_shexp-37","blk.37.ffn_down_shexp.weight","ffn_swiglu-37"
598,77,MUL,0,2,0,2229,"ffn_shexp_gated-37","ffn_shexp-37","shared_expert_gate_sigmoid-37"
598,78,ADD,0,1,8,2238,"ffn_out-37","ffn_moe_out-37","ffn_shexp_gated-37"
598,152,RMS_NORM,0,0,1,3625,"norm-38","attn_output-38",""
599,5,MUL_MAT,0,271,48,624,"linear_attn_out-38","blk.38.ssm_out.weight","final_output-38"
599,34,SCALE,0,0,2,880,"ffn_moe_inp-38","node_6337",""
599,38,ARGSORT,0,20,0,1017,"ffn_moe_argsort-38","ffn_moe_probs-38",""
599,70,ADD,0,1,0,1679,"ffn_moe_out-38","node_6373","ffn_moe_weighted-38 (view)"
599,74,MUL_MAT,0,26,12,1794,"ffn_shexp-38","blk.38.ffn_down_shexp.weight","ffn_swiglu-38"
599,77,MUL,0,2,1,1802,"ffn_shexp_gated-38","ffn_shexp-38","shared_expert_gate_sigmoid-38"
599,78,ADD,0,1,1,1804,"ffn_out-38","ffn_moe_out-38","ffn_shexp_gated-38"
599,87,ADD,0,2,1,1829,"l_last-38","hc_combine-38","node_6390"
600,0,GET_ROWS,0,3,7,11,"model.input_embed","token_embd.weight","inp_tokens"
600,69,RMS_NORM,0,1,1,1324,"norm-0","attn_output-0",""
601,5,MUL_MAT,0,266,73,661,"linear_attn_out-0","blk.0.ssm_out.weight","final_output-0"
601,34,SCALE,0,1,1,912,"ffn_moe_inp-0","node_104",""
601,38,ARGSORT,0,22,0,1038,"ffn_moe_argsort-0","ffn_moe_probs-0",""
601,70,ADD,0,1,2,1690,"ffn_moe_out-0","node_140","ffn_moe_weighted-0 (view)"
601,93,MUL_MAT,0,29,6,2515,"ffn_shexp-0","blk.0.ffn_down_shexp.weight","ffn_swiglu-0"
601,96,MUL,0,2,1,2523,"ffn_shexp_gated-0","ffn_shexp-0","shared_expert_gate_sigmoid-0"
601,97,ADD,0,1,0,2524,"ffn_out-0","ffn_moe_out-0","ffn_shexp_gated-0"
601,236,RMS_NORM,0,1,1,4294,"norm-1","attn_output-1",""
602,5,MUL_MAT,0,280,69,693,"linear_attn_out-1","blk.1.ssm_out.weight","final_output-1"
602,34,SCALE,0,1,1,955,"ffn_moe_inp-1","node_342",""
602,38,ARGSORT,0,21,0,1088,"ffn_moe_argsort-1","ffn_moe_probs-1",""
602,70,ADD,0,1,0,1768,"ffn_moe_out-1","node_378","ffn_moe_weighted-1 (view)"
602,74,MUL_MAT,0,31,6,1885,"ffn_shexp-1","blk.1.ffn_down_shexp.weight","ffn_swiglu-1"
602,77,MUL,0,2,0,1969,"ffn_shexp_gated-1","ffn_shexp-1","shared_expert_gate_sigmoid-1"
602,78,ADD,0,2,0,1971,"ffn_out-1","ffn_moe_out-1","ffn_shexp_gated-1"
602,152,RMS_NORM,0,0,2,3253,"norm-2","attn_output-2",""
603,5,MUL_MAT,0,185,157,672,"linear_attn_out-2","blk.2.ssm_out.weight","final_output-2"
603,34,SCALE,0,0,1,916,"ffn_moe_inp-2","node_496",""
603,38,ARGSORT,0,17,1,1045,"ffn_moe_argsort-2","ffn_moe_probs-2",""
603,70,ADD,0,1,0,2527,"ffn_moe_out-2","node_532","ffn_moe_weighted-2 (view)"
603,74,MUL_MAT,0,20,21,2642,"ffn_shexp-2","blk.2.ffn_down_shexp.weight","ffn_swiglu-2"
603,77,MUL,0,1,1,2649,"ffn_shexp_gated-2","ffn_shexp-2","shared_expert_gate_sigmoid-2"
603,78,ADD,0,1,0,2650,"ffn_out-2","ffn_moe_out-2","ffn_shexp_gated-2"
603,151,RMS_NORM,0,4,0,3628,"norm-3","indexer_k_pooled-3 (reshaped)",""
604,38,MUL_MAT,0,162,167,536,"attn_output-3","blk.3.attn_output.weight","attn_gated-3"
604,66,SCALE,0,0,2,768,"ffn_moe_inp-3","node_683",""
604,70,ARGSORT,0,18,0,895,"ffn_moe_argsort-3","ffn_moe_probs-3",""
604,102,ADD,0,1,1,1688,"ffn_moe_out-3","node_719","ffn_moe_weighted-3 (view)"
604,106,MUL_MAT,0,35,2,1810,"ffn_shexp-3","blk.3.ffn_down_shexp.weight","ffn_swiglu-3"
604,109,MUL,0,3,0,1822,"ffn_shexp_gated-3","ffn_shexp-3","shared_expert_gate_sigmoid-3"
604,110,ADD,0,18,1,1842,"ffn_out-3","ffn_moe_out-3","ffn_shexp_gated-3"
604,184,RMS_NORM,0,1,6,3496,"norm-4","attn_output-4",""
605,5,MUL_MAT,0,311,5,615,"linear_attn_out-4","blk.4.ssm_out.weight","final_output-4"
605,34,SCALE,0,1,1,872,"ffn_moe_inp-4","node_837",""
605,38,ARGSORT,0,43,0,1025,"ffn_moe_argsort-4","ffn_moe_probs-4",""
605,70,ADD,0,2,0,1792,"ffn_moe_out-4","node_873","ffn_moe_weighted-4 (view)"
605,74,MUL_MAT,0,35,2,1919,"ffn_shexp-4","blk.4.ffn_down_shexp.weight","ffn_swiglu-4"
605,77,MUL,0,3,0,1929,"ffn_shexp_gated-4","ffn_shexp-4","shared_expert_gate_sigmoid-4"
605,78,ADD,0,1,2,1933,"ffn_out-4","ffn_moe_out-4","ffn_shexp_gated-4"
605,152,RMS_NORM,0,0,15,3689,"norm-5","attn_output-5",""
606,5,MUL_MAT,0,335,15,805,"linear_attn_out-5","blk.5.ssm_out.weight","final_output-5"
606,34,SCALE,0,0,2,1067,"ffn_moe_inp-5","node_991",""
606,38,ARGSORT,0,22,0,1200,"ffn_moe_argsort-5","ffn_moe_probs-5",""
606,70,ADD,0,2,0,1879,"ffn_moe_out-5","node_1027","ffn_moe_weighted-5 (view)"
606,74,MUL_MAT,0,34,2,1999,"ffn_shexp-5","blk.5.ffn_down_shexp.weight","ffn_swiglu-5"
606,77,MUL,0,3,1,2011,"ffn_shexp_gated-5","ffn_shexp-5","shared_expert_gate_sigmoid-5"
606,78,ADD,0,1,2,2014,"ffn_out-5","ffn_moe_out-5","ffn_shexp_gated-5"
606,152,RMS_NORM,0,1,2,3643,"norm-6","attn_output-6",""
607,5,MUL_MAT,0,314,12,643,"linear_attn_out-6","blk.6.ssm_out.weight","final_output-6"
607,34,SCALE,0,0,2,894,"ffn_moe_inp-6","node_1145",""
607,38,ARGSORT,0,22,0,1034,"ffn_moe_argsort-6","ffn_moe_probs-6",""
607,70,ADD,0,1,1,1705,"ffn_moe_out-6","node_1181","ffn_moe_weighted-6 (view)"
607,74,MUL_MAT,0,33,5,1824,"ffn_shexp-6","blk.6.ffn_down_shexp.weight","ffn_swiglu-6"
607,77,MUL,0,3,0,1834,"ffn_shexp_gated-6","ffn_shexp-6","shared_expert_gate_sigmoid-6"
607,78,ADD,0,2,1,1837,"ffn_out-6","ffn_moe_out-6","ffn_shexp_gated-6"
607,151,RMS_NORM,0,8,1,2851,"norm-7","indexer_k_pooled-7 (reshaped)",""
608,38,MUL_MAT,0,306,8,533,"attn_output-7","blk.7.attn_output.weight","attn_gated-7"
608,66,SCALE,0,0,1,781,"ffn_moe_inp-7","node_1332",""
608,70,ARGSORT,0,21,0,906,"ffn_moe_argsort-7","ffn_moe_probs-7",""
608,102,ADD,0,1,1,1563,"ffn_moe_out-7","node_1368","ffn_moe_weighted-7 (view)"
608,106,MUL_MAT,0,33,1,1671,"ffn_shexp-7","blk.7.ffn_down_shexp.weight","ffn_swiglu-7"
608,109,MUL,0,3,1,1681,"ffn_shexp_gated-7","ffn_shexp-7","shared_expert_gate_sigmoid-7"
608,110,ADD,0,2,0,1683,"ffn_out-7","ffn_moe_out-7","ffn_shexp_gated-7"
608,184,RMS_NORM,0,1,1,3337,"norm-8","attn_output-8",""
609,5,MUL_MAT,0,321,1,640,"linear_attn_out-8","blk.8.ssm_out.weight","final_output-8"
609,34,SCALE,0,0,1,991,"ffn_moe_inp-8","node_1486",""
609,38,ARGSORT,0,23,0,1118,"ffn_moe_argsort-8","ffn_moe_probs-8",""
609,70,ADD,0,1,1,1775,"ffn_moe_out-8","node_1522","ffn_moe_weighted-8 (view)"
609,74,MUL_MAT,0,36,8,1908,"ffn_shexp-8","blk.8.ffn_down_shexp.weight","ffn_swiglu-8"
609,77,MUL,0,3,0,1918,"ffn_shexp_gated-8","ffn_shexp-8","shared_expert_gate_sigmoid-8"
609,78,ADD,0,1,0,1920,"ffn_out-8","ffn_moe_out-8","ffn_shexp_gated-8"
609,152,RMS_NORM,0,0,2,3595,"norm-9","attn_output-9",""
610,5,MUL_MAT,0,315,15,655,"linear_attn_out-9","blk.9.ssm_out.weight","final_output-9"
610,34,SCALE,0,0,1,915,"ffn_moe_inp-9","node_1640",""
610,38,ARGSORT,0,22,0,1044,"ffn_moe_argsort-9","ffn_moe_probs-9",""
610,70,ADD,0,1,1,1714,"ffn_moe_out-9","node_1676","ffn_moe_weighted-9 (view)"
610,74,MUL_MAT,0,36,6,1837,"ffn_shexp-9","blk.9.ffn_down_shexp.weight","ffn_swiglu-9"
610,77,MUL,0,4,0,1847,"ffn_shexp_gated-9","ffn_shexp-9","shared_expert_gate_sigmoid-9"
610,78,ADD,0,2,0,1849,"ffn_out-9","ffn_moe_out-9","ffn_shexp_gated-9"
610,152,RMS_NORM,0,1,0,3552,"norm-10","attn_output-10",""
611,5,MUL_MAT,0,322,10,648,"linear_attn_out-10","blk.10.ssm_out.weight","final_output-10"
611,34,SCALE,0,0,2,938,"ffn_moe_inp-10","node_1794",""
611,38,ARGSORT,0,22,0,1068,"ffn_moe_argsort-10","ffn_moe_probs-10",""
611,70,ADD,0,2,0,1779,"ffn_moe_out-10","node_1830","ffn_moe_weighted-10 (view)"
611,74,MUL_MAT,0,38,4,1904,"ffn_shexp-10","blk.10.ffn_down_shexp.weight","ffn_swiglu-10"
611,77,MUL,0,3,0,1925,"ffn_shexp_gated-10","ffn_shexp-10","shared_expert_gate_sigmoid-10"
611,78,ADD,0,1,0,1927,"ffn_out-10","ffn_moe_out-10","ffn_shexp_gated-10"
611,151,RMS_NORM,0,5,0,3071,"norm-11","indexer_k_pooled-11 (reshaped)",""
612,38,MUL_MAT,0,249,64,527,"attn_output-11","blk.11.attn_output.weight","attn_gated-11"
612,66,SCALE,0,0,2,778,"ffn_moe_inp-11","node_1981",""
612,70,ARGSORT,0,20,0,907,"ffn_moe_argsort-11","ffn_moe_probs-11",""
612,102,ADD,0,1,13,1654,"ffn_moe_out-11","node_2017","ffn_moe_weighted-11 (view)"
612,106,MUL_MAT,0,30,47,1809,"ffn_shexp-11","blk.11.ffn_down_shexp.weight","ffn_swiglu-11"
612,109,MUL,0,2,1,1823,"ffn_shexp_gated-11","ffn_shexp-11","shared_expert_gate_sigmoid-11"
612,110,ADD,0,1,0,1824,"ffn_out-11","ffn_moe_out-11","ffn_shexp_gated-11"
612,184,RMS_NORM,0,0,2,3297,"norm-12","attn_output-12",""
613,5,MUL_MAT,0,283,49,656,"linear_attn_out-12","blk.12.ssm_out.weight","final_output-12"
613,34,SCALE,0,0,2,904,"ffn_moe_inp-12","node_2135",""
613,38,ARGSORT,0,21,0,1038,"ffn_moe_argsort-12","ffn_moe_probs-12",""
613,70,ADD,0,2,0,1697,"ffn_moe_out-12","node_2171","ffn_moe_weighted-12 (view)"
613,74,MUL_MAT,0,33,4,1823,"ffn_shexp-12","blk.12.ffn_down_shexp.weight","ffn_swiglu-12"
613,77,MUL,0,2,0,1831,"ffn_shexp_gated-12","ffn_shexp-12","shared_expert_gate_sigmoid-12"
613,78,ADD,0,1,0,1833,"ffn_out-12","ffn_moe_out-12","ffn_shexp_gated-12"
613,152,RMS_NORM,0,1,1,3153,"norm-13","attn_output-13",""
614,5,MUL_MAT,0,288,69,731,"linear_attn_out-13","blk.13.ssm_out.weight","final_output-13"
614,34,SCALE,0,0,2,1014,"ffn_moe_inp-13","node_2289",""
614,38,ARGSORT,0,20,0,1147,"ffn_moe_argsort-13","ffn_moe_probs-13",""
614,70,ADD,0,1,1,1807,"ffn_moe_out-13","node_2325","ffn_moe_weighted-13 (view)"
614,74,MUL_MAT,0,33,4,1929,"ffn_shexp-13","blk.13.ffn_down_shexp.weight","ffn_swiglu-13"
614,77,MUL,0,2,0,1941,"ffn_shexp_gated-13","ffn_shexp-13","shared_expert_gate_sigmoid-13"
614,78,ADD,0,1,0,1943,"ffn_out-13","ffn_moe_out-13","ffn_shexp_gated-13"
614,152,RMS_NORM,0,0,2,3227,"norm-14","attn_output-14",""
615,5,MUL_MAT,0,277,52,646,"linear_attn_out-14","blk.14.ssm_out.weight","final_output-14"
615,34,SCALE,0,0,5,886,"ffn_moe_inp-14","node_2443",""
615,38,ARGSORT,0,20,0,1015,"ffn_moe_argsort-14","ffn_moe_probs-14",""
615,70,ADD,0,1,1,1712,"ffn_moe_out-14","node_2479","ffn_moe_weighted-14 (view)"
615,74,MUL_MAT,0,28,25,1848,"ffn_shexp-14","blk.14.ffn_down_shexp.weight","ffn_swiglu-14"
615,77,MUL,0,2,0,1856,"ffn_shexp_gated-14","ffn_shexp-14","shared_expert_gate_sigmoid-14"
615,78,ADD,0,2,0,1858,"ffn_out-14","ffn_moe_out-14","ffn_shexp_gated-14"
615,151,RMS_NORM,0,4,1,3065,"norm-15","indexer_k_pooled-15 (reshaped)",""
616,38,MUL_MAT,0,161,157,531,"attn_output-15","blk.15.attn_output.weight","attn_gated-15"
616,66,SCALE,0,0,2,950,"ffn_moe_inp-15","node_2630",""
616,70,ARGSORT,0,18,0,1067,"ffn_moe_argsort-15","ffn_moe_probs-15",""
616,102,ADD,0,1,0,1712,"ffn_moe_out-15","node_2666","ffn_moe_weighted-15 (view)"
616,106,MUL_MAT,0,29,7,1827,"ffn_shexp-15","blk.15.ffn_down_shexp.weight","ffn_swiglu-15"
616,109,MUL,0,2,0,1835,"ffn_shexp_gated-15","ffn_shexp-15","shared_expert_gate_sigmoid-15"
616,110,ADD,0,1,0,1836,"ffn_out-15","ffn_moe_out-15","ffn_shexp_gated-15"
616,184,RMS_NORM,0,0,2,3274,"norm-16","attn_output-16",""
617,5,MUL_MAT,0,174,158,637,"linear_attn_out-16","blk.16.ssm_out.weight","final_output-16"
617,34,SCALE,0,0,1,881,"ffn_moe_inp-16","node_2784",""
617,38,ARGSORT,0,17,1,1008,"ffn_moe_argsort-16","ffn_moe_probs-16",""
617,70,ADD,0,2,0,1715,"ffn_moe_out-16","node_2820","ffn_moe_weighted-16 (view)"
617,74,MUL_MAT,0,36,4,1845,"ffn_shexp-16","blk.16.ffn_down_shexp.weight","ffn_swiglu-16"
617,77,MUL,0,2,0,1854,"ffn_shexp_gated-16","ffn_shexp-16","shared_expert_gate_sigmoid-16"
617,78,ADD,0,0,1,1856,"ffn_out-16","ffn_moe_out-16","ffn_shexp_gated-16"
617,152,RMS_NORM,0,1,1,3323,"norm-17","attn_output-17",""
618,5,MUL_MAT,0,260,63,632,"linear_attn_out-17","blk.17.ssm_out.weight","final_output-17"
618,34,SCALE,0,1,2,882,"ffn_moe_inp-17","node_2938",""
618,38,ARGSORT,0,21,0,1008,"ffn_moe_argsort-17","ffn_moe_probs-17",""
618,70,ADD,0,1,0,1671,"ffn_moe_out-17","node_2974","ffn_moe_weighted-17 (view)"
618,74,MUL_MAT,0,32,11,1797,"ffn_shexp-17","blk.17.ffn_down_shexp.weight","ffn_swiglu-17"
618,77,MUL,0,2,0,1827,"ffn_shexp_gated-17","ffn_shexp-17","shared_expert_gate_sigmoid-17"
618,78,ADD,0,2,0,1829,"ffn_out-17","ffn_moe_out-17","ffn_shexp_gated-17"
618,152,RMS_NORM,0,1,2,3230,"norm-18","attn_output-18",""
619,5,MUL_MAT,0,242,117,685,"linear_attn_out-18","blk.18.ssm_out.weight","final_output-18"
619,34,SCALE,0,1,8,1182,"ffn_moe_inp-18","node_3092",""
619,38,ARGSORT,0,23,1,1321,"ffn_moe_argsort-18","ffn_moe_probs-18",""
619,70,ADD,0,2,0,2156,"ffn_moe_out-18","node_3128","ffn_moe_weighted-18 (view)"
619,74,MUL_MAT,0,34,2,2273,"ffn_shexp-18","blk.18.ffn_down_shexp.weight","ffn_swiglu-18"
619,77,MUL,0,3,1,2284,"ffn_shexp_gated-18","ffn_shexp-18","shared_expert_gate_sigmoid-18"
619,78,ADD,0,2,0,2286,"ffn_out-18","ffn_moe_out-18","ffn_shexp_gated-18"
619,151,RMS_NORM,0,8,2,3328,"norm-19","indexer_k_pooled-19 (reshaped)",""
620,38,MUL_MAT,0,315,2,531,"attn_output-19","blk.19.attn_output.weight","attn_gated-19"
620,66,SCALE,0,0,1,792,"ffn_moe_inp-19","node_3279",""
620,70,ARGSORT,0,22,1,921,"ffn_moe_argsort-19","ffn_moe_probs-19",""
620,102,ADD,0,1,1,1705,"ffn_moe_out-19","node_3315","ffn_moe_weighted-19 (view)"
620,106,MUL_MAT,0,34,7,1828,"ffn_shexp-19","blk.19.ffn_down_shexp.weight","ffn_swiglu-19"
620,109,MUL,0,3,1,1839,"ffn_shexp_gated-19","ffn_shexp-19","shared_expert_gate_sigmoid-19"
620,110,ADD,0,2,1,1842,"ffn_out-19","ffn_moe_out-19","ffn_shexp_gated-19"
620,184,RMS_NORM,0,0,1,3459,"norm-20","attn_output-20",""
621,5,MUL_MAT,0,298,22,618,"linear_attn_out-20","blk.20.ssm_out.weight","final_output-20"
621,34,SCALE,0,0,2,901,"ffn_moe_inp-20","node_3433",""
621,38,ARGSORT,0,23,0,1027,"ffn_moe_argsort-20","ffn_moe_probs-20",""
621,70,ADD,0,2,0,2164,"ffn_moe_out-20","node_3469","ffn_moe_weighted-20 (view)"
621,74,MUL_MAT,0,36,2,2286,"ffn_shexp-20","blk.20.ffn_down_shexp.weight","ffn_swiglu-20"
621,77,MUL,0,4,0,2295,"ffn_shexp_gated-20","ffn_shexp-20","shared_expert_gate_sigmoid-20"
621,78,ADD,0,1,0,2297,"ffn_out-20","ffn_moe_out-20","ffn_shexp_gated-20"
621,152,RMS_NORM,0,0,4,4046,"norm-21","attn_output-21",""
622,5,MUL_MAT,0,315,7,632,"linear_attn_out-21","blk.21.ssm_out.weight","final_output-21"
622,34,SCALE,0,0,2,921,"ffn_moe_inp-21","node_3587",""
622,38,ARGSORT,0,22,0,1050,"ffn_moe_argsort-21","ffn_moe_probs-21",""
622,70,ADD,0,1,1,1734,"ffn_moe_out-21","node_3623","ffn_moe_weighted-21 (view)"
622,74,MUL_MAT,0,35,6,1855,"ffn_shexp-21","blk.21.ffn_down_shexp.weight","ffn_swiglu-21"
622,77,MUL,0,3,0,1866,"ffn_shexp_gated-21","ffn_shexp-21","shared_expert_gate_sigmoid-21"
622,78,ADD,0,1,1,1869,"ffn_out-21","ffn_moe_out-21","ffn_shexp_gated-21"
622,152,RMS_NORM,0,0,1,3802,"norm-22","attn_output-22",""
623,5,MUL_MAT,0,312,19,640,"linear_attn_out-22","blk.22.ssm_out.weight","final_output-22"
623,34,SCALE,0,1,1,1013,"ffn_moe_inp-22","node_3741",""
623,38,ARGSORT,0,22,1,1146,"ffn_moe_argsort-22","ffn_moe_probs-22",""
623,70,ADD,0,1,1,1799,"ffn_moe_out-22","node_3777","ffn_moe_weighted-22 (view)"
623,74,MUL_MAT,0,35,6,1917,"ffn_shexp-22","blk.22.ffn_down_shexp.weight","ffn_swiglu-22"
623,77,MUL,0,3,0,1927,"ffn_shexp_gated-22","ffn_shexp-22","shared_expert_gate_sigmoid-22"
623,78,ADD,0,2,0,1929,"ffn_out-22","ffn_moe_out-22","ffn_shexp_gated-22"
623,151,RMS_NORM,0,8,1,2947,"norm-23","indexer_k_pooled-23 (reshaped)",""
624,38,MUL_MAT,0,320,14,604,"attn_output-23","blk.23.attn_output.weight","attn_gated-23"
624,66,SCALE,0,0,13,925,"ffn_moe_inp-23","node_3928",""
624,70,ARGSORT,0,21,1,1072,"ffn_moe_argsort-23","ffn_moe_probs-23",""
624,102,ADD,0,1,1,1827,"ffn_moe_out-23","node_3964","ffn_moe_weighted-23 (view)"
624,106,MUL_MAT,0,31,5,1936,"ffn_shexp-23","blk.23.ffn_down_shexp.weight","ffn_swiglu-23"
624,109,MUL,0,3,1,1946,"ffn_shexp_gated-23","ffn_shexp-23","shared_expert_gate_sigmoid-23"
624,110,ADD,0,1,102,2049,"ffn_out-23","ffn_moe_out-23","ffn_shexp_gated-23"
624,184,RMS_NORM,0,0,1,3595,"norm-24","attn_output-24",""
625,5,MUL_MAT,0,294,20,610,"linear_attn_out-24","blk.24.ssm_out.weight","final_output-24"
625,34,SCALE,0,1,1,853,"ffn_moe_inp-24","node_4082",""
625,38,ARGSORT,0,22,1,978,"ffn_moe_argsort-24","ffn_moe_probs-24",""
625,70,ADD,0,1,0,1760,"ffn_moe_out-24","node_4118","ffn_moe_weighted-24 (view)"
625,74,MUL_MAT,0,36,3,1895,"ffn_shexp-24","blk.24.ffn_down_shexp.weight","ffn_swiglu-24"
625,77,MUL,0,3,0,1905,"ffn_shexp_gated-24","ffn_shexp-24","shared_expert_gate_sigmoid-24"
625,78,ADD,0,1,1,1908,"ffn_out-24","ffn_moe_out-24","ffn_shexp_gated-24"
625,152,RMS_NORM,0,1,1,3613,"norm-25","attn_output-25",""
626,5,MUL_MAT,0,294,16,620,"linear_attn_out-25","blk.25.ssm_out.weight","final_output-25"
626,34,SCALE,0,0,2,858,"ffn_moe_inp-25","node_4236",""
626,38,ARGSORT,0,21,1,982,"ffn_moe_argsort-25","ffn_moe_probs-25",""
626,70,ADD,0,0,1,1762,"ffn_moe_out-25","node_4272","ffn_moe_weighted-25 (view)"
626,74,MUL_MAT,0,24,19,1895,"ffn_shexp-25","blk.25.ffn_down_shexp.weight","ffn_swiglu-25"
626,77,MUL,0,2,0,1903,"ffn_shexp_gated-25","ffn_shexp-25","shared_expert_gate_sigmoid-25"
626,78,ADD,0,0,1,1905,"ffn_out-25","ffn_moe_out-25","ffn_shexp_gated-25"
626,152,RMS_NORM,0,0,24,3289,"norm-26","attn_output-26",""
627,5,MUL_MAT,0,273,62,671,"linear_attn_out-26","blk.26.ssm_out.weight","final_output-26"
627,34,SCALE,0,0,7,965,"ffn_moe_inp-26","node_4390",""
627,38,ARGSORT,0,23,1,1101,"ffn_moe_argsort-26","ffn_moe_probs-26",""
627,70,ADD,0,1,1,1863,"ffn_moe_out-26","node_4426","ffn_moe_weighted-26 (view)"
627,74,MUL_MAT,0,32,9,1986,"ffn_shexp-26","blk.26.ffn_down_shexp.weight","ffn_swiglu-26"
627,77,MUL,0,2,0,1996,"ffn_shexp_gated-26","ffn_shexp-26","shared_expert_gate_sigmoid-26"
627,78,ADD,0,2,0,1998,"ffn_out-26","ffn_moe_out-26","ffn_shexp_gated-26"
627,151,RMS_NORM,0,4,0,3041,"norm-27","indexer_k_pooled-27 (reshaped)",""
628,38,MUL_MAT,0,249,62,513,"attn_output-27","blk.27.attn_output.weight","attn_gated-27"
628,66,SCALE,0,0,1,734,"ffn_moe_inp-27","node_4577",""
628,70,ARGSORT,0,21,1,863,"ffn_moe_argsort-27","ffn_moe_probs-27",""
628,102,ADD,0,1,1,1645,"ffn_moe_out-27","node_4613","ffn_moe_weighted-27 (view)"
628,106,MUL_MAT,0,30,5,1754,"ffn_shexp-27","blk.27.ffn_down_shexp.weight","ffn_swiglu-27"
628,109,MUL,0,2,0,1763,"ffn_shexp_gated-27","ffn_shexp-27","shared_expert_gate_sigmoid-27"
628,110,ADD,0,1,1,1765,"ffn_out-27","ffn_moe_out-27","ffn_shexp_gated-27"
628,184,RMS_NORM,0,1,7,3035,"norm-28","attn_output-28",""
629,5,MUL_MAT,0,167,149,633,"linear_attn_out-28","blk.28.ssm_out.weight","final_output-28"
629,34,SCALE,0,0,1,855,"ffn_moe_inp-28","node_4731",""
629,38,ARGSORT,0,19,0,984,"ffn_moe_argsort-28","ffn_moe_probs-28",""
629,70,ADD,0,1,0,1614,"ffn_moe_out-28","node_4767","ffn_moe_weighted-28 (view)"
629,74,MUL_MAT,0,27,20,1739,"ffn_shexp-28","blk.28.ffn_down_shexp.weight","ffn_swiglu-28"
629,77,MUL,0,2,0,1750,"ffn_shexp_gated-28","ffn_shexp-28","shared_expert_gate_sigmoid-28"
629,78,ADD,0,1,1,1752,"ffn_out-28","ffn_moe_out-28","ffn_shexp_gated-28"
629,152,RMS_NORM,0,0,1,3029,"norm-29","attn_output-29",""
630,5,MUL_MAT,0,214,136,697,"linear_attn_out-29","blk.29.ssm_out.weight","final_output-29"
630,34,SCALE,0,0,2,945,"ffn_moe_inp-29","node_4885",""
630,38,ARGSORT,0,17,1,1082,"ffn_moe_argsort-29","ffn_moe_probs-29",""
630,70,ADD,0,0,1,1962,"ffn_moe_out-29","node_4921","ffn_moe_weighted-29 (view)"
630,74,MUL_MAT,0,18,20,2080,"ffn_shexp-29","blk.29.ffn_down_shexp.weight","ffn_swiglu-29"
630,77,MUL,0,2,0,2088,"ffn_shexp_gated-29","ffn_shexp-29","shared_expert_gate_sigmoid-29"
630,78,ADD,0,1,0,2089,"ffn_out-29","ffn_moe_out-29","ffn_shexp_gated-29"
630,152,RMS_NORM,0,0,2,3286,"norm-30","attn_output-30",""
631,5,MUL_MAT,0,164,160,639,"linear_attn_out-30","blk.30.ssm_out.weight","final_output-30"
631,34,SCALE,0,0,1,864,"ffn_moe_inp-30","node_5039",""
631,38,ARGSORT,0,17,0,988,"ffn_moe_argsort-30","ffn_moe_probs-30",""
631,70,ADD,0,0,1,1927,"ffn_moe_out-30","node_5075","ffn_moe_weighted-30 (view)"
631,74,MUL_MAT,0,22,24,2058,"ffn_shexp-30","blk.30.ffn_down_shexp.weight","ffn_swiglu-30"
631,77,MUL,0,2,8,2078,"ffn_shexp_gated-30","ffn_shexp-30","shared_expert_gate_sigmoid-30"
631,78,ADD,0,1,0,2079,"ffn_out-30","ffn_moe_out-30","ffn_shexp_gated-30"
631,151,RMS_NORM,0,5,1,3226,"norm-31","indexer_k_pooled-31 (reshaped)",""
632,38,MUL_MAT,0,252,53,519,"attn_output-31","blk.31.attn_output.weight","attn_gated-31"
632,66,SCALE,0,0,0,767,"ffn_moe_inp-31","node_5226",""
632,70,ARGSORT,0,22,0,890,"ffn_moe_argsort-31","ffn_moe_probs-31",""
632,102,ADD,0,1,1,1508,"ffn_moe_out-31","node_5262","ffn_moe_weighted-31 (view)"
632,106,MUL_MAT,0,27,9,1630,"ffn_shexp-31","blk.31.ffn_down_shexp.weight","ffn_swiglu-31"
632,109,MUL,0,2,0,1643,"ffn_shexp_gated-31","ffn_shexp-31","shared_expert_gate_sigmoid-31"
632,110,ADD,0,1,1,1645,"ffn_out-31","ffn_moe_out-31","ffn_shexp_gated-31"
632,184,RMS_NORM,0,1,2,2965,"norm-32","attn_output-32",""
633,5,MUL_MAT,0,287,39,649,"linear_attn_out-32","blk.32.ssm_out.weight","final_output-32"
633,34,SCALE,0,1,1,878,"ffn_moe_inp-32","node_5380",""
633,38,ARGSORT,0,21,0,1007,"ffn_moe_argsort-32","ffn_moe_probs-32",""
633,70,ADD,0,2,0,1647,"ffn_moe_out-32","node_5416","ffn_moe_weighted-32 (view)"
633,74,MUL_MAT,0,29,12,1762,"ffn_shexp-32","blk.32.ffn_down_shexp.weight","ffn_swiglu-32"
633,77,MUL,0,2,0,1770,"ffn_shexp_gated-32","ffn_shexp-32","shared_expert_gate_sigmoid-32"
633,78,ADD,0,1,0,1772,"ffn_out-32","ffn_moe_out-32","ffn_shexp_gated-32"
633,152,RMS_NORM,0,1,0,3057,"norm-33","attn_output-33",""
634,5,MUL_MAT,0,285,54,681,"linear_attn_out-33","blk.33.ssm_out.weight","final_output-33"
634,34,SCALE,0,0,2,939,"ffn_moe_inp-33","node_5534",""
634,38,ARGSORT,0,38,0,1084,"ffn_moe_argsort-33","ffn_moe_probs-33",""
634,70,ADD,0,1,1,1903,"ffn_moe_out-33","node_5570","ffn_moe_weighted-33 (view)"
634,74,MUL_MAT,0,32,7,2124,"ffn_shexp-33","blk.33.ffn_down_shexp.weight","ffn_swiglu-33"
634,77,MUL,0,2,1,2141,"ffn_shexp_gated-33","ffn_shexp-33","shared_expert_gate_sigmoid-33"
634,78,ADD,0,1,0,2142,"ffn_out-33","ffn_moe_out-33","ffn_shexp_gated-33"
634,152,RMS_NORM,0,0,2,3434,"norm-34","attn_output-34",""
635,5,MUL_MAT,0,253,60,623,"linear_attn_out-34","blk.34.ssm_out.weight","final_output-34"
635,34,SCALE,0,0,2,977,"ffn_moe_inp-34","node_5688",""
635,38,ARGSORT,0,19,1,1108,"ffn_moe_argsort-34","ffn_moe_probs-34",""
635,70,ADD,0,1,1,1831,"ffn_moe_out-34","node_5724","ffn_moe_weighted-34 (view)"
635,74,MUL_MAT,0,32,6,1967,"ffn_shexp-34","blk.34.ffn_down_shexp.weight","ffn_swiglu-34"
635,77,MUL,0,2,0,1974,"ffn_shexp_gated-34","ffn_shexp-34","shared_expert_gate_sigmoid-34"
635,78,ADD,0,1,0,1976,"ffn_out-34","ffn_moe_out-34","ffn_shexp_gated-34"
635,151,RMS_NORM,0,5,0,3181,"norm-35","indexer_k_pooled-35 (reshaped)",""
636,38,MUL_MAT,0,251,62,538,"attn_output-35","blk.35.attn_output.weight","attn_gated-35"
636,66,SCALE,0,0,2,771,"ffn_moe_inp-35","node_5875",""
636,70,ARGSORT,0,22,0,895,"ffn_moe_argsort-35","ffn_moe_probs-35",""
636,102,ADD,0,1,1,2086,"ffn_moe_out-35","node_5911","ffn_moe_weighted-35 (view)"
636,106,MUL_MAT,0,27,9,2203,"ffn_shexp-35","blk.35.ffn_down_shexp.weight","ffn_swiglu-35"
636,109,MUL,0,2,0,2210,"ffn_shexp_gated-35","ffn_shexp-35","shared_expert_gate_sigmoid-35"
636,110,ADD,0,1,1,2212,"ffn_out-35","ffn_moe_out-35","ffn_shexp_gated-35"
636,184,RMS_NORM,0,1,1,3556,"norm-36","attn_output-36",""
637,5,MUL_MAT,0,269,70,680,"linear_attn_out-36","blk.36.ssm_out.weight","final_output-36"
637,34,SCALE,0,0,2,943,"ffn_moe_inp-36","node_6029",""
637,38,ARGSORT,0,20,1,1071,"ffn_moe_argsort-36","ffn_moe_probs-36",""
637,70,ADD,0,1,0,1707,"ffn_moe_out-36","node_6065","ffn_moe_weighted-36 (view)"
637,74,MUL_MAT,0,25,12,1822,"ffn_shexp-36","blk.36.ffn_down_shexp.weight","ffn_swiglu-36"
637,77,MUL,0,2,0,1830,"ffn_shexp_gated-36","ffn_shexp-36","shared_expert_gate_sigmoid-36"
637,78,ADD,0,1,1,1832,"ffn_out-36","ffn_moe_out-36","ffn_shexp_gated-36"
637,152,RMS_NORM,0,0,2,3349,"norm-37","attn_output-37",""
638,5,MUL_MAT,0,186,159,688,"linear_attn_out-37","blk.37.ssm_out.weight","final_output-37"
638,34,SCALE,0,1,1,939,"ffn_moe_inp-37","node_6183",""
638,38,ARGSORT,0,18,0,1061,"ffn_moe_argsort-37","ffn_moe_probs-37",""
638,70,ADD,0,1,1,1774,"ffn_moe_out-37","node_6219","ffn_moe_weighted-37 (view)"
638,74,MUL_MAT,0,22,20,1945,"ffn_shexp-37","blk.37.ffn_down_shexp.weight","ffn_swiglu-37"
638,77,MUL,0,2,0,1953,"ffn_shexp_gated-37","ffn_shexp-37","shared_expert_gate_sigmoid-37"
638,78,ADD,0,1,0,1954,"ffn_out-37","ffn_moe_out-37","ffn_shexp_gated-37"
638,152,RMS_NORM,0,1,0,3366,"norm-38","attn_output-38",""
639,5,MUL_MAT,0,264,108,693,"linear_attn_out-38","blk.38.ssm_out.weight","final_output-38"
639,34,SCALE,0,0,1,953,"ffn_moe_inp-38","node_6337",""
639,38,ARGSORT,0,20,1,1080,"ffn_moe_argsort-38","ffn_moe_probs-38",""
639,70,ADD,0,2,3,2257,"ffn_moe_out-38","node_6373","ffn_moe_weighted-38 (view)"
639,74,MUL_MAT,0,38,8,2393,"ffn_shexp-38","blk.38.ffn_down_shexp.weight","ffn_swiglu-38"
639,77,MUL,0,2,0,2405,"ffn_shexp_gated-38","ffn_shexp-38","shared_expert_gate_sigmoid-38"
639,78,ADD,0,2,1,2408,"ffn_out-38","ffn_moe_out-38","ffn_shexp_gated-38"
639,87,ADD,0,2,3,2436,"l_last-38","hc_combine-38","node_6390"
640,0,GET_ROWS,0,2,2,5,"model.input_embed","token_embd.weight","inp_tokens"
640,69,RMS_NORM,0,1,0,1555,"norm-0","attn_output-0",""
641,5,MUL_MAT,0,333,0,639,"linear_attn_out-0","blk.0.ssm_out.weight","final_output-0"
641,34,SCALE,0,0,2,898,"ffn_moe_inp-0","node_104",""
641,38,ARGSORT,0,24,1,1029,"ffn_moe_argsort-0","ffn_moe_probs-0",""
641,70,ADD,0,1,1,1688,"ffn_moe_out-0","node_140","ffn_moe_weighted-0 (view)"
641,93,MUL_MAT,0,34,1,2575,"ffn_shexp-0","blk.0.ffn_down_shexp.weight","ffn_swiglu-0"
641,96,MUL,0,3,1,2585,"ffn_shexp_gated-0","ffn_shexp-0","shared_expert_gate_sigmoid-0"
641,97,ADD,0,2,0,2587,"ffn_out-0","ffn_moe_out-0","ffn_shexp_gated-0"
641,236,RMS_NORM,0,0,1,4820,"norm-1","attn_output-1",""
642,5,MUL_MAT,0,313,6,639,"linear_attn_out-1","blk.1.ssm_out.weight","final_output-1"
642,34,SCALE,0,0,2,891,"ffn_moe_inp-1","node_342",""
642,38,ARGSORT,0,23,0,1029,"ffn_moe_argsort-1","ffn_moe_probs-1",""
642,70,ADD,0,1,0,2269,"ffn_moe_out-1","node_378","ffn_moe_weighted-1 (view)"
642,74,MUL_MAT,0,35,2,2398,"ffn_shexp-1","blk.1.ffn_down_shexp.weight","ffn_swiglu-1"
642,77,MUL,0,3,1,2407,"ffn_shexp_gated-1","ffn_shexp-1","shared_expert_gate_sigmoid-1"
642,78,ADD,0,1,0,2408,"ffn_out-1","ffn_moe_out-1","ffn_shexp_gated-1"
642,152,RMS_NORM,0,1,0,4264,"norm-2","attn_output-2",""
643,5,MUL_MAT,0,311,2,628,"linear_attn_out-2","blk.2.ssm_out.weight","final_output-2"
643,34,SCALE,0,1,6,900,"ffn_moe_inp-2","node_496",""
643,38,ARGSORT,0,23,1,1026,"ffn_moe_argsort-2","ffn_moe_probs-2",""
643,70,ADD,0,1,1,3120,"ffn_moe_out-2","node_532","ffn_moe_weighted-2 (view)"
643,74,MUL_MAT,0,40,2,3250,"ffn_shexp-2","blk.2.ffn_down_shexp.weight","ffn_swiglu-2"
643,77,MUL,0,3,1,3266,"ffn_shexp_gated-2","ffn_shexp-2","shared_expert_gate_sigmoid-2"
643,78,ADD,0,1,1,3268,"ffn_out-2","ffn_moe_out-2","ffn_shexp_gated-2"
643,151,RMS_NORM,0,8,1,4338,"norm-3","indexer_k_pooled-3 (reshaped)",""
644,38,MUL_MAT,0,300,14,524,"attn_output-3","blk.3.attn_output.weight","attn_gated-3"
644,66,SCALE,0,0,2,794,"ffn_moe_inp-3","node_683",""
644,70,ARGSORT,0,21,1,917,"ffn_moe_argsort-3","ffn_moe_probs-3",""
644,102,ADD,0,1,0,1957,"ffn_moe_out-3","node_719","ffn_moe_weighted-3 (view)"
644,106,MUL_MAT,0,32,1,2070,"ffn_shexp-3","blk.3.ffn_down_shexp.weight","ffn_swiglu-3"
644,109,MUL,0,3,1,2081,"ffn_shexp_gated-3","ffn_shexp-3","shared_expert_gate_sigmoid-3"
644,110,ADD,0,1,1,2083,"ffn_out-3","ffn_moe_out-3","ffn_shexp_gated-3"
644,184,RMS_NORM,0,1,2,3687,"norm-4","attn_output-4",""
645,5,MUL_MAT,0,273,52,654,"linear_attn_out-4","blk.4.ssm_out.weight","final_output-4"
645,34,SCALE,0,0,1,897,"ffn_moe_inp-4","node_837",""
645,38,ARGSORT,0,21,0,1021,"ffn_moe_argsort-4","ffn_moe_probs-4",""
645,70,ADD,0,1,1,2554,"ffn_moe_out-4","node_873","ffn_moe_weighted-4 (view)"
645,74,MUL_MAT,0,32,5,2667,"ffn_shexp-4","blk.4.ffn_down_shexp.weight","ffn_swiglu-4"
645,77,MUL,0,2,0,2675,"ffn_shexp_gated-4","ffn_shexp-4","shared_expert_gate_sigmoid-4"
645,78,ADD,0,2,8,2685,"ffn_out-4","ffn_moe_out-4","ffn_shexp_gated-4"
645,152,RMS_NORM,0,0,4,3994,"norm-5","attn_output-5",""
646,5,MUL_MAT,0,276,54,647,"linear_attn_out-5","blk.5.ssm_out.weight","final_output-5"
646,34,SCALE,0,0,2,878,"ffn_moe_inp-5","node_991",""
646,38,ARGSORT,0,21,0,1001,"ffn_moe_argsort-5","ffn_moe_probs-5",""
646,70,ADD,0,1,0,1639,"ffn_moe_out-5","node_1027","ffn_moe_weighted-5 (view)"
646,74,MUL_MAT,0,29,8,1750,"ffn_shexp-5","blk.5.ffn_down_shexp.weight","ffn_swiglu-5"
646,77,MUL,0,2,0,1762,"ffn_shexp_gated-5","ffn_shexp-5","shared_expert_gate_sigmoid-5"
646,78,ADD,0,1,1,1764,"ffn_out-5","ffn_moe_out-5","ffn_shexp_gated-5"
646,152,RMS_NORM,0,0,2,3100,"norm-6","attn_output-6",""
647,5,MUL_MAT,0,223,140,713,"linear_attn_out-6","blk.6.ssm_out.weight","final_output-6"
647,34,SCALE,0,0,1,1012,"ffn_moe_inp-6","node_1145",""
647,38,ARGSORT,0,23,0,1143,"ffn_moe_argsort-6","ffn_moe_probs-6",""
647,70,ADD,0,1,0,2263,"ffn_moe_out-6","node_1181","ffn_moe_weighted-6 (view)"
647,74,MUL_MAT,0,32,8,2387,"ffn_shexp-6","blk.6.ffn_down_shexp.weight","ffn_swiglu-6"
647,77,MUL,0,3,0,2397,"ffn_shexp_gated-6","ffn_shexp-6","shared_expert_gate_sigmoid-6"
647,78,ADD,0,2,6,2405,"ffn_out-6","ffn_moe_out-6","ffn_shexp_gated-6"
647,151,RMS_NORM,0,8,1,3452,"norm-7","indexer_k_pooled-7 (reshaped)",""
648,38,MUL_MAT,0,290,26,546,"attn_output-7","blk.7.attn_output.weight","attn_gated-7"
648,66,SCALE,0,0,12,798,"ffn_moe_inp-7","node_1332",""
648,70,ARGSORT,0,22,1,934,"ffn_moe_argsort-7","ffn_moe_probs-7",""
648,102,ADD,0,2,2,2012,"ffn_moe_out-7","node_1368","ffn_moe_weighted-7 (view)"
648,106,MUL_MAT,0,42,1,2139,"ffn_shexp-7","blk.7.ffn_down_shexp.weight","ffn_swiglu-7"
648,109,MUL,0,2,0,2160,"ffn_shexp_gated-7","ffn_shexp-7","shared_expert_gate_sigmoid-7"
648,110,ADD,0,1,1,2162,"ffn_out-7","ffn_moe_out-7","ffn_shexp_gated-7"
648,184,RMS_NORM,0,0,1,3644,"norm-8","attn_output-8",""
649,5,MUL_MAT,0,183,142,648,"linear_attn_out-8","blk.8.ssm_out.weight","final_output-8"
649,34,SCALE,0,1,1,923,"ffn_moe_inp-8","node_1486",""
649,38,ARGSORT,0,19,0,1051,"ffn_moe_argsort-8","ffn_moe_probs-8",""
649,70,ADD,0,1,1,1732,"ffn_moe_out-8","node_1522","ffn_moe_weighted-8 (view)"
649,74,MUL_MAT,0,20,26,1876,"ffn_shexp-8","blk.8.ffn_down_shexp.weight","ffn_swiglu-8"
649,77,MUL,0,2,0,1884,"ffn_shexp_gated-8","ffn_shexp-8","shared_expert_gate_sigmoid-8"
649,78,ADD,0,1,9,1895,"ffn_out-8","ffn_moe_out-8","ffn_shexp_gated-8"
649,152,RMS_NORM,0,1,5,3276,"norm-9","attn_output-9",""
650,5,MUL_MAT,0,201,121,639,"linear_attn_out-9","blk.9.ssm_out.weight","final_output-9"
650,34,SCALE,0,0,2,867,"ffn_moe_inp-9","node_1640",""
650,38,ARGSORT,0,18,1,999,"ffn_moe_argsort-9","ffn_moe_probs-9",""
650,70,ADD,0,1,1,1644,"ffn_moe_out-9","node_1676","ffn_moe_weighted-9 (view)"
650,74,MUL_MAT,0,31,15,1773,"ffn_shexp-9","blk.9.ffn_down_shexp.weight","ffn_swiglu-9"
650,77,MUL,0,2,0,1782,"ffn_shexp_gated-9","ffn_shexp-9","shared_expert_gate_sigmoid-9"
650,78,ADD,0,1,1,1784,"ffn_out-9","ffn_moe_out-9","ffn_shexp_gated-9"
650,152,RMS_NORM,0,1,2,3010,"norm-10","attn_output-10",""
651,5,MUL_MAT,0,267,65,682,"linear_attn_out-10","blk.10.ssm_out.weight","final_output-10"
651,34,SCALE,0,0,6,947,"ffn_moe_inp-10","node_1794",""
651,38,ARGSORT,0,36,0,1107,"ffn_moe_argsort-10","ffn_moe_probs-10",""
651,70,ADD,0,2,0,1900,"ffn_moe_out-10","node_1830","ffn_moe_weighted-10 (view)"
651,74,MUL_MAT,0,33,3,2056,"ffn_shexp-10","blk.10.ffn_down_shexp.weight","ffn_swiglu-10"
651,77,MUL,0,3,0,2065,"ffn_shexp_gated-10","ffn_shexp-10","shared_expert_gate_sigmoid-10"
651,78,ADD,0,1,0,2067,"ffn_out-10","ffn_moe_out-10","ffn_shexp_gated-10"
651,151,RMS_NORM,0,9,0,3182,"norm-11","indexer_k_pooled-11 (reshaped)",""
652,38,MUL_MAT,0,251,65,571,"attn_output-11","blk.11.attn_output.weight","attn_gated-11"
652,66,SCALE,0,0,1,848,"ffn_moe_inp-11","node_1981",""
652,70,ARGSORT,0,21,0,970,"ffn_moe_argsort-11","ffn_moe_probs-11",""
652,102,ADD,0,1,0,1626,"ffn_moe_out-11","node_2017","ffn_moe_weighted-11 (view)"
652,106,MUL_MAT,0,31,8,1741,"ffn_shexp-11","blk.11.ffn_down_shexp.weight","ffn_swiglu-11"
652,109,MUL,0,2,15,1763,"ffn_shexp_gated-11","ffn_shexp-11","shared_expert_gate_sigmoid-11"
652,110,ADD,0,1,1,1765,"ffn_out-11","ffn_moe_out-11","ffn_shexp_gated-11"
652,184,RMS_NORM,0,1,2,3288,"norm-12","attn_output-12",""
653,5,MUL_MAT,0,258,66,637,"linear_attn_out-12","blk.12.ssm_out.weight","final_output-12"
653,34,SCALE,0,0,2,870,"ffn_moe_inp-12","node_2135",""
653,38,ARGSORT,0,20,1,992,"ffn_moe_argsort-12","ffn_moe_probs-12",""
653,70,ADD,0,1,1,1643,"ffn_moe_out-12","node_2171","ffn_moe_weighted-12 (view)"
653,74,MUL_MAT,0,29,11,1760,"ffn_shexp-12","blk.12.ffn_down_shexp.weight","ffn_swiglu-12"
653,77,MUL,0,2,0,1776,"ffn_shexp_gated-12","ffn_shexp-12","shared_expert_gate_sigmoid-12"
653,78,ADD,0,2,1,1779,"ffn_out-12","ffn_moe_out-12","ffn_shexp_gated-12"
653,152,RMS_NORM,0,1,2,3096,"norm-13","attn_output-13",""
654,5,MUL_MAT,0,274,51,649,"linear_attn_out-13","blk.13.ssm_out.weight","final_output-13"
654,34,SCALE,0,0,2,918,"ffn_moe_inp-13","node_2289",""
654,38,ARGSORT,0,20,1,1044,"ffn_moe_argsort-13","ffn_moe_probs-13",""
654,70,ADD,0,1,1,1700,"ffn_moe_out-13","node_2325","ffn_moe_weighted-13 (view)"
654,74,MUL_MAT,0,30,17,1847,"ffn_shexp-13","blk.13.ffn_down_shexp.weight","ffn_swiglu-13"
654,77,MUL,0,2,0,1857,"ffn_shexp_gated-13","ffn_shexp-13","shared_expert_gate_sigmoid-13"
654,78,ADD,0,1,9,1867,"ffn_out-13","ffn_moe_out-13","ffn_shexp_gated-13"
654,152,RMS_NORM,0,0,1,3150,"norm-14","attn_output-14",""
655,5,MUL_MAT,0,275,66,673,"linear_attn_out-14","blk.14.ssm_out.weight","final_output-14"
655,34,SCALE,0,0,2,945,"ffn_moe_inp-14","node_2443",""
655,38,ARGSORT,0,20,0,1075,"ffn_moe_argsort-14","ffn_moe_probs-14",""
655,70,ADD,0,2,33,1867,"ffn_moe_out-14","node_2479","ffn_moe_weighted-14 (view)"
655,74,MUL_MAT,0,35,9,1996,"ffn_shexp-14","blk.14.ffn_down_shexp.weight","ffn_swiglu-14"
655,77,MUL,0,3,1,2014,"ffn_shexp_gated-14","ffn_shexp-14","shared_expert_gate_sigmoid-14"
655,78,ADD,0,2,0,2016,"ffn_out-14","ffn_moe_out-14","ffn_shexp_gated-14"
655,151,RMS_NORM,0,4,1,3223,"norm-15","indexer_k_pooled-15 (reshaped)",""
656,38,MUL_MAT,0,276,131,629,"attn_output-15","blk.15.attn_output.weight","attn_gated-15"
656,66,SCALE,0,0,1,872,"ffn_moe_inp-15","node_2630",""
656,70,ARGSORT,0,22,0,995,"ffn_moe_argsort-15","ffn_moe_probs-15",""
656,102,ADD,0,1,1,1635,"ffn_moe_out-15","node_2666","ffn_moe_weighted-15 (view)"
656,106,MUL_MAT,0,31,9,1770,"ffn_shexp-15","blk.15.ffn_down_shexp.weight","ffn_swiglu-15"
656,109,MUL,0,2,0,1779,"ffn_shexp_gated-15","ffn_shexp-15","shared_expert_gate_sigmoid-15"
656,110,ADD,0,2,0,1781,"ffn_out-15","ffn_moe_out-15","ffn_shexp_gated-15"
656,184,RMS_NORM,0,1,7,3135,"norm-16","attn_output-16",""
657,5,MUL_MAT,0,212,128,790,"linear_attn_out-16","blk.16.ssm_out.weight","final_output-16"
657,34,SCALE,0,0,2,1020,"ffn_moe_inp-16","node_2784",""
657,38,ARGSORT,0,19,0,1147,"ffn_moe_argsort-16","ffn_moe_probs-16",""
657,70,ADD,0,1,1,1792,"ffn_moe_out-16","node_2820","ffn_moe_weighted-16 (view)"
657,74,MUL_MAT,0,16,20,1905,"ffn_shexp-16","blk.16.ffn_down_shexp.weight","ffn_swiglu-16"
657,77,MUL,0,1,0,1912,"ffn_shexp_gated-16","ffn_shexp-16","shared_expert_gate_sigmoid-16"
657,78,ADD,0,1,1,1915,"ffn_out-16","ffn_moe_out-16","ffn_shexp_gated-16"
657,152,RMS_NORM,0,0,2,3304,"norm-17","attn_output-17",""
658,5,MUL_MAT,0,175,151,638,"linear_attn_out-17","blk.17.ssm_out.weight","final_output-17"
658,34,SCALE,0,1,1,871,"ffn_moe_inp-17","node_2938",""
658,38,ARGSORT,0,18,1,994,"ffn_moe_argsort-17","ffn_moe_probs-17",""
658,70,ADD,0,1,1,1639,"ffn_moe_out-17","node_2974","ffn_moe_weighted-17 (view)"
658,74,MUL_MAT,0,19,20,1754,"ffn_shexp-17","blk.17.ffn_down_shexp.weight","ffn_swiglu-17"
658,77,MUL,0,2,0,1763,"ffn_shexp_gated-17","ffn_shexp-17","shared_expert_gate_sigmoid-17"
658,78,ADD,0,1,0,1764,"ffn_out-17","ffn_moe_out-17","ffn_shexp_gated-17"
658,152,RMS_NORM,0,1,2,2990,"norm-18","attn_output-18",""
659,5,MUL_MAT,0,193,137,634,"linear_attn_out-18","blk.18.ssm_out.weight","final_output-18"
659,34,SCALE,0,1,2,894,"ffn_moe_inp-18","node_3092",""
659,38,ARGSORT,0,17,0,1020,"ffn_moe_argsort-18","ffn_moe_probs-18",""
659,70,ADD,0,1,1,2190,"ffn_moe_out-18","node_3128","ffn_moe_weighted-18 (view)"
659,74,MUL_MAT,0,36,1,2306,"ffn_shexp-18","blk.18.ffn_down_shexp.weight","ffn_swiglu-18"
659,77,MUL,0,3,1,2317,"ffn_shexp_gated-18","ffn_shexp-18","shared_expert_gate_sigmoid-18"
659,78,ADD,0,1,1,2319,"ffn_out-18","ffn_moe_out-18","ffn_shexp_gated-18"
659,151,RMS_NORM,0,4,1,4013,"norm-19","indexer_k_pooled-19 (reshaped)",""
660,38,MUL_MAT,0,239,70,520,"attn_output-19","blk.19.attn_output.weight","attn_gated-19"
660,66,SCALE,0,0,2,768,"ffn_moe_inp-19","node_3279",""
660,70,ARGSORT,0,23,0,896,"ffn_moe_argsort-19","ffn_moe_probs-19",""
660,102,ADD,0,1,1,1574,"ffn_moe_out-19","node_3315","ffn_moe_weighted-19 (view)"
660,106,MUL_MAT,0,30,8,1689,"ffn_shexp-19","blk.19.ffn_down_shexp.weight","ffn_swiglu-19"
660,109,MUL,0,1,1,1697,"ffn_shexp_gated-19","ffn_shexp-19","shared_expert_gate_sigmoid-19"
660,110,ADD,0,1,1,1699,"ffn_out-19","ffn_moe_out-19","ffn_shexp_gated-19"
660,184,RMS_NORM,0,0,2,3057,"norm-20","attn_output-20",""
661,5,MUL_MAT,0,170,153,633,"linear_attn_out-20","blk.20.ssm_out.weight","final_output-20"
661,34,SCALE,0,0,2,849,"ffn_moe_inp-20","node_3433",""
661,38,ARGSORT,0,18,1,967,"ffn_moe_argsort-20","ffn_moe_probs-20",""
661,70,ADD,0,1,0,1609,"ffn_moe_out-20","node_3469","ffn_moe_weighted-20 (view)"
661,74,MUL_MAT,0,19,19,1731,"ffn_shexp-20","blk.20.ffn_down_shexp.weight","ffn_swiglu-20"
661,77,MUL,0,2,0,1739,"ffn_shexp_gated-20","ffn_shexp-20","shared_expert_gate_sigmoid-20"
661,78,ADD,0,1,1,1741,"ffn_out-20","ffn_moe_out-20","ffn_shexp_gated-20"
661,152,RMS_NORM,0,1,10,3129,"norm-21","attn_output-21",""
662,5,MUL_MAT,0,187,142,653,"linear_attn_out-21","blk.21.ssm_out.weight","final_output-21"
662,34,SCALE,0,1,1,877,"ffn_moe_inp-21","node_3587",""
662,38,ARGSORT,0,19,0,1001,"ffn_moe_argsort-21","ffn_moe_probs-21",""
662,70,ADD,0,1,1,2241,"ffn_moe_out-21","node_3623","ffn_moe_weighted-21 (view)"
662,74,MUL_MAT,0,27,17,2376,"ffn_shexp-21","blk.21.ffn_down_shexp.weight","ffn_swiglu-21"
662,77,MUL,0,1,1,2385,"ffn_shexp_gated-21","ffn_shexp-21","shared_expert_gate_sigmoid-21"
662,78,ADD,0,1,0,2386,"ffn_out-21","ffn_moe_out-21","ffn_shexp_gated-21"
662,152,RMS_NORM,0,1,2,4161,"norm-22","attn_output-22",""
663,5,MUL_MAT,0,256,67,633,"linear_attn_out-22","blk.22.ssm_out.weight","final_output-22"
663,34,SCALE,0,0,2,885,"ffn_moe_inp-22","node_3741",""
663,38,ARGSORT,0,22,0,1013,"ffn_moe_argsort-22","ffn_moe_probs-22",""
663,70,ADD,0,1,3,1659,"ffn_moe_out-22","node_3777","ffn_moe_weighted-22 (view)"
663,74,MUL_MAT,0,31,6,1781,"ffn_shexp-22","blk.22.ffn_down_shexp.weight","ffn_swiglu-22"
663,77,MUL,0,3,0,1790,"ffn_shexp_gated-22","ffn_shexp-22","shared_expert_gate_sigmoid-22"
663,78,ADD,0,1,0,1791,"ffn_out-22","ffn_moe_out-22","ffn_shexp_gated-22"
663,151,RMS_NORM,0,5,0,2839,"norm-23","indexer_k_pooled-23 (reshaped)",""
664,38,MUL_MAT,0,254,74,560,"attn_output-23","blk.23.attn_output.weight","attn_gated-23"
664,66,SCALE,0,0,2,828,"ffn_moe_inp-23","node_3928",""
664,70,ARGSORT,0,20,1,956,"ffn_moe_argsort-23","ffn_moe_probs-23",""
664,102,ADD,0,1,0,1642,"ffn_moe_out-23","node_3964","ffn_moe_weighted-23 (view)"
664,106,MUL_MAT,0,27,18,1763,"ffn_shexp-23","blk.23.ffn_down_shexp.weight","ffn_swiglu-23"
664,109,MUL,0,2,1,1781,"ffn_shexp_gated-23","ffn_shexp-23","shared_expert_gate_sigmoid-23"
664,110,ADD,0,1,0,1782,"ffn_out-23","ffn_moe_out-23","ffn_shexp_gated-23"
664,184,RMS_NORM,0,0,2,3049,"norm-24","attn_output-24",""
665,5,MUL_MAT,0,251,70,630,"linear_attn_out-24","blk.24.ssm_out.weight","final_output-24"
665,34,SCALE,0,0,1,899,"ffn_moe_inp-24","node_4082",""
665,38,ARGSORT,0,21,1,1026,"ffn_moe_argsort-24","ffn_moe_probs-24",""
665,70,ADD,0,1,1,1701,"ffn_moe_out-24","node_4118","ffn_moe_weighted-24 (view)"
665,74,MUL_MAT,0,33,7,1823,"ffn_shexp-24","blk.24.ffn_down_shexp.weight","ffn_swiglu-24"
665,77,MUL,0,2,0,1835,"ffn_shexp_gated-24","ffn_shexp-24","shared_expert_gate_sigmoid-24"
665,78,ADD,0,2,0,1837,"ffn_out-24","ffn_moe_out-24","ffn_shexp_gated-24"
665,152,RMS_NORM,0,0,2,3226,"norm-25","attn_output-25",""
666,5,MUL_MAT,0,263,61,656,"linear_attn_out-25","blk.25.ssm_out.weight","final_output-25"
666,34,SCALE,0,0,2,905,"ffn_moe_inp-25","node_4236",""
666,38,ARGSORT,0,19,1,1032,"ffn_moe_argsort-25","ffn_moe_probs-25",""
666,70,ADD,0,1,1,1660,"ffn_moe_out-25","node_4272","ffn_moe_weighted-25 (view)"
666,74,MUL_MAT,0,30,12,1784,"ffn_shexp-25","blk.25.ffn_down_shexp.weight","ffn_swiglu-25"
666,77,MUL,0,2,0,1801,"ffn_shexp_gated-25","ffn_shexp-25","shared_expert_gate_sigmoid-25"
666,78,ADD,0,1,8,1810,"ffn_out-25","ffn_moe_out-25","ffn_shexp_gated-25"
666,152,RMS_NORM,0,0,2,3471,"norm-26","attn_output-26",""
667,5,MUL_MAT,0,179,154,673,"linear_attn_out-26","blk.26.ssm_out.weight","final_output-26"
667,34,SCALE,0,0,2,904,"ffn_moe_inp-26","node_4390",""
667,38,ARGSORT,0,18,0,1036,"ffn_moe_argsort-26","ffn_moe_probs-26",""
667,70,ADD,0,1,0,2256,"ffn_moe_out-26","node_4426","ffn_moe_weighted-26 (view)"
667,74,MUL_MAT,0,20,15,2366,"ffn_shexp-26","blk.26.ffn_down_shexp.weight","ffn_swiglu-26"
667,77,MUL,0,2,0,2373,"ffn_shexp_gated-26","ffn_shexp-26","shared_expert_gate_sigmoid-26"
667,78,ADD,0,1,1,2375,"ffn_out-26","ffn_moe_out-26","ffn_shexp_gated-26"
667,151,RMS_NORM,0,4,0,3342,"norm-27","indexer_k_pooled-27 (reshaped)",""
668,38,MUL_MAT,0,168,157,553,"attn_output-27","blk.27.attn_output.weight","attn_gated-27"
668,66,SCALE,0,0,2,788,"ffn_moe_inp-27","node_4577",""
668,70,ARGSORT,0,17,0,914,"ffn_moe_argsort-27","ffn_moe_probs-27",""
668,102,ADD,0,1,0,1574,"ffn_moe_out-27","node_4613","ffn_moe_weighted-27 (view)"
668,106,MUL_MAT,0,18,17,1695,"ffn_shexp-27","blk.27.ffn_down_shexp.weight","ffn_swiglu-27"
668,109,MUL,0,2,0,1703,"ffn_shexp_gated-27","ffn_shexp-27","shared_expert_gate_sigmoid-27"
668,110,ADD,0,1,1,1705,"ffn_out-27","ffn_moe_out-27","ffn_shexp_gated-27"
668,184,RMS_NORM,0,0,1,2907,"norm-28","attn_output-28",""
669,5,MUL_MAT,0,170,147,616,"linear_attn_out-28","blk.28.ssm_out.weight","final_output-28"
669,34,SCALE,0,0,2,844,"ffn_moe_inp-28","node_4731",""
669,38,ARGSORT,0,24,0,968,"ffn_moe_argsort-28","ffn_moe_probs-28",""
669,70,ADD,0,1,1,1599,"ffn_moe_out-28","node_4767","ffn_moe_weighted-28 (view)"
669,74,MUL_MAT,0,21,19,1734,"ffn_shexp-28","blk.28.ffn_down_shexp.weight","ffn_swiglu-28"
669,77,MUL,0,2,0,1745,"ffn_shexp_gated-28","ffn_shexp-28","shared_expert_gate_sigmoid-28"
669,78,ADD,0,1,7,1753,"ffn_out-28","ffn_moe_out-28","ffn_shexp_gated-28"
669,152,RMS_NORM,0,0,2,3081,"norm-29","attn_output-29",""
670,5,MUL_MAT,0,261,79,659,"linear_attn_out-29","blk.29.ssm_out.weight","final_output-29"
670,34,SCALE,0,0,1,1007,"ffn_moe_inp-29","node_4885",""
670,38,ARGSORT,0,19,0,1131,"ffn_moe_argsort-29","ffn_moe_probs-29",""
670,70,ADD,0,1,1,1777,"ffn_moe_out-29","node_4921","ffn_moe_weighted-29 (view)"
670,74,MUL_MAT,0,30,5,1888,"ffn_shexp-29","blk.29.ffn_down_shexp.weight","ffn_swiglu-29"
670,77,MUL,0,2,0,1897,"ffn_shexp_gated-29","ffn_shexp-29","shared_expert_gate_sigmoid-29"
670,78,ADD,0,1,0,1899,"ffn_out-29","ffn_moe_out-29","ffn_shexp_gated-29"
670,152,RMS_NORM,0,1,1,3685,"norm-30","attn_output-30",""
671,5,MUL_MAT,0,330,8,680,"linear_attn_out-30","blk.30.ssm_out.weight","final_output-30"
671,34,SCALE,0,1,1,989,"ffn_moe_inp-30","node_5039",""
671,38,ARGSORT,0,23,0,1130,"ffn_moe_argsort-30","ffn_moe_probs-30",""
671,70,ADD,0,2,0,2764,"ffn_moe_out-30","node_5075","ffn_moe_weighted-30 (view)"
671,74,MUL_MAT,0,36,5,2896,"ffn_shexp-30","blk.30.ffn_down_shexp.weight","ffn_swiglu-30"
671,77,MUL,0,3,1,2912,"ffn_shexp_gated-30","ffn_shexp-30","shared_expert_gate_sigmoid-30"
671,78,ADD,0,2,0,2914,"ffn_out-30","ffn_moe_out-30","ffn_shexp_gated-30"
671,151,RMS_NORM,0,8,4,3977,"norm-31","indexer_k_pooled-31 (reshaped)",""
672,38,MUL_MAT,0,330,6,575,"attn_output-31","blk.31.attn_output.weight","attn_gated-31"
672,66,SCALE,0,1,1,845,"ffn_moe_inp-31","node_5226",""
672,70,ARGSORT,0,23,0,973,"ffn_moe_argsort-31","ffn_moe_probs-31",""
672,102,ADD,0,2,0,1621,"ffn_moe_out-31","node_5262","ffn_moe_weighted-31 (view)"
672,106,MUL_MAT,0,29,6,1735,"ffn_shexp-31","blk.31.ffn_down_shexp.weight","ffn_swiglu-31"
672,109,MUL,0,3,0,1745,"ffn_shexp_gated-31","ffn_shexp-31","shared_expert_gate_sigmoid-31"
672,110,ADD,0,1,0,1747,"ffn_out-31","ffn_moe_out-31","ffn_shexp_gated-31"
672,184,RMS_NORM,0,1,1,3490,"norm-32","attn_output-32",""
673,5,MUL_MAT,0,291,30,634,"linear_attn_out-32","blk.32.ssm_out.weight","final_output-32"
673,34,SCALE,0,1,1,890,"ffn_moe_inp-32","node_5380",""
673,38,ARGSORT,0,23,1,1021,"ffn_moe_argsort-32","ffn_moe_probs-32",""
673,70,ADD,0,2,0,1696,"ffn_moe_out-32","node_5416","ffn_moe_weighted-32 (view)"
673,74,MUL_MAT,0,33,5,1813,"ffn_shexp-32","blk.32.ffn_down_shexp.weight","ffn_swiglu-32"
673,77,MUL,0,4,0,1823,"ffn_shexp_gated-32","ffn_shexp-32","shared_expert_gate_sigmoid-32"
673,78,ADD,0,1,1,1826,"ffn_out-32","ffn_moe_out-32","ffn_shexp_gated-32"
673,152,RMS_NORM,0,1,5,3622,"norm-33","attn_output-33",""
674,5,MUL_MAT,0,259,77,654,"linear_attn_out-33","blk.33.ssm_out.weight","final_output-33"
674,34,SCALE,0,1,1,893,"ffn_moe_inp-33","node_5534",""
674,38,ARGSORT,0,22,0,1023,"ffn_moe_argsort-33","ffn_moe_probs-33",""
674,70,ADD,0,1,1,1701,"ffn_moe_out-33","node_5570","ffn_moe_weighted-33 (view)"
674,74,MUL_MAT,0,38,7,1831,"ffn_shexp-33","blk.33.ffn_down_shexp.weight","ffn_swiglu-33"
674,77,MUL,0,2,0,1841,"ffn_shexp_gated-33","ffn_shexp-33","shared_expert_gate_sigmoid-33"
674,78,ADD,0,1,1,1843,"ffn_out-33","ffn_moe_out-33","ffn_shexp_gated-33"
674,152,RMS_NORM,0,0,1,3163,"norm-34","attn_output-34",""
675,5,MUL_MAT,0,173,148,630,"linear_attn_out-34","blk.34.ssm_out.weight","final_output-34"
675,34,SCALE,0,0,1,886,"ffn_moe_inp-34","node_5688",""
675,38,ARGSORT,0,23,1,1029,"ffn_moe_argsort-34","ffn_moe_probs-34",""
675,70,ADD,0,1,1,2264,"ffn_moe_out-34","node_5724","ffn_moe_weighted-34 (view)"
675,74,MUL_MAT,0,33,3,2377,"ffn_shexp-34","blk.34.ffn_down_shexp.weight","ffn_swiglu-34"
675,77,MUL,0,3,0,2386,"ffn_shexp_gated-34","ffn_shexp-34","shared_expert_gate_sigmoid-34"
675,78,ADD,0,2,0,2388,"ffn_out-34","ffn_moe_out-34","ffn_shexp_gated-34"
675,151,RMS_NORM,0,9,0,3691,"norm-35","indexer_k_pooled-35 (reshaped)",""
676,38,MUL_MAT,0,324,5,570,"attn_output-35","blk.35.attn_output.weight","attn_gated-35"
676,66,SCALE,0,0,1,858,"ffn_moe_inp-35","node_5875",""
676,70,ARGSORT,0,22,0,1072,"ffn_moe_argsort-35","ffn_moe_probs-35",""
676,102,ADD,0,2,1,1721,"ffn_moe_out-35","node_5911","ffn_moe_weighted-35 (view)"
676,106,MUL_MAT,0,31,1,1843,"ffn_shexp-35","blk.35.ffn_down_shexp.weight","ffn_swiglu-35"
676,109,MUL,0,3,0,1853,"ffn_shexp_gated-35","ffn_shexp-35","shared_expert_gate_sigmoid-35"
676,110,ADD,0,2,0,1855,"ffn_out-35","ffn_moe_out-35","ffn_shexp_gated-35"
676,184,RMS_NORM,0,0,1,3387,"norm-36","attn_output-36",""
677,5,MUL_MAT,0,312,5,622,"linear_attn_out-36","blk.36.ssm_out.weight","final_output-36"
677,34,SCALE,0,0,1,983,"ffn_moe_inp-36","node_6029",""
677,38,ARGSORT,0,23,0,1115,"ffn_moe_argsort-36","ffn_moe_probs-36",""
677,70,ADD,0,1,0,2187,"ffn_moe_out-36","node_6065","ffn_moe_weighted-36 (view)"
677,74,MUL_MAT,0,36,4,2310,"ffn_shexp-36","blk.36.ffn_down_shexp.weight","ffn_swiglu-36"
677,77,MUL,0,3,0,2319,"ffn_shexp_gated-36","ffn_shexp-36","shared_expert_gate_sigmoid-36"
677,78,ADD,0,1,1,2322,"ffn_out-36","ffn_moe_out-36","ffn_shexp_gated-36"
677,152,RMS_NORM,0,0,1,3940,"norm-37","attn_output-37",""
678,5,MUL_MAT,0,316,2,622,"linear_attn_out-37","blk.37.ssm_out.weight","final_output-37"
678,34,SCALE,0,0,2,859,"ffn_moe_inp-37","node_6183",""
678,38,ARGSORT,0,22,0,982,"ffn_moe_argsort-37","ffn_moe_probs-37",""
678,70,ADD,0,1,1,1642,"ffn_moe_out-37","node_6219","ffn_moe_weighted-37 (view)"
678,74,MUL_MAT,0,34,7,1763,"ffn_shexp-37","blk.37.ffn_down_shexp.weight","ffn_swiglu-37"
678,77,MUL,0,3,1,1773,"ffn_shexp_gated-37","ffn_shexp-37","shared_expert_gate_sigmoid-37"
678,78,ADD,0,2,12,1787,"ffn_out-37","ffn_moe_out-37","ffn_shexp_gated-37"
678,152,RMS_NORM,0,1,4,3535,"norm-38","attn_output-38",""
679,5,MUL_MAT,0,312,4,626,"linear_attn_out-38","blk.38.ssm_out.weight","final_output-38"
679,34,SCALE,0,1,2,871,"ffn_moe_inp-38","node_6337",""
679,38,ARGSORT,0,22,1,999,"ffn_moe_argsort-38","ffn_moe_probs-38",""
679,70,ADD,0,2,0,1842,"ffn_moe_out-38","node_6373","ffn_moe_weighted-38 (view)"
679,74,MUL_MAT,0,37,1,1976,"ffn_shexp-38","blk.38.ffn_down_shexp.weight","ffn_swiglu-38"
679,77,MUL,0,3,0,1985,"ffn_shexp_gated-38","ffn_shexp-38","shared_expert_gate_sigmoid-38"
679,78,ADD,0,2,0,1987,"ffn_out-38","ffn_moe_out-38","ffn_shexp_gated-38"
679,87,ADD,0,2,0,2013,"l_last-38","hc_combine-38","node_6390"
680,0,GET_ROWS,0,3,1,5,"model.input_embed","token_embd.weight","inp_tokens"
680,69,RMS_NORM,0,1,2,1373,"norm-0","attn_output-0",""
681,5,MUL_MAT,0,181,164,673,"linear_attn_out-0","blk.0.ssm_out.weight","final_output-0"
681,34,SCALE,0,0,1,909,"ffn_moe_inp-0","node_104",""
681,38,ARGSORT,0,23,1,1051,"ffn_moe_argsort-0","ffn_moe_probs-0",""
681,70,ADD,0,2,0,1734,"ffn_moe_out-0","node_140","ffn_moe_weighted-0 (view)"
681,93,MUL_MAT,0,33,1,2617,"ffn_shexp-0","blk.0.ffn_down_shexp.weight","ffn_swiglu-0"
681,96,MUL,0,3,0,2626,"ffn_shexp_gated-0","ffn_shexp-0","shared_expert_gate_sigmoid-0"
681,97,ADD,0,1,1,2629,"ffn_out-0","ffn_moe_out-0","ffn_shexp_gated-0"
681,236,RMS_NORM,0,1,1,4940,"norm-1","attn_output-1",""
682,5,MUL_MAT,0,261,61,630,"linear_attn_out-1","blk.1.ssm_out.weight","final_output-1"
682,34,SCALE,0,0,2,894,"ffn_moe_inp-1","node_342",""
682,38,ARGSORT,0,22,1,1028,"ffn_moe_argsort-1","ffn_moe_probs-1",""
682,70,ADD,0,1,0,1687,"ffn_moe_out-1","node_378","ffn_moe_weighted-1 (view)"
682,74,MUL_MAT,0,30,6,1802,"ffn_shexp-1","blk.1.ffn_down_shexp.weight","ffn_swiglu-1"
682,77,MUL,0,3,6,1817,"ffn_shexp_gated-1","ffn_shexp-1","shared_expert_gate_sigmoid-1"
682,78,ADD,0,1,1,1819,"ffn_out-1","ffn_moe_out-1","ffn_shexp_gated-1"
682,152,RMS_NORM,0,1,9,3194,"norm-2","attn_output-2",""
683,5,MUL_MAT,0,265,67,652,"linear_attn_out-2","blk.2.ssm_out.weight","final_output-2"
683,34,SCALE,0,0,2,907,"ffn_moe_inp-2","node_496",""
683,38,ARGSORT,0,20,0,1035,"ffn_moe_argsort-2","ffn_moe_probs-2",""
683,70,ADD,0,2,0,2355,"ffn_moe_out-2","node_532","ffn_moe_weighted-2 (view)"
683,74,MUL_MAT,0,38,2,2475,"ffn_shexp-2","blk.2.ffn_down_shexp.weight","ffn_swiglu-2"
683,77,MUL,0,3,0,2485,"ffn_shexp_gated-2","ffn_shexp-2","shared_expert_gate_sigmoid-2"
683,78,ADD,0,2,0,2487,"ffn_out-2","ffn_moe_out-2","ffn_shexp_gated-2"
683,151,RMS_NORM,0,8,1,3510,"norm-3","indexer_k_pooled-3 (reshaped)",""
684,38,MUL_MAT,0,321,1,529,"attn_output-3","blk.3.attn_output.weight","attn_gated-3"
684,66,SCALE,0,1,1,773,"ffn_moe_inp-3","node_683",""
684,70,ARGSORT,0,23,0,910,"ffn_moe_argsort-3","ffn_moe_probs-3",""
684,102,ADD,0,1,1,1642,"ffn_moe_out-3","node_719","ffn_moe_weighted-3 (view)"
684,106,MUL_MAT,0,37,6,1764,"ffn_shexp-3","blk.3.ffn_down_shexp.weight","ffn_swiglu-3"
684,109,MUL,0,3,1,1787,"ffn_shexp_gated-3","ffn_shexp-3","shared_expert_gate_sigmoid-3"
684,110,ADD,0,1,1,1789,"ffn_out-3","ffn_moe_out-3","ffn_shexp_gated-3"
684,184,RMS_NORM,0,0,1,3244,"norm-4","attn_output-4",""
685,5,MUL_MAT,0,291,19,616,"linear_attn_out-4","blk.4.ssm_out.weight","final_output-4"
685,34,SCALE,0,0,2,957,"ffn_moe_inp-4","node_837",""
685,38,ARGSORT,0,22,0,1091,"ffn_moe_argsort-4","ffn_moe_probs-4",""
685,70,ADD,0,1,1,1933,"ffn_moe_out-4","node_873","ffn_moe_weighted-4 (view)"
685,74,MUL_MAT,0,36,3,2059,"ffn_shexp-4","blk.4.ffn_down_shexp.weight","ffn_swiglu-4"
685,77,MUL,0,3,0,2073,"ffn_shexp_gated-4","ffn_shexp-4","shared_expert_gate_sigmoid-4"
685,78,ADD,0,2,0,2075,"ffn_out-4","ffn_moe_out-4","ffn_shexp_gated-4"
685,152,RMS_NORM,0,1,1,3801,"norm-5","attn_output-5",""
686,5,MUL_MAT,0,288,28,623,"linear_attn_out-5","blk.5.ssm_out.weight","final_output-5"
686,34,SCALE,0,0,2,873,"ffn_moe_inp-5","node_991",""
686,38,ARGSORT,0,23,0,1002,"ffn_moe_argsort-5","ffn_moe_probs-5",""
686,70,ADD,0,1,3,1634,"ffn_moe_out-5","node_1027","ffn_moe_weighted-5 (view)"
686,74,MUL_MAT,0,31,5,1749,"ffn_shexp-5","blk.5.ffn_down_shexp.weight","ffn_swiglu-5"
686,77,MUL,0,3,1,1759,"ffn_shexp_gated-5","ffn_shexp-5","shared_expert_gate_sigmoid-5"
686,78,ADD,0,1,1,1761,"ffn_out-5","ffn_moe_out-5","ffn_shexp_gated-5"
686,152,RMS_NORM,0,0,3,3638,"norm-6","attn_output-6",""
687,5,MUL_MAT,0,174,164,653,"linear_attn_out-6","blk.6.ssm_out.weight","final_output-6"
687,34,SCALE,0,0,3,892,"ffn_moe_inp-6","node_1145",""
687,38,ARGSORT,0,19,0,1033,"ffn_moe_argsort-6","ffn_moe_probs-6",""
687,70,ADD,0,1,1,1691,"ffn_moe_out-6","node_1181","ffn_moe_weighted-6 (view)"
687,74,MUL_MAT,0,27,16,1812,"ffn_shexp-6","blk.6.ffn_down_shexp.weight","ffn_swiglu-6"
687,77,MUL,0,2,1,1821,"ffn_shexp_gated-6","ffn_shexp-6","shared_expert_gate_sigmoid-6"
687,78,ADD,0,1,15,1837,"ffn_out-6","ffn_moe_out-6","ffn_shexp_gated-6"
687,151,RMS_NORM,0,3,1,2815,"norm-7","indexer_k_pooled-7 (reshaped)",""
688,38,MUL_MAT,0,273,54,587,"attn_output-7","blk.7.attn_output.weight","attn_gated-7"
688,66,SCALE,0,0,2,841,"ffn_moe_inp-7","node_1332",""
688,70,ARGSORT,0,20,0,967,"ffn_moe_argsort-7","ffn_moe_probs-7",""
688,102,ADD,0,2,0,1718,"ffn_moe_out-7","node_1368","ffn_moe_weighted-7 (view)"
688,106,MUL_MAT,0,31,5,1836,"ffn_shexp-7","blk.7.ffn_down_shexp.weight","ffn_swiglu-7"
688,109,MUL,0,2,0,1924,"ffn_shexp_gated-7","ffn_shexp-7","shared_expert_gate_sigmoid-7"
688,110,ADD,0,1,1,1926,"ffn_out-7","ffn_moe_out-7","ffn_shexp_gated-7"
688,184,RMS_NORM,0,1,3,3259,"norm-8","attn_output-8",""
689,5,MUL_MAT,0,260,54,624,"linear_attn_out-8","blk.8.ssm_out.weight","final_output-8"
689,34,SCALE,0,0,1,871,"ffn_moe_inp-8","node_1486",""
689,38,ARGSORT,0,20,0,993,"ffn_moe_argsort-8","ffn_moe_probs-8",""
689,70,ADD,0,1,0,1713,"ffn_moe_out-8","node_1522","ffn_moe_weighted-8 (view)"
689,74,MUL_MAT,0,28,22,1857,"ffn_shexp-8","blk.8.ffn_down_shexp.weight","ffn_swiglu-8"
689,77,MUL,0,2,1,1866,"ffn_shexp_gated-8","ffn_shexp-8","shared_expert_gate_sigmoid-8"
689,78,ADD,0,1,1,1868,"ffn_out-8","ffn_moe_out-8","ffn_shexp_gated-8"
689,152,RMS_NORM,0,0,2,3249,"norm-9","attn_output-9",""
690,5,MUL_MAT,0,169,153,628,"linear_attn_out-9","blk.9.ssm_out.weight","final_output-9"
690,34,SCALE,0,0,2,855,"ffn_moe_inp-9","node_1640",""
690,38,ARGSORT,0,19,0,980,"ffn_moe_argsort-9","ffn_moe_probs-9",""
690,70,ADD,0,0,1,1622,"ffn_moe_out-9","node_1676","ffn_moe_weighted-9 (view)"
690,74,MUL_MAT,0,17,20,1741,"ffn_shexp-9","blk.9.ffn_down_shexp.weight","ffn_swiglu-9"
690,77,MUL,0,2,0,1756,"ffn_shexp_gated-9","ffn_shexp-9","shared_expert_gate_sigmoid-9"
690,78,ADD,0,1,1,1758,"ffn_out-9","ffn_moe_out-9","ffn_shexp_gated-9"
690,152,RMS_NORM,0,0,2,3024,"norm-10","attn_output-10",""
691,5,MUL_MAT,0,285,67,702,"linear_attn_out-10","blk.10.ssm_out.weight","final_output-10"
691,34,SCALE,0,0,1,994,"ffn_moe_inp-10","node_1794",""
691,38,ARGSORT,0,21,1,1130,"ffn_moe_argsort-10","ffn_moe_probs-10",""
691,70,ADD,0,1,1,1805,"ffn_moe_out-10","node_1830","ffn_moe_weighted-10 (view)"
691,74,MUL_MAT,0,34,7,1923,"ffn_shexp-10","blk.10.ffn_down_shexp.weight","ffn_swiglu-10"
691,77,MUL,0,2,0,1930,"ffn_shexp_gated-10","ffn_shexp-10","shared_expert_gate_sigmoid-10"
691,78,ADD,0,2,0,1932,"ffn_out-10","ffn_moe_out-10","ffn_shexp_gated-10"
691,151,RMS_NORM,0,9,0,2955,"norm-11","indexer_k_pooled-11 (reshaped)",""
692,38,MUL_MAT,0,291,29,542,"attn_output-11","blk.11.attn_output.weight","attn_gated-11"
692,66,SCALE,0,0,1,779,"ffn_moe_inp-11","node_1981",""
692,70,ARGSORT,0,21,0,900,"ffn_moe_argsort-11","ffn_moe_probs-11",""
692,102,ADD,0,1,4,1572,"ffn_moe_out-11","node_2017","ffn_moe_weighted-11 (view)"
692,106,MUL_MAT,0,34,1,1681,"ffn_shexp-11","blk.11.ffn_down_shexp.weight","ffn_swiglu-11"
692,109,MUL,0,4,0,1691,"ffn_shexp_gated-11","ffn_shexp-11","shared_expert_gate_sigmoid-11"
692,110,ADD,0,2,3,1696,"ffn_out-11","ffn_moe_out-11","ffn_shexp_gated-11"
692,184,RMS_NORM,0,0,2,3502,"norm-12","attn_output-12",""
693,5,MUL_MAT,0,304,7,617,"linear_attn_out-12","blk.12.ssm_out.weight","final_output-12"
693,34,SCALE,0,1,1,898,"ffn_moe_inp-12","node_2135",""
693,38,ARGSORT,0,22,0,1023,"ffn_moe_argsort-12","ffn_moe_probs-12",""
693,70,ADD,0,1,0,1657,"ffn_moe_out-12","node_2171","ffn_moe_weighted-12 (view)"
693,74,MUL_MAT,0,35,5,1782,"ffn_shexp-12","blk.12.ffn_down_shexp.weight","ffn_swiglu-12"
693,77,MUL,0,3,1,1793,"ffn_shexp_gated-12","ffn_shexp-12","shared_expert_gate_sigmoid-12"
693,78,ADD,0,1,1,1795,"ffn_out-12","ffn_moe_out-12","ffn_shexp_gated-12"
693,152,RMS_NORM,0,1,5,3432,"norm-13","attn_output-13",""
694,5,MUL_MAT,0,308,6,626,"linear_attn_out-13","blk.13.ssm_out.weight","final_output-13"
694,34,SCALE,0,1,1,884,"ffn_moe_inp-13","node_2289",""
694,38,ARGSORT,0,23,0,1013,"ffn_moe_argsort-13","ffn_moe_probs-13",""
694,70,ADD,0,1,1,2097,"ffn_moe_out-13","node_2325","ffn_moe_weighted-13 (view)"
694,74,MUL_MAT,0,41,11,2334,"ffn_shexp-13","blk.13.ffn_down_shexp.weight","ffn_swiglu-13"
694,77,MUL,0,2,0,2342,"ffn_shexp_gated-13","ffn_shexp-13","shared_expert_gate_sigmoid-13"
694,78,ADD,0,1,2,2345,"ffn_out-13","ffn_moe_out-13","ffn_shexp_gated-13"
694,152,RMS_NORM,0,0,2,3710,"norm-14","attn_output-14",""
695,5,MUL_MAT,0,174,153,670,"linear_attn_out-14","blk.14.ssm_out.weight","final_output-14"
695,34,SCALE,0,0,1,891,"ffn_moe_inp-14","node_2443",""
695,38,ARGSORT,0,23,1,1031,"ffn_moe_argsort-14","ffn_moe_probs-14",""
695,70,ADD,0,0,1,1690,"ffn_moe_out-14","node_2479","ffn_moe_weighted-14 (view)"
695,74,MUL_MAT,0,19,25,1812,"ffn_shexp-14","blk.14.ffn_down_shexp.weight","ffn_swiglu-14"
695,77,MUL,0,1,1,1832,"ffn_shexp_gated-14","ffn_shexp-14","shared_expert_gate_sigmoid-14"
695,78,ADD,0,1,1,1834,"ffn_out-14","ffn_moe_out-14","ffn_shexp_gated-14"
695,151,RMS_NORM,0,4,0,2801,"norm-15","indexer_k_pooled-15 (reshaped)",""
696,38,MUL_MAT,0,162,149,524,"attn_output-15","blk.15.attn_output.weight","attn_gated-15"
696,66,SCALE,0,0,11,757,"ffn_moe_inp-15","node_2630",""
696,70,ARGSORT,0,17,0,885,"ffn_moe_argsort-15","ffn_moe_probs-15",""
696,102,ADD,0,1,1,1564,"ffn_moe_out-15","node_2666","ffn_moe_weighted-15 (view)"
696,106,MUL_MAT,0,21,16,1676,"ffn_shexp-15","blk.15.ffn_down_shexp.weight","ffn_swiglu-15"
696,109,MUL,0,2,0,1698,"ffn_shexp_gated-15","ffn_shexp-15","shared_expert_gate_sigmoid-15"
696,110,ADD,0,1,0,1700,"ffn_out-15","ffn_moe_out-15","ffn_shexp_gated-15"
696,184,RMS_NORM,0,1,1,3068,"norm-16","attn_output-16",""
697,5,MUL_MAT,0,162,160,645,"linear_attn_out-16","blk.16.ssm_out.weight","final_output-16"
697,34,SCALE,0,0,1,859,"ffn_moe_inp-16","node_2784",""
697,38,ARGSORT,0,17,0,979,"ffn_moe_argsort-16","ffn_moe_probs-16",""
697,70,ADD,0,1,1,1624,"ffn_moe_out-16","node_2820","ffn_moe_weighted-16 (view)"
697,74,MUL_MAT,0,18,17,1732,"ffn_shexp-16","blk.16.ffn_down_shexp.weight","ffn_swiglu-16"
697,77,MUL,0,2,0,1740,"ffn_shexp_gated-16","ffn_shexp-16","shared_expert_gate_sigmoid-16"
697,78,ADD,0,1,1,1742,"ffn_out-16","ffn_moe_out-16","ffn_shexp_gated-16"
697,152,RMS_NORM,0,0,1,2998,"norm-17","attn_output-17",""
698,5,MUL_MAT,0,185,170,718,"linear_attn_out-17","blk.17.ssm_out.weight","final_output-17"
698,34,SCALE,0,0,2,1086,"ffn_moe_inp-17","node_2938",""
698,38,ARGSORT,0,16,1,1211,"ffn_moe_argsort-17","ffn_moe_probs-17",""
698,70,ADD,0,1,1,1855,"ffn_moe_out-17","node_2974","ffn_moe_weighted-17 (view)"
698,74,MUL_MAT,0,18,18,1970,"ffn_shexp-17","blk.17.ffn_down_shexp.weight","ffn_swiglu-17"
698,77,MUL,0,2,0,1986,"ffn_shexp_gated-17","ffn_shexp-17","shared_expert_gate_sigmoid-17"
698,78,ADD,0,1,1,1988,"ffn_out-17","ffn_moe_out-17","ffn_shexp_gated-17"
698,152,RMS_NORM,0,0,1,3423,"norm-18","attn_output-18",""
699,5,MUL_MAT,0,296,48,683,"linear_attn_out-18","blk.18.ssm_out.weight","final_output-18"
699,34,SCALE,0,0,2,936,"ffn_moe_inp-18","node_3092",""
699,38,ARGSORT,0,21,0,1064,"ffn_moe_argsort-18","ffn_moe_probs-18",""
699,70,ADD,0,1,1,1791,"ffn_moe_out-18","node_3128","ffn_moe_weighted-18 (view)"
699,74,MUL_MAT,0,31,16,1920,"ffn_shexp-18","blk.18.ffn_down_shexp.weight","ffn_swiglu-18"
699,77,MUL,0,3,0,1935,"ffn_shexp_gated-18","ffn_shexp-18","shared_expert_gate_sigmoid-18"
699,78,ADD,0,1,1,1937,"ffn_out-18","ffn_moe_out-18","ffn_shexp_gated-18"
699,151,RMS_NORM,0,4,0,3024,"norm-19","indexer_k_pooled-19 (reshaped)",""
700,38,MUL_MAT,0,256,51,521,"attn_output-19","blk.19.attn_output.weight","attn_gated-19"
700,66,SCALE,0,0,2,745,"ffn_moe_inp-19","node_3279",""
700,70,ARGSORT,0,20,0,869,"ffn_moe_argsort-19","ffn_moe_probs-19",""
700,102,ADD,0,1,0,2467,"ffn_moe_out-19","node_3315","ffn_moe_weighted-19 (view)"
700,106,MUL_MAT,0,38,6,2604,"ffn_shexp-19","blk.19.ffn_down_shexp.weight","ffn_swiglu-19"
700,109,MUL,0,1,15,2626,"ffn_shexp_gated-19","ffn_shexp-19","shared_expert_gate_sigmoid-19"
700,110,ADD,0,1,0,2628,"ffn_out-19","ffn_moe_out-19","ffn_shexp_gated-19"
700,184,RMS_NORM,0,0,2,4007,"norm-20","attn_output-20",""
701,5,MUL_MAT,0,258,71,665,"linear_attn_out-20","blk.20.ssm_out.weight","final_output-20"
701,34,SCALE,0,0,2,892,"ffn_moe_inp-20","node_3433",""
701,38,ARGSORT,0,19,1,1029,"ffn_moe_argsort-20","ffn_moe_probs-20",""
701,70,ADD,0,2,0,1677,"ffn_moe_out-20","node_3469","ffn_moe_weighted-20 (view)"
701,74,MUL_MAT,0,27,8,1787,"ffn_shexp-20","blk.20.ffn_down_shexp.weight","ffn_swiglu-20"
701,77,MUL,0,2,1,1796,"ffn_shexp_gated-20","ffn_shexp-20","shared_expert_gate_sigmoid-20"
701,78,ADD,0,1,1,1798,"ffn_out-20","ffn_moe_out-20","ffn_shexp_gated-20"
701,152,RMS_NORM,0,0,2,3147,"norm-21","attn_output-21",""
702,5,MUL_MAT,0,184,147,649,"linear_attn_out-21","blk.21.ssm_out.weight","final_output-21"
702,34,SCALE,0,0,1,896,"ffn_moe_inp-21","node_3587",""
702,38,ARGSORT,0,19,1,1028,"ffn_moe_argsort-21","ffn_moe_probs-21",""
702,70,ADD,0,1,0,1815,"ffn_moe_out-21","node_3623","ffn_moe_weighted-21 (view)"
702,74,MUL_MAT,0,27,12,1947,"ffn_shexp-21","blk.21.ffn_down_shexp.weight","ffn_swiglu-21"
702,77,MUL,0,2,1,1957,"ffn_shexp_gated-21","ffn_shexp-21","shared_expert_gate_sigmoid-21"
702,78,ADD,0,1,1,1959,"ffn_out-21","ffn_moe_out-21","ffn_shexp_gated-21"
702,152,RMS_NORM,0,1,9,3381,"norm-22","attn_output-22",""
703,5,MUL_MAT,0,197,126,626,"linear_attn_out-22","blk.22.ssm_out.weight","final_output-22"
703,34,SCALE,0,0,2,852,"ffn_moe_inp-22","node_3741",""
703,38,ARGSORT,0,18,1,987,"ffn_moe_argsort-22","ffn_moe_probs-22",""
703,70,ADD,0,2,0,2182,"ffn_moe_out-22","node_3777","ffn_moe_weighted-22 (view)"
703,74,MUL_MAT,0,29,14,2308,"ffn_shexp-22","blk.22.ffn_down_shexp.weight","ffn_swiglu-22"
703,77,MUL,0,2,1,2316,"ffn_shexp_gated-22","ffn_shexp-22","shared_expert_gate_sigmoid-22"
703,78,ADD,0,1,1,2318,"ffn_out-22","ffn_moe_out-22","ffn_shexp_gated-22"
703,151,RMS_NORM,0,5,0,3372,"norm-23","indexer_k_pooled-23 (reshaped)",""
704,38,MUL_MAT,0,237,79,536,"attn_output-23","blk.23.attn_output.weight","attn_gated-23"
704,66,SCALE,0,0,2,777,"ffn_moe_inp-23","node_3928",""
704,70,ARGSORT,0,21,0,896,"ffn_moe_argsort-23","ffn_moe_probs-23",""
704,102,ADD,0,1,2,2010,"ffn_moe_out-23","node_3964","ffn_moe_weighted-23 (view)"
704,106,MUL_MAT,0,40,4,2131,"ffn_shexp-23","blk.23.ffn_down_shexp.weight","ffn_swiglu-23"
704,109,MUL,0,1,1,2140,"ffn_shexp_gated-23","ffn_shexp-23","shared_expert_gate_sigmoid-23"
704,110,ADD,0,1,1,2142,"ffn_out-23","ffn_moe_out-23","ffn_shexp_gated-23"
704,184,RMS_NORM,0,0,2,3433,"norm-24","attn_output-24",""
705,5,MUL_MAT,0,269,78,691,"linear_attn_out-24","blk.24.ssm_out.weight","final_output-24"
705,34,SCALE,0,0,2,933,"ffn_moe_inp-24","node_4082",""
705,38,ARGSORT,0,20,0,1066,"ffn_moe_argsort-24","ffn_moe_probs-24",""
705,70,ADD,0,2,0,2302,"ffn_moe_out-24","node_4118","ffn_moe_weighted-24 (view)"
705,74,MUL_MAT,0,32,8,2420,"ffn_shexp-24","blk.24.ffn_down_shexp.weight","ffn_swiglu-24"
705,77,MUL,0,2,0,2429,"ffn_shexp_gated-24","ffn_shexp-24","shared_expert_gate_sigmoid-24"
705,78,ADD,0,1,1,2431,"ffn_out-24","ffn_moe_out-24","ffn_shexp_gated-24"
705,152,RMS_NORM,0,0,3,3799,"norm-25","attn_output-25",""
706,5,MUL_MAT,0,287,59,681,"linear_attn_out-25","blk.25.ssm_out.weight","final_output-25"
706,34,SCALE,0,0,1,937,"ffn_moe_inp-25","node_4236",""
706,38,ARGSORT,0,20,0,1074,"ffn_moe_argsort-25","ffn_moe_probs-25",""
706,70,ADD,0,1,2,2131,"ffn_moe_out-25","node_4272","ffn_moe_weighted-25 (view)"
706,74,MUL_MAT,0,37,6,2251,"ffn_shexp-25","blk.25.ffn_down_shexp.weight","ffn_swiglu-25"
706,77,MUL,0,2,0,2259,"ffn_shexp_gated-25","ffn_shexp-25","shared_expert_gate_sigmoid-25"
706,78,ADD,0,1,1,2261,"ffn_out-25","ffn_moe_out-25","ffn_shexp_gated-25"
706,152,RMS_NORM,0,1,2,3661,"norm-26","attn_output-26",""
707,5,MUL_MAT,0,277,63,675,"linear_attn_out-26","blk.26.ssm_out.weight","final_output-26"
707,34,SCALE,0,0,2,940,"ffn_moe_inp-26","node_4390",""
707,38,ARGSORT,0,20,1,1068,"ffn_moe_argsort-26","ffn_moe_probs-26",""
707,70,ADD,0,1,0,1745,"ffn_moe_out-26","node_4426","ffn_moe_weighted-26 (view)"
707,74,MUL_MAT,0,39,0,1867,"ffn_shexp-26","blk.26.ffn_down_shexp.weight","ffn_swiglu-26"
707,77,MUL,0,2,1,1885,"ffn_shexp_gated-26","ffn_shexp-26","shared_expert_gate_sigmoid-26"
707,78,ADD,0,1,6,1892,"ffn_out-26","ffn_moe_out-26","ffn_shexp_gated-26"
707,151,RMS_NORM,0,4,0,2927,"norm-27","indexer_k_pooled-27 (reshaped)",""
708,38,MUL_MAT,0,273,86,680,"attn_output-27","blk.27.attn_output.weight","attn_gated-27"
708,66,SCALE,0,0,2,987,"ffn_moe_inp-27","node_4577",""
708,70,ARGSORT,0,18,0,1116,"ffn_moe_argsort-27","ffn_moe_probs-27",""
708,102,ADD,0,1,0,1809,"ffn_moe_out-27","node_4613","ffn_moe_weighted-27 (view)"
708,106,MUL_MAT,0,30,3,1988,"ffn_shexp-27","blk.27.ffn_down_shexp.weight","ffn_swiglu-27"
708,109,MUL,0,2,0,1997,"ffn_shexp_gated-27","ffn_shexp-27","shared_expert_gate_sigmoid-27"
708,110,ADD,0,1,0,1999,"ffn_out-27","ffn_moe_out-27","ffn_shexp_gated-27"
708,184,RMS_NORM,0,1,1,3299,"norm-28","attn_output-28",""
709,5,MUL_MAT,0,267,61,662,"linear_attn_out-28","blk.28.ssm_out.weight","final_output-28"
709,34,SCALE,0,0,1,913,"ffn_moe_inp-28","node_4731",""
709,38,ARGSORT,0,22,0,1042,"ffn_moe_argsort-28","ffn_moe_probs-28",""
709,70,ADD,0,1,0,1803,"ffn_moe_out-28","node_4767","ffn_moe_weighted-28 (view)"
709,74,MUL_MAT,0,21,17,1930,"ffn_shexp-28","blk.28.ffn_down_shexp.weight","ffn_swiglu-28"
709,77,MUL,0,1,0,1942,"ffn_shexp_gated-28","ffn_shexp-28","shared_expert_gate_sigmoid-28"
709,78,ADD,0,1,0,1944,"ffn_out-28","ffn_moe_out-28","ffn_shexp_gated-28"
709,152,RMS_NORM,0,0,98,3496,"norm-29","attn_output-29",""
710,5,MUL_MAT,0,271,54,638,"linear_attn_out-29","blk.29.ssm_out.weight","final_output-29"
710,34,SCALE,0,1,2,875,"ffn_moe_inp-29","node_4885",""
710,38,ARGSORT,0,21,0,1006,"ffn_moe_argsort-29","ffn_moe_probs-29",""
710,70,ADD,0,1,1,1643,"ffn_moe_out-29","node_4921","ffn_moe_weighted-29 (view)"
710,74,MUL_MAT,0,28,8,1754,"ffn_shexp-29","blk.29.ffn_down_shexp.weight","ffn_swiglu-29"
710,77,MUL,0,1,1,1762,"ffn_shexp_gated-29","ffn_shexp-29","shared_expert_gate_sigmoid-29"
710,78,ADD,0,1,0,1763,"ffn_out-29","ffn_moe_out-29","ffn_shexp_gated-29"
710,152,RMS_NORM,0,0,1,3182,"norm-30","attn_output-30",""
711,5,MUL_MAT,0,285,66,697,"linear_attn_out-30","blk.30.ssm_out.weight","final_output-30"
711,34,SCALE,0,0,1,985,"ffn_moe_inp-30","node_5039",""
711,38,ARGSORT,0,37,1,1153,"ffn_moe_argsort-30","ffn_moe_probs-30",""
711,70,ADD,0,1,0,2050,"ffn_moe_out-30","node_5075","ffn_moe_weighted-30 (view)"
711,74,MUL_MAT,0,32,7,2162,"ffn_shexp-30","blk.30.ffn_down_shexp.weight","ffn_swiglu-30"
711,77,MUL,0,2,0,2177,"ffn_shexp_gated-30","ffn_shexp-30","shared_expert_gate_sigmoid-30"
711,78,ADD,0,2,0,2179,"ffn_out-30","ffn_moe_out-30","ffn_shexp_gated-30"
711,151,RMS_NORM,0,4,1,3170,"norm-31","indexer_k_pooled-31 (reshaped)",""
712,38,MUL_MAT,0,255,55,533,"attn_output-31","blk.31.attn_output.weight","attn_gated-31"
712,66,SCALE,0,1,1,754,"ffn_moe_inp-31","node_5226",""
712,70,ARGSORT,0,20,1,876,"ffn_moe_argsort-31","ffn_moe_probs-31",""
712,102,ADD,0,1,0,1600,"ffn_moe_out-31","node_5262","ffn_moe_weighted-31 (view)"
712,106,MUL_MAT,0,34,3,1720,"ffn_shexp-31","blk.31.ffn_down_shexp.weight","ffn_swiglu-31"
712,109,MUL,0,2,0,1729,"ffn_shexp_gated-31","ffn_shexp-31","shared_expert_gate_sigmoid-31"
712,110,ADD,0,1,0,1731,"ffn_out-31","ffn_moe_out-31","ffn_shexp_gated-31"
712,184,RMS_NORM,0,1,1,3127,"norm-32","attn_output-32",""
713,5,MUL_MAT,0,258,70,647,"linear_attn_out-32","blk.32.ssm_out.weight","final_output-32"
713,34,SCALE,0,0,2,900,"ffn_moe_inp-32","node_5380",""
713,38,ARGSORT,0,22,0,1027,"ffn_moe_argsort-32","ffn_moe_probs-32",""
713,70,ADD,0,1,1,2239,"ffn_moe_out-32","node_5416","ffn_moe_weighted-32 (view)"
713,74,MUL_MAT,0,30,7,2352,"ffn_shexp-32","blk.32.ffn_down_shexp.weight","ffn_swiglu-32"
713,77,MUL,0,2,10,2370,"ffn_shexp_gated-32","ffn_shexp-32","shared_expert_gate_sigmoid-32"
713,78,ADD,0,1,1,2372,"ffn_out-32","ffn_moe_out-32","ffn_shexp_gated-32"
713,152,RMS_NORM,0,1,1,3711,"norm-33","attn_output-33",""
714,5,MUL_MAT,0,276,58,651,"linear_attn_out-33","blk.33.ssm_out.weight","final_output-33"
714,34,SCALE,0,0,9,916,"ffn_moe_inp-33","node_5534",""
714,38,ARGSORT,0,22,0,1043,"ffn_moe_argsort-33","ffn_moe_probs-33",""
714,70,ADD,0,1,1,1695,"ffn_moe_out-33","node_5570","ffn_moe_weighted-33 (view)"
714,74,MUL_MAT,0,34,10,1814,"ffn_shexp-33","blk.33.ffn_down_shexp.weight","ffn_swiglu-33"
714,77,MUL,0,2,1,1822,"ffn_shexp_gated-33","ffn_shexp-33","shared_expert_gate_sigmoid-33"
714,78,ADD,0,1,1,1824,"ffn_out-33","ffn_moe_out-33","ffn_shexp_gated-33"
714,152,RMS_NORM,0,1,2,3126,"norm-34","attn_output-34",""
715,5,MUL_MAT,0,269,54,646,"linear_attn_out-34","blk.34.ssm_out.weight","final_output-34"
715,34,SCALE,0,0,1,988,"ffn_moe_inp-34","node_5688",""
715,38,ARGSORT,0,20,1,1119,"ffn_moe_argsort-34","ffn_moe_probs-34",""
715,70,ADD,0,1,0,1771,"ffn_moe_out-34","node_5724","ffn_moe_weighted-34 (view)"
715,74,MUL_MAT,0,29,7,1926,"ffn_shexp-34","blk.34.ffn_down_shexp.weight","ffn_swiglu-34"
715,77,MUL,0,2,0,1934,"ffn_shexp_gated-34","ffn_shexp-34","shared_expert_gate_sigmoid-34"
715,78,ADD,0,1,0,1936,"ffn_out-34","ffn_moe_out-34","ffn_shexp_gated-34"
715,151,RMS_NORM,0,5,0,3178,"norm-35","indexer_k_pooled-35 (reshaped)",""
716,38,MUL_MAT,0,265,48,532,"attn_output-35","blk.35.attn_output.weight","attn_gated-35"
716,66,SCALE,0,0,1,758,"ffn_moe_inp-35","node_5875",""
716,70,ARGSORT,0,21,0,880,"ffn_moe_argsort-35","ffn_moe_probs-35",""
716,102,ADD,0,1,1,2131,"ffn_moe_out-35","node_5911","ffn_moe_weighted-35 (view)"
716,106,MUL_MAT,0,29,4,2239,"ffn_shexp-35","blk.35.ffn_down_shexp.weight","ffn_swiglu-35"
716,109,MUL,0,2,0,2248,"ffn_shexp_gated-35","ffn_shexp-35","shared_expert_gate_sigmoid-35"
716,110,ADD,0,1,1,2250,"ffn_out-35","ffn_moe_out-35","ffn_shexp_gated-35"
716,184,RMS_NORM,0,0,2,3576,"norm-36","attn_output-36",""
717,5,MUL_MAT,0,274,58,655,"linear_attn_out-36","blk.36.ssm_out.weight","final_output-36"
717,34,SCALE,0,0,2,891,"ffn_moe_inp-36","node_6029",""
717,38,ARGSORT,0,20,0,1017,"ffn_moe_argsort-36","ffn_moe_probs-36",""
717,70,ADD,0,1,1,1660,"ffn_moe_out-36","node_6065","ffn_moe_weighted-36 (view)"
717,74,MUL_MAT,0,30,9,1774,"ffn_shexp-36","blk.36.ffn_down_shexp.weight","ffn_swiglu-36"
717,77,MUL,0,2,0,1786,"ffn_shexp_gated-36","ffn_shexp-36","shared_expert_gate_sigmoid-36"
717,78,ADD,0,1,0,1788,"ffn_out-36","ffn_moe_out-36","ffn_shexp_gated-36"
717,152,RMS_NORM,0,0,2,3058,"norm-37","attn_output-37",""
718,5,MUL_MAT,0,264,78,679,"linear_attn_out-37","blk.37.ssm_out.weight","final_output-37"
718,34,SCALE,0,0,1,955,"ffn_moe_inp-37","node_6183",""
718,38,ARGSORT,0,20,0,1087,"ffn_moe_argsort-37","ffn_moe_probs-37",""
718,70,ADD,0,2,0,1778,"ffn_moe_out-37","node_6219","ffn_moe_weighted-37 (view)"
718,74,MUL_MAT,0,28,21,1915,"ffn_shexp-37","blk.37.ffn_down_shexp.weight","ffn_swiglu-37"
718,77,MUL,0,2,0,1921,"ffn_shexp_gated-37","ffn_shexp-37","shared_expert_gate_sigmoid-37"
718,78,ADD,0,1,11,1933,"ffn_out-37","ffn_moe_out-37","ffn_shexp_gated-37"
718,152,RMS_NORM,0,0,2,3261,"norm-38","attn_output-38",""
719,5,MUL_MAT,0,315,8,648,"linear_attn_out-38","blk.38.ssm_out.weight","final_output-38"
719,34,SCALE,0,0,1,882,"ffn_moe_inp-38","node_6337",""
719,38,ARGSORT,0,22,0,1016,"ffn_moe_argsort-38","ffn_moe_probs-38",""
719,70,ADD,0,1,1,1636,"ffn_moe_out-38","node_6373","ffn_moe_weighted-38 (view)"
719,74,MUL_MAT,0,35,1,1746,"ffn_shexp-38","blk.38.ffn_down_shexp.weight","ffn_swiglu-38"
719,77,MUL,0,3,0,1757,"ffn_shexp_gated-38","ffn_shexp-38","shared_expert_gate_sigmoid-38"
719,78,ADD,0,2,0,1759,"ffn_out-38","ffn_moe_out-38","ffn_shexp_gated-38"
719,87,ADD,0,2,1,1784,"l_last-38","hc_combine-38","node_6390"
720,0,GET_ROWS,0,3,1,5,"model.input_embed","token_embd.weight","inp_tokens"
720,69,RMS_NORM,0,0,2,1756,"norm-0","attn_output-0",""
721,5,MUL_MAT,0,353,1,685,"linear_attn_out-0","blk.0.ssm_out.weight","final_output-0"
721,34,SCALE,0,0,13,955,"ffn_moe_inp-0","node_104",""
721,38,ARGSORT,0,22,0,1098,"ffn_moe_argsort-0","ffn_moe_probs-0",""
721,70,ADD,0,2,0,2455,"ffn_moe_out-0","node_140","ffn_moe_weighted-0 (view)"
721,93,MUL_MAT,0,31,5,3349,"ffn_shexp-0","blk.0.ffn_down_shexp.weight","ffn_swiglu-0"
721,96,MUL,0,4,0,3359,"ffn_shexp_gated-0","ffn_shexp-0","shared_expert_gate_sigmoid-0"
721,97,ADD,0,1,3,3364,"ffn_out-0","ffn_moe_out-0","ffn_shexp_gated-0"
721,236,RMS_NORM,0,1,0,5462,"norm-1","attn_output-1",""
722,5,MUL_MAT,0,331,6,668,"linear_attn_out-1","blk.1.ssm_out.weight","final_output-1"
722,34,SCALE,0,0,1,927,"ffn_moe_inp-1","node_342",""
722,38,ARGSORT,0,22,0,1062,"ffn_moe_argsort-1","ffn_moe_probs-1",""
722,70,ADD,0,2,0,1826,"ffn_moe_out-1","node_378","ffn_moe_weighted-1 (view)"
722,74,MUL_MAT,0,36,7,1952,"ffn_shexp-1","blk.1.ffn_down_shexp.weight","ffn_swiglu-1"
722,77,MUL,0,3,0,1962,"ffn_shexp_gated-1","ffn_shexp-1","shared_expert_gate_sigmoid-1"
722,78,ADD,0,1,9,1973,"ffn_out-1","ffn_moe_out-1","ffn_shexp_gated-1"
722,152,RMS_NORM,0,0,1,3601,"norm-2","attn_output-2",""
723,5,MUL_MAT,0,169,146,622,"linear_attn_out-2","blk.2.ssm_out.weight","final_output-2"
723,34,SCALE,0,0,1,853,"ffn_moe_inp-2","node_496",""
723,38,ARGSORT,0,20,0,975,"ffn_moe_argsort-2","ffn_moe_probs-2",""
723,70,ADD,0,1,11,2459,"ffn_moe_out-2","node_532","ffn_moe_weighted-2 (view)"
723,74,MUL_MAT,0,23,16,2584,"ffn_shexp-2","blk.2.ffn_down_shexp.weight","ffn_swiglu-2"
723,77,MUL,0,1,1,2605,"ffn_shexp_gated-2","ffn_shexp-2","shared_expert_gate_sigmoid-2"
723,78,ADD,0,1,1,2607,"ffn_out-2","ffn_moe_out-2","ffn_shexp_gated-2"
723,151,RMS_NORM,0,9,0,3650,"norm-3","indexer_k_pooled-3 (reshaped)",""
724,38,MUL_MAT,0,170,142,722,"attn_output-3","blk.3.attn_output.weight","attn_gated-3"
724,66,SCALE,0,0,1,937,"ffn_moe_inp-3","node_683",""
724,70,ARGSORT,0,19,0,1056,"ffn_moe_argsort-3","ffn_moe_probs-3",""
724,102,ADD,0,0,1,1695,"ffn_moe_out-3","node_719","ffn_moe_weighted-3 (view)"
724,106,MUL_MAT,0,17,17,1802,"ffn_shexp-3","blk.3.ffn_down_shexp.weight","ffn_swiglu-3"
724,109,MUL,0,2,0,1809,"ffn_shexp_gated-3","ffn_shexp-3","shared_expert_gate_sigmoid-3"
724,110,ADD,0,0,1,1811,"ffn_out-3","ffn_moe_out-3","ffn_shexp_gated-3"
724,184,RMS_NORM,0,0,2,3011,"norm-4","attn_output-4",""
725,5,MUL_MAT,0,274,71,666,"linear_attn_out-4","blk.4.ssm_out.weight","final_output-4"
725,34,SCALE,0,0,2,913,"ffn_moe_inp-4","node_837",""
725,38,ARGSORT,0,21,0,1057,"ffn_moe_argsort-4","ffn_moe_probs-4",""
725,70,ADD,0,1,1,1994,"ffn_moe_out-4","node_873","ffn_moe_weighted-4 (view)"
725,74,MUL_MAT,0,30,6,2111,"ffn_shexp-4","blk.4.ffn_down_shexp.weight","ffn_swiglu-4"
725,77,MUL,0,2,0,2119,"ffn_shexp_gated-4","ffn_shexp-4","shared_expert_gate_sigmoid-4"
725,78,ADD,0,1,9,2130,"ffn_out-4","ffn_moe_out-4","ffn_shexp_gated-4"
725,152,RMS_NORM,0,1,1,3603,"norm-5","attn_output-5",""
726,5,MUL_MAT,0,252,70,641,"linear_attn_out-5","blk.5.ssm_out.weight","final_output-5"
726,34,SCALE,0,0,10,1026,"ffn_moe_inp-5","node_991",""
726,38,ARGSORT,0,23,0,1164,"ffn_moe_argsort-5","ffn_moe_probs-5",""
726,70,ADD,0,1,1,1884,"ffn_moe_out-5","node_1027","ffn_moe_weighted-5 (view)"
726,74,MUL_MAT,0,37,1,2008,"ffn_shexp-5","blk.5.ffn_down_shexp.weight","ffn_swiglu-5"
726,77,MUL,0,3,6,2025,"ffn_shexp_gated-5","ffn_shexp-5","shared_expert_gate_sigmoid-5"
726,78,ADD,0,1,1,2028,"ffn_out-5","ffn_moe_out-5","ffn_shexp_gated-5"
726,152,RMS_NORM,0,0,2,3555,"norm-6","attn_output-6",""
727,5,MUL_MAT,0,262,74,674,"linear_attn_out-6","blk.6.ssm_out.weight","final_output-6"
727,34,SCALE,0,0,2,944,"ffn_moe_inp-6","node_1145",""
727,38,ARGSORT,0,22,1,1078,"ffn_moe_argsort-6","ffn_moe_probs-6",""
727,70,ADD,0,1,1,1715,"ffn_moe_out-6","node_1181","ffn_moe_weighted-6 (view)"
727,74,MUL_MAT,0,30,13,1834,"ffn_shexp-6","blk.6.ffn_down_shexp.weight","ffn_swiglu-6"
727,77,MUL,0,2,1,1844,"ffn_shexp_gated-6","ffn_shexp-6","shared_expert_gate_sigmoid-6"
727,78,ADD,0,1,0,1845,"ffn_out-6","ffn_moe_out-6","ffn_shexp_gated-6"
727,151,RMS_NORM,0,9,1,3068,"norm-7","indexer_k_pooled-7 (reshaped)",""
728,38,MUL_MAT,0,264,56,581,"attn_output-7","blk.7.attn_output.weight","attn_gated-7"
728,66,SCALE,0,0,1,822,"ffn_moe_inp-7","node_1332",""
728,70,ARGSORT,0,20,0,942,"ffn_moe_argsort-7","ffn_moe_probs-7",""
728,102,ADD,0,1,1,1584,"ffn_moe_out-7","node_1368","ffn_moe_weighted-7 (view)"
728,106,MUL_MAT,0,26,12,1704,"ffn_shexp-7","blk.7.ffn_down_shexp.weight","ffn_swiglu-7"
728,109,MUL,0,2,0,1727,"ffn_shexp_gated-7","ffn_shexp-7","shared_expert_gate_sigmoid-7"
728,110,ADD,0,2,0,1729,"ffn_out-7","ffn_moe_out-7","ffn_shexp_gated-7"
728,184,RMS_NORM,0,0,1,3007,"norm-8","attn_output-8",""
729,5,MUL_MAT,0,270,71,664,"linear_attn_out-8","blk.8.ssm_out.weight","final_output-8"
729,34,SCALE,0,0,2,923,"ffn_moe_inp-8","node_1486",""
729,38,ARGSORT,0,20,0,1057,"ffn_moe_argsort-8","ffn_moe_probs-8",""
729,70,ADD,0,1,34,2049,"ffn_moe_out-8","node_1522","ffn_moe_weighted-8 (view)"
729,74,MUL_MAT,0,21,14,2160,"ffn_shexp-8","blk.8.ffn_down_shexp.weight","ffn_swiglu-8"
729,77,MUL,0,2,0,2167,"ffn_shexp_gated-8","ffn_shexp-8","shared_expert_gate_sigmoid-8"
729,78,ADD,0,1,0,2169,"ffn_out-8","ffn_moe_out-8","ffn_shexp_gated-8"
729,152,RMS_NORM,0,0,2,3370,"norm-9","attn_output-9",""
730,5,MUL_MAT,0,175,143,634,"linear_attn_out-9","blk.9.ssm_out.weight","final_output-9"
730,34,SCALE,0,0,2,861,"ffn_moe_inp-9","node_1640",""
730,38,ARGSORT,0,20,1,993,"ffn_moe_argsort-9","ffn_moe_probs-9",""
730,70,ADD,0,1,0,1632,"ffn_moe_out-9","node_1676","ffn_moe_weighted-9 (view)"
730,74,MUL_MAT,0,22,21,1761,"ffn_shexp-9","blk.9.ffn_down_shexp.weight","ffn_swiglu-9"
730,77,MUL,0,1,1,1768,"ffn_shexp_gated-9","ffn_shexp-9","shared_expert_gate_sigmoid-9"
730,78,ADD,0,1,0,1769,"ffn_out-9","ffn_moe_out-9","ffn_shexp_gated-9"
730,152,RMS_NORM,0,1,2,3320,"norm-10","attn_output-10",""
731,5,MUL_MAT,0,269,56,687,"linear_attn_out-10","blk.10.ssm_out.weight","final_output-10"
731,34,SCALE,0,0,2,972,"ffn_moe_inp-10","node_1794",""
731,38,ARGSORT,0,21,1,1115,"ffn_moe_argsort-10","ffn_moe_probs-10",""
731,70,ADD,0,1,1,1769,"ffn_moe_out-10","node_1830","ffn_moe_weighted-10 (view)"
731,74,MUL_MAT,0,29,9,1889,"ffn_shexp-10","blk.10.ffn_down_shexp.weight","ffn_swiglu-10"
731,77,MUL,0,2,0,1898,"ffn_shexp_gated-10","ffn_shexp-10","shared_expert_gate_sigmoid-10"
731,78,ADD,0,1,1,1900,"ffn_out-10","ffn_moe_out-10","ffn_shexp_gated-10"
731,151,RMS_NORM,0,9,0,3008,"norm-11","indexer_k_pooled-11 (reshaped)",""
732,38,MUL_MAT,0,287,53,613,"attn_output-11","blk.11.attn_output.weight","attn_gated-11"
732,66,SCALE,0,0,2,867,"ffn_moe_inp-11","node_1981",""
732,70,ARGSORT,0,20,1,994,"ffn_moe_argsort-11","ffn_moe_probs-11",""
732,102,ADD,0,1,0,1633,"ffn_moe_out-11","node_2017","ffn_moe_weighted-11 (view)"
732,106,MUL_MAT,0,27,8,1742,"ffn_shexp-11","blk.11.ffn_down_shexp.weight","ffn_swiglu-11"
732,109,MUL,0,2,0,1749,"ffn_shexp_gated-11","ffn_shexp-11","shared_expert_gate_sigmoid-11"
732,110,ADD,0,1,0,1751,"ffn_out-11","ffn_moe_out-11","ffn_shexp_gated-11"
732,184,RMS_NORM,0,1,2,3039,"norm-12","attn_output-12",""
733,5,MUL_MAT,0,256,60,640,"linear_attn_out-12","blk.12.ssm_out.weight","final_output-12"
733,34,SCALE,0,0,2,884,"ffn_moe_inp-12","node_2135",""
733,38,ARGSORT,0,19,0,1008,"ffn_moe_argsort-12","ffn_moe_probs-12",""
733,70,ADD,0,1,0,1672,"ffn_moe_out-12","node_2171","ffn_moe_weighted-12 (view)"
733,74,MUL_MAT,0,29,10,1797,"ffn_shexp-12","blk.12.ffn_down_shexp.weight","ffn_swiglu-12"
733,77,MUL,0,2,0,1812,"ffn_shexp_gated-12","ffn_shexp-12","shared_expert_gate_sigmoid-12"
733,78,ADD,0,1,1,1814,"ffn_out-12","ffn_moe_out-12","ffn_shexp_gated-12"
733,152,RMS_NORM,0,0,2,3538,"norm-13","attn_output-13",""
734,5,MUL_MAT,0,275,73,665,"linear_attn_out-13","blk.13.ssm_out.weight","final_output-13"
734,34,SCALE,0,0,1,916,"ffn_moe_inp-13","node_2289",""
734,38,ARGSORT,0,20,0,1052,"ffn_moe_argsort-13","ffn_moe_probs-13",""
734,70,ADD,0,1,0,1719,"ffn_moe_out-13","node_2325","ffn_moe_weighted-13 (view)"
734,74,MUL_MAT,0,33,6,1835,"ffn_shexp-13","blk.13.ffn_down_shexp.weight","ffn_swiglu-13"
734,77,MUL,0,2,1,1854,"ffn_shexp_gated-13","ffn_shexp-13","shared_expert_gate_sigmoid-13"
734,78,ADD,0,1,1,1856,"ffn_out-13","ffn_moe_out-13","ffn_shexp_gated-13"
734,152,RMS_NORM,0,0,1,3303,"norm-14","attn_output-14",""
735,5,MUL_MAT,0,249,79,650,"linear_attn_out-14","blk.14.ssm_out.weight","final_output-14"
735,34,SCALE,0,0,1,892,"ffn_moe_inp-14","node_2443",""
735,38,ARGSORT,0,20,0,1021,"ffn_moe_argsort-14","ffn_moe_probs-14",""
735,70,ADD,0,1,0,1674,"ffn_moe_out-14","node_2479","ffn_moe_weighted-14 (view)"
735,74,MUL_MAT,0,29,6,1796,"ffn_shexp-14","blk.14.ffn_down_shexp.weight","ffn_swiglu-14"
735,77,MUL,0,2,0,1804,"ffn_shexp_gated-14","ffn_shexp-14","shared_expert_gate_sigmoid-14"
735,78,ADD,0,1,0,1806,"ffn_out-14","ffn_moe_out-14","ffn_shexp_gated-14"
735,151,RMS_NORM,0,9,1,2814,"norm-15","indexer_k_pooled-15 (reshaped)",""
736,38,MUL_MAT,0,258,70,594,"attn_output-15","blk.15.attn_output.weight","attn_gated-15"
736,66,SCALE,0,0,1,853,"ffn_moe_inp-15","node_2630",""
736,70,ARGSORT,0,18,1,981,"ffn_moe_argsort-15","ffn_moe_probs-15",""
736,102,ADD,0,1,0,1639,"ffn_moe_out-15","node_2666","ffn_moe_weighted-15 (view)"
736,106,MUL_MAT,0,26,9,1767,"ffn_shexp-15","blk.15.ffn_down_shexp.weight","ffn_swiglu-15"
736,109,MUL,0,2,0,1775,"ffn_shexp_gated-15","ffn_shexp-15","shared_expert_gate_sigmoid-15"
736,110,ADD,0,2,0,1777,"ffn_out-15","ffn_moe_out-15","ffn_shexp_gated-15"
736,184,RMS_NORM,0,0,1,3069,"norm-16","attn_output-16",""
737,5,MUL_MAT,0,262,66,643,"linear_attn_out-16","blk.16.ssm_out.weight","final_output-16"
737,34,SCALE,0,0,2,1098,"ffn_moe_inp-16","node_2784",""
737,38,ARGSORT,0,19,1,1218,"ffn_moe_argsort-16","ffn_moe_probs-16",""
737,70,ADD,0,2,0,2338,"ffn_moe_out-16","node_2820","ffn_moe_weighted-16 (view)"
737,74,MUL_MAT,0,36,12,2468,"ffn_shexp-16","blk.16.ffn_down_shexp.weight","ffn_swiglu-16"
737,77,MUL,0,2,0,2484,"ffn_shexp_gated-16","ffn_shexp-16","shared_expert_gate_sigmoid-16"
737,78,ADD,0,2,0,2486,"ffn_out-16","ffn_moe_out-16","ffn_shexp_gated-16"
737,152,RMS_NORM,0,0,2,3847,"norm-17","attn_output-17",""
738,5,MUL_MAT,0,252,74,641,"linear_attn_out-17","blk.17.ssm_out.weight","final_output-17"
738,34,SCALE,0,0,1,899,"ffn_moe_inp-17","node_2938",""
738,38,ARGSORT,0,20,0,1023,"ffn_moe_argsort-17","ffn_moe_probs-17",""
738,70,ADD,0,2,14,1644,"ffn_moe_out-17","node_2974","ffn_moe_weighted-17 (view)"
738,74,MUL_MAT,0,37,12,1769,"ffn_shexp-17","blk.17.ffn_down_shexp.weight","ffn_swiglu-17"
738,77,MUL,0,2,0,1785,"ffn_shexp_gated-17","ffn_shexp-17","shared_expert_gate_sigmoid-17"
738,78,ADD,0,1,1,1787,"ffn_out-17","ffn_moe_out-17","ffn_shexp_gated-17"
738,152,RMS_NORM,0,0,18,3122,"norm-18","attn_output-18",""
739,5,MUL_MAT,0,279,70,706,"linear_attn_out-18","blk.18.ssm_out.weight","final_output-18"
739,34,SCALE,0,0,2,967,"ffn_moe_inp-18","node_3092",""
739,38,ARGSORT,0,18,1,1099,"ffn_moe_argsort-18","ffn_moe_probs-18",""
739,70,ADD,0,1,1,1764,"ffn_moe_out-18","node_3128","ffn_moe_weighted-18 (view)"
739,74,MUL_MAT,0,27,17,1888,"ffn_shexp-18","blk.18.ffn_down_shexp.weight","ffn_swiglu-18"
739,77,MUL,0,2,0,1895,"ffn_shexp_gated-18","ffn_shexp-18","shared_expert_gate_sigmoid-18"
739,78,ADD,0,1,1,1898,"ffn_out-18","ffn_moe_out-18","ffn_shexp_gated-18"
739,151,RMS_NORM,0,8,1,2925,"norm-19","indexer_k_pooled-19 (reshaped)",""
740,38,MUL_MAT,0,250,62,564,"attn_output-19","blk.19.attn_output.weight","attn_gated-19"
740,66,SCALE,0,1,1,789,"ffn_moe_inp-19","node_3279",""
740,70,ARGSORT,0,19,0,908,"ffn_moe_argsort-19","ffn_moe_probs-19",""
740,102,ADD,0,1,1,1512,"ffn_moe_out-19","node_3315","ffn_moe_weighted-19 (view)"
740,106,MUL_MAT,0,33,8,1734,"ffn_shexp-19","blk.19.ffn_down_shexp.weight","ffn_swiglu-19"
740,109,MUL,0,1,1,1742,"ffn_shexp_gated-19","ffn_shexp-19","shared_expert_gate_sigmoid-19"
740,110,ADD,0,1,1,1744,"ffn_out-19","ffn_moe_out-19","ffn_shexp_gated-19"
740,184,RMS_NORM,0,0,2,3088,"norm-20","attn_output-20",""
741,5,MUL_MAT,0,175,171,676,"linear_attn_out-20","blk.20.ssm_out.weight","final_output-20"
741,34,SCALE,0,0,1,1010,"ffn_moe_inp-20","node_3433",""
741,38,ARGSORT,0,18,0,1129,"ffn_moe_argsort-20","ffn_moe_probs-20",""
741,70,ADD,0,1,9,1777,"ffn_moe_out-20","node_3469","ffn_moe_weighted-20 (view)"
741,74,MUL_MAT,0,18,20,1898,"ffn_shexp-20","blk.20.ffn_down_shexp.weight","ffn_swiglu-20"
741,77,MUL,0,2,0,1907,"ffn_shexp_gated-20","ffn_shexp-20","shared_expert_gate_sigmoid-20"
741,78,ADD,0,1,1,1909,"ffn_out-20","ffn_moe_out-20","ffn_shexp_gated-20"
741,152,RMS_NORM,0,1,2,3219,"norm-21","attn_output-21",""
742,5,MUL_MAT,0,182,154,669,"linear_attn_out-21","blk.21.ssm_out.weight","final_output-21"
742,34,SCALE,0,0,1,921,"ffn_moe_inp-21","node_3587",""
742,38,ARGSORT,0,17,0,1045,"ffn_moe_argsort-21","ffn_moe_probs-21",""
742,70,ADD,0,1,1,1796,"ffn_moe_out-21","node_3623","ffn_moe_weighted-21 (view)"
742,74,MUL_MAT,0,18,101,1995,"ffn_shexp-21","blk.21.ffn_down_shexp.weight","ffn_swiglu-21"
742,77,MUL,0,2,0,2001,"ffn_shexp_gated-21","ffn_shexp-21","shared_expert_gate_sigmoid-21"
742,78,ADD,0,0,1,2003,"ffn_out-21","ffn_moe_out-21","ffn_shexp_gated-21"
742,152,RMS_NORM,0,0,1,3209,"norm-22","attn_output-22",""
743,5,MUL_MAT,0,169,184,672,"linear_attn_out-22","blk.22.ssm_out.weight","final_output-22"
743,34,SCALE,0,1,1,916,"ffn_moe_inp-22","node_3741",""
743,38,ARGSORT,0,21,0,1050,"ffn_moe_argsort-22","ffn_moe_probs-22",""
743,70,ADD,0,1,0,1799,"ffn_moe_out-22","node_3777","ffn_moe_weighted-22 (view)"
743,74,MUL_MAT,0,36,3,1946,"ffn_shexp-22","blk.22.ffn_down_shexp.weight","ffn_swiglu-22"
743,77,MUL,0,3,1,1957,"ffn_shexp_gated-22","ffn_shexp-22","shared_expert_gate_sigmoid-22"
743,78,ADD,0,1,1,1959,"ffn_out-22","ffn_moe_out-22","ffn_shexp_gated-22"
743,151,RMS_NORM,0,9,1,3126,"norm-23","indexer_k_pooled-23 (reshaped)",""
744,38,MUL_MAT,0,160,151,555,"attn_output-23","blk.23.attn_output.weight","attn_gated-23"
744,66,SCALE,0,0,2,771,"ffn_moe_inp-23","node_3928",""
744,70,ARGSORT,0,17,1,889,"ffn_moe_argsort-23","ffn_moe_probs-23",""
744,102,ADD,0,1,0,2378,"ffn_moe_out-23","node_3964","ffn_moe_weighted-23 (view)"
744,106,MUL_MAT,0,18,18,2500,"ffn_shexp-23","blk.23.ffn_down_shexp.weight","ffn_swiglu-23"
744,109,MUL,0,2,0,2508,"ffn_shexp_gated-23","ffn_shexp-23","shared_expert_gate_sigmoid-23"
744,110,ADD,0,1,0,2510,"ffn_out-23","ffn_moe_out-23","ffn_shexp_gated-23"
744,184,RMS_NORM,0,0,2,3758,"norm-24","attn_output-24",""
745,5,MUL_MAT,0,260,63,647,"linear_attn_out-24","blk.24.ssm_out.weight","final_output-24"
745,34,SCALE,0,0,6,915,"ffn_moe_inp-24","node_4082",""
745,38,ARGSORT,0,23,0,1042,"ffn_moe_argsort-24","ffn_moe_probs-24",""
745,70,ADD,0,1,1,1667,"ffn_moe_out-24","node_4118","ffn_moe_weighted-24 (view)"
745,74,MUL_MAT,0,31,6,1788,"ffn_shexp-24","blk.24.ffn_down_shexp.weight","ffn_swiglu-24"
745,77,MUL,0,2,8,1817,"ffn_shexp_gated-24","ffn_shexp-24","shared_expert_gate_sigmoid-24"
745,78,ADD,0,1,19,1837,"ffn_out-24","ffn_moe_out-24","ffn_shexp_gated-24"
745,152,RMS_NORM,0,0,2,3147,"norm-25","attn_output-25",""
746,5,MUL_MAT,0,278,70,689,"linear_attn_out-25","blk.25.ssm_out.weight","final_output-25"
746,34,SCALE,0,0,2,932,"ffn_moe_inp-25","node_4236",""
746,38,ARGSORT,0,22,0,1062,"ffn_moe_argsort-25","ffn_moe_probs-25",""
746,70,ADD,0,1,1,1745,"ffn_moe_out-25","node_4272","ffn_moe_weighted-25 (view)"
746,74,MUL_MAT,0,27,12,1861,"ffn_shexp-25","blk.25.ffn_down_shexp.weight","ffn_swiglu-25"
746,77,MUL,0,2,0,1868,"ffn_shexp_gated-25","ffn_shexp-25","shared_expert_gate_sigmoid-25"
746,78,ADD,0,1,0,1870,"ffn_out-25","ffn_moe_out-25","ffn_shexp_gated-25"
746,152,RMS_NORM,0,1,0,3138,"norm-26","attn_output-26",""
747,5,MUL_MAT,0,296,55,687,"linear_attn_out-26","blk.26.ssm_out.weight","final_output-26"
747,34,SCALE,0,0,2,934,"ffn_moe_inp-26","node_4390",""
747,38,ARGSORT,0,21,0,1065,"ffn_moe_argsort-26","ffn_moe_probs-26",""
747,70,ADD,0,1,0,2249,"ffn_moe_out-26","node_4426","ffn_moe_weighted-26 (view)"
747,74,MUL_MAT,0,30,9,2370,"ffn_shexp-26","blk.26.ffn_down_shexp.weight","ffn_swiglu-26"
747,77,MUL,0,2,0,2379,"ffn_shexp_gated-26","ffn_shexp-26","shared_expert_gate_sigmoid-26"
747,78,ADD,0,1,1,2381,"ffn_out-26","ffn_moe_out-26","ffn_shexp_gated-26"
747,151,RMS_NORM,0,9,4,3456,"norm-27","indexer_k_pooled-27 (reshaped)",""
748,38,MUL_MAT,0,235,70,597,"attn_output-27","blk.27.attn_output.weight","attn_gated-27"
748,66,SCALE,0,1,1,836,"ffn_moe_inp-27","node_4577",""
748,70,ARGSORT,0,27,0,963,"ffn_moe_argsort-27","ffn_moe_probs-27",""
748,102,ADD,0,1,0,1582,"ffn_moe_out-27","node_4613","ffn_moe_weighted-27 (view)"
748,106,MUL_MAT,0,29,6,1706,"ffn_shexp-27","blk.27.ffn_down_shexp.weight","ffn_swiglu-27"
748,109,MUL,0,1,1,1714,"ffn_shexp_gated-27","ffn_shexp-27","shared_expert_gate_sigmoid-27"
748,110,ADD,0,1,0,1715,"ffn_out-27","ffn_moe_out-27","ffn_shexp_gated-27"
748,184,RMS_NORM,0,0,3,3158,"norm-28","attn_output-28",""
749,5,MUL_MAT,0,281,64,695,"linear_attn_out-28","blk.28.ssm_out.weight","final_output-28"
749,34,SCALE,0,0,2,972,"ffn_moe_inp-28","node_4731",""
749,38,ARGSORT,0,22,0,1109,"ffn_moe_argsort-28","ffn_moe_probs-28",""
749,70,ADD,0,1,1,1781,"ffn_moe_out-28","node_4767","ffn_moe_weighted-28 (view)"
749,74,MUL_MAT,0,31,7,1897,"ffn_shexp-28","blk.28.ffn_down_shexp.weight","ffn_swiglu-28"
749,77,MUL,0,2,1,1905,"ffn_shexp_gated-28","ffn_shexp-28","shared_expert_gate_sigmoid-28"
749,78,ADD,0,1,0,1906,"ffn_out-28","ffn_moe_out-28","ffn_shexp_gated-28"
749,152,RMS_NORM,0,1,3,3176,"norm-29","attn_output-29",""
750,5,MUL_MAT,0,279,62,685,"linear_attn_out-29","blk.29.ssm_out.weight","final_output-29"
750,34,SCALE,0,0,1,941,"ffn_moe_inp-29","node_4885",""
750,38,ARGSORT,0,21,0,1069,"ffn_moe_argsort-29","ffn_moe_probs-29",""
750,70,ADD,0,1,1,1762,"ffn_moe_out-29","node_4921","ffn_moe_weighted-29 (view)"
750,74,MUL_MAT,0,35,9,1880,"ffn_shexp-29","blk.29.ffn_down_shexp.weight","ffn_swiglu-29"
750,77,MUL,0,3,1,1898,"ffn_shexp_gated-29","ffn_shexp-29","shared_expert_gate_sigmoid-29"
750,78,ADD,0,2,0,1900,"ffn_out-29","ffn_moe_out-29","ffn_shexp_gated-29"
750,152,RMS_NORM,0,1,1,3534,"norm-30","attn_output-30",""
751,5,MUL_MAT,0,307,10,619,"linear_attn_out-30","blk.30.ssm_out.weight","final_output-30"
751,34,SCALE,0,0,1,890,"ffn_moe_inp-30","node_5039",""
751,38,ARGSORT,0,23,0,1018,"ffn_moe_argsort-30","ffn_moe_probs-30",""
751,70,ADD,0,2,11,1855,"ffn_moe_out-30","node_5075","ffn_moe_weighted-30 (view)"
751,74,MUL_MAT,0,35,4,1975,"ffn_shexp-30","blk.30.ffn_down_shexp.weight","ffn_swiglu-30"
751,77,MUL,0,4,0,1992,"ffn_shexp_gated-30","ffn_shexp-30","shared_expert_gate_sigmoid-30"
751,78,ADD,0,2,0,1994,"ffn_out-30","ffn_moe_out-30","ffn_shexp_gated-30"
751,151,RMS_NORM,0,17,1,3200,"norm-31","indexer_k_pooled-31 (reshaped)",""
752,38,MUL_MAT,0,309,1,567,"attn_output-31","blk.31.attn_output.weight","attn_gated-31"
752,66,SCALE,0,0,1,795,"ffn_moe_inp-31","node_5226",""
752,70,ARGSORT,0,21,0,922,"ffn_moe_argsort-31","ffn_moe_probs-31",""
752,102,ADD,0,2,0,2058,"ffn_moe_out-31","node_5262","ffn_moe_weighted-31 (view)"
752,106,MUL_MAT,0,40,2,2180,"ffn_shexp-31","blk.31.ffn_down_shexp.weight","ffn_swiglu-31"
752,109,MUL,0,3,1,2190,"ffn_shexp_gated-31","ffn_shexp-31","shared_expert_gate_sigmoid-31"
752,110,ADD,0,2,0,2192,"ffn_out-31","ffn_moe_out-31","ffn_shexp_gated-31"
752,184,RMS_NORM,0,0,2,3952,"norm-32","attn_output-32",""
753,5,MUL_MAT,0,306,6,615,"linear_attn_out-32","blk.32.ssm_out.weight","final_output-32"
753,34,SCALE,0,0,1,868,"ffn_moe_inp-32","node_5380",""
753,38,ARGSORT,0,22,0,995,"ffn_moe_argsort-32","ffn_moe_probs-32",""
753,70,ADD,0,2,0,1626,"ffn_moe_out-32","node_5416","ffn_moe_weighted-32 (view)"
753,74,MUL_MAT,0,36,1,1740,"ffn_shexp-32","blk.32.ffn_down_shexp.weight","ffn_swiglu-32"
753,77,MUL,0,3,1,1750,"ffn_shexp_gated-32","ffn_shexp-32","shared_expert_gate_sigmoid-32"
753,78,ADD,0,1,0,1752,"ffn_out-32","ffn_moe_out-32","ffn_shexp_gated-32"
753,152,RMS_NORM,0,0,1,3323,"norm-33","attn_output-33",""
754,5,MUL_MAT,0,312,10,656,"linear_attn_out-33","blk.33.ssm_out.weight","final_output-33"
754,34,SCALE,0,0,10,910,"ffn_moe_inp-33","node_5534",""
754,38,ARGSORT,0,22,0,1042,"ffn_moe_argsort-33","ffn_moe_probs-33",""
754,70,ADD,0,2,0,1759,"ffn_moe_out-33","node_5570","ffn_moe_weighted-33 (view)"
754,74,MUL_MAT,0,36,3,1876,"ffn_shexp-33","blk.33.ffn_down_shexp.weight","ffn_swiglu-33"
754,77,MUL,0,3,0,1886,"ffn_shexp_gated-33","ffn_shexp-33","shared_expert_gate_sigmoid-33"
754,78,ADD,0,1,0,1888,"ffn_out-33","ffn_moe_out-33","ffn_shexp_gated-33"
754,152,RMS_NORM,0,1,1,3669,"norm-34","attn_output-34",""
755,5,MUL_MAT,0,285,23,611,"linear_attn_out-34","blk.34.ssm_out.weight","final_output-34"
755,34,SCALE,0,1,1,871,"ffn_moe_inp-34","node_5688",""
755,38,ARGSORT,0,22,0,1000,"ffn_moe_argsort-34","ffn_moe_probs-34",""
755,70,ADD,0,2,0,1623,"ffn_moe_out-34","node_5724","ffn_moe_weighted-34 (view)"
755,74,MUL_MAT,0,33,3,1735,"ffn_shexp-34","blk.34.ffn_down_shexp.weight","ffn_swiglu-34"
755,77,MUL,0,3,1,1744,"ffn_shexp_gated-34","ffn_shexp-34","shared_expert_gate_sigmoid-34"
755,78,ADD,0,1,10,1755,"ffn_out-34","ffn_moe_out-34","ffn_shexp_gated-34"
755,151,RMS_NORM,0,17,0,2856,"norm-35","indexer_k_pooled-35 (reshaped)",""
756,38,MUL_MAT,0,322,26,624,"attn_output-35","blk.35.attn_output.weight","attn_gated-35"
756,66,SCALE,0,1,0,956,"ffn_moe_inp-35","node_5875",""
756,70,ARGSORT,0,20,0,1082,"ffn_moe_argsort-35","ffn_moe_probs-35",""
756,102,ADD,0,1,1,1724,"ffn_moe_out-35","node_5911","ffn_moe_weighted-35 (view)"
756,106,MUL_MAT,0,27,10,1831,"ffn_shexp-35","blk.35.ffn_down_shexp.weight","ffn_swiglu-35"
756,109,MUL,0,2,0,1839,"ffn_shexp_gated-35","ffn_shexp-35","shared_expert_gate_sigmoid-35"
756,110,ADD,0,1,0,1840,"ffn_out-35","ffn_moe_out-35","ffn_shexp_gated-35"
756,184,RMS_NORM,0,0,2,3069,"norm-36","attn_output-36",""
757,5,MUL_MAT,0,276,61,658,"linear_attn_out-36","blk.36.ssm_out.weight","final_output-36"
757,34,SCALE,0,0,5,979,"ffn_moe_inp-36","node_6029",""
757,38,ARGSORT,0,21,0,1109,"ffn_moe_argsort-36","ffn_moe_probs-36",""
757,70,ADD,0,2,0,1808,"ffn_moe_out-36","node_6065","ffn_moe_weighted-36 (view)"
757,74,MUL_MAT,0,31,6,1927,"ffn_shexp-36","blk.36.ffn_down_shexp.weight","ffn_swiglu-36"
757,77,MUL,0,2,3,2037,"ffn_shexp_gated-36","ffn_shexp-36","shared_expert_gate_sigmoid-36"
757,78,ADD,0,1,19,2057,"ffn_out-36","ffn_moe_out-36","ffn_shexp_gated-36"
757,152,RMS_NORM,0,1,6,3614,"norm-37","attn_output-37",""
758,5,MUL_MAT,0,263,70,652,"linear_attn_out-37","blk.37.ssm_out.weight","final_output-37"
758,34,SCALE,0,1,2,891,"ffn_moe_inp-37","node_6183",""
758,38,ARGSORT,0,22,0,1015,"ffn_moe_argsort-37","ffn_moe_probs-37",""
758,70,ADD,0,2,0,1660,"ffn_moe_out-37","node_6219","ffn_moe_weighted-37 (view)"
758,74,MUL_MAT,0,105,8,2040,"ffn_shexp-37","blk.37.ffn_down_shexp.weight","ffn_swiglu-37"
758,77,MUL,0,2,0,2048,"ffn_shexp_gated-37","ffn_shexp-37","shared_expert_gate_sigmoid-37"
758,78,ADD,0,1,1,2051,"ffn_out-37","ffn_moe_out-37","ffn_shexp_gated-37"
758,152,RMS_NORM,0,1,2,3463,"norm-38","attn_output-38",""
759,5,MUL_MAT,0,163,157,637,"linear_attn_out-38","blk.38.ssm_out.weight","final_output-38"
759,34,SCALE,0,1,1,873,"ffn_moe_inp-38","node_6337",""
759,38,ARGSORT,0,18,1,992,"ffn_moe_argsort-38","ffn_moe_probs-38",""
759,70,ADD,0,1,1,1636,"ffn_moe_out-38","node_6373","ffn_moe_weighted-38 (view)"
759,74,MUL_MAT,0,19,18,1753,"ffn_shexp-38","blk.38.ffn_down_shexp.weight","ffn_swiglu-38"
759,77,MUL,0,6,1,1764,"ffn_shexp_gated-38","ffn_shexp-38","shared_expert_gate_sigmoid-38"
759,78,ADD,0,1,0,1765,"ffn_out-38","ffn_moe_out-38","ffn_shexp_gated-38"
759,87,ADD,0,1,1,1789,"l_last-38","hc_combine-38","node_6390"
760,0,GET_ROWS,0,3,8,11,"model.input_embed","token_embd.weight","inp_tokens"
760,69,RMS_NORM,0,1,11,1318,"norm-0","attn_output-0",""
761,5,MUL_MAT,0,294,76,716,"linear_attn_out-0","blk.0.ssm_out.weight","final_output-0"
761,34,SCALE,0,0,1,979,"ffn_moe_inp-0","node_104",""
761,38,ARGSORT,0,23,0,1116,"ffn_moe_argsort-0","ffn_moe_probs-0",""
761,70,ADD,0,1,1,1856,"ffn_moe_out-0","node_140","ffn_moe_weighted-0 (view)"
761,93,MUL_MAT,0,32,7,2684,"ffn_shexp-0","blk.0.ffn_down_shexp.weight","ffn_swiglu-0"
761,96,MUL,0,2,10,2702,"ffn_shexp_gated-0","ffn_shexp-0","shared_expert_gate_sigmoid-0"
761,97,ADD,0,1,8,2711,"ffn_out-0","ffn_moe_out-0","ffn_shexp_gated-0"
761,236,RMS_NORM,0,0,2,4362,"norm-1","attn_output-1",""
762,5,MUL_MAT,0,285,60,670,"linear_attn_out-1","blk.1.ssm_out.weight","final_output-1"
762,34,SCALE,0,0,2,939,"ffn_moe_inp-1","node_342",""
762,38,ARGSORT,0,21,0,1067,"ffn_moe_argsort-1","ffn_moe_probs-1",""
762,70,ADD,0,1,8,2235,"ffn_moe_out-1","node_378","ffn_moe_weighted-1 (view)"
762,74,MUL_MAT,0,26,15,2440,"ffn_shexp-1","blk.1.ffn_down_shexp.weight","ffn_swiglu-1"
762,77,MUL,0,2,1,2449,"ffn_shexp_gated-1","ffn_shexp-1","shared_expert_gate_sigmoid-1"
762,78,ADD,0,1,1,2451,"ffn_out-1","ffn_moe_out-1","ffn_shexp_gated-1"
762,152,RMS_NORM,0,0,2,3759,"norm-2","attn_output-2",""
763,5,MUL_MAT,0,270,50,641,"linear_attn_out-2","blk.2.ssm_out.weight","final_output-2"
763,34,SCALE,0,0,2,878,"ffn_moe_inp-2","node_496",""
763,38,ARGSORT,0,20,1,1000,"ffn_moe_argsort-2","ffn_moe_probs-2",""
763,70,ADD,0,1,1,1866,"ffn_moe_out-2","node_532","ffn_moe_weighted-2 (view)"
763,74,MUL_MAT,0,29,9,1992,"ffn_shexp-2","blk.2.ffn_down_shexp.weight","ffn_swiglu-2"
763,77,MUL,0,2,0,1999,"ffn_shexp_gated-2","ffn_shexp-2","shared_expert_gate_sigmoid-2"
763,78,ADD,0,1,9,2010,"ffn_out-2","ffn_moe_out-2","ffn_shexp_gated-2"
763,151,RMS_NORM,0,8,1,3192,"norm-3","indexer_k_pooled-3 (reshaped)",""
764,38,MUL_MAT,0,264,56,586,"attn_output-3","blk.3.attn_output.weight","attn_gated-3"
764,66,SCALE,0,0,2,843,"ffn_moe_inp-3","node_683",""
764,70,ARGSORT,0,20,0,983,"ffn_moe_argsort-3","ffn_moe_probs-3",""
764,102,ADD,0,1,1,1655,"ffn_moe_out-3","node_719","ffn_moe_weighted-3 (view)"
764,106,MUL_MAT,0,33,5,1769,"ffn_shexp-3","blk.3.ffn_down_shexp.weight","ffn_swiglu-3"
764,109,MUL,0,3,1,1780,"ffn_shexp_gated-3","ffn_shexp-3","shared_expert_gate_sigmoid-3"
764,110,ADD,0,2,0,1782,"ffn_out-3","ffn_moe_out-3","ffn_shexp_gated-3"
764,184,RMS_NORM,0,1,1,3415,"norm-4","attn_output-4",""
765,5,MUL_MAT,0,311,3,624,"linear_attn_out-4","blk.4.ssm_out.weight","final_output-4"
765,34,SCALE,0,0,2,913,"ffn_moe_inp-4","node_837",""
765,38,ARGSORT,0,23,1,1042,"ffn_moe_argsort-4","ffn_moe_probs-4",""
765,70,ADD,0,1,1,1806,"ffn_moe_out-4","node_873","ffn_moe_weighted-4 (view)"
765,74,MUL_MAT,0,35,3,1925,"ffn_shexp-4","blk.4.ffn_down_shexp.weight","ffn_swiglu-4"
765,77,MUL,0,3,1,1937,"ffn_shexp_gated-4","ffn_shexp-4","shared_expert_gate_sigmoid-4"
765,78,ADD,0,1,1,1939,"ffn_out-4","ffn_moe_out-4","ffn_shexp_gated-4"
765,152,RMS_NORM,0,1,1,3628,"norm-5","attn_output-5",""
766,5,MUL_MAT,0,166,160,626,"linear_attn_out-5","blk.5.ssm_out.weight","final_output-5"
766,34,SCALE,0,0,2,847,"ffn_moe_inp-5","node_991",""
766,38,ARGSORT,0,18,1,971,"ffn_moe_argsort-5","ffn_moe_probs-5",""
766,70,ADD,0,1,1,1640,"ffn_moe_out-5","node_1027","ffn_moe_weighted-5 (view)"
766,74,MUL_MAT,0,19,20,1760,"ffn_shexp-5","blk.5.ffn_down_shexp.weight","ffn_swiglu-5"
766,77,MUL,0,2,0,1769,"ffn_shexp_gated-5","ffn_shexp-5","shared_expert_gate_sigmoid-5"
766,78,ADD,0,1,1,1771,"ffn_out-5","ffn_moe_out-5","ffn_shexp_gated-5"
766,152,RMS_NORM,0,1,8,3160,"norm-6","attn_output-6",""
767,5,MUL_MAT,0,179,164,663,"linear_attn_out-6","blk.6.ssm_out.weight","final_output-6"
767,34,SCALE,0,0,1,925,"ffn_moe_inp-6","node_1145",""
767,38,ARGSORT,0,19,0,1055,"ffn_moe_argsort-6","ffn_moe_probs-6",""
767,70,ADD,0,1,1,1761,"ffn_moe_out-6","node_1181","ffn_moe_weighted-6 (view)"
767,74,MUL_MAT,0,41,105,2098,"ffn_shexp-6","blk.6.ffn_down_shexp.weight","ffn_swiglu-6"
767,77,MUL,0,2,0,2106,"ffn_shexp_gated-6","ffn_shexp-6","shared_expert_gate_sigmoid-6"
767,78,ADD,0,1,1,2108,"ffn_out-6","ffn_moe_out-6","ffn_shexp_gated-6"
767,151,RMS_NORM,0,8,1,3184,"norm-7","indexer_k_pooled-7 (reshaped)",""
768,38,MUL_MAT,0,242,67,581,"attn_output-7","blk.7.attn_output.weight","attn_gated-7"
768,66,SCALE,0,0,1,806,"ffn_moe_inp-7","node_1332",""
768,70,ARGSORT,0,20,0,930,"ffn_moe_argsort-7","ffn_moe_probs-7",""
768,102,ADD,0,1,2,1617,"ffn_moe_out-7","node_1368","ffn_moe_weighted-7 (view)"
768,106,MUL_MAT,0,31,13,1749,"ffn_shexp-7","blk.7.ffn_down_shexp.weight","ffn_swiglu-7"
768,109,MUL,0,2,30,1788,"ffn_shexp_gated-7","ffn_shexp-7","shared_expert_gate_sigmoid-7"
768,110,ADD,0,1,0,1790,"ffn_out-7","ffn_moe_out-7","ffn_shexp_gated-7"
768,184,RMS_NORM,0,0,2,3182,"norm-8","attn_output-8",""
769,5,MUL_MAT,0,257,64,626,"linear_attn_out-8","blk.8.ssm_out.weight","final_output-8"
769,34,SCALE,0,0,2,870,"ffn_moe_inp-8","node_1486",""
769,38,ARGSORT,0,21,0,995,"ffn_moe_argsort-8","ffn_moe_probs-8",""
769,70,ADD,0,1,2,1660,"ffn_moe_out-8","node_1522","ffn_moe_weighted-8 (view)"
769,74,MUL_MAT,0,30,6,1781,"ffn_shexp-8","blk.8.ffn_down_shexp.weight","ffn_swiglu-8"
769,77,MUL,0,2,0,1790,"ffn_shexp_gated-8","ffn_shexp-8","shared_expert_gate_sigmoid-8"
769,78,ADD,0,1,1,1792,"ffn_out-8","ffn_moe_out-8","ffn_shexp_gated-8"
769,152,RMS_NORM,0,0,1,3096,"norm-9","attn_output-9",""
770,5,MUL_MAT,0,286,52,687,"linear_attn_out-9","blk.9.ssm_out.weight","final_output-9"
770,34,SCALE,0,0,2,955,"ffn_moe_inp-9","node_1640",""
770,38,ARGSORT,0,20,0,1114,"ffn_moe_argsort-9","ffn_moe_probs-9",""
770,70,ADD,0,1,6,1856,"ffn_moe_out-9","node_1676","ffn_moe_weighted-9 (view)"
770,74,MUL_MAT,0,26,9,1969,"ffn_shexp-9","blk.9.ffn_down_shexp.weight","ffn_swiglu-9"
770,77,MUL,0,1,1,1977,"ffn_shexp_gated-9","ffn_shexp-9","shared_expert_gate_sigmoid-9"
770,78,ADD,0,1,1,1979,"ffn_out-9","ffn_moe_out-9","ffn_shexp_gated-9"
770,152,RMS_NORM,0,1,7,3436,"norm-10","attn_output-10",""
771,5,MUL_MAT,0,302,43,688,"linear_attn_out-10","blk.10.ssm_out.weight","final_output-10"
771,34,SCALE,0,0,2,937,"ffn_moe_inp-10","node_1794",""
771,38,ARGSORT,0,22,1,1085,"ffn_moe_argsort-10","ffn_moe_probs-10",""
771,70,ADD,0,1,13,1927,"ffn_moe_out-10","node_1830","ffn_moe_weighted-10 (view)"
771,74,MUL_MAT,0,51,7,2125,"ffn_shexp-10","blk.10.ffn_down_shexp.weight","ffn_swiglu-10"
771,77,MUL,0,2,0,2148,"ffn_shexp_gated-10","ffn_shexp-10","shared_expert_gate_sigmoid-10"
771,78,ADD,0,1,1,2151,"ffn_out-10","ffn_moe_out-10","ffn_shexp_gated-10"
771,151,RMS_NORM,0,8,0,3241,"norm-11","indexer_k_pooled-11 (reshaped)",""
772,38,MUL_MAT,0,265,60,599,"attn_output-11","blk.11.attn_output.weight","attn_gated-11"
772,66,SCALE,0,0,2,842,"ffn_moe_inp-11","node_1981",""
772,70,ARGSORT,0,22,0,967,"ffn_moe_argsort-11","ffn_moe_probs-11",""
772,102,ADD,0,1,0,1629,"ffn_moe_out-11","node_2017","ffn_moe_weighted-11 (view)"
772,106,MUL_MAT,0,30,6,1736,"ffn_shexp-11","blk.11.ffn_down_shexp.weight","ffn_swiglu-11"
772,109,MUL,0,2,0,1745,"ffn_shexp_gated-11","ffn_shexp-11","shared_expert_gate_sigmoid-11"
772,110,ADD,0,1,1,1747,"ffn_out-11","ffn_moe_out-11","ffn_shexp_gated-11"
772,184,RMS_NORM,0,0,1,3007,"norm-12","attn_output-12",""
773,5,MUL_MAT,0,276,78,713,"linear_attn_out-12","blk.12.ssm_out.weight","final_output-12"
773,34,SCALE,0,0,2,1070,"ffn_moe_inp-12","node_2135",""
773,38,ARGSORT,0,21,0,1205,"ffn_moe_argsort-12","ffn_moe_probs-12",""
773,70,ADD,0,1,0,1837,"ffn_moe_out-12","node_2171","ffn_moe_weighted-12 (view)"
773,74,MUL_MAT,0,29,7,1959,"ffn_shexp-12","blk.12.ffn_down_shexp.weight","ffn_swiglu-12"
773,77,MUL,0,2,0,1970,"ffn_shexp_gated-12","ffn_shexp-12","shared_expert_gate_sigmoid-12"
773,78,ADD,0,1,0,1972,"ffn_out-12","ffn_moe_out-12","ffn_shexp_gated-12"
773,152,RMS_NORM,0,1,1,3239,"norm-13","attn_output-13",""
774,5,MUL_MAT,0,267,52,633,"linear_attn_out-13","blk.13.ssm_out.weight","final_output-13"
774,34,SCALE,0,1,6,900,"ffn_moe_inp-13","node_2289",""
774,38,ARGSORT,0,21,0,1026,"ffn_moe_argsort-13","ffn_moe_probs-13",""
774,70,ADD,0,1,0,2180,"ffn_moe_out-13","node_2325","ffn_moe_weighted-13 (view)"
774,74,MUL_MAT,0,29,8,2293,"ffn_shexp-13","blk.13.ffn_down_shexp.weight","ffn_swiglu-13"
774,77,MUL,0,2,0,2299,"ffn_shexp_gated-13","ffn_shexp-13","shared_expert_gate_sigmoid-13"
774,78,ADD,0,1,0,2301,"ffn_out-13","ffn_moe_out-13","ffn_shexp_gated-13"
774,152,RMS_NORM,0,0,2,3819,"norm-14","attn_output-14",""
775,5,MUL_MAT,0,277,46,634,"linear_attn_out-14","blk.14.ssm_out.weight","final_output-14"
775,34,SCALE,0,0,2,873,"ffn_moe_inp-14","node_2443",""
775,38,ARGSORT,0,21,0,1001,"ffn_moe_argsort-14","ffn_moe_probs-14",""
775,70,ADD,0,1,1,1613,"ffn_moe_out-14","node_2479","ffn_moe_weighted-14 (view)"
775,74,MUL_MAT,0,29,16,1736,"ffn_shexp-14","blk.14.ffn_down_shexp.weight","ffn_swiglu-14"
775,77,MUL,0,2,1,1744,"ffn_shexp_gated-14","ffn_shexp-14","shared_expert_gate_sigmoid-14"
775,78,ADD,0,1,1,1746,"ffn_out-14","ffn_moe_out-14","ffn_shexp_gated-14"
775,151,RMS_NORM,0,9,0,2845,"norm-15","indexer_k_pooled-15 (reshaped)",""
776,38,MUL_MAT,0,251,55,554,"attn_output-15","blk.15.attn_output.weight","attn_gated-15"
776,66,SCALE,0,0,10,798,"ffn_moe_inp-15","node_2630",""
776,70,ARGSORT,0,20,0,932,"ffn_moe_argsort-15","ffn_moe_probs-15",""
776,102,ADD,0,1,0,2078,"ffn_moe_out-15","node_2666","ffn_moe_weighted-15 (view)"
776,106,MUL_MAT,0,30,13,2196,"ffn_shexp-15","blk.15.ffn_down_shexp.weight","ffn_swiglu-15"
776,109,MUL,0,3,0,2204,"ffn_shexp_gated-15","ffn_shexp-15","shared_expert_gate_sigmoid-15"
776,110,ADD,0,1,1,2206,"ffn_out-15","ffn_moe_out-15","ffn_shexp_gated-15"
776,184,RMS_NORM,0,0,2,3508,"norm-16","attn_output-16",""
777,5,MUL_MAT,0,276,51,645,"linear_attn_out-16","blk.16.ssm_out.weight","final_output-16"
777,34,SCALE,0,0,2,891,"ffn_moe_inp-16","node_2784",""
777,38,ARGSORT,0,19,1,1018,"ffn_moe_argsort-16","ffn_moe_probs-16",""
777,70,ADD,0,1,1,2079,"ffn_moe_out-16","node_2820","ffn_moe_weighted-16 (view)"
777,74,MUL_MAT,0,30,5,2188,"ffn_shexp-16","blk.16.ffn_down_shexp.weight","ffn_swiglu-16"
777,77,MUL,0,2,0,2197,"ffn_shexp_gated-16","ffn_shexp-16","shared_expert_gate_sigmoid-16"
777,78,ADD,0,1,1,2199,"ffn_out-16","ffn_moe_out-16","ffn_shexp_gated-16"
777,152,RMS_NORM,0,1,0,3686,"norm-17","attn_output-17",""
778,5,MUL_MAT,0,275,53,647,"linear_attn_out-17","blk.17.ssm_out.weight","final_output-17"
778,34,SCALE,0,0,2,884,"ffn_moe_inp-17","node_2938",""
778,38,ARGSORT,0,20,1,1010,"ffn_moe_argsort-17","ffn_moe_probs-17",""
778,70,ADD,0,2,0,2091,"ffn_moe_out-17","node_2974","ffn_moe_weighted-17 (view)"
778,74,MUL_MAT,0,31,5,2203,"ffn_shexp-17","blk.17.ffn_down_shexp.weight","ffn_swiglu-17"
778,77,MUL,0,2,0,2211,"ffn_shexp_gated-17","ffn_shexp-17","shared_expert_gate_sigmoid-17"
778,78,ADD,0,1,1,2213,"ffn_out-17","ffn_moe_out-17","ffn_shexp_gated-17"
778,152,RMS_NORM,0,0,1,3760,"norm-18","attn_output-18",""
779,5,MUL_MAT,0,278,91,736,"linear_attn_out-18","blk.18.ssm_out.weight","final_output-18"
779,34,SCALE,0,0,2,1021,"ffn_moe_inp-18","node_3092",""
779,38,ARGSORT,0,23,1,1247,"ffn_moe_argsort-18","ffn_moe_probs-18",""
779,70,ADD,0,1,1,1984,"ffn_moe_out-18","node_3128","ffn_moe_weighted-18 (view)"
779,74,MUL_MAT,0,33,9,2102,"ffn_shexp-18","blk.18.ffn_down_shexp.weight","ffn_swiglu-18"
779,77,MUL,0,3,0,2112,"ffn_shexp_gated-18","ffn_shexp-18","shared_expert_gate_sigmoid-18"
779,78,ADD,0,1,0,2114,"ffn_out-18","ffn_moe_out-18","ffn_shexp_gated-18"
779,151,RMS_NORM,0,16,1,3148,"norm-19","indexer_k_pooled-19 (reshaped)",""
780,38,MUL_MAT,0,282,29,590,"attn_output-19","blk.19.attn_output.weight","attn_gated-19"
780,66,SCALE,0,0,11,840,"ffn_moe_inp-19","node_3279",""
780,70,ARGSORT,0,21,0,959,"ffn_moe_argsort-19","ffn_moe_probs-19",""
780,102,ADD,0,1,6,1584,"ffn_moe_out-19","node_3315","ffn_moe_weighted-19 (view)"
780,106,MUL_MAT,0,31,7,1695,"ffn_shexp-19","blk.19.ffn_down_shexp.weight","ffn_swiglu-19"
780,109,MUL,0,3,4,1715,"ffn_shexp_gated-19","ffn_shexp-19","shared_expert_gate_sigmoid-19"
780,110,ADD,0,2,0,1717,"ffn_out-19","ffn_moe_out-19","ffn_shexp_gated-19"
780,184,RMS_NORM,0,1,1,3222,"norm-20","attn_output-20",""
781,5,MUL_MAT,0,303,16,631,"linear_attn_out-20","blk.20.ssm_out.weight","final_output-20"
781,34,SCALE,0,0,2,909,"ffn_moe_inp-20","node_3433",""
781,38,ARGSORT,0,23,0,1039,"ffn_moe_argsort-20","ffn_moe_probs-20",""
781,70,ADD,0,2,8,1749,"ffn_moe_out-20","node_3469","ffn_moe_weighted-20 (view)"
781,74,MUL_MAT,0,36,2,1877,"ffn_shexp-20","blk.20.ffn_down_shexp.weight","ffn_swiglu-20"
781,77,MUL,0,3,1,1888,"ffn_shexp_gated-20","ffn_shexp-20","shared_expert_gate_sigmoid-20"
781,78,ADD,0,1,1,1890,"ffn_out-20","ffn_moe_out-20","ffn_shexp_gated-20"
781,152,RMS_NORM,0,0,1,3483,"norm-21","attn_output-21",""
782,5,MUL_MAT,0,284,27,627,"linear_attn_out-21","blk.21.ssm_out.weight","final_output-21"
782,34,SCALE,0,0,2,984,"ffn_moe_inp-21","node_3587",""
782,38,ARGSORT,0,22,0,1118,"ffn_moe_argsort-21","ffn_moe_probs-21",""
782,70,ADD,0,2,0,1872,"ffn_moe_out-21","node_3623","ffn_moe_weighted-21 (view)"
782,74,MUL_MAT,0,48,3,2008,"ffn_shexp-21","blk.21.ffn_down_shexp.weight","ffn_swiglu-21"
782,77,MUL,0,3,0,2017,"ffn_shexp_gated-21","ffn_shexp-21","shared_expert_gate_sigmoid-21"
782,78,ADD,0,1,0,2019,"ffn_out-21","ffn_moe_out-21","ffn_shexp_gated-21"
782,152,RMS_NORM,0,1,1,3540,"norm-22","attn_output-22",""
783,5,MUL_MAT,0,273,60,651,"linear_attn_out-22","blk.22.ssm_out.weight","final_output-22"
783,34,SCALE,0,0,1,911,"ffn_moe_inp-22","node_3741",""
783,38,ARGSORT,0,22,0,1042,"ffn_moe_argsort-22","ffn_moe_probs-22",""
783,70,ADD,0,1,1,2114,"ffn_moe_out-22","node_3777","ffn_moe_weighted-22 (view)"
783,74,MUL_MAT,0,30,6,2225,"ffn_shexp-22","blk.22.ffn_down_shexp.weight","ffn_swiglu-22"
783,77,MUL,0,2,0,2233,"ffn_shexp_gated-22","ffn_shexp-22","shared_expert_gate_sigmoid-22"
783,78,ADD,0,1,0,2235,"ffn_out-22","ffn_moe_out-22","ffn_shexp_gated-22"
783,151,RMS_NORM,0,8,1,3231,"norm-23","indexer_k_pooled-23 (reshaped)",""
784,38,MUL_MAT,0,304,1,564,"attn_output-23","blk.23.attn_output.weight","attn_gated-23"
784,66,SCALE,0,0,2,810,"ffn_moe_inp-23","node_3928",""
784,70,ARGSORT,0,21,0,938,"ffn_moe_argsort-23","ffn_moe_probs-23",""
784,102,ADD,0,2,1,2208,"ffn_moe_out-23","node_3964","ffn_moe_weighted-23 (view)"
784,106,MUL_MAT,0,34,2,2328,"ffn_shexp-23","blk.23.ffn_down_shexp.weight","ffn_swiglu-23"
784,109,MUL,0,3,1,2338,"ffn_shexp_gated-23","ffn_shexp-23","shared_expert_gate_sigmoid-23"
784,110,ADD,0,1,1,2340,"ffn_out-23","ffn_moe_out-23","ffn_shexp_gated-23"
784,184,RMS_NORM,0,1,1,3896,"norm-24","attn_output-24",""
785,5,MUL_MAT,0,303,11,629,"linear_attn_out-24","blk.24.ssm_out.weight","final_output-24"
785,34,SCALE,0,0,1,905,"ffn_moe_inp-24","node_4082",""
785,38,ARGSORT,0,21,1,1079,"ffn_moe_argsort-24","ffn_moe_probs-24",""
785,70,ADD,0,1,0,1740,"ffn_moe_out-24","node_4118","ffn_moe_weighted-24 (view)"
785,74,MUL_MAT,0,47,9,1880,"ffn_shexp-24","blk.24.ffn_down_shexp.weight","ffn_swiglu-24"
785,77,MUL,0,2,0,1888,"ffn_shexp_gated-24","ffn_shexp-24","shared_expert_gate_sigmoid-24"
785,78,ADD,0,1,1,1890,"ffn_out-24","ffn_moe_out-24","ffn_shexp_gated-24"
785,152,RMS_NORM,0,0,1,3326,"norm-25","attn_output-25",""
786,5,MUL_MAT,0,288,38,643,"linear_attn_out-25","blk.25.ssm_out.weight","final_output-25"
786,34,SCALE,0,0,1,871,"ffn_moe_inp-25","node_4236",""
786,38,ARGSORT,0,20,0,993,"ffn_moe_argsort-25","ffn_moe_probs-25",""
786,70,ADD,0,1,1,2119,"ffn_moe_out-25","node_4272","ffn_moe_weighted-25 (view)"
786,74,MUL_MAT,0,27,11,2230,"ffn_shexp-25","blk.25.ffn_down_shexp.weight","ffn_swiglu-25"
786,77,MUL,0,2,1,2238,"ffn_shexp_gated-25","ffn_shexp-25","shared_expert_gate_sigmoid-25"
786,78,ADD,0,1,0,2239,"ffn_out-25","ffn_moe_out-25","ffn_shexp_gated-25"
786,152,RMS_NORM,0,0,2,3619,"norm-26","attn_output-26",""
787,5,MUL_MAT,0,281,44,656,"linear_attn_out-26","blk.26.ssm_out.weight","final_output-26"
787,34,SCALE,0,0,1,900,"ffn_moe_inp-26","node_4390",""
787,38,ARGSORT,0,22,0,1024,"ffn_moe_argsort-26","ffn_moe_probs-26",""
787,70,ADD,0,1,1,2156,"ffn_moe_out-26","node_4426","ffn_moe_weighted-26 (view)"
787,74,MUL_MAT,0,27,7,2266,"ffn_shexp-26","blk.26.ffn_down_shexp.weight","ffn_swiglu-26"
787,77,MUL,0,2,0,2273,"ffn_shexp_gated-26","ffn_shexp-26","shared_expert_gate_sigmoid-26"
787,78,ADD,0,1,0,2275,"ffn_out-26","ffn_moe_out-26","ffn_shexp_gated-26"
787,151,RMS_NORM,0,8,1,3278,"norm-27","indexer_k_pooled-27 (reshaped)",""
788,38,MUL_MAT,0,254,52,550,"attn_output-27","blk.27.attn_output.weight","attn_gated-27"
788,66,SCALE,0,0,2,774,"ffn_moe_inp-27","node_4577",""
788,70,ARGSORT,0,20,1,892,"ffn_moe_argsort-27","ffn_moe_probs-27",""
788,102,ADD,0,2,0,1633,"ffn_moe_out-27","node_4613","ffn_moe_weighted-27 (view)"
788,106,MUL_MAT,0,31,11,1757,"ffn_shexp-27","blk.27.ffn_down_shexp.weight","ffn_swiglu-27"
788,109,MUL,0,4,0,1771,"ffn_shexp_gated-27","ffn_shexp-27","shared_expert_gate_sigmoid-27"
788,110,ADD,0,2,0,1773,"ffn_out-27","ffn_moe_out-27","ffn_shexp_gated-27"
788,184,RMS_NORM,0,1,1,3346,"norm-28","attn_output-28",""
789,5,MUL_MAT,0,319,8,653,"linear_attn_out-28","blk.28.ssm_out.weight","final_output-28"
789,34,SCALE,0,0,2,917,"ffn_moe_inp-28","node_4731",""
789,38,ARGSORT,0,23,1,1053,"ffn_moe_argsort-28","ffn_moe_probs-28",""
789,70,ADD,0,1,1,1760,"ffn_moe_out-28","node_4767","ffn_moe_weighted-28 (view)"
789,74,MUL_MAT,0,30,8,1906,"ffn_shexp-28","blk.28.ffn_down_shexp.weight","ffn_swiglu-28"
789,77,MUL,0,3,0,1915,"ffn_shexp_gated-28","ffn_shexp-28","shared_expert_gate_sigmoid-28"
789,78,ADD,0,1,1,1918,"ffn_out-28","ffn_moe_out-28","ffn_shexp_gated-28"
789,152,RMS_NORM,0,1,8,3543,"norm-29","attn_output-29",""
790,5,MUL_MAT,0,299,20,714,"linear_attn_out-29","blk.29.ssm_out.weight","final_output-29"
790,34,SCALE,0,0,5,949,"ffn_moe_inp-29","node_4885",""
790,38,ARGSORT,0,22,1,1160,"ffn_moe_argsort-29","ffn_moe_probs-29",""
790,70,ADD,0,2,0,1867,"ffn_moe_out-29","node_4921","ffn_moe_weighted-29 (view)"
790,74,MUL_MAT,0,35,3,2002,"ffn_shexp-29","blk.29.ffn_down_shexp.weight","ffn_swiglu-29"
790,77,MUL,0,3,1,2012,"ffn_shexp_gated-29","ffn_shexp-29","shared_expert_gate_sigmoid-29"
790,78,ADD,0,1,1,2014,"ffn_out-29","ffn_moe_out-29","ffn_shexp_gated-29"
790,152,RMS_NORM,0,1,1,3645,"norm-30","attn_output-30",""
791,5,MUL_MAT,0,294,18,620,"linear_attn_out-30","blk.30.ssm_out.weight","final_output-30"
791,34,SCALE,0,0,2,877,"ffn_moe_inp-30","node_5039",""
791,38,ARGSORT,0,21,0,1007,"ffn_moe_argsort-30","ffn_moe_probs-30",""
791,70,ADD,0,1,0,2377,"ffn_moe_out-30","node_5075","ffn_moe_weighted-30 (view)"
791,74,MUL_MAT,0,35,3,2615,"ffn_shexp-30","blk.30.ffn_down_shexp.weight","ffn_swiglu-30"
791,77,MUL,0,4,0,2625,"ffn_shexp_gated-30","ffn_shexp-30","shared_expert_gate_sigmoid-30"
791,78,ADD,0,2,0,2627,"ffn_out-30","ffn_moe_out-30","ffn_shexp_gated-30"
791,151,RMS_NORM,0,20,0,3730,"norm-31","indexer_k_pooled-31 (reshaped)",""
792,38,MUL_MAT,0,334,1,634,"attn_output-31","blk.31.attn_output.weight","attn_gated-31"
792,66,SCALE,0,0,2,883,"ffn_moe_inp-31","node_5226",""
792,70,ARGSORT,0,22,0,1013,"ffn_moe_argsort-31","ffn_moe_probs-31",""
792,102,ADD,0,1,1,2505,"ffn_moe_out-31","node_5262","ffn_moe_weighted-31 (view)"
792,106,MUL_MAT,0,33,2,2619,"ffn_shexp-31","blk.31.ffn_down_shexp.weight","ffn_swiglu-31"
792,109,MUL,0,4,0,2629,"ffn_shexp_gated-31","ffn_shexp-31","shared_expert_gate_sigmoid-31"
792,110,ADD,0,2,0,2631,"ffn_out-31","ffn_moe_out-31","ffn_shexp_gated-31"
792,184,RMS_NORM,0,0,2,4180,"norm-32","attn_output-32",""
793,5,MUL_MAT,0,327,1,639,"linear_attn_out-32","blk.32.ssm_out.weight","final_output-32"
793,34,SCALE,0,0,1,883,"ffn_moe_inp-32","node_5380",""
793,38,ARGSORT,0,23,0,1020,"ffn_moe_argsort-32","ffn_moe_probs-32",""
793,70,ADD,0,1,1,1729,"ffn_moe_out-32","node_5416","ffn_moe_weighted-32 (view)"
793,74,MUL_MAT,0,38,1,1859,"ffn_shexp-32","blk.32.ffn_down_shexp.weight","ffn_swiglu-32"
793,77,MUL,0,3,1,1870,"ffn_shexp_gated-32","ffn_shexp-32","shared_expert_gate_sigmoid-32"
793,78,ADD,0,1,1,1872,"ffn_out-32","ffn_moe_out-32","ffn_shexp_gated-32"
793,152,RMS_NORM,0,1,2,3426,"norm-33","attn_output-33",""
794,5,MUL_MAT,0,198,113,618,"linear_attn_out-33","blk.33.ssm_out.weight","final_output-33"
794,34,SCALE,0,0,2,876,"ffn_moe_inp-33","node_5534",""
794,38,ARGSORT,0,19,0,999,"ffn_moe_argsort-33","ffn_moe_probs-33",""
794,70,ADD,0,1,1,1681,"ffn_moe_out-33","node_5570","ffn_moe_weighted-33 (view)"
794,74,MUL_MAT,0,21,17,1799,"ffn_shexp-33","blk.33.ffn_down_shexp.weight","ffn_swiglu-33"
794,77,MUL,0,2,0,1811,"ffn_shexp_gated-33","ffn_shexp-33","shared_expert_gate_sigmoid-33"
794,78,ADD,0,1,1,1813,"ffn_out-33","ffn_moe_out-33","ffn_shexp_gated-33"
794,152,RMS_NORM,0,0,2,3174,"norm-34","attn_output-34",""
795,5,MUL_MAT,0,271,57,667,"linear_attn_out-34","blk.34.ssm_out.weight","final_output-34"
795,34,SCALE,0,19,1,927,"ffn_moe_inp-34","node_5688",""
795,38,ARGSORT,0,20,1,1059,"ffn_moe_argsort-34","ffn_moe_probs-34",""
795,70,ADD,0,2,0,1697,"ffn_moe_out-34","node_5724","ffn_moe_weighted-34 (view)"
795,74,MUL_MAT,0,29,7,1808,"ffn_shexp-34","blk.34.ffn_down_shexp.weight","ffn_swiglu-34"
795,77,MUL,0,1,1,1817,"ffn_shexp_gated-34","ffn_shexp-34","shared_expert_gate_sigmoid-34"
795,78,ADD,0,1,1,1819,"ffn_out-34","ffn_moe_out-34","ffn_shexp_gated-34"
795,151,RMS_NORM,0,9,0,2799,"norm-35","indexer_k_pooled-35 (reshaped)",""
796,38,MUL_MAT,0,264,55,592,"attn_output-35","blk.35.attn_output.weight","attn_gated-35"
796,66,SCALE,0,0,2,840,"ffn_moe_inp-35","node_5875",""
796,70,ARGSORT,0,20,0,963,"ffn_moe_argsort-35","ffn_moe_probs-35",""
796,102,ADD,0,1,3,1577,"ffn_moe_out-35","node_5911","ffn_moe_weighted-35 (view)"
796,106,MUL_MAT,0,27,7,1706,"ffn_shexp-35","blk.35.ffn_down_shexp.weight","ffn_swiglu-35"
796,109,MUL,0,2,1,1714,"ffn_shexp_gated-35","ffn_shexp-35","shared_expert_gate_sigmoid-35"
796,110,ADD,0,1,9,1724,"ffn_out-35","ffn_moe_out-35","ffn_shexp_gated-35"
796,184,RMS_NORM,0,0,1,3118,"norm-36","attn_output-36",""
797,5,MUL_MAT,0,267,66,658,"linear_attn_out-36","blk.36.ssm_out.weight","final_output-36"
797,34,SCALE,0,1,2,896,"ffn_moe_inp-36","node_6029",""
797,38,ARGSORT,0,21,0,1022,"ffn_moe_argsort-36","ffn_moe_probs-36",""
797,70,ADD,0,1,1,1640,"ffn_moe_out-36","node_6065","ffn_moe_weighted-36 (view)"
797,74,MUL_MAT,0,29,11,1753,"ffn_shexp-36","blk.36.ffn_down_shexp.weight","ffn_swiglu-36"
797,77,MUL,0,2,0,1760,"ffn_shexp_gated-36","ffn_shexp-36","shared_expert_gate_sigmoid-36"
797,78,ADD,0,1,1,1762,"ffn_out-36","ffn_moe_out-36","ffn_shexp_gated-36"
797,152,RMS_NORM,0,0,6,3088,"norm-37","attn_output-37",""
798,5,MUL_MAT,0,281,77,700,"linear_attn_out-37","blk.37.ssm_out.weight","final_output-37"
798,34,SCALE,0,0,2,1081,"ffn_moe_inp-37","node_6183",""
798,38,ARGSORT,0,19,0,1256,"ffn_moe_argsort-37","ffn_moe_probs-37",""
798,70,ADD,0,1,0,1993,"ffn_moe_out-37","node_6219","ffn_moe_weighted-37 (view)"
798,74,MUL_MAT,0,32,15,2137,"ffn_shexp-37","blk.37.ffn_down_shexp.weight","ffn_swiglu-37"
798,77,MUL,0,2,0,2144,"ffn_shexp_gated-37","ffn_shexp-37","shared_expert_gate_sigmoid-37"
798,78,ADD,0,1,0,2146,"ffn_out-37","ffn_moe_out-37","ffn_shexp_gated-37"
798,152,RMS_NORM,0,1,1,3402,"norm-38","attn_output-38",""
799,5,MUL_MAT,0,183,152,641,"linear_attn_out-38","blk.38.ssm_out.weight","final_output-38"
799,34,SCALE,0,0,3,953,"ffn_moe_inp-38","node_6337",""
799,38,ARGSORT,0,18,1,1079,"ffn_moe_argsort-38","ffn_moe_probs-38",""
799,70,ADD,0,0,1,1773,"ffn_moe_out-38","node_6373","ffn_moe_weighted-38 (view)"
799,74,MUL_MAT,0,23,22,1910,"ffn_shexp-38","blk.38.ffn_down_shexp.weight","ffn_swiglu-38"
799,77,MUL,0,1,1,1926,"ffn_shexp_gated-38","ffn_shexp-38","shared_expert_gate_sigmoid-38"
799,78,ADD,0,1,1,1928,"ffn_out-38","ffn_moe_out-38","ffn_shexp_gated-38"
799,87,ADD,0,2,1,1957,"l_last-38","hc_combine-38","node_6390"
