ggml_cuda_init: found 1 CUDA devices (Total VRAM: 16375 MiB):
  Device 0: NVIDIA GeForce RTX 4080 SUPER, compute capability 8.9, VMM: yes, VRAM: 16375 MiB
llama_model_loader: additional 2 GGUFs metadata loaded.
llama_model_loader: loaded meta data with 67 key-value pairs and 1224 tensors from E:\AI\Models\Qwen3.8-Flash-Next-UD-IQ4_XS\Qwen3.8-Flash-Next-UD-IQ4_XS-00001-of-00003.gguf (version GGUF V3 (latest))
llama_model_loader: Dumping metadata keys/values. Note: KV overrides do not apply in this output.
llama_model_loader: - kv   0:                       general.architecture str              = qwen4exp
llama_model_loader: - kv   1:                               general.type str              = model
llama_model_loader: - kv   2:                     general.sampling.top_k i32              = 20
llama_model_loader: - kv   3:                     general.sampling.top_p f32              = 0.950000
llama_model_loader: - kv   4:                      general.sampling.temp f32              = 1.000000
llama_model_loader: - kv   5:                               general.name str              = Qwen3.8 Flash Next
llama_model_loader: - kv   6:                        general.description str              = A Preview of the Qwen4 Architecture
llama_model_loader: - kv   7:                         general.size_label str              = 512x56B
llama_model_loader: - kv   8:                       qwen4exp.block_count u32              = 48
llama_model_loader: - kv   9:                    qwen4exp.context_length u32              = 262144
llama_model_loader: - kv  10:                  qwen4exp.embedding_length u32              = 2560
llama_model_loader: - kv  11:              qwen4exp.attention.head_count u32              = 24
llama_model_loader: - kv  12:           qwen4exp.attention.head_count_kv u32              = 2
llama_model_loader: - kv  13:           qwen4exp.rope.dimension_sections arr[i32,4]       = [11, 11, 10, 0]
llama_model_loader: - kv  14:                    qwen4exp.rope.freq_base f32              = 10000000.000000
llama_model_loader: - kv  15:  qwen4exp.attention.layer_norm_rms_epsilon f32              = 0.000001
llama_model_loader: - kv  16:                      qwen4exp.expert_count u32              = 512
llama_model_loader: - kv  17:                 qwen4exp.expert_used_count u32              = 10
llama_model_loader: - kv  18:              qwen4exp.attention.key_length u32              = 256
llama_model_loader: - kv  19:            qwen4exp.attention.value_length u32              = 256
llama_model_loader: - kv  20:        qwen4exp.expert_feed_forward_length u32              = 640
llama_model_loader: - kv  21: qwen4exp.expert_shared_feed_forward_length u32              = 640
llama_model_loader: - kv  22:                   qwen4exp.ssm.conv_kernel u32              = 4
llama_model_loader: - kv  23:                    qwen4exp.ssm.state_size u32              = 128
llama_model_loader: - kv  24:                   qwen4exp.ssm.group_count u32              = 16
llama_model_loader: - kv  25:                qwen4exp.ssm.time_step_rank u32              = 48
llama_model_loader: - kv  26:                    qwen4exp.ssm.inner_size u32              = 6144
llama_model_loader: - kv  27:           qwen4exp.full_attention_interval u32              = 4
llama_model_loader: - kv  28:              qwen4exp.rope.dimension_count u32              = 64
llama_model_loader: - kv  29:            qwen4exp.hyper_connection.count u32              = 4
llama_model_loader: - kv  30:         qwen4exp.hyper_connection.low_rank u32              = 320
llama_model_loader: - kv  31:      qwen4exp.attention.indexer.head_count u32              = 4
llama_model_loader: - kv  32:      qwen4exp.attention.indexer.key_length u32              = 128
llama_model_loader: - kv  33:           qwen4exp.attention.indexer.top_k u32              = 2048
llama_model_loader: - kv  34:         qwen4exp.attention.compress_ratios arr[i32,48]      = [0, 0, 0, 4, 0, 0, 0, 4, 0, 0, 0, 4, ...
llama_model_loader: - kv  35:                        qwen4exp.ple.layers arr[i32,1]       = [1]
llama_model_loader: - kv  36:                    qwen4exp.ple.ngram_size u32              = 3
llama_model_loader: - kv  37:               qwen4exp.ple.heads_per_ngram u32              = 8
llama_model_loader: - kv  38:                   qwen4exp.ple.conv_kernel u32              = 4
llama_model_loader: - kv  39:                  qwen4exp.ple.eos_token_id u32              = 248044
llama_model_loader: - kv  40:  qwen4exp.embedding_length_per_layer_input u32              = 160
llama_model_loader: - kv  41:             qwen4exp.ple.layer_multipliers arr[u64,3]       = [23703573157769, 20109073645365, 8052...
llama_model_loader: - kv  42:                  qwen4exp.ple.head_offsets arr[u64,16]      = [0, 20000003, 40000026, 60000059, 800...
llama_model_loader: - kv  43:              qwen4exp.ple.head_vocab_sizes arr[u64,16]      = [20000003, 20000023, 20000033, 200000...
llama_model_loader: - kv  44:                       tokenizer.ggml.model str              = gpt2
llama_model_loader: - kv  45:                         tokenizer.ggml.pre str              = qwen35
llama_model_loader: - kv  46:                      tokenizer.ggml.tokens arr[str,248320]  = ["!", "\"", "#", "$", "%", "&", "'", ...
llama_model_loader: - kv  47:                  tokenizer.ggml.token_type arr[i32,248320]  = [1, 1, 1, 1, 1, 1, 1, 1, 1, 1, 1, 1, ...
llama_model_loader: - kv  48:                      tokenizer.ggml.merges arr[str,247587]  = ["Ġ Ġ", "ĠĠ ĠĠ", "i n", "Ġ t",...
llama_model_loader: - kv  49:                tokenizer.ggml.eos_token_id u32              = 248046
llama_model_loader: - kv  50:            tokenizer.ggml.padding_token_id u32              = 248044
llama_model_loader: - kv  51:                tokenizer.ggml.bos_token_id u32              = 248044
llama_model_loader: - kv  52:               tokenizer.ggml.add_bos_token bool             = false
llama_model_loader: - kv  53:                    tokenizer.chat_template str              = {%- set image_count = namespace(value...
llama_model_loader: - kv  54:                qwen4exp.ple.image_token_id u32              = 248056
llama_model_loader: - kv  55:                       general.quantized_by str              = Unsloth
llama_model_loader: - kv  56:                           general.repo_url str              = https://huggingface.co/unsloth
llama_model_loader: - kv  57:                               general.tags arr[str,1]       = ["unsloth"]
llama_model_loader: - kv  58:               general.quantization_version u32              = 2
llama_model_loader: - kv  59:                          general.file_type u32              = 30
llama_model_loader: - kv  60:                      quantize.imatrix.file str              = Qwen3.8-Flash-Next-GGUF/imatrix_unslo...
llama_model_loader: - kv  61:                   quantize.imatrix.dataset str              = unsloth_calibration_Qwen3.8-Flash-Nex...
llama_model_loader: - kv  62:             quantize.imatrix.entries_count u32              = 926
llama_model_loader: - kv  63:              quantize.imatrix.chunks_count u32              = 45
llama_model_loader: - kv  64:                                   split.no u16              = 0
llama_model_loader: - kv  65:                        split.tensors.count i32              = 1224
llama_model_loader: - kv  66:                                split.count u16              = 3
llama_model_loader: - type  f32:  557 tensors
llama_model_loader: - type q8_0:  502 tensors
llama_model_loader: - type q6_K:    1 tensors
llama_model_loader: - type iq4_nl:   44 tensors
llama_model_loader: - type iq3_s:   94 tensors
llama_model_loader: - type iq4_xs:    2 tensors
llama_model_loader: - type bf16:   24 tensors
print_info: file format = GGUF V3 (latest)
print_info: file type   = IQ4_XS - 4.25 bpw
print_info: file size   = 87.24 GiB (4.24 BPW) 
llama_prepare_model_devices: using device CUDA0 (NVIDIA GeForce RTX 4080 SUPER) (0000:01:00.0) - 15061 MiB free
init_tokenizer: initializing tokenizer for type 2
load: 0 unused tokens
load: control token: 248062 '<|fim_suffix|>' is not marked as EOG
load: control token: 248072 '<tts_pad>' is not marked as EOG
load: control token: 248050 '<|box_end|>' is not marked as EOG
load: control token: 248048 '<|object_ref_end|>' is not marked as EOG
load: control token: 248055 '<|vision_pad|>' is not marked as EOG
load: control token: 248060 '<|fim_prefix|>' is not marked as EOG
load: control token: 248049 '<|box_start|>' is not marked as EOG
load: control token: 248073 '<tts_text_bos>' is not marked as EOG
load: control token: 248052 '<|quad_end|>' is not marked as EOG
load: control token: 248054 '<|vision_end|>' is not marked as EOG
load: control token: 248075 '<tts_text_bos_single>' is not marked as EOG
load: control token: 248056 '<|image_pad|>' is not marked as EOG
load: control token: 248071 '<|audio_end|>' is not marked as EOG
load: control token: 248045 '<|im_start|>' is not marked as EOG
load: control token: 248047 '<|object_ref_start|>' is not marked as EOG
load: control token: 248051 '<|quad_start|>' is not marked as EOG
load: control token: 248053 '<|vision_start|>' is not marked as EOG
load: control token: 248057 '<|video_pad|>' is not marked as EOG
load: control token: 248061 '<|fim_middle|>' is not marked as EOG
load: control token: 248070 '<|audio_start|>' is not marked as EOG
load: control token: 248074 '<tts_text_eod>' is not marked as EOG
load: control token: 248076 '<|audio_pad|>' is not marked as EOG
load: printing all EOG tokens:
load:   - 248044 ('<|endoftext|>')
load:   - 248046 ('<|im_end|>')
load:   - 248063 ('<|fim_pad|>')
load:   - 248064 ('<|repo_name|>')
load:   - 248065 ('<|file_sep|>')
load: special tokens cache size = 33
load: token to piece cache size = 1.7581 MB
print_info: arch                  = qwen4exp
print_info: vocab_only            = 0
print_info: no_alloc              = 0
print_info: n_ctx_train           = 262144
print_info: n_embd_inp            = 2560
print_info: n_embd                = 2560
print_info: n_embd_out            = 10240
print_info: n_layer               = 48
print_info: n_layer_all           = 48
print_info: n_head                = 24
print_info: n_head_kv             = 2
print_info: n_rot                 = 64
print_info: n_swa                 = 0
print_info: is_swa_any            = 0
print_info: n_embd_head_k         = 256
print_info: n_embd_head_v         = 256
print_info: n_gqa                 = 12
print_info: n_embd_k_gqa          = 512
print_info: n_embd_v_gqa          = 512
print_info: f_norm_eps            = 0.0e+00
print_info: f_norm_rms_eps        = 1.0e-06
print_info: f_clamp_kqv           = 0.0e+00
print_info: f_max_alibi_bias      = 0.0e+00
print_info: f_logit_scale         = 0.0e+00
print_info: f_attn_scale          = 0.0e+00
print_info: f_attn_value_scale    = 0.0000
print_info: n_ff                  = 0
print_info: n_expert              = 512
print_info: n_expert_used         = 10
print_info: n_expert_groups       = 0
print_info: n_group_used          = 0
print_info: causal attn           = 1
print_info: pooling type          = -1
print_info: rope type             = 40
print_info: rope scaling          = linear
print_info: freq_base_train       = 10000000.0
print_info: freq_scale_train      = 1
print_info: n_ctx_orig_yarn       = 262144
print_info: rope_yarn_log_mul     = 0.0000
print_info: rope_finetuned        = unknown
print_info: mrope sections        = [11, 11, 10, 0]
print_info: model type            = A3B
print_info: model params          = 176.94 B
print_info: general.name          = Qwen3.8 Flash Next
print_info: vocab type            = BPE
print_info: n_vocab               = 248320
print_info: n_merges              = 247587
print_info: BOS token             = 248044 '<|endoftext|>'
print_info: EOS token             = 248046 '<|im_end|>'
print_info: EOT token             = 248046 '<|im_end|>'
print_info: PAD token             = 248044 '<|endoftext|>'
print_info: LF token              = 198 'Ċ'
print_info: FIM PRE token         = 248060 '<|fim_prefix|>'
print_info: FIM SUF token         = 248062 '<|fim_suffix|>'
print_info: FIM MID token         = 248061 '<|fim_middle|>'
print_info: FIM PAD token         = 248063 '<|fim_pad|>'
print_info: FIM REP token         = 248064 '<|repo_name|>'
print_info: FIM SEP token         = 248065 '<|file_sep|>'
print_info: EOG token             = 248044 '<|endoftext|>'
print_info: EOG token             = 248046 '<|im_end|>'
print_info: EOG token             = 248063 '<|fim_pad|>'
print_info: EOG token             = 248064 '<|repo_name|>'
print_info: EOG token             = 248065 '<|file_sep|>'
print_info: max token length      = 256
load_tensors: loading model tensors, this can take a while... (load_mode = mmap)
load_tensors: layer   0 assigned to device CUDA0, is_swa = 0
load_tensors: layer   1 assigned to device CUDA0, is_swa = 0
load_tensors: layer   2 assigned to device CUDA0, is_swa = 0
load_tensors: layer   3 assigned to device CUDA0, is_swa = 0
load_tensors: layer   4 assigned to device CUDA0, is_swa = 0
load_tensors: layer   5 assigned to device CUDA0, is_swa = 0
load_tensors: layer   6 assigned to device CUDA0, is_swa = 0
load_tensors: layer   7 assigned to device CUDA0, is_swa = 0
load_tensors: layer   8 assigned to device CUDA0, is_swa = 0
load_tensors: layer   9 assigned to device CUDA0, is_swa = 0
load_tensors: layer  10 assigned to device CUDA0, is_swa = 0
load_tensors: layer  11 assigned to device CUDA0, is_swa = 0
load_tensors: layer  12 assigned to device CUDA0, is_swa = 0
load_tensors: layer  13 assigned to device CUDA0, is_swa = 0
load_tensors: layer  14 assigned to device CUDA0, is_swa = 0
load_tensors: layer  15 assigned to device CUDA0, is_swa = 0
load_tensors: layer  16 assigned to device CUDA0, is_swa = 0
load_tensors: layer  17 assigned to device CUDA0, is_swa = 0
load_tensors: layer  18 assigned to device CUDA0, is_swa = 0
load_tensors: layer  19 assigned to device CUDA0, is_swa = 0
load_tensors: layer  20 assigned to device CUDA0, is_swa = 0
load_tensors: layer  21 assigned to device CUDA0, is_swa = 0
load_tensors: layer  22 assigned to device CUDA0, is_swa = 0
load_tensors: layer  23 assigned to device CUDA0, is_swa = 0
load_tensors: layer  24 assigned to device CUDA0, is_swa = 0
load_tensors: layer  25 assigned to device CUDA0, is_swa = 0
load_tensors: layer  26 assigned to device CUDA0, is_swa = 0
load_tensors: layer  27 assigned to device CUDA0, is_swa = 0
load_tensors: layer  28 assigned to device CUDA0, is_swa = 0
load_tensors: layer  29 assigned to device CUDA0, is_swa = 0
load_tensors: layer  30 assigned to device CUDA0, is_swa = 0
load_tensors: layer  31 assigned to device CUDA0, is_swa = 0
load_tensors: layer  32 assigned to device CUDA0, is_swa = 0
load_tensors: layer  33 assigned to device CUDA0, is_swa = 0
load_tensors: layer  34 assigned to device CUDA0, is_swa = 0
load_tensors: layer  35 assigned to device CUDA0, is_swa = 0
load_tensors: layer  36 assigned to device CUDA0, is_swa = 0
load_tensors: layer  37 assigned to device CUDA0, is_swa = 0
load_tensors: layer  38 assigned to device CUDA0, is_swa = 0
load_tensors: layer  39 assigned to device CUDA0, is_swa = 0
load_tensors: layer  40 assigned to device CUDA0, is_swa = 0
load_tensors: layer  41 assigned to device CUDA0, is_swa = 0
load_tensors: layer  42 assigned to device CUDA0, is_swa = 0
load_tensors: layer  43 assigned to device CUDA0, is_swa = 0
load_tensors: layer  44 assigned to device CUDA0, is_swa = 0
load_tensors: layer  45 assigned to device CUDA0, is_swa = 0
load_tensors: layer  46 assigned to device CUDA0, is_swa = 0
load_tensors: layer  47 assigned to device CUDA0, is_swa = 0
load_tensors: layer  48 assigned to device CUDA0, is_swa = 0
create_tensor: loading tensor token_embd.weight
create_tensor: loading tensor output_hc_norm.weight
create_tensor: loading tensor output_hc_down.weight
create_tensor: loading tensor output_hc_up.weight
create_tensor: loading tensor output.weight
create_tensor: loading tensor per_layer_token_embd.weight
create_tensor: tensor per_layer_token_embd.weight (size = 27465 MiB) lazy read enabled
create_tensor: loading tensor blk.0.hc_attn_norm.weight
create_tensor: loading tensor blk.0.hc_attn_down.weight
create_tensor: loading tensor blk.0.hc_attn_up.weight
create_tensor: loading tensor blk.0.hc_attn_inject.weight
create_tensor: loading tensor blk.0.hc_ffn_norm.weight
create_tensor: loading tensor blk.0.hc_ffn_down.weight
create_tensor: loading tensor blk.0.hc_ffn_up.weight
create_tensor: loading tensor blk.0.hc_ffn_inject.weight
create_tensor: loading tensor blk.0.attn_qkv.weight
create_tensor: loading tensor blk.0.attn_gate.weight
create_tensor: loading tensor blk.0.ssm_conv1d.weight
create_tensor: loading tensor blk.0.ssm_dt.bias
create_tensor: loading tensor blk.0.ssm_a
create_tensor: loading tensor blk.0.ssm_beta.weight
create_tensor: loading tensor blk.0.ssm_alpha.weight
create_tensor: loading tensor blk.0.ssm_norm.weight
create_tensor: loading tensor blk.0.ssm_out.weight
create_tensor: loading tensor blk.0.ffn_gate_inp.weight
create_tensor: loading tensor blk.0.ffn_down_exps.weight
llama_model_loader: tensor overrides to CPU are used with mmap enabled - consider using --load-mode none for better performance
tensor blk.0.ffn_down_exps.weight (450 MiB iq4_nl) buffer type overridden to CUDA_Host
create_tensor: loading tensor blk.0.ffn_gate_up_exps.weight
create_tensor: loading tensor blk.0.ffn_gate_exps.weight
tensor blk.0.ffn_gate_exps.weight (343 MiB iq3_s) buffer type overridden to CUDA_Host
create_tensor: loading tensor blk.0.ffn_up_exps.weight
tensor blk.0.ffn_up_exps.weight (343 MiB iq3_s) buffer type overridden to CUDA_Host
create_tensor: loading tensor blk.0.ffn_gate_inp_shexp.weight
create_tensor: loading tensor blk.0.ffn_gate_shexp.weight
create_tensor: loading tensor blk.0.ffn_up_shexp.weight
create_tensor: loading tensor blk.0.ffn_down_shexp.weight
create_tensor: loading tensor blk.1.hc_attn_norm.weight
create_tensor: loading tensor blk.1.hc_attn_down.weight
create_tensor: loading tensor blk.1.hc_attn_up.weight
create_tensor: loading tensor blk.1.hc_attn_inject.weight
create_tensor: loading tensor blk.1.hc_ffn_norm.weight
create_tensor: loading tensor blk.1.hc_ffn_down.weight
create_tensor: loading tensor blk.1.hc_ffn_up.weight
create_tensor: loading tensor blk.1.hc_ffn_inject.weight
create_tensor: loading tensor blk.1.attn_qkv.weight
create_tensor: loading tensor blk.1.attn_gate.weight
create_tensor: loading tensor blk.1.ssm_conv1d.weight
create_tensor: loading tensor blk.1.ssm_dt.bias
create_tensor: loading tensor blk.1.ssm_a
create_tensor: loading tensor blk.1.ssm_beta.weight
create_tensor: loading tensor blk.1.ssm_alpha.weight
create_tensor: loading tensor blk.1.ssm_norm.weight
create_tensor: loading tensor blk.1.ssm_out.weight
create_tensor: loading tensor blk.1.ple_key.weight
create_tensor: loading tensor blk.1.ple_value.weight
create_tensor: loading tensor blk.1.ple_norm_key.weight
create_tensor: loading tensor blk.1.ple_norm_query.weight
create_tensor: loading tensor blk.1.ple_norm_conv.weight
create_tensor: loading tensor blk.1.ple_conv1d.weight
create_tensor: loading tensor blk.1.ffn_gate_inp.weight
create_tensor: loading tensor blk.1.ffn_down_exps.weight
tensor blk.1.ffn_down_exps.weight (450 MiB iq4_nl) buffer type overridden to CUDA_Host
create_tensor: loading tensor blk.1.ffn_gate_up_exps.weight
create_tensor: loading tensor blk.1.ffn_gate_exps.weight
tensor blk.1.ffn_gate_exps.weight (343 MiB iq3_s) buffer type overridden to CUDA_Host
create_tensor: loading tensor blk.1.ffn_up_exps.weight
tensor blk.1.ffn_up_exps.weight (343 MiB iq3_s) buffer type overridden to CUDA_Host
create_tensor: loading tensor blk.1.ffn_gate_inp_shexp.weight
create_tensor: loading tensor blk.1.ffn_gate_shexp.weight
create_tensor: loading tensor blk.1.ffn_up_shexp.weight
create_tensor: loading tensor blk.1.ffn_down_shexp.weight
create_tensor: loading tensor blk.2.hc_attn_norm.weight
create_tensor: loading tensor blk.2.hc_attn_down.weight
create_tensor: loading tensor blk.2.hc_attn_up.weight
create_tensor: loading tensor blk.2.hc_attn_inject.weight
create_tensor: loading tensor blk.2.hc_ffn_norm.weight
create_tensor: loading tensor blk.2.hc_ffn_down.weight
create_tensor: loading tensor blk.2.hc_ffn_up.weight
create_tensor: loading tensor blk.2.hc_ffn_inject.weight
create_tensor: loading tensor blk.2.attn_qkv.weight
create_tensor: loading tensor blk.2.attn_gate.weight
create_tensor: loading tensor blk.2.ssm_conv1d.weight
create_tensor: loading tensor blk.2.ssm_dt.bias
create_tensor: loading tensor blk.2.ssm_a
create_tensor: loading tensor blk.2.ssm_beta.weight
create_tensor: loading tensor blk.2.ssm_alpha.weight
create_tensor: loading tensor blk.2.ssm_norm.weight
create_tensor: loading tensor blk.2.ssm_out.weight
create_tensor: loading tensor blk.2.ffn_gate_inp.weight
create_tensor: loading tensor blk.2.ffn_down_exps.weight
tensor blk.2.ffn_down_exps.weight (850 MiB q8_0) buffer type overridden to CUDA_Host
create_tensor: loading tensor blk.2.ffn_gate_up_exps.weight
create_tensor: loading tensor blk.2.ffn_gate_exps.weight
tensor blk.2.ffn_gate_exps.weight (425 MiB iq4_xs) buffer type overridden to CUDA_Host
create_tensor: loading tensor blk.2.ffn_up_exps.weight
tensor blk.2.ffn_up_exps.weight (425 MiB iq4_xs) buffer type overridden to CUDA_Host
create_tensor: loading tensor blk.2.ffn_gate_inp_shexp.weight
create_tensor: loading tensor blk.2.ffn_gate_shexp.weight
create_tensor: loading tensor blk.2.ffn_up_shexp.weight
create_tensor: loading tensor blk.2.ffn_down_shexp.weight
create_tensor: loading tensor blk.3.hc_attn_norm.weight
create_tensor: loading tensor blk.3.hc_attn_down.weight
create_tensor: loading tensor blk.3.hc_attn_up.weight
create_tensor: loading tensor blk.3.hc_attn_inject.weight
create_tensor: loading tensor blk.3.hc_ffn_norm.weight
create_tensor: loading tensor blk.3.hc_ffn_down.weight
create_tensor: loading tensor blk.3.hc_ffn_up.weight
create_tensor: loading tensor blk.3.hc_ffn_inject.weight
create_tensor: loading tensor blk.3.attn_qkv.weight
create_tensor: loading tensor blk.3.attn_q.weight
create_tensor: loading tensor blk.3.attn_k.weight
create_tensor: loading tensor blk.3.attn_v.weight
create_tensor: loading tensor blk.3.attn_q.bias
create_tensor: loading tensor blk.3.attn_k.bias
create_tensor: loading tensor blk.3.attn_v.bias
create_tensor: loading tensor blk.3.attn_output.weight
create_tensor: loading tensor blk.3.attn_q_norm.weight
create_tensor: loading tensor blk.3.attn_k_norm.weight
create_tensor: loading tensor blk.3.indexer.q_proj.weight
create_tensor: loading tensor blk.3.indexer.k_proj.weight
create_tensor: loading tensor blk.3.indexer.q_norm.weight
create_tensor: loading tensor blk.3.indexer.k_norm.weight
create_tensor: loading tensor blk.3.ffn_gate_inp.weight
create_tensor: loading tensor blk.3.ffn_down_exps.weight
tensor blk.3.ffn_down_exps.weight (450 MiB iq4_nl) buffer type overridden to CUDA_Host
create_tensor: loading tensor blk.3.ffn_gate_up_exps.weight
create_tensor: loading tensor blk.3.ffn_gate_exps.weight
tensor blk.3.ffn_gate_exps.weight (343 MiB iq3_s) buffer type overridden to CUDA_Host
create_tensor: loading tensor blk.3.ffn_up_exps.weight
tensor blk.3.ffn_up_exps.weight (343 MiB iq3_s) buffer type overridden to CUDA_Host
create_tensor: loading tensor blk.3.ffn_gate_inp_shexp.weight
create_tensor: loading tensor blk.3.ffn_gate_shexp.weight
create_tensor: loading tensor blk.3.ffn_up_shexp.weight
create_tensor: loading tensor blk.3.ffn_down_shexp.weight
create_tensor: loading tensor blk.4.hc_attn_norm.weight
create_tensor: loading tensor blk.4.hc_attn_down.weight
create_tensor: loading tensor blk.4.hc_attn_up.weight
create_tensor: loading tensor blk.4.hc_attn_inject.weight
create_tensor: loading tensor blk.4.hc_ffn_norm.weight
create_tensor: loading tensor blk.4.hc_ffn_down.weight
create_tensor: loading tensor blk.4.hc_ffn_up.weight
create_tensor: loading tensor blk.4.hc_ffn_inject.weight
create_tensor: loading tensor blk.4.attn_qkv.weight
create_tensor: loading tensor blk.4.attn_gate.weight
create_tensor: loading tensor blk.4.ssm_conv1d.weight
create_tensor: loading tensor blk.4.ssm_dt.bias
create_tensor: loading tensor blk.4.ssm_a
create_tensor: loading tensor blk.4.ssm_beta.weight
create_tensor: loading tensor blk.4.ssm_alpha.weight
create_tensor: loading tensor blk.4.ssm_norm.weight
create_tensor: loading tensor blk.4.ssm_out.weight
create_tensor: loading tensor blk.4.ffn_gate_inp.weight
create_tensor: loading tensor blk.4.ffn_down_exps.weight
tensor blk.4.ffn_down_exps.weight (850 MiB q8_0) buffer type overridden to CUDA_Host
create_tensor: loading tensor blk.4.ffn_gate_up_exps.weight
create_tensor: loading tensor blk.4.ffn_gate_exps.weight
tensor blk.4.ffn_gate_exps.weight (343 MiB iq3_s) buffer type overridden to CUDA_Host
create_tensor: loading tensor blk.4.ffn_up_exps.weight
tensor blk.4.ffn_up_exps.weight (343 MiB iq3_s) buffer type overridden to CUDA_Host
create_tensor: loading tensor blk.4.ffn_gate_inp_shexp.weight
create_tensor: loading tensor blk.4.ffn_gate_shexp.weight
create_tensor: loading tensor blk.4.ffn_up_shexp.weight
create_tensor: loading tensor blk.4.ffn_down_shexp.weight
create_tensor: loading tensor blk.5.hc_attn_norm.weight
create_tensor: loading tensor blk.5.hc_attn_down.weight
create_tensor: loading tensor blk.5.hc_attn_up.weight
create_tensor: loading tensor blk.5.hc_attn_inject.weight
create_tensor: loading tensor blk.5.hc_ffn_norm.weight
create_tensor: loading tensor blk.5.hc_ffn_down.weight
create_tensor: loading tensor blk.5.hc_ffn_up.weight
create_tensor: loading tensor blk.5.hc_ffn_inject.weight
create_tensor: loading tensor blk.5.attn_qkv.weight
create_tensor: loading tensor blk.5.attn_gate.weight
create_tensor: loading tensor blk.5.ssm_conv1d.weight
create_tensor: loading tensor blk.5.ssm_dt.bias
create_tensor: loading tensor blk.5.ssm_a
create_tensor: loading tensor blk.5.ssm_beta.weight
create_tensor: loading tensor blk.5.ssm_alpha.weight
create_tensor: loading tensor blk.5.ssm_norm.weight
create_tensor: loading tensor blk.5.ssm_out.weight
create_tensor: loading tensor blk.5.ffn_gate_inp.weight
create_tensor: loading tensor blk.5.ffn_down_exps.weight
tensor blk.5.ffn_down_exps.weight (450 MiB iq4_nl) buffer type overridden to CUDA_Host
create_tensor: loading tensor blk.5.ffn_gate_up_exps.weight
create_tensor: loading tensor blk.5.ffn_gate_exps.weight
tensor blk.5.ffn_gate_exps.weight (343 MiB iq3_s) buffer type overridden to CUDA_Host
create_tensor: loading tensor blk.5.ffn_up_exps.weight
tensor blk.5.ffn_up_exps.weight (343 MiB iq3_s) buffer type overridden to CUDA_Host
create_tensor: loading tensor blk.5.ffn_gate_inp_shexp.weight
create_tensor: loading tensor blk.5.ffn_gate_shexp.weight
create_tensor: loading tensor blk.5.ffn_up_shexp.weight
create_tensor: loading tensor blk.5.ffn_down_shexp.weight
create_tensor: loading tensor blk.6.hc_attn_norm.weight
create_tensor: loading tensor blk.6.hc_attn_down.weight
create_tensor: loading tensor blk.6.hc_attn_up.weight
create_tensor: loading tensor blk.6.hc_attn_inject.weight
create_tensor: loading tensor blk.6.hc_ffn_norm.weight
create_tensor: loading tensor blk.6.hc_ffn_down.weight
create_tensor: loading tensor blk.6.hc_ffn_up.weight
create_tensor: loading tensor blk.6.hc_ffn_inject.weight
create_tensor: loading tensor blk.6.attn_qkv.weight
create_tensor: loading tensor blk.6.attn_gate.weight
create_tensor: loading tensor blk.6.ssm_conv1d.weight
create_tensor: loading tensor blk.6.ssm_dt.bias
create_tensor: loading tensor blk.6.ssm_a
create_tensor: loading tensor blk.6.ssm_beta.weight
create_tensor: loading tensor blk.6.ssm_alpha.weight
create_tensor: loading tensor blk.6.ssm_norm.weight
create_tensor: loading tensor blk.6.ssm_out.weight
create_tensor: loading tensor blk.6.ffn_gate_inp.weight
create_tensor: loading tensor blk.6.ffn_down_exps.weight
tensor blk.6.ffn_down_exps.weight (450 MiB iq4_nl) buffer type overridden to CUDA_Host
create_tensor: loading tensor blk.6.ffn_gate_up_exps.weight
create_tensor: loading tensor blk.6.ffn_gate_exps.weight
tensor blk.6.ffn_gate_exps.weight (343 MiB iq3_s) buffer type overridden to CUDA_Host
create_tensor: loading tensor blk.6.ffn_up_exps.weight
tensor blk.6.ffn_up_exps.weight (343 MiB iq3_s) buffer type overridden to CUDA_Host
create_tensor: loading tensor blk.6.ffn_gate_inp_shexp.weight
create_tensor: loading tensor blk.6.ffn_gate_shexp.weight
create_tensor: loading tensor blk.6.ffn_up_shexp.weight
create_tensor: loading tensor blk.6.ffn_down_shexp.weight
create_tensor: loading tensor blk.7.hc_attn_norm.weight
create_tensor: loading tensor blk.7.hc_attn_down.weight
create_tensor: loading tensor blk.7.hc_attn_up.weight
create_tensor: loading tensor blk.7.hc_attn_inject.weight
create_tensor: loading tensor blk.7.hc_ffn_norm.weight
create_tensor: loading tensor blk.7.hc_ffn_down.weight
create_tensor: loading tensor blk.7.hc_ffn_up.weight
create_tensor: loading tensor blk.7.hc_ffn_inject.weight
create_tensor: loading tensor blk.7.attn_qkv.weight
create_tensor: loading tensor blk.7.attn_q.weight
create_tensor: loading tensor blk.7.attn_k.weight
create_tensor: loading tensor blk.7.attn_v.weight
create_tensor: loading tensor blk.7.attn_q.bias
create_tensor: loading tensor blk.7.attn_k.bias
create_tensor: loading tensor blk.7.attn_v.bias
create_tensor: loading tensor blk.7.attn_output.weight
create_tensor: loading tensor blk.7.attn_q_norm.weight
create_tensor: loading tensor blk.7.attn_k_norm.weight
create_tensor: loading tensor blk.7.indexer.q_proj.weight
create_tensor: loading tensor blk.7.indexer.k_proj.weight
create_tensor: loading tensor blk.7.indexer.q_norm.weight
create_tensor: loading tensor blk.7.indexer.k_norm.weight
create_tensor: loading tensor blk.7.ffn_gate_inp.weight
create_tensor: loading tensor blk.7.ffn_down_exps.weight
tensor blk.7.ffn_down_exps.weight (450 MiB iq4_nl) buffer type overridden to CUDA_Host
create_tensor: loading tensor blk.7.ffn_gate_up_exps.weight
create_tensor: loading tensor blk.7.ffn_gate_exps.weight
tensor blk.7.ffn_gate_exps.weight (343 MiB iq3_s) buffer type overridden to CUDA_Host
create_tensor: loading tensor blk.7.ffn_up_exps.weight
tensor blk.7.ffn_up_exps.weight (343 MiB iq3_s) buffer type overridden to CUDA_Host
create_tensor: loading tensor blk.7.ffn_gate_inp_shexp.weight
create_tensor: loading tensor blk.7.ffn_gate_shexp.weight
create_tensor: loading tensor blk.7.ffn_up_shexp.weight
create_tensor: loading tensor blk.7.ffn_down_shexp.weight
create_tensor: loading tensor blk.8.hc_attn_norm.weight
create_tensor: loading tensor blk.8.hc_attn_down.weight
create_tensor: loading tensor blk.8.hc_attn_up.weight
create_tensor: loading tensor blk.8.hc_attn_inject.weight
create_tensor: loading tensor blk.8.hc_ffn_norm.weight
create_tensor: loading tensor blk.8.hc_ffn_down.weight
create_tensor: loading tensor blk.8.hc_ffn_up.weight
create_tensor: loading tensor blk.8.hc_ffn_inject.weight
create_tensor: loading tensor blk.8.attn_qkv.weight
create_tensor: loading tensor blk.8.attn_gate.weight
create_tensor: loading tensor blk.8.ssm_conv1d.weight
create_tensor: loading tensor blk.8.ssm_dt.bias
create_tensor: loading tensor blk.8.ssm_a
create_tensor: loading tensor blk.8.ssm_beta.weight
create_tensor: loading tensor blk.8.ssm_alpha.weight
create_tensor: loading tensor blk.8.ssm_norm.weight
create_tensor: loading tensor blk.8.ssm_out.weight
create_tensor: loading tensor blk.8.ffn_gate_inp.weight
create_tensor: loading tensor blk.8.ffn_down_exps.weight
tensor blk.8.ffn_down_exps.weight (450 MiB iq4_nl) buffer type overridden to CUDA_Host
create_tensor: loading tensor blk.8.ffn_gate_up_exps.weight
create_tensor: loading tensor blk.8.ffn_gate_exps.weight
tensor blk.8.ffn_gate_exps.weight (343 MiB iq3_s) buffer type overridden to CUDA_Host
create_tensor: loading tensor blk.8.ffn_up_exps.weight
tensor blk.8.ffn_up_exps.weight (343 MiB iq3_s) buffer type overridden to CUDA_Host
create_tensor: loading tensor blk.8.ffn_gate_inp_shexp.weight
create_tensor: loading tensor blk.8.ffn_gate_shexp.weight
create_tensor: loading tensor blk.8.ffn_up_shexp.weight
create_tensor: loading tensor blk.8.ffn_down_shexp.weight
create_tensor: loading tensor blk.9.hc_attn_norm.weight
create_tensor: loading tensor blk.9.hc_attn_down.weight
create_tensor: loading tensor blk.9.hc_attn_up.weight
create_tensor: loading tensor blk.9.hc_attn_inject.weight
create_tensor: loading tensor blk.9.hc_ffn_norm.weight
create_tensor: loading tensor blk.9.hc_ffn_down.weight
create_tensor: loading tensor blk.9.hc_ffn_up.weight
create_tensor: loading tensor blk.9.hc_ffn_inject.weight
create_tensor: loading tensor blk.9.attn_qkv.weight
create_tensor: loading tensor blk.9.attn_gate.weight
create_tensor: loading tensor blk.9.ssm_conv1d.weight
create_tensor: loading tensor blk.9.ssm_dt.bias
create_tensor: loading tensor blk.9.ssm_a
create_tensor: loading tensor blk.9.ssm_beta.weight
create_tensor: loading tensor blk.9.ssm_alpha.weight
create_tensor: loading tensor blk.9.ssm_norm.weight
create_tensor: loading tensor blk.9.ssm_out.weight
create_tensor: loading tensor blk.9.ffn_gate_inp.weight
create_tensor: loading tensor blk.9.ffn_down_exps.weight
tensor blk.9.ffn_down_exps.weight (450 MiB iq4_nl) buffer type overridden to CUDA_Host
create_tensor: loading tensor blk.9.ffn_gate_up_exps.weight
create_tensor: loading tensor blk.9.ffn_gate_exps.weight
tensor blk.9.ffn_gate_exps.weight (343 MiB iq3_s) buffer type overridden to CUDA_Host
create_tensor: loading tensor blk.9.ffn_up_exps.weight
tensor blk.9.ffn_up_exps.weight (343 MiB iq3_s) buffer type overridden to CUDA_Host
create_tensor: loading tensor blk.9.ffn_gate_inp_shexp.weight
create_tensor: loading tensor blk.9.ffn_gate_shexp.weight
create_tensor: loading tensor blk.9.ffn_up_shexp.weight
create_tensor: loading tensor blk.9.ffn_down_shexp.weight
create_tensor: loading tensor blk.10.hc_attn_norm.weight
create_tensor: loading tensor blk.10.hc_attn_down.weight
create_tensor: loading tensor blk.10.hc_attn_up.weight
create_tensor: loading tensor blk.10.hc_attn_inject.weight
create_tensor: loading tensor blk.10.hc_ffn_norm.weight
create_tensor: loading tensor blk.10.hc_ffn_down.weight
create_tensor: loading tensor blk.10.hc_ffn_up.weight
create_tensor: loading tensor blk.10.hc_ffn_inject.weight
create_tensor: loading tensor blk.10.attn_qkv.weight
create_tensor: loading tensor blk.10.attn_gate.weight
create_tensor: loading tensor blk.10.ssm_conv1d.weight
create_tensor: loading tensor blk.10.ssm_dt.bias
create_tensor: loading tensor blk.10.ssm_a
create_tensor: loading tensor blk.10.ssm_beta.weight
create_tensor: loading tensor blk.10.ssm_alpha.weight
create_tensor: loading tensor blk.10.ssm_norm.weight
create_tensor: loading tensor blk.10.ssm_out.weight
create_tensor: loading tensor blk.10.ffn_gate_inp.weight
create_tensor: loading tensor blk.10.ffn_down_exps.weight
tensor blk.10.ffn_down_exps.weight (450 MiB iq4_nl) buffer type overridden to CUDA_Host
create_tensor: loading tensor blk.10.ffn_gate_up_exps.weight
create_tensor: loading tensor blk.10.ffn_gate_exps.weight
tensor blk.10.ffn_gate_exps.weight (343 MiB iq3_s) buffer type overridden to CUDA_Host
create_tensor: loading tensor blk.10.ffn_up_exps.weight
tensor blk.10.ffn_up_exps.weight (343 MiB iq3_s) buffer type overridden to CUDA_Host
create_tensor: loading tensor blk.10.ffn_gate_inp_shexp.weight
create_tensor: loading tensor blk.10.ffn_gate_shexp.weight
create_tensor: loading tensor blk.10.ffn_up_shexp.weight
create_tensor: loading tensor blk.10.ffn_down_shexp.weight
create_tensor: loading tensor blk.11.hc_attn_norm.weight
create_tensor: loading tensor blk.11.hc_attn_down.weight
create_tensor: loading tensor blk.11.hc_attn_up.weight
create_tensor: loading tensor blk.11.hc_attn_inject.weight
create_tensor: loading tensor blk.11.hc_ffn_norm.weight
create_tensor: loading tensor blk.11.hc_ffn_down.weight
create_tensor: loading tensor blk.11.hc_ffn_up.weight
create_tensor: loading tensor blk.11.hc_ffn_inject.weight
create_tensor: loading tensor blk.11.attn_qkv.weight
create_tensor: loading tensor blk.11.attn_q.weight
create_tensor: loading tensor blk.11.attn_k.weight
create_tensor: loading tensor blk.11.attn_v.weight
create_tensor: loading tensor blk.11.attn_q.bias
create_tensor: loading tensor blk.11.attn_k.bias
create_tensor: loading tensor blk.11.attn_v.bias
create_tensor: loading tensor blk.11.attn_output.weight
create_tensor: loading tensor blk.11.attn_q_norm.weight
create_tensor: loading tensor blk.11.attn_k_norm.weight
create_tensor: loading tensor blk.11.indexer.q_proj.weight
create_tensor: loading tensor blk.11.indexer.k_proj.weight
create_tensor: loading tensor blk.11.indexer.q_norm.weight
create_tensor: loading tensor blk.11.indexer.k_norm.weight
create_tensor: loading tensor blk.11.ffn_gate_inp.weight
create_tensor: loading tensor blk.11.ffn_down_exps.weight
tensor blk.11.ffn_down_exps.weight (450 MiB iq4_nl) buffer type overridden to CUDA_Host
create_tensor: loading tensor blk.11.ffn_gate_up_exps.weight
create_tensor: loading tensor blk.11.ffn_gate_exps.weight
tensor blk.11.ffn_gate_exps.weight (343 MiB iq3_s) buffer type overridden to CUDA_Host
create_tensor: loading tensor blk.11.ffn_up_exps.weight
tensor blk.11.ffn_up_exps.weight (343 MiB iq3_s) buffer type overridden to CUDA_Host
create_tensor: loading tensor blk.11.ffn_gate_inp_shexp.weight
create_tensor: loading tensor blk.11.ffn_gate_shexp.weight
create_tensor: loading tensor blk.11.ffn_up_shexp.weight
create_tensor: loading tensor blk.11.ffn_down_shexp.weight
create_tensor: loading tensor blk.12.hc_attn_norm.weight
create_tensor: loading tensor blk.12.hc_attn_down.weight
create_tensor: loading tensor blk.12.hc_attn_up.weight
create_tensor: loading tensor blk.12.hc_attn_inject.weight
create_tensor: loading tensor blk.12.hc_ffn_norm.weight
create_tensor: loading tensor blk.12.hc_ffn_down.weight
create_tensor: loading tensor blk.12.hc_ffn_up.weight
create_tensor: loading tensor blk.12.hc_ffn_inject.weight
create_tensor: loading tensor blk.12.attn_qkv.weight
create_tensor: loading tensor blk.12.attn_gate.weight
create_tensor: loading tensor blk.12.ssm_conv1d.weight
create_tensor: loading tensor blk.12.ssm_dt.bias
create_tensor: loading tensor blk.12.ssm_a
create_tensor: loading tensor blk.12.ssm_beta.weight
create_tensor: loading tensor blk.12.ssm_alpha.weight
create_tensor: loading tensor blk.12.ssm_norm.weight
create_tensor: loading tensor blk.12.ssm_out.weight
create_tensor: loading tensor blk.12.ffn_gate_inp.weight
create_tensor: loading tensor blk.12.ffn_down_exps.weight
tensor blk.12.ffn_down_exps.weight (450 MiB iq4_nl) buffer type overridden to CUDA_Host
create_tensor: loading tensor blk.12.ffn_gate_up_exps.weight
create_tensor: loading tensor blk.12.ffn_gate_exps.weight
tensor blk.12.ffn_gate_exps.weight (343 MiB iq3_s) buffer type overridden to CUDA_Host
create_tensor: loading tensor blk.12.ffn_up_exps.weight
tensor blk.12.ffn_up_exps.weight (343 MiB iq3_s) buffer type overridden to CUDA_Host
create_tensor: loading tensor blk.12.ffn_gate_inp_shexp.weight
create_tensor: loading tensor blk.12.ffn_gate_shexp.weight
create_tensor: loading tensor blk.12.ffn_up_shexp.weight
create_tensor: loading tensor blk.12.ffn_down_shexp.weight
create_tensor: loading tensor blk.13.hc_attn_norm.weight
create_tensor: loading tensor blk.13.hc_attn_down.weight
create_tensor: loading tensor blk.13.hc_attn_up.weight
create_tensor: loading tensor blk.13.hc_attn_inject.weight
create_tensor: loading tensor blk.13.hc_ffn_norm.weight
create_tensor: loading tensor blk.13.hc_ffn_down.weight
create_tensor: loading tensor blk.13.hc_ffn_up.weight
create_tensor: loading tensor blk.13.hc_ffn_inject.weight
create_tensor: loading tensor blk.13.attn_qkv.weight
create_tensor: loading tensor blk.13.attn_gate.weight
create_tensor: loading tensor blk.13.ssm_conv1d.weight
create_tensor: loading tensor blk.13.ssm_dt.bias
create_tensor: loading tensor blk.13.ssm_a
create_tensor: loading tensor blk.13.ssm_beta.weight
create_tensor: loading tensor blk.13.ssm_alpha.weight
create_tensor: loading tensor blk.13.ssm_norm.weight
create_tensor: loading tensor blk.13.ssm_out.weight
create_tensor: loading tensor blk.13.ffn_gate_inp.weight
create_tensor: loading tensor blk.13.ffn_down_exps.weight
tensor blk.13.ffn_down_exps.weight (450 MiB iq4_nl) buffer type overridden to CUDA_Host
create_tensor: loading tensor blk.13.ffn_gate_up_exps.weight
create_tensor: loading tensor blk.13.ffn_gate_exps.weight
tensor blk.13.ffn_gate_exps.weight (343 MiB iq3_s) buffer type overridden to CUDA_Host
create_tensor: loading tensor blk.13.ffn_up_exps.weight
tensor blk.13.ffn_up_exps.weight (343 MiB iq3_s) buffer type overridden to CUDA_Host
create_tensor: loading tensor blk.13.ffn_gate_inp_shexp.weight
create_tensor: loading tensor blk.13.ffn_gate_shexp.weight
create_tensor: loading tensor blk.13.ffn_up_shexp.weight
create_tensor: loading tensor blk.13.ffn_down_shexp.weight
create_tensor: loading tensor blk.14.hc_attn_norm.weight
create_tensor: loading tensor blk.14.hc_attn_down.weight
create_tensor: loading tensor blk.14.hc_attn_up.weight
create_tensor: loading tensor blk.14.hc_attn_inject.weight
create_tensor: loading tensor blk.14.hc_ffn_norm.weight
create_tensor: loading tensor blk.14.hc_ffn_down.weight
create_tensor: loading tensor blk.14.hc_ffn_up.weight
create_tensor: loading tensor blk.14.hc_ffn_inject.weight
create_tensor: loading tensor blk.14.attn_qkv.weight
create_tensor: loading tensor blk.14.attn_gate.weight
create_tensor: loading tensor blk.14.ssm_conv1d.weight
create_tensor: loading tensor blk.14.ssm_dt.bias
create_tensor: loading tensor blk.14.ssm_a
create_tensor: loading tensor blk.14.ssm_beta.weight
create_tensor: loading tensor blk.14.ssm_alpha.weight
create_tensor: loading tensor blk.14.ssm_norm.weight
create_tensor: loading tensor blk.14.ssm_out.weight
create_tensor: loading tensor blk.14.ffn_gate_inp.weight
create_tensor: loading tensor blk.14.ffn_down_exps.weight
tensor blk.14.ffn_down_exps.weight (450 MiB iq4_nl) buffer type overridden to CUDA_Host
create_tensor: loading tensor blk.14.ffn_gate_up_exps.weight
create_tensor: loading tensor blk.14.ffn_gate_exps.weight
tensor blk.14.ffn_gate_exps.weight (343 MiB iq3_s) buffer type overridden to CUDA_Host
create_tensor: loading tensor blk.14.ffn_up_exps.weight
tensor blk.14.ffn_up_exps.weight (343 MiB iq3_s) buffer type overridden to CUDA_Host
create_tensor: loading tensor blk.14.ffn_gate_inp_shexp.weight
create_tensor: loading tensor blk.14.ffn_gate_shexp.weight
create_tensor: loading tensor blk.14.ffn_up_shexp.weight
create_tensor: loading tensor blk.14.ffn_down_shexp.weight
create_tensor: loading tensor blk.15.hc_attn_norm.weight
create_tensor: loading tensor blk.15.hc_attn_down.weight
create_tensor: loading tensor blk.15.hc_attn_up.weight
create_tensor: loading tensor blk.15.hc_attn_inject.weight
create_tensor: loading tensor blk.15.hc_ffn_norm.weight
create_tensor: loading tensor blk.15.hc_ffn_down.weight
create_tensor: loading tensor blk.15.hc_ffn_up.weight
create_tensor: loading tensor blk.15.hc_ffn_inject.weight
create_tensor: loading tensor blk.15.attn_qkv.weight
create_tensor: loading tensor blk.15.attn_q.weight
create_tensor: loading tensor blk.15.attn_k.weight
create_tensor: loading tensor blk.15.attn_v.weight
create_tensor: loading tensor blk.15.attn_q.bias
create_tensor: loading tensor blk.15.attn_k.bias
create_tensor: loading tensor blk.15.attn_v.bias
create_tensor: loading tensor blk.15.attn_output.weight
create_tensor: loading tensor blk.15.attn_q_norm.weight
create_tensor: loading tensor blk.15.attn_k_norm.weight
create_tensor: loading tensor blk.15.indexer.q_proj.weight
create_tensor: loading tensor blk.15.indexer.k_proj.weight
create_tensor: loading tensor blk.15.indexer.q_norm.weight
create_tensor: loading tensor blk.15.indexer.k_norm.weight
create_tensor: loading tensor blk.15.ffn_gate_inp.weight
create_tensor: loading tensor blk.15.ffn_down_exps.weight
tensor blk.15.ffn_down_exps.weight (450 MiB iq4_nl) buffer type overridden to CUDA_Host
create_tensor: loading tensor blk.15.ffn_gate_up_exps.weight
create_tensor: loading tensor blk.15.ffn_gate_exps.weight
tensor blk.15.ffn_gate_exps.weight (343 MiB iq3_s) buffer type overridden to CUDA_Host
create_tensor: loading tensor blk.15.ffn_up_exps.weight
tensor blk.15.ffn_up_exps.weight (343 MiB iq3_s) buffer type overridden to CUDA_Host
create_tensor: loading tensor blk.15.ffn_gate_inp_shexp.weight
create_tensor: loading tensor blk.15.ffn_gate_shexp.weight
create_tensor: loading tensor blk.15.ffn_up_shexp.weight
create_tensor: loading tensor blk.15.ffn_down_shexp.weight
create_tensor: loading tensor blk.16.hc_attn_norm.weight
create_tensor: loading tensor blk.16.hc_attn_down.weight
create_tensor: loading tensor blk.16.hc_attn_up.weight
create_tensor: loading tensor blk.16.hc_attn_inject.weight
create_tensor: loading tensor blk.16.hc_ffn_norm.weight
create_tensor: loading tensor blk.16.hc_ffn_down.weight
create_tensor: loading tensor blk.16.hc_ffn_up.weight
create_tensor: loading tensor blk.16.hc_ffn_inject.weight
create_tensor: loading tensor blk.16.attn_qkv.weight
create_tensor: loading tensor blk.16.attn_gate.weight
create_tensor: loading tensor blk.16.ssm_conv1d.weight
create_tensor: loading tensor blk.16.ssm_dt.bias
create_tensor: loading tensor blk.16.ssm_a
create_tensor: loading tensor blk.16.ssm_beta.weight
create_tensor: loading tensor blk.16.ssm_alpha.weight
create_tensor: loading tensor blk.16.ssm_norm.weight
create_tensor: loading tensor blk.16.ssm_out.weight
create_tensor: loading tensor blk.16.ffn_gate_inp.weight
create_tensor: loading tensor blk.16.ffn_down_exps.weight
tensor blk.16.ffn_down_exps.weight (450 MiB iq4_nl) buffer type overridden to CUDA_Host
create_tensor: loading tensor blk.16.ffn_gate_up_exps.weight
create_tensor: loading tensor blk.16.ffn_gate_exps.weight
tensor blk.16.ffn_gate_exps.weight (343 MiB iq3_s) buffer type overridden to CUDA_Host
create_tensor: loading tensor blk.16.ffn_up_exps.weight
tensor blk.16.ffn_up_exps.weight (343 MiB iq3_s) buffer type overridden to CUDA_Host
create_tensor: loading tensor blk.16.ffn_gate_inp_shexp.weight
create_tensor: loading tensor blk.16.ffn_gate_shexp.weight
create_tensor: loading tensor blk.16.ffn_up_shexp.weight
create_tensor: loading tensor blk.16.ffn_down_shexp.weight
create_tensor: loading tensor blk.17.hc_attn_norm.weight
create_tensor: loading tensor blk.17.hc_attn_down.weight
create_tensor: loading tensor blk.17.hc_attn_up.weight
create_tensor: loading tensor blk.17.hc_attn_inject.weight
create_tensor: loading tensor blk.17.hc_ffn_norm.weight
create_tensor: loading tensor blk.17.hc_ffn_down.weight
create_tensor: loading tensor blk.17.hc_ffn_up.weight
create_tensor: loading tensor blk.17.hc_ffn_inject.weight
create_tensor: loading tensor blk.17.attn_qkv.weight
create_tensor: loading tensor blk.17.attn_gate.weight
create_tensor: loading tensor blk.17.ssm_conv1d.weight
create_tensor: loading tensor blk.17.ssm_dt.bias
create_tensor: loading tensor blk.17.ssm_a
create_tensor: loading tensor blk.17.ssm_beta.weight
create_tensor: loading tensor blk.17.ssm_alpha.weight
create_tensor: loading tensor blk.17.ssm_norm.weight
create_tensor: loading tensor blk.17.ssm_out.weight
create_tensor: loading tensor blk.17.ffn_gate_inp.weight
create_tensor: loading tensor blk.17.ffn_down_exps.weight
tensor blk.17.ffn_down_exps.weight (450 MiB iq4_nl) buffer type overridden to CUDA_Host
create_tensor: loading tensor blk.17.ffn_gate_up_exps.weight
create_tensor: loading tensor blk.17.ffn_gate_exps.weight
tensor blk.17.ffn_gate_exps.weight (343 MiB iq3_s) buffer type overridden to CUDA_Host
create_tensor: loading tensor blk.17.ffn_up_exps.weight
tensor blk.17.ffn_up_exps.weight (343 MiB iq3_s) buffer type overridden to CUDA_Host
create_tensor: loading tensor blk.17.ffn_gate_inp_shexp.weight
create_tensor: loading tensor blk.17.ffn_gate_shexp.weight
create_tensor: loading tensor blk.17.ffn_up_shexp.weight
create_tensor: loading tensor blk.17.ffn_down_shexp.weight
create_tensor: loading tensor blk.18.hc_attn_norm.weight
create_tensor: loading tensor blk.18.hc_attn_down.weight
create_tensor: loading tensor blk.18.hc_attn_up.weight
create_tensor: loading tensor blk.18.hc_attn_inject.weight
create_tensor: loading tensor blk.18.hc_ffn_norm.weight
create_tensor: loading tensor blk.18.hc_ffn_down.weight
create_tensor: loading tensor blk.18.hc_ffn_up.weight
create_tensor: loading tensor blk.18.hc_ffn_inject.weight
create_tensor: loading tensor blk.18.attn_qkv.weight
create_tensor: loading tensor blk.18.attn_gate.weight
create_tensor: loading tensor blk.18.ssm_conv1d.weight
create_tensor: loading tensor blk.18.ssm_dt.bias
create_tensor: loading tensor blk.18.ssm_a
create_tensor: loading tensor blk.18.ssm_beta.weight
create_tensor: loading tensor blk.18.ssm_alpha.weight
create_tensor: loading tensor blk.18.ssm_norm.weight
create_tensor: loading tensor blk.18.ssm_out.weight
create_tensor: loading tensor blk.18.ffn_gate_inp.weight
create_tensor: loading tensor blk.18.ffn_down_exps.weight
tensor blk.18.ffn_down_exps.weight (450 MiB iq4_nl) buffer type overridden to CUDA_Host
create_tensor: loading tensor blk.18.ffn_gate_up_exps.weight
create_tensor: loading tensor blk.18.ffn_gate_exps.weight
tensor blk.18.ffn_gate_exps.weight (343 MiB iq3_s) buffer type overridden to CUDA_Host
create_tensor: loading tensor blk.18.ffn_up_exps.weight
tensor blk.18.ffn_up_exps.weight (343 MiB iq3_s) buffer type overridden to CUDA_Host
create_tensor: loading tensor blk.18.ffn_gate_inp_shexp.weight
create_tensor: loading tensor blk.18.ffn_gate_shexp.weight
create_tensor: loading tensor blk.18.ffn_up_shexp.weight
create_tensor: loading tensor blk.18.ffn_down_shexp.weight
create_tensor: loading tensor blk.19.hc_attn_norm.weight
create_tensor: loading tensor blk.19.hc_attn_down.weight
create_tensor: loading tensor blk.19.hc_attn_up.weight
create_tensor: loading tensor blk.19.hc_attn_inject.weight
create_tensor: loading tensor blk.19.hc_ffn_norm.weight
create_tensor: loading tensor blk.19.hc_ffn_down.weight
create_tensor: loading tensor blk.19.hc_ffn_up.weight
create_tensor: loading tensor blk.19.hc_ffn_inject.weight
create_tensor: loading tensor blk.19.attn_qkv.weight
create_tensor: loading tensor blk.19.attn_q.weight
create_tensor: loading tensor blk.19.attn_k.weight
create_tensor: loading tensor blk.19.attn_v.weight
create_tensor: loading tensor blk.19.attn_q.bias
create_tensor: loading tensor blk.19.attn_k.bias
create_tensor: loading tensor blk.19.attn_v.bias
create_tensor: loading tensor blk.19.attn_output.weight
create_tensor: loading tensor blk.19.attn_q_norm.weight
create_tensor: loading tensor blk.19.attn_k_norm.weight
create_tensor: loading tensor blk.19.indexer.q_proj.weight
create_tensor: loading tensor blk.19.indexer.k_proj.weight
create_tensor: loading tensor blk.19.indexer.q_norm.weight
create_tensor: loading tensor blk.19.indexer.k_norm.weight
create_tensor: loading tensor blk.19.ffn_gate_inp.weight
create_tensor: loading tensor blk.19.ffn_down_exps.weight
tensor blk.19.ffn_down_exps.weight (450 MiB iq4_nl) buffer type overridden to CUDA_Host
create_tensor: loading tensor blk.19.ffn_gate_up_exps.weight
create_tensor: loading tensor blk.19.ffn_gate_exps.weight
tensor blk.19.ffn_gate_exps.weight (343 MiB iq3_s) buffer type overridden to CUDA_Host
create_tensor: loading tensor blk.19.ffn_up_exps.weight
tensor blk.19.ffn_up_exps.weight (343 MiB iq3_s) buffer type overridden to CUDA_Host
create_tensor: loading tensor blk.19.ffn_gate_inp_shexp.weight
create_tensor: loading tensor blk.19.ffn_gate_shexp.weight
create_tensor: loading tensor blk.19.ffn_up_shexp.weight
create_tensor: loading tensor blk.19.ffn_down_shexp.weight
create_tensor: loading tensor blk.20.hc_attn_norm.weight
create_tensor: loading tensor blk.20.hc_attn_down.weight
create_tensor: loading tensor blk.20.hc_attn_up.weight
create_tensor: loading tensor blk.20.hc_attn_inject.weight
create_tensor: loading tensor blk.20.hc_ffn_norm.weight
create_tensor: loading tensor blk.20.hc_ffn_down.weight
create_tensor: loading tensor blk.20.hc_ffn_up.weight
create_tensor: loading tensor blk.20.hc_ffn_inject.weight
create_tensor: loading tensor blk.20.attn_qkv.weight
create_tensor: loading tensor blk.20.attn_gate.weight
create_tensor: loading tensor blk.20.ssm_conv1d.weight
create_tensor: loading tensor blk.20.ssm_dt.bias
create_tensor: loading tensor blk.20.ssm_a
create_tensor: loading tensor blk.20.ssm_beta.weight
create_tensor: loading tensor blk.20.ssm_alpha.weight
create_tensor: loading tensor blk.20.ssm_norm.weight
create_tensor: loading tensor blk.20.ssm_out.weight
create_tensor: loading tensor blk.20.ffn_gate_inp.weight
create_tensor: loading tensor blk.20.ffn_down_exps.weight
tensor blk.20.ffn_down_exps.weight (450 MiB iq4_nl) buffer type overridden to CUDA_Host
create_tensor: loading tensor blk.20.ffn_gate_up_exps.weight
create_tensor: loading tensor blk.20.ffn_gate_exps.weight
tensor blk.20.ffn_gate_exps.weight (343 MiB iq3_s) buffer type overridden to CUDA_Host
create_tensor: loading tensor blk.20.ffn_up_exps.weight
tensor blk.20.ffn_up_exps.weight (343 MiB iq3_s) buffer type overridden to CUDA_Host
create_tensor: loading tensor blk.20.ffn_gate_inp_shexp.weight
create_tensor: loading tensor blk.20.ffn_gate_shexp.weight
create_tensor: loading tensor blk.20.ffn_up_shexp.weight
create_tensor: loading tensor blk.20.ffn_down_shexp.weight
create_tensor: loading tensor blk.21.hc_attn_norm.weight
create_tensor: loading tensor blk.21.hc_attn_down.weight
create_tensor: loading tensor blk.21.hc_attn_up.weight
create_tensor: loading tensor blk.21.hc_attn_inject.weight
create_tensor: loading tensor blk.21.hc_ffn_norm.weight
create_tensor: loading tensor blk.21.hc_ffn_down.weight
create_tensor: loading tensor blk.21.hc_ffn_up.weight
create_tensor: loading tensor blk.21.hc_ffn_inject.weight
create_tensor: loading tensor blk.21.attn_qkv.weight
create_tensor: loading tensor blk.21.attn_gate.weight
create_tensor: loading tensor blk.21.ssm_conv1d.weight
create_tensor: loading tensor blk.21.ssm_dt.bias
create_tensor: loading tensor blk.21.ssm_a
create_tensor: loading tensor blk.21.ssm_beta.weight
create_tensor: loading tensor blk.21.ssm_alpha.weight
create_tensor: loading tensor blk.21.ssm_norm.weight
create_tensor: loading tensor blk.21.ssm_out.weight
create_tensor: loading tensor blk.21.ffn_gate_inp.weight
create_tensor: loading tensor blk.21.ffn_down_exps.weight
tensor blk.21.ffn_down_exps.weight (450 MiB iq4_nl) buffer type overridden to CUDA_Host
create_tensor: loading tensor blk.21.ffn_gate_up_exps.weight
create_tensor: loading tensor blk.21.ffn_gate_exps.weight
tensor blk.21.ffn_gate_exps.weight (343 MiB iq3_s) buffer type overridden to CUDA_Host
create_tensor: loading tensor blk.21.ffn_up_exps.weight
tensor blk.21.ffn_up_exps.weight (343 MiB iq3_s) buffer type overridden to CUDA_Host
create_tensor: loading tensor blk.21.ffn_gate_inp_shexp.weight
create_tensor: loading tensor blk.21.ffn_gate_shexp.weight
create_tensor: loading tensor blk.21.ffn_up_shexp.weight
create_tensor: loading tensor blk.21.ffn_down_shexp.weight
create_tensor: loading tensor blk.22.hc_attn_norm.weight
create_tensor: loading tensor blk.22.hc_attn_down.weight
create_tensor: loading tensor blk.22.hc_attn_up.weight
create_tensor: loading tensor blk.22.hc_attn_inject.weight
create_tensor: loading tensor blk.22.hc_ffn_norm.weight
create_tensor: loading tensor blk.22.hc_ffn_down.weight
create_tensor: loading tensor blk.22.hc_ffn_up.weight
create_tensor: loading tensor blk.22.hc_ffn_inject.weight
create_tensor: loading tensor blk.22.attn_qkv.weight
create_tensor: loading tensor blk.22.attn_gate.weight
create_tensor: loading tensor blk.22.ssm_conv1d.weight
create_tensor: loading tensor blk.22.ssm_dt.bias
create_tensor: loading tensor blk.22.ssm_a
create_tensor: loading tensor blk.22.ssm_beta.weight
create_tensor: loading tensor blk.22.ssm_alpha.weight
create_tensor: loading tensor blk.22.ssm_norm.weight
create_tensor: loading tensor blk.22.ssm_out.weight
create_tensor: loading tensor blk.22.ffn_gate_inp.weight
create_tensor: loading tensor blk.22.ffn_down_exps.weight
tensor blk.22.ffn_down_exps.weight (450 MiB iq4_nl) buffer type overridden to CUDA_Host
create_tensor: loading tensor blk.22.ffn_gate_up_exps.weight
create_tensor: loading tensor blk.22.ffn_gate_exps.weight
tensor blk.22.ffn_gate_exps.weight (343 MiB iq3_s) buffer type overridden to CUDA_Host
create_tensor: loading tensor blk.22.ffn_up_exps.weight
tensor blk.22.ffn_up_exps.weight (343 MiB iq3_s) buffer type overridden to CUDA_Host
create_tensor: loading tensor blk.22.ffn_gate_inp_shexp.weight
create_tensor: loading tensor blk.22.ffn_gate_shexp.weight
create_tensor: loading tensor blk.22.ffn_up_shexp.weight
create_tensor: loading tensor blk.22.ffn_down_shexp.weight
create_tensor: loading tensor blk.23.hc_attn_norm.weight
create_tensor: loading tensor blk.23.hc_attn_down.weight
create_tensor: loading tensor blk.23.hc_attn_up.weight
create_tensor: loading tensor blk.23.hc_attn_inject.weight
create_tensor: loading tensor blk.23.hc_ffn_norm.weight
create_tensor: loading tensor blk.23.hc_ffn_down.weight
create_tensor: loading tensor blk.23.hc_ffn_up.weight
create_tensor: loading tensor blk.23.hc_ffn_inject.weight
create_tensor: loading tensor blk.23.attn_qkv.weight
create_tensor: loading tensor blk.23.attn_q.weight
create_tensor: loading tensor blk.23.attn_k.weight
create_tensor: loading tensor blk.23.attn_v.weight
create_tensor: loading tensor blk.23.attn_q.bias
create_tensor: loading tensor blk.23.attn_k.bias
create_tensor: loading tensor blk.23.attn_v.bias
create_tensor: loading tensor blk.23.attn_output.weight
create_tensor: loading tensor blk.23.attn_q_norm.weight
create_tensor: loading tensor blk.23.attn_k_norm.weight
create_tensor: loading tensor blk.23.indexer.q_proj.weight
create_tensor: loading tensor blk.23.indexer.k_proj.weight
create_tensor: loading tensor blk.23.indexer.q_norm.weight
create_tensor: loading tensor blk.23.indexer.k_norm.weight
create_tensor: loading tensor blk.23.ffn_gate_inp.weight
create_tensor: loading tensor blk.23.ffn_down_exps.weight
tensor blk.23.ffn_down_exps.weight (450 MiB iq4_nl) buffer type overridden to CUDA_Host
create_tensor: loading tensor blk.23.ffn_gate_up_exps.weight
create_tensor: loading tensor blk.23.ffn_gate_exps.weight
tensor blk.23.ffn_gate_exps.weight (343 MiB iq3_s) buffer type overridden to CUDA_Host
create_tensor: loading tensor blk.23.ffn_up_exps.weight
tensor blk.23.ffn_up_exps.weight (343 MiB iq3_s) buffer type overridden to CUDA_Host
create_tensor: loading tensor blk.23.ffn_gate_inp_shexp.weight
create_tensor: loading tensor blk.23.ffn_gate_shexp.weight
create_tensor: loading tensor blk.23.ffn_up_shexp.weight
create_tensor: loading tensor blk.23.ffn_down_shexp.weight
create_tensor: loading tensor blk.24.hc_attn_norm.weight
create_tensor: loading tensor blk.24.hc_attn_down.weight
create_tensor: loading tensor blk.24.hc_attn_up.weight
create_tensor: loading tensor blk.24.hc_attn_inject.weight
create_tensor: loading tensor blk.24.hc_ffn_norm.weight
create_tensor: loading tensor blk.24.hc_ffn_down.weight
create_tensor: loading tensor blk.24.hc_ffn_up.weight
create_tensor: loading tensor blk.24.hc_ffn_inject.weight
create_tensor: loading tensor blk.24.attn_qkv.weight
create_tensor: loading tensor blk.24.attn_gate.weight
create_tensor: loading tensor blk.24.ssm_conv1d.weight
create_tensor: loading tensor blk.24.ssm_dt.bias
create_tensor: loading tensor blk.24.ssm_a
create_tensor: loading tensor blk.24.ssm_beta.weight
create_tensor: loading tensor blk.24.ssm_alpha.weight
create_tensor: loading tensor blk.24.ssm_norm.weight
create_tensor: loading tensor blk.24.ssm_out.weight
create_tensor: loading tensor blk.24.ffn_gate_inp.weight
create_tensor: loading tensor blk.24.ffn_down_exps.weight
tensor blk.24.ffn_down_exps.weight (450 MiB iq4_nl) buffer type overridden to CUDA_Host
create_tensor: loading tensor blk.24.ffn_gate_up_exps.weight
create_tensor: loading tensor blk.24.ffn_gate_exps.weight
tensor blk.24.ffn_gate_exps.weight (343 MiB iq3_s) buffer type overridden to CUDA_Host
create_tensor: loading tensor blk.24.ffn_up_exps.weight
tensor blk.24.ffn_up_exps.weight (343 MiB iq3_s) buffer type overridden to CUDA_Host
create_tensor: loading tensor blk.24.ffn_gate_inp_shexp.weight
create_tensor: loading tensor blk.24.ffn_gate_shexp.weight
create_tensor: loading tensor blk.24.ffn_up_shexp.weight
create_tensor: loading tensor blk.24.ffn_down_shexp.weight
create_tensor: loading tensor blk.25.hc_attn_norm.weight
create_tensor: loading tensor blk.25.hc_attn_down.weight
create_tensor: loading tensor blk.25.hc_attn_up.weight
create_tensor: loading tensor blk.25.hc_attn_inject.weight
create_tensor: loading tensor blk.25.hc_ffn_norm.weight
create_tensor: loading tensor blk.25.hc_ffn_down.weight
create_tensor: loading tensor blk.25.hc_ffn_up.weight
create_tensor: loading tensor blk.25.hc_ffn_inject.weight
create_tensor: loading tensor blk.25.attn_qkv.weight
create_tensor: loading tensor blk.25.attn_gate.weight
create_tensor: loading tensor blk.25.ssm_conv1d.weight
create_tensor: loading tensor blk.25.ssm_dt.bias
create_tensor: loading tensor blk.25.ssm_a
create_tensor: loading tensor blk.25.ssm_beta.weight
create_tensor: loading tensor blk.25.ssm_alpha.weight
create_tensor: loading tensor blk.25.ssm_norm.weight
create_tensor: loading tensor blk.25.ssm_out.weight
create_tensor: loading tensor blk.25.ffn_gate_inp.weight
create_tensor: loading tensor blk.25.ffn_down_exps.weight
tensor blk.25.ffn_down_exps.weight (450 MiB iq4_nl) buffer type overridden to CUDA_Host
create_tensor: loading tensor blk.25.ffn_gate_up_exps.weight
create_tensor: loading tensor blk.25.ffn_gate_exps.weight
tensor blk.25.ffn_gate_exps.weight (343 MiB iq3_s) buffer type overridden to CUDA_Host
create_tensor: loading tensor blk.25.ffn_up_exps.weight
tensor blk.25.ffn_up_exps.weight (343 MiB iq3_s) buffer type overridden to CUDA_Host
create_tensor: loading tensor blk.25.ffn_gate_inp_shexp.weight
create_tensor: loading tensor blk.25.ffn_gate_shexp.weight
create_tensor: loading tensor blk.25.ffn_up_shexp.weight
create_tensor: loading tensor blk.25.ffn_down_shexp.weight
create_tensor: loading tensor blk.26.hc_attn_norm.weight
create_tensor: loading tensor blk.26.hc_attn_down.weight
create_tensor: loading tensor blk.26.hc_attn_up.weight
create_tensor: loading tensor blk.26.hc_attn_inject.weight
create_tensor: loading tensor blk.26.hc_ffn_norm.weight
create_tensor: loading tensor blk.26.hc_ffn_down.weight
create_tensor: loading tensor blk.26.hc_ffn_up.weight
create_tensor: loading tensor blk.26.hc_ffn_inject.weight
create_tensor: loading tensor blk.26.attn_qkv.weight
create_tensor: loading tensor blk.26.attn_gate.weight
create_tensor: loading tensor blk.26.ssm_conv1d.weight
create_tensor: loading tensor blk.26.ssm_dt.bias
create_tensor: loading tensor blk.26.ssm_a
create_tensor: loading tensor blk.26.ssm_beta.weight
create_tensor: loading tensor blk.26.ssm_alpha.weight
create_tensor: loading tensor blk.26.ssm_norm.weight
create_tensor: loading tensor blk.26.ssm_out.weight
create_tensor: loading tensor blk.26.ffn_gate_inp.weight
create_tensor: loading tensor blk.26.ffn_down_exps.weight
tensor blk.26.ffn_down_exps.weight (450 MiB iq4_nl) buffer type overridden to CUDA_Host
create_tensor: loading tensor blk.26.ffn_gate_up_exps.weight
create_tensor: loading tensor blk.26.ffn_gate_exps.weight
tensor blk.26.ffn_gate_exps.weight (343 MiB iq3_s) buffer type overridden to CUDA_Host
create_tensor: loading tensor blk.26.ffn_up_exps.weight
tensor blk.26.ffn_up_exps.weight (343 MiB iq3_s) buffer type overridden to CUDA_Host
create_tensor: loading tensor blk.26.ffn_gate_inp_shexp.weight
create_tensor: loading tensor blk.26.ffn_gate_shexp.weight
create_tensor: loading tensor blk.26.ffn_up_shexp.weight
create_tensor: loading tensor blk.26.ffn_down_shexp.weight
create_tensor: loading tensor blk.27.hc_attn_norm.weight
create_tensor: loading tensor blk.27.hc_attn_down.weight
create_tensor: loading tensor blk.27.hc_attn_up.weight
create_tensor: loading tensor blk.27.hc_attn_inject.weight
create_tensor: loading tensor blk.27.hc_ffn_norm.weight
create_tensor: loading tensor blk.27.hc_ffn_down.weight
create_tensor: loading tensor blk.27.hc_ffn_up.weight
create_tensor: loading tensor blk.27.hc_ffn_inject.weight
create_tensor: loading tensor blk.27.attn_qkv.weight
create_tensor: loading tensor blk.27.attn_q.weight
create_tensor: loading tensor blk.27.attn_k.weight
create_tensor: loading tensor blk.27.attn_v.weight
create_tensor: loading tensor blk.27.attn_q.bias
create_tensor: loading tensor blk.27.attn_k.bias
create_tensor: loading tensor blk.27.attn_v.bias
create_tensor: loading tensor blk.27.attn_output.weight
create_tensor: loading tensor blk.27.attn_q_norm.weight
create_tensor: loading tensor blk.27.attn_k_norm.weight
create_tensor: loading tensor blk.27.indexer.q_proj.weight
create_tensor: loading tensor blk.27.indexer.k_proj.weight
create_tensor: loading tensor blk.27.indexer.q_norm.weight
create_tensor: loading tensor blk.27.indexer.k_norm.weight
create_tensor: loading tensor blk.27.ffn_gate_inp.weight
create_tensor: loading tensor blk.27.ffn_down_exps.weight
tensor blk.27.ffn_down_exps.weight (450 MiB iq4_nl) buffer type overridden to CUDA_Host
create_tensor: loading tensor blk.27.ffn_gate_up_exps.weight
create_tensor: loading tensor blk.27.ffn_gate_exps.weight
tensor blk.27.ffn_gate_exps.weight (343 MiB iq3_s) buffer type overridden to CUDA_Host
create_tensor: loading tensor blk.27.ffn_up_exps.weight
tensor blk.27.ffn_up_exps.weight (343 MiB iq3_s) buffer type overridden to CUDA_Host
create_tensor: loading tensor blk.27.ffn_gate_inp_shexp.weight
create_tensor: loading tensor blk.27.ffn_gate_shexp.weight
create_tensor: loading tensor blk.27.ffn_up_shexp.weight
create_tensor: loading tensor blk.27.ffn_down_shexp.weight
create_tensor: loading tensor blk.28.hc_attn_norm.weight
create_tensor: loading tensor blk.28.hc_attn_down.weight
create_tensor: loading tensor blk.28.hc_attn_up.weight
create_tensor: loading tensor blk.28.hc_attn_inject.weight
create_tensor: loading tensor blk.28.hc_ffn_norm.weight
create_tensor: loading tensor blk.28.hc_ffn_down.weight
create_tensor: loading tensor blk.28.hc_ffn_up.weight
create_tensor: loading tensor blk.28.hc_ffn_inject.weight
create_tensor: loading tensor blk.28.attn_qkv.weight
create_tensor: loading tensor blk.28.attn_gate.weight
create_tensor: loading tensor blk.28.ssm_conv1d.weight
create_tensor: loading tensor blk.28.ssm_dt.bias
create_tensor: loading tensor blk.28.ssm_a
create_tensor: loading tensor blk.28.ssm_beta.weight
create_tensor: loading tensor blk.28.ssm_alpha.weight
create_tensor: loading tensor blk.28.ssm_norm.weight
create_tensor: loading tensor blk.28.ssm_out.weight
create_tensor: loading tensor blk.28.ffn_gate_inp.weight
create_tensor: loading tensor blk.28.ffn_down_exps.weight
tensor blk.28.ffn_down_exps.weight (450 MiB iq4_nl) buffer type overridden to CUDA_Host
create_tensor: loading tensor blk.28.ffn_gate_up_exps.weight
create_tensor: loading tensor blk.28.ffn_gate_exps.weight
tensor blk.28.ffn_gate_exps.weight (343 MiB iq3_s) buffer type overridden to CUDA_Host
create_tensor: loading tensor blk.28.ffn_up_exps.weight
tensor blk.28.ffn_up_exps.weight (343 MiB iq3_s) buffer type overridden to CUDA_Host
create_tensor: loading tensor blk.28.ffn_gate_inp_shexp.weight
create_tensor: loading tensor blk.28.ffn_gate_shexp.weight
create_tensor: loading tensor blk.28.ffn_up_shexp.weight
create_tensor: loading tensor blk.28.ffn_down_shexp.weight
create_tensor: loading tensor blk.29.hc_attn_norm.weight
create_tensor: loading tensor blk.29.hc_attn_down.weight
create_tensor: loading tensor blk.29.hc_attn_up.weight
create_tensor: loading tensor blk.29.hc_attn_inject.weight
create_tensor: loading tensor blk.29.hc_ffn_norm.weight
create_tensor: loading tensor blk.29.hc_ffn_down.weight
create_tensor: loading tensor blk.29.hc_ffn_up.weight
create_tensor: loading tensor blk.29.hc_ffn_inject.weight
create_tensor: loading tensor blk.29.attn_qkv.weight
create_tensor: loading tensor blk.29.attn_gate.weight
create_tensor: loading tensor blk.29.ssm_conv1d.weight
create_tensor: loading tensor blk.29.ssm_dt.bias
create_tensor: loading tensor blk.29.ssm_a
create_tensor: loading tensor blk.29.ssm_beta.weight
create_tensor: loading tensor blk.29.ssm_alpha.weight
create_tensor: loading tensor blk.29.ssm_norm.weight
create_tensor: loading tensor blk.29.ssm_out.weight
create_tensor: loading tensor blk.29.ffn_gate_inp.weight
create_tensor: loading tensor blk.29.ffn_down_exps.weight
tensor blk.29.ffn_down_exps.weight (450 MiB iq4_nl) buffer type overridden to CUDA_Host
create_tensor: loading tensor blk.29.ffn_gate_up_exps.weight
create_tensor: loading tensor blk.29.ffn_gate_exps.weight
tensor blk.29.ffn_gate_exps.weight (343 MiB iq3_s) buffer type overridden to CUDA_Host
create_tensor: loading tensor blk.29.ffn_up_exps.weight
tensor blk.29.ffn_up_exps.weight (343 MiB iq3_s) buffer type overridden to CUDA_Host
create_tensor: loading tensor blk.29.ffn_gate_inp_shexp.weight
create_tensor: loading tensor blk.29.ffn_gate_shexp.weight
create_tensor: loading tensor blk.29.ffn_up_shexp.weight
create_tensor: loading tensor blk.29.ffn_down_shexp.weight
create_tensor: loading tensor blk.30.hc_attn_norm.weight
create_tensor: loading tensor blk.30.hc_attn_down.weight
create_tensor: loading tensor blk.30.hc_attn_up.weight
create_tensor: loading tensor blk.30.hc_attn_inject.weight
create_tensor: loading tensor blk.30.hc_ffn_norm.weight
create_tensor: loading tensor blk.30.hc_ffn_down.weight
create_tensor: loading tensor blk.30.hc_ffn_up.weight
create_tensor: loading tensor blk.30.hc_ffn_inject.weight
create_tensor: loading tensor blk.30.attn_qkv.weight
create_tensor: loading tensor blk.30.attn_gate.weight
create_tensor: loading tensor blk.30.ssm_conv1d.weight
create_tensor: loading tensor blk.30.ssm_dt.bias
create_tensor: loading tensor blk.30.ssm_a
create_tensor: loading tensor blk.30.ssm_beta.weight
create_tensor: loading tensor blk.30.ssm_alpha.weight
create_tensor: loading tensor blk.30.ssm_norm.weight
create_tensor: loading tensor blk.30.ssm_out.weight
create_tensor: loading tensor blk.30.ffn_gate_inp.weight
create_tensor: loading tensor blk.30.ffn_down_exps.weight
tensor blk.30.ffn_down_exps.weight (850 MiB q8_0) buffer type overridden to CUDA_Host
create_tensor: loading tensor blk.30.ffn_gate_up_exps.weight
create_tensor: loading tensor blk.30.ffn_gate_exps.weight
tensor blk.30.ffn_gate_exps.weight (343 MiB iq3_s) buffer type overridden to CUDA_Host
create_tensor: loading tensor blk.30.ffn_up_exps.weight
tensor blk.30.ffn_up_exps.weight (343 MiB iq3_s) buffer type overridden to CUDA_Host
create_tensor: loading tensor blk.30.ffn_gate_inp_shexp.weight
create_tensor: loading tensor blk.30.ffn_gate_shexp.weight
create_tensor: loading tensor blk.30.ffn_up_shexp.weight
create_tensor: loading tensor blk.30.ffn_down_shexp.weight
create_tensor: loading tensor blk.31.hc_attn_norm.weight
create_tensor: loading tensor blk.31.hc_attn_down.weight
create_tensor: loading tensor blk.31.hc_attn_up.weight
create_tensor: loading tensor blk.31.hc_attn_inject.weight
create_tensor: loading tensor blk.31.hc_ffn_norm.weight
create_tensor: loading tensor blk.31.hc_ffn_down.weight
create_tensor: loading tensor blk.31.hc_ffn_up.weight
create_tensor: loading tensor blk.31.hc_ffn_inject.weight
create_tensor: loading tensor blk.31.attn_qkv.weight
create_tensor: loading tensor blk.31.attn_q.weight
create_tensor: loading tensor blk.31.attn_k.weight
create_tensor: loading tensor blk.31.attn_v.weight
create_tensor: loading tensor blk.31.attn_q.bias
create_tensor: loading tensor blk.31.attn_k.bias
create_tensor: loading tensor blk.31.attn_v.bias
create_tensor: loading tensor blk.31.attn_output.weight
create_tensor: loading tensor blk.31.attn_q_norm.weight
create_tensor: loading tensor blk.31.attn_k_norm.weight
create_tensor: loading tensor blk.31.indexer.q_proj.weight
create_tensor: loading tensor blk.31.indexer.k_proj.weight
create_tensor: loading tensor blk.31.indexer.q_norm.weight
create_tensor: loading tensor blk.31.indexer.k_norm.weight
create_tensor: loading tensor blk.31.ffn_gate_inp.weight
create_tensor: loading tensor blk.31.ffn_down_exps.weight
tensor blk.31.ffn_down_exps.weight (450 MiB iq4_nl) buffer type overridden to CUDA_Host
create_tensor: loading tensor blk.31.ffn_gate_up_exps.weight
create_tensor: loading tensor blk.31.ffn_gate_exps.weight
tensor blk.31.ffn_gate_exps.weight (343 MiB iq3_s) buffer type overridden to CUDA_Host
create_tensor: loading tensor blk.31.ffn_up_exps.weight
tensor blk.31.ffn_up_exps.weight (343 MiB iq3_s) buffer type overridden to CUDA_Host
create_tensor: loading tensor blk.31.ffn_gate_inp_shexp.weight
create_tensor: loading tensor blk.31.ffn_gate_shexp.weight
create_tensor: loading tensor blk.31.ffn_up_shexp.weight
create_tensor: loading tensor blk.31.ffn_down_shexp.weight
create_tensor: loading tensor blk.32.hc_attn_norm.weight
create_tensor: loading tensor blk.32.hc_attn_down.weight
create_tensor: loading tensor blk.32.hc_attn_up.weight
create_tensor: loading tensor blk.32.hc_attn_inject.weight
create_tensor: loading tensor blk.32.hc_ffn_norm.weight
create_tensor: loading tensor blk.32.hc_ffn_down.weight
create_tensor: loading tensor blk.32.hc_ffn_up.weight
create_tensor: loading tensor blk.32.hc_ffn_inject.weight
create_tensor: loading tensor blk.32.attn_qkv.weight
create_tensor: loading tensor blk.32.attn_gate.weight
create_tensor: loading tensor blk.32.ssm_conv1d.weight
create_tensor: loading tensor blk.32.ssm_dt.bias
create_tensor: loading tensor blk.32.ssm_a
create_tensor: loading tensor blk.32.ssm_beta.weight
create_tensor: loading tensor blk.32.ssm_alpha.weight
create_tensor: loading tensor blk.32.ssm_norm.weight
create_tensor: loading tensor blk.32.ssm_out.weight
create_tensor: loading tensor blk.32.ffn_gate_inp.weight
create_tensor: loading tensor blk.32.ffn_down_exps.weight
tensor blk.32.ffn_down_exps.weight (450 MiB iq4_nl) buffer type overridden to CUDA_Host
create_tensor: loading tensor blk.32.ffn_gate_up_exps.weight
create_tensor: loading tensor blk.32.ffn_gate_exps.weight
tensor blk.32.ffn_gate_exps.weight (343 MiB iq3_s) buffer type overridden to CUDA_Host
create_tensor: loading tensor blk.32.ffn_up_exps.weight
tensor blk.32.ffn_up_exps.weight (343 MiB iq3_s) buffer type overridden to CUDA_Host
create_tensor: loading tensor blk.32.ffn_gate_inp_shexp.weight
create_tensor: loading tensor blk.32.ffn_gate_shexp.weight
create_tensor: loading tensor blk.32.ffn_up_shexp.weight
create_tensor: loading tensor blk.32.ffn_down_shexp.weight
create_tensor: loading tensor blk.33.hc_attn_norm.weight
create_tensor: loading tensor blk.33.hc_attn_down.weight
create_tensor: loading tensor blk.33.hc_attn_up.weight
create_tensor: loading tensor blk.33.hc_attn_inject.weight
create_tensor: loading tensor blk.33.hc_ffn_norm.weight
create_tensor: loading tensor blk.33.hc_ffn_down.weight
create_tensor: loading tensor blk.33.hc_ffn_up.weight
create_tensor: loading tensor blk.33.hc_ffn_inject.weight
create_tensor: loading tensor blk.33.attn_qkv.weight
create_tensor: loading tensor blk.33.attn_gate.weight
create_tensor: loading tensor blk.33.ssm_conv1d.weight
create_tensor: loading tensor blk.33.ssm_dt.bias
create_tensor: loading tensor blk.33.ssm_a
create_tensor: loading tensor blk.33.ssm_beta.weight
create_tensor: loading tensor blk.33.ssm_alpha.weight
create_tensor: loading tensor blk.33.ssm_norm.weight
create_tensor: loading tensor blk.33.ssm_out.weight
create_tensor: loading tensor blk.33.ffn_gate_inp.weight
create_tensor: loading tensor blk.33.ffn_down_exps.weight
tensor blk.33.ffn_down_exps.weight (450 MiB iq4_nl) buffer type overridden to CUDA_Host
create_tensor: loading tensor blk.33.ffn_gate_up_exps.weight
create_tensor: loading tensor blk.33.ffn_gate_exps.weight
tensor blk.33.ffn_gate_exps.weight (343 MiB iq3_s) buffer type overridden to CUDA_Host
create_tensor: loading tensor blk.33.ffn_up_exps.weight
tensor blk.33.ffn_up_exps.weight (343 MiB iq3_s) buffer type overridden to CUDA_Host
create_tensor: loading tensor blk.33.ffn_gate_inp_shexp.weight
create_tensor: loading tensor blk.33.ffn_gate_shexp.weight
create_tensor: loading tensor blk.33.ffn_up_shexp.weight
create_tensor: loading tensor blk.33.ffn_down_shexp.weight
create_tensor: loading tensor blk.34.hc_attn_norm.weight
create_tensor: loading tensor blk.34.hc_attn_down.weight
create_tensor: loading tensor blk.34.hc_attn_up.weight
create_tensor: loading tensor blk.34.hc_attn_inject.weight
create_tensor: loading tensor blk.34.hc_ffn_norm.weight
create_tensor: loading tensor blk.34.hc_ffn_down.weight
create_tensor: loading tensor blk.34.hc_ffn_up.weight
create_tensor: loading tensor blk.34.hc_ffn_inject.weight
create_tensor: loading tensor blk.34.attn_qkv.weight
create_tensor: loading tensor blk.34.attn_gate.weight
create_tensor: loading tensor blk.34.ssm_conv1d.weight
create_tensor: loading tensor blk.34.ssm_dt.bias
create_tensor: loading tensor blk.34.ssm_a
create_tensor: loading tensor blk.34.ssm_beta.weight
create_tensor: loading tensor blk.34.ssm_alpha.weight
create_tensor: loading tensor blk.34.ssm_norm.weight
create_tensor: loading tensor blk.34.ssm_out.weight
create_tensor: loading tensor blk.34.ffn_gate_inp.weight
create_tensor: loading tensor blk.34.ffn_down_exps.weight
tensor blk.34.ffn_down_exps.weight (450 MiB iq4_nl) buffer type overridden to CUDA_Host
create_tensor: loading tensor blk.34.ffn_gate_up_exps.weight
create_tensor: loading tensor blk.34.ffn_gate_exps.weight
tensor blk.34.ffn_gate_exps.weight (343 MiB iq3_s) buffer type overridden to CUDA_Host
create_tensor: loading tensor blk.34.ffn_up_exps.weight
tensor blk.34.ffn_up_exps.weight (343 MiB iq3_s) buffer type overridden to CUDA_Host
create_tensor: loading tensor blk.34.ffn_gate_inp_shexp.weight
create_tensor: loading tensor blk.34.ffn_gate_shexp.weight
create_tensor: loading tensor blk.34.ffn_up_shexp.weight
create_tensor: loading tensor blk.34.ffn_down_shexp.weight
create_tensor: loading tensor blk.35.hc_attn_norm.weight
create_tensor: loading tensor blk.35.hc_attn_down.weight
create_tensor: loading tensor blk.35.hc_attn_up.weight
create_tensor: loading tensor blk.35.hc_attn_inject.weight
create_tensor: loading tensor blk.35.hc_ffn_norm.weight
create_tensor: loading tensor blk.35.hc_ffn_down.weight
create_tensor: loading tensor blk.35.hc_ffn_up.weight
create_tensor: loading tensor blk.35.hc_ffn_inject.weight
create_tensor: loading tensor blk.35.attn_qkv.weight
create_tensor: loading tensor blk.35.attn_q.weight
create_tensor: loading tensor blk.35.attn_k.weight
create_tensor: loading tensor blk.35.attn_v.weight
create_tensor: loading tensor blk.35.attn_q.bias
create_tensor: loading tensor blk.35.attn_k.bias
create_tensor: loading tensor blk.35.attn_v.bias
create_tensor: loading tensor blk.35.attn_output.weight
create_tensor: loading tensor blk.35.attn_q_norm.weight
create_tensor: loading tensor blk.35.attn_k_norm.weight
create_tensor: loading tensor blk.35.indexer.q_proj.weight
create_tensor: loading tensor blk.35.indexer.k_proj.weight
create_tensor: loading tensor blk.35.indexer.q_norm.weight
create_tensor: loading tensor blk.35.indexer.k_norm.weight
create_tensor: loading tensor blk.35.ffn_gate_inp.weight
create_tensor: loading tensor blk.35.ffn_down_exps.weight
tensor blk.35.ffn_down_exps.weight (450 MiB iq4_nl) buffer type overridden to CUDA_Host
create_tensor: loading tensor blk.35.ffn_gate_up_exps.weight
create_tensor: loading tensor blk.35.ffn_gate_exps.weight
tensor blk.35.ffn_gate_exps.weight (343 MiB iq3_s) buffer type overridden to CUDA_Host
create_tensor: loading tensor blk.35.ffn_up_exps.weight
tensor blk.35.ffn_up_exps.weight (343 MiB iq3_s) buffer type overridden to CUDA_Host
create_tensor: loading tensor blk.35.ffn_gate_inp_shexp.weight
create_tensor: loading tensor blk.35.ffn_gate_shexp.weight
create_tensor: loading tensor blk.35.ffn_up_shexp.weight
create_tensor: loading tensor blk.35.ffn_down_shexp.weight
create_tensor: loading tensor blk.36.hc_attn_norm.weight
create_tensor: loading tensor blk.36.hc_attn_down.weight
create_tensor: loading tensor blk.36.hc_attn_up.weight
create_tensor: loading tensor blk.36.hc_attn_inject.weight
create_tensor: loading tensor blk.36.hc_ffn_norm.weight
create_tensor: loading tensor blk.36.hc_ffn_down.weight
create_tensor: loading tensor blk.36.hc_ffn_up.weight
create_tensor: loading tensor blk.36.hc_ffn_inject.weight
create_tensor: loading tensor blk.36.attn_qkv.weight
create_tensor: loading tensor blk.36.attn_gate.weight
create_tensor: loading tensor blk.36.ssm_conv1d.weight
create_tensor: loading tensor blk.36.ssm_dt.bias
create_tensor: loading tensor blk.36.ssm_a
create_tensor: loading tensor blk.36.ssm_beta.weight
create_tensor: loading tensor blk.36.ssm_alpha.weight
create_tensor: loading tensor blk.36.ssm_norm.weight
create_tensor: loading tensor blk.36.ssm_out.weight
create_tensor: loading tensor blk.36.ffn_gate_inp.weight
create_tensor: loading tensor blk.36.ffn_down_exps.weight
tensor blk.36.ffn_down_exps.weight (450 MiB iq4_nl) buffer type overridden to CUDA_Host
create_tensor: loading tensor blk.36.ffn_gate_up_exps.weight
create_tensor: loading tensor blk.36.ffn_gate_exps.weight
tensor blk.36.ffn_gate_exps.weight (343 MiB iq3_s) buffer type overridden to CUDA_Host
create_tensor: loading tensor blk.36.ffn_up_exps.weight
tensor blk.36.ffn_up_exps.weight (343 MiB iq3_s) buffer type overridden to CUDA_Host
create_tensor: loading tensor blk.36.ffn_gate_inp_shexp.weight
create_tensor: loading tensor blk.36.ffn_gate_shexp.weight
create_tensor: loading tensor blk.36.ffn_up_shexp.weight
create_tensor: loading tensor blk.36.ffn_down_shexp.weight
create_tensor: loading tensor blk.37.hc_attn_norm.weight
create_tensor: loading tensor blk.37.hc_attn_down.weight
create_tensor: loading tensor blk.37.hc_attn_up.weight
create_tensor: loading tensor blk.37.hc_attn_inject.weight
create_tensor: loading tensor blk.37.hc_ffn_norm.weight
create_tensor: loading tensor blk.37.hc_ffn_down.weight
create_tensor: loading tensor blk.37.hc_ffn_up.weight
create_tensor: loading tensor blk.37.hc_ffn_inject.weight
create_tensor: loading tensor blk.37.attn_qkv.weight
create_tensor: loading tensor blk.37.attn_gate.weight
create_tensor: loading tensor blk.37.ssm_conv1d.weight
create_tensor: loading tensor blk.37.ssm_dt.bias
create_tensor: loading tensor blk.37.ssm_a
create_tensor: loading tensor blk.37.ssm_beta.weight
create_tensor: loading tensor blk.37.ssm_alpha.weight
create_tensor: loading tensor blk.37.ssm_norm.weight
create_tensor: loading tensor blk.37.ssm_out.weight
create_tensor: loading tensor blk.37.ffn_gate_inp.weight
create_tensor: loading tensor blk.37.ffn_down_exps.weight
tensor blk.37.ffn_down_exps.weight (450 MiB iq4_nl) buffer type overridden to CUDA_Host
create_tensor: loading tensor blk.37.ffn_gate_up_exps.weight
create_tensor: loading tensor blk.37.ffn_gate_exps.weight
tensor blk.37.ffn_gate_exps.weight (343 MiB iq3_s) buffer type overridden to CUDA_Host
create_tensor: loading tensor blk.37.ffn_up_exps.weight
tensor blk.37.ffn_up_exps.weight (343 MiB iq3_s) buffer type overridden to CUDA_Host
create_tensor: loading tensor blk.37.ffn_gate_inp_shexp.weight
create_tensor: loading tensor blk.37.ffn_gate_shexp.weight
create_tensor: loading tensor blk.37.ffn_up_shexp.weight
create_tensor: loading tensor blk.37.ffn_down_shexp.weight
create_tensor: loading tensor blk.38.hc_attn_norm.weight
create_tensor: loading tensor blk.38.hc_attn_down.weight
create_tensor: loading tensor blk.38.hc_attn_up.weight
create_tensor: loading tensor blk.38.hc_attn_inject.weight
create_tensor: loading tensor blk.38.hc_ffn_norm.weight
create_tensor: loading tensor blk.38.hc_ffn_down.weight
create_tensor: loading tensor blk.38.hc_ffn_up.weight
create_tensor: loading tensor blk.38.hc_ffn_inject.weight
create_tensor: loading tensor blk.38.attn_qkv.weight
create_tensor: loading tensor blk.38.attn_gate.weight
create_tensor: loading tensor blk.38.ssm_conv1d.weight
create_tensor: loading tensor blk.38.ssm_dt.bias
create_tensor: loading tensor blk.38.ssm_a
create_tensor: loading tensor blk.38.ssm_beta.weight
create_tensor: loading tensor blk.38.ssm_alpha.weight
create_tensor: loading tensor blk.38.ssm_norm.weight
create_tensor: loading tensor blk.38.ssm_out.weight
create_tensor: loading tensor blk.38.ffn_gate_inp.weight
create_tensor: loading tensor blk.38.ffn_down_exps.weight
tensor blk.38.ffn_down_exps.weight (450 MiB iq4_nl) buffer type overridden to CUDA_Host
create_tensor: loading tensor blk.38.ffn_gate_up_exps.weight
create_tensor: loading tensor blk.38.ffn_gate_exps.weight
tensor blk.38.ffn_gate_exps.weight (343 MiB iq3_s) buffer type overridden to CUDA_Host
create_tensor: loading tensor blk.38.ffn_up_exps.weight
tensor blk.38.ffn_up_exps.weight (343 MiB iq3_s) buffer type overridden to CUDA_Host
create_tensor: loading tensor blk.38.ffn_gate_inp_shexp.weight
create_tensor: loading tensor blk.38.ffn_gate_shexp.weight
create_tensor: loading tensor blk.38.ffn_up_shexp.weight
create_tensor: loading tensor blk.38.ffn_down_shexp.weight
create_tensor: loading tensor blk.39.hc_attn_norm.weight
create_tensor: loading tensor blk.39.hc_attn_down.weight
create_tensor: loading tensor blk.39.hc_attn_up.weight
create_tensor: loading tensor blk.39.hc_attn_inject.weight
create_tensor: loading tensor blk.39.hc_ffn_norm.weight
create_tensor: loading tensor blk.39.hc_ffn_down.weight
create_tensor: loading tensor blk.39.hc_ffn_up.weight
create_tensor: loading tensor blk.39.hc_ffn_inject.weight
create_tensor: loading tensor blk.39.attn_qkv.weight
create_tensor: loading tensor blk.39.attn_q.weight
create_tensor: loading tensor blk.39.attn_k.weight
create_tensor: loading tensor blk.39.attn_v.weight
create_tensor: loading tensor blk.39.attn_q.bias
create_tensor: loading tensor blk.39.attn_k.bias
create_tensor: loading tensor blk.39.attn_v.bias
create_tensor: loading tensor blk.39.attn_output.weight
create_tensor: loading tensor blk.39.attn_q_norm.weight
create_tensor: loading tensor blk.39.attn_k_norm.weight
create_tensor: loading tensor blk.39.indexer.q_proj.weight
create_tensor: loading tensor blk.39.indexer.k_proj.weight
create_tensor: loading tensor blk.39.indexer.q_norm.weight
create_tensor: loading tensor blk.39.indexer.k_norm.weight
create_tensor: loading tensor blk.39.ffn_gate_inp.weight
create_tensor: loading tensor blk.39.ffn_down_exps.weight
tensor blk.39.ffn_down_exps.weight (450 MiB iq4_nl) buffer type overridden to CUDA_Host
create_tensor: loading tensor blk.39.ffn_gate_up_exps.weight
create_tensor: loading tensor blk.39.ffn_gate_exps.weight
tensor blk.39.ffn_gate_exps.weight (343 MiB iq3_s) buffer type overridden to CUDA_Host
create_tensor: loading tensor blk.39.ffn_up_exps.weight
tensor blk.39.ffn_up_exps.weight (343 MiB iq3_s) buffer type overridden to CUDA_Host
create_tensor: loading tensor blk.39.ffn_gate_inp_shexp.weight
create_tensor: loading tensor blk.39.ffn_gate_shexp.weight
create_tensor: loading tensor blk.39.ffn_up_shexp.weight
create_tensor: loading tensor blk.39.ffn_down_shexp.weight
create_tensor: loading tensor blk.40.hc_attn_norm.weight
create_tensor: loading tensor blk.40.hc_attn_down.weight
create_tensor: loading tensor blk.40.hc_attn_up.weight
create_tensor: loading tensor blk.40.hc_attn_inject.weight
create_tensor: loading tensor blk.40.hc_ffn_norm.weight
create_tensor: loading tensor blk.40.hc_ffn_down.weight
create_tensor: loading tensor blk.40.hc_ffn_up.weight
create_tensor: loading tensor blk.40.hc_ffn_inject.weight
create_tensor: loading tensor blk.40.attn_qkv.weight
create_tensor: loading tensor blk.40.attn_gate.weight
create_tensor: loading tensor blk.40.ssm_conv1d.weight
create_tensor: loading tensor blk.40.ssm_dt.bias
create_tensor: loading tensor blk.40.ssm_a
create_tensor: loading tensor blk.40.ssm_beta.weight
create_tensor: loading tensor blk.40.ssm_alpha.weight
create_tensor: loading tensor blk.40.ssm_norm.weight
create_tensor: loading tensor blk.40.ssm_out.weight
create_tensor: loading tensor blk.40.ffn_gate_inp.weight
create_tensor: loading tensor blk.40.ffn_down_exps.weight
tensor blk.40.ffn_down_exps.weight (450 MiB iq4_nl) buffer type overridden to CUDA_Host
create_tensor: loading tensor blk.40.ffn_gate_up_exps.weight
create_tensor: loading tensor blk.40.ffn_gate_exps.weight
tensor blk.40.ffn_gate_exps.weight (343 MiB iq3_s) buffer type overridden to CUDA_Host
create_tensor: loading tensor blk.40.ffn_up_exps.weight
tensor blk.40.ffn_up_exps.weight (343 MiB iq3_s) buffer type overridden to CUDA_Host
create_tensor: loading tensor blk.40.ffn_gate_inp_shexp.weight
create_tensor: loading tensor blk.40.ffn_gate_shexp.weight
create_tensor: loading tensor blk.40.ffn_up_shexp.weight
create_tensor: loading tensor blk.40.ffn_down_shexp.weight
create_tensor: loading tensor blk.41.hc_attn_norm.weight
create_tensor: loading tensor blk.41.hc_attn_down.weight
create_tensor: loading tensor blk.41.hc_attn_up.weight
create_tensor: loading tensor blk.41.hc_attn_inject.weight
create_tensor: loading tensor blk.41.hc_ffn_norm.weight
create_tensor: loading tensor blk.41.hc_ffn_down.weight
create_tensor: loading tensor blk.41.hc_ffn_up.weight
create_tensor: loading tensor blk.41.hc_ffn_inject.weight
create_tensor: loading tensor blk.41.attn_qkv.weight
create_tensor: loading tensor blk.41.attn_gate.weight
create_tensor: loading tensor blk.41.ssm_conv1d.weight
create_tensor: loading tensor blk.41.ssm_dt.bias
create_tensor: loading tensor blk.41.ssm_a
create_tensor: loading tensor blk.41.ssm_beta.weight
create_tensor: loading tensor blk.41.ssm_alpha.weight
create_tensor: loading tensor blk.41.ssm_norm.weight
create_tensor: loading tensor blk.41.ssm_out.weight
create_tensor: loading tensor blk.41.ffn_gate_inp.weight
create_tensor: loading tensor blk.41.ffn_down_exps.weight
tensor blk.41.ffn_down_exps.weight (450 MiB iq4_nl) buffer type overridden to CUDA_Host
create_tensor: loading tensor blk.41.ffn_gate_up_exps.weight
create_tensor: loading tensor blk.41.ffn_gate_exps.weight
tensor blk.41.ffn_gate_exps.weight (343 MiB iq3_s) buffer type overridden to CUDA_Host
create_tensor: loading tensor blk.41.ffn_up_exps.weight
tensor blk.41.ffn_up_exps.weight (343 MiB iq3_s) buffer type overridden to CUDA_Host
create_tensor: loading tensor blk.41.ffn_gate_inp_shexp.weight
create_tensor: loading tensor blk.41.ffn_gate_shexp.weight
create_tensor: loading tensor blk.41.ffn_up_shexp.weight
create_tensor: loading tensor blk.41.ffn_down_shexp.weight
create_tensor: loading tensor blk.42.hc_attn_norm.weight
create_tensor: loading tensor blk.42.hc_attn_down.weight
create_tensor: loading tensor blk.42.hc_attn_up.weight
create_tensor: loading tensor blk.42.hc_attn_inject.weight
create_tensor: loading tensor blk.42.hc_ffn_norm.weight
create_tensor: loading tensor blk.42.hc_ffn_down.weight
create_tensor: loading tensor blk.42.hc_ffn_up.weight
create_tensor: loading tensor blk.42.hc_ffn_inject.weight
create_tensor: loading tensor blk.42.attn_qkv.weight
create_tensor: loading tensor blk.42.attn_gate.weight
create_tensor: loading tensor blk.42.ssm_conv1d.weight
create_tensor: loading tensor blk.42.ssm_dt.bias
create_tensor: loading tensor blk.42.ssm_a
create_tensor: loading tensor blk.42.ssm_beta.weight
create_tensor: loading tensor blk.42.ssm_alpha.weight
create_tensor: loading tensor blk.42.ssm_norm.weight
create_tensor: loading tensor blk.42.ssm_out.weight
create_tensor: loading tensor blk.42.ffn_gate_inp.weight
create_tensor: loading tensor blk.42.ffn_down_exps.weight
tensor blk.42.ffn_down_exps.weight (450 MiB iq4_nl) buffer type overridden to CUDA_Host
create_tensor: loading tensor blk.42.ffn_gate_up_exps.weight
create_tensor: loading tensor blk.42.ffn_gate_exps.weight
tensor blk.42.ffn_gate_exps.weight (343 MiB iq3_s) buffer type overridden to CUDA_Host
create_tensor: loading tensor blk.42.ffn_up_exps.weight
tensor blk.42.ffn_up_exps.weight (343 MiB iq3_s) buffer type overridden to CUDA_Host
create_tensor: loading tensor blk.42.ffn_gate_inp_shexp.weight
create_tensor: loading tensor blk.42.ffn_gate_shexp.weight
create_tensor: loading tensor blk.42.ffn_up_shexp.weight
create_tensor: loading tensor blk.42.ffn_down_shexp.weight
create_tensor: loading tensor blk.43.hc_attn_norm.weight
create_tensor: loading tensor blk.43.hc_attn_down.weight
create_tensor: loading tensor blk.43.hc_attn_up.weight
create_tensor: loading tensor blk.43.hc_attn_inject.weight
create_tensor: loading tensor blk.43.hc_ffn_norm.weight
create_tensor: loading tensor blk.43.hc_ffn_down.weight
create_tensor: loading tensor blk.43.hc_ffn_up.weight
create_tensor: loading tensor blk.43.hc_ffn_inject.weight
create_tensor: loading tensor blk.43.attn_qkv.weight
create_tensor: loading tensor blk.43.attn_q.weight
create_tensor: loading tensor blk.43.attn_k.weight
create_tensor: loading tensor blk.43.attn_v.weight
create_tensor: loading tensor blk.43.attn_q.bias
create_tensor: loading tensor blk.43.attn_k.bias
create_tensor: loading tensor blk.43.attn_v.bias
create_tensor: loading tensor blk.43.attn_output.weight
create_tensor: loading tensor blk.43.attn_q_norm.weight
create_tensor: loading tensor blk.43.attn_k_norm.weight
create_tensor: loading tensor blk.43.indexer.q_proj.weight
create_tensor: loading tensor blk.43.indexer.k_proj.weight
create_tensor: loading tensor blk.43.indexer.q_norm.weight
create_tensor: loading tensor blk.43.indexer.k_norm.weight
create_tensor: loading tensor blk.43.ffn_gate_inp.weight
create_tensor: loading tensor blk.43.ffn_down_exps.weight
tensor blk.43.ffn_down_exps.weight (450 MiB iq4_nl) buffer type overridden to CUDA_Host
create_tensor: loading tensor blk.43.ffn_gate_up_exps.weight
create_tensor: loading tensor blk.43.ffn_gate_exps.weight
tensor blk.43.ffn_gate_exps.weight (343 MiB iq3_s) buffer type overridden to CUDA_Host
create_tensor: loading tensor blk.43.ffn_up_exps.weight
tensor blk.43.ffn_up_exps.weight (343 MiB iq3_s) buffer type overridden to CUDA_Host
create_tensor: loading tensor blk.43.ffn_gate_inp_shexp.weight
create_tensor: loading tensor blk.43.ffn_gate_shexp.weight
create_tensor: loading tensor blk.43.ffn_up_shexp.weight
create_tensor: loading tensor blk.43.ffn_down_shexp.weight
create_tensor: loading tensor blk.44.hc_attn_norm.weight
create_tensor: loading tensor blk.44.hc_attn_down.weight
create_tensor: loading tensor blk.44.hc_attn_up.weight
create_tensor: loading tensor blk.44.hc_attn_inject.weight
create_tensor: loading tensor blk.44.hc_ffn_norm.weight
create_tensor: loading tensor blk.44.hc_ffn_down.weight
create_tensor: loading tensor blk.44.hc_ffn_up.weight
create_tensor: loading tensor blk.44.hc_ffn_inject.weight
create_tensor: loading tensor blk.44.attn_qkv.weight
create_tensor: loading tensor blk.44.attn_gate.weight
create_tensor: loading tensor blk.44.ssm_conv1d.weight
create_tensor: loading tensor blk.44.ssm_dt.bias
create_tensor: loading tensor blk.44.ssm_a
create_tensor: loading tensor blk.44.ssm_beta.weight
create_tensor: loading tensor blk.44.ssm_alpha.weight
create_tensor: loading tensor blk.44.ssm_norm.weight
create_tensor: loading tensor blk.44.ssm_out.weight
create_tensor: loading tensor blk.44.ffn_gate_inp.weight
create_tensor: loading tensor blk.44.ffn_down_exps.weight
tensor blk.44.ffn_down_exps.weight (450 MiB iq4_nl) buffer type overridden to CUDA_Host
create_tensor: loading tensor blk.44.ffn_gate_up_exps.weight
create_tensor: loading tensor blk.44.ffn_gate_exps.weight
tensor blk.44.ffn_gate_exps.weight (343 MiB iq3_s) buffer type overridden to CUDA_Host
create_tensor: loading tensor blk.44.ffn_up_exps.weight
tensor blk.44.ffn_up_exps.weight (343 MiB iq3_s) buffer type overridden to CUDA_Host
create_tensor: loading tensor blk.44.ffn_gate_inp_shexp.weight
create_tensor: loading tensor blk.44.ffn_gate_shexp.weight
create_tensor: loading tensor blk.44.ffn_up_shexp.weight
create_tensor: loading tensor blk.44.ffn_down_shexp.weight
create_tensor: loading tensor blk.45.hc_attn_norm.weight
create_tensor: loading tensor blk.45.hc_attn_down.weight
create_tensor: loading tensor blk.45.hc_attn_up.weight
create_tensor: loading tensor blk.45.hc_attn_inject.weight
create_tensor: loading tensor blk.45.hc_ffn_norm.weight
create_tensor: loading tensor blk.45.hc_ffn_down.weight
create_tensor: loading tensor blk.45.hc_ffn_up.weight
create_tensor: loading tensor blk.45.hc_ffn_inject.weight
create_tensor: loading tensor blk.45.attn_qkv.weight
create_tensor: loading tensor blk.45.attn_gate.weight
create_tensor: loading tensor blk.45.ssm_conv1d.weight
create_tensor: loading tensor blk.45.ssm_dt.bias
create_tensor: loading tensor blk.45.ssm_a
create_tensor: loading tensor blk.45.ssm_beta.weight
create_tensor: loading tensor blk.45.ssm_alpha.weight
create_tensor: loading tensor blk.45.ssm_norm.weight
create_tensor: loading tensor blk.45.ssm_out.weight
create_tensor: loading tensor blk.45.ffn_gate_inp.weight
create_tensor: loading tensor blk.45.ffn_down_exps.weight
tensor blk.45.ffn_down_exps.weight (450 MiB iq4_nl) buffer type overridden to CUDA_Host
create_tensor: loading tensor blk.45.ffn_gate_up_exps.weight
create_tensor: loading tensor blk.45.ffn_gate_exps.weight
tensor blk.45.ffn_gate_exps.weight (343 MiB iq3_s) buffer type overridden to CUDA_Host
create_tensor: loading tensor blk.45.ffn_up_exps.weight
tensor blk.45.ffn_up_exps.weight (343 MiB iq3_s) buffer type overridden to CUDA_Host
create_tensor: loading tensor blk.45.ffn_gate_inp_shexp.weight
create_tensor: loading tensor blk.45.ffn_gate_shexp.weight
create_tensor: loading tensor blk.45.ffn_up_shexp.weight
create_tensor: loading tensor blk.45.ffn_down_shexp.weight
create_tensor: loading tensor blk.46.hc_attn_norm.weight
create_tensor: loading tensor blk.46.hc_attn_down.weight
create_tensor: loading tensor blk.46.hc_attn_up.weight
create_tensor: loading tensor blk.46.hc_attn_inject.weight
create_tensor: loading tensor blk.46.hc_ffn_norm.weight
create_tensor: loading tensor blk.46.hc_ffn_down.weight
create_tensor: loading tensor blk.46.hc_ffn_up.weight
create_tensor: loading tensor blk.46.hc_ffn_inject.weight
create_tensor: loading tensor blk.46.attn_qkv.weight
create_tensor: loading tensor blk.46.attn_gate.weight
create_tensor: loading tensor blk.46.ssm_conv1d.weight
create_tensor: loading tensor blk.46.ssm_dt.bias
create_tensor: loading tensor blk.46.ssm_a
create_tensor: loading tensor blk.46.ssm_beta.weight
create_tensor: loading tensor blk.46.ssm_alpha.weight
create_tensor: loading tensor blk.46.ssm_norm.weight
create_tensor: loading tensor blk.46.ssm_out.weight
create_tensor: loading tensor blk.46.ffn_gate_inp.weight
create_tensor: loading tensor blk.46.ffn_down_exps.weight
tensor blk.46.ffn_down_exps.weight (850 MiB q8_0) buffer type overridden to CUDA_Host
create_tensor: loading tensor blk.46.ffn_gate_up_exps.weight
create_tensor: loading tensor blk.46.ffn_gate_exps.weight
tensor blk.46.ffn_gate_exps.weight (343 MiB iq3_s) buffer type overridden to CUDA_Host
create_tensor: loading tensor blk.46.ffn_up_exps.weight
tensor blk.46.ffn_up_exps.weight (343 MiB iq3_s) buffer type overridden to CUDA_Host
create_tensor: loading tensor blk.46.ffn_gate_inp_shexp.weight
create_tensor: loading tensor blk.46.ffn_gate_shexp.weight
create_tensor: loading tensor blk.46.ffn_up_shexp.weight
create_tensor: loading tensor blk.46.ffn_down_shexp.weight
create_tensor: loading tensor blk.47.hc_attn_norm.weight
create_tensor: loading tensor blk.47.hc_attn_down.weight
create_tensor: loading tensor blk.47.hc_attn_up.weight
create_tensor: loading tensor blk.47.hc_attn_inject.weight
create_tensor: loading tensor blk.47.hc_ffn_norm.weight
create_tensor: loading tensor blk.47.hc_ffn_down.weight
create_tensor: loading tensor blk.47.hc_ffn_up.weight
create_tensor: loading tensor blk.47.hc_ffn_inject.weight
create_tensor: loading tensor blk.47.attn_qkv.weight
create_tensor: loading tensor blk.47.attn_q.weight
create_tensor: loading tensor blk.47.attn_k.weight
create_tensor: loading tensor blk.47.attn_v.weight
create_tensor: loading tensor blk.47.attn_q.bias
create_tensor: loading tensor blk.47.attn_k.bias
create_tensor: loading tensor blk.47.attn_v.bias
create_tensor: loading tensor blk.47.attn_output.weight
create_tensor: loading tensor blk.47.attn_q_norm.weight
create_tensor: loading tensor blk.47.attn_k_norm.weight
create_tensor: loading tensor blk.47.indexer.q_proj.weight
create_tensor: loading tensor blk.47.indexer.k_proj.weight
create_tensor: loading tensor blk.47.indexer.q_norm.weight
create_tensor: loading tensor blk.47.indexer.k_norm.weight
create_tensor: loading tensor blk.47.ffn_gate_inp.weight
create_tensor: loading tensor blk.47.ffn_down_exps.weight
tensor blk.47.ffn_down_exps.weight (850 MiB q8_0) buffer type overridden to CUDA_Host
create_tensor: loading tensor blk.47.ffn_gate_up_exps.weight
create_tensor: loading tensor blk.47.ffn_gate_exps.weight
tensor blk.47.ffn_gate_exps.weight (343 MiB iq3_s) buffer type overridden to CUDA_Host
create_tensor: loading tensor blk.47.ffn_up_exps.weight
tensor blk.47.ffn_up_exps.weight (343 MiB iq3_s) buffer type overridden to CUDA_Host
create_tensor: loading tensor blk.47.ffn_gate_inp_shexp.weight
create_tensor: loading tensor blk.47.ffn_gate_shexp.weight
create_tensor: loading tensor blk.47.ffn_up_shexp.weight
create_tensor: loading tensor blk.47.ffn_down_shexp.weight
create_tensor: loading tensor blk.0.attn_qkv.scale
create_tensor: loading tensor blk.0.attn_gate.scale
create_tensor: loading tensor blk.0.ffn_gate_shexp.scale
create_tensor: loading tensor blk.0.ffn_down_shexp.scale
create_tensor: loading tensor blk.0.ffn_up_shexp.scale
create_tensor: loading tensor blk.0.ffn_gate_exps.scale
create_tensor: loading tensor blk.0.ffn_down_exps.scale
create_tensor: loading tensor blk.0.ffn_up_exps.scale
create_tensor: loading tensor blk.0.ssm_out.scale
create_tensor: loading tensor blk.0.ssm_alpha.scale
create_tensor: loading tensor blk.0.ssm_beta.scale
create_tensor: loading tensor blk.0.attn_qkv.input_scale
create_tensor: loading tensor blk.0.attn_gate.input_scale
create_tensor: loading tensor blk.0.ffn_gate_exps.input_scale
create_tensor: loading tensor blk.0.ffn_down_exps.input_scale
create_tensor: loading tensor blk.0.ffn_up_exps.input_scale
create_tensor: loading tensor blk.0.ffn_gate_shexp.input_scale
create_tensor: loading tensor blk.0.ffn_down_shexp.input_scale
create_tensor: loading tensor blk.0.ffn_up_shexp.input_scale
create_tensor: loading tensor blk.0.ssm_out.input_scale
create_tensor: loading tensor blk.0.ssm_alpha.input_scale
create_tensor: loading tensor blk.0.ssm_beta.input_scale
create_tensor: loading tensor blk.1.attn_qkv.scale
create_tensor: loading tensor blk.1.attn_gate.scale
create_tensor: loading tensor blk.1.ffn_gate_shexp.scale
create_tensor: loading tensor blk.1.ffn_down_shexp.scale
create_tensor: loading tensor blk.1.ffn_up_shexp.scale
create_tensor: loading tensor blk.1.ffn_gate_exps.scale
create_tensor: loading tensor blk.1.ffn_down_exps.scale
create_tensor: loading tensor blk.1.ffn_up_exps.scale
create_tensor: loading tensor blk.1.ssm_out.scale
create_tensor: loading tensor blk.1.ssm_alpha.scale
create_tensor: loading tensor blk.1.ssm_beta.scale
create_tensor: loading tensor blk.1.attn_qkv.input_scale
create_tensor: loading tensor blk.1.attn_gate.input_scale
create_tensor: loading tensor blk.1.ffn_gate_exps.input_scale
create_tensor: loading tensor blk.1.ffn_down_exps.input_scale
create_tensor: loading tensor blk.1.ffn_up_exps.input_scale
create_tensor: loading tensor blk.1.ffn_gate_shexp.input_scale
create_tensor: loading tensor blk.1.ffn_down_shexp.input_scale
create_tensor: loading tensor blk.1.ffn_up_shexp.input_scale
create_tensor: loading tensor blk.1.ssm_out.input_scale
create_tensor: loading tensor blk.1.ssm_alpha.input_scale
create_tensor: loading tensor blk.1.ssm_beta.input_scale
create_tensor: loading tensor blk.2.attn_qkv.scale
create_tensor: loading tensor blk.2.attn_gate.scale
create_tensor: loading tensor blk.2.ffn_gate_shexp.scale
create_tensor: loading tensor blk.2.ffn_down_shexp.scale
create_tensor: loading tensor blk.2.ffn_up_shexp.scale
create_tensor: loading tensor blk.2.ffn_gate_exps.scale
create_tensor: loading tensor blk.2.ffn_down_exps.scale
create_tensor: loading tensor blk.2.ffn_up_exps.scale
create_tensor: loading tensor blk.2.ssm_out.scale
create_tensor: loading tensor blk.2.ssm_alpha.scale
create_tensor: loading tensor blk.2.ssm_beta.scale
create_tensor: loading tensor blk.2.attn_qkv.input_scale
create_tensor: loading tensor blk.2.attn_gate.input_scale
create_tensor: loading tensor blk.2.ffn_gate_exps.input_scale
create_tensor: loading tensor blk.2.ffn_down_exps.input_scale
create_tensor: loading tensor blk.2.ffn_up_exps.input_scale
create_tensor: loading tensor blk.2.ffn_gate_shexp.input_scale
create_tensor: loading tensor blk.2.ffn_down_shexp.input_scale
create_tensor: loading tensor blk.2.ffn_up_shexp.input_scale
create_tensor: loading tensor blk.2.ssm_out.input_scale
create_tensor: loading tensor blk.2.ssm_alpha.input_scale
create_tensor: loading tensor blk.2.ssm_beta.input_scale
create_tensor: loading tensor blk.3.attn_q.scale
create_tensor: loading tensor blk.3.attn_k.scale
create_tensor: loading tensor blk.3.attn_v.scale
create_tensor: loading tensor blk.3.attn_output.scale
create_tensor: loading tensor blk.3.ffn_gate_shexp.scale
create_tensor: loading tensor blk.3.ffn_down_shexp.scale
create_tensor: loading tensor blk.3.ffn_up_shexp.scale
create_tensor: loading tensor blk.3.ffn_gate_exps.scale
create_tensor: loading tensor blk.3.ffn_down_exps.scale
create_tensor: loading tensor blk.3.ffn_up_exps.scale
create_tensor: loading tensor blk.3.attn_q.input_scale
create_tensor: loading tensor blk.3.attn_k.input_scale
create_tensor: loading tensor blk.3.attn_v.input_scale
create_tensor: loading tensor blk.3.attn_output.input_scale
create_tensor: loading tensor blk.3.ffn_gate_exps.input_scale
create_tensor: loading tensor blk.3.ffn_down_exps.input_scale
create_tensor: loading tensor blk.3.ffn_up_exps.input_scale
create_tensor: loading tensor blk.3.ffn_gate_shexp.input_scale
create_tensor: loading tensor blk.3.ffn_down_shexp.input_scale
create_tensor: loading tensor blk.3.ffn_up_shexp.input_scale
create_tensor: loading tensor blk.4.attn_qkv.scale
create_tensor: loading tensor blk.4.attn_gate.scale
create_tensor: loading tensor blk.4.ffn_gate_shexp.scale
create_tensor: loading tensor blk.4.ffn_down_shexp.scale
create_tensor: loading tensor blk.4.ffn_up_shexp.scale
create_tensor: loading tensor blk.4.ffn_gate_exps.scale
create_tensor: loading tensor blk.4.ffn_down_exps.scale
create_tensor: loading tensor blk.4.ffn_up_exps.scale
create_tensor: loading tensor blk.4.ssm_out.scale
create_tensor: loading tensor blk.4.ssm_alpha.scale
create_tensor: loading tensor blk.4.ssm_beta.scale
create_tensor: loading tensor blk.4.attn_qkv.input_scale
create_tensor: loading tensor blk.4.attn_gate.input_scale
create_tensor: loading tensor blk.4.ffn_gate_exps.input_scale
create_tensor: loading tensor blk.4.ffn_down_exps.input_scale
create_tensor: loading tensor blk.4.ffn_up_exps.input_scale
create_tensor: loading tensor blk.4.ffn_gate_shexp.input_scale
create_tensor: loading tensor blk.4.ffn_down_shexp.input_scale
create_tensor: loading tensor blk.4.ffn_up_shexp.input_scale
create_tensor: loading tensor blk.4.ssm_out.input_scale
create_tensor: loading tensor blk.4.ssm_alpha.input_scale
create_tensor: loading tensor blk.4.ssm_beta.input_scale
create_tensor: loading tensor blk.5.attn_qkv.scale
create_tensor: loading tensor blk.5.attn_gate.scale
create_tensor: loading tensor blk.5.ffn_gate_shexp.scale
create_tensor: loading tensor blk.5.ffn_down_shexp.scale
create_tensor: loading tensor blk.5.ffn_up_shexp.scale
create_tensor: loading tensor blk.5.ffn_gate_exps.scale
create_tensor: loading tensor blk.5.ffn_down_exps.scale
create_tensor: loading tensor blk.5.ffn_up_exps.scale
create_tensor: loading tensor blk.5.ssm_out.scale
create_tensor: loading tensor blk.5.ssm_alpha.scale
create_tensor: loading tensor blk.5.ssm_beta.scale
create_tensor: loading tensor blk.5.attn_qkv.input_scale
create_tensor: loading tensor blk.5.attn_gate.input_scale
create_tensor: loading tensor blk.5.ffn_gate_exps.input_scale
create_tensor: loading tensor blk.5.ffn_down_exps.input_scale
create_tensor: loading tensor blk.5.ffn_up_exps.input_scale
create_tensor: loading tensor blk.5.ffn_gate_shexp.input_scale
create_tensor: loading tensor blk.5.ffn_down_shexp.input_scale
create_tensor: loading tensor blk.5.ffn_up_shexp.input_scale
create_tensor: loading tensor blk.5.ssm_out.input_scale
create_tensor: loading tensor blk.5.ssm_alpha.input_scale
create_tensor: loading tensor blk.5.ssm_beta.input_scale
create_tensor: loading tensor blk.6.attn_qkv.scale
create_tensor: loading tensor blk.6.attn_gate.scale
create_tensor: loading tensor blk.6.ffn_gate_shexp.scale
create_tensor: loading tensor blk.6.ffn_down_shexp.scale
create_tensor: loading tensor blk.6.ffn_up_shexp.scale
create_tensor: loading tensor blk.6.ffn_gate_exps.scale
create_tensor: loading tensor blk.6.ffn_down_exps.scale
create_tensor: loading tensor blk.6.ffn_up_exps.scale
create_tensor: loading tensor blk.6.ssm_out.scale
create_tensor: loading tensor blk.6.ssm_alpha.scale
create_tensor: loading tensor blk.6.ssm_beta.scale
create_tensor: loading tensor blk.6.attn_qkv.input_scale
create_tensor: loading tensor blk.6.attn_gate.input_scale
create_tensor: loading tensor blk.6.ffn_gate_exps.input_scale
create_tensor: loading tensor blk.6.ffn_down_exps.input_scale
create_tensor: loading tensor blk.6.ffn_up_exps.input_scale
create_tensor: loading tensor blk.6.ffn_gate_shexp.input_scale
create_tensor: loading tensor blk.6.ffn_down_shexp.input_scale
create_tensor: loading tensor blk.6.ffn_up_shexp.input_scale
create_tensor: loading tensor blk.6.ssm_out.input_scale
create_tensor: loading tensor blk.6.ssm_alpha.input_scale
create_tensor: loading tensor blk.6.ssm_beta.input_scale
create_tensor: loading tensor blk.7.attn_q.scale
create_tensor: loading tensor blk.7.attn_k.scale
create_tensor: loading tensor blk.7.attn_v.scale
create_tensor: loading tensor blk.7.attn_output.scale
create_tensor: loading tensor blk.7.ffn_gate_shexp.scale
create_tensor: loading tensor blk.7.ffn_down_shexp.scale
create_tensor: loading tensor blk.7.ffn_up_shexp.scale
create_tensor: loading tensor blk.7.ffn_gate_exps.scale
create_tensor: loading tensor blk.7.ffn_down_exps.scale
create_tensor: loading tensor blk.7.ffn_up_exps.scale
create_tensor: loading tensor blk.7.attn_q.input_scale
create_tensor: loading tensor blk.7.attn_k.input_scale
create_tensor: loading tensor blk.7.attn_v.input_scale
create_tensor: loading tensor blk.7.attn_output.input_scale
create_tensor: loading tensor blk.7.ffn_gate_exps.input_scale
create_tensor: loading tensor blk.7.ffn_down_exps.input_scale
create_tensor: loading tensor blk.7.ffn_up_exps.input_scale
create_tensor: loading tensor blk.7.ffn_gate_shexp.input_scale
create_tensor: loading tensor blk.7.ffn_down_shexp.input_scale
create_tensor: loading tensor blk.7.ffn_up_shexp.input_scale
create_tensor: loading tensor blk.8.attn_qkv.scale
create_tensor: loading tensor blk.8.attn_gate.scale
create_tensor: loading tensor blk.8.ffn_gate_shexp.scale
create_tensor: loading tensor blk.8.ffn_down_shexp.scale
create_tensor: loading tensor blk.8.ffn_up_shexp.scale
create_tensor: loading tensor blk.8.ffn_gate_exps.scale
create_tensor: loading tensor blk.8.ffn_down_exps.scale
create_tensor: loading tensor blk.8.ffn_up_exps.scale
create_tensor: loading tensor blk.8.ssm_out.scale
create_tensor: loading tensor blk.8.ssm_alpha.scale
create_tensor: loading tensor blk.8.ssm_beta.scale
create_tensor: loading tensor blk.8.attn_qkv.input_scale
create_tensor: loading tensor blk.8.attn_gate.input_scale
create_tensor: loading tensor blk.8.ffn_gate_exps.input_scale
create_tensor: loading tensor blk.8.ffn_down_exps.input_scale
create_tensor: loading tensor blk.8.ffn_up_exps.input_scale
create_tensor: loading tensor blk.8.ffn_gate_shexp.input_scale
create_tensor: loading tensor blk.8.ffn_down_shexp.input_scale
create_tensor: loading tensor blk.8.ffn_up_shexp.input_scale
create_tensor: loading tensor blk.8.ssm_out.input_scale
create_tensor: loading tensor blk.8.ssm_alpha.input_scale
create_tensor: loading tensor blk.8.ssm_beta.input_scale
create_tensor: loading tensor blk.9.attn_qkv.scale
create_tensor: loading tensor blk.9.attn_gate.scale
create_tensor: loading tensor blk.9.ffn_gate_shexp.scale
create_tensor: loading tensor blk.9.ffn_down_shexp.scale
create_tensor: loading tensor blk.9.ffn_up_shexp.scale
create_tensor: loading tensor blk.9.ffn_gate_exps.scale
create_tensor: loading tensor blk.9.ffn_down_exps.scale
create_tensor: loading tensor blk.9.ffn_up_exps.scale
create_tensor: loading tensor blk.9.ssm_out.scale
create_tensor: loading tensor blk.9.ssm_alpha.scale
create_tensor: loading tensor blk.9.ssm_beta.scale
create_tensor: loading tensor blk.9.attn_qkv.input_scale
create_tensor: loading tensor blk.9.attn_gate.input_scale
create_tensor: loading tensor blk.9.ffn_gate_exps.input_scale
create_tensor: loading tensor blk.9.ffn_down_exps.input_scale
create_tensor: loading tensor blk.9.ffn_up_exps.input_scale
create_tensor: loading tensor blk.9.ffn_gate_shexp.input_scale
create_tensor: loading tensor blk.9.ffn_down_shexp.input_scale
create_tensor: loading tensor blk.9.ffn_up_shexp.input_scale
create_tensor: loading tensor blk.9.ssm_out.input_scale
create_tensor: loading tensor blk.9.ssm_alpha.input_scale
create_tensor: loading tensor blk.9.ssm_beta.input_scale
create_tensor: loading tensor blk.10.attn_qkv.scale
create_tensor: loading tensor blk.10.attn_gate.scale
create_tensor: loading tensor blk.10.ffn_gate_shexp.scale
create_tensor: loading tensor blk.10.ffn_down_shexp.scale
create_tensor: loading tensor blk.10.ffn_up_shexp.scale
create_tensor: loading tensor blk.10.ffn_gate_exps.scale
create_tensor: loading tensor blk.10.ffn_down_exps.scale
create_tensor: loading tensor blk.10.ffn_up_exps.scale
create_tensor: loading tensor blk.10.ssm_out.scale
create_tensor: loading tensor blk.10.ssm_alpha.scale
create_tensor: loading tensor blk.10.ssm_beta.scale
create_tensor: loading tensor blk.10.attn_qkv.input_scale
create_tensor: loading tensor blk.10.attn_gate.input_scale
create_tensor: loading tensor blk.10.ffn_gate_exps.input_scale
create_tensor: loading tensor blk.10.ffn_down_exps.input_scale
create_tensor: loading tensor blk.10.ffn_up_exps.input_scale
create_tensor: loading tensor blk.10.ffn_gate_shexp.input_scale
create_tensor: loading tensor blk.10.ffn_down_shexp.input_scale
create_tensor: loading tensor blk.10.ffn_up_shexp.input_scale
create_tensor: loading tensor blk.10.ssm_out.input_scale
create_tensor: loading tensor blk.10.ssm_alpha.input_scale
create_tensor: loading tensor blk.10.ssm_beta.input_scale
create_tensor: loading tensor blk.11.attn_q.scale
create_tensor: loading tensor blk.11.attn_k.scale
create_tensor: loading tensor blk.11.attn_v.scale
create_tensor: loading tensor blk.11.attn_output.scale
create_tensor: loading tensor blk.11.ffn_gate_shexp.scale
create_tensor: loading tensor blk.11.ffn_down_shexp.scale
create_tensor: loading tensor blk.11.ffn_up_shexp.scale
create_tensor: loading tensor blk.11.ffn_gate_exps.scale
create_tensor: loading tensor blk.11.ffn_down_exps.scale
create_tensor: loading tensor blk.11.ffn_up_exps.scale
create_tensor: loading tensor blk.11.attn_q.input_scale
create_tensor: loading tensor blk.11.attn_k.input_scale
create_tensor: loading tensor blk.11.attn_v.input_scale
create_tensor: loading tensor blk.11.attn_output.input_scale
create_tensor: loading tensor blk.11.ffn_gate_exps.input_scale
create_tensor: loading tensor blk.11.ffn_down_exps.input_scale
create_tensor: loading tensor blk.11.ffn_up_exps.input_scale
create_tensor: loading tensor blk.11.ffn_gate_shexp.input_scale
create_tensor: loading tensor blk.11.ffn_down_shexp.input_scale
create_tensor: loading tensor blk.11.ffn_up_shexp.input_scale
create_tensor: loading tensor blk.12.attn_qkv.scale
create_tensor: loading tensor blk.12.attn_gate.scale
create_tensor: loading tensor blk.12.ffn_gate_shexp.scale
create_tensor: loading tensor blk.12.ffn_down_shexp.scale
create_tensor: loading tensor blk.12.ffn_up_shexp.scale
create_tensor: loading tensor blk.12.ffn_gate_exps.scale
create_tensor: loading tensor blk.12.ffn_down_exps.scale
create_tensor: loading tensor blk.12.ffn_up_exps.scale
create_tensor: loading tensor blk.12.ssm_out.scale
create_tensor: loading tensor blk.12.ssm_alpha.scale
create_tensor: loading tensor blk.12.ssm_beta.scale
create_tensor: loading tensor blk.12.attn_qkv.input_scale
create_tensor: loading tensor blk.12.attn_gate.input_scale
create_tensor: loading tensor blk.12.ffn_gate_exps.input_scale
create_tensor: loading tensor blk.12.ffn_down_exps.input_scale
create_tensor: loading tensor blk.12.ffn_up_exps.input_scale
create_tensor: loading tensor blk.12.ffn_gate_shexp.input_scale
create_tensor: loading tensor blk.12.ffn_down_shexp.input_scale
create_tensor: loading tensor blk.12.ffn_up_shexp.input_scale
create_tensor: loading tensor blk.12.ssm_out.input_scale
create_tensor: loading tensor blk.12.ssm_alpha.input_scale
create_tensor: loading tensor blk.12.ssm_beta.input_scale
create_tensor: loading tensor blk.13.attn_qkv.scale
create_tensor: loading tensor blk.13.attn_gate.scale
create_tensor: loading tensor blk.13.ffn_gate_shexp.scale
create_tensor: loading tensor blk.13.ffn_down_shexp.scale
create_tensor: loading tensor blk.13.ffn_up_shexp.scale
create_tensor: loading tensor blk.13.ffn_gate_exps.scale
create_tensor: loading tensor blk.13.ffn_down_exps.scale
create_tensor: loading tensor blk.13.ffn_up_exps.scale
create_tensor: loading tensor blk.13.ssm_out.scale
create_tensor: loading tensor blk.13.ssm_alpha.scale
create_tensor: loading tensor blk.13.ssm_beta.scale
create_tensor: loading tensor blk.13.attn_qkv.input_scale
create_tensor: loading tensor blk.13.attn_gate.input_scale
create_tensor: loading tensor blk.13.ffn_gate_exps.input_scale
create_tensor: loading tensor blk.13.ffn_down_exps.input_scale
create_tensor: loading tensor blk.13.ffn_up_exps.input_scale
create_tensor: loading tensor blk.13.ffn_gate_shexp.input_scale
create_tensor: loading tensor blk.13.ffn_down_shexp.input_scale
create_tensor: loading tensor blk.13.ffn_up_shexp.input_scale
create_tensor: loading tensor blk.13.ssm_out.input_scale
create_tensor: loading tensor blk.13.ssm_alpha.input_scale
create_tensor: loading tensor blk.13.ssm_beta.input_scale
create_tensor: loading tensor blk.14.attn_qkv.scale
create_tensor: loading tensor blk.14.attn_gate.scale
create_tensor: loading tensor blk.14.ffn_gate_shexp.scale
create_tensor: loading tensor blk.14.ffn_down_shexp.scale
create_tensor: loading tensor blk.14.ffn_up_shexp.scale
create_tensor: loading tensor blk.14.ffn_gate_exps.scale
create_tensor: loading tensor blk.14.ffn_down_exps.scale
create_tensor: loading tensor blk.14.ffn_up_exps.scale
create_tensor: loading tensor blk.14.ssm_out.scale
create_tensor: loading tensor blk.14.ssm_alpha.scale
create_tensor: loading tensor blk.14.ssm_beta.scale
create_tensor: loading tensor blk.14.attn_qkv.input_scale
create_tensor: loading tensor blk.14.attn_gate.input_scale
create_tensor: loading tensor blk.14.ffn_gate_exps.input_scale
create_tensor: loading tensor blk.14.ffn_down_exps.input_scale
create_tensor: loading tensor blk.14.ffn_up_exps.input_scale
create_tensor: loading tensor blk.14.ffn_gate_shexp.input_scale
create_tensor: loading tensor blk.14.ffn_down_shexp.input_scale
create_tensor: loading tensor blk.14.ffn_up_shexp.input_scale
create_tensor: loading tensor blk.14.ssm_out.input_scale
create_tensor: loading tensor blk.14.ssm_alpha.input_scale
create_tensor: loading tensor blk.14.ssm_beta.input_scale
create_tensor: loading tensor blk.15.attn_q.scale
create_tensor: loading tensor blk.15.attn_k.scale
create_tensor: loading tensor blk.15.attn_v.scale
create_tensor: loading tensor blk.15.attn_output.scale
create_tensor: loading tensor blk.15.ffn_gate_shexp.scale
create_tensor: loading tensor blk.15.ffn_down_shexp.scale
create_tensor: loading tensor blk.15.ffn_up_shexp.scale
create_tensor: loading tensor blk.15.ffn_gate_exps.scale
create_tensor: loading tensor blk.15.ffn_down_exps.scale
create_tensor: loading tensor blk.15.ffn_up_exps.scale
create_tensor: loading tensor blk.15.attn_q.input_scale
create_tensor: loading tensor blk.15.attn_k.input_scale
create_tensor: loading tensor blk.15.attn_v.input_scale
create_tensor: loading tensor blk.15.attn_output.input_scale
create_tensor: loading tensor blk.15.ffn_gate_exps.input_scale
create_tensor: loading tensor blk.15.ffn_down_exps.input_scale
create_tensor: loading tensor blk.15.ffn_up_exps.input_scale
create_tensor: loading tensor blk.15.ffn_gate_shexp.input_scale
create_tensor: loading tensor blk.15.ffn_down_shexp.input_scale
create_tensor: loading tensor blk.15.ffn_up_shexp.input_scale
create_tensor: loading tensor blk.16.attn_qkv.scale
create_tensor: loading tensor blk.16.attn_gate.scale
create_tensor: loading tensor blk.16.ffn_gate_shexp.scale
create_tensor: loading tensor blk.16.ffn_down_shexp.scale
create_tensor: loading tensor blk.16.ffn_up_shexp.scale
create_tensor: loading tensor blk.16.ffn_gate_exps.scale
create_tensor: loading tensor blk.16.ffn_down_exps.scale
create_tensor: loading tensor blk.16.ffn_up_exps.scale
create_tensor: loading tensor blk.16.ssm_out.scale
create_tensor: loading tensor blk.16.ssm_alpha.scale
create_tensor: loading tensor blk.16.ssm_beta.scale
create_tensor: loading tensor blk.16.attn_qkv.input_scale
create_tensor: loading tensor blk.16.attn_gate.input_scale
create_tensor: loading tensor blk.16.ffn_gate_exps.input_scale
create_tensor: loading tensor blk.16.ffn_down_exps.input_scale
create_tensor: loading tensor blk.16.ffn_up_exps.input_scale
create_tensor: loading tensor blk.16.ffn_gate_shexp.input_scale
create_tensor: loading tensor blk.16.ffn_down_shexp.input_scale
create_tensor: loading tensor blk.16.ffn_up_shexp.input_scale
create_tensor: loading tensor blk.16.ssm_out.input_scale
create_tensor: loading tensor blk.16.ssm_alpha.input_scale
create_tensor: loading tensor blk.16.ssm_beta.input_scale
create_tensor: loading tensor blk.17.attn_qkv.scale
create_tensor: loading tensor blk.17.attn_gate.scale
create_tensor: loading tensor blk.17.ffn_gate_shexp.scale
create_tensor: loading tensor blk.17.ffn_down_shexp.scale
create_tensor: loading tensor blk.17.ffn_up_shexp.scale
create_tensor: loading tensor blk.17.ffn_gate_exps.scale
create_tensor: loading tensor blk.17.ffn_down_exps.scale
create_tensor: loading tensor blk.17.ffn_up_exps.scale
create_tensor: loading tensor blk.17.ssm_out.scale
create_tensor: loading tensor blk.17.ssm_alpha.scale
create_tensor: loading tensor blk.17.ssm_beta.scale
create_tensor: loading tensor blk.17.attn_qkv.input_scale
create_tensor: loading tensor blk.17.attn_gate.input_scale
create_tensor: loading tensor blk.17.ffn_gate_exps.input_scale
create_tensor: loading tensor blk.17.ffn_down_exps.input_scale
create_tensor: loading tensor blk.17.ffn_up_exps.input_scale
create_tensor: loading tensor blk.17.ffn_gate_shexp.input_scale
create_tensor: loading tensor blk.17.ffn_down_shexp.input_scale
create_tensor: loading tensor blk.17.ffn_up_shexp.input_scale
create_tensor: loading tensor blk.17.ssm_out.input_scale
create_tensor: loading tensor blk.17.ssm_alpha.input_scale
create_tensor: loading tensor blk.17.ssm_beta.input_scale
create_tensor: loading tensor blk.18.attn_qkv.scale
create_tensor: loading tensor blk.18.attn_gate.scale
create_tensor: loading tensor blk.18.ffn_gate_shexp.scale
create_tensor: loading tensor blk.18.ffn_down_shexp.scale
create_tensor: loading tensor blk.18.ffn_up_shexp.scale
create_tensor: loading tensor blk.18.ffn_gate_exps.scale
create_tensor: loading tensor blk.18.ffn_down_exps.scale
create_tensor: loading tensor blk.18.ffn_up_exps.scale
create_tensor: loading tensor blk.18.ssm_out.scale
create_tensor: loading tensor blk.18.ssm_alpha.scale
create_tensor: loading tensor blk.18.ssm_beta.scale
create_tensor: loading tensor blk.18.attn_qkv.input_scale
create_tensor: loading tensor blk.18.attn_gate.input_scale
create_tensor: loading tensor blk.18.ffn_gate_exps.input_scale
create_tensor: loading tensor blk.18.ffn_down_exps.input_scale
create_tensor: loading tensor blk.18.ffn_up_exps.input_scale
create_tensor: loading tensor blk.18.ffn_gate_shexp.input_scale
create_tensor: loading tensor blk.18.ffn_down_shexp.input_scale
create_tensor: loading tensor blk.18.ffn_up_shexp.input_scale
create_tensor: loading tensor blk.18.ssm_out.input_scale
create_tensor: loading tensor blk.18.ssm_alpha.input_scale
create_tensor: loading tensor blk.18.ssm_beta.input_scale
create_tensor: loading tensor blk.19.attn_q.scale
create_tensor: loading tensor blk.19.attn_k.scale
create_tensor: loading tensor blk.19.attn_v.scale
create_tensor: loading tensor blk.19.attn_output.scale
create_tensor: loading tensor blk.19.ffn_gate_shexp.scale
create_tensor: loading tensor blk.19.ffn_down_shexp.scale
create_tensor: loading tensor blk.19.ffn_up_shexp.scale
create_tensor: loading tensor blk.19.ffn_gate_exps.scale
create_tensor: loading tensor blk.19.ffn_down_exps.scale
create_tensor: loading tensor blk.19.ffn_up_exps.scale
create_tensor: loading tensor blk.19.attn_q.input_scale
create_tensor: loading tensor blk.19.attn_k.input_scale
create_tensor: loading tensor blk.19.attn_v.input_scale
create_tensor: loading tensor blk.19.attn_output.input_scale
create_tensor: loading tensor blk.19.ffn_gate_exps.input_scale
create_tensor: loading tensor blk.19.ffn_down_exps.input_scale
create_tensor: loading tensor blk.19.ffn_up_exps.input_scale
create_tensor: loading tensor blk.19.ffn_gate_shexp.input_scale
create_tensor: loading tensor blk.19.ffn_down_shexp.input_scale
create_tensor: loading tensor blk.19.ffn_up_shexp.input_scale
create_tensor: loading tensor blk.20.attn_qkv.scale
create_tensor: loading tensor blk.20.attn_gate.scale
create_tensor: loading tensor blk.20.ffn_gate_shexp.scale
create_tensor: loading tensor blk.20.ffn_down_shexp.scale
create_tensor: loading tensor blk.20.ffn_up_shexp.scale
create_tensor: loading tensor blk.20.ffn_gate_exps.scale
create_tensor: loading tensor blk.20.ffn_down_exps.scale
create_tensor: loading tensor blk.20.ffn_up_exps.scale
create_tensor: loading tensor blk.20.ssm_out.scale
create_tensor: loading tensor blk.20.ssm_alpha.scale
create_tensor: loading tensor blk.20.ssm_beta.scale
create_tensor: loading tensor blk.20.attn_qkv.input_scale
create_tensor: loading tensor blk.20.attn_gate.input_scale
create_tensor: loading tensor blk.20.ffn_gate_exps.input_scale
create_tensor: loading tensor blk.20.ffn_down_exps.input_scale
create_tensor: loading tensor blk.20.ffn_up_exps.input_scale
create_tensor: loading tensor blk.20.ffn_gate_shexp.input_scale
create_tensor: loading tensor blk.20.ffn_down_shexp.input_scale
create_tensor: loading tensor blk.20.ffn_up_shexp.input_scale
create_tensor: loading tensor blk.20.ssm_out.input_scale
create_tensor: loading tensor blk.20.ssm_alpha.input_scale
create_tensor: loading tensor blk.20.ssm_beta.input_scale
create_tensor: loading tensor blk.21.attn_qkv.scale
create_tensor: loading tensor blk.21.attn_gate.scale
create_tensor: loading tensor blk.21.ffn_gate_shexp.scale
create_tensor: loading tensor blk.21.ffn_down_shexp.scale
create_tensor: loading tensor blk.21.ffn_up_shexp.scale
create_tensor: loading tensor blk.21.ffn_gate_exps.scale
create_tensor: loading tensor blk.21.ffn_down_exps.scale
create_tensor: loading tensor blk.21.ffn_up_exps.scale
create_tensor: loading tensor blk.21.ssm_out.scale
create_tensor: loading tensor blk.21.ssm_alpha.scale
create_tensor: loading tensor blk.21.ssm_beta.scale
create_tensor: loading tensor blk.21.attn_qkv.input_scale
create_tensor: loading tensor blk.21.attn_gate.input_scale
create_tensor: loading tensor blk.21.ffn_gate_exps.input_scale
create_tensor: loading tensor blk.21.ffn_down_exps.input_scale
create_tensor: loading tensor blk.21.ffn_up_exps.input_scale
create_tensor: loading tensor blk.21.ffn_gate_shexp.input_scale
create_tensor: loading tensor blk.21.ffn_down_shexp.input_scale
create_tensor: loading tensor blk.21.ffn_up_shexp.input_scale
create_tensor: loading tensor blk.21.ssm_out.input_scale
create_tensor: loading tensor blk.21.ssm_alpha.input_scale
create_tensor: loading tensor blk.21.ssm_beta.input_scale
create_tensor: loading tensor blk.22.attn_qkv.scale
create_tensor: loading tensor blk.22.attn_gate.scale
create_tensor: loading tensor blk.22.ffn_gate_shexp.scale
create_tensor: loading tensor blk.22.ffn_down_shexp.scale
create_tensor: loading tensor blk.22.ffn_up_shexp.scale
create_tensor: loading tensor blk.22.ffn_gate_exps.scale
create_tensor: loading tensor blk.22.ffn_down_exps.scale
create_tensor: loading tensor blk.22.ffn_up_exps.scale
create_tensor: loading tensor blk.22.ssm_out.scale
create_tensor: loading tensor blk.22.ssm_alpha.scale
create_tensor: loading tensor blk.22.ssm_beta.scale
create_tensor: loading tensor blk.22.attn_qkv.input_scale
create_tensor: loading tensor blk.22.attn_gate.input_scale
create_tensor: loading tensor blk.22.ffn_gate_exps.input_scale
create_tensor: loading tensor blk.22.ffn_down_exps.input_scale
create_tensor: loading tensor blk.22.ffn_up_exps.input_scale
create_tensor: loading tensor blk.22.ffn_gate_shexp.input_scale
create_tensor: loading tensor blk.22.ffn_down_shexp.input_scale
create_tensor: loading tensor blk.22.ffn_up_shexp.input_scale
create_tensor: loading tensor blk.22.ssm_out.input_scale
create_tensor: loading tensor blk.22.ssm_alpha.input_scale
create_tensor: loading tensor blk.22.ssm_beta.input_scale
create_tensor: loading tensor blk.23.attn_q.scale
create_tensor: loading tensor blk.23.attn_k.scale
create_tensor: loading tensor blk.23.attn_v.scale
create_tensor: loading tensor blk.23.attn_output.scale
create_tensor: loading tensor blk.23.ffn_gate_shexp.scale
create_tensor: loading tensor blk.23.ffn_down_shexp.scale
create_tensor: loading tensor blk.23.ffn_up_shexp.scale
create_tensor: loading tensor blk.23.ffn_gate_exps.scale
create_tensor: loading tensor blk.23.ffn_down_exps.scale
create_tensor: loading tensor blk.23.ffn_up_exps.scale
create_tensor: loading tensor blk.23.attn_q.input_scale
create_tensor: loading tensor blk.23.attn_k.input_scale
create_tensor: loading tensor blk.23.attn_v.input_scale
create_tensor: loading tensor blk.23.attn_output.input_scale
create_tensor: loading tensor blk.23.ffn_gate_exps.input_scale
create_tensor: loading tensor blk.23.ffn_down_exps.input_scale
create_tensor: loading tensor blk.23.ffn_up_exps.input_scale
create_tensor: loading tensor blk.23.ffn_gate_shexp.input_scale
create_tensor: loading tensor blk.23.ffn_down_shexp.input_scale
create_tensor: loading tensor blk.23.ffn_up_shexp.input_scale
create_tensor: loading tensor blk.24.attn_qkv.scale
create_tensor: loading tensor blk.24.attn_gate.scale
create_tensor: loading tensor blk.24.ffn_gate_shexp.scale
create_tensor: loading tensor blk.24.ffn_down_shexp.scale
create_tensor: loading tensor blk.24.ffn_up_shexp.scale
create_tensor: loading tensor blk.24.ffn_gate_exps.scale
create_tensor: loading tensor blk.24.ffn_down_exps.scale
create_tensor: loading tensor blk.24.ffn_up_exps.scale
create_tensor: loading tensor blk.24.ssm_out.scale
create_tensor: loading tensor blk.24.ssm_alpha.scale
create_tensor: loading tensor blk.24.ssm_beta.scale
create_tensor: loading tensor blk.24.attn_qkv.input_scale
create_tensor: loading tensor blk.24.attn_gate.input_scale
create_tensor: loading tensor blk.24.ffn_gate_exps.input_scale
create_tensor: loading tensor blk.24.ffn_down_exps.input_scale
create_tensor: loading tensor blk.24.ffn_up_exps.input_scale
create_tensor: loading tensor blk.24.ffn_gate_shexp.input_scale
create_tensor: loading tensor blk.24.ffn_down_shexp.input_scale
create_tensor: loading tensor blk.24.ffn_up_shexp.input_scale
create_tensor: loading tensor blk.24.ssm_out.input_scale
create_tensor: loading tensor blk.24.ssm_alpha.input_scale
create_tensor: loading tensor blk.24.ssm_beta.input_scale
create_tensor: loading tensor blk.25.attn_qkv.scale
create_tensor: loading tensor blk.25.attn_gate.scale
create_tensor: loading tensor blk.25.ffn_gate_shexp.scale
create_tensor: loading tensor blk.25.ffn_down_shexp.scale
create_tensor: loading tensor blk.25.ffn_up_shexp.scale
create_tensor: loading tensor blk.25.ffn_gate_exps.scale
create_tensor: loading tensor blk.25.ffn_down_exps.scale
create_tensor: loading tensor blk.25.ffn_up_exps.scale
create_tensor: loading tensor blk.25.ssm_out.scale
create_tensor: loading tensor blk.25.ssm_alpha.scale
create_tensor: loading tensor blk.25.ssm_beta.scale
create_tensor: loading tensor blk.25.attn_qkv.input_scale
create_tensor: loading tensor blk.25.attn_gate.input_scale
create_tensor: loading tensor blk.25.ffn_gate_exps.input_scale
create_tensor: loading tensor blk.25.ffn_down_exps.input_scale
create_tensor: loading tensor blk.25.ffn_up_exps.input_scale
create_tensor: loading tensor blk.25.ffn_gate_shexp.input_scale
create_tensor: loading tensor blk.25.ffn_down_shexp.input_scale
create_tensor: loading tensor blk.25.ffn_up_shexp.input_scale
create_tensor: loading tensor blk.25.ssm_out.input_scale
create_tensor: loading tensor blk.25.ssm_alpha.input_scale
create_tensor: loading tensor blk.25.ssm_beta.input_scale
create_tensor: loading tensor blk.26.attn_qkv.scale
create_tensor: loading tensor blk.26.attn_gate.scale
create_tensor: loading tensor blk.26.ffn_gate_shexp.scale
create_tensor: loading tensor blk.26.ffn_down_shexp.scale
create_tensor: loading tensor blk.26.ffn_up_shexp.scale
create_tensor: loading tensor blk.26.ffn_gate_exps.scale
create_tensor: loading tensor blk.26.ffn_down_exps.scale
create_tensor: loading tensor blk.26.ffn_up_exps.scale
create_tensor: loading tensor blk.26.ssm_out.scale
create_tensor: loading tensor blk.26.ssm_alpha.scale
create_tensor: loading tensor blk.26.ssm_beta.scale
create_tensor: loading tensor blk.26.attn_qkv.input_scale
create_tensor: loading tensor blk.26.attn_gate.input_scale
create_tensor: loading tensor blk.26.ffn_gate_exps.input_scale
create_tensor: loading tensor blk.26.ffn_down_exps.input_scale
create_tensor: loading tensor blk.26.ffn_up_exps.input_scale
create_tensor: loading tensor blk.26.ffn_gate_shexp.input_scale
create_tensor: loading tensor blk.26.ffn_down_shexp.input_scale
create_tensor: loading tensor blk.26.ffn_up_shexp.input_scale
create_tensor: loading tensor blk.26.ssm_out.input_scale
create_tensor: loading tensor blk.26.ssm_alpha.input_scale
create_tensor: loading tensor blk.26.ssm_beta.input_scale
create_tensor: loading tensor blk.27.attn_q.scale
create_tensor: loading tensor blk.27.attn_k.scale
create_tensor: loading tensor blk.27.attn_v.scale
create_tensor: loading tensor blk.27.attn_output.scale
create_tensor: loading tensor blk.27.ffn_gate_shexp.scale
create_tensor: loading tensor blk.27.ffn_down_shexp.scale
create_tensor: loading tensor blk.27.ffn_up_shexp.scale
create_tensor: loading tensor blk.27.ffn_gate_exps.scale
create_tensor: loading tensor blk.27.ffn_down_exps.scale
create_tensor: loading tensor blk.27.ffn_up_exps.scale
create_tensor: loading tensor blk.27.attn_q.input_scale
create_tensor: loading tensor blk.27.attn_k.input_scale
create_tensor: loading tensor blk.27.attn_v.input_scale
create_tensor: loading tensor blk.27.attn_output.input_scale
create_tensor: loading tensor blk.27.ffn_gate_exps.input_scale
create_tensor: loading tensor blk.27.ffn_down_exps.input_scale
create_tensor: loading tensor blk.27.ffn_up_exps.input_scale
create_tensor: loading tensor blk.27.ffn_gate_shexp.input_scale
create_tensor: loading tensor blk.27.ffn_down_shexp.input_scale
create_tensor: loading tensor blk.27.ffn_up_shexp.input_scale
create_tensor: loading tensor blk.28.attn_qkv.scale
create_tensor: loading tensor blk.28.attn_gate.scale
create_tensor: loading tensor blk.28.ffn_gate_shexp.scale
create_tensor: loading tensor blk.28.ffn_down_shexp.scale
create_tensor: loading tensor blk.28.ffn_up_shexp.scale
create_tensor: loading tensor blk.28.ffn_gate_exps.scale
create_tensor: loading tensor blk.28.ffn_down_exps.scale
create_tensor: loading tensor blk.28.ffn_up_exps.scale
create_tensor: loading tensor blk.28.ssm_out.scale
create_tensor: loading tensor blk.28.ssm_alpha.scale
create_tensor: loading tensor blk.28.ssm_beta.scale
create_tensor: loading tensor blk.28.attn_qkv.input_scale
create_tensor: loading tensor blk.28.attn_gate.input_scale
create_tensor: loading tensor blk.28.ffn_gate_exps.input_scale
create_tensor: loading tensor blk.28.ffn_down_exps.input_scale
create_tensor: loading tensor blk.28.ffn_up_exps.input_scale
create_tensor: loading tensor blk.28.ffn_gate_shexp.input_scale
create_tensor: loading tensor blk.28.ffn_down_shexp.input_scale
create_tensor: loading tensor blk.28.ffn_up_shexp.input_scale
create_tensor: loading tensor blk.28.ssm_out.input_scale
create_tensor: loading tensor blk.28.ssm_alpha.input_scale
create_tensor: loading tensor blk.28.ssm_beta.input_scale
create_tensor: loading tensor blk.29.attn_qkv.scale
create_tensor: loading tensor blk.29.attn_gate.scale
create_tensor: loading tensor blk.29.ffn_gate_shexp.scale
create_tensor: loading tensor blk.29.ffn_down_shexp.scale
create_tensor: loading tensor blk.29.ffn_up_shexp.scale
create_tensor: loading tensor blk.29.ffn_gate_exps.scale
create_tensor: loading tensor blk.29.ffn_down_exps.scale
create_tensor: loading tensor blk.29.ffn_up_exps.scale
create_tensor: loading tensor blk.29.ssm_out.scale
create_tensor: loading tensor blk.29.ssm_alpha.scale
create_tensor: loading tensor blk.29.ssm_beta.scale
create_tensor: loading tensor blk.29.attn_qkv.input_scale
create_tensor: loading tensor blk.29.attn_gate.input_scale
create_tensor: loading tensor blk.29.ffn_gate_exps.input_scale
create_tensor: loading tensor blk.29.ffn_down_exps.input_scale
create_tensor: loading tensor blk.29.ffn_up_exps.input_scale
create_tensor: loading tensor blk.29.ffn_gate_shexp.input_scale
create_tensor: loading tensor blk.29.ffn_down_shexp.input_scale
create_tensor: loading tensor blk.29.ffn_up_shexp.input_scale
create_tensor: loading tensor blk.29.ssm_out.input_scale
create_tensor: loading tensor blk.29.ssm_alpha.input_scale
create_tensor: loading tensor blk.29.ssm_beta.input_scale
create_tensor: loading tensor blk.30.attn_qkv.scale
create_tensor: loading tensor blk.30.attn_gate.scale
create_tensor: loading tensor blk.30.ffn_gate_shexp.scale
create_tensor: loading tensor blk.30.ffn_down_shexp.scale
create_tensor: loading tensor blk.30.ffn_up_shexp.scale
create_tensor: loading tensor blk.30.ffn_gate_exps.scale
create_tensor: loading tensor blk.30.ffn_down_exps.scale
create_tensor: loading tensor blk.30.ffn_up_exps.scale
create_tensor: loading tensor blk.30.ssm_out.scale
create_tensor: loading tensor blk.30.ssm_alpha.scale
create_tensor: loading tensor blk.30.ssm_beta.scale
create_tensor: loading tensor blk.30.attn_qkv.input_scale
create_tensor: loading tensor blk.30.attn_gate.input_scale
create_tensor: loading tensor blk.30.ffn_gate_exps.input_scale
create_tensor: loading tensor blk.30.ffn_down_exps.input_scale
create_tensor: loading tensor blk.30.ffn_up_exps.input_scale
create_tensor: loading tensor blk.30.ffn_gate_shexp.input_scale
create_tensor: loading tensor blk.30.ffn_down_shexp.input_scale
create_tensor: loading tensor blk.30.ffn_up_shexp.input_scale
create_tensor: loading tensor blk.30.ssm_out.input_scale
create_tensor: loading tensor blk.30.ssm_alpha.input_scale
create_tensor: loading tensor blk.30.ssm_beta.input_scale
create_tensor: loading tensor blk.31.attn_q.scale
create_tensor: loading tensor blk.31.attn_k.scale
create_tensor: loading tensor blk.31.attn_v.scale
create_tensor: loading tensor blk.31.attn_output.scale
create_tensor: loading tensor blk.31.ffn_gate_shexp.scale
create_tensor: loading tensor blk.31.ffn_down_shexp.scale
create_tensor: loading tensor blk.31.ffn_up_shexp.scale
create_tensor: loading tensor blk.31.ffn_gate_exps.scale
create_tensor: loading tensor blk.31.ffn_down_exps.scale
create_tensor: loading tensor blk.31.ffn_up_exps.scale
create_tensor: loading tensor blk.31.attn_q.input_scale
create_tensor: loading tensor blk.31.attn_k.input_scale
create_tensor: loading tensor blk.31.attn_v.input_scale
create_tensor: loading tensor blk.31.attn_output.input_scale
create_tensor: loading tensor blk.31.ffn_gate_exps.input_scale
create_tensor: loading tensor blk.31.ffn_down_exps.input_scale
create_tensor: loading tensor blk.31.ffn_up_exps.input_scale
create_tensor: loading tensor blk.31.ffn_gate_shexp.input_scale
create_tensor: loading tensor blk.31.ffn_down_shexp.input_scale
create_tensor: loading tensor blk.31.ffn_up_shexp.input_scale
create_tensor: loading tensor blk.32.attn_qkv.scale
create_tensor: loading tensor blk.32.attn_gate.scale
create_tensor: loading tensor blk.32.ffn_gate_shexp.scale
create_tensor: loading tensor blk.32.ffn_down_shexp.scale
create_tensor: loading tensor blk.32.ffn_up_shexp.scale
create_tensor: loading tensor blk.32.ffn_gate_exps.scale
create_tensor: loading tensor blk.32.ffn_down_exps.scale
create_tensor: loading tensor blk.32.ffn_up_exps.scale
create_tensor: loading tensor blk.32.ssm_out.scale
create_tensor: loading tensor blk.32.ssm_alpha.scale
create_tensor: loading tensor blk.32.ssm_beta.scale
create_tensor: loading tensor blk.32.attn_qkv.input_scale
create_tensor: loading tensor blk.32.attn_gate.input_scale
create_tensor: loading tensor blk.32.ffn_gate_exps.input_scale
create_tensor: loading tensor blk.32.ffn_down_exps.input_scale
create_tensor: loading tensor blk.32.ffn_up_exps.input_scale
create_tensor: loading tensor blk.32.ffn_gate_shexp.input_scale
create_tensor: loading tensor blk.32.ffn_down_shexp.input_scale
create_tensor: loading tensor blk.32.ffn_up_shexp.input_scale
create_tensor: loading tensor blk.32.ssm_out.input_scale
create_tensor: loading tensor blk.32.ssm_alpha.input_scale
create_tensor: loading tensor blk.32.ssm_beta.input_scale
create_tensor: loading tensor blk.33.attn_qkv.scale
create_tensor: loading tensor blk.33.attn_gate.scale
create_tensor: loading tensor blk.33.ffn_gate_shexp.scale
create_tensor: loading tensor blk.33.ffn_down_shexp.scale
create_tensor: loading tensor blk.33.ffn_up_shexp.scale
create_tensor: loading tensor blk.33.ffn_gate_exps.scale
create_tensor: loading tensor blk.33.ffn_down_exps.scale
create_tensor: loading tensor blk.33.ffn_up_exps.scale
create_tensor: loading tensor blk.33.ssm_out.scale
create_tensor: loading tensor blk.33.ssm_alpha.scale
create_tensor: loading tensor blk.33.ssm_beta.scale
create_tensor: loading tensor blk.33.attn_qkv.input_scale
create_tensor: loading tensor blk.33.attn_gate.input_scale
create_tensor: loading tensor blk.33.ffn_gate_exps.input_scale
create_tensor: loading tensor blk.33.ffn_down_exps.input_scale
create_tensor: loading tensor blk.33.ffn_up_exps.input_scale
create_tensor: loading tensor blk.33.ffn_gate_shexp.input_scale
create_tensor: loading tensor blk.33.ffn_down_shexp.input_scale
create_tensor: loading tensor blk.33.ffn_up_shexp.input_scale
create_tensor: loading tensor blk.33.ssm_out.input_scale
create_tensor: loading tensor blk.33.ssm_alpha.input_scale
create_tensor: loading tensor blk.33.ssm_beta.input_scale
create_tensor: loading tensor blk.34.attn_qkv.scale
create_tensor: loading tensor blk.34.attn_gate.scale
create_tensor: loading tensor blk.34.ffn_gate_shexp.scale
create_tensor: loading tensor blk.34.ffn_down_shexp.scale
create_tensor: loading tensor blk.34.ffn_up_shexp.scale
create_tensor: loading tensor blk.34.ffn_gate_exps.scale
create_tensor: loading tensor blk.34.ffn_down_exps.scale
create_tensor: loading tensor blk.34.ffn_up_exps.scale
create_tensor: loading tensor blk.34.ssm_out.scale
create_tensor: loading tensor blk.34.ssm_alpha.scale
create_tensor: loading tensor blk.34.ssm_beta.scale
create_tensor: loading tensor blk.34.attn_qkv.input_scale
create_tensor: loading tensor blk.34.attn_gate.input_scale
create_tensor: loading tensor blk.34.ffn_gate_exps.input_scale
create_tensor: loading tensor blk.34.ffn_down_exps.input_scale
create_tensor: loading tensor blk.34.ffn_up_exps.input_scale
create_tensor: loading tensor blk.34.ffn_gate_shexp.input_scale
create_tensor: loading tensor blk.34.ffn_down_shexp.input_scale
create_tensor: loading tensor blk.34.ffn_up_shexp.input_scale
create_tensor: loading tensor blk.34.ssm_out.input_scale
create_tensor: loading tensor blk.34.ssm_alpha.input_scale
create_tensor: loading tensor blk.34.ssm_beta.input_scale
create_tensor: loading tensor blk.35.attn_q.scale
create_tensor: loading tensor blk.35.attn_k.scale
create_tensor: loading tensor blk.35.attn_v.scale
create_tensor: loading tensor blk.35.attn_output.scale
create_tensor: loading tensor blk.35.ffn_gate_shexp.scale
create_tensor: loading tensor blk.35.ffn_down_shexp.scale
create_tensor: loading tensor blk.35.ffn_up_shexp.scale
create_tensor: loading tensor blk.35.ffn_gate_exps.scale
create_tensor: loading tensor blk.35.ffn_down_exps.scale
create_tensor: loading tensor blk.35.ffn_up_exps.scale
create_tensor: loading tensor blk.35.attn_q.input_scale
create_tensor: loading tensor blk.35.attn_k.input_scale
create_tensor: loading tensor blk.35.attn_v.input_scale
create_tensor: loading tensor blk.35.attn_output.input_scale
create_tensor: loading tensor blk.35.ffn_gate_exps.input_scale
create_tensor: loading tensor blk.35.ffn_down_exps.input_scale
create_tensor: loading tensor blk.35.ffn_up_exps.input_scale
create_tensor: loading tensor blk.35.ffn_gate_shexp.input_scale
create_tensor: loading tensor blk.35.ffn_down_shexp.input_scale
create_tensor: loading tensor blk.35.ffn_up_shexp.input_scale
create_tensor: loading tensor blk.36.attn_qkv.scale
create_tensor: loading tensor blk.36.attn_gate.scale
create_tensor: loading tensor blk.36.ffn_gate_shexp.scale
create_tensor: loading tensor blk.36.ffn_down_shexp.scale
create_tensor: loading tensor blk.36.ffn_up_shexp.scale
create_tensor: loading tensor blk.36.ffn_gate_exps.scale
create_tensor: loading tensor blk.36.ffn_down_exps.scale
create_tensor: loading tensor blk.36.ffn_up_exps.scale
create_tensor: loading tensor blk.36.ssm_out.scale
create_tensor: loading tensor blk.36.ssm_alpha.scale
create_tensor: loading tensor blk.36.ssm_beta.scale
create_tensor: loading tensor blk.36.attn_qkv.input_scale
create_tensor: loading tensor blk.36.attn_gate.input_scale
create_tensor: loading tensor blk.36.ffn_gate_exps.input_scale
create_tensor: loading tensor blk.36.ffn_down_exps.input_scale
create_tensor: loading tensor blk.36.ffn_up_exps.input_scale
create_tensor: loading tensor blk.36.ffn_gate_shexp.input_scale
create_tensor: loading tensor blk.36.ffn_down_shexp.input_scale
create_tensor: loading tensor blk.36.ffn_up_shexp.input_scale
create_tensor: loading tensor blk.36.ssm_out.input_scale
create_tensor: loading tensor blk.36.ssm_alpha.input_scale
create_tensor: loading tensor blk.36.ssm_beta.input_scale
create_tensor: loading tensor blk.37.attn_qkv.scale
create_tensor: loading tensor blk.37.attn_gate.scale
create_tensor: loading tensor blk.37.ffn_gate_shexp.scale
create_tensor: loading tensor blk.37.ffn_down_shexp.scale
create_tensor: loading tensor blk.37.ffn_up_shexp.scale
create_tensor: loading tensor blk.37.ffn_gate_exps.scale
create_tensor: loading tensor blk.37.ffn_down_exps.scale
create_tensor: loading tensor blk.37.ffn_up_exps.scale
create_tensor: loading tensor blk.37.ssm_out.scale
create_tensor: loading tensor blk.37.ssm_alpha.scale
create_tensor: loading tensor blk.37.ssm_beta.scale
create_tensor: loading tensor blk.37.attn_qkv.input_scale
create_tensor: loading tensor blk.37.attn_gate.input_scale
create_tensor: loading tensor blk.37.ffn_gate_exps.input_scale
create_tensor: loading tensor blk.37.ffn_down_exps.input_scale
create_tensor: loading tensor blk.37.ffn_up_exps.input_scale
create_tensor: loading tensor blk.37.ffn_gate_shexp.input_scale
create_tensor: loading tensor blk.37.ffn_down_shexp.input_scale
create_tensor: loading tensor blk.37.ffn_up_shexp.input_scale
create_tensor: loading tensor blk.37.ssm_out.input_scale
create_tensor: loading tensor blk.37.ssm_alpha.input_scale
create_tensor: loading tensor blk.37.ssm_beta.input_scale
create_tensor: loading tensor blk.38.attn_qkv.scale
create_tensor: loading tensor blk.38.attn_gate.scale
create_tensor: loading tensor blk.38.ffn_gate_shexp.scale
create_tensor: loading tensor blk.38.ffn_down_shexp.scale
create_tensor: loading tensor blk.38.ffn_up_shexp.scale
create_tensor: loading tensor blk.38.ffn_gate_exps.scale
create_tensor: loading tensor blk.38.ffn_down_exps.scale
create_tensor: loading tensor blk.38.ffn_up_exps.scale
create_tensor: loading tensor blk.38.ssm_out.scale
create_tensor: loading tensor blk.38.ssm_alpha.scale
create_tensor: loading tensor blk.38.ssm_beta.scale
create_tensor: loading tensor blk.38.attn_qkv.input_scale
create_tensor: loading tensor blk.38.attn_gate.input_scale
create_tensor: loading tensor blk.38.ffn_gate_exps.input_scale
create_tensor: loading tensor blk.38.ffn_down_exps.input_scale
create_tensor: loading tensor blk.38.ffn_up_exps.input_scale
create_tensor: loading tensor blk.38.ffn_gate_shexp.input_scale
create_tensor: loading tensor blk.38.ffn_down_shexp.input_scale
create_tensor: loading tensor blk.38.ffn_up_shexp.input_scale
create_tensor: loading tensor blk.38.ssm_out.input_scale
create_tensor: loading tensor blk.38.ssm_alpha.input_scale
create_tensor: loading tensor blk.38.ssm_beta.input_scale
create_tensor: loading tensor blk.39.attn_q.scale
create_tensor: loading tensor blk.39.attn_k.scale
create_tensor: loading tensor blk.39.attn_v.scale
create_tensor: loading tensor blk.39.attn_output.scale
create_tensor: loading tensor blk.39.ffn_gate_shexp.scale
create_tensor: loading tensor blk.39.ffn_down_shexp.scale
create_tensor: loading tensor blk.39.ffn_up_shexp.scale
create_tensor: loading tensor blk.39.ffn_gate_exps.scale
create_tensor: loading tensor blk.39.ffn_down_exps.scale
create_tensor: loading tensor blk.39.ffn_up_exps.scale
create_tensor: loading tensor blk.39.attn_q.input_scale
create_tensor: loading tensor blk.39.attn_k.input_scale
create_tensor: loading tensor blk.39.attn_v.input_scale
create_tensor: loading tensor blk.39.attn_output.input_scale
create_tensor: loading tensor blk.39.ffn_gate_exps.input_scale
create_tensor: loading tensor blk.39.ffn_down_exps.input_scale
create_tensor: loading tensor blk.39.ffn_up_exps.input_scale
create_tensor: loading tensor blk.39.ffn_gate_shexp.input_scale
create_tensor: loading tensor blk.39.ffn_down_shexp.input_scale
create_tensor: loading tensor blk.39.ffn_up_shexp.input_scale
create_tensor: loading tensor blk.40.attn_qkv.scale
create_tensor: loading tensor blk.40.attn_gate.scale
create_tensor: loading tensor blk.40.ffn_gate_shexp.scale
create_tensor: loading tensor blk.40.ffn_down_shexp.scale
create_tensor: loading tensor blk.40.ffn_up_shexp.scale
create_tensor: loading tensor blk.40.ffn_gate_exps.scale
create_tensor: loading tensor blk.40.ffn_down_exps.scale
create_tensor: loading tensor blk.40.ffn_up_exps.scale
create_tensor: loading tensor blk.40.ssm_out.scale
create_tensor: loading tensor blk.40.ssm_alpha.scale
create_tensor: loading tensor blk.40.ssm_beta.scale
create_tensor: loading tensor blk.40.attn_qkv.input_scale
create_tensor: loading tensor blk.40.attn_gate.input_scale
create_tensor: loading tensor blk.40.ffn_gate_exps.input_scale
create_tensor: loading tensor blk.40.ffn_down_exps.input_scale
create_tensor: loading tensor blk.40.ffn_up_exps.input_scale
create_tensor: loading tensor blk.40.ffn_gate_shexp.input_scale
create_tensor: loading tensor blk.40.ffn_down_shexp.input_scale
create_tensor: loading tensor blk.40.ffn_up_shexp.input_scale
create_tensor: loading tensor blk.40.ssm_out.input_scale
create_tensor: loading tensor blk.40.ssm_alpha.input_scale
create_tensor: loading tensor blk.40.ssm_beta.input_scale
create_tensor: loading tensor blk.41.attn_qkv.scale
create_tensor: loading tensor blk.41.attn_gate.scale
create_tensor: loading tensor blk.41.ffn_gate_shexp.scale
create_tensor: loading tensor blk.41.ffn_down_shexp.scale
create_tensor: loading tensor blk.41.ffn_up_shexp.scale
create_tensor: loading tensor blk.41.ffn_gate_exps.scale
create_tensor: loading tensor blk.41.ffn_down_exps.scale
create_tensor: loading tensor blk.41.ffn_up_exps.scale
create_tensor: loading tensor blk.41.ssm_out.scale
create_tensor: loading tensor blk.41.ssm_alpha.scale
create_tensor: loading tensor blk.41.ssm_beta.scale
create_tensor: loading tensor blk.41.attn_qkv.input_scale
create_tensor: loading tensor blk.41.attn_gate.input_scale
create_tensor: loading tensor blk.41.ffn_gate_exps.input_scale
create_tensor: loading tensor blk.41.ffn_down_exps.input_scale
create_tensor: loading tensor blk.41.ffn_up_exps.input_scale
create_tensor: loading tensor blk.41.ffn_gate_shexp.input_scale
create_tensor: loading tensor blk.41.ffn_down_shexp.input_scale
create_tensor: loading tensor blk.41.ffn_up_shexp.input_scale
create_tensor: loading tensor blk.41.ssm_out.input_scale
create_tensor: loading tensor blk.41.ssm_alpha.input_scale
create_tensor: loading tensor blk.41.ssm_beta.input_scale
create_tensor: loading tensor blk.42.attn_qkv.scale
create_tensor: loading tensor blk.42.attn_gate.scale
create_tensor: loading tensor blk.42.ffn_gate_shexp.scale
create_tensor: loading tensor blk.42.ffn_down_shexp.scale
create_tensor: loading tensor blk.42.ffn_up_shexp.scale
create_tensor: loading tensor blk.42.ffn_gate_exps.scale
create_tensor: loading tensor blk.42.ffn_down_exps.scale
create_tensor: loading tensor blk.42.ffn_up_exps.scale
create_tensor: loading tensor blk.42.ssm_out.scale
create_tensor: loading tensor blk.42.ssm_alpha.scale
create_tensor: loading tensor blk.42.ssm_beta.scale
create_tensor: loading tensor blk.42.attn_qkv.input_scale
create_tensor: loading tensor blk.42.attn_gate.input_scale
create_tensor: loading tensor blk.42.ffn_gate_exps.input_scale
create_tensor: loading tensor blk.42.ffn_down_exps.input_scale
create_tensor: loading tensor blk.42.ffn_up_exps.input_scale
create_tensor: loading tensor blk.42.ffn_gate_shexp.input_scale
create_tensor: loading tensor blk.42.ffn_down_shexp.input_scale
create_tensor: loading tensor blk.42.ffn_up_shexp.input_scale
create_tensor: loading tensor blk.42.ssm_out.input_scale
create_tensor: loading tensor blk.42.ssm_alpha.input_scale
create_tensor: loading tensor blk.42.ssm_beta.input_scale
create_tensor: loading tensor blk.43.attn_q.scale
create_tensor: loading tensor blk.43.attn_k.scale
create_tensor: loading tensor blk.43.attn_v.scale
create_tensor: loading tensor blk.43.attn_output.scale
create_tensor: loading tensor blk.43.ffn_gate_shexp.scale
create_tensor: loading tensor blk.43.ffn_down_shexp.scale
create_tensor: loading tensor blk.43.ffn_up_shexp.scale
create_tensor: loading tensor blk.43.ffn_gate_exps.scale
create_tensor: loading tensor blk.43.ffn_down_exps.scale
create_tensor: loading tensor blk.43.ffn_up_exps.scale
create_tensor: loading tensor blk.43.attn_q.input_scale
create_tensor: loading tensor blk.43.attn_k.input_scale
create_tensor: loading tensor blk.43.attn_v.input_scale
create_tensor: loading tensor blk.43.attn_output.input_scale
create_tensor: loading tensor blk.43.ffn_gate_exps.input_scale
create_tensor: loading tensor blk.43.ffn_down_exps.input_scale
create_tensor: loading tensor blk.43.ffn_up_exps.input_scale
create_tensor: loading tensor blk.43.ffn_gate_shexp.input_scale
create_tensor: loading tensor blk.43.ffn_down_shexp.input_scale
create_tensor: loading tensor blk.43.ffn_up_shexp.input_scale
create_tensor: loading tensor blk.44.attn_qkv.scale
create_tensor: loading tensor blk.44.attn_gate.scale
create_tensor: loading tensor blk.44.ffn_gate_shexp.scale
create_tensor: loading tensor blk.44.ffn_down_shexp.scale
create_tensor: loading tensor blk.44.ffn_up_shexp.scale
create_tensor: loading tensor blk.44.ffn_gate_exps.scale
create_tensor: loading tensor blk.44.ffn_down_exps.scale
create_tensor: loading tensor blk.44.ffn_up_exps.scale
create_tensor: loading tensor blk.44.ssm_out.scale
create_tensor: loading tensor blk.44.ssm_alpha.scale
create_tensor: loading tensor blk.44.ssm_beta.scale
create_tensor: loading tensor blk.44.attn_qkv.input_scale
create_tensor: loading tensor blk.44.attn_gate.input_scale
create_tensor: loading tensor blk.44.ffn_gate_exps.input_scale
create_tensor: loading tensor blk.44.ffn_down_exps.input_scale
create_tensor: loading tensor blk.44.ffn_up_exps.input_scale
create_tensor: loading tensor blk.44.ffn_gate_shexp.input_scale
create_tensor: loading tensor blk.44.ffn_down_shexp.input_scale
create_tensor: loading tensor blk.44.ffn_up_shexp.input_scale
create_tensor: loading tensor blk.44.ssm_out.input_scale
create_tensor: loading tensor blk.44.ssm_alpha.input_scale
create_tensor: loading tensor blk.44.ssm_beta.input_scale
create_tensor: loading tensor blk.45.attn_qkv.scale
create_tensor: loading tensor blk.45.attn_gate.scale
create_tensor: loading tensor blk.45.ffn_gate_shexp.scale
create_tensor: loading tensor blk.45.ffn_down_shexp.scale
create_tensor: loading tensor blk.45.ffn_up_shexp.scale
create_tensor: loading tensor blk.45.ffn_gate_exps.scale
create_tensor: loading tensor blk.45.ffn_down_exps.scale
create_tensor: loading tensor blk.45.ffn_up_exps.scale
create_tensor: loading tensor blk.45.ssm_out.scale
create_tensor: loading tensor blk.45.ssm_alpha.scale
create_tensor: loading tensor blk.45.ssm_beta.scale
create_tensor: loading tensor blk.45.attn_qkv.input_scale
create_tensor: loading tensor blk.45.attn_gate.input_scale
create_tensor: loading tensor blk.45.ffn_gate_exps.input_scale
create_tensor: loading tensor blk.45.ffn_down_exps.input_scale
create_tensor: loading tensor blk.45.ffn_up_exps.input_scale
create_tensor: loading tensor blk.45.ffn_gate_shexp.input_scale
create_tensor: loading tensor blk.45.ffn_down_shexp.input_scale
create_tensor: loading tensor blk.45.ffn_up_shexp.input_scale
create_tensor: loading tensor blk.45.ssm_out.input_scale
create_tensor: loading tensor blk.45.ssm_alpha.input_scale
create_tensor: loading tensor blk.45.ssm_beta.input_scale
create_tensor: loading tensor blk.46.attn_qkv.scale
create_tensor: loading tensor blk.46.attn_gate.scale
create_tensor: loading tensor blk.46.ffn_gate_shexp.scale
create_tensor: loading tensor blk.46.ffn_down_shexp.scale
create_tensor: loading tensor blk.46.ffn_up_shexp.scale
create_tensor: loading tensor blk.46.ffn_gate_exps.scale
create_tensor: loading tensor blk.46.ffn_down_exps.scale
create_tensor: loading tensor blk.46.ffn_up_exps.scale
create_tensor: loading tensor blk.46.ssm_out.scale
create_tensor: loading tensor blk.46.ssm_alpha.scale
create_tensor: loading tensor blk.46.ssm_beta.scale
create_tensor: loading tensor blk.46.attn_qkv.input_scale
create_tensor: loading tensor blk.46.attn_gate.input_scale
create_tensor: loading tensor blk.46.ffn_gate_exps.input_scale
create_tensor: loading tensor blk.46.ffn_down_exps.input_scale
create_tensor: loading tensor blk.46.ffn_up_exps.input_scale
create_tensor: loading tensor blk.46.ffn_gate_shexp.input_scale
create_tensor: loading tensor blk.46.ffn_down_shexp.input_scale
create_tensor: loading tensor blk.46.ffn_up_shexp.input_scale
create_tensor: loading tensor blk.46.ssm_out.input_scale
create_tensor: loading tensor blk.46.ssm_alpha.input_scale
create_tensor: loading tensor blk.46.ssm_beta.input_scale
create_tensor: loading tensor blk.47.attn_q.scale
create_tensor: loading tensor blk.47.attn_k.scale
create_tensor: loading tensor blk.47.attn_v.scale
create_tensor: loading tensor blk.47.attn_output.scale
create_tensor: loading tensor blk.47.ffn_gate_shexp.scale
create_tensor: loading tensor blk.47.ffn_down_shexp.scale
create_tensor: loading tensor blk.47.ffn_up_shexp.scale
create_tensor: loading tensor blk.47.ffn_gate_exps.scale
create_tensor: loading tensor blk.47.ffn_down_exps.scale
create_tensor: loading tensor blk.47.ffn_up_exps.scale
create_tensor: loading tensor blk.47.attn_q.input_scale
create_tensor: loading tensor blk.47.attn_k.input_scale
create_tensor: loading tensor blk.47.attn_v.input_scale
create_tensor: loading tensor blk.47.attn_output.input_scale
create_tensor: loading tensor blk.47.ffn_gate_exps.input_scale
create_tensor: loading tensor blk.47.ffn_down_exps.input_scale
create_tensor: loading tensor blk.47.ffn_up_exps.input_scale
create_tensor: loading tensor blk.47.ffn_gate_shexp.input_scale
create_tensor: loading tensor blk.47.ffn_down_shexp.input_scale
create_tensor: loading tensor blk.47.ffn_up_shexp.input_scale
done_getting_tensors: tensor 'token_embd.weight' (q8_0) (and 145 others) cannot be used with preferred buffer type CUDA_Host, using CPU instead
load_tensors: offloading output layer to GPU
load_tensors: offloading 47 repeating layers to GPU
load_tensors: offloaded 49/49 layers to GPU
load_tensors:   CPU_Mapped model buffer size = 47015.89 MiB
load_tensors:   CPU_Mapped model buffer size = 41787.15 MiB
load_tensors:        CUDA0 model buffer size =  4459.62 MiB
......................................................................
llama_context: constructing llama_context
llama_context: n_seq_max             = 1
llama_context: n_ctx                 = 2304
llama_context: n_ctx_seq             = 2304
llama_context: n_batch               = 64
llama_context: n_ubatch              = 64
llama_context: causal_attn           = 1
llama_context: flash_attn            = auto
llama_context: kv_unified            = false
llama_context: freq_base             = 10000000.0
llama_context: freq_scale            = 1
llama_context: n_rs_seq              = 0
llama_context: n_outputs_max         = 64
llama_context: n_outputs_max_per_seq = 1
llama_context: n_ctx_seq (2304) < n_ctx_train (262144) -- the full capacity of the model will not be utilized
set_abort_callback: call
llama_context:  CUDA_Host  output buffer size =     0.95 MiB
llama_kv_cache: layer   0: filtered
llama_kv_cache: layer   1: filtered
llama_kv_cache: layer   2: filtered
llama_kv_cache: layer   3: dev = CUDA0
llama_kv_cache: layer   4: filtered
llama_kv_cache: layer   5: filtered
llama_kv_cache: layer   6: filtered
llama_kv_cache: layer   7: dev = CUDA0
llama_kv_cache: layer   8: filtered
llama_kv_cache: layer   9: filtered
llama_kv_cache: layer  10: filtered
llama_kv_cache: layer  11: dev = CUDA0
llama_kv_cache: layer  12: filtered
llama_kv_cache: layer  13: filtered
llama_kv_cache: layer  14: filtered
llama_kv_cache: layer  15: dev = CUDA0
llama_kv_cache: layer  16: filtered
llama_kv_cache: layer  17: filtered
llama_kv_cache: layer  18: filtered
llama_kv_cache: layer  19: dev = CUDA0
llama_kv_cache: layer  20: filtered
llama_kv_cache: layer  21: filtered
llama_kv_cache: layer  22: filtered
llama_kv_cache: layer  23: dev = CUDA0
llama_kv_cache: layer  24: filtered
llama_kv_cache: layer  25: filtered
llama_kv_cache: layer  26: filtered
llama_kv_cache: layer  27: dev = CUDA0
llama_kv_cache: layer  28: filtered
llama_kv_cache: layer  29: filtered
llama_kv_cache: layer  30: filtered
llama_kv_cache: layer  31: dev = CUDA0
llama_kv_cache: layer  32: filtered
llama_kv_cache: layer  33: filtered
llama_kv_cache: layer  34: filtered
llama_kv_cache: layer  35: dev = CUDA0
llama_kv_cache: layer  36: filtered
llama_kv_cache: layer  37: filtered
llama_kv_cache: layer  38: filtered
llama_kv_cache: layer  39: dev = CUDA0
llama_kv_cache: layer  40: filtered
llama_kv_cache: layer  41: filtered
llama_kv_cache: layer  42: filtered
llama_kv_cache: layer  43: dev = CUDA0
llama_kv_cache: layer  44: filtered
llama_kv_cache: layer  45: filtered
llama_kv_cache: layer  46: filtered
llama_kv_cache: layer  47: dev = CUDA0
llama_kv_cache:      CUDA0 KV buffer size =    54.00 MiB
llama_kv_cache: size =   54.00 MiB (  2304 cells,  12 layers,  1/1 seqs), K (f16):   27.00 MiB, V (f16):   27.00 MiB
llama_kv_cache: attn_rot_k = 0, n_embd_head_k_all = 256
llama_kv_cache: attn_rot_v = 0, n_embd_head_k_all = 256
llama_memory_recurrent, layer   0: dev = CUDA0
llama_memory_recurrent, layer   1: dev = CUDA0
llama_memory_recurrent, layer   2: dev = CUDA0
llama_memory_recurrent: layer   3: skipped
llama_memory_recurrent, layer   4: dev = CUDA0
llama_memory_recurrent, layer   5: dev = CUDA0
llama_memory_recurrent, layer   6: dev = CUDA0
llama_memory_recurrent: layer   7: skipped
llama_memory_recurrent, layer   8: dev = CUDA0
llama_memory_recurrent, layer   9: dev = CUDA0
llama_memory_recurrent, layer  10: dev = CUDA0
llama_memory_recurrent: layer  11: skipped
llama_memory_recurrent, layer  12: dev = CUDA0
llama_memory_recurrent, layer  13: dev = CUDA0
llama_memory_recurrent, layer  14: dev = CUDA0
llama_memory_recurrent: layer  15: skipped
llama_memory_recurrent, layer  16: dev = CUDA0
llama_memory_recurrent, layer  17: dev = CUDA0
llama_memory_recurrent, layer  18: dev = CUDA0
llama_memory_recurrent: layer  19: skipped
llama_memory_recurrent, layer  20: dev = CUDA0
llama_memory_recurrent, layer  21: dev = CUDA0
llama_memory_recurrent, layer  22: dev = CUDA0
llama_memory_recurrent: layer  23: skipped
llama_memory_recurrent, layer  24: dev = CUDA0
llama_memory_recurrent, layer  25: dev = CUDA0
llama_memory_recurrent, layer  26: dev = CUDA0
llama_memory_recurrent: layer  27: skipped
llama_memory_recurrent, layer  28: dev = CUDA0
llama_memory_recurrent, layer  29: dev = CUDA0
llama_memory_recurrent, layer  30: dev = CUDA0
llama_memory_recurrent: layer  31: skipped
llama_memory_recurrent, layer  32: dev = CUDA0
llama_memory_recurrent, layer  33: dev = CUDA0
llama_memory_recurrent, layer  34: dev = CUDA0
llama_memory_recurrent: layer  35: skipped
llama_memory_recurrent, layer  36: dev = CUDA0
llama_memory_recurrent, layer  37: dev = CUDA0
llama_memory_recurrent, layer  38: dev = CUDA0
llama_memory_recurrent: layer  39: skipped
llama_memory_recurrent, layer  40: dev = CUDA0
llama_memory_recurrent, layer  41: dev = CUDA0
llama_memory_recurrent, layer  42: dev = CUDA0
llama_memory_recurrent: layer  43: skipped
llama_memory_recurrent, layer  44: dev = CUDA0
llama_memory_recurrent, layer  45: dev = CUDA0
llama_memory_recurrent, layer  46: dev = CUDA0
llama_memory_recurrent: layer  47: skipped
llama_memory_recurrent:      CUDA0 RS buffer size =   112.57 MiB
llama_memory_recurrent: size =  112.57 MiB (     1 cells,  48 layers,  1 seqs  0 rs_seq), R (f32):    4.22 MiB, S (f32):  108.00 MiB, P (f32):    0.35 MiB
operator (): creating indexer KV cache, size = 2304 cells
llama_kv_cache: layer   0: filtered
llama_kv_cache: layer   1: filtered
llama_kv_cache: layer   2: filtered
llama_kv_cache: layer   3: dev = CUDA0
llama_kv_cache: layer   4: filtered
llama_kv_cache: layer   5: filtered
llama_kv_cache: layer   6: filtered
llama_kv_cache: layer   7: dev = CUDA0
llama_kv_cache: layer   8: filtered
llama_kv_cache: layer   9: filtered
llama_kv_cache: layer  10: filtered
llama_kv_cache: layer  11: dev = CUDA0
llama_kv_cache: layer  12: filtered
llama_kv_cache: layer  13: filtered
llama_kv_cache: layer  14: filtered
llama_kv_cache: layer  15: dev = CUDA0
llama_kv_cache: layer  16: filtered
llama_kv_cache: layer  17: filtered
llama_kv_cache: layer  18: filtered
llama_kv_cache: layer  19: dev = CUDA0
llama_kv_cache: layer  20: filtered
llama_kv_cache: layer  21: filtered
llama_kv_cache: layer  22: filtered
llama_kv_cache: layer  23: dev = CUDA0
llama_kv_cache: layer  24: filtered
llama_kv_cache: layer  25: filtered
llama_kv_cache: layer  26: filtered
llama_kv_cache: layer  27: dev = CUDA0
llama_kv_cache: layer  28: filtered
llama_kv_cache: layer  29: filtered
llama_kv_cache: layer  30: filtered
llama_kv_cache: layer  31: dev = CUDA0
llama_kv_cache: layer  32: filtered
llama_kv_cache: layer  33: filtered
llama_kv_cache: layer  34: filtered
llama_kv_cache: layer  35: dev = CUDA0
llama_kv_cache: layer  36: filtered
llama_kv_cache: layer  37: filtered
llama_kv_cache: layer  38: filtered
llama_kv_cache: layer  39: dev = CUDA0
llama_kv_cache: layer  40: filtered
llama_kv_cache: layer  41: filtered
llama_kv_cache: layer  42: filtered
llama_kv_cache: layer  43: dev = CUDA0
llama_kv_cache: layer  44: filtered
llama_kv_cache: layer  45: filtered
llama_kv_cache: layer  46: filtered
llama_kv_cache: layer  47: dev = CUDA0
llama_kv_cache:      CUDA0 KV buffer size =    20.25 MiB
llama_kv_cache: size =   20.25 MiB (  2304 cells,  12 layers,  1/1 seqs), K (f16):    6.75 MiB, V (f16):   13.50 MiB
llama_kv_cache: attn_rot_k = 0, n_embd_head_k_all = 128
llama_kv_cache: attn_rot_v = 0, n_embd_head_k_all = 256
llama_context: enumerating backends
llama_context: backend_ptrs.size() = 2
sched_reserve: reserving ...
sched_reserve: max_nodes = 39168
sched_reserve: reserving full memory module
sched_reserve: worst-case: n_tokens = 64, n_seqs = 1, n_outputs = 1
graph_reserve: reserving a graph for ubatch with n_tokens =    1, n_seqs =  1, n_outputs =    1
resolve_fused_ops: Flash Attention enabled
resolve_fused_ops: resolving fused Gated Delta Net support:
graph_reserve: reserving a graph for ubatch with n_tokens =    1, n_seqs =  1, n_outputs =    1
resolve_fused_ops: fused Gated Delta Net (autoregressive) enabled
graph_reserve: reserving a graph for ubatch with n_tokens =   16, n_seqs =  1, n_outputs =   16
resolve_fused_ops: fused Gated Delta Net (chunked) enabled
resolve_fused_ops: resolving fused Lightning Indexer support:
graph_reserve: reserving a graph for ubatch with n_tokens =    1, n_seqs =  1, n_outputs =    1
resolve_fused_ops: Lightning Indexer enabled
resolve_fused_ops: resolving fused DeepSeek V4 HC support:
graph_reserve: reserving a graph for ubatch with n_tokens =    1, n_seqs =  1, n_outputs =    1
resolve_fused_ops: fused DeepSeek V4 HC pre enabled
graph_reserve: reserving a graph for ubatch with n_tokens =    1, n_seqs =  1, n_outputs =    1
resolve_fused_ops: fused DeepSeek V4 HC comb enabled
graph_reserve: reserving a graph for ubatch with n_tokens =    1, n_seqs =  1, n_outputs =    1
resolve_fused_ops: fused DeepSeek V4 HC post enabled
graph_reserve: reserving a graph for ubatch with n_tokens =   64, n_seqs =  1, n_outputs =   64
graph_reserve: reserving a graph for ubatch with n_tokens =    1, n_seqs =  1, n_outputs =    1
graph_reserve: reserving a graph for ubatch with n_tokens =   64, n_seqs =  1, n_outputs =   64
sched_reserve:      CUDA0 compute buffer size =   872.62 MiB
sched_reserve:  CUDA_Host compute buffer size =     1.71 MiB
sched_reserve: graph nodes  = 7902
sched_reserve: graph splits = 148 (with bs=64), 100 (with bs=1)
sched_reserve: reserve took 26.82 ms, sched copies = 1
set_n_threads: n_threads = 24, n_threads_batch = 24
ggml_backend_cuda_graph_compute: CUDA graph warmup complete
ggml_backend_cuda_graph_compute: CUDA graph warmup complete
ggml_backend_cuda_graph_compute: CUDA graph warmup complete
ggml_backend_cuda_graph_compute: CUDA graph warmup complete
ggml_backend_cuda_graph_compute: CUDA graph warmup complete
ggml_backend_cuda_graph_compute: CUDA graph warmup complete
ggml_backend_cuda_graph_compute: CUDA graph warmup complete
ggml_backend_cuda_graph_compute: CUDA graph warmup complete
ggml_backend_cuda_graph_compute: CUDA graph warmup complete
ggml_backend_cuda_graph_compute: CUDA graph warmup complete
ggml_backend_cuda_graph_compute: CUDA graph warmup complete
ggml_backend_cuda_graph_compute: CUDA graph warmup complete
ggml_backend_cuda_graph_compute: CUDA graph warmup complete
ggml_backend_cuda_graph_compute: CUDA graph warmup complete
ggml_backend_cuda_graph_compute: CUDA graph warmup complete
ggml_backend_cuda_graph_compute: CUDA graph warmup complete
ggml_backend_cuda_graph_compute: CUDA graph warmup complete
ggml_backend_cuda_graph_compute: CUDA graph warmup complete
ggml_backend_cuda_graph_compute: CUDA graph warmup complete
ggml_backend_cuda_graph_compute: CUDA graph warmup complete
ggml_backend_cuda_graph_compute: CUDA graph warmup complete
ggml_backend_cuda_graph_compute: CUDA graph warmup complete
ggml_backend_cuda_graph_compute: CUDA graph warmup complete
ggml_backend_cuda_graph_compute: CUDA graph warmup complete
ggml_backend_cuda_graph_compute: CUDA graph warmup complete
ggml_backend_cuda_graph_compute: CUDA graph warmup complete
ggml_backend_cuda_graph_compute: CUDA graph warmup complete
ggml_backend_cuda_graph_compute: CUDA graph warmup complete
ggml_backend_cuda_graph_compute: CUDA graph warmup complete
ggml_backend_cuda_graph_compute: CUDA graph warmup complete
ggml_backend_cuda_graph_compute: CUDA graph warmup complete
ggml_backend_cuda_graph_compute: CUDA graph warmup complete
ggml_backend_cuda_graph_compute: CUDA graph warmup complete
ggml_backend_cuda_graph_compute: CUDA graph warmup complete
ggml_backend_cuda_graph_compute: CUDA graph warmup complete
ggml_backend_cuda_graph_compute: CUDA graph warmup complete
ggml_backend_cuda_graph_compute: CUDA graph warmup complete
ggml_backend_cuda_graph_compute: CUDA graph warmup complete
ggml_backend_cuda_graph_compute: CUDA graph warmup complete
ggml_backend_cuda_graph_compute: CUDA graph warmup complete
ggml_backend_cuda_graph_compute: CUDA graph warmup complete
ggml_backend_cuda_graph_compute: CUDA graph warmup complete
ggml_backend_cuda_graph_compute: CUDA graph warmup complete
ggml_backend_cuda_graph_compute: CUDA graph warmup complete
ggml_backend_cuda_graph_compute: CUDA graph warmup complete
ggml_backend_cuda_graph_compute: CUDA graph warmup complete
ggml_backend_cuda_graph_compute: CUDA graph warmup complete
ggml_backend_cuda_graph_compute: CUDA graph warmup complete
ggml_backend_cuda_graph_compute: CUDA graph warmup complete
ggml_backend_cuda_graph_compute: CUDA graph warmup complete
ggml_backend_cuda_graph_compute: CUDA graph warmup complete
ggml_backend_cuda_graph_compute: CUDA graph warmup complete
ggml_backend_cuda_graph_compute: CUDA graph warmup complete
ggml_backend_cuda_graph_compute: CUDA graph warmup complete
ggml_backend_cuda_graph_compute: CUDA graph warmup complete
ggml_backend_cuda_graph_compute: CUDA graph warmup complete
ggml_backend_cuda_graph_compute: CUDA graph warmup complete
ggml_backend_cuda_graph_compute: CUDA graph warmup complete
ggml_backend_cuda_graph_compute: CUDA graph warmup complete
ggml_backend_cuda_graph_compute: CUDA graph warmup complete
ggml_backend_cuda_graph_compute: CUDA graph warmup complete
ggml_backend_cuda_graph_compute: CUDA graph warmup complete
ggml_backend_cuda_graph_compute: CUDA graph warmup complete
ggml_backend_cuda_graph_compute: CUDA graph warmup complete
ggml_backend_cuda_graph_compute: CUDA graph warmup complete
ggml_backend_cuda_graph_compute: CUDA graph warmup complete
ggml_backend_cuda_graph_compute: CUDA graph warmup complete
ggml_backend_cuda_graph_compute: CUDA graph warmup complete
ggml_backend_cuda_graph_compute: CUDA graph warmup complete
ggml_backend_cuda_graph_compute: CUDA graph warmup complete
ggml_backend_cuda_graph_compute: CUDA graph warmup complete
ggml_backend_cuda_graph_compute: CUDA graph warmup complete
ggml_backend_cuda_graph_compute: CUDA graph warmup complete
ggml_backend_cuda_graph_compute: CUDA graph warmup complete
ggml_backend_cuda_graph_compute: CUDA graph warmup complete
ggml_backend_cuda_graph_compute: CUDA graph warmup complete
ggml_backend_cuda_graph_compute: CUDA graph warmup complete
ggml_backend_cuda_graph_compute: CUDA graph warmup complete
ggml_backend_cuda_graph_compute: CUDA graph warmup complete
ggml_backend_cuda_graph_compute: CUDA graph warmup complete
ggml_backend_cuda_graph_compute: CUDA graph warmup complete
ggml_backend_cuda_graph_compute: CUDA graph warmup complete
ggml_backend_cuda_graph_compute: CUDA graph warmup complete
ggml_backend_cuda_graph_compute: CUDA graph warmup complete
ggml_backend_cuda_graph_compute: CUDA graph warmup complete
ggml_backend_cuda_graph_compute: CUDA graph warmup complete
ggml_backend_cuda_graph_compute: CUDA graph warmup complete
ggml_backend_cuda_graph_compute: CUDA graph warmup complete
ggml_backend_cuda_graph_compute: CUDA graph warmup complete
ggml_backend_cuda_graph_compute: CUDA graph warmup complete
ggml_backend_cuda_graph_compute: CUDA graph warmup complete
ggml_backend_cuda_graph_compute: CUDA graph warmup complete
ggml_backend_cuda_graph_compute: CUDA graph warmup complete
ggml_backend_cuda_graph_compute: CUDA graph warmup complete
ggml_backend_cuda_graph_compute: CUDA graph warmup complete
ggml_backend_cuda_graph_compute: CUDA graph warmup complete
ggml_backend_cuda_graph_compute: CUDA graph warmup complete
ggml_backend_cuda_graph_compute: CUDA graph warmup complete
ggml_backend_cuda_graph_compute: CUDA graph warmup complete
ggml_backend_cuda_graph_compute: CUDA graph warmup complete
ggml_backend_cuda_graph_compute: CUDA graph warmup complete
ggml_backend_cuda_graph_compute: CUDA graph warmup complete
ggml_backend_cuda_graph_compute: CUDA graph warmup complete
ggml_backend_cuda_graph_compute: CUDA graph warmup complete
ggml_backend_cuda_graph_compute: CUDA graph warmup complete
ggml_backend_cuda_graph_compute: CUDA graph warmup complete
ggml_backend_cuda_graph_compute: CUDA graph warmup complete
CUDA Graph id 1257 reused
ggml_backend_cuda_graph_compute: CUDA graph warmup complete
CUDA Graph id 1258 reused
CUDA Graph id 1259 reused
CUDA Graph id 1260 reused
ggml_backend_cuda_graph_compute: CUDA graph warmup complete
CUDA Graph id 1262 reused
ggml_backend_cuda_graph_compute: CUDA graph warmup complete
CUDA Graph id 1263 reused
CUDA Graph id 1264 reused
CUDA Graph id 1265 reused
ggml_backend_cuda_graph_compute: CUDA graph warmup complete
CUDA Graph id 1266 reused
CUDA Graph id 1267 reused
CUDA Graph id 1268 reused
CUDA Graph id 1269 reused
CUDA Graph id 1270 reused
CUDA Graph id 1271 reused
ggml_backend_cuda_graph_compute: CUDA graph warmup complete
CUDA Graph id 1272 reused
CUDA Graph id 1273 reused
CUDA Graph id 1274 reused
ggml_backend_cuda_graph_compute: CUDA graph warmup complete
CUDA Graph id 1275 reused
CUDA Graph id 1276 reused
CUDA Graph id 1277 reused
ggml_backend_cuda_graph_compute: CUDA graph warmup complete
CUDA Graph id 1278 reused
CUDA Graph id 1279 reused
CUDA Graph id 1280 reused
CUDA Graph id 1281 reused
CUDA Graph id 1282 reused
CUDA Graph id 1283 reused
ggml_backend_cuda_graph_compute: CUDA graph warmup complete
CUDA Graph id 1284 reused
CUDA Graph id 1285 reused
CUDA Graph id 1286 reused
ggml_backend_cuda_graph_compute: CUDA graph warmup complete
CUDA Graph id 1287 reused
CUDA Graph id 1288 reused
CUDA Graph id 1289 reused
ggml_backend_cuda_graph_compute: CUDA graph warmup complete
CUDA Graph id 1290 reused
CUDA Graph id 1291 reused
CUDA Graph id 1292 reused
CUDA Graph id 1293 reused
CUDA Graph id 1294 reused
CUDA Graph id 1295 reused
ggml_backend_cuda_graph_compute: CUDA graph warmup complete
CUDA Graph id 1296 reused
CUDA Graph id 1297 reused
CUDA Graph id 1298 reused
ggml_backend_cuda_graph_compute: CUDA graph warmup complete
CUDA Graph id 1299 reused
CUDA Graph id 1300 reused
CUDA Graph id 1301 reused
ggml_backend_cuda_graph_compute: CUDA graph warmup complete
CUDA Graph id 1302 reused
CUDA Graph id 1303 reused
CUDA Graph id 1304 reused
CUDA Graph id 1305 reused
CUDA Graph id 1306 reused
CUDA Graph id 1307 reused
ggml_backend_cuda_graph_compute: CUDA graph warmup complete
CUDA Graph id 1308 reused
CUDA Graph id 1309 reused
CUDA Graph id 1310 reused
ggml_backend_cuda_graph_compute: CUDA graph warmup complete
CUDA Graph id 1311 reused
CUDA Graph id 1312 reused
CUDA Graph id 1313 reused
ggml_backend_cuda_graph_compute: CUDA graph warmup complete
CUDA Graph id 1314 reused
CUDA Graph id 1315 reused
CUDA Graph id 1316 reused
CUDA Graph id 1317 reused
CUDA Graph id 1318 reused
CUDA Graph id 1319 reused
ggml_backend_cuda_graph_compute: CUDA graph warmup complete
CUDA Graph id 1320 reused
CUDA Graph id 1321 reused
CUDA Graph id 1322 reused
ggml_backend_cuda_graph_compute: CUDA graph warmup complete
CUDA Graph id 1323 reused
CUDA Graph id 1324 reused
CUDA Graph id 1325 reused
ggml_backend_cuda_graph_compute: CUDA graph warmup complete
CUDA Graph id 1326 reused
CUDA Graph id 1327 reused
CUDA Graph id 1328 reused
CUDA Graph id 1329 reused
CUDA Graph id 1330 reused
CUDA Graph id 1331 reused
ggml_backend_cuda_graph_compute: CUDA graph warmup complete
CUDA Graph id 1332 reused
CUDA Graph id 1333 reused
CUDA Graph id 1334 reused
ggml_backend_cuda_graph_compute: CUDA graph warmup complete
CUDA Graph id 1335 reused
CUDA Graph id 1336 reused
CUDA Graph id 1337 reused
ggml_backend_cuda_graph_compute: CUDA graph warmup complete
CUDA Graph id 1338 reused
CUDA Graph id 1339 reused
CUDA Graph id 1340 reused
CUDA Graph id 1341 reused
CUDA Graph id 1342 reused
CUDA Graph id 1343 reused
ggml_backend_cuda_graph_compute: CUDA graph warmup complete
CUDA Graph id 1344 reused
CUDA Graph id 1345 reused
CUDA Graph id 1346 reused
ggml_backend_cuda_graph_compute: CUDA graph warmup complete
CUDA Graph id 1347 reused
CUDA Graph id 1348 reused
CUDA Graph id 1349 reused
ggml_backend_cuda_graph_compute: CUDA graph warmup complete
CUDA Graph id 1350 reused
CUDA Graph id 1351 reused
CUDA Graph id 1352 reused
CUDA Graph id 1353 reused
CUDA Graph id 1354 reused
CUDA Graph id 1355 reused
ggml_backend_cuda_graph_compute: CUDA graph warmup complete
CUDA Graph id 1356 reused
CUDA Graph id 1357 reused
CUDA Graph id 1358 reused
ggml_backend_cuda_graph_compute: CUDA graph warmup complete
CUDA Graph id 1359 reused
CUDA Graph id 1360 reused
CUDA Graph id 1361 reused
ggml_backend_cuda_graph_compute: CUDA graph warmup complete
CUDA Graph id 1362 reused
CUDA Graph id 1363 reused
CUDA Graph id 1364 reused
CUDA Graph id 1365 reused
CUDA Graph id 1366 reused
CUDA Graph id 1367 reused
ggml_backend_cuda_graph_compute: CUDA graph warmup complete
CUDA Graph id 1368 reused
CUDA Graph id 1369 reused
CUDA Graph id 1370 reused
ggml_backend_cuda_graph_compute: CUDA graph warmup complete
CUDA Graph id 1371 reused
CUDA Graph id 1372 reused
CUDA Graph id 1373 reused
ggml_backend_cuda_graph_compute: CUDA graph warmup complete
CUDA Graph id 1374 reused
CUDA Graph id 1375 reused
CUDA Graph id 1376 reused
CUDA Graph id 1377 reused
CUDA Graph id 1378 reused
CUDA Graph id 1379 reused
ggml_backend_cuda_graph_compute: CUDA graph warmup complete
CUDA Graph id 1380 reused
CUDA Graph id 1381 reused
CUDA Graph id 1382 reused
ggml_backend_cuda_graph_compute: CUDA graph warmup complete
CUDA Graph id 1383 reused
CUDA Graph id 1384 reused
CUDA Graph id 1385 reused
ggml_backend_cuda_graph_compute: CUDA graph warmup complete
CUDA Graph id 1386 reused
CUDA Graph id 1387 reused
CUDA Graph id 1388 reused
CUDA Graph id 1389 reused
CUDA Graph id 1390 reused
CUDA Graph id 1391 reused
ggml_backend_cuda_graph_compute: CUDA graph warmup complete
CUDA Graph id 1392 reused
CUDA Graph id 1393 reused
CUDA Graph id 1394 reused
ggml_backend_cuda_graph_compute: CUDA graph warmup complete
CUDA Graph id 1395 reused
CUDA Graph id 1396 reused
CUDA Graph id 1397 reused
ggml_backend_cuda_graph_compute: CUDA graph warmup complete
CUDA Graph id 1398 reused
CUDA Graph id 1399 reused
CUDA Graph id 1400 reused
CUDA Graph id 1402 reused
CUDA Graph id 1257 reused
CUDA Graph id 1258 reused
CUDA Graph id 1259 reused
CUDA Graph id 1260 reused
CUDA Graph id 1262 reused
CUDA Graph id 1263 reused
CUDA Graph id 1264 reused
CUDA Graph id 1265 reused
CUDA Graph id 1266 reused
CUDA Graph id 1267 reused
CUDA Graph id 1268 reused
CUDA Graph id 1269 reused
CUDA Graph id 1270 reused
CUDA Graph id 1271 reused
CUDA Graph id 1272 reused
CUDA Graph id 1273 reused
CUDA Graph id 1274 reused
CUDA Graph id 1275 reused
CUDA Graph id 1276 reused
CUDA Graph id 1277 reused
CUDA Graph id 1278 reused
CUDA Graph id 1279 reused
CUDA Graph id 1280 reused
CUDA Graph id 1281 reused
CUDA Graph id 1282 reused
CUDA Graph id 1283 reused
CUDA Graph id 1284 reused
CUDA Graph id 1285 reused
CUDA Graph id 1286 reused
CUDA Graph id 1287 reused
CUDA Graph id 1288 reused
CUDA Graph id 1289 reused
CUDA Graph id 1290 reused
CUDA Graph id 1291 reused
CUDA Graph id 1292 reused
CUDA Graph id 1293 reused
CUDA Graph id 1294 reused
CUDA Graph id 1295 reused
CUDA Graph id 1296 reused
CUDA Graph id 1297 reused
CUDA Graph id 1298 reused
CUDA Graph id 1299 reused
CUDA Graph id 1300 reused
CUDA Graph id 1301 reused
CUDA Graph id 1302 reused
CUDA Graph id 1303 reused
CUDA Graph id 1304 reused
CUDA Graph id 1305 reused
CUDA Graph id 1306 reused
CUDA Graph id 1307 reused
CUDA Graph id 1308 reused
CUDA Graph id 1309 reused
CUDA Graph id 1310 reused
CUDA Graph id 1311 reused
CUDA Graph id 1312 reused
CUDA Graph id 1313 reused
CUDA Graph id 1314 reused
CUDA Graph id 1315 reused
CUDA Graph id 1316 reused
CUDA Graph id 1317 reused
CUDA Graph id 1318 reused
CUDA Graph id 1319 reused
CUDA Graph id 1320 reused
CUDA Graph id 1321 reused
CUDA Graph id 1322 reused
CUDA Graph id 1323 reused
CUDA Graph id 1324 reused
CUDA Graph id 1325 reused
CUDA Graph id 1326 reused
CUDA Graph id 1327 reused
CUDA Graph id 1328 reused
CUDA Graph id 1329 reused
CUDA Graph id 1330 reused
CUDA Graph id 1331 reused
CUDA Graph id 1332 reused
CUDA Graph id 1333 reused
CUDA Graph id 1334 reused
CUDA Graph id 1335 reused
CUDA Graph id 1336 reused
CUDA Graph id 1337 reused
CUDA Graph id 1338 reused
CUDA Graph id 1339 reused
CUDA Graph id 1340 reused
CUDA Graph id 1341 reused
CUDA Graph id 1342 reused
CUDA Graph id 1343 reused
CUDA Graph id 1344 reused
CUDA Graph id 1345 reused
CUDA Graph id 1346 reused
CUDA Graph id 1347 reused
CUDA Graph id 1348 reused
CUDA Graph id 1349 reused
CUDA Graph id 1350 reused
CUDA Graph id 1351 reused
CUDA Graph id 1352 reused
CUDA Graph id 1353 reused
CUDA Graph id 1354 reused
CUDA Graph id 1355 reused
CUDA Graph id 1356 reused
CUDA Graph id 1357 reused
CUDA Graph id 1358 reused
CUDA Graph id 1359 reused
CUDA Graph id 1360 reused
CUDA Graph id 1361 reused
CUDA Graph id 1362 reused
CUDA Graph id 1363 reused
CUDA Graph id 1364 reused
CUDA Graph id 1365 reused
CUDA Graph id 1366 reused
CUDA Graph id 1367 reused
CUDA Graph id 1368 reused
CUDA Graph id 1369 reused
CUDA Graph id 1370 reused
CUDA Graph id 1371 reused
CUDA Graph id 1372 reused
CUDA Graph id 1373 reused
CUDA Graph id 1374 reused
CUDA Graph id 1375 reused
CUDA Graph id 1376 reused
CUDA Graph id 1377 reused
CUDA Graph id 1378 reused
CUDA Graph id 1379 reused
CUDA Graph id 1380 reused
CUDA Graph id 1381 reused
CUDA Graph id 1382 reused
CUDA Graph id 1383 reused
CUDA Graph id 1384 reused
CUDA Graph id 1385 reused
CUDA Graph id 1386 reused
CUDA Graph id 1387 reused
CUDA Graph id 1388 reused
CUDA Graph id 1389 reused
CUDA Graph id 1390 reused
CUDA Graph id 1391 reused
CUDA Graph id 1392 reused
CUDA Graph id 1393 reused
CUDA Graph id 1394 reused
CUDA Graph id 1395 reused
CUDA Graph id 1396 reused
CUDA Graph id 1397 reused
CUDA Graph id 1398 reused
CUDA Graph id 1399 reused
CUDA Graph id 1400 reused
CUDA Graph id 1402 reused
ggml_backend_cuda_graph_compute: CUDA graph warmup reset
ggml_backend_cuda_graph_compute: CUDA graph warmup reset
ggml_backend_cuda_graph_compute: CUDA graph warmup reset
ggml_backend_cuda_graph_compute: CUDA graph warmup reset
ggml_backend_cuda_graph_compute: CUDA graph warmup reset
ggml_backend_cuda_graph_compute: CUDA graph warmup reset
ggml_backend_cuda_graph_compute: CUDA graph warmup reset
ggml_backend_cuda_graph_compute: CUDA graph warmup reset
ggml_backend_cuda_graph_compute: CUDA graph warmup reset
ggml_backend_cuda_graph_compute: CUDA graph warmup reset
ggml_backend_cuda_graph_compute: CUDA graph warmup reset
ggml_backend_cuda_graph_compute: CUDA graph warmup reset
ggml_backend_cuda_graph_compute: CUDA graph warmup reset
ggml_backend_cuda_graph_compute: CUDA graph warmup reset
ggml_backend_cuda_graph_compute: CUDA graph warmup reset
ggml_backend_cuda_graph_compute: CUDA graph warmup reset
ggml_backend_cuda_graph_compute: CUDA graph warmup reset
ggml_backend_cuda_graph_compute: CUDA graph warmup reset
ggml_backend_cuda_graph_compute: CUDA graph warmup reset
ggml_backend_cuda_graph_compute: CUDA graph warmup reset
ggml_backend_cuda_graph_compute: CUDA graph warmup reset
ggml_backend_cuda_graph_compute: CUDA graph warmup reset
ggml_backend_cuda_graph_compute: CUDA graph warmup reset
ggml_backend_cuda_graph_compute: CUDA graph warmup reset
ggml_backend_cuda_graph_compute: CUDA graph warmup reset
ggml_backend_cuda_graph_compute: CUDA graph warmup reset
ggml_backend_cuda_graph_compute: CUDA graph warmup reset
ggml_backend_cuda_graph_compute: CUDA graph warmup reset
ggml_backend_cuda_graph_compute: CUDA graph warmup reset
ggml_backend_cuda_graph_compute: CUDA graph warmup reset
ggml_backend_cuda_graph_compute: CUDA graph warmup reset
ggml_backend_cuda_graph_compute: CUDA graph warmup reset
ggml_backend_cuda_graph_compute: CUDA graph warmup reset
ggml_backend_cuda_graph_compute: CUDA graph warmup reset
ggml_backend_cuda_graph_compute: CUDA graph warmup reset
ggml_backend_cuda_graph_compute: CUDA graph warmup reset
ggml_backend_cuda_graph_compute: CUDA graph warmup reset
ggml_backend_cuda_graph_compute: CUDA graph warmup reset
ggml_backend_cuda_graph_compute: CUDA graph warmup reset
ggml_backend_cuda_graph_compute: CUDA graph warmup reset
ggml_backend_cuda_graph_compute: CUDA graph warmup reset
ggml_backend_cuda_graph_compute: CUDA graph warmup reset
ggml_backend_cuda_graph_compute: CUDA graph warmup reset
ggml_backend_cuda_graph_compute: CUDA graph warmup reset
ggml_backend_cuda_graph_compute: CUDA graph warmup reset
ggml_backend_cuda_graph_compute: CUDA graph warmup reset
ggml_backend_cuda_graph_compute: CUDA graph warmup reset
ggml_backend_cuda_graph_compute: CUDA graph warmup reset
ggml_backend_cuda_graph_compute: CUDA graph warmup reset
ggml_backend_cuda_graph_compute: CUDA graph warmup reset
ggml_backend_cuda_graph_compute: CUDA graph warmup reset
ggml_backend_cuda_graph_compute: CUDA graph warmup reset
ggml_backend_cuda_graph_compute: CUDA graph warmup reset
ggml_backend_cuda_graph_compute: CUDA graph warmup reset
ggml_backend_cuda_graph_compute: CUDA graph warmup reset
ggml_backend_cuda_graph_compute: CUDA graph warmup reset
ggml_backend_cuda_graph_compute: CUDA graph warmup reset
ggml_backend_cuda_graph_compute: CUDA graph warmup reset
ggml_backend_cuda_graph_compute: CUDA graph warmup reset
ggml_backend_cuda_graph_compute: CUDA graph warmup reset
ggml_backend_cuda_graph_compute: CUDA graph warmup reset
ggml_backend_cuda_graph_compute: CUDA graph warmup reset
ggml_backend_cuda_graph_compute: CUDA graph warmup reset
ggml_backend_cuda_graph_compute: CUDA graph warmup reset
ggml_backend_cuda_graph_compute: CUDA graph warmup reset
ggml_backend_cuda_graph_compute: CUDA graph warmup reset
ggml_backend_cuda_graph_compute: CUDA graph warmup reset
ggml_backend_cuda_graph_compute: CUDA graph warmup reset
ggml_backend_cuda_graph_compute: CUDA graph warmup reset
ggml_backend_cuda_graph_compute: CUDA graph warmup reset
ggml_backend_cuda_graph_compute: CUDA graph warmup reset
ggml_backend_cuda_graph_compute: CUDA graph warmup reset
ggml_backend_cuda_graph_compute: CUDA graph warmup reset
ggml_backend_cuda_graph_compute: CUDA graph warmup reset
ggml_backend_cuda_graph_compute: CUDA graph warmup reset
ggml_backend_cuda_graph_compute: CUDA graph warmup reset
ggml_backend_cuda_graph_compute: CUDA graph warmup reset
ggml_backend_cuda_graph_compute: CUDA graph warmup reset
ggml_backend_cuda_graph_compute: CUDA graph warmup reset
ggml_backend_cuda_graph_compute: CUDA graph warmup reset
ggml_backend_cuda_graph_compute: CUDA graph warmup reset
ggml_backend_cuda_graph_compute: CUDA graph warmup reset
ggml_backend_cuda_graph_compute: CUDA graph warmup reset
ggml_backend_cuda_graph_compute: CUDA graph warmup reset
ggml_backend_cuda_graph_compute: CUDA graph warmup reset
ggml_backend_cuda_graph_compute: CUDA graph warmup reset
ggml_backend_cuda_graph_compute: CUDA graph warmup reset
ggml_backend_cuda_graph_compute: CUDA graph warmup reset
ggml_backend_cuda_graph_compute: CUDA graph warmup reset
ggml_backend_cuda_graph_compute: CUDA graph warmup reset
ggml_backend_cuda_graph_compute: CUDA graph warmup reset
ggml_backend_cuda_graph_compute: CUDA graph warmup reset
ggml_backend_cuda_graph_compute: CUDA graph warmup reset
ggml_backend_cuda_graph_compute: CUDA graph warmup reset
ggml_backend_cuda_graph_compute: CUDA graph warmup reset
ggml_backend_cuda_graph_compute: CUDA graph warmup reset
ggml_backend_cuda_graph_compute: CUDA graph warmup reset
ggml_backend_cuda_graph_compute: CUDA graph warmup reset
ggml_backend_cuda_graph_compute: CUDA graph warmup reset
ggml_backend_cuda_graph_compute: CUDA graph warmup reset
ggml_backend_cuda_graph_compute: CUDA graph warmup reset
ggml_backend_cuda_graph_compute: CUDA graph warmup reset
ggml_backend_cuda_graph_compute: CUDA graph warmup reset
ggml_backend_cuda_graph_compute: CUDA graph warmup reset
ggml_backend_cuda_graph_compute: CUDA graph warmup reset
ggml_backend_cuda_graph_compute: CUDA graph warmup reset
ggml_backend_cuda_graph_compute: CUDA graph warmup reset
ggml_backend_cuda_graph_compute: CUDA graph warmup reset
ggml_backend_cuda_graph_compute: CUDA graph warmup reset
ggml_backend_cuda_graph_compute: CUDA graph warmup reset
ggml_backend_cuda_graph_compute: CUDA graph warmup reset
ggml_backend_cuda_graph_compute: CUDA graph warmup reset
ggml_backend_cuda_graph_compute: CUDA graph warmup reset
ggml_backend_cuda_graph_compute: CUDA graph warmup reset
ggml_backend_cuda_graph_compute: CUDA graph warmup reset
ggml_backend_cuda_graph_compute: CUDA graph warmup reset
ggml_backend_cuda_graph_compute: CUDA graph warmup reset
ggml_backend_cuda_graph_compute: CUDA graph warmup reset
ggml_backend_cuda_graph_compute: CUDA graph warmup reset
ggml_backend_cuda_graph_compute: CUDA graph warmup reset
ggml_backend_cuda_graph_compute: CUDA graph warmup reset
ggml_backend_cuda_graph_compute: CUDA graph warmup reset
ggml_backend_cuda_graph_compute: CUDA graph warmup reset
ggml_backend_cuda_graph_compute: CUDA graph warmup reset
ggml_backend_cuda_graph_compute: CUDA graph warmup reset
ggml_backend_cuda_graph_compute: CUDA graph warmup reset
ggml_backend_cuda_graph_compute: CUDA graph warmup reset
ggml_backend_cuda_graph_compute: CUDA graph warmup reset
ggml_backend_cuda_graph_compute: CUDA graph warmup reset
ggml_backend_cuda_graph_compute: CUDA graph warmup reset
ggml_backend_cuda_graph_compute: CUDA graph warmup reset
ggml_backend_cuda_graph_compute: CUDA graph warmup reset
ggml_backend_cuda_graph_compute: CUDA graph warmup reset
ggml_backend_cuda_graph_compute: CUDA graph warmup reset
ggml_backend_cuda_graph_compute: CUDA graph warmup reset
ggml_backend_cuda_graph_compute: CUDA graph warmup reset
ggml_backend_cuda_graph_compute: CUDA graph warmup reset
ggml_backend_cuda_graph_compute: CUDA graph warmup reset
ggml_backend_cuda_graph_compute: CUDA graph warmup reset
ggml_backend_cuda_graph_compute: CUDA graph warmup reset
ggml_backend_cuda_graph_compute: CUDA graph warmup reset
ggml_backend_cuda_graph_compute: CUDA graph warmup reset
ggml_backend_cuda_graph_compute: CUDA graph warmup reset
ggml_backend_cuda_graph_compute: CUDA graph warmup reset
CUDA Graph id 1405 reused
ggml_backend_cuda_graph_compute: CUDA graph warmup complete
CUDA Graph id 1406 reused
ggml_backend_cuda_graph_compute: CUDA graph warmup complete
CUDA Graph id 1407 reused
ggml_backend_cuda_graph_compute: CUDA graph warmup complete
CUDA Graph id 1408 reused
ggml_backend_cuda_graph_compute: CUDA graph warmup complete
CUDA Graph id 1410 reused
ggml_backend_cuda_graph_compute: CUDA graph warmup complete
CUDA Graph id 1411 reused
ggml_backend_cuda_graph_compute: CUDA graph warmup complete
CUDA Graph id 1412 reused
ggml_backend_cuda_graph_compute: CUDA graph warmup complete
CUDA Graph id 1413 reused
ggml_backend_cuda_graph_compute: CUDA graph warmup complete
CUDA Graph id 1414 reused
ggml_backend_cuda_graph_compute: CUDA graph warmup complete
CUDA Graph id 1415 reused
ggml_backend_cuda_graph_compute: CUDA graph warmup complete
CUDA Graph id 1416 reused
ggml_backend_cuda_graph_compute: CUDA graph warmup complete
CUDA Graph id 1417 reused
ggml_backend_cuda_graph_compute: CUDA graph warmup complete
CUDA Graph id 1418 reused
ggml_backend_cuda_graph_compute: CUDA graph warmup complete
CUDA Graph id 1419 reused
ggml_backend_cuda_graph_compute: CUDA graph warmup complete
CUDA Graph id 1420 reused
ggml_backend_cuda_graph_compute: CUDA graph warmup complete
CUDA Graph id 1421 reused
ggml_backend_cuda_graph_compute: CUDA graph warmup complete
CUDA Graph id 1422 reused
ggml_backend_cuda_graph_compute: CUDA graph warmup complete
CUDA Graph id 1423 reused
ggml_backend_cuda_graph_compute: CUDA graph warmup complete
CUDA Graph id 1424 reused
ggml_backend_cuda_graph_compute: CUDA graph warmup complete
CUDA Graph id 1425 reused
ggml_backend_cuda_graph_compute: CUDA graph warmup complete
CUDA Graph id 1426 reused
ggml_backend_cuda_graph_compute: CUDA graph warmup complete
CUDA Graph id 1427 reused
ggml_backend_cuda_graph_compute: CUDA graph warmup complete
CUDA Graph id 1428 reused
ggml_backend_cuda_graph_compute: CUDA graph warmup complete
CUDA Graph id 1429 reused
ggml_backend_cuda_graph_compute: CUDA graph warmup complete
CUDA Graph id 1430 reused
ggml_backend_cuda_graph_compute: CUDA graph warmup complete
CUDA Graph id 1431 reused
ggml_backend_cuda_graph_compute: CUDA graph warmup complete
CUDA Graph id 1432 reused
ggml_backend_cuda_graph_compute: CUDA graph warmup complete
CUDA Graph id 1433 reused
ggml_backend_cuda_graph_compute: CUDA graph warmup complete
CUDA Graph id 1434 reused
ggml_backend_cuda_graph_compute: CUDA graph warmup complete
CUDA Graph id 1435 reused
ggml_backend_cuda_graph_compute: CUDA graph warmup complete
CUDA Graph id 1436 reused
ggml_backend_cuda_graph_compute: CUDA graph warmup complete
CUDA Graph id 1437 reused
ggml_backend_cuda_graph_compute: CUDA graph warmup complete
CUDA Graph id 1438 reused
ggml_backend_cuda_graph_compute: CUDA graph warmup complete
CUDA Graph id 1439 reused
ggml_backend_cuda_graph_compute: CUDA graph warmup complete
CUDA Graph id 1440 reused
ggml_backend_cuda_graph_compute: CUDA graph warmup complete
CUDA Graph id 1441 reused
ggml_backend_cuda_graph_compute: CUDA graph warmup complete
CUDA Graph id 1442 reused
ggml_backend_cuda_graph_compute: CUDA graph warmup complete
CUDA Graph id 1443 reused
ggml_backend_cuda_graph_compute: CUDA graph warmup complete
CUDA Graph id 1444 reused
ggml_backend_cuda_graph_compute: CUDA graph warmup complete
CUDA Graph id 1445 reused
ggml_backend_cuda_graph_compute: CUDA graph warmup complete
CUDA Graph id 1446 reused
ggml_backend_cuda_graph_compute: CUDA graph warmup complete
CUDA Graph id 1447 reused
ggml_backend_cuda_graph_compute: CUDA graph warmup complete
CUDA Graph id 1448 reused
ggml_backend_cuda_graph_compute: CUDA graph warmup complete
CUDA Graph id 1449 reused
ggml_backend_cuda_graph_compute: CUDA graph warmup complete
CUDA Graph id 1450 reused
ggml_backend_cuda_graph_compute: CUDA graph warmup complete
CUDA Graph id 1451 reused
ggml_backend_cuda_graph_compute: CUDA graph warmup complete
CUDA Graph id 1452 reused
ggml_backend_cuda_graph_compute: CUDA graph warmup complete
CUDA Graph id 1453 reused
ggml_backend_cuda_graph_compute: CUDA graph warmup complete
CUDA Graph id 1454 reused
ggml_backend_cuda_graph_compute: CUDA graph warmup complete
CUDA Graph id 1455 reused
ggml_backend_cuda_graph_compute: CUDA graph warmup complete
CUDA Graph id 1456 reused
ggml_backend_cuda_graph_compute: CUDA graph warmup complete
CUDA Graph id 1457 reused
ggml_backend_cuda_graph_compute: CUDA graph warmup complete
CUDA Graph id 1458 reused
ggml_backend_cuda_graph_compute: CUDA graph warmup complete
CUDA Graph id 1459 reused
ggml_backend_cuda_graph_compute: CUDA graph warmup complete
CUDA Graph id 1460 reused
ggml_backend_cuda_graph_compute: CUDA graph warmup complete
CUDA Graph id 1461 reused
ggml_backend_cuda_graph_compute: CUDA graph warmup complete
CUDA Graph id 1462 reused
ggml_backend_cuda_graph_compute: CUDA graph warmup complete
CUDA Graph id 1463 reused
ggml_backend_cuda_graph_compute: CUDA graph warmup complete
CUDA Graph id 1464 reused
ggml_backend_cuda_graph_compute: CUDA graph warmup complete
CUDA Graph id 1465 reused
ggml_backend_cuda_graph_compute: CUDA graph warmup complete
CUDA Graph id 1466 reused
ggml_backend_cuda_graph_compute: CUDA graph warmup complete
CUDA Graph id 1467 reused
ggml_backend_cuda_graph_compute: CUDA graph warmup complete
CUDA Graph id 1468 reused
ggml_backend_cuda_graph_compute: CUDA graph warmup complete
CUDA Graph id 1469 reused
ggml_backend_cuda_graph_compute: CUDA graph warmup complete
CUDA Graph id 1470 reused
ggml_backend_cuda_graph_compute: CUDA graph warmup complete
CUDA Graph id 1471 reused
ggml_backend_cuda_graph_compute: CUDA graph warmup complete
CUDA Graph id 1472 reused
ggml_backend_cuda_graph_compute: CUDA graph warmup complete
CUDA Graph id 1473 reused
ggml_backend_cuda_graph_compute: CUDA graph warmup complete
CUDA Graph id 1474 reused
ggml_backend_cuda_graph_compute: CUDA graph warmup complete
CUDA Graph id 1475 reused
ggml_backend_cuda_graph_compute: CUDA graph warmup complete
CUDA Graph id 1476 reused
ggml_backend_cuda_graph_compute: CUDA graph warmup complete
CUDA Graph id 1477 reused
ggml_backend_cuda_graph_compute: CUDA graph warmup complete
CUDA Graph id 1478 reused
ggml_backend_cuda_graph_compute: CUDA graph warmup complete
CUDA Graph id 1479 reused
ggml_backend_cuda_graph_compute: CUDA graph warmup complete
CUDA Graph id 1480 reused
ggml_backend_cuda_graph_compute: CUDA graph warmup complete
CUDA Graph id 1481 reused
ggml_backend_cuda_graph_compute: CUDA graph warmup complete
CUDA Graph id 1482 reused
ggml_backend_cuda_graph_compute: CUDA graph warmup complete
CUDA Graph id 1483 reused
ggml_backend_cuda_graph_compute: CUDA graph warmup complete
CUDA Graph id 1484 reused
ggml_backend_cuda_graph_compute: CUDA graph warmup complete
CUDA Graph id 1485 reused
ggml_backend_cuda_graph_compute: CUDA graph warmup complete
CUDA Graph id 1486 reused
ggml_backend_cuda_graph_compute: CUDA graph warmup complete
CUDA Graph id 1487 reused
ggml_backend_cuda_graph_compute: CUDA graph warmup complete
CUDA Graph id 1488 reused
ggml_backend_cuda_graph_compute: CUDA graph warmup complete
CUDA Graph id 1489 reused
ggml_backend_cuda_graph_compute: CUDA graph warmup complete
CUDA Graph id 1490 reused
ggml_backend_cuda_graph_compute: CUDA graph warmup complete
CUDA Graph id 1491 reused
ggml_backend_cuda_graph_compute: CUDA graph warmup complete
CUDA Graph id 1492 reused
ggml_backend_cuda_graph_compute: CUDA graph warmup complete
CUDA Graph id 1493 reused
ggml_backend_cuda_graph_compute: CUDA graph warmup complete
CUDA Graph id 1494 reused
ggml_backend_cuda_graph_compute: CUDA graph warmup complete
CUDA Graph id 1495 reused
ggml_backend_cuda_graph_compute: CUDA graph warmup complete
CUDA Graph id 1496 reused
ggml_backend_cuda_graph_compute: CUDA graph warmup complete
CUDA Graph id 1497 reused
ggml_backend_cuda_graph_compute: CUDA graph warmup complete
CUDA Graph id 1498 reused
ggml_backend_cuda_graph_compute: CUDA graph warmup complete
CUDA Graph id 1499 reused
ggml_backend_cuda_graph_compute: CUDA graph warmup complete
CUDA Graph id 1500 reused
ggml_backend_cuda_graph_compute: CUDA graph warmup complete
CUDA Graph id 1501 reused
ggml_backend_cuda_graph_compute: CUDA graph warmup complete
CUDA Graph id 1502 reused
ggml_backend_cuda_graph_compute: CUDA graph warmup complete
CUDA Graph id 1503 reused
ggml_backend_cuda_graph_compute: CUDA graph warmup complete
CUDA Graph id 1504 reused
ggml_backend_cuda_graph_compute: CUDA graph warmup complete
CUDA Graph id 1505 reused
ggml_backend_cuda_graph_compute: CUDA graph warmup complete
CUDA Graph id 1506 reused
ggml_backend_cuda_graph_compute: CUDA graph warmup complete
CUDA Graph id 1507 reused
ggml_backend_cuda_graph_compute: CUDA graph warmup complete
CUDA Graph id 1508 reused
ggml_backend_cuda_graph_compute: CUDA graph warmup complete
CUDA Graph id 1509 reused
ggml_backend_cuda_graph_compute: CUDA graph warmup complete
CUDA Graph id 1510 reused
ggml_backend_cuda_graph_compute: CUDA graph warmup complete
CUDA Graph id 1511 reused
ggml_backend_cuda_graph_compute: CUDA graph warmup complete
CUDA Graph id 1512 reused
ggml_backend_cuda_graph_compute: CUDA graph warmup complete
CUDA Graph id 1513 reused
ggml_backend_cuda_graph_compute: CUDA graph warmup complete
CUDA Graph id 1514 reused
ggml_backend_cuda_graph_compute: CUDA graph warmup complete
CUDA Graph id 1515 reused
ggml_backend_cuda_graph_compute: CUDA graph warmup complete
CUDA Graph id 1516 reused
ggml_backend_cuda_graph_compute: CUDA graph warmup complete
CUDA Graph id 1517 reused
ggml_backend_cuda_graph_compute: CUDA graph warmup complete
CUDA Graph id 1518 reused
ggml_backend_cuda_graph_compute: CUDA graph warmup complete
CUDA Graph id 1519 reused
ggml_backend_cuda_graph_compute: CUDA graph warmup complete
CUDA Graph id 1520 reused
ggml_backend_cuda_graph_compute: CUDA graph warmup complete
CUDA Graph id 1521 reused
ggml_backend_cuda_graph_compute: CUDA graph warmup complete
CUDA Graph id 1522 reused
ggml_backend_cuda_graph_compute: CUDA graph warmup complete
CUDA Graph id 1523 reused
ggml_backend_cuda_graph_compute: CUDA graph warmup complete
CUDA Graph id 1524 reused
ggml_backend_cuda_graph_compute: CUDA graph warmup complete
CUDA Graph id 1525 reused
ggml_backend_cuda_graph_compute: CUDA graph warmup complete
CUDA Graph id 1526 reused
ggml_backend_cuda_graph_compute: CUDA graph warmup complete
CUDA Graph id 1527 reused
ggml_backend_cuda_graph_compute: CUDA graph warmup complete
CUDA Graph id 1528 reused
ggml_backend_cuda_graph_compute: CUDA graph warmup complete
CUDA Graph id 1529 reused
ggml_backend_cuda_graph_compute: CUDA graph warmup complete
CUDA Graph id 1530 reused
ggml_backend_cuda_graph_compute: CUDA graph warmup complete
CUDA Graph id 1531 reused
ggml_backend_cuda_graph_compute: CUDA graph warmup complete
CUDA Graph id 1532 reused
ggml_backend_cuda_graph_compute: CUDA graph warmup complete
CUDA Graph id 1533 reused
ggml_backend_cuda_graph_compute: CUDA graph warmup complete
CUDA Graph id 1534 reused
ggml_backend_cuda_graph_compute: CUDA graph warmup complete
CUDA Graph id 1535 reused
ggml_backend_cuda_graph_compute: CUDA graph warmup complete
CUDA Graph id 1536 reused
ggml_backend_cuda_graph_compute: CUDA graph warmup complete
CUDA Graph id 1537 reused
ggml_backend_cuda_graph_compute: CUDA graph warmup complete
CUDA Graph id 1538 reused
ggml_backend_cuda_graph_compute: CUDA graph warmup complete
CUDA Graph id 1539 reused
ggml_backend_cuda_graph_compute: CUDA graph warmup complete
CUDA Graph id 1540 reused
ggml_backend_cuda_graph_compute: CUDA graph warmup complete
CUDA Graph id 1541 reused
ggml_backend_cuda_graph_compute: CUDA graph warmup complete
CUDA Graph id 1542 reused
ggml_backend_cuda_graph_compute: CUDA graph warmup complete
CUDA Graph id 1543 reused
ggml_backend_cuda_graph_compute: CUDA graph warmup complete
CUDA Graph id 1544 reused
ggml_backend_cuda_graph_compute: CUDA graph warmup complete
CUDA Graph id 1545 reused
ggml_backend_cuda_graph_compute: CUDA graph warmup complete
CUDA Graph id 1546 reused
ggml_backend_cuda_graph_compute: CUDA graph warmup complete
CUDA Graph id 1547 reused
ggml_backend_cuda_graph_compute: CUDA graph warmup complete
CUDA Graph id 1548 reused
ggml_backend_cuda_graph_compute: CUDA graph warmup complete
CUDA Graph id 1550 reused
ggml_backend_cuda_graph_compute: CUDA graph warmup complete
CUDA Graph id 1405 reused
CUDA Graph id 1406 reused
CUDA Graph id 1407 reused
CUDA Graph id 1408 reused
CUDA Graph id 1410 reused
CUDA Graph id 1411 reused
CUDA Graph id 1412 reused
CUDA Graph id 1413 reused
CUDA Graph id 1414 reused
CUDA Graph id 1415 reused
CUDA Graph id 1416 reused
CUDA Graph id 1417 reused
CUDA Graph id 1418 reused
CUDA Graph id 1419 reused
CUDA Graph id 1420 reused
CUDA Graph id 1421 reused
CUDA Graph id 1422 reused
CUDA Graph id 1423 reused
CUDA Graph id 1424 reused
CUDA Graph id 1425 reused
CUDA Graph id 1426 reused
CUDA Graph id 1427 reused
CUDA Graph id 1428 reused
CUDA Graph id 1429 reused
CUDA Graph id 1430 reused
CUDA Graph id 1431 reused
CUDA Graph id 1432 reused
CUDA Graph id 1433 reused
CUDA Graph id 1434 reused
CUDA Graph id 1435 reused
CUDA Graph id 1436 reused
CUDA Graph id 1437 reused
CUDA Graph id 1438 reused
CUDA Graph id 1439 reused
CUDA Graph id 1440 reused
CUDA Graph id 1441 reused
CUDA Graph id 1442 reused
CUDA Graph id 1443 reused
CUDA Graph id 1444 reused
CUDA Graph id 1445 reused
CUDA Graph id 1446 reused
CUDA Graph id 1447 reused
CUDA Graph id 1448 reused
CUDA Graph id 1449 reused
CUDA Graph id 1450 reused
CUDA Graph id 1451 reused
CUDA Graph id 1452 reused
CUDA Graph id 1453 reused
CUDA Graph id 1454 reused
CUDA Graph id 1455 reused
CUDA Graph id 1456 reused
CUDA Graph id 1457 reused
CUDA Graph id 1458 reused
CUDA Graph id 1459 reused
CUDA Graph id 1460 reused
CUDA Graph id 1461 reused
CUDA Graph id 1462 reused
CUDA Graph id 1463 reused
CUDA Graph id 1464 reused
CUDA Graph id 1465 reused
CUDA Graph id 1466 reused
CUDA Graph id 1467 reused
CUDA Graph id 1468 reused
CUDA Graph id 1469 reused
CUDA Graph id 1470 reused
CUDA Graph id 1471 reused
CUDA Graph id 1472 reused
CUDA Graph id 1473 reused
CUDA Graph id 1474 reused
CUDA Graph id 1475 reused
CUDA Graph id 1476 reused
CUDA Graph id 1477 reused
CUDA Graph id 1478 reused
CUDA Graph id 1479 reused
CUDA Graph id 1480 reused
CUDA Graph id 1481 reused
CUDA Graph id 1482 reused
CUDA Graph id 1483 reused
CUDA Graph id 1484 reused
CUDA Graph id 1485 reused
CUDA Graph id 1486 reused
CUDA Graph id 1487 reused
CUDA Graph id 1488 reused
CUDA Graph id 1489 reused
CUDA Graph id 1490 reused
CUDA Graph id 1491 reused
CUDA Graph id 1492 reused
CUDA Graph id 1493 reused
CUDA Graph id 1494 reused
CUDA Graph id 1495 reused
CUDA Graph id 1496 reused
CUDA Graph id 1497 reused
CUDA Graph id 1498 reused
CUDA Graph id 1499 reused
CUDA Graph id 1500 reused
CUDA Graph id 1501 reused
CUDA Graph id 1502 reused
CUDA Graph id 1503 reused
CUDA Graph id 1504 reused
CUDA Graph id 1505 reused
CUDA Graph id 1506 reused
CUDA Graph id 1507 reused
CUDA Graph id 1508 reused
CUDA Graph id 1509 reused
CUDA Graph id 1510 reused
CUDA Graph id 1511 reused
CUDA Graph id 1512 reused
CUDA Graph id 1513 reused
CUDA Graph id 1514 reused
CUDA Graph id 1515 reused
CUDA Graph id 1516 reused
CUDA Graph id 1517 reused
CUDA Graph id 1518 reused
CUDA Graph id 1519 reused
CUDA Graph id 1520 reused
CUDA Graph id 1521 reused
CUDA Graph id 1522 reused
CUDA Graph id 1523 reused
CUDA Graph id 1524 reused
CUDA Graph id 1525 reused
CUDA Graph id 1526 reused
CUDA Graph id 1527 reused
CUDA Graph id 1528 reused
CUDA Graph id 1529 reused
CUDA Graph id 1530 reused
CUDA Graph id 1531 reused
CUDA Graph id 1532 reused
CUDA Graph id 1533 reused
CUDA Graph id 1534 reused
CUDA Graph id 1535 reused
CUDA Graph id 1536 reused
CUDA Graph id 1537 reused
CUDA Graph id 1538 reused
CUDA Graph id 1539 reused
CUDA Graph id 1540 reused
CUDA Graph id 1541 reused
CUDA Graph id 1542 reused
CUDA Graph id 1543 reused
CUDA Graph id 1544 reused
CUDA Graph id 1545 reused
CUDA Graph id 1546 reused
CUDA Graph id 1547 reused
CUDA Graph id 1548 reused
CUDA Graph id 1550 reused
CUDA Graph id 1405 reused
CUDA Graph id 1406 reused
CUDA Graph id 1407 reused
CUDA Graph id 1408 reused
CUDA Graph id 1410 reused
CUDA Graph id 1411 reused
CUDA Graph id 1412 reused
CUDA Graph id 1413 reused
CUDA Graph id 1414 reused
CUDA Graph id 1415 reused
CUDA Graph id 1416 reused
CUDA Graph id 1417 reused
CUDA Graph id 1418 reused
CUDA Graph id 1419 reused
CUDA Graph id 1420 reused
CUDA Graph id 1421 reused
CUDA Graph id 1422 reused
CUDA Graph id 1423 reused
CUDA Graph id 1424 reused
CUDA Graph id 1425 reused
CUDA Graph id 1426 reused
CUDA Graph id 1427 reused
CUDA Graph id 1428 reused
CUDA Graph id 1429 reused
CUDA Graph id 1430 reused
CUDA Graph id 1431 reused
CUDA Graph id 1432 reused
CUDA Graph id 1433 reused
CUDA Graph id 1434 reused
CUDA Graph id 1435 reused
CUDA Graph id 1436 reused
CUDA Graph id 1437 reused
CUDA Graph id 1438 reused
CUDA Graph id 1439 reused
CUDA Graph id 1440 reused
CUDA Graph id 1441 reused
CUDA Graph id 1442 reused
CUDA Graph id 1443 reused
CUDA Graph id 1444 reused
CUDA Graph id 1445 reused
CUDA Graph id 1446 reused
CUDA Graph id 1447 reused
CUDA Graph id 1448 reused
CUDA Graph id 1449 reused
CUDA Graph id 1450 reused
CUDA Graph id 1451 reused
CUDA Graph id 1452 reused
CUDA Graph id 1453 reused
CUDA Graph id 1454 reused
CUDA Graph id 1455 reused
CUDA Graph id 1456 reused
CUDA Graph id 1457 reused
CUDA Graph id 1458 reused
CUDA Graph id 1459 reused
CUDA Graph id 1460 reused
CUDA Graph id 1461 reused
CUDA Graph id 1462 reused
CUDA Graph id 1463 reused
CUDA Graph id 1464 reused
CUDA Graph id 1465 reused
CUDA Graph id 1466 reused
CUDA Graph id 1467 reused
CUDA Graph id 1468 reused
CUDA Graph id 1469 reused
CUDA Graph id 1470 reused
CUDA Graph id 1471 reused
CUDA Graph id 1472 reused
CUDA Graph id 1473 reused
CUDA Graph id 1474 reused
CUDA Graph id 1475 reused
CUDA Graph id 1476 reused
CUDA Graph id 1477 reused
CUDA Graph id 1478 reused
CUDA Graph id 1479 reused
CUDA Graph id 1480 reused
CUDA Graph id 1481 reused
CUDA Graph id 1482 reused
CUDA Graph id 1483 reused
CUDA Graph id 1484 reused
CUDA Graph id 1485 reused
CUDA Graph id 1486 reused
CUDA Graph id 1487 reused
CUDA Graph id 1488 reused
CUDA Graph id 1489 reused
CUDA Graph id 1490 reused
CUDA Graph id 1491 reused
CUDA Graph id 1492 reused
CUDA Graph id 1493 reused
CUDA Graph id 1494 reused
CUDA Graph id 1495 reused
CUDA Graph id 1496 reused
CUDA Graph id 1497 reused
CUDA Graph id 1498 reused
CUDA Graph id 1499 reused
CUDA Graph id 1500 reused
CUDA Graph id 1501 reused
CUDA Graph id 1502 reused
CUDA Graph id 1503 reused
CUDA Graph id 1504 reused
CUDA Graph id 1505 reused
CUDA Graph id 1506 reused
CUDA Graph id 1507 reused
CUDA Graph id 1508 reused
CUDA Graph id 1509 reused
CUDA Graph id 1510 reused
CUDA Graph id 1511 reused
CUDA Graph id 1512 reused
CUDA Graph id 1513 reused
CUDA Graph id 1514 reused
CUDA Graph id 1515 reused
CUDA Graph id 1516 reused
CUDA Graph id 1517 reused
CUDA Graph id 1518 reused
CUDA Graph id 1519 reused
CUDA Graph id 1520 reused
CUDA Graph id 1521 reused
CUDA Graph id 1522 reused
CUDA Graph id 1523 reused
CUDA Graph id 1524 reused
CUDA Graph id 1525 reused
CUDA Graph id 1526 reused
CUDA Graph id 1527 reused
CUDA Graph id 1528 reused
CUDA Graph id 1529 reused
CUDA Graph id 1530 reused
CUDA Graph id 1531 reused
CUDA Graph id 1532 reused
CUDA Graph id 1533 reused
CUDA Graph id 1534 reused
CUDA Graph id 1535 reused
CUDA Graph id 1536 reused
CUDA Graph id 1537 reused
CUDA Graph id 1538 reused
CUDA Graph id 1539 reused
CUDA Graph id 1540 reused
CUDA Graph id 1541 reused
CUDA Graph id 1542 reused
CUDA Graph id 1543 reused
CUDA Graph id 1544 reused
CUDA Graph id 1545 reused
CUDA Graph id 1546 reused
CUDA Graph id 1547 reused
CUDA Graph id 1548 reused
CUDA Graph id 1550 reused
ggml_backend_cuda_graph_compute: CUDA graph warmup reset
ggml_backend_cuda_graph_compute: CUDA graph warmup reset
ggml_backend_cuda_graph_compute: CUDA graph warmup reset
ggml_backend_cuda_graph_compute: CUDA graph warmup reset
ggml_backend_cuda_graph_compute: CUDA graph warmup reset
ggml_backend_cuda_graph_compute: CUDA graph warmup reset
ggml_backend_cuda_graph_compute: CUDA graph warmup reset
ggml_backend_cuda_graph_compute: CUDA graph warmup reset
ggml_backend_cuda_graph_compute: CUDA graph warmup reset
ggml_backend_cuda_graph_compute: CUDA graph warmup reset
ggml_backend_cuda_graph_compute: CUDA graph warmup reset
ggml_backend_cuda_graph_compute: CUDA graph warmup reset
ggml_backend_cuda_graph_compute: CUDA graph warmup reset
ggml_backend_cuda_graph_compute: CUDA graph warmup reset
ggml_backend_cuda_graph_compute: CUDA graph warmup reset
ggml_backend_cuda_graph_compute: CUDA graph warmup reset
ggml_backend_cuda_graph_compute: CUDA graph warmup reset
ggml_backend_cuda_graph_compute: CUDA graph warmup reset
ggml_backend_cuda_graph_compute: CUDA graph warmup reset
ggml_backend_cuda_graph_compute: CUDA graph warmup reset
ggml_backend_cuda_graph_compute: CUDA graph warmup reset
ggml_backend_cuda_graph_compute: CUDA graph warmup reset
ggml_backend_cuda_graph_compute: CUDA graph warmup reset
ggml_backend_cuda_graph_compute: CUDA graph warmup reset
ggml_backend_cuda_graph_compute: CUDA graph warmup reset
ggml_backend_cuda_graph_compute: CUDA graph warmup reset
ggml_backend_cuda_graph_compute: CUDA graph warmup reset
ggml_backend_cuda_graph_compute: CUDA graph warmup reset
ggml_backend_cuda_graph_compute: CUDA graph warmup reset
ggml_backend_cuda_graph_compute: CUDA graph warmup reset
ggml_backend_cuda_graph_compute: CUDA graph warmup reset
ggml_backend_cuda_graph_compute: CUDA graph warmup reset
ggml_backend_cuda_graph_compute: CUDA graph warmup reset
ggml_backend_cuda_graph_compute: CUDA graph warmup reset
ggml_backend_cuda_graph_compute: CUDA graph warmup reset
ggml_backend_cuda_graph_compute: CUDA graph warmup reset
ggml_backend_cuda_graph_compute: CUDA graph warmup reset
ggml_backend_cuda_graph_compute: CUDA graph warmup reset
ggml_backend_cuda_graph_compute: CUDA graph warmup reset
ggml_backend_cuda_graph_compute: CUDA graph warmup reset
ggml_backend_cuda_graph_compute: CUDA graph warmup reset
ggml_backend_cuda_graph_compute: CUDA graph warmup reset
ggml_backend_cuda_graph_compute: CUDA graph warmup reset
ggml_backend_cuda_graph_compute: CUDA graph warmup reset
ggml_backend_cuda_graph_compute: CUDA graph warmup reset
ggml_backend_cuda_graph_compute: CUDA graph warmup reset
ggml_backend_cuda_graph_compute: CUDA graph warmup reset
ggml_backend_cuda_graph_compute: CUDA graph warmup reset
ggml_backend_cuda_graph_compute: CUDA graph warmup reset
ggml_backend_cuda_graph_compute: CUDA graph warmup reset
ggml_backend_cuda_graph_compute: CUDA graph warmup reset
ggml_backend_cuda_graph_compute: CUDA graph warmup reset
ggml_backend_cuda_graph_compute: CUDA graph warmup reset
ggml_backend_cuda_graph_compute: CUDA graph warmup reset
ggml_backend_cuda_graph_compute: CUDA graph warmup reset
ggml_backend_cuda_graph_compute: CUDA graph warmup reset
ggml_backend_cuda_graph_compute: CUDA graph warmup reset
ggml_backend_cuda_graph_compute: CUDA graph warmup reset
ggml_backend_cuda_graph_compute: CUDA graph warmup reset
ggml_backend_cuda_graph_compute: CUDA graph warmup reset
ggml_backend_cuda_graph_compute: CUDA graph warmup reset
ggml_backend_cuda_graph_compute: CUDA graph warmup reset
ggml_backend_cuda_graph_compute: CUDA graph warmup reset
ggml_backend_cuda_graph_compute: CUDA graph warmup reset
ggml_backend_cuda_graph_compute: CUDA graph warmup reset
ggml_backend_cuda_graph_compute: CUDA graph warmup reset
ggml_backend_cuda_graph_compute: CUDA graph warmup reset
ggml_backend_cuda_graph_compute: CUDA graph warmup reset
ggml_backend_cuda_graph_compute: CUDA graph warmup reset
ggml_backend_cuda_graph_compute: CUDA graph warmup reset
ggml_backend_cuda_graph_compute: CUDA graph warmup reset
ggml_backend_cuda_graph_compute: CUDA graph warmup reset
ggml_backend_cuda_graph_compute: CUDA graph warmup reset
ggml_backend_cuda_graph_compute: CUDA graph warmup reset
ggml_backend_cuda_graph_compute: CUDA graph warmup reset
ggml_backend_cuda_graph_compute: CUDA graph warmup reset
ggml_backend_cuda_graph_compute: CUDA graph warmup reset
ggml_backend_cuda_graph_compute: CUDA graph warmup reset
ggml_backend_cuda_graph_compute: CUDA graph warmup reset
ggml_backend_cuda_graph_compute: CUDA graph warmup reset
ggml_backend_cuda_graph_compute: CUDA graph warmup reset
ggml_backend_cuda_graph_compute: CUDA graph warmup reset
ggml_backend_cuda_graph_compute: CUDA graph warmup reset
ggml_backend_cuda_graph_compute: CUDA graph warmup reset
ggml_backend_cuda_graph_compute: CUDA graph warmup reset
ggml_backend_cuda_graph_compute: CUDA graph warmup reset
ggml_backend_cuda_graph_compute: CUDA graph warmup reset
ggml_backend_cuda_graph_compute: CUDA graph warmup reset
ggml_backend_cuda_graph_compute: CUDA graph warmup reset
ggml_backend_cuda_graph_compute: CUDA graph warmup reset
ggml_backend_cuda_graph_compute: CUDA graph warmup reset
ggml_backend_cuda_graph_compute: CUDA graph warmup reset
ggml_backend_cuda_graph_compute: CUDA graph warmup reset
ggml_backend_cuda_graph_compute: CUDA graph warmup reset
ggml_backend_cuda_graph_compute: CUDA graph warmup reset
ggml_backend_cuda_graph_compute: CUDA graph warmup reset
ggml_backend_cuda_graph_compute: CUDA graph warmup reset
ggml_backend_cuda_graph_compute: CUDA graph warmup reset
ggml_backend_cuda_graph_compute: CUDA graph warmup reset
ggml_backend_cuda_graph_compute: CUDA graph warmup reset
ggml_backend_cuda_graph_compute: CUDA graph warmup reset
ggml_backend_cuda_graph_compute: CUDA graph warmup reset
ggml_backend_cuda_graph_compute: CUDA graph warmup reset
ggml_backend_cuda_graph_compute: CUDA graph warmup reset
ggml_backend_cuda_graph_compute: CUDA graph warmup reset
ggml_backend_cuda_graph_compute: CUDA graph warmup reset
ggml_backend_cuda_graph_compute: CUDA graph warmup reset
ggml_backend_cuda_graph_compute: CUDA graph warmup reset
ggml_backend_cuda_graph_compute: CUDA graph warmup reset
ggml_backend_cuda_graph_compute: CUDA graph warmup reset
ggml_backend_cuda_graph_compute: CUDA graph warmup reset
ggml_backend_cuda_graph_compute: CUDA graph warmup reset
ggml_backend_cuda_graph_compute: CUDA graph warmup reset
ggml_backend_cuda_graph_compute: CUDA graph warmup reset
ggml_backend_cuda_graph_compute: CUDA graph warmup reset
ggml_backend_cuda_graph_compute: CUDA graph warmup reset
ggml_backend_cuda_graph_compute: CUDA graph warmup reset
ggml_backend_cuda_graph_compute: CUDA graph warmup reset
ggml_backend_cuda_graph_compute: CUDA graph warmup reset
ggml_backend_cuda_graph_compute: CUDA graph warmup reset
ggml_backend_cuda_graph_compute: CUDA graph warmup reset
ggml_backend_cuda_graph_compute: CUDA graph warmup reset
ggml_backend_cuda_graph_compute: CUDA graph warmup reset
ggml_backend_cuda_graph_compute: CUDA graph warmup reset
ggml_backend_cuda_graph_compute: CUDA graph warmup reset
ggml_backend_cuda_graph_compute: CUDA graph warmup reset
ggml_backend_cuda_graph_compute: CUDA graph warmup reset
ggml_backend_cuda_graph_compute: CUDA graph warmup reset
ggml_backend_cuda_graph_compute: CUDA graph warmup reset
ggml_backend_cuda_graph_compute: CUDA graph warmup reset
ggml_backend_cuda_graph_compute: CUDA graph warmup reset
ggml_backend_cuda_graph_compute: CUDA graph warmup reset
ggml_backend_cuda_graph_compute: CUDA graph warmup reset
ggml_backend_cuda_graph_compute: CUDA graph warmup reset
ggml_backend_cuda_graph_compute: CUDA graph warmup reset
ggml_backend_cuda_graph_compute: CUDA graph warmup reset
ggml_backend_cuda_graph_compute: CUDA graph warmup reset
ggml_backend_cuda_graph_compute: CUDA graph warmup reset
ggml_backend_cuda_graph_compute: CUDA graph warmup reset
ggml_backend_cuda_graph_compute: CUDA graph warmup reset
ggml_backend_cuda_graph_compute: CUDA graph warmup reset
ggml_backend_cuda_graph_compute: CUDA graph warmup reset
ggml_backend_cuda_graph_compute: CUDA graph warmup reset
ggml_backend_cuda_graph_compute: CUDA graph warmup reset
CUDA Graph id 1553 reused
ggml_backend_cuda_graph_compute: CUDA graph warmup complete
CUDA Graph id 1554 reused
ggml_backend_cuda_graph_compute: CUDA graph warmup complete
CUDA Graph id 1555 reused
ggml_backend_cuda_graph_compute: CUDA graph warmup complete
CUDA Graph id 1556 reused
ggml_backend_cuda_graph_compute: CUDA graph warmup complete
CUDA Graph id 1558 reused
ggml_backend_cuda_graph_compute: CUDA graph warmup complete
CUDA Graph id 1559 reused
ggml_backend_cuda_graph_compute: CUDA graph warmup complete
CUDA Graph id 1560 reused
ggml_backend_cuda_graph_compute: CUDA graph warmup complete
CUDA Graph id 1561 reused
ggml_backend_cuda_graph_compute: CUDA graph warmup complete
CUDA Graph id 1562 reused
ggml_backend_cuda_graph_compute: CUDA graph warmup complete
CUDA Graph id 1563 reused
ggml_backend_cuda_graph_compute: CUDA graph warmup complete
CUDA Graph id 1564 reused
ggml_backend_cuda_graph_compute: CUDA graph warmup complete
CUDA Graph id 1565 reused
ggml_backend_cuda_graph_compute: CUDA graph warmup complete
CUDA Graph id 1566 reused
ggml_backend_cuda_graph_compute: CUDA graph warmup complete
CUDA Graph id 1567 reused
ggml_backend_cuda_graph_compute: CUDA graph warmup complete
CUDA Graph id 1568 reused
ggml_backend_cuda_graph_compute: CUDA graph warmup complete
CUDA Graph id 1569 reused
ggml_backend_cuda_graph_compute: CUDA graph warmup complete
CUDA Graph id 1570 reused
ggml_backend_cuda_graph_compute: CUDA graph warmup complete
CUDA Graph id 1571 reused
ggml_backend_cuda_graph_compute: CUDA graph warmup complete
CUDA Graph id 1572 reused
ggml_backend_cuda_graph_compute: CUDA graph warmup complete
CUDA Graph id 1573 reused
ggml_backend_cuda_graph_compute: CUDA graph warmup complete
CUDA Graph id 1574 reused
ggml_backend_cuda_graph_compute: CUDA graph warmup complete
CUDA Graph id 1575 reused
ggml_backend_cuda_graph_compute: CUDA graph warmup complete
CUDA Graph id 1576 reused
ggml_backend_cuda_graph_compute: CUDA graph warmup complete
CUDA Graph id 1577 reused
ggml_backend_cuda_graph_compute: CUDA graph warmup complete
CUDA Graph id 1578 reused
ggml_backend_cuda_graph_compute: CUDA graph warmup complete
CUDA Graph id 1579 reused
ggml_backend_cuda_graph_compute: CUDA graph warmup complete
CUDA Graph id 1580 reused
ggml_backend_cuda_graph_compute: CUDA graph warmup complete
CUDA Graph id 1581 reused
ggml_backend_cuda_graph_compute: CUDA graph warmup complete
CUDA Graph id 1582 reused
ggml_backend_cuda_graph_compute: CUDA graph warmup complete
CUDA Graph id 1583 reused
ggml_backend_cuda_graph_compute: CUDA graph warmup complete
CUDA Graph id 1584 reused
ggml_backend_cuda_graph_compute: CUDA graph warmup complete
CUDA Graph id 1585 reused
ggml_backend_cuda_graph_compute: CUDA graph warmup complete
CUDA Graph id 1586 reused
ggml_backend_cuda_graph_compute: CUDA graph warmup complete
CUDA Graph id 1587 reused
ggml_backend_cuda_graph_compute: CUDA graph warmup complete
CUDA Graph id 1588 reused
ggml_backend_cuda_graph_compute: CUDA graph warmup complete
CUDA Graph id 1589 reused
ggml_backend_cuda_graph_compute: CUDA graph warmup complete
CUDA Graph id 1590 reused
ggml_backend_cuda_graph_compute: CUDA graph warmup complete
CUDA Graph id 1591 reused
ggml_backend_cuda_graph_compute: CUDA graph warmup complete
CUDA Graph id 1592 reused
ggml_backend_cuda_graph_compute: CUDA graph warmup complete
CUDA Graph id 1593 reused
ggml_backend_cuda_graph_compute: CUDA graph warmup complete
CUDA Graph id 1594 reused
ggml_backend_cuda_graph_compute: CUDA graph warmup complete
CUDA Graph id 1595 reused
ggml_backend_cuda_graph_compute: CUDA graph warmup complete
CUDA Graph id 1596 reused
ggml_backend_cuda_graph_compute: CUDA graph warmup complete
CUDA Graph id 1597 reused
ggml_backend_cuda_graph_compute: CUDA graph warmup complete
CUDA Graph id 1598 reused
ggml_backend_cuda_graph_compute: CUDA graph warmup complete
CUDA Graph id 1599 reused
ggml_backend_cuda_graph_compute: CUDA graph warmup complete
CUDA Graph id 1600 reused
ggml_backend_cuda_graph_compute: CUDA graph warmup complete
CUDA Graph id 1601 reused
ggml_backend_cuda_graph_compute: CUDA graph warmup complete
CUDA Graph id 1602 reused
ggml_backend_cuda_graph_compute: CUDA graph warmup complete
CUDA Graph id 1603 reused
ggml_backend_cuda_graph_compute: CUDA graph warmup complete
CUDA Graph id 1604 reused
ggml_backend_cuda_graph_compute: CUDA graph warmup complete
CUDA Graph id 1605 reused
ggml_backend_cuda_graph_compute: CUDA graph warmup complete
CUDA Graph id 1606 reused
ggml_backend_cuda_graph_compute: CUDA graph warmup complete
CUDA Graph id 1607 reused
ggml_backend_cuda_graph_compute: CUDA graph warmup complete
CUDA Graph id 1608 reused
ggml_backend_cuda_graph_compute: CUDA graph warmup complete
CUDA Graph id 1609 reused
ggml_backend_cuda_graph_compute: CUDA graph warmup complete
CUDA Graph id 1610 reused
ggml_backend_cuda_graph_compute: CUDA graph warmup complete
CUDA Graph id 1611 reused
ggml_backend_cuda_graph_compute: CUDA graph warmup complete
CUDA Graph id 1612 reused
ggml_backend_cuda_graph_compute: CUDA graph warmup complete
CUDA Graph id 1613 reused
ggml_backend_cuda_graph_compute: CUDA graph warmup complete
CUDA Graph id 1614 reused
ggml_backend_cuda_graph_compute: CUDA graph warmup complete
CUDA Graph id 1615 reused
ggml_backend_cuda_graph_compute: CUDA graph warmup complete
CUDA Graph id 1616 reused
ggml_backend_cuda_graph_compute: CUDA graph warmup complete
CUDA Graph id 1617 reused
ggml_backend_cuda_graph_compute: CUDA graph warmup complete
CUDA Graph id 1618 reused
ggml_backend_cuda_graph_compute: CUDA graph warmup complete
CUDA Graph id 1619 reused
ggml_backend_cuda_graph_compute: CUDA graph warmup complete
CUDA Graph id 1620 reused
ggml_backend_cuda_graph_compute: CUDA graph warmup complete
CUDA Graph id 1621 reused
ggml_backend_cuda_graph_compute: CUDA graph warmup complete
CUDA Graph id 1622 reused
ggml_backend_cuda_graph_compute: CUDA graph warmup complete
CUDA Graph id 1623 reused
ggml_backend_cuda_graph_compute: CUDA graph warmup complete
CUDA Graph id 1624 reused
ggml_backend_cuda_graph_compute: CUDA graph warmup complete
CUDA Graph id 1625 reused
ggml_backend_cuda_graph_compute: CUDA graph warmup complete
CUDA Graph id 1626 reused
ggml_backend_cuda_graph_compute: CUDA graph warmup complete
CUDA Graph id 1627 reused
ggml_backend_cuda_graph_compute: CUDA graph warmup complete
CUDA Graph id 1628 reused
ggml_backend_cuda_graph_compute: CUDA graph warmup complete
CUDA Graph id 1629 reused
ggml_backend_cuda_graph_compute: CUDA graph warmup complete
CUDA Graph id 1630 reused
ggml_backend_cuda_graph_compute: CUDA graph warmup complete
CUDA Graph id 1631 reused
ggml_backend_cuda_graph_compute: CUDA graph warmup complete
CUDA Graph id 1632 reused
ggml_backend_cuda_graph_compute: CUDA graph warmup complete
CUDA Graph id 1633 reused
ggml_backend_cuda_graph_compute: CUDA graph warmup complete
CUDA Graph id 1634 reused
ggml_backend_cuda_graph_compute: CUDA graph warmup complete
CUDA Graph id 1635 reused
ggml_backend_cuda_graph_compute: CUDA graph warmup complete
CUDA Graph id 1636 reused
ggml_backend_cuda_graph_compute: CUDA graph warmup complete
CUDA Graph id 1637 reused
ggml_backend_cuda_graph_compute: CUDA graph warmup complete
CUDA Graph id 1638 reused
ggml_backend_cuda_graph_compute: CUDA graph warmup complete
CUDA Graph id 1639 reused
ggml_backend_cuda_graph_compute: CUDA graph warmup complete
CUDA Graph id 1640 reused
ggml_backend_cuda_graph_compute: CUDA graph warmup complete
CUDA Graph id 1641 reused
ggml_backend_cuda_graph_compute: CUDA graph warmup complete
CUDA Graph id 1642 reused
ggml_backend_cuda_graph_compute: CUDA graph warmup complete
CUDA Graph id 1643 reused
ggml_backend_cuda_graph_compute: CUDA graph warmup complete
CUDA Graph id 1644 reused
ggml_backend_cuda_graph_compute: CUDA graph warmup complete
CUDA Graph id 1645 reused
ggml_backend_cuda_graph_compute: CUDA graph warmup complete
CUDA Graph id 1646 reused
ggml_backend_cuda_graph_compute: CUDA graph warmup complete
CUDA Graph id 1647 reused
ggml_backend_cuda_graph_compute: CUDA graph warmup complete
CUDA Graph id 1648 reused
ggml_backend_cuda_graph_compute: CUDA graph warmup complete
CUDA Graph id 1649 reused
ggml_backend_cuda_graph_compute: CUDA graph warmup complete
CUDA Graph id 1650 reused
ggml_backend_cuda_graph_compute: CUDA graph warmup complete
CUDA Graph id 1651 reused
ggml_backend_cuda_graph_compute: CUDA graph warmup complete
CUDA Graph id 1652 reused
ggml_backend_cuda_graph_compute: CUDA graph warmup complete
CUDA Graph id 1653 reused
ggml_backend_cuda_graph_compute: CUDA graph warmup complete
CUDA Graph id 1654 reused
ggml_backend_cuda_graph_compute: CUDA graph warmup complete
CUDA Graph id 1655 reused
ggml_backend_cuda_graph_compute: CUDA graph warmup complete
CUDA Graph id 1656 reused
ggml_backend_cuda_graph_compute: CUDA graph warmup complete
CUDA Graph id 1657 reused
ggml_backend_cuda_graph_compute: CUDA graph warmup complete
CUDA Graph id 1658 reused
ggml_backend_cuda_graph_compute: CUDA graph warmup complete
CUDA Graph id 1659 reused
ggml_backend_cuda_graph_compute: CUDA graph warmup complete
CUDA Graph id 1660 reused
ggml_backend_cuda_graph_compute: CUDA graph warmup complete
CUDA Graph id 1661 reused
ggml_backend_cuda_graph_compute: CUDA graph warmup complete
CUDA Graph id 1662 reused
ggml_backend_cuda_graph_compute: CUDA graph warmup complete
CUDA Graph id 1663 reused
ggml_backend_cuda_graph_compute: CUDA graph warmup complete
CUDA Graph id 1664 reused
ggml_backend_cuda_graph_compute: CUDA graph warmup complete
CUDA Graph id 1665 reused
ggml_backend_cuda_graph_compute: CUDA graph warmup complete
CUDA Graph id 1666 reused
ggml_backend_cuda_graph_compute: CUDA graph warmup complete
CUDA Graph id 1667 reused
ggml_backend_cuda_graph_compute: CUDA graph warmup complete
CUDA Graph id 1668 reused
ggml_backend_cuda_graph_compute: CUDA graph warmup complete
CUDA Graph id 1669 reused
ggml_backend_cuda_graph_compute: CUDA graph warmup complete
CUDA Graph id 1670 reused
ggml_backend_cuda_graph_compute: CUDA graph warmup complete
CUDA Graph id 1671 reused
ggml_backend_cuda_graph_compute: CUDA graph warmup complete
CUDA Graph id 1672 reused
ggml_backend_cuda_graph_compute: CUDA graph warmup complete
CUDA Graph id 1673 reused
ggml_backend_cuda_graph_compute: CUDA graph warmup complete
CUDA Graph id 1674 reused
ggml_backend_cuda_graph_compute: CUDA graph warmup complete
CUDA Graph id 1675 reused
ggml_backend_cuda_graph_compute: CUDA graph warmup complete
CUDA Graph id 1676 reused
ggml_backend_cuda_graph_compute: CUDA graph warmup complete
CUDA Graph id 1677 reused
ggml_backend_cuda_graph_compute: CUDA graph warmup complete
CUDA Graph id 1678 reused
ggml_backend_cuda_graph_compute: CUDA graph warmup complete
CUDA Graph id 1679 reused
ggml_backend_cuda_graph_compute: CUDA graph warmup complete
CUDA Graph id 1680 reused
ggml_backend_cuda_graph_compute: CUDA graph warmup complete
CUDA Graph id 1681 reused
ggml_backend_cuda_graph_compute: CUDA graph warmup complete
CUDA Graph id 1682 reused
ggml_backend_cuda_graph_compute: CUDA graph warmup complete
CUDA Graph id 1683 reused
ggml_backend_cuda_graph_compute: CUDA graph warmup complete
CUDA Graph id 1684 reused
ggml_backend_cuda_graph_compute: CUDA graph warmup complete
CUDA Graph id 1685 reused
ggml_backend_cuda_graph_compute: CUDA graph warmup complete
CUDA Graph id 1686 reused
ggml_backend_cuda_graph_compute: CUDA graph warmup complete
CUDA Graph id 1687 reused
ggml_backend_cuda_graph_compute: CUDA graph warmup complete
CUDA Graph id 1688 reused
ggml_backend_cuda_graph_compute: CUDA graph warmup complete
CUDA Graph id 1689 reused
ggml_backend_cuda_graph_compute: CUDA graph warmup complete
CUDA Graph id 1690 reused
ggml_backend_cuda_graph_compute: CUDA graph warmup complete
CUDA Graph id 1691 reused
ggml_backend_cuda_graph_compute: CUDA graph warmup complete
CUDA Graph id 1692 reused
ggml_backend_cuda_graph_compute: CUDA graph warmup complete
CUDA Graph id 1693 reused
ggml_backend_cuda_graph_compute: CUDA graph warmup complete
CUDA Graph id 1694 reused
ggml_backend_cuda_graph_compute: CUDA graph warmup complete
CUDA Graph id 1695 reused
ggml_backend_cuda_graph_compute: CUDA graph warmup complete
CUDA Graph id 1696 reused
ggml_backend_cuda_graph_compute: CUDA graph warmup complete
CUDA Graph id 1698 reused
ggml_backend_cuda_graph_compute: CUDA graph warmup complete
CUDA Graph id 1553 reused
CUDA Graph id 1554 reused
CUDA Graph id 1555 reused
CUDA Graph id 1556 reused
CUDA Graph id 1558 reused
CUDA Graph id 1559 reused
CUDA Graph id 1560 reused
CUDA Graph id 1561 reused
CUDA Graph id 1562 reused
CUDA Graph id 1563 reused
CUDA Graph id 1564 reused
CUDA Graph id 1565 reused
CUDA Graph id 1566 reused
CUDA Graph id 1567 reused
CUDA Graph id 1568 reused
CUDA Graph id 1569 reused
CUDA Graph id 1570 reused
CUDA Graph id 1571 reused
CUDA Graph id 1572 reused
CUDA Graph id 1573 reused
CUDA Graph id 1574 reused
CUDA Graph id 1575 reused
CUDA Graph id 1576 reused
CUDA Graph id 1577 reused
CUDA Graph id 1578 reused
CUDA Graph id 1579 reused
CUDA Graph id 1580 reused
CUDA Graph id 1581 reused
CUDA Graph id 1582 reused
CUDA Graph id 1583 reused
CUDA Graph id 1584 reused
CUDA Graph id 1585 reused
CUDA Graph id 1586 reused
CUDA Graph id 1587 reused
CUDA Graph id 1588 reused
CUDA Graph id 1589 reused
CUDA Graph id 1590 reused
CUDA Graph id 1591 reused
CUDA Graph id 1592 reused
CUDA Graph id 1593 reused
CUDA Graph id 1594 reused
CUDA Graph id 1595 reused
CUDA Graph id 1596 reused
CUDA Graph id 1597 reused
CUDA Graph id 1598 reused
CUDA Graph id 1599 reused
CUDA Graph id 1600 reused
CUDA Graph id 1601 reused
CUDA Graph id 1602 reused
CUDA Graph id 1603 reused
CUDA Graph id 1604 reused
CUDA Graph id 1605 reused
CUDA Graph id 1606 reused
CUDA Graph id 1607 reused
CUDA Graph id 1608 reused
CUDA Graph id 1609 reused
CUDA Graph id 1610 reused
CUDA Graph id 1611 reused
CUDA Graph id 1612 reused
CUDA Graph id 1613 reused
CUDA Graph id 1614 reused
CUDA Graph id 1615 reused
CUDA Graph id 1616 reused
CUDA Graph id 1617 reused
CUDA Graph id 1618 reused
CUDA Graph id 1619 reused
CUDA Graph id 1620 reused
CUDA Graph id 1621 reused
CUDA Graph id 1622 reused
CUDA Graph id 1623 reused
CUDA Graph id 1624 reused
CUDA Graph id 1625 reused
CUDA Graph id 1626 reused
CUDA Graph id 1627 reused
CUDA Graph id 1628 reused
CUDA Graph id 1629 reused
CUDA Graph id 1630 reused
CUDA Graph id 1631 reused
CUDA Graph id 1632 reused
CUDA Graph id 1633 reused
CUDA Graph id 1634 reused
CUDA Graph id 1635 reused
CUDA Graph id 1636 reused
CUDA Graph id 1637 reused
CUDA Graph id 1638 reused
CUDA Graph id 1639 reused
CUDA Graph id 1640 reused
CUDA Graph id 1641 reused
CUDA Graph id 1642 reused
CUDA Graph id 1643 reused
CUDA Graph id 1644 reused
CUDA Graph id 1645 reused
CUDA Graph id 1646 reused
CUDA Graph id 1647 reused
CUDA Graph id 1648 reused
CUDA Graph id 1649 reused
CUDA Graph id 1650 reused
CUDA Graph id 1651 reused
CUDA Graph id 1652 reused
CUDA Graph id 1653 reused
CUDA Graph id 1654 reused
CUDA Graph id 1655 reused
CUDA Graph id 1656 reused
CUDA Graph id 1657 reused
CUDA Graph id 1658 reused
CUDA Graph id 1659 reused
CUDA Graph id 1660 reused
CUDA Graph id 1661 reused
CUDA Graph id 1662 reused
CUDA Graph id 1663 reused
CUDA Graph id 1664 reused
CUDA Graph id 1665 reused
CUDA Graph id 1666 reused
CUDA Graph id 1667 reused
CUDA Graph id 1668 reused
CUDA Graph id 1669 reused
CUDA Graph id 1670 reused
CUDA Graph id 1671 reused
CUDA Graph id 1672 reused
CUDA Graph id 1673 reused
CUDA Graph id 1674 reused
CUDA Graph id 1675 reused
CUDA Graph id 1676 reused
CUDA Graph id 1677 reused
CUDA Graph id 1678 reused
CUDA Graph id 1679 reused
CUDA Graph id 1680 reused
CUDA Graph id 1681 reused
CUDA Graph id 1682 reused
CUDA Graph id 1683 reused
CUDA Graph id 1684 reused
CUDA Graph id 1685 reused
CUDA Graph id 1686 reused
CUDA Graph id 1687 reused
CUDA Graph id 1688 reused
CUDA Graph id 1689 reused
CUDA Graph id 1690 reused
CUDA Graph id 1691 reused
CUDA Graph id 1692 reused
CUDA Graph id 1693 reused
CUDA Graph id 1694 reused
CUDA Graph id 1695 reused
CUDA Graph id 1696 reused
CUDA Graph id 1698 reused
CUDA Graph id 1553 reused
CUDA Graph id 1554 reused
CUDA Graph id 1555 reused
CUDA Graph id 1556 reused
CUDA Graph id 1558 reused
CUDA Graph id 1559 reused
CUDA Graph id 1560 reused
CUDA Graph id 1561 reused
CUDA Graph id 1562 reused
CUDA Graph id 1563 reused
CUDA Graph id 1564 reused
CUDA Graph id 1565 reused
CUDA Graph id 1566 reused
CUDA Graph id 1567 reused
CUDA Graph id 1568 reused
CUDA Graph id 1569 reused
CUDA Graph id 1570 reused
CUDA Graph id 1571 reused
CUDA Graph id 1572 reused
CUDA Graph id 1573 reused
CUDA Graph id 1574 reused
CUDA Graph id 1575 reused
CUDA Graph id 1576 reused
CUDA Graph id 1577 reused
CUDA Graph id 1578 reused
CUDA Graph id 1579 reused
CUDA Graph id 1580 reused
CUDA Graph id 1581 reused
CUDA Graph id 1582 reused
CUDA Graph id 1583 reused
CUDA Graph id 1584 reused
CUDA Graph id 1585 reused
CUDA Graph id 1586 reused
CUDA Graph id 1587 reused
CUDA Graph id 1588 reused
CUDA Graph id 1589 reused
CUDA Graph id 1590 reused
CUDA Graph id 1591 reused
CUDA Graph id 1592 reused
CUDA Graph id 1593 reused
CUDA Graph id 1594 reused
CUDA Graph id 1595 reused
CUDA Graph id 1596 reused
CUDA Graph id 1597 reused
CUDA Graph id 1598 reused
CUDA Graph id 1599 reused
CUDA Graph id 1600 reused
CUDA Graph id 1601 reused
CUDA Graph id 1602 reused
CUDA Graph id 1603 reused
CUDA Graph id 1604 reused
CUDA Graph id 1605 reused
CUDA Graph id 1606 reused
CUDA Graph id 1607 reused
CUDA Graph id 1608 reused
CUDA Graph id 1609 reused
CUDA Graph id 1610 reused
CUDA Graph id 1611 reused
CUDA Graph id 1612 reused
CUDA Graph id 1613 reused
CUDA Graph id 1614 reused
CUDA Graph id 1615 reused
CUDA Graph id 1616 reused
CUDA Graph id 1617 reused
CUDA Graph id 1618 reused
CUDA Graph id 1619 reused
CUDA Graph id 1620 reused
CUDA Graph id 1621 reused
CUDA Graph id 1622 reused
CUDA Graph id 1623 reused
CUDA Graph id 1624 reused
CUDA Graph id 1625 reused
CUDA Graph id 1626 reused
CUDA Graph id 1627 reused
CUDA Graph id 1628 reused
CUDA Graph id 1629 reused
CUDA Graph id 1630 reused
CUDA Graph id 1631 reused
CUDA Graph id 1632 reused
CUDA Graph id 1633 reused
CUDA Graph id 1634 reused
CUDA Graph id 1635 reused
CUDA Graph id 1636 reused
CUDA Graph id 1637 reused
CUDA Graph id 1638 reused
CUDA Graph id 1639 reused
CUDA Graph id 1640 reused
CUDA Graph id 1641 reused
CUDA Graph id 1642 reused
CUDA Graph id 1643 reused
CUDA Graph id 1644 reused
CUDA Graph id 1645 reused
CUDA Graph id 1646 reused
CUDA Graph id 1647 reused
CUDA Graph id 1648 reused
CUDA Graph id 1649 reused
CUDA Graph id 1650 reused
CUDA Graph id 1651 reused
CUDA Graph id 1652 reused
CUDA Graph id 1653 reused
CUDA Graph id 1654 reused
CUDA Graph id 1655 reused
CUDA Graph id 1656 reused
CUDA Graph id 1657 reused
CUDA Graph id 1658 reused
CUDA Graph id 1659 reused
CUDA Graph id 1660 reused
CUDA Graph id 1661 reused
CUDA Graph id 1662 reused
CUDA Graph id 1663 reused
CUDA Graph id 1664 reused
CUDA Graph id 1665 reused
CUDA Graph id 1666 reused
CUDA Graph id 1667 reused
CUDA Graph id 1668 reused
CUDA Graph id 1669 reused
CUDA Graph id 1670 reused
CUDA Graph id 1671 reused
CUDA Graph id 1672 reused
CUDA Graph id 1673 reused
CUDA Graph id 1674 reused
CUDA Graph id 1675 reused
CUDA Graph id 1676 reused
CUDA Graph id 1677 reused
CUDA Graph id 1678 reused
CUDA Graph id 1679 reused
CUDA Graph id 1680 reused
CUDA Graph id 1681 reused
CUDA Graph id 1682 reused
CUDA Graph id 1683 reused
CUDA Graph id 1684 reused
CUDA Graph id 1685 reused
CUDA Graph id 1686 reused
CUDA Graph id 1687 reused
CUDA Graph id 1688 reused
CUDA Graph id 1689 reused
CUDA Graph id 1690 reused
CUDA Graph id 1691 reused
CUDA Graph id 1692 reused
CUDA Graph id 1693 reused
CUDA Graph id 1694 reused
CUDA Graph id 1695 reused
CUDA Graph id 1696 reused
CUDA Graph id 1698 reused
ggml_backend_cuda_graph_compute: CUDA graph warmup reset
ggml_backend_cuda_graph_compute: CUDA graph warmup reset
ggml_backend_cuda_graph_compute: CUDA graph warmup reset
ggml_backend_cuda_graph_compute: CUDA graph warmup reset
ggml_backend_cuda_graph_compute: CUDA graph warmup reset
ggml_backend_cuda_graph_compute: CUDA graph warmup reset
ggml_backend_cuda_graph_compute: CUDA graph warmup reset
ggml_backend_cuda_graph_compute: CUDA graph warmup reset
ggml_backend_cuda_graph_compute: CUDA graph warmup reset
ggml_backend_cuda_graph_compute: CUDA graph warmup reset
ggml_backend_cuda_graph_compute: CUDA graph warmup reset
ggml_backend_cuda_graph_compute: CUDA graph warmup reset
ggml_backend_cuda_graph_compute: CUDA graph warmup reset
ggml_backend_cuda_graph_compute: CUDA graph warmup reset
ggml_backend_cuda_graph_compute: CUDA graph warmup reset
ggml_backend_cuda_graph_compute: CUDA graph warmup reset
ggml_backend_cuda_graph_compute: CUDA graph warmup reset
ggml_backend_cuda_graph_compute: CUDA graph warmup reset
ggml_backend_cuda_graph_compute: CUDA graph warmup reset
ggml_backend_cuda_graph_compute: CUDA graph warmup reset
ggml_backend_cuda_graph_compute: CUDA graph warmup reset
ggml_backend_cuda_graph_compute: CUDA graph warmup reset
ggml_backend_cuda_graph_compute: CUDA graph warmup reset
ggml_backend_cuda_graph_compute: CUDA graph warmup reset
ggml_backend_cuda_graph_compute: CUDA graph warmup reset
ggml_backend_cuda_graph_compute: CUDA graph warmup reset
ggml_backend_cuda_graph_compute: CUDA graph warmup reset
ggml_backend_cuda_graph_compute: CUDA graph warmup reset
ggml_backend_cuda_graph_compute: CUDA graph warmup reset
ggml_backend_cuda_graph_compute: CUDA graph warmup reset
ggml_backend_cuda_graph_compute: CUDA graph warmup reset
ggml_backend_cuda_graph_compute: CUDA graph warmup reset
ggml_backend_cuda_graph_compute: CUDA graph warmup reset
ggml_backend_cuda_graph_compute: CUDA graph warmup reset
ggml_backend_cuda_graph_compute: CUDA graph warmup reset
ggml_backend_cuda_graph_compute: CUDA graph warmup reset
ggml_backend_cuda_graph_compute: CUDA graph warmup reset
ggml_backend_cuda_graph_compute: CUDA graph warmup reset
ggml_backend_cuda_graph_compute: CUDA graph warmup reset
ggml_backend_cuda_graph_compute: CUDA graph warmup reset
ggml_backend_cuda_graph_compute: CUDA graph warmup reset
ggml_backend_cuda_graph_compute: CUDA graph warmup reset
ggml_backend_cuda_graph_compute: CUDA graph warmup reset
ggml_backend_cuda_graph_compute: CUDA graph warmup reset
ggml_backend_cuda_graph_compute: CUDA graph warmup reset
ggml_backend_cuda_graph_compute: CUDA graph warmup reset
ggml_backend_cuda_graph_compute: CUDA graph warmup reset
ggml_backend_cuda_graph_compute: CUDA graph warmup reset
ggml_backend_cuda_graph_compute: CUDA graph warmup reset
ggml_backend_cuda_graph_compute: CUDA graph warmup reset
ggml_backend_cuda_graph_compute: CUDA graph warmup reset
ggml_backend_cuda_graph_compute: CUDA graph warmup reset
ggml_backend_cuda_graph_compute: CUDA graph warmup reset
ggml_backend_cuda_graph_compute: CUDA graph warmup reset
ggml_backend_cuda_graph_compute: CUDA graph warmup reset
ggml_backend_cuda_graph_compute: CUDA graph warmup reset
ggml_backend_cuda_graph_compute: CUDA graph warmup reset
ggml_backend_cuda_graph_compute: CUDA graph warmup reset
ggml_backend_cuda_graph_compute: CUDA graph warmup reset
ggml_backend_cuda_graph_compute: CUDA graph warmup reset
ggml_backend_cuda_graph_compute: CUDA graph warmup reset
ggml_backend_cuda_graph_compute: CUDA graph warmup reset
ggml_backend_cuda_graph_compute: CUDA graph warmup reset
ggml_backend_cuda_graph_compute: CUDA graph warmup reset
ggml_backend_cuda_graph_compute: CUDA graph warmup reset
ggml_backend_cuda_graph_compute: CUDA graph warmup reset
ggml_backend_cuda_graph_compute: CUDA graph warmup reset
ggml_backend_cuda_graph_compute: CUDA graph warmup reset
ggml_backend_cuda_graph_compute: CUDA graph warmup reset
ggml_backend_cuda_graph_compute: CUDA graph warmup reset
ggml_backend_cuda_graph_compute: CUDA graph warmup reset
ggml_backend_cuda_graph_compute: CUDA graph warmup reset
ggml_backend_cuda_graph_compute: CUDA graph warmup reset
ggml_backend_cuda_graph_compute: CUDA graph warmup reset
ggml_backend_cuda_graph_compute: CUDA graph warmup reset
ggml_backend_cuda_graph_compute: CUDA graph warmup reset
ggml_backend_cuda_graph_compute: CUDA graph warmup reset
ggml_backend_cuda_graph_compute: CUDA graph warmup reset
ggml_backend_cuda_graph_compute: CUDA graph warmup reset
ggml_backend_cuda_graph_compute: CUDA graph warmup reset
ggml_backend_cuda_graph_compute: CUDA graph warmup reset
ggml_backend_cuda_graph_compute: CUDA graph warmup reset
ggml_backend_cuda_graph_compute: CUDA graph warmup reset
ggml_backend_cuda_graph_compute: CUDA graph warmup reset
ggml_backend_cuda_graph_compute: CUDA graph warmup reset
ggml_backend_cuda_graph_compute: CUDA graph warmup reset
ggml_backend_cuda_graph_compute: CUDA graph warmup reset
ggml_backend_cuda_graph_compute: CUDA graph warmup reset
ggml_backend_cuda_graph_compute: CUDA graph warmup reset
ggml_backend_cuda_graph_compute: CUDA graph warmup reset
ggml_backend_cuda_graph_compute: CUDA graph warmup reset
ggml_backend_cuda_graph_compute: CUDA graph warmup reset
ggml_backend_cuda_graph_compute: CUDA graph warmup reset
ggml_backend_cuda_graph_compute: CUDA graph warmup reset
ggml_backend_cuda_graph_compute: CUDA graph warmup reset
ggml_backend_cuda_graph_compute: CUDA graph warmup reset
ggml_backend_cuda_graph_compute: CUDA graph warmup reset
ggml_backend_cuda_graph_compute: CUDA graph warmup reset
ggml_backend_cuda_graph_compute: CUDA graph warmup reset
ggml_backend_cuda_graph_compute: CUDA graph warmup reset
ggml_backend_cuda_graph_compute: CUDA graph warmup reset
ggml_backend_cuda_graph_compute: CUDA graph warmup reset
ggml_backend_cuda_graph_compute: CUDA graph warmup reset
ggml_backend_cuda_graph_compute: CUDA graph warmup reset
ggml_backend_cuda_graph_compute: CUDA graph warmup reset
ggml_backend_cuda_graph_compute: CUDA graph warmup reset
ggml_backend_cuda_graph_compute: CUDA graph warmup reset
ggml_backend_cuda_graph_compute: CUDA graph warmup reset
ggml_backend_cuda_graph_compute: CUDA graph warmup reset
ggml_backend_cuda_graph_compute: CUDA graph warmup reset
ggml_backend_cuda_graph_compute: CUDA graph warmup reset
ggml_backend_cuda_graph_compute: CUDA graph warmup reset
ggml_backend_cuda_graph_compute: CUDA graph warmup reset
ggml_backend_cuda_graph_compute: CUDA graph warmup reset
ggml_backend_cuda_graph_compute: CUDA graph warmup reset
ggml_backend_cuda_graph_compute: CUDA graph warmup reset
ggml_backend_cuda_graph_compute: CUDA graph warmup reset
ggml_backend_cuda_graph_compute: CUDA graph warmup reset
ggml_backend_cuda_graph_compute: CUDA graph warmup reset
ggml_backend_cuda_graph_compute: CUDA graph warmup reset
ggml_backend_cuda_graph_compute: CUDA graph warmup reset
ggml_backend_cuda_graph_compute: CUDA graph warmup reset
ggml_backend_cuda_graph_compute: CUDA graph warmup reset
ggml_backend_cuda_graph_compute: CUDA graph warmup reset
ggml_backend_cuda_graph_compute: CUDA graph warmup reset
ggml_backend_cuda_graph_compute: CUDA graph warmup reset
ggml_backend_cuda_graph_compute: CUDA graph warmup reset
ggml_backend_cuda_graph_compute: CUDA graph warmup reset
ggml_backend_cuda_graph_compute: CUDA graph warmup reset
ggml_backend_cuda_graph_compute: CUDA graph warmup reset
ggml_backend_cuda_graph_compute: CUDA graph warmup reset
ggml_backend_cuda_graph_compute: CUDA graph warmup reset
ggml_backend_cuda_graph_compute: CUDA graph warmup reset
ggml_backend_cuda_graph_compute: CUDA graph warmup reset
ggml_backend_cuda_graph_compute: CUDA graph warmup reset
ggml_backend_cuda_graph_compute: CUDA graph warmup reset
ggml_backend_cuda_graph_compute: CUDA graph warmup reset
ggml_backend_cuda_graph_compute: CUDA graph warmup reset
ggml_backend_cuda_graph_compute: CUDA graph warmup reset
ggml_backend_cuda_graph_compute: CUDA graph warmup reset
ggml_backend_cuda_graph_compute: CUDA graph warmup reset
ggml_backend_cuda_graph_compute: CUDA graph warmup reset
ggml_backend_cuda_graph_compute: CUDA graph warmup reset
ggml_backend_cuda_graph_compute: CUDA graph warmup reset
CUDA Graph id 1701 reused
ggml_backend_cuda_graph_compute: CUDA graph warmup complete
CUDA Graph id 1702 reused
ggml_backend_cuda_graph_compute: CUDA graph warmup complete
CUDA Graph id 1703 reused
ggml_backend_cuda_graph_compute: CUDA graph warmup complete
CUDA Graph id 1704 reused
ggml_backend_cuda_graph_compute: CUDA graph warmup complete
CUDA Graph id 1706 reused
ggml_backend_cuda_graph_compute: CUDA graph warmup complete
CUDA Graph id 1707 reused
ggml_backend_cuda_graph_compute: CUDA graph warmup complete
CUDA Graph id 1708 reused
ggml_backend_cuda_graph_compute: CUDA graph warmup complete
CUDA Graph id 1709 reused
ggml_backend_cuda_graph_compute: CUDA graph warmup complete
CUDA Graph id 1710 reused
ggml_backend_cuda_graph_compute: CUDA graph warmup complete
CUDA Graph id 1711 reused
ggml_backend_cuda_graph_compute: CUDA graph warmup complete
CUDA Graph id 1712 reused
ggml_backend_cuda_graph_compute: CUDA graph warmup complete
CUDA Graph id 1713 reused
ggml_backend_cuda_graph_compute: CUDA graph warmup complete
CUDA Graph id 1714 reused
ggml_backend_cuda_graph_compute: CUDA graph warmup complete
CUDA Graph id 1715 reused
ggml_backend_cuda_graph_compute: CUDA graph warmup complete
CUDA Graph id 1716 reused
ggml_backend_cuda_graph_compute: CUDA graph warmup complete
CUDA Graph id 1717 reused
ggml_backend_cuda_graph_compute: CUDA graph warmup complete
CUDA Graph id 1718 reused
ggml_backend_cuda_graph_compute: CUDA graph warmup complete
CUDA Graph id 1719 reused
ggml_backend_cuda_graph_compute: CUDA graph warmup complete
CUDA Graph id 1720 reused
ggml_backend_cuda_graph_compute: CUDA graph warmup complete
CUDA Graph id 1721 reused
ggml_backend_cuda_graph_compute: CUDA graph warmup complete
CUDA Graph id 1722 reused
ggml_backend_cuda_graph_compute: CUDA graph warmup complete
CUDA Graph id 1723 reused
ggml_backend_cuda_graph_compute: CUDA graph warmup complete
CUDA Graph id 1724 reused
ggml_backend_cuda_graph_compute: CUDA graph warmup complete
CUDA Graph id 1725 reused
ggml_backend_cuda_graph_compute: CUDA graph warmup complete
CUDA Graph id 1726 reused
ggml_backend_cuda_graph_compute: CUDA graph warmup complete
CUDA Graph id 1727 reused
ggml_backend_cuda_graph_compute: CUDA graph warmup complete
CUDA Graph id 1728 reused
ggml_backend_cuda_graph_compute: CUDA graph warmup complete
CUDA Graph id 1729 reused
ggml_backend_cuda_graph_compute: CUDA graph warmup complete
CUDA Graph id 1730 reused
ggml_backend_cuda_graph_compute: CUDA graph warmup complete
CUDA Graph id 1731 reused
ggml_backend_cuda_graph_compute: CUDA graph warmup complete
CUDA Graph id 1732 reused
ggml_backend_cuda_graph_compute: CUDA graph warmup complete
CUDA Graph id 1733 reused
ggml_backend_cuda_graph_compute: CUDA graph warmup complete
CUDA Graph id 1734 reused
ggml_backend_cuda_graph_compute: CUDA graph warmup complete
CUDA Graph id 1735 reused
ggml_backend_cuda_graph_compute: CUDA graph warmup complete
CUDA Graph id 1736 reused
ggml_backend_cuda_graph_compute: CUDA graph warmup complete
CUDA Graph id 1737 reused
ggml_backend_cuda_graph_compute: CUDA graph warmup complete
CUDA Graph id 1738 reused
ggml_backend_cuda_graph_compute: CUDA graph warmup complete
CUDA Graph id 1739 reused
ggml_backend_cuda_graph_compute: CUDA graph warmup complete
CUDA Graph id 1740 reused
ggml_backend_cuda_graph_compute: CUDA graph warmup complete
CUDA Graph id 1741 reused
ggml_backend_cuda_graph_compute: CUDA graph warmup complete
CUDA Graph id 1742 reused
ggml_backend_cuda_graph_compute: CUDA graph warmup complete
CUDA Graph id 1743 reused
ggml_backend_cuda_graph_compute: CUDA graph warmup complete
CUDA Graph id 1744 reused
ggml_backend_cuda_graph_compute: CUDA graph warmup complete
CUDA Graph id 1745 reused
ggml_backend_cuda_graph_compute: CUDA graph warmup complete
CUDA Graph id 1746 reused
ggml_backend_cuda_graph_compute: CUDA graph warmup complete
CUDA Graph id 1747 reused
ggml_backend_cuda_graph_compute: CUDA graph warmup complete
CUDA Graph id 1748 reused
ggml_backend_cuda_graph_compute: CUDA graph warmup complete
CUDA Graph id 1749 reused
ggml_backend_cuda_graph_compute: CUDA graph warmup complete
CUDA Graph id 1750 reused
ggml_backend_cuda_graph_compute: CUDA graph warmup complete
CUDA Graph id 1751 reused
ggml_backend_cuda_graph_compute: CUDA graph warmup complete
CUDA Graph id 1752 reused
ggml_backend_cuda_graph_compute: CUDA graph warmup complete
CUDA Graph id 1753 reused
ggml_backend_cuda_graph_compute: CUDA graph warmup complete
CUDA Graph id 1754 reused
ggml_backend_cuda_graph_compute: CUDA graph warmup complete
CUDA Graph id 1755 reused
ggml_backend_cuda_graph_compute: CUDA graph warmup complete
CUDA Graph id 1756 reused
ggml_backend_cuda_graph_compute: CUDA graph warmup complete
CUDA Graph id 1757 reused
ggml_backend_cuda_graph_compute: CUDA graph warmup complete
CUDA Graph id 1758 reused
ggml_backend_cuda_graph_compute: CUDA graph warmup complete
CUDA Graph id 1759 reused
ggml_backend_cuda_graph_compute: CUDA graph warmup complete
CUDA Graph id 1760 reused
ggml_backend_cuda_graph_compute: CUDA graph warmup complete
CUDA Graph id 1761 reused
ggml_backend_cuda_graph_compute: CUDA graph warmup complete
CUDA Graph id 1762 reused
ggml_backend_cuda_graph_compute: CUDA graph warmup complete
CUDA Graph id 1763 reused
ggml_backend_cuda_graph_compute: CUDA graph warmup complete
CUDA Graph id 1764 reused
ggml_backend_cuda_graph_compute: CUDA graph warmup complete
CUDA Graph id 1765 reused
ggml_backend_cuda_graph_compute: CUDA graph warmup complete
CUDA Graph id 1766 reused
ggml_backend_cuda_graph_compute: CUDA graph warmup complete
CUDA Graph id 1767 reused
ggml_backend_cuda_graph_compute: CUDA graph warmup complete
CUDA Graph id 1768 reused
ggml_backend_cuda_graph_compute: CUDA graph warmup complete
CUDA Graph id 1769 reused
ggml_backend_cuda_graph_compute: CUDA graph warmup complete
CUDA Graph id 1770 reused
ggml_backend_cuda_graph_compute: CUDA graph warmup complete
CUDA Graph id 1771 reused
ggml_backend_cuda_graph_compute: CUDA graph warmup complete
CUDA Graph id 1772 reused
ggml_backend_cuda_graph_compute: CUDA graph warmup complete
CUDA Graph id 1773 reused
ggml_backend_cuda_graph_compute: CUDA graph warmup complete
CUDA Graph id 1774 reused
ggml_backend_cuda_graph_compute: CUDA graph warmup complete
CUDA Graph id 1775 reused
ggml_backend_cuda_graph_compute: CUDA graph warmup complete
CUDA Graph id 1776 reused
ggml_backend_cuda_graph_compute: CUDA graph warmup complete
CUDA Graph id 1777 reused
ggml_backend_cuda_graph_compute: CUDA graph warmup complete
CUDA Graph id 1778 reused
ggml_backend_cuda_graph_compute: CUDA graph warmup complete
CUDA Graph id 1779 reused
ggml_backend_cuda_graph_compute: CUDA graph warmup complete
CUDA Graph id 1780 reused
ggml_backend_cuda_graph_compute: CUDA graph warmup complete
CUDA Graph id 1781 reused
ggml_backend_cuda_graph_compute: CUDA graph warmup complete
CUDA Graph id 1782 reused
ggml_backend_cuda_graph_compute: CUDA graph warmup complete
CUDA Graph id 1783 reused
ggml_backend_cuda_graph_compute: CUDA graph warmup complete
CUDA Graph id 1784 reused
ggml_backend_cuda_graph_compute: CUDA graph warmup complete
CUDA Graph id 1785 reused
ggml_backend_cuda_graph_compute: CUDA graph warmup complete
CUDA Graph id 1786 reused
ggml_backend_cuda_graph_compute: CUDA graph warmup complete
CUDA Graph id 1787 reused
ggml_backend_cuda_graph_compute: CUDA graph warmup complete
CUDA Graph id 1788 reused
ggml_backend_cuda_graph_compute: CUDA graph warmup complete
CUDA Graph id 1789 reused
ggml_backend_cuda_graph_compute: CUDA graph warmup complete
CUDA Graph id 1790 reused
ggml_backend_cuda_graph_compute: CUDA graph warmup complete
CUDA Graph id 1791 reused
ggml_backend_cuda_graph_compute: CUDA graph warmup complete
CUDA Graph id 1792 reused
ggml_backend_cuda_graph_compute: CUDA graph warmup complete
CUDA Graph id 1793 reused
ggml_backend_cuda_graph_compute: CUDA graph warmup complete
CUDA Graph id 1794 reused
ggml_backend_cuda_graph_compute: CUDA graph warmup complete
CUDA Graph id 1795 reused
ggml_backend_cuda_graph_compute: CUDA graph warmup complete
CUDA Graph id 1796 reused
ggml_backend_cuda_graph_compute: CUDA graph warmup complete
CUDA Graph id 1797 reused
ggml_backend_cuda_graph_compute: CUDA graph warmup complete
CUDA Graph id 1798 reused
ggml_backend_cuda_graph_compute: CUDA graph warmup complete
CUDA Graph id 1799 reused
ggml_backend_cuda_graph_compute: CUDA graph warmup complete
CUDA Graph id 1800 reused
ggml_backend_cuda_graph_compute: CUDA graph warmup complete
CUDA Graph id 1801 reused
ggml_backend_cuda_graph_compute: CUDA graph warmup complete
CUDA Graph id 1802 reused
ggml_backend_cuda_graph_compute: CUDA graph warmup complete
CUDA Graph id 1803 reused
ggml_backend_cuda_graph_compute: CUDA graph warmup complete
CUDA Graph id 1804 reused
ggml_backend_cuda_graph_compute: CUDA graph warmup complete
CUDA Graph id 1805 reused
ggml_backend_cuda_graph_compute: CUDA graph warmup complete
CUDA Graph id 1806 reused
ggml_backend_cuda_graph_compute: CUDA graph warmup complete
CUDA Graph id 1807 reused
ggml_backend_cuda_graph_compute: CUDA graph warmup complete
CUDA Graph id 1808 reused
ggml_backend_cuda_graph_compute: CUDA graph warmup complete
CUDA Graph id 1809 reused
ggml_backend_cuda_graph_compute: CUDA graph warmup complete
CUDA Graph id 1810 reused
ggml_backend_cuda_graph_compute: CUDA graph warmup complete
CUDA Graph id 1811 reused
ggml_backend_cuda_graph_compute: CUDA graph warmup complete
CUDA Graph id 1812 reused
ggml_backend_cuda_graph_compute: CUDA graph warmup complete
CUDA Graph id 1813 reused
ggml_backend_cuda_graph_compute: CUDA graph warmup complete
CUDA Graph id 1814 reused
ggml_backend_cuda_graph_compute: CUDA graph warmup complete
CUDA Graph id 1815 reused
ggml_backend_cuda_graph_compute: CUDA graph warmup complete
CUDA Graph id 1816 reused
ggml_backend_cuda_graph_compute: CUDA graph warmup complete
CUDA Graph id 1817 reused
ggml_backend_cuda_graph_compute: CUDA graph warmup complete
CUDA Graph id 1818 reused
ggml_backend_cuda_graph_compute: CUDA graph warmup complete
CUDA Graph id 1819 reused
ggml_backend_cuda_graph_compute: CUDA graph warmup complete
CUDA Graph id 1820 reused
ggml_backend_cuda_graph_compute: CUDA graph warmup complete
CUDA Graph id 1821 reused
ggml_backend_cuda_graph_compute: CUDA graph warmup complete
CUDA Graph id 1822 reused
ggml_backend_cuda_graph_compute: CUDA graph warmup complete
CUDA Graph id 1823 reused
ggml_backend_cuda_graph_compute: CUDA graph warmup complete
CUDA Graph id 1824 reused
ggml_backend_cuda_graph_compute: CUDA graph warmup complete
CUDA Graph id 1825 reused
ggml_backend_cuda_graph_compute: CUDA graph warmup complete
CUDA Graph id 1826 reused
ggml_backend_cuda_graph_compute: CUDA graph warmup complete
CUDA Graph id 1827 reused
ggml_backend_cuda_graph_compute: CUDA graph warmup complete
CUDA Graph id 1828 reused
ggml_backend_cuda_graph_compute: CUDA graph warmup complete
CUDA Graph id 1829 reused
ggml_backend_cuda_graph_compute: CUDA graph warmup complete
CUDA Graph id 1830 reused
ggml_backend_cuda_graph_compute: CUDA graph warmup complete
CUDA Graph id 1831 reused
ggml_backend_cuda_graph_compute: CUDA graph warmup complete
CUDA Graph id 1832 reused
ggml_backend_cuda_graph_compute: CUDA graph warmup complete
CUDA Graph id 1833 reused
ggml_backend_cuda_graph_compute: CUDA graph warmup complete
CUDA Graph id 1834 reused
ggml_backend_cuda_graph_compute: CUDA graph warmup complete
CUDA Graph id 1835 reused
ggml_backend_cuda_graph_compute: CUDA graph warmup complete
CUDA Graph id 1836 reused
ggml_backend_cuda_graph_compute: CUDA graph warmup complete
CUDA Graph id 1837 reused
ggml_backend_cuda_graph_compute: CUDA graph warmup complete
CUDA Graph id 1838 reused
ggml_backend_cuda_graph_compute: CUDA graph warmup complete
CUDA Graph id 1839 reused
ggml_backend_cuda_graph_compute: CUDA graph warmup complete
CUDA Graph id 1840 reused
ggml_backend_cuda_graph_compute: CUDA graph warmup complete
CUDA Graph id 1841 reused
ggml_backend_cuda_graph_compute: CUDA graph warmup complete
CUDA Graph id 1842 reused
ggml_backend_cuda_graph_compute: CUDA graph warmup complete
CUDA Graph id 1843 reused
ggml_backend_cuda_graph_compute: CUDA graph warmup complete
CUDA Graph id 1844 reused
ggml_backend_cuda_graph_compute: CUDA graph warmup complete
CUDA Graph id 1846 reused
ggml_backend_cuda_graph_compute: CUDA graph warmup complete
CUDA Graph id 1701 reused
CUDA Graph id 1702 reused
CUDA Graph id 1703 reused
CUDA Graph id 1704 reused
CUDA Graph id 1706 reused
CUDA Graph id 1707 reused
CUDA Graph id 1708 reused
CUDA Graph id 1709 reused
CUDA Graph id 1710 reused
CUDA Graph id 1711 reused
CUDA Graph id 1712 reused
CUDA Graph id 1713 reused
CUDA Graph id 1714 reused
CUDA Graph id 1715 reused
CUDA Graph id 1716 reused
CUDA Graph id 1717 reused
CUDA Graph id 1718 reused
CUDA Graph id 1719 reused
CUDA Graph id 1720 reused
CUDA Graph id 1721 reused
CUDA Graph id 1722 reused
CUDA Graph id 1723 reused
CUDA Graph id 1724 reused
CUDA Graph id 1725 reused
CUDA Graph id 1726 reused
CUDA Graph id 1727 reused
CUDA Graph id 1728 reused
CUDA Graph id 1729 reused
CUDA Graph id 1730 reused
CUDA Graph id 1731 reused
CUDA Graph id 1732 reused
CUDA Graph id 1733 reused
CUDA Graph id 1734 reused
CUDA Graph id 1735 reused
CUDA Graph id 1736 reused
CUDA Graph id 1737 reused
CUDA Graph id 1738 reused
CUDA Graph id 1739 reused
CUDA Graph id 1740 reused
CUDA Graph id 1741 reused
CUDA Graph id 1742 reused
CUDA Graph id 1743 reused
CUDA Graph id 1744 reused
CUDA Graph id 1745 reused
CUDA Graph id 1746 reused
CUDA Graph id 1747 reused
CUDA Graph id 1748 reused
CUDA Graph id 1749 reused
CUDA Graph id 1750 reused
CUDA Graph id 1751 reused
CUDA Graph id 1752 reused
CUDA Graph id 1753 reused
CUDA Graph id 1754 reused
CUDA Graph id 1755 reused
CUDA Graph id 1756 reused
CUDA Graph id 1757 reused
CUDA Graph id 1758 reused
CUDA Graph id 1759 reused
CUDA Graph id 1760 reused
CUDA Graph id 1761 reused
CUDA Graph id 1762 reused
CUDA Graph id 1763 reused
CUDA Graph id 1764 reused
CUDA Graph id 1765 reused
CUDA Graph id 1766 reused
CUDA Graph id 1767 reused
CUDA Graph id 1768 reused
CUDA Graph id 1769 reused
CUDA Graph id 1770 reused
CUDA Graph id 1771 reused
CUDA Graph id 1772 reused
CUDA Graph id 1773 reused
CUDA Graph id 1774 reused
CUDA Graph id 1775 reused
CUDA Graph id 1776 reused
CUDA Graph id 1777 reused
CUDA Graph id 1778 reused
CUDA Graph id 1779 reused
CUDA Graph id 1780 reused
CUDA Graph id 1781 reused
CUDA Graph id 1782 reused
CUDA Graph id 1783 reused
CUDA Graph id 1784 reused
CUDA Graph id 1785 reused
CUDA Graph id 1786 reused
CUDA Graph id 1787 reused
CUDA Graph id 1788 reused
CUDA Graph id 1789 reused
CUDA Graph id 1790 reused
CUDA Graph id 1791 reused
CUDA Graph id 1792 reused
CUDA Graph id 1793 reused
CUDA Graph id 1794 reused
CUDA Graph id 1795 reused
CUDA Graph id 1796 reused
CUDA Graph id 1797 reused
CUDA Graph id 1798 reused
CUDA Graph id 1799 reused
CUDA Graph id 1800 reused
CUDA Graph id 1801 reused
CUDA Graph id 1802 reused
CUDA Graph id 1803 reused
CUDA Graph id 1804 reused
CUDA Graph id 1805 reused
CUDA Graph id 1806 reused
CUDA Graph id 1807 reused
CUDA Graph id 1808 reused
CUDA Graph id 1809 reused
CUDA Graph id 1810 reused
CUDA Graph id 1811 reused
CUDA Graph id 1812 reused
CUDA Graph id 1813 reused
CUDA Graph id 1814 reused
CUDA Graph id 1815 reused
CUDA Graph id 1816 reused
CUDA Graph id 1817 reused
CUDA Graph id 1818 reused
CUDA Graph id 1819 reused
CUDA Graph id 1820 reused
CUDA Graph id 1821 reused
CUDA Graph id 1822 reused
CUDA Graph id 1823 reused
CUDA Graph id 1824 reused
CUDA Graph id 1825 reused
CUDA Graph id 1826 reused
CUDA Graph id 1827 reused
CUDA Graph id 1828 reused
CUDA Graph id 1829 reused
CUDA Graph id 1830 reused
CUDA Graph id 1831 reused
CUDA Graph id 1832 reused
CUDA Graph id 1833 reused
CUDA Graph id 1834 reused
CUDA Graph id 1835 reused
CUDA Graph id 1836 reused
CUDA Graph id 1837 reused
CUDA Graph id 1838 reused
CUDA Graph id 1839 reused
CUDA Graph id 1840 reused
CUDA Graph id 1841 reused
CUDA Graph id 1842 reused
CUDA Graph id 1843 reused
CUDA Graph id 1844 reused
CUDA Graph id 1846 reused
CUDA Graph id 1701 reused
CUDA Graph id 1702 reused
CUDA Graph id 1703 reused
CUDA Graph id 1704 reused
CUDA Graph id 1706 reused
CUDA Graph id 1707 reused
CUDA Graph id 1708 reused
CUDA Graph id 1709 reused
CUDA Graph id 1710 reused
CUDA Graph id 1711 reused
CUDA Graph id 1712 reused
CUDA Graph id 1713 reused
CUDA Graph id 1714 reused
CUDA Graph id 1715 reused
CUDA Graph id 1716 reused
CUDA Graph id 1717 reused
CUDA Graph id 1718 reused
CUDA Graph id 1719 reused
CUDA Graph id 1720 reused
CUDA Graph id 1721 reused
CUDA Graph id 1722 reused
CUDA Graph id 1723 reused
CUDA Graph id 1724 reused
CUDA Graph id 1725 reused
CUDA Graph id 1726 reused
CUDA Graph id 1727 reused
CUDA Graph id 1728 reused
CUDA Graph id 1729 reused
CUDA Graph id 1730 reused
CUDA Graph id 1731 reused
CUDA Graph id 1732 reused
CUDA Graph id 1733 reused
CUDA Graph id 1734 reused
CUDA Graph id 1735 reused
CUDA Graph id 1736 reused
CUDA Graph id 1737 reused
CUDA Graph id 1738 reused
CUDA Graph id 1739 reused
CUDA Graph id 1740 reused
CUDA Graph id 1741 reused
CUDA Graph id 1742 reused
CUDA Graph id 1743 reused
CUDA Graph id 1744 reused
CUDA Graph id 1745 reused
CUDA Graph id 1746 reused
CUDA Graph id 1747 reused
CUDA Graph id 1748 reused
CUDA Graph id 1749 reused
CUDA Graph id 1750 reused
CUDA Graph id 1751 reused
CUDA Graph id 1752 reused
CUDA Graph id 1753 reused
CUDA Graph id 1754 reused
CUDA Graph id 1755 reused
CUDA Graph id 1756 reused
CUDA Graph id 1757 reused
CUDA Graph id 1758 reused
CUDA Graph id 1759 reused
CUDA Graph id 1760 reused
CUDA Graph id 1761 reused
CUDA Graph id 1762 reused
CUDA Graph id 1763 reused
CUDA Graph id 1764 reused
CUDA Graph id 1765 reused
CUDA Graph id 1766 reused
CUDA Graph id 1767 reused
CUDA Graph id 1768 reused
CUDA Graph id 1769 reused
CUDA Graph id 1770 reused
CUDA Graph id 1771 reused
CUDA Graph id 1772 reused
CUDA Graph id 1773 reused
CUDA Graph id 1774 reused
CUDA Graph id 1775 reused
CUDA Graph id 1776 reused
CUDA Graph id 1777 reused
CUDA Graph id 1778 reused
CUDA Graph id 1779 reused
CUDA Graph id 1780 reused
CUDA Graph id 1781 reused
CUDA Graph id 1782 reused
CUDA Graph id 1783 reused
CUDA Graph id 1784 reused
CUDA Graph id 1785 reused
CUDA Graph id 1786 reused
CUDA Graph id 1787 reused
CUDA Graph id 1788 reused
CUDA Graph id 1789 reused
CUDA Graph id 1790 reused
CUDA Graph id 1791 reused
CUDA Graph id 1792 reused
CUDA Graph id 1793 reused
CUDA Graph id 1794 reused
CUDA Graph id 1795 reused
CUDA Graph id 1796 reused
CUDA Graph id 1797 reused
CUDA Graph id 1798 reused
CUDA Graph id 1799 reused
CUDA Graph id 1800 reused
CUDA Graph id 1801 reused
CUDA Graph id 1802 reused
CUDA Graph id 1803 reused
CUDA Graph id 1804 reused
CUDA Graph id 1805 reused
CUDA Graph id 1806 reused
CUDA Graph id 1807 reused
CUDA Graph id 1808 reused
CUDA Graph id 1809 reused
CUDA Graph id 1810 reused
CUDA Graph id 1811 reused
CUDA Graph id 1812 reused
CUDA Graph id 1813 reused
CUDA Graph id 1814 reused
CUDA Graph id 1815 reused
CUDA Graph id 1816 reused
CUDA Graph id 1817 reused
CUDA Graph id 1818 reused
CUDA Graph id 1819 reused
CUDA Graph id 1820 reused
CUDA Graph id 1821 reused
CUDA Graph id 1822 reused
CUDA Graph id 1823 reused
CUDA Graph id 1824 reused
CUDA Graph id 1825 reused
CUDA Graph id 1826 reused
CUDA Graph id 1827 reused
CUDA Graph id 1828 reused
CUDA Graph id 1829 reused
CUDA Graph id 1830 reused
CUDA Graph id 1831 reused
CUDA Graph id 1832 reused
CUDA Graph id 1833 reused
CUDA Graph id 1834 reused
CUDA Graph id 1835 reused
CUDA Graph id 1836 reused
CUDA Graph id 1837 reused
CUDA Graph id 1838 reused
CUDA Graph id 1839 reused
CUDA Graph id 1840 reused
CUDA Graph id 1841 reused
CUDA Graph id 1842 reused
CUDA Graph id 1843 reused
CUDA Graph id 1844 reused
CUDA Graph id 1846 reused
ggml_backend_cuda_graph_compute: CUDA graph warmup reset
ggml_backend_cuda_graph_compute: CUDA graph warmup reset
ggml_backend_cuda_graph_compute: CUDA graph warmup reset
ggml_backend_cuda_graph_compute: CUDA graph warmup reset
ggml_backend_cuda_graph_compute: CUDA graph warmup reset
ggml_backend_cuda_graph_compute: CUDA graph warmup reset
ggml_backend_cuda_graph_compute: CUDA graph warmup reset
ggml_backend_cuda_graph_compute: CUDA graph warmup reset
ggml_backend_cuda_graph_compute: CUDA graph warmup reset
ggml_backend_cuda_graph_compute: CUDA graph warmup reset
ggml_backend_cuda_graph_compute: CUDA graph warmup reset
ggml_backend_cuda_graph_compute: CUDA graph warmup reset
ggml_backend_cuda_graph_compute: CUDA graph warmup reset
ggml_backend_cuda_graph_compute: CUDA graph warmup reset
ggml_backend_cuda_graph_compute: CUDA graph warmup reset
ggml_backend_cuda_graph_compute: CUDA graph warmup reset
ggml_backend_cuda_graph_compute: CUDA graph warmup reset
ggml_backend_cuda_graph_compute: CUDA graph warmup reset
ggml_backend_cuda_graph_compute: CUDA graph warmup reset
ggml_backend_cuda_graph_compute: CUDA graph warmup reset
ggml_backend_cuda_graph_compute: CUDA graph warmup reset
ggml_backend_cuda_graph_compute: CUDA graph warmup reset
ggml_backend_cuda_graph_compute: CUDA graph warmup reset
ggml_backend_cuda_graph_compute: CUDA graph warmup reset
ggml_backend_cuda_graph_compute: CUDA graph warmup reset
ggml_backend_cuda_graph_compute: CUDA graph warmup reset
ggml_backend_cuda_graph_compute: CUDA graph warmup reset
ggml_backend_cuda_graph_compute: CUDA graph warmup reset
ggml_backend_cuda_graph_compute: CUDA graph warmup reset
ggml_backend_cuda_graph_compute: CUDA graph warmup reset
ggml_backend_cuda_graph_compute: CUDA graph warmup reset
ggml_backend_cuda_graph_compute: CUDA graph warmup reset
ggml_backend_cuda_graph_compute: CUDA graph warmup reset
ggml_backend_cuda_graph_compute: CUDA graph warmup reset
ggml_backend_cuda_graph_compute: CUDA graph warmup reset
ggml_backend_cuda_graph_compute: CUDA graph warmup reset
ggml_backend_cuda_graph_compute: CUDA graph warmup reset
ggml_backend_cuda_graph_compute: CUDA graph warmup reset
ggml_backend_cuda_graph_compute: CUDA graph warmup reset
ggml_backend_cuda_graph_compute: CUDA graph warmup reset
ggml_backend_cuda_graph_compute: CUDA graph warmup reset
ggml_backend_cuda_graph_compute: CUDA graph warmup reset
ggml_backend_cuda_graph_compute: CUDA graph warmup reset
ggml_backend_cuda_graph_compute: CUDA graph warmup reset
ggml_backend_cuda_graph_compute: CUDA graph warmup reset
ggml_backend_cuda_graph_compute: CUDA graph warmup reset
ggml_backend_cuda_graph_compute: CUDA graph warmup reset
ggml_backend_cuda_graph_compute: CUDA graph warmup reset
ggml_backend_cuda_graph_compute: CUDA graph warmup reset
ggml_backend_cuda_graph_compute: CUDA graph warmup reset
ggml_backend_cuda_graph_compute: CUDA graph warmup reset
ggml_backend_cuda_graph_compute: CUDA graph warmup reset
ggml_backend_cuda_graph_compute: CUDA graph warmup reset
ggml_backend_cuda_graph_compute: CUDA graph warmup reset
ggml_backend_cuda_graph_compute: CUDA graph warmup reset
ggml_backend_cuda_graph_compute: CUDA graph warmup reset
ggml_backend_cuda_graph_compute: CUDA graph warmup reset
ggml_backend_cuda_graph_compute: CUDA graph warmup reset
ggml_backend_cuda_graph_compute: CUDA graph warmup reset
ggml_backend_cuda_graph_compute: CUDA graph warmup reset
ggml_backend_cuda_graph_compute: CUDA graph warmup reset
ggml_backend_cuda_graph_compute: CUDA graph warmup reset
ggml_backend_cuda_graph_compute: CUDA graph warmup reset
ggml_backend_cuda_graph_compute: CUDA graph warmup reset
ggml_backend_cuda_graph_compute: CUDA graph warmup reset
ggml_backend_cuda_graph_compute: CUDA graph warmup reset
ggml_backend_cuda_graph_compute: CUDA graph warmup reset
ggml_backend_cuda_graph_compute: CUDA graph warmup reset
ggml_backend_cuda_graph_compute: CUDA graph warmup reset
ggml_backend_cuda_graph_compute: CUDA graph warmup reset
ggml_backend_cuda_graph_compute: CUDA graph warmup reset
ggml_backend_cuda_graph_compute: CUDA graph warmup reset
ggml_backend_cuda_graph_compute: CUDA graph warmup reset
ggml_backend_cuda_graph_compute: CUDA graph warmup reset
ggml_backend_cuda_graph_compute: CUDA graph warmup reset
ggml_backend_cuda_graph_compute: CUDA graph warmup reset
ggml_backend_cuda_graph_compute: CUDA graph warmup reset
ggml_backend_cuda_graph_compute: CUDA graph warmup reset
ggml_backend_cuda_graph_compute: CUDA graph warmup reset
ggml_backend_cuda_graph_compute: CUDA graph warmup reset
ggml_backend_cuda_graph_compute: CUDA graph warmup reset
ggml_backend_cuda_graph_compute: CUDA graph warmup reset
ggml_backend_cuda_graph_compute: CUDA graph warmup reset
ggml_backend_cuda_graph_compute: CUDA graph warmup reset
ggml_backend_cuda_graph_compute: CUDA graph warmup reset
ggml_backend_cuda_graph_compute: CUDA graph warmup reset
ggml_backend_cuda_graph_compute: CUDA graph warmup reset
ggml_backend_cuda_graph_compute: CUDA graph warmup reset
ggml_backend_cuda_graph_compute: CUDA graph warmup reset
ggml_backend_cuda_graph_compute: CUDA graph warmup reset
ggml_backend_cuda_graph_compute: CUDA graph warmup reset
ggml_backend_cuda_graph_compute: CUDA graph warmup reset
ggml_backend_cuda_graph_compute: CUDA graph warmup reset
ggml_backend_cuda_graph_compute: CUDA graph warmup reset
ggml_backend_cuda_graph_compute: CUDA graph warmup reset
ggml_backend_cuda_graph_compute: CUDA graph warmup reset
ggml_backend_cuda_graph_compute: CUDA graph warmup reset
ggml_backend_cuda_graph_compute: CUDA graph warmup reset
ggml_backend_cuda_graph_compute: CUDA graph warmup reset
ggml_backend_cuda_graph_compute: CUDA graph warmup reset
ggml_backend_cuda_graph_compute: CUDA graph warmup reset
ggml_backend_cuda_graph_compute: CUDA graph warmup reset
ggml_backend_cuda_graph_compute: CUDA graph warmup reset
ggml_backend_cuda_graph_compute: CUDA graph warmup reset
ggml_backend_cuda_graph_compute: CUDA graph warmup reset
ggml_backend_cuda_graph_compute: CUDA graph warmup reset
ggml_backend_cuda_graph_compute: CUDA graph warmup reset
ggml_backend_cuda_graph_compute: CUDA graph warmup reset
ggml_backend_cuda_graph_compute: CUDA graph warmup reset
ggml_backend_cuda_graph_compute: CUDA graph warmup reset
ggml_backend_cuda_graph_compute: CUDA graph warmup reset
ggml_backend_cuda_graph_compute: CUDA graph warmup reset
ggml_backend_cuda_graph_compute: CUDA graph warmup reset
ggml_backend_cuda_graph_compute: CUDA graph warmup reset
ggml_backend_cuda_graph_compute: CUDA graph warmup reset
ggml_backend_cuda_graph_compute: CUDA graph warmup reset
ggml_backend_cuda_graph_compute: CUDA graph warmup reset
ggml_backend_cuda_graph_compute: CUDA graph warmup reset
ggml_backend_cuda_graph_compute: CUDA graph warmup reset
ggml_backend_cuda_graph_compute: CUDA graph warmup reset
ggml_backend_cuda_graph_compute: CUDA graph warmup reset
ggml_backend_cuda_graph_compute: CUDA graph warmup reset
ggml_backend_cuda_graph_compute: CUDA graph warmup reset
ggml_backend_cuda_graph_compute: CUDA graph warmup reset
ggml_backend_cuda_graph_compute: CUDA graph warmup reset
ggml_backend_cuda_graph_compute: CUDA graph warmup reset
ggml_backend_cuda_graph_compute: CUDA graph warmup reset
ggml_backend_cuda_graph_compute: CUDA graph warmup reset
ggml_backend_cuda_graph_compute: CUDA graph warmup reset
ggml_backend_cuda_graph_compute: CUDA graph warmup reset
ggml_backend_cuda_graph_compute: CUDA graph warmup reset
ggml_backend_cuda_graph_compute: CUDA graph warmup reset
ggml_backend_cuda_graph_compute: CUDA graph warmup reset
ggml_backend_cuda_graph_compute: CUDA graph warmup reset
ggml_backend_cuda_graph_compute: CUDA graph warmup reset
ggml_backend_cuda_graph_compute: CUDA graph warmup reset
ggml_backend_cuda_graph_compute: CUDA graph warmup reset
ggml_backend_cuda_graph_compute: CUDA graph warmup reset
ggml_backend_cuda_graph_compute: CUDA graph warmup reset
ggml_backend_cuda_graph_compute: CUDA graph warmup reset
ggml_backend_cuda_graph_compute: CUDA graph warmup reset
ggml_backend_cuda_graph_compute: CUDA graph warmup reset
ggml_backend_cuda_graph_compute: CUDA graph warmup reset
ggml_backend_cuda_graph_compute: CUDA graph warmup reset
CUDA Graph id 1849 reused
ggml_backend_cuda_graph_compute: CUDA graph warmup complete
CUDA Graph id 1850 reused
ggml_backend_cuda_graph_compute: CUDA graph warmup complete
CUDA Graph id 1851 reused
ggml_backend_cuda_graph_compute: CUDA graph warmup complete
CUDA Graph id 1852 reused
ggml_backend_cuda_graph_compute: CUDA graph warmup complete
CUDA Graph id 1854 reused
ggml_backend_cuda_graph_compute: CUDA graph warmup complete
CUDA Graph id 1855 reused
ggml_backend_cuda_graph_compute: CUDA graph warmup complete
CUDA Graph id 1856 reused
ggml_backend_cuda_graph_compute: CUDA graph warmup complete
CUDA Graph id 1857 reused
ggml_backend_cuda_graph_compute: CUDA graph warmup complete
CUDA Graph id 1858 reused
ggml_backend_cuda_graph_compute: CUDA graph warmup complete
CUDA Graph id 1859 reused
ggml_backend_cuda_graph_compute: CUDA graph warmup complete
CUDA Graph id 1860 reused
ggml_backend_cuda_graph_compute: CUDA graph warmup complete
CUDA Graph id 1861 reused
ggml_backend_cuda_graph_compute: CUDA graph warmup complete
CUDA Graph id 1862 reused
ggml_backend_cuda_graph_compute: CUDA graph warmup complete
CUDA Graph id 1863 reused
ggml_backend_cuda_graph_compute: CUDA graph warmup complete
CUDA Graph id 1864 reused
ggml_backend_cuda_graph_compute: CUDA graph warmup complete
CUDA Graph id 1865 reused
ggml_backend_cuda_graph_compute: CUDA graph warmup complete
CUDA Graph id 1866 reused
ggml_backend_cuda_graph_compute: CUDA graph warmup complete
CUDA Graph id 1867 reused
ggml_backend_cuda_graph_compute: CUDA graph warmup complete
CUDA Graph id 1868 reused
ggml_backend_cuda_graph_compute: CUDA graph warmup complete
CUDA Graph id 1869 reused
ggml_backend_cuda_graph_compute: CUDA graph warmup complete
CUDA Graph id 1870 reused
ggml_backend_cuda_graph_compute: CUDA graph warmup complete
CUDA Graph id 1871 reused
ggml_backend_cuda_graph_compute: CUDA graph warmup complete
CUDA Graph id 1872 reused
ggml_backend_cuda_graph_compute: CUDA graph warmup complete
CUDA Graph id 1873 reused
ggml_backend_cuda_graph_compute: CUDA graph warmup complete
CUDA Graph id 1874 reused
ggml_backend_cuda_graph_compute: CUDA graph warmup complete
CUDA Graph id 1875 reused
ggml_backend_cuda_graph_compute: CUDA graph warmup complete
CUDA Graph id 1876 reused
ggml_backend_cuda_graph_compute: CUDA graph warmup complete
CUDA Graph id 1877 reused
ggml_backend_cuda_graph_compute: CUDA graph warmup complete
CUDA Graph id 1878 reused
ggml_backend_cuda_graph_compute: CUDA graph warmup complete
CUDA Graph id 1879 reused
ggml_backend_cuda_graph_compute: CUDA graph warmup complete
CUDA Graph id 1880 reused
ggml_backend_cuda_graph_compute: CUDA graph warmup complete
CUDA Graph id 1881 reused
ggml_backend_cuda_graph_compute: CUDA graph warmup complete
CUDA Graph id 1882 reused
ggml_backend_cuda_graph_compute: CUDA graph warmup complete
CUDA Graph id 1883 reused
ggml_backend_cuda_graph_compute: CUDA graph warmup complete
CUDA Graph id 1884 reused
ggml_backend_cuda_graph_compute: CUDA graph warmup complete
CUDA Graph id 1885 reused
ggml_backend_cuda_graph_compute: CUDA graph warmup complete
CUDA Graph id 1886 reused
ggml_backend_cuda_graph_compute: CUDA graph warmup complete
CUDA Graph id 1887 reused
ggml_backend_cuda_graph_compute: CUDA graph warmup complete
CUDA Graph id 1888 reused
ggml_backend_cuda_graph_compute: CUDA graph warmup complete
CUDA Graph id 1889 reused
ggml_backend_cuda_graph_compute: CUDA graph warmup complete
CUDA Graph id 1890 reused
ggml_backend_cuda_graph_compute: CUDA graph warmup complete
CUDA Graph id 1891 reused
ggml_backend_cuda_graph_compute: CUDA graph warmup complete
CUDA Graph id 1892 reused
ggml_backend_cuda_graph_compute: CUDA graph warmup complete
CUDA Graph id 1893 reused
ggml_backend_cuda_graph_compute: CUDA graph warmup complete
CUDA Graph id 1894 reused
ggml_backend_cuda_graph_compute: CUDA graph warmup complete
CUDA Graph id 1895 reused
ggml_backend_cuda_graph_compute: CUDA graph warmup complete
CUDA Graph id 1896 reused
ggml_backend_cuda_graph_compute: CUDA graph warmup complete
CUDA Graph id 1897 reused
ggml_backend_cuda_graph_compute: CUDA graph warmup complete
CUDA Graph id 1898 reused
ggml_backend_cuda_graph_compute: CUDA graph warmup complete
CUDA Graph id 1899 reused
ggml_backend_cuda_graph_compute: CUDA graph warmup complete
CUDA Graph id 1900 reused
ggml_backend_cuda_graph_compute: CUDA graph warmup complete
CUDA Graph id 1901 reused
ggml_backend_cuda_graph_compute: CUDA graph warmup complete
CUDA Graph id 1902 reused
ggml_backend_cuda_graph_compute: CUDA graph warmup complete
CUDA Graph id 1903 reused
ggml_backend_cuda_graph_compute: CUDA graph warmup complete
CUDA Graph id 1904 reused
ggml_backend_cuda_graph_compute: CUDA graph warmup complete
CUDA Graph id 1905 reused
ggml_backend_cuda_graph_compute: CUDA graph warmup complete
CUDA Graph id 1906 reused
ggml_backend_cuda_graph_compute: CUDA graph warmup complete
CUDA Graph id 1907 reused
ggml_backend_cuda_graph_compute: CUDA graph warmup complete
CUDA Graph id 1908 reused
ggml_backend_cuda_graph_compute: CUDA graph warmup complete
CUDA Graph id 1909 reused
ggml_backend_cuda_graph_compute: CUDA graph warmup complete
CUDA Graph id 1910 reused
ggml_backend_cuda_graph_compute: CUDA graph warmup complete
CUDA Graph id 1911 reused
ggml_backend_cuda_graph_compute: CUDA graph warmup complete
CUDA Graph id 1912 reused
ggml_backend_cuda_graph_compute: CUDA graph warmup complete
CUDA Graph id 1913 reused
ggml_backend_cuda_graph_compute: CUDA graph warmup complete
CUDA Graph id 1914 reused
ggml_backend_cuda_graph_compute: CUDA graph warmup complete
CUDA Graph id 1915 reused
ggml_backend_cuda_graph_compute: CUDA graph warmup complete
CUDA Graph id 1916 reused
ggml_backend_cuda_graph_compute: CUDA graph warmup complete
CUDA Graph id 1917 reused
ggml_backend_cuda_graph_compute: CUDA graph warmup complete
CUDA Graph id 1918 reused
ggml_backend_cuda_graph_compute: CUDA graph warmup complete
CUDA Graph id 1919 reused
ggml_backend_cuda_graph_compute: CUDA graph warmup complete
CUDA Graph id 1920 reused
ggml_backend_cuda_graph_compute: CUDA graph warmup complete
CUDA Graph id 1921 reused
ggml_backend_cuda_graph_compute: CUDA graph warmup complete
CUDA Graph id 1922 reused
ggml_backend_cuda_graph_compute: CUDA graph warmup complete
CUDA Graph id 1923 reused
ggml_backend_cuda_graph_compute: CUDA graph warmup complete
CUDA Graph id 1924 reused
ggml_backend_cuda_graph_compute: CUDA graph warmup complete
CUDA Graph id 1925 reused
ggml_backend_cuda_graph_compute: CUDA graph warmup complete
CUDA Graph id 1926 reused
ggml_backend_cuda_graph_compute: CUDA graph warmup complete
CUDA Graph id 1927 reused
ggml_backend_cuda_graph_compute: CUDA graph warmup complete
CUDA Graph id 1928 reused
ggml_backend_cuda_graph_compute: CUDA graph warmup complete
CUDA Graph id 1929 reused
ggml_backend_cuda_graph_compute: CUDA graph warmup complete
CUDA Graph id 1930 reused
ggml_backend_cuda_graph_compute: CUDA graph warmup complete
CUDA Graph id 1931 reused
ggml_backend_cuda_graph_compute: CUDA graph warmup complete
CUDA Graph id 1932 reused
ggml_backend_cuda_graph_compute: CUDA graph warmup complete
CUDA Graph id 1933 reused
ggml_backend_cuda_graph_compute: CUDA graph warmup complete
CUDA Graph id 1934 reused
ggml_backend_cuda_graph_compute: CUDA graph warmup complete
CUDA Graph id 1935 reused
ggml_backend_cuda_graph_compute: CUDA graph warmup complete
CUDA Graph id 1936 reused
ggml_backend_cuda_graph_compute: CUDA graph warmup complete
CUDA Graph id 1937 reused
ggml_backend_cuda_graph_compute: CUDA graph warmup complete
CUDA Graph id 1938 reused
ggml_backend_cuda_graph_compute: CUDA graph warmup complete
CUDA Graph id 1939 reused
ggml_backend_cuda_graph_compute: CUDA graph warmup complete
CUDA Graph id 1940 reused
ggml_backend_cuda_graph_compute: CUDA graph warmup complete
CUDA Graph id 1941 reused
ggml_backend_cuda_graph_compute: CUDA graph warmup complete
CUDA Graph id 1942 reused
ggml_backend_cuda_graph_compute: CUDA graph warmup complete
CUDA Graph id 1943 reused
ggml_backend_cuda_graph_compute: CUDA graph warmup complete
CUDA Graph id 1944 reused
ggml_backend_cuda_graph_compute: CUDA graph warmup complete
CUDA Graph id 1945 reused
ggml_backend_cuda_graph_compute: CUDA graph warmup complete
CUDA Graph id 1946 reused
ggml_backend_cuda_graph_compute: CUDA graph warmup complete
CUDA Graph id 1947 reused
ggml_backend_cuda_graph_compute: CUDA graph warmup complete
CUDA Graph id 1948 reused
ggml_backend_cuda_graph_compute: CUDA graph warmup complete
CUDA Graph id 1949 reused
ggml_backend_cuda_graph_compute: CUDA graph warmup complete
CUDA Graph id 1950 reused
ggml_backend_cuda_graph_compute: CUDA graph warmup complete
CUDA Graph id 1951 reused
ggml_backend_cuda_graph_compute: CUDA graph warmup complete
CUDA Graph id 1952 reused
ggml_backend_cuda_graph_compute: CUDA graph warmup complete
CUDA Graph id 1953 reused
ggml_backend_cuda_graph_compute: CUDA graph warmup complete
CUDA Graph id 1954 reused
ggml_backend_cuda_graph_compute: CUDA graph warmup complete
CUDA Graph id 1955 reused
ggml_backend_cuda_graph_compute: CUDA graph warmup complete
CUDA Graph id 1956 reused
ggml_backend_cuda_graph_compute: CUDA graph warmup complete
CUDA Graph id 1957 reused
ggml_backend_cuda_graph_compute: CUDA graph warmup complete
CUDA Graph id 1958 reused
ggml_backend_cuda_graph_compute: CUDA graph warmup complete
CUDA Graph id 1959 reused
ggml_backend_cuda_graph_compute: CUDA graph warmup complete
CUDA Graph id 1960 reused
ggml_backend_cuda_graph_compute: CUDA graph warmup complete
CUDA Graph id 1961 reused
ggml_backend_cuda_graph_compute: CUDA graph warmup complete
CUDA Graph id 1962 reused
ggml_backend_cuda_graph_compute: CUDA graph warmup complete
CUDA Graph id 1963 reused
ggml_backend_cuda_graph_compute: CUDA graph warmup complete
CUDA Graph id 1964 reused
ggml_backend_cuda_graph_compute: CUDA graph warmup complete
CUDA Graph id 1965 reused
ggml_backend_cuda_graph_compute: CUDA graph warmup complete
CUDA Graph id 1966 reused
ggml_backend_cuda_graph_compute: CUDA graph warmup complete
CUDA Graph id 1967 reused
ggml_backend_cuda_graph_compute: CUDA graph warmup complete
CUDA Graph id 1968 reused
ggml_backend_cuda_graph_compute: CUDA graph warmup complete
CUDA Graph id 1969 reused
ggml_backend_cuda_graph_compute: CUDA graph warmup complete
CUDA Graph id 1970 reused
ggml_backend_cuda_graph_compute: CUDA graph warmup complete
CUDA Graph id 1971 reused
ggml_backend_cuda_graph_compute: CUDA graph warmup complete
CUDA Graph id 1972 reused
ggml_backend_cuda_graph_compute: CUDA graph warmup complete
CUDA Graph id 1973 reused
ggml_backend_cuda_graph_compute: CUDA graph warmup complete
CUDA Graph id 1974 reused
ggml_backend_cuda_graph_compute: CUDA graph warmup complete
CUDA Graph id 1975 reused
ggml_backend_cuda_graph_compute: CUDA graph warmup complete
CUDA Graph id 1976 reused
ggml_backend_cuda_graph_compute: CUDA graph warmup complete
CUDA Graph id 1977 reused
ggml_backend_cuda_graph_compute: CUDA graph warmup complete
CUDA Graph id 1978 reused
ggml_backend_cuda_graph_compute: CUDA graph warmup complete
CUDA Graph id 1979 reused
ggml_backend_cuda_graph_compute: CUDA graph warmup complete
CUDA Graph id 1980 reused
ggml_backend_cuda_graph_compute: CUDA graph warmup complete
CUDA Graph id 1981 reused
ggml_backend_cuda_graph_compute: CUDA graph warmup complete
CUDA Graph id 1982 reused
ggml_backend_cuda_graph_compute: CUDA graph warmup complete
CUDA Graph id 1983 reused
ggml_backend_cuda_graph_compute: CUDA graph warmup complete
CUDA Graph id 1984 reused
ggml_backend_cuda_graph_compute: CUDA graph warmup complete
CUDA Graph id 1985 reused
ggml_backend_cuda_graph_compute: CUDA graph warmup complete
CUDA Graph id 1986 reused
ggml_backend_cuda_graph_compute: CUDA graph warmup complete
CUDA Graph id 1987 reused
ggml_backend_cuda_graph_compute: CUDA graph warmup complete
CUDA Graph id 1988 reused
ggml_backend_cuda_graph_compute: CUDA graph warmup complete
CUDA Graph id 1989 reused
ggml_backend_cuda_graph_compute: CUDA graph warmup complete
CUDA Graph id 1990 reused
ggml_backend_cuda_graph_compute: CUDA graph warmup complete
CUDA Graph id 1991 reused
ggml_backend_cuda_graph_compute: CUDA graph warmup complete
CUDA Graph id 1992 reused
ggml_backend_cuda_graph_compute: CUDA graph warmup complete
CUDA Graph id 1994 reused
ggml_backend_cuda_graph_compute: CUDA graph warmup complete
CUDA Graph id 1849 reused
CUDA Graph id 1850 reused
CUDA Graph id 1851 reused
CUDA Graph id 1852 reused
CUDA Graph id 1854 reused
CUDA Graph id 1855 reused
CUDA Graph id 1856 reused
CUDA Graph id 1857 reused
CUDA Graph id 1858 reused
CUDA Graph id 1859 reused
CUDA Graph id 1860 reused
CUDA Graph id 1861 reused
CUDA Graph id 1862 reused
CUDA Graph id 1863 reused
CUDA Graph id 1864 reused
CUDA Graph id 1865 reused
CUDA Graph id 1866 reused
CUDA Graph id 1867 reused
CUDA Graph id 1868 reused
CUDA Graph id 1869 reused
CUDA Graph id 1870 reused
CUDA Graph id 1871 reused
CUDA Graph id 1872 reused
CUDA Graph id 1873 reused
CUDA Graph id 1874 reused
CUDA Graph id 1875 reused
CUDA Graph id 1876 reused
CUDA Graph id 1877 reused
CUDA Graph id 1878 reused
CUDA Graph id 1879 reused
CUDA Graph id 1880 reused
CUDA Graph id 1881 reused
CUDA Graph id 1882 reused
CUDA Graph id 1883 reused
CUDA Graph id 1884 reused
CUDA Graph id 1885 reused
CUDA Graph id 1886 reused
CUDA Graph id 1887 reused
CUDA Graph id 1888 reused
CUDA Graph id 1889 reused
CUDA Graph id 1890 reused
CUDA Graph id 1891 reused
CUDA Graph id 1892 reused
CUDA Graph id 1893 reused
CUDA Graph id 1894 reused
CUDA Graph id 1895 reused
CUDA Graph id 1896 reused
CUDA Graph id 1897 reused
CUDA Graph id 1898 reused
CUDA Graph id 1899 reused
CUDA Graph id 1900 reused
CUDA Graph id 1901 reused
CUDA Graph id 1902 reused
CUDA Graph id 1903 reused
CUDA Graph id 1904 reused
CUDA Graph id 1905 reused
CUDA Graph id 1906 reused
CUDA Graph id 1907 reused
CUDA Graph id 1908 reused
CUDA Graph id 1909 reused
CUDA Graph id 1910 reused
CUDA Graph id 1911 reused
CUDA Graph id 1912 reused
CUDA Graph id 1913 reused
CUDA Graph id 1914 reused
CUDA Graph id 1915 reused
CUDA Graph id 1916 reused
CUDA Graph id 1917 reused
CUDA Graph id 1918 reused
CUDA Graph id 1919 reused
CUDA Graph id 1920 reused
CUDA Graph id 1921 reused
CUDA Graph id 1922 reused
CUDA Graph id 1923 reused
CUDA Graph id 1924 reused
CUDA Graph id 1925 reused
CUDA Graph id 1926 reused
CUDA Graph id 1927 reused
CUDA Graph id 1928 reused
CUDA Graph id 1929 reused
CUDA Graph id 1930 reused
CUDA Graph id 1931 reused
CUDA Graph id 1932 reused
CUDA Graph id 1933 reused
CUDA Graph id 1934 reused
CUDA Graph id 1935 reused
CUDA Graph id 1936 reused
CUDA Graph id 1937 reused
CUDA Graph id 1938 reused
CUDA Graph id 1939 reused
CUDA Graph id 1940 reused
CUDA Graph id 1941 reused
CUDA Graph id 1942 reused
CUDA Graph id 1943 reused
CUDA Graph id 1944 reused
CUDA Graph id 1945 reused
CUDA Graph id 1946 reused
CUDA Graph id 1947 reused
CUDA Graph id 1948 reused
CUDA Graph id 1949 reused
CUDA Graph id 1950 reused
CUDA Graph id 1951 reused
CUDA Graph id 1952 reused
CUDA Graph id 1953 reused
CUDA Graph id 1954 reused
CUDA Graph id 1955 reused
CUDA Graph id 1956 reused
CUDA Graph id 1957 reused
CUDA Graph id 1958 reused
CUDA Graph id 1959 reused
CUDA Graph id 1960 reused
CUDA Graph id 1961 reused
CUDA Graph id 1962 reused
CUDA Graph id 1963 reused
CUDA Graph id 1964 reused
CUDA Graph id 1965 reused
CUDA Graph id 1966 reused
CUDA Graph id 1967 reused
CUDA Graph id 1968 reused
CUDA Graph id 1969 reused
CUDA Graph id 1970 reused
CUDA Graph id 1971 reused
CUDA Graph id 1972 reused
CUDA Graph id 1973 reused
CUDA Graph id 1974 reused
CUDA Graph id 1975 reused
CUDA Graph id 1976 reused
CUDA Graph id 1977 reused
CUDA Graph id 1978 reused
CUDA Graph id 1979 reused
CUDA Graph id 1980 reused
CUDA Graph id 1981 reused
CUDA Graph id 1982 reused
CUDA Graph id 1983 reused
CUDA Graph id 1984 reused
CUDA Graph id 1985 reused
CUDA Graph id 1986 reused
CUDA Graph id 1987 reused
CUDA Graph id 1988 reused
CUDA Graph id 1989 reused
CUDA Graph id 1990 reused
CUDA Graph id 1991 reused
CUDA Graph id 1992 reused
CUDA Graph id 1994 reused
CUDA Graph id 1849 reused
CUDA Graph id 1850 reused
CUDA Graph id 1851 reused
CUDA Graph id 1852 reused
CUDA Graph id 1854 reused
CUDA Graph id 1855 reused
CUDA Graph id 1856 reused
CUDA Graph id 1857 reused
CUDA Graph id 1858 reused
CUDA Graph id 1859 reused
CUDA Graph id 1860 reused
CUDA Graph id 1861 reused
CUDA Graph id 1862 reused
CUDA Graph id 1863 reused
CUDA Graph id 1864 reused
CUDA Graph id 1865 reused
CUDA Graph id 1866 reused
CUDA Graph id 1867 reused
CUDA Graph id 1868 reused
CUDA Graph id 1869 reused
CUDA Graph id 1870 reused
CUDA Graph id 1871 reused
CUDA Graph id 1872 reused
CUDA Graph id 1873 reused
CUDA Graph id 1874 reused
CUDA Graph id 1875 reused
CUDA Graph id 1876 reused
CUDA Graph id 1877 reused
CUDA Graph id 1878 reused
CUDA Graph id 1879 reused
CUDA Graph id 1880 reused
CUDA Graph id 1881 reused
CUDA Graph id 1882 reused
CUDA Graph id 1883 reused
CUDA Graph id 1884 reused
CUDA Graph id 1885 reused
CUDA Graph id 1886 reused
CUDA Graph id 1887 reused
CUDA Graph id 1888 reused
CUDA Graph id 1889 reused
CUDA Graph id 1890 reused
CUDA Graph id 1891 reused
CUDA Graph id 1892 reused
CUDA Graph id 1893 reused
CUDA Graph id 1894 reused
CUDA Graph id 1895 reused
CUDA Graph id 1896 reused
CUDA Graph id 1897 reused
CUDA Graph id 1898 reused
CUDA Graph id 1899 reused
CUDA Graph id 1900 reused
CUDA Graph id 1901 reused
CUDA Graph id 1902 reused
CUDA Graph id 1903 reused
CUDA Graph id 1904 reused
CUDA Graph id 1905 reused
CUDA Graph id 1906 reused
CUDA Graph id 1907 reused
CUDA Graph id 1908 reused
CUDA Graph id 1909 reused
CUDA Graph id 1910 reused
CUDA Graph id 1911 reused
CUDA Graph id 1912 reused
CUDA Graph id 1913 reused
CUDA Graph id 1914 reused
CUDA Graph id 1915 reused
CUDA Graph id 1916 reused
CUDA Graph id 1917 reused
CUDA Graph id 1918 reused
CUDA Graph id 1919 reused
CUDA Graph id 1920 reused
CUDA Graph id 1921 reused
CUDA Graph id 1922 reused
CUDA Graph id 1923 reused
CUDA Graph id 1924 reused
CUDA Graph id 1925 reused
CUDA Graph id 1926 reused
CUDA Graph id 1927 reused
CUDA Graph id 1928 reused
CUDA Graph id 1929 reused
CUDA Graph id 1930 reused
CUDA Graph id 1931 reused
CUDA Graph id 1932 reused
CUDA Graph id 1933 reused
CUDA Graph id 1934 reused
CUDA Graph id 1935 reused
CUDA Graph id 1936 reused
CUDA Graph id 1937 reused
CUDA Graph id 1938 reused
CUDA Graph id 1939 reused
CUDA Graph id 1940 reused
CUDA Graph id 1941 reused
CUDA Graph id 1942 reused
CUDA Graph id 1943 reused
CUDA Graph id 1944 reused
CUDA Graph id 1945 reused
CUDA Graph id 1946 reused
CUDA Graph id 1947 reused
CUDA Graph id 1948 reused
CUDA Graph id 1949 reused
CUDA Graph id 1950 reused
CUDA Graph id 1951 reused
CUDA Graph id 1952 reused
CUDA Graph id 1953 reused
CUDA Graph id 1954 reused
CUDA Graph id 1955 reused
CUDA Graph id 1956 reused
CUDA Graph id 1957 reused
CUDA Graph id 1958 reused
CUDA Graph id 1959 reused
CUDA Graph id 1960 reused
CUDA Graph id 1961 reused
CUDA Graph id 1962 reused
CUDA Graph id 1963 reused
CUDA Graph id 1964 reused
CUDA Graph id 1965 reused
CUDA Graph id 1966 reused
CUDA Graph id 1967 reused
CUDA Graph id 1968 reused
CUDA Graph id 1969 reused
CUDA Graph id 1970 reused
CUDA Graph id 1971 reused
CUDA Graph id 1972 reused
CUDA Graph id 1973 reused
CUDA Graph id 1974 reused
CUDA Graph id 1975 reused
CUDA Graph id 1976 reused
CUDA Graph id 1977 reused
CUDA Graph id 1978 reused
CUDA Graph id 1979 reused
CUDA Graph id 1980 reused
CUDA Graph id 1981 reused
CUDA Graph id 1982 reused
CUDA Graph id 1983 reused
CUDA Graph id 1984 reused
CUDA Graph id 1985 reused
CUDA Graph id 1986 reused
CUDA Graph id 1987 reused
CUDA Graph id 1988 reused
CUDA Graph id 1989 reused
CUDA Graph id 1990 reused
CUDA Graph id 1991 reused
CUDA Graph id 1992 reused
CUDA Graph id 1994 reused
ggml_backend_cuda_graph_compute: CUDA graph warmup reset
ggml_backend_cuda_graph_compute: CUDA graph warmup reset
ggml_backend_cuda_graph_compute: CUDA graph warmup reset
ggml_backend_cuda_graph_compute: CUDA graph warmup reset
ggml_backend_cuda_graph_compute: CUDA graph warmup reset
ggml_backend_cuda_graph_compute: CUDA graph warmup reset
ggml_backend_cuda_graph_compute: CUDA graph warmup reset
ggml_backend_cuda_graph_compute: CUDA graph warmup reset
ggml_backend_cuda_graph_compute: CUDA graph warmup reset
ggml_backend_cuda_graph_compute: CUDA graph warmup reset
ggml_backend_cuda_graph_compute: CUDA graph warmup reset
ggml_backend_cuda_graph_compute: CUDA graph warmup reset
ggml_backend_cuda_graph_compute: CUDA graph warmup reset
ggml_backend_cuda_graph_compute: CUDA graph warmup reset
ggml_backend_cuda_graph_compute: CUDA graph warmup reset
ggml_backend_cuda_graph_compute: CUDA graph warmup reset
ggml_backend_cuda_graph_compute: CUDA graph warmup reset
ggml_backend_cuda_graph_compute: CUDA graph warmup reset
ggml_backend_cuda_graph_compute: CUDA graph warmup reset
ggml_backend_cuda_graph_compute: CUDA graph warmup reset
ggml_backend_cuda_graph_compute: CUDA graph warmup reset
ggml_backend_cuda_graph_compute: CUDA graph warmup reset
ggml_backend_cuda_graph_compute: CUDA graph warmup reset
ggml_backend_cuda_graph_compute: CUDA graph warmup reset
ggml_backend_cuda_graph_compute: CUDA graph warmup reset
ggml_backend_cuda_graph_compute: CUDA graph warmup reset
ggml_backend_cuda_graph_compute: CUDA graph warmup reset
ggml_backend_cuda_graph_compute: CUDA graph warmup reset
ggml_backend_cuda_graph_compute: CUDA graph warmup reset
ggml_backend_cuda_graph_compute: CUDA graph warmup reset
ggml_backend_cuda_graph_compute: CUDA graph warmup reset
ggml_backend_cuda_graph_compute: CUDA graph warmup reset
ggml_backend_cuda_graph_compute: CUDA graph warmup reset
ggml_backend_cuda_graph_compute: CUDA graph warmup reset
ggml_backend_cuda_graph_compute: CUDA graph warmup reset
ggml_backend_cuda_graph_compute: CUDA graph warmup reset
ggml_backend_cuda_graph_compute: CUDA graph warmup reset
ggml_backend_cuda_graph_compute: CUDA graph warmup reset
ggml_backend_cuda_graph_compute: CUDA graph warmup reset
ggml_backend_cuda_graph_compute: CUDA graph warmup reset
ggml_backend_cuda_graph_compute: CUDA graph warmup reset
ggml_backend_cuda_graph_compute: CUDA graph warmup reset
ggml_backend_cuda_graph_compute: CUDA graph warmup reset
ggml_backend_cuda_graph_compute: CUDA graph warmup reset
ggml_backend_cuda_graph_compute: CUDA graph warmup reset
ggml_backend_cuda_graph_compute: CUDA graph warmup reset
ggml_backend_cuda_graph_compute: CUDA graph warmup reset
ggml_backend_cuda_graph_compute: CUDA graph warmup reset
ggml_backend_cuda_graph_compute: CUDA graph warmup reset
ggml_backend_cuda_graph_compute: CUDA graph warmup reset
ggml_backend_cuda_graph_compute: CUDA graph warmup reset
ggml_backend_cuda_graph_compute: CUDA graph warmup reset
ggml_backend_cuda_graph_compute: CUDA graph warmup reset
ggml_backend_cuda_graph_compute: CUDA graph warmup reset
ggml_backend_cuda_graph_compute: CUDA graph warmup reset
ggml_backend_cuda_graph_compute: CUDA graph warmup reset
ggml_backend_cuda_graph_compute: CUDA graph warmup reset
ggml_backend_cuda_graph_compute: CUDA graph warmup reset
ggml_backend_cuda_graph_compute: CUDA graph warmup reset
ggml_backend_cuda_graph_compute: CUDA graph warmup reset
ggml_backend_cuda_graph_compute: CUDA graph warmup reset
ggml_backend_cuda_graph_compute: CUDA graph warmup reset
ggml_backend_cuda_graph_compute: CUDA graph warmup reset
ggml_backend_cuda_graph_compute: CUDA graph warmup reset
ggml_backend_cuda_graph_compute: CUDA graph warmup reset
ggml_backend_cuda_graph_compute: CUDA graph warmup reset
ggml_backend_cuda_graph_compute: CUDA graph warmup reset
ggml_backend_cuda_graph_compute: CUDA graph warmup reset
ggml_backend_cuda_graph_compute: CUDA graph warmup reset
ggml_backend_cuda_graph_compute: CUDA graph warmup reset
ggml_backend_cuda_graph_compute: CUDA graph warmup reset
ggml_backend_cuda_graph_compute: CUDA graph warmup reset
ggml_backend_cuda_graph_compute: CUDA graph warmup reset
ggml_backend_cuda_graph_compute: CUDA graph warmup reset
ggml_backend_cuda_graph_compute: CUDA graph warmup reset
ggml_backend_cuda_graph_compute: CUDA graph warmup reset
ggml_backend_cuda_graph_compute: CUDA graph warmup reset
ggml_backend_cuda_graph_compute: CUDA graph warmup reset
ggml_backend_cuda_graph_compute: CUDA graph warmup reset
ggml_backend_cuda_graph_compute: CUDA graph warmup reset
ggml_backend_cuda_graph_compute: CUDA graph warmup reset
ggml_backend_cuda_graph_compute: CUDA graph warmup reset
ggml_backend_cuda_graph_compute: CUDA graph warmup reset
ggml_backend_cuda_graph_compute: CUDA graph warmup reset
ggml_backend_cuda_graph_compute: CUDA graph warmup reset
ggml_backend_cuda_graph_compute: CUDA graph warmup reset
ggml_backend_cuda_graph_compute: CUDA graph warmup reset
ggml_backend_cuda_graph_compute: CUDA graph warmup reset
ggml_backend_cuda_graph_compute: CUDA graph warmup reset
ggml_backend_cuda_graph_compute: CUDA graph warmup reset
ggml_backend_cuda_graph_compute: CUDA graph warmup reset
ggml_backend_cuda_graph_compute: CUDA graph warmup reset
ggml_backend_cuda_graph_compute: CUDA graph warmup reset
ggml_backend_cuda_graph_compute: CUDA graph warmup reset
ggml_backend_cuda_graph_compute: CUDA graph warmup reset
ggml_backend_cuda_graph_compute: CUDA graph warmup reset
ggml_backend_cuda_graph_compute: CUDA graph warmup reset
ggml_backend_cuda_graph_compute: CUDA graph warmup reset
ggml_backend_cuda_graph_compute: CUDA graph warmup reset
ggml_backend_cuda_graph_compute: CUDA graph warmup reset
ggml_backend_cuda_graph_compute: CUDA graph warmup reset
ggml_backend_cuda_graph_compute: CUDA graph warmup reset
ggml_backend_cuda_graph_compute: CUDA graph warmup reset
ggml_backend_cuda_graph_compute: CUDA graph warmup reset
ggml_backend_cuda_graph_compute: CUDA graph warmup reset
ggml_backend_cuda_graph_compute: CUDA graph warmup reset
ggml_backend_cuda_graph_compute: CUDA graph warmup reset
ggml_backend_cuda_graph_compute: CUDA graph warmup reset
ggml_backend_cuda_graph_compute: CUDA graph warmup reset
ggml_backend_cuda_graph_compute: CUDA graph warmup reset
ggml_backend_cuda_graph_compute: CUDA graph warmup reset
ggml_backend_cuda_graph_compute: CUDA graph warmup reset
ggml_backend_cuda_graph_compute: CUDA graph warmup reset
ggml_backend_cuda_graph_compute: CUDA graph warmup reset
ggml_backend_cuda_graph_compute: CUDA graph warmup reset
ggml_backend_cuda_graph_compute: CUDA graph warmup reset
ggml_backend_cuda_graph_compute: CUDA graph warmup reset
ggml_backend_cuda_graph_compute: CUDA graph warmup reset
ggml_backend_cuda_graph_compute: CUDA graph warmup reset
ggml_backend_cuda_graph_compute: CUDA graph warmup reset
ggml_backend_cuda_graph_compute: CUDA graph warmup reset
ggml_backend_cuda_graph_compute: CUDA graph warmup reset
ggml_backend_cuda_graph_compute: CUDA graph warmup reset
ggml_backend_cuda_graph_compute: CUDA graph warmup reset
ggml_backend_cuda_graph_compute: CUDA graph warmup reset
ggml_backend_cuda_graph_compute: CUDA graph warmup reset
ggml_backend_cuda_graph_compute: CUDA graph warmup reset
ggml_backend_cuda_graph_compute: CUDA graph warmup reset
ggml_backend_cuda_graph_compute: CUDA graph warmup reset
ggml_backend_cuda_graph_compute: CUDA graph warmup reset
ggml_backend_cuda_graph_compute: CUDA graph warmup reset
ggml_backend_cuda_graph_compute: CUDA graph warmup reset
ggml_backend_cuda_graph_compute: CUDA graph warmup reset
ggml_backend_cuda_graph_compute: CUDA graph warmup reset
ggml_backend_cuda_graph_compute: CUDA graph warmup reset
ggml_backend_cuda_graph_compute: CUDA graph warmup reset
ggml_backend_cuda_graph_compute: CUDA graph warmup reset
ggml_backend_cuda_graph_compute: CUDA graph warmup reset
ggml_backend_cuda_graph_compute: CUDA graph warmup reset
ggml_backend_cuda_graph_compute: CUDA graph warmup reset
ggml_backend_cuda_graph_compute: CUDA graph warmup reset
ggml_backend_cuda_graph_compute: CUDA graph warmup reset
ggml_backend_cuda_graph_compute: CUDA graph warmup reset
ggml_backend_cuda_graph_compute: CUDA graph warmup reset
CUDA Graph id 1997 reused
ggml_backend_cuda_graph_compute: CUDA graph warmup complete
CUDA Graph id 1998 reused
ggml_backend_cuda_graph_compute: CUDA graph warmup complete
CUDA Graph id 1999 reused
ggml_backend_cuda_graph_compute: CUDA graph warmup complete
CUDA Graph id 2000 reused
ggml_backend_cuda_graph_compute: CUDA graph warmup complete
CUDA Graph id 2002 reused
ggml_backend_cuda_graph_compute: CUDA graph warmup complete
CUDA Graph id 2003 reused
ggml_backend_cuda_graph_compute: CUDA graph warmup complete
CUDA Graph id 2004 reused
ggml_backend_cuda_graph_compute: CUDA graph warmup complete
CUDA Graph id 2005 reused
ggml_backend_cuda_graph_compute: CUDA graph warmup complete
CUDA Graph id 2006 reused
ggml_backend_cuda_graph_compute: CUDA graph warmup complete
CUDA Graph id 2007 reused
ggml_backend_cuda_graph_compute: CUDA graph warmup complete
CUDA Graph id 2008 reused
ggml_backend_cuda_graph_compute: CUDA graph warmup complete
CUDA Graph id 2009 reused
ggml_backend_cuda_graph_compute: CUDA graph warmup complete
CUDA Graph id 2010 reused
ggml_backend_cuda_graph_compute: CUDA graph warmup complete
CUDA Graph id 2011 reused
ggml_backend_cuda_graph_compute: CUDA graph warmup complete
CUDA Graph id 2012 reused
ggml_backend_cuda_graph_compute: CUDA graph warmup complete
CUDA Graph id 2013 reused
ggml_backend_cuda_graph_compute: CUDA graph warmup complete
CUDA Graph id 2014 reused
ggml_backend_cuda_graph_compute: CUDA graph warmup complete
CUDA Graph id 2015 reused
ggml_backend_cuda_graph_compute: CUDA graph warmup complete
CUDA Graph id 2016 reused
ggml_backend_cuda_graph_compute: CUDA graph warmup complete
CUDA Graph id 2017 reused
ggml_backend_cuda_graph_compute: CUDA graph warmup complete
CUDA Graph id 2018 reused
ggml_backend_cuda_graph_compute: CUDA graph warmup complete
CUDA Graph id 2019 reused
ggml_backend_cuda_graph_compute: CUDA graph warmup complete
CUDA Graph id 2020 reused
ggml_backend_cuda_graph_compute: CUDA graph warmup complete
CUDA Graph id 2021 reused
ggml_backend_cuda_graph_compute: CUDA graph warmup complete
CUDA Graph id 2022 reused
ggml_backend_cuda_graph_compute: CUDA graph warmup complete
CUDA Graph id 2023 reused
ggml_backend_cuda_graph_compute: CUDA graph warmup complete
CUDA Graph id 2024 reused
ggml_backend_cuda_graph_compute: CUDA graph warmup complete
CUDA Graph id 2025 reused
ggml_backend_cuda_graph_compute: CUDA graph warmup complete
CUDA Graph id 2026 reused
ggml_backend_cuda_graph_compute: CUDA graph warmup complete
CUDA Graph id 2027 reused
ggml_backend_cuda_graph_compute: CUDA graph warmup complete
CUDA Graph id 2028 reused
ggml_backend_cuda_graph_compute: CUDA graph warmup complete
CUDA Graph id 2029 reused
ggml_backend_cuda_graph_compute: CUDA graph warmup complete
CUDA Graph id 2030 reused
ggml_backend_cuda_graph_compute: CUDA graph warmup complete
CUDA Graph id 2031 reused
ggml_backend_cuda_graph_compute: CUDA graph warmup complete
CUDA Graph id 2032 reused
ggml_backend_cuda_graph_compute: CUDA graph warmup complete
CUDA Graph id 2033 reused
ggml_backend_cuda_graph_compute: CUDA graph warmup complete
CUDA Graph id 2034 reused
ggml_backend_cuda_graph_compute: CUDA graph warmup complete
CUDA Graph id 2035 reused
ggml_backend_cuda_graph_compute: CUDA graph warmup complete
CUDA Graph id 2036 reused
ggml_backend_cuda_graph_compute: CUDA graph warmup complete
CUDA Graph id 2037 reused
ggml_backend_cuda_graph_compute: CUDA graph warmup complete
CUDA Graph id 2038 reused
ggml_backend_cuda_graph_compute: CUDA graph warmup complete
CUDA Graph id 2039 reused
ggml_backend_cuda_graph_compute: CUDA graph warmup complete
CUDA Graph id 2040 reused
ggml_backend_cuda_graph_compute: CUDA graph warmup complete
CUDA Graph id 2041 reused
ggml_backend_cuda_graph_compute: CUDA graph warmup complete
CUDA Graph id 2042 reused
ggml_backend_cuda_graph_compute: CUDA graph warmup complete
CUDA Graph id 2043 reused
ggml_backend_cuda_graph_compute: CUDA graph warmup complete
CUDA Graph id 2044 reused
ggml_backend_cuda_graph_compute: CUDA graph warmup complete
CUDA Graph id 2045 reused
ggml_backend_cuda_graph_compute: CUDA graph warmup complete
CUDA Graph id 2046 reused
ggml_backend_cuda_graph_compute: CUDA graph warmup complete
CUDA Graph id 2047 reused
ggml_backend_cuda_graph_compute: CUDA graph warmup complete
CUDA Graph id 2048 reused
ggml_backend_cuda_graph_compute: CUDA graph warmup complete
CUDA Graph id 2049 reused
ggml_backend_cuda_graph_compute: CUDA graph warmup complete
CUDA Graph id 2050 reused
ggml_backend_cuda_graph_compute: CUDA graph warmup complete
CUDA Graph id 2051 reused
ggml_backend_cuda_graph_compute: CUDA graph warmup complete
CUDA Graph id 2052 reused
ggml_backend_cuda_graph_compute: CUDA graph warmup complete
CUDA Graph id 2053 reused
ggml_backend_cuda_graph_compute: CUDA graph warmup complete
CUDA Graph id 2054 reused
ggml_backend_cuda_graph_compute: CUDA graph warmup complete
CUDA Graph id 2055 reused
ggml_backend_cuda_graph_compute: CUDA graph warmup complete
CUDA Graph id 2056 reused
ggml_backend_cuda_graph_compute: CUDA graph warmup complete
CUDA Graph id 2057 reused
ggml_backend_cuda_graph_compute: CUDA graph warmup complete
CUDA Graph id 2058 reused
ggml_backend_cuda_graph_compute: CUDA graph warmup complete
CUDA Graph id 2059 reused
ggml_backend_cuda_graph_compute: CUDA graph warmup complete
CUDA Graph id 2060 reused
ggml_backend_cuda_graph_compute: CUDA graph warmup complete
CUDA Graph id 2061 reused
ggml_backend_cuda_graph_compute: CUDA graph warmup complete
CUDA Graph id 2062 reused
ggml_backend_cuda_graph_compute: CUDA graph warmup complete
CUDA Graph id 2063 reused
ggml_backend_cuda_graph_compute: CUDA graph warmup complete
CUDA Graph id 2064 reused
ggml_backend_cuda_graph_compute: CUDA graph warmup complete
CUDA Graph id 2065 reused
ggml_backend_cuda_graph_compute: CUDA graph warmup complete
CUDA Graph id 2066 reused
ggml_backend_cuda_graph_compute: CUDA graph warmup complete
CUDA Graph id 2067 reused
ggml_backend_cuda_graph_compute: CUDA graph warmup complete
CUDA Graph id 2068 reused
ggml_backend_cuda_graph_compute: CUDA graph warmup complete
CUDA Graph id 2069 reused
ggml_backend_cuda_graph_compute: CUDA graph warmup complete
CUDA Graph id 2070 reused
ggml_backend_cuda_graph_compute: CUDA graph warmup complete
CUDA Graph id 2071 reused
ggml_backend_cuda_graph_compute: CUDA graph warmup complete
CUDA Graph id 2072 reused
ggml_backend_cuda_graph_compute: CUDA graph warmup complete
CUDA Graph id 2073 reused
ggml_backend_cuda_graph_compute: CUDA graph warmup complete
CUDA Graph id 2074 reused
ggml_backend_cuda_graph_compute: CUDA graph warmup complete
CUDA Graph id 2075 reused
ggml_backend_cuda_graph_compute: CUDA graph warmup complete
CUDA Graph id 2076 reused
ggml_backend_cuda_graph_compute: CUDA graph warmup complete
CUDA Graph id 2077 reused
ggml_backend_cuda_graph_compute: CUDA graph warmup complete
CUDA Graph id 2078 reused
ggml_backend_cuda_graph_compute: CUDA graph warmup complete
CUDA Graph id 2079 reused
ggml_backend_cuda_graph_compute: CUDA graph warmup complete
CUDA Graph id 2080 reused
ggml_backend_cuda_graph_compute: CUDA graph warmup complete
CUDA Graph id 2081 reused
ggml_backend_cuda_graph_compute: CUDA graph warmup complete
CUDA Graph id 2082 reused
ggml_backend_cuda_graph_compute: CUDA graph warmup complete
CUDA Graph id 2083 reused
ggml_backend_cuda_graph_compute: CUDA graph warmup complete
CUDA Graph id 2084 reused
ggml_backend_cuda_graph_compute: CUDA graph warmup complete
CUDA Graph id 2085 reused
ggml_backend_cuda_graph_compute: CUDA graph warmup complete
CUDA Graph id 2086 reused
ggml_backend_cuda_graph_compute: CUDA graph warmup complete
CUDA Graph id 2087 reused
ggml_backend_cuda_graph_compute: CUDA graph warmup complete
CUDA Graph id 2088 reused
ggml_backend_cuda_graph_compute: CUDA graph warmup complete
CUDA Graph id 2089 reused
ggml_backend_cuda_graph_compute: CUDA graph warmup complete
CUDA Graph id 2090 reused
ggml_backend_cuda_graph_compute: CUDA graph warmup complete
CUDA Graph id 2091 reused
ggml_backend_cuda_graph_compute: CUDA graph warmup complete
CUDA Graph id 2092 reused
ggml_backend_cuda_graph_compute: CUDA graph warmup complete
CUDA Graph id 2093 reused
ggml_backend_cuda_graph_compute: CUDA graph warmup complete
CUDA Graph id 2094 reused
ggml_backend_cuda_graph_compute: CUDA graph warmup complete
CUDA Graph id 2095 reused
ggml_backend_cuda_graph_compute: CUDA graph warmup complete
CUDA Graph id 2096 reused
ggml_backend_cuda_graph_compute: CUDA graph warmup complete
CUDA Graph id 2097 reused
ggml_backend_cuda_graph_compute: CUDA graph warmup complete
CUDA Graph id 2098 reused
ggml_backend_cuda_graph_compute: CUDA graph warmup complete
CUDA Graph id 2099 reused
ggml_backend_cuda_graph_compute: CUDA graph warmup complete
CUDA Graph id 2100 reused
ggml_backend_cuda_graph_compute: CUDA graph warmup complete
CUDA Graph id 2101 reused
ggml_backend_cuda_graph_compute: CUDA graph warmup complete
CUDA Graph id 2102 reused
ggml_backend_cuda_graph_compute: CUDA graph warmup complete
CUDA Graph id 2103 reused
ggml_backend_cuda_graph_compute: CUDA graph warmup complete
CUDA Graph id 2104 reused
ggml_backend_cuda_graph_compute: CUDA graph warmup complete
CUDA Graph id 2105 reused
ggml_backend_cuda_graph_compute: CUDA graph warmup complete
CUDA Graph id 2106 reused
ggml_backend_cuda_graph_compute: CUDA graph warmup complete
CUDA Graph id 2107 reused
ggml_backend_cuda_graph_compute: CUDA graph warmup complete
CUDA Graph id 2108 reused
ggml_backend_cuda_graph_compute: CUDA graph warmup complete
CUDA Graph id 2109 reused
ggml_backend_cuda_graph_compute: CUDA graph warmup complete
CUDA Graph id 2110 reused
ggml_backend_cuda_graph_compute: CUDA graph warmup complete
CUDA Graph id 2111 reused
ggml_backend_cuda_graph_compute: CUDA graph warmup complete
CUDA Graph id 2112 reused
ggml_backend_cuda_graph_compute: CUDA graph warmup complete
CUDA Graph id 2113 reused
ggml_backend_cuda_graph_compute: CUDA graph warmup complete
CUDA Graph id 2114 reused
ggml_backend_cuda_graph_compute: CUDA graph warmup complete
CUDA Graph id 2115 reused
ggml_backend_cuda_graph_compute: CUDA graph warmup complete
CUDA Graph id 2116 reused
ggml_backend_cuda_graph_compute: CUDA graph warmup complete
CUDA Graph id 2117 reused
ggml_backend_cuda_graph_compute: CUDA graph warmup complete
CUDA Graph id 2118 reused
ggml_backend_cuda_graph_compute: CUDA graph warmup complete
CUDA Graph id 2119 reused
ggml_backend_cuda_graph_compute: CUDA graph warmup complete
CUDA Graph id 2120 reused
ggml_backend_cuda_graph_compute: CUDA graph warmup complete
CUDA Graph id 2121 reused
ggml_backend_cuda_graph_compute: CUDA graph warmup complete
CUDA Graph id 2122 reused
ggml_backend_cuda_graph_compute: CUDA graph warmup complete
CUDA Graph id 2123 reused
ggml_backend_cuda_graph_compute: CUDA graph warmup complete
CUDA Graph id 2124 reused
ggml_backend_cuda_graph_compute: CUDA graph warmup complete
CUDA Graph id 2125 reused
ggml_backend_cuda_graph_compute: CUDA graph warmup complete
CUDA Graph id 2126 reused
ggml_backend_cuda_graph_compute: CUDA graph warmup complete
CUDA Graph id 2127 reused
ggml_backend_cuda_graph_compute: CUDA graph warmup complete
CUDA Graph id 2128 reused
ggml_backend_cuda_graph_compute: CUDA graph warmup complete
CUDA Graph id 2129 reused
ggml_backend_cuda_graph_compute: CUDA graph warmup complete
CUDA Graph id 2130 reused
ggml_backend_cuda_graph_compute: CUDA graph warmup complete
CUDA Graph id 2131 reused
ggml_backend_cuda_graph_compute: CUDA graph warmup complete
CUDA Graph id 2132 reused
ggml_backend_cuda_graph_compute: CUDA graph warmup complete
CUDA Graph id 2133 reused
ggml_backend_cuda_graph_compute: CUDA graph warmup complete
CUDA Graph id 2134 reused
ggml_backend_cuda_graph_compute: CUDA graph warmup complete
CUDA Graph id 2135 reused
ggml_backend_cuda_graph_compute: CUDA graph warmup complete
CUDA Graph id 2136 reused
ggml_backend_cuda_graph_compute: CUDA graph warmup complete
CUDA Graph id 2137 reused
ggml_backend_cuda_graph_compute: CUDA graph warmup complete
CUDA Graph id 2138 reused
ggml_backend_cuda_graph_compute: CUDA graph warmup complete
CUDA Graph id 2139 reused
ggml_backend_cuda_graph_compute: CUDA graph warmup complete
CUDA Graph id 2140 reused
ggml_backend_cuda_graph_compute: CUDA graph warmup complete
CUDA Graph id 2142 reused
ggml_backend_cuda_graph_compute: CUDA graph warmup complete
CUDA Graph id 1997 reused
CUDA Graph id 1998 reused
CUDA Graph id 1999 reused
CUDA Graph id 2000 reused
CUDA Graph id 2002 reused
CUDA Graph id 2003 reused
CUDA Graph id 2004 reused
CUDA Graph id 2005 reused
CUDA Graph id 2006 reused
CUDA Graph id 2007 reused
CUDA Graph id 2008 reused
CUDA Graph id 2009 reused
CUDA Graph id 2010 reused
CUDA Graph id 2011 reused
CUDA Graph id 2012 reused
CUDA Graph id 2013 reused
CUDA Graph id 2014 reused
CUDA Graph id 2015 reused
CUDA Graph id 2016 reused
CUDA Graph id 2017 reused
CUDA Graph id 2018 reused
CUDA Graph id 2019 reused
CUDA Graph id 2020 reused
CUDA Graph id 2021 reused
CUDA Graph id 2022 reused
CUDA Graph id 2023 reused
CUDA Graph id 2024 reused
CUDA Graph id 2025 reused
CUDA Graph id 2026 reused
CUDA Graph id 2027 reused
CUDA Graph id 2028 reused
CUDA Graph id 2029 reused
CUDA Graph id 2030 reused
CUDA Graph id 2031 reused
CUDA Graph id 2032 reused
CUDA Graph id 2033 reused
CUDA Graph id 2034 reused
CUDA Graph id 2035 reused
CUDA Graph id 2036 reused
CUDA Graph id 2037 reused
CUDA Graph id 2038 reused
CUDA Graph id 2039 reused
CUDA Graph id 2040 reused
CUDA Graph id 2041 reused
CUDA Graph id 2042 reused
CUDA Graph id 2043 reused
CUDA Graph id 2044 reused
CUDA Graph id 2045 reused
CUDA Graph id 2046 reused
CUDA Graph id 2047 reused
CUDA Graph id 2048 reused
CUDA Graph id 2049 reused
CUDA Graph id 2050 reused
CUDA Graph id 2051 reused
CUDA Graph id 2052 reused
CUDA Graph id 2053 reused
CUDA Graph id 2054 reused
CUDA Graph id 2055 reused
CUDA Graph id 2056 reused
CUDA Graph id 2057 reused
CUDA Graph id 2058 reused
CUDA Graph id 2059 reused
CUDA Graph id 2060 reused
CUDA Graph id 2061 reused
CUDA Graph id 2062 reused
CUDA Graph id 2063 reused
CUDA Graph id 2064 reused
CUDA Graph id 2065 reused
CUDA Graph id 2066 reused
CUDA Graph id 2067 reused
CUDA Graph id 2068 reused
CUDA Graph id 2069 reused
CUDA Graph id 2070 reused
CUDA Graph id 2071 reused
CUDA Graph id 2072 reused
CUDA Graph id 2073 reused
CUDA Graph id 2074 reused
CUDA Graph id 2075 reused
CUDA Graph id 2076 reused
CUDA Graph id 2077 reused
CUDA Graph id 2078 reused
CUDA Graph id 2079 reused
CUDA Graph id 2080 reused
CUDA Graph id 2081 reused
CUDA Graph id 2082 reused
CUDA Graph id 2083 reused
CUDA Graph id 2084 reused
CUDA Graph id 2085 reused
CUDA Graph id 2086 reused
CUDA Graph id 2087 reused
CUDA Graph id 2088 reused
CUDA Graph id 2089 reused
CUDA Graph id 2090 reused
CUDA Graph id 2091 reused
CUDA Graph id 2092 reused
CUDA Graph id 2093 reused
CUDA Graph id 2094 reused
CUDA Graph id 2095 reused
CUDA Graph id 2096 reused
CUDA Graph id 2097 reused
CUDA Graph id 2098 reused
CUDA Graph id 2099 reused
CUDA Graph id 2100 reused
CUDA Graph id 2101 reused
CUDA Graph id 2102 reused
CUDA Graph id 2103 reused
CUDA Graph id 2104 reused
CUDA Graph id 2105 reused
CUDA Graph id 2106 reused
CUDA Graph id 2107 reused
CUDA Graph id 2108 reused
CUDA Graph id 2109 reused
CUDA Graph id 2110 reused
CUDA Graph id 2111 reused
CUDA Graph id 2112 reused
CUDA Graph id 2113 reused
CUDA Graph id 2114 reused
CUDA Graph id 2115 reused
CUDA Graph id 2116 reused
CUDA Graph id 2117 reused
CUDA Graph id 2118 reused
CUDA Graph id 2119 reused
CUDA Graph id 2120 reused
CUDA Graph id 2121 reused
CUDA Graph id 2122 reused
CUDA Graph id 2123 reused
CUDA Graph id 2124 reused
CUDA Graph id 2125 reused
CUDA Graph id 2126 reused
CUDA Graph id 2127 reused
CUDA Graph id 2128 reused
CUDA Graph id 2129 reused
CUDA Graph id 2130 reused
CUDA Graph id 2131 reused
CUDA Graph id 2132 reused
CUDA Graph id 2133 reused
CUDA Graph id 2134 reused
CUDA Graph id 2135 reused
CUDA Graph id 2136 reused
CUDA Graph id 2137 reused
CUDA Graph id 2138 reused
CUDA Graph id 2139 reused
CUDA Graph id 2140 reused
CUDA Graph id 2142 reused
CUDA Graph id 1997 reused
CUDA Graph id 1998 reused
CUDA Graph id 1999 reused
CUDA Graph id 2000 reused
CUDA Graph id 2002 reused
CUDA Graph id 2003 reused
CUDA Graph id 2004 reused
CUDA Graph id 2005 reused
CUDA Graph id 2006 reused
CUDA Graph id 2007 reused
CUDA Graph id 2008 reused
CUDA Graph id 2009 reused
CUDA Graph id 2010 reused
CUDA Graph id 2011 reused
CUDA Graph id 2012 reused
CUDA Graph id 2013 reused
CUDA Graph id 2014 reused
CUDA Graph id 2015 reused
CUDA Graph id 2016 reused
CUDA Graph id 2017 reused
CUDA Graph id 2018 reused
CUDA Graph id 2019 reused
CUDA Graph id 2020 reused
CUDA Graph id 2021 reused
CUDA Graph id 2022 reused
CUDA Graph id 2023 reused
CUDA Graph id 2024 reused
CUDA Graph id 2025 reused
CUDA Graph id 2026 reused
CUDA Graph id 2027 reused
CUDA Graph id 2028 reused
CUDA Graph id 2029 reused
CUDA Graph id 2030 reused
CUDA Graph id 2031 reused
CUDA Graph id 2032 reused
CUDA Graph id 2033 reused
CUDA Graph id 2034 reused
CUDA Graph id 2035 reused
CUDA Graph id 2036 reused
CUDA Graph id 2037 reused
CUDA Graph id 2038 reused
CUDA Graph id 2039 reused
CUDA Graph id 2040 reused
CUDA Graph id 2041 reused
CUDA Graph id 2042 reused
CUDA Graph id 2043 reused
CUDA Graph id 2044 reused
CUDA Graph id 2045 reused
CUDA Graph id 2046 reused
CUDA Graph id 2047 reused
CUDA Graph id 2048 reused
CUDA Graph id 2049 reused
CUDA Graph id 2050 reused
CUDA Graph id 2051 reused
CUDA Graph id 2052 reused
CUDA Graph id 2053 reused
CUDA Graph id 2054 reused
CUDA Graph id 2055 reused
CUDA Graph id 2056 reused
CUDA Graph id 2057 reused
CUDA Graph id 2058 reused
CUDA Graph id 2059 reused
CUDA Graph id 2060 reused
CUDA Graph id 2061 reused
CUDA Graph id 2062 reused
CUDA Graph id 2063 reused
CUDA Graph id 2064 reused
CUDA Graph id 2065 reused
CUDA Graph id 2066 reused
CUDA Graph id 2067 reused
CUDA Graph id 2068 reused
CUDA Graph id 2069 reused
CUDA Graph id 2070 reused
CUDA Graph id 2071 reused
CUDA Graph id 2072 reused
CUDA Graph id 2073 reused
CUDA Graph id 2074 reused
CUDA Graph id 2075 reused
CUDA Graph id 2076 reused
CUDA Graph id 2077 reused
CUDA Graph id 2078 reused
CUDA Graph id 2079 reused
CUDA Graph id 2080 reused
CUDA Graph id 2081 reused
CUDA Graph id 2082 reused
CUDA Graph id 2083 reused
CUDA Graph id 2084 reused
CUDA Graph id 2085 reused
CUDA Graph id 2086 reused
CUDA Graph id 2087 reused
CUDA Graph id 2088 reused
CUDA Graph id 2089 reused
CUDA Graph id 2090 reused
CUDA Graph id 2091 reused
CUDA Graph id 2092 reused
CUDA Graph id 2093 reused
CUDA Graph id 2094 reused
CUDA Graph id 2095 reused
CUDA Graph id 2096 reused
CUDA Graph id 2097 reused
CUDA Graph id 2098 reused
CUDA Graph id 2099 reused
CUDA Graph id 2100 reused
CUDA Graph id 2101 reused
CUDA Graph id 2102 reused
CUDA Graph id 2103 reused
CUDA Graph id 2104 reused
CUDA Graph id 2105 reused
CUDA Graph id 2106 reused
CUDA Graph id 2107 reused
CUDA Graph id 2108 reused
CUDA Graph id 2109 reused
CUDA Graph id 2110 reused
CUDA Graph id 2111 reused
CUDA Graph id 2112 reused
CUDA Graph id 2113 reused
CUDA Graph id 2114 reused
CUDA Graph id 2115 reused
CUDA Graph id 2116 reused
CUDA Graph id 2117 reused
CUDA Graph id 2118 reused
CUDA Graph id 2119 reused
CUDA Graph id 2120 reused
CUDA Graph id 2121 reused
CUDA Graph id 2122 reused
CUDA Graph id 2123 reused
CUDA Graph id 2124 reused
CUDA Graph id 2125 reused
CUDA Graph id 2126 reused
CUDA Graph id 2127 reused
CUDA Graph id 2128 reused
CUDA Graph id 2129 reused
CUDA Graph id 2130 reused
CUDA Graph id 2131 reused
CUDA Graph id 2132 reused
CUDA Graph id 2133 reused
CUDA Graph id 2134 reused
CUDA Graph id 2135 reused
CUDA Graph id 2136 reused
CUDA Graph id 2137 reused
CUDA Graph id 2138 reused
CUDA Graph id 2139 reused
CUDA Graph id 2140 reused
CUDA Graph id 2142 reused
ggml_backend_cuda_graph_compute: CUDA graph warmup reset
ggml_backend_cuda_graph_compute: CUDA graph warmup reset
ggml_backend_cuda_graph_compute: CUDA graph warmup reset
ggml_backend_cuda_graph_compute: CUDA graph warmup reset
ggml_backend_cuda_graph_compute: CUDA graph warmup reset
ggml_backend_cuda_graph_compute: CUDA graph warmup reset
ggml_backend_cuda_graph_compute: CUDA graph warmup reset
ggml_backend_cuda_graph_compute: CUDA graph warmup reset
ggml_backend_cuda_graph_compute: CUDA graph warmup reset
ggml_backend_cuda_graph_compute: CUDA graph warmup reset
ggml_backend_cuda_graph_compute: CUDA graph warmup reset
ggml_backend_cuda_graph_compute: CUDA graph warmup reset
ggml_backend_cuda_graph_compute: CUDA graph warmup reset
ggml_backend_cuda_graph_compute: CUDA graph warmup reset
ggml_backend_cuda_graph_compute: CUDA graph warmup reset
ggml_backend_cuda_graph_compute: CUDA graph warmup reset
ggml_backend_cuda_graph_compute: CUDA graph warmup reset
ggml_backend_cuda_graph_compute: CUDA graph warmup reset
ggml_backend_cuda_graph_compute: CUDA graph warmup reset
ggml_backend_cuda_graph_compute: CUDA graph warmup reset
ggml_backend_cuda_graph_compute: CUDA graph warmup reset
ggml_backend_cuda_graph_compute: CUDA graph warmup reset
ggml_backend_cuda_graph_compute: CUDA graph warmup reset
ggml_backend_cuda_graph_compute: CUDA graph warmup reset
ggml_backend_cuda_graph_compute: CUDA graph warmup reset
ggml_backend_cuda_graph_compute: CUDA graph warmup reset
ggml_backend_cuda_graph_compute: CUDA graph warmup reset
ggml_backend_cuda_graph_compute: CUDA graph warmup reset
ggml_backend_cuda_graph_compute: CUDA graph warmup reset
ggml_backend_cuda_graph_compute: CUDA graph warmup reset
ggml_backend_cuda_graph_compute: CUDA graph warmup reset
ggml_backend_cuda_graph_compute: CUDA graph warmup reset
ggml_backend_cuda_graph_compute: CUDA graph warmup reset
ggml_backend_cuda_graph_compute: CUDA graph warmup reset
ggml_backend_cuda_graph_compute: CUDA graph warmup reset
ggml_backend_cuda_graph_compute: CUDA graph warmup reset
ggml_backend_cuda_graph_compute: CUDA graph warmup reset
ggml_backend_cuda_graph_compute: CUDA graph warmup reset
ggml_backend_cuda_graph_compute: CUDA graph warmup reset
ggml_backend_cuda_graph_compute: CUDA graph warmup reset
ggml_backend_cuda_graph_compute: CUDA graph warmup reset
ggml_backend_cuda_graph_compute: CUDA graph warmup reset
ggml_backend_cuda_graph_compute: CUDA graph warmup reset
ggml_backend_cuda_graph_compute: CUDA graph warmup reset
ggml_backend_cuda_graph_compute: CUDA graph warmup reset
ggml_backend_cuda_graph_compute: CUDA graph warmup reset
ggml_backend_cuda_graph_compute: CUDA graph warmup reset
ggml_backend_cuda_graph_compute: CUDA graph warmup reset
ggml_backend_cuda_graph_compute: CUDA graph warmup reset
ggml_backend_cuda_graph_compute: CUDA graph warmup reset
ggml_backend_cuda_graph_compute: CUDA graph warmup reset
ggml_backend_cuda_graph_compute: CUDA graph warmup reset
ggml_backend_cuda_graph_compute: CUDA graph warmup reset
ggml_backend_cuda_graph_compute: CUDA graph warmup reset
ggml_backend_cuda_graph_compute: CUDA graph warmup reset
ggml_backend_cuda_graph_compute: CUDA graph warmup reset
ggml_backend_cuda_graph_compute: CUDA graph warmup reset
ggml_backend_cuda_graph_compute: CUDA graph warmup reset
ggml_backend_cuda_graph_compute: CUDA graph warmup reset
ggml_backend_cuda_graph_compute: CUDA graph warmup reset
ggml_backend_cuda_graph_compute: CUDA graph warmup reset
ggml_backend_cuda_graph_compute: CUDA graph warmup reset
ggml_backend_cuda_graph_compute: CUDA graph warmup reset
ggml_backend_cuda_graph_compute: CUDA graph warmup reset
ggml_backend_cuda_graph_compute: CUDA graph warmup reset
ggml_backend_cuda_graph_compute: CUDA graph warmup reset
ggml_backend_cuda_graph_compute: CUDA graph warmup reset
ggml_backend_cuda_graph_compute: CUDA graph warmup reset
ggml_backend_cuda_graph_compute: CUDA graph warmup reset
ggml_backend_cuda_graph_compute: CUDA graph warmup reset
ggml_backend_cuda_graph_compute: CUDA graph warmup reset
ggml_backend_cuda_graph_compute: CUDA graph warmup reset
ggml_backend_cuda_graph_compute: CUDA graph warmup reset
ggml_backend_cuda_graph_compute: CUDA graph warmup reset
ggml_backend_cuda_graph_compute: CUDA graph warmup reset
ggml_backend_cuda_graph_compute: CUDA graph warmup reset
ggml_backend_cuda_graph_compute: CUDA graph warmup reset
ggml_backend_cuda_graph_compute: CUDA graph warmup reset
ggml_backend_cuda_graph_compute: CUDA graph warmup reset
ggml_backend_cuda_graph_compute: CUDA graph warmup reset
ggml_backend_cuda_graph_compute: CUDA graph warmup reset
ggml_backend_cuda_graph_compute: CUDA graph warmup reset
ggml_backend_cuda_graph_compute: CUDA graph warmup reset
ggml_backend_cuda_graph_compute: CUDA graph warmup reset
ggml_backend_cuda_graph_compute: CUDA graph warmup reset
ggml_backend_cuda_graph_compute: CUDA graph warmup reset
ggml_backend_cuda_graph_compute: CUDA graph warmup reset
ggml_backend_cuda_graph_compute: CUDA graph warmup reset
ggml_backend_cuda_graph_compute: CUDA graph warmup reset
ggml_backend_cuda_graph_compute: CUDA graph warmup reset
ggml_backend_cuda_graph_compute: CUDA graph warmup reset
ggml_backend_cuda_graph_compute: CUDA graph warmup reset
ggml_backend_cuda_graph_compute: CUDA graph warmup reset
ggml_backend_cuda_graph_compute: CUDA graph warmup reset
ggml_backend_cuda_graph_compute: CUDA graph warmup reset
ggml_backend_cuda_graph_compute: CUDA graph warmup reset
ggml_backend_cuda_graph_compute: CUDA graph warmup reset
ggml_backend_cuda_graph_compute: CUDA graph warmup reset
ggml_backend_cuda_graph_compute: CUDA graph warmup reset
ggml_backend_cuda_graph_compute: CUDA graph warmup reset
ggml_backend_cuda_graph_compute: CUDA graph warmup reset
ggml_backend_cuda_graph_compute: CUDA graph warmup reset
ggml_backend_cuda_graph_compute: CUDA graph warmup reset
ggml_backend_cuda_graph_compute: CUDA graph warmup reset
ggml_backend_cuda_graph_compute: CUDA graph warmup reset
ggml_backend_cuda_graph_compute: CUDA graph warmup reset
ggml_backend_cuda_graph_compute: CUDA graph warmup reset
ggml_backend_cuda_graph_compute: CUDA graph warmup reset
ggml_backend_cuda_graph_compute: CUDA graph warmup reset
ggml_backend_cuda_graph_compute: CUDA graph warmup reset
ggml_backend_cuda_graph_compute: CUDA graph warmup reset
ggml_backend_cuda_graph_compute: CUDA graph warmup reset
ggml_backend_cuda_graph_compute: CUDA graph warmup reset
ggml_backend_cuda_graph_compute: CUDA graph warmup reset
ggml_backend_cuda_graph_compute: CUDA graph warmup reset
ggml_backend_cuda_graph_compute: CUDA graph warmup reset
ggml_backend_cuda_graph_compute: CUDA graph warmup reset
ggml_backend_cuda_graph_compute: CUDA graph warmup reset
ggml_backend_cuda_graph_compute: CUDA graph warmup reset
ggml_backend_cuda_graph_compute: CUDA graph warmup reset
ggml_backend_cuda_graph_compute: CUDA graph warmup reset
ggml_backend_cuda_graph_compute: CUDA graph warmup reset
ggml_backend_cuda_graph_compute: CUDA graph warmup reset
ggml_backend_cuda_graph_compute: CUDA graph warmup reset
ggml_backend_cuda_graph_compute: CUDA graph warmup reset
ggml_backend_cuda_graph_compute: CUDA graph warmup reset
ggml_backend_cuda_graph_compute: CUDA graph warmup reset
ggml_backend_cuda_graph_compute: CUDA graph warmup reset
ggml_backend_cuda_graph_compute: CUDA graph warmup reset
ggml_backend_cuda_graph_compute: CUDA graph warmup reset
ggml_backend_cuda_graph_compute: CUDA graph warmup reset
ggml_backend_cuda_graph_compute: CUDA graph warmup reset
ggml_backend_cuda_graph_compute: CUDA graph warmup reset
ggml_backend_cuda_graph_compute: CUDA graph warmup reset
ggml_backend_cuda_graph_compute: CUDA graph warmup reset
ggml_backend_cuda_graph_compute: CUDA graph warmup reset
ggml_backend_cuda_graph_compute: CUDA graph warmup reset
ggml_backend_cuda_graph_compute: CUDA graph warmup reset
ggml_backend_cuda_graph_compute: CUDA graph warmup reset
ggml_backend_cuda_graph_compute: CUDA graph warmup reset
ggml_backend_cuda_graph_compute: CUDA graph warmup reset
ggml_backend_cuda_graph_compute: CUDA graph warmup reset
ggml_backend_cuda_graph_compute: CUDA graph warmup reset
ggml_backend_cuda_graph_compute: CUDA graph warmup reset
CUDA Graph id 2145 reused
ggml_backend_cuda_graph_compute: CUDA graph warmup complete
CUDA Graph id 2146 reused
ggml_backend_cuda_graph_compute: CUDA graph warmup complete
CUDA Graph id 2147 reused
ggml_backend_cuda_graph_compute: CUDA graph warmup complete
CUDA Graph id 2148 reused
ggml_backend_cuda_graph_compute: CUDA graph warmup complete
CUDA Graph id 2150 reused
ggml_backend_cuda_graph_compute: CUDA graph warmup complete
CUDA Graph id 2151 reused
ggml_backend_cuda_graph_compute: CUDA graph warmup complete
CUDA Graph id 2152 reused
ggml_backend_cuda_graph_compute: CUDA graph warmup complete
CUDA Graph id 2153 reused
ggml_backend_cuda_graph_compute: CUDA graph warmup complete
CUDA Graph id 2154 reused
ggml_backend_cuda_graph_compute: CUDA graph warmup complete
CUDA Graph id 2155 reused
ggml_backend_cuda_graph_compute: CUDA graph warmup complete
CUDA Graph id 2156 reused
ggml_backend_cuda_graph_compute: CUDA graph warmup complete
CUDA Graph id 2157 reused
ggml_backend_cuda_graph_compute: CUDA graph warmup complete
CUDA Graph id 2158 reused
ggml_backend_cuda_graph_compute: CUDA graph warmup complete
CUDA Graph id 2159 reused
ggml_backend_cuda_graph_compute: CUDA graph warmup complete
CUDA Graph id 2160 reused
ggml_backend_cuda_graph_compute: CUDA graph warmup complete
CUDA Graph id 2161 reused
ggml_backend_cuda_graph_compute: CUDA graph warmup complete
CUDA Graph id 2162 reused
ggml_backend_cuda_graph_compute: CUDA graph warmup complete
CUDA Graph id 2163 reused
ggml_backend_cuda_graph_compute: CUDA graph warmup complete
CUDA Graph id 2164 reused
ggml_backend_cuda_graph_compute: CUDA graph warmup complete
CUDA Graph id 2165 reused
ggml_backend_cuda_graph_compute: CUDA graph warmup complete
CUDA Graph id 2166 reused
ggml_backend_cuda_graph_compute: CUDA graph warmup complete
CUDA Graph id 2167 reused
ggml_backend_cuda_graph_compute: CUDA graph warmup complete
CUDA Graph id 2168 reused
ggml_backend_cuda_graph_compute: CUDA graph warmup complete
CUDA Graph id 2169 reused
ggml_backend_cuda_graph_compute: CUDA graph warmup complete
CUDA Graph id 2170 reused
ggml_backend_cuda_graph_compute: CUDA graph warmup complete
CUDA Graph id 2171 reused
ggml_backend_cuda_graph_compute: CUDA graph warmup complete
CUDA Graph id 2172 reused
ggml_backend_cuda_graph_compute: CUDA graph warmup complete
CUDA Graph id 2173 reused
ggml_backend_cuda_graph_compute: CUDA graph warmup complete
CUDA Graph id 2174 reused
ggml_backend_cuda_graph_compute: CUDA graph warmup complete
CUDA Graph id 2175 reused
ggml_backend_cuda_graph_compute: CUDA graph warmup complete
CUDA Graph id 2176 reused
ggml_backend_cuda_graph_compute: CUDA graph warmup complete
CUDA Graph id 2177 reused
ggml_backend_cuda_graph_compute: CUDA graph warmup complete
CUDA Graph id 2178 reused
ggml_backend_cuda_graph_compute: CUDA graph warmup complete
CUDA Graph id 2179 reused
ggml_backend_cuda_graph_compute: CUDA graph warmup complete
CUDA Graph id 2180 reused
ggml_backend_cuda_graph_compute: CUDA graph warmup complete
CUDA Graph id 2181 reused
ggml_backend_cuda_graph_compute: CUDA graph warmup complete
CUDA Graph id 2182 reused
ggml_backend_cuda_graph_compute: CUDA graph warmup complete
CUDA Graph id 2183 reused
ggml_backend_cuda_graph_compute: CUDA graph warmup complete
CUDA Graph id 2184 reused
ggml_backend_cuda_graph_compute: CUDA graph warmup complete
CUDA Graph id 2185 reused
ggml_backend_cuda_graph_compute: CUDA graph warmup complete
CUDA Graph id 2186 reused
ggml_backend_cuda_graph_compute: CUDA graph warmup complete
CUDA Graph id 2187 reused
ggml_backend_cuda_graph_compute: CUDA graph warmup complete
CUDA Graph id 2188 reused
ggml_backend_cuda_graph_compute: CUDA graph warmup complete
CUDA Graph id 2189 reused
ggml_backend_cuda_graph_compute: CUDA graph warmup complete
CUDA Graph id 2190 reused
ggml_backend_cuda_graph_compute: CUDA graph warmup complete
CUDA Graph id 2191 reused
ggml_backend_cuda_graph_compute: CUDA graph warmup complete
CUDA Graph id 2192 reused
ggml_backend_cuda_graph_compute: CUDA graph warmup complete
CUDA Graph id 2193 reused
ggml_backend_cuda_graph_compute: CUDA graph warmup complete
CUDA Graph id 2194 reused
ggml_backend_cuda_graph_compute: CUDA graph warmup complete
CUDA Graph id 2195 reused
ggml_backend_cuda_graph_compute: CUDA graph warmup complete
CUDA Graph id 2196 reused
ggml_backend_cuda_graph_compute: CUDA graph warmup complete
CUDA Graph id 2197 reused
ggml_backend_cuda_graph_compute: CUDA graph warmup complete
CUDA Graph id 2198 reused
ggml_backend_cuda_graph_compute: CUDA graph warmup complete
CUDA Graph id 2199 reused
ggml_backend_cuda_graph_compute: CUDA graph warmup complete
CUDA Graph id 2200 reused
ggml_backend_cuda_graph_compute: CUDA graph warmup complete
CUDA Graph id 2201 reused
ggml_backend_cuda_graph_compute: CUDA graph warmup complete
CUDA Graph id 2202 reused
ggml_backend_cuda_graph_compute: CUDA graph warmup complete
CUDA Graph id 2203 reused
ggml_backend_cuda_graph_compute: CUDA graph warmup complete
CUDA Graph id 2204 reused
ggml_backend_cuda_graph_compute: CUDA graph warmup complete
CUDA Graph id 2205 reused
ggml_backend_cuda_graph_compute: CUDA graph warmup complete
CUDA Graph id 2206 reused
ggml_backend_cuda_graph_compute: CUDA graph warmup complete
CUDA Graph id 2207 reused
ggml_backend_cuda_graph_compute: CUDA graph warmup complete
CUDA Graph id 2208 reused
ggml_backend_cuda_graph_compute: CUDA graph warmup complete
CUDA Graph id 2209 reused
ggml_backend_cuda_graph_compute: CUDA graph warmup complete
CUDA Graph id 2210 reused
ggml_backend_cuda_graph_compute: CUDA graph warmup complete
CUDA Graph id 2211 reused
ggml_backend_cuda_graph_compute: CUDA graph warmup complete
CUDA Graph id 2212 reused
ggml_backend_cuda_graph_compute: CUDA graph warmup complete
CUDA Graph id 2213 reused
ggml_backend_cuda_graph_compute: CUDA graph warmup complete
CUDA Graph id 2214 reused
ggml_backend_cuda_graph_compute: CUDA graph warmup complete
CUDA Graph id 2215 reused
ggml_backend_cuda_graph_compute: CUDA graph warmup complete
CUDA Graph id 2216 reused
ggml_backend_cuda_graph_compute: CUDA graph warmup complete
CUDA Graph id 2217 reused
ggml_backend_cuda_graph_compute: CUDA graph warmup complete
CUDA Graph id 2218 reused
ggml_backend_cuda_graph_compute: CUDA graph warmup complete
CUDA Graph id 2219 reused
ggml_backend_cuda_graph_compute: CUDA graph warmup complete
CUDA Graph id 2220 reused
ggml_backend_cuda_graph_compute: CUDA graph warmup complete
CUDA Graph id 2221 reused
ggml_backend_cuda_graph_compute: CUDA graph warmup complete
CUDA Graph id 2222 reused
ggml_backend_cuda_graph_compute: CUDA graph warmup complete
CUDA Graph id 2223 reused
ggml_backend_cuda_graph_compute: CUDA graph warmup complete
CUDA Graph id 2224 reused
ggml_backend_cuda_graph_compute: CUDA graph warmup complete
CUDA Graph id 2225 reused
ggml_backend_cuda_graph_compute: CUDA graph warmup complete
CUDA Graph id 2226 reused
ggml_backend_cuda_graph_compute: CUDA graph warmup complete
CUDA Graph id 2227 reused
ggml_backend_cuda_graph_compute: CUDA graph warmup complete
CUDA Graph id 2228 reused
ggml_backend_cuda_graph_compute: CUDA graph warmup complete
CUDA Graph id 2229 reused
ggml_backend_cuda_graph_compute: CUDA graph warmup complete
CUDA Graph id 2230 reused
ggml_backend_cuda_graph_compute: CUDA graph warmup complete
CUDA Graph id 2231 reused
ggml_backend_cuda_graph_compute: CUDA graph warmup complete
CUDA Graph id 2232 reused
ggml_backend_cuda_graph_compute: CUDA graph warmup complete
CUDA Graph id 2233 reused
ggml_backend_cuda_graph_compute: CUDA graph warmup complete
CUDA Graph id 2234 reused
ggml_backend_cuda_graph_compute: CUDA graph warmup complete
CUDA Graph id 2235 reused
ggml_backend_cuda_graph_compute: CUDA graph warmup complete
CUDA Graph id 2236 reused
ggml_backend_cuda_graph_compute: CUDA graph warmup complete
CUDA Graph id 2237 reused
ggml_backend_cuda_graph_compute: CUDA graph warmup complete
CUDA Graph id 2238 reused
ggml_backend_cuda_graph_compute: CUDA graph warmup complete
CUDA Graph id 2239 reused
ggml_backend_cuda_graph_compute: CUDA graph warmup complete
CUDA Graph id 2240 reused
ggml_backend_cuda_graph_compute: CUDA graph warmup complete
CUDA Graph id 2241 reused
ggml_backend_cuda_graph_compute: CUDA graph warmup complete
CUDA Graph id 2242 reused
ggml_backend_cuda_graph_compute: CUDA graph warmup complete
CUDA Graph id 2243 reused
ggml_backend_cuda_graph_compute: CUDA graph warmup complete
CUDA Graph id 2244 reused
ggml_backend_cuda_graph_compute: CUDA graph warmup complete
CUDA Graph id 2245 reused
ggml_backend_cuda_graph_compute: CUDA graph warmup complete
CUDA Graph id 2246 reused
ggml_backend_cuda_graph_compute: CUDA graph warmup complete
CUDA Graph id 2247 reused
ggml_backend_cuda_graph_compute: CUDA graph warmup complete
CUDA Graph id 2248 reused
ggml_backend_cuda_graph_compute: CUDA graph warmup complete
CUDA Graph id 2249 reused
ggml_backend_cuda_graph_compute: CUDA graph warmup complete
CUDA Graph id 2250 reused
ggml_backend_cuda_graph_compute: CUDA graph warmup complete
CUDA Graph id 2251 reused
ggml_backend_cuda_graph_compute: CUDA graph warmup complete
CUDA Graph id 2252 reused
ggml_backend_cuda_graph_compute: CUDA graph warmup complete
CUDA Graph id 2253 reused
ggml_backend_cuda_graph_compute: CUDA graph warmup complete
CUDA Graph id 2254 reused
ggml_backend_cuda_graph_compute: CUDA graph warmup complete
CUDA Graph id 2255 reused
ggml_backend_cuda_graph_compute: CUDA graph warmup complete
CUDA Graph id 2256 reused
ggml_backend_cuda_graph_compute: CUDA graph warmup complete
CUDA Graph id 2257 reused
ggml_backend_cuda_graph_compute: CUDA graph warmup complete
CUDA Graph id 2258 reused
ggml_backend_cuda_graph_compute: CUDA graph warmup complete
CUDA Graph id 2259 reused
ggml_backend_cuda_graph_compute: CUDA graph warmup complete
CUDA Graph id 2260 reused
ggml_backend_cuda_graph_compute: CUDA graph warmup complete
CUDA Graph id 2261 reused
ggml_backend_cuda_graph_compute: CUDA graph warmup complete
CUDA Graph id 2262 reused
ggml_backend_cuda_graph_compute: CUDA graph warmup complete
CUDA Graph id 2263 reused
ggml_backend_cuda_graph_compute: CUDA graph warmup complete
CUDA Graph id 2264 reused
ggml_backend_cuda_graph_compute: CUDA graph warmup complete
CUDA Graph id 2265 reused
ggml_backend_cuda_graph_compute: CUDA graph warmup complete
CUDA Graph id 2266 reused
ggml_backend_cuda_graph_compute: CUDA graph warmup complete
CUDA Graph id 2267 reused
ggml_backend_cuda_graph_compute: CUDA graph warmup complete
CUDA Graph id 2268 reused
ggml_backend_cuda_graph_compute: CUDA graph warmup complete
CUDA Graph id 2269 reused
ggml_backend_cuda_graph_compute: CUDA graph warmup complete
CUDA Graph id 2270 reused
ggml_backend_cuda_graph_compute: CUDA graph warmup complete
CUDA Graph id 2271 reused
ggml_backend_cuda_graph_compute: CUDA graph warmup complete
CUDA Graph id 2272 reused
ggml_backend_cuda_graph_compute: CUDA graph warmup complete
CUDA Graph id 2273 reused
ggml_backend_cuda_graph_compute: CUDA graph warmup complete
CUDA Graph id 2274 reused
ggml_backend_cuda_graph_compute: CUDA graph warmup complete
CUDA Graph id 2275 reused
ggml_backend_cuda_graph_compute: CUDA graph warmup complete
CUDA Graph id 2276 reused
ggml_backend_cuda_graph_compute: CUDA graph warmup complete
CUDA Graph id 2277 reused
ggml_backend_cuda_graph_compute: CUDA graph warmup complete
CUDA Graph id 2278 reused
ggml_backend_cuda_graph_compute: CUDA graph warmup complete
CUDA Graph id 2279 reused
ggml_backend_cuda_graph_compute: CUDA graph warmup complete
CUDA Graph id 2280 reused
ggml_backend_cuda_graph_compute: CUDA graph warmup complete
CUDA Graph id 2281 reused
ggml_backend_cuda_graph_compute: CUDA graph warmup complete
CUDA Graph id 2282 reused
ggml_backend_cuda_graph_compute: CUDA graph warmup complete
CUDA Graph id 2283 reused
ggml_backend_cuda_graph_compute: CUDA graph warmup complete
CUDA Graph id 2284 reused
ggml_backend_cuda_graph_compute: CUDA graph warmup complete
CUDA Graph id 2285 reused
ggml_backend_cuda_graph_compute: CUDA graph warmup complete
CUDA Graph id 2286 reused
ggml_backend_cuda_graph_compute: CUDA graph warmup complete
CUDA Graph id 2287 reused
ggml_backend_cuda_graph_compute: CUDA graph warmup complete
CUDA Graph id 2288 reused
ggml_backend_cuda_graph_compute: CUDA graph warmup complete
CUDA Graph id 2290 reused
ggml_backend_cuda_graph_compute: CUDA graph warmup complete
CUDA Graph id 2145 reused
CUDA Graph id 2146 reused
CUDA Graph id 2147 reused
CUDA Graph id 2148 reused
CUDA Graph id 2150 reused
CUDA Graph id 2151 reused
CUDA Graph id 2152 reused
CUDA Graph id 2153 reused
CUDA Graph id 2154 reused
CUDA Graph id 2155 reused
CUDA Graph id 2156 reused
CUDA Graph id 2157 reused
CUDA Graph id 2158 reused
CUDA Graph id 2159 reused
CUDA Graph id 2160 reused
CUDA Graph id 2161 reused
CUDA Graph id 2162 reused
CUDA Graph id 2163 reused
CUDA Graph id 2164 reused
CUDA Graph id 2165 reused
CUDA Graph id 2166 reused
CUDA Graph id 2167 reused
CUDA Graph id 2168 reused
CUDA Graph id 2169 reused
CUDA Graph id 2170 reused
CUDA Graph id 2171 reused
CUDA Graph id 2172 reused
CUDA Graph id 2173 reused
CUDA Graph id 2174 reused
CUDA Graph id 2175 reused
CUDA Graph id 2176 reused
CUDA Graph id 2177 reused
CUDA Graph id 2178 reused
CUDA Graph id 2179 reused
CUDA Graph id 2180 reused
CUDA Graph id 2181 reused
CUDA Graph id 2182 reused
CUDA Graph id 2183 reused
CUDA Graph id 2184 reused
CUDA Graph id 2185 reused
CUDA Graph id 2186 reused
CUDA Graph id 2187 reused
CUDA Graph id 2188 reused
CUDA Graph id 2189 reused
CUDA Graph id 2190 reused
CUDA Graph id 2191 reused
CUDA Graph id 2192 reused
CUDA Graph id 2193 reused
CUDA Graph id 2194 reused
CUDA Graph id 2195 reused
CUDA Graph id 2196 reused
CUDA Graph id 2197 reused
CUDA Graph id 2198 reused
CUDA Graph id 2199 reused
CUDA Graph id 2200 reused
CUDA Graph id 2201 reused
CUDA Graph id 2202 reused
CUDA Graph id 2203 reused
CUDA Graph id 2204 reused
CUDA Graph id 2205 reused
CUDA Graph id 2206 reused
CUDA Graph id 2207 reused
CUDA Graph id 2208 reused
CUDA Graph id 2209 reused
CUDA Graph id 2210 reused
CUDA Graph id 2211 reused
CUDA Graph id 2212 reused
CUDA Graph id 2213 reused
CUDA Graph id 2214 reused
CUDA Graph id 2215 reused
CUDA Graph id 2216 reused
CUDA Graph id 2217 reused
CUDA Graph id 2218 reused
CUDA Graph id 2219 reused
CUDA Graph id 2220 reused
CUDA Graph id 2221 reused
CUDA Graph id 2222 reused
CUDA Graph id 2223 reused
CUDA Graph id 2224 reused
CUDA Graph id 2225 reused
CUDA Graph id 2226 reused
CUDA Graph id 2227 reused
CUDA Graph id 2228 reused
CUDA Graph id 2229 reused
CUDA Graph id 2230 reused
CUDA Graph id 2231 reused
CUDA Graph id 2232 reused
CUDA Graph id 2233 reused
CUDA Graph id 2234 reused
CUDA Graph id 2235 reused
CUDA Graph id 2236 reused
CUDA Graph id 2237 reused
CUDA Graph id 2238 reused
CUDA Graph id 2239 reused
CUDA Graph id 2240 reused
CUDA Graph id 2241 reused
CUDA Graph id 2242 reused
CUDA Graph id 2243 reused
CUDA Graph id 2244 reused
CUDA Graph id 2245 reused
CUDA Graph id 2246 reused
CUDA Graph id 2247 reused
CUDA Graph id 2248 reused
CUDA Graph id 2249 reused
CUDA Graph id 2250 reused
CUDA Graph id 2251 reused
CUDA Graph id 2252 reused
CUDA Graph id 2253 reused
CUDA Graph id 2254 reused
CUDA Graph id 2255 reused
CUDA Graph id 2256 reused
CUDA Graph id 2257 reused
CUDA Graph id 2258 reused
CUDA Graph id 2259 reused
CUDA Graph id 2260 reused
CUDA Graph id 2261 reused
CUDA Graph id 2262 reused
CUDA Graph id 2263 reused
CUDA Graph id 2264 reused
CUDA Graph id 2265 reused
CUDA Graph id 2266 reused
CUDA Graph id 2267 reused
CUDA Graph id 2268 reused
CUDA Graph id 2269 reused
CUDA Graph id 2270 reused
CUDA Graph id 2271 reused
CUDA Graph id 2272 reused
CUDA Graph id 2273 reused
CUDA Graph id 2274 reused
CUDA Graph id 2275 reused
CUDA Graph id 2276 reused
CUDA Graph id 2277 reused
CUDA Graph id 2278 reused
CUDA Graph id 2279 reused
CUDA Graph id 2280 reused
CUDA Graph id 2281 reused
CUDA Graph id 2282 reused
CUDA Graph id 2283 reused
CUDA Graph id 2284 reused
CUDA Graph id 2285 reused
CUDA Graph id 2286 reused
CUDA Graph id 2287 reused
CUDA Graph id 2288 reused
CUDA Graph id 2290 reused
CUDA Graph id 2145 reused
CUDA Graph id 2146 reused
CUDA Graph id 2147 reused
CUDA Graph id 2148 reused
CUDA Graph id 2150 reused
CUDA Graph id 2151 reused
CUDA Graph id 2152 reused
CUDA Graph id 2153 reused
CUDA Graph id 2154 reused
CUDA Graph id 2155 reused
CUDA Graph id 2156 reused
CUDA Graph id 2157 reused
CUDA Graph id 2158 reused
CUDA Graph id 2159 reused
CUDA Graph id 2160 reused
CUDA Graph id 2161 reused
CUDA Graph id 2162 reused
CUDA Graph id 2163 reused
CUDA Graph id 2164 reused
CUDA Graph id 2165 reused
CUDA Graph id 2166 reused
CUDA Graph id 2167 reused
CUDA Graph id 2168 reused
CUDA Graph id 2169 reused
CUDA Graph id 2170 reused
CUDA Graph id 2171 reused
CUDA Graph id 2172 reused
CUDA Graph id 2173 reused
CUDA Graph id 2174 reused
CUDA Graph id 2175 reused
CUDA Graph id 2176 reused
CUDA Graph id 2177 reused
CUDA Graph id 2178 reused
CUDA Graph id 2179 reused
CUDA Graph id 2180 reused
CUDA Graph id 2181 reused
CUDA Graph id 2182 reused
CUDA Graph id 2183 reused
CUDA Graph id 2184 reused
CUDA Graph id 2185 reused
CUDA Graph id 2186 reused
CUDA Graph id 2187 reused
CUDA Graph id 2188 reused
CUDA Graph id 2189 reused
CUDA Graph id 2190 reused
CUDA Graph id 2191 reused
CUDA Graph id 2192 reused
CUDA Graph id 2193 reused
CUDA Graph id 2194 reused
CUDA Graph id 2195 reused
CUDA Graph id 2196 reused
CUDA Graph id 2197 reused
CUDA Graph id 2198 reused
CUDA Graph id 2199 reused
CUDA Graph id 2200 reused
CUDA Graph id 2201 reused
CUDA Graph id 2202 reused
CUDA Graph id 2203 reused
CUDA Graph id 2204 reused
CUDA Graph id 2205 reused
CUDA Graph id 2206 reused
CUDA Graph id 2207 reused
CUDA Graph id 2208 reused
CUDA Graph id 2209 reused
CUDA Graph id 2210 reused
CUDA Graph id 2211 reused
CUDA Graph id 2212 reused
CUDA Graph id 2213 reused
CUDA Graph id 2214 reused
CUDA Graph id 2215 reused
CUDA Graph id 2216 reused
CUDA Graph id 2217 reused
CUDA Graph id 2218 reused
CUDA Graph id 2219 reused
CUDA Graph id 2220 reused
CUDA Graph id 2221 reused
CUDA Graph id 2222 reused
CUDA Graph id 2223 reused
CUDA Graph id 2224 reused
CUDA Graph id 2225 reused
CUDA Graph id 2226 reused
CUDA Graph id 2227 reused
CUDA Graph id 2228 reused
CUDA Graph id 2229 reused
CUDA Graph id 2230 reused
CUDA Graph id 2231 reused
CUDA Graph id 2232 reused
CUDA Graph id 2233 reused
CUDA Graph id 2234 reused
CUDA Graph id 2235 reused
CUDA Graph id 2236 reused
CUDA Graph id 2237 reused
CUDA Graph id 2238 reused
CUDA Graph id 2239 reused
CUDA Graph id 2240 reused
CUDA Graph id 2241 reused
CUDA Graph id 2242 reused
CUDA Graph id 2243 reused
CUDA Graph id 2244 reused
CUDA Graph id 2245 reused
CUDA Graph id 2246 reused
CUDA Graph id 2247 reused
CUDA Graph id 2248 reused
CUDA Graph id 2249 reused
CUDA Graph id 2250 reused
CUDA Graph id 2251 reused
CUDA Graph id 2252 reused
CUDA Graph id 2253 reused
CUDA Graph id 2254 reused
CUDA Graph id 2255 reused
CUDA Graph id 2256 reused
CUDA Graph id 2257 reused
CUDA Graph id 2258 reused
CUDA Graph id 2259 reused
CUDA Graph id 2260 reused
CUDA Graph id 2261 reused
CUDA Graph id 2262 reused
CUDA Graph id 2263 reused
CUDA Graph id 2264 reused
CUDA Graph id 2265 reused
CUDA Graph id 2266 reused
CUDA Graph id 2267 reused
CUDA Graph id 2268 reused
CUDA Graph id 2269 reused
CUDA Graph id 2270 reused
CUDA Graph id 2271 reused
CUDA Graph id 2272 reused
CUDA Graph id 2273 reused
CUDA Graph id 2274 reused
CUDA Graph id 2275 reused
CUDA Graph id 2276 reused
CUDA Graph id 2277 reused
CUDA Graph id 2278 reused
CUDA Graph id 2279 reused
CUDA Graph id 2280 reused
CUDA Graph id 2281 reused
CUDA Graph id 2282 reused
CUDA Graph id 2283 reused
CUDA Graph id 2284 reused
CUDA Graph id 2285 reused
CUDA Graph id 2286 reused
CUDA Graph id 2287 reused
CUDA Graph id 2288 reused
CUDA Graph id 2290 reused
ggml_backend_cuda_graph_compute: CUDA graph warmup reset
ggml_backend_cuda_graph_compute: CUDA graph warmup reset
ggml_backend_cuda_graph_compute: CUDA graph warmup reset
ggml_backend_cuda_graph_compute: CUDA graph warmup reset
ggml_backend_cuda_graph_compute: CUDA graph warmup reset
ggml_backend_cuda_graph_compute: CUDA graph warmup reset
ggml_backend_cuda_graph_compute: CUDA graph warmup reset
ggml_backend_cuda_graph_compute: CUDA graph warmup reset
ggml_backend_cuda_graph_compute: CUDA graph warmup reset
ggml_backend_cuda_graph_compute: CUDA graph warmup reset
ggml_backend_cuda_graph_compute: CUDA graph warmup reset
ggml_backend_cuda_graph_compute: CUDA graph warmup reset
ggml_backend_cuda_graph_compute: CUDA graph warmup reset
ggml_backend_cuda_graph_compute: CUDA graph warmup reset
ggml_backend_cuda_graph_compute: CUDA graph warmup reset
ggml_backend_cuda_graph_compute: CUDA graph warmup reset
ggml_backend_cuda_graph_compute: CUDA graph warmup reset
ggml_backend_cuda_graph_compute: CUDA graph warmup reset
ggml_backend_cuda_graph_compute: CUDA graph warmup reset
ggml_backend_cuda_graph_compute: CUDA graph warmup reset
ggml_backend_cuda_graph_compute: CUDA graph warmup reset
ggml_backend_cuda_graph_compute: CUDA graph warmup reset
ggml_backend_cuda_graph_compute: CUDA graph warmup reset
ggml_backend_cuda_graph_compute: CUDA graph warmup reset
ggml_backend_cuda_graph_compute: CUDA graph warmup reset
ggml_backend_cuda_graph_compute: CUDA graph warmup reset
ggml_backend_cuda_graph_compute: CUDA graph warmup reset
ggml_backend_cuda_graph_compute: CUDA graph warmup reset
ggml_backend_cuda_graph_compute: CUDA graph warmup reset
ggml_backend_cuda_graph_compute: CUDA graph warmup reset
ggml_backend_cuda_graph_compute: CUDA graph warmup reset
ggml_backend_cuda_graph_compute: CUDA graph warmup reset
ggml_backend_cuda_graph_compute: CUDA graph warmup reset
ggml_backend_cuda_graph_compute: CUDA graph warmup reset
ggml_backend_cuda_graph_compute: CUDA graph warmup reset
ggml_backend_cuda_graph_compute: CUDA graph warmup reset
ggml_backend_cuda_graph_compute: CUDA graph warmup reset
ggml_backend_cuda_graph_compute: CUDA graph warmup reset
ggml_backend_cuda_graph_compute: CUDA graph warmup reset
ggml_backend_cuda_graph_compute: CUDA graph warmup reset
ggml_backend_cuda_graph_compute: CUDA graph warmup reset
ggml_backend_cuda_graph_compute: CUDA graph warmup reset
ggml_backend_cuda_graph_compute: CUDA graph warmup reset
ggml_backend_cuda_graph_compute: CUDA graph warmup reset
ggml_backend_cuda_graph_compute: CUDA graph warmup reset
ggml_backend_cuda_graph_compute: CUDA graph warmup reset
ggml_backend_cuda_graph_compute: CUDA graph warmup reset
ggml_backend_cuda_graph_compute: CUDA graph warmup reset
ggml_backend_cuda_graph_compute: CUDA graph warmup reset
ggml_backend_cuda_graph_compute: CUDA graph warmup reset
ggml_backend_cuda_graph_compute: CUDA graph warmup reset
ggml_backend_cuda_graph_compute: CUDA graph warmup reset
ggml_backend_cuda_graph_compute: CUDA graph warmup reset
ggml_backend_cuda_graph_compute: CUDA graph warmup reset
ggml_backend_cuda_graph_compute: CUDA graph warmup reset
ggml_backend_cuda_graph_compute: CUDA graph warmup reset
ggml_backend_cuda_graph_compute: CUDA graph warmup reset
ggml_backend_cuda_graph_compute: CUDA graph warmup reset
ggml_backend_cuda_graph_compute: CUDA graph warmup reset
ggml_backend_cuda_graph_compute: CUDA graph warmup reset
ggml_backend_cuda_graph_compute: CUDA graph warmup reset
ggml_backend_cuda_graph_compute: CUDA graph warmup reset
ggml_backend_cuda_graph_compute: CUDA graph warmup reset
ggml_backend_cuda_graph_compute: CUDA graph warmup reset
ggml_backend_cuda_graph_compute: CUDA graph warmup reset
ggml_backend_cuda_graph_compute: CUDA graph warmup reset
ggml_backend_cuda_graph_compute: CUDA graph warmup reset
ggml_backend_cuda_graph_compute: CUDA graph warmup reset
ggml_backend_cuda_graph_compute: CUDA graph warmup reset
ggml_backend_cuda_graph_compute: CUDA graph warmup reset
ggml_backend_cuda_graph_compute: CUDA graph warmup reset
ggml_backend_cuda_graph_compute: CUDA graph warmup reset
ggml_backend_cuda_graph_compute: CUDA graph warmup reset
ggml_backend_cuda_graph_compute: CUDA graph warmup reset
ggml_backend_cuda_graph_compute: CUDA graph warmup reset
ggml_backend_cuda_graph_compute: CUDA graph warmup reset
ggml_backend_cuda_graph_compute: CUDA graph warmup reset
ggml_backend_cuda_graph_compute: CUDA graph warmup reset
ggml_backend_cuda_graph_compute: CUDA graph warmup reset
ggml_backend_cuda_graph_compute: CUDA graph warmup reset
ggml_backend_cuda_graph_compute: CUDA graph warmup reset
ggml_backend_cuda_graph_compute: CUDA graph warmup reset
ggml_backend_cuda_graph_compute: CUDA graph warmup reset
ggml_backend_cuda_graph_compute: CUDA graph warmup reset
ggml_backend_cuda_graph_compute: CUDA graph warmup reset
ggml_backend_cuda_graph_compute: CUDA graph warmup reset
ggml_backend_cuda_graph_compute: CUDA graph warmup reset
ggml_backend_cuda_graph_compute: CUDA graph warmup reset
ggml_backend_cuda_graph_compute: CUDA graph warmup reset
ggml_backend_cuda_graph_compute: CUDA graph warmup reset
ggml_backend_cuda_graph_compute: CUDA graph warmup reset
ggml_backend_cuda_graph_compute: CUDA graph warmup reset
ggml_backend_cuda_graph_compute: CUDA graph warmup reset
ggml_backend_cuda_graph_compute: CUDA graph warmup reset
ggml_backend_cuda_graph_compute: CUDA graph warmup reset
ggml_backend_cuda_graph_compute: CUDA graph warmup reset
ggml_backend_cuda_graph_compute: CUDA graph warmup reset
ggml_backend_cuda_graph_compute: CUDA graph warmup reset
ggml_backend_cuda_graph_compute: CUDA graph warmup reset
ggml_backend_cuda_graph_compute: CUDA graph warmup reset
ggml_backend_cuda_graph_compute: CUDA graph warmup reset
ggml_backend_cuda_graph_compute: CUDA graph warmup reset
ggml_backend_cuda_graph_compute: CUDA graph warmup reset
ggml_backend_cuda_graph_compute: CUDA graph warmup reset
ggml_backend_cuda_graph_compute: CUDA graph warmup reset
ggml_backend_cuda_graph_compute: CUDA graph warmup reset
ggml_backend_cuda_graph_compute: CUDA graph warmup reset
ggml_backend_cuda_graph_compute: CUDA graph warmup reset
ggml_backend_cuda_graph_compute: CUDA graph warmup reset
ggml_backend_cuda_graph_compute: CUDA graph warmup reset
ggml_backend_cuda_graph_compute: CUDA graph warmup reset
ggml_backend_cuda_graph_compute: CUDA graph warmup reset
ggml_backend_cuda_graph_compute: CUDA graph warmup reset
ggml_backend_cuda_graph_compute: CUDA graph warmup reset
ggml_backend_cuda_graph_compute: CUDA graph warmup reset
ggml_backend_cuda_graph_compute: CUDA graph warmup reset
ggml_backend_cuda_graph_compute: CUDA graph warmup reset
ggml_backend_cuda_graph_compute: CUDA graph warmup reset
ggml_backend_cuda_graph_compute: CUDA graph warmup reset
ggml_backend_cuda_graph_compute: CUDA graph warmup reset
ggml_backend_cuda_graph_compute: CUDA graph warmup reset
ggml_backend_cuda_graph_compute: CUDA graph warmup reset
ggml_backend_cuda_graph_compute: CUDA graph warmup reset
ggml_backend_cuda_graph_compute: CUDA graph warmup reset
ggml_backend_cuda_graph_compute: CUDA graph warmup reset
ggml_backend_cuda_graph_compute: CUDA graph warmup reset
ggml_backend_cuda_graph_compute: CUDA graph warmup reset
ggml_backend_cuda_graph_compute: CUDA graph warmup reset
ggml_backend_cuda_graph_compute: CUDA graph warmup reset
ggml_backend_cuda_graph_compute: CUDA graph warmup reset
ggml_backend_cuda_graph_compute: CUDA graph warmup reset
ggml_backend_cuda_graph_compute: CUDA graph warmup reset
ggml_backend_cuda_graph_compute: CUDA graph warmup reset
ggml_backend_cuda_graph_compute: CUDA graph warmup reset
ggml_backend_cuda_graph_compute: CUDA graph warmup reset
ggml_backend_cuda_graph_compute: CUDA graph warmup reset
ggml_backend_cuda_graph_compute: CUDA graph warmup reset
ggml_backend_cuda_graph_compute: CUDA graph warmup reset
ggml_backend_cuda_graph_compute: CUDA graph warmup reset
ggml_backend_cuda_graph_compute: CUDA graph warmup reset
ggml_backend_cuda_graph_compute: CUDA graph warmup reset
ggml_backend_cuda_graph_compute: CUDA graph warmup reset
ggml_backend_cuda_graph_compute: CUDA graph warmup reset
ggml_backend_cuda_graph_compute: CUDA graph warmup reset
CUDA Graph id 2293 reused
ggml_backend_cuda_graph_compute: CUDA graph warmup complete
CUDA Graph id 2294 reused
ggml_backend_cuda_graph_compute: CUDA graph warmup complete
CUDA Graph id 2295 reused
ggml_backend_cuda_graph_compute: CUDA graph warmup complete
CUDA Graph id 2296 reused
ggml_backend_cuda_graph_compute: CUDA graph warmup complete
CUDA Graph id 2298 reused
ggml_backend_cuda_graph_compute: CUDA graph warmup complete
CUDA Graph id 2299 reused
ggml_backend_cuda_graph_compute: CUDA graph warmup complete
CUDA Graph id 2300 reused
ggml_backend_cuda_graph_compute: CUDA graph warmup complete
CUDA Graph id 2301 reused
ggml_backend_cuda_graph_compute: CUDA graph warmup complete
CUDA Graph id 2302 reused
ggml_backend_cuda_graph_compute: CUDA graph warmup complete
CUDA Graph id 2303 reused
ggml_backend_cuda_graph_compute: CUDA graph warmup complete
CUDA Graph id 2304 reused
ggml_backend_cuda_graph_compute: CUDA graph warmup complete
CUDA Graph id 2305 reused
ggml_backend_cuda_graph_compute: CUDA graph warmup complete
CUDA Graph id 2306 reused
ggml_backend_cuda_graph_compute: CUDA graph warmup complete
CUDA Graph id 2307 reused
ggml_backend_cuda_graph_compute: CUDA graph warmup complete
CUDA Graph id 2308 reused
ggml_backend_cuda_graph_compute: CUDA graph warmup complete
CUDA Graph id 2309 reused
ggml_backend_cuda_graph_compute: CUDA graph warmup complete
CUDA Graph id 2310 reused
ggml_backend_cuda_graph_compute: CUDA graph warmup complete
CUDA Graph id 2311 reused
ggml_backend_cuda_graph_compute: CUDA graph warmup complete
CUDA Graph id 2312 reused
ggml_backend_cuda_graph_compute: CUDA graph warmup complete
CUDA Graph id 2313 reused
ggml_backend_cuda_graph_compute: CUDA graph warmup complete
CUDA Graph id 2314 reused
ggml_backend_cuda_graph_compute: CUDA graph warmup complete
CUDA Graph id 2315 reused
ggml_backend_cuda_graph_compute: CUDA graph warmup complete
CUDA Graph id 2316 reused
ggml_backend_cuda_graph_compute: CUDA graph warmup complete
CUDA Graph id 2317 reused
ggml_backend_cuda_graph_compute: CUDA graph warmup complete
CUDA Graph id 2318 reused
ggml_backend_cuda_graph_compute: CUDA graph warmup complete
CUDA Graph id 2319 reused
ggml_backend_cuda_graph_compute: CUDA graph warmup complete
CUDA Graph id 2320 reused
ggml_backend_cuda_graph_compute: CUDA graph warmup complete
CUDA Graph id 2321 reused
ggml_backend_cuda_graph_compute: CUDA graph warmup complete
CUDA Graph id 2322 reused
ggml_backend_cuda_graph_compute: CUDA graph warmup complete
CUDA Graph id 2323 reused
ggml_backend_cuda_graph_compute: CUDA graph warmup complete
CUDA Graph id 2324 reused
ggml_backend_cuda_graph_compute: CUDA graph warmup complete
CUDA Graph id 2325 reused
ggml_backend_cuda_graph_compute: CUDA graph warmup complete
CUDA Graph id 2326 reused
ggml_backend_cuda_graph_compute: CUDA graph warmup complete
CUDA Graph id 2327 reused
ggml_backend_cuda_graph_compute: CUDA graph warmup complete
CUDA Graph id 2328 reused
ggml_backend_cuda_graph_compute: CUDA graph warmup complete
CUDA Graph id 2329 reused
ggml_backend_cuda_graph_compute: CUDA graph warmup complete
CUDA Graph id 2330 reused
ggml_backend_cuda_graph_compute: CUDA graph warmup complete
CUDA Graph id 2331 reused
ggml_backend_cuda_graph_compute: CUDA graph warmup complete
CUDA Graph id 2332 reused
ggml_backend_cuda_graph_compute: CUDA graph warmup complete
CUDA Graph id 2333 reused
ggml_backend_cuda_graph_compute: CUDA graph warmup complete
CUDA Graph id 2334 reused
ggml_backend_cuda_graph_compute: CUDA graph warmup complete
CUDA Graph id 2335 reused
ggml_backend_cuda_graph_compute: CUDA graph warmup complete
CUDA Graph id 2336 reused
ggml_backend_cuda_graph_compute: CUDA graph warmup complete
CUDA Graph id 2337 reused
ggml_backend_cuda_graph_compute: CUDA graph warmup complete
CUDA Graph id 2338 reused
ggml_backend_cuda_graph_compute: CUDA graph warmup complete
CUDA Graph id 2339 reused
ggml_backend_cuda_graph_compute: CUDA graph warmup complete
CUDA Graph id 2340 reused
ggml_backend_cuda_graph_compute: CUDA graph warmup complete
CUDA Graph id 2341 reused
ggml_backend_cuda_graph_compute: CUDA graph warmup complete
CUDA Graph id 2342 reused
ggml_backend_cuda_graph_compute: CUDA graph warmup complete
CUDA Graph id 2343 reused
ggml_backend_cuda_graph_compute: CUDA graph warmup complete
CUDA Graph id 2344 reused
ggml_backend_cuda_graph_compute: CUDA graph warmup complete
CUDA Graph id 2345 reused
ggml_backend_cuda_graph_compute: CUDA graph warmup complete
CUDA Graph id 2346 reused
ggml_backend_cuda_graph_compute: CUDA graph warmup complete
CUDA Graph id 2347 reused
ggml_backend_cuda_graph_compute: CUDA graph warmup complete
CUDA Graph id 2348 reused
ggml_backend_cuda_graph_compute: CUDA graph warmup complete
CUDA Graph id 2349 reused
ggml_backend_cuda_graph_compute: CUDA graph warmup complete
CUDA Graph id 2350 reused
ggml_backend_cuda_graph_compute: CUDA graph warmup complete
CUDA Graph id 2351 reused
ggml_backend_cuda_graph_compute: CUDA graph warmup complete
CUDA Graph id 2352 reused
ggml_backend_cuda_graph_compute: CUDA graph warmup complete
CUDA Graph id 2353 reused
ggml_backend_cuda_graph_compute: CUDA graph warmup complete
CUDA Graph id 2354 reused
ggml_backend_cuda_graph_compute: CUDA graph warmup complete
CUDA Graph id 2355 reused
ggml_backend_cuda_graph_compute: CUDA graph warmup complete
CUDA Graph id 2356 reused
ggml_backend_cuda_graph_compute: CUDA graph warmup complete
CUDA Graph id 2357 reused
ggml_backend_cuda_graph_compute: CUDA graph warmup complete
CUDA Graph id 2358 reused
ggml_backend_cuda_graph_compute: CUDA graph warmup complete
CUDA Graph id 2359 reused
ggml_backend_cuda_graph_compute: CUDA graph warmup complete
CUDA Graph id 2360 reused
ggml_backend_cuda_graph_compute: CUDA graph warmup complete
CUDA Graph id 2361 reused
ggml_backend_cuda_graph_compute: CUDA graph warmup complete
CUDA Graph id 2362 reused
ggml_backend_cuda_graph_compute: CUDA graph warmup complete
CUDA Graph id 2363 reused
ggml_backend_cuda_graph_compute: CUDA graph warmup complete
CUDA Graph id 2364 reused
ggml_backend_cuda_graph_compute: CUDA graph warmup complete
CUDA Graph id 2365 reused
ggml_backend_cuda_graph_compute: CUDA graph warmup complete
CUDA Graph id 2366 reused
ggml_backend_cuda_graph_compute: CUDA graph warmup complete
CUDA Graph id 2367 reused
ggml_backend_cuda_graph_compute: CUDA graph warmup complete
CUDA Graph id 2368 reused
ggml_backend_cuda_graph_compute: CUDA graph warmup complete
CUDA Graph id 2369 reused
ggml_backend_cuda_graph_compute: CUDA graph warmup complete
CUDA Graph id 2370 reused
ggml_backend_cuda_graph_compute: CUDA graph warmup complete
CUDA Graph id 2371 reused
ggml_backend_cuda_graph_compute: CUDA graph warmup complete
CUDA Graph id 2372 reused
ggml_backend_cuda_graph_compute: CUDA graph warmup complete
CUDA Graph id 2373 reused
ggml_backend_cuda_graph_compute: CUDA graph warmup complete
CUDA Graph id 2374 reused
ggml_backend_cuda_graph_compute: CUDA graph warmup complete
CUDA Graph id 2375 reused
ggml_backend_cuda_graph_compute: CUDA graph warmup complete
CUDA Graph id 2376 reused
ggml_backend_cuda_graph_compute: CUDA graph warmup complete
CUDA Graph id 2377 reused
ggml_backend_cuda_graph_compute: CUDA graph warmup complete
CUDA Graph id 2378 reused
ggml_backend_cuda_graph_compute: CUDA graph warmup complete
CUDA Graph id 2379 reused
ggml_backend_cuda_graph_compute: CUDA graph warmup complete
CUDA Graph id 2380 reused
ggml_backend_cuda_graph_compute: CUDA graph warmup complete
CUDA Graph id 2381 reused
ggml_backend_cuda_graph_compute: CUDA graph warmup complete
CUDA Graph id 2382 reused
ggml_backend_cuda_graph_compute: CUDA graph warmup complete
CUDA Graph id 2383 reused
ggml_backend_cuda_graph_compute: CUDA graph warmup complete
CUDA Graph id 2384 reused
ggml_backend_cuda_graph_compute: CUDA graph warmup complete
CUDA Graph id 2385 reused
ggml_backend_cuda_graph_compute: CUDA graph warmup complete
CUDA Graph id 2386 reused
ggml_backend_cuda_graph_compute: CUDA graph warmup complete
CUDA Graph id 2387 reused
ggml_backend_cuda_graph_compute: CUDA graph warmup complete
CUDA Graph id 2388 reused
ggml_backend_cuda_graph_compute: CUDA graph warmup complete
CUDA Graph id 2389 reused
ggml_backend_cuda_graph_compute: CUDA graph warmup complete
CUDA Graph id 2390 reused
ggml_backend_cuda_graph_compute: CUDA graph warmup complete
CUDA Graph id 2391 reused
ggml_backend_cuda_graph_compute: CUDA graph warmup complete
CUDA Graph id 2392 reused
ggml_backend_cuda_graph_compute: CUDA graph warmup complete
CUDA Graph id 2393 reused
ggml_backend_cuda_graph_compute: CUDA graph warmup complete
CUDA Graph id 2394 reused
ggml_backend_cuda_graph_compute: CUDA graph warmup complete
CUDA Graph id 2395 reused
ggml_backend_cuda_graph_compute: CUDA graph warmup complete
CUDA Graph id 2396 reused
ggml_backend_cuda_graph_compute: CUDA graph warmup complete
CUDA Graph id 2397 reused
ggml_backend_cuda_graph_compute: CUDA graph warmup complete
CUDA Graph id 2398 reused
ggml_backend_cuda_graph_compute: CUDA graph warmup complete
CUDA Graph id 2399 reused
ggml_backend_cuda_graph_compute: CUDA graph warmup complete
CUDA Graph id 2400 reused
ggml_backend_cuda_graph_compute: CUDA graph warmup complete
CUDA Graph id 2401 reused
ggml_backend_cuda_graph_compute: CUDA graph warmup complete
CUDA Graph id 2402 reused
ggml_backend_cuda_graph_compute: CUDA graph warmup complete
CUDA Graph id 2403 reused
ggml_backend_cuda_graph_compute: CUDA graph warmup complete
CUDA Graph id 2404 reused
ggml_backend_cuda_graph_compute: CUDA graph warmup complete
CUDA Graph id 2405 reused
ggml_backend_cuda_graph_compute: CUDA graph warmup complete
CUDA Graph id 2406 reused
ggml_backend_cuda_graph_compute: CUDA graph warmup complete
CUDA Graph id 2407 reused
ggml_backend_cuda_graph_compute: CUDA graph warmup complete
CUDA Graph id 2408 reused
ggml_backend_cuda_graph_compute: CUDA graph warmup complete
CUDA Graph id 2409 reused
ggml_backend_cuda_graph_compute: CUDA graph warmup complete
CUDA Graph id 2410 reused
ggml_backend_cuda_graph_compute: CUDA graph warmup complete
CUDA Graph id 2411 reused
ggml_backend_cuda_graph_compute: CUDA graph warmup complete
CUDA Graph id 2412 reused
ggml_backend_cuda_graph_compute: CUDA graph warmup complete
CUDA Graph id 2413 reused
ggml_backend_cuda_graph_compute: CUDA graph warmup complete
CUDA Graph id 2414 reused
ggml_backend_cuda_graph_compute: CUDA graph warmup complete
CUDA Graph id 2415 reused
ggml_backend_cuda_graph_compute: CUDA graph warmup complete
CUDA Graph id 2416 reused
ggml_backend_cuda_graph_compute: CUDA graph warmup complete
CUDA Graph id 2417 reused
ggml_backend_cuda_graph_compute: CUDA graph warmup complete
CUDA Graph id 2418 reused
ggml_backend_cuda_graph_compute: CUDA graph warmup complete
CUDA Graph id 2419 reused
ggml_backend_cuda_graph_compute: CUDA graph warmup complete
CUDA Graph id 2420 reused
ggml_backend_cuda_graph_compute: CUDA graph warmup complete
CUDA Graph id 2421 reused
ggml_backend_cuda_graph_compute: CUDA graph warmup complete
CUDA Graph id 2422 reused
ggml_backend_cuda_graph_compute: CUDA graph warmup complete
CUDA Graph id 2423 reused
ggml_backend_cuda_graph_compute: CUDA graph warmup complete
CUDA Graph id 2424 reused
ggml_backend_cuda_graph_compute: CUDA graph warmup complete
CUDA Graph id 2425 reused
ggml_backend_cuda_graph_compute: CUDA graph warmup complete
CUDA Graph id 2426 reused
ggml_backend_cuda_graph_compute: CUDA graph warmup complete
CUDA Graph id 2427 reused
ggml_backend_cuda_graph_compute: CUDA graph warmup complete
CUDA Graph id 2428 reused
ggml_backend_cuda_graph_compute: CUDA graph warmup complete
CUDA Graph id 2429 reused
ggml_backend_cuda_graph_compute: CUDA graph warmup complete
CUDA Graph id 2430 reused
ggml_backend_cuda_graph_compute: CUDA graph warmup complete
CUDA Graph id 2431 reused
ggml_backend_cuda_graph_compute: CUDA graph warmup complete
CUDA Graph id 2432 reused
ggml_backend_cuda_graph_compute: CUDA graph warmup complete
CUDA Graph id 2433 reused
ggml_backend_cuda_graph_compute: CUDA graph warmup complete
CUDA Graph id 2434 reused
ggml_backend_cuda_graph_compute: CUDA graph warmup complete
CUDA Graph id 2435 reused
ggml_backend_cuda_graph_compute: CUDA graph warmup complete
CUDA Graph id 2436 reused
ggml_backend_cuda_graph_compute: CUDA graph warmup complete
CUDA Graph id 2438 reused
ggml_backend_cuda_graph_compute: CUDA graph warmup complete
CUDA Graph id 2293 reused
CUDA Graph id 2294 reused
CUDA Graph id 2295 reused
CUDA Graph id 2296 reused
CUDA Graph id 2298 reused
CUDA Graph id 2299 reused
CUDA Graph id 2300 reused
CUDA Graph id 2301 reused
CUDA Graph id 2302 reused
CUDA Graph id 2303 reused
CUDA Graph id 2304 reused
CUDA Graph id 2305 reused
CUDA Graph id 2306 reused
CUDA Graph id 2307 reused
CUDA Graph id 2308 reused
CUDA Graph id 2309 reused
CUDA Graph id 2310 reused
CUDA Graph id 2311 reused
CUDA Graph id 2312 reused
CUDA Graph id 2313 reused
CUDA Graph id 2314 reused
CUDA Graph id 2315 reused
CUDA Graph id 2316 reused
CUDA Graph id 2317 reused
CUDA Graph id 2318 reused
CUDA Graph id 2319 reused
CUDA Graph id 2320 reused
CUDA Graph id 2321 reused
CUDA Graph id 2322 reused
CUDA Graph id 2323 reused
CUDA Graph id 2324 reused
CUDA Graph id 2325 reused
CUDA Graph id 2326 reused
CUDA Graph id 2327 reused
CUDA Graph id 2328 reused
CUDA Graph id 2329 reused
CUDA Graph id 2330 reused
CUDA Graph id 2331 reused
CUDA Graph id 2332 reused
CUDA Graph id 2333 reused
CUDA Graph id 2334 reused
CUDA Graph id 2335 reused
CUDA Graph id 2336 reused
CUDA Graph id 2337 reused
CUDA Graph id 2338 reused
CUDA Graph id 2339 reused
CUDA Graph id 2340 reused
CUDA Graph id 2341 reused
CUDA Graph id 2342 reused
CUDA Graph id 2343 reused
CUDA Graph id 2344 reused
CUDA Graph id 2345 reused
CUDA Graph id 2346 reused
CUDA Graph id 2347 reused
CUDA Graph id 2348 reused
CUDA Graph id 2349 reused
CUDA Graph id 2350 reused
CUDA Graph id 2351 reused
CUDA Graph id 2352 reused
CUDA Graph id 2353 reused
CUDA Graph id 2354 reused
CUDA Graph id 2355 reused
CUDA Graph id 2356 reused
CUDA Graph id 2357 reused
CUDA Graph id 2358 reused
CUDA Graph id 2359 reused
CUDA Graph id 2360 reused
CUDA Graph id 2361 reused
CUDA Graph id 2362 reused
CUDA Graph id 2363 reused
CUDA Graph id 2364 reused
CUDA Graph id 2365 reused
CUDA Graph id 2366 reused
CUDA Graph id 2367 reused
CUDA Graph id 2368 reused
CUDA Graph id 2369 reused
CUDA Graph id 2370 reused
CUDA Graph id 2371 reused
CUDA Graph id 2372 reused
CUDA Graph id 2373 reused
CUDA Graph id 2374 reused
CUDA Graph id 2375 reused
CUDA Graph id 2376 reused
CUDA Graph id 2377 reused
CUDA Graph id 2378 reused
CUDA Graph id 2379 reused
CUDA Graph id 2380 reused
CUDA Graph id 2381 reused
CUDA Graph id 2382 reused
CUDA Graph id 2383 reused
CUDA Graph id 2384 reused
CUDA Graph id 2385 reused
CUDA Graph id 2386 reused
CUDA Graph id 2387 reused
CUDA Graph id 2388 reused
CUDA Graph id 2389 reused
CUDA Graph id 2390 reused
CUDA Graph id 2391 reused
CUDA Graph id 2392 reused
CUDA Graph id 2393 reused
CUDA Graph id 2394 reused
CUDA Graph id 2395 reused
CUDA Graph id 2396 reused
CUDA Graph id 2397 reused
CUDA Graph id 2398 reused
CUDA Graph id 2399 reused
CUDA Graph id 2400 reused
CUDA Graph id 2401 reused
CUDA Graph id 2402 reused
CUDA Graph id 2403 reused
CUDA Graph id 2404 reused
CUDA Graph id 2405 reused
CUDA Graph id 2406 reused
CUDA Graph id 2407 reused
CUDA Graph id 2408 reused
CUDA Graph id 2409 reused
CUDA Graph id 2410 reused
CUDA Graph id 2411 reused
CUDA Graph id 2412 reused
CUDA Graph id 2413 reused
CUDA Graph id 2414 reused
CUDA Graph id 2415 reused
CUDA Graph id 2416 reused
CUDA Graph id 2417 reused
CUDA Graph id 2418 reused
CUDA Graph id 2419 reused
CUDA Graph id 2420 reused
CUDA Graph id 2421 reused
CUDA Graph id 2422 reused
CUDA Graph id 2423 reused
CUDA Graph id 2424 reused
CUDA Graph id 2425 reused
CUDA Graph id 2426 reused
CUDA Graph id 2427 reused
CUDA Graph id 2428 reused
CUDA Graph id 2429 reused
CUDA Graph id 2430 reused
CUDA Graph id 2431 reused
CUDA Graph id 2432 reused
CUDA Graph id 2433 reused
CUDA Graph id 2434 reused
CUDA Graph id 2435 reused
CUDA Graph id 2436 reused
CUDA Graph id 2438 reused
CUDA Graph id 2293 reused
CUDA Graph id 2294 reused
CUDA Graph id 2295 reused
CUDA Graph id 2296 reused
CUDA Graph id 2298 reused
CUDA Graph id 2299 reused
CUDA Graph id 2300 reused
CUDA Graph id 2301 reused
CUDA Graph id 2302 reused
CUDA Graph id 2303 reused
CUDA Graph id 2304 reused
CUDA Graph id 2305 reused
CUDA Graph id 2306 reused
CUDA Graph id 2307 reused
CUDA Graph id 2308 reused
CUDA Graph id 2309 reused
CUDA Graph id 2310 reused
CUDA Graph id 2311 reused
CUDA Graph id 2312 reused
CUDA Graph id 2313 reused
CUDA Graph id 2314 reused
CUDA Graph id 2315 reused
CUDA Graph id 2316 reused
CUDA Graph id 2317 reused
CUDA Graph id 2318 reused
CUDA Graph id 2319 reused
CUDA Graph id 2320 reused
CUDA Graph id 2321 reused
CUDA Graph id 2322 reused
CUDA Graph id 2323 reused
CUDA Graph id 2324 reused
CUDA Graph id 2325 reused
CUDA Graph id 2326 reused
CUDA Graph id 2327 reused
CUDA Graph id 2328 reused
CUDA Graph id 2329 reused
CUDA Graph id 2330 reused
CUDA Graph id 2331 reused
CUDA Graph id 2332 reused
CUDA Graph id 2333 reused
CUDA Graph id 2334 reused
CUDA Graph id 2335 reused
CUDA Graph id 2336 reused
CUDA Graph id 2337 reused
CUDA Graph id 2338 reused
CUDA Graph id 2339 reused
CUDA Graph id 2340 reused
CUDA Graph id 2341 reused
CUDA Graph id 2342 reused
CUDA Graph id 2343 reused
CUDA Graph id 2344 reused
CUDA Graph id 2345 reused
CUDA Graph id 2346 reused
CUDA Graph id 2347 reused
CUDA Graph id 2348 reused
CUDA Graph id 2349 reused
CUDA Graph id 2350 reused
CUDA Graph id 2351 reused
CUDA Graph id 2352 reused
CUDA Graph id 2353 reused
CUDA Graph id 2354 reused
CUDA Graph id 2355 reused
CUDA Graph id 2356 reused
CUDA Graph id 2357 reused
CUDA Graph id 2358 reused
CUDA Graph id 2359 reused
CUDA Graph id 2360 reused
CUDA Graph id 2361 reused
CUDA Graph id 2362 reused
CUDA Graph id 2363 reused
CUDA Graph id 2364 reused
CUDA Graph id 2365 reused
CUDA Graph id 2366 reused
CUDA Graph id 2367 reused
CUDA Graph id 2368 reused
CUDA Graph id 2369 reused
CUDA Graph id 2370 reused
CUDA Graph id 2371 reused
CUDA Graph id 2372 reused
CUDA Graph id 2373 reused
CUDA Graph id 2374 reused
CUDA Graph id 2375 reused
CUDA Graph id 2376 reused
CUDA Graph id 2377 reused
CUDA Graph id 2378 reused
CUDA Graph id 2379 reused
CUDA Graph id 2380 reused
CUDA Graph id 2381 reused
CUDA Graph id 2382 reused
CUDA Graph id 2383 reused
CUDA Graph id 2384 reused
CUDA Graph id 2385 reused
CUDA Graph id 2386 reused
CUDA Graph id 2387 reused
CUDA Graph id 2388 reused
CUDA Graph id 2389 reused
CUDA Graph id 2390 reused
CUDA Graph id 2391 reused
CUDA Graph id 2392 reused
CUDA Graph id 2393 reused
CUDA Graph id 2394 reused
CUDA Graph id 2395 reused
CUDA Graph id 2396 reused
CUDA Graph id 2397 reused
CUDA Graph id 2398 reused
CUDA Graph id 2399 reused
CUDA Graph id 2400 reused
CUDA Graph id 2401 reused
CUDA Graph id 2402 reused
CUDA Graph id 2403 reused
CUDA Graph id 2404 reused
CUDA Graph id 2405 reused
CUDA Graph id 2406 reused
CUDA Graph id 2407 reused
CUDA Graph id 2408 reused
CUDA Graph id 2409 reused
CUDA Graph id 2410 reused
CUDA Graph id 2411 reused
CUDA Graph id 2412 reused
CUDA Graph id 2413 reused
CUDA Graph id 2414 reused
CUDA Graph id 2415 reused
CUDA Graph id 2416 reused
CUDA Graph id 2417 reused
CUDA Graph id 2418 reused
CUDA Graph id 2419 reused
CUDA Graph id 2420 reused
CUDA Graph id 2421 reused
CUDA Graph id 2422 reused
CUDA Graph id 2423 reused
CUDA Graph id 2424 reused
CUDA Graph id 2425 reused
CUDA Graph id 2426 reused
CUDA Graph id 2427 reused
CUDA Graph id 2428 reused
CUDA Graph id 2429 reused
CUDA Graph id 2430 reused
CUDA Graph id 2431 reused
CUDA Graph id 2432 reused
CUDA Graph id 2433 reused
CUDA Graph id 2434 reused
CUDA Graph id 2435 reused
CUDA Graph id 2436 reused
CUDA Graph id 2438 reused
PREFILL_COLD_ONLY prompt=2048 n_batch=64 n_ubatch=64 prefill_ms=63199.442 tok_s=32.405
~llama_context:      CUDA0 compute buffer size is 872.6188 MiB, matches expectation of 872.6188 MiB
~llama_context:  CUDA_Host compute buffer size is   1.7051 MiB, matches expectation of   1.7051 MiB
