ggml_cuda_init: found 1 CUDA devices (Total VRAM: 16375 MiB):
  Device 0: NVIDIA GeForce RTX 4080 SUPER, compute capability 8.9, VMM: yes, VRAM: 16375 MiB
llama_model_loader: additional 2 GGUFs metadata loaded.
llama_model_loader: loaded meta data with 67 key-value pairs and 1224 tensors from E:\AI\Models\Qwen3.8-Flash-Next-UD-IQ4_XS\Qwen3.8-Flash-Next-UD-IQ4_XS-00001-of-00003.gguf (version GGUF V3 (latest))
llama_model_loader: Dumping metadata keys/values. Note: KV overrides do not apply in this output.
llama_model_loader: - kv   0:                       general.architecture str              = qwen4exp
llama_model_loader: - kv   1:                               general.type str              = model
llama_model_loader: - kv   2:                     general.sampling.top_k i32              = 20
llama_model_loader: - kv   3:                     general.sampling.top_p f32              = 0.950000
llama_model_loader: - kv   4:                      general.sampling.temp f32              = 1.000000
llama_model_loader: - kv   5:                               general.name str              = Qwen3.8 Flash Next
llama_model_loader: - kv   6:                        general.description str              = A Preview of the Qwen4 Architecture
llama_model_loader: - kv   7:                         general.size_label str              = 512x56B
llama_model_loader: - kv   8:                       qwen4exp.block_count u32              = 48
llama_model_loader: - kv   9:                    qwen4exp.context_length u32              = 262144
llama_model_loader: - kv  10:                  qwen4exp.embedding_length u32              = 2560
llama_model_loader: - kv  11:              qwen4exp.attention.head_count u32              = 24
llama_model_loader: - kv  12:           qwen4exp.attention.head_count_kv u32              = 2
llama_model_loader: - kv  13:           qwen4exp.rope.dimension_sections arr[i32,4]       = [11, 11, 10, 0]
llama_model_loader: - kv  14:                    qwen4exp.rope.freq_base f32              = 10000000.000000
llama_model_loader: - kv  15:  qwen4exp.attention.layer_norm_rms_epsilon f32              = 0.000001
llama_model_loader: - kv  16:                      qwen4exp.expert_count u32              = 512
llama_model_loader: - kv  17:                 qwen4exp.expert_used_count u32              = 10
llama_model_loader: - kv  18:              qwen4exp.attention.key_length u32              = 256
llama_model_loader: - kv  19:            qwen4exp.attention.value_length u32              = 256
llama_model_loader: - kv  20:        qwen4exp.expert_feed_forward_length u32              = 640
llama_model_loader: - kv  21: qwen4exp.expert_shared_feed_forward_length u32              = 640
llama_model_loader: - kv  22:                   qwen4exp.ssm.conv_kernel u32              = 4
llama_model_loader: - kv  23:                    qwen4exp.ssm.state_size u32              = 128
llama_model_loader: - kv  24:                   qwen4exp.ssm.group_count u32              = 16
llama_model_loader: - kv  25:                qwen4exp.ssm.time_step_rank u32              = 48
llama_model_loader: - kv  26:                    qwen4exp.ssm.inner_size u32              = 6144
llama_model_loader: - kv  27:           qwen4exp.full_attention_interval u32              = 4
llama_model_loader: - kv  28:              qwen4exp.rope.dimension_count u32              = 64
llama_model_loader: - kv  29:            qwen4exp.hyper_connection.count u32              = 4
llama_model_loader: - kv  30:         qwen4exp.hyper_connection.low_rank u32              = 320
llama_model_loader: - kv  31:      qwen4exp.attention.indexer.head_count u32              = 4
llama_model_loader: - kv  32:      qwen4exp.attention.indexer.key_length u32              = 128
llama_model_loader: - kv  33:           qwen4exp.attention.indexer.top_k u32              = 2048
llama_model_loader: - kv  34:         qwen4exp.attention.compress_ratios arr[i32,48]      = [0, 0, 0, 4, 0, 0, 0, 4, 0, 0, 0, 4, ...
llama_model_loader: - kv  35:                        qwen4exp.ple.layers arr[i32,1]       = [1]
llama_model_loader: - kv  36:                    qwen4exp.ple.ngram_size u32              = 3
llama_model_loader: - kv  37:               qwen4exp.ple.heads_per_ngram u32              = 8
llama_model_loader: - kv  38:                   qwen4exp.ple.conv_kernel u32              = 4
llama_model_loader: - kv  39:                  qwen4exp.ple.eos_token_id u32              = 248044
llama_model_loader: - kv  40:  qwen4exp.embedding_length_per_layer_input u32              = 160
llama_model_loader: - kv  41:             qwen4exp.ple.layer_multipliers arr[u64,3]       = [23703573157769, 20109073645365, 8052...
llama_model_loader: - kv  42:                  qwen4exp.ple.head_offsets arr[u64,16]      = [0, 20000003, 40000026, 60000059, 800...
llama_model_loader: - kv  43:              qwen4exp.ple.head_vocab_sizes arr[u64,16]      = [20000003, 20000023, 20000033, 200000...
llama_model_loader: - kv  44:                       tokenizer.ggml.model str              = gpt2
llama_model_loader: - kv  45:                         tokenizer.ggml.pre str              = qwen35
llama_model_loader: - kv  46:                      tokenizer.ggml.tokens arr[str,248320]  = ["!", "\"", "#", "$", "%", "&", "'", ...
llama_model_loader: - kv  47:                  tokenizer.ggml.token_type arr[i32,248320]  = [1, 1, 1, 1, 1, 1, 1, 1, 1, 1, 1, 1, ...
llama_model_loader: - kv  48:                      tokenizer.ggml.merges arr[str,247587]  = ["Ġ Ġ", "ĠĠ ĠĠ", "i n", "Ġ t",...
llama_model_loader: - kv  49:                tokenizer.ggml.eos_token_id u32              = 248046
llama_model_loader: - kv  50:            tokenizer.ggml.padding_token_id u32              = 248044
llama_model_loader: - kv  51:                tokenizer.ggml.bos_token_id u32              = 248044
llama_model_loader: - kv  52:               tokenizer.ggml.add_bos_token bool             = false
llama_model_loader: - kv  53:                    tokenizer.chat_template str              = {%- set image_count = namespace(value...
llama_model_loader: - kv  54:                qwen4exp.ple.image_token_id u32              = 248056
llama_model_loader: - kv  55:                       general.quantized_by str              = Unsloth
llama_model_loader: - kv  56:                           general.repo_url str              = https://huggingface.co/unsloth
llama_model_loader: - kv  57:                               general.tags arr[str,1]       = ["unsloth"]
llama_model_loader: - kv  58:               general.quantization_version u32              = 2
llama_model_loader: - kv  59:                          general.file_type u32              = 30
llama_model_loader: - kv  60:                      quantize.imatrix.file str              = Qwen3.8-Flash-Next-GGUF/imatrix_unslo...
llama_model_loader: - kv  61:                   quantize.imatrix.dataset str              = unsloth_calibration_Qwen3.8-Flash-Nex...
llama_model_loader: - kv  62:             quantize.imatrix.entries_count u32              = 926
llama_model_loader: - kv  63:              quantize.imatrix.chunks_count u32              = 45
llama_model_loader: - kv  64:                                   split.no u16              = 0
llama_model_loader: - kv  65:                        split.tensors.count i32              = 1224
llama_model_loader: - kv  66:                                split.count u16              = 3
llama_model_loader: - type  f32:  557 tensors
llama_model_loader: - type q8_0:  502 tensors
llama_model_loader: - type q6_K:    1 tensors
llama_model_loader: - type iq4_nl:   44 tensors
llama_model_loader: - type iq3_s:   94 tensors
llama_model_loader: - type iq4_xs:    2 tensors
llama_model_loader: - type bf16:   24 tensors
print_info: file format = GGUF V3 (latest)
print_info: file type   = IQ4_XS - 4.25 bpw
print_info: file size   = 87.24 GiB (4.24 BPW) 
llama_prepare_model_devices: using device CUDA0 (NVIDIA GeForce RTX 4080 SUPER) (0000:01:00.0) - 15061 MiB free
init_tokenizer: initializing tokenizer for type 2
load: 0 unused tokens
load: control token: 248062 '<|fim_suffix|>' is not marked as EOG
load: control token: 248072 '<tts_pad>' is not marked as EOG
load: control token: 248050 '<|box_end|>' is not marked as EOG
load: control token: 248048 '<|object_ref_end|>' is not marked as EOG
load: control token: 248055 '<|vision_pad|>' is not marked as EOG
load: control token: 248060 '<|fim_prefix|>' is not marked as EOG
load: control token: 248049 '<|box_start|>' is not marked as EOG
load: control token: 248073 '<tts_text_bos>' is not marked as EOG
load: control token: 248052 '<|quad_end|>' is not marked as EOG
load: control token: 248054 '<|vision_end|>' is not marked as EOG
load: control token: 248075 '<tts_text_bos_single>' is not marked as EOG
load: control token: 248056 '<|image_pad|>' is not marked as EOG
load: control token: 248071 '<|audio_end|>' is not marked as EOG
load: control token: 248045 '<|im_start|>' is not marked as EOG
load: control token: 248047 '<|object_ref_start|>' is not marked as EOG
load: control token: 248051 '<|quad_start|>' is not marked as EOG
load: control token: 248053 '<|vision_start|>' is not marked as EOG
load: control token: 248057 '<|video_pad|>' is not marked as EOG
load: control token: 248061 '<|fim_middle|>' is not marked as EOG
load: control token: 248070 '<|audio_start|>' is not marked as EOG
load: control token: 248074 '<tts_text_eod>' is not marked as EOG
load: control token: 248076 '<|audio_pad|>' is not marked as EOG
load: printing all EOG tokens:
load:   - 248044 ('<|endoftext|>')
load:   - 248046 ('<|im_end|>')
load:   - 248063 ('<|fim_pad|>')
load:   - 248064 ('<|repo_name|>')
load:   - 248065 ('<|file_sep|>')
load: special tokens cache size = 33
load: token to piece cache size = 1.7581 MB
print_info: arch                  = qwen4exp
print_info: vocab_only            = 0
print_info: no_alloc              = 0
print_info: n_ctx_train           = 262144
print_info: n_embd_inp            = 2560
print_info: n_embd                = 2560
print_info: n_embd_out            = 10240
print_info: n_layer               = 48
print_info: n_layer_all           = 48
print_info: n_head                = 24
print_info: n_head_kv             = 2
print_info: n_rot                 = 64
print_info: n_swa                 = 0
print_info: is_swa_any            = 0
print_info: n_embd_head_k         = 256
print_info: n_embd_head_v         = 256
print_info: n_gqa                 = 12
print_info: n_embd_k_gqa          = 512
print_info: n_embd_v_gqa          = 512
print_info: f_norm_eps            = 0.0e+00
print_info: f_norm_rms_eps        = 1.0e-06
print_info: f_clamp_kqv           = 0.0e+00
print_info: f_max_alibi_bias      = 0.0e+00
print_info: f_logit_scale         = 0.0e+00
print_info: f_attn_scale          = 0.0e+00
print_info: f_attn_value_scale    = 0.0000
print_info: n_ff                  = 0
print_info: n_expert              = 512
print_info: n_expert_used         = 10
print_info: n_expert_groups       = 0
print_info: n_group_used          = 0
print_info: causal attn           = 1
print_info: pooling type          = -1
print_info: rope type             = 40
print_info: rope scaling          = linear
print_info: freq_base_train       = 10000000.0
print_info: freq_scale_train      = 1
print_info: n_ctx_orig_yarn       = 262144
print_info: rope_yarn_log_mul     = 0.0000
print_info: rope_finetuned        = unknown
print_info: mrope sections        = [11, 11, 10, 0]
print_info: model type            = A3B
print_info: model params          = 176.94 B
print_info: general.name          = Qwen3.8 Flash Next
print_info: vocab type            = BPE
print_info: n_vocab               = 248320
print_info: n_merges              = 247587
print_info: BOS token             = 248044 '<|endoftext|>'
print_info: EOS token             = 248046 '<|im_end|>'
print_info: EOT token             = 248046 '<|im_end|>'
print_info: PAD token             = 248044 '<|endoftext|>'
print_info: LF token              = 198 'Ċ'
print_info: FIM PRE token         = 248060 '<|fim_prefix|>'
print_info: FIM SUF token         = 248062 '<|fim_suffix|>'
print_info: FIM MID token         = 248061 '<|fim_middle|>'
print_info: FIM PAD token         = 248063 '<|fim_pad|>'
print_info: FIM REP token         = 248064 '<|repo_name|>'
print_info: FIM SEP token         = 248065 '<|file_sep|>'
print_info: EOG token             = 248044 '<|endoftext|>'
print_info: EOG token             = 248046 '<|im_end|>'
print_info: EOG token             = 248063 '<|fim_pad|>'
print_info: EOG token             = 248064 '<|repo_name|>'
print_info: EOG token             = 248065 '<|file_sep|>'
print_info: max token length      = 256
load_tensors: loading model tensors, this can take a while... (load_mode = mmap)
load_tensors: layer   0 assigned to device CUDA0, is_swa = 0
load_tensors: layer   1 assigned to device CUDA0, is_swa = 0
load_tensors: layer   2 assigned to device CUDA0, is_swa = 0
load_tensors: layer   3 assigned to device CUDA0, is_swa = 0
load_tensors: layer   4 assigned to device CUDA0, is_swa = 0
load_tensors: layer   5 assigned to device CUDA0, is_swa = 0
load_tensors: layer   6 assigned to device CUDA0, is_swa = 0
load_tensors: layer   7 assigned to device CUDA0, is_swa = 0
load_tensors: layer   8 assigned to device CUDA0, is_swa = 0
load_tensors: layer   9 assigned to device CUDA0, is_swa = 0
load_tensors: layer  10 assigned to device CUDA0, is_swa = 0
load_tensors: layer  11 assigned to device CUDA0, is_swa = 0
load_tensors: layer  12 assigned to device CUDA0, is_swa = 0
load_tensors: layer  13 assigned to device CUDA0, is_swa = 0
load_tensors: layer  14 assigned to device CUDA0, is_swa = 0
load_tensors: layer  15 assigned to device CUDA0, is_swa = 0
load_tensors: layer  16 assigned to device CUDA0, is_swa = 0
load_tensors: layer  17 assigned to device CUDA0, is_swa = 0
load_tensors: layer  18 assigned to device CUDA0, is_swa = 0
load_tensors: layer  19 assigned to device CUDA0, is_swa = 0
load_tensors: layer  20 assigned to device CUDA0, is_swa = 0
load_tensors: layer  21 assigned to device CUDA0, is_swa = 0
load_tensors: layer  22 assigned to device CUDA0, is_swa = 0
load_tensors: layer  23 assigned to device CUDA0, is_swa = 0
load_tensors: layer  24 assigned to device CUDA0, is_swa = 0
load_tensors: layer  25 assigned to device CUDA0, is_swa = 0
load_tensors: layer  26 assigned to device CUDA0, is_swa = 0
load_tensors: layer  27 assigned to device CUDA0, is_swa = 0
load_tensors: layer  28 assigned to device CUDA0, is_swa = 0
load_tensors: layer  29 assigned to device CUDA0, is_swa = 0
load_tensors: layer  30 assigned to device CUDA0, is_swa = 0
load_tensors: layer  31 assigned to device CUDA0, is_swa = 0
load_tensors: layer  32 assigned to device CUDA0, is_swa = 0
load_tensors: layer  33 assigned to device CUDA0, is_swa = 0
load_tensors: layer  34 assigned to device CUDA0, is_swa = 0
load_tensors: layer  35 assigned to device CUDA0, is_swa = 0
load_tensors: layer  36 assigned to device CUDA0, is_swa = 0
load_tensors: layer  37 assigned to device CUDA0, is_swa = 0
load_tensors: layer  38 assigned to device CUDA0, is_swa = 0
load_tensors: layer  39 assigned to device CUDA0, is_swa = 0
load_tensors: layer  40 assigned to device CUDA0, is_swa = 0
load_tensors: layer  41 assigned to device CUDA0, is_swa = 0
load_tensors: layer  42 assigned to device CUDA0, is_swa = 0
load_tensors: layer  43 assigned to device CUDA0, is_swa = 0
load_tensors: layer  44 assigned to device CUDA0, is_swa = 0
load_tensors: layer  45 assigned to device CUDA0, is_swa = 0
load_tensors: layer  46 assigned to device CUDA0, is_swa = 0
load_tensors: layer  47 assigned to device CUDA0, is_swa = 0
load_tensors: layer  48 assigned to device CUDA0, is_swa = 0
create_tensor: loading tensor token_embd.weight
create_tensor: loading tensor output_hc_norm.weight
create_tensor: loading tensor output_hc_down.weight
create_tensor: loading tensor output_hc_up.weight
create_tensor: loading tensor output.weight
create_tensor: loading tensor per_layer_token_embd.weight
create_tensor: tensor per_layer_token_embd.weight (size = 27465 MiB) lazy read enabled
create_tensor: loading tensor blk.0.hc_attn_norm.weight
create_tensor: loading tensor blk.0.hc_attn_down.weight
create_tensor: loading tensor blk.0.hc_attn_up.weight
create_tensor: loading tensor blk.0.hc_attn_inject.weight
create_tensor: loading tensor blk.0.hc_ffn_norm.weight
create_tensor: loading tensor blk.0.hc_ffn_down.weight
create_tensor: loading tensor blk.0.hc_ffn_up.weight
create_tensor: loading tensor blk.0.hc_ffn_inject.weight
create_tensor: loading tensor blk.0.attn_qkv.weight
create_tensor: loading tensor blk.0.attn_gate.weight
create_tensor: loading tensor blk.0.ssm_conv1d.weight
create_tensor: loading tensor blk.0.ssm_dt.bias
create_tensor: loading tensor blk.0.ssm_a
create_tensor: loading tensor blk.0.ssm_beta.weight
create_tensor: loading tensor blk.0.ssm_alpha.weight
create_tensor: loading tensor blk.0.ssm_norm.weight
create_tensor: loading tensor blk.0.ssm_out.weight
create_tensor: loading tensor blk.0.ffn_gate_inp.weight
create_tensor: loading tensor blk.0.ffn_down_exps.weight
llama_model_loader: tensor overrides to CPU are used with mmap enabled - consider using --load-mode none for better performance
tensor blk.0.ffn_down_exps.weight (450 MiB iq4_nl) buffer type overridden to CUDA_Host
create_tensor: loading tensor blk.0.ffn_gate_up_exps.weight
create_tensor: loading tensor blk.0.ffn_gate_exps.weight
tensor blk.0.ffn_gate_exps.weight (343 MiB iq3_s) buffer type overridden to CUDA_Host
create_tensor: loading tensor blk.0.ffn_up_exps.weight
tensor blk.0.ffn_up_exps.weight (343 MiB iq3_s) buffer type overridden to CUDA_Host
create_tensor: loading tensor blk.0.ffn_gate_inp_shexp.weight
create_tensor: loading tensor blk.0.ffn_gate_shexp.weight
create_tensor: loading tensor blk.0.ffn_up_shexp.weight
create_tensor: loading tensor blk.0.ffn_down_shexp.weight
create_tensor: loading tensor blk.1.hc_attn_norm.weight
create_tensor: loading tensor blk.1.hc_attn_down.weight
create_tensor: loading tensor blk.1.hc_attn_up.weight
create_tensor: loading tensor blk.1.hc_attn_inject.weight
create_tensor: loading tensor blk.1.hc_ffn_norm.weight
create_tensor: loading tensor blk.1.hc_ffn_down.weight
create_tensor: loading tensor blk.1.hc_ffn_up.weight
create_tensor: loading tensor blk.1.hc_ffn_inject.weight
create_tensor: loading tensor blk.1.attn_qkv.weight
create_tensor: loading tensor blk.1.attn_gate.weight
create_tensor: loading tensor blk.1.ssm_conv1d.weight
create_tensor: loading tensor blk.1.ssm_dt.bias
create_tensor: loading tensor blk.1.ssm_a
create_tensor: loading tensor blk.1.ssm_beta.weight
create_tensor: loading tensor blk.1.ssm_alpha.weight
create_tensor: loading tensor blk.1.ssm_norm.weight
create_tensor: loading tensor blk.1.ssm_out.weight
create_tensor: loading tensor blk.1.ple_key.weight
create_tensor: loading tensor blk.1.ple_value.weight
create_tensor: loading tensor blk.1.ple_norm_key.weight
create_tensor: loading tensor blk.1.ple_norm_query.weight
create_tensor: loading tensor blk.1.ple_norm_conv.weight
create_tensor: loading tensor blk.1.ple_conv1d.weight
create_tensor: loading tensor blk.1.ffn_gate_inp.weight
create_tensor: loading tensor blk.1.ffn_down_exps.weight
tensor blk.1.ffn_down_exps.weight (450 MiB iq4_nl) buffer type overridden to CUDA_Host
create_tensor: loading tensor blk.1.ffn_gate_up_exps.weight
create_tensor: loading tensor blk.1.ffn_gate_exps.weight
tensor blk.1.ffn_gate_exps.weight (343 MiB iq3_s) buffer type overridden to CUDA_Host
create_tensor: loading tensor blk.1.ffn_up_exps.weight
tensor blk.1.ffn_up_exps.weight (343 MiB iq3_s) buffer type overridden to CUDA_Host
create_tensor: loading tensor blk.1.ffn_gate_inp_shexp.weight
create_tensor: loading tensor blk.1.ffn_gate_shexp.weight
create_tensor: loading tensor blk.1.ffn_up_shexp.weight
create_tensor: loading tensor blk.1.ffn_down_shexp.weight
create_tensor: loading tensor blk.2.hc_attn_norm.weight
create_tensor: loading tensor blk.2.hc_attn_down.weight
create_tensor: loading tensor blk.2.hc_attn_up.weight
create_tensor: loading tensor blk.2.hc_attn_inject.weight
create_tensor: loading tensor blk.2.hc_ffn_norm.weight
create_tensor: loading tensor blk.2.hc_ffn_down.weight
create_tensor: loading tensor blk.2.hc_ffn_up.weight
create_tensor: loading tensor blk.2.hc_ffn_inject.weight
create_tensor: loading tensor blk.2.attn_qkv.weight
create_tensor: loading tensor blk.2.attn_gate.weight
create_tensor: loading tensor blk.2.ssm_conv1d.weight
create_tensor: loading tensor blk.2.ssm_dt.bias
create_tensor: loading tensor blk.2.ssm_a
create_tensor: loading tensor blk.2.ssm_beta.weight
create_tensor: loading tensor blk.2.ssm_alpha.weight
create_tensor: loading tensor blk.2.ssm_norm.weight
create_tensor: loading tensor blk.2.ssm_out.weight
create_tensor: loading tensor blk.2.ffn_gate_inp.weight
create_tensor: loading tensor blk.2.ffn_down_exps.weight
tensor blk.2.ffn_down_exps.weight (850 MiB q8_0) buffer type overridden to CUDA_Host
create_tensor: loading tensor blk.2.ffn_gate_up_exps.weight
create_tensor: loading tensor blk.2.ffn_gate_exps.weight
tensor blk.2.ffn_gate_exps.weight (425 MiB iq4_xs) buffer type overridden to CUDA_Host
create_tensor: loading tensor blk.2.ffn_up_exps.weight
tensor blk.2.ffn_up_exps.weight (425 MiB iq4_xs) buffer type overridden to CUDA_Host
create_tensor: loading tensor blk.2.ffn_gate_inp_shexp.weight
create_tensor: loading tensor blk.2.ffn_gate_shexp.weight
create_tensor: loading tensor blk.2.ffn_up_shexp.weight
create_tensor: loading tensor blk.2.ffn_down_shexp.weight
create_tensor: loading tensor blk.3.hc_attn_norm.weight
create_tensor: loading tensor blk.3.hc_attn_down.weight
create_tensor: loading tensor blk.3.hc_attn_up.weight
create_tensor: loading tensor blk.3.hc_attn_inject.weight
create_tensor: loading tensor blk.3.hc_ffn_norm.weight
create_tensor: loading tensor blk.3.hc_ffn_down.weight
create_tensor: loading tensor blk.3.hc_ffn_up.weight
create_tensor: loading tensor blk.3.hc_ffn_inject.weight
create_tensor: loading tensor blk.3.attn_qkv.weight
create_tensor: loading tensor blk.3.attn_q.weight
create_tensor: loading tensor blk.3.attn_k.weight
create_tensor: loading tensor blk.3.attn_v.weight
create_tensor: loading tensor blk.3.attn_q.bias
create_tensor: loading tensor blk.3.attn_k.bias
create_tensor: loading tensor blk.3.attn_v.bias
create_tensor: loading tensor blk.3.attn_output.weight
create_tensor: loading tensor blk.3.attn_q_norm.weight
create_tensor: loading tensor blk.3.attn_k_norm.weight
create_tensor: loading tensor blk.3.indexer.q_proj.weight
create_tensor: loading tensor blk.3.indexer.k_proj.weight
create_tensor: loading tensor blk.3.indexer.q_norm.weight
create_tensor: loading tensor blk.3.indexer.k_norm.weight
create_tensor: loading tensor blk.3.ffn_gate_inp.weight
create_tensor: loading tensor blk.3.ffn_down_exps.weight
tensor blk.3.ffn_down_exps.weight (450 MiB iq4_nl) buffer type overridden to CUDA_Host
create_tensor: loading tensor blk.3.ffn_gate_up_exps.weight
create_tensor: loading tensor blk.3.ffn_gate_exps.weight
tensor blk.3.ffn_gate_exps.weight (343 MiB iq3_s) buffer type overridden to CUDA_Host
create_tensor: loading tensor blk.3.ffn_up_exps.weight
tensor blk.3.ffn_up_exps.weight (343 MiB iq3_s) buffer type overridden to CUDA_Host
create_tensor: loading tensor blk.3.ffn_gate_inp_shexp.weight
create_tensor: loading tensor blk.3.ffn_gate_shexp.weight
create_tensor: loading tensor blk.3.ffn_up_shexp.weight
create_tensor: loading tensor blk.3.ffn_down_shexp.weight
create_tensor: loading tensor blk.4.hc_attn_norm.weight
create_tensor: loading tensor blk.4.hc_attn_down.weight
create_tensor: loading tensor blk.4.hc_attn_up.weight
create_tensor: loading tensor blk.4.hc_attn_inject.weight
create_tensor: loading tensor blk.4.hc_ffn_norm.weight
create_tensor: loading tensor blk.4.hc_ffn_down.weight
create_tensor: loading tensor blk.4.hc_ffn_up.weight
create_tensor: loading tensor blk.4.hc_ffn_inject.weight
create_tensor: loading tensor blk.4.attn_qkv.weight
create_tensor: loading tensor blk.4.attn_gate.weight
create_tensor: loading tensor blk.4.ssm_conv1d.weight
create_tensor: loading tensor blk.4.ssm_dt.bias
create_tensor: loading tensor blk.4.ssm_a
create_tensor: loading tensor blk.4.ssm_beta.weight
create_tensor: loading tensor blk.4.ssm_alpha.weight
create_tensor: loading tensor blk.4.ssm_norm.weight
create_tensor: loading tensor blk.4.ssm_out.weight
create_tensor: loading tensor blk.4.ffn_gate_inp.weight
create_tensor: loading tensor blk.4.ffn_down_exps.weight
tensor blk.4.ffn_down_exps.weight (850 MiB q8_0) buffer type overridden to CUDA_Host
create_tensor: loading tensor blk.4.ffn_gate_up_exps.weight
create_tensor: loading tensor blk.4.ffn_gate_exps.weight
tensor blk.4.ffn_gate_exps.weight (343 MiB iq3_s) buffer type overridden to CUDA_Host
create_tensor: loading tensor blk.4.ffn_up_exps.weight
tensor blk.4.ffn_up_exps.weight (343 MiB iq3_s) buffer type overridden to CUDA_Host
create_tensor: loading tensor blk.4.ffn_gate_inp_shexp.weight
create_tensor: loading tensor blk.4.ffn_gate_shexp.weight
create_tensor: loading tensor blk.4.ffn_up_shexp.weight
create_tensor: loading tensor blk.4.ffn_down_shexp.weight
create_tensor: loading tensor blk.5.hc_attn_norm.weight
create_tensor: loading tensor blk.5.hc_attn_down.weight
create_tensor: loading tensor blk.5.hc_attn_up.weight
create_tensor: loading tensor blk.5.hc_attn_inject.weight
create_tensor: loading tensor blk.5.hc_ffn_norm.weight
create_tensor: loading tensor blk.5.hc_ffn_down.weight
create_tensor: loading tensor blk.5.hc_ffn_up.weight
create_tensor: loading tensor blk.5.hc_ffn_inject.weight
create_tensor: loading tensor blk.5.attn_qkv.weight
create_tensor: loading tensor blk.5.attn_gate.weight
create_tensor: loading tensor blk.5.ssm_conv1d.weight
create_tensor: loading tensor blk.5.ssm_dt.bias
create_tensor: loading tensor blk.5.ssm_a
create_tensor: loading tensor blk.5.ssm_beta.weight
create_tensor: loading tensor blk.5.ssm_alpha.weight
create_tensor: loading tensor blk.5.ssm_norm.weight
create_tensor: loading tensor blk.5.ssm_out.weight
create_tensor: loading tensor blk.5.ffn_gate_inp.weight
create_tensor: loading tensor blk.5.ffn_down_exps.weight
tensor blk.5.ffn_down_exps.weight (450 MiB iq4_nl) buffer type overridden to CUDA_Host
create_tensor: loading tensor blk.5.ffn_gate_up_exps.weight
create_tensor: loading tensor blk.5.ffn_gate_exps.weight
tensor blk.5.ffn_gate_exps.weight (343 MiB iq3_s) buffer type overridden to CUDA_Host
create_tensor: loading tensor blk.5.ffn_up_exps.weight
tensor blk.5.ffn_up_exps.weight (343 MiB iq3_s) buffer type overridden to CUDA_Host
create_tensor: loading tensor blk.5.ffn_gate_inp_shexp.weight
create_tensor: loading tensor blk.5.ffn_gate_shexp.weight
create_tensor: loading tensor blk.5.ffn_up_shexp.weight
create_tensor: loading tensor blk.5.ffn_down_shexp.weight
create_tensor: loading tensor blk.6.hc_attn_norm.weight
create_tensor: loading tensor blk.6.hc_attn_down.weight
create_tensor: loading tensor blk.6.hc_attn_up.weight
create_tensor: loading tensor blk.6.hc_attn_inject.weight
create_tensor: loading tensor blk.6.hc_ffn_norm.weight
create_tensor: loading tensor blk.6.hc_ffn_down.weight
create_tensor: loading tensor blk.6.hc_ffn_up.weight
create_tensor: loading tensor blk.6.hc_ffn_inject.weight
create_tensor: loading tensor blk.6.attn_qkv.weight
create_tensor: loading tensor blk.6.attn_gate.weight
create_tensor: loading tensor blk.6.ssm_conv1d.weight
create_tensor: loading tensor blk.6.ssm_dt.bias
create_tensor: loading tensor blk.6.ssm_a
create_tensor: loading tensor blk.6.ssm_beta.weight
create_tensor: loading tensor blk.6.ssm_alpha.weight
create_tensor: loading tensor blk.6.ssm_norm.weight
create_tensor: loading tensor blk.6.ssm_out.weight
create_tensor: loading tensor blk.6.ffn_gate_inp.weight
create_tensor: loading tensor blk.6.ffn_down_exps.weight
tensor blk.6.ffn_down_exps.weight (450 MiB iq4_nl) buffer type overridden to CUDA_Host
create_tensor: loading tensor blk.6.ffn_gate_up_exps.weight
create_tensor: loading tensor blk.6.ffn_gate_exps.weight
tensor blk.6.ffn_gate_exps.weight (343 MiB iq3_s) buffer type overridden to CUDA_Host
create_tensor: loading tensor blk.6.ffn_up_exps.weight
tensor blk.6.ffn_up_exps.weight (343 MiB iq3_s) buffer type overridden to CUDA_Host
create_tensor: loading tensor blk.6.ffn_gate_inp_shexp.weight
create_tensor: loading tensor blk.6.ffn_gate_shexp.weight
create_tensor: loading tensor blk.6.ffn_up_shexp.weight
create_tensor: loading tensor blk.6.ffn_down_shexp.weight
create_tensor: loading tensor blk.7.hc_attn_norm.weight
create_tensor: loading tensor blk.7.hc_attn_down.weight
create_tensor: loading tensor blk.7.hc_attn_up.weight
create_tensor: loading tensor blk.7.hc_attn_inject.weight
create_tensor: loading tensor blk.7.hc_ffn_norm.weight
create_tensor: loading tensor blk.7.hc_ffn_down.weight
create_tensor: loading tensor blk.7.hc_ffn_up.weight
create_tensor: loading tensor blk.7.hc_ffn_inject.weight
create_tensor: loading tensor blk.7.attn_qkv.weight
create_tensor: loading tensor blk.7.attn_q.weight
create_tensor: loading tensor blk.7.attn_k.weight
create_tensor: loading tensor blk.7.attn_v.weight
create_tensor: loading tensor blk.7.attn_q.bias
create_tensor: loading tensor blk.7.attn_k.bias
create_tensor: loading tensor blk.7.attn_v.bias
create_tensor: loading tensor blk.7.attn_output.weight
create_tensor: loading tensor blk.7.attn_q_norm.weight
create_tensor: loading tensor blk.7.attn_k_norm.weight
create_tensor: loading tensor blk.7.indexer.q_proj.weight
create_tensor: loading tensor blk.7.indexer.k_proj.weight
create_tensor: loading tensor blk.7.indexer.q_norm.weight
create_tensor: loading tensor blk.7.indexer.k_norm.weight
create_tensor: loading tensor blk.7.ffn_gate_inp.weight
create_tensor: loading tensor blk.7.ffn_down_exps.weight
tensor blk.7.ffn_down_exps.weight (450 MiB iq4_nl) buffer type overridden to CUDA_Host
create_tensor: loading tensor blk.7.ffn_gate_up_exps.weight
create_tensor: loading tensor blk.7.ffn_gate_exps.weight
tensor blk.7.ffn_gate_exps.weight (343 MiB iq3_s) buffer type overridden to CUDA_Host
create_tensor: loading tensor blk.7.ffn_up_exps.weight
tensor blk.7.ffn_up_exps.weight (343 MiB iq3_s) buffer type overridden to CUDA_Host
create_tensor: loading tensor blk.7.ffn_gate_inp_shexp.weight
create_tensor: loading tensor blk.7.ffn_gate_shexp.weight
create_tensor: loading tensor blk.7.ffn_up_shexp.weight
create_tensor: loading tensor blk.7.ffn_down_shexp.weight
create_tensor: loading tensor blk.8.hc_attn_norm.weight
create_tensor: loading tensor blk.8.hc_attn_down.weight
create_tensor: loading tensor blk.8.hc_attn_up.weight
create_tensor: loading tensor blk.8.hc_attn_inject.weight
create_tensor: loading tensor blk.8.hc_ffn_norm.weight
create_tensor: loading tensor blk.8.hc_ffn_down.weight
create_tensor: loading tensor blk.8.hc_ffn_up.weight
create_tensor: loading tensor blk.8.hc_ffn_inject.weight
create_tensor: loading tensor blk.8.attn_qkv.weight
create_tensor: loading tensor blk.8.attn_gate.weight
create_tensor: loading tensor blk.8.ssm_conv1d.weight
create_tensor: loading tensor blk.8.ssm_dt.bias
create_tensor: loading tensor blk.8.ssm_a
create_tensor: loading tensor blk.8.ssm_beta.weight
create_tensor: loading tensor blk.8.ssm_alpha.weight
create_tensor: loading tensor blk.8.ssm_norm.weight
create_tensor: loading tensor blk.8.ssm_out.weight
create_tensor: loading tensor blk.8.ffn_gate_inp.weight
create_tensor: loading tensor blk.8.ffn_down_exps.weight
tensor blk.8.ffn_down_exps.weight (450 MiB iq4_nl) buffer type overridden to CUDA_Host
create_tensor: loading tensor blk.8.ffn_gate_up_exps.weight
create_tensor: loading tensor blk.8.ffn_gate_exps.weight
tensor blk.8.ffn_gate_exps.weight (343 MiB iq3_s) buffer type overridden to CUDA_Host
create_tensor: loading tensor blk.8.ffn_up_exps.weight
tensor blk.8.ffn_up_exps.weight (343 MiB iq3_s) buffer type overridden to CUDA_Host
create_tensor: loading tensor blk.8.ffn_gate_inp_shexp.weight
create_tensor: loading tensor blk.8.ffn_gate_shexp.weight
create_tensor: loading tensor blk.8.ffn_up_shexp.weight
create_tensor: loading tensor blk.8.ffn_down_shexp.weight
create_tensor: loading tensor blk.9.hc_attn_norm.weight
create_tensor: loading tensor blk.9.hc_attn_down.weight
create_tensor: loading tensor blk.9.hc_attn_up.weight
create_tensor: loading tensor blk.9.hc_attn_inject.weight
create_tensor: loading tensor blk.9.hc_ffn_norm.weight
create_tensor: loading tensor blk.9.hc_ffn_down.weight
create_tensor: loading tensor blk.9.hc_ffn_up.weight
create_tensor: loading tensor blk.9.hc_ffn_inject.weight
create_tensor: loading tensor blk.9.attn_qkv.weight
create_tensor: loading tensor blk.9.attn_gate.weight
create_tensor: loading tensor blk.9.ssm_conv1d.weight
create_tensor: loading tensor blk.9.ssm_dt.bias
create_tensor: loading tensor blk.9.ssm_a
create_tensor: loading tensor blk.9.ssm_beta.weight
create_tensor: loading tensor blk.9.ssm_alpha.weight
create_tensor: loading tensor blk.9.ssm_norm.weight
create_tensor: loading tensor blk.9.ssm_out.weight
create_tensor: loading tensor blk.9.ffn_gate_inp.weight
create_tensor: loading tensor blk.9.ffn_down_exps.weight
tensor blk.9.ffn_down_exps.weight (450 MiB iq4_nl) buffer type overridden to CUDA_Host
create_tensor: loading tensor blk.9.ffn_gate_up_exps.weight
create_tensor: loading tensor blk.9.ffn_gate_exps.weight
tensor blk.9.ffn_gate_exps.weight (343 MiB iq3_s) buffer type overridden to CUDA_Host
create_tensor: loading tensor blk.9.ffn_up_exps.weight
tensor blk.9.ffn_up_exps.weight (343 MiB iq3_s) buffer type overridden to CUDA_Host
create_tensor: loading tensor blk.9.ffn_gate_inp_shexp.weight
create_tensor: loading tensor blk.9.ffn_gate_shexp.weight
create_tensor: loading tensor blk.9.ffn_up_shexp.weight
create_tensor: loading tensor blk.9.ffn_down_shexp.weight
create_tensor: loading tensor blk.10.hc_attn_norm.weight
create_tensor: loading tensor blk.10.hc_attn_down.weight
create_tensor: loading tensor blk.10.hc_attn_up.weight
create_tensor: loading tensor blk.10.hc_attn_inject.weight
create_tensor: loading tensor blk.10.hc_ffn_norm.weight
create_tensor: loading tensor blk.10.hc_ffn_down.weight
create_tensor: loading tensor blk.10.hc_ffn_up.weight
create_tensor: loading tensor blk.10.hc_ffn_inject.weight
create_tensor: loading tensor blk.10.attn_qkv.weight
create_tensor: loading tensor blk.10.attn_gate.weight
create_tensor: loading tensor blk.10.ssm_conv1d.weight
create_tensor: loading tensor blk.10.ssm_dt.bias
create_tensor: loading tensor blk.10.ssm_a
create_tensor: loading tensor blk.10.ssm_beta.weight
create_tensor: loading tensor blk.10.ssm_alpha.weight
create_tensor: loading tensor blk.10.ssm_norm.weight
create_tensor: loading tensor blk.10.ssm_out.weight
create_tensor: loading tensor blk.10.ffn_gate_inp.weight
create_tensor: loading tensor blk.10.ffn_down_exps.weight
tensor blk.10.ffn_down_exps.weight (450 MiB iq4_nl) buffer type overridden to CUDA_Host
create_tensor: loading tensor blk.10.ffn_gate_up_exps.weight
create_tensor: loading tensor blk.10.ffn_gate_exps.weight
tensor blk.10.ffn_gate_exps.weight (343 MiB iq3_s) buffer type overridden to CUDA_Host
create_tensor: loading tensor blk.10.ffn_up_exps.weight
tensor blk.10.ffn_up_exps.weight (343 MiB iq3_s) buffer type overridden to CUDA_Host
create_tensor: loading tensor blk.10.ffn_gate_inp_shexp.weight
create_tensor: loading tensor blk.10.ffn_gate_shexp.weight
create_tensor: loading tensor blk.10.ffn_up_shexp.weight
create_tensor: loading tensor blk.10.ffn_down_shexp.weight
create_tensor: loading tensor blk.11.hc_attn_norm.weight
create_tensor: loading tensor blk.11.hc_attn_down.weight
create_tensor: loading tensor blk.11.hc_attn_up.weight
create_tensor: loading tensor blk.11.hc_attn_inject.weight
create_tensor: loading tensor blk.11.hc_ffn_norm.weight
create_tensor: loading tensor blk.11.hc_ffn_down.weight
create_tensor: loading tensor blk.11.hc_ffn_up.weight
create_tensor: loading tensor blk.11.hc_ffn_inject.weight
create_tensor: loading tensor blk.11.attn_qkv.weight
create_tensor: loading tensor blk.11.attn_q.weight
create_tensor: loading tensor blk.11.attn_k.weight
create_tensor: loading tensor blk.11.attn_v.weight
create_tensor: loading tensor blk.11.attn_q.bias
create_tensor: loading tensor blk.11.attn_k.bias
create_tensor: loading tensor blk.11.attn_v.bias
create_tensor: loading tensor blk.11.attn_output.weight
create_tensor: loading tensor blk.11.attn_q_norm.weight
create_tensor: loading tensor blk.11.attn_k_norm.weight
create_tensor: loading tensor blk.11.indexer.q_proj.weight
create_tensor: loading tensor blk.11.indexer.k_proj.weight
create_tensor: loading tensor blk.11.indexer.q_norm.weight
create_tensor: loading tensor blk.11.indexer.k_norm.weight
create_tensor: loading tensor blk.11.ffn_gate_inp.weight
create_tensor: loading tensor blk.11.ffn_down_exps.weight
tensor blk.11.ffn_down_exps.weight (450 MiB iq4_nl) buffer type overridden to CUDA_Host
create_tensor: loading tensor blk.11.ffn_gate_up_exps.weight
create_tensor: loading tensor blk.11.ffn_gate_exps.weight
tensor blk.11.ffn_gate_exps.weight (343 MiB iq3_s) buffer type overridden to CUDA_Host
create_tensor: loading tensor blk.11.ffn_up_exps.weight
tensor blk.11.ffn_up_exps.weight (343 MiB iq3_s) buffer type overridden to CUDA_Host
create_tensor: loading tensor blk.11.ffn_gate_inp_shexp.weight
create_tensor: loading tensor blk.11.ffn_gate_shexp.weight
create_tensor: loading tensor blk.11.ffn_up_shexp.weight
create_tensor: loading tensor blk.11.ffn_down_shexp.weight
create_tensor: loading tensor blk.12.hc_attn_norm.weight
create_tensor: loading tensor blk.12.hc_attn_down.weight
create_tensor: loading tensor blk.12.hc_attn_up.weight
create_tensor: loading tensor blk.12.hc_attn_inject.weight
create_tensor: loading tensor blk.12.hc_ffn_norm.weight
create_tensor: loading tensor blk.12.hc_ffn_down.weight
create_tensor: loading tensor blk.12.hc_ffn_up.weight
create_tensor: loading tensor blk.12.hc_ffn_inject.weight
create_tensor: loading tensor blk.12.attn_qkv.weight
create_tensor: loading tensor blk.12.attn_gate.weight
create_tensor: loading tensor blk.12.ssm_conv1d.weight
create_tensor: loading tensor blk.12.ssm_dt.bias
create_tensor: loading tensor blk.12.ssm_a
create_tensor: loading tensor blk.12.ssm_beta.weight
create_tensor: loading tensor blk.12.ssm_alpha.weight
create_tensor: loading tensor blk.12.ssm_norm.weight
create_tensor: loading tensor blk.12.ssm_out.weight
create_tensor: loading tensor blk.12.ffn_gate_inp.weight
create_tensor: loading tensor blk.12.ffn_down_exps.weight
tensor blk.12.ffn_down_exps.weight (450 MiB iq4_nl) buffer type overridden to CUDA_Host
create_tensor: loading tensor blk.12.ffn_gate_up_exps.weight
create_tensor: loading tensor blk.12.ffn_gate_exps.weight
tensor blk.12.ffn_gate_exps.weight (343 MiB iq3_s) buffer type overridden to CUDA_Host
create_tensor: loading tensor blk.12.ffn_up_exps.weight
tensor blk.12.ffn_up_exps.weight (343 MiB iq3_s) buffer type overridden to CUDA_Host
create_tensor: loading tensor blk.12.ffn_gate_inp_shexp.weight
create_tensor: loading tensor blk.12.ffn_gate_shexp.weight
create_tensor: loading tensor blk.12.ffn_up_shexp.weight
create_tensor: loading tensor blk.12.ffn_down_shexp.weight
create_tensor: loading tensor blk.13.hc_attn_norm.weight
create_tensor: loading tensor blk.13.hc_attn_down.weight
create_tensor: loading tensor blk.13.hc_attn_up.weight
create_tensor: loading tensor blk.13.hc_attn_inject.weight
create_tensor: loading tensor blk.13.hc_ffn_norm.weight
create_tensor: loading tensor blk.13.hc_ffn_down.weight
create_tensor: loading tensor blk.13.hc_ffn_up.weight
create_tensor: loading tensor blk.13.hc_ffn_inject.weight
create_tensor: loading tensor blk.13.attn_qkv.weight
create_tensor: loading tensor blk.13.attn_gate.weight
create_tensor: loading tensor blk.13.ssm_conv1d.weight
create_tensor: loading tensor blk.13.ssm_dt.bias
create_tensor: loading tensor blk.13.ssm_a
create_tensor: loading tensor blk.13.ssm_beta.weight
create_tensor: loading tensor blk.13.ssm_alpha.weight
create_tensor: loading tensor blk.13.ssm_norm.weight
create_tensor: loading tensor blk.13.ssm_out.weight
create_tensor: loading tensor blk.13.ffn_gate_inp.weight
create_tensor: loading tensor blk.13.ffn_down_exps.weight
tensor blk.13.ffn_down_exps.weight (450 MiB iq4_nl) buffer type overridden to CUDA_Host
create_tensor: loading tensor blk.13.ffn_gate_up_exps.weight
create_tensor: loading tensor blk.13.ffn_gate_exps.weight
tensor blk.13.ffn_gate_exps.weight (343 MiB iq3_s) buffer type overridden to CUDA_Host
create_tensor: loading tensor blk.13.ffn_up_exps.weight
tensor blk.13.ffn_up_exps.weight (343 MiB iq3_s) buffer type overridden to CUDA_Host
create_tensor: loading tensor blk.13.ffn_gate_inp_shexp.weight
create_tensor: loading tensor blk.13.ffn_gate_shexp.weight
create_tensor: loading tensor blk.13.ffn_up_shexp.weight
create_tensor: loading tensor blk.13.ffn_down_shexp.weight
create_tensor: loading tensor blk.14.hc_attn_norm.weight
create_tensor: loading tensor blk.14.hc_attn_down.weight
create_tensor: loading tensor blk.14.hc_attn_up.weight
create_tensor: loading tensor blk.14.hc_attn_inject.weight
create_tensor: loading tensor blk.14.hc_ffn_norm.weight
create_tensor: loading tensor blk.14.hc_ffn_down.weight
create_tensor: loading tensor blk.14.hc_ffn_up.weight
create_tensor: loading tensor blk.14.hc_ffn_inject.weight
create_tensor: loading tensor blk.14.attn_qkv.weight
create_tensor: loading tensor blk.14.attn_gate.weight
create_tensor: loading tensor blk.14.ssm_conv1d.weight
create_tensor: loading tensor blk.14.ssm_dt.bias
create_tensor: loading tensor blk.14.ssm_a
create_tensor: loading tensor blk.14.ssm_beta.weight
create_tensor: loading tensor blk.14.ssm_alpha.weight
create_tensor: loading tensor blk.14.ssm_norm.weight
create_tensor: loading tensor blk.14.ssm_out.weight
create_tensor: loading tensor blk.14.ffn_gate_inp.weight
create_tensor: loading tensor blk.14.ffn_down_exps.weight
tensor blk.14.ffn_down_exps.weight (450 MiB iq4_nl) buffer type overridden to CUDA_Host
create_tensor: loading tensor blk.14.ffn_gate_up_exps.weight
create_tensor: loading tensor blk.14.ffn_gate_exps.weight
tensor blk.14.ffn_gate_exps.weight (343 MiB iq3_s) buffer type overridden to CUDA_Host
create_tensor: loading tensor blk.14.ffn_up_exps.weight
tensor blk.14.ffn_up_exps.weight (343 MiB iq3_s) buffer type overridden to CUDA_Host
create_tensor: loading tensor blk.14.ffn_gate_inp_shexp.weight
create_tensor: loading tensor blk.14.ffn_gate_shexp.weight
create_tensor: loading tensor blk.14.ffn_up_shexp.weight
create_tensor: loading tensor blk.14.ffn_down_shexp.weight
create_tensor: loading tensor blk.15.hc_attn_norm.weight
create_tensor: loading tensor blk.15.hc_attn_down.weight
create_tensor: loading tensor blk.15.hc_attn_up.weight
create_tensor: loading tensor blk.15.hc_attn_inject.weight
create_tensor: loading tensor blk.15.hc_ffn_norm.weight
create_tensor: loading tensor blk.15.hc_ffn_down.weight
create_tensor: loading tensor blk.15.hc_ffn_up.weight
create_tensor: loading tensor blk.15.hc_ffn_inject.weight
create_tensor: loading tensor blk.15.attn_qkv.weight
create_tensor: loading tensor blk.15.attn_q.weight
create_tensor: loading tensor blk.15.attn_k.weight
create_tensor: loading tensor blk.15.attn_v.weight
create_tensor: loading tensor blk.15.attn_q.bias
create_tensor: loading tensor blk.15.attn_k.bias
create_tensor: loading tensor blk.15.attn_v.bias
create_tensor: loading tensor blk.15.attn_output.weight
create_tensor: loading tensor blk.15.attn_q_norm.weight
create_tensor: loading tensor blk.15.attn_k_norm.weight
create_tensor: loading tensor blk.15.indexer.q_proj.weight
create_tensor: loading tensor blk.15.indexer.k_proj.weight
create_tensor: loading tensor blk.15.indexer.q_norm.weight
create_tensor: loading tensor blk.15.indexer.k_norm.weight
create_tensor: loading tensor blk.15.ffn_gate_inp.weight
create_tensor: loading tensor blk.15.ffn_down_exps.weight
tensor blk.15.ffn_down_exps.weight (450 MiB iq4_nl) buffer type overridden to CUDA_Host
create_tensor: loading tensor blk.15.ffn_gate_up_exps.weight
create_tensor: loading tensor blk.15.ffn_gate_exps.weight
tensor blk.15.ffn_gate_exps.weight (343 MiB iq3_s) buffer type overridden to CUDA_Host
create_tensor: loading tensor blk.15.ffn_up_exps.weight
tensor blk.15.ffn_up_exps.weight (343 MiB iq3_s) buffer type overridden to CUDA_Host
create_tensor: loading tensor blk.15.ffn_gate_inp_shexp.weight
create_tensor: loading tensor blk.15.ffn_gate_shexp.weight
create_tensor: loading tensor blk.15.ffn_up_shexp.weight
create_tensor: loading tensor blk.15.ffn_down_shexp.weight
create_tensor: loading tensor blk.16.hc_attn_norm.weight
create_tensor: loading tensor blk.16.hc_attn_down.weight
create_tensor: loading tensor blk.16.hc_attn_up.weight
create_tensor: loading tensor blk.16.hc_attn_inject.weight
create_tensor: loading tensor blk.16.hc_ffn_norm.weight
create_tensor: loading tensor blk.16.hc_ffn_down.weight
create_tensor: loading tensor blk.16.hc_ffn_up.weight
create_tensor: loading tensor blk.16.hc_ffn_inject.weight
create_tensor: loading tensor blk.16.attn_qkv.weight
create_tensor: loading tensor blk.16.attn_gate.weight
create_tensor: loading tensor blk.16.ssm_conv1d.weight
create_tensor: loading tensor blk.16.ssm_dt.bias
create_tensor: loading tensor blk.16.ssm_a
create_tensor: loading tensor blk.16.ssm_beta.weight
create_tensor: loading tensor blk.16.ssm_alpha.weight
create_tensor: loading tensor blk.16.ssm_norm.weight
create_tensor: loading tensor blk.16.ssm_out.weight
create_tensor: loading tensor blk.16.ffn_gate_inp.weight
create_tensor: loading tensor blk.16.ffn_down_exps.weight
tensor blk.16.ffn_down_exps.weight (450 MiB iq4_nl) buffer type overridden to CUDA_Host
create_tensor: loading tensor blk.16.ffn_gate_up_exps.weight
create_tensor: loading tensor blk.16.ffn_gate_exps.weight
tensor blk.16.ffn_gate_exps.weight (343 MiB iq3_s) buffer type overridden to CUDA_Host
create_tensor: loading tensor blk.16.ffn_up_exps.weight
tensor blk.16.ffn_up_exps.weight (343 MiB iq3_s) buffer type overridden to CUDA_Host
create_tensor: loading tensor blk.16.ffn_gate_inp_shexp.weight
create_tensor: loading tensor blk.16.ffn_gate_shexp.weight
create_tensor: loading tensor blk.16.ffn_up_shexp.weight
create_tensor: loading tensor blk.16.ffn_down_shexp.weight
create_tensor: loading tensor blk.17.hc_attn_norm.weight
create_tensor: loading tensor blk.17.hc_attn_down.weight
create_tensor: loading tensor blk.17.hc_attn_up.weight
create_tensor: loading tensor blk.17.hc_attn_inject.weight
create_tensor: loading tensor blk.17.hc_ffn_norm.weight
create_tensor: loading tensor blk.17.hc_ffn_down.weight
create_tensor: loading tensor blk.17.hc_ffn_up.weight
create_tensor: loading tensor blk.17.hc_ffn_inject.weight
create_tensor: loading tensor blk.17.attn_qkv.weight
create_tensor: loading tensor blk.17.attn_gate.weight
create_tensor: loading tensor blk.17.ssm_conv1d.weight
create_tensor: loading tensor blk.17.ssm_dt.bias
create_tensor: loading tensor blk.17.ssm_a
create_tensor: loading tensor blk.17.ssm_beta.weight
create_tensor: loading tensor blk.17.ssm_alpha.weight
create_tensor: loading tensor blk.17.ssm_norm.weight
create_tensor: loading tensor blk.17.ssm_out.weight
create_tensor: loading tensor blk.17.ffn_gate_inp.weight
create_tensor: loading tensor blk.17.ffn_down_exps.weight
tensor blk.17.ffn_down_exps.weight (450 MiB iq4_nl) buffer type overridden to CUDA_Host
create_tensor: loading tensor blk.17.ffn_gate_up_exps.weight
create_tensor: loading tensor blk.17.ffn_gate_exps.weight
tensor blk.17.ffn_gate_exps.weight (343 MiB iq3_s) buffer type overridden to CUDA_Host
create_tensor: loading tensor blk.17.ffn_up_exps.weight
tensor blk.17.ffn_up_exps.weight (343 MiB iq3_s) buffer type overridden to CUDA_Host
create_tensor: loading tensor blk.17.ffn_gate_inp_shexp.weight
create_tensor: loading tensor blk.17.ffn_gate_shexp.weight
create_tensor: loading tensor blk.17.ffn_up_shexp.weight
create_tensor: loading tensor blk.17.ffn_down_shexp.weight
create_tensor: loading tensor blk.18.hc_attn_norm.weight
create_tensor: loading tensor blk.18.hc_attn_down.weight
create_tensor: loading tensor blk.18.hc_attn_up.weight
create_tensor: loading tensor blk.18.hc_attn_inject.weight
create_tensor: loading tensor blk.18.hc_ffn_norm.weight
create_tensor: loading tensor blk.18.hc_ffn_down.weight
create_tensor: loading tensor blk.18.hc_ffn_up.weight
create_tensor: loading tensor blk.18.hc_ffn_inject.weight
create_tensor: loading tensor blk.18.attn_qkv.weight
create_tensor: loading tensor blk.18.attn_gate.weight
create_tensor: loading tensor blk.18.ssm_conv1d.weight
create_tensor: loading tensor blk.18.ssm_dt.bias
create_tensor: loading tensor blk.18.ssm_a
create_tensor: loading tensor blk.18.ssm_beta.weight
create_tensor: loading tensor blk.18.ssm_alpha.weight
create_tensor: loading tensor blk.18.ssm_norm.weight
create_tensor: loading tensor blk.18.ssm_out.weight
create_tensor: loading tensor blk.18.ffn_gate_inp.weight
create_tensor: loading tensor blk.18.ffn_down_exps.weight
tensor blk.18.ffn_down_exps.weight (450 MiB iq4_nl) buffer type overridden to CUDA_Host
create_tensor: loading tensor blk.18.ffn_gate_up_exps.weight
create_tensor: loading tensor blk.18.ffn_gate_exps.weight
tensor blk.18.ffn_gate_exps.weight (343 MiB iq3_s) buffer type overridden to CUDA_Host
create_tensor: loading tensor blk.18.ffn_up_exps.weight
tensor blk.18.ffn_up_exps.weight (343 MiB iq3_s) buffer type overridden to CUDA_Host
create_tensor: loading tensor blk.18.ffn_gate_inp_shexp.weight
create_tensor: loading tensor blk.18.ffn_gate_shexp.weight
create_tensor: loading tensor blk.18.ffn_up_shexp.weight
create_tensor: loading tensor blk.18.ffn_down_shexp.weight
create_tensor: loading tensor blk.19.hc_attn_norm.weight
create_tensor: loading tensor blk.19.hc_attn_down.weight
create_tensor: loading tensor blk.19.hc_attn_up.weight
create_tensor: loading tensor blk.19.hc_attn_inject.weight
create_tensor: loading tensor blk.19.hc_ffn_norm.weight
create_tensor: loading tensor blk.19.hc_ffn_down.weight
create_tensor: loading tensor blk.19.hc_ffn_up.weight
create_tensor: loading tensor blk.19.hc_ffn_inject.weight
create_tensor: loading tensor blk.19.attn_qkv.weight
create_tensor: loading tensor blk.19.attn_q.weight
create_tensor: loading tensor blk.19.attn_k.weight
create_tensor: loading tensor blk.19.attn_v.weight
create_tensor: loading tensor blk.19.attn_q.bias
create_tensor: loading tensor blk.19.attn_k.bias
create_tensor: loading tensor blk.19.attn_v.bias
create_tensor: loading tensor blk.19.attn_output.weight
create_tensor: loading tensor blk.19.attn_q_norm.weight
create_tensor: loading tensor blk.19.attn_k_norm.weight
create_tensor: loading tensor blk.19.indexer.q_proj.weight
create_tensor: loading tensor blk.19.indexer.k_proj.weight
create_tensor: loading tensor blk.19.indexer.q_norm.weight
create_tensor: loading tensor blk.19.indexer.k_norm.weight
create_tensor: loading tensor blk.19.ffn_gate_inp.weight
create_tensor: loading tensor blk.19.ffn_down_exps.weight
tensor blk.19.ffn_down_exps.weight (450 MiB iq4_nl) buffer type overridden to CUDA_Host
create_tensor: loading tensor blk.19.ffn_gate_up_exps.weight
create_tensor: loading tensor blk.19.ffn_gate_exps.weight
tensor blk.19.ffn_gate_exps.weight (343 MiB iq3_s) buffer type overridden to CUDA_Host
create_tensor: loading tensor blk.19.ffn_up_exps.weight
tensor blk.19.ffn_up_exps.weight (343 MiB iq3_s) buffer type overridden to CUDA_Host
create_tensor: loading tensor blk.19.ffn_gate_inp_shexp.weight
create_tensor: loading tensor blk.19.ffn_gate_shexp.weight
create_tensor: loading tensor blk.19.ffn_up_shexp.weight
create_tensor: loading tensor blk.19.ffn_down_shexp.weight
create_tensor: loading tensor blk.20.hc_attn_norm.weight
create_tensor: loading tensor blk.20.hc_attn_down.weight
create_tensor: loading tensor blk.20.hc_attn_up.weight
create_tensor: loading tensor blk.20.hc_attn_inject.weight
create_tensor: loading tensor blk.20.hc_ffn_norm.weight
create_tensor: loading tensor blk.20.hc_ffn_down.weight
create_tensor: loading tensor blk.20.hc_ffn_up.weight
create_tensor: loading tensor blk.20.hc_ffn_inject.weight
create_tensor: loading tensor blk.20.attn_qkv.weight
create_tensor: loading tensor blk.20.attn_gate.weight
create_tensor: loading tensor blk.20.ssm_conv1d.weight
create_tensor: loading tensor blk.20.ssm_dt.bias
create_tensor: loading tensor blk.20.ssm_a
create_tensor: loading tensor blk.20.ssm_beta.weight
create_tensor: loading tensor blk.20.ssm_alpha.weight
create_tensor: loading tensor blk.20.ssm_norm.weight
create_tensor: loading tensor blk.20.ssm_out.weight
create_tensor: loading tensor blk.20.ffn_gate_inp.weight
create_tensor: loading tensor blk.20.ffn_down_exps.weight
tensor blk.20.ffn_down_exps.weight (450 MiB iq4_nl) buffer type overridden to CUDA_Host
create_tensor: loading tensor blk.20.ffn_gate_up_exps.weight
create_tensor: loading tensor blk.20.ffn_gate_exps.weight
tensor blk.20.ffn_gate_exps.weight (343 MiB iq3_s) buffer type overridden to CUDA_Host
create_tensor: loading tensor blk.20.ffn_up_exps.weight
tensor blk.20.ffn_up_exps.weight (343 MiB iq3_s) buffer type overridden to CUDA_Host
create_tensor: loading tensor blk.20.ffn_gate_inp_shexp.weight
create_tensor: loading tensor blk.20.ffn_gate_shexp.weight
create_tensor: loading tensor blk.20.ffn_up_shexp.weight
create_tensor: loading tensor blk.20.ffn_down_shexp.weight
create_tensor: loading tensor blk.21.hc_attn_norm.weight
create_tensor: loading tensor blk.21.hc_attn_down.weight
create_tensor: loading tensor blk.21.hc_attn_up.weight
create_tensor: loading tensor blk.21.hc_attn_inject.weight
create_tensor: loading tensor blk.21.hc_ffn_norm.weight
create_tensor: loading tensor blk.21.hc_ffn_down.weight
create_tensor: loading tensor blk.21.hc_ffn_up.weight
create_tensor: loading tensor blk.21.hc_ffn_inject.weight
create_tensor: loading tensor blk.21.attn_qkv.weight
create_tensor: loading tensor blk.21.attn_gate.weight
create_tensor: loading tensor blk.21.ssm_conv1d.weight
create_tensor: loading tensor blk.21.ssm_dt.bias
create_tensor: loading tensor blk.21.ssm_a
create_tensor: loading tensor blk.21.ssm_beta.weight
create_tensor: loading tensor blk.21.ssm_alpha.weight
create_tensor: loading tensor blk.21.ssm_norm.weight
create_tensor: loading tensor blk.21.ssm_out.weight
create_tensor: loading tensor blk.21.ffn_gate_inp.weight
create_tensor: loading tensor blk.21.ffn_down_exps.weight
tensor blk.21.ffn_down_exps.weight (450 MiB iq4_nl) buffer type overridden to CUDA_Host
create_tensor: loading tensor blk.21.ffn_gate_up_exps.weight
create_tensor: loading tensor blk.21.ffn_gate_exps.weight
tensor blk.21.ffn_gate_exps.weight (343 MiB iq3_s) buffer type overridden to CUDA_Host
create_tensor: loading tensor blk.21.ffn_up_exps.weight
tensor blk.21.ffn_up_exps.weight (343 MiB iq3_s) buffer type overridden to CUDA_Host
create_tensor: loading tensor blk.21.ffn_gate_inp_shexp.weight
create_tensor: loading tensor blk.21.ffn_gate_shexp.weight
create_tensor: loading tensor blk.21.ffn_up_shexp.weight
create_tensor: loading tensor blk.21.ffn_down_shexp.weight
create_tensor: loading tensor blk.22.hc_attn_norm.weight
create_tensor: loading tensor blk.22.hc_attn_down.weight
create_tensor: loading tensor blk.22.hc_attn_up.weight
create_tensor: loading tensor blk.22.hc_attn_inject.weight
create_tensor: loading tensor blk.22.hc_ffn_norm.weight
create_tensor: loading tensor blk.22.hc_ffn_down.weight
create_tensor: loading tensor blk.22.hc_ffn_up.weight
create_tensor: loading tensor blk.22.hc_ffn_inject.weight
create_tensor: loading tensor blk.22.attn_qkv.weight
create_tensor: loading tensor blk.22.attn_gate.weight
create_tensor: loading tensor blk.22.ssm_conv1d.weight
create_tensor: loading tensor blk.22.ssm_dt.bias
create_tensor: loading tensor blk.22.ssm_a
create_tensor: loading tensor blk.22.ssm_beta.weight
create_tensor: loading tensor blk.22.ssm_alpha.weight
create_tensor: loading tensor blk.22.ssm_norm.weight
create_tensor: loading tensor blk.22.ssm_out.weight
create_tensor: loading tensor blk.22.ffn_gate_inp.weight
create_tensor: loading tensor blk.22.ffn_down_exps.weight
tensor blk.22.ffn_down_exps.weight (450 MiB iq4_nl) buffer type overridden to CUDA_Host
create_tensor: loading tensor blk.22.ffn_gate_up_exps.weight
create_tensor: loading tensor blk.22.ffn_gate_exps.weight
tensor blk.22.ffn_gate_exps.weight (343 MiB iq3_s) buffer type overridden to CUDA_Host
create_tensor: loading tensor blk.22.ffn_up_exps.weight
tensor blk.22.ffn_up_exps.weight (343 MiB iq3_s) buffer type overridden to CUDA_Host
create_tensor: loading tensor blk.22.ffn_gate_inp_shexp.weight
create_tensor: loading tensor blk.22.ffn_gate_shexp.weight
create_tensor: loading tensor blk.22.ffn_up_shexp.weight
create_tensor: loading tensor blk.22.ffn_down_shexp.weight
create_tensor: loading tensor blk.23.hc_attn_norm.weight
create_tensor: loading tensor blk.23.hc_attn_down.weight
create_tensor: loading tensor blk.23.hc_attn_up.weight
create_tensor: loading tensor blk.23.hc_attn_inject.weight
create_tensor: loading tensor blk.23.hc_ffn_norm.weight
create_tensor: loading tensor blk.23.hc_ffn_down.weight
create_tensor: loading tensor blk.23.hc_ffn_up.weight
create_tensor: loading tensor blk.23.hc_ffn_inject.weight
create_tensor: loading tensor blk.23.attn_qkv.weight
create_tensor: loading tensor blk.23.attn_q.weight
create_tensor: loading tensor blk.23.attn_k.weight
create_tensor: loading tensor blk.23.attn_v.weight
create_tensor: loading tensor blk.23.attn_q.bias
create_tensor: loading tensor blk.23.attn_k.bias
create_tensor: loading tensor blk.23.attn_v.bias
create_tensor: loading tensor blk.23.attn_output.weight
create_tensor: loading tensor blk.23.attn_q_norm.weight
create_tensor: loading tensor blk.23.attn_k_norm.weight
create_tensor: loading tensor blk.23.indexer.q_proj.weight
create_tensor: loading tensor blk.23.indexer.k_proj.weight
create_tensor: loading tensor blk.23.indexer.q_norm.weight
create_tensor: loading tensor blk.23.indexer.k_norm.weight
create_tensor: loading tensor blk.23.ffn_gate_inp.weight
create_tensor: loading tensor blk.23.ffn_down_exps.weight
tensor blk.23.ffn_down_exps.weight (450 MiB iq4_nl) buffer type overridden to CUDA_Host
create_tensor: loading tensor blk.23.ffn_gate_up_exps.weight
create_tensor: loading tensor blk.23.ffn_gate_exps.weight
tensor blk.23.ffn_gate_exps.weight (343 MiB iq3_s) buffer type overridden to CUDA_Host
create_tensor: loading tensor blk.23.ffn_up_exps.weight
tensor blk.23.ffn_up_exps.weight (343 MiB iq3_s) buffer type overridden to CUDA_Host
create_tensor: loading tensor blk.23.ffn_gate_inp_shexp.weight
create_tensor: loading tensor blk.23.ffn_gate_shexp.weight
create_tensor: loading tensor blk.23.ffn_up_shexp.weight
create_tensor: loading tensor blk.23.ffn_down_shexp.weight
create_tensor: loading tensor blk.24.hc_attn_norm.weight
create_tensor: loading tensor blk.24.hc_attn_down.weight
create_tensor: loading tensor blk.24.hc_attn_up.weight
create_tensor: loading tensor blk.24.hc_attn_inject.weight
create_tensor: loading tensor blk.24.hc_ffn_norm.weight
create_tensor: loading tensor blk.24.hc_ffn_down.weight
create_tensor: loading tensor blk.24.hc_ffn_up.weight
create_tensor: loading tensor blk.24.hc_ffn_inject.weight
create_tensor: loading tensor blk.24.attn_qkv.weight
create_tensor: loading tensor blk.24.attn_gate.weight
create_tensor: loading tensor blk.24.ssm_conv1d.weight
create_tensor: loading tensor blk.24.ssm_dt.bias
create_tensor: loading tensor blk.24.ssm_a
create_tensor: loading tensor blk.24.ssm_beta.weight
create_tensor: loading tensor blk.24.ssm_alpha.weight
create_tensor: loading tensor blk.24.ssm_norm.weight
create_tensor: loading tensor blk.24.ssm_out.weight
create_tensor: loading tensor blk.24.ffn_gate_inp.weight
create_tensor: loading tensor blk.24.ffn_down_exps.weight
tensor blk.24.ffn_down_exps.weight (450 MiB iq4_nl) buffer type overridden to CUDA_Host
create_tensor: loading tensor blk.24.ffn_gate_up_exps.weight
create_tensor: loading tensor blk.24.ffn_gate_exps.weight
tensor blk.24.ffn_gate_exps.weight (343 MiB iq3_s) buffer type overridden to CUDA_Host
create_tensor: loading tensor blk.24.ffn_up_exps.weight
tensor blk.24.ffn_up_exps.weight (343 MiB iq3_s) buffer type overridden to CUDA_Host
create_tensor: loading tensor blk.24.ffn_gate_inp_shexp.weight
create_tensor: loading tensor blk.24.ffn_gate_shexp.weight
create_tensor: loading tensor blk.24.ffn_up_shexp.weight
create_tensor: loading tensor blk.24.ffn_down_shexp.weight
create_tensor: loading tensor blk.25.hc_attn_norm.weight
create_tensor: loading tensor blk.25.hc_attn_down.weight
create_tensor: loading tensor blk.25.hc_attn_up.weight
create_tensor: loading tensor blk.25.hc_attn_inject.weight
create_tensor: loading tensor blk.25.hc_ffn_norm.weight
create_tensor: loading tensor blk.25.hc_ffn_down.weight
create_tensor: loading tensor blk.25.hc_ffn_up.weight
create_tensor: loading tensor blk.25.hc_ffn_inject.weight
create_tensor: loading tensor blk.25.attn_qkv.weight
create_tensor: loading tensor blk.25.attn_gate.weight
create_tensor: loading tensor blk.25.ssm_conv1d.weight
create_tensor: loading tensor blk.25.ssm_dt.bias
create_tensor: loading tensor blk.25.ssm_a
create_tensor: loading tensor blk.25.ssm_beta.weight
create_tensor: loading tensor blk.25.ssm_alpha.weight
create_tensor: loading tensor blk.25.ssm_norm.weight
create_tensor: loading tensor blk.25.ssm_out.weight
create_tensor: loading tensor blk.25.ffn_gate_inp.weight
create_tensor: loading tensor blk.25.ffn_down_exps.weight
tensor blk.25.ffn_down_exps.weight (450 MiB iq4_nl) buffer type overridden to CUDA_Host
create_tensor: loading tensor blk.25.ffn_gate_up_exps.weight
create_tensor: loading tensor blk.25.ffn_gate_exps.weight
tensor blk.25.ffn_gate_exps.weight (343 MiB iq3_s) buffer type overridden to CUDA_Host
create_tensor: loading tensor blk.25.ffn_up_exps.weight
tensor blk.25.ffn_up_exps.weight (343 MiB iq3_s) buffer type overridden to CUDA_Host
create_tensor: loading tensor blk.25.ffn_gate_inp_shexp.weight
create_tensor: loading tensor blk.25.ffn_gate_shexp.weight
create_tensor: loading tensor blk.25.ffn_up_shexp.weight
create_tensor: loading tensor blk.25.ffn_down_shexp.weight
create_tensor: loading tensor blk.26.hc_attn_norm.weight
create_tensor: loading tensor blk.26.hc_attn_down.weight
create_tensor: loading tensor blk.26.hc_attn_up.weight
create_tensor: loading tensor blk.26.hc_attn_inject.weight
create_tensor: loading tensor blk.26.hc_ffn_norm.weight
create_tensor: loading tensor blk.26.hc_ffn_down.weight
create_tensor: loading tensor blk.26.hc_ffn_up.weight
create_tensor: loading tensor blk.26.hc_ffn_inject.weight
create_tensor: loading tensor blk.26.attn_qkv.weight
create_tensor: loading tensor blk.26.attn_gate.weight
create_tensor: loading tensor blk.26.ssm_conv1d.weight
create_tensor: loading tensor blk.26.ssm_dt.bias
create_tensor: loading tensor blk.26.ssm_a
create_tensor: loading tensor blk.26.ssm_beta.weight
create_tensor: loading tensor blk.26.ssm_alpha.weight
create_tensor: loading tensor blk.26.ssm_norm.weight
create_tensor: loading tensor blk.26.ssm_out.weight
create_tensor: loading tensor blk.26.ffn_gate_inp.weight
create_tensor: loading tensor blk.26.ffn_down_exps.weight
tensor blk.26.ffn_down_exps.weight (450 MiB iq4_nl) buffer type overridden to CUDA_Host
create_tensor: loading tensor blk.26.ffn_gate_up_exps.weight
create_tensor: loading tensor blk.26.ffn_gate_exps.weight
tensor blk.26.ffn_gate_exps.weight (343 MiB iq3_s) buffer type overridden to CUDA_Host
create_tensor: loading tensor blk.26.ffn_up_exps.weight
tensor blk.26.ffn_up_exps.weight (343 MiB iq3_s) buffer type overridden to CUDA_Host
create_tensor: loading tensor blk.26.ffn_gate_inp_shexp.weight
create_tensor: loading tensor blk.26.ffn_gate_shexp.weight
create_tensor: loading tensor blk.26.ffn_up_shexp.weight
create_tensor: loading tensor blk.26.ffn_down_shexp.weight
create_tensor: loading tensor blk.27.hc_attn_norm.weight
create_tensor: loading tensor blk.27.hc_attn_down.weight
create_tensor: loading tensor blk.27.hc_attn_up.weight
create_tensor: loading tensor blk.27.hc_attn_inject.weight
create_tensor: loading tensor blk.27.hc_ffn_norm.weight
create_tensor: loading tensor blk.27.hc_ffn_down.weight
create_tensor: loading tensor blk.27.hc_ffn_up.weight
create_tensor: loading tensor blk.27.hc_ffn_inject.weight
create_tensor: loading tensor blk.27.attn_qkv.weight
create_tensor: loading tensor blk.27.attn_q.weight
create_tensor: loading tensor blk.27.attn_k.weight
create_tensor: loading tensor blk.27.attn_v.weight
create_tensor: loading tensor blk.27.attn_q.bias
create_tensor: loading tensor blk.27.attn_k.bias
create_tensor: loading tensor blk.27.attn_v.bias
create_tensor: loading tensor blk.27.attn_output.weight
create_tensor: loading tensor blk.27.attn_q_norm.weight
create_tensor: loading tensor blk.27.attn_k_norm.weight
create_tensor: loading tensor blk.27.indexer.q_proj.weight
create_tensor: loading tensor blk.27.indexer.k_proj.weight
create_tensor: loading tensor blk.27.indexer.q_norm.weight
create_tensor: loading tensor blk.27.indexer.k_norm.weight
create_tensor: loading tensor blk.27.ffn_gate_inp.weight
create_tensor: loading tensor blk.27.ffn_down_exps.weight
tensor blk.27.ffn_down_exps.weight (450 MiB iq4_nl) buffer type overridden to CUDA_Host
create_tensor: loading tensor blk.27.ffn_gate_up_exps.weight
create_tensor: loading tensor blk.27.ffn_gate_exps.weight
tensor blk.27.ffn_gate_exps.weight (343 MiB iq3_s) buffer type overridden to CUDA_Host
create_tensor: loading tensor blk.27.ffn_up_exps.weight
tensor blk.27.ffn_up_exps.weight (343 MiB iq3_s) buffer type overridden to CUDA_Host
create_tensor: loading tensor blk.27.ffn_gate_inp_shexp.weight
create_tensor: loading tensor blk.27.ffn_gate_shexp.weight
create_tensor: loading tensor blk.27.ffn_up_shexp.weight
create_tensor: loading tensor blk.27.ffn_down_shexp.weight
create_tensor: loading tensor blk.28.hc_attn_norm.weight
create_tensor: loading tensor blk.28.hc_attn_down.weight
create_tensor: loading tensor blk.28.hc_attn_up.weight
create_tensor: loading tensor blk.28.hc_attn_inject.weight
create_tensor: loading tensor blk.28.hc_ffn_norm.weight
create_tensor: loading tensor blk.28.hc_ffn_down.weight
create_tensor: loading tensor blk.28.hc_ffn_up.weight
create_tensor: loading tensor blk.28.hc_ffn_inject.weight
create_tensor: loading tensor blk.28.attn_qkv.weight
create_tensor: loading tensor blk.28.attn_gate.weight
create_tensor: loading tensor blk.28.ssm_conv1d.weight
create_tensor: loading tensor blk.28.ssm_dt.bias
create_tensor: loading tensor blk.28.ssm_a
create_tensor: loading tensor blk.28.ssm_beta.weight
create_tensor: loading tensor blk.28.ssm_alpha.weight
create_tensor: loading tensor blk.28.ssm_norm.weight
create_tensor: loading tensor blk.28.ssm_out.weight
create_tensor: loading tensor blk.28.ffn_gate_inp.weight
create_tensor: loading tensor blk.28.ffn_down_exps.weight
tensor blk.28.ffn_down_exps.weight (450 MiB iq4_nl) buffer type overridden to CUDA_Host
create_tensor: loading tensor blk.28.ffn_gate_up_exps.weight
create_tensor: loading tensor blk.28.ffn_gate_exps.weight
tensor blk.28.ffn_gate_exps.weight (343 MiB iq3_s) buffer type overridden to CUDA_Host
create_tensor: loading tensor blk.28.ffn_up_exps.weight
tensor blk.28.ffn_up_exps.weight (343 MiB iq3_s) buffer type overridden to CUDA_Host
create_tensor: loading tensor blk.28.ffn_gate_inp_shexp.weight
create_tensor: loading tensor blk.28.ffn_gate_shexp.weight
create_tensor: loading tensor blk.28.ffn_up_shexp.weight
create_tensor: loading tensor blk.28.ffn_down_shexp.weight
create_tensor: loading tensor blk.29.hc_attn_norm.weight
create_tensor: loading tensor blk.29.hc_attn_down.weight
create_tensor: loading tensor blk.29.hc_attn_up.weight
create_tensor: loading tensor blk.29.hc_attn_inject.weight
create_tensor: loading tensor blk.29.hc_ffn_norm.weight
create_tensor: loading tensor blk.29.hc_ffn_down.weight
create_tensor: loading tensor blk.29.hc_ffn_up.weight
create_tensor: loading tensor blk.29.hc_ffn_inject.weight
create_tensor: loading tensor blk.29.attn_qkv.weight
create_tensor: loading tensor blk.29.attn_gate.weight
create_tensor: loading tensor blk.29.ssm_conv1d.weight
create_tensor: loading tensor blk.29.ssm_dt.bias
create_tensor: loading tensor blk.29.ssm_a
create_tensor: loading tensor blk.29.ssm_beta.weight
create_tensor: loading tensor blk.29.ssm_alpha.weight
create_tensor: loading tensor blk.29.ssm_norm.weight
create_tensor: loading tensor blk.29.ssm_out.weight
create_tensor: loading tensor blk.29.ffn_gate_inp.weight
create_tensor: loading tensor blk.29.ffn_down_exps.weight
tensor blk.29.ffn_down_exps.weight (450 MiB iq4_nl) buffer type overridden to CUDA_Host
create_tensor: loading tensor blk.29.ffn_gate_up_exps.weight
create_tensor: loading tensor blk.29.ffn_gate_exps.weight
tensor blk.29.ffn_gate_exps.weight (343 MiB iq3_s) buffer type overridden to CUDA_Host
create_tensor: loading tensor blk.29.ffn_up_exps.weight
tensor blk.29.ffn_up_exps.weight (343 MiB iq3_s) buffer type overridden to CUDA_Host
create_tensor: loading tensor blk.29.ffn_gate_inp_shexp.weight
create_tensor: loading tensor blk.29.ffn_gate_shexp.weight
create_tensor: loading tensor blk.29.ffn_up_shexp.weight
create_tensor: loading tensor blk.29.ffn_down_shexp.weight
create_tensor: loading tensor blk.30.hc_attn_norm.weight
create_tensor: loading tensor blk.30.hc_attn_down.weight
create_tensor: loading tensor blk.30.hc_attn_up.weight
create_tensor: loading tensor blk.30.hc_attn_inject.weight
create_tensor: loading tensor blk.30.hc_ffn_norm.weight
create_tensor: loading tensor blk.30.hc_ffn_down.weight
create_tensor: loading tensor blk.30.hc_ffn_up.weight
create_tensor: loading tensor blk.30.hc_ffn_inject.weight
create_tensor: loading tensor blk.30.attn_qkv.weight
create_tensor: loading tensor blk.30.attn_gate.weight
create_tensor: loading tensor blk.30.ssm_conv1d.weight
create_tensor: loading tensor blk.30.ssm_dt.bias
create_tensor: loading tensor blk.30.ssm_a
create_tensor: loading tensor blk.30.ssm_beta.weight
create_tensor: loading tensor blk.30.ssm_alpha.weight
create_tensor: loading tensor blk.30.ssm_norm.weight
create_tensor: loading tensor blk.30.ssm_out.weight
create_tensor: loading tensor blk.30.ffn_gate_inp.weight
create_tensor: loading tensor blk.30.ffn_down_exps.weight
tensor blk.30.ffn_down_exps.weight (850 MiB q8_0) buffer type overridden to CUDA_Host
create_tensor: loading tensor blk.30.ffn_gate_up_exps.weight
create_tensor: loading tensor blk.30.ffn_gate_exps.weight
tensor blk.30.ffn_gate_exps.weight (343 MiB iq3_s) buffer type overridden to CUDA_Host
create_tensor: loading tensor blk.30.ffn_up_exps.weight
tensor blk.30.ffn_up_exps.weight (343 MiB iq3_s) buffer type overridden to CUDA_Host
create_tensor: loading tensor blk.30.ffn_gate_inp_shexp.weight
create_tensor: loading tensor blk.30.ffn_gate_shexp.weight
create_tensor: loading tensor blk.30.ffn_up_shexp.weight
create_tensor: loading tensor blk.30.ffn_down_shexp.weight
create_tensor: loading tensor blk.31.hc_attn_norm.weight
create_tensor: loading tensor blk.31.hc_attn_down.weight
create_tensor: loading tensor blk.31.hc_attn_up.weight
create_tensor: loading tensor blk.31.hc_attn_inject.weight
create_tensor: loading tensor blk.31.hc_ffn_norm.weight
create_tensor: loading tensor blk.31.hc_ffn_down.weight
create_tensor: loading tensor blk.31.hc_ffn_up.weight
create_tensor: loading tensor blk.31.hc_ffn_inject.weight
create_tensor: loading tensor blk.31.attn_qkv.weight
create_tensor: loading tensor blk.31.attn_q.weight
create_tensor: loading tensor blk.31.attn_k.weight
create_tensor: loading tensor blk.31.attn_v.weight
create_tensor: loading tensor blk.31.attn_q.bias
create_tensor: loading tensor blk.31.attn_k.bias
create_tensor: loading tensor blk.31.attn_v.bias
create_tensor: loading tensor blk.31.attn_output.weight
create_tensor: loading tensor blk.31.attn_q_norm.weight
create_tensor: loading tensor blk.31.attn_k_norm.weight
create_tensor: loading tensor blk.31.indexer.q_proj.weight
create_tensor: loading tensor blk.31.indexer.k_proj.weight
create_tensor: loading tensor blk.31.indexer.q_norm.weight
create_tensor: loading tensor blk.31.indexer.k_norm.weight
create_tensor: loading tensor blk.31.ffn_gate_inp.weight
create_tensor: loading tensor blk.31.ffn_down_exps.weight
tensor blk.31.ffn_down_exps.weight (450 MiB iq4_nl) buffer type overridden to CUDA_Host
create_tensor: loading tensor blk.31.ffn_gate_up_exps.weight
create_tensor: loading tensor blk.31.ffn_gate_exps.weight
tensor blk.31.ffn_gate_exps.weight (343 MiB iq3_s) buffer type overridden to CUDA_Host
create_tensor: loading tensor blk.31.ffn_up_exps.weight
tensor blk.31.ffn_up_exps.weight (343 MiB iq3_s) buffer type overridden to CUDA_Host
create_tensor: loading tensor blk.31.ffn_gate_inp_shexp.weight
create_tensor: loading tensor blk.31.ffn_gate_shexp.weight
create_tensor: loading tensor blk.31.ffn_up_shexp.weight
create_tensor: loading tensor blk.31.ffn_down_shexp.weight
create_tensor: loading tensor blk.32.hc_attn_norm.weight
create_tensor: loading tensor blk.32.hc_attn_down.weight
create_tensor: loading tensor blk.32.hc_attn_up.weight
create_tensor: loading tensor blk.32.hc_attn_inject.weight
create_tensor: loading tensor blk.32.hc_ffn_norm.weight
create_tensor: loading tensor blk.32.hc_ffn_down.weight
create_tensor: loading tensor blk.32.hc_ffn_up.weight
create_tensor: loading tensor blk.32.hc_ffn_inject.weight
create_tensor: loading tensor blk.32.attn_qkv.weight
create_tensor: loading tensor blk.32.attn_gate.weight
create_tensor: loading tensor blk.32.ssm_conv1d.weight
create_tensor: loading tensor blk.32.ssm_dt.bias
create_tensor: loading tensor blk.32.ssm_a
create_tensor: loading tensor blk.32.ssm_beta.weight
create_tensor: loading tensor blk.32.ssm_alpha.weight
create_tensor: loading tensor blk.32.ssm_norm.weight
create_tensor: loading tensor blk.32.ssm_out.weight
create_tensor: loading tensor blk.32.ffn_gate_inp.weight
create_tensor: loading tensor blk.32.ffn_down_exps.weight
tensor blk.32.ffn_down_exps.weight (450 MiB iq4_nl) buffer type overridden to CUDA_Host
create_tensor: loading tensor blk.32.ffn_gate_up_exps.weight
create_tensor: loading tensor blk.32.ffn_gate_exps.weight
tensor blk.32.ffn_gate_exps.weight (343 MiB iq3_s) buffer type overridden to CUDA_Host
create_tensor: loading tensor blk.32.ffn_up_exps.weight
tensor blk.32.ffn_up_exps.weight (343 MiB iq3_s) buffer type overridden to CUDA_Host
create_tensor: loading tensor blk.32.ffn_gate_inp_shexp.weight
create_tensor: loading tensor blk.32.ffn_gate_shexp.weight
create_tensor: loading tensor blk.32.ffn_up_shexp.weight
create_tensor: loading tensor blk.32.ffn_down_shexp.weight
create_tensor: loading tensor blk.33.hc_attn_norm.weight
create_tensor: loading tensor blk.33.hc_attn_down.weight
create_tensor: loading tensor blk.33.hc_attn_up.weight
create_tensor: loading tensor blk.33.hc_attn_inject.weight
create_tensor: loading tensor blk.33.hc_ffn_norm.weight
create_tensor: loading tensor blk.33.hc_ffn_down.weight
create_tensor: loading tensor blk.33.hc_ffn_up.weight
create_tensor: loading tensor blk.33.hc_ffn_inject.weight
create_tensor: loading tensor blk.33.attn_qkv.weight
create_tensor: loading tensor blk.33.attn_gate.weight
create_tensor: loading tensor blk.33.ssm_conv1d.weight
create_tensor: loading tensor blk.33.ssm_dt.bias
create_tensor: loading tensor blk.33.ssm_a
create_tensor: loading tensor blk.33.ssm_beta.weight
create_tensor: loading tensor blk.33.ssm_alpha.weight
create_tensor: loading tensor blk.33.ssm_norm.weight
create_tensor: loading tensor blk.33.ssm_out.weight
create_tensor: loading tensor blk.33.ffn_gate_inp.weight
create_tensor: loading tensor blk.33.ffn_down_exps.weight
tensor blk.33.ffn_down_exps.weight (450 MiB iq4_nl) buffer type overridden to CUDA_Host
create_tensor: loading tensor blk.33.ffn_gate_up_exps.weight
create_tensor: loading tensor blk.33.ffn_gate_exps.weight
tensor blk.33.ffn_gate_exps.weight (343 MiB iq3_s) buffer type overridden to CUDA_Host
create_tensor: loading tensor blk.33.ffn_up_exps.weight
tensor blk.33.ffn_up_exps.weight (343 MiB iq3_s) buffer type overridden to CUDA_Host
create_tensor: loading tensor blk.33.ffn_gate_inp_shexp.weight
create_tensor: loading tensor blk.33.ffn_gate_shexp.weight
create_tensor: loading tensor blk.33.ffn_up_shexp.weight
create_tensor: loading tensor blk.33.ffn_down_shexp.weight
create_tensor: loading tensor blk.34.hc_attn_norm.weight
create_tensor: loading tensor blk.34.hc_attn_down.weight
create_tensor: loading tensor blk.34.hc_attn_up.weight
create_tensor: loading tensor blk.34.hc_attn_inject.weight
create_tensor: loading tensor blk.34.hc_ffn_norm.weight
create_tensor: loading tensor blk.34.hc_ffn_down.weight
create_tensor: loading tensor blk.34.hc_ffn_up.weight
create_tensor: loading tensor blk.34.hc_ffn_inject.weight
create_tensor: loading tensor blk.34.attn_qkv.weight
create_tensor: loading tensor blk.34.attn_gate.weight
create_tensor: loading tensor blk.34.ssm_conv1d.weight
create_tensor: loading tensor blk.34.ssm_dt.bias
create_tensor: loading tensor blk.34.ssm_a
create_tensor: loading tensor blk.34.ssm_beta.weight
create_tensor: loading tensor blk.34.ssm_alpha.weight
create_tensor: loading tensor blk.34.ssm_norm.weight
create_tensor: loading tensor blk.34.ssm_out.weight
create_tensor: loading tensor blk.34.ffn_gate_inp.weight
create_tensor: loading tensor blk.34.ffn_down_exps.weight
tensor blk.34.ffn_down_exps.weight (450 MiB iq4_nl) buffer type overridden to CUDA_Host
create_tensor: loading tensor blk.34.ffn_gate_up_exps.weight
create_tensor: loading tensor blk.34.ffn_gate_exps.weight
tensor blk.34.ffn_gate_exps.weight (343 MiB iq3_s) buffer type overridden to CUDA_Host
create_tensor: loading tensor blk.34.ffn_up_exps.weight
tensor blk.34.ffn_up_exps.weight (343 MiB iq3_s) buffer type overridden to CUDA_Host
create_tensor: loading tensor blk.34.ffn_gate_inp_shexp.weight
create_tensor: loading tensor blk.34.ffn_gate_shexp.weight
create_tensor: loading tensor blk.34.ffn_up_shexp.weight
create_tensor: loading tensor blk.34.ffn_down_shexp.weight
create_tensor: loading tensor blk.35.hc_attn_norm.weight
create_tensor: loading tensor blk.35.hc_attn_down.weight
create_tensor: loading tensor blk.35.hc_attn_up.weight
create_tensor: loading tensor blk.35.hc_attn_inject.weight
create_tensor: loading tensor blk.35.hc_ffn_norm.weight
create_tensor: loading tensor blk.35.hc_ffn_down.weight
create_tensor: loading tensor blk.35.hc_ffn_up.weight
create_tensor: loading tensor blk.35.hc_ffn_inject.weight
create_tensor: loading tensor blk.35.attn_qkv.weight
create_tensor: loading tensor blk.35.attn_q.weight
create_tensor: loading tensor blk.35.attn_k.weight
create_tensor: loading tensor blk.35.attn_v.weight
create_tensor: loading tensor blk.35.attn_q.bias
create_tensor: loading tensor blk.35.attn_k.bias
create_tensor: loading tensor blk.35.attn_v.bias
create_tensor: loading tensor blk.35.attn_output.weight
create_tensor: loading tensor blk.35.attn_q_norm.weight
create_tensor: loading tensor blk.35.attn_k_norm.weight
create_tensor: loading tensor blk.35.indexer.q_proj.weight
create_tensor: loading tensor blk.35.indexer.k_proj.weight
create_tensor: loading tensor blk.35.indexer.q_norm.weight
create_tensor: loading tensor blk.35.indexer.k_norm.weight
create_tensor: loading tensor blk.35.ffn_gate_inp.weight
create_tensor: loading tensor blk.35.ffn_down_exps.weight
tensor blk.35.ffn_down_exps.weight (450 MiB iq4_nl) buffer type overridden to CUDA_Host
create_tensor: loading tensor blk.35.ffn_gate_up_exps.weight
create_tensor: loading tensor blk.35.ffn_gate_exps.weight
tensor blk.35.ffn_gate_exps.weight (343 MiB iq3_s) buffer type overridden to CUDA_Host
create_tensor: loading tensor blk.35.ffn_up_exps.weight
tensor blk.35.ffn_up_exps.weight (343 MiB iq3_s) buffer type overridden to CUDA_Host
create_tensor: loading tensor blk.35.ffn_gate_inp_shexp.weight
create_tensor: loading tensor blk.35.ffn_gate_shexp.weight
create_tensor: loading tensor blk.35.ffn_up_shexp.weight
create_tensor: loading tensor blk.35.ffn_down_shexp.weight
create_tensor: loading tensor blk.36.hc_attn_norm.weight
create_tensor: loading tensor blk.36.hc_attn_down.weight
create_tensor: loading tensor blk.36.hc_attn_up.weight
create_tensor: loading tensor blk.36.hc_attn_inject.weight
create_tensor: loading tensor blk.36.hc_ffn_norm.weight
create_tensor: loading tensor blk.36.hc_ffn_down.weight
create_tensor: loading tensor blk.36.hc_ffn_up.weight
create_tensor: loading tensor blk.36.hc_ffn_inject.weight
create_tensor: loading tensor blk.36.attn_qkv.weight
create_tensor: loading tensor blk.36.attn_gate.weight
create_tensor: loading tensor blk.36.ssm_conv1d.weight
create_tensor: loading tensor blk.36.ssm_dt.bias
create_tensor: loading tensor blk.36.ssm_a
create_tensor: loading tensor blk.36.ssm_beta.weight
create_tensor: loading tensor blk.36.ssm_alpha.weight
create_tensor: loading tensor blk.36.ssm_norm.weight
create_tensor: loading tensor blk.36.ssm_out.weight
create_tensor: loading tensor blk.36.ffn_gate_inp.weight
create_tensor: loading tensor blk.36.ffn_down_exps.weight
tensor blk.36.ffn_down_exps.weight (450 MiB iq4_nl) buffer type overridden to CUDA_Host
create_tensor: loading tensor blk.36.ffn_gate_up_exps.weight
create_tensor: loading tensor blk.36.ffn_gate_exps.weight
tensor blk.36.ffn_gate_exps.weight (343 MiB iq3_s) buffer type overridden to CUDA_Host
create_tensor: loading tensor blk.36.ffn_up_exps.weight
tensor blk.36.ffn_up_exps.weight (343 MiB iq3_s) buffer type overridden to CUDA_Host
create_tensor: loading tensor blk.36.ffn_gate_inp_shexp.weight
create_tensor: loading tensor blk.36.ffn_gate_shexp.weight
create_tensor: loading tensor blk.36.ffn_up_shexp.weight
create_tensor: loading tensor blk.36.ffn_down_shexp.weight
create_tensor: loading tensor blk.37.hc_attn_norm.weight
create_tensor: loading tensor blk.37.hc_attn_down.weight
create_tensor: loading tensor blk.37.hc_attn_up.weight
create_tensor: loading tensor blk.37.hc_attn_inject.weight
create_tensor: loading tensor blk.37.hc_ffn_norm.weight
create_tensor: loading tensor blk.37.hc_ffn_down.weight
create_tensor: loading tensor blk.37.hc_ffn_up.weight
create_tensor: loading tensor blk.37.hc_ffn_inject.weight
create_tensor: loading tensor blk.37.attn_qkv.weight
create_tensor: loading tensor blk.37.attn_gate.weight
create_tensor: loading tensor blk.37.ssm_conv1d.weight
create_tensor: loading tensor blk.37.ssm_dt.bias
create_tensor: loading tensor blk.37.ssm_a
create_tensor: loading tensor blk.37.ssm_beta.weight
create_tensor: loading tensor blk.37.ssm_alpha.weight
create_tensor: loading tensor blk.37.ssm_norm.weight
create_tensor: loading tensor blk.37.ssm_out.weight
create_tensor: loading tensor blk.37.ffn_gate_inp.weight
create_tensor: loading tensor blk.37.ffn_down_exps.weight
tensor blk.37.ffn_down_exps.weight (450 MiB iq4_nl) buffer type overridden to CUDA_Host
create_tensor: loading tensor blk.37.ffn_gate_up_exps.weight
create_tensor: loading tensor blk.37.ffn_gate_exps.weight
tensor blk.37.ffn_gate_exps.weight (343 MiB iq3_s) buffer type overridden to CUDA_Host
create_tensor: loading tensor blk.37.ffn_up_exps.weight
tensor blk.37.ffn_up_exps.weight (343 MiB iq3_s) buffer type overridden to CUDA_Host
create_tensor: loading tensor blk.37.ffn_gate_inp_shexp.weight
create_tensor: loading tensor blk.37.ffn_gate_shexp.weight
create_tensor: loading tensor blk.37.ffn_up_shexp.weight
create_tensor: loading tensor blk.37.ffn_down_shexp.weight
create_tensor: loading tensor blk.38.hc_attn_norm.weight
create_tensor: loading tensor blk.38.hc_attn_down.weight
create_tensor: loading tensor blk.38.hc_attn_up.weight
create_tensor: loading tensor blk.38.hc_attn_inject.weight
create_tensor: loading tensor blk.38.hc_ffn_norm.weight
create_tensor: loading tensor blk.38.hc_ffn_down.weight
create_tensor: loading tensor blk.38.hc_ffn_up.weight
create_tensor: loading tensor blk.38.hc_ffn_inject.weight
create_tensor: loading tensor blk.38.attn_qkv.weight
create_tensor: loading tensor blk.38.attn_gate.weight
create_tensor: loading tensor blk.38.ssm_conv1d.weight
create_tensor: loading tensor blk.38.ssm_dt.bias
create_tensor: loading tensor blk.38.ssm_a
create_tensor: loading tensor blk.38.ssm_beta.weight
create_tensor: loading tensor blk.38.ssm_alpha.weight
create_tensor: loading tensor blk.38.ssm_norm.weight
create_tensor: loading tensor blk.38.ssm_out.weight
create_tensor: loading tensor blk.38.ffn_gate_inp.weight
create_tensor: loading tensor blk.38.ffn_down_exps.weight
tensor blk.38.ffn_down_exps.weight (450 MiB iq4_nl) buffer type overridden to CUDA_Host
create_tensor: loading tensor blk.38.ffn_gate_up_exps.weight
create_tensor: loading tensor blk.38.ffn_gate_exps.weight
tensor blk.38.ffn_gate_exps.weight (343 MiB iq3_s) buffer type overridden to CUDA_Host
create_tensor: loading tensor blk.38.ffn_up_exps.weight
tensor blk.38.ffn_up_exps.weight (343 MiB iq3_s) buffer type overridden to CUDA_Host
create_tensor: loading tensor blk.38.ffn_gate_inp_shexp.weight
create_tensor: loading tensor blk.38.ffn_gate_shexp.weight
create_tensor: loading tensor blk.38.ffn_up_shexp.weight
create_tensor: loading tensor blk.38.ffn_down_shexp.weight
create_tensor: loading tensor blk.39.hc_attn_norm.weight
create_tensor: loading tensor blk.39.hc_attn_down.weight
create_tensor: loading tensor blk.39.hc_attn_up.weight
create_tensor: loading tensor blk.39.hc_attn_inject.weight
create_tensor: loading tensor blk.39.hc_ffn_norm.weight
create_tensor: loading tensor blk.39.hc_ffn_down.weight
create_tensor: loading tensor blk.39.hc_ffn_up.weight
create_tensor: loading tensor blk.39.hc_ffn_inject.weight
create_tensor: loading tensor blk.39.attn_qkv.weight
create_tensor: loading tensor blk.39.attn_q.weight
create_tensor: loading tensor blk.39.attn_k.weight
create_tensor: loading tensor blk.39.attn_v.weight
create_tensor: loading tensor blk.39.attn_q.bias
create_tensor: loading tensor blk.39.attn_k.bias
create_tensor: loading tensor blk.39.attn_v.bias
create_tensor: loading tensor blk.39.attn_output.weight
create_tensor: loading tensor blk.39.attn_q_norm.weight
create_tensor: loading tensor blk.39.attn_k_norm.weight
create_tensor: loading tensor blk.39.indexer.q_proj.weight
create_tensor: loading tensor blk.39.indexer.k_proj.weight
create_tensor: loading tensor blk.39.indexer.q_norm.weight
create_tensor: loading tensor blk.39.indexer.k_norm.weight
create_tensor: loading tensor blk.39.ffn_gate_inp.weight
create_tensor: loading tensor blk.39.ffn_down_exps.weight
tensor blk.39.ffn_down_exps.weight (450 MiB iq4_nl) buffer type overridden to CUDA_Host
create_tensor: loading tensor blk.39.ffn_gate_up_exps.weight
create_tensor: loading tensor blk.39.ffn_gate_exps.weight
tensor blk.39.ffn_gate_exps.weight (343 MiB iq3_s) buffer type overridden to CUDA_Host
create_tensor: loading tensor blk.39.ffn_up_exps.weight
tensor blk.39.ffn_up_exps.weight (343 MiB iq3_s) buffer type overridden to CUDA_Host
create_tensor: loading tensor blk.39.ffn_gate_inp_shexp.weight
create_tensor: loading tensor blk.39.ffn_gate_shexp.weight
create_tensor: loading tensor blk.39.ffn_up_shexp.weight
create_tensor: loading tensor blk.39.ffn_down_shexp.weight
create_tensor: loading tensor blk.40.hc_attn_norm.weight
create_tensor: loading tensor blk.40.hc_attn_down.weight
create_tensor: loading tensor blk.40.hc_attn_up.weight
create_tensor: loading tensor blk.40.hc_attn_inject.weight
create_tensor: loading tensor blk.40.hc_ffn_norm.weight
create_tensor: loading tensor blk.40.hc_ffn_down.weight
create_tensor: loading tensor blk.40.hc_ffn_up.weight
create_tensor: loading tensor blk.40.hc_ffn_inject.weight
create_tensor: loading tensor blk.40.attn_qkv.weight
create_tensor: loading tensor blk.40.attn_gate.weight
create_tensor: loading tensor blk.40.ssm_conv1d.weight
create_tensor: loading tensor blk.40.ssm_dt.bias
create_tensor: loading tensor blk.40.ssm_a
create_tensor: loading tensor blk.40.ssm_beta.weight
create_tensor: loading tensor blk.40.ssm_alpha.weight
create_tensor: loading tensor blk.40.ssm_norm.weight
create_tensor: loading tensor blk.40.ssm_out.weight
create_tensor: loading tensor blk.40.ffn_gate_inp.weight
create_tensor: loading tensor blk.40.ffn_down_exps.weight
tensor blk.40.ffn_down_exps.weight (450 MiB iq4_nl) buffer type overridden to CUDA_Host
create_tensor: loading tensor blk.40.ffn_gate_up_exps.weight
create_tensor: loading tensor blk.40.ffn_gate_exps.weight
tensor blk.40.ffn_gate_exps.weight (343 MiB iq3_s) buffer type overridden to CUDA_Host
create_tensor: loading tensor blk.40.ffn_up_exps.weight
tensor blk.40.ffn_up_exps.weight (343 MiB iq3_s) buffer type overridden to CUDA_Host
create_tensor: loading tensor blk.40.ffn_gate_inp_shexp.weight
create_tensor: loading tensor blk.40.ffn_gate_shexp.weight
create_tensor: loading tensor blk.40.ffn_up_shexp.weight
create_tensor: loading tensor blk.40.ffn_down_shexp.weight
create_tensor: loading tensor blk.41.hc_attn_norm.weight
create_tensor: loading tensor blk.41.hc_attn_down.weight
create_tensor: loading tensor blk.41.hc_attn_up.weight
create_tensor: loading tensor blk.41.hc_attn_inject.weight
create_tensor: loading tensor blk.41.hc_ffn_norm.weight
create_tensor: loading tensor blk.41.hc_ffn_down.weight
create_tensor: loading tensor blk.41.hc_ffn_up.weight
create_tensor: loading tensor blk.41.hc_ffn_inject.weight
create_tensor: loading tensor blk.41.attn_qkv.weight
create_tensor: loading tensor blk.41.attn_gate.weight
create_tensor: loading tensor blk.41.ssm_conv1d.weight
create_tensor: loading tensor blk.41.ssm_dt.bias
create_tensor: loading tensor blk.41.ssm_a
create_tensor: loading tensor blk.41.ssm_beta.weight
create_tensor: loading tensor blk.41.ssm_alpha.weight
create_tensor: loading tensor blk.41.ssm_norm.weight
create_tensor: loading tensor blk.41.ssm_out.weight
create_tensor: loading tensor blk.41.ffn_gate_inp.weight
create_tensor: loading tensor blk.41.ffn_down_exps.weight
tensor blk.41.ffn_down_exps.weight (450 MiB iq4_nl) buffer type overridden to CUDA_Host
create_tensor: loading tensor blk.41.ffn_gate_up_exps.weight
create_tensor: loading tensor blk.41.ffn_gate_exps.weight
tensor blk.41.ffn_gate_exps.weight (343 MiB iq3_s) buffer type overridden to CUDA_Host
create_tensor: loading tensor blk.41.ffn_up_exps.weight
tensor blk.41.ffn_up_exps.weight (343 MiB iq3_s) buffer type overridden to CUDA_Host
create_tensor: loading tensor blk.41.ffn_gate_inp_shexp.weight
create_tensor: loading tensor blk.41.ffn_gate_shexp.weight
create_tensor: loading tensor blk.41.ffn_up_shexp.weight
create_tensor: loading tensor blk.41.ffn_down_shexp.weight
create_tensor: loading tensor blk.42.hc_attn_norm.weight
create_tensor: loading tensor blk.42.hc_attn_down.weight
create_tensor: loading tensor blk.42.hc_attn_up.weight
create_tensor: loading tensor blk.42.hc_attn_inject.weight
create_tensor: loading tensor blk.42.hc_ffn_norm.weight
create_tensor: loading tensor blk.42.hc_ffn_down.weight
create_tensor: loading tensor blk.42.hc_ffn_up.weight
create_tensor: loading tensor blk.42.hc_ffn_inject.weight
create_tensor: loading tensor blk.42.attn_qkv.weight
create_tensor: loading tensor blk.42.attn_gate.weight
create_tensor: loading tensor blk.42.ssm_conv1d.weight
create_tensor: loading tensor blk.42.ssm_dt.bias
create_tensor: loading tensor blk.42.ssm_a
create_tensor: loading tensor blk.42.ssm_beta.weight
create_tensor: loading tensor blk.42.ssm_alpha.weight
create_tensor: loading tensor blk.42.ssm_norm.weight
create_tensor: loading tensor blk.42.ssm_out.weight
create_tensor: loading tensor blk.42.ffn_gate_inp.weight
create_tensor: loading tensor blk.42.ffn_down_exps.weight
tensor blk.42.ffn_down_exps.weight (450 MiB iq4_nl) buffer type overridden to CUDA_Host
create_tensor: loading tensor blk.42.ffn_gate_up_exps.weight
create_tensor: loading tensor blk.42.ffn_gate_exps.weight
tensor blk.42.ffn_gate_exps.weight (343 MiB iq3_s) buffer type overridden to CUDA_Host
create_tensor: loading tensor blk.42.ffn_up_exps.weight
tensor blk.42.ffn_up_exps.weight (343 MiB iq3_s) buffer type overridden to CUDA_Host
create_tensor: loading tensor blk.42.ffn_gate_inp_shexp.weight
create_tensor: loading tensor blk.42.ffn_gate_shexp.weight
create_tensor: loading tensor blk.42.ffn_up_shexp.weight
create_tensor: loading tensor blk.42.ffn_down_shexp.weight
create_tensor: loading tensor blk.43.hc_attn_norm.weight
create_tensor: loading tensor blk.43.hc_attn_down.weight
create_tensor: loading tensor blk.43.hc_attn_up.weight
create_tensor: loading tensor blk.43.hc_attn_inject.weight
create_tensor: loading tensor blk.43.hc_ffn_norm.weight
create_tensor: loading tensor blk.43.hc_ffn_down.weight
create_tensor: loading tensor blk.43.hc_ffn_up.weight
create_tensor: loading tensor blk.43.hc_ffn_inject.weight
create_tensor: loading tensor blk.43.attn_qkv.weight
create_tensor: loading tensor blk.43.attn_q.weight
create_tensor: loading tensor blk.43.attn_k.weight
create_tensor: loading tensor blk.43.attn_v.weight
create_tensor: loading tensor blk.43.attn_q.bias
create_tensor: loading tensor blk.43.attn_k.bias
create_tensor: loading tensor blk.43.attn_v.bias
create_tensor: loading tensor blk.43.attn_output.weight
create_tensor: loading tensor blk.43.attn_q_norm.weight
create_tensor: loading tensor blk.43.attn_k_norm.weight
create_tensor: loading tensor blk.43.indexer.q_proj.weight
create_tensor: loading tensor blk.43.indexer.k_proj.weight
create_tensor: loading tensor blk.43.indexer.q_norm.weight
create_tensor: loading tensor blk.43.indexer.k_norm.weight
create_tensor: loading tensor blk.43.ffn_gate_inp.weight
create_tensor: loading tensor blk.43.ffn_down_exps.weight
tensor blk.43.ffn_down_exps.weight (450 MiB iq4_nl) buffer type overridden to CUDA_Host
create_tensor: loading tensor blk.43.ffn_gate_up_exps.weight
create_tensor: loading tensor blk.43.ffn_gate_exps.weight
tensor blk.43.ffn_gate_exps.weight (343 MiB iq3_s) buffer type overridden to CUDA_Host
create_tensor: loading tensor blk.43.ffn_up_exps.weight
tensor blk.43.ffn_up_exps.weight (343 MiB iq3_s) buffer type overridden to CUDA_Host
create_tensor: loading tensor blk.43.ffn_gate_inp_shexp.weight
create_tensor: loading tensor blk.43.ffn_gate_shexp.weight
create_tensor: loading tensor blk.43.ffn_up_shexp.weight
create_tensor: loading tensor blk.43.ffn_down_shexp.weight
create_tensor: loading tensor blk.44.hc_attn_norm.weight
create_tensor: loading tensor blk.44.hc_attn_down.weight
create_tensor: loading tensor blk.44.hc_attn_up.weight
create_tensor: loading tensor blk.44.hc_attn_inject.weight
create_tensor: loading tensor blk.44.hc_ffn_norm.weight
create_tensor: loading tensor blk.44.hc_ffn_down.weight
create_tensor: loading tensor blk.44.hc_ffn_up.weight
create_tensor: loading tensor blk.44.hc_ffn_inject.weight
create_tensor: loading tensor blk.44.attn_qkv.weight
create_tensor: loading tensor blk.44.attn_gate.weight
create_tensor: loading tensor blk.44.ssm_conv1d.weight
create_tensor: loading tensor blk.44.ssm_dt.bias
create_tensor: loading tensor blk.44.ssm_a
create_tensor: loading tensor blk.44.ssm_beta.weight
create_tensor: loading tensor blk.44.ssm_alpha.weight
create_tensor: loading tensor blk.44.ssm_norm.weight
create_tensor: loading tensor blk.44.ssm_out.weight
create_tensor: loading tensor blk.44.ffn_gate_inp.weight
create_tensor: loading tensor blk.44.ffn_down_exps.weight
tensor blk.44.ffn_down_exps.weight (450 MiB iq4_nl) buffer type overridden to CUDA_Host
create_tensor: loading tensor blk.44.ffn_gate_up_exps.weight
create_tensor: loading tensor blk.44.ffn_gate_exps.weight
tensor blk.44.ffn_gate_exps.weight (343 MiB iq3_s) buffer type overridden to CUDA_Host
create_tensor: loading tensor blk.44.ffn_up_exps.weight
tensor blk.44.ffn_up_exps.weight (343 MiB iq3_s) buffer type overridden to CUDA_Host
create_tensor: loading tensor blk.44.ffn_gate_inp_shexp.weight
create_tensor: loading tensor blk.44.ffn_gate_shexp.weight
create_tensor: loading tensor blk.44.ffn_up_shexp.weight
create_tensor: loading tensor blk.44.ffn_down_shexp.weight
create_tensor: loading tensor blk.45.hc_attn_norm.weight
create_tensor: loading tensor blk.45.hc_attn_down.weight
create_tensor: loading tensor blk.45.hc_attn_up.weight
create_tensor: loading tensor blk.45.hc_attn_inject.weight
create_tensor: loading tensor blk.45.hc_ffn_norm.weight
create_tensor: loading tensor blk.45.hc_ffn_down.weight
create_tensor: loading tensor blk.45.hc_ffn_up.weight
create_tensor: loading tensor blk.45.hc_ffn_inject.weight
create_tensor: loading tensor blk.45.attn_qkv.weight
create_tensor: loading tensor blk.45.attn_gate.weight
create_tensor: loading tensor blk.45.ssm_conv1d.weight
create_tensor: loading tensor blk.45.ssm_dt.bias
create_tensor: loading tensor blk.45.ssm_a
create_tensor: loading tensor blk.45.ssm_beta.weight
create_tensor: loading tensor blk.45.ssm_alpha.weight
create_tensor: loading tensor blk.45.ssm_norm.weight
create_tensor: loading tensor blk.45.ssm_out.weight
create_tensor: loading tensor blk.45.ffn_gate_inp.weight
create_tensor: loading tensor blk.45.ffn_down_exps.weight
tensor blk.45.ffn_down_exps.weight (450 MiB iq4_nl) buffer type overridden to CUDA_Host
create_tensor: loading tensor blk.45.ffn_gate_up_exps.weight
create_tensor: loading tensor blk.45.ffn_gate_exps.weight
tensor blk.45.ffn_gate_exps.weight (343 MiB iq3_s) buffer type overridden to CUDA_Host
create_tensor: loading tensor blk.45.ffn_up_exps.weight
tensor blk.45.ffn_up_exps.weight (343 MiB iq3_s) buffer type overridden to CUDA_Host
create_tensor: loading tensor blk.45.ffn_gate_inp_shexp.weight
create_tensor: loading tensor blk.45.ffn_gate_shexp.weight
create_tensor: loading tensor blk.45.ffn_up_shexp.weight
create_tensor: loading tensor blk.45.ffn_down_shexp.weight
create_tensor: loading tensor blk.46.hc_attn_norm.weight
create_tensor: loading tensor blk.46.hc_attn_down.weight
create_tensor: loading tensor blk.46.hc_attn_up.weight
create_tensor: loading tensor blk.46.hc_attn_inject.weight
create_tensor: loading tensor blk.46.hc_ffn_norm.weight
create_tensor: loading tensor blk.46.hc_ffn_down.weight
create_tensor: loading tensor blk.46.hc_ffn_up.weight
create_tensor: loading tensor blk.46.hc_ffn_inject.weight
create_tensor: loading tensor blk.46.attn_qkv.weight
create_tensor: loading tensor blk.46.attn_gate.weight
create_tensor: loading tensor blk.46.ssm_conv1d.weight
create_tensor: loading tensor blk.46.ssm_dt.bias
create_tensor: loading tensor blk.46.ssm_a
create_tensor: loading tensor blk.46.ssm_beta.weight
create_tensor: loading tensor blk.46.ssm_alpha.weight
create_tensor: loading tensor blk.46.ssm_norm.weight
create_tensor: loading tensor blk.46.ssm_out.weight
create_tensor: loading tensor blk.46.ffn_gate_inp.weight
create_tensor: loading tensor blk.46.ffn_down_exps.weight
tensor blk.46.ffn_down_exps.weight (850 MiB q8_0) buffer type overridden to CUDA_Host
create_tensor: loading tensor blk.46.ffn_gate_up_exps.weight
create_tensor: loading tensor blk.46.ffn_gate_exps.weight
tensor blk.46.ffn_gate_exps.weight (343 MiB iq3_s) buffer type overridden to CUDA_Host
create_tensor: loading tensor blk.46.ffn_up_exps.weight
tensor blk.46.ffn_up_exps.weight (343 MiB iq3_s) buffer type overridden to CUDA_Host
create_tensor: loading tensor blk.46.ffn_gate_inp_shexp.weight
create_tensor: loading tensor blk.46.ffn_gate_shexp.weight
create_tensor: loading tensor blk.46.ffn_up_shexp.weight
create_tensor: loading tensor blk.46.ffn_down_shexp.weight
create_tensor: loading tensor blk.47.hc_attn_norm.weight
create_tensor: loading tensor blk.47.hc_attn_down.weight
create_tensor: loading tensor blk.47.hc_attn_up.weight
create_tensor: loading tensor blk.47.hc_attn_inject.weight
create_tensor: loading tensor blk.47.hc_ffn_norm.weight
create_tensor: loading tensor blk.47.hc_ffn_down.weight
create_tensor: loading tensor blk.47.hc_ffn_up.weight
create_tensor: loading tensor blk.47.hc_ffn_inject.weight
create_tensor: loading tensor blk.47.attn_qkv.weight
create_tensor: loading tensor blk.47.attn_q.weight
create_tensor: loading tensor blk.47.attn_k.weight
create_tensor: loading tensor blk.47.attn_v.weight
create_tensor: loading tensor blk.47.attn_q.bias
create_tensor: loading tensor blk.47.attn_k.bias
create_tensor: loading tensor blk.47.attn_v.bias
create_tensor: loading tensor blk.47.attn_output.weight
create_tensor: loading tensor blk.47.attn_q_norm.weight
create_tensor: loading tensor blk.47.attn_k_norm.weight
create_tensor: loading tensor blk.47.indexer.q_proj.weight
create_tensor: loading tensor blk.47.indexer.k_proj.weight
create_tensor: loading tensor blk.47.indexer.q_norm.weight
create_tensor: loading tensor blk.47.indexer.k_norm.weight
create_tensor: loading tensor blk.47.ffn_gate_inp.weight
create_tensor: loading tensor blk.47.ffn_down_exps.weight
tensor blk.47.ffn_down_exps.weight (850 MiB q8_0) buffer type overridden to CUDA_Host
create_tensor: loading tensor blk.47.ffn_gate_up_exps.weight
create_tensor: loading tensor blk.47.ffn_gate_exps.weight
tensor blk.47.ffn_gate_exps.weight (343 MiB iq3_s) buffer type overridden to CUDA_Host
create_tensor: loading tensor blk.47.ffn_up_exps.weight
tensor blk.47.ffn_up_exps.weight (343 MiB iq3_s) buffer type overridden to CUDA_Host
create_tensor: loading tensor blk.47.ffn_gate_inp_shexp.weight
create_tensor: loading tensor blk.47.ffn_gate_shexp.weight
create_tensor: loading tensor blk.47.ffn_up_shexp.weight
create_tensor: loading tensor blk.47.ffn_down_shexp.weight
create_tensor: loading tensor blk.0.attn_qkv.scale
create_tensor: loading tensor blk.0.attn_gate.scale
create_tensor: loading tensor blk.0.ffn_gate_shexp.scale
create_tensor: loading tensor blk.0.ffn_down_shexp.scale
create_tensor: loading tensor blk.0.ffn_up_shexp.scale
create_tensor: loading tensor blk.0.ffn_gate_exps.scale
create_tensor: loading tensor blk.0.ffn_down_exps.scale
create_tensor: loading tensor blk.0.ffn_up_exps.scale
create_tensor: loading tensor blk.0.ssm_out.scale
create_tensor: loading tensor blk.0.ssm_alpha.scale
create_tensor: loading tensor blk.0.ssm_beta.scale
create_tensor: loading tensor blk.0.attn_qkv.input_scale
create_tensor: loading tensor blk.0.attn_gate.input_scale
create_tensor: loading tensor blk.0.ffn_gate_exps.input_scale
create_tensor: loading tensor blk.0.ffn_down_exps.input_scale
create_tensor: loading tensor blk.0.ffn_up_exps.input_scale
create_tensor: loading tensor blk.0.ffn_gate_shexp.input_scale
create_tensor: loading tensor blk.0.ffn_down_shexp.input_scale
create_tensor: loading tensor blk.0.ffn_up_shexp.input_scale
create_tensor: loading tensor blk.0.ssm_out.input_scale
create_tensor: loading tensor blk.0.ssm_alpha.input_scale
create_tensor: loading tensor blk.0.ssm_beta.input_scale
create_tensor: loading tensor blk.1.attn_qkv.scale
create_tensor: loading tensor blk.1.attn_gate.scale
create_tensor: loading tensor blk.1.ffn_gate_shexp.scale
create_tensor: loading tensor blk.1.ffn_down_shexp.scale
create_tensor: loading tensor blk.1.ffn_up_shexp.scale
create_tensor: loading tensor blk.1.ffn_gate_exps.scale
create_tensor: loading tensor blk.1.ffn_down_exps.scale
create_tensor: loading tensor blk.1.ffn_up_exps.scale
create_tensor: loading tensor blk.1.ssm_out.scale
create_tensor: loading tensor blk.1.ssm_alpha.scale
create_tensor: loading tensor blk.1.ssm_beta.scale
create_tensor: loading tensor blk.1.attn_qkv.input_scale
create_tensor: loading tensor blk.1.attn_gate.input_scale
create_tensor: loading tensor blk.1.ffn_gate_exps.input_scale
create_tensor: loading tensor blk.1.ffn_down_exps.input_scale
create_tensor: loading tensor blk.1.ffn_up_exps.input_scale
create_tensor: loading tensor blk.1.ffn_gate_shexp.input_scale
create_tensor: loading tensor blk.1.ffn_down_shexp.input_scale
create_tensor: loading tensor blk.1.ffn_up_shexp.input_scale
create_tensor: loading tensor blk.1.ssm_out.input_scale
create_tensor: loading tensor blk.1.ssm_alpha.input_scale
create_tensor: loading tensor blk.1.ssm_beta.input_scale
create_tensor: loading tensor blk.2.attn_qkv.scale
create_tensor: loading tensor blk.2.attn_gate.scale
create_tensor: loading tensor blk.2.ffn_gate_shexp.scale
create_tensor: loading tensor blk.2.ffn_down_shexp.scale
create_tensor: loading tensor blk.2.ffn_up_shexp.scale
create_tensor: loading tensor blk.2.ffn_gate_exps.scale
create_tensor: loading tensor blk.2.ffn_down_exps.scale
create_tensor: loading tensor blk.2.ffn_up_exps.scale
create_tensor: loading tensor blk.2.ssm_out.scale
create_tensor: loading tensor blk.2.ssm_alpha.scale
create_tensor: loading tensor blk.2.ssm_beta.scale
create_tensor: loading tensor blk.2.attn_qkv.input_scale
create_tensor: loading tensor blk.2.attn_gate.input_scale
create_tensor: loading tensor blk.2.ffn_gate_exps.input_scale
create_tensor: loading tensor blk.2.ffn_down_exps.input_scale
create_tensor: loading tensor blk.2.ffn_up_exps.input_scale
create_tensor: loading tensor blk.2.ffn_gate_shexp.input_scale
create_tensor: loading tensor blk.2.ffn_down_shexp.input_scale
create_tensor: loading tensor blk.2.ffn_up_shexp.input_scale
create_tensor: loading tensor blk.2.ssm_out.input_scale
create_tensor: loading tensor blk.2.ssm_alpha.input_scale
create_tensor: loading tensor blk.2.ssm_beta.input_scale
create_tensor: loading tensor blk.3.attn_q.scale
create_tensor: loading tensor blk.3.attn_k.scale
create_tensor: loading tensor blk.3.attn_v.scale
create_tensor: loading tensor blk.3.attn_output.scale
create_tensor: loading tensor blk.3.ffn_gate_shexp.scale
create_tensor: loading tensor blk.3.ffn_down_shexp.scale
create_tensor: loading tensor blk.3.ffn_up_shexp.scale
create_tensor: loading tensor blk.3.ffn_gate_exps.scale
create_tensor: loading tensor blk.3.ffn_down_exps.scale
create_tensor: loading tensor blk.3.ffn_up_exps.scale
create_tensor: loading tensor blk.3.attn_q.input_scale
create_tensor: loading tensor blk.3.attn_k.input_scale
create_tensor: loading tensor blk.3.attn_v.input_scale
create_tensor: loading tensor blk.3.attn_output.input_scale
create_tensor: loading tensor blk.3.ffn_gate_exps.input_scale
create_tensor: loading tensor blk.3.ffn_down_exps.input_scale
create_tensor: loading tensor blk.3.ffn_up_exps.input_scale
create_tensor: loading tensor blk.3.ffn_gate_shexp.input_scale
create_tensor: loading tensor blk.3.ffn_down_shexp.input_scale
create_tensor: loading tensor blk.3.ffn_up_shexp.input_scale
create_tensor: loading tensor blk.4.attn_qkv.scale
create_tensor: loading tensor blk.4.attn_gate.scale
create_tensor: loading tensor blk.4.ffn_gate_shexp.scale
create_tensor: loading tensor blk.4.ffn_down_shexp.scale
create_tensor: loading tensor blk.4.ffn_up_shexp.scale
create_tensor: loading tensor blk.4.ffn_gate_exps.scale
create_tensor: loading tensor blk.4.ffn_down_exps.scale
create_tensor: loading tensor blk.4.ffn_up_exps.scale
create_tensor: loading tensor blk.4.ssm_out.scale
create_tensor: loading tensor blk.4.ssm_alpha.scale
create_tensor: loading tensor blk.4.ssm_beta.scale
create_tensor: loading tensor blk.4.attn_qkv.input_scale
create_tensor: loading tensor blk.4.attn_gate.input_scale
create_tensor: loading tensor blk.4.ffn_gate_exps.input_scale
create_tensor: loading tensor blk.4.ffn_down_exps.input_scale
create_tensor: loading tensor blk.4.ffn_up_exps.input_scale
create_tensor: loading tensor blk.4.ffn_gate_shexp.input_scale
create_tensor: loading tensor blk.4.ffn_down_shexp.input_scale
create_tensor: loading tensor blk.4.ffn_up_shexp.input_scale
create_tensor: loading tensor blk.4.ssm_out.input_scale
create_tensor: loading tensor blk.4.ssm_alpha.input_scale
create_tensor: loading tensor blk.4.ssm_beta.input_scale
create_tensor: loading tensor blk.5.attn_qkv.scale
create_tensor: loading tensor blk.5.attn_gate.scale
create_tensor: loading tensor blk.5.ffn_gate_shexp.scale
create_tensor: loading tensor blk.5.ffn_down_shexp.scale
create_tensor: loading tensor blk.5.ffn_up_shexp.scale
create_tensor: loading tensor blk.5.ffn_gate_exps.scale
create_tensor: loading tensor blk.5.ffn_down_exps.scale
create_tensor: loading tensor blk.5.ffn_up_exps.scale
create_tensor: loading tensor blk.5.ssm_out.scale
create_tensor: loading tensor blk.5.ssm_alpha.scale
create_tensor: loading tensor blk.5.ssm_beta.scale
create_tensor: loading tensor blk.5.attn_qkv.input_scale
create_tensor: loading tensor blk.5.attn_gate.input_scale
create_tensor: loading tensor blk.5.ffn_gate_exps.input_scale
create_tensor: loading tensor blk.5.ffn_down_exps.input_scale
create_tensor: loading tensor blk.5.ffn_up_exps.input_scale
create_tensor: loading tensor blk.5.ffn_gate_shexp.input_scale
create_tensor: loading tensor blk.5.ffn_down_shexp.input_scale
create_tensor: loading tensor blk.5.ffn_up_shexp.input_scale
create_tensor: loading tensor blk.5.ssm_out.input_scale
create_tensor: loading tensor blk.5.ssm_alpha.input_scale
create_tensor: loading tensor blk.5.ssm_beta.input_scale
create_tensor: loading tensor blk.6.attn_qkv.scale
create_tensor: loading tensor blk.6.attn_gate.scale
create_tensor: loading tensor blk.6.ffn_gate_shexp.scale
create_tensor: loading tensor blk.6.ffn_down_shexp.scale
create_tensor: loading tensor blk.6.ffn_up_shexp.scale
create_tensor: loading tensor blk.6.ffn_gate_exps.scale
create_tensor: loading tensor blk.6.ffn_down_exps.scale
create_tensor: loading tensor blk.6.ffn_up_exps.scale
create_tensor: loading tensor blk.6.ssm_out.scale
create_tensor: loading tensor blk.6.ssm_alpha.scale
create_tensor: loading tensor blk.6.ssm_beta.scale
create_tensor: loading tensor blk.6.attn_qkv.input_scale
create_tensor: loading tensor blk.6.attn_gate.input_scale
create_tensor: loading tensor blk.6.ffn_gate_exps.input_scale
create_tensor: loading tensor blk.6.ffn_down_exps.input_scale
create_tensor: loading tensor blk.6.ffn_up_exps.input_scale
create_tensor: loading tensor blk.6.ffn_gate_shexp.input_scale
create_tensor: loading tensor blk.6.ffn_down_shexp.input_scale
create_tensor: loading tensor blk.6.ffn_up_shexp.input_scale
create_tensor: loading tensor blk.6.ssm_out.input_scale
create_tensor: loading tensor blk.6.ssm_alpha.input_scale
create_tensor: loading tensor blk.6.ssm_beta.input_scale
create_tensor: loading tensor blk.7.attn_q.scale
create_tensor: loading tensor blk.7.attn_k.scale
create_tensor: loading tensor blk.7.attn_v.scale
create_tensor: loading tensor blk.7.attn_output.scale
create_tensor: loading tensor blk.7.ffn_gate_shexp.scale
create_tensor: loading tensor blk.7.ffn_down_shexp.scale
create_tensor: loading tensor blk.7.ffn_up_shexp.scale
create_tensor: loading tensor blk.7.ffn_gate_exps.scale
create_tensor: loading tensor blk.7.ffn_down_exps.scale
create_tensor: loading tensor blk.7.ffn_up_exps.scale
create_tensor: loading tensor blk.7.attn_q.input_scale
create_tensor: loading tensor blk.7.attn_k.input_scale
create_tensor: loading tensor blk.7.attn_v.input_scale
create_tensor: loading tensor blk.7.attn_output.input_scale
create_tensor: loading tensor blk.7.ffn_gate_exps.input_scale
create_tensor: loading tensor blk.7.ffn_down_exps.input_scale
create_tensor: loading tensor blk.7.ffn_up_exps.input_scale
create_tensor: loading tensor blk.7.ffn_gate_shexp.input_scale
create_tensor: loading tensor blk.7.ffn_down_shexp.input_scale
create_tensor: loading tensor blk.7.ffn_up_shexp.input_scale
create_tensor: loading tensor blk.8.attn_qkv.scale
create_tensor: loading tensor blk.8.attn_gate.scale
create_tensor: loading tensor blk.8.ffn_gate_shexp.scale
create_tensor: loading tensor blk.8.ffn_down_shexp.scale
create_tensor: loading tensor blk.8.ffn_up_shexp.scale
create_tensor: loading tensor blk.8.ffn_gate_exps.scale
create_tensor: loading tensor blk.8.ffn_down_exps.scale
create_tensor: loading tensor blk.8.ffn_up_exps.scale
create_tensor: loading tensor blk.8.ssm_out.scale
create_tensor: loading tensor blk.8.ssm_alpha.scale
create_tensor: loading tensor blk.8.ssm_beta.scale
create_tensor: loading tensor blk.8.attn_qkv.input_scale
create_tensor: loading tensor blk.8.attn_gate.input_scale
create_tensor: loading tensor blk.8.ffn_gate_exps.input_scale
create_tensor: loading tensor blk.8.ffn_down_exps.input_scale
create_tensor: loading tensor blk.8.ffn_up_exps.input_scale
create_tensor: loading tensor blk.8.ffn_gate_shexp.input_scale
create_tensor: loading tensor blk.8.ffn_down_shexp.input_scale
create_tensor: loading tensor blk.8.ffn_up_shexp.input_scale
create_tensor: loading tensor blk.8.ssm_out.input_scale
create_tensor: loading tensor blk.8.ssm_alpha.input_scale
create_tensor: loading tensor blk.8.ssm_beta.input_scale
create_tensor: loading tensor blk.9.attn_qkv.scale
create_tensor: loading tensor blk.9.attn_gate.scale
create_tensor: loading tensor blk.9.ffn_gate_shexp.scale
create_tensor: loading tensor blk.9.ffn_down_shexp.scale
create_tensor: loading tensor blk.9.ffn_up_shexp.scale
create_tensor: loading tensor blk.9.ffn_gate_exps.scale
create_tensor: loading tensor blk.9.ffn_down_exps.scale
create_tensor: loading tensor blk.9.ffn_up_exps.scale
create_tensor: loading tensor blk.9.ssm_out.scale
create_tensor: loading tensor blk.9.ssm_alpha.scale
create_tensor: loading tensor blk.9.ssm_beta.scale
create_tensor: loading tensor blk.9.attn_qkv.input_scale
create_tensor: loading tensor blk.9.attn_gate.input_scale
create_tensor: loading tensor blk.9.ffn_gate_exps.input_scale
create_tensor: loading tensor blk.9.ffn_down_exps.input_scale
create_tensor: loading tensor blk.9.ffn_up_exps.input_scale
create_tensor: loading tensor blk.9.ffn_gate_shexp.input_scale
create_tensor: loading tensor blk.9.ffn_down_shexp.input_scale
create_tensor: loading tensor blk.9.ffn_up_shexp.input_scale
create_tensor: loading tensor blk.9.ssm_out.input_scale
create_tensor: loading tensor blk.9.ssm_alpha.input_scale
create_tensor: loading tensor blk.9.ssm_beta.input_scale
create_tensor: loading tensor blk.10.attn_qkv.scale
create_tensor: loading tensor blk.10.attn_gate.scale
create_tensor: loading tensor blk.10.ffn_gate_shexp.scale
create_tensor: loading tensor blk.10.ffn_down_shexp.scale
create_tensor: loading tensor blk.10.ffn_up_shexp.scale
create_tensor: loading tensor blk.10.ffn_gate_exps.scale
create_tensor: loading tensor blk.10.ffn_down_exps.scale
create_tensor: loading tensor blk.10.ffn_up_exps.scale
create_tensor: loading tensor blk.10.ssm_out.scale
create_tensor: loading tensor blk.10.ssm_alpha.scale
create_tensor: loading tensor blk.10.ssm_beta.scale
create_tensor: loading tensor blk.10.attn_qkv.input_scale
create_tensor: loading tensor blk.10.attn_gate.input_scale
create_tensor: loading tensor blk.10.ffn_gate_exps.input_scale
create_tensor: loading tensor blk.10.ffn_down_exps.input_scale
create_tensor: loading tensor blk.10.ffn_up_exps.input_scale
create_tensor: loading tensor blk.10.ffn_gate_shexp.input_scale
create_tensor: loading tensor blk.10.ffn_down_shexp.input_scale
create_tensor: loading tensor blk.10.ffn_up_shexp.input_scale
create_tensor: loading tensor blk.10.ssm_out.input_scale
create_tensor: loading tensor blk.10.ssm_alpha.input_scale
create_tensor: loading tensor blk.10.ssm_beta.input_scale
create_tensor: loading tensor blk.11.attn_q.scale
create_tensor: loading tensor blk.11.attn_k.scale
create_tensor: loading tensor blk.11.attn_v.scale
create_tensor: loading tensor blk.11.attn_output.scale
create_tensor: loading tensor blk.11.ffn_gate_shexp.scale
create_tensor: loading tensor blk.11.ffn_down_shexp.scale
create_tensor: loading tensor blk.11.ffn_up_shexp.scale
create_tensor: loading tensor blk.11.ffn_gate_exps.scale
create_tensor: loading tensor blk.11.ffn_down_exps.scale
create_tensor: loading tensor blk.11.ffn_up_exps.scale
create_tensor: loading tensor blk.11.attn_q.input_scale
create_tensor: loading tensor blk.11.attn_k.input_scale
create_tensor: loading tensor blk.11.attn_v.input_scale
create_tensor: loading tensor blk.11.attn_output.input_scale
create_tensor: loading tensor blk.11.ffn_gate_exps.input_scale
create_tensor: loading tensor blk.11.ffn_down_exps.input_scale
create_tensor: loading tensor blk.11.ffn_up_exps.input_scale
create_tensor: loading tensor blk.11.ffn_gate_shexp.input_scale
create_tensor: loading tensor blk.11.ffn_down_shexp.input_scale
create_tensor: loading tensor blk.11.ffn_up_shexp.input_scale
create_tensor: loading tensor blk.12.attn_qkv.scale
create_tensor: loading tensor blk.12.attn_gate.scale
create_tensor: loading tensor blk.12.ffn_gate_shexp.scale
create_tensor: loading tensor blk.12.ffn_down_shexp.scale
create_tensor: loading tensor blk.12.ffn_up_shexp.scale
create_tensor: loading tensor blk.12.ffn_gate_exps.scale
create_tensor: loading tensor blk.12.ffn_down_exps.scale
create_tensor: loading tensor blk.12.ffn_up_exps.scale
create_tensor: loading tensor blk.12.ssm_out.scale
create_tensor: loading tensor blk.12.ssm_alpha.scale
create_tensor: loading tensor blk.12.ssm_beta.scale
create_tensor: loading tensor blk.12.attn_qkv.input_scale
create_tensor: loading tensor blk.12.attn_gate.input_scale
create_tensor: loading tensor blk.12.ffn_gate_exps.input_scale
create_tensor: loading tensor blk.12.ffn_down_exps.input_scale
create_tensor: loading tensor blk.12.ffn_up_exps.input_scale
create_tensor: loading tensor blk.12.ffn_gate_shexp.input_scale
create_tensor: loading tensor blk.12.ffn_down_shexp.input_scale
create_tensor: loading tensor blk.12.ffn_up_shexp.input_scale
create_tensor: loading tensor blk.12.ssm_out.input_scale
create_tensor: loading tensor blk.12.ssm_alpha.input_scale
create_tensor: loading tensor blk.12.ssm_beta.input_scale
create_tensor: loading tensor blk.13.attn_qkv.scale
create_tensor: loading tensor blk.13.attn_gate.scale
create_tensor: loading tensor blk.13.ffn_gate_shexp.scale
create_tensor: loading tensor blk.13.ffn_down_shexp.scale
create_tensor: loading tensor blk.13.ffn_up_shexp.scale
create_tensor: loading tensor blk.13.ffn_gate_exps.scale
create_tensor: loading tensor blk.13.ffn_down_exps.scale
create_tensor: loading tensor blk.13.ffn_up_exps.scale
create_tensor: loading tensor blk.13.ssm_out.scale
create_tensor: loading tensor blk.13.ssm_alpha.scale
create_tensor: loading tensor blk.13.ssm_beta.scale
create_tensor: loading tensor blk.13.attn_qkv.input_scale
create_tensor: loading tensor blk.13.attn_gate.input_scale
create_tensor: loading tensor blk.13.ffn_gate_exps.input_scale
create_tensor: loading tensor blk.13.ffn_down_exps.input_scale
create_tensor: loading tensor blk.13.ffn_up_exps.input_scale
create_tensor: loading tensor blk.13.ffn_gate_shexp.input_scale
create_tensor: loading tensor blk.13.ffn_down_shexp.input_scale
create_tensor: loading tensor blk.13.ffn_up_shexp.input_scale
create_tensor: loading tensor blk.13.ssm_out.input_scale
create_tensor: loading tensor blk.13.ssm_alpha.input_scale
create_tensor: loading tensor blk.13.ssm_beta.input_scale
create_tensor: loading tensor blk.14.attn_qkv.scale
create_tensor: loading tensor blk.14.attn_gate.scale
create_tensor: loading tensor blk.14.ffn_gate_shexp.scale
create_tensor: loading tensor blk.14.ffn_down_shexp.scale
create_tensor: loading tensor blk.14.ffn_up_shexp.scale
create_tensor: loading tensor blk.14.ffn_gate_exps.scale
create_tensor: loading tensor blk.14.ffn_down_exps.scale
create_tensor: loading tensor blk.14.ffn_up_exps.scale
create_tensor: loading tensor blk.14.ssm_out.scale
create_tensor: loading tensor blk.14.ssm_alpha.scale
create_tensor: loading tensor blk.14.ssm_beta.scale
create_tensor: loading tensor blk.14.attn_qkv.input_scale
create_tensor: loading tensor blk.14.attn_gate.input_scale
create_tensor: loading tensor blk.14.ffn_gate_exps.input_scale
create_tensor: loading tensor blk.14.ffn_down_exps.input_scale
create_tensor: loading tensor blk.14.ffn_up_exps.input_scale
create_tensor: loading tensor blk.14.ffn_gate_shexp.input_scale
create_tensor: loading tensor blk.14.ffn_down_shexp.input_scale
create_tensor: loading tensor blk.14.ffn_up_shexp.input_scale
create_tensor: loading tensor blk.14.ssm_out.input_scale
create_tensor: loading tensor blk.14.ssm_alpha.input_scale
create_tensor: loading tensor blk.14.ssm_beta.input_scale
create_tensor: loading tensor blk.15.attn_q.scale
create_tensor: loading tensor blk.15.attn_k.scale
create_tensor: loading tensor blk.15.attn_v.scale
create_tensor: loading tensor blk.15.attn_output.scale
create_tensor: loading tensor blk.15.ffn_gate_shexp.scale
create_tensor: loading tensor blk.15.ffn_down_shexp.scale
create_tensor: loading tensor blk.15.ffn_up_shexp.scale
create_tensor: loading tensor blk.15.ffn_gate_exps.scale
create_tensor: loading tensor blk.15.ffn_down_exps.scale
create_tensor: loading tensor blk.15.ffn_up_exps.scale
create_tensor: loading tensor blk.15.attn_q.input_scale
create_tensor: loading tensor blk.15.attn_k.input_scale
create_tensor: loading tensor blk.15.attn_v.input_scale
create_tensor: loading tensor blk.15.attn_output.input_scale
create_tensor: loading tensor blk.15.ffn_gate_exps.input_scale
create_tensor: loading tensor blk.15.ffn_down_exps.input_scale
create_tensor: loading tensor blk.15.ffn_up_exps.input_scale
create_tensor: loading tensor blk.15.ffn_gate_shexp.input_scale
create_tensor: loading tensor blk.15.ffn_down_shexp.input_scale
create_tensor: loading tensor blk.15.ffn_up_shexp.input_scale
create_tensor: loading tensor blk.16.attn_qkv.scale
create_tensor: loading tensor blk.16.attn_gate.scale
create_tensor: loading tensor blk.16.ffn_gate_shexp.scale
create_tensor: loading tensor blk.16.ffn_down_shexp.scale
create_tensor: loading tensor blk.16.ffn_up_shexp.scale
create_tensor: loading tensor blk.16.ffn_gate_exps.scale
create_tensor: loading tensor blk.16.ffn_down_exps.scale
create_tensor: loading tensor blk.16.ffn_up_exps.scale
create_tensor: loading tensor blk.16.ssm_out.scale
create_tensor: loading tensor blk.16.ssm_alpha.scale
create_tensor: loading tensor blk.16.ssm_beta.scale
create_tensor: loading tensor blk.16.attn_qkv.input_scale
create_tensor: loading tensor blk.16.attn_gate.input_scale
create_tensor: loading tensor blk.16.ffn_gate_exps.input_scale
create_tensor: loading tensor blk.16.ffn_down_exps.input_scale
create_tensor: loading tensor blk.16.ffn_up_exps.input_scale
create_tensor: loading tensor blk.16.ffn_gate_shexp.input_scale
create_tensor: loading tensor blk.16.ffn_down_shexp.input_scale
create_tensor: loading tensor blk.16.ffn_up_shexp.input_scale
create_tensor: loading tensor blk.16.ssm_out.input_scale
create_tensor: loading tensor blk.16.ssm_alpha.input_scale
create_tensor: loading tensor blk.16.ssm_beta.input_scale
create_tensor: loading tensor blk.17.attn_qkv.scale
create_tensor: loading tensor blk.17.attn_gate.scale
create_tensor: loading tensor blk.17.ffn_gate_shexp.scale
create_tensor: loading tensor blk.17.ffn_down_shexp.scale
create_tensor: loading tensor blk.17.ffn_up_shexp.scale
create_tensor: loading tensor blk.17.ffn_gate_exps.scale
create_tensor: loading tensor blk.17.ffn_down_exps.scale
create_tensor: loading tensor blk.17.ffn_up_exps.scale
create_tensor: loading tensor blk.17.ssm_out.scale
create_tensor: loading tensor blk.17.ssm_alpha.scale
create_tensor: loading tensor blk.17.ssm_beta.scale
create_tensor: loading tensor blk.17.attn_qkv.input_scale
create_tensor: loading tensor blk.17.attn_gate.input_scale
create_tensor: loading tensor blk.17.ffn_gate_exps.input_scale
create_tensor: loading tensor blk.17.ffn_down_exps.input_scale
create_tensor: loading tensor blk.17.ffn_up_exps.input_scale
create_tensor: loading tensor blk.17.ffn_gate_shexp.input_scale
create_tensor: loading tensor blk.17.ffn_down_shexp.input_scale
create_tensor: loading tensor blk.17.ffn_up_shexp.input_scale
create_tensor: loading tensor blk.17.ssm_out.input_scale
create_tensor: loading tensor blk.17.ssm_alpha.input_scale
create_tensor: loading tensor blk.17.ssm_beta.input_scale
create_tensor: loading tensor blk.18.attn_qkv.scale
create_tensor: loading tensor blk.18.attn_gate.scale
create_tensor: loading tensor blk.18.ffn_gate_shexp.scale
create_tensor: loading tensor blk.18.ffn_down_shexp.scale
create_tensor: loading tensor blk.18.ffn_up_shexp.scale
create_tensor: loading tensor blk.18.ffn_gate_exps.scale
create_tensor: loading tensor blk.18.ffn_down_exps.scale
create_tensor: loading tensor blk.18.ffn_up_exps.scale
create_tensor: loading tensor blk.18.ssm_out.scale
create_tensor: loading tensor blk.18.ssm_alpha.scale
create_tensor: loading tensor blk.18.ssm_beta.scale
create_tensor: loading tensor blk.18.attn_qkv.input_scale
create_tensor: loading tensor blk.18.attn_gate.input_scale
create_tensor: loading tensor blk.18.ffn_gate_exps.input_scale
create_tensor: loading tensor blk.18.ffn_down_exps.input_scale
create_tensor: loading tensor blk.18.ffn_up_exps.input_scale
create_tensor: loading tensor blk.18.ffn_gate_shexp.input_scale
create_tensor: loading tensor blk.18.ffn_down_shexp.input_scale
create_tensor: loading tensor blk.18.ffn_up_shexp.input_scale
create_tensor: loading tensor blk.18.ssm_out.input_scale
create_tensor: loading tensor blk.18.ssm_alpha.input_scale
create_tensor: loading tensor blk.18.ssm_beta.input_scale
create_tensor: loading tensor blk.19.attn_q.scale
create_tensor: loading tensor blk.19.attn_k.scale
create_tensor: loading tensor blk.19.attn_v.scale
create_tensor: loading tensor blk.19.attn_output.scale
create_tensor: loading tensor blk.19.ffn_gate_shexp.scale
create_tensor: loading tensor blk.19.ffn_down_shexp.scale
create_tensor: loading tensor blk.19.ffn_up_shexp.scale
create_tensor: loading tensor blk.19.ffn_gate_exps.scale
create_tensor: loading tensor blk.19.ffn_down_exps.scale
create_tensor: loading tensor blk.19.ffn_up_exps.scale
create_tensor: loading tensor blk.19.attn_q.input_scale
create_tensor: loading tensor blk.19.attn_k.input_scale
create_tensor: loading tensor blk.19.attn_v.input_scale
create_tensor: loading tensor blk.19.attn_output.input_scale
create_tensor: loading tensor blk.19.ffn_gate_exps.input_scale
create_tensor: loading tensor blk.19.ffn_down_exps.input_scale
create_tensor: loading tensor blk.19.ffn_up_exps.input_scale
create_tensor: loading tensor blk.19.ffn_gate_shexp.input_scale
create_tensor: loading tensor blk.19.ffn_down_shexp.input_scale
create_tensor: loading tensor blk.19.ffn_up_shexp.input_scale
create_tensor: loading tensor blk.20.attn_qkv.scale
create_tensor: loading tensor blk.20.attn_gate.scale
create_tensor: loading tensor blk.20.ffn_gate_shexp.scale
create_tensor: loading tensor blk.20.ffn_down_shexp.scale
create_tensor: loading tensor blk.20.ffn_up_shexp.scale
create_tensor: loading tensor blk.20.ffn_gate_exps.scale
create_tensor: loading tensor blk.20.ffn_down_exps.scale
create_tensor: loading tensor blk.20.ffn_up_exps.scale
create_tensor: loading tensor blk.20.ssm_out.scale
create_tensor: loading tensor blk.20.ssm_alpha.scale
create_tensor: loading tensor blk.20.ssm_beta.scale
create_tensor: loading tensor blk.20.attn_qkv.input_scale
create_tensor: loading tensor blk.20.attn_gate.input_scale
create_tensor: loading tensor blk.20.ffn_gate_exps.input_scale
create_tensor: loading tensor blk.20.ffn_down_exps.input_scale
create_tensor: loading tensor blk.20.ffn_up_exps.input_scale
create_tensor: loading tensor blk.20.ffn_gate_shexp.input_scale
create_tensor: loading tensor blk.20.ffn_down_shexp.input_scale
create_tensor: loading tensor blk.20.ffn_up_shexp.input_scale
create_tensor: loading tensor blk.20.ssm_out.input_scale
create_tensor: loading tensor blk.20.ssm_alpha.input_scale
create_tensor: loading tensor blk.20.ssm_beta.input_scale
create_tensor: loading tensor blk.21.attn_qkv.scale
create_tensor: loading tensor blk.21.attn_gate.scale
create_tensor: loading tensor blk.21.ffn_gate_shexp.scale
create_tensor: loading tensor blk.21.ffn_down_shexp.scale
create_tensor: loading tensor blk.21.ffn_up_shexp.scale
create_tensor: loading tensor blk.21.ffn_gate_exps.scale
create_tensor: loading tensor blk.21.ffn_down_exps.scale
create_tensor: loading tensor blk.21.ffn_up_exps.scale
create_tensor: loading tensor blk.21.ssm_out.scale
create_tensor: loading tensor blk.21.ssm_alpha.scale
create_tensor: loading tensor blk.21.ssm_beta.scale
create_tensor: loading tensor blk.21.attn_qkv.input_scale
create_tensor: loading tensor blk.21.attn_gate.input_scale
create_tensor: loading tensor blk.21.ffn_gate_exps.input_scale
create_tensor: loading tensor blk.21.ffn_down_exps.input_scale
create_tensor: loading tensor blk.21.ffn_up_exps.input_scale
create_tensor: loading tensor blk.21.ffn_gate_shexp.input_scale
create_tensor: loading tensor blk.21.ffn_down_shexp.input_scale
create_tensor: loading tensor blk.21.ffn_up_shexp.input_scale
create_tensor: loading tensor blk.21.ssm_out.input_scale
create_tensor: loading tensor blk.21.ssm_alpha.input_scale
create_tensor: loading tensor blk.21.ssm_beta.input_scale
create_tensor: loading tensor blk.22.attn_qkv.scale
create_tensor: loading tensor blk.22.attn_gate.scale
create_tensor: loading tensor blk.22.ffn_gate_shexp.scale
create_tensor: loading tensor blk.22.ffn_down_shexp.scale
create_tensor: loading tensor blk.22.ffn_up_shexp.scale
create_tensor: loading tensor blk.22.ffn_gate_exps.scale
create_tensor: loading tensor blk.22.ffn_down_exps.scale
create_tensor: loading tensor blk.22.ffn_up_exps.scale
create_tensor: loading tensor blk.22.ssm_out.scale
create_tensor: loading tensor blk.22.ssm_alpha.scale
create_tensor: loading tensor blk.22.ssm_beta.scale
create_tensor: loading tensor blk.22.attn_qkv.input_scale
create_tensor: loading tensor blk.22.attn_gate.input_scale
create_tensor: loading tensor blk.22.ffn_gate_exps.input_scale
create_tensor: loading tensor blk.22.ffn_down_exps.input_scale
create_tensor: loading tensor blk.22.ffn_up_exps.input_scale
create_tensor: loading tensor blk.22.ffn_gate_shexp.input_scale
create_tensor: loading tensor blk.22.ffn_down_shexp.input_scale
create_tensor: loading tensor blk.22.ffn_up_shexp.input_scale
create_tensor: loading tensor blk.22.ssm_out.input_scale
create_tensor: loading tensor blk.22.ssm_alpha.input_scale
create_tensor: loading tensor blk.22.ssm_beta.input_scale
create_tensor: loading tensor blk.23.attn_q.scale
create_tensor: loading tensor blk.23.attn_k.scale
create_tensor: loading tensor blk.23.attn_v.scale
create_tensor: loading tensor blk.23.attn_output.scale
create_tensor: loading tensor blk.23.ffn_gate_shexp.scale
create_tensor: loading tensor blk.23.ffn_down_shexp.scale
create_tensor: loading tensor blk.23.ffn_up_shexp.scale
create_tensor: loading tensor blk.23.ffn_gate_exps.scale
create_tensor: loading tensor blk.23.ffn_down_exps.scale
create_tensor: loading tensor blk.23.ffn_up_exps.scale
create_tensor: loading tensor blk.23.attn_q.input_scale
create_tensor: loading tensor blk.23.attn_k.input_scale
create_tensor: loading tensor blk.23.attn_v.input_scale
create_tensor: loading tensor blk.23.attn_output.input_scale
create_tensor: loading tensor blk.23.ffn_gate_exps.input_scale
create_tensor: loading tensor blk.23.ffn_down_exps.input_scale
create_tensor: loading tensor blk.23.ffn_up_exps.input_scale
create_tensor: loading tensor blk.23.ffn_gate_shexp.input_scale
create_tensor: loading tensor blk.23.ffn_down_shexp.input_scale
create_tensor: loading tensor blk.23.ffn_up_shexp.input_scale
create_tensor: loading tensor blk.24.attn_qkv.scale
create_tensor: loading tensor blk.24.attn_gate.scale
create_tensor: loading tensor blk.24.ffn_gate_shexp.scale
create_tensor: loading tensor blk.24.ffn_down_shexp.scale
create_tensor: loading tensor blk.24.ffn_up_shexp.scale
create_tensor: loading tensor blk.24.ffn_gate_exps.scale
create_tensor: loading tensor blk.24.ffn_down_exps.scale
create_tensor: loading tensor blk.24.ffn_up_exps.scale
create_tensor: loading tensor blk.24.ssm_out.scale
create_tensor: loading tensor blk.24.ssm_alpha.scale
create_tensor: loading tensor blk.24.ssm_beta.scale
create_tensor: loading tensor blk.24.attn_qkv.input_scale
create_tensor: loading tensor blk.24.attn_gate.input_scale
create_tensor: loading tensor blk.24.ffn_gate_exps.input_scale
create_tensor: loading tensor blk.24.ffn_down_exps.input_scale
create_tensor: loading tensor blk.24.ffn_up_exps.input_scale
create_tensor: loading tensor blk.24.ffn_gate_shexp.input_scale
create_tensor: loading tensor blk.24.ffn_down_shexp.input_scale
create_tensor: loading tensor blk.24.ffn_up_shexp.input_scale
create_tensor: loading tensor blk.24.ssm_out.input_scale
create_tensor: loading tensor blk.24.ssm_alpha.input_scale
create_tensor: loading tensor blk.24.ssm_beta.input_scale
create_tensor: loading tensor blk.25.attn_qkv.scale
create_tensor: loading tensor blk.25.attn_gate.scale
create_tensor: loading tensor blk.25.ffn_gate_shexp.scale
create_tensor: loading tensor blk.25.ffn_down_shexp.scale
create_tensor: loading tensor blk.25.ffn_up_shexp.scale
create_tensor: loading tensor blk.25.ffn_gate_exps.scale
create_tensor: loading tensor blk.25.ffn_down_exps.scale
create_tensor: loading tensor blk.25.ffn_up_exps.scale
create_tensor: loading tensor blk.25.ssm_out.scale
create_tensor: loading tensor blk.25.ssm_alpha.scale
create_tensor: loading tensor blk.25.ssm_beta.scale
create_tensor: loading tensor blk.25.attn_qkv.input_scale
create_tensor: loading tensor blk.25.attn_gate.input_scale
create_tensor: loading tensor blk.25.ffn_gate_exps.input_scale
create_tensor: loading tensor blk.25.ffn_down_exps.input_scale
create_tensor: loading tensor blk.25.ffn_up_exps.input_scale
create_tensor: loading tensor blk.25.ffn_gate_shexp.input_scale
create_tensor: loading tensor blk.25.ffn_down_shexp.input_scale
create_tensor: loading tensor blk.25.ffn_up_shexp.input_scale
create_tensor: loading tensor blk.25.ssm_out.input_scale
create_tensor: loading tensor blk.25.ssm_alpha.input_scale
create_tensor: loading tensor blk.25.ssm_beta.input_scale
create_tensor: loading tensor blk.26.attn_qkv.scale
create_tensor: loading tensor blk.26.attn_gate.scale
create_tensor: loading tensor blk.26.ffn_gate_shexp.scale
create_tensor: loading tensor blk.26.ffn_down_shexp.scale
create_tensor: loading tensor blk.26.ffn_up_shexp.scale
create_tensor: loading tensor blk.26.ffn_gate_exps.scale
create_tensor: loading tensor blk.26.ffn_down_exps.scale
create_tensor: loading tensor blk.26.ffn_up_exps.scale
create_tensor: loading tensor blk.26.ssm_out.scale
create_tensor: loading tensor blk.26.ssm_alpha.scale
create_tensor: loading tensor blk.26.ssm_beta.scale
create_tensor: loading tensor blk.26.attn_qkv.input_scale
create_tensor: loading tensor blk.26.attn_gate.input_scale
create_tensor: loading tensor blk.26.ffn_gate_exps.input_scale
create_tensor: loading tensor blk.26.ffn_down_exps.input_scale
create_tensor: loading tensor blk.26.ffn_up_exps.input_scale
create_tensor: loading tensor blk.26.ffn_gate_shexp.input_scale
create_tensor: loading tensor blk.26.ffn_down_shexp.input_scale
create_tensor: loading tensor blk.26.ffn_up_shexp.input_scale
create_tensor: loading tensor blk.26.ssm_out.input_scale
create_tensor: loading tensor blk.26.ssm_alpha.input_scale
create_tensor: loading tensor blk.26.ssm_beta.input_scale
create_tensor: loading tensor blk.27.attn_q.scale
create_tensor: loading tensor blk.27.attn_k.scale
create_tensor: loading tensor blk.27.attn_v.scale
create_tensor: loading tensor blk.27.attn_output.scale
create_tensor: loading tensor blk.27.ffn_gate_shexp.scale
create_tensor: loading tensor blk.27.ffn_down_shexp.scale
create_tensor: loading tensor blk.27.ffn_up_shexp.scale
create_tensor: loading tensor blk.27.ffn_gate_exps.scale
create_tensor: loading tensor blk.27.ffn_down_exps.scale
create_tensor: loading tensor blk.27.ffn_up_exps.scale
create_tensor: loading tensor blk.27.attn_q.input_scale
create_tensor: loading tensor blk.27.attn_k.input_scale
create_tensor: loading tensor blk.27.attn_v.input_scale
create_tensor: loading tensor blk.27.attn_output.input_scale
create_tensor: loading tensor blk.27.ffn_gate_exps.input_scale
create_tensor: loading tensor blk.27.ffn_down_exps.input_scale
create_tensor: loading tensor blk.27.ffn_up_exps.input_scale
create_tensor: loading tensor blk.27.ffn_gate_shexp.input_scale
create_tensor: loading tensor blk.27.ffn_down_shexp.input_scale
create_tensor: loading tensor blk.27.ffn_up_shexp.input_scale
create_tensor: loading tensor blk.28.attn_qkv.scale
create_tensor: loading tensor blk.28.attn_gate.scale
create_tensor: loading tensor blk.28.ffn_gate_shexp.scale
create_tensor: loading tensor blk.28.ffn_down_shexp.scale
create_tensor: loading tensor blk.28.ffn_up_shexp.scale
create_tensor: loading tensor blk.28.ffn_gate_exps.scale
create_tensor: loading tensor blk.28.ffn_down_exps.scale
create_tensor: loading tensor blk.28.ffn_up_exps.scale
create_tensor: loading tensor blk.28.ssm_out.scale
create_tensor: loading tensor blk.28.ssm_alpha.scale
create_tensor: loading tensor blk.28.ssm_beta.scale
create_tensor: loading tensor blk.28.attn_qkv.input_scale
create_tensor: loading tensor blk.28.attn_gate.input_scale
create_tensor: loading tensor blk.28.ffn_gate_exps.input_scale
create_tensor: loading tensor blk.28.ffn_down_exps.input_scale
create_tensor: loading tensor blk.28.ffn_up_exps.input_scale
create_tensor: loading tensor blk.28.ffn_gate_shexp.input_scale
create_tensor: loading tensor blk.28.ffn_down_shexp.input_scale
create_tensor: loading tensor blk.28.ffn_up_shexp.input_scale
create_tensor: loading tensor blk.28.ssm_out.input_scale
create_tensor: loading tensor blk.28.ssm_alpha.input_scale
create_tensor: loading tensor blk.28.ssm_beta.input_scale
create_tensor: loading tensor blk.29.attn_qkv.scale
create_tensor: loading tensor blk.29.attn_gate.scale
create_tensor: loading tensor blk.29.ffn_gate_shexp.scale
create_tensor: loading tensor blk.29.ffn_down_shexp.scale
create_tensor: loading tensor blk.29.ffn_up_shexp.scale
create_tensor: loading tensor blk.29.ffn_gate_exps.scale
create_tensor: loading tensor blk.29.ffn_down_exps.scale
create_tensor: loading tensor blk.29.ffn_up_exps.scale
create_tensor: loading tensor blk.29.ssm_out.scale
create_tensor: loading tensor blk.29.ssm_alpha.scale
create_tensor: loading tensor blk.29.ssm_beta.scale
create_tensor: loading tensor blk.29.attn_qkv.input_scale
create_tensor: loading tensor blk.29.attn_gate.input_scale
create_tensor: loading tensor blk.29.ffn_gate_exps.input_scale
create_tensor: loading tensor blk.29.ffn_down_exps.input_scale
create_tensor: loading tensor blk.29.ffn_up_exps.input_scale
create_tensor: loading tensor blk.29.ffn_gate_shexp.input_scale
create_tensor: loading tensor blk.29.ffn_down_shexp.input_scale
create_tensor: loading tensor blk.29.ffn_up_shexp.input_scale
create_tensor: loading tensor blk.29.ssm_out.input_scale
create_tensor: loading tensor blk.29.ssm_alpha.input_scale
create_tensor: loading tensor blk.29.ssm_beta.input_scale
create_tensor: loading tensor blk.30.attn_qkv.scale
create_tensor: loading tensor blk.30.attn_gate.scale
create_tensor: loading tensor blk.30.ffn_gate_shexp.scale
create_tensor: loading tensor blk.30.ffn_down_shexp.scale
create_tensor: loading tensor blk.30.ffn_up_shexp.scale
create_tensor: loading tensor blk.30.ffn_gate_exps.scale
create_tensor: loading tensor blk.30.ffn_down_exps.scale
create_tensor: loading tensor blk.30.ffn_up_exps.scale
create_tensor: loading tensor blk.30.ssm_out.scale
create_tensor: loading tensor blk.30.ssm_alpha.scale
create_tensor: loading tensor blk.30.ssm_beta.scale
create_tensor: loading tensor blk.30.attn_qkv.input_scale
create_tensor: loading tensor blk.30.attn_gate.input_scale
create_tensor: loading tensor blk.30.ffn_gate_exps.input_scale
create_tensor: loading tensor blk.30.ffn_down_exps.input_scale
create_tensor: loading tensor blk.30.ffn_up_exps.input_scale
create_tensor: loading tensor blk.30.ffn_gate_shexp.input_scale
create_tensor: loading tensor blk.30.ffn_down_shexp.input_scale
create_tensor: loading tensor blk.30.ffn_up_shexp.input_scale
create_tensor: loading tensor blk.30.ssm_out.input_scale
create_tensor: loading tensor blk.30.ssm_alpha.input_scale
create_tensor: loading tensor blk.30.ssm_beta.input_scale
create_tensor: loading tensor blk.31.attn_q.scale
create_tensor: loading tensor blk.31.attn_k.scale
create_tensor: loading tensor blk.31.attn_v.scale
create_tensor: loading tensor blk.31.attn_output.scale
create_tensor: loading tensor blk.31.ffn_gate_shexp.scale
create_tensor: loading tensor blk.31.ffn_down_shexp.scale
create_tensor: loading tensor blk.31.ffn_up_shexp.scale
create_tensor: loading tensor blk.31.ffn_gate_exps.scale
create_tensor: loading tensor blk.31.ffn_down_exps.scale
create_tensor: loading tensor blk.31.ffn_up_exps.scale
create_tensor: loading tensor blk.31.attn_q.input_scale
create_tensor: loading tensor blk.31.attn_k.input_scale
create_tensor: loading tensor blk.31.attn_v.input_scale
create_tensor: loading tensor blk.31.attn_output.input_scale
create_tensor: loading tensor blk.31.ffn_gate_exps.input_scale
create_tensor: loading tensor blk.31.ffn_down_exps.input_scale
create_tensor: loading tensor blk.31.ffn_up_exps.input_scale
create_tensor: loading tensor blk.31.ffn_gate_shexp.input_scale
create_tensor: loading tensor blk.31.ffn_down_shexp.input_scale
create_tensor: loading tensor blk.31.ffn_up_shexp.input_scale
create_tensor: loading tensor blk.32.attn_qkv.scale
create_tensor: loading tensor blk.32.attn_gate.scale
create_tensor: loading tensor blk.32.ffn_gate_shexp.scale
create_tensor: loading tensor blk.32.ffn_down_shexp.scale
create_tensor: loading tensor blk.32.ffn_up_shexp.scale
create_tensor: loading tensor blk.32.ffn_gate_exps.scale
create_tensor: loading tensor blk.32.ffn_down_exps.scale
create_tensor: loading tensor blk.32.ffn_up_exps.scale
create_tensor: loading tensor blk.32.ssm_out.scale
create_tensor: loading tensor blk.32.ssm_alpha.scale
create_tensor: loading tensor blk.32.ssm_beta.scale
create_tensor: loading tensor blk.32.attn_qkv.input_scale
create_tensor: loading tensor blk.32.attn_gate.input_scale
create_tensor: loading tensor blk.32.ffn_gate_exps.input_scale
create_tensor: loading tensor blk.32.ffn_down_exps.input_scale
create_tensor: loading tensor blk.32.ffn_up_exps.input_scale
create_tensor: loading tensor blk.32.ffn_gate_shexp.input_scale
create_tensor: loading tensor blk.32.ffn_down_shexp.input_scale
create_tensor: loading tensor blk.32.ffn_up_shexp.input_scale
create_tensor: loading tensor blk.32.ssm_out.input_scale
create_tensor: loading tensor blk.32.ssm_alpha.input_scale
create_tensor: loading tensor blk.32.ssm_beta.input_scale
create_tensor: loading tensor blk.33.attn_qkv.scale
create_tensor: loading tensor blk.33.attn_gate.scale
create_tensor: loading tensor blk.33.ffn_gate_shexp.scale
create_tensor: loading tensor blk.33.ffn_down_shexp.scale
create_tensor: loading tensor blk.33.ffn_up_shexp.scale
create_tensor: loading tensor blk.33.ffn_gate_exps.scale
create_tensor: loading tensor blk.33.ffn_down_exps.scale
create_tensor: loading tensor blk.33.ffn_up_exps.scale
create_tensor: loading tensor blk.33.ssm_out.scale
create_tensor: loading tensor blk.33.ssm_alpha.scale
create_tensor: loading tensor blk.33.ssm_beta.scale
create_tensor: loading tensor blk.33.attn_qkv.input_scale
create_tensor: loading tensor blk.33.attn_gate.input_scale
create_tensor: loading tensor blk.33.ffn_gate_exps.input_scale
create_tensor: loading tensor blk.33.ffn_down_exps.input_scale
create_tensor: loading tensor blk.33.ffn_up_exps.input_scale
create_tensor: loading tensor blk.33.ffn_gate_shexp.input_scale
create_tensor: loading tensor blk.33.ffn_down_shexp.input_scale
create_tensor: loading tensor blk.33.ffn_up_shexp.input_scale
create_tensor: loading tensor blk.33.ssm_out.input_scale
create_tensor: loading tensor blk.33.ssm_alpha.input_scale
create_tensor: loading tensor blk.33.ssm_beta.input_scale
create_tensor: loading tensor blk.34.attn_qkv.scale
create_tensor: loading tensor blk.34.attn_gate.scale
create_tensor: loading tensor blk.34.ffn_gate_shexp.scale
create_tensor: loading tensor blk.34.ffn_down_shexp.scale
create_tensor: loading tensor blk.34.ffn_up_shexp.scale
create_tensor: loading tensor blk.34.ffn_gate_exps.scale
create_tensor: loading tensor blk.34.ffn_down_exps.scale
create_tensor: loading tensor blk.34.ffn_up_exps.scale
create_tensor: loading tensor blk.34.ssm_out.scale
create_tensor: loading tensor blk.34.ssm_alpha.scale
create_tensor: loading tensor blk.34.ssm_beta.scale
create_tensor: loading tensor blk.34.attn_qkv.input_scale
create_tensor: loading tensor blk.34.attn_gate.input_scale
create_tensor: loading tensor blk.34.ffn_gate_exps.input_scale
create_tensor: loading tensor blk.34.ffn_down_exps.input_scale
create_tensor: loading tensor blk.34.ffn_up_exps.input_scale
create_tensor: loading tensor blk.34.ffn_gate_shexp.input_scale
create_tensor: loading tensor blk.34.ffn_down_shexp.input_scale
create_tensor: loading tensor blk.34.ffn_up_shexp.input_scale
create_tensor: loading tensor blk.34.ssm_out.input_scale
create_tensor: loading tensor blk.34.ssm_alpha.input_scale
create_tensor: loading tensor blk.34.ssm_beta.input_scale
create_tensor: loading tensor blk.35.attn_q.scale
create_tensor: loading tensor blk.35.attn_k.scale
create_tensor: loading tensor blk.35.attn_v.scale
create_tensor: loading tensor blk.35.attn_output.scale
create_tensor: loading tensor blk.35.ffn_gate_shexp.scale
create_tensor: loading tensor blk.35.ffn_down_shexp.scale
create_tensor: loading tensor blk.35.ffn_up_shexp.scale
create_tensor: loading tensor blk.35.ffn_gate_exps.scale
create_tensor: loading tensor blk.35.ffn_down_exps.scale
create_tensor: loading tensor blk.35.ffn_up_exps.scale
create_tensor: loading tensor blk.35.attn_q.input_scale
create_tensor: loading tensor blk.35.attn_k.input_scale
create_tensor: loading tensor blk.35.attn_v.input_scale
create_tensor: loading tensor blk.35.attn_output.input_scale
create_tensor: loading tensor blk.35.ffn_gate_exps.input_scale
create_tensor: loading tensor blk.35.ffn_down_exps.input_scale
create_tensor: loading tensor blk.35.ffn_up_exps.input_scale
create_tensor: loading tensor blk.35.ffn_gate_shexp.input_scale
create_tensor: loading tensor blk.35.ffn_down_shexp.input_scale
create_tensor: loading tensor blk.35.ffn_up_shexp.input_scale
create_tensor: loading tensor blk.36.attn_qkv.scale
create_tensor: loading tensor blk.36.attn_gate.scale
create_tensor: loading tensor blk.36.ffn_gate_shexp.scale
create_tensor: loading tensor blk.36.ffn_down_shexp.scale
create_tensor: loading tensor blk.36.ffn_up_shexp.scale
create_tensor: loading tensor blk.36.ffn_gate_exps.scale
create_tensor: loading tensor blk.36.ffn_down_exps.scale
create_tensor: loading tensor blk.36.ffn_up_exps.scale
create_tensor: loading tensor blk.36.ssm_out.scale
create_tensor: loading tensor blk.36.ssm_alpha.scale
create_tensor: loading tensor blk.36.ssm_beta.scale
create_tensor: loading tensor blk.36.attn_qkv.input_scale
create_tensor: loading tensor blk.36.attn_gate.input_scale
create_tensor: loading tensor blk.36.ffn_gate_exps.input_scale
create_tensor: loading tensor blk.36.ffn_down_exps.input_scale
create_tensor: loading tensor blk.36.ffn_up_exps.input_scale
create_tensor: loading tensor blk.36.ffn_gate_shexp.input_scale
create_tensor: loading tensor blk.36.ffn_down_shexp.input_scale
create_tensor: loading tensor blk.36.ffn_up_shexp.input_scale
create_tensor: loading tensor blk.36.ssm_out.input_scale
create_tensor: loading tensor blk.36.ssm_alpha.input_scale
create_tensor: loading tensor blk.36.ssm_beta.input_scale
create_tensor: loading tensor blk.37.attn_qkv.scale
create_tensor: loading tensor blk.37.attn_gate.scale
create_tensor: loading tensor blk.37.ffn_gate_shexp.scale
create_tensor: loading tensor blk.37.ffn_down_shexp.scale
create_tensor: loading tensor blk.37.ffn_up_shexp.scale
create_tensor: loading tensor blk.37.ffn_gate_exps.scale
create_tensor: loading tensor blk.37.ffn_down_exps.scale
create_tensor: loading tensor blk.37.ffn_up_exps.scale
create_tensor: loading tensor blk.37.ssm_out.scale
create_tensor: loading tensor blk.37.ssm_alpha.scale
create_tensor: loading tensor blk.37.ssm_beta.scale
create_tensor: loading tensor blk.37.attn_qkv.input_scale
create_tensor: loading tensor blk.37.attn_gate.input_scale
create_tensor: loading tensor blk.37.ffn_gate_exps.input_scale
create_tensor: loading tensor blk.37.ffn_down_exps.input_scale
create_tensor: loading tensor blk.37.ffn_up_exps.input_scale
create_tensor: loading tensor blk.37.ffn_gate_shexp.input_scale
create_tensor: loading tensor blk.37.ffn_down_shexp.input_scale
create_tensor: loading tensor blk.37.ffn_up_shexp.input_scale
create_tensor: loading tensor blk.37.ssm_out.input_scale
create_tensor: loading tensor blk.37.ssm_alpha.input_scale
create_tensor: loading tensor blk.37.ssm_beta.input_scale
create_tensor: loading tensor blk.38.attn_qkv.scale
create_tensor: loading tensor blk.38.attn_gate.scale
create_tensor: loading tensor blk.38.ffn_gate_shexp.scale
create_tensor: loading tensor blk.38.ffn_down_shexp.scale
create_tensor: loading tensor blk.38.ffn_up_shexp.scale
create_tensor: loading tensor blk.38.ffn_gate_exps.scale
create_tensor: loading tensor blk.38.ffn_down_exps.scale
create_tensor: loading tensor blk.38.ffn_up_exps.scale
create_tensor: loading tensor blk.38.ssm_out.scale
create_tensor: loading tensor blk.38.ssm_alpha.scale
create_tensor: loading tensor blk.38.ssm_beta.scale
create_tensor: loading tensor blk.38.attn_qkv.input_scale
create_tensor: loading tensor blk.38.attn_gate.input_scale
create_tensor: loading tensor blk.38.ffn_gate_exps.input_scale
create_tensor: loading tensor blk.38.ffn_down_exps.input_scale
create_tensor: loading tensor blk.38.ffn_up_exps.input_scale
create_tensor: loading tensor blk.38.ffn_gate_shexp.input_scale
create_tensor: loading tensor blk.38.ffn_down_shexp.input_scale
create_tensor: loading tensor blk.38.ffn_up_shexp.input_scale
create_tensor: loading tensor blk.38.ssm_out.input_scale
create_tensor: loading tensor blk.38.ssm_alpha.input_scale
create_tensor: loading tensor blk.38.ssm_beta.input_scale
create_tensor: loading tensor blk.39.attn_q.scale
create_tensor: loading tensor blk.39.attn_k.scale
create_tensor: loading tensor blk.39.attn_v.scale
create_tensor: loading tensor blk.39.attn_output.scale
create_tensor: loading tensor blk.39.ffn_gate_shexp.scale
create_tensor: loading tensor blk.39.ffn_down_shexp.scale
create_tensor: loading tensor blk.39.ffn_up_shexp.scale
create_tensor: loading tensor blk.39.ffn_gate_exps.scale
create_tensor: loading tensor blk.39.ffn_down_exps.scale
create_tensor: loading tensor blk.39.ffn_up_exps.scale
create_tensor: loading tensor blk.39.attn_q.input_scale
create_tensor: loading tensor blk.39.attn_k.input_scale
create_tensor: loading tensor blk.39.attn_v.input_scale
create_tensor: loading tensor blk.39.attn_output.input_scale
create_tensor: loading tensor blk.39.ffn_gate_exps.input_scale
create_tensor: loading tensor blk.39.ffn_down_exps.input_scale
create_tensor: loading tensor blk.39.ffn_up_exps.input_scale
create_tensor: loading tensor blk.39.ffn_gate_shexp.input_scale
create_tensor: loading tensor blk.39.ffn_down_shexp.input_scale
create_tensor: loading tensor blk.39.ffn_up_shexp.input_scale
create_tensor: loading tensor blk.40.attn_qkv.scale
create_tensor: loading tensor blk.40.attn_gate.scale
create_tensor: loading tensor blk.40.ffn_gate_shexp.scale
create_tensor: loading tensor blk.40.ffn_down_shexp.scale
create_tensor: loading tensor blk.40.ffn_up_shexp.scale
create_tensor: loading tensor blk.40.ffn_gate_exps.scale
create_tensor: loading tensor blk.40.ffn_down_exps.scale
create_tensor: loading tensor blk.40.ffn_up_exps.scale
create_tensor: loading tensor blk.40.ssm_out.scale
create_tensor: loading tensor blk.40.ssm_alpha.scale
create_tensor: loading tensor blk.40.ssm_beta.scale
create_tensor: loading tensor blk.40.attn_qkv.input_scale
create_tensor: loading tensor blk.40.attn_gate.input_scale
create_tensor: loading tensor blk.40.ffn_gate_exps.input_scale
create_tensor: loading tensor blk.40.ffn_down_exps.input_scale
create_tensor: loading tensor blk.40.ffn_up_exps.input_scale
create_tensor: loading tensor blk.40.ffn_gate_shexp.input_scale
create_tensor: loading tensor blk.40.ffn_down_shexp.input_scale
create_tensor: loading tensor blk.40.ffn_up_shexp.input_scale
create_tensor: loading tensor blk.40.ssm_out.input_scale
create_tensor: loading tensor blk.40.ssm_alpha.input_scale
create_tensor: loading tensor blk.40.ssm_beta.input_scale
create_tensor: loading tensor blk.41.attn_qkv.scale
create_tensor: loading tensor blk.41.attn_gate.scale
create_tensor: loading tensor blk.41.ffn_gate_shexp.scale
create_tensor: loading tensor blk.41.ffn_down_shexp.scale
create_tensor: loading tensor blk.41.ffn_up_shexp.scale
create_tensor: loading tensor blk.41.ffn_gate_exps.scale
create_tensor: loading tensor blk.41.ffn_down_exps.scale
create_tensor: loading tensor blk.41.ffn_up_exps.scale
create_tensor: loading tensor blk.41.ssm_out.scale
create_tensor: loading tensor blk.41.ssm_alpha.scale
create_tensor: loading tensor blk.41.ssm_beta.scale
create_tensor: loading tensor blk.41.attn_qkv.input_scale
create_tensor: loading tensor blk.41.attn_gate.input_scale
create_tensor: loading tensor blk.41.ffn_gate_exps.input_scale
create_tensor: loading tensor blk.41.ffn_down_exps.input_scale
create_tensor: loading tensor blk.41.ffn_up_exps.input_scale
create_tensor: loading tensor blk.41.ffn_gate_shexp.input_scale
create_tensor: loading tensor blk.41.ffn_down_shexp.input_scale
create_tensor: loading tensor blk.41.ffn_up_shexp.input_scale
create_tensor: loading tensor blk.41.ssm_out.input_scale
create_tensor: loading tensor blk.41.ssm_alpha.input_scale
create_tensor: loading tensor blk.41.ssm_beta.input_scale
create_tensor: loading tensor blk.42.attn_qkv.scale
create_tensor: loading tensor blk.42.attn_gate.scale
create_tensor: loading tensor blk.42.ffn_gate_shexp.scale
create_tensor: loading tensor blk.42.ffn_down_shexp.scale
create_tensor: loading tensor blk.42.ffn_up_shexp.scale
create_tensor: loading tensor blk.42.ffn_gate_exps.scale
create_tensor: loading tensor blk.42.ffn_down_exps.scale
create_tensor: loading tensor blk.42.ffn_up_exps.scale
create_tensor: loading tensor blk.42.ssm_out.scale
create_tensor: loading tensor blk.42.ssm_alpha.scale
create_tensor: loading tensor blk.42.ssm_beta.scale
create_tensor: loading tensor blk.42.attn_qkv.input_scale
create_tensor: loading tensor blk.42.attn_gate.input_scale
create_tensor: loading tensor blk.42.ffn_gate_exps.input_scale
create_tensor: loading tensor blk.42.ffn_down_exps.input_scale
create_tensor: loading tensor blk.42.ffn_up_exps.input_scale
create_tensor: loading tensor blk.42.ffn_gate_shexp.input_scale
create_tensor: loading tensor blk.42.ffn_down_shexp.input_scale
create_tensor: loading tensor blk.42.ffn_up_shexp.input_scale
create_tensor: loading tensor blk.42.ssm_out.input_scale
create_tensor: loading tensor blk.42.ssm_alpha.input_scale
create_tensor: loading tensor blk.42.ssm_beta.input_scale
create_tensor: loading tensor blk.43.attn_q.scale
create_tensor: loading tensor blk.43.attn_k.scale
create_tensor: loading tensor blk.43.attn_v.scale
create_tensor: loading tensor blk.43.attn_output.scale
create_tensor: loading tensor blk.43.ffn_gate_shexp.scale
create_tensor: loading tensor blk.43.ffn_down_shexp.scale
create_tensor: loading tensor blk.43.ffn_up_shexp.scale
create_tensor: loading tensor blk.43.ffn_gate_exps.scale
create_tensor: loading tensor blk.43.ffn_down_exps.scale
create_tensor: loading tensor blk.43.ffn_up_exps.scale
create_tensor: loading tensor blk.43.attn_q.input_scale
create_tensor: loading tensor blk.43.attn_k.input_scale
create_tensor: loading tensor blk.43.attn_v.input_scale
create_tensor: loading tensor blk.43.attn_output.input_scale
create_tensor: loading tensor blk.43.ffn_gate_exps.input_scale
create_tensor: loading tensor blk.43.ffn_down_exps.input_scale
create_tensor: loading tensor blk.43.ffn_up_exps.input_scale
create_tensor: loading tensor blk.43.ffn_gate_shexp.input_scale
create_tensor: loading tensor blk.43.ffn_down_shexp.input_scale
create_tensor: loading tensor blk.43.ffn_up_shexp.input_scale
create_tensor: loading tensor blk.44.attn_qkv.scale
create_tensor: loading tensor blk.44.attn_gate.scale
create_tensor: loading tensor blk.44.ffn_gate_shexp.scale
create_tensor: loading tensor blk.44.ffn_down_shexp.scale
create_tensor: loading tensor blk.44.ffn_up_shexp.scale
create_tensor: loading tensor blk.44.ffn_gate_exps.scale
create_tensor: loading tensor blk.44.ffn_down_exps.scale
create_tensor: loading tensor blk.44.ffn_up_exps.scale
create_tensor: loading tensor blk.44.ssm_out.scale
create_tensor: loading tensor blk.44.ssm_alpha.scale
create_tensor: loading tensor blk.44.ssm_beta.scale
create_tensor: loading tensor blk.44.attn_qkv.input_scale
create_tensor: loading tensor blk.44.attn_gate.input_scale
create_tensor: loading tensor blk.44.ffn_gate_exps.input_scale
create_tensor: loading tensor blk.44.ffn_down_exps.input_scale
create_tensor: loading tensor blk.44.ffn_up_exps.input_scale
create_tensor: loading tensor blk.44.ffn_gate_shexp.input_scale
create_tensor: loading tensor blk.44.ffn_down_shexp.input_scale
create_tensor: loading tensor blk.44.ffn_up_shexp.input_scale
create_tensor: loading tensor blk.44.ssm_out.input_scale
create_tensor: loading tensor blk.44.ssm_alpha.input_scale
create_tensor: loading tensor blk.44.ssm_beta.input_scale
create_tensor: loading tensor blk.45.attn_qkv.scale
create_tensor: loading tensor blk.45.attn_gate.scale
create_tensor: loading tensor blk.45.ffn_gate_shexp.scale
create_tensor: loading tensor blk.45.ffn_down_shexp.scale
create_tensor: loading tensor blk.45.ffn_up_shexp.scale
create_tensor: loading tensor blk.45.ffn_gate_exps.scale
create_tensor: loading tensor blk.45.ffn_down_exps.scale
create_tensor: loading tensor blk.45.ffn_up_exps.scale
create_tensor: loading tensor blk.45.ssm_out.scale
create_tensor: loading tensor blk.45.ssm_alpha.scale
create_tensor: loading tensor blk.45.ssm_beta.scale
create_tensor: loading tensor blk.45.attn_qkv.input_scale
create_tensor: loading tensor blk.45.attn_gate.input_scale
create_tensor: loading tensor blk.45.ffn_gate_exps.input_scale
create_tensor: loading tensor blk.45.ffn_down_exps.input_scale
create_tensor: loading tensor blk.45.ffn_up_exps.input_scale
create_tensor: loading tensor blk.45.ffn_gate_shexp.input_scale
create_tensor: loading tensor blk.45.ffn_down_shexp.input_scale
create_tensor: loading tensor blk.45.ffn_up_shexp.input_scale
create_tensor: loading tensor blk.45.ssm_out.input_scale
create_tensor: loading tensor blk.45.ssm_alpha.input_scale
create_tensor: loading tensor blk.45.ssm_beta.input_scale
create_tensor: loading tensor blk.46.attn_qkv.scale
create_tensor: loading tensor blk.46.attn_gate.scale
create_tensor: loading tensor blk.46.ffn_gate_shexp.scale
create_tensor: loading tensor blk.46.ffn_down_shexp.scale
create_tensor: loading tensor blk.46.ffn_up_shexp.scale
create_tensor: loading tensor blk.46.ffn_gate_exps.scale
create_tensor: loading tensor blk.46.ffn_down_exps.scale
create_tensor: loading tensor blk.46.ffn_up_exps.scale
create_tensor: loading tensor blk.46.ssm_out.scale
create_tensor: loading tensor blk.46.ssm_alpha.scale
create_tensor: loading tensor blk.46.ssm_beta.scale
create_tensor: loading tensor blk.46.attn_qkv.input_scale
create_tensor: loading tensor blk.46.attn_gate.input_scale
create_tensor: loading tensor blk.46.ffn_gate_exps.input_scale
create_tensor: loading tensor blk.46.ffn_down_exps.input_scale
create_tensor: loading tensor blk.46.ffn_up_exps.input_scale
create_tensor: loading tensor blk.46.ffn_gate_shexp.input_scale
create_tensor: loading tensor blk.46.ffn_down_shexp.input_scale
create_tensor: loading tensor blk.46.ffn_up_shexp.input_scale
create_tensor: loading tensor blk.46.ssm_out.input_scale
create_tensor: loading tensor blk.46.ssm_alpha.input_scale
create_tensor: loading tensor blk.46.ssm_beta.input_scale
create_tensor: loading tensor blk.47.attn_q.scale
create_tensor: loading tensor blk.47.attn_k.scale
create_tensor: loading tensor blk.47.attn_v.scale
create_tensor: loading tensor blk.47.attn_output.scale
create_tensor: loading tensor blk.47.ffn_gate_shexp.scale
create_tensor: loading tensor blk.47.ffn_down_shexp.scale
create_tensor: loading tensor blk.47.ffn_up_shexp.scale
create_tensor: loading tensor blk.47.ffn_gate_exps.scale
create_tensor: loading tensor blk.47.ffn_down_exps.scale
create_tensor: loading tensor blk.47.ffn_up_exps.scale
create_tensor: loading tensor blk.47.attn_q.input_scale
create_tensor: loading tensor blk.47.attn_k.input_scale
create_tensor: loading tensor blk.47.attn_v.input_scale
create_tensor: loading tensor blk.47.attn_output.input_scale
create_tensor: loading tensor blk.47.ffn_gate_exps.input_scale
create_tensor: loading tensor blk.47.ffn_down_exps.input_scale
create_tensor: loading tensor blk.47.ffn_up_exps.input_scale
create_tensor: loading tensor blk.47.ffn_gate_shexp.input_scale
create_tensor: loading tensor blk.47.ffn_down_shexp.input_scale
create_tensor: loading tensor blk.47.ffn_up_shexp.input_scale
hybrid expert prefill staging: 6 window tensor(s), slots=512, 2837.50 MiB of shared VRAM windows
done_getting_tensors: tensor 'token_embd.weight' (q8_0) (and 145 others) cannot be used with preferred buffer type CUDA_Host, using CPU instead
load_tensors: offloading output layer to GPU
load_tensors: offloading 47 repeating layers to GPU
load_tensors: offloaded 49/49 layers to GPU
load_tensors:   CPU_Mapped model buffer size = 47015.89 MiB
load_tensors:   CPU_Mapped model buffer size = 41787.15 MiB
load_tensors:        CUDA0 model buffer size =  7297.40 MiB
......................................................................
load_tensors: cudaHostRegister model mmap: 0.00 GiB registered, 87.25 GiB not registered
llama_context: constructing llama_context
llama_context: n_seq_max             = 1
llama_context: n_ctx                 = 9216
llama_context: n_ctx_seq             = 9216
llama_context: n_batch               = 6144
llama_context: n_ubatch              = 6144
llama_context: causal_attn           = 1
llama_context: flash_attn            = auto
llama_context: kv_unified            = false
llama_context: freq_base             = 10000000.0
llama_context: freq_scale            = 1
llama_context: n_rs_seq              = 0
llama_context: n_outputs_max         = 6144
llama_context: n_outputs_max_per_seq = 1
llama_context: n_ctx_seq (9216) < n_ctx_train (262144) -- the full capacity of the model will not be utilized
set_abort_callback: call
llama_context:  CUDA_Host  output buffer size =     0.95 MiB
llama_kv_cache: layer   0: filtered
llama_kv_cache: layer   1: filtered
llama_kv_cache: layer   2: filtered
llama_kv_cache: layer   3: dev = CUDA0
llama_kv_cache: layer   4: filtered
llama_kv_cache: layer   5: filtered
llama_kv_cache: layer   6: filtered
llama_kv_cache: layer   7: dev = CUDA0
llama_kv_cache: layer   8: filtered
llama_kv_cache: layer   9: filtered
llama_kv_cache: layer  10: filtered
llama_kv_cache: layer  11: dev = CUDA0
llama_kv_cache: layer  12: filtered
llama_kv_cache: layer  13: filtered
llama_kv_cache: layer  14: filtered
llama_kv_cache: layer  15: dev = CUDA0
llama_kv_cache: layer  16: filtered
llama_kv_cache: layer  17: filtered
llama_kv_cache: layer  18: filtered
llama_kv_cache: layer  19: dev = CUDA0
llama_kv_cache: layer  20: filtered
llama_kv_cache: layer  21: filtered
llama_kv_cache: layer  22: filtered
llama_kv_cache: layer  23: dev = CUDA0
llama_kv_cache: layer  24: filtered
llama_kv_cache: layer  25: filtered
llama_kv_cache: layer  26: filtered
llama_kv_cache: layer  27: dev = CUDA0
llama_kv_cache: layer  28: filtered
llama_kv_cache: layer  29: filtered
llama_kv_cache: layer  30: filtered
llama_kv_cache: layer  31: dev = CUDA0
llama_kv_cache: layer  32: filtered
llama_kv_cache: layer  33: filtered
llama_kv_cache: layer  34: filtered
llama_kv_cache: layer  35: dev = CUDA0
llama_kv_cache: layer  36: filtered
llama_kv_cache: layer  37: filtered
llama_kv_cache: layer  38: filtered
llama_kv_cache: layer  39: dev = CUDA0
llama_kv_cache: layer  40: filtered
llama_kv_cache: layer  41: filtered
llama_kv_cache: layer  42: filtered
llama_kv_cache: layer  43: dev = CUDA0
llama_kv_cache: layer  44: filtered
llama_kv_cache: layer  45: filtered
llama_kv_cache: layer  46: filtered
llama_kv_cache: layer  47: dev = CUDA0
llama_kv_cache:      CUDA0 KV buffer size =   216.00 MiB
llama_kv_cache: size =  216.00 MiB (  9216 cells,  12 layers,  1/1 seqs), K (f16):  108.00 MiB, V (f16):  108.00 MiB
llama_kv_cache: attn_rot_k = 0, n_embd_head_k_all = 256
llama_kv_cache: attn_rot_v = 0, n_embd_head_k_all = 256
llama_memory_recurrent, layer   0: dev = CUDA0
llama_memory_recurrent, layer   1: dev = CUDA0
llama_memory_recurrent, layer   2: dev = CUDA0
llama_memory_recurrent: layer   3: skipped
llama_memory_recurrent, layer   4: dev = CUDA0
llama_memory_recurrent, layer   5: dev = CUDA0
llama_memory_recurrent, layer   6: dev = CUDA0
llama_memory_recurrent: layer   7: skipped
llama_memory_recurrent, layer   8: dev = CUDA0
llama_memory_recurrent, layer   9: dev = CUDA0
llama_memory_recurrent, layer  10: dev = CUDA0
llama_memory_recurrent: layer  11: skipped
llama_memory_recurrent, layer  12: dev = CUDA0
llama_memory_recurrent, layer  13: dev = CUDA0
llama_memory_recurrent, layer  14: dev = CUDA0
llama_memory_recurrent: layer  15: skipped
llama_memory_recurrent, layer  16: dev = CUDA0
llama_memory_recurrent, layer  17: dev = CUDA0
llama_memory_recurrent, layer  18: dev = CUDA0
llama_memory_recurrent: layer  19: skipped
llama_memory_recurrent, layer  20: dev = CUDA0
llama_memory_recurrent, layer  21: dev = CUDA0
llama_memory_recurrent, layer  22: dev = CUDA0
llama_memory_recurrent: layer  23: skipped
llama_memory_recurrent, layer  24: dev = CUDA0
llama_memory_recurrent, layer  25: dev = CUDA0
llama_memory_recurrent, layer  26: dev = CUDA0
llama_memory_recurrent: layer  27: skipped
llama_memory_recurrent, layer  28: dev = CUDA0
llama_memory_recurrent, layer  29: dev = CUDA0
llama_memory_recurrent, layer  30: dev = CUDA0
llama_memory_recurrent: layer  31: skipped
llama_memory_recurrent, layer  32: dev = CUDA0
llama_memory_recurrent, layer  33: dev = CUDA0
llama_memory_recurrent, layer  34: dev = CUDA0
llama_memory_recurrent: layer  35: skipped
llama_memory_recurrent, layer  36: dev = CUDA0
llama_memory_recurrent, layer  37: dev = CUDA0
llama_memory_recurrent, layer  38: dev = CUDA0
llama_memory_recurrent: layer  39: skipped
llama_memory_recurrent, layer  40: dev = CUDA0
llama_memory_recurrent, layer  41: dev = CUDA0
llama_memory_recurrent, layer  42: dev = CUDA0
llama_memory_recurrent: layer  43: skipped
llama_memory_recurrent, layer  44: dev = CUDA0
llama_memory_recurrent, layer  45: dev = CUDA0
llama_memory_recurrent, layer  46: dev = CUDA0
llama_memory_recurrent: layer  47: skipped
llama_memory_recurrent:      CUDA0 RS buffer size =   112.57 MiB
llama_memory_recurrent: size =  112.57 MiB (     1 cells,  48 layers,  1 seqs  0 rs_seq), R (f32):    4.22 MiB, S (f32):  108.00 MiB, P (f32):    0.35 MiB
operator (): creating indexer KV cache, size = 9216 cells
llama_kv_cache: layer   0: filtered
llama_kv_cache: layer   1: filtered
llama_kv_cache: layer   2: filtered
llama_kv_cache: layer   3: dev = CUDA0
llama_kv_cache: layer   4: filtered
llama_kv_cache: layer   5: filtered
llama_kv_cache: layer   6: filtered
llama_kv_cache: layer   7: dev = CUDA0
llama_kv_cache: layer   8: filtered
llama_kv_cache: layer   9: filtered
llama_kv_cache: layer  10: filtered
llama_kv_cache: layer  11: dev = CUDA0
llama_kv_cache: layer  12: filtered
llama_kv_cache: layer  13: filtered
llama_kv_cache: layer  14: filtered
llama_kv_cache: layer  15: dev = CUDA0
llama_kv_cache: layer  16: filtered
llama_kv_cache: layer  17: filtered
llama_kv_cache: layer  18: filtered
llama_kv_cache: layer  19: dev = CUDA0
llama_kv_cache: layer  20: filtered
llama_kv_cache: layer  21: filtered
llama_kv_cache: layer  22: filtered
llama_kv_cache: layer  23: dev = CUDA0
llama_kv_cache: layer  24: filtered
llama_kv_cache: layer  25: filtered
llama_kv_cache: layer  26: filtered
llama_kv_cache: layer  27: dev = CUDA0
llama_kv_cache: layer  28: filtered
llama_kv_cache: layer  29: filtered
llama_kv_cache: layer  30: filtered
llama_kv_cache: layer  31: dev = CUDA0
llama_kv_cache: layer  32: filtered
llama_kv_cache: layer  33: filtered
llama_kv_cache: layer  34: filtered
llama_kv_cache: layer  35: dev = CUDA0
llama_kv_cache: layer  36: filtered
llama_kv_cache: layer  37: filtered
llama_kv_cache: layer  38: filtered
llama_kv_cache: layer  39: dev = CUDA0
llama_kv_cache: layer  40: filtered
llama_kv_cache: layer  41: filtered
llama_kv_cache: layer  42: filtered
llama_kv_cache: layer  43: dev = CUDA0
llama_kv_cache: layer  44: filtered
llama_kv_cache: layer  45: filtered
llama_kv_cache: layer  46: filtered
llama_kv_cache: layer  47: dev = CUDA0
llama_kv_cache:      CUDA0 KV buffer size =    81.00 MiB
llama_kv_cache: size =   81.00 MiB (  9216 cells,  12 layers,  1/1 seqs), K (f16):   27.00 MiB, V (f16):   54.00 MiB
llama_kv_cache: attn_rot_k = 0, n_embd_head_k_all = 128
llama_kv_cache: attn_rot_v = 0, n_embd_head_k_all = 256
llama_context: enumerating backends
llama_context: backend_ptrs.size() = 2
sched_reserve: reserving ...
sched_reserve: max_nodes = 245760
sched_reserve: reserving full memory module
sched_reserve: worst-case: n_tokens = 6144, n_seqs = 1, n_outputs = 1
graph_reserve: reserving a graph for ubatch with n_tokens =    1, n_seqs =  1, n_outputs =    1
resolve_fused_ops: Flash Attention enabled
resolve_fused_ops: resolving fused Gated Delta Net support:
graph_reserve: reserving a graph for ubatch with n_tokens =    1, n_seqs =  1, n_outputs =    1
resolve_fused_ops: fused Gated Delta Net (autoregressive) enabled
graph_reserve: reserving a graph for ubatch with n_tokens =   16, n_seqs =  1, n_outputs =   16
resolve_fused_ops: fused Gated Delta Net (chunked) enabled
resolve_fused_ops: resolving fused Lightning Indexer support:
graph_reserve: reserving a graph for ubatch with n_tokens =    1, n_seqs =  1, n_outputs =    1
resolve_fused_ops: Lightning Indexer enabled
resolve_fused_ops: resolving fused DeepSeek V4 HC support:
graph_reserve: reserving a graph for ubatch with n_tokens =    1, n_seqs =  1, n_outputs =    1
resolve_fused_ops: fused DeepSeek V4 HC pre enabled
graph_reserve: reserving a graph for ubatch with n_tokens =    1, n_seqs =  1, n_outputs =    1
resolve_fused_ops: fused DeepSeek V4 HC comb enabled
graph_reserve: reserving a graph for ubatch with n_tokens =    1, n_seqs =  1, n_outputs =    1
resolve_fused_ops: fused DeepSeek V4 HC post enabled
graph_reserve: reserving a graph for ubatch with n_tokens = 6144, n_seqs =  1, n_outputs = 6144
graph_reserve: reserving a graph for ubatch with n_tokens =    1, n_seqs =  1, n_outputs =    1
graph_reserve: reserving a graph for ubatch with n_tokens = 6144, n_seqs =  1, n_outputs = 6144
sched_reserve:      CUDA0 compute buffer size =  6120.00 MiB
sched_reserve:  CUDA_Host compute buffer size =   282.76 MiB
sched_reserve: graph nodes  = 8094 (with bs=6144), 8574 (with bs=1)
sched_reserve: graph splits = 4 (with bs=6144), 100 (with bs=1)
sched_reserve: reserve took 103.47 ms, sched copies = 1
set_n_threads: n_threads = 24, n_threads_batch = 24
STAGING_RUN0 layer=0 cache=0000001C23F9E900 src=0000022F90BC5020 slice=704000 run0_count=3 run0_expert=0
STAGING_TRACE layer=0 delta=375 runs=107
STAGING_TRACE layer=0 done
prefill staging: layer=0 ne1=6144 unique=375 delta=375 runs=107 bytes=833.1 MiB stage_us=231057 barrier_us=231175
MMQ_DIAG call#0 type=iq3_s buft=CUDA0 vram=1 staging_env=0 staged_ops=0 host_ops=0 vram_ops=0
MMQ_DIAG call#1 type=iq3_s buft=CUDA0 vram=1 staging_env=0 staged_ops=0 host_ops=0 vram_ops=1
MMQ_DIAG call#2 type=iq4_nl buft=CUDA0 vram=1 staging_env=0 staged_ops=0 host_ops=0 vram_ops=2
STAGING_RUN0 layer=1 cache=0000001C23F9E900 src=0000022FDD076BA0 slice=704000 run0_count=5 run0_expert=0
STAGING_TRACE layer=1 delta=331 runs=121
STAGING_TRACE layer=1 done
prefill staging: layer=1 ne1=6144 unique=331 delta=331 runs=121 bytes=735.4 MiB stage_us=207550 barrier_us=208002
MMQ_DIAG call#3 type=iq3_s buft=CUDA0 vram=1 staging_env=0 staged_ops=0 host_ops=0 vram_ops=3
STAGING_RUN0 layer=2 cache=0000001C6B121A00 src=00000230446A2720 slice=870400 run0_count=4 run0_expert=2
STAGING_TRACE layer=2 delta=326 runs=113
STAGING_TRACE layer=2 done
prefill staging: layer=2 ne1=6144 unique=326 delta=326 runs=113 bytes=1082.4 MiB stage_us=304876 barrier_us=304978
STAGING_RUN0 layer=3 cache=0000001C23F9E900 src=000002309B5CCAA0 slice=704000 run0_count=1 run0_expert=1
STAGING_TRACE layer=3 delta=228 runs=126
STAGING_TRACE layer=3 done
prefill staging: layer=3 ne1=6144 unique=228 delta=228 runs=126 bytes=506.5 MiB stage_us=150580 barrier_us=150681
STAGING_RUN0 layer=4 cache=0000001C23F9E900 src=00000230FFC966A0 slice=704000 run0_count=3 run0_expert=1
STAGING_TRACE layer=4 delta=265 runs=127
STAGING_TRACE layer=4 done
prefill staging: layer=4 ne1=6144 unique=265 delta=265 runs=127 bytes=795.8 MiB stage_us=243026 barrier_us=243123
STAGING_RUN0 layer=5 cache=0000001C23F9E900 src=000002314C148220 slice=704000 run0_count=2 run0_expert=1
STAGING_TRACE layer=5 delta=315 runs=129
STAGING_TRACE layer=5 done
prefill staging: layer=5 ne1=6144 unique=315 delta=315 runs=129 bytes=699.8 MiB stage_us=208534 barrier_us=208628
STAGING_RUN0 layer=6 cache=0000001C23F9E900 src=00000231985F9DA0 slice=704000 run0_count=1 run0_expert=0
STAGING_TRACE layer=6 delta=330 runs=123
STAGING_TRACE layer=6 done
prefill staging: layer=6 ne1=6144 unique=330 delta=330 runs=123 bytes=733.2 MiB stage_us=221681 barrier_us=221794
STAGING_RUN0 layer=7 cache=0000001C23F9E900 src=00000231E52A4120 slice=704000 run0_count=1 run0_expert=0
STAGING_TRACE layer=7 delta=346 runs=112
STAGING_TRACE layer=7 done
prefill staging: layer=7 ne1=6144 unique=346 delta=346 runs=112 bytes=768.7 MiB stage_us=234582 barrier_us=234683
STAGING_RUN0 layer=8 cache=0000001C23F9E900 src=000002323096DD20 slice=704000 run0_count=1 run0_expert=1
STAGING_TRACE layer=8 delta=279 runs=117
STAGING_TRACE layer=8 done
prefill staging: layer=8 ne1=6144 unique=279 delta=279 runs=117 bytes=619.8 MiB stage_us=192190 barrier_us=192490
STAGING_RUN0 layer=9 cache=0000001C23F9E900 src=000002327CE1F8A0 slice=704000 run0_count=1 run0_expert=0
STAGING_TRACE layer=9 delta=314 runs=125
STAGING_TRACE layer=9 done
prefill staging: layer=9 ne1=6144 unique=314 delta=314 runs=125 bytes=697.6 MiB stage_us=217804 barrier_us=217899
STAGING_RUN0 layer=10 cache=0000001C23F9E900 src=00000232C92D1420 slice=704000 run0_count=4 run0_expert=1
STAGING_TRACE layer=10 delta=345 runs=112
STAGING_TRACE layer=10 done
prefill staging: layer=10 ne1=6144 unique=345 delta=345 runs=112 bytes=766.5 MiB stage_us=237083 barrier_us=237183
STAGING_RUN0 layer=11 cache=0000001C23F9E900 src=0000023315F7B7A0 slice=704000 run0_count=8 run0_expert=0
STAGING_TRACE layer=11 delta=333 runs=112
STAGING_TRACE layer=11 done
prefill staging: layer=11 ne1=6144 unique=333 delta=333 runs=112 bytes=739.8 MiB stage_us=223997 barrier_us=224091
STAGING_RUN0 layer=12 cache=0000001C23F9E900 src=00000233616453A0 slice=704000 run0_count=2 run0_expert=0
STAGING_TRACE layer=12 delta=352 runs=113
STAGING_TRACE layer=12 done
prefill staging: layer=12 ne1=6144 unique=352 delta=352 runs=113 bytes=782.0 MiB stage_us=239451 barrier_us=239554
STAGING_RUN0 layer=13 cache=0000001C23F9E900 src=00000233ADAF6F20 slice=704000 run0_count=4 run0_expert=3
STAGING_TRACE layer=13 delta=330 runs=117
STAGING_TRACE layer=13 done
prefill staging: layer=13 ne1=6144 unique=330 delta=330 runs=117 bytes=733.2 MiB stage_us=225610 barrier_us=225707
STAGING_RUN0 layer=14 cache=0000001C23F9E900 src=00000233F9FA8AA0 slice=704000 run0_count=8 run0_expert=0
STAGING_TRACE layer=14 delta=359 runs=115
STAGING_TRACE layer=14 done
prefill staging: layer=14 ne1=6144 unique=359 delta=359 runs=115 bytes=797.6 MiB stage_us=254214 barrier_us=254310
STAGING_RUN0 layer=15 cache=0000001C23F9E900 src=0000023446C6BFC0 slice=704000 run0_count=3 run0_expert=0
STAGING_TRACE layer=15 delta=361 runs=102
STAGING_TRACE layer=15 done
prefill staging: layer=15 ne1=6144 unique=361 delta=361 runs=102 bytes=802.0 MiB stage_us=250835 barrier_us=251330
STAGING_RUN0 layer=16 cache=0000001C23F9E900 src=0000023492335BC0 slice=704000 run0_count=1 run0_expert=1
STAGING_TRACE layer=16 delta=393 runs=95
STAGING_TRACE layer=16 done
prefill staging: layer=16 ne1=6144 unique=393 delta=393 runs=95 bytes=873.1 MiB stage_us=272365 barrier_us=272464
STAGING_RUN0 layer=17 cache=0000001C23F9E900 src=00000234DE7E7740 slice=704000 run0_count=3 run0_expert=0
STAGING_TRACE layer=17 delta=437 runs=64
STAGING_TRACE layer=17 done
prefill staging: layer=17 ne1=6144 unique=437 delta=437 runs=64 bytes=970.9 MiB stage_us=300630 barrier_us=300729
STAGING_RUN0 layer=18 cache=0000001C23F9E900 src=000002352AC992C0 slice=704000 run0_count=1 run0_expert=0
STAGING_TRACE layer=18 delta=438 runs=65
STAGING_TRACE layer=18 done
prefill staging: layer=18 ne1=6144 unique=438 delta=438 runs=65 bytes=973.1 MiB stage_us=303352 barrier_us=303455
STAGING_RUN0 layer=19 cache=0000001C23F9E900 src=0000023577943640 slice=704000 run0_count=20 run0_expert=0
STAGING_TRACE layer=19 delta=448 runs=58
STAGING_TRACE layer=19 done
prefill staging: layer=19 ne1=6144 unique=448 delta=448 runs=58 bytes=995.3 MiB stage_us=304488 barrier_us=304588
STAGING_RUN0 layer=20 cache=0000001C23F9E900 src=00000235C300D240 slice=704000 run0_count=26 run0_expert=0
STAGING_TRACE layer=20 delta=462 runs=48
STAGING_TRACE layer=20 done
prefill staging: layer=20 ne1=6144 unique=462 delta=462 runs=48 bytes=1026.4 MiB stage_us=306511 barrier_us=306611
STAGING_RUN0 layer=21 cache=0000001C23F9E900 src=000002360F4BEDC0 slice=704000 run0_count=3 run0_expert=1
STAGING_TRACE layer=21 delta=446 runs=59
STAGING_TRACE layer=21 done
prefill staging: layer=21 ne1=6144 unique=446 delta=446 runs=59 bytes=990.9 MiB stage_us=294830 barrier_us=294926
STAGING_RUN0 layer=22 cache=0000001C23F9E900 src=000002365B970940 slice=704000 run0_count=1 run0_expert=0
STAGING_TRACE layer=22 delta=436 runs=69
STAGING_TRACE layer=22 done
prefill staging: layer=22 ne1=6144 unique=436 delta=436 runs=69 bytes=968.7 MiB stage_us=288739 barrier_us=288840
STAGING_RUN0 layer=23 cache=0000001C23F9E900 src=00000236A861ACC0 slice=704000 run0_count=5 run0_expert=0
STAGING_TRACE layer=23 delta=461 runs=47
STAGING_TRACE layer=23 done
prefill staging: layer=23 ne1=6144 unique=461 delta=461 runs=47 bytes=1024.2 MiB stage_us=293468 barrier_us=293565
STAGING_RUN0 layer=24 cache=0000001C23F9E900 src=00000236F3CE48C0 slice=704000 run0_count=5 run0_expert=0
STAGING_TRACE layer=24 delta=451 runs=51
STAGING_TRACE layer=24 done
prefill staging: layer=24 ne1=6144 unique=451 delta=451 runs=51 bytes=1002.0 MiB stage_us=296645 barrier_us=296752
STAGING_RUN0 layer=25 cache=0000001C23F9E900 src=0000023740196440 slice=704000 run0_count=2 run0_expert=1
STAGING_TRACE layer=25 delta=485 runs=25
STAGING_TRACE layer=25 done
prefill staging: layer=25 ne1=6144 unique=485 delta=485 runs=25 bytes=1077.5 MiB stage_us=317575 barrier_us=317675
STAGING_RUN0 layer=26 cache=0000001C23F9E900 src=000002378C647FC0 slice=704000 run0_count=4 run0_expert=0
STAGING_TRACE layer=26 delta=489 runs=23
STAGING_TRACE layer=26 done
prefill staging: layer=26 ne1=6144 unique=489 delta=489 runs=23 bytes=1086.4 MiB stage_us=313191 barrier_us=313292
STAGING_RUN0 layer=27 cache=0000001C23F9E900 src=00000237D92F2340 slice=704000 run0_count=7 run0_expert=0
STAGING_TRACE layer=27 delta=484 runs=28
STAGING_TRACE layer=27 done
prefill staging: layer=27 ne1=6144 unique=484 delta=484 runs=28 bytes=1075.3 MiB stage_us=312891 barrier_us=313002
STAGING_RUN0 layer=28 cache=0000001C23F9E900 src=00000238249BBF40 slice=704000 run0_count=5 run0_expert=0
STAGING_TRACE layer=28 delta=472 runs=36
STAGING_TRACE layer=28 done
prefill staging: layer=28 ne1=6144 unique=472 delta=472 runs=36 bytes=1048.6 MiB stage_us=305174 barrier_us=305276
STAGING_RUN0 layer=29 cache=0000001C23F9E900 src=0000023870E6DAC0 slice=704000 run0_count=69 run0_expert=0
STAGING_TRACE layer=29 delta=491 runs=22
STAGING_TRACE layer=29 done
prefill staging: layer=29 ne1=6144 unique=491 delta=491 runs=22 bytes=1090.8 MiB stage_us=320177 barrier_us=320280
STAGING_RUN0 layer=30 cache=0000001C23F9E900 src=00000238D631F640 slice=704000 run0_count=24 run0_expert=0
STAGING_TRACE layer=30 delta=495 runs=18
STAGING_TRACE layer=30 done
prefill staging: layer=30 ne1=6144 unique=495 delta=495 runs=18 bytes=1486.5 MiB stage_us=430975 barrier_us=431547
STAGING_RUN0 layer=31 cache=0000001C23F9E900 src=0000023922FC99C0 slice=704000 run0_count=1 run0_expert=0
STAGING_TRACE layer=31 delta=497 runs=16
STAGING_TRACE layer=31 done
prefill staging: layer=31 ne1=6144 unique=497 delta=497 runs=16 bytes=1104.2 MiB stage_us=335725 barrier_us=335826
STAGING_RUN0 layer=32 cache=0000001C23F9E900 src=000002396E6935C0 slice=704000 run0_count=5 run0_expert=0
STAGING_TRACE layer=32 delta=483 runs=29
STAGING_TRACE layer=32 done
prefill staging: layer=32 ne1=6144 unique=483 delta=483 runs=29 bytes=1073.1 MiB stage_us=328498 barrier_us=328596
STAGING_RUN0 layer=33 cache=0000001C23F9E900 src=00000239BAB45140 slice=704000 run0_count=8 run0_expert=0
STAGING_TRACE layer=33 delta=495 runs=18
STAGING_TRACE layer=33 done
prefill staging: layer=33 ne1=6144 unique=495 delta=495 runs=18 bytes=1099.7 MiB stage_us=340710 barrier_us=340811
STAGING_RUN0 layer=34 cache=0000001C23F9E900 src=0000023A06FF6CC0 slice=704000 run0_count=9 run0_expert=1
STAGING_TRACE layer=34 delta=482 runs=28
STAGING_TRACE layer=34 done
prefill staging: layer=34 ne1=6144 unique=482 delta=482 runs=28 bytes=1070.8 MiB stage_us=335273 barrier_us=335376
STAGING_RUN0 layer=35 cache=0000001C23F9E900 src=0000023A53CA1040 slice=704000 run0_count=35 run0_expert=0
STAGING_TRACE layer=35 delta=478 runs=34
STAGING_TRACE layer=35 done
prefill staging: layer=35 ne1=6144 unique=478 delta=478 runs=34 bytes=1062.0 MiB stage_us=333391 barrier_us=333495
STAGING_RUN0 layer=36 cache=0000001C23F9E900 src=0000023A9F36AC40 slice=704000 run0_count=9 run0_expert=0
STAGING_TRACE layer=36 delta=472 runs=39
STAGING_TRACE layer=36 done
prefill staging: layer=36 ne1=6144 unique=472 delta=472 runs=39 bytes=1048.6 MiB stage_us=335337 barrier_us=335438
STAGING_RUN0 layer=37 cache=0000001C23F9E900 src=0000023AEB81C7C0 slice=704000 run0_count=27 run0_expert=0
STAGING_TRACE layer=37 delta=474 runs=37
STAGING_TRACE layer=37 done
prefill staging: layer=37 ne1=6144 unique=474 delta=474 runs=37 bytes=1053.1 MiB stage_us=334863 barrier_us=334965
STAGING_RUN0 layer=38 cache=0000001C23F9E900 src=0000023B37CCE340 slice=704000 run0_count=2 run0_expert=1
STAGING_TRACE layer=38 delta=465 runs=42
STAGING_TRACE layer=38 done
prefill staging: layer=38 ne1=6144 unique=465 delta=465 runs=42 bytes=1033.1 MiB stage_us=313265 barrier_us=313366
STAGING_RUN0 layer=39 cache=0000001C23F9E900 src=0000023B849786C0 slice=704000 run0_count=8 run0_expert=0
STAGING_TRACE layer=39 delta=469 runs=44
STAGING_TRACE layer=39 done
prefill staging: layer=39 ne1=6144 unique=469 delta=469 runs=44 bytes=1042.0 MiB stage_us=326995 barrier_us=327095
STAGING_RUN0 layer=40 cache=0000001C23F9E900 src=0000023BD00422C0 slice=704000 run0_count=12 run0_expert=0
STAGING_TRACE layer=40 delta=481 runs=29
STAGING_TRACE layer=40 done
prefill staging: layer=40 ne1=6144 unique=481 delta=481 runs=29 bytes=1068.6 MiB stage_us=322286 barrier_us=322389
STAGING_RUN0 layer=41 cache=0000001C23F9E900 src=0000023C1C4F3E40 slice=704000 run0_count=18 run0_expert=0
STAGING_TRACE layer=41 delta=484 runs=26
STAGING_TRACE layer=41 done
prefill staging: layer=41 ne1=6144 unique=484 delta=484 runs=26 bytes=1075.3 MiB stage_us=328275 barrier_us=328381
STAGING_RUN0 layer=42 cache=0000001C23F9E900 src=0000023C689A59C0 slice=704000 run0_count=7 run0_expert=0
STAGING_TRACE layer=42 delta=467 runs=42
STAGING_TRACE layer=42 done
prefill staging: layer=42 ne1=6144 unique=467 delta=467 runs=42 bytes=1037.5 MiB stage_us=317055 barrier_us=317155
STAGING_RUN0 layer=43 cache=0000001C23F9E900 src=0000023CB564FD40 slice=704000 run0_count=28 run0_expert=0
STAGING_TRACE layer=43 delta=481 runs=30
STAGING_TRACE layer=43 done
prefill staging: layer=43 ne1=6144 unique=481 delta=481 runs=30 bytes=1068.6 MiB stage_us=315929 barrier_us=316031
STAGING_RUN0 layer=44 cache=0000001C23F9E900 src=0000023D00D19940 slice=704000 run0_count=2 run0_expert=0
STAGING_TRACE layer=44 delta=454 runs=52
STAGING_TRACE layer=44 done
prefill staging: layer=44 ne1=6144 unique=454 delta=454 runs=52 bytes=1008.6 MiB stage_us=302660 barrier_us=302755
STAGING_RUN0 layer=45 cache=0000001C23F9E900 src=0000023D4D1CB4C0 slice=704000 run0_count=18 run0_expert=1
STAGING_TRACE layer=45 delta=448 runs=55
STAGING_TRACE layer=45 done
prefill staging: layer=45 ne1=6144 unique=448 delta=448 runs=55 bytes=995.3 MiB stage_us=306960 barrier_us=307059
STAGING_RUN0 layer=46 cache=0000001C23F9E900 src=0000023DB267D040 slice=704000 run0_count=2 run0_expert=0
STAGING_TRACE layer=46 delta=414 runs=77
STAGING_TRACE layer=46 done
prefill staging: layer=46 ne1=6144 unique=414 delta=414 runs=77 bytes=1243.2 MiB stage_us=373345 barrier_us=373447
MMQ_DIAG call#140 type=q8_0 buft=CUDA0 vram=1 staging_env=0 staged_ops=0 host_ops=0 vram_ops=140
STAGING_RUN0 layer=47 cache=0000001C23F9E900 src=0000023E183273C0 slice=704000 run0_count=1 run0_expert=148
STAGING_TRACE layer=47 delta=10 runs=9
STAGING_TRACE layer=47 done
prefill staging: layer=47 ne1=1 unique=10 delta=10 runs=9 bytes=30.0 MiB stage_us=10713 barrier_us=10808
STAGING_RUN0 layer=0 cache=0000001C23F9E900 src=0000022F90BC5020 slice=704000 run0_count=1 run0_expert=25
STAGING_TRACE layer=0 delta=3 runs=3
STAGING_TRACE layer=0 done
prefill staging: layer=0 ne1=2027 unique=211 delta=3 runs=3 bytes=6.7 MiB stage_us=3699 barrier_us=3796
STAGING_RUN0 layer=1 cache=0000001C23F9E900 src=0000022FDD076BA0 slice=704000 run0_count=1 run0_expert=24
STAGING_TRACE layer=1 delta=6 runs=6
STAGING_TRACE layer=1 done
prefill staging: layer=1 ne1=2027 unique=160 delta=6 runs=6 bytes=13.3 MiB stage_us=7581 barrier_us=7688
STAGING_RUN0 layer=2 cache=0000001C6B121A00 src=00000230446A2720 slice=870400 run0_count=1 run0_expert=57
STAGING_TRACE layer=2 delta=10 runs=10
STAGING_TRACE layer=2 done
prefill staging: layer=2 ne1=2027 unique=160 delta=10 runs=10 bytes=33.2 MiB stage_us=10830 barrier_us=10932
STAGING_RUN0 layer=3 cache=0000001C23F9E900 src=000002309B5CCAA0 slice=704000 run0_count=1 run0_expert=373
STAGING_TRACE layer=3 delta=2 runs=2
STAGING_TRACE layer=3 done
prefill staging: layer=3 ne1=2027 unique=88 delta=2 runs=2 bytes=4.4 MiB stage_us=2344 barrier_us=2441
STAGING_RUN0 layer=4 cache=0000001C23F9E900 src=00000230FFC966A0 slice=704000 run0_count=1 run0_expert=121
STAGING_TRACE layer=4 delta=10 runs=10
STAGING_TRACE layer=4 done
prefill staging: layer=4 ne1=2027 unique=119 delta=10 runs=10 bytes=30.0 MiB stage_us=10121 barrier_us=10221
STAGING_RUN0 layer=5 cache=0000001C23F9E900 src=000002314C148220 slice=704000 run0_count=1 run0_expert=8
STAGING_TRACE layer=5 delta=10 runs=10
STAGING_TRACE layer=5 done
prefill staging: layer=5 ne1=2027 unique=142 delta=10 runs=10 bytes=22.2 MiB stage_us=7541 barrier_us=7638
STAGING_RUN0 layer=6 cache=0000001C23F9E900 src=00000231985F9DA0 slice=704000 run0_count=1 run0_expert=123
STAGING_TRACE layer=6 delta=10 runs=10
STAGING_TRACE layer=6 done
prefill staging: layer=6 ne1=2027 unique=158 delta=10 runs=10 bytes=22.2 MiB stage_us=7950 barrier_us=8049
STAGING_RUN0 layer=7 cache=0000001C23F9E900 src=00000231E52A4120 slice=704000 run0_count=1 run0_expert=42
STAGING_TRACE layer=7 delta=6 runs=6
STAGING_TRACE layer=7 done
prefill staging: layer=7 ne1=2027 unique=147 delta=6 runs=6 bytes=13.3 MiB stage_us=5037 barrier_us=5134
STAGING_RUN0 layer=8 cache=0000001C23F9E900 src=000002323096DD20 slice=704000 run0_count=1 run0_expert=0
STAGING_TRACE layer=8 delta=6 runs=6
STAGING_TRACE layer=8 done
prefill staging: layer=8 ne1=2027 unique=100 delta=6 runs=6 bytes=13.3 MiB stage_us=5235 barrier_us=5327
STAGING_RUN0 layer=9 cache=0000001C23F9E900 src=000002327CE1F8A0 slice=704000 run0_count=1 run0_expert=17
STAGING_TRACE layer=9 delta=7 runs=7
STAGING_TRACE layer=9 done
prefill staging: layer=9 ne1=2027 unique=120 delta=7 runs=7 bytes=15.6 MiB stage_us=5692 barrier_us=5788
STAGING_RUN0 layer=10 cache=0000001C23F9E900 src=00000232C92D1420 slice=704000 run0_count=1 run0_expert=16
STAGING_TRACE layer=10 delta=7 runs=7
STAGING_TRACE layer=10 done
prefill staging: layer=10 ne1=2027 unique=99 delta=7 runs=7 bytes=15.6 MiB stage_us=5991 barrier_us=6095
STAGING_RUN0 layer=11 cache=0000001C23F9E900 src=0000023315F7B7A0 slice=704000 run0_count=1 run0_expert=8
STAGING_TRACE layer=11 delta=8 runs=8
STAGING_TRACE layer=11 done
prefill staging: layer=11 ne1=2027 unique=108 delta=8 runs=8 bytes=17.8 MiB stage_us=6455 barrier_us=6550
STAGING_RUN0 layer=12 cache=0000001C23F9E900 src=00000233616453A0 slice=704000 run0_count=1 run0_expert=86
STAGING_TRACE layer=12 delta=4 runs=4
STAGING_TRACE layer=12 done
prefill staging: layer=12 ne1=2027 unique=123 delta=4 runs=4 bytes=8.9 MiB stage_us=3745 barrier_us=3840
STAGING_RUN0 layer=13 cache=0000001C23F9E900 src=00000233ADAF6F20 slice=704000 run0_count=1 run0_expert=20
STAGING_TRACE layer=13 delta=9 runs=9
STAGING_TRACE layer=13 done
prefill staging: layer=13 ne1=2027 unique=108 delta=9 runs=9 bytes=20.0 MiB stage_us=7314 barrier_us=7414
STAGING_RUN0 layer=14 cache=0000001C23F9E900 src=00000233F9FA8AA0 slice=704000 run0_count=1 run0_expert=8
STAGING_TRACE layer=14 delta=5 runs=5
STAGING_TRACE layer=14 done
prefill staging: layer=14 ne1=2027 unique=132 delta=5 runs=5 bytes=11.1 MiB stage_us=4310 barrier_us=4407
STAGING_RUN0 layer=15 cache=0000001C23F9E900 src=0000023446C6BFC0 slice=704000 run0_count=1 run0_expert=69
STAGING_TRACE layer=15 delta=15 runs=13
STAGING_TRACE layer=15 done
prefill staging: layer=15 ne1=2027 unique=146 delta=15 runs=13 bytes=33.3 MiB stage_us=11130 barrier_us=11224
STAGING_RUN0 layer=16 cache=0000001C23F9E900 src=0000023492335BC0 slice=704000 run0_count=1 run0_expert=83
STAGING_TRACE layer=16 delta=6 runs=6
STAGING_TRACE layer=16 done
prefill staging: layer=16 ne1=2027 unique=130 delta=6 runs=6 bytes=13.3 MiB stage_us=5041 barrier_us=5134
STAGING_RUN0 layer=17 cache=0000001C23F9E900 src=00000234DE7E7740 slice=704000 run0_count=1 run0_expert=3
STAGING_TRACE layer=17 delta=6 runs=5
STAGING_TRACE layer=17 done
prefill staging: layer=17 ne1=2027 unique=140 delta=6 runs=5 bytes=13.3 MiB stage_us=5401 barrier_us=5499
STAGING_RUN0 layer=18 cache=0000001C23F9E900 src=000002352AC992C0 slice=704000 run0_count=1 run0_expert=20
STAGING_TRACE layer=18 delta=4 runs=4
STAGING_TRACE layer=18 done
prefill staging: layer=18 ne1=2027 unique=143 delta=4 runs=4 bytes=8.9 MiB stage_us=3778 barrier_us=3875
STAGING_RUN0 layer=19 cache=0000001C23F9E900 src=0000023577943640 slice=704000 run0_count=1 run0_expert=100
STAGING_TRACE layer=19 delta=4 runs=4
STAGING_TRACE layer=19 done
prefill staging: layer=19 ne1=2027 unique=147 delta=4 runs=4 bytes=8.9 MiB stage_us=4006 barrier_us=4102
STAGING_RUN0 layer=20 cache=0000001C23F9E900 src=00000235C300D240 slice=704000 run0_count=1 run0_expert=235
STAGING_TRACE layer=20 delta=1 runs=1
STAGING_TRACE layer=20 done
prefill staging: layer=20 ne1=2027 unique=144 delta=1 runs=1 bytes=2.2 MiB stage_us=1434 barrier_us=1523
STAGING_RUN0 layer=21 cache=0000001C23F9E900 src=000002360F4BEDC0 slice=704000 run0_count=1 run0_expert=187
STAGING_TRACE layer=21 delta=7 runs=7
STAGING_TRACE layer=21 done
prefill staging: layer=21 ne1=2027 unique=165 delta=7 runs=7 bytes=15.6 MiB stage_us=5731 barrier_us=5825
STAGING_RUN0 layer=22 cache=0000001C23F9E900 src=000002365B970940 slice=704000 run0_count=1 run0_expert=5
STAGING_TRACE layer=22 delta=4 runs=4
STAGING_TRACE layer=22 done
prefill staging: layer=22 ne1=2027 unique=170 delta=4 runs=4 bytes=8.9 MiB stage_us=3738 barrier_us=3834
STAGING_RUN0 layer=23 cache=0000001C23F9E900 src=00000236A861ACC0 slice=704000 run0_count=1 run0_expert=5
STAGING_TRACE layer=23 delta=5 runs=5
STAGING_TRACE layer=23 done
prefill staging: layer=23 ne1=2027 unique=162 delta=5 runs=5 bytes=11.1 MiB stage_us=4381 barrier_us=4471
STAGING_RUN0 layer=24 cache=0000001C23F9E900 src=00000236F3CE48C0 slice=704000 run0_count=1 run0_expert=157
STAGING_TRACE layer=24 delta=3 runs=3
STAGING_TRACE layer=24 done
prefill staging: layer=24 ne1=2027 unique=165 delta=3 runs=3 bytes=6.7 MiB stage_us=2959 barrier_us=3230
STAGING_RUN0 layer=25 cache=0000001C23F9E900 src=0000023740196440 slice=704000 run0_count=1 run0_expert=3
STAGING_TRACE layer=25 delta=5 runs=5
STAGING_TRACE layer=25 done
prefill staging: layer=25 ne1=2027 unique=185 delta=5 runs=5 bytes=11.1 MiB stage_us=4364 barrier_us=4768
STAGING_RUN0 layer=26 cache=0000001C23F9E900 src=000002378C647FC0 slice=704000 run0_count=1 run0_expert=39
STAGING_TRACE layer=26 delta=5 runs=5
STAGING_TRACE layer=26 done
prefill staging: layer=26 ne1=2027 unique=197 delta=5 runs=5 bytes=11.1 MiB stage_us=4333 barrier_us=4430
STAGING_RUN0 layer=27 cache=0000001C23F9E900 src=00000237D92F2340 slice=704000 run0_count=1 run0_expert=7
STAGING_TRACE layer=27 delta=5 runs=5
STAGING_TRACE layer=27 done
prefill staging: layer=27 ne1=2027 unique=198 delta=5 runs=5 bytes=11.1 MiB stage_us=4502 barrier_us=4597
STAGING_RUN0 layer=28 cache=0000001C23F9E900 src=00000238249BBF40 slice=704000 run0_count=1 run0_expert=23
STAGING_TRACE layer=28 delta=4 runs=4
STAGING_TRACE layer=28 done
prefill staging: layer=28 ne1=2027 unique=189 delta=4 runs=4 bytes=8.9 MiB stage_us=3880 barrier_us=3979
STAGING_RUN0 layer=29 cache=0000001C23F9E900 src=0000023870E6DAC0 slice=704000 run0_count=1 run0_expert=69
STAGING_TRACE layer=29 delta=2 runs=2
STAGING_TRACE layer=29 done
prefill staging: layer=29 ne1=2027 unique=214 delta=2 runs=2 bytes=4.4 MiB stage_us=2147 barrier_us=2176
STAGING_RUN0 layer=30 cache=0000001C23F9E900 src=00000238D631F640 slice=704000 run0_count=1 run0_expert=408
STAGING_TRACE layer=30 delta=3 runs=3
STAGING_TRACE layer=30 done
prefill staging: layer=30 ne1=2027 unique=234 delta=3 runs=3 bytes=9.0 MiB stage_us=3697 barrier_us=3794
STAGING_RUN0 layer=31 cache=0000001C23F9E900 src=0000023922FC99C0 slice=704000 run0_count=1 run0_expert=1
STAGING_TRACE layer=31 delta=3 runs=3
STAGING_TRACE layer=31 done
prefill staging: layer=31 ne1=2027 unique=258 delta=3 runs=3 bytes=6.7 MiB stage_us=3224 barrier_us=3319
STAGING_RUN0 layer=32 cache=0000001C23F9E900 src=000002396E6935C0 slice=704000 run0_count=1 run0_expert=157
STAGING_TRACE layer=32 delta=2 runs=2
STAGING_TRACE layer=32 done
prefill staging: layer=32 ne1=2027 unique=232 delta=2 runs=2 bytes=4.4 MiB stage_us=2118 barrier_us=2149
STAGING_RUN0 layer=33 cache=0000001C23F9E900 src=00000239BAB45140 slice=704000 run0_count=1 run0_expert=10
STAGING_TRACE layer=33 delta=1 runs=1
STAGING_TRACE layer=33 done
prefill staging: layer=33 ne1=2027 unique=257 delta=1 runs=1 bytes=2.2 MiB stage_us=1582 barrier_us=1678
STAGING_RUN0 layer=34 cache=0000001C23F9E900 src=0000023A06FF6CC0 slice=704000 run0_count=1 run0_expert=203
STAGING_TRACE layer=34 delta=1 runs=1
STAGING_TRACE layer=34 done
prefill staging: layer=34 ne1=2027 unique=148 delta=1 runs=1 bytes=2.2 MiB stage_us=1513 barrier_us=1544
STAGING_RUN0 layer=35 cache=0000001C23F9E900 src=0000023A53CA1040 slice=704000 run0_count=1 run0_expert=304
STAGING_TRACE layer=35 delta=1 runs=1
STAGING_TRACE layer=35 done
prefill staging: layer=35 ne1=2027 unique=172 delta=1 runs=1 bytes=2.2 MiB stage_us=1588 barrier_us=1625
STAGING_TRACE layer=36 delta=0 runs=0
STAGING_TRACE layer=36 done
prefill staging: layer=36 ne1=2027 unique=128 delta=0 runs=0 bytes=0.0 MiB stage_us=556 barrier_us=556
STAGING_RUN0 layer=37 cache=0000001C23F9E900 src=0000023AEB81C7C0 slice=704000 run0_count=1 run0_expert=415
STAGING_TRACE layer=37 delta=1 runs=1
STAGING_TRACE layer=37 done
prefill staging: layer=37 ne1=2027 unique=124 delta=1 runs=1 bytes=2.2 MiB stage_us=1283 barrier_us=1315
STAGING_RUN0 layer=38 cache=0000001C23F9E900 src=0000023B37CCE340 slice=704000 run0_count=1 run0_expert=153
STAGING_TRACE layer=38 delta=3 runs=3
STAGING_TRACE layer=38 done
prefill staging: layer=38 ne1=2027 unique=163 delta=3 runs=3 bytes=6.7 MiB stage_us=3001 barrier_us=3101
STAGING_TRACE layer=39 delta=0 runs=0
STAGING_TRACE layer=39 done
prefill staging: layer=39 ne1=2027 unique=122 delta=0 runs=0 bytes=0.0 MiB stage_us=553 barrier_us=554
STAGING_RUN0 layer=40 cache=0000001C23F9E900 src=0000023BD00422C0 slice=704000 run0_count=1 run0_expert=101
STAGING_TRACE layer=40 delta=1 runs=1
STAGING_TRACE layer=40 done
prefill staging: layer=40 ne1=2027 unique=136 delta=1 runs=1 bytes=2.2 MiB stage_us=2504 barrier_us=2612
STAGING_TRACE layer=41 delta=0 runs=0
STAGING_TRACE layer=41 done
prefill staging: layer=41 ne1=2027 unique=159 delta=0 runs=0 bytes=0.0 MiB stage_us=641 barrier_us=642
STAGING_RUN0 layer=42 cache=0000001C23F9E900 src=0000023C689A59C0 slice=704000 run0_count=1 run0_expert=41
STAGING_TRACE layer=42 delta=2 runs=2
STAGING_TRACE layer=42 done
prefill staging: layer=42 ne1=2027 unique=157 delta=2 runs=2 bytes=4.4 MiB stage_us=2264 barrier_us=2323
STAGING_RUN0 layer=43 cache=0000001C23F9E900 src=0000023CB564FD40 slice=704000 run0_count=1 run0_expert=169
STAGING_TRACE layer=43 delta=2 runs=2
STAGING_TRACE layer=43 done
prefill staging: layer=43 ne1=2027 unique=141 delta=2 runs=2 bytes=4.4 MiB stage_us=2197 barrier_us=2297
STAGING_TRACE layer=44 delta=0 runs=0
STAGING_TRACE layer=44 done
prefill staging: layer=44 ne1=2027 unique=160 delta=0 runs=0 bytes=0.0 MiB stage_us=780 barrier_us=781
STAGING_RUN0 layer=45 cache=0000001C23F9E900 src=0000023D4D1CB4C0 slice=704000 run0_count=1 run0_expert=0
STAGING_TRACE layer=45 delta=1 runs=1
STAGING_TRACE layer=45 done
prefill staging: layer=45 ne1=2027 unique=164 delta=1 runs=1 bytes=2.2 MiB stage_us=1399 barrier_us=1428
STAGING_RUN0 layer=46 cache=0000001C23F9E900 src=0000023DB267D040 slice=704000 run0_count=1 run0_expert=81
STAGING_TRACE layer=46 delta=2 runs=2
STAGING_TRACE layer=46 done
prefill staging: layer=46 ne1=2027 unique=121 delta=2 runs=2 bytes=6.0 MiB stage_us=2761 barrier_us=2858
MMQ_DIAG call#281 type=q8_0 buft=CUDA0 vram=1 staging_env=0 staged_ops=0 host_ops=0 vram_ops=281
STAGING_RUN0 layer=47 cache=0000001C23F9E900 src=0000023E183273C0 slice=704000 run0_count=1 run0_expert=93
STAGING_TRACE layer=47 delta=8 runs=8
STAGING_TRACE layer=47 done
prefill staging: layer=47 ne1=1 unique=10 delta=8 runs=8 bytes=24.0 MiB stage_us=8194 barrier_us=8289
ggml_backend_cuda_graph_compute: CUDA graph warmup complete
STAGING_TRACE layer=0 delta=0 runs=0
STAGING_TRACE layer=0 done
prefill staging: layer=0 ne1=1 unique=10 delta=0 runs=0 bytes=0.0 MiB stage_us=366 barrier_us=367
STAGING_TRACE layer=1 delta=0 runs=0
STAGING_TRACE layer=1 done
prefill staging: layer=1 ne1=1 unique=10 delta=0 runs=0 bytes=0.0 MiB stage_us=196 barrier_us=197
STAGING_TRACE layer=2 delta=0 runs=0
STAGING_TRACE layer=2 done
prefill staging: layer=2 ne1=1 unique=10 delta=0 runs=0 bytes=0.0 MiB stage_us=737 barrier_us=738
STAGING_TRACE layer=3 delta=0 runs=0
STAGING_TRACE layer=3 done
prefill staging: layer=3 ne1=1 unique=10 delta=0 runs=0 bytes=0.0 MiB stage_us=756 barrier_us=756
STAGING_TRACE layer=4 delta=0 runs=0
STAGING_TRACE layer=4 done
prefill staging: layer=4 ne1=1 unique=10 delta=0 runs=0 bytes=0.0 MiB stage_us=322 barrier_us=322
STAGING_TRACE layer=5 delta=0 runs=0
STAGING_TRACE layer=5 done
prefill staging: layer=5 ne1=1 unique=10 delta=0 runs=0 bytes=0.0 MiB stage_us=434 barrier_us=435
STAGING_TRACE layer=6 delta=0 runs=0
STAGING_TRACE layer=6 done
prefill staging: layer=6 ne1=1 unique=10 delta=0 runs=0 bytes=0.0 MiB stage_us=284 barrier_us=284
STAGING_TRACE layer=7 delta=0 runs=0
STAGING_TRACE layer=7 done
prefill staging: layer=7 ne1=1 unique=10 delta=0 runs=0 bytes=0.0 MiB stage_us=851 barrier_us=851
STAGING_TRACE layer=8 delta=0 runs=0
STAGING_TRACE layer=8 done
prefill staging: layer=8 ne1=1 unique=10 delta=0 runs=0 bytes=0.0 MiB stage_us=378 barrier_us=378
STAGING_TRACE layer=9 delta=0 runs=0
STAGING_TRACE layer=9 done
prefill staging: layer=9 ne1=1 unique=10 delta=0 runs=0 bytes=0.0 MiB stage_us=728 barrier_us=728
STAGING_TRACE layer=10 delta=0 runs=0
STAGING_TRACE layer=10 done
prefill staging: layer=10 ne1=1 unique=10 delta=0 runs=0 bytes=0.0 MiB stage_us=290 barrier_us=290
STAGING_TRACE layer=11 delta=0 runs=0
STAGING_TRACE layer=11 done
prefill staging: layer=11 ne1=1 unique=10 delta=0 runs=0 bytes=0.0 MiB stage_us=516 barrier_us=516
STAGING_TRACE layer=12 delta=0 runs=0
STAGING_TRACE layer=12 done
prefill staging: layer=12 ne1=1 unique=10 delta=0 runs=0 bytes=0.0 MiB stage_us=368 barrier_us=368
STAGING_TRACE layer=13 delta=0 runs=0
STAGING_TRACE layer=13 done
prefill staging: layer=13 ne1=1 unique=10 delta=0 runs=0 bytes=0.0 MiB stage_us=268 barrier_us=268
STAGING_TRACE layer=14 delta=0 runs=0
STAGING_TRACE layer=14 done
prefill staging: layer=14 ne1=1 unique=10 delta=0 runs=0 bytes=0.0 MiB stage_us=684 barrier_us=685
STAGING_TRACE layer=15 delta=0 runs=0
STAGING_TRACE layer=15 done
prefill staging: layer=15 ne1=1 unique=10 delta=0 runs=0 bytes=0.0 MiB stage_us=416 barrier_us=416
STAGING_TRACE layer=16 delta=0 runs=0
STAGING_TRACE layer=16 done
prefill staging: layer=16 ne1=1 unique=10 delta=0 runs=0 bytes=0.0 MiB stage_us=320 barrier_us=321
STAGING_RUN0 layer=17 cache=0000001C23F9E900 src=00000234DE7E7740 slice=704000 run0_count=1 run0_expert=254
STAGING_TRACE layer=17 delta=1 runs=1
STAGING_TRACE layer=17 done
prefill staging: layer=17 ne1=1 unique=10 delta=1 runs=1 bytes=2.2 MiB stage_us=1368 barrier_us=1418
STAGING_TRACE layer=18 delta=0 runs=0
STAGING_TRACE layer=18 done
prefill staging: layer=18 ne1=1 unique=10 delta=0 runs=0 bytes=0.0 MiB stage_us=270 barrier_us=270
STAGING_TRACE layer=19 delta=0 runs=0
STAGING_TRACE layer=19 done
prefill staging: layer=19 ne1=1 unique=10 delta=0 runs=0 bytes=0.0 MiB stage_us=292 barrier_us=293
STAGING_TRACE layer=20 delta=0 runs=0
STAGING_TRACE layer=20 done
prefill staging: layer=20 ne1=1 unique=10 delta=0 runs=0 bytes=0.0 MiB stage_us=366 barrier_us=367
STAGING_TRACE layer=21 delta=0 runs=0
STAGING_TRACE layer=21 done
prefill staging: layer=21 ne1=1 unique=10 delta=0 runs=0 bytes=0.0 MiB stage_us=251 barrier_us=251
STAGING_TRACE layer=22 delta=0 runs=0
STAGING_TRACE layer=22 done
prefill staging: layer=22 ne1=1 unique=10 delta=0 runs=0 bytes=0.0 MiB stage_us=367 barrier_us=368
STAGING_TRACE layer=23 delta=0 runs=0
STAGING_TRACE layer=23 done
prefill staging: layer=23 ne1=1 unique=10 delta=0 runs=0 bytes=0.0 MiB stage_us=292 barrier_us=292
STAGING_TRACE layer=24 delta=0 runs=0
STAGING_TRACE layer=24 done
prefill staging: layer=24 ne1=1 unique=10 delta=0 runs=0 bytes=0.0 MiB stage_us=291 barrier_us=291
STAGING_TRACE layer=25 delta=0 runs=0
STAGING_TRACE layer=25 done
prefill staging: layer=25 ne1=1 unique=10 delta=0 runs=0 bytes=0.0 MiB stage_us=334 barrier_us=334
STAGING_TRACE layer=26 delta=0 runs=0
STAGING_TRACE layer=26 done
prefill staging: layer=26 ne1=1 unique=10 delta=0 runs=0 bytes=0.0 MiB stage_us=273 barrier_us=273
STAGING_TRACE layer=27 delta=0 runs=0
STAGING_TRACE layer=27 done
prefill staging: layer=27 ne1=1 unique=10 delta=0 runs=0 bytes=0.0 MiB stage_us=245 barrier_us=245
STAGING_TRACE layer=28 delta=0 runs=0
STAGING_TRACE layer=28 done
prefill staging: layer=28 ne1=1 unique=10 delta=0 runs=0 bytes=0.0 MiB stage_us=193 barrier_us=193
STAGING_TRACE layer=29 delta=0 runs=0
STAGING_TRACE layer=29 done
prefill staging: layer=29 ne1=1 unique=10 delta=0 runs=0 bytes=0.0 MiB stage_us=259 barrier_us=260
STAGING_TRACE layer=30 delta=0 runs=0
STAGING_TRACE layer=30 done
prefill staging: layer=30 ne1=1 unique=10 delta=0 runs=0 bytes=0.0 MiB stage_us=295 barrier_us=295
STAGING_TRACE layer=31 delta=0 runs=0
STAGING_TRACE layer=31 done
prefill staging: layer=31 ne1=1 unique=10 delta=0 runs=0 bytes=0.0 MiB stage_us=361 barrier_us=361
STAGING_TRACE layer=32 delta=0 runs=0
STAGING_TRACE layer=32 done
prefill staging: layer=32 ne1=1 unique=10 delta=0 runs=0 bytes=0.0 MiB stage_us=271 barrier_us=272
STAGING_TRACE layer=33 delta=0 runs=0
STAGING_TRACE layer=33 done
prefill staging: layer=33 ne1=1 unique=10 delta=0 runs=0 bytes=0.0 MiB stage_us=312 barrier_us=312
STAGING_TRACE layer=34 delta=0 runs=0
STAGING_TRACE layer=34 done
prefill staging: layer=34 ne1=1 unique=10 delta=0 runs=0 bytes=0.0 MiB stage_us=295 barrier_us=296
STAGING_TRACE layer=35 delta=0 runs=0
STAGING_TRACE layer=35 done
prefill staging: layer=35 ne1=1 unique=10 delta=0 runs=0 bytes=0.0 MiB stage_us=359 barrier_us=359
STAGING_TRACE layer=36 delta=0 runs=0
STAGING_TRACE layer=36 done
prefill staging: layer=36 ne1=1 unique=10 delta=0 runs=0 bytes=0.0 MiB stage_us=276 barrier_us=276
STAGING_TRACE layer=37 delta=0 runs=0
STAGING_TRACE layer=37 done
prefill staging: layer=37 ne1=1 unique=10 delta=0 runs=0 bytes=0.0 MiB stage_us=257 barrier_us=257
STAGING_TRACE layer=38 delta=0 runs=0
STAGING_TRACE layer=38 done
prefill staging: layer=38 ne1=1 unique=10 delta=0 runs=0 bytes=0.0 MiB stage_us=321 barrier_us=322
STAGING_TRACE layer=39 delta=0 runs=0
STAGING_TRACE layer=39 done
prefill staging: layer=39 ne1=1 unique=10 delta=0 runs=0 bytes=0.0 MiB stage_us=306 barrier_us=306
STAGING_TRACE layer=40 delta=0 runs=0
STAGING_TRACE layer=40 done
prefill staging: layer=40 ne1=1 unique=10 delta=0 runs=0 bytes=0.0 MiB stage_us=280 barrier_us=280
STAGING_TRACE layer=41 delta=0 runs=0
STAGING_TRACE layer=41 done
prefill staging: layer=41 ne1=1 unique=10 delta=0 runs=0 bytes=0.0 MiB stage_us=214 barrier_us=214
STAGING_TRACE layer=42 delta=0 runs=0
STAGING_TRACE layer=42 done
prefill staging: layer=42 ne1=1 unique=10 delta=0 runs=0 bytes=0.0 MiB stage_us=162 barrier_us=163
STAGING_TRACE layer=43 delta=0 runs=0
STAGING_TRACE layer=43 done
prefill staging: layer=43 ne1=1 unique=10 delta=0 runs=0 bytes=0.0 MiB stage_us=408 barrier_us=408
STAGING_TRACE layer=44 delta=0 runs=0
STAGING_TRACE layer=44 done
prefill staging: layer=44 ne1=1 unique=10 delta=0 runs=0 bytes=0.0 MiB stage_us=310 barrier_us=310
STAGING_TRACE layer=45 delta=0 runs=0
STAGING_TRACE layer=45 done
prefill staging: layer=45 ne1=1 unique=10 delta=0 runs=0 bytes=0.0 MiB stage_us=181 barrier_us=181
STAGING_TRACE layer=46 delta=0 runs=0
STAGING_TRACE layer=46 done
prefill staging: layer=46 ne1=1 unique=10 delta=0 runs=0 bytes=0.0 MiB stage_us=153 barrier_us=153
STAGING_TRACE layer=47 delta=0 runs=0
STAGING_TRACE layer=47 done
prefill staging: layer=47 ne1=1 unique=10 delta=0 runs=0 bytes=0.0 MiB stage_us=304 barrier_us=304
ggml_backend_cuda_graph_compute: CUDA graph warmup complete
STAGING_TRACE layer=0 delta=0 runs=0
STAGING_TRACE layer=0 done
prefill staging: layer=0 ne1=1 unique=10 delta=0 runs=0 bytes=0.0 MiB stage_us=308 barrier_us=308
ggml_backend_cuda_graph_compute: CUDA graph warmup complete
ggml_backend_cuda_graph_compute: CUDA graph warmup complete
ggml_backend_cuda_graph_compute: CUDA graph warmup complete
STAGING_TRACE layer=1 delta=0 runs=0
STAGING_TRACE layer=1 done
prefill staging: layer=1 ne1=1 unique=10 delta=0 runs=0 bytes=0.0 MiB stage_us=302 barrier_us=303
ggml_backend_cuda_graph_compute: CUDA graph warmup complete
ggml_backend_cuda_graph_compute: CUDA graph warmup complete
STAGING_TRACE layer=2 delta=0 runs=0
STAGING_TRACE layer=2 done
prefill staging: layer=2 ne1=1 unique=10 delta=0 runs=0 bytes=0.0 MiB stage_us=295 barrier_us=295
ggml_backend_cuda_graph_compute: CUDA graph warmup complete
ggml_backend_cuda_graph_compute: CUDA graph warmup complete
STAGING_TRACE layer=3 delta=0 runs=0
STAGING_TRACE layer=3 done
prefill staging: layer=3 ne1=1 unique=10 delta=0 runs=0 bytes=0.0 MiB stage_us=267 barrier_us=267
ggml_backend_cuda_graph_compute: CUDA graph warmup complete
ggml_backend_cuda_graph_compute: CUDA graph warmup complete
STAGING_TRACE layer=4 delta=0 runs=0
STAGING_TRACE layer=4 done
prefill staging: layer=4 ne1=1 unique=10 delta=0 runs=0 bytes=0.0 MiB stage_us=179 barrier_us=179
ggml_backend_cuda_graph_compute: CUDA graph warmup complete
ggml_backend_cuda_graph_compute: CUDA graph warmup complete
STAGING_TRACE layer=5 delta=0 runs=0
STAGING_TRACE layer=5 done
prefill staging: layer=5 ne1=1 unique=10 delta=0 runs=0 bytes=0.0 MiB stage_us=298 barrier_us=298
ggml_backend_cuda_graph_compute: CUDA graph warmup complete
ggml_backend_cuda_graph_compute: CUDA graph warmup complete
STAGING_TRACE layer=6 delta=0 runs=0
STAGING_TRACE layer=6 done
prefill staging: layer=6 ne1=1 unique=10 delta=0 runs=0 bytes=0.0 MiB stage_us=348 barrier_us=348
ggml_backend_cuda_graph_compute: CUDA graph warmup complete
ggml_backend_cuda_graph_compute: CUDA graph warmup complete
STAGING_TRACE layer=7 delta=0 runs=0
STAGING_TRACE layer=7 done
prefill staging: layer=7 ne1=1 unique=10 delta=0 runs=0 bytes=0.0 MiB stage_us=358 barrier_us=359
ggml_backend_cuda_graph_compute: CUDA graph warmup complete
ggml_backend_cuda_graph_compute: CUDA graph warmup complete
STAGING_TRACE layer=8 delta=0 runs=0
STAGING_TRACE layer=8 done
prefill staging: layer=8 ne1=1 unique=10 delta=0 runs=0 bytes=0.0 MiB stage_us=265 barrier_us=265
ggml_backend_cuda_graph_compute: CUDA graph warmup complete
ggml_backend_cuda_graph_compute: CUDA graph warmup complete
STAGING_TRACE layer=9 delta=0 runs=0
STAGING_TRACE layer=9 done
prefill staging: layer=9 ne1=1 unique=10 delta=0 runs=0 bytes=0.0 MiB stage_us=327 barrier_us=327
ggml_backend_cuda_graph_compute: CUDA graph warmup complete
ggml_backend_cuda_graph_compute: CUDA graph warmup complete
STAGING_TRACE layer=10 delta=0 runs=0
STAGING_TRACE layer=10 done
prefill staging: layer=10 ne1=1 unique=10 delta=0 runs=0 bytes=0.0 MiB stage_us=275 barrier_us=275
ggml_backend_cuda_graph_compute: CUDA graph warmup complete
ggml_backend_cuda_graph_compute: CUDA graph warmup complete
STAGING_TRACE layer=11 delta=0 runs=0
STAGING_TRACE layer=11 done
prefill staging: layer=11 ne1=1 unique=10 delta=0 runs=0 bytes=0.0 MiB stage_us=319 barrier_us=319
ggml_backend_cuda_graph_compute: CUDA graph warmup complete
ggml_backend_cuda_graph_compute: CUDA graph warmup complete
STAGING_TRACE layer=12 delta=0 runs=0
STAGING_TRACE layer=12 done
prefill staging: layer=12 ne1=1 unique=10 delta=0 runs=0 bytes=0.0 MiB stage_us=278 barrier_us=278
ggml_backend_cuda_graph_compute: CUDA graph warmup complete
ggml_backend_cuda_graph_compute: CUDA graph warmup complete
STAGING_TRACE layer=13 delta=0 runs=0
STAGING_TRACE layer=13 done
prefill staging: layer=13 ne1=1 unique=10 delta=0 runs=0 bytes=0.0 MiB stage_us=320 barrier_us=321
ggml_backend_cuda_graph_compute: CUDA graph warmup complete
ggml_backend_cuda_graph_compute: CUDA graph warmup complete
STAGING_TRACE layer=14 delta=0 runs=0
STAGING_TRACE layer=14 done
prefill staging: layer=14 ne1=1 unique=10 delta=0 runs=0 bytes=0.0 MiB stage_us=381 barrier_us=382
ggml_backend_cuda_graph_compute: CUDA graph warmup complete
ggml_backend_cuda_graph_compute: CUDA graph warmup complete
STAGING_TRACE layer=15 delta=0 runs=0
STAGING_TRACE layer=15 done
prefill staging: layer=15 ne1=1 unique=10 delta=0 runs=0 bytes=0.0 MiB stage_us=324 barrier_us=324
ggml_backend_cuda_graph_compute: CUDA graph warmup complete
ggml_backend_cuda_graph_compute: CUDA graph warmup complete
STAGING_TRACE layer=16 delta=0 runs=0
STAGING_TRACE layer=16 done
prefill staging: layer=16 ne1=1 unique=10 delta=0 runs=0 bytes=0.0 MiB stage_us=278 barrier_us=278
ggml_backend_cuda_graph_compute: CUDA graph warmup complete
ggml_backend_cuda_graph_compute: CUDA graph warmup complete
STAGING_TRACE layer=17 delta=0 runs=0
STAGING_TRACE layer=17 done
prefill staging: layer=17 ne1=1 unique=10 delta=0 runs=0 bytes=0.0 MiB stage_us=303 barrier_us=303
ggml_backend_cuda_graph_compute: CUDA graph warmup complete
ggml_backend_cuda_graph_compute: CUDA graph warmup complete
STAGING_TRACE layer=18 delta=0 runs=0
STAGING_TRACE layer=18 done
prefill staging: layer=18 ne1=1 unique=10 delta=0 runs=0 bytes=0.0 MiB stage_us=300 barrier_us=300
ggml_backend_cuda_graph_compute: CUDA graph warmup complete
ggml_backend_cuda_graph_compute: CUDA graph warmup complete
STAGING_TRACE layer=19 delta=0 runs=0
STAGING_TRACE layer=19 done
prefill staging: layer=19 ne1=1 unique=10 delta=0 runs=0 bytes=0.0 MiB stage_us=309 barrier_us=309
ggml_backend_cuda_graph_compute: CUDA graph warmup complete
ggml_backend_cuda_graph_compute: CUDA graph warmup complete
STAGING_TRACE layer=20 delta=0 runs=0
STAGING_TRACE layer=20 done
prefill staging: layer=20 ne1=1 unique=10 delta=0 runs=0 bytes=0.0 MiB stage_us=248 barrier_us=248
ggml_backend_cuda_graph_compute: CUDA graph warmup complete
ggml_backend_cuda_graph_compute: CUDA graph warmup complete
STAGING_TRACE layer=21 delta=0 runs=0
STAGING_TRACE layer=21 done
prefill staging: layer=21 ne1=1 unique=10 delta=0 runs=0 bytes=0.0 MiB stage_us=296 barrier_us=296
ggml_backend_cuda_graph_compute: CUDA graph warmup complete
ggml_backend_cuda_graph_compute: CUDA graph warmup complete
STAGING_TRACE layer=22 delta=0 runs=0
STAGING_TRACE layer=22 done
prefill staging: layer=22 ne1=1 unique=10 delta=0 runs=0 bytes=0.0 MiB stage_us=235 barrier_us=235
ggml_backend_cuda_graph_compute: CUDA graph warmup complete
ggml_backend_cuda_graph_compute: CUDA graph warmup complete
STAGING_TRACE layer=23 delta=0 runs=0
STAGING_TRACE layer=23 done
prefill staging: layer=23 ne1=1 unique=10 delta=0 runs=0 bytes=0.0 MiB stage_us=171 barrier_us=171
ggml_backend_cuda_graph_compute: CUDA graph warmup complete
ggml_backend_cuda_graph_compute: CUDA graph warmup complete
STAGING_TRACE layer=24 delta=0 runs=0
STAGING_TRACE layer=24 done
prefill staging: layer=24 ne1=1 unique=10 delta=0 runs=0 bytes=0.0 MiB stage_us=158 barrier_us=158
ggml_backend_cuda_graph_compute: CUDA graph warmup complete
ggml_backend_cuda_graph_compute: CUDA graph warmup complete
STAGING_TRACE layer=25 delta=0 runs=0
STAGING_TRACE layer=25 done
prefill staging: layer=25 ne1=1 unique=10 delta=0 runs=0 bytes=0.0 MiB stage_us=330 barrier_us=330
ggml_backend_cuda_graph_compute: CUDA graph warmup complete
ggml_backend_cuda_graph_compute: CUDA graph warmup complete
STAGING_TRACE layer=26 delta=0 runs=0
STAGING_TRACE layer=26 done
prefill staging: layer=26 ne1=1 unique=10 delta=0 runs=0 bytes=0.0 MiB stage_us=308 barrier_us=308
ggml_backend_cuda_graph_compute: CUDA graph warmup complete
ggml_backend_cuda_graph_compute: CUDA graph warmup complete
STAGING_TRACE layer=27 delta=0 runs=0
STAGING_TRACE layer=27 done
prefill staging: layer=27 ne1=1 unique=10 delta=0 runs=0 bytes=0.0 MiB stage_us=265 barrier_us=266
ggml_backend_cuda_graph_compute: CUDA graph warmup complete
ggml_backend_cuda_graph_compute: CUDA graph warmup complete
STAGING_TRACE layer=28 delta=0 runs=0
STAGING_TRACE layer=28 done
prefill staging: layer=28 ne1=1 unique=10 delta=0 runs=0 bytes=0.0 MiB stage_us=303 barrier_us=303
ggml_backend_cuda_graph_compute: CUDA graph warmup complete
ggml_backend_cuda_graph_compute: CUDA graph warmup complete
STAGING_TRACE layer=29 delta=0 runs=0
STAGING_TRACE layer=29 done
prefill staging: layer=29 ne1=1 unique=10 delta=0 runs=0 bytes=0.0 MiB stage_us=274 barrier_us=274
ggml_backend_cuda_graph_compute: CUDA graph warmup complete
ggml_backend_cuda_graph_compute: CUDA graph warmup complete
STAGING_TRACE layer=30 delta=0 runs=0
STAGING_TRACE layer=30 done
prefill staging: layer=30 ne1=1 unique=10 delta=0 runs=0 bytes=0.0 MiB stage_us=346 barrier_us=346
ggml_backend_cuda_graph_compute: CUDA graph warmup complete
ggml_backend_cuda_graph_compute: CUDA graph warmup complete
STAGING_TRACE layer=31 delta=0 runs=0
STAGING_TRACE layer=31 done
prefill staging: layer=31 ne1=1 unique=10 delta=0 runs=0 bytes=0.0 MiB stage_us=301 barrier_us=301
ggml_backend_cuda_graph_compute: CUDA graph warmup complete
ggml_backend_cuda_graph_compute: CUDA graph warmup complete
STAGING_TRACE layer=32 delta=0 runs=0
STAGING_TRACE layer=32 done
prefill staging: layer=32 ne1=1 unique=10 delta=0 runs=0 bytes=0.0 MiB stage_us=339 barrier_us=340
ggml_backend_cuda_graph_compute: CUDA graph warmup complete
ggml_backend_cuda_graph_compute: CUDA graph warmup complete
STAGING_TRACE layer=33 delta=0 runs=0
STAGING_TRACE layer=33 done
prefill staging: layer=33 ne1=1 unique=10 delta=0 runs=0 bytes=0.0 MiB stage_us=174 barrier_us=174
ggml_backend_cuda_graph_compute: CUDA graph warmup complete
ggml_backend_cuda_graph_compute: CUDA graph warmup complete
STAGING_TRACE layer=34 delta=0 runs=0
STAGING_TRACE layer=34 done
prefill staging: layer=34 ne1=1 unique=10 delta=0 runs=0 bytes=0.0 MiB stage_us=157 barrier_us=157
ggml_backend_cuda_graph_compute: CUDA graph warmup complete
ggml_backend_cuda_graph_compute: CUDA graph warmup complete
STAGING_TRACE layer=35 delta=0 runs=0
STAGING_TRACE layer=35 done
prefill staging: layer=35 ne1=1 unique=10 delta=0 runs=0 bytes=0.0 MiB stage_us=305 barrier_us=305
ggml_backend_cuda_graph_compute: CUDA graph warmup complete
ggml_backend_cuda_graph_compute: CUDA graph warmup complete
STAGING_TRACE layer=36 delta=0 runs=0
STAGING_TRACE layer=36 done
prefill staging: layer=36 ne1=1 unique=10 delta=0 runs=0 bytes=0.0 MiB stage_us=158 barrier_us=159
ggml_backend_cuda_graph_compute: CUDA graph warmup complete
ggml_backend_cuda_graph_compute: CUDA graph warmup complete
STAGING_TRACE layer=37 delta=0 runs=0
STAGING_TRACE layer=37 done
prefill staging: layer=37 ne1=1 unique=10 delta=0 runs=0 bytes=0.0 MiB stage_us=144 barrier_us=144
ggml_backend_cuda_graph_compute: CUDA graph warmup complete
ggml_backend_cuda_graph_compute: CUDA graph warmup complete
STAGING_TRACE layer=38 delta=0 runs=0
STAGING_TRACE layer=38 done
prefill staging: layer=38 ne1=1 unique=10 delta=0 runs=0 bytes=0.0 MiB stage_us=333 barrier_us=333
ggml_backend_cuda_graph_compute: CUDA graph warmup complete
ggml_backend_cuda_graph_compute: CUDA graph warmup complete
STAGING_TRACE layer=39 delta=0 runs=0
STAGING_TRACE layer=39 done
prefill staging: layer=39 ne1=1 unique=10 delta=0 runs=0 bytes=0.0 MiB stage_us=288 barrier_us=288
ggml_backend_cuda_graph_compute: CUDA graph warmup complete
ggml_backend_cuda_graph_compute: CUDA graph warmup complete
STAGING_TRACE layer=40 delta=0 runs=0
STAGING_TRACE layer=40 done
prefill staging: layer=40 ne1=1 unique=10 delta=0 runs=0 bytes=0.0 MiB stage_us=257 barrier_us=258
ggml_backend_cuda_graph_compute: CUDA graph warmup complete
ggml_backend_cuda_graph_compute: CUDA graph warmup complete
STAGING_TRACE layer=41 delta=0 runs=0
STAGING_TRACE layer=41 done
prefill staging: layer=41 ne1=1 unique=10 delta=0 runs=0 bytes=0.0 MiB stage_us=312 barrier_us=312
ggml_backend_cuda_graph_compute: CUDA graph warmup complete
ggml_backend_cuda_graph_compute: CUDA graph warmup complete
STAGING_TRACE layer=42 delta=0 runs=0
STAGING_TRACE layer=42 done
prefill staging: layer=42 ne1=1 unique=10 delta=0 runs=0 bytes=0.0 MiB stage_us=313 barrier_us=313
ggml_backend_cuda_graph_compute: CUDA graph warmup complete
ggml_backend_cuda_graph_compute: CUDA graph warmup complete
STAGING_TRACE layer=43 delta=0 runs=0
STAGING_TRACE layer=43 done
prefill staging: layer=43 ne1=1 unique=10 delta=0 runs=0 bytes=0.0 MiB stage_us=313 barrier_us=313
ggml_backend_cuda_graph_compute: CUDA graph warmup complete
ggml_backend_cuda_graph_compute: CUDA graph warmup complete
STAGING_TRACE layer=44 delta=0 runs=0
STAGING_TRACE layer=44 done
prefill staging: layer=44 ne1=1 unique=10 delta=0 runs=0 bytes=0.0 MiB stage_us=185 barrier_us=186
ggml_backend_cuda_graph_compute: CUDA graph warmup complete
ggml_backend_cuda_graph_compute: CUDA graph warmup complete
STAGING_TRACE layer=45 delta=0 runs=0
STAGING_TRACE layer=45 done
prefill staging: layer=45 ne1=1 unique=10 delta=0 runs=0 bytes=0.0 MiB stage_us=167 barrier_us=167
ggml_backend_cuda_graph_compute: CUDA graph warmup complete
ggml_backend_cuda_graph_compute: CUDA graph warmup complete
STAGING_TRACE layer=46 delta=0 runs=0
STAGING_TRACE layer=46 done
prefill staging: layer=46 ne1=1 unique=10 delta=0 runs=0 bytes=0.0 MiB stage_us=357 barrier_us=357
ggml_backend_cuda_graph_compute: CUDA graph warmup complete
ggml_backend_cuda_graph_compute: CUDA graph warmup complete
STAGING_RUN0 layer=47 cache=0000001C23F9E900 src=0000023E183273C0 slice=704000 run0_count=1 run0_expert=442
STAGING_TRACE layer=47 delta=1 runs=1
STAGING_TRACE layer=47 done
prefill staging: layer=47 ne1=1 unique=10 delta=1 runs=1 bytes=3.0 MiB stage_us=2008 barrier_us=2054
ggml_backend_cuda_graph_compute: CUDA graph warmup complete
ggml_backend_cuda_graph_compute: CUDA graph warmup complete
STAGING_TRACE layer=0 delta=0 runs=0
STAGING_TRACE layer=0 done
prefill staging: layer=0 ne1=1 unique=10 delta=0 runs=0 bytes=0.0 MiB stage_us=409 barrier_us=409
STAGING_TRACE layer=1 delta=0 runs=0
STAGING_TRACE layer=1 done
prefill staging: layer=1 ne1=1 unique=10 delta=0 runs=0 bytes=0.0 MiB stage_us=338 barrier_us=338
STAGING_TRACE layer=2 delta=0 runs=0
STAGING_TRACE layer=2 done
prefill staging: layer=2 ne1=1 unique=10 delta=0 runs=0 bytes=0.0 MiB stage_us=256 barrier_us=257
STAGING_TRACE layer=3 delta=0 runs=0
STAGING_TRACE layer=3 done
prefill staging: layer=3 ne1=1 unique=10 delta=0 runs=0 bytes=0.0 MiB stage_us=290 barrier_us=290
STAGING_TRACE layer=4 delta=0 runs=0
STAGING_TRACE layer=4 done
prefill staging: layer=4 ne1=1 unique=10 delta=0 runs=0 bytes=0.0 MiB stage_us=233 barrier_us=233
STAGING_TRACE layer=5 delta=0 runs=0
STAGING_TRACE layer=5 done
prefill staging: layer=5 ne1=1 unique=10 delta=0 runs=0 bytes=0.0 MiB stage_us=160 barrier_us=160
STAGING_TRACE layer=6 delta=0 runs=0
STAGING_TRACE layer=6 done
prefill staging: layer=6 ne1=1 unique=10 delta=0 runs=0 bytes=0.0 MiB stage_us=268 barrier_us=268
STAGING_TRACE layer=7 delta=0 runs=0
STAGING_TRACE layer=7 done
prefill staging: layer=7 ne1=1 unique=10 delta=0 runs=0 bytes=0.0 MiB stage_us=307 barrier_us=308
STAGING_TRACE layer=8 delta=0 runs=0
STAGING_TRACE layer=8 done
prefill staging: layer=8 ne1=1 unique=10 delta=0 runs=0 bytes=0.0 MiB stage_us=274 barrier_us=274
STAGING_TRACE layer=9 delta=0 runs=0
STAGING_TRACE layer=9 done
prefill staging: layer=9 ne1=1 unique=10 delta=0 runs=0 bytes=0.0 MiB stage_us=306 barrier_us=306
STAGING_TRACE layer=10 delta=0 runs=0
STAGING_TRACE layer=10 done
prefill staging: layer=10 ne1=1 unique=10 delta=0 runs=0 bytes=0.0 MiB stage_us=266 barrier_us=266
STAGING_TRACE layer=11 delta=0 runs=0
STAGING_TRACE layer=11 done
prefill staging: layer=11 ne1=1 unique=10 delta=0 runs=0 bytes=0.0 MiB stage_us=253 barrier_us=253
STAGING_TRACE layer=12 delta=0 runs=0
STAGING_TRACE layer=12 done
prefill staging: layer=12 ne1=1 unique=10 delta=0 runs=0 bytes=0.0 MiB stage_us=331 barrier_us=331
STAGING_TRACE layer=13 delta=0 runs=0
STAGING_TRACE layer=13 done
prefill staging: layer=13 ne1=1 unique=10 delta=0 runs=0 bytes=0.0 MiB stage_us=261 barrier_us=261
STAGING_TRACE layer=14 delta=0 runs=0
STAGING_TRACE layer=14 done
prefill staging: layer=14 ne1=1 unique=10 delta=0 runs=0 bytes=0.0 MiB stage_us=279 barrier_us=279
STAGING_TRACE layer=15 delta=0 runs=0
STAGING_TRACE layer=15 done
prefill staging: layer=15 ne1=1 unique=10 delta=0 runs=0 bytes=0.0 MiB stage_us=275 barrier_us=275
STAGING_TRACE layer=16 delta=0 runs=0
STAGING_TRACE layer=16 done
prefill staging: layer=16 ne1=1 unique=10 delta=0 runs=0 bytes=0.0 MiB stage_us=313 barrier_us=314
STAGING_TRACE layer=17 delta=0 runs=0
STAGING_TRACE layer=17 done
prefill staging: layer=17 ne1=1 unique=10 delta=0 runs=0 bytes=0.0 MiB stage_us=280 barrier_us=280
STAGING_TRACE layer=18 delta=0 runs=0
STAGING_TRACE layer=18 done
prefill staging: layer=18 ne1=1 unique=10 delta=0 runs=0 bytes=0.0 MiB stage_us=275 barrier_us=275
STAGING_TRACE layer=19 delta=0 runs=0
STAGING_TRACE layer=19 done
prefill staging: layer=19 ne1=1 unique=10 delta=0 runs=0 bytes=0.0 MiB stage_us=276 barrier_us=276
STAGING_TRACE layer=20 delta=0 runs=0
STAGING_TRACE layer=20 done
prefill staging: layer=20 ne1=1 unique=10 delta=0 runs=0 bytes=0.0 MiB stage_us=262 barrier_us=262
STAGING_TRACE layer=21 delta=0 runs=0
STAGING_TRACE layer=21 done
prefill staging: layer=21 ne1=1 unique=10 delta=0 runs=0 bytes=0.0 MiB stage_us=235 barrier_us=235
STAGING_TRACE layer=22 delta=0 runs=0
STAGING_TRACE layer=22 done
prefill staging: layer=22 ne1=1 unique=10 delta=0 runs=0 bytes=0.0 MiB stage_us=334 barrier_us=334
STAGING_TRACE layer=23 delta=0 runs=0
STAGING_TRACE layer=23 done
prefill staging: layer=23 ne1=1 unique=10 delta=0 runs=0 bytes=0.0 MiB stage_us=273 barrier_us=273
STAGING_TRACE layer=24 delta=0 runs=0
STAGING_TRACE layer=24 done
prefill staging: layer=24 ne1=1 unique=10 delta=0 runs=0 bytes=0.0 MiB stage_us=214 barrier_us=214
STAGING_TRACE layer=25 delta=0 runs=0
STAGING_TRACE layer=25 done
prefill staging: layer=25 ne1=1 unique=10 delta=0 runs=0 bytes=0.0 MiB stage_us=125 barrier_us=125
STAGING_TRACE layer=26 delta=0 runs=0
STAGING_TRACE layer=26 done
prefill staging: layer=26 ne1=1 unique=10 delta=0 runs=0 bytes=0.0 MiB stage_us=328 barrier_us=329
STAGING_TRACE layer=27 delta=0 runs=0
STAGING_TRACE layer=27 done
prefill staging: layer=27 ne1=1 unique=10 delta=0 runs=0 bytes=0.0 MiB stage_us=303 barrier_us=303
STAGING_TRACE layer=28 delta=0 runs=0
STAGING_TRACE layer=28 done
prefill staging: layer=28 ne1=1 unique=10 delta=0 runs=0 bytes=0.0 MiB stage_us=301 barrier_us=301
STAGING_TRACE layer=29 delta=0 runs=0
STAGING_TRACE layer=29 done
prefill staging: layer=29 ne1=1 unique=10 delta=0 runs=0 bytes=0.0 MiB stage_us=252 barrier_us=252
STAGING_TRACE layer=30 delta=0 runs=0
STAGING_TRACE layer=30 done
prefill staging: layer=30 ne1=1 unique=10 delta=0 runs=0 bytes=0.0 MiB stage_us=304 barrier_us=304
STAGING_TRACE layer=31 delta=0 runs=0
STAGING_TRACE layer=31 done
prefill staging: layer=31 ne1=1 unique=10 delta=0 runs=0 bytes=0.0 MiB stage_us=329 barrier_us=329
STAGING_TRACE layer=32 delta=0 runs=0
STAGING_TRACE layer=32 done
prefill staging: layer=32 ne1=1 unique=10 delta=0 runs=0 bytes=0.0 MiB stage_us=307 barrier_us=307
STAGING_TRACE layer=33 delta=0 runs=0
STAGING_TRACE layer=33 done
prefill staging: layer=33 ne1=1 unique=10 delta=0 runs=0 bytes=0.0 MiB stage_us=282 barrier_us=282
STAGING_TRACE layer=34 delta=0 runs=0
STAGING_TRACE layer=34 done
prefill staging: layer=34 ne1=1 unique=10 delta=0 runs=0 bytes=0.0 MiB stage_us=240 barrier_us=241
STAGING_TRACE layer=35 delta=0 runs=0
STAGING_TRACE layer=35 done
prefill staging: layer=35 ne1=1 unique=10 delta=0 runs=0 bytes=0.0 MiB stage_us=320 barrier_us=320
STAGING_TRACE layer=36 delta=0 runs=0
STAGING_TRACE layer=36 done
prefill staging: layer=36 ne1=1 unique=10 delta=0 runs=0 bytes=0.0 MiB stage_us=164 barrier_us=164
STAGING_TRACE layer=37 delta=0 runs=0
STAGING_TRACE layer=37 done
prefill staging: layer=37 ne1=1 unique=10 delta=0 runs=0 bytes=0.0 MiB stage_us=137 barrier_us=137
STAGING_TRACE layer=38 delta=0 runs=0
STAGING_TRACE layer=38 done
prefill staging: layer=38 ne1=1 unique=10 delta=0 runs=0 bytes=0.0 MiB stage_us=169 barrier_us=169
STAGING_TRACE layer=39 delta=0 runs=0
STAGING_TRACE layer=39 done
prefill staging: layer=39 ne1=1 unique=10 delta=0 runs=0 bytes=0.0 MiB stage_us=197 barrier_us=197
STAGING_TRACE layer=40 delta=0 runs=0
STAGING_TRACE layer=40 done
prefill staging: layer=40 ne1=1 unique=10 delta=0 runs=0 bytes=0.0 MiB stage_us=249 barrier_us=249
STAGING_TRACE layer=41 delta=0 runs=0
STAGING_TRACE layer=41 done
prefill staging: layer=41 ne1=1 unique=10 delta=0 runs=0 bytes=0.0 MiB stage_us=322 barrier_us=322
STAGING_TRACE layer=42 delta=0 runs=0
STAGING_TRACE layer=42 done
prefill staging: layer=42 ne1=1 unique=10 delta=0 runs=0 bytes=0.0 MiB stage_us=253 barrier_us=253
STAGING_TRACE layer=43 delta=0 runs=0
STAGING_TRACE layer=43 done
prefill staging: layer=43 ne1=1 unique=10 delta=0 runs=0 bytes=0.0 MiB stage_us=134 barrier_us=134
STAGING_TRACE layer=44 delta=0 runs=0
STAGING_TRACE layer=44 done
prefill staging: layer=44 ne1=1 unique=10 delta=0 runs=0 bytes=0.0 MiB stage_us=113 barrier_us=113
STAGING_TRACE layer=45 delta=0 runs=0
STAGING_TRACE layer=45 done
prefill staging: layer=45 ne1=1 unique=10 delta=0 runs=0 bytes=0.0 MiB stage_us=105 barrier_us=105
STAGING_TRACE layer=46 delta=0 runs=0
STAGING_TRACE layer=46 done
prefill staging: layer=46 ne1=1 unique=10 delta=0 runs=0 bytes=0.0 MiB stage_us=215 barrier_us=215
STAGING_RUN0 layer=47 cache=0000001C23F9E900 src=0000023E183273C0 slice=704000 run0_count=1 run0_expert=56
STAGING_TRACE layer=47 delta=1 runs=1
STAGING_TRACE layer=47 done
prefill staging: layer=47 ne1=1 unique=10 delta=1 runs=1 bytes=3.0 MiB stage_us=2009 barrier_us=2107
STAGING_TRACE layer=0 delta=0 runs=0
STAGING_TRACE layer=0 done
prefill staging: layer=0 ne1=1 unique=10 delta=0 runs=0 bytes=0.0 MiB stage_us=379 barrier_us=379
STAGING_TRACE layer=1 delta=0 runs=0
STAGING_TRACE layer=1 done
prefill staging: layer=1 ne1=1 unique=10 delta=0 runs=0 bytes=0.0 MiB stage_us=235 barrier_us=235
STAGING_TRACE layer=2 delta=0 runs=0
STAGING_TRACE layer=2 done
prefill staging: layer=2 ne1=1 unique=10 delta=0 runs=0 bytes=0.0 MiB stage_us=229 barrier_us=229
STAGING_TRACE layer=3 delta=0 runs=0
STAGING_TRACE layer=3 done
prefill staging: layer=3 ne1=1 unique=10 delta=0 runs=0 bytes=0.0 MiB stage_us=331 barrier_us=331
STAGING_TRACE layer=4 delta=0 runs=0
STAGING_TRACE layer=4 done
prefill staging: layer=4 ne1=1 unique=10 delta=0 runs=0 bytes=0.0 MiB stage_us=311 barrier_us=311
STAGING_TRACE layer=5 delta=0 runs=0
STAGING_TRACE layer=5 done
prefill staging: layer=5 ne1=1 unique=10 delta=0 runs=0 bytes=0.0 MiB stage_us=241 barrier_us=241
STAGING_TRACE layer=6 delta=0 runs=0
STAGING_TRACE layer=6 done
prefill staging: layer=6 ne1=1 unique=10 delta=0 runs=0 bytes=0.0 MiB stage_us=229 barrier_us=230
STAGING_TRACE layer=7 delta=0 runs=0
STAGING_TRACE layer=7 done
prefill staging: layer=7 ne1=1 unique=10 delta=0 runs=0 bytes=0.0 MiB stage_us=231 barrier_us=231
STAGING_TRACE layer=8 delta=0 runs=0
STAGING_TRACE layer=8 done
prefill staging: layer=8 ne1=1 unique=10 delta=0 runs=0 bytes=0.0 MiB stage_us=225 barrier_us=225
STAGING_TRACE layer=9 delta=0 runs=0
STAGING_TRACE layer=9 done
prefill staging: layer=9 ne1=1 unique=10 delta=0 runs=0 bytes=0.0 MiB stage_us=359 barrier_us=359
STAGING_TRACE layer=10 delta=0 runs=0
STAGING_TRACE layer=10 done
prefill staging: layer=10 ne1=1 unique=10 delta=0 runs=0 bytes=0.0 MiB stage_us=253 barrier_us=253
STAGING_TRACE layer=11 delta=0 runs=0
STAGING_TRACE layer=11 done
prefill staging: layer=11 ne1=1 unique=10 delta=0 runs=0 bytes=0.0 MiB stage_us=127 barrier_us=127
STAGING_TRACE layer=12 delta=0 runs=0
STAGING_TRACE layer=12 done
prefill staging: layer=12 ne1=1 unique=10 delta=0 runs=0 bytes=0.0 MiB stage_us=110 barrier_us=110
STAGING_TRACE layer=13 delta=0 runs=0
STAGING_TRACE layer=13 done
prefill staging: layer=13 ne1=1 unique=10 delta=0 runs=0 bytes=0.0 MiB stage_us=134 barrier_us=134
STAGING_TRACE layer=14 delta=0 runs=0
STAGING_TRACE layer=14 done
prefill staging: layer=14 ne1=1 unique=10 delta=0 runs=0 bytes=0.0 MiB stage_us=313 barrier_us=314
STAGING_TRACE layer=15 delta=0 runs=0
STAGING_TRACE layer=15 done
prefill staging: layer=15 ne1=1 unique=10 delta=0 runs=0 bytes=0.0 MiB stage_us=299 barrier_us=299
STAGING_TRACE layer=16 delta=0 runs=0
STAGING_TRACE layer=16 done
prefill staging: layer=16 ne1=1 unique=10 delta=0 runs=0 bytes=0.0 MiB stage_us=243 barrier_us=243
STAGING_TRACE layer=17 delta=0 runs=0
STAGING_TRACE layer=17 done
prefill staging: layer=17 ne1=1 unique=10 delta=0 runs=0 bytes=0.0 MiB stage_us=309 barrier_us=309
STAGING_TRACE layer=18 delta=0 runs=0
STAGING_TRACE layer=18 done
prefill staging: layer=18 ne1=1 unique=10 delta=0 runs=0 bytes=0.0 MiB stage_us=315 barrier_us=315
STAGING_TRACE layer=19 delta=0 runs=0
STAGING_TRACE layer=19 done
prefill staging: layer=19 ne1=1 unique=10 delta=0 runs=0 bytes=0.0 MiB stage_us=239 barrier_us=239
STAGING_TRACE layer=20 delta=0 runs=0
STAGING_TRACE layer=20 done
prefill staging: layer=20 ne1=1 unique=10 delta=0 runs=0 bytes=0.0 MiB stage_us=356 barrier_us=357
STAGING_TRACE layer=21 delta=0 runs=0
STAGING_TRACE layer=21 done
prefill staging: layer=21 ne1=1 unique=10 delta=0 runs=0 bytes=0.0 MiB stage_us=291 barrier_us=291
STAGING_TRACE layer=22 delta=0 runs=0
STAGING_TRACE layer=22 done
prefill staging: layer=22 ne1=1 unique=10 delta=0 runs=0 bytes=0.0 MiB stage_us=256 barrier_us=256
STAGING_TRACE layer=23 delta=0 runs=0
STAGING_TRACE layer=23 done
prefill staging: layer=23 ne1=1 unique=10 delta=0 runs=0 bytes=0.0 MiB stage_us=426 barrier_us=426
STAGING_TRACE layer=24 delta=0 runs=0
STAGING_TRACE layer=24 done
prefill staging: layer=24 ne1=1 unique=10 delta=0 runs=0 bytes=0.0 MiB stage_us=240 barrier_us=240
STAGING_TRACE layer=25 delta=0 runs=0
STAGING_TRACE layer=25 done
prefill staging: layer=25 ne1=1 unique=10 delta=0 runs=0 bytes=0.0 MiB stage_us=256 barrier_us=256
STAGING_TRACE layer=26 delta=0 runs=0
STAGING_TRACE layer=26 done
prefill staging: layer=26 ne1=1 unique=10 delta=0 runs=0 bytes=0.0 MiB stage_us=336 barrier_us=336
STAGING_TRACE layer=27 delta=0 runs=0
STAGING_TRACE layer=27 done
prefill staging: layer=27 ne1=1 unique=10 delta=0 runs=0 bytes=0.0 MiB stage_us=264 barrier_us=264
STAGING_TRACE layer=28 delta=0 runs=0
STAGING_TRACE layer=28 done
prefill staging: layer=28 ne1=1 unique=10 delta=0 runs=0 bytes=0.0 MiB stage_us=224 barrier_us=225
STAGING_TRACE layer=29 delta=0 runs=0
STAGING_TRACE layer=29 done
prefill staging: layer=29 ne1=1 unique=10 delta=0 runs=0 bytes=0.0 MiB stage_us=215 barrier_us=215
STAGING_TRACE layer=30 delta=0 runs=0
STAGING_TRACE layer=30 done
prefill staging: layer=30 ne1=1 unique=10 delta=0 runs=0 bytes=0.0 MiB stage_us=144 barrier_us=144
STAGING_TRACE layer=31 delta=0 runs=0
STAGING_TRACE layer=31 done
prefill staging: layer=31 ne1=1 unique=10 delta=0 runs=0 bytes=0.0 MiB stage_us=361 barrier_us=362
STAGING_TRACE layer=32 delta=0 runs=0
STAGING_TRACE layer=32 done
prefill staging: layer=32 ne1=1 unique=10 delta=0 runs=0 bytes=0.0 MiB stage_us=305 barrier_us=305
STAGING_TRACE layer=33 delta=0 runs=0
STAGING_TRACE layer=33 done
prefill staging: layer=33 ne1=1 unique=10 delta=0 runs=0 bytes=0.0 MiB stage_us=296 barrier_us=296
STAGING_TRACE layer=34 delta=0 runs=0
STAGING_TRACE layer=34 done
prefill staging: layer=34 ne1=1 unique=10 delta=0 runs=0 bytes=0.0 MiB stage_us=133 barrier_us=133
STAGING_TRACE layer=35 delta=0 runs=0
STAGING_TRACE layer=35 done
prefill staging: layer=35 ne1=1 unique=10 delta=0 runs=0 bytes=0.0 MiB stage_us=128 barrier_us=128
STAGING_TRACE layer=36 delta=0 runs=0
STAGING_TRACE layer=36 done
prefill staging: layer=36 ne1=1 unique=10 delta=0 runs=0 bytes=0.0 MiB stage_us=294 barrier_us=294
STAGING_TRACE layer=37 delta=0 runs=0
STAGING_TRACE layer=37 done
prefill staging: layer=37 ne1=1 unique=10 delta=0 runs=0 bytes=0.0 MiB stage_us=321 barrier_us=321
STAGING_TRACE layer=38 delta=0 runs=0
STAGING_TRACE layer=38 done
prefill staging: layer=38 ne1=1 unique=10 delta=0 runs=0 bytes=0.0 MiB stage_us=236 barrier_us=236
STAGING_TRACE layer=39 delta=0 runs=0
STAGING_TRACE layer=39 done
prefill staging: layer=39 ne1=1 unique=10 delta=0 runs=0 bytes=0.0 MiB stage_us=292 barrier_us=292
STAGING_TRACE layer=40 delta=0 runs=0
STAGING_TRACE layer=40 done
prefill staging: layer=40 ne1=1 unique=10 delta=0 runs=0 bytes=0.0 MiB stage_us=238 barrier_us=239
STAGING_TRACE layer=41 delta=0 runs=0
STAGING_TRACE layer=41 done
prefill staging: layer=41 ne1=1 unique=10 delta=0 runs=0 bytes=0.0 MiB stage_us=265 barrier_us=265
STAGING_TRACE layer=42 delta=0 runs=0
STAGING_TRACE layer=42 done
prefill staging: layer=42 ne1=1 unique=10 delta=0 runs=0 bytes=0.0 MiB stage_us=298 barrier_us=298
STAGING_TRACE layer=43 delta=0 runs=0
STAGING_TRACE layer=43 done
prefill staging: layer=43 ne1=1 unique=10 delta=0 runs=0 bytes=0.0 MiB stage_us=303 barrier_us=303
STAGING_TRACE layer=44 delta=0 runs=0
STAGING_TRACE layer=44 done
prefill staging: layer=44 ne1=1 unique=10 delta=0 runs=0 bytes=0.0 MiB stage_us=324 barrier_us=324
STAGING_TRACE layer=45 delta=0 runs=0
STAGING_TRACE layer=45 done
prefill staging: layer=45 ne1=1 unique=10 delta=0 runs=0 bytes=0.0 MiB stage_us=225 barrier_us=225
STAGING_TRACE layer=46 delta=0 runs=0
STAGING_TRACE layer=46 done
prefill staging: layer=46 ne1=1 unique=10 delta=0 runs=0 bytes=0.0 MiB stage_us=125 barrier_us=125
STAGING_TRACE layer=47 delta=0 runs=0
STAGING_TRACE layer=47 done
prefill staging: layer=47 ne1=1 unique=10 delta=0 runs=0 bytes=0.0 MiB stage_us=295 barrier_us=296
STAGING_TRACE layer=0 delta=0 runs=0
STAGING_TRACE layer=0 done
prefill staging: layer=0 ne1=1 unique=10 delta=0 runs=0 bytes=0.0 MiB stage_us=213 barrier_us=213
STAGING_TRACE layer=1 delta=0 runs=0
STAGING_TRACE layer=1 done
prefill staging: layer=1 ne1=1 unique=10 delta=0 runs=0 bytes=0.0 MiB stage_us=134 barrier_us=134
STAGING_TRACE layer=2 delta=0 runs=0
STAGING_TRACE layer=2 done
prefill staging: layer=2 ne1=1 unique=10 delta=0 runs=0 bytes=0.0 MiB stage_us=121 barrier_us=121
STAGING_TRACE layer=3 delta=0 runs=0
STAGING_TRACE layer=3 done
prefill staging: layer=3 ne1=1 unique=10 delta=0 runs=0 bytes=0.0 MiB stage_us=108 barrier_us=108
STAGING_TRACE layer=4 delta=0 runs=0
STAGING_TRACE layer=4 done
prefill staging: layer=4 ne1=1 unique=10 delta=0 runs=0 bytes=0.0 MiB stage_us=102 barrier_us=102
STAGING_TRACE layer=5 delta=0 runs=0
STAGING_TRACE layer=5 done
prefill staging: layer=5 ne1=1 unique=10 delta=0 runs=0 bytes=0.0 MiB stage_us=271 barrier_us=271
STAGING_TRACE layer=6 delta=0 runs=0
STAGING_TRACE layer=6 done
prefill staging: layer=6 ne1=1 unique=10 delta=0 runs=0 bytes=0.0 MiB stage_us=243 barrier_us=243
STAGING_TRACE layer=7 delta=0 runs=0
STAGING_TRACE layer=7 done
prefill staging: layer=7 ne1=1 unique=10 delta=0 runs=0 bytes=0.0 MiB stage_us=344 barrier_us=344
STAGING_TRACE layer=8 delta=0 runs=0
STAGING_TRACE layer=8 done
prefill staging: layer=8 ne1=1 unique=10 delta=0 runs=0 bytes=0.0 MiB stage_us=313 barrier_us=313
STAGING_TRACE layer=9 delta=0 runs=0
STAGING_TRACE layer=9 done
prefill staging: layer=9 ne1=1 unique=10 delta=0 runs=0 bytes=0.0 MiB stage_us=305 barrier_us=305
STAGING_TRACE layer=10 delta=0 runs=0
STAGING_TRACE layer=10 done
prefill staging: layer=10 ne1=1 unique=10 delta=0 runs=0 bytes=0.0 MiB stage_us=262 barrier_us=262
STAGING_TRACE layer=11 delta=0 runs=0
STAGING_TRACE layer=11 done
prefill staging: layer=11 ne1=1 unique=10 delta=0 runs=0 bytes=0.0 MiB stage_us=265 barrier_us=265
STAGING_TRACE layer=12 delta=0 runs=0
STAGING_TRACE layer=12 done
prefill staging: layer=12 ne1=1 unique=10 delta=0 runs=0 bytes=0.0 MiB stage_us=260 barrier_us=260
STAGING_TRACE layer=13 delta=0 runs=0
STAGING_TRACE layer=13 done
prefill staging: layer=13 ne1=1 unique=10 delta=0 runs=0 bytes=0.0 MiB stage_us=326 barrier_us=326
STAGING_TRACE layer=14 delta=0 runs=0
STAGING_TRACE layer=14 done
prefill staging: layer=14 ne1=1 unique=10 delta=0 runs=0 bytes=0.0 MiB stage_us=289 barrier_us=289
STAGING_TRACE layer=15 delta=0 runs=0
STAGING_TRACE layer=15 done
prefill staging: layer=15 ne1=1 unique=10 delta=0 runs=0 bytes=0.0 MiB stage_us=256 barrier_us=256
STAGING_TRACE layer=16 delta=0 runs=0
STAGING_TRACE layer=16 done
prefill staging: layer=16 ne1=1 unique=10 delta=0 runs=0 bytes=0.0 MiB stage_us=241 barrier_us=241
STAGING_TRACE layer=17 delta=0 runs=0
STAGING_TRACE layer=17 done
prefill staging: layer=17 ne1=1 unique=10 delta=0 runs=0 bytes=0.0 MiB stage_us=332 barrier_us=333
STAGING_TRACE layer=18 delta=0 runs=0
STAGING_TRACE layer=18 done
prefill staging: layer=18 ne1=1 unique=10 delta=0 runs=0 bytes=0.0 MiB stage_us=263 barrier_us=263
STAGING_TRACE layer=19 delta=0 runs=0
STAGING_TRACE layer=19 done
prefill staging: layer=19 ne1=1 unique=10 delta=0 runs=0 bytes=0.0 MiB stage_us=243 barrier_us=243
STAGING_TRACE layer=20 delta=0 runs=0
STAGING_TRACE layer=20 done
prefill staging: layer=20 ne1=1 unique=10 delta=0 runs=0 bytes=0.0 MiB stage_us=273 barrier_us=274
STAGING_TRACE layer=21 delta=0 runs=0
STAGING_TRACE layer=21 done
prefill staging: layer=21 ne1=1 unique=10 delta=0 runs=0 bytes=0.0 MiB stage_us=243 barrier_us=244
STAGING_TRACE layer=22 delta=0 runs=0
STAGING_TRACE layer=22 done
prefill staging: layer=22 ne1=1 unique=10 delta=0 runs=0 bytes=0.0 MiB stage_us=315 barrier_us=315
STAGING_TRACE layer=23 delta=0 runs=0
STAGING_TRACE layer=23 done
prefill staging: layer=23 ne1=1 unique=10 delta=0 runs=0 bytes=0.0 MiB stage_us=286 barrier_us=286
STAGING_TRACE layer=24 delta=0 runs=0
STAGING_TRACE layer=24 done
prefill staging: layer=24 ne1=1 unique=10 delta=0 runs=0 bytes=0.0 MiB stage_us=307 barrier_us=307
STAGING_TRACE layer=25 delta=0 runs=0
STAGING_TRACE layer=25 done
prefill staging: layer=25 ne1=1 unique=10 delta=0 runs=0 bytes=0.0 MiB stage_us=220 barrier_us=220
STAGING_TRACE layer=26 delta=0 runs=0
STAGING_TRACE layer=26 done
prefill staging: layer=26 ne1=1 unique=10 delta=0 runs=0 bytes=0.0 MiB stage_us=191 barrier_us=191
STAGING_TRACE layer=27 delta=0 runs=0
STAGING_TRACE layer=27 done
prefill staging: layer=27 ne1=1 unique=10 delta=0 runs=0 bytes=0.0 MiB stage_us=274 barrier_us=274
STAGING_TRACE layer=28 delta=0 runs=0
STAGING_TRACE layer=28 done
prefill staging: layer=28 ne1=1 unique=10 delta=0 runs=0 bytes=0.0 MiB stage_us=306 barrier_us=306
STAGING_TRACE layer=29 delta=0 runs=0
STAGING_TRACE layer=29 done
prefill staging: layer=29 ne1=1 unique=10 delta=0 runs=0 bytes=0.0 MiB stage_us=242 barrier_us=243
STAGING_TRACE layer=30 delta=0 runs=0
STAGING_TRACE layer=30 done
prefill staging: layer=30 ne1=1 unique=10 delta=0 runs=0 bytes=0.0 MiB stage_us=282 barrier_us=282
STAGING_TRACE layer=31 delta=0 runs=0
STAGING_TRACE layer=31 done
prefill staging: layer=31 ne1=1 unique=10 delta=0 runs=0 bytes=0.0 MiB stage_us=239 barrier_us=239
STAGING_TRACE layer=32 delta=0 runs=0
STAGING_TRACE layer=32 done
prefill staging: layer=32 ne1=1 unique=10 delta=0 runs=0 bytes=0.0 MiB stage_us=268 barrier_us=268
STAGING_TRACE layer=33 delta=0 runs=0
STAGING_TRACE layer=33 done
prefill staging: layer=33 ne1=1 unique=10 delta=0 runs=0 bytes=0.0 MiB stage_us=291 barrier_us=291
STAGING_TRACE layer=34 delta=0 runs=0
STAGING_TRACE layer=34 done
prefill staging: layer=34 ne1=1 unique=10 delta=0 runs=0 bytes=0.0 MiB stage_us=155 barrier_us=155
STAGING_TRACE layer=35 delta=0 runs=0
STAGING_TRACE layer=35 done
prefill staging: layer=35 ne1=1 unique=10 delta=0 runs=0 bytes=0.0 MiB stage_us=139 barrier_us=139
STAGING_TRACE layer=36 delta=0 runs=0
STAGING_TRACE layer=36 done
prefill staging: layer=36 ne1=1 unique=10 delta=0 runs=0 bytes=0.0 MiB stage_us=307 barrier_us=307
STAGING_TRACE layer=37 delta=0 runs=0
STAGING_TRACE layer=37 done
prefill staging: layer=37 ne1=1 unique=10 delta=0 runs=0 bytes=0.0 MiB stage_us=238 barrier_us=238
STAGING_TRACE layer=38 delta=0 runs=0
STAGING_TRACE layer=38 done
prefill staging: layer=38 ne1=1 unique=10 delta=0 runs=0 bytes=0.0 MiB stage_us=295 barrier_us=296
STAGING_TRACE layer=39 delta=0 runs=0
STAGING_TRACE layer=39 done
prefill staging: layer=39 ne1=1 unique=10 delta=0 runs=0 bytes=0.0 MiB stage_us=315 barrier_us=315
STAGING_TRACE layer=40 delta=0 runs=0
STAGING_TRACE layer=40 done
prefill staging: layer=40 ne1=1 unique=10 delta=0 runs=0 bytes=0.0 MiB stage_us=309 barrier_us=309
STAGING_TRACE layer=41 delta=0 runs=0
STAGING_TRACE layer=41 done
prefill staging: layer=41 ne1=1 unique=10 delta=0 runs=0 bytes=0.0 MiB stage_us=293 barrier_us=294
STAGING_TRACE layer=42 delta=0 runs=0
STAGING_TRACE layer=42 done
prefill staging: layer=42 ne1=1 unique=10 delta=0 runs=0 bytes=0.0 MiB stage_us=277 barrier_us=277
STAGING_TRACE layer=43 delta=0 runs=0
STAGING_TRACE layer=43 done
prefill staging: layer=43 ne1=1 unique=10 delta=0 runs=0 bytes=0.0 MiB stage_us=334 barrier_us=334
STAGING_TRACE layer=44 delta=0 runs=0
STAGING_TRACE layer=44 done
prefill staging: layer=44 ne1=1 unique=10 delta=0 runs=0 bytes=0.0 MiB stage_us=166 barrier_us=166
STAGING_TRACE layer=45 delta=0 runs=0
STAGING_TRACE layer=45 done
prefill staging: layer=45 ne1=1 unique=10 delta=0 runs=0 bytes=0.0 MiB stage_us=201 barrier_us=202
STAGING_TRACE layer=46 delta=0 runs=0
STAGING_TRACE layer=46 done
prefill staging: layer=46 ne1=1 unique=10 delta=0 runs=0 bytes=0.0 MiB stage_us=281 barrier_us=281
STAGING_TRACE layer=47 delta=0 runs=0
STAGING_TRACE layer=47 done
prefill staging: layer=47 ne1=1 unique=10 delta=0 runs=0 bytes=0.0 MiB stage_us=258 barrier_us=258
STAGING_TRACE layer=0 delta=0 runs=0
STAGING_TRACE layer=0 done
prefill staging: layer=0 ne1=1 unique=10 delta=0 runs=0 bytes=0.0 MiB stage_us=463 barrier_us=463
STAGING_TRACE layer=1 delta=0 runs=0
STAGING_TRACE layer=1 done
prefill staging: layer=1 ne1=1 unique=10 delta=0 runs=0 bytes=0.0 MiB stage_us=308 barrier_us=308
STAGING_TRACE layer=2 delta=0 runs=0
STAGING_TRACE layer=2 done
prefill staging: layer=2 ne1=1 unique=10 delta=0 runs=0 bytes=0.0 MiB stage_us=310 barrier_us=310
STAGING_TRACE layer=3 delta=0 runs=0
STAGING_TRACE layer=3 done
prefill staging: layer=3 ne1=1 unique=10 delta=0 runs=0 bytes=0.0 MiB stage_us=281 barrier_us=282
STAGING_TRACE layer=4 delta=0 runs=0
STAGING_TRACE layer=4 done
prefill staging: layer=4 ne1=1 unique=10 delta=0 runs=0 bytes=0.0 MiB stage_us=253 barrier_us=253
STAGING_TRACE layer=5 delta=0 runs=0
STAGING_TRACE layer=5 done
prefill staging: layer=5 ne1=1 unique=10 delta=0 runs=0 bytes=0.0 MiB stage_us=274 barrier_us=274
STAGING_TRACE layer=6 delta=0 runs=0
STAGING_TRACE layer=6 done
prefill staging: layer=6 ne1=1 unique=10 delta=0 runs=0 bytes=0.0 MiB stage_us=339 barrier_us=339
STAGING_TRACE layer=7 delta=0 runs=0
STAGING_TRACE layer=7 done
prefill staging: layer=7 ne1=1 unique=10 delta=0 runs=0 bytes=0.0 MiB stage_us=297 barrier_us=298
STAGING_TRACE layer=8 delta=0 runs=0
STAGING_TRACE layer=8 done
prefill staging: layer=8 ne1=1 unique=10 delta=0 runs=0 bytes=0.0 MiB stage_us=277 barrier_us=277
STAGING_TRACE layer=9 delta=0 runs=0
STAGING_TRACE layer=9 done
prefill staging: layer=9 ne1=1 unique=10 delta=0 runs=0 bytes=0.0 MiB stage_us=256 barrier_us=257
STAGING_TRACE layer=10 delta=0 runs=0
STAGING_TRACE layer=10 done
prefill staging: layer=10 ne1=1 unique=10 delta=0 runs=0 bytes=0.0 MiB stage_us=261 barrier_us=261
STAGING_TRACE layer=11 delta=0 runs=0
STAGING_TRACE layer=11 done
prefill staging: layer=11 ne1=1 unique=10 delta=0 runs=0 bytes=0.0 MiB stage_us=278 barrier_us=278
STAGING_TRACE layer=12 delta=0 runs=0
STAGING_TRACE layer=12 done
prefill staging: layer=12 ne1=1 unique=10 delta=0 runs=0 bytes=0.0 MiB stage_us=249 barrier_us=249
STAGING_TRACE layer=13 delta=0 runs=0
STAGING_TRACE layer=13 done
prefill staging: layer=13 ne1=1 unique=10 delta=0 runs=0 bytes=0.0 MiB stage_us=259 barrier_us=260
STAGING_TRACE layer=14 delta=0 runs=0
STAGING_TRACE layer=14 done
prefill staging: layer=14 ne1=1 unique=10 delta=0 runs=0 bytes=0.0 MiB stage_us=243 barrier_us=243
STAGING_TRACE layer=15 delta=0 runs=0
STAGING_TRACE layer=15 done
prefill staging: layer=15 ne1=1 unique=10 delta=0 runs=0 bytes=0.0 MiB stage_us=257 barrier_us=258
STAGING_TRACE layer=16 delta=0 runs=0
STAGING_TRACE layer=16 done
prefill staging: layer=16 ne1=1 unique=10 delta=0 runs=0 bytes=0.0 MiB stage_us=328 barrier_us=329
STAGING_TRACE layer=17 delta=0 runs=0
STAGING_TRACE layer=17 done
prefill staging: layer=17 ne1=1 unique=10 delta=0 runs=0 bytes=0.0 MiB stage_us=279 barrier_us=279
STAGING_TRACE layer=18 delta=0 runs=0
STAGING_TRACE layer=18 done
prefill staging: layer=18 ne1=1 unique=10 delta=0 runs=0 bytes=0.0 MiB stage_us=334 barrier_us=334
STAGING_TRACE layer=19 delta=0 runs=0
STAGING_TRACE layer=19 done
prefill staging: layer=19 ne1=1 unique=10 delta=0 runs=0 bytes=0.0 MiB stage_us=291 barrier_us=291
STAGING_TRACE layer=20 delta=0 runs=0
STAGING_TRACE layer=20 done
prefill staging: layer=20 ne1=1 unique=10 delta=0 runs=0 bytes=0.0 MiB stage_us=290 barrier_us=290
STAGING_TRACE layer=21 delta=0 runs=0
STAGING_TRACE layer=21 done
prefill staging: layer=21 ne1=1 unique=10 delta=0 runs=0 bytes=0.0 MiB stage_us=338 barrier_us=339
STAGING_TRACE layer=22 delta=0 runs=0
STAGING_TRACE layer=22 done
prefill staging: layer=22 ne1=1 unique=10 delta=0 runs=0 bytes=0.0 MiB stage_us=275 barrier_us=275
STAGING_TRACE layer=23 delta=0 runs=0
STAGING_TRACE layer=23 done
prefill staging: layer=23 ne1=1 unique=10 delta=0 runs=0 bytes=0.0 MiB stage_us=406 barrier_us=406
STAGING_TRACE layer=24 delta=0 runs=0
STAGING_TRACE layer=24 done
prefill staging: layer=24 ne1=1 unique=10 delta=0 runs=0 bytes=0.0 MiB stage_us=240 barrier_us=241
STAGING_TRACE layer=25 delta=0 runs=0
STAGING_TRACE layer=25 done
prefill staging: layer=25 ne1=1 unique=10 delta=0 runs=0 bytes=0.0 MiB stage_us=233 barrier_us=233
STAGING_TRACE layer=26 delta=0 runs=0
STAGING_TRACE layer=26 done
prefill staging: layer=26 ne1=1 unique=10 delta=0 runs=0 bytes=0.0 MiB stage_us=316 barrier_us=316
STAGING_TRACE layer=27 delta=0 runs=0
STAGING_TRACE layer=27 done
prefill staging: layer=27 ne1=1 unique=10 delta=0 runs=0 bytes=0.0 MiB stage_us=258 barrier_us=258
STAGING_TRACE layer=28 delta=0 runs=0
STAGING_TRACE layer=28 done
prefill staging: layer=28 ne1=1 unique=10 delta=0 runs=0 bytes=0.0 MiB stage_us=287 barrier_us=288
STAGING_TRACE layer=29 delta=0 runs=0
STAGING_TRACE layer=29 done
prefill staging: layer=29 ne1=1 unique=10 delta=0 runs=0 bytes=0.0 MiB stage_us=244 barrier_us=244
STAGING_TRACE layer=30 delta=0 runs=0
STAGING_TRACE layer=30 done
prefill staging: layer=30 ne1=1 unique=10 delta=0 runs=0 bytes=0.0 MiB stage_us=236 barrier_us=237
STAGING_TRACE layer=31 delta=0 runs=0
STAGING_TRACE layer=31 done
prefill staging: layer=31 ne1=1 unique=10 delta=0 runs=0 bytes=0.0 MiB stage_us=263 barrier_us=263
STAGING_TRACE layer=32 delta=0 runs=0
STAGING_TRACE layer=32 done
prefill staging: layer=32 ne1=1 unique=10 delta=0 runs=0 bytes=0.0 MiB stage_us=211 barrier_us=211
STAGING_TRACE layer=33 delta=0 runs=0
STAGING_TRACE layer=33 done
prefill staging: layer=33 ne1=1 unique=10 delta=0 runs=0 bytes=0.0 MiB stage_us=312 barrier_us=313
STAGING_TRACE layer=34 delta=0 runs=0
STAGING_TRACE layer=34 done
prefill staging: layer=34 ne1=1 unique=10 delta=0 runs=0 bytes=0.0 MiB stage_us=332 barrier_us=332
STAGING_TRACE layer=35 delta=0 runs=0
STAGING_TRACE layer=35 done
prefill staging: layer=35 ne1=1 unique=10 delta=0 runs=0 bytes=0.0 MiB stage_us=305 barrier_us=305
STAGING_TRACE layer=36 delta=0 runs=0
STAGING_TRACE layer=36 done
prefill staging: layer=36 ne1=1 unique=10 delta=0 runs=0 bytes=0.0 MiB stage_us=244 barrier_us=245
STAGING_TRACE layer=37 delta=0 runs=0
STAGING_TRACE layer=37 done
prefill staging: layer=37 ne1=1 unique=10 delta=0 runs=0 bytes=0.0 MiB stage_us=305 barrier_us=305
STAGING_TRACE layer=38 delta=0 runs=0
STAGING_TRACE layer=38 done
prefill staging: layer=38 ne1=1 unique=10 delta=0 runs=0 bytes=0.0 MiB stage_us=198 barrier_us=198
STAGING_TRACE layer=39 delta=0 runs=0
STAGING_TRACE layer=39 done
prefill staging: layer=39 ne1=1 unique=10 delta=0 runs=0 bytes=0.0 MiB stage_us=252 barrier_us=252
STAGING_TRACE layer=40 delta=0 runs=0
STAGING_TRACE layer=40 done
prefill staging: layer=40 ne1=1 unique=10 delta=0 runs=0 bytes=0.0 MiB stage_us=235 barrier_us=235
STAGING_TRACE layer=41 delta=0 runs=0
STAGING_TRACE layer=41 done
prefill staging: layer=41 ne1=1 unique=10 delta=0 runs=0 bytes=0.0 MiB stage_us=233 barrier_us=233
STAGING_TRACE layer=42 delta=0 runs=0
STAGING_TRACE layer=42 done
prefill staging: layer=42 ne1=1 unique=10 delta=0 runs=0 bytes=0.0 MiB stage_us=278 barrier_us=279
STAGING_TRACE layer=43 delta=0 runs=0
STAGING_TRACE layer=43 done
prefill staging: layer=43 ne1=1 unique=10 delta=0 runs=0 bytes=0.0 MiB stage_us=304 barrier_us=304
STAGING_TRACE layer=44 delta=0 runs=0
STAGING_TRACE layer=44 done
prefill staging: layer=44 ne1=1 unique=10 delta=0 runs=0 bytes=0.0 MiB stage_us=255 barrier_us=255
STAGING_TRACE layer=45 delta=0 runs=0
STAGING_TRACE layer=45 done
prefill staging: layer=45 ne1=1 unique=10 delta=0 runs=0 bytes=0.0 MiB stage_us=239 barrier_us=239
STAGING_TRACE layer=46 delta=0 runs=0
STAGING_TRACE layer=46 done
prefill staging: layer=46 ne1=1 unique=10 delta=0 runs=0 bytes=0.0 MiB stage_us=226 barrier_us=226
STAGING_TRACE layer=47 delta=0 runs=0
STAGING_TRACE layer=47 done
prefill staging: layer=47 ne1=1 unique=10 delta=0 runs=0 bytes=0.0 MiB stage_us=178 barrier_us=178
STAGING_TRACE layer=0 delta=0 runs=0
STAGING_TRACE layer=0 done
prefill staging: layer=0 ne1=1 unique=10 delta=0 runs=0 bytes=0.0 MiB stage_us=390 barrier_us=390
STAGING_TRACE layer=1 delta=0 runs=0
STAGING_TRACE layer=1 done
prefill staging: layer=1 ne1=1 unique=10 delta=0 runs=0 bytes=0.0 MiB stage_us=304 barrier_us=305
STAGING_TRACE layer=2 delta=0 runs=0
STAGING_TRACE layer=2 done
prefill staging: layer=2 ne1=1 unique=10 delta=0 runs=0 bytes=0.0 MiB stage_us=256 barrier_us=257
STAGING_TRACE layer=3 delta=0 runs=0
STAGING_TRACE layer=3 done
prefill staging: layer=3 ne1=1 unique=10 delta=0 runs=0 bytes=0.0 MiB stage_us=247 barrier_us=247
STAGING_TRACE layer=4 delta=0 runs=0
STAGING_TRACE layer=4 done
prefill staging: layer=4 ne1=1 unique=10 delta=0 runs=0 bytes=0.0 MiB stage_us=239 barrier_us=239
STAGING_TRACE layer=5 delta=0 runs=0
STAGING_TRACE layer=5 done
prefill staging: layer=5 ne1=1 unique=10 delta=0 runs=0 bytes=0.0 MiB stage_us=304 barrier_us=304
STAGING_TRACE layer=6 delta=0 runs=0
STAGING_TRACE layer=6 done
prefill staging: layer=6 ne1=1 unique=10 delta=0 runs=0 bytes=0.0 MiB stage_us=206 barrier_us=206
STAGING_TRACE layer=7 delta=0 runs=0
STAGING_TRACE layer=7 done
prefill staging: layer=7 ne1=1 unique=10 delta=0 runs=0 bytes=0.0 MiB stage_us=189 barrier_us=189
STAGING_TRACE layer=8 delta=0 runs=0
STAGING_TRACE layer=8 done
prefill staging: layer=8 ne1=1 unique=10 delta=0 runs=0 bytes=0.0 MiB stage_us=240 barrier_us=240
STAGING_TRACE layer=9 delta=0 runs=0
STAGING_TRACE layer=9 done
prefill staging: layer=9 ne1=1 unique=10 delta=0 runs=0 bytes=0.0 MiB stage_us=236 barrier_us=236
STAGING_TRACE layer=10 delta=0 runs=0
STAGING_TRACE layer=10 done
prefill staging: layer=10 ne1=1 unique=10 delta=0 runs=0 bytes=0.0 MiB stage_us=231 barrier_us=231
STAGING_TRACE layer=11 delta=0 runs=0
STAGING_TRACE layer=11 done
prefill staging: layer=11 ne1=1 unique=10 delta=0 runs=0 bytes=0.0 MiB stage_us=362 barrier_us=362
STAGING_TRACE layer=12 delta=0 runs=0
STAGING_TRACE layer=12 done
prefill staging: layer=12 ne1=1 unique=10 delta=0 runs=0 bytes=0.0 MiB stage_us=302 barrier_us=302
STAGING_TRACE layer=13 delta=0 runs=0
STAGING_TRACE layer=13 done
prefill staging: layer=13 ne1=1 unique=10 delta=0 runs=0 bytes=0.0 MiB stage_us=293 barrier_us=293
STAGING_TRACE layer=14 delta=0 runs=0
STAGING_TRACE layer=14 done
prefill staging: layer=14 ne1=1 unique=10 delta=0 runs=0 bytes=0.0 MiB stage_us=272 barrier_us=272
STAGING_TRACE layer=15 delta=0 runs=0
STAGING_TRACE layer=15 done
prefill staging: layer=15 ne1=1 unique=10 delta=0 runs=0 bytes=0.0 MiB stage_us=336 barrier_us=336
STAGING_TRACE layer=16 delta=0 runs=0
STAGING_TRACE layer=16 done
prefill staging: layer=16 ne1=1 unique=10 delta=0 runs=0 bytes=0.0 MiB stage_us=260 barrier_us=260
STAGING_TRACE layer=17 delta=0 runs=0
STAGING_TRACE layer=17 done
prefill staging: layer=17 ne1=1 unique=10 delta=0 runs=0 bytes=0.0 MiB stage_us=211 barrier_us=211
STAGING_TRACE layer=18 delta=0 runs=0
STAGING_TRACE layer=18 done
prefill staging: layer=18 ne1=1 unique=10 delta=0 runs=0 bytes=0.0 MiB stage_us=244 barrier_us=244
STAGING_TRACE layer=19 delta=0 runs=0
STAGING_TRACE layer=19 done
prefill staging: layer=19 ne1=1 unique=10 delta=0 runs=0 bytes=0.0 MiB stage_us=289 barrier_us=289
STAGING_TRACE layer=20 delta=0 runs=0
STAGING_TRACE layer=20 done
prefill staging: layer=20 ne1=1 unique=10 delta=0 runs=0 bytes=0.0 MiB stage_us=250 barrier_us=250
STAGING_TRACE layer=21 delta=0 runs=0
STAGING_TRACE layer=21 done
prefill staging: layer=21 ne1=1 unique=10 delta=0 runs=0 bytes=0.0 MiB stage_us=261 barrier_us=261
STAGING_TRACE layer=22 delta=0 runs=0
STAGING_TRACE layer=22 done
prefill staging: layer=22 ne1=1 unique=10 delta=0 runs=0 bytes=0.0 MiB stage_us=311 barrier_us=311
STAGING_TRACE layer=23 delta=0 runs=0
STAGING_TRACE layer=23 done
prefill staging: layer=23 ne1=1 unique=10 delta=0 runs=0 bytes=0.0 MiB stage_us=243 barrier_us=244
STAGING_TRACE layer=24 delta=0 runs=0
STAGING_TRACE layer=24 done
prefill staging: layer=24 ne1=1 unique=10 delta=0 runs=0 bytes=0.0 MiB stage_us=234 barrier_us=234
STAGING_TRACE layer=25 delta=0 runs=0
STAGING_TRACE layer=25 done
prefill staging: layer=25 ne1=1 unique=10 delta=0 runs=0 bytes=0.0 MiB stage_us=245 barrier_us=246
STAGING_TRACE layer=26 delta=0 runs=0
STAGING_TRACE layer=26 done
prefill staging: layer=26 ne1=1 unique=10 delta=0 runs=0 bytes=0.0 MiB stage_us=421 barrier_us=421
STAGING_TRACE layer=27 delta=0 runs=0
STAGING_TRACE layer=27 done
prefill staging: layer=27 ne1=1 unique=10 delta=0 runs=0 bytes=0.0 MiB stage_us=336 barrier_us=336
STAGING_TRACE layer=28 delta=0 runs=0
STAGING_TRACE layer=28 done
prefill staging: layer=28 ne1=1 unique=10 delta=0 runs=0 bytes=0.0 MiB stage_us=243 barrier_us=244
STAGING_TRACE layer=29 delta=0 runs=0
STAGING_TRACE layer=29 done
prefill staging: layer=29 ne1=1 unique=10 delta=0 runs=0 bytes=0.0 MiB stage_us=242 barrier_us=242
STAGING_TRACE layer=30 delta=0 runs=0
STAGING_TRACE layer=30 done
prefill staging: layer=30 ne1=1 unique=10 delta=0 runs=0 bytes=0.0 MiB stage_us=233 barrier_us=233
STAGING_TRACE layer=31 delta=0 runs=0
STAGING_TRACE layer=31 done
prefill staging: layer=31 ne1=1 unique=10 delta=0 runs=0 bytes=0.0 MiB stage_us=253 barrier_us=253
STAGING_TRACE layer=32 delta=0 runs=0
STAGING_TRACE layer=32 done
prefill staging: layer=32 ne1=1 unique=10 delta=0 runs=0 bytes=0.0 MiB stage_us=307 barrier_us=308
STAGING_TRACE layer=33 delta=0 runs=0
STAGING_TRACE layer=33 done
prefill staging: layer=33 ne1=1 unique=10 delta=0 runs=0 bytes=0.0 MiB stage_us=424 barrier_us=425
STAGING_TRACE layer=34 delta=0 runs=0
STAGING_TRACE layer=34 done
prefill staging: layer=34 ne1=1 unique=10 delta=0 runs=0 bytes=0.0 MiB stage_us=241 barrier_us=241
STAGING_TRACE layer=35 delta=0 runs=0
STAGING_TRACE layer=35 done
prefill staging: layer=35 ne1=1 unique=10 delta=0 runs=0 bytes=0.0 MiB stage_us=238 barrier_us=238
STAGING_TRACE layer=36 delta=0 runs=0
STAGING_TRACE layer=36 done
prefill staging: layer=36 ne1=1 unique=10 delta=0 runs=0 bytes=0.0 MiB stage_us=237 barrier_us=237
STAGING_TRACE layer=37 delta=0 runs=0
STAGING_TRACE layer=37 done
prefill staging: layer=37 ne1=1 unique=10 delta=0 runs=0 bytes=0.0 MiB stage_us=292 barrier_us=293
STAGING_TRACE layer=38 delta=0 runs=0
STAGING_TRACE layer=38 done
prefill staging: layer=38 ne1=1 unique=10 delta=0 runs=0 bytes=0.0 MiB stage_us=235 barrier_us=235
STAGING_TRACE layer=39 delta=0 runs=0
STAGING_TRACE layer=39 done
prefill staging: layer=39 ne1=1 unique=10 delta=0 runs=0 bytes=0.0 MiB stage_us=231 barrier_us=231
STAGING_TRACE layer=40 delta=0 runs=0
STAGING_TRACE layer=40 done
prefill staging: layer=40 ne1=1 unique=10 delta=0 runs=0 bytes=0.0 MiB stage_us=319 barrier_us=319
STAGING_TRACE layer=41 delta=0 runs=0
STAGING_TRACE layer=41 done
prefill staging: layer=41 ne1=1 unique=10 delta=0 runs=0 bytes=0.0 MiB stage_us=311 barrier_us=311
STAGING_TRACE layer=42 delta=0 runs=0
STAGING_TRACE layer=42 done
prefill staging: layer=42 ne1=1 unique=10 delta=0 runs=0 bytes=0.0 MiB stage_us=277 barrier_us=277
STAGING_TRACE layer=43 delta=0 runs=0
STAGING_TRACE layer=43 done
prefill staging: layer=43 ne1=1 unique=10 delta=0 runs=0 bytes=0.0 MiB stage_us=239 barrier_us=239
STAGING_TRACE layer=44 delta=0 runs=0
STAGING_TRACE layer=44 done
prefill staging: layer=44 ne1=1 unique=10 delta=0 runs=0 bytes=0.0 MiB stage_us=235 barrier_us=235
STAGING_TRACE layer=45 delta=0 runs=0
STAGING_TRACE layer=45 done
prefill staging: layer=45 ne1=1 unique=10 delta=0 runs=0 bytes=0.0 MiB stage_us=230 barrier_us=230
STAGING_TRACE layer=46 delta=0 runs=0
STAGING_TRACE layer=46 done
prefill staging: layer=46 ne1=1 unique=10 delta=0 runs=0 bytes=0.0 MiB stage_us=230 barrier_us=230
STAGING_TRACE layer=47 delta=0 runs=0
STAGING_TRACE layer=47 done
prefill staging: layer=47 ne1=1 unique=10 delta=0 runs=0 bytes=0.0 MiB stage_us=269 barrier_us=269
STAGING_TRACE layer=0 delta=0 runs=0
STAGING_TRACE layer=0 done
prefill staging: layer=0 ne1=1 unique=10 delta=0 runs=0 bytes=0.0 MiB stage_us=209 barrier_us=209
STAGING_TRACE layer=1 delta=0 runs=0
STAGING_TRACE layer=1 done
prefill staging: layer=1 ne1=1 unique=10 delta=0 runs=0 bytes=0.0 MiB stage_us=144 barrier_us=145
STAGING_TRACE layer=2 delta=0 runs=0
STAGING_TRACE layer=2 done
prefill staging: layer=2 ne1=1 unique=10 delta=0 runs=0 bytes=0.0 MiB stage_us=293 barrier_us=293
STAGING_TRACE layer=3 delta=0 runs=0
STAGING_TRACE layer=3 done
prefill staging: layer=3 ne1=1 unique=10 delta=0 runs=0 bytes=0.0 MiB stage_us=348 barrier_us=349
STAGING_TRACE layer=4 delta=0 runs=0
STAGING_TRACE layer=4 done
prefill staging: layer=4 ne1=1 unique=10 delta=0 runs=0 bytes=0.0 MiB stage_us=272 barrier_us=272
STAGING_TRACE layer=5 delta=0 runs=0
STAGING_TRACE layer=5 done
prefill staging: layer=5 ne1=1 unique=10 delta=0 runs=0 bytes=0.0 MiB stage_us=238 barrier_us=238
STAGING_TRACE layer=6 delta=0 runs=0
STAGING_TRACE layer=6 done
prefill staging: layer=6 ne1=1 unique=10 delta=0 runs=0 bytes=0.0 MiB stage_us=288 barrier_us=288
STAGING_TRACE layer=7 delta=0 runs=0
STAGING_TRACE layer=7 done
prefill staging: layer=7 ne1=1 unique=10 delta=0 runs=0 bytes=0.0 MiB stage_us=357 barrier_us=357
STAGING_TRACE layer=8 delta=0 runs=0
STAGING_TRACE layer=8 done
prefill staging: layer=8 ne1=1 unique=10 delta=0 runs=0 bytes=0.0 MiB stage_us=300 barrier_us=300
STAGING_TRACE layer=9 delta=0 runs=0
STAGING_TRACE layer=9 done
prefill staging: layer=9 ne1=1 unique=10 delta=0 runs=0 bytes=0.0 MiB stage_us=237 barrier_us=237
STAGING_TRACE layer=10 delta=0 runs=0
STAGING_TRACE layer=10 done
prefill staging: layer=10 ne1=1 unique=10 delta=0 runs=0 bytes=0.0 MiB stage_us=226 barrier_us=227
STAGING_TRACE layer=11 delta=0 runs=0
STAGING_TRACE layer=11 done
prefill staging: layer=11 ne1=1 unique=10 delta=0 runs=0 bytes=0.0 MiB stage_us=302 barrier_us=302
STAGING_TRACE layer=12 delta=0 runs=0
STAGING_TRACE layer=12 done
prefill staging: layer=12 ne1=1 unique=10 delta=0 runs=0 bytes=0.0 MiB stage_us=122 barrier_us=122
STAGING_TRACE layer=13 delta=0 runs=0
STAGING_TRACE layer=13 done
prefill staging: layer=13 ne1=1 unique=10 delta=0 runs=0 bytes=0.0 MiB stage_us=106 barrier_us=106
STAGING_TRACE layer=14 delta=0 runs=0
STAGING_TRACE layer=14 done
prefill staging: layer=14 ne1=1 unique=10 delta=0 runs=0 bytes=0.0 MiB stage_us=171 barrier_us=171
STAGING_TRACE layer=15 delta=0 runs=0
STAGING_TRACE layer=15 done
prefill staging: layer=15 ne1=1 unique=10 delta=0 runs=0 bytes=0.0 MiB stage_us=241 barrier_us=241
STAGING_TRACE layer=16 delta=0 runs=0
STAGING_TRACE layer=16 done
prefill staging: layer=16 ne1=1 unique=10 delta=0 runs=0 bytes=0.0 MiB stage_us=231 barrier_us=231
STAGING_TRACE layer=17 delta=0 runs=0
STAGING_TRACE layer=17 done
prefill staging: layer=17 ne1=1 unique=10 delta=0 runs=0 bytes=0.0 MiB stage_us=270 barrier_us=270
STAGING_TRACE layer=18 delta=0 runs=0
STAGING_TRACE layer=18 done
prefill staging: layer=18 ne1=1 unique=10 delta=0 runs=0 bytes=0.0 MiB stage_us=313 barrier_us=314
STAGING_TRACE layer=19 delta=0 runs=0
STAGING_TRACE layer=19 done
prefill staging: layer=19 ne1=1 unique=10 delta=0 runs=0 bytes=0.0 MiB stage_us=311 barrier_us=311
STAGING_TRACE layer=20 delta=0 runs=0
STAGING_TRACE layer=20 done
prefill staging: layer=20 ne1=1 unique=10 delta=0 runs=0 bytes=0.0 MiB stage_us=288 barrier_us=288
STAGING_TRACE layer=21 delta=0 runs=0
STAGING_TRACE layer=21 done
prefill staging: layer=21 ne1=1 unique=10 delta=0 runs=0 bytes=0.0 MiB stage_us=255 barrier_us=255
STAGING_TRACE layer=22 delta=0 runs=0
STAGING_TRACE layer=22 done
prefill staging: layer=22 ne1=1 unique=10 delta=0 runs=0 bytes=0.0 MiB stage_us=294 barrier_us=294
STAGING_TRACE layer=23 delta=0 runs=0
STAGING_TRACE layer=23 done
prefill staging: layer=23 ne1=1 unique=10 delta=0 runs=0 bytes=0.0 MiB stage_us=340 barrier_us=340
STAGING_TRACE layer=24 delta=0 runs=0
STAGING_TRACE layer=24 done
prefill staging: layer=24 ne1=1 unique=10 delta=0 runs=0 bytes=0.0 MiB stage_us=235 barrier_us=235
STAGING_TRACE layer=25 delta=0 runs=0
STAGING_TRACE layer=25 done
prefill staging: layer=25 ne1=1 unique=10 delta=0 runs=0 bytes=0.0 MiB stage_us=221 barrier_us=221
STAGING_TRACE layer=26 delta=0 runs=0
STAGING_TRACE layer=26 done
prefill staging: layer=26 ne1=1 unique=10 delta=0 runs=0 bytes=0.0 MiB stage_us=299 barrier_us=299
STAGING_TRACE layer=27 delta=0 runs=0
STAGING_TRACE layer=27 done
prefill staging: layer=27 ne1=1 unique=10 delta=0 runs=0 bytes=0.0 MiB stage_us=243 barrier_us=243
STAGING_TRACE layer=28 delta=0 runs=0
STAGING_TRACE layer=28 done
prefill staging: layer=28 ne1=1 unique=10 delta=0 runs=0 bytes=0.0 MiB stage_us=353 barrier_us=354
STAGING_TRACE layer=29 delta=0 runs=0
STAGING_TRACE layer=29 done
prefill staging: layer=29 ne1=1 unique=10 delta=0 runs=0 bytes=0.0 MiB stage_us=267 barrier_us=267
STAGING_TRACE layer=30 delta=0 runs=0
STAGING_TRACE layer=30 done
prefill staging: layer=30 ne1=1 unique=10 delta=0 runs=0 bytes=0.0 MiB stage_us=251 barrier_us=252
STAGING_TRACE layer=31 delta=0 runs=0
STAGING_TRACE layer=31 done
prefill staging: layer=31 ne1=1 unique=10 delta=0 runs=0 bytes=0.0 MiB stage_us=244 barrier_us=245
STAGING_TRACE layer=32 delta=0 runs=0
STAGING_TRACE layer=32 done
prefill staging: layer=32 ne1=1 unique=10 delta=0 runs=0 bytes=0.0 MiB stage_us=241 barrier_us=241
STAGING_TRACE layer=33 delta=0 runs=0
STAGING_TRACE layer=33 done
prefill staging: layer=33 ne1=1 unique=10 delta=0 runs=0 bytes=0.0 MiB stage_us=321 barrier_us=321
STAGING_TRACE layer=34 delta=0 runs=0
STAGING_TRACE layer=34 done
prefill staging: layer=34 ne1=1 unique=10 delta=0 runs=0 bytes=0.0 MiB stage_us=243 barrier_us=243
STAGING_TRACE layer=35 delta=0 runs=0
STAGING_TRACE layer=35 done
prefill staging: layer=35 ne1=1 unique=10 delta=0 runs=0 bytes=0.0 MiB stage_us=170 barrier_us=171
STAGING_TRACE layer=36 delta=0 runs=0
STAGING_TRACE layer=36 done
prefill staging: layer=36 ne1=1 unique=10 delta=0 runs=0 bytes=0.0 MiB stage_us=148 barrier_us=149
STAGING_TRACE layer=37 delta=0 runs=0
STAGING_TRACE layer=37 done
prefill staging: layer=37 ne1=1 unique=10 delta=0 runs=0 bytes=0.0 MiB stage_us=149 barrier_us=149
STAGING_TRACE layer=38 delta=0 runs=0
STAGING_TRACE layer=38 done
prefill staging: layer=38 ne1=1 unique=10 delta=0 runs=0 bytes=0.0 MiB stage_us=143 barrier_us=143
STAGING_TRACE layer=39 delta=0 runs=0
STAGING_TRACE layer=39 done
prefill staging: layer=39 ne1=1 unique=10 delta=0 runs=0 bytes=0.0 MiB stage_us=380 barrier_us=381
STAGING_TRACE layer=40 delta=0 runs=0
STAGING_TRACE layer=40 done
prefill staging: layer=40 ne1=1 unique=10 delta=0 runs=0 bytes=0.0 MiB stage_us=253 barrier_us=253
STAGING_TRACE layer=41 delta=0 runs=0
STAGING_TRACE layer=41 done
prefill staging: layer=41 ne1=1 unique=10 delta=0 runs=0 bytes=0.0 MiB stage_us=240 barrier_us=240
STAGING_TRACE layer=42 delta=0 runs=0
STAGING_TRACE layer=42 done
prefill staging: layer=42 ne1=1 unique=10 delta=0 runs=0 bytes=0.0 MiB stage_us=233 barrier_us=233
STAGING_TRACE layer=43 delta=0 runs=0
STAGING_TRACE layer=43 done
prefill staging: layer=43 ne1=1 unique=10 delta=0 runs=0 bytes=0.0 MiB stage_us=235 barrier_us=236
STAGING_TRACE layer=44 delta=0 runs=0
STAGING_TRACE layer=44 done
prefill staging: layer=44 ne1=1 unique=10 delta=0 runs=0 bytes=0.0 MiB stage_us=258 barrier_us=258
STAGING_TRACE layer=45 delta=0 runs=0
STAGING_TRACE layer=45 done
prefill staging: layer=45 ne1=1 unique=10 delta=0 runs=0 bytes=0.0 MiB stage_us=277 barrier_us=277
STAGING_TRACE layer=46 delta=0 runs=0
STAGING_TRACE layer=46 done
prefill staging: layer=46 ne1=1 unique=10 delta=0 runs=0 bytes=0.0 MiB stage_us=239 barrier_us=239
STAGING_RUN0 layer=47 cache=0000001C23F9E900 src=0000023E183273C0 slice=704000 run0_count=1 run0_expert=385
STAGING_TRACE layer=47 delta=1 runs=1
STAGING_TRACE layer=47 done
prefill staging: layer=47 ne1=1 unique=10 delta=1 runs=1 bytes=3.0 MiB stage_us=1984 barrier_us=2024
PREFILL_COLD_ONLY prompt=8171 n_batch=6144 n_ubatch=6144 prefill_ms=18856.458 tok_s=433.326
~llama_context:      CUDA0 compute buffer size is 6120.0000 MiB, matches expectation of 6120.0000 MiB
~llama_context:  CUDA_Host compute buffer size is 282.7617 MiB, matches expectation of 282.7617 MiB
