ggml_cuda_init: found 1 CUDA devices (Total VRAM: 16375 MiB):
  Device 0: NVIDIA GeForce RTX 4080 SUPER, compute capability 8.9, VMM: yes, VRAM: 16375 MiB
llama_model_loader: additional 2 GGUFs metadata loaded.
llama_model_loader: loaded meta data with 67 key-value pairs and 1224 tensors from E:\AI\Models\Qwen3.8-Flash-Next-UD-IQ4_XS\Qwen3.8-Flash-Next-UD-IQ4_XS-00001-of-00003.gguf (version GGUF V3 (latest))
llama_model_loader: Dumping metadata keys/values. Note: KV overrides do not apply in this output.
llama_model_loader: - kv   0:                       general.architecture str              = qwen4exp
llama_model_loader: - kv   1:                               general.type str              = model
llama_model_loader: - kv   2:                     general.sampling.top_k i32              = 20
llama_model_loader: - kv   3:                     general.sampling.top_p f32              = 0.950000
llama_model_loader: - kv   4:                      general.sampling.temp f32              = 1.000000
llama_model_loader: - kv   5:                               general.name str              = Qwen3.8 Flash Next
llama_model_loader: - kv   6:                        general.description str              = A Preview of the Qwen4 Architecture
llama_model_loader: - kv   7:                         general.size_label str              = 512x56B
llama_model_loader: - kv   8:                       qwen4exp.block_count u32              = 48
llama_model_loader: - kv   9:                    qwen4exp.context_length u32              = 262144
llama_model_loader: - kv  10:                  qwen4exp.embedding_length u32              = 2560
llama_model_loader: - kv  11:              qwen4exp.attention.head_count u32              = 24
llama_model_loader: - kv  12:           qwen4exp.attention.head_count_kv u32              = 2
llama_model_loader: - kv  13:           qwen4exp.rope.dimension_sections arr[i32,4]       = [11, 11, 10, 0]
llama_model_loader: - kv  14:                    qwen4exp.rope.freq_base f32              = 10000000.000000
llama_model_loader: - kv  15:  qwen4exp.attention.layer_norm_rms_epsilon f32              = 0.000001
llama_model_loader: - kv  16:                      qwen4exp.expert_count u32              = 512
llama_model_loader: - kv  17:                 qwen4exp.expert_used_count u32              = 10
llama_model_loader: - kv  18:              qwen4exp.attention.key_length u32              = 256
llama_model_loader: - kv  19:            qwen4exp.attention.value_length u32              = 256
llama_model_loader: - kv  20:        qwen4exp.expert_feed_forward_length u32              = 640
llama_model_loader: - kv  21: qwen4exp.expert_shared_feed_forward_length u32              = 640
llama_model_loader: - kv  22:                   qwen4exp.ssm.conv_kernel u32              = 4
llama_model_loader: - kv  23:                    qwen4exp.ssm.state_size u32              = 128
llama_model_loader: - kv  24:                   qwen4exp.ssm.group_count u32              = 16
llama_model_loader: - kv  25:                qwen4exp.ssm.time_step_rank u32              = 48
llama_model_loader: - kv  26:                    qwen4exp.ssm.inner_size u32              = 6144
llama_model_loader: - kv  27:           qwen4exp.full_attention_interval u32              = 4
llama_model_loader: - kv  28:              qwen4exp.rope.dimension_count u32              = 64
llama_model_loader: - kv  29:            qwen4exp.hyper_connection.count u32              = 4
llama_model_loader: - kv  30:         qwen4exp.hyper_connection.low_rank u32              = 320
llama_model_loader: - kv  31:      qwen4exp.attention.indexer.head_count u32              = 4
llama_model_loader: - kv  32:      qwen4exp.attention.indexer.key_length u32              = 128
llama_model_loader: - kv  33:           qwen4exp.attention.indexer.top_k u32              = 2048
llama_model_loader: - kv  34:         qwen4exp.attention.compress_ratios arr[i32,48]      = [0, 0, 0, 4, 0, 0, 0, 4, 0, 0, 0, 4, ...
llama_model_loader: - kv  35:                        qwen4exp.ple.layers arr[i32,1]       = [1]
llama_model_loader: - kv  36:                    qwen4exp.ple.ngram_size u32              = 3
llama_model_loader: - kv  37:               qwen4exp.ple.heads_per_ngram u32              = 8
llama_model_loader: - kv  38:                   qwen4exp.ple.conv_kernel u32              = 4
llama_model_loader: - kv  39:                  qwen4exp.ple.eos_token_id u32              = 248044
llama_model_loader: - kv  40:  qwen4exp.embedding_length_per_layer_input u32              = 160
llama_model_loader: - kv  41:             qwen4exp.ple.layer_multipliers arr[u64,3]       = [23703573157769, 20109073645365, 8052...
llama_model_loader: - kv  42:                  qwen4exp.ple.head_offsets arr[u64,16]      = [0, 20000003, 40000026, 60000059, 800...
llama_model_loader: - kv  43:              qwen4exp.ple.head_vocab_sizes arr[u64,16]      = [20000003, 20000023, 20000033, 200000...
llama_model_loader: - kv  44:                       tokenizer.ggml.model str              = gpt2
llama_model_loader: - kv  45:                         tokenizer.ggml.pre str              = qwen35
llama_model_loader: - kv  46:                      tokenizer.ggml.tokens arr[str,248320]  = ["!", "\"", "#", "$", "%", "&", "'", ...
llama_model_loader: - kv  47:                  tokenizer.ggml.token_type arr[i32,248320]  = [1, 1, 1, 1, 1, 1, 1, 1, 1, 1, 1, 1, ...
llama_model_loader: - kv  48:                      tokenizer.ggml.merges arr[str,247587]  = ["Ġ Ġ", "ĠĠ ĠĠ", "i n", "Ġ t",...
llama_model_loader: - kv  49:                tokenizer.ggml.eos_token_id u32              = 248046
llama_model_loader: - kv  50:            tokenizer.ggml.padding_token_id u32              = 248044
llama_model_loader: - kv  51:                tokenizer.ggml.bos_token_id u32              = 248044
llama_model_loader: - kv  52:               tokenizer.ggml.add_bos_token bool             = false
llama_model_loader: - kv  53:                    tokenizer.chat_template str              = {%- set image_count = namespace(value...
llama_model_loader: - kv  54:                qwen4exp.ple.image_token_id u32              = 248056
llama_model_loader: - kv  55:                       general.quantized_by str              = Unsloth
llama_model_loader: - kv  56:                           general.repo_url str              = https://huggingface.co/unsloth
llama_model_loader: - kv  57:                               general.tags arr[str,1]       = ["unsloth"]
llama_model_loader: - kv  58:               general.quantization_version u32              = 2
llama_model_loader: - kv  59:                          general.file_type u32              = 30
llama_model_loader: - kv  60:                      quantize.imatrix.file str              = Qwen3.8-Flash-Next-GGUF/imatrix_unslo...
llama_model_loader: - kv  61:                   quantize.imatrix.dataset str              = unsloth_calibration_Qwen3.8-Flash-Nex...
llama_model_loader: - kv  62:             quantize.imatrix.entries_count u32              = 926
llama_model_loader: - kv  63:              quantize.imatrix.chunks_count u32              = 45
llama_model_loader: - kv  64:                                   split.no u16              = 0
llama_model_loader: - kv  65:                        split.tensors.count i32              = 1224
llama_model_loader: - kv  66:                                split.count u16              = 3
llama_model_loader: - type  f32:  557 tensors
llama_model_loader: - type q8_0:  502 tensors
llama_model_loader: - type q6_K:    1 tensors
llama_model_loader: - type iq4_nl:   44 tensors
llama_model_loader: - type iq3_s:   94 tensors
llama_model_loader: - type iq4_xs:    2 tensors
llama_model_loader: - type bf16:   24 tensors
print_info: file format = GGUF V3 (latest)
print_info: file type   = IQ4_XS - 4.25 bpw
print_info: file size   = 87.24 GiB (4.24 BPW) 
llama_prepare_model_devices: using device CUDA0 (NVIDIA GeForce RTX 4080 SUPER) (0000:01:00.0) - 15061 MiB free
init_tokenizer: initializing tokenizer for type 2
load: 0 unused tokens
load: control token: 248062 '<|fim_suffix|>' is not marked as EOG
load: control token: 248072 '<tts_pad>' is not marked as EOG
load: control token: 248050 '<|box_end|>' is not marked as EOG
load: control token: 248048 '<|object_ref_end|>' is not marked as EOG
load: control token: 248055 '<|vision_pad|>' is not marked as EOG
load: control token: 248060 '<|fim_prefix|>' is not marked as EOG
load: control token: 248049 '<|box_start|>' is not marked as EOG
load: control token: 248073 '<tts_text_bos>' is not marked as EOG
load: control token: 248052 '<|quad_end|>' is not marked as EOG
load: control token: 248054 '<|vision_end|>' is not marked as EOG
load: control token: 248075 '<tts_text_bos_single>' is not marked as EOG
load: control token: 248056 '<|image_pad|>' is not marked as EOG
load: control token: 248071 '<|audio_end|>' is not marked as EOG
load: control token: 248045 '<|im_start|>' is not marked as EOG
load: control token: 248047 '<|object_ref_start|>' is not marked as EOG
load: control token: 248051 '<|quad_start|>' is not marked as EOG
load: control token: 248053 '<|vision_start|>' is not marked as EOG
load: control token: 248057 '<|video_pad|>' is not marked as EOG
load: control token: 248061 '<|fim_middle|>' is not marked as EOG
load: control token: 248070 '<|audio_start|>' is not marked as EOG
load: control token: 248074 '<tts_text_eod>' is not marked as EOG
load: control token: 248076 '<|audio_pad|>' is not marked as EOG
load: printing all EOG tokens:
load:   - 248044 ('<|endoftext|>')
load:   - 248046 ('<|im_end|>')
load:   - 248063 ('<|fim_pad|>')
load:   - 248064 ('<|repo_name|>')
load:   - 248065 ('<|file_sep|>')
load: special tokens cache size = 33
load: token to piece cache size = 1.7581 MB
print_info: arch                  = qwen4exp
print_info: vocab_only            = 0
print_info: no_alloc              = 0
print_info: n_ctx_train           = 262144
print_info: n_embd_inp            = 2560
print_info: n_embd                = 2560
print_info: n_embd_out            = 10240
print_info: n_layer               = 48
print_info: n_layer_all           = 48
print_info: n_head                = 24
print_info: n_head_kv             = 2
print_info: n_rot                 = 64
print_info: n_swa                 = 0
print_info: is_swa_any            = 0
print_info: n_embd_head_k         = 256
print_info: n_embd_head_v         = 256
print_info: n_gqa                 = 12
print_info: n_embd_k_gqa          = 512
print_info: n_embd_v_gqa          = 512
print_info: f_norm_eps            = 0.0e+00
print_info: f_norm_rms_eps        = 1.0e-06
print_info: f_clamp_kqv           = 0.0e+00
print_info: f_max_alibi_bias      = 0.0e+00
print_info: f_logit_scale         = 0.0e+00
print_info: f_attn_scale          = 0.0e+00
print_info: f_attn_value_scale    = 0.0000
print_info: n_ff                  = 0
print_info: n_expert              = 512
print_info: n_expert_used         = 10
print_info: n_expert_groups       = 0
print_info: n_group_used          = 0
print_info: causal attn           = 1
print_info: pooling type          = -1
print_info: rope type             = 40
print_info: rope scaling          = linear
print_info: freq_base_train       = 10000000.0
print_info: freq_scale_train      = 1
print_info: n_ctx_orig_yarn       = 262144
print_info: rope_yarn_log_mul     = 0.0000
print_info: rope_finetuned        = unknown
print_info: mrope sections        = [11, 11, 10, 0]
print_info: model type            = A3B
print_info: model params          = 176.94 B
print_info: general.name          = Qwen3.8 Flash Next
print_info: vocab type            = BPE
print_info: n_vocab               = 248320
print_info: n_merges              = 247587
print_info: BOS token             = 248044 '<|endoftext|>'
print_info: EOS token             = 248046 '<|im_end|>'
print_info: EOT token             = 248046 '<|im_end|>'
print_info: PAD token             = 248044 '<|endoftext|>'
print_info: LF token              = 198 'Ċ'
print_info: FIM PRE token         = 248060 '<|fim_prefix|>'
print_info: FIM SUF token         = 248062 '<|fim_suffix|>'
print_info: FIM MID token         = 248061 '<|fim_middle|>'
print_info: FIM PAD token         = 248063 '<|fim_pad|>'
print_info: FIM REP token         = 248064 '<|repo_name|>'
print_info: FIM SEP token         = 248065 '<|file_sep|>'
print_info: EOG token             = 248044 '<|endoftext|>'
print_info: EOG token             = 248046 '<|im_end|>'
print_info: EOG token             = 248063 '<|fim_pad|>'
print_info: EOG token             = 248064 '<|repo_name|>'
print_info: EOG token             = 248065 '<|file_sep|>'
print_info: max token length      = 256
load_tensors: loading model tensors, this can take a while... (load_mode = mmap)
load_tensors: layer   0 assigned to device CUDA0, is_swa = 0
load_tensors: layer   1 assigned to device CUDA0, is_swa = 0
load_tensors: layer   2 assigned to device CUDA0, is_swa = 0
load_tensors: layer   3 assigned to device CUDA0, is_swa = 0
load_tensors: layer   4 assigned to device CUDA0, is_swa = 0
load_tensors: layer   5 assigned to device CUDA0, is_swa = 0
load_tensors: layer   6 assigned to device CUDA0, is_swa = 0
load_tensors: layer   7 assigned to device CUDA0, is_swa = 0
load_tensors: layer   8 assigned to device CUDA0, is_swa = 0
load_tensors: layer   9 assigned to device CUDA0, is_swa = 0
load_tensors: layer  10 assigned to device CUDA0, is_swa = 0
load_tensors: layer  11 assigned to device CUDA0, is_swa = 0
load_tensors: layer  12 assigned to device CUDA0, is_swa = 0
load_tensors: layer  13 assigned to device CUDA0, is_swa = 0
load_tensors: layer  14 assigned to device CUDA0, is_swa = 0
load_tensors: layer  15 assigned to device CUDA0, is_swa = 0
load_tensors: layer  16 assigned to device CUDA0, is_swa = 0
load_tensors: layer  17 assigned to device CUDA0, is_swa = 0
load_tensors: layer  18 assigned to device CUDA0, is_swa = 0
load_tensors: layer  19 assigned to device CUDA0, is_swa = 0
load_tensors: layer  20 assigned to device CUDA0, is_swa = 0
load_tensors: layer  21 assigned to device CUDA0, is_swa = 0
load_tensors: layer  22 assigned to device CUDA0, is_swa = 0
load_tensors: layer  23 assigned to device CUDA0, is_swa = 0
load_tensors: layer  24 assigned to device CUDA0, is_swa = 0
load_tensors: layer  25 assigned to device CUDA0, is_swa = 0
load_tensors: layer  26 assigned to device CUDA0, is_swa = 0
load_tensors: layer  27 assigned to device CUDA0, is_swa = 0
load_tensors: layer  28 assigned to device CUDA0, is_swa = 0
load_tensors: layer  29 assigned to device CUDA0, is_swa = 0
load_tensors: layer  30 assigned to device CUDA0, is_swa = 0
load_tensors: layer  31 assigned to device CUDA0, is_swa = 0
load_tensors: layer  32 assigned to device CUDA0, is_swa = 0
load_tensors: layer  33 assigned to device CUDA0, is_swa = 0
load_tensors: layer  34 assigned to device CUDA0, is_swa = 0
load_tensors: layer  35 assigned to device CUDA0, is_swa = 0
load_tensors: layer  36 assigned to device CUDA0, is_swa = 0
load_tensors: layer  37 assigned to device CUDA0, is_swa = 0
load_tensors: layer  38 assigned to device CUDA0, is_swa = 0
load_tensors: layer  39 assigned to device CUDA0, is_swa = 0
load_tensors: layer  40 assigned to device CUDA0, is_swa = 0
load_tensors: layer  41 assigned to device CUDA0, is_swa = 0
load_tensors: layer  42 assigned to device CUDA0, is_swa = 0
load_tensors: layer  43 assigned to device CUDA0, is_swa = 0
load_tensors: layer  44 assigned to device CUDA0, is_swa = 0
load_tensors: layer  45 assigned to device CUDA0, is_swa = 0
load_tensors: layer  46 assigned to device CUDA0, is_swa = 0
load_tensors: layer  47 assigned to device CUDA0, is_swa = 0
load_tensors: layer  48 assigned to device CUDA0, is_swa = 0
create_tensor: loading tensor token_embd.weight
create_tensor: loading tensor output_hc_norm.weight
create_tensor: loading tensor output_hc_down.weight
create_tensor: loading tensor output_hc_up.weight
create_tensor: loading tensor output.weight
create_tensor: loading tensor per_layer_token_embd.weight
create_tensor: tensor per_layer_token_embd.weight (size = 27465 MiB) lazy read enabled
create_tensor: loading tensor blk.0.hc_attn_norm.weight
create_tensor: loading tensor blk.0.hc_attn_down.weight
create_tensor: loading tensor blk.0.hc_attn_up.weight
create_tensor: loading tensor blk.0.hc_attn_inject.weight
create_tensor: loading tensor blk.0.hc_ffn_norm.weight
create_tensor: loading tensor blk.0.hc_ffn_down.weight
create_tensor: loading tensor blk.0.hc_ffn_up.weight
create_tensor: loading tensor blk.0.hc_ffn_inject.weight
create_tensor: loading tensor blk.0.attn_qkv.weight
create_tensor: loading tensor blk.0.attn_gate.weight
create_tensor: loading tensor blk.0.ssm_conv1d.weight
create_tensor: loading tensor blk.0.ssm_dt.bias
create_tensor: loading tensor blk.0.ssm_a
create_tensor: loading tensor blk.0.ssm_beta.weight
create_tensor: loading tensor blk.0.ssm_alpha.weight
create_tensor: loading tensor blk.0.ssm_norm.weight
create_tensor: loading tensor blk.0.ssm_out.weight
create_tensor: loading tensor blk.0.ffn_gate_inp.weight
create_tensor: loading tensor blk.0.ffn_down_exps.weight
llama_model_loader: tensor overrides to CPU are used with mmap enabled - consider using --load-mode none for better performance
tensor blk.0.ffn_down_exps.weight (450 MiB iq4_nl) buffer type overridden to CUDA_Host
create_tensor: loading tensor blk.0.ffn_gate_up_exps.weight
create_tensor: loading tensor blk.0.ffn_gate_exps.weight
tensor blk.0.ffn_gate_exps.weight (343 MiB iq3_s) buffer type overridden to CUDA_Host
create_tensor: loading tensor blk.0.ffn_up_exps.weight
tensor blk.0.ffn_up_exps.weight (343 MiB iq3_s) buffer type overridden to CUDA_Host
create_tensor: loading tensor blk.0.ffn_gate_inp_shexp.weight
create_tensor: loading tensor blk.0.ffn_gate_shexp.weight
create_tensor: loading tensor blk.0.ffn_up_shexp.weight
create_tensor: loading tensor blk.0.ffn_down_shexp.weight
create_tensor: loading tensor blk.1.hc_attn_norm.weight
create_tensor: loading tensor blk.1.hc_attn_down.weight
create_tensor: loading tensor blk.1.hc_attn_up.weight
create_tensor: loading tensor blk.1.hc_attn_inject.weight
create_tensor: loading tensor blk.1.hc_ffn_norm.weight
create_tensor: loading tensor blk.1.hc_ffn_down.weight
create_tensor: loading tensor blk.1.hc_ffn_up.weight
create_tensor: loading tensor blk.1.hc_ffn_inject.weight
create_tensor: loading tensor blk.1.attn_qkv.weight
create_tensor: loading tensor blk.1.attn_gate.weight
create_tensor: loading tensor blk.1.ssm_conv1d.weight
create_tensor: loading tensor blk.1.ssm_dt.bias
create_tensor: loading tensor blk.1.ssm_a
create_tensor: loading tensor blk.1.ssm_beta.weight
create_tensor: loading tensor blk.1.ssm_alpha.weight
create_tensor: loading tensor blk.1.ssm_norm.weight
create_tensor: loading tensor blk.1.ssm_out.weight
create_tensor: loading tensor blk.1.ple_key.weight
create_tensor: loading tensor blk.1.ple_value.weight
create_tensor: loading tensor blk.1.ple_norm_key.weight
create_tensor: loading tensor blk.1.ple_norm_query.weight
create_tensor: loading tensor blk.1.ple_norm_conv.weight
create_tensor: loading tensor blk.1.ple_conv1d.weight
create_tensor: loading tensor blk.1.ffn_gate_inp.weight
create_tensor: loading tensor blk.1.ffn_down_exps.weight
tensor blk.1.ffn_down_exps.weight (450 MiB iq4_nl) buffer type overridden to CUDA_Host
create_tensor: loading tensor blk.1.ffn_gate_up_exps.weight
create_tensor: loading tensor blk.1.ffn_gate_exps.weight
tensor blk.1.ffn_gate_exps.weight (343 MiB iq3_s) buffer type overridden to CUDA_Host
create_tensor: loading tensor blk.1.ffn_up_exps.weight
tensor blk.1.ffn_up_exps.weight (343 MiB iq3_s) buffer type overridden to CUDA_Host
create_tensor: loading tensor blk.1.ffn_gate_inp_shexp.weight
create_tensor: loading tensor blk.1.ffn_gate_shexp.weight
create_tensor: loading tensor blk.1.ffn_up_shexp.weight
create_tensor: loading tensor blk.1.ffn_down_shexp.weight
create_tensor: loading tensor blk.2.hc_attn_norm.weight
create_tensor: loading tensor blk.2.hc_attn_down.weight
create_tensor: loading tensor blk.2.hc_attn_up.weight
create_tensor: loading tensor blk.2.hc_attn_inject.weight
create_tensor: loading tensor blk.2.hc_ffn_norm.weight
create_tensor: loading tensor blk.2.hc_ffn_down.weight
create_tensor: loading tensor blk.2.hc_ffn_up.weight
create_tensor: loading tensor blk.2.hc_ffn_inject.weight
create_tensor: loading tensor blk.2.attn_qkv.weight
create_tensor: loading tensor blk.2.attn_gate.weight
create_tensor: loading tensor blk.2.ssm_conv1d.weight
create_tensor: loading tensor blk.2.ssm_dt.bias
create_tensor: loading tensor blk.2.ssm_a
create_tensor: loading tensor blk.2.ssm_beta.weight
create_tensor: loading tensor blk.2.ssm_alpha.weight
create_tensor: loading tensor blk.2.ssm_norm.weight
create_tensor: loading tensor blk.2.ssm_out.weight
create_tensor: loading tensor blk.2.ffn_gate_inp.weight
create_tensor: loading tensor blk.2.ffn_down_exps.weight
tensor blk.2.ffn_down_exps.weight (850 MiB q8_0) buffer type overridden to CUDA_Host
create_tensor: loading tensor blk.2.ffn_gate_up_exps.weight
create_tensor: loading tensor blk.2.ffn_gate_exps.weight
tensor blk.2.ffn_gate_exps.weight (425 MiB iq4_xs) buffer type overridden to CUDA_Host
create_tensor: loading tensor blk.2.ffn_up_exps.weight
tensor blk.2.ffn_up_exps.weight (425 MiB iq4_xs) buffer type overridden to CUDA_Host
create_tensor: loading tensor blk.2.ffn_gate_inp_shexp.weight
create_tensor: loading tensor blk.2.ffn_gate_shexp.weight
create_tensor: loading tensor blk.2.ffn_up_shexp.weight
create_tensor: loading tensor blk.2.ffn_down_shexp.weight
create_tensor: loading tensor blk.3.hc_attn_norm.weight
create_tensor: loading tensor blk.3.hc_attn_down.weight
create_tensor: loading tensor blk.3.hc_attn_up.weight
create_tensor: loading tensor blk.3.hc_attn_inject.weight
create_tensor: loading tensor blk.3.hc_ffn_norm.weight
create_tensor: loading tensor blk.3.hc_ffn_down.weight
create_tensor: loading tensor blk.3.hc_ffn_up.weight
create_tensor: loading tensor blk.3.hc_ffn_inject.weight
create_tensor: loading tensor blk.3.attn_qkv.weight
create_tensor: loading tensor blk.3.attn_q.weight
create_tensor: loading tensor blk.3.attn_k.weight
create_tensor: loading tensor blk.3.attn_v.weight
create_tensor: loading tensor blk.3.attn_q.bias
create_tensor: loading tensor blk.3.attn_k.bias
create_tensor: loading tensor blk.3.attn_v.bias
create_tensor: loading tensor blk.3.attn_output.weight
create_tensor: loading tensor blk.3.attn_q_norm.weight
create_tensor: loading tensor blk.3.attn_k_norm.weight
create_tensor: loading tensor blk.3.indexer.q_proj.weight
create_tensor: loading tensor blk.3.indexer.k_proj.weight
create_tensor: loading tensor blk.3.indexer.q_norm.weight
create_tensor: loading tensor blk.3.indexer.k_norm.weight
create_tensor: loading tensor blk.3.ffn_gate_inp.weight
create_tensor: loading tensor blk.3.ffn_down_exps.weight
tensor blk.3.ffn_down_exps.weight (450 MiB iq4_nl) buffer type overridden to CUDA_Host
create_tensor: loading tensor blk.3.ffn_gate_up_exps.weight
create_tensor: loading tensor blk.3.ffn_gate_exps.weight
tensor blk.3.ffn_gate_exps.weight (343 MiB iq3_s) buffer type overridden to CUDA_Host
create_tensor: loading tensor blk.3.ffn_up_exps.weight
tensor blk.3.ffn_up_exps.weight (343 MiB iq3_s) buffer type overridden to CUDA_Host
create_tensor: loading tensor blk.3.ffn_gate_inp_shexp.weight
create_tensor: loading tensor blk.3.ffn_gate_shexp.weight
create_tensor: loading tensor blk.3.ffn_up_shexp.weight
create_tensor: loading tensor blk.3.ffn_down_shexp.weight
create_tensor: loading tensor blk.4.hc_attn_norm.weight
create_tensor: loading tensor blk.4.hc_attn_down.weight
create_tensor: loading tensor blk.4.hc_attn_up.weight
create_tensor: loading tensor blk.4.hc_attn_inject.weight
create_tensor: loading tensor blk.4.hc_ffn_norm.weight
create_tensor: loading tensor blk.4.hc_ffn_down.weight
create_tensor: loading tensor blk.4.hc_ffn_up.weight
create_tensor: loading tensor blk.4.hc_ffn_inject.weight
create_tensor: loading tensor blk.4.attn_qkv.weight
create_tensor: loading tensor blk.4.attn_gate.weight
create_tensor: loading tensor blk.4.ssm_conv1d.weight
create_tensor: loading tensor blk.4.ssm_dt.bias
create_tensor: loading tensor blk.4.ssm_a
create_tensor: loading tensor blk.4.ssm_beta.weight
create_tensor: loading tensor blk.4.ssm_alpha.weight
create_tensor: loading tensor blk.4.ssm_norm.weight
create_tensor: loading tensor blk.4.ssm_out.weight
create_tensor: loading tensor blk.4.ffn_gate_inp.weight
create_tensor: loading tensor blk.4.ffn_down_exps.weight
tensor blk.4.ffn_down_exps.weight (850 MiB q8_0) buffer type overridden to CUDA_Host
create_tensor: loading tensor blk.4.ffn_gate_up_exps.weight
create_tensor: loading tensor blk.4.ffn_gate_exps.weight
tensor blk.4.ffn_gate_exps.weight (343 MiB iq3_s) buffer type overridden to CUDA_Host
create_tensor: loading tensor blk.4.ffn_up_exps.weight
tensor blk.4.ffn_up_exps.weight (343 MiB iq3_s) buffer type overridden to CUDA_Host
create_tensor: loading tensor blk.4.ffn_gate_inp_shexp.weight
create_tensor: loading tensor blk.4.ffn_gate_shexp.weight
create_tensor: loading tensor blk.4.ffn_up_shexp.weight
create_tensor: loading tensor blk.4.ffn_down_shexp.weight
create_tensor: loading tensor blk.5.hc_attn_norm.weight
create_tensor: loading tensor blk.5.hc_attn_down.weight
create_tensor: loading tensor blk.5.hc_attn_up.weight
create_tensor: loading tensor blk.5.hc_attn_inject.weight
create_tensor: loading tensor blk.5.hc_ffn_norm.weight
create_tensor: loading tensor blk.5.hc_ffn_down.weight
create_tensor: loading tensor blk.5.hc_ffn_up.weight
create_tensor: loading tensor blk.5.hc_ffn_inject.weight
create_tensor: loading tensor blk.5.attn_qkv.weight
create_tensor: loading tensor blk.5.attn_gate.weight
create_tensor: loading tensor blk.5.ssm_conv1d.weight
create_tensor: loading tensor blk.5.ssm_dt.bias
create_tensor: loading tensor blk.5.ssm_a
create_tensor: loading tensor blk.5.ssm_beta.weight
create_tensor: loading tensor blk.5.ssm_alpha.weight
create_tensor: loading tensor blk.5.ssm_norm.weight
create_tensor: loading tensor blk.5.ssm_out.weight
create_tensor: loading tensor blk.5.ffn_gate_inp.weight
create_tensor: loading tensor blk.5.ffn_down_exps.weight
tensor blk.5.ffn_down_exps.weight (450 MiB iq4_nl) buffer type overridden to CUDA_Host
create_tensor: loading tensor blk.5.ffn_gate_up_exps.weight
create_tensor: loading tensor blk.5.ffn_gate_exps.weight
tensor blk.5.ffn_gate_exps.weight (343 MiB iq3_s) buffer type overridden to CUDA_Host
create_tensor: loading tensor blk.5.ffn_up_exps.weight
tensor blk.5.ffn_up_exps.weight (343 MiB iq3_s) buffer type overridden to CUDA_Host
create_tensor: loading tensor blk.5.ffn_gate_inp_shexp.weight
create_tensor: loading tensor blk.5.ffn_gate_shexp.weight
create_tensor: loading tensor blk.5.ffn_up_shexp.weight
create_tensor: loading tensor blk.5.ffn_down_shexp.weight
create_tensor: loading tensor blk.6.hc_attn_norm.weight
create_tensor: loading tensor blk.6.hc_attn_down.weight
create_tensor: loading tensor blk.6.hc_attn_up.weight
create_tensor: loading tensor blk.6.hc_attn_inject.weight
create_tensor: loading tensor blk.6.hc_ffn_norm.weight
create_tensor: loading tensor blk.6.hc_ffn_down.weight
create_tensor: loading tensor blk.6.hc_ffn_up.weight
create_tensor: loading tensor blk.6.hc_ffn_inject.weight
create_tensor: loading tensor blk.6.attn_qkv.weight
create_tensor: loading tensor blk.6.attn_gate.weight
create_tensor: loading tensor blk.6.ssm_conv1d.weight
create_tensor: loading tensor blk.6.ssm_dt.bias
create_tensor: loading tensor blk.6.ssm_a
create_tensor: loading tensor blk.6.ssm_beta.weight
create_tensor: loading tensor blk.6.ssm_alpha.weight
create_tensor: loading tensor blk.6.ssm_norm.weight
create_tensor: loading tensor blk.6.ssm_out.weight
create_tensor: loading tensor blk.6.ffn_gate_inp.weight
create_tensor: loading tensor blk.6.ffn_down_exps.weight
tensor blk.6.ffn_down_exps.weight (450 MiB iq4_nl) buffer type overridden to CUDA_Host
create_tensor: loading tensor blk.6.ffn_gate_up_exps.weight
create_tensor: loading tensor blk.6.ffn_gate_exps.weight
tensor blk.6.ffn_gate_exps.weight (343 MiB iq3_s) buffer type overridden to CUDA_Host
create_tensor: loading tensor blk.6.ffn_up_exps.weight
tensor blk.6.ffn_up_exps.weight (343 MiB iq3_s) buffer type overridden to CUDA_Host
create_tensor: loading tensor blk.6.ffn_gate_inp_shexp.weight
create_tensor: loading tensor blk.6.ffn_gate_shexp.weight
create_tensor: loading tensor blk.6.ffn_up_shexp.weight
create_tensor: loading tensor blk.6.ffn_down_shexp.weight
create_tensor: loading tensor blk.7.hc_attn_norm.weight
create_tensor: loading tensor blk.7.hc_attn_down.weight
create_tensor: loading tensor blk.7.hc_attn_up.weight
create_tensor: loading tensor blk.7.hc_attn_inject.weight
create_tensor: loading tensor blk.7.hc_ffn_norm.weight
create_tensor: loading tensor blk.7.hc_ffn_down.weight
create_tensor: loading tensor blk.7.hc_ffn_up.weight
create_tensor: loading tensor blk.7.hc_ffn_inject.weight
create_tensor: loading tensor blk.7.attn_qkv.weight
create_tensor: loading tensor blk.7.attn_q.weight
create_tensor: loading tensor blk.7.attn_k.weight
create_tensor: loading tensor blk.7.attn_v.weight
create_tensor: loading tensor blk.7.attn_q.bias
create_tensor: loading tensor blk.7.attn_k.bias
create_tensor: loading tensor blk.7.attn_v.bias
create_tensor: loading tensor blk.7.attn_output.weight
create_tensor: loading tensor blk.7.attn_q_norm.weight
create_tensor: loading tensor blk.7.attn_k_norm.weight
create_tensor: loading tensor blk.7.indexer.q_proj.weight
create_tensor: loading tensor blk.7.indexer.k_proj.weight
create_tensor: loading tensor blk.7.indexer.q_norm.weight
create_tensor: loading tensor blk.7.indexer.k_norm.weight
create_tensor: loading tensor blk.7.ffn_gate_inp.weight
create_tensor: loading tensor blk.7.ffn_down_exps.weight
tensor blk.7.ffn_down_exps.weight (450 MiB iq4_nl) buffer type overridden to CUDA_Host
create_tensor: loading tensor blk.7.ffn_gate_up_exps.weight
create_tensor: loading tensor blk.7.ffn_gate_exps.weight
tensor blk.7.ffn_gate_exps.weight (343 MiB iq3_s) buffer type overridden to CUDA_Host
create_tensor: loading tensor blk.7.ffn_up_exps.weight
tensor blk.7.ffn_up_exps.weight (343 MiB iq3_s) buffer type overridden to CUDA_Host
create_tensor: loading tensor blk.7.ffn_gate_inp_shexp.weight
create_tensor: loading tensor blk.7.ffn_gate_shexp.weight
create_tensor: loading tensor blk.7.ffn_up_shexp.weight
create_tensor: loading tensor blk.7.ffn_down_shexp.weight
create_tensor: loading tensor blk.8.hc_attn_norm.weight
create_tensor: loading tensor blk.8.hc_attn_down.weight
create_tensor: loading tensor blk.8.hc_attn_up.weight
create_tensor: loading tensor blk.8.hc_attn_inject.weight
create_tensor: loading tensor blk.8.hc_ffn_norm.weight
create_tensor: loading tensor blk.8.hc_ffn_down.weight
create_tensor: loading tensor blk.8.hc_ffn_up.weight
create_tensor: loading tensor blk.8.hc_ffn_inject.weight
create_tensor: loading tensor blk.8.attn_qkv.weight
create_tensor: loading tensor blk.8.attn_gate.weight
create_tensor: loading tensor blk.8.ssm_conv1d.weight
create_tensor: loading tensor blk.8.ssm_dt.bias
create_tensor: loading tensor blk.8.ssm_a
create_tensor: loading tensor blk.8.ssm_beta.weight
create_tensor: loading tensor blk.8.ssm_alpha.weight
create_tensor: loading tensor blk.8.ssm_norm.weight
create_tensor: loading tensor blk.8.ssm_out.weight
create_tensor: loading tensor blk.8.ffn_gate_inp.weight
create_tensor: loading tensor blk.8.ffn_down_exps.weight
tensor blk.8.ffn_down_exps.weight (450 MiB iq4_nl) buffer type overridden to CUDA_Host
create_tensor: loading tensor blk.8.ffn_gate_up_exps.weight
create_tensor: loading tensor blk.8.ffn_gate_exps.weight
tensor blk.8.ffn_gate_exps.weight (343 MiB iq3_s) buffer type overridden to CUDA_Host
create_tensor: loading tensor blk.8.ffn_up_exps.weight
tensor blk.8.ffn_up_exps.weight (343 MiB iq3_s) buffer type overridden to CUDA_Host
create_tensor: loading tensor blk.8.ffn_gate_inp_shexp.weight
create_tensor: loading tensor blk.8.ffn_gate_shexp.weight
create_tensor: loading tensor blk.8.ffn_up_shexp.weight
create_tensor: loading tensor blk.8.ffn_down_shexp.weight
create_tensor: loading tensor blk.9.hc_attn_norm.weight
create_tensor: loading tensor blk.9.hc_attn_down.weight
create_tensor: loading tensor blk.9.hc_attn_up.weight
create_tensor: loading tensor blk.9.hc_attn_inject.weight
create_tensor: loading tensor blk.9.hc_ffn_norm.weight
create_tensor: loading tensor blk.9.hc_ffn_down.weight
create_tensor: loading tensor blk.9.hc_ffn_up.weight
create_tensor: loading tensor blk.9.hc_ffn_inject.weight
create_tensor: loading tensor blk.9.attn_qkv.weight
create_tensor: loading tensor blk.9.attn_gate.weight
create_tensor: loading tensor blk.9.ssm_conv1d.weight
create_tensor: loading tensor blk.9.ssm_dt.bias
create_tensor: loading tensor blk.9.ssm_a
create_tensor: loading tensor blk.9.ssm_beta.weight
create_tensor: loading tensor blk.9.ssm_alpha.weight
create_tensor: loading tensor blk.9.ssm_norm.weight
create_tensor: loading tensor blk.9.ssm_out.weight
create_tensor: loading tensor blk.9.ffn_gate_inp.weight
create_tensor: loading tensor blk.9.ffn_down_exps.weight
tensor blk.9.ffn_down_exps.weight (450 MiB iq4_nl) buffer type overridden to CUDA_Host
create_tensor: loading tensor blk.9.ffn_gate_up_exps.weight
create_tensor: loading tensor blk.9.ffn_gate_exps.weight
tensor blk.9.ffn_gate_exps.weight (343 MiB iq3_s) buffer type overridden to CUDA_Host
create_tensor: loading tensor blk.9.ffn_up_exps.weight
tensor blk.9.ffn_up_exps.weight (343 MiB iq3_s) buffer type overridden to CUDA_Host
create_tensor: loading tensor blk.9.ffn_gate_inp_shexp.weight
create_tensor: loading tensor blk.9.ffn_gate_shexp.weight
create_tensor: loading tensor blk.9.ffn_up_shexp.weight
create_tensor: loading tensor blk.9.ffn_down_shexp.weight
create_tensor: loading tensor blk.10.hc_attn_norm.weight
create_tensor: loading tensor blk.10.hc_attn_down.weight
create_tensor: loading tensor blk.10.hc_attn_up.weight
create_tensor: loading tensor blk.10.hc_attn_inject.weight
create_tensor: loading tensor blk.10.hc_ffn_norm.weight
create_tensor: loading tensor blk.10.hc_ffn_down.weight
create_tensor: loading tensor blk.10.hc_ffn_up.weight
create_tensor: loading tensor blk.10.hc_ffn_inject.weight
create_tensor: loading tensor blk.10.attn_qkv.weight
create_tensor: loading tensor blk.10.attn_gate.weight
create_tensor: loading tensor blk.10.ssm_conv1d.weight
create_tensor: loading tensor blk.10.ssm_dt.bias
create_tensor: loading tensor blk.10.ssm_a
create_tensor: loading tensor blk.10.ssm_beta.weight
create_tensor: loading tensor blk.10.ssm_alpha.weight
create_tensor: loading tensor blk.10.ssm_norm.weight
create_tensor: loading tensor blk.10.ssm_out.weight
create_tensor: loading tensor blk.10.ffn_gate_inp.weight
create_tensor: loading tensor blk.10.ffn_down_exps.weight
tensor blk.10.ffn_down_exps.weight (450 MiB iq4_nl) buffer type overridden to CUDA_Host
create_tensor: loading tensor blk.10.ffn_gate_up_exps.weight
create_tensor: loading tensor blk.10.ffn_gate_exps.weight
tensor blk.10.ffn_gate_exps.weight (343 MiB iq3_s) buffer type overridden to CUDA_Host
create_tensor: loading tensor blk.10.ffn_up_exps.weight
tensor blk.10.ffn_up_exps.weight (343 MiB iq3_s) buffer type overridden to CUDA_Host
create_tensor: loading tensor blk.10.ffn_gate_inp_shexp.weight
create_tensor: loading tensor blk.10.ffn_gate_shexp.weight
create_tensor: loading tensor blk.10.ffn_up_shexp.weight
create_tensor: loading tensor blk.10.ffn_down_shexp.weight
create_tensor: loading tensor blk.11.hc_attn_norm.weight
create_tensor: loading tensor blk.11.hc_attn_down.weight
create_tensor: loading tensor blk.11.hc_attn_up.weight
create_tensor: loading tensor blk.11.hc_attn_inject.weight
create_tensor: loading tensor blk.11.hc_ffn_norm.weight
create_tensor: loading tensor blk.11.hc_ffn_down.weight
create_tensor: loading tensor blk.11.hc_ffn_up.weight
create_tensor: loading tensor blk.11.hc_ffn_inject.weight
create_tensor: loading tensor blk.11.attn_qkv.weight
create_tensor: loading tensor blk.11.attn_q.weight
create_tensor: loading tensor blk.11.attn_k.weight
create_tensor: loading tensor blk.11.attn_v.weight
create_tensor: loading tensor blk.11.attn_q.bias
create_tensor: loading tensor blk.11.attn_k.bias
create_tensor: loading tensor blk.11.attn_v.bias
create_tensor: loading tensor blk.11.attn_output.weight
create_tensor: loading tensor blk.11.attn_q_norm.weight
create_tensor: loading tensor blk.11.attn_k_norm.weight
create_tensor: loading tensor blk.11.indexer.q_proj.weight
create_tensor: loading tensor blk.11.indexer.k_proj.weight
create_tensor: loading tensor blk.11.indexer.q_norm.weight
create_tensor: loading tensor blk.11.indexer.k_norm.weight
create_tensor: loading tensor blk.11.ffn_gate_inp.weight
create_tensor: loading tensor blk.11.ffn_down_exps.weight
tensor blk.11.ffn_down_exps.weight (450 MiB iq4_nl) buffer type overridden to CUDA_Host
create_tensor: loading tensor blk.11.ffn_gate_up_exps.weight
create_tensor: loading tensor blk.11.ffn_gate_exps.weight
tensor blk.11.ffn_gate_exps.weight (343 MiB iq3_s) buffer type overridden to CUDA_Host
create_tensor: loading tensor blk.11.ffn_up_exps.weight
tensor blk.11.ffn_up_exps.weight (343 MiB iq3_s) buffer type overridden to CUDA_Host
create_tensor: loading tensor blk.11.ffn_gate_inp_shexp.weight
create_tensor: loading tensor blk.11.ffn_gate_shexp.weight
create_tensor: loading tensor blk.11.ffn_up_shexp.weight
create_tensor: loading tensor blk.11.ffn_down_shexp.weight
create_tensor: loading tensor blk.12.hc_attn_norm.weight
create_tensor: loading tensor blk.12.hc_attn_down.weight
create_tensor: loading tensor blk.12.hc_attn_up.weight
create_tensor: loading tensor blk.12.hc_attn_inject.weight
create_tensor: loading tensor blk.12.hc_ffn_norm.weight
create_tensor: loading tensor blk.12.hc_ffn_down.weight
create_tensor: loading tensor blk.12.hc_ffn_up.weight
create_tensor: loading tensor blk.12.hc_ffn_inject.weight
create_tensor: loading tensor blk.12.attn_qkv.weight
create_tensor: loading tensor blk.12.attn_gate.weight
create_tensor: loading tensor blk.12.ssm_conv1d.weight
create_tensor: loading tensor blk.12.ssm_dt.bias
create_tensor: loading tensor blk.12.ssm_a
create_tensor: loading tensor blk.12.ssm_beta.weight
create_tensor: loading tensor blk.12.ssm_alpha.weight
create_tensor: loading tensor blk.12.ssm_norm.weight
create_tensor: loading tensor blk.12.ssm_out.weight
create_tensor: loading tensor blk.12.ffn_gate_inp.weight
create_tensor: loading tensor blk.12.ffn_down_exps.weight
tensor blk.12.ffn_down_exps.weight (450 MiB iq4_nl) buffer type overridden to CUDA_Host
create_tensor: loading tensor blk.12.ffn_gate_up_exps.weight
create_tensor: loading tensor blk.12.ffn_gate_exps.weight
tensor blk.12.ffn_gate_exps.weight (343 MiB iq3_s) buffer type overridden to CUDA_Host
create_tensor: loading tensor blk.12.ffn_up_exps.weight
tensor blk.12.ffn_up_exps.weight (343 MiB iq3_s) buffer type overridden to CUDA_Host
create_tensor: loading tensor blk.12.ffn_gate_inp_shexp.weight
create_tensor: loading tensor blk.12.ffn_gate_shexp.weight
create_tensor: loading tensor blk.12.ffn_up_shexp.weight
create_tensor: loading tensor blk.12.ffn_down_shexp.weight
create_tensor: loading tensor blk.13.hc_attn_norm.weight
create_tensor: loading tensor blk.13.hc_attn_down.weight
create_tensor: loading tensor blk.13.hc_attn_up.weight
create_tensor: loading tensor blk.13.hc_attn_inject.weight
create_tensor: loading tensor blk.13.hc_ffn_norm.weight
create_tensor: loading tensor blk.13.hc_ffn_down.weight
create_tensor: loading tensor blk.13.hc_ffn_up.weight
create_tensor: loading tensor blk.13.hc_ffn_inject.weight
create_tensor: loading tensor blk.13.attn_qkv.weight
create_tensor: loading tensor blk.13.attn_gate.weight
create_tensor: loading tensor blk.13.ssm_conv1d.weight
create_tensor: loading tensor blk.13.ssm_dt.bias
create_tensor: loading tensor blk.13.ssm_a
create_tensor: loading tensor blk.13.ssm_beta.weight
create_tensor: loading tensor blk.13.ssm_alpha.weight
create_tensor: loading tensor blk.13.ssm_norm.weight
create_tensor: loading tensor blk.13.ssm_out.weight
create_tensor: loading tensor blk.13.ffn_gate_inp.weight
create_tensor: loading tensor blk.13.ffn_down_exps.weight
tensor blk.13.ffn_down_exps.weight (450 MiB iq4_nl) buffer type overridden to CUDA_Host
create_tensor: loading tensor blk.13.ffn_gate_up_exps.weight
create_tensor: loading tensor blk.13.ffn_gate_exps.weight
tensor blk.13.ffn_gate_exps.weight (343 MiB iq3_s) buffer type overridden to CUDA_Host
create_tensor: loading tensor blk.13.ffn_up_exps.weight
tensor blk.13.ffn_up_exps.weight (343 MiB iq3_s) buffer type overridden to CUDA_Host
create_tensor: loading tensor blk.13.ffn_gate_inp_shexp.weight
create_tensor: loading tensor blk.13.ffn_gate_shexp.weight
create_tensor: loading tensor blk.13.ffn_up_shexp.weight
create_tensor: loading tensor blk.13.ffn_down_shexp.weight
create_tensor: loading tensor blk.14.hc_attn_norm.weight
create_tensor: loading tensor blk.14.hc_attn_down.weight
create_tensor: loading tensor blk.14.hc_attn_up.weight
create_tensor: loading tensor blk.14.hc_attn_inject.weight
create_tensor: loading tensor blk.14.hc_ffn_norm.weight
create_tensor: loading tensor blk.14.hc_ffn_down.weight
create_tensor: loading tensor blk.14.hc_ffn_up.weight
create_tensor: loading tensor blk.14.hc_ffn_inject.weight
create_tensor: loading tensor blk.14.attn_qkv.weight
create_tensor: loading tensor blk.14.attn_gate.weight
create_tensor: loading tensor blk.14.ssm_conv1d.weight
create_tensor: loading tensor blk.14.ssm_dt.bias
create_tensor: loading tensor blk.14.ssm_a
create_tensor: loading tensor blk.14.ssm_beta.weight
create_tensor: loading tensor blk.14.ssm_alpha.weight
create_tensor: loading tensor blk.14.ssm_norm.weight
create_tensor: loading tensor blk.14.ssm_out.weight
create_tensor: loading tensor blk.14.ffn_gate_inp.weight
create_tensor: loading tensor blk.14.ffn_down_exps.weight
tensor blk.14.ffn_down_exps.weight (450 MiB iq4_nl) buffer type overridden to CUDA_Host
create_tensor: loading tensor blk.14.ffn_gate_up_exps.weight
create_tensor: loading tensor blk.14.ffn_gate_exps.weight
tensor blk.14.ffn_gate_exps.weight (343 MiB iq3_s) buffer type overridden to CUDA_Host
create_tensor: loading tensor blk.14.ffn_up_exps.weight
tensor blk.14.ffn_up_exps.weight (343 MiB iq3_s) buffer type overridden to CUDA_Host
create_tensor: loading tensor blk.14.ffn_gate_inp_shexp.weight
create_tensor: loading tensor blk.14.ffn_gate_shexp.weight
create_tensor: loading tensor blk.14.ffn_up_shexp.weight
create_tensor: loading tensor blk.14.ffn_down_shexp.weight
create_tensor: loading tensor blk.15.hc_attn_norm.weight
create_tensor: loading tensor blk.15.hc_attn_down.weight
create_tensor: loading tensor blk.15.hc_attn_up.weight
create_tensor: loading tensor blk.15.hc_attn_inject.weight
create_tensor: loading tensor blk.15.hc_ffn_norm.weight
create_tensor: loading tensor blk.15.hc_ffn_down.weight
create_tensor: loading tensor blk.15.hc_ffn_up.weight
create_tensor: loading tensor blk.15.hc_ffn_inject.weight
create_tensor: loading tensor blk.15.attn_qkv.weight
create_tensor: loading tensor blk.15.attn_q.weight
create_tensor: loading tensor blk.15.attn_k.weight
create_tensor: loading tensor blk.15.attn_v.weight
create_tensor: loading tensor blk.15.attn_q.bias
create_tensor: loading tensor blk.15.attn_k.bias
create_tensor: loading tensor blk.15.attn_v.bias
create_tensor: loading tensor blk.15.attn_output.weight
create_tensor: loading tensor blk.15.attn_q_norm.weight
create_tensor: loading tensor blk.15.attn_k_norm.weight
create_tensor: loading tensor blk.15.indexer.q_proj.weight
create_tensor: loading tensor blk.15.indexer.k_proj.weight
create_tensor: loading tensor blk.15.indexer.q_norm.weight
create_tensor: loading tensor blk.15.indexer.k_norm.weight
create_tensor: loading tensor blk.15.ffn_gate_inp.weight
create_tensor: loading tensor blk.15.ffn_down_exps.weight
tensor blk.15.ffn_down_exps.weight (450 MiB iq4_nl) buffer type overridden to CUDA_Host
create_tensor: loading tensor blk.15.ffn_gate_up_exps.weight
create_tensor: loading tensor blk.15.ffn_gate_exps.weight
tensor blk.15.ffn_gate_exps.weight (343 MiB iq3_s) buffer type overridden to CUDA_Host
create_tensor: loading tensor blk.15.ffn_up_exps.weight
tensor blk.15.ffn_up_exps.weight (343 MiB iq3_s) buffer type overridden to CUDA_Host
create_tensor: loading tensor blk.15.ffn_gate_inp_shexp.weight
create_tensor: loading tensor blk.15.ffn_gate_shexp.weight
create_tensor: loading tensor blk.15.ffn_up_shexp.weight
create_tensor: loading tensor blk.15.ffn_down_shexp.weight
create_tensor: loading tensor blk.16.hc_attn_norm.weight
create_tensor: loading tensor blk.16.hc_attn_down.weight
create_tensor: loading tensor blk.16.hc_attn_up.weight
create_tensor: loading tensor blk.16.hc_attn_inject.weight
create_tensor: loading tensor blk.16.hc_ffn_norm.weight
create_tensor: loading tensor blk.16.hc_ffn_down.weight
create_tensor: loading tensor blk.16.hc_ffn_up.weight
create_tensor: loading tensor blk.16.hc_ffn_inject.weight
create_tensor: loading tensor blk.16.attn_qkv.weight
create_tensor: loading tensor blk.16.attn_gate.weight
create_tensor: loading tensor blk.16.ssm_conv1d.weight
create_tensor: loading tensor blk.16.ssm_dt.bias
create_tensor: loading tensor blk.16.ssm_a
create_tensor: loading tensor blk.16.ssm_beta.weight
create_tensor: loading tensor blk.16.ssm_alpha.weight
create_tensor: loading tensor blk.16.ssm_norm.weight
create_tensor: loading tensor blk.16.ssm_out.weight
create_tensor: loading tensor blk.16.ffn_gate_inp.weight
create_tensor: loading tensor blk.16.ffn_down_exps.weight
tensor blk.16.ffn_down_exps.weight (450 MiB iq4_nl) buffer type overridden to CUDA_Host
create_tensor: loading tensor blk.16.ffn_gate_up_exps.weight
create_tensor: loading tensor blk.16.ffn_gate_exps.weight
tensor blk.16.ffn_gate_exps.weight (343 MiB iq3_s) buffer type overridden to CUDA_Host
create_tensor: loading tensor blk.16.ffn_up_exps.weight
tensor blk.16.ffn_up_exps.weight (343 MiB iq3_s) buffer type overridden to CUDA_Host
create_tensor: loading tensor blk.16.ffn_gate_inp_shexp.weight
create_tensor: loading tensor blk.16.ffn_gate_shexp.weight
create_tensor: loading tensor blk.16.ffn_up_shexp.weight
create_tensor: loading tensor blk.16.ffn_down_shexp.weight
create_tensor: loading tensor blk.17.hc_attn_norm.weight
create_tensor: loading tensor blk.17.hc_attn_down.weight
create_tensor: loading tensor blk.17.hc_attn_up.weight
create_tensor: loading tensor blk.17.hc_attn_inject.weight
create_tensor: loading tensor blk.17.hc_ffn_norm.weight
create_tensor: loading tensor blk.17.hc_ffn_down.weight
create_tensor: loading tensor blk.17.hc_ffn_up.weight
create_tensor: loading tensor blk.17.hc_ffn_inject.weight
create_tensor: loading tensor blk.17.attn_qkv.weight
create_tensor: loading tensor blk.17.attn_gate.weight
create_tensor: loading tensor blk.17.ssm_conv1d.weight
create_tensor: loading tensor blk.17.ssm_dt.bias
create_tensor: loading tensor blk.17.ssm_a
create_tensor: loading tensor blk.17.ssm_beta.weight
create_tensor: loading tensor blk.17.ssm_alpha.weight
create_tensor: loading tensor blk.17.ssm_norm.weight
create_tensor: loading tensor blk.17.ssm_out.weight
create_tensor: loading tensor blk.17.ffn_gate_inp.weight
create_tensor: loading tensor blk.17.ffn_down_exps.weight
tensor blk.17.ffn_down_exps.weight (450 MiB iq4_nl) buffer type overridden to CUDA_Host
create_tensor: loading tensor blk.17.ffn_gate_up_exps.weight
create_tensor: loading tensor blk.17.ffn_gate_exps.weight
tensor blk.17.ffn_gate_exps.weight (343 MiB iq3_s) buffer type overridden to CUDA_Host
create_tensor: loading tensor blk.17.ffn_up_exps.weight
tensor blk.17.ffn_up_exps.weight (343 MiB iq3_s) buffer type overridden to CUDA_Host
create_tensor: loading tensor blk.17.ffn_gate_inp_shexp.weight
create_tensor: loading tensor blk.17.ffn_gate_shexp.weight
create_tensor: loading tensor blk.17.ffn_up_shexp.weight
create_tensor: loading tensor blk.17.ffn_down_shexp.weight
create_tensor: loading tensor blk.18.hc_attn_norm.weight
create_tensor: loading tensor blk.18.hc_attn_down.weight
create_tensor: loading tensor blk.18.hc_attn_up.weight
create_tensor: loading tensor blk.18.hc_attn_inject.weight
create_tensor: loading tensor blk.18.hc_ffn_norm.weight
create_tensor: loading tensor blk.18.hc_ffn_down.weight
create_tensor: loading tensor blk.18.hc_ffn_up.weight
create_tensor: loading tensor blk.18.hc_ffn_inject.weight
create_tensor: loading tensor blk.18.attn_qkv.weight
create_tensor: loading tensor blk.18.attn_gate.weight
create_tensor: loading tensor blk.18.ssm_conv1d.weight
create_tensor: loading tensor blk.18.ssm_dt.bias
create_tensor: loading tensor blk.18.ssm_a
create_tensor: loading tensor blk.18.ssm_beta.weight
create_tensor: loading tensor blk.18.ssm_alpha.weight
create_tensor: loading tensor blk.18.ssm_norm.weight
create_tensor: loading tensor blk.18.ssm_out.weight
create_tensor: loading tensor blk.18.ffn_gate_inp.weight
create_tensor: loading tensor blk.18.ffn_down_exps.weight
tensor blk.18.ffn_down_exps.weight (450 MiB iq4_nl) buffer type overridden to CUDA_Host
create_tensor: loading tensor blk.18.ffn_gate_up_exps.weight
create_tensor: loading tensor blk.18.ffn_gate_exps.weight
tensor blk.18.ffn_gate_exps.weight (343 MiB iq3_s) buffer type overridden to CUDA_Host
create_tensor: loading tensor blk.18.ffn_up_exps.weight
tensor blk.18.ffn_up_exps.weight (343 MiB iq3_s) buffer type overridden to CUDA_Host
create_tensor: loading tensor blk.18.ffn_gate_inp_shexp.weight
create_tensor: loading tensor blk.18.ffn_gate_shexp.weight
create_tensor: loading tensor blk.18.ffn_up_shexp.weight
create_tensor: loading tensor blk.18.ffn_down_shexp.weight
create_tensor: loading tensor blk.19.hc_attn_norm.weight
create_tensor: loading tensor blk.19.hc_attn_down.weight
create_tensor: loading tensor blk.19.hc_attn_up.weight
create_tensor: loading tensor blk.19.hc_attn_inject.weight
create_tensor: loading tensor blk.19.hc_ffn_norm.weight
create_tensor: loading tensor blk.19.hc_ffn_down.weight
create_tensor: loading tensor blk.19.hc_ffn_up.weight
create_tensor: loading tensor blk.19.hc_ffn_inject.weight
create_tensor: loading tensor blk.19.attn_qkv.weight
create_tensor: loading tensor blk.19.attn_q.weight
create_tensor: loading tensor blk.19.attn_k.weight
create_tensor: loading tensor blk.19.attn_v.weight
create_tensor: loading tensor blk.19.attn_q.bias
create_tensor: loading tensor blk.19.attn_k.bias
create_tensor: loading tensor blk.19.attn_v.bias
create_tensor: loading tensor blk.19.attn_output.weight
create_tensor: loading tensor blk.19.attn_q_norm.weight
create_tensor: loading tensor blk.19.attn_k_norm.weight
create_tensor: loading tensor blk.19.indexer.q_proj.weight
create_tensor: loading tensor blk.19.indexer.k_proj.weight
create_tensor: loading tensor blk.19.indexer.q_norm.weight
create_tensor: loading tensor blk.19.indexer.k_norm.weight
create_tensor: loading tensor blk.19.ffn_gate_inp.weight
create_tensor: loading tensor blk.19.ffn_down_exps.weight
tensor blk.19.ffn_down_exps.weight (450 MiB iq4_nl) buffer type overridden to CUDA_Host
create_tensor: loading tensor blk.19.ffn_gate_up_exps.weight
create_tensor: loading tensor blk.19.ffn_gate_exps.weight
tensor blk.19.ffn_gate_exps.weight (343 MiB iq3_s) buffer type overridden to CUDA_Host
create_tensor: loading tensor blk.19.ffn_up_exps.weight
tensor blk.19.ffn_up_exps.weight (343 MiB iq3_s) buffer type overridden to CUDA_Host
create_tensor: loading tensor blk.19.ffn_gate_inp_shexp.weight
create_tensor: loading tensor blk.19.ffn_gate_shexp.weight
create_tensor: loading tensor blk.19.ffn_up_shexp.weight
create_tensor: loading tensor blk.19.ffn_down_shexp.weight
create_tensor: loading tensor blk.20.hc_attn_norm.weight
create_tensor: loading tensor blk.20.hc_attn_down.weight
create_tensor: loading tensor blk.20.hc_attn_up.weight
create_tensor: loading tensor blk.20.hc_attn_inject.weight
create_tensor: loading tensor blk.20.hc_ffn_norm.weight
create_tensor: loading tensor blk.20.hc_ffn_down.weight
create_tensor: loading tensor blk.20.hc_ffn_up.weight
create_tensor: loading tensor blk.20.hc_ffn_inject.weight
create_tensor: loading tensor blk.20.attn_qkv.weight
create_tensor: loading tensor blk.20.attn_gate.weight
create_tensor: loading tensor blk.20.ssm_conv1d.weight
create_tensor: loading tensor blk.20.ssm_dt.bias
create_tensor: loading tensor blk.20.ssm_a
create_tensor: loading tensor blk.20.ssm_beta.weight
create_tensor: loading tensor blk.20.ssm_alpha.weight
create_tensor: loading tensor blk.20.ssm_norm.weight
create_tensor: loading tensor blk.20.ssm_out.weight
create_tensor: loading tensor blk.20.ffn_gate_inp.weight
create_tensor: loading tensor blk.20.ffn_down_exps.weight
tensor blk.20.ffn_down_exps.weight (450 MiB iq4_nl) buffer type overridden to CUDA_Host
create_tensor: loading tensor blk.20.ffn_gate_up_exps.weight
create_tensor: loading tensor blk.20.ffn_gate_exps.weight
tensor blk.20.ffn_gate_exps.weight (343 MiB iq3_s) buffer type overridden to CUDA_Host
create_tensor: loading tensor blk.20.ffn_up_exps.weight
tensor blk.20.ffn_up_exps.weight (343 MiB iq3_s) buffer type overridden to CUDA_Host
create_tensor: loading tensor blk.20.ffn_gate_inp_shexp.weight
create_tensor: loading tensor blk.20.ffn_gate_shexp.weight
create_tensor: loading tensor blk.20.ffn_up_shexp.weight
create_tensor: loading tensor blk.20.ffn_down_shexp.weight
create_tensor: loading tensor blk.21.hc_attn_norm.weight
create_tensor: loading tensor blk.21.hc_attn_down.weight
create_tensor: loading tensor blk.21.hc_attn_up.weight
create_tensor: loading tensor blk.21.hc_attn_inject.weight
create_tensor: loading tensor blk.21.hc_ffn_norm.weight
create_tensor: loading tensor blk.21.hc_ffn_down.weight
create_tensor: loading tensor blk.21.hc_ffn_up.weight
create_tensor: loading tensor blk.21.hc_ffn_inject.weight
create_tensor: loading tensor blk.21.attn_qkv.weight
create_tensor: loading tensor blk.21.attn_gate.weight
create_tensor: loading tensor blk.21.ssm_conv1d.weight
create_tensor: loading tensor blk.21.ssm_dt.bias
create_tensor: loading tensor blk.21.ssm_a
create_tensor: loading tensor blk.21.ssm_beta.weight
create_tensor: loading tensor blk.21.ssm_alpha.weight
create_tensor: loading tensor blk.21.ssm_norm.weight
create_tensor: loading tensor blk.21.ssm_out.weight
create_tensor: loading tensor blk.21.ffn_gate_inp.weight
create_tensor: loading tensor blk.21.ffn_down_exps.weight
tensor blk.21.ffn_down_exps.weight (450 MiB iq4_nl) buffer type overridden to CUDA_Host
create_tensor: loading tensor blk.21.ffn_gate_up_exps.weight
create_tensor: loading tensor blk.21.ffn_gate_exps.weight
tensor blk.21.ffn_gate_exps.weight (343 MiB iq3_s) buffer type overridden to CUDA_Host
create_tensor: loading tensor blk.21.ffn_up_exps.weight
tensor blk.21.ffn_up_exps.weight (343 MiB iq3_s) buffer type overridden to CUDA_Host
create_tensor: loading tensor blk.21.ffn_gate_inp_shexp.weight
create_tensor: loading tensor blk.21.ffn_gate_shexp.weight
create_tensor: loading tensor blk.21.ffn_up_shexp.weight
create_tensor: loading tensor blk.21.ffn_down_shexp.weight
create_tensor: loading tensor blk.22.hc_attn_norm.weight
create_tensor: loading tensor blk.22.hc_attn_down.weight
create_tensor: loading tensor blk.22.hc_attn_up.weight
create_tensor: loading tensor blk.22.hc_attn_inject.weight
create_tensor: loading tensor blk.22.hc_ffn_norm.weight
create_tensor: loading tensor blk.22.hc_ffn_down.weight
create_tensor: loading tensor blk.22.hc_ffn_up.weight
create_tensor: loading tensor blk.22.hc_ffn_inject.weight
create_tensor: loading tensor blk.22.attn_qkv.weight
create_tensor: loading tensor blk.22.attn_gate.weight
create_tensor: loading tensor blk.22.ssm_conv1d.weight
create_tensor: loading tensor blk.22.ssm_dt.bias
create_tensor: loading tensor blk.22.ssm_a
create_tensor: loading tensor blk.22.ssm_beta.weight
create_tensor: loading tensor blk.22.ssm_alpha.weight
create_tensor: loading tensor blk.22.ssm_norm.weight
create_tensor: loading tensor blk.22.ssm_out.weight
create_tensor: loading tensor blk.22.ffn_gate_inp.weight
create_tensor: loading tensor blk.22.ffn_down_exps.weight
tensor blk.22.ffn_down_exps.weight (450 MiB iq4_nl) buffer type overridden to CUDA_Host
create_tensor: loading tensor blk.22.ffn_gate_up_exps.weight
create_tensor: loading tensor blk.22.ffn_gate_exps.weight
tensor blk.22.ffn_gate_exps.weight (343 MiB iq3_s) buffer type overridden to CUDA_Host
create_tensor: loading tensor blk.22.ffn_up_exps.weight
tensor blk.22.ffn_up_exps.weight (343 MiB iq3_s) buffer type overridden to CUDA_Host
create_tensor: loading tensor blk.22.ffn_gate_inp_shexp.weight
create_tensor: loading tensor blk.22.ffn_gate_shexp.weight
create_tensor: loading tensor blk.22.ffn_up_shexp.weight
create_tensor: loading tensor blk.22.ffn_down_shexp.weight
create_tensor: loading tensor blk.23.hc_attn_norm.weight
create_tensor: loading tensor blk.23.hc_attn_down.weight
create_tensor: loading tensor blk.23.hc_attn_up.weight
create_tensor: loading tensor blk.23.hc_attn_inject.weight
create_tensor: loading tensor blk.23.hc_ffn_norm.weight
create_tensor: loading tensor blk.23.hc_ffn_down.weight
create_tensor: loading tensor blk.23.hc_ffn_up.weight
create_tensor: loading tensor blk.23.hc_ffn_inject.weight
create_tensor: loading tensor blk.23.attn_qkv.weight
create_tensor: loading tensor blk.23.attn_q.weight
create_tensor: loading tensor blk.23.attn_k.weight
create_tensor: loading tensor blk.23.attn_v.weight
create_tensor: loading tensor blk.23.attn_q.bias
create_tensor: loading tensor blk.23.attn_k.bias
create_tensor: loading tensor blk.23.attn_v.bias
create_tensor: loading tensor blk.23.attn_output.weight
create_tensor: loading tensor blk.23.attn_q_norm.weight
create_tensor: loading tensor blk.23.attn_k_norm.weight
create_tensor: loading tensor blk.23.indexer.q_proj.weight
create_tensor: loading tensor blk.23.indexer.k_proj.weight
create_tensor: loading tensor blk.23.indexer.q_norm.weight
create_tensor: loading tensor blk.23.indexer.k_norm.weight
create_tensor: loading tensor blk.23.ffn_gate_inp.weight
create_tensor: loading tensor blk.23.ffn_down_exps.weight
tensor blk.23.ffn_down_exps.weight (450 MiB iq4_nl) buffer type overridden to CUDA_Host
create_tensor: loading tensor blk.23.ffn_gate_up_exps.weight
create_tensor: loading tensor blk.23.ffn_gate_exps.weight
tensor blk.23.ffn_gate_exps.weight (343 MiB iq3_s) buffer type overridden to CUDA_Host
create_tensor: loading tensor blk.23.ffn_up_exps.weight
tensor blk.23.ffn_up_exps.weight (343 MiB iq3_s) buffer type overridden to CUDA_Host
create_tensor: loading tensor blk.23.ffn_gate_inp_shexp.weight
create_tensor: loading tensor blk.23.ffn_gate_shexp.weight
create_tensor: loading tensor blk.23.ffn_up_shexp.weight
create_tensor: loading tensor blk.23.ffn_down_shexp.weight
create_tensor: loading tensor blk.24.hc_attn_norm.weight
create_tensor: loading tensor blk.24.hc_attn_down.weight
create_tensor: loading tensor blk.24.hc_attn_up.weight
create_tensor: loading tensor blk.24.hc_attn_inject.weight
create_tensor: loading tensor blk.24.hc_ffn_norm.weight
create_tensor: loading tensor blk.24.hc_ffn_down.weight
create_tensor: loading tensor blk.24.hc_ffn_up.weight
create_tensor: loading tensor blk.24.hc_ffn_inject.weight
create_tensor: loading tensor blk.24.attn_qkv.weight
create_tensor: loading tensor blk.24.attn_gate.weight
create_tensor: loading tensor blk.24.ssm_conv1d.weight
create_tensor: loading tensor blk.24.ssm_dt.bias
create_tensor: loading tensor blk.24.ssm_a
create_tensor: loading tensor blk.24.ssm_beta.weight
create_tensor: loading tensor blk.24.ssm_alpha.weight
create_tensor: loading tensor blk.24.ssm_norm.weight
create_tensor: loading tensor blk.24.ssm_out.weight
create_tensor: loading tensor blk.24.ffn_gate_inp.weight
create_tensor: loading tensor blk.24.ffn_down_exps.weight
tensor blk.24.ffn_down_exps.weight (450 MiB iq4_nl) buffer type overridden to CUDA_Host
create_tensor: loading tensor blk.24.ffn_gate_up_exps.weight
create_tensor: loading tensor blk.24.ffn_gate_exps.weight
tensor blk.24.ffn_gate_exps.weight (343 MiB iq3_s) buffer type overridden to CUDA_Host
create_tensor: loading tensor blk.24.ffn_up_exps.weight
tensor blk.24.ffn_up_exps.weight (343 MiB iq3_s) buffer type overridden to CUDA_Host
create_tensor: loading tensor blk.24.ffn_gate_inp_shexp.weight
create_tensor: loading tensor blk.24.ffn_gate_shexp.weight
create_tensor: loading tensor blk.24.ffn_up_shexp.weight
create_tensor: loading tensor blk.24.ffn_down_shexp.weight
create_tensor: loading tensor blk.25.hc_attn_norm.weight
create_tensor: loading tensor blk.25.hc_attn_down.weight
create_tensor: loading tensor blk.25.hc_attn_up.weight
create_tensor: loading tensor blk.25.hc_attn_inject.weight
create_tensor: loading tensor blk.25.hc_ffn_norm.weight
create_tensor: loading tensor blk.25.hc_ffn_down.weight
create_tensor: loading tensor blk.25.hc_ffn_up.weight
create_tensor: loading tensor blk.25.hc_ffn_inject.weight
create_tensor: loading tensor blk.25.attn_qkv.weight
create_tensor: loading tensor blk.25.attn_gate.weight
create_tensor: loading tensor blk.25.ssm_conv1d.weight
create_tensor: loading tensor blk.25.ssm_dt.bias
create_tensor: loading tensor blk.25.ssm_a
create_tensor: loading tensor blk.25.ssm_beta.weight
create_tensor: loading tensor blk.25.ssm_alpha.weight
create_tensor: loading tensor blk.25.ssm_norm.weight
create_tensor: loading tensor blk.25.ssm_out.weight
create_tensor: loading tensor blk.25.ffn_gate_inp.weight
create_tensor: loading tensor blk.25.ffn_down_exps.weight
tensor blk.25.ffn_down_exps.weight (450 MiB iq4_nl) buffer type overridden to CUDA_Host
create_tensor: loading tensor blk.25.ffn_gate_up_exps.weight
create_tensor: loading tensor blk.25.ffn_gate_exps.weight
tensor blk.25.ffn_gate_exps.weight (343 MiB iq3_s) buffer type overridden to CUDA_Host
create_tensor: loading tensor blk.25.ffn_up_exps.weight
tensor blk.25.ffn_up_exps.weight (343 MiB iq3_s) buffer type overridden to CUDA_Host
create_tensor: loading tensor blk.25.ffn_gate_inp_shexp.weight
create_tensor: loading tensor blk.25.ffn_gate_shexp.weight
create_tensor: loading tensor blk.25.ffn_up_shexp.weight
create_tensor: loading tensor blk.25.ffn_down_shexp.weight
create_tensor: loading tensor blk.26.hc_attn_norm.weight
create_tensor: loading tensor blk.26.hc_attn_down.weight
create_tensor: loading tensor blk.26.hc_attn_up.weight
create_tensor: loading tensor blk.26.hc_attn_inject.weight
create_tensor: loading tensor blk.26.hc_ffn_norm.weight
create_tensor: loading tensor blk.26.hc_ffn_down.weight
create_tensor: loading tensor blk.26.hc_ffn_up.weight
create_tensor: loading tensor blk.26.hc_ffn_inject.weight
create_tensor: loading tensor blk.26.attn_qkv.weight
create_tensor: loading tensor blk.26.attn_gate.weight
create_tensor: loading tensor blk.26.ssm_conv1d.weight
create_tensor: loading tensor blk.26.ssm_dt.bias
create_tensor: loading tensor blk.26.ssm_a
create_tensor: loading tensor blk.26.ssm_beta.weight
create_tensor: loading tensor blk.26.ssm_alpha.weight
create_tensor: loading tensor blk.26.ssm_norm.weight
create_tensor: loading tensor blk.26.ssm_out.weight
create_tensor: loading tensor blk.26.ffn_gate_inp.weight
create_tensor: loading tensor blk.26.ffn_down_exps.weight
tensor blk.26.ffn_down_exps.weight (450 MiB iq4_nl) buffer type overridden to CUDA_Host
create_tensor: loading tensor blk.26.ffn_gate_up_exps.weight
create_tensor: loading tensor blk.26.ffn_gate_exps.weight
tensor blk.26.ffn_gate_exps.weight (343 MiB iq3_s) buffer type overridden to CUDA_Host
create_tensor: loading tensor blk.26.ffn_up_exps.weight
tensor blk.26.ffn_up_exps.weight (343 MiB iq3_s) buffer type overridden to CUDA_Host
create_tensor: loading tensor blk.26.ffn_gate_inp_shexp.weight
create_tensor: loading tensor blk.26.ffn_gate_shexp.weight
create_tensor: loading tensor blk.26.ffn_up_shexp.weight
create_tensor: loading tensor blk.26.ffn_down_shexp.weight
create_tensor: loading tensor blk.27.hc_attn_norm.weight
create_tensor: loading tensor blk.27.hc_attn_down.weight
create_tensor: loading tensor blk.27.hc_attn_up.weight
create_tensor: loading tensor blk.27.hc_attn_inject.weight
create_tensor: loading tensor blk.27.hc_ffn_norm.weight
create_tensor: loading tensor blk.27.hc_ffn_down.weight
create_tensor: loading tensor blk.27.hc_ffn_up.weight
create_tensor: loading tensor blk.27.hc_ffn_inject.weight
create_tensor: loading tensor blk.27.attn_qkv.weight
create_tensor: loading tensor blk.27.attn_q.weight
create_tensor: loading tensor blk.27.attn_k.weight
create_tensor: loading tensor blk.27.attn_v.weight
create_tensor: loading tensor blk.27.attn_q.bias
create_tensor: loading tensor blk.27.attn_k.bias
create_tensor: loading tensor blk.27.attn_v.bias
create_tensor: loading tensor blk.27.attn_output.weight
create_tensor: loading tensor blk.27.attn_q_norm.weight
create_tensor: loading tensor blk.27.attn_k_norm.weight
create_tensor: loading tensor blk.27.indexer.q_proj.weight
create_tensor: loading tensor blk.27.indexer.k_proj.weight
create_tensor: loading tensor blk.27.indexer.q_norm.weight
create_tensor: loading tensor blk.27.indexer.k_norm.weight
create_tensor: loading tensor blk.27.ffn_gate_inp.weight
create_tensor: loading tensor blk.27.ffn_down_exps.weight
tensor blk.27.ffn_down_exps.weight (450 MiB iq4_nl) buffer type overridden to CUDA_Host
create_tensor: loading tensor blk.27.ffn_gate_up_exps.weight
create_tensor: loading tensor blk.27.ffn_gate_exps.weight
tensor blk.27.ffn_gate_exps.weight (343 MiB iq3_s) buffer type overridden to CUDA_Host
create_tensor: loading tensor blk.27.ffn_up_exps.weight
tensor blk.27.ffn_up_exps.weight (343 MiB iq3_s) buffer type overridden to CUDA_Host
create_tensor: loading tensor blk.27.ffn_gate_inp_shexp.weight
create_tensor: loading tensor blk.27.ffn_gate_shexp.weight
create_tensor: loading tensor blk.27.ffn_up_shexp.weight
create_tensor: loading tensor blk.27.ffn_down_shexp.weight
create_tensor: loading tensor blk.28.hc_attn_norm.weight
create_tensor: loading tensor blk.28.hc_attn_down.weight
create_tensor: loading tensor blk.28.hc_attn_up.weight
create_tensor: loading tensor blk.28.hc_attn_inject.weight
create_tensor: loading tensor blk.28.hc_ffn_norm.weight
create_tensor: loading tensor blk.28.hc_ffn_down.weight
create_tensor: loading tensor blk.28.hc_ffn_up.weight
create_tensor: loading tensor blk.28.hc_ffn_inject.weight
create_tensor: loading tensor blk.28.attn_qkv.weight
create_tensor: loading tensor blk.28.attn_gate.weight
create_tensor: loading tensor blk.28.ssm_conv1d.weight
create_tensor: loading tensor blk.28.ssm_dt.bias
create_tensor: loading tensor blk.28.ssm_a
create_tensor: loading tensor blk.28.ssm_beta.weight
create_tensor: loading tensor blk.28.ssm_alpha.weight
create_tensor: loading tensor blk.28.ssm_norm.weight
create_tensor: loading tensor blk.28.ssm_out.weight
create_tensor: loading tensor blk.28.ffn_gate_inp.weight
create_tensor: loading tensor blk.28.ffn_down_exps.weight
tensor blk.28.ffn_down_exps.weight (450 MiB iq4_nl) buffer type overridden to CUDA_Host
create_tensor: loading tensor blk.28.ffn_gate_up_exps.weight
create_tensor: loading tensor blk.28.ffn_gate_exps.weight
tensor blk.28.ffn_gate_exps.weight (343 MiB iq3_s) buffer type overridden to CUDA_Host
create_tensor: loading tensor blk.28.ffn_up_exps.weight
tensor blk.28.ffn_up_exps.weight (343 MiB iq3_s) buffer type overridden to CUDA_Host
create_tensor: loading tensor blk.28.ffn_gate_inp_shexp.weight
create_tensor: loading tensor blk.28.ffn_gate_shexp.weight
create_tensor: loading tensor blk.28.ffn_up_shexp.weight
create_tensor: loading tensor blk.28.ffn_down_shexp.weight
create_tensor: loading tensor blk.29.hc_attn_norm.weight
create_tensor: loading tensor blk.29.hc_attn_down.weight
create_tensor: loading tensor blk.29.hc_attn_up.weight
create_tensor: loading tensor blk.29.hc_attn_inject.weight
create_tensor: loading tensor blk.29.hc_ffn_norm.weight
create_tensor: loading tensor blk.29.hc_ffn_down.weight
create_tensor: loading tensor blk.29.hc_ffn_up.weight
create_tensor: loading tensor blk.29.hc_ffn_inject.weight
create_tensor: loading tensor blk.29.attn_qkv.weight
create_tensor: loading tensor blk.29.attn_gate.weight
create_tensor: loading tensor blk.29.ssm_conv1d.weight
create_tensor: loading tensor blk.29.ssm_dt.bias
create_tensor: loading tensor blk.29.ssm_a
create_tensor: loading tensor blk.29.ssm_beta.weight
create_tensor: loading tensor blk.29.ssm_alpha.weight
create_tensor: loading tensor blk.29.ssm_norm.weight
create_tensor: loading tensor blk.29.ssm_out.weight
create_tensor: loading tensor blk.29.ffn_gate_inp.weight
create_tensor: loading tensor blk.29.ffn_down_exps.weight
tensor blk.29.ffn_down_exps.weight (450 MiB iq4_nl) buffer type overridden to CUDA_Host
create_tensor: loading tensor blk.29.ffn_gate_up_exps.weight
create_tensor: loading tensor blk.29.ffn_gate_exps.weight
tensor blk.29.ffn_gate_exps.weight (343 MiB iq3_s) buffer type overridden to CUDA_Host
create_tensor: loading tensor blk.29.ffn_up_exps.weight
tensor blk.29.ffn_up_exps.weight (343 MiB iq3_s) buffer type overridden to CUDA_Host
create_tensor: loading tensor blk.29.ffn_gate_inp_shexp.weight
create_tensor: loading tensor blk.29.ffn_gate_shexp.weight
create_tensor: loading tensor blk.29.ffn_up_shexp.weight
create_tensor: loading tensor blk.29.ffn_down_shexp.weight
create_tensor: loading tensor blk.30.hc_attn_norm.weight
create_tensor: loading tensor blk.30.hc_attn_down.weight
create_tensor: loading tensor blk.30.hc_attn_up.weight
create_tensor: loading tensor blk.30.hc_attn_inject.weight
create_tensor: loading tensor blk.30.hc_ffn_norm.weight
create_tensor: loading tensor blk.30.hc_ffn_down.weight
create_tensor: loading tensor blk.30.hc_ffn_up.weight
create_tensor: loading tensor blk.30.hc_ffn_inject.weight
create_tensor: loading tensor blk.30.attn_qkv.weight
create_tensor: loading tensor blk.30.attn_gate.weight
create_tensor: loading tensor blk.30.ssm_conv1d.weight
create_tensor: loading tensor blk.30.ssm_dt.bias
create_tensor: loading tensor blk.30.ssm_a
create_tensor: loading tensor blk.30.ssm_beta.weight
create_tensor: loading tensor blk.30.ssm_alpha.weight
create_tensor: loading tensor blk.30.ssm_norm.weight
create_tensor: loading tensor blk.30.ssm_out.weight
create_tensor: loading tensor blk.30.ffn_gate_inp.weight
create_tensor: loading tensor blk.30.ffn_down_exps.weight
tensor blk.30.ffn_down_exps.weight (850 MiB q8_0) buffer type overridden to CUDA_Host
create_tensor: loading tensor blk.30.ffn_gate_up_exps.weight
create_tensor: loading tensor blk.30.ffn_gate_exps.weight
tensor blk.30.ffn_gate_exps.weight (343 MiB iq3_s) buffer type overridden to CUDA_Host
create_tensor: loading tensor blk.30.ffn_up_exps.weight
tensor blk.30.ffn_up_exps.weight (343 MiB iq3_s) buffer type overridden to CUDA_Host
create_tensor: loading tensor blk.30.ffn_gate_inp_shexp.weight
create_tensor: loading tensor blk.30.ffn_gate_shexp.weight
create_tensor: loading tensor blk.30.ffn_up_shexp.weight
create_tensor: loading tensor blk.30.ffn_down_shexp.weight
create_tensor: loading tensor blk.31.hc_attn_norm.weight
create_tensor: loading tensor blk.31.hc_attn_down.weight
create_tensor: loading tensor blk.31.hc_attn_up.weight
create_tensor: loading tensor blk.31.hc_attn_inject.weight
create_tensor: loading tensor blk.31.hc_ffn_norm.weight
create_tensor: loading tensor blk.31.hc_ffn_down.weight
create_tensor: loading tensor blk.31.hc_ffn_up.weight
create_tensor: loading tensor blk.31.hc_ffn_inject.weight
create_tensor: loading tensor blk.31.attn_qkv.weight
create_tensor: loading tensor blk.31.attn_q.weight
create_tensor: loading tensor blk.31.attn_k.weight
create_tensor: loading tensor blk.31.attn_v.weight
create_tensor: loading tensor blk.31.attn_q.bias
create_tensor: loading tensor blk.31.attn_k.bias
create_tensor: loading tensor blk.31.attn_v.bias
create_tensor: loading tensor blk.31.attn_output.weight
create_tensor: loading tensor blk.31.attn_q_norm.weight
create_tensor: loading tensor blk.31.attn_k_norm.weight
create_tensor: loading tensor blk.31.indexer.q_proj.weight
create_tensor: loading tensor blk.31.indexer.k_proj.weight
create_tensor: loading tensor blk.31.indexer.q_norm.weight
create_tensor: loading tensor blk.31.indexer.k_norm.weight
create_tensor: loading tensor blk.31.ffn_gate_inp.weight
create_tensor: loading tensor blk.31.ffn_down_exps.weight
tensor blk.31.ffn_down_exps.weight (450 MiB iq4_nl) buffer type overridden to CUDA_Host
create_tensor: loading tensor blk.31.ffn_gate_up_exps.weight
create_tensor: loading tensor blk.31.ffn_gate_exps.weight
tensor blk.31.ffn_gate_exps.weight (343 MiB iq3_s) buffer type overridden to CUDA_Host
create_tensor: loading tensor blk.31.ffn_up_exps.weight
tensor blk.31.ffn_up_exps.weight (343 MiB iq3_s) buffer type overridden to CUDA_Host
create_tensor: loading tensor blk.31.ffn_gate_inp_shexp.weight
create_tensor: loading tensor blk.31.ffn_gate_shexp.weight
create_tensor: loading tensor blk.31.ffn_up_shexp.weight
create_tensor: loading tensor blk.31.ffn_down_shexp.weight
create_tensor: loading tensor blk.32.hc_attn_norm.weight
create_tensor: loading tensor blk.32.hc_attn_down.weight
create_tensor: loading tensor blk.32.hc_attn_up.weight
create_tensor: loading tensor blk.32.hc_attn_inject.weight
create_tensor: loading tensor blk.32.hc_ffn_norm.weight
create_tensor: loading tensor blk.32.hc_ffn_down.weight
create_tensor: loading tensor blk.32.hc_ffn_up.weight
create_tensor: loading tensor blk.32.hc_ffn_inject.weight
create_tensor: loading tensor blk.32.attn_qkv.weight
create_tensor: loading tensor blk.32.attn_gate.weight
create_tensor: loading tensor blk.32.ssm_conv1d.weight
create_tensor: loading tensor blk.32.ssm_dt.bias
create_tensor: loading tensor blk.32.ssm_a
create_tensor: loading tensor blk.32.ssm_beta.weight
create_tensor: loading tensor blk.32.ssm_alpha.weight
create_tensor: loading tensor blk.32.ssm_norm.weight
create_tensor: loading tensor blk.32.ssm_out.weight
create_tensor: loading tensor blk.32.ffn_gate_inp.weight
create_tensor: loading tensor blk.32.ffn_down_exps.weight
tensor blk.32.ffn_down_exps.weight (450 MiB iq4_nl) buffer type overridden to CUDA_Host
create_tensor: loading tensor blk.32.ffn_gate_up_exps.weight
create_tensor: loading tensor blk.32.ffn_gate_exps.weight
tensor blk.32.ffn_gate_exps.weight (343 MiB iq3_s) buffer type overridden to CUDA_Host
create_tensor: loading tensor blk.32.ffn_up_exps.weight
tensor blk.32.ffn_up_exps.weight (343 MiB iq3_s) buffer type overridden to CUDA_Host
create_tensor: loading tensor blk.32.ffn_gate_inp_shexp.weight
create_tensor: loading tensor blk.32.ffn_gate_shexp.weight
create_tensor: loading tensor blk.32.ffn_up_shexp.weight
create_tensor: loading tensor blk.32.ffn_down_shexp.weight
create_tensor: loading tensor blk.33.hc_attn_norm.weight
create_tensor: loading tensor blk.33.hc_attn_down.weight
create_tensor: loading tensor blk.33.hc_attn_up.weight
create_tensor: loading tensor blk.33.hc_attn_inject.weight
create_tensor: loading tensor blk.33.hc_ffn_norm.weight
create_tensor: loading tensor blk.33.hc_ffn_down.weight
create_tensor: loading tensor blk.33.hc_ffn_up.weight
create_tensor: loading tensor blk.33.hc_ffn_inject.weight
create_tensor: loading tensor blk.33.attn_qkv.weight
create_tensor: loading tensor blk.33.attn_gate.weight
create_tensor: loading tensor blk.33.ssm_conv1d.weight
create_tensor: loading tensor blk.33.ssm_dt.bias
create_tensor: loading tensor blk.33.ssm_a
create_tensor: loading tensor blk.33.ssm_beta.weight
create_tensor: loading tensor blk.33.ssm_alpha.weight
create_tensor: loading tensor blk.33.ssm_norm.weight
create_tensor: loading tensor blk.33.ssm_out.weight
create_tensor: loading tensor blk.33.ffn_gate_inp.weight
create_tensor: loading tensor blk.33.ffn_down_exps.weight
tensor blk.33.ffn_down_exps.weight (450 MiB iq4_nl) buffer type overridden to CUDA_Host
create_tensor: loading tensor blk.33.ffn_gate_up_exps.weight
create_tensor: loading tensor blk.33.ffn_gate_exps.weight
tensor blk.33.ffn_gate_exps.weight (343 MiB iq3_s) buffer type overridden to CUDA_Host
create_tensor: loading tensor blk.33.ffn_up_exps.weight
tensor blk.33.ffn_up_exps.weight (343 MiB iq3_s) buffer type overridden to CUDA_Host
create_tensor: loading tensor blk.33.ffn_gate_inp_shexp.weight
create_tensor: loading tensor blk.33.ffn_gate_shexp.weight
create_tensor: loading tensor blk.33.ffn_up_shexp.weight
create_tensor: loading tensor blk.33.ffn_down_shexp.weight
create_tensor: loading tensor blk.34.hc_attn_norm.weight
create_tensor: loading tensor blk.34.hc_attn_down.weight
create_tensor: loading tensor blk.34.hc_attn_up.weight
create_tensor: loading tensor blk.34.hc_attn_inject.weight
create_tensor: loading tensor blk.34.hc_ffn_norm.weight
create_tensor: loading tensor blk.34.hc_ffn_down.weight
create_tensor: loading tensor blk.34.hc_ffn_up.weight
create_tensor: loading tensor blk.34.hc_ffn_inject.weight
create_tensor: loading tensor blk.34.attn_qkv.weight
create_tensor: loading tensor blk.34.attn_gate.weight
create_tensor: loading tensor blk.34.ssm_conv1d.weight
create_tensor: loading tensor blk.34.ssm_dt.bias
create_tensor: loading tensor blk.34.ssm_a
create_tensor: loading tensor blk.34.ssm_beta.weight
create_tensor: loading tensor blk.34.ssm_alpha.weight
create_tensor: loading tensor blk.34.ssm_norm.weight
create_tensor: loading tensor blk.34.ssm_out.weight
create_tensor: loading tensor blk.34.ffn_gate_inp.weight
create_tensor: loading tensor blk.34.ffn_down_exps.weight
tensor blk.34.ffn_down_exps.weight (450 MiB iq4_nl) buffer type overridden to CUDA_Host
create_tensor: loading tensor blk.34.ffn_gate_up_exps.weight
create_tensor: loading tensor blk.34.ffn_gate_exps.weight
tensor blk.34.ffn_gate_exps.weight (343 MiB iq3_s) buffer type overridden to CUDA_Host
create_tensor: loading tensor blk.34.ffn_up_exps.weight
tensor blk.34.ffn_up_exps.weight (343 MiB iq3_s) buffer type overridden to CUDA_Host
create_tensor: loading tensor blk.34.ffn_gate_inp_shexp.weight
create_tensor: loading tensor blk.34.ffn_gate_shexp.weight
create_tensor: loading tensor blk.34.ffn_up_shexp.weight
create_tensor: loading tensor blk.34.ffn_down_shexp.weight
create_tensor: loading tensor blk.35.hc_attn_norm.weight
create_tensor: loading tensor blk.35.hc_attn_down.weight
create_tensor: loading tensor blk.35.hc_attn_up.weight
create_tensor: loading tensor blk.35.hc_attn_inject.weight
create_tensor: loading tensor blk.35.hc_ffn_norm.weight
create_tensor: loading tensor blk.35.hc_ffn_down.weight
create_tensor: loading tensor blk.35.hc_ffn_up.weight
create_tensor: loading tensor blk.35.hc_ffn_inject.weight
create_tensor: loading tensor blk.35.attn_qkv.weight
create_tensor: loading tensor blk.35.attn_q.weight
create_tensor: loading tensor blk.35.attn_k.weight
create_tensor: loading tensor blk.35.attn_v.weight
create_tensor: loading tensor blk.35.attn_q.bias
create_tensor: loading tensor blk.35.attn_k.bias
create_tensor: loading tensor blk.35.attn_v.bias
create_tensor: loading tensor blk.35.attn_output.weight
create_tensor: loading tensor blk.35.attn_q_norm.weight
create_tensor: loading tensor blk.35.attn_k_norm.weight
create_tensor: loading tensor blk.35.indexer.q_proj.weight
create_tensor: loading tensor blk.35.indexer.k_proj.weight
create_tensor: loading tensor blk.35.indexer.q_norm.weight
create_tensor: loading tensor blk.35.indexer.k_norm.weight
create_tensor: loading tensor blk.35.ffn_gate_inp.weight
create_tensor: loading tensor blk.35.ffn_down_exps.weight
tensor blk.35.ffn_down_exps.weight (450 MiB iq4_nl) buffer type overridden to CUDA_Host
create_tensor: loading tensor blk.35.ffn_gate_up_exps.weight
create_tensor: loading tensor blk.35.ffn_gate_exps.weight
tensor blk.35.ffn_gate_exps.weight (343 MiB iq3_s) buffer type overridden to CUDA_Host
create_tensor: loading tensor blk.35.ffn_up_exps.weight
tensor blk.35.ffn_up_exps.weight (343 MiB iq3_s) buffer type overridden to CUDA_Host
create_tensor: loading tensor blk.35.ffn_gate_inp_shexp.weight
create_tensor: loading tensor blk.35.ffn_gate_shexp.weight
create_tensor: loading tensor blk.35.ffn_up_shexp.weight
create_tensor: loading tensor blk.35.ffn_down_shexp.weight
create_tensor: loading tensor blk.36.hc_attn_norm.weight
create_tensor: loading tensor blk.36.hc_attn_down.weight
create_tensor: loading tensor blk.36.hc_attn_up.weight
create_tensor: loading tensor blk.36.hc_attn_inject.weight
create_tensor: loading tensor blk.36.hc_ffn_norm.weight
create_tensor: loading tensor blk.36.hc_ffn_down.weight
create_tensor: loading tensor blk.36.hc_ffn_up.weight
create_tensor: loading tensor blk.36.hc_ffn_inject.weight
create_tensor: loading tensor blk.36.attn_qkv.weight
create_tensor: loading tensor blk.36.attn_gate.weight
create_tensor: loading tensor blk.36.ssm_conv1d.weight
create_tensor: loading tensor blk.36.ssm_dt.bias
create_tensor: loading tensor blk.36.ssm_a
create_tensor: loading tensor blk.36.ssm_beta.weight
create_tensor: loading tensor blk.36.ssm_alpha.weight
create_tensor: loading tensor blk.36.ssm_norm.weight
create_tensor: loading tensor blk.36.ssm_out.weight
create_tensor: loading tensor blk.36.ffn_gate_inp.weight
create_tensor: loading tensor blk.36.ffn_down_exps.weight
tensor blk.36.ffn_down_exps.weight (450 MiB iq4_nl) buffer type overridden to CUDA_Host
create_tensor: loading tensor blk.36.ffn_gate_up_exps.weight
create_tensor: loading tensor blk.36.ffn_gate_exps.weight
tensor blk.36.ffn_gate_exps.weight (343 MiB iq3_s) buffer type overridden to CUDA_Host
create_tensor: loading tensor blk.36.ffn_up_exps.weight
tensor blk.36.ffn_up_exps.weight (343 MiB iq3_s) buffer type overridden to CUDA_Host
create_tensor: loading tensor blk.36.ffn_gate_inp_shexp.weight
create_tensor: loading tensor blk.36.ffn_gate_shexp.weight
create_tensor: loading tensor blk.36.ffn_up_shexp.weight
create_tensor: loading tensor blk.36.ffn_down_shexp.weight
create_tensor: loading tensor blk.37.hc_attn_norm.weight
create_tensor: loading tensor blk.37.hc_attn_down.weight
create_tensor: loading tensor blk.37.hc_attn_up.weight
create_tensor: loading tensor blk.37.hc_attn_inject.weight
create_tensor: loading tensor blk.37.hc_ffn_norm.weight
create_tensor: loading tensor blk.37.hc_ffn_down.weight
create_tensor: loading tensor blk.37.hc_ffn_up.weight
create_tensor: loading tensor blk.37.hc_ffn_inject.weight
create_tensor: loading tensor blk.37.attn_qkv.weight
create_tensor: loading tensor blk.37.attn_gate.weight
create_tensor: loading tensor blk.37.ssm_conv1d.weight
create_tensor: loading tensor blk.37.ssm_dt.bias
create_tensor: loading tensor blk.37.ssm_a
create_tensor: loading tensor blk.37.ssm_beta.weight
create_tensor: loading tensor blk.37.ssm_alpha.weight
create_tensor: loading tensor blk.37.ssm_norm.weight
create_tensor: loading tensor blk.37.ssm_out.weight
create_tensor: loading tensor blk.37.ffn_gate_inp.weight
create_tensor: loading tensor blk.37.ffn_down_exps.weight
tensor blk.37.ffn_down_exps.weight (450 MiB iq4_nl) buffer type overridden to CUDA_Host
create_tensor: loading tensor blk.37.ffn_gate_up_exps.weight
create_tensor: loading tensor blk.37.ffn_gate_exps.weight
tensor blk.37.ffn_gate_exps.weight (343 MiB iq3_s) buffer type overridden to CUDA_Host
create_tensor: loading tensor blk.37.ffn_up_exps.weight
tensor blk.37.ffn_up_exps.weight (343 MiB iq3_s) buffer type overridden to CUDA_Host
create_tensor: loading tensor blk.37.ffn_gate_inp_shexp.weight
create_tensor: loading tensor blk.37.ffn_gate_shexp.weight
create_tensor: loading tensor blk.37.ffn_up_shexp.weight
create_tensor: loading tensor blk.37.ffn_down_shexp.weight
create_tensor: loading tensor blk.38.hc_attn_norm.weight
create_tensor: loading tensor blk.38.hc_attn_down.weight
create_tensor: loading tensor blk.38.hc_attn_up.weight
create_tensor: loading tensor blk.38.hc_attn_inject.weight
create_tensor: loading tensor blk.38.hc_ffn_norm.weight
create_tensor: loading tensor blk.38.hc_ffn_down.weight
create_tensor: loading tensor blk.38.hc_ffn_up.weight
create_tensor: loading tensor blk.38.hc_ffn_inject.weight
create_tensor: loading tensor blk.38.attn_qkv.weight
create_tensor: loading tensor blk.38.attn_gate.weight
create_tensor: loading tensor blk.38.ssm_conv1d.weight
create_tensor: loading tensor blk.38.ssm_dt.bias
create_tensor: loading tensor blk.38.ssm_a
create_tensor: loading tensor blk.38.ssm_beta.weight
create_tensor: loading tensor blk.38.ssm_alpha.weight
create_tensor: loading tensor blk.38.ssm_norm.weight
create_tensor: loading tensor blk.38.ssm_out.weight
create_tensor: loading tensor blk.38.ffn_gate_inp.weight
create_tensor: loading tensor blk.38.ffn_down_exps.weight
tensor blk.38.ffn_down_exps.weight (450 MiB iq4_nl) buffer type overridden to CUDA_Host
create_tensor: loading tensor blk.38.ffn_gate_up_exps.weight
create_tensor: loading tensor blk.38.ffn_gate_exps.weight
tensor blk.38.ffn_gate_exps.weight (343 MiB iq3_s) buffer type overridden to CUDA_Host
create_tensor: loading tensor blk.38.ffn_up_exps.weight
tensor blk.38.ffn_up_exps.weight (343 MiB iq3_s) buffer type overridden to CUDA_Host
create_tensor: loading tensor blk.38.ffn_gate_inp_shexp.weight
create_tensor: loading tensor blk.38.ffn_gate_shexp.weight
create_tensor: loading tensor blk.38.ffn_up_shexp.weight
create_tensor: loading tensor blk.38.ffn_down_shexp.weight
create_tensor: loading tensor blk.39.hc_attn_norm.weight
create_tensor: loading tensor blk.39.hc_attn_down.weight
create_tensor: loading tensor blk.39.hc_attn_up.weight
create_tensor: loading tensor blk.39.hc_attn_inject.weight
create_tensor: loading tensor blk.39.hc_ffn_norm.weight
create_tensor: loading tensor blk.39.hc_ffn_down.weight
create_tensor: loading tensor blk.39.hc_ffn_up.weight
create_tensor: loading tensor blk.39.hc_ffn_inject.weight
create_tensor: loading tensor blk.39.attn_qkv.weight
create_tensor: loading tensor blk.39.attn_q.weight
create_tensor: loading tensor blk.39.attn_k.weight
create_tensor: loading tensor blk.39.attn_v.weight
create_tensor: loading tensor blk.39.attn_q.bias
create_tensor: loading tensor blk.39.attn_k.bias
create_tensor: loading tensor blk.39.attn_v.bias
create_tensor: loading tensor blk.39.attn_output.weight
create_tensor: loading tensor blk.39.attn_q_norm.weight
create_tensor: loading tensor blk.39.attn_k_norm.weight
create_tensor: loading tensor blk.39.indexer.q_proj.weight
create_tensor: loading tensor blk.39.indexer.k_proj.weight
create_tensor: loading tensor blk.39.indexer.q_norm.weight
create_tensor: loading tensor blk.39.indexer.k_norm.weight
create_tensor: loading tensor blk.39.ffn_gate_inp.weight
create_tensor: loading tensor blk.39.ffn_down_exps.weight
tensor blk.39.ffn_down_exps.weight (450 MiB iq4_nl) buffer type overridden to CUDA_Host
create_tensor: loading tensor blk.39.ffn_gate_up_exps.weight
create_tensor: loading tensor blk.39.ffn_gate_exps.weight
tensor blk.39.ffn_gate_exps.weight (343 MiB iq3_s) buffer type overridden to CUDA_Host
create_tensor: loading tensor blk.39.ffn_up_exps.weight
tensor blk.39.ffn_up_exps.weight (343 MiB iq3_s) buffer type overridden to CUDA_Host
create_tensor: loading tensor blk.39.ffn_gate_inp_shexp.weight
create_tensor: loading tensor blk.39.ffn_gate_shexp.weight
create_tensor: loading tensor blk.39.ffn_up_shexp.weight
create_tensor: loading tensor blk.39.ffn_down_shexp.weight
create_tensor: loading tensor blk.40.hc_attn_norm.weight
create_tensor: loading tensor blk.40.hc_attn_down.weight
create_tensor: loading tensor blk.40.hc_attn_up.weight
create_tensor: loading tensor blk.40.hc_attn_inject.weight
create_tensor: loading tensor blk.40.hc_ffn_norm.weight
create_tensor: loading tensor blk.40.hc_ffn_down.weight
create_tensor: loading tensor blk.40.hc_ffn_up.weight
create_tensor: loading tensor blk.40.hc_ffn_inject.weight
create_tensor: loading tensor blk.40.attn_qkv.weight
create_tensor: loading tensor blk.40.attn_gate.weight
create_tensor: loading tensor blk.40.ssm_conv1d.weight
create_tensor: loading tensor blk.40.ssm_dt.bias
create_tensor: loading tensor blk.40.ssm_a
create_tensor: loading tensor blk.40.ssm_beta.weight
create_tensor: loading tensor blk.40.ssm_alpha.weight
create_tensor: loading tensor blk.40.ssm_norm.weight
create_tensor: loading tensor blk.40.ssm_out.weight
create_tensor: loading tensor blk.40.ffn_gate_inp.weight
create_tensor: loading tensor blk.40.ffn_down_exps.weight
tensor blk.40.ffn_down_exps.weight (450 MiB iq4_nl) buffer type overridden to CUDA_Host
create_tensor: loading tensor blk.40.ffn_gate_up_exps.weight
create_tensor: loading tensor blk.40.ffn_gate_exps.weight
tensor blk.40.ffn_gate_exps.weight (343 MiB iq3_s) buffer type overridden to CUDA_Host
create_tensor: loading tensor blk.40.ffn_up_exps.weight
tensor blk.40.ffn_up_exps.weight (343 MiB iq3_s) buffer type overridden to CUDA_Host
create_tensor: loading tensor blk.40.ffn_gate_inp_shexp.weight
create_tensor: loading tensor blk.40.ffn_gate_shexp.weight
create_tensor: loading tensor blk.40.ffn_up_shexp.weight
create_tensor: loading tensor blk.40.ffn_down_shexp.weight
create_tensor: loading tensor blk.41.hc_attn_norm.weight
create_tensor: loading tensor blk.41.hc_attn_down.weight
create_tensor: loading tensor blk.41.hc_attn_up.weight
create_tensor: loading tensor blk.41.hc_attn_inject.weight
create_tensor: loading tensor blk.41.hc_ffn_norm.weight
create_tensor: loading tensor blk.41.hc_ffn_down.weight
create_tensor: loading tensor blk.41.hc_ffn_up.weight
create_tensor: loading tensor blk.41.hc_ffn_inject.weight
create_tensor: loading tensor blk.41.attn_qkv.weight
create_tensor: loading tensor blk.41.attn_gate.weight
create_tensor: loading tensor blk.41.ssm_conv1d.weight
create_tensor: loading tensor blk.41.ssm_dt.bias
create_tensor: loading tensor blk.41.ssm_a
create_tensor: loading tensor blk.41.ssm_beta.weight
create_tensor: loading tensor blk.41.ssm_alpha.weight
create_tensor: loading tensor blk.41.ssm_norm.weight
create_tensor: loading tensor blk.41.ssm_out.weight
create_tensor: loading tensor blk.41.ffn_gate_inp.weight
create_tensor: loading tensor blk.41.ffn_down_exps.weight
tensor blk.41.ffn_down_exps.weight (450 MiB iq4_nl) buffer type overridden to CUDA_Host
create_tensor: loading tensor blk.41.ffn_gate_up_exps.weight
create_tensor: loading tensor blk.41.ffn_gate_exps.weight
tensor blk.41.ffn_gate_exps.weight (343 MiB iq3_s) buffer type overridden to CUDA_Host
create_tensor: loading tensor blk.41.ffn_up_exps.weight
tensor blk.41.ffn_up_exps.weight (343 MiB iq3_s) buffer type overridden to CUDA_Host
create_tensor: loading tensor blk.41.ffn_gate_inp_shexp.weight
create_tensor: loading tensor blk.41.ffn_gate_shexp.weight
create_tensor: loading tensor blk.41.ffn_up_shexp.weight
create_tensor: loading tensor blk.41.ffn_down_shexp.weight
create_tensor: loading tensor blk.42.hc_attn_norm.weight
create_tensor: loading tensor blk.42.hc_attn_down.weight
create_tensor: loading tensor blk.42.hc_attn_up.weight
create_tensor: loading tensor blk.42.hc_attn_inject.weight
create_tensor: loading tensor blk.42.hc_ffn_norm.weight
create_tensor: loading tensor blk.42.hc_ffn_down.weight
create_tensor: loading tensor blk.42.hc_ffn_up.weight
create_tensor: loading tensor blk.42.hc_ffn_inject.weight
create_tensor: loading tensor blk.42.attn_qkv.weight
create_tensor: loading tensor blk.42.attn_gate.weight
create_tensor: loading tensor blk.42.ssm_conv1d.weight
create_tensor: loading tensor blk.42.ssm_dt.bias
create_tensor: loading tensor blk.42.ssm_a
create_tensor: loading tensor blk.42.ssm_beta.weight
create_tensor: loading tensor blk.42.ssm_alpha.weight
create_tensor: loading tensor blk.42.ssm_norm.weight
create_tensor: loading tensor blk.42.ssm_out.weight
create_tensor: loading tensor blk.42.ffn_gate_inp.weight
create_tensor: loading tensor blk.42.ffn_down_exps.weight
tensor blk.42.ffn_down_exps.weight (450 MiB iq4_nl) buffer type overridden to CUDA_Host
create_tensor: loading tensor blk.42.ffn_gate_up_exps.weight
create_tensor: loading tensor blk.42.ffn_gate_exps.weight
tensor blk.42.ffn_gate_exps.weight (343 MiB iq3_s) buffer type overridden to CUDA_Host
create_tensor: loading tensor blk.42.ffn_up_exps.weight
tensor blk.42.ffn_up_exps.weight (343 MiB iq3_s) buffer type overridden to CUDA_Host
create_tensor: loading tensor blk.42.ffn_gate_inp_shexp.weight
create_tensor: loading tensor blk.42.ffn_gate_shexp.weight
create_tensor: loading tensor blk.42.ffn_up_shexp.weight
create_tensor: loading tensor blk.42.ffn_down_shexp.weight
create_tensor: loading tensor blk.43.hc_attn_norm.weight
create_tensor: loading tensor blk.43.hc_attn_down.weight
create_tensor: loading tensor blk.43.hc_attn_up.weight
create_tensor: loading tensor blk.43.hc_attn_inject.weight
create_tensor: loading tensor blk.43.hc_ffn_norm.weight
create_tensor: loading tensor blk.43.hc_ffn_down.weight
create_tensor: loading tensor blk.43.hc_ffn_up.weight
create_tensor: loading tensor blk.43.hc_ffn_inject.weight
create_tensor: loading tensor blk.43.attn_qkv.weight
create_tensor: loading tensor blk.43.attn_q.weight
create_tensor: loading tensor blk.43.attn_k.weight
create_tensor: loading tensor blk.43.attn_v.weight
create_tensor: loading tensor blk.43.attn_q.bias
create_tensor: loading tensor blk.43.attn_k.bias
create_tensor: loading tensor blk.43.attn_v.bias
create_tensor: loading tensor blk.43.attn_output.weight
create_tensor: loading tensor blk.43.attn_q_norm.weight
create_tensor: loading tensor blk.43.attn_k_norm.weight
create_tensor: loading tensor blk.43.indexer.q_proj.weight
create_tensor: loading tensor blk.43.indexer.k_proj.weight
create_tensor: loading tensor blk.43.indexer.q_norm.weight
create_tensor: loading tensor blk.43.indexer.k_norm.weight
create_tensor: loading tensor blk.43.ffn_gate_inp.weight
create_tensor: loading tensor blk.43.ffn_down_exps.weight
tensor blk.43.ffn_down_exps.weight (450 MiB iq4_nl) buffer type overridden to CUDA_Host
create_tensor: loading tensor blk.43.ffn_gate_up_exps.weight
create_tensor: loading tensor blk.43.ffn_gate_exps.weight
tensor blk.43.ffn_gate_exps.weight (343 MiB iq3_s) buffer type overridden to CUDA_Host
create_tensor: loading tensor blk.43.ffn_up_exps.weight
tensor blk.43.ffn_up_exps.weight (343 MiB iq3_s) buffer type overridden to CUDA_Host
create_tensor: loading tensor blk.43.ffn_gate_inp_shexp.weight
create_tensor: loading tensor blk.43.ffn_gate_shexp.weight
create_tensor: loading tensor blk.43.ffn_up_shexp.weight
create_tensor: loading tensor blk.43.ffn_down_shexp.weight
create_tensor: loading tensor blk.44.hc_attn_norm.weight
create_tensor: loading tensor blk.44.hc_attn_down.weight
create_tensor: loading tensor blk.44.hc_attn_up.weight
create_tensor: loading tensor blk.44.hc_attn_inject.weight
create_tensor: loading tensor blk.44.hc_ffn_norm.weight
create_tensor: loading tensor blk.44.hc_ffn_down.weight
create_tensor: loading tensor blk.44.hc_ffn_up.weight
create_tensor: loading tensor blk.44.hc_ffn_inject.weight
create_tensor: loading tensor blk.44.attn_qkv.weight
create_tensor: loading tensor blk.44.attn_gate.weight
create_tensor: loading tensor blk.44.ssm_conv1d.weight
create_tensor: loading tensor blk.44.ssm_dt.bias
create_tensor: loading tensor blk.44.ssm_a
create_tensor: loading tensor blk.44.ssm_beta.weight
create_tensor: loading tensor blk.44.ssm_alpha.weight
create_tensor: loading tensor blk.44.ssm_norm.weight
create_tensor: loading tensor blk.44.ssm_out.weight
create_tensor: loading tensor blk.44.ffn_gate_inp.weight
create_tensor: loading tensor blk.44.ffn_down_exps.weight
tensor blk.44.ffn_down_exps.weight (450 MiB iq4_nl) buffer type overridden to CUDA_Host
create_tensor: loading tensor blk.44.ffn_gate_up_exps.weight
create_tensor: loading tensor blk.44.ffn_gate_exps.weight
tensor blk.44.ffn_gate_exps.weight (343 MiB iq3_s) buffer type overridden to CUDA_Host
create_tensor: loading tensor blk.44.ffn_up_exps.weight
tensor blk.44.ffn_up_exps.weight (343 MiB iq3_s) buffer type overridden to CUDA_Host
create_tensor: loading tensor blk.44.ffn_gate_inp_shexp.weight
create_tensor: loading tensor blk.44.ffn_gate_shexp.weight
create_tensor: loading tensor blk.44.ffn_up_shexp.weight
create_tensor: loading tensor blk.44.ffn_down_shexp.weight
create_tensor: loading tensor blk.45.hc_attn_norm.weight
create_tensor: loading tensor blk.45.hc_attn_down.weight
create_tensor: loading tensor blk.45.hc_attn_up.weight
create_tensor: loading tensor blk.45.hc_attn_inject.weight
create_tensor: loading tensor blk.45.hc_ffn_norm.weight
create_tensor: loading tensor blk.45.hc_ffn_down.weight
create_tensor: loading tensor blk.45.hc_ffn_up.weight
create_tensor: loading tensor blk.45.hc_ffn_inject.weight
create_tensor: loading tensor blk.45.attn_qkv.weight
create_tensor: loading tensor blk.45.attn_gate.weight
create_tensor: loading tensor blk.45.ssm_conv1d.weight
create_tensor: loading tensor blk.45.ssm_dt.bias
create_tensor: loading tensor blk.45.ssm_a
create_tensor: loading tensor blk.45.ssm_beta.weight
create_tensor: loading tensor blk.45.ssm_alpha.weight
create_tensor: loading tensor blk.45.ssm_norm.weight
create_tensor: loading tensor blk.45.ssm_out.weight
create_tensor: loading tensor blk.45.ffn_gate_inp.weight
create_tensor: loading tensor blk.45.ffn_down_exps.weight
tensor blk.45.ffn_down_exps.weight (450 MiB iq4_nl) buffer type overridden to CUDA_Host
create_tensor: loading tensor blk.45.ffn_gate_up_exps.weight
create_tensor: loading tensor blk.45.ffn_gate_exps.weight
tensor blk.45.ffn_gate_exps.weight (343 MiB iq3_s) buffer type overridden to CUDA_Host
create_tensor: loading tensor blk.45.ffn_up_exps.weight
tensor blk.45.ffn_up_exps.weight (343 MiB iq3_s) buffer type overridden to CUDA_Host
create_tensor: loading tensor blk.45.ffn_gate_inp_shexp.weight
create_tensor: loading tensor blk.45.ffn_gate_shexp.weight
create_tensor: loading tensor blk.45.ffn_up_shexp.weight
create_tensor: loading tensor blk.45.ffn_down_shexp.weight
create_tensor: loading tensor blk.46.hc_attn_norm.weight
create_tensor: loading tensor blk.46.hc_attn_down.weight
create_tensor: loading tensor blk.46.hc_attn_up.weight
create_tensor: loading tensor blk.46.hc_attn_inject.weight
create_tensor: loading tensor blk.46.hc_ffn_norm.weight
create_tensor: loading tensor blk.46.hc_ffn_down.weight
create_tensor: loading tensor blk.46.hc_ffn_up.weight
create_tensor: loading tensor blk.46.hc_ffn_inject.weight
create_tensor: loading tensor blk.46.attn_qkv.weight
create_tensor: loading tensor blk.46.attn_gate.weight
create_tensor: loading tensor blk.46.ssm_conv1d.weight
create_tensor: loading tensor blk.46.ssm_dt.bias
create_tensor: loading tensor blk.46.ssm_a
create_tensor: loading tensor blk.46.ssm_beta.weight
create_tensor: loading tensor blk.46.ssm_alpha.weight
create_tensor: loading tensor blk.46.ssm_norm.weight
create_tensor: loading tensor blk.46.ssm_out.weight
create_tensor: loading tensor blk.46.ffn_gate_inp.weight
create_tensor: loading tensor blk.46.ffn_down_exps.weight
tensor blk.46.ffn_down_exps.weight (850 MiB q8_0) buffer type overridden to CUDA_Host
create_tensor: loading tensor blk.46.ffn_gate_up_exps.weight
create_tensor: loading tensor blk.46.ffn_gate_exps.weight
tensor blk.46.ffn_gate_exps.weight (343 MiB iq3_s) buffer type overridden to CUDA_Host
create_tensor: loading tensor blk.46.ffn_up_exps.weight
tensor blk.46.ffn_up_exps.weight (343 MiB iq3_s) buffer type overridden to CUDA_Host
create_tensor: loading tensor blk.46.ffn_gate_inp_shexp.weight
create_tensor: loading tensor blk.46.ffn_gate_shexp.weight
create_tensor: loading tensor blk.46.ffn_up_shexp.weight
create_tensor: loading tensor blk.46.ffn_down_shexp.weight
create_tensor: loading tensor blk.47.hc_attn_norm.weight
create_tensor: loading tensor blk.47.hc_attn_down.weight
create_tensor: loading tensor blk.47.hc_attn_up.weight
create_tensor: loading tensor blk.47.hc_attn_inject.weight
create_tensor: loading tensor blk.47.hc_ffn_norm.weight
create_tensor: loading tensor blk.47.hc_ffn_down.weight
create_tensor: loading tensor blk.47.hc_ffn_up.weight
create_tensor: loading tensor blk.47.hc_ffn_inject.weight
create_tensor: loading tensor blk.47.attn_qkv.weight
create_tensor: loading tensor blk.47.attn_q.weight
create_tensor: loading tensor blk.47.attn_k.weight
create_tensor: loading tensor blk.47.attn_v.weight
create_tensor: loading tensor blk.47.attn_q.bias
create_tensor: loading tensor blk.47.attn_k.bias
create_tensor: loading tensor blk.47.attn_v.bias
create_tensor: loading tensor blk.47.attn_output.weight
create_tensor: loading tensor blk.47.attn_q_norm.weight
create_tensor: loading tensor blk.47.attn_k_norm.weight
create_tensor: loading tensor blk.47.indexer.q_proj.weight
create_tensor: loading tensor blk.47.indexer.k_proj.weight
create_tensor: loading tensor blk.47.indexer.q_norm.weight
create_tensor: loading tensor blk.47.indexer.k_norm.weight
create_tensor: loading tensor blk.47.ffn_gate_inp.weight
create_tensor: loading tensor blk.47.ffn_down_exps.weight
tensor blk.47.ffn_down_exps.weight (850 MiB q8_0) buffer type overridden to CUDA_Host
create_tensor: loading tensor blk.47.ffn_gate_up_exps.weight
create_tensor: loading tensor blk.47.ffn_gate_exps.weight
tensor blk.47.ffn_gate_exps.weight (343 MiB iq3_s) buffer type overridden to CUDA_Host
create_tensor: loading tensor blk.47.ffn_up_exps.weight
tensor blk.47.ffn_up_exps.weight (343 MiB iq3_s) buffer type overridden to CUDA_Host
create_tensor: loading tensor blk.47.ffn_gate_inp_shexp.weight
create_tensor: loading tensor blk.47.ffn_gate_shexp.weight
create_tensor: loading tensor blk.47.ffn_up_shexp.weight
create_tensor: loading tensor blk.47.ffn_down_shexp.weight
create_tensor: loading tensor blk.0.attn_qkv.scale
create_tensor: loading tensor blk.0.attn_gate.scale
create_tensor: loading tensor blk.0.ffn_gate_shexp.scale
create_tensor: loading tensor blk.0.ffn_down_shexp.scale
create_tensor: loading tensor blk.0.ffn_up_shexp.scale
create_tensor: loading tensor blk.0.ffn_gate_exps.scale
create_tensor: loading tensor blk.0.ffn_down_exps.scale
create_tensor: loading tensor blk.0.ffn_up_exps.scale
create_tensor: loading tensor blk.0.ssm_out.scale
create_tensor: loading tensor blk.0.ssm_alpha.scale
create_tensor: loading tensor blk.0.ssm_beta.scale
create_tensor: loading tensor blk.0.attn_qkv.input_scale
create_tensor: loading tensor blk.0.attn_gate.input_scale
create_tensor: loading tensor blk.0.ffn_gate_exps.input_scale
create_tensor: loading tensor blk.0.ffn_down_exps.input_scale
create_tensor: loading tensor blk.0.ffn_up_exps.input_scale
create_tensor: loading tensor blk.0.ffn_gate_shexp.input_scale
create_tensor: loading tensor blk.0.ffn_down_shexp.input_scale
create_tensor: loading tensor blk.0.ffn_up_shexp.input_scale
create_tensor: loading tensor blk.0.ssm_out.input_scale
create_tensor: loading tensor blk.0.ssm_alpha.input_scale
create_tensor: loading tensor blk.0.ssm_beta.input_scale
create_tensor: loading tensor blk.1.attn_qkv.scale
create_tensor: loading tensor blk.1.attn_gate.scale
create_tensor: loading tensor blk.1.ffn_gate_shexp.scale
create_tensor: loading tensor blk.1.ffn_down_shexp.scale
create_tensor: loading tensor blk.1.ffn_up_shexp.scale
create_tensor: loading tensor blk.1.ffn_gate_exps.scale
create_tensor: loading tensor blk.1.ffn_down_exps.scale
create_tensor: loading tensor blk.1.ffn_up_exps.scale
create_tensor: loading tensor blk.1.ssm_out.scale
create_tensor: loading tensor blk.1.ssm_alpha.scale
create_tensor: loading tensor blk.1.ssm_beta.scale
create_tensor: loading tensor blk.1.attn_qkv.input_scale
create_tensor: loading tensor blk.1.attn_gate.input_scale
create_tensor: loading tensor blk.1.ffn_gate_exps.input_scale
create_tensor: loading tensor blk.1.ffn_down_exps.input_scale
create_tensor: loading tensor blk.1.ffn_up_exps.input_scale
create_tensor: loading tensor blk.1.ffn_gate_shexp.input_scale
create_tensor: loading tensor blk.1.ffn_down_shexp.input_scale
create_tensor: loading tensor blk.1.ffn_up_shexp.input_scale
create_tensor: loading tensor blk.1.ssm_out.input_scale
create_tensor: loading tensor blk.1.ssm_alpha.input_scale
create_tensor: loading tensor blk.1.ssm_beta.input_scale
create_tensor: loading tensor blk.2.attn_qkv.scale
create_tensor: loading tensor blk.2.attn_gate.scale
create_tensor: loading tensor blk.2.ffn_gate_shexp.scale
create_tensor: loading tensor blk.2.ffn_down_shexp.scale
create_tensor: loading tensor blk.2.ffn_up_shexp.scale
create_tensor: loading tensor blk.2.ffn_gate_exps.scale
create_tensor: loading tensor blk.2.ffn_down_exps.scale
create_tensor: loading tensor blk.2.ffn_up_exps.scale
create_tensor: loading tensor blk.2.ssm_out.scale
create_tensor: loading tensor blk.2.ssm_alpha.scale
create_tensor: loading tensor blk.2.ssm_beta.scale
create_tensor: loading tensor blk.2.attn_qkv.input_scale
create_tensor: loading tensor blk.2.attn_gate.input_scale
create_tensor: loading tensor blk.2.ffn_gate_exps.input_scale
create_tensor: loading tensor blk.2.ffn_down_exps.input_scale
create_tensor: loading tensor blk.2.ffn_up_exps.input_scale
create_tensor: loading tensor blk.2.ffn_gate_shexp.input_scale
create_tensor: loading tensor blk.2.ffn_down_shexp.input_scale
create_tensor: loading tensor blk.2.ffn_up_shexp.input_scale
create_tensor: loading tensor blk.2.ssm_out.input_scale
create_tensor: loading tensor blk.2.ssm_alpha.input_scale
create_tensor: loading tensor blk.2.ssm_beta.input_scale
create_tensor: loading tensor blk.3.attn_q.scale
create_tensor: loading tensor blk.3.attn_k.scale
create_tensor: loading tensor blk.3.attn_v.scale
create_tensor: loading tensor blk.3.attn_output.scale
create_tensor: loading tensor blk.3.ffn_gate_shexp.scale
create_tensor: loading tensor blk.3.ffn_down_shexp.scale
create_tensor: loading tensor blk.3.ffn_up_shexp.scale
create_tensor: loading tensor blk.3.ffn_gate_exps.scale
create_tensor: loading tensor blk.3.ffn_down_exps.scale
create_tensor: loading tensor blk.3.ffn_up_exps.scale
create_tensor: loading tensor blk.3.attn_q.input_scale
create_tensor: loading tensor blk.3.attn_k.input_scale
create_tensor: loading tensor blk.3.attn_v.input_scale
create_tensor: loading tensor blk.3.attn_output.input_scale
create_tensor: loading tensor blk.3.ffn_gate_exps.input_scale
create_tensor: loading tensor blk.3.ffn_down_exps.input_scale
create_tensor: loading tensor blk.3.ffn_up_exps.input_scale
create_tensor: loading tensor blk.3.ffn_gate_shexp.input_scale
create_tensor: loading tensor blk.3.ffn_down_shexp.input_scale
create_tensor: loading tensor blk.3.ffn_up_shexp.input_scale
create_tensor: loading tensor blk.4.attn_qkv.scale
create_tensor: loading tensor blk.4.attn_gate.scale
create_tensor: loading tensor blk.4.ffn_gate_shexp.scale
create_tensor: loading tensor blk.4.ffn_down_shexp.scale
create_tensor: loading tensor blk.4.ffn_up_shexp.scale
create_tensor: loading tensor blk.4.ffn_gate_exps.scale
create_tensor: loading tensor blk.4.ffn_down_exps.scale
create_tensor: loading tensor blk.4.ffn_up_exps.scale
create_tensor: loading tensor blk.4.ssm_out.scale
create_tensor: loading tensor blk.4.ssm_alpha.scale
create_tensor: loading tensor blk.4.ssm_beta.scale
create_tensor: loading tensor blk.4.attn_qkv.input_scale
create_tensor: loading tensor blk.4.attn_gate.input_scale
create_tensor: loading tensor blk.4.ffn_gate_exps.input_scale
create_tensor: loading tensor blk.4.ffn_down_exps.input_scale
create_tensor: loading tensor blk.4.ffn_up_exps.input_scale
create_tensor: loading tensor blk.4.ffn_gate_shexp.input_scale
create_tensor: loading tensor blk.4.ffn_down_shexp.input_scale
create_tensor: loading tensor blk.4.ffn_up_shexp.input_scale
create_tensor: loading tensor blk.4.ssm_out.input_scale
create_tensor: loading tensor blk.4.ssm_alpha.input_scale
create_tensor: loading tensor blk.4.ssm_beta.input_scale
create_tensor: loading tensor blk.5.attn_qkv.scale
create_tensor: loading tensor blk.5.attn_gate.scale
create_tensor: loading tensor blk.5.ffn_gate_shexp.scale
create_tensor: loading tensor blk.5.ffn_down_shexp.scale
create_tensor: loading tensor blk.5.ffn_up_shexp.scale
create_tensor: loading tensor blk.5.ffn_gate_exps.scale
create_tensor: loading tensor blk.5.ffn_down_exps.scale
create_tensor: loading tensor blk.5.ffn_up_exps.scale
create_tensor: loading tensor blk.5.ssm_out.scale
create_tensor: loading tensor blk.5.ssm_alpha.scale
create_tensor: loading tensor blk.5.ssm_beta.scale
create_tensor: loading tensor blk.5.attn_qkv.input_scale
create_tensor: loading tensor blk.5.attn_gate.input_scale
create_tensor: loading tensor blk.5.ffn_gate_exps.input_scale
create_tensor: loading tensor blk.5.ffn_down_exps.input_scale
create_tensor: loading tensor blk.5.ffn_up_exps.input_scale
create_tensor: loading tensor blk.5.ffn_gate_shexp.input_scale
create_tensor: loading tensor blk.5.ffn_down_shexp.input_scale
create_tensor: loading tensor blk.5.ffn_up_shexp.input_scale
create_tensor: loading tensor blk.5.ssm_out.input_scale
create_tensor: loading tensor blk.5.ssm_alpha.input_scale
create_tensor: loading tensor blk.5.ssm_beta.input_scale
create_tensor: loading tensor blk.6.attn_qkv.scale
create_tensor: loading tensor blk.6.attn_gate.scale
create_tensor: loading tensor blk.6.ffn_gate_shexp.scale
create_tensor: loading tensor blk.6.ffn_down_shexp.scale
create_tensor: loading tensor blk.6.ffn_up_shexp.scale
create_tensor: loading tensor blk.6.ffn_gate_exps.scale
create_tensor: loading tensor blk.6.ffn_down_exps.scale
create_tensor: loading tensor blk.6.ffn_up_exps.scale
create_tensor: loading tensor blk.6.ssm_out.scale
create_tensor: loading tensor blk.6.ssm_alpha.scale
create_tensor: loading tensor blk.6.ssm_beta.scale
create_tensor: loading tensor blk.6.attn_qkv.input_scale
create_tensor: loading tensor blk.6.attn_gate.input_scale
create_tensor: loading tensor blk.6.ffn_gate_exps.input_scale
create_tensor: loading tensor blk.6.ffn_down_exps.input_scale
create_tensor: loading tensor blk.6.ffn_up_exps.input_scale
create_tensor: loading tensor blk.6.ffn_gate_shexp.input_scale
create_tensor: loading tensor blk.6.ffn_down_shexp.input_scale
create_tensor: loading tensor blk.6.ffn_up_shexp.input_scale
create_tensor: loading tensor blk.6.ssm_out.input_scale
create_tensor: loading tensor blk.6.ssm_alpha.input_scale
create_tensor: loading tensor blk.6.ssm_beta.input_scale
create_tensor: loading tensor blk.7.attn_q.scale
create_tensor: loading tensor blk.7.attn_k.scale
create_tensor: loading tensor blk.7.attn_v.scale
create_tensor: loading tensor blk.7.attn_output.scale
create_tensor: loading tensor blk.7.ffn_gate_shexp.scale
create_tensor: loading tensor blk.7.ffn_down_shexp.scale
create_tensor: loading tensor blk.7.ffn_up_shexp.scale
create_tensor: loading tensor blk.7.ffn_gate_exps.scale
create_tensor: loading tensor blk.7.ffn_down_exps.scale
create_tensor: loading tensor blk.7.ffn_up_exps.scale
create_tensor: loading tensor blk.7.attn_q.input_scale
create_tensor: loading tensor blk.7.attn_k.input_scale
create_tensor: loading tensor blk.7.attn_v.input_scale
create_tensor: loading tensor blk.7.attn_output.input_scale
create_tensor: loading tensor blk.7.ffn_gate_exps.input_scale
create_tensor: loading tensor blk.7.ffn_down_exps.input_scale
create_tensor: loading tensor blk.7.ffn_up_exps.input_scale
create_tensor: loading tensor blk.7.ffn_gate_shexp.input_scale
create_tensor: loading tensor blk.7.ffn_down_shexp.input_scale
create_tensor: loading tensor blk.7.ffn_up_shexp.input_scale
create_tensor: loading tensor blk.8.attn_qkv.scale
create_tensor: loading tensor blk.8.attn_gate.scale
create_tensor: loading tensor blk.8.ffn_gate_shexp.scale
create_tensor: loading tensor blk.8.ffn_down_shexp.scale
create_tensor: loading tensor blk.8.ffn_up_shexp.scale
create_tensor: loading tensor blk.8.ffn_gate_exps.scale
create_tensor: loading tensor blk.8.ffn_down_exps.scale
create_tensor: loading tensor blk.8.ffn_up_exps.scale
create_tensor: loading tensor blk.8.ssm_out.scale
create_tensor: loading tensor blk.8.ssm_alpha.scale
create_tensor: loading tensor blk.8.ssm_beta.scale
create_tensor: loading tensor blk.8.attn_qkv.input_scale
create_tensor: loading tensor blk.8.attn_gate.input_scale
create_tensor: loading tensor blk.8.ffn_gate_exps.input_scale
create_tensor: loading tensor blk.8.ffn_down_exps.input_scale
create_tensor: loading tensor blk.8.ffn_up_exps.input_scale
create_tensor: loading tensor blk.8.ffn_gate_shexp.input_scale
create_tensor: loading tensor blk.8.ffn_down_shexp.input_scale
create_tensor: loading tensor blk.8.ffn_up_shexp.input_scale
create_tensor: loading tensor blk.8.ssm_out.input_scale
create_tensor: loading tensor blk.8.ssm_alpha.input_scale
create_tensor: loading tensor blk.8.ssm_beta.input_scale
create_tensor: loading tensor blk.9.attn_qkv.scale
create_tensor: loading tensor blk.9.attn_gate.scale
create_tensor: loading tensor blk.9.ffn_gate_shexp.scale
create_tensor: loading tensor blk.9.ffn_down_shexp.scale
create_tensor: loading tensor blk.9.ffn_up_shexp.scale
create_tensor: loading tensor blk.9.ffn_gate_exps.scale
create_tensor: loading tensor blk.9.ffn_down_exps.scale
create_tensor: loading tensor blk.9.ffn_up_exps.scale
create_tensor: loading tensor blk.9.ssm_out.scale
create_tensor: loading tensor blk.9.ssm_alpha.scale
create_tensor: loading tensor blk.9.ssm_beta.scale
create_tensor: loading tensor blk.9.attn_qkv.input_scale
create_tensor: loading tensor blk.9.attn_gate.input_scale
create_tensor: loading tensor blk.9.ffn_gate_exps.input_scale
create_tensor: loading tensor blk.9.ffn_down_exps.input_scale
create_tensor: loading tensor blk.9.ffn_up_exps.input_scale
create_tensor: loading tensor blk.9.ffn_gate_shexp.input_scale
create_tensor: loading tensor blk.9.ffn_down_shexp.input_scale
create_tensor: loading tensor blk.9.ffn_up_shexp.input_scale
create_tensor: loading tensor blk.9.ssm_out.input_scale
create_tensor: loading tensor blk.9.ssm_alpha.input_scale
create_tensor: loading tensor blk.9.ssm_beta.input_scale
create_tensor: loading tensor blk.10.attn_qkv.scale
create_tensor: loading tensor blk.10.attn_gate.scale
create_tensor: loading tensor blk.10.ffn_gate_shexp.scale
create_tensor: loading tensor blk.10.ffn_down_shexp.scale
create_tensor: loading tensor blk.10.ffn_up_shexp.scale
create_tensor: loading tensor blk.10.ffn_gate_exps.scale
create_tensor: loading tensor blk.10.ffn_down_exps.scale
create_tensor: loading tensor blk.10.ffn_up_exps.scale
create_tensor: loading tensor blk.10.ssm_out.scale
create_tensor: loading tensor blk.10.ssm_alpha.scale
create_tensor: loading tensor blk.10.ssm_beta.scale
create_tensor: loading tensor blk.10.attn_qkv.input_scale
create_tensor: loading tensor blk.10.attn_gate.input_scale
create_tensor: loading tensor blk.10.ffn_gate_exps.input_scale
create_tensor: loading tensor blk.10.ffn_down_exps.input_scale
create_tensor: loading tensor blk.10.ffn_up_exps.input_scale
create_tensor: loading tensor blk.10.ffn_gate_shexp.input_scale
create_tensor: loading tensor blk.10.ffn_down_shexp.input_scale
create_tensor: loading tensor blk.10.ffn_up_shexp.input_scale
create_tensor: loading tensor blk.10.ssm_out.input_scale
create_tensor: loading tensor blk.10.ssm_alpha.input_scale
create_tensor: loading tensor blk.10.ssm_beta.input_scale
create_tensor: loading tensor blk.11.attn_q.scale
create_tensor: loading tensor blk.11.attn_k.scale
create_tensor: loading tensor blk.11.attn_v.scale
create_tensor: loading tensor blk.11.attn_output.scale
create_tensor: loading tensor blk.11.ffn_gate_shexp.scale
create_tensor: loading tensor blk.11.ffn_down_shexp.scale
create_tensor: loading tensor blk.11.ffn_up_shexp.scale
create_tensor: loading tensor blk.11.ffn_gate_exps.scale
create_tensor: loading tensor blk.11.ffn_down_exps.scale
create_tensor: loading tensor blk.11.ffn_up_exps.scale
create_tensor: loading tensor blk.11.attn_q.input_scale
create_tensor: loading tensor blk.11.attn_k.input_scale
create_tensor: loading tensor blk.11.attn_v.input_scale
create_tensor: loading tensor blk.11.attn_output.input_scale
create_tensor: loading tensor blk.11.ffn_gate_exps.input_scale
create_tensor: loading tensor blk.11.ffn_down_exps.input_scale
create_tensor: loading tensor blk.11.ffn_up_exps.input_scale
create_tensor: loading tensor blk.11.ffn_gate_shexp.input_scale
create_tensor: loading tensor blk.11.ffn_down_shexp.input_scale
create_tensor: loading tensor blk.11.ffn_up_shexp.input_scale
create_tensor: loading tensor blk.12.attn_qkv.scale
create_tensor: loading tensor blk.12.attn_gate.scale
create_tensor: loading tensor blk.12.ffn_gate_shexp.scale
create_tensor: loading tensor blk.12.ffn_down_shexp.scale
create_tensor: loading tensor blk.12.ffn_up_shexp.scale
create_tensor: loading tensor blk.12.ffn_gate_exps.scale
create_tensor: loading tensor blk.12.ffn_down_exps.scale
create_tensor: loading tensor blk.12.ffn_up_exps.scale
create_tensor: loading tensor blk.12.ssm_out.scale
create_tensor: loading tensor blk.12.ssm_alpha.scale
create_tensor: loading tensor blk.12.ssm_beta.scale
create_tensor: loading tensor blk.12.attn_qkv.input_scale
create_tensor: loading tensor blk.12.attn_gate.input_scale
create_tensor: loading tensor blk.12.ffn_gate_exps.input_scale
create_tensor: loading tensor blk.12.ffn_down_exps.input_scale
create_tensor: loading tensor blk.12.ffn_up_exps.input_scale
create_tensor: loading tensor blk.12.ffn_gate_shexp.input_scale
create_tensor: loading tensor blk.12.ffn_down_shexp.input_scale
create_tensor: loading tensor blk.12.ffn_up_shexp.input_scale
create_tensor: loading tensor blk.12.ssm_out.input_scale
create_tensor: loading tensor blk.12.ssm_alpha.input_scale
create_tensor: loading tensor blk.12.ssm_beta.input_scale
create_tensor: loading tensor blk.13.attn_qkv.scale
create_tensor: loading tensor blk.13.attn_gate.scale
create_tensor: loading tensor blk.13.ffn_gate_shexp.scale
create_tensor: loading tensor blk.13.ffn_down_shexp.scale
create_tensor: loading tensor blk.13.ffn_up_shexp.scale
create_tensor: loading tensor blk.13.ffn_gate_exps.scale
create_tensor: loading tensor blk.13.ffn_down_exps.scale
create_tensor: loading tensor blk.13.ffn_up_exps.scale
create_tensor: loading tensor blk.13.ssm_out.scale
create_tensor: loading tensor blk.13.ssm_alpha.scale
create_tensor: loading tensor blk.13.ssm_beta.scale
create_tensor: loading tensor blk.13.attn_qkv.input_scale
create_tensor: loading tensor blk.13.attn_gate.input_scale
create_tensor: loading tensor blk.13.ffn_gate_exps.input_scale
create_tensor: loading tensor blk.13.ffn_down_exps.input_scale
create_tensor: loading tensor blk.13.ffn_up_exps.input_scale
create_tensor: loading tensor blk.13.ffn_gate_shexp.input_scale
create_tensor: loading tensor blk.13.ffn_down_shexp.input_scale
create_tensor: loading tensor blk.13.ffn_up_shexp.input_scale
create_tensor: loading tensor blk.13.ssm_out.input_scale
create_tensor: loading tensor blk.13.ssm_alpha.input_scale
create_tensor: loading tensor blk.13.ssm_beta.input_scale
create_tensor: loading tensor blk.14.attn_qkv.scale
create_tensor: loading tensor blk.14.attn_gate.scale
create_tensor: loading tensor blk.14.ffn_gate_shexp.scale
create_tensor: loading tensor blk.14.ffn_down_shexp.scale
create_tensor: loading tensor blk.14.ffn_up_shexp.scale
create_tensor: loading tensor blk.14.ffn_gate_exps.scale
create_tensor: loading tensor blk.14.ffn_down_exps.scale
create_tensor: loading tensor blk.14.ffn_up_exps.scale
create_tensor: loading tensor blk.14.ssm_out.scale
create_tensor: loading tensor blk.14.ssm_alpha.scale
create_tensor: loading tensor blk.14.ssm_beta.scale
create_tensor: loading tensor blk.14.attn_qkv.input_scale
create_tensor: loading tensor blk.14.attn_gate.input_scale
create_tensor: loading tensor blk.14.ffn_gate_exps.input_scale
create_tensor: loading tensor blk.14.ffn_down_exps.input_scale
create_tensor: loading tensor blk.14.ffn_up_exps.input_scale
create_tensor: loading tensor blk.14.ffn_gate_shexp.input_scale
create_tensor: loading tensor blk.14.ffn_down_shexp.input_scale
create_tensor: loading tensor blk.14.ffn_up_shexp.input_scale
create_tensor: loading tensor blk.14.ssm_out.input_scale
create_tensor: loading tensor blk.14.ssm_alpha.input_scale
create_tensor: loading tensor blk.14.ssm_beta.input_scale
create_tensor: loading tensor blk.15.attn_q.scale
create_tensor: loading tensor blk.15.attn_k.scale
create_tensor: loading tensor blk.15.attn_v.scale
create_tensor: loading tensor blk.15.attn_output.scale
create_tensor: loading tensor blk.15.ffn_gate_shexp.scale
create_tensor: loading tensor blk.15.ffn_down_shexp.scale
create_tensor: loading tensor blk.15.ffn_up_shexp.scale
create_tensor: loading tensor blk.15.ffn_gate_exps.scale
create_tensor: loading tensor blk.15.ffn_down_exps.scale
create_tensor: loading tensor blk.15.ffn_up_exps.scale
create_tensor: loading tensor blk.15.attn_q.input_scale
create_tensor: loading tensor blk.15.attn_k.input_scale
create_tensor: loading tensor blk.15.attn_v.input_scale
create_tensor: loading tensor blk.15.attn_output.input_scale
create_tensor: loading tensor blk.15.ffn_gate_exps.input_scale
create_tensor: loading tensor blk.15.ffn_down_exps.input_scale
create_tensor: loading tensor blk.15.ffn_up_exps.input_scale
create_tensor: loading tensor blk.15.ffn_gate_shexp.input_scale
create_tensor: loading tensor blk.15.ffn_down_shexp.input_scale
create_tensor: loading tensor blk.15.ffn_up_shexp.input_scale
create_tensor: loading tensor blk.16.attn_qkv.scale
create_tensor: loading tensor blk.16.attn_gate.scale
create_tensor: loading tensor blk.16.ffn_gate_shexp.scale
create_tensor: loading tensor blk.16.ffn_down_shexp.scale
create_tensor: loading tensor blk.16.ffn_up_shexp.scale
create_tensor: loading tensor blk.16.ffn_gate_exps.scale
create_tensor: loading tensor blk.16.ffn_down_exps.scale
create_tensor: loading tensor blk.16.ffn_up_exps.scale
create_tensor: loading tensor blk.16.ssm_out.scale
create_tensor: loading tensor blk.16.ssm_alpha.scale
create_tensor: loading tensor blk.16.ssm_beta.scale
create_tensor: loading tensor blk.16.attn_qkv.input_scale
create_tensor: loading tensor blk.16.attn_gate.input_scale
create_tensor: loading tensor blk.16.ffn_gate_exps.input_scale
create_tensor: loading tensor blk.16.ffn_down_exps.input_scale
create_tensor: loading tensor blk.16.ffn_up_exps.input_scale
create_tensor: loading tensor blk.16.ffn_gate_shexp.input_scale
create_tensor: loading tensor blk.16.ffn_down_shexp.input_scale
create_tensor: loading tensor blk.16.ffn_up_shexp.input_scale
create_tensor: loading tensor blk.16.ssm_out.input_scale
create_tensor: loading tensor blk.16.ssm_alpha.input_scale
create_tensor: loading tensor blk.16.ssm_beta.input_scale
create_tensor: loading tensor blk.17.attn_qkv.scale
create_tensor: loading tensor blk.17.attn_gate.scale
create_tensor: loading tensor blk.17.ffn_gate_shexp.scale
create_tensor: loading tensor blk.17.ffn_down_shexp.scale
create_tensor: loading tensor blk.17.ffn_up_shexp.scale
create_tensor: loading tensor blk.17.ffn_gate_exps.scale
create_tensor: loading tensor blk.17.ffn_down_exps.scale
create_tensor: loading tensor blk.17.ffn_up_exps.scale
create_tensor: loading tensor blk.17.ssm_out.scale
create_tensor: loading tensor blk.17.ssm_alpha.scale
create_tensor: loading tensor blk.17.ssm_beta.scale
create_tensor: loading tensor blk.17.attn_qkv.input_scale
create_tensor: loading tensor blk.17.attn_gate.input_scale
create_tensor: loading tensor blk.17.ffn_gate_exps.input_scale
create_tensor: loading tensor blk.17.ffn_down_exps.input_scale
create_tensor: loading tensor blk.17.ffn_up_exps.input_scale
create_tensor: loading tensor blk.17.ffn_gate_shexp.input_scale
create_tensor: loading tensor blk.17.ffn_down_shexp.input_scale
create_tensor: loading tensor blk.17.ffn_up_shexp.input_scale
create_tensor: loading tensor blk.17.ssm_out.input_scale
create_tensor: loading tensor blk.17.ssm_alpha.input_scale
create_tensor: loading tensor blk.17.ssm_beta.input_scale
create_tensor: loading tensor blk.18.attn_qkv.scale
create_tensor: loading tensor blk.18.attn_gate.scale
create_tensor: loading tensor blk.18.ffn_gate_shexp.scale
create_tensor: loading tensor blk.18.ffn_down_shexp.scale
create_tensor: loading tensor blk.18.ffn_up_shexp.scale
create_tensor: loading tensor blk.18.ffn_gate_exps.scale
create_tensor: loading tensor blk.18.ffn_down_exps.scale
create_tensor: loading tensor blk.18.ffn_up_exps.scale
create_tensor: loading tensor blk.18.ssm_out.scale
create_tensor: loading tensor blk.18.ssm_alpha.scale
create_tensor: loading tensor blk.18.ssm_beta.scale
create_tensor: loading tensor blk.18.attn_qkv.input_scale
create_tensor: loading tensor blk.18.attn_gate.input_scale
create_tensor: loading tensor blk.18.ffn_gate_exps.input_scale
create_tensor: loading tensor blk.18.ffn_down_exps.input_scale
create_tensor: loading tensor blk.18.ffn_up_exps.input_scale
create_tensor: loading tensor blk.18.ffn_gate_shexp.input_scale
create_tensor: loading tensor blk.18.ffn_down_shexp.input_scale
create_tensor: loading tensor blk.18.ffn_up_shexp.input_scale
create_tensor: loading tensor blk.18.ssm_out.input_scale
create_tensor: loading tensor blk.18.ssm_alpha.input_scale
create_tensor: loading tensor blk.18.ssm_beta.input_scale
create_tensor: loading tensor blk.19.attn_q.scale
create_tensor: loading tensor blk.19.attn_k.scale
create_tensor: loading tensor blk.19.attn_v.scale
create_tensor: loading tensor blk.19.attn_output.scale
create_tensor: loading tensor blk.19.ffn_gate_shexp.scale
create_tensor: loading tensor blk.19.ffn_down_shexp.scale
create_tensor: loading tensor blk.19.ffn_up_shexp.scale
create_tensor: loading tensor blk.19.ffn_gate_exps.scale
create_tensor: loading tensor blk.19.ffn_down_exps.scale
create_tensor: loading tensor blk.19.ffn_up_exps.scale
create_tensor: loading tensor blk.19.attn_q.input_scale
create_tensor: loading tensor blk.19.attn_k.input_scale
create_tensor: loading tensor blk.19.attn_v.input_scale
create_tensor: loading tensor blk.19.attn_output.input_scale
create_tensor: loading tensor blk.19.ffn_gate_exps.input_scale
create_tensor: loading tensor blk.19.ffn_down_exps.input_scale
create_tensor: loading tensor blk.19.ffn_up_exps.input_scale
create_tensor: loading tensor blk.19.ffn_gate_shexp.input_scale
create_tensor: loading tensor blk.19.ffn_down_shexp.input_scale
create_tensor: loading tensor blk.19.ffn_up_shexp.input_scale
create_tensor: loading tensor blk.20.attn_qkv.scale
create_tensor: loading tensor blk.20.attn_gate.scale
create_tensor: loading tensor blk.20.ffn_gate_shexp.scale
create_tensor: loading tensor blk.20.ffn_down_shexp.scale
create_tensor: loading tensor blk.20.ffn_up_shexp.scale
create_tensor: loading tensor blk.20.ffn_gate_exps.scale
create_tensor: loading tensor blk.20.ffn_down_exps.scale
create_tensor: loading tensor blk.20.ffn_up_exps.scale
create_tensor: loading tensor blk.20.ssm_out.scale
create_tensor: loading tensor blk.20.ssm_alpha.scale
create_tensor: loading tensor blk.20.ssm_beta.scale
create_tensor: loading tensor blk.20.attn_qkv.input_scale
create_tensor: loading tensor blk.20.attn_gate.input_scale
create_tensor: loading tensor blk.20.ffn_gate_exps.input_scale
create_tensor: loading tensor blk.20.ffn_down_exps.input_scale
create_tensor: loading tensor blk.20.ffn_up_exps.input_scale
create_tensor: loading tensor blk.20.ffn_gate_shexp.input_scale
create_tensor: loading tensor blk.20.ffn_down_shexp.input_scale
create_tensor: loading tensor blk.20.ffn_up_shexp.input_scale
create_tensor: loading tensor blk.20.ssm_out.input_scale
create_tensor: loading tensor blk.20.ssm_alpha.input_scale
create_tensor: loading tensor blk.20.ssm_beta.input_scale
create_tensor: loading tensor blk.21.attn_qkv.scale
create_tensor: loading tensor blk.21.attn_gate.scale
create_tensor: loading tensor blk.21.ffn_gate_shexp.scale
create_tensor: loading tensor blk.21.ffn_down_shexp.scale
create_tensor: loading tensor blk.21.ffn_up_shexp.scale
create_tensor: loading tensor blk.21.ffn_gate_exps.scale
create_tensor: loading tensor blk.21.ffn_down_exps.scale
create_tensor: loading tensor blk.21.ffn_up_exps.scale
create_tensor: loading tensor blk.21.ssm_out.scale
create_tensor: loading tensor blk.21.ssm_alpha.scale
create_tensor: loading tensor blk.21.ssm_beta.scale
create_tensor: loading tensor blk.21.attn_qkv.input_scale
create_tensor: loading tensor blk.21.attn_gate.input_scale
create_tensor: loading tensor blk.21.ffn_gate_exps.input_scale
create_tensor: loading tensor blk.21.ffn_down_exps.input_scale
create_tensor: loading tensor blk.21.ffn_up_exps.input_scale
create_tensor: loading tensor blk.21.ffn_gate_shexp.input_scale
create_tensor: loading tensor blk.21.ffn_down_shexp.input_scale
create_tensor: loading tensor blk.21.ffn_up_shexp.input_scale
create_tensor: loading tensor blk.21.ssm_out.input_scale
create_tensor: loading tensor blk.21.ssm_alpha.input_scale
create_tensor: loading tensor blk.21.ssm_beta.input_scale
create_tensor: loading tensor blk.22.attn_qkv.scale
create_tensor: loading tensor blk.22.attn_gate.scale
create_tensor: loading tensor blk.22.ffn_gate_shexp.scale
create_tensor: loading tensor blk.22.ffn_down_shexp.scale
create_tensor: loading tensor blk.22.ffn_up_shexp.scale
create_tensor: loading tensor blk.22.ffn_gate_exps.scale
create_tensor: loading tensor blk.22.ffn_down_exps.scale
create_tensor: loading tensor blk.22.ffn_up_exps.scale
create_tensor: loading tensor blk.22.ssm_out.scale
create_tensor: loading tensor blk.22.ssm_alpha.scale
create_tensor: loading tensor blk.22.ssm_beta.scale
create_tensor: loading tensor blk.22.attn_qkv.input_scale
create_tensor: loading tensor blk.22.attn_gate.input_scale
create_tensor: loading tensor blk.22.ffn_gate_exps.input_scale
create_tensor: loading tensor blk.22.ffn_down_exps.input_scale
create_tensor: loading tensor blk.22.ffn_up_exps.input_scale
create_tensor: loading tensor blk.22.ffn_gate_shexp.input_scale
create_tensor: loading tensor blk.22.ffn_down_shexp.input_scale
create_tensor: loading tensor blk.22.ffn_up_shexp.input_scale
create_tensor: loading tensor blk.22.ssm_out.input_scale
create_tensor: loading tensor blk.22.ssm_alpha.input_scale
create_tensor: loading tensor blk.22.ssm_beta.input_scale
create_tensor: loading tensor blk.23.attn_q.scale
create_tensor: loading tensor blk.23.attn_k.scale
create_tensor: loading tensor blk.23.attn_v.scale
create_tensor: loading tensor blk.23.attn_output.scale
create_tensor: loading tensor blk.23.ffn_gate_shexp.scale
create_tensor: loading tensor blk.23.ffn_down_shexp.scale
create_tensor: loading tensor blk.23.ffn_up_shexp.scale
create_tensor: loading tensor blk.23.ffn_gate_exps.scale
create_tensor: loading tensor blk.23.ffn_down_exps.scale
create_tensor: loading tensor blk.23.ffn_up_exps.scale
create_tensor: loading tensor blk.23.attn_q.input_scale
create_tensor: loading tensor blk.23.attn_k.input_scale
create_tensor: loading tensor blk.23.attn_v.input_scale
create_tensor: loading tensor blk.23.attn_output.input_scale
create_tensor: loading tensor blk.23.ffn_gate_exps.input_scale
create_tensor: loading tensor blk.23.ffn_down_exps.input_scale
create_tensor: loading tensor blk.23.ffn_up_exps.input_scale
create_tensor: loading tensor blk.23.ffn_gate_shexp.input_scale
create_tensor: loading tensor blk.23.ffn_down_shexp.input_scale
create_tensor: loading tensor blk.23.ffn_up_shexp.input_scale
create_tensor: loading tensor blk.24.attn_qkv.scale
create_tensor: loading tensor blk.24.attn_gate.scale
create_tensor: loading tensor blk.24.ffn_gate_shexp.scale
create_tensor: loading tensor blk.24.ffn_down_shexp.scale
create_tensor: loading tensor blk.24.ffn_up_shexp.scale
create_tensor: loading tensor blk.24.ffn_gate_exps.scale
create_tensor: loading tensor blk.24.ffn_down_exps.scale
create_tensor: loading tensor blk.24.ffn_up_exps.scale
create_tensor: loading tensor blk.24.ssm_out.scale
create_tensor: loading tensor blk.24.ssm_alpha.scale
create_tensor: loading tensor blk.24.ssm_beta.scale
create_tensor: loading tensor blk.24.attn_qkv.input_scale
create_tensor: loading tensor blk.24.attn_gate.input_scale
create_tensor: loading tensor blk.24.ffn_gate_exps.input_scale
create_tensor: loading tensor blk.24.ffn_down_exps.input_scale
create_tensor: loading tensor blk.24.ffn_up_exps.input_scale
create_tensor: loading tensor blk.24.ffn_gate_shexp.input_scale
create_tensor: loading tensor blk.24.ffn_down_shexp.input_scale
create_tensor: loading tensor blk.24.ffn_up_shexp.input_scale
create_tensor: loading tensor blk.24.ssm_out.input_scale
create_tensor: loading tensor blk.24.ssm_alpha.input_scale
create_tensor: loading tensor blk.24.ssm_beta.input_scale
create_tensor: loading tensor blk.25.attn_qkv.scale
create_tensor: loading tensor blk.25.attn_gate.scale
create_tensor: loading tensor blk.25.ffn_gate_shexp.scale
create_tensor: loading tensor blk.25.ffn_down_shexp.scale
create_tensor: loading tensor blk.25.ffn_up_shexp.scale
create_tensor: loading tensor blk.25.ffn_gate_exps.scale
create_tensor: loading tensor blk.25.ffn_down_exps.scale
create_tensor: loading tensor blk.25.ffn_up_exps.scale
create_tensor: loading tensor blk.25.ssm_out.scale
create_tensor: loading tensor blk.25.ssm_alpha.scale
create_tensor: loading tensor blk.25.ssm_beta.scale
create_tensor: loading tensor blk.25.attn_qkv.input_scale
create_tensor: loading tensor blk.25.attn_gate.input_scale
create_tensor: loading tensor blk.25.ffn_gate_exps.input_scale
create_tensor: loading tensor blk.25.ffn_down_exps.input_scale
create_tensor: loading tensor blk.25.ffn_up_exps.input_scale
create_tensor: loading tensor blk.25.ffn_gate_shexp.input_scale
create_tensor: loading tensor blk.25.ffn_down_shexp.input_scale
create_tensor: loading tensor blk.25.ffn_up_shexp.input_scale
create_tensor: loading tensor blk.25.ssm_out.input_scale
create_tensor: loading tensor blk.25.ssm_alpha.input_scale
create_tensor: loading tensor blk.25.ssm_beta.input_scale
create_tensor: loading tensor blk.26.attn_qkv.scale
create_tensor: loading tensor blk.26.attn_gate.scale
create_tensor: loading tensor blk.26.ffn_gate_shexp.scale
create_tensor: loading tensor blk.26.ffn_down_shexp.scale
create_tensor: loading tensor blk.26.ffn_up_shexp.scale
create_tensor: loading tensor blk.26.ffn_gate_exps.scale
create_tensor: loading tensor blk.26.ffn_down_exps.scale
create_tensor: loading tensor blk.26.ffn_up_exps.scale
create_tensor: loading tensor blk.26.ssm_out.scale
create_tensor: loading tensor blk.26.ssm_alpha.scale
create_tensor: loading tensor blk.26.ssm_beta.scale
create_tensor: loading tensor blk.26.attn_qkv.input_scale
create_tensor: loading tensor blk.26.attn_gate.input_scale
create_tensor: loading tensor blk.26.ffn_gate_exps.input_scale
create_tensor: loading tensor blk.26.ffn_down_exps.input_scale
create_tensor: loading tensor blk.26.ffn_up_exps.input_scale
create_tensor: loading tensor blk.26.ffn_gate_shexp.input_scale
create_tensor: loading tensor blk.26.ffn_down_shexp.input_scale
create_tensor: loading tensor blk.26.ffn_up_shexp.input_scale
create_tensor: loading tensor blk.26.ssm_out.input_scale
create_tensor: loading tensor blk.26.ssm_alpha.input_scale
create_tensor: loading tensor blk.26.ssm_beta.input_scale
create_tensor: loading tensor blk.27.attn_q.scale
create_tensor: loading tensor blk.27.attn_k.scale
create_tensor: loading tensor blk.27.attn_v.scale
create_tensor: loading tensor blk.27.attn_output.scale
create_tensor: loading tensor blk.27.ffn_gate_shexp.scale
create_tensor: loading tensor blk.27.ffn_down_shexp.scale
create_tensor: loading tensor blk.27.ffn_up_shexp.scale
create_tensor: loading tensor blk.27.ffn_gate_exps.scale
create_tensor: loading tensor blk.27.ffn_down_exps.scale
create_tensor: loading tensor blk.27.ffn_up_exps.scale
create_tensor: loading tensor blk.27.attn_q.input_scale
create_tensor: loading tensor blk.27.attn_k.input_scale
create_tensor: loading tensor blk.27.attn_v.input_scale
create_tensor: loading tensor blk.27.attn_output.input_scale
create_tensor: loading tensor blk.27.ffn_gate_exps.input_scale
create_tensor: loading tensor blk.27.ffn_down_exps.input_scale
create_tensor: loading tensor blk.27.ffn_up_exps.input_scale
create_tensor: loading tensor blk.27.ffn_gate_shexp.input_scale
create_tensor: loading tensor blk.27.ffn_down_shexp.input_scale
create_tensor: loading tensor blk.27.ffn_up_shexp.input_scale
create_tensor: loading tensor blk.28.attn_qkv.scale
create_tensor: loading tensor blk.28.attn_gate.scale
create_tensor: loading tensor blk.28.ffn_gate_shexp.scale
create_tensor: loading tensor blk.28.ffn_down_shexp.scale
create_tensor: loading tensor blk.28.ffn_up_shexp.scale
create_tensor: loading tensor blk.28.ffn_gate_exps.scale
create_tensor: loading tensor blk.28.ffn_down_exps.scale
create_tensor: loading tensor blk.28.ffn_up_exps.scale
create_tensor: loading tensor blk.28.ssm_out.scale
create_tensor: loading tensor blk.28.ssm_alpha.scale
create_tensor: loading tensor blk.28.ssm_beta.scale
create_tensor: loading tensor blk.28.attn_qkv.input_scale
create_tensor: loading tensor blk.28.attn_gate.input_scale
create_tensor: loading tensor blk.28.ffn_gate_exps.input_scale
create_tensor: loading tensor blk.28.ffn_down_exps.input_scale
create_tensor: loading tensor blk.28.ffn_up_exps.input_scale
create_tensor: loading tensor blk.28.ffn_gate_shexp.input_scale
create_tensor: loading tensor blk.28.ffn_down_shexp.input_scale
create_tensor: loading tensor blk.28.ffn_up_shexp.input_scale
create_tensor: loading tensor blk.28.ssm_out.input_scale
create_tensor: loading tensor blk.28.ssm_alpha.input_scale
create_tensor: loading tensor blk.28.ssm_beta.input_scale
create_tensor: loading tensor blk.29.attn_qkv.scale
create_tensor: loading tensor blk.29.attn_gate.scale
create_tensor: loading tensor blk.29.ffn_gate_shexp.scale
create_tensor: loading tensor blk.29.ffn_down_shexp.scale
create_tensor: loading tensor blk.29.ffn_up_shexp.scale
create_tensor: loading tensor blk.29.ffn_gate_exps.scale
create_tensor: loading tensor blk.29.ffn_down_exps.scale
create_tensor: loading tensor blk.29.ffn_up_exps.scale
create_tensor: loading tensor blk.29.ssm_out.scale
create_tensor: loading tensor blk.29.ssm_alpha.scale
create_tensor: loading tensor blk.29.ssm_beta.scale
create_tensor: loading tensor blk.29.attn_qkv.input_scale
create_tensor: loading tensor blk.29.attn_gate.input_scale
create_tensor: loading tensor blk.29.ffn_gate_exps.input_scale
create_tensor: loading tensor blk.29.ffn_down_exps.input_scale
create_tensor: loading tensor blk.29.ffn_up_exps.input_scale
create_tensor: loading tensor blk.29.ffn_gate_shexp.input_scale
create_tensor: loading tensor blk.29.ffn_down_shexp.input_scale
create_tensor: loading tensor blk.29.ffn_up_shexp.input_scale
create_tensor: loading tensor blk.29.ssm_out.input_scale
create_tensor: loading tensor blk.29.ssm_alpha.input_scale
create_tensor: loading tensor blk.29.ssm_beta.input_scale
create_tensor: loading tensor blk.30.attn_qkv.scale
create_tensor: loading tensor blk.30.attn_gate.scale
create_tensor: loading tensor blk.30.ffn_gate_shexp.scale
create_tensor: loading tensor blk.30.ffn_down_shexp.scale
create_tensor: loading tensor blk.30.ffn_up_shexp.scale
create_tensor: loading tensor blk.30.ffn_gate_exps.scale
create_tensor: loading tensor blk.30.ffn_down_exps.scale
create_tensor: loading tensor blk.30.ffn_up_exps.scale
create_tensor: loading tensor blk.30.ssm_out.scale
create_tensor: loading tensor blk.30.ssm_alpha.scale
create_tensor: loading tensor blk.30.ssm_beta.scale
create_tensor: loading tensor blk.30.attn_qkv.input_scale
create_tensor: loading tensor blk.30.attn_gate.input_scale
create_tensor: loading tensor blk.30.ffn_gate_exps.input_scale
create_tensor: loading tensor blk.30.ffn_down_exps.input_scale
create_tensor: loading tensor blk.30.ffn_up_exps.input_scale
create_tensor: loading tensor blk.30.ffn_gate_shexp.input_scale
create_tensor: loading tensor blk.30.ffn_down_shexp.input_scale
create_tensor: loading tensor blk.30.ffn_up_shexp.input_scale
create_tensor: loading tensor blk.30.ssm_out.input_scale
create_tensor: loading tensor blk.30.ssm_alpha.input_scale
create_tensor: loading tensor blk.30.ssm_beta.input_scale
create_tensor: loading tensor blk.31.attn_q.scale
create_tensor: loading tensor blk.31.attn_k.scale
create_tensor: loading tensor blk.31.attn_v.scale
create_tensor: loading tensor blk.31.attn_output.scale
create_tensor: loading tensor blk.31.ffn_gate_shexp.scale
create_tensor: loading tensor blk.31.ffn_down_shexp.scale
create_tensor: loading tensor blk.31.ffn_up_shexp.scale
create_tensor: loading tensor blk.31.ffn_gate_exps.scale
create_tensor: loading tensor blk.31.ffn_down_exps.scale
create_tensor: loading tensor blk.31.ffn_up_exps.scale
create_tensor: loading tensor blk.31.attn_q.input_scale
create_tensor: loading tensor blk.31.attn_k.input_scale
create_tensor: loading tensor blk.31.attn_v.input_scale
create_tensor: loading tensor blk.31.attn_output.input_scale
create_tensor: loading tensor blk.31.ffn_gate_exps.input_scale
create_tensor: loading tensor blk.31.ffn_down_exps.input_scale
create_tensor: loading tensor blk.31.ffn_up_exps.input_scale
create_tensor: loading tensor blk.31.ffn_gate_shexp.input_scale
create_tensor: loading tensor blk.31.ffn_down_shexp.input_scale
create_tensor: loading tensor blk.31.ffn_up_shexp.input_scale
create_tensor: loading tensor blk.32.attn_qkv.scale
create_tensor: loading tensor blk.32.attn_gate.scale
create_tensor: loading tensor blk.32.ffn_gate_shexp.scale
create_tensor: loading tensor blk.32.ffn_down_shexp.scale
create_tensor: loading tensor blk.32.ffn_up_shexp.scale
create_tensor: loading tensor blk.32.ffn_gate_exps.scale
create_tensor: loading tensor blk.32.ffn_down_exps.scale
create_tensor: loading tensor blk.32.ffn_up_exps.scale
create_tensor: loading tensor blk.32.ssm_out.scale
create_tensor: loading tensor blk.32.ssm_alpha.scale
create_tensor: loading tensor blk.32.ssm_beta.scale
create_tensor: loading tensor blk.32.attn_qkv.input_scale
create_tensor: loading tensor blk.32.attn_gate.input_scale
create_tensor: loading tensor blk.32.ffn_gate_exps.input_scale
create_tensor: loading tensor blk.32.ffn_down_exps.input_scale
create_tensor: loading tensor blk.32.ffn_up_exps.input_scale
create_tensor: loading tensor blk.32.ffn_gate_shexp.input_scale
create_tensor: loading tensor blk.32.ffn_down_shexp.input_scale
create_tensor: loading tensor blk.32.ffn_up_shexp.input_scale
create_tensor: loading tensor blk.32.ssm_out.input_scale
create_tensor: loading tensor blk.32.ssm_alpha.input_scale
create_tensor: loading tensor blk.32.ssm_beta.input_scale
create_tensor: loading tensor blk.33.attn_qkv.scale
create_tensor: loading tensor blk.33.attn_gate.scale
create_tensor: loading tensor blk.33.ffn_gate_shexp.scale
create_tensor: loading tensor blk.33.ffn_down_shexp.scale
create_tensor: loading tensor blk.33.ffn_up_shexp.scale
create_tensor: loading tensor blk.33.ffn_gate_exps.scale
create_tensor: loading tensor blk.33.ffn_down_exps.scale
create_tensor: loading tensor blk.33.ffn_up_exps.scale
create_tensor: loading tensor blk.33.ssm_out.scale
create_tensor: loading tensor blk.33.ssm_alpha.scale
create_tensor: loading tensor blk.33.ssm_beta.scale
create_tensor: loading tensor blk.33.attn_qkv.input_scale
create_tensor: loading tensor blk.33.attn_gate.input_scale
create_tensor: loading tensor blk.33.ffn_gate_exps.input_scale
create_tensor: loading tensor blk.33.ffn_down_exps.input_scale
create_tensor: loading tensor blk.33.ffn_up_exps.input_scale
create_tensor: loading tensor blk.33.ffn_gate_shexp.input_scale
create_tensor: loading tensor blk.33.ffn_down_shexp.input_scale
create_tensor: loading tensor blk.33.ffn_up_shexp.input_scale
create_tensor: loading tensor blk.33.ssm_out.input_scale
create_tensor: loading tensor blk.33.ssm_alpha.input_scale
create_tensor: loading tensor blk.33.ssm_beta.input_scale
create_tensor: loading tensor blk.34.attn_qkv.scale
create_tensor: loading tensor blk.34.attn_gate.scale
create_tensor: loading tensor blk.34.ffn_gate_shexp.scale
create_tensor: loading tensor blk.34.ffn_down_shexp.scale
create_tensor: loading tensor blk.34.ffn_up_shexp.scale
create_tensor: loading tensor blk.34.ffn_gate_exps.scale
create_tensor: loading tensor blk.34.ffn_down_exps.scale
create_tensor: loading tensor blk.34.ffn_up_exps.scale
create_tensor: loading tensor blk.34.ssm_out.scale
create_tensor: loading tensor blk.34.ssm_alpha.scale
create_tensor: loading tensor blk.34.ssm_beta.scale
create_tensor: loading tensor blk.34.attn_qkv.input_scale
create_tensor: loading tensor blk.34.attn_gate.input_scale
create_tensor: loading tensor blk.34.ffn_gate_exps.input_scale
create_tensor: loading tensor blk.34.ffn_down_exps.input_scale
create_tensor: loading tensor blk.34.ffn_up_exps.input_scale
create_tensor: loading tensor blk.34.ffn_gate_shexp.input_scale
create_tensor: loading tensor blk.34.ffn_down_shexp.input_scale
create_tensor: loading tensor blk.34.ffn_up_shexp.input_scale
create_tensor: loading tensor blk.34.ssm_out.input_scale
create_tensor: loading tensor blk.34.ssm_alpha.input_scale
create_tensor: loading tensor blk.34.ssm_beta.input_scale
create_tensor: loading tensor blk.35.attn_q.scale
create_tensor: loading tensor blk.35.attn_k.scale
create_tensor: loading tensor blk.35.attn_v.scale
create_tensor: loading tensor blk.35.attn_output.scale
create_tensor: loading tensor blk.35.ffn_gate_shexp.scale
create_tensor: loading tensor blk.35.ffn_down_shexp.scale
create_tensor: loading tensor blk.35.ffn_up_shexp.scale
create_tensor: loading tensor blk.35.ffn_gate_exps.scale
create_tensor: loading tensor blk.35.ffn_down_exps.scale
create_tensor: loading tensor blk.35.ffn_up_exps.scale
create_tensor: loading tensor blk.35.attn_q.input_scale
create_tensor: loading tensor blk.35.attn_k.input_scale
create_tensor: loading tensor blk.35.attn_v.input_scale
create_tensor: loading tensor blk.35.attn_output.input_scale
create_tensor: loading tensor blk.35.ffn_gate_exps.input_scale
create_tensor: loading tensor blk.35.ffn_down_exps.input_scale
create_tensor: loading tensor blk.35.ffn_up_exps.input_scale
create_tensor: loading tensor blk.35.ffn_gate_shexp.input_scale
create_tensor: loading tensor blk.35.ffn_down_shexp.input_scale
create_tensor: loading tensor blk.35.ffn_up_shexp.input_scale
create_tensor: loading tensor blk.36.attn_qkv.scale
create_tensor: loading tensor blk.36.attn_gate.scale
create_tensor: loading tensor blk.36.ffn_gate_shexp.scale
create_tensor: loading tensor blk.36.ffn_down_shexp.scale
create_tensor: loading tensor blk.36.ffn_up_shexp.scale
create_tensor: loading tensor blk.36.ffn_gate_exps.scale
create_tensor: loading tensor blk.36.ffn_down_exps.scale
create_tensor: loading tensor blk.36.ffn_up_exps.scale
create_tensor: loading tensor blk.36.ssm_out.scale
create_tensor: loading tensor blk.36.ssm_alpha.scale
create_tensor: loading tensor blk.36.ssm_beta.scale
create_tensor: loading tensor blk.36.attn_qkv.input_scale
create_tensor: loading tensor blk.36.attn_gate.input_scale
create_tensor: loading tensor blk.36.ffn_gate_exps.input_scale
create_tensor: loading tensor blk.36.ffn_down_exps.input_scale
create_tensor: loading tensor blk.36.ffn_up_exps.input_scale
create_tensor: loading tensor blk.36.ffn_gate_shexp.input_scale
create_tensor: loading tensor blk.36.ffn_down_shexp.input_scale
create_tensor: loading tensor blk.36.ffn_up_shexp.input_scale
create_tensor: loading tensor blk.36.ssm_out.input_scale
create_tensor: loading tensor blk.36.ssm_alpha.input_scale
create_tensor: loading tensor blk.36.ssm_beta.input_scale
create_tensor: loading tensor blk.37.attn_qkv.scale
create_tensor: loading tensor blk.37.attn_gate.scale
create_tensor: loading tensor blk.37.ffn_gate_shexp.scale
create_tensor: loading tensor blk.37.ffn_down_shexp.scale
create_tensor: loading tensor blk.37.ffn_up_shexp.scale
create_tensor: loading tensor blk.37.ffn_gate_exps.scale
create_tensor: loading tensor blk.37.ffn_down_exps.scale
create_tensor: loading tensor blk.37.ffn_up_exps.scale
create_tensor: loading tensor blk.37.ssm_out.scale
create_tensor: loading tensor blk.37.ssm_alpha.scale
create_tensor: loading tensor blk.37.ssm_beta.scale
create_tensor: loading tensor blk.37.attn_qkv.input_scale
create_tensor: loading tensor blk.37.attn_gate.input_scale
create_tensor: loading tensor blk.37.ffn_gate_exps.input_scale
create_tensor: loading tensor blk.37.ffn_down_exps.input_scale
create_tensor: loading tensor blk.37.ffn_up_exps.input_scale
create_tensor: loading tensor blk.37.ffn_gate_shexp.input_scale
create_tensor: loading tensor blk.37.ffn_down_shexp.input_scale
create_tensor: loading tensor blk.37.ffn_up_shexp.input_scale
create_tensor: loading tensor blk.37.ssm_out.input_scale
create_tensor: loading tensor blk.37.ssm_alpha.input_scale
create_tensor: loading tensor blk.37.ssm_beta.input_scale
create_tensor: loading tensor blk.38.attn_qkv.scale
create_tensor: loading tensor blk.38.attn_gate.scale
create_tensor: loading tensor blk.38.ffn_gate_shexp.scale
create_tensor: loading tensor blk.38.ffn_down_shexp.scale
create_tensor: loading tensor blk.38.ffn_up_shexp.scale
create_tensor: loading tensor blk.38.ffn_gate_exps.scale
create_tensor: loading tensor blk.38.ffn_down_exps.scale
create_tensor: loading tensor blk.38.ffn_up_exps.scale
create_tensor: loading tensor blk.38.ssm_out.scale
create_tensor: loading tensor blk.38.ssm_alpha.scale
create_tensor: loading tensor blk.38.ssm_beta.scale
create_tensor: loading tensor blk.38.attn_qkv.input_scale
create_tensor: loading tensor blk.38.attn_gate.input_scale
create_tensor: loading tensor blk.38.ffn_gate_exps.input_scale
create_tensor: loading tensor blk.38.ffn_down_exps.input_scale
create_tensor: loading tensor blk.38.ffn_up_exps.input_scale
create_tensor: loading tensor blk.38.ffn_gate_shexp.input_scale
create_tensor: loading tensor blk.38.ffn_down_shexp.input_scale
create_tensor: loading tensor blk.38.ffn_up_shexp.input_scale
create_tensor: loading tensor blk.38.ssm_out.input_scale
create_tensor: loading tensor blk.38.ssm_alpha.input_scale
create_tensor: loading tensor blk.38.ssm_beta.input_scale
create_tensor: loading tensor blk.39.attn_q.scale
create_tensor: loading tensor blk.39.attn_k.scale
create_tensor: loading tensor blk.39.attn_v.scale
create_tensor: loading tensor blk.39.attn_output.scale
create_tensor: loading tensor blk.39.ffn_gate_shexp.scale
create_tensor: loading tensor blk.39.ffn_down_shexp.scale
create_tensor: loading tensor blk.39.ffn_up_shexp.scale
create_tensor: loading tensor blk.39.ffn_gate_exps.scale
create_tensor: loading tensor blk.39.ffn_down_exps.scale
create_tensor: loading tensor blk.39.ffn_up_exps.scale
create_tensor: loading tensor blk.39.attn_q.input_scale
create_tensor: loading tensor blk.39.attn_k.input_scale
create_tensor: loading tensor blk.39.attn_v.input_scale
create_tensor: loading tensor blk.39.attn_output.input_scale
create_tensor: loading tensor blk.39.ffn_gate_exps.input_scale
create_tensor: loading tensor blk.39.ffn_down_exps.input_scale
create_tensor: loading tensor blk.39.ffn_up_exps.input_scale
create_tensor: loading tensor blk.39.ffn_gate_shexp.input_scale
create_tensor: loading tensor blk.39.ffn_down_shexp.input_scale
create_tensor: loading tensor blk.39.ffn_up_shexp.input_scale
create_tensor: loading tensor blk.40.attn_qkv.scale
create_tensor: loading tensor blk.40.attn_gate.scale
create_tensor: loading tensor blk.40.ffn_gate_shexp.scale
create_tensor: loading tensor blk.40.ffn_down_shexp.scale
create_tensor: loading tensor blk.40.ffn_up_shexp.scale
create_tensor: loading tensor blk.40.ffn_gate_exps.scale
create_tensor: loading tensor blk.40.ffn_down_exps.scale
create_tensor: loading tensor blk.40.ffn_up_exps.scale
create_tensor: loading tensor blk.40.ssm_out.scale
create_tensor: loading tensor blk.40.ssm_alpha.scale
create_tensor: loading tensor blk.40.ssm_beta.scale
create_tensor: loading tensor blk.40.attn_qkv.input_scale
create_tensor: loading tensor blk.40.attn_gate.input_scale
create_tensor: loading tensor blk.40.ffn_gate_exps.input_scale
create_tensor: loading tensor blk.40.ffn_down_exps.input_scale
create_tensor: loading tensor blk.40.ffn_up_exps.input_scale
create_tensor: loading tensor blk.40.ffn_gate_shexp.input_scale
create_tensor: loading tensor blk.40.ffn_down_shexp.input_scale
create_tensor: loading tensor blk.40.ffn_up_shexp.input_scale
create_tensor: loading tensor blk.40.ssm_out.input_scale
create_tensor: loading tensor blk.40.ssm_alpha.input_scale
create_tensor: loading tensor blk.40.ssm_beta.input_scale
create_tensor: loading tensor blk.41.attn_qkv.scale
create_tensor: loading tensor blk.41.attn_gate.scale
create_tensor: loading tensor blk.41.ffn_gate_shexp.scale
create_tensor: loading tensor blk.41.ffn_down_shexp.scale
create_tensor: loading tensor blk.41.ffn_up_shexp.scale
create_tensor: loading tensor blk.41.ffn_gate_exps.scale
create_tensor: loading tensor blk.41.ffn_down_exps.scale
create_tensor: loading tensor blk.41.ffn_up_exps.scale
create_tensor: loading tensor blk.41.ssm_out.scale
create_tensor: loading tensor blk.41.ssm_alpha.scale
create_tensor: loading tensor blk.41.ssm_beta.scale
create_tensor: loading tensor blk.41.attn_qkv.input_scale
create_tensor: loading tensor blk.41.attn_gate.input_scale
create_tensor: loading tensor blk.41.ffn_gate_exps.input_scale
create_tensor: loading tensor blk.41.ffn_down_exps.input_scale
create_tensor: loading tensor blk.41.ffn_up_exps.input_scale
create_tensor: loading tensor blk.41.ffn_gate_shexp.input_scale
create_tensor: loading tensor blk.41.ffn_down_shexp.input_scale
create_tensor: loading tensor blk.41.ffn_up_shexp.input_scale
create_tensor: loading tensor blk.41.ssm_out.input_scale
create_tensor: loading tensor blk.41.ssm_alpha.input_scale
create_tensor: loading tensor blk.41.ssm_beta.input_scale
create_tensor: loading tensor blk.42.attn_qkv.scale
create_tensor: loading tensor blk.42.attn_gate.scale
create_tensor: loading tensor blk.42.ffn_gate_shexp.scale
create_tensor: loading tensor blk.42.ffn_down_shexp.scale
create_tensor: loading tensor blk.42.ffn_up_shexp.scale
create_tensor: loading tensor blk.42.ffn_gate_exps.scale
create_tensor: loading tensor blk.42.ffn_down_exps.scale
create_tensor: loading tensor blk.42.ffn_up_exps.scale
create_tensor: loading tensor blk.42.ssm_out.scale
create_tensor: loading tensor blk.42.ssm_alpha.scale
create_tensor: loading tensor blk.42.ssm_beta.scale
create_tensor: loading tensor blk.42.attn_qkv.input_scale
create_tensor: loading tensor blk.42.attn_gate.input_scale
create_tensor: loading tensor blk.42.ffn_gate_exps.input_scale
create_tensor: loading tensor blk.42.ffn_down_exps.input_scale
create_tensor: loading tensor blk.42.ffn_up_exps.input_scale
create_tensor: loading tensor blk.42.ffn_gate_shexp.input_scale
create_tensor: loading tensor blk.42.ffn_down_shexp.input_scale
create_tensor: loading tensor blk.42.ffn_up_shexp.input_scale
create_tensor: loading tensor blk.42.ssm_out.input_scale
create_tensor: loading tensor blk.42.ssm_alpha.input_scale
create_tensor: loading tensor blk.42.ssm_beta.input_scale
create_tensor: loading tensor blk.43.attn_q.scale
create_tensor: loading tensor blk.43.attn_k.scale
create_tensor: loading tensor blk.43.attn_v.scale
create_tensor: loading tensor blk.43.attn_output.scale
create_tensor: loading tensor blk.43.ffn_gate_shexp.scale
create_tensor: loading tensor blk.43.ffn_down_shexp.scale
create_tensor: loading tensor blk.43.ffn_up_shexp.scale
create_tensor: loading tensor blk.43.ffn_gate_exps.scale
create_tensor: loading tensor blk.43.ffn_down_exps.scale
create_tensor: loading tensor blk.43.ffn_up_exps.scale
create_tensor: loading tensor blk.43.attn_q.input_scale
create_tensor: loading tensor blk.43.attn_k.input_scale
create_tensor: loading tensor blk.43.attn_v.input_scale
create_tensor: loading tensor blk.43.attn_output.input_scale
create_tensor: loading tensor blk.43.ffn_gate_exps.input_scale
create_tensor: loading tensor blk.43.ffn_down_exps.input_scale
create_tensor: loading tensor blk.43.ffn_up_exps.input_scale
create_tensor: loading tensor blk.43.ffn_gate_shexp.input_scale
create_tensor: loading tensor blk.43.ffn_down_shexp.input_scale
create_tensor: loading tensor blk.43.ffn_up_shexp.input_scale
create_tensor: loading tensor blk.44.attn_qkv.scale
create_tensor: loading tensor blk.44.attn_gate.scale
create_tensor: loading tensor blk.44.ffn_gate_shexp.scale
create_tensor: loading tensor blk.44.ffn_down_shexp.scale
create_tensor: loading tensor blk.44.ffn_up_shexp.scale
create_tensor: loading tensor blk.44.ffn_gate_exps.scale
create_tensor: loading tensor blk.44.ffn_down_exps.scale
create_tensor: loading tensor blk.44.ffn_up_exps.scale
create_tensor: loading tensor blk.44.ssm_out.scale
create_tensor: loading tensor blk.44.ssm_alpha.scale
create_tensor: loading tensor blk.44.ssm_beta.scale
create_tensor: loading tensor blk.44.attn_qkv.input_scale
create_tensor: loading tensor blk.44.attn_gate.input_scale
create_tensor: loading tensor blk.44.ffn_gate_exps.input_scale
create_tensor: loading tensor blk.44.ffn_down_exps.input_scale
create_tensor: loading tensor blk.44.ffn_up_exps.input_scale
create_tensor: loading tensor blk.44.ffn_gate_shexp.input_scale
create_tensor: loading tensor blk.44.ffn_down_shexp.input_scale
create_tensor: loading tensor blk.44.ffn_up_shexp.input_scale
create_tensor: loading tensor blk.44.ssm_out.input_scale
create_tensor: loading tensor blk.44.ssm_alpha.input_scale
create_tensor: loading tensor blk.44.ssm_beta.input_scale
create_tensor: loading tensor blk.45.attn_qkv.scale
create_tensor: loading tensor blk.45.attn_gate.scale
create_tensor: loading tensor blk.45.ffn_gate_shexp.scale
create_tensor: loading tensor blk.45.ffn_down_shexp.scale
create_tensor: loading tensor blk.45.ffn_up_shexp.scale
create_tensor: loading tensor blk.45.ffn_gate_exps.scale
create_tensor: loading tensor blk.45.ffn_down_exps.scale
create_tensor: loading tensor blk.45.ffn_up_exps.scale
create_tensor: loading tensor blk.45.ssm_out.scale
create_tensor: loading tensor blk.45.ssm_alpha.scale
create_tensor: loading tensor blk.45.ssm_beta.scale
create_tensor: loading tensor blk.45.attn_qkv.input_scale
create_tensor: loading tensor blk.45.attn_gate.input_scale
create_tensor: loading tensor blk.45.ffn_gate_exps.input_scale
create_tensor: loading tensor blk.45.ffn_down_exps.input_scale
create_tensor: loading tensor blk.45.ffn_up_exps.input_scale
create_tensor: loading tensor blk.45.ffn_gate_shexp.input_scale
create_tensor: loading tensor blk.45.ffn_down_shexp.input_scale
create_tensor: loading tensor blk.45.ffn_up_shexp.input_scale
create_tensor: loading tensor blk.45.ssm_out.input_scale
create_tensor: loading tensor blk.45.ssm_alpha.input_scale
create_tensor: loading tensor blk.45.ssm_beta.input_scale
create_tensor: loading tensor blk.46.attn_qkv.scale
create_tensor: loading tensor blk.46.attn_gate.scale
create_tensor: loading tensor blk.46.ffn_gate_shexp.scale
create_tensor: loading tensor blk.46.ffn_down_shexp.scale
create_tensor: loading tensor blk.46.ffn_up_shexp.scale
create_tensor: loading tensor blk.46.ffn_gate_exps.scale
create_tensor: loading tensor blk.46.ffn_down_exps.scale
create_tensor: loading tensor blk.46.ffn_up_exps.scale
create_tensor: loading tensor blk.46.ssm_out.scale
create_tensor: loading tensor blk.46.ssm_alpha.scale
create_tensor: loading tensor blk.46.ssm_beta.scale
create_tensor: loading tensor blk.46.attn_qkv.input_scale
create_tensor: loading tensor blk.46.attn_gate.input_scale
create_tensor: loading tensor blk.46.ffn_gate_exps.input_scale
create_tensor: loading tensor blk.46.ffn_down_exps.input_scale
create_tensor: loading tensor blk.46.ffn_up_exps.input_scale
create_tensor: loading tensor blk.46.ffn_gate_shexp.input_scale
create_tensor: loading tensor blk.46.ffn_down_shexp.input_scale
create_tensor: loading tensor blk.46.ffn_up_shexp.input_scale
create_tensor: loading tensor blk.46.ssm_out.input_scale
create_tensor: loading tensor blk.46.ssm_alpha.input_scale
create_tensor: loading tensor blk.46.ssm_beta.input_scale
create_tensor: loading tensor blk.47.attn_q.scale
create_tensor: loading tensor blk.47.attn_k.scale
create_tensor: loading tensor blk.47.attn_v.scale
create_tensor: loading tensor blk.47.attn_output.scale
create_tensor: loading tensor blk.47.ffn_gate_shexp.scale
create_tensor: loading tensor blk.47.ffn_down_shexp.scale
create_tensor: loading tensor blk.47.ffn_up_shexp.scale
create_tensor: loading tensor blk.47.ffn_gate_exps.scale
create_tensor: loading tensor blk.47.ffn_down_exps.scale
create_tensor: loading tensor blk.47.ffn_up_exps.scale
create_tensor: loading tensor blk.47.attn_q.input_scale
create_tensor: loading tensor blk.47.attn_k.input_scale
create_tensor: loading tensor blk.47.attn_v.input_scale
create_tensor: loading tensor blk.47.attn_output.input_scale
create_tensor: loading tensor blk.47.ffn_gate_exps.input_scale
create_tensor: loading tensor blk.47.ffn_down_exps.input_scale
create_tensor: loading tensor blk.47.ffn_up_exps.input_scale
create_tensor: loading tensor blk.47.ffn_gate_shexp.input_scale
create_tensor: loading tensor blk.47.ffn_down_shexp.input_scale
create_tensor: loading tensor blk.47.ffn_up_shexp.input_scale
hybrid expert prefill staging: 6 window tensor(s), slots=512, 2837.50 MiB of shared VRAM windows
done_getting_tensors: tensor 'token_embd.weight' (q8_0) (and 145 others) cannot be used with preferred buffer type CUDA_Host, using CPU instead
load_tensors: offloading output layer to GPU
load_tensors: offloading 47 repeating layers to GPU
load_tensors: offloaded 49/49 layers to GPU
load_tensors:   CPU_Mapped model buffer size = 47015.89 MiB
load_tensors:   CPU_Mapped model buffer size = 41787.15 MiB
load_tensors:        CUDA0 model buffer size =  7297.40 MiB
......................................................................
load_tensors: cudaHostRegister model mmap: 0.00 GiB registered, 87.25 GiB not registered
llama_context: constructing llama_context
llama_context: n_seq_max             = 1
llama_context: n_ctx                 = 17408
llama_context: n_ctx_seq             = 17408
llama_context: n_batch               = 4096
llama_context: n_ubatch              = 4096
llama_context: causal_attn           = 1
llama_context: flash_attn            = auto
llama_context: kv_unified            = false
llama_context: freq_base             = 10000000.0
llama_context: freq_scale            = 1
llama_context: n_rs_seq              = 0
llama_context: n_outputs_max         = 4096
llama_context: n_outputs_max_per_seq = 1
llama_context: n_ctx_seq (17408) < n_ctx_train (262144) -- the full capacity of the model will not be utilized
set_abort_callback: call
llama_context:  CUDA_Host  output buffer size =     0.95 MiB
llama_kv_cache: layer   0: filtered
llama_kv_cache: layer   1: filtered
llama_kv_cache: layer   2: filtered
llama_kv_cache: layer   3: dev = CUDA0
llama_kv_cache: layer   4: filtered
llama_kv_cache: layer   5: filtered
llama_kv_cache: layer   6: filtered
llama_kv_cache: layer   7: dev = CUDA0
llama_kv_cache: layer   8: filtered
llama_kv_cache: layer   9: filtered
llama_kv_cache: layer  10: filtered
llama_kv_cache: layer  11: dev = CUDA0
llama_kv_cache: layer  12: filtered
llama_kv_cache: layer  13: filtered
llama_kv_cache: layer  14: filtered
llama_kv_cache: layer  15: dev = CUDA0
llama_kv_cache: layer  16: filtered
llama_kv_cache: layer  17: filtered
llama_kv_cache: layer  18: filtered
llama_kv_cache: layer  19: dev = CUDA0
llama_kv_cache: layer  20: filtered
llama_kv_cache: layer  21: filtered
llama_kv_cache: layer  22: filtered
llama_kv_cache: layer  23: dev = CUDA0
llama_kv_cache: layer  24: filtered
llama_kv_cache: layer  25: filtered
llama_kv_cache: layer  26: filtered
llama_kv_cache: layer  27: dev = CUDA0
llama_kv_cache: layer  28: filtered
llama_kv_cache: layer  29: filtered
llama_kv_cache: layer  30: filtered
llama_kv_cache: layer  31: dev = CUDA0
llama_kv_cache: layer  32: filtered
llama_kv_cache: layer  33: filtered
llama_kv_cache: layer  34: filtered
llama_kv_cache: layer  35: dev = CUDA0
llama_kv_cache: layer  36: filtered
llama_kv_cache: layer  37: filtered
llama_kv_cache: layer  38: filtered
llama_kv_cache: layer  39: dev = CUDA0
llama_kv_cache: layer  40: filtered
llama_kv_cache: layer  41: filtered
llama_kv_cache: layer  42: filtered
llama_kv_cache: layer  43: dev = CUDA0
llama_kv_cache: layer  44: filtered
llama_kv_cache: layer  45: filtered
llama_kv_cache: layer  46: filtered
llama_kv_cache: layer  47: dev = CUDA0
llama_kv_cache:      CUDA0 KV buffer size =   408.00 MiB
llama_kv_cache: size =  408.00 MiB ( 17408 cells,  12 layers,  1/1 seqs), K (f16):  204.00 MiB, V (f16):  204.00 MiB
llama_kv_cache: attn_rot_k = 0, n_embd_head_k_all = 256
llama_kv_cache: attn_rot_v = 0, n_embd_head_k_all = 256
llama_memory_recurrent, layer   0: dev = CUDA0
llama_memory_recurrent, layer   1: dev = CUDA0
llama_memory_recurrent, layer   2: dev = CUDA0
llama_memory_recurrent: layer   3: skipped
llama_memory_recurrent, layer   4: dev = CUDA0
llama_memory_recurrent, layer   5: dev = CUDA0
llama_memory_recurrent, layer   6: dev = CUDA0
llama_memory_recurrent: layer   7: skipped
llama_memory_recurrent, layer   8: dev = CUDA0
llama_memory_recurrent, layer   9: dev = CUDA0
llama_memory_recurrent, layer  10: dev = CUDA0
llama_memory_recurrent: layer  11: skipped
llama_memory_recurrent, layer  12: dev = CUDA0
llama_memory_recurrent, layer  13: dev = CUDA0
llama_memory_recurrent, layer  14: dev = CUDA0
llama_memory_recurrent: layer  15: skipped
llama_memory_recurrent, layer  16: dev = CUDA0
llama_memory_recurrent, layer  17: dev = CUDA0
llama_memory_recurrent, layer  18: dev = CUDA0
llama_memory_recurrent: layer  19: skipped
llama_memory_recurrent, layer  20: dev = CUDA0
llama_memory_recurrent, layer  21: dev = CUDA0
llama_memory_recurrent, layer  22: dev = CUDA0
llama_memory_recurrent: layer  23: skipped
llama_memory_recurrent, layer  24: dev = CUDA0
llama_memory_recurrent, layer  25: dev = CUDA0
llama_memory_recurrent, layer  26: dev = CUDA0
llama_memory_recurrent: layer  27: skipped
llama_memory_recurrent, layer  28: dev = CUDA0
llama_memory_recurrent, layer  29: dev = CUDA0
llama_memory_recurrent, layer  30: dev = CUDA0
llama_memory_recurrent: layer  31: skipped
llama_memory_recurrent, layer  32: dev = CUDA0
llama_memory_recurrent, layer  33: dev = CUDA0
llama_memory_recurrent, layer  34: dev = CUDA0
llama_memory_recurrent: layer  35: skipped
llama_memory_recurrent, layer  36: dev = CUDA0
llama_memory_recurrent, layer  37: dev = CUDA0
llama_memory_recurrent, layer  38: dev = CUDA0
llama_memory_recurrent: layer  39: skipped
llama_memory_recurrent, layer  40: dev = CUDA0
llama_memory_recurrent, layer  41: dev = CUDA0
llama_memory_recurrent, layer  42: dev = CUDA0
llama_memory_recurrent: layer  43: skipped
llama_memory_recurrent, layer  44: dev = CUDA0
llama_memory_recurrent, layer  45: dev = CUDA0
llama_memory_recurrent, layer  46: dev = CUDA0
llama_memory_recurrent: layer  47: skipped
llama_memory_recurrent:      CUDA0 RS buffer size =   112.57 MiB
llama_memory_recurrent: size =  112.57 MiB (     1 cells,  48 layers,  1 seqs  0 rs_seq), R (f32):    4.22 MiB, S (f32):  108.00 MiB, P (f32):    0.35 MiB
operator (): creating indexer KV cache, size = 17408 cells
llama_kv_cache: layer   0: filtered
llama_kv_cache: layer   1: filtered
llama_kv_cache: layer   2: filtered
llama_kv_cache: layer   3: dev = CUDA0
llama_kv_cache: layer   4: filtered
llama_kv_cache: layer   5: filtered
llama_kv_cache: layer   6: filtered
llama_kv_cache: layer   7: dev = CUDA0
llama_kv_cache: layer   8: filtered
llama_kv_cache: layer   9: filtered
llama_kv_cache: layer  10: filtered
llama_kv_cache: layer  11: dev = CUDA0
llama_kv_cache: layer  12: filtered
llama_kv_cache: layer  13: filtered
llama_kv_cache: layer  14: filtered
llama_kv_cache: layer  15: dev = CUDA0
llama_kv_cache: layer  16: filtered
llama_kv_cache: layer  17: filtered
llama_kv_cache: layer  18: filtered
llama_kv_cache: layer  19: dev = CUDA0
llama_kv_cache: layer  20: filtered
llama_kv_cache: layer  21: filtered
llama_kv_cache: layer  22: filtered
llama_kv_cache: layer  23: dev = CUDA0
llama_kv_cache: layer  24: filtered
llama_kv_cache: layer  25: filtered
llama_kv_cache: layer  26: filtered
llama_kv_cache: layer  27: dev = CUDA0
llama_kv_cache: layer  28: filtered
llama_kv_cache: layer  29: filtered
llama_kv_cache: layer  30: filtered
llama_kv_cache: layer  31: dev = CUDA0
llama_kv_cache: layer  32: filtered
llama_kv_cache: layer  33: filtered
llama_kv_cache: layer  34: filtered
llama_kv_cache: layer  35: dev = CUDA0
llama_kv_cache: layer  36: filtered
llama_kv_cache: layer  37: filtered
llama_kv_cache: layer  38: filtered
llama_kv_cache: layer  39: dev = CUDA0
llama_kv_cache: layer  40: filtered
llama_kv_cache: layer  41: filtered
llama_kv_cache: layer  42: filtered
llama_kv_cache: layer  43: dev = CUDA0
llama_kv_cache: layer  44: filtered
llama_kv_cache: layer  45: filtered
llama_kv_cache: layer  46: filtered
llama_kv_cache: layer  47: dev = CUDA0
llama_kv_cache:      CUDA0 KV buffer size =   153.00 MiB
llama_kv_cache: size =  153.00 MiB ( 17408 cells,  12 layers,  1/1 seqs), K (f16):   51.00 MiB, V (f16):  102.00 MiB
llama_kv_cache: attn_rot_k = 0, n_embd_head_k_all = 128
llama_kv_cache: attn_rot_v = 0, n_embd_head_k_all = 256
llama_context: enumerating backends
llama_context: backend_ptrs.size() = 2
sched_reserve: reserving ...
sched_reserve: max_nodes = 163840
sched_reserve: reserving full memory module
sched_reserve: worst-case: n_tokens = 4096, n_seqs = 1, n_outputs = 1
graph_reserve: reserving a graph for ubatch with n_tokens =    1, n_seqs =  1, n_outputs =    1
resolve_fused_ops: Flash Attention enabled
resolve_fused_ops: resolving fused Gated Delta Net support:
graph_reserve: reserving a graph for ubatch with n_tokens =    1, n_seqs =  1, n_outputs =    1
resolve_fused_ops: fused Gated Delta Net (autoregressive) enabled
graph_reserve: reserving a graph for ubatch with n_tokens =   16, n_seqs =  1, n_outputs =   16
resolve_fused_ops: fused Gated Delta Net (chunked) enabled
resolve_fused_ops: resolving fused Lightning Indexer support:
graph_reserve: reserving a graph for ubatch with n_tokens =    1, n_seqs =  1, n_outputs =    1
resolve_fused_ops: Lightning Indexer enabled
resolve_fused_ops: resolving fused DeepSeek V4 HC support:
graph_reserve: reserving a graph for ubatch with n_tokens =    1, n_seqs =  1, n_outputs =    1
resolve_fused_ops: fused DeepSeek V4 HC pre enabled
graph_reserve: reserving a graph for ubatch with n_tokens =    1, n_seqs =  1, n_outputs =    1
resolve_fused_ops: fused DeepSeek V4 HC comb enabled
graph_reserve: reserving a graph for ubatch with n_tokens =    1, n_seqs =  1, n_outputs =    1
resolve_fused_ops: fused DeepSeek V4 HC post enabled
graph_reserve: reserving a graph for ubatch with n_tokens = 4096, n_seqs =  1, n_outputs = 4096
graph_reserve: reserving a graph for ubatch with n_tokens =    1, n_seqs =  1, n_outputs =    1
graph_reserve: reserving a graph for ubatch with n_tokens = 4096, n_seqs =  1, n_outputs = 4096
sched_reserve:      CUDA0 compute buffer size =  4080.00 MiB
sched_reserve:  CUDA_Host compute buffer size =   284.64 MiB
sched_reserve: graph nodes  = 8094 (with bs=4096), 8574 (with bs=1)
sched_reserve: graph splits = 4 (with bs=4096), 100 (with bs=1)
sched_reserve: reserve took 86.72 ms, sched copies = 1
set_n_threads: n_threads = 24, n_threads_batch = 24
prefill staging: 2837.50 MiB pinned host arena
prefill staging: layer=0 tokens=4096 unique=375 runs=107 bytes=833.1 MiB barrier_us=430436
prefill staging: layer=0 tokens=1 unique=375 runs=107 bytes=833.1 MiB barrier_us=77348
MMQ_DIAG call#0 type=iq3_s buft=CUDA0 vram=1 staging_env=0 staged_ops=0 host_ops=0 vram_ops=0
MMQ_DIAG call#1 type=iq3_s buft=CUDA0 vram=1 staging_env=0 staged_ops=0 host_ops=0 vram_ops=1
MMQ_DIAG call#2 type=iq4_nl buft=CUDA0 vram=1 staging_env=0 staged_ops=0 host_ops=0 vram_ops=2
prefill staging: layer=1 tokens=4096 unique=331 runs=121 bytes=735.4 MiB barrier_us=99817
prefill staging: layer=1 tokens=1 unique=331 runs=121 bytes=735.4 MiB barrier_us=71358
MMQ_DIAG call#3 type=iq3_s buft=CUDA0 vram=1 staging_env=0 staged_ops=0 host_ops=0 vram_ops=3
prefill staging: layer=2 tokens=4096 unique=326 runs=113 bytes=1082.4 MiB barrier_us=134485
prefill staging: layer=2 tokens=1 unique=326 runs=113 bytes=1082.4 MiB barrier_us=100330
prefill staging: layer=3 tokens=4096 unique=228 runs=124 bytes=506.5 MiB barrier_us=64493
prefill staging: layer=3 tokens=1 unique=228 runs=124 bytes=506.5 MiB barrier_us=47996
prefill staging: layer=4 tokens=4096 unique=265 runs=128 bytes=795.8 MiB barrier_us=96988
prefill staging: layer=4 tokens=1 unique=265 runs=128 bytes=795.8 MiB barrier_us=74686
prefill staging: layer=5 tokens=4096 unique=310 runs=129 bytes=688.7 MiB barrier_us=85682
prefill staging: layer=5 tokens=1 unique=310 runs=129 bytes=688.7 MiB barrier_us=64222
prefill staging: layer=6 tokens=4096 unique=333 runs=124 bytes=739.8 MiB barrier_us=93558
prefill staging: layer=6 tokens=1 unique=333 runs=124 bytes=739.8 MiB barrier_us=69245
prefill staging: layer=7 tokens=4096 unique=340 runs=113 bytes=755.4 MiB barrier_us=90564
prefill staging: layer=7 tokens=1 unique=340 runs=113 bytes=755.4 MiB barrier_us=67449
prefill staging: layer=8 tokens=4096 unique=275 runs=117 bytes=611.0 MiB barrier_us=71251
prefill staging: layer=8 tokens=1 unique=275 runs=117 bytes=611.0 MiB barrier_us=55644
prefill staging: layer=9 tokens=4096 unique=305 runs=122 bytes=677.6 MiB barrier_us=82433
prefill staging: layer=9 tokens=1 unique=305 runs=122 bytes=677.6 MiB barrier_us=61107
prefill staging: layer=10 tokens=4096 unique=338 runs=117 bytes=750.9 MiB barrier_us=87593
prefill staging: layer=10 tokens=1 unique=338 runs=117 bytes=750.9 MiB barrier_us=68157
prefill staging: layer=11 tokens=4096 unique=315 runs=120 bytes=699.8 MiB barrier_us=82035
prefill staging: layer=11 tokens=1 unique=315 runs=120 bytes=699.8 MiB barrier_us=63750
prefill staging: layer=12 tokens=4096 unique=342 runs=116 bytes=759.8 MiB barrier_us=89744
prefill staging: layer=12 tokens=1 unique=342 runs=116 bytes=759.8 MiB barrier_us=68376
prefill staging: layer=13 tokens=4096 unique=327 runs=117 bytes=726.5 MiB barrier_us=83165
prefill staging: layer=13 tokens=1 unique=327 runs=117 bytes=726.5 MiB barrier_us=63627
prefill staging: layer=14 tokens=4096 unique=344 runs=117 bytes=764.3 MiB barrier_us=87381
prefill staging: layer=14 tokens=1 unique=344 runs=117 bytes=764.3 MiB barrier_us=68365
prefill staging: layer=15 tokens=4096 unique=336 runs=117 bytes=746.5 MiB barrier_us=87803
prefill staging: layer=15 tokens=1 unique=336 runs=117 bytes=746.5 MiB barrier_us=67113
prefill staging: layer=16 tokens=4096 unique=372 runs=108 bytes=826.5 MiB barrier_us=100475
prefill staging: layer=16 tokens=1 unique=372 runs=108 bytes=826.5 MiB barrier_us=73918
prefill staging: layer=17 tokens=4096 unique=422 runs=74 bytes=937.5 MiB barrier_us=113443
prefill staging: layer=17 tokens=1 unique=422 runs=74 bytes=937.5 MiB barrier_us=83971
prefill staging: layer=18 tokens=4096 unique=419 runs=76 bytes=930.9 MiB barrier_us=108690
prefill staging: layer=18 tokens=1 unique=419 runs=76 bytes=930.9 MiB barrier_us=82518
prefill staging: layer=19 tokens=4096 unique=439 runs=64 bytes=975.3 MiB barrier_us=114960
prefill staging: layer=19 tokens=1 unique=439 runs=64 bytes=975.3 MiB barrier_us=86061
prefill staging: layer=20 tokens=4096 unique=449 runs=54 bytes=997.5 MiB barrier_us=129815
prefill staging: layer=20 tokens=1 unique=449 runs=54 bytes=997.5 MiB barrier_us=90046
prefill staging: layer=21 tokens=4096 unique=433 runs=66 bytes=962.0 MiB barrier_us=108791
prefill staging: layer=21 tokens=1 unique=433 runs=66 bytes=962.0 MiB barrier_us=84752
prefill staging: layer=22 tokens=4096 unique=422 runs=76 bytes=937.5 MiB barrier_us=114571
prefill staging: layer=22 tokens=1 unique=422 runs=76 bytes=937.5 MiB barrier_us=85494
prefill staging: layer=23 tokens=4096 unique=452 runs=53 bytes=1004.2 MiB barrier_us=125321
prefill staging: layer=23 tokens=1 unique=452 runs=53 bytes=1004.2 MiB barrier_us=89453
prefill staging: layer=24 tokens=4096 unique=432 runs=65 bytes=959.8 MiB barrier_us=113256
prefill staging: layer=24 tokens=1 unique=432 runs=65 bytes=959.8 MiB barrier_us=85200
prefill staging: layer=25 tokens=4096 unique=468 runs=38 bytes=1039.7 MiB barrier_us=123510
prefill staging: layer=25 tokens=1 unique=468 runs=38 bytes=1039.7 MiB barrier_us=92975
prefill staging: layer=26 tokens=4096 unique=474 runs=35 bytes=1053.1 MiB barrier_us=129584
prefill staging: layer=26 tokens=1 unique=474 runs=35 bytes=1053.1 MiB barrier_us=94004
prefill staging: layer=27 tokens=4096 unique=471 runs=37 bytes=1046.4 MiB barrier_us=138970
prefill staging: layer=27 tokens=1 unique=471 runs=37 bytes=1046.4 MiB barrier_us=94780
prefill staging: layer=28 tokens=4096 unique=460 runs=45 bytes=1022.0 MiB barrier_us=136506
prefill staging: layer=28 tokens=1 unique=460 runs=45 bytes=1022.0 MiB barrier_us=93000
prefill staging: layer=29 tokens=4096 unique=480 runs=32 bytes=1066.4 MiB barrier_us=129724
prefill staging: layer=29 tokens=1 unique=480 runs=32 bytes=1066.4 MiB barrier_us=95336
prefill staging: layer=30 tokens=4096 unique=478 runs=33 bytes=1435.4 MiB barrier_us=184277
prefill staging: layer=30 tokens=1 unique=478 runs=33 bytes=1435.4 MiB barrier_us=127437
prefill staging: layer=31 tokens=4096 unique=486 runs=25 bytes=1079.7 MiB barrier_us=169655
prefill staging: layer=31 tokens=1 unique=486 runs=25 bytes=1079.7 MiB barrier_us=97320
prefill staging: layer=32 tokens=4096 unique=467 runs=42 bytes=1037.5 MiB barrier_us=123465
prefill staging: layer=32 tokens=1 unique=467 runs=42 bytes=1037.5 MiB barrier_us=91969
prefill staging: layer=33 tokens=4096 unique=489 runs=23 bytes=1086.4 MiB barrier_us=151250
prefill staging: layer=33 tokens=1 unique=489 runs=23 bytes=1086.4 MiB barrier_us=98430
prefill staging: layer=34 tokens=4096 unique=473 runs=36 bytes=1050.9 MiB barrier_us=136680
prefill staging: layer=34 tokens=1 unique=473 runs=36 bytes=1050.9 MiB barrier_us=93649
prefill staging: layer=35 tokens=4096 unique=464 runs=47 bytes=1030.9 MiB barrier_us=129176
prefill staging: layer=35 tokens=1 unique=464 runs=47 bytes=1030.9 MiB barrier_us=91323
prefill staging: layer=36 tokens=4096 unique=451 runs=55 bytes=1002.0 MiB barrier_us=139448
prefill staging: layer=36 tokens=1 unique=451 runs=55 bytes=1002.0 MiB barrier_us=92305
prefill staging: layer=37 tokens=4096 unique=462 runs=48 bytes=1026.4 MiB barrier_us=134789
prefill staging: layer=37 tokens=1 unique=462 runs=48 bytes=1026.4 MiB barrier_us=91905
prefill staging: layer=38 tokens=4096 unique=451 runs=54 bytes=1002.0 MiB barrier_us=129804
prefill staging: layer=38 tokens=1 unique=451 runs=54 bytes=1002.0 MiB barrier_us=89939
prefill staging: layer=39 tokens=4096 unique=452 runs=53 bytes=1004.2 MiB barrier_us=128352
prefill staging: layer=39 tokens=1 unique=452 runs=53 bytes=1004.2 MiB barrier_us=91361
prefill staging: layer=40 tokens=4096 unique=478 runs=33 bytes=1062.0 MiB barrier_us=136827
prefill staging: layer=40 tokens=1 unique=478 runs=33 bytes=1062.0 MiB barrier_us=95821
prefill staging: layer=41 tokens=4096 unique=477 runs=32 bytes=1059.7 MiB barrier_us=130295
prefill staging: layer=41 tokens=1 unique=477 runs=32 bytes=1059.7 MiB barrier_us=96217
prefill staging: layer=42 tokens=4096 unique=456 runs=51 bytes=1013.1 MiB barrier_us=122141
prefill staging: layer=42 tokens=1 unique=456 runs=51 bytes=1013.1 MiB barrier_us=89677
prefill staging: layer=43 tokens=4096 unique=459 runs=47 bytes=1019.8 MiB barrier_us=120799
prefill staging: layer=43 tokens=1 unique=459 runs=47 bytes=1019.8 MiB barrier_us=90369
prefill staging: layer=44 tokens=4096 unique=446 runs=58 bytes=990.9 MiB barrier_us=115514
prefill staging: layer=44 tokens=1 unique=446 runs=58 bytes=990.9 MiB barrier_us=88361
prefill staging: layer=45 tokens=4096 unique=438 runs=62 bytes=973.1 MiB barrier_us=114272
prefill staging: layer=45 tokens=1 unique=438 runs=62 bytes=973.1 MiB barrier_us=89110
prefill staging: layer=46 tokens=4096 unique=397 runs=87 bytes=1192.2 MiB barrier_us=162323
prefill staging: layer=46 tokens=1 unique=397 runs=87 bytes=1192.2 MiB barrier_us=107173
MMQ_DIAG call#140 type=q8_0 buft=CUDA0 vram=1 staging_env=0 staged_ops=0 host_ops=0 vram_ops=140
prefill staging: layer=47 tokens=1 unique=10 runs=10 bytes=30.0 MiB barrier_us=5029
prefill staging: layer=47 tokens=1 unique=10 runs=10 bytes=30.0 MiB barrier_us=3097
prefill staging: layer=0 tokens=4096 unique=211 runs=115 bytes=468.8 MiB barrier_us=43558
ggml_backend_cuda_graph_compute: CUDA graph warmup complete
prefill staging: layer=0 tokens=1 unique=211 runs=115 bytes=468.8 MiB barrier_us=42445
prefill staging: layer=1 tokens=4096 unique=164 runs=110 bytes=364.4 MiB barrier_us=33478
ggml_backend_cuda_graph_compute: CUDA graph warmup complete
prefill staging: layer=1 tokens=1 unique=164 runs=110 bytes=364.4 MiB barrier_us=33193
prefill staging: layer=2 tokens=4096 unique=168 runs=112 bytes=557.8 MiB barrier_us=50374
ggml_backend_cuda_graph_compute: CUDA graph warmup complete
prefill staging: layer=2 tokens=1 unique=168 runs=112 bytes=557.8 MiB barrier_us=49619
prefill staging: layer=3 tokens=4096 unique=107 runs=87 bytes=237.7 MiB barrier_us=22593
ggml_backend_cuda_graph_compute: CUDA graph warmup complete
prefill staging: layer=3 tokens=1 unique=107 runs=87 bytes=237.7 MiB barrier_us=22565
prefill staging: layer=4 tokens=4096 unique=124 runs=94 bytes=372.4 MiB barrier_us=34371
ggml_backend_cuda_graph_compute: CUDA graph warmup complete
prefill staging: layer=4 tokens=1 unique=124 runs=94 bytes=372.4 MiB barrier_us=33778
prefill staging: layer=5 tokens=4096 unique=156 runs=108 bytes=346.6 MiB barrier_us=31881
ggml_backend_cuda_graph_compute: CUDA graph warmup complete
prefill staging: layer=5 tokens=1 unique=156 runs=108 bytes=346.6 MiB barrier_us=31755
prefill staging: layer=6 tokens=4096 unique=158 runs=113 bytes=351.0 MiB barrier_us=31739
ggml_backend_cuda_graph_compute: CUDA graph warmup complete
prefill staging: layer=6 tokens=1 unique=158 runs=113 bytes=351.0 MiB barrier_us=31773
prefill staging: layer=7 tokens=4096 unique=182 runs=115 bytes=404.3 MiB barrier_us=37515
ggml_backend_cuda_graph_compute: CUDA graph warmup complete
prefill staging: layer=7 tokens=1 unique=182 runs=115 bytes=404.3 MiB barrier_us=37636
prefill staging: layer=8 tokens=4096 unique=148 runs=103 bytes=328.8 MiB barrier_us=31220
ggml_backend_cuda_graph_compute: CUDA graph warmup complete
prefill staging: layer=8 tokens=1 unique=148 runs=103 bytes=328.8 MiB barrier_us=31594
prefill staging: layer=9 tokens=4096 unique=197 runs=117 bytes=437.7 MiB barrier_us=40736
ggml_backend_cuda_graph_compute: CUDA graph warmup complete
prefill staging: layer=9 tokens=1 unique=197 runs=117 bytes=437.7 MiB barrier_us=40378
prefill staging: layer=10 tokens=4096 unique=239 runs=125 bytes=531.0 MiB barrier_us=48637
ggml_backend_cuda_graph_compute: CUDA graph warmup complete
prefill staging: layer=10 tokens=1 unique=239 runs=125 bytes=531.0 MiB barrier_us=47985
prefill staging: layer=11 tokens=4096 unique=237 runs=134 bytes=526.5 MiB barrier_us=49460
ggml_backend_cuda_graph_compute: CUDA graph warmup complete
prefill staging: layer=11 tokens=1 unique=237 runs=134 bytes=526.5 MiB barrier_us=49603
prefill staging: layer=12 tokens=4096 unique=222 runs=131 bytes=493.2 MiB barrier_us=45727
ggml_backend_cuda_graph_compute: CUDA graph warmup complete
prefill staging: layer=12 tokens=1 unique=222 runs=131 bytes=493.2 MiB barrier_us=45517
prefill staging: layer=13 tokens=4096 unique=210 runs=127 bytes=466.6 MiB barrier_us=43777
ggml_backend_cuda_graph_compute: CUDA graph warmup complete
prefill staging: layer=13 tokens=1 unique=210 runs=127 bytes=466.6 MiB barrier_us=42164
prefill staging: layer=14 tokens=4096 unique=276 runs=137 bytes=613.2 MiB barrier_us=56448
ggml_backend_cuda_graph_compute: CUDA graph warmup complete
prefill staging: layer=14 tokens=1 unique=276 runs=137 bytes=613.2 MiB barrier_us=56636
prefill staging: layer=15 tokens=4096 unique=315 runs=129 bytes=699.8 MiB barrier_us=64553
ggml_backend_cuda_graph_compute: CUDA graph warmup complete
prefill staging: layer=15 tokens=1 unique=315 runs=129 bytes=699.8 MiB barrier_us=65344
prefill staging: layer=16 tokens=4096 unique=362 runs=101 bytes=804.2 MiB barrier_us=73098
ggml_backend_cuda_graph_compute: CUDA graph warmup complete
prefill staging: layer=16 tokens=1 unique=362 runs=101 bytes=804.2 MiB barrier_us=71514
prefill staging: layer=17 tokens=4096 unique=376 runs=107 bytes=835.4 MiB barrier_us=78520
ggml_backend_cuda_graph_compute: CUDA graph warmup complete
prefill staging: layer=17 tokens=1 unique=376 runs=107 bytes=835.4 MiB barrier_us=75650
prefill staging: layer=18 tokens=4096 unique=337 runs=112 bytes=748.7 MiB barrier_us=68392
ggml_backend_cuda_graph_compute: CUDA graph warmup complete
prefill staging: layer=18 tokens=1 unique=337 runs=112 bytes=748.7 MiB barrier_us=68448
prefill staging: layer=19 tokens=4096 unique=397 runs=88 bytes=882.0 MiB barrier_us=78680
prefill staging: layer=19 tokens=1 unique=397 runs=88 bytes=882.0 MiB barrier_us=79276
prefill staging: layer=20 tokens=4096 unique=413 runs=85 bytes=917.6 MiB barrier_us=81599
prefill staging: layer=20 tokens=1 unique=413 runs=85 bytes=917.6 MiB barrier_us=81373
prefill staging: layer=21 tokens=4096 unique=366 runs=105 bytes=813.1 MiB barrier_us=73432
prefill staging: layer=21 tokens=1 unique=366 runs=105 bytes=813.1 MiB barrier_us=71797
prefill staging: layer=22 tokens=4096 unique=360 runs=106 bytes=799.8 MiB barrier_us=72754
prefill staging: layer=22 tokens=1 unique=360 runs=106 bytes=799.8 MiB barrier_us=72261
prefill staging: layer=23 tokens=4096 unique=422 runs=80 bytes=937.5 MiB barrier_us=86704
prefill staging: layer=23 tokens=1 unique=422 runs=80 bytes=937.5 MiB barrier_us=84364
prefill staging: layer=24 tokens=4096 unique=400 runs=83 bytes=888.7 MiB barrier_us=79240
prefill staging: layer=24 tokens=1 unique=400 runs=83 bytes=888.7 MiB barrier_us=79485
prefill staging: layer=25 tokens=4096 unique=452 runs=50 bytes=1004.2 MiB barrier_us=89614
prefill staging: layer=25 tokens=1 unique=452 runs=50 bytes=1004.2 MiB barrier_us=88817
prefill staging: layer=26 tokens=4096 unique=438 runs=55 bytes=973.1 MiB barrier_us=88083
prefill staging: layer=26 tokens=1 unique=438 runs=55 bytes=973.1 MiB barrier_us=87057
prefill staging: layer=27 tokens=4096 unique=462 runs=45 bytes=1026.4 MiB barrier_us=92773
prefill staging: layer=27 tokens=1 unique=462 runs=45 bytes=1026.4 MiB barrier_us=91536
prefill staging: layer=28 tokens=4096 unique=444 runs=59 bytes=986.4 MiB barrier_us=88504
prefill staging: layer=28 tokens=1 unique=444 runs=59 bytes=986.4 MiB barrier_us=87274
prefill staging: layer=29 tokens=4096 unique=466 runs=43 bytes=1035.3 MiB barrier_us=93114
prefill staging: layer=29 tokens=1 unique=466 runs=43 bytes=1035.3 MiB barrier_us=93455
prefill staging: layer=30 tokens=4096 unique=487 runs=26 bytes=1462.4 MiB barrier_us=132787
prefill staging: layer=30 tokens=1 unique=487 runs=26 bytes=1462.4 MiB barrier_us=131368
prefill staging: layer=31 tokens=4096 unique=474 runs=34 bytes=1053.1 MiB barrier_us=94307
ggml_backend_cuda_graph_compute: CUDA graph warmup complete
prefill staging: layer=31 tokens=1 unique=474 runs=34 bytes=1053.1 MiB barrier_us=94754
prefill staging: layer=32 tokens=4096 unique=469 runs=40 bytes=1042.0 MiB barrier_us=94635
ggml_backend_cuda_graph_compute: CUDA graph warmup complete
prefill staging: layer=32 tokens=1 unique=469 runs=40 bytes=1042.0 MiB barrier_us=93272
prefill staging: layer=33 tokens=4096 unique=473 runs=39 bytes=1050.9 MiB barrier_us=94535
ggml_backend_cuda_graph_compute: CUDA graph warmup complete
prefill staging: layer=33 tokens=1 unique=473 runs=39 bytes=1050.9 MiB barrier_us=94720
prefill staging: layer=34 tokens=4096 unique=461 runs=47 bytes=1024.2 MiB barrier_us=92687
ggml_backend_cuda_graph_compute: CUDA graph warmup complete
prefill staging: layer=34 tokens=1 unique=461 runs=47 bytes=1024.2 MiB barrier_us=91460
prefill staging: layer=35 tokens=4096 unique=464 runs=46 bytes=1030.9 MiB barrier_us=94043
ggml_backend_cuda_graph_compute: CUDA graph warmup complete
prefill staging: layer=35 tokens=1 unique=464 runs=46 bytes=1030.9 MiB barrier_us=92989
prefill staging: layer=36 tokens=4096 unique=442 runs=62 bytes=982.0 MiB barrier_us=88395
ggml_backend_cuda_graph_compute: CUDA graph warmup complete
prefill staging: layer=36 tokens=1 unique=442 runs=62 bytes=982.0 MiB barrier_us=87538
prefill staging: layer=37 tokens=4096 unique=449 runs=58 bytes=997.5 MiB barrier_us=89886
ggml_backend_cuda_graph_compute: CUDA graph warmup complete
prefill staging: layer=37 tokens=1 unique=449 runs=58 bytes=997.5 MiB barrier_us=88788
prefill staging: layer=38 tokens=4096 unique=411 runs=74 bytes=913.1 MiB barrier_us=81014
ggml_backend_cuda_graph_compute: CUDA graph warmup complete
prefill staging: layer=38 tokens=1 unique=411 runs=74 bytes=913.1 MiB barrier_us=81265
prefill staging: layer=39 tokens=4096 unique=431 runs=72 bytes=957.5 MiB barrier_us=86041
prefill staging: layer=39 tokens=1 unique=431 runs=72 bytes=957.5 MiB barrier_us=85411
prefill staging: layer=40 tokens=4096 unique=454 runs=50 bytes=1008.6 MiB barrier_us=90924
prefill staging: layer=40 tokens=1 unique=454 runs=50 bytes=1008.6 MiB barrier_us=89500
prefill staging: layer=41 tokens=4096 unique=470 runs=38 bytes=1044.2 MiB barrier_us=92945
prefill staging: layer=41 tokens=1 unique=470 runs=38 bytes=1044.2 MiB barrier_us=91842
prefill staging: layer=42 tokens=4096 unique=433 runs=65 bytes=962.0 MiB barrier_us=86609
prefill staging: layer=42 tokens=1 unique=433 runs=65 bytes=962.0 MiB barrier_us=84822
prefill staging: layer=43 tokens=4096 unique=450 runs=56 bytes=999.8 MiB barrier_us=88808
prefill staging: layer=43 tokens=1 unique=450 runs=56 bytes=999.8 MiB barrier_us=88926
prefill staging: layer=44 tokens=4096 unique=420 runs=77 bytes=933.1 MiB barrier_us=83956
prefill staging: layer=44 tokens=1 unique=420 runs=77 bytes=933.1 MiB barrier_us=82895
prefill staging: layer=45 tokens=4096 unique=403 runs=86 bytes=895.3 MiB barrier_us=79994
prefill staging: layer=45 tokens=1 unique=403 runs=86 bytes=895.3 MiB barrier_us=79469
prefill staging: layer=46 tokens=4096 unique=343 runs=106 bytes=1030.0 MiB barrier_us=93474
prefill staging: layer=46 tokens=1 unique=343 runs=106 bytes=1030.0 MiB barrier_us=93281
MMQ_DIAG call#281 type=q8_0 buft=CUDA0 vram=1 staging_env=0 staged_ops=0 host_ops=0 vram_ops=281
prefill staging: layer=47 tokens=1 unique=10 runs=10 bytes=30.0 MiB barrier_us=4954
ggml_backend_cuda_graph_compute: CUDA graph warmup complete
prefill staging: layer=47 tokens=1 unique=10 runs=10 bytes=30.0 MiB barrier_us=3326
ggml_backend_cuda_graph_compute: CUDA graph warmup complete
ggml_backend_cuda_graph_compute: CUDA graph warmup complete
prefill staging: layer=0 tokens=4096 unique=12 runs=12 bytes=26.7 MiB barrier_us=3532
prefill staging: layer=0 tokens=1 unique=12 runs=12 bytes=26.7 MiB barrier_us=3572
ggml_backend_cuda_graph_compute: CUDA graph warmup complete
prefill staging: layer=1 tokens=4096 unique=12 runs=12 bytes=26.7 MiB barrier_us=3547
prefill staging: layer=1 tokens=1 unique=12 runs=12 bytes=26.7 MiB barrier_us=2911
prefill staging: layer=2 tokens=4096 unique=13 runs=13 bytes=43.2 MiB barrier_us=5090
prefill staging: layer=2 tokens=1 unique=13 runs=13 bytes=43.2 MiB barrier_us=4944
prefill staging: layer=3 tokens=4096 unique=18 runs=17 bytes=40.0 MiB barrier_us=4666
prefill staging: layer=3 tokens=1 unique=18 runs=17 bytes=40.0 MiB barrier_us=4104
prefill staging: layer=4 tokens=4096 unique=14 runs=14 bytes=42.0 MiB barrier_us=4863
prefill staging: layer=4 tokens=1 unique=14 runs=14 bytes=42.0 MiB barrier_us=4214
prefill staging: layer=5 tokens=4096 unique=16 runs=16 bytes=35.5 MiB barrier_us=3840
prefill staging: layer=5 tokens=1 unique=16 runs=16 bytes=35.5 MiB barrier_us=3859
prefill staging: layer=6 tokens=4096 unique=16 runs=16 bytes=35.5 MiB barrier_us=4202
prefill staging: layer=6 tokens=1 unique=16 runs=16 bytes=35.5 MiB barrier_us=3663
prefill staging: layer=7 tokens=4096 unique=38 runs=37 bytes=84.4 MiB barrier_us=8081
prefill staging: layer=7 tokens=1 unique=38 runs=37 bytes=84.4 MiB barrier_us=8162
prefill staging: layer=8 tokens=4096 unique=44 runs=42 bytes=97.8 MiB barrier_us=9789
prefill staging: layer=8 tokens=1 unique=44 runs=42 bytes=97.8 MiB barrier_us=9260
prefill staging: layer=9 tokens=4096 unique=94 runs=78 bytes=208.8 MiB barrier_us=19425
prefill staging: layer=9 tokens=1 unique=94 runs=78 bytes=208.8 MiB barrier_us=19656
prefill staging: layer=10 tokens=4096 unique=113 runs=84 bytes=251.0 MiB barrier_us=23410
prefill staging: layer=10 tokens=1 unique=113 runs=84 bytes=251.0 MiB barrier_us=23492
prefill staging: layer=11 tokens=4096 unique=132 runs=102 bytes=293.3 MiB barrier_us=27672
prefill staging: layer=11 tokens=1 unique=132 runs=102 bytes=293.3 MiB barrier_us=27836
prefill staging: layer=12 tokens=4096 unique=95 runs=74 bytes=211.1 MiB barrier_us=20183
prefill staging: layer=12 tokens=1 unique=95 runs=74 bytes=211.1 MiB barrier_us=19783
prefill staging: layer=13 tokens=4096 unique=80 runs=66 bytes=177.7 MiB barrier_us=16620
prefill staging: layer=13 tokens=1 unique=80 runs=66 bytes=177.7 MiB barrier_us=16817
prefill staging: layer=14 tokens=4096 unique=149 runs=112 bytes=331.0 MiB barrier_us=31815
prefill staging: layer=14 tokens=1 unique=149 runs=112 bytes=331.0 MiB barrier_us=31042
prefill staging: layer=15 tokens=4096 unique=235 runs=129 bytes=522.1 MiB barrier_us=48734
prefill staging: layer=15 tokens=1 unique=235 runs=129 bytes=522.1 MiB barrier_us=47750
prefill staging: layer=16 tokens=4096 unique=285 runs=116 bytes=633.2 MiB barrier_us=58219
prefill staging: layer=16 tokens=1 unique=285 runs=116 bytes=633.2 MiB barrier_us=57478
prefill staging: layer=17 tokens=4096 unique=300 runs=133 bytes=666.5 MiB barrier_us=61130
prefill staging: layer=17 tokens=1 unique=300 runs=133 bytes=666.5 MiB barrier_us=60733
prefill staging: layer=18 tokens=4096 unique=204 runs=114 bytes=453.2 MiB barrier_us=41383
prefill staging: layer=18 tokens=1 unique=204 runs=114 bytes=453.2 MiB barrier_us=42116
prefill staging: layer=19 tokens=4096 unique=328 runs=119 bytes=728.7 MiB barrier_us=66206
prefill staging: layer=19 tokens=1 unique=328 runs=119 bytes=728.7 MiB barrier_us=64656
prefill staging: layer=20 tokens=4096 unique=355 runs=109 bytes=788.7 MiB barrier_us=70355
prefill staging: layer=20 tokens=1 unique=355 runs=109 bytes=788.7 MiB barrier_us=70958
prefill staging: layer=21 tokens=4096 unique=301 runs=133 bytes=668.7 MiB barrier_us=61090
prefill staging: layer=21 tokens=1 unique=301 runs=133 bytes=668.7 MiB barrier_us=60109
prefill staging: layer=22 tokens=4096 unique=246 runs=130 bytes=546.5 MiB barrier_us=50419
prefill staging: layer=22 tokens=1 unique=246 runs=130 bytes=546.5 MiB barrier_us=49608
prefill staging: layer=23 tokens=4096 unique=389 runs=98 bytes=864.2 MiB barrier_us=77257
prefill staging: layer=23 tokens=1 unique=389 runs=98 bytes=864.2 MiB barrier_us=76599
prefill staging: layer=24 tokens=4096 unique=343 runs=106 bytes=762.0 MiB barrier_us=69286
prefill staging: layer=24 tokens=1 unique=343 runs=106 bytes=762.0 MiB barrier_us=68869
prefill staging: layer=25 tokens=4096 unique=403 runs=80 bytes=895.3 MiB barrier_us=80382
prefill staging: layer=25 tokens=1 unique=403 runs=80 bytes=895.3 MiB barrier_us=79197
prefill staging: layer=26 tokens=4096 unique=393 runs=84 bytes=873.1 MiB barrier_us=78270
prefill staging: layer=26 tokens=1 unique=393 runs=84 bytes=873.1 MiB barrier_us=77938
prefill staging: layer=27 tokens=4096 unique=428 runs=71 bytes=950.9 MiB barrier_us=85587
ggml_backend_cuda_graph_compute: CUDA graph warmup complete
prefill staging: layer=27 tokens=1 unique=428 runs=71 bytes=950.9 MiB barrier_us=85455
prefill staging: layer=28 tokens=4096 unique=398 runs=88 bytes=884.2 MiB barrier_us=79420
ggml_backend_cuda_graph_compute: CUDA graph warmup complete
prefill staging: layer=28 tokens=1 unique=398 runs=88 bytes=884.2 MiB barrier_us=79288
prefill staging: layer=29 tokens=4096 unique=445 runs=63 bytes=988.6 MiB barrier_us=88213
ggml_backend_cuda_graph_compute: CUDA graph warmup complete
prefill staging: layer=29 tokens=1 unique=445 runs=63 bytes=988.6 MiB barrier_us=89332
prefill staging: layer=30 tokens=4096 unique=471 runs=41 bytes=1414.4 MiB barrier_us=127301
ggml_backend_cuda_graph_compute: CUDA graph warmup complete
prefill staging: layer=30 tokens=1 unique=471 runs=41 bytes=1414.4 MiB barrier_us=127144
prefill staging: layer=31 tokens=4096 unique=470 runs=36 bytes=1044.2 MiB barrier_us=94780
prefill staging: layer=31 tokens=1 unique=470 runs=36 bytes=1044.2 MiB barrier_us=93141
prefill staging: layer=32 tokens=4096 unique=461 runs=45 bytes=1024.2 MiB barrier_us=90880
prefill staging: layer=32 tokens=1 unique=461 runs=45 bytes=1024.2 MiB barrier_us=91725
prefill staging: layer=33 tokens=4096 unique=455 runs=49 bytes=1010.9 MiB barrier_us=90384
prefill staging: layer=33 tokens=1 unique=455 runs=49 bytes=1010.9 MiB barrier_us=90804
prefill staging: layer=34 tokens=4096 unique=423 runs=77 bytes=939.8 MiB barrier_us=85056
prefill staging: layer=34 tokens=1 unique=423 runs=77 bytes=939.8 MiB barrier_us=84653
prefill staging: layer=35 tokens=4096 unique=444 runs=58 bytes=986.4 MiB barrier_us=87918
prefill staging: layer=35 tokens=1 unique=444 runs=58 bytes=986.4 MiB barrier_us=88792
prefill staging: layer=36 tokens=4096 unique=437 runs=65 bytes=970.9 MiB barrier_us=87282
prefill staging: layer=36 tokens=1 unique=437 runs=65 bytes=970.9 MiB barrier_us=86648
prefill staging: layer=37 tokens=4096 unique=426 runs=72 bytes=946.4 MiB barrier_us=83737
prefill staging: layer=37 tokens=1 unique=426 runs=72 bytes=946.4 MiB barrier_us=83596
prefill staging: layer=38 tokens=4096 unique=352 runs=107 bytes=782.0 MiB barrier_us=70849
prefill staging: layer=38 tokens=1 unique=352 runs=107 bytes=782.0 MiB barrier_us=70092
prefill staging: layer=39 tokens=4096 unique=425 runs=75 bytes=944.2 MiB barrier_us=83428
ggml_backend_cuda_graph_compute: CUDA graph warmup complete
prefill staging: layer=39 tokens=1 unique=425 runs=75 bytes=944.2 MiB barrier_us=84245
prefill staging: layer=40 tokens=4096 unique=448 runs=56 bytes=995.3 MiB barrier_us=87947
ggml_backend_cuda_graph_compute: CUDA graph warmup complete
prefill staging: layer=40 tokens=1 unique=448 runs=56 bytes=995.3 MiB barrier_us=88262
prefill staging: layer=41 tokens=4096 unique=459 runs=49 bytes=1019.8 MiB barrier_us=90134
ggml_backend_cuda_graph_compute: CUDA graph warmup complete
prefill staging: layer=41 tokens=1 unique=459 runs=49 bytes=1019.8 MiB barrier_us=90456
prefill staging: layer=42 tokens=4096 unique=411 runs=74 bytes=913.1 MiB barrier_us=81414
ggml_backend_cuda_graph_compute: CUDA graph warmup complete
prefill staging: layer=42 tokens=1 unique=411 runs=74 bytes=913.1 MiB barrier_us=80564
prefill staging: layer=43 tokens=4096 unique=444 runs=57 bytes=986.4 MiB barrier_us=88118
ggml_backend_cuda_graph_compute: CUDA graph warmup complete
prefill staging: layer=43 tokens=1 unique=444 runs=57 bytes=986.4 MiB barrier_us=87414
prefill staging: layer=44 tokens=4096 unique=401 runs=85 bytes=890.9 MiB barrier_us=79650
ggml_backend_cuda_graph_compute: CUDA graph warmup complete
prefill staging: layer=44 tokens=1 unique=401 runs=85 bytes=890.9 MiB barrier_us=79123
prefill staging: layer=45 tokens=4096 unique=353 runs=111 bytes=784.3 MiB barrier_us=71385
ggml_backend_cuda_graph_compute: CUDA graph warmup complete
prefill staging: layer=45 tokens=1 unique=353 runs=111 bytes=784.3 MiB barrier_us=69776
prefill staging: layer=46 tokens=4096 unique=277 runs=124 bytes=831.8 MiB barrier_us=74184
ggml_backend_cuda_graph_compute: CUDA graph warmup complete
prefill staging: layer=46 tokens=1 unique=277 runs=124 bytes=831.8 MiB barrier_us=75803
MMQ_DIAG call#422 type=q8_0 buft=CUDA0 vram=1 staging_env=0 staged_ops=0 host_ops=0 vram_ops=422
prefill staging: layer=47 tokens=1 unique=10 runs=10 bytes=30.0 MiB barrier_us=4680
prefill staging: layer=47 tokens=1 unique=10 runs=10 bytes=30.0 MiB barrier_us=3156
ggml_backend_cuda_graph_compute: CUDA graph warmup reset
prefill staging: layer=0 tokens=4075 unique=228 runs=116 bytes=506.5 MiB barrier_us=47180
ggml_backend_cuda_graph_compute: CUDA graph warmup reset
prefill staging: layer=0 tokens=1 unique=228 runs=116 bytes=506.5 MiB barrier_us=46767
ggml_backend_cuda_graph_compute: CUDA graph warmup reset
prefill staging: layer=1 tokens=4075 unique=182 runs=116 bytes=404.3 MiB barrier_us=39156
ggml_backend_cuda_graph_compute: CUDA graph warmup reset
prefill staging: layer=1 tokens=1 unique=182 runs=116 bytes=404.3 MiB barrier_us=36771
prefill staging: layer=2 tokens=4075 unique=200 runs=120 bytes=664.1 MiB barrier_us=61625
ggml_backend_cuda_graph_compute: CUDA graph warmup reset
prefill staging: layer=2 tokens=1 unique=200 runs=120 bytes=664.1 MiB barrier_us=58893
prefill staging: layer=3 tokens=4075 unique=128 runs=100 bytes=284.4 MiB barrier_us=27627
ggml_backend_cuda_graph_compute: CUDA graph warmup reset
prefill staging: layer=3 tokens=1 unique=128 runs=100 bytes=284.4 MiB barrier_us=27443
prefill staging: layer=4 tokens=4075 unique=163 runs=112 bytes=489.5 MiB barrier_us=46037
ggml_backend_cuda_graph_compute: CUDA graph warmup reset
prefill staging: layer=4 tokens=1 unique=163 runs=112 bytes=489.5 MiB barrier_us=44372
prefill staging: layer=5 tokens=4075 unique=194 runs=126 bytes=431.0 MiB barrier_us=46868
ggml_backend_cuda_graph_compute: CUDA graph warmup reset
prefill staging: layer=5 tokens=1 unique=194 runs=126 bytes=431.0 MiB barrier_us=43216
prefill staging: layer=6 tokens=4075 unique=194 runs=120 bytes=431.0 MiB barrier_us=39593
ggml_backend_cuda_graph_compute: CUDA graph warmup reset
prefill staging: layer=6 tokens=1 unique=194 runs=120 bytes=431.0 MiB barrier_us=39541
prefill staging: layer=7 tokens=4075 unique=220 runs=123 bytes=488.8 MiB barrier_us=46498
ggml_backend_cuda_graph_compute: CUDA graph warmup reset
prefill staging: layer=7 tokens=1 unique=220 runs=123 bytes=488.8 MiB barrier_us=44802
prefill staging: layer=8 tokens=4075 unique=169 runs=100 bytes=375.5 MiB barrier_us=35423
ggml_backend_cuda_graph_compute: CUDA graph warmup reset
prefill staging: layer=8 tokens=1 unique=169 runs=100 bytes=375.5 MiB barrier_us=34663
prefill staging: layer=9 tokens=4075 unique=224 runs=123 bytes=497.7 MiB barrier_us=46060
ggml_backend_cuda_graph_compute: CUDA graph warmup reset
prefill staging: layer=9 tokens=1 unique=224 runs=123 bytes=497.7 MiB barrier_us=45437
prefill staging: layer=10 tokens=4075 unique=255 runs=124 bytes=566.5 MiB barrier_us=52608
ggml_backend_cuda_graph_compute: CUDA graph warmup reset
prefill staging: layer=10 tokens=1 unique=255 runs=124 bytes=566.5 MiB barrier_us=50607
prefill staging: layer=11 tokens=4075 unique=264 runs=133 bytes=586.5 MiB barrier_us=54993
ggml_backend_cuda_graph_compute: CUDA graph warmup reset
prefill staging: layer=11 tokens=1 unique=264 runs=133 bytes=586.5 MiB barrier_us=53295
prefill staging: layer=12 tokens=4075 unique=252 runs=133 bytes=559.9 MiB barrier_us=51478
ggml_backend_cuda_graph_compute: CUDA graph warmup reset
prefill staging: layer=12 tokens=1 unique=252 runs=133 bytes=559.9 MiB barrier_us=50393
prefill staging: layer=13 tokens=4075 unique=233 runs=133 bytes=517.7 MiB barrier_us=47367
ggml_backend_cuda_graph_compute: CUDA graph warmup reset
prefill staging: layer=13 tokens=1 unique=233 runs=133 bytes=517.7 MiB barrier_us=47248
prefill staging: layer=14 tokens=4075 unique=298 runs=130 bytes=662.1 MiB barrier_us=60012
ggml_backend_cuda_graph_compute: CUDA graph warmup reset
prefill staging: layer=14 tokens=1 unique=298 runs=130 bytes=662.1 MiB barrier_us=59351
prefill staging: layer=15 tokens=4075 unique=323 runs=115 bytes=717.6 MiB barrier_us=65054
ggml_backend_cuda_graph_compute: CUDA graph warmup reset
prefill staging: layer=15 tokens=1 unique=323 runs=115 bytes=717.6 MiB barrier_us=63599
prefill staging: layer=16 tokens=4075 unique=373 runs=104 bytes=828.7 MiB barrier_us=75856
ggml_backend_cuda_graph_compute: CUDA graph warmup reset
prefill staging: layer=16 tokens=1 unique=373 runs=104 bytes=828.7 MiB barrier_us=73493
prefill staging: layer=17 tokens=4075 unique=390 runs=93 bytes=866.5 MiB barrier_us=76477
ggml_backend_cuda_graph_compute: CUDA graph warmup reset
prefill staging: layer=17 tokens=1 unique=390 runs=93 bytes=866.5 MiB barrier_us=76786
prefill staging: layer=18 tokens=4075 unique=347 runs=114 bytes=770.9 MiB barrier_us=69440
ggml_backend_cuda_graph_compute: CUDA graph warmup reset
prefill staging: layer=18 tokens=1 unique=347 runs=114 bytes=770.9 MiB barrier_us=68716
prefill staging: layer=19 tokens=4075 unique=379 runs=102 bytes=842.0 MiB barrier_us=75070
prefill staging: layer=19 tokens=1 unique=379 runs=102 bytes=842.0 MiB barrier_us=74953
prefill staging: layer=20 tokens=4075 unique=407 runs=88 bytes=904.2 MiB barrier_us=81036
prefill staging: layer=20 tokens=1 unique=407 runs=88 bytes=904.2 MiB barrier_us=80567
prefill staging: layer=21 tokens=4075 unique=355 runs=111 bytes=788.7 MiB barrier_us=72702
prefill staging: layer=21 tokens=1 unique=355 runs=111 bytes=788.7 MiB barrier_us=71979
prefill staging: layer=22 tokens=4075 unique=361 runs=103 bytes=802.0 MiB barrier_us=73468
prefill staging: layer=22 tokens=1 unique=361 runs=103 bytes=802.0 MiB barrier_us=72060
prefill staging: layer=23 tokens=4075 unique=395 runs=89 bytes=877.6 MiB barrier_us=79502
prefill staging: layer=23 tokens=1 unique=395 runs=89 bytes=877.6 MiB barrier_us=78470
prefill staging: layer=24 tokens=4075 unique=394 runs=83 bytes=875.3 MiB barrier_us=78235
prefill staging: layer=24 tokens=1 unique=394 runs=83 bytes=875.3 MiB barrier_us=78038
prefill staging: layer=25 tokens=4075 unique=433 runs=63 bytes=962.0 MiB barrier_us=84909
prefill staging: layer=25 tokens=1 unique=433 runs=63 bytes=962.0 MiB barrier_us=85390
prefill staging: layer=26 tokens=4075 unique=424 runs=66 bytes=942.0 MiB barrier_us=84657
prefill staging: layer=26 tokens=1 unique=424 runs=66 bytes=942.0 MiB barrier_us=84363
prefill staging: layer=27 tokens=4075 unique=448 runs=57 bytes=995.3 MiB barrier_us=90355
ggml_backend_cuda_graph_compute: CUDA graph warmup reset
prefill staging: layer=27 tokens=1 unique=448 runs=57 bytes=995.3 MiB barrier_us=89024
prefill staging: layer=28 tokens=4075 unique=452 runs=53 bytes=1004.2 MiB barrier_us=91381
ggml_backend_cuda_graph_compute: CUDA graph warmup reset
prefill staging: layer=28 tokens=1 unique=452 runs=53 bytes=1004.2 MiB barrier_us=89108
prefill staging: layer=29 tokens=4075 unique=470 runs=36 bytes=1044.2 MiB barrier_us=94545
ggml_backend_cuda_graph_compute: CUDA graph warmup reset
prefill staging: layer=29 tokens=1 unique=470 runs=36 bytes=1044.2 MiB barrier_us=94710
prefill staging: layer=30 tokens=4075 unique=477 runs=33 bytes=1432.4 MiB barrier_us=127252
ggml_backend_cuda_graph_compute: CUDA graph warmup reset
prefill staging: layer=30 tokens=1 unique=477 runs=33 bytes=1432.4 MiB barrier_us=127878
prefill staging: layer=31 tokens=4075 unique=466 runs=43 bytes=1035.3 MiB barrier_us=92327
ggml_backend_cuda_graph_compute: CUDA graph warmup reset
prefill staging: layer=31 tokens=1 unique=466 runs=43 bytes=1035.3 MiB barrier_us=92113
prefill staging: layer=32 tokens=4075 unique=462 runs=48 bytes=1026.4 MiB barrier_us=90618
ggml_backend_cuda_graph_compute: CUDA graph warmup reset
prefill staging: layer=32 tokens=1 unique=462 runs=48 bytes=1026.4 MiB barrier_us=90869
prefill staging: layer=33 tokens=4075 unique=474 runs=36 bytes=1053.1 MiB barrier_us=94472
ggml_backend_cuda_graph_compute: CUDA graph warmup reset
prefill staging: layer=33 tokens=1 unique=474 runs=36 bytes=1053.1 MiB barrier_us=93839
prefill staging: layer=34 tokens=4075 unique=453 runs=53 bytes=1006.4 MiB barrier_us=89447
ggml_backend_cuda_graph_compute: CUDA graph warmup reset
prefill staging: layer=34 tokens=1 unique=453 runs=53 bytes=1006.4 MiB barrier_us=88580
prefill staging: layer=35 tokens=4075 unique=450 runs=55 bytes=999.8 MiB barrier_us=88418
ggml_backend_cuda_graph_compute: CUDA graph warmup reset
prefill staging: layer=35 tokens=1 unique=450 runs=55 bytes=999.8 MiB barrier_us=88219
prefill staging: layer=36 tokens=4075 unique=424 runs=77 bytes=942.0 MiB barrier_us=84894
ggml_backend_cuda_graph_compute: CUDA graph warmup reset
prefill staging: layer=36 tokens=1 unique=424 runs=77 bytes=942.0 MiB barrier_us=83946
prefill staging: layer=37 tokens=4075 unique=424 runs=78 bytes=942.0 MiB barrier_us=83214
ggml_backend_cuda_graph_compute: CUDA graph warmup reset
prefill staging: layer=37 tokens=1 unique=424 runs=78 bytes=942.0 MiB barrier_us=83223
prefill staging: layer=38 tokens=4075 unique=399 runs=79 bytes=886.5 MiB barrier_us=79938
ggml_backend_cuda_graph_compute: CUDA graph warmup reset
prefill staging: layer=38 tokens=1 unique=399 runs=79 bytes=886.5 MiB barrier_us=79223
prefill staging: layer=39 tokens=4075 unique=410 runs=85 bytes=910.9 MiB barrier_us=82318
ggml_backend_cuda_graph_compute: CUDA graph warmup reset
prefill staging: layer=39 tokens=1 unique=410 runs=85 bytes=910.9 MiB barrier_us=81572
prefill staging: layer=40 tokens=4075 unique=447 runs=54 bytes=993.1 MiB barrier_us=88701
ggml_backend_cuda_graph_compute: CUDA graph warmup reset
prefill staging: layer=40 tokens=1 unique=447 runs=54 bytes=993.1 MiB barrier_us=88989
prefill staging: layer=41 tokens=4075 unique=453 runs=56 bytes=1006.4 MiB barrier_us=93334
ggml_backend_cuda_graph_compute: CUDA graph warmup reset
prefill staging: layer=41 tokens=1 unique=453 runs=56 bytes=1006.4 MiB barrier_us=91408
prefill staging: layer=42 tokens=4075 unique=421 runs=72 bytes=935.3 MiB barrier_us=84479
ggml_backend_cuda_graph_compute: CUDA graph warmup reset
prefill staging: layer=42 tokens=1 unique=421 runs=72 bytes=935.3 MiB barrier_us=82963
prefill staging: layer=43 tokens=4075 unique=438 runs=69 bytes=973.1 MiB barrier_us=87513
ggml_backend_cuda_graph_compute: CUDA graph warmup reset
prefill staging: layer=43 tokens=1 unique=438 runs=69 bytes=973.1 MiB barrier_us=88372
prefill staging: layer=44 tokens=4075 unique=391 runs=97 bytes=868.7 MiB barrier_us=78197
ggml_backend_cuda_graph_compute: CUDA graph warmup reset
prefill staging: layer=44 tokens=1 unique=391 runs=97 bytes=868.7 MiB barrier_us=78004
prefill staging: layer=45 tokens=4075 unique=372 runs=100 bytes=826.5 MiB barrier_us=73623
ggml_backend_cuda_graph_compute: CUDA graph warmup reset
prefill staging: layer=45 tokens=1 unique=372 runs=100 bytes=826.5 MiB barrier_us=73412
prefill staging: layer=46 tokens=4075 unique=306 runs=125 bytes=918.9 MiB barrier_us=82217
ggml_backend_cuda_graph_compute: CUDA graph warmup reset
prefill staging: layer=46 tokens=1 unique=306 runs=125 bytes=918.9 MiB barrier_us=81785
MMQ_DIAG call#563 type=q8_0 buft=CUDA0 vram=1 staging_env=0 staged_ops=0 host_ops=0 vram_ops=563
prefill staging: layer=47 tokens=1 unique=10 runs=9 bytes=30.0 MiB barrier_us=4044
prefill staging: layer=47 tokens=1 unique=10 runs=9 bytes=30.0 MiB barrier_us=3011
prefill staging: layer=0 tokens=1 unique=10 runs=9 bytes=22.2 MiB barrier_us=3584
prefill staging: layer=0 tokens=1 unique=10 runs=9 bytes=22.2 MiB barrier_us=3036
prefill staging: layer=1 tokens=1 unique=10 runs=10 bytes=22.2 MiB barrier_us=2928
prefill staging: layer=1 tokens=1 unique=10 runs=10 bytes=22.2 MiB barrier_us=3729
prefill staging: layer=2 tokens=1 unique=10 runs=10 bytes=33.2 MiB barrier_us=4552
prefill staging: layer=2 tokens=1 unique=10 runs=10 bytes=33.2 MiB barrier_us=4275
prefill staging: layer=3 tokens=1 unique=10 runs=10 bytes=22.2 MiB barrier_us=2932
prefill staging: layer=3 tokens=1 unique=10 runs=10 bytes=22.2 MiB barrier_us=2547
prefill staging: layer=4 tokens=1 unique=10 runs=10 bytes=30.0 MiB barrier_us=3899
prefill staging: layer=4 tokens=1 unique=10 runs=10 bytes=30.0 MiB barrier_us=3457
prefill staging: layer=5 tokens=1 unique=10 runs=10 bytes=22.2 MiB barrier_us=3569
prefill staging: layer=5 tokens=1 unique=10 runs=10 bytes=22.2 MiB barrier_us=2450
prefill staging: layer=6 tokens=1 unique=10 runs=10 bytes=22.2 MiB barrier_us=2901
prefill staging: layer=6 tokens=1 unique=10 runs=10 bytes=22.2 MiB barrier_us=2703
prefill staging: layer=7 tokens=1 unique=10 runs=10 bytes=22.2 MiB barrier_us=2607
prefill staging: layer=7 tokens=1 unique=10 runs=10 bytes=22.2 MiB barrier_us=2585
prefill staging: layer=8 tokens=1 unique=10 runs=10 bytes=22.2 MiB barrier_us=3223
prefill staging: layer=8 tokens=1 unique=10 runs=10 bytes=22.2 MiB barrier_us=2433
prefill staging: layer=9 tokens=1 unique=10 runs=10 bytes=22.2 MiB barrier_us=2647
prefill staging: layer=9 tokens=1 unique=10 runs=10 bytes=22.2 MiB barrier_us=2401
prefill staging: layer=10 tokens=1 unique=10 runs=10 bytes=22.2 MiB barrier_us=2568
prefill staging: layer=10 tokens=1 unique=10 runs=10 bytes=22.2 MiB barrier_us=2873
prefill staging: layer=11 tokens=1 unique=10 runs=9 bytes=22.2 MiB barrier_us=3244
prefill staging: layer=11 tokens=1 unique=10 runs=9 bytes=22.2 MiB barrier_us=2453
prefill staging: layer=12 tokens=1 unique=10 runs=10 bytes=22.2 MiB barrier_us=2678
prefill staging: layer=12 tokens=1 unique=10 runs=10 bytes=22.2 MiB barrier_us=2665
prefill staging: layer=13 tokens=1 unique=10 runs=10 bytes=22.2 MiB barrier_us=2640
prefill staging: layer=13 tokens=1 unique=10 runs=10 bytes=22.2 MiB barrier_us=2849
prefill staging: layer=14 tokens=1 unique=10 runs=10 bytes=22.2 MiB barrier_us=2747
prefill staging: layer=14 tokens=1 unique=10 runs=10 bytes=22.2 MiB barrier_us=2466
prefill staging: layer=15 tokens=1 unique=10 runs=10 bytes=22.2 MiB barrier_us=2893
prefill staging: layer=15 tokens=1 unique=10 runs=10 bytes=22.2 MiB barrier_us=2492
prefill staging: layer=16 tokens=1 unique=10 runs=10 bytes=22.2 MiB barrier_us=2586
prefill staging: layer=16 tokens=1 unique=10 runs=10 bytes=22.2 MiB barrier_us=2875
prefill staging: layer=17 tokens=1 unique=10 runs=9 bytes=22.2 MiB barrier_us=2551
prefill staging: layer=17 tokens=1 unique=10 runs=9 bytes=22.2 MiB barrier_us=2654
prefill staging: layer=18 tokens=1 unique=10 runs=10 bytes=22.2 MiB barrier_us=2993
prefill staging: layer=18 tokens=1 unique=10 runs=10 bytes=22.2 MiB barrier_us=2380
prefill staging: layer=19 tokens=1 unique=10 runs=10 bytes=22.2 MiB barrier_us=2484
prefill staging: layer=19 tokens=1 unique=10 runs=10 bytes=22.2 MiB barrier_us=2875
prefill staging: layer=20 tokens=1 unique=10 runs=10 bytes=22.2 MiB barrier_us=2723
prefill staging: layer=20 tokens=1 unique=10 runs=10 bytes=22.2 MiB barrier_us=2483
prefill staging: layer=21 tokens=1 unique=10 runs=10 bytes=22.2 MiB barrier_us=2818
prefill staging: layer=21 tokens=1 unique=10 runs=10 bytes=22.2 MiB barrier_us=3177
prefill staging: layer=22 tokens=1 unique=10 runs=10 bytes=22.2 MiB barrier_us=2907
prefill staging: layer=22 tokens=1 unique=10 runs=10 bytes=22.2 MiB barrier_us=2993
prefill staging: layer=23 tokens=1 unique=10 runs=9 bytes=22.2 MiB barrier_us=2494
prefill staging: layer=23 tokens=1 unique=10 runs=9 bytes=22.2 MiB barrier_us=2420
prefill staging: layer=24 tokens=1 unique=10 runs=9 bytes=22.2 MiB barrier_us=2719
prefill staging: layer=24 tokens=1 unique=10 runs=9 bytes=22.2 MiB barrier_us=2386
prefill staging: layer=25 tokens=1 unique=10 runs=10 bytes=22.2 MiB barrier_us=2723
prefill staging: layer=25 tokens=1 unique=10 runs=10 bytes=22.2 MiB barrier_us=2799
prefill staging: layer=26 tokens=1 unique=10 runs=10 bytes=22.2 MiB barrier_us=2717
prefill staging: layer=26 tokens=1 unique=10 runs=10 bytes=22.2 MiB barrier_us=2621
prefill staging: layer=27 tokens=1 unique=10 runs=9 bytes=22.2 MiB barrier_us=3124
prefill staging: layer=27 tokens=1 unique=10 runs=9 bytes=22.2 MiB barrier_us=2553
prefill staging: layer=28 tokens=1 unique=10 runs=10 bytes=22.2 MiB barrier_us=3303
prefill staging: layer=28 tokens=1 unique=10 runs=10 bytes=22.2 MiB barrier_us=2556
prefill staging: layer=29 tokens=1 unique=10 runs=10 bytes=22.2 MiB barrier_us=2518
prefill staging: layer=29 tokens=1 unique=10 runs=10 bytes=22.2 MiB barrier_us=2293
prefill staging: layer=30 tokens=1 unique=10 runs=9 bytes=30.0 MiB barrier_us=3256
prefill staging: layer=30 tokens=1 unique=10 runs=9 bytes=30.0 MiB barrier_us=3150
prefill staging: layer=31 tokens=1 unique=10 runs=10 bytes=22.2 MiB barrier_us=3380
prefill staging: layer=31 tokens=1 unique=10 runs=10 bytes=22.2 MiB barrier_us=2770
prefill staging: layer=32 tokens=1 unique=10 runs=9 bytes=22.2 MiB barrier_us=2675
prefill staging: layer=32 tokens=1 unique=10 runs=9 bytes=22.2 MiB barrier_us=3209
prefill staging: layer=33 tokens=1 unique=10 runs=10 bytes=22.2 MiB barrier_us=3186
prefill staging: layer=33 tokens=1 unique=10 runs=10 bytes=22.2 MiB barrier_us=2482
prefill staging: layer=34 tokens=1 unique=10 runs=10 bytes=22.2 MiB barrier_us=2958
prefill staging: layer=34 tokens=1 unique=10 runs=10 bytes=22.2 MiB barrier_us=2543
prefill staging: layer=35 tokens=1 unique=10 runs=10 bytes=22.2 MiB barrier_us=2726
prefill staging: layer=35 tokens=1 unique=10 runs=10 bytes=22.2 MiB barrier_us=2734
prefill staging: layer=36 tokens=1 unique=10 runs=10 bytes=22.2 MiB barrier_us=2827
prefill staging: layer=36 tokens=1 unique=10 runs=10 bytes=22.2 MiB barrier_us=2600
prefill staging: layer=37 tokens=1 unique=10 runs=10 bytes=22.2 MiB barrier_us=2916
prefill staging: layer=37 tokens=1 unique=10 runs=10 bytes=22.2 MiB barrier_us=2690
prefill staging: layer=38 tokens=1 unique=10 runs=10 bytes=22.2 MiB barrier_us=2604
prefill staging: layer=38 tokens=1 unique=10 runs=10 bytes=22.2 MiB barrier_us=2699
prefill staging: layer=39 tokens=1 unique=10 runs=10 bytes=22.2 MiB barrier_us=3232
prefill staging: layer=39 tokens=1 unique=10 runs=10 bytes=22.2 MiB barrier_us=2453
prefill staging: layer=40 tokens=1 unique=10 runs=10 bytes=22.2 MiB barrier_us=2784
prefill staging: layer=40 tokens=1 unique=10 runs=10 bytes=22.2 MiB barrier_us=2415
prefill staging: layer=41 tokens=1 unique=10 runs=10 bytes=22.2 MiB barrier_us=2696
prefill staging: layer=41 tokens=1 unique=10 runs=10 bytes=22.2 MiB barrier_us=3112
prefill staging: layer=42 tokens=1 unique=10 runs=10 bytes=22.2 MiB barrier_us=2548
prefill staging: layer=42 tokens=1 unique=10 runs=10 bytes=22.2 MiB barrier_us=2620
prefill staging: layer=43 tokens=1 unique=10 runs=10 bytes=22.2 MiB barrier_us=3007
prefill staging: layer=43 tokens=1 unique=10 runs=10 bytes=22.2 MiB barrier_us=2386
prefill staging: layer=44 tokens=1 unique=10 runs=10 bytes=22.2 MiB barrier_us=3008
prefill staging: layer=44 tokens=1 unique=10 runs=10 bytes=22.2 MiB barrier_us=2569
prefill staging: layer=45 tokens=1 unique=10 runs=10 bytes=22.2 MiB barrier_us=2451
prefill staging: layer=45 tokens=1 unique=10 runs=10 bytes=22.2 MiB barrier_us=2704
prefill staging: layer=46 tokens=1 unique=10 runs=10 bytes=30.0 MiB barrier_us=4262
prefill staging: layer=46 tokens=1 unique=10 runs=10 bytes=30.0 MiB barrier_us=3282
prefill staging: layer=47 tokens=1 unique=10 runs=10 bytes=30.0 MiB barrier_us=4450
prefill staging: layer=47 tokens=1 unique=10 runs=10 bytes=30.0 MiB barrier_us=3118
ggml_backend_cuda_graph_compute: CUDA graph warmup complete
prefill staging: layer=0 tokens=1 unique=10 runs=10 bytes=22.2 MiB barrier_us=2934
ggml_backend_cuda_graph_compute: CUDA graph warmup complete
prefill staging: layer=0 tokens=1 unique=10 runs=10 bytes=22.2 MiB barrier_us=2778
ggml_backend_cuda_graph_compute: CUDA graph warmup complete
ggml_backend_cuda_graph_compute: CUDA graph warmup complete
ggml_backend_cuda_graph_compute: CUDA graph warmup complete
prefill staging: layer=1 tokens=1 unique=10 runs=10 bytes=22.2 MiB barrier_us=2762
ggml_backend_cuda_graph_compute: CUDA graph warmup complete
prefill staging: layer=1 tokens=1 unique=10 runs=10 bytes=22.2 MiB barrier_us=2539
ggml_backend_cuda_graph_compute: CUDA graph warmup complete
ggml_backend_cuda_graph_compute: CUDA graph warmup complete
prefill staging: layer=2 tokens=1 unique=10 runs=10 bytes=33.2 MiB barrier_us=3705
ggml_backend_cuda_graph_compute: CUDA graph warmup complete
prefill staging: layer=2 tokens=1 unique=10 runs=10 bytes=33.2 MiB barrier_us=3570
ggml_backend_cuda_graph_compute: CUDA graph warmup complete
ggml_backend_cuda_graph_compute: CUDA graph warmup complete
prefill staging: layer=3 tokens=1 unique=10 runs=10 bytes=22.2 MiB barrier_us=2602
ggml_backend_cuda_graph_compute: CUDA graph warmup complete
prefill staging: layer=3 tokens=1 unique=10 runs=10 bytes=22.2 MiB barrier_us=2779
ggml_backend_cuda_graph_compute: CUDA graph warmup complete
ggml_backend_cuda_graph_compute: CUDA graph warmup complete
prefill staging: layer=4 tokens=1 unique=10 runs=10 bytes=30.0 MiB barrier_us=3820
ggml_backend_cuda_graph_compute: CUDA graph warmup complete
prefill staging: layer=4 tokens=1 unique=10 runs=10 bytes=30.0 MiB barrier_us=3258
ggml_backend_cuda_graph_compute: CUDA graph warmup complete
ggml_backend_cuda_graph_compute: CUDA graph warmup complete
prefill staging: layer=5 tokens=1 unique=10 runs=10 bytes=22.2 MiB barrier_us=2800
ggml_backend_cuda_graph_compute: CUDA graph warmup complete
prefill staging: layer=5 tokens=1 unique=10 runs=10 bytes=22.2 MiB barrier_us=2359
ggml_backend_cuda_graph_compute: CUDA graph warmup complete
ggml_backend_cuda_graph_compute: CUDA graph warmup complete
prefill staging: layer=6 tokens=1 unique=10 runs=10 bytes=22.2 MiB barrier_us=3020
ggml_backend_cuda_graph_compute: CUDA graph warmup complete
prefill staging: layer=6 tokens=1 unique=10 runs=10 bytes=22.2 MiB barrier_us=2820
ggml_backend_cuda_graph_compute: CUDA graph warmup complete
ggml_backend_cuda_graph_compute: CUDA graph warmup complete
prefill staging: layer=7 tokens=1 unique=10 runs=10 bytes=22.2 MiB barrier_us=2710
ggml_backend_cuda_graph_compute: CUDA graph warmup complete
prefill staging: layer=7 tokens=1 unique=10 runs=10 bytes=22.2 MiB barrier_us=2686
ggml_backend_cuda_graph_compute: CUDA graph warmup complete
ggml_backend_cuda_graph_compute: CUDA graph warmup complete
prefill staging: layer=8 tokens=1 unique=10 runs=10 bytes=22.2 MiB barrier_us=2924
ggml_backend_cuda_graph_compute: CUDA graph warmup complete
prefill staging: layer=8 tokens=1 unique=10 runs=10 bytes=22.2 MiB barrier_us=2364
ggml_backend_cuda_graph_compute: CUDA graph warmup complete
ggml_backend_cuda_graph_compute: CUDA graph warmup complete
prefill staging: layer=9 tokens=1 unique=10 runs=10 bytes=22.2 MiB barrier_us=2573
ggml_backend_cuda_graph_compute: CUDA graph warmup complete
prefill staging: layer=9 tokens=1 unique=10 runs=10 bytes=22.2 MiB barrier_us=2740
ggml_backend_cuda_graph_compute: CUDA graph warmup complete
ggml_backend_cuda_graph_compute: CUDA graph warmup complete
prefill staging: layer=10 tokens=1 unique=10 runs=10 bytes=22.2 MiB barrier_us=2657
ggml_backend_cuda_graph_compute: CUDA graph warmup complete
prefill staging: layer=10 tokens=1 unique=10 runs=10 bytes=22.2 MiB barrier_us=2699
ggml_backend_cuda_graph_compute: CUDA graph warmup complete
ggml_backend_cuda_graph_compute: CUDA graph warmup complete
prefill staging: layer=11 tokens=1 unique=10 runs=9 bytes=22.2 MiB barrier_us=2812
ggml_backend_cuda_graph_compute: CUDA graph warmup complete
prefill staging: layer=11 tokens=1 unique=10 runs=9 bytes=22.2 MiB barrier_us=2660
ggml_backend_cuda_graph_compute: CUDA graph warmup complete
ggml_backend_cuda_graph_compute: CUDA graph warmup complete
prefill staging: layer=12 tokens=1 unique=10 runs=10 bytes=22.2 MiB barrier_us=2897
ggml_backend_cuda_graph_compute: CUDA graph warmup complete
prefill staging: layer=12 tokens=1 unique=10 runs=10 bytes=22.2 MiB barrier_us=2683
ggml_backend_cuda_graph_compute: CUDA graph warmup complete
ggml_backend_cuda_graph_compute: CUDA graph warmup complete
prefill staging: layer=13 tokens=1 unique=10 runs=10 bytes=22.2 MiB barrier_us=2633
ggml_backend_cuda_graph_compute: CUDA graph warmup complete
prefill staging: layer=13 tokens=1 unique=10 runs=10 bytes=22.2 MiB barrier_us=3379
ggml_backend_cuda_graph_compute: CUDA graph warmup complete
ggml_backend_cuda_graph_compute: CUDA graph warmup complete
prefill staging: layer=14 tokens=1 unique=10 runs=10 bytes=22.2 MiB barrier_us=3161
ggml_backend_cuda_graph_compute: CUDA graph warmup complete
prefill staging: layer=14 tokens=1 unique=10 runs=10 bytes=22.2 MiB barrier_us=2499
ggml_backend_cuda_graph_compute: CUDA graph warmup complete
ggml_backend_cuda_graph_compute: CUDA graph warmup complete
prefill staging: layer=15 tokens=1 unique=10 runs=10 bytes=22.2 MiB barrier_us=2872
ggml_backend_cuda_graph_compute: CUDA graph warmup complete
prefill staging: layer=15 tokens=1 unique=10 runs=10 bytes=22.2 MiB barrier_us=2529
ggml_backend_cuda_graph_compute: CUDA graph warmup complete
ggml_backend_cuda_graph_compute: CUDA graph warmup complete
prefill staging: layer=16 tokens=1 unique=10 runs=10 bytes=22.2 MiB barrier_us=2797
ggml_backend_cuda_graph_compute: CUDA graph warmup complete
prefill staging: layer=16 tokens=1 unique=10 runs=10 bytes=22.2 MiB barrier_us=2584
ggml_backend_cuda_graph_compute: CUDA graph warmup complete
ggml_backend_cuda_graph_compute: CUDA graph warmup complete
prefill staging: layer=17 tokens=1 unique=10 runs=10 bytes=22.2 MiB barrier_us=2728
ggml_backend_cuda_graph_compute: CUDA graph warmup complete
prefill staging: layer=17 tokens=1 unique=10 runs=10 bytes=22.2 MiB barrier_us=2666
ggml_backend_cuda_graph_compute: CUDA graph warmup complete
ggml_backend_cuda_graph_compute: CUDA graph warmup complete
prefill staging: layer=18 tokens=1 unique=10 runs=9 bytes=22.2 MiB barrier_us=2646
ggml_backend_cuda_graph_compute: CUDA graph warmup complete
prefill staging: layer=18 tokens=1 unique=10 runs=9 bytes=22.2 MiB barrier_us=2425
ggml_backend_cuda_graph_compute: CUDA graph warmup complete
ggml_backend_cuda_graph_compute: CUDA graph warmup complete
prefill staging: layer=19 tokens=1 unique=10 runs=9 bytes=22.2 MiB barrier_us=3126
ggml_backend_cuda_graph_compute: CUDA graph warmup complete
prefill staging: layer=19 tokens=1 unique=10 runs=9 bytes=22.2 MiB barrier_us=2699
ggml_backend_cuda_graph_compute: CUDA graph warmup complete
ggml_backend_cuda_graph_compute: CUDA graph warmup complete
prefill staging: layer=20 tokens=1 unique=10 runs=10 bytes=22.2 MiB barrier_us=2696
ggml_backend_cuda_graph_compute: CUDA graph warmup complete
prefill staging: layer=20 tokens=1 unique=10 runs=10 bytes=22.2 MiB barrier_us=2725
ggml_backend_cuda_graph_compute: CUDA graph warmup complete
ggml_backend_cuda_graph_compute: CUDA graph warmup complete
prefill staging: layer=21 tokens=1 unique=10 runs=10 bytes=22.2 MiB barrier_us=3136
ggml_backend_cuda_graph_compute: CUDA graph warmup complete
prefill staging: layer=21 tokens=1 unique=10 runs=10 bytes=22.2 MiB barrier_us=2449
ggml_backend_cuda_graph_compute: CUDA graph warmup complete
ggml_backend_cuda_graph_compute: CUDA graph warmup complete
prefill staging: layer=22 tokens=1 unique=10 runs=10 bytes=22.2 MiB barrier_us=2754
ggml_backend_cuda_graph_compute: CUDA graph warmup complete
prefill staging: layer=22 tokens=1 unique=10 runs=10 bytes=22.2 MiB barrier_us=2885
ggml_backend_cuda_graph_compute: CUDA graph warmup complete
ggml_backend_cuda_graph_compute: CUDA graph warmup complete
prefill staging: layer=23 tokens=1 unique=10 runs=10 bytes=22.2 MiB barrier_us=3376
ggml_backend_cuda_graph_compute: CUDA graph warmup complete
prefill staging: layer=23 tokens=1 unique=10 runs=10 bytes=22.2 MiB barrier_us=2577
ggml_backend_cuda_graph_compute: CUDA graph warmup complete
ggml_backend_cuda_graph_compute: CUDA graph warmup complete
prefill staging: layer=24 tokens=1 unique=10 runs=10 bytes=22.2 MiB barrier_us=2761
ggml_backend_cuda_graph_compute: CUDA graph warmup complete
prefill staging: layer=24 tokens=1 unique=10 runs=10 bytes=22.2 MiB barrier_us=2842
ggml_backend_cuda_graph_compute: CUDA graph warmup complete
ggml_backend_cuda_graph_compute: CUDA graph warmup complete
prefill staging: layer=25 tokens=1 unique=10 runs=10 bytes=22.2 MiB barrier_us=3102
ggml_backend_cuda_graph_compute: CUDA graph warmup complete
prefill staging: layer=25 tokens=1 unique=10 runs=10 bytes=22.2 MiB barrier_us=2749
ggml_backend_cuda_graph_compute: CUDA graph warmup complete
ggml_backend_cuda_graph_compute: CUDA graph warmup complete
prefill staging: layer=26 tokens=1 unique=10 runs=10 bytes=22.2 MiB barrier_us=2651
ggml_backend_cuda_graph_compute: CUDA graph warmup complete
prefill staging: layer=26 tokens=1 unique=10 runs=10 bytes=22.2 MiB barrier_us=2771
ggml_backend_cuda_graph_compute: CUDA graph warmup complete
ggml_backend_cuda_graph_compute: CUDA graph warmup complete
prefill staging: layer=27 tokens=1 unique=10 runs=9 bytes=22.2 MiB barrier_us=3446
ggml_backend_cuda_graph_compute: CUDA graph warmup complete
prefill staging: layer=27 tokens=1 unique=10 runs=9 bytes=22.2 MiB barrier_us=2532
ggml_backend_cuda_graph_compute: CUDA graph warmup complete
ggml_backend_cuda_graph_compute: CUDA graph warmup complete
prefill staging: layer=28 tokens=1 unique=10 runs=10 bytes=22.2 MiB barrier_us=2757
ggml_backend_cuda_graph_compute: CUDA graph warmup complete
prefill staging: layer=28 tokens=1 unique=10 runs=10 bytes=22.2 MiB barrier_us=2657
ggml_backend_cuda_graph_compute: CUDA graph warmup complete
ggml_backend_cuda_graph_compute: CUDA graph warmup complete
prefill staging: layer=29 tokens=1 unique=10 runs=10 bytes=22.2 MiB barrier_us=3309
ggml_backend_cuda_graph_compute: CUDA graph warmup complete
prefill staging: layer=29 tokens=1 unique=10 runs=10 bytes=22.2 MiB barrier_us=2406
ggml_backend_cuda_graph_compute: CUDA graph warmup complete
ggml_backend_cuda_graph_compute: CUDA graph warmup complete
prefill staging: layer=30 tokens=1 unique=10 runs=9 bytes=30.0 MiB barrier_us=3739
ggml_backend_cuda_graph_compute: CUDA graph warmup complete
prefill staging: layer=30 tokens=1 unique=10 runs=9 bytes=30.0 MiB barrier_us=3451
ggml_backend_cuda_graph_compute: CUDA graph warmup complete
ggml_backend_cuda_graph_compute: CUDA graph warmup complete
prefill staging: layer=31 tokens=1 unique=10 runs=10 bytes=22.2 MiB barrier_us=3013
ggml_backend_cuda_graph_compute: CUDA graph warmup complete
prefill staging: layer=31 tokens=1 unique=10 runs=10 bytes=22.2 MiB barrier_us=2588
ggml_backend_cuda_graph_compute: CUDA graph warmup complete
ggml_backend_cuda_graph_compute: CUDA graph warmup complete
prefill staging: layer=32 tokens=1 unique=10 runs=10 bytes=22.2 MiB barrier_us=2580
ggml_backend_cuda_graph_compute: CUDA graph warmup complete
prefill staging: layer=32 tokens=1 unique=10 runs=10 bytes=22.2 MiB barrier_us=2743
ggml_backend_cuda_graph_compute: CUDA graph warmup complete
ggml_backend_cuda_graph_compute: CUDA graph warmup complete
prefill staging: layer=33 tokens=1 unique=10 runs=10 bytes=22.2 MiB barrier_us=3008
ggml_backend_cuda_graph_compute: CUDA graph warmup complete
prefill staging: layer=33 tokens=1 unique=10 runs=10 bytes=22.2 MiB barrier_us=2352
ggml_backend_cuda_graph_compute: CUDA graph warmup complete
ggml_backend_cuda_graph_compute: CUDA graph warmup complete
prefill staging: layer=34 tokens=1 unique=10 runs=9 bytes=22.2 MiB barrier_us=2829
ggml_backend_cuda_graph_compute: CUDA graph warmup complete
prefill staging: layer=34 tokens=1 unique=10 runs=9 bytes=22.2 MiB barrier_us=3343
ggml_backend_cuda_graph_compute: CUDA graph warmup complete
ggml_backend_cuda_graph_compute: CUDA graph warmup complete
prefill staging: layer=35 tokens=1 unique=10 runs=9 bytes=22.2 MiB barrier_us=2881
ggml_backend_cuda_graph_compute: CUDA graph warmup complete
prefill staging: layer=35 tokens=1 unique=10 runs=9 bytes=22.2 MiB barrier_us=2734
ggml_backend_cuda_graph_compute: CUDA graph warmup complete
ggml_backend_cuda_graph_compute: CUDA graph warmup complete
prefill staging: layer=36 tokens=1 unique=10 runs=10 bytes=22.2 MiB barrier_us=3020
ggml_backend_cuda_graph_compute: CUDA graph warmup complete
prefill staging: layer=36 tokens=1 unique=10 runs=10 bytes=22.2 MiB barrier_us=2805
ggml_backend_cuda_graph_compute: CUDA graph warmup complete
ggml_backend_cuda_graph_compute: CUDA graph warmup complete
prefill staging: layer=37 tokens=1 unique=10 runs=10 bytes=22.2 MiB barrier_us=3759
ggml_backend_cuda_graph_compute: CUDA graph warmup complete
prefill staging: layer=37 tokens=1 unique=10 runs=10 bytes=22.2 MiB barrier_us=2582
ggml_backend_cuda_graph_compute: CUDA graph warmup complete
ggml_backend_cuda_graph_compute: CUDA graph warmup complete
prefill staging: layer=38 tokens=1 unique=10 runs=10 bytes=22.2 MiB barrier_us=2806
ggml_backend_cuda_graph_compute: CUDA graph warmup complete
prefill staging: layer=38 tokens=1 unique=10 runs=10 bytes=22.2 MiB barrier_us=3326
ggml_backend_cuda_graph_compute: CUDA graph warmup complete
ggml_backend_cuda_graph_compute: CUDA graph warmup complete
prefill staging: layer=39 tokens=1 unique=10 runs=10 bytes=22.2 MiB barrier_us=2965
ggml_backend_cuda_graph_compute: CUDA graph warmup complete
prefill staging: layer=39 tokens=1 unique=10 runs=10 bytes=22.2 MiB barrier_us=3112
ggml_backend_cuda_graph_compute: CUDA graph warmup complete
ggml_backend_cuda_graph_compute: CUDA graph warmup complete
prefill staging: layer=40 tokens=1 unique=10 runs=10 bytes=22.2 MiB barrier_us=3096
ggml_backend_cuda_graph_compute: CUDA graph warmup complete
prefill staging: layer=40 tokens=1 unique=10 runs=10 bytes=22.2 MiB barrier_us=2500
ggml_backend_cuda_graph_compute: CUDA graph warmup complete
ggml_backend_cuda_graph_compute: CUDA graph warmup complete
prefill staging: layer=41 tokens=1 unique=10 runs=10 bytes=22.2 MiB barrier_us=3042
ggml_backend_cuda_graph_compute: CUDA graph warmup complete
prefill staging: layer=41 tokens=1 unique=10 runs=10 bytes=22.2 MiB barrier_us=2666
ggml_backend_cuda_graph_compute: CUDA graph warmup complete
ggml_backend_cuda_graph_compute: CUDA graph warmup complete
prefill staging: layer=42 tokens=1 unique=10 runs=10 bytes=22.2 MiB barrier_us=2721
ggml_backend_cuda_graph_compute: CUDA graph warmup complete
prefill staging: layer=42 tokens=1 unique=10 runs=10 bytes=22.2 MiB barrier_us=2886
ggml_backend_cuda_graph_compute: CUDA graph warmup complete
ggml_backend_cuda_graph_compute: CUDA graph warmup complete
prefill staging: layer=43 tokens=1 unique=10 runs=9 bytes=22.2 MiB barrier_us=3160
ggml_backend_cuda_graph_compute: CUDA graph warmup complete
prefill staging: layer=43 tokens=1 unique=10 runs=9 bytes=22.2 MiB barrier_us=2399
ggml_backend_cuda_graph_compute: CUDA graph warmup complete
ggml_backend_cuda_graph_compute: CUDA graph warmup complete
prefill staging: layer=44 tokens=1 unique=10 runs=10 bytes=22.2 MiB barrier_us=2754
ggml_backend_cuda_graph_compute: CUDA graph warmup complete
prefill staging: layer=44 tokens=1 unique=10 runs=10 bytes=22.2 MiB barrier_us=2602
ggml_backend_cuda_graph_compute: CUDA graph warmup complete
ggml_backend_cuda_graph_compute: CUDA graph warmup complete
prefill staging: layer=45 tokens=1 unique=10 runs=9 bytes=22.2 MiB barrier_us=3447
ggml_backend_cuda_graph_compute: CUDA graph warmup complete
prefill staging: layer=45 tokens=1 unique=10 runs=9 bytes=22.2 MiB barrier_us=2715
ggml_backend_cuda_graph_compute: CUDA graph warmup complete
ggml_backend_cuda_graph_compute: CUDA graph warmup complete
prefill staging: layer=46 tokens=1 unique=10 runs=9 bytes=30.0 MiB barrier_us=3397
ggml_backend_cuda_graph_compute: CUDA graph warmup complete
prefill staging: layer=46 tokens=1 unique=10 runs=9 bytes=30.0 MiB barrier_us=3171
ggml_backend_cuda_graph_compute: CUDA graph warmup complete
ggml_backend_cuda_graph_compute: CUDA graph warmup complete
prefill staging: layer=47 tokens=1 unique=10 runs=10 bytes=30.0 MiB barrier_us=4158
ggml_backend_cuda_graph_compute: CUDA graph warmup complete
prefill staging: layer=47 tokens=1 unique=10 runs=10 bytes=30.0 MiB barrier_us=3308
ggml_backend_cuda_graph_compute: CUDA graph warmup complete
ggml_backend_cuda_graph_compute: CUDA graph warmup complete
prefill staging: layer=0 tokens=1 unique=10 runs=10 bytes=22.2 MiB barrier_us=2650
prefill staging: layer=0 tokens=1 unique=10 runs=10 bytes=22.2 MiB barrier_us=2637
prefill staging: layer=1 tokens=1 unique=10 runs=10 bytes=22.2 MiB barrier_us=3183
prefill staging: layer=1 tokens=1 unique=10 runs=10 bytes=22.2 MiB barrier_us=2353
prefill staging: layer=2 tokens=1 unique=10 runs=9 bytes=33.2 MiB barrier_us=4178
prefill staging: layer=2 tokens=1 unique=10 runs=9 bytes=33.2 MiB barrier_us=3896
prefill staging: layer=3 tokens=1 unique=10 runs=10 bytes=22.2 MiB barrier_us=3532
prefill staging: layer=3 tokens=1 unique=10 runs=10 bytes=22.2 MiB barrier_us=2481
prefill staging: layer=4 tokens=1 unique=10 runs=10 bytes=30.0 MiB barrier_us=3991
prefill staging: layer=4 tokens=1 unique=10 runs=10 bytes=30.0 MiB barrier_us=3549
prefill staging: layer=5 tokens=1 unique=10 runs=10 bytes=22.2 MiB barrier_us=3029
prefill staging: layer=5 tokens=1 unique=10 runs=10 bytes=22.2 MiB barrier_us=2335
prefill staging: layer=6 tokens=1 unique=10 runs=10 bytes=22.2 MiB barrier_us=2742
prefill staging: layer=6 tokens=1 unique=10 runs=10 bytes=22.2 MiB barrier_us=2820
prefill staging: layer=7 tokens=1 unique=10 runs=10 bytes=22.2 MiB barrier_us=3111
prefill staging: layer=7 tokens=1 unique=10 runs=10 bytes=22.2 MiB barrier_us=2586
prefill staging: layer=8 tokens=1 unique=10 runs=10 bytes=22.2 MiB barrier_us=2889
prefill staging: layer=8 tokens=1 unique=10 runs=10 bytes=22.2 MiB barrier_us=2571
prefill staging: layer=9 tokens=1 unique=10 runs=10 bytes=22.2 MiB barrier_us=2755
prefill staging: layer=9 tokens=1 unique=10 runs=10 bytes=22.2 MiB barrier_us=2842
prefill staging: layer=10 tokens=1 unique=10 runs=10 bytes=22.2 MiB barrier_us=2455
prefill staging: layer=10 tokens=1 unique=10 runs=10 bytes=22.2 MiB barrier_us=2623
prefill staging: layer=11 tokens=1 unique=10 runs=9 bytes=22.2 MiB barrier_us=3167
prefill staging: layer=11 tokens=1 unique=10 runs=9 bytes=22.2 MiB barrier_us=2672
prefill staging: layer=12 tokens=1 unique=10 runs=10 bytes=22.2 MiB barrier_us=2804
prefill staging: layer=12 tokens=1 unique=10 runs=10 bytes=22.2 MiB barrier_us=2486
prefill staging: layer=13 tokens=1 unique=10 runs=10 bytes=22.2 MiB barrier_us=2615
prefill staging: layer=13 tokens=1 unique=10 runs=10 bytes=22.2 MiB barrier_us=2569
prefill staging: layer=14 tokens=1 unique=10 runs=10 bytes=22.2 MiB barrier_us=2541
prefill staging: layer=14 tokens=1 unique=10 runs=10 bytes=22.2 MiB barrier_us=2965
prefill staging: layer=15 tokens=1 unique=10 runs=10 bytes=22.2 MiB barrier_us=2662
prefill staging: layer=15 tokens=1 unique=10 runs=10 bytes=22.2 MiB barrier_us=2684
prefill staging: layer=16 tokens=1 unique=10 runs=10 bytes=22.2 MiB barrier_us=3100
prefill staging: layer=16 tokens=1 unique=10 runs=10 bytes=22.2 MiB barrier_us=2587
prefill staging: layer=17 tokens=1 unique=10 runs=9 bytes=22.2 MiB barrier_us=2813
prefill staging: layer=17 tokens=1 unique=10 runs=9 bytes=22.2 MiB barrier_us=2564
prefill staging: layer=18 tokens=1 unique=10 runs=9 bytes=22.2 MiB barrier_us=2888
prefill staging: layer=18 tokens=1 unique=10 runs=9 bytes=22.2 MiB barrier_us=3226
prefill staging: layer=19 tokens=1 unique=10 runs=9 bytes=22.2 MiB barrier_us=2917
prefill staging: layer=19 tokens=1 unique=10 runs=9 bytes=22.2 MiB barrier_us=2945
prefill staging: layer=20 tokens=1 unique=10 runs=9 bytes=22.2 MiB barrier_us=2890
prefill staging: layer=20 tokens=1 unique=10 runs=9 bytes=22.2 MiB barrier_us=2589
prefill staging: layer=21 tokens=1 unique=10 runs=10 bytes=22.2 MiB barrier_us=2884
prefill staging: layer=21 tokens=1 unique=10 runs=10 bytes=22.2 MiB barrier_us=2547
prefill staging: layer=22 tokens=1 unique=10 runs=10 bytes=22.2 MiB barrier_us=2712
prefill staging: layer=22 tokens=1 unique=10 runs=10 bytes=22.2 MiB barrier_us=2836
prefill staging: layer=23 tokens=1 unique=10 runs=10 bytes=22.2 MiB barrier_us=2603
prefill staging: layer=23 tokens=1 unique=10 runs=10 bytes=22.2 MiB barrier_us=2533
prefill staging: layer=24 tokens=1 unique=10 runs=10 bytes=22.2 MiB barrier_us=2629
prefill staging: layer=24 tokens=1 unique=10 runs=10 bytes=22.2 MiB barrier_us=2448
prefill staging: layer=25 tokens=1 unique=10 runs=10 bytes=22.2 MiB barrier_us=3094
prefill staging: layer=25 tokens=1 unique=10 runs=10 bytes=22.2 MiB barrier_us=2571
prefill staging: layer=26 tokens=1 unique=10 runs=10 bytes=22.2 MiB barrier_us=2673
prefill staging: layer=26 tokens=1 unique=10 runs=10 bytes=22.2 MiB barrier_us=2619
prefill staging: layer=27 tokens=1 unique=10 runs=10 bytes=22.2 MiB barrier_us=2808
prefill staging: layer=27 tokens=1 unique=10 runs=10 bytes=22.2 MiB barrier_us=2628
prefill staging: layer=28 tokens=1 unique=10 runs=10 bytes=22.2 MiB barrier_us=2759
prefill staging: layer=28 tokens=1 unique=10 runs=10 bytes=22.2 MiB barrier_us=2785
prefill staging: layer=29 tokens=1 unique=10 runs=10 bytes=22.2 MiB barrier_us=2590
prefill staging: layer=29 tokens=1 unique=10 runs=10 bytes=22.2 MiB barrier_us=2698
prefill staging: layer=30 tokens=1 unique=10 runs=10 bytes=30.0 MiB barrier_us=3312
prefill staging: layer=30 tokens=1 unique=10 runs=10 bytes=30.0 MiB barrier_us=3019
prefill staging: layer=31 tokens=1 unique=10 runs=10 bytes=22.2 MiB barrier_us=2850
prefill staging: layer=31 tokens=1 unique=10 runs=10 bytes=22.2 MiB barrier_us=2590
prefill staging: layer=32 tokens=1 unique=10 runs=10 bytes=22.2 MiB barrier_us=2616
prefill staging: layer=32 tokens=1 unique=10 runs=10 bytes=22.2 MiB barrier_us=2640
prefill staging: layer=33 tokens=1 unique=10 runs=10 bytes=22.2 MiB barrier_us=2576
prefill staging: layer=33 tokens=1 unique=10 runs=10 bytes=22.2 MiB barrier_us=2382
prefill staging: layer=34 tokens=1 unique=10 runs=10 bytes=22.2 MiB barrier_us=2577
prefill staging: layer=34 tokens=1 unique=10 runs=10 bytes=22.2 MiB barrier_us=2430
prefill staging: layer=35 tokens=1 unique=10 runs=10 bytes=22.2 MiB barrier_us=2895
prefill staging: layer=35 tokens=1 unique=10 runs=10 bytes=22.2 MiB barrier_us=2546
prefill staging: layer=36 tokens=1 unique=10 runs=10 bytes=22.2 MiB barrier_us=2715
prefill staging: layer=36 tokens=1 unique=10 runs=10 bytes=22.2 MiB barrier_us=2512
prefill staging: layer=37 tokens=1 unique=10 runs=10 bytes=22.2 MiB barrier_us=2837
prefill staging: layer=37 tokens=1 unique=10 runs=10 bytes=22.2 MiB barrier_us=2616
prefill staging: layer=38 tokens=1 unique=10 runs=8 bytes=22.2 MiB barrier_us=2796
prefill staging: layer=38 tokens=1 unique=10 runs=8 bytes=22.2 MiB barrier_us=2850
prefill staging: layer=39 tokens=1 unique=10 runs=10 bytes=22.2 MiB barrier_us=2518
prefill staging: layer=39 tokens=1 unique=10 runs=10 bytes=22.2 MiB barrier_us=2587
prefill staging: layer=40 tokens=1 unique=10 runs=10 bytes=22.2 MiB barrier_us=3138
prefill staging: layer=40 tokens=1 unique=10 runs=10 bytes=22.2 MiB barrier_us=2679
prefill staging: layer=41 tokens=1 unique=10 runs=9 bytes=22.2 MiB barrier_us=2728
prefill staging: layer=41 tokens=1 unique=10 runs=9 bytes=22.2 MiB barrier_us=2689
prefill staging: layer=42 tokens=1 unique=10 runs=10 bytes=22.2 MiB barrier_us=2469
prefill staging: layer=42 tokens=1 unique=10 runs=10 bytes=22.2 MiB barrier_us=2342
prefill staging: layer=43 tokens=1 unique=10 runs=10 bytes=22.2 MiB barrier_us=2743
prefill staging: layer=43 tokens=1 unique=10 runs=10 bytes=22.2 MiB barrier_us=2836
prefill staging: layer=44 tokens=1 unique=10 runs=10 bytes=22.2 MiB barrier_us=2793
prefill staging: layer=44 tokens=1 unique=10 runs=10 bytes=22.2 MiB barrier_us=2663
prefill staging: layer=45 tokens=1 unique=10 runs=10 bytes=22.2 MiB barrier_us=3104
prefill staging: layer=45 tokens=1 unique=10 runs=10 bytes=22.2 MiB barrier_us=2596
prefill staging: layer=46 tokens=1 unique=10 runs=10 bytes=30.0 MiB barrier_us=3376
prefill staging: layer=46 tokens=1 unique=10 runs=10 bytes=30.0 MiB barrier_us=3579
prefill staging: layer=47 tokens=1 unique=10 runs=9 bytes=30.0 MiB barrier_us=4318
prefill staging: layer=47 tokens=1 unique=10 runs=9 bytes=30.0 MiB barrier_us=3173
prefill staging: layer=0 tokens=1 unique=10 runs=10 bytes=22.2 MiB barrier_us=2664
prefill staging: layer=0 tokens=1 unique=10 runs=10 bytes=22.2 MiB barrier_us=2578
prefill staging: layer=1 tokens=1 unique=10 runs=10 bytes=22.2 MiB barrier_us=2937
prefill staging: layer=1 tokens=1 unique=10 runs=10 bytes=22.2 MiB barrier_us=2569
prefill staging: layer=2 tokens=1 unique=10 runs=8 bytes=33.2 MiB barrier_us=4327
prefill staging: layer=2 tokens=1 unique=10 runs=8 bytes=33.2 MiB barrier_us=3296
prefill staging: layer=3 tokens=1 unique=10 runs=10 bytes=22.2 MiB barrier_us=3626
prefill staging: layer=3 tokens=1 unique=10 runs=10 bytes=22.2 MiB barrier_us=2508
prefill staging: layer=4 tokens=1 unique=10 runs=10 bytes=30.0 MiB barrier_us=4042
prefill staging: layer=4 tokens=1 unique=10 runs=10 bytes=30.0 MiB barrier_us=3533
prefill staging: layer=5 tokens=1 unique=10 runs=10 bytes=22.2 MiB barrier_us=2990
prefill staging: layer=5 tokens=1 unique=10 runs=10 bytes=22.2 MiB barrier_us=2490
prefill staging: layer=6 tokens=1 unique=10 runs=10 bytes=22.2 MiB barrier_us=2923
prefill staging: layer=6 tokens=1 unique=10 runs=10 bytes=22.2 MiB barrier_us=2819
prefill staging: layer=7 tokens=1 unique=10 runs=10 bytes=22.2 MiB barrier_us=3188
prefill staging: layer=7 tokens=1 unique=10 runs=10 bytes=22.2 MiB barrier_us=2584
prefill staging: layer=8 tokens=1 unique=10 runs=10 bytes=22.2 MiB barrier_us=2881
prefill staging: layer=8 tokens=1 unique=10 runs=10 bytes=22.2 MiB barrier_us=3086
prefill staging: layer=9 tokens=1 unique=10 runs=10 bytes=22.2 MiB barrier_us=3031
prefill staging: layer=9 tokens=1 unique=10 runs=10 bytes=22.2 MiB barrier_us=2689
prefill staging: layer=10 tokens=1 unique=10 runs=10 bytes=22.2 MiB barrier_us=2822
prefill staging: layer=10 tokens=1 unique=10 runs=10 bytes=22.2 MiB barrier_us=2773
prefill staging: layer=11 tokens=1 unique=10 runs=10 bytes=22.2 MiB barrier_us=3024
prefill staging: layer=11 tokens=1 unique=10 runs=10 bytes=22.2 MiB barrier_us=2850
prefill staging: layer=12 tokens=1 unique=10 runs=9 bytes=22.2 MiB barrier_us=2833
prefill staging: layer=12 tokens=1 unique=10 runs=9 bytes=22.2 MiB barrier_us=3014
prefill staging: layer=13 tokens=1 unique=10 runs=10 bytes=22.2 MiB barrier_us=3394
prefill staging: layer=13 tokens=1 unique=10 runs=10 bytes=22.2 MiB barrier_us=2727
prefill staging: layer=14 tokens=1 unique=10 runs=10 bytes=22.2 MiB barrier_us=2732
prefill staging: layer=14 tokens=1 unique=10 runs=10 bytes=22.2 MiB barrier_us=2522
prefill staging: layer=15 tokens=1 unique=10 runs=9 bytes=22.2 MiB barrier_us=2933
prefill staging: layer=15 tokens=1 unique=10 runs=9 bytes=22.2 MiB barrier_us=3062
prefill staging: layer=16 tokens=1 unique=10 runs=10 bytes=22.2 MiB barrier_us=2947
prefill staging: layer=16 tokens=1 unique=10 runs=10 bytes=22.2 MiB barrier_us=2534
prefill staging: layer=17 tokens=1 unique=10 runs=10 bytes=22.2 MiB barrier_us=3261
prefill staging: layer=17 tokens=1 unique=10 runs=10 bytes=22.2 MiB barrier_us=2500
prefill staging: layer=18 tokens=1 unique=10 runs=9 bytes=22.2 MiB barrier_us=2908
prefill staging: layer=18 tokens=1 unique=10 runs=9 bytes=22.2 MiB barrier_us=2635
prefill staging: layer=19 tokens=1 unique=10 runs=10 bytes=22.2 MiB barrier_us=2814
prefill staging: layer=19 tokens=1 unique=10 runs=10 bytes=22.2 MiB barrier_us=2984
prefill staging: layer=20 tokens=1 unique=10 runs=10 bytes=22.2 MiB barrier_us=3101
prefill staging: layer=20 tokens=1 unique=10 runs=10 bytes=22.2 MiB barrier_us=2571
prefill staging: layer=21 tokens=1 unique=10 runs=10 bytes=22.2 MiB barrier_us=2697
prefill staging: layer=21 tokens=1 unique=10 runs=10 bytes=22.2 MiB barrier_us=2512
prefill staging: layer=22 tokens=1 unique=10 runs=10 bytes=22.2 MiB barrier_us=2877
prefill staging: layer=22 tokens=1 unique=10 runs=10 bytes=22.2 MiB barrier_us=2600
prefill staging: layer=23 tokens=1 unique=10 runs=10 bytes=22.2 MiB barrier_us=2559
prefill staging: layer=23 tokens=1 unique=10 runs=10 bytes=22.2 MiB barrier_us=2699
prefill staging: layer=24 tokens=1 unique=10 runs=10 bytes=22.2 MiB barrier_us=2687
prefill staging: layer=24 tokens=1 unique=10 runs=10 bytes=22.2 MiB barrier_us=2460
prefill staging: layer=25 tokens=1 unique=10 runs=10 bytes=22.2 MiB barrier_us=2611
prefill staging: layer=25 tokens=1 unique=10 runs=10 bytes=22.2 MiB barrier_us=2843
prefill staging: layer=26 tokens=1 unique=10 runs=10 bytes=22.2 MiB barrier_us=3171
prefill staging: layer=26 tokens=1 unique=10 runs=10 bytes=22.2 MiB barrier_us=2643
prefill staging: layer=27 tokens=1 unique=10 runs=10 bytes=22.2 MiB barrier_us=2811
prefill staging: layer=27 tokens=1 unique=10 runs=10 bytes=22.2 MiB barrier_us=2539
prefill staging: layer=28 tokens=1 unique=10 runs=9 bytes=22.2 MiB barrier_us=2751
prefill staging: layer=28 tokens=1 unique=10 runs=9 bytes=22.2 MiB barrier_us=2986
prefill staging: layer=29 tokens=1 unique=10 runs=10 bytes=22.2 MiB barrier_us=2519
prefill staging: layer=29 tokens=1 unique=10 runs=10 bytes=22.2 MiB barrier_us=2809
prefill staging: layer=30 tokens=1 unique=10 runs=10 bytes=30.0 MiB barrier_us=3856
prefill staging: layer=30 tokens=1 unique=10 runs=10 bytes=30.0 MiB barrier_us=3076
prefill staging: layer=31 tokens=1 unique=10 runs=9 bytes=22.2 MiB barrier_us=2812
prefill staging: layer=31 tokens=1 unique=10 runs=9 bytes=22.2 MiB barrier_us=2930
prefill staging: layer=32 tokens=1 unique=10 runs=10 bytes=22.2 MiB barrier_us=2731
prefill staging: layer=32 tokens=1 unique=10 runs=10 bytes=22.2 MiB barrier_us=2586
prefill staging: layer=33 tokens=1 unique=10 runs=10 bytes=22.2 MiB barrier_us=2700
prefill staging: layer=33 tokens=1 unique=10 runs=10 bytes=22.2 MiB barrier_us=2424
prefill staging: layer=34 tokens=1 unique=10 runs=9 bytes=22.2 MiB barrier_us=2987
prefill staging: layer=34 tokens=1 unique=10 runs=9 bytes=22.2 MiB barrier_us=2662
prefill staging: layer=35 tokens=1 unique=10 runs=10 bytes=22.2 MiB barrier_us=2806
prefill staging: layer=35 tokens=1 unique=10 runs=10 bytes=22.2 MiB barrier_us=2600
prefill staging: layer=36 tokens=1 unique=10 runs=10 bytes=22.2 MiB barrier_us=2509
prefill staging: layer=36 tokens=1 unique=10 runs=10 bytes=22.2 MiB barrier_us=2654
prefill staging: layer=37 tokens=1 unique=10 runs=10 bytes=22.2 MiB barrier_us=2722
prefill staging: layer=37 tokens=1 unique=10 runs=10 bytes=22.2 MiB barrier_us=2593
prefill staging: layer=38 tokens=1 unique=10 runs=10 bytes=22.2 MiB barrier_us=2890
prefill staging: layer=38 tokens=1 unique=10 runs=10 bytes=22.2 MiB barrier_us=2756
prefill staging: layer=39 tokens=1 unique=10 runs=10 bytes=22.2 MiB barrier_us=2858
prefill staging: layer=39 tokens=1 unique=10 runs=10 bytes=22.2 MiB barrier_us=2378
prefill staging: layer=40 tokens=1 unique=10 runs=10 bytes=22.2 MiB barrier_us=2834
prefill staging: layer=40 tokens=1 unique=10 runs=10 bytes=22.2 MiB barrier_us=2596
prefill staging: layer=41 tokens=1 unique=10 runs=10 bytes=22.2 MiB barrier_us=2720
prefill staging: layer=41 tokens=1 unique=10 runs=10 bytes=22.2 MiB barrier_us=2992
prefill staging: layer=42 tokens=1 unique=10 runs=10 bytes=22.2 MiB barrier_us=2610
prefill staging: layer=42 tokens=1 unique=10 runs=10 bytes=22.2 MiB barrier_us=2723
prefill staging: layer=43 tokens=1 unique=10 runs=10 bytes=22.2 MiB barrier_us=2870
prefill staging: layer=43 tokens=1 unique=10 runs=10 bytes=22.2 MiB barrier_us=2429
prefill staging: layer=44 tokens=1 unique=10 runs=10 bytes=22.2 MiB barrier_us=2708
prefill staging: layer=44 tokens=1 unique=10 runs=10 bytes=22.2 MiB barrier_us=2465
prefill staging: layer=45 tokens=1 unique=10 runs=9 bytes=22.2 MiB barrier_us=3010
prefill staging: layer=45 tokens=1 unique=10 runs=9 bytes=22.2 MiB barrier_us=3024
prefill staging: layer=46 tokens=1 unique=10 runs=10 bytes=30.0 MiB barrier_us=3509
prefill staging: layer=46 tokens=1 unique=10 runs=10 bytes=30.0 MiB barrier_us=3167
prefill staging: layer=47 tokens=1 unique=10 runs=10 bytes=30.0 MiB barrier_us=4499
prefill staging: layer=47 tokens=1 unique=10 runs=10 bytes=30.0 MiB barrier_us=3814
prefill staging: layer=0 tokens=1 unique=10 runs=10 bytes=22.2 MiB barrier_us=3051
prefill staging: layer=0 tokens=1 unique=10 runs=10 bytes=22.2 MiB barrier_us=2469
prefill staging: layer=1 tokens=1 unique=10 runs=10 bytes=22.2 MiB barrier_us=2488
prefill staging: layer=1 tokens=1 unique=10 runs=10 bytes=22.2 MiB barrier_us=2388
prefill staging: layer=2 tokens=1 unique=10 runs=9 bytes=33.2 MiB barrier_us=4464
prefill staging: layer=2 tokens=1 unique=10 runs=9 bytes=33.2 MiB barrier_us=3811
prefill staging: layer=3 tokens=1 unique=10 runs=10 bytes=22.2 MiB barrier_us=3153
prefill staging: layer=3 tokens=1 unique=10 runs=10 bytes=22.2 MiB barrier_us=2635
prefill staging: layer=4 tokens=1 unique=10 runs=10 bytes=30.0 MiB barrier_us=3926
prefill staging: layer=4 tokens=1 unique=10 runs=10 bytes=30.0 MiB barrier_us=3466
prefill staging: layer=5 tokens=1 unique=10 runs=10 bytes=22.2 MiB barrier_us=3119
prefill staging: layer=5 tokens=1 unique=10 runs=10 bytes=22.2 MiB barrier_us=2437
prefill staging: layer=6 tokens=1 unique=10 runs=10 bytes=22.2 MiB barrier_us=2743
prefill staging: layer=6 tokens=1 unique=10 runs=10 bytes=22.2 MiB barrier_us=2718
prefill staging: layer=7 tokens=1 unique=10 runs=10 bytes=22.2 MiB barrier_us=2669
prefill staging: layer=7 tokens=1 unique=10 runs=10 bytes=22.2 MiB barrier_us=2750
prefill staging: layer=8 tokens=1 unique=10 runs=10 bytes=22.2 MiB barrier_us=3594
prefill staging: layer=8 tokens=1 unique=10 runs=10 bytes=22.2 MiB barrier_us=2537
prefill staging: layer=9 tokens=1 unique=10 runs=10 bytes=22.2 MiB barrier_us=3263
prefill staging: layer=9 tokens=1 unique=10 runs=10 bytes=22.2 MiB barrier_us=2606
prefill staging: layer=10 tokens=1 unique=10 runs=10 bytes=22.2 MiB barrier_us=3073
prefill staging: layer=10 tokens=1 unique=10 runs=10 bytes=22.2 MiB barrier_us=2570
prefill staging: layer=11 tokens=1 unique=10 runs=10 bytes=22.2 MiB barrier_us=2943
prefill staging: layer=11 tokens=1 unique=10 runs=10 bytes=22.2 MiB barrier_us=2378
prefill staging: layer=12 tokens=1 unique=10 runs=10 bytes=22.2 MiB barrier_us=3658
prefill staging: layer=12 tokens=1 unique=10 runs=10 bytes=22.2 MiB barrier_us=2555
prefill staging: layer=13 tokens=1 unique=10 runs=10 bytes=22.2 MiB barrier_us=2796
prefill staging: layer=13 tokens=1 unique=10 runs=10 bytes=22.2 MiB barrier_us=2650
prefill staging: layer=14 tokens=1 unique=10 runs=10 bytes=22.2 MiB barrier_us=2933
prefill staging: layer=14 tokens=1 unique=10 runs=10 bytes=22.2 MiB barrier_us=2504
prefill staging: layer=15 tokens=1 unique=10 runs=10 bytes=22.2 MiB barrier_us=3098
prefill staging: layer=15 tokens=1 unique=10 runs=10 bytes=22.2 MiB barrier_us=2568
prefill staging: layer=16 tokens=1 unique=10 runs=10 bytes=22.2 MiB barrier_us=2531
prefill staging: layer=16 tokens=1 unique=10 runs=10 bytes=22.2 MiB barrier_us=2751
prefill staging: layer=17 tokens=1 unique=10 runs=10 bytes=22.2 MiB barrier_us=3229
prefill staging: layer=17 tokens=1 unique=10 runs=10 bytes=22.2 MiB barrier_us=2667
prefill staging: layer=18 tokens=1 unique=10 runs=9 bytes=22.2 MiB barrier_us=2925
prefill staging: layer=18 tokens=1 unique=10 runs=9 bytes=22.2 MiB barrier_us=2468
prefill staging: layer=19 tokens=1 unique=10 runs=10 bytes=22.2 MiB barrier_us=2780
prefill staging: layer=19 tokens=1 unique=10 runs=10 bytes=22.2 MiB barrier_us=2560
prefill staging: layer=20 tokens=1 unique=10 runs=10 bytes=22.2 MiB barrier_us=2679
prefill staging: layer=20 tokens=1 unique=10 runs=10 bytes=22.2 MiB barrier_us=2744
prefill staging: layer=21 tokens=1 unique=10 runs=10 bytes=22.2 MiB barrier_us=2616
prefill staging: layer=21 tokens=1 unique=10 runs=10 bytes=22.2 MiB barrier_us=2391
prefill staging: layer=22 tokens=1 unique=10 runs=10 bytes=22.2 MiB barrier_us=3017
prefill staging: layer=22 tokens=1 unique=10 runs=10 bytes=22.2 MiB barrier_us=2456
prefill staging: layer=23 tokens=1 unique=10 runs=10 bytes=22.2 MiB barrier_us=3097
prefill staging: layer=23 tokens=1 unique=10 runs=10 bytes=22.2 MiB barrier_us=2577
prefill staging: layer=24 tokens=1 unique=10 runs=10 bytes=22.2 MiB barrier_us=2803
prefill staging: layer=24 tokens=1 unique=10 runs=10 bytes=22.2 MiB barrier_us=3142
prefill staging: layer=25 tokens=1 unique=10 runs=9 bytes=22.2 MiB barrier_us=2634
prefill staging: layer=25 tokens=1 unique=10 runs=9 bytes=22.2 MiB barrier_us=3100
prefill staging: layer=26 tokens=1 unique=10 runs=10 bytes=22.2 MiB barrier_us=3438
prefill staging: layer=26 tokens=1 unique=10 runs=10 bytes=22.2 MiB barrier_us=2744
prefill staging: layer=27 tokens=1 unique=10 runs=10 bytes=22.2 MiB barrier_us=2808
prefill staging: layer=27 tokens=1 unique=10 runs=10 bytes=22.2 MiB barrier_us=2596
prefill staging: layer=28 tokens=1 unique=10 runs=10 bytes=22.2 MiB barrier_us=3294
prefill staging: layer=28 tokens=1 unique=10 runs=10 bytes=22.2 MiB barrier_us=3078
prefill staging: layer=29 tokens=1 unique=10 runs=10 bytes=22.2 MiB barrier_us=2673
prefill staging: layer=29 tokens=1 unique=10 runs=10 bytes=22.2 MiB barrier_us=2812
prefill staging: layer=30 tokens=1 unique=10 runs=10 bytes=30.0 MiB barrier_us=3763
prefill staging: layer=30 tokens=1 unique=10 runs=10 bytes=30.0 MiB barrier_us=3078
prefill staging: layer=31 tokens=1 unique=10 runs=10 bytes=22.2 MiB barrier_us=2807
prefill staging: layer=31 tokens=1 unique=10 runs=10 bytes=22.2 MiB barrier_us=2693
prefill staging: layer=32 tokens=1 unique=10 runs=10 bytes=22.2 MiB barrier_us=2588
prefill staging: layer=32 tokens=1 unique=10 runs=10 bytes=22.2 MiB barrier_us=2784
prefill staging: layer=33 tokens=1 unique=10 runs=10 bytes=22.2 MiB barrier_us=3160
prefill staging: layer=33 tokens=1 unique=10 runs=10 bytes=22.2 MiB barrier_us=2702
prefill staging: layer=34 tokens=1 unique=10 runs=10 bytes=22.2 MiB barrier_us=2762
prefill staging: layer=34 tokens=1 unique=10 runs=10 bytes=22.2 MiB barrier_us=2514
prefill staging: layer=35 tokens=1 unique=10 runs=9 bytes=22.2 MiB barrier_us=2707
prefill staging: layer=35 tokens=1 unique=10 runs=9 bytes=22.2 MiB barrier_us=2932
prefill staging: layer=36 tokens=1 unique=10 runs=10 bytes=22.2 MiB barrier_us=2649
prefill staging: layer=36 tokens=1 unique=10 runs=10 bytes=22.2 MiB barrier_us=2631
prefill staging: layer=37 tokens=1 unique=10 runs=10 bytes=22.2 MiB barrier_us=2831
prefill staging: layer=37 tokens=1 unique=10 runs=10 bytes=22.2 MiB barrier_us=2723
prefill staging: layer=38 tokens=1 unique=10 runs=10 bytes=22.2 MiB barrier_us=2803
prefill staging: layer=38 tokens=1 unique=10 runs=10 bytes=22.2 MiB barrier_us=2556
prefill staging: layer=39 tokens=1 unique=10 runs=10 bytes=22.2 MiB barrier_us=2684
prefill staging: layer=39 tokens=1 unique=10 runs=10 bytes=22.2 MiB barrier_us=2843
prefill staging: layer=40 tokens=1 unique=10 runs=10 bytes=22.2 MiB barrier_us=2844
prefill staging: layer=40 tokens=1 unique=10 runs=10 bytes=22.2 MiB barrier_us=2565
prefill staging: layer=41 tokens=1 unique=10 runs=10 bytes=22.2 MiB barrier_us=2713
prefill staging: layer=41 tokens=1 unique=10 runs=10 bytes=22.2 MiB barrier_us=2668
prefill staging: layer=42 tokens=1 unique=10 runs=10 bytes=22.2 MiB barrier_us=2839
prefill staging: layer=42 tokens=1 unique=10 runs=10 bytes=22.2 MiB barrier_us=2520
prefill staging: layer=43 tokens=1 unique=10 runs=10 bytes=22.2 MiB barrier_us=2875
prefill staging: layer=43 tokens=1 unique=10 runs=10 bytes=22.2 MiB barrier_us=2583
prefill staging: layer=44 tokens=1 unique=10 runs=10 bytes=22.2 MiB barrier_us=2678
prefill staging: layer=44 tokens=1 unique=10 runs=10 bytes=22.2 MiB barrier_us=2910
prefill staging: layer=45 tokens=1 unique=10 runs=10 bytes=22.2 MiB barrier_us=2672
prefill staging: layer=45 tokens=1 unique=10 runs=10 bytes=22.2 MiB barrier_us=2593
prefill staging: layer=46 tokens=1 unique=10 runs=10 bytes=30.0 MiB barrier_us=3446
prefill staging: layer=46 tokens=1 unique=10 runs=10 bytes=30.0 MiB barrier_us=3093
prefill staging: layer=47 tokens=1 unique=10 runs=9 bytes=30.0 MiB barrier_us=4226
prefill staging: layer=47 tokens=1 unique=10 runs=9 bytes=30.0 MiB barrier_us=3790
prefill staging: layer=0 tokens=1 unique=10 runs=10 bytes=22.2 MiB barrier_us=2689
prefill staging: layer=0 tokens=1 unique=10 runs=10 bytes=22.2 MiB barrier_us=2666
prefill staging: layer=1 tokens=1 unique=10 runs=10 bytes=22.2 MiB barrier_us=2826
prefill staging: layer=1 tokens=1 unique=10 runs=10 bytes=22.2 MiB barrier_us=2431
prefill staging: layer=2 tokens=1 unique=10 runs=9 bytes=33.2 MiB barrier_us=4213
prefill staging: layer=2 tokens=1 unique=10 runs=9 bytes=33.2 MiB barrier_us=3695
prefill staging: layer=3 tokens=1 unique=10 runs=10 bytes=22.2 MiB barrier_us=3230
prefill staging: layer=3 tokens=1 unique=10 runs=10 bytes=22.2 MiB barrier_us=2683
prefill staging: layer=4 tokens=1 unique=10 runs=9 bytes=30.0 MiB barrier_us=4077
prefill staging: layer=4 tokens=1 unique=10 runs=9 bytes=30.0 MiB barrier_us=3373
prefill staging: layer=5 tokens=1 unique=10 runs=10 bytes=22.2 MiB barrier_us=2952
prefill staging: layer=5 tokens=1 unique=10 runs=10 bytes=22.2 MiB barrier_us=2328
prefill staging: layer=6 tokens=1 unique=10 runs=10 bytes=22.2 MiB barrier_us=3378
prefill staging: layer=6 tokens=1 unique=10 runs=10 bytes=22.2 MiB barrier_us=2811
prefill staging: layer=7 tokens=1 unique=10 runs=10 bytes=22.2 MiB barrier_us=2447
prefill staging: layer=7 tokens=1 unique=10 runs=10 bytes=22.2 MiB barrier_us=2535
prefill staging: layer=8 tokens=1 unique=10 runs=10 bytes=22.2 MiB barrier_us=2921
prefill staging: layer=8 tokens=1 unique=10 runs=10 bytes=22.2 MiB barrier_us=2508
prefill staging: layer=9 tokens=1 unique=10 runs=9 bytes=22.2 MiB barrier_us=3045
prefill staging: layer=9 tokens=1 unique=10 runs=9 bytes=22.2 MiB barrier_us=3149
prefill staging: layer=10 tokens=1 unique=10 runs=10 bytes=22.2 MiB barrier_us=3192
prefill staging: layer=10 tokens=1 unique=10 runs=10 bytes=22.2 MiB barrier_us=2483
prefill staging: layer=11 tokens=1 unique=10 runs=10 bytes=22.2 MiB barrier_us=2830
prefill staging: layer=11 tokens=1 unique=10 runs=10 bytes=22.2 MiB barrier_us=2405
prefill staging: layer=12 tokens=1 unique=10 runs=10 bytes=22.2 MiB barrier_us=2789
prefill staging: layer=12 tokens=1 unique=10 runs=10 bytes=22.2 MiB barrier_us=2611
prefill staging: layer=13 tokens=1 unique=10 runs=10 bytes=22.2 MiB barrier_us=2485
prefill staging: layer=13 tokens=1 unique=10 runs=10 bytes=22.2 MiB barrier_us=2797
prefill staging: layer=14 tokens=1 unique=10 runs=10 bytes=22.2 MiB barrier_us=2884
prefill staging: layer=14 tokens=1 unique=10 runs=10 bytes=22.2 MiB barrier_us=2429
prefill staging: layer=15 tokens=1 unique=10 runs=9 bytes=22.2 MiB barrier_us=2856
prefill staging: layer=15 tokens=1 unique=10 runs=9 bytes=22.2 MiB barrier_us=2505
prefill staging: layer=16 tokens=1 unique=10 runs=10 bytes=22.2 MiB barrier_us=2758
prefill staging: layer=16 tokens=1 unique=10 runs=10 bytes=22.2 MiB barrier_us=2671
prefill staging: layer=17 tokens=1 unique=10 runs=10 bytes=22.2 MiB barrier_us=2687
prefill staging: layer=17 tokens=1 unique=10 runs=10 bytes=22.2 MiB barrier_us=2380
prefill staging: layer=18 tokens=1 unique=10 runs=9 bytes=22.2 MiB barrier_us=2707
prefill staging: layer=18 tokens=1 unique=10 runs=9 bytes=22.2 MiB barrier_us=3092
prefill staging: layer=19 tokens=1 unique=10 runs=10 bytes=22.2 MiB barrier_us=2626
prefill staging: layer=19 tokens=1 unique=10 runs=10 bytes=22.2 MiB barrier_us=2712
prefill staging: layer=20 tokens=1 unique=10 runs=10 bytes=22.2 MiB barrier_us=2983
prefill staging: layer=20 tokens=1 unique=10 runs=10 bytes=22.2 MiB barrier_us=2691
prefill staging: layer=21 tokens=1 unique=10 runs=10 bytes=22.2 MiB barrier_us=3206
prefill staging: layer=21 tokens=1 unique=10 runs=10 bytes=22.2 MiB barrier_us=2595
prefill staging: layer=22 tokens=1 unique=10 runs=10 bytes=22.2 MiB barrier_us=2744
prefill staging: layer=22 tokens=1 unique=10 runs=10 bytes=22.2 MiB barrier_us=2768
prefill staging: layer=23 tokens=1 unique=10 runs=10 bytes=22.2 MiB barrier_us=2752
prefill staging: layer=23 tokens=1 unique=10 runs=10 bytes=22.2 MiB barrier_us=2800
prefill staging: layer=24 tokens=1 unique=10 runs=10 bytes=22.2 MiB barrier_us=2744
prefill staging: layer=24 tokens=1 unique=10 runs=10 bytes=22.2 MiB barrier_us=2446
prefill staging: layer=25 tokens=1 unique=10 runs=10 bytes=22.2 MiB barrier_us=3544
prefill staging: layer=25 tokens=1 unique=10 runs=10 bytes=22.2 MiB barrier_us=2695
prefill staging: layer=26 tokens=1 unique=10 runs=10 bytes=22.2 MiB barrier_us=2508
prefill staging: layer=26 tokens=1 unique=10 runs=10 bytes=22.2 MiB barrier_us=2771
prefill staging: layer=27 tokens=1 unique=10 runs=10 bytes=22.2 MiB barrier_us=2758
prefill staging: layer=27 tokens=1 unique=10 runs=10 bytes=22.2 MiB barrier_us=2867
prefill staging: layer=28 tokens=1 unique=10 runs=10 bytes=22.2 MiB barrier_us=2612
prefill staging: layer=28 tokens=1 unique=10 runs=10 bytes=22.2 MiB barrier_us=2710
prefill staging: layer=29 tokens=1 unique=10 runs=10 bytes=22.2 MiB barrier_us=2481
prefill staging: layer=29 tokens=1 unique=10 runs=10 bytes=22.2 MiB barrier_us=2771
prefill staging: layer=30 tokens=1 unique=10 runs=10 bytes=30.0 MiB barrier_us=3717
prefill staging: layer=30 tokens=1 unique=10 runs=10 bytes=30.0 MiB barrier_us=3014
prefill staging: layer=31 tokens=1 unique=10 runs=9 bytes=22.2 MiB barrier_us=2732
prefill staging: layer=31 tokens=1 unique=10 runs=9 bytes=22.2 MiB barrier_us=2988
prefill staging: layer=32 tokens=1 unique=10 runs=10 bytes=22.2 MiB barrier_us=2500
prefill staging: layer=32 tokens=1 unique=10 runs=10 bytes=22.2 MiB barrier_us=2804
prefill staging: layer=33 tokens=1 unique=10 runs=10 bytes=22.2 MiB barrier_us=3124
prefill staging: layer=33 tokens=1 unique=10 runs=10 bytes=22.2 MiB barrier_us=2730
prefill staging: layer=34 tokens=1 unique=10 runs=10 bytes=22.2 MiB barrier_us=2926
prefill staging: layer=34 tokens=1 unique=10 runs=10 bytes=22.2 MiB barrier_us=2625
prefill staging: layer=35 tokens=1 unique=10 runs=10 bytes=22.2 MiB barrier_us=2866
prefill staging: layer=35 tokens=1 unique=10 runs=10 bytes=22.2 MiB barrier_us=2865
prefill staging: layer=36 tokens=1 unique=10 runs=10 bytes=22.2 MiB barrier_us=2735
prefill staging: layer=36 tokens=1 unique=10 runs=10 bytes=22.2 MiB barrier_us=2586
prefill staging: layer=37 tokens=1 unique=10 runs=10 bytes=22.2 MiB barrier_us=3177
prefill staging: layer=37 tokens=1 unique=10 runs=10 bytes=22.2 MiB barrier_us=2605
prefill staging: layer=38 tokens=1 unique=10 runs=10 bytes=22.2 MiB barrier_us=2822
prefill staging: layer=38 tokens=1 unique=10 runs=10 bytes=22.2 MiB barrier_us=2810
prefill staging: layer=39 tokens=1 unique=10 runs=10 bytes=22.2 MiB barrier_us=2564
prefill staging: layer=39 tokens=1 unique=10 runs=10 bytes=22.2 MiB barrier_us=2903
prefill staging: layer=40 tokens=1 unique=10 runs=9 bytes=22.2 MiB barrier_us=2715
prefill staging: layer=40 tokens=1 unique=10 runs=9 bytes=22.2 MiB barrier_us=2491
prefill staging: layer=41 tokens=1 unique=10 runs=10 bytes=22.2 MiB barrier_us=3252
prefill staging: layer=41 tokens=1 unique=10 runs=10 bytes=22.2 MiB barrier_us=2778
prefill staging: layer=42 tokens=1 unique=10 runs=9 bytes=22.2 MiB barrier_us=2836
prefill staging: layer=42 tokens=1 unique=10 runs=9 bytes=22.2 MiB barrier_us=2682
prefill staging: layer=43 tokens=1 unique=10 runs=10 bytes=22.2 MiB barrier_us=2986
prefill staging: layer=43 tokens=1 unique=10 runs=10 bytes=22.2 MiB barrier_us=2650
prefill staging: layer=44 tokens=1 unique=10 runs=9 bytes=22.2 MiB barrier_us=2625
prefill staging: layer=44 tokens=1 unique=10 runs=9 bytes=22.2 MiB barrier_us=2581
prefill staging: layer=45 tokens=1 unique=10 runs=10 bytes=22.2 MiB barrier_us=2493
prefill staging: layer=45 tokens=1 unique=10 runs=10 bytes=22.2 MiB barrier_us=2753
prefill staging: layer=46 tokens=1 unique=10 runs=10 bytes=30.0 MiB barrier_us=3663
prefill staging: layer=46 tokens=1 unique=10 runs=10 bytes=30.0 MiB barrier_us=3182
prefill staging: layer=47 tokens=1 unique=10 runs=10 bytes=30.0 MiB barrier_us=3978
prefill staging: layer=47 tokens=1 unique=10 runs=10 bytes=30.0 MiB barrier_us=3183
prefill staging: layer=0 tokens=1 unique=10 runs=10 bytes=22.2 MiB barrier_us=2606
prefill staging: layer=0 tokens=1 unique=10 runs=10 bytes=22.2 MiB barrier_us=2920
prefill staging: layer=1 tokens=1 unique=10 runs=10 bytes=22.2 MiB barrier_us=3701
prefill staging: layer=1 tokens=1 unique=10 runs=10 bytes=22.2 MiB barrier_us=2460
prefill staging: layer=2 tokens=1 unique=10 runs=9 bytes=33.2 MiB barrier_us=3769
prefill staging: layer=2 tokens=1 unique=10 runs=9 bytes=33.2 MiB barrier_us=3762
prefill staging: layer=3 tokens=1 unique=10 runs=10 bytes=22.2 MiB barrier_us=4406
prefill staging: layer=3 tokens=1 unique=10 runs=10 bytes=22.2 MiB barrier_us=2825
prefill staging: layer=4 tokens=1 unique=10 runs=10 bytes=30.0 MiB barrier_us=3463
prefill staging: layer=4 tokens=1 unique=10 runs=10 bytes=30.0 MiB barrier_us=3435
prefill staging: layer=5 tokens=1 unique=10 runs=10 bytes=22.2 MiB barrier_us=2892
prefill staging: layer=5 tokens=1 unique=10 runs=10 bytes=22.2 MiB barrier_us=2392
prefill staging: layer=6 tokens=1 unique=10 runs=10 bytes=22.2 MiB barrier_us=2488
prefill staging: layer=6 tokens=1 unique=10 runs=10 bytes=22.2 MiB barrier_us=2968
prefill staging: layer=7 tokens=1 unique=10 runs=10 bytes=22.2 MiB barrier_us=2568
prefill staging: layer=7 tokens=1 unique=10 runs=10 bytes=22.2 MiB barrier_us=2716
prefill staging: layer=8 tokens=1 unique=10 runs=10 bytes=22.2 MiB barrier_us=2920
prefill staging: layer=8 tokens=1 unique=10 runs=10 bytes=22.2 MiB barrier_us=3493
prefill staging: layer=9 tokens=1 unique=10 runs=10 bytes=22.2 MiB barrier_us=2797
prefill staging: layer=9 tokens=1 unique=10 runs=10 bytes=22.2 MiB barrier_us=2793
prefill staging: layer=10 tokens=1 unique=10 runs=10 bytes=22.2 MiB barrier_us=2760
prefill staging: layer=10 tokens=1 unique=10 runs=10 bytes=22.2 MiB barrier_us=2624
prefill staging: layer=11 tokens=1 unique=10 runs=10 bytes=22.2 MiB barrier_us=2753
prefill staging: layer=11 tokens=1 unique=10 runs=10 bytes=22.2 MiB barrier_us=2885
prefill staging: layer=12 tokens=1 unique=10 runs=9 bytes=22.2 MiB barrier_us=2986
prefill staging: layer=12 tokens=1 unique=10 runs=9 bytes=22.2 MiB barrier_us=2706
prefill staging: layer=13 tokens=1 unique=10 runs=10 bytes=22.2 MiB barrier_us=3311
prefill staging: layer=13 tokens=1 unique=10 runs=10 bytes=22.2 MiB barrier_us=2917
prefill staging: layer=14 tokens=1 unique=10 runs=10 bytes=22.2 MiB barrier_us=2793
prefill staging: layer=14 tokens=1 unique=10 runs=10 bytes=22.2 MiB barrier_us=2678
prefill staging: layer=15 tokens=1 unique=10 runs=9 bytes=22.2 MiB barrier_us=3038
prefill staging: layer=15 tokens=1 unique=10 runs=9 bytes=22.2 MiB barrier_us=2840
prefill staging: layer=16 tokens=1 unique=10 runs=9 bytes=22.2 MiB barrier_us=3120
prefill staging: layer=16 tokens=1 unique=10 runs=9 bytes=22.2 MiB barrier_us=2625
prefill staging: layer=17 tokens=1 unique=10 runs=10 bytes=22.2 MiB barrier_us=2771
prefill staging: layer=17 tokens=1 unique=10 runs=10 bytes=22.2 MiB barrier_us=2691
prefill staging: layer=18 tokens=1 unique=10 runs=10 bytes=22.2 MiB barrier_us=2776
prefill staging: layer=18 tokens=1 unique=10 runs=10 bytes=22.2 MiB barrier_us=2650
prefill staging: layer=19 tokens=1 unique=10 runs=10 bytes=22.2 MiB barrier_us=2596
prefill staging: layer=19 tokens=1 unique=10 runs=10 bytes=22.2 MiB barrier_us=2691
prefill staging: layer=20 tokens=1 unique=10 runs=9 bytes=22.2 MiB barrier_us=2564
prefill staging: layer=20 tokens=1 unique=10 runs=9 bytes=22.2 MiB barrier_us=2700
prefill staging: layer=21 tokens=1 unique=10 runs=10 bytes=22.2 MiB barrier_us=3002
prefill staging: layer=21 tokens=1 unique=10 runs=10 bytes=22.2 MiB barrier_us=2474
prefill staging: layer=22 tokens=1 unique=10 runs=10 bytes=22.2 MiB barrier_us=2880
prefill staging: layer=22 tokens=1 unique=10 runs=10 bytes=22.2 MiB barrier_us=2820
prefill staging: layer=23 tokens=1 unique=10 runs=10 bytes=22.2 MiB barrier_us=3070
prefill staging: layer=23 tokens=1 unique=10 runs=10 bytes=22.2 MiB barrier_us=2815
prefill staging: layer=24 tokens=1 unique=10 runs=10 bytes=22.2 MiB barrier_us=3772
prefill staging: layer=24 tokens=1 unique=10 runs=10 bytes=22.2 MiB barrier_us=2410
prefill staging: layer=25 tokens=1 unique=10 runs=10 bytes=22.2 MiB barrier_us=2873
prefill staging: layer=25 tokens=1 unique=10 runs=10 bytes=22.2 MiB barrier_us=2585
prefill staging: layer=26 tokens=1 unique=10 runs=10 bytes=22.2 MiB barrier_us=2576
prefill staging: layer=26 tokens=1 unique=10 runs=10 bytes=22.2 MiB barrier_us=2640
prefill staging: layer=27 tokens=1 unique=10 runs=10 bytes=22.2 MiB barrier_us=2752
prefill staging: layer=27 tokens=1 unique=10 runs=10 bytes=22.2 MiB barrier_us=2922
prefill staging: layer=28 tokens=1 unique=10 runs=10 bytes=22.2 MiB barrier_us=2748
prefill staging: layer=28 tokens=1 unique=10 runs=10 bytes=22.2 MiB barrier_us=2862
prefill staging: layer=29 tokens=1 unique=10 runs=10 bytes=22.2 MiB barrier_us=2894
prefill staging: layer=29 tokens=1 unique=10 runs=10 bytes=22.2 MiB barrier_us=2677
prefill staging: layer=30 tokens=1 unique=10 runs=10 bytes=30.0 MiB barrier_us=3537
prefill staging: layer=30 tokens=1 unique=10 runs=10 bytes=30.0 MiB barrier_us=3205
prefill staging: layer=31 tokens=1 unique=10 runs=10 bytes=22.2 MiB barrier_us=2699
prefill staging: layer=31 tokens=1 unique=10 runs=10 bytes=22.2 MiB barrier_us=2537
prefill staging: layer=32 tokens=1 unique=10 runs=10 bytes=22.2 MiB barrier_us=2525
prefill staging: layer=32 tokens=1 unique=10 runs=10 bytes=22.2 MiB barrier_us=2678
prefill staging: layer=33 tokens=1 unique=10 runs=10 bytes=22.2 MiB barrier_us=3012
prefill staging: layer=33 tokens=1 unique=10 runs=10 bytes=22.2 MiB barrier_us=2495
prefill staging: layer=34 tokens=1 unique=10 runs=9 bytes=22.2 MiB barrier_us=2958
prefill staging: layer=34 tokens=1 unique=10 runs=9 bytes=22.2 MiB barrier_us=2523
prefill staging: layer=35 tokens=1 unique=10 runs=10 bytes=22.2 MiB barrier_us=2566
prefill staging: layer=35 tokens=1 unique=10 runs=10 bytes=22.2 MiB barrier_us=2826
prefill staging: layer=36 tokens=1 unique=10 runs=10 bytes=22.2 MiB barrier_us=2617
prefill staging: layer=36 tokens=1 unique=10 runs=10 bytes=22.2 MiB barrier_us=2767
prefill staging: layer=37 tokens=1 unique=10 runs=10 bytes=22.2 MiB barrier_us=2828
prefill staging: layer=37 tokens=1 unique=10 runs=10 bytes=22.2 MiB barrier_us=2448
prefill staging: layer=38 tokens=1 unique=10 runs=10 bytes=22.2 MiB barrier_us=3162
prefill staging: layer=38 tokens=1 unique=10 runs=10 bytes=22.2 MiB barrier_us=2852
prefill staging: layer=39 tokens=1 unique=10 runs=10 bytes=22.2 MiB barrier_us=2608
prefill staging: layer=39 tokens=1 unique=10 runs=10 bytes=22.2 MiB barrier_us=2585
prefill staging: layer=40 tokens=1 unique=10 runs=10 bytes=22.2 MiB barrier_us=2904
prefill staging: layer=40 tokens=1 unique=10 runs=10 bytes=22.2 MiB barrier_us=2854
prefill staging: layer=41 tokens=1 unique=10 runs=10 bytes=22.2 MiB barrier_us=2781
prefill staging: layer=41 tokens=1 unique=10 runs=10 bytes=22.2 MiB barrier_us=2734
prefill staging: layer=42 tokens=1 unique=10 runs=10 bytes=22.2 MiB barrier_us=3388
prefill staging: layer=42 tokens=1 unique=10 runs=10 bytes=22.2 MiB barrier_us=2788
prefill staging: layer=43 tokens=1 unique=10 runs=9 bytes=22.2 MiB barrier_us=2800
prefill staging: layer=43 tokens=1 unique=10 runs=9 bytes=22.2 MiB barrier_us=2629
prefill staging: layer=44 tokens=1 unique=10 runs=9 bytes=22.2 MiB barrier_us=3217
prefill staging: layer=44 tokens=1 unique=10 runs=9 bytes=22.2 MiB barrier_us=3024
prefill staging: layer=45 tokens=1 unique=10 runs=10 bytes=22.2 MiB barrier_us=2535
prefill staging: layer=45 tokens=1 unique=10 runs=10 bytes=22.2 MiB barrier_us=2782
prefill staging: layer=46 tokens=1 unique=10 runs=10 bytes=30.0 MiB barrier_us=3601
prefill staging: layer=46 tokens=1 unique=10 runs=10 bytes=30.0 MiB barrier_us=3125
prefill staging: layer=47 tokens=1 unique=10 runs=10 bytes=30.0 MiB barrier_us=5154
prefill staging: layer=47 tokens=1 unique=10 runs=10 bytes=30.0 MiB barrier_us=3346
prefill staging: layer=0 tokens=1 unique=10 runs=10 bytes=22.2 MiB barrier_us=3140
prefill staging: layer=0 tokens=1 unique=10 runs=10 bytes=22.2 MiB barrier_us=2747
prefill staging: layer=1 tokens=1 unique=10 runs=10 bytes=22.2 MiB barrier_us=3083
prefill staging: layer=1 tokens=1 unique=10 runs=10 bytes=22.2 MiB barrier_us=2386
prefill staging: layer=2 tokens=1 unique=10 runs=10 bytes=33.2 MiB barrier_us=4756
prefill staging: layer=2 tokens=1 unique=10 runs=10 bytes=33.2 MiB barrier_us=3606
prefill staging: layer=3 tokens=1 unique=10 runs=10 bytes=22.2 MiB barrier_us=2819
prefill staging: layer=3 tokens=1 unique=10 runs=10 bytes=22.2 MiB barrier_us=2740
prefill staging: layer=4 tokens=1 unique=10 runs=10 bytes=30.0 MiB barrier_us=3448
prefill staging: layer=4 tokens=1 unique=10 runs=10 bytes=30.0 MiB barrier_us=3354
prefill staging: layer=5 tokens=1 unique=10 runs=10 bytes=22.2 MiB barrier_us=3637
prefill staging: layer=5 tokens=1 unique=10 runs=10 bytes=22.2 MiB barrier_us=2622
prefill staging: layer=6 tokens=1 unique=10 runs=9 bytes=22.2 MiB barrier_us=3091
prefill staging: layer=6 tokens=1 unique=10 runs=9 bytes=22.2 MiB barrier_us=2758
prefill staging: layer=7 tokens=1 unique=10 runs=10 bytes=22.2 MiB barrier_us=2750
prefill staging: layer=7 tokens=1 unique=10 runs=10 bytes=22.2 MiB barrier_us=2876
prefill staging: layer=8 tokens=1 unique=10 runs=10 bytes=22.2 MiB barrier_us=3477
prefill staging: layer=8 tokens=1 unique=10 runs=10 bytes=22.2 MiB barrier_us=2496
prefill staging: layer=9 tokens=1 unique=10 runs=10 bytes=22.2 MiB barrier_us=2879
prefill staging: layer=9 tokens=1 unique=10 runs=10 bytes=22.2 MiB barrier_us=2650
prefill staging: layer=10 tokens=1 unique=10 runs=10 bytes=22.2 MiB barrier_us=3007
prefill staging: layer=10 tokens=1 unique=10 runs=10 bytes=22.2 MiB barrier_us=2720
prefill staging: layer=11 tokens=1 unique=10 runs=10 bytes=22.2 MiB barrier_us=3196
prefill staging: layer=11 tokens=1 unique=10 runs=10 bytes=22.2 MiB barrier_us=2360
prefill staging: layer=12 tokens=1 unique=10 runs=10 bytes=22.2 MiB barrier_us=3243
prefill staging: layer=12 tokens=1 unique=10 runs=10 bytes=22.2 MiB barrier_us=2807
prefill staging: layer=13 tokens=1 unique=10 runs=10 bytes=22.2 MiB barrier_us=3152
prefill staging: layer=13 tokens=1 unique=10 runs=10 bytes=22.2 MiB barrier_us=2400
prefill staging: layer=14 tokens=1 unique=10 runs=10 bytes=22.2 MiB barrier_us=2682
prefill staging: layer=14 tokens=1 unique=10 runs=10 bytes=22.2 MiB barrier_us=3016
prefill staging: layer=15 tokens=1 unique=10 runs=10 bytes=22.2 MiB barrier_us=3288
prefill staging: layer=15 tokens=1 unique=10 runs=10 bytes=22.2 MiB barrier_us=2656
prefill staging: layer=16 tokens=1 unique=10 runs=10 bytes=22.2 MiB barrier_us=2975
prefill staging: layer=16 tokens=1 unique=10 runs=10 bytes=22.2 MiB barrier_us=2725
prefill staging: layer=17 tokens=1 unique=10 runs=10 bytes=22.2 MiB barrier_us=2789
prefill staging: layer=17 tokens=1 unique=10 runs=10 bytes=22.2 MiB barrier_us=2343
prefill staging: layer=18 tokens=1 unique=10 runs=9 bytes=22.2 MiB barrier_us=2988
prefill staging: layer=18 tokens=1 unique=10 runs=9 bytes=22.2 MiB barrier_us=2502
prefill staging: layer=19 tokens=1 unique=10 runs=10 bytes=22.2 MiB barrier_us=2960
prefill staging: layer=19 tokens=1 unique=10 runs=10 bytes=22.2 MiB barrier_us=2777
prefill staging: layer=20 tokens=1 unique=10 runs=10 bytes=22.2 MiB barrier_us=3610
prefill staging: layer=20 tokens=1 unique=10 runs=10 bytes=22.2 MiB barrier_us=2812
prefill staging: layer=21 tokens=1 unique=10 runs=10 bytes=22.2 MiB barrier_us=2894
prefill staging: layer=21 tokens=1 unique=10 runs=10 bytes=22.2 MiB barrier_us=2440
prefill staging: layer=22 tokens=1 unique=10 runs=10 bytes=22.2 MiB barrier_us=2890
prefill staging: layer=22 tokens=1 unique=10 runs=10 bytes=22.2 MiB barrier_us=3249
prefill staging: layer=23 tokens=1 unique=10 runs=10 bytes=22.2 MiB barrier_us=3172
prefill staging: layer=23 tokens=1 unique=10 runs=10 bytes=22.2 MiB barrier_us=2739
prefill staging: layer=24 tokens=1 unique=10 runs=10 bytes=22.2 MiB barrier_us=3355
prefill staging: layer=24 tokens=1 unique=10 runs=10 bytes=22.2 MiB barrier_us=2435
prefill staging: layer=25 tokens=1 unique=10 runs=10 bytes=22.2 MiB barrier_us=2719
prefill staging: layer=25 tokens=1 unique=10 runs=10 bytes=22.2 MiB barrier_us=2678
prefill staging: layer=26 tokens=1 unique=10 runs=10 bytes=22.2 MiB barrier_us=2736
prefill staging: layer=26 tokens=1 unique=10 runs=10 bytes=22.2 MiB barrier_us=2888
prefill staging: layer=27 tokens=1 unique=10 runs=9 bytes=22.2 MiB barrier_us=2906
prefill staging: layer=27 tokens=1 unique=10 runs=9 bytes=22.2 MiB barrier_us=2517
prefill staging: layer=28 tokens=1 unique=10 runs=10 bytes=22.2 MiB barrier_us=2894
prefill staging: layer=28 tokens=1 unique=10 runs=10 bytes=22.2 MiB barrier_us=2555
prefill staging: layer=29 tokens=1 unique=10 runs=10 bytes=22.2 MiB barrier_us=2672
prefill staging: layer=29 tokens=1 unique=10 runs=10 bytes=22.2 MiB barrier_us=2934
prefill staging: layer=30 tokens=1 unique=10 runs=10 bytes=30.0 MiB barrier_us=3487
prefill staging: layer=30 tokens=1 unique=10 runs=10 bytes=30.0 MiB barrier_us=3311
prefill staging: layer=31 tokens=1 unique=10 runs=10 bytes=22.2 MiB barrier_us=2901
prefill staging: layer=31 tokens=1 unique=10 runs=10 bytes=22.2 MiB barrier_us=2648
prefill staging: layer=32 tokens=1 unique=10 runs=10 bytes=22.2 MiB barrier_us=3303
prefill staging: layer=32 tokens=1 unique=10 runs=10 bytes=22.2 MiB barrier_us=2584
prefill staging: layer=33 tokens=1 unique=10 runs=10 bytes=22.2 MiB barrier_us=2616
prefill staging: layer=33 tokens=1 unique=10 runs=10 bytes=22.2 MiB barrier_us=2607
prefill staging: layer=34 tokens=1 unique=10 runs=9 bytes=22.2 MiB barrier_us=2827
prefill staging: layer=34 tokens=1 unique=10 runs=9 bytes=22.2 MiB barrier_us=2956
prefill staging: layer=35 tokens=1 unique=10 runs=10 bytes=22.2 MiB barrier_us=2727
prefill staging: layer=35 tokens=1 unique=10 runs=10 bytes=22.2 MiB barrier_us=2668
prefill staging: layer=36 tokens=1 unique=10 runs=9 bytes=22.2 MiB barrier_us=2879
prefill staging: layer=36 tokens=1 unique=10 runs=9 bytes=22.2 MiB barrier_us=2730
prefill staging: layer=37 tokens=1 unique=10 runs=9 bytes=22.2 MiB barrier_us=2996
prefill staging: layer=37 tokens=1 unique=10 runs=9 bytes=22.2 MiB barrier_us=2577
prefill staging: layer=38 tokens=1 unique=10 runs=10 bytes=22.2 MiB barrier_us=2843
prefill staging: layer=38 tokens=1 unique=10 runs=10 bytes=22.2 MiB barrier_us=2971
prefill staging: layer=39 tokens=1 unique=10 runs=9 bytes=22.2 MiB barrier_us=2737
prefill staging: layer=39 tokens=1 unique=10 runs=9 bytes=22.2 MiB barrier_us=2987
prefill staging: layer=40 tokens=1 unique=10 runs=10 bytes=22.2 MiB barrier_us=2939
prefill staging: layer=40 tokens=1 unique=10 runs=10 bytes=22.2 MiB barrier_us=2380
prefill staging: layer=41 tokens=1 unique=10 runs=10 bytes=22.2 MiB barrier_us=2819
prefill staging: layer=41 tokens=1 unique=10 runs=10 bytes=22.2 MiB barrier_us=2663
prefill staging: layer=42 tokens=1 unique=10 runs=10 bytes=22.2 MiB barrier_us=2489
prefill staging: layer=42 tokens=1 unique=10 runs=10 bytes=22.2 MiB barrier_us=3003
prefill staging: layer=43 tokens=1 unique=10 runs=10 bytes=22.2 MiB barrier_us=2599
prefill staging: layer=43 tokens=1 unique=10 runs=10 bytes=22.2 MiB barrier_us=2449
prefill staging: layer=44 tokens=1 unique=10 runs=10 bytes=22.2 MiB barrier_us=2930
prefill staging: layer=44 tokens=1 unique=10 runs=10 bytes=22.2 MiB barrier_us=2713
prefill staging: layer=45 tokens=1 unique=10 runs=10 bytes=22.2 MiB barrier_us=2932
prefill staging: layer=45 tokens=1 unique=10 runs=10 bytes=22.2 MiB barrier_us=2602
prefill staging: layer=46 tokens=1 unique=10 runs=10 bytes=30.0 MiB barrier_us=3547
prefill staging: layer=46 tokens=1 unique=10 runs=10 bytes=30.0 MiB barrier_us=3425
prefill staging: layer=47 tokens=1 unique=10 runs=10 bytes=30.0 MiB barrier_us=4836
prefill staging: layer=47 tokens=1 unique=10 runs=10 bytes=30.0 MiB barrier_us=3284
PREFILL_COLD_ONLY prompt=16363 n_batch=4096 n_ubatch=4096 prefill_ms=39296.743 tok_s=416.396
~llama_context:      CUDA0 compute buffer size is 4080.0000 MiB, matches expectation of 4080.0000 MiB
~llama_context:  CUDA_Host compute buffer size is 284.6367 MiB, matches expectation of 284.6367 MiB
