ggml_cuda_init: found 1 CUDA devices (Total VRAM: 16375 MiB):
  Device 0: NVIDIA GeForce RTX 4080 SUPER, compute capability 8.9, VMM: yes, VRAM: 16375 MiB
llama_model_loader: additional 2 GGUFs metadata loaded.
llama_model_loader: loaded meta data with 67 key-value pairs and 1224 tensors from E:\AI\Models\Qwen3.8-Flash-Next-UD-IQ4_XS\Qwen3.8-Flash-Next-UD-IQ4_XS-00001-of-00003.gguf (version GGUF V3 (latest))
llama_model_loader: Dumping metadata keys/values. Note: KV overrides do not apply in this output.
llama_model_loader: - kv   0:                       general.architecture str              = qwen4exp
llama_model_loader: - kv   1:                               general.type str              = model
llama_model_loader: - kv   2:                     general.sampling.top_k i32              = 20
llama_model_loader: - kv   3:                     general.sampling.top_p f32              = 0.950000
llama_model_loader: - kv   4:                      general.sampling.temp f32              = 1.000000
llama_model_loader: - kv   5:                               general.name str              = Qwen3.8 Flash Next
llama_model_loader: - kv   6:                        general.description str              = A Preview of the Qwen4 Architecture
llama_model_loader: - kv   7:                         general.size_label str              = 512x56B
llama_model_loader: - kv   8:                       qwen4exp.block_count u32              = 48
llama_model_loader: - kv   9:                    qwen4exp.context_length u32              = 262144
llama_model_loader: - kv  10:                  qwen4exp.embedding_length u32              = 2560
llama_model_loader: - kv  11:              qwen4exp.attention.head_count u32              = 24
llama_model_loader: - kv  12:           qwen4exp.attention.head_count_kv u32              = 2
llama_model_loader: - kv  13:           qwen4exp.rope.dimension_sections arr[i32,4]       = [11, 11, 10, 0]
llama_model_loader: - kv  14:                    qwen4exp.rope.freq_base f32              = 10000000.000000
llama_model_loader: - kv  15:  qwen4exp.attention.layer_norm_rms_epsilon f32              = 0.000001
llama_model_loader: - kv  16:                      qwen4exp.expert_count u32              = 512
llama_model_loader: - kv  17:                 qwen4exp.expert_used_count u32              = 10
llama_model_loader: - kv  18:              qwen4exp.attention.key_length u32              = 256
llama_model_loader: - kv  19:            qwen4exp.attention.value_length u32              = 256
llama_model_loader: - kv  20:        qwen4exp.expert_feed_forward_length u32              = 640
llama_model_loader: - kv  21: qwen4exp.expert_shared_feed_forward_length u32              = 640
llama_model_loader: - kv  22:                   qwen4exp.ssm.conv_kernel u32              = 4
llama_model_loader: - kv  23:                    qwen4exp.ssm.state_size u32              = 128
llama_model_loader: - kv  24:                   qwen4exp.ssm.group_count u32              = 16
llama_model_loader: - kv  25:                qwen4exp.ssm.time_step_rank u32              = 48
llama_model_loader: - kv  26:                    qwen4exp.ssm.inner_size u32              = 6144
llama_model_loader: - kv  27:           qwen4exp.full_attention_interval u32              = 4
llama_model_loader: - kv  28:              qwen4exp.rope.dimension_count u32              = 64
llama_model_loader: - kv  29:            qwen4exp.hyper_connection.count u32              = 4
llama_model_loader: - kv  30:         qwen4exp.hyper_connection.low_rank u32              = 320
llama_model_loader: - kv  31:      qwen4exp.attention.indexer.head_count u32              = 4
llama_model_loader: - kv  32:      qwen4exp.attention.indexer.key_length u32              = 128
llama_model_loader: - kv  33:           qwen4exp.attention.indexer.top_k u32              = 2048
llama_model_loader: - kv  34:         qwen4exp.attention.compress_ratios arr[i32,48]      = [0, 0, 0, 4, 0, 0, 0, 4, 0, 0, 0, 4, ...
llama_model_loader: - kv  35:                        qwen4exp.ple.layers arr[i32,1]       = [1]
llama_model_loader: - kv  36:                    qwen4exp.ple.ngram_size u32              = 3
llama_model_loader: - kv  37:               qwen4exp.ple.heads_per_ngram u32              = 8
llama_model_loader: - kv  38:                   qwen4exp.ple.conv_kernel u32              = 4
llama_model_loader: - kv  39:                  qwen4exp.ple.eos_token_id u32              = 248044
llama_model_loader: - kv  40:  qwen4exp.embedding_length_per_layer_input u32              = 160
llama_model_loader: - kv  41:             qwen4exp.ple.layer_multipliers arr[u64,3]       = [23703573157769, 20109073645365, 8052...
llama_model_loader: - kv  42:                  qwen4exp.ple.head_offsets arr[u64,16]      = [0, 20000003, 40000026, 60000059, 800...
llama_model_loader: - kv  43:              qwen4exp.ple.head_vocab_sizes arr[u64,16]      = [20000003, 20000023, 20000033, 200000...
llama_model_loader: - kv  44:                       tokenizer.ggml.model str              = gpt2
llama_model_loader: - kv  45:                         tokenizer.ggml.pre str              = qwen35
llama_model_loader: - kv  46:                      tokenizer.ggml.tokens arr[str,248320]  = ["!", "\"", "#", "$", "%", "&", "'", ...
llama_model_loader: - kv  47:                  tokenizer.ggml.token_type arr[i32,248320]  = [1, 1, 1, 1, 1, 1, 1, 1, 1, 1, 1, 1, ...
llama_model_loader: - kv  48:                      tokenizer.ggml.merges arr[str,247587]  = ["Ġ Ġ", "ĠĠ ĠĠ", "i n", "Ġ t",...
llama_model_loader: - kv  49:                tokenizer.ggml.eos_token_id u32              = 248046
llama_model_loader: - kv  50:            tokenizer.ggml.padding_token_id u32              = 248044
llama_model_loader: - kv  51:                tokenizer.ggml.bos_token_id u32              = 248044
llama_model_loader: - kv  52:               tokenizer.ggml.add_bos_token bool             = false
llama_model_loader: - kv  53:                    tokenizer.chat_template str              = {%- set image_count = namespace(value...
llama_model_loader: - kv  54:                qwen4exp.ple.image_token_id u32              = 248056
llama_model_loader: - kv  55:                       general.quantized_by str              = Unsloth
llama_model_loader: - kv  56:                           general.repo_url str              = https://huggingface.co/unsloth
llama_model_loader: - kv  57:                               general.tags arr[str,1]       = ["unsloth"]
llama_model_loader: - kv  58:               general.quantization_version u32              = 2
llama_model_loader: - kv  59:                          general.file_type u32              = 30
llama_model_loader: - kv  60:                      quantize.imatrix.file str              = Qwen3.8-Flash-Next-GGUF/imatrix_unslo...
llama_model_loader: - kv  61:                   quantize.imatrix.dataset str              = unsloth_calibration_Qwen3.8-Flash-Nex...
llama_model_loader: - kv  62:             quantize.imatrix.entries_count u32              = 926
llama_model_loader: - kv  63:              quantize.imatrix.chunks_count u32              = 45
llama_model_loader: - kv  64:                                   split.no u16              = 0
llama_model_loader: - kv  65:                        split.tensors.count i32              = 1224
llama_model_loader: - kv  66:                                split.count u16              = 3
llama_model_loader: - type  f32:  557 tensors
llama_model_loader: - type q8_0:  502 tensors
llama_model_loader: - type q6_K:    1 tensors
llama_model_loader: - type iq4_nl:   44 tensors
llama_model_loader: - type iq3_s:   94 tensors
llama_model_loader: - type iq4_xs:    2 tensors
llama_model_loader: - type bf16:   24 tensors
print_info: file format = GGUF V3 (latest)
print_info: file type   = IQ4_XS - 4.25 bpw
print_info: file size   = 87.24 GiB (4.24 BPW) 
llama_prepare_model_devices: using device CUDA0 (NVIDIA GeForce RTX 4080 SUPER) (0000:01:00.0) - 15061 MiB free
init_tokenizer: initializing tokenizer for type 2
load: 0 unused tokens
load: control token: 248062 '<|fim_suffix|>' is not marked as EOG
load: control token: 248072 '<tts_pad>' is not marked as EOG
load: control token: 248050 '<|box_end|>' is not marked as EOG
load: control token: 248048 '<|object_ref_end|>' is not marked as EOG
load: control token: 248055 '<|vision_pad|>' is not marked as EOG
load: control token: 248060 '<|fim_prefix|>' is not marked as EOG
load: control token: 248049 '<|box_start|>' is not marked as EOG
load: control token: 248073 '<tts_text_bos>' is not marked as EOG
load: control token: 248052 '<|quad_end|>' is not marked as EOG
load: control token: 248054 '<|vision_end|>' is not marked as EOG
load: control token: 248075 '<tts_text_bos_single>' is not marked as EOG
load: control token: 248056 '<|image_pad|>' is not marked as EOG
load: control token: 248071 '<|audio_end|>' is not marked as EOG
load: control token: 248045 '<|im_start|>' is not marked as EOG
load: control token: 248047 '<|object_ref_start|>' is not marked as EOG
load: control token: 248051 '<|quad_start|>' is not marked as EOG
load: control token: 248053 '<|vision_start|>' is not marked as EOG
load: control token: 248057 '<|video_pad|>' is not marked as EOG
load: control token: 248061 '<|fim_middle|>' is not marked as EOG
load: control token: 248070 '<|audio_start|>' is not marked as EOG
load: control token: 248074 '<tts_text_eod>' is not marked as EOG
load: control token: 248076 '<|audio_pad|>' is not marked as EOG
load: printing all EOG tokens:
load:   - 248044 ('<|endoftext|>')
load:   - 248046 ('<|im_end|>')
load:   - 248063 ('<|fim_pad|>')
load:   - 248064 ('<|repo_name|>')
load:   - 248065 ('<|file_sep|>')
load: special tokens cache size = 33
load: token to piece cache size = 1.7581 MB
print_info: arch                  = qwen4exp
print_info: vocab_only            = 0
print_info: no_alloc              = 0
print_info: n_ctx_train           = 262144
print_info: n_embd_inp            = 2560
print_info: n_embd                = 2560
print_info: n_embd_out            = 10240
print_info: n_layer               = 48
print_info: n_layer_all           = 48
print_info: n_head                = 24
print_info: n_head_kv             = 2
print_info: n_rot                 = 64
print_info: n_swa                 = 0
print_info: is_swa_any            = 0
print_info: n_embd_head_k         = 256
print_info: n_embd_head_v         = 256
print_info: n_gqa                 = 12
print_info: n_embd_k_gqa          = 512
print_info: n_embd_v_gqa          = 512
print_info: f_norm_eps            = 0.0e+00
print_info: f_norm_rms_eps        = 1.0e-06
print_info: f_clamp_kqv           = 0.0e+00
print_info: f_max_alibi_bias      = 0.0e+00
print_info: f_logit_scale         = 0.0e+00
print_info: f_attn_scale          = 0.0e+00
print_info: f_attn_value_scale    = 0.0000
print_info: n_ff                  = 0
print_info: n_expert              = 512
print_info: n_expert_used         = 10
print_info: n_expert_groups       = 0
print_info: n_group_used          = 0
print_info: causal attn           = 1
print_info: pooling type          = -1
print_info: rope type             = 40
print_info: rope scaling          = linear
print_info: freq_base_train       = 10000000.0
print_info: freq_scale_train      = 1
print_info: n_ctx_orig_yarn       = 262144
print_info: rope_yarn_log_mul     = 0.0000
print_info: rope_finetuned        = unknown
print_info: mrope sections        = [11, 11, 10, 0]
print_info: model type            = A3B
print_info: model params          = 176.94 B
print_info: general.name          = Qwen3.8 Flash Next
print_info: vocab type            = BPE
print_info: n_vocab               = 248320
print_info: n_merges              = 247587
print_info: BOS token             = 248044 '<|endoftext|>'
print_info: EOS token             = 248046 '<|im_end|>'
print_info: EOT token             = 248046 '<|im_end|>'
print_info: PAD token             = 248044 '<|endoftext|>'
print_info: LF token              = 198 'Ċ'
print_info: FIM PRE token         = 248060 '<|fim_prefix|>'
print_info: FIM SUF token         = 248062 '<|fim_suffix|>'
print_info: FIM MID token         = 248061 '<|fim_middle|>'
print_info: FIM PAD token         = 248063 '<|fim_pad|>'
print_info: FIM REP token         = 248064 '<|repo_name|>'
print_info: FIM SEP token         = 248065 '<|file_sep|>'
print_info: EOG token             = 248044 '<|endoftext|>'
print_info: EOG token             = 248046 '<|im_end|>'
print_info: EOG token             = 248063 '<|fim_pad|>'
print_info: EOG token             = 248064 '<|repo_name|>'
print_info: EOG token             = 248065 '<|file_sep|>'
print_info: max token length      = 256
load_tensors: loading model tensors, this can take a while... (load_mode = mmap)
load_tensors: layer   0 assigned to device CUDA0, is_swa = 0
load_tensors: layer   1 assigned to device CUDA0, is_swa = 0
load_tensors: layer   2 assigned to device CUDA0, is_swa = 0
load_tensors: layer   3 assigned to device CUDA0, is_swa = 0
load_tensors: layer   4 assigned to device CUDA0, is_swa = 0
load_tensors: layer   5 assigned to device CUDA0, is_swa = 0
load_tensors: layer   6 assigned to device CUDA0, is_swa = 0
load_tensors: layer   7 assigned to device CUDA0, is_swa = 0
load_tensors: layer   8 assigned to device CUDA0, is_swa = 0
load_tensors: layer   9 assigned to device CUDA0, is_swa = 0
load_tensors: layer  10 assigned to device CUDA0, is_swa = 0
load_tensors: layer  11 assigned to device CUDA0, is_swa = 0
load_tensors: layer  12 assigned to device CUDA0, is_swa = 0
load_tensors: layer  13 assigned to device CUDA0, is_swa = 0
load_tensors: layer  14 assigned to device CUDA0, is_swa = 0
load_tensors: layer  15 assigned to device CUDA0, is_swa = 0
load_tensors: layer  16 assigned to device CUDA0, is_swa = 0
load_tensors: layer  17 assigned to device CUDA0, is_swa = 0
load_tensors: layer  18 assigned to device CUDA0, is_swa = 0
load_tensors: layer  19 assigned to device CUDA0, is_swa = 0
load_tensors: layer  20 assigned to device CUDA0, is_swa = 0
load_tensors: layer  21 assigned to device CUDA0, is_swa = 0
load_tensors: layer  22 assigned to device CUDA0, is_swa = 0
load_tensors: layer  23 assigned to device CUDA0, is_swa = 0
load_tensors: layer  24 assigned to device CUDA0, is_swa = 0
load_tensors: layer  25 assigned to device CUDA0, is_swa = 0
load_tensors: layer  26 assigned to device CUDA0, is_swa = 0
load_tensors: layer  27 assigned to device CUDA0, is_swa = 0
load_tensors: layer  28 assigned to device CUDA0, is_swa = 0
load_tensors: layer  29 assigned to device CUDA0, is_swa = 0
load_tensors: layer  30 assigned to device CUDA0, is_swa = 0
load_tensors: layer  31 assigned to device CUDA0, is_swa = 0
load_tensors: layer  32 assigned to device CUDA0, is_swa = 0
load_tensors: layer  33 assigned to device CUDA0, is_swa = 0
load_tensors: layer  34 assigned to device CUDA0, is_swa = 0
load_tensors: layer  35 assigned to device CUDA0, is_swa = 0
load_tensors: layer  36 assigned to device CUDA0, is_swa = 0
load_tensors: layer  37 assigned to device CUDA0, is_swa = 0
load_tensors: layer  38 assigned to device CUDA0, is_swa = 0
load_tensors: layer  39 assigned to device CUDA0, is_swa = 0
load_tensors: layer  40 assigned to device CUDA0, is_swa = 0
load_tensors: layer  41 assigned to device CUDA0, is_swa = 0
load_tensors: layer  42 assigned to device CUDA0, is_swa = 0
load_tensors: layer  43 assigned to device CUDA0, is_swa = 0
load_tensors: layer  44 assigned to device CUDA0, is_swa = 0
load_tensors: layer  45 assigned to device CUDA0, is_swa = 0
load_tensors: layer  46 assigned to device CUDA0, is_swa = 0
load_tensors: layer  47 assigned to device CUDA0, is_swa = 0
load_tensors: layer  48 assigned to device CUDA0, is_swa = 0
create_tensor: loading tensor token_embd.weight
create_tensor: loading tensor output_hc_norm.weight
create_tensor: loading tensor output_hc_down.weight
create_tensor: loading tensor output_hc_up.weight
create_tensor: loading tensor output.weight
create_tensor: loading tensor per_layer_token_embd.weight
create_tensor: tensor per_layer_token_embd.weight (size = 27465 MiB) lazy read enabled
create_tensor: loading tensor blk.0.hc_attn_norm.weight
create_tensor: loading tensor blk.0.hc_attn_down.weight
create_tensor: loading tensor blk.0.hc_attn_up.weight
create_tensor: loading tensor blk.0.hc_attn_inject.weight
create_tensor: loading tensor blk.0.hc_ffn_norm.weight
create_tensor: loading tensor blk.0.hc_ffn_down.weight
create_tensor: loading tensor blk.0.hc_ffn_up.weight
create_tensor: loading tensor blk.0.hc_ffn_inject.weight
create_tensor: loading tensor blk.0.attn_qkv.weight
create_tensor: loading tensor blk.0.attn_gate.weight
create_tensor: loading tensor blk.0.ssm_conv1d.weight
create_tensor: loading tensor blk.0.ssm_dt.bias
create_tensor: loading tensor blk.0.ssm_a
create_tensor: loading tensor blk.0.ssm_beta.weight
create_tensor: loading tensor blk.0.ssm_alpha.weight
create_tensor: loading tensor blk.0.ssm_norm.weight
create_tensor: loading tensor blk.0.ssm_out.weight
create_tensor: loading tensor blk.0.ffn_gate_inp.weight
create_tensor: loading tensor blk.0.ffn_down_exps.weight
llama_model_loader: tensor overrides to CPU are used with mmap enabled - consider using --load-mode none for better performance
tensor blk.0.ffn_down_exps.weight (450 MiB iq4_nl) buffer type overridden to CUDA_Host
create_tensor: loading tensor blk.0.ffn_gate_up_exps.weight
create_tensor: loading tensor blk.0.ffn_gate_exps.weight
tensor blk.0.ffn_gate_exps.weight (343 MiB iq3_s) buffer type overridden to CUDA_Host
create_tensor: loading tensor blk.0.ffn_up_exps.weight
tensor blk.0.ffn_up_exps.weight (343 MiB iq3_s) buffer type overridden to CUDA_Host
create_tensor: loading tensor blk.0.ffn_gate_inp_shexp.weight
create_tensor: loading tensor blk.0.ffn_gate_shexp.weight
create_tensor: loading tensor blk.0.ffn_up_shexp.weight
create_tensor: loading tensor blk.0.ffn_down_shexp.weight
create_tensor: loading tensor blk.1.hc_attn_norm.weight
create_tensor: loading tensor blk.1.hc_attn_down.weight
create_tensor: loading tensor blk.1.hc_attn_up.weight
create_tensor: loading tensor blk.1.hc_attn_inject.weight
create_tensor: loading tensor blk.1.hc_ffn_norm.weight
create_tensor: loading tensor blk.1.hc_ffn_down.weight
create_tensor: loading tensor blk.1.hc_ffn_up.weight
create_tensor: loading tensor blk.1.hc_ffn_inject.weight
create_tensor: loading tensor blk.1.attn_qkv.weight
create_tensor: loading tensor blk.1.attn_gate.weight
create_tensor: loading tensor blk.1.ssm_conv1d.weight
create_tensor: loading tensor blk.1.ssm_dt.bias
create_tensor: loading tensor blk.1.ssm_a
create_tensor: loading tensor blk.1.ssm_beta.weight
create_tensor: loading tensor blk.1.ssm_alpha.weight
create_tensor: loading tensor blk.1.ssm_norm.weight
create_tensor: loading tensor blk.1.ssm_out.weight
create_tensor: loading tensor blk.1.ple_key.weight
create_tensor: loading tensor blk.1.ple_value.weight
create_tensor: loading tensor blk.1.ple_norm_key.weight
create_tensor: loading tensor blk.1.ple_norm_query.weight
create_tensor: loading tensor blk.1.ple_norm_conv.weight
create_tensor: loading tensor blk.1.ple_conv1d.weight
create_tensor: loading tensor blk.1.ffn_gate_inp.weight
create_tensor: loading tensor blk.1.ffn_down_exps.weight
tensor blk.1.ffn_down_exps.weight (450 MiB iq4_nl) buffer type overridden to CUDA_Host
create_tensor: loading tensor blk.1.ffn_gate_up_exps.weight
create_tensor: loading tensor blk.1.ffn_gate_exps.weight
tensor blk.1.ffn_gate_exps.weight (343 MiB iq3_s) buffer type overridden to CUDA_Host
create_tensor: loading tensor blk.1.ffn_up_exps.weight
tensor blk.1.ffn_up_exps.weight (343 MiB iq3_s) buffer type overridden to CUDA_Host
create_tensor: loading tensor blk.1.ffn_gate_inp_shexp.weight
create_tensor: loading tensor blk.1.ffn_gate_shexp.weight
create_tensor: loading tensor blk.1.ffn_up_shexp.weight
create_tensor: loading tensor blk.1.ffn_down_shexp.weight
create_tensor: loading tensor blk.2.hc_attn_norm.weight
create_tensor: loading tensor blk.2.hc_attn_down.weight
create_tensor: loading tensor blk.2.hc_attn_up.weight
create_tensor: loading tensor blk.2.hc_attn_inject.weight
create_tensor: loading tensor blk.2.hc_ffn_norm.weight
create_tensor: loading tensor blk.2.hc_ffn_down.weight
create_tensor: loading tensor blk.2.hc_ffn_up.weight
create_tensor: loading tensor blk.2.hc_ffn_inject.weight
create_tensor: loading tensor blk.2.attn_qkv.weight
create_tensor: loading tensor blk.2.attn_gate.weight
create_tensor: loading tensor blk.2.ssm_conv1d.weight
create_tensor: loading tensor blk.2.ssm_dt.bias
create_tensor: loading tensor blk.2.ssm_a
create_tensor: loading tensor blk.2.ssm_beta.weight
create_tensor: loading tensor blk.2.ssm_alpha.weight
create_tensor: loading tensor blk.2.ssm_norm.weight
create_tensor: loading tensor blk.2.ssm_out.weight
create_tensor: loading tensor blk.2.ffn_gate_inp.weight
create_tensor: loading tensor blk.2.ffn_down_exps.weight
tensor blk.2.ffn_down_exps.weight (850 MiB q8_0) buffer type overridden to CUDA_Host
create_tensor: loading tensor blk.2.ffn_gate_up_exps.weight
create_tensor: loading tensor blk.2.ffn_gate_exps.weight
tensor blk.2.ffn_gate_exps.weight (425 MiB iq4_xs) buffer type overridden to CUDA_Host
create_tensor: loading tensor blk.2.ffn_up_exps.weight
tensor blk.2.ffn_up_exps.weight (425 MiB iq4_xs) buffer type overridden to CUDA_Host
create_tensor: loading tensor blk.2.ffn_gate_inp_shexp.weight
create_tensor: loading tensor blk.2.ffn_gate_shexp.weight
create_tensor: loading tensor blk.2.ffn_up_shexp.weight
create_tensor: loading tensor blk.2.ffn_down_shexp.weight
create_tensor: loading tensor blk.3.hc_attn_norm.weight
create_tensor: loading tensor blk.3.hc_attn_down.weight
create_tensor: loading tensor blk.3.hc_attn_up.weight
create_tensor: loading tensor blk.3.hc_attn_inject.weight
create_tensor: loading tensor blk.3.hc_ffn_norm.weight
create_tensor: loading tensor blk.3.hc_ffn_down.weight
create_tensor: loading tensor blk.3.hc_ffn_up.weight
create_tensor: loading tensor blk.3.hc_ffn_inject.weight
create_tensor: loading tensor blk.3.attn_qkv.weight
create_tensor: loading tensor blk.3.attn_q.weight
create_tensor: loading tensor blk.3.attn_k.weight
create_tensor: loading tensor blk.3.attn_v.weight
create_tensor: loading tensor blk.3.attn_q.bias
create_tensor: loading tensor blk.3.attn_k.bias
create_tensor: loading tensor blk.3.attn_v.bias
create_tensor: loading tensor blk.3.attn_output.weight
create_tensor: loading tensor blk.3.attn_q_norm.weight
create_tensor: loading tensor blk.3.attn_k_norm.weight
create_tensor: loading tensor blk.3.indexer.q_proj.weight
create_tensor: loading tensor blk.3.indexer.k_proj.weight
create_tensor: loading tensor blk.3.indexer.q_norm.weight
create_tensor: loading tensor blk.3.indexer.k_norm.weight
create_tensor: loading tensor blk.3.ffn_gate_inp.weight
create_tensor: loading tensor blk.3.ffn_down_exps.weight
tensor blk.3.ffn_down_exps.weight (450 MiB iq4_nl) buffer type overridden to CUDA_Host
create_tensor: loading tensor blk.3.ffn_gate_up_exps.weight
create_tensor: loading tensor blk.3.ffn_gate_exps.weight
tensor blk.3.ffn_gate_exps.weight (343 MiB iq3_s) buffer type overridden to CUDA_Host
create_tensor: loading tensor blk.3.ffn_up_exps.weight
tensor blk.3.ffn_up_exps.weight (343 MiB iq3_s) buffer type overridden to CUDA_Host
create_tensor: loading tensor blk.3.ffn_gate_inp_shexp.weight
create_tensor: loading tensor blk.3.ffn_gate_shexp.weight
create_tensor: loading tensor blk.3.ffn_up_shexp.weight
create_tensor: loading tensor blk.3.ffn_down_shexp.weight
create_tensor: loading tensor blk.4.hc_attn_norm.weight
create_tensor: loading tensor blk.4.hc_attn_down.weight
create_tensor: loading tensor blk.4.hc_attn_up.weight
create_tensor: loading tensor blk.4.hc_attn_inject.weight
create_tensor: loading tensor blk.4.hc_ffn_norm.weight
create_tensor: loading tensor blk.4.hc_ffn_down.weight
create_tensor: loading tensor blk.4.hc_ffn_up.weight
create_tensor: loading tensor blk.4.hc_ffn_inject.weight
create_tensor: loading tensor blk.4.attn_qkv.weight
create_tensor: loading tensor blk.4.attn_gate.weight
create_tensor: loading tensor blk.4.ssm_conv1d.weight
create_tensor: loading tensor blk.4.ssm_dt.bias
create_tensor: loading tensor blk.4.ssm_a
create_tensor: loading tensor blk.4.ssm_beta.weight
create_tensor: loading tensor blk.4.ssm_alpha.weight
create_tensor: loading tensor blk.4.ssm_norm.weight
create_tensor: loading tensor blk.4.ssm_out.weight
create_tensor: loading tensor blk.4.ffn_gate_inp.weight
create_tensor: loading tensor blk.4.ffn_down_exps.weight
tensor blk.4.ffn_down_exps.weight (850 MiB q8_0) buffer type overridden to CUDA_Host
create_tensor: loading tensor blk.4.ffn_gate_up_exps.weight
create_tensor: loading tensor blk.4.ffn_gate_exps.weight
tensor blk.4.ffn_gate_exps.weight (343 MiB iq3_s) buffer type overridden to CUDA_Host
create_tensor: loading tensor blk.4.ffn_up_exps.weight
tensor blk.4.ffn_up_exps.weight (343 MiB iq3_s) buffer type overridden to CUDA_Host
create_tensor: loading tensor blk.4.ffn_gate_inp_shexp.weight
create_tensor: loading tensor blk.4.ffn_gate_shexp.weight
create_tensor: loading tensor blk.4.ffn_up_shexp.weight
create_tensor: loading tensor blk.4.ffn_down_shexp.weight
create_tensor: loading tensor blk.5.hc_attn_norm.weight
create_tensor: loading tensor blk.5.hc_attn_down.weight
create_tensor: loading tensor blk.5.hc_attn_up.weight
create_tensor: loading tensor blk.5.hc_attn_inject.weight
create_tensor: loading tensor blk.5.hc_ffn_norm.weight
create_tensor: loading tensor blk.5.hc_ffn_down.weight
create_tensor: loading tensor blk.5.hc_ffn_up.weight
create_tensor: loading tensor blk.5.hc_ffn_inject.weight
create_tensor: loading tensor blk.5.attn_qkv.weight
create_tensor: loading tensor blk.5.attn_gate.weight
create_tensor: loading tensor blk.5.ssm_conv1d.weight
create_tensor: loading tensor blk.5.ssm_dt.bias
create_tensor: loading tensor blk.5.ssm_a
create_tensor: loading tensor blk.5.ssm_beta.weight
create_tensor: loading tensor blk.5.ssm_alpha.weight
create_tensor: loading tensor blk.5.ssm_norm.weight
create_tensor: loading tensor blk.5.ssm_out.weight
create_tensor: loading tensor blk.5.ffn_gate_inp.weight
create_tensor: loading tensor blk.5.ffn_down_exps.weight
tensor blk.5.ffn_down_exps.weight (450 MiB iq4_nl) buffer type overridden to CUDA_Host
create_tensor: loading tensor blk.5.ffn_gate_up_exps.weight
create_tensor: loading tensor blk.5.ffn_gate_exps.weight
tensor blk.5.ffn_gate_exps.weight (343 MiB iq3_s) buffer type overridden to CUDA_Host
create_tensor: loading tensor blk.5.ffn_up_exps.weight
tensor blk.5.ffn_up_exps.weight (343 MiB iq3_s) buffer type overridden to CUDA_Host
create_tensor: loading tensor blk.5.ffn_gate_inp_shexp.weight
create_tensor: loading tensor blk.5.ffn_gate_shexp.weight
create_tensor: loading tensor blk.5.ffn_up_shexp.weight
create_tensor: loading tensor blk.5.ffn_down_shexp.weight
create_tensor: loading tensor blk.6.hc_attn_norm.weight
create_tensor: loading tensor blk.6.hc_attn_down.weight
create_tensor: loading tensor blk.6.hc_attn_up.weight
create_tensor: loading tensor blk.6.hc_attn_inject.weight
create_tensor: loading tensor blk.6.hc_ffn_norm.weight
create_tensor: loading tensor blk.6.hc_ffn_down.weight
create_tensor: loading tensor blk.6.hc_ffn_up.weight
create_tensor: loading tensor blk.6.hc_ffn_inject.weight
create_tensor: loading tensor blk.6.attn_qkv.weight
create_tensor: loading tensor blk.6.attn_gate.weight
create_tensor: loading tensor blk.6.ssm_conv1d.weight
create_tensor: loading tensor blk.6.ssm_dt.bias
create_tensor: loading tensor blk.6.ssm_a
create_tensor: loading tensor blk.6.ssm_beta.weight
create_tensor: loading tensor blk.6.ssm_alpha.weight
create_tensor: loading tensor blk.6.ssm_norm.weight
create_tensor: loading tensor blk.6.ssm_out.weight
create_tensor: loading tensor blk.6.ffn_gate_inp.weight
create_tensor: loading tensor blk.6.ffn_down_exps.weight
tensor blk.6.ffn_down_exps.weight (450 MiB iq4_nl) buffer type overridden to CUDA_Host
create_tensor: loading tensor blk.6.ffn_gate_up_exps.weight
create_tensor: loading tensor blk.6.ffn_gate_exps.weight
tensor blk.6.ffn_gate_exps.weight (343 MiB iq3_s) buffer type overridden to CUDA_Host
create_tensor: loading tensor blk.6.ffn_up_exps.weight
tensor blk.6.ffn_up_exps.weight (343 MiB iq3_s) buffer type overridden to CUDA_Host
create_tensor: loading tensor blk.6.ffn_gate_inp_shexp.weight
create_tensor: loading tensor blk.6.ffn_gate_shexp.weight
create_tensor: loading tensor blk.6.ffn_up_shexp.weight
create_tensor: loading tensor blk.6.ffn_down_shexp.weight
create_tensor: loading tensor blk.7.hc_attn_norm.weight
create_tensor: loading tensor blk.7.hc_attn_down.weight
create_tensor: loading tensor blk.7.hc_attn_up.weight
create_tensor: loading tensor blk.7.hc_attn_inject.weight
create_tensor: loading tensor blk.7.hc_ffn_norm.weight
create_tensor: loading tensor blk.7.hc_ffn_down.weight
create_tensor: loading tensor blk.7.hc_ffn_up.weight
create_tensor: loading tensor blk.7.hc_ffn_inject.weight
create_tensor: loading tensor blk.7.attn_qkv.weight
create_tensor: loading tensor blk.7.attn_q.weight
create_tensor: loading tensor blk.7.attn_k.weight
create_tensor: loading tensor blk.7.attn_v.weight
create_tensor: loading tensor blk.7.attn_q.bias
create_tensor: loading tensor blk.7.attn_k.bias
create_tensor: loading tensor blk.7.attn_v.bias
create_tensor: loading tensor blk.7.attn_output.weight
create_tensor: loading tensor blk.7.attn_q_norm.weight
create_tensor: loading tensor blk.7.attn_k_norm.weight
create_tensor: loading tensor blk.7.indexer.q_proj.weight
create_tensor: loading tensor blk.7.indexer.k_proj.weight
create_tensor: loading tensor blk.7.indexer.q_norm.weight
create_tensor: loading tensor blk.7.indexer.k_norm.weight
create_tensor: loading tensor blk.7.ffn_gate_inp.weight
create_tensor: loading tensor blk.7.ffn_down_exps.weight
tensor blk.7.ffn_down_exps.weight (450 MiB iq4_nl) buffer type overridden to CUDA_Host
create_tensor: loading tensor blk.7.ffn_gate_up_exps.weight
create_tensor: loading tensor blk.7.ffn_gate_exps.weight
tensor blk.7.ffn_gate_exps.weight (343 MiB iq3_s) buffer type overridden to CUDA_Host
create_tensor: loading tensor blk.7.ffn_up_exps.weight
tensor blk.7.ffn_up_exps.weight (343 MiB iq3_s) buffer type overridden to CUDA_Host
create_tensor: loading tensor blk.7.ffn_gate_inp_shexp.weight
create_tensor: loading tensor blk.7.ffn_gate_shexp.weight
create_tensor: loading tensor blk.7.ffn_up_shexp.weight
create_tensor: loading tensor blk.7.ffn_down_shexp.weight
create_tensor: loading tensor blk.8.hc_attn_norm.weight
create_tensor: loading tensor blk.8.hc_attn_down.weight
create_tensor: loading tensor blk.8.hc_attn_up.weight
create_tensor: loading tensor blk.8.hc_attn_inject.weight
create_tensor: loading tensor blk.8.hc_ffn_norm.weight
create_tensor: loading tensor blk.8.hc_ffn_down.weight
create_tensor: loading tensor blk.8.hc_ffn_up.weight
create_tensor: loading tensor blk.8.hc_ffn_inject.weight
create_tensor: loading tensor blk.8.attn_qkv.weight
create_tensor: loading tensor blk.8.attn_gate.weight
create_tensor: loading tensor blk.8.ssm_conv1d.weight
create_tensor: loading tensor blk.8.ssm_dt.bias
create_tensor: loading tensor blk.8.ssm_a
create_tensor: loading tensor blk.8.ssm_beta.weight
create_tensor: loading tensor blk.8.ssm_alpha.weight
create_tensor: loading tensor blk.8.ssm_norm.weight
create_tensor: loading tensor blk.8.ssm_out.weight
create_tensor: loading tensor blk.8.ffn_gate_inp.weight
create_tensor: loading tensor blk.8.ffn_down_exps.weight
tensor blk.8.ffn_down_exps.weight (450 MiB iq4_nl) buffer type overridden to CUDA_Host
create_tensor: loading tensor blk.8.ffn_gate_up_exps.weight
create_tensor: loading tensor blk.8.ffn_gate_exps.weight
tensor blk.8.ffn_gate_exps.weight (343 MiB iq3_s) buffer type overridden to CUDA_Host
create_tensor: loading tensor blk.8.ffn_up_exps.weight
tensor blk.8.ffn_up_exps.weight (343 MiB iq3_s) buffer type overridden to CUDA_Host
create_tensor: loading tensor blk.8.ffn_gate_inp_shexp.weight
create_tensor: loading tensor blk.8.ffn_gate_shexp.weight
create_tensor: loading tensor blk.8.ffn_up_shexp.weight
create_tensor: loading tensor blk.8.ffn_down_shexp.weight
create_tensor: loading tensor blk.9.hc_attn_norm.weight
create_tensor: loading tensor blk.9.hc_attn_down.weight
create_tensor: loading tensor blk.9.hc_attn_up.weight
create_tensor: loading tensor blk.9.hc_attn_inject.weight
create_tensor: loading tensor blk.9.hc_ffn_norm.weight
create_tensor: loading tensor blk.9.hc_ffn_down.weight
create_tensor: loading tensor blk.9.hc_ffn_up.weight
create_tensor: loading tensor blk.9.hc_ffn_inject.weight
create_tensor: loading tensor blk.9.attn_qkv.weight
create_tensor: loading tensor blk.9.attn_gate.weight
create_tensor: loading tensor blk.9.ssm_conv1d.weight
create_tensor: loading tensor blk.9.ssm_dt.bias
create_tensor: loading tensor blk.9.ssm_a
create_tensor: loading tensor blk.9.ssm_beta.weight
create_tensor: loading tensor blk.9.ssm_alpha.weight
create_tensor: loading tensor blk.9.ssm_norm.weight
create_tensor: loading tensor blk.9.ssm_out.weight
create_tensor: loading tensor blk.9.ffn_gate_inp.weight
create_tensor: loading tensor blk.9.ffn_down_exps.weight
tensor blk.9.ffn_down_exps.weight (450 MiB iq4_nl) buffer type overridden to CUDA_Host
create_tensor: loading tensor blk.9.ffn_gate_up_exps.weight
create_tensor: loading tensor blk.9.ffn_gate_exps.weight
tensor blk.9.ffn_gate_exps.weight (343 MiB iq3_s) buffer type overridden to CUDA_Host
create_tensor: loading tensor blk.9.ffn_up_exps.weight
tensor blk.9.ffn_up_exps.weight (343 MiB iq3_s) buffer type overridden to CUDA_Host
create_tensor: loading tensor blk.9.ffn_gate_inp_shexp.weight
create_tensor: loading tensor blk.9.ffn_gate_shexp.weight
create_tensor: loading tensor blk.9.ffn_up_shexp.weight
create_tensor: loading tensor blk.9.ffn_down_shexp.weight
create_tensor: loading tensor blk.10.hc_attn_norm.weight
create_tensor: loading tensor blk.10.hc_attn_down.weight
create_tensor: loading tensor blk.10.hc_attn_up.weight
create_tensor: loading tensor blk.10.hc_attn_inject.weight
create_tensor: loading tensor blk.10.hc_ffn_norm.weight
create_tensor: loading tensor blk.10.hc_ffn_down.weight
create_tensor: loading tensor blk.10.hc_ffn_up.weight
create_tensor: loading tensor blk.10.hc_ffn_inject.weight
create_tensor: loading tensor blk.10.attn_qkv.weight
create_tensor: loading tensor blk.10.attn_gate.weight
create_tensor: loading tensor blk.10.ssm_conv1d.weight
create_tensor: loading tensor blk.10.ssm_dt.bias
create_tensor: loading tensor blk.10.ssm_a
create_tensor: loading tensor blk.10.ssm_beta.weight
create_tensor: loading tensor blk.10.ssm_alpha.weight
create_tensor: loading tensor blk.10.ssm_norm.weight
create_tensor: loading tensor blk.10.ssm_out.weight
create_tensor: loading tensor blk.10.ffn_gate_inp.weight
create_tensor: loading tensor blk.10.ffn_down_exps.weight
tensor blk.10.ffn_down_exps.weight (450 MiB iq4_nl) buffer type overridden to CUDA_Host
create_tensor: loading tensor blk.10.ffn_gate_up_exps.weight
create_tensor: loading tensor blk.10.ffn_gate_exps.weight
tensor blk.10.ffn_gate_exps.weight (343 MiB iq3_s) buffer type overridden to CUDA_Host
create_tensor: loading tensor blk.10.ffn_up_exps.weight
tensor blk.10.ffn_up_exps.weight (343 MiB iq3_s) buffer type overridden to CUDA_Host
create_tensor: loading tensor blk.10.ffn_gate_inp_shexp.weight
create_tensor: loading tensor blk.10.ffn_gate_shexp.weight
create_tensor: loading tensor blk.10.ffn_up_shexp.weight
create_tensor: loading tensor blk.10.ffn_down_shexp.weight
create_tensor: loading tensor blk.11.hc_attn_norm.weight
create_tensor: loading tensor blk.11.hc_attn_down.weight
create_tensor: loading tensor blk.11.hc_attn_up.weight
create_tensor: loading tensor blk.11.hc_attn_inject.weight
create_tensor: loading tensor blk.11.hc_ffn_norm.weight
create_tensor: loading tensor blk.11.hc_ffn_down.weight
create_tensor: loading tensor blk.11.hc_ffn_up.weight
create_tensor: loading tensor blk.11.hc_ffn_inject.weight
create_tensor: loading tensor blk.11.attn_qkv.weight
create_tensor: loading tensor blk.11.attn_q.weight
create_tensor: loading tensor blk.11.attn_k.weight
create_tensor: loading tensor blk.11.attn_v.weight
create_tensor: loading tensor blk.11.attn_q.bias
create_tensor: loading tensor blk.11.attn_k.bias
create_tensor: loading tensor blk.11.attn_v.bias
create_tensor: loading tensor blk.11.attn_output.weight
create_tensor: loading tensor blk.11.attn_q_norm.weight
create_tensor: loading tensor blk.11.attn_k_norm.weight
create_tensor: loading tensor blk.11.indexer.q_proj.weight
create_tensor: loading tensor blk.11.indexer.k_proj.weight
create_tensor: loading tensor blk.11.indexer.q_norm.weight
create_tensor: loading tensor blk.11.indexer.k_norm.weight
create_tensor: loading tensor blk.11.ffn_gate_inp.weight
create_tensor: loading tensor blk.11.ffn_down_exps.weight
tensor blk.11.ffn_down_exps.weight (450 MiB iq4_nl) buffer type overridden to CUDA_Host
create_tensor: loading tensor blk.11.ffn_gate_up_exps.weight
create_tensor: loading tensor blk.11.ffn_gate_exps.weight
tensor blk.11.ffn_gate_exps.weight (343 MiB iq3_s) buffer type overridden to CUDA_Host
create_tensor: loading tensor blk.11.ffn_up_exps.weight
tensor blk.11.ffn_up_exps.weight (343 MiB iq3_s) buffer type overridden to CUDA_Host
create_tensor: loading tensor blk.11.ffn_gate_inp_shexp.weight
create_tensor: loading tensor blk.11.ffn_gate_shexp.weight
create_tensor: loading tensor blk.11.ffn_up_shexp.weight
create_tensor: loading tensor blk.11.ffn_down_shexp.weight
create_tensor: loading tensor blk.12.hc_attn_norm.weight
create_tensor: loading tensor blk.12.hc_attn_down.weight
create_tensor: loading tensor blk.12.hc_attn_up.weight
create_tensor: loading tensor blk.12.hc_attn_inject.weight
create_tensor: loading tensor blk.12.hc_ffn_norm.weight
create_tensor: loading tensor blk.12.hc_ffn_down.weight
create_tensor: loading tensor blk.12.hc_ffn_up.weight
create_tensor: loading tensor blk.12.hc_ffn_inject.weight
create_tensor: loading tensor blk.12.attn_qkv.weight
create_tensor: loading tensor blk.12.attn_gate.weight
create_tensor: loading tensor blk.12.ssm_conv1d.weight
create_tensor: loading tensor blk.12.ssm_dt.bias
create_tensor: loading tensor blk.12.ssm_a
create_tensor: loading tensor blk.12.ssm_beta.weight
create_tensor: loading tensor blk.12.ssm_alpha.weight
create_tensor: loading tensor blk.12.ssm_norm.weight
create_tensor: loading tensor blk.12.ssm_out.weight
create_tensor: loading tensor blk.12.ffn_gate_inp.weight
create_tensor: loading tensor blk.12.ffn_down_exps.weight
tensor blk.12.ffn_down_exps.weight (450 MiB iq4_nl) buffer type overridden to CUDA_Host
create_tensor: loading tensor blk.12.ffn_gate_up_exps.weight
create_tensor: loading tensor blk.12.ffn_gate_exps.weight
tensor blk.12.ffn_gate_exps.weight (343 MiB iq3_s) buffer type overridden to CUDA_Host
create_tensor: loading tensor blk.12.ffn_up_exps.weight
tensor blk.12.ffn_up_exps.weight (343 MiB iq3_s) buffer type overridden to CUDA_Host
create_tensor: loading tensor blk.12.ffn_gate_inp_shexp.weight
create_tensor: loading tensor blk.12.ffn_gate_shexp.weight
create_tensor: loading tensor blk.12.ffn_up_shexp.weight
create_tensor: loading tensor blk.12.ffn_down_shexp.weight
create_tensor: loading tensor blk.13.hc_attn_norm.weight
create_tensor: loading tensor blk.13.hc_attn_down.weight
create_tensor: loading tensor blk.13.hc_attn_up.weight
create_tensor: loading tensor blk.13.hc_attn_inject.weight
create_tensor: loading tensor blk.13.hc_ffn_norm.weight
create_tensor: loading tensor blk.13.hc_ffn_down.weight
create_tensor: loading tensor blk.13.hc_ffn_up.weight
create_tensor: loading tensor blk.13.hc_ffn_inject.weight
create_tensor: loading tensor blk.13.attn_qkv.weight
create_tensor: loading tensor blk.13.attn_gate.weight
create_tensor: loading tensor blk.13.ssm_conv1d.weight
create_tensor: loading tensor blk.13.ssm_dt.bias
create_tensor: loading tensor blk.13.ssm_a
create_tensor: loading tensor blk.13.ssm_beta.weight
create_tensor: loading tensor blk.13.ssm_alpha.weight
create_tensor: loading tensor blk.13.ssm_norm.weight
create_tensor: loading tensor blk.13.ssm_out.weight
create_tensor: loading tensor blk.13.ffn_gate_inp.weight
create_tensor: loading tensor blk.13.ffn_down_exps.weight
tensor blk.13.ffn_down_exps.weight (450 MiB iq4_nl) buffer type overridden to CUDA_Host
create_tensor: loading tensor blk.13.ffn_gate_up_exps.weight
create_tensor: loading tensor blk.13.ffn_gate_exps.weight
tensor blk.13.ffn_gate_exps.weight (343 MiB iq3_s) buffer type overridden to CUDA_Host
create_tensor: loading tensor blk.13.ffn_up_exps.weight
tensor blk.13.ffn_up_exps.weight (343 MiB iq3_s) buffer type overridden to CUDA_Host
create_tensor: loading tensor blk.13.ffn_gate_inp_shexp.weight
create_tensor: loading tensor blk.13.ffn_gate_shexp.weight
create_tensor: loading tensor blk.13.ffn_up_shexp.weight
create_tensor: loading tensor blk.13.ffn_down_shexp.weight
create_tensor: loading tensor blk.14.hc_attn_norm.weight
create_tensor: loading tensor blk.14.hc_attn_down.weight
create_tensor: loading tensor blk.14.hc_attn_up.weight
create_tensor: loading tensor blk.14.hc_attn_inject.weight
create_tensor: loading tensor blk.14.hc_ffn_norm.weight
create_tensor: loading tensor blk.14.hc_ffn_down.weight
create_tensor: loading tensor blk.14.hc_ffn_up.weight
create_tensor: loading tensor blk.14.hc_ffn_inject.weight
create_tensor: loading tensor blk.14.attn_qkv.weight
create_tensor: loading tensor blk.14.attn_gate.weight
create_tensor: loading tensor blk.14.ssm_conv1d.weight
create_tensor: loading tensor blk.14.ssm_dt.bias
create_tensor: loading tensor blk.14.ssm_a
create_tensor: loading tensor blk.14.ssm_beta.weight
create_tensor: loading tensor blk.14.ssm_alpha.weight
create_tensor: loading tensor blk.14.ssm_norm.weight
create_tensor: loading tensor blk.14.ssm_out.weight
create_tensor: loading tensor blk.14.ffn_gate_inp.weight
create_tensor: loading tensor blk.14.ffn_down_exps.weight
tensor blk.14.ffn_down_exps.weight (450 MiB iq4_nl) buffer type overridden to CUDA_Host
create_tensor: loading tensor blk.14.ffn_gate_up_exps.weight
create_tensor: loading tensor blk.14.ffn_gate_exps.weight
tensor blk.14.ffn_gate_exps.weight (343 MiB iq3_s) buffer type overridden to CUDA_Host
create_tensor: loading tensor blk.14.ffn_up_exps.weight
tensor blk.14.ffn_up_exps.weight (343 MiB iq3_s) buffer type overridden to CUDA_Host
create_tensor: loading tensor blk.14.ffn_gate_inp_shexp.weight
create_tensor: loading tensor blk.14.ffn_gate_shexp.weight
create_tensor: loading tensor blk.14.ffn_up_shexp.weight
create_tensor: loading tensor blk.14.ffn_down_shexp.weight
create_tensor: loading tensor blk.15.hc_attn_norm.weight
create_tensor: loading tensor blk.15.hc_attn_down.weight
create_tensor: loading tensor blk.15.hc_attn_up.weight
create_tensor: loading tensor blk.15.hc_attn_inject.weight
create_tensor: loading tensor blk.15.hc_ffn_norm.weight
create_tensor: loading tensor blk.15.hc_ffn_down.weight
create_tensor: loading tensor blk.15.hc_ffn_up.weight
create_tensor: loading tensor blk.15.hc_ffn_inject.weight
create_tensor: loading tensor blk.15.attn_qkv.weight
create_tensor: loading tensor blk.15.attn_q.weight
create_tensor: loading tensor blk.15.attn_k.weight
create_tensor: loading tensor blk.15.attn_v.weight
create_tensor: loading tensor blk.15.attn_q.bias
create_tensor: loading tensor blk.15.attn_k.bias
create_tensor: loading tensor blk.15.attn_v.bias
create_tensor: loading tensor blk.15.attn_output.weight
create_tensor: loading tensor blk.15.attn_q_norm.weight
create_tensor: loading tensor blk.15.attn_k_norm.weight
create_tensor: loading tensor blk.15.indexer.q_proj.weight
create_tensor: loading tensor blk.15.indexer.k_proj.weight
create_tensor: loading tensor blk.15.indexer.q_norm.weight
create_tensor: loading tensor blk.15.indexer.k_norm.weight
create_tensor: loading tensor blk.15.ffn_gate_inp.weight
create_tensor: loading tensor blk.15.ffn_down_exps.weight
tensor blk.15.ffn_down_exps.weight (450 MiB iq4_nl) buffer type overridden to CUDA_Host
create_tensor: loading tensor blk.15.ffn_gate_up_exps.weight
create_tensor: loading tensor blk.15.ffn_gate_exps.weight
tensor blk.15.ffn_gate_exps.weight (343 MiB iq3_s) buffer type overridden to CUDA_Host
create_tensor: loading tensor blk.15.ffn_up_exps.weight
tensor blk.15.ffn_up_exps.weight (343 MiB iq3_s) buffer type overridden to CUDA_Host
create_tensor: loading tensor blk.15.ffn_gate_inp_shexp.weight
create_tensor: loading tensor blk.15.ffn_gate_shexp.weight
create_tensor: loading tensor blk.15.ffn_up_shexp.weight
create_tensor: loading tensor blk.15.ffn_down_shexp.weight
create_tensor: loading tensor blk.16.hc_attn_norm.weight
create_tensor: loading tensor blk.16.hc_attn_down.weight
create_tensor: loading tensor blk.16.hc_attn_up.weight
create_tensor: loading tensor blk.16.hc_attn_inject.weight
create_tensor: loading tensor blk.16.hc_ffn_norm.weight
create_tensor: loading tensor blk.16.hc_ffn_down.weight
create_tensor: loading tensor blk.16.hc_ffn_up.weight
create_tensor: loading tensor blk.16.hc_ffn_inject.weight
create_tensor: loading tensor blk.16.attn_qkv.weight
create_tensor: loading tensor blk.16.attn_gate.weight
create_tensor: loading tensor blk.16.ssm_conv1d.weight
create_tensor: loading tensor blk.16.ssm_dt.bias
create_tensor: loading tensor blk.16.ssm_a
create_tensor: loading tensor blk.16.ssm_beta.weight
create_tensor: loading tensor blk.16.ssm_alpha.weight
create_tensor: loading tensor blk.16.ssm_norm.weight
create_tensor: loading tensor blk.16.ssm_out.weight
create_tensor: loading tensor blk.16.ffn_gate_inp.weight
create_tensor: loading tensor blk.16.ffn_down_exps.weight
tensor blk.16.ffn_down_exps.weight (450 MiB iq4_nl) buffer type overridden to CUDA_Host
create_tensor: loading tensor blk.16.ffn_gate_up_exps.weight
create_tensor: loading tensor blk.16.ffn_gate_exps.weight
tensor blk.16.ffn_gate_exps.weight (343 MiB iq3_s) buffer type overridden to CUDA_Host
create_tensor: loading tensor blk.16.ffn_up_exps.weight
tensor blk.16.ffn_up_exps.weight (343 MiB iq3_s) buffer type overridden to CUDA_Host
create_tensor: loading tensor blk.16.ffn_gate_inp_shexp.weight
create_tensor: loading tensor blk.16.ffn_gate_shexp.weight
create_tensor: loading tensor blk.16.ffn_up_shexp.weight
create_tensor: loading tensor blk.16.ffn_down_shexp.weight
create_tensor: loading tensor blk.17.hc_attn_norm.weight
create_tensor: loading tensor blk.17.hc_attn_down.weight
create_tensor: loading tensor blk.17.hc_attn_up.weight
create_tensor: loading tensor blk.17.hc_attn_inject.weight
create_tensor: loading tensor blk.17.hc_ffn_norm.weight
create_tensor: loading tensor blk.17.hc_ffn_down.weight
create_tensor: loading tensor blk.17.hc_ffn_up.weight
create_tensor: loading tensor blk.17.hc_ffn_inject.weight
create_tensor: loading tensor blk.17.attn_qkv.weight
create_tensor: loading tensor blk.17.attn_gate.weight
create_tensor: loading tensor blk.17.ssm_conv1d.weight
create_tensor: loading tensor blk.17.ssm_dt.bias
create_tensor: loading tensor blk.17.ssm_a
create_tensor: loading tensor blk.17.ssm_beta.weight
create_tensor: loading tensor blk.17.ssm_alpha.weight
create_tensor: loading tensor blk.17.ssm_norm.weight
create_tensor: loading tensor blk.17.ssm_out.weight
create_tensor: loading tensor blk.17.ffn_gate_inp.weight
create_tensor: loading tensor blk.17.ffn_down_exps.weight
tensor blk.17.ffn_down_exps.weight (450 MiB iq4_nl) buffer type overridden to CUDA_Host
create_tensor: loading tensor blk.17.ffn_gate_up_exps.weight
create_tensor: loading tensor blk.17.ffn_gate_exps.weight
tensor blk.17.ffn_gate_exps.weight (343 MiB iq3_s) buffer type overridden to CUDA_Host
create_tensor: loading tensor blk.17.ffn_up_exps.weight
tensor blk.17.ffn_up_exps.weight (343 MiB iq3_s) buffer type overridden to CUDA_Host
create_tensor: loading tensor blk.17.ffn_gate_inp_shexp.weight
create_tensor: loading tensor blk.17.ffn_gate_shexp.weight
create_tensor: loading tensor blk.17.ffn_up_shexp.weight
create_tensor: loading tensor blk.17.ffn_down_shexp.weight
create_tensor: loading tensor blk.18.hc_attn_norm.weight
create_tensor: loading tensor blk.18.hc_attn_down.weight
create_tensor: loading tensor blk.18.hc_attn_up.weight
create_tensor: loading tensor blk.18.hc_attn_inject.weight
create_tensor: loading tensor blk.18.hc_ffn_norm.weight
create_tensor: loading tensor blk.18.hc_ffn_down.weight
create_tensor: loading tensor blk.18.hc_ffn_up.weight
create_tensor: loading tensor blk.18.hc_ffn_inject.weight
create_tensor: loading tensor blk.18.attn_qkv.weight
create_tensor: loading tensor blk.18.attn_gate.weight
create_tensor: loading tensor blk.18.ssm_conv1d.weight
create_tensor: loading tensor blk.18.ssm_dt.bias
create_tensor: loading tensor blk.18.ssm_a
create_tensor: loading tensor blk.18.ssm_beta.weight
create_tensor: loading tensor blk.18.ssm_alpha.weight
create_tensor: loading tensor blk.18.ssm_norm.weight
create_tensor: loading tensor blk.18.ssm_out.weight
create_tensor: loading tensor blk.18.ffn_gate_inp.weight
create_tensor: loading tensor blk.18.ffn_down_exps.weight
tensor blk.18.ffn_down_exps.weight (450 MiB iq4_nl) buffer type overridden to CUDA_Host
create_tensor: loading tensor blk.18.ffn_gate_up_exps.weight
create_tensor: loading tensor blk.18.ffn_gate_exps.weight
tensor blk.18.ffn_gate_exps.weight (343 MiB iq3_s) buffer type overridden to CUDA_Host
create_tensor: loading tensor blk.18.ffn_up_exps.weight
tensor blk.18.ffn_up_exps.weight (343 MiB iq3_s) buffer type overridden to CUDA_Host
create_tensor: loading tensor blk.18.ffn_gate_inp_shexp.weight
create_tensor: loading tensor blk.18.ffn_gate_shexp.weight
create_tensor: loading tensor blk.18.ffn_up_shexp.weight
create_tensor: loading tensor blk.18.ffn_down_shexp.weight
create_tensor: loading tensor blk.19.hc_attn_norm.weight
create_tensor: loading tensor blk.19.hc_attn_down.weight
create_tensor: loading tensor blk.19.hc_attn_up.weight
create_tensor: loading tensor blk.19.hc_attn_inject.weight
create_tensor: loading tensor blk.19.hc_ffn_norm.weight
create_tensor: loading tensor blk.19.hc_ffn_down.weight
create_tensor: loading tensor blk.19.hc_ffn_up.weight
create_tensor: loading tensor blk.19.hc_ffn_inject.weight
create_tensor: loading tensor blk.19.attn_qkv.weight
create_tensor: loading tensor blk.19.attn_q.weight
create_tensor: loading tensor blk.19.attn_k.weight
create_tensor: loading tensor blk.19.attn_v.weight
create_tensor: loading tensor blk.19.attn_q.bias
create_tensor: loading tensor blk.19.attn_k.bias
create_tensor: loading tensor blk.19.attn_v.bias
create_tensor: loading tensor blk.19.attn_output.weight
create_tensor: loading tensor blk.19.attn_q_norm.weight
create_tensor: loading tensor blk.19.attn_k_norm.weight
create_tensor: loading tensor blk.19.indexer.q_proj.weight
create_tensor: loading tensor blk.19.indexer.k_proj.weight
create_tensor: loading tensor blk.19.indexer.q_norm.weight
create_tensor: loading tensor blk.19.indexer.k_norm.weight
create_tensor: loading tensor blk.19.ffn_gate_inp.weight
create_tensor: loading tensor blk.19.ffn_down_exps.weight
tensor blk.19.ffn_down_exps.weight (450 MiB iq4_nl) buffer type overridden to CUDA_Host
create_tensor: loading tensor blk.19.ffn_gate_up_exps.weight
create_tensor: loading tensor blk.19.ffn_gate_exps.weight
tensor blk.19.ffn_gate_exps.weight (343 MiB iq3_s) buffer type overridden to CUDA_Host
create_tensor: loading tensor blk.19.ffn_up_exps.weight
tensor blk.19.ffn_up_exps.weight (343 MiB iq3_s) buffer type overridden to CUDA_Host
create_tensor: loading tensor blk.19.ffn_gate_inp_shexp.weight
create_tensor: loading tensor blk.19.ffn_gate_shexp.weight
create_tensor: loading tensor blk.19.ffn_up_shexp.weight
create_tensor: loading tensor blk.19.ffn_down_shexp.weight
create_tensor: loading tensor blk.20.hc_attn_norm.weight
create_tensor: loading tensor blk.20.hc_attn_down.weight
create_tensor: loading tensor blk.20.hc_attn_up.weight
create_tensor: loading tensor blk.20.hc_attn_inject.weight
create_tensor: loading tensor blk.20.hc_ffn_norm.weight
create_tensor: loading tensor blk.20.hc_ffn_down.weight
create_tensor: loading tensor blk.20.hc_ffn_up.weight
create_tensor: loading tensor blk.20.hc_ffn_inject.weight
create_tensor: loading tensor blk.20.attn_qkv.weight
create_tensor: loading tensor blk.20.attn_gate.weight
create_tensor: loading tensor blk.20.ssm_conv1d.weight
create_tensor: loading tensor blk.20.ssm_dt.bias
create_tensor: loading tensor blk.20.ssm_a
create_tensor: loading tensor blk.20.ssm_beta.weight
create_tensor: loading tensor blk.20.ssm_alpha.weight
create_tensor: loading tensor blk.20.ssm_norm.weight
create_tensor: loading tensor blk.20.ssm_out.weight
create_tensor: loading tensor blk.20.ffn_gate_inp.weight
create_tensor: loading tensor blk.20.ffn_down_exps.weight
tensor blk.20.ffn_down_exps.weight (450 MiB iq4_nl) buffer type overridden to CUDA_Host
create_tensor: loading tensor blk.20.ffn_gate_up_exps.weight
create_tensor: loading tensor blk.20.ffn_gate_exps.weight
tensor blk.20.ffn_gate_exps.weight (343 MiB iq3_s) buffer type overridden to CUDA_Host
create_tensor: loading tensor blk.20.ffn_up_exps.weight
tensor blk.20.ffn_up_exps.weight (343 MiB iq3_s) buffer type overridden to CUDA_Host
create_tensor: loading tensor blk.20.ffn_gate_inp_shexp.weight
create_tensor: loading tensor blk.20.ffn_gate_shexp.weight
create_tensor: loading tensor blk.20.ffn_up_shexp.weight
create_tensor: loading tensor blk.20.ffn_down_shexp.weight
create_tensor: loading tensor blk.21.hc_attn_norm.weight
create_tensor: loading tensor blk.21.hc_attn_down.weight
create_tensor: loading tensor blk.21.hc_attn_up.weight
create_tensor: loading tensor blk.21.hc_attn_inject.weight
create_tensor: loading tensor blk.21.hc_ffn_norm.weight
create_tensor: loading tensor blk.21.hc_ffn_down.weight
create_tensor: loading tensor blk.21.hc_ffn_up.weight
create_tensor: loading tensor blk.21.hc_ffn_inject.weight
create_tensor: loading tensor blk.21.attn_qkv.weight
create_tensor: loading tensor blk.21.attn_gate.weight
create_tensor: loading tensor blk.21.ssm_conv1d.weight
create_tensor: loading tensor blk.21.ssm_dt.bias
create_tensor: loading tensor blk.21.ssm_a
create_tensor: loading tensor blk.21.ssm_beta.weight
create_tensor: loading tensor blk.21.ssm_alpha.weight
create_tensor: loading tensor blk.21.ssm_norm.weight
create_tensor: loading tensor blk.21.ssm_out.weight
create_tensor: loading tensor blk.21.ffn_gate_inp.weight
create_tensor: loading tensor blk.21.ffn_down_exps.weight
tensor blk.21.ffn_down_exps.weight (450 MiB iq4_nl) buffer type overridden to CUDA_Host
create_tensor: loading tensor blk.21.ffn_gate_up_exps.weight
create_tensor: loading tensor blk.21.ffn_gate_exps.weight
tensor blk.21.ffn_gate_exps.weight (343 MiB iq3_s) buffer type overridden to CUDA_Host
create_tensor: loading tensor blk.21.ffn_up_exps.weight
tensor blk.21.ffn_up_exps.weight (343 MiB iq3_s) buffer type overridden to CUDA_Host
create_tensor: loading tensor blk.21.ffn_gate_inp_shexp.weight
create_tensor: loading tensor blk.21.ffn_gate_shexp.weight
create_tensor: loading tensor blk.21.ffn_up_shexp.weight
create_tensor: loading tensor blk.21.ffn_down_shexp.weight
create_tensor: loading tensor blk.22.hc_attn_norm.weight
create_tensor: loading tensor blk.22.hc_attn_down.weight
create_tensor: loading tensor blk.22.hc_attn_up.weight
create_tensor: loading tensor blk.22.hc_attn_inject.weight
create_tensor: loading tensor blk.22.hc_ffn_norm.weight
create_tensor: loading tensor blk.22.hc_ffn_down.weight
create_tensor: loading tensor blk.22.hc_ffn_up.weight
create_tensor: loading tensor blk.22.hc_ffn_inject.weight
create_tensor: loading tensor blk.22.attn_qkv.weight
create_tensor: loading tensor blk.22.attn_gate.weight
create_tensor: loading tensor blk.22.ssm_conv1d.weight
create_tensor: loading tensor blk.22.ssm_dt.bias
create_tensor: loading tensor blk.22.ssm_a
create_tensor: loading tensor blk.22.ssm_beta.weight
create_tensor: loading tensor blk.22.ssm_alpha.weight
create_tensor: loading tensor blk.22.ssm_norm.weight
create_tensor: loading tensor blk.22.ssm_out.weight
create_tensor: loading tensor blk.22.ffn_gate_inp.weight
create_tensor: loading tensor blk.22.ffn_down_exps.weight
tensor blk.22.ffn_down_exps.weight (450 MiB iq4_nl) buffer type overridden to CUDA_Host
create_tensor: loading tensor blk.22.ffn_gate_up_exps.weight
create_tensor: loading tensor blk.22.ffn_gate_exps.weight
tensor blk.22.ffn_gate_exps.weight (343 MiB iq3_s) buffer type overridden to CUDA_Host
create_tensor: loading tensor blk.22.ffn_up_exps.weight
tensor blk.22.ffn_up_exps.weight (343 MiB iq3_s) buffer type overridden to CUDA_Host
create_tensor: loading tensor blk.22.ffn_gate_inp_shexp.weight
create_tensor: loading tensor blk.22.ffn_gate_shexp.weight
create_tensor: loading tensor blk.22.ffn_up_shexp.weight
create_tensor: loading tensor blk.22.ffn_down_shexp.weight
create_tensor: loading tensor blk.23.hc_attn_norm.weight
create_tensor: loading tensor blk.23.hc_attn_down.weight
create_tensor: loading tensor blk.23.hc_attn_up.weight
create_tensor: loading tensor blk.23.hc_attn_inject.weight
create_tensor: loading tensor blk.23.hc_ffn_norm.weight
create_tensor: loading tensor blk.23.hc_ffn_down.weight
create_tensor: loading tensor blk.23.hc_ffn_up.weight
create_tensor: loading tensor blk.23.hc_ffn_inject.weight
create_tensor: loading tensor blk.23.attn_qkv.weight
create_tensor: loading tensor blk.23.attn_q.weight
create_tensor: loading tensor blk.23.attn_k.weight
create_tensor: loading tensor blk.23.attn_v.weight
create_tensor: loading tensor blk.23.attn_q.bias
create_tensor: loading tensor blk.23.attn_k.bias
create_tensor: loading tensor blk.23.attn_v.bias
create_tensor: loading tensor blk.23.attn_output.weight
create_tensor: loading tensor blk.23.attn_q_norm.weight
create_tensor: loading tensor blk.23.attn_k_norm.weight
create_tensor: loading tensor blk.23.indexer.q_proj.weight
create_tensor: loading tensor blk.23.indexer.k_proj.weight
create_tensor: loading tensor blk.23.indexer.q_norm.weight
create_tensor: loading tensor blk.23.indexer.k_norm.weight
create_tensor: loading tensor blk.23.ffn_gate_inp.weight
create_tensor: loading tensor blk.23.ffn_down_exps.weight
tensor blk.23.ffn_down_exps.weight (450 MiB iq4_nl) buffer type overridden to CUDA_Host
create_tensor: loading tensor blk.23.ffn_gate_up_exps.weight
create_tensor: loading tensor blk.23.ffn_gate_exps.weight
tensor blk.23.ffn_gate_exps.weight (343 MiB iq3_s) buffer type overridden to CUDA_Host
create_tensor: loading tensor blk.23.ffn_up_exps.weight
tensor blk.23.ffn_up_exps.weight (343 MiB iq3_s) buffer type overridden to CUDA_Host
create_tensor: loading tensor blk.23.ffn_gate_inp_shexp.weight
create_tensor: loading tensor blk.23.ffn_gate_shexp.weight
create_tensor: loading tensor blk.23.ffn_up_shexp.weight
create_tensor: loading tensor blk.23.ffn_down_shexp.weight
create_tensor: loading tensor blk.24.hc_attn_norm.weight
create_tensor: loading tensor blk.24.hc_attn_down.weight
create_tensor: loading tensor blk.24.hc_attn_up.weight
create_tensor: loading tensor blk.24.hc_attn_inject.weight
create_tensor: loading tensor blk.24.hc_ffn_norm.weight
create_tensor: loading tensor blk.24.hc_ffn_down.weight
create_tensor: loading tensor blk.24.hc_ffn_up.weight
create_tensor: loading tensor blk.24.hc_ffn_inject.weight
create_tensor: loading tensor blk.24.attn_qkv.weight
create_tensor: loading tensor blk.24.attn_gate.weight
create_tensor: loading tensor blk.24.ssm_conv1d.weight
create_tensor: loading tensor blk.24.ssm_dt.bias
create_tensor: loading tensor blk.24.ssm_a
create_tensor: loading tensor blk.24.ssm_beta.weight
create_tensor: loading tensor blk.24.ssm_alpha.weight
create_tensor: loading tensor blk.24.ssm_norm.weight
create_tensor: loading tensor blk.24.ssm_out.weight
create_tensor: loading tensor blk.24.ffn_gate_inp.weight
create_tensor: loading tensor blk.24.ffn_down_exps.weight
tensor blk.24.ffn_down_exps.weight (450 MiB iq4_nl) buffer type overridden to CUDA_Host
create_tensor: loading tensor blk.24.ffn_gate_up_exps.weight
create_tensor: loading tensor blk.24.ffn_gate_exps.weight
tensor blk.24.ffn_gate_exps.weight (343 MiB iq3_s) buffer type overridden to CUDA_Host
create_tensor: loading tensor blk.24.ffn_up_exps.weight
tensor blk.24.ffn_up_exps.weight (343 MiB iq3_s) buffer type overridden to CUDA_Host
create_tensor: loading tensor blk.24.ffn_gate_inp_shexp.weight
create_tensor: loading tensor blk.24.ffn_gate_shexp.weight
create_tensor: loading tensor blk.24.ffn_up_shexp.weight
create_tensor: loading tensor blk.24.ffn_down_shexp.weight
create_tensor: loading tensor blk.25.hc_attn_norm.weight
create_tensor: loading tensor blk.25.hc_attn_down.weight
create_tensor: loading tensor blk.25.hc_attn_up.weight
create_tensor: loading tensor blk.25.hc_attn_inject.weight
create_tensor: loading tensor blk.25.hc_ffn_norm.weight
create_tensor: loading tensor blk.25.hc_ffn_down.weight
create_tensor: loading tensor blk.25.hc_ffn_up.weight
create_tensor: loading tensor blk.25.hc_ffn_inject.weight
create_tensor: loading tensor blk.25.attn_qkv.weight
create_tensor: loading tensor blk.25.attn_gate.weight
create_tensor: loading tensor blk.25.ssm_conv1d.weight
create_tensor: loading tensor blk.25.ssm_dt.bias
create_tensor: loading tensor blk.25.ssm_a
create_tensor: loading tensor blk.25.ssm_beta.weight
create_tensor: loading tensor blk.25.ssm_alpha.weight
create_tensor: loading tensor blk.25.ssm_norm.weight
create_tensor: loading tensor blk.25.ssm_out.weight
create_tensor: loading tensor blk.25.ffn_gate_inp.weight
create_tensor: loading tensor blk.25.ffn_down_exps.weight
tensor blk.25.ffn_down_exps.weight (450 MiB iq4_nl) buffer type overridden to CUDA_Host
create_tensor: loading tensor blk.25.ffn_gate_up_exps.weight
create_tensor: loading tensor blk.25.ffn_gate_exps.weight
tensor blk.25.ffn_gate_exps.weight (343 MiB iq3_s) buffer type overridden to CUDA_Host
create_tensor: loading tensor blk.25.ffn_up_exps.weight
tensor blk.25.ffn_up_exps.weight (343 MiB iq3_s) buffer type overridden to CUDA_Host
create_tensor: loading tensor blk.25.ffn_gate_inp_shexp.weight
create_tensor: loading tensor blk.25.ffn_gate_shexp.weight
create_tensor: loading tensor blk.25.ffn_up_shexp.weight
create_tensor: loading tensor blk.25.ffn_down_shexp.weight
create_tensor: loading tensor blk.26.hc_attn_norm.weight
create_tensor: loading tensor blk.26.hc_attn_down.weight
create_tensor: loading tensor blk.26.hc_attn_up.weight
create_tensor: loading tensor blk.26.hc_attn_inject.weight
create_tensor: loading tensor blk.26.hc_ffn_norm.weight
create_tensor: loading tensor blk.26.hc_ffn_down.weight
create_tensor: loading tensor blk.26.hc_ffn_up.weight
create_tensor: loading tensor blk.26.hc_ffn_inject.weight
create_tensor: loading tensor blk.26.attn_qkv.weight
create_tensor: loading tensor blk.26.attn_gate.weight
create_tensor: loading tensor blk.26.ssm_conv1d.weight
create_tensor: loading tensor blk.26.ssm_dt.bias
create_tensor: loading tensor blk.26.ssm_a
create_tensor: loading tensor blk.26.ssm_beta.weight
create_tensor: loading tensor blk.26.ssm_alpha.weight
create_tensor: loading tensor blk.26.ssm_norm.weight
create_tensor: loading tensor blk.26.ssm_out.weight
create_tensor: loading tensor blk.26.ffn_gate_inp.weight
create_tensor: loading tensor blk.26.ffn_down_exps.weight
tensor blk.26.ffn_down_exps.weight (450 MiB iq4_nl) buffer type overridden to CUDA_Host
create_tensor: loading tensor blk.26.ffn_gate_up_exps.weight
create_tensor: loading tensor blk.26.ffn_gate_exps.weight
tensor blk.26.ffn_gate_exps.weight (343 MiB iq3_s) buffer type overridden to CUDA_Host
create_tensor: loading tensor blk.26.ffn_up_exps.weight
tensor blk.26.ffn_up_exps.weight (343 MiB iq3_s) buffer type overridden to CUDA_Host
create_tensor: loading tensor blk.26.ffn_gate_inp_shexp.weight
create_tensor: loading tensor blk.26.ffn_gate_shexp.weight
create_tensor: loading tensor blk.26.ffn_up_shexp.weight
create_tensor: loading tensor blk.26.ffn_down_shexp.weight
create_tensor: loading tensor blk.27.hc_attn_norm.weight
create_tensor: loading tensor blk.27.hc_attn_down.weight
create_tensor: loading tensor blk.27.hc_attn_up.weight
create_tensor: loading tensor blk.27.hc_attn_inject.weight
create_tensor: loading tensor blk.27.hc_ffn_norm.weight
create_tensor: loading tensor blk.27.hc_ffn_down.weight
create_tensor: loading tensor blk.27.hc_ffn_up.weight
create_tensor: loading tensor blk.27.hc_ffn_inject.weight
create_tensor: loading tensor blk.27.attn_qkv.weight
create_tensor: loading tensor blk.27.attn_q.weight
create_tensor: loading tensor blk.27.attn_k.weight
create_tensor: loading tensor blk.27.attn_v.weight
create_tensor: loading tensor blk.27.attn_q.bias
create_tensor: loading tensor blk.27.attn_k.bias
create_tensor: loading tensor blk.27.attn_v.bias
create_tensor: loading tensor blk.27.attn_output.weight
create_tensor: loading tensor blk.27.attn_q_norm.weight
create_tensor: loading tensor blk.27.attn_k_norm.weight
create_tensor: loading tensor blk.27.indexer.q_proj.weight
create_tensor: loading tensor blk.27.indexer.k_proj.weight
create_tensor: loading tensor blk.27.indexer.q_norm.weight
create_tensor: loading tensor blk.27.indexer.k_norm.weight
create_tensor: loading tensor blk.27.ffn_gate_inp.weight
create_tensor: loading tensor blk.27.ffn_down_exps.weight
tensor blk.27.ffn_down_exps.weight (450 MiB iq4_nl) buffer type overridden to CUDA_Host
create_tensor: loading tensor blk.27.ffn_gate_up_exps.weight
create_tensor: loading tensor blk.27.ffn_gate_exps.weight
tensor blk.27.ffn_gate_exps.weight (343 MiB iq3_s) buffer type overridden to CUDA_Host
create_tensor: loading tensor blk.27.ffn_up_exps.weight
tensor blk.27.ffn_up_exps.weight (343 MiB iq3_s) buffer type overridden to CUDA_Host
create_tensor: loading tensor blk.27.ffn_gate_inp_shexp.weight
create_tensor: loading tensor blk.27.ffn_gate_shexp.weight
create_tensor: loading tensor blk.27.ffn_up_shexp.weight
create_tensor: loading tensor blk.27.ffn_down_shexp.weight
create_tensor: loading tensor blk.28.hc_attn_norm.weight
create_tensor: loading tensor blk.28.hc_attn_down.weight
create_tensor: loading tensor blk.28.hc_attn_up.weight
create_tensor: loading tensor blk.28.hc_attn_inject.weight
create_tensor: loading tensor blk.28.hc_ffn_norm.weight
create_tensor: loading tensor blk.28.hc_ffn_down.weight
create_tensor: loading tensor blk.28.hc_ffn_up.weight
create_tensor: loading tensor blk.28.hc_ffn_inject.weight
create_tensor: loading tensor blk.28.attn_qkv.weight
create_tensor: loading tensor blk.28.attn_gate.weight
create_tensor: loading tensor blk.28.ssm_conv1d.weight
create_tensor: loading tensor blk.28.ssm_dt.bias
create_tensor: loading tensor blk.28.ssm_a
create_tensor: loading tensor blk.28.ssm_beta.weight
create_tensor: loading tensor blk.28.ssm_alpha.weight
create_tensor: loading tensor blk.28.ssm_norm.weight
create_tensor: loading tensor blk.28.ssm_out.weight
create_tensor: loading tensor blk.28.ffn_gate_inp.weight
create_tensor: loading tensor blk.28.ffn_down_exps.weight
tensor blk.28.ffn_down_exps.weight (450 MiB iq4_nl) buffer type overridden to CUDA_Host
create_tensor: loading tensor blk.28.ffn_gate_up_exps.weight
create_tensor: loading tensor blk.28.ffn_gate_exps.weight
tensor blk.28.ffn_gate_exps.weight (343 MiB iq3_s) buffer type overridden to CUDA_Host
create_tensor: loading tensor blk.28.ffn_up_exps.weight
tensor blk.28.ffn_up_exps.weight (343 MiB iq3_s) buffer type overridden to CUDA_Host
create_tensor: loading tensor blk.28.ffn_gate_inp_shexp.weight
create_tensor: loading tensor blk.28.ffn_gate_shexp.weight
create_tensor: loading tensor blk.28.ffn_up_shexp.weight
create_tensor: loading tensor blk.28.ffn_down_shexp.weight
create_tensor: loading tensor blk.29.hc_attn_norm.weight
create_tensor: loading tensor blk.29.hc_attn_down.weight
create_tensor: loading tensor blk.29.hc_attn_up.weight
create_tensor: loading tensor blk.29.hc_attn_inject.weight
create_tensor: loading tensor blk.29.hc_ffn_norm.weight
create_tensor: loading tensor blk.29.hc_ffn_down.weight
create_tensor: loading tensor blk.29.hc_ffn_up.weight
create_tensor: loading tensor blk.29.hc_ffn_inject.weight
create_tensor: loading tensor blk.29.attn_qkv.weight
create_tensor: loading tensor blk.29.attn_gate.weight
create_tensor: loading tensor blk.29.ssm_conv1d.weight
create_tensor: loading tensor blk.29.ssm_dt.bias
create_tensor: loading tensor blk.29.ssm_a
create_tensor: loading tensor blk.29.ssm_beta.weight
create_tensor: loading tensor blk.29.ssm_alpha.weight
create_tensor: loading tensor blk.29.ssm_norm.weight
create_tensor: loading tensor blk.29.ssm_out.weight
create_tensor: loading tensor blk.29.ffn_gate_inp.weight
create_tensor: loading tensor blk.29.ffn_down_exps.weight
tensor blk.29.ffn_down_exps.weight (450 MiB iq4_nl) buffer type overridden to CUDA_Host
create_tensor: loading tensor blk.29.ffn_gate_up_exps.weight
create_tensor: loading tensor blk.29.ffn_gate_exps.weight
tensor blk.29.ffn_gate_exps.weight (343 MiB iq3_s) buffer type overridden to CUDA_Host
create_tensor: loading tensor blk.29.ffn_up_exps.weight
tensor blk.29.ffn_up_exps.weight (343 MiB iq3_s) buffer type overridden to CUDA_Host
create_tensor: loading tensor blk.29.ffn_gate_inp_shexp.weight
create_tensor: loading tensor blk.29.ffn_gate_shexp.weight
create_tensor: loading tensor blk.29.ffn_up_shexp.weight
create_tensor: loading tensor blk.29.ffn_down_shexp.weight
create_tensor: loading tensor blk.30.hc_attn_norm.weight
create_tensor: loading tensor blk.30.hc_attn_down.weight
create_tensor: loading tensor blk.30.hc_attn_up.weight
create_tensor: loading tensor blk.30.hc_attn_inject.weight
create_tensor: loading tensor blk.30.hc_ffn_norm.weight
create_tensor: loading tensor blk.30.hc_ffn_down.weight
create_tensor: loading tensor blk.30.hc_ffn_up.weight
create_tensor: loading tensor blk.30.hc_ffn_inject.weight
create_tensor: loading tensor blk.30.attn_qkv.weight
create_tensor: loading tensor blk.30.attn_gate.weight
create_tensor: loading tensor blk.30.ssm_conv1d.weight
create_tensor: loading tensor blk.30.ssm_dt.bias
create_tensor: loading tensor blk.30.ssm_a
create_tensor: loading tensor blk.30.ssm_beta.weight
create_tensor: loading tensor blk.30.ssm_alpha.weight
create_tensor: loading tensor blk.30.ssm_norm.weight
create_tensor: loading tensor blk.30.ssm_out.weight
create_tensor: loading tensor blk.30.ffn_gate_inp.weight
create_tensor: loading tensor blk.30.ffn_down_exps.weight
tensor blk.30.ffn_down_exps.weight (850 MiB q8_0) buffer type overridden to CUDA_Host
create_tensor: loading tensor blk.30.ffn_gate_up_exps.weight
create_tensor: loading tensor blk.30.ffn_gate_exps.weight
tensor blk.30.ffn_gate_exps.weight (343 MiB iq3_s) buffer type overridden to CUDA_Host
create_tensor: loading tensor blk.30.ffn_up_exps.weight
tensor blk.30.ffn_up_exps.weight (343 MiB iq3_s) buffer type overridden to CUDA_Host
create_tensor: loading tensor blk.30.ffn_gate_inp_shexp.weight
create_tensor: loading tensor blk.30.ffn_gate_shexp.weight
create_tensor: loading tensor blk.30.ffn_up_shexp.weight
create_tensor: loading tensor blk.30.ffn_down_shexp.weight
create_tensor: loading tensor blk.31.hc_attn_norm.weight
create_tensor: loading tensor blk.31.hc_attn_down.weight
create_tensor: loading tensor blk.31.hc_attn_up.weight
create_tensor: loading tensor blk.31.hc_attn_inject.weight
create_tensor: loading tensor blk.31.hc_ffn_norm.weight
create_tensor: loading tensor blk.31.hc_ffn_down.weight
create_tensor: loading tensor blk.31.hc_ffn_up.weight
create_tensor: loading tensor blk.31.hc_ffn_inject.weight
create_tensor: loading tensor blk.31.attn_qkv.weight
create_tensor: loading tensor blk.31.attn_q.weight
create_tensor: loading tensor blk.31.attn_k.weight
create_tensor: loading tensor blk.31.attn_v.weight
create_tensor: loading tensor blk.31.attn_q.bias
create_tensor: loading tensor blk.31.attn_k.bias
create_tensor: loading tensor blk.31.attn_v.bias
create_tensor: loading tensor blk.31.attn_output.weight
create_tensor: loading tensor blk.31.attn_q_norm.weight
create_tensor: loading tensor blk.31.attn_k_norm.weight
create_tensor: loading tensor blk.31.indexer.q_proj.weight
create_tensor: loading tensor blk.31.indexer.k_proj.weight
create_tensor: loading tensor blk.31.indexer.q_norm.weight
create_tensor: loading tensor blk.31.indexer.k_norm.weight
create_tensor: loading tensor blk.31.ffn_gate_inp.weight
create_tensor: loading tensor blk.31.ffn_down_exps.weight
tensor blk.31.ffn_down_exps.weight (450 MiB iq4_nl) buffer type overridden to CUDA_Host
create_tensor: loading tensor blk.31.ffn_gate_up_exps.weight
create_tensor: loading tensor blk.31.ffn_gate_exps.weight
tensor blk.31.ffn_gate_exps.weight (343 MiB iq3_s) buffer type overridden to CUDA_Host
create_tensor: loading tensor blk.31.ffn_up_exps.weight
tensor blk.31.ffn_up_exps.weight (343 MiB iq3_s) buffer type overridden to CUDA_Host
create_tensor: loading tensor blk.31.ffn_gate_inp_shexp.weight
create_tensor: loading tensor blk.31.ffn_gate_shexp.weight
create_tensor: loading tensor blk.31.ffn_up_shexp.weight
create_tensor: loading tensor blk.31.ffn_down_shexp.weight
create_tensor: loading tensor blk.32.hc_attn_norm.weight
create_tensor: loading tensor blk.32.hc_attn_down.weight
create_tensor: loading tensor blk.32.hc_attn_up.weight
create_tensor: loading tensor blk.32.hc_attn_inject.weight
create_tensor: loading tensor blk.32.hc_ffn_norm.weight
create_tensor: loading tensor blk.32.hc_ffn_down.weight
create_tensor: loading tensor blk.32.hc_ffn_up.weight
create_tensor: loading tensor blk.32.hc_ffn_inject.weight
create_tensor: loading tensor blk.32.attn_qkv.weight
create_tensor: loading tensor blk.32.attn_gate.weight
create_tensor: loading tensor blk.32.ssm_conv1d.weight
create_tensor: loading tensor blk.32.ssm_dt.bias
create_tensor: loading tensor blk.32.ssm_a
create_tensor: loading tensor blk.32.ssm_beta.weight
create_tensor: loading tensor blk.32.ssm_alpha.weight
create_tensor: loading tensor blk.32.ssm_norm.weight
create_tensor: loading tensor blk.32.ssm_out.weight
create_tensor: loading tensor blk.32.ffn_gate_inp.weight
create_tensor: loading tensor blk.32.ffn_down_exps.weight
tensor blk.32.ffn_down_exps.weight (450 MiB iq4_nl) buffer type overridden to CUDA_Host
create_tensor: loading tensor blk.32.ffn_gate_up_exps.weight
create_tensor: loading tensor blk.32.ffn_gate_exps.weight
tensor blk.32.ffn_gate_exps.weight (343 MiB iq3_s) buffer type overridden to CUDA_Host
create_tensor: loading tensor blk.32.ffn_up_exps.weight
tensor blk.32.ffn_up_exps.weight (343 MiB iq3_s) buffer type overridden to CUDA_Host
create_tensor: loading tensor blk.32.ffn_gate_inp_shexp.weight
create_tensor: loading tensor blk.32.ffn_gate_shexp.weight
create_tensor: loading tensor blk.32.ffn_up_shexp.weight
create_tensor: loading tensor blk.32.ffn_down_shexp.weight
create_tensor: loading tensor blk.33.hc_attn_norm.weight
create_tensor: loading tensor blk.33.hc_attn_down.weight
create_tensor: loading tensor blk.33.hc_attn_up.weight
create_tensor: loading tensor blk.33.hc_attn_inject.weight
create_tensor: loading tensor blk.33.hc_ffn_norm.weight
create_tensor: loading tensor blk.33.hc_ffn_down.weight
create_tensor: loading tensor blk.33.hc_ffn_up.weight
create_tensor: loading tensor blk.33.hc_ffn_inject.weight
create_tensor: loading tensor blk.33.attn_qkv.weight
create_tensor: loading tensor blk.33.attn_gate.weight
create_tensor: loading tensor blk.33.ssm_conv1d.weight
create_tensor: loading tensor blk.33.ssm_dt.bias
create_tensor: loading tensor blk.33.ssm_a
create_tensor: loading tensor blk.33.ssm_beta.weight
create_tensor: loading tensor blk.33.ssm_alpha.weight
create_tensor: loading tensor blk.33.ssm_norm.weight
create_tensor: loading tensor blk.33.ssm_out.weight
create_tensor: loading tensor blk.33.ffn_gate_inp.weight
create_tensor: loading tensor blk.33.ffn_down_exps.weight
tensor blk.33.ffn_down_exps.weight (450 MiB iq4_nl) buffer type overridden to CUDA_Host
create_tensor: loading tensor blk.33.ffn_gate_up_exps.weight
create_tensor: loading tensor blk.33.ffn_gate_exps.weight
tensor blk.33.ffn_gate_exps.weight (343 MiB iq3_s) buffer type overridden to CUDA_Host
create_tensor: loading tensor blk.33.ffn_up_exps.weight
tensor blk.33.ffn_up_exps.weight (343 MiB iq3_s) buffer type overridden to CUDA_Host
create_tensor: loading tensor blk.33.ffn_gate_inp_shexp.weight
create_tensor: loading tensor blk.33.ffn_gate_shexp.weight
create_tensor: loading tensor blk.33.ffn_up_shexp.weight
create_tensor: loading tensor blk.33.ffn_down_shexp.weight
create_tensor: loading tensor blk.34.hc_attn_norm.weight
create_tensor: loading tensor blk.34.hc_attn_down.weight
create_tensor: loading tensor blk.34.hc_attn_up.weight
create_tensor: loading tensor blk.34.hc_attn_inject.weight
create_tensor: loading tensor blk.34.hc_ffn_norm.weight
create_tensor: loading tensor blk.34.hc_ffn_down.weight
create_tensor: loading tensor blk.34.hc_ffn_up.weight
create_tensor: loading tensor blk.34.hc_ffn_inject.weight
create_tensor: loading tensor blk.34.attn_qkv.weight
create_tensor: loading tensor blk.34.attn_gate.weight
create_tensor: loading tensor blk.34.ssm_conv1d.weight
create_tensor: loading tensor blk.34.ssm_dt.bias
create_tensor: loading tensor blk.34.ssm_a
create_tensor: loading tensor blk.34.ssm_beta.weight
create_tensor: loading tensor blk.34.ssm_alpha.weight
create_tensor: loading tensor blk.34.ssm_norm.weight
create_tensor: loading tensor blk.34.ssm_out.weight
create_tensor: loading tensor blk.34.ffn_gate_inp.weight
create_tensor: loading tensor blk.34.ffn_down_exps.weight
tensor blk.34.ffn_down_exps.weight (450 MiB iq4_nl) buffer type overridden to CUDA_Host
create_tensor: loading tensor blk.34.ffn_gate_up_exps.weight
create_tensor: loading tensor blk.34.ffn_gate_exps.weight
tensor blk.34.ffn_gate_exps.weight (343 MiB iq3_s) buffer type overridden to CUDA_Host
create_tensor: loading tensor blk.34.ffn_up_exps.weight
tensor blk.34.ffn_up_exps.weight (343 MiB iq3_s) buffer type overridden to CUDA_Host
create_tensor: loading tensor blk.34.ffn_gate_inp_shexp.weight
create_tensor: loading tensor blk.34.ffn_gate_shexp.weight
create_tensor: loading tensor blk.34.ffn_up_shexp.weight
create_tensor: loading tensor blk.34.ffn_down_shexp.weight
create_tensor: loading tensor blk.35.hc_attn_norm.weight
create_tensor: loading tensor blk.35.hc_attn_down.weight
create_tensor: loading tensor blk.35.hc_attn_up.weight
create_tensor: loading tensor blk.35.hc_attn_inject.weight
create_tensor: loading tensor blk.35.hc_ffn_norm.weight
create_tensor: loading tensor blk.35.hc_ffn_down.weight
create_tensor: loading tensor blk.35.hc_ffn_up.weight
create_tensor: loading tensor blk.35.hc_ffn_inject.weight
create_tensor: loading tensor blk.35.attn_qkv.weight
create_tensor: loading tensor blk.35.attn_q.weight
create_tensor: loading tensor blk.35.attn_k.weight
create_tensor: loading tensor blk.35.attn_v.weight
create_tensor: loading tensor blk.35.attn_q.bias
create_tensor: loading tensor blk.35.attn_k.bias
create_tensor: loading tensor blk.35.attn_v.bias
create_tensor: loading tensor blk.35.attn_output.weight
create_tensor: loading tensor blk.35.attn_q_norm.weight
create_tensor: loading tensor blk.35.attn_k_norm.weight
create_tensor: loading tensor blk.35.indexer.q_proj.weight
create_tensor: loading tensor blk.35.indexer.k_proj.weight
create_tensor: loading tensor blk.35.indexer.q_norm.weight
create_tensor: loading tensor blk.35.indexer.k_norm.weight
create_tensor: loading tensor blk.35.ffn_gate_inp.weight
create_tensor: loading tensor blk.35.ffn_down_exps.weight
tensor blk.35.ffn_down_exps.weight (450 MiB iq4_nl) buffer type overridden to CUDA_Host
create_tensor: loading tensor blk.35.ffn_gate_up_exps.weight
create_tensor: loading tensor blk.35.ffn_gate_exps.weight
tensor blk.35.ffn_gate_exps.weight (343 MiB iq3_s) buffer type overridden to CUDA_Host
create_tensor: loading tensor blk.35.ffn_up_exps.weight
tensor blk.35.ffn_up_exps.weight (343 MiB iq3_s) buffer type overridden to CUDA_Host
create_tensor: loading tensor blk.35.ffn_gate_inp_shexp.weight
create_tensor: loading tensor blk.35.ffn_gate_shexp.weight
create_tensor: loading tensor blk.35.ffn_up_shexp.weight
create_tensor: loading tensor blk.35.ffn_down_shexp.weight
create_tensor: loading tensor blk.36.hc_attn_norm.weight
create_tensor: loading tensor blk.36.hc_attn_down.weight
create_tensor: loading tensor blk.36.hc_attn_up.weight
create_tensor: loading tensor blk.36.hc_attn_inject.weight
create_tensor: loading tensor blk.36.hc_ffn_norm.weight
create_tensor: loading tensor blk.36.hc_ffn_down.weight
create_tensor: loading tensor blk.36.hc_ffn_up.weight
create_tensor: loading tensor blk.36.hc_ffn_inject.weight
create_tensor: loading tensor blk.36.attn_qkv.weight
create_tensor: loading tensor blk.36.attn_gate.weight
create_tensor: loading tensor blk.36.ssm_conv1d.weight
create_tensor: loading tensor blk.36.ssm_dt.bias
create_tensor: loading tensor blk.36.ssm_a
create_tensor: loading tensor blk.36.ssm_beta.weight
create_tensor: loading tensor blk.36.ssm_alpha.weight
create_tensor: loading tensor blk.36.ssm_norm.weight
create_tensor: loading tensor blk.36.ssm_out.weight
create_tensor: loading tensor blk.36.ffn_gate_inp.weight
create_tensor: loading tensor blk.36.ffn_down_exps.weight
tensor blk.36.ffn_down_exps.weight (450 MiB iq4_nl) buffer type overridden to CUDA_Host
create_tensor: loading tensor blk.36.ffn_gate_up_exps.weight
create_tensor: loading tensor blk.36.ffn_gate_exps.weight
tensor blk.36.ffn_gate_exps.weight (343 MiB iq3_s) buffer type overridden to CUDA_Host
create_tensor: loading tensor blk.36.ffn_up_exps.weight
tensor blk.36.ffn_up_exps.weight (343 MiB iq3_s) buffer type overridden to CUDA_Host
create_tensor: loading tensor blk.36.ffn_gate_inp_shexp.weight
create_tensor: loading tensor blk.36.ffn_gate_shexp.weight
create_tensor: loading tensor blk.36.ffn_up_shexp.weight
create_tensor: loading tensor blk.36.ffn_down_shexp.weight
create_tensor: loading tensor blk.37.hc_attn_norm.weight
create_tensor: loading tensor blk.37.hc_attn_down.weight
create_tensor: loading tensor blk.37.hc_attn_up.weight
create_tensor: loading tensor blk.37.hc_attn_inject.weight
create_tensor: loading tensor blk.37.hc_ffn_norm.weight
create_tensor: loading tensor blk.37.hc_ffn_down.weight
create_tensor: loading tensor blk.37.hc_ffn_up.weight
create_tensor: loading tensor blk.37.hc_ffn_inject.weight
create_tensor: loading tensor blk.37.attn_qkv.weight
create_tensor: loading tensor blk.37.attn_gate.weight
create_tensor: loading tensor blk.37.ssm_conv1d.weight
create_tensor: loading tensor blk.37.ssm_dt.bias
create_tensor: loading tensor blk.37.ssm_a
create_tensor: loading tensor blk.37.ssm_beta.weight
create_tensor: loading tensor blk.37.ssm_alpha.weight
create_tensor: loading tensor blk.37.ssm_norm.weight
create_tensor: loading tensor blk.37.ssm_out.weight
create_tensor: loading tensor blk.37.ffn_gate_inp.weight
create_tensor: loading tensor blk.37.ffn_down_exps.weight
tensor blk.37.ffn_down_exps.weight (450 MiB iq4_nl) buffer type overridden to CUDA_Host
create_tensor: loading tensor blk.37.ffn_gate_up_exps.weight
create_tensor: loading tensor blk.37.ffn_gate_exps.weight
tensor blk.37.ffn_gate_exps.weight (343 MiB iq3_s) buffer type overridden to CUDA_Host
create_tensor: loading tensor blk.37.ffn_up_exps.weight
tensor blk.37.ffn_up_exps.weight (343 MiB iq3_s) buffer type overridden to CUDA_Host
create_tensor: loading tensor blk.37.ffn_gate_inp_shexp.weight
create_tensor: loading tensor blk.37.ffn_gate_shexp.weight
create_tensor: loading tensor blk.37.ffn_up_shexp.weight
create_tensor: loading tensor blk.37.ffn_down_shexp.weight
create_tensor: loading tensor blk.38.hc_attn_norm.weight
create_tensor: loading tensor blk.38.hc_attn_down.weight
create_tensor: loading tensor blk.38.hc_attn_up.weight
create_tensor: loading tensor blk.38.hc_attn_inject.weight
create_tensor: loading tensor blk.38.hc_ffn_norm.weight
create_tensor: loading tensor blk.38.hc_ffn_down.weight
create_tensor: loading tensor blk.38.hc_ffn_up.weight
create_tensor: loading tensor blk.38.hc_ffn_inject.weight
create_tensor: loading tensor blk.38.attn_qkv.weight
create_tensor: loading tensor blk.38.attn_gate.weight
create_tensor: loading tensor blk.38.ssm_conv1d.weight
create_tensor: loading tensor blk.38.ssm_dt.bias
create_tensor: loading tensor blk.38.ssm_a
create_tensor: loading tensor blk.38.ssm_beta.weight
create_tensor: loading tensor blk.38.ssm_alpha.weight
create_tensor: loading tensor blk.38.ssm_norm.weight
create_tensor: loading tensor blk.38.ssm_out.weight
create_tensor: loading tensor blk.38.ffn_gate_inp.weight
create_tensor: loading tensor blk.38.ffn_down_exps.weight
tensor blk.38.ffn_down_exps.weight (450 MiB iq4_nl) buffer type overridden to CUDA_Host
create_tensor: loading tensor blk.38.ffn_gate_up_exps.weight
create_tensor: loading tensor blk.38.ffn_gate_exps.weight
tensor blk.38.ffn_gate_exps.weight (343 MiB iq3_s) buffer type overridden to CUDA_Host
create_tensor: loading tensor blk.38.ffn_up_exps.weight
tensor blk.38.ffn_up_exps.weight (343 MiB iq3_s) buffer type overridden to CUDA_Host
create_tensor: loading tensor blk.38.ffn_gate_inp_shexp.weight
create_tensor: loading tensor blk.38.ffn_gate_shexp.weight
create_tensor: loading tensor blk.38.ffn_up_shexp.weight
create_tensor: loading tensor blk.38.ffn_down_shexp.weight
create_tensor: loading tensor blk.39.hc_attn_norm.weight
create_tensor: loading tensor blk.39.hc_attn_down.weight
create_tensor: loading tensor blk.39.hc_attn_up.weight
create_tensor: loading tensor blk.39.hc_attn_inject.weight
create_tensor: loading tensor blk.39.hc_ffn_norm.weight
create_tensor: loading tensor blk.39.hc_ffn_down.weight
create_tensor: loading tensor blk.39.hc_ffn_up.weight
create_tensor: loading tensor blk.39.hc_ffn_inject.weight
create_tensor: loading tensor blk.39.attn_qkv.weight
create_tensor: loading tensor blk.39.attn_q.weight
create_tensor: loading tensor blk.39.attn_k.weight
create_tensor: loading tensor blk.39.attn_v.weight
create_tensor: loading tensor blk.39.attn_q.bias
create_tensor: loading tensor blk.39.attn_k.bias
create_tensor: loading tensor blk.39.attn_v.bias
create_tensor: loading tensor blk.39.attn_output.weight
create_tensor: loading tensor blk.39.attn_q_norm.weight
create_tensor: loading tensor blk.39.attn_k_norm.weight
create_tensor: loading tensor blk.39.indexer.q_proj.weight
create_tensor: loading tensor blk.39.indexer.k_proj.weight
create_tensor: loading tensor blk.39.indexer.q_norm.weight
create_tensor: loading tensor blk.39.indexer.k_norm.weight
create_tensor: loading tensor blk.39.ffn_gate_inp.weight
create_tensor: loading tensor blk.39.ffn_down_exps.weight
tensor blk.39.ffn_down_exps.weight (450 MiB iq4_nl) buffer type overridden to CUDA_Host
create_tensor: loading tensor blk.39.ffn_gate_up_exps.weight
create_tensor: loading tensor blk.39.ffn_gate_exps.weight
tensor blk.39.ffn_gate_exps.weight (343 MiB iq3_s) buffer type overridden to CUDA_Host
create_tensor: loading tensor blk.39.ffn_up_exps.weight
tensor blk.39.ffn_up_exps.weight (343 MiB iq3_s) buffer type overridden to CUDA_Host
create_tensor: loading tensor blk.39.ffn_gate_inp_shexp.weight
create_tensor: loading tensor blk.39.ffn_gate_shexp.weight
create_tensor: loading tensor blk.39.ffn_up_shexp.weight
create_tensor: loading tensor blk.39.ffn_down_shexp.weight
create_tensor: loading tensor blk.40.hc_attn_norm.weight
create_tensor: loading tensor blk.40.hc_attn_down.weight
create_tensor: loading tensor blk.40.hc_attn_up.weight
create_tensor: loading tensor blk.40.hc_attn_inject.weight
create_tensor: loading tensor blk.40.hc_ffn_norm.weight
create_tensor: loading tensor blk.40.hc_ffn_down.weight
create_tensor: loading tensor blk.40.hc_ffn_up.weight
create_tensor: loading tensor blk.40.hc_ffn_inject.weight
create_tensor: loading tensor blk.40.attn_qkv.weight
create_tensor: loading tensor blk.40.attn_gate.weight
create_tensor: loading tensor blk.40.ssm_conv1d.weight
create_tensor: loading tensor blk.40.ssm_dt.bias
create_tensor: loading tensor blk.40.ssm_a
create_tensor: loading tensor blk.40.ssm_beta.weight
create_tensor: loading tensor blk.40.ssm_alpha.weight
create_tensor: loading tensor blk.40.ssm_norm.weight
create_tensor: loading tensor blk.40.ssm_out.weight
create_tensor: loading tensor blk.40.ffn_gate_inp.weight
create_tensor: loading tensor blk.40.ffn_down_exps.weight
tensor blk.40.ffn_down_exps.weight (450 MiB iq4_nl) buffer type overridden to CUDA_Host
create_tensor: loading tensor blk.40.ffn_gate_up_exps.weight
create_tensor: loading tensor blk.40.ffn_gate_exps.weight
tensor blk.40.ffn_gate_exps.weight (343 MiB iq3_s) buffer type overridden to CUDA_Host
create_tensor: loading tensor blk.40.ffn_up_exps.weight
tensor blk.40.ffn_up_exps.weight (343 MiB iq3_s) buffer type overridden to CUDA_Host
create_tensor: loading tensor blk.40.ffn_gate_inp_shexp.weight
create_tensor: loading tensor blk.40.ffn_gate_shexp.weight
create_tensor: loading tensor blk.40.ffn_up_shexp.weight
create_tensor: loading tensor blk.40.ffn_down_shexp.weight
create_tensor: loading tensor blk.41.hc_attn_norm.weight
create_tensor: loading tensor blk.41.hc_attn_down.weight
create_tensor: loading tensor blk.41.hc_attn_up.weight
create_tensor: loading tensor blk.41.hc_attn_inject.weight
create_tensor: loading tensor blk.41.hc_ffn_norm.weight
create_tensor: loading tensor blk.41.hc_ffn_down.weight
create_tensor: loading tensor blk.41.hc_ffn_up.weight
create_tensor: loading tensor blk.41.hc_ffn_inject.weight
create_tensor: loading tensor blk.41.attn_qkv.weight
create_tensor: loading tensor blk.41.attn_gate.weight
create_tensor: loading tensor blk.41.ssm_conv1d.weight
create_tensor: loading tensor blk.41.ssm_dt.bias
create_tensor: loading tensor blk.41.ssm_a
create_tensor: loading tensor blk.41.ssm_beta.weight
create_tensor: loading tensor blk.41.ssm_alpha.weight
create_tensor: loading tensor blk.41.ssm_norm.weight
create_tensor: loading tensor blk.41.ssm_out.weight
create_tensor: loading tensor blk.41.ffn_gate_inp.weight
create_tensor: loading tensor blk.41.ffn_down_exps.weight
tensor blk.41.ffn_down_exps.weight (450 MiB iq4_nl) buffer type overridden to CUDA_Host
create_tensor: loading tensor blk.41.ffn_gate_up_exps.weight
create_tensor: loading tensor blk.41.ffn_gate_exps.weight
tensor blk.41.ffn_gate_exps.weight (343 MiB iq3_s) buffer type overridden to CUDA_Host
create_tensor: loading tensor blk.41.ffn_up_exps.weight
tensor blk.41.ffn_up_exps.weight (343 MiB iq3_s) buffer type overridden to CUDA_Host
create_tensor: loading tensor blk.41.ffn_gate_inp_shexp.weight
create_tensor: loading tensor blk.41.ffn_gate_shexp.weight
create_tensor: loading tensor blk.41.ffn_up_shexp.weight
create_tensor: loading tensor blk.41.ffn_down_shexp.weight
create_tensor: loading tensor blk.42.hc_attn_norm.weight
create_tensor: loading tensor blk.42.hc_attn_down.weight
create_tensor: loading tensor blk.42.hc_attn_up.weight
create_tensor: loading tensor blk.42.hc_attn_inject.weight
create_tensor: loading tensor blk.42.hc_ffn_norm.weight
create_tensor: loading tensor blk.42.hc_ffn_down.weight
create_tensor: loading tensor blk.42.hc_ffn_up.weight
create_tensor: loading tensor blk.42.hc_ffn_inject.weight
create_tensor: loading tensor blk.42.attn_qkv.weight
create_tensor: loading tensor blk.42.attn_gate.weight
create_tensor: loading tensor blk.42.ssm_conv1d.weight
create_tensor: loading tensor blk.42.ssm_dt.bias
create_tensor: loading tensor blk.42.ssm_a
create_tensor: loading tensor blk.42.ssm_beta.weight
create_tensor: loading tensor blk.42.ssm_alpha.weight
create_tensor: loading tensor blk.42.ssm_norm.weight
create_tensor: loading tensor blk.42.ssm_out.weight
create_tensor: loading tensor blk.42.ffn_gate_inp.weight
create_tensor: loading tensor blk.42.ffn_down_exps.weight
tensor blk.42.ffn_down_exps.weight (450 MiB iq4_nl) buffer type overridden to CUDA_Host
create_tensor: loading tensor blk.42.ffn_gate_up_exps.weight
create_tensor: loading tensor blk.42.ffn_gate_exps.weight
tensor blk.42.ffn_gate_exps.weight (343 MiB iq3_s) buffer type overridden to CUDA_Host
create_tensor: loading tensor blk.42.ffn_up_exps.weight
tensor blk.42.ffn_up_exps.weight (343 MiB iq3_s) buffer type overridden to CUDA_Host
create_tensor: loading tensor blk.42.ffn_gate_inp_shexp.weight
create_tensor: loading tensor blk.42.ffn_gate_shexp.weight
create_tensor: loading tensor blk.42.ffn_up_shexp.weight
create_tensor: loading tensor blk.42.ffn_down_shexp.weight
create_tensor: loading tensor blk.43.hc_attn_norm.weight
create_tensor: loading tensor blk.43.hc_attn_down.weight
create_tensor: loading tensor blk.43.hc_attn_up.weight
create_tensor: loading tensor blk.43.hc_attn_inject.weight
create_tensor: loading tensor blk.43.hc_ffn_norm.weight
create_tensor: loading tensor blk.43.hc_ffn_down.weight
create_tensor: loading tensor blk.43.hc_ffn_up.weight
create_tensor: loading tensor blk.43.hc_ffn_inject.weight
create_tensor: loading tensor blk.43.attn_qkv.weight
create_tensor: loading tensor blk.43.attn_q.weight
create_tensor: loading tensor blk.43.attn_k.weight
create_tensor: loading tensor blk.43.attn_v.weight
create_tensor: loading tensor blk.43.attn_q.bias
create_tensor: loading tensor blk.43.attn_k.bias
create_tensor: loading tensor blk.43.attn_v.bias
create_tensor: loading tensor blk.43.attn_output.weight
create_tensor: loading tensor blk.43.attn_q_norm.weight
create_tensor: loading tensor blk.43.attn_k_norm.weight
create_tensor: loading tensor blk.43.indexer.q_proj.weight
create_tensor: loading tensor blk.43.indexer.k_proj.weight
create_tensor: loading tensor blk.43.indexer.q_norm.weight
create_tensor: loading tensor blk.43.indexer.k_norm.weight
create_tensor: loading tensor blk.43.ffn_gate_inp.weight
create_tensor: loading tensor blk.43.ffn_down_exps.weight
tensor blk.43.ffn_down_exps.weight (450 MiB iq4_nl) buffer type overridden to CUDA_Host
create_tensor: loading tensor blk.43.ffn_gate_up_exps.weight
create_tensor: loading tensor blk.43.ffn_gate_exps.weight
tensor blk.43.ffn_gate_exps.weight (343 MiB iq3_s) buffer type overridden to CUDA_Host
create_tensor: loading tensor blk.43.ffn_up_exps.weight
tensor blk.43.ffn_up_exps.weight (343 MiB iq3_s) buffer type overridden to CUDA_Host
create_tensor: loading tensor blk.43.ffn_gate_inp_shexp.weight
create_tensor: loading tensor blk.43.ffn_gate_shexp.weight
create_tensor: loading tensor blk.43.ffn_up_shexp.weight
create_tensor: loading tensor blk.43.ffn_down_shexp.weight
create_tensor: loading tensor blk.44.hc_attn_norm.weight
create_tensor: loading tensor blk.44.hc_attn_down.weight
create_tensor: loading tensor blk.44.hc_attn_up.weight
create_tensor: loading tensor blk.44.hc_attn_inject.weight
create_tensor: loading tensor blk.44.hc_ffn_norm.weight
create_tensor: loading tensor blk.44.hc_ffn_down.weight
create_tensor: loading tensor blk.44.hc_ffn_up.weight
create_tensor: loading tensor blk.44.hc_ffn_inject.weight
create_tensor: loading tensor blk.44.attn_qkv.weight
create_tensor: loading tensor blk.44.attn_gate.weight
create_tensor: loading tensor blk.44.ssm_conv1d.weight
create_tensor: loading tensor blk.44.ssm_dt.bias
create_tensor: loading tensor blk.44.ssm_a
create_tensor: loading tensor blk.44.ssm_beta.weight
create_tensor: loading tensor blk.44.ssm_alpha.weight
create_tensor: loading tensor blk.44.ssm_norm.weight
create_tensor: loading tensor blk.44.ssm_out.weight
create_tensor: loading tensor blk.44.ffn_gate_inp.weight
create_tensor: loading tensor blk.44.ffn_down_exps.weight
tensor blk.44.ffn_down_exps.weight (450 MiB iq4_nl) buffer type overridden to CUDA_Host
create_tensor: loading tensor blk.44.ffn_gate_up_exps.weight
create_tensor: loading tensor blk.44.ffn_gate_exps.weight
tensor blk.44.ffn_gate_exps.weight (343 MiB iq3_s) buffer type overridden to CUDA_Host
create_tensor: loading tensor blk.44.ffn_up_exps.weight
tensor blk.44.ffn_up_exps.weight (343 MiB iq3_s) buffer type overridden to CUDA_Host
create_tensor: loading tensor blk.44.ffn_gate_inp_shexp.weight
create_tensor: loading tensor blk.44.ffn_gate_shexp.weight
create_tensor: loading tensor blk.44.ffn_up_shexp.weight
create_tensor: loading tensor blk.44.ffn_down_shexp.weight
create_tensor: loading tensor blk.45.hc_attn_norm.weight
create_tensor: loading tensor blk.45.hc_attn_down.weight
create_tensor: loading tensor blk.45.hc_attn_up.weight
create_tensor: loading tensor blk.45.hc_attn_inject.weight
create_tensor: loading tensor blk.45.hc_ffn_norm.weight
create_tensor: loading tensor blk.45.hc_ffn_down.weight
create_tensor: loading tensor blk.45.hc_ffn_up.weight
create_tensor: loading tensor blk.45.hc_ffn_inject.weight
create_tensor: loading tensor blk.45.attn_qkv.weight
create_tensor: loading tensor blk.45.attn_gate.weight
create_tensor: loading tensor blk.45.ssm_conv1d.weight
create_tensor: loading tensor blk.45.ssm_dt.bias
create_tensor: loading tensor blk.45.ssm_a
create_tensor: loading tensor blk.45.ssm_beta.weight
create_tensor: loading tensor blk.45.ssm_alpha.weight
create_tensor: loading tensor blk.45.ssm_norm.weight
create_tensor: loading tensor blk.45.ssm_out.weight
create_tensor: loading tensor blk.45.ffn_gate_inp.weight
create_tensor: loading tensor blk.45.ffn_down_exps.weight
tensor blk.45.ffn_down_exps.weight (450 MiB iq4_nl) buffer type overridden to CUDA_Host
create_tensor: loading tensor blk.45.ffn_gate_up_exps.weight
create_tensor: loading tensor blk.45.ffn_gate_exps.weight
tensor blk.45.ffn_gate_exps.weight (343 MiB iq3_s) buffer type overridden to CUDA_Host
create_tensor: loading tensor blk.45.ffn_up_exps.weight
tensor blk.45.ffn_up_exps.weight (343 MiB iq3_s) buffer type overridden to CUDA_Host
create_tensor: loading tensor blk.45.ffn_gate_inp_shexp.weight
create_tensor: loading tensor blk.45.ffn_gate_shexp.weight
create_tensor: loading tensor blk.45.ffn_up_shexp.weight
create_tensor: loading tensor blk.45.ffn_down_shexp.weight
create_tensor: loading tensor blk.46.hc_attn_norm.weight
create_tensor: loading tensor blk.46.hc_attn_down.weight
create_tensor: loading tensor blk.46.hc_attn_up.weight
create_tensor: loading tensor blk.46.hc_attn_inject.weight
create_tensor: loading tensor blk.46.hc_ffn_norm.weight
create_tensor: loading tensor blk.46.hc_ffn_down.weight
create_tensor: loading tensor blk.46.hc_ffn_up.weight
create_tensor: loading tensor blk.46.hc_ffn_inject.weight
create_tensor: loading tensor blk.46.attn_qkv.weight
create_tensor: loading tensor blk.46.attn_gate.weight
create_tensor: loading tensor blk.46.ssm_conv1d.weight
create_tensor: loading tensor blk.46.ssm_dt.bias
create_tensor: loading tensor blk.46.ssm_a
create_tensor: loading tensor blk.46.ssm_beta.weight
create_tensor: loading tensor blk.46.ssm_alpha.weight
create_tensor: loading tensor blk.46.ssm_norm.weight
create_tensor: loading tensor blk.46.ssm_out.weight
create_tensor: loading tensor blk.46.ffn_gate_inp.weight
create_tensor: loading tensor blk.46.ffn_down_exps.weight
tensor blk.46.ffn_down_exps.weight (850 MiB q8_0) buffer type overridden to CUDA_Host
create_tensor: loading tensor blk.46.ffn_gate_up_exps.weight
create_tensor: loading tensor blk.46.ffn_gate_exps.weight
tensor blk.46.ffn_gate_exps.weight (343 MiB iq3_s) buffer type overridden to CUDA_Host
create_tensor: loading tensor blk.46.ffn_up_exps.weight
tensor blk.46.ffn_up_exps.weight (343 MiB iq3_s) buffer type overridden to CUDA_Host
create_tensor: loading tensor blk.46.ffn_gate_inp_shexp.weight
create_tensor: loading tensor blk.46.ffn_gate_shexp.weight
create_tensor: loading tensor blk.46.ffn_up_shexp.weight
create_tensor: loading tensor blk.46.ffn_down_shexp.weight
create_tensor: loading tensor blk.47.hc_attn_norm.weight
create_tensor: loading tensor blk.47.hc_attn_down.weight
create_tensor: loading tensor blk.47.hc_attn_up.weight
create_tensor: loading tensor blk.47.hc_attn_inject.weight
create_tensor: loading tensor blk.47.hc_ffn_norm.weight
create_tensor: loading tensor blk.47.hc_ffn_down.weight
create_tensor: loading tensor blk.47.hc_ffn_up.weight
create_tensor: loading tensor blk.47.hc_ffn_inject.weight
create_tensor: loading tensor blk.47.attn_qkv.weight
create_tensor: loading tensor blk.47.attn_q.weight
create_tensor: loading tensor blk.47.attn_k.weight
create_tensor: loading tensor blk.47.attn_v.weight
create_tensor: loading tensor blk.47.attn_q.bias
create_tensor: loading tensor blk.47.attn_k.bias
create_tensor: loading tensor blk.47.attn_v.bias
create_tensor: loading tensor blk.47.attn_output.weight
create_tensor: loading tensor blk.47.attn_q_norm.weight
create_tensor: loading tensor blk.47.attn_k_norm.weight
create_tensor: loading tensor blk.47.indexer.q_proj.weight
create_tensor: loading tensor blk.47.indexer.k_proj.weight
create_tensor: loading tensor blk.47.indexer.q_norm.weight
create_tensor: loading tensor blk.47.indexer.k_norm.weight
create_tensor: loading tensor blk.47.ffn_gate_inp.weight
create_tensor: loading tensor blk.47.ffn_down_exps.weight
tensor blk.47.ffn_down_exps.weight (850 MiB q8_0) buffer type overridden to CUDA_Host
create_tensor: loading tensor blk.47.ffn_gate_up_exps.weight
create_tensor: loading tensor blk.47.ffn_gate_exps.weight
tensor blk.47.ffn_gate_exps.weight (343 MiB iq3_s) buffer type overridden to CUDA_Host
create_tensor: loading tensor blk.47.ffn_up_exps.weight
tensor blk.47.ffn_up_exps.weight (343 MiB iq3_s) buffer type overridden to CUDA_Host
create_tensor: loading tensor blk.47.ffn_gate_inp_shexp.weight
create_tensor: loading tensor blk.47.ffn_gate_shexp.weight
create_tensor: loading tensor blk.47.ffn_up_shexp.weight
create_tensor: loading tensor blk.47.ffn_down_shexp.weight
create_tensor: loading tensor blk.0.attn_qkv.scale
create_tensor: loading tensor blk.0.attn_gate.scale
create_tensor: loading tensor blk.0.ffn_gate_shexp.scale
create_tensor: loading tensor blk.0.ffn_down_shexp.scale
create_tensor: loading tensor blk.0.ffn_up_shexp.scale
create_tensor: loading tensor blk.0.ffn_gate_exps.scale
create_tensor: loading tensor blk.0.ffn_down_exps.scale
create_tensor: loading tensor blk.0.ffn_up_exps.scale
create_tensor: loading tensor blk.0.ssm_out.scale
create_tensor: loading tensor blk.0.ssm_alpha.scale
create_tensor: loading tensor blk.0.ssm_beta.scale
create_tensor: loading tensor blk.0.attn_qkv.input_scale
create_tensor: loading tensor blk.0.attn_gate.input_scale
create_tensor: loading tensor blk.0.ffn_gate_exps.input_scale
create_tensor: loading tensor blk.0.ffn_down_exps.input_scale
create_tensor: loading tensor blk.0.ffn_up_exps.input_scale
create_tensor: loading tensor blk.0.ffn_gate_shexp.input_scale
create_tensor: loading tensor blk.0.ffn_down_shexp.input_scale
create_tensor: loading tensor blk.0.ffn_up_shexp.input_scale
create_tensor: loading tensor blk.0.ssm_out.input_scale
create_tensor: loading tensor blk.0.ssm_alpha.input_scale
create_tensor: loading tensor blk.0.ssm_beta.input_scale
create_tensor: loading tensor blk.1.attn_qkv.scale
create_tensor: loading tensor blk.1.attn_gate.scale
create_tensor: loading tensor blk.1.ffn_gate_shexp.scale
create_tensor: loading tensor blk.1.ffn_down_shexp.scale
create_tensor: loading tensor blk.1.ffn_up_shexp.scale
create_tensor: loading tensor blk.1.ffn_gate_exps.scale
create_tensor: loading tensor blk.1.ffn_down_exps.scale
create_tensor: loading tensor blk.1.ffn_up_exps.scale
create_tensor: loading tensor blk.1.ssm_out.scale
create_tensor: loading tensor blk.1.ssm_alpha.scale
create_tensor: loading tensor blk.1.ssm_beta.scale
create_tensor: loading tensor blk.1.attn_qkv.input_scale
create_tensor: loading tensor blk.1.attn_gate.input_scale
create_tensor: loading tensor blk.1.ffn_gate_exps.input_scale
create_tensor: loading tensor blk.1.ffn_down_exps.input_scale
create_tensor: loading tensor blk.1.ffn_up_exps.input_scale
create_tensor: loading tensor blk.1.ffn_gate_shexp.input_scale
create_tensor: loading tensor blk.1.ffn_down_shexp.input_scale
create_tensor: loading tensor blk.1.ffn_up_shexp.input_scale
create_tensor: loading tensor blk.1.ssm_out.input_scale
create_tensor: loading tensor blk.1.ssm_alpha.input_scale
create_tensor: loading tensor blk.1.ssm_beta.input_scale
create_tensor: loading tensor blk.2.attn_qkv.scale
create_tensor: loading tensor blk.2.attn_gate.scale
create_tensor: loading tensor blk.2.ffn_gate_shexp.scale
create_tensor: loading tensor blk.2.ffn_down_shexp.scale
create_tensor: loading tensor blk.2.ffn_up_shexp.scale
create_tensor: loading tensor blk.2.ffn_gate_exps.scale
create_tensor: loading tensor blk.2.ffn_down_exps.scale
create_tensor: loading tensor blk.2.ffn_up_exps.scale
create_tensor: loading tensor blk.2.ssm_out.scale
create_tensor: loading tensor blk.2.ssm_alpha.scale
create_tensor: loading tensor blk.2.ssm_beta.scale
create_tensor: loading tensor blk.2.attn_qkv.input_scale
create_tensor: loading tensor blk.2.attn_gate.input_scale
create_tensor: loading tensor blk.2.ffn_gate_exps.input_scale
create_tensor: loading tensor blk.2.ffn_down_exps.input_scale
create_tensor: loading tensor blk.2.ffn_up_exps.input_scale
create_tensor: loading tensor blk.2.ffn_gate_shexp.input_scale
create_tensor: loading tensor blk.2.ffn_down_shexp.input_scale
create_tensor: loading tensor blk.2.ffn_up_shexp.input_scale
create_tensor: loading tensor blk.2.ssm_out.input_scale
create_tensor: loading tensor blk.2.ssm_alpha.input_scale
create_tensor: loading tensor blk.2.ssm_beta.input_scale
create_tensor: loading tensor blk.3.attn_q.scale
create_tensor: loading tensor blk.3.attn_k.scale
create_tensor: loading tensor blk.3.attn_v.scale
create_tensor: loading tensor blk.3.attn_output.scale
create_tensor: loading tensor blk.3.ffn_gate_shexp.scale
create_tensor: loading tensor blk.3.ffn_down_shexp.scale
create_tensor: loading tensor blk.3.ffn_up_shexp.scale
create_tensor: loading tensor blk.3.ffn_gate_exps.scale
create_tensor: loading tensor blk.3.ffn_down_exps.scale
create_tensor: loading tensor blk.3.ffn_up_exps.scale
create_tensor: loading tensor blk.3.attn_q.input_scale
create_tensor: loading tensor blk.3.attn_k.input_scale
create_tensor: loading tensor blk.3.attn_v.input_scale
create_tensor: loading tensor blk.3.attn_output.input_scale
create_tensor: loading tensor blk.3.ffn_gate_exps.input_scale
create_tensor: loading tensor blk.3.ffn_down_exps.input_scale
create_tensor: loading tensor blk.3.ffn_up_exps.input_scale
create_tensor: loading tensor blk.3.ffn_gate_shexp.input_scale
create_tensor: loading tensor blk.3.ffn_down_shexp.input_scale
create_tensor: loading tensor blk.3.ffn_up_shexp.input_scale
create_tensor: loading tensor blk.4.attn_qkv.scale
create_tensor: loading tensor blk.4.attn_gate.scale
create_tensor: loading tensor blk.4.ffn_gate_shexp.scale
create_tensor: loading tensor blk.4.ffn_down_shexp.scale
create_tensor: loading tensor blk.4.ffn_up_shexp.scale
create_tensor: loading tensor blk.4.ffn_gate_exps.scale
create_tensor: loading tensor blk.4.ffn_down_exps.scale
create_tensor: loading tensor blk.4.ffn_up_exps.scale
create_tensor: loading tensor blk.4.ssm_out.scale
create_tensor: loading tensor blk.4.ssm_alpha.scale
create_tensor: loading tensor blk.4.ssm_beta.scale
create_tensor: loading tensor blk.4.attn_qkv.input_scale
create_tensor: loading tensor blk.4.attn_gate.input_scale
create_tensor: loading tensor blk.4.ffn_gate_exps.input_scale
create_tensor: loading tensor blk.4.ffn_down_exps.input_scale
create_tensor: loading tensor blk.4.ffn_up_exps.input_scale
create_tensor: loading tensor blk.4.ffn_gate_shexp.input_scale
create_tensor: loading tensor blk.4.ffn_down_shexp.input_scale
create_tensor: loading tensor blk.4.ffn_up_shexp.input_scale
create_tensor: loading tensor blk.4.ssm_out.input_scale
create_tensor: loading tensor blk.4.ssm_alpha.input_scale
create_tensor: loading tensor blk.4.ssm_beta.input_scale
create_tensor: loading tensor blk.5.attn_qkv.scale
create_tensor: loading tensor blk.5.attn_gate.scale
create_tensor: loading tensor blk.5.ffn_gate_shexp.scale
create_tensor: loading tensor blk.5.ffn_down_shexp.scale
create_tensor: loading tensor blk.5.ffn_up_shexp.scale
create_tensor: loading tensor blk.5.ffn_gate_exps.scale
create_tensor: loading tensor blk.5.ffn_down_exps.scale
create_tensor: loading tensor blk.5.ffn_up_exps.scale
create_tensor: loading tensor blk.5.ssm_out.scale
create_tensor: loading tensor blk.5.ssm_alpha.scale
create_tensor: loading tensor blk.5.ssm_beta.scale
create_tensor: loading tensor blk.5.attn_qkv.input_scale
create_tensor: loading tensor blk.5.attn_gate.input_scale
create_tensor: loading tensor blk.5.ffn_gate_exps.input_scale
create_tensor: loading tensor blk.5.ffn_down_exps.input_scale
create_tensor: loading tensor blk.5.ffn_up_exps.input_scale
create_tensor: loading tensor blk.5.ffn_gate_shexp.input_scale
create_tensor: loading tensor blk.5.ffn_down_shexp.input_scale
create_tensor: loading tensor blk.5.ffn_up_shexp.input_scale
create_tensor: loading tensor blk.5.ssm_out.input_scale
create_tensor: loading tensor blk.5.ssm_alpha.input_scale
create_tensor: loading tensor blk.5.ssm_beta.input_scale
create_tensor: loading tensor blk.6.attn_qkv.scale
create_tensor: loading tensor blk.6.attn_gate.scale
create_tensor: loading tensor blk.6.ffn_gate_shexp.scale
create_tensor: loading tensor blk.6.ffn_down_shexp.scale
create_tensor: loading tensor blk.6.ffn_up_shexp.scale
create_tensor: loading tensor blk.6.ffn_gate_exps.scale
create_tensor: loading tensor blk.6.ffn_down_exps.scale
create_tensor: loading tensor blk.6.ffn_up_exps.scale
create_tensor: loading tensor blk.6.ssm_out.scale
create_tensor: loading tensor blk.6.ssm_alpha.scale
create_tensor: loading tensor blk.6.ssm_beta.scale
create_tensor: loading tensor blk.6.attn_qkv.input_scale
create_tensor: loading tensor blk.6.attn_gate.input_scale
create_tensor: loading tensor blk.6.ffn_gate_exps.input_scale
create_tensor: loading tensor blk.6.ffn_down_exps.input_scale
create_tensor: loading tensor blk.6.ffn_up_exps.input_scale
create_tensor: loading tensor blk.6.ffn_gate_shexp.input_scale
create_tensor: loading tensor blk.6.ffn_down_shexp.input_scale
create_tensor: loading tensor blk.6.ffn_up_shexp.input_scale
create_tensor: loading tensor blk.6.ssm_out.input_scale
create_tensor: loading tensor blk.6.ssm_alpha.input_scale
create_tensor: loading tensor blk.6.ssm_beta.input_scale
create_tensor: loading tensor blk.7.attn_q.scale
create_tensor: loading tensor blk.7.attn_k.scale
create_tensor: loading tensor blk.7.attn_v.scale
create_tensor: loading tensor blk.7.attn_output.scale
create_tensor: loading tensor blk.7.ffn_gate_shexp.scale
create_tensor: loading tensor blk.7.ffn_down_shexp.scale
create_tensor: loading tensor blk.7.ffn_up_shexp.scale
create_tensor: loading tensor blk.7.ffn_gate_exps.scale
create_tensor: loading tensor blk.7.ffn_down_exps.scale
create_tensor: loading tensor blk.7.ffn_up_exps.scale
create_tensor: loading tensor blk.7.attn_q.input_scale
create_tensor: loading tensor blk.7.attn_k.input_scale
create_tensor: loading tensor blk.7.attn_v.input_scale
create_tensor: loading tensor blk.7.attn_output.input_scale
create_tensor: loading tensor blk.7.ffn_gate_exps.input_scale
create_tensor: loading tensor blk.7.ffn_down_exps.input_scale
create_tensor: loading tensor blk.7.ffn_up_exps.input_scale
create_tensor: loading tensor blk.7.ffn_gate_shexp.input_scale
create_tensor: loading tensor blk.7.ffn_down_shexp.input_scale
create_tensor: loading tensor blk.7.ffn_up_shexp.input_scale
create_tensor: loading tensor blk.8.attn_qkv.scale
create_tensor: loading tensor blk.8.attn_gate.scale
create_tensor: loading tensor blk.8.ffn_gate_shexp.scale
create_tensor: loading tensor blk.8.ffn_down_shexp.scale
create_tensor: loading tensor blk.8.ffn_up_shexp.scale
create_tensor: loading tensor blk.8.ffn_gate_exps.scale
create_tensor: loading tensor blk.8.ffn_down_exps.scale
create_tensor: loading tensor blk.8.ffn_up_exps.scale
create_tensor: loading tensor blk.8.ssm_out.scale
create_tensor: loading tensor blk.8.ssm_alpha.scale
create_tensor: loading tensor blk.8.ssm_beta.scale
create_tensor: loading tensor blk.8.attn_qkv.input_scale
create_tensor: loading tensor blk.8.attn_gate.input_scale
create_tensor: loading tensor blk.8.ffn_gate_exps.input_scale
create_tensor: loading tensor blk.8.ffn_down_exps.input_scale
create_tensor: loading tensor blk.8.ffn_up_exps.input_scale
create_tensor: loading tensor blk.8.ffn_gate_shexp.input_scale
create_tensor: loading tensor blk.8.ffn_down_shexp.input_scale
create_tensor: loading tensor blk.8.ffn_up_shexp.input_scale
create_tensor: loading tensor blk.8.ssm_out.input_scale
create_tensor: loading tensor blk.8.ssm_alpha.input_scale
create_tensor: loading tensor blk.8.ssm_beta.input_scale
create_tensor: loading tensor blk.9.attn_qkv.scale
create_tensor: loading tensor blk.9.attn_gate.scale
create_tensor: loading tensor blk.9.ffn_gate_shexp.scale
create_tensor: loading tensor blk.9.ffn_down_shexp.scale
create_tensor: loading tensor blk.9.ffn_up_shexp.scale
create_tensor: loading tensor blk.9.ffn_gate_exps.scale
create_tensor: loading tensor blk.9.ffn_down_exps.scale
create_tensor: loading tensor blk.9.ffn_up_exps.scale
create_tensor: loading tensor blk.9.ssm_out.scale
create_tensor: loading tensor blk.9.ssm_alpha.scale
create_tensor: loading tensor blk.9.ssm_beta.scale
create_tensor: loading tensor blk.9.attn_qkv.input_scale
create_tensor: loading tensor blk.9.attn_gate.input_scale
create_tensor: loading tensor blk.9.ffn_gate_exps.input_scale
create_tensor: loading tensor blk.9.ffn_down_exps.input_scale
create_tensor: loading tensor blk.9.ffn_up_exps.input_scale
create_tensor: loading tensor blk.9.ffn_gate_shexp.input_scale
create_tensor: loading tensor blk.9.ffn_down_shexp.input_scale
create_tensor: loading tensor blk.9.ffn_up_shexp.input_scale
create_tensor: loading tensor blk.9.ssm_out.input_scale
create_tensor: loading tensor blk.9.ssm_alpha.input_scale
create_tensor: loading tensor blk.9.ssm_beta.input_scale
create_tensor: loading tensor blk.10.attn_qkv.scale
create_tensor: loading tensor blk.10.attn_gate.scale
create_tensor: loading tensor blk.10.ffn_gate_shexp.scale
create_tensor: loading tensor blk.10.ffn_down_shexp.scale
create_tensor: loading tensor blk.10.ffn_up_shexp.scale
create_tensor: loading tensor blk.10.ffn_gate_exps.scale
create_tensor: loading tensor blk.10.ffn_down_exps.scale
create_tensor: loading tensor blk.10.ffn_up_exps.scale
create_tensor: loading tensor blk.10.ssm_out.scale
create_tensor: loading tensor blk.10.ssm_alpha.scale
create_tensor: loading tensor blk.10.ssm_beta.scale
create_tensor: loading tensor blk.10.attn_qkv.input_scale
create_tensor: loading tensor blk.10.attn_gate.input_scale
create_tensor: loading tensor blk.10.ffn_gate_exps.input_scale
create_tensor: loading tensor blk.10.ffn_down_exps.input_scale
create_tensor: loading tensor blk.10.ffn_up_exps.input_scale
create_tensor: loading tensor blk.10.ffn_gate_shexp.input_scale
create_tensor: loading tensor blk.10.ffn_down_shexp.input_scale
create_tensor: loading tensor blk.10.ffn_up_shexp.input_scale
create_tensor: loading tensor blk.10.ssm_out.input_scale
create_tensor: loading tensor blk.10.ssm_alpha.input_scale
create_tensor: loading tensor blk.10.ssm_beta.input_scale
create_tensor: loading tensor blk.11.attn_q.scale
create_tensor: loading tensor blk.11.attn_k.scale
create_tensor: loading tensor blk.11.attn_v.scale
create_tensor: loading tensor blk.11.attn_output.scale
create_tensor: loading tensor blk.11.ffn_gate_shexp.scale
create_tensor: loading tensor blk.11.ffn_down_shexp.scale
create_tensor: loading tensor blk.11.ffn_up_shexp.scale
create_tensor: loading tensor blk.11.ffn_gate_exps.scale
create_tensor: loading tensor blk.11.ffn_down_exps.scale
create_tensor: loading tensor blk.11.ffn_up_exps.scale
create_tensor: loading tensor blk.11.attn_q.input_scale
create_tensor: loading tensor blk.11.attn_k.input_scale
create_tensor: loading tensor blk.11.attn_v.input_scale
create_tensor: loading tensor blk.11.attn_output.input_scale
create_tensor: loading tensor blk.11.ffn_gate_exps.input_scale
create_tensor: loading tensor blk.11.ffn_down_exps.input_scale
create_tensor: loading tensor blk.11.ffn_up_exps.input_scale
create_tensor: loading tensor blk.11.ffn_gate_shexp.input_scale
create_tensor: loading tensor blk.11.ffn_down_shexp.input_scale
create_tensor: loading tensor blk.11.ffn_up_shexp.input_scale
create_tensor: loading tensor blk.12.attn_qkv.scale
create_tensor: loading tensor blk.12.attn_gate.scale
create_tensor: loading tensor blk.12.ffn_gate_shexp.scale
create_tensor: loading tensor blk.12.ffn_down_shexp.scale
create_tensor: loading tensor blk.12.ffn_up_shexp.scale
create_tensor: loading tensor blk.12.ffn_gate_exps.scale
create_tensor: loading tensor blk.12.ffn_down_exps.scale
create_tensor: loading tensor blk.12.ffn_up_exps.scale
create_tensor: loading tensor blk.12.ssm_out.scale
create_tensor: loading tensor blk.12.ssm_alpha.scale
create_tensor: loading tensor blk.12.ssm_beta.scale
create_tensor: loading tensor blk.12.attn_qkv.input_scale
create_tensor: loading tensor blk.12.attn_gate.input_scale
create_tensor: loading tensor blk.12.ffn_gate_exps.input_scale
create_tensor: loading tensor blk.12.ffn_down_exps.input_scale
create_tensor: loading tensor blk.12.ffn_up_exps.input_scale
create_tensor: loading tensor blk.12.ffn_gate_shexp.input_scale
create_tensor: loading tensor blk.12.ffn_down_shexp.input_scale
create_tensor: loading tensor blk.12.ffn_up_shexp.input_scale
create_tensor: loading tensor blk.12.ssm_out.input_scale
create_tensor: loading tensor blk.12.ssm_alpha.input_scale
create_tensor: loading tensor blk.12.ssm_beta.input_scale
create_tensor: loading tensor blk.13.attn_qkv.scale
create_tensor: loading tensor blk.13.attn_gate.scale
create_tensor: loading tensor blk.13.ffn_gate_shexp.scale
create_tensor: loading tensor blk.13.ffn_down_shexp.scale
create_tensor: loading tensor blk.13.ffn_up_shexp.scale
create_tensor: loading tensor blk.13.ffn_gate_exps.scale
create_tensor: loading tensor blk.13.ffn_down_exps.scale
create_tensor: loading tensor blk.13.ffn_up_exps.scale
create_tensor: loading tensor blk.13.ssm_out.scale
create_tensor: loading tensor blk.13.ssm_alpha.scale
create_tensor: loading tensor blk.13.ssm_beta.scale
create_tensor: loading tensor blk.13.attn_qkv.input_scale
create_tensor: loading tensor blk.13.attn_gate.input_scale
create_tensor: loading tensor blk.13.ffn_gate_exps.input_scale
create_tensor: loading tensor blk.13.ffn_down_exps.input_scale
create_tensor: loading tensor blk.13.ffn_up_exps.input_scale
create_tensor: loading tensor blk.13.ffn_gate_shexp.input_scale
create_tensor: loading tensor blk.13.ffn_down_shexp.input_scale
create_tensor: loading tensor blk.13.ffn_up_shexp.input_scale
create_tensor: loading tensor blk.13.ssm_out.input_scale
create_tensor: loading tensor blk.13.ssm_alpha.input_scale
create_tensor: loading tensor blk.13.ssm_beta.input_scale
create_tensor: loading tensor blk.14.attn_qkv.scale
create_tensor: loading tensor blk.14.attn_gate.scale
create_tensor: loading tensor blk.14.ffn_gate_shexp.scale
create_tensor: loading tensor blk.14.ffn_down_shexp.scale
create_tensor: loading tensor blk.14.ffn_up_shexp.scale
create_tensor: loading tensor blk.14.ffn_gate_exps.scale
create_tensor: loading tensor blk.14.ffn_down_exps.scale
create_tensor: loading tensor blk.14.ffn_up_exps.scale
create_tensor: loading tensor blk.14.ssm_out.scale
create_tensor: loading tensor blk.14.ssm_alpha.scale
create_tensor: loading tensor blk.14.ssm_beta.scale
create_tensor: loading tensor blk.14.attn_qkv.input_scale
create_tensor: loading tensor blk.14.attn_gate.input_scale
create_tensor: loading tensor blk.14.ffn_gate_exps.input_scale
create_tensor: loading tensor blk.14.ffn_down_exps.input_scale
create_tensor: loading tensor blk.14.ffn_up_exps.input_scale
create_tensor: loading tensor blk.14.ffn_gate_shexp.input_scale
create_tensor: loading tensor blk.14.ffn_down_shexp.input_scale
create_tensor: loading tensor blk.14.ffn_up_shexp.input_scale
create_tensor: loading tensor blk.14.ssm_out.input_scale
create_tensor: loading tensor blk.14.ssm_alpha.input_scale
create_tensor: loading tensor blk.14.ssm_beta.input_scale
create_tensor: loading tensor blk.15.attn_q.scale
create_tensor: loading tensor blk.15.attn_k.scale
create_tensor: loading tensor blk.15.attn_v.scale
create_tensor: loading tensor blk.15.attn_output.scale
create_tensor: loading tensor blk.15.ffn_gate_shexp.scale
create_tensor: loading tensor blk.15.ffn_down_shexp.scale
create_tensor: loading tensor blk.15.ffn_up_shexp.scale
create_tensor: loading tensor blk.15.ffn_gate_exps.scale
create_tensor: loading tensor blk.15.ffn_down_exps.scale
create_tensor: loading tensor blk.15.ffn_up_exps.scale
create_tensor: loading tensor blk.15.attn_q.input_scale
create_tensor: loading tensor blk.15.attn_k.input_scale
create_tensor: loading tensor blk.15.attn_v.input_scale
create_tensor: loading tensor blk.15.attn_output.input_scale
create_tensor: loading tensor blk.15.ffn_gate_exps.input_scale
create_tensor: loading tensor blk.15.ffn_down_exps.input_scale
create_tensor: loading tensor blk.15.ffn_up_exps.input_scale
create_tensor: loading tensor blk.15.ffn_gate_shexp.input_scale
create_tensor: loading tensor blk.15.ffn_down_shexp.input_scale
create_tensor: loading tensor blk.15.ffn_up_shexp.input_scale
create_tensor: loading tensor blk.16.attn_qkv.scale
create_tensor: loading tensor blk.16.attn_gate.scale
create_tensor: loading tensor blk.16.ffn_gate_shexp.scale
create_tensor: loading tensor blk.16.ffn_down_shexp.scale
create_tensor: loading tensor blk.16.ffn_up_shexp.scale
create_tensor: loading tensor blk.16.ffn_gate_exps.scale
create_tensor: loading tensor blk.16.ffn_down_exps.scale
create_tensor: loading tensor blk.16.ffn_up_exps.scale
create_tensor: loading tensor blk.16.ssm_out.scale
create_tensor: loading tensor blk.16.ssm_alpha.scale
create_tensor: loading tensor blk.16.ssm_beta.scale
create_tensor: loading tensor blk.16.attn_qkv.input_scale
create_tensor: loading tensor blk.16.attn_gate.input_scale
create_tensor: loading tensor blk.16.ffn_gate_exps.input_scale
create_tensor: loading tensor blk.16.ffn_down_exps.input_scale
create_tensor: loading tensor blk.16.ffn_up_exps.input_scale
create_tensor: loading tensor blk.16.ffn_gate_shexp.input_scale
create_tensor: loading tensor blk.16.ffn_down_shexp.input_scale
create_tensor: loading tensor blk.16.ffn_up_shexp.input_scale
create_tensor: loading tensor blk.16.ssm_out.input_scale
create_tensor: loading tensor blk.16.ssm_alpha.input_scale
create_tensor: loading tensor blk.16.ssm_beta.input_scale
create_tensor: loading tensor blk.17.attn_qkv.scale
create_tensor: loading tensor blk.17.attn_gate.scale
create_tensor: loading tensor blk.17.ffn_gate_shexp.scale
create_tensor: loading tensor blk.17.ffn_down_shexp.scale
create_tensor: loading tensor blk.17.ffn_up_shexp.scale
create_tensor: loading tensor blk.17.ffn_gate_exps.scale
create_tensor: loading tensor blk.17.ffn_down_exps.scale
create_tensor: loading tensor blk.17.ffn_up_exps.scale
create_tensor: loading tensor blk.17.ssm_out.scale
create_tensor: loading tensor blk.17.ssm_alpha.scale
create_tensor: loading tensor blk.17.ssm_beta.scale
create_tensor: loading tensor blk.17.attn_qkv.input_scale
create_tensor: loading tensor blk.17.attn_gate.input_scale
create_tensor: loading tensor blk.17.ffn_gate_exps.input_scale
create_tensor: loading tensor blk.17.ffn_down_exps.input_scale
create_tensor: loading tensor blk.17.ffn_up_exps.input_scale
create_tensor: loading tensor blk.17.ffn_gate_shexp.input_scale
create_tensor: loading tensor blk.17.ffn_down_shexp.input_scale
create_tensor: loading tensor blk.17.ffn_up_shexp.input_scale
create_tensor: loading tensor blk.17.ssm_out.input_scale
create_tensor: loading tensor blk.17.ssm_alpha.input_scale
create_tensor: loading tensor blk.17.ssm_beta.input_scale
create_tensor: loading tensor blk.18.attn_qkv.scale
create_tensor: loading tensor blk.18.attn_gate.scale
create_tensor: loading tensor blk.18.ffn_gate_shexp.scale
create_tensor: loading tensor blk.18.ffn_down_shexp.scale
create_tensor: loading tensor blk.18.ffn_up_shexp.scale
create_tensor: loading tensor blk.18.ffn_gate_exps.scale
create_tensor: loading tensor blk.18.ffn_down_exps.scale
create_tensor: loading tensor blk.18.ffn_up_exps.scale
create_tensor: loading tensor blk.18.ssm_out.scale
create_tensor: loading tensor blk.18.ssm_alpha.scale
create_tensor: loading tensor blk.18.ssm_beta.scale
create_tensor: loading tensor blk.18.attn_qkv.input_scale
create_tensor: loading tensor blk.18.attn_gate.input_scale
create_tensor: loading tensor blk.18.ffn_gate_exps.input_scale
create_tensor: loading tensor blk.18.ffn_down_exps.input_scale
create_tensor: loading tensor blk.18.ffn_up_exps.input_scale
create_tensor: loading tensor blk.18.ffn_gate_shexp.input_scale
create_tensor: loading tensor blk.18.ffn_down_shexp.input_scale
create_tensor: loading tensor blk.18.ffn_up_shexp.input_scale
create_tensor: loading tensor blk.18.ssm_out.input_scale
create_tensor: loading tensor blk.18.ssm_alpha.input_scale
create_tensor: loading tensor blk.18.ssm_beta.input_scale
create_tensor: loading tensor blk.19.attn_q.scale
create_tensor: loading tensor blk.19.attn_k.scale
create_tensor: loading tensor blk.19.attn_v.scale
create_tensor: loading tensor blk.19.attn_output.scale
create_tensor: loading tensor blk.19.ffn_gate_shexp.scale
create_tensor: loading tensor blk.19.ffn_down_shexp.scale
create_tensor: loading tensor blk.19.ffn_up_shexp.scale
create_tensor: loading tensor blk.19.ffn_gate_exps.scale
create_tensor: loading tensor blk.19.ffn_down_exps.scale
create_tensor: loading tensor blk.19.ffn_up_exps.scale
create_tensor: loading tensor blk.19.attn_q.input_scale
create_tensor: loading tensor blk.19.attn_k.input_scale
create_tensor: loading tensor blk.19.attn_v.input_scale
create_tensor: loading tensor blk.19.attn_output.input_scale
create_tensor: loading tensor blk.19.ffn_gate_exps.input_scale
create_tensor: loading tensor blk.19.ffn_down_exps.input_scale
create_tensor: loading tensor blk.19.ffn_up_exps.input_scale
create_tensor: loading tensor blk.19.ffn_gate_shexp.input_scale
create_tensor: loading tensor blk.19.ffn_down_shexp.input_scale
create_tensor: loading tensor blk.19.ffn_up_shexp.input_scale
create_tensor: loading tensor blk.20.attn_qkv.scale
create_tensor: loading tensor blk.20.attn_gate.scale
create_tensor: loading tensor blk.20.ffn_gate_shexp.scale
create_tensor: loading tensor blk.20.ffn_down_shexp.scale
create_tensor: loading tensor blk.20.ffn_up_shexp.scale
create_tensor: loading tensor blk.20.ffn_gate_exps.scale
create_tensor: loading tensor blk.20.ffn_down_exps.scale
create_tensor: loading tensor blk.20.ffn_up_exps.scale
create_tensor: loading tensor blk.20.ssm_out.scale
create_tensor: loading tensor blk.20.ssm_alpha.scale
create_tensor: loading tensor blk.20.ssm_beta.scale
create_tensor: loading tensor blk.20.attn_qkv.input_scale
create_tensor: loading tensor blk.20.attn_gate.input_scale
create_tensor: loading tensor blk.20.ffn_gate_exps.input_scale
create_tensor: loading tensor blk.20.ffn_down_exps.input_scale
create_tensor: loading tensor blk.20.ffn_up_exps.input_scale
create_tensor: loading tensor blk.20.ffn_gate_shexp.input_scale
create_tensor: loading tensor blk.20.ffn_down_shexp.input_scale
create_tensor: loading tensor blk.20.ffn_up_shexp.input_scale
create_tensor: loading tensor blk.20.ssm_out.input_scale
create_tensor: loading tensor blk.20.ssm_alpha.input_scale
create_tensor: loading tensor blk.20.ssm_beta.input_scale
create_tensor: loading tensor blk.21.attn_qkv.scale
create_tensor: loading tensor blk.21.attn_gate.scale
create_tensor: loading tensor blk.21.ffn_gate_shexp.scale
create_tensor: loading tensor blk.21.ffn_down_shexp.scale
create_tensor: loading tensor blk.21.ffn_up_shexp.scale
create_tensor: loading tensor blk.21.ffn_gate_exps.scale
create_tensor: loading tensor blk.21.ffn_down_exps.scale
create_tensor: loading tensor blk.21.ffn_up_exps.scale
create_tensor: loading tensor blk.21.ssm_out.scale
create_tensor: loading tensor blk.21.ssm_alpha.scale
create_tensor: loading tensor blk.21.ssm_beta.scale
create_tensor: loading tensor blk.21.attn_qkv.input_scale
create_tensor: loading tensor blk.21.attn_gate.input_scale
create_tensor: loading tensor blk.21.ffn_gate_exps.input_scale
create_tensor: loading tensor blk.21.ffn_down_exps.input_scale
create_tensor: loading tensor blk.21.ffn_up_exps.input_scale
create_tensor: loading tensor blk.21.ffn_gate_shexp.input_scale
create_tensor: loading tensor blk.21.ffn_down_shexp.input_scale
create_tensor: loading tensor blk.21.ffn_up_shexp.input_scale
create_tensor: loading tensor blk.21.ssm_out.input_scale
create_tensor: loading tensor blk.21.ssm_alpha.input_scale
create_tensor: loading tensor blk.21.ssm_beta.input_scale
create_tensor: loading tensor blk.22.attn_qkv.scale
create_tensor: loading tensor blk.22.attn_gate.scale
create_tensor: loading tensor blk.22.ffn_gate_shexp.scale
create_tensor: loading tensor blk.22.ffn_down_shexp.scale
create_tensor: loading tensor blk.22.ffn_up_shexp.scale
create_tensor: loading tensor blk.22.ffn_gate_exps.scale
create_tensor: loading tensor blk.22.ffn_down_exps.scale
create_tensor: loading tensor blk.22.ffn_up_exps.scale
create_tensor: loading tensor blk.22.ssm_out.scale
create_tensor: loading tensor blk.22.ssm_alpha.scale
create_tensor: loading tensor blk.22.ssm_beta.scale
create_tensor: loading tensor blk.22.attn_qkv.input_scale
create_tensor: loading tensor blk.22.attn_gate.input_scale
create_tensor: loading tensor blk.22.ffn_gate_exps.input_scale
create_tensor: loading tensor blk.22.ffn_down_exps.input_scale
create_tensor: loading tensor blk.22.ffn_up_exps.input_scale
create_tensor: loading tensor blk.22.ffn_gate_shexp.input_scale
create_tensor: loading tensor blk.22.ffn_down_shexp.input_scale
create_tensor: loading tensor blk.22.ffn_up_shexp.input_scale
create_tensor: loading tensor blk.22.ssm_out.input_scale
create_tensor: loading tensor blk.22.ssm_alpha.input_scale
create_tensor: loading tensor blk.22.ssm_beta.input_scale
create_tensor: loading tensor blk.23.attn_q.scale
create_tensor: loading tensor blk.23.attn_k.scale
create_tensor: loading tensor blk.23.attn_v.scale
create_tensor: loading tensor blk.23.attn_output.scale
create_tensor: loading tensor blk.23.ffn_gate_shexp.scale
create_tensor: loading tensor blk.23.ffn_down_shexp.scale
create_tensor: loading tensor blk.23.ffn_up_shexp.scale
create_tensor: loading tensor blk.23.ffn_gate_exps.scale
create_tensor: loading tensor blk.23.ffn_down_exps.scale
create_tensor: loading tensor blk.23.ffn_up_exps.scale
create_tensor: loading tensor blk.23.attn_q.input_scale
create_tensor: loading tensor blk.23.attn_k.input_scale
create_tensor: loading tensor blk.23.attn_v.input_scale
create_tensor: loading tensor blk.23.attn_output.input_scale
create_tensor: loading tensor blk.23.ffn_gate_exps.input_scale
create_tensor: loading tensor blk.23.ffn_down_exps.input_scale
create_tensor: loading tensor blk.23.ffn_up_exps.input_scale
create_tensor: loading tensor blk.23.ffn_gate_shexp.input_scale
create_tensor: loading tensor blk.23.ffn_down_shexp.input_scale
create_tensor: loading tensor blk.23.ffn_up_shexp.input_scale
create_tensor: loading tensor blk.24.attn_qkv.scale
create_tensor: loading tensor blk.24.attn_gate.scale
create_tensor: loading tensor blk.24.ffn_gate_shexp.scale
create_tensor: loading tensor blk.24.ffn_down_shexp.scale
create_tensor: loading tensor blk.24.ffn_up_shexp.scale
create_tensor: loading tensor blk.24.ffn_gate_exps.scale
create_tensor: loading tensor blk.24.ffn_down_exps.scale
create_tensor: loading tensor blk.24.ffn_up_exps.scale
create_tensor: loading tensor blk.24.ssm_out.scale
create_tensor: loading tensor blk.24.ssm_alpha.scale
create_tensor: loading tensor blk.24.ssm_beta.scale
create_tensor: loading tensor blk.24.attn_qkv.input_scale
create_tensor: loading tensor blk.24.attn_gate.input_scale
create_tensor: loading tensor blk.24.ffn_gate_exps.input_scale
create_tensor: loading tensor blk.24.ffn_down_exps.input_scale
create_tensor: loading tensor blk.24.ffn_up_exps.input_scale
create_tensor: loading tensor blk.24.ffn_gate_shexp.input_scale
create_tensor: loading tensor blk.24.ffn_down_shexp.input_scale
create_tensor: loading tensor blk.24.ffn_up_shexp.input_scale
create_tensor: loading tensor blk.24.ssm_out.input_scale
create_tensor: loading tensor blk.24.ssm_alpha.input_scale
create_tensor: loading tensor blk.24.ssm_beta.input_scale
create_tensor: loading tensor blk.25.attn_qkv.scale
create_tensor: loading tensor blk.25.attn_gate.scale
create_tensor: loading tensor blk.25.ffn_gate_shexp.scale
create_tensor: loading tensor blk.25.ffn_down_shexp.scale
create_tensor: loading tensor blk.25.ffn_up_shexp.scale
create_tensor: loading tensor blk.25.ffn_gate_exps.scale
create_tensor: loading tensor blk.25.ffn_down_exps.scale
create_tensor: loading tensor blk.25.ffn_up_exps.scale
create_tensor: loading tensor blk.25.ssm_out.scale
create_tensor: loading tensor blk.25.ssm_alpha.scale
create_tensor: loading tensor blk.25.ssm_beta.scale
create_tensor: loading tensor blk.25.attn_qkv.input_scale
create_tensor: loading tensor blk.25.attn_gate.input_scale
create_tensor: loading tensor blk.25.ffn_gate_exps.input_scale
create_tensor: loading tensor blk.25.ffn_down_exps.input_scale
create_tensor: loading tensor blk.25.ffn_up_exps.input_scale
create_tensor: loading tensor blk.25.ffn_gate_shexp.input_scale
create_tensor: loading tensor blk.25.ffn_down_shexp.input_scale
create_tensor: loading tensor blk.25.ffn_up_shexp.input_scale
create_tensor: loading tensor blk.25.ssm_out.input_scale
create_tensor: loading tensor blk.25.ssm_alpha.input_scale
create_tensor: loading tensor blk.25.ssm_beta.input_scale
create_tensor: loading tensor blk.26.attn_qkv.scale
create_tensor: loading tensor blk.26.attn_gate.scale
create_tensor: loading tensor blk.26.ffn_gate_shexp.scale
create_tensor: loading tensor blk.26.ffn_down_shexp.scale
create_tensor: loading tensor blk.26.ffn_up_shexp.scale
create_tensor: loading tensor blk.26.ffn_gate_exps.scale
create_tensor: loading tensor blk.26.ffn_down_exps.scale
create_tensor: loading tensor blk.26.ffn_up_exps.scale
create_tensor: loading tensor blk.26.ssm_out.scale
create_tensor: loading tensor blk.26.ssm_alpha.scale
create_tensor: loading tensor blk.26.ssm_beta.scale
create_tensor: loading tensor blk.26.attn_qkv.input_scale
create_tensor: loading tensor blk.26.attn_gate.input_scale
create_tensor: loading tensor blk.26.ffn_gate_exps.input_scale
create_tensor: loading tensor blk.26.ffn_down_exps.input_scale
create_tensor: loading tensor blk.26.ffn_up_exps.input_scale
create_tensor: loading tensor blk.26.ffn_gate_shexp.input_scale
create_tensor: loading tensor blk.26.ffn_down_shexp.input_scale
create_tensor: loading tensor blk.26.ffn_up_shexp.input_scale
create_tensor: loading tensor blk.26.ssm_out.input_scale
create_tensor: loading tensor blk.26.ssm_alpha.input_scale
create_tensor: loading tensor blk.26.ssm_beta.input_scale
create_tensor: loading tensor blk.27.attn_q.scale
create_tensor: loading tensor blk.27.attn_k.scale
create_tensor: loading tensor blk.27.attn_v.scale
create_tensor: loading tensor blk.27.attn_output.scale
create_tensor: loading tensor blk.27.ffn_gate_shexp.scale
create_tensor: loading tensor blk.27.ffn_down_shexp.scale
create_tensor: loading tensor blk.27.ffn_up_shexp.scale
create_tensor: loading tensor blk.27.ffn_gate_exps.scale
create_tensor: loading tensor blk.27.ffn_down_exps.scale
create_tensor: loading tensor blk.27.ffn_up_exps.scale
create_tensor: loading tensor blk.27.attn_q.input_scale
create_tensor: loading tensor blk.27.attn_k.input_scale
create_tensor: loading tensor blk.27.attn_v.input_scale
create_tensor: loading tensor blk.27.attn_output.input_scale
create_tensor: loading tensor blk.27.ffn_gate_exps.input_scale
create_tensor: loading tensor blk.27.ffn_down_exps.input_scale
create_tensor: loading tensor blk.27.ffn_up_exps.input_scale
create_tensor: loading tensor blk.27.ffn_gate_shexp.input_scale
create_tensor: loading tensor blk.27.ffn_down_shexp.input_scale
create_tensor: loading tensor blk.27.ffn_up_shexp.input_scale
create_tensor: loading tensor blk.28.attn_qkv.scale
create_tensor: loading tensor blk.28.attn_gate.scale
create_tensor: loading tensor blk.28.ffn_gate_shexp.scale
create_tensor: loading tensor blk.28.ffn_down_shexp.scale
create_tensor: loading tensor blk.28.ffn_up_shexp.scale
create_tensor: loading tensor blk.28.ffn_gate_exps.scale
create_tensor: loading tensor blk.28.ffn_down_exps.scale
create_tensor: loading tensor blk.28.ffn_up_exps.scale
create_tensor: loading tensor blk.28.ssm_out.scale
create_tensor: loading tensor blk.28.ssm_alpha.scale
create_tensor: loading tensor blk.28.ssm_beta.scale
create_tensor: loading tensor blk.28.attn_qkv.input_scale
create_tensor: loading tensor blk.28.attn_gate.input_scale
create_tensor: loading tensor blk.28.ffn_gate_exps.input_scale
create_tensor: loading tensor blk.28.ffn_down_exps.input_scale
create_tensor: loading tensor blk.28.ffn_up_exps.input_scale
create_tensor: loading tensor blk.28.ffn_gate_shexp.input_scale
create_tensor: loading tensor blk.28.ffn_down_shexp.input_scale
create_tensor: loading tensor blk.28.ffn_up_shexp.input_scale
create_tensor: loading tensor blk.28.ssm_out.input_scale
create_tensor: loading tensor blk.28.ssm_alpha.input_scale
create_tensor: loading tensor blk.28.ssm_beta.input_scale
create_tensor: loading tensor blk.29.attn_qkv.scale
create_tensor: loading tensor blk.29.attn_gate.scale
create_tensor: loading tensor blk.29.ffn_gate_shexp.scale
create_tensor: loading tensor blk.29.ffn_down_shexp.scale
create_tensor: loading tensor blk.29.ffn_up_shexp.scale
create_tensor: loading tensor blk.29.ffn_gate_exps.scale
create_tensor: loading tensor blk.29.ffn_down_exps.scale
create_tensor: loading tensor blk.29.ffn_up_exps.scale
create_tensor: loading tensor blk.29.ssm_out.scale
create_tensor: loading tensor blk.29.ssm_alpha.scale
create_tensor: loading tensor blk.29.ssm_beta.scale
create_tensor: loading tensor blk.29.attn_qkv.input_scale
create_tensor: loading tensor blk.29.attn_gate.input_scale
create_tensor: loading tensor blk.29.ffn_gate_exps.input_scale
create_tensor: loading tensor blk.29.ffn_down_exps.input_scale
create_tensor: loading tensor blk.29.ffn_up_exps.input_scale
create_tensor: loading tensor blk.29.ffn_gate_shexp.input_scale
create_tensor: loading tensor blk.29.ffn_down_shexp.input_scale
create_tensor: loading tensor blk.29.ffn_up_shexp.input_scale
create_tensor: loading tensor blk.29.ssm_out.input_scale
create_tensor: loading tensor blk.29.ssm_alpha.input_scale
create_tensor: loading tensor blk.29.ssm_beta.input_scale
create_tensor: loading tensor blk.30.attn_qkv.scale
create_tensor: loading tensor blk.30.attn_gate.scale
create_tensor: loading tensor blk.30.ffn_gate_shexp.scale
create_tensor: loading tensor blk.30.ffn_down_shexp.scale
create_tensor: loading tensor blk.30.ffn_up_shexp.scale
create_tensor: loading tensor blk.30.ffn_gate_exps.scale
create_tensor: loading tensor blk.30.ffn_down_exps.scale
create_tensor: loading tensor blk.30.ffn_up_exps.scale
create_tensor: loading tensor blk.30.ssm_out.scale
create_tensor: loading tensor blk.30.ssm_alpha.scale
create_tensor: loading tensor blk.30.ssm_beta.scale
create_tensor: loading tensor blk.30.attn_qkv.input_scale
create_tensor: loading tensor blk.30.attn_gate.input_scale
create_tensor: loading tensor blk.30.ffn_gate_exps.input_scale
create_tensor: loading tensor blk.30.ffn_down_exps.input_scale
create_tensor: loading tensor blk.30.ffn_up_exps.input_scale
create_tensor: loading tensor blk.30.ffn_gate_shexp.input_scale
create_tensor: loading tensor blk.30.ffn_down_shexp.input_scale
create_tensor: loading tensor blk.30.ffn_up_shexp.input_scale
create_tensor: loading tensor blk.30.ssm_out.input_scale
create_tensor: loading tensor blk.30.ssm_alpha.input_scale
create_tensor: loading tensor blk.30.ssm_beta.input_scale
create_tensor: loading tensor blk.31.attn_q.scale
create_tensor: loading tensor blk.31.attn_k.scale
create_tensor: loading tensor blk.31.attn_v.scale
create_tensor: loading tensor blk.31.attn_output.scale
create_tensor: loading tensor blk.31.ffn_gate_shexp.scale
create_tensor: loading tensor blk.31.ffn_down_shexp.scale
create_tensor: loading tensor blk.31.ffn_up_shexp.scale
create_tensor: loading tensor blk.31.ffn_gate_exps.scale
create_tensor: loading tensor blk.31.ffn_down_exps.scale
create_tensor: loading tensor blk.31.ffn_up_exps.scale
create_tensor: loading tensor blk.31.attn_q.input_scale
create_tensor: loading tensor blk.31.attn_k.input_scale
create_tensor: loading tensor blk.31.attn_v.input_scale
create_tensor: loading tensor blk.31.attn_output.input_scale
create_tensor: loading tensor blk.31.ffn_gate_exps.input_scale
create_tensor: loading tensor blk.31.ffn_down_exps.input_scale
create_tensor: loading tensor blk.31.ffn_up_exps.input_scale
create_tensor: loading tensor blk.31.ffn_gate_shexp.input_scale
create_tensor: loading tensor blk.31.ffn_down_shexp.input_scale
create_tensor: loading tensor blk.31.ffn_up_shexp.input_scale
create_tensor: loading tensor blk.32.attn_qkv.scale
create_tensor: loading tensor blk.32.attn_gate.scale
create_tensor: loading tensor blk.32.ffn_gate_shexp.scale
create_tensor: loading tensor blk.32.ffn_down_shexp.scale
create_tensor: loading tensor blk.32.ffn_up_shexp.scale
create_tensor: loading tensor blk.32.ffn_gate_exps.scale
create_tensor: loading tensor blk.32.ffn_down_exps.scale
create_tensor: loading tensor blk.32.ffn_up_exps.scale
create_tensor: loading tensor blk.32.ssm_out.scale
create_tensor: loading tensor blk.32.ssm_alpha.scale
create_tensor: loading tensor blk.32.ssm_beta.scale
create_tensor: loading tensor blk.32.attn_qkv.input_scale
create_tensor: loading tensor blk.32.attn_gate.input_scale
create_tensor: loading tensor blk.32.ffn_gate_exps.input_scale
create_tensor: loading tensor blk.32.ffn_down_exps.input_scale
create_tensor: loading tensor blk.32.ffn_up_exps.input_scale
create_tensor: loading tensor blk.32.ffn_gate_shexp.input_scale
create_tensor: loading tensor blk.32.ffn_down_shexp.input_scale
create_tensor: loading tensor blk.32.ffn_up_shexp.input_scale
create_tensor: loading tensor blk.32.ssm_out.input_scale
create_tensor: loading tensor blk.32.ssm_alpha.input_scale
create_tensor: loading tensor blk.32.ssm_beta.input_scale
create_tensor: loading tensor blk.33.attn_qkv.scale
create_tensor: loading tensor blk.33.attn_gate.scale
create_tensor: loading tensor blk.33.ffn_gate_shexp.scale
create_tensor: loading tensor blk.33.ffn_down_shexp.scale
create_tensor: loading tensor blk.33.ffn_up_shexp.scale
create_tensor: loading tensor blk.33.ffn_gate_exps.scale
create_tensor: loading tensor blk.33.ffn_down_exps.scale
create_tensor: loading tensor blk.33.ffn_up_exps.scale
create_tensor: loading tensor blk.33.ssm_out.scale
create_tensor: loading tensor blk.33.ssm_alpha.scale
create_tensor: loading tensor blk.33.ssm_beta.scale
create_tensor: loading tensor blk.33.attn_qkv.input_scale
create_tensor: loading tensor blk.33.attn_gate.input_scale
create_tensor: loading tensor blk.33.ffn_gate_exps.input_scale
create_tensor: loading tensor blk.33.ffn_down_exps.input_scale
create_tensor: loading tensor blk.33.ffn_up_exps.input_scale
create_tensor: loading tensor blk.33.ffn_gate_shexp.input_scale
create_tensor: loading tensor blk.33.ffn_down_shexp.input_scale
create_tensor: loading tensor blk.33.ffn_up_shexp.input_scale
create_tensor: loading tensor blk.33.ssm_out.input_scale
create_tensor: loading tensor blk.33.ssm_alpha.input_scale
create_tensor: loading tensor blk.33.ssm_beta.input_scale
create_tensor: loading tensor blk.34.attn_qkv.scale
create_tensor: loading tensor blk.34.attn_gate.scale
create_tensor: loading tensor blk.34.ffn_gate_shexp.scale
create_tensor: loading tensor blk.34.ffn_down_shexp.scale
create_tensor: loading tensor blk.34.ffn_up_shexp.scale
create_tensor: loading tensor blk.34.ffn_gate_exps.scale
create_tensor: loading tensor blk.34.ffn_down_exps.scale
create_tensor: loading tensor blk.34.ffn_up_exps.scale
create_tensor: loading tensor blk.34.ssm_out.scale
create_tensor: loading tensor blk.34.ssm_alpha.scale
create_tensor: loading tensor blk.34.ssm_beta.scale
create_tensor: loading tensor blk.34.attn_qkv.input_scale
create_tensor: loading tensor blk.34.attn_gate.input_scale
create_tensor: loading tensor blk.34.ffn_gate_exps.input_scale
create_tensor: loading tensor blk.34.ffn_down_exps.input_scale
create_tensor: loading tensor blk.34.ffn_up_exps.input_scale
create_tensor: loading tensor blk.34.ffn_gate_shexp.input_scale
create_tensor: loading tensor blk.34.ffn_down_shexp.input_scale
create_tensor: loading tensor blk.34.ffn_up_shexp.input_scale
create_tensor: loading tensor blk.34.ssm_out.input_scale
create_tensor: loading tensor blk.34.ssm_alpha.input_scale
create_tensor: loading tensor blk.34.ssm_beta.input_scale
create_tensor: loading tensor blk.35.attn_q.scale
create_tensor: loading tensor blk.35.attn_k.scale
create_tensor: loading tensor blk.35.attn_v.scale
create_tensor: loading tensor blk.35.attn_output.scale
create_tensor: loading tensor blk.35.ffn_gate_shexp.scale
create_tensor: loading tensor blk.35.ffn_down_shexp.scale
create_tensor: loading tensor blk.35.ffn_up_shexp.scale
create_tensor: loading tensor blk.35.ffn_gate_exps.scale
create_tensor: loading tensor blk.35.ffn_down_exps.scale
create_tensor: loading tensor blk.35.ffn_up_exps.scale
create_tensor: loading tensor blk.35.attn_q.input_scale
create_tensor: loading tensor blk.35.attn_k.input_scale
create_tensor: loading tensor blk.35.attn_v.input_scale
create_tensor: loading tensor blk.35.attn_output.input_scale
create_tensor: loading tensor blk.35.ffn_gate_exps.input_scale
create_tensor: loading tensor blk.35.ffn_down_exps.input_scale
create_tensor: loading tensor blk.35.ffn_up_exps.input_scale
create_tensor: loading tensor blk.35.ffn_gate_shexp.input_scale
create_tensor: loading tensor blk.35.ffn_down_shexp.input_scale
create_tensor: loading tensor blk.35.ffn_up_shexp.input_scale
create_tensor: loading tensor blk.36.attn_qkv.scale
create_tensor: loading tensor blk.36.attn_gate.scale
create_tensor: loading tensor blk.36.ffn_gate_shexp.scale
create_tensor: loading tensor blk.36.ffn_down_shexp.scale
create_tensor: loading tensor blk.36.ffn_up_shexp.scale
create_tensor: loading tensor blk.36.ffn_gate_exps.scale
create_tensor: loading tensor blk.36.ffn_down_exps.scale
create_tensor: loading tensor blk.36.ffn_up_exps.scale
create_tensor: loading tensor blk.36.ssm_out.scale
create_tensor: loading tensor blk.36.ssm_alpha.scale
create_tensor: loading tensor blk.36.ssm_beta.scale
create_tensor: loading tensor blk.36.attn_qkv.input_scale
create_tensor: loading tensor blk.36.attn_gate.input_scale
create_tensor: loading tensor blk.36.ffn_gate_exps.input_scale
create_tensor: loading tensor blk.36.ffn_down_exps.input_scale
create_tensor: loading tensor blk.36.ffn_up_exps.input_scale
create_tensor: loading tensor blk.36.ffn_gate_shexp.input_scale
create_tensor: loading tensor blk.36.ffn_down_shexp.input_scale
create_tensor: loading tensor blk.36.ffn_up_shexp.input_scale
create_tensor: loading tensor blk.36.ssm_out.input_scale
create_tensor: loading tensor blk.36.ssm_alpha.input_scale
create_tensor: loading tensor blk.36.ssm_beta.input_scale
create_tensor: loading tensor blk.37.attn_qkv.scale
create_tensor: loading tensor blk.37.attn_gate.scale
create_tensor: loading tensor blk.37.ffn_gate_shexp.scale
create_tensor: loading tensor blk.37.ffn_down_shexp.scale
create_tensor: loading tensor blk.37.ffn_up_shexp.scale
create_tensor: loading tensor blk.37.ffn_gate_exps.scale
create_tensor: loading tensor blk.37.ffn_down_exps.scale
create_tensor: loading tensor blk.37.ffn_up_exps.scale
create_tensor: loading tensor blk.37.ssm_out.scale
create_tensor: loading tensor blk.37.ssm_alpha.scale
create_tensor: loading tensor blk.37.ssm_beta.scale
create_tensor: loading tensor blk.37.attn_qkv.input_scale
create_tensor: loading tensor blk.37.attn_gate.input_scale
create_tensor: loading tensor blk.37.ffn_gate_exps.input_scale
create_tensor: loading tensor blk.37.ffn_down_exps.input_scale
create_tensor: loading tensor blk.37.ffn_up_exps.input_scale
create_tensor: loading tensor blk.37.ffn_gate_shexp.input_scale
create_tensor: loading tensor blk.37.ffn_down_shexp.input_scale
create_tensor: loading tensor blk.37.ffn_up_shexp.input_scale
create_tensor: loading tensor blk.37.ssm_out.input_scale
create_tensor: loading tensor blk.37.ssm_alpha.input_scale
create_tensor: loading tensor blk.37.ssm_beta.input_scale
create_tensor: loading tensor blk.38.attn_qkv.scale
create_tensor: loading tensor blk.38.attn_gate.scale
create_tensor: loading tensor blk.38.ffn_gate_shexp.scale
create_tensor: loading tensor blk.38.ffn_down_shexp.scale
create_tensor: loading tensor blk.38.ffn_up_shexp.scale
create_tensor: loading tensor blk.38.ffn_gate_exps.scale
create_tensor: loading tensor blk.38.ffn_down_exps.scale
create_tensor: loading tensor blk.38.ffn_up_exps.scale
create_tensor: loading tensor blk.38.ssm_out.scale
create_tensor: loading tensor blk.38.ssm_alpha.scale
create_tensor: loading tensor blk.38.ssm_beta.scale
create_tensor: loading tensor blk.38.attn_qkv.input_scale
create_tensor: loading tensor blk.38.attn_gate.input_scale
create_tensor: loading tensor blk.38.ffn_gate_exps.input_scale
create_tensor: loading tensor blk.38.ffn_down_exps.input_scale
create_tensor: loading tensor blk.38.ffn_up_exps.input_scale
create_tensor: loading tensor blk.38.ffn_gate_shexp.input_scale
create_tensor: loading tensor blk.38.ffn_down_shexp.input_scale
create_tensor: loading tensor blk.38.ffn_up_shexp.input_scale
create_tensor: loading tensor blk.38.ssm_out.input_scale
create_tensor: loading tensor blk.38.ssm_alpha.input_scale
create_tensor: loading tensor blk.38.ssm_beta.input_scale
create_tensor: loading tensor blk.39.attn_q.scale
create_tensor: loading tensor blk.39.attn_k.scale
create_tensor: loading tensor blk.39.attn_v.scale
create_tensor: loading tensor blk.39.attn_output.scale
create_tensor: loading tensor blk.39.ffn_gate_shexp.scale
create_tensor: loading tensor blk.39.ffn_down_shexp.scale
create_tensor: loading tensor blk.39.ffn_up_shexp.scale
create_tensor: loading tensor blk.39.ffn_gate_exps.scale
create_tensor: loading tensor blk.39.ffn_down_exps.scale
create_tensor: loading tensor blk.39.ffn_up_exps.scale
create_tensor: loading tensor blk.39.attn_q.input_scale
create_tensor: loading tensor blk.39.attn_k.input_scale
create_tensor: loading tensor blk.39.attn_v.input_scale
create_tensor: loading tensor blk.39.attn_output.input_scale
create_tensor: loading tensor blk.39.ffn_gate_exps.input_scale
create_tensor: loading tensor blk.39.ffn_down_exps.input_scale
create_tensor: loading tensor blk.39.ffn_up_exps.input_scale
create_tensor: loading tensor blk.39.ffn_gate_shexp.input_scale
create_tensor: loading tensor blk.39.ffn_down_shexp.input_scale
create_tensor: loading tensor blk.39.ffn_up_shexp.input_scale
create_tensor: loading tensor blk.40.attn_qkv.scale
create_tensor: loading tensor blk.40.attn_gate.scale
create_tensor: loading tensor blk.40.ffn_gate_shexp.scale
create_tensor: loading tensor blk.40.ffn_down_shexp.scale
create_tensor: loading tensor blk.40.ffn_up_shexp.scale
create_tensor: loading tensor blk.40.ffn_gate_exps.scale
create_tensor: loading tensor blk.40.ffn_down_exps.scale
create_tensor: loading tensor blk.40.ffn_up_exps.scale
create_tensor: loading tensor blk.40.ssm_out.scale
create_tensor: loading tensor blk.40.ssm_alpha.scale
create_tensor: loading tensor blk.40.ssm_beta.scale
create_tensor: loading tensor blk.40.attn_qkv.input_scale
create_tensor: loading tensor blk.40.attn_gate.input_scale
create_tensor: loading tensor blk.40.ffn_gate_exps.input_scale
create_tensor: loading tensor blk.40.ffn_down_exps.input_scale
create_tensor: loading tensor blk.40.ffn_up_exps.input_scale
create_tensor: loading tensor blk.40.ffn_gate_shexp.input_scale
create_tensor: loading tensor blk.40.ffn_down_shexp.input_scale
create_tensor: loading tensor blk.40.ffn_up_shexp.input_scale
create_tensor: loading tensor blk.40.ssm_out.input_scale
create_tensor: loading tensor blk.40.ssm_alpha.input_scale
create_tensor: loading tensor blk.40.ssm_beta.input_scale
create_tensor: loading tensor blk.41.attn_qkv.scale
create_tensor: loading tensor blk.41.attn_gate.scale
create_tensor: loading tensor blk.41.ffn_gate_shexp.scale
create_tensor: loading tensor blk.41.ffn_down_shexp.scale
create_tensor: loading tensor blk.41.ffn_up_shexp.scale
create_tensor: loading tensor blk.41.ffn_gate_exps.scale
create_tensor: loading tensor blk.41.ffn_down_exps.scale
create_tensor: loading tensor blk.41.ffn_up_exps.scale
create_tensor: loading tensor blk.41.ssm_out.scale
create_tensor: loading tensor blk.41.ssm_alpha.scale
create_tensor: loading tensor blk.41.ssm_beta.scale
create_tensor: loading tensor blk.41.attn_qkv.input_scale
create_tensor: loading tensor blk.41.attn_gate.input_scale
create_tensor: loading tensor blk.41.ffn_gate_exps.input_scale
create_tensor: loading tensor blk.41.ffn_down_exps.input_scale
create_tensor: loading tensor blk.41.ffn_up_exps.input_scale
create_tensor: loading tensor blk.41.ffn_gate_shexp.input_scale
create_tensor: loading tensor blk.41.ffn_down_shexp.input_scale
create_tensor: loading tensor blk.41.ffn_up_shexp.input_scale
create_tensor: loading tensor blk.41.ssm_out.input_scale
create_tensor: loading tensor blk.41.ssm_alpha.input_scale
create_tensor: loading tensor blk.41.ssm_beta.input_scale
create_tensor: loading tensor blk.42.attn_qkv.scale
create_tensor: loading tensor blk.42.attn_gate.scale
create_tensor: loading tensor blk.42.ffn_gate_shexp.scale
create_tensor: loading tensor blk.42.ffn_down_shexp.scale
create_tensor: loading tensor blk.42.ffn_up_shexp.scale
create_tensor: loading tensor blk.42.ffn_gate_exps.scale
create_tensor: loading tensor blk.42.ffn_down_exps.scale
create_tensor: loading tensor blk.42.ffn_up_exps.scale
create_tensor: loading tensor blk.42.ssm_out.scale
create_tensor: loading tensor blk.42.ssm_alpha.scale
create_tensor: loading tensor blk.42.ssm_beta.scale
create_tensor: loading tensor blk.42.attn_qkv.input_scale
create_tensor: loading tensor blk.42.attn_gate.input_scale
create_tensor: loading tensor blk.42.ffn_gate_exps.input_scale
create_tensor: loading tensor blk.42.ffn_down_exps.input_scale
create_tensor: loading tensor blk.42.ffn_up_exps.input_scale
create_tensor: loading tensor blk.42.ffn_gate_shexp.input_scale
create_tensor: loading tensor blk.42.ffn_down_shexp.input_scale
create_tensor: loading tensor blk.42.ffn_up_shexp.input_scale
create_tensor: loading tensor blk.42.ssm_out.input_scale
create_tensor: loading tensor blk.42.ssm_alpha.input_scale
create_tensor: loading tensor blk.42.ssm_beta.input_scale
create_tensor: loading tensor blk.43.attn_q.scale
create_tensor: loading tensor blk.43.attn_k.scale
create_tensor: loading tensor blk.43.attn_v.scale
create_tensor: loading tensor blk.43.attn_output.scale
create_tensor: loading tensor blk.43.ffn_gate_shexp.scale
create_tensor: loading tensor blk.43.ffn_down_shexp.scale
create_tensor: loading tensor blk.43.ffn_up_shexp.scale
create_tensor: loading tensor blk.43.ffn_gate_exps.scale
create_tensor: loading tensor blk.43.ffn_down_exps.scale
create_tensor: loading tensor blk.43.ffn_up_exps.scale
create_tensor: loading tensor blk.43.attn_q.input_scale
create_tensor: loading tensor blk.43.attn_k.input_scale
create_tensor: loading tensor blk.43.attn_v.input_scale
create_tensor: loading tensor blk.43.attn_output.input_scale
create_tensor: loading tensor blk.43.ffn_gate_exps.input_scale
create_tensor: loading tensor blk.43.ffn_down_exps.input_scale
create_tensor: loading tensor blk.43.ffn_up_exps.input_scale
create_tensor: loading tensor blk.43.ffn_gate_shexp.input_scale
create_tensor: loading tensor blk.43.ffn_down_shexp.input_scale
create_tensor: loading tensor blk.43.ffn_up_shexp.input_scale
create_tensor: loading tensor blk.44.attn_qkv.scale
create_tensor: loading tensor blk.44.attn_gate.scale
create_tensor: loading tensor blk.44.ffn_gate_shexp.scale
create_tensor: loading tensor blk.44.ffn_down_shexp.scale
create_tensor: loading tensor blk.44.ffn_up_shexp.scale
create_tensor: loading tensor blk.44.ffn_gate_exps.scale
create_tensor: loading tensor blk.44.ffn_down_exps.scale
create_tensor: loading tensor blk.44.ffn_up_exps.scale
create_tensor: loading tensor blk.44.ssm_out.scale
create_tensor: loading tensor blk.44.ssm_alpha.scale
create_tensor: loading tensor blk.44.ssm_beta.scale
create_tensor: loading tensor blk.44.attn_qkv.input_scale
create_tensor: loading tensor blk.44.attn_gate.input_scale
create_tensor: loading tensor blk.44.ffn_gate_exps.input_scale
create_tensor: loading tensor blk.44.ffn_down_exps.input_scale
create_tensor: loading tensor blk.44.ffn_up_exps.input_scale
create_tensor: loading tensor blk.44.ffn_gate_shexp.input_scale
create_tensor: loading tensor blk.44.ffn_down_shexp.input_scale
create_tensor: loading tensor blk.44.ffn_up_shexp.input_scale
create_tensor: loading tensor blk.44.ssm_out.input_scale
create_tensor: loading tensor blk.44.ssm_alpha.input_scale
create_tensor: loading tensor blk.44.ssm_beta.input_scale
create_tensor: loading tensor blk.45.attn_qkv.scale
create_tensor: loading tensor blk.45.attn_gate.scale
create_tensor: loading tensor blk.45.ffn_gate_shexp.scale
create_tensor: loading tensor blk.45.ffn_down_shexp.scale
create_tensor: loading tensor blk.45.ffn_up_shexp.scale
create_tensor: loading tensor blk.45.ffn_gate_exps.scale
create_tensor: loading tensor blk.45.ffn_down_exps.scale
create_tensor: loading tensor blk.45.ffn_up_exps.scale
create_tensor: loading tensor blk.45.ssm_out.scale
create_tensor: loading tensor blk.45.ssm_alpha.scale
create_tensor: loading tensor blk.45.ssm_beta.scale
create_tensor: loading tensor blk.45.attn_qkv.input_scale
create_tensor: loading tensor blk.45.attn_gate.input_scale
create_tensor: loading tensor blk.45.ffn_gate_exps.input_scale
create_tensor: loading tensor blk.45.ffn_down_exps.input_scale
create_tensor: loading tensor blk.45.ffn_up_exps.input_scale
create_tensor: loading tensor blk.45.ffn_gate_shexp.input_scale
create_tensor: loading tensor blk.45.ffn_down_shexp.input_scale
create_tensor: loading tensor blk.45.ffn_up_shexp.input_scale
create_tensor: loading tensor blk.45.ssm_out.input_scale
create_tensor: loading tensor blk.45.ssm_alpha.input_scale
create_tensor: loading tensor blk.45.ssm_beta.input_scale
create_tensor: loading tensor blk.46.attn_qkv.scale
create_tensor: loading tensor blk.46.attn_gate.scale
create_tensor: loading tensor blk.46.ffn_gate_shexp.scale
create_tensor: loading tensor blk.46.ffn_down_shexp.scale
create_tensor: loading tensor blk.46.ffn_up_shexp.scale
create_tensor: loading tensor blk.46.ffn_gate_exps.scale
create_tensor: loading tensor blk.46.ffn_down_exps.scale
create_tensor: loading tensor blk.46.ffn_up_exps.scale
create_tensor: loading tensor blk.46.ssm_out.scale
create_tensor: loading tensor blk.46.ssm_alpha.scale
create_tensor: loading tensor blk.46.ssm_beta.scale
create_tensor: loading tensor blk.46.attn_qkv.input_scale
create_tensor: loading tensor blk.46.attn_gate.input_scale
create_tensor: loading tensor blk.46.ffn_gate_exps.input_scale
create_tensor: loading tensor blk.46.ffn_down_exps.input_scale
create_tensor: loading tensor blk.46.ffn_up_exps.input_scale
create_tensor: loading tensor blk.46.ffn_gate_shexp.input_scale
create_tensor: loading tensor blk.46.ffn_down_shexp.input_scale
create_tensor: loading tensor blk.46.ffn_up_shexp.input_scale
create_tensor: loading tensor blk.46.ssm_out.input_scale
create_tensor: loading tensor blk.46.ssm_alpha.input_scale
create_tensor: loading tensor blk.46.ssm_beta.input_scale
create_tensor: loading tensor blk.47.attn_q.scale
create_tensor: loading tensor blk.47.attn_k.scale
create_tensor: loading tensor blk.47.attn_v.scale
create_tensor: loading tensor blk.47.attn_output.scale
create_tensor: loading tensor blk.47.ffn_gate_shexp.scale
create_tensor: loading tensor blk.47.ffn_down_shexp.scale
create_tensor: loading tensor blk.47.ffn_up_shexp.scale
create_tensor: loading tensor blk.47.ffn_gate_exps.scale
create_tensor: loading tensor blk.47.ffn_down_exps.scale
create_tensor: loading tensor blk.47.ffn_up_exps.scale
create_tensor: loading tensor blk.47.attn_q.input_scale
create_tensor: loading tensor blk.47.attn_k.input_scale
create_tensor: loading tensor blk.47.attn_v.input_scale
create_tensor: loading tensor blk.47.attn_output.input_scale
create_tensor: loading tensor blk.47.ffn_gate_exps.input_scale
create_tensor: loading tensor blk.47.ffn_down_exps.input_scale
create_tensor: loading tensor blk.47.ffn_up_exps.input_scale
create_tensor: loading tensor blk.47.ffn_gate_shexp.input_scale
create_tensor: loading tensor blk.47.ffn_down_shexp.input_scale
create_tensor: loading tensor blk.47.ffn_up_shexp.input_scale
hybrid expert prefill staging: 6 window tensor(s), slots=512, 2837.50 MiB of shared VRAM windows
done_getting_tensors: tensor 'token_embd.weight' (q8_0) (and 145 others) cannot be used with preferred buffer type CUDA_Host, using CPU instead
load_tensors: offloading output layer to GPU
load_tensors: offloading 47 repeating layers to GPU
load_tensors: offloaded 49/49 layers to GPU
load_tensors:   CPU_Mapped model buffer size = 47015.89 MiB
load_tensors:   CPU_Mapped model buffer size = 41787.15 MiB
load_tensors:        CUDA0 model buffer size =  7297.40 MiB
......................................................................
load_tensors: cudaHostRegister model mmap: 0.00 GiB registered, 87.25 GiB not registered
llama_context: constructing llama_context
llama_context: n_seq_max             = 1
llama_context: n_ctx                 = 17408
llama_context: n_ctx_seq             = 17408
llama_context: n_batch               = 6144
llama_context: n_ubatch              = 6144
llama_context: causal_attn           = 1
llama_context: flash_attn            = auto
llama_context: kv_unified            = false
llama_context: freq_base             = 10000000.0
llama_context: freq_scale            = 1
llama_context: n_rs_seq              = 0
llama_context: n_outputs_max         = 6144
llama_context: n_outputs_max_per_seq = 1
llama_context: n_ctx_seq (17408) < n_ctx_train (262144) -- the full capacity of the model will not be utilized
set_abort_callback: call
llama_context:  CUDA_Host  output buffer size =     0.95 MiB
llama_kv_cache: layer   0: filtered
llama_kv_cache: layer   1: filtered
llama_kv_cache: layer   2: filtered
llama_kv_cache: layer   3: dev = CUDA0
llama_kv_cache: layer   4: filtered
llama_kv_cache: layer   5: filtered
llama_kv_cache: layer   6: filtered
llama_kv_cache: layer   7: dev = CUDA0
llama_kv_cache: layer   8: filtered
llama_kv_cache: layer   9: filtered
llama_kv_cache: layer  10: filtered
llama_kv_cache: layer  11: dev = CUDA0
llama_kv_cache: layer  12: filtered
llama_kv_cache: layer  13: filtered
llama_kv_cache: layer  14: filtered
llama_kv_cache: layer  15: dev = CUDA0
llama_kv_cache: layer  16: filtered
llama_kv_cache: layer  17: filtered
llama_kv_cache: layer  18: filtered
llama_kv_cache: layer  19: dev = CUDA0
llama_kv_cache: layer  20: filtered
llama_kv_cache: layer  21: filtered
llama_kv_cache: layer  22: filtered
llama_kv_cache: layer  23: dev = CUDA0
llama_kv_cache: layer  24: filtered
llama_kv_cache: layer  25: filtered
llama_kv_cache: layer  26: filtered
llama_kv_cache: layer  27: dev = CUDA0
llama_kv_cache: layer  28: filtered
llama_kv_cache: layer  29: filtered
llama_kv_cache: layer  30: filtered
llama_kv_cache: layer  31: dev = CUDA0
llama_kv_cache: layer  32: filtered
llama_kv_cache: layer  33: filtered
llama_kv_cache: layer  34: filtered
llama_kv_cache: layer  35: dev = CUDA0
llama_kv_cache: layer  36: filtered
llama_kv_cache: layer  37: filtered
llama_kv_cache: layer  38: filtered
llama_kv_cache: layer  39: dev = CUDA0
llama_kv_cache: layer  40: filtered
llama_kv_cache: layer  41: filtered
llama_kv_cache: layer  42: filtered
llama_kv_cache: layer  43: dev = CUDA0
llama_kv_cache: layer  44: filtered
llama_kv_cache: layer  45: filtered
llama_kv_cache: layer  46: filtered
llama_kv_cache: layer  47: dev = CUDA0
llama_kv_cache:      CUDA0 KV buffer size =   408.00 MiB
llama_kv_cache: size =  408.00 MiB ( 17408 cells,  12 layers,  1/1 seqs), K (f16):  204.00 MiB, V (f16):  204.00 MiB
llama_kv_cache: attn_rot_k = 0, n_embd_head_k_all = 256
llama_kv_cache: attn_rot_v = 0, n_embd_head_k_all = 256
llama_memory_recurrent, layer   0: dev = CUDA0
llama_memory_recurrent, layer   1: dev = CUDA0
llama_memory_recurrent, layer   2: dev = CUDA0
llama_memory_recurrent: layer   3: skipped
llama_memory_recurrent, layer   4: dev = CUDA0
llama_memory_recurrent, layer   5: dev = CUDA0
llama_memory_recurrent, layer   6: dev = CUDA0
llama_memory_recurrent: layer   7: skipped
llama_memory_recurrent, layer   8: dev = CUDA0
llama_memory_recurrent, layer   9: dev = CUDA0
llama_memory_recurrent, layer  10: dev = CUDA0
llama_memory_recurrent: layer  11: skipped
llama_memory_recurrent, layer  12: dev = CUDA0
llama_memory_recurrent, layer  13: dev = CUDA0
llama_memory_recurrent, layer  14: dev = CUDA0
llama_memory_recurrent: layer  15: skipped
llama_memory_recurrent, layer  16: dev = CUDA0
llama_memory_recurrent, layer  17: dev = CUDA0
llama_memory_recurrent, layer  18: dev = CUDA0
llama_memory_recurrent: layer  19: skipped
llama_memory_recurrent, layer  20: dev = CUDA0
llama_memory_recurrent, layer  21: dev = CUDA0
llama_memory_recurrent, layer  22: dev = CUDA0
llama_memory_recurrent: layer  23: skipped
llama_memory_recurrent, layer  24: dev = CUDA0
llama_memory_recurrent, layer  25: dev = CUDA0
llama_memory_recurrent, layer  26: dev = CUDA0
llama_memory_recurrent: layer  27: skipped
llama_memory_recurrent, layer  28: dev = CUDA0
llama_memory_recurrent, layer  29: dev = CUDA0
llama_memory_recurrent, layer  30: dev = CUDA0
llama_memory_recurrent: layer  31: skipped
llama_memory_recurrent, layer  32: dev = CUDA0
llama_memory_recurrent, layer  33: dev = CUDA0
llama_memory_recurrent, layer  34: dev = CUDA0
llama_memory_recurrent: layer  35: skipped
llama_memory_recurrent, layer  36: dev = CUDA0
llama_memory_recurrent, layer  37: dev = CUDA0
llama_memory_recurrent, layer  38: dev = CUDA0
llama_memory_recurrent: layer  39: skipped
llama_memory_recurrent, layer  40: dev = CUDA0
llama_memory_recurrent, layer  41: dev = CUDA0
llama_memory_recurrent, layer  42: dev = CUDA0
llama_memory_recurrent: layer  43: skipped
llama_memory_recurrent, layer  44: dev = CUDA0
llama_memory_recurrent, layer  45: dev = CUDA0
llama_memory_recurrent, layer  46: dev = CUDA0
llama_memory_recurrent: layer  47: skipped
llama_memory_recurrent:      CUDA0 RS buffer size =   112.57 MiB
llama_memory_recurrent: size =  112.57 MiB (     1 cells,  48 layers,  1 seqs  0 rs_seq), R (f32):    4.22 MiB, S (f32):  108.00 MiB, P (f32):    0.35 MiB
operator (): creating indexer KV cache, size = 17408 cells
llama_kv_cache: layer   0: filtered
llama_kv_cache: layer   1: filtered
llama_kv_cache: layer   2: filtered
llama_kv_cache: layer   3: dev = CUDA0
llama_kv_cache: layer   4: filtered
llama_kv_cache: layer   5: filtered
llama_kv_cache: layer   6: filtered
llama_kv_cache: layer   7: dev = CUDA0
llama_kv_cache: layer   8: filtered
llama_kv_cache: layer   9: filtered
llama_kv_cache: layer  10: filtered
llama_kv_cache: layer  11: dev = CUDA0
llama_kv_cache: layer  12: filtered
llama_kv_cache: layer  13: filtered
llama_kv_cache: layer  14: filtered
llama_kv_cache: layer  15: dev = CUDA0
llama_kv_cache: layer  16: filtered
llama_kv_cache: layer  17: filtered
llama_kv_cache: layer  18: filtered
llama_kv_cache: layer  19: dev = CUDA0
llama_kv_cache: layer  20: filtered
llama_kv_cache: layer  21: filtered
llama_kv_cache: layer  22: filtered
llama_kv_cache: layer  23: dev = CUDA0
llama_kv_cache: layer  24: filtered
llama_kv_cache: layer  25: filtered
llama_kv_cache: layer  26: filtered
llama_kv_cache: layer  27: dev = CUDA0
llama_kv_cache: layer  28: filtered
llama_kv_cache: layer  29: filtered
llama_kv_cache: layer  30: filtered
llama_kv_cache: layer  31: dev = CUDA0
llama_kv_cache: layer  32: filtered
llama_kv_cache: layer  33: filtered
llama_kv_cache: layer  34: filtered
llama_kv_cache: layer  35: dev = CUDA0
llama_kv_cache: layer  36: filtered
llama_kv_cache: layer  37: filtered
llama_kv_cache: layer  38: filtered
llama_kv_cache: layer  39: dev = CUDA0
llama_kv_cache: layer  40: filtered
llama_kv_cache: layer  41: filtered
llama_kv_cache: layer  42: filtered
llama_kv_cache: layer  43: dev = CUDA0
llama_kv_cache: layer  44: filtered
llama_kv_cache: layer  45: filtered
llama_kv_cache: layer  46: filtered
llama_kv_cache: layer  47: dev = CUDA0
llama_kv_cache:      CUDA0 KV buffer size =   153.00 MiB
llama_kv_cache: size =  153.00 MiB ( 17408 cells,  12 layers,  1/1 seqs), K (f16):   51.00 MiB, V (f16):  102.00 MiB
llama_kv_cache: attn_rot_k = 0, n_embd_head_k_all = 128
llama_kv_cache: attn_rot_v = 0, n_embd_head_k_all = 256
llama_context: enumerating backends
llama_context: backend_ptrs.size() = 2
sched_reserve: reserving ...
sched_reserve: max_nodes = 245760
sched_reserve: reserving full memory module
sched_reserve: worst-case: n_tokens = 6144, n_seqs = 1, n_outputs = 1
graph_reserve: reserving a graph for ubatch with n_tokens =    1, n_seqs =  1, n_outputs =    1
resolve_fused_ops: Flash Attention enabled
resolve_fused_ops: resolving fused Gated Delta Net support:
graph_reserve: reserving a graph for ubatch with n_tokens =    1, n_seqs =  1, n_outputs =    1
resolve_fused_ops: fused Gated Delta Net (autoregressive) enabled
graph_reserve: reserving a graph for ubatch with n_tokens =   16, n_seqs =  1, n_outputs =   16
resolve_fused_ops: fused Gated Delta Net (chunked) enabled
resolve_fused_ops: resolving fused Lightning Indexer support:
graph_reserve: reserving a graph for ubatch with n_tokens =    1, n_seqs =  1, n_outputs =    1
resolve_fused_ops: Lightning Indexer enabled
resolve_fused_ops: resolving fused DeepSeek V4 HC support:
graph_reserve: reserving a graph for ubatch with n_tokens =    1, n_seqs =  1, n_outputs =    1
resolve_fused_ops: fused DeepSeek V4 HC pre enabled
graph_reserve: reserving a graph for ubatch with n_tokens =    1, n_seqs =  1, n_outputs =    1
resolve_fused_ops: fused DeepSeek V4 HC comb enabled
graph_reserve: reserving a graph for ubatch with n_tokens =    1, n_seqs =  1, n_outputs =    1
resolve_fused_ops: fused DeepSeek V4 HC post enabled
graph_reserve: reserving a graph for ubatch with n_tokens = 6144, n_seqs =  1, n_outputs = 6144
graph_reserve: reserving a graph for ubatch with n_tokens =    1, n_seqs =  1, n_outputs =    1
graph_reserve: reserving a graph for ubatch with n_tokens = 6144, n_seqs =  1, n_outputs = 6144
sched_reserve:      CUDA0 compute buffer size =  6120.00 MiB
sched_reserve:  CUDA_Host compute buffer size =   426.86 MiB
sched_reserve: graph nodes  = 8094 (with bs=6144), 8574 (with bs=1)
sched_reserve: graph splits = 4 (with bs=6144), 100 (with bs=1)
sched_reserve: reserve took 116.58 ms, sched copies = 1
set_n_threads: n_threads = 24, n_threads_batch = 24
prefill staging: 2837.50 MiB pinned host arena
prefill staging: layer=0 ne0=10 ne1=6144 unique=375 runs=107 blocks=5 bytes=833.1 MiB pipe_us=128846 (pack_to_last_block_us=125661) barrier_us=531637
MMQ_DIAG call#0 type=iq3_s buft=CUDA0 vram=1 staging_env=0 staged_ops=0 host_ops=0 vram_ops=0
MMQ_DIAG call#1 type=iq3_s buft=CUDA0 vram=1 staging_env=0 staged_ops=0 host_ops=0 vram_ops=1
MMQ_DIAG call#2 type=iq4_nl buft=CUDA0 vram=1 staging_env=0 staged_ops=0 host_ops=0 vram_ops=2
prefill staging: layer=1 ne0=10 ne1=6144 unique=331 runs=121 blocks=4 bytes=735.4 MiB pipe_us=75278 (pack_to_last_block_us=67959) barrier_us=76810
MMQ_DIAG call#3 type=iq3_s buft=CUDA0 vram=1 staging_env=0 staged_ops=0 host_ops=0 vram_ops=3
prefill staging: layer=2 ne0=10 ne1=6144 unique=326 runs=113 blocks=6 bytes=1082.4 MiB pipe_us=103832 (pack_to_last_block_us=96271) barrier_us=104463
prefill staging: layer=3 ne0=10 ne1=6144 unique=228 runs=126 blocks=3 bytes=506.5 MiB pipe_us=52717 (pack_to_last_block_us=47100) barrier_us=53548
prefill staging: layer=4 ne0=10 ne1=6144 unique=265 runs=127 blocks=5 bytes=795.8 MiB pipe_us=77609 (pack_to_last_block_us=75516) barrier_us=78366
prefill staging: layer=5 ne0=10 ne1=6144 unique=315 runs=129 blocks=4 bytes=699.8 MiB pipe_us=66946 (pack_to_last_block_us=61196) barrier_us=67708
prefill staging: layer=6 ne0=10 ne1=6144 unique=330 runs=123 blocks=4 bytes=733.2 MiB pipe_us=71697 (pack_to_last_block_us=64495) barrier_us=72430
prefill staging: layer=7 ne0=10 ne1=6144 unique=346 runs=112 blocks=5 bytes=768.7 MiB pipe_us=70264 (pack_to_last_block_us=70005) barrier_us=71316
prefill staging: layer=8 ne0=10 ne1=6144 unique=279 runs=117 blocks=4 bytes=619.8 MiB pipe_us=58401 (pack_to_last_block_us=56286) barrier_us=59316
prefill staging: layer=9 ne0=10 ne1=6144 unique=314 runs=125 blocks=4 bytes=697.6 MiB pipe_us=66321 (pack_to_last_block_us=60769) barrier_us=67280
prefill staging: layer=10 ne0=10 ne1=6144 unique=345 runs=112 blocks=5 bytes=766.5 MiB pipe_us=70850 (pack_to_last_block_us=70706) barrier_us=71846
prefill staging: layer=11 ne0=10 ne1=6144 unique=333 runs=112 blocks=4 bytes=739.8 MiB pipe_us=71623 (pack_to_last_block_us=64170) barrier_us=72698
prefill staging: layer=12 ne0=10 ne1=6144 unique=352 runs=113 blocks=5 bytes=782.0 MiB pipe_us=70004 (pack_to_last_block_us=69179) barrier_us=70960
prefill staging: layer=13 ne0=10 ne1=6144 unique=330 runs=117 blocks=4 bytes=733.2 MiB pipe_us=67792 (pack_to_last_block_us=60647) barrier_us=68815
prefill staging: layer=14 ne0=10 ne1=6144 unique=359 runs=115 blocks=5 bytes=797.6 MiB pipe_us=71381 (pack_to_last_block_us=69864) barrier_us=72476
prefill staging: layer=15 ne0=10 ne1=6144 unique=361 runs=102 blocks=5 bytes=802.0 MiB pipe_us=71233 (pack_to_last_block_us=69508) barrier_us=72487
prefill staging: layer=16 ne0=10 ne1=6144 unique=393 runs=95 blocks=5 bytes=873.1 MiB pipe_us=82522 (pack_to_last_block_us=77586) barrier_us=83800
prefill staging: layer=17 ne0=10 ne1=6144 unique=437 runs=64 blocks=6 bytes=970.9 MiB pipe_us=106260 (pack_to_last_block_us=105390) barrier_us=108336
prefill staging: layer=18 ne0=10 ne1=6144 unique=438 runs=65 blocks=6 bytes=973.1 MiB pipe_us=89311 (pack_to_last_block_us=88467) barrier_us=90432
prefill staging: layer=19 ne0=10 ne1=6144 unique=448 runs=58 blocks=6 bytes=995.3 MiB pipe_us=89447 (pack_to_last_block_us=87604) barrier_us=91118
prefill staging: layer=20 ne0=10 ne1=6144 unique=462 runs=48 blocks=6 bytes=1026.4 MiB pipe_us=111379 (pack_to_last_block_us=108156) barrier_us=112727
prefill staging: layer=21 ne0=10 ne1=6144 unique=446 runs=59 blocks=6 bytes=990.9 MiB pipe_us=92841 (pack_to_last_block_us=91221) barrier_us=94082
prefill staging: layer=22 ne0=10 ne1=6144 unique=436 runs=69 blocks=6 bytes=968.7 MiB pipe_us=92576 (pack_to_last_block_us=91934) barrier_us=93771
prefill staging: layer=23 ne0=10 ne1=6144 unique=461 runs=47 blocks=6 bytes=1024.2 MiB pipe_us=106052 (pack_to_last_block_us=102947) barrier_us=107426
prefill staging: layer=24 ne0=10 ne1=6144 unique=451 runs=51 blocks=6 bytes=1002.0 MiB pipe_us=104108 (pack_to_last_block_us=101968) barrier_us=105449
prefill staging: layer=25 ne0=10 ne1=6144 unique=485 runs=25 blocks=6 bytes=1077.5 MiB pipe_us=122080 (pack_to_last_block_us=116560) barrier_us=124324
prefill staging: layer=26 ne0=10 ne1=6144 unique=489 runs=23 blocks=6 bytes=1086.4 MiB pipe_us=124922 (pack_to_last_block_us=119038) barrier_us=126443
prefill staging: layer=27 ne0=10 ne1=6144 unique=484 runs=28 blocks=6 bytes=1075.3 MiB pipe_us=117326 (pack_to_last_block_us=111944) barrier_us=118708
prefill staging: layer=28 ne0=10 ne1=6144 unique=472 runs=36 blocks=6 bytes=1048.6 MiB pipe_us=105072 (pack_to_last_block_us=100882) barrier_us=106522
prefill staging: layer=29 ne0=10 ne1=6144 unique=491 runs=22 blocks=6 bytes=1090.8 MiB pipe_us=134338 (pack_to_last_block_us=128289) barrier_us=136285
prefill staging: layer=30 ne0=10 ne1=6144 unique=495 runs=18 blocks=8 bytes=1486.5 MiB pipe_us=165749 (pack_to_last_block_us=157559) barrier_us=167285
prefill staging: layer=31 ne0=10 ne1=6144 unique=497 runs=16 blocks=6 bytes=1104.2 MiB pipe_us=127690 (pack_to_last_block_us=121048) barrier_us=130001
prefill staging: layer=32 ne0=10 ne1=6144 unique=483 runs=29 blocks=6 bytes=1073.1 MiB pipe_us=101602 (pack_to_last_block_us=96344) barrier_us=103834
prefill staging: layer=33 ne0=10 ne1=6144 unique=495 runs=18 blocks=6 bytes=1099.7 MiB pipe_us=138676 (pack_to_last_block_us=132211) barrier_us=140110
prefill staging: layer=34 ne0=10 ne1=6144 unique=482 runs=28 blocks=6 bytes=1070.8 MiB pipe_us=126580 (pack_to_last_block_us=121406) barrier_us=127954
prefill staging: layer=35 ne0=10 ne1=6144 unique=478 runs=34 blocks=6 bytes=1062.0 MiB pipe_us=107754 (pack_to_last_block_us=102962) barrier_us=109156
prefill staging: layer=36 ne0=10 ne1=6144 unique=472 runs=39 blocks=6 bytes=1048.6 MiB pipe_us=119183 (pack_to_last_block_us=114995) barrier_us=121089
prefill staging: layer=37 ne0=10 ne1=6144 unique=474 runs=37 blocks=6 bytes=1053.1 MiB pipe_us=116911 (pack_to_last_block_us=112511) barrier_us=118206
prefill staging: layer=38 ne0=10 ne1=6144 unique=465 runs=42 blocks=6 bytes=1033.1 MiB pipe_us=99869 (pack_to_last_block_us=96379) barrier_us=101137
prefill staging: layer=39 ne0=10 ne1=6144 unique=469 runs=44 blocks=6 bytes=1042.0 MiB pipe_us=125843 (pack_to_last_block_us=121932) barrier_us=127159
prefill staging: layer=40 ne0=10 ne1=6144 unique=481 runs=29 blocks=6 bytes=1068.6 MiB pipe_us=115963 (pack_to_last_block_us=110874) barrier_us=117367
prefill staging: layer=41 ne0=10 ne1=6144 unique=484 runs=26 blocks=6 bytes=1075.3 MiB pipe_us=115783 (pack_to_last_block_us=110404) barrier_us=117124
prefill staging: layer=42 ne0=10 ne1=6144 unique=467 runs=42 blocks=6 bytes=1037.5 MiB pipe_us=119946 (pack_to_last_block_us=116248) barrier_us=121273
prefill staging: layer=43 ne0=10 ne1=6144 unique=481 runs=30 blocks=6 bytes=1068.6 MiB pipe_us=110846 (pack_to_last_block_us=105703) barrier_us=112269
prefill staging: layer=44 ne0=10 ne1=6144 unique=454 runs=52 blocks=6 bytes=1008.6 MiB pipe_us=88511 (pack_to_last_block_us=86113) barrier_us=89709
prefill staging: layer=45 ne0=10 ne1=6144 unique=448 runs=55 blocks=6 bytes=995.3 MiB pipe_us=105812 (pack_to_last_block_us=103942) barrier_us=106961
prefill staging: layer=46 ne0=10 ne1=6144 unique=414 runs=77 blocks=7 bytes=1243.2 MiB pipe_us=120954 (pack_to_last_block_us=115510) barrier_us=122028
MMQ_DIAG call#140 type=q8_0 buft=CUDA0 vram=1 staging_env=0 staged_ops=0 host_ops=0 vram_ops=140
prefill staging: layer=47 ne0=10 ne1=1 unique=10 runs=9 blocks=1 bytes=30.0 MiB pipe_us=4949 (pack_to_last_block_us=3310) barrier_us=5119
prefill staging: layer=0 ne0=10 ne1=6144 unique=212 runs=115 blocks=3 bytes=471.0 MiB pipe_us=42217 (pack_to_last_block_us=38235) barrier_us=42798
prefill staging: layer=1 ne0=10 ne1=6144 unique=162 runs=109 blocks=2 bytes=359.9 MiB pipe_us=31544 (pack_to_last_block_us=24016) barrier_us=32557
prefill staging: layer=2 ne0=10 ne1=6144 unique=169 runs=114 blocks=3 bytes=561.1 MiB pipe_us=49861 (pack_to_last_block_us=40630) barrier_us=50614
prefill staging: layer=3 ne0=10 ne1=6144 unique=107 runs=87 blocks=2 bytes=237.7 MiB pipe_us=22155 (pack_to_last_block_us=20055) barrier_us=22815
prefill staging: layer=4 ne0=10 ne1=6144 unique=126 runs=94 blocks=2 bytes=378.4 MiB pipe_us=34161 (pack_to_last_block_us=24711) barrier_us=34781
prefill staging: layer=5 ne0=10 ne1=6144 unique=155 runs=108 blocks=2 bytes=344.4 MiB pipe_us=30471 (pack_to_last_block_us=23635) barrier_us=31107
prefill staging: layer=6 ne0=10 ne1=6144 unique=161 runs=115 blocks=2 bytes=357.7 MiB pipe_us=32037 (pack_to_last_block_us=24582) barrier_us=32632
prefill staging: layer=7 ne0=10 ne1=6144 unique=178 runs=115 blocks=3 bytes=395.5 MiB pipe_us=34611 (pack_to_last_block_us=33973) barrier_us=35366
prefill staging: layer=8 ne0=10 ne1=6144 unique=151 runs=103 blocks=2 bytes=335.5 MiB pipe_us=31780 (pack_to_last_block_us=25307) barrier_us=32742
prefill staging: layer=9 ne0=10 ne1=6144 unique=189 runs=118 blocks=3 bytes=419.9 MiB pipe_us=35626 (pack_to_last_block_us=33905) barrier_us=36515
prefill staging: layer=10 ne0=10 ne1=6144 unique=244 runs=122 blocks=3 bytes=542.1 MiB pipe_us=45937 (pack_to_last_block_us=38812) barrier_us=47185
prefill staging: layer=11 ne0=10 ne1=6144 unique=242 runs=132 blocks=3 bytes=537.6 MiB pipe_us=45230 (pack_to_last_block_us=38287) barrier_us=46145
prefill staging: layer=12 ne0=10 ne1=6144 unique=232 runs=134 blocks=3 bytes=515.4 MiB pipe_us=42810 (pack_to_last_block_us=36859) barrier_us=44103
prefill staging: layer=13 ne0=10 ne1=6144 unique=211 runs=124 blocks=3 bytes=468.8 MiB pipe_us=39894 (pack_to_last_block_us=35956) barrier_us=40779
prefill staging: layer=14 ne0=10 ne1=6144 unique=276 runs=137 blocks=4 bytes=613.2 MiB pipe_us=50241 (pack_to_last_block_us=48426) barrier_us=51671
prefill staging: layer=15 ne0=10 ne1=6144 unique=325 runs=122 blocks=4 bytes=722.0 MiB pipe_us=60927 (pack_to_last_block_us=54260) barrier_us=62019
prefill staging: layer=16 ne0=10 ne1=6144 unique=357 runs=102 blocks=5 bytes=793.1 MiB pipe_us=64716 (pack_to_last_block_us=63376) barrier_us=66081
prefill staging: layer=17 ne0=10 ne1=6144 unique=387 runs=99 blocks=5 bytes=859.8 MiB pipe_us=70451 (pack_to_last_block_us=66183) barrier_us=71693
prefill staging: layer=18 ne0=10 ne1=6144 unique=339 runs=107 blocks=4 bytes=753.1 MiB pipe_us=62491 (pack_to_last_block_us=54462) barrier_us=63698
prefill staging: layer=19 ne0=10 ne1=6144 unique=399 runs=86 blocks=5 bytes=886.5 MiB pipe_us=72649 (pack_to_last_block_us=67162) barrier_us=73860
prefill staging: layer=20 ne0=10 ne1=6144 unique=411 runs=86 blocks=5 bytes=913.1 MiB pipe_us=75544 (pack_to_last_block_us=68925) barrier_us=77015
prefill staging: layer=21 ne0=10 ne1=6144 unique=383 runs=101 blocks=5 bytes=850.9 MiB pipe_us=69577 (pack_to_last_block_us=65706) barrier_us=70830
prefill staging: layer=22 ne0=10 ne1=6144 unique=374 runs=101 blocks=5 bytes=830.9 MiB pipe_us=70774 (pack_to_last_block_us=67772) barrier_us=71923
prefill staging: layer=23 ne0=10 ne1=6144 unique=425 runs=74 blocks=5 bytes=944.2 MiB pipe_us=78288 (pack_to_last_block_us=70242) barrier_us=79834
prefill staging: layer=24 ne0=10 ne1=6144 unique=410 runs=80 blocks=5 bytes=910.9 MiB pipe_us=74560 (pack_to_last_block_us=68010) barrier_us=75815
prefill staging: layer=25 ne0=10 ne1=6144 unique=454 runs=50 blocks=6 bytes=1008.6 MiB pipe_us=81881 (pack_to_last_block_us=79465) barrier_us=83177
prefill staging: layer=26 ne0=10 ne1=6144 unique=439 runs=57 blocks=6 bytes=975.3 MiB pipe_us=78619 (pack_to_last_block_us=77690) barrier_us=80097
prefill staging: layer=27 ne0=10 ne1=6144 unique=470 runs=36 blocks=6 bytes=1044.2 MiB pipe_us=85864 (pack_to_last_block_us=81880) barrier_us=87223
prefill staging: layer=28 ne0=10 ne1=6144 unique=457 runs=48 blocks=6 bytes=1015.3 MiB pipe_us=83888 (pack_to_last_block_us=81186) barrier_us=85242
prefill staging: layer=29 ne0=10 ne1=6144 unique=478 runs=33 blocks=6 bytes=1062.0 MiB pipe_us=85961 (pack_to_last_block_us=81196) barrier_us=88096
prefill staging: layer=30 ne0=10 ne1=6144 unique=490 runs=23 blocks=8 bytes=1471.4 MiB pipe_us=130432 (pack_to_last_block_us=122929) barrier_us=131922
prefill staging: layer=31 ne0=10 ne1=6144 unique=471 runs=39 blocks=6 bytes=1046.4 MiB pipe_us=86761 (pack_to_last_block_us=82629) barrier_us=88551
prefill staging: layer=32 ne0=10 ne1=6144 unique=464 runs=43 blocks=6 bytes=1030.9 MiB pipe_us=86313 (pack_to_last_block_us=82879) barrier_us=87667
prefill staging: layer=33 ne0=10 ne1=6144 unique=480 runs=32 blocks=6 bytes=1066.4 MiB pipe_us=88030 (pack_to_last_block_us=83040) barrier_us=89469
prefill staging: layer=34 ne0=10 ne1=6144 unique=471 runs=40 blocks=6 bytes=1046.4 MiB pipe_us=86212 (pack_to_last_block_us=82121) barrier_us=87529
prefill staging: layer=35 ne0=10 ne1=6144 unique=472 runs=37 blocks=6 bytes=1048.6 MiB pipe_us=88820 (pack_to_last_block_us=84606) barrier_us=90848
prefill staging: layer=36 ne0=10 ne1=6144 unique=445 runs=60 blocks=6 bytes=988.6 MiB pipe_us=81299 (pack_to_last_block_us=79694) barrier_us=82535
prefill staging: layer=37 ne0=10 ne1=6144 unique=449 runs=55 blocks=6 bytes=997.5 MiB pipe_us=86271 (pack_to_last_block_us=84340) barrier_us=87482
prefill staging: layer=38 ne0=10 ne1=6144 unique=414 runs=78 blocks=5 bytes=919.8 MiB pipe_us=75700 (pack_to_last_block_us=68752) barrier_us=77082
prefill staging: layer=39 ne0=10 ne1=6144 unique=438 runs=65 blocks=6 bytes=973.1 MiB pipe_us=78565 (pack_to_last_block_us=77736) barrier_us=79767
prefill staging: layer=40 ne0=10 ne1=6144 unique=463 runs=46 blocks=6 bytes=1028.6 MiB pipe_us=84022 (pack_to_last_block_us=80717) barrier_us=86041
prefill staging: layer=41 ne0=10 ne1=6144 unique=470 runs=42 blocks=6 bytes=1044.2 MiB pipe_us=85120 (pack_to_last_block_us=81112) barrier_us=86669
prefill staging: layer=42 ne0=10 ne1=6144 unique=432 runs=66 blocks=6 bytes=959.8 MiB pipe_us=76978 (pack_to_last_block_us=76721) barrier_us=78229
prefill staging: layer=43 ne0=10 ne1=6144 unique=466 runs=44 blocks=6 bytes=1035.3 MiB pipe_us=82734 (pack_to_last_block_us=79121) barrier_us=84177
prefill staging: layer=44 ne0=10 ne1=6144 unique=415 runs=86 blocks=5 bytes=922.0 MiB pipe_us=75015 (pack_to_last_block_us=67985) barrier_us=77173
prefill staging: layer=45 ne0=10 ne1=6144 unique=399 runs=88 blocks=5 bytes=886.5 MiB pipe_us=71930 (pack_to_last_block_us=66416) barrier_us=72940
prefill staging: layer=46 ne0=10 ne1=6144 unique=334 runs=116 blocks=6 bytes=1003.0 MiB pipe_us=87275 (pack_to_last_block_us=84288) barrier_us=88177
MMQ_DIAG call#281 type=q8_0 buft=CUDA0 vram=1 staging_env=0 staged_ops=0 host_ops=0 vram_ops=281
prefill staging: layer=47 ne0=10 ne1=1 unique=10 runs=10 blocks=1 bytes=30.0 MiB pipe_us=4298 (pack_to_last_block_us=2443) barrier_us=4470
ggml_backend_cuda_graph_compute: CUDA graph warmup complete
prefill staging: layer=0 ne0=10 ne1=4075 unique=228 runs=116 blocks=3 bytes=506.5 MiB pipe_us=41332 (pack_to_last_block_us=35728) barrier_us=42043
prefill staging: layer=1 ne0=10 ne1=4075 unique=182 runs=116 blocks=3 bytes=404.3 MiB pipe_us=35111 (pack_to_last_block_us=34078) barrier_us=35548
prefill staging: layer=2 ne0=10 ne1=4075 unique=200 runs=120 blocks=4 bytes=664.1 MiB pipe_us=58086 (pack_to_last_block_us=53034) barrier_us=58578
prefill staging: layer=3 ne0=10 ne1=4075 unique=127 runs=100 blocks=2 bytes=282.2 MiB pipe_us=25504 (pack_to_last_block_us=21384) barrier_us=26139
prefill staging: layer=4 ne0=10 ne1=4075 unique=165 runs=114 blocks=3 bytes=495.5 MiB pipe_us=45005 (pack_to_last_block_us=39107) barrier_us=45439
prefill staging: layer=5 ne0=10 ne1=4075 unique=193 runs=125 blocks=3 bytes=428.8 MiB pipe_us=37230 (pack_to_last_block_us=35126) barrier_us=38020
prefill staging: layer=6 ne0=10 ne1=4075 unique=194 runs=118 blocks=3 bytes=431.0 MiB pipe_us=37818 (pack_to_last_block_us=35572) barrier_us=38269
prefill staging: layer=7 ne0=10 ne1=4075 unique=219 runs=123 blocks=3 bytes=486.5 MiB pipe_us=42365 (pack_to_last_block_us=37702) barrier_us=43118
prefill staging: layer=8 ne0=10 ne1=4075 unique=169 runs=101 blocks=2 bytes=375.5 MiB pipe_us=32322 (pack_to_last_block_us=24100) barrier_us=32906
prefill staging: layer=9 ne0=10 ne1=4075 unique=224 runs=120 blocks=3 bytes=497.7 MiB pipe_us=43477 (pack_to_last_block_us=38243) barrier_us=44213
prefill staging: layer=10 ne0=10 ne1=4075 unique=252 runs=125 blocks=3 bytes=559.9 MiB pipe_us=47899 (pack_to_last_block_us=39970) barrier_us=48939
prefill staging: layer=11 ne0=10 ne1=4075 unique=262 runs=137 blocks=4 bytes=582.1 MiB pipe_us=49103 (pack_to_last_block_us=48668) barrier_us=49759
prefill staging: layer=12 ne0=10 ne1=4075 unique=252 runs=133 blocks=3 bytes=559.9 MiB pipe_us=48596 (pack_to_last_block_us=40692) barrier_us=49552
prefill staging: layer=13 ne0=10 ne1=4075 unique=235 runs=133 blocks=3 bytes=522.1 MiB pipe_us=44900 (pack_to_last_block_us=38642) barrier_us=45827
prefill staging: layer=14 ne0=10 ne1=4075 unique=301 runs=130 blocks=4 bytes=668.7 MiB pipe_us=55657 (pack_to_last_block_us=51349) barrier_us=56383
prefill staging: layer=15 ne0=10 ne1=4075 unique=319 runs=118 blocks=4 bytes=708.7 MiB pipe_us=59170 (pack_to_last_block_us=53135) barrier_us=59937
prefill staging: layer=16 ne0=10 ne1=4075 unique=374 runs=101 blocks=5 bytes=830.9 MiB pipe_us=69274 (pack_to_last_block_us=66282) barrier_us=70113
prefill staging: layer=17 ne0=10 ne1=4075 unique=386 runs=97 blocks=5 bytes=857.6 MiB pipe_us=73523 (pack_to_last_block_us=69354) barrier_us=74349
prefill staging: layer=18 ne0=10 ne1=4075 unique=348 runs=112 blocks=5 bytes=773.1 MiB pipe_us=66495 (pack_to_last_block_us=66043) barrier_us=67251
prefill staging: layer=19 ne0=10 ne1=4075 unique=384 runs=94 blocks=5 bytes=853.1 MiB pipe_us=71556 (pack_to_last_block_us=67584) barrier_us=72404
prefill staging: layer=20 ne0=10 ne1=4075 unique=412 runs=83 blocks=5 bytes=915.3 MiB pipe_us=75246 (pack_to_last_block_us=68497) barrier_us=76137
prefill staging: layer=21 ne0=10 ne1=4075 unique=357 runs=114 blocks=5 bytes=793.1 MiB pipe_us=65246 (pack_to_last_block_us=63926) barrier_us=66218
prefill staging: layer=22 ne0=10 ne1=4075 unique=359 runs=109 blocks=5 bytes=797.6 MiB pipe_us=64411 (pack_to_last_block_us=62831) barrier_us=65172
prefill staging: layer=23 ne0=10 ne1=4075 unique=403 runs=86 blocks=5 bytes=895.3 MiB pipe_us=76593 (pack_to_last_block_us=70724) barrier_us=77433
prefill staging: layer=24 ne0=10 ne1=4075 unique=393 runs=84 blocks=5 bytes=873.1 MiB pipe_us=73407 (pack_to_last_block_us=68499) barrier_us=74249
prefill staging: layer=25 ne0=10 ne1=4075 unique=425 runs=73 blocks=5 bytes=944.2 MiB pipe_us=79723 (pack_to_last_block_us=71726) barrier_us=80662
prefill staging: layer=26 ne0=10 ne1=4075 unique=422 runs=66 blocks=5 bytes=937.5 MiB pipe_us=76600 (pack_to_last_block_us=68892) barrier_us=77522
prefill staging: layer=27 ne0=10 ne1=4075 unique=450 runs=56 blocks=6 bytes=999.8 MiB pipe_us=82590 (pack_to_last_block_us=80568) barrier_us=83508
prefill staging: layer=28 ne0=10 ne1=4075 unique=453 runs=51 blocks=6 bytes=1006.4 MiB pipe_us=85187 (pack_to_last_block_us=82849) barrier_us=86426
prefill staging: layer=29 ne0=10 ne1=4075 unique=474 runs=35 blocks=6 bytes=1053.1 MiB pipe_us=85687 (pack_to_last_block_us=81314) barrier_us=86740
prefill staging: layer=30 ne0=10 ne1=4075 unique=488 runs=24 blocks=8 bytes=1465.4 MiB pipe_us=130199 (pack_to_last_block_us=122961) barrier_us=131199
prefill staging: layer=31 ne0=10 ne1=4075 unique=472 runs=35 blocks=6 bytes=1048.6 MiB pipe_us=87980 (pack_to_last_block_us=83767) barrier_us=89253
prefill staging: layer=32 ne0=10 ne1=4075 unique=468 runs=45 blocks=6 bytes=1039.7 MiB pipe_us=87285 (pack_to_last_block_us=83460) barrier_us=88222
prefill staging: layer=33 ne0=10 ne1=4075 unique=471 runs=37 blocks=6 bytes=1046.4 MiB pipe_us=84654 (pack_to_last_block_us=80541) barrier_us=85734
prefill staging: layer=34 ne0=10 ne1=4075 unique=458 runs=52 blocks=6 bytes=1017.5 MiB pipe_us=82435 (pack_to_last_block_us=79618) barrier_us=83312
prefill staging: layer=35 ne0=10 ne1=4075 unique=455 runs=53 blocks=6 bytes=1010.9 MiB pipe_us=82917 (pack_to_last_block_us=80420) barrier_us=83899
prefill staging: layer=36 ne0=10 ne1=4075 unique=423 runs=71 blocks=5 bytes=939.8 MiB pipe_us=80389 (pack_to_last_block_us=72569) barrier_us=81234
prefill staging: layer=37 ne0=10 ne1=4075 unique=428 runs=74 blocks=5 bytes=950.9 MiB pipe_us=78860 (pack_to_last_block_us=70558) barrier_us=79835
prefill staging: layer=38 ne0=10 ne1=4075 unique=402 runs=79 blocks=5 bytes=893.1 MiB pipe_us=73375 (pack_to_last_block_us=67601) barrier_us=74375
prefill staging: layer=39 ne0=10 ne1=4075 unique=412 runs=82 blocks=5 bytes=915.3 MiB pipe_us=75581 (pack_to_last_block_us=68785) barrier_us=76453
prefill staging: layer=40 ne0=10 ne1=4075 unique=447 runs=54 blocks=6 bytes=993.1 MiB pipe_us=81401 (pack_to_last_block_us=79689) barrier_us=83200
prefill staging: layer=41 ne0=10 ne1=4075 unique=460 runs=48 blocks=6 bytes=1022.0 MiB pipe_us=82433 (pack_to_last_block_us=79429) barrier_us=83347
prefill staging: layer=42 ne0=10 ne1=4075 unique=423 runs=72 blocks=5 bytes=939.8 MiB pipe_us=79129 (pack_to_last_block_us=71302) barrier_us=79984
prefill staging: layer=43 ne0=10 ne1=4075 unique=438 runs=61 blocks=6 bytes=973.1 MiB pipe_us=81577 (pack_to_last_block_us=80739) barrier_us=82468
prefill staging: layer=44 ne0=10 ne1=4075 unique=385 runs=91 blocks=5 bytes=855.3 MiB pipe_us=70338 (pack_to_last_block_us=66239) barrier_us=71128
prefill staging: layer=45 ne0=10 ne1=4075 unique=372 runs=101 blocks=5 bytes=826.5 MiB pipe_us=67854 (pack_to_last_block_us=65057) barrier_us=68614
prefill staging: layer=46 ne0=10 ne1=4075 unique=325 runs=111 blocks=6 bytes=976.0 MiB pipe_us=84540 (pack_to_last_block_us=82983) barrier_us=85154
MMQ_DIAG call#422 type=q8_0 buft=CUDA0 vram=1 staging_env=0 staged_ops=0 host_ops=0 vram_ops=422
prefill staging: layer=47 ne0=10 ne1=1 unique=10 runs=10 blocks=1 bytes=30.0 MiB pipe_us=4121 (pack_to_last_block_us=2591) barrier_us=4286
prefill staging: layer=0 ne0=10 ne1=1 unique=10 runs=9 blocks=1 bytes=22.2 MiB pipe_us=4119 (pack_to_last_block_us=3018) barrier_us=4258
prefill staging: layer=1 ne0=10 ne1=1 unique=10 runs=10 blocks=1 bytes=22.2 MiB pipe_us=2656 (pack_to_last_block_us=1612) barrier_us=2781
prefill staging: layer=2 ne0=10 ne1=1 unique=10 runs=10 blocks=1 bytes=33.2 MiB pipe_us=3934 (pack_to_last_block_us=2233) barrier_us=4054
prefill staging: layer=3 ne0=10 ne1=1 unique=10 runs=10 blocks=1 bytes=22.2 MiB pipe_us=2998 (pack_to_last_block_us=1833) barrier_us=3126
prefill staging: layer=4 ne0=10 ne1=1 unique=10 runs=10 blocks=1 bytes=30.0 MiB pipe_us=4148 (pack_to_last_block_us=2598) barrier_us=4283
prefill staging: layer=5 ne0=10 ne1=1 unique=10 runs=10 blocks=1 bytes=22.2 MiB pipe_us=2952 (pack_to_last_block_us=1807) barrier_us=3175
prefill staging: layer=6 ne0=10 ne1=1 unique=10 runs=10 blocks=1 bytes=22.2 MiB pipe_us=2724 (pack_to_last_block_us=1572) barrier_us=2808
prefill staging: layer=7 ne0=10 ne1=1 unique=10 runs=10 blocks=1 bytes=22.2 MiB pipe_us=2548 (pack_to_last_block_us=1448) barrier_us=2607
prefill staging: layer=8 ne0=10 ne1=1 unique=10 runs=10 blocks=1 bytes=22.2 MiB pipe_us=2706 (pack_to_last_block_us=1629) barrier_us=2832
prefill staging: layer=9 ne0=10 ne1=1 unique=10 runs=10 blocks=1 bytes=22.2 MiB pipe_us=2771 (pack_to_last_block_us=1497) barrier_us=3362
prefill staging: layer=10 ne0=10 ne1=1 unique=10 runs=10 blocks=1 bytes=22.2 MiB pipe_us=2510 (pack_to_last_block_us=1417) barrier_us=2813
prefill staging: layer=11 ne0=10 ne1=1 unique=10 runs=9 blocks=1 bytes=22.2 MiB pipe_us=2523 (pack_to_last_block_us=1442) barrier_us=2600
prefill staging: layer=12 ne0=10 ne1=1 unique=10 runs=10 blocks=1 bytes=22.2 MiB pipe_us=2523 (pack_to_last_block_us=1419) barrier_us=2682
prefill staging: layer=13 ne0=10 ne1=1 unique=10 runs=10 blocks=1 bytes=22.2 MiB pipe_us=2414 (pack_to_last_block_us=1321) barrier_us=2552
prefill staging: layer=14 ne0=10 ne1=1 unique=10 runs=10 blocks=1 bytes=22.2 MiB pipe_us=2739 (pack_to_last_block_us=1496) barrier_us=2897
prefill staging: layer=15 ne0=10 ne1=1 unique=10 runs=10 blocks=1 bytes=22.2 MiB pipe_us=2526 (pack_to_last_block_us=1426) barrier_us=3291
prefill staging: layer=16 ne0=10 ne1=1 unique=10 runs=10 blocks=1 bytes=22.2 MiB pipe_us=2483 (pack_to_last_block_us=1400) barrier_us=2822
prefill staging: layer=17 ne0=10 ne1=1 unique=10 runs=9 blocks=1 bytes=22.2 MiB pipe_us=2640 (pack_to_last_block_us=1534) barrier_us=2701
prefill staging: layer=18 ne0=10 ne1=1 unique=10 runs=10 blocks=1 bytes=22.2 MiB pipe_us=2509 (pack_to_last_block_us=1419) barrier_us=2639
prefill staging: layer=19 ne0=10 ne1=1 unique=10 runs=10 blocks=1 bytes=22.2 MiB pipe_us=2332 (pack_to_last_block_us=1259) barrier_us=2459
prefill staging: layer=20 ne0=10 ne1=1 unique=10 runs=10 blocks=1 bytes=22.2 MiB pipe_us=2686 (pack_to_last_block_us=1528) barrier_us=3056
prefill staging: layer=21 ne0=10 ne1=1 unique=10 runs=10 blocks=1 bytes=22.2 MiB pipe_us=2663 (pack_to_last_block_us=1559) barrier_us=2726
prefill staging: layer=22 ne0=10 ne1=1 unique=10 runs=10 blocks=1 bytes=22.2 MiB pipe_us=2804 (pack_to_last_block_us=1666) barrier_us=2899
prefill staging: layer=23 ne0=10 ne1=1 unique=10 runs=9 blocks=1 bytes=22.2 MiB pipe_us=2730 (pack_to_last_block_us=1609) barrier_us=2809
prefill staging: layer=24 ne0=10 ne1=1 unique=10 runs=9 blocks=1 bytes=22.2 MiB pipe_us=2784 (pack_to_last_block_us=1597) barrier_us=2849
prefill staging: layer=25 ne0=10 ne1=1 unique=10 runs=10 blocks=1 bytes=22.2 MiB pipe_us=2544 (pack_to_last_block_us=1443) barrier_us=2666
prefill staging: layer=26 ne0=10 ne1=1 unique=10 runs=10 blocks=1 bytes=22.2 MiB pipe_us=2990 (pack_to_last_block_us=1742) barrier_us=3195
prefill staging: layer=27 ne0=10 ne1=1 unique=10 runs=9 blocks=1 bytes=22.2 MiB pipe_us=2552 (pack_to_last_block_us=1407) barrier_us=2676
prefill staging: layer=28 ne0=10 ne1=1 unique=10 runs=10 blocks=1 bytes=22.2 MiB pipe_us=2739 (pack_to_last_block_us=1576) barrier_us=2828
prefill staging: layer=29 ne0=10 ne1=1 unique=10 runs=10 blocks=1 bytes=22.2 MiB pipe_us=2777 (pack_to_last_block_us=1626) barrier_us=2851
prefill staging: layer=30 ne0=10 ne1=1 unique=10 runs=9 blocks=1 bytes=30.0 MiB pipe_us=3854 (pack_to_last_block_us=2238) barrier_us=4065
prefill staging: layer=31 ne0=10 ne1=1 unique=10 runs=10 blocks=1 bytes=22.2 MiB pipe_us=2965 (pack_to_last_block_us=1738) barrier_us=3040
prefill staging: layer=32 ne0=10 ne1=1 unique=10 runs=9 blocks=1 bytes=22.2 MiB pipe_us=3016 (pack_to_last_block_us=1876) barrier_us=3084
prefill staging: layer=33 ne0=10 ne1=1 unique=10 runs=10 blocks=1 bytes=22.2 MiB pipe_us=2433 (pack_to_last_block_us=1369) barrier_us=2527
prefill staging: layer=34 ne0=10 ne1=1 unique=10 runs=10 blocks=1 bytes=22.2 MiB pipe_us=2576 (pack_to_last_block_us=1501) barrier_us=2651
prefill staging: layer=35 ne0=10 ne1=1 unique=10 runs=10 blocks=1 bytes=22.2 MiB pipe_us=2623 (pack_to_last_block_us=1453) barrier_us=2761
prefill staging: layer=36 ne0=10 ne1=1 unique=10 runs=10 blocks=1 bytes=22.2 MiB pipe_us=2618 (pack_to_last_block_us=1378) barrier_us=3238
prefill staging: layer=37 ne0=10 ne1=1 unique=10 runs=10 blocks=1 bytes=22.2 MiB pipe_us=2901 (pack_to_last_block_us=1697) barrier_us=2975
prefill staging: layer=38 ne0=10 ne1=1 unique=10 runs=10 blocks=1 bytes=22.2 MiB pipe_us=2623 (pack_to_last_block_us=1531) barrier_us=2686
prefill staging: layer=39 ne0=10 ne1=1 unique=10 runs=10 blocks=1 bytes=22.2 MiB pipe_us=2629 (pack_to_last_block_us=1527) barrier_us=2715
prefill staging: layer=40 ne0=10 ne1=1 unique=10 runs=10 blocks=1 bytes=22.2 MiB pipe_us=2637 (pack_to_last_block_us=1522) barrier_us=2762
prefill staging: layer=41 ne0=10 ne1=1 unique=10 runs=10 blocks=1 bytes=22.2 MiB pipe_us=2610 (pack_to_last_block_us=1465) barrier_us=2725
prefill staging: layer=42 ne0=10 ne1=1 unique=10 runs=10 blocks=1 bytes=22.2 MiB pipe_us=2306 (pack_to_last_block_us=1242) barrier_us=2424
prefill staging: layer=43 ne0=10 ne1=1 unique=10 runs=10 blocks=1 bytes=22.2 MiB pipe_us=2736 (pack_to_last_block_us=1545) barrier_us=2802
prefill staging: layer=44 ne0=10 ne1=1 unique=10 runs=10 blocks=1 bytes=22.2 MiB pipe_us=2526 (pack_to_last_block_us=1410) barrier_us=2618
prefill staging: layer=45 ne0=10 ne1=1 unique=10 runs=10 blocks=1 bytes=22.2 MiB pipe_us=2300 (pack_to_last_block_us=1230) barrier_us=2434
prefill staging: layer=46 ne0=10 ne1=1 unique=10 runs=10 blocks=1 bytes=30.0 MiB pipe_us=3515 (pack_to_last_block_us=1941) barrier_us=3633
prefill staging: layer=47 ne0=10 ne1=1 unique=10 runs=10 blocks=1 bytes=30.0 MiB pipe_us=4414 (pack_to_last_block_us=2833) barrier_us=4540
ggml_backend_cuda_graph_compute: CUDA graph warmup complete
prefill staging: layer=0 ne0=10 ne1=1 unique=10 runs=10 blocks=1 bytes=22.2 MiB pipe_us=3244 (pack_to_last_block_us=2130) barrier_us=3367
ggml_backend_cuda_graph_compute: CUDA graph warmup complete
ggml_backend_cuda_graph_compute: CUDA graph warmup complete
ggml_backend_cuda_graph_compute: CUDA graph warmup complete
prefill staging: layer=1 ne0=10 ne1=1 unique=10 runs=10 blocks=1 bytes=22.2 MiB pipe_us=2688 (pack_to_last_block_us=1476) barrier_us=3135
ggml_backend_cuda_graph_compute: CUDA graph warmup complete
ggml_backend_cuda_graph_compute: CUDA graph warmup complete
prefill staging: layer=2 ne0=10 ne1=1 unique=10 runs=10 blocks=1 bytes=33.2 MiB pipe_us=3856 (pack_to_last_block_us=2103) barrier_us=3984
ggml_backend_cuda_graph_compute: CUDA graph warmup complete
ggml_backend_cuda_graph_compute: CUDA graph warmup complete
prefill staging: layer=3 ne0=10 ne1=1 unique=10 runs=10 blocks=1 bytes=22.2 MiB pipe_us=2666 (pack_to_last_block_us=1584) barrier_us=2786
ggml_backend_cuda_graph_compute: CUDA graph warmup complete
ggml_backend_cuda_graph_compute: CUDA graph warmup complete
prefill staging: layer=4 ne0=10 ne1=1 unique=10 runs=10 blocks=1 bytes=30.0 MiB pipe_us=3614 (pack_to_last_block_us=1962) barrier_us=3758
ggml_backend_cuda_graph_compute: CUDA graph warmup complete
ggml_backend_cuda_graph_compute: CUDA graph warmup complete
prefill staging: layer=5 ne0=10 ne1=1 unique=10 runs=10 blocks=1 bytes=22.2 MiB pipe_us=2688 (pack_to_last_block_us=1451) barrier_us=3100
ggml_backend_cuda_graph_compute: CUDA graph warmup complete
ggml_backend_cuda_graph_compute: CUDA graph warmup complete
prefill staging: layer=6 ne0=10 ne1=1 unique=10 runs=10 blocks=1 bytes=22.2 MiB pipe_us=2764 (pack_to_last_block_us=1616) barrier_us=3652
ggml_backend_cuda_graph_compute: CUDA graph warmup complete
ggml_backend_cuda_graph_compute: CUDA graph warmup complete
prefill staging: layer=7 ne0=10 ne1=1 unique=10 runs=10 blocks=1 bytes=22.2 MiB pipe_us=2641 (pack_to_last_block_us=1485) barrier_us=3175
ggml_backend_cuda_graph_compute: CUDA graph warmup complete
ggml_backend_cuda_graph_compute: CUDA graph warmup complete
prefill staging: layer=8 ne0=10 ne1=1 unique=10 runs=10 blocks=1 bytes=22.2 MiB pipe_us=2644 (pack_to_last_block_us=1504) barrier_us=2808
ggml_backend_cuda_graph_compute: CUDA graph warmup complete
ggml_backend_cuda_graph_compute: CUDA graph warmup complete
prefill staging: layer=9 ne0=10 ne1=1 unique=10 runs=10 blocks=1 bytes=22.2 MiB pipe_us=2659 (pack_to_last_block_us=1522) barrier_us=2748
ggml_backend_cuda_graph_compute: CUDA graph warmup complete
ggml_backend_cuda_graph_compute: CUDA graph warmup complete
prefill staging: layer=10 ne0=10 ne1=1 unique=10 runs=10 blocks=1 bytes=22.2 MiB pipe_us=2578 (pack_to_last_block_us=1504) barrier_us=2629
ggml_backend_cuda_graph_compute: CUDA graph warmup complete
ggml_backend_cuda_graph_compute: CUDA graph warmup complete
prefill staging: layer=11 ne0=10 ne1=1 unique=10 runs=9 blocks=1 bytes=22.2 MiB pipe_us=2542 (pack_to_last_block_us=1450) barrier_us=2678
ggml_backend_cuda_graph_compute: CUDA graph warmup complete
ggml_backend_cuda_graph_compute: CUDA graph warmup complete
prefill staging: layer=12 ne0=10 ne1=1 unique=10 runs=10 blocks=1 bytes=22.2 MiB pipe_us=3169 (pack_to_last_block_us=2084) barrier_us=3320
ggml_backend_cuda_graph_compute: CUDA graph warmup complete
ggml_backend_cuda_graph_compute: CUDA graph warmup complete
prefill staging: layer=13 ne0=10 ne1=1 unique=10 runs=10 blocks=1 bytes=22.2 MiB pipe_us=2665 (pack_to_last_block_us=1583) barrier_us=2811
ggml_backend_cuda_graph_compute: CUDA graph warmup complete
ggml_backend_cuda_graph_compute: CUDA graph warmup complete
prefill staging: layer=14 ne0=10 ne1=1 unique=10 runs=10 blocks=1 bytes=22.2 MiB pipe_us=2396 (pack_to_last_block_us=1351) barrier_us=2670
ggml_backend_cuda_graph_compute: CUDA graph warmup complete
ggml_backend_cuda_graph_compute: CUDA graph warmup complete
prefill staging: layer=15 ne0=10 ne1=1 unique=10 runs=10 blocks=1 bytes=22.2 MiB pipe_us=2877 (pack_to_last_block_us=1706) barrier_us=3069
ggml_backend_cuda_graph_compute: CUDA graph warmup complete
ggml_backend_cuda_graph_compute: CUDA graph warmup complete
prefill staging: layer=16 ne0=10 ne1=1 unique=10 runs=10 blocks=1 bytes=22.2 MiB pipe_us=2404 (pack_to_last_block_us=1325) barrier_us=2919
ggml_backend_cuda_graph_compute: CUDA graph warmup complete
ggml_backend_cuda_graph_compute: CUDA graph warmup complete
prefill staging: layer=17 ne0=10 ne1=1 unique=10 runs=10 blocks=1 bytes=22.2 MiB pipe_us=2674 (pack_to_last_block_us=1511) barrier_us=2770
ggml_backend_cuda_graph_compute: CUDA graph warmup complete
ggml_backend_cuda_graph_compute: CUDA graph warmup complete
prefill staging: layer=18 ne0=10 ne1=1 unique=10 runs=9 blocks=1 bytes=22.2 MiB pipe_us=2743 (pack_to_last_block_us=1579) barrier_us=2884
ggml_backend_cuda_graph_compute: CUDA graph warmup complete
ggml_backend_cuda_graph_compute: CUDA graph warmup complete
prefill staging: layer=19 ne0=10 ne1=1 unique=10 runs=9 blocks=1 bytes=22.2 MiB pipe_us=2835 (pack_to_last_block_us=1723) barrier_us=2918
ggml_backend_cuda_graph_compute: CUDA graph warmup complete
ggml_backend_cuda_graph_compute: CUDA graph warmup complete
prefill staging: layer=20 ne0=10 ne1=1 unique=10 runs=10 blocks=1 bytes=22.2 MiB pipe_us=3130 (pack_to_last_block_us=2036) barrier_us=3198
ggml_backend_cuda_graph_compute: CUDA graph warmup complete
ggml_backend_cuda_graph_compute: CUDA graph warmup complete
prefill staging: layer=21 ne0=10 ne1=1 unique=10 runs=10 blocks=1 bytes=22.2 MiB pipe_us=3104 (pack_to_last_block_us=2002) barrier_us=3207
ggml_backend_cuda_graph_compute: CUDA graph warmup complete
ggml_backend_cuda_graph_compute: CUDA graph warmup complete
prefill staging: layer=22 ne0=10 ne1=1 unique=10 runs=10 blocks=1 bytes=22.2 MiB pipe_us=2504 (pack_to_last_block_us=1443) barrier_us=2633
ggml_backend_cuda_graph_compute: CUDA graph warmup complete
ggml_backend_cuda_graph_compute: CUDA graph warmup complete
prefill staging: layer=23 ne0=10 ne1=1 unique=10 runs=10 blocks=1 bytes=22.2 MiB pipe_us=2472 (pack_to_last_block_us=1370) barrier_us=2535
ggml_backend_cuda_graph_compute: CUDA graph warmup complete
ggml_backend_cuda_graph_compute: CUDA graph warmup complete
prefill staging: layer=24 ne0=10 ne1=1 unique=10 runs=10 blocks=1 bytes=22.2 MiB pipe_us=2681 (pack_to_last_block_us=1559) barrier_us=2833
ggml_backend_cuda_graph_compute: CUDA graph warmup complete
ggml_backend_cuda_graph_compute: CUDA graph warmup complete
prefill staging: layer=25 ne0=10 ne1=1 unique=10 runs=10 blocks=1 bytes=22.2 MiB pipe_us=2735 (pack_to_last_block_us=1607) barrier_us=2887
ggml_backend_cuda_graph_compute: CUDA graph warmup complete
ggml_backend_cuda_graph_compute: CUDA graph warmup complete
prefill staging: layer=26 ne0=10 ne1=1 unique=10 runs=10 blocks=1 bytes=22.2 MiB pipe_us=2289 (pack_to_last_block_us=1214) barrier_us=2420
ggml_backend_cuda_graph_compute: CUDA graph warmup complete
ggml_backend_cuda_graph_compute: CUDA graph warmup complete
prefill staging: layer=27 ne0=10 ne1=1 unique=10 runs=10 blocks=1 bytes=22.2 MiB pipe_us=2728 (pack_to_last_block_us=1532) barrier_us=3147
ggml_backend_cuda_graph_compute: CUDA graph warmup complete
ggml_backend_cuda_graph_compute: CUDA graph warmup complete
prefill staging: layer=28 ne0=10 ne1=1 unique=10 runs=10 blocks=1 bytes=22.2 MiB pipe_us=2513 (pack_to_last_block_us=1419) barrier_us=2877
ggml_backend_cuda_graph_compute: CUDA graph warmup complete
ggml_backend_cuda_graph_compute: CUDA graph warmup complete
prefill staging: layer=29 ne0=10 ne1=1 unique=10 runs=10 blocks=1 bytes=22.2 MiB pipe_us=2541 (pack_to_last_block_us=1431) barrier_us=2626
ggml_backend_cuda_graph_compute: CUDA graph warmup complete
ggml_backend_cuda_graph_compute: CUDA graph warmup complete
prefill staging: layer=30 ne0=10 ne1=1 unique=10 runs=9 blocks=1 bytes=30.0 MiB pipe_us=3639 (pack_to_last_block_us=2020) barrier_us=3711
ggml_backend_cuda_graph_compute: CUDA graph warmup complete
ggml_backend_cuda_graph_compute: CUDA graph warmup complete
prefill staging: layer=31 ne0=10 ne1=1 unique=10 runs=10 blocks=1 bytes=22.2 MiB pipe_us=2836 (pack_to_last_block_us=1687) barrier_us=2925
ggml_backend_cuda_graph_compute: CUDA graph warmup complete
ggml_backend_cuda_graph_compute: CUDA graph warmup complete
prefill staging: layer=32 ne0=10 ne1=1 unique=10 runs=10 blocks=1 bytes=22.2 MiB pipe_us=2627 (pack_to_last_block_us=1540) barrier_us=2720
ggml_backend_cuda_graph_compute: CUDA graph warmup complete
ggml_backend_cuda_graph_compute: CUDA graph warmup complete
prefill staging: layer=33 ne0=10 ne1=1 unique=10 runs=10 blocks=1 bytes=22.2 MiB pipe_us=2686 (pack_to_last_block_us=1535) barrier_us=2818
ggml_backend_cuda_graph_compute: CUDA graph warmup complete
ggml_backend_cuda_graph_compute: CUDA graph warmup complete
prefill staging: layer=34 ne0=10 ne1=1 unique=10 runs=9 blocks=1 bytes=22.2 MiB pipe_us=2694 (pack_to_last_block_us=1619) barrier_us=2827
ggml_backend_cuda_graph_compute: CUDA graph warmup complete
ggml_backend_cuda_graph_compute: CUDA graph warmup complete
prefill staging: layer=35 ne0=10 ne1=1 unique=10 runs=9 blocks=1 bytes=22.2 MiB pipe_us=2718 (pack_to_last_block_us=1625) barrier_us=2802
ggml_backend_cuda_graph_compute: CUDA graph warmup complete
ggml_backend_cuda_graph_compute: CUDA graph warmup complete
prefill staging: layer=36 ne0=10 ne1=1 unique=10 runs=10 blocks=1 bytes=22.2 MiB pipe_us=2794 (pack_to_last_block_us=1683) barrier_us=2883
ggml_backend_cuda_graph_compute: CUDA graph warmup complete
ggml_backend_cuda_graph_compute: CUDA graph warmup complete
prefill staging: layer=37 ne0=10 ne1=1 unique=10 runs=10 blocks=1 bytes=22.2 MiB pipe_us=2618 (pack_to_last_block_us=1524) barrier_us=2749
ggml_backend_cuda_graph_compute: CUDA graph warmup complete
ggml_backend_cuda_graph_compute: CUDA graph warmup complete
prefill staging: layer=38 ne0=10 ne1=1 unique=10 runs=10 blocks=1 bytes=22.2 MiB pipe_us=2567 (pack_to_last_block_us=1520) barrier_us=2689
ggml_backend_cuda_graph_compute: CUDA graph warmup complete
ggml_backend_cuda_graph_compute: CUDA graph warmup complete
prefill staging: layer=39 ne0=10 ne1=1 unique=10 runs=10 blocks=1 bytes=22.2 MiB pipe_us=2770 (pack_to_last_block_us=1568) barrier_us=2909
ggml_backend_cuda_graph_compute: CUDA graph warmup complete
ggml_backend_cuda_graph_compute: CUDA graph warmup complete
prefill staging: layer=40 ne0=10 ne1=1 unique=10 runs=10 blocks=1 bytes=22.2 MiB pipe_us=2474 (pack_to_last_block_us=1328) barrier_us=3611
ggml_backend_cuda_graph_compute: CUDA graph warmup complete
ggml_backend_cuda_graph_compute: CUDA graph warmup complete
prefill staging: layer=41 ne0=10 ne1=1 unique=10 runs=10 blocks=1 bytes=22.2 MiB pipe_us=2890 (pack_to_last_block_us=1689) barrier_us=3266
ggml_backend_cuda_graph_compute: CUDA graph warmup complete
ggml_backend_cuda_graph_compute: CUDA graph warmup complete
prefill staging: layer=42 ne0=10 ne1=1 unique=10 runs=10 blocks=1 bytes=22.2 MiB pipe_us=3014 (pack_to_last_block_us=1753) barrier_us=3861
ggml_backend_cuda_graph_compute: CUDA graph warmup complete
ggml_backend_cuda_graph_compute: CUDA graph warmup complete
prefill staging: layer=43 ne0=10 ne1=1 unique=10 runs=9 blocks=1 bytes=22.2 MiB pipe_us=2682 (pack_to_last_block_us=1540) barrier_us=3050
ggml_backend_cuda_graph_compute: CUDA graph warmup complete
ggml_backend_cuda_graph_compute: CUDA graph warmup complete
prefill staging: layer=44 ne0=10 ne1=1 unique=10 runs=10 blocks=1 bytes=22.2 MiB pipe_us=2498 (pack_to_last_block_us=1346) barrier_us=2616
ggml_backend_cuda_graph_compute: CUDA graph warmup complete
ggml_backend_cuda_graph_compute: CUDA graph warmup complete
prefill staging: layer=45 ne0=10 ne1=1 unique=10 runs=9 blocks=1 bytes=22.2 MiB pipe_us=2606 (pack_to_last_block_us=1493) barrier_us=2671
ggml_backend_cuda_graph_compute: CUDA graph warmup complete
ggml_backend_cuda_graph_compute: CUDA graph warmup complete
prefill staging: layer=46 ne0=10 ne1=1 unique=10 runs=9 blocks=1 bytes=30.0 MiB pipe_us=3473 (pack_to_last_block_us=1888) barrier_us=3549
ggml_backend_cuda_graph_compute: CUDA graph warmup complete
ggml_backend_cuda_graph_compute: CUDA graph warmup complete
prefill staging: layer=47 ne0=10 ne1=1 unique=10 runs=10 blocks=1 bytes=30.0 MiB pipe_us=4375 (pack_to_last_block_us=2715) barrier_us=4678
ggml_backend_cuda_graph_compute: CUDA graph warmup complete
ggml_backend_cuda_graph_compute: CUDA graph warmup complete
prefill staging: layer=0 ne0=10 ne1=1 unique=10 runs=10 blocks=1 bytes=22.2 MiB pipe_us=3078 (pack_to_last_block_us=1991) barrier_us=3208
prefill staging: layer=1 ne0=10 ne1=1 unique=10 runs=10 blocks=1 bytes=22.2 MiB pipe_us=2792 (pack_to_last_block_us=1609) barrier_us=2910
prefill staging: layer=2 ne0=10 ne1=1 unique=10 runs=9 blocks=1 bytes=33.2 MiB pipe_us=3917 (pack_to_last_block_us=2121) barrier_us=4354
prefill staging: layer=3 ne0=10 ne1=1 unique=10 runs=10 blocks=1 bytes=22.2 MiB pipe_us=2568 (pack_to_last_block_us=1444) barrier_us=2648
prefill staging: layer=4 ne0=10 ne1=1 unique=10 runs=10 blocks=1 bytes=30.0 MiB pipe_us=3120 (pack_to_last_block_us=1602) barrier_us=3235
prefill staging: layer=5 ne0=10 ne1=1 unique=10 runs=10 blocks=1 bytes=22.2 MiB pipe_us=2632 (pack_to_last_block_us=1503) barrier_us=2745
prefill staging: layer=6 ne0=10 ne1=1 unique=10 runs=10 blocks=1 bytes=22.2 MiB pipe_us=2416 (pack_to_last_block_us=1333) barrier_us=2481
prefill staging: layer=7 ne0=10 ne1=1 unique=10 runs=10 blocks=1 bytes=22.2 MiB pipe_us=2715 (pack_to_last_block_us=1619) barrier_us=2795
prefill staging: layer=8 ne0=10 ne1=1 unique=10 runs=10 blocks=1 bytes=22.2 MiB pipe_us=2804 (pack_to_last_block_us=1668) barrier_us=2918
prefill staging: layer=9 ne0=10 ne1=1 unique=10 runs=10 blocks=1 bytes=22.2 MiB pipe_us=2686 (pack_to_last_block_us=1459) barrier_us=3069
prefill staging: layer=10 ne0=10 ne1=1 unique=10 runs=10 blocks=1 bytes=22.2 MiB pipe_us=2537 (pack_to_last_block_us=1407) barrier_us=2639
prefill staging: layer=11 ne0=10 ne1=1 unique=10 runs=9 blocks=1 bytes=22.2 MiB pipe_us=2685 (pack_to_last_block_us=1586) barrier_us=2840
prefill staging: layer=12 ne0=10 ne1=1 unique=10 runs=10 blocks=1 bytes=22.2 MiB pipe_us=2780 (pack_to_last_block_us=1592) barrier_us=3602
prefill staging: layer=13 ne0=10 ne1=1 unique=10 runs=10 blocks=1 bytes=22.2 MiB pipe_us=2664 (pack_to_last_block_us=1463) barrier_us=2730
prefill staging: layer=14 ne0=10 ne1=1 unique=10 runs=10 blocks=1 bytes=22.2 MiB pipe_us=2639 (pack_to_last_block_us=1520) barrier_us=2759
prefill staging: layer=15 ne0=10 ne1=1 unique=10 runs=10 blocks=1 bytes=22.2 MiB pipe_us=2920 (pack_to_last_block_us=1631) barrier_us=3428
prefill staging: layer=16 ne0=10 ne1=1 unique=10 runs=10 blocks=1 bytes=22.2 MiB pipe_us=2621 (pack_to_last_block_us=1497) barrier_us=3341
prefill staging: layer=17 ne0=10 ne1=1 unique=10 runs=9 blocks=1 bytes=22.2 MiB pipe_us=2623 (pack_to_last_block_us=1514) barrier_us=2741
prefill staging: layer=18 ne0=10 ne1=1 unique=10 runs=9 blocks=1 bytes=22.2 MiB pipe_us=2559 (pack_to_last_block_us=1488) barrier_us=2698
prefill staging: layer=19 ne0=10 ne1=1 unique=10 runs=9 blocks=1 bytes=22.2 MiB pipe_us=2602 (pack_to_last_block_us=1388) barrier_us=3042
prefill staging: layer=20 ne0=10 ne1=1 unique=10 runs=9 blocks=1 bytes=22.2 MiB pipe_us=2617 (pack_to_last_block_us=1522) barrier_us=2680
prefill staging: layer=21 ne0=10 ne1=1 unique=10 runs=10 blocks=1 bytes=22.2 MiB pipe_us=2675 (pack_to_last_block_us=1589) barrier_us=2785
prefill staging: layer=22 ne0=10 ne1=1 unique=10 runs=10 blocks=1 bytes=22.2 MiB pipe_us=2700 (pack_to_last_block_us=1445) barrier_us=3123
prefill staging: layer=23 ne0=10 ne1=1 unique=10 runs=10 blocks=1 bytes=22.2 MiB pipe_us=2624 (pack_to_last_block_us=1513) barrier_us=2688
prefill staging: layer=24 ne0=10 ne1=1 unique=10 runs=10 blocks=1 bytes=22.2 MiB pipe_us=2423 (pack_to_last_block_us=1367) barrier_us=2542
prefill staging: layer=25 ne0=10 ne1=1 unique=10 runs=10 blocks=1 bytes=22.2 MiB pipe_us=2730 (pack_to_last_block_us=1521) barrier_us=3537
prefill staging: layer=26 ne0=10 ne1=1 unique=10 runs=10 blocks=1 bytes=22.2 MiB pipe_us=2398 (pack_to_last_block_us=1332) barrier_us=2453
prefill staging: layer=27 ne0=10 ne1=1 unique=10 runs=10 blocks=1 bytes=22.2 MiB pipe_us=2327 (pack_to_last_block_us=1263) barrier_us=2441
prefill staging: layer=28 ne0=10 ne1=1 unique=10 runs=10 blocks=1 bytes=22.2 MiB pipe_us=2755 (pack_to_last_block_us=1504) barrier_us=3278
prefill staging: layer=29 ne0=10 ne1=1 unique=10 runs=10 blocks=1 bytes=22.2 MiB pipe_us=2653 (pack_to_last_block_us=1510) barrier_us=2726
prefill staging: layer=30 ne0=10 ne1=1 unique=10 runs=10 blocks=1 bytes=30.0 MiB pipe_us=3171 (pack_to_last_block_us=1628) barrier_us=3296
prefill staging: layer=31 ne0=10 ne1=1 unique=10 runs=10 blocks=1 bytes=22.2 MiB pipe_us=2577 (pack_to_last_block_us=1478) barrier_us=2703
prefill staging: layer=32 ne0=10 ne1=1 unique=10 runs=10 blocks=1 bytes=22.2 MiB pipe_us=2863 (pack_to_last_block_us=1667) barrier_us=2963
prefill staging: layer=33 ne0=10 ne1=1 unique=10 runs=10 blocks=1 bytes=22.2 MiB pipe_us=2367 (pack_to_last_block_us=1311) barrier_us=2491
prefill staging: layer=34 ne0=10 ne1=1 unique=10 runs=10 blocks=1 bytes=22.2 MiB pipe_us=2864 (pack_to_last_block_us=1650) barrier_us=3361
prefill staging: layer=35 ne0=10 ne1=1 unique=10 runs=10 blocks=1 bytes=22.2 MiB pipe_us=2552 (pack_to_last_block_us=1412) barrier_us=2619
prefill staging: layer=36 ne0=10 ne1=1 unique=10 runs=10 blocks=1 bytes=22.2 MiB pipe_us=2542 (pack_to_last_block_us=1446) barrier_us=2668
prefill staging: layer=37 ne0=10 ne1=1 unique=10 runs=10 blocks=1 bytes=22.2 MiB pipe_us=2781 (pack_to_last_block_us=1597) barrier_us=2904
prefill staging: layer=38 ne0=10 ne1=1 unique=10 runs=9 blocks=1 bytes=22.2 MiB pipe_us=2772 (pack_to_last_block_us=1602) barrier_us=2867
prefill staging: layer=39 ne0=10 ne1=1 unique=10 runs=10 blocks=1 bytes=22.2 MiB pipe_us=2618 (pack_to_last_block_us=1527) barrier_us=2760
prefill staging: layer=40 ne0=10 ne1=1 unique=10 runs=10 blocks=1 bytes=22.2 MiB pipe_us=2647 (pack_to_last_block_us=1521) barrier_us=2771
prefill staging: layer=41 ne0=10 ne1=1 unique=10 runs=9 blocks=1 bytes=22.2 MiB pipe_us=2905 (pack_to_last_block_us=1744) barrier_us=3570
prefill staging: layer=42 ne0=10 ne1=1 unique=10 runs=9 blocks=1 bytes=22.2 MiB pipe_us=2824 (pack_to_last_block_us=1725) barrier_us=2890
prefill staging: layer=43 ne0=10 ne1=1 unique=10 runs=10 blocks=1 bytes=22.2 MiB pipe_us=2772 (pack_to_last_block_us=1673) barrier_us=2916
prefill staging: layer=44 ne0=10 ne1=1 unique=10 runs=10 blocks=1 bytes=22.2 MiB pipe_us=2615 (pack_to_last_block_us=1539) barrier_us=2744
prefill staging: layer=45 ne0=10 ne1=1 unique=10 runs=10 blocks=1 bytes=22.2 MiB pipe_us=2528 (pack_to_last_block_us=1356) barrier_us=3283
prefill staging: layer=46 ne0=10 ne1=1 unique=10 runs=10 blocks=1 bytes=30.0 MiB pipe_us=3467 (pack_to_last_block_us=1865) barrier_us=3761
prefill staging: layer=47 ne0=10 ne1=1 unique=10 runs=9 blocks=1 bytes=30.0 MiB pipe_us=4546 (pack_to_last_block_us=2853) barrier_us=4767
prefill staging: layer=0 ne0=10 ne1=1 unique=10 runs=10 blocks=1 bytes=22.2 MiB pipe_us=3105 (pack_to_last_block_us=2035) barrier_us=3230
prefill staging: layer=1 ne0=10 ne1=1 unique=10 runs=10 blocks=1 bytes=22.2 MiB pipe_us=3154 (pack_to_last_block_us=1946) barrier_us=3554
prefill staging: layer=2 ne0=10 ne1=1 unique=10 runs=8 blocks=1 bytes=33.2 MiB pipe_us=4437 (pack_to_last_block_us=2653) barrier_us=4573
prefill staging: layer=3 ne0=10 ne1=1 unique=10 runs=10 blocks=1 bytes=22.2 MiB pipe_us=2917 (pack_to_last_block_us=1786) barrier_us=3198
prefill staging: layer=4 ne0=10 ne1=1 unique=10 runs=10 blocks=1 bytes=30.0 MiB pipe_us=4039 (pack_to_last_block_us=2410) barrier_us=4805
prefill staging: layer=5 ne0=10 ne1=1 unique=10 runs=10 blocks=1 bytes=22.2 MiB pipe_us=2708 (pack_to_last_block_us=1598) barrier_us=2782
prefill staging: layer=6 ne0=10 ne1=1 unique=10 runs=10 blocks=1 bytes=22.2 MiB pipe_us=2772 (pack_to_last_block_us=1708) barrier_us=2912
prefill staging: layer=7 ne0=10 ne1=1 unique=10 runs=10 blocks=1 bytes=22.2 MiB pipe_us=3468 (pack_to_last_block_us=2359) barrier_us=3597
prefill staging: layer=8 ne0=10 ne1=1 unique=10 runs=10 blocks=1 bytes=22.2 MiB pipe_us=2611 (pack_to_last_block_us=1459) barrier_us=2880
prefill staging: layer=9 ne0=10 ne1=1 unique=10 runs=10 blocks=1 bytes=22.2 MiB pipe_us=2771 (pack_to_last_block_us=1679) barrier_us=2831
prefill staging: layer=10 ne0=10 ne1=1 unique=10 runs=10 blocks=1 bytes=22.2 MiB pipe_us=2691 (pack_to_last_block_us=1572) barrier_us=2842
prefill staging: layer=11 ne0=10 ne1=1 unique=10 runs=10 blocks=1 bytes=22.2 MiB pipe_us=2706 (pack_to_last_block_us=1422) barrier_us=3498
prefill staging: layer=12 ne0=10 ne1=1 unique=10 runs=9 blocks=1 bytes=22.2 MiB pipe_us=2720 (pack_to_last_block_us=1576) barrier_us=2803
prefill staging: layer=13 ne0=10 ne1=1 unique=10 runs=10 blocks=1 bytes=22.2 MiB pipe_us=2980 (pack_to_last_block_us=1874) barrier_us=3110
prefill staging: layer=14 ne0=10 ne1=1 unique=10 runs=10 blocks=1 bytes=22.2 MiB pipe_us=2340 (pack_to_last_block_us=1197) barrier_us=2455
prefill staging: layer=15 ne0=10 ne1=1 unique=10 runs=9 blocks=1 bytes=22.2 MiB pipe_us=2769 (pack_to_last_block_us=1626) barrier_us=2982
prefill staging: layer=16 ne0=10 ne1=1 unique=10 runs=10 blocks=1 bytes=22.2 MiB pipe_us=2754 (pack_to_last_block_us=1691) barrier_us=2814
prefill staging: layer=17 ne0=10 ne1=1 unique=10 runs=10 blocks=1 bytes=22.2 MiB pipe_us=2951 (pack_to_last_block_us=1894) barrier_us=3078
prefill staging: layer=18 ne0=10 ne1=1 unique=10 runs=9 blocks=1 bytes=22.2 MiB pipe_us=2739 (pack_to_last_block_us=1610) barrier_us=2950
prefill staging: layer=19 ne0=10 ne1=1 unique=10 runs=10 blocks=1 bytes=22.2 MiB pipe_us=2513 (pack_to_last_block_us=1356) barrier_us=2602
prefill staging: layer=20 ne0=10 ne1=1 unique=10 runs=10 blocks=1 bytes=22.2 MiB pipe_us=2443 (pack_to_last_block_us=1378) barrier_us=2555
prefill staging: layer=21 ne0=10 ne1=1 unique=10 runs=10 blocks=1 bytes=22.2 MiB pipe_us=2318 (pack_to_last_block_us=1243) barrier_us=2373
prefill staging: layer=22 ne0=10 ne1=1 unique=10 runs=10 blocks=1 bytes=22.2 MiB pipe_us=2775 (pack_to_last_block_us=1620) barrier_us=2909
prefill staging: layer=23 ne0=10 ne1=1 unique=10 runs=10 blocks=1 bytes=22.2 MiB pipe_us=2484 (pack_to_last_block_us=1398) barrier_us=2672
prefill staging: layer=24 ne0=10 ne1=1 unique=10 runs=10 blocks=1 bytes=22.2 MiB pipe_us=2628 (pack_to_last_block_us=1458) barrier_us=2693
prefill staging: layer=25 ne0=10 ne1=1 unique=10 runs=10 blocks=1 bytes=22.2 MiB pipe_us=2577 (pack_to_last_block_us=1447) barrier_us=2700
prefill staging: layer=26 ne0=10 ne1=1 unique=10 runs=10 blocks=1 bytes=22.2 MiB pipe_us=2606 (pack_to_last_block_us=1436) barrier_us=2916
prefill staging: layer=27 ne0=10 ne1=1 unique=10 runs=10 blocks=1 bytes=22.2 MiB pipe_us=2609 (pack_to_last_block_us=1479) barrier_us=2675
prefill staging: layer=28 ne0=10 ne1=1 unique=10 runs=9 blocks=1 bytes=22.2 MiB pipe_us=2554 (pack_to_last_block_us=1473) barrier_us=2679
prefill staging: layer=29 ne0=10 ne1=1 unique=10 runs=10 blocks=1 bytes=22.2 MiB pipe_us=2522 (pack_to_last_block_us=1373) barrier_us=3139
prefill staging: layer=30 ne0=10 ne1=1 unique=10 runs=10 blocks=1 bytes=30.0 MiB pipe_us=3417 (pack_to_last_block_us=1779) barrier_us=4189
prefill staging: layer=31 ne0=10 ne1=1 unique=10 runs=9 blocks=1 bytes=22.2 MiB pipe_us=2744 (pack_to_last_block_us=1645) barrier_us=2825
prefill staging: layer=32 ne0=10 ne1=1 unique=10 runs=10 blocks=1 bytes=22.2 MiB pipe_us=2320 (pack_to_last_block_us=1285) barrier_us=2438
prefill staging: layer=33 ne0=10 ne1=1 unique=10 runs=10 blocks=1 bytes=22.2 MiB pipe_us=2627 (pack_to_last_block_us=1460) barrier_us=3251
prefill staging: layer=34 ne0=10 ne1=1 unique=10 runs=9 blocks=1 bytes=22.2 MiB pipe_us=2641 (pack_to_last_block_us=1548) barrier_us=2695
prefill staging: layer=35 ne0=10 ne1=1 unique=10 runs=10 blocks=1 bytes=22.2 MiB pipe_us=2540 (pack_to_last_block_us=1459) barrier_us=2613
prefill staging: layer=36 ne0=10 ne1=1 unique=10 runs=10 blocks=1 bytes=22.2 MiB pipe_us=2812 (pack_to_last_block_us=1678) barrier_us=2931
prefill staging: layer=37 ne0=10 ne1=1 unique=10 runs=10 blocks=1 bytes=22.2 MiB pipe_us=2467 (pack_to_last_block_us=1333) barrier_us=2531
prefill staging: layer=38 ne0=10 ne1=1 unique=10 runs=10 blocks=1 bytes=22.2 MiB pipe_us=2755 (pack_to_last_block_us=1653) barrier_us=2895
prefill staging: layer=39 ne0=10 ne1=1 unique=10 runs=10 blocks=1 bytes=22.2 MiB pipe_us=2802 (pack_to_last_block_us=1607) barrier_us=2961
prefill staging: layer=40 ne0=10 ne1=1 unique=10 runs=9 blocks=1 bytes=22.2 MiB pipe_us=2436 (pack_to_last_block_us=1333) barrier_us=2647
prefill staging: layer=41 ne0=10 ne1=1 unique=10 runs=10 blocks=1 bytes=22.2 MiB pipe_us=2643 (pack_to_last_block_us=1537) barrier_us=2771
prefill staging: layer=42 ne0=10 ne1=1 unique=10 runs=10 blocks=1 bytes=22.2 MiB pipe_us=2730 (pack_to_last_block_us=1603) barrier_us=2870
prefill staging: layer=43 ne0=10 ne1=1 unique=10 runs=10 blocks=1 bytes=22.2 MiB pipe_us=2627 (pack_to_last_block_us=1461) barrier_us=2742
prefill staging: layer=44 ne0=10 ne1=1 unique=10 runs=10 blocks=1 bytes=22.2 MiB pipe_us=2663 (pack_to_last_block_us=1569) barrier_us=2738
prefill staging: layer=45 ne0=10 ne1=1 unique=10 runs=10 blocks=1 bytes=22.2 MiB pipe_us=2650 (pack_to_last_block_us=1544) barrier_us=2783
prefill staging: layer=46 ne0=10 ne1=1 unique=10 runs=10 blocks=1 bytes=30.0 MiB pipe_us=4002 (pack_to_last_block_us=2354) barrier_us=4136
prefill staging: layer=47 ne0=10 ne1=1 unique=10 runs=10 blocks=1 bytes=30.0 MiB pipe_us=3881 (pack_to_last_block_us=2279) barrier_us=4000
prefill staging: layer=0 ne0=10 ne1=1 unique=10 runs=10 blocks=1 bytes=22.2 MiB pipe_us=2952 (pack_to_last_block_us=1803) barrier_us=3066
prefill staging: layer=1 ne0=10 ne1=1 unique=10 runs=10 blocks=1 bytes=22.2 MiB pipe_us=2671 (pack_to_last_block_us=1509) barrier_us=2754
prefill staging: layer=2 ne0=10 ne1=1 unique=10 runs=9 blocks=1 bytes=33.2 MiB pipe_us=3936 (pack_to_last_block_us=2244) barrier_us=4062
prefill staging: layer=3 ne0=10 ne1=1 unique=10 runs=10 blocks=1 bytes=22.2 MiB pipe_us=2706 (pack_to_last_block_us=1610) barrier_us=2793
prefill staging: layer=4 ne0=10 ne1=1 unique=10 runs=10 blocks=1 bytes=30.0 MiB pipe_us=3793 (pack_to_last_block_us=2258) barrier_us=3927
prefill staging: layer=5 ne0=10 ne1=1 unique=10 runs=10 blocks=1 bytes=22.2 MiB pipe_us=2744 (pack_to_last_block_us=1588) barrier_us=2861
prefill staging: layer=6 ne0=10 ne1=1 unique=10 runs=10 blocks=1 bytes=22.2 MiB pipe_us=2482 (pack_to_last_block_us=1391) barrier_us=2556
prefill staging: layer=7 ne0=10 ne1=1 unique=10 runs=10 blocks=1 bytes=22.2 MiB pipe_us=2596 (pack_to_last_block_us=1499) barrier_us=2690
prefill staging: layer=8 ne0=10 ne1=1 unique=10 runs=10 blocks=1 bytes=22.2 MiB pipe_us=3543 (pack_to_last_block_us=2442) barrier_us=3669
prefill staging: layer=9 ne0=10 ne1=1 unique=10 runs=10 blocks=1 bytes=22.2 MiB pipe_us=3239 (pack_to_last_block_us=2016) barrier_us=3415
prefill staging: layer=10 ne0=10 ne1=1 unique=10 runs=10 blocks=1 bytes=22.2 MiB pipe_us=2990 (pack_to_last_block_us=1821) barrier_us=3082
prefill staging: layer=11 ne0=10 ne1=1 unique=10 runs=10 blocks=1 bytes=22.2 MiB pipe_us=2829 (pack_to_last_block_us=1749) barrier_us=2897
prefill staging: layer=12 ne0=10 ne1=1 unique=10 runs=10 blocks=1 bytes=22.2 MiB pipe_us=3229 (pack_to_last_block_us=2143) barrier_us=3344
prefill staging: layer=13 ne0=10 ne1=1 unique=10 runs=10 blocks=1 bytes=22.2 MiB pipe_us=3054 (pack_to_last_block_us=1930) barrier_us=3182
prefill staging: layer=14 ne0=10 ne1=1 unique=10 runs=10 blocks=1 bytes=22.2 MiB pipe_us=2789 (pack_to_last_block_us=1544) barrier_us=2892
prefill staging: layer=15 ne0=10 ne1=1 unique=10 runs=10 blocks=1 bytes=22.2 MiB pipe_us=2924 (pack_to_last_block_us=1811) barrier_us=2989
prefill staging: layer=16 ne0=10 ne1=1 unique=10 runs=10 blocks=1 bytes=22.2 MiB pipe_us=2786 (pack_to_last_block_us=1673) barrier_us=2913
prefill staging: layer=17 ne0=10 ne1=1 unique=10 runs=10 blocks=1 bytes=22.2 MiB pipe_us=2804 (pack_to_last_block_us=1649) barrier_us=3495
prefill staging: layer=18 ne0=10 ne1=1 unique=10 runs=9 blocks=1 bytes=22.2 MiB pipe_us=2597 (pack_to_last_block_us=1479) barrier_us=2649
prefill staging: layer=19 ne0=10 ne1=1 unique=10 runs=9 blocks=1 bytes=22.2 MiB pipe_us=2626 (pack_to_last_block_us=1527) barrier_us=2707
prefill staging: layer=20 ne0=10 ne1=1 unique=10 runs=9 blocks=1 bytes=22.2 MiB pipe_us=2687 (pack_to_last_block_us=1475) barrier_us=3298
prefill staging: layer=21 ne0=10 ne1=1 unique=10 runs=10 blocks=1 bytes=22.2 MiB pipe_us=2446 (pack_to_last_block_us=1336) barrier_us=2725
prefill staging: layer=22 ne0=10 ne1=1 unique=10 runs=10 blocks=1 bytes=22.2 MiB pipe_us=2637 (pack_to_last_block_us=1540) barrier_us=2713
prefill staging: layer=23 ne0=10 ne1=1 unique=10 runs=10 blocks=1 bytes=22.2 MiB pipe_us=3302 (pack_to_last_block_us=2209) barrier_us=3433
prefill staging: layer=24 ne0=10 ne1=1 unique=10 runs=10 blocks=1 bytes=22.2 MiB pipe_us=2723 (pack_to_last_block_us=1437) barrier_us=3426
prefill staging: layer=25 ne0=10 ne1=1 unique=10 runs=9 blocks=1 bytes=22.2 MiB pipe_us=2655 (pack_to_last_block_us=1519) barrier_us=2712
prefill staging: layer=26 ne0=10 ne1=1 unique=10 runs=10 blocks=1 bytes=22.2 MiB pipe_us=2687 (pack_to_last_block_us=1595) barrier_us=2813
prefill staging: layer=27 ne0=10 ne1=1 unique=10 runs=10 blocks=1 bytes=22.2 MiB pipe_us=2457 (pack_to_last_block_us=1358) barrier_us=2587
prefill staging: layer=28 ne0=10 ne1=1 unique=10 runs=10 blocks=1 bytes=22.2 MiB pipe_us=3138 (pack_to_last_block_us=1964) barrier_us=3269
prefill staging: layer=29 ne0=10 ne1=1 unique=10 runs=10 blocks=1 bytes=22.2 MiB pipe_us=2552 (pack_to_last_block_us=1485) barrier_us=2667
prefill staging: layer=30 ne0=10 ne1=1 unique=10 runs=10 blocks=1 bytes=30.0 MiB pipe_us=3208 (pack_to_last_block_us=1651) barrier_us=3323
prefill staging: layer=31 ne0=10 ne1=1 unique=10 runs=10 blocks=1 bytes=22.2 MiB pipe_us=2849 (pack_to_last_block_us=1641) barrier_us=3315
prefill staging: layer=32 ne0=10 ne1=1 unique=10 runs=10 blocks=1 bytes=22.2 MiB pipe_us=2648 (pack_to_last_block_us=1529) barrier_us=2723
prefill staging: layer=33 ne0=10 ne1=1 unique=10 runs=10 blocks=1 bytes=22.2 MiB pipe_us=2668 (pack_to_last_block_us=1567) barrier_us=2792
prefill staging: layer=34 ne0=10 ne1=1 unique=10 runs=10 blocks=1 bytes=22.2 MiB pipe_us=2681 (pack_to_last_block_us=1598) barrier_us=2800
prefill staging: layer=35 ne0=10 ne1=1 unique=10 runs=9 blocks=1 bytes=22.2 MiB pipe_us=2835 (pack_to_last_block_us=1650) barrier_us=3692
prefill staging: layer=36 ne0=10 ne1=1 unique=10 runs=10 blocks=1 bytes=22.2 MiB pipe_us=2676 (pack_to_last_block_us=1555) barrier_us=2756
prefill staging: layer=37 ne0=10 ne1=1 unique=10 runs=10 blocks=1 bytes=22.2 MiB pipe_us=2687 (pack_to_last_block_us=1592) barrier_us=2813
prefill staging: layer=38 ne0=10 ne1=1 unique=10 runs=10 blocks=1 bytes=22.2 MiB pipe_us=2655 (pack_to_last_block_us=1460) barrier_us=3041
prefill staging: layer=39 ne0=10 ne1=1 unique=10 runs=10 blocks=1 bytes=22.2 MiB pipe_us=2660 (pack_to_last_block_us=1516) barrier_us=2745
prefill staging: layer=40 ne0=10 ne1=1 unique=10 runs=10 blocks=1 bytes=22.2 MiB pipe_us=2722 (pack_to_last_block_us=1625) barrier_us=2853
prefill staging: layer=41 ne0=10 ne1=1 unique=10 runs=10 blocks=1 bytes=22.2 MiB pipe_us=2599 (pack_to_last_block_us=1487) barrier_us=2712
prefill staging: layer=42 ne0=10 ne1=1 unique=10 runs=10 blocks=1 bytes=22.2 MiB pipe_us=2504 (pack_to_last_block_us=1389) barrier_us=3276
prefill staging: layer=43 ne0=10 ne1=1 unique=10 runs=10 blocks=1 bytes=22.2 MiB pipe_us=2557 (pack_to_last_block_us=1483) barrier_us=2622
prefill staging: layer=44 ne0=10 ne1=1 unique=10 runs=10 blocks=1 bytes=22.2 MiB pipe_us=2481 (pack_to_last_block_us=1393) barrier_us=2608
prefill staging: layer=45 ne0=10 ne1=1 unique=10 runs=10 blocks=1 bytes=22.2 MiB pipe_us=2520 (pack_to_last_block_us=1360) barrier_us=2747
prefill staging: layer=46 ne0=10 ne1=1 unique=10 runs=10 blocks=1 bytes=30.0 MiB pipe_us=3452 (pack_to_last_block_us=1860) barrier_us=3521
prefill staging: layer=47 ne0=10 ne1=1 unique=10 runs=9 blocks=1 bytes=30.0 MiB pipe_us=4666 (pack_to_last_block_us=2950) barrier_us=4805
prefill staging: layer=0 ne0=10 ne1=1 unique=10 runs=10 blocks=1 bytes=22.2 MiB pipe_us=2753 (pack_to_last_block_us=1662) barrier_us=2840
prefill staging: layer=1 ne0=10 ne1=1 unique=10 runs=10 blocks=1 bytes=22.2 MiB pipe_us=2770 (pack_to_last_block_us=1643) barrier_us=2905
prefill staging: layer=2 ne0=10 ne1=1 unique=10 runs=9 blocks=1 bytes=33.2 MiB pipe_us=3984 (pack_to_last_block_us=2190) barrier_us=4113
prefill staging: layer=3 ne0=10 ne1=1 unique=10 runs=10 blocks=1 bytes=22.2 MiB pipe_us=3295 (pack_to_last_block_us=2011) barrier_us=3870
prefill staging: layer=4 ne0=10 ne1=1 unique=10 runs=9 blocks=1 bytes=30.0 MiB pipe_us=3293 (pack_to_last_block_us=1682) barrier_us=4302
prefill staging: layer=5 ne0=10 ne1=1 unique=10 runs=10 blocks=1 bytes=22.2 MiB pipe_us=2416 (pack_to_last_block_us=1344) barrier_us=2469
prefill staging: layer=6 ne0=10 ne1=1 unique=10 runs=10 blocks=1 bytes=22.2 MiB pipe_us=2706 (pack_to_last_block_us=1618) barrier_us=2816
prefill staging: layer=7 ne0=10 ne1=1 unique=10 runs=10 blocks=1 bytes=22.2 MiB pipe_us=2630 (pack_to_last_block_us=1464) barrier_us=3560
prefill staging: layer=8 ne0=10 ne1=1 unique=10 runs=10 blocks=1 bytes=22.2 MiB pipe_us=2500 (pack_to_last_block_us=1398) barrier_us=2556
prefill staging: layer=9 ne0=10 ne1=1 unique=10 runs=9 blocks=1 bytes=22.2 MiB pipe_us=2476 (pack_to_last_block_us=1411) barrier_us=2609
prefill staging: layer=10 ne0=10 ne1=1 unique=10 runs=10 blocks=1 bytes=22.2 MiB pipe_us=2664 (pack_to_last_block_us=1464) barrier_us=3430
prefill staging: layer=11 ne0=10 ne1=1 unique=10 runs=10 blocks=1 bytes=22.2 MiB pipe_us=2896 (pack_to_last_block_us=1678) barrier_us=2972
prefill staging: layer=12 ne0=10 ne1=1 unique=10 runs=10 blocks=1 bytes=22.2 MiB pipe_us=2721 (pack_to_last_block_us=1606) barrier_us=2852
prefill staging: layer=13 ne0=10 ne1=1 unique=10 runs=10 blocks=1 bytes=22.2 MiB pipe_us=2675 (pack_to_last_block_us=1539) barrier_us=2822
prefill staging: layer=14 ne0=10 ne1=1 unique=10 runs=10 blocks=1 bytes=22.2 MiB pipe_us=2941 (pack_to_last_block_us=1787) barrier_us=3846
prefill staging: layer=15 ne0=10 ne1=1 unique=10 runs=9 blocks=1 bytes=22.2 MiB pipe_us=2823 (pack_to_last_block_us=1665) barrier_us=2903
prefill staging: layer=16 ne0=10 ne1=1 unique=10 runs=10 blocks=1 bytes=22.2 MiB pipe_us=2819 (pack_to_last_block_us=1635) barrier_us=2946
prefill staging: layer=17 ne0=10 ne1=1 unique=10 runs=10 blocks=1 bytes=22.2 MiB pipe_us=2647 (pack_to_last_block_us=1413) barrier_us=2802
prefill staging: layer=18 ne0=10 ne1=1 unique=10 runs=9 blocks=1 bytes=22.2 MiB pipe_us=2733 (pack_to_last_block_us=1617) barrier_us=2798
prefill staging: layer=19 ne0=10 ne1=1 unique=10 runs=10 blocks=1 bytes=22.2 MiB pipe_us=2746 (pack_to_last_block_us=1637) barrier_us=2877
prefill staging: layer=20 ne0=10 ne1=1 unique=10 runs=10 blocks=1 bytes=22.2 MiB pipe_us=3072 (pack_to_last_block_us=2008) barrier_us=3199
prefill staging: layer=21 ne0=10 ne1=1 unique=10 runs=10 blocks=1 bytes=22.2 MiB pipe_us=2796 (pack_to_last_block_us=1580) barrier_us=3159
prefill staging: layer=22 ne0=10 ne1=1 unique=10 runs=10 blocks=1 bytes=22.2 MiB pipe_us=2540 (pack_to_last_block_us=1446) barrier_us=2602
prefill staging: layer=23 ne0=10 ne1=1 unique=10 runs=10 blocks=1 bytes=22.2 MiB pipe_us=2464 (pack_to_last_block_us=1394) barrier_us=2534
prefill staging: layer=24 ne0=10 ne1=1 unique=10 runs=10 blocks=1 bytes=22.2 MiB pipe_us=2700 (pack_to_last_block_us=1525) barrier_us=3038
prefill staging: layer=25 ne0=10 ne1=1 unique=10 runs=10 blocks=1 bytes=22.2 MiB pipe_us=2621 (pack_to_last_block_us=1506) barrier_us=2700
prefill staging: layer=26 ne0=10 ne1=1 unique=10 runs=10 blocks=1 bytes=22.2 MiB pipe_us=2750 (pack_to_last_block_us=1643) barrier_us=2893
prefill staging: layer=27 ne0=10 ne1=1 unique=10 runs=10 blocks=1 bytes=22.2 MiB pipe_us=2773 (pack_to_last_block_us=1629) barrier_us=2898
prefill staging: layer=28 ne0=10 ne1=1 unique=10 runs=10 blocks=1 bytes=22.2 MiB pipe_us=2597 (pack_to_last_block_us=1386) barrier_us=3681
prefill staging: layer=29 ne0=10 ne1=1 unique=10 runs=10 blocks=1 bytes=22.2 MiB pipe_us=2481 (pack_to_last_block_us=1377) barrier_us=2538
prefill staging: layer=30 ne0=10 ne1=1 unique=10 runs=10 blocks=1 bytes=30.0 MiB pipe_us=3495 (pack_to_last_block_us=1916) barrier_us=3627
prefill staging: layer=31 ne0=10 ne1=1 unique=10 runs=9 blocks=1 bytes=22.2 MiB pipe_us=2972 (pack_to_last_block_us=1821) barrier_us=3165
prefill staging: layer=32 ne0=10 ne1=1 unique=10 runs=10 blocks=1 bytes=22.2 MiB pipe_us=2936 (pack_to_last_block_us=1612) barrier_us=3414
prefill staging: layer=33 ne0=10 ne1=1 unique=10 runs=10 blocks=1 bytes=22.2 MiB pipe_us=2624 (pack_to_last_block_us=1529) barrier_us=2702
prefill staging: layer=34 ne0=10 ne1=1 unique=10 runs=10 blocks=1 bytes=22.2 MiB pipe_us=2471 (pack_to_last_block_us=1415) barrier_us=2589
prefill staging: layer=35 ne0=10 ne1=1 unique=10 runs=10 blocks=1 bytes=22.2 MiB pipe_us=2600 (pack_to_last_block_us=1393) barrier_us=2978
prefill staging: layer=36 ne0=10 ne1=1 unique=10 runs=10 blocks=1 bytes=22.2 MiB pipe_us=2346 (pack_to_last_block_us=1290) barrier_us=2429
prefill staging: layer=37 ne0=10 ne1=1 unique=10 runs=10 blocks=1 bytes=22.2 MiB pipe_us=2591 (pack_to_last_block_us=1493) barrier_us=2702
prefill staging: layer=38 ne0=10 ne1=1 unique=10 runs=10 blocks=1 bytes=22.2 MiB pipe_us=2722 (pack_to_last_block_us=1561) barrier_us=2788
prefill staging: layer=39 ne0=10 ne1=1 unique=10 runs=9 blocks=1 bytes=22.2 MiB pipe_us=3044 (pack_to_last_block_us=1912) barrier_us=3132
prefill staging: layer=40 ne0=10 ne1=1 unique=10 runs=9 blocks=1 bytes=22.2 MiB pipe_us=2540 (pack_to_last_block_us=1470) barrier_us=2665
prefill staging: layer=41 ne0=10 ne1=1 unique=10 runs=10 blocks=1 bytes=22.2 MiB pipe_us=2817 (pack_to_last_block_us=1577) barrier_us=3434
prefill staging: layer=42 ne0=10 ne1=1 unique=10 runs=9 blocks=1 bytes=22.2 MiB pipe_us=2419 (pack_to_last_block_us=1332) barrier_us=2493
prefill staging: layer=43 ne0=10 ne1=1 unique=10 runs=10 blocks=1 bytes=22.2 MiB pipe_us=2581 (pack_to_last_block_us=1461) barrier_us=2662
prefill staging: layer=44 ne0=10 ne1=1 unique=10 runs=9 blocks=1 bytes=22.2 MiB pipe_us=2966 (pack_to_last_block_us=1840) barrier_us=3082
prefill staging: layer=45 ne0=10 ne1=1 unique=10 runs=10 blocks=1 bytes=22.2 MiB pipe_us=2846 (pack_to_last_block_us=1633) barrier_us=3899
prefill staging: layer=46 ne0=10 ne1=1 unique=10 runs=10 blocks=1 bytes=30.0 MiB pipe_us=3473 (pack_to_last_block_us=1764) barrier_us=4215
prefill staging: layer=47 ne0=10 ne1=1 unique=10 runs=10 blocks=1 bytes=30.0 MiB pipe_us=4425 (pack_to_last_block_us=2719) barrier_us=4674
prefill staging: layer=0 ne0=10 ne1=1 unique=10 runs=10 blocks=1 bytes=22.2 MiB pipe_us=2694 (pack_to_last_block_us=1590) barrier_us=2774
prefill staging: layer=1 ne0=10 ne1=1 unique=10 runs=10 blocks=1 bytes=22.2 MiB pipe_us=2635 (pack_to_last_block_us=1586) barrier_us=2775
prefill staging: layer=2 ne0=10 ne1=1 unique=10 runs=9 blocks=1 bytes=33.2 MiB pipe_us=3574 (pack_to_last_block_us=1861) barrier_us=3689
prefill staging: layer=3 ne0=10 ne1=1 unique=10 runs=10 blocks=1 bytes=22.2 MiB pipe_us=3250 (pack_to_last_block_us=2023) barrier_us=4214
prefill staging: layer=4 ne0=10 ne1=1 unique=10 runs=10 blocks=1 bytes=30.0 MiB pipe_us=3275 (pack_to_last_block_us=1702) barrier_us=3693
prefill staging: layer=5 ne0=10 ne1=1 unique=10 runs=10 blocks=1 bytes=22.2 MiB pipe_us=2631 (pack_to_last_block_us=1540) barrier_us=2700
prefill staging: layer=6 ne0=10 ne1=1 unique=10 runs=10 blocks=1 bytes=22.2 MiB pipe_us=2672 (pack_to_last_block_us=1573) barrier_us=2801
prefill staging: layer=7 ne0=10 ne1=1 unique=10 runs=10 blocks=1 bytes=22.2 MiB pipe_us=2502 (pack_to_last_block_us=1331) barrier_us=3441
prefill staging: layer=8 ne0=10 ne1=1 unique=10 runs=10 blocks=1 bytes=22.2 MiB pipe_us=2790 (pack_to_last_block_us=1669) barrier_us=2861
prefill staging: layer=9 ne0=10 ne1=1 unique=10 runs=10 blocks=1 bytes=22.2 MiB pipe_us=2623 (pack_to_last_block_us=1454) barrier_us=2789
prefill staging: layer=10 ne0=10 ne1=1 unique=10 runs=10 blocks=1 bytes=22.2 MiB pipe_us=2847 (pack_to_last_block_us=1581) barrier_us=3177
prefill staging: layer=11 ne0=10 ne1=1 unique=10 runs=10 blocks=1 bytes=22.2 MiB pipe_us=2644 (pack_to_last_block_us=1541) barrier_us=2712
prefill staging: layer=12 ne0=10 ne1=1 unique=10 runs=9 blocks=1 bytes=22.2 MiB pipe_us=3070 (pack_to_last_block_us=1960) barrier_us=3201
prefill staging: layer=13 ne0=10 ne1=1 unique=10 runs=10 blocks=1 bytes=22.2 MiB pipe_us=2426 (pack_to_last_block_us=1314) barrier_us=2927
prefill staging: layer=14 ne0=10 ne1=1 unique=10 runs=10 blocks=1 bytes=22.2 MiB pipe_us=2704 (pack_to_last_block_us=1493) barrier_us=2773
prefill staging: layer=15 ne0=10 ne1=1 unique=10 runs=9 blocks=1 bytes=22.2 MiB pipe_us=2686 (pack_to_last_block_us=1525) barrier_us=2781
prefill staging: layer=16 ne0=10 ne1=1 unique=10 runs=9 blocks=1 bytes=22.2 MiB pipe_us=3132 (pack_to_last_block_us=1980) barrier_us=3251
prefill staging: layer=17 ne0=10 ne1=1 unique=10 runs=10 blocks=1 bytes=22.2 MiB pipe_us=2786 (pack_to_last_block_us=1554) barrier_us=2907
prefill staging: layer=18 ne0=10 ne1=1 unique=10 runs=10 blocks=1 bytes=22.2 MiB pipe_us=2355 (pack_to_last_block_us=1272) barrier_us=2422
prefill staging: layer=19 ne0=10 ne1=1 unique=10 runs=10 blocks=1 bytes=22.2 MiB pipe_us=2384 (pack_to_last_block_us=1300) barrier_us=2464
prefill staging: layer=20 ne0=10 ne1=1 unique=10 runs=10 blocks=1 bytes=22.2 MiB pipe_us=3427 (pack_to_last_block_us=2274) barrier_us=3581
prefill staging: layer=21 ne0=10 ne1=1 unique=10 runs=10 blocks=1 bytes=22.2 MiB pipe_us=2512 (pack_to_last_block_us=1454) barrier_us=2634
prefill staging: layer=22 ne0=10 ne1=1 unique=10 runs=10 blocks=1 bytes=22.2 MiB pipe_us=2718 (pack_to_last_block_us=1535) barrier_us=2933
prefill staging: layer=23 ne0=10 ne1=1 unique=10 runs=10 blocks=1 bytes=22.2 MiB pipe_us=2966 (pack_to_last_block_us=1716) barrier_us=3119
prefill staging: layer=24 ne0=10 ne1=1 unique=10 runs=10 blocks=1 bytes=22.2 MiB pipe_us=2937 (pack_to_last_block_us=1853) barrier_us=3049
prefill staging: layer=25 ne0=10 ne1=1 unique=10 runs=10 blocks=1 bytes=22.2 MiB pipe_us=2866 (pack_to_last_block_us=1598) barrier_us=3006
prefill staging: layer=26 ne0=10 ne1=1 unique=10 runs=10 blocks=1 bytes=22.2 MiB pipe_us=2684 (pack_to_last_block_us=1527) barrier_us=2754
prefill staging: layer=27 ne0=10 ne1=1 unique=10 runs=10 blocks=1 bytes=22.2 MiB pipe_us=2700 (pack_to_last_block_us=1599) barrier_us=2768
prefill staging: layer=28 ne0=10 ne1=1 unique=10 runs=10 blocks=1 bytes=22.2 MiB pipe_us=2591 (pack_to_last_block_us=1507) barrier_us=2702
prefill staging: layer=29 ne0=10 ne1=1 unique=10 runs=10 blocks=1 bytes=22.2 MiB pipe_us=2643 (pack_to_last_block_us=1473) barrier_us=3634
prefill staging: layer=30 ne0=10 ne1=1 unique=10 runs=10 blocks=1 bytes=30.0 MiB pipe_us=3312 (pack_to_last_block_us=1723) barrier_us=3553
prefill staging: layer=31 ne0=10 ne1=1 unique=10 runs=10 blocks=1 bytes=22.2 MiB pipe_us=2793 (pack_to_last_block_us=1672) barrier_us=2863
prefill staging: layer=32 ne0=10 ne1=1 unique=10 runs=10 blocks=1 bytes=22.2 MiB pipe_us=2830 (pack_to_last_block_us=1698) barrier_us=2952
prefill staging: layer=33 ne0=10 ne1=1 unique=10 runs=10 blocks=1 bytes=22.2 MiB pipe_us=2732 (pack_to_last_block_us=1455) barrier_us=3116
prefill staging: layer=34 ne0=10 ne1=1 unique=10 runs=9 blocks=1 bytes=22.2 MiB pipe_us=2499 (pack_to_last_block_us=1426) barrier_us=2563
prefill staging: layer=35 ne0=10 ne1=1 unique=10 runs=10 blocks=1 bytes=22.2 MiB pipe_us=2955 (pack_to_last_block_us=1782) barrier_us=3092
prefill staging: layer=36 ne0=10 ne1=1 unique=10 runs=10 blocks=1 bytes=22.2 MiB pipe_us=2648 (pack_to_last_block_us=1461) barrier_us=3211
prefill staging: layer=37 ne0=10 ne1=1 unique=10 runs=10 blocks=1 bytes=22.2 MiB pipe_us=2813 (pack_to_last_block_us=1641) barrier_us=3037
prefill staging: layer=38 ne0=10 ne1=1 unique=10 runs=10 blocks=1 bytes=22.2 MiB pipe_us=2616 (pack_to_last_block_us=1519) barrier_us=2696
prefill staging: layer=39 ne0=10 ne1=1 unique=10 runs=10 blocks=1 bytes=22.2 MiB pipe_us=2424 (pack_to_last_block_us=1360) barrier_us=2562
prefill staging: layer=40 ne0=10 ne1=1 unique=10 runs=10 blocks=1 bytes=22.2 MiB pipe_us=2850 (pack_to_last_block_us=1574) barrier_us=3627
prefill staging: layer=41 ne0=10 ne1=1 unique=10 runs=10 blocks=1 bytes=22.2 MiB pipe_us=2583 (pack_to_last_block_us=1470) barrier_us=2660
prefill staging: layer=42 ne0=10 ne1=1 unique=10 runs=10 blocks=1 bytes=22.2 MiB pipe_us=2433 (pack_to_last_block_us=1341) barrier_us=2548
prefill staging: layer=43 ne0=10 ne1=1 unique=10 runs=9 blocks=1 bytes=22.2 MiB pipe_us=3027 (pack_to_last_block_us=1888) barrier_us=3144
prefill staging: layer=44 ne0=10 ne1=1 unique=10 runs=9 blocks=1 bytes=22.2 MiB pipe_us=2510 (pack_to_last_block_us=1406) barrier_us=2574
prefill staging: layer=45 ne0=10 ne1=1 unique=10 runs=10 blocks=1 bytes=22.2 MiB pipe_us=2440 (pack_to_last_block_us=1340) barrier_us=2555
prefill staging: layer=46 ne0=10 ne1=1 unique=10 runs=10 blocks=1 bytes=30.0 MiB pipe_us=3675 (pack_to_last_block_us=1963) barrier_us=3823
prefill staging: layer=47 ne0=10 ne1=1 unique=10 runs=10 blocks=1 bytes=30.0 MiB pipe_us=4635 (pack_to_last_block_us=3081) barrier_us=4773
prefill staging: layer=0 ne0=10 ne1=1 unique=10 runs=10 blocks=1 bytes=22.2 MiB pipe_us=3027 (pack_to_last_block_us=1784) barrier_us=3371
prefill staging: layer=1 ne0=10 ne1=1 unique=10 runs=10 blocks=1 bytes=22.2 MiB pipe_us=3197 (pack_to_last_block_us=2053) barrier_us=3341
prefill staging: layer=2 ne0=10 ne1=1 unique=10 runs=10 blocks=1 bytes=33.2 MiB pipe_us=4265 (pack_to_last_block_us=2512) barrier_us=4951
prefill staging: layer=3 ne0=10 ne1=1 unique=10 runs=10 blocks=1 bytes=22.2 MiB pipe_us=2725 (pack_to_last_block_us=1623) barrier_us=2784
prefill staging: layer=4 ne0=10 ne1=1 unique=10 runs=10 blocks=1 bytes=30.0 MiB pipe_us=3583 (pack_to_last_block_us=2012) barrier_us=3720
prefill staging: layer=5 ne0=10 ne1=1 unique=10 runs=10 blocks=1 bytes=22.2 MiB pipe_us=2675 (pack_to_last_block_us=1478) barrier_us=3044
prefill staging: layer=6 ne0=10 ne1=1 unique=10 runs=9 blocks=1 bytes=22.2 MiB pipe_us=2732 (pack_to_last_block_us=1636) barrier_us=3129
prefill staging: layer=7 ne0=10 ne1=1 unique=10 runs=10 blocks=1 bytes=22.2 MiB pipe_us=2459 (pack_to_last_block_us=1392) barrier_us=2515
prefill staging: layer=8 ne0=10 ne1=1 unique=10 runs=10 blocks=1 bytes=22.2 MiB pipe_us=3131 (pack_to_last_block_us=2062) barrier_us=3254
prefill staging: layer=9 ne0=10 ne1=1 unique=10 runs=10 blocks=1 bytes=22.2 MiB pipe_us=2464 (pack_to_last_block_us=1329) barrier_us=3243
prefill staging: layer=10 ne0=10 ne1=1 unique=10 runs=10 blocks=1 bytes=22.2 MiB pipe_us=2591 (pack_to_last_block_us=1524) barrier_us=2663
prefill staging: layer=11 ne0=10 ne1=1 unique=10 runs=10 blocks=1 bytes=22.2 MiB pipe_us=2597 (pack_to_last_block_us=1539) barrier_us=2728
prefill staging: layer=12 ne0=10 ne1=1 unique=10 runs=10 blocks=1 bytes=22.2 MiB pipe_us=3236 (pack_to_last_block_us=2155) barrier_us=3363
prefill staging: layer=13 ne0=10 ne1=1 unique=10 runs=10 blocks=1 bytes=22.2 MiB pipe_us=2787 (pack_to_last_block_us=1639) barrier_us=2866
prefill staging: layer=14 ne0=10 ne1=1 unique=10 runs=10 blocks=1 bytes=22.2 MiB pipe_us=2456 (pack_to_last_block_us=1383) barrier_us=2581
prefill staging: layer=15 ne0=10 ne1=1 unique=10 runs=10 blocks=1 bytes=22.2 MiB pipe_us=3134 (pack_to_last_block_us=2036) barrier_us=3268
prefill staging: layer=16 ne0=10 ne1=1 unique=10 runs=10 blocks=1 bytes=22.2 MiB pipe_us=2646 (pack_to_last_block_us=1496) barrier_us=2847
prefill staging: layer=17 ne0=10 ne1=1 unique=10 runs=10 blocks=1 bytes=22.2 MiB pipe_us=2787 (pack_to_last_block_us=1638) barrier_us=2877
prefill staging: layer=18 ne0=10 ne1=1 unique=10 runs=9 blocks=1 bytes=22.2 MiB pipe_us=2570 (pack_to_last_block_us=1497) barrier_us=2708
prefill staging: layer=19 ne0=10 ne1=1 unique=10 runs=10 blocks=1 bytes=22.2 MiB pipe_us=3235 (pack_to_last_block_us=2055) barrier_us=3563
prefill staging: layer=20 ne0=10 ne1=1 unique=10 runs=10 blocks=1 bytes=22.2 MiB pipe_us=3157 (pack_to_last_block_us=1992) barrier_us=3525
prefill staging: layer=21 ne0=10 ne1=1 unique=10 runs=10 blocks=1 bytes=22.2 MiB pipe_us=2718 (pack_to_last_block_us=1602) barrier_us=2794
prefill staging: layer=22 ne0=10 ne1=1 unique=10 runs=10 blocks=1 bytes=22.2 MiB pipe_us=2597 (pack_to_last_block_us=1520) barrier_us=2731
prefill staging: layer=23 ne0=10 ne1=1 unique=10 runs=10 blocks=1 bytes=22.2 MiB pipe_us=3070 (pack_to_last_block_us=1812) barrier_us=3639
prefill staging: layer=24 ne0=10 ne1=1 unique=10 runs=10 blocks=1 bytes=22.2 MiB pipe_us=3381 (pack_to_last_block_us=2118) barrier_us=4245
prefill staging: layer=25 ne0=10 ne1=1 unique=10 runs=10 blocks=1 bytes=22.2 MiB pipe_us=2480 (pack_to_last_block_us=1425) barrier_us=2536
prefill staging: layer=26 ne0=10 ne1=1 unique=10 runs=10 blocks=1 bytes=22.2 MiB pipe_us=2281 (pack_to_last_block_us=1236) barrier_us=2400
prefill staging: layer=27 ne0=10 ne1=1 unique=10 runs=9 blocks=1 bytes=22.2 MiB pipe_us=2824 (pack_to_last_block_us=1514) barrier_us=3961
prefill staging: layer=28 ne0=10 ne1=1 unique=10 runs=10 blocks=1 bytes=22.2 MiB pipe_us=2673 (pack_to_last_block_us=1527) barrier_us=3138
prefill staging: layer=29 ne0=10 ne1=1 unique=10 runs=10 blocks=1 bytes=22.2 MiB pipe_us=2805 (pack_to_last_block_us=1677) barrier_us=2861
prefill staging: layer=30 ne0=10 ne1=1 unique=10 runs=10 blocks=1 bytes=30.0 MiB pipe_us=3461 (pack_to_last_block_us=1867) barrier_us=3619
prefill staging: layer=31 ne0=10 ne1=1 unique=10 runs=10 blocks=1 bytes=22.2 MiB pipe_us=2895 (pack_to_last_block_us=1666) barrier_us=3385
prefill staging: layer=32 ne0=10 ne1=1 unique=10 runs=10 blocks=1 bytes=22.2 MiB pipe_us=2415 (pack_to_last_block_us=1312) barrier_us=2632
prefill staging: layer=33 ne0=10 ne1=1 unique=10 runs=10 blocks=1 bytes=22.2 MiB pipe_us=2429 (pack_to_last_block_us=1317) barrier_us=2541
prefill staging: layer=34 ne0=10 ne1=1 unique=10 runs=9 blocks=1 bytes=22.2 MiB pipe_us=2804 (pack_to_last_block_us=1687) barrier_us=2919
prefill staging: layer=35 ne0=10 ne1=1 unique=10 runs=10 blocks=1 bytes=22.2 MiB pipe_us=2423 (pack_to_last_block_us=1341) barrier_us=2482
prefill staging: layer=36 ne0=10 ne1=1 unique=10 runs=9 blocks=1 bytes=22.2 MiB pipe_us=2671 (pack_to_last_block_us=1563) barrier_us=2797
prefill staging: layer=37 ne0=10 ne1=1 unique=10 runs=9 blocks=1 bytes=22.2 MiB pipe_us=2672 (pack_to_last_block_us=1569) barrier_us=2784
prefill staging: layer=38 ne0=10 ne1=1 unique=10 runs=10 blocks=1 bytes=22.2 MiB pipe_us=2616 (pack_to_last_block_us=1478) barrier_us=2880
prefill staging: layer=39 ne0=10 ne1=1 unique=10 runs=9 blocks=1 bytes=22.2 MiB pipe_us=2594 (pack_to_last_block_us=1488) barrier_us=2654
prefill staging: layer=40 ne0=10 ne1=1 unique=10 runs=10 blocks=1 bytes=22.2 MiB pipe_us=2646 (pack_to_last_block_us=1574) barrier_us=2758
prefill staging: layer=41 ne0=10 ne1=1 unique=10 runs=10 blocks=1 bytes=22.2 MiB pipe_us=2358 (pack_to_last_block_us=1250) barrier_us=2618
prefill staging: layer=42 ne0=10 ne1=1 unique=10 runs=10 blocks=1 bytes=22.2 MiB pipe_us=2399 (pack_to_last_block_us=1316) barrier_us=2447
prefill staging: layer=43 ne0=10 ne1=1 unique=10 runs=10 blocks=1 bytes=22.2 MiB pipe_us=2257 (pack_to_last_block_us=1200) barrier_us=2374
prefill staging: layer=44 ne0=10 ne1=1 unique=10 runs=10 blocks=1 bytes=22.2 MiB pipe_us=2573 (pack_to_last_block_us=1470) barrier_us=2699
prefill staging: layer=45 ne0=10 ne1=1 unique=10 runs=10 blocks=1 bytes=22.2 MiB pipe_us=2699 (pack_to_last_block_us=1575) barrier_us=2830
prefill staging: layer=46 ne0=10 ne1=1 unique=10 runs=10 blocks=1 bytes=30.0 MiB pipe_us=3243 (pack_to_last_block_us=1664) barrier_us=3357
prefill staging: layer=47 ne0=10 ne1=1 unique=10 runs=10 blocks=1 bytes=30.0 MiB pipe_us=4647 (pack_to_last_block_us=3085) barrier_us=4755
PREFILL_COLD_ONLY prompt=16363 n_batch=6144 n_ubatch=6144 prefill_ms=23407.175 tok_s=699.059
~llama_context:      CUDA0 compute buffer size is 6120.0000 MiB, matches expectation of 6120.0000 MiB
~llama_context:  CUDA_Host compute buffer size is 426.8555 MiB, matches expectation of 426.8555 MiB
