ggml_cuda_init: found 1 CUDA devices (Total VRAM: 16375 MiB):
  Device 0: NVIDIA GeForce RTX 4080 SUPER, compute capability 8.9, VMM: yes, VRAM: 16375 MiB
llama_model_loader: additional 2 GGUFs metadata loaded.
llama_model_loader: loaded meta data with 67 key-value pairs and 1224 tensors from E:\AI\Models\Qwen3.8-Flash-Next-UD-IQ4_XS\Qwen3.8-Flash-Next-UD-IQ4_XS-00001-of-00003.gguf (version GGUF V3 (latest))
llama_model_loader: Dumping metadata keys/values. Note: KV overrides do not apply in this output.
llama_model_loader: - kv   0:                       general.architecture str              = qwen4exp
llama_model_loader: - kv   1:                               general.type str              = model
llama_model_loader: - kv   2:                     general.sampling.top_k i32              = 20
llama_model_loader: - kv   3:                     general.sampling.top_p f32              = 0.950000
llama_model_loader: - kv   4:                      general.sampling.temp f32              = 1.000000
llama_model_loader: - kv   5:                               general.name str              = Qwen3.8 Flash Next
llama_model_loader: - kv   6:                        general.description str              = A Preview of the Qwen4 Architecture
llama_model_loader: - kv   7:                         general.size_label str              = 512x56B
llama_model_loader: - kv   8:                       qwen4exp.block_count u32              = 48
llama_model_loader: - kv   9:                    qwen4exp.context_length u32              = 262144
llama_model_loader: - kv  10:                  qwen4exp.embedding_length u32              = 2560
llama_model_loader: - kv  11:              qwen4exp.attention.head_count u32              = 24
llama_model_loader: - kv  12:           qwen4exp.attention.head_count_kv u32              = 2
llama_model_loader: - kv  13:           qwen4exp.rope.dimension_sections arr[i32,4]       = [11, 11, 10, 0]
llama_model_loader: - kv  14:                    qwen4exp.rope.freq_base f32              = 10000000.000000
llama_model_loader: - kv  15:  qwen4exp.attention.layer_norm_rms_epsilon f32              = 0.000001
llama_model_loader: - kv  16:                      qwen4exp.expert_count u32              = 512
llama_model_loader: - kv  17:                 qwen4exp.expert_used_count u32              = 10
llama_model_loader: - kv  18:              qwen4exp.attention.key_length u32              = 256
llama_model_loader: - kv  19:            qwen4exp.attention.value_length u32              = 256
llama_model_loader: - kv  20:        qwen4exp.expert_feed_forward_length u32              = 640
llama_model_loader: - kv  21: qwen4exp.expert_shared_feed_forward_length u32              = 640
llama_model_loader: - kv  22:                   qwen4exp.ssm.conv_kernel u32              = 4
llama_model_loader: - kv  23:                    qwen4exp.ssm.state_size u32              = 128
llama_model_loader: - kv  24:                   qwen4exp.ssm.group_count u32              = 16
llama_model_loader: - kv  25:                qwen4exp.ssm.time_step_rank u32              = 48
llama_model_loader: - kv  26:                    qwen4exp.ssm.inner_size u32              = 6144
llama_model_loader: - kv  27:           qwen4exp.full_attention_interval u32              = 4
llama_model_loader: - kv  28:              qwen4exp.rope.dimension_count u32              = 64
llama_model_loader: - kv  29:            qwen4exp.hyper_connection.count u32              = 4
llama_model_loader: - kv  30:         qwen4exp.hyper_connection.low_rank u32              = 320
llama_model_loader: - kv  31:      qwen4exp.attention.indexer.head_count u32              = 4
llama_model_loader: - kv  32:      qwen4exp.attention.indexer.key_length u32              = 128
llama_model_loader: - kv  33:           qwen4exp.attention.indexer.top_k u32              = 2048
llama_model_loader: - kv  34:         qwen4exp.attention.compress_ratios arr[i32,48]      = [0, 0, 0, 4, 0, 0, 0, 4, 0, 0, 0, 4, ...
llama_model_loader: - kv  35:                        qwen4exp.ple.layers arr[i32,1]       = [1]
llama_model_loader: - kv  36:                    qwen4exp.ple.ngram_size u32              = 3
llama_model_loader: - kv  37:               qwen4exp.ple.heads_per_ngram u32              = 8
llama_model_loader: - kv  38:                   qwen4exp.ple.conv_kernel u32              = 4
llama_model_loader: - kv  39:                  qwen4exp.ple.eos_token_id u32              = 248044
llama_model_loader: - kv  40:  qwen4exp.embedding_length_per_layer_input u32              = 160
llama_model_loader: - kv  41:             qwen4exp.ple.layer_multipliers arr[u64,3]       = [23703573157769, 20109073645365, 8052...
llama_model_loader: - kv  42:                  qwen4exp.ple.head_offsets arr[u64,16]      = [0, 20000003, 40000026, 60000059, 800...
llama_model_loader: - kv  43:              qwen4exp.ple.head_vocab_sizes arr[u64,16]      = [20000003, 20000023, 20000033, 200000...
llama_model_loader: - kv  44:                       tokenizer.ggml.model str              = gpt2
llama_model_loader: - kv  45:                         tokenizer.ggml.pre str              = qwen35
llama_model_loader: - kv  46:                      tokenizer.ggml.tokens arr[str,248320]  = ["!", "\"", "#", "$", "%", "&", "'", ...
llama_model_loader: - kv  47:                  tokenizer.ggml.token_type arr[i32,248320]  = [1, 1, 1, 1, 1, 1, 1, 1, 1, 1, 1, 1, ...
llama_model_loader: - kv  48:                      tokenizer.ggml.merges arr[str,247587]  = ["Ġ Ġ", "ĠĠ ĠĠ", "i n", "Ġ t",...
llama_model_loader: - kv  49:                tokenizer.ggml.eos_token_id u32              = 248046
llama_model_loader: - kv  50:            tokenizer.ggml.padding_token_id u32              = 248044
llama_model_loader: - kv  51:                tokenizer.ggml.bos_token_id u32              = 248044
llama_model_loader: - kv  52:               tokenizer.ggml.add_bos_token bool             = false
llama_model_loader: - kv  53:                    tokenizer.chat_template str              = {%- set image_count = namespace(value...
llama_model_loader: - kv  54:                qwen4exp.ple.image_token_id u32              = 248056
llama_model_loader: - kv  55:                       general.quantized_by str              = Unsloth
llama_model_loader: - kv  56:                           general.repo_url str              = https://huggingface.co/unsloth
llama_model_loader: - kv  57:                               general.tags arr[str,1]       = ["unsloth"]
llama_model_loader: - kv  58:               general.quantization_version u32              = 2
llama_model_loader: - kv  59:                          general.file_type u32              = 30
llama_model_loader: - kv  60:                      quantize.imatrix.file str              = Qwen3.8-Flash-Next-GGUF/imatrix_unslo...
llama_model_loader: - kv  61:                   quantize.imatrix.dataset str              = unsloth_calibration_Qwen3.8-Flash-Nex...
llama_model_loader: - kv  62:             quantize.imatrix.entries_count u32              = 926
llama_model_loader: - kv  63:              quantize.imatrix.chunks_count u32              = 45
llama_model_loader: - kv  64:                                   split.no u16              = 0
llama_model_loader: - kv  65:                        split.tensors.count i32              = 1224
llama_model_loader: - kv  66:                                split.count u16              = 3
llama_model_loader: - type  f32:  557 tensors
llama_model_loader: - type q8_0:  502 tensors
llama_model_loader: - type q6_K:    1 tensors
llama_model_loader: - type iq4_nl:   44 tensors
llama_model_loader: - type iq3_s:   94 tensors
llama_model_loader: - type iq4_xs:    2 tensors
llama_model_loader: - type bf16:   24 tensors
print_info: file format = GGUF V3 (latest)
print_info: file type   = IQ4_XS - 4.25 bpw
print_info: file size   = 87.24 GiB (4.24 BPW) 
llama_prepare_model_devices: using device CUDA0 (NVIDIA GeForce RTX 4080 SUPER) (0000:01:00.0) - 15061 MiB free
init_tokenizer: initializing tokenizer for type 2
load: 0 unused tokens
load: control token: 248062 '<|fim_suffix|>' is not marked as EOG
load: control token: 248072 '<tts_pad>' is not marked as EOG
load: control token: 248050 '<|box_end|>' is not marked as EOG
load: control token: 248048 '<|object_ref_end|>' is not marked as EOG
load: control token: 248055 '<|vision_pad|>' is not marked as EOG
load: control token: 248060 '<|fim_prefix|>' is not marked as EOG
load: control token: 248049 '<|box_start|>' is not marked as EOG
load: control token: 248073 '<tts_text_bos>' is not marked as EOG
load: control token: 248052 '<|quad_end|>' is not marked as EOG
load: control token: 248054 '<|vision_end|>' is not marked as EOG
load: control token: 248075 '<tts_text_bos_single>' is not marked as EOG
load: control token: 248056 '<|image_pad|>' is not marked as EOG
load: control token: 248071 '<|audio_end|>' is not marked as EOG
load: control token: 248045 '<|im_start|>' is not marked as EOG
load: control token: 248047 '<|object_ref_start|>' is not marked as EOG
load: control token: 248051 '<|quad_start|>' is not marked as EOG
load: control token: 248053 '<|vision_start|>' is not marked as EOG
load: control token: 248057 '<|video_pad|>' is not marked as EOG
load: control token: 248061 '<|fim_middle|>' is not marked as EOG
load: control token: 248070 '<|audio_start|>' is not marked as EOG
load: control token: 248074 '<tts_text_eod>' is not marked as EOG
load: control token: 248076 '<|audio_pad|>' is not marked as EOG
load: printing all EOG tokens:
load:   - 248044 ('<|endoftext|>')
load:   - 248046 ('<|im_end|>')
load:   - 248063 ('<|fim_pad|>')
load:   - 248064 ('<|repo_name|>')
load:   - 248065 ('<|file_sep|>')
load: special tokens cache size = 33
load: token to piece cache size = 1.7581 MB
print_info: arch                  = qwen4exp
print_info: vocab_only            = 0
print_info: no_alloc              = 0
print_info: n_ctx_train           = 262144
print_info: n_embd_inp            = 2560
print_info: n_embd                = 2560
print_info: n_embd_out            = 10240
print_info: n_layer               = 48
print_info: n_layer_all           = 48
print_info: n_head                = 24
print_info: n_head_kv             = 2
print_info: n_rot                 = 64
print_info: n_swa                 = 0
print_info: is_swa_any            = 0
print_info: n_embd_head_k         = 256
print_info: n_embd_head_v         = 256
print_info: n_gqa                 = 12
print_info: n_embd_k_gqa          = 512
print_info: n_embd_v_gqa          = 512
print_info: f_norm_eps            = 0.0e+00
print_info: f_norm_rms_eps        = 1.0e-06
print_info: f_clamp_kqv           = 0.0e+00
print_info: f_max_alibi_bias      = 0.0e+00
print_info: f_logit_scale         = 0.0e+00
print_info: f_attn_scale          = 0.0e+00
print_info: f_attn_value_scale    = 0.0000
print_info: n_ff                  = 0
print_info: n_expert              = 512
print_info: n_expert_used         = 10
print_info: n_expert_groups       = 0
print_info: n_group_used          = 0
print_info: causal attn           = 1
print_info: pooling type          = -1
print_info: rope type             = 40
print_info: rope scaling          = linear
print_info: freq_base_train       = 10000000.0
print_info: freq_scale_train      = 1
print_info: n_ctx_orig_yarn       = 262144
print_info: rope_yarn_log_mul     = 0.0000
print_info: rope_finetuned        = unknown
print_info: mrope sections        = [11, 11, 10, 0]
print_info: model type            = A3B
print_info: model params          = 176.94 B
print_info: general.name          = Qwen3.8 Flash Next
print_info: vocab type            = BPE
print_info: n_vocab               = 248320
print_info: n_merges              = 247587
print_info: BOS token             = 248044 '<|endoftext|>'
print_info: EOS token             = 248046 '<|im_end|>'
print_info: EOT token             = 248046 '<|im_end|>'
print_info: PAD token             = 248044 '<|endoftext|>'
print_info: LF token              = 198 'Ċ'
print_info: FIM PRE token         = 248060 '<|fim_prefix|>'
print_info: FIM SUF token         = 248062 '<|fim_suffix|>'
print_info: FIM MID token         = 248061 '<|fim_middle|>'
print_info: FIM PAD token         = 248063 '<|fim_pad|>'
print_info: FIM REP token         = 248064 '<|repo_name|>'
print_info: FIM SEP token         = 248065 '<|file_sep|>'
print_info: EOG token             = 248044 '<|endoftext|>'
print_info: EOG token             = 248046 '<|im_end|>'
print_info: EOG token             = 248063 '<|fim_pad|>'
print_info: EOG token             = 248064 '<|repo_name|>'
print_info: EOG token             = 248065 '<|file_sep|>'
print_info: max token length      = 256
load_tensors: loading model tensors, this can take a while... (load_mode = mmap)
load_tensors: layer   0 assigned to device CUDA0, is_swa = 0
load_tensors: layer   1 assigned to device CUDA0, is_swa = 0
load_tensors: layer   2 assigned to device CUDA0, is_swa = 0
load_tensors: layer   3 assigned to device CUDA0, is_swa = 0
load_tensors: layer   4 assigned to device CUDA0, is_swa = 0
load_tensors: layer   5 assigned to device CUDA0, is_swa = 0
load_tensors: layer   6 assigned to device CUDA0, is_swa = 0
load_tensors: layer   7 assigned to device CUDA0, is_swa = 0
load_tensors: layer   8 assigned to device CUDA0, is_swa = 0
load_tensors: layer   9 assigned to device CUDA0, is_swa = 0
load_tensors: layer  10 assigned to device CUDA0, is_swa = 0
load_tensors: layer  11 assigned to device CUDA0, is_swa = 0
load_tensors: layer  12 assigned to device CUDA0, is_swa = 0
load_tensors: layer  13 assigned to device CUDA0, is_swa = 0
load_tensors: layer  14 assigned to device CUDA0, is_swa = 0
load_tensors: layer  15 assigned to device CUDA0, is_swa = 0
load_tensors: layer  16 assigned to device CUDA0, is_swa = 0
load_tensors: layer  17 assigned to device CUDA0, is_swa = 0
load_tensors: layer  18 assigned to device CUDA0, is_swa = 0
load_tensors: layer  19 assigned to device CUDA0, is_swa = 0
load_tensors: layer  20 assigned to device CUDA0, is_swa = 0
load_tensors: layer  21 assigned to device CUDA0, is_swa = 0
load_tensors: layer  22 assigned to device CUDA0, is_swa = 0
load_tensors: layer  23 assigned to device CUDA0, is_swa = 0
load_tensors: layer  24 assigned to device CUDA0, is_swa = 0
load_tensors: layer  25 assigned to device CUDA0, is_swa = 0
load_tensors: layer  26 assigned to device CUDA0, is_swa = 0
load_tensors: layer  27 assigned to device CUDA0, is_swa = 0
load_tensors: layer  28 assigned to device CUDA0, is_swa = 0
load_tensors: layer  29 assigned to device CUDA0, is_swa = 0
load_tensors: layer  30 assigned to device CUDA0, is_swa = 0
load_tensors: layer  31 assigned to device CUDA0, is_swa = 0
load_tensors: layer  32 assigned to device CUDA0, is_swa = 0
load_tensors: layer  33 assigned to device CUDA0, is_swa = 0
load_tensors: layer  34 assigned to device CUDA0, is_swa = 0
load_tensors: layer  35 assigned to device CUDA0, is_swa = 0
load_tensors: layer  36 assigned to device CUDA0, is_swa = 0
load_tensors: layer  37 assigned to device CUDA0, is_swa = 0
load_tensors: layer  38 assigned to device CUDA0, is_swa = 0
load_tensors: layer  39 assigned to device CUDA0, is_swa = 0
load_tensors: layer  40 assigned to device CUDA0, is_swa = 0
load_tensors: layer  41 assigned to device CUDA0, is_swa = 0
load_tensors: layer  42 assigned to device CUDA0, is_swa = 0
load_tensors: layer  43 assigned to device CUDA0, is_swa = 0
load_tensors: layer  44 assigned to device CUDA0, is_swa = 0
load_tensors: layer  45 assigned to device CUDA0, is_swa = 0
load_tensors: layer  46 assigned to device CUDA0, is_swa = 0
load_tensors: layer  47 assigned to device CUDA0, is_swa = 0
load_tensors: layer  48 assigned to device CUDA0, is_swa = 0
create_tensor: loading tensor token_embd.weight
create_tensor: loading tensor output_hc_norm.weight
create_tensor: loading tensor output_hc_down.weight
create_tensor: loading tensor output_hc_up.weight
create_tensor: loading tensor output.weight
create_tensor: loading tensor per_layer_token_embd.weight
create_tensor: tensor per_layer_token_embd.weight (size = 27465 MiB) lazy read enabled
create_tensor: loading tensor blk.0.hc_attn_norm.weight
create_tensor: loading tensor blk.0.hc_attn_down.weight
create_tensor: loading tensor blk.0.hc_attn_up.weight
create_tensor: loading tensor blk.0.hc_attn_inject.weight
create_tensor: loading tensor blk.0.hc_ffn_norm.weight
create_tensor: loading tensor blk.0.hc_ffn_down.weight
create_tensor: loading tensor blk.0.hc_ffn_up.weight
create_tensor: loading tensor blk.0.hc_ffn_inject.weight
create_tensor: loading tensor blk.0.attn_qkv.weight
create_tensor: loading tensor blk.0.attn_gate.weight
create_tensor: loading tensor blk.0.ssm_conv1d.weight
create_tensor: loading tensor blk.0.ssm_dt.bias
create_tensor: loading tensor blk.0.ssm_a
create_tensor: loading tensor blk.0.ssm_beta.weight
create_tensor: loading tensor blk.0.ssm_alpha.weight
create_tensor: loading tensor blk.0.ssm_norm.weight
create_tensor: loading tensor blk.0.ssm_out.weight
create_tensor: loading tensor blk.0.ffn_gate_inp.weight
create_tensor: loading tensor blk.0.ffn_down_exps.weight
llama_model_loader: tensor overrides to CPU are used with mmap enabled - consider using --load-mode none for better performance
tensor blk.0.ffn_down_exps.weight (450 MiB iq4_nl) buffer type overridden to CUDA_Host
create_tensor: loading tensor blk.0.ffn_gate_up_exps.weight
create_tensor: loading tensor blk.0.ffn_gate_exps.weight
tensor blk.0.ffn_gate_exps.weight (343 MiB iq3_s) buffer type overridden to CUDA_Host
create_tensor: loading tensor blk.0.ffn_up_exps.weight
tensor blk.0.ffn_up_exps.weight (343 MiB iq3_s) buffer type overridden to CUDA_Host
create_tensor: loading tensor blk.0.ffn_gate_inp_shexp.weight
create_tensor: loading tensor blk.0.ffn_gate_shexp.weight
create_tensor: loading tensor blk.0.ffn_up_shexp.weight
create_tensor: loading tensor blk.0.ffn_down_shexp.weight
create_tensor: loading tensor blk.1.hc_attn_norm.weight
create_tensor: loading tensor blk.1.hc_attn_down.weight
create_tensor: loading tensor blk.1.hc_attn_up.weight
create_tensor: loading tensor blk.1.hc_attn_inject.weight
create_tensor: loading tensor blk.1.hc_ffn_norm.weight
create_tensor: loading tensor blk.1.hc_ffn_down.weight
create_tensor: loading tensor blk.1.hc_ffn_up.weight
create_tensor: loading tensor blk.1.hc_ffn_inject.weight
create_tensor: loading tensor blk.1.attn_qkv.weight
create_tensor: loading tensor blk.1.attn_gate.weight
create_tensor: loading tensor blk.1.ssm_conv1d.weight
create_tensor: loading tensor blk.1.ssm_dt.bias
create_tensor: loading tensor blk.1.ssm_a
create_tensor: loading tensor blk.1.ssm_beta.weight
create_tensor: loading tensor blk.1.ssm_alpha.weight
create_tensor: loading tensor blk.1.ssm_norm.weight
create_tensor: loading tensor blk.1.ssm_out.weight
create_tensor: loading tensor blk.1.ple_key.weight
create_tensor: loading tensor blk.1.ple_value.weight
create_tensor: loading tensor blk.1.ple_norm_key.weight
create_tensor: loading tensor blk.1.ple_norm_query.weight
create_tensor: loading tensor blk.1.ple_norm_conv.weight
create_tensor: loading tensor blk.1.ple_conv1d.weight
create_tensor: loading tensor blk.1.ffn_gate_inp.weight
create_tensor: loading tensor blk.1.ffn_down_exps.weight
tensor blk.1.ffn_down_exps.weight (450 MiB iq4_nl) buffer type overridden to CUDA_Host
create_tensor: loading tensor blk.1.ffn_gate_up_exps.weight
create_tensor: loading tensor blk.1.ffn_gate_exps.weight
tensor blk.1.ffn_gate_exps.weight (343 MiB iq3_s) buffer type overridden to CUDA_Host
create_tensor: loading tensor blk.1.ffn_up_exps.weight
tensor blk.1.ffn_up_exps.weight (343 MiB iq3_s) buffer type overridden to CUDA_Host
create_tensor: loading tensor blk.1.ffn_gate_inp_shexp.weight
create_tensor: loading tensor blk.1.ffn_gate_shexp.weight
create_tensor: loading tensor blk.1.ffn_up_shexp.weight
create_tensor: loading tensor blk.1.ffn_down_shexp.weight
create_tensor: loading tensor blk.2.hc_attn_norm.weight
create_tensor: loading tensor blk.2.hc_attn_down.weight
create_tensor: loading tensor blk.2.hc_attn_up.weight
create_tensor: loading tensor blk.2.hc_attn_inject.weight
create_tensor: loading tensor blk.2.hc_ffn_norm.weight
create_tensor: loading tensor blk.2.hc_ffn_down.weight
create_tensor: loading tensor blk.2.hc_ffn_up.weight
create_tensor: loading tensor blk.2.hc_ffn_inject.weight
create_tensor: loading tensor blk.2.attn_qkv.weight
create_tensor: loading tensor blk.2.attn_gate.weight
create_tensor: loading tensor blk.2.ssm_conv1d.weight
create_tensor: loading tensor blk.2.ssm_dt.bias
create_tensor: loading tensor blk.2.ssm_a
create_tensor: loading tensor blk.2.ssm_beta.weight
create_tensor: loading tensor blk.2.ssm_alpha.weight
create_tensor: loading tensor blk.2.ssm_norm.weight
create_tensor: loading tensor blk.2.ssm_out.weight
create_tensor: loading tensor blk.2.ffn_gate_inp.weight
create_tensor: loading tensor blk.2.ffn_down_exps.weight
tensor blk.2.ffn_down_exps.weight (850 MiB q8_0) buffer type overridden to CUDA_Host
create_tensor: loading tensor blk.2.ffn_gate_up_exps.weight
create_tensor: loading tensor blk.2.ffn_gate_exps.weight
tensor blk.2.ffn_gate_exps.weight (425 MiB iq4_xs) buffer type overridden to CUDA_Host
create_tensor: loading tensor blk.2.ffn_up_exps.weight
tensor blk.2.ffn_up_exps.weight (425 MiB iq4_xs) buffer type overridden to CUDA_Host
create_tensor: loading tensor blk.2.ffn_gate_inp_shexp.weight
create_tensor: loading tensor blk.2.ffn_gate_shexp.weight
create_tensor: loading tensor blk.2.ffn_up_shexp.weight
create_tensor: loading tensor blk.2.ffn_down_shexp.weight
create_tensor: loading tensor blk.3.hc_attn_norm.weight
create_tensor: loading tensor blk.3.hc_attn_down.weight
create_tensor: loading tensor blk.3.hc_attn_up.weight
create_tensor: loading tensor blk.3.hc_attn_inject.weight
create_tensor: loading tensor blk.3.hc_ffn_norm.weight
create_tensor: loading tensor blk.3.hc_ffn_down.weight
create_tensor: loading tensor blk.3.hc_ffn_up.weight
create_tensor: loading tensor blk.3.hc_ffn_inject.weight
create_tensor: loading tensor blk.3.attn_qkv.weight
create_tensor: loading tensor blk.3.attn_q.weight
create_tensor: loading tensor blk.3.attn_k.weight
create_tensor: loading tensor blk.3.attn_v.weight
create_tensor: loading tensor blk.3.attn_q.bias
create_tensor: loading tensor blk.3.attn_k.bias
create_tensor: loading tensor blk.3.attn_v.bias
create_tensor: loading tensor blk.3.attn_output.weight
create_tensor: loading tensor blk.3.attn_q_norm.weight
create_tensor: loading tensor blk.3.attn_k_norm.weight
create_tensor: loading tensor blk.3.indexer.q_proj.weight
create_tensor: loading tensor blk.3.indexer.k_proj.weight
create_tensor: loading tensor blk.3.indexer.q_norm.weight
create_tensor: loading tensor blk.3.indexer.k_norm.weight
create_tensor: loading tensor blk.3.ffn_gate_inp.weight
create_tensor: loading tensor blk.3.ffn_down_exps.weight
tensor blk.3.ffn_down_exps.weight (450 MiB iq4_nl) buffer type overridden to CUDA_Host
create_tensor: loading tensor blk.3.ffn_gate_up_exps.weight
create_tensor: loading tensor blk.3.ffn_gate_exps.weight
tensor blk.3.ffn_gate_exps.weight (343 MiB iq3_s) buffer type overridden to CUDA_Host
create_tensor: loading tensor blk.3.ffn_up_exps.weight
tensor blk.3.ffn_up_exps.weight (343 MiB iq3_s) buffer type overridden to CUDA_Host
create_tensor: loading tensor blk.3.ffn_gate_inp_shexp.weight
create_tensor: loading tensor blk.3.ffn_gate_shexp.weight
create_tensor: loading tensor blk.3.ffn_up_shexp.weight
create_tensor: loading tensor blk.3.ffn_down_shexp.weight
create_tensor: loading tensor blk.4.hc_attn_norm.weight
create_tensor: loading tensor blk.4.hc_attn_down.weight
create_tensor: loading tensor blk.4.hc_attn_up.weight
create_tensor: loading tensor blk.4.hc_attn_inject.weight
create_tensor: loading tensor blk.4.hc_ffn_norm.weight
create_tensor: loading tensor blk.4.hc_ffn_down.weight
create_tensor: loading tensor blk.4.hc_ffn_up.weight
create_tensor: loading tensor blk.4.hc_ffn_inject.weight
create_tensor: loading tensor blk.4.attn_qkv.weight
create_tensor: loading tensor blk.4.attn_gate.weight
create_tensor: loading tensor blk.4.ssm_conv1d.weight
create_tensor: loading tensor blk.4.ssm_dt.bias
create_tensor: loading tensor blk.4.ssm_a
create_tensor: loading tensor blk.4.ssm_beta.weight
create_tensor: loading tensor blk.4.ssm_alpha.weight
create_tensor: loading tensor blk.4.ssm_norm.weight
create_tensor: loading tensor blk.4.ssm_out.weight
create_tensor: loading tensor blk.4.ffn_gate_inp.weight
create_tensor: loading tensor blk.4.ffn_down_exps.weight
tensor blk.4.ffn_down_exps.weight (850 MiB q8_0) buffer type overridden to CUDA_Host
create_tensor: loading tensor blk.4.ffn_gate_up_exps.weight
create_tensor: loading tensor blk.4.ffn_gate_exps.weight
tensor blk.4.ffn_gate_exps.weight (343 MiB iq3_s) buffer type overridden to CUDA_Host
create_tensor: loading tensor blk.4.ffn_up_exps.weight
tensor blk.4.ffn_up_exps.weight (343 MiB iq3_s) buffer type overridden to CUDA_Host
create_tensor: loading tensor blk.4.ffn_gate_inp_shexp.weight
create_tensor: loading tensor blk.4.ffn_gate_shexp.weight
create_tensor: loading tensor blk.4.ffn_up_shexp.weight
create_tensor: loading tensor blk.4.ffn_down_shexp.weight
create_tensor: loading tensor blk.5.hc_attn_norm.weight
create_tensor: loading tensor blk.5.hc_attn_down.weight
create_tensor: loading tensor blk.5.hc_attn_up.weight
create_tensor: loading tensor blk.5.hc_attn_inject.weight
create_tensor: loading tensor blk.5.hc_ffn_norm.weight
create_tensor: loading tensor blk.5.hc_ffn_down.weight
create_tensor: loading tensor blk.5.hc_ffn_up.weight
create_tensor: loading tensor blk.5.hc_ffn_inject.weight
create_tensor: loading tensor blk.5.attn_qkv.weight
create_tensor: loading tensor blk.5.attn_gate.weight
create_tensor: loading tensor blk.5.ssm_conv1d.weight
create_tensor: loading tensor blk.5.ssm_dt.bias
create_tensor: loading tensor blk.5.ssm_a
create_tensor: loading tensor blk.5.ssm_beta.weight
create_tensor: loading tensor blk.5.ssm_alpha.weight
create_tensor: loading tensor blk.5.ssm_norm.weight
create_tensor: loading tensor blk.5.ssm_out.weight
create_tensor: loading tensor blk.5.ffn_gate_inp.weight
create_tensor: loading tensor blk.5.ffn_down_exps.weight
tensor blk.5.ffn_down_exps.weight (450 MiB iq4_nl) buffer type overridden to CUDA_Host
create_tensor: loading tensor blk.5.ffn_gate_up_exps.weight
create_tensor: loading tensor blk.5.ffn_gate_exps.weight
tensor blk.5.ffn_gate_exps.weight (343 MiB iq3_s) buffer type overridden to CUDA_Host
create_tensor: loading tensor blk.5.ffn_up_exps.weight
tensor blk.5.ffn_up_exps.weight (343 MiB iq3_s) buffer type overridden to CUDA_Host
create_tensor: loading tensor blk.5.ffn_gate_inp_shexp.weight
create_tensor: loading tensor blk.5.ffn_gate_shexp.weight
create_tensor: loading tensor blk.5.ffn_up_shexp.weight
create_tensor: loading tensor blk.5.ffn_down_shexp.weight
create_tensor: loading tensor blk.6.hc_attn_norm.weight
create_tensor: loading tensor blk.6.hc_attn_down.weight
create_tensor: loading tensor blk.6.hc_attn_up.weight
create_tensor: loading tensor blk.6.hc_attn_inject.weight
create_tensor: loading tensor blk.6.hc_ffn_norm.weight
create_tensor: loading tensor blk.6.hc_ffn_down.weight
create_tensor: loading tensor blk.6.hc_ffn_up.weight
create_tensor: loading tensor blk.6.hc_ffn_inject.weight
create_tensor: loading tensor blk.6.attn_qkv.weight
create_tensor: loading tensor blk.6.attn_gate.weight
create_tensor: loading tensor blk.6.ssm_conv1d.weight
create_tensor: loading tensor blk.6.ssm_dt.bias
create_tensor: loading tensor blk.6.ssm_a
create_tensor: loading tensor blk.6.ssm_beta.weight
create_tensor: loading tensor blk.6.ssm_alpha.weight
create_tensor: loading tensor blk.6.ssm_norm.weight
create_tensor: loading tensor blk.6.ssm_out.weight
create_tensor: loading tensor blk.6.ffn_gate_inp.weight
create_tensor: loading tensor blk.6.ffn_down_exps.weight
tensor blk.6.ffn_down_exps.weight (450 MiB iq4_nl) buffer type overridden to CUDA_Host
create_tensor: loading tensor blk.6.ffn_gate_up_exps.weight
create_tensor: loading tensor blk.6.ffn_gate_exps.weight
tensor blk.6.ffn_gate_exps.weight (343 MiB iq3_s) buffer type overridden to CUDA_Host
create_tensor: loading tensor blk.6.ffn_up_exps.weight
tensor blk.6.ffn_up_exps.weight (343 MiB iq3_s) buffer type overridden to CUDA_Host
create_tensor: loading tensor blk.6.ffn_gate_inp_shexp.weight
create_tensor: loading tensor blk.6.ffn_gate_shexp.weight
create_tensor: loading tensor blk.6.ffn_up_shexp.weight
create_tensor: loading tensor blk.6.ffn_down_shexp.weight
create_tensor: loading tensor blk.7.hc_attn_norm.weight
create_tensor: loading tensor blk.7.hc_attn_down.weight
create_tensor: loading tensor blk.7.hc_attn_up.weight
create_tensor: loading tensor blk.7.hc_attn_inject.weight
create_tensor: loading tensor blk.7.hc_ffn_norm.weight
create_tensor: loading tensor blk.7.hc_ffn_down.weight
create_tensor: loading tensor blk.7.hc_ffn_up.weight
create_tensor: loading tensor blk.7.hc_ffn_inject.weight
create_tensor: loading tensor blk.7.attn_qkv.weight
create_tensor: loading tensor blk.7.attn_q.weight
create_tensor: loading tensor blk.7.attn_k.weight
create_tensor: loading tensor blk.7.attn_v.weight
create_tensor: loading tensor blk.7.attn_q.bias
create_tensor: loading tensor blk.7.attn_k.bias
create_tensor: loading tensor blk.7.attn_v.bias
create_tensor: loading tensor blk.7.attn_output.weight
create_tensor: loading tensor blk.7.attn_q_norm.weight
create_tensor: loading tensor blk.7.attn_k_norm.weight
create_tensor: loading tensor blk.7.indexer.q_proj.weight
create_tensor: loading tensor blk.7.indexer.k_proj.weight
create_tensor: loading tensor blk.7.indexer.q_norm.weight
create_tensor: loading tensor blk.7.indexer.k_norm.weight
create_tensor: loading tensor blk.7.ffn_gate_inp.weight
create_tensor: loading tensor blk.7.ffn_down_exps.weight
tensor blk.7.ffn_down_exps.weight (450 MiB iq4_nl) buffer type overridden to CUDA_Host
create_tensor: loading tensor blk.7.ffn_gate_up_exps.weight
create_tensor: loading tensor blk.7.ffn_gate_exps.weight
tensor blk.7.ffn_gate_exps.weight (343 MiB iq3_s) buffer type overridden to CUDA_Host
create_tensor: loading tensor blk.7.ffn_up_exps.weight
tensor blk.7.ffn_up_exps.weight (343 MiB iq3_s) buffer type overridden to CUDA_Host
create_tensor: loading tensor blk.7.ffn_gate_inp_shexp.weight
create_tensor: loading tensor blk.7.ffn_gate_shexp.weight
create_tensor: loading tensor blk.7.ffn_up_shexp.weight
create_tensor: loading tensor blk.7.ffn_down_shexp.weight
create_tensor: loading tensor blk.8.hc_attn_norm.weight
create_tensor: loading tensor blk.8.hc_attn_down.weight
create_tensor: loading tensor blk.8.hc_attn_up.weight
create_tensor: loading tensor blk.8.hc_attn_inject.weight
create_tensor: loading tensor blk.8.hc_ffn_norm.weight
create_tensor: loading tensor blk.8.hc_ffn_down.weight
create_tensor: loading tensor blk.8.hc_ffn_up.weight
create_tensor: loading tensor blk.8.hc_ffn_inject.weight
create_tensor: loading tensor blk.8.attn_qkv.weight
create_tensor: loading tensor blk.8.attn_gate.weight
create_tensor: loading tensor blk.8.ssm_conv1d.weight
create_tensor: loading tensor blk.8.ssm_dt.bias
create_tensor: loading tensor blk.8.ssm_a
create_tensor: loading tensor blk.8.ssm_beta.weight
create_tensor: loading tensor blk.8.ssm_alpha.weight
create_tensor: loading tensor blk.8.ssm_norm.weight
create_tensor: loading tensor blk.8.ssm_out.weight
create_tensor: loading tensor blk.8.ffn_gate_inp.weight
create_tensor: loading tensor blk.8.ffn_down_exps.weight
tensor blk.8.ffn_down_exps.weight (450 MiB iq4_nl) buffer type overridden to CUDA_Host
create_tensor: loading tensor blk.8.ffn_gate_up_exps.weight
create_tensor: loading tensor blk.8.ffn_gate_exps.weight
tensor blk.8.ffn_gate_exps.weight (343 MiB iq3_s) buffer type overridden to CUDA_Host
create_tensor: loading tensor blk.8.ffn_up_exps.weight
tensor blk.8.ffn_up_exps.weight (343 MiB iq3_s) buffer type overridden to CUDA_Host
create_tensor: loading tensor blk.8.ffn_gate_inp_shexp.weight
create_tensor: loading tensor blk.8.ffn_gate_shexp.weight
create_tensor: loading tensor blk.8.ffn_up_shexp.weight
create_tensor: loading tensor blk.8.ffn_down_shexp.weight
create_tensor: loading tensor blk.9.hc_attn_norm.weight
create_tensor: loading tensor blk.9.hc_attn_down.weight
create_tensor: loading tensor blk.9.hc_attn_up.weight
create_tensor: loading tensor blk.9.hc_attn_inject.weight
create_tensor: loading tensor blk.9.hc_ffn_norm.weight
create_tensor: loading tensor blk.9.hc_ffn_down.weight
create_tensor: loading tensor blk.9.hc_ffn_up.weight
create_tensor: loading tensor blk.9.hc_ffn_inject.weight
create_tensor: loading tensor blk.9.attn_qkv.weight
create_tensor: loading tensor blk.9.attn_gate.weight
create_tensor: loading tensor blk.9.ssm_conv1d.weight
create_tensor: loading tensor blk.9.ssm_dt.bias
create_tensor: loading tensor blk.9.ssm_a
create_tensor: loading tensor blk.9.ssm_beta.weight
create_tensor: loading tensor blk.9.ssm_alpha.weight
create_tensor: loading tensor blk.9.ssm_norm.weight
create_tensor: loading tensor blk.9.ssm_out.weight
create_tensor: loading tensor blk.9.ffn_gate_inp.weight
create_tensor: loading tensor blk.9.ffn_down_exps.weight
tensor blk.9.ffn_down_exps.weight (450 MiB iq4_nl) buffer type overridden to CUDA_Host
create_tensor: loading tensor blk.9.ffn_gate_up_exps.weight
create_tensor: loading tensor blk.9.ffn_gate_exps.weight
tensor blk.9.ffn_gate_exps.weight (343 MiB iq3_s) buffer type overridden to CUDA_Host
create_tensor: loading tensor blk.9.ffn_up_exps.weight
tensor blk.9.ffn_up_exps.weight (343 MiB iq3_s) buffer type overridden to CUDA_Host
create_tensor: loading tensor blk.9.ffn_gate_inp_shexp.weight
create_tensor: loading tensor blk.9.ffn_gate_shexp.weight
create_tensor: loading tensor blk.9.ffn_up_shexp.weight
create_tensor: loading tensor blk.9.ffn_down_shexp.weight
create_tensor: loading tensor blk.10.hc_attn_norm.weight
create_tensor: loading tensor blk.10.hc_attn_down.weight
create_tensor: loading tensor blk.10.hc_attn_up.weight
create_tensor: loading tensor blk.10.hc_attn_inject.weight
create_tensor: loading tensor blk.10.hc_ffn_norm.weight
create_tensor: loading tensor blk.10.hc_ffn_down.weight
create_tensor: loading tensor blk.10.hc_ffn_up.weight
create_tensor: loading tensor blk.10.hc_ffn_inject.weight
create_tensor: loading tensor blk.10.attn_qkv.weight
create_tensor: loading tensor blk.10.attn_gate.weight
create_tensor: loading tensor blk.10.ssm_conv1d.weight
create_tensor: loading tensor blk.10.ssm_dt.bias
create_tensor: loading tensor blk.10.ssm_a
create_tensor: loading tensor blk.10.ssm_beta.weight
create_tensor: loading tensor blk.10.ssm_alpha.weight
create_tensor: loading tensor blk.10.ssm_norm.weight
create_tensor: loading tensor blk.10.ssm_out.weight
create_tensor: loading tensor blk.10.ffn_gate_inp.weight
create_tensor: loading tensor blk.10.ffn_down_exps.weight
tensor blk.10.ffn_down_exps.weight (450 MiB iq4_nl) buffer type overridden to CUDA_Host
create_tensor: loading tensor blk.10.ffn_gate_up_exps.weight
create_tensor: loading tensor blk.10.ffn_gate_exps.weight
tensor blk.10.ffn_gate_exps.weight (343 MiB iq3_s) buffer type overridden to CUDA_Host
create_tensor: loading tensor blk.10.ffn_up_exps.weight
tensor blk.10.ffn_up_exps.weight (343 MiB iq3_s) buffer type overridden to CUDA_Host
create_tensor: loading tensor blk.10.ffn_gate_inp_shexp.weight
create_tensor: loading tensor blk.10.ffn_gate_shexp.weight
create_tensor: loading tensor blk.10.ffn_up_shexp.weight
create_tensor: loading tensor blk.10.ffn_down_shexp.weight
create_tensor: loading tensor blk.11.hc_attn_norm.weight
create_tensor: loading tensor blk.11.hc_attn_down.weight
create_tensor: loading tensor blk.11.hc_attn_up.weight
create_tensor: loading tensor blk.11.hc_attn_inject.weight
create_tensor: loading tensor blk.11.hc_ffn_norm.weight
create_tensor: loading tensor blk.11.hc_ffn_down.weight
create_tensor: loading tensor blk.11.hc_ffn_up.weight
create_tensor: loading tensor blk.11.hc_ffn_inject.weight
create_tensor: loading tensor blk.11.attn_qkv.weight
create_tensor: loading tensor blk.11.attn_q.weight
create_tensor: loading tensor blk.11.attn_k.weight
create_tensor: loading tensor blk.11.attn_v.weight
create_tensor: loading tensor blk.11.attn_q.bias
create_tensor: loading tensor blk.11.attn_k.bias
create_tensor: loading tensor blk.11.attn_v.bias
create_tensor: loading tensor blk.11.attn_output.weight
create_tensor: loading tensor blk.11.attn_q_norm.weight
create_tensor: loading tensor blk.11.attn_k_norm.weight
create_tensor: loading tensor blk.11.indexer.q_proj.weight
create_tensor: loading tensor blk.11.indexer.k_proj.weight
create_tensor: loading tensor blk.11.indexer.q_norm.weight
create_tensor: loading tensor blk.11.indexer.k_norm.weight
create_tensor: loading tensor blk.11.ffn_gate_inp.weight
create_tensor: loading tensor blk.11.ffn_down_exps.weight
tensor blk.11.ffn_down_exps.weight (450 MiB iq4_nl) buffer type overridden to CUDA_Host
create_tensor: loading tensor blk.11.ffn_gate_up_exps.weight
create_tensor: loading tensor blk.11.ffn_gate_exps.weight
tensor blk.11.ffn_gate_exps.weight (343 MiB iq3_s) buffer type overridden to CUDA_Host
create_tensor: loading tensor blk.11.ffn_up_exps.weight
tensor blk.11.ffn_up_exps.weight (343 MiB iq3_s) buffer type overridden to CUDA_Host
create_tensor: loading tensor blk.11.ffn_gate_inp_shexp.weight
create_tensor: loading tensor blk.11.ffn_gate_shexp.weight
create_tensor: loading tensor blk.11.ffn_up_shexp.weight
create_tensor: loading tensor blk.11.ffn_down_shexp.weight
create_tensor: loading tensor blk.12.hc_attn_norm.weight
create_tensor: loading tensor blk.12.hc_attn_down.weight
create_tensor: loading tensor blk.12.hc_attn_up.weight
create_tensor: loading tensor blk.12.hc_attn_inject.weight
create_tensor: loading tensor blk.12.hc_ffn_norm.weight
create_tensor: loading tensor blk.12.hc_ffn_down.weight
create_tensor: loading tensor blk.12.hc_ffn_up.weight
create_tensor: loading tensor blk.12.hc_ffn_inject.weight
create_tensor: loading tensor blk.12.attn_qkv.weight
create_tensor: loading tensor blk.12.attn_gate.weight
create_tensor: loading tensor blk.12.ssm_conv1d.weight
create_tensor: loading tensor blk.12.ssm_dt.bias
create_tensor: loading tensor blk.12.ssm_a
create_tensor: loading tensor blk.12.ssm_beta.weight
create_tensor: loading tensor blk.12.ssm_alpha.weight
create_tensor: loading tensor blk.12.ssm_norm.weight
create_tensor: loading tensor blk.12.ssm_out.weight
create_tensor: loading tensor blk.12.ffn_gate_inp.weight
create_tensor: loading tensor blk.12.ffn_down_exps.weight
tensor blk.12.ffn_down_exps.weight (450 MiB iq4_nl) buffer type overridden to CUDA_Host
create_tensor: loading tensor blk.12.ffn_gate_up_exps.weight
create_tensor: loading tensor blk.12.ffn_gate_exps.weight
tensor blk.12.ffn_gate_exps.weight (343 MiB iq3_s) buffer type overridden to CUDA_Host
create_tensor: loading tensor blk.12.ffn_up_exps.weight
tensor blk.12.ffn_up_exps.weight (343 MiB iq3_s) buffer type overridden to CUDA_Host
create_tensor: loading tensor blk.12.ffn_gate_inp_shexp.weight
create_tensor: loading tensor blk.12.ffn_gate_shexp.weight
create_tensor: loading tensor blk.12.ffn_up_shexp.weight
create_tensor: loading tensor blk.12.ffn_down_shexp.weight
create_tensor: loading tensor blk.13.hc_attn_norm.weight
create_tensor: loading tensor blk.13.hc_attn_down.weight
create_tensor: loading tensor blk.13.hc_attn_up.weight
create_tensor: loading tensor blk.13.hc_attn_inject.weight
create_tensor: loading tensor blk.13.hc_ffn_norm.weight
create_tensor: loading tensor blk.13.hc_ffn_down.weight
create_tensor: loading tensor blk.13.hc_ffn_up.weight
create_tensor: loading tensor blk.13.hc_ffn_inject.weight
create_tensor: loading tensor blk.13.attn_qkv.weight
create_tensor: loading tensor blk.13.attn_gate.weight
create_tensor: loading tensor blk.13.ssm_conv1d.weight
create_tensor: loading tensor blk.13.ssm_dt.bias
create_tensor: loading tensor blk.13.ssm_a
create_tensor: loading tensor blk.13.ssm_beta.weight
create_tensor: loading tensor blk.13.ssm_alpha.weight
create_tensor: loading tensor blk.13.ssm_norm.weight
create_tensor: loading tensor blk.13.ssm_out.weight
create_tensor: loading tensor blk.13.ffn_gate_inp.weight
create_tensor: loading tensor blk.13.ffn_down_exps.weight
tensor blk.13.ffn_down_exps.weight (450 MiB iq4_nl) buffer type overridden to CUDA_Host
create_tensor: loading tensor blk.13.ffn_gate_up_exps.weight
create_tensor: loading tensor blk.13.ffn_gate_exps.weight
tensor blk.13.ffn_gate_exps.weight (343 MiB iq3_s) buffer type overridden to CUDA_Host
create_tensor: loading tensor blk.13.ffn_up_exps.weight
tensor blk.13.ffn_up_exps.weight (343 MiB iq3_s) buffer type overridden to CUDA_Host
create_tensor: loading tensor blk.13.ffn_gate_inp_shexp.weight
create_tensor: loading tensor blk.13.ffn_gate_shexp.weight
create_tensor: loading tensor blk.13.ffn_up_shexp.weight
create_tensor: loading tensor blk.13.ffn_down_shexp.weight
create_tensor: loading tensor blk.14.hc_attn_norm.weight
create_tensor: loading tensor blk.14.hc_attn_down.weight
create_tensor: loading tensor blk.14.hc_attn_up.weight
create_tensor: loading tensor blk.14.hc_attn_inject.weight
create_tensor: loading tensor blk.14.hc_ffn_norm.weight
create_tensor: loading tensor blk.14.hc_ffn_down.weight
create_tensor: loading tensor blk.14.hc_ffn_up.weight
create_tensor: loading tensor blk.14.hc_ffn_inject.weight
create_tensor: loading tensor blk.14.attn_qkv.weight
create_tensor: loading tensor blk.14.attn_gate.weight
create_tensor: loading tensor blk.14.ssm_conv1d.weight
create_tensor: loading tensor blk.14.ssm_dt.bias
create_tensor: loading tensor blk.14.ssm_a
create_tensor: loading tensor blk.14.ssm_beta.weight
create_tensor: loading tensor blk.14.ssm_alpha.weight
create_tensor: loading tensor blk.14.ssm_norm.weight
create_tensor: loading tensor blk.14.ssm_out.weight
create_tensor: loading tensor blk.14.ffn_gate_inp.weight
create_tensor: loading tensor blk.14.ffn_down_exps.weight
tensor blk.14.ffn_down_exps.weight (450 MiB iq4_nl) buffer type overridden to CUDA_Host
create_tensor: loading tensor blk.14.ffn_gate_up_exps.weight
create_tensor: loading tensor blk.14.ffn_gate_exps.weight
tensor blk.14.ffn_gate_exps.weight (343 MiB iq3_s) buffer type overridden to CUDA_Host
create_tensor: loading tensor blk.14.ffn_up_exps.weight
tensor blk.14.ffn_up_exps.weight (343 MiB iq3_s) buffer type overridden to CUDA_Host
create_tensor: loading tensor blk.14.ffn_gate_inp_shexp.weight
create_tensor: loading tensor blk.14.ffn_gate_shexp.weight
create_tensor: loading tensor blk.14.ffn_up_shexp.weight
create_tensor: loading tensor blk.14.ffn_down_shexp.weight
create_tensor: loading tensor blk.15.hc_attn_norm.weight
create_tensor: loading tensor blk.15.hc_attn_down.weight
create_tensor: loading tensor blk.15.hc_attn_up.weight
create_tensor: loading tensor blk.15.hc_attn_inject.weight
create_tensor: loading tensor blk.15.hc_ffn_norm.weight
create_tensor: loading tensor blk.15.hc_ffn_down.weight
create_tensor: loading tensor blk.15.hc_ffn_up.weight
create_tensor: loading tensor blk.15.hc_ffn_inject.weight
create_tensor: loading tensor blk.15.attn_qkv.weight
create_tensor: loading tensor blk.15.attn_q.weight
create_tensor: loading tensor blk.15.attn_k.weight
create_tensor: loading tensor blk.15.attn_v.weight
create_tensor: loading tensor blk.15.attn_q.bias
create_tensor: loading tensor blk.15.attn_k.bias
create_tensor: loading tensor blk.15.attn_v.bias
create_tensor: loading tensor blk.15.attn_output.weight
create_tensor: loading tensor blk.15.attn_q_norm.weight
create_tensor: loading tensor blk.15.attn_k_norm.weight
create_tensor: loading tensor blk.15.indexer.q_proj.weight
create_tensor: loading tensor blk.15.indexer.k_proj.weight
create_tensor: loading tensor blk.15.indexer.q_norm.weight
create_tensor: loading tensor blk.15.indexer.k_norm.weight
create_tensor: loading tensor blk.15.ffn_gate_inp.weight
create_tensor: loading tensor blk.15.ffn_down_exps.weight
tensor blk.15.ffn_down_exps.weight (450 MiB iq4_nl) buffer type overridden to CUDA_Host
create_tensor: loading tensor blk.15.ffn_gate_up_exps.weight
create_tensor: loading tensor blk.15.ffn_gate_exps.weight
tensor blk.15.ffn_gate_exps.weight (343 MiB iq3_s) buffer type overridden to CUDA_Host
create_tensor: loading tensor blk.15.ffn_up_exps.weight
tensor blk.15.ffn_up_exps.weight (343 MiB iq3_s) buffer type overridden to CUDA_Host
create_tensor: loading tensor blk.15.ffn_gate_inp_shexp.weight
create_tensor: loading tensor blk.15.ffn_gate_shexp.weight
create_tensor: loading tensor blk.15.ffn_up_shexp.weight
create_tensor: loading tensor blk.15.ffn_down_shexp.weight
create_tensor: loading tensor blk.16.hc_attn_norm.weight
create_tensor: loading tensor blk.16.hc_attn_down.weight
create_tensor: loading tensor blk.16.hc_attn_up.weight
create_tensor: loading tensor blk.16.hc_attn_inject.weight
create_tensor: loading tensor blk.16.hc_ffn_norm.weight
create_tensor: loading tensor blk.16.hc_ffn_down.weight
create_tensor: loading tensor blk.16.hc_ffn_up.weight
create_tensor: loading tensor blk.16.hc_ffn_inject.weight
create_tensor: loading tensor blk.16.attn_qkv.weight
create_tensor: loading tensor blk.16.attn_gate.weight
create_tensor: loading tensor blk.16.ssm_conv1d.weight
create_tensor: loading tensor blk.16.ssm_dt.bias
create_tensor: loading tensor blk.16.ssm_a
create_tensor: loading tensor blk.16.ssm_beta.weight
create_tensor: loading tensor blk.16.ssm_alpha.weight
create_tensor: loading tensor blk.16.ssm_norm.weight
create_tensor: loading tensor blk.16.ssm_out.weight
create_tensor: loading tensor blk.16.ffn_gate_inp.weight
create_tensor: loading tensor blk.16.ffn_down_exps.weight
tensor blk.16.ffn_down_exps.weight (450 MiB iq4_nl) buffer type overridden to CUDA_Host
create_tensor: loading tensor blk.16.ffn_gate_up_exps.weight
create_tensor: loading tensor blk.16.ffn_gate_exps.weight
tensor blk.16.ffn_gate_exps.weight (343 MiB iq3_s) buffer type overridden to CUDA_Host
create_tensor: loading tensor blk.16.ffn_up_exps.weight
tensor blk.16.ffn_up_exps.weight (343 MiB iq3_s) buffer type overridden to CUDA_Host
create_tensor: loading tensor blk.16.ffn_gate_inp_shexp.weight
create_tensor: loading tensor blk.16.ffn_gate_shexp.weight
create_tensor: loading tensor blk.16.ffn_up_shexp.weight
create_tensor: loading tensor blk.16.ffn_down_shexp.weight
create_tensor: loading tensor blk.17.hc_attn_norm.weight
create_tensor: loading tensor blk.17.hc_attn_down.weight
create_tensor: loading tensor blk.17.hc_attn_up.weight
create_tensor: loading tensor blk.17.hc_attn_inject.weight
create_tensor: loading tensor blk.17.hc_ffn_norm.weight
create_tensor: loading tensor blk.17.hc_ffn_down.weight
create_tensor: loading tensor blk.17.hc_ffn_up.weight
create_tensor: loading tensor blk.17.hc_ffn_inject.weight
create_tensor: loading tensor blk.17.attn_qkv.weight
create_tensor: loading tensor blk.17.attn_gate.weight
create_tensor: loading tensor blk.17.ssm_conv1d.weight
create_tensor: loading tensor blk.17.ssm_dt.bias
create_tensor: loading tensor blk.17.ssm_a
create_tensor: loading tensor blk.17.ssm_beta.weight
create_tensor: loading tensor blk.17.ssm_alpha.weight
create_tensor: loading tensor blk.17.ssm_norm.weight
create_tensor: loading tensor blk.17.ssm_out.weight
create_tensor: loading tensor blk.17.ffn_gate_inp.weight
create_tensor: loading tensor blk.17.ffn_down_exps.weight
tensor blk.17.ffn_down_exps.weight (450 MiB iq4_nl) buffer type overridden to CUDA_Host
create_tensor: loading tensor blk.17.ffn_gate_up_exps.weight
create_tensor: loading tensor blk.17.ffn_gate_exps.weight
tensor blk.17.ffn_gate_exps.weight (343 MiB iq3_s) buffer type overridden to CUDA_Host
create_tensor: loading tensor blk.17.ffn_up_exps.weight
tensor blk.17.ffn_up_exps.weight (343 MiB iq3_s) buffer type overridden to CUDA_Host
create_tensor: loading tensor blk.17.ffn_gate_inp_shexp.weight
create_tensor: loading tensor blk.17.ffn_gate_shexp.weight
create_tensor: loading tensor blk.17.ffn_up_shexp.weight
create_tensor: loading tensor blk.17.ffn_down_shexp.weight
create_tensor: loading tensor blk.18.hc_attn_norm.weight
create_tensor: loading tensor blk.18.hc_attn_down.weight
create_tensor: loading tensor blk.18.hc_attn_up.weight
create_tensor: loading tensor blk.18.hc_attn_inject.weight
create_tensor: loading tensor blk.18.hc_ffn_norm.weight
create_tensor: loading tensor blk.18.hc_ffn_down.weight
create_tensor: loading tensor blk.18.hc_ffn_up.weight
create_tensor: loading tensor blk.18.hc_ffn_inject.weight
create_tensor: loading tensor blk.18.attn_qkv.weight
create_tensor: loading tensor blk.18.attn_gate.weight
create_tensor: loading tensor blk.18.ssm_conv1d.weight
create_tensor: loading tensor blk.18.ssm_dt.bias
create_tensor: loading tensor blk.18.ssm_a
create_tensor: loading tensor blk.18.ssm_beta.weight
create_tensor: loading tensor blk.18.ssm_alpha.weight
create_tensor: loading tensor blk.18.ssm_norm.weight
create_tensor: loading tensor blk.18.ssm_out.weight
create_tensor: loading tensor blk.18.ffn_gate_inp.weight
create_tensor: loading tensor blk.18.ffn_down_exps.weight
tensor blk.18.ffn_down_exps.weight (450 MiB iq4_nl) buffer type overridden to CUDA_Host
create_tensor: loading tensor blk.18.ffn_gate_up_exps.weight
create_tensor: loading tensor blk.18.ffn_gate_exps.weight
tensor blk.18.ffn_gate_exps.weight (343 MiB iq3_s) buffer type overridden to CUDA_Host
create_tensor: loading tensor blk.18.ffn_up_exps.weight
tensor blk.18.ffn_up_exps.weight (343 MiB iq3_s) buffer type overridden to CUDA_Host
create_tensor: loading tensor blk.18.ffn_gate_inp_shexp.weight
create_tensor: loading tensor blk.18.ffn_gate_shexp.weight
create_tensor: loading tensor blk.18.ffn_up_shexp.weight
create_tensor: loading tensor blk.18.ffn_down_shexp.weight
create_tensor: loading tensor blk.19.hc_attn_norm.weight
create_tensor: loading tensor blk.19.hc_attn_down.weight
create_tensor: loading tensor blk.19.hc_attn_up.weight
create_tensor: loading tensor blk.19.hc_attn_inject.weight
create_tensor: loading tensor blk.19.hc_ffn_norm.weight
create_tensor: loading tensor blk.19.hc_ffn_down.weight
create_tensor: loading tensor blk.19.hc_ffn_up.weight
create_tensor: loading tensor blk.19.hc_ffn_inject.weight
create_tensor: loading tensor blk.19.attn_qkv.weight
create_tensor: loading tensor blk.19.attn_q.weight
create_tensor: loading tensor blk.19.attn_k.weight
create_tensor: loading tensor blk.19.attn_v.weight
create_tensor: loading tensor blk.19.attn_q.bias
create_tensor: loading tensor blk.19.attn_k.bias
create_tensor: loading tensor blk.19.attn_v.bias
create_tensor: loading tensor blk.19.attn_output.weight
create_tensor: loading tensor blk.19.attn_q_norm.weight
create_tensor: loading tensor blk.19.attn_k_norm.weight
create_tensor: loading tensor blk.19.indexer.q_proj.weight
create_tensor: loading tensor blk.19.indexer.k_proj.weight
create_tensor: loading tensor blk.19.indexer.q_norm.weight
create_tensor: loading tensor blk.19.indexer.k_norm.weight
create_tensor: loading tensor blk.19.ffn_gate_inp.weight
create_tensor: loading tensor blk.19.ffn_down_exps.weight
tensor blk.19.ffn_down_exps.weight (450 MiB iq4_nl) buffer type overridden to CUDA_Host
create_tensor: loading tensor blk.19.ffn_gate_up_exps.weight
create_tensor: loading tensor blk.19.ffn_gate_exps.weight
tensor blk.19.ffn_gate_exps.weight (343 MiB iq3_s) buffer type overridden to CUDA_Host
create_tensor: loading tensor blk.19.ffn_up_exps.weight
tensor blk.19.ffn_up_exps.weight (343 MiB iq3_s) buffer type overridden to CUDA_Host
create_tensor: loading tensor blk.19.ffn_gate_inp_shexp.weight
create_tensor: loading tensor blk.19.ffn_gate_shexp.weight
create_tensor: loading tensor blk.19.ffn_up_shexp.weight
create_tensor: loading tensor blk.19.ffn_down_shexp.weight
create_tensor: loading tensor blk.20.hc_attn_norm.weight
create_tensor: loading tensor blk.20.hc_attn_down.weight
create_tensor: loading tensor blk.20.hc_attn_up.weight
create_tensor: loading tensor blk.20.hc_attn_inject.weight
create_tensor: loading tensor blk.20.hc_ffn_norm.weight
create_tensor: loading tensor blk.20.hc_ffn_down.weight
create_tensor: loading tensor blk.20.hc_ffn_up.weight
create_tensor: loading tensor blk.20.hc_ffn_inject.weight
create_tensor: loading tensor blk.20.attn_qkv.weight
create_tensor: loading tensor blk.20.attn_gate.weight
create_tensor: loading tensor blk.20.ssm_conv1d.weight
create_tensor: loading tensor blk.20.ssm_dt.bias
create_tensor: loading tensor blk.20.ssm_a
create_tensor: loading tensor blk.20.ssm_beta.weight
create_tensor: loading tensor blk.20.ssm_alpha.weight
create_tensor: loading tensor blk.20.ssm_norm.weight
create_tensor: loading tensor blk.20.ssm_out.weight
create_tensor: loading tensor blk.20.ffn_gate_inp.weight
create_tensor: loading tensor blk.20.ffn_down_exps.weight
tensor blk.20.ffn_down_exps.weight (450 MiB iq4_nl) buffer type overridden to CUDA_Host
create_tensor: loading tensor blk.20.ffn_gate_up_exps.weight
create_tensor: loading tensor blk.20.ffn_gate_exps.weight
tensor blk.20.ffn_gate_exps.weight (343 MiB iq3_s) buffer type overridden to CUDA_Host
create_tensor: loading tensor blk.20.ffn_up_exps.weight
tensor blk.20.ffn_up_exps.weight (343 MiB iq3_s) buffer type overridden to CUDA_Host
create_tensor: loading tensor blk.20.ffn_gate_inp_shexp.weight
create_tensor: loading tensor blk.20.ffn_gate_shexp.weight
create_tensor: loading tensor blk.20.ffn_up_shexp.weight
create_tensor: loading tensor blk.20.ffn_down_shexp.weight
create_tensor: loading tensor blk.21.hc_attn_norm.weight
create_tensor: loading tensor blk.21.hc_attn_down.weight
create_tensor: loading tensor blk.21.hc_attn_up.weight
create_tensor: loading tensor blk.21.hc_attn_inject.weight
create_tensor: loading tensor blk.21.hc_ffn_norm.weight
create_tensor: loading tensor blk.21.hc_ffn_down.weight
create_tensor: loading tensor blk.21.hc_ffn_up.weight
create_tensor: loading tensor blk.21.hc_ffn_inject.weight
create_tensor: loading tensor blk.21.attn_qkv.weight
create_tensor: loading tensor blk.21.attn_gate.weight
create_tensor: loading tensor blk.21.ssm_conv1d.weight
create_tensor: loading tensor blk.21.ssm_dt.bias
create_tensor: loading tensor blk.21.ssm_a
create_tensor: loading tensor blk.21.ssm_beta.weight
create_tensor: loading tensor blk.21.ssm_alpha.weight
create_tensor: loading tensor blk.21.ssm_norm.weight
create_tensor: loading tensor blk.21.ssm_out.weight
create_tensor: loading tensor blk.21.ffn_gate_inp.weight
create_tensor: loading tensor blk.21.ffn_down_exps.weight
tensor blk.21.ffn_down_exps.weight (450 MiB iq4_nl) buffer type overridden to CUDA_Host
create_tensor: loading tensor blk.21.ffn_gate_up_exps.weight
create_tensor: loading tensor blk.21.ffn_gate_exps.weight
tensor blk.21.ffn_gate_exps.weight (343 MiB iq3_s) buffer type overridden to CUDA_Host
create_tensor: loading tensor blk.21.ffn_up_exps.weight
tensor blk.21.ffn_up_exps.weight (343 MiB iq3_s) buffer type overridden to CUDA_Host
create_tensor: loading tensor blk.21.ffn_gate_inp_shexp.weight
create_tensor: loading tensor blk.21.ffn_gate_shexp.weight
create_tensor: loading tensor blk.21.ffn_up_shexp.weight
create_tensor: loading tensor blk.21.ffn_down_shexp.weight
create_tensor: loading tensor blk.22.hc_attn_norm.weight
create_tensor: loading tensor blk.22.hc_attn_down.weight
create_tensor: loading tensor blk.22.hc_attn_up.weight
create_tensor: loading tensor blk.22.hc_attn_inject.weight
create_tensor: loading tensor blk.22.hc_ffn_norm.weight
create_tensor: loading tensor blk.22.hc_ffn_down.weight
create_tensor: loading tensor blk.22.hc_ffn_up.weight
create_tensor: loading tensor blk.22.hc_ffn_inject.weight
create_tensor: loading tensor blk.22.attn_qkv.weight
create_tensor: loading tensor blk.22.attn_gate.weight
create_tensor: loading tensor blk.22.ssm_conv1d.weight
create_tensor: loading tensor blk.22.ssm_dt.bias
create_tensor: loading tensor blk.22.ssm_a
create_tensor: loading tensor blk.22.ssm_beta.weight
create_tensor: loading tensor blk.22.ssm_alpha.weight
create_tensor: loading tensor blk.22.ssm_norm.weight
create_tensor: loading tensor blk.22.ssm_out.weight
create_tensor: loading tensor blk.22.ffn_gate_inp.weight
create_tensor: loading tensor blk.22.ffn_down_exps.weight
tensor blk.22.ffn_down_exps.weight (450 MiB iq4_nl) buffer type overridden to CUDA_Host
create_tensor: loading tensor blk.22.ffn_gate_up_exps.weight
create_tensor: loading tensor blk.22.ffn_gate_exps.weight
tensor blk.22.ffn_gate_exps.weight (343 MiB iq3_s) buffer type overridden to CUDA_Host
create_tensor: loading tensor blk.22.ffn_up_exps.weight
tensor blk.22.ffn_up_exps.weight (343 MiB iq3_s) buffer type overridden to CUDA_Host
create_tensor: loading tensor blk.22.ffn_gate_inp_shexp.weight
create_tensor: loading tensor blk.22.ffn_gate_shexp.weight
create_tensor: loading tensor blk.22.ffn_up_shexp.weight
create_tensor: loading tensor blk.22.ffn_down_shexp.weight
create_tensor: loading tensor blk.23.hc_attn_norm.weight
create_tensor: loading tensor blk.23.hc_attn_down.weight
create_tensor: loading tensor blk.23.hc_attn_up.weight
create_tensor: loading tensor blk.23.hc_attn_inject.weight
create_tensor: loading tensor blk.23.hc_ffn_norm.weight
create_tensor: loading tensor blk.23.hc_ffn_down.weight
create_tensor: loading tensor blk.23.hc_ffn_up.weight
create_tensor: loading tensor blk.23.hc_ffn_inject.weight
create_tensor: loading tensor blk.23.attn_qkv.weight
create_tensor: loading tensor blk.23.attn_q.weight
create_tensor: loading tensor blk.23.attn_k.weight
create_tensor: loading tensor blk.23.attn_v.weight
create_tensor: loading tensor blk.23.attn_q.bias
create_tensor: loading tensor blk.23.attn_k.bias
create_tensor: loading tensor blk.23.attn_v.bias
create_tensor: loading tensor blk.23.attn_output.weight
create_tensor: loading tensor blk.23.attn_q_norm.weight
create_tensor: loading tensor blk.23.attn_k_norm.weight
create_tensor: loading tensor blk.23.indexer.q_proj.weight
create_tensor: loading tensor blk.23.indexer.k_proj.weight
create_tensor: loading tensor blk.23.indexer.q_norm.weight
create_tensor: loading tensor blk.23.indexer.k_norm.weight
create_tensor: loading tensor blk.23.ffn_gate_inp.weight
create_tensor: loading tensor blk.23.ffn_down_exps.weight
tensor blk.23.ffn_down_exps.weight (450 MiB iq4_nl) buffer type overridden to CUDA_Host
create_tensor: loading tensor blk.23.ffn_gate_up_exps.weight
create_tensor: loading tensor blk.23.ffn_gate_exps.weight
tensor blk.23.ffn_gate_exps.weight (343 MiB iq3_s) buffer type overridden to CUDA_Host
create_tensor: loading tensor blk.23.ffn_up_exps.weight
tensor blk.23.ffn_up_exps.weight (343 MiB iq3_s) buffer type overridden to CUDA_Host
create_tensor: loading tensor blk.23.ffn_gate_inp_shexp.weight
create_tensor: loading tensor blk.23.ffn_gate_shexp.weight
create_tensor: loading tensor blk.23.ffn_up_shexp.weight
create_tensor: loading tensor blk.23.ffn_down_shexp.weight
create_tensor: loading tensor blk.24.hc_attn_norm.weight
create_tensor: loading tensor blk.24.hc_attn_down.weight
create_tensor: loading tensor blk.24.hc_attn_up.weight
create_tensor: loading tensor blk.24.hc_attn_inject.weight
create_tensor: loading tensor blk.24.hc_ffn_norm.weight
create_tensor: loading tensor blk.24.hc_ffn_down.weight
create_tensor: loading tensor blk.24.hc_ffn_up.weight
create_tensor: loading tensor blk.24.hc_ffn_inject.weight
create_tensor: loading tensor blk.24.attn_qkv.weight
create_tensor: loading tensor blk.24.attn_gate.weight
create_tensor: loading tensor blk.24.ssm_conv1d.weight
create_tensor: loading tensor blk.24.ssm_dt.bias
create_tensor: loading tensor blk.24.ssm_a
create_tensor: loading tensor blk.24.ssm_beta.weight
create_tensor: loading tensor blk.24.ssm_alpha.weight
create_tensor: loading tensor blk.24.ssm_norm.weight
create_tensor: loading tensor blk.24.ssm_out.weight
create_tensor: loading tensor blk.24.ffn_gate_inp.weight
create_tensor: loading tensor blk.24.ffn_down_exps.weight
tensor blk.24.ffn_down_exps.weight (450 MiB iq4_nl) buffer type overridden to CUDA_Host
create_tensor: loading tensor blk.24.ffn_gate_up_exps.weight
create_tensor: loading tensor blk.24.ffn_gate_exps.weight
tensor blk.24.ffn_gate_exps.weight (343 MiB iq3_s) buffer type overridden to CUDA_Host
create_tensor: loading tensor blk.24.ffn_up_exps.weight
tensor blk.24.ffn_up_exps.weight (343 MiB iq3_s) buffer type overridden to CUDA_Host
create_tensor: loading tensor blk.24.ffn_gate_inp_shexp.weight
create_tensor: loading tensor blk.24.ffn_gate_shexp.weight
create_tensor: loading tensor blk.24.ffn_up_shexp.weight
create_tensor: loading tensor blk.24.ffn_down_shexp.weight
create_tensor: loading tensor blk.25.hc_attn_norm.weight
create_tensor: loading tensor blk.25.hc_attn_down.weight
create_tensor: loading tensor blk.25.hc_attn_up.weight
create_tensor: loading tensor blk.25.hc_attn_inject.weight
create_tensor: loading tensor blk.25.hc_ffn_norm.weight
create_tensor: loading tensor blk.25.hc_ffn_down.weight
create_tensor: loading tensor blk.25.hc_ffn_up.weight
create_tensor: loading tensor blk.25.hc_ffn_inject.weight
create_tensor: loading tensor blk.25.attn_qkv.weight
create_tensor: loading tensor blk.25.attn_gate.weight
create_tensor: loading tensor blk.25.ssm_conv1d.weight
create_tensor: loading tensor blk.25.ssm_dt.bias
create_tensor: loading tensor blk.25.ssm_a
create_tensor: loading tensor blk.25.ssm_beta.weight
create_tensor: loading tensor blk.25.ssm_alpha.weight
create_tensor: loading tensor blk.25.ssm_norm.weight
create_tensor: loading tensor blk.25.ssm_out.weight
create_tensor: loading tensor blk.25.ffn_gate_inp.weight
create_tensor: loading tensor blk.25.ffn_down_exps.weight
tensor blk.25.ffn_down_exps.weight (450 MiB iq4_nl) buffer type overridden to CUDA_Host
create_tensor: loading tensor blk.25.ffn_gate_up_exps.weight
create_tensor: loading tensor blk.25.ffn_gate_exps.weight
tensor blk.25.ffn_gate_exps.weight (343 MiB iq3_s) buffer type overridden to CUDA_Host
create_tensor: loading tensor blk.25.ffn_up_exps.weight
tensor blk.25.ffn_up_exps.weight (343 MiB iq3_s) buffer type overridden to CUDA_Host
create_tensor: loading tensor blk.25.ffn_gate_inp_shexp.weight
create_tensor: loading tensor blk.25.ffn_gate_shexp.weight
create_tensor: loading tensor blk.25.ffn_up_shexp.weight
create_tensor: loading tensor blk.25.ffn_down_shexp.weight
create_tensor: loading tensor blk.26.hc_attn_norm.weight
create_tensor: loading tensor blk.26.hc_attn_down.weight
create_tensor: loading tensor blk.26.hc_attn_up.weight
create_tensor: loading tensor blk.26.hc_attn_inject.weight
create_tensor: loading tensor blk.26.hc_ffn_norm.weight
create_tensor: loading tensor blk.26.hc_ffn_down.weight
create_tensor: loading tensor blk.26.hc_ffn_up.weight
create_tensor: loading tensor blk.26.hc_ffn_inject.weight
create_tensor: loading tensor blk.26.attn_qkv.weight
create_tensor: loading tensor blk.26.attn_gate.weight
create_tensor: loading tensor blk.26.ssm_conv1d.weight
create_tensor: loading tensor blk.26.ssm_dt.bias
create_tensor: loading tensor blk.26.ssm_a
create_tensor: loading tensor blk.26.ssm_beta.weight
create_tensor: loading tensor blk.26.ssm_alpha.weight
create_tensor: loading tensor blk.26.ssm_norm.weight
create_tensor: loading tensor blk.26.ssm_out.weight
create_tensor: loading tensor blk.26.ffn_gate_inp.weight
create_tensor: loading tensor blk.26.ffn_down_exps.weight
tensor blk.26.ffn_down_exps.weight (450 MiB iq4_nl) buffer type overridden to CUDA_Host
create_tensor: loading tensor blk.26.ffn_gate_up_exps.weight
create_tensor: loading tensor blk.26.ffn_gate_exps.weight
tensor blk.26.ffn_gate_exps.weight (343 MiB iq3_s) buffer type overridden to CUDA_Host
create_tensor: loading tensor blk.26.ffn_up_exps.weight
tensor blk.26.ffn_up_exps.weight (343 MiB iq3_s) buffer type overridden to CUDA_Host
create_tensor: loading tensor blk.26.ffn_gate_inp_shexp.weight
create_tensor: loading tensor blk.26.ffn_gate_shexp.weight
create_tensor: loading tensor blk.26.ffn_up_shexp.weight
create_tensor: loading tensor blk.26.ffn_down_shexp.weight
create_tensor: loading tensor blk.27.hc_attn_norm.weight
create_tensor: loading tensor blk.27.hc_attn_down.weight
create_tensor: loading tensor blk.27.hc_attn_up.weight
create_tensor: loading tensor blk.27.hc_attn_inject.weight
create_tensor: loading tensor blk.27.hc_ffn_norm.weight
create_tensor: loading tensor blk.27.hc_ffn_down.weight
create_tensor: loading tensor blk.27.hc_ffn_up.weight
create_tensor: loading tensor blk.27.hc_ffn_inject.weight
create_tensor: loading tensor blk.27.attn_qkv.weight
create_tensor: loading tensor blk.27.attn_q.weight
create_tensor: loading tensor blk.27.attn_k.weight
create_tensor: loading tensor blk.27.attn_v.weight
create_tensor: loading tensor blk.27.attn_q.bias
create_tensor: loading tensor blk.27.attn_k.bias
create_tensor: loading tensor blk.27.attn_v.bias
create_tensor: loading tensor blk.27.attn_output.weight
create_tensor: loading tensor blk.27.attn_q_norm.weight
create_tensor: loading tensor blk.27.attn_k_norm.weight
create_tensor: loading tensor blk.27.indexer.q_proj.weight
create_tensor: loading tensor blk.27.indexer.k_proj.weight
create_tensor: loading tensor blk.27.indexer.q_norm.weight
create_tensor: loading tensor blk.27.indexer.k_norm.weight
create_tensor: loading tensor blk.27.ffn_gate_inp.weight
create_tensor: loading tensor blk.27.ffn_down_exps.weight
tensor blk.27.ffn_down_exps.weight (450 MiB iq4_nl) buffer type overridden to CUDA_Host
create_tensor: loading tensor blk.27.ffn_gate_up_exps.weight
create_tensor: loading tensor blk.27.ffn_gate_exps.weight
tensor blk.27.ffn_gate_exps.weight (343 MiB iq3_s) buffer type overridden to CUDA_Host
create_tensor: loading tensor blk.27.ffn_up_exps.weight
tensor blk.27.ffn_up_exps.weight (343 MiB iq3_s) buffer type overridden to CUDA_Host
create_tensor: loading tensor blk.27.ffn_gate_inp_shexp.weight
create_tensor: loading tensor blk.27.ffn_gate_shexp.weight
create_tensor: loading tensor blk.27.ffn_up_shexp.weight
create_tensor: loading tensor blk.27.ffn_down_shexp.weight
create_tensor: loading tensor blk.28.hc_attn_norm.weight
create_tensor: loading tensor blk.28.hc_attn_down.weight
create_tensor: loading tensor blk.28.hc_attn_up.weight
create_tensor: loading tensor blk.28.hc_attn_inject.weight
create_tensor: loading tensor blk.28.hc_ffn_norm.weight
create_tensor: loading tensor blk.28.hc_ffn_down.weight
create_tensor: loading tensor blk.28.hc_ffn_up.weight
create_tensor: loading tensor blk.28.hc_ffn_inject.weight
create_tensor: loading tensor blk.28.attn_qkv.weight
create_tensor: loading tensor blk.28.attn_gate.weight
create_tensor: loading tensor blk.28.ssm_conv1d.weight
create_tensor: loading tensor blk.28.ssm_dt.bias
create_tensor: loading tensor blk.28.ssm_a
create_tensor: loading tensor blk.28.ssm_beta.weight
create_tensor: loading tensor blk.28.ssm_alpha.weight
create_tensor: loading tensor blk.28.ssm_norm.weight
create_tensor: loading tensor blk.28.ssm_out.weight
create_tensor: loading tensor blk.28.ffn_gate_inp.weight
create_tensor: loading tensor blk.28.ffn_down_exps.weight
tensor blk.28.ffn_down_exps.weight (450 MiB iq4_nl) buffer type overridden to CUDA_Host
create_tensor: loading tensor blk.28.ffn_gate_up_exps.weight
create_tensor: loading tensor blk.28.ffn_gate_exps.weight
tensor blk.28.ffn_gate_exps.weight (343 MiB iq3_s) buffer type overridden to CUDA_Host
create_tensor: loading tensor blk.28.ffn_up_exps.weight
tensor blk.28.ffn_up_exps.weight (343 MiB iq3_s) buffer type overridden to CUDA_Host
create_tensor: loading tensor blk.28.ffn_gate_inp_shexp.weight
create_tensor: loading tensor blk.28.ffn_gate_shexp.weight
create_tensor: loading tensor blk.28.ffn_up_shexp.weight
create_tensor: loading tensor blk.28.ffn_down_shexp.weight
create_tensor: loading tensor blk.29.hc_attn_norm.weight
create_tensor: loading tensor blk.29.hc_attn_down.weight
create_tensor: loading tensor blk.29.hc_attn_up.weight
create_tensor: loading tensor blk.29.hc_attn_inject.weight
create_tensor: loading tensor blk.29.hc_ffn_norm.weight
create_tensor: loading tensor blk.29.hc_ffn_down.weight
create_tensor: loading tensor blk.29.hc_ffn_up.weight
create_tensor: loading tensor blk.29.hc_ffn_inject.weight
create_tensor: loading tensor blk.29.attn_qkv.weight
create_tensor: loading tensor blk.29.attn_gate.weight
create_tensor: loading tensor blk.29.ssm_conv1d.weight
create_tensor: loading tensor blk.29.ssm_dt.bias
create_tensor: loading tensor blk.29.ssm_a
create_tensor: loading tensor blk.29.ssm_beta.weight
create_tensor: loading tensor blk.29.ssm_alpha.weight
create_tensor: loading tensor blk.29.ssm_norm.weight
create_tensor: loading tensor blk.29.ssm_out.weight
create_tensor: loading tensor blk.29.ffn_gate_inp.weight
create_tensor: loading tensor blk.29.ffn_down_exps.weight
tensor blk.29.ffn_down_exps.weight (450 MiB iq4_nl) buffer type overridden to CUDA_Host
create_tensor: loading tensor blk.29.ffn_gate_up_exps.weight
create_tensor: loading tensor blk.29.ffn_gate_exps.weight
tensor blk.29.ffn_gate_exps.weight (343 MiB iq3_s) buffer type overridden to CUDA_Host
create_tensor: loading tensor blk.29.ffn_up_exps.weight
tensor blk.29.ffn_up_exps.weight (343 MiB iq3_s) buffer type overridden to CUDA_Host
create_tensor: loading tensor blk.29.ffn_gate_inp_shexp.weight
create_tensor: loading tensor blk.29.ffn_gate_shexp.weight
create_tensor: loading tensor blk.29.ffn_up_shexp.weight
create_tensor: loading tensor blk.29.ffn_down_shexp.weight
create_tensor: loading tensor blk.30.hc_attn_norm.weight
create_tensor: loading tensor blk.30.hc_attn_down.weight
create_tensor: loading tensor blk.30.hc_attn_up.weight
create_tensor: loading tensor blk.30.hc_attn_inject.weight
create_tensor: loading tensor blk.30.hc_ffn_norm.weight
create_tensor: loading tensor blk.30.hc_ffn_down.weight
create_tensor: loading tensor blk.30.hc_ffn_up.weight
create_tensor: loading tensor blk.30.hc_ffn_inject.weight
create_tensor: loading tensor blk.30.attn_qkv.weight
create_tensor: loading tensor blk.30.attn_gate.weight
create_tensor: loading tensor blk.30.ssm_conv1d.weight
create_tensor: loading tensor blk.30.ssm_dt.bias
create_tensor: loading tensor blk.30.ssm_a
create_tensor: loading tensor blk.30.ssm_beta.weight
create_tensor: loading tensor blk.30.ssm_alpha.weight
create_tensor: loading tensor blk.30.ssm_norm.weight
create_tensor: loading tensor blk.30.ssm_out.weight
create_tensor: loading tensor blk.30.ffn_gate_inp.weight
create_tensor: loading tensor blk.30.ffn_down_exps.weight
tensor blk.30.ffn_down_exps.weight (850 MiB q8_0) buffer type overridden to CUDA_Host
create_tensor: loading tensor blk.30.ffn_gate_up_exps.weight
create_tensor: loading tensor blk.30.ffn_gate_exps.weight
tensor blk.30.ffn_gate_exps.weight (343 MiB iq3_s) buffer type overridden to CUDA_Host
create_tensor: loading tensor blk.30.ffn_up_exps.weight
tensor blk.30.ffn_up_exps.weight (343 MiB iq3_s) buffer type overridden to CUDA_Host
create_tensor: loading tensor blk.30.ffn_gate_inp_shexp.weight
create_tensor: loading tensor blk.30.ffn_gate_shexp.weight
create_tensor: loading tensor blk.30.ffn_up_shexp.weight
create_tensor: loading tensor blk.30.ffn_down_shexp.weight
create_tensor: loading tensor blk.31.hc_attn_norm.weight
create_tensor: loading tensor blk.31.hc_attn_down.weight
create_tensor: loading tensor blk.31.hc_attn_up.weight
create_tensor: loading tensor blk.31.hc_attn_inject.weight
create_tensor: loading tensor blk.31.hc_ffn_norm.weight
create_tensor: loading tensor blk.31.hc_ffn_down.weight
create_tensor: loading tensor blk.31.hc_ffn_up.weight
create_tensor: loading tensor blk.31.hc_ffn_inject.weight
create_tensor: loading tensor blk.31.attn_qkv.weight
create_tensor: loading tensor blk.31.attn_q.weight
create_tensor: loading tensor blk.31.attn_k.weight
create_tensor: loading tensor blk.31.attn_v.weight
create_tensor: loading tensor blk.31.attn_q.bias
create_tensor: loading tensor blk.31.attn_k.bias
create_tensor: loading tensor blk.31.attn_v.bias
create_tensor: loading tensor blk.31.attn_output.weight
create_tensor: loading tensor blk.31.attn_q_norm.weight
create_tensor: loading tensor blk.31.attn_k_norm.weight
create_tensor: loading tensor blk.31.indexer.q_proj.weight
create_tensor: loading tensor blk.31.indexer.k_proj.weight
create_tensor: loading tensor blk.31.indexer.q_norm.weight
create_tensor: loading tensor blk.31.indexer.k_norm.weight
create_tensor: loading tensor blk.31.ffn_gate_inp.weight
create_tensor: loading tensor blk.31.ffn_down_exps.weight
tensor blk.31.ffn_down_exps.weight (450 MiB iq4_nl) buffer type overridden to CUDA_Host
create_tensor: loading tensor blk.31.ffn_gate_up_exps.weight
create_tensor: loading tensor blk.31.ffn_gate_exps.weight
tensor blk.31.ffn_gate_exps.weight (343 MiB iq3_s) buffer type overridden to CUDA_Host
create_tensor: loading tensor blk.31.ffn_up_exps.weight
tensor blk.31.ffn_up_exps.weight (343 MiB iq3_s) buffer type overridden to CUDA_Host
create_tensor: loading tensor blk.31.ffn_gate_inp_shexp.weight
create_tensor: loading tensor blk.31.ffn_gate_shexp.weight
create_tensor: loading tensor blk.31.ffn_up_shexp.weight
create_tensor: loading tensor blk.31.ffn_down_shexp.weight
create_tensor: loading tensor blk.32.hc_attn_norm.weight
create_tensor: loading tensor blk.32.hc_attn_down.weight
create_tensor: loading tensor blk.32.hc_attn_up.weight
create_tensor: loading tensor blk.32.hc_attn_inject.weight
create_tensor: loading tensor blk.32.hc_ffn_norm.weight
create_tensor: loading tensor blk.32.hc_ffn_down.weight
create_tensor: loading tensor blk.32.hc_ffn_up.weight
create_tensor: loading tensor blk.32.hc_ffn_inject.weight
create_tensor: loading tensor blk.32.attn_qkv.weight
create_tensor: loading tensor blk.32.attn_gate.weight
create_tensor: loading tensor blk.32.ssm_conv1d.weight
create_tensor: loading tensor blk.32.ssm_dt.bias
create_tensor: loading tensor blk.32.ssm_a
create_tensor: loading tensor blk.32.ssm_beta.weight
create_tensor: loading tensor blk.32.ssm_alpha.weight
create_tensor: loading tensor blk.32.ssm_norm.weight
create_tensor: loading tensor blk.32.ssm_out.weight
create_tensor: loading tensor blk.32.ffn_gate_inp.weight
create_tensor: loading tensor blk.32.ffn_down_exps.weight
tensor blk.32.ffn_down_exps.weight (450 MiB iq4_nl) buffer type overridden to CUDA_Host
create_tensor: loading tensor blk.32.ffn_gate_up_exps.weight
create_tensor: loading tensor blk.32.ffn_gate_exps.weight
tensor blk.32.ffn_gate_exps.weight (343 MiB iq3_s) buffer type overridden to CUDA_Host
create_tensor: loading tensor blk.32.ffn_up_exps.weight
tensor blk.32.ffn_up_exps.weight (343 MiB iq3_s) buffer type overridden to CUDA_Host
create_tensor: loading tensor blk.32.ffn_gate_inp_shexp.weight
create_tensor: loading tensor blk.32.ffn_gate_shexp.weight
create_tensor: loading tensor blk.32.ffn_up_shexp.weight
create_tensor: loading tensor blk.32.ffn_down_shexp.weight
create_tensor: loading tensor blk.33.hc_attn_norm.weight
create_tensor: loading tensor blk.33.hc_attn_down.weight
create_tensor: loading tensor blk.33.hc_attn_up.weight
create_tensor: loading tensor blk.33.hc_attn_inject.weight
create_tensor: loading tensor blk.33.hc_ffn_norm.weight
create_tensor: loading tensor blk.33.hc_ffn_down.weight
create_tensor: loading tensor blk.33.hc_ffn_up.weight
create_tensor: loading tensor blk.33.hc_ffn_inject.weight
create_tensor: loading tensor blk.33.attn_qkv.weight
create_tensor: loading tensor blk.33.attn_gate.weight
create_tensor: loading tensor blk.33.ssm_conv1d.weight
create_tensor: loading tensor blk.33.ssm_dt.bias
create_tensor: loading tensor blk.33.ssm_a
create_tensor: loading tensor blk.33.ssm_beta.weight
create_tensor: loading tensor blk.33.ssm_alpha.weight
create_tensor: loading tensor blk.33.ssm_norm.weight
create_tensor: loading tensor blk.33.ssm_out.weight
create_tensor: loading tensor blk.33.ffn_gate_inp.weight
create_tensor: loading tensor blk.33.ffn_down_exps.weight
tensor blk.33.ffn_down_exps.weight (450 MiB iq4_nl) buffer type overridden to CUDA_Host
create_tensor: loading tensor blk.33.ffn_gate_up_exps.weight
create_tensor: loading tensor blk.33.ffn_gate_exps.weight
tensor blk.33.ffn_gate_exps.weight (343 MiB iq3_s) buffer type overridden to CUDA_Host
create_tensor: loading tensor blk.33.ffn_up_exps.weight
tensor blk.33.ffn_up_exps.weight (343 MiB iq3_s) buffer type overridden to CUDA_Host
create_tensor: loading tensor blk.33.ffn_gate_inp_shexp.weight
create_tensor: loading tensor blk.33.ffn_gate_shexp.weight
create_tensor: loading tensor blk.33.ffn_up_shexp.weight
create_tensor: loading tensor blk.33.ffn_down_shexp.weight
create_tensor: loading tensor blk.34.hc_attn_norm.weight
create_tensor: loading tensor blk.34.hc_attn_down.weight
create_tensor: loading tensor blk.34.hc_attn_up.weight
create_tensor: loading tensor blk.34.hc_attn_inject.weight
create_tensor: loading tensor blk.34.hc_ffn_norm.weight
create_tensor: loading tensor blk.34.hc_ffn_down.weight
create_tensor: loading tensor blk.34.hc_ffn_up.weight
create_tensor: loading tensor blk.34.hc_ffn_inject.weight
create_tensor: loading tensor blk.34.attn_qkv.weight
create_tensor: loading tensor blk.34.attn_gate.weight
create_tensor: loading tensor blk.34.ssm_conv1d.weight
create_tensor: loading tensor blk.34.ssm_dt.bias
create_tensor: loading tensor blk.34.ssm_a
create_tensor: loading tensor blk.34.ssm_beta.weight
create_tensor: loading tensor blk.34.ssm_alpha.weight
create_tensor: loading tensor blk.34.ssm_norm.weight
create_tensor: loading tensor blk.34.ssm_out.weight
create_tensor: loading tensor blk.34.ffn_gate_inp.weight
create_tensor: loading tensor blk.34.ffn_down_exps.weight
tensor blk.34.ffn_down_exps.weight (450 MiB iq4_nl) buffer type overridden to CUDA_Host
create_tensor: loading tensor blk.34.ffn_gate_up_exps.weight
create_tensor: loading tensor blk.34.ffn_gate_exps.weight
tensor blk.34.ffn_gate_exps.weight (343 MiB iq3_s) buffer type overridden to CUDA_Host
create_tensor: loading tensor blk.34.ffn_up_exps.weight
tensor blk.34.ffn_up_exps.weight (343 MiB iq3_s) buffer type overridden to CUDA_Host
create_tensor: loading tensor blk.34.ffn_gate_inp_shexp.weight
create_tensor: loading tensor blk.34.ffn_gate_shexp.weight
create_tensor: loading tensor blk.34.ffn_up_shexp.weight
create_tensor: loading tensor blk.34.ffn_down_shexp.weight
create_tensor: loading tensor blk.35.hc_attn_norm.weight
create_tensor: loading tensor blk.35.hc_attn_down.weight
create_tensor: loading tensor blk.35.hc_attn_up.weight
create_tensor: loading tensor blk.35.hc_attn_inject.weight
create_tensor: loading tensor blk.35.hc_ffn_norm.weight
create_tensor: loading tensor blk.35.hc_ffn_down.weight
create_tensor: loading tensor blk.35.hc_ffn_up.weight
create_tensor: loading tensor blk.35.hc_ffn_inject.weight
create_tensor: loading tensor blk.35.attn_qkv.weight
create_tensor: loading tensor blk.35.attn_q.weight
create_tensor: loading tensor blk.35.attn_k.weight
create_tensor: loading tensor blk.35.attn_v.weight
create_tensor: loading tensor blk.35.attn_q.bias
create_tensor: loading tensor blk.35.attn_k.bias
create_tensor: loading tensor blk.35.attn_v.bias
create_tensor: loading tensor blk.35.attn_output.weight
create_tensor: loading tensor blk.35.attn_q_norm.weight
create_tensor: loading tensor blk.35.attn_k_norm.weight
create_tensor: loading tensor blk.35.indexer.q_proj.weight
create_tensor: loading tensor blk.35.indexer.k_proj.weight
create_tensor: loading tensor blk.35.indexer.q_norm.weight
create_tensor: loading tensor blk.35.indexer.k_norm.weight
create_tensor: loading tensor blk.35.ffn_gate_inp.weight
create_tensor: loading tensor blk.35.ffn_down_exps.weight
tensor blk.35.ffn_down_exps.weight (450 MiB iq4_nl) buffer type overridden to CUDA_Host
create_tensor: loading tensor blk.35.ffn_gate_up_exps.weight
create_tensor: loading tensor blk.35.ffn_gate_exps.weight
tensor blk.35.ffn_gate_exps.weight (343 MiB iq3_s) buffer type overridden to CUDA_Host
create_tensor: loading tensor blk.35.ffn_up_exps.weight
tensor blk.35.ffn_up_exps.weight (343 MiB iq3_s) buffer type overridden to CUDA_Host
create_tensor: loading tensor blk.35.ffn_gate_inp_shexp.weight
create_tensor: loading tensor blk.35.ffn_gate_shexp.weight
create_tensor: loading tensor blk.35.ffn_up_shexp.weight
create_tensor: loading tensor blk.35.ffn_down_shexp.weight
create_tensor: loading tensor blk.36.hc_attn_norm.weight
create_tensor: loading tensor blk.36.hc_attn_down.weight
create_tensor: loading tensor blk.36.hc_attn_up.weight
create_tensor: loading tensor blk.36.hc_attn_inject.weight
create_tensor: loading tensor blk.36.hc_ffn_norm.weight
create_tensor: loading tensor blk.36.hc_ffn_down.weight
create_tensor: loading tensor blk.36.hc_ffn_up.weight
create_tensor: loading tensor blk.36.hc_ffn_inject.weight
create_tensor: loading tensor blk.36.attn_qkv.weight
create_tensor: loading tensor blk.36.attn_gate.weight
create_tensor: loading tensor blk.36.ssm_conv1d.weight
create_tensor: loading tensor blk.36.ssm_dt.bias
create_tensor: loading tensor blk.36.ssm_a
create_tensor: loading tensor blk.36.ssm_beta.weight
create_tensor: loading tensor blk.36.ssm_alpha.weight
create_tensor: loading tensor blk.36.ssm_norm.weight
create_tensor: loading tensor blk.36.ssm_out.weight
create_tensor: loading tensor blk.36.ffn_gate_inp.weight
create_tensor: loading tensor blk.36.ffn_down_exps.weight
tensor blk.36.ffn_down_exps.weight (450 MiB iq4_nl) buffer type overridden to CUDA_Host
create_tensor: loading tensor blk.36.ffn_gate_up_exps.weight
create_tensor: loading tensor blk.36.ffn_gate_exps.weight
tensor blk.36.ffn_gate_exps.weight (343 MiB iq3_s) buffer type overridden to CUDA_Host
create_tensor: loading tensor blk.36.ffn_up_exps.weight
tensor blk.36.ffn_up_exps.weight (343 MiB iq3_s) buffer type overridden to CUDA_Host
create_tensor: loading tensor blk.36.ffn_gate_inp_shexp.weight
create_tensor: loading tensor blk.36.ffn_gate_shexp.weight
create_tensor: loading tensor blk.36.ffn_up_shexp.weight
create_tensor: loading tensor blk.36.ffn_down_shexp.weight
create_tensor: loading tensor blk.37.hc_attn_norm.weight
create_tensor: loading tensor blk.37.hc_attn_down.weight
create_tensor: loading tensor blk.37.hc_attn_up.weight
create_tensor: loading tensor blk.37.hc_attn_inject.weight
create_tensor: loading tensor blk.37.hc_ffn_norm.weight
create_tensor: loading tensor blk.37.hc_ffn_down.weight
create_tensor: loading tensor blk.37.hc_ffn_up.weight
create_tensor: loading tensor blk.37.hc_ffn_inject.weight
create_tensor: loading tensor blk.37.attn_qkv.weight
create_tensor: loading tensor blk.37.attn_gate.weight
create_tensor: loading tensor blk.37.ssm_conv1d.weight
create_tensor: loading tensor blk.37.ssm_dt.bias
create_tensor: loading tensor blk.37.ssm_a
create_tensor: loading tensor blk.37.ssm_beta.weight
create_tensor: loading tensor blk.37.ssm_alpha.weight
create_tensor: loading tensor blk.37.ssm_norm.weight
create_tensor: loading tensor blk.37.ssm_out.weight
create_tensor: loading tensor blk.37.ffn_gate_inp.weight
create_tensor: loading tensor blk.37.ffn_down_exps.weight
tensor blk.37.ffn_down_exps.weight (450 MiB iq4_nl) buffer type overridden to CUDA_Host
create_tensor: loading tensor blk.37.ffn_gate_up_exps.weight
create_tensor: loading tensor blk.37.ffn_gate_exps.weight
tensor blk.37.ffn_gate_exps.weight (343 MiB iq3_s) buffer type overridden to CUDA_Host
create_tensor: loading tensor blk.37.ffn_up_exps.weight
tensor blk.37.ffn_up_exps.weight (343 MiB iq3_s) buffer type overridden to CUDA_Host
create_tensor: loading tensor blk.37.ffn_gate_inp_shexp.weight
create_tensor: loading tensor blk.37.ffn_gate_shexp.weight
create_tensor: loading tensor blk.37.ffn_up_shexp.weight
create_tensor: loading tensor blk.37.ffn_down_shexp.weight
create_tensor: loading tensor blk.38.hc_attn_norm.weight
create_tensor: loading tensor blk.38.hc_attn_down.weight
create_tensor: loading tensor blk.38.hc_attn_up.weight
create_tensor: loading tensor blk.38.hc_attn_inject.weight
create_tensor: loading tensor blk.38.hc_ffn_norm.weight
create_tensor: loading tensor blk.38.hc_ffn_down.weight
create_tensor: loading tensor blk.38.hc_ffn_up.weight
create_tensor: loading tensor blk.38.hc_ffn_inject.weight
create_tensor: loading tensor blk.38.attn_qkv.weight
create_tensor: loading tensor blk.38.attn_gate.weight
create_tensor: loading tensor blk.38.ssm_conv1d.weight
create_tensor: loading tensor blk.38.ssm_dt.bias
create_tensor: loading tensor blk.38.ssm_a
create_tensor: loading tensor blk.38.ssm_beta.weight
create_tensor: loading tensor blk.38.ssm_alpha.weight
create_tensor: loading tensor blk.38.ssm_norm.weight
create_tensor: loading tensor blk.38.ssm_out.weight
create_tensor: loading tensor blk.38.ffn_gate_inp.weight
create_tensor: loading tensor blk.38.ffn_down_exps.weight
tensor blk.38.ffn_down_exps.weight (450 MiB iq4_nl) buffer type overridden to CUDA_Host
create_tensor: loading tensor blk.38.ffn_gate_up_exps.weight
create_tensor: loading tensor blk.38.ffn_gate_exps.weight
tensor blk.38.ffn_gate_exps.weight (343 MiB iq3_s) buffer type overridden to CUDA_Host
create_tensor: loading tensor blk.38.ffn_up_exps.weight
tensor blk.38.ffn_up_exps.weight (343 MiB iq3_s) buffer type overridden to CUDA_Host
create_tensor: loading tensor blk.38.ffn_gate_inp_shexp.weight
create_tensor: loading tensor blk.38.ffn_gate_shexp.weight
create_tensor: loading tensor blk.38.ffn_up_shexp.weight
create_tensor: loading tensor blk.38.ffn_down_shexp.weight
create_tensor: loading tensor blk.39.hc_attn_norm.weight
create_tensor: loading tensor blk.39.hc_attn_down.weight
create_tensor: loading tensor blk.39.hc_attn_up.weight
create_tensor: loading tensor blk.39.hc_attn_inject.weight
create_tensor: loading tensor blk.39.hc_ffn_norm.weight
create_tensor: loading tensor blk.39.hc_ffn_down.weight
create_tensor: loading tensor blk.39.hc_ffn_up.weight
create_tensor: loading tensor blk.39.hc_ffn_inject.weight
create_tensor: loading tensor blk.39.attn_qkv.weight
create_tensor: loading tensor blk.39.attn_q.weight
create_tensor: loading tensor blk.39.attn_k.weight
create_tensor: loading tensor blk.39.attn_v.weight
create_tensor: loading tensor blk.39.attn_q.bias
create_tensor: loading tensor blk.39.attn_k.bias
create_tensor: loading tensor blk.39.attn_v.bias
create_tensor: loading tensor blk.39.attn_output.weight
create_tensor: loading tensor blk.39.attn_q_norm.weight
create_tensor: loading tensor blk.39.attn_k_norm.weight
create_tensor: loading tensor blk.39.indexer.q_proj.weight
create_tensor: loading tensor blk.39.indexer.k_proj.weight
create_tensor: loading tensor blk.39.indexer.q_norm.weight
create_tensor: loading tensor blk.39.indexer.k_norm.weight
create_tensor: loading tensor blk.39.ffn_gate_inp.weight
create_tensor: loading tensor blk.39.ffn_down_exps.weight
tensor blk.39.ffn_down_exps.weight (450 MiB iq4_nl) buffer type overridden to CUDA_Host
create_tensor: loading tensor blk.39.ffn_gate_up_exps.weight
create_tensor: loading tensor blk.39.ffn_gate_exps.weight
tensor blk.39.ffn_gate_exps.weight (343 MiB iq3_s) buffer type overridden to CUDA_Host
create_tensor: loading tensor blk.39.ffn_up_exps.weight
tensor blk.39.ffn_up_exps.weight (343 MiB iq3_s) buffer type overridden to CUDA_Host
create_tensor: loading tensor blk.39.ffn_gate_inp_shexp.weight
create_tensor: loading tensor blk.39.ffn_gate_shexp.weight
create_tensor: loading tensor blk.39.ffn_up_shexp.weight
create_tensor: loading tensor blk.39.ffn_down_shexp.weight
create_tensor: loading tensor blk.40.hc_attn_norm.weight
create_tensor: loading tensor blk.40.hc_attn_down.weight
create_tensor: loading tensor blk.40.hc_attn_up.weight
create_tensor: loading tensor blk.40.hc_attn_inject.weight
create_tensor: loading tensor blk.40.hc_ffn_norm.weight
create_tensor: loading tensor blk.40.hc_ffn_down.weight
create_tensor: loading tensor blk.40.hc_ffn_up.weight
create_tensor: loading tensor blk.40.hc_ffn_inject.weight
create_tensor: loading tensor blk.40.attn_qkv.weight
create_tensor: loading tensor blk.40.attn_gate.weight
create_tensor: loading tensor blk.40.ssm_conv1d.weight
create_tensor: loading tensor blk.40.ssm_dt.bias
create_tensor: loading tensor blk.40.ssm_a
create_tensor: loading tensor blk.40.ssm_beta.weight
create_tensor: loading tensor blk.40.ssm_alpha.weight
create_tensor: loading tensor blk.40.ssm_norm.weight
create_tensor: loading tensor blk.40.ssm_out.weight
create_tensor: loading tensor blk.40.ffn_gate_inp.weight
create_tensor: loading tensor blk.40.ffn_down_exps.weight
tensor blk.40.ffn_down_exps.weight (450 MiB iq4_nl) buffer type overridden to CUDA_Host
create_tensor: loading tensor blk.40.ffn_gate_up_exps.weight
create_tensor: loading tensor blk.40.ffn_gate_exps.weight
tensor blk.40.ffn_gate_exps.weight (343 MiB iq3_s) buffer type overridden to CUDA_Host
create_tensor: loading tensor blk.40.ffn_up_exps.weight
tensor blk.40.ffn_up_exps.weight (343 MiB iq3_s) buffer type overridden to CUDA_Host
create_tensor: loading tensor blk.40.ffn_gate_inp_shexp.weight
create_tensor: loading tensor blk.40.ffn_gate_shexp.weight
create_tensor: loading tensor blk.40.ffn_up_shexp.weight
create_tensor: loading tensor blk.40.ffn_down_shexp.weight
create_tensor: loading tensor blk.41.hc_attn_norm.weight
create_tensor: loading tensor blk.41.hc_attn_down.weight
create_tensor: loading tensor blk.41.hc_attn_up.weight
create_tensor: loading tensor blk.41.hc_attn_inject.weight
create_tensor: loading tensor blk.41.hc_ffn_norm.weight
create_tensor: loading tensor blk.41.hc_ffn_down.weight
create_tensor: loading tensor blk.41.hc_ffn_up.weight
create_tensor: loading tensor blk.41.hc_ffn_inject.weight
create_tensor: loading tensor blk.41.attn_qkv.weight
create_tensor: loading tensor blk.41.attn_gate.weight
create_tensor: loading tensor blk.41.ssm_conv1d.weight
create_tensor: loading tensor blk.41.ssm_dt.bias
create_tensor: loading tensor blk.41.ssm_a
create_tensor: loading tensor blk.41.ssm_beta.weight
create_tensor: loading tensor blk.41.ssm_alpha.weight
create_tensor: loading tensor blk.41.ssm_norm.weight
create_tensor: loading tensor blk.41.ssm_out.weight
create_tensor: loading tensor blk.41.ffn_gate_inp.weight
create_tensor: loading tensor blk.41.ffn_down_exps.weight
tensor blk.41.ffn_down_exps.weight (450 MiB iq4_nl) buffer type overridden to CUDA_Host
create_tensor: loading tensor blk.41.ffn_gate_up_exps.weight
create_tensor: loading tensor blk.41.ffn_gate_exps.weight
tensor blk.41.ffn_gate_exps.weight (343 MiB iq3_s) buffer type overridden to CUDA_Host
create_tensor: loading tensor blk.41.ffn_up_exps.weight
tensor blk.41.ffn_up_exps.weight (343 MiB iq3_s) buffer type overridden to CUDA_Host
create_tensor: loading tensor blk.41.ffn_gate_inp_shexp.weight
create_tensor: loading tensor blk.41.ffn_gate_shexp.weight
create_tensor: loading tensor blk.41.ffn_up_shexp.weight
create_tensor: loading tensor blk.41.ffn_down_shexp.weight
create_tensor: loading tensor blk.42.hc_attn_norm.weight
create_tensor: loading tensor blk.42.hc_attn_down.weight
create_tensor: loading tensor blk.42.hc_attn_up.weight
create_tensor: loading tensor blk.42.hc_attn_inject.weight
create_tensor: loading tensor blk.42.hc_ffn_norm.weight
create_tensor: loading tensor blk.42.hc_ffn_down.weight
create_tensor: loading tensor blk.42.hc_ffn_up.weight
create_tensor: loading tensor blk.42.hc_ffn_inject.weight
create_tensor: loading tensor blk.42.attn_qkv.weight
create_tensor: loading tensor blk.42.attn_gate.weight
create_tensor: loading tensor blk.42.ssm_conv1d.weight
create_tensor: loading tensor blk.42.ssm_dt.bias
create_tensor: loading tensor blk.42.ssm_a
create_tensor: loading tensor blk.42.ssm_beta.weight
create_tensor: loading tensor blk.42.ssm_alpha.weight
create_tensor: loading tensor blk.42.ssm_norm.weight
create_tensor: loading tensor blk.42.ssm_out.weight
create_tensor: loading tensor blk.42.ffn_gate_inp.weight
create_tensor: loading tensor blk.42.ffn_down_exps.weight
tensor blk.42.ffn_down_exps.weight (450 MiB iq4_nl) buffer type overridden to CUDA_Host
create_tensor: loading tensor blk.42.ffn_gate_up_exps.weight
create_tensor: loading tensor blk.42.ffn_gate_exps.weight
tensor blk.42.ffn_gate_exps.weight (343 MiB iq3_s) buffer type overridden to CUDA_Host
create_tensor: loading tensor blk.42.ffn_up_exps.weight
tensor blk.42.ffn_up_exps.weight (343 MiB iq3_s) buffer type overridden to CUDA_Host
create_tensor: loading tensor blk.42.ffn_gate_inp_shexp.weight
create_tensor: loading tensor blk.42.ffn_gate_shexp.weight
create_tensor: loading tensor blk.42.ffn_up_shexp.weight
create_tensor: loading tensor blk.42.ffn_down_shexp.weight
create_tensor: loading tensor blk.43.hc_attn_norm.weight
create_tensor: loading tensor blk.43.hc_attn_down.weight
create_tensor: loading tensor blk.43.hc_attn_up.weight
create_tensor: loading tensor blk.43.hc_attn_inject.weight
create_tensor: loading tensor blk.43.hc_ffn_norm.weight
create_tensor: loading tensor blk.43.hc_ffn_down.weight
create_tensor: loading tensor blk.43.hc_ffn_up.weight
create_tensor: loading tensor blk.43.hc_ffn_inject.weight
create_tensor: loading tensor blk.43.attn_qkv.weight
create_tensor: loading tensor blk.43.attn_q.weight
create_tensor: loading tensor blk.43.attn_k.weight
create_tensor: loading tensor blk.43.attn_v.weight
create_tensor: loading tensor blk.43.attn_q.bias
create_tensor: loading tensor blk.43.attn_k.bias
create_tensor: loading tensor blk.43.attn_v.bias
create_tensor: loading tensor blk.43.attn_output.weight
create_tensor: loading tensor blk.43.attn_q_norm.weight
create_tensor: loading tensor blk.43.attn_k_norm.weight
create_tensor: loading tensor blk.43.indexer.q_proj.weight
create_tensor: loading tensor blk.43.indexer.k_proj.weight
create_tensor: loading tensor blk.43.indexer.q_norm.weight
create_tensor: loading tensor blk.43.indexer.k_norm.weight
create_tensor: loading tensor blk.43.ffn_gate_inp.weight
create_tensor: loading tensor blk.43.ffn_down_exps.weight
tensor blk.43.ffn_down_exps.weight (450 MiB iq4_nl) buffer type overridden to CUDA_Host
create_tensor: loading tensor blk.43.ffn_gate_up_exps.weight
create_tensor: loading tensor blk.43.ffn_gate_exps.weight
tensor blk.43.ffn_gate_exps.weight (343 MiB iq3_s) buffer type overridden to CUDA_Host
create_tensor: loading tensor blk.43.ffn_up_exps.weight
tensor blk.43.ffn_up_exps.weight (343 MiB iq3_s) buffer type overridden to CUDA_Host
create_tensor: loading tensor blk.43.ffn_gate_inp_shexp.weight
create_tensor: loading tensor blk.43.ffn_gate_shexp.weight
create_tensor: loading tensor blk.43.ffn_up_shexp.weight
create_tensor: loading tensor blk.43.ffn_down_shexp.weight
create_tensor: loading tensor blk.44.hc_attn_norm.weight
create_tensor: loading tensor blk.44.hc_attn_down.weight
create_tensor: loading tensor blk.44.hc_attn_up.weight
create_tensor: loading tensor blk.44.hc_attn_inject.weight
create_tensor: loading tensor blk.44.hc_ffn_norm.weight
create_tensor: loading tensor blk.44.hc_ffn_down.weight
create_tensor: loading tensor blk.44.hc_ffn_up.weight
create_tensor: loading tensor blk.44.hc_ffn_inject.weight
create_tensor: loading tensor blk.44.attn_qkv.weight
create_tensor: loading tensor blk.44.attn_gate.weight
create_tensor: loading tensor blk.44.ssm_conv1d.weight
create_tensor: loading tensor blk.44.ssm_dt.bias
create_tensor: loading tensor blk.44.ssm_a
create_tensor: loading tensor blk.44.ssm_beta.weight
create_tensor: loading tensor blk.44.ssm_alpha.weight
create_tensor: loading tensor blk.44.ssm_norm.weight
create_tensor: loading tensor blk.44.ssm_out.weight
create_tensor: loading tensor blk.44.ffn_gate_inp.weight
create_tensor: loading tensor blk.44.ffn_down_exps.weight
tensor blk.44.ffn_down_exps.weight (450 MiB iq4_nl) buffer type overridden to CUDA_Host
create_tensor: loading tensor blk.44.ffn_gate_up_exps.weight
create_tensor: loading tensor blk.44.ffn_gate_exps.weight
tensor blk.44.ffn_gate_exps.weight (343 MiB iq3_s) buffer type overridden to CUDA_Host
create_tensor: loading tensor blk.44.ffn_up_exps.weight
tensor blk.44.ffn_up_exps.weight (343 MiB iq3_s) buffer type overridden to CUDA_Host
create_tensor: loading tensor blk.44.ffn_gate_inp_shexp.weight
create_tensor: loading tensor blk.44.ffn_gate_shexp.weight
create_tensor: loading tensor blk.44.ffn_up_shexp.weight
create_tensor: loading tensor blk.44.ffn_down_shexp.weight
create_tensor: loading tensor blk.45.hc_attn_norm.weight
create_tensor: loading tensor blk.45.hc_attn_down.weight
create_tensor: loading tensor blk.45.hc_attn_up.weight
create_tensor: loading tensor blk.45.hc_attn_inject.weight
create_tensor: loading tensor blk.45.hc_ffn_norm.weight
create_tensor: loading tensor blk.45.hc_ffn_down.weight
create_tensor: loading tensor blk.45.hc_ffn_up.weight
create_tensor: loading tensor blk.45.hc_ffn_inject.weight
create_tensor: loading tensor blk.45.attn_qkv.weight
create_tensor: loading tensor blk.45.attn_gate.weight
create_tensor: loading tensor blk.45.ssm_conv1d.weight
create_tensor: loading tensor blk.45.ssm_dt.bias
create_tensor: loading tensor blk.45.ssm_a
create_tensor: loading tensor blk.45.ssm_beta.weight
create_tensor: loading tensor blk.45.ssm_alpha.weight
create_tensor: loading tensor blk.45.ssm_norm.weight
create_tensor: loading tensor blk.45.ssm_out.weight
create_tensor: loading tensor blk.45.ffn_gate_inp.weight
create_tensor: loading tensor blk.45.ffn_down_exps.weight
tensor blk.45.ffn_down_exps.weight (450 MiB iq4_nl) buffer type overridden to CUDA_Host
create_tensor: loading tensor blk.45.ffn_gate_up_exps.weight
create_tensor: loading tensor blk.45.ffn_gate_exps.weight
tensor blk.45.ffn_gate_exps.weight (343 MiB iq3_s) buffer type overridden to CUDA_Host
create_tensor: loading tensor blk.45.ffn_up_exps.weight
tensor blk.45.ffn_up_exps.weight (343 MiB iq3_s) buffer type overridden to CUDA_Host
create_tensor: loading tensor blk.45.ffn_gate_inp_shexp.weight
create_tensor: loading tensor blk.45.ffn_gate_shexp.weight
create_tensor: loading tensor blk.45.ffn_up_shexp.weight
create_tensor: loading tensor blk.45.ffn_down_shexp.weight
create_tensor: loading tensor blk.46.hc_attn_norm.weight
create_tensor: loading tensor blk.46.hc_attn_down.weight
create_tensor: loading tensor blk.46.hc_attn_up.weight
create_tensor: loading tensor blk.46.hc_attn_inject.weight
create_tensor: loading tensor blk.46.hc_ffn_norm.weight
create_tensor: loading tensor blk.46.hc_ffn_down.weight
create_tensor: loading tensor blk.46.hc_ffn_up.weight
create_tensor: loading tensor blk.46.hc_ffn_inject.weight
create_tensor: loading tensor blk.46.attn_qkv.weight
create_tensor: loading tensor blk.46.attn_gate.weight
create_tensor: loading tensor blk.46.ssm_conv1d.weight
create_tensor: loading tensor blk.46.ssm_dt.bias
create_tensor: loading tensor blk.46.ssm_a
create_tensor: loading tensor blk.46.ssm_beta.weight
create_tensor: loading tensor blk.46.ssm_alpha.weight
create_tensor: loading tensor blk.46.ssm_norm.weight
create_tensor: loading tensor blk.46.ssm_out.weight
create_tensor: loading tensor blk.46.ffn_gate_inp.weight
create_tensor: loading tensor blk.46.ffn_down_exps.weight
tensor blk.46.ffn_down_exps.weight (850 MiB q8_0) buffer type overridden to CUDA_Host
create_tensor: loading tensor blk.46.ffn_gate_up_exps.weight
create_tensor: loading tensor blk.46.ffn_gate_exps.weight
tensor blk.46.ffn_gate_exps.weight (343 MiB iq3_s) buffer type overridden to CUDA_Host
create_tensor: loading tensor blk.46.ffn_up_exps.weight
tensor blk.46.ffn_up_exps.weight (343 MiB iq3_s) buffer type overridden to CUDA_Host
create_tensor: loading tensor blk.46.ffn_gate_inp_shexp.weight
create_tensor: loading tensor blk.46.ffn_gate_shexp.weight
create_tensor: loading tensor blk.46.ffn_up_shexp.weight
create_tensor: loading tensor blk.46.ffn_down_shexp.weight
create_tensor: loading tensor blk.47.hc_attn_norm.weight
create_tensor: loading tensor blk.47.hc_attn_down.weight
create_tensor: loading tensor blk.47.hc_attn_up.weight
create_tensor: loading tensor blk.47.hc_attn_inject.weight
create_tensor: loading tensor blk.47.hc_ffn_norm.weight
create_tensor: loading tensor blk.47.hc_ffn_down.weight
create_tensor: loading tensor blk.47.hc_ffn_up.weight
create_tensor: loading tensor blk.47.hc_ffn_inject.weight
create_tensor: loading tensor blk.47.attn_qkv.weight
create_tensor: loading tensor blk.47.attn_q.weight
create_tensor: loading tensor blk.47.attn_k.weight
create_tensor: loading tensor blk.47.attn_v.weight
create_tensor: loading tensor blk.47.attn_q.bias
create_tensor: loading tensor blk.47.attn_k.bias
create_tensor: loading tensor blk.47.attn_v.bias
create_tensor: loading tensor blk.47.attn_output.weight
create_tensor: loading tensor blk.47.attn_q_norm.weight
create_tensor: loading tensor blk.47.attn_k_norm.weight
create_tensor: loading tensor blk.47.indexer.q_proj.weight
create_tensor: loading tensor blk.47.indexer.k_proj.weight
create_tensor: loading tensor blk.47.indexer.q_norm.weight
create_tensor: loading tensor blk.47.indexer.k_norm.weight
create_tensor: loading tensor blk.47.ffn_gate_inp.weight
create_tensor: loading tensor blk.47.ffn_down_exps.weight
tensor blk.47.ffn_down_exps.weight (850 MiB q8_0) buffer type overridden to CUDA_Host
create_tensor: loading tensor blk.47.ffn_gate_up_exps.weight
create_tensor: loading tensor blk.47.ffn_gate_exps.weight
tensor blk.47.ffn_gate_exps.weight (343 MiB iq3_s) buffer type overridden to CUDA_Host
create_tensor: loading tensor blk.47.ffn_up_exps.weight
tensor blk.47.ffn_up_exps.weight (343 MiB iq3_s) buffer type overridden to CUDA_Host
create_tensor: loading tensor blk.47.ffn_gate_inp_shexp.weight
create_tensor: loading tensor blk.47.ffn_gate_shexp.weight
create_tensor: loading tensor blk.47.ffn_up_shexp.weight
create_tensor: loading tensor blk.47.ffn_down_shexp.weight
create_tensor: loading tensor blk.0.attn_qkv.scale
create_tensor: loading tensor blk.0.attn_gate.scale
create_tensor: loading tensor blk.0.ffn_gate_shexp.scale
create_tensor: loading tensor blk.0.ffn_down_shexp.scale
create_tensor: loading tensor blk.0.ffn_up_shexp.scale
create_tensor: loading tensor blk.0.ffn_gate_exps.scale
create_tensor: loading tensor blk.0.ffn_down_exps.scale
create_tensor: loading tensor blk.0.ffn_up_exps.scale
create_tensor: loading tensor blk.0.ssm_out.scale
create_tensor: loading tensor blk.0.ssm_alpha.scale
create_tensor: loading tensor blk.0.ssm_beta.scale
create_tensor: loading tensor blk.0.attn_qkv.input_scale
create_tensor: loading tensor blk.0.attn_gate.input_scale
create_tensor: loading tensor blk.0.ffn_gate_exps.input_scale
create_tensor: loading tensor blk.0.ffn_down_exps.input_scale
create_tensor: loading tensor blk.0.ffn_up_exps.input_scale
create_tensor: loading tensor blk.0.ffn_gate_shexp.input_scale
create_tensor: loading tensor blk.0.ffn_down_shexp.input_scale
create_tensor: loading tensor blk.0.ffn_up_shexp.input_scale
create_tensor: loading tensor blk.0.ssm_out.input_scale
create_tensor: loading tensor blk.0.ssm_alpha.input_scale
create_tensor: loading tensor blk.0.ssm_beta.input_scale
create_tensor: loading tensor blk.1.attn_qkv.scale
create_tensor: loading tensor blk.1.attn_gate.scale
create_tensor: loading tensor blk.1.ffn_gate_shexp.scale
create_tensor: loading tensor blk.1.ffn_down_shexp.scale
create_tensor: loading tensor blk.1.ffn_up_shexp.scale
create_tensor: loading tensor blk.1.ffn_gate_exps.scale
create_tensor: loading tensor blk.1.ffn_down_exps.scale
create_tensor: loading tensor blk.1.ffn_up_exps.scale
create_tensor: loading tensor blk.1.ssm_out.scale
create_tensor: loading tensor blk.1.ssm_alpha.scale
create_tensor: loading tensor blk.1.ssm_beta.scale
create_tensor: loading tensor blk.1.attn_qkv.input_scale
create_tensor: loading tensor blk.1.attn_gate.input_scale
create_tensor: loading tensor blk.1.ffn_gate_exps.input_scale
create_tensor: loading tensor blk.1.ffn_down_exps.input_scale
create_tensor: loading tensor blk.1.ffn_up_exps.input_scale
create_tensor: loading tensor blk.1.ffn_gate_shexp.input_scale
create_tensor: loading tensor blk.1.ffn_down_shexp.input_scale
create_tensor: loading tensor blk.1.ffn_up_shexp.input_scale
create_tensor: loading tensor blk.1.ssm_out.input_scale
create_tensor: loading tensor blk.1.ssm_alpha.input_scale
create_tensor: loading tensor blk.1.ssm_beta.input_scale
create_tensor: loading tensor blk.2.attn_qkv.scale
create_tensor: loading tensor blk.2.attn_gate.scale
create_tensor: loading tensor blk.2.ffn_gate_shexp.scale
create_tensor: loading tensor blk.2.ffn_down_shexp.scale
create_tensor: loading tensor blk.2.ffn_up_shexp.scale
create_tensor: loading tensor blk.2.ffn_gate_exps.scale
create_tensor: loading tensor blk.2.ffn_down_exps.scale
create_tensor: loading tensor blk.2.ffn_up_exps.scale
create_tensor: loading tensor blk.2.ssm_out.scale
create_tensor: loading tensor blk.2.ssm_alpha.scale
create_tensor: loading tensor blk.2.ssm_beta.scale
create_tensor: loading tensor blk.2.attn_qkv.input_scale
create_tensor: loading tensor blk.2.attn_gate.input_scale
create_tensor: loading tensor blk.2.ffn_gate_exps.input_scale
create_tensor: loading tensor blk.2.ffn_down_exps.input_scale
create_tensor: loading tensor blk.2.ffn_up_exps.input_scale
create_tensor: loading tensor blk.2.ffn_gate_shexp.input_scale
create_tensor: loading tensor blk.2.ffn_down_shexp.input_scale
create_tensor: loading tensor blk.2.ffn_up_shexp.input_scale
create_tensor: loading tensor blk.2.ssm_out.input_scale
create_tensor: loading tensor blk.2.ssm_alpha.input_scale
create_tensor: loading tensor blk.2.ssm_beta.input_scale
create_tensor: loading tensor blk.3.attn_q.scale
create_tensor: loading tensor blk.3.attn_k.scale
create_tensor: loading tensor blk.3.attn_v.scale
create_tensor: loading tensor blk.3.attn_output.scale
create_tensor: loading tensor blk.3.ffn_gate_shexp.scale
create_tensor: loading tensor blk.3.ffn_down_shexp.scale
create_tensor: loading tensor blk.3.ffn_up_shexp.scale
create_tensor: loading tensor blk.3.ffn_gate_exps.scale
create_tensor: loading tensor blk.3.ffn_down_exps.scale
create_tensor: loading tensor blk.3.ffn_up_exps.scale
create_tensor: loading tensor blk.3.attn_q.input_scale
create_tensor: loading tensor blk.3.attn_k.input_scale
create_tensor: loading tensor blk.3.attn_v.input_scale
create_tensor: loading tensor blk.3.attn_output.input_scale
create_tensor: loading tensor blk.3.ffn_gate_exps.input_scale
create_tensor: loading tensor blk.3.ffn_down_exps.input_scale
create_tensor: loading tensor blk.3.ffn_up_exps.input_scale
create_tensor: loading tensor blk.3.ffn_gate_shexp.input_scale
create_tensor: loading tensor blk.3.ffn_down_shexp.input_scale
create_tensor: loading tensor blk.3.ffn_up_shexp.input_scale
create_tensor: loading tensor blk.4.attn_qkv.scale
create_tensor: loading tensor blk.4.attn_gate.scale
create_tensor: loading tensor blk.4.ffn_gate_shexp.scale
create_tensor: loading tensor blk.4.ffn_down_shexp.scale
create_tensor: loading tensor blk.4.ffn_up_shexp.scale
create_tensor: loading tensor blk.4.ffn_gate_exps.scale
create_tensor: loading tensor blk.4.ffn_down_exps.scale
create_tensor: loading tensor blk.4.ffn_up_exps.scale
create_tensor: loading tensor blk.4.ssm_out.scale
create_tensor: loading tensor blk.4.ssm_alpha.scale
create_tensor: loading tensor blk.4.ssm_beta.scale
create_tensor: loading tensor blk.4.attn_qkv.input_scale
create_tensor: loading tensor blk.4.attn_gate.input_scale
create_tensor: loading tensor blk.4.ffn_gate_exps.input_scale
create_tensor: loading tensor blk.4.ffn_down_exps.input_scale
create_tensor: loading tensor blk.4.ffn_up_exps.input_scale
create_tensor: loading tensor blk.4.ffn_gate_shexp.input_scale
create_tensor: loading tensor blk.4.ffn_down_shexp.input_scale
create_tensor: loading tensor blk.4.ffn_up_shexp.input_scale
create_tensor: loading tensor blk.4.ssm_out.input_scale
create_tensor: loading tensor blk.4.ssm_alpha.input_scale
create_tensor: loading tensor blk.4.ssm_beta.input_scale
create_tensor: loading tensor blk.5.attn_qkv.scale
create_tensor: loading tensor blk.5.attn_gate.scale
create_tensor: loading tensor blk.5.ffn_gate_shexp.scale
create_tensor: loading tensor blk.5.ffn_down_shexp.scale
create_tensor: loading tensor blk.5.ffn_up_shexp.scale
create_tensor: loading tensor blk.5.ffn_gate_exps.scale
create_tensor: loading tensor blk.5.ffn_down_exps.scale
create_tensor: loading tensor blk.5.ffn_up_exps.scale
create_tensor: loading tensor blk.5.ssm_out.scale
create_tensor: loading tensor blk.5.ssm_alpha.scale
create_tensor: loading tensor blk.5.ssm_beta.scale
create_tensor: loading tensor blk.5.attn_qkv.input_scale
create_tensor: loading tensor blk.5.attn_gate.input_scale
create_tensor: loading tensor blk.5.ffn_gate_exps.input_scale
create_tensor: loading tensor blk.5.ffn_down_exps.input_scale
create_tensor: loading tensor blk.5.ffn_up_exps.input_scale
create_tensor: loading tensor blk.5.ffn_gate_shexp.input_scale
create_tensor: loading tensor blk.5.ffn_down_shexp.input_scale
create_tensor: loading tensor blk.5.ffn_up_shexp.input_scale
create_tensor: loading tensor blk.5.ssm_out.input_scale
create_tensor: loading tensor blk.5.ssm_alpha.input_scale
create_tensor: loading tensor blk.5.ssm_beta.input_scale
create_tensor: loading tensor blk.6.attn_qkv.scale
create_tensor: loading tensor blk.6.attn_gate.scale
create_tensor: loading tensor blk.6.ffn_gate_shexp.scale
create_tensor: loading tensor blk.6.ffn_down_shexp.scale
create_tensor: loading tensor blk.6.ffn_up_shexp.scale
create_tensor: loading tensor blk.6.ffn_gate_exps.scale
create_tensor: loading tensor blk.6.ffn_down_exps.scale
create_tensor: loading tensor blk.6.ffn_up_exps.scale
create_tensor: loading tensor blk.6.ssm_out.scale
create_tensor: loading tensor blk.6.ssm_alpha.scale
create_tensor: loading tensor blk.6.ssm_beta.scale
create_tensor: loading tensor blk.6.attn_qkv.input_scale
create_tensor: loading tensor blk.6.attn_gate.input_scale
create_tensor: loading tensor blk.6.ffn_gate_exps.input_scale
create_tensor: loading tensor blk.6.ffn_down_exps.input_scale
create_tensor: loading tensor blk.6.ffn_up_exps.input_scale
create_tensor: loading tensor blk.6.ffn_gate_shexp.input_scale
create_tensor: loading tensor blk.6.ffn_down_shexp.input_scale
create_tensor: loading tensor blk.6.ffn_up_shexp.input_scale
create_tensor: loading tensor blk.6.ssm_out.input_scale
create_tensor: loading tensor blk.6.ssm_alpha.input_scale
create_tensor: loading tensor blk.6.ssm_beta.input_scale
create_tensor: loading tensor blk.7.attn_q.scale
create_tensor: loading tensor blk.7.attn_k.scale
create_tensor: loading tensor blk.7.attn_v.scale
create_tensor: loading tensor blk.7.attn_output.scale
create_tensor: loading tensor blk.7.ffn_gate_shexp.scale
create_tensor: loading tensor blk.7.ffn_down_shexp.scale
create_tensor: loading tensor blk.7.ffn_up_shexp.scale
create_tensor: loading tensor blk.7.ffn_gate_exps.scale
create_tensor: loading tensor blk.7.ffn_down_exps.scale
create_tensor: loading tensor blk.7.ffn_up_exps.scale
create_tensor: loading tensor blk.7.attn_q.input_scale
create_tensor: loading tensor blk.7.attn_k.input_scale
create_tensor: loading tensor blk.7.attn_v.input_scale
create_tensor: loading tensor blk.7.attn_output.input_scale
create_tensor: loading tensor blk.7.ffn_gate_exps.input_scale
create_tensor: loading tensor blk.7.ffn_down_exps.input_scale
create_tensor: loading tensor blk.7.ffn_up_exps.input_scale
create_tensor: loading tensor blk.7.ffn_gate_shexp.input_scale
create_tensor: loading tensor blk.7.ffn_down_shexp.input_scale
create_tensor: loading tensor blk.7.ffn_up_shexp.input_scale
create_tensor: loading tensor blk.8.attn_qkv.scale
create_tensor: loading tensor blk.8.attn_gate.scale
create_tensor: loading tensor blk.8.ffn_gate_shexp.scale
create_tensor: loading tensor blk.8.ffn_down_shexp.scale
create_tensor: loading tensor blk.8.ffn_up_shexp.scale
create_tensor: loading tensor blk.8.ffn_gate_exps.scale
create_tensor: loading tensor blk.8.ffn_down_exps.scale
create_tensor: loading tensor blk.8.ffn_up_exps.scale
create_tensor: loading tensor blk.8.ssm_out.scale
create_tensor: loading tensor blk.8.ssm_alpha.scale
create_tensor: loading tensor blk.8.ssm_beta.scale
create_tensor: loading tensor blk.8.attn_qkv.input_scale
create_tensor: loading tensor blk.8.attn_gate.input_scale
create_tensor: loading tensor blk.8.ffn_gate_exps.input_scale
create_tensor: loading tensor blk.8.ffn_down_exps.input_scale
create_tensor: loading tensor blk.8.ffn_up_exps.input_scale
create_tensor: loading tensor blk.8.ffn_gate_shexp.input_scale
create_tensor: loading tensor blk.8.ffn_down_shexp.input_scale
create_tensor: loading tensor blk.8.ffn_up_shexp.input_scale
create_tensor: loading tensor blk.8.ssm_out.input_scale
create_tensor: loading tensor blk.8.ssm_alpha.input_scale
create_tensor: loading tensor blk.8.ssm_beta.input_scale
create_tensor: loading tensor blk.9.attn_qkv.scale
create_tensor: loading tensor blk.9.attn_gate.scale
create_tensor: loading tensor blk.9.ffn_gate_shexp.scale
create_tensor: loading tensor blk.9.ffn_down_shexp.scale
create_tensor: loading tensor blk.9.ffn_up_shexp.scale
create_tensor: loading tensor blk.9.ffn_gate_exps.scale
create_tensor: loading tensor blk.9.ffn_down_exps.scale
create_tensor: loading tensor blk.9.ffn_up_exps.scale
create_tensor: loading tensor blk.9.ssm_out.scale
create_tensor: loading tensor blk.9.ssm_alpha.scale
create_tensor: loading tensor blk.9.ssm_beta.scale
create_tensor: loading tensor blk.9.attn_qkv.input_scale
create_tensor: loading tensor blk.9.attn_gate.input_scale
create_tensor: loading tensor blk.9.ffn_gate_exps.input_scale
create_tensor: loading tensor blk.9.ffn_down_exps.input_scale
create_tensor: loading tensor blk.9.ffn_up_exps.input_scale
create_tensor: loading tensor blk.9.ffn_gate_shexp.input_scale
create_tensor: loading tensor blk.9.ffn_down_shexp.input_scale
create_tensor: loading tensor blk.9.ffn_up_shexp.input_scale
create_tensor: loading tensor blk.9.ssm_out.input_scale
create_tensor: loading tensor blk.9.ssm_alpha.input_scale
create_tensor: loading tensor blk.9.ssm_beta.input_scale
create_tensor: loading tensor blk.10.attn_qkv.scale
create_tensor: loading tensor blk.10.attn_gate.scale
create_tensor: loading tensor blk.10.ffn_gate_shexp.scale
create_tensor: loading tensor blk.10.ffn_down_shexp.scale
create_tensor: loading tensor blk.10.ffn_up_shexp.scale
create_tensor: loading tensor blk.10.ffn_gate_exps.scale
create_tensor: loading tensor blk.10.ffn_down_exps.scale
create_tensor: loading tensor blk.10.ffn_up_exps.scale
create_tensor: loading tensor blk.10.ssm_out.scale
create_tensor: loading tensor blk.10.ssm_alpha.scale
create_tensor: loading tensor blk.10.ssm_beta.scale
create_tensor: loading tensor blk.10.attn_qkv.input_scale
create_tensor: loading tensor blk.10.attn_gate.input_scale
create_tensor: loading tensor blk.10.ffn_gate_exps.input_scale
create_tensor: loading tensor blk.10.ffn_down_exps.input_scale
create_tensor: loading tensor blk.10.ffn_up_exps.input_scale
create_tensor: loading tensor blk.10.ffn_gate_shexp.input_scale
create_tensor: loading tensor blk.10.ffn_down_shexp.input_scale
create_tensor: loading tensor blk.10.ffn_up_shexp.input_scale
create_tensor: loading tensor blk.10.ssm_out.input_scale
create_tensor: loading tensor blk.10.ssm_alpha.input_scale
create_tensor: loading tensor blk.10.ssm_beta.input_scale
create_tensor: loading tensor blk.11.attn_q.scale
create_tensor: loading tensor blk.11.attn_k.scale
create_tensor: loading tensor blk.11.attn_v.scale
create_tensor: loading tensor blk.11.attn_output.scale
create_tensor: loading tensor blk.11.ffn_gate_shexp.scale
create_tensor: loading tensor blk.11.ffn_down_shexp.scale
create_tensor: loading tensor blk.11.ffn_up_shexp.scale
create_tensor: loading tensor blk.11.ffn_gate_exps.scale
create_tensor: loading tensor blk.11.ffn_down_exps.scale
create_tensor: loading tensor blk.11.ffn_up_exps.scale
create_tensor: loading tensor blk.11.attn_q.input_scale
create_tensor: loading tensor blk.11.attn_k.input_scale
create_tensor: loading tensor blk.11.attn_v.input_scale
create_tensor: loading tensor blk.11.attn_output.input_scale
create_tensor: loading tensor blk.11.ffn_gate_exps.input_scale
create_tensor: loading tensor blk.11.ffn_down_exps.input_scale
create_tensor: loading tensor blk.11.ffn_up_exps.input_scale
create_tensor: loading tensor blk.11.ffn_gate_shexp.input_scale
create_tensor: loading tensor blk.11.ffn_down_shexp.input_scale
create_tensor: loading tensor blk.11.ffn_up_shexp.input_scale
create_tensor: loading tensor blk.12.attn_qkv.scale
create_tensor: loading tensor blk.12.attn_gate.scale
create_tensor: loading tensor blk.12.ffn_gate_shexp.scale
create_tensor: loading tensor blk.12.ffn_down_shexp.scale
create_tensor: loading tensor blk.12.ffn_up_shexp.scale
create_tensor: loading tensor blk.12.ffn_gate_exps.scale
create_tensor: loading tensor blk.12.ffn_down_exps.scale
create_tensor: loading tensor blk.12.ffn_up_exps.scale
create_tensor: loading tensor blk.12.ssm_out.scale
create_tensor: loading tensor blk.12.ssm_alpha.scale
create_tensor: loading tensor blk.12.ssm_beta.scale
create_tensor: loading tensor blk.12.attn_qkv.input_scale
create_tensor: loading tensor blk.12.attn_gate.input_scale
create_tensor: loading tensor blk.12.ffn_gate_exps.input_scale
create_tensor: loading tensor blk.12.ffn_down_exps.input_scale
create_tensor: loading tensor blk.12.ffn_up_exps.input_scale
create_tensor: loading tensor blk.12.ffn_gate_shexp.input_scale
create_tensor: loading tensor blk.12.ffn_down_shexp.input_scale
create_tensor: loading tensor blk.12.ffn_up_shexp.input_scale
create_tensor: loading tensor blk.12.ssm_out.input_scale
create_tensor: loading tensor blk.12.ssm_alpha.input_scale
create_tensor: loading tensor blk.12.ssm_beta.input_scale
create_tensor: loading tensor blk.13.attn_qkv.scale
create_tensor: loading tensor blk.13.attn_gate.scale
create_tensor: loading tensor blk.13.ffn_gate_shexp.scale
create_tensor: loading tensor blk.13.ffn_down_shexp.scale
create_tensor: loading tensor blk.13.ffn_up_shexp.scale
create_tensor: loading tensor blk.13.ffn_gate_exps.scale
create_tensor: loading tensor blk.13.ffn_down_exps.scale
create_tensor: loading tensor blk.13.ffn_up_exps.scale
create_tensor: loading tensor blk.13.ssm_out.scale
create_tensor: loading tensor blk.13.ssm_alpha.scale
create_tensor: loading tensor blk.13.ssm_beta.scale
create_tensor: loading tensor blk.13.attn_qkv.input_scale
create_tensor: loading tensor blk.13.attn_gate.input_scale
create_tensor: loading tensor blk.13.ffn_gate_exps.input_scale
create_tensor: loading tensor blk.13.ffn_down_exps.input_scale
create_tensor: loading tensor blk.13.ffn_up_exps.input_scale
create_tensor: loading tensor blk.13.ffn_gate_shexp.input_scale
create_tensor: loading tensor blk.13.ffn_down_shexp.input_scale
create_tensor: loading tensor blk.13.ffn_up_shexp.input_scale
create_tensor: loading tensor blk.13.ssm_out.input_scale
create_tensor: loading tensor blk.13.ssm_alpha.input_scale
create_tensor: loading tensor blk.13.ssm_beta.input_scale
create_tensor: loading tensor blk.14.attn_qkv.scale
create_tensor: loading tensor blk.14.attn_gate.scale
create_tensor: loading tensor blk.14.ffn_gate_shexp.scale
create_tensor: loading tensor blk.14.ffn_down_shexp.scale
create_tensor: loading tensor blk.14.ffn_up_shexp.scale
create_tensor: loading tensor blk.14.ffn_gate_exps.scale
create_tensor: loading tensor blk.14.ffn_down_exps.scale
create_tensor: loading tensor blk.14.ffn_up_exps.scale
create_tensor: loading tensor blk.14.ssm_out.scale
create_tensor: loading tensor blk.14.ssm_alpha.scale
create_tensor: loading tensor blk.14.ssm_beta.scale
create_tensor: loading tensor blk.14.attn_qkv.input_scale
create_tensor: loading tensor blk.14.attn_gate.input_scale
create_tensor: loading tensor blk.14.ffn_gate_exps.input_scale
create_tensor: loading tensor blk.14.ffn_down_exps.input_scale
create_tensor: loading tensor blk.14.ffn_up_exps.input_scale
create_tensor: loading tensor blk.14.ffn_gate_shexp.input_scale
create_tensor: loading tensor blk.14.ffn_down_shexp.input_scale
create_tensor: loading tensor blk.14.ffn_up_shexp.input_scale
create_tensor: loading tensor blk.14.ssm_out.input_scale
create_tensor: loading tensor blk.14.ssm_alpha.input_scale
create_tensor: loading tensor blk.14.ssm_beta.input_scale
create_tensor: loading tensor blk.15.attn_q.scale
create_tensor: loading tensor blk.15.attn_k.scale
create_tensor: loading tensor blk.15.attn_v.scale
create_tensor: loading tensor blk.15.attn_output.scale
create_tensor: loading tensor blk.15.ffn_gate_shexp.scale
create_tensor: loading tensor blk.15.ffn_down_shexp.scale
create_tensor: loading tensor blk.15.ffn_up_shexp.scale
create_tensor: loading tensor blk.15.ffn_gate_exps.scale
create_tensor: loading tensor blk.15.ffn_down_exps.scale
create_tensor: loading tensor blk.15.ffn_up_exps.scale
create_tensor: loading tensor blk.15.attn_q.input_scale
create_tensor: loading tensor blk.15.attn_k.input_scale
create_tensor: loading tensor blk.15.attn_v.input_scale
create_tensor: loading tensor blk.15.attn_output.input_scale
create_tensor: loading tensor blk.15.ffn_gate_exps.input_scale
create_tensor: loading tensor blk.15.ffn_down_exps.input_scale
create_tensor: loading tensor blk.15.ffn_up_exps.input_scale
create_tensor: loading tensor blk.15.ffn_gate_shexp.input_scale
create_tensor: loading tensor blk.15.ffn_down_shexp.input_scale
create_tensor: loading tensor blk.15.ffn_up_shexp.input_scale
create_tensor: loading tensor blk.16.attn_qkv.scale
create_tensor: loading tensor blk.16.attn_gate.scale
create_tensor: loading tensor blk.16.ffn_gate_shexp.scale
create_tensor: loading tensor blk.16.ffn_down_shexp.scale
create_tensor: loading tensor blk.16.ffn_up_shexp.scale
create_tensor: loading tensor blk.16.ffn_gate_exps.scale
create_tensor: loading tensor blk.16.ffn_down_exps.scale
create_tensor: loading tensor blk.16.ffn_up_exps.scale
create_tensor: loading tensor blk.16.ssm_out.scale
create_tensor: loading tensor blk.16.ssm_alpha.scale
create_tensor: loading tensor blk.16.ssm_beta.scale
create_tensor: loading tensor blk.16.attn_qkv.input_scale
create_tensor: loading tensor blk.16.attn_gate.input_scale
create_tensor: loading tensor blk.16.ffn_gate_exps.input_scale
create_tensor: loading tensor blk.16.ffn_down_exps.input_scale
create_tensor: loading tensor blk.16.ffn_up_exps.input_scale
create_tensor: loading tensor blk.16.ffn_gate_shexp.input_scale
create_tensor: loading tensor blk.16.ffn_down_shexp.input_scale
create_tensor: loading tensor blk.16.ffn_up_shexp.input_scale
create_tensor: loading tensor blk.16.ssm_out.input_scale
create_tensor: loading tensor blk.16.ssm_alpha.input_scale
create_tensor: loading tensor blk.16.ssm_beta.input_scale
create_tensor: loading tensor blk.17.attn_qkv.scale
create_tensor: loading tensor blk.17.attn_gate.scale
create_tensor: loading tensor blk.17.ffn_gate_shexp.scale
create_tensor: loading tensor blk.17.ffn_down_shexp.scale
create_tensor: loading tensor blk.17.ffn_up_shexp.scale
create_tensor: loading tensor blk.17.ffn_gate_exps.scale
create_tensor: loading tensor blk.17.ffn_down_exps.scale
create_tensor: loading tensor blk.17.ffn_up_exps.scale
create_tensor: loading tensor blk.17.ssm_out.scale
create_tensor: loading tensor blk.17.ssm_alpha.scale
create_tensor: loading tensor blk.17.ssm_beta.scale
create_tensor: loading tensor blk.17.attn_qkv.input_scale
create_tensor: loading tensor blk.17.attn_gate.input_scale
create_tensor: loading tensor blk.17.ffn_gate_exps.input_scale
create_tensor: loading tensor blk.17.ffn_down_exps.input_scale
create_tensor: loading tensor blk.17.ffn_up_exps.input_scale
create_tensor: loading tensor blk.17.ffn_gate_shexp.input_scale
create_tensor: loading tensor blk.17.ffn_down_shexp.input_scale
create_tensor: loading tensor blk.17.ffn_up_shexp.input_scale
create_tensor: loading tensor blk.17.ssm_out.input_scale
create_tensor: loading tensor blk.17.ssm_alpha.input_scale
create_tensor: loading tensor blk.17.ssm_beta.input_scale
create_tensor: loading tensor blk.18.attn_qkv.scale
create_tensor: loading tensor blk.18.attn_gate.scale
create_tensor: loading tensor blk.18.ffn_gate_shexp.scale
create_tensor: loading tensor blk.18.ffn_down_shexp.scale
create_tensor: loading tensor blk.18.ffn_up_shexp.scale
create_tensor: loading tensor blk.18.ffn_gate_exps.scale
create_tensor: loading tensor blk.18.ffn_down_exps.scale
create_tensor: loading tensor blk.18.ffn_up_exps.scale
create_tensor: loading tensor blk.18.ssm_out.scale
create_tensor: loading tensor blk.18.ssm_alpha.scale
create_tensor: loading tensor blk.18.ssm_beta.scale
create_tensor: loading tensor blk.18.attn_qkv.input_scale
create_tensor: loading tensor blk.18.attn_gate.input_scale
create_tensor: loading tensor blk.18.ffn_gate_exps.input_scale
create_tensor: loading tensor blk.18.ffn_down_exps.input_scale
create_tensor: loading tensor blk.18.ffn_up_exps.input_scale
create_tensor: loading tensor blk.18.ffn_gate_shexp.input_scale
create_tensor: loading tensor blk.18.ffn_down_shexp.input_scale
create_tensor: loading tensor blk.18.ffn_up_shexp.input_scale
create_tensor: loading tensor blk.18.ssm_out.input_scale
create_tensor: loading tensor blk.18.ssm_alpha.input_scale
create_tensor: loading tensor blk.18.ssm_beta.input_scale
create_tensor: loading tensor blk.19.attn_q.scale
create_tensor: loading tensor blk.19.attn_k.scale
create_tensor: loading tensor blk.19.attn_v.scale
create_tensor: loading tensor blk.19.attn_output.scale
create_tensor: loading tensor blk.19.ffn_gate_shexp.scale
create_tensor: loading tensor blk.19.ffn_down_shexp.scale
create_tensor: loading tensor blk.19.ffn_up_shexp.scale
create_tensor: loading tensor blk.19.ffn_gate_exps.scale
create_tensor: loading tensor blk.19.ffn_down_exps.scale
create_tensor: loading tensor blk.19.ffn_up_exps.scale
create_tensor: loading tensor blk.19.attn_q.input_scale
create_tensor: loading tensor blk.19.attn_k.input_scale
create_tensor: loading tensor blk.19.attn_v.input_scale
create_tensor: loading tensor blk.19.attn_output.input_scale
create_tensor: loading tensor blk.19.ffn_gate_exps.input_scale
create_tensor: loading tensor blk.19.ffn_down_exps.input_scale
create_tensor: loading tensor blk.19.ffn_up_exps.input_scale
create_tensor: loading tensor blk.19.ffn_gate_shexp.input_scale
create_tensor: loading tensor blk.19.ffn_down_shexp.input_scale
create_tensor: loading tensor blk.19.ffn_up_shexp.input_scale
create_tensor: loading tensor blk.20.attn_qkv.scale
create_tensor: loading tensor blk.20.attn_gate.scale
create_tensor: loading tensor blk.20.ffn_gate_shexp.scale
create_tensor: loading tensor blk.20.ffn_down_shexp.scale
create_tensor: loading tensor blk.20.ffn_up_shexp.scale
create_tensor: loading tensor blk.20.ffn_gate_exps.scale
create_tensor: loading tensor blk.20.ffn_down_exps.scale
create_tensor: loading tensor blk.20.ffn_up_exps.scale
create_tensor: loading tensor blk.20.ssm_out.scale
create_tensor: loading tensor blk.20.ssm_alpha.scale
create_tensor: loading tensor blk.20.ssm_beta.scale
create_tensor: loading tensor blk.20.attn_qkv.input_scale
create_tensor: loading tensor blk.20.attn_gate.input_scale
create_tensor: loading tensor blk.20.ffn_gate_exps.input_scale
create_tensor: loading tensor blk.20.ffn_down_exps.input_scale
create_tensor: loading tensor blk.20.ffn_up_exps.input_scale
create_tensor: loading tensor blk.20.ffn_gate_shexp.input_scale
create_tensor: loading tensor blk.20.ffn_down_shexp.input_scale
create_tensor: loading tensor blk.20.ffn_up_shexp.input_scale
create_tensor: loading tensor blk.20.ssm_out.input_scale
create_tensor: loading tensor blk.20.ssm_alpha.input_scale
create_tensor: loading tensor blk.20.ssm_beta.input_scale
create_tensor: loading tensor blk.21.attn_qkv.scale
create_tensor: loading tensor blk.21.attn_gate.scale
create_tensor: loading tensor blk.21.ffn_gate_shexp.scale
create_tensor: loading tensor blk.21.ffn_down_shexp.scale
create_tensor: loading tensor blk.21.ffn_up_shexp.scale
create_tensor: loading tensor blk.21.ffn_gate_exps.scale
create_tensor: loading tensor blk.21.ffn_down_exps.scale
create_tensor: loading tensor blk.21.ffn_up_exps.scale
create_tensor: loading tensor blk.21.ssm_out.scale
create_tensor: loading tensor blk.21.ssm_alpha.scale
create_tensor: loading tensor blk.21.ssm_beta.scale
create_tensor: loading tensor blk.21.attn_qkv.input_scale
create_tensor: loading tensor blk.21.attn_gate.input_scale
create_tensor: loading tensor blk.21.ffn_gate_exps.input_scale
create_tensor: loading tensor blk.21.ffn_down_exps.input_scale
create_tensor: loading tensor blk.21.ffn_up_exps.input_scale
create_tensor: loading tensor blk.21.ffn_gate_shexp.input_scale
create_tensor: loading tensor blk.21.ffn_down_shexp.input_scale
create_tensor: loading tensor blk.21.ffn_up_shexp.input_scale
create_tensor: loading tensor blk.21.ssm_out.input_scale
create_tensor: loading tensor blk.21.ssm_alpha.input_scale
create_tensor: loading tensor blk.21.ssm_beta.input_scale
create_tensor: loading tensor blk.22.attn_qkv.scale
create_tensor: loading tensor blk.22.attn_gate.scale
create_tensor: loading tensor blk.22.ffn_gate_shexp.scale
create_tensor: loading tensor blk.22.ffn_down_shexp.scale
create_tensor: loading tensor blk.22.ffn_up_shexp.scale
create_tensor: loading tensor blk.22.ffn_gate_exps.scale
create_tensor: loading tensor blk.22.ffn_down_exps.scale
create_tensor: loading tensor blk.22.ffn_up_exps.scale
create_tensor: loading tensor blk.22.ssm_out.scale
create_tensor: loading tensor blk.22.ssm_alpha.scale
create_tensor: loading tensor blk.22.ssm_beta.scale
create_tensor: loading tensor blk.22.attn_qkv.input_scale
create_tensor: loading tensor blk.22.attn_gate.input_scale
create_tensor: loading tensor blk.22.ffn_gate_exps.input_scale
create_tensor: loading tensor blk.22.ffn_down_exps.input_scale
create_tensor: loading tensor blk.22.ffn_up_exps.input_scale
create_tensor: loading tensor blk.22.ffn_gate_shexp.input_scale
create_tensor: loading tensor blk.22.ffn_down_shexp.input_scale
create_tensor: loading tensor blk.22.ffn_up_shexp.input_scale
create_tensor: loading tensor blk.22.ssm_out.input_scale
create_tensor: loading tensor blk.22.ssm_alpha.input_scale
create_tensor: loading tensor blk.22.ssm_beta.input_scale
create_tensor: loading tensor blk.23.attn_q.scale
create_tensor: loading tensor blk.23.attn_k.scale
create_tensor: loading tensor blk.23.attn_v.scale
create_tensor: loading tensor blk.23.attn_output.scale
create_tensor: loading tensor blk.23.ffn_gate_shexp.scale
create_tensor: loading tensor blk.23.ffn_down_shexp.scale
create_tensor: loading tensor blk.23.ffn_up_shexp.scale
create_tensor: loading tensor blk.23.ffn_gate_exps.scale
create_tensor: loading tensor blk.23.ffn_down_exps.scale
create_tensor: loading tensor blk.23.ffn_up_exps.scale
create_tensor: loading tensor blk.23.attn_q.input_scale
create_tensor: loading tensor blk.23.attn_k.input_scale
create_tensor: loading tensor blk.23.attn_v.input_scale
create_tensor: loading tensor blk.23.attn_output.input_scale
create_tensor: loading tensor blk.23.ffn_gate_exps.input_scale
create_tensor: loading tensor blk.23.ffn_down_exps.input_scale
create_tensor: loading tensor blk.23.ffn_up_exps.input_scale
create_tensor: loading tensor blk.23.ffn_gate_shexp.input_scale
create_tensor: loading tensor blk.23.ffn_down_shexp.input_scale
create_tensor: loading tensor blk.23.ffn_up_shexp.input_scale
create_tensor: loading tensor blk.24.attn_qkv.scale
create_tensor: loading tensor blk.24.attn_gate.scale
create_tensor: loading tensor blk.24.ffn_gate_shexp.scale
create_tensor: loading tensor blk.24.ffn_down_shexp.scale
create_tensor: loading tensor blk.24.ffn_up_shexp.scale
create_tensor: loading tensor blk.24.ffn_gate_exps.scale
create_tensor: loading tensor blk.24.ffn_down_exps.scale
create_tensor: loading tensor blk.24.ffn_up_exps.scale
create_tensor: loading tensor blk.24.ssm_out.scale
create_tensor: loading tensor blk.24.ssm_alpha.scale
create_tensor: loading tensor blk.24.ssm_beta.scale
create_tensor: loading tensor blk.24.attn_qkv.input_scale
create_tensor: loading tensor blk.24.attn_gate.input_scale
create_tensor: loading tensor blk.24.ffn_gate_exps.input_scale
create_tensor: loading tensor blk.24.ffn_down_exps.input_scale
create_tensor: loading tensor blk.24.ffn_up_exps.input_scale
create_tensor: loading tensor blk.24.ffn_gate_shexp.input_scale
create_tensor: loading tensor blk.24.ffn_down_shexp.input_scale
create_tensor: loading tensor blk.24.ffn_up_shexp.input_scale
create_tensor: loading tensor blk.24.ssm_out.input_scale
create_tensor: loading tensor blk.24.ssm_alpha.input_scale
create_tensor: loading tensor blk.24.ssm_beta.input_scale
create_tensor: loading tensor blk.25.attn_qkv.scale
create_tensor: loading tensor blk.25.attn_gate.scale
create_tensor: loading tensor blk.25.ffn_gate_shexp.scale
create_tensor: loading tensor blk.25.ffn_down_shexp.scale
create_tensor: loading tensor blk.25.ffn_up_shexp.scale
create_tensor: loading tensor blk.25.ffn_gate_exps.scale
create_tensor: loading tensor blk.25.ffn_down_exps.scale
create_tensor: loading tensor blk.25.ffn_up_exps.scale
create_tensor: loading tensor blk.25.ssm_out.scale
create_tensor: loading tensor blk.25.ssm_alpha.scale
create_tensor: loading tensor blk.25.ssm_beta.scale
create_tensor: loading tensor blk.25.attn_qkv.input_scale
create_tensor: loading tensor blk.25.attn_gate.input_scale
create_tensor: loading tensor blk.25.ffn_gate_exps.input_scale
create_tensor: loading tensor blk.25.ffn_down_exps.input_scale
create_tensor: loading tensor blk.25.ffn_up_exps.input_scale
create_tensor: loading tensor blk.25.ffn_gate_shexp.input_scale
create_tensor: loading tensor blk.25.ffn_down_shexp.input_scale
create_tensor: loading tensor blk.25.ffn_up_shexp.input_scale
create_tensor: loading tensor blk.25.ssm_out.input_scale
create_tensor: loading tensor blk.25.ssm_alpha.input_scale
create_tensor: loading tensor blk.25.ssm_beta.input_scale
create_tensor: loading tensor blk.26.attn_qkv.scale
create_tensor: loading tensor blk.26.attn_gate.scale
create_tensor: loading tensor blk.26.ffn_gate_shexp.scale
create_tensor: loading tensor blk.26.ffn_down_shexp.scale
create_tensor: loading tensor blk.26.ffn_up_shexp.scale
create_tensor: loading tensor blk.26.ffn_gate_exps.scale
create_tensor: loading tensor blk.26.ffn_down_exps.scale
create_tensor: loading tensor blk.26.ffn_up_exps.scale
create_tensor: loading tensor blk.26.ssm_out.scale
create_tensor: loading tensor blk.26.ssm_alpha.scale
create_tensor: loading tensor blk.26.ssm_beta.scale
create_tensor: loading tensor blk.26.attn_qkv.input_scale
create_tensor: loading tensor blk.26.attn_gate.input_scale
create_tensor: loading tensor blk.26.ffn_gate_exps.input_scale
create_tensor: loading tensor blk.26.ffn_down_exps.input_scale
create_tensor: loading tensor blk.26.ffn_up_exps.input_scale
create_tensor: loading tensor blk.26.ffn_gate_shexp.input_scale
create_tensor: loading tensor blk.26.ffn_down_shexp.input_scale
create_tensor: loading tensor blk.26.ffn_up_shexp.input_scale
create_tensor: loading tensor blk.26.ssm_out.input_scale
create_tensor: loading tensor blk.26.ssm_alpha.input_scale
create_tensor: loading tensor blk.26.ssm_beta.input_scale
create_tensor: loading tensor blk.27.attn_q.scale
create_tensor: loading tensor blk.27.attn_k.scale
create_tensor: loading tensor blk.27.attn_v.scale
create_tensor: loading tensor blk.27.attn_output.scale
create_tensor: loading tensor blk.27.ffn_gate_shexp.scale
create_tensor: loading tensor blk.27.ffn_down_shexp.scale
create_tensor: loading tensor blk.27.ffn_up_shexp.scale
create_tensor: loading tensor blk.27.ffn_gate_exps.scale
create_tensor: loading tensor blk.27.ffn_down_exps.scale
create_tensor: loading tensor blk.27.ffn_up_exps.scale
create_tensor: loading tensor blk.27.attn_q.input_scale
create_tensor: loading tensor blk.27.attn_k.input_scale
create_tensor: loading tensor blk.27.attn_v.input_scale
create_tensor: loading tensor blk.27.attn_output.input_scale
create_tensor: loading tensor blk.27.ffn_gate_exps.input_scale
create_tensor: loading tensor blk.27.ffn_down_exps.input_scale
create_tensor: loading tensor blk.27.ffn_up_exps.input_scale
create_tensor: loading tensor blk.27.ffn_gate_shexp.input_scale
create_tensor: loading tensor blk.27.ffn_down_shexp.input_scale
create_tensor: loading tensor blk.27.ffn_up_shexp.input_scale
create_tensor: loading tensor blk.28.attn_qkv.scale
create_tensor: loading tensor blk.28.attn_gate.scale
create_tensor: loading tensor blk.28.ffn_gate_shexp.scale
create_tensor: loading tensor blk.28.ffn_down_shexp.scale
create_tensor: loading tensor blk.28.ffn_up_shexp.scale
create_tensor: loading tensor blk.28.ffn_gate_exps.scale
create_tensor: loading tensor blk.28.ffn_down_exps.scale
create_tensor: loading tensor blk.28.ffn_up_exps.scale
create_tensor: loading tensor blk.28.ssm_out.scale
create_tensor: loading tensor blk.28.ssm_alpha.scale
create_tensor: loading tensor blk.28.ssm_beta.scale
create_tensor: loading tensor blk.28.attn_qkv.input_scale
create_tensor: loading tensor blk.28.attn_gate.input_scale
create_tensor: loading tensor blk.28.ffn_gate_exps.input_scale
create_tensor: loading tensor blk.28.ffn_down_exps.input_scale
create_tensor: loading tensor blk.28.ffn_up_exps.input_scale
create_tensor: loading tensor blk.28.ffn_gate_shexp.input_scale
create_tensor: loading tensor blk.28.ffn_down_shexp.input_scale
create_tensor: loading tensor blk.28.ffn_up_shexp.input_scale
create_tensor: loading tensor blk.28.ssm_out.input_scale
create_tensor: loading tensor blk.28.ssm_alpha.input_scale
create_tensor: loading tensor blk.28.ssm_beta.input_scale
create_tensor: loading tensor blk.29.attn_qkv.scale
create_tensor: loading tensor blk.29.attn_gate.scale
create_tensor: loading tensor blk.29.ffn_gate_shexp.scale
create_tensor: loading tensor blk.29.ffn_down_shexp.scale
create_tensor: loading tensor blk.29.ffn_up_shexp.scale
create_tensor: loading tensor blk.29.ffn_gate_exps.scale
create_tensor: loading tensor blk.29.ffn_down_exps.scale
create_tensor: loading tensor blk.29.ffn_up_exps.scale
create_tensor: loading tensor blk.29.ssm_out.scale
create_tensor: loading tensor blk.29.ssm_alpha.scale
create_tensor: loading tensor blk.29.ssm_beta.scale
create_tensor: loading tensor blk.29.attn_qkv.input_scale
create_tensor: loading tensor blk.29.attn_gate.input_scale
create_tensor: loading tensor blk.29.ffn_gate_exps.input_scale
create_tensor: loading tensor blk.29.ffn_down_exps.input_scale
create_tensor: loading tensor blk.29.ffn_up_exps.input_scale
create_tensor: loading tensor blk.29.ffn_gate_shexp.input_scale
create_tensor: loading tensor blk.29.ffn_down_shexp.input_scale
create_tensor: loading tensor blk.29.ffn_up_shexp.input_scale
create_tensor: loading tensor blk.29.ssm_out.input_scale
create_tensor: loading tensor blk.29.ssm_alpha.input_scale
create_tensor: loading tensor blk.29.ssm_beta.input_scale
create_tensor: loading tensor blk.30.attn_qkv.scale
create_tensor: loading tensor blk.30.attn_gate.scale
create_tensor: loading tensor blk.30.ffn_gate_shexp.scale
create_tensor: loading tensor blk.30.ffn_down_shexp.scale
create_tensor: loading tensor blk.30.ffn_up_shexp.scale
create_tensor: loading tensor blk.30.ffn_gate_exps.scale
create_tensor: loading tensor blk.30.ffn_down_exps.scale
create_tensor: loading tensor blk.30.ffn_up_exps.scale
create_tensor: loading tensor blk.30.ssm_out.scale
create_tensor: loading tensor blk.30.ssm_alpha.scale
create_tensor: loading tensor blk.30.ssm_beta.scale
create_tensor: loading tensor blk.30.attn_qkv.input_scale
create_tensor: loading tensor blk.30.attn_gate.input_scale
create_tensor: loading tensor blk.30.ffn_gate_exps.input_scale
create_tensor: loading tensor blk.30.ffn_down_exps.input_scale
create_tensor: loading tensor blk.30.ffn_up_exps.input_scale
create_tensor: loading tensor blk.30.ffn_gate_shexp.input_scale
create_tensor: loading tensor blk.30.ffn_down_shexp.input_scale
create_tensor: loading tensor blk.30.ffn_up_shexp.input_scale
create_tensor: loading tensor blk.30.ssm_out.input_scale
create_tensor: loading tensor blk.30.ssm_alpha.input_scale
create_tensor: loading tensor blk.30.ssm_beta.input_scale
create_tensor: loading tensor blk.31.attn_q.scale
create_tensor: loading tensor blk.31.attn_k.scale
create_tensor: loading tensor blk.31.attn_v.scale
create_tensor: loading tensor blk.31.attn_output.scale
create_tensor: loading tensor blk.31.ffn_gate_shexp.scale
create_tensor: loading tensor blk.31.ffn_down_shexp.scale
create_tensor: loading tensor blk.31.ffn_up_shexp.scale
create_tensor: loading tensor blk.31.ffn_gate_exps.scale
create_tensor: loading tensor blk.31.ffn_down_exps.scale
create_tensor: loading tensor blk.31.ffn_up_exps.scale
create_tensor: loading tensor blk.31.attn_q.input_scale
create_tensor: loading tensor blk.31.attn_k.input_scale
create_tensor: loading tensor blk.31.attn_v.input_scale
create_tensor: loading tensor blk.31.attn_output.input_scale
create_tensor: loading tensor blk.31.ffn_gate_exps.input_scale
create_tensor: loading tensor blk.31.ffn_down_exps.input_scale
create_tensor: loading tensor blk.31.ffn_up_exps.input_scale
create_tensor: loading tensor blk.31.ffn_gate_shexp.input_scale
create_tensor: loading tensor blk.31.ffn_down_shexp.input_scale
create_tensor: loading tensor blk.31.ffn_up_shexp.input_scale
create_tensor: loading tensor blk.32.attn_qkv.scale
create_tensor: loading tensor blk.32.attn_gate.scale
create_tensor: loading tensor blk.32.ffn_gate_shexp.scale
create_tensor: loading tensor blk.32.ffn_down_shexp.scale
create_tensor: loading tensor blk.32.ffn_up_shexp.scale
create_tensor: loading tensor blk.32.ffn_gate_exps.scale
create_tensor: loading tensor blk.32.ffn_down_exps.scale
create_tensor: loading tensor blk.32.ffn_up_exps.scale
create_tensor: loading tensor blk.32.ssm_out.scale
create_tensor: loading tensor blk.32.ssm_alpha.scale
create_tensor: loading tensor blk.32.ssm_beta.scale
create_tensor: loading tensor blk.32.attn_qkv.input_scale
create_tensor: loading tensor blk.32.attn_gate.input_scale
create_tensor: loading tensor blk.32.ffn_gate_exps.input_scale
create_tensor: loading tensor blk.32.ffn_down_exps.input_scale
create_tensor: loading tensor blk.32.ffn_up_exps.input_scale
create_tensor: loading tensor blk.32.ffn_gate_shexp.input_scale
create_tensor: loading tensor blk.32.ffn_down_shexp.input_scale
create_tensor: loading tensor blk.32.ffn_up_shexp.input_scale
create_tensor: loading tensor blk.32.ssm_out.input_scale
create_tensor: loading tensor blk.32.ssm_alpha.input_scale
create_tensor: loading tensor blk.32.ssm_beta.input_scale
create_tensor: loading tensor blk.33.attn_qkv.scale
create_tensor: loading tensor blk.33.attn_gate.scale
create_tensor: loading tensor blk.33.ffn_gate_shexp.scale
create_tensor: loading tensor blk.33.ffn_down_shexp.scale
create_tensor: loading tensor blk.33.ffn_up_shexp.scale
create_tensor: loading tensor blk.33.ffn_gate_exps.scale
create_tensor: loading tensor blk.33.ffn_down_exps.scale
create_tensor: loading tensor blk.33.ffn_up_exps.scale
create_tensor: loading tensor blk.33.ssm_out.scale
create_tensor: loading tensor blk.33.ssm_alpha.scale
create_tensor: loading tensor blk.33.ssm_beta.scale
create_tensor: loading tensor blk.33.attn_qkv.input_scale
create_tensor: loading tensor blk.33.attn_gate.input_scale
create_tensor: loading tensor blk.33.ffn_gate_exps.input_scale
create_tensor: loading tensor blk.33.ffn_down_exps.input_scale
create_tensor: loading tensor blk.33.ffn_up_exps.input_scale
create_tensor: loading tensor blk.33.ffn_gate_shexp.input_scale
create_tensor: loading tensor blk.33.ffn_down_shexp.input_scale
create_tensor: loading tensor blk.33.ffn_up_shexp.input_scale
create_tensor: loading tensor blk.33.ssm_out.input_scale
create_tensor: loading tensor blk.33.ssm_alpha.input_scale
create_tensor: loading tensor blk.33.ssm_beta.input_scale
create_tensor: loading tensor blk.34.attn_qkv.scale
create_tensor: loading tensor blk.34.attn_gate.scale
create_tensor: loading tensor blk.34.ffn_gate_shexp.scale
create_tensor: loading tensor blk.34.ffn_down_shexp.scale
create_tensor: loading tensor blk.34.ffn_up_shexp.scale
create_tensor: loading tensor blk.34.ffn_gate_exps.scale
create_tensor: loading tensor blk.34.ffn_down_exps.scale
create_tensor: loading tensor blk.34.ffn_up_exps.scale
create_tensor: loading tensor blk.34.ssm_out.scale
create_tensor: loading tensor blk.34.ssm_alpha.scale
create_tensor: loading tensor blk.34.ssm_beta.scale
create_tensor: loading tensor blk.34.attn_qkv.input_scale
create_tensor: loading tensor blk.34.attn_gate.input_scale
create_tensor: loading tensor blk.34.ffn_gate_exps.input_scale
create_tensor: loading tensor blk.34.ffn_down_exps.input_scale
create_tensor: loading tensor blk.34.ffn_up_exps.input_scale
create_tensor: loading tensor blk.34.ffn_gate_shexp.input_scale
create_tensor: loading tensor blk.34.ffn_down_shexp.input_scale
create_tensor: loading tensor blk.34.ffn_up_shexp.input_scale
create_tensor: loading tensor blk.34.ssm_out.input_scale
create_tensor: loading tensor blk.34.ssm_alpha.input_scale
create_tensor: loading tensor blk.34.ssm_beta.input_scale
create_tensor: loading tensor blk.35.attn_q.scale
create_tensor: loading tensor blk.35.attn_k.scale
create_tensor: loading tensor blk.35.attn_v.scale
create_tensor: loading tensor blk.35.attn_output.scale
create_tensor: loading tensor blk.35.ffn_gate_shexp.scale
create_tensor: loading tensor blk.35.ffn_down_shexp.scale
create_tensor: loading tensor blk.35.ffn_up_shexp.scale
create_tensor: loading tensor blk.35.ffn_gate_exps.scale
create_tensor: loading tensor blk.35.ffn_down_exps.scale
create_tensor: loading tensor blk.35.ffn_up_exps.scale
create_tensor: loading tensor blk.35.attn_q.input_scale
create_tensor: loading tensor blk.35.attn_k.input_scale
create_tensor: loading tensor blk.35.attn_v.input_scale
create_tensor: loading tensor blk.35.attn_output.input_scale
create_tensor: loading tensor blk.35.ffn_gate_exps.input_scale
create_tensor: loading tensor blk.35.ffn_down_exps.input_scale
create_tensor: loading tensor blk.35.ffn_up_exps.input_scale
create_tensor: loading tensor blk.35.ffn_gate_shexp.input_scale
create_tensor: loading tensor blk.35.ffn_down_shexp.input_scale
create_tensor: loading tensor blk.35.ffn_up_shexp.input_scale
create_tensor: loading tensor blk.36.attn_qkv.scale
create_tensor: loading tensor blk.36.attn_gate.scale
create_tensor: loading tensor blk.36.ffn_gate_shexp.scale
create_tensor: loading tensor blk.36.ffn_down_shexp.scale
create_tensor: loading tensor blk.36.ffn_up_shexp.scale
create_tensor: loading tensor blk.36.ffn_gate_exps.scale
create_tensor: loading tensor blk.36.ffn_down_exps.scale
create_tensor: loading tensor blk.36.ffn_up_exps.scale
create_tensor: loading tensor blk.36.ssm_out.scale
create_tensor: loading tensor blk.36.ssm_alpha.scale
create_tensor: loading tensor blk.36.ssm_beta.scale
create_tensor: loading tensor blk.36.attn_qkv.input_scale
create_tensor: loading tensor blk.36.attn_gate.input_scale
create_tensor: loading tensor blk.36.ffn_gate_exps.input_scale
create_tensor: loading tensor blk.36.ffn_down_exps.input_scale
create_tensor: loading tensor blk.36.ffn_up_exps.input_scale
create_tensor: loading tensor blk.36.ffn_gate_shexp.input_scale
create_tensor: loading tensor blk.36.ffn_down_shexp.input_scale
create_tensor: loading tensor blk.36.ffn_up_shexp.input_scale
create_tensor: loading tensor blk.36.ssm_out.input_scale
create_tensor: loading tensor blk.36.ssm_alpha.input_scale
create_tensor: loading tensor blk.36.ssm_beta.input_scale
create_tensor: loading tensor blk.37.attn_qkv.scale
create_tensor: loading tensor blk.37.attn_gate.scale
create_tensor: loading tensor blk.37.ffn_gate_shexp.scale
create_tensor: loading tensor blk.37.ffn_down_shexp.scale
create_tensor: loading tensor blk.37.ffn_up_shexp.scale
create_tensor: loading tensor blk.37.ffn_gate_exps.scale
create_tensor: loading tensor blk.37.ffn_down_exps.scale
create_tensor: loading tensor blk.37.ffn_up_exps.scale
create_tensor: loading tensor blk.37.ssm_out.scale
create_tensor: loading tensor blk.37.ssm_alpha.scale
create_tensor: loading tensor blk.37.ssm_beta.scale
create_tensor: loading tensor blk.37.attn_qkv.input_scale
create_tensor: loading tensor blk.37.attn_gate.input_scale
create_tensor: loading tensor blk.37.ffn_gate_exps.input_scale
create_tensor: loading tensor blk.37.ffn_down_exps.input_scale
create_tensor: loading tensor blk.37.ffn_up_exps.input_scale
create_tensor: loading tensor blk.37.ffn_gate_shexp.input_scale
create_tensor: loading tensor blk.37.ffn_down_shexp.input_scale
create_tensor: loading tensor blk.37.ffn_up_shexp.input_scale
create_tensor: loading tensor blk.37.ssm_out.input_scale
create_tensor: loading tensor blk.37.ssm_alpha.input_scale
create_tensor: loading tensor blk.37.ssm_beta.input_scale
create_tensor: loading tensor blk.38.attn_qkv.scale
create_tensor: loading tensor blk.38.attn_gate.scale
create_tensor: loading tensor blk.38.ffn_gate_shexp.scale
create_tensor: loading tensor blk.38.ffn_down_shexp.scale
create_tensor: loading tensor blk.38.ffn_up_shexp.scale
create_tensor: loading tensor blk.38.ffn_gate_exps.scale
create_tensor: loading tensor blk.38.ffn_down_exps.scale
create_tensor: loading tensor blk.38.ffn_up_exps.scale
create_tensor: loading tensor blk.38.ssm_out.scale
create_tensor: loading tensor blk.38.ssm_alpha.scale
create_tensor: loading tensor blk.38.ssm_beta.scale
create_tensor: loading tensor blk.38.attn_qkv.input_scale
create_tensor: loading tensor blk.38.attn_gate.input_scale
create_tensor: loading tensor blk.38.ffn_gate_exps.input_scale
create_tensor: loading tensor blk.38.ffn_down_exps.input_scale
create_tensor: loading tensor blk.38.ffn_up_exps.input_scale
create_tensor: loading tensor blk.38.ffn_gate_shexp.input_scale
create_tensor: loading tensor blk.38.ffn_down_shexp.input_scale
create_tensor: loading tensor blk.38.ffn_up_shexp.input_scale
create_tensor: loading tensor blk.38.ssm_out.input_scale
create_tensor: loading tensor blk.38.ssm_alpha.input_scale
create_tensor: loading tensor blk.38.ssm_beta.input_scale
create_tensor: loading tensor blk.39.attn_q.scale
create_tensor: loading tensor blk.39.attn_k.scale
create_tensor: loading tensor blk.39.attn_v.scale
create_tensor: loading tensor blk.39.attn_output.scale
create_tensor: loading tensor blk.39.ffn_gate_shexp.scale
create_tensor: loading tensor blk.39.ffn_down_shexp.scale
create_tensor: loading tensor blk.39.ffn_up_shexp.scale
create_tensor: loading tensor blk.39.ffn_gate_exps.scale
create_tensor: loading tensor blk.39.ffn_down_exps.scale
create_tensor: loading tensor blk.39.ffn_up_exps.scale
create_tensor: loading tensor blk.39.attn_q.input_scale
create_tensor: loading tensor blk.39.attn_k.input_scale
create_tensor: loading tensor blk.39.attn_v.input_scale
create_tensor: loading tensor blk.39.attn_output.input_scale
create_tensor: loading tensor blk.39.ffn_gate_exps.input_scale
create_tensor: loading tensor blk.39.ffn_down_exps.input_scale
create_tensor: loading tensor blk.39.ffn_up_exps.input_scale
create_tensor: loading tensor blk.39.ffn_gate_shexp.input_scale
create_tensor: loading tensor blk.39.ffn_down_shexp.input_scale
create_tensor: loading tensor blk.39.ffn_up_shexp.input_scale
create_tensor: loading tensor blk.40.attn_qkv.scale
create_tensor: loading tensor blk.40.attn_gate.scale
create_tensor: loading tensor blk.40.ffn_gate_shexp.scale
create_tensor: loading tensor blk.40.ffn_down_shexp.scale
create_tensor: loading tensor blk.40.ffn_up_shexp.scale
create_tensor: loading tensor blk.40.ffn_gate_exps.scale
create_tensor: loading tensor blk.40.ffn_down_exps.scale
create_tensor: loading tensor blk.40.ffn_up_exps.scale
create_tensor: loading tensor blk.40.ssm_out.scale
create_tensor: loading tensor blk.40.ssm_alpha.scale
create_tensor: loading tensor blk.40.ssm_beta.scale
create_tensor: loading tensor blk.40.attn_qkv.input_scale
create_tensor: loading tensor blk.40.attn_gate.input_scale
create_tensor: loading tensor blk.40.ffn_gate_exps.input_scale
create_tensor: loading tensor blk.40.ffn_down_exps.input_scale
create_tensor: loading tensor blk.40.ffn_up_exps.input_scale
create_tensor: loading tensor blk.40.ffn_gate_shexp.input_scale
create_tensor: loading tensor blk.40.ffn_down_shexp.input_scale
create_tensor: loading tensor blk.40.ffn_up_shexp.input_scale
create_tensor: loading tensor blk.40.ssm_out.input_scale
create_tensor: loading tensor blk.40.ssm_alpha.input_scale
create_tensor: loading tensor blk.40.ssm_beta.input_scale
create_tensor: loading tensor blk.41.attn_qkv.scale
create_tensor: loading tensor blk.41.attn_gate.scale
create_tensor: loading tensor blk.41.ffn_gate_shexp.scale
create_tensor: loading tensor blk.41.ffn_down_shexp.scale
create_tensor: loading tensor blk.41.ffn_up_shexp.scale
create_tensor: loading tensor blk.41.ffn_gate_exps.scale
create_tensor: loading tensor blk.41.ffn_down_exps.scale
create_tensor: loading tensor blk.41.ffn_up_exps.scale
create_tensor: loading tensor blk.41.ssm_out.scale
create_tensor: loading tensor blk.41.ssm_alpha.scale
create_tensor: loading tensor blk.41.ssm_beta.scale
create_tensor: loading tensor blk.41.attn_qkv.input_scale
create_tensor: loading tensor blk.41.attn_gate.input_scale
create_tensor: loading tensor blk.41.ffn_gate_exps.input_scale
create_tensor: loading tensor blk.41.ffn_down_exps.input_scale
create_tensor: loading tensor blk.41.ffn_up_exps.input_scale
create_tensor: loading tensor blk.41.ffn_gate_shexp.input_scale
create_tensor: loading tensor blk.41.ffn_down_shexp.input_scale
create_tensor: loading tensor blk.41.ffn_up_shexp.input_scale
create_tensor: loading tensor blk.41.ssm_out.input_scale
create_tensor: loading tensor blk.41.ssm_alpha.input_scale
create_tensor: loading tensor blk.41.ssm_beta.input_scale
create_tensor: loading tensor blk.42.attn_qkv.scale
create_tensor: loading tensor blk.42.attn_gate.scale
create_tensor: loading tensor blk.42.ffn_gate_shexp.scale
create_tensor: loading tensor blk.42.ffn_down_shexp.scale
create_tensor: loading tensor blk.42.ffn_up_shexp.scale
create_tensor: loading tensor blk.42.ffn_gate_exps.scale
create_tensor: loading tensor blk.42.ffn_down_exps.scale
create_tensor: loading tensor blk.42.ffn_up_exps.scale
create_tensor: loading tensor blk.42.ssm_out.scale
create_tensor: loading tensor blk.42.ssm_alpha.scale
create_tensor: loading tensor blk.42.ssm_beta.scale
create_tensor: loading tensor blk.42.attn_qkv.input_scale
create_tensor: loading tensor blk.42.attn_gate.input_scale
create_tensor: loading tensor blk.42.ffn_gate_exps.input_scale
create_tensor: loading tensor blk.42.ffn_down_exps.input_scale
create_tensor: loading tensor blk.42.ffn_up_exps.input_scale
create_tensor: loading tensor blk.42.ffn_gate_shexp.input_scale
create_tensor: loading tensor blk.42.ffn_down_shexp.input_scale
create_tensor: loading tensor blk.42.ffn_up_shexp.input_scale
create_tensor: loading tensor blk.42.ssm_out.input_scale
create_tensor: loading tensor blk.42.ssm_alpha.input_scale
create_tensor: loading tensor blk.42.ssm_beta.input_scale
create_tensor: loading tensor blk.43.attn_q.scale
create_tensor: loading tensor blk.43.attn_k.scale
create_tensor: loading tensor blk.43.attn_v.scale
create_tensor: loading tensor blk.43.attn_output.scale
create_tensor: loading tensor blk.43.ffn_gate_shexp.scale
create_tensor: loading tensor blk.43.ffn_down_shexp.scale
create_tensor: loading tensor blk.43.ffn_up_shexp.scale
create_tensor: loading tensor blk.43.ffn_gate_exps.scale
create_tensor: loading tensor blk.43.ffn_down_exps.scale
create_tensor: loading tensor blk.43.ffn_up_exps.scale
create_tensor: loading tensor blk.43.attn_q.input_scale
create_tensor: loading tensor blk.43.attn_k.input_scale
create_tensor: loading tensor blk.43.attn_v.input_scale
create_tensor: loading tensor blk.43.attn_output.input_scale
create_tensor: loading tensor blk.43.ffn_gate_exps.input_scale
create_tensor: loading tensor blk.43.ffn_down_exps.input_scale
create_tensor: loading tensor blk.43.ffn_up_exps.input_scale
create_tensor: loading tensor blk.43.ffn_gate_shexp.input_scale
create_tensor: loading tensor blk.43.ffn_down_shexp.input_scale
create_tensor: loading tensor blk.43.ffn_up_shexp.input_scale
create_tensor: loading tensor blk.44.attn_qkv.scale
create_tensor: loading tensor blk.44.attn_gate.scale
create_tensor: loading tensor blk.44.ffn_gate_shexp.scale
create_tensor: loading tensor blk.44.ffn_down_shexp.scale
create_tensor: loading tensor blk.44.ffn_up_shexp.scale
create_tensor: loading tensor blk.44.ffn_gate_exps.scale
create_tensor: loading tensor blk.44.ffn_down_exps.scale
create_tensor: loading tensor blk.44.ffn_up_exps.scale
create_tensor: loading tensor blk.44.ssm_out.scale
create_tensor: loading tensor blk.44.ssm_alpha.scale
create_tensor: loading tensor blk.44.ssm_beta.scale
create_tensor: loading tensor blk.44.attn_qkv.input_scale
create_tensor: loading tensor blk.44.attn_gate.input_scale
create_tensor: loading tensor blk.44.ffn_gate_exps.input_scale
create_tensor: loading tensor blk.44.ffn_down_exps.input_scale
create_tensor: loading tensor blk.44.ffn_up_exps.input_scale
create_tensor: loading tensor blk.44.ffn_gate_shexp.input_scale
create_tensor: loading tensor blk.44.ffn_down_shexp.input_scale
create_tensor: loading tensor blk.44.ffn_up_shexp.input_scale
create_tensor: loading tensor blk.44.ssm_out.input_scale
create_tensor: loading tensor blk.44.ssm_alpha.input_scale
create_tensor: loading tensor blk.44.ssm_beta.input_scale
create_tensor: loading tensor blk.45.attn_qkv.scale
create_tensor: loading tensor blk.45.attn_gate.scale
create_tensor: loading tensor blk.45.ffn_gate_shexp.scale
create_tensor: loading tensor blk.45.ffn_down_shexp.scale
create_tensor: loading tensor blk.45.ffn_up_shexp.scale
create_tensor: loading tensor blk.45.ffn_gate_exps.scale
create_tensor: loading tensor blk.45.ffn_down_exps.scale
create_tensor: loading tensor blk.45.ffn_up_exps.scale
create_tensor: loading tensor blk.45.ssm_out.scale
create_tensor: loading tensor blk.45.ssm_alpha.scale
create_tensor: loading tensor blk.45.ssm_beta.scale
create_tensor: loading tensor blk.45.attn_qkv.input_scale
create_tensor: loading tensor blk.45.attn_gate.input_scale
create_tensor: loading tensor blk.45.ffn_gate_exps.input_scale
create_tensor: loading tensor blk.45.ffn_down_exps.input_scale
create_tensor: loading tensor blk.45.ffn_up_exps.input_scale
create_tensor: loading tensor blk.45.ffn_gate_shexp.input_scale
create_tensor: loading tensor blk.45.ffn_down_shexp.input_scale
create_tensor: loading tensor blk.45.ffn_up_shexp.input_scale
create_tensor: loading tensor blk.45.ssm_out.input_scale
create_tensor: loading tensor blk.45.ssm_alpha.input_scale
create_tensor: loading tensor blk.45.ssm_beta.input_scale
create_tensor: loading tensor blk.46.attn_qkv.scale
create_tensor: loading tensor blk.46.attn_gate.scale
create_tensor: loading tensor blk.46.ffn_gate_shexp.scale
create_tensor: loading tensor blk.46.ffn_down_shexp.scale
create_tensor: loading tensor blk.46.ffn_up_shexp.scale
create_tensor: loading tensor blk.46.ffn_gate_exps.scale
create_tensor: loading tensor blk.46.ffn_down_exps.scale
create_tensor: loading tensor blk.46.ffn_up_exps.scale
create_tensor: loading tensor blk.46.ssm_out.scale
create_tensor: loading tensor blk.46.ssm_alpha.scale
create_tensor: loading tensor blk.46.ssm_beta.scale
create_tensor: loading tensor blk.46.attn_qkv.input_scale
create_tensor: loading tensor blk.46.attn_gate.input_scale
create_tensor: loading tensor blk.46.ffn_gate_exps.input_scale
create_tensor: loading tensor blk.46.ffn_down_exps.input_scale
create_tensor: loading tensor blk.46.ffn_up_exps.input_scale
create_tensor: loading tensor blk.46.ffn_gate_shexp.input_scale
create_tensor: loading tensor blk.46.ffn_down_shexp.input_scale
create_tensor: loading tensor blk.46.ffn_up_shexp.input_scale
create_tensor: loading tensor blk.46.ssm_out.input_scale
create_tensor: loading tensor blk.46.ssm_alpha.input_scale
create_tensor: loading tensor blk.46.ssm_beta.input_scale
create_tensor: loading tensor blk.47.attn_q.scale
create_tensor: loading tensor blk.47.attn_k.scale
create_tensor: loading tensor blk.47.attn_v.scale
create_tensor: loading tensor blk.47.attn_output.scale
create_tensor: loading tensor blk.47.ffn_gate_shexp.scale
create_tensor: loading tensor blk.47.ffn_down_shexp.scale
create_tensor: loading tensor blk.47.ffn_up_shexp.scale
create_tensor: loading tensor blk.47.ffn_gate_exps.scale
create_tensor: loading tensor blk.47.ffn_down_exps.scale
create_tensor: loading tensor blk.47.ffn_up_exps.scale
create_tensor: loading tensor blk.47.attn_q.input_scale
create_tensor: loading tensor blk.47.attn_k.input_scale
create_tensor: loading tensor blk.47.attn_v.input_scale
create_tensor: loading tensor blk.47.attn_output.input_scale
create_tensor: loading tensor blk.47.ffn_gate_exps.input_scale
create_tensor: loading tensor blk.47.ffn_down_exps.input_scale
create_tensor: loading tensor blk.47.ffn_up_exps.input_scale
create_tensor: loading tensor blk.47.ffn_gate_shexp.input_scale
create_tensor: loading tensor blk.47.ffn_down_shexp.input_scale
create_tensor: loading tensor blk.47.ffn_up_shexp.input_scale
hybrid expert prefill staging: 6 window tensor(s), slots=512, 2837.50 MiB of shared VRAM windows
done_getting_tensors: tensor 'token_embd.weight' (q8_0) (and 145 others) cannot be used with preferred buffer type CUDA_Host, using CPU instead
load_tensors: offloading output layer to GPU
load_tensors: offloading 47 repeating layers to GPU
load_tensors: offloaded 49/49 layers to GPU
load_tensors:   CPU_Mapped model buffer size = 47015.89 MiB
load_tensors:   CPU_Mapped model buffer size = 41787.15 MiB
load_tensors:        CUDA0 model buffer size =  7297.40 MiB
......................................................................
load_tensors: cudaHostRegister model mmap: 0.00 GiB registered, 87.25 GiB not registered
llama_context: constructing llama_context
llama_context: n_seq_max             = 1
llama_context: n_ctx                 = 3072
llama_context: n_ctx_seq             = 3072
llama_context: n_batch               = 2048
llama_context: n_ubatch              = 2048
llama_context: causal_attn           = 1
llama_context: flash_attn            = auto
llama_context: kv_unified            = false
llama_context: freq_base             = 10000000.0
llama_context: freq_scale            = 1
llama_context: n_rs_seq              = 0
llama_context: n_outputs_max         = 2048
llama_context: n_outputs_max_per_seq = 1
llama_context: n_ctx_seq (3072) < n_ctx_train (262144) -- the full capacity of the model will not be utilized
set_abort_callback: call
llama_context:  CUDA_Host  output buffer size =     0.95 MiB
llama_kv_cache: layer   0: filtered
llama_kv_cache: layer   1: filtered
llama_kv_cache: layer   2: filtered
llama_kv_cache: layer   3: dev = CUDA0
llama_kv_cache: layer   4: filtered
llama_kv_cache: layer   5: filtered
llama_kv_cache: layer   6: filtered
llama_kv_cache: layer   7: dev = CUDA0
llama_kv_cache: layer   8: filtered
llama_kv_cache: layer   9: filtered
llama_kv_cache: layer  10: filtered
llama_kv_cache: layer  11: dev = CUDA0
llama_kv_cache: layer  12: filtered
llama_kv_cache: layer  13: filtered
llama_kv_cache: layer  14: filtered
llama_kv_cache: layer  15: dev = CUDA0
llama_kv_cache: layer  16: filtered
llama_kv_cache: layer  17: filtered
llama_kv_cache: layer  18: filtered
llama_kv_cache: layer  19: dev = CUDA0
llama_kv_cache: layer  20: filtered
llama_kv_cache: layer  21: filtered
llama_kv_cache: layer  22: filtered
llama_kv_cache: layer  23: dev = CUDA0
llama_kv_cache: layer  24: filtered
llama_kv_cache: layer  25: filtered
llama_kv_cache: layer  26: filtered
llama_kv_cache: layer  27: dev = CUDA0
llama_kv_cache: layer  28: filtered
llama_kv_cache: layer  29: filtered
llama_kv_cache: layer  30: filtered
llama_kv_cache: layer  31: dev = CUDA0
llama_kv_cache: layer  32: filtered
llama_kv_cache: layer  33: filtered
llama_kv_cache: layer  34: filtered
llama_kv_cache: layer  35: dev = CUDA0
llama_kv_cache: layer  36: filtered
llama_kv_cache: layer  37: filtered
llama_kv_cache: layer  38: filtered
llama_kv_cache: layer  39: dev = CUDA0
llama_kv_cache: layer  40: filtered
llama_kv_cache: layer  41: filtered
llama_kv_cache: layer  42: filtered
llama_kv_cache: layer  43: dev = CUDA0
llama_kv_cache: layer  44: filtered
llama_kv_cache: layer  45: filtered
llama_kv_cache: layer  46: filtered
llama_kv_cache: layer  47: dev = CUDA0
llama_kv_cache:      CUDA0 KV buffer size =    72.00 MiB
llama_kv_cache: size =   72.00 MiB (  3072 cells,  12 layers,  1/1 seqs), K (f16):   36.00 MiB, V (f16):   36.00 MiB
llama_kv_cache: attn_rot_k = 0, n_embd_head_k_all = 256
llama_kv_cache: attn_rot_v = 0, n_embd_head_k_all = 256
llama_memory_recurrent, layer   0: dev = CUDA0
llama_memory_recurrent, layer   1: dev = CUDA0
llama_memory_recurrent, layer   2: dev = CUDA0
llama_memory_recurrent: layer   3: skipped
llama_memory_recurrent, layer   4: dev = CUDA0
llama_memory_recurrent, layer   5: dev = CUDA0
llama_memory_recurrent, layer   6: dev = CUDA0
llama_memory_recurrent: layer   7: skipped
llama_memory_recurrent, layer   8: dev = CUDA0
llama_memory_recurrent, layer   9: dev = CUDA0
llama_memory_recurrent, layer  10: dev = CUDA0
llama_memory_recurrent: layer  11: skipped
llama_memory_recurrent, layer  12: dev = CUDA0
llama_memory_recurrent, layer  13: dev = CUDA0
llama_memory_recurrent, layer  14: dev = CUDA0
llama_memory_recurrent: layer  15: skipped
llama_memory_recurrent, layer  16: dev = CUDA0
llama_memory_recurrent, layer  17: dev = CUDA0
llama_memory_recurrent, layer  18: dev = CUDA0
llama_memory_recurrent: layer  19: skipped
llama_memory_recurrent, layer  20: dev = CUDA0
llama_memory_recurrent, layer  21: dev = CUDA0
llama_memory_recurrent, layer  22: dev = CUDA0
llama_memory_recurrent: layer  23: skipped
llama_memory_recurrent, layer  24: dev = CUDA0
llama_memory_recurrent, layer  25: dev = CUDA0
llama_memory_recurrent, layer  26: dev = CUDA0
llama_memory_recurrent: layer  27: skipped
llama_memory_recurrent, layer  28: dev = CUDA0
llama_memory_recurrent, layer  29: dev = CUDA0
llama_memory_recurrent, layer  30: dev = CUDA0
llama_memory_recurrent: layer  31: skipped
llama_memory_recurrent, layer  32: dev = CUDA0
llama_memory_recurrent, layer  33: dev = CUDA0
llama_memory_recurrent, layer  34: dev = CUDA0
llama_memory_recurrent: layer  35: skipped
llama_memory_recurrent, layer  36: dev = CUDA0
llama_memory_recurrent, layer  37: dev = CUDA0
llama_memory_recurrent, layer  38: dev = CUDA0
llama_memory_recurrent: layer  39: skipped
llama_memory_recurrent, layer  40: dev = CUDA0
llama_memory_recurrent, layer  41: dev = CUDA0
llama_memory_recurrent, layer  42: dev = CUDA0
llama_memory_recurrent: layer  43: skipped
llama_memory_recurrent, layer  44: dev = CUDA0
llama_memory_recurrent, layer  45: dev = CUDA0
llama_memory_recurrent, layer  46: dev = CUDA0
llama_memory_recurrent: layer  47: skipped
llama_memory_recurrent:      CUDA0 RS buffer size =   112.57 MiB
llama_memory_recurrent: size =  112.57 MiB (     1 cells,  48 layers,  1 seqs  0 rs_seq), R (f32):    4.22 MiB, S (f32):  108.00 MiB, P (f32):    0.35 MiB
operator (): creating indexer KV cache, size = 3072 cells
llama_kv_cache: layer   0: filtered
llama_kv_cache: layer   1: filtered
llama_kv_cache: layer   2: filtered
llama_kv_cache: layer   3: dev = CUDA0
llama_kv_cache: layer   4: filtered
llama_kv_cache: layer   5: filtered
llama_kv_cache: layer   6: filtered
llama_kv_cache: layer   7: dev = CUDA0
llama_kv_cache: layer   8: filtered
llama_kv_cache: layer   9: filtered
llama_kv_cache: layer  10: filtered
llama_kv_cache: layer  11: dev = CUDA0
llama_kv_cache: layer  12: filtered
llama_kv_cache: layer  13: filtered
llama_kv_cache: layer  14: filtered
llama_kv_cache: layer  15: dev = CUDA0
llama_kv_cache: layer  16: filtered
llama_kv_cache: layer  17: filtered
llama_kv_cache: layer  18: filtered
llama_kv_cache: layer  19: dev = CUDA0
llama_kv_cache: layer  20: filtered
llama_kv_cache: layer  21: filtered
llama_kv_cache: layer  22: filtered
llama_kv_cache: layer  23: dev = CUDA0
llama_kv_cache: layer  24: filtered
llama_kv_cache: layer  25: filtered
llama_kv_cache: layer  26: filtered
llama_kv_cache: layer  27: dev = CUDA0
llama_kv_cache: layer  28: filtered
llama_kv_cache: layer  29: filtered
llama_kv_cache: layer  30: filtered
llama_kv_cache: layer  31: dev = CUDA0
llama_kv_cache: layer  32: filtered
llama_kv_cache: layer  33: filtered
llama_kv_cache: layer  34: filtered
llama_kv_cache: layer  35: dev = CUDA0
llama_kv_cache: layer  36: filtered
llama_kv_cache: layer  37: filtered
llama_kv_cache: layer  38: filtered
llama_kv_cache: layer  39: dev = CUDA0
llama_kv_cache: layer  40: filtered
llama_kv_cache: layer  41: filtered
llama_kv_cache: layer  42: filtered
llama_kv_cache: layer  43: dev = CUDA0
llama_kv_cache: layer  44: filtered
llama_kv_cache: layer  45: filtered
llama_kv_cache: layer  46: filtered
llama_kv_cache: layer  47: dev = CUDA0
llama_kv_cache:      CUDA0 KV buffer size =    27.00 MiB
llama_kv_cache: size =   27.00 MiB (  3072 cells,  12 layers,  1/1 seqs), K (f16):    9.00 MiB, V (f16):   18.00 MiB
llama_kv_cache: attn_rot_k = 0, n_embd_head_k_all = 128
llama_kv_cache: attn_rot_v = 0, n_embd_head_k_all = 256
llama_context: enumerating backends
llama_context: backend_ptrs.size() = 2
sched_reserve: reserving ...
sched_reserve: max_nodes = 81920
sched_reserve: reserving full memory module
sched_reserve: worst-case: n_tokens = 2048, n_seqs = 1, n_outputs = 1
graph_reserve: reserving a graph for ubatch with n_tokens =    1, n_seqs =  1, n_outputs =    1
resolve_fused_ops: Flash Attention enabled
resolve_fused_ops: resolving fused Gated Delta Net support:
graph_reserve: reserving a graph for ubatch with n_tokens =    1, n_seqs =  1, n_outputs =    1
resolve_fused_ops: fused Gated Delta Net (autoregressive) enabled
graph_reserve: reserving a graph for ubatch with n_tokens =   16, n_seqs =  1, n_outputs =   16
resolve_fused_ops: fused Gated Delta Net (chunked) enabled
resolve_fused_ops: resolving fused Lightning Indexer support:
graph_reserve: reserving a graph for ubatch with n_tokens =    1, n_seqs =  1, n_outputs =    1
resolve_fused_ops: Lightning Indexer enabled
resolve_fused_ops: resolving fused DeepSeek V4 HC support:
graph_reserve: reserving a graph for ubatch with n_tokens =    1, n_seqs =  1, n_outputs =    1
resolve_fused_ops: fused DeepSeek V4 HC pre enabled
graph_reserve: reserving a graph for ubatch with n_tokens =    1, n_seqs =  1, n_outputs =    1
resolve_fused_ops: fused DeepSeek V4 HC comb enabled
graph_reserve: reserving a graph for ubatch with n_tokens =    1, n_seqs =  1, n_outputs =    1
resolve_fused_ops: fused DeepSeek V4 HC post enabled
graph_reserve: reserving a graph for ubatch with n_tokens = 2048, n_seqs =  1, n_outputs = 2048
graph_reserve: reserving a graph for ubatch with n_tokens =    1, n_seqs =  1, n_outputs =    1
graph_reserve: reserving a graph for ubatch with n_tokens = 2048, n_seqs =  1, n_outputs = 2048
sched_reserve:      CUDA0 compute buffer size =  2040.00 MiB
sched_reserve:  CUDA_Host compute buffer size =    58.25 MiB
sched_reserve: graph nodes  = 8094 (with bs=2048), 8574 (with bs=1)
sched_reserve: graph splits = 4 (with bs=2048), 100 (with bs=1)
sched_reserve: reserve took 43.42 ms, sched copies = 1
set_n_threads: n_threads = 24, n_threads_batch = 24
prefill staging: 2837.50 MiB pinned host arena
prefill staging: layer=0 ne0=10 ne1=2048 ne2=1 op=35 unique=352 runs=114 bytes=782.0 MiB barrier_us=482017
prefill staging: layer=0 ne0=20480 ne1=1 ne2=1 op=36 unique=352 runs=114 bytes=782.0 MiB barrier_us=72748
MMQ_DIAG call#0 type=iq3_s buft=CUDA0 vram=1 staging_env=0 staged_ops=0 host_ops=0 vram_ops=0
MMQ_DIAG call#1 type=iq3_s buft=CUDA0 vram=1 staging_env=0 staged_ops=0 host_ops=0 vram_ops=1
MMQ_DIAG call#2 type=iq4_nl buft=CUDA0 vram=1 staging_env=0 staged_ops=0 host_ops=0 vram_ops=2
prefill staging: layer=1 ne0=10 ne1=2048 ne2=1 op=35 unique=297 runs=137 bytes=659.8 MiB barrier_us=78035
prefill staging: layer=1 ne0=20480 ne1=1 ne2=1 op=36 unique=297 runs=137 bytes=659.8 MiB barrier_us=60722
MMQ_DIAG call#3 type=iq3_s buft=CUDA0 vram=1 staging_env=0 staged_ops=0 host_ops=0 vram_ops=3
prefill staging: layer=2 ne0=10 ne1=2048 ne2=1 op=35 unique=298 runs=117 bytes=989.5 MiB barrier_us=129531
prefill staging: layer=2 ne0=20480 ne1=1 ne2=1 op=36 unique=298 runs=117 bytes=989.5 MiB barrier_us=99119
prefill staging: layer=3 ne0=10 ne1=2048 ne2=1 op=35 unique=208 runs=127 bytes=462.1 MiB barrier_us=59278
prefill staging: layer=3 ne0=20480 ne1=1 ne2=1 op=36 unique=208 runs=127 bytes=462.1 MiB barrier_us=42530
prefill staging: layer=4 ne0=10 ne1=2048 ne2=1 op=35 unique=232 runs=128 bytes=696.7 MiB barrier_us=91239
prefill staging: layer=4 ne0=20480 ne1=1 ne2=1 op=36 unique=232 runs=128 bytes=696.7 MiB barrier_us=67058
prefill staging: layer=5 ne0=10 ne1=2048 ne2=1 op=35 unique=287 runs=137 bytes=637.6 MiB barrier_us=84069
prefill staging: layer=5 ne0=20480 ne1=1 ne2=1 op=36 unique=287 runs=137 bytes=637.6 MiB barrier_us=62438
prefill staging: layer=6 ne0=10 ne1=2048 ne2=1 op=35 unique=300 runs=135 bytes=666.5 MiB barrier_us=83434
prefill staging: layer=6 ne0=20480 ne1=1 ne2=1 op=36 unique=300 runs=135 bytes=666.5 MiB barrier_us=63569
prefill staging: layer=7 ne0=10 ne1=2048 ne2=1 op=35 unique=313 runs=117 bytes=695.4 MiB barrier_us=91005
prefill staging: layer=7 ne0=20480 ne1=1 ne2=1 op=36 unique=313 runs=117 bytes=695.4 MiB barrier_us=67889
prefill staging: layer=8 ne0=10 ne1=2048 ne2=1 op=35 unique=251 runs=123 bytes=557.6 MiB barrier_us=67193
prefill staging: layer=8 ne0=20480 ne1=1 ne2=1 op=36 unique=251 runs=123 bytes=557.6 MiB barrier_us=50501
prefill staging: layer=9 ne0=10 ne1=2048 ne2=1 op=35 unique=270 runs=125 bytes=599.9 MiB barrier_us=72832
prefill staging: layer=9 ne0=20480 ne1=1 ne2=1 op=36 unique=270 runs=125 bytes=599.9 MiB barrier_us=54676
prefill staging: layer=10 ne0=10 ne1=2048 ne2=1 op=35 unique=302 runs=127 bytes=670.9 MiB barrier_us=83956
prefill staging: layer=10 ne0=20480 ne1=1 ne2=1 op=36 unique=302 runs=127 bytes=670.9 MiB barrier_us=61832
prefill staging: layer=11 ne0=10 ne1=2048 ne2=1 op=35 unique=276 runs=136 bytes=613.2 MiB barrier_us=75128
prefill staging: layer=11 ne0=20480 ne1=1 ne2=1 op=36 unique=276 runs=136 bytes=613.2 MiB barrier_us=56851
prefill staging: layer=12 ne0=10 ne1=2048 ne2=1 op=35 unique=309 runs=128 bytes=686.5 MiB barrier_us=82261
prefill staging: layer=12 ne0=20480 ne1=1 ne2=1 op=36 unique=309 runs=128 bytes=686.5 MiB barrier_us=61116
prefill staging: layer=13 ne0=10 ne1=2048 ne2=1 op=35 unique=295 runs=124 bytes=655.4 MiB barrier_us=77275
prefill staging: layer=13 ne0=20480 ne1=1 ne2=1 op=36 unique=295 runs=124 bytes=655.4 MiB barrier_us=57893
prefill staging: layer=14 ne0=10 ne1=2048 ne2=1 op=35 unique=303 runs=126 bytes=673.2 MiB barrier_us=77217
prefill staging: layer=14 ne0=20480 ne1=1 ne2=1 op=36 unique=303 runs=126 bytes=673.2 MiB barrier_us=60081
prefill staging: layer=15 ne0=10 ne1=2048 ne2=1 op=35 unique=277 runs=123 bytes=615.4 MiB barrier_us=76122
prefill staging: layer=15 ne0=20480 ne1=1 ne2=1 op=36 unique=277 runs=123 bytes=615.4 MiB barrier_us=57041
prefill staging: layer=16 ne0=10 ne1=2048 ne2=1 op=35 unique=319 runs=119 bytes=708.7 MiB barrier_us=86160
prefill staging: layer=16 ne0=20480 ne1=1 ne2=1 op=36 unique=319 runs=119 bytes=708.7 MiB barrier_us=63500
prefill staging: layer=17 ne0=10 ne1=2048 ne2=1 op=35 unique=368 runs=103 bytes=817.6 MiB barrier_us=100886
prefill staging: layer=17 ne0=20480 ne1=1 ne2=1 op=36 unique=368 runs=103 bytes=817.6 MiB barrier_us=74136
prefill staging: layer=18 ne0=10 ne1=2048 ne2=1 op=35 unique=382 runs=94 bytes=848.7 MiB barrier_us=96455
prefill staging: layer=18 ne0=20480 ne1=1 ne2=1 op=36 unique=382 runs=94 bytes=848.7 MiB barrier_us=76336
prefill staging: layer=19 ne0=10 ne1=2048 ne2=1 op=35 unique=398 runs=90 bytes=884.2 MiB barrier_us=106168
prefill staging: layer=19 ne0=20480 ne1=1 ne2=1 op=36 unique=398 runs=90 bytes=884.2 MiB barrier_us=78179
prefill staging: layer=20 ne0=10 ne1=2048 ne2=1 op=35 unique=415 runs=83 bytes=922.0 MiB barrier_us=113676
prefill staging: layer=20 ne0=20480 ne1=1 ne2=1 op=36 unique=415 runs=83 bytes=922.0 MiB barrier_us=85023
prefill staging: layer=21 ne0=10 ne1=2048 ne2=1 op=35 unique=388 runs=95 bytes=862.0 MiB barrier_us=102646
prefill staging: layer=21 ne0=20480 ne1=1 ne2=1 op=36 unique=388 runs=95 bytes=862.0 MiB barrier_us=77253
prefill staging: layer=22 ne0=10 ne1=2048 ne2=1 op=35 unique=387 runs=91 bytes=859.8 MiB barrier_us=101196
prefill staging: layer=22 ne0=20480 ne1=1 ne2=1 op=36 unique=387 runs=91 bytes=859.8 MiB barrier_us=78110
prefill staging: layer=23 ne0=10 ne1=2048 ne2=1 op=35 unique=417 runs=83 bytes=926.4 MiB barrier_us=107579
prefill staging: layer=23 ne0=20480 ne1=1 ne2=1 op=36 unique=417 runs=83 bytes=926.4 MiB barrier_us=84267
prefill staging: layer=24 ne0=10 ne1=2048 ne2=1 op=35 unique=412 runs=72 bytes=915.3 MiB barrier_us=110586
prefill staging: layer=24 ne0=20480 ne1=1 ne2=1 op=36 unique=412 runs=72 bytes=915.3 MiB barrier_us=79972
prefill staging: layer=25 ne0=10 ne1=2048 ne2=1 op=35 unique=440 runs=61 bytes=977.5 MiB barrier_us=117966
prefill staging: layer=25 ne0=20480 ne1=1 ne2=1 op=36 unique=440 runs=61 bytes=977.5 MiB barrier_us=87298
prefill staging: layer=26 ne0=10 ne1=2048 ne2=1 op=35 unique=436 runs=65 bytes=968.7 MiB barrier_us=113884
prefill staging: layer=26 ne0=20480 ne1=1 ne2=1 op=36 unique=436 runs=65 bytes=968.7 MiB barrier_us=88484
prefill staging: layer=27 ne0=10 ne1=2048 ne2=1 op=35 unique=438 runs=66 bytes=973.1 MiB barrier_us=121447
prefill staging: layer=27 ne0=20480 ne1=1 ne2=1 op=36 unique=438 runs=66 bytes=973.1 MiB barrier_us=84404
prefill staging: layer=28 ne0=10 ne1=2048 ne2=1 op=35 unique=425 runs=72 bytes=944.2 MiB barrier_us=110056
prefill staging: layer=28 ne0=20480 ne1=1 ne2=1 op=36 unique=425 runs=72 bytes=944.2 MiB barrier_us=82968
prefill staging: layer=29 ne0=10 ne1=2048 ne2=1 op=35 unique=448 runs=58 bytes=995.3 MiB barrier_us=120095
prefill staging: layer=29 ne0=20480 ne1=1 ne2=1 op=36 unique=448 runs=58 bytes=995.3 MiB barrier_us=86919
prefill staging: layer=30 ne0=10 ne1=2048 ne2=1 op=35 unique=463 runs=46 bytes=1390.4 MiB barrier_us=172057
prefill staging: layer=30 ne0=20480 ne1=1 ne2=1 op=36 unique=463 runs=46 bytes=1390.4 MiB barrier_us=129502
prefill staging: layer=31 ne0=10 ne1=2048 ne2=1 op=35 unique=469 runs=41 bytes=1042.0 MiB barrier_us=142820
prefill staging: layer=31 ne0=20480 ne1=1 ne2=1 op=36 unique=469 runs=41 bytes=1042.0 MiB barrier_us=100586
prefill staging: layer=32 ne0=10 ne1=2048 ne2=1 op=35 unique=448 runs=53 bytes=995.3 MiB barrier_us=136265
prefill staging: layer=32 ne0=20480 ne1=1 ne2=1 op=36 unique=448 runs=53 bytes=995.3 MiB barrier_us=90937
prefill staging: layer=33 ne0=10 ne1=2048 ne2=1 op=35 unique=470 runs=43 bytes=1044.2 MiB barrier_us=132702
prefill staging: layer=33 ne0=20480 ne1=1 ne2=1 op=36 unique=470 runs=43 bytes=1044.2 MiB barrier_us=93370
prefill staging: layer=34 ne0=10 ne1=2048 ne2=1 op=35 unique=452 runs=53 bytes=1004.2 MiB barrier_us=119913
prefill staging: layer=34 ne0=20480 ne1=1 ne2=1 op=36 unique=452 runs=53 bytes=1004.2 MiB barrier_us=92313
prefill staging: layer=35 ne0=10 ne1=2048 ne2=1 op=35 unique=443 runs=63 bytes=984.2 MiB barrier_us=135177
prefill staging: layer=35 ne0=20480 ne1=1 ne2=1 op=36 unique=443 runs=63 bytes=984.2 MiB barrier_us=90156
prefill staging: layer=36 ne0=10 ne1=2048 ne2=1 op=35 unique=434 runs=67 bytes=964.2 MiB barrier_us=120371
prefill staging: layer=36 ne0=20480 ne1=1 ne2=1 op=36 unique=434 runs=67 bytes=964.2 MiB barrier_us=84339
prefill staging: layer=37 ne0=10 ne1=2048 ne2=1 op=35 unique=441 runs=63 bytes=979.8 MiB barrier_us=115378
prefill staging: layer=37 ne0=20480 ne1=1 ne2=1 op=36 unique=441 runs=63 bytes=979.8 MiB barrier_us=86041
prefill staging: layer=38 ne0=10 ne1=2048 ne2=1 op=35 unique=429 runs=66 bytes=953.1 MiB barrier_us=110469
prefill staging: layer=38 ne0=20480 ne1=1 ne2=1 op=36 unique=429 runs=66 bytes=953.1 MiB barrier_us=82993
prefill staging: layer=39 ne0=10 ne1=2048 ne2=1 op=35 unique=428 runs=74 bytes=950.9 MiB barrier_us=113358
prefill staging: layer=39 ne0=20480 ne1=1 ne2=1 op=36 unique=428 runs=74 bytes=950.9 MiB barrier_us=86451
prefill staging: layer=40 ne0=10 ne1=2048 ne2=1 op=35 unique=459 runs=46 bytes=1019.8 MiB barrier_us=125895
prefill staging: layer=40 ne0=20480 ne1=1 ne2=1 op=36 unique=459 runs=46 bytes=1019.8 MiB barrier_us=89461
prefill staging: layer=41 ne0=10 ne1=2048 ne2=1 op=35 unique=460 runs=47 bytes=1022.0 MiB barrier_us=137873
prefill staging: layer=41 ne0=20480 ne1=1 ne2=1 op=36 unique=460 runs=47 bytes=1022.0 MiB barrier_us=94433
prefill staging: layer=42 ne0=10 ne1=2048 ne2=1 op=35 unique=437 runs=67 bytes=970.9 MiB barrier_us=118163
prefill staging: layer=42 ne0=20480 ne1=1 ne2=1 op=36 unique=437 runs=67 bytes=970.9 MiB barrier_us=87270
prefill staging: layer=43 ne0=10 ne1=2048 ne2=1 op=35 unique=453 runs=56 bytes=1006.4 MiB barrier_us=119253
prefill staging: layer=43 ne0=20480 ne1=1 ne2=1 op=36 unique=453 runs=56 bytes=1006.4 MiB barrier_us=90150
prefill staging: layer=44 ne0=10 ne1=2048 ne2=1 op=35 unique=432 runs=70 bytes=959.8 MiB barrier_us=120375
prefill staging: layer=44 ne0=20480 ne1=1 ne2=1 op=36 unique=432 runs=70 bytes=959.8 MiB barrier_us=83651
prefill staging: layer=45 ne0=10 ne1=2048 ne2=1 op=35 unique=419 runs=71 bytes=930.9 MiB barrier_us=111559
prefill staging: layer=45 ne0=20480 ne1=1 ne2=1 op=36 unique=419 runs=71 bytes=930.9 MiB barrier_us=86288
prefill staging: layer=46 ne0=10 ne1=2048 ne2=1 op=35 unique=377 runs=95 bytes=1132.1 MiB barrier_us=165478
prefill staging: layer=46 ne0=20480 ne1=1 ne2=1 op=36 unique=377 runs=95 bytes=1132.1 MiB barrier_us=108341
MMQ_DIAG call#140 type=q8_0 buft=CUDA0 vram=1 staging_env=0 staged_ops=0 host_ops=0 vram_ops=140
prefill staging: layer=47 ne0=10 ne1=1 ne2=1 op=35 unique=10 runs=10 bytes=30.0 MiB barrier_us=5996
prefill staging: layer=47 ne0=10 ne1=1 ne2=1 op=36 unique=10 runs=10 bytes=30.0 MiB barrier_us=2939
prefill staging: layer=0 ne0=10 ne1=1 ne2=1 op=35 unique=10 runs=9 bytes=22.2 MiB barrier_us=3283
prefill staging: layer=0 ne0=10 ne1=1 ne2=1 op=36 unique=10 runs=9 bytes=22.2 MiB barrier_us=3119
prefill staging: layer=1 ne0=10 ne1=1 ne2=1 op=35 unique=10 runs=10 bytes=22.2 MiB barrier_us=2846
prefill staging: layer=1 ne0=10 ne1=1 ne2=1 op=36 unique=10 runs=10 bytes=22.2 MiB barrier_us=2349
prefill staging: layer=2 ne0=10 ne1=1 ne2=1 op=35 unique=10 runs=10 bytes=33.2 MiB barrier_us=3982
prefill staging: layer=2 ne0=10 ne1=1 ne2=1 op=36 unique=10 runs=10 bytes=33.2 MiB barrier_us=3838
prefill staging: layer=3 ne0=10 ne1=1 ne2=1 op=35 unique=10 runs=10 bytes=22.2 MiB barrier_us=2828
prefill staging: layer=3 ne0=10 ne1=1 ne2=1 op=36 unique=10 runs=10 bytes=22.2 MiB barrier_us=2778
prefill staging: layer=4 ne0=10 ne1=1 ne2=1 op=35 unique=10 runs=10 bytes=30.0 MiB barrier_us=3344
prefill staging: layer=4 ne0=10 ne1=1 ne2=1 op=36 unique=10 runs=10 bytes=30.0 MiB barrier_us=3316
prefill staging: layer=5 ne0=10 ne1=1 ne2=1 op=35 unique=10 runs=10 bytes=22.2 MiB barrier_us=2825
prefill staging: layer=5 ne0=10 ne1=1 ne2=1 op=36 unique=10 runs=10 bytes=22.2 MiB barrier_us=2649
prefill staging: layer=6 ne0=10 ne1=1 ne2=1 op=35 unique=10 runs=10 bytes=22.2 MiB barrier_us=3069
prefill staging: layer=6 ne0=10 ne1=1 ne2=1 op=36 unique=10 runs=10 bytes=22.2 MiB barrier_us=2671
prefill staging: layer=7 ne0=10 ne1=1 ne2=1 op=35 unique=10 runs=10 bytes=22.2 MiB barrier_us=2722
prefill staging: layer=7 ne0=10 ne1=1 ne2=1 op=36 unique=10 runs=10 bytes=22.2 MiB barrier_us=2578
prefill staging: layer=8 ne0=10 ne1=1 ne2=1 op=35 unique=10 runs=10 bytes=22.2 MiB barrier_us=3052
prefill staging: layer=8 ne0=10 ne1=1 ne2=1 op=36 unique=10 runs=10 bytes=22.2 MiB barrier_us=2445
prefill staging: layer=9 ne0=10 ne1=1 ne2=1 op=35 unique=10 runs=10 bytes=22.2 MiB barrier_us=2552
prefill staging: layer=9 ne0=10 ne1=1 ne2=1 op=36 unique=10 runs=10 bytes=22.2 MiB barrier_us=2431
prefill staging: layer=10 ne0=10 ne1=1 ne2=1 op=35 unique=10 runs=10 bytes=22.2 MiB barrier_us=3019
prefill staging: layer=10 ne0=10 ne1=1 ne2=1 op=36 unique=10 runs=10 bytes=22.2 MiB barrier_us=2220
prefill staging: layer=11 ne0=10 ne1=1 ne2=1 op=35 unique=10 runs=9 bytes=22.2 MiB barrier_us=2705
prefill staging: layer=11 ne0=10 ne1=1 ne2=1 op=36 unique=10 runs=9 bytes=22.2 MiB barrier_us=2634
prefill staging: layer=12 ne0=10 ne1=1 ne2=1 op=35 unique=10 runs=10 bytes=22.2 MiB barrier_us=2613
prefill staging: layer=12 ne0=10 ne1=1 ne2=1 op=36 unique=10 runs=10 bytes=22.2 MiB barrier_us=2581
prefill staging: layer=13 ne0=10 ne1=1 ne2=1 op=35 unique=10 runs=10 bytes=22.2 MiB barrier_us=2561
prefill staging: layer=13 ne0=10 ne1=1 ne2=1 op=36 unique=10 runs=10 bytes=22.2 MiB barrier_us=2769
prefill staging: layer=14 ne0=10 ne1=1 ne2=1 op=35 unique=10 runs=10 bytes=22.2 MiB barrier_us=2686
prefill staging: layer=14 ne0=10 ne1=1 ne2=1 op=36 unique=10 runs=10 bytes=22.2 MiB barrier_us=2478
prefill staging: layer=15 ne0=10 ne1=1 ne2=1 op=35 unique=10 runs=10 bytes=22.2 MiB barrier_us=2776
prefill staging: layer=15 ne0=10 ne1=1 ne2=1 op=36 unique=10 runs=10 bytes=22.2 MiB barrier_us=2593
prefill staging: layer=16 ne0=10 ne1=1 ne2=1 op=35 unique=10 runs=10 bytes=22.2 MiB barrier_us=2620
prefill staging: layer=16 ne0=10 ne1=1 ne2=1 op=36 unique=10 runs=10 bytes=22.2 MiB barrier_us=2566
prefill staging: layer=17 ne0=10 ne1=1 ne2=1 op=35 unique=10 runs=9 bytes=22.2 MiB barrier_us=2442
prefill staging: layer=17 ne0=10 ne1=1 ne2=1 op=36 unique=10 runs=9 bytes=22.2 MiB barrier_us=2616
prefill staging: layer=18 ne0=10 ne1=1 ne2=1 op=35 unique=10 runs=10 bytes=22.2 MiB barrier_us=2865
prefill staging: layer=18 ne0=10 ne1=1 ne2=1 op=36 unique=10 runs=10 bytes=22.2 MiB barrier_us=2744
prefill staging: layer=19 ne0=10 ne1=1 ne2=1 op=35 unique=10 runs=10 bytes=22.2 MiB barrier_us=2644
prefill staging: layer=19 ne0=10 ne1=1 ne2=1 op=36 unique=10 runs=10 bytes=22.2 MiB barrier_us=2523
prefill staging: layer=20 ne0=10 ne1=1 ne2=1 op=35 unique=10 runs=10 bytes=22.2 MiB barrier_us=2630
prefill staging: layer=20 ne0=10 ne1=1 ne2=1 op=36 unique=10 runs=10 bytes=22.2 MiB barrier_us=2697
prefill staging: layer=21 ne0=10 ne1=1 ne2=1 op=35 unique=10 runs=10 bytes=22.2 MiB barrier_us=2711
prefill staging: layer=21 ne0=10 ne1=1 ne2=1 op=36 unique=10 runs=10 bytes=22.2 MiB barrier_us=2495
prefill staging: layer=22 ne0=10 ne1=1 ne2=1 op=35 unique=10 runs=10 bytes=22.2 MiB barrier_us=2751
prefill staging: layer=22 ne0=10 ne1=1 ne2=1 op=36 unique=10 runs=10 bytes=22.2 MiB barrier_us=3253
prefill staging: layer=23 ne0=10 ne1=1 ne2=1 op=35 unique=10 runs=9 bytes=22.2 MiB barrier_us=3010
prefill staging: layer=23 ne0=10 ne1=1 ne2=1 op=36 unique=10 runs=9 bytes=22.2 MiB barrier_us=2571
prefill staging: layer=24 ne0=10 ne1=1 ne2=1 op=35 unique=10 runs=9 bytes=22.2 MiB barrier_us=2704
prefill staging: layer=24 ne0=10 ne1=1 ne2=1 op=36 unique=10 runs=9 bytes=22.2 MiB barrier_us=2576
prefill staging: layer=25 ne0=10 ne1=1 ne2=1 op=35 unique=10 runs=10 bytes=22.2 MiB barrier_us=2734
prefill staging: layer=25 ne0=10 ne1=1 ne2=1 op=36 unique=10 runs=10 bytes=22.2 MiB barrier_us=2622
prefill staging: layer=26 ne0=10 ne1=1 ne2=1 op=35 unique=10 runs=10 bytes=22.2 MiB barrier_us=2686
prefill staging: layer=26 ne0=10 ne1=1 ne2=1 op=36 unique=10 runs=10 bytes=22.2 MiB barrier_us=2579
prefill staging: layer=27 ne0=10 ne1=1 ne2=1 op=35 unique=10 runs=10 bytes=22.2 MiB barrier_us=2709
prefill staging: layer=27 ne0=10 ne1=1 ne2=1 op=36 unique=10 runs=10 bytes=22.2 MiB barrier_us=2274
prefill staging: layer=28 ne0=10 ne1=1 ne2=1 op=35 unique=10 runs=10 bytes=22.2 MiB barrier_us=2653
prefill staging: layer=28 ne0=10 ne1=1 ne2=1 op=36 unique=10 runs=10 bytes=22.2 MiB barrier_us=2498
prefill staging: layer=29 ne0=10 ne1=1 ne2=1 op=35 unique=10 runs=10 bytes=22.2 MiB barrier_us=2598
prefill staging: layer=29 ne0=10 ne1=1 ne2=1 op=36 unique=10 runs=10 bytes=22.2 MiB barrier_us=2512
prefill staging: layer=30 ne0=10 ne1=1 ne2=1 op=35 unique=10 runs=9 bytes=30.0 MiB barrier_us=3667
prefill staging: layer=30 ne0=10 ne1=1 ne2=1 op=36 unique=10 runs=9 bytes=30.0 MiB barrier_us=3250
prefill staging: layer=31 ne0=10 ne1=1 ne2=1 op=35 unique=10 runs=10 bytes=22.2 MiB barrier_us=2689
prefill staging: layer=31 ne0=10 ne1=1 ne2=1 op=36 unique=10 runs=10 bytes=22.2 MiB barrier_us=2786
prefill staging: layer=32 ne0=10 ne1=1 ne2=1 op=35 unique=10 runs=10 bytes=22.2 MiB barrier_us=2666
prefill staging: layer=32 ne0=10 ne1=1 ne2=1 op=36 unique=10 runs=10 bytes=22.2 MiB barrier_us=2599
prefill staging: layer=33 ne0=10 ne1=1 ne2=1 op=35 unique=10 runs=10 bytes=22.2 MiB barrier_us=2939
prefill staging: layer=33 ne0=10 ne1=1 ne2=1 op=36 unique=10 runs=10 bytes=22.2 MiB barrier_us=2317
prefill staging: layer=34 ne0=10 ne1=1 ne2=1 op=35 unique=10 runs=10 bytes=22.2 MiB barrier_us=2781
prefill staging: layer=34 ne0=10 ne1=1 ne2=1 op=36 unique=10 runs=10 bytes=22.2 MiB barrier_us=2588
prefill staging: layer=35 ne0=10 ne1=1 ne2=1 op=35 unique=10 runs=10 bytes=22.2 MiB barrier_us=2677
prefill staging: layer=35 ne0=10 ne1=1 ne2=1 op=36 unique=10 runs=10 bytes=22.2 MiB barrier_us=2721
prefill staging: layer=36 ne0=10 ne1=1 ne2=1 op=35 unique=10 runs=10 bytes=22.2 MiB barrier_us=2590
prefill staging: layer=36 ne0=10 ne1=1 ne2=1 op=36 unique=10 runs=10 bytes=22.2 MiB barrier_us=2483
prefill staging: layer=37 ne0=10 ne1=1 ne2=1 op=35 unique=10 runs=10 bytes=22.2 MiB barrier_us=2604
prefill staging: layer=37 ne0=10 ne1=1 ne2=1 op=36 unique=10 runs=10 bytes=22.2 MiB barrier_us=2506
prefill staging: layer=38 ne0=10 ne1=1 ne2=1 op=35 unique=10 runs=10 bytes=22.2 MiB barrier_us=2736
prefill staging: layer=38 ne0=10 ne1=1 ne2=1 op=36 unique=10 runs=10 bytes=22.2 MiB barrier_us=2570
prefill staging: layer=39 ne0=10 ne1=1 ne2=1 op=35 unique=10 runs=10 bytes=22.2 MiB barrier_us=2611
prefill staging: layer=39 ne0=10 ne1=1 ne2=1 op=36 unique=10 runs=10 bytes=22.2 MiB barrier_us=2543
prefill staging: layer=40 ne0=10 ne1=1 ne2=1 op=35 unique=10 runs=10 bytes=22.2 MiB barrier_us=2715
prefill staging: layer=40 ne0=10 ne1=1 ne2=1 op=36 unique=10 runs=10 bytes=22.2 MiB barrier_us=2467
prefill staging: layer=41 ne0=10 ne1=1 ne2=1 op=35 unique=10 runs=10 bytes=22.2 MiB barrier_us=2674
prefill staging: layer=41 ne0=10 ne1=1 ne2=1 op=36 unique=10 runs=10 bytes=22.2 MiB barrier_us=2550
prefill staging: layer=42 ne0=10 ne1=1 ne2=1 op=35 unique=10 runs=10 bytes=22.2 MiB barrier_us=2599
prefill staging: layer=42 ne0=10 ne1=1 ne2=1 op=36 unique=10 runs=10 bytes=22.2 MiB barrier_us=2605
prefill staging: layer=43 ne0=10 ne1=1 ne2=1 op=35 unique=10 runs=10 bytes=22.2 MiB barrier_us=2609
prefill staging: layer=43 ne0=10 ne1=1 ne2=1 op=36 unique=10 runs=10 bytes=22.2 MiB barrier_us=2310
prefill staging: layer=44 ne0=10 ne1=1 ne2=1 op=35 unique=10 runs=10 bytes=22.2 MiB barrier_us=2761
prefill staging: layer=44 ne0=10 ne1=1 ne2=1 op=36 unique=10 runs=10 bytes=22.2 MiB barrier_us=2632
prefill staging: layer=45 ne0=10 ne1=1 ne2=1 op=35 unique=10 runs=10 bytes=22.2 MiB barrier_us=3396
prefill staging: layer=45 ne0=10 ne1=1 ne2=1 op=36 unique=10 runs=10 bytes=22.2 MiB barrier_us=2547
prefill staging: layer=46 ne0=10 ne1=1 ne2=1 op=35 unique=10 runs=10 bytes=30.0 MiB barrier_us=3390
prefill staging: layer=46 ne0=10 ne1=1 ne2=1 op=36 unique=10 runs=10 bytes=30.0 MiB barrier_us=2992
prefill staging: layer=47 ne0=10 ne1=1 ne2=1 op=35 unique=10 runs=10 bytes=30.0 MiB barrier_us=4565
prefill staging: layer=47 ne0=10 ne1=1 ne2=1 op=36 unique=10 runs=10 bytes=30.0 MiB barrier_us=3271
ggml_backend_cuda_graph_compute: CUDA graph warmup complete
prefill staging: layer=0 ne0=10 ne1=1 ne2=1 op=35 unique=10 runs=10 bytes=22.2 MiB barrier_us=3078
ggml_backend_cuda_graph_compute: CUDA graph warmup complete
prefill staging: layer=0 ne0=10 ne1=1 ne2=1 op=36 unique=10 runs=10 bytes=22.2 MiB barrier_us=2577
ggml_backend_cuda_graph_compute: CUDA graph warmup complete
ggml_backend_cuda_graph_compute: CUDA graph warmup complete
ggml_backend_cuda_graph_compute: CUDA graph warmup complete
prefill staging: layer=1 ne0=10 ne1=1 ne2=1 op=35 unique=10 runs=10 bytes=22.2 MiB barrier_us=2484
ggml_backend_cuda_graph_compute: CUDA graph warmup complete
prefill staging: layer=1 ne0=10 ne1=1 ne2=1 op=36 unique=10 runs=10 bytes=22.2 MiB barrier_us=2394
ggml_backend_cuda_graph_compute: CUDA graph warmup complete
ggml_backend_cuda_graph_compute: CUDA graph warmup complete
prefill staging: layer=2 ne0=10 ne1=1 ne2=1 op=35 unique=10 runs=10 bytes=33.2 MiB barrier_us=3725
ggml_backend_cuda_graph_compute: CUDA graph warmup complete
prefill staging: layer=2 ne0=10 ne1=1 ne2=1 op=36 unique=10 runs=10 bytes=33.2 MiB barrier_us=3491
ggml_backend_cuda_graph_compute: CUDA graph warmup complete
ggml_backend_cuda_graph_compute: CUDA graph warmup complete
prefill staging: layer=3 ne0=10 ne1=1 ne2=1 op=35 unique=10 runs=10 bytes=22.2 MiB barrier_us=3158
ggml_backend_cuda_graph_compute: CUDA graph warmup complete
prefill staging: layer=3 ne0=10 ne1=1 ne2=1 op=36 unique=10 runs=10 bytes=22.2 MiB barrier_us=2712
ggml_backend_cuda_graph_compute: CUDA graph warmup complete
ggml_backend_cuda_graph_compute: CUDA graph warmup complete
prefill staging: layer=4 ne0=10 ne1=1 ne2=1 op=35 unique=10 runs=10 bytes=30.0 MiB barrier_us=3246
ggml_backend_cuda_graph_compute: CUDA graph warmup complete
prefill staging: layer=4 ne0=10 ne1=1 ne2=1 op=36 unique=10 runs=10 bytes=30.0 MiB barrier_us=3094
ggml_backend_cuda_graph_compute: CUDA graph warmup complete
ggml_backend_cuda_graph_compute: CUDA graph warmup complete
prefill staging: layer=5 ne0=10 ne1=1 ne2=1 op=35 unique=10 runs=10 bytes=22.2 MiB barrier_us=2697
ggml_backend_cuda_graph_compute: CUDA graph warmup complete
prefill staging: layer=5 ne0=10 ne1=1 ne2=1 op=36 unique=10 runs=10 bytes=22.2 MiB barrier_us=2568
ggml_backend_cuda_graph_compute: CUDA graph warmup complete
ggml_backend_cuda_graph_compute: CUDA graph warmup complete
prefill staging: layer=6 ne0=10 ne1=1 ne2=1 op=35 unique=10 runs=10 bytes=22.2 MiB barrier_us=2814
ggml_backend_cuda_graph_compute: CUDA graph warmup complete
prefill staging: layer=6 ne0=10 ne1=1 ne2=1 op=36 unique=10 runs=10 bytes=22.2 MiB barrier_us=2652
ggml_backend_cuda_graph_compute: CUDA graph warmup complete
ggml_backend_cuda_graph_compute: CUDA graph warmup complete
prefill staging: layer=7 ne0=10 ne1=1 ne2=1 op=35 unique=10 runs=10 bytes=22.2 MiB barrier_us=2821
ggml_backend_cuda_graph_compute: CUDA graph warmup complete
prefill staging: layer=7 ne0=10 ne1=1 ne2=1 op=36 unique=10 runs=10 bytes=22.2 MiB barrier_us=2770
ggml_backend_cuda_graph_compute: CUDA graph warmup complete
ggml_backend_cuda_graph_compute: CUDA graph warmup complete
prefill staging: layer=8 ne0=10 ne1=1 ne2=1 op=35 unique=10 runs=10 bytes=22.2 MiB barrier_us=2637
ggml_backend_cuda_graph_compute: CUDA graph warmup complete
prefill staging: layer=8 ne0=10 ne1=1 ne2=1 op=36 unique=10 runs=10 bytes=22.2 MiB barrier_us=2533
ggml_backend_cuda_graph_compute: CUDA graph warmup complete
ggml_backend_cuda_graph_compute: CUDA graph warmup complete
prefill staging: layer=9 ne0=10 ne1=1 ne2=1 op=35 unique=10 runs=10 bytes=22.2 MiB barrier_us=2658
ggml_backend_cuda_graph_compute: CUDA graph warmup complete
prefill staging: layer=9 ne0=10 ne1=1 ne2=1 op=36 unique=10 runs=10 bytes=22.2 MiB barrier_us=2414
ggml_backend_cuda_graph_compute: CUDA graph warmup complete
ggml_backend_cuda_graph_compute: CUDA graph warmup complete
prefill staging: layer=10 ne0=10 ne1=1 ne2=1 op=35 unique=10 runs=10 bytes=22.2 MiB barrier_us=2677
ggml_backend_cuda_graph_compute: CUDA graph warmup complete
prefill staging: layer=10 ne0=10 ne1=1 ne2=1 op=36 unique=10 runs=10 bytes=22.2 MiB barrier_us=2495
ggml_backend_cuda_graph_compute: CUDA graph warmup complete
ggml_backend_cuda_graph_compute: CUDA graph warmup complete
prefill staging: layer=11 ne0=10 ne1=1 ne2=1 op=35 unique=10 runs=9 bytes=22.2 MiB barrier_us=3028
ggml_backend_cuda_graph_compute: CUDA graph warmup complete
prefill staging: layer=11 ne0=10 ne1=1 ne2=1 op=36 unique=10 runs=9 bytes=22.2 MiB barrier_us=2468
ggml_backend_cuda_graph_compute: CUDA graph warmup complete
ggml_backend_cuda_graph_compute: CUDA graph warmup complete
prefill staging: layer=12 ne0=10 ne1=1 ne2=1 op=35 unique=10 runs=10 bytes=22.2 MiB barrier_us=3321
ggml_backend_cuda_graph_compute: CUDA graph warmup complete
prefill staging: layer=12 ne0=10 ne1=1 ne2=1 op=36 unique=10 runs=10 bytes=22.2 MiB barrier_us=2442
ggml_backend_cuda_graph_compute: CUDA graph warmup complete
ggml_backend_cuda_graph_compute: CUDA graph warmup complete
prefill staging: layer=13 ne0=10 ne1=1 ne2=1 op=35 unique=10 runs=10 bytes=22.2 MiB barrier_us=2970
ggml_backend_cuda_graph_compute: CUDA graph warmup complete
prefill staging: layer=13 ne0=10 ne1=1 ne2=1 op=36 unique=10 runs=10 bytes=22.2 MiB barrier_us=2688
ggml_backend_cuda_graph_compute: CUDA graph warmup complete
ggml_backend_cuda_graph_compute: CUDA graph warmup complete
prefill staging: layer=14 ne0=10 ne1=1 ne2=1 op=35 unique=10 runs=10 bytes=22.2 MiB barrier_us=2864
ggml_backend_cuda_graph_compute: CUDA graph warmup complete
prefill staging: layer=14 ne0=10 ne1=1 ne2=1 op=36 unique=10 runs=10 bytes=22.2 MiB barrier_us=2494
ggml_backend_cuda_graph_compute: CUDA graph warmup complete
ggml_backend_cuda_graph_compute: CUDA graph warmup complete
prefill staging: layer=15 ne0=10 ne1=1 ne2=1 op=35 unique=10 runs=10 bytes=22.2 MiB barrier_us=2802
ggml_backend_cuda_graph_compute: CUDA graph warmup complete
prefill staging: layer=15 ne0=10 ne1=1 ne2=1 op=36 unique=10 runs=10 bytes=22.2 MiB barrier_us=2512
ggml_backend_cuda_graph_compute: CUDA graph warmup complete
ggml_backend_cuda_graph_compute: CUDA graph warmup complete
prefill staging: layer=16 ne0=10 ne1=1 ne2=1 op=35 unique=10 runs=10 bytes=22.2 MiB barrier_us=2627
ggml_backend_cuda_graph_compute: CUDA graph warmup complete
prefill staging: layer=16 ne0=10 ne1=1 ne2=1 op=36 unique=10 runs=10 bytes=22.2 MiB barrier_us=2545
ggml_backend_cuda_graph_compute: CUDA graph warmup complete
ggml_backend_cuda_graph_compute: CUDA graph warmup complete
prefill staging: layer=17 ne0=10 ne1=1 ne2=1 op=35 unique=10 runs=10 bytes=22.2 MiB barrier_us=2552
ggml_backend_cuda_graph_compute: CUDA graph warmup complete
prefill staging: layer=17 ne0=10 ne1=1 ne2=1 op=36 unique=10 runs=10 bytes=22.2 MiB barrier_us=2550
ggml_backend_cuda_graph_compute: CUDA graph warmup complete
ggml_backend_cuda_graph_compute: CUDA graph warmup complete
prefill staging: layer=18 ne0=10 ne1=1 ne2=1 op=35 unique=10 runs=10 bytes=22.2 MiB barrier_us=2624
ggml_backend_cuda_graph_compute: CUDA graph warmup complete
prefill staging: layer=18 ne0=10 ne1=1 ne2=1 op=36 unique=10 runs=10 bytes=22.2 MiB barrier_us=2322
ggml_backend_cuda_graph_compute: CUDA graph warmup complete
ggml_backend_cuda_graph_compute: CUDA graph warmup complete
prefill staging: layer=19 ne0=10 ne1=1 ne2=1 op=35 unique=10 runs=10 bytes=22.2 MiB barrier_us=2695
ggml_backend_cuda_graph_compute: CUDA graph warmup complete
prefill staging: layer=19 ne0=10 ne1=1 ne2=1 op=36 unique=10 runs=10 bytes=22.2 MiB barrier_us=2398
ggml_backend_cuda_graph_compute: CUDA graph warmup complete
ggml_backend_cuda_graph_compute: CUDA graph warmup complete
prefill staging: layer=20 ne0=10 ne1=1 ne2=1 op=35 unique=10 runs=10 bytes=22.2 MiB barrier_us=2470
ggml_backend_cuda_graph_compute: CUDA graph warmup complete
prefill staging: layer=20 ne0=10 ne1=1 ne2=1 op=36 unique=10 runs=10 bytes=22.2 MiB barrier_us=2480
ggml_backend_cuda_graph_compute: CUDA graph warmup complete
ggml_backend_cuda_graph_compute: CUDA graph warmup complete
prefill staging: layer=21 ne0=10 ne1=1 ne2=1 op=35 unique=10 runs=10 bytes=22.2 MiB barrier_us=2756
ggml_backend_cuda_graph_compute: CUDA graph warmup complete
prefill staging: layer=21 ne0=10 ne1=1 ne2=1 op=36 unique=10 runs=10 bytes=22.2 MiB barrier_us=2473
ggml_backend_cuda_graph_compute: CUDA graph warmup complete
ggml_backend_cuda_graph_compute: CUDA graph warmup complete
prefill staging: layer=22 ne0=10 ne1=1 ne2=1 op=35 unique=10 runs=10 bytes=22.2 MiB barrier_us=2950
ggml_backend_cuda_graph_compute: CUDA graph warmup complete
prefill staging: layer=22 ne0=10 ne1=1 ne2=1 op=36 unique=10 runs=10 bytes=22.2 MiB barrier_us=2899
ggml_backend_cuda_graph_compute: CUDA graph warmup complete
ggml_backend_cuda_graph_compute: CUDA graph warmup complete
prefill staging: layer=23 ne0=10 ne1=1 ne2=1 op=35 unique=10 runs=9 bytes=22.2 MiB barrier_us=2906
ggml_backend_cuda_graph_compute: CUDA graph warmup complete
prefill staging: layer=23 ne0=10 ne1=1 ne2=1 op=36 unique=10 runs=9 bytes=22.2 MiB barrier_us=2637
ggml_backend_cuda_graph_compute: CUDA graph warmup complete
ggml_backend_cuda_graph_compute: CUDA graph warmup complete
prefill staging: layer=24 ne0=10 ne1=1 ne2=1 op=35 unique=10 runs=10 bytes=22.2 MiB barrier_us=2839
ggml_backend_cuda_graph_compute: CUDA graph warmup complete
prefill staging: layer=24 ne0=10 ne1=1 ne2=1 op=36 unique=10 runs=10 bytes=22.2 MiB barrier_us=2830
ggml_backend_cuda_graph_compute: CUDA graph warmup complete
ggml_backend_cuda_graph_compute: CUDA graph warmup complete
prefill staging: layer=25 ne0=10 ne1=1 ne2=1 op=35 unique=10 runs=10 bytes=22.2 MiB barrier_us=2832
ggml_backend_cuda_graph_compute: CUDA graph warmup complete
prefill staging: layer=25 ne0=10 ne1=1 ne2=1 op=36 unique=10 runs=10 bytes=22.2 MiB barrier_us=2568
ggml_backend_cuda_graph_compute: CUDA graph warmup complete
ggml_backend_cuda_graph_compute: CUDA graph warmup complete
prefill staging: layer=26 ne0=10 ne1=1 ne2=1 op=35 unique=10 runs=10 bytes=22.2 MiB barrier_us=2653
ggml_backend_cuda_graph_compute: CUDA graph warmup complete
prefill staging: layer=26 ne0=10 ne1=1 ne2=1 op=36 unique=10 runs=10 bytes=22.2 MiB barrier_us=2720
ggml_backend_cuda_graph_compute: CUDA graph warmup complete
ggml_backend_cuda_graph_compute: CUDA graph warmup complete
prefill staging: layer=27 ne0=10 ne1=1 ne2=1 op=35 unique=10 runs=10 bytes=22.2 MiB barrier_us=2816
ggml_backend_cuda_graph_compute: CUDA graph warmup complete
prefill staging: layer=27 ne0=10 ne1=1 ne2=1 op=36 unique=10 runs=10 bytes=22.2 MiB barrier_us=2472
ggml_backend_cuda_graph_compute: CUDA graph warmup complete
ggml_backend_cuda_graph_compute: CUDA graph warmup complete
prefill staging: layer=28 ne0=10 ne1=1 ne2=1 op=35 unique=10 runs=10 bytes=22.2 MiB barrier_us=3071
ggml_backend_cuda_graph_compute: CUDA graph warmup complete
prefill staging: layer=28 ne0=10 ne1=1 ne2=1 op=36 unique=10 runs=10 bytes=22.2 MiB barrier_us=2830
ggml_backend_cuda_graph_compute: CUDA graph warmup complete
ggml_backend_cuda_graph_compute: CUDA graph warmup complete
prefill staging: layer=29 ne0=10 ne1=1 ne2=1 op=35 unique=10 runs=10 bytes=22.2 MiB barrier_us=2727
ggml_backend_cuda_graph_compute: CUDA graph warmup complete
prefill staging: layer=29 ne0=10 ne1=1 ne2=1 op=36 unique=10 runs=10 bytes=22.2 MiB barrier_us=2730
ggml_backend_cuda_graph_compute: CUDA graph warmup complete
ggml_backend_cuda_graph_compute: CUDA graph warmup complete
prefill staging: layer=30 ne0=10 ne1=1 ne2=1 op=35 unique=10 runs=9 bytes=30.0 MiB barrier_us=3293
ggml_backend_cuda_graph_compute: CUDA graph warmup complete
prefill staging: layer=30 ne0=10 ne1=1 ne2=1 op=36 unique=10 runs=9 bytes=30.0 MiB barrier_us=3284
ggml_backend_cuda_graph_compute: CUDA graph warmup complete
ggml_backend_cuda_graph_compute: CUDA graph warmup complete
prefill staging: layer=31 ne0=10 ne1=1 ne2=1 op=35 unique=10 runs=10 bytes=22.2 MiB barrier_us=2806
ggml_backend_cuda_graph_compute: CUDA graph warmup complete
prefill staging: layer=31 ne0=10 ne1=1 ne2=1 op=36 unique=10 runs=10 bytes=22.2 MiB barrier_us=2535
ggml_backend_cuda_graph_compute: CUDA graph warmup complete
ggml_backend_cuda_graph_compute: CUDA graph warmup complete
prefill staging: layer=32 ne0=10 ne1=1 ne2=1 op=35 unique=10 runs=10 bytes=22.2 MiB barrier_us=2599
ggml_backend_cuda_graph_compute: CUDA graph warmup complete
prefill staging: layer=32 ne0=10 ne1=1 ne2=1 op=36 unique=10 runs=10 bytes=22.2 MiB barrier_us=2524
ggml_backend_cuda_graph_compute: CUDA graph warmup complete
ggml_backend_cuda_graph_compute: CUDA graph warmup complete
prefill staging: layer=33 ne0=10 ne1=1 ne2=1 op=35 unique=10 runs=10 bytes=22.2 MiB barrier_us=2509
ggml_backend_cuda_graph_compute: CUDA graph warmup complete
prefill staging: layer=33 ne0=10 ne1=1 ne2=1 op=36 unique=10 runs=10 bytes=22.2 MiB barrier_us=2411
ggml_backend_cuda_graph_compute: CUDA graph warmup complete
ggml_backend_cuda_graph_compute: CUDA graph warmup complete
prefill staging: layer=34 ne0=10 ne1=1 ne2=1 op=35 unique=10 runs=9 bytes=22.2 MiB barrier_us=2573
ggml_backend_cuda_graph_compute: CUDA graph warmup complete
prefill staging: layer=34 ne0=10 ne1=1 ne2=1 op=36 unique=10 runs=9 bytes=22.2 MiB barrier_us=2417
ggml_backend_cuda_graph_compute: CUDA graph warmup complete
ggml_backend_cuda_graph_compute: CUDA graph warmup complete
prefill staging: layer=35 ne0=10 ne1=1 ne2=1 op=35 unique=10 runs=9 bytes=22.2 MiB barrier_us=3254
ggml_backend_cuda_graph_compute: CUDA graph warmup complete
prefill staging: layer=35 ne0=10 ne1=1 ne2=1 op=36 unique=10 runs=9 bytes=22.2 MiB barrier_us=2803
ggml_backend_cuda_graph_compute: CUDA graph warmup complete
ggml_backend_cuda_graph_compute: CUDA graph warmup complete
prefill staging: layer=36 ne0=10 ne1=1 ne2=1 op=35 unique=10 runs=10 bytes=22.2 MiB barrier_us=2690
ggml_backend_cuda_graph_compute: CUDA graph warmup complete
prefill staging: layer=36 ne0=10 ne1=1 ne2=1 op=36 unique=10 runs=10 bytes=22.2 MiB barrier_us=2743
ggml_backend_cuda_graph_compute: CUDA graph warmup complete
ggml_backend_cuda_graph_compute: CUDA graph warmup complete
prefill staging: layer=37 ne0=10 ne1=1 ne2=1 op=35 unique=10 runs=10 bytes=22.2 MiB barrier_us=2819
ggml_backend_cuda_graph_compute: CUDA graph warmup complete
prefill staging: layer=37 ne0=10 ne1=1 ne2=1 op=36 unique=10 runs=10 bytes=22.2 MiB barrier_us=2393
ggml_backend_cuda_graph_compute: CUDA graph warmup complete
ggml_backend_cuda_graph_compute: CUDA graph warmup complete
prefill staging: layer=38 ne0=10 ne1=1 ne2=1 op=35 unique=10 runs=10 bytes=22.2 MiB barrier_us=2665
ggml_backend_cuda_graph_compute: CUDA graph warmup complete
prefill staging: layer=38 ne0=10 ne1=1 ne2=1 op=36 unique=10 runs=10 bytes=22.2 MiB barrier_us=2659
ggml_backend_cuda_graph_compute: CUDA graph warmup complete
ggml_backend_cuda_graph_compute: CUDA graph warmup complete
prefill staging: layer=39 ne0=10 ne1=1 ne2=1 op=35 unique=10 runs=10 bytes=22.2 MiB barrier_us=2618
ggml_backend_cuda_graph_compute: CUDA graph warmup complete
prefill staging: layer=39 ne0=10 ne1=1 ne2=1 op=36 unique=10 runs=10 bytes=22.2 MiB barrier_us=2549
ggml_backend_cuda_graph_compute: CUDA graph warmup complete
ggml_backend_cuda_graph_compute: CUDA graph warmup complete
prefill staging: layer=40 ne0=10 ne1=1 ne2=1 op=35 unique=10 runs=10 bytes=22.2 MiB barrier_us=2551
ggml_backend_cuda_graph_compute: CUDA graph warmup complete
prefill staging: layer=40 ne0=10 ne1=1 ne2=1 op=36 unique=10 runs=10 bytes=22.2 MiB barrier_us=2370
ggml_backend_cuda_graph_compute: CUDA graph warmup complete
ggml_backend_cuda_graph_compute: CUDA graph warmup complete
prefill staging: layer=41 ne0=10 ne1=1 ne2=1 op=35 unique=10 runs=10 bytes=22.2 MiB barrier_us=2653
ggml_backend_cuda_graph_compute: CUDA graph warmup complete
prefill staging: layer=41 ne0=10 ne1=1 ne2=1 op=36 unique=10 runs=10 bytes=22.2 MiB barrier_us=2522
ggml_backend_cuda_graph_compute: CUDA graph warmup complete
ggml_backend_cuda_graph_compute: CUDA graph warmup complete
prefill staging: layer=42 ne0=10 ne1=1 ne2=1 op=35 unique=10 runs=10 bytes=22.2 MiB barrier_us=2637
ggml_backend_cuda_graph_compute: CUDA graph warmup complete
prefill staging: layer=42 ne0=10 ne1=1 ne2=1 op=36 unique=10 runs=10 bytes=22.2 MiB barrier_us=2695
ggml_backend_cuda_graph_compute: CUDA graph warmup complete
ggml_backend_cuda_graph_compute: CUDA graph warmup complete
prefill staging: layer=43 ne0=10 ne1=1 ne2=1 op=35 unique=10 runs=8 bytes=22.2 MiB barrier_us=2874
ggml_backend_cuda_graph_compute: CUDA graph warmup complete
prefill staging: layer=43 ne0=10 ne1=1 ne2=1 op=36 unique=10 runs=8 bytes=22.2 MiB barrier_us=2337
ggml_backend_cuda_graph_compute: CUDA graph warmup complete
ggml_backend_cuda_graph_compute: CUDA graph warmup complete
prefill staging: layer=44 ne0=10 ne1=1 ne2=1 op=35 unique=10 runs=10 bytes=22.2 MiB barrier_us=2623
ggml_backend_cuda_graph_compute: CUDA graph warmup complete
prefill staging: layer=44 ne0=10 ne1=1 ne2=1 op=36 unique=10 runs=10 bytes=22.2 MiB barrier_us=2377
ggml_backend_cuda_graph_compute: CUDA graph warmup complete
ggml_backend_cuda_graph_compute: CUDA graph warmup complete
prefill staging: layer=45 ne0=10 ne1=1 ne2=1 op=35 unique=10 runs=9 bytes=22.2 MiB barrier_us=2477
ggml_backend_cuda_graph_compute: CUDA graph warmup complete
prefill staging: layer=45 ne0=10 ne1=1 ne2=1 op=36 unique=10 runs=9 bytes=22.2 MiB barrier_us=2671
ggml_backend_cuda_graph_compute: CUDA graph warmup complete
ggml_backend_cuda_graph_compute: CUDA graph warmup complete
prefill staging: layer=46 ne0=10 ne1=1 ne2=1 op=35 unique=10 runs=9 bytes=30.0 MiB barrier_us=3429
ggml_backend_cuda_graph_compute: CUDA graph warmup complete
prefill staging: layer=46 ne0=10 ne1=1 ne2=1 op=36 unique=10 runs=9 bytes=30.0 MiB barrier_us=3177
ggml_backend_cuda_graph_compute: CUDA graph warmup complete
ggml_backend_cuda_graph_compute: CUDA graph warmup complete
prefill staging: layer=47 ne0=10 ne1=1 ne2=1 op=35 unique=10 runs=9 bytes=30.0 MiB barrier_us=4876
ggml_backend_cuda_graph_compute: CUDA graph warmup complete
prefill staging: layer=47 ne0=10 ne1=1 ne2=1 op=36 unique=10 runs=9 bytes=30.0 MiB barrier_us=3075
ggml_backend_cuda_graph_compute: CUDA graph warmup complete
ggml_backend_cuda_graph_compute: CUDA graph warmup complete
prefill staging: layer=0 ne0=10 ne1=1 ne2=1 op=35 unique=10 runs=10 bytes=22.2 MiB barrier_us=2993
prefill staging: layer=0 ne0=10 ne1=1 ne2=1 op=36 unique=10 runs=10 bytes=22.2 MiB barrier_us=2477
prefill staging: layer=1 ne0=10 ne1=1 ne2=1 op=35 unique=10 runs=10 bytes=22.2 MiB barrier_us=2567
prefill staging: layer=1 ne0=10 ne1=1 ne2=1 op=36 unique=10 runs=10 bytes=22.2 MiB barrier_us=2629
prefill staging: layer=2 ne0=10 ne1=1 ne2=1 op=35 unique=10 runs=9 bytes=33.2 MiB barrier_us=4142
prefill staging: layer=2 ne0=10 ne1=1 ne2=1 op=36 unique=10 runs=9 bytes=33.2 MiB barrier_us=3703
prefill staging: layer=3 ne0=10 ne1=1 ne2=1 op=35 unique=10 runs=10 bytes=22.2 MiB barrier_us=2774
prefill staging: layer=3 ne0=10 ne1=1 ne2=1 op=36 unique=10 runs=10 bytes=22.2 MiB barrier_us=2712
prefill staging: layer=4 ne0=10 ne1=1 ne2=1 op=35 unique=10 runs=9 bytes=30.0 MiB barrier_us=3496
prefill staging: layer=4 ne0=10 ne1=1 ne2=1 op=36 unique=10 runs=9 bytes=30.0 MiB barrier_us=3055
prefill staging: layer=5 ne0=10 ne1=1 ne2=1 op=35 unique=10 runs=9 bytes=22.2 MiB barrier_us=2505
prefill staging: layer=5 ne0=10 ne1=1 ne2=1 op=36 unique=10 runs=9 bytes=22.2 MiB barrier_us=2605
prefill staging: layer=6 ne0=10 ne1=1 ne2=1 op=35 unique=10 runs=10 bytes=22.2 MiB barrier_us=2654
prefill staging: layer=6 ne0=10 ne1=1 ne2=1 op=36 unique=10 runs=10 bytes=22.2 MiB barrier_us=2622
prefill staging: layer=7 ne0=10 ne1=1 ne2=1 op=35 unique=10 runs=10 bytes=22.2 MiB barrier_us=2312
prefill staging: layer=7 ne0=10 ne1=1 ne2=1 op=36 unique=10 runs=10 bytes=22.2 MiB barrier_us=2591
prefill staging: layer=8 ne0=10 ne1=1 ne2=1 op=35 unique=10 runs=10 bytes=22.2 MiB barrier_us=2848
prefill staging: layer=8 ne0=10 ne1=1 ne2=1 op=36 unique=10 runs=10 bytes=22.2 MiB barrier_us=2481
prefill staging: layer=9 ne0=10 ne1=1 ne2=1 op=35 unique=10 runs=10 bytes=22.2 MiB barrier_us=2401
prefill staging: layer=9 ne0=10 ne1=1 ne2=1 op=36 unique=10 runs=10 bytes=22.2 MiB barrier_us=2407
prefill staging: layer=10 ne0=10 ne1=1 ne2=1 op=35 unique=10 runs=10 bytes=22.2 MiB barrier_us=2617
prefill staging: layer=10 ne0=10 ne1=1 ne2=1 op=36 unique=10 runs=10 bytes=22.2 MiB barrier_us=2533
prefill staging: layer=11 ne0=10 ne1=1 ne2=1 op=35 unique=10 runs=9 bytes=22.2 MiB barrier_us=2887
prefill staging: layer=11 ne0=10 ne1=1 ne2=1 op=36 unique=10 runs=9 bytes=22.2 MiB barrier_us=2469
prefill staging: layer=12 ne0=10 ne1=1 ne2=1 op=35 unique=10 runs=10 bytes=22.2 MiB barrier_us=2640
prefill staging: layer=12 ne0=10 ne1=1 ne2=1 op=36 unique=10 runs=10 bytes=22.2 MiB barrier_us=2547
prefill staging: layer=13 ne0=10 ne1=1 ne2=1 op=35 unique=10 runs=10 bytes=22.2 MiB barrier_us=2526
prefill staging: layer=13 ne0=10 ne1=1 ne2=1 op=36 unique=10 runs=10 bytes=22.2 MiB barrier_us=2610
prefill staging: layer=14 ne0=10 ne1=1 ne2=1 op=35 unique=10 runs=10 bytes=22.2 MiB barrier_us=2536
prefill staging: layer=14 ne0=10 ne1=1 ne2=1 op=36 unique=10 runs=10 bytes=22.2 MiB barrier_us=2428
prefill staging: layer=15 ne0=10 ne1=1 ne2=1 op=35 unique=10 runs=10 bytes=22.2 MiB barrier_us=2372
prefill staging: layer=15 ne0=10 ne1=1 ne2=1 op=36 unique=10 runs=10 bytes=22.2 MiB barrier_us=2390
prefill staging: layer=16 ne0=10 ne1=1 ne2=1 op=35 unique=10 runs=10 bytes=22.2 MiB barrier_us=2540
prefill staging: layer=16 ne0=10 ne1=1 ne2=1 op=36 unique=10 runs=10 bytes=22.2 MiB barrier_us=2618
prefill staging: layer=17 ne0=10 ne1=1 ne2=1 op=35 unique=10 runs=10 bytes=22.2 MiB barrier_us=2554
prefill staging: layer=17 ne0=10 ne1=1 ne2=1 op=36 unique=10 runs=10 bytes=22.2 MiB barrier_us=2388
prefill staging: layer=18 ne0=10 ne1=1 ne2=1 op=35 unique=10 runs=9 bytes=22.2 MiB barrier_us=2618
prefill staging: layer=18 ne0=10 ne1=1 ne2=1 op=36 unique=10 runs=9 bytes=22.2 MiB barrier_us=2448
prefill staging: layer=19 ne0=10 ne1=1 ne2=1 op=35 unique=10 runs=10 bytes=22.2 MiB barrier_us=2472
prefill staging: layer=19 ne0=10 ne1=1 ne2=1 op=36 unique=10 runs=10 bytes=22.2 MiB barrier_us=2607
prefill staging: layer=20 ne0=10 ne1=1 ne2=1 op=35 unique=10 runs=10 bytes=22.2 MiB barrier_us=2504
prefill staging: layer=20 ne0=10 ne1=1 ne2=1 op=36 unique=10 runs=10 bytes=22.2 MiB barrier_us=2559
prefill staging: layer=21 ne0=10 ne1=1 ne2=1 op=35 unique=10 runs=10 bytes=22.2 MiB barrier_us=3002
prefill staging: layer=21 ne0=10 ne1=1 ne2=1 op=36 unique=10 runs=10 bytes=22.2 MiB barrier_us=2163
prefill staging: layer=22 ne0=10 ne1=1 ne2=1 op=35 unique=10 runs=10 bytes=22.2 MiB barrier_us=2826
prefill staging: layer=22 ne0=10 ne1=1 ne2=1 op=36 unique=10 runs=10 bytes=22.2 MiB barrier_us=2556
prefill staging: layer=23 ne0=10 ne1=1 ne2=1 op=35 unique=10 runs=10 bytes=22.2 MiB barrier_us=2915
prefill staging: layer=23 ne0=10 ne1=1 ne2=1 op=36 unique=10 runs=10 bytes=22.2 MiB barrier_us=2410
prefill staging: layer=24 ne0=10 ne1=1 ne2=1 op=35 unique=10 runs=10 bytes=22.2 MiB barrier_us=2674
prefill staging: layer=24 ne0=10 ne1=1 ne2=1 op=36 unique=10 runs=10 bytes=22.2 MiB barrier_us=2314
prefill staging: layer=25 ne0=10 ne1=1 ne2=1 op=35 unique=10 runs=10 bytes=22.2 MiB barrier_us=2657
prefill staging: layer=25 ne0=10 ne1=1 ne2=1 op=36 unique=10 runs=10 bytes=22.2 MiB barrier_us=2512
prefill staging: layer=26 ne0=10 ne1=1 ne2=1 op=35 unique=10 runs=10 bytes=22.2 MiB barrier_us=2693
prefill staging: layer=26 ne0=10 ne1=1 ne2=1 op=36 unique=10 runs=10 bytes=22.2 MiB barrier_us=2597
prefill staging: layer=27 ne0=10 ne1=1 ne2=1 op=35 unique=10 runs=9 bytes=22.2 MiB barrier_us=2439
prefill staging: layer=27 ne0=10 ne1=1 ne2=1 op=36 unique=10 runs=9 bytes=22.2 MiB barrier_us=2340
prefill staging: layer=28 ne0=10 ne1=1 ne2=1 op=35 unique=10 runs=10 bytes=22.2 MiB barrier_us=2688
prefill staging: layer=28 ne0=10 ne1=1 ne2=1 op=36 unique=10 runs=10 bytes=22.2 MiB barrier_us=2575
prefill staging: layer=29 ne0=10 ne1=1 ne2=1 op=35 unique=10 runs=10 bytes=22.2 MiB barrier_us=2933
prefill staging: layer=29 ne0=10 ne1=1 ne2=1 op=36 unique=10 runs=10 bytes=22.2 MiB barrier_us=2637
prefill staging: layer=30 ne0=10 ne1=1 ne2=1 op=35 unique=10 runs=10 bytes=30.0 MiB barrier_us=3454
prefill staging: layer=30 ne0=10 ne1=1 ne2=1 op=36 unique=10 runs=10 bytes=30.0 MiB barrier_us=3074
prefill staging: layer=31 ne0=10 ne1=1 ne2=1 op=35 unique=10 runs=10 bytes=22.2 MiB barrier_us=3156
prefill staging: layer=31 ne0=10 ne1=1 ne2=1 op=36 unique=10 runs=10 bytes=22.2 MiB barrier_us=2514
prefill staging: layer=32 ne0=10 ne1=1 ne2=1 op=35 unique=10 runs=9 bytes=22.2 MiB barrier_us=3057
prefill staging: layer=32 ne0=10 ne1=1 ne2=1 op=36 unique=10 runs=9 bytes=22.2 MiB barrier_us=2608
prefill staging: layer=33 ne0=10 ne1=1 ne2=1 op=35 unique=10 runs=10 bytes=22.2 MiB barrier_us=2658
prefill staging: layer=33 ne0=10 ne1=1 ne2=1 op=36 unique=10 runs=10 bytes=22.2 MiB barrier_us=2405
prefill staging: layer=34 ne0=10 ne1=1 ne2=1 op=35 unique=10 runs=10 bytes=22.2 MiB barrier_us=2732
prefill staging: layer=34 ne0=10 ne1=1 ne2=1 op=36 unique=10 runs=10 bytes=22.2 MiB barrier_us=2531
prefill staging: layer=35 ne0=10 ne1=1 ne2=1 op=35 unique=10 runs=10 bytes=22.2 MiB barrier_us=3186
prefill staging: layer=35 ne0=10 ne1=1 ne2=1 op=36 unique=10 runs=10 bytes=22.2 MiB barrier_us=2627
prefill staging: layer=36 ne0=10 ne1=1 ne2=1 op=35 unique=10 runs=10 bytes=22.2 MiB barrier_us=2567
prefill staging: layer=36 ne0=10 ne1=1 ne2=1 op=36 unique=10 runs=10 bytes=22.2 MiB barrier_us=2445
prefill staging: layer=37 ne0=10 ne1=1 ne2=1 op=35 unique=10 runs=10 bytes=22.2 MiB barrier_us=2629
prefill staging: layer=37 ne0=10 ne1=1 ne2=1 op=36 unique=10 runs=10 bytes=22.2 MiB barrier_us=2486
prefill staging: layer=38 ne0=10 ne1=1 ne2=1 op=35 unique=10 runs=9 bytes=22.2 MiB barrier_us=2673
prefill staging: layer=38 ne0=10 ne1=1 ne2=1 op=36 unique=10 runs=9 bytes=22.2 MiB barrier_us=2549
prefill staging: layer=39 ne0=10 ne1=1 ne2=1 op=35 unique=10 runs=9 bytes=22.2 MiB barrier_us=2569
prefill staging: layer=39 ne0=10 ne1=1 ne2=1 op=36 unique=10 runs=9 bytes=22.2 MiB barrier_us=2515
prefill staging: layer=40 ne0=10 ne1=1 ne2=1 op=35 unique=10 runs=10 bytes=22.2 MiB barrier_us=2483
prefill staging: layer=40 ne0=10 ne1=1 ne2=1 op=36 unique=10 runs=10 bytes=22.2 MiB barrier_us=2361
prefill staging: layer=41 ne0=10 ne1=1 ne2=1 op=35 unique=10 runs=10 bytes=22.2 MiB barrier_us=2579
prefill staging: layer=41 ne0=10 ne1=1 ne2=1 op=36 unique=10 runs=10 bytes=22.2 MiB barrier_us=2589
prefill staging: layer=42 ne0=10 ne1=1 ne2=1 op=35 unique=10 runs=10 bytes=22.2 MiB barrier_us=2602
prefill staging: layer=42 ne0=10 ne1=1 ne2=1 op=36 unique=10 runs=10 bytes=22.2 MiB barrier_us=2396
prefill staging: layer=43 ne0=10 ne1=1 ne2=1 op=35 unique=10 runs=10 bytes=22.2 MiB barrier_us=2502
prefill staging: layer=43 ne0=10 ne1=1 ne2=1 op=36 unique=10 runs=10 bytes=22.2 MiB barrier_us=2242
prefill staging: layer=44 ne0=10 ne1=1 ne2=1 op=35 unique=10 runs=9 bytes=22.2 MiB barrier_us=2970
prefill staging: layer=44 ne0=10 ne1=1 ne2=1 op=36 unique=10 runs=9 bytes=22.2 MiB barrier_us=2762
prefill staging: layer=45 ne0=10 ne1=1 ne2=1 op=35 unique=10 runs=10 bytes=22.2 MiB barrier_us=2536
prefill staging: layer=45 ne0=10 ne1=1 ne2=1 op=36 unique=10 runs=10 bytes=22.2 MiB barrier_us=2532
prefill staging: layer=46 ne0=10 ne1=1 ne2=1 op=35 unique=10 runs=10 bytes=30.0 MiB barrier_us=3302
prefill staging: layer=46 ne0=10 ne1=1 ne2=1 op=36 unique=10 runs=10 bytes=30.0 MiB barrier_us=2936
prefill staging: layer=47 ne0=10 ne1=1 ne2=1 op=35 unique=10 runs=9 bytes=30.0 MiB barrier_us=4315
prefill staging: layer=47 ne0=10 ne1=1 ne2=1 op=36 unique=10 runs=9 bytes=30.0 MiB barrier_us=3036
prefill staging: layer=0 ne0=10 ne1=1 ne2=1 op=35 unique=10 runs=10 bytes=22.2 MiB barrier_us=2669
prefill staging: layer=0 ne0=10 ne1=1 ne2=1 op=36 unique=10 runs=10 bytes=22.2 MiB barrier_us=2289
prefill staging: layer=1 ne0=10 ne1=1 ne2=1 op=35 unique=10 runs=10 bytes=22.2 MiB barrier_us=2581
prefill staging: layer=1 ne0=10 ne1=1 ne2=1 op=36 unique=10 runs=10 bytes=22.2 MiB barrier_us=2403
prefill staging: layer=2 ne0=10 ne1=1 ne2=1 op=35 unique=10 runs=8 bytes=33.2 MiB barrier_us=4288
prefill staging: layer=2 ne0=10 ne1=1 ne2=1 op=36 unique=10 runs=8 bytes=33.2 MiB barrier_us=3221
prefill staging: layer=3 ne0=10 ne1=1 ne2=1 op=35 unique=10 runs=10 bytes=22.2 MiB barrier_us=2580
prefill staging: layer=3 ne0=10 ne1=1 ne2=1 op=36 unique=10 runs=10 bytes=22.2 MiB barrier_us=2387
prefill staging: layer=4 ne0=10 ne1=1 ne2=1 op=35 unique=10 runs=10 bytes=30.0 MiB barrier_us=3925
prefill staging: layer=4 ne0=10 ne1=1 ne2=1 op=36 unique=10 runs=10 bytes=30.0 MiB barrier_us=3152
prefill staging: layer=5 ne0=10 ne1=1 ne2=1 op=35 unique=10 runs=10 bytes=22.2 MiB barrier_us=2884
prefill staging: layer=5 ne0=10 ne1=1 ne2=1 op=36 unique=10 runs=10 bytes=22.2 MiB barrier_us=2472
prefill staging: layer=6 ne0=10 ne1=1 ne2=1 op=35 unique=10 runs=10 bytes=22.2 MiB barrier_us=2715
prefill staging: layer=6 ne0=10 ne1=1 ne2=1 op=36 unique=10 runs=10 bytes=22.2 MiB barrier_us=2596
prefill staging: layer=7 ne0=10 ne1=1 ne2=1 op=35 unique=10 runs=10 bytes=22.2 MiB barrier_us=3072
prefill staging: layer=7 ne0=10 ne1=1 ne2=1 op=36 unique=10 runs=10 bytes=22.2 MiB barrier_us=2537
prefill staging: layer=8 ne0=10 ne1=1 ne2=1 op=35 unique=10 runs=10 bytes=22.2 MiB barrier_us=2928
prefill staging: layer=8 ne0=10 ne1=1 ne2=1 op=36 unique=10 runs=10 bytes=22.2 MiB barrier_us=2415
prefill staging: layer=9 ne0=10 ne1=1 ne2=1 op=35 unique=10 runs=10 bytes=22.2 MiB barrier_us=3170
prefill staging: layer=9 ne0=10 ne1=1 ne2=1 op=36 unique=10 runs=10 bytes=22.2 MiB barrier_us=2503
prefill staging: layer=10 ne0=10 ne1=1 ne2=1 op=35 unique=10 runs=10 bytes=22.2 MiB barrier_us=2496
prefill staging: layer=10 ne0=10 ne1=1 ne2=1 op=36 unique=10 runs=10 bytes=22.2 MiB barrier_us=2675
prefill staging: layer=11 ne0=10 ne1=1 ne2=1 op=35 unique=10 runs=10 bytes=22.2 MiB barrier_us=2623
prefill staging: layer=11 ne0=10 ne1=1 ne2=1 op=36 unique=10 runs=10 bytes=22.2 MiB barrier_us=2383
prefill staging: layer=12 ne0=10 ne1=1 ne2=1 op=35 unique=10 runs=9 bytes=22.2 MiB barrier_us=2612
prefill staging: layer=12 ne0=10 ne1=1 ne2=1 op=36 unique=10 runs=9 bytes=22.2 MiB barrier_us=2721
prefill staging: layer=13 ne0=10 ne1=1 ne2=1 op=35 unique=10 runs=10 bytes=22.2 MiB barrier_us=3170
prefill staging: layer=13 ne0=10 ne1=1 ne2=1 op=36 unique=10 runs=10 bytes=22.2 MiB barrier_us=2612
prefill staging: layer=14 ne0=10 ne1=1 ne2=1 op=35 unique=10 runs=10 bytes=22.2 MiB barrier_us=2658
prefill staging: layer=14 ne0=10 ne1=1 ne2=1 op=36 unique=10 runs=10 bytes=22.2 MiB barrier_us=2447
prefill staging: layer=15 ne0=10 ne1=1 ne2=1 op=35 unique=10 runs=9 bytes=22.2 MiB barrier_us=2806
prefill staging: layer=15 ne0=10 ne1=1 ne2=1 op=36 unique=10 runs=9 bytes=22.2 MiB barrier_us=2427
prefill staging: layer=16 ne0=10 ne1=1 ne2=1 op=35 unique=10 runs=10 bytes=22.2 MiB barrier_us=2786
prefill staging: layer=16 ne0=10 ne1=1 ne2=1 op=36 unique=10 runs=10 bytes=22.2 MiB barrier_us=2624
prefill staging: layer=17 ne0=10 ne1=1 ne2=1 op=35 unique=10 runs=10 bytes=22.2 MiB barrier_us=2807
prefill staging: layer=17 ne0=10 ne1=1 ne2=1 op=36 unique=10 runs=10 bytes=22.2 MiB barrier_us=2346
prefill staging: layer=18 ne0=10 ne1=1 ne2=1 op=35 unique=10 runs=9 bytes=22.2 MiB barrier_us=2634
prefill staging: layer=18 ne0=10 ne1=1 ne2=1 op=36 unique=10 runs=9 bytes=22.2 MiB barrier_us=2355
prefill staging: layer=19 ne0=10 ne1=1 ne2=1 op=35 unique=10 runs=10 bytes=22.2 MiB barrier_us=2586
prefill staging: layer=19 ne0=10 ne1=1 ne2=1 op=36 unique=10 runs=10 bytes=22.2 MiB barrier_us=2487
prefill staging: layer=20 ne0=10 ne1=1 ne2=1 op=35 unique=10 runs=10 bytes=22.2 MiB barrier_us=2557
prefill staging: layer=20 ne0=10 ne1=1 ne2=1 op=36 unique=10 runs=10 bytes=22.2 MiB barrier_us=2456
prefill staging: layer=21 ne0=10 ne1=1 ne2=1 op=35 unique=10 runs=10 bytes=22.2 MiB barrier_us=3028
prefill staging: layer=21 ne0=10 ne1=1 ne2=1 op=36 unique=10 runs=10 bytes=22.2 MiB barrier_us=2414
prefill staging: layer=22 ne0=10 ne1=1 ne2=1 op=35 unique=10 runs=10 bytes=22.2 MiB barrier_us=2676
prefill staging: layer=22 ne0=10 ne1=1 ne2=1 op=36 unique=10 runs=10 bytes=22.2 MiB barrier_us=2570
prefill staging: layer=23 ne0=10 ne1=1 ne2=1 op=35 unique=10 runs=10 bytes=22.2 MiB barrier_us=2604
prefill staging: layer=23 ne0=10 ne1=1 ne2=1 op=36 unique=10 runs=10 bytes=22.2 MiB barrier_us=2260
prefill staging: layer=24 ne0=10 ne1=1 ne2=1 op=35 unique=10 runs=10 bytes=22.2 MiB barrier_us=2601
prefill staging: layer=24 ne0=10 ne1=1 ne2=1 op=36 unique=10 runs=10 bytes=22.2 MiB barrier_us=2474
prefill staging: layer=25 ne0=10 ne1=1 ne2=1 op=35 unique=10 runs=10 bytes=22.2 MiB barrier_us=2717
prefill staging: layer=25 ne0=10 ne1=1 ne2=1 op=36 unique=10 runs=10 bytes=22.2 MiB barrier_us=2370
prefill staging: layer=26 ne0=10 ne1=1 ne2=1 op=35 unique=10 runs=10 bytes=22.2 MiB barrier_us=2556
prefill staging: layer=26 ne0=10 ne1=1 ne2=1 op=36 unique=10 runs=10 bytes=22.2 MiB barrier_us=2350
prefill staging: layer=27 ne0=10 ne1=1 ne2=1 op=35 unique=10 runs=10 bytes=22.2 MiB barrier_us=2728
prefill staging: layer=27 ne0=10 ne1=1 ne2=1 op=36 unique=10 runs=10 bytes=22.2 MiB barrier_us=2289
prefill staging: layer=28 ne0=10 ne1=1 ne2=1 op=35 unique=10 runs=9 bytes=22.2 MiB barrier_us=2356
prefill staging: layer=28 ne0=10 ne1=1 ne2=1 op=36 unique=10 runs=9 bytes=22.2 MiB barrier_us=2381
prefill staging: layer=29 ne0=10 ne1=1 ne2=1 op=35 unique=10 runs=10 bytes=22.2 MiB barrier_us=2454
prefill staging: layer=29 ne0=10 ne1=1 ne2=1 op=36 unique=10 runs=10 bytes=22.2 MiB barrier_us=2438
prefill staging: layer=30 ne0=10 ne1=1 ne2=1 op=35 unique=10 runs=10 bytes=30.0 MiB barrier_us=3095
prefill staging: layer=30 ne0=10 ne1=1 ne2=1 op=36 unique=10 runs=10 bytes=30.0 MiB barrier_us=3107
prefill staging: layer=31 ne0=10 ne1=1 ne2=1 op=35 unique=10 runs=9 bytes=22.2 MiB barrier_us=2729
prefill staging: layer=31 ne0=10 ne1=1 ne2=1 op=36 unique=10 runs=9 bytes=22.2 MiB barrier_us=2498
prefill staging: layer=32 ne0=10 ne1=1 ne2=1 op=35 unique=10 runs=10 bytes=22.2 MiB barrier_us=2541
prefill staging: layer=32 ne0=10 ne1=1 ne2=1 op=36 unique=10 runs=10 bytes=22.2 MiB barrier_us=2756
prefill staging: layer=33 ne0=10 ne1=1 ne2=1 op=35 unique=10 runs=10 bytes=22.2 MiB barrier_us=2615
prefill staging: layer=33 ne0=10 ne1=1 ne2=1 op=36 unique=10 runs=10 bytes=22.2 MiB barrier_us=2464
prefill staging: layer=34 ne0=10 ne1=1 ne2=1 op=35 unique=10 runs=9 bytes=22.2 MiB barrier_us=2763
prefill staging: layer=34 ne0=10 ne1=1 ne2=1 op=36 unique=10 runs=9 bytes=22.2 MiB barrier_us=2646
prefill staging: layer=35 ne0=10 ne1=1 ne2=1 op=35 unique=10 runs=10 bytes=22.2 MiB barrier_us=2637
prefill staging: layer=35 ne0=10 ne1=1 ne2=1 op=36 unique=10 runs=10 bytes=22.2 MiB barrier_us=2565
prefill staging: layer=36 ne0=10 ne1=1 ne2=1 op=35 unique=10 runs=10 bytes=22.2 MiB barrier_us=2542
prefill staging: layer=36 ne0=10 ne1=1 ne2=1 op=36 unique=10 runs=10 bytes=22.2 MiB barrier_us=2602
prefill staging: layer=37 ne0=10 ne1=1 ne2=1 op=35 unique=10 runs=10 bytes=22.2 MiB barrier_us=2786
prefill staging: layer=37 ne0=10 ne1=1 ne2=1 op=36 unique=10 runs=10 bytes=22.2 MiB barrier_us=2231
prefill staging: layer=38 ne0=10 ne1=1 ne2=1 op=35 unique=10 runs=10 bytes=22.2 MiB barrier_us=2658
prefill staging: layer=38 ne0=10 ne1=1 ne2=1 op=36 unique=10 runs=10 bytes=22.2 MiB barrier_us=2566
prefill staging: layer=39 ne0=10 ne1=1 ne2=1 op=35 unique=10 runs=10 bytes=22.2 MiB barrier_us=2544
prefill staging: layer=39 ne0=10 ne1=1 ne2=1 op=36 unique=10 runs=10 bytes=22.2 MiB barrier_us=2492
prefill staging: layer=40 ne0=10 ne1=1 ne2=1 op=35 unique=10 runs=10 bytes=22.2 MiB barrier_us=2620
prefill staging: layer=40 ne0=10 ne1=1 ne2=1 op=36 unique=10 runs=10 bytes=22.2 MiB barrier_us=2647
prefill staging: layer=41 ne0=10 ne1=1 ne2=1 op=35 unique=10 runs=10 bytes=22.2 MiB barrier_us=2693
prefill staging: layer=41 ne0=10 ne1=1 ne2=1 op=36 unique=10 runs=10 bytes=22.2 MiB barrier_us=2562
prefill staging: layer=42 ne0=10 ne1=1 ne2=1 op=35 unique=10 runs=10 bytes=22.2 MiB barrier_us=2611
prefill staging: layer=42 ne0=10 ne1=1 ne2=1 op=36 unique=10 runs=10 bytes=22.2 MiB barrier_us=2530
prefill staging: layer=43 ne0=10 ne1=1 ne2=1 op=35 unique=10 runs=10 bytes=22.2 MiB barrier_us=2606
prefill staging: layer=43 ne0=10 ne1=1 ne2=1 op=36 unique=10 runs=10 bytes=22.2 MiB barrier_us=2291
prefill staging: layer=44 ne0=10 ne1=1 ne2=1 op=35 unique=10 runs=10 bytes=22.2 MiB barrier_us=2720
prefill staging: layer=44 ne0=10 ne1=1 ne2=1 op=36 unique=10 runs=10 bytes=22.2 MiB barrier_us=2514
prefill staging: layer=45 ne0=10 ne1=1 ne2=1 op=35 unique=10 runs=9 bytes=22.2 MiB barrier_us=2834
prefill staging: layer=45 ne0=10 ne1=1 ne2=1 op=36 unique=10 runs=9 bytes=22.2 MiB barrier_us=2594
prefill staging: layer=46 ne0=10 ne1=1 ne2=1 op=35 unique=10 runs=10 bytes=30.0 MiB barrier_us=3236
prefill staging: layer=46 ne0=10 ne1=1 ne2=1 op=36 unique=10 runs=10 bytes=30.0 MiB barrier_us=2941
prefill staging: layer=47 ne0=10 ne1=1 ne2=1 op=35 unique=10 runs=10 bytes=30.0 MiB barrier_us=4248
prefill staging: layer=47 ne0=10 ne1=1 ne2=1 op=36 unique=10 runs=10 bytes=30.0 MiB barrier_us=3164
prefill staging: layer=0 ne0=10 ne1=1 ne2=1 op=35 unique=10 runs=10 bytes=22.2 MiB barrier_us=2697
prefill staging: layer=0 ne0=10 ne1=1 ne2=1 op=36 unique=10 runs=10 bytes=22.2 MiB barrier_us=2760
prefill staging: layer=1 ne0=10 ne1=1 ne2=1 op=35 unique=10 runs=10 bytes=22.2 MiB barrier_us=2660
prefill staging: layer=1 ne0=10 ne1=1 ne2=1 op=36 unique=10 runs=10 bytes=22.2 MiB barrier_us=2559
prefill staging: layer=2 ne0=10 ne1=1 ne2=1 op=35 unique=10 runs=9 bytes=33.2 MiB barrier_us=4408
prefill staging: layer=2 ne0=10 ne1=1 ne2=1 op=36 unique=10 runs=9 bytes=33.2 MiB barrier_us=3670
prefill staging: layer=3 ne0=10 ne1=1 ne2=1 op=35 unique=10 runs=10 bytes=22.2 MiB barrier_us=2652
prefill staging: layer=3 ne0=10 ne1=1 ne2=1 op=36 unique=10 runs=10 bytes=22.2 MiB barrier_us=2794
prefill staging: layer=4 ne0=10 ne1=1 ne2=1 op=35 unique=10 runs=10 bytes=30.0 MiB barrier_us=4033
prefill staging: layer=4 ne0=10 ne1=1 ne2=1 op=36 unique=10 runs=10 bytes=30.0 MiB barrier_us=3232
prefill staging: layer=5 ne0=10 ne1=1 ne2=1 op=35 unique=10 runs=10 bytes=22.2 MiB barrier_us=2755
prefill staging: layer=5 ne0=10 ne1=1 ne2=1 op=36 unique=10 runs=10 bytes=22.2 MiB barrier_us=2391
prefill staging: layer=6 ne0=10 ne1=1 ne2=1 op=35 unique=10 runs=10 bytes=22.2 MiB barrier_us=2596
prefill staging: layer=6 ne0=10 ne1=1 ne2=1 op=36 unique=10 runs=10 bytes=22.2 MiB barrier_us=2714
prefill staging: layer=7 ne0=10 ne1=1 ne2=1 op=35 unique=10 runs=10 bytes=22.2 MiB barrier_us=2786
prefill staging: layer=7 ne0=10 ne1=1 ne2=1 op=36 unique=10 runs=10 bytes=22.2 MiB barrier_us=2352
prefill staging: layer=8 ne0=10 ne1=1 ne2=1 op=35 unique=10 runs=10 bytes=22.2 MiB barrier_us=2499
prefill staging: layer=8 ne0=10 ne1=1 ne2=1 op=36 unique=10 runs=10 bytes=22.2 MiB barrier_us=2390
prefill staging: layer=9 ne0=10 ne1=1 ne2=1 op=35 unique=10 runs=10 bytes=22.2 MiB barrier_us=3441
prefill staging: layer=9 ne0=10 ne1=1 ne2=1 op=36 unique=10 runs=10 bytes=22.2 MiB barrier_us=2927
prefill staging: layer=10 ne0=10 ne1=1 ne2=1 op=35 unique=10 runs=10 bytes=22.2 MiB barrier_us=3312
prefill staging: layer=10 ne0=10 ne1=1 ne2=1 op=36 unique=10 runs=10 bytes=22.2 MiB barrier_us=2743
prefill staging: layer=11 ne0=10 ne1=1 ne2=1 op=35 unique=10 runs=10 bytes=22.2 MiB barrier_us=3403
prefill staging: layer=11 ne0=10 ne1=1 ne2=1 op=36 unique=10 runs=10 bytes=22.2 MiB barrier_us=2433
prefill staging: layer=12 ne0=10 ne1=1 ne2=1 op=35 unique=10 runs=10 bytes=22.2 MiB barrier_us=3045
prefill staging: layer=12 ne0=10 ne1=1 ne2=1 op=36 unique=10 runs=10 bytes=22.2 MiB barrier_us=2599
prefill staging: layer=13 ne0=10 ne1=1 ne2=1 op=35 unique=10 runs=10 bytes=22.2 MiB barrier_us=3190
prefill staging: layer=13 ne0=10 ne1=1 ne2=1 op=36 unique=10 runs=10 bytes=22.2 MiB barrier_us=2749
prefill staging: layer=14 ne0=10 ne1=1 ne2=1 op=35 unique=10 runs=10 bytes=22.2 MiB barrier_us=2751
prefill staging: layer=14 ne0=10 ne1=1 ne2=1 op=36 unique=10 runs=10 bytes=22.2 MiB barrier_us=2476
prefill staging: layer=15 ne0=10 ne1=1 ne2=1 op=35 unique=10 runs=10 bytes=22.2 MiB barrier_us=2919
prefill staging: layer=15 ne0=10 ne1=1 ne2=1 op=36 unique=10 runs=10 bytes=22.2 MiB barrier_us=2492
prefill staging: layer=16 ne0=10 ne1=1 ne2=1 op=35 unique=10 runs=10 bytes=22.2 MiB barrier_us=2495
prefill staging: layer=16 ne0=10 ne1=1 ne2=1 op=36 unique=10 runs=10 bytes=22.2 MiB barrier_us=2677
prefill staging: layer=17 ne0=10 ne1=1 ne2=1 op=35 unique=10 runs=10 bytes=22.2 MiB barrier_us=2576
prefill staging: layer=17 ne0=10 ne1=1 ne2=1 op=36 unique=10 runs=10 bytes=22.2 MiB barrier_us=2431
prefill staging: layer=18 ne0=10 ne1=1 ne2=1 op=35 unique=10 runs=9 bytes=22.2 MiB barrier_us=2688
prefill staging: layer=18 ne0=10 ne1=1 ne2=1 op=36 unique=10 runs=9 bytes=22.2 MiB barrier_us=2510
prefill staging: layer=19 ne0=10 ne1=1 ne2=1 op=35 unique=10 runs=9 bytes=22.2 MiB barrier_us=2880
prefill staging: layer=19 ne0=10 ne1=1 ne2=1 op=36 unique=10 runs=9 bytes=22.2 MiB barrier_us=2426
prefill staging: layer=20 ne0=10 ne1=1 ne2=1 op=35 unique=10 runs=10 bytes=22.2 MiB barrier_us=2637
prefill staging: layer=20 ne0=10 ne1=1 ne2=1 op=36 unique=10 runs=10 bytes=22.2 MiB barrier_us=2629
prefill staging: layer=21 ne0=10 ne1=1 ne2=1 op=35 unique=10 runs=10 bytes=22.2 MiB barrier_us=2812
prefill staging: layer=21 ne0=10 ne1=1 ne2=1 op=36 unique=10 runs=10 bytes=22.2 MiB barrier_us=2420
prefill staging: layer=22 ne0=10 ne1=1 ne2=1 op=35 unique=10 runs=10 bytes=22.2 MiB barrier_us=2595
prefill staging: layer=22 ne0=10 ne1=1 ne2=1 op=36 unique=10 runs=10 bytes=22.2 MiB barrier_us=2530
prefill staging: layer=23 ne0=10 ne1=1 ne2=1 op=35 unique=10 runs=10 bytes=22.2 MiB barrier_us=3273
prefill staging: layer=23 ne0=10 ne1=1 ne2=1 op=36 unique=10 runs=10 bytes=22.2 MiB barrier_us=2467
prefill staging: layer=24 ne0=10 ne1=1 ne2=1 op=35 unique=10 runs=10 bytes=22.2 MiB barrier_us=2855
prefill staging: layer=24 ne0=10 ne1=1 ne2=1 op=36 unique=10 runs=10 bytes=22.2 MiB barrier_us=2501
prefill staging: layer=25 ne0=10 ne1=1 ne2=1 op=35 unique=10 runs=9 bytes=22.2 MiB barrier_us=3104
prefill staging: layer=25 ne0=10 ne1=1 ne2=1 op=36 unique=10 runs=9 bytes=22.2 MiB barrier_us=3073
prefill staging: layer=26 ne0=10 ne1=1 ne2=1 op=35 unique=10 runs=10 bytes=22.2 MiB barrier_us=2610
prefill staging: layer=26 ne0=10 ne1=1 ne2=1 op=36 unique=10 runs=10 bytes=22.2 MiB barrier_us=2867
prefill staging: layer=27 ne0=10 ne1=1 ne2=1 op=35 unique=10 runs=10 bytes=22.2 MiB barrier_us=2568
prefill staging: layer=27 ne0=10 ne1=1 ne2=1 op=36 unique=10 runs=10 bytes=22.2 MiB barrier_us=2628
prefill staging: layer=28 ne0=10 ne1=1 ne2=1 op=35 unique=10 runs=10 bytes=22.2 MiB barrier_us=3304
prefill staging: layer=28 ne0=10 ne1=1 ne2=1 op=36 unique=10 runs=10 bytes=22.2 MiB barrier_us=2716
prefill staging: layer=29 ne0=10 ne1=1 ne2=1 op=35 unique=10 runs=10 bytes=22.2 MiB barrier_us=2514
prefill staging: layer=29 ne0=10 ne1=1 ne2=1 op=36 unique=10 runs=10 bytes=22.2 MiB barrier_us=2644
prefill staging: layer=30 ne0=10 ne1=1 ne2=1 op=35 unique=10 runs=10 bytes=30.0 MiB barrier_us=3285
prefill staging: layer=30 ne0=10 ne1=1 ne2=1 op=36 unique=10 runs=10 bytes=30.0 MiB barrier_us=2850
prefill staging: layer=31 ne0=10 ne1=1 ne2=1 op=35 unique=10 runs=10 bytes=22.2 MiB barrier_us=2487
prefill staging: layer=31 ne0=10 ne1=1 ne2=1 op=36 unique=10 runs=10 bytes=22.2 MiB barrier_us=2736
prefill staging: layer=32 ne0=10 ne1=1 ne2=1 op=35 unique=10 runs=10 bytes=22.2 MiB barrier_us=2436
prefill staging: layer=32 ne0=10 ne1=1 ne2=1 op=36 unique=10 runs=10 bytes=22.2 MiB barrier_us=2647
prefill staging: layer=33 ne0=10 ne1=1 ne2=1 op=35 unique=10 runs=10 bytes=22.2 MiB barrier_us=3090
prefill staging: layer=33 ne0=10 ne1=1 ne2=1 op=36 unique=10 runs=10 bytes=22.2 MiB barrier_us=2687
prefill staging: layer=34 ne0=10 ne1=1 ne2=1 op=35 unique=10 runs=10 bytes=22.2 MiB barrier_us=2943
prefill staging: layer=34 ne0=10 ne1=1 ne2=1 op=36 unique=10 runs=10 bytes=22.2 MiB barrier_us=2502
prefill staging: layer=35 ne0=10 ne1=1 ne2=1 op=35 unique=10 runs=10 bytes=22.2 MiB barrier_us=2620
prefill staging: layer=35 ne0=10 ne1=1 ne2=1 op=36 unique=10 runs=10 bytes=22.2 MiB barrier_us=2745
prefill staging: layer=36 ne0=10 ne1=1 ne2=1 op=35 unique=10 runs=10 bytes=22.2 MiB barrier_us=2553
prefill staging: layer=36 ne0=10 ne1=1 ne2=1 op=36 unique=10 runs=10 bytes=22.2 MiB barrier_us=2554
prefill staging: layer=37 ne0=10 ne1=1 ne2=1 op=35 unique=10 runs=10 bytes=22.2 MiB barrier_us=3233
prefill staging: layer=37 ne0=10 ne1=1 ne2=1 op=36 unique=10 runs=10 bytes=22.2 MiB barrier_us=2988
prefill staging: layer=38 ne0=10 ne1=1 ne2=1 op=35 unique=10 runs=10 bytes=22.2 MiB barrier_us=2990
prefill staging: layer=38 ne0=10 ne1=1 ne2=1 op=36 unique=10 runs=10 bytes=22.2 MiB barrier_us=2757
prefill staging: layer=39 ne0=10 ne1=1 ne2=1 op=35 unique=10 runs=10 bytes=22.2 MiB barrier_us=3117
prefill staging: layer=39 ne0=10 ne1=1 ne2=1 op=36 unique=10 runs=10 bytes=22.2 MiB barrier_us=2285
prefill staging: layer=40 ne0=10 ne1=1 ne2=1 op=35 unique=10 runs=9 bytes=22.2 MiB barrier_us=2717
prefill staging: layer=40 ne0=10 ne1=1 ne2=1 op=36 unique=10 runs=9 bytes=22.2 MiB barrier_us=2605
prefill staging: layer=41 ne0=10 ne1=1 ne2=1 op=35 unique=10 runs=10 bytes=22.2 MiB barrier_us=2709
prefill staging: layer=41 ne0=10 ne1=1 ne2=1 op=36 unique=10 runs=10 bytes=22.2 MiB barrier_us=2638
prefill staging: layer=42 ne0=10 ne1=1 ne2=1 op=35 unique=10 runs=10 bytes=22.2 MiB barrier_us=2695
prefill staging: layer=42 ne0=10 ne1=1 ne2=1 op=36 unique=10 runs=10 bytes=22.2 MiB barrier_us=2485
prefill staging: layer=43 ne0=10 ne1=1 ne2=1 op=35 unique=10 runs=10 bytes=22.2 MiB barrier_us=3105
prefill staging: layer=43 ne0=10 ne1=1 ne2=1 op=36 unique=10 runs=10 bytes=22.2 MiB barrier_us=2408
prefill staging: layer=44 ne0=10 ne1=1 ne2=1 op=35 unique=10 runs=10 bytes=22.2 MiB barrier_us=2683
prefill staging: layer=44 ne0=10 ne1=1 ne2=1 op=36 unique=10 runs=10 bytes=22.2 MiB barrier_us=2743
prefill staging: layer=45 ne0=10 ne1=1 ne2=1 op=35 unique=10 runs=10 bytes=22.2 MiB barrier_us=2707
prefill staging: layer=45 ne0=10 ne1=1 ne2=1 op=36 unique=10 runs=10 bytes=22.2 MiB barrier_us=2830
prefill staging: layer=46 ne0=10 ne1=1 ne2=1 op=35 unique=10 runs=10 bytes=30.0 MiB barrier_us=3235
prefill staging: layer=46 ne0=10 ne1=1 ne2=1 op=36 unique=10 runs=10 bytes=30.0 MiB barrier_us=3345
prefill staging: layer=47 ne0=10 ne1=1 ne2=1 op=35 unique=10 runs=9 bytes=30.0 MiB barrier_us=4342
prefill staging: layer=47 ne0=10 ne1=1 ne2=1 op=36 unique=10 runs=9 bytes=30.0 MiB barrier_us=3212
prefill staging: layer=0 ne0=10 ne1=1 ne2=1 op=35 unique=10 runs=10 bytes=22.2 MiB barrier_us=2722
prefill staging: layer=0 ne0=10 ne1=1 ne2=1 op=36 unique=10 runs=10 bytes=22.2 MiB barrier_us=2818
prefill staging: layer=1 ne0=10 ne1=1 ne2=1 op=35 unique=10 runs=10 bytes=22.2 MiB barrier_us=2926
prefill staging: layer=1 ne0=10 ne1=1 ne2=1 op=36 unique=10 runs=10 bytes=22.2 MiB barrier_us=2404
prefill staging: layer=2 ne0=10 ne1=1 ne2=1 op=35 unique=10 runs=9 bytes=33.2 MiB barrier_us=3774
prefill staging: layer=2 ne0=10 ne1=1 ne2=1 op=36 unique=10 runs=9 bytes=33.2 MiB barrier_us=3881
prefill staging: layer=3 ne0=10 ne1=1 ne2=1 op=35 unique=10 runs=10 bytes=22.2 MiB barrier_us=2583
prefill staging: layer=3 ne0=10 ne1=1 ne2=1 op=36 unique=10 runs=10 bytes=22.2 MiB barrier_us=2927
prefill staging: layer=4 ne0=10 ne1=1 ne2=1 op=35 unique=10 runs=9 bytes=30.0 MiB barrier_us=3458
prefill staging: layer=4 ne0=10 ne1=1 ne2=1 op=36 unique=10 runs=9 bytes=30.0 MiB barrier_us=3144
prefill staging: layer=5 ne0=10 ne1=1 ne2=1 op=35 unique=10 runs=10 bytes=22.2 MiB barrier_us=2671
prefill staging: layer=5 ne0=10 ne1=1 ne2=1 op=36 unique=10 runs=10 bytes=22.2 MiB barrier_us=2591
prefill staging: layer=6 ne0=10 ne1=1 ne2=1 op=35 unique=10 runs=10 bytes=22.2 MiB barrier_us=2743
prefill staging: layer=6 ne0=10 ne1=1 ne2=1 op=36 unique=10 runs=10 bytes=22.2 MiB barrier_us=2589
prefill staging: layer=7 ne0=10 ne1=1 ne2=1 op=35 unique=10 runs=10 bytes=22.2 MiB barrier_us=3570
prefill staging: layer=7 ne0=10 ne1=1 ne2=1 op=36 unique=10 runs=10 bytes=22.2 MiB barrier_us=2633
prefill staging: layer=8 ne0=10 ne1=1 ne2=1 op=35 unique=10 runs=10 bytes=22.2 MiB barrier_us=2834
prefill staging: layer=8 ne0=10 ne1=1 ne2=1 op=36 unique=10 runs=10 bytes=22.2 MiB barrier_us=2557
prefill staging: layer=9 ne0=10 ne1=1 ne2=1 op=35 unique=10 runs=9 bytes=22.2 MiB barrier_us=2870
prefill staging: layer=9 ne0=10 ne1=1 ne2=1 op=36 unique=10 runs=9 bytes=22.2 MiB barrier_us=2754
prefill staging: layer=10 ne0=10 ne1=1 ne2=1 op=35 unique=10 runs=10 bytes=22.2 MiB barrier_us=2664
prefill staging: layer=10 ne0=10 ne1=1 ne2=1 op=36 unique=10 runs=10 bytes=22.2 MiB barrier_us=2672
prefill staging: layer=11 ne0=10 ne1=1 ne2=1 op=35 unique=10 runs=10 bytes=22.2 MiB barrier_us=2561
prefill staging: layer=11 ne0=10 ne1=1 ne2=1 op=36 unique=10 runs=10 bytes=22.2 MiB barrier_us=2279
prefill staging: layer=12 ne0=10 ne1=1 ne2=1 op=35 unique=10 runs=9 bytes=22.2 MiB barrier_us=2821
prefill staging: layer=12 ne0=10 ne1=1 ne2=1 op=36 unique=10 runs=9 bytes=22.2 MiB barrier_us=2624
prefill staging: layer=13 ne0=10 ne1=1 ne2=1 op=35 unique=10 runs=10 bytes=22.2 MiB barrier_us=2505
prefill staging: layer=13 ne0=10 ne1=1 ne2=1 op=36 unique=10 runs=10 bytes=22.2 MiB barrier_us=2386
prefill staging: layer=14 ne0=10 ne1=1 ne2=1 op=35 unique=10 runs=10 bytes=22.2 MiB barrier_us=3166
prefill staging: layer=14 ne0=10 ne1=1 ne2=1 op=36 unique=10 runs=10 bytes=22.2 MiB barrier_us=2376
prefill staging: layer=15 ne0=10 ne1=1 ne2=1 op=35 unique=10 runs=10 bytes=22.2 MiB barrier_us=2761
prefill staging: layer=15 ne0=10 ne1=1 ne2=1 op=36 unique=10 runs=10 bytes=22.2 MiB barrier_us=2545
prefill staging: layer=16 ne0=10 ne1=1 ne2=1 op=35 unique=10 runs=10 bytes=22.2 MiB barrier_us=2537
prefill staging: layer=16 ne0=10 ne1=1 ne2=1 op=36 unique=10 runs=10 bytes=22.2 MiB barrier_us=2643
prefill staging: layer=17 ne0=10 ne1=1 ne2=1 op=35 unique=10 runs=10 bytes=22.2 MiB barrier_us=3131
prefill staging: layer=17 ne0=10 ne1=1 ne2=1 op=36 unique=10 runs=10 bytes=22.2 MiB barrier_us=2429
prefill staging: layer=18 ne0=10 ne1=1 ne2=1 op=35 unique=10 runs=10 bytes=22.2 MiB barrier_us=2853
prefill staging: layer=18 ne0=10 ne1=1 ne2=1 op=36 unique=10 runs=10 bytes=22.2 MiB barrier_us=2570
prefill staging: layer=19 ne0=10 ne1=1 ne2=1 op=35 unique=10 runs=10 bytes=22.2 MiB barrier_us=2789
prefill staging: layer=19 ne0=10 ne1=1 ne2=1 op=36 unique=10 runs=10 bytes=22.2 MiB barrier_us=2654
prefill staging: layer=20 ne0=10 ne1=1 ne2=1 op=35 unique=10 runs=10 bytes=22.2 MiB barrier_us=3368
prefill staging: layer=20 ne0=10 ne1=1 ne2=1 op=36 unique=10 runs=10 bytes=22.2 MiB barrier_us=2675
prefill staging: layer=21 ne0=10 ne1=1 ne2=1 op=35 unique=10 runs=10 bytes=22.2 MiB barrier_us=2726
prefill staging: layer=21 ne0=10 ne1=1 ne2=1 op=36 unique=10 runs=10 bytes=22.2 MiB barrier_us=2488
prefill staging: layer=22 ne0=10 ne1=1 ne2=1 op=35 unique=10 runs=10 bytes=22.2 MiB barrier_us=3107
prefill staging: layer=22 ne0=10 ne1=1 ne2=1 op=36 unique=10 runs=10 bytes=22.2 MiB barrier_us=2783
prefill staging: layer=23 ne0=10 ne1=1 ne2=1 op=35 unique=10 runs=10 bytes=22.2 MiB barrier_us=2550
prefill staging: layer=23 ne0=10 ne1=1 ne2=1 op=36 unique=10 runs=10 bytes=22.2 MiB barrier_us=2524
prefill staging: layer=24 ne0=10 ne1=1 ne2=1 op=35 unique=10 runs=10 bytes=22.2 MiB barrier_us=2713
prefill staging: layer=24 ne0=10 ne1=1 ne2=1 op=36 unique=10 runs=10 bytes=22.2 MiB barrier_us=2488
prefill staging: layer=25 ne0=10 ne1=1 ne2=1 op=35 unique=10 runs=10 bytes=22.2 MiB barrier_us=2684
prefill staging: layer=25 ne0=10 ne1=1 ne2=1 op=36 unique=10 runs=10 bytes=22.2 MiB barrier_us=2666
prefill staging: layer=26 ne0=10 ne1=1 ne2=1 op=35 unique=10 runs=10 bytes=22.2 MiB barrier_us=2528
prefill staging: layer=26 ne0=10 ne1=1 ne2=1 op=36 unique=10 runs=10 bytes=22.2 MiB barrier_us=2663
prefill staging: layer=27 ne0=10 ne1=1 ne2=1 op=35 unique=10 runs=10 bytes=22.2 MiB barrier_us=2742
prefill staging: layer=27 ne0=10 ne1=1 ne2=1 op=36 unique=10 runs=10 bytes=22.2 MiB barrier_us=2446
prefill staging: layer=28 ne0=10 ne1=1 ne2=1 op=35 unique=10 runs=10 bytes=22.2 MiB barrier_us=3297
prefill staging: layer=28 ne0=10 ne1=1 ne2=1 op=36 unique=10 runs=10 bytes=22.2 MiB barrier_us=2528
prefill staging: layer=29 ne0=10 ne1=1 ne2=1 op=35 unique=10 runs=10 bytes=22.2 MiB barrier_us=2535
prefill staging: layer=29 ne0=10 ne1=1 ne2=1 op=36 unique=10 runs=10 bytes=22.2 MiB barrier_us=2466
prefill staging: layer=30 ne0=10 ne1=1 ne2=1 op=35 unique=10 runs=10 bytes=30.0 MiB barrier_us=3227
prefill staging: layer=30 ne0=10 ne1=1 ne2=1 op=36 unique=10 runs=10 bytes=30.0 MiB barrier_us=2938
prefill staging: layer=31 ne0=10 ne1=1 ne2=1 op=35 unique=10 runs=9 bytes=22.2 MiB barrier_us=2743
prefill staging: layer=31 ne0=10 ne1=1 ne2=1 op=36 unique=10 runs=9 bytes=22.2 MiB barrier_us=2493
prefill staging: layer=32 ne0=10 ne1=1 ne2=1 op=35 unique=10 runs=10 bytes=22.2 MiB barrier_us=2388
prefill staging: layer=32 ne0=10 ne1=1 ne2=1 op=36 unique=10 runs=10 bytes=22.2 MiB barrier_us=2532
prefill staging: layer=33 ne0=10 ne1=1 ne2=1 op=35 unique=10 runs=10 bytes=22.2 MiB barrier_us=2543
prefill staging: layer=33 ne0=10 ne1=1 ne2=1 op=36 unique=10 runs=10 bytes=22.2 MiB barrier_us=2314
prefill staging: layer=34 ne0=10 ne1=1 ne2=1 op=35 unique=10 runs=10 bytes=22.2 MiB barrier_us=2805
prefill staging: layer=34 ne0=10 ne1=1 ne2=1 op=36 unique=10 runs=10 bytes=22.2 MiB barrier_us=2381
prefill staging: layer=35 ne0=10 ne1=1 ne2=1 op=35 unique=10 runs=10 bytes=22.2 MiB barrier_us=2574
prefill staging: layer=35 ne0=10 ne1=1 ne2=1 op=36 unique=10 runs=10 bytes=22.2 MiB barrier_us=2622
prefill staging: layer=36 ne0=10 ne1=1 ne2=1 op=35 unique=10 runs=10 bytes=22.2 MiB barrier_us=2567
prefill staging: layer=36 ne0=10 ne1=1 ne2=1 op=36 unique=10 runs=10 bytes=22.2 MiB barrier_us=2639
prefill staging: layer=37 ne0=10 ne1=1 ne2=1 op=35 unique=10 runs=10 bytes=22.2 MiB barrier_us=2557
prefill staging: layer=37 ne0=10 ne1=1 ne2=1 op=36 unique=10 runs=10 bytes=22.2 MiB barrier_us=2265
prefill staging: layer=38 ne0=10 ne1=1 ne2=1 op=35 unique=10 runs=10 bytes=22.2 MiB barrier_us=2653
prefill staging: layer=38 ne0=10 ne1=1 ne2=1 op=36 unique=10 runs=10 bytes=22.2 MiB barrier_us=2573
prefill staging: layer=39 ne0=10 ne1=1 ne2=1 op=35 unique=10 runs=10 bytes=22.2 MiB barrier_us=2608
prefill staging: layer=39 ne0=10 ne1=1 ne2=1 op=36 unique=10 runs=10 bytes=22.2 MiB barrier_us=2715
prefill staging: layer=40 ne0=10 ne1=1 ne2=1 op=35 unique=10 runs=9 bytes=22.2 MiB barrier_us=2638
prefill staging: layer=40 ne0=10 ne1=1 ne2=1 op=36 unique=10 runs=9 bytes=22.2 MiB barrier_us=2427
prefill staging: layer=41 ne0=10 ne1=1 ne2=1 op=35 unique=10 runs=10 bytes=22.2 MiB barrier_us=2698
prefill staging: layer=41 ne0=10 ne1=1 ne2=1 op=36 unique=10 runs=10 bytes=22.2 MiB barrier_us=2532
prefill staging: layer=42 ne0=10 ne1=1 ne2=1 op=35 unique=10 runs=9 bytes=22.2 MiB barrier_us=2919
prefill staging: layer=42 ne0=10 ne1=1 ne2=1 op=36 unique=10 runs=9 bytes=22.2 MiB barrier_us=2548
prefill staging: layer=43 ne0=10 ne1=1 ne2=1 op=35 unique=10 runs=10 bytes=22.2 MiB barrier_us=2691
prefill staging: layer=43 ne0=10 ne1=1 ne2=1 op=36 unique=10 runs=10 bytes=22.2 MiB barrier_us=2515
prefill staging: layer=44 ne0=10 ne1=1 ne2=1 op=35 unique=10 runs=9 bytes=22.2 MiB barrier_us=2492
prefill staging: layer=44 ne0=10 ne1=1 ne2=1 op=36 unique=10 runs=9 bytes=22.2 MiB barrier_us=2690
prefill staging: layer=45 ne0=10 ne1=1 ne2=1 op=35 unique=10 runs=10 bytes=22.2 MiB barrier_us=2527
prefill staging: layer=45 ne0=10 ne1=1 ne2=1 op=36 unique=10 runs=10 bytes=22.2 MiB barrier_us=2680
prefill staging: layer=46 ne0=10 ne1=1 ne2=1 op=35 unique=10 runs=10 bytes=30.0 MiB barrier_us=3384
prefill staging: layer=46 ne0=10 ne1=1 ne2=1 op=36 unique=10 runs=10 bytes=30.0 MiB barrier_us=2918
prefill staging: layer=47 ne0=10 ne1=1 ne2=1 op=35 unique=10 runs=10 bytes=30.0 MiB barrier_us=3778
prefill staging: layer=47 ne0=10 ne1=1 ne2=1 op=36 unique=10 runs=10 bytes=30.0 MiB barrier_us=3050
prefill staging: layer=0 ne0=10 ne1=1 ne2=1 op=35 unique=10 runs=10 bytes=22.2 MiB barrier_us=2691
prefill staging: layer=0 ne0=10 ne1=1 ne2=1 op=36 unique=10 runs=10 bytes=22.2 MiB barrier_us=2575
prefill staging: layer=1 ne0=10 ne1=1 ne2=1 op=35 unique=10 runs=10 bytes=22.2 MiB barrier_us=2874
prefill staging: layer=1 ne0=10 ne1=1 ne2=1 op=36 unique=10 runs=10 bytes=22.2 MiB barrier_us=2251
prefill staging: layer=2 ne0=10 ne1=1 ne2=1 op=35 unique=10 runs=9 bytes=33.2 MiB barrier_us=3594
prefill staging: layer=2 ne0=10 ne1=1 ne2=1 op=36 unique=10 runs=9 bytes=33.2 MiB barrier_us=3365
prefill staging: layer=3 ne0=10 ne1=1 ne2=1 op=35 unique=10 runs=10 bytes=22.2 MiB barrier_us=2658
prefill staging: layer=3 ne0=10 ne1=1 ne2=1 op=36 unique=10 runs=10 bytes=22.2 MiB barrier_us=2762
prefill staging: layer=4 ne0=10 ne1=1 ne2=1 op=35 unique=10 runs=10 bytes=30.0 MiB barrier_us=3721
prefill staging: layer=4 ne0=10 ne1=1 ne2=1 op=36 unique=10 runs=10 bytes=30.0 MiB barrier_us=2988
prefill staging: layer=5 ne0=10 ne1=1 ne2=1 op=35 unique=10 runs=10 bytes=22.2 MiB barrier_us=2650
prefill staging: layer=5 ne0=10 ne1=1 ne2=1 op=36 unique=10 runs=10 bytes=22.2 MiB barrier_us=2529
prefill staging: layer=6 ne0=10 ne1=1 ne2=1 op=35 unique=10 runs=10 bytes=22.2 MiB barrier_us=2390
prefill staging: layer=6 ne0=10 ne1=1 ne2=1 op=36 unique=10 runs=10 bytes=22.2 MiB barrier_us=2395
prefill staging: layer=7 ne0=10 ne1=1 ne2=1 op=35 unique=10 runs=10 bytes=22.2 MiB barrier_us=2509
prefill staging: layer=7 ne0=10 ne1=1 ne2=1 op=36 unique=10 runs=10 bytes=22.2 MiB barrier_us=2617
prefill staging: layer=8 ne0=10 ne1=1 ne2=1 op=35 unique=10 runs=10 bytes=22.2 MiB barrier_us=2874
prefill staging: layer=8 ne0=10 ne1=1 ne2=1 op=36 unique=10 runs=10 bytes=22.2 MiB barrier_us=2357
prefill staging: layer=9 ne0=10 ne1=1 ne2=1 op=35 unique=10 runs=10 bytes=22.2 MiB barrier_us=2701
prefill staging: layer=9 ne0=10 ne1=1 ne2=1 op=36 unique=10 runs=10 bytes=22.2 MiB barrier_us=2519
prefill staging: layer=10 ne0=10 ne1=1 ne2=1 op=35 unique=10 runs=10 bytes=22.2 MiB barrier_us=2534
prefill staging: layer=10 ne0=10 ne1=1 ne2=1 op=36 unique=10 runs=10 bytes=22.2 MiB barrier_us=2283
prefill staging: layer=11 ne0=10 ne1=1 ne2=1 op=35 unique=10 runs=10 bytes=22.2 MiB barrier_us=2713
prefill staging: layer=11 ne0=10 ne1=1 ne2=1 op=36 unique=10 runs=10 bytes=22.2 MiB barrier_us=2355
prefill staging: layer=12 ne0=10 ne1=1 ne2=1 op=35 unique=10 runs=9 bytes=22.2 MiB barrier_us=2641
prefill staging: layer=12 ne0=10 ne1=1 ne2=1 op=36 unique=10 runs=9 bytes=22.2 MiB barrier_us=2598
prefill staging: layer=13 ne0=10 ne1=1 ne2=1 op=35 unique=10 runs=10 bytes=22.2 MiB barrier_us=3135
prefill staging: layer=13 ne0=10 ne1=1 ne2=1 op=36 unique=10 runs=10 bytes=22.2 MiB barrier_us=2722
prefill staging: layer=14 ne0=10 ne1=1 ne2=1 op=35 unique=10 runs=10 bytes=22.2 MiB barrier_us=2690
prefill staging: layer=14 ne0=10 ne1=1 ne2=1 op=36 unique=10 runs=10 bytes=22.2 MiB barrier_us=2279
prefill staging: layer=15 ne0=10 ne1=1 ne2=1 op=35 unique=10 runs=10 bytes=22.2 MiB barrier_us=2473
prefill staging: layer=15 ne0=10 ne1=1 ne2=1 op=36 unique=10 runs=10 bytes=22.2 MiB barrier_us=2509
prefill staging: layer=16 ne0=10 ne1=1 ne2=1 op=35 unique=10 runs=9 bytes=22.2 MiB barrier_us=2924
prefill staging: layer=16 ne0=10 ne1=1 ne2=1 op=36 unique=10 runs=9 bytes=22.2 MiB barrier_us=2359
prefill staging: layer=17 ne0=10 ne1=1 ne2=1 op=35 unique=10 runs=10 bytes=22.2 MiB barrier_us=2450
prefill staging: layer=17 ne0=10 ne1=1 ne2=1 op=36 unique=10 runs=10 bytes=22.2 MiB barrier_us=2331
prefill staging: layer=18 ne0=10 ne1=1 ne2=1 op=35 unique=10 runs=10 bytes=22.2 MiB barrier_us=2603
prefill staging: layer=18 ne0=10 ne1=1 ne2=1 op=36 unique=10 runs=10 bytes=22.2 MiB barrier_us=2462
prefill staging: layer=19 ne0=10 ne1=1 ne2=1 op=35 unique=10 runs=10 bytes=22.2 MiB barrier_us=2364
prefill staging: layer=19 ne0=10 ne1=1 ne2=1 op=36 unique=10 runs=10 bytes=22.2 MiB barrier_us=2639
prefill staging: layer=20 ne0=10 ne1=1 ne2=1 op=35 unique=10 runs=10 bytes=22.2 MiB barrier_us=3097
prefill staging: layer=20 ne0=10 ne1=1 ne2=1 op=36 unique=10 runs=10 bytes=22.2 MiB barrier_us=2443
prefill staging: layer=21 ne0=10 ne1=1 ne2=1 op=35 unique=10 runs=10 bytes=22.2 MiB barrier_us=2836
prefill staging: layer=21 ne0=10 ne1=1 ne2=1 op=36 unique=10 runs=10 bytes=22.2 MiB barrier_us=2261
prefill staging: layer=22 ne0=10 ne1=1 ne2=1 op=35 unique=10 runs=10 bytes=22.2 MiB barrier_us=2619
prefill staging: layer=22 ne0=10 ne1=1 ne2=1 op=36 unique=10 runs=10 bytes=22.2 MiB barrier_us=2665
prefill staging: layer=23 ne0=10 ne1=1 ne2=1 op=35 unique=10 runs=10 bytes=22.2 MiB barrier_us=2513
prefill staging: layer=23 ne0=10 ne1=1 ne2=1 op=36 unique=10 runs=10 bytes=22.2 MiB barrier_us=2383
prefill staging: layer=24 ne0=10 ne1=1 ne2=1 op=35 unique=10 runs=10 bytes=22.2 MiB barrier_us=2654
prefill staging: layer=24 ne0=10 ne1=1 ne2=1 op=36 unique=10 runs=10 bytes=22.2 MiB barrier_us=2445
prefill staging: layer=25 ne0=10 ne1=1 ne2=1 op=35 unique=10 runs=10 bytes=22.2 MiB barrier_us=3093
prefill staging: layer=25 ne0=10 ne1=1 ne2=1 op=36 unique=10 runs=10 bytes=22.2 MiB barrier_us=2534
prefill staging: layer=26 ne0=10 ne1=1 ne2=1 op=35 unique=10 runs=10 bytes=22.2 MiB barrier_us=2517
prefill staging: layer=26 ne0=10 ne1=1 ne2=1 op=36 unique=10 runs=10 bytes=22.2 MiB barrier_us=2574
prefill staging: layer=27 ne0=10 ne1=1 ne2=1 op=35 unique=10 runs=10 bytes=22.2 MiB barrier_us=2727
prefill staging: layer=27 ne0=10 ne1=1 ne2=1 op=36 unique=10 runs=10 bytes=22.2 MiB barrier_us=2366
prefill staging: layer=28 ne0=10 ne1=1 ne2=1 op=35 unique=10 runs=10 bytes=22.2 MiB barrier_us=2667
prefill staging: layer=28 ne0=10 ne1=1 ne2=1 op=36 unique=10 runs=10 bytes=22.2 MiB barrier_us=2468
prefill staging: layer=29 ne0=10 ne1=1 ne2=1 op=35 unique=10 runs=10 bytes=22.2 MiB barrier_us=2495
prefill staging: layer=29 ne0=10 ne1=1 ne2=1 op=36 unique=10 runs=10 bytes=22.2 MiB barrier_us=2505
prefill staging: layer=30 ne0=10 ne1=1 ne2=1 op=35 unique=10 runs=10 bytes=30.0 MiB barrier_us=3147
prefill staging: layer=30 ne0=10 ne1=1 ne2=1 op=36 unique=10 runs=10 bytes=30.0 MiB barrier_us=2880
prefill staging: layer=31 ne0=10 ne1=1 ne2=1 op=35 unique=10 runs=10 bytes=22.2 MiB barrier_us=2763
prefill staging: layer=31 ne0=10 ne1=1 ne2=1 op=36 unique=10 runs=10 bytes=22.2 MiB barrier_us=2477
prefill staging: layer=32 ne0=10 ne1=1 ne2=1 op=35 unique=10 runs=10 bytes=22.2 MiB barrier_us=2527
prefill staging: layer=32 ne0=10 ne1=1 ne2=1 op=36 unique=10 runs=10 bytes=22.2 MiB barrier_us=2382
prefill staging: layer=33 ne0=10 ne1=1 ne2=1 op=35 unique=10 runs=10 bytes=22.2 MiB barrier_us=2516
prefill staging: layer=33 ne0=10 ne1=1 ne2=1 op=36 unique=10 runs=10 bytes=22.2 MiB barrier_us=2348
prefill staging: layer=34 ne0=10 ne1=1 ne2=1 op=35 unique=10 runs=9 bytes=22.2 MiB barrier_us=2785
prefill staging: layer=34 ne0=10 ne1=1 ne2=1 op=36 unique=10 runs=9 bytes=22.2 MiB barrier_us=2547
prefill staging: layer=35 ne0=10 ne1=1 ne2=1 op=35 unique=10 runs=10 bytes=22.2 MiB barrier_us=2577
prefill staging: layer=35 ne0=10 ne1=1 ne2=1 op=36 unique=10 runs=10 bytes=22.2 MiB barrier_us=2551
prefill staging: layer=36 ne0=10 ne1=1 ne2=1 op=35 unique=10 runs=9 bytes=22.2 MiB barrier_us=2687
prefill staging: layer=36 ne0=10 ne1=1 ne2=1 op=36 unique=10 runs=9 bytes=22.2 MiB barrier_us=2755
prefill staging: layer=37 ne0=10 ne1=1 ne2=1 op=35 unique=10 runs=10 bytes=22.2 MiB barrier_us=3179
prefill staging: layer=37 ne0=10 ne1=1 ne2=1 op=36 unique=10 runs=10 bytes=22.2 MiB barrier_us=2520
prefill staging: layer=38 ne0=10 ne1=1 ne2=1 op=35 unique=10 runs=10 bytes=22.2 MiB barrier_us=2719
prefill staging: layer=38 ne0=10 ne1=1 ne2=1 op=36 unique=10 runs=10 bytes=22.2 MiB barrier_us=3071
prefill staging: layer=39 ne0=10 ne1=1 ne2=1 op=35 unique=10 runs=10 bytes=22.2 MiB barrier_us=2697
prefill staging: layer=39 ne0=10 ne1=1 ne2=1 op=36 unique=10 runs=10 bytes=22.2 MiB barrier_us=2632
prefill staging: layer=40 ne0=10 ne1=1 ne2=1 op=35 unique=10 runs=10 bytes=22.2 MiB barrier_us=2915
prefill staging: layer=40 ne0=10 ne1=1 ne2=1 op=36 unique=10 runs=10 bytes=22.2 MiB barrier_us=2504
prefill staging: layer=41 ne0=10 ne1=1 ne2=1 op=35 unique=10 runs=10 bytes=22.2 MiB barrier_us=3095
prefill staging: layer=41 ne0=10 ne1=1 ne2=1 op=36 unique=10 runs=10 bytes=22.2 MiB barrier_us=2836
prefill staging: layer=42 ne0=10 ne1=1 ne2=1 op=35 unique=10 runs=10 bytes=22.2 MiB barrier_us=3157
prefill staging: layer=42 ne0=10 ne1=1 ne2=1 op=36 unique=10 runs=10 bytes=22.2 MiB barrier_us=2436
prefill staging: layer=43 ne0=10 ne1=1 ne2=1 op=35 unique=10 runs=10 bytes=22.2 MiB barrier_us=2944
prefill staging: layer=43 ne0=10 ne1=1 ne2=1 op=36 unique=10 runs=10 bytes=22.2 MiB barrier_us=2455
prefill staging: layer=44 ne0=10 ne1=1 ne2=1 op=35 unique=10 runs=9 bytes=22.2 MiB barrier_us=3241
prefill staging: layer=44 ne0=10 ne1=1 ne2=1 op=36 unique=10 runs=9 bytes=22.2 MiB barrier_us=2941
prefill staging: layer=45 ne0=10 ne1=1 ne2=1 op=35 unique=10 runs=10 bytes=22.2 MiB barrier_us=2525
prefill staging: layer=45 ne0=10 ne1=1 ne2=1 op=36 unique=10 runs=10 bytes=22.2 MiB barrier_us=2527
prefill staging: layer=46 ne0=10 ne1=1 ne2=1 op=35 unique=10 runs=10 bytes=30.0 MiB barrier_us=3102
prefill staging: layer=46 ne0=10 ne1=1 ne2=1 op=36 unique=10 runs=10 bytes=30.0 MiB barrier_us=3119
prefill staging: layer=47 ne0=10 ne1=1 ne2=1 op=35 unique=10 runs=10 bytes=30.0 MiB barrier_us=4441
prefill staging: layer=47 ne0=10 ne1=1 ne2=1 op=36 unique=10 runs=10 bytes=30.0 MiB barrier_us=3305
prefill staging: layer=0 ne0=10 ne1=1 ne2=1 op=35 unique=10 runs=10 bytes=22.2 MiB barrier_us=2659
prefill staging: layer=0 ne0=10 ne1=1 ne2=1 op=36 unique=10 runs=10 bytes=22.2 MiB barrier_us=2696
prefill staging: layer=1 ne0=10 ne1=1 ne2=1 op=35 unique=10 runs=10 bytes=22.2 MiB barrier_us=3137
prefill staging: layer=1 ne0=10 ne1=1 ne2=1 op=36 unique=10 runs=10 bytes=22.2 MiB barrier_us=2354
prefill staging: layer=2 ne0=10 ne1=1 ne2=1 op=35 unique=10 runs=10 bytes=33.2 MiB barrier_us=4763
prefill staging: layer=2 ne0=10 ne1=1 ne2=1 op=36 unique=10 runs=10 bytes=33.2 MiB barrier_us=3301
prefill staging: layer=3 ne0=10 ne1=1 ne2=1 op=35 unique=10 runs=10 bytes=22.2 MiB barrier_us=3477
prefill staging: layer=3 ne0=10 ne1=1 ne2=1 op=36 unique=10 runs=10 bytes=22.2 MiB barrier_us=2328
prefill staging: layer=4 ne0=10 ne1=1 ne2=1 op=35 unique=10 runs=10 bytes=30.0 MiB barrier_us=3089
prefill staging: layer=4 ne0=10 ne1=1 ne2=1 op=36 unique=10 runs=10 bytes=30.0 MiB barrier_us=3123
prefill staging: layer=5 ne0=10 ne1=1 ne2=1 op=35 unique=10 runs=10 bytes=22.2 MiB barrier_us=2674
prefill staging: layer=5 ne0=10 ne1=1 ne2=1 op=36 unique=10 runs=10 bytes=22.2 MiB barrier_us=2626
prefill staging: layer=6 ne0=10 ne1=1 ne2=1 op=35 unique=10 runs=9 bytes=22.2 MiB barrier_us=2791
prefill staging: layer=6 ne0=10 ne1=1 ne2=1 op=36 unique=10 runs=9 bytes=22.2 MiB barrier_us=2917
prefill staging: layer=7 ne0=10 ne1=1 ne2=1 op=35 unique=10 runs=10 bytes=22.2 MiB barrier_us=2617
prefill staging: layer=7 ne0=10 ne1=1 ne2=1 op=36 unique=10 runs=10 bytes=22.2 MiB barrier_us=2615
prefill staging: layer=8 ne0=10 ne1=1 ne2=1 op=35 unique=10 runs=10 bytes=22.2 MiB barrier_us=3287
prefill staging: layer=8 ne0=10 ne1=1 ne2=1 op=36 unique=10 runs=10 bytes=22.2 MiB barrier_us=2243
prefill staging: layer=9 ne0=10 ne1=1 ne2=1 op=35 unique=10 runs=10 bytes=22.2 MiB barrier_us=2492
prefill staging: layer=9 ne0=10 ne1=1 ne2=1 op=36 unique=10 runs=10 bytes=22.2 MiB barrier_us=2544
prefill staging: layer=10 ne0=10 ne1=1 ne2=1 op=35 unique=10 runs=10 bytes=22.2 MiB barrier_us=3017
prefill staging: layer=10 ne0=10 ne1=1 ne2=1 op=36 unique=10 runs=10 bytes=22.2 MiB barrier_us=2696
prefill staging: layer=11 ne0=10 ne1=1 ne2=1 op=35 unique=10 runs=10 bytes=22.2 MiB barrier_us=2886
prefill staging: layer=11 ne0=10 ne1=1 ne2=1 op=36 unique=10 runs=10 bytes=22.2 MiB barrier_us=2409
prefill staging: layer=12 ne0=10 ne1=1 ne2=1 op=35 unique=10 runs=10 bytes=22.2 MiB barrier_us=3194
prefill staging: layer=12 ne0=10 ne1=1 ne2=1 op=36 unique=10 runs=10 bytes=22.2 MiB barrier_us=2489
prefill staging: layer=13 ne0=10 ne1=1 ne2=1 op=35 unique=10 runs=10 bytes=22.2 MiB barrier_us=2671
prefill staging: layer=13 ne0=10 ne1=1 ne2=1 op=36 unique=10 runs=10 bytes=22.2 MiB barrier_us=2585
prefill staging: layer=14 ne0=10 ne1=1 ne2=1 op=35 unique=10 runs=10 bytes=22.2 MiB barrier_us=2630
prefill staging: layer=14 ne0=10 ne1=1 ne2=1 op=36 unique=10 runs=10 bytes=22.2 MiB barrier_us=2504
prefill staging: layer=15 ne0=10 ne1=1 ne2=1 op=35 unique=10 runs=10 bytes=22.2 MiB barrier_us=3147
prefill staging: layer=15 ne0=10 ne1=1 ne2=1 op=36 unique=10 runs=10 bytes=22.2 MiB barrier_us=2526
prefill staging: layer=16 ne0=10 ne1=1 ne2=1 op=35 unique=10 runs=10 bytes=22.2 MiB barrier_us=2498
prefill staging: layer=16 ne0=10 ne1=1 ne2=1 op=36 unique=10 runs=10 bytes=22.2 MiB barrier_us=2475
prefill staging: layer=17 ne0=10 ne1=1 ne2=1 op=35 unique=10 runs=10 bytes=22.2 MiB barrier_us=2665
prefill staging: layer=17 ne0=10 ne1=1 ne2=1 op=36 unique=10 runs=10 bytes=22.2 MiB barrier_us=2379
prefill staging: layer=18 ne0=10 ne1=1 ne2=1 op=35 unique=10 runs=9 bytes=22.2 MiB barrier_us=2731
prefill staging: layer=18 ne0=10 ne1=1 ne2=1 op=36 unique=10 runs=9 bytes=22.2 MiB barrier_us=2552
prefill staging: layer=19 ne0=10 ne1=1 ne2=1 op=35 unique=10 runs=10 bytes=22.2 MiB barrier_us=3143
prefill staging: layer=19 ne0=10 ne1=1 ne2=1 op=36 unique=10 runs=10 bytes=22.2 MiB barrier_us=2626
prefill staging: layer=20 ne0=10 ne1=1 ne2=1 op=35 unique=10 runs=10 bytes=22.2 MiB barrier_us=2933
prefill staging: layer=20 ne0=10 ne1=1 ne2=1 op=36 unique=10 runs=10 bytes=22.2 MiB barrier_us=2514
prefill staging: layer=21 ne0=10 ne1=1 ne2=1 op=35 unique=10 runs=10 bytes=22.2 MiB barrier_us=3491
prefill staging: layer=21 ne0=10 ne1=1 ne2=1 op=36 unique=10 runs=10 bytes=22.2 MiB barrier_us=2409
prefill staging: layer=22 ne0=10 ne1=1 ne2=1 op=35 unique=10 runs=10 bytes=22.2 MiB barrier_us=2743
prefill staging: layer=22 ne0=10 ne1=1 ne2=1 op=36 unique=10 runs=10 bytes=22.2 MiB barrier_us=2625
prefill staging: layer=23 ne0=10 ne1=1 ne2=1 op=35 unique=10 runs=10 bytes=22.2 MiB barrier_us=2708
prefill staging: layer=23 ne0=10 ne1=1 ne2=1 op=36 unique=10 runs=10 bytes=22.2 MiB barrier_us=2270
prefill staging: layer=24 ne0=10 ne1=1 ne2=1 op=35 unique=10 runs=10 bytes=22.2 MiB barrier_us=3176
prefill staging: layer=24 ne0=10 ne1=1 ne2=1 op=36 unique=10 runs=10 bytes=22.2 MiB barrier_us=2537
prefill staging: layer=25 ne0=10 ne1=1 ne2=1 op=35 unique=10 runs=10 bytes=22.2 MiB barrier_us=2950
prefill staging: layer=25 ne0=10 ne1=1 ne2=1 op=36 unique=10 runs=10 bytes=22.2 MiB barrier_us=2723
prefill staging: layer=26 ne0=10 ne1=1 ne2=1 op=35 unique=10 runs=10 bytes=22.2 MiB barrier_us=2383
prefill staging: layer=26 ne0=10 ne1=1 ne2=1 op=36 unique=10 runs=10 bytes=22.2 MiB barrier_us=2383
prefill staging: layer=27 ne0=10 ne1=1 ne2=1 op=35 unique=10 runs=9 bytes=22.2 MiB barrier_us=2607
prefill staging: layer=27 ne0=10 ne1=1 ne2=1 op=36 unique=10 runs=9 bytes=22.2 MiB barrier_us=2335
prefill staging: layer=28 ne0=10 ne1=1 ne2=1 op=35 unique=10 runs=10 bytes=22.2 MiB barrier_us=2636
prefill staging: layer=28 ne0=10 ne1=1 ne2=1 op=36 unique=10 runs=10 bytes=22.2 MiB barrier_us=2301
prefill staging: layer=29 ne0=10 ne1=1 ne2=1 op=35 unique=10 runs=10 bytes=22.2 MiB barrier_us=2375
prefill staging: layer=29 ne0=10 ne1=1 ne2=1 op=36 unique=10 runs=10 bytes=22.2 MiB barrier_us=2463
prefill staging: layer=30 ne0=10 ne1=1 ne2=1 op=35 unique=10 runs=10 bytes=30.0 MiB barrier_us=3123
prefill staging: layer=30 ne0=10 ne1=1 ne2=1 op=36 unique=10 runs=10 bytes=30.0 MiB barrier_us=3123
prefill staging: layer=31 ne0=10 ne1=1 ne2=1 op=35 unique=10 runs=10 bytes=22.2 MiB barrier_us=2749
prefill staging: layer=31 ne0=10 ne1=1 ne2=1 op=36 unique=10 runs=10 bytes=22.2 MiB barrier_us=2447
prefill staging: layer=32 ne0=10 ne1=1 ne2=1 op=35 unique=10 runs=10 bytes=22.2 MiB barrier_us=2508
prefill staging: layer=32 ne0=10 ne1=1 ne2=1 op=36 unique=10 runs=10 bytes=22.2 MiB barrier_us=2534
prefill staging: layer=33 ne0=10 ne1=1 ne2=1 op=35 unique=10 runs=10 bytes=22.2 MiB barrier_us=2774
prefill staging: layer=33 ne0=10 ne1=1 ne2=1 op=36 unique=10 runs=10 bytes=22.2 MiB barrier_us=2411
prefill staging: layer=34 ne0=10 ne1=1 ne2=1 op=35 unique=10 runs=9 bytes=22.2 MiB barrier_us=2651
prefill staging: layer=34 ne0=10 ne1=1 ne2=1 op=36 unique=10 runs=9 bytes=22.2 MiB barrier_us=2391
prefill staging: layer=35 ne0=10 ne1=1 ne2=1 op=35 unique=10 runs=10 bytes=22.2 MiB barrier_us=2775
prefill staging: layer=35 ne0=10 ne1=1 ne2=1 op=36 unique=10 runs=10 bytes=22.2 MiB barrier_us=2777
prefill staging: layer=36 ne0=10 ne1=1 ne2=1 op=35 unique=10 runs=9 bytes=22.2 MiB barrier_us=3194
prefill staging: layer=36 ne0=10 ne1=1 ne2=1 op=36 unique=10 runs=9 bytes=22.2 MiB barrier_us=2476
prefill staging: layer=37 ne0=10 ne1=1 ne2=1 op=35 unique=10 runs=9 bytes=22.2 MiB barrier_us=2702
prefill staging: layer=37 ne0=10 ne1=1 ne2=1 op=36 unique=10 runs=9 bytes=22.2 MiB barrier_us=2371
prefill staging: layer=38 ne0=10 ne1=1 ne2=1 op=35 unique=10 runs=10 bytes=22.2 MiB barrier_us=2572
prefill staging: layer=38 ne0=10 ne1=1 ne2=1 op=36 unique=10 runs=10 bytes=22.2 MiB barrier_us=2544
prefill staging: layer=39 ne0=10 ne1=1 ne2=1 op=35 unique=10 runs=9 bytes=22.2 MiB barrier_us=2605
prefill staging: layer=39 ne0=10 ne1=1 ne2=1 op=36 unique=10 runs=9 bytes=22.2 MiB barrier_us=2555
prefill staging: layer=40 ne0=10 ne1=1 ne2=1 op=35 unique=10 runs=10 bytes=22.2 MiB barrier_us=2883
prefill staging: layer=40 ne0=10 ne1=1 ne2=1 op=36 unique=10 runs=10 bytes=22.2 MiB barrier_us=2446
prefill staging: layer=41 ne0=10 ne1=1 ne2=1 op=35 unique=10 runs=10 bytes=22.2 MiB barrier_us=2779
prefill staging: layer=41 ne0=10 ne1=1 ne2=1 op=36 unique=10 runs=10 bytes=22.2 MiB barrier_us=2547
prefill staging: layer=42 ne0=10 ne1=1 ne2=1 op=35 unique=10 runs=10 bytes=22.2 MiB barrier_us=2531
prefill staging: layer=42 ne0=10 ne1=1 ne2=1 op=36 unique=10 runs=10 bytes=22.2 MiB barrier_us=2514
prefill staging: layer=43 ne0=10 ne1=1 ne2=1 op=35 unique=10 runs=10 bytes=22.2 MiB barrier_us=2828
prefill staging: layer=43 ne0=10 ne1=1 ne2=1 op=36 unique=10 runs=10 bytes=22.2 MiB barrier_us=2621
prefill staging: layer=44 ne0=10 ne1=1 ne2=1 op=35 unique=10 runs=10 bytes=22.2 MiB barrier_us=2696
prefill staging: layer=44 ne0=10 ne1=1 ne2=1 op=36 unique=10 runs=10 bytes=22.2 MiB barrier_us=2463
prefill staging: layer=45 ne0=10 ne1=1 ne2=1 op=35 unique=10 runs=10 bytes=22.2 MiB barrier_us=2584
prefill staging: layer=45 ne0=10 ne1=1 ne2=1 op=36 unique=10 runs=10 bytes=22.2 MiB barrier_us=2534
prefill staging: layer=46 ne0=10 ne1=1 ne2=1 op=35 unique=10 runs=10 bytes=30.0 MiB barrier_us=3372
prefill staging: layer=46 ne0=10 ne1=1 ne2=1 op=36 unique=10 runs=10 bytes=30.0 MiB barrier_us=2968
prefill staging: layer=47 ne0=10 ne1=1 ne2=1 op=35 unique=10 runs=10 bytes=30.0 MiB barrier_us=4543
prefill staging: layer=47 ne0=10 ne1=1 ne2=1 op=36 unique=10 runs=10 bytes=30.0 MiB barrier_us=2951
PREFILL_COLD_ONLY prompt=2048 n_batch=2048 n_ubatch=2048 prefill_ms=10320.978 tok_s=198.431
~llama_context:      CUDA0 compute buffer size is 2040.0000 MiB, matches expectation of 2040.0000 MiB
~llama_context:  CUDA_Host compute buffer size is  58.2539 MiB, matches expectation of  58.2539 MiB
