evidence,source_trace,chunk_size,chunk_index,layer,tokens_observed,routed_assignments,unique_experts,mean_tokens_per_active_expert,p50_tokens_per_active_expert,p95_tokens_per_active_expert,max_tokens_per_active_expert,experts_with_1,experts_with_2_3,experts_with_4_7,experts_with_8_15,experts_with_16_31,experts_with_32_63,experts_with_64_plus
Measured,prefill-1024.sstrace,16,0,0,16,160,118,1.3559322033898304,1.0,3.0,5,89,25,4,0,0,0,0
Measured,prefill-1024.sstrace,16,1,0,16,160,119,1.3445378151260505,1.0,3.0,4,88,29,2,0,0,0,0
Measured,prefill-1024.sstrace,16,2,0,16,160,104,1.5384615384615385,1.0,3.0,8,67,32,4,1,0,0,0
Measured,prefill-1024.sstrace,16,3,0,16,160,119,1.3445378151260505,1.0,2.0999999999999943,5,89,26,4,0,0,0,0
Measured,prefill-1024.sstrace,16,4,0,16,160,119,1.3445378151260505,1.0,2.0999999999999943,8,91,25,2,1,0,0,0
Measured,prefill-1024.sstrace,16,5,0,16,160,108,1.4814814814814814,1.0,3.0,6,74,32,2,0,0,0,0
Measured,prefill-1024.sstrace,16,6,0,16,160,130,1.2307692307692308,1.0,2.0,6,109,19,2,0,0,0,0
Measured,prefill-1024.sstrace,16,7,0,16,160,110,1.4545454545454546,1.0,3.0,6,74,32,4,0,0,0,0
Measured,prefill-1024.sstrace,16,8,0,16,160,121,1.322314049586777,1.0,3.0,4,92,27,2,0,0,0,0
Measured,prefill-1024.sstrace,16,9,0,16,160,103,1.5533980582524272,1.0,3.0,8,66,32,4,1,0,0,0
Measured,prefill-1024.sstrace,16,10,0,16,160,118,1.3559322033898304,1.0,3.0,4,86,29,3,0,0,0,0
Measured,prefill-1024.sstrace,16,11,0,16,160,119,1.3445378151260505,1.0,2.0999999999999943,8,89,29,0,1,0,0,0
Measured,prefill-1024.sstrace,16,12,0,16,160,109,1.4678899082568808,1.0,3.0,5,73,34,2,0,0,0,0
Measured,prefill-1024.sstrace,16,13,0,16,160,128,1.25,1.0,2.0,5,104,23,1,0,0,0,0
Measured,prefill-1024.sstrace,16,14,0,16,160,110,1.4545454545454546,1.0,3.0,6,73,34,3,0,0,0,0
Measured,prefill-1024.sstrace,16,15,0,16,160,119,1.3445378151260505,1.0,3.0,4,88,29,2,0,0,0,0
Measured,prefill-1024.sstrace,16,16,0,16,160,103,1.5533980582524272,1.0,3.0,8,64,35,3,1,0,0,0
Measured,prefill-1024.sstrace,16,17,0,16,160,118,1.3559322033898304,1.0,3.0,4,88,26,4,0,0,0,0
Measured,prefill-1024.sstrace,16,18,0,16,160,117,1.3675213675213675,1.0,3.0,8,86,30,0,1,0,0,0
Measured,prefill-1024.sstrace,16,19,0,16,160,107,1.4953271028037383,1.0,3.0,5,70,34,3,0,0,0,0
Measured,prefill-1024.sstrace,16,20,0,16,160,125,1.28,1.0,2.799999999999997,5,99,25,1,0,0,0,0
Measured,prefill-1024.sstrace,16,21,0,16,160,107,1.4953271028037383,1.0,3.0,6,68,36,3,0,0,0,0
Measured,prefill-1024.sstrace,16,22,0,16,160,118,1.3559322033898304,1.0,3.0,4,87,28,3,0,0,0,0
Measured,prefill-1024.sstrace,16,23,0,16,160,103,1.5533980582524272,1.0,3.0,8,64,35,3,1,0,0,0
Measured,prefill-1024.sstrace,16,24,0,16,160,121,1.322314049586777,1.0,3.0,4,92,26,3,0,0,0,0
Measured,prefill-1024.sstrace,16,25,0,16,160,117,1.3675213675213675,1.0,3.0,7,85,31,1,0,0,0,0
Measured,prefill-1024.sstrace,16,26,0,16,160,110,1.4545454545454546,1.0,3.0,4,73,35,2,0,0,0,0
Measured,prefill-1024.sstrace,16,27,0,16,160,127,1.2598425196850394,1.0,2.0,4,101,25,1,0,0,0,0
Measured,prefill-1024.sstrace,16,28,0,16,160,110,1.4545454545454546,1.0,3.0,5,72,35,3,0,0,0,0
Measured,prefill-1024.sstrace,16,29,0,16,160,120,1.3333333333333333,1.0,3.0,4,90,28,2,0,0,0,0
Measured,prefill-1024.sstrace,16,30,0,16,160,103,1.5533980582524272,1.0,3.0,8,64,35,3,1,0,0,0
Measured,prefill-1024.sstrace,16,31,0,16,160,120,1.3333333333333333,1.0,3.0,4,91,25,4,0,0,0,0
Measured,prefill-1024.sstrace,16,32,0,16,160,118,1.3559322033898304,1.0,3.0,7,87,30,1,0,0,0,0
Measured,prefill-1024.sstrace,16,33,0,16,160,110,1.4545454545454546,1.0,3.0,4,72,36,2,0,0,0,0
Measured,prefill-1024.sstrace,16,34,0,16,160,125,1.28,1.0,2.799999999999997,4,98,26,1,0,0,0,0
Measured,prefill-1024.sstrace,16,35,0,16,160,109,1.4678899082568808,1.0,3.0,5,70,36,3,0,0,0,0
Measured,prefill-1024.sstrace,16,36,0,16,160,118,1.3559322033898304,1.0,3.0,4,86,30,2,0,0,0,0
Measured,prefill-1024.sstrace,16,37,0,16,160,103,1.5533980582524272,1.0,3.0,7,62,38,3,0,0,0,0
Measured,prefill-1024.sstrace,16,38,0,16,160,120,1.3333333333333333,1.0,3.0,4,90,27,3,0,0,0,0
Measured,prefill-1024.sstrace,16,39,0,16,160,117,1.3675213675213675,1.0,3.0,6,84,32,1,0,0,0,0
Measured,prefill-1024.sstrace,16,40,0,16,160,110,1.4545454545454546,1.0,3.0,4,72,36,2,0,0,0,0
Measured,prefill-1024.sstrace,16,41,0,16,160,123,1.3008130081300813,1.0,3.0,4,96,26,1,0,0,0,0
Measured,prefill-1024.sstrace,16,42,0,16,160,110,1.4545454545454546,1.0,3.0,5,71,36,3,0,0,0,0
Measured,prefill-1024.sstrace,16,43,0,16,160,117,1.3675213675213675,1.0,3.0,4,86,29,2,0,0,0,0
Measured,prefill-1024.sstrace,16,44,0,16,160,104,1.5384615384615385,1.0,3.0,6,63,38,3,0,0,0,0
Measured,prefill-1024.sstrace,16,45,0,16,160,120,1.3333333333333333,1.0,3.0,4,91,26,3,0,0,0,0
Measured,prefill-1024.sstrace,16,46,0,16,160,117,1.3675213675213675,1.0,3.0,6,84,32,1,0,0,0,0
Measured,prefill-1024.sstrace,16,47,0,16,160,110,1.4545454545454546,1.0,3.0,4,72,36,2,0,0,0,0
Measured,prefill-1024.sstrace,16,48,0,16,160,123,1.3008130081300813,1.0,3.0,4,96,26,1,0,0,0,0
Measured,prefill-1024.sstrace,16,49,0,16,160,110,1.4545454545454546,1.0,3.0,5,71,36,3,0,0,0,0
Measured,prefill-1024.sstrace,16,50,0,16,160,116,1.3793103448275863,1.0,3.0,4,84,30,2,0,0,0,0
Measured,prefill-1024.sstrace,16,51,0,16,160,103,1.5533980582524272,1.0,3.0,7,62,38,3,0,0,0,0
Measured,prefill-1024.sstrace,16,52,0,16,160,119,1.3445378151260505,1.0,3.0,4,90,26,3,0,0,0,0
Measured,prefill-1024.sstrace,16,53,0,16,160,118,1.3559322033898304,1.0,3.0,5,85,32,1,0,0,0,0
Measured,prefill-1024.sstrace,16,54,0,16,160,109,1.4678899082568808,1.0,3.0,4,70,37,2,0,0,0,0
Measured,prefill-1024.sstrace,16,55,0,16,160,123,1.3008130081300813,1.0,3.0,3,95,28,0,0,0,0,0
Measured,prefill-1024.sstrace,16,56,0,16,160,110,1.4545454545454546,1.0,3.0,4,70,37,3,0,0,0,0
Measured,prefill-1024.sstrace,16,57,0,16,160,116,1.3793103448275863,1.0,3.0,4,84,30,2,0,0,0,0
Measured,prefill-1024.sstrace,16,58,0,16,160,104,1.5384615384615385,1.0,3.0,6,63,38,3,0,0,0,0
Measured,prefill-1024.sstrace,16,59,0,16,160,119,1.3445378151260505,1.0,3.0,4,90,26,3,0,0,0,0
Measured,prefill-1024.sstrace,16,60,0,16,160,118,1.3559322033898304,1.0,3.0,5,85,32,1,0,0,0,0
Measured,prefill-1024.sstrace,16,61,0,16,160,109,1.4678899082568808,1.0,3.0,4,70,38,1,0,0,0,0
Measured,prefill-1024.sstrace,16,62,0,16,160,123,1.3008130081300813,1.0,3.0,3,95,28,0,0,0,0,0
Measured,prefill-1024.sstrace,16,63,0,16,160,110,1.4545454545454546,1.0,3.0,4,70,38,2,0,0,0,0
Measured,prefill-1024.sstrace,16,0,1,16,160,89,1.797752808988764,1.0,4.0,13,53,28,7,1,0,0,0
Measured,prefill-1024.sstrace,16,1,1,16,160,86,1.8604651162790697,1.0,5.0,10,53,24,7,2,0,0,0
Measured,prefill-1024.sstrace,16,2,1,16,160,90,1.7777777777777777,1.0,4.549999999999997,6,48,35,7,0,0,0,0
Measured,prefill-1024.sstrace,16,3,1,16,160,83,1.927710843373494,1.0,4.8999999999999915,9,48,27,6,2,0,0,0
Measured,prefill-1024.sstrace,16,4,1,16,160,104,1.5384615384615385,1.0,3.0,5,69,30,5,0,0,0,0
Measured,prefill-1024.sstrace,16,5,1,16,160,84,1.9047619047619047,1.0,4.0,9,50,26,7,1,0,0,0
Measured,prefill-1024.sstrace,16,6,1,16,160,109,1.4678899082568808,1.0,3.0,6,76,30,3,0,0,0,0
Measured,prefill-1024.sstrace,16,7,1,16,160,98,1.6326530612244898,1.0,3.1499999999999915,7,61,32,5,0,0,0,0
Measured,prefill-1024.sstrace,16,8,1,16,160,94,1.702127659574468,1.0,4.0,8,63,25,5,1,0,0,0
Measured,prefill-1024.sstrace,16,9,1,16,160,101,1.5841584158415842,1.0,3.0,6,63,33,5,0,0,0,0
Measured,prefill-1024.sstrace,16,10,1,16,160,91,1.7582417582417582,1.0,4.0,8,59,24,7,1,0,0,0
Measured,prefill-1024.sstrace,16,11,1,16,160,106,1.509433962264151,1.0,3.75,5,71,29,6,0,0,0,0
Measured,prefill-1024.sstrace,16,12,1,16,160,89,1.797752808988764,1.0,4.599999999999994,8,54,28,6,1,0,0,0
Measured,prefill-1024.sstrace,16,13,1,16,160,113,1.415929203539823,1.0,3.0,4,81,27,5,0,0,0,0
Measured,prefill-1024.sstrace,16,14,1,16,160,101,1.5841584158415842,1.0,3.0,6,61,36,4,0,0,0,0
Measured,prefill-1024.sstrace,16,15,1,16,160,99,1.6161616161616161,1.0,3.0999999999999943,7,68,26,5,0,0,0,0
Measured,prefill-1024.sstrace,16,16,1,16,160,101,1.5841584158415842,1.0,3.0,6,60,36,5,0,0,0,0
Measured,prefill-1024.sstrace,16,17,1,16,160,95,1.6842105263157894,1.0,3.299999999999997,8,62,28,4,1,0,0,0
Measured,prefill-1024.sstrace,16,18,1,16,160,109,1.4678899082568808,1.0,3.0,5,74,31,4,0,0,0,0
Measured,prefill-1024.sstrace,16,19,1,16,160,88,1.8181818181818181,1.0,4.6499999999999915,8,53,28,5,2,0,0,0
Measured,prefill-1024.sstrace,16,20,1,16,160,114,1.4035087719298245,1.0,3.0,4,80,31,3,0,0,0,0
Measured,prefill-1024.sstrace,16,21,1,16,160,100,1.6,1.0,3.049999999999997,6,60,35,5,0,0,0,0
Measured,prefill-1024.sstrace,16,22,1,16,160,95,1.6842105263157894,1.0,4.0,9,64,25,4,2,0,0,0
Measured,prefill-1024.sstrace,16,23,1,16,160,102,1.5686274509803921,1.0,3.0,6,61,36,5,0,0,0,0
Measured,prefill-1024.sstrace,16,24,1,16,160,93,1.7204301075268817,1.0,3.3999999999999915,8,59,29,3,2,0,0,0
Measured,prefill-1024.sstrace,16,25,1,16,160,110,1.4545454545454546,1.0,3.0,5,75,32,3,0,0,0,0
Measured,prefill-1024.sstrace,16,26,1,16,160,88,1.8181818181818181,1.0,4.6499999999999915,8,51,31,5,1,0,0,0
Measured,prefill-1024.sstrace,16,27,1,16,160,112,1.4285714285714286,1.0,3.0,5,76,34,2,0,0,0,0
Measured,prefill-1024.sstrace,16,28,1,16,160,103,1.5533980582524272,1.0,3.0,6,64,35,4,0,0,0,0
Measured,prefill-1024.sstrace,16,29,1,16,160,94,1.702127659574468,1.0,3.3499999999999943,9,60,29,3,2,0,0,0
Measured,prefill-1024.sstrace,16,30,1,16,160,102,1.5686274509803921,1.0,3.0,6,60,38,4,0,0,0,0
Measured,prefill-1024.sstrace,16,31,1,16,160,95,1.6842105263157894,1.0,4.0,9,61,28,5,1,0,0,0
Measured,prefill-1024.sstrace,16,32,1,16,160,109,1.4678899082568808,1.0,3.0,5,72,34,3,0,0,0,0
Measured,prefill-1024.sstrace,16,33,1,16,160,90,1.7777777777777777,1.0,4.549999999999997,8,55,27,7,1,0,0,0
Measured,prefill-1024.sstrace,16,34,1,16,160,112,1.4285714285714286,1.0,3.0,5,76,34,2,0,0,0,0
Measured,prefill-1024.sstrace,16,35,1,16,160,104,1.5384615384615385,1.0,3.8499999999999943,5,66,32,6,0,0,0,0
Measured,prefill-1024.sstrace,16,36,1,16,160,95,1.6842105263157894,1.0,4.0,9,61,28,5,1,0,0,0
Measured,prefill-1024.sstrace,16,37,1,16,160,102,1.5686274509803921,1.0,3.0,6,61,36,5,0,0,0,0
Measured,prefill-1024.sstrace,16,38,1,16,160,97,1.6494845360824741,1.0,4.0,9,65,26,5,1,0,0,0
Measured,prefill-1024.sstrace,16,39,1,16,160,111,1.4414414414414414,1.0,3.0,5,77,30,4,0,0,0,0
Measured,prefill-1024.sstrace,16,40,1,16,160,91,1.7582417582417582,1.0,4.5,8,57,26,7,1,0,0,0
Measured,prefill-1024.sstrace,16,41,1,16,160,113,1.415929203539823,1.0,3.0,5,78,33,2,0,0,0,0
Measured,prefill-1024.sstrace,16,42,1,16,160,104,1.5384615384615385,1.0,3.8499999999999943,5,67,31,6,0,0,0,0
Measured,prefill-1024.sstrace,16,43,1,16,160,95,1.6842105263157894,1.0,4.0,9,61,28,5,1,0,0,0
Measured,prefill-1024.sstrace,16,44,1,16,160,104,1.5384615384615385,1.0,3.0,6,64,35,5,0,0,0,0
Measured,prefill-1024.sstrace,16,45,1,16,160,96,1.6666666666666667,1.0,4.0,9,63,27,5,1,0,0,0
Measured,prefill-1024.sstrace,16,46,1,16,160,110,1.4545454545454546,1.0,3.0,5,75,31,4,0,0,0,0
Measured,prefill-1024.sstrace,16,47,1,16,160,91,1.7582417582417582,1.0,4.5,8,57,26,7,1,0,0,0
Measured,prefill-1024.sstrace,16,48,1,16,160,112,1.4285714285714286,1.0,3.0,5,77,32,3,0,0,0,0
Measured,prefill-1024.sstrace,16,49,1,16,160,103,1.5533980582524272,1.0,4.0,5,66,30,7,0,0,0,0
Measured,prefill-1024.sstrace,16,50,1,16,160,95,1.6842105263157894,1.0,4.0,9,62,27,5,1,0,0,0
Measured,prefill-1024.sstrace,16,51,1,16,160,104,1.5384615384615385,1.0,3.0,6,64,35,5,0,0,0,0
Measured,prefill-1024.sstrace,16,52,1,16,160,98,1.6326530612244898,1.0,4.0,9,66,26,5,1,0,0,0
Measured,prefill-1024.sstrace,16,53,1,16,160,111,1.4414414414414414,1.0,3.0,5,77,30,4,0,0,0,0
Measured,prefill-1024.sstrace,16,54,1,16,160,93,1.7204301075268817,1.0,4.3999999999999915,8,60,26,6,1,0,0,0
Measured,prefill-1024.sstrace,16,55,1,16,160,114,1.4035087719298245,1.0,3.0,5,81,30,3,0,0,0,0
Measured,prefill-1024.sstrace,16,56,1,16,160,104,1.5384615384615385,1.0,3.8499999999999943,5,67,31,6,0,0,0,0
Measured,prefill-1024.sstrace,16,57,1,16,160,97,1.6494845360824741,1.0,3.1999999999999886,9,65,27,4,1,0,0,0
Measured,prefill-1024.sstrace,16,58,1,16,160,105,1.5238095238095237,1.0,3.0,6,66,34,5,0,0,0,0
Measured,prefill-1024.sstrace,16,59,1,16,160,99,1.6161616161616161,1.0,3.0999999999999943,9,67,27,4,1,0,0,0
Measured,prefill-1024.sstrace,16,60,1,16,160,111,1.4414414414414414,1.0,3.0,5,77,30,4,0,0,0,0
Measured,prefill-1024.sstrace,16,61,1,16,160,94,1.702127659574468,1.0,4.349999999999994,8,62,25,6,1,0,0,0
Measured,prefill-1024.sstrace,16,62,1,16,160,114,1.4035087719298245,1.0,3.0,5,82,29,3,0,0,0,0
Measured,prefill-1024.sstrace,16,63,1,16,160,105,1.5238095238095237,1.0,3.799999999999997,5,68,31,6,0,0,0,0
Measured,prefill-1024.sstrace,16,0,2,16,160,78,2.051282051282051,1.0,6.1499999999999915,12,49,18,8,3,0,0,0
Measured,prefill-1024.sstrace,16,1,2,16,160,81,1.9753086419753085,1.0,6.0,7,49,21,11,0,0,0,0
Measured,prefill-1024.sstrace,16,2,2,16,160,80,2.0,1.0,4.049999999999997,9,41,30,6,3,0,0,0
Measured,prefill-1024.sstrace,16,3,2,16,160,72,2.2222222222222223,2.0,6.450000000000003,9,35,26,9,2,0,0,0
Measured,prefill-1024.sstrace,16,4,2,16,160,85,1.8823529411764706,1.0,4.0,8,47,32,5,1,0,0,0
Measured,prefill-1024.sstrace,16,5,2,16,160,74,2.1621621621621623,1.0,6.0,9,44,15,13,2,0,0,0
Measured,prefill-1024.sstrace,16,6,2,16,160,89,1.797752808988764,1.0,4.0,8,56,22,9,2,0,0,0
Measured,prefill-1024.sstrace,16,7,2,16,160,90,1.7777777777777777,1.0,4.0,7,57,21,12,0,0,0,0
Measured,prefill-1024.sstrace,16,8,2,16,160,82,1.951219512195122,1.0,6.0,8,51,19,11,1,0,0,0
Measured,prefill-1024.sstrace,16,9,2,16,160,88,1.8181818181818181,1.0,4.0,6,48,31,9,0,0,0,0
Measured,prefill-1024.sstrace,16,10,2,16,160,78,2.051282051282051,1.0,6.0,9,48,18,11,1,0,0,0
Measured,prefill-1024.sstrace,16,11,2,16,160,88,1.8181818181818181,1.0,5.0,7,55,25,8,0,0,0,0
Measured,prefill-1024.sstrace,16,12,2,16,160,81,1.9753086419753085,1.0,6.0,7,46,24,11,0,0,0,0
Measured,prefill-1024.sstrace,16,13,2,16,160,92,1.7391304347826086,1.0,5.450000000000003,7,64,19,9,0,0,0,0
Measured,prefill-1024.sstrace,16,14,2,16,160,90,1.7777777777777777,1.0,4.0,6,53,29,8,0,0,0,0
Measured,prefill-1024.sstrace,16,15,2,16,160,79,2.0253164556962027,1.0,6.0,8,50,15,13,1,0,0,0
Measured,prefill-1024.sstrace,16,16,2,16,160,86,1.8604651162790697,1.0,4.0,7,45,32,9,0,0,0,0
Measured,prefill-1024.sstrace,16,17,2,16,160,84,1.9047619047619047,1.0,5.849999999999994,9,53,19,11,1,0,0,0
Measured,prefill-1024.sstrace,16,18,2,16,160,86,1.8604651162790697,1.0,5.75,8,52,24,9,1,0,0,0
Measured,prefill-1024.sstrace,16,19,2,16,160,79,2.0253164556962027,2.0,5.0,8,39,29,10,1,0,0,0
Measured,prefill-1024.sstrace,16,20,2,16,160,93,1.7204301075268817,1.0,5.3999999999999915,7,64,21,8,0,0,0,0
Measured,prefill-1024.sstrace,16,21,2,16,160,93,1.7204301075268817,1.0,4.0,8,59,25,8,1,0,0,0
Measured,prefill-1024.sstrace,16,22,2,16,160,77,2.0779220779220777,1.0,6.0,8,46,18,12,1,0,0,0
Measured,prefill-1024.sstrace,16,23,2,16,160,86,1.8604651162790697,1.0,4.75,10,54,23,7,2,0,0,0
Measured,prefill-1024.sstrace,16,24,2,16,160,80,2.0,1.0,5.0,8,47,21,11,1,0,0,0
Measured,prefill-1024.sstrace,16,25,2,16,160,82,1.951219512195122,1.0,7.0,10,53,19,6,4,0,0,0
Measured,prefill-1024.sstrace,16,26,2,16,160,79,2.0253164556962027,1.0,5.0,7,43,24,12,0,0,0,0
Measured,prefill-1024.sstrace,16,27,2,16,160,93,1.7204301075268817,1.0,6.0,7,66,19,8,0,0,0,0
Measured,prefill-1024.sstrace,16,28,2,16,160,87,1.839080459770115,1.0,4.700000000000003,10,53,25,8,1,0,0,0
Measured,prefill-1024.sstrace,16,29,2,16,160,78,2.051282051282051,1.0,6.1499999999999915,8,47,18,12,1,0,0,0
Measured,prefill-1024.sstrace,16,30,2,16,160,82,1.951219512195122,1.0,5.950000000000003,11,52,20,8,2,0,0,0
Measured,prefill-1024.sstrace,16,31,2,16,160,78,2.051282051282051,1.0,5.0,8,46,19,11,2,0,0,0
Measured,prefill-1024.sstrace,16,32,2,16,160,80,2.0,1.0,7.049999999999997,10,52,18,6,4,0,0,0
Measured,prefill-1024.sstrace,16,33,2,16,160,77,2.0779220779220777,1.0,5.0,8,41,23,12,1,0,0,0
Measured,prefill-1024.sstrace,16,34,2,16,160,90,1.7777777777777777,1.0,6.0,7,63,18,9,0,0,0,0
Measured,prefill-1024.sstrace,16,35,2,16,160,84,1.9047619047619047,1.0,4.849999999999994,10,50,23,9,2,0,0,0
Measured,prefill-1024.sstrace,16,36,2,16,160,77,2.0779220779220777,1.0,6.200000000000003,8,47,17,12,1,0,0,0
Measured,prefill-1024.sstrace,16,37,2,16,160,79,2.0253164556962027,1.0,6.099999999999994,12,49,20,7,3,0,0,0
Measured,prefill-1024.sstrace,16,38,2,16,160,78,2.051282051282051,1.0,5.0,8,46,18,12,2,0,0,0
Measured,prefill-1024.sstrace,16,39,2,16,160,76,2.1052631578947367,1.0,8.0,11,51,14,6,5,0,0,0
Measured,prefill-1024.sstrace,16,40,2,16,160,76,2.1052631578947367,1.0,5.0,8,42,18,15,1,0,0,0
Measured,prefill-1024.sstrace,16,41,2,16,160,91,1.7582417582417582,1.0,6.0,8,66,16,7,2,0,0,0
Measured,prefill-1024.sstrace,16,42,2,16,160,83,1.927710843373494,1.0,5.0,10,53,18,9,3,0,0,0
Measured,prefill-1024.sstrace,16,43,2,16,160,79,2.0253164556962027,1.0,6.099999999999994,8,50,15,12,2,0,0,0
Measured,prefill-1024.sstrace,16,44,2,16,160,76,2.1052631578947367,1.0,6.25,12,47,18,8,3,0,0,0
Measured,prefill-1024.sstrace,16,45,2,16,160,77,2.0779220779220777,1.0,5.200000000000003,8,45,17,13,2,0,0,0
Measured,prefill-1024.sstrace,16,46,2,16,160,79,2.0253164556962027,1.0,7.099999999999994,11,55,13,7,4,0,0,0
Measured,prefill-1024.sstrace,16,47,2,16,160,79,2.0253164556962027,1.0,4.099999999999994,8,46,17,15,1,0,0,0
Measured,prefill-1024.sstrace,16,48,2,16,160,91,1.7582417582417582,1.0,6.0,8,64,17,8,2,0,0,0
Measured,prefill-1024.sstrace,16,49,2,16,160,86,1.8604651162790697,1.0,4.75,10,56,19,9,2,0,0,0
Measured,prefill-1024.sstrace,16,50,2,16,160,80,2.0,1.0,6.0,8,48,19,12,1,0,0,0
Measured,prefill-1024.sstrace,16,51,2,16,160,79,2.0253164556962027,1.0,6.099999999999994,12,51,16,9,3,0,0,0
Measured,prefill-1024.sstrace,16,52,2,16,160,79,2.0253164556962027,1.0,5.099999999999994,8,47,17,14,1,0,0,0
Measured,prefill-1024.sstrace,16,53,2,16,160,75,2.1333333333333333,1.0,7.299999999999997,11,51,13,7,4,0,0,0
Measured,prefill-1024.sstrace,16,54,2,16,160,79,2.0253164556962027,1.0,5.0,8,47,17,14,1,0,0,0
Measured,prefill-1024.sstrace,16,55,2,16,160,91,1.7582417582417582,1.0,6.0,8,64,17,8,2,0,0,0
Measured,prefill-1024.sstrace,16,56,2,16,160,86,1.8604651162790697,1.0,5.0,10,57,18,9,2,0,0,0
Measured,prefill-1024.sstrace,16,57,2,16,160,80,2.0,1.0,6.0,8,48,19,12,1,0,0,0
Measured,prefill-1024.sstrace,16,58,2,16,160,78,2.051282051282051,1.0,6.1499999999999915,12,49,17,9,3,0,0,0
Measured,prefill-1024.sstrace,16,59,2,16,160,80,2.0,1.0,5.0,8,48,17,14,1,0,0,0
Measured,prefill-1024.sstrace,16,60,2,16,160,76,2.1052631578947367,1.0,7.25,11,52,13,7,4,0,0,0
Measured,prefill-1024.sstrace,16,61,2,16,160,79,2.0253164556962027,1.0,5.0,8,47,17,14,1,0,0,0
Measured,prefill-1024.sstrace,16,62,2,16,160,91,1.7582417582417582,1.0,6.0,8,65,16,8,2,0,0,0
Measured,prefill-1024.sstrace,16,63,2,16,160,85,1.8823529411764706,1.0,5.0,10,55,19,9,2,0,0,0
Measured,prefill-1024.sstrace,16,0,3,16,160,70,2.2857142857142856,1.0,7.0,10,43,13,11,3,0,0,0
Measured,prefill-1024.sstrace,16,1,3,16,160,52,3.076923076923077,2.0,7.0,9,18,17,15,2,0,0,0
Measured,prefill-1024.sstrace,16,2,3,16,160,64,2.5,2.0,7.0,7,27,25,12,0,0,0,0
Measured,prefill-1024.sstrace,16,3,3,16,160,58,2.7586206896551726,2.0,7.0,9,27,13,17,1,0,0,0
Measured,prefill-1024.sstrace,16,4,3,16,160,81,1.9753086419753085,1.0,5.0,8,48,22,10,1,0,0,0
Measured,prefill-1024.sstrace,16,5,3,16,160,77,2.0779220779220777,2.0,5.0,8,36,29,11,1,0,0,0
Measured,prefill-1024.sstrace,16,6,3,16,160,86,1.8604651162790697,1.0,4.75,7,46,32,8,0,0,0,0
Measured,prefill-1024.sstrace,16,7,3,16,160,82,1.951219512195122,2.0,4.0,5,38,34,10,0,0,0,0
Measured,prefill-1024.sstrace,16,8,3,16,160,87,1.839080459770115,1.0,4.0,7,51,25,11,0,0,0,0
Measured,prefill-1024.sstrace,16,9,3,16,160,79,2.0253164556962027,1.0,6.0,8,42,27,9,1,0,0,0
Measured,prefill-1024.sstrace,16,10,3,16,160,86,1.8604651162790697,1.0,4.0,8,47,29,8,2,0,0,0
Measured,prefill-1024.sstrace,16,11,3,16,160,67,2.388059701492537,1.0,8.699999999999996,11,41,14,7,5,0,0,0
Measured,prefill-1024.sstrace,16,12,3,16,160,86,1.8604651162790697,1.0,4.75,7,49,24,13,0,0,0,0
Measured,prefill-1024.sstrace,16,13,3,16,160,75,2.1333333333333333,1.0,5.599999999999994,10,42,23,8,2,0,0,0
Measured,prefill-1024.sstrace,16,14,3,16,160,80,2.0,1.0,7.0,8,47,21,11,1,0,0,0
Measured,prefill-1024.sstrace,16,15,3,16,160,77,2.0779220779220777,1.0,6.0,7,40,25,12,0,0,0,0
Measured,prefill-1024.sstrace,16,16,3,16,160,73,2.191780821917808,1.0,7.3999999999999915,10,46,15,8,4,0,0,0
Measured,prefill-1024.sstrace,16,17,3,16,160,91,1.7582417582417582,1.0,4.0,8,52,32,5,2,0,0,0
Measured,prefill-1024.sstrace,16,18,3,16,160,68,2.3529411764705883,1.0,7.649999999999999,11,43,11,10,4,0,0,0
Measured,prefill-1024.sstrace,16,19,3,16,160,83,1.927710843373494,1.0,4.8999999999999915,7,48,22,13,0,0,0,0
Measured,prefill-1024.sstrace,16,20,3,16,160,86,1.8604651162790697,1.0,5.0,8,54,23,8,1,0,0,0
Measured,prefill-1024.sstrace,16,21,3,16,160,84,1.9047619047619047,1.0,5.849999999999994,8,53,19,10,2,0,0,0
Measured,prefill-1024.sstrace,16,22,3,16,160,88,1.8181818181818181,1.0,5.0,7,50,29,9,0,0,0,0
Measured,prefill-1024.sstrace,16,23,3,16,160,83,1.927710843373494,1.0,6.0,9,56,17,8,2,0,0,0
Measured,prefill-1024.sstrace,16,24,3,16,160,97,1.6494845360824741,1.0,4.0,8,62,28,5,2,0,0,0
Measured,prefill-1024.sstrace,16,25,3,16,160,77,2.0779220779220777,1.0,7.200000000000003,10,50,15,8,4,0,0,0
Measured,prefill-1024.sstrace,16,26,3,16,160,86,1.8604651162790697,1.0,4.75,7,49,26,11,0,0,0,0
Measured,prefill-1024.sstrace,16,27,3,16,160,93,1.7204301075268817,1.0,4.0,6,59,25,9,0,0,0,0
Measured,prefill-1024.sstrace,16,28,3,16,160,83,1.927710843373494,1.0,5.8999999999999915,8,49,24,7,3,0,0,0
Measured,prefill-1024.sstrace,16,29,3,16,160,92,1.7391304347826086,1.0,4.0,7,55,30,7,0,0,0,0
Measured,prefill-1024.sstrace,16,30,3,16,160,82,1.951219512195122,1.0,6.950000000000003,8,52,21,6,3,0,0,0
Measured,prefill-1024.sstrace,16,31,3,16,160,98,1.6326530612244898,1.0,3.1499999999999915,8,60,33,4,1,0,0,0
Measured,prefill-1024.sstrace,16,32,3,16,160,82,1.951219512195122,1.0,6.0,8,52,20,8,2,0,0,0
Measured,prefill-1024.sstrace,16,33,3,16,160,88,1.8181818181818181,1.0,5.0,7,52,27,9,0,0,0,0
Measured,prefill-1024.sstrace,16,34,3,16,160,101,1.5841584158415842,1.0,4.0,5,69,24,8,0,0,0,0
Measured,prefill-1024.sstrace,16,35,3,16,160,91,1.7582417582417582,1.0,4.5,8,59,22,9,1,0,0,0
Measured,prefill-1024.sstrace,16,36,3,16,160,99,1.6161616161616161,1.0,3.0999999999999943,7,64,30,5,0,0,0,0
Measured,prefill-1024.sstrace,16,37,3,16,160,89,1.797752808988764,1.0,5.0,8,59,19,10,1,0,0,0
Measured,prefill-1024.sstrace,16,38,3,16,160,98,1.6326530612244898,1.0,3.0,8,61,33,3,1,0,0,0
Measured,prefill-1024.sstrace,16,39,3,16,160,88,1.8181818181818181,1.0,6.0,8,59,20,8,1,0,0,0
Measured,prefill-1024.sstrace,16,40,3,16,160,91,1.7582417582417582,1.0,4.0,7,56,27,8,0,0,0,0
Measured,prefill-1024.sstrace,16,41,3,16,160,105,1.5238095238095237,1.0,4.0,5,75,23,7,0,0,0,0
Measured,prefill-1024.sstrace,16,42,3,16,160,96,1.6666666666666667,1.0,4.25,7,63,23,10,0,0,0,0
Measured,prefill-1024.sstrace,16,43,3,16,160,99,1.6161616161616161,1.0,3.0999999999999943,7,65,29,5,0,0,0,0
Measured,prefill-1024.sstrace,16,44,3,16,160,96,1.6666666666666667,1.0,5.0,7,67,18,11,0,0,0,0
Measured,prefill-1024.sstrace,16,45,3,16,160,101,1.5841584158415842,1.0,3.0,8,66,30,4,1,0,0,0
Measured,prefill-1024.sstrace,16,46,3,16,160,89,1.797752808988764,1.0,5.0,6,57,20,12,0,0,0,0
Measured,prefill-1024.sstrace,16,47,3,16,160,97,1.6494845360824741,1.0,4.0,7,64,25,8,0,0,0,0
Measured,prefill-1024.sstrace,16,48,3,16,160,108,1.4814814814814814,1.0,3.6499999999999915,4,77,25,6,0,0,0,0
Measured,prefill-1024.sstrace,16,49,3,16,160,99,1.6161616161616161,1.0,4.0,6,66,26,7,0,0,0,0
Measured,prefill-1024.sstrace,16,50,3,16,160,102,1.5686274509803921,1.0,3.0,7,66,31,5,0,0,0,0
Measured,prefill-1024.sstrace,16,51,3,16,160,95,1.6842105263157894,1.0,4.0,7,62,22,11,0,0,0,0
Measured,prefill-1024.sstrace,16,52,3,16,160,102,1.5686274509803921,1.0,3.0,8,67,30,4,1,0,0,0
Measured,prefill-1024.sstrace,16,53,3,16,160,93,1.7204301075268817,1.0,5.0,6,61,21,11,0,0,0,0
Measured,prefill-1024.sstrace,16,54,3,16,160,97,1.6494845360824741,1.0,4.0,7,65,23,9,0,0,0,0
Measured,prefill-1024.sstrace,16,55,3,16,160,113,1.415929203539823,1.0,3.0,4,85,24,4,0,0,0,0
Measured,prefill-1024.sstrace,16,56,3,16,160,100,1.6,1.0,4.0,5,67,25,8,0,0,0,0
Measured,prefill-1024.sstrace,16,57,3,16,160,102,1.5686274509803921,1.0,3.0,7,66,32,4,0,0,0,0
Measured,prefill-1024.sstrace,16,58,3,16,160,100,1.6,1.0,4.0,6,68,24,8,0,0,0,0
Measured,prefill-1024.sstrace,16,59,3,16,160,104,1.5384615384615385,1.0,3.0,8,71,29,3,1,0,0,0
Measured,prefill-1024.sstrace,16,60,3,16,160,95,1.6842105263157894,1.0,4.0,6,61,25,9,0,0,0,0
Measured,prefill-1024.sstrace,16,61,3,16,160,95,1.6842105263157894,1.0,4.0,7,60,28,7,0,0,0,0
Measured,prefill-1024.sstrace,16,62,3,16,160,111,1.4414414414414414,1.0,3.0,4,80,28,3,0,0,0,0
Measured,prefill-1024.sstrace,16,63,3,16,160,102,1.5686274509803921,1.0,3.9499999999999886,5,68,28,6,0,0,0,0
Measured,prefill-1024.sstrace,16,0,4,16,160,76,2.1052631578947367,1.0,7.0,15,49,18,6,3,0,0,0
Measured,prefill-1024.sstrace,16,1,4,16,160,59,2.711864406779661,2.0,7.0,10,24,19,14,2,0,0,0
Measured,prefill-1024.sstrace,16,2,4,16,160,72,2.2222222222222223,1.0,6.450000000000003,10,37,22,12,1,0,0,0
Measured,prefill-1024.sstrace,16,3,4,16,160,66,2.4242424242424243,2.0,5.75,9,31,18,16,1,0,0,0
Measured,prefill-1024.sstrace,16,4,4,16,160,79,2.0253164556962027,1.0,6.0,8,46,23,8,2,0,0,0
Measured,prefill-1024.sstrace,16,5,4,16,160,79,2.0253164556962027,1.0,5.0,8,45,21,12,1,0,0,0
Measured,prefill-1024.sstrace,16,6,4,16,160,91,1.7582417582417582,1.0,4.5,6,57,24,10,0,0,0,0
Measured,prefill-1024.sstrace,16,7,4,16,160,88,1.8181818181818181,1.0,4.6499999999999915,8,50,30,7,1,0,0,0
Measured,prefill-1024.sstrace,16,8,4,16,160,84,1.9047619047619047,1.0,4.849999999999994,8,49,22,12,1,0,0,0
Measured,prefill-1024.sstrace,16,9,4,16,160,80,2.0,1.0,5.0,9,47,21,10,2,0,0,0
Measured,prefill-1024.sstrace,16,10,4,16,160,86,1.8604651162790697,1.0,4.0,8,48,27,10,1,0,0,0
Measured,prefill-1024.sstrace,16,11,4,16,160,70,2.2857142857142856,1.0,7.0,11,43,16,8,3,0,0,0
Measured,prefill-1024.sstrace,16,12,4,16,160,77,2.0779220779220777,1.0,6.0,7,43,20,14,0,0,0,0
Measured,prefill-1024.sstrace,16,13,4,16,160,90,1.7777777777777777,1.0,5.549999999999997,8,66,13,10,1,0,0,0
Measured,prefill-1024.sstrace,16,14,4,16,160,84,1.9047619047619047,1.0,6.0,7,54,19,11,0,0,0,0
Measured,prefill-1024.sstrace,16,15,4,16,160,83,1.927710843373494,1.0,6.0,7,51,19,13,0,0,0,0
Measured,prefill-1024.sstrace,16,16,4,16,160,71,2.2535211267605635,1.0,7.5,9,42,18,7,4,0,0,0
Measured,prefill-1024.sstrace,16,17,4,16,160,94,1.702127659574468,1.0,4.349999999999994,7,62,24,8,0,0,0,0
Measured,prefill-1024.sstrace,16,18,4,16,160,69,2.318840579710145,1.0,7.599999999999994,11,41,15,9,4,0,0,0
Measured,prefill-1024.sstrace,16,19,4,16,160,82,1.951219512195122,1.0,5.0,6,50,18,14,0,0,0,0
Measured,prefill-1024.sstrace,16,20,4,16,160,96,1.6666666666666667,1.0,4.0,8,69,16,10,1,0,0,0
Measured,prefill-1024.sstrace,16,21,4,16,160,88,1.8181818181818181,1.0,6.0,7,60,18,10,0,0,0,0
Measured,prefill-1024.sstrace,16,22,4,16,160,88,1.8181818181818181,1.0,5.0,7,52,27,9,0,0,0,0
Measured,prefill-1024.sstrace,16,23,4,16,160,75,2.1333333333333333,1.0,7.0,10,47,17,9,2,0,0,0
Measured,prefill-1024.sstrace,16,24,4,16,160,97,1.6494845360824741,1.0,4.0,7,60,30,7,0,0,0,0
Measured,prefill-1024.sstrace,16,25,4,16,160,75,2.1333333333333333,1.0,7.0,11,46,19,9,1,0,0,0
Measured,prefill-1024.sstrace,16,26,4,16,160,83,1.927710843373494,1.0,5.0,6,48,20,15,0,0,0,0
Measured,prefill-1024.sstrace,16,27,4,16,160,97,1.6494845360824741,1.0,4.0,8,64,25,7,1,0,0,0
Measured,prefill-1024.sstrace,16,28,4,16,160,91,1.7582417582417582,1.0,5.0,7,61,21,9,0,0,0,0
Measured,prefill-1024.sstrace,16,29,4,16,160,87,1.839080459770115,1.0,4.700000000000003,7,49,30,8,0,0,0,0
Measured,prefill-1024.sstrace,16,30,4,16,160,77,2.0779220779220777,1.0,7.0,9,48,18,9,2,0,0,0
Measured,prefill-1024.sstrace,16,31,4,16,160,95,1.6842105263157894,1.0,5.0,7,57,32,6,0,0,0,0
Measured,prefill-1024.sstrace,16,32,4,16,160,77,2.0779220779220777,1.0,7.0,10,47,20,9,1,0,0,0
Measured,prefill-1024.sstrace,16,33,4,16,160,82,1.951219512195122,1.0,5.0,6,45,23,14,0,0,0,0
Measured,prefill-1024.sstrace,16,34,4,16,160,97,1.6494845360824741,1.0,4.0,7,64,25,8,0,0,0,0
Measured,prefill-1024.sstrace,16,35,4,16,160,92,1.7391304347826086,1.0,5.0,7,60,22,10,0,0,0,0
Measured,prefill-1024.sstrace,16,36,4,16,160,88,1.8181818181818181,1.0,5.0,7,51,30,7,0,0,0,0
Measured,prefill-1024.sstrace,16,37,4,16,160,80,2.0,1.0,6.049999999999997,8,50,19,9,2,0,0,0
Measured,prefill-1024.sstrace,16,38,4,16,160,94,1.702127659574468,1.0,4.349999999999994,7,56,32,6,0,0,0,0
Measured,prefill-1024.sstrace,16,39,4,16,160,78,2.051282051282051,1.0,6.1499999999999915,8,48,18,11,1,0,0,0
Measured,prefill-1024.sstrace,16,40,4,16,160,85,1.8823529411764706,1.0,4.799999999999997,6,49,25,11,0,0,0,0
Measured,prefill-1024.sstrace,16,41,4,16,160,97,1.6494845360824741,1.0,4.0,6,65,23,9,0,0,0,0
Measured,prefill-1024.sstrace,16,42,4,16,160,94,1.702127659574468,1.0,5.0,6,63,21,10,0,0,0,0
Measured,prefill-1024.sstrace,16,43,4,16,160,87,1.839080459770115,1.0,4.700000000000003,7,49,32,6,0,0,0,0
Measured,prefill-1024.sstrace,16,44,4,16,160,78,2.051282051282051,1.0,7.0,8,47,21,9,1,0,0,0
Measured,prefill-1024.sstrace,16,45,4,16,160,90,1.7777777777777777,1.0,4.549999999999997,7,52,31,7,0,0,0,0
Measured,prefill-1024.sstrace,16,46,4,16,160,76,2.1052631578947367,1.0,6.0,8,47,15,13,1,0,0,0
Measured,prefill-1024.sstrace,16,47,4,16,160,83,1.927710843373494,1.0,4.0,6,44,28,11,0,0,0,0
Measured,prefill-1024.sstrace,16,48,4,16,160,94,1.702127659574468,1.0,4.0,6,62,22,10,0,0,0,0
Measured,prefill-1024.sstrace,16,49,4,16,160,95,1.6842105263157894,1.0,4.299999999999997,6,64,21,10,0,0,0,0
Measured,prefill-1024.sstrace,16,50,4,16,160,89,1.797752808988764,1.0,4.599999999999994,7,54,26,9,0,0,0,0
Measured,prefill-1024.sstrace,16,51,4,16,160,80,2.0,1.0,5.049999999999997,8,48,20,11,1,0,0,0
Measured,prefill-1024.sstrace,16,52,4,16,160,92,1.7391304347826086,1.0,4.0,7,56,26,10,0,0,0,0
Measured,prefill-1024.sstrace,16,53,4,16,160,79,2.0253164556962027,1.0,6.0,7,48,20,11,0,0,0,0
Measured,prefill-1024.sstrace,16,54,4,16,160,85,1.8823529411764706,1.0,4.0,6,47,26,12,0,0,0,0
Measured,prefill-1024.sstrace,16,55,4,16,160,97,1.6494845360824741,1.0,4.0,5,64,23,10,0,0,0,0
Measured,prefill-1024.sstrace,16,56,4,16,160,95,1.6842105263157894,1.0,4.299999999999997,6,63,23,9,0,0,0,0
Measured,prefill-1024.sstrace,16,57,4,16,160,89,1.797752808988764,1.0,4.0,7,52,27,10,0,0,0,0
Measured,prefill-1024.sstrace,16,58,4,16,160,85,1.8823529411764706,1.0,5.0,7,54,21,10,0,0,0,0
Measured,prefill-1024.sstrace,16,59,4,16,160,94,1.702127659574468,1.0,4.0,7,60,25,9,0,0,0,0
Measured,prefill-1024.sstrace,16,60,4,16,160,86,1.8604651162790697,1.0,5.0,7,55,20,11,0,0,0,0
Measured,prefill-1024.sstrace,16,61,4,16,160,81,1.9753086419753085,1.0,5.0,6,42,29,10,0,0,0,0
Measured,prefill-1024.sstrace,16,62,4,16,160,101,1.5841584158415842,1.0,4.0,5,69,25,7,0,0,0,0
Measured,prefill-1024.sstrace,16,63,4,16,160,95,1.6842105263157894,1.0,4.0,6,62,26,7,0,0,0,0
Measured,prefill-1024.sstrace,16,0,5,16,160,87,1.839080459770115,1.0,4.700000000000003,9,53,26,6,2,0,0,0
Measured,prefill-1024.sstrace,16,1,5,16,160,72,2.2222222222222223,2.0,5.450000000000003,8,35,24,12,1,0,0,0
Measured,prefill-1024.sstrace,16,2,5,16,160,81,1.9753086419753085,1.0,5.0,8,43,28,9,1,0,0,0
Measured,prefill-1024.sstrace,16,3,5,16,160,72,2.2222222222222223,2.0,5.0,8,33,23,15,1,0,0,0
Measured,prefill-1024.sstrace,16,4,5,16,160,87,1.839080459770115,1.0,4.0,7,52,23,12,0,0,0,0
Measured,prefill-1024.sstrace,16,5,5,16,160,79,2.0253164556962027,1.0,5.0,7,41,25,13,0,0,0,0
Measured,prefill-1024.sstrace,16,6,5,16,160,90,1.7777777777777777,1.0,5.0,7,59,19,12,0,0,0,0
Measured,prefill-1024.sstrace,16,7,5,16,160,95,1.6842105263157894,1.0,3.0,6,54,37,4,0,0,0,0
Measured,prefill-1024.sstrace,16,8,5,16,160,83,1.927710843373494,1.0,5.8999999999999915,7,46,28,9,0,0,0,0
Measured,prefill-1024.sstrace,16,9,5,16,160,87,1.839080459770115,1.0,4.0,6,48,29,10,0,0,0,0
Measured,prefill-1024.sstrace,16,10,5,16,160,87,1.839080459770115,1.0,5.700000000000003,7,52,26,9,0,0,0,0
Measured,prefill-1024.sstrace,16,11,5,16,160,73,2.191780821917808,1.0,7.3999999999999915,8,38,24,7,4,0,0,0
Measured,prefill-1024.sstrace,16,12,5,16,160,78,2.051282051282051,1.0,5.0,6,42,20,16,0,0,0,0
Measured,prefill-1024.sstrace,16,13,5,16,160,80,2.0,1.0,5.0,8,43,25,11,1,0,0,0
Measured,prefill-1024.sstrace,16,14,5,16,160,84,1.9047619047619047,1.0,6.0,7,54,20,10,0,0,0,0
Measured,prefill-1024.sstrace,16,15,5,16,160,77,2.0779220779220777,1.0,5.200000000000003,9,40,25,11,1,0,0,0
Measured,prefill-1024.sstrace,16,16,5,16,160,74,2.1621621621621623,1.0,8.0,9,47,15,7,5,0,0,0
Measured,prefill-1024.sstrace,16,17,5,16,160,89,1.797752808988764,1.0,5.0,9,55,27,6,1,0,0,0
Measured,prefill-1024.sstrace,16,18,5,16,160,76,2.1052631578947367,1.0,7.25,9,47,17,8,4,0,0,0
Measured,prefill-1024.sstrace,16,19,5,16,160,81,1.9753086419753085,1.0,5.0,7,47,19,15,0,0,0,0
Measured,prefill-1024.sstrace,16,20,5,16,160,83,1.927710843373494,1.0,5.0,8,49,23,10,1,0,0,0
Measured,prefill-1024.sstrace,16,21,5,16,160,89,1.797752808988764,1.0,6.0,7,59,20,10,0,0,0,0
Measured,prefill-1024.sstrace,16,22,5,16,160,81,1.9753086419753085,1.0,5.0,9,42,31,7,1,0,0,0
Measured,prefill-1024.sstrace,16,23,5,16,160,81,1.9753086419753085,1.0,7.0,9,54,17,7,3,0,0,0
Measured,prefill-1024.sstrace,16,24,5,16,160,91,1.7582417582417582,1.0,4.5,9,56,28,6,1,0,0,0
Measured,prefill-1024.sstrace,16,25,5,16,160,82,1.951219512195122,1.0,6.0,9,55,17,7,3,0,0,0
Measured,prefill-1024.sstrace,16,26,5,16,160,82,1.951219512195122,1.0,4.950000000000003,7,49,18,15,0,0,0,0
Measured,prefill-1024.sstrace,16,27,5,16,160,87,1.839080459770115,1.0,4.700000000000003,7,53,24,10,0,0,0,0
Measured,prefill-1024.sstrace,16,28,5,16,160,91,1.7582417582417582,1.0,5.0,6,59,22,10,0,0,0,0
Measured,prefill-1024.sstrace,16,29,5,16,160,78,2.051282051282051,1.5,5.1499999999999915,9,39,28,10,1,0,0,0
Measured,prefill-1024.sstrace,16,30,5,16,160,83,1.927710843373494,1.0,6.0,10,59,13,8,3,0,0,0
Measured,prefill-1024.sstrace,16,31,5,16,160,88,1.8181818181818181,1.0,4.6499999999999915,9,52,29,6,1,0,0,0
Measured,prefill-1024.sstrace,16,32,5,16,160,82,1.951219512195122,1.0,6.0,9,54,16,9,3,0,0,0
Measured,prefill-1024.sstrace,16,33,5,16,160,81,1.9753086419753085,1.0,5.0,7,49,19,13,0,0,0,0
Measured,prefill-1024.sstrace,16,34,5,16,160,87,1.839080459770115,1.0,5.0,6,53,23,11,0,0,0,0
Measured,prefill-1024.sstrace,16,35,5,16,160,90,1.7777777777777777,1.0,5.0,6,57,22,11,0,0,0,0
Measured,prefill-1024.sstrace,16,36,5,16,160,83,1.927710843373494,1.0,5.0,8,44,32,6,1,0,0,0
Measured,prefill-1024.sstrace,16,37,5,16,160,83,1.927710843373494,1.0,6.0,8,59,10,12,2,0,0,0
Measured,prefill-1024.sstrace,16,38,5,16,160,87,1.839080459770115,1.0,4.700000000000003,8,51,28,7,1,0,0,0
Measured,prefill-1024.sstrace,16,39,5,16,160,80,2.0,1.0,6.0,8,51,15,13,1,0,0,0
Measured,prefill-1024.sstrace,16,40,5,16,160,83,1.927710843373494,1.0,5.0,6,50,19,14,0,0,0,0
Measured,prefill-1024.sstrace,16,41,5,16,160,90,1.7777777777777777,1.0,5.0,6,58,23,9,0,0,0,0
Measured,prefill-1024.sstrace,16,42,5,16,160,87,1.839080459770115,1.0,5.0,7,55,22,10,0,0,0,0
Measured,prefill-1024.sstrace,16,43,5,16,160,81,1.9753086419753085,1.0,5.0,8,45,26,9,1,0,0,0
Measured,prefill-1024.sstrace,16,44,5,16,160,79,2.0253164556962027,1.0,6.099999999999994,9,55,11,11,2,0,0,0
Measured,prefill-1024.sstrace,16,45,5,16,160,83,1.927710843373494,1.0,4.8999999999999915,8,50,23,9,1,0,0,0
Measured,prefill-1024.sstrace,16,46,5,16,160,80,2.0,1.0,6.0,8,52,14,13,1,0,0,0
Measured,prefill-1024.sstrace,16,47,5,16,160,78,2.051282051282051,1.0,5.0,6,48,14,16,0,0,0,0
Measured,prefill-1024.sstrace,16,48,5,16,160,92,1.7391304347826086,1.0,4.0,6,62,18,12,0,0,0,0
Measured,prefill-1024.sstrace,16,49,5,16,160,85,1.8823529411764706,1.0,5.0,7,53,21,11,0,0,0,0
Measured,prefill-1024.sstrace,16,50,5,16,160,85,1.8823529411764706,1.0,5.0,8,53,22,9,1,0,0,0
Measured,prefill-1024.sstrace,16,51,5,16,160,81,1.9753086419753085,1.0,6.0,8,53,13,13,2,0,0,0
Measured,prefill-1024.sstrace,16,52,5,16,160,87,1.839080459770115,1.0,4.700000000000003,8,56,22,8,1,0,0,0
Measured,prefill-1024.sstrace,16,53,5,16,160,84,1.9047619047619047,1.0,5.0,8,56,14,12,2,0,0,0
Measured,prefill-1024.sstrace,16,54,5,16,160,84,1.9047619047619047,1.0,5.0,6,54,15,15,0,0,0,0
Measured,prefill-1024.sstrace,16,55,5,16,160,90,1.7777777777777777,1.0,5.0,7,59,20,11,0,0,0,0
Measured,prefill-1024.sstrace,16,56,5,16,160,89,1.797752808988764,1.0,5.0,6,56,22,11,0,0,0,0
Measured,prefill-1024.sstrace,16,57,5,16,160,85,1.8823529411764706,1.0,5.0,8,55,18,11,1,0,0,0
Measured,prefill-1024.sstrace,16,58,5,16,160,83,1.927710843373494,1.0,5.0,9,56,12,13,2,0,0,0
Measured,prefill-1024.sstrace,16,59,5,16,160,86,1.8604651162790697,1.0,5.0,8,53,23,9,1,0,0,0
Measured,prefill-1024.sstrace,16,60,5,16,160,86,1.8604651162790697,1.0,4.75,9,56,17,12,1,0,0,0
Measured,prefill-1024.sstrace,16,61,5,16,160,75,2.1333333333333333,1.0,5.299999999999997,6,42,17,16,0,0,0,0
Measured,prefill-1024.sstrace,16,62,5,16,160,94,1.702127659574468,1.0,5.0,6,63,21,10,0,0,0,0
Measured,prefill-1024.sstrace,16,63,5,16,160,91,1.7582417582417582,1.0,4.5,6,56,27,8,0,0,0,0
Measured,prefill-1024.sstrace,16,0,6,16,160,95,1.6842105263157894,1.0,4.0,6,59,27,9,0,0,0,0
Measured,prefill-1024.sstrace,16,1,6,16,160,83,1.927710843373494,2.0,4.0,6,39,36,8,0,0,0,0
Measured,prefill-1024.sstrace,16,2,6,16,160,99,1.6161616161616161,1.0,4.0,5,63,28,8,0,0,0,0
Measured,prefill-1024.sstrace,16,3,6,16,160,80,2.0,1.5,5.049999999999997,6,40,28,12,0,0,0,0
Measured,prefill-1024.sstrace,16,4,6,16,160,99,1.6161616161616161,1.0,3.0999999999999943,5,60,34,5,0,0,0,0
Measured,prefill-1024.sstrace,16,5,6,16,160,94,1.702127659574468,1.0,4.349999999999994,6,60,25,9,0,0,0,0
Measured,prefill-1024.sstrace,16,6,6,16,160,110,1.4545454545454546,1.0,3.549999999999997,7,80,24,6,0,0,0,0
Measured,prefill-1024.sstrace,16,7,6,16,160,98,1.6326530612244898,1.0,4.0,5,62,27,9,0,0,0,0
Measured,prefill-1024.sstrace,16,8,6,16,160,91,1.7582417582417582,1.0,5.0,8,56,26,8,1,0,0,0
Measured,prefill-1024.sstrace,16,9,6,16,160,89,1.797752808988764,1.0,4.599999999999994,8,55,23,9,2,0,0,0
Measured,prefill-1024.sstrace,16,10,6,16,160,98,1.6326530612244898,1.0,4.0,8,66,24,7,1,0,0,0
Measured,prefill-1024.sstrace,16,11,6,16,160,84,1.9047619047619047,1.0,5.849999999999994,10,52,24,6,2,0,0,0
Measured,prefill-1024.sstrace,16,12,6,16,160,91,1.7582417582417582,1.0,4.0,7,55,27,9,0,0,0,0
Measured,prefill-1024.sstrace,16,13,6,16,160,86,1.8604651162790697,1.0,5.75,8,54,22,9,1,0,0,0
Measured,prefill-1024.sstrace,16,14,6,16,160,94,1.702127659574468,1.0,5.0,7,64,21,9,0,0,0,0
Measured,prefill-1024.sstrace,16,15,6,16,160,84,1.9047619047619047,1.0,4.849999999999994,7,47,23,14,0,0,0,0
Measured,prefill-1024.sstrace,16,16,6,16,160,83,1.927710843373494,1.0,7.8999999999999915,8,54,18,6,5,0,0,0
Measured,prefill-1024.sstrace,16,17,6,16,160,97,1.6494845360824741,1.0,4.0,7,65,21,11,0,0,0,0
Measured,prefill-1024.sstrace,16,18,6,16,160,80,2.0,1.0,8.0,9,51,19,5,5,0,0,0
Measured,prefill-1024.sstrace,16,19,6,16,160,89,1.797752808988764,1.0,5.0,6,60,14,15,0,0,0,0
Measured,prefill-1024.sstrace,16,20,6,16,160,89,1.797752808988764,1.0,6.0,7,57,22,10,0,0,0,0
Measured,prefill-1024.sstrace,16,21,6,16,160,94,1.702127659574468,1.0,5.349999999999994,6,68,15,11,0,0,0,0
Measured,prefill-1024.sstrace,16,22,6,16,160,88,1.8181818181818181,1.0,5.0,7,58,16,14,0,0,0,0
Measured,prefill-1024.sstrace,16,23,6,16,160,82,1.951219512195122,1.0,6.950000000000003,9,52,21,6,3,0,0,0
Measured,prefill-1024.sstrace,16,24,6,16,160,98,1.6326530612244898,1.0,4.0,7,67,20,11,0,0,0,0
Measured,prefill-1024.sstrace,16,25,6,16,160,80,2.0,1.0,7.049999999999997,9,48,23,5,4,0,0,0
Measured,prefill-1024.sstrace,16,26,6,16,160,86,1.8604651162790697,1.0,5.0,6,53,21,12,0,0,0,0
Measured,prefill-1024.sstrace,16,27,6,16,160,90,1.7777777777777777,1.0,5.0,7,57,23,10,0,0,0,0
Measured,prefill-1024.sstrace,16,28,6,16,160,91,1.7582417582417582,1.0,5.0,7,61,20,10,0,0,0,0
Measured,prefill-1024.sstrace,16,29,6,16,160,88,1.8181818181818181,1.0,4.6499999999999915,6,55,20,13,0,0,0,0
Measured,prefill-1024.sstrace,16,30,6,16,160,79,2.0253164556962027,1.0,6.199999999999989,9,47,22,6,4,0,0,0
Measured,prefill-1024.sstrace,16,31,6,16,160,90,1.7777777777777777,1.0,4.0,6,51,29,10,0,0,0,0
Measured,prefill-1024.sstrace,16,32,6,16,160,81,1.9753086419753085,1.0,7.0,9,48,25,4,4,0,0,0
Measured,prefill-1024.sstrace,16,33,6,16,160,85,1.8823529411764706,1.0,5.0,6,52,20,13,0,0,0,0
Measured,prefill-1024.sstrace,16,34,6,16,160,89,1.797752808988764,1.0,5.0,7,54,24,11,0,0,0,0
Measured,prefill-1024.sstrace,16,35,6,16,160,91,1.7582417582417582,1.0,5.5,7,59,23,9,0,0,0,0
Measured,prefill-1024.sstrace,16,36,6,16,160,87,1.839080459770115,1.0,4.0,6,52,23,12,0,0,0,0
Measured,prefill-1024.sstrace,16,37,6,16,160,84,1.9047619047619047,1.0,6.849999999999994,9,54,21,6,3,0,0,0
Measured,prefill-1024.sstrace,16,38,6,16,160,94,1.702127659574468,1.0,4.0,6,59,25,10,0,0,0,0
Measured,prefill-1024.sstrace,16,39,6,16,160,84,1.9047619047619047,1.0,6.0,9,51,25,5,3,0,0,0
Measured,prefill-1024.sstrace,16,40,6,16,160,86,1.8604651162790697,1.0,5.0,7,54,21,11,0,0,0,0
Measured,prefill-1024.sstrace,16,41,6,16,160,90,1.7777777777777777,1.0,5.0,7,55,24,11,0,0,0,0
Measured,prefill-1024.sstrace,16,42,6,16,160,91,1.7582417582417582,1.0,4.5,8,58,25,7,1,0,0,0
Measured,prefill-1024.sstrace,16,43,6,16,160,88,1.8181818181818181,1.0,4.0,6,52,25,11,0,0,0,0
Measured,prefill-1024.sstrace,16,44,6,16,160,82,1.951219512195122,1.0,6.0,9,50,24,5,3,0,0,0
Measured,prefill-1024.sstrace,16,45,6,16,160,90,1.7777777777777777,1.0,4.549999999999997,6,55,24,11,0,0,0,0
Measured,prefill-1024.sstrace,16,46,6,16,160,86,1.8604651162790697,1.0,6.0,9,51,27,6,2,0,0,0
Measured,prefill-1024.sstrace,16,47,6,16,160,83,1.927710843373494,1.0,5.0,7,49,22,12,0,0,0,0
Measured,prefill-1024.sstrace,16,48,6,16,160,91,1.7582417582417582,1.0,4.5,7,53,28,10,0,0,0,0
Measured,prefill-1024.sstrace,16,49,6,16,160,89,1.797752808988764,1.0,5.0,8,54,27,6,2,0,0,0
Measured,prefill-1024.sstrace,16,50,6,16,160,90,1.7777777777777777,1.0,4.0,6,55,23,12,0,0,0,0
Measured,prefill-1024.sstrace,16,51,6,16,160,84,1.9047619047619047,1.0,5.849999999999994,10,53,24,4,3,0,0,0
Measured,prefill-1024.sstrace,16,52,6,16,160,90,1.7777777777777777,1.0,4.0,6,55,24,11,0,0,0,0
Measured,prefill-1024.sstrace,16,53,6,16,160,88,1.8181818181818181,1.0,4.0,9,52,28,5,3,0,0,0
Measured,prefill-1024.sstrace,16,54,6,16,160,84,1.9047619047619047,1.0,5.0,7,48,24,12,0,0,0,0
Measured,prefill-1024.sstrace,16,55,6,16,160,93,1.7204301075268817,1.0,4.3999999999999915,7,55,30,8,0,0,0,0
Measured,prefill-1024.sstrace,16,56,6,16,160,89,1.797752808988764,1.0,5.0,8,52,29,7,1,0,0,0
Measured,prefill-1024.sstrace,16,57,6,16,160,89,1.797752808988764,1.0,4.0,6,51,27,11,0,0,0,0
Measured,prefill-1024.sstrace,16,58,6,16,160,85,1.8823529411764706,1.0,5.0,9,49,29,5,2,0,0,0
Measured,prefill-1024.sstrace,16,59,6,16,160,88,1.8181818181818181,1.0,4.6499999999999915,6,50,28,10,0,0,0,0
Measured,prefill-1024.sstrace,16,60,6,16,160,92,1.7391304347826086,1.0,4.450000000000003,8,56,28,7,1,0,0,0
Measured,prefill-1024.sstrace,16,61,6,16,160,85,1.8823529411764706,1.0,5.0,7,51,22,12,0,0,0,0
Measured,prefill-1024.sstrace,16,62,6,16,160,95,1.6842105263157894,1.0,4.0,6,57,30,8,0,0,0,0
Measured,prefill-1024.sstrace,16,63,6,16,160,92,1.7391304347826086,1.0,4.0,7,54,30,8,0,0,0,0
Measured,prefill-1024.sstrace,16,0,7,16,160,84,1.9047619047619047,1.0,4.0,11,47,31,4,2,0,0,0
Measured,prefill-1024.sstrace,16,1,7,16,160,83,1.927710843373494,1.0,6.0,6,51,21,11,0,0,0,0
Measured,prefill-1024.sstrace,16,2,7,16,160,87,1.839080459770115,1.0,4.700000000000003,7,47,32,8,0,0,0,0
Measured,prefill-1024.sstrace,16,3,7,16,160,80,2.0,1.0,6.0,7,47,22,11,0,0,0,0
Measured,prefill-1024.sstrace,16,4,7,16,160,102,1.5686274509803921,1.0,3.0,7,68,29,5,0,0,0,0
Measured,prefill-1024.sstrace,16,5,7,16,160,93,1.7204301075268817,1.0,4.0,6,57,28,8,0,0,0,0
Measured,prefill-1024.sstrace,16,6,7,16,160,100,1.6,1.0,4.0,7,67,26,7,0,0,0,0
Measured,prefill-1024.sstrace,16,7,7,16,160,90,1.7777777777777777,1.0,4.0,5,49,35,6,0,0,0,0
Measured,prefill-1024.sstrace,16,8,7,16,160,84,1.9047619047619047,1.0,4.849999999999994,7,45,29,10,0,0,0,0
Measured,prefill-1024.sstrace,16,9,7,16,160,75,2.1333333333333333,1.0,7.0,7,44,18,13,0,0,0,0
Measured,prefill-1024.sstrace,16,10,7,16,160,89,1.797752808988764,1.0,4.599999999999994,7,53,26,10,0,0,0,0
Measured,prefill-1024.sstrace,16,11,7,16,160,69,2.318840579710145,1.0,9.599999999999994,10,50,7,5,7,0,0,0
Measured,prefill-1024.sstrace,16,12,7,16,160,82,1.951219512195122,1.0,5.0,7,45,29,8,0,0,0,0
Measured,prefill-1024.sstrace,16,13,7,16,160,69,2.318840579710145,1.0,7.0,10,41,14,12,2,0,0,0
Measured,prefill-1024.sstrace,16,14,7,16,160,75,2.1333333333333333,1.0,7.0,9,49,14,10,2,0,0,0
Measured,prefill-1024.sstrace,16,15,7,16,160,69,2.318840579710145,1.0,6.0,8,36,18,14,1,0,0,0
Measured,prefill-1024.sstrace,16,16,7,16,160,63,2.5396825396825395,1.0,10.0,12,41,12,1,9,0,0,0
Measured,prefill-1024.sstrace,16,17,7,16,160,82,1.951219512195122,1.0,5.950000000000003,7,48,23,11,0,0,0,0
Measured,prefill-1024.sstrace,16,18,7,16,160,63,2.5396825396825395,1.0,10.0,12,43,10,1,9,0,0,0
Measured,prefill-1024.sstrace,16,19,7,16,160,78,2.051282051282051,1.0,5.1499999999999915,7,45,20,13,0,0,0,0
Measured,prefill-1024.sstrace,16,20,7,16,160,70,2.2857142857142856,1.0,7.0,11,42,15,10,3,0,0,0
Measured,prefill-1024.sstrace,16,21,7,16,160,77,2.0779220779220777,1.0,7.200000000000003,9,50,16,7,4,0,0,0
Measured,prefill-1024.sstrace,16,22,7,16,160,67,2.388059701492537,2.0,6.0,7,33,18,16,0,0,0,0
Measured,prefill-1024.sstrace,16,23,7,16,160,65,2.4615384615384617,1.0,10.0,13,45,8,5,7,0,0,0
Measured,prefill-1024.sstrace,16,24,7,16,160,83,1.927710843373494,1.0,5.0,7,48,24,11,0,0,0,0
Measured,prefill-1024.sstrace,16,25,7,16,160,65,2.4615384615384617,1.0,9.799999999999997,13,45,5,9,6,0,0,0
Measured,prefill-1024.sstrace,16,26,7,16,160,82,1.951219512195122,1.0,5.0,7,50,19,13,0,0,0,0
Measured,prefill-1024.sstrace,16,27,7,16,160,72,2.2222222222222223,1.0,6.450000000000003,10,42,17,11,2,0,0,0
Measured,prefill-1024.sstrace,16,28,7,16,160,81,1.9753086419753085,1.0,6.0,11,53,17,9,2,0,0,0
Measured,prefill-1024.sstrace,16,29,7,16,160,72,2.2222222222222223,1.0,6.0,7,40,16,16,0,0,0,0
Measured,prefill-1024.sstrace,16,30,7,16,160,63,2.5396825396825395,1.0,9.899999999999999,14,42,7,8,6,0,0,0
Measured,prefill-1024.sstrace,16,31,7,16,160,85,1.8823529411764706,1.0,5.799999999999997,7,52,23,10,0,0,0,0
Measured,prefill-1024.sstrace,16,32,7,16,160,67,2.388059701492537,1.0,8.699999999999996,13,47,5,10,5,0,0,0
Measured,prefill-1024.sstrace,16,33,7,16,160,80,2.0,1.0,6.0,7,47,21,12,0,0,0,0
Measured,prefill-1024.sstrace,16,34,7,16,160,70,2.2857142857142856,1.0,7.0,10,39,18,11,2,0,0,0
Measured,prefill-1024.sstrace,16,35,7,16,160,83,1.927710843373494,1.0,5.8999999999999915,11,51,24,6,2,0,0,0
Measured,prefill-1024.sstrace,16,36,7,16,160,70,2.2857142857142856,1.0,6.0,7,38,17,15,0,0,0,0
Measured,prefill-1024.sstrace,16,37,7,16,160,69,2.318840579710145,1.0,8.599999999999994,14,45,13,5,6,0,0,0
Measured,prefill-1024.sstrace,16,38,7,16,160,83,1.927710843373494,1.0,5.8999999999999915,7,49,23,11,0,0,0,0
Measured,prefill-1024.sstrace,16,39,7,16,160,71,2.2535211267605635,1.0,8.0,13,46,13,7,5,0,0,0
Measured,prefill-1024.sstrace,16,40,7,16,160,79,2.0253164556962027,1.0,6.0,7,47,18,14,0,0,0,0
Measured,prefill-1024.sstrace,16,41,7,16,160,79,2.0253164556962027,1.0,6.0,9,52,15,11,1,0,0,0
Measured,prefill-1024.sstrace,16,42,7,16,160,88,1.8181818181818181,1.0,5.0,9,53,28,6,1,0,0,0
Measured,prefill-1024.sstrace,16,43,7,16,160,78,2.051282051282051,1.0,6.0,7,47,17,14,0,0,0,0
Measured,prefill-1024.sstrace,16,44,7,16,160,76,2.1052631578947367,1.0,7.25,13,53,13,6,4,0,0,0
Measured,prefill-1024.sstrace,16,45,7,16,160,83,1.927710843373494,1.0,5.0,7,50,21,12,0,0,0,0
Measured,prefill-1024.sstrace,16,46,7,16,160,85,1.8823529411764706,1.0,7.799999999999997,10,63,12,5,5,0,0,0
Measured,prefill-1024.sstrace,16,47,7,16,160,80,2.0,1.0,6.0,6,48,20,12,0,0,0,0
Measured,prefill-1024.sstrace,16,48,7,16,160,83,1.927710843373494,1.0,6.0,7,54,17,12,0,0,0,0
Measured,prefill-1024.sstrace,16,49,7,16,160,91,1.7582417582417582,1.0,5.0,8,60,23,6,2,0,0,0
Measured,prefill-1024.sstrace,16,50,7,16,160,81,1.9753086419753085,1.0,5.0,7,51,16,14,0,0,0,0
Measured,prefill-1024.sstrace,16,51,7,16,160,79,2.0253164556962027,1.0,8.099999999999994,12,56,12,6,5,0,0,0
Measured,prefill-1024.sstrace,16,52,7,16,160,84,1.9047619047619047,1.0,5.0,7,50,24,10,0,0,0,0
Measured,prefill-1024.sstrace,16,53,7,16,160,83,1.927710843373494,1.0,7.799999999999983,10,58,15,5,5,0,0,0
Measured,prefill-1024.sstrace,16,54,7,16,160,83,1.927710843373494,1.0,5.0,6,52,19,12,0,0,0,0
Measured,prefill-1024.sstrace,16,55,7,16,160,86,1.8604651162790697,1.0,5.0,7,55,20,11,0,0,0,0
Measured,prefill-1024.sstrace,16,56,7,16,160,93,1.7204301075268817,1.0,4.3999999999999915,8,62,22,8,1,0,0,0
Measured,prefill-1024.sstrace,16,57,7,16,160,83,1.927710843373494,1.0,5.0,7,51,19,13,0,0,0,0
Measured,prefill-1024.sstrace,16,58,7,16,160,87,1.839080459770115,1.0,5.700000000000003,12,63,14,7,3,0,0,0
Measured,prefill-1024.sstrace,16,59,7,16,160,87,1.839080459770115,1.0,5.0,7,53,25,9,0,0,0,0
Measured,prefill-1024.sstrace,16,60,7,16,160,87,1.839080459770115,1.0,6.400000000000006,10,60,17,8,2,0,0,0
Measured,prefill-1024.sstrace,16,61,7,16,160,84,1.9047619047619047,1.0,5.0,6,52,19,13,0,0,0,0
Measured,prefill-1024.sstrace,16,62,7,16,160,91,1.7582417582417582,1.0,4.0,7,57,26,8,0,0,0,0
Measured,prefill-1024.sstrace,16,63,7,16,160,97,1.6494845360824741,1.0,4.0,7,61,29,7,0,0,0,0
Measured,prefill-1024.sstrace,16,0,8,16,160,61,2.622950819672131,2.0,7.0,12,26,18,16,1,0,0,0
Measured,prefill-1024.sstrace,16,1,8,16,160,62,2.5806451612903225,2.0,6.0,9,24,23,14,1,0,0,0
Measured,prefill-1024.sstrace,16,2,8,16,160,65,2.4615384615384617,2.0,6.799999999999997,10,27,25,10,3,0,0,0
Measured,prefill-1024.sstrace,16,3,8,16,160,61,2.622950819672131,2.0,7.0,10,22,25,11,3,0,0,0
Measured,prefill-1024.sstrace,16,4,8,16,160,73,2.191780821917808,2.0,5.3999999999999915,8,28,33,11,1,0,0,0
Measured,prefill-1024.sstrace,16,5,8,16,160,74,2.1621621621621623,1.0,6.0,8,38,24,11,1,0,0,0
Measured,prefill-1024.sstrace,16,6,8,16,160,80,2.0,2.0,5.0,6,39,31,10,0,0,0,0
Measured,prefill-1024.sstrace,16,7,8,16,160,77,2.0779220779220777,2.0,4.200000000000003,6,37,27,13,0,0,0,0
Measured,prefill-1024.sstrace,16,8,8,16,160,74,2.1621621621621623,2.0,5.0,7,33,28,13,0,0,0,0
Measured,prefill-1024.sstrace,16,9,8,16,160,72,2.2222222222222223,2.0,7.0,7,35,26,11,0,0,0,0
Measured,prefill-1024.sstrace,16,10,8,16,160,91,1.7582417582417582,1.0,5.5,9,63,20,7,1,0,0,0
Measured,prefill-1024.sstrace,16,11,8,16,160,63,2.5396825396825395,1.0,8.0,10,34,15,8,6,0,0,0
Measured,prefill-1024.sstrace,16,12,8,16,160,83,1.927710843373494,1.0,4.8999999999999915,9,45,28,9,1,0,0,0
Measured,prefill-1024.sstrace,16,13,8,16,160,75,2.1333333333333333,1.0,6.299999999999997,8,43,18,13,1,0,0,0
Measured,prefill-1024.sstrace,16,14,8,16,160,76,2.1052631578947367,1.0,6.0,7,43,21,12,0,0,0,0
Measured,prefill-1024.sstrace,16,15,8,16,160,72,2.2222222222222223,1.5,5.0,9,36,21,14,1,0,0,0
Measured,prefill-1024.sstrace,16,16,8,16,160,59,2.711864406779661,2.0,8.099999999999994,9,29,16,9,5,0,0,0
Measured,prefill-1024.sstrace,16,17,8,16,160,77,2.0779220779220777,2.0,4.0,11,37,30,9,1,0,0,0
Measured,prefill-1024.sstrace,16,18,8,16,160,58,2.7586206896551726,1.0,9.0,10,30,16,3,9,0,0,0
Measured,prefill-1024.sstrace,16,19,8,16,160,70,2.2857142857142856,2.0,5.549999999999997,10,33,24,12,1,0,0,0
Measured,prefill-1024.sstrace,16,20,8,16,160,70,2.2857142857142856,1.0,7.0,8,39,20,10,1,0,0,0
Measured,prefill-1024.sstrace,16,21,8,16,160,65,2.4615384615384617,1.0,6.799999999999997,8,33,18,11,3,0,0,0
Measured,prefill-1024.sstrace,16,22,8,16,160,69,2.318840579710145,2.0,6.0,9,28,29,11,1,0,0,0
Measured,prefill-1024.sstrace,16,23,8,16,160,54,2.962962962962963,1.0,9.0,11,29,9,9,7,0,0,0
Measured,prefill-1024.sstrace,16,24,8,16,160,77,2.0779220779220777,2.0,4.0,11,35,34,7,1,0,0,0
Measured,prefill-1024.sstrace,16,25,8,16,160,56,2.857142857142857,2.0,8.25,11,25,15,10,6,0,0,0
Measured,prefill-1024.sstrace,16,26,8,16,160,72,2.2222222222222223,2.0,5.450000000000003,10,33,30,8,1,0,0,0
Measured,prefill-1024.sstrace,16,27,8,16,160,68,2.3529411764705883,2.0,6.0,9,27,30,9,2,0,0,0
Measured,prefill-1024.sstrace,16,28,8,16,160,65,2.4615384615384617,2.0,6.799999999999997,7,27,23,15,0,0,0,0
Measured,prefill-1024.sstrace,16,29,8,16,160,70,2.2857142857142856,2.0,6.0,9,28,31,10,1,0,0,0
Measured,prefill-1024.sstrace,16,30,8,16,160,52,3.076923076923077,2.0,9.0,12,24,11,13,4,0,0,0
Measured,prefill-1024.sstrace,16,31,8,16,160,72,2.2222222222222223,2.0,4.900000000000006,11,30,32,9,1,0,0,0
Measured,prefill-1024.sstrace,16,32,8,16,160,58,2.7586206896551726,2.0,8.149999999999999,12,24,19,11,4,0,0,0
Measured,prefill-1024.sstrace,16,33,8,16,160,69,2.318840579710145,2.0,6.0,9,32,22,14,1,0,0,0
Measured,prefill-1024.sstrace,16,34,8,16,160,71,2.2535211267605635,2.0,6.0,9,31,29,9,2,0,0,0
Measured,prefill-1024.sstrace,16,35,8,16,160,67,2.388059701492537,2.0,5.699999999999996,7,28,26,13,0,0,0,0
Measured,prefill-1024.sstrace,16,36,8,16,160,70,2.2857142857142856,2.0,6.0,9,28,31,10,1,0,0,0
Measured,prefill-1024.sstrace,16,37,8,16,160,58,2.7586206896551726,2.0,8.0,12,28,16,10,4,0,0,0
Measured,prefill-1024.sstrace,16,38,8,16,160,75,2.1333333333333333,2.0,4.599999999999994,9,32,35,7,1,0,0,0
Measured,prefill-1024.sstrace,16,39,8,16,160,62,2.5806451612903225,2.0,6.0,12,24,26,9,3,0,0,0
Measured,prefill-1024.sstrace,16,40,8,16,160,70,2.2857142857142856,2.0,5.549999999999997,8,33,22,14,1,0,0,0
Measured,prefill-1024.sstrace,16,41,8,16,160,76,2.1052631578947367,1.0,5.25,9,39,27,8,2,0,0,0
Measured,prefill-1024.sstrace,16,42,8,16,160,69,2.318840579710145,2.0,5.599999999999994,8,32,25,11,1,0,0,0
Measured,prefill-1024.sstrace,16,43,8,16,160,76,2.1052631578947367,2.0,6.0,9,35,31,9,1,0,0,0
Measured,prefill-1024.sstrace,16,44,8,16,160,59,2.711864406779661,2.0,8.099999999999994,12,28,17,10,4,0,0,0
Measured,prefill-1024.sstrace,16,45,8,16,160,80,2.0,2.0,4.099999999999994,9,37,36,6,1,0,0,0
Measured,prefill-1024.sstrace,16,46,8,16,160,66,2.4242424242424243,2.0,6.75,11,31,23,9,3,0,0,0
Measured,prefill-1024.sstrace,16,47,8,16,160,75,2.1333333333333333,1.0,5.299999999999997,8,38,23,13,1,0,0,0
Measured,prefill-1024.sstrace,16,48,8,16,160,76,2.1052631578947367,2.0,5.0,8,35,31,8,2,0,0,0
Measured,prefill-1024.sstrace,16,49,8,16,160,76,2.1052631578947367,1.0,5.0,8,39,22,14,1,0,0,0
Measured,prefill-1024.sstrace,16,50,8,16,160,78,2.051282051282051,2.0,6.0,8,35,37,5,1,0,0,0
Measured,prefill-1024.sstrace,16,51,8,16,160,64,2.5,1.0,6.0,11,33,14,15,2,0,0,0
Measured,prefill-1024.sstrace,16,52,8,16,160,77,2.0779220779220777,2.0,4.200000000000003,8,31,41,4,1,0,0,0
Measured,prefill-1024.sstrace,16,53,8,16,160,70,2.2857142857142856,1.0,6.0,10,36,21,11,2,0,0,0
Measured,prefill-1024.sstrace,16,54,8,16,160,77,2.0779220779220777,1.0,5.200000000000003,7,40,24,13,0,0,0,0
Measured,prefill-1024.sstrace,16,55,8,16,160,79,2.0253164556962027,1.0,5.0,8,40,28,10,1,0,0,0
Measured,prefill-1024.sstrace,16,56,8,16,160,81,1.9753086419753085,1.0,5.0,7,46,23,12,0,0,0,0
Measured,prefill-1024.sstrace,16,57,8,16,160,78,2.051282051282051,2.0,6.0,8,36,34,7,1,0,0,0
Measured,prefill-1024.sstrace,16,58,8,16,160,71,2.2535211267605635,1.0,5.0,10,39,16,14,2,0,0,0
Measured,prefill-1024.sstrace,16,59,8,16,160,78,2.051282051282051,2.0,4.1499999999999915,9,34,37,6,1,0,0,0
Measured,prefill-1024.sstrace,16,60,8,16,160,73,2.191780821917808,1.0,5.0,9,38,18,16,1,0,0,0
Measured,prefill-1024.sstrace,16,61,8,16,160,80,2.0,1.0,6.0,7,43,25,12,0,0,0,0
Measured,prefill-1024.sstrace,16,62,8,16,160,79,2.0253164556962027,2.0,5.0,7,37,31,11,0,0,0,0
Measured,prefill-1024.sstrace,16,63,8,16,160,85,1.8823529411764706,1.0,5.0,7,46,30,9,0,0,0,0
Measured,prefill-1024.sstrace,16,0,9,16,160,73,2.191780821917808,1.0,8.0,11,45,16,7,5,0,0,0
Measured,prefill-1024.sstrace,16,1,9,16,160,53,3.018867924528302,3.0,8.0,8,18,18,12,5,0,0,0
Measured,prefill-1024.sstrace,16,2,9,16,160,58,2.7586206896551726,2.0,7.0,8,24,14,18,2,0,0,0
Measured,prefill-1024.sstrace,16,3,9,16,160,58,2.7586206896551726,2.0,7.0,10,22,21,13,2,0,0,0
Measured,prefill-1024.sstrace,16,4,9,16,160,69,2.318840579710145,2.0,6.199999999999989,9,29,29,9,2,0,0,0
Measured,prefill-1024.sstrace,16,5,9,16,160,70,2.2857142857142856,2.0,6.549999999999997,9,32,26,10,2,0,0,0
Measured,prefill-1024.sstrace,16,6,9,16,160,74,2.1621621621621623,1.5,5.349999999999994,9,37,24,12,1,0,0,0
Measured,prefill-1024.sstrace,16,7,9,16,160,69,2.318840579710145,2.0,5.0,8,29,24,15,1,0,0,0
Measured,prefill-1024.sstrace,16,8,9,16,160,73,2.191780821917808,1.0,5.0,10,37,20,15,1,0,0,0
Measured,prefill-1024.sstrace,16,9,9,16,160,73,2.191780821917808,1.0,6.0,7,38,20,15,0,0,0,0
Measured,prefill-1024.sstrace,16,10,9,16,160,76,2.1052631578947367,1.0,5.25,10,39,28,6,3,0,0,0
Measured,prefill-1024.sstrace,16,11,9,16,160,57,2.807017543859649,2.0,8.0,10,25,18,9,5,0,0,0
Measured,prefill-1024.sstrace,16,12,9,16,160,73,2.191780821917808,2.0,5.0,9,36,24,12,1,0,0,0
Measured,prefill-1024.sstrace,16,13,9,16,160,65,2.4615384615384617,1.0,7.0,8,34,16,12,3,0,0,0
Measured,prefill-1024.sstrace,16,14,9,16,160,69,2.318840579710145,2.0,6.0,8,32,24,10,3,0,0,0
Measured,prefill-1024.sstrace,16,15,9,16,160,67,2.388059701492537,2.0,6.0,9,30,22,14,1,0,0,0
Measured,prefill-1024.sstrace,16,16,9,16,160,62,2.5806451612903225,1.0,8.0,13,32,17,8,5,0,0,0
Measured,prefill-1024.sstrace,16,17,9,16,160,74,2.1621621621621623,1.5,5.349999999999994,8,37,24,10,3,0,0,0
Measured,prefill-1024.sstrace,16,18,9,16,160,59,2.711864406779661,1.0,9.0,11,31,16,5,7,0,0,0
Measured,prefill-1024.sstrace,16,19,9,16,160,72,2.2222222222222223,1.5,6.0,7,36,22,14,0,0,0,0
Measured,prefill-1024.sstrace,16,20,9,16,160,69,2.318840579710145,1.0,7.599999999999994,9,39,15,11,4,0,0,0
Measured,prefill-1024.sstrace,16,21,9,16,160,67,2.388059701492537,1.0,7.3999999999999915,8,35,17,11,4,0,0,0
Measured,prefill-1024.sstrace,16,22,9,16,160,72,2.2222222222222223,1.0,6.450000000000003,8,41,18,12,1,0,0,0
Measured,prefill-1024.sstrace,16,23,9,16,160,60,2.6666666666666665,1.0,10.0,12,35,12,7,6,0,0,0
Measured,prefill-1024.sstrace,16,24,9,16,160,83,1.927710843373494,1.0,5.8999999999999915,8,48,25,9,1,0,0,0
Measured,prefill-1024.sstrace,16,25,9,16,160,63,2.5396825396825395,1.0,8.0,12,34,17,6,6,0,0,0
Measured,prefill-1024.sstrace,16,26,9,16,160,79,2.0253164556962027,1.0,6.0,7,44,22,13,0,0,0,0
Measured,prefill-1024.sstrace,16,27,9,16,160,72,2.2222222222222223,1.0,5.450000000000003,9,40,18,11,3,0,0,0
Measured,prefill-1024.sstrace,16,28,9,16,160,78,2.051282051282051,1.0,6.0,9,44,23,8,3,0,0,0
Measured,prefill-1024.sstrace,16,29,9,16,160,76,2.1052631578947367,1.0,6.25,8,41,25,9,1,0,0,0
Measured,prefill-1024.sstrace,16,30,9,16,160,64,2.5,1.0,7.849999999999994,13,35,15,10,4,0,0,0
Measured,prefill-1024.sstrace,16,31,9,16,160,84,1.9047619047619047,1.0,5.0,7,48,24,12,0,0,0,0
Measured,prefill-1024.sstrace,16,32,9,16,160,76,2.1052631578947367,1.0,6.25,10,49,15,9,3,0,0,0
Measured,prefill-1024.sstrace,16,33,9,16,160,88,1.8181818181818181,1.0,5.6499999999999915,8,57,21,9,1,0,0,0
Measured,prefill-1024.sstrace,16,34,9,16,160,78,2.051282051282051,1.0,5.299999999999983,8,49,14,12,3,0,0,0
Measured,prefill-1024.sstrace,16,35,9,16,160,88,1.8181818181818181,1.0,5.6499999999999915,9,61,16,9,2,0,0,0
Measured,prefill-1024.sstrace,16,36,9,16,160,80,2.0,1.0,6.0,7,45,24,11,0,0,0,0
Measured,prefill-1024.sstrace,16,37,9,16,160,73,2.191780821917808,1.0,7.799999999999983,12,47,15,7,4,0,0,0
Measured,prefill-1024.sstrace,16,38,9,16,160,85,1.8823529411764706,1.0,5.0,7,49,25,11,0,0,0,0
Measured,prefill-1024.sstrace,16,39,9,16,160,76,2.1052631578947367,1.0,7.25,10,47,19,6,4,0,0,0
Measured,prefill-1024.sstrace,16,40,9,16,160,87,1.839080459770115,1.0,5.0,8,58,17,11,1,0,0,0
Measured,prefill-1024.sstrace,16,41,9,16,160,81,1.9753086419753085,1.0,6.0,7,50,17,14,0,0,0,0
Measured,prefill-1024.sstrace,16,42,9,16,160,91,1.7582417582417582,1.0,5.0,7,63,18,10,0,0,0,0
Measured,prefill-1024.sstrace,16,43,9,16,160,80,2.0,1.0,5.049999999999997,7,43,24,13,0,0,0,0
Measured,prefill-1024.sstrace,16,44,9,16,160,70,2.2857142857142856,1.0,7.549999999999997,11,39,18,9,4,0,0,0
Measured,prefill-1024.sstrace,16,45,9,16,160,90,1.7777777777777777,1.0,5.0,7,56,24,10,0,0,0,0
Measured,prefill-1024.sstrace,16,46,9,16,160,74,2.1621621621621623,1.0,6.349999999999994,10,41,21,10,2,0,0,0
Measured,prefill-1024.sstrace,16,47,9,16,160,87,1.839080459770115,1.0,5.0,7,55,20,12,0,0,0,0
Measured,prefill-1024.sstrace,16,48,9,16,160,78,2.051282051282051,1.0,4.299999999999983,8,41,25,11,1,0,0,0
Measured,prefill-1024.sstrace,16,49,9,16,160,90,1.7777777777777777,1.0,5.0,7,58,22,10,0,0,0,0
Measured,prefill-1024.sstrace,16,50,9,16,160,87,1.839080459770115,1.0,5.0,6,51,26,10,0,0,0,0
Measured,prefill-1024.sstrace,16,51,9,16,160,73,2.191780821917808,1.0,6.0,9,40,20,11,2,0,0,0
Measured,prefill-1024.sstrace,16,52,9,16,160,91,1.7582417582417582,1.0,4.5,7,58,23,10,0,0,0,0
Measured,prefill-1024.sstrace,16,53,9,16,160,76,2.1052631578947367,1.0,6.0,9,44,18,12,2,0,0,0
Measured,prefill-1024.sstrace,16,54,9,16,160,92,1.7391304347826086,1.0,4.450000000000003,7,61,19,12,0,0,0,0
Measured,prefill-1024.sstrace,16,55,9,16,160,84,1.9047619047619047,1.0,4.0,7,48,24,12,0,0,0,0
Measured,prefill-1024.sstrace,16,56,9,16,160,89,1.797752808988764,1.0,4.599999999999994,6,51,30,8,0,0,0,0
Measured,prefill-1024.sstrace,16,57,9,16,160,87,1.839080459770115,1.0,4.0,6,47,30,10,0,0,0,0
Measured,prefill-1024.sstrace,16,58,9,16,160,78,2.051282051282051,1.0,5.299999999999983,9,42,25,9,2,0,0,0
Measured,prefill-1024.sstrace,16,59,9,16,160,88,1.8181818181818181,1.0,4.0,7,49,29,10,0,0,0,0
Measured,prefill-1024.sstrace,16,60,9,16,160,82,1.951219512195122,1.0,4.0,8,46,23,11,2,0,0,0
Measured,prefill-1024.sstrace,16,61,9,16,160,87,1.839080459770115,1.0,4.700000000000003,5,52,22,13,0,0,0,0
Measured,prefill-1024.sstrace,16,62,9,16,160,89,1.797752808988764,1.0,4.0,7,55,22,12,0,0,0,0
Measured,prefill-1024.sstrace,16,63,9,16,160,93,1.7204301075268817,1.0,4.0,6,58,28,7,0,0,0,0
Measured,prefill-1024.sstrace,16,0,10,16,160,73,2.191780821917808,1.0,8.0,12,43,21,4,5,0,0,0
Measured,prefill-1024.sstrace,16,1,10,16,160,71,2.2535211267605635,2.0,5.5,10,30,30,9,2,0,0,0
Measured,prefill-1024.sstrace,16,2,10,16,160,69,2.318840579710145,2.0,5.599999999999994,16,33,27,6,2,1,0,0
Measured,prefill-1024.sstrace,16,3,10,16,160,72,2.2222222222222223,2.0,7.0,9,29,35,5,3,0,0,0
Measured,prefill-1024.sstrace,16,4,10,16,160,77,2.0779220779220777,1.0,5.200000000000003,14,39,29,7,2,0,0,0
Measured,prefill-1024.sstrace,16,5,10,16,160,76,2.1052631578947367,1.0,5.25,7,41,22,13,0,0,0,0
Measured,prefill-1024.sstrace,16,6,10,16,160,79,2.0253164556962027,1.0,5.199999999999989,10,48,19,11,1,0,0,0
Measured,prefill-1024.sstrace,16,7,10,16,160,78,2.051282051282051,1.0,5.1499999999999915,7,42,24,12,0,0,0,0
Measured,prefill-1024.sstrace,16,8,10,16,160,70,2.2857142857142856,2.0,5.0,7,32,24,14,0,0,0,0
Measured,prefill-1024.sstrace,16,9,10,16,160,64,2.5,2.0,7.0,8,31,20,11,2,0,0,0
Measured,prefill-1024.sstrace,16,10,10,16,160,75,2.1333333333333333,2.0,5.0,7,35,26,14,0,0,0,0
Measured,prefill-1024.sstrace,16,11,10,16,160,67,2.388059701492537,1.0,8.0,10,38,17,7,5,0,0,0
Measured,prefill-1024.sstrace,16,12,10,16,160,75,2.1333333333333333,2.0,5.0,6,37,21,17,0,0,0,0
Measured,prefill-1024.sstrace,16,13,10,16,160,78,2.051282051282051,1.0,6.1499999999999915,7,42,26,10,0,0,0,0
Measured,prefill-1024.sstrace,16,14,10,16,160,80,2.0,1.0,5.0,7,45,20,15,0,0,0,0
Measured,prefill-1024.sstrace,16,15,10,16,160,73,2.191780821917808,2.0,5.3999999999999915,7,32,30,11,0,0,0,0
Measured,prefill-1024.sstrace,16,16,10,16,160,71,2.2535211267605635,1.0,7.0,10,39,18,12,2,0,0,0
Measured,prefill-1024.sstrace,16,17,10,16,160,82,1.951219512195122,1.0,4.950000000000003,7,43,28,11,0,0,0,0
Measured,prefill-1024.sstrace,16,18,10,16,160,63,2.5396825396825395,1.0,7.899999999999999,9,33,16,10,4,0,0,0
Measured,prefill-1024.sstrace,16,19,10,16,160,73,2.191780821917808,2.0,5.0,6,30,30,13,0,0,0,0
Measured,prefill-1024.sstrace,16,20,10,16,160,72,2.2222222222222223,1.0,6.0,7,37,20,15,0,0,0,0
Measured,prefill-1024.sstrace,16,21,10,16,160,69,2.318840579710145,1.0,6.599999999999994,8,35,20,13,1,0,0,0
Measured,prefill-1024.sstrace,16,22,10,16,160,71,2.2535211267605635,2.0,5.0,7,29,29,13,0,0,0,0
Measured,prefill-1024.sstrace,16,23,10,16,160,65,2.4615384615384617,1.0,8.0,11,38,13,9,5,0,0,0
Measured,prefill-1024.sstrace,16,24,10,16,160,79,2.0253164556962027,2.0,5.0,7,37,30,12,0,0,0,0
Measured,prefill-1024.sstrace,16,25,10,16,160,65,2.4615384615384617,1.0,7.799999999999997,10,37,14,10,4,0,0,0
Measured,prefill-1024.sstrace,16,26,10,16,160,72,2.2222222222222223,2.0,5.0,6,33,27,12,0,0,0,0
Measured,prefill-1024.sstrace,16,27,10,16,160,73,2.191780821917808,2.0,6.3999999999999915,8,32,30,10,1,0,0,0
Measured,prefill-1024.sstrace,16,28,10,16,160,75,2.1333333333333333,1.0,6.0,9,39,27,7,2,0,0,0
Measured,prefill-1024.sstrace,16,29,10,16,160,68,2.3529411764705883,2.0,5.0,8,25,33,9,1,0,0,0
Measured,prefill-1024.sstrace,16,30,10,16,160,62,2.5806451612903225,1.0,8.849999999999987,13,32,18,8,4,0,0,0
Measured,prefill-1024.sstrace,16,31,10,16,160,70,2.2857142857142856,2.0,6.0,7,30,28,12,0,0,0,0
Measured,prefill-1024.sstrace,16,32,10,16,160,69,2.318840579710145,2.0,7.599999999999994,12,34,23,8,4,0,0,0
Measured,prefill-1024.sstrace,16,33,10,16,160,69,2.318840579710145,2.0,6.0,8,30,29,9,1,0,0,0
Measured,prefill-1024.sstrace,16,34,10,16,160,72,2.2222222222222223,2.0,6.450000000000003,9,33,30,6,3,0,0,0
Measured,prefill-1024.sstrace,16,35,10,16,160,78,2.051282051282051,1.0,5.449999999999974,9,42,26,6,4,0,0,0
Measured,prefill-1024.sstrace,16,36,10,16,160,68,2.3529411764705883,2.0,6.0,7,25,33,10,0,0,0,0
Measured,prefill-1024.sstrace,16,37,10,16,160,65,2.4615384615384617,1.0,9.0,13,39,14,7,5,0,0,0
Measured,prefill-1024.sstrace,16,38,10,16,160,72,2.2222222222222223,2.0,5.0,6,30,31,11,0,0,0,0
Measured,prefill-1024.sstrace,16,39,10,16,160,68,2.3529411764705883,1.0,7.649999999999999,13,36,22,6,4,0,0,0
Measured,prefill-1024.sstrace,16,40,10,16,160,69,2.318840579710145,2.0,5.599999999999994,8,28,28,12,1,0,0,0
Measured,prefill-1024.sstrace,16,41,10,16,160,74,2.1621621621621623,2.0,5.0,10,35,32,5,2,0,0,0
Measured,prefill-1024.sstrace,16,42,10,16,160,77,2.0779220779220777,1.0,5.200000000000003,9,45,22,7,3,0,0,0
Measured,prefill-1024.sstrace,16,43,10,16,160,67,2.388059701492537,2.0,5.699999999999996,6,22,36,9,0,0,0,0
Measured,prefill-1024.sstrace,16,44,10,16,160,65,2.4615384615384617,1.0,8.799999999999997,12,37,18,5,5,0,0,0
Measured,prefill-1024.sstrace,16,45,10,16,160,74,2.1621621621621623,2.0,5.349999999999994,8,32,33,8,1,0,0,0
Measured,prefill-1024.sstrace,16,46,10,16,160,69,2.318840579710145,1.0,6.599999999999994,12,35,22,9,3,0,0,0
Measured,prefill-1024.sstrace,16,47,10,16,160,72,2.2222222222222223,2.0,5.450000000000003,9,30,31,10,1,0,0,0
Measured,prefill-1024.sstrace,16,48,10,16,160,72,2.2222222222222223,2.0,6.0,9,30,32,8,2,0,0,0
Measured,prefill-1024.sstrace,16,49,10,16,160,79,2.0253164556962027,1.0,5.0,10,45,24,7,3,0,0,0
Measured,prefill-1024.sstrace,16,50,10,16,160,69,2.318840579710145,2.0,5.0,6,23,38,8,0,0,0,0
Measured,prefill-1024.sstrace,16,51,10,16,160,68,2.3529411764705883,1.0,6.0,12,36,20,9,3,0,0,0
Measured,prefill-1024.sstrace,16,52,10,16,160,71,2.2535211267605635,2.0,5.0,7,27,36,8,0,0,0,0
Measured,prefill-1024.sstrace,16,53,10,16,160,70,2.2857142857142856,2.0,6.0,9,34,23,11,2,0,0,0
Measured,prefill-1024.sstrace,16,54,10,16,160,79,2.0253164556962027,1.0,5.0,9,41,28,9,1,0,0,0
Measured,prefill-1024.sstrace,16,55,10,16,160,69,2.318840579710145,2.0,5.599999999999994,9,25,32,11,1,0,0,0
Measured,prefill-1024.sstrace,16,56,10,16,160,80,2.0,1.0,5.0,8,42,29,6,3,0,0,0
Measured,prefill-1024.sstrace,16,57,10,16,160,73,2.191780821917808,2.0,4.3999999999999915,6,23,41,9,0,0,0,0
Measured,prefill-1024.sstrace,16,58,10,16,160,70,2.2857142857142856,1.5,5.549999999999997,11,35,22,10,3,0,0,0
Measured,prefill-1024.sstrace,16,59,10,16,160,73,2.191780821917808,2.0,4.3999999999999915,6,26,38,9,0,0,0,0
Measured,prefill-1024.sstrace,16,60,10,16,160,75,2.1333333333333333,2.0,5.0,9,34,29,11,1,0,0,0
Measured,prefill-1024.sstrace,16,61,10,16,160,83,1.927710843373494,1.0,4.8999999999999915,7,44,29,10,0,0,0,0
Measured,prefill-1024.sstrace,16,62,10,16,160,76,2.1052631578947367,2.0,4.0,8,30,38,7,1,0,0,0
Measured,prefill-1024.sstrace,16,63,10,16,160,86,1.8604651162790697,1.0,4.0,7,48,30,8,0,0,0,0
Measured,prefill-1024.sstrace,16,0,11,16,160,64,2.5,1.0,8.0,10,36,16,4,8,0,0,0
Measured,prefill-1024.sstrace,16,1,11,16,160,66,2.4242424242424243,2.0,6.0,8,29,22,14,1,0,0,0
Measured,prefill-1024.sstrace,16,2,11,16,160,66,2.4242424242424243,2.0,7.0,9,29,25,9,3,0,0,0
Measured,prefill-1024.sstrace,16,3,11,16,160,72,2.2222222222222223,2.0,5.0,7,31,26,15,0,0,0,0
Measured,prefill-1024.sstrace,16,4,11,16,160,64,2.5,2.0,6.0,8,21,30,12,1,0,0,0
Measured,prefill-1024.sstrace,16,5,11,16,160,70,2.2857142857142856,2.0,5.549999999999997,8,33,23,13,1,0,0,0
Measured,prefill-1024.sstrace,16,6,11,16,160,75,2.1333333333333333,2.0,5.0,6,34,27,14,0,0,0,0
Measured,prefill-1024.sstrace,16,7,11,16,160,80,2.0,1.0,4.049999999999997,6,42,25,13,0,0,0,0
Measured,prefill-1024.sstrace,16,8,11,16,160,74,2.1621621621621623,1.5,6.0,9,37,25,11,1,0,0,0
Measured,prefill-1024.sstrace,16,9,11,16,160,73,2.191780821917808,1.0,6.0,7,40,20,13,0,0,0,0
Measured,prefill-1024.sstrace,16,10,11,16,160,79,2.0253164556962027,1.0,6.0,9,42,28,7,2,0,0,0
Measured,prefill-1024.sstrace,16,11,11,16,160,69,2.318840579710145,1.0,7.599999999999994,10,38,18,9,4,0,0,0
Measured,prefill-1024.sstrace,16,12,11,16,160,75,2.1333333333333333,2.0,5.299999999999997,9,36,30,8,1,0,0,0
Measured,prefill-1024.sstrace,16,13,11,16,160,76,2.1052631578947367,2.0,5.0,6,37,26,13,0,0,0,0
Measured,prefill-1024.sstrace,16,14,11,16,160,85,1.8823529411764706,1.0,4.0,7,44,32,9,0,0,0,0
Measured,prefill-1024.sstrace,16,15,11,16,160,70,2.2857142857142856,2.0,5.0,8,30,29,10,1,0,0,0
Measured,prefill-1024.sstrace,16,16,11,16,160,82,1.951219512195122,1.0,4.950000000000003,6,47,22,13,0,0,0,0
Measured,prefill-1024.sstrace,16,17,11,16,160,77,2.0779220779220777,2.0,5.200000000000003,9,35,33,8,1,0,0,0
Measured,prefill-1024.sstrace,16,18,11,16,160,82,1.951219512195122,1.0,5.0,7,42,29,11,0,0,0,0
Measured,prefill-1024.sstrace,16,19,11,16,160,78,2.051282051282051,1.0,5.0,8,40,27,10,1,0,0,0
Measured,prefill-1024.sstrace,16,20,11,16,160,87,1.839080459770115,1.0,4.0,6,48,32,7,0,0,0,0
Measured,prefill-1024.sstrace,16,21,11,16,160,87,1.839080459770115,1.0,4.0,6,45,34,8,0,0,0,0
Measured,prefill-1024.sstrace,16,22,11,16,160,72,2.2222222222222223,2.0,5.450000000000003,8,34,24,13,1,0,0,0
Measured,prefill-1024.sstrace,16,23,11,16,160,77,2.0779220779220777,1.0,5.200000000000003,8,39,27,10,1,0,0,0
Measured,prefill-1024.sstrace,16,24,11,16,160,80,2.0,1.0,5.049999999999997,9,42,29,8,1,0,0,0
Measured,prefill-1024.sstrace,16,25,11,16,160,76,2.1052631578947367,1.0,6.0,10,39,27,9,1,0,0,0
Measured,prefill-1024.sstrace,16,26,11,16,160,77,2.0779220779220777,2.0,5.0,7,37,27,13,0,0,0,0
Measured,prefill-1024.sstrace,16,27,11,16,160,78,2.051282051282051,1.0,5.0,9,43,25,8,2,0,0,0
Measured,prefill-1024.sstrace,16,28,11,16,160,80,2.0,2.0,4.0,6,36,34,10,0,0,0,0
Measured,prefill-1024.sstrace,16,29,11,16,160,68,2.3529411764705883,2.0,6.0,8,31,22,14,1,0,0,0
Measured,prefill-1024.sstrace,16,30,11,16,160,73,2.191780821917808,1.0,7.0,11,42,21,8,2,0,0,0
Measured,prefill-1024.sstrace,16,31,11,16,160,71,2.2535211267605635,2.0,6.0,8,32,26,12,1,0,0,0
Measured,prefill-1024.sstrace,16,32,11,16,160,73,2.191780821917808,1.0,7.0,11,39,23,10,1,0,0,0
Measured,prefill-1024.sstrace,16,33,11,16,160,68,2.3529411764705883,2.0,5.649999999999999,6,27,27,14,0,0,0,0
Measured,prefill-1024.sstrace,16,34,11,16,160,75,2.1333333333333333,1.0,5.0,9,40,22,11,2,0,0,0
Measured,prefill-1024.sstrace,16,35,11,16,160,77,2.0779220779220777,2.0,5.0,7,36,31,10,0,0,0,0
Measured,prefill-1024.sstrace,16,36,11,16,160,66,2.4242424242424243,2.0,6.0,8,28,24,13,1,0,0,0
Measured,prefill-1024.sstrace,16,37,11,16,160,68,2.3529411764705883,1.5,7.299999999999997,11,34,23,7,4,0,0,0
Measured,prefill-1024.sstrace,16,38,11,16,160,71,2.2535211267605635,2.0,6.0,8,33,24,13,1,0,0,0
Measured,prefill-1024.sstrace,16,39,11,16,160,74,2.1621621621621623,1.0,6.349999999999994,11,42,18,12,2,0,0,0
Measured,prefill-1024.sstrace,16,40,11,16,160,72,2.2222222222222223,2.0,5.0,7,33,24,15,0,0,0,0
Measured,prefill-1024.sstrace,16,41,11,16,160,76,2.1052631578947367,1.0,5.0,9,41,22,12,1,0,0,0
Measured,prefill-1024.sstrace,16,42,11,16,160,80,2.0,1.0,5.049999999999997,7,41,30,9,0,0,0,0
Measured,prefill-1024.sstrace,16,43,11,16,160,66,2.4242424242424243,2.0,6.0,8,28,24,13,1,0,0,0
Measured,prefill-1024.sstrace,16,44,11,16,160,67,2.388059701492537,1.0,6.3999999999999915,12,34,18,13,2,0,0,0
Measured,prefill-1024.sstrace,16,45,11,16,160,69,2.318840579710145,2.0,6.0,8,31,24,13,1,0,0,0
Measured,prefill-1024.sstrace,16,46,11,16,160,77,2.0779220779220777,1.0,6.200000000000003,11,45,20,10,2,0,0,0
Measured,prefill-1024.sstrace,16,47,11,16,160,70,2.2857142857142856,2.0,5.549999999999997,7,30,26,14,0,0,0,0
Measured,prefill-1024.sstrace,16,48,11,16,160,73,2.191780821917808,2.0,5.0,9,32,30,10,1,0,0,0
Measured,prefill-1024.sstrace,16,49,11,16,160,74,2.1621621621621623,2.0,5.0,10,36,25,11,2,0,0,0
Measured,prefill-1024.sstrace,16,50,11,16,160,68,2.3529411764705883,2.0,6.0,8,30,23,14,1,0,0,0
Measured,prefill-1024.sstrace,16,51,11,16,160,64,2.5,1.5,8.549999999999983,13,32,19,9,4,0,0,0
Measured,prefill-1024.sstrace,16,52,11,16,160,66,2.4242424242424243,2.0,5.75,8,28,24,13,1,0,0,0
Measured,prefill-1024.sstrace,16,53,11,16,160,69,2.318840579710145,1.0,6.199999999999989,12,36,19,11,3,0,0,0
Measured,prefill-1024.sstrace,16,54,11,16,160,66,2.4242424242424243,2.0,6.0,7,27,22,17,0,0,0,0
Measured,prefill-1024.sstrace,16,55,11,16,160,74,2.1621621621621623,2.0,4.349999999999994,9,33,29,11,1,0,0,0
Measured,prefill-1024.sstrace,16,56,11,16,160,72,2.2222222222222223,1.5,5.450000000000003,9,36,26,7,3,0,0,0
Measured,prefill-1024.sstrace,16,57,11,16,160,72,2.2222222222222223,1.0,6.0,8,38,19,14,1,0,0,0
Measured,prefill-1024.sstrace,16,58,11,16,160,65,2.4615384615384617,2.0,5.0,12,31,20,11,3,0,0,0
Measured,prefill-1024.sstrace,16,59,11,16,160,66,2.4242424242424243,2.0,6.0,8,28,22,15,1,0,0,0
Measured,prefill-1024.sstrace,16,60,11,16,160,64,2.5,2.0,7.549999999999983,11,28,21,11,4,0,0,0
Measured,prefill-1024.sstrace,16,61,11,16,160,66,2.4242424242424243,2.0,6.0,7,32,15,19,0,0,0,0
Measured,prefill-1024.sstrace,16,62,11,16,160,68,2.3529411764705883,2.0,5.649999999999999,9,28,27,11,2,0,0,0
Measured,prefill-1024.sstrace,16,63,11,16,160,71,2.2535211267605635,2.0,5.5,10,34,26,9,2,0,0,0
Measured,prefill-1024.sstrace,16,0,12,16,160,82,1.951219512195122,1.0,4.0,14,48,24,9,1,0,0,0
Measured,prefill-1024.sstrace,16,1,12,16,160,76,2.1052631578947367,1.0,4.25,10,41,21,13,1,0,0,0
Measured,prefill-1024.sstrace,16,2,12,16,160,74,2.1621621621621623,1.0,6.0,12,39,25,8,2,0,0,0
Measured,prefill-1024.sstrace,16,3,12,16,160,70,2.2857142857142856,2.0,6.0,8,30,28,11,1,0,0,0
Measured,prefill-1024.sstrace,16,4,12,16,160,85,1.8823529411764706,1.0,4.799999999999997,10,54,23,5,3,0,0,0
Measured,prefill-1024.sstrace,16,5,12,16,160,72,2.2222222222222223,1.0,6.0,9,39,18,14,1,0,0,0
Measured,prefill-1024.sstrace,16,6,12,16,160,83,1.927710843373494,1.0,5.0,8,49,23,10,1,0,0,0
Measured,prefill-1024.sstrace,16,7,12,16,160,79,2.0253164556962027,1.0,5.0,7,43,22,14,0,0,0,0
Measured,prefill-1024.sstrace,16,8,12,16,160,72,2.2222222222222223,1.0,6.0,10,38,20,13,1,0,0,0
Measured,prefill-1024.sstrace,16,9,12,16,160,78,2.051282051282051,1.0,6.0,9,48,16,13,1,0,0,0
Measured,prefill-1024.sstrace,16,10,12,16,160,84,1.9047619047619047,1.0,5.0,9,49,25,9,1,0,0,0
Measured,prefill-1024.sstrace,16,11,12,16,160,81,1.9753086419753085,1.0,6.0,8,52,15,12,2,0,0,0
Measured,prefill-1024.sstrace,16,12,12,16,160,79,2.0253164556962027,1.0,5.0,9,44,23,11,1,0,0,0
Measured,prefill-1024.sstrace,16,13,12,16,160,90,1.7777777777777777,1.0,5.0,6,54,28,8,0,0,0,0
Measured,prefill-1024.sstrace,16,14,12,16,160,86,1.8604651162790697,1.0,5.5,7,50,26,10,0,0,0,0
Measured,prefill-1024.sstrace,16,15,12,16,160,81,1.9753086419753085,2.0,5.0,8,38,34,8,1,0,0,0
Measured,prefill-1024.sstrace,16,16,12,16,160,75,2.1333333333333333,1.0,6.0,7,41,21,13,0,0,0,0
Measured,prefill-1024.sstrace,16,17,12,16,160,85,1.8823529411764706,1.0,4.799999999999997,8,44,33,7,1,0,0,0
Measured,prefill-1024.sstrace,16,18,12,16,160,77,2.0779220779220777,1.0,5.0,7,41,23,13,0,0,0,0
Measured,prefill-1024.sstrace,16,19,12,16,160,76,2.1052631578947367,2.0,4.25,7,33,31,12,0,0,0,0
Measured,prefill-1024.sstrace,16,20,12,16,160,83,1.927710843373494,2.0,4.0,6,39,36,8,0,0,0,0
Measured,prefill-1024.sstrace,16,21,12,16,160,89,1.797752808988764,1.0,4.0,6,48,35,6,0,0,0,0
Measured,prefill-1024.sstrace,16,22,12,16,160,78,2.051282051282051,2.0,4.1499999999999915,7,35,32,11,0,0,0,0
Measured,prefill-1024.sstrace,16,23,12,16,160,77,2.0779220779220777,1.0,5.200000000000003,9,42,24,10,1,0,0,0
Measured,prefill-1024.sstrace,16,24,12,16,160,86,1.8604651162790697,1.0,4.75,7,51,26,9,0,0,0,0
Measured,prefill-1024.sstrace,16,25,12,16,160,78,2.051282051282051,2.0,5.0,9,38,29,10,1,0,0,0
Measured,prefill-1024.sstrace,16,26,12,16,160,77,2.0779220779220777,2.0,5.0,6,36,30,11,0,0,0,0
Measured,prefill-1024.sstrace,16,27,12,16,160,81,1.9753086419753085,2.0,4.0,8,40,31,9,1,0,0,0
Measured,prefill-1024.sstrace,16,28,12,16,160,91,1.7582417582417582,1.0,4.0,6,53,31,7,0,0,0,0
Measured,prefill-1024.sstrace,16,29,12,16,160,75,2.1333333333333333,2.0,5.0,7,31,36,8,0,0,0,0
Measured,prefill-1024.sstrace,16,30,12,16,160,79,2.0253164556962027,1.0,7.0,9,49,18,10,2,0,0,0
Measured,prefill-1024.sstrace,16,31,12,16,160,75,2.1333333333333333,2.0,6.0,7,33,32,10,0,0,0,0
Measured,prefill-1024.sstrace,16,32,12,16,160,79,2.0253164556962027,1.0,6.099999999999994,8,45,22,11,1,0,0,0
Measured,prefill-1024.sstrace,16,33,12,16,160,77,2.0779220779220777,2.0,5.0,6,36,31,10,0,0,0,0
Measured,prefill-1024.sstrace,16,34,12,16,160,81,1.9753086419753085,1.0,5.0,6,41,30,10,0,0,0,0
Measured,prefill-1024.sstrace,16,35,12,16,160,87,1.839080459770115,1.0,4.0,7,47,32,8,0,0,0,0
Measured,prefill-1024.sstrace,16,36,12,16,160,72,2.2222222222222223,2.0,6.0,7,29,34,9,0,0,0,0
Measured,prefill-1024.sstrace,16,37,12,16,160,74,2.1621621621621623,1.0,7.0,10,41,21,11,1,0,0,0
Measured,prefill-1024.sstrace,16,38,12,16,160,70,2.2857142857142856,2.0,5.549999999999997,7,30,27,13,0,0,0,0
Measured,prefill-1024.sstrace,16,39,12,16,160,73,2.191780821917808,1.0,6.3999999999999915,8,37,25,10,1,0,0,0
Measured,prefill-1024.sstrace,16,40,12,16,160,75,2.1333333333333333,2.0,5.299999999999997,6,34,32,9,0,0,0,0
Measured,prefill-1024.sstrace,16,41,12,16,160,79,2.0253164556962027,2.0,5.0,6,38,29,12,0,0,0,0
Measured,prefill-1024.sstrace,16,42,12,16,160,82,1.951219512195122,1.0,4.0,9,42,29,10,1,0,0,0
Measured,prefill-1024.sstrace,16,43,12,16,160,76,2.1052631578947367,2.0,4.5,7,34,32,10,0,0,0,0
Measured,prefill-1024.sstrace,16,44,12,16,160,71,2.2535211267605635,2.0,6.0,11,35,24,11,1,0,0,0
Measured,prefill-1024.sstrace,16,45,12,16,160,73,2.191780821917808,2.0,5.3999999999999915,7,33,29,11,0,0,0,0
Measured,prefill-1024.sstrace,16,46,12,16,160,75,2.1333333333333333,1.0,5.299999999999997,8,41,20,13,1,0,0,0
Measured,prefill-1024.sstrace,16,47,12,16,160,75,2.1333333333333333,2.0,5.299999999999997,7,34,32,9,0,0,0,0
Measured,prefill-1024.sstrace,16,48,12,16,160,79,2.0253164556962027,2.0,4.0,8,37,31,10,1,0,0,0
Measured,prefill-1024.sstrace,16,49,12,16,160,84,1.9047619047619047,1.0,4.0,8,46,29,8,1,0,0,0
Measured,prefill-1024.sstrace,16,50,12,16,160,74,2.1621621621621623,2.0,5.0,7,34,28,12,0,0,0,0
Measured,prefill-1024.sstrace,16,51,12,16,160,71,2.2535211267605635,1.0,6.0,11,37,19,14,1,0,0,0
Measured,prefill-1024.sstrace,16,52,12,16,160,73,2.191780821917808,2.0,5.3999999999999915,7,36,23,14,0,0,0,0
Measured,prefill-1024.sstrace,16,53,12,16,160,69,2.318840579710145,2.0,5.599999999999994,9,32,22,14,1,0,0,0
Measured,prefill-1024.sstrace,16,54,12,16,160,76,2.1052631578947367,2.0,5.25,7,37,28,11,0,0,0,0
Measured,prefill-1024.sstrace,16,55,12,16,160,78,2.051282051282051,2.0,4.0,6,38,28,12,0,0,0,0
Measured,prefill-1024.sstrace,16,56,12,16,160,86,1.8604651162790697,1.0,4.0,8,50,28,7,1,0,0,0
Measured,prefill-1024.sstrace,16,57,12,16,160,72,2.2222222222222223,2.0,5.0,7,33,26,13,0,0,0,0
Measured,prefill-1024.sstrace,16,58,12,16,160,71,2.2535211267605635,1.0,6.0,10,36,20,14,1,0,0,0
Measured,prefill-1024.sstrace,16,59,12,16,160,72,2.2222222222222223,2.0,6.0,7,35,24,13,0,0,0,0
Measured,prefill-1024.sstrace,16,60,12,16,160,69,2.318840579710145,2.0,6.0,10,31,23,14,1,0,0,0
Measured,prefill-1024.sstrace,16,61,12,16,160,77,2.0779220779220777,1.0,5.0,6,40,23,14,0,0,0,0
Measured,prefill-1024.sstrace,16,62,12,16,160,77,2.0779220779220777,2.0,5.200000000000003,8,36,33,7,1,0,0,0
Measured,prefill-1024.sstrace,16,63,12,16,160,82,1.951219512195122,1.0,5.0,7,45,28,9,0,0,0,0
Measured,prefill-1024.sstrace,16,0,13,16,160,63,2.5396825396825395,1.0,9.799999999999997,12,37,14,5,7,0,0,0
Measured,prefill-1024.sstrace,16,1,13,16,160,57,2.807017543859649,2.0,7.199999999999996,9,26,11,17,3,0,0,0
Measured,prefill-1024.sstrace,16,2,13,16,160,65,2.4615384615384617,2.0,8.599999999999994,10,28,26,7,4,0,0,0
Measured,prefill-1024.sstrace,16,3,13,16,160,69,2.318840579710145,2.0,6.0,10,33,21,14,1,0,0,0
Measured,prefill-1024.sstrace,16,4,13,16,160,67,2.388059701492537,2.0,6.0,7,33,17,17,0,0,0,0
Measured,prefill-1024.sstrace,16,5,13,16,160,67,2.388059701492537,2.0,6.0,9,32,22,12,1,0,0,0
Measured,prefill-1024.sstrace,16,6,13,16,160,72,2.2222222222222223,2.0,6.450000000000003,9,35,27,9,1,0,0,0
Measured,prefill-1024.sstrace,16,7,13,16,160,69,2.318840579710145,2.0,5.0,7,29,27,13,0,0,0,0
Measured,prefill-1024.sstrace,16,8,13,16,160,74,2.1621621621621623,1.0,5.349999999999994,7,39,20,15,0,0,0,0
Measured,prefill-1024.sstrace,16,9,13,16,160,67,2.388059701492537,1.0,7.3999999999999915,12,34,19,10,4,0,0,0
Measured,prefill-1024.sstrace,16,10,13,16,160,87,1.839080459770115,1.0,5.0,7,54,22,11,0,0,0,0
Measured,prefill-1024.sstrace,16,11,13,16,160,72,2.2222222222222223,1.0,5.450000000000003,10,38,21,10,3,0,0,0
Measured,prefill-1024.sstrace,16,12,13,16,160,84,1.9047619047619047,1.0,4.0,7,43,31,10,0,0,0,0
Measured,prefill-1024.sstrace,16,13,13,16,160,86,1.8604651162790697,1.0,4.75,8,49,27,9,1,0,0,0
Measured,prefill-1024.sstrace,16,14,13,16,160,78,2.051282051282051,1.5,4.1499999999999915,5,39,26,13,0,0,0,0
Measured,prefill-1024.sstrace,16,15,13,16,160,78,2.051282051282051,2.0,5.0,7,35,33,10,0,0,0,0
Measured,prefill-1024.sstrace,16,16,13,16,160,69,2.318840579710145,2.0,6.0,8,32,22,13,2,0,0,0
Measured,prefill-1024.sstrace,16,17,13,16,160,82,1.951219512195122,1.0,5.0,7,43,32,7,0,0,0,0
Measured,prefill-1024.sstrace,16,18,13,16,160,78,2.051282051282051,1.0,6.0,9,44,23,10,1,0,0,0
Measured,prefill-1024.sstrace,16,19,13,16,160,85,1.8823529411764706,1.0,5.599999999999994,7,49,27,9,0,0,0,0
Measured,prefill-1024.sstrace,16,20,13,16,160,83,1.927710843373494,1.0,4.0,7,47,24,12,0,0,0,0
Measured,prefill-1024.sstrace,16,21,13,16,160,85,1.8823529411764706,1.0,4.0,7,49,26,10,0,0,0,0
Measured,prefill-1024.sstrace,16,22,13,16,160,77,2.0779220779220777,2.0,5.200000000000003,7,36,33,8,0,0,0,0
Measured,prefill-1024.sstrace,16,23,13,16,160,76,2.1052631578947367,1.0,5.5,8,42,22,11,1,0,0,0
Measured,prefill-1024.sstrace,16,24,13,16,160,88,1.8181818181818181,1.0,4.0,9,54,27,6,1,0,0,0
Measured,prefill-1024.sstrace,16,25,13,16,160,77,2.0779220779220777,2.0,5.200000000000003,7,37,30,10,0,0,0,0
Measured,prefill-1024.sstrace,16,26,13,16,160,82,1.951219512195122,1.0,5.0,7,43,30,9,0,0,0,0
Measured,prefill-1024.sstrace,16,27,13,16,160,87,1.839080459770115,1.0,4.0,6,45,35,7,0,0,0,0
Measured,prefill-1024.sstrace,16,28,13,16,160,88,1.8181818181818181,1.0,4.0,5,49,29,10,0,0,0,0
Measured,prefill-1024.sstrace,16,29,13,16,160,81,1.9753086419753085,1.0,5.0,7,41,34,6,0,0,0,0
Measured,prefill-1024.sstrace,16,30,13,16,160,73,2.191780821917808,2.0,5.3999999999999915,9,35,27,9,2,0,0,0
Measured,prefill-1024.sstrace,16,31,13,16,160,83,1.927710843373494,1.0,4.0,9,44,31,7,1,0,0,0
Measured,prefill-1024.sstrace,16,32,13,16,160,81,1.9753086419753085,1.0,5.0,11,44,29,6,2,0,0,0
Measured,prefill-1024.sstrace,16,33,13,16,160,83,1.927710843373494,1.0,4.0,8,45,26,11,1,0,0,0
Measured,prefill-1024.sstrace,16,34,13,16,160,80,2.0,2.0,4.049999999999997,8,36,34,9,1,0,0,0
Measured,prefill-1024.sstrace,16,35,13,16,160,90,1.7777777777777777,1.0,4.0,5,51,31,8,0,0,0,0
Measured,prefill-1024.sstrace,16,36,13,16,160,77,2.0779220779220777,2.0,6.0,7,32,37,8,0,0,0,0
Measured,prefill-1024.sstrace,16,37,13,16,160,77,2.0779220779220777,1.0,6.200000000000003,9,44,22,9,2,0,0,0
Measured,prefill-1024.sstrace,16,38,13,16,160,87,1.839080459770115,1.0,5.0,7,50,27,10,0,0,0,0
Measured,prefill-1024.sstrace,16,39,13,16,160,84,1.9047619047619047,1.0,5.0,8,53,19,11,1,0,0,0
Measured,prefill-1024.sstrace,16,40,13,16,160,83,1.927710843373494,1.0,4.8999999999999915,6,49,21,13,0,0,0,0
Measured,prefill-1024.sstrace,16,41,13,16,160,78,2.051282051282051,2.0,5.0,6,37,30,11,0,0,0,0
Measured,prefill-1024.sstrace,16,42,13,16,160,91,1.7582417582417582,1.0,4.0,5,55,26,10,0,0,0,0
Measured,prefill-1024.sstrace,16,43,13,16,160,75,2.1333333333333333,2.0,6.0,7,36,28,11,0,0,0,0
Measured,prefill-1024.sstrace,16,44,13,16,160,77,2.0779220779220777,1.0,6.0,9,47,18,11,1,0,0,0
Measured,prefill-1024.sstrace,16,45,13,16,160,79,2.0253164556962027,1.0,6.0,7,44,22,13,0,0,0,0
Measured,prefill-1024.sstrace,16,46,13,16,160,76,2.1052631578947367,1.0,6.0,9,43,22,10,1,0,0,0
Measured,prefill-1024.sstrace,16,47,13,16,160,79,2.0253164556962027,1.0,5.0,6,44,23,12,0,0,0,0
Measured,prefill-1024.sstrace,16,48,13,16,160,79,2.0253164556962027,1.0,5.0,7,42,26,11,0,0,0,0
Measured,prefill-1024.sstrace,16,49,13,16,160,89,1.797752808988764,1.0,4.0,6,53,24,12,0,0,0,0
Measured,prefill-1024.sstrace,16,50,13,16,160,74,2.1621621621621623,2.0,5.349999999999994,6,33,27,14,0,0,0,0
Measured,prefill-1024.sstrace,16,51,13,16,160,75,2.1333333333333333,1.0,7.0,9,41,23,10,1,0,0,0
Measured,prefill-1024.sstrace,16,52,13,16,160,78,2.051282051282051,1.5,5.1499999999999915,6,39,27,12,0,0,0,0
Measured,prefill-1024.sstrace,16,53,13,16,160,76,2.1052631578947367,1.5,6.0,7,38,27,11,0,0,0,0
Measured,prefill-1024.sstrace,16,54,13,16,160,79,2.0253164556962027,1.0,5.0,6,43,23,13,0,0,0,0
Measured,prefill-1024.sstrace,16,55,13,16,160,79,2.0253164556962027,2.0,5.099999999999994,6,38,31,10,0,0,0,0
Measured,prefill-1024.sstrace,16,56,13,16,160,87,1.839080459770115,1.0,4.0,6,47,31,9,0,0,0,0
Measured,prefill-1024.sstrace,16,57,13,16,160,75,2.1333333333333333,1.0,5.299999999999997,6,39,23,13,0,0,0,0
Measured,prefill-1024.sstrace,16,58,13,16,160,78,2.051282051282051,1.0,6.0,8,40,27,10,1,0,0,0
Measured,prefill-1024.sstrace,16,59,13,16,160,81,1.9753086419753085,1.0,5.0,6,43,27,11,0,0,0,0
Measured,prefill-1024.sstrace,16,60,13,16,160,87,1.839080459770115,1.0,5.0,8,50,29,7,1,0,0,0
Measured,prefill-1024.sstrace,16,61,13,16,160,83,1.927710843373494,1.0,4.0,6,46,25,12,0,0,0,0
Measured,prefill-1024.sstrace,16,62,13,16,160,82,1.951219512195122,2.0,4.0,7,40,35,7,0,0,0,0
Measured,prefill-1024.sstrace,16,63,13,16,160,95,1.6842105263157894,1.0,4.0,6,58,30,7,0,0,0,0
Measured,prefill-1024.sstrace,16,0,14,16,160,64,2.5,2.0,6.849999999999994,10,28,22,12,2,0,0,0
Measured,prefill-1024.sstrace,16,1,14,16,160,76,2.1052631578947367,1.5,5.0,8,38,28,9,1,0,0,0
Measured,prefill-1024.sstrace,16,2,14,16,160,75,2.1333333333333333,1.0,6.0,10,43,20,10,2,0,0,0
Measured,prefill-1024.sstrace,16,3,14,16,160,79,2.0253164556962027,1.0,5.099999999999994,7,42,26,11,0,0,0,0
Measured,prefill-1024.sstrace,16,4,14,16,160,77,2.0779220779220777,2.0,5.200000000000003,10,37,30,9,1,0,0,0
Measured,prefill-1024.sstrace,16,5,14,16,160,75,2.1333333333333333,2.0,5.0,7,37,26,12,0,0,0,0
Measured,prefill-1024.sstrace,16,6,14,16,160,81,1.9753086419753085,1.0,6.0,10,42,30,8,1,0,0,0
Measured,prefill-1024.sstrace,16,7,14,16,160,75,2.1333333333333333,2.0,5.0,9,35,27,12,1,0,0,0
Measured,prefill-1024.sstrace,16,8,14,16,160,78,2.051282051282051,1.0,5.1499999999999915,8,43,21,13,1,0,0,0
Measured,prefill-1024.sstrace,16,9,14,16,160,70,2.2857142857142856,2.0,5.549999999999997,12,34,24,9,3,0,0,0
Measured,prefill-1024.sstrace,16,10,14,16,160,77,2.0779220779220777,2.0,5.0,7,37,28,12,0,0,0,0
Measured,prefill-1024.sstrace,16,11,14,16,160,76,2.1052631578947367,1.0,6.0,9,42,23,8,3,0,0,0
Measured,prefill-1024.sstrace,16,12,14,16,160,82,1.951219512195122,1.0,5.0,6,43,29,10,0,0,0,0
Measured,prefill-1024.sstrace,16,13,14,16,160,81,1.9753086419753085,1.0,5.0,7,42,27,12,0,0,0,0
Measured,prefill-1024.sstrace,16,14,14,16,160,80,2.0,1.0,5.0,5,43,26,11,0,0,0,0
Measured,prefill-1024.sstrace,16,15,14,16,160,83,1.927710843373494,1.0,5.799999999999983,7,45,28,10,0,0,0,0
Measured,prefill-1024.sstrace,16,16,14,16,160,68,2.3529411764705883,2.0,6.0,9,33,21,12,2,0,0,0
Measured,prefill-1024.sstrace,16,17,14,16,160,83,1.927710843373494,1.0,5.799999999999983,7,45,29,9,0,0,0,0
Measured,prefill-1024.sstrace,16,18,14,16,160,83,1.927710843373494,1.0,5.0,9,52,18,11,2,0,0,0
Measured,prefill-1024.sstrace,16,19,14,16,160,86,1.8604651162790697,1.0,5.0,6,48,29,9,0,0,0,0
Measured,prefill-1024.sstrace,16,20,14,16,160,97,1.6494845360824741,1.0,4.0,7,65,24,8,0,0,0,0
Measured,prefill-1024.sstrace,16,21,14,16,160,86,1.8604651162790697,1.0,4.0,6,51,24,11,0,0,0,0
Measured,prefill-1024.sstrace,16,22,14,16,160,86,1.8604651162790697,1.0,4.0,7,48,29,9,0,0,0,0
Measured,prefill-1024.sstrace,16,23,14,16,160,81,1.9753086419753085,1.0,5.0,10,46,26,8,1,0,0,0
Measured,prefill-1024.sstrace,16,24,14,16,160,88,1.8181818181818181,1.0,4.0,7,52,26,10,0,0,0,0
Measured,prefill-1024.sstrace,16,25,14,16,160,98,1.6326530612244898,1.0,5.0,9,68,24,5,1,0,0,0
Measured,prefill-1024.sstrace,16,26,14,16,160,82,1.951219512195122,1.5,4.950000000000003,6,41,32,9,0,0,0,0
Measured,prefill-1024.sstrace,16,27,14,16,160,99,1.6161616161616161,1.0,4.0,6,67,24,8,0,0,0,0
Measured,prefill-1024.sstrace,16,28,14,16,160,89,1.797752808988764,1.0,4.0,5,48,34,7,0,0,0,0
Measured,prefill-1024.sstrace,16,29,14,16,160,81,1.9753086419753085,2.0,4.0,7,39,33,9,0,0,0,0
Measured,prefill-1024.sstrace,16,30,14,16,160,78,2.051282051282051,1.0,5.1499999999999915,9,40,28,9,1,0,0,0
Measured,prefill-1024.sstrace,16,31,14,16,160,87,1.839080459770115,1.0,4.700000000000003,7,46,34,7,0,0,0,0
Measured,prefill-1024.sstrace,16,32,14,16,160,90,1.7777777777777777,1.0,4.0,7,53,30,7,0,0,0,0
Measured,prefill-1024.sstrace,16,33,14,16,160,84,1.9047619047619047,2.0,4.0,6,41,34,9,0,0,0,0
Measured,prefill-1024.sstrace,16,34,14,16,160,94,1.702127659574468,1.0,4.0,6,53,35,6,0,0,0,0
Measured,prefill-1024.sstrace,16,35,14,16,160,98,1.6326530612244898,1.0,4.0,6,60,32,6,0,0,0,0
Measured,prefill-1024.sstrace,16,36,14,16,160,84,1.9047619047619047,2.0,4.849999999999994,6,41,36,7,0,0,0,0
Measured,prefill-1024.sstrace,16,37,14,16,160,82,1.951219512195122,1.0,5.950000000000003,8,49,23,9,1,0,0,0
Measured,prefill-1024.sstrace,16,38,14,16,160,91,1.7582417582417582,1.0,4.5,7,53,32,6,0,0,0,0
Measured,prefill-1024.sstrace,16,39,14,16,160,92,1.7391304347826086,1.0,4.0,7,58,25,9,0,0,0,0
Measured,prefill-1024.sstrace,16,40,14,16,160,90,1.7777777777777777,1.0,4.549999999999997,7,51,30,9,0,0,0,0
Measured,prefill-1024.sstrace,16,41,14,16,160,93,1.7204301075268817,1.0,4.0,6,56,28,9,0,0,0,0
Measured,prefill-1024.sstrace,16,42,14,16,160,101,1.5841584158415842,1.0,4.0,6,66,29,6,0,0,0,0
Measured,prefill-1024.sstrace,16,43,14,16,160,88,1.8181818181818181,1.0,4.0,7,45,36,7,0,0,0,0
Measured,prefill-1024.sstrace,16,44,14,16,160,85,1.8823529411764706,1.0,5.0,9,53,23,8,1,0,0,0
Measured,prefill-1024.sstrace,16,45,14,16,160,89,1.797752808988764,1.0,4.599999999999994,7,48,32,9,0,0,0,0
Measured,prefill-1024.sstrace,16,46,14,16,160,91,1.7582417582417582,1.0,5.0,6,54,29,8,0,0,0,0
Measured,prefill-1024.sstrace,16,47,14,16,160,93,1.7204301075268817,1.0,4.3999999999999915,5,58,25,10,0,0,0,0
Measured,prefill-1024.sstrace,16,48,14,16,160,91,1.7582417582417582,1.0,4.0,7,53,30,8,0,0,0,0
Measured,prefill-1024.sstrace,16,49,14,16,160,100,1.6,1.0,4.0,8,65,29,5,1,0,0,0
Measured,prefill-1024.sstrace,16,50,14,16,160,89,1.797752808988764,1.0,3.5999999999999943,6,48,36,5,0,0,0,0
Measured,prefill-1024.sstrace,16,51,14,16,160,81,1.9753086419753085,1.0,5.0,9,45,27,8,1,0,0,0
Measured,prefill-1024.sstrace,16,52,14,16,160,95,1.6842105263157894,1.0,4.299999999999997,7,59,29,7,0,0,0,0
Measured,prefill-1024.sstrace,16,53,14,16,160,85,1.8823529411764706,1.0,5.0,6,48,30,7,0,0,0,0
Measured,prefill-1024.sstrace,16,54,14,16,160,92,1.7391304347826086,1.0,5.0,6,52,32,8,0,0,0,0
Measured,prefill-1024.sstrace,16,55,14,16,160,89,1.797752808988764,1.0,4.0,6,50,33,6,0,0,0,0
Measured,prefill-1024.sstrace,16,56,14,16,160,102,1.5686274509803921,1.0,4.0,6,72,23,7,0,0,0,0
Measured,prefill-1024.sstrace,16,57,14,16,160,92,1.7391304347826086,1.0,3.450000000000003,6,52,35,5,0,0,0,0
Measured,prefill-1024.sstrace,16,58,14,16,160,91,1.7582417582417582,1.0,4.0,8,60,22,8,1,0,0,0
Measured,prefill-1024.sstrace,16,59,14,16,160,94,1.702127659574468,1.0,4.0,8,57,31,5,1,0,0,0
Measured,prefill-1024.sstrace,16,60,14,16,160,97,1.6494845360824741,1.0,4.0,5,60,30,7,0,0,0,0
Measured,prefill-1024.sstrace,16,61,14,16,160,101,1.5841584158415842,1.0,4.0,6,70,24,7,0,0,0,0
Measured,prefill-1024.sstrace,16,62,14,16,160,103,1.5533980582524272,1.0,3.0,5,68,32,3,0,0,0,0
Measured,prefill-1024.sstrace,16,63,14,16,160,109,1.4678899082568808,1.0,3.0,5,79,26,4,0,0,0,0
Measured,prefill-1024.sstrace,16,0,15,16,160,69,2.318840579710145,1.0,5.599999999999994,10,35,22,9,3,0,0,0
Measured,prefill-1024.sstrace,16,1,15,16,160,58,2.7586206896551726,2.0,8.0,10,26,16,12,4,0,0,0
Measured,prefill-1024.sstrace,16,2,15,16,160,55,2.909090909090909,2.0,7.0,8,21,16,16,2,0,0,0
Measured,prefill-1024.sstrace,16,3,15,16,160,59,2.711864406779661,2.0,7.099999999999994,11,26,18,12,3,0,0,0
Measured,prefill-1024.sstrace,16,4,15,16,160,61,2.622950819672131,1.0,8.0,10,31,15,10,5,0,0,0
Measured,prefill-1024.sstrace,16,5,15,16,160,63,2.5396825396825395,2.0,7.0,12,31,18,13,1,0,0,0
Measured,prefill-1024.sstrace,16,6,15,16,160,65,2.4615384615384617,2.0,7.799999999999997,10,31,23,7,4,0,0,0
Measured,prefill-1024.sstrace,16,7,15,16,160,65,2.4615384615384617,2.0,7.799999999999997,11,30,23,8,4,0,0,0
Measured,prefill-1024.sstrace,16,8,15,16,160,61,2.622950819672131,2.0,7.0,13,30,17,11,3,0,0,0
Measured,prefill-1024.sstrace,16,9,15,16,160,64,2.5,1.0,9.699999999999989,11,37,14,8,5,0,0,0
Measured,prefill-1024.sstrace,16,10,15,16,160,71,2.2535211267605635,1.0,6.0,12,42,14,12,3,0,0,0
Measured,prefill-1024.sstrace,16,11,15,16,160,69,2.318840579710145,1.0,8.599999999999994,10,38,22,4,5,0,0,0
Measured,prefill-1024.sstrace,16,12,15,16,160,79,2.0253164556962027,1.0,5.099999999999994,9,40,28,10,1,0,0,0
Measured,prefill-1024.sstrace,16,13,15,16,160,78,2.051282051282051,1.0,7.0,8,44,24,8,2,0,0,0
Measured,prefill-1024.sstrace,16,14,15,16,160,86,1.8604651162790697,1.0,5.0,8,51,25,9,1,0,0,0
Measured,prefill-1024.sstrace,16,15,15,16,160,88,1.8181818181818181,1.0,4.6499999999999915,9,53,27,7,1,0,0,0
Measured,prefill-1024.sstrace,16,16,15,16,160,72,2.2222222222222223,1.0,6.450000000000003,10,38,22,10,2,0,0,0
Measured,prefill-1024.sstrace,16,17,15,16,160,86,1.8604651162790697,1.5,4.0,5,43,36,7,0,0,0,0
Measured,prefill-1024.sstrace,16,18,15,16,160,90,1.7777777777777777,1.0,4.549999999999997,8,59,20,10,1,0,0,0
Measured,prefill-1024.sstrace,16,19,15,16,160,86,1.8604651162790697,1.0,4.75,6,45,34,7,0,0,0,0
Measured,prefill-1024.sstrace,16,20,15,16,160,93,1.7204301075268817,1.0,3.3999999999999915,7,54,34,5,0,0,0,0
Measured,prefill-1024.sstrace,16,21,15,16,160,92,1.7391304347826086,1.0,3.450000000000003,6,49,38,5,0,0,0,0
Measured,prefill-1024.sstrace,16,22,15,16,160,85,1.8823529411764706,1.0,4.0,6,43,32,10,0,0,0,0
Measured,prefill-1024.sstrace,16,23,15,16,160,88,1.8181818181818181,1.0,4.0,5,45,37,6,0,0,0,0
Measured,prefill-1024.sstrace,16,24,15,16,160,91,1.7582417582417582,1.0,4.0,5,51,30,10,0,0,0,0
Measured,prefill-1024.sstrace,16,25,15,16,160,93,1.7204301075268817,1.0,4.0,5,57,24,12,0,0,0,0
Measured,prefill-1024.sstrace,16,26,15,16,160,90,1.7777777777777777,1.0,4.549999999999997,5,53,29,8,0,0,0,0
Measured,prefill-1024.sstrace,16,27,15,16,160,92,1.7391304347826086,1.0,4.0,5,54,31,7,0,0,0,0
Measured,prefill-1024.sstrace,16,28,15,16,160,95,1.6842105263157894,1.0,3.0,6,52,39,4,0,0,0,0
Measured,prefill-1024.sstrace,16,29,15,16,160,84,1.9047619047619047,1.0,4.0,5,44,30,10,0,0,0,0
Measured,prefill-1024.sstrace,16,30,15,16,160,83,1.927710843373494,1.0,5.0,7,46,27,10,0,0,0,0
Measured,prefill-1024.sstrace,16,31,15,16,160,86,1.8604651162790697,1.0,5.0,5,49,25,12,0,0,0,0
Measured,prefill-1024.sstrace,16,32,15,16,160,85,1.8823529411764706,1.0,5.0,8,52,21,11,1,0,0,0
Measured,prefill-1024.sstrace,16,33,15,16,160,87,1.839080459770115,1.0,4.0,6,46,32,9,0,0,0,0
Measured,prefill-1024.sstrace,16,34,15,16,160,91,1.7582417582417582,1.0,4.0,7,52,31,8,0,0,0,0
Measured,prefill-1024.sstrace,16,35,15,16,160,96,1.6666666666666667,1.0,4.25,9,60,30,5,1,0,0,0
Measured,prefill-1024.sstrace,16,36,15,16,160,88,1.8181818181818181,1.0,4.0,5,48,32,8,0,0,0,0
Measured,prefill-1024.sstrace,16,37,15,16,160,82,1.951219512195122,1.0,5.950000000000003,10,52,18,9,3,0,0,0
Measured,prefill-1024.sstrace,16,38,15,16,160,89,1.797752808988764,1.0,4.0,6,50,28,11,0,0,0,0
Measured,prefill-1024.sstrace,16,39,15,16,160,84,1.9047619047619047,1.0,6.0,8,54,17,12,1,0,0,0
Measured,prefill-1024.sstrace,16,40,15,16,160,92,1.7391304347826086,1.0,5.0,5,56,27,9,0,0,0,0
Measured,prefill-1024.sstrace,16,41,15,16,160,82,1.951219512195122,1.0,4.950000000000003,8,46,27,8,1,0,0,0
Measured,prefill-1024.sstrace,16,42,15,16,160,99,1.6161616161616161,1.0,4.0,8,63,30,5,1,0,0,0
Measured,prefill-1024.sstrace,16,43,15,16,160,85,1.8823529411764706,1.0,4.0,6,44,31,10,0,0,0,0
Measured,prefill-1024.sstrace,16,44,15,16,160,76,2.1052631578947367,1.0,6.0,11,48,14,11,3,0,0,0
Measured,prefill-1024.sstrace,16,45,15,16,160,91,1.7582417582417582,1.0,4.0,6,54,28,9,0,0,0,0
Measured,prefill-1024.sstrace,16,46,15,16,160,80,2.0,1.0,6.0,9,50,18,11,1,0,0,0
Measured,prefill-1024.sstrace,16,47,15,16,160,93,1.7204301075268817,1.0,4.0,5,56,29,8,0,0,0,0
Measured,prefill-1024.sstrace,16,48,15,16,160,80,2.0,2.0,4.049999999999997,8,39,34,6,1,0,0,0
Measured,prefill-1024.sstrace,16,49,15,16,160,96,1.6666666666666667,1.0,4.25,8,66,21,8,1,0,0,0
Measured,prefill-1024.sstrace,16,50,15,16,160,88,1.8181818181818181,1.0,4.0,6,50,28,10,0,0,0,0
Measured,prefill-1024.sstrace,16,51,15,16,160,77,2.0779220779220777,1.0,5.200000000000003,11,41,26,9,1,0,0,0
Measured,prefill-1024.sstrace,16,52,15,16,160,94,1.702127659574468,1.0,4.0,6,58,26,10,0,0,0,0
Measured,prefill-1024.sstrace,16,53,15,16,160,83,1.927710843373494,1.0,4.8999999999999915,9,48,25,8,2,0,0,0
Measured,prefill-1024.sstrace,16,54,15,16,160,92,1.7391304347826086,1.0,4.0,6,54,29,9,0,0,0,0
Measured,prefill-1024.sstrace,16,55,15,16,160,89,1.797752808988764,1.0,4.0,7,54,26,9,0,0,0,0
Measured,prefill-1024.sstrace,16,56,15,16,160,105,1.5238095238095237,1.0,4.0,7,73,25,7,0,0,0,0
Measured,prefill-1024.sstrace,16,57,15,16,160,95,1.6842105263157894,1.0,4.0,6,55,32,8,0,0,0,0
Measured,prefill-1024.sstrace,16,58,15,16,160,83,1.927710843373494,1.0,5.0,9,51,20,11,1,0,0,0
Measured,prefill-1024.sstrace,16,59,15,16,160,91,1.7582417582417582,1.0,4.0,6,53,29,9,0,0,0,0
Measured,prefill-1024.sstrace,16,60,15,16,160,98,1.6326530612244898,1.0,5.0,7,70,19,9,0,0,0,0
Measured,prefill-1024.sstrace,16,61,15,16,160,90,1.7777777777777777,1.0,4.0,5,49,32,9,0,0,0,0
Measured,prefill-1024.sstrace,16,62,15,16,160,95,1.6842105263157894,1.0,4.0,5,58,28,9,0,0,0,0
Measured,prefill-1024.sstrace,16,63,15,16,160,101,1.5841584158415842,1.0,4.0,7,70,24,7,0,0,0,0
Measured,prefill-1024.sstrace,16,0,16,16,160,64,2.5,2.0,6.0,14,29,21,11,3,0,0,0
Measured,prefill-1024.sstrace,16,1,16,16,160,57,2.807017543859649,2.0,6.0,8,20,20,15,2,0,0,0
Measured,prefill-1024.sstrace,16,2,16,16,160,64,2.5,2.0,7.0,9,29,20,13,2,0,0,0
Measured,prefill-1024.sstrace,16,3,16,16,160,64,2.5,2.0,5.849999999999994,8,26,21,16,1,0,0,0
Measured,prefill-1024.sstrace,16,4,16,16,160,67,2.388059701492537,2.0,6.0,10,29,26,9,3,0,0,0
Measured,prefill-1024.sstrace,16,5,16,16,160,69,2.318840579710145,2.0,6.0,7,34,21,14,0,0,0,0
Measured,prefill-1024.sstrace,16,6,16,16,160,73,2.191780821917808,1.0,6.0,9,38,22,11,2,0,0,0
Measured,prefill-1024.sstrace,16,7,16,16,160,75,2.1333333333333333,2.0,5.0,9,36,28,9,2,0,0,0
Measured,prefill-1024.sstrace,16,8,16,16,160,64,2.5,1.0,7.0,8,35,13,13,3,0,0,0
Measured,prefill-1024.sstrace,16,9,16,16,160,72,2.2222222222222223,1.0,7.450000000000003,11,42,19,7,4,0,0,0
Measured,prefill-1024.sstrace,16,10,16,16,160,72,2.2222222222222223,1.5,7.0,8,36,24,10,2,0,0,0
Measured,prefill-1024.sstrace,16,11,16,16,160,72,2.2222222222222223,1.0,6.900000000000006,10,40,20,8,4,0,0,0
Measured,prefill-1024.sstrace,16,12,16,16,160,78,2.051282051282051,1.0,6.1499999999999915,7,46,19,13,0,0,0,0
Measured,prefill-1024.sstrace,16,13,16,16,160,80,2.0,1.0,4.049999999999997,8,44,24,10,2,0,0,0
Measured,prefill-1024.sstrace,16,14,16,16,160,91,1.7582417582417582,1.0,4.5,8,55,28,7,1,0,0,0
Measured,prefill-1024.sstrace,16,15,16,16,160,77,2.0779220779220777,2.0,6.0,7,37,31,9,0,0,0,0
Measured,prefill-1024.sstrace,16,16,16,16,160,78,2.051282051282051,1.0,5.299999999999983,10,42,27,7,2,0,0,0
Measured,prefill-1024.sstrace,16,17,16,16,160,82,1.951219512195122,1.0,5.0,7,44,30,8,0,0,0,0
Measured,prefill-1024.sstrace,16,18,16,16,160,95,1.6842105263157894,1.0,4.0,7,56,32,7,0,0,0,0
Measured,prefill-1024.sstrace,16,19,16,16,160,88,1.8181818181818181,1.0,5.0,6,51,28,9,0,0,0,0
Measured,prefill-1024.sstrace,16,20,16,16,160,103,1.5533980582524272,1.0,4.0,6,66,30,7,0,0,0,0
Measured,prefill-1024.sstrace,16,21,16,16,160,108,1.4814814814814814,1.0,3.6499999999999915,5,75,27,6,0,0,0,0
Measured,prefill-1024.sstrace,16,22,16,16,160,88,1.8181818181818181,1.0,5.0,6,53,25,10,0,0,0,0
Measured,prefill-1024.sstrace,16,23,16,16,160,97,1.6494845360824741,1.0,4.0,7,59,32,6,0,0,0,0
Measured,prefill-1024.sstrace,16,24,16,16,160,97,1.6494845360824741,1.0,5.0,7,68,19,10,0,0,0,0
Measured,prefill-1024.sstrace,16,25,16,16,160,104,1.5384615384615385,1.0,3.8499999999999943,6,69,29,6,0,0,0,0
Measured,prefill-1024.sstrace,16,26,16,16,160,92,1.7391304347826086,1.0,5.0,6,59,23,10,0,0,0,0
Measured,prefill-1024.sstrace,16,27,16,16,160,102,1.5686274509803921,1.0,3.9499999999999886,7,67,29,6,0,0,0,0
Measured,prefill-1024.sstrace,16,28,16,16,160,101,1.5841584158415842,1.0,3.0,6,64,32,5,0,0,0,0
Measured,prefill-1024.sstrace,16,29,16,16,160,96,1.6666666666666667,1.0,5.0,7,64,24,8,0,0,0,0
Measured,prefill-1024.sstrace,16,30,16,16,160,99,1.6161616161616161,1.0,4.0,8,65,28,5,1,0,0,0
Measured,prefill-1024.sstrace,16,31,16,16,160,91,1.7582417582417582,1.0,4.5,6,54,27,10,0,0,0,0
Measured,prefill-1024.sstrace,16,32,16,16,160,100,1.6,1.0,3.049999999999997,7,66,29,5,0,0,0,0
Measured,prefill-1024.sstrace,16,33,16,16,160,100,1.6,1.0,4.049999999999997,6,65,28,7,0,0,0,0
Measured,prefill-1024.sstrace,16,34,16,16,160,100,1.6,1.0,4.0,6,63,31,6,0,0,0,0
Measured,prefill-1024.sstrace,16,35,16,16,160,94,1.702127659574468,1.0,4.0,6,59,27,8,0,0,0,0
Measured,prefill-1024.sstrace,16,36,16,16,160,96,1.6666666666666667,1.0,5.0,6,64,22,10,0,0,0,0
Measured,prefill-1024.sstrace,16,37,16,16,160,86,1.8604651162790697,1.0,5.0,8,56,17,12,1,0,0,0
Measured,prefill-1024.sstrace,16,38,16,16,160,97,1.6494845360824741,1.0,4.199999999999989,6,66,22,9,0,0,0,0
Measured,prefill-1024.sstrace,16,39,16,16,160,95,1.6842105263157894,1.0,5.0,7,67,19,9,0,0,0,0
Measured,prefill-1024.sstrace,16,40,16,16,160,101,1.5841584158415842,1.0,4.0,5,68,26,7,0,0,0,0
Measured,prefill-1024.sstrace,16,41,16,16,160,92,1.7391304347826086,1.0,4.0,5,52,33,7,0,0,0,0
Measured,prefill-1024.sstrace,16,42,16,16,160,98,1.6326530612244898,1.0,4.0,5,57,35,6,0,0,0,0
Measured,prefill-1024.sstrace,16,43,16,16,160,89,1.797752808988764,1.0,4.0,6,54,26,9,0,0,0,0
Measured,prefill-1024.sstrace,16,44,16,16,160,85,1.8823529411764706,1.0,5.0,8,53,21,10,1,0,0,0
Measured,prefill-1024.sstrace,16,45,16,16,160,87,1.839080459770115,1.0,5.0,6,53,24,10,0,0,0,0
Measured,prefill-1024.sstrace,16,46,16,16,160,96,1.6666666666666667,1.0,4.0,7,64,23,9,0,0,0,0
Measured,prefill-1024.sstrace,16,47,16,16,160,97,1.6494845360824741,1.0,4.0,5,65,23,9,0,0,0,0
Measured,prefill-1024.sstrace,16,48,16,16,160,87,1.839080459770115,1.0,4.0,6,46,33,8,0,0,0,0
Measured,prefill-1024.sstrace,16,49,16,16,160,94,1.702127659574468,1.0,4.0,5,53,35,6,0,0,0,0
Measured,prefill-1024.sstrace,16,50,16,16,160,90,1.7777777777777777,1.0,4.0,6,51,30,9,0,0,0,0
Measured,prefill-1024.sstrace,16,51,16,16,160,84,1.9047619047619047,1.0,4.849999999999994,10,50,22,11,1,0,0,0
Measured,prefill-1024.sstrace,16,52,16,16,160,93,1.7204301075268817,1.0,4.0,6,57,27,9,0,0,0,0
Measured,prefill-1024.sstrace,16,53,16,16,160,89,1.797752808988764,1.0,4.0,7,54,25,10,0,0,0,0
Measured,prefill-1024.sstrace,16,54,16,16,160,98,1.6326530612244898,1.0,4.0,5,61,29,8,0,0,0,0
Measured,prefill-1024.sstrace,16,55,16,16,160,94,1.702127659574468,1.0,4.0,6,52,35,7,0,0,0,0
Measured,prefill-1024.sstrace,16,56,16,16,160,98,1.6326530612244898,1.0,3.0,6,57,39,2,0,0,0,0
Measured,prefill-1024.sstrace,16,57,16,16,160,94,1.702127659574468,1.0,4.0,6,58,28,8,0,0,0,0
Measured,prefill-1024.sstrace,16,58,16,16,160,86,1.8604651162790697,1.0,4.0,6,54,17,15,0,0,0,0
Measured,prefill-1024.sstrace,16,59,16,16,160,90,1.7777777777777777,1.0,4.0,6,55,25,10,0,0,0,0
Measured,prefill-1024.sstrace,16,60,16,16,160,98,1.6326530612244898,1.0,4.0,5,63,25,10,0,0,0,0
Measured,prefill-1024.sstrace,16,61,16,16,160,105,1.5238095238095237,1.0,3.0,5,73,27,5,0,0,0,0
Measured,prefill-1024.sstrace,16,62,16,16,160,98,1.6326530612244898,1.0,4.0,5,57,35,6,0,0,0,0
Measured,prefill-1024.sstrace,16,63,16,16,160,105,1.5238095238095237,1.0,3.0,5,67,35,3,0,0,0,0
Measured,prefill-1024.sstrace,16,0,17,16,160,68,2.3529411764705883,1.0,7.0,11,40,13,12,3,0,0,0
Measured,prefill-1024.sstrace,16,1,17,16,160,68,2.3529411764705883,2.0,7.0,8,33,23,10,2,0,0,0
Measured,prefill-1024.sstrace,16,2,17,16,160,64,2.5,2.0,6.0,9,20,32,10,2,0,0,0
Measured,prefill-1024.sstrace,16,3,17,16,160,69,2.318840579710145,2.0,6.0,7,30,26,13,0,0,0,0
Measured,prefill-1024.sstrace,16,4,17,16,160,80,2.0,1.0,5.049999999999997,10,47,24,6,3,0,0,0
Measured,prefill-1024.sstrace,16,5,17,16,160,80,2.0,1.0,6.0,7,50,17,13,0,0,0,0
Measured,prefill-1024.sstrace,16,6,17,16,160,85,1.8823529411764706,1.0,4.799999999999997,10,53,23,6,3,0,0,0
Measured,prefill-1024.sstrace,16,7,17,16,160,83,1.927710843373494,1.0,4.0,8,47,29,4,3,0,0,0
Measured,prefill-1024.sstrace,16,8,17,16,160,79,2.0253164556962027,1.0,6.0,7,42,26,11,0,0,0,0
Measured,prefill-1024.sstrace,16,9,17,16,160,80,2.0,1.0,5.049999999999997,10,46,24,8,2,0,0,0
Measured,prefill-1024.sstrace,16,10,17,16,160,85,1.8823529411764706,1.0,4.799999999999997,9,47,29,8,1,0,0,0
Measured,prefill-1024.sstrace,16,11,17,16,160,84,1.9047619047619047,1.0,5.0,9,53,20,9,2,0,0,0
Measured,prefill-1024.sstrace,16,12,17,16,160,89,1.797752808988764,1.0,4.0,6,51,31,7,0,0,0,0
Measured,prefill-1024.sstrace,16,13,17,16,160,96,1.6666666666666667,1.0,4.0,8,61,28,6,1,0,0,0
Measured,prefill-1024.sstrace,16,14,17,16,160,92,1.7391304347826086,1.0,4.0,8,56,29,5,2,0,0,0
Measured,prefill-1024.sstrace,16,15,17,16,160,90,1.7777777777777777,1.0,4.0,7,51,31,8,0,0,0,0
Measured,prefill-1024.sstrace,16,16,17,16,160,75,2.1333333333333333,2.0,4.299999999999997,11,37,26,10,2,0,0,0
Measured,prefill-1024.sstrace,16,17,17,16,160,92,1.7391304347826086,1.0,3.450000000000003,6,51,36,5,0,0,0,0
Measured,prefill-1024.sstrace,16,18,17,16,160,94,1.702127659574468,1.0,4.349999999999994,6,63,19,12,0,0,0,0
Measured,prefill-1024.sstrace,16,19,17,16,160,90,1.7777777777777777,2.0,3.0,4,44,42,4,0,0,0,0
Measured,prefill-1024.sstrace,16,20,17,16,160,104,1.5384615384615385,1.0,3.8499999999999943,6,73,25,6,0,0,0,0
Measured,prefill-1024.sstrace,16,21,17,16,160,99,1.6161616161616161,1.0,3.0999999999999943,5,60,34,5,0,0,0,0
Measured,prefill-1024.sstrace,16,22,17,16,160,88,1.8181818181818181,1.0,4.6499999999999915,5,52,25,11,0,0,0,0
Measured,prefill-1024.sstrace,16,23,17,16,160,85,1.8823529411764706,1.0,5.0,5,51,23,11,0,0,0,0
Measured,prefill-1024.sstrace,16,24,17,16,160,92,1.7391304347826086,1.0,4.0,7,55,28,9,0,0,0,0
Measured,prefill-1024.sstrace,16,25,17,16,160,95,1.6842105263157894,1.0,4.0,5,63,22,10,0,0,0,0
Measured,prefill-1024.sstrace,16,26,17,16,160,91,1.7582417582417582,1.0,4.0,6,56,26,9,0,0,0,0
Measured,prefill-1024.sstrace,16,27,17,16,160,96,1.6666666666666667,1.0,4.0,7,58,32,6,0,0,0,0
Measured,prefill-1024.sstrace,16,28,17,16,160,95,1.6842105263157894,1.0,4.0,5,62,24,9,0,0,0,0
Measured,prefill-1024.sstrace,16,29,17,16,160,85,1.8823529411764706,1.0,4.0,6,45,33,7,0,0,0,0
Measured,prefill-1024.sstrace,16,30,17,16,160,86,1.8604651162790697,1.0,5.0,7,49,27,10,0,0,0,0
Measured,prefill-1024.sstrace,16,31,17,16,160,87,1.839080459770115,1.0,4.0,7,48,33,6,0,0,0,0
Measured,prefill-1024.sstrace,16,32,17,16,160,94,1.702127659574468,1.0,4.0,7,58,28,8,0,0,0,0
Measured,prefill-1024.sstrace,16,33,17,16,160,95,1.6842105263157894,1.0,4.0,6,58,31,6,0,0,0,0
Measured,prefill-1024.sstrace,16,34,17,16,160,105,1.5238095238095237,1.0,3.0,5,66,37,2,0,0,0,0
Measured,prefill-1024.sstrace,16,35,17,16,160,100,1.6,1.0,4.0,6,66,27,7,0,0,0,0
Measured,prefill-1024.sstrace,16,36,17,16,160,92,1.7391304347826086,1.0,3.450000000000003,5,50,37,5,0,0,0,0
Measured,prefill-1024.sstrace,16,37,17,16,160,88,1.8181818181818181,1.0,4.6499999999999915,8,54,25,8,1,0,0,0
Measured,prefill-1024.sstrace,16,38,17,16,160,91,1.7582417582417582,1.0,4.0,8,53,31,6,1,0,0,0
Measured,prefill-1024.sstrace,16,39,17,16,160,90,1.7777777777777777,1.0,4.0,9,55,27,7,1,0,0,0
Measured,prefill-1024.sstrace,16,40,17,16,160,98,1.6326530612244898,1.0,4.0,6,62,29,7,0,0,0,0
Measured,prefill-1024.sstrace,16,41,17,16,160,94,1.702127659574468,1.0,4.0,7,56,31,7,0,0,0,0
Measured,prefill-1024.sstrace,16,42,17,16,160,104,1.5384615384615385,1.0,4.0,6,73,24,7,0,0,0,0
Measured,prefill-1024.sstrace,16,43,17,16,160,87,1.839080459770115,1.0,4.700000000000003,7,48,31,8,0,0,0,0
Measured,prefill-1024.sstrace,16,44,17,16,160,82,1.951219512195122,1.0,5.950000000000003,9,49,24,6,3,0,0,0
Measured,prefill-1024.sstrace,16,45,17,16,160,88,1.8181818181818181,1.0,4.0,10,49,31,7,1,0,0,0
Measured,prefill-1024.sstrace,16,46,17,16,160,91,1.7582417582417582,1.0,4.5,9,57,28,5,1,0,0,0
Measured,prefill-1024.sstrace,16,47,17,16,160,100,1.6,1.0,4.0,6,64,29,7,0,0,0,0
Measured,prefill-1024.sstrace,16,48,17,16,160,95,1.6842105263157894,1.0,4.299999999999997,8,59,29,6,1,0,0,0
Measured,prefill-1024.sstrace,16,49,17,16,160,96,1.6666666666666667,1.0,5.0,7,67,22,7,0,0,0,0
Measured,prefill-1024.sstrace,16,50,17,16,160,82,1.951219512195122,1.5,4.0,7,41,31,10,0,0,0,0
Measured,prefill-1024.sstrace,16,51,17,16,160,89,1.797752808988764,1.0,4.0,9,59,22,5,3,0,0,0
Measured,prefill-1024.sstrace,16,52,17,16,160,92,1.7391304347826086,1.0,4.0,9,58,25,8,1,0,0,0
Measured,prefill-1024.sstrace,16,53,17,16,160,85,1.8823529411764706,1.0,5.0,9,51,25,7,2,0,0,0
Measured,prefill-1024.sstrace,16,54,17,16,160,98,1.6326530612244898,1.0,4.0,7,63,27,8,0,0,0,0
Measured,prefill-1024.sstrace,16,55,17,16,160,94,1.702127659574468,1.0,4.0,8,58,30,5,1,0,0,0
Measured,prefill-1024.sstrace,16,56,17,16,160,96,1.6666666666666667,1.0,4.5,7,63,27,6,0,0,0,0
Measured,prefill-1024.sstrace,16,57,17,16,160,87,1.839080459770115,1.0,4.700000000000003,7,50,27,10,0,0,0,0
Measured,prefill-1024.sstrace,16,58,17,16,160,89,1.797752808988764,1.0,4.0,9,57,26,3,3,0,0,0
Measured,prefill-1024.sstrace,16,59,17,16,160,85,1.8823529411764706,1.0,4.799999999999997,9,49,25,10,1,0,0,0
Measured,prefill-1024.sstrace,16,60,17,16,160,92,1.7391304347826086,1.0,4.0,9,58,26,7,1,0,0,0
Measured,prefill-1024.sstrace,16,61,17,16,160,101,1.5841584158415842,1.0,4.0,8,68,26,6,1,0,0,0
Measured,prefill-1024.sstrace,16,62,17,16,160,96,1.6666666666666667,1.0,5.0,7,64,24,8,0,0,0,0
Measured,prefill-1024.sstrace,16,63,17,16,160,96,1.6666666666666667,1.0,5.0,8,67,21,6,2,0,0,0
Measured,prefill-1024.sstrace,16,0,18,16,160,79,2.0253164556962027,1.0,4.0,13,43,29,4,3,0,0,0
Measured,prefill-1024.sstrace,16,1,18,16,160,84,1.9047619047619047,1.0,5.0,11,51,24,7,2,0,0,0
Measured,prefill-1024.sstrace,16,2,18,16,160,70,2.2857142857142856,2.0,6.549999999999997,12,29,32,6,3,0,0,0
Measured,prefill-1024.sstrace,16,3,18,16,160,81,1.9753086419753085,1.0,5.0,6,46,21,14,0,0,0,0
Measured,prefill-1024.sstrace,16,4,18,16,160,74,2.1621621621621623,1.0,6.0,7,42,17,15,0,0,0,0
Measured,prefill-1024.sstrace,16,5,18,16,160,72,2.2222222222222223,2.0,6.0,7,35,24,13,0,0,0,0
Measured,prefill-1024.sstrace,16,6,18,16,160,72,2.2222222222222223,1.0,7.0,10,40,20,10,2,0,0,0
Measured,prefill-1024.sstrace,16,7,18,16,160,80,2.0,1.0,5.049999999999997,8,46,22,11,1,0,0,0
Measured,prefill-1024.sstrace,16,8,18,16,160,67,2.388059701492537,2.0,7.0,8,32,22,11,2,0,0,0
Measured,prefill-1024.sstrace,16,9,18,16,160,68,2.3529411764705883,1.0,7.649999999999999,11,35,20,9,4,0,0,0
Measured,prefill-1024.sstrace,16,10,18,16,160,85,1.8823529411764706,1.0,5.799999999999997,8,51,24,8,2,0,0,0
Measured,prefill-1024.sstrace,16,11,18,16,160,68,2.3529411764705883,1.5,7.0,10,34,20,11,3,0,0,0
Measured,prefill-1024.sstrace,16,12,18,16,160,79,2.0253164556962027,1.0,5.099999999999994,7,45,21,13,0,0,0,0
Measured,prefill-1024.sstrace,16,13,18,16,160,77,2.0779220779220777,2.0,4.200000000000003,7,38,27,12,0,0,0,0
Measured,prefill-1024.sstrace,16,14,18,16,160,99,1.6161616161616161,1.0,4.099999999999994,6,69,20,10,0,0,0,0
Measured,prefill-1024.sstrace,16,15,18,16,160,82,1.951219512195122,1.0,4.0,7,42,33,7,0,0,0,0
Measured,prefill-1024.sstrace,16,16,18,16,160,69,2.318840579710145,1.0,6.0,7,35,19,15,0,0,0,0
Measured,prefill-1024.sstrace,16,17,18,16,160,89,1.797752808988764,1.0,5.0,8,54,25,9,1,0,0,0
Measured,prefill-1024.sstrace,16,18,18,16,160,80,2.0,2.0,5.0,5,39,28,13,0,0,0,0
Measured,prefill-1024.sstrace,16,19,18,16,160,89,1.797752808988764,1.0,4.599999999999994,7,54,28,7,0,0,0,0
Measured,prefill-1024.sstrace,16,20,18,16,160,92,1.7391304347826086,1.0,4.0,6,50,36,6,0,0,0,0
Measured,prefill-1024.sstrace,16,21,18,16,160,97,1.6494845360824741,1.0,4.0,5,60,29,8,0,0,0,0
Measured,prefill-1024.sstrace,16,22,18,16,160,78,2.051282051282051,2.0,5.0,7,37,29,12,0,0,0,0
Measured,prefill-1024.sstrace,16,23,18,16,160,87,1.839080459770115,1.0,5.700000000000003,7,52,25,10,0,0,0,0
Measured,prefill-1024.sstrace,16,24,18,16,160,83,1.927710843373494,1.0,4.0,8,42,34,6,1,0,0,0
Measured,prefill-1024.sstrace,16,25,18,16,160,87,1.839080459770115,1.0,5.0,8,54,24,8,1,0,0,0
Measured,prefill-1024.sstrace,16,26,18,16,160,88,1.8181818181818181,1.0,4.0,7,51,28,9,0,0,0,0
Measured,prefill-1024.sstrace,16,27,18,16,160,84,1.9047619047619047,1.0,4.0,7,46,27,11,0,0,0,0
Measured,prefill-1024.sstrace,16,28,18,16,160,97,1.6494845360824741,1.0,4.0,6,62,27,8,0,0,0,0
Measured,prefill-1024.sstrace,16,29,18,16,160,72,2.2222222222222223,2.0,4.900000000000006,7,29,34,9,0,0,0,0
Measured,prefill-1024.sstrace,16,30,18,16,160,78,2.051282051282051,1.0,5.1499999999999915,9,49,17,10,2,0,0,0
Measured,prefill-1024.sstrace,16,31,18,16,160,87,1.839080459770115,1.0,4.0,8,51,28,7,1,0,0,0
Measured,prefill-1024.sstrace,16,32,18,16,160,79,2.0253164556962027,1.0,6.0,10,47,19,12,1,0,0,0
Measured,prefill-1024.sstrace,16,33,18,16,160,87,1.839080459770115,1.0,4.700000000000003,6,49,27,11,0,0,0,0
Measured,prefill-1024.sstrace,16,34,18,16,160,85,1.8823529411764706,1.0,5.0,7,50,25,10,0,0,0,0
Measured,prefill-1024.sstrace,16,35,18,16,160,95,1.6842105263157894,1.0,4.0,6,57,32,6,0,0,0,0
Measured,prefill-1024.sstrace,16,36,18,16,160,76,2.1052631578947367,2.0,4.25,7,34,32,10,0,0,0,0
Measured,prefill-1024.sstrace,16,37,18,16,160,71,2.2535211267605635,2.0,6.0,10,34,24,12,1,0,0,0
Measured,prefill-1024.sstrace,16,38,18,16,160,82,1.951219512195122,1.0,5.0,9,46,27,8,1,0,0,0
Measured,prefill-1024.sstrace,16,39,18,16,160,76,2.1052631578947367,1.0,5.25,10,41,24,10,1,0,0,0
Measured,prefill-1024.sstrace,16,40,18,16,160,84,1.9047619047619047,1.0,5.0,6,44,30,10,0,0,0,0
Measured,prefill-1024.sstrace,16,41,18,16,160,80,2.0,1.0,5.0,7,41,29,10,0,0,0,0
Measured,prefill-1024.sstrace,16,42,18,16,160,98,1.6326530612244898,1.0,4.0,6,61,30,7,0,0,0,0
Measured,prefill-1024.sstrace,16,43,18,16,160,76,2.1052631578947367,1.0,5.0,7,39,23,14,0,0,0,0
Measured,prefill-1024.sstrace,16,44,18,16,160,71,2.2535211267605635,2.0,5.5,9,34,23,12,2,0,0,0
Measured,prefill-1024.sstrace,16,45,18,16,160,82,1.951219512195122,1.0,4.0,7,45,29,8,0,0,0,0
Measured,prefill-1024.sstrace,16,46,18,16,160,79,2.0253164556962027,1.0,5.099999999999994,9,45,22,11,1,0,0,0
Measured,prefill-1024.sstrace,16,47,18,16,160,84,1.9047619047619047,1.0,4.849999999999994,7,44,31,9,0,0,0,0
Measured,prefill-1024.sstrace,16,48,18,16,160,77,2.0779220779220777,2.0,5.0,7,36,29,12,0,0,0,0
Measured,prefill-1024.sstrace,16,49,18,16,160,89,1.797752808988764,1.0,5.0,7,50,31,8,0,0,0,0
Measured,prefill-1024.sstrace,16,50,18,16,160,77,2.0779220779220777,2.0,5.200000000000003,7,38,29,10,0,0,0,0
Measured,prefill-1024.sstrace,16,51,18,16,160,70,2.2857142857142856,2.0,5.549999999999997,9,33,24,10,3,0,0,0
Measured,prefill-1024.sstrace,16,52,18,16,160,79,2.0253164556962027,1.0,5.099999999999994,7,43,24,12,0,0,0,0
Measured,prefill-1024.sstrace,16,53,18,16,160,72,2.2222222222222223,2.0,5.0,10,34,22,15,1,0,0,0
Measured,prefill-1024.sstrace,16,54,18,16,160,86,1.8604651162790697,1.0,4.75,5,47,30,9,0,0,0,0
Measured,prefill-1024.sstrace,16,55,18,16,160,83,1.927710843373494,2.0,4.0,6,40,35,8,0,0,0,0
Measured,prefill-1024.sstrace,16,56,18,16,160,92,1.7391304347826086,1.0,4.0,7,55,28,9,0,0,0,0
Measured,prefill-1024.sstrace,16,57,18,16,160,85,1.8823529411764706,1.0,4.799999999999997,7,47,28,10,0,0,0,0
Measured,prefill-1024.sstrace,16,58,18,16,160,74,2.1621621621621623,1.0,6.0,7,40,23,11,0,0,0,0
Measured,prefill-1024.sstrace,16,59,18,16,160,83,1.927710843373494,1.0,4.0,8,47,25,10,1,0,0,0
Measured,prefill-1024.sstrace,16,60,18,16,160,85,1.8823529411764706,1.0,5.0,7,48,25,12,0,0,0,0
Measured,prefill-1024.sstrace,16,61,18,16,160,83,1.927710843373494,1.0,5.0,6,46,25,12,0,0,0,0
Measured,prefill-1024.sstrace,16,62,18,16,160,92,1.7391304347826086,1.0,4.0,7,55,28,9,0,0,0,0
Measured,prefill-1024.sstrace,16,63,18,16,160,95,1.6842105263157894,1.0,4.0,7,61,26,8,0,0,0,0
Measured,prefill-1024.sstrace,16,0,19,16,160,65,2.4615384615384617,2.0,8.0,11,32,23,5,5,0,0,0
Measured,prefill-1024.sstrace,16,1,19,16,160,64,2.5,2.0,7.0,8,30,19,14,1,0,0,0
Measured,prefill-1024.sstrace,16,2,19,16,160,65,2.4615384615384617,2.0,6.799999999999997,8,24,28,12,1,0,0,0
Measured,prefill-1024.sstrace,16,3,19,16,160,74,2.1621621621621623,1.0,6.0,7,39,21,14,0,0,0,0
Measured,prefill-1024.sstrace,16,4,19,16,160,74,2.1621621621621623,1.0,6.0,9,46,13,13,2,0,0,0
Measured,prefill-1024.sstrace,16,5,19,16,160,71,2.2535211267605635,1.0,6.0,7,37,18,16,0,0,0,0
Measured,prefill-1024.sstrace,16,6,19,16,160,78,2.051282051282051,1.0,6.1499999999999915,8,42,25,10,1,0,0,0
Measured,prefill-1024.sstrace,16,7,19,16,160,85,1.8823529411764706,1.0,5.0,9,54,18,12,1,0,0,0
Measured,prefill-1024.sstrace,16,8,19,16,160,75,2.1333333333333333,2.0,5.299999999999997,8,36,29,9,1,0,0,0
Measured,prefill-1024.sstrace,16,9,19,16,160,72,2.2222222222222223,1.0,7.0,10,41,18,11,2,0,0,0
Measured,prefill-1024.sstrace,16,10,19,16,160,90,1.7777777777777777,1.0,4.549999999999997,8,53,29,7,1,0,0,0
Measured,prefill-1024.sstrace,16,11,19,16,160,71,2.2535211267605635,1.0,7.5,10,39,19,9,4,0,0,0
Measured,prefill-1024.sstrace,16,12,19,16,160,85,1.8823529411764706,1.0,4.0,7,45,29,11,0,0,0,0
Measured,prefill-1024.sstrace,16,13,19,16,160,90,1.7777777777777777,1.0,4.0,8,58,23,8,1,0,0,0
Measured,prefill-1024.sstrace,16,14,19,16,160,89,1.797752808988764,1.0,4.0,7,53,27,9,0,0,0,0
Measured,prefill-1024.sstrace,16,15,19,16,160,93,1.7204301075268817,1.0,4.0,6,57,28,8,0,0,0,0
Measured,prefill-1024.sstrace,16,16,19,16,160,77,2.0779220779220777,1.0,6.0,10,45,20,9,3,0,0,0
Measured,prefill-1024.sstrace,16,17,19,16,160,87,1.839080459770115,1.0,4.0,5,48,28,11,0,0,0,0
Measured,prefill-1024.sstrace,16,18,19,16,160,92,1.7391304347826086,1.0,4.0,10,62,23,6,1,0,0,0
Measured,prefill-1024.sstrace,16,19,19,16,160,95,1.6842105263157894,1.0,4.0,5,57,31,7,0,0,0,0
Measured,prefill-1024.sstrace,16,20,19,16,160,101,1.5841584158415842,1.0,4.0,7,65,30,6,0,0,0,0
Measured,prefill-1024.sstrace,16,21,19,16,160,112,1.4285714285714286,1.0,3.0,6,83,26,3,0,0,0,0
Measured,prefill-1024.sstrace,16,22,19,16,160,87,1.839080459770115,1.0,4.0,7,47,30,10,0,0,0,0
Measured,prefill-1024.sstrace,16,23,19,16,160,94,1.702127659574468,1.0,5.0,6,62,22,10,0,0,0,0
Measured,prefill-1024.sstrace,16,24,19,16,160,91,1.7582417582417582,1.0,4.5,7,53,28,10,0,0,0,0
Measured,prefill-1024.sstrace,16,25,19,16,160,90,1.7777777777777777,1.0,5.0,6,55,26,9,0,0,0,0
Measured,prefill-1024.sstrace,16,26,19,16,160,99,1.6161616161616161,1.0,4.0,5,61,32,6,0,0,0,0
Measured,prefill-1024.sstrace,16,27,19,16,160,92,1.7391304347826086,1.0,4.450000000000003,6,55,29,8,0,0,0,0
Measured,prefill-1024.sstrace,16,28,19,16,160,105,1.5238095238095237,1.0,4.0,5,72,26,7,0,0,0,0
Measured,prefill-1024.sstrace,16,29,19,16,160,88,1.8181818181818181,1.0,4.0,8,51,28,8,1,0,0,0
Measured,prefill-1024.sstrace,16,30,19,16,160,92,1.7391304347826086,1.0,4.0,6,53,32,7,0,0,0,0
Measured,prefill-1024.sstrace,16,31,19,16,160,91,1.7582417582417582,1.0,4.0,7,48,37,6,0,0,0,0
Measured,prefill-1024.sstrace,16,32,19,16,160,89,1.797752808988764,1.0,4.0,9,55,24,9,1,0,0,0
Measured,prefill-1024.sstrace,16,33,19,16,160,100,1.6,1.0,4.0,7,67,27,6,0,0,0,0
Measured,prefill-1024.sstrace,16,34,19,16,160,97,1.6494845360824741,1.0,3.0,7,62,31,4,0,0,0,0
Measured,prefill-1024.sstrace,16,35,19,16,160,97,1.6494845360824741,1.0,4.0,8,62,28,6,1,0,0,0
Measured,prefill-1024.sstrace,16,36,19,16,160,96,1.6666666666666667,1.0,4.0,8,63,25,7,1,0,0,0
Measured,prefill-1024.sstrace,16,37,19,16,160,78,2.051282051282051,1.0,5.1499999999999915,10,45,23,9,1,0,0,0
Measured,prefill-1024.sstrace,16,38,19,16,160,93,1.7204301075268817,1.0,4.3999999999999915,6,58,26,9,0,0,0,0
Measured,prefill-1024.sstrace,16,39,19,16,160,88,1.8181818181818181,1.0,5.0,8,56,24,6,2,0,0,0
Measured,prefill-1024.sstrace,16,40,19,16,160,99,1.6161616161616161,1.0,4.0,6,66,25,8,0,0,0,0
Measured,prefill-1024.sstrace,16,41,19,16,160,98,1.6326530612244898,1.0,4.0,7,65,25,8,0,0,0,0
Measured,prefill-1024.sstrace,16,42,19,16,160,104,1.5384615384615385,1.0,3.8499999999999943,8,73,25,5,1,0,0,0
Measured,prefill-1024.sstrace,16,43,19,16,160,86,1.8604651162790697,1.0,5.0,8,48,27,10,1,0,0,0
Measured,prefill-1024.sstrace,16,44,19,16,160,84,1.9047619047619047,1.0,5.0,8,48,27,8,1,0,0,0
Measured,prefill-1024.sstrace,16,45,19,16,160,85,1.8823529411764706,1.0,4.799999999999997,9,45,33,6,1,0,0,0
Measured,prefill-1024.sstrace,16,46,19,16,160,89,1.797752808988764,1.0,5.0,7,52,29,8,0,0,0,0
Measured,prefill-1024.sstrace,16,47,19,16,160,101,1.5841584158415842,1.0,4.0,8,67,28,5,1,0,0,0
Measured,prefill-1024.sstrace,16,48,19,16,160,88,1.8181818181818181,1.0,4.0,9,51,30,6,1,0,0,0
Measured,prefill-1024.sstrace,16,49,19,16,160,95,1.6842105263157894,1.0,4.0,8,61,23,10,1,0,0,0
Measured,prefill-1024.sstrace,16,50,19,16,160,85,1.8823529411764706,1.0,4.0,10,46,30,8,1,0,0,0
Measured,prefill-1024.sstrace,16,51,19,16,160,86,1.8604651162790697,1.0,4.0,6,46,30,10,0,0,0,0
Measured,prefill-1024.sstrace,16,52,19,16,160,93,1.7204301075268817,1.0,4.0,8,60,24,8,1,0,0,0
Measured,prefill-1024.sstrace,16,53,19,16,160,79,2.0253164556962027,1.0,6.0,10,44,26,8,1,0,0,0
Measured,prefill-1024.sstrace,16,54,19,16,160,100,1.6,1.0,5.0,7,68,24,8,0,0,0,0
Measured,prefill-1024.sstrace,16,55,19,16,160,85,1.8823529411764706,1.0,5.0,7,44,31,10,0,0,0,0
Measured,prefill-1024.sstrace,16,56,19,16,160,94,1.702127659574468,1.0,4.0,8,58,29,6,1,0,0,0
Measured,prefill-1024.sstrace,16,57,19,16,160,86,1.8604651162790697,1.0,4.0,9,46,31,8,1,0,0,0
Measured,prefill-1024.sstrace,16,58,19,16,160,91,1.7582417582417582,1.0,4.5,9,56,26,8,1,0,0,0
Measured,prefill-1024.sstrace,16,59,19,16,160,89,1.797752808988764,1.0,4.0,9,54,27,7,1,0,0,0
Measured,prefill-1024.sstrace,16,60,19,16,160,96,1.6666666666666667,1.0,4.0,7,65,21,10,0,0,0,0
Measured,prefill-1024.sstrace,16,61,19,16,160,107,1.4953271028037383,1.0,3.0,7,75,27,5,0,0,0,0
Measured,prefill-1024.sstrace,16,62,19,16,160,89,1.797752808988764,1.0,4.0,8,52,29,7,1,0,0,0
Measured,prefill-1024.sstrace,16,63,19,16,160,100,1.6,1.0,4.0,6,63,31,6,0,0,0,0
Measured,prefill-1024.sstrace,16,0,20,16,160,66,2.4242424242424243,2.0,5.75,7,26,25,15,0,0,0,0
Measured,prefill-1024.sstrace,16,1,20,16,160,68,2.3529411764705883,2.0,6.0,8,29,27,11,1,0,0,0
Measured,prefill-1024.sstrace,16,2,20,16,160,66,2.4242424242424243,2.0,6.0,7,26,26,14,0,0,0,0
Measured,prefill-1024.sstrace,16,3,20,16,160,75,2.1333333333333333,1.0,6.0,8,41,20,13,1,0,0,0
Measured,prefill-1024.sstrace,16,4,20,16,160,79,2.0253164556962027,1.0,5.199999999999989,9,47,21,8,3,0,0,0
Measured,prefill-1024.sstrace,16,5,20,16,160,81,1.9753086419753085,1.0,5.0,7,46,22,13,0,0,0,0
Measured,prefill-1024.sstrace,16,6,20,16,160,84,1.9047619047619047,1.0,4.0,8,49,24,10,1,0,0,0
Measured,prefill-1024.sstrace,16,7,20,16,160,84,1.9047619047619047,1.0,4.849999999999994,7,50,24,10,0,0,0,0
Measured,prefill-1024.sstrace,16,8,20,16,160,75,2.1333333333333333,1.0,7.0,8,45,16,13,1,0,0,0
Measured,prefill-1024.sstrace,16,9,20,16,160,79,2.0253164556962027,1.0,6.0,12,48,21,7,3,0,0,0
Measured,prefill-1024.sstrace,16,10,20,16,160,78,2.051282051282051,1.0,6.0,8,42,25,10,1,0,0,0
Measured,prefill-1024.sstrace,16,11,20,16,160,77,2.0779220779220777,1.0,5.200000000000003,12,41,28,6,2,0,0,0
Measured,prefill-1024.sstrace,16,12,20,16,160,83,1.927710843373494,1.0,4.0,7,44,31,8,0,0,0,0
Measured,prefill-1024.sstrace,16,13,20,16,160,85,1.8823529411764706,1.0,4.0,10,53,22,8,2,0,0,0
Measured,prefill-1024.sstrace,16,14,20,16,160,91,1.7582417582417582,1.0,4.5,9,56,25,9,1,0,0,0
Measured,prefill-1024.sstrace,16,15,20,16,160,81,1.9753086419753085,1.0,5.0,7,41,28,12,0,0,0,0
Measured,prefill-1024.sstrace,16,16,20,16,160,84,1.9047619047619047,1.0,5.0,13,56,18,8,2,0,0,0
Measured,prefill-1024.sstrace,16,17,20,16,160,83,1.927710843373494,1.0,5.0,7,48,23,12,0,0,0,0
Measured,prefill-1024.sstrace,16,18,20,16,160,85,1.8823529411764706,1.0,5.0,11,56,20,7,2,0,0,0
Measured,prefill-1024.sstrace,16,19,20,16,160,84,1.9047619047619047,1.0,4.0,8,50,21,11,2,0,0,0
Measured,prefill-1024.sstrace,16,20,20,16,160,93,1.7204301075268817,1.0,4.0,8,59,26,7,1,0,0,0
Measured,prefill-1024.sstrace,16,21,20,16,160,97,1.6494845360824741,1.0,4.0,8,63,26,6,2,0,0,0
Measured,prefill-1024.sstrace,16,22,20,16,160,91,1.7582417582417582,1.0,4.0,7,54,30,7,0,0,0,0
Measured,prefill-1024.sstrace,16,23,20,16,160,92,1.7391304347826086,1.0,4.0,9,61,22,7,2,0,0,0
Measured,prefill-1024.sstrace,16,24,20,16,160,96,1.6666666666666667,1.0,4.0,5,60,29,7,0,0,0,0
Measured,prefill-1024.sstrace,16,25,20,16,160,99,1.6161616161616161,1.0,3.0999999999999943,9,67,27,3,2,0,0,0
Measured,prefill-1024.sstrace,16,26,20,16,160,92,1.7391304347826086,1.0,4.0,7,56,29,7,0,0,0,0
Measured,prefill-1024.sstrace,16,27,20,16,160,93,1.7204301075268817,1.0,3.3999999999999915,6,54,34,5,0,0,0,0
Measured,prefill-1024.sstrace,16,28,20,16,160,97,1.6494845360824741,1.0,3.1999999999999886,8,59,33,4,1,0,0,0
Measured,prefill-1024.sstrace,16,29,20,16,160,90,1.7777777777777777,1.0,4.0,7,52,30,8,0,0,0,0
Measured,prefill-1024.sstrace,16,30,20,16,160,98,1.6326530612244898,1.0,3.1499999999999915,8,61,32,4,1,0,0,0
Measured,prefill-1024.sstrace,16,31,20,16,160,105,1.5238095238095237,1.0,3.0,8,71,30,3,1,0,0,0
Measured,prefill-1024.sstrace,16,32,20,16,160,93,1.7204301075268817,1.0,3.3999999999999915,7,53,35,5,0,0,0,0
Measured,prefill-1024.sstrace,16,33,20,16,160,88,1.8181818181818181,1.0,4.0,7,51,27,10,0,0,0,0
Measured,prefill-1024.sstrace,16,34,20,16,160,98,1.6326530612244898,1.0,4.0,6,61,31,6,0,0,0,0
Measured,prefill-1024.sstrace,16,35,20,16,160,104,1.5384615384615385,1.0,4.0,5,69,28,7,0,0,0,0
Measured,prefill-1024.sstrace,16,36,20,16,160,93,1.7204301075268817,1.0,3.0,8,51,38,3,1,0,0,0
Measured,prefill-1024.sstrace,16,37,20,16,160,85,1.8823529411764706,1.0,5.0,8,52,22,10,1,0,0,0
Measured,prefill-1024.sstrace,16,38,20,16,160,99,1.6161616161616161,1.0,3.0999999999999943,5,62,32,5,0,0,0,0
Measured,prefill-1024.sstrace,16,39,20,16,160,93,1.7204301075268817,1.0,4.0,8,57,28,7,1,0,0,0
Measured,prefill-1024.sstrace,16,40,20,16,160,98,1.6326530612244898,1.0,3.1499999999999915,6,63,30,5,0,0,0,0
Measured,prefill-1024.sstrace,16,41,20,16,160,100,1.6,1.0,4.0,5,64,29,7,0,0,0,0
Measured,prefill-1024.sstrace,16,42,20,16,160,106,1.509433962264151,1.0,4.0,5,74,23,9,0,0,0,0
Measured,prefill-1024.sstrace,16,43,20,16,160,84,1.9047619047619047,1.0,5.0,7,45,30,9,0,0,0,0
Measured,prefill-1024.sstrace,16,44,20,16,160,88,1.8181818181818181,1.0,4.0,7,51,27,10,0,0,0,0
Measured,prefill-1024.sstrace,16,45,20,16,160,95,1.6842105263157894,1.0,3.299999999999997,7,58,32,5,0,0,0,0
Measured,prefill-1024.sstrace,16,46,20,16,160,89,1.797752808988764,1.0,4.0,5,49,32,8,0,0,0,0
Measured,prefill-1024.sstrace,16,47,20,16,160,99,1.6161616161616161,1.0,4.0,7,67,21,11,0,0,0,0
Measured,prefill-1024.sstrace,16,48,20,16,160,96,1.6666666666666667,1.0,4.0,6,62,25,9,0,0,0,0
Measured,prefill-1024.sstrace,16,49,20,16,160,91,1.7582417582417582,1.0,4.5,5,54,29,8,0,0,0,0
Measured,prefill-1024.sstrace,16,50,20,16,160,88,1.8181818181818181,1.0,4.0,7,46,34,8,0,0,0,0
Measured,prefill-1024.sstrace,16,51,20,16,160,80,2.0,1.0,5.0,8,42,28,9,1,0,0,0
Measured,prefill-1024.sstrace,16,52,20,16,160,95,1.6842105263157894,1.0,4.0,6,59,27,9,0,0,0,0
Measured,prefill-1024.sstrace,16,53,20,16,160,83,1.927710843373494,1.0,5.0,7,47,25,11,0,0,0,0
Measured,prefill-1024.sstrace,16,54,20,16,160,98,1.6326530612244898,1.0,3.1499999999999915,8,63,30,4,1,0,0,0
Measured,prefill-1024.sstrace,16,55,20,16,160,98,1.6326530612244898,1.0,5.0,6,67,21,10,0,0,0,0
Measured,prefill-1024.sstrace,16,56,20,16,160,99,1.6161616161616161,1.0,4.0,5,62,29,8,0,0,0,0
Measured,prefill-1024.sstrace,16,57,20,16,160,96,1.6666666666666667,1.0,4.0,6,59,31,6,0,0,0,0
Measured,prefill-1024.sstrace,16,58,20,16,160,91,1.7582417582417582,1.0,4.5,7,58,24,9,0,0,0,0
Measured,prefill-1024.sstrace,16,59,20,16,160,104,1.5384615384615385,1.0,4.0,6,75,22,7,0,0,0,0
Measured,prefill-1024.sstrace,16,60,20,16,160,89,1.797752808988764,1.0,4.0,7,48,34,7,0,0,0,0
Measured,prefill-1024.sstrace,16,61,20,16,160,100,1.6,1.0,4.0,6,64,30,6,0,0,0,0
Measured,prefill-1024.sstrace,16,62,20,16,160,97,1.6494845360824741,1.0,4.0,7,62,27,8,0,0,0,0
Measured,prefill-1024.sstrace,16,63,20,16,160,95,1.6842105263157894,1.0,4.0,6,59,29,7,0,0,0,0
Measured,prefill-1024.sstrace,16,0,21,16,160,88,1.8181818181818181,1.0,4.0,11,49,30,8,1,0,0,0
Measured,prefill-1024.sstrace,16,1,21,16,160,85,1.8823529411764706,1.0,4.799999999999997,9,50,25,9,1,0,0,0
Measured,prefill-1024.sstrace,16,2,21,16,160,77,2.0779220779220777,1.0,5.200000000000003,15,41,26,9,1,0,0,0
Measured,prefill-1024.sstrace,16,3,21,16,160,80,2.0,1.0,5.0,7,43,27,10,0,0,0,0
Measured,prefill-1024.sstrace,16,4,21,16,160,76,2.1052631578947367,1.0,7.0,11,42,24,7,3,0,0,0
Measured,prefill-1024.sstrace,16,5,21,16,160,76,2.1052631578947367,1.0,6.0,7,44,18,14,0,0,0,0
Measured,prefill-1024.sstrace,16,6,21,16,160,79,2.0253164556962027,1.0,5.099999999999994,10,42,27,9,1,0,0,0
Measured,prefill-1024.sstrace,16,7,21,16,160,77,2.0779220779220777,1.0,6.200000000000003,9,43,22,11,1,0,0,0
Measured,prefill-1024.sstrace,16,8,21,16,160,74,2.1621621621621623,1.0,6.0,8,44,14,14,2,0,0,0
Measured,prefill-1024.sstrace,16,9,21,16,160,63,2.5396825396825395,2.0,8.0,12,29,23,6,5,0,0,0
Measured,prefill-1024.sstrace,16,10,21,16,160,69,2.318840579710145,1.0,7.0,10,37,18,12,2,0,0,0
Measured,prefill-1024.sstrace,16,11,21,16,160,66,2.4242424242424243,1.5,6.75,11,33,21,9,3,0,0,0
Measured,prefill-1024.sstrace,16,12,21,16,160,70,2.2857142857142856,2.0,5.549999999999997,10,32,26,10,2,0,0,0
Measured,prefill-1024.sstrace,16,13,21,16,160,63,2.5396825396825395,1.0,7.799999999999997,9,32,13,14,4,0,0,0
Measured,prefill-1024.sstrace,16,14,21,16,160,74,2.1621621621621623,1.0,6.0,11,45,14,12,3,0,0,0
Measured,prefill-1024.sstrace,16,15,21,16,160,72,2.2222222222222223,1.0,6.0,10,37,20,14,1,0,0,0
Measured,prefill-1024.sstrace,16,16,21,16,160,66,2.4242424242424243,1.0,7.0,13,35,20,8,3,0,0,0
Measured,prefill-1024.sstrace,16,17,21,16,160,70,2.2857142857142856,1.0,5.549999999999997,9,36,19,14,1,0,0,0
Measured,prefill-1024.sstrace,16,18,21,16,160,66,2.4242424242424243,1.0,8.0,11,34,20,7,5,0,0,0
Measured,prefill-1024.sstrace,16,19,21,16,160,71,2.2535211267605635,1.0,7.0,8,37,17,16,1,0,0,0
Measured,prefill-1024.sstrace,16,20,21,16,160,73,2.191780821917808,1.0,6.3999999999999915,8,39,20,12,2,0,0,0
Measured,prefill-1024.sstrace,16,21,21,16,160,77,2.0779220779220777,1.0,5.200000000000003,9,44,20,12,1,0,0,0
Measured,prefill-1024.sstrace,16,22,21,16,160,74,2.1621621621621623,1.0,6.0,9,41,21,11,1,0,0,0
Measured,prefill-1024.sstrace,16,23,21,16,160,70,2.2857142857142856,1.0,7.549999999999997,10,43,14,9,4,0,0,0
Measured,prefill-1024.sstrace,16,24,21,16,160,78,2.051282051282051,1.0,5.0,8,40,31,6,1,0,0,0
Measured,prefill-1024.sstrace,16,25,21,16,160,72,2.2222222222222223,1.0,6.450000000000003,9,39,21,9,3,0,0,0
Measured,prefill-1024.sstrace,16,26,21,16,160,74,2.1621621621621623,2.0,5.349999999999994,8,36,28,9,1,0,0,0
Measured,prefill-1024.sstrace,16,27,21,16,160,84,1.9047619047619047,1.0,5.699999999999989,7,50,23,11,0,0,0,0
Measured,prefill-1024.sstrace,16,28,21,16,160,73,2.191780821917808,2.0,6.0,7,35,24,14,0,0,0,0
Measured,prefill-1024.sstrace,16,29,21,16,160,75,2.1333333333333333,2.0,5.0,8,33,32,9,1,0,0,0
Measured,prefill-1024.sstrace,16,30,21,16,160,75,2.1333333333333333,1.0,6.0,7,41,20,14,0,0,0,0
Measured,prefill-1024.sstrace,16,31,21,16,160,82,1.951219512195122,1.0,4.0,9,42,33,6,1,0,0,0
Measured,prefill-1024.sstrace,16,32,21,16,160,65,2.4615384615384617,2.0,6.0,10,29,24,10,2,0,0,0
Measured,prefill-1024.sstrace,16,33,21,16,160,72,2.2222222222222223,2.0,5.0,9,31,33,7,1,0,0,0
Measured,prefill-1024.sstrace,16,34,21,16,160,79,2.0253164556962027,2.0,4.099999999999994,6,35,34,10,0,0,0,0
Measured,prefill-1024.sstrace,16,35,21,16,160,78,2.051282051282051,1.0,5.0,7,40,24,14,0,0,0,0
Measured,prefill-1024.sstrace,16,36,21,16,160,83,1.927710843373494,1.0,4.0,7,45,29,9,0,0,0,0
Measured,prefill-1024.sstrace,16,37,21,16,160,68,2.3529411764705883,2.0,6.649999999999999,9,33,22,11,2,0,0,0
Measured,prefill-1024.sstrace,16,38,21,16,160,87,1.839080459770115,1.0,4.0,11,46,34,6,1,0,0,0
Measured,prefill-1024.sstrace,16,39,21,16,160,71,2.2535211267605635,1.0,6.5,9,39,19,10,3,0,0,0
Measured,prefill-1024.sstrace,16,40,21,16,160,76,2.1052631578947367,2.0,4.25,9,35,31,9,1,0,0,0
Measured,prefill-1024.sstrace,16,41,21,16,160,91,1.7582417582417582,1.0,4.5,7,56,27,8,0,0,0,0
Measured,prefill-1024.sstrace,16,42,21,16,160,92,1.7391304347826086,1.0,4.0,7,61,20,11,0,0,0,0
Measured,prefill-1024.sstrace,16,43,21,16,160,81,1.9753086419753085,1.0,5.0,9,41,31,8,1,0,0,0
Measured,prefill-1024.sstrace,16,44,21,16,160,79,2.0253164556962027,1.0,6.0,8,47,18,13,1,0,0,0
Measured,prefill-1024.sstrace,16,45,21,16,160,86,1.8604651162790697,1.0,4.0,8,44,35,6,1,0,0,0
Measured,prefill-1024.sstrace,16,46,21,16,160,72,2.2222222222222223,1.0,6.0,8,38,18,15,1,0,0,0
Measured,prefill-1024.sstrace,16,47,21,16,160,81,1.9753086419753085,2.0,4.0,8,36,34,10,1,0,0,0
Measured,prefill-1024.sstrace,16,48,21,16,160,97,1.6494845360824741,1.0,5.0,6,66,23,8,0,0,0,0
Measured,prefill-1024.sstrace,16,49,21,16,160,85,1.8823529411764706,1.0,4.799999999999997,7,46,29,10,0,0,0,0
Measured,prefill-1024.sstrace,16,50,21,16,160,84,1.9047619047619047,1.0,4.849999999999994,8,48,28,7,1,0,0,0
Measured,prefill-1024.sstrace,16,51,21,16,160,75,2.1333333333333333,1.0,6.0,8,43,18,13,1,0,0,0
Measured,prefill-1024.sstrace,16,52,21,16,160,86,1.8604651162790697,1.0,4.0,8,46,34,5,1,0,0,0
Measured,prefill-1024.sstrace,16,53,21,16,160,72,2.2222222222222223,1.0,6.0,7,38,17,17,0,0,0,0
Measured,prefill-1024.sstrace,16,54,21,16,160,88,1.8181818181818181,1.0,4.0,6,45,37,6,0,0,0,0
Measured,prefill-1024.sstrace,16,55,21,16,160,95,1.6842105263157894,1.0,5.0,6,63,23,9,0,0,0,0
Measured,prefill-1024.sstrace,16,56,21,16,160,86,1.8604651162790697,1.0,4.75,6,45,32,9,0,0,0,0
Measured,prefill-1024.sstrace,16,57,21,16,160,86,1.8604651162790697,1.0,4.0,7,50,26,10,0,0,0,0
Measured,prefill-1024.sstrace,16,58,21,16,160,80,2.0,1.0,5.0,7,47,21,12,0,0,0,0
Measured,prefill-1024.sstrace,16,59,21,16,160,89,1.797752808988764,1.0,4.0,5,50,31,8,0,0,0,0
Measured,prefill-1024.sstrace,16,60,21,16,160,78,2.051282051282051,1.0,5.1499999999999915,7,45,19,14,0,0,0,0
Measured,prefill-1024.sstrace,16,61,21,16,160,81,1.9753086419753085,1.0,4.0,6,42,30,9,0,0,0,0
Measured,prefill-1024.sstrace,16,62,21,16,160,90,1.7777777777777777,1.0,4.0,8,60,18,11,1,0,0,0
Measured,prefill-1024.sstrace,16,63,21,16,160,85,1.8823529411764706,1.0,5.0,6,49,24,12,0,0,0,0
Measured,prefill-1024.sstrace,16,0,22,16,160,119,1.3445378151260505,1.0,2.0,4,83,35,1,0,0,0,0
Measured,prefill-1024.sstrace,16,1,22,16,160,103,1.5533980582524272,1.0,3.0,5,68,30,5,0,0,0,0
Measured,prefill-1024.sstrace,16,2,22,16,160,102,1.5686274509803921,1.0,3.0,10,64,33,4,1,0,0,0
Measured,prefill-1024.sstrace,16,3,22,16,160,89,1.797752808988764,1.0,4.599999999999994,6,51,29,9,0,0,0,0
Measured,prefill-1024.sstrace,16,4,22,16,160,77,2.0779220779220777,1.0,6.200000000000003,11,48,17,9,3,0,0,0
Measured,prefill-1024.sstrace,16,5,22,16,160,86,1.8604651162790697,1.0,5.0,7,55,19,12,0,0,0,0
Measured,prefill-1024.sstrace,16,6,22,16,160,65,2.4615384615384617,1.0,9.399999999999991,11,34,21,6,4,0,0,0
Measured,prefill-1024.sstrace,16,7,22,16,160,79,2.0253164556962027,1.0,6.099999999999994,9,45,24,7,3,0,0,0
Measured,prefill-1024.sstrace,16,8,22,16,160,72,2.2222222222222223,2.0,6.450000000000003,7,35,24,13,0,0,0,0
Measured,prefill-1024.sstrace,16,9,22,16,160,52,3.076923076923077,1.0,10.899999999999991,14,27,10,10,5,0,0,0
Measured,prefill-1024.sstrace,16,10,22,16,160,68,2.3529411764705883,2.0,6.0,6,27,28,13,0,0,0,0
Measured,prefill-1024.sstrace,16,11,22,16,160,60,2.6666666666666665,1.0,8.149999999999991,12,32,14,10,4,0,0,0
Measured,prefill-1024.sstrace,16,12,22,16,160,72,2.2222222222222223,2.0,5.450000000000003,8,35,23,12,2,0,0,0
Measured,prefill-1024.sstrace,16,13,22,16,160,68,2.3529411764705883,1.0,8.0,11,37,19,6,6,0,0,0
Measured,prefill-1024.sstrace,16,14,22,16,160,64,2.5,1.0,7.0,11,34,15,12,3,0,0,0
Measured,prefill-1024.sstrace,16,15,22,16,160,72,2.2222222222222223,2.0,6.0,8,35,24,11,2,0,0,0
Measured,prefill-1024.sstrace,16,16,22,16,160,69,2.318840579710145,1.0,7.599999999999994,13,45,9,11,4,0,0,0
Measured,prefill-1024.sstrace,16,17,22,16,160,77,2.0779220779220777,1.0,6.0,9,43,23,10,1,0,0,0
Measured,prefill-1024.sstrace,16,18,22,16,160,57,2.807017543859649,2.0,9.0,13,27,15,10,5,0,0,0
Measured,prefill-1024.sstrace,16,19,22,16,160,75,2.1333333333333333,1.0,7.0,8,43,21,8,3,0,0,0
Measured,prefill-1024.sstrace,16,20,22,16,160,78,2.051282051282051,1.0,6.0,9,43,24,10,1,0,0,0
Measured,prefill-1024.sstrace,16,21,22,16,160,73,2.191780821917808,1.0,6.0,10,42,18,12,1,0,0,0
Measured,prefill-1024.sstrace,16,22,22,16,160,81,1.9753086419753085,1.0,6.0,8,47,23,10,1,0,0,0
Measured,prefill-1024.sstrace,16,23,22,16,160,59,2.711864406779661,1.0,8.099999999999994,12,30,16,7,6,0,0,0
Measured,prefill-1024.sstrace,16,24,22,16,160,82,1.951219512195122,1.0,4.950000000000003,8,44,25,12,1,0,0,0
Measured,prefill-1024.sstrace,16,25,22,16,160,62,2.5806451612903225,1.0,7.949999999999996,10,34,14,10,4,0,0,0
Measured,prefill-1024.sstrace,16,26,22,16,160,80,2.0,1.0,5.0,9,49,18,11,2,0,0,0
Measured,prefill-1024.sstrace,16,27,22,16,160,78,2.051282051282051,1.0,6.0,8,41,25,11,1,0,0,0
Measured,prefill-1024.sstrace,16,28,22,16,160,76,2.1052631578947367,1.0,6.0,9,45,17,13,1,0,0,0
Measured,prefill-1024.sstrace,16,29,22,16,160,79,2.0253164556962027,1.0,5.0,8,41,27,10,1,0,0,0
Measured,prefill-1024.sstrace,16,30,22,16,160,77,2.0779220779220777,1.0,6.0,10,43,22,11,1,0,0,0
Measured,prefill-1024.sstrace,16,31,22,16,160,92,1.7391304347826086,1.0,4.0,6,55,30,7,0,0,0,0
Measured,prefill-1024.sstrace,16,32,22,16,160,69,2.318840579710145,1.0,6.599999999999994,10,35,18,14,2,0,0,0
Measured,prefill-1024.sstrace,16,33,22,16,160,82,1.951219512195122,1.0,5.0,7,45,26,11,0,0,0,0
Measured,prefill-1024.sstrace,16,34,22,16,160,87,1.839080459770115,1.0,4.0,8,50,26,10,1,0,0,0
Measured,prefill-1024.sstrace,16,35,22,16,160,82,1.951219512195122,1.0,5.0,7,49,21,12,0,0,0,0
Measured,prefill-1024.sstrace,16,36,22,16,160,87,1.839080459770115,1.0,4.0,7,52,26,9,0,0,0,0
Measured,prefill-1024.sstrace,16,37,22,16,160,63,2.5396825396825395,2.0,6.0,9,31,14,16,2,0,0,0
Measured,prefill-1024.sstrace,16,38,22,16,160,88,1.8181818181818181,1.0,4.6499999999999915,6,48,31,9,0,0,0,0
Measured,prefill-1024.sstrace,16,39,22,16,160,68,2.3529411764705883,2.0,6.0,9,33,21,12,2,0,0,0
Measured,prefill-1024.sstrace,16,40,22,16,160,90,1.7777777777777777,1.0,4.0,8,53,28,8,1,0,0,0
Measured,prefill-1024.sstrace,16,41,22,16,160,79,2.0253164556962027,1.0,5.099999999999994,8,40,29,9,1,0,0,0
Measured,prefill-1024.sstrace,16,42,22,16,160,92,1.7391304347826086,1.0,4.0,7,54,31,7,0,0,0,0
Measured,prefill-1024.sstrace,16,43,22,16,160,86,1.8604651162790697,1.0,4.75,7,49,29,8,0,0,0,0
Measured,prefill-1024.sstrace,16,44,22,16,160,78,2.051282051282051,1.5,6.0,10,39,30,8,1,0,0,0
Measured,prefill-1024.sstrace,16,45,22,16,160,87,1.839080459770115,1.0,4.0,6,45,34,8,0,0,0,0
Measured,prefill-1024.sstrace,16,46,22,16,160,74,2.1621621621621623,1.0,6.0,8,38,24,10,2,0,0,0
Measured,prefill-1024.sstrace,16,47,22,16,160,89,1.797752808988764,1.0,4.0,6,48,33,8,0,0,0,0
Measured,prefill-1024.sstrace,16,48,22,16,160,90,1.7777777777777777,1.0,4.0,7,49,34,7,0,0,0,0
Measured,prefill-1024.sstrace,16,49,22,16,160,81,1.9753086419753085,2.0,5.0,6,38,33,10,0,0,0,0
Measured,prefill-1024.sstrace,16,50,22,16,160,85,1.8823529411764706,1.0,4.0,6,43,34,8,0,0,0,0
Measured,prefill-1024.sstrace,16,51,22,16,160,70,2.2857142857142856,2.0,5.549999999999997,10,34,21,14,1,0,0,0
Measured,prefill-1024.sstrace,16,52,22,16,160,95,1.6842105263157894,1.0,4.0,6,57,30,8,0,0,0,0
Measured,prefill-1024.sstrace,16,53,22,16,160,62,2.5806451612903225,2.0,7.0,9,27,19,15,1,0,0,0
Measured,prefill-1024.sstrace,16,54,22,16,160,96,1.6666666666666667,1.0,4.0,6,59,31,6,0,0,0,0
Measured,prefill-1024.sstrace,16,55,22,16,160,87,1.839080459770115,1.0,5.0,6,48,31,8,0,0,0,0
Measured,prefill-1024.sstrace,16,56,22,16,160,86,1.8604651162790697,1.0,5.0,6,48,29,9,0,0,0,0
Measured,prefill-1024.sstrace,16,57,22,16,160,85,1.8823529411764706,2.0,4.0,5,38,40,7,0,0,0,0
Measured,prefill-1024.sstrace,16,58,22,16,160,81,1.9753086419753085,1.0,5.0,8,46,22,12,1,0,0,0
Measured,prefill-1024.sstrace,16,59,22,16,160,88,1.8181818181818181,1.0,4.0,5,47,33,8,0,0,0,0
Measured,prefill-1024.sstrace,16,60,22,16,160,76,2.1052631578947367,1.0,6.0,7,40,26,10,0,0,0,0
Measured,prefill-1024.sstrace,16,61,22,16,160,86,1.8604651162790697,1.0,4.0,6,47,31,8,0,0,0,0
Measured,prefill-1024.sstrace,16,62,22,16,160,84,1.9047619047619047,1.0,4.849999999999994,7,43,31,10,0,0,0,0
Measured,prefill-1024.sstrace,16,63,22,16,160,89,1.797752808988764,1.0,4.0,8,54,25,9,1,0,0,0
Measured,prefill-1024.sstrace,16,0,23,16,160,71,2.2535211267605635,1.0,5.5,15,36,23,11,1,0,0,0
Measured,prefill-1024.sstrace,16,1,23,16,160,67,2.388059701492537,1.0,6.699999999999996,10,37,14,13,3,0,0,0
Measured,prefill-1024.sstrace,16,2,23,16,160,76,2.1052631578947367,1.0,5.0,8,43,18,14,1,0,0,0
Measured,prefill-1024.sstrace,16,3,23,16,160,74,2.1621621621621623,1.5,6.0,9,37,26,10,1,0,0,0
Measured,prefill-1024.sstrace,16,4,23,16,160,76,2.1052631578947367,1.0,7.0,10,42,24,8,2,0,0,0
Measured,prefill-1024.sstrace,16,5,23,16,160,76,2.1052631578947367,1.0,6.0,8,43,19,13,1,0,0,0
Measured,prefill-1024.sstrace,16,6,23,16,160,85,1.8823529411764706,1.0,5.0,9,50,26,7,2,0,0,0
Measured,prefill-1024.sstrace,16,7,23,16,160,80,2.0,1.0,7.0,9,49,19,10,2,0,0,0
Measured,prefill-1024.sstrace,16,8,23,16,160,75,2.1333333333333333,1.0,6.299999999999997,9,38,25,11,1,0,0,0
Measured,prefill-1024.sstrace,16,9,23,16,160,72,2.2222222222222223,1.0,7.0,10,40,19,11,2,0,0,0
Measured,prefill-1024.sstrace,16,10,23,16,160,81,1.9753086419753085,2.0,5.0,7,40,30,11,0,0,0,0
Measured,prefill-1024.sstrace,16,11,23,16,160,69,2.318840579710145,1.0,7.599999999999994,11,39,18,8,4,0,0,0
Measured,prefill-1024.sstrace,16,12,23,16,160,85,1.8823529411764706,1.0,4.0,9,46,33,5,1,0,0,0
Measured,prefill-1024.sstrace,16,13,23,16,160,74,2.1621621621621623,2.0,6.0,9,33,31,9,1,0,0,0
Measured,prefill-1024.sstrace,16,14,23,16,160,87,1.839080459770115,1.0,5.0,8,52,24,10,1,0,0,0
Measured,prefill-1024.sstrace,16,15,23,16,160,92,1.7391304347826086,1.0,3.450000000000003,8,48,39,4,1,0,0,0
Measured,prefill-1024.sstrace,16,16,23,16,160,77,2.0779220779220777,1.0,7.0,10,47,19,8,3,0,0,0
Measured,prefill-1024.sstrace,16,17,23,16,160,88,1.8181818181818181,1.0,5.0,8,51,29,7,1,0,0,0
Measured,prefill-1024.sstrace,16,18,23,16,160,82,1.951219512195122,1.0,5.0,10,54,15,10,3,0,0,0
Measured,prefill-1024.sstrace,16,19,23,16,160,85,1.8823529411764706,1.0,4.799999999999997,8,51,24,8,2,0,0,0
Measured,prefill-1024.sstrace,16,20,23,16,160,82,1.951219512195122,1.0,4.950000000000003,8,45,28,8,1,0,0,0
Measured,prefill-1024.sstrace,16,21,23,16,160,93,1.7204301075268817,1.0,5.0,9,61,24,7,1,0,0,0
Measured,prefill-1024.sstrace,16,22,23,16,160,78,2.051282051282051,2.0,5.0,9,38,31,8,1,0,0,0
Measured,prefill-1024.sstrace,16,23,23,16,160,86,1.8604651162790697,1.0,5.75,10,60,13,11,2,0,0,0
Measured,prefill-1024.sstrace,16,24,23,16,160,95,1.6842105263157894,1.0,4.0,6,56,32,7,0,0,0,0
Measured,prefill-1024.sstrace,16,25,23,16,160,83,1.927710843373494,1.0,5.8999999999999915,9,50,24,7,2,0,0,0
Measured,prefill-1024.sstrace,16,26,23,16,160,90,1.7777777777777777,1.0,4.549999999999997,7,54,29,7,0,0,0,0
Measured,prefill-1024.sstrace,16,27,23,16,160,92,1.7391304347826086,1.0,5.0,7,55,29,8,0,0,0,0
Measured,prefill-1024.sstrace,16,28,23,16,160,89,1.797752808988764,1.0,4.599999999999994,8,54,25,9,1,0,0,0
Measured,prefill-1024.sstrace,16,29,23,16,160,90,1.7777777777777777,1.0,4.0,5,49,33,8,0,0,0,0
Measured,prefill-1024.sstrace,16,30,23,16,160,86,1.8604651162790697,1.0,5.75,8,55,22,7,2,0,0,0
Measured,prefill-1024.sstrace,16,31,23,16,160,89,1.797752808988764,1.0,4.0,5,46,36,7,0,0,0,0
Measured,prefill-1024.sstrace,16,32,23,16,160,82,1.951219512195122,1.0,5.0,8,45,26,10,1,0,0,0
Measured,prefill-1024.sstrace,16,33,23,16,160,89,1.797752808988764,1.0,5.0,7,54,27,8,0,0,0,0
Measured,prefill-1024.sstrace,16,34,23,16,160,94,1.702127659574468,1.0,3.3499999999999943,6,56,33,5,0,0,0,0
Measured,prefill-1024.sstrace,16,35,23,16,160,82,1.951219512195122,1.0,5.0,8,46,27,8,1,0,0,0
Measured,prefill-1024.sstrace,16,36,23,16,160,92,1.7391304347826086,1.0,4.0,6,54,30,8,0,0,0,0
Measured,prefill-1024.sstrace,16,37,23,16,160,73,2.191780821917808,1.0,6.0,9,42,15,14,2,0,0,0
Measured,prefill-1024.sstrace,16,38,23,16,160,98,1.6326530612244898,1.0,4.0,5,60,31,7,0,0,0,0
Measured,prefill-1024.sstrace,16,39,23,16,160,84,1.9047619047619047,1.0,5.0,7,50,23,11,0,0,0,0
Measured,prefill-1024.sstrace,16,40,23,16,160,97,1.6494845360824741,1.0,3.1999999999999886,6,60,32,5,0,0,0,0
Measured,prefill-1024.sstrace,16,41,23,16,160,94,1.702127659574468,1.0,4.0,6,59,27,8,0,0,0,0
Measured,prefill-1024.sstrace,16,42,23,16,160,98,1.6326530612244898,1.0,4.0,6,63,27,8,0,0,0,0
Measured,prefill-1024.sstrace,16,43,23,16,160,85,1.8823529411764706,2.0,4.0,5,40,38,7,0,0,0,0
Measured,prefill-1024.sstrace,16,44,23,16,160,88,1.8181818181818181,1.0,4.6499999999999915,7,55,20,13,0,0,0,0
Measured,prefill-1024.sstrace,16,45,23,16,160,94,1.702127659574468,1.0,4.0,5,56,31,7,0,0,0,0
Measured,prefill-1024.sstrace,16,46,23,16,160,88,1.8181818181818181,1.0,4.6499999999999915,6,51,26,11,0,0,0,0
Measured,prefill-1024.sstrace,16,47,23,16,160,94,1.702127659574468,1.0,4.0,5,58,28,8,0,0,0,0
Measured,prefill-1024.sstrace,16,48,23,16,160,103,1.5533980582524272,1.0,3.0,5,68,31,4,0,0,0,0
Measured,prefill-1024.sstrace,16,49,23,16,160,88,1.8181818181818181,1.0,4.0,5,48,31,9,0,0,0,0
Measured,prefill-1024.sstrace,16,50,23,16,160,91,1.7582417582417582,1.0,4.0,6,56,24,11,0,0,0,0
Measured,prefill-1024.sstrace,16,51,23,16,160,82,1.951219512195122,1.0,5.0,6,45,28,9,0,0,0,0
Measured,prefill-1024.sstrace,16,52,23,16,160,95,1.6842105263157894,1.0,4.0,6,60,26,9,0,0,0,0
Measured,prefill-1024.sstrace,16,53,23,16,160,79,2.0253164556962027,2.0,5.0,8,39,32,7,1,0,0,0
Measured,prefill-1024.sstrace,16,54,23,16,160,97,1.6494845360824741,1.0,4.0,5,59,32,6,0,0,0,0
Measured,prefill-1024.sstrace,16,55,23,16,160,95,1.6842105263157894,1.0,4.0,5,53,36,6,0,0,0,0
Measured,prefill-1024.sstrace,16,56,23,16,160,100,1.6,1.0,3.049999999999997,5,64,31,5,0,0,0,0
Measured,prefill-1024.sstrace,16,57,23,16,160,93,1.7204301075268817,1.0,3.3999999999999915,5,53,35,5,0,0,0,0
Measured,prefill-1024.sstrace,16,58,23,16,160,90,1.7777777777777777,1.0,4.0,8,55,26,8,1,0,0,0
Measured,prefill-1024.sstrace,16,59,23,16,160,93,1.7204301075268817,1.0,4.0,6,58,26,9,0,0,0,0
Measured,prefill-1024.sstrace,16,60,23,16,160,90,1.7777777777777777,1.0,3.0,7,46,40,4,0,0,0,0
Measured,prefill-1024.sstrace,16,61,23,16,160,82,1.951219512195122,2.0,4.0,5,37,37,8,0,0,0,0
Measured,prefill-1024.sstrace,16,62,23,16,160,97,1.6494845360824741,1.0,4.0,7,59,31,7,0,0,0,0
Measured,prefill-1024.sstrace,16,63,23,16,160,97,1.6494845360824741,1.0,4.0,5,58,31,8,0,0,0,0
Measured,prefill-1024.sstrace,16,0,24,16,160,76,2.1052631578947367,1.0,6.0,7,41,23,12,0,0,0,0
Measured,prefill-1024.sstrace,16,1,24,16,160,75,2.1333333333333333,2.0,5.0,8,35,29,10,1,0,0,0
Measured,prefill-1024.sstrace,16,2,24,16,160,65,2.4615384615384617,2.0,6.0,7,27,26,12,0,0,0,0
Measured,prefill-1024.sstrace,16,3,24,16,160,67,2.388059701492537,2.0,5.699999999999996,7,28,25,14,0,0,0,0
Measured,prefill-1024.sstrace,16,4,24,16,160,75,2.1333333333333333,1.0,6.299999999999997,10,43,20,9,3,0,0,0
Measured,prefill-1024.sstrace,16,5,24,16,160,77,2.0779220779220777,1.0,5.0,8,40,24,12,1,0,0,0
Measured,prefill-1024.sstrace,16,6,24,16,160,80,2.0,1.0,4.049999999999997,9,42,28,8,2,0,0,0
Measured,prefill-1024.sstrace,16,7,24,16,160,79,2.0253164556962027,1.0,5.0,7,43,24,12,0,0,0,0
Measured,prefill-1024.sstrace,16,8,24,16,160,72,2.2222222222222223,1.0,5.450000000000003,8,37,21,13,1,0,0,0
Measured,prefill-1024.sstrace,16,9,24,16,160,82,1.951219512195122,1.0,5.0,10,49,21,11,1,0,0,0
Measured,prefill-1024.sstrace,16,10,24,16,160,75,2.1333333333333333,2.0,5.0,10,35,29,10,1,0,0,0
Measured,prefill-1024.sstrace,16,11,24,16,160,72,2.2222222222222223,1.0,8.0,12,41,22,4,5,0,0,0
Measured,prefill-1024.sstrace,16,12,24,16,160,82,1.951219512195122,1.0,4.0,7,44,26,12,0,0,0,0
Measured,prefill-1024.sstrace,16,13,24,16,160,78,2.051282051282051,1.0,5.0,9,44,22,11,1,0,0,0
Measured,prefill-1024.sstrace,16,14,24,16,160,84,1.9047619047619047,1.0,5.849999999999994,9,53,22,8,1,0,0,0
Measured,prefill-1024.sstrace,16,15,24,16,160,79,2.0253164556962027,1.0,5.0,7,40,27,12,0,0,0,0
Measured,prefill-1024.sstrace,16,16,24,16,160,75,2.1333333333333333,1.0,6.299999999999997,9,38,26,10,1,0,0,0
Measured,prefill-1024.sstrace,16,17,24,16,160,75,2.1333333333333333,2.0,5.0,6,37,27,11,0,0,0,0
Measured,prefill-1024.sstrace,16,18,24,16,160,81,1.9753086419753085,1.0,6.0,9,46,25,8,2,0,0,0
Measured,prefill-1024.sstrace,16,19,24,16,160,83,1.927710843373494,1.0,4.0,7,42,31,10,0,0,0,0
Measured,prefill-1024.sstrace,16,20,24,16,160,82,1.951219512195122,1.0,5.0,8,46,24,11,1,0,0,0
Measured,prefill-1024.sstrace,16,21,24,16,160,94,1.702127659574468,1.0,4.0,8,61,23,9,1,0,0,0
Measured,prefill-1024.sstrace,16,22,24,16,160,80,2.0,1.0,5.0,7,47,21,12,0,0,0,0
Measured,prefill-1024.sstrace,16,23,24,16,160,84,1.9047619047619047,1.0,5.699999999999989,9,51,24,7,2,0,0,0
Measured,prefill-1024.sstrace,16,24,24,16,160,83,1.927710843373494,1.0,4.8999999999999915,7,44,30,9,0,0,0,0
Measured,prefill-1024.sstrace,16,25,24,16,160,91,1.7582417582417582,1.0,5.0,9,57,27,6,1,0,0,0
Measured,prefill-1024.sstrace,16,26,24,16,160,89,1.797752808988764,1.0,4.0,6,49,34,6,0,0,0,0
Measured,prefill-1024.sstrace,16,27,24,16,160,87,1.839080459770115,2.0,4.0,6,42,39,6,0,0,0,0
Measured,prefill-1024.sstrace,16,28,24,16,160,95,1.6842105263157894,1.0,4.0,7,58,31,6,0,0,0,0
Measured,prefill-1024.sstrace,16,29,24,16,160,86,1.8604651162790697,1.0,4.75,7,52,21,13,0,0,0,0
Measured,prefill-1024.sstrace,16,30,24,16,160,81,1.9753086419753085,1.0,5.0,9,43,28,8,2,0,0,0
Measured,prefill-1024.sstrace,16,31,24,16,160,97,1.6494845360824741,1.0,4.0,6,62,29,6,0,0,0,0
Measured,prefill-1024.sstrace,16,32,24,16,160,83,1.927710843373494,1.0,5.0,8,48,25,9,1,0,0,0
Measured,prefill-1024.sstrace,16,33,24,16,160,87,1.839080459770115,1.0,4.700000000000003,7,49,30,8,0,0,0,0
Measured,prefill-1024.sstrace,16,34,24,16,160,90,1.7777777777777777,1.0,4.0,9,57,25,6,2,0,0,0
Measured,prefill-1024.sstrace,16,35,24,16,160,92,1.7391304347826086,1.0,4.450000000000003,10,64,20,6,2,0,0,0
Measured,prefill-1024.sstrace,16,36,24,16,160,91,1.7582417582417582,1.0,4.0,6,53,30,8,0,0,0,0
Measured,prefill-1024.sstrace,16,37,24,16,160,82,1.951219512195122,1.0,4.950000000000003,11,52,18,9,3,0,0,0
Measured,prefill-1024.sstrace,16,38,24,16,160,94,1.702127659574468,1.0,4.349999999999994,6,59,27,8,0,0,0,0
Measured,prefill-1024.sstrace,16,39,24,16,160,77,2.0779220779220777,1.0,7.0,10,41,26,7,3,0,0,0
Measured,prefill-1024.sstrace,16,40,24,16,160,95,1.6842105263157894,1.0,4.0,6,59,29,7,0,0,0,0
Measured,prefill-1024.sstrace,16,41,24,16,160,92,1.7391304347826086,1.0,4.450000000000003,8,60,23,7,2,0,0,0
Measured,prefill-1024.sstrace,16,42,24,16,160,93,1.7204301075268817,1.0,4.0,8,58,29,5,1,0,0,0
Measured,prefill-1024.sstrace,16,43,24,16,160,85,1.8823529411764706,1.0,5.0,8,49,26,9,1,0,0,0
Measured,prefill-1024.sstrace,16,44,24,16,160,84,1.9047619047619047,1.0,5.849999999999994,10,54,21,6,3,0,0,0
Measured,prefill-1024.sstrace,16,45,24,16,160,85,1.8823529411764706,1.0,4.799999999999997,5,44,31,10,0,0,0,0
Measured,prefill-1024.sstrace,16,46,24,16,160,84,1.9047619047619047,1.0,4.849999999999994,9,50,25,6,3,0,0,0
Measured,prefill-1024.sstrace,16,47,24,16,160,89,1.797752808988764,1.0,4.0,6,49,30,10,0,0,0,0
Measured,prefill-1024.sstrace,16,48,24,16,160,86,1.8604651162790697,1.0,5.0,9,53,23,9,1,0,0,0
Measured,prefill-1024.sstrace,16,49,24,16,160,88,1.8181818181818181,1.0,4.0,8,53,25,9,1,0,0,0
Measured,prefill-1024.sstrace,16,50,24,16,160,82,1.951219512195122,1.0,4.0,6,43,28,11,0,0,0,0
Measured,prefill-1024.sstrace,16,51,24,16,160,76,2.1052631578947367,1.0,6.0,12,47,20,6,3,0,0,0
Measured,prefill-1024.sstrace,16,52,24,16,160,91,1.7582417582417582,1.0,4.0,6,58,22,11,0,0,0,0
Measured,prefill-1024.sstrace,16,53,24,16,160,74,2.1621621621621623,1.0,6.699999999999989,10,43,19,8,4,0,0,0
Measured,prefill-1024.sstrace,16,54,24,16,160,97,1.6494845360824741,1.0,4.0,5,57,33,7,0,0,0,0
Measured,prefill-1024.sstrace,16,55,24,16,160,90,1.7777777777777777,1.0,4.0,8,54,27,8,1,0,0,0
Measured,prefill-1024.sstrace,16,56,24,16,160,94,1.702127659574468,1.0,4.349999999999994,6,61,25,8,0,0,0,0
Measured,prefill-1024.sstrace,16,57,24,16,160,89,1.797752808988764,1.0,4.0,6,54,24,11,0,0,0,0
Measured,prefill-1024.sstrace,16,58,24,16,160,83,1.927710843373494,1.0,5.0,9,50,23,7,3,0,0,0
Measured,prefill-1024.sstrace,16,59,24,16,160,90,1.7777777777777777,1.0,4.549999999999997,6,54,27,9,0,0,0,0
Measured,prefill-1024.sstrace,16,60,24,16,160,86,1.8604651162790697,1.0,4.75,9,49,30,4,3,0,0,0
Measured,prefill-1024.sstrace,16,61,24,16,160,93,1.7204301075268817,1.0,4.0,7,58,26,9,0,0,0,0
Measured,prefill-1024.sstrace,16,62,24,16,160,78,2.051282051282051,1.0,7.0,9,42,27,7,2,0,0,0
Measured,prefill-1024.sstrace,16,63,24,16,160,97,1.6494845360824741,1.0,4.0,7,62,28,7,0,0,0,0
Measured,prefill-1024.sstrace,16,0,25,16,160,72,2.2222222222222223,1.0,7.450000000000003,11,42,20,6,4,0,0,0
Measured,prefill-1024.sstrace,16,1,25,16,160,66,2.4242424242424243,2.0,6.0,7,30,17,19,0,0,0,0
Measured,prefill-1024.sstrace,16,2,25,16,160,64,2.5,2.0,6.0,7,31,18,15,0,0,0,0
Measured,prefill-1024.sstrace,16,3,25,16,160,65,2.4615384615384617,2.0,6.0,8,30,19,15,1,0,0,0
Measured,prefill-1024.sstrace,16,4,25,16,160,69,2.318840579710145,2.0,5.0,10,30,26,10,3,0,0,0
Measured,prefill-1024.sstrace,16,5,25,16,160,76,2.1052631578947367,1.0,6.0,8,40,24,11,1,0,0,0
Measured,prefill-1024.sstrace,16,6,25,16,160,80,2.0,1.0,5.0,10,45,25,9,1,0,0,0
Measured,prefill-1024.sstrace,16,7,25,16,160,86,1.8604651162790697,1.0,4.0,8,47,31,7,1,0,0,0
Measured,prefill-1024.sstrace,16,8,25,16,160,69,2.318840579710145,1.0,7.0,9,42,12,12,3,0,0,0
Measured,prefill-1024.sstrace,16,9,25,16,160,73,2.191780821917808,1.0,5.3999999999999915,10,38,21,11,3,0,0,0
Measured,prefill-1024.sstrace,16,10,25,16,160,84,1.9047619047619047,1.0,5.0,8,53,20,10,1,0,0,0
Measured,prefill-1024.sstrace,16,11,25,16,160,73,2.191780821917808,1.0,6.3999999999999915,12,40,22,8,3,0,0,0
Measured,prefill-1024.sstrace,16,12,25,16,160,81,1.9753086419753085,2.0,5.0,7,37,33,11,0,0,0,0
Measured,prefill-1024.sstrace,16,13,25,16,160,82,1.951219512195122,1.0,4.950000000000003,10,50,19,11,2,0,0,0
Measured,prefill-1024.sstrace,16,14,25,16,160,86,1.8604651162790697,1.0,4.0,8,48,28,9,1,0,0,0
Measured,prefill-1024.sstrace,16,15,25,16,160,76,2.1052631578947367,2.0,6.0,8,36,29,10,1,0,0,0
Measured,prefill-1024.sstrace,16,16,25,16,160,78,2.051282051282051,1.0,6.1499999999999915,9,43,24,8,3,0,0,0
Measured,prefill-1024.sstrace,16,17,25,16,160,85,1.8823529411764706,1.0,4.0,7,48,27,10,0,0,0,0
Measured,prefill-1024.sstrace,16,18,25,16,160,83,1.927710843373494,1.0,5.8999999999999915,9,48,25,8,2,0,0,0
Measured,prefill-1024.sstrace,16,19,25,16,160,83,1.927710843373494,1.0,4.8999999999999915,6,42,32,9,0,0,0,0
Measured,prefill-1024.sstrace,16,20,25,16,160,81,1.9753086419753085,1.0,5.0,6,45,24,12,0,0,0,0
Measured,prefill-1024.sstrace,16,21,25,16,160,93,1.7204301075268817,1.0,4.3999999999999915,7,57,30,6,0,0,0,0
Measured,prefill-1024.sstrace,16,22,25,16,160,82,1.951219512195122,1.0,5.0,8,46,25,10,1,0,0,0
Measured,prefill-1024.sstrace,16,23,25,16,160,87,1.839080459770115,1.0,4.0,8,54,22,9,2,0,0,0
Measured,prefill-1024.sstrace,16,24,25,16,160,89,1.797752808988764,1.0,4.599999999999994,7,53,25,11,0,0,0,0
Measured,prefill-1024.sstrace,16,25,25,16,160,85,1.8823529411764706,1.0,6.0,8,56,16,12,1,0,0,0
Measured,prefill-1024.sstrace,16,26,25,16,160,89,1.797752808988764,1.0,4.0,7,54,24,11,0,0,0,0
Measured,prefill-1024.sstrace,16,27,25,16,160,86,1.8604651162790697,1.0,4.75,6,51,23,12,0,0,0,0
Measured,prefill-1024.sstrace,16,28,25,16,160,101,1.5841584158415842,1.0,3.0,5,61,35,5,0,0,0,0
Measured,prefill-1024.sstrace,16,29,25,16,160,94,1.702127659574468,1.0,4.0,6,58,27,9,0,0,0,0
Measured,prefill-1024.sstrace,16,30,25,16,160,94,1.702127659574468,1.0,5.0,6,64,18,12,0,0,0,0
Measured,prefill-1024.sstrace,16,31,25,16,160,93,1.7204301075268817,1.0,4.0,6,55,31,7,0,0,0,0
Measured,prefill-1024.sstrace,16,32,25,16,160,87,1.839080459770115,1.0,5.0,7,54,22,11,0,0,0,0
Measured,prefill-1024.sstrace,16,33,25,16,160,96,1.6666666666666667,1.0,4.0,5,59,30,7,0,0,0,0
Measured,prefill-1024.sstrace,16,34,25,16,160,83,1.927710843373494,1.0,4.8999999999999915,7,49,23,11,0,0,0,0
Measured,prefill-1024.sstrace,16,35,25,16,160,101,1.5841584158415842,1.0,4.0,7,72,19,10,0,0,0,0
Measured,prefill-1024.sstrace,16,36,25,16,160,92,1.7391304347826086,1.0,4.450000000000003,7,56,30,6,0,0,0,0
Measured,prefill-1024.sstrace,16,37,25,16,160,80,2.0,1.0,5.049999999999997,9,46,23,10,1,0,0,0
Measured,prefill-1024.sstrace,16,38,25,16,160,90,1.7777777777777777,1.0,4.0,6,50,32,8,0,0,0,0
Measured,prefill-1024.sstrace,16,39,25,16,160,86,1.8604651162790697,1.0,6.0,8,53,24,8,1,0,0,0
Measured,prefill-1024.sstrace,16,40,25,16,160,106,1.509433962264151,1.0,3.0,4,70,32,4,0,0,0,0
Measured,prefill-1024.sstrace,16,41,25,16,160,90,1.7777777777777777,1.0,4.0,8,52,31,6,1,0,0,0
Measured,prefill-1024.sstrace,16,42,25,16,160,106,1.509433962264151,1.0,3.75,5,70,30,6,0,0,0,0
Measured,prefill-1024.sstrace,16,43,25,16,160,86,1.8604651162790697,1.0,5.0,7,47,32,7,0,0,0,0
Measured,prefill-1024.sstrace,16,44,25,16,160,95,1.6842105263157894,1.0,4.0,7,63,23,9,0,0,0,0
Measured,prefill-1024.sstrace,16,45,25,16,160,90,1.7777777777777777,1.0,4.0,7,57,24,9,0,0,0,0
Measured,prefill-1024.sstrace,16,46,25,16,160,91,1.7582417582417582,1.0,4.0,7,56,25,10,0,0,0,0
Measured,prefill-1024.sstrace,16,47,25,16,160,100,1.6,1.0,3.0,6,63,33,4,0,0,0,0
Measured,prefill-1024.sstrace,16,48,25,16,160,98,1.6326530612244898,1.0,4.0,5,62,29,7,0,0,0,0
Measured,prefill-1024.sstrace,16,49,25,16,160,100,1.6,1.0,4.0,5,70,23,7,0,0,0,0
Measured,prefill-1024.sstrace,16,50,25,16,160,91,1.7582417582417582,1.0,4.5,7,58,24,9,0,0,0,0
Measured,prefill-1024.sstrace,16,51,25,16,160,87,1.839080459770115,1.0,5.0,7,52,24,11,0,0,0,0
Measured,prefill-1024.sstrace,16,52,25,16,160,98,1.6326530612244898,1.0,3.1499999999999915,7,62,31,5,0,0,0,0
Measured,prefill-1024.sstrace,16,53,25,16,160,85,1.8823529411764706,1.0,5.0,7,48,30,7,0,0,0,0
Measured,prefill-1024.sstrace,16,54,25,16,160,107,1.4953271028037383,1.0,4.0,5,75,25,7,0,0,0,0
Measured,prefill-1024.sstrace,16,55,25,16,160,95,1.6842105263157894,1.0,4.0,6,58,31,6,0,0,0,0
Measured,prefill-1024.sstrace,16,56,25,16,160,104,1.5384615384615385,1.0,3.0,5,69,31,4,0,0,0,0
Measured,prefill-1024.sstrace,16,57,25,16,160,97,1.6494845360824741,1.0,4.0,7,63,28,6,0,0,0,0
Measured,prefill-1024.sstrace,16,58,25,16,160,99,1.6161616161616161,1.0,4.0,6,64,28,7,0,0,0,0
Measured,prefill-1024.sstrace,16,59,25,16,160,86,1.8604651162790697,1.0,5.0,7,50,28,8,0,0,0,0
Measured,prefill-1024.sstrace,16,60,25,16,160,90,1.7777777777777777,1.0,4.0,6,53,28,9,0,0,0,0
Measured,prefill-1024.sstrace,16,61,25,16,160,92,1.7391304347826086,1.0,4.0,6,53,29,10,0,0,0,0
Measured,prefill-1024.sstrace,16,62,25,16,160,87,1.839080459770115,1.0,4.700000000000003,7,48,29,10,0,0,0,0
Measured,prefill-1024.sstrace,16,63,25,16,160,103,1.5533980582524272,1.0,4.0,5,71,24,8,0,0,0,0
Measured,prefill-1024.sstrace,16,0,26,16,160,69,2.318840579710145,1.0,8.0,11,41,16,7,5,0,0,0
Measured,prefill-1024.sstrace,16,1,26,16,160,74,2.1621621621621623,2.0,5.349999999999994,10,35,28,10,1,0,0,0
Measured,prefill-1024.sstrace,16,2,26,16,160,68,2.3529411764705883,2.0,7.0,13,32,26,7,3,0,0,0
Measured,prefill-1024.sstrace,16,3,26,16,160,79,2.0253164556962027,2.0,5.0,7,39,29,11,0,0,0,0
Measured,prefill-1024.sstrace,16,4,26,16,160,76,2.1052631578947367,1.0,6.0,8,44,19,12,1,0,0,0
Measured,prefill-1024.sstrace,16,5,26,16,160,79,2.0253164556962027,1.0,5.0,6,41,26,12,0,0,0,0
Measured,prefill-1024.sstrace,16,6,26,16,160,90,1.7777777777777777,1.0,4.549999999999997,6,52,31,7,0,0,0,0
Measured,prefill-1024.sstrace,16,7,26,16,160,81,1.9753086419753085,1.0,5.0,8,42,30,8,1,0,0,0
Measured,prefill-1024.sstrace,16,8,26,16,160,85,1.8823529411764706,1.0,4.0,7,49,25,11,0,0,0,0
Measured,prefill-1024.sstrace,16,9,26,16,160,79,2.0253164556962027,1.0,6.0,8,47,19,11,2,0,0,0
Measured,prefill-1024.sstrace,16,10,26,16,160,83,1.927710843373494,1.0,4.0,5,46,22,15,0,0,0,0
Measured,prefill-1024.sstrace,16,11,26,16,160,70,2.2857142857142856,2.0,6.549999999999997,9,34,24,10,2,0,0,0
Measured,prefill-1024.sstrace,16,12,26,16,160,94,1.702127659574468,1.0,4.0,5,56,31,7,0,0,0,0
Measured,prefill-1024.sstrace,16,13,26,16,160,92,1.7391304347826086,1.0,4.0,7,56,26,10,0,0,0,0
Measured,prefill-1024.sstrace,16,14,26,16,160,90,1.7777777777777777,1.0,4.549999999999997,6,56,22,12,0,0,0,0
Measured,prefill-1024.sstrace,16,15,26,16,160,97,1.6494845360824741,1.0,3.1999999999999886,5,60,32,5,0,0,0,0
Measured,prefill-1024.sstrace,16,16,26,16,160,74,2.1621621621621623,1.0,6.349999999999994,10,40,21,11,2,0,0,0
Measured,prefill-1024.sstrace,16,17,26,16,160,84,1.9047619047619047,1.5,4.849999999999994,5,42,33,9,0,0,0,0
Measured,prefill-1024.sstrace,16,18,26,16,160,89,1.797752808988764,1.0,5.0,8,62,15,10,2,0,0,0
Measured,prefill-1024.sstrace,16,19,26,16,160,92,1.7391304347826086,1.0,4.0,6,52,32,8,0,0,0,0
Measured,prefill-1024.sstrace,16,20,26,16,160,98,1.6326530612244898,1.0,4.0,6,59,32,7,0,0,0,0
Measured,prefill-1024.sstrace,16,21,26,16,160,97,1.6494845360824741,1.0,4.0,6,56,34,7,0,0,0,0
Measured,prefill-1024.sstrace,16,22,26,16,160,88,1.8181818181818181,1.0,4.0,6,49,30,9,0,0,0,0
Measured,prefill-1024.sstrace,16,23,26,16,160,80,2.0,2.0,5.049999999999997,8,37,34,8,1,0,0,0
Measured,prefill-1024.sstrace,16,24,26,16,160,100,1.6,1.0,5.0,6,65,29,6,0,0,0,0
Measured,prefill-1024.sstrace,16,25,26,16,160,86,1.8604651162790697,1.0,5.0,9,55,21,9,1,0,0,0
Measured,prefill-1024.sstrace,16,26,26,16,160,98,1.6326530612244898,1.0,4.0,5,60,31,7,0,0,0,0
Measured,prefill-1024.sstrace,16,27,26,16,160,97,1.6494845360824741,1.0,4.0,4,55,35,7,0,0,0,0
Measured,prefill-1024.sstrace,16,28,26,16,160,99,1.6161616161616161,1.0,3.0,5,58,38,3,0,0,0,0
Measured,prefill-1024.sstrace,16,29,26,16,160,99,1.6161616161616161,1.0,4.0,5,61,32,6,0,0,0,0
Measured,prefill-1024.sstrace,16,30,26,16,160,95,1.6842105263157894,1.0,4.299999999999997,6,60,27,8,0,0,0,0
Measured,prefill-1024.sstrace,16,31,26,16,160,99,1.6161616161616161,1.0,4.0,5,59,34,6,0,0,0,0
Measured,prefill-1024.sstrace,16,32,26,16,160,86,1.8604651162790697,1.0,5.0,6,48,28,10,0,0,0,0
Measured,prefill-1024.sstrace,16,33,26,16,160,102,1.5686274509803921,1.0,3.0,5,66,32,4,0,0,0,0
Measured,prefill-1024.sstrace,16,34,26,16,160,91,1.7582417582417582,1.0,4.0,7,53,30,8,0,0,0,0
Measured,prefill-1024.sstrace,16,35,26,16,160,94,1.702127659574468,1.0,4.0,5,51,36,7,0,0,0,0
Measured,prefill-1024.sstrace,16,36,26,16,160,95,1.6842105263157894,1.0,4.0,4,54,35,6,0,0,0,0
Measured,prefill-1024.sstrace,16,37,26,16,160,71,2.2535211267605635,2.0,5.5,8,32,24,14,1,0,0,0
Measured,prefill-1024.sstrace,16,38,26,16,160,94,1.702127659574468,1.0,4.0,5,55,33,6,0,0,0,0
Measured,prefill-1024.sstrace,16,39,26,16,160,83,1.927710843373494,1.0,5.0,7,46,26,11,0,0,0,0
Measured,prefill-1024.sstrace,16,40,26,16,160,99,1.6161616161616161,1.0,4.0,6,66,25,8,0,0,0,0
Measured,prefill-1024.sstrace,16,41,26,16,160,91,1.7582417582417582,1.0,4.0,7,52,31,8,0,0,0,0
Measured,prefill-1024.sstrace,16,42,26,16,160,110,1.4545454545454546,1.0,3.0,5,76,30,4,0,0,0,0
Measured,prefill-1024.sstrace,16,43,26,16,160,89,1.797752808988764,1.0,4.0,6,52,28,9,0,0,0,0
Measured,prefill-1024.sstrace,16,44,26,16,160,95,1.6842105263157894,1.0,4.0,7,61,26,8,0,0,0,0
Measured,prefill-1024.sstrace,16,45,26,16,160,94,1.702127659574468,1.0,4.0,4,53,35,6,0,0,0,0
Measured,prefill-1024.sstrace,16,46,26,16,160,96,1.6666666666666667,1.0,4.0,6,58,32,6,0,0,0,0
Measured,prefill-1024.sstrace,16,47,26,16,160,95,1.6842105263157894,1.0,3.299999999999997,4,52,38,5,0,0,0,0
Measured,prefill-1024.sstrace,16,48,26,16,160,103,1.5533980582524272,1.0,3.0,5,65,35,3,0,0,0,0
Measured,prefill-1024.sstrace,16,49,26,16,160,101,1.5841584158415842,1.0,3.0,4,63,33,5,0,0,0,0
Measured,prefill-1024.sstrace,16,50,26,16,160,88,1.8181818181818181,1.0,4.0,6,46,35,7,0,0,0,0
Measured,prefill-1024.sstrace,16,51,26,16,160,87,1.839080459770115,1.0,4.700000000000003,7,53,23,11,0,0,0,0
Measured,prefill-1024.sstrace,16,52,26,16,160,98,1.6326530612244898,1.0,4.0,5,64,25,9,0,0,0,0
Measured,prefill-1024.sstrace,16,53,26,16,160,84,1.9047619047619047,1.0,5.0,8,49,25,9,1,0,0,0
Measured,prefill-1024.sstrace,16,54,26,16,160,100,1.6,1.0,4.0,5,66,26,8,0,0,0,0
Measured,prefill-1024.sstrace,16,55,26,16,160,94,1.702127659574468,1.0,3.3499999999999943,7,54,35,5,0,0,0,0
Measured,prefill-1024.sstrace,16,56,26,16,160,99,1.6161616161616161,1.0,4.0,6,64,28,7,0,0,0,0
Measured,prefill-1024.sstrace,16,57,26,16,160,101,1.5841584158415842,1.0,3.0,7,64,34,3,0,0,0,0
Measured,prefill-1024.sstrace,16,58,26,16,160,93,1.7204301075268817,1.0,4.3999999999999915,8,61,24,7,1,0,0,0
Measured,prefill-1024.sstrace,16,59,26,16,160,96,1.6666666666666667,1.0,3.25,6,57,34,5,0,0,0,0
Measured,prefill-1024.sstrace,16,60,26,16,160,101,1.5841584158415842,1.0,4.0,5,63,32,6,0,0,0,0
Measured,prefill-1024.sstrace,16,61,26,16,160,98,1.6326530612244898,1.0,4.0,5,62,28,8,0,0,0,0
Measured,prefill-1024.sstrace,16,62,26,16,160,87,1.839080459770115,1.0,4.0,5,45,35,7,0,0,0,0
Measured,prefill-1024.sstrace,16,63,26,16,160,98,1.6326530612244898,1.0,4.0,6,58,34,6,0,0,0,0
Measured,prefill-1024.sstrace,16,0,27,16,160,62,2.5806451612903225,1.0,8.949999999999996,14,33,18,5,6,0,0,0
Measured,prefill-1024.sstrace,16,1,27,16,160,68,2.3529411764705883,2.0,5.0,10,33,20,13,2,0,0,0
Measured,prefill-1024.sstrace,16,2,27,16,160,61,2.622950819672131,2.0,6.0,8,24,21,15,1,0,0,0
Measured,prefill-1024.sstrace,16,3,27,16,160,72,2.2222222222222223,2.0,4.900000000000006,7,34,24,14,0,0,0,0
Measured,prefill-1024.sstrace,16,4,27,16,160,82,1.951219512195122,1.5,5.0,6,41,30,11,0,0,0,0
Measured,prefill-1024.sstrace,16,5,27,16,160,69,2.318840579710145,2.0,5.599999999999994,8,29,27,12,1,0,0,0
Measured,prefill-1024.sstrace,16,6,27,16,160,89,1.797752808988764,1.0,4.0,7,51,31,7,0,0,0,0
Measured,prefill-1024.sstrace,16,7,27,16,160,81,1.9753086419753085,1.0,5.0,6,43,24,14,0,0,0,0
Measured,prefill-1024.sstrace,16,8,27,16,160,83,1.927710843373494,1.0,6.0,8,54,17,10,2,0,0,0
Measured,prefill-1024.sstrace,16,9,27,16,160,82,1.951219512195122,1.0,4.0,7,44,27,11,0,0,0,0
Measured,prefill-1024.sstrace,16,10,27,16,160,77,2.0779220779220777,2.0,5.200000000000003,8,37,28,10,2,0,0,0
Measured,prefill-1024.sstrace,16,11,27,16,160,89,1.797752808988764,1.0,5.599999999999994,9,59,22,5,3,0,0,0
Measured,prefill-1024.sstrace,16,12,27,16,160,83,1.927710843373494,1.0,4.8999999999999915,6,43,29,11,0,0,0,0
Measured,prefill-1024.sstrace,16,13,27,16,160,86,1.8604651162790697,1.0,4.0,6,47,27,12,0,0,0,0
Measured,prefill-1024.sstrace,16,14,27,16,160,87,1.839080459770115,1.0,4.700000000000003,7,49,29,9,0,0,0,0
Measured,prefill-1024.sstrace,16,15,27,16,160,87,1.839080459770115,1.0,5.0,7,50,28,9,0,0,0,0
Measured,prefill-1024.sstrace,16,16,27,16,160,79,2.0253164556962027,1.0,6.0,7,43,27,9,0,0,0,0
Measured,prefill-1024.sstrace,16,17,27,16,160,85,1.8823529411764706,1.0,5.0,6,50,22,13,0,0,0,0
Measured,prefill-1024.sstrace,16,18,27,16,160,86,1.8604651162790697,1.0,5.0,7,47,31,8,0,0,0,0
Measured,prefill-1024.sstrace,16,19,27,16,160,88,1.8181818181818181,1.0,4.0,5,50,28,10,0,0,0,0
Measured,prefill-1024.sstrace,16,20,27,16,160,86,1.8604651162790697,1.0,5.0,6,49,26,11,0,0,0,0
Measured,prefill-1024.sstrace,16,21,27,16,160,106,1.509433962264151,1.0,3.0,4,67,37,2,0,0,0,0
Measured,prefill-1024.sstrace,16,22,27,16,160,97,1.6494845360824741,1.0,5.0,6,65,23,9,0,0,0,0
Measured,prefill-1024.sstrace,16,23,27,16,160,93,1.7204301075268817,1.0,4.0,7,56,29,8,0,0,0,0
Measured,prefill-1024.sstrace,16,24,27,16,160,92,1.7391304347826086,1.0,4.0,6,60,22,10,0,0,0,0
Measured,prefill-1024.sstrace,16,25,27,16,160,98,1.6326530612244898,1.0,5.0,8,68,22,7,1,0,0,0
Measured,prefill-1024.sstrace,16,26,27,16,160,96,1.6666666666666667,1.0,4.0,5,61,27,8,0,0,0,0
Measured,prefill-1024.sstrace,16,27,27,16,160,94,1.702127659574468,1.0,4.0,5,50,37,7,0,0,0,0
Measured,prefill-1024.sstrace,16,28,27,16,160,101,1.5841584158415842,1.0,3.0,4,63,33,5,0,0,0,0
Measured,prefill-1024.sstrace,16,29,27,16,160,95,1.6842105263157894,1.0,4.0,5,61,24,10,0,0,0,0
Measured,prefill-1024.sstrace,16,30,27,16,160,94,1.702127659574468,1.0,4.0,5,53,34,7,0,0,0,0
Measured,prefill-1024.sstrace,16,31,27,16,160,94,1.702127659574468,1.0,4.0,7,62,21,11,0,0,0,0
Measured,prefill-1024.sstrace,16,32,27,16,160,93,1.7204301075268817,1.0,3.3999999999999915,8,53,35,4,1,0,0,0
Measured,prefill-1024.sstrace,16,33,27,16,160,90,1.7777777777777777,1.0,4.0,6,50,32,8,0,0,0,0
Measured,prefill-1024.sstrace,16,34,27,16,160,96,1.6666666666666667,1.0,4.0,6,66,18,12,0,0,0,0
Measured,prefill-1024.sstrace,16,35,27,16,160,97,1.6494845360824741,1.0,4.0,5,59,32,6,0,0,0,0
Measured,prefill-1024.sstrace,16,36,27,16,160,92,1.7391304347826086,1.0,4.0,5,52,30,10,0,0,0,0
Measured,prefill-1024.sstrace,16,37,27,16,160,86,1.8604651162790697,1.0,5.0,7,52,24,10,0,0,0,0
Measured,prefill-1024.sstrace,16,38,27,16,160,83,1.927710843373494,1.0,5.0,6,47,21,15,0,0,0,0
Measured,prefill-1024.sstrace,16,39,27,16,160,98,1.6326530612244898,1.0,3.1499999999999915,6,62,31,5,0,0,0,0
Measured,prefill-1024.sstrace,16,40,27,16,160,82,1.951219512195122,2.0,4.0,8,40,33,8,1,0,0,0
Measured,prefill-1024.sstrace,16,41,27,16,160,96,1.6666666666666667,1.0,4.0,5,59,29,8,0,0,0,0
Measured,prefill-1024.sstrace,16,42,27,16,160,101,1.5841584158415842,1.0,3.0,5,66,30,5,0,0,0,0
Measured,prefill-1024.sstrace,16,43,27,16,160,82,1.951219512195122,1.0,5.0,7,47,24,11,0,0,0,0
Measured,prefill-1024.sstrace,16,44,27,16,160,106,1.509433962264151,1.0,4.0,6,72,27,7,0,0,0,0
Measured,prefill-1024.sstrace,16,45,27,16,160,91,1.7582417582417582,1.0,5.0,6,61,20,10,0,0,0,0
Measured,prefill-1024.sstrace,16,46,27,16,160,92,1.7391304347826086,1.0,4.0,6,58,24,10,0,0,0,0
Measured,prefill-1024.sstrace,16,47,27,16,160,89,1.797752808988764,1.0,4.0,7,53,25,11,0,0,0,0
Measured,prefill-1024.sstrace,16,48,27,16,160,96,1.6666666666666667,1.0,4.0,5,57,33,6,0,0,0,0
Measured,prefill-1024.sstrace,16,49,27,16,160,100,1.6,1.0,4.0,5,68,24,8,0,0,0,0
Measured,prefill-1024.sstrace,16,50,27,16,160,89,1.797752808988764,1.0,5.0,6,53,26,10,0,0,0,0
Measured,prefill-1024.sstrace,16,51,27,16,160,94,1.702127659574468,1.0,4.0,8,59,28,6,1,0,0,0
Measured,prefill-1024.sstrace,16,52,27,16,160,92,1.7391304347826086,1.0,5.0,10,63,19,9,1,0,0,0
Measured,prefill-1024.sstrace,16,53,27,16,160,93,1.7204301075268817,1.0,3.3999999999999915,7,52,36,5,0,0,0,0
Measured,prefill-1024.sstrace,16,54,27,16,160,95,1.6842105263157894,1.0,4.299999999999997,7,62,25,8,0,0,0,0
Measured,prefill-1024.sstrace,16,55,27,16,160,88,1.8181818181818181,1.0,4.0,7,51,27,10,0,0,0,0
Measured,prefill-1024.sstrace,16,56,27,16,160,102,1.5686274509803921,1.0,4.0,6,67,28,7,0,0,0,0
Measured,prefill-1024.sstrace,16,57,27,16,160,93,1.7204301075268817,1.0,5.3999999999999915,7,62,22,9,0,0,0,0
Measured,prefill-1024.sstrace,16,58,27,16,160,103,1.5533980582524272,1.0,4.0,6,73,21,9,0,0,0,0
Measured,prefill-1024.sstrace,16,59,27,16,160,83,1.927710843373494,1.0,5.0,8,52,18,12,1,0,0,0
Measured,prefill-1024.sstrace,16,60,27,16,160,104,1.5384615384615385,1.0,3.0,5,69,31,4,0,0,0,0
Measured,prefill-1024.sstrace,16,61,27,16,160,86,1.8604651162790697,1.0,4.75,6,47,29,10,0,0,0,0
Measured,prefill-1024.sstrace,16,62,27,16,160,88,1.8181818181818181,1.0,4.0,5,46,34,8,0,0,0,0
Measured,prefill-1024.sstrace,16,63,27,16,160,97,1.6494845360824741,1.0,4.0,6,61,30,6,0,0,0,0
Measured,prefill-1024.sstrace,16,0,28,16,160,79,2.0253164556962027,1.0,6.0,13,44,27,6,2,0,0,0
Measured,prefill-1024.sstrace,16,1,28,16,160,83,1.927710843373494,1.0,5.0,7,48,24,11,0,0,0,0
Measured,prefill-1024.sstrace,16,2,28,16,160,65,2.4615384615384617,2.0,5.799999999999997,12,28,24,10,3,0,0,0
Measured,prefill-1024.sstrace,16,3,28,16,160,76,2.1052631578947367,1.0,5.0,7,41,22,13,0,0,0,0
Measured,prefill-1024.sstrace,16,4,28,16,160,71,2.2535211267605635,2.0,5.5,11,35,24,10,2,0,0,0
Measured,prefill-1024.sstrace,16,5,28,16,160,81,1.9753086419753085,1.0,5.0,8,45,24,11,1,0,0,0
Measured,prefill-1024.sstrace,16,6,28,16,160,79,2.0253164556962027,1.0,5.099999999999994,9,45,23,9,2,0,0,0
Measured,prefill-1024.sstrace,16,7,28,16,160,81,1.9753086419753085,1.0,5.0,9,44,26,10,1,0,0,0
Measured,prefill-1024.sstrace,16,8,28,16,160,84,1.9047619047619047,1.0,5.0,7,48,26,10,0,0,0,0
Measured,prefill-1024.sstrace,16,9,28,16,160,73,2.191780821917808,1.0,6.0,11,43,15,12,3,0,0,0
Measured,prefill-1024.sstrace,16,10,28,16,160,87,1.839080459770115,1.0,4.0,6,49,28,10,0,0,0,0
Measured,prefill-1024.sstrace,16,11,28,16,160,74,2.1621621621621623,1.0,7.349999999999994,9,41,22,7,4,0,0,0
Measured,prefill-1024.sstrace,16,12,28,16,160,90,1.7777777777777777,1.0,4.0,7,51,31,8,0,0,0,0
Measured,prefill-1024.sstrace,16,13,28,16,160,82,1.951219512195122,1.0,5.0,10,46,27,8,1,0,0,0
Measured,prefill-1024.sstrace,16,14,28,16,160,84,1.9047619047619047,1.0,4.849999999999994,8,48,27,8,1,0,0,0
Measured,prefill-1024.sstrace,16,15,28,16,160,85,1.8823529411764706,1.0,4.799999999999997,6,47,27,11,0,0,0,0
Measured,prefill-1024.sstrace,16,16,28,16,160,72,2.2222222222222223,1.0,6.450000000000003,12,39,23,7,3,0,0,0
Measured,prefill-1024.sstrace,16,17,28,16,160,83,1.927710843373494,1.0,4.8999999999999915,7,42,31,10,0,0,0,0
Measured,prefill-1024.sstrace,16,18,28,16,160,85,1.8823529411764706,1.0,4.799999999999997,9,48,28,8,1,0,0,0
Measured,prefill-1024.sstrace,16,19,28,16,160,87,1.839080459770115,1.0,4.700000000000003,8,53,24,9,1,0,0,0
Measured,prefill-1024.sstrace,16,20,28,16,160,87,1.839080459770115,1.0,4.0,8,50,28,8,1,0,0,0
Measured,prefill-1024.sstrace,16,21,28,16,160,93,1.7204301075268817,1.0,3.3999999999999915,8,59,29,3,2,0,0,0
Measured,prefill-1024.sstrace,16,22,28,16,160,88,1.8181818181818181,1.0,4.0,6,50,30,8,0,0,0,0
Measured,prefill-1024.sstrace,16,23,28,16,160,78,2.051282051282051,1.0,5.1499999999999915,11,41,27,8,2,0,0,0
Measured,prefill-1024.sstrace,16,24,28,16,160,87,1.839080459770115,1.0,4.700000000000003,6,48,29,10,0,0,0,0
Measured,prefill-1024.sstrace,16,25,28,16,160,84,1.9047619047619047,1.0,6.699999999999989,10,55,19,8,2,0,0,0
Measured,prefill-1024.sstrace,16,26,28,16,160,87,1.839080459770115,1.0,4.0,7,53,22,12,0,0,0,0
Measured,prefill-1024.sstrace,16,27,28,16,160,78,2.051282051282051,2.0,4.0,7,33,35,10,0,0,0,0
Measured,prefill-1024.sstrace,16,28,28,16,160,87,1.839080459770115,1.0,4.0,8,50,29,7,1,0,0,0
Measured,prefill-1024.sstrace,16,29,28,16,160,82,1.951219512195122,1.5,4.0,5,41,31,10,0,0,0,0
Measured,prefill-1024.sstrace,16,30,28,16,160,91,1.7582417582417582,1.0,4.0,8,56,27,7,1,0,0,0
Measured,prefill-1024.sstrace,16,31,28,16,160,79,2.0253164556962027,2.0,5.0,7,38,30,11,0,0,0,0
Measured,prefill-1024.sstrace,16,32,28,16,160,74,2.1621621621621623,2.0,5.0,10,35,28,9,2,0,0,0
Measured,prefill-1024.sstrace,16,33,28,16,160,81,1.9753086419753085,2.0,4.0,7,40,30,11,0,0,0,0
Measured,prefill-1024.sstrace,16,34,28,16,160,92,1.7391304347826086,1.0,4.0,8,57,26,8,1,0,0,0
Measured,prefill-1024.sstrace,16,35,28,16,160,87,1.839080459770115,1.0,5.0,7,48,32,7,0,0,0,0
Measured,prefill-1024.sstrace,16,36,28,16,160,85,1.8823529411764706,1.0,4.799999999999997,8,48,28,8,1,0,0,0
Measured,prefill-1024.sstrace,16,37,28,16,160,73,2.191780821917808,1.0,5.0,10,37,22,12,2,0,0,0
Measured,prefill-1024.sstrace,16,38,28,16,160,76,2.1052631578947367,2.0,4.25,7,30,37,9,0,0,0,0
Measured,prefill-1024.sstrace,16,39,28,16,160,72,2.2222222222222223,2.0,5.0,11,34,25,11,2,0,0,0
Measured,prefill-1024.sstrace,16,40,28,16,160,82,1.951219512195122,1.5,4.0,7,41,32,9,0,0,0,0
Measured,prefill-1024.sstrace,16,41,28,16,160,88,1.8181818181818181,1.0,4.6499999999999915,8,55,24,7,2,0,0,0
Measured,prefill-1024.sstrace,16,42,28,16,160,92,1.7391304347826086,1.0,4.0,6,54,30,8,0,0,0,0
Measured,prefill-1024.sstrace,16,43,28,16,160,75,2.1333333333333333,1.0,6.0,8,40,21,12,2,0,0,0
Measured,prefill-1024.sstrace,16,44,28,16,160,89,1.797752808988764,1.0,5.0,7,54,26,9,0,0,0,0
Measured,prefill-1024.sstrace,16,45,28,16,160,80,2.0,1.5,4.049999999999997,7,40,27,13,0,0,0,0
Measured,prefill-1024.sstrace,16,46,28,16,160,88,1.8181818181818181,1.0,5.0,6,50,31,7,0,0,0,0
Measured,prefill-1024.sstrace,16,47,28,16,160,87,1.839080459770115,1.0,4.0,6,44,35,8,0,0,0,0
Measured,prefill-1024.sstrace,16,48,28,16,160,94,1.702127659574468,1.0,4.349999999999994,6,58,30,6,0,0,0,0
Measured,prefill-1024.sstrace,16,49,28,16,160,93,1.7204301075268817,1.0,4.0,6,58,27,8,0,0,0,0
Measured,prefill-1024.sstrace,16,50,28,16,160,80,2.0,2.0,5.0,6,38,31,11,0,0,0,0
Measured,prefill-1024.sstrace,16,51,28,16,160,82,1.951219512195122,1.0,4.950000000000003,7,47,24,11,0,0,0,0
Measured,prefill-1024.sstrace,16,52,28,16,160,89,1.797752808988764,1.0,4.0,7,52,27,10,0,0,0,0
Measured,prefill-1024.sstrace,16,53,28,16,160,74,2.1621621621621623,2.0,5.349999999999994,6,36,26,12,0,0,0,0
Measured,prefill-1024.sstrace,16,54,28,16,160,82,1.951219512195122,2.0,4.0,7,38,34,10,0,0,0,0
Measured,prefill-1024.sstrace,16,55,28,16,160,84,1.9047619047619047,2.0,4.0,7,41,34,9,0,0,0,0
Measured,prefill-1024.sstrace,16,56,28,16,160,97,1.6494845360824741,1.0,4.0,4,57,33,7,0,0,0,0
Measured,prefill-1024.sstrace,16,57,28,16,160,80,2.0,1.0,4.0,7,42,26,12,0,0,0,0
Measured,prefill-1024.sstrace,16,58,28,16,160,99,1.6161616161616161,1.0,4.0,7,65,27,7,0,0,0,0
Measured,prefill-1024.sstrace,16,59,28,16,160,69,2.318840579710145,2.0,4.599999999999994,8,25,31,12,1,0,0,0
Measured,prefill-1024.sstrace,16,60,28,16,160,83,1.927710843373494,2.0,4.0,7,39,35,9,0,0,0,0
Measured,prefill-1024.sstrace,16,61,28,16,160,80,2.0,2.0,4.0,7,36,35,9,0,0,0,0
Measured,prefill-1024.sstrace,16,62,28,16,160,92,1.7391304347826086,1.0,4.0,8,53,33,5,1,0,0,0
Measured,prefill-1024.sstrace,16,63,28,16,160,97,1.6494845360824741,1.0,4.0,5,61,27,9,0,0,0,0
Measured,prefill-1024.sstrace,16,0,29,16,160,59,2.711864406779661,2.0,10.0,12,28,20,5,6,0,0,0
Measured,prefill-1024.sstrace,16,1,29,16,160,68,2.3529411764705883,2.0,5.649999999999999,10,31,24,12,1,0,0,0
Measured,prefill-1024.sstrace,16,2,29,16,160,69,2.318840579710145,2.0,6.599999999999994,9,34,22,10,3,0,0,0
Measured,prefill-1024.sstrace,16,3,29,16,160,71,2.2535211267605635,2.0,5.5,10,33,26,11,1,0,0,0
Measured,prefill-1024.sstrace,16,4,29,16,160,78,2.051282051282051,1.0,5.299999999999983,11,48,20,7,3,0,0,0
Measured,prefill-1024.sstrace,16,5,29,16,160,80,2.0,1.0,7.0,9,48,22,9,1,0,0,0
Measured,prefill-1024.sstrace,16,6,29,16,160,80,2.0,1.0,5.0,11,46,23,8,3,0,0,0
Measured,prefill-1024.sstrace,16,7,29,16,160,89,1.797752808988764,1.0,4.0,10,57,26,3,3,0,0,0
Measured,prefill-1024.sstrace,16,8,29,16,160,85,1.8823529411764706,1.0,5.0,7,48,27,10,0,0,0,0
Measured,prefill-1024.sstrace,16,9,29,16,160,75,2.1333333333333333,1.0,5.299999999999997,13,42,24,6,3,0,0,0
Measured,prefill-1024.sstrace,16,10,29,16,160,83,1.927710843373494,1.0,5.8999999999999915,8,51,22,9,1,0,0,0
Measured,prefill-1024.sstrace,16,11,29,16,160,81,1.9753086419753085,1.0,5.0,13,47,27,4,3,0,0,0
Measured,prefill-1024.sstrace,16,12,29,16,160,98,1.6326530612244898,1.0,5.0,6,67,21,10,0,0,0,0
Measured,prefill-1024.sstrace,16,13,29,16,160,89,1.797752808988764,1.0,4.599999999999994,9,53,30,4,2,0,0,0
Measured,prefill-1024.sstrace,16,14,29,16,160,84,1.9047619047619047,1.0,4.849999999999994,10,47,29,6,2,0,0,0
Measured,prefill-1024.sstrace,16,15,29,16,160,91,1.7582417582417582,1.0,4.0,8,61,22,6,2,0,0,0
Measured,prefill-1024.sstrace,16,16,29,16,160,79,2.0253164556962027,1.0,4.099999999999994,13,44,30,2,3,0,0,0
Measured,prefill-1024.sstrace,16,17,29,16,160,91,1.7582417582417582,1.0,5.0,6,53,30,8,0,0,0,0
Measured,prefill-1024.sstrace,16,18,29,16,160,96,1.6666666666666667,1.0,3.25,10,66,25,2,3,0,0,0
Measured,prefill-1024.sstrace,16,19,29,16,160,91,1.7582417582417582,1.0,4.0,9,58,25,6,2,0,0,0
Measured,prefill-1024.sstrace,16,20,29,16,160,93,1.7204301075268817,1.0,4.0,8,56,30,5,2,0,0,0
Measured,prefill-1024.sstrace,16,21,29,16,160,100,1.6,1.0,4.0,10,69,25,4,2,0,0,0
Measured,prefill-1024.sstrace,16,22,29,16,160,95,1.6842105263157894,1.0,4.0,8,64,23,7,1,0,0,0
Measured,prefill-1024.sstrace,16,23,29,16,160,94,1.702127659574468,1.0,4.0,11,60,28,4,2,0,0,0
Measured,prefill-1024.sstrace,16,24,29,16,160,95,1.6842105263157894,1.0,4.299999999999997,6,60,27,8,0,0,0,0
Measured,prefill-1024.sstrace,16,25,29,16,160,86,1.8604651162790697,1.0,5.0,11,58,18,8,2,0,0,0
Measured,prefill-1024.sstrace,16,26,29,16,160,89,1.797752808988764,1.0,3.5999999999999943,8,48,36,4,1,0,0,0
Measured,prefill-1024.sstrace,16,27,29,16,160,93,1.7204301075268817,1.0,3.3999999999999915,9,54,34,4,1,0,0,0
Measured,prefill-1024.sstrace,16,28,29,16,160,92,1.7391304347826086,1.0,4.0,12,57,29,5,1,0,0,0
Measured,prefill-1024.sstrace,16,29,29,16,160,90,1.7777777777777777,1.0,4.0,7,53,28,9,0,0,0,0
Measured,prefill-1024.sstrace,16,30,29,16,160,92,1.7391304347826086,1.0,3.450000000000003,9,54,33,2,3,0,0,0
Measured,prefill-1024.sstrace,16,31,29,16,160,92,1.7391304347826086,1.0,4.0,7,56,28,8,0,0,0,0
Measured,prefill-1024.sstrace,16,32,29,16,160,85,1.8823529411764706,1.0,4.0,13,51,28,3,3,0,0,0
Measured,prefill-1024.sstrace,16,33,29,16,160,96,1.6666666666666667,1.0,3.25,9,57,34,4,1,0,0,0
Measured,prefill-1024.sstrace,16,34,29,16,160,97,1.6494845360824741,1.0,4.0,7,59,32,6,0,0,0,0
Measured,prefill-1024.sstrace,16,35,29,16,160,89,1.797752808988764,1.0,4.0,8,48,33,6,2,0,0,0
Measured,prefill-1024.sstrace,16,36,29,16,160,93,1.7204301075268817,1.0,4.0,6,54,33,6,0,0,0,0
Measured,prefill-1024.sstrace,16,37,29,16,160,92,1.7391304347826086,1.0,3.450000000000003,10,59,28,3,2,0,0,0
Measured,prefill-1024.sstrace,16,38,29,16,160,85,1.8823529411764706,2.0,4.0,6,40,37,8,0,0,0,0
Measured,prefill-1024.sstrace,16,39,29,16,160,89,1.797752808988764,1.0,4.599999999999994,11,57,24,7,1,0,0,0
Measured,prefill-1024.sstrace,16,40,29,16,160,91,1.7582417582417582,1.0,4.0,7,50,34,7,0,0,0,0
Measured,prefill-1024.sstrace,16,41,29,16,160,94,1.702127659574468,1.0,3.3499999999999943,8,58,31,4,1,0,0,0
Measured,prefill-1024.sstrace,16,42,29,16,160,101,1.5841584158415842,1.0,3.0,7,66,30,5,0,0,0,0
Measured,prefill-1024.sstrace,16,43,29,16,160,81,1.9753086419753085,1.0,5.0,8,42,30,8,1,0,0,0
Measured,prefill-1024.sstrace,16,44,29,16,160,96,1.6666666666666667,1.0,3.25,7,60,31,5,0,0,0,0
Measured,prefill-1024.sstrace,16,45,29,16,160,86,1.8604651162790697,1.0,4.75,6,46,32,8,0,0,0,0
Measured,prefill-1024.sstrace,16,46,29,16,160,93,1.7204301075268817,1.0,3.3999999999999915,9,52,36,4,1,0,0,0
Measured,prefill-1024.sstrace,16,47,29,16,160,94,1.702127659574468,1.0,4.0,6,59,29,6,0,0,0,0
Measured,prefill-1024.sstrace,16,48,29,16,160,104,1.5384615384615385,1.0,3.0,7,70,29,5,0,0,0,0
Measured,prefill-1024.sstrace,16,49,29,16,160,96,1.6666666666666667,1.0,4.0,7,58,30,8,0,0,0,0
Measured,prefill-1024.sstrace,16,50,29,16,160,84,1.9047619047619047,2.0,4.0,7,40,36,8,0,0,0,0
Measured,prefill-1024.sstrace,16,51,29,16,160,86,1.8604651162790697,1.0,5.0,8,52,25,8,1,0,0,0
Measured,prefill-1024.sstrace,16,52,29,16,160,95,1.6842105263157894,1.0,4.0,5,58,28,9,0,0,0,0
Measured,prefill-1024.sstrace,16,53,29,16,160,89,1.797752808988764,1.0,4.0,7,48,34,7,0,0,0,0
Measured,prefill-1024.sstrace,16,54,29,16,160,87,1.839080459770115,1.0,4.0,5,47,30,10,0,0,0,0
Measured,prefill-1024.sstrace,16,55,29,16,160,98,1.6326530612244898,1.0,4.0,6,60,32,6,0,0,0,0
Measured,prefill-1024.sstrace,16,56,29,16,160,105,1.5238095238095237,1.0,3.0,5,67,34,4,0,0,0,0
Measured,prefill-1024.sstrace,16,57,29,16,160,90,1.7777777777777777,1.0,4.0,6,47,36,7,0,0,0,0
Measured,prefill-1024.sstrace,16,58,29,16,160,96,1.6666666666666667,1.0,3.25,9,61,30,4,1,0,0,0
Measured,prefill-1024.sstrace,16,59,29,16,160,91,1.7582417582417582,1.0,4.0,6,50,33,8,0,0,0,0
Measured,prefill-1024.sstrace,16,60,29,16,160,92,1.7391304347826086,1.0,4.0,9,55,30,6,1,0,0,0
Measured,prefill-1024.sstrace,16,61,29,16,160,91,1.7582417582417582,1.0,4.0,5,48,37,6,0,0,0,0
Measured,prefill-1024.sstrace,16,62,29,16,160,97,1.6494845360824741,1.0,4.0,9,61,29,6,1,0,0,0
Measured,prefill-1024.sstrace,16,63,29,16,160,102,1.5686274509803921,1.0,4.0,6,70,24,8,0,0,0,0
Measured,prefill-1024.sstrace,16,0,30,16,160,65,2.4615384615384617,2.0,6.799999999999997,8,32,16,14,3,0,0,0
Measured,prefill-1024.sstrace,16,1,30,16,160,82,1.951219512195122,1.0,4.0,9,43,26,12,1,0,0,0
Measured,prefill-1024.sstrace,16,2,30,16,160,74,2.1621621621621623,1.0,6.0,11,39,25,8,2,0,0,0
Measured,prefill-1024.sstrace,16,3,30,16,160,83,1.927710843373494,1.0,5.0,7,49,20,14,0,0,0,0
Measured,prefill-1024.sstrace,16,4,30,16,160,86,1.8604651162790697,1.0,4.75,9,51,27,7,1,0,0,0
Measured,prefill-1024.sstrace,16,5,30,16,160,93,1.7204301075268817,1.0,4.0,7,56,29,8,0,0,0,0
Measured,prefill-1024.sstrace,16,6,30,16,160,90,1.7777777777777777,1.0,4.549999999999997,10,59,24,6,1,0,0,0
Measured,prefill-1024.sstrace,16,7,30,16,160,103,1.5533980582524272,1.0,3.0,10,69,29,4,1,0,0,0
Measured,prefill-1024.sstrace,16,8,30,16,160,103,1.5533980582524272,1.0,3.0,5,64,34,5,0,0,0,0
Measured,prefill-1024.sstrace,16,9,30,16,160,92,1.7391304347826086,1.0,4.450000000000003,11,60,25,6,1,0,0,0
Measured,prefill-1024.sstrace,16,10,30,16,160,99,1.6161616161616161,1.0,4.0,5,64,29,6,0,0,0,0
Measured,prefill-1024.sstrace,16,11,30,16,160,84,1.9047619047619047,1.0,4.849999999999994,11,54,20,8,2,0,0,0
Measured,prefill-1024.sstrace,16,12,30,16,160,94,1.702127659574468,1.0,4.0,5,57,27,10,0,0,0,0
Measured,prefill-1024.sstrace,16,13,30,16,160,94,1.702127659574468,1.0,4.0,9,59,27,7,1,0,0,0
Measured,prefill-1024.sstrace,16,14,30,16,160,96,1.6666666666666667,1.0,4.25,8,65,22,8,1,0,0,0
Measured,prefill-1024.sstrace,16,15,30,16,160,101,1.5841584158415842,1.0,3.0,6,66,30,5,0,0,0,0
Measured,prefill-1024.sstrace,16,16,30,16,160,92,1.7391304347826086,1.0,4.0,12,58,27,6,1,0,0,0
Measured,prefill-1024.sstrace,16,17,30,16,160,97,1.6494845360824741,1.0,3.0,6,58,35,4,0,0,0,0
Measured,prefill-1024.sstrace,16,18,30,16,160,101,1.5841584158415842,1.0,4.0,8,71,24,5,1,0,0,0
Measured,prefill-1024.sstrace,16,19,30,16,160,90,1.7777777777777777,1.0,4.0,9,54,30,5,1,0,0,0
Measured,prefill-1024.sstrace,16,20,30,16,160,100,1.6,1.0,3.049999999999997,5,63,32,5,0,0,0,0
Measured,prefill-1024.sstrace,16,21,30,16,160,110,1.4545454545454546,1.0,3.0,6,77,29,4,0,0,0,0
Measured,prefill-1024.sstrace,16,22,30,16,160,99,1.6161616161616161,1.0,3.0,5,59,36,4,0,0,0,0
Measured,prefill-1024.sstrace,16,23,30,16,160,97,1.6494845360824741,1.0,4.0,8,61,28,7,1,0,0,0
Measured,prefill-1024.sstrace,16,24,30,16,160,94,1.702127659574468,1.0,4.0,6,57,29,8,0,0,0,0
Measured,prefill-1024.sstrace,16,25,30,16,160,97,1.6494845360824741,1.0,4.199999999999989,8,63,28,5,1,0,0,0
Measured,prefill-1024.sstrace,16,26,30,16,160,98,1.6326530612244898,1.0,3.0,6,56,39,3,0,0,0,0
Measured,prefill-1024.sstrace,16,27,30,16,160,104,1.5384615384615385,1.0,3.0,6,63,39,2,0,0,0,0
Measured,prefill-1024.sstrace,16,28,30,16,160,97,1.6494845360824741,1.0,4.0,9,63,28,5,1,0,0,0
Measured,prefill-1024.sstrace,16,29,30,16,160,110,1.4545454545454546,1.0,3.0,5,76,30,4,0,0,0,0
Measured,prefill-1024.sstrace,16,30,30,16,160,108,1.4814814814814814,1.0,3.0,6,75,28,5,0,0,0,0
Measured,prefill-1024.sstrace,16,31,30,16,160,99,1.6161616161616161,1.0,4.0,6,64,28,7,0,0,0,0
Measured,prefill-1024.sstrace,16,32,30,16,160,100,1.6,1.0,3.0,8,64,32,3,1,0,0,0
Measured,prefill-1024.sstrace,16,33,30,16,160,95,1.6842105263157894,1.0,3.299999999999997,8,57,33,4,1,0,0,0
Measured,prefill-1024.sstrace,16,34,30,16,160,105,1.5238095238095237,1.0,3.799999999999997,6,73,26,6,0,0,0,0
Measured,prefill-1024.sstrace,16,35,30,16,160,102,1.5686274509803921,1.0,3.0,8,67,30,4,1,0,0,0
Measured,prefill-1024.sstrace,16,36,30,16,160,102,1.5686274509803921,1.0,3.0,5,64,34,4,0,0,0,0
Measured,prefill-1024.sstrace,16,37,30,16,160,99,1.6161616161616161,1.0,3.0999999999999943,7,63,31,5,0,0,0,0
Measured,prefill-1024.sstrace,16,38,30,16,160,99,1.6161616161616161,1.0,3.0,6,61,34,4,0,0,0,0
Measured,prefill-1024.sstrace,16,39,30,16,160,106,1.509433962264151,1.0,3.0,7,75,26,5,0,0,0,0
Measured,prefill-1024.sstrace,16,40,30,16,160,95,1.6842105263157894,1.0,4.0,6,59,27,9,0,0,0,0
Measured,prefill-1024.sstrace,16,41,30,16,160,103,1.5533980582524272,1.0,3.0,6,70,28,5,0,0,0,0
Measured,prefill-1024.sstrace,16,42,30,16,160,116,1.3793103448275863,1.0,3.0,4,83,31,2,0,0,0,0
Measured,prefill-1024.sstrace,16,43,30,16,160,98,1.6326530612244898,1.0,3.1499999999999915,5,59,34,5,0,0,0,0
Measured,prefill-1024.sstrace,16,44,30,16,160,104,1.5384615384615385,1.0,3.0,6,72,27,5,0,0,0,0
Measured,prefill-1024.sstrace,16,45,30,16,160,104,1.5384615384615385,1.0,3.0,5,66,33,5,0,0,0,0
Measured,prefill-1024.sstrace,16,46,30,16,160,105,1.5238095238095237,1.0,3.0,6,70,30,5,0,0,0,0
Measured,prefill-1024.sstrace,16,47,30,16,160,108,1.4814814814814814,1.0,3.0,5,74,29,5,0,0,0,0
Measured,prefill-1024.sstrace,16,48,30,16,160,106,1.509433962264151,1.0,3.0,6,69,33,4,0,0,0,0
Measured,prefill-1024.sstrace,16,49,30,16,160,115,1.391304347826087,1.0,3.0,5,82,31,2,0,0,0,0
Measured,prefill-1024.sstrace,16,50,30,16,160,93,1.7204301075268817,1.0,3.3999999999999915,8,54,34,4,1,0,0,0
Measured,prefill-1024.sstrace,16,51,30,16,160,102,1.5686274509803921,1.0,3.0,7,69,28,5,0,0,0,0
Measured,prefill-1024.sstrace,16,52,30,16,160,105,1.5238095238095237,1.0,3.0,7,72,28,5,0,0,0,0
Measured,prefill-1024.sstrace,16,53,30,16,160,97,1.6494845360824741,1.0,4.0,6,60,28,9,0,0,0,0
Measured,prefill-1024.sstrace,16,54,30,16,160,99,1.6161616161616161,1.0,3.0999999999999943,5,60,34,5,0,0,0,0
Measured,prefill-1024.sstrace,16,55,30,16,160,104,1.5384615384615385,1.0,3.8499999999999943,5,68,30,6,0,0,0,0
Measured,prefill-1024.sstrace,16,56,30,16,160,114,1.4035087719298245,1.0,3.0,5,83,28,3,0,0,0,0
Measured,prefill-1024.sstrace,16,57,30,16,160,93,1.7204301075268817,1.0,5.0,7,62,21,10,0,0,0,0
Measured,prefill-1024.sstrace,16,58,30,16,160,101,1.5841584158415842,1.0,3.0,6,63,34,4,0,0,0,0
Measured,prefill-1024.sstrace,16,59,30,16,160,92,1.7391304347826086,1.0,4.0,6,55,27,10,0,0,0,0
Measured,prefill-1024.sstrace,16,60,30,16,160,102,1.5686274509803921,1.0,3.0,6,63,35,4,0,0,0,0
Measured,prefill-1024.sstrace,16,61,30,16,160,99,1.6161616161616161,1.0,4.0,6,63,29,7,0,0,0,0
Measured,prefill-1024.sstrace,16,62,30,16,160,100,1.6,1.0,4.0,7,63,31,6,0,0,0,0
Measured,prefill-1024.sstrace,16,63,30,16,160,118,1.3559322033898304,1.0,3.0,5,85,32,1,0,0,0,0
Measured,prefill-1024.sstrace,16,0,31,16,160,72,2.2222222222222223,2.0,6.0,11,35,28,7,2,0,0,0
Measured,prefill-1024.sstrace,16,1,31,16,160,62,2.5806451612903225,2.0,6.0,10,24,24,11,3,0,0,0
Measured,prefill-1024.sstrace,16,2,31,16,160,65,2.4615384615384617,2.0,6.799999999999997,9,29,21,13,2,0,0,0
Measured,prefill-1024.sstrace,16,3,31,16,160,61,2.622950819672131,2.0,8.0,11,26,20,11,4,0,0,0
Measured,prefill-1024.sstrace,16,4,31,16,160,71,2.2535211267605635,1.0,7.5,8,37,21,9,4,0,0,0
Measured,prefill-1024.sstrace,16,5,31,16,160,70,2.2857142857142856,2.0,5.549999999999997,9,31,27,11,1,0,0,0
Measured,prefill-1024.sstrace,16,6,31,16,160,66,2.4242424242424243,2.0,8.5,10,31,24,7,4,0,0,0
Measured,prefill-1024.sstrace,16,7,31,16,160,79,2.0253164556962027,1.0,5.199999999999989,9,45,21,12,1,0,0,0
Measured,prefill-1024.sstrace,16,8,31,16,160,75,2.1333333333333333,1.0,5.0,9,40,22,12,1,0,0,0
Measured,prefill-1024.sstrace,16,9,31,16,160,65,2.4615384615384617,1.0,7.799999999999997,11,37,15,9,4,0,0,0
Measured,prefill-1024.sstrace,16,10,31,16,160,77,2.0779220779220777,2.0,5.0,7,38,29,10,0,0,0,0
Measured,prefill-1024.sstrace,16,11,31,16,160,70,2.2857142857142856,1.0,8.649999999999991,12,40,19,7,4,0,0,0
Measured,prefill-1024.sstrace,16,12,31,16,160,79,2.0253164556962027,1.0,5.0,6,40,29,10,0,0,0,0
Measured,prefill-1024.sstrace,16,13,31,16,160,72,2.2222222222222223,1.0,6.450000000000003,9,37,24,8,3,0,0,0
Measured,prefill-1024.sstrace,16,14,31,16,160,76,2.1052631578947367,1.0,6.25,7,41,24,11,0,0,0,0
Measured,prefill-1024.sstrace,16,15,31,16,160,80,2.0,1.0,5.0,6,41,29,10,0,0,0,0
Measured,prefill-1024.sstrace,16,16,31,16,160,59,2.711864406779661,2.0,8.099999999999994,11,28,17,9,5,0,0,0
Measured,prefill-1024.sstrace,16,17,31,16,160,78,2.051282051282051,1.0,5.0,7,42,23,13,0,0,0,0
Measured,prefill-1024.sstrace,16,18,31,16,160,76,2.1052631578947367,1.0,8.0,10,53,12,6,5,0,0,0
Measured,prefill-1024.sstrace,16,19,31,16,160,75,2.1333333333333333,1.0,5.0,7,38,23,14,0,0,0,0
Measured,prefill-1024.sstrace,16,20,31,16,160,79,2.0253164556962027,2.0,5.0,8,39,31,8,1,0,0,0
Measured,prefill-1024.sstrace,16,21,31,16,160,87,1.839080459770115,1.0,5.0,7,50,29,8,0,0,0,0
Measured,prefill-1024.sstrace,16,22,31,16,160,75,2.1333333333333333,2.0,5.299999999999997,9,33,32,9,1,0,0,0
Measured,prefill-1024.sstrace,16,23,31,16,160,73,2.191780821917808,2.0,6.3999999999999915,9,36,27,7,3,0,0,0
Measured,prefill-1024.sstrace,16,24,31,16,160,84,1.9047619047619047,1.0,4.0,6,47,26,11,0,0,0,0
Measured,prefill-1024.sstrace,16,25,31,16,160,70,2.2857142857142856,1.0,7.549999999999997,10,37,21,8,4,0,0,0
Measured,prefill-1024.sstrace,16,26,31,16,160,74,2.1621621621621623,2.0,5.0,7,32,29,13,0,0,0,0
Measured,prefill-1024.sstrace,16,27,31,16,160,77,2.0779220779220777,1.0,6.0,7,39,29,9,0,0,0,0
Measured,prefill-1024.sstrace,16,28,31,16,160,78,2.051282051282051,1.5,5.299999999999983,9,39,28,8,3,0,0,0
Measured,prefill-1024.sstrace,16,29,31,16,160,88,1.8181818181818181,1.0,4.6499999999999915,8,59,17,11,1,0,0,0
Measured,prefill-1024.sstrace,16,30,31,16,160,80,2.0,1.0,5.049999999999997,9,44,27,8,1,0,0,0
Measured,prefill-1024.sstrace,16,31,31,16,160,72,2.2222222222222223,2.0,5.0,7,35,23,14,0,0,0,0
Measured,prefill-1024.sstrace,16,32,31,16,160,69,2.318840579710145,1.0,7.199999999999989,12,39,17,9,4,0,0,0
Measured,prefill-1024.sstrace,16,33,31,16,160,73,2.191780821917808,2.0,5.0,8,36,23,13,1,0,0,0
Measured,prefill-1024.sstrace,16,34,31,16,160,73,2.191780821917808,2.0,5.3999999999999915,9,35,26,11,1,0,0,0
Measured,prefill-1024.sstrace,16,35,31,16,160,77,2.0779220779220777,2.0,6.0,7,38,27,12,0,0,0,0
Measured,prefill-1024.sstrace,16,36,31,16,160,78,2.051282051282051,1.0,5.0,6,40,27,11,0,0,0,0
Measured,prefill-1024.sstrace,16,37,31,16,160,70,2.2857142857142856,1.0,7.0,9,36,24,7,3,0,0,0
Measured,prefill-1024.sstrace,16,38,31,16,160,81,1.9753086419753085,1.0,5.0,6,42,27,12,0,0,0,0
Measured,prefill-1024.sstrace,16,39,31,16,160,78,2.051282051282051,1.0,6.0,8,48,18,9,3,0,0,0
Measured,prefill-1024.sstrace,16,40,31,16,160,87,1.839080459770115,1.0,4.0,5,48,30,9,0,0,0,0
Measured,prefill-1024.sstrace,16,41,31,16,160,84,1.9047619047619047,1.0,5.849999999999994,8,53,21,9,1,0,0,0
Measured,prefill-1024.sstrace,16,42,31,16,160,97,1.6494845360824741,1.0,4.0,5,61,29,7,0,0,0,0
Measured,prefill-1024.sstrace,16,43,31,16,160,69,2.318840579710145,1.0,6.0,8,37,17,13,2,0,0,0
Measured,prefill-1024.sstrace,16,44,31,16,160,90,1.7777777777777777,1.0,4.0,5,47,36,7,0,0,0,0
Measured,prefill-1024.sstrace,16,45,31,16,160,81,1.9753086419753085,1.0,5.0,6,45,24,12,0,0,0,0
Measured,prefill-1024.sstrace,16,46,31,16,160,81,1.9753086419753085,1.0,5.0,7,44,26,11,0,0,0,0
Measured,prefill-1024.sstrace,16,47,31,16,160,86,1.8604651162790697,1.0,4.0,5,49,23,14,0,0,0,0
Measured,prefill-1024.sstrace,16,48,31,16,160,92,1.7391304347826086,1.0,4.450000000000003,6,60,23,9,0,0,0,0
Measured,prefill-1024.sstrace,16,49,31,16,160,89,1.797752808988764,1.0,4.599999999999994,6,51,30,8,0,0,0,0
Measured,prefill-1024.sstrace,16,50,31,16,160,81,1.9753086419753085,1.0,4.0,7,47,18,16,0,0,0,0
Measured,prefill-1024.sstrace,16,51,31,16,160,78,2.051282051282051,1.0,5.0,8,45,19,12,2,0,0,0
Measured,prefill-1024.sstrace,16,52,31,16,160,88,1.8181818181818181,1.0,4.0,7,57,19,12,0,0,0,0
Measured,prefill-1024.sstrace,16,53,31,16,160,88,1.8181818181818181,1.0,5.0,7,51,28,9,0,0,0,0
Measured,prefill-1024.sstrace,16,54,31,16,160,86,1.8604651162790697,1.0,5.0,6,50,26,10,0,0,0,0
Measured,prefill-1024.sstrace,16,55,31,16,160,95,1.6842105263157894,1.0,4.0,6,62,25,8,0,0,0,0
Measured,prefill-1024.sstrace,16,56,31,16,160,95,1.6842105263157894,1.0,4.0,5,57,31,7,0,0,0,0
Measured,prefill-1024.sstrace,16,57,31,16,160,73,2.191780821917808,2.0,5.3999999999999915,8,33,28,11,1,0,0,0
Measured,prefill-1024.sstrace,16,58,31,16,160,80,2.0,1.5,5.0,6,40,30,10,0,0,0,0
Measured,prefill-1024.sstrace,16,59,31,16,160,71,2.2535211267605635,2.0,5.5,7,35,21,15,0,0,0,0
Measured,prefill-1024.sstrace,16,60,31,16,160,89,1.797752808988764,1.0,4.0,6,55,23,11,0,0,0,0
Measured,prefill-1024.sstrace,16,61,31,16,160,82,1.951219512195122,1.0,4.950000000000003,8,44,27,10,1,0,0,0
Measured,prefill-1024.sstrace,16,62,31,16,160,70,2.2857142857142856,2.0,5.549999999999997,9,32,25,12,1,0,0,0
Measured,prefill-1024.sstrace,16,63,31,16,160,96,1.6666666666666667,1.0,4.0,5,52,37,7,0,0,0,0
Measured,prefill-1024.sstrace,16,0,32,16,160,62,2.5806451612903225,2.0,7.949999999999996,15,27,24,7,4,0,0,0
Measured,prefill-1024.sstrace,16,1,32,16,160,66,2.4242424242424243,1.5,6.0,12,33,19,12,2,0,0,0
Measured,prefill-1024.sstrace,16,2,32,16,160,68,2.3529411764705883,2.0,6.0,9,31,26,9,2,0,0,0
Measured,prefill-1024.sstrace,16,3,32,16,160,73,2.191780821917808,1.0,5.3999999999999915,9,38,21,13,1,0,0,0
Measured,prefill-1024.sstrace,16,4,32,16,160,83,1.927710843373494,1.0,6.0,8,54,17,10,2,0,0,0
Measured,prefill-1024.sstrace,16,5,32,16,160,80,2.0,1.0,6.0,8,47,21,11,1,0,0,0
Measured,prefill-1024.sstrace,16,6,32,16,160,81,1.9753086419753085,1.0,5.0,11,53,16,10,2,0,0,0
Measured,prefill-1024.sstrace,16,7,32,16,160,86,1.8604651162790697,1.0,5.75,9,51,28,6,1,0,0,0
Measured,prefill-1024.sstrace,16,8,32,16,160,93,1.7204301075268817,1.0,4.0,8,61,23,8,1,0,0,0
Measured,prefill-1024.sstrace,16,9,32,16,160,70,2.2857142857142856,1.0,7.0,13,39,19,9,3,0,0,0
Measured,prefill-1024.sstrace,16,10,32,16,160,87,1.839080459770115,1.0,5.0,6,53,22,12,0,0,0,0
Measured,prefill-1024.sstrace,16,11,32,16,160,69,2.318840579710145,1.0,7.599999999999994,10,37,21,7,4,0,0,0
Measured,prefill-1024.sstrace,16,12,32,16,160,83,1.927710843373494,1.0,4.0,6,43,30,10,0,0,0,0
Measured,prefill-1024.sstrace,16,13,32,16,160,79,2.0253164556962027,1.0,5.0,9,45,21,11,2,0,0,0
Measured,prefill-1024.sstrace,16,14,32,16,160,88,1.8181818181818181,1.0,5.0,7,58,17,13,0,0,0,0
Measured,prefill-1024.sstrace,16,15,32,16,160,82,1.951219512195122,1.0,5.950000000000003,8,50,21,10,1,0,0,0
Measured,prefill-1024.sstrace,16,16,32,16,160,67,2.388059701492537,1.0,7.699999999999996,11,36,18,9,4,0,0,0
Measured,prefill-1024.sstrace,16,17,32,16,160,87,1.839080459770115,1.0,5.0,6,55,20,12,0,0,0,0
Measured,prefill-1024.sstrace,16,18,32,16,160,85,1.8823529411764706,1.0,6.0,9,57,19,7,2,0,0,0
Measured,prefill-1024.sstrace,16,19,32,16,160,76,2.1052631578947367,2.0,4.25,8,37,27,10,2,0,0,0
Measured,prefill-1024.sstrace,16,20,32,16,160,82,1.951219512195122,2.0,4.950000000000003,8,40,34,7,1,0,0,0
Measured,prefill-1024.sstrace,16,21,32,16,160,97,1.6494845360824741,1.0,4.0,7,61,30,6,0,0,0,0
Measured,prefill-1024.sstrace,16,22,32,16,160,85,1.8823529411764706,1.0,5.0,7,50,24,11,0,0,0,0
Measured,prefill-1024.sstrace,16,23,32,16,160,87,1.839080459770115,1.0,5.0,9,56,22,6,3,0,0,0
Measured,prefill-1024.sstrace,16,24,32,16,160,82,1.951219512195122,1.0,5.0,7,48,20,14,0,0,0,0
Measured,prefill-1024.sstrace,16,25,32,16,160,87,1.839080459770115,1.0,5.0,10,55,22,8,2,0,0,0
Measured,prefill-1024.sstrace,16,26,32,16,160,92,1.7391304347826086,1.0,4.0,6,53,31,8,0,0,0,0
Measured,prefill-1024.sstrace,16,27,32,16,160,85,1.8823529411764706,1.0,4.0,6,45,31,9,0,0,0,0
Measured,prefill-1024.sstrace,16,28,32,16,160,101,1.5841584158415842,1.0,4.0,8,71,23,5,2,0,0,0
Measured,prefill-1024.sstrace,16,29,32,16,160,85,1.8823529411764706,1.0,4.0,6,52,21,12,0,0,0,0
Measured,prefill-1024.sstrace,16,30,32,16,160,95,1.6842105263157894,1.0,4.0,6,62,23,10,0,0,0,0
Measured,prefill-1024.sstrace,16,31,32,16,160,80,2.0,1.0,6.0,7,45,25,10,0,0,0,0
Measured,prefill-1024.sstrace,16,32,32,16,160,81,1.9753086419753085,1.0,6.0,10,54,15,9,3,0,0,0
Measured,prefill-1024.sstrace,16,33,32,16,160,81,1.9753086419753085,1.0,4.0,8,45,23,12,1,0,0,0
Measured,prefill-1024.sstrace,16,34,32,16,160,86,1.8604651162790697,1.0,5.0,7,54,20,12,0,0,0,0
Measured,prefill-1024.sstrace,16,35,32,16,160,88,1.8181818181818181,1.0,4.6499999999999915,9,50,30,7,1,0,0,0
Measured,prefill-1024.sstrace,16,36,32,16,160,90,1.7777777777777777,1.0,4.0,6,54,28,8,0,0,0,0
Measured,prefill-1024.sstrace,16,37,32,16,160,81,1.9753086419753085,1.0,6.0,9,49,21,8,3,0,0,0
Measured,prefill-1024.sstrace,16,38,32,16,160,80,2.0,2.0,5.0,5,39,27,14,0,0,0,0
Measured,prefill-1024.sstrace,16,39,32,16,160,87,1.839080459770115,1.0,5.0,8,56,22,8,1,0,0,0
Measured,prefill-1024.sstrace,16,40,32,16,160,86,1.8604651162790697,1.0,4.0,6,49,22,15,0,0,0,0
Measured,prefill-1024.sstrace,16,41,32,16,160,85,1.8823529411764706,1.0,4.0,7,50,22,13,0,0,0,0
Measured,prefill-1024.sstrace,16,42,32,16,160,103,1.5533980582524272,1.0,3.0,5,66,32,5,0,0,0,0
Measured,prefill-1024.sstrace,16,43,32,16,160,70,2.2857142857142856,2.0,5.0,6,32,22,16,0,0,0,0
Measured,prefill-1024.sstrace,16,44,32,16,160,96,1.6666666666666667,1.0,4.0,7,60,29,7,0,0,0,0
Measured,prefill-1024.sstrace,16,45,32,16,160,91,1.7582417582417582,1.0,5.0,7,59,21,11,0,0,0,0
Measured,prefill-1024.sstrace,16,46,32,16,160,94,1.702127659574468,1.0,4.0,6,59,26,9,0,0,0,0
Measured,prefill-1024.sstrace,16,47,32,16,160,83,1.927710843373494,1.0,4.8999999999999915,6,49,22,12,0,0,0,0
Measured,prefill-1024.sstrace,16,48,32,16,160,95,1.6842105263157894,1.0,4.0,6,61,24,10,0,0,0,0
Measured,prefill-1024.sstrace,16,49,32,16,160,101,1.5841584158415842,1.0,4.0,5,64,31,6,0,0,0,0
Measured,prefill-1024.sstrace,16,50,32,16,160,77,2.0779220779220777,1.0,6.0,8,42,23,10,2,0,0,0
Measured,prefill-1024.sstrace,16,51,32,16,160,83,1.927710843373494,1.0,4.8999999999999915,7,46,28,9,0,0,0,0
Measured,prefill-1024.sstrace,16,52,32,16,160,86,1.8604651162790697,1.0,5.0,6,52,23,11,0,0,0,0
Measured,prefill-1024.sstrace,16,53,32,16,160,94,1.702127659574468,1.0,4.0,7,59,27,8,0,0,0,0
Measured,prefill-1024.sstrace,16,54,32,16,160,88,1.8181818181818181,1.0,5.0,5,55,23,10,0,0,0,0
Measured,prefill-1024.sstrace,16,55,32,16,160,84,1.9047619047619047,1.0,5.0,6,49,22,13,0,0,0,0
Measured,prefill-1024.sstrace,16,56,32,16,160,104,1.5384615384615385,1.0,4.0,5,72,25,7,0,0,0,0
Measured,prefill-1024.sstrace,16,57,32,16,160,75,2.1333333333333333,1.0,6.0,7,41,20,14,0,0,0,0
Measured,prefill-1024.sstrace,16,58,32,16,160,89,1.797752808988764,1.0,4.0,6,49,33,7,0,0,0,0
Measured,prefill-1024.sstrace,16,59,32,16,160,75,2.1333333333333333,2.0,6.0,7,37,25,13,0,0,0,0
Measured,prefill-1024.sstrace,16,60,32,16,160,94,1.702127659574468,1.0,4.0,7,59,27,8,0,0,0,0
Measured,prefill-1024.sstrace,16,61,32,16,160,81,1.9753086419753085,2.0,5.0,6,36,37,8,0,0,0,0
Measured,prefill-1024.sstrace,16,62,32,16,160,74,2.1621621621621623,2.0,5.349999999999994,8,33,30,10,1,0,0,0
Measured,prefill-1024.sstrace,16,63,32,16,160,95,1.6842105263157894,1.0,3.0,7,53,39,3,0,0,0,0
Measured,prefill-1024.sstrace,16,0,33,16,160,68,2.3529411764705883,1.5,6.649999999999999,11,34,21,11,2,0,0,0
Measured,prefill-1024.sstrace,16,1,33,16,160,64,2.5,2.0,5.849999999999994,9,27,20,16,1,0,0,0
Measured,prefill-1024.sstrace,16,2,33,16,160,79,2.0253164556962027,1.0,5.0,6,40,29,10,0,0,0,0
Measured,prefill-1024.sstrace,16,3,33,16,160,78,2.051282051282051,2.0,5.1499999999999915,7,38,29,11,0,0,0,0
Measured,prefill-1024.sstrace,16,4,33,16,160,92,1.7391304347826086,1.0,4.0,8,58,26,7,1,0,0,0
Measured,prefill-1024.sstrace,16,5,33,16,160,87,1.839080459770115,1.0,4.0,6,49,27,11,0,0,0,0
Measured,prefill-1024.sstrace,16,6,33,16,160,84,1.9047619047619047,1.5,5.0,6,42,33,9,0,0,0,0
Measured,prefill-1024.sstrace,16,7,33,16,160,91,1.7582417582417582,1.0,4.0,5,54,28,9,0,0,0,0
Measured,prefill-1024.sstrace,16,8,33,16,160,106,1.509433962264151,1.0,3.75,4,73,27,6,0,0,0,0
Measured,prefill-1024.sstrace,16,9,33,16,160,91,1.7582417582417582,1.0,5.0,7,60,20,11,0,0,0,0
Measured,prefill-1024.sstrace,16,10,33,16,160,89,1.797752808988764,1.0,4.599999999999994,5,54,24,11,0,0,0,0
Measured,prefill-1024.sstrace,16,11,33,16,160,94,1.702127659574468,1.0,5.0,6,58,28,8,0,0,0,0
Measured,prefill-1024.sstrace,16,12,33,16,160,95,1.6842105263157894,1.0,4.0,6,55,33,7,0,0,0,0
Measured,prefill-1024.sstrace,16,13,33,16,160,91,1.7582417582417582,1.0,4.0,5,54,31,6,0,0,0,0
Measured,prefill-1024.sstrace,16,14,33,16,160,88,1.8181818181818181,1.0,4.6499999999999915,5,48,32,8,0,0,0,0
Measured,prefill-1024.sstrace,16,15,33,16,160,88,1.8181818181818181,1.0,4.0,5,49,28,11,0,0,0,0
Measured,prefill-1024.sstrace,16,16,33,16,160,86,1.8604651162790697,1.0,4.75,7,49,27,10,0,0,0,0
Measured,prefill-1024.sstrace,16,17,33,16,160,89,1.797752808988764,1.0,4.599999999999994,7,50,30,9,0,0,0,0
Measured,prefill-1024.sstrace,16,18,33,16,160,100,1.6,1.0,5.0,6,71,20,9,0,0,0,0
Measured,prefill-1024.sstrace,16,19,33,16,160,88,1.8181818181818181,1.0,4.0,5,51,25,12,0,0,0,0
Measured,prefill-1024.sstrace,16,20,33,16,160,94,1.702127659574468,1.0,3.0,5,52,38,4,0,0,0,0
Measured,prefill-1024.sstrace,16,21,33,16,160,105,1.5238095238095237,1.0,3.0,5,66,37,2,0,0,0,0
Measured,prefill-1024.sstrace,16,22,33,16,160,103,1.5533980582524272,1.0,3.8999999999999915,6,69,28,6,0,0,0,0
Measured,prefill-1024.sstrace,16,23,33,16,160,94,1.702127659574468,1.0,4.0,6,55,32,7,0,0,0,0
Measured,prefill-1024.sstrace,16,24,33,16,160,92,1.7391304347826086,1.0,4.0,5,56,27,9,0,0,0,0
Measured,prefill-1024.sstrace,16,25,33,16,160,100,1.6,1.0,4.0,7,65,27,8,0,0,0,0
Measured,prefill-1024.sstrace,16,26,33,16,160,92,1.7391304347826086,1.0,4.0,5,52,33,7,0,0,0,0
Measured,prefill-1024.sstrace,16,27,33,16,160,102,1.5686274509803921,1.0,3.0,4,60,40,2,0,0,0,0
Measured,prefill-1024.sstrace,16,28,33,16,160,99,1.6161616161616161,1.0,4.0,5,59,34,6,0,0,0,0
Measured,prefill-1024.sstrace,16,29,33,16,160,94,1.702127659574468,1.0,4.0,6,51,37,6,0,0,0,0
Measured,prefill-1024.sstrace,16,30,33,16,160,110,1.4545454545454546,1.0,3.0,5,74,33,3,0,0,0,0
Measured,prefill-1024.sstrace,16,31,33,16,160,92,1.7391304347826086,1.0,4.0,7,59,23,10,0,0,0,0
Measured,prefill-1024.sstrace,16,32,33,16,160,93,1.7204301075268817,1.0,4.0,7,56,29,8,0,0,0,0
Measured,prefill-1024.sstrace,16,33,33,16,160,96,1.6666666666666667,1.0,4.0,5,62,23,11,0,0,0,0
Measured,prefill-1024.sstrace,16,34,33,16,160,94,1.702127659574468,1.0,4.0,6,57,29,8,0,0,0,0
Measured,prefill-1024.sstrace,16,35,33,16,160,95,1.6842105263157894,1.0,3.299999999999997,7,57,33,5,0,0,0,0
Measured,prefill-1024.sstrace,16,36,33,16,160,96,1.6666666666666667,1.0,4.25,7,64,23,9,0,0,0,0
Measured,prefill-1024.sstrace,16,37,33,16,160,98,1.6326530612244898,1.0,4.0,6,60,31,7,0,0,0,0
Measured,prefill-1024.sstrace,16,38,33,16,160,88,1.8181818181818181,1.0,4.6499999999999915,7,50,31,7,0,0,0,0
Measured,prefill-1024.sstrace,16,39,33,16,160,88,1.8181818181818181,1.0,4.0,9,54,22,11,1,0,0,0
Measured,prefill-1024.sstrace,16,40,33,16,160,84,1.9047619047619047,1.0,4.849999999999994,7,45,30,9,0,0,0,0
Measured,prefill-1024.sstrace,16,41,33,16,160,102,1.5686274509803921,1.0,4.0,6,67,28,7,0,0,0,0
Measured,prefill-1024.sstrace,16,42,33,16,160,107,1.4953271028037383,1.0,3.0,5,73,30,4,0,0,0,0
Measured,prefill-1024.sstrace,16,43,33,16,160,80,2.0,1.0,5.049999999999997,7,41,29,10,0,0,0,0
Measured,prefill-1024.sstrace,16,44,33,16,160,108,1.4814814814814814,1.0,3.0,5,68,39,1,0,0,0,0
Measured,prefill-1024.sstrace,16,45,33,16,160,96,1.6666666666666667,1.0,4.0,8,62,26,7,1,0,0,0
Measured,prefill-1024.sstrace,16,46,33,16,160,108,1.4814814814814814,1.0,3.0,5,73,32,3,0,0,0,0
Measured,prefill-1024.sstrace,16,47,33,16,160,99,1.6161616161616161,1.0,4.0,6,67,24,8,0,0,0,0
Measured,prefill-1024.sstrace,16,48,33,16,160,107,1.4953271028037383,1.0,3.0,5,72,32,3,0,0,0,0
Measured,prefill-1024.sstrace,16,49,33,16,160,104,1.5384615384615385,1.0,3.8499999999999943,5,72,26,6,0,0,0,0
Measured,prefill-1024.sstrace,16,50,33,16,160,90,1.7777777777777777,1.0,5.0,8,58,23,7,2,0,0,0
Measured,prefill-1024.sstrace,16,51,33,16,160,97,1.6494845360824741,1.0,3.1999999999999886,6,57,35,5,0,0,0,0
Measured,prefill-1024.sstrace,16,52,33,16,160,92,1.7391304347826086,1.0,5.0,10,62,22,7,1,0,0,0
Measured,prefill-1024.sstrace,16,53,33,16,160,89,1.797752808988764,1.0,4.0,4,49,33,7,0,0,0,0
Measured,prefill-1024.sstrace,16,54,33,16,160,84,1.9047619047619047,1.0,5.0,7,46,29,9,0,0,0,0
Measured,prefill-1024.sstrace,16,55,33,16,160,97,1.6494845360824741,1.0,3.1999999999999886,7,61,31,5,0,0,0,0
Measured,prefill-1024.sstrace,16,56,33,16,160,106,1.509433962264151,1.0,3.75,6,73,27,6,0,0,0,0
Measured,prefill-1024.sstrace,16,57,33,16,160,87,1.839080459770115,1.0,5.0,8,53,25,7,2,0,0,0
Measured,prefill-1024.sstrace,16,58,33,16,160,106,1.509433962264151,1.0,3.0,6,74,28,4,0,0,0,0
Measured,prefill-1024.sstrace,16,59,33,16,160,83,1.927710843373494,1.0,5.0,9,48,25,9,1,0,0,0
Measured,prefill-1024.sstrace,16,60,33,16,160,104,1.5384615384615385,1.0,3.0,5,67,33,4,0,0,0,0
Measured,prefill-1024.sstrace,16,61,33,16,160,94,1.702127659574468,1.0,4.349999999999994,7,57,30,7,0,0,0,0
Measured,prefill-1024.sstrace,16,62,33,16,160,84,1.9047619047619047,2.0,4.849999999999994,6,41,35,8,0,0,0,0
Measured,prefill-1024.sstrace,16,63,33,16,160,111,1.4414414414414414,1.0,3.0,4,76,31,4,0,0,0,0
Measured,prefill-1024.sstrace,16,0,34,16,160,78,2.051282051282051,1.0,4.299999999999983,12,41,31,3,3,0,0,0
Measured,prefill-1024.sstrace,16,1,34,16,160,85,1.8823529411764706,1.0,4.0,9,49,26,9,1,0,0,0
Measured,prefill-1024.sstrace,16,2,34,16,160,78,2.051282051282051,1.0,6.0,9,43,24,9,2,0,0,0
Measured,prefill-1024.sstrace,16,3,34,16,160,79,2.0253164556962027,1.0,5.0,8,45,21,12,1,0,0,0
Measured,prefill-1024.sstrace,16,4,34,16,160,76,2.1052631578947367,1.0,5.25,15,51,14,8,3,0,0,0
Measured,prefill-1024.sstrace,16,5,34,16,160,71,2.2535211267605635,1.0,6.0,10,36,23,9,3,0,0,0
Measured,prefill-1024.sstrace,16,6,34,16,160,71,2.2535211267605635,1.0,5.5,13,41,20,7,3,0,0,0
Measured,prefill-1024.sstrace,16,7,34,16,160,73,2.191780821917808,1.0,5.0,11,38,24,8,3,0,0,0
Measured,prefill-1024.sstrace,16,8,34,16,160,75,2.1333333333333333,1.0,6.299999999999997,9,42,21,10,2,0,0,0
Measured,prefill-1024.sstrace,16,9,34,16,160,72,2.2222222222222223,1.0,6.450000000000003,14,44,19,6,3,0,0,0
Measured,prefill-1024.sstrace,16,10,34,16,160,78,2.051282051282051,1.0,6.1499999999999915,10,50,16,9,3,0,0,0
Measured,prefill-1024.sstrace,16,11,34,16,160,78,2.051282051282051,1.0,6.1499999999999915,13,52,16,7,3,0,0,0
Measured,prefill-1024.sstrace,16,12,34,16,160,78,2.051282051282051,1.0,5.299999999999983,10,42,27,7,2,0,0,0
Measured,prefill-1024.sstrace,16,13,34,16,160,83,1.927710843373494,1.0,5.0,11,52,23,5,3,0,0,0
Measured,prefill-1024.sstrace,16,14,34,16,160,79,2.0253164556962027,1.0,4.0,12,43,29,4,3,0,0,0
Measured,prefill-1024.sstrace,16,15,34,16,160,83,1.927710843373494,1.0,6.0,9,52,20,9,2,0,0,0
Measured,prefill-1024.sstrace,16,16,34,16,160,74,2.1621621621621623,1.0,5.0,13,39,27,5,3,0,0,0
Measured,prefill-1024.sstrace,16,17,34,16,160,78,2.051282051282051,2.0,5.0,9,37,31,8,2,0,0,0
Measured,prefill-1024.sstrace,16,18,34,16,160,79,2.0253164556962027,1.0,6.099999999999994,12,48,23,5,3,0,0,0
Measured,prefill-1024.sstrace,16,19,34,16,160,75,2.1333333333333333,1.0,6.299999999999997,9,39,24,9,3,0,0,0
Measured,prefill-1024.sstrace,16,20,34,16,160,78,2.051282051282051,1.0,5.0,8,43,24,9,2,0,0,0
Measured,prefill-1024.sstrace,16,21,34,16,160,86,1.8604651162790697,1.0,4.75,11,51,28,4,3,0,0,0
Measured,prefill-1024.sstrace,16,22,34,16,160,89,1.797752808988764,1.0,5.0,8,54,26,8,1,0,0,0
Measured,prefill-1024.sstrace,16,23,34,16,160,74,2.1621621621621623,1.0,6.0,13,43,21,7,3,0,0,0
Measured,prefill-1024.sstrace,16,24,34,16,160,78,2.051282051282051,1.0,5.1499999999999915,9,41,28,7,2,0,0,0
Measured,prefill-1024.sstrace,16,25,34,16,160,79,2.0253164556962027,1.0,4.0,13,44,27,5,3,0,0,0
Measured,prefill-1024.sstrace,16,26,34,16,160,82,1.951219512195122,1.0,5.0,9,46,27,8,1,0,0,0
Measured,prefill-1024.sstrace,16,27,34,16,160,88,1.8181818181818181,1.0,4.6499999999999915,8,54,27,5,2,0,0,0
Measured,prefill-1024.sstrace,16,28,34,16,160,80,2.0,1.0,6.0,11,46,28,3,3,0,0,0
Measured,prefill-1024.sstrace,16,29,34,16,160,90,1.7777777777777777,1.0,4.549999999999997,8,56,26,6,2,0,0,0
Measured,prefill-1024.sstrace,16,30,34,16,160,85,1.8823529411764706,1.0,5.0,10,53,25,4,3,0,0,0
Measured,prefill-1024.sstrace,16,31,34,16,160,81,1.9753086419753085,1.0,5.0,7,47,22,12,0,0,0,0
Measured,prefill-1024.sstrace,16,32,34,16,160,76,2.1052631578947367,1.0,5.25,13,44,22,7,3,0,0,0
Measured,prefill-1024.sstrace,16,33,34,16,160,72,2.2222222222222223,1.0,6.450000000000003,9,38,21,10,3,0,0,0
Measured,prefill-1024.sstrace,16,34,34,16,160,91,1.7582417582417582,1.0,5.0,8,59,21,10,1,0,0,0
Measured,prefill-1024.sstrace,16,35,34,16,160,80,2.0,1.0,7.0,8,48,21,9,2,0,0,0
Measured,prefill-1024.sstrace,16,36,34,16,160,90,1.7777777777777777,1.0,5.549999999999997,8,59,21,9,1,0,0,0
Measured,prefill-1024.sstrace,16,37,34,16,160,79,2.0253164556962027,1.0,6.0,12,50,21,5,3,0,0,0
Measured,prefill-1024.sstrace,16,38,34,16,160,82,1.951219512195122,1.0,5.0,7,48,23,11,0,0,0,0
Measured,prefill-1024.sstrace,16,39,34,16,160,79,2.0253164556962027,1.0,5.199999999999989,12,52,14,11,2,0,0,0
Measured,prefill-1024.sstrace,16,40,34,16,160,74,2.1621621621621623,1.0,6.0,7,39,22,13,0,0,0,0
Measured,prefill-1024.sstrace,16,41,34,16,160,87,1.839080459770115,1.0,4.700000000000003,9,54,21,11,1,0,0,0
Measured,prefill-1024.sstrace,16,42,34,16,160,90,1.7777777777777777,1.0,4.549999999999997,6,54,28,8,0,0,0,0
Measured,prefill-1024.sstrace,16,43,34,16,160,79,2.0253164556962027,1.0,7.0,8,48,19,11,1,0,0,0
Measured,prefill-1024.sstrace,16,44,34,16,160,92,1.7391304347826086,1.0,3.9000000000000057,8,57,30,3,2,0,0,0
Measured,prefill-1024.sstrace,16,45,34,16,160,87,1.839080459770115,1.0,5.0,6,53,22,12,0,0,0,0
Measured,prefill-1024.sstrace,16,46,34,16,160,88,1.8181818181818181,1.0,5.0,9,54,25,8,1,0,0,0
Measured,prefill-1024.sstrace,16,47,34,16,160,87,1.839080459770115,1.0,5.0,6,50,27,10,0,0,0,0
Measured,prefill-1024.sstrace,16,48,34,16,160,94,1.702127659574468,1.0,4.0,7,61,23,10,0,0,0,0
Measured,prefill-1024.sstrace,16,49,34,16,160,90,1.7777777777777777,1.0,5.0,6,58,20,12,0,0,0,0
Measured,prefill-1024.sstrace,16,50,34,16,160,81,1.9753086419753085,1.0,6.0,8,48,21,10,2,0,0,0
Measured,prefill-1024.sstrace,16,51,34,16,160,79,2.0253164556962027,1.0,5.199999999999989,9,44,26,6,3,0,0,0
Measured,prefill-1024.sstrace,16,52,34,16,160,86,1.8604651162790697,1.0,4.75,7,52,24,10,0,0,0,0
Measured,prefill-1024.sstrace,16,53,34,16,160,81,1.9753086419753085,1.0,6.0,9,47,23,10,1,0,0,0
Measured,prefill-1024.sstrace,16,54,34,16,160,83,1.927710843373494,1.0,5.0,6,46,28,9,0,0,0,0
Measured,prefill-1024.sstrace,16,55,34,16,160,90,1.7777777777777777,1.0,5.0,7,57,24,9,0,0,0,0
Measured,prefill-1024.sstrace,16,56,34,16,160,93,1.7204301075268817,1.0,5.0,5,56,28,9,0,0,0,0
Measured,prefill-1024.sstrace,16,57,34,16,160,75,2.1333333333333333,2.0,6.0,7,36,29,10,0,0,0,0
Measured,prefill-1024.sstrace,16,58,34,16,160,85,1.8823529411764706,1.0,4.799999999999997,8,49,26,9,1,0,0,0
Measured,prefill-1024.sstrace,16,59,34,16,160,68,2.3529411764705883,2.0,6.0,7,25,30,13,0,0,0,0
Measured,prefill-1024.sstrace,16,60,34,16,160,88,1.8181818181818181,1.0,4.0,10,52,28,7,1,0,0,0
Measured,prefill-1024.sstrace,16,61,34,16,160,79,2.0253164556962027,1.0,6.0,6,42,26,11,0,0,0,0
Measured,prefill-1024.sstrace,16,62,34,16,160,78,2.051282051282051,1.0,5.1499999999999915,9,45,22,9,2,0,0,0
Measured,prefill-1024.sstrace,16,63,34,16,160,93,1.7204301075268817,1.0,4.3999999999999915,8,56,30,6,1,0,0,0
Measured,prefill-1024.sstrace,16,0,35,16,160,56,2.857142857142857,2.0,10.25,13,25,19,6,6,0,0,0
Measured,prefill-1024.sstrace,16,1,35,16,160,66,2.4242424242424243,2.0,5.75,9,28,23,13,2,0,0,0
Measured,prefill-1024.sstrace,16,2,35,16,160,75,2.1333333333333333,2.0,6.0,8,36,31,7,1,0,0,0
Measured,prefill-1024.sstrace,16,3,35,16,160,74,2.1621621621621623,1.0,5.349999999999994,9,39,21,13,1,0,0,0
Measured,prefill-1024.sstrace,16,4,35,16,160,80,2.0,1.0,6.0,10,46,24,9,1,0,0,0
Measured,prefill-1024.sstrace,16,5,35,16,160,77,2.0779220779220777,1.0,5.0,7,43,21,13,0,0,0,0
Measured,prefill-1024.sstrace,16,6,35,16,160,76,2.1052631578947367,1.0,5.25,9,40,27,7,2,0,0,0
Measured,prefill-1024.sstrace,16,7,35,16,160,84,1.9047619047619047,1.0,4.849999999999994,9,45,31,7,1,0,0,0
Measured,prefill-1024.sstrace,16,8,35,16,160,94,1.702127659574468,1.0,4.0,6,59,28,7,0,0,0,0
Measured,prefill-1024.sstrace,16,9,35,16,160,83,1.927710843373494,1.0,5.0,12,53,19,9,2,0,0,0
Measured,prefill-1024.sstrace,16,10,35,16,160,91,1.7582417582417582,1.0,4.0,6,54,27,10,0,0,0,0
Measured,prefill-1024.sstrace,16,11,35,16,160,80,2.0,1.0,5.0,8,46,23,8,3,0,0,0
Measured,prefill-1024.sstrace,16,12,35,16,160,87,1.839080459770115,1.0,4.0,6,44,35,8,0,0,0,0
Measured,prefill-1024.sstrace,16,13,35,16,160,81,1.9753086419753085,1.0,5.0,8,44,27,9,1,0,0,0
Measured,prefill-1024.sstrace,16,14,35,16,160,82,1.951219512195122,1.0,4.950000000000003,7,44,28,10,0,0,0,0
Measured,prefill-1024.sstrace,16,15,35,16,160,89,1.797752808988764,1.0,5.0,7,55,25,9,0,0,0,0
Measured,prefill-1024.sstrace,16,16,35,16,160,77,2.0779220779220777,1.0,6.0,8,42,23,10,2,0,0,0
Measured,prefill-1024.sstrace,16,17,35,16,160,86,1.8604651162790697,1.0,5.0,6,46,33,7,0,0,0,0
Measured,prefill-1024.sstrace,16,18,35,16,160,88,1.8181818181818181,1.0,5.0,10,55,25,7,1,0,0,0
Measured,prefill-1024.sstrace,16,19,35,16,160,90,1.7777777777777777,1.0,4.0,5,50,31,9,0,0,0,0
Measured,prefill-1024.sstrace,16,20,35,16,160,90,1.7777777777777777,1.0,4.0,5,51,29,10,0,0,0,0
Measured,prefill-1024.sstrace,16,21,35,16,160,99,1.6161616161616161,1.0,3.0,7,59,36,4,0,0,0,0
Measured,prefill-1024.sstrace,16,22,35,16,160,95,1.6842105263157894,1.0,4.0,6,58,30,7,0,0,0,0
Measured,prefill-1024.sstrace,16,23,35,16,160,85,1.8823529411764706,1.0,4.0,8,44,32,8,1,0,0,0
Measured,prefill-1024.sstrace,16,24,35,16,160,87,1.839080459770115,1.0,4.700000000000003,7,49,27,11,0,0,0,0
Measured,prefill-1024.sstrace,16,25,35,16,160,95,1.6842105263157894,1.0,4.299999999999997,6,56,33,6,0,0,0,0
Measured,prefill-1024.sstrace,16,26,35,16,160,88,1.8181818181818181,1.0,4.6499999999999915,5,45,36,7,0,0,0,0
Measured,prefill-1024.sstrace,16,27,35,16,160,92,1.7391304347826086,1.0,4.0,5,53,31,8,0,0,0,0
Measured,prefill-1024.sstrace,16,28,35,16,160,94,1.702127659574468,1.0,3.3499999999999943,7,54,35,5,0,0,0,0
Measured,prefill-1024.sstrace,16,29,35,16,160,92,1.7391304347826086,1.0,4.0,7,59,25,8,0,0,0,0
Measured,prefill-1024.sstrace,16,30,35,16,160,98,1.6326530612244898,1.0,4.0,5,60,31,7,0,0,0,0
Measured,prefill-1024.sstrace,16,31,35,16,160,81,1.9753086419753085,1.0,5.0,8,47,25,8,1,0,0,0
Measured,prefill-1024.sstrace,16,32,35,16,160,93,1.7204301075268817,1.0,4.0,7,59,26,8,0,0,0,0
Measured,prefill-1024.sstrace,16,33,35,16,160,88,1.8181818181818181,1.0,5.0,6,52,25,11,0,0,0,0
Measured,prefill-1024.sstrace,16,34,35,16,160,94,1.702127659574468,1.0,4.349999999999994,5,59,26,9,0,0,0,0
Measured,prefill-1024.sstrace,16,35,35,16,160,85,1.8823529411764706,2.0,4.0,6,41,38,6,0,0,0,0
Measured,prefill-1024.sstrace,16,36,35,16,160,87,1.839080459770115,1.0,5.0,6,51,26,10,0,0,0,0
Measured,prefill-1024.sstrace,16,37,35,16,160,86,1.8604651162790697,1.0,4.75,9,52,26,7,1,0,0,0
Measured,prefill-1024.sstrace,16,38,35,16,160,80,2.0,1.0,6.0,7,45,26,9,0,0,0,0
Measured,prefill-1024.sstrace,16,39,35,16,160,90,1.7777777777777777,1.0,4.0,8,54,28,6,2,0,0,0
Measured,prefill-1024.sstrace,16,40,35,16,160,80,2.0,2.0,5.0,6,36,35,9,0,0,0,0
Measured,prefill-1024.sstrace,16,41,35,16,160,91,1.7582417582417582,1.0,4.0,5,54,25,12,0,0,0,0
Measured,prefill-1024.sstrace,16,42,35,16,160,97,1.6494845360824741,1.0,4.0,5,61,30,6,0,0,0,0
Measured,prefill-1024.sstrace,16,43,35,16,160,72,2.2222222222222223,2.0,6.450000000000003,8,33,28,10,1,0,0,0
Measured,prefill-1024.sstrace,16,44,35,16,160,102,1.5686274509803921,1.0,3.9499999999999886,5,65,31,6,0,0,0,0
Measured,prefill-1024.sstrace,16,45,35,16,160,93,1.7204301075268817,1.0,4.3999999999999915,7,64,18,11,0,0,0,0
Measured,prefill-1024.sstrace,16,46,35,16,160,93,1.7204301075268817,1.0,3.0,5,51,38,4,0,0,0,0
Measured,prefill-1024.sstrace,16,47,35,16,160,89,1.797752808988764,1.0,5.0,6,58,19,12,0,0,0,0
Measured,prefill-1024.sstrace,16,48,35,16,160,103,1.5533980582524272,1.0,4.0,5,68,28,7,0,0,0,0
Measured,prefill-1024.sstrace,16,49,35,16,160,92,1.7391304347826086,1.0,4.0,7,51,34,7,0,0,0,0
Measured,prefill-1024.sstrace,16,50,35,16,160,81,1.9753086419753085,1.0,6.0,9,48,24,6,3,0,0,0
Measured,prefill-1024.sstrace,16,51,35,16,160,99,1.6161616161616161,1.0,3.0999999999999943,7,63,31,5,0,0,0,0
Measured,prefill-1024.sstrace,16,52,35,16,160,82,1.951219512195122,1.0,6.950000000000003,8,49,24,8,1,0,0,0
Measured,prefill-1024.sstrace,16,53,35,16,160,91,1.7582417582417582,1.0,4.0,6,51,33,7,0,0,0,0
Measured,prefill-1024.sstrace,16,54,35,16,160,85,1.8823529411764706,1.0,5.0,7,45,31,9,0,0,0,0
Measured,prefill-1024.sstrace,16,55,35,16,160,87,1.839080459770115,1.0,5.0,5,48,28,11,0,0,0,0
Measured,prefill-1024.sstrace,16,56,35,16,160,102,1.5686274509803921,1.0,4.0,4,68,26,8,0,0,0,0
Measured,prefill-1024.sstrace,16,57,35,16,160,87,1.839080459770115,1.0,5.700000000000003,8,59,18,9,1,0,0,0
Measured,prefill-1024.sstrace,16,58,35,16,160,106,1.509433962264151,1.0,3.0,5,68,33,5,0,0,0,0
Measured,prefill-1024.sstrace,16,59,35,16,160,73,2.191780821917808,1.0,6.3999999999999915,8,37,25,9,2,0,0,0
Measured,prefill-1024.sstrace,16,60,35,16,160,101,1.5841584158415842,1.0,3.0,6,64,33,4,0,0,0,0
Measured,prefill-1024.sstrace,16,61,35,16,160,86,1.8604651162790697,1.0,4.75,8,51,26,8,1,0,0,0
Measured,prefill-1024.sstrace,16,62,35,16,160,79,2.0253164556962027,2.0,5.0,8,38,30,10,1,0,0,0
Measured,prefill-1024.sstrace,16,63,35,16,160,107,1.4953271028037383,1.0,3.0,5,74,31,2,0,0,0,0
Measured,prefill-1024.sstrace,16,0,36,16,160,67,2.388059701492537,2.0,5.699999999999996,10,30,24,11,2,0,0,0
Measured,prefill-1024.sstrace,16,1,36,16,160,69,2.318840579710145,2.0,6.0,8,30,25,11,3,0,0,0
Measured,prefill-1024.sstrace,16,2,36,16,160,69,2.318840579710145,2.0,6.0,9,32,25,9,3,0,0,0
Measured,prefill-1024.sstrace,16,3,36,16,160,66,2.4242424242424243,2.0,6.0,9,27,25,13,1,0,0,0
Measured,prefill-1024.sstrace,16,4,36,16,160,72,2.2222222222222223,1.0,5.450000000000003,15,45,13,11,3,0,0,0
Measured,prefill-1024.sstrace,16,5,36,16,160,82,1.951219512195122,1.0,4.0,9,43,29,9,1,0,0,0
Measured,prefill-1024.sstrace,16,6,36,16,160,73,2.191780821917808,2.0,4.0,13,32,35,3,3,0,0,0
Measured,prefill-1024.sstrace,16,7,36,16,160,90,1.7777777777777777,1.0,4.549999999999997,10,53,30,6,1,0,0,0
Measured,prefill-1024.sstrace,16,8,36,16,160,84,1.9047619047619047,1.0,5.0,10,51,23,9,1,0,0,0
Measured,prefill-1024.sstrace,16,9,36,16,160,78,2.051282051282051,1.0,5.0,13,46,23,6,3,0,0,0
Measured,prefill-1024.sstrace,16,10,36,16,160,86,1.8604651162790697,1.0,4.75,9,49,30,6,1,0,0,0
Measured,prefill-1024.sstrace,16,11,36,16,160,83,1.927710843373494,1.0,4.0,13,50,25,5,3,0,0,0
Measured,prefill-1024.sstrace,16,12,36,16,160,85,1.8823529411764706,1.0,4.0,9,45,31,8,1,0,0,0
Measured,prefill-1024.sstrace,16,13,36,16,160,77,2.0779220779220777,1.0,4.200000000000003,10,39,29,6,3,0,0,0
Measured,prefill-1024.sstrace,16,14,36,16,160,85,1.8823529411764706,1.0,4.0,11,50,27,5,3,0,0,0
Measured,prefill-1024.sstrace,16,15,36,16,160,78,2.051282051282051,1.5,6.0,8,39,27,11,1,0,0,0
Measured,prefill-1024.sstrace,16,16,36,16,160,72,2.2222222222222223,1.5,4.450000000000003,12,36,25,8,3,0,0,0
Measured,prefill-1024.sstrace,16,17,36,16,160,90,1.7777777777777777,1.0,5.0,6,54,28,8,0,0,0,0
Measured,prefill-1024.sstrace,16,18,36,16,160,79,2.0253164556962027,1.0,5.0,11,42,30,4,3,0,0,0
Measured,prefill-1024.sstrace,16,19,36,16,160,80,2.0,2.0,5.0,6,39,31,10,0,0,0,0
Measured,prefill-1024.sstrace,16,20,36,16,160,78,2.051282051282051,1.0,5.1499999999999915,8,42,24,11,1,0,0,0
Measured,prefill-1024.sstrace,16,21,36,16,160,95,1.6842105263157894,1.0,3.0,7,55,36,4,0,0,0,0
Measured,prefill-1024.sstrace,16,22,36,16,160,89,1.797752808988764,1.0,5.0,6,58,21,10,0,0,0,0
Measured,prefill-1024.sstrace,16,23,36,16,160,85,1.8823529411764706,1.0,4.0,11,49,30,3,3,0,0,0
Measured,prefill-1024.sstrace,16,24,36,16,160,76,2.1052631578947367,2.0,5.0,7,37,27,12,0,0,0,0
Measured,prefill-1024.sstrace,16,25,36,16,160,95,1.6842105263157894,1.0,4.299999999999997,10,65,22,7,1,0,0,0
Measured,prefill-1024.sstrace,16,26,36,16,160,77,2.0779220779220777,2.0,4.200000000000003,8,35,33,8,1,0,0,0
Measured,prefill-1024.sstrace,16,27,36,16,160,90,1.7777777777777777,1.0,4.0,8,52,29,8,1,0,0,0
Measured,prefill-1024.sstrace,16,28,36,16,160,90,1.7777777777777777,1.0,4.0,7,50,34,6,0,0,0,0
Measured,prefill-1024.sstrace,16,29,36,16,160,72,2.2222222222222223,1.5,5.450000000000003,8,36,23,12,1,0,0,0
Measured,prefill-1024.sstrace,16,30,36,16,160,93,1.7204301075268817,1.0,4.3999999999999915,9,60,22,10,1,0,0,0
Measured,prefill-1024.sstrace,16,31,36,16,160,82,1.951219512195122,1.0,5.0,7,47,23,12,0,0,0,0
Measured,prefill-1024.sstrace,16,32,36,16,160,77,2.0779220779220777,1.0,5.0,12,42,27,6,2,0,0,0
Measured,prefill-1024.sstrace,16,33,36,16,160,83,1.927710843373494,1.0,5.8999999999999915,7,46,29,8,0,0,0,0
Measured,prefill-1024.sstrace,16,34,36,16,160,89,1.797752808988764,1.0,4.599999999999994,6,52,27,10,0,0,0,0
Measured,prefill-1024.sstrace,16,35,36,16,160,75,2.1333333333333333,2.0,5.0,7,34,32,9,0,0,0,0
Measured,prefill-1024.sstrace,16,36,36,16,160,92,1.7391304347826086,1.0,5.0,7,60,22,10,0,0,0,0
Measured,prefill-1024.sstrace,16,37,36,16,160,86,1.8604651162790697,1.0,4.0,9,51,29,4,2,0,0,0
Measured,prefill-1024.sstrace,16,38,36,16,160,72,2.2222222222222223,1.0,6.0,8,38,22,11,1,0,0,0
Measured,prefill-1024.sstrace,16,39,36,16,160,79,2.0253164556962027,1.0,4.0,10,41,29,7,2,0,0,0
Measured,prefill-1024.sstrace,16,40,36,16,160,79,2.0253164556962027,2.0,5.0,6,38,28,13,0,0,0,0
Measured,prefill-1024.sstrace,16,41,36,16,160,81,1.9753086419753085,1.0,4.0,8,45,24,11,1,0,0,0
Measured,prefill-1024.sstrace,16,42,36,16,160,78,2.051282051282051,1.0,5.0,6,40,26,12,0,0,0,0
Measured,prefill-1024.sstrace,16,43,36,16,160,74,2.1621621621621623,1.0,6.0,8,40,20,13,1,0,0,0
Measured,prefill-1024.sstrace,16,44,36,16,160,86,1.8604651162790697,1.0,5.0,7,56,17,13,0,0,0,0
Measured,prefill-1024.sstrace,16,45,36,16,160,82,1.951219512195122,1.0,5.0,6,48,22,12,0,0,0,0
Measured,prefill-1024.sstrace,16,46,36,16,160,79,2.0253164556962027,1.0,5.0,9,41,26,11,1,0,0,0
Measured,prefill-1024.sstrace,16,47,36,16,160,85,1.8823529411764706,1.0,4.799999999999997,5,49,25,11,0,0,0,0
Measured,prefill-1024.sstrace,16,48,36,16,160,88,1.8181818181818181,1.0,4.0,5,54,20,14,0,0,0,0
Measured,prefill-1024.sstrace,16,49,36,16,160,77,2.0779220779220777,1.0,5.0,7,40,24,13,0,0,0,0
Measured,prefill-1024.sstrace,16,50,36,16,160,82,1.951219512195122,1.0,5.0,8,51,16,14,1,0,0,0
Measured,prefill-1024.sstrace,16,51,36,16,160,81,1.9753086419753085,1.0,5.0,8,45,26,9,1,0,0,0
Measured,prefill-1024.sstrace,16,52,36,16,160,74,2.1621621621621623,1.0,5.349999999999994,8,39,20,14,1,0,0,0
Measured,prefill-1024.sstrace,16,53,36,16,160,79,2.0253164556962027,1.0,5.0,7,43,24,12,0,0,0,0
Measured,prefill-1024.sstrace,16,54,36,16,160,77,2.0779220779220777,1.0,5.0,6,40,24,13,0,0,0,0
Measured,prefill-1024.sstrace,16,55,36,16,160,82,1.951219512195122,1.0,4.950000000000003,6,46,24,12,0,0,0,0
Measured,prefill-1024.sstrace,16,56,36,16,160,87,1.839080459770115,1.0,5.0,7,53,26,8,0,0,0,0
Measured,prefill-1024.sstrace,16,57,36,16,160,80,2.0,1.0,5.049999999999997,7,43,24,13,0,0,0,0
Measured,prefill-1024.sstrace,16,58,36,16,160,83,1.927710843373494,1.0,5.0,8,48,24,10,1,0,0,0
Measured,prefill-1024.sstrace,16,59,36,16,160,74,2.1621621621621623,1.0,5.349999999999994,7,40,20,14,0,0,0,0
Measured,prefill-1024.sstrace,16,60,36,16,160,98,1.6326530612244898,1.0,3.1499999999999915,6,62,31,5,0,0,0,0
Measured,prefill-1024.sstrace,16,61,36,16,160,84,1.9047619047619047,1.0,4.0,5,45,27,12,0,0,0,0
Measured,prefill-1024.sstrace,16,62,36,16,160,72,2.2222222222222223,2.0,5.0,9,29,32,9,2,0,0,0
Measured,prefill-1024.sstrace,16,63,36,16,160,91,1.7582417582417582,1.0,4.0,6,57,25,9,0,0,0,0
Measured,prefill-1024.sstrace,16,0,37,16,160,79,2.0253164556962027,1.0,4.299999999999983,12,43,30,3,3,0,0,0
Measured,prefill-1024.sstrace,16,1,37,16,160,78,2.051282051282051,1.0,5.1499999999999915,10,47,16,13,2,0,0,0
Measured,prefill-1024.sstrace,16,2,37,16,160,87,1.839080459770115,1.0,4.0,12,58,17,10,2,0,0,0
Measured,prefill-1024.sstrace,16,3,37,16,160,81,1.9753086419753085,1.0,5.0,7,44,26,11,0,0,0,0
Measured,prefill-1024.sstrace,16,4,37,16,160,83,1.927710843373494,1.0,5.0,14,54,19,8,2,0,0,0
Measured,prefill-1024.sstrace,16,5,37,16,160,77,2.0779220779220777,1.0,5.0,9,42,23,11,1,0,0,0
Measured,prefill-1024.sstrace,16,6,37,16,160,81,1.9753086419753085,1.0,4.0,13,44,31,4,2,0,0,0
Measured,prefill-1024.sstrace,16,7,37,16,160,84,1.9047619047619047,1.0,4.0,10,44,31,8,1,0,0,0
Measured,prefill-1024.sstrace,16,8,37,16,160,84,1.9047619047619047,1.0,5.0,9,49,25,9,1,0,0,0
Measured,prefill-1024.sstrace,16,9,37,16,160,81,1.9753086419753085,1.0,5.0,14,47,26,6,2,0,0,0
Measured,prefill-1024.sstrace,16,10,37,16,160,97,1.6494845360824741,1.0,4.0,9,69,18,9,1,0,0,0
Measured,prefill-1024.sstrace,16,11,37,16,160,84,1.9047619047619047,1.0,4.849999999999994,13,50,24,8,2,0,0,0
Measured,prefill-1024.sstrace,16,12,37,16,160,89,1.797752808988764,1.0,4.0,10,55,23,10,1,0,0,0
Measured,prefill-1024.sstrace,16,13,37,16,160,83,1.927710843373494,1.0,3.0,11,43,36,2,2,0,0,0
Measured,prefill-1024.sstrace,16,14,37,16,160,85,1.8823529411764706,1.0,4.799999999999997,12,54,21,9,1,0,0,0
Measured,prefill-1024.sstrace,16,15,37,16,160,83,1.927710843373494,1.0,5.0,9,47,27,8,1,0,0,0
Measured,prefill-1024.sstrace,16,16,37,16,160,77,2.0779220779220777,1.0,5.0,13,44,21,10,2,0,0,0
Measured,prefill-1024.sstrace,16,17,37,16,160,85,1.8823529411764706,1.0,5.0,9,48,27,9,1,0,0,0
Measured,prefill-1024.sstrace,16,18,37,16,160,86,1.8604651162790697,1.0,4.0,11,50,27,7,2,0,0,0
Measured,prefill-1024.sstrace,16,19,37,16,160,83,1.927710843373494,1.0,5.0,8,47,27,8,1,0,0,0
Measured,prefill-1024.sstrace,16,20,37,16,160,83,1.927710843373494,1.0,5.0,8,45,31,6,1,0,0,0
Measured,prefill-1024.sstrace,16,21,37,16,160,98,1.6326530612244898,1.0,3.1499999999999915,9,66,27,4,1,0,0,0
Measured,prefill-1024.sstrace,16,22,37,16,160,92,1.7391304347826086,1.0,4.450000000000003,7,58,26,8,0,0,0,0
Measured,prefill-1024.sstrace,16,23,37,16,160,82,1.951219512195122,1.0,4.950000000000003,12,44,31,5,2,0,0,0
Measured,prefill-1024.sstrace,16,24,37,16,160,80,2.0,1.0,5.049999999999997,7,48,17,15,0,0,0,0
Measured,prefill-1024.sstrace,16,25,37,16,160,96,1.6666666666666667,1.0,5.0,13,67,23,5,1,0,0,0
Measured,prefill-1024.sstrace,16,26,37,16,160,83,1.927710843373494,1.0,5.0,9,48,27,7,1,0,0,0
Measured,prefill-1024.sstrace,16,27,37,16,160,90,1.7777777777777777,1.0,4.549999999999997,8,53,31,5,1,0,0,0
Measured,prefill-1024.sstrace,16,28,37,16,160,86,1.8604651162790697,1.0,4.0,9,48,28,8,2,0,0,0
Measured,prefill-1024.sstrace,16,29,37,16,160,75,2.1333333333333333,2.0,5.299999999999997,8,37,26,11,1,0,0,0
Measured,prefill-1024.sstrace,16,30,37,16,160,88,1.8181818181818181,1.0,4.6499999999999915,11,53,27,6,2,0,0,0
Measured,prefill-1024.sstrace,16,31,37,16,160,83,1.927710843373494,1.0,5.0,7,51,21,11,0,0,0,0
Measured,prefill-1024.sstrace,16,32,37,16,160,81,1.9753086419753085,1.0,5.0,12,47,26,6,2,0,0,0
Measured,prefill-1024.sstrace,16,33,37,16,160,73,2.191780821917808,1.0,5.3999999999999915,8,37,22,13,1,0,0,0
Measured,prefill-1024.sstrace,16,34,37,16,160,88,1.8181818181818181,1.0,5.0,8,54,25,8,1,0,0,0
Measured,prefill-1024.sstrace,16,35,37,16,160,76,2.1052631578947367,1.0,6.25,8,41,24,10,1,0,0,0
Measured,prefill-1024.sstrace,16,36,37,16,160,88,1.8181818181818181,1.0,5.0,9,57,21,9,1,0,0,0
Measured,prefill-1024.sstrace,16,37,37,16,160,84,1.9047619047619047,1.0,4.0,11,51,24,7,2,0,0,0
Measured,prefill-1024.sstrace,16,38,37,16,160,75,2.1333333333333333,1.0,6.0,7,41,24,10,0,0,0,0
Measured,prefill-1024.sstrace,16,39,37,16,160,82,1.951219512195122,1.0,4.0,11,46,25,10,1,0,0,0
Measured,prefill-1024.sstrace,16,40,37,16,160,77,2.0779220779220777,1.0,6.0,7,42,23,12,0,0,0,0
Measured,prefill-1024.sstrace,16,41,37,16,160,90,1.7777777777777777,1.0,4.0,9,55,24,10,1,0,0,0
Measured,prefill-1024.sstrace,16,42,37,16,160,82,1.951219512195122,1.0,5.0,8,47,23,11,1,0,0,0
Measured,prefill-1024.sstrace,16,43,37,16,160,79,2.0253164556962027,1.0,6.0,8,46,21,11,1,0,0,0
Measured,prefill-1024.sstrace,16,44,37,16,160,86,1.8604651162790697,1.0,5.75,8,53,25,6,2,0,0,0
Measured,prefill-1024.sstrace,16,45,37,16,160,77,2.0779220779220777,1.0,6.0,8,46,16,14,1,0,0,0
Measured,prefill-1024.sstrace,16,46,37,16,160,87,1.839080459770115,1.0,5.0,9,59,16,11,1,0,0,0
Measured,prefill-1024.sstrace,16,47,37,16,160,89,1.797752808988764,1.0,5.0,6,55,23,11,0,0,0,0
Measured,prefill-1024.sstrace,16,48,37,16,160,85,1.8823529411764706,1.0,4.799999999999997,7,46,27,12,0,0,0,0
Measured,prefill-1024.sstrace,16,49,37,16,160,70,2.2857142857142856,2.0,6.099999999999994,8,32,25,12,1,0,0,0
Measured,prefill-1024.sstrace,16,50,37,16,160,80,2.0,1.0,6.0,8,47,20,12,1,0,0,0
Measured,prefill-1024.sstrace,16,51,37,16,160,79,2.0253164556962027,2.0,6.0,9,39,32,6,2,0,0,0
Measured,prefill-1024.sstrace,16,52,37,16,160,78,2.051282051282051,1.0,6.0,10,44,23,10,1,0,0,0
Measured,prefill-1024.sstrace,16,53,37,16,160,85,1.8823529411764706,1.0,4.799999999999997,9,49,26,9,1,0,0,0
Measured,prefill-1024.sstrace,16,54,37,16,160,77,2.0779220779220777,1.0,6.0,6,40,25,12,0,0,0,0
Measured,prefill-1024.sstrace,16,55,37,16,160,87,1.839080459770115,1.0,4.700000000000003,6,52,24,11,0,0,0,0
Measured,prefill-1024.sstrace,16,56,37,16,160,79,2.0253164556962027,1.0,5.0,6,40,25,14,0,0,0,0
Measured,prefill-1024.sstrace,16,57,37,16,160,83,1.927710843373494,1.0,6.0,7,53,20,10,0,0,0,0
Measured,prefill-1024.sstrace,16,58,37,16,160,85,1.8823529411764706,1.0,5.0,9,53,21,10,1,0,0,0
Measured,prefill-1024.sstrace,16,59,37,16,160,68,2.3529411764705883,1.0,6.0,9,37,15,15,1,0,0,0
Measured,prefill-1024.sstrace,16,60,37,16,160,82,1.951219512195122,1.0,5.0,9,43,30,8,1,0,0,0
Measured,prefill-1024.sstrace,16,61,37,16,160,83,1.927710843373494,1.0,5.0,9,52,19,11,1,0,0,0
Measured,prefill-1024.sstrace,16,62,37,16,160,85,1.8823529411764706,1.0,5.0,8,48,28,8,1,0,0,0
Measured,prefill-1024.sstrace,16,63,37,16,160,86,1.8604651162790697,1.0,5.0,6,52,24,10,0,0,0,0
Measured,prefill-1024.sstrace,16,0,38,16,160,120,1.3333333333333333,1.0,3.0,5,91,27,2,0,0,0,0
Measured,prefill-1024.sstrace,16,1,38,16,160,102,1.5686274509803921,1.0,3.9499999999999886,4,66,30,6,0,0,0,0
Measured,prefill-1024.sstrace,16,2,38,16,160,91,1.7582417582417582,1.0,4.5,11,56,25,8,2,0,0,0
Measured,prefill-1024.sstrace,16,3,38,16,160,84,1.9047619047619047,1.0,5.0,7,51,21,12,0,0,0,0
Measured,prefill-1024.sstrace,16,4,38,16,160,79,2.0253164556962027,1.0,9.0,14,59,11,3,6,0,0,0
Measured,prefill-1024.sstrace,16,5,38,16,160,78,2.051282051282051,1.0,6.0,9,50,15,11,2,0,0,0
Measured,prefill-1024.sstrace,16,6,38,16,160,73,2.191780821917808,1.0,7.199999999999974,13,45,19,5,4,0,0,0
Measured,prefill-1024.sstrace,16,7,38,16,160,73,2.191780821917808,1.0,7.3999999999999915,11,40,24,5,4,0,0,0
Measured,prefill-1024.sstrace,16,8,38,16,160,72,2.2222222222222223,1.0,6.450000000000003,9,44,12,13,3,0,0,0
Measured,prefill-1024.sstrace,16,9,38,16,160,80,2.0,1.0,7.049999999999997,14,58,13,5,4,0,0,0
Measured,prefill-1024.sstrace,16,10,38,16,160,78,2.051282051282051,1.0,7.0,9,47,21,7,3,0,0,0
Measured,prefill-1024.sstrace,16,11,38,16,160,67,2.388059701492537,1.0,9.699999999999996,13,43,15,3,6,0,0,0
Measured,prefill-1024.sstrace,16,12,38,16,160,75,2.1333333333333333,1.0,7.299999999999997,10,43,24,4,4,0,0,0
Measured,prefill-1024.sstrace,16,13,38,16,160,77,2.0779220779220777,1.0,9.0,11,54,14,3,6,0,0,0
Measured,prefill-1024.sstrace,16,14,38,16,160,82,1.951219512195122,1.0,6.0,13,62,10,6,4,0,0,0
Measured,prefill-1024.sstrace,16,15,38,16,160,71,2.2535211267605635,2.0,6.5,9,35,25,8,3,0,0,0
Measured,prefill-1024.sstrace,16,16,38,16,160,75,2.1333333333333333,1.0,7.0,13,47,18,7,3,0,0,0
Measured,prefill-1024.sstrace,16,17,38,16,160,75,2.1333333333333333,1.0,6.599999999999994,11,41,23,7,4,0,0,0
Measured,prefill-1024.sstrace,16,18,38,16,160,74,2.1621621621621623,1.0,8.349999999999994,11,49,15,4,6,0,0,0
Measured,prefill-1024.sstrace,16,19,38,16,160,69,2.318840579710145,1.0,6.599999999999994,9,38,16,12,3,0,0,0
Measured,prefill-1024.sstrace,16,20,38,16,160,76,2.1052631578947367,1.0,7.25,9,39,30,3,4,0,0,0
Measured,prefill-1024.sstrace,16,21,38,16,160,82,1.951219512195122,1.0,6.0,11,51,24,4,3,0,0,0
Measured,prefill-1024.sstrace,16,22,38,16,160,77,2.0779220779220777,1.0,5.0,8,44,19,12,2,0,0,0
Measured,prefill-1024.sstrace,16,23,38,16,160,80,2.0,1.0,7.0,12,56,15,6,3,0,0,0
Measured,prefill-1024.sstrace,16,24,38,16,160,73,2.191780821917808,1.0,7.0,9,43,17,11,2,0,0,0
Measured,prefill-1024.sstrace,16,25,38,16,160,76,2.1052631578947367,1.0,8.25,13,53,14,4,5,0,0,0
Measured,prefill-1024.sstrace,16,26,38,16,160,64,2.5,2.0,7.849999999999994,10,31,19,10,4,0,0,0
Measured,prefill-1024.sstrace,16,27,38,16,160,80,2.0,1.0,6.0,8,47,22,10,1,0,0,0
Measured,prefill-1024.sstrace,16,28,38,16,160,75,2.1333333333333333,1.0,6.0,11,45,19,8,3,0,0,0
Measured,prefill-1024.sstrace,16,29,38,16,160,76,2.1052631578947367,1.0,5.75,8,40,25,7,4,0,0,0
Measured,prefill-1024.sstrace,16,30,38,16,160,79,2.0253164556962027,1.0,7.099999999999994,10,56,13,6,4,0,0,0
Measured,prefill-1024.sstrace,16,31,38,16,160,75,2.1333333333333333,1.0,6.0,10,40,24,10,1,0,0,0
Measured,prefill-1024.sstrace,16,32,38,16,160,74,2.1621621621621623,1.0,10.0,12,53,11,4,6,0,0,0
Measured,prefill-1024.sstrace,16,33,38,16,160,63,2.5396825396825395,1.0,7.0,10,32,14,14,3,0,0,0
Measured,prefill-1024.sstrace,16,34,38,16,160,81,1.9753086419753085,1.0,6.0,8,55,12,12,2,0,0,0
Measured,prefill-1024.sstrace,16,35,38,16,160,77,2.0779220779220777,1.0,8.0,10,46,20,6,5,0,0,0
Measured,prefill-1024.sstrace,16,36,38,16,160,68,2.3529411764705883,1.0,7.649999999999999,10,38,16,10,4,0,0,0
Measured,prefill-1024.sstrace,16,37,38,16,160,73,2.191780821917808,1.0,10.0,12,48,16,4,5,0,0,0
Measured,prefill-1024.sstrace,16,38,38,16,160,75,2.1333333333333333,1.0,6.0,9,43,19,12,1,0,0,0
Measured,prefill-1024.sstrace,16,39,38,16,160,69,2.318840579710145,1.0,9.199999999999989,11,48,8,8,5,0,0,0
Measured,prefill-1024.sstrace,16,40,38,16,160,68,2.3529411764705883,2.0,6.0,10,33,20,14,1,0,0,0
Measured,prefill-1024.sstrace,16,41,38,16,160,76,2.1052631578947367,1.0,6.25,9,44,21,9,2,0,0,0
Measured,prefill-1024.sstrace,16,42,38,16,160,78,2.051282051282051,1.0,6.0,12,43,25,9,1,0,0,0
Measured,prefill-1024.sstrace,16,43,38,16,160,67,2.388059701492537,1.0,6.699999999999996,8,35,16,13,3,0,0,0
Measured,prefill-1024.sstrace,16,44,38,16,160,85,1.8823529411764706,1.0,6.799999999999997,8,54,20,9,2,0,0,0
Measured,prefill-1024.sstrace,16,45,38,16,160,70,2.2857142857142856,1.5,5.0,7,35,16,19,0,0,0,0
Measured,prefill-1024.sstrace,16,46,38,16,160,78,2.051282051282051,1.0,8.149999999999991,14,51,17,5,5,0,0,0
Measured,prefill-1024.sstrace,16,47,38,16,160,75,2.1333333333333333,1.0,5.0,7,39,21,15,0,0,0,0
Measured,prefill-1024.sstrace,16,48,38,16,160,78,2.051282051282051,1.0,6.1499999999999915,10,46,21,9,2,0,0,0
Measured,prefill-1024.sstrace,16,49,38,16,160,85,1.8823529411764706,1.0,5.0,10,56,17,10,2,0,0,0
Measured,prefill-1024.sstrace,16,50,38,16,160,75,2.1333333333333333,1.0,6.0,7,45,15,15,0,0,0,0
Measured,prefill-1024.sstrace,16,51,38,16,160,81,1.9753086419753085,1.0,7.0,10,54,19,4,4,0,0,0
Measured,prefill-1024.sstrace,16,52,38,16,160,79,2.0253164556962027,1.0,5.0,8,45,20,13,1,0,0,0
Measured,prefill-1024.sstrace,16,53,38,16,160,68,2.3529411764705883,1.0,8.0,10,42,12,9,5,0,0,0
Measured,prefill-1024.sstrace,16,54,38,16,160,72,2.2222222222222223,1.0,6.0,8,39,20,12,1,0,0,0
Measured,prefill-1024.sstrace,16,55,38,16,160,92,1.7391304347826086,1.0,5.0,6,58,26,8,0,0,0,0
Measured,prefill-1024.sstrace,16,56,38,16,160,87,1.839080459770115,1.0,5.0,10,55,23,8,1,0,0,0
Measured,prefill-1024.sstrace,16,57,38,16,160,72,2.2222222222222223,1.0,6.0,6,38,18,16,0,0,0,0
Measured,prefill-1024.sstrace,16,58,38,16,160,85,1.8823529411764706,1.0,7.0,9,60,15,7,3,0,0,0
Measured,prefill-1024.sstrace,16,59,38,16,160,73,2.191780821917808,1.0,5.3999999999999915,8,37,21,14,1,0,0,0
Measured,prefill-1024.sstrace,16,60,38,16,160,77,2.0779220779220777,1.0,9.0,9,52,15,5,5,0,0,0
Measured,prefill-1024.sstrace,16,61,38,16,160,74,2.1621621621621623,1.0,5.349999999999994,8,42,17,13,2,0,0,0
Measured,prefill-1024.sstrace,16,62,38,16,160,86,1.8604651162790697,1.0,6.75,9,62,12,10,2,0,0,0
Measured,prefill-1024.sstrace,16,63,38,16,160,82,1.951219512195122,1.0,5.0,8,45,27,8,2,0,0,0
Measured,prefill-1024.sstrace,16,0,39,16,160,70,2.2857142857142856,1.0,6.549999999999997,15,37,21,11,1,0,0,0
Measured,prefill-1024.sstrace,16,1,39,16,160,70,2.2857142857142856,1.0,6.549999999999997,10,37,20,10,3,0,0,0
Measured,prefill-1024.sstrace,16,2,39,16,160,78,2.051282051282051,1.0,6.0,9,40,29,6,3,0,0,0
Measured,prefill-1024.sstrace,16,3,39,16,160,68,2.3529411764705883,2.0,6.649999999999999,10,32,23,12,1,0,0,0
Measured,prefill-1024.sstrace,16,4,39,16,160,75,2.1333333333333333,1.0,7.299999999999997,11,43,24,4,4,0,0,0
Measured,prefill-1024.sstrace,16,5,39,16,160,78,2.051282051282051,1.0,6.0,8,40,27,10,1,0,0,0
Measured,prefill-1024.sstrace,16,6,39,16,160,67,2.388059701492537,2.0,6.0,12,33,23,8,3,0,0,0
Measured,prefill-1024.sstrace,16,7,39,16,160,86,1.8604651162790697,1.0,4.75,9,50,27,7,2,0,0,0
Measured,prefill-1024.sstrace,16,8,39,16,160,78,2.051282051282051,1.0,5.1499999999999915,7,43,21,14,0,0,0,0
Measured,prefill-1024.sstrace,16,9,39,16,160,77,2.0779220779220777,1.0,9.200000000000003,10,52,15,5,5,0,0,0
Measured,prefill-1024.sstrace,16,10,39,16,160,87,1.839080459770115,1.0,5.0,6,53,21,13,0,0,0,0
Measured,prefill-1024.sstrace,16,11,39,16,160,77,2.0779220779220777,1.0,5.0,10,43,24,7,3,0,0,0
Measured,prefill-1024.sstrace,16,12,39,16,160,85,1.8823529411764706,1.0,5.0,6,51,24,10,0,0,0,0
Measured,prefill-1024.sstrace,16,13,39,16,160,67,2.388059701492537,2.0,5.699999999999996,10,33,18,13,3,0,0,0
Measured,prefill-1024.sstrace,16,14,39,16,160,83,1.927710843373494,1.0,5.0,8,49,21,12,1,0,0,0
Measured,prefill-1024.sstrace,16,15,39,16,160,85,1.8823529411764706,1.0,5.0,7,46,29,10,0,0,0,0
Measured,prefill-1024.sstrace,16,16,39,16,160,77,2.0779220779220777,1.0,6.400000000000006,11,47,21,5,4,0,0,0
Measured,prefill-1024.sstrace,16,17,39,16,160,82,1.951219512195122,1.0,5.0,6,48,22,12,0,0,0,0
Measured,prefill-1024.sstrace,16,18,39,16,160,77,2.0779220779220777,1.0,6.0,9,47,18,9,3,0,0,0
Measured,prefill-1024.sstrace,16,19,39,16,160,80,2.0,2.0,4.0,6,37,33,10,0,0,0,0
Measured,prefill-1024.sstrace,16,20,39,16,160,69,2.318840579710145,2.0,6.0,10,32,24,12,1,0,0,0
Measured,prefill-1024.sstrace,16,21,39,16,160,87,1.839080459770115,1.0,4.700000000000003,7,48,31,8,0,0,0,0
Measured,prefill-1024.sstrace,16,22,39,16,160,69,2.318840579710145,2.0,5.599999999999994,8,29,25,14,1,0,0,0
Measured,prefill-1024.sstrace,16,23,39,16,160,80,2.0,1.0,6.0,9,44,26,9,1,0,0,0
Measured,prefill-1024.sstrace,16,24,39,16,160,73,2.191780821917808,2.0,4.3999999999999915,6,29,32,12,0,0,0,0
Measured,prefill-1024.sstrace,16,25,39,16,160,86,1.8604651162790697,1.0,5.0,11,59,16,9,2,0,0,0
Measured,prefill-1024.sstrace,16,26,39,16,160,84,1.9047619047619047,1.0,4.0,7,43,30,11,0,0,0,0
Measured,prefill-1024.sstrace,16,27,39,16,160,82,1.951219512195122,1.0,4.950000000000003,6,48,21,13,0,0,0,0
Measured,prefill-1024.sstrace,16,28,39,16,160,81,1.9753086419753085,1.0,5.0,9,42,29,9,1,0,0,0
Measured,prefill-1024.sstrace,16,29,39,16,160,71,2.2535211267605635,2.0,5.0,8,35,20,15,1,0,0,0
Measured,prefill-1024.sstrace,16,30,39,16,160,89,1.797752808988764,1.0,5.0,7,55,24,10,0,0,0,0
Measured,prefill-1024.sstrace,16,31,39,16,160,80,2.0,1.0,5.049999999999997,7,45,23,12,0,0,0,0
Measured,prefill-1024.sstrace,16,32,39,16,160,66,2.4242424242424243,2.0,6.75,12,32,22,9,3,0,0,0
Measured,prefill-1024.sstrace,16,33,39,16,160,76,2.1052631578947367,1.0,5.25,7,40,22,14,0,0,0,0
Measured,prefill-1024.sstrace,16,34,39,16,160,75,2.1333333333333333,2.0,5.0,6,32,31,12,0,0,0,0
Measured,prefill-1024.sstrace,16,35,39,16,160,90,1.7777777777777777,1.0,5.0,6,57,24,9,0,0,0,0
Measured,prefill-1024.sstrace,16,36,39,16,160,92,1.7391304347826086,1.0,4.0,6,55,28,9,0,0,0,0
Measured,prefill-1024.sstrace,16,37,39,16,160,81,1.9753086419753085,1.0,5.0,9,46,23,10,2,0,0,0
Measured,prefill-1024.sstrace,16,38,39,16,160,85,1.8823529411764706,1.0,5.0,8,51,25,8,1,0,0,0
Measured,prefill-1024.sstrace,16,39,39,16,160,83,1.927710843373494,1.0,5.0,8,49,24,9,1,0,0,0
Measured,prefill-1024.sstrace,16,40,39,16,160,83,1.927710843373494,1.0,4.0,8,46,29,7,1,0,0,0
Measured,prefill-1024.sstrace,16,41,39,16,160,75,2.1333333333333333,1.0,5.0,8,38,23,13,1,0,0,0
Measured,prefill-1024.sstrace,16,42,39,16,160,80,2.0,1.0,5.0,7,42,24,14,0,0,0,0
Measured,prefill-1024.sstrace,16,43,39,16,160,73,2.191780821917808,1.0,6.0,8,39,22,10,2,0,0,0
Measured,prefill-1024.sstrace,16,44,39,16,160,81,1.9753086419753085,1.0,5.0,7,43,26,12,0,0,0,0
Measured,prefill-1024.sstrace,16,45,39,16,160,79,2.0253164556962027,1.0,5.099999999999994,8,42,25,11,1,0,0,0
Measured,prefill-1024.sstrace,16,46,39,16,160,85,1.8823529411764706,1.0,4.799999999999997,6,50,25,10,0,0,0,0
Measured,prefill-1024.sstrace,16,47,39,16,160,80,2.0,1.0,5.0,7,43,27,10,0,0,0,0
Measured,prefill-1024.sstrace,16,48,39,16,160,72,2.2222222222222223,1.5,6.0,6,36,23,13,0,0,0,0
Measured,prefill-1024.sstrace,16,49,39,16,160,83,1.927710843373494,1.0,4.8999999999999915,7,47,23,13,0,0,0,0
Measured,prefill-1024.sstrace,16,50,39,16,160,80,2.0,1.0,5.0,8,44,24,11,1,0,0,0
Measured,prefill-1024.sstrace,16,51,39,16,160,81,1.9753086419753085,1.0,5.0,7,43,29,9,0,0,0,0
Measured,prefill-1024.sstrace,16,52,39,16,160,82,1.951219512195122,1.0,5.0,9,47,24,10,1,0,0,0
Measured,prefill-1024.sstrace,16,53,39,16,160,82,1.951219512195122,1.0,4.0,7,44,26,12,0,0,0,0
Measured,prefill-1024.sstrace,16,54,39,16,160,82,1.951219512195122,1.0,4.950000000000003,7,43,28,11,0,0,0,0
Measured,prefill-1024.sstrace,16,55,39,16,160,72,2.2222222222222223,2.0,5.0,7,32,25,15,0,0,0,0
Measured,prefill-1024.sstrace,16,56,39,16,160,86,1.8604651162790697,1.0,4.0,7,47,31,8,0,0,0,0
Measured,prefill-1024.sstrace,16,57,39,16,160,72,2.2222222222222223,1.0,5.450000000000003,7,37,20,15,0,0,0,0
Measured,prefill-1024.sstrace,16,58,39,16,160,85,1.8823529411764706,1.0,5.0,7,52,22,11,0,0,0,0
Measured,prefill-1024.sstrace,16,59,39,16,160,75,2.1333333333333333,2.0,5.0,9,34,31,9,1,0,0,0
Measured,prefill-1024.sstrace,16,60,39,16,160,92,1.7391304347826086,1.0,4.0,6,51,34,7,0,0,0,0
Measured,prefill-1024.sstrace,16,61,39,16,160,82,1.951219512195122,2.0,4.0,8,40,34,7,1,0,0,0
Measured,prefill-1024.sstrace,16,62,39,16,160,77,2.0779220779220777,2.0,5.0,7,37,26,14,0,0,0,0
Measured,prefill-1024.sstrace,16,63,39,16,160,84,1.9047619047619047,1.0,4.0,7,45,31,8,0,0,0,0
Measured,prefill-1024.sstrace,16,0,40,16,160,75,2.1333333333333333,1.0,6.0,11,43,20,9,3,0,0,0
Measured,prefill-1024.sstrace,16,1,40,16,160,66,2.4242424242424243,1.5,7.0,11,33,16,14,3,0,0,0
Measured,prefill-1024.sstrace,16,2,40,16,160,66,2.4242424242424243,2.0,7.0,9,32,22,10,2,0,0,0
Measured,prefill-1024.sstrace,16,3,40,16,160,65,2.4615384615384617,1.0,7.799999999999997,10,40,9,12,4,0,0,0
Measured,prefill-1024.sstrace,16,4,40,16,160,64,2.5,1.0,8.849999999999994,12,35,17,7,5,0,0,0
Measured,prefill-1024.sstrace,16,5,40,16,160,82,1.951219512195122,1.0,5.0,8,49,20,12,1,0,0,0
Measured,prefill-1024.sstrace,16,6,40,16,160,60,2.6666666666666665,2.0,8.0,12,29,18,8,5,0,0,0
Measured,prefill-1024.sstrace,16,7,40,16,160,85,1.8823529411764706,1.0,5.799999999999997,8,52,23,9,1,0,0,0
Measured,prefill-1024.sstrace,16,8,40,16,160,83,1.927710843373494,1.0,5.0,9,49,21,12,1,0,0,0
Measured,prefill-1024.sstrace,16,9,40,16,160,64,2.5,1.0,10.0,13,39,15,4,6,0,0,0
Measured,prefill-1024.sstrace,16,10,40,16,160,80,2.0,1.0,5.049999999999997,8,47,22,10,1,0,0,0
Measured,prefill-1024.sstrace,16,11,40,16,160,67,2.388059701492537,1.0,6.699999999999996,11,36,18,10,3,0,0,0
Measured,prefill-1024.sstrace,16,12,40,16,160,88,1.8181818181818181,1.0,4.0,6,48,30,10,0,0,0,0
Measured,prefill-1024.sstrace,16,13,40,16,160,72,2.2222222222222223,1.0,6.450000000000003,10,40,19,10,3,0,0,0
Measured,prefill-1024.sstrace,16,14,40,16,160,75,2.1333333333333333,1.0,7.0,9,43,20,9,3,0,0,0
Measured,prefill-1024.sstrace,16,15,40,16,160,78,2.051282051282051,1.0,5.1499999999999915,9,41,26,9,2,0,0,0
Measured,prefill-1024.sstrace,16,16,40,16,160,71,2.2535211267605635,1.0,6.5,10,36,24,9,2,0,0,0
Measured,prefill-1024.sstrace,16,17,40,16,160,87,1.839080459770115,1.0,4.700000000000003,6,53,24,10,0,0,0,0
Measured,prefill-1024.sstrace,16,18,40,16,160,76,2.1052631578947367,1.0,6.25,10,43,21,9,3,0,0,0
Measured,prefill-1024.sstrace,16,19,40,16,160,71,2.2535211267605635,2.0,6.5,9,35,23,11,2,0,0,0
Measured,prefill-1024.sstrace,16,20,40,16,160,73,2.191780821917808,1.0,6.0,10,38,20,14,1,0,0,0
Measured,prefill-1024.sstrace,16,21,40,16,160,86,1.8604651162790697,1.0,4.0,7,45,32,9,0,0,0,0
Measured,prefill-1024.sstrace,16,22,40,16,160,82,1.951219512195122,1.0,5.0,8,48,23,10,1,0,0,0
Measured,prefill-1024.sstrace,16,23,40,16,160,85,1.8823529411764706,1.0,5.799999999999997,11,59,15,8,3,0,0,0
Measured,prefill-1024.sstrace,16,24,40,16,160,82,1.951219512195122,1.0,4.950000000000003,6,46,22,14,0,0,0,0
Measured,prefill-1024.sstrace,16,25,40,16,160,71,2.2535211267605635,1.0,7.5,11,40,21,6,4,0,0,0
Measured,prefill-1024.sstrace,16,26,40,16,160,84,1.9047619047619047,1.0,4.0,7,46,28,10,0,0,0,0
Measured,prefill-1024.sstrace,16,27,40,16,160,80,2.0,1.0,4.0,7,41,26,13,0,0,0,0
Measured,prefill-1024.sstrace,16,28,40,16,160,80,2.0,1.0,6.049999999999997,9,44,28,6,2,0,0,0
Measured,prefill-1024.sstrace,16,29,40,16,160,80,2.0,1.0,5.0,7,42,28,10,0,0,0,0
Measured,prefill-1024.sstrace,16,30,40,16,160,89,1.797752808988764,1.0,5.0,7,56,22,11,0,0,0,0
Measured,prefill-1024.sstrace,16,31,40,16,160,81,1.9753086419753085,1.0,5.0,7,43,25,13,0,0,0,0
Measured,prefill-1024.sstrace,16,32,40,16,160,70,2.2857142857142856,1.5,6.549999999999997,10,35,21,11,3,0,0,0
Measured,prefill-1024.sstrace,16,33,40,16,160,86,1.8604651162790697,1.0,5.0,8,52,21,12,1,0,0,0
Measured,prefill-1024.sstrace,16,34,40,16,160,83,1.927710843373494,1.0,5.0,7,48,22,13,0,0,0,0
Measured,prefill-1024.sstrace,16,35,40,16,160,82,1.951219512195122,1.0,5.0,7,48,22,12,0,0,0,0
Measured,prefill-1024.sstrace,16,36,40,16,160,91,1.7582417582417582,1.0,5.0,7,61,20,10,0,0,0,0
Measured,prefill-1024.sstrace,16,37,40,16,160,81,1.9753086419753085,1.0,5.0,8,51,19,8,3,0,0,0
Measured,prefill-1024.sstrace,16,38,40,16,160,77,2.0779220779220777,1.0,6.0,7,43,23,11,0,0,0,0
Measured,prefill-1024.sstrace,16,39,40,16,160,78,2.051282051282051,1.0,6.1499999999999915,9,49,17,10,2,0,0,0
Measured,prefill-1024.sstrace,16,40,40,16,160,79,2.0253164556962027,1.0,5.0,6,41,25,13,0,0,0,0
Measured,prefill-1024.sstrace,16,41,40,16,160,85,1.8823529411764706,1.0,5.0,8,53,23,7,2,0,0,0
Measured,prefill-1024.sstrace,16,42,40,16,160,85,1.8823529411764706,1.0,4.0,7,46,30,9,0,0,0,0
Measured,prefill-1024.sstrace,16,43,40,16,160,74,2.1621621621621623,1.0,5.349999999999994,8,40,18,14,2,0,0,0
Measured,prefill-1024.sstrace,16,44,40,16,160,82,1.951219512195122,1.0,4.950000000000003,8,43,26,12,1,0,0,0
Measured,prefill-1024.sstrace,16,45,40,16,160,81,1.9753086419753085,1.0,5.0,7,47,22,12,0,0,0,0
Measured,prefill-1024.sstrace,16,46,40,16,160,75,2.1333333333333333,2.0,5.299999999999997,7,36,27,12,0,0,0,0
Measured,prefill-1024.sstrace,16,47,40,16,160,87,1.839080459770115,1.0,4.700000000000003,6,54,19,14,0,0,0,0
Measured,prefill-1024.sstrace,16,48,40,16,160,72,2.2222222222222223,1.0,5.450000000000003,8,38,19,14,1,0,0,0
Measured,prefill-1024.sstrace,16,49,40,16,160,88,1.8181818181818181,1.0,4.0,8,50,31,6,1,0,0,0
Measured,prefill-1024.sstrace,16,50,40,16,160,82,1.951219512195122,1.0,5.0,8,49,20,12,1,0,0,0
Measured,prefill-1024.sstrace,16,51,40,16,160,74,2.1621621621621623,1.0,6.0,8,40,20,13,1,0,0,0
Measured,prefill-1024.sstrace,16,52,40,16,160,79,2.0253164556962027,1.0,6.0,8,46,22,9,2,0,0,0
Measured,prefill-1024.sstrace,16,53,40,16,160,76,2.1052631578947367,1.0,5.25,8,39,26,10,1,0,0,0
Measured,prefill-1024.sstrace,16,54,40,16,160,88,1.8181818181818181,1.0,5.0,6,57,20,11,0,0,0,0
Measured,prefill-1024.sstrace,16,55,40,16,160,87,1.839080459770115,1.0,5.0,8,54,22,10,1,0,0,0
Measured,prefill-1024.sstrace,16,56,40,16,160,90,1.7777777777777777,1.0,3.0,9,53,33,2,2,0,0,0
Measured,prefill-1024.sstrace,16,57,40,16,160,75,2.1333333333333333,1.0,6.0,7,41,18,16,0,0,0,0
Measured,prefill-1024.sstrace,16,58,40,16,160,88,1.8181818181818181,1.0,5.6499999999999915,7,55,24,9,0,0,0,0
Measured,prefill-1024.sstrace,16,59,40,16,160,78,2.051282051282051,1.0,5.1499999999999915,9,46,19,12,1,0,0,0
Measured,prefill-1024.sstrace,16,60,40,16,160,93,1.7204301075268817,1.0,4.3999999999999915,7,59,25,9,0,0,0,0
Measured,prefill-1024.sstrace,16,61,40,16,160,90,1.7777777777777777,1.0,4.0,8,55,25,9,1,0,0,0
Measured,prefill-1024.sstrace,16,62,40,16,160,71,2.2535211267605635,2.0,5.5,9,34,24,11,2,0,0,0
Measured,prefill-1024.sstrace,16,63,40,16,160,85,1.8823529411764706,1.0,4.0,11,48,30,5,2,0,0,0
Measured,prefill-1024.sstrace,16,0,41,16,160,81,1.9753086419753085,1.0,6.0,11,51,19,8,3,0,0,0
Measured,prefill-1024.sstrace,16,1,41,16,160,68,2.3529411764705883,2.0,7.0,11,33,23,9,3,0,0,0
Measured,prefill-1024.sstrace,16,2,41,16,160,71,2.2535211267605635,1.0,6.5,11,41,16,11,3,0,0,0
Measured,prefill-1024.sstrace,16,3,41,16,160,62,2.5806451612903225,1.0,7.949999999999996,10,36,9,13,4,0,0,0
Measured,prefill-1024.sstrace,16,4,41,16,160,72,2.2222222222222223,1.0,8.450000000000003,11,46,15,6,5,0,0,0
Measured,prefill-1024.sstrace,16,5,41,16,160,80,2.0,1.0,5.0,7,42,29,9,0,0,0,0
Measured,prefill-1024.sstrace,16,6,41,16,160,66,2.4242424242424243,2.0,8.0,9,30,26,5,5,0,0,0
Measured,prefill-1024.sstrace,16,7,41,16,160,84,1.9047619047619047,1.0,6.0,9,54,20,8,2,0,0,0
Measured,prefill-1024.sstrace,16,8,41,16,160,83,1.927710843373494,1.0,5.0,7,48,23,12,0,0,0,0
Measured,prefill-1024.sstrace,16,9,41,16,160,63,2.5396825396825395,1.0,9.0,14,36,15,7,5,0,0,0
Measured,prefill-1024.sstrace,16,10,41,16,160,77,2.0779220779220777,1.0,5.0,8,42,23,11,1,0,0,0
Measured,prefill-1024.sstrace,16,11,41,16,160,74,2.1621621621621623,1.0,6.699999999999989,11,45,19,6,4,0,0,0
Measured,prefill-1024.sstrace,16,12,41,16,160,83,1.927710843373494,1.0,4.0,7,42,32,9,0,0,0,0
Measured,prefill-1024.sstrace,16,13,41,16,160,72,2.2222222222222223,1.0,7.0,10,38,23,8,3,0,0,0
Measured,prefill-1024.sstrace,16,14,41,16,160,79,2.0253164556962027,1.0,7.0,11,49,19,9,2,0,0,0
Measured,prefill-1024.sstrace,16,15,41,16,160,80,2.0,1.0,5.0,7,44,24,12,0,0,0,0
Measured,prefill-1024.sstrace,16,16,41,16,160,63,2.5396825396825395,2.0,7.899999999999999,10,28,23,8,4,0,0,0
Measured,prefill-1024.sstrace,16,17,41,16,160,87,1.839080459770115,1.0,5.0,6,54,23,10,0,0,0,0
Measured,prefill-1024.sstrace,16,18,41,16,160,79,2.0253164556962027,1.0,6.099999999999994,10,51,15,10,3,0,0,0
Measured,prefill-1024.sstrace,16,19,41,16,160,84,1.9047619047619047,1.0,5.0,8,46,26,11,1,0,0,0
Measured,prefill-1024.sstrace,16,20,41,16,160,74,2.1621621621621623,1.0,6.0,7,43,15,16,0,0,0,0
Measured,prefill-1024.sstrace,16,21,41,16,160,90,1.7777777777777777,1.0,4.0,7,54,27,9,0,0,0,0
Measured,prefill-1024.sstrace,16,22,41,16,160,86,1.8604651162790697,1.0,5.0,8,54,19,12,1,0,0,0
Measured,prefill-1024.sstrace,16,23,41,16,160,76,2.1052631578947367,1.0,8.0,11,42,25,4,5,0,0,0
Measured,prefill-1024.sstrace,16,24,41,16,160,87,1.839080459770115,1.0,5.0,7,54,23,10,0,0,0,0
Measured,prefill-1024.sstrace,16,25,41,16,160,81,1.9753086419753085,1.0,7.0,11,44,29,5,3,0,0,0
Measured,prefill-1024.sstrace,16,26,41,16,160,88,1.8181818181818181,1.0,4.6499999999999915,6,56,18,14,0,0,0,0
Measured,prefill-1024.sstrace,16,27,41,16,160,85,1.8823529411764706,1.0,5.799999999999997,7,52,21,12,0,0,0,0
Measured,prefill-1024.sstrace,16,28,41,16,160,81,1.9753086419753085,1.0,6.0,8,50,20,10,1,0,0,0
Measured,prefill-1024.sstrace,16,29,41,16,160,82,1.951219512195122,1.0,4.950000000000003,8,47,25,9,1,0,0,0
Measured,prefill-1024.sstrace,16,30,41,16,160,87,1.839080459770115,1.0,6.0,7,58,19,10,0,0,0,0
Measured,prefill-1024.sstrace,16,31,41,16,160,85,1.8823529411764706,1.0,5.0,7,51,25,9,0,0,0,0
Measured,prefill-1024.sstrace,16,32,41,16,160,73,2.191780821917808,1.0,7.3999999999999915,10,44,16,9,4,0,0,0
Measured,prefill-1024.sstrace,16,33,41,16,160,83,1.927710843373494,1.0,4.8999999999999915,7,52,17,14,0,0,0,0
Measured,prefill-1024.sstrace,16,34,41,16,160,82,1.951219512195122,1.0,5.0,6,50,19,13,0,0,0,0
Measured,prefill-1024.sstrace,16,35,41,16,160,79,2.0253164556962027,1.0,6.0,7,45,21,13,0,0,0,0
Measured,prefill-1024.sstrace,16,36,41,16,160,88,1.8181818181818181,1.0,5.0,7,56,24,8,0,0,0,0
Measured,prefill-1024.sstrace,16,37,41,16,160,87,1.839080459770115,1.0,5.700000000000003,9,60,16,9,2,0,0,0
Measured,prefill-1024.sstrace,16,38,41,16,160,80,2.0,1.0,5.049999999999997,8,45,23,11,1,0,0,0
Measured,prefill-1024.sstrace,16,39,41,16,160,82,1.951219512195122,1.0,5.950000000000003,9,54,16,9,3,0,0,0
Measured,prefill-1024.sstrace,16,40,41,16,160,78,2.051282051282051,1.0,5.0,7,41,22,15,0,0,0,0
Measured,prefill-1024.sstrace,16,41,41,16,160,85,1.8823529411764706,1.0,5.0,8,52,22,10,1,0,0,0
Measured,prefill-1024.sstrace,16,42,41,16,160,85,1.8823529411764706,1.0,4.0,7,48,24,13,0,0,0,0
Measured,prefill-1024.sstrace,16,43,41,16,160,77,2.0779220779220777,1.0,5.200000000000003,8,41,23,12,1,0,0,0
Measured,prefill-1024.sstrace,16,44,41,16,160,87,1.839080459770115,1.0,4.700000000000003,8,56,21,9,1,0,0,0
Measured,prefill-1024.sstrace,16,45,41,16,160,77,2.0779220779220777,1.0,5.200000000000003,9,39,26,11,1,0,0,0
Measured,prefill-1024.sstrace,16,46,41,16,160,86,1.8604651162790697,1.0,5.0,8,51,24,10,1,0,0,0
Measured,prefill-1024.sstrace,16,47,41,16,160,82,1.951219512195122,1.0,4.0,6,44,24,14,0,0,0,0
Measured,prefill-1024.sstrace,16,48,41,16,160,82,1.951219512195122,1.0,5.0,6,48,19,15,0,0,0,0
Measured,prefill-1024.sstrace,16,49,41,16,160,84,1.9047619047619047,1.0,5.0,7,47,26,11,0,0,0,0
Measured,prefill-1024.sstrace,16,50,41,16,160,87,1.839080459770115,1.0,5.0,9,52,27,7,1,0,0,0
Measured,prefill-1024.sstrace,16,51,41,16,160,77,2.0779220779220777,1.0,6.0,8,44,21,11,1,0,0,0
Measured,prefill-1024.sstrace,16,52,41,16,160,82,1.951219512195122,1.0,6.0,8,51,20,10,1,0,0,0
Measured,prefill-1024.sstrace,16,53,41,16,160,83,1.927710843373494,1.0,5.0,6,48,21,14,0,0,0,0
Measured,prefill-1024.sstrace,16,54,41,16,160,87,1.839080459770115,1.0,4.0,6,48,29,10,0,0,0,0
Measured,prefill-1024.sstrace,16,55,41,16,160,84,1.9047619047619047,1.0,5.0,7,51,20,13,0,0,0,0
Measured,prefill-1024.sstrace,16,56,41,16,160,91,1.7582417582417582,1.0,4.5,8,59,25,6,1,0,0,0
Measured,prefill-1024.sstrace,16,57,41,16,160,81,1.9753086419753085,1.0,5.0,8,46,22,12,1,0,0,0
Measured,prefill-1024.sstrace,16,58,41,16,160,84,1.9047619047619047,1.0,5.0,8,51,21,11,1,0,0,0
Measured,prefill-1024.sstrace,16,59,41,16,160,79,2.0253164556962027,1.0,6.0,8,43,24,11,1,0,0,0
Measured,prefill-1024.sstrace,16,60,41,16,160,92,1.7391304347826086,1.0,4.0,6,55,28,9,0,0,0,0
Measured,prefill-1024.sstrace,16,61,41,16,160,95,1.6842105263157894,1.0,4.0,7,69,16,10,0,0,0,0
Measured,prefill-1024.sstrace,16,62,41,16,160,78,2.051282051282051,1.0,6.0,9,43,24,10,1,0,0,0
Measured,prefill-1024.sstrace,16,63,41,16,160,88,1.8181818181818181,1.0,4.0,10,55,24,8,1,0,0,0
Measured,prefill-1024.sstrace,16,0,42,16,160,94,1.702127659574468,1.0,3.0,5,54,36,4,0,0,0,0
Measured,prefill-1024.sstrace,16,1,42,16,160,77,2.0779220779220777,1.0,5.0,11,43,24,8,2,0,0,0
Measured,prefill-1024.sstrace,16,2,42,16,160,75,2.1333333333333333,1.0,6.0,8,40,23,10,2,0,0,0
Measured,prefill-1024.sstrace,16,3,42,16,160,67,2.388059701492537,1.0,6.0,9,34,19,12,2,0,0,0
Measured,prefill-1024.sstrace,16,4,42,16,160,66,2.4242424242424243,1.0,8.0,9,35,16,10,5,0,0,0
Measured,prefill-1024.sstrace,16,5,42,16,160,76,2.1052631578947367,1.0,5.25,7,40,22,14,0,0,0,0
Measured,prefill-1024.sstrace,16,6,42,16,160,69,2.318840579710145,1.0,6.0,10,36,21,9,3,0,0,0
Measured,prefill-1024.sstrace,16,7,42,16,160,82,1.951219512195122,1.0,5.950000000000003,8,52,18,10,2,0,0,0
Measured,prefill-1024.sstrace,16,8,42,16,160,85,1.8823529411764706,1.0,4.799999999999997,7,49,24,12,0,0,0,0
Measured,prefill-1024.sstrace,16,9,42,16,160,79,2.0253164556962027,1.0,6.0,12,47,22,8,2,0,0,0
Measured,prefill-1024.sstrace,16,10,42,16,160,84,1.9047619047619047,1.0,5.0,6,48,24,12,0,0,0,0
Measured,prefill-1024.sstrace,16,11,42,16,160,71,2.2535211267605635,1.0,7.0,8,42,16,10,3,0,0,0
Measured,prefill-1024.sstrace,16,12,42,16,160,83,1.927710843373494,1.0,5.0,7,51,19,13,0,0,0,0
Measured,prefill-1024.sstrace,16,13,42,16,160,69,2.318840579710145,2.0,6.199999999999989,9,33,23,11,2,0,0,0
Measured,prefill-1024.sstrace,16,14,42,16,160,83,1.927710843373494,1.0,5.0,9,49,24,7,3,0,0,0
Measured,prefill-1024.sstrace,16,15,42,16,160,81,1.9753086419753085,1.0,6.0,7,48,22,11,0,0,0,0
Measured,prefill-1024.sstrace,16,16,42,16,160,78,2.051282051282051,1.0,6.0,8,44,22,10,2,0,0,0
Measured,prefill-1024.sstrace,16,17,42,16,160,88,1.8181818181818181,1.0,5.0,6,53,24,11,0,0,0,0
Measured,prefill-1024.sstrace,16,18,42,16,160,79,2.0253164556962027,1.0,7.0,8,51,15,12,1,0,0,0
Measured,prefill-1024.sstrace,16,19,42,16,160,69,2.318840579710145,2.0,6.0,7,33,21,15,0,0,0,0
Measured,prefill-1024.sstrace,16,20,42,16,160,77,2.0779220779220777,1.0,5.0,6,43,19,15,0,0,0,0
Measured,prefill-1024.sstrace,16,21,42,16,160,82,1.951219512195122,1.0,5.0,7,46,24,12,0,0,0,0
Measured,prefill-1024.sstrace,16,22,42,16,160,83,1.927710843373494,1.0,5.8999999999999915,7,51,20,12,0,0,0,0
Measured,prefill-1024.sstrace,16,23,42,16,160,79,2.0253164556962027,1.0,6.0,8,45,22,11,1,0,0,0
Measured,prefill-1024.sstrace,16,24,42,16,160,79,2.0253164556962027,1.0,6.0,7,43,23,13,0,0,0,0
Measured,prefill-1024.sstrace,16,25,42,16,160,92,1.7391304347826086,1.0,5.0,7,61,20,11,0,0,0,0
Measured,prefill-1024.sstrace,16,26,42,16,160,95,1.6842105263157894,1.0,4.0,5,59,26,10,0,0,0,0
Measured,prefill-1024.sstrace,16,27,42,16,160,83,1.927710843373494,2.0,4.0,6,41,32,10,0,0,0,0
Measured,prefill-1024.sstrace,16,28,42,16,160,88,1.8181818181818181,1.0,4.0,5,53,21,14,0,0,0,0
Measured,prefill-1024.sstrace,16,29,42,16,160,79,2.0253164556962027,1.0,6.0,8,45,23,10,1,0,0,0
Measured,prefill-1024.sstrace,16,30,42,16,160,94,1.702127659574468,1.0,4.0,7,58,29,7,0,0,0,0
Measured,prefill-1024.sstrace,16,31,42,16,160,79,2.0253164556962027,1.0,6.0,6,41,27,11,0,0,0,0
Measured,prefill-1024.sstrace,16,32,42,16,160,76,2.1052631578947367,1.0,7.0,9,46,18,9,3,0,0,0
Measured,prefill-1024.sstrace,16,33,42,16,160,81,1.9753086419753085,1.0,6.0,6,48,21,12,0,0,0,0
Measured,prefill-1024.sstrace,16,34,42,16,160,83,1.927710843373494,1.0,4.8999999999999915,7,50,20,13,0,0,0,0
Measured,prefill-1024.sstrace,16,35,42,16,160,83,1.927710843373494,2.0,4.0,7,40,36,7,0,0,0,0
Measured,prefill-1024.sstrace,16,36,42,16,160,90,1.7777777777777777,1.0,4.549999999999997,6,52,28,10,0,0,0,0
Measured,prefill-1024.sstrace,16,37,42,16,160,89,1.797752808988764,1.0,4.0,7,53,26,10,0,0,0,0
Measured,prefill-1024.sstrace,16,38,42,16,160,70,2.2857142857142856,2.0,6.549999999999997,7,34,23,13,0,0,0,0
Measured,prefill-1024.sstrace,16,39,42,16,160,84,1.9047619047619047,1.0,4.0,7,50,21,13,0,0,0,0
Measured,prefill-1024.sstrace,16,40,42,16,160,75,2.1333333333333333,2.0,5.299999999999997,6,33,29,13,0,0,0,0
Measured,prefill-1024.sstrace,16,41,42,16,160,82,1.951219512195122,1.0,5.0,6,44,26,12,0,0,0,0
Measured,prefill-1024.sstrace,16,42,42,16,160,82,1.951219512195122,2.0,4.0,8,38,34,9,1,0,0,0
Measured,prefill-1024.sstrace,16,43,42,16,160,70,2.2857142857142856,1.5,5.549999999999997,7,35,18,17,0,0,0,0
Measured,prefill-1024.sstrace,16,44,42,16,160,80,2.0,1.0,5.0,7,44,25,11,0,0,0,0
Measured,prefill-1024.sstrace,16,45,42,16,160,76,2.1052631578947367,1.0,6.25,8,42,23,9,2,0,0,0
Measured,prefill-1024.sstrace,16,46,42,16,160,87,1.839080459770115,1.0,4.700000000000003,7,53,24,10,0,0,0,0
Measured,prefill-1024.sstrace,16,47,42,16,160,73,2.191780821917808,1.0,5.3999999999999915,7,37,21,15,0,0,0,0
Measured,prefill-1024.sstrace,16,48,42,16,160,82,1.951219512195122,1.0,5.0,6,50,18,14,0,0,0,0
Measured,prefill-1024.sstrace,16,49,42,16,160,79,2.0253164556962027,2.0,5.0,8,39,29,10,1,0,0,0
Measured,prefill-1024.sstrace,16,50,42,16,160,78,2.051282051282051,1.0,6.0,9,42,25,10,1,0,0,0
Measured,prefill-1024.sstrace,16,51,42,16,160,75,2.1333333333333333,2.0,5.299999999999997,7,37,27,11,0,0,0,0
Measured,prefill-1024.sstrace,16,52,42,16,160,75,2.1333333333333333,1.0,7.0,8,45,18,10,2,0,0,0
Measured,prefill-1024.sstrace,16,53,42,16,160,82,1.951219512195122,1.0,4.950000000000003,7,49,19,14,0,0,0,0
Measured,prefill-1024.sstrace,16,54,42,16,160,78,2.051282051282051,1.0,6.0,6,42,23,13,0,0,0,0
Measured,prefill-1024.sstrace,16,55,42,16,160,82,1.951219512195122,1.0,4.0,7,49,16,17,0,0,0,0
Measured,prefill-1024.sstrace,16,56,42,16,160,93,1.7204301075268817,1.0,5.0,9,62,23,7,1,0,0,0
Measured,prefill-1024.sstrace,16,57,42,16,160,83,1.927710843373494,1.0,5.0,9,49,23,10,1,0,0,0
Measured,prefill-1024.sstrace,16,58,42,16,160,80,2.0,1.0,5.049999999999997,6,47,19,14,0,0,0,0
Measured,prefill-1024.sstrace,16,59,42,16,160,68,2.3529411764705883,1.0,6.649999999999999,8,37,18,10,3,0,0,0
Measured,prefill-1024.sstrace,16,60,42,16,160,87,1.839080459770115,1.0,5.0,6,51,24,12,0,0,0,0
Measured,prefill-1024.sstrace,16,61,42,16,160,85,1.8823529411764706,1.0,5.0,7,56,17,12,0,0,0,0
Measured,prefill-1024.sstrace,16,62,42,16,160,83,1.927710843373494,1.0,4.0,7,45,26,12,0,0,0,0
Measured,prefill-1024.sstrace,16,63,42,16,160,83,1.927710843373494,1.0,4.8999999999999915,8,48,27,7,1,0,0,0
Measured,prefill-1024.sstrace,16,0,43,16,160,72,2.2222222222222223,1.0,5.900000000000006,13,38,22,10,2,0,0,0
Measured,prefill-1024.sstrace,16,1,43,16,160,72,2.2222222222222223,1.0,7.0,9,39,21,10,2,0,0,0
Measured,prefill-1024.sstrace,16,2,43,16,160,69,2.318840579710145,1.0,7.0,8,35,22,9,3,0,0,0
Measured,prefill-1024.sstrace,16,3,43,16,160,75,2.1333333333333333,1.0,6.299999999999997,8,42,19,12,2,0,0,0
Measured,prefill-1024.sstrace,16,4,43,16,160,70,2.2857142857142856,1.0,6.549999999999997,12,39,19,9,3,0,0,0
Measured,prefill-1024.sstrace,16,5,43,16,160,91,1.7582417582417582,1.0,4.5,7,59,22,10,0,0,0,0
Measured,prefill-1024.sstrace,16,6,43,16,160,73,2.191780821917808,1.0,7.3999999999999915,11,45,17,7,4,0,0,0
Measured,prefill-1024.sstrace,16,7,43,16,160,88,1.8181818181818181,1.0,5.0,7,56,23,9,0,0,0,0
Measured,prefill-1024.sstrace,16,8,43,16,160,93,1.7204301075268817,1.0,4.0,7,57,27,9,0,0,0,0
Measured,prefill-1024.sstrace,16,9,43,16,160,70,2.2857142857142856,1.0,6.549999999999997,13,38,22,7,3,0,0,0
Measured,prefill-1024.sstrace,16,10,43,16,160,81,1.9753086419753085,1.0,5.0,7,46,24,11,0,0,0,0
Measured,prefill-1024.sstrace,16,11,43,16,160,79,2.0253164556962027,1.0,7.0,12,53,14,9,3,0,0,0
Measured,prefill-1024.sstrace,16,12,43,16,160,90,1.7777777777777777,1.0,4.0,6,55,25,10,0,0,0,0
Measured,prefill-1024.sstrace,16,13,43,16,160,82,1.951219512195122,1.0,5.950000000000003,9,51,19,11,1,0,0,0
Measured,prefill-1024.sstrace,16,14,43,16,160,81,1.9753086419753085,1.0,6.0,9,45,26,8,2,0,0,0
Measured,prefill-1024.sstrace,16,15,43,16,160,90,1.7777777777777777,1.0,5.0,8,58,24,7,1,0,0,0
Measured,prefill-1024.sstrace,16,16,43,16,160,78,2.051282051282051,1.0,7.0,9,45,23,7,3,0,0,0
Measured,prefill-1024.sstrace,16,17,43,16,160,90,1.7777777777777777,1.0,5.0,7,54,29,7,0,0,0,0
Measured,prefill-1024.sstrace,16,18,43,16,160,84,1.9047619047619047,1.0,4.849999999999994,10,50,23,10,1,0,0,0
Measured,prefill-1024.sstrace,16,19,43,16,160,78,2.051282051282051,1.0,5.0,7,42,22,14,0,0,0,0
Measured,prefill-1024.sstrace,16,20,43,16,160,82,1.951219512195122,1.0,6.0,9,54,14,13,1,0,0,0
Measured,prefill-1024.sstrace,16,21,43,16,160,88,1.8181818181818181,1.0,4.0,6,48,32,8,0,0,0,0
Measured,prefill-1024.sstrace,16,22,43,16,160,84,1.9047619047619047,1.0,5.849999999999994,9,50,26,7,1,0,0,0
Measured,prefill-1024.sstrace,16,23,43,16,160,84,1.9047619047619047,1.0,5.849999999999994,10,52,23,8,1,0,0,0
Measured,prefill-1024.sstrace,16,24,43,16,160,93,1.7204301075268817,1.0,5.0,7,63,22,8,0,0,0,0
Measured,prefill-1024.sstrace,16,25,43,16,160,84,1.9047619047619047,1.0,5.0,12,49,27,7,1,0,0,0
Measured,prefill-1024.sstrace,16,26,43,16,160,94,1.702127659574468,1.0,4.0,8,56,31,6,1,0,0,0
Measured,prefill-1024.sstrace,16,27,43,16,160,92,1.7391304347826086,1.0,4.0,8,56,28,7,1,0,0,0
Measured,prefill-1024.sstrace,16,28,43,16,160,82,1.951219512195122,1.0,4.950000000000003,9,45,27,9,1,0,0,0
Measured,prefill-1024.sstrace,16,29,43,16,160,84,1.9047619047619047,1.0,5.849999999999994,7,47,30,7,0,0,0,0
Measured,prefill-1024.sstrace,16,30,43,16,160,89,1.797752808988764,1.0,4.0,7,54,25,10,0,0,0,0
Measured,prefill-1024.sstrace,16,31,43,16,160,83,1.927710843373494,1.0,5.8999999999999915,8,49,23,10,1,0,0,0
Measured,prefill-1024.sstrace,16,32,43,16,160,77,2.0779220779220777,1.0,6.0,12,48,16,11,2,0,0,0
Measured,prefill-1024.sstrace,16,33,43,16,160,87,1.839080459770115,1.0,4.700000000000003,8,49,30,7,1,0,0,0
Measured,prefill-1024.sstrace,16,34,43,16,160,90,1.7777777777777777,1.0,4.549999999999997,7,53,28,9,0,0,0,0
Measured,prefill-1024.sstrace,16,35,43,16,160,81,1.9753086419753085,1.0,5.0,7,43,26,12,0,0,0,0
Measured,prefill-1024.sstrace,16,36,43,16,160,91,1.7582417582417582,1.0,4.5,6,56,25,10,0,0,0,0
Measured,prefill-1024.sstrace,16,37,43,16,160,85,1.8823529411764706,1.0,6.0,8,56,17,10,2,0,0,0
Measured,prefill-1024.sstrace,16,38,43,16,160,86,1.8604651162790697,1.0,4.0,8,50,27,7,2,0,0,0
Measured,prefill-1024.sstrace,16,39,43,16,160,81,1.9753086419753085,1.0,6.0,9,52,16,12,1,0,0,0
Measured,prefill-1024.sstrace,16,40,43,16,160,83,1.927710843373494,1.0,5.0,6,44,27,12,0,0,0,0
Measured,prefill-1024.sstrace,16,41,43,16,160,82,1.951219512195122,1.0,5.0,9,45,26,9,2,0,0,0
Measured,prefill-1024.sstrace,16,42,43,16,160,85,1.8823529411764706,1.0,5.0,7,50,25,10,0,0,0,0
Measured,prefill-1024.sstrace,16,43,43,16,160,82,1.951219512195122,1.0,6.0,8,50,21,10,1,0,0,0
Measured,prefill-1024.sstrace,16,44,43,16,160,87,1.839080459770115,1.0,5.0,8,59,16,11,1,0,0,0
Measured,prefill-1024.sstrace,16,45,43,16,160,87,1.839080459770115,1.0,4.0,10,56,21,9,1,0,0,0
Measured,prefill-1024.sstrace,16,46,43,16,160,94,1.702127659574468,1.0,4.349999999999994,7,60,24,10,0,0,0,0
Measured,prefill-1024.sstrace,16,47,43,16,160,79,2.0253164556962027,1.0,4.099999999999994,10,41,26,11,1,0,0,0
Measured,prefill-1024.sstrace,16,48,43,16,160,85,1.8823529411764706,1.0,5.0,7,49,25,11,0,0,0,0
Measured,prefill-1024.sstrace,16,49,43,16,160,85,1.8823529411764706,1.0,4.799999999999997,7,48,27,10,0,0,0,0
Measured,prefill-1024.sstrace,16,50,43,16,160,88,1.8181818181818181,1.0,4.6499999999999915,8,53,26,8,1,0,0,0
Measured,prefill-1024.sstrace,16,51,43,16,160,79,2.0253164556962027,1.0,6.0,8,50,16,11,2,0,0,0
Measured,prefill-1024.sstrace,16,52,43,16,160,83,1.927710843373494,1.0,4.8999999999999915,11,46,28,8,1,0,0,0
Measured,prefill-1024.sstrace,16,53,43,16,160,83,1.927710843373494,1.0,5.8999999999999915,7,49,24,10,0,0,0,0
Measured,prefill-1024.sstrace,16,54,43,16,160,87,1.839080459770115,1.0,4.700000000000003,8,53,22,11,1,0,0,0
Measured,prefill-1024.sstrace,16,55,43,16,160,91,1.7582417582417582,1.0,5.0,7,60,20,11,0,0,0,0
Measured,prefill-1024.sstrace,16,56,43,16,160,91,1.7582417582417582,1.0,5.0,6,61,19,11,0,0,0,0
Measured,prefill-1024.sstrace,16,57,43,16,160,94,1.702127659574468,1.0,4.349999999999994,9,61,26,6,1,0,0,0
Measured,prefill-1024.sstrace,16,58,43,16,160,86,1.8604651162790697,1.0,5.0,7,59,12,15,0,0,0,0
Measured,prefill-1024.sstrace,16,59,43,16,160,77,2.0779220779220777,1.0,5.400000000000006,14,40,27,9,1,0,0,0
Measured,prefill-1024.sstrace,16,60,43,16,160,90,1.7777777777777777,1.0,4.549999999999997,8,56,25,8,1,0,0,0
Measured,prefill-1024.sstrace,16,61,43,16,160,95,1.6842105263157894,1.0,4.299999999999997,8,62,25,7,1,0,0,0
Measured,prefill-1024.sstrace,16,62,43,16,160,78,2.051282051282051,1.0,6.0,9,44,22,11,1,0,0,0
Measured,prefill-1024.sstrace,16,63,43,16,160,83,1.927710843373494,1.0,5.8999999999999915,7,48,26,9,0,0,0,0
Measured,prefill-1024.sstrace,16,0,44,16,160,89,1.797752808988764,1.0,4.0,12,59,22,6,2,0,0,0
Measured,prefill-1024.sstrace,16,1,44,16,160,81,1.9753086419753085,1.0,5.0,8,45,23,12,1,0,0,0
Measured,prefill-1024.sstrace,16,2,44,16,160,73,2.191780821917808,1.0,6.3999999999999915,11,40,21,11,1,0,0,0
Measured,prefill-1024.sstrace,16,3,44,16,160,72,2.2222222222222223,1.0,6.450000000000003,10,42,16,11,3,0,0,0
Measured,prefill-1024.sstrace,16,4,44,16,160,75,2.1333333333333333,1.0,6.0,14,47,16,10,2,0,0,0
Measured,prefill-1024.sstrace,16,5,44,16,160,80,2.0,1.0,5.0,11,49,20,9,2,0,0,0
Measured,prefill-1024.sstrace,16,6,44,16,160,76,2.1052631578947367,1.0,5.0,13,44,20,10,2,0,0,0
Measured,prefill-1024.sstrace,16,7,44,16,160,78,2.051282051282051,1.0,5.0,11,42,27,6,3,0,0,0
Measured,prefill-1024.sstrace,16,8,44,16,160,86,1.8604651162790697,1.0,4.75,10,56,18,10,2,0,0,0
Measured,prefill-1024.sstrace,16,9,44,16,160,67,2.388059701492537,1.0,7.699999999999996,14,42,10,11,4,0,0,0
Measured,prefill-1024.sstrace,16,10,44,16,160,78,2.051282051282051,1.0,6.0,10,47,18,11,2,0,0,0
Measured,prefill-1024.sstrace,16,11,44,16,160,77,2.0779220779220777,1.0,5.400000000000006,12,47,18,11,1,0,0,0
Measured,prefill-1024.sstrace,16,12,44,16,160,76,2.1052631578947367,1.0,6.0,12,42,23,9,2,0,0,0
Measured,prefill-1024.sstrace,16,13,44,16,160,69,2.318840579710145,1.0,6.199999999999989,11,35,20,11,3,0,0,0
Measured,prefill-1024.sstrace,16,14,44,16,160,79,2.0253164556962027,1.0,5.099999999999994,12,50,18,8,3,0,0,0
Measured,prefill-1024.sstrace,16,15,44,16,160,75,2.1333333333333333,1.0,6.0,9,43,18,12,2,0,0,0
Measured,prefill-1024.sstrace,16,16,44,16,160,66,2.4242424242424243,1.0,6.75,12,36,14,13,3,0,0,0
Measured,prefill-1024.sstrace,16,17,44,16,160,80,2.0,1.0,5.049999999999997,10,51,17,10,2,0,0,0
Measured,prefill-1024.sstrace,16,18,44,16,160,82,1.951219512195122,1.0,6.0,11,53,19,7,3,0,0,0
Measured,prefill-1024.sstrace,16,19,44,16,160,75,2.1333333333333333,1.0,6.0,11,45,19,8,3,0,0,0
Measured,prefill-1024.sstrace,16,20,44,16,160,79,2.0253164556962027,1.0,5.0,9,47,18,12,2,0,0,0
Measured,prefill-1024.sstrace,16,21,44,16,160,85,1.8823529411764706,1.0,5.0,11,54,22,7,2,0,0,0
Measured,prefill-1024.sstrace,16,22,44,16,160,80,2.0,1.0,6.0,11,52,17,10,1,0,0,0
Measured,prefill-1024.sstrace,16,23,44,16,160,71,2.2535211267605635,1.0,6.5,12,43,13,12,3,0,0,0
Measured,prefill-1024.sstrace,16,24,44,16,160,76,2.1052631578947367,1.0,6.25,11,45,19,11,1,0,0,0
Measured,prefill-1024.sstrace,16,25,44,16,160,77,2.0779220779220777,1.0,5.0,13,40,29,5,3,0,0,0
Measured,prefill-1024.sstrace,16,26,44,16,160,77,2.0779220779220777,1.0,5.200000000000003,12,45,24,5,3,0,0,0
Measured,prefill-1024.sstrace,16,27,44,16,160,89,1.797752808988764,1.0,4.0,10,57,21,9,2,0,0,0
Measured,prefill-1024.sstrace,16,28,44,16,160,76,2.1052631578947367,1.0,5.75,14,42,28,2,4,0,0,0
Measured,prefill-1024.sstrace,16,29,44,16,160,75,2.1333333333333333,1.0,6.299999999999997,11,41,23,9,2,0,0,0
Measured,prefill-1024.sstrace,16,30,44,16,160,78,2.051282051282051,1.0,7.0,10,49,20,6,3,0,0,0
Measured,prefill-1024.sstrace,16,31,44,16,160,77,2.0779220779220777,1.0,6.0,11,47,18,11,1,0,0,0
Measured,prefill-1024.sstrace,16,32,44,16,160,81,1.9753086419753085,1.0,6.0,11,53,18,7,3,0,0,0
Measured,prefill-1024.sstrace,16,33,44,16,160,77,2.0779220779220777,1.0,6.0,9,48,15,11,3,0,0,0
Measured,prefill-1024.sstrace,16,34,44,16,160,81,1.9753086419753085,1.0,5.0,8,47,21,11,2,0,0,0
Measured,prefill-1024.sstrace,16,35,44,16,160,82,1.951219512195122,1.0,5.0,13,50,24,6,2,0,0,0
Measured,prefill-1024.sstrace,16,36,44,16,160,79,2.0253164556962027,1.0,6.0,10,50,18,8,3,0,0,0
Measured,prefill-1024.sstrace,16,37,44,16,160,78,2.051282051282051,1.0,5.299999999999983,13,49,17,10,2,0,0,0
Measured,prefill-1024.sstrace,16,38,44,16,160,74,2.1621621621621623,1.0,6.349999999999994,10,39,22,12,1,0,0,0
Measured,prefill-1024.sstrace,16,39,44,16,160,82,1.951219512195122,1.0,6.0,10,52,19,9,2,0,0,0
Measured,prefill-1024.sstrace,16,40,44,16,160,75,2.1333333333333333,1.0,6.0,11,43,19,12,1,0,0,0
Measured,prefill-1024.sstrace,16,41,44,16,160,80,2.0,1.0,5.0,10,44,26,8,2,0,0,0
Measured,prefill-1024.sstrace,16,42,44,16,160,81,1.9753086419753085,1.0,5.0,14,46,27,7,1,0,0,0
Measured,prefill-1024.sstrace,16,43,44,16,160,77,2.0779220779220777,1.0,6.0,8,45,20,10,2,0,0,0
Measured,prefill-1024.sstrace,16,44,44,16,160,85,1.8823529411764706,1.0,5.0,11,52,24,6,3,0,0,0
Measured,prefill-1024.sstrace,16,45,44,16,160,73,2.191780821917808,1.0,6.3999999999999915,12,40,22,10,1,0,0,0
Measured,prefill-1024.sstrace,16,46,44,16,160,82,1.951219512195122,1.0,4.950000000000003,14,47,25,7,3,0,0,0
Measured,prefill-1024.sstrace,16,47,44,16,160,79,2.0253164556962027,1.0,5.099999999999994,11,49,18,10,2,0,0,0
Measured,prefill-1024.sstrace,16,48,44,16,160,76,2.1052631578947367,1.0,5.0,7,42,20,14,0,0,0,0
Measured,prefill-1024.sstrace,16,49,44,16,160,84,1.9047619047619047,1.0,5.0,13,49,27,6,2,0,0,0
Measured,prefill-1024.sstrace,16,50,44,16,160,77,2.0779220779220777,1.0,6.200000000000003,10,49,15,12,1,0,0,0
Measured,prefill-1024.sstrace,16,51,44,16,160,81,1.9753086419753085,1.0,6.0,12,47,26,7,1,0,0,0
Measured,prefill-1024.sstrace,16,52,44,16,160,77,2.0779220779220777,1.0,6.0,10,46,18,12,1,0,0,0
Measured,prefill-1024.sstrace,16,53,44,16,160,80,2.0,1.0,5.049999999999997,12,49,20,8,3,0,0,0
Measured,prefill-1024.sstrace,16,54,44,16,160,78,2.051282051282051,1.0,6.0,10,45,20,12,1,0,0,0
Measured,prefill-1024.sstrace,16,55,44,16,160,84,1.9047619047619047,1.0,4.0,10,46,27,10,1,0,0,0
Measured,prefill-1024.sstrace,16,56,44,16,160,83,1.927710843373494,1.0,5.0,15,55,20,6,2,0,0,0
Measured,prefill-1024.sstrace,16,57,44,16,160,84,1.9047619047619047,1.0,6.0,12,55,20,8,1,0,0,0
Measured,prefill-1024.sstrace,16,58,44,16,160,77,2.0779220779220777,1.0,6.200000000000003,11,44,22,8,3,0,0,0
Measured,prefill-1024.sstrace,16,59,44,16,160,80,2.0,1.0,6.0,10,49,20,10,1,0,0,0
Measured,prefill-1024.sstrace,16,60,44,16,160,86,1.8604651162790697,1.0,4.0,12,53,27,3,3,0,0,0
Measured,prefill-1024.sstrace,16,61,44,16,160,85,1.8823529411764706,1.0,4.799999999999997,11,54,21,9,1,0,0,0
Measured,prefill-1024.sstrace,16,62,44,16,160,76,2.1052631578947367,1.0,5.25,8,43,20,11,2,0,0,0
Measured,prefill-1024.sstrace,16,63,44,16,160,82,1.951219512195122,1.0,4.0,11,49,23,8,2,0,0,0
Measured,prefill-1024.sstrace,16,0,45,16,160,84,1.9047619047619047,1.0,4.849999999999994,8,47,26,10,1,0,0,0
Measured,prefill-1024.sstrace,16,1,45,16,160,86,1.8604651162790697,1.0,5.0,8,54,20,11,1,0,0,0
Measured,prefill-1024.sstrace,16,2,45,16,160,80,2.0,1.0,6.0,11,45,25,9,1,0,0,0
Measured,prefill-1024.sstrace,16,3,45,16,160,67,2.388059701492537,2.0,7.3999999999999915,9,33,19,11,4,0,0,0
Measured,prefill-1024.sstrace,16,4,45,16,160,72,2.2222222222222223,1.0,7.900000000000006,14,42,20,6,4,0,0,0
Measured,prefill-1024.sstrace,16,5,45,16,160,76,2.1052631578947367,1.0,5.25,9,45,17,11,3,0,0,0
Measured,prefill-1024.sstrace,16,6,45,16,160,75,2.1333333333333333,1.0,6.599999999999994,12,45,21,5,4,0,0,0
Measured,prefill-1024.sstrace,16,7,45,16,160,70,2.2857142857142856,1.0,6.549999999999997,11,37,20,11,2,0,0,0
Measured,prefill-1024.sstrace,16,8,45,16,160,78,2.051282051282051,1.0,7.0,8,48,17,11,2,0,0,0
Measured,prefill-1024.sstrace,16,9,45,16,160,66,2.4242424242424243,1.0,7.75,14,37,17,8,4,0,0,0
Measured,prefill-1024.sstrace,16,10,45,16,160,74,2.1621621621621623,1.0,7.0,9,43,17,12,2,0,0,0
Measured,prefill-1024.sstrace,16,11,45,16,160,75,2.1333333333333333,1.0,5.599999999999994,13,39,27,6,3,0,0,0
Measured,prefill-1024.sstrace,16,12,45,16,160,71,2.2535211267605635,1.0,6.5,11,37,24,8,2,0,0,0
Measured,prefill-1024.sstrace,16,13,45,16,160,67,2.388059701492537,1.0,7.3999999999999915,11,36,17,10,4,0,0,0
Measured,prefill-1024.sstrace,16,14,45,16,160,78,2.051282051282051,1.0,7.0,11,48,18,9,3,0,0,0
Measured,prefill-1024.sstrace,16,15,45,16,160,58,2.7586206896551726,1.5,8.0,9,29,13,12,4,0,0,0
Measured,prefill-1024.sstrace,16,16,45,16,160,74,2.1621621621621623,1.0,6.699999999999989,11,43,21,6,4,0,0,0
Measured,prefill-1024.sstrace,16,17,45,16,160,73,2.191780821917808,1.0,6.0,8,43,17,10,3,0,0,0
Measured,prefill-1024.sstrace,16,18,45,16,160,68,2.3529411764705883,1.5,6.649999999999999,11,34,21,11,2,0,0,0
Measured,prefill-1024.sstrace,16,19,45,16,160,67,2.388059701492537,1.0,7.0,8,36,16,12,3,0,0,0
Measured,prefill-1024.sstrace,16,20,45,16,160,64,2.5,2.0,7.0,9,31,18,12,3,0,0,0
Measured,prefill-1024.sstrace,16,21,45,16,160,75,2.1333333333333333,1.0,6.299999999999997,11,43,20,10,2,0,0,0
Measured,prefill-1024.sstrace,16,22,45,16,160,81,1.9753086419753085,1.0,7.0,9,59,9,10,3,0,0,0
Measured,prefill-1024.sstrace,16,23,45,16,160,69,2.318840579710145,1.0,8.399999999999977,11,39,17,9,4,0,0,0
Measured,prefill-1024.sstrace,16,24,45,16,160,63,2.5396825396825395,1.0,7.899999999999999,11,33,15,11,4,0,0,0
Measured,prefill-1024.sstrace,16,25,45,16,160,72,2.2222222222222223,1.0,7.250000000000014,10,38,23,7,4,0,0,0
Measured,prefill-1024.sstrace,16,26,45,16,160,72,2.2222222222222223,1.0,7.0,10,44,15,11,2,0,0,0
Measured,prefill-1024.sstrace,16,27,45,16,160,70,2.2857142857142856,1.0,6.549999999999997,9,41,15,12,2,0,0,0
Measured,prefill-1024.sstrace,16,28,45,16,160,68,2.3529411764705883,1.0,7.299999999999997,13,37,18,9,4,0,0,0
Measured,prefill-1024.sstrace,16,29,45,16,160,67,2.388059701492537,1.0,7.0,8,36,17,11,3,0,0,0
Measured,prefill-1024.sstrace,16,30,45,16,160,75,2.1333333333333333,1.0,7.299999999999997,11,43,22,6,4,0,0,0
Measured,prefill-1024.sstrace,16,31,45,16,160,69,2.318840579710145,1.0,8.0,8,37,20,7,5,0,0,0
Measured,prefill-1024.sstrace,16,32,45,16,160,70,2.2857142857142856,1.0,8.099999999999994,11,41,17,8,4,0,0,0
Measured,prefill-1024.sstrace,16,33,45,16,160,66,2.4242424242424243,1.5,7.0,11,33,19,12,2,0,0,0
Measured,prefill-1024.sstrace,16,34,45,16,160,69,2.318840579710145,1.0,7.0,10,39,16,12,2,0,0,0
Measured,prefill-1024.sstrace,16,35,45,16,160,65,2.4615384615384617,1.0,6.799999999999997,11,34,17,12,2,0,0,0
Measured,prefill-1024.sstrace,16,36,45,16,160,72,2.2222222222222223,1.0,7.450000000000003,12,42,18,8,4,0,0,0
Measured,prefill-1024.sstrace,16,37,45,16,160,77,2.0779220779220777,1.0,6.200000000000003,10,49,16,9,3,0,0,0
Measured,prefill-1024.sstrace,16,38,45,16,160,60,2.6666666666666665,2.0,8.0,12,29,19,6,6,0,0,0
Measured,prefill-1024.sstrace,16,39,45,16,160,76,2.1052631578947367,1.0,6.25,12,47,18,8,3,0,0,0
Measured,prefill-1024.sstrace,16,40,45,16,160,62,2.5806451612903225,1.0,7.0,12,33,14,14,1,0,0,0
Measured,prefill-1024.sstrace,16,41,45,16,160,70,2.2857142857142856,1.0,6.549999999999997,9,36,21,12,1,0,0,0
Measured,prefill-1024.sstrace,16,42,45,16,160,65,2.4615384615384617,1.0,7.799999999999997,13,33,21,7,4,0,0,0
Measured,prefill-1024.sstrace,16,43,45,16,160,69,2.318840579710145,1.0,7.0,8,38,19,9,3,0,0,0
Measured,prefill-1024.sstrace,16,44,45,16,160,66,2.4242424242424243,2.0,6.0,11,31,22,10,3,0,0,0
Measured,prefill-1024.sstrace,16,45,45,16,160,61,2.622950819672131,1.0,9.0,10,32,15,9,5,0,0,0
Measured,prefill-1024.sstrace,16,46,45,16,160,68,2.3529411764705883,1.0,7.649999999999999,13,38,18,8,4,0,0,0
Measured,prefill-1024.sstrace,16,47,45,16,160,57,2.807017543859649,2.0,7.199999999999996,11,25,16,13,3,0,0,0
Measured,prefill-1024.sstrace,16,48,45,16,160,65,2.4615384615384617,2.0,6.799999999999997,7,31,17,17,0,0,0,0
Measured,prefill-1024.sstrace,16,49,45,16,160,65,2.4615384615384617,1.0,7.799999999999997,12,35,19,7,4,0,0,0
Measured,prefill-1024.sstrace,16,50,45,16,160,65,2.4615384615384617,1.0,8.799999999999997,9,37,16,6,6,0,0,0
Measured,prefill-1024.sstrace,16,51,45,16,160,67,2.388059701492537,1.0,8.0,13,35,22,5,5,0,0,0
Measured,prefill-1024.sstrace,16,52,45,16,160,66,2.4242424242424243,1.0,8.75,11,43,10,8,5,0,0,0
Measured,prefill-1024.sstrace,16,53,45,16,160,70,2.2857142857142856,1.0,8.0,12,40,20,5,5,0,0,0
Measured,prefill-1024.sstrace,16,54,45,16,160,68,2.3529411764705883,1.0,7.0,10,39,14,13,2,0,0,0
Measured,prefill-1024.sstrace,16,55,45,16,160,71,2.2535211267605635,1.0,8.0,10,45,11,10,5,0,0,0
Measured,prefill-1024.sstrace,16,56,45,16,160,61,2.622950819672131,1.0,9.0,14,33,17,7,4,0,0,0
Measured,prefill-1024.sstrace,16,57,45,16,160,65,2.4615384615384617,1.0,8.0,10,36,16,8,5,0,0,0
Measured,prefill-1024.sstrace,16,58,45,16,160,71,2.2535211267605635,1.0,8.0,12,41,17,8,5,0,0,0
Measured,prefill-1024.sstrace,16,59,45,16,160,64,2.5,1.0,8.0,9,36,15,7,6,0,0,0
Measured,prefill-1024.sstrace,16,60,45,16,160,70,2.2857142857142856,1.0,7.549999999999997,11,41,17,8,4,0,0,0
Measured,prefill-1024.sstrace,16,61,45,16,160,72,2.2222222222222223,1.0,8.0,9,44,16,6,6,0,0,0
Measured,prefill-1024.sstrace,16,62,45,16,160,68,2.3529411764705883,1.0,7.0,8,37,15,15,1,0,0,0
Measured,prefill-1024.sstrace,16,63,45,16,160,61,2.622950819672131,1.0,9.0,11,34,15,5,7,0,0,0
Measured,prefill-1024.sstrace,16,0,46,16,160,94,1.702127659574468,1.0,4.0,13,68,17,8,1,0,0,0
Measured,prefill-1024.sstrace,16,1,46,16,160,92,1.7391304347826086,1.0,4.450000000000003,8,62,19,10,1,0,0,0
Measured,prefill-1024.sstrace,16,2,46,16,160,66,2.4242424242424243,1.0,7.0,10,34,17,13,2,0,0,0
Measured,prefill-1024.sstrace,16,3,46,16,160,71,2.2535211267605635,1.0,7.5,11,40,20,7,4,0,0,0
Measured,prefill-1024.sstrace,16,4,46,16,160,62,2.5806451612903225,1.0,10.949999999999996,15,35,19,2,6,0,0,0
Measured,prefill-1024.sstrace,16,5,46,16,160,76,2.1052631578947367,1.0,6.5,11,45,20,7,4,0,0,0
Measured,prefill-1024.sstrace,16,6,46,16,160,65,2.4615384615384617,1.0,10.599999999999994,13,35,22,3,5,0,0,0
Measured,prefill-1024.sstrace,16,7,46,16,160,77,2.0779220779220777,1.0,7.400000000000006,10,44,25,4,4,0,0,0
Measured,prefill-1024.sstrace,16,8,46,16,160,73,2.191780821917808,1.0,8.399999999999991,13,48,14,6,5,0,0,0
Measured,prefill-1024.sstrace,16,9,46,16,160,62,2.5806451612903225,1.0,9.899999999999991,14,35,17,4,6,0,0,0
Measured,prefill-1024.sstrace,16,10,46,16,160,77,2.0779220779220777,1.0,8.0,12,53,13,5,6,0,0,0
Measured,prefill-1024.sstrace,16,11,46,16,160,65,2.4615384615384617,1.0,9.599999999999994,14,39,16,5,5,0,0,0
Measured,prefill-1024.sstrace,16,12,46,16,160,68,2.3529411764705883,1.0,8.0,13,39,17,7,5,0,0,0
Measured,prefill-1024.sstrace,16,13,46,16,160,61,2.622950819672131,2.0,10.0,12,30,20,7,4,0,0,0
Measured,prefill-1024.sstrace,16,14,46,16,160,66,2.4242424242424243,1.0,9.75,12,36,20,4,6,0,0,0
Measured,prefill-1024.sstrace,16,15,46,16,160,62,2.5806451612903225,1.0,8.0,13,37,13,6,6,0,0,0
Measured,prefill-1024.sstrace,16,16,46,16,160,66,2.4242424242424243,1.0,8.75,13,38,15,8,5,0,0,0
Measured,prefill-1024.sstrace,16,17,46,16,160,64,2.5,1.0,7.0,13,38,14,9,3,0,0,0
Measured,prefill-1024.sstrace,16,18,46,16,160,66,2.4242424242424243,1.0,9.5,11,41,14,5,6,0,0,0
Measured,prefill-1024.sstrace,16,19,46,16,160,61,2.622950819672131,2.0,7.0,14,30,17,11,3,0,0,0
Measured,prefill-1024.sstrace,16,20,46,16,160,57,2.807017543859649,1.0,8.199999999999996,13,33,8,10,6,0,0,0
Measured,prefill-1024.sstrace,16,21,46,16,160,66,2.4242424242424243,1.0,8.75,13,38,15,8,5,0,0,0
Measured,prefill-1024.sstrace,16,22,46,16,160,69,2.318840579710145,1.0,7.0,13,42,11,14,2,0,0,0
Measured,prefill-1024.sstrace,16,23,46,16,160,56,2.857142857142857,1.0,10.5,12,34,7,8,7,0,0,0
Measured,prefill-1024.sstrace,16,24,46,16,160,61,2.622950819672131,1.0,7.0,14,34,14,10,3,0,0,0
Measured,prefill-1024.sstrace,16,25,46,16,160,59,2.711864406779661,1.0,10.099999999999994,13,39,6,7,7,0,0,0
Measured,prefill-1024.sstrace,16,26,46,16,160,58,2.7586206896551726,1.0,8.299999999999997,12,30,12,11,5,0,0,0
Measured,prefill-1024.sstrace,16,27,46,16,160,61,2.622950819672131,1.0,8.0,11,37,8,11,5,0,0,0
Measured,prefill-1024.sstrace,16,28,46,16,160,60,2.6666666666666665,1.0,8.049999999999997,12,34,11,9,6,0,0,0
Measured,prefill-1024.sstrace,16,29,46,16,160,62,2.5806451612903225,1.0,8.0,14,36,13,8,5,0,0,0
Measured,prefill-1024.sstrace,16,30,46,16,160,60,2.6666666666666665,1.0,11.0,12,36,10,7,7,0,0,0
Measured,prefill-1024.sstrace,16,31,46,16,160,59,2.711864406779661,2.0,7.099999999999994,13,29,17,10,3,0,0,0
Measured,prefill-1024.sstrace,16,32,46,16,160,55,2.909090909090909,1.0,11.0,13,35,8,5,7,0,0,0
Measured,prefill-1024.sstrace,16,33,46,16,160,62,2.5806451612903225,1.0,8.949999999999996,11,39,9,9,5,0,0,0
Measured,prefill-1024.sstrace,16,34,46,16,160,56,2.857142857142857,1.0,10.0,12,33,5,12,6,0,0,0
Measured,prefill-1024.sstrace,16,35,46,16,160,55,2.909090909090909,1.0,8.899999999999991,15,29,11,11,4,0,0,0
Measured,prefill-1024.sstrace,16,36,46,16,160,62,2.5806451612903225,1.0,8.949999999999996,12,37,10,10,5,0,0,0
Measured,prefill-1024.sstrace,16,37,46,16,160,49,3.2653061224489797,2.0,11.0,11,22,11,11,5,0,0,0
Measured,prefill-1024.sstrace,16,38,46,16,160,54,2.962962962962963,1.5,11.049999999999983,15,27,12,11,4,0,0,0
Measured,prefill-1024.sstrace,16,39,46,16,160,54,2.962962962962963,1.0,10.0,14,31,10,4,9,0,0,0
Measured,prefill-1024.sstrace,16,40,46,16,160,65,2.4615384615384617,1.0,7.0,15,40,12,10,3,0,0,0
Measured,prefill-1024.sstrace,16,41,46,16,160,56,2.857142857142857,1.0,10.5,14,30,12,8,6,0,0,0
Measured,prefill-1024.sstrace,16,42,46,16,160,60,2.6666666666666665,1.0,6.199999999999989,14,34,10,13,3,0,0,0
Measured,prefill-1024.sstrace,16,43,46,16,160,68,2.3529411764705883,1.0,7.0,13,43,12,10,3,0,0,0
Measured,prefill-1024.sstrace,16,44,46,16,160,55,2.909090909090909,1.0,8.599999999999994,12,30,9,9,7,0,0,0
Measured,prefill-1024.sstrace,16,45,46,16,160,55,2.909090909090909,2.0,8.899999999999991,14,26,14,10,5,0,0,0
Measured,prefill-1024.sstrace,16,46,46,16,160,67,2.388059701492537,1.0,8.0,13,43,13,6,5,0,0,0
Measured,prefill-1024.sstrace,16,47,46,16,160,55,2.909090909090909,2.0,10.299999999999997,12,24,18,9,4,0,0,0
Measured,prefill-1024.sstrace,16,48,46,16,160,60,2.6666666666666665,1.0,9.099999999999994,14,32,17,7,4,0,0,0
Measured,prefill-1024.sstrace,16,49,46,16,160,61,2.622950819672131,1.0,10.0,14,35,11,11,4,0,0,0
Measured,prefill-1024.sstrace,16,50,46,16,160,62,2.5806451612903225,1.0,7.949999999999996,13,35,14,9,4,0,0,0
Measured,prefill-1024.sstrace,16,51,46,16,160,57,2.807017543859649,1.0,10.199999999999996,13,34,9,7,7,0,0,0
Measured,prefill-1024.sstrace,16,52,46,16,160,60,2.6666666666666665,1.0,11.049999999999997,13,32,15,8,5,0,0,0
Measured,prefill-1024.sstrace,16,53,46,16,160,58,2.7586206896551726,1.0,10.149999999999999,14,32,14,6,6,0,0,0
Measured,prefill-1024.sstrace,16,54,46,16,160,59,2.711864406779661,1.0,10.099999999999994,13,30,17,7,5,0,0,0
Measured,prefill-1024.sstrace,16,55,46,16,160,66,2.4242424242424243,1.0,8.25,13,39,14,9,4,0,0,0
Measured,prefill-1024.sstrace,16,56,46,16,160,57,2.807017543859649,1.0,11.0,13,31,10,11,5,0,0,0
Measured,prefill-1024.sstrace,16,57,46,16,160,63,2.5396825396825395,1.0,9.599999999999994,12,35,14,10,4,0,0,0
Measured,prefill-1024.sstrace,16,58,46,16,160,60,2.6666666666666665,1.0,11.099999999999994,15,40,7,8,5,0,0,0
Measured,prefill-1024.sstrace,16,59,46,16,160,57,2.807017543859649,2.0,8.799999999999983,14,27,18,8,4,0,0,0
Measured,prefill-1024.sstrace,16,60,46,16,160,55,2.909090909090909,1.0,9.899999999999991,16,31,11,7,5,1,0,0
Measured,prefill-1024.sstrace,16,61,46,16,160,55,2.909090909090909,2.0,10.0,14,25,17,8,5,0,0,0
Measured,prefill-1024.sstrace,16,62,46,16,160,59,2.711864406779661,1.0,9.0,15,30,18,6,5,0,0,0
Measured,prefill-1024.sstrace,16,63,46,16,160,53,3.018867924528302,1.0,10.599999999999994,16,29,10,9,4,1,0,0
Measured,prefill-1024.sstrace,16,0,47,1,10,10,1.0,1.0,1.0,1,10,0,0,0,0,0,0
Measured,prefill-1024.sstrace,32,0,0,32,320,187,1.7112299465240641,1.0,4.0,6,109,65,13,0,0,0,0
Measured,prefill-1024.sstrace,32,1,0,32,320,178,1.797752808988764,1.0,4.0,13,108,54,14,2,0,0,0
Measured,prefill-1024.sstrace,32,2,0,32,320,179,1.7877094972067038,1.0,4.099999999999994,14,109,51,18,1,0,0,0
Measured,prefill-1024.sstrace,32,3,0,32,320,176,1.8181818181818181,1.0,4.0,12,89,77,9,1,0,0,0
Measured,prefill-1024.sstrace,32,4,0,32,320,178,1.797752808988764,1.0,4.0,12,97,67,13,1,0,0,0
Measured,prefill-1024.sstrace,32,5,0,32,320,176,1.8181818181818181,1.0,4.0,12,95,65,15,1,0,0,0
Measured,prefill-1024.sstrace,32,6,0,32,320,176,1.8181818181818181,2.0,4.0,10,85,77,13,1,0,0,0
Measured,prefill-1024.sstrace,32,7,0,32,320,175,1.8285714285714285,1.0,4.0,10,92,66,16,1,0,0,0
Measured,prefill-1024.sstrace,32,8,0,32,320,172,1.8604651162790697,1.0,4.0,12,95,60,16,1,0,0,0
Measured,prefill-1024.sstrace,32,9,0,32,320,172,1.8604651162790697,1.0,4.449999999999989,13,94,59,18,1,0,0,0
Measured,prefill-1024.sstrace,32,10,0,32,320,171,1.871345029239766,2.0,4.0,11,81,77,12,1,0,0,0
Measured,prefill-1024.sstrace,32,11,0,32,320,172,1.8604651162790697,2.0,4.0,12,85,73,13,1,0,0,0
Measured,prefill-1024.sstrace,32,12,0,32,320,175,1.8285714285714285,1.0,4.0,10,92,68,14,1,0,0,0
Measured,prefill-1024.sstrace,32,13,0,32,320,176,1.8181818181818181,2.0,4.0,8,82,81,12,1,0,0,0
Measured,prefill-1024.sstrace,32,14,0,32,320,176,1.8181818181818181,1.0,4.0,8,92,67,16,1,0,0,0
Measured,prefill-1024.sstrace,32,15,0,32,320,174,1.839080459770115,1.0,4.0,12,97,61,15,1,0,0,0
Measured,prefill-1024.sstrace,32,16,0,32,320,176,1.8181818181818181,1.0,4.0,11,97,61,17,1,0,0,0
Measured,prefill-1024.sstrace,32,17,0,32,320,174,1.839080459770115,2.0,4.0,9,83,79,11,1,0,0,0
Measured,prefill-1024.sstrace,32,18,0,32,320,174,1.839080459770115,1.5,4.0,10,87,73,13,1,0,0,0
Measured,prefill-1024.sstrace,32,19,0,32,320,173,1.8497109826589595,1.0,4.0,9,88,70,14,1,0,0,0
Measured,prefill-1024.sstrace,32,20,0,32,320,173,1.8497109826589595,2.0,4.0,8,81,76,15,1,0,0,0
Measured,prefill-1024.sstrace,32,21,0,32,320,173,1.8497109826589595,1.0,4.0,8,88,67,17,1,0,0,0
Measured,prefill-1024.sstrace,32,22,0,32,320,173,1.8497109826589595,1.0,4.0,9,94,63,15,1,0,0,0
Measured,prefill-1024.sstrace,32,23,0,32,320,173,1.8497109826589595,1.0,4.0,10,94,60,18,1,0,0,0
Measured,prefill-1024.sstrace,32,24,0,32,320,173,1.8497109826589595,2.0,4.0,9,83,78,11,1,0,0,0
Measured,prefill-1024.sstrace,32,25,0,32,320,172,1.8604651162790697,2.0,4.0,10,85,73,13,1,0,0,0
Measured,prefill-1024.sstrace,32,26,0,32,320,172,1.8604651162790697,1.0,4.0,8,87,69,15,1,0,0,0
Measured,prefill-1024.sstrace,32,27,0,32,320,172,1.8604651162790697,2.0,4.0,7,80,75,17,0,0,0,0
Measured,prefill-1024.sstrace,32,28,0,32,320,172,1.8604651162790697,1.5,4.0,7,86,68,18,0,0,0,0
Measured,prefill-1024.sstrace,32,29,0,32,320,172,1.8604651162790697,1.0,4.0,9,92,64,15,1,0,0,0
Measured,prefill-1024.sstrace,32,30,0,32,320,172,1.8604651162790697,1.0,4.0,9,91,62,18,1,0,0,0
Measured,prefill-1024.sstrace,32,31,0,32,320,172,1.8604651162790697,2.0,4.0,7,80,81,11,0,0,0,0
Measured,prefill-1024.sstrace,32,0,1,32,320,134,2.388059701492537,2.0,7.0,23,63,46,21,3,1,0,0
Measured,prefill-1024.sstrace,32,1,1,32,320,130,2.4615384615384617,2.0,6.549999999999997,15,60,45,21,4,0,0,0
Measured,prefill-1024.sstrace,32,2,1,32,320,141,2.269503546099291,2.0,6.0,11,65,51,21,4,0,0,0
Measured,prefill-1024.sstrace,32,3,1,32,320,142,2.2535211267605635,2.0,5.949999999999989,13,58,63,18,3,0,0,0
Measured,prefill-1024.sstrace,32,4,1,32,320,143,2.237762237762238,2.0,5.900000000000006,11,63,59,18,3,0,0,0
Measured,prefill-1024.sstrace,32,5,1,32,320,146,2.191780821917808,2.0,6.0,10,66,58,19,3,0,0,0
Measured,prefill-1024.sstrace,32,6,1,32,320,149,2.1476510067114094,2.0,5.0,12,71,55,19,4,0,0,0
Measured,prefill-1024.sstrace,32,7,1,32,320,151,2.119205298013245,1.0,5.0,13,76,53,18,4,0,0,0
Measured,prefill-1024.sstrace,32,8,1,32,320,150,2.1333333333333333,1.5,6.0,9,75,55,18,2,0,0,0
Measured,prefill-1024.sstrace,32,9,1,32,320,148,2.1621621621621623,2.0,6.0,10,69,56,19,4,0,0,0
Measured,prefill-1024.sstrace,32,10,1,32,320,148,2.1621621621621623,2.0,5.0,9,59,70,16,3,0,0,0
Measured,prefill-1024.sstrace,32,11,1,32,320,150,2.1333333333333333,2.0,5.0,9,66,67,14,3,0,0,0
Measured,prefill-1024.sstrace,32,12,1,32,320,148,2.1621621621621623,2.0,6.0,9,64,64,17,3,0,0,0
Measured,prefill-1024.sstrace,32,13,1,32,320,148,2.1621621621621623,2.0,5.0,12,64,63,17,4,0,0,0
Measured,prefill-1024.sstrace,32,14,1,32,320,150,2.1333333333333333,2.0,5.0,12,72,57,17,4,0,0,0
Measured,prefill-1024.sstrace,32,15,1,32,320,150,2.1333333333333333,2.0,5.0,9,70,61,17,2,0,0,0
Measured,prefill-1024.sstrace,32,16,1,32,320,149,2.1476510067114094,2.0,5.599999999999994,10,67,60,20,2,0,0,0
Measured,prefill-1024.sstrace,32,17,1,32,320,152,2.1052631578947367,2.0,4.449999999999989,9,61,74,15,2,0,0,0
Measured,prefill-1024.sstrace,32,18,1,32,320,150,2.1333333333333333,2.0,5.0,9,65,67,17,1,0,0,0
Measured,prefill-1024.sstrace,32,19,1,32,320,153,2.0915032679738563,2.0,5.400000000000006,10,71,60,21,1,0,0,0
Measured,prefill-1024.sstrace,32,20,1,32,320,152,2.1052631578947367,2.0,5.0,13,71,60,17,4,0,0,0
Measured,prefill-1024.sstrace,32,21,1,32,320,153,2.0915032679738563,2.0,5.0,13,76,57,16,4,0,0,0
Measured,prefill-1024.sstrace,32,22,1,32,320,152,2.1052631578947367,2.0,5.0,9,73,60,17,2,0,0,0
Measured,prefill-1024.sstrace,32,23,1,32,320,151,2.119205298013245,2.0,5.5,10,70,59,20,2,0,0,0
Measured,prefill-1024.sstrace,32,24,1,32,320,151,2.119205298013245,2.0,5.0,9,60,74,15,2,0,0,0
Measured,prefill-1024.sstrace,32,25,1,32,320,152,2.1052631578947367,2.0,5.0,9,67,67,17,1,0,0,0
Measured,prefill-1024.sstrace,32,26,1,32,320,154,2.0779220779220777,2.0,6.0,10,73,60,20,1,0,0,0
Measured,prefill-1024.sstrace,32,27,1,32,320,154,2.0779220779220777,2.0,5.0,13,72,60,18,4,0,0,0
Measured,prefill-1024.sstrace,32,28,1,32,320,154,2.0779220779220777,2.0,5.0,13,76,57,17,4,0,0,0
Measured,prefill-1024.sstrace,32,29,1,32,320,155,2.064516129032258,2.0,5.0,9,77,60,16,2,0,0,0
Measured,prefill-1024.sstrace,32,30,1,32,320,155,2.064516129032258,2.0,5.299999999999983,10,75,60,18,2,0,0,0
Measured,prefill-1024.sstrace,32,31,1,32,320,155,2.064516129032258,2.0,5.0,9,65,75,13,2,0,0,0
Measured,prefill-1024.sstrace,32,0,2,32,320,117,2.735042735042735,2.0,9.0,18,57,38,13,7,2,0,0
Measured,prefill-1024.sstrace,32,1,2,32,320,112,2.857142857142857,2.0,9.0,16,52,30,23,5,2,0,0
Measured,prefill-1024.sstrace,32,2,2,32,320,119,2.689075630252101,2.0,8.0,14,57,33,22,7,0,0,0
Measured,prefill-1024.sstrace,32,3,2,32,320,125,2.56,2.0,6.0,15,57,42,21,5,0,0,0
Measured,prefill-1024.sstrace,32,4,2,32,320,127,2.5196850393700787,2.0,7.0,11,59,42,21,5,0,0,0
Measured,prefill-1024.sstrace,32,5,2,32,320,126,2.5396825396825395,1.0,7.75,13,65,35,19,7,0,0,0
Measured,prefill-1024.sstrace,32,6,2,32,320,125,2.56,2.0,7.799999999999997,13,56,45,17,7,0,0,0
Measured,prefill-1024.sstrace,32,7,2,32,320,125,2.56,1.0,8.799999999999997,13,63,37,16,9,0,0,0
Measured,prefill-1024.sstrace,32,8,2,32,320,123,2.6016260162601625,2.0,6.0,12,57,34,26,6,0,0,0
Measured,prefill-1024.sstrace,32,9,2,32,320,123,2.6016260162601625,2.0,7.0,13,60,33,24,6,0,0,0
Measured,prefill-1024.sstrace,32,10,2,32,320,125,2.56,2.0,8.399999999999991,15,52,50,16,7,0,0,0
Measured,prefill-1024.sstrace,32,11,2,32,320,123,2.6016260162601625,2.0,8.0,16,61,38,16,7,1,0,0
Measured,prefill-1024.sstrace,32,12,2,32,320,121,2.644628099173554,1.0,9.0,17,62,34,16,8,1,0,0
Measured,prefill-1024.sstrace,32,13,2,32,320,122,2.622950819672131,2.0,9.0,14,60,39,13,10,0,0,0
Measured,prefill-1024.sstrace,32,14,2,32,320,120,2.6666666666666665,1.0,9.049999999999997,16,62,33,18,6,1,0,0
Measured,prefill-1024.sstrace,32,15,2,32,320,120,2.6666666666666665,1.0,9.049999999999997,19,63,30,19,7,1,0,0
Measured,prefill-1024.sstrace,32,16,2,32,320,118,2.711864406779661,1.0,9.149999999999991,18,63,28,19,6,2,0,0
Measured,prefill-1024.sstrace,32,17,2,32,320,116,2.7586206896551726,2.0,10.0,17,50,41,17,7,1,0,0
Measured,prefill-1024.sstrace,32,18,2,32,320,118,2.711864406779661,1.0,9.299999999999983,19,60,34,17,5,2,0,0
Measured,prefill-1024.sstrace,32,19,2,32,320,117,2.735042735042735,1.0,10.0,19,63,30,13,9,2,0,0
Measured,prefill-1024.sstrace,32,20,2,32,320,116,2.7586206896551726,2.0,9.25,16,57,33,16,9,1,0,0
Measured,prefill-1024.sstrace,32,21,2,32,320,117,2.735042735042735,1.0,10.0,17,64,28,17,6,2,0,0
Measured,prefill-1024.sstrace,32,22,2,32,320,115,2.782608695652174,1.0,9.299999999999997,20,60,29,17,8,1,0,0
Measured,prefill-1024.sstrace,32,23,2,32,320,120,2.6666666666666665,1.0,9.049999999999997,19,68,26,16,8,2,0,0
Measured,prefill-1024.sstrace,32,24,2,32,320,119,2.689075630252101,2.0,8.099999999999994,18,56,38,16,7,2,0,0
Measured,prefill-1024.sstrace,32,25,2,32,320,120,2.6666666666666665,1.0,8.049999999999997,19,62,35,14,7,2,0,0
Measured,prefill-1024.sstrace,32,26,2,32,320,117,2.735042735042735,1.0,9.199999999999989,19,64,27,16,8,2,0,0
Measured,prefill-1024.sstrace,32,27,2,32,320,118,2.711864406779661,1.5,9.0,16,59,33,17,8,1,0,0
Measured,prefill-1024.sstrace,32,28,2,32,320,119,2.689075630252101,1.0,10.0,17,64,31,15,7,2,0,0
Measured,prefill-1024.sstrace,32,29,2,32,320,119,2.689075630252101,1.0,9.0,20,62,32,15,9,1,0,0
Measured,prefill-1024.sstrace,32,30,2,32,320,120,2.6666666666666665,1.0,10.0,19,68,28,13,9,2,0,0
Measured,prefill-1024.sstrace,32,31,2,32,320,119,2.689075630252101,2.0,9.0,18,55,41,13,8,2,0,0
Measured,prefill-1024.sstrace,32,0,3,32,320,88,3.6363636363636362,2.0,12.649999999999991,18,40,19,17,10,2,0,0
Measured,prefill-1024.sstrace,32,1,3,32,320,87,3.67816091954023,3.0,11.0,14,33,25,12,17,0,0,0
Measured,prefill-1024.sstrace,32,2,3,32,320,107,2.9906542056074765,2.0,8.699999999999989,13,36,37,26,8,0,0,0
Measured,prefill-1024.sstrace,32,3,3,32,320,113,2.831858407079646,2.0,7.3999999999999915,10,41,38,28,6,0,0,0
Measured,prefill-1024.sstrace,32,4,3,32,320,117,2.735042735042735,2.0,8.0,11,47,43,18,9,0,0,0
Measured,prefill-1024.sstrace,32,5,3,32,320,113,2.831858407079646,2.0,9.0,15,45,46,10,12,0,0,0
Measured,prefill-1024.sstrace,32,6,3,32,320,111,2.8828828828828827,2.0,10.0,14,43,43,16,9,0,0,0
Measured,prefill-1024.sstrace,32,7,3,32,320,114,2.807017543859649,1.0,10.349999999999994,15,60,28,14,12,0,0,0
Measured,prefill-1024.sstrace,32,8,3,32,320,117,2.735042735042735,2.0,9.0,15,49,45,13,10,0,0,0
Measured,prefill-1024.sstrace,32,9,3,32,320,114,2.807017543859649,2.0,10.349999999999994,17,54,39,10,10,1,0,0
Measured,prefill-1024.sstrace,32,10,3,32,320,120,2.6666666666666665,2.0,8.049999999999997,16,58,37,14,10,1,0,0
Measured,prefill-1024.sstrace,32,11,3,32,320,125,2.56,2.0,8.0,15,61,39,16,9,0,0,0
Measured,prefill-1024.sstrace,32,12,3,32,320,124,2.5806451612903225,2.0,8.0,14,54,45,17,8,0,0,0
Measured,prefill-1024.sstrace,32,13,3,32,320,123,2.6016260162601625,2.0,7.0,11,52,45,20,6,0,0,0
Measured,prefill-1024.sstrace,32,14,3,32,320,123,2.6016260162601625,1.0,9.0,12,62,32,21,8,0,0,0
Measured,prefill-1024.sstrace,32,15,3,32,320,128,2.5,2.0,8.0,11,53,51,16,8,0,0,0
Measured,prefill-1024.sstrace,32,16,3,32,320,130,2.4615384615384617,1.0,8.549999999999997,13,66,42,12,10,0,0,0
Measured,prefill-1024.sstrace,32,17,3,32,320,134,2.388059701492537,2.0,8.0,13,65,44,17,8,0,0,0
Measured,prefill-1024.sstrace,32,18,3,32,320,136,2.3529411764705883,2.0,7.0,11,65,49,16,6,0,0,0
Measured,prefill-1024.sstrace,32,19,3,32,320,137,2.335766423357664,2.0,7.0,11,62,51,18,6,0,0,0
Measured,prefill-1024.sstrace,32,20,3,32,320,139,2.302158273381295,2.0,6.099999999999994,11,68,45,22,4,0,0,0
Measured,prefill-1024.sstrace,32,21,3,32,320,139,2.302158273381295,1.0,7.0,11,74,38,22,5,0,0,0
Measured,prefill-1024.sstrace,32,22,3,32,320,144,2.2222222222222223,2.0,6.0,9,66,54,20,4,0,0,0
Measured,prefill-1024.sstrace,32,23,3,32,320,143,2.237762237762238,1.0,7.0,11,73,48,16,6,0,0,0
Measured,prefill-1024.sstrace,32,24,3,32,320,145,2.206896551724138,2.0,6.0,9,70,49,22,4,0,0,0
Measured,prefill-1024.sstrace,32,25,3,32,320,145,2.206896551724138,2.0,6.0,10,72,50,19,4,0,0,0
Measured,prefill-1024.sstrace,32,26,3,32,320,145,2.206896551724138,2.0,6.0,9,68,53,21,3,0,0,0
Measured,prefill-1024.sstrace,32,27,3,32,320,149,2.1476510067114094,2.0,5.0,11,71,55,21,2,0,0,0
Measured,prefill-1024.sstrace,32,28,3,32,320,144,2.2222222222222223,1.0,6.0,11,76,41,25,2,0,0,0
Measured,prefill-1024.sstrace,32,29,3,32,320,149,2.1476510067114094,2.0,5.0,9,67,58,22,2,0,0,0
Measured,prefill-1024.sstrace,32,30,3,32,320,148,2.1621621621621623,1.0,6.650000000000006,10,76,51,16,5,0,0,0
Measured,prefill-1024.sstrace,32,31,3,32,320,148,2.1621621621621623,2.0,5.650000000000006,8,68,55,23,2,0,0,0
Measured,prefill-1024.sstrace,32,0,4,32,320,95,3.3684210526315788,2.0,10.0,22,43,26,16,7,3,0,0
Measured,prefill-1024.sstrace,32,1,4,32,320,97,3.2989690721649483,2.0,11.0,14,38,29,18,12,0,0,0
Measured,prefill-1024.sstrace,32,2,4,32,320,112,2.857142857142857,2.0,10.0,13,44,42,17,9,0,0,0
Measured,prefill-1024.sstrace,32,3,4,32,320,120,2.6666666666666665,2.0,7.049999999999997,14,50,42,22,6,0,0,0
Measured,prefill-1024.sstrace,32,4,4,32,320,119,2.689075630252101,1.0,8.099999999999994,13,60,29,21,9,0,0,0
Measured,prefill-1024.sstrace,32,5,4,32,320,115,2.782608695652174,2.0,10.0,15,49,45,10,11,0,0,0
Measured,prefill-1024.sstrace,32,6,4,32,320,118,2.711864406779661,2.0,11.0,13,55,43,6,14,0,0,0
Measured,prefill-1024.sstrace,32,7,4,32,320,118,2.711864406779661,1.0,11.0,13,64,31,10,13,0,0,0
Measured,prefill-1024.sstrace,32,8,4,32,320,119,2.689075630252101,2.0,10.0,13,49,48,13,9,0,0,0
Measured,prefill-1024.sstrace,32,9,4,32,320,118,2.711864406779661,1.0,12.0,16,64,33,12,8,1,0,0
Measured,prefill-1024.sstrace,32,10,4,32,320,125,2.56,2.0,9.799999999999997,15,61,42,12,10,0,0,0
Measured,prefill-1024.sstrace,32,11,4,32,320,124,2.5806451612903225,1.0,9.849999999999994,16,65,36,13,9,1,0,0
Measured,prefill-1024.sstrace,32,12,4,32,320,126,2.5396825396825395,2.0,8.0,16,59,43,14,9,1,0,0
Measured,prefill-1024.sstrace,32,13,4,32,320,125,2.56,2.0,8.0,13,59,41,15,10,0,0,0
Measured,prefill-1024.sstrace,32,14,4,32,320,125,2.56,1.0,8.0,12,67,30,19,9,0,0,0
Measured,prefill-1024.sstrace,32,15,4,32,320,122,2.622950819672131,2.0,7.949999999999989,14,47,49,19,7,0,0,0
Measured,prefill-1024.sstrace,32,16,4,32,320,125,2.56,1.0,8.799999999999997,15,64,36,16,9,0,0,0
Measured,prefill-1024.sstrace,32,17,4,32,320,126,2.5396825396825395,2.0,7.75,14,56,45,18,7,0,0,0
Measured,prefill-1024.sstrace,32,18,4,32,320,127,2.5196850393700787,1.0,8.0,13,64,38,17,8,0,0,0
Measured,prefill-1024.sstrace,32,19,4,32,320,127,2.5196850393700787,2.0,7.699999999999989,13,59,43,18,7,0,0,0
Measured,prefill-1024.sstrace,32,20,4,32,320,126,2.5396825396825395,2.0,7.75,10,59,41,19,7,0,0,0
Measured,prefill-1024.sstrace,32,21,4,32,320,123,2.6016260162601625,1.0,8.0,10,62,31,22,8,0,0,0
Measured,prefill-1024.sstrace,32,22,4,32,320,122,2.622950819672131,2.0,6.949999999999989,12,50,46,20,6,0,0,0
Measured,prefill-1024.sstrace,32,23,4,32,320,122,2.622950819672131,1.5,7.0,12,61,33,22,6,0,0,0
Measured,prefill-1024.sstrace,32,24,4,32,320,123,2.6016260162601625,2.0,7.0,11,55,38,24,6,0,0,0
Measured,prefill-1024.sstrace,32,25,4,32,320,127,2.5196850393700787,1.0,7.0,12,66,34,21,6,0,0,0
Measured,prefill-1024.sstrace,32,26,4,32,320,125,2.56,2.0,7.799999999999997,11,57,40,21,7,0,0,0
Measured,prefill-1024.sstrace,32,27,4,32,320,130,2.4615384615384617,1.0,7.0,10,66,34,25,5,0,0,0
Measured,prefill-1024.sstrace,32,28,4,32,320,128,2.5,1.0,7.0,10,67,31,25,5,0,0,0
Measured,prefill-1024.sstrace,32,29,4,32,320,128,2.5,2.0,7.0,11,55,44,25,4,0,0,0
Measured,prefill-1024.sstrace,32,30,4,32,320,129,2.4806201550387597,1.0,7.599999999999994,12,67,34,21,7,0,0,0
Measured,prefill-1024.sstrace,32,31,4,32,320,128,2.5,2.0,7.0,10,58,40,25,5,0,0,0
Measured,prefill-1024.sstrace,32,0,5,32,320,117,2.735042735042735,2.0,7.0,15,52,36,24,5,0,0,0
Measured,prefill-1024.sstrace,32,1,5,32,320,112,2.857142857142857,2.0,7.449999999999989,14,46,36,24,6,0,0,0
Measured,prefill-1024.sstrace,32,2,5,32,320,121,2.644628099173554,2.0,7.0,11,50,41,25,5,0,0,0
Measured,prefill-1024.sstrace,32,3,5,32,320,121,2.644628099173554,2.0,6.0,13,41,49,28,3,0,0,0
Measured,prefill-1024.sstrace,32,4,5,32,320,121,2.644628099173554,2.0,7.0,11,46,48,22,5,0,0,0
Measured,prefill-1024.sstrace,32,5,5,32,320,118,2.711864406779661,2.0,9.0,12,51,43,13,11,0,0,0
Measured,prefill-1024.sstrace,32,6,5,32,320,115,2.782608695652174,2.0,9.0,13,55,36,11,13,0,0,0
Measured,prefill-1024.sstrace,32,7,5,32,320,117,2.735042735042735,2.0,10.0,12,58,36,11,12,0,0,0
Measured,prefill-1024.sstrace,32,8,5,32,320,114,2.807017543859649,2.0,9.349999999999994,12,42,48,14,10,0,0,0
Measured,prefill-1024.sstrace,32,9,5,32,320,117,2.735042735042735,2.0,11.0,13,58,37,12,10,0,0,0
Measured,prefill-1024.sstrace,32,10,5,32,320,121,2.644628099173554,2.0,10.0,12,58,40,14,9,0,0,0
Measured,prefill-1024.sstrace,32,11,5,32,320,125,2.56,1.0,8.799999999999997,13,66,33,17,9,0,0,0
Measured,prefill-1024.sstrace,32,12,5,32,320,124,2.5806451612903225,2.0,8.0,12,59,38,17,10,0,0,0
Measured,prefill-1024.sstrace,32,13,5,32,320,124,2.5806451612903225,1.0,8.849999999999994,14,67,33,15,9,0,0,0
Measured,prefill-1024.sstrace,32,14,5,32,320,122,2.622950819672131,1.0,8.949999999999989,13,62,36,16,8,0,0,0
Measured,prefill-1024.sstrace,32,15,5,32,320,122,2.622950819672131,2.0,8.0,13,53,42,19,8,0,0,0
Measured,prefill-1024.sstrace,32,16,5,32,320,120,2.6666666666666665,2.0,10.0,14,57,38,16,9,0,0,0
Measured,prefill-1024.sstrace,32,17,5,32,320,120,2.6666666666666665,2.0,8.0,11,53,41,19,7,0,0,0
Measured,prefill-1024.sstrace,32,18,5,32,320,120,2.6666666666666665,2.0,8.0,11,57,35,19,9,0,0,0
Measured,prefill-1024.sstrace,32,19,5,32,320,121,2.644628099173554,2.0,8.0,10,58,35,16,12,0,0,0
Measured,prefill-1024.sstrace,32,20,5,32,320,122,2.622950819672131,1.0,7.949999999999989,11,63,31,21,7,0,0,0
Measured,prefill-1024.sstrace,32,21,5,32,320,121,2.644628099173554,2.0,8.0,11,60,32,21,8,0,0,0
Measured,prefill-1024.sstrace,32,22,5,32,320,118,2.711864406779661,2.0,8.0,12,57,32,18,11,0,0,0
Measured,prefill-1024.sstrace,32,23,5,32,320,119,2.689075630252101,1.0,10.0,13,63,28,18,10,0,0,0
Measured,prefill-1024.sstrace,32,24,5,32,320,122,2.622950819672131,2.0,8.0,12,59,37,17,9,0,0,0
Measured,prefill-1024.sstrace,32,25,5,32,320,122,2.622950819672131,1.5,8.0,11,61,36,17,8,0,0,0
Measured,prefill-1024.sstrace,32,26,5,32,320,123,2.6016260162601625,2.0,8.0,11,60,37,16,10,0,0,0
Measured,prefill-1024.sstrace,32,27,5,32,320,126,2.5396825396825395,1.0,8.75,11,67,34,15,10,0,0,0
Measured,prefill-1024.sstrace,32,28,5,32,320,125,2.56,1.0,9.0,11,67,27,21,10,0,0,0
Measured,prefill-1024.sstrace,32,29,5,32,320,123,2.6016260162601625,2.0,7.8999999999999915,12,59,34,23,7,0,0,0
Measured,prefill-1024.sstrace,32,30,5,32,320,124,2.5806451612903225,1.0,8.0,13,68,28,18,10,0,0,0
Measured,prefill-1024.sstrace,32,31,5,32,320,128,2.5,2.0,8.0,12,58,43,19,8,0,0,0
Measured,prefill-1024.sstrace,32,0,6,32,320,131,2.4427480916030535,2.0,6.5,9,56,46,25,4,0,0,0
Measured,prefill-1024.sstrace,32,1,6,32,320,130,2.4615384615384617,2.0,6.549999999999997,10,55,48,21,6,0,0,0
Measured,prefill-1024.sstrace,32,2,6,32,320,142,2.2535211267605635,2.0,6.0,9,64,55,19,4,0,0,0
Measured,prefill-1024.sstrace,32,3,6,32,320,150,2.1333333333333333,2.0,5.0,12,68,60,21,1,0,0,0
Measured,prefill-1024.sstrace,32,4,6,32,320,141,2.269503546099291,2.0,6.0,13,68,49,20,4,0,0,0
Measured,prefill-1024.sstrace,32,5,6,32,320,136,2.3529411764705883,2.0,6.25,11,65,44,22,5,0,0,0
Measured,prefill-1024.sstrace,32,6,6,32,320,133,2.406015037593985,1.0,8.0,13,72,35,18,8,0,0,0
Measured,prefill-1024.sstrace,32,7,6,32,320,130,2.4615384615384617,2.0,8.549999999999997,11,64,44,13,9,0,0,0
Measured,prefill-1024.sstrace,32,8,6,32,320,129,2.4806201550387597,2.0,9.0,11,55,50,15,9,0,0,0
Measured,prefill-1024.sstrace,32,9,6,32,320,129,2.4806201550387597,1.0,10.399999999999977,13,67,40,12,10,0,0,0
Measured,prefill-1024.sstrace,32,10,6,32,320,130,2.4615384615384617,1.0,9.549999999999997,13,67,39,15,9,0,0,0
Measured,prefill-1024.sstrace,32,11,6,32,320,129,2.4806201550387597,1.0,9.599999999999994,15,67,38,15,9,0,0,0
Measured,prefill-1024.sstrace,32,12,6,32,320,130,2.4615384615384617,2.0,8.549999999999997,13,62,45,15,8,0,0,0
Measured,prefill-1024.sstrace,32,13,6,32,320,128,2.5,2.0,8.649999999999991,13,61,44,15,8,0,0,0
Measured,prefill-1024.sstrace,32,14,6,32,320,125,2.56,2.0,8.599999999999994,13,56,46,16,7,0,0,0
Measured,prefill-1024.sstrace,32,15,6,32,320,120,2.6666666666666665,2.0,7.1499999999999915,13,49,44,21,6,0,0,0
Measured,prefill-1024.sstrace,32,16,6,32,320,123,2.6016260162601625,2.0,9.699999999999974,15,54,44,18,7,0,0,0
Measured,prefill-1024.sstrace,32,17,6,32,320,125,2.56,2.0,8.0,14,52,51,13,9,0,0,0
Measured,prefill-1024.sstrace,32,18,6,32,320,125,2.56,2.0,7.799999999999997,15,54,49,15,7,0,0,0
Measured,prefill-1024.sstrace,32,19,6,32,320,128,2.5,2.0,7.6499999999999915,13,53,53,15,7,0,0,0
Measured,prefill-1024.sstrace,32,20,6,32,320,125,2.56,2.0,8.0,13,54,48,14,9,0,0,0
Measured,prefill-1024.sstrace,32,21,6,32,320,125,2.56,2.0,7.0,13,50,55,14,6,0,0,0
Measured,prefill-1024.sstrace,32,22,6,32,320,124,2.5806451612903225,2.0,7.849999999999994,14,49,51,17,7,0,0,0
Measured,prefill-1024.sstrace,32,23,6,32,320,128,2.5,2.0,6.6499999999999915,16,61,43,18,5,1,0,0
Measured,prefill-1024.sstrace,32,24,6,32,320,126,2.5396825396825395,2.0,8.0,15,54,47,17,8,0,0,0
Measured,prefill-1024.sstrace,32,25,6,32,320,128,2.5,2.0,6.6499999999999915,16,53,52,17,5,1,0,0
Measured,prefill-1024.sstrace,32,26,6,32,320,130,2.4615384615384617,2.0,7.0,13,56,50,18,6,0,0,0
Measured,prefill-1024.sstrace,32,27,6,32,320,130,2.4615384615384617,2.0,7.549999999999997,12,59,47,17,7,0,0,0
Measured,prefill-1024.sstrace,32,28,6,32,320,129,2.4806201550387597,2.0,7.0,12,56,51,17,5,0,0,0
Measured,prefill-1024.sstrace,32,29,6,32,320,127,2.5196850393700787,2.0,7.0,13,52,50,19,6,0,0,0
Measured,prefill-1024.sstrace,32,30,6,32,320,130,2.4615384615384617,2.0,6.549999999999997,14,54,53,18,5,0,0,0
Measured,prefill-1024.sstrace,32,31,6,32,320,130,2.4615384615384617,2.0,6.0,12,55,50,19,6,0,0,0
Measured,prefill-1024.sstrace,32,0,7,32,320,129,2.4806201550387597,2.0,8.0,17,62,45,13,7,2,0,0
Measured,prefill-1024.sstrace,32,1,7,32,320,129,2.4806201550387597,2.0,8.0,11,61,46,14,8,0,0,0
Measured,prefill-1024.sstrace,32,2,7,32,320,139,2.302158273381295,2.0,6.0,11,62,53,20,4,0,0,0
Measured,prefill-1024.sstrace,32,3,7,32,320,131,2.4427480916030535,2.0,6.0,9,52,50,27,2,0,0,0
Measured,prefill-1024.sstrace,32,4,7,32,320,121,2.644628099173554,2.0,9.0,13,54,40,20,7,0,0,0
Measured,prefill-1024.sstrace,32,5,7,32,320,115,2.782608695652174,2.0,11.0,14,57,34,14,10,0,0,0
Measured,prefill-1024.sstrace,32,6,7,32,320,108,2.962962962962963,1.0,10.0,15,58,23,13,14,0,0,0
Measured,prefill-1024.sstrace,32,7,7,32,320,106,3.018867924528302,1.0,11.0,17,58,23,13,11,1,0,0
Measured,prefill-1024.sstrace,32,8,7,32,320,107,2.9906542056074765,2.0,12.0,18,50,33,15,8,1,0,0
Measured,prefill-1024.sstrace,32,9,7,32,320,104,3.076923076923077,1.5,14.0,18,52,27,16,8,1,0,0
Measured,prefill-1024.sstrace,32,10,7,32,320,106,3.018867924528302,1.0,12.75,20,56,26,15,6,3,0,0
Measured,prefill-1024.sstrace,32,11,7,32,320,105,3.0476190476190474,1.0,13.199999999999989,20,58,23,14,6,4,0,0
Measured,prefill-1024.sstrace,32,12,7,32,320,110,2.909090909090909,2.0,10.549999999999997,18,54,31,17,7,1,0,0
Measured,prefill-1024.sstrace,32,13,7,32,320,109,2.9357798165137616,1.0,10.599999999999994,16,58,25,14,11,1,0,0
Measured,prefill-1024.sstrace,32,14,7,32,320,108,2.962962962962963,1.0,9.649999999999991,18,56,25,14,12,1,0,0
Measured,prefill-1024.sstrace,32,15,7,32,320,107,2.9906542056074765,2.0,9.699999999999989,20,47,35,16,8,1,0,0
Measured,prefill-1024.sstrace,32,16,7,32,320,107,2.9906542056074765,2.0,11.399999999999977,20,52,31,14,8,2,0,0
Measured,prefill-1024.sstrace,32,17,7,32,320,104,3.076923076923077,2.0,11.699999999999989,21,44,34,17,7,2,0,0
Measured,prefill-1024.sstrace,32,18,7,32,320,106,3.018867924528302,1.0,11.75,21,54,27,17,6,2,0,0
Measured,prefill-1024.sstrace,32,19,7,32,320,107,2.9906542056074765,2.0,10.0,19,45,38,13,10,1,0,0
Measured,prefill-1024.sstrace,32,20,7,32,320,111,2.8828828828828827,2.0,10.5,16,55,34,9,12,1,0,0
Measured,prefill-1024.sstrace,32,21,7,32,320,117,2.735042735042735,1.0,9.199999999999989,14,59,34,14,10,0,0,0
Measured,prefill-1024.sstrace,32,22,7,32,320,118,2.711864406779661,1.0,7.299999999999983,17,60,34,18,5,1,0,0
Measured,prefill-1024.sstrace,32,23,7,32,320,121,2.644628099173554,1.0,8.0,16,61,37,16,6,1,0,0
Measured,prefill-1024.sstrace,32,24,7,32,320,123,2.6016260162601625,2.0,8.0,15,60,40,15,8,0,0,0
Measured,prefill-1024.sstrace,32,25,7,32,320,122,2.622950819672131,1.0,7.0,17,66,31,19,5,1,0,0
Measured,prefill-1024.sstrace,32,26,7,32,320,120,2.6666666666666665,1.5,9.0,14,60,33,18,9,0,0,0
Measured,prefill-1024.sstrace,32,27,7,32,320,125,2.56,1.0,9.799999999999997,13,69,32,13,11,0,0,0
Measured,prefill-1024.sstrace,32,28,7,32,320,126,2.5396825396825395,1.0,8.75,13,64,39,15,8,0,0,0
Measured,prefill-1024.sstrace,32,29,7,32,320,126,2.5396825396825395,2.0,7.75,16,61,41,17,6,1,0,0
Measured,prefill-1024.sstrace,32,30,7,32,320,124,2.5806451612903225,2.0,8.0,15,59,39,18,8,0,0,0
Measured,prefill-1024.sstrace,32,31,7,32,320,131,2.4427480916030535,2.0,7.0,13,55,50,21,5,0,0,0
Measured,prefill-1024.sstrace,32,0,8,32,320,92,3.4782608695652173,2.0,10.450000000000003,21,31,32,19,9,1,0,0
Measured,prefill-1024.sstrace,32,1,8,32,320,85,3.764705882352941,2.0,11.599999999999994,18,23,33,18,10,1,0,0
Measured,prefill-1024.sstrace,32,2,8,32,320,103,3.1067961165048543,2.0,9.0,14,32,43,20,8,0,0,0
Measured,prefill-1024.sstrace,32,3,8,32,320,105,3.0476190476190474,2.0,7.0,12,38,32,30,5,0,0,0
Measured,prefill-1024.sstrace,32,4,8,32,320,108,2.962962962962963,2.0,9.649999999999991,12,45,32,21,10,0,0,0
Measured,prefill-1024.sstrace,32,5,8,32,320,109,2.9357798165137616,2.0,9.0,14,45,36,18,10,0,0,0
Measured,prefill-1024.sstrace,32,6,8,32,320,105,3.0476190476190474,2.0,8.799999999999997,16,39,37,19,9,1,0,0
Measured,prefill-1024.sstrace,32,7,8,32,320,103,3.1067961165048543,2.0,9.0,15,41,35,14,13,0,0,0
Measured,prefill-1024.sstrace,32,8,8,32,320,100,3.2,2.0,10.099999999999994,16,40,31,18,10,1,0,0
Measured,prefill-1024.sstrace,32,9,8,32,320,93,3.4408602150537635,2.0,13.0,16,39,24,20,9,1,0,0
Measured,prefill-1024.sstrace,32,10,8,32,320,93,3.4408602150537635,2.0,13.399999999999991,15,39,28,15,11,0,0,0
Measured,prefill-1024.sstrace,32,11,8,32,320,89,3.595505617977528,2.0,13.599999999999994,16,33,30,16,8,2,0,0
Measured,prefill-1024.sstrace,32,12,8,32,320,89,3.595505617977528,2.0,12.0,15,31,26,24,8,0,0,0
Measured,prefill-1024.sstrace,32,13,8,32,320,89,3.595505617977528,2.0,11.0,16,27,26,28,7,1,0,0
Measured,prefill-1024.sstrace,32,14,8,32,320,85,3.764705882352941,3.0,11.0,16,23,30,22,9,1,0,0
Measured,prefill-1024.sstrace,32,15,8,32,320,83,3.855421686746988,3.0,11.899999999999991,18,23,32,16,10,2,0,0
Measured,prefill-1024.sstrace,32,16,8,32,320,84,3.8095238095238093,2.5,12.849999999999994,18,21,37,15,10,1,0,0
Measured,prefill-1024.sstrace,32,17,8,32,320,88,3.6363636363636362,3.0,11.0,16,25,34,18,9,2,0,0
Measured,prefill-1024.sstrace,32,18,8,32,320,89,3.595505617977528,2.0,11.0,19,27,37,14,9,2,0,0
Measured,prefill-1024.sstrace,32,19,8,32,320,91,3.5164835164835164,3.0,9.0,18,27,33,21,9,1,0,0
Measured,prefill-1024.sstrace,32,20,8,32,320,94,3.404255319148936,2.0,9.349999999999994,16,32,33,20,8,1,0,0
Measured,prefill-1024.sstrace,32,21,8,32,320,94,3.404255319148936,2.0,9.349999999999994,14,30,33,21,10,0,0,0
Measured,prefill-1024.sstrace,32,22,8,32,320,98,3.2653061224489797,2.0,10.149999999999991,18,38,32,19,8,1,0,0
Measured,prefill-1024.sstrace,32,23,8,32,320,95,3.3684210526315788,2.0,10.0,18,29,35,23,7,1,0,0
Measured,prefill-1024.sstrace,32,24,8,32,320,99,3.2323232323232323,2.0,8.099999999999994,16,34,35,21,8,1,0,0
Measured,prefill-1024.sstrace,32,25,8,32,320,104,3.076923076923077,2.0,8.0,17,42,32,21,7,2,0,0
Measured,prefill-1024.sstrace,32,26,8,32,320,102,3.1372549019607843,2.0,8.0,14,37,34,23,8,0,0,0
Measured,prefill-1024.sstrace,32,27,8,32,320,105,3.0476190476190474,2.0,8.0,13,40,31,26,8,0,0,0
Measured,prefill-1024.sstrace,32,28,8,32,320,107,2.9906542056074765,2.0,8.699999999999989,13,43,29,28,7,0,0,0
Measured,prefill-1024.sstrace,32,29,8,32,320,108,2.962962962962963,2.0,8.0,14,43,34,23,8,0,0,0
Measured,prefill-1024.sstrace,32,30,8,32,320,110,2.909090909090909,2.0,8.549999999999997,13,41,39,22,8,0,0,0
Measured,prefill-1024.sstrace,32,31,8,32,320,112,2.857142857142857,2.0,8.0,13,40,44,19,9,0,0,0
Measured,prefill-1024.sstrace,32,0,9,32,320,91,3.5164835164835164,2.0,12.0,19,41,20,21,6,3,0,0
Measured,prefill-1024.sstrace,32,1,9,32,320,78,4.102564102564102,2.0,10.449999999999974,16,27,17,22,11,1,0,0
Measured,prefill-1024.sstrace,32,2,9,32,320,93,3.4408602150537635,3.0,10.0,16,31,28,27,6,1,0,0
Measured,prefill-1024.sstrace,32,3,9,32,320,96,3.3333333333333335,2.0,7.25,16,38,22,31,4,1,0,0
Measured,prefill-1024.sstrace,32,4,9,32,320,101,3.1683168316831685,2.0,10.0,13,46,25,20,10,0,0,0
Measured,prefill-1024.sstrace,32,5,9,32,320,89,3.595505617977528,3.0,10.599999999999994,13,29,28,21,11,0,0,0
Measured,prefill-1024.sstrace,32,6,9,32,320,93,3.4408602150537635,2.0,11.399999999999991,16,38,25,18,11,1,0,0
Measured,prefill-1024.sstrace,32,7,9,32,320,91,3.5164835164835164,2.0,11.5,14,39,20,20,12,0,0,0
Measured,prefill-1024.sstrace,32,8,9,32,320,97,3.2989690721649483,2.0,11.0,19,41,28,15,12,1,0,0
Measured,prefill-1024.sstrace,32,9,9,32,320,92,3.4782608695652173,2.0,13.0,17,38,28,13,12,1,0,0
Measured,prefill-1024.sstrace,32,10,9,32,320,94,3.404255319148936,2.0,13.349999999999994,17,42,26,12,11,3,0,0
Measured,prefill-1024.sstrace,32,11,9,32,320,98,3.2653061224489797,1.0,13.0,20,51,22,14,7,4,0,0
Measured,prefill-1024.sstrace,32,12,9,32,320,103,3.1067961165048543,2.0,11.0,18,48,25,20,7,3,0,0
Measured,prefill-1024.sstrace,32,13,9,32,320,102,3.1372549019607843,2.0,10.0,16,43,32,15,11,1,0,0
Measured,prefill-1024.sstrace,32,14,9,32,320,103,3.1067961165048543,2.0,9.899999999999991,16,42,35,14,10,2,0,0
Measured,prefill-1024.sstrace,32,15,9,32,320,105,3.0476190476190474,2.0,9.799999999999997,19,49,28,19,7,2,0,0
Measured,prefill-1024.sstrace,32,16,9,32,320,113,2.831858407079646,2.0,9.0,18,51,40,14,5,3,0,0
Measured,prefill-1024.sstrace,32,17,9,32,320,113,2.831858407079646,2.0,9.0,17,52,36,15,8,2,0,0
Measured,prefill-1024.sstrace,32,18,9,32,320,117,2.735042735042735,1.0,9.0,19,63,31,14,6,3,0,0
Measured,prefill-1024.sstrace,32,19,9,32,320,114,2.807017543859649,2.0,8.0,15,55,33,18,8,0,0,0
Measured,prefill-1024.sstrace,32,20,9,32,320,115,2.782608695652174,2.0,9.0,15,54,35,17,9,0,0,0
Measured,prefill-1024.sstrace,32,21,9,32,320,112,2.857142857142857,2.0,8.449999999999989,14,44,41,18,9,0,0,0
Measured,prefill-1024.sstrace,32,22,9,32,320,117,2.735042735042735,2.0,9.0,17,57,37,12,10,1,0,0
Measured,prefill-1024.sstrace,32,23,9,32,320,115,2.782608695652174,2.0,9.299999999999997,15,52,37,17,9,0,0,0
Measured,prefill-1024.sstrace,32,24,9,32,320,115,2.782608695652174,2.0,8.299999999999997,13,52,34,20,9,0,0,0
Measured,prefill-1024.sstrace,32,25,9,32,320,120,2.6666666666666665,1.0,8.0,14,62,31,18,9,0,0,0
Measured,prefill-1024.sstrace,32,26,9,32,320,119,2.689075630252101,2.0,8.0,14,53,37,22,7,0,0,0
Measured,prefill-1024.sstrace,32,27,9,32,320,116,2.7586206896551726,2.0,9.0,12,45,44,19,8,0,0,0
Measured,prefill-1024.sstrace,32,28,9,32,320,117,2.735042735042735,2.0,8.199999999999989,11,45,44,21,7,0,0,0
Measured,prefill-1024.sstrace,32,29,9,32,320,122,2.622950819672131,2.0,8.0,14,55,40,19,8,0,0,0
Measured,prefill-1024.sstrace,32,30,9,32,320,118,2.711864406779661,2.0,8.0,12,48,42,21,7,0,0,0
Measured,prefill-1024.sstrace,32,31,9,32,320,120,2.6666666666666665,2.0,8.0,13,44,49,20,7,0,0,0
Measured,prefill-1024.sstrace,32,0,10,32,320,103,3.1067961165048543,2.0,9.699999999999974,22,43,32,22,4,2,0,0
Measured,prefill-1024.sstrace,32,1,10,32,320,98,3.2653061224489797,2.0,10.0,25,32,39,20,5,2,0,0
Measured,prefill-1024.sstrace,32,2,10,32,320,109,2.9357798165137616,2.0,7.599999999999994,21,41,41,21,4,2,0,0
Measured,prefill-1024.sstrace,32,3,10,32,320,105,3.0476190476190474,2.0,7.799999999999997,16,39,37,23,5,1,0,0
Measured,prefill-1024.sstrace,32,4,10,32,320,99,3.2323232323232323,2.0,10.099999999999994,13,40,30,18,11,0,0,0
Measured,prefill-1024.sstrace,32,5,10,32,320,98,3.2653061224489797,2.0,10.0,13,34,35,19,10,0,0,0
Measured,prefill-1024.sstrace,32,6,10,32,320,101,3.1683168316831685,2.0,10.0,12,38,32,20,11,0,0,0
Measured,prefill-1024.sstrace,32,7,10,32,320,106,3.018867924528302,2.0,9.0,11,44,29,24,9,0,0,0
Measured,prefill-1024.sstrace,32,8,10,32,320,106,3.018867924528302,2.0,8.75,12,36,39,23,8,0,0,0
Measured,prefill-1024.sstrace,32,9,10,32,320,95,3.3684210526315788,2.0,11.0,14,35,29,21,10,0,0,0
Measured,prefill-1024.sstrace,32,10,10,32,320,93,3.4408602150537635,2.0,11.0,15,30,37,15,11,0,0,0
Measured,prefill-1024.sstrace,32,11,10,32,320,99,3.2323232323232323,2.0,10.199999999999989,15,38,32,19,10,0,0,0
Measured,prefill-1024.sstrace,32,12,10,32,320,104,3.076923076923077,2.0,9.0,15,48,23,24,9,0,0,0
Measured,prefill-1024.sstrace,32,13,10,32,320,98,3.2653061224489797,2.0,8.149999999999991,13,33,32,24,9,0,0,0
Measured,prefill-1024.sstrace,32,14,10,32,320,95,3.3684210526315788,2.0,9.299999999999997,15,30,36,20,9,0,0,0
Measured,prefill-1024.sstrace,32,15,10,32,320,92,3.4782608695652173,2.0,9.900000000000006,20,28,36,20,6,2,0,0
Measured,prefill-1024.sstrace,32,16,10,32,320,95,3.3684210526315788,2.0,9.299999999999997,19,30,38,21,4,2,0,0
Measured,prefill-1024.sstrace,32,17,10,32,320,97,3.2989690721649483,2.0,10.199999999999989,17,27,40,23,4,3,0,0
Measured,prefill-1024.sstrace,32,18,10,32,320,100,3.2,2.0,11.149999999999991,20,43,28,21,5,3,0,0
Measured,prefill-1024.sstrace,32,19,10,32,320,98,3.2653061224489797,2.0,10.0,19,38,25,28,6,1,0,0
Measured,prefill-1024.sstrace,32,20,10,32,320,98,3.2653061224489797,2.0,9.0,16,33,34,22,8,1,0,0
Measured,prefill-1024.sstrace,32,21,10,32,320,99,3.2323232323232323,2.0,8.099999999999994,15,38,30,22,9,0,0,0
Measured,prefill-1024.sstrace,32,22,10,32,320,100,3.2,2.0,9.049999999999997,19,37,36,19,5,3,0,0
Measured,prefill-1024.sstrace,32,23,10,32,320,96,3.3333333333333335,2.0,9.0,18,26,42,19,6,3,0,0
Measured,prefill-1024.sstrace,32,24,10,32,320,96,3.3333333333333335,2.0,8.5,19,26,42,22,4,2,0,0
Measured,prefill-1024.sstrace,32,25,10,32,320,97,3.2989690721649483,2.0,9.0,17,36,32,20,6,3,0,0
Measured,prefill-1024.sstrace,32,26,10,32,320,95,3.3684210526315788,3.0,7.299999999999997,15,25,38,27,5,0,0,0
Measured,prefill-1024.sstrace,32,27,10,32,320,100,3.2,2.0,8.0,16,33,36,24,6,1,0,0
Measured,prefill-1024.sstrace,32,28,10,32,320,100,3.2,2.0,8.0,13,30,34,30,6,0,0,0
Measured,prefill-1024.sstrace,32,29,10,32,320,104,3.076923076923077,2.0,7.849999999999994,16,35,38,25,5,1,0,0
Measured,prefill-1024.sstrace,32,30,10,32,320,105,3.0476190476190474,2.0,7.0,13,21,55,24,5,0,0,0
Measured,prefill-1024.sstrace,32,31,10,32,320,107,2.9906542056074765,2.0,7.0,15,34,44,24,5,0,0,0
Measured,prefill-1024.sstrace,32,0,11,32,320,93,3.4408602150537635,2.0,12.0,17,40,23,21,7,2,0,0
Measured,prefill-1024.sstrace,32,1,11,32,320,93,3.4408602150537635,2.0,10.399999999999991,13,33,24,27,9,0,0,0
Measured,prefill-1024.sstrace,32,2,11,32,320,93,3.4408602150537635,3.0,9.0,12,28,30,26,9,0,0,0
Measured,prefill-1024.sstrace,32,3,11,32,320,101,3.1683168316831685,2.0,8.0,12,31,36,28,6,0,0,0
Measured,prefill-1024.sstrace,32,4,11,32,320,101,3.1683168316831685,2.0,8.0,13,36,32,25,8,0,0,0
Measured,prefill-1024.sstrace,32,5,11,32,320,102,3.1372549019607843,2.0,8.0,13,35,39,20,8,0,0,0
Measured,prefill-1024.sstrace,32,6,11,32,320,99,3.2323232323232323,2.0,8.099999999999994,15,40,27,22,10,0,0,0
Measured,prefill-1024.sstrace,32,7,11,32,320,105,3.0476190476190474,2.0,7.799999999999997,15,43,25,31,6,0,0,0
Measured,prefill-1024.sstrace,32,8,11,32,320,108,2.962962962962963,2.0,6.6499999999999915,12,31,46,29,2,0,0,0
Measured,prefill-1024.sstrace,32,9,11,32,320,109,2.9357798165137616,2.0,7.0,12,38,40,26,5,0,0,0
Measured,prefill-1024.sstrace,32,10,11,32,320,108,2.962962962962963,2.0,7.0,11,34,42,27,5,0,0,0
Measured,prefill-1024.sstrace,32,11,11,32,320,106,3.018867924528302,2.0,8.0,11,41,33,24,8,0,0,0
Measured,prefill-1024.sstrace,32,12,11,32,320,108,2.962962962962963,2.0,8.0,13,40,38,23,7,0,0,0
Measured,prefill-1024.sstrace,32,13,11,32,320,103,3.1067961165048543,2.0,8.0,12,39,34,22,8,0,0,0
Measured,prefill-1024.sstrace,32,14,11,32,320,101,3.1683168316831685,2.0,9.0,12,40,27,23,11,0,0,0
Measured,prefill-1024.sstrace,32,15,11,32,320,98,3.2653061224489797,2.0,9.0,15,31,37,22,8,0,0,0
Measured,prefill-1024.sstrace,32,16,11,32,320,91,3.5164835164835164,3.0,9.0,15,28,28,27,8,0,0,0
Measured,prefill-1024.sstrace,32,17,11,32,320,97,3.2989690721649483,2.0,9.0,16,28,39,19,10,1,0,0
Measured,prefill-1024.sstrace,32,18,11,32,320,98,3.2653061224489797,2.0,9.299999999999983,17,34,35,21,7,1,0,0
Measured,prefill-1024.sstrace,32,19,11,32,320,97,3.2989690721649483,2.0,10.199999999999989,15,28,43,16,10,0,0,0
Measured,prefill-1024.sstrace,32,20,11,32,320,98,3.2653061224489797,2.0,9.0,13,33,42,10,13,0,0,0
Measured,prefill-1024.sstrace,32,21,11,32,320,99,3.2323232323232323,2.0,10.0,13,38,31,18,12,0,0,0
Measured,prefill-1024.sstrace,32,22,11,32,320,97,3.2989690721649483,2.0,8.0,17,36,28,27,5,1,0,0
Measured,prefill-1024.sstrace,32,23,11,32,320,99,3.2323232323232323,2.0,8.099999999999994,16,34,32,24,8,1,0,0
Measured,prefill-1024.sstrace,32,24,11,32,320,97,3.2989690721649483,2.0,9.199999999999989,17,32,35,21,7,2,0,0
Measured,prefill-1024.sstrace,32,25,11,32,320,96,3.3333333333333335,2.0,8.25,19,39,24,24,7,2,0,0
Measured,prefill-1024.sstrace,32,26,11,32,320,89,3.595505617977528,2.0,9.199999999999989,17,25,30,27,6,1,0,0
Measured,prefill-1024.sstrace,32,27,11,32,320,93,3.4408602150537635,2.0,10.399999999999991,15,30,34,20,9,0,0,0
Measured,prefill-1024.sstrace,32,28,11,32,320,93,3.4408602150537635,2.0,10.399999999999991,15,31,33,20,9,0,0,0
Measured,prefill-1024.sstrace,32,29,11,32,320,93,3.4408602150537635,2.0,8.0,18,33,28,22,8,2,0,0
Measured,prefill-1024.sstrace,32,30,11,32,320,88,3.6363636363636362,2.0,9.0,18,29,28,18,11,2,0,0
Measured,prefill-1024.sstrace,32,31,11,32,320,89,3.595505617977528,2.0,8.599999999999994,19,26,30,24,7,2,0,0
Measured,prefill-1024.sstrace,32,0,12,32,320,122,2.622950819672131,1.5,8.0,21,61,35,18,6,2,0,0
Measured,prefill-1024.sstrace,32,1,12,32,320,109,2.9357798165137616,2.0,9.0,18,50,28,22,7,2,0,0
Measured,prefill-1024.sstrace,32,2,12,32,320,116,2.7586206896551726,1.0,8.25,17,59,31,19,6,1,0,0
Measured,prefill-1024.sstrace,32,3,12,32,320,111,2.8828828828828827,2.0,9.0,14,49,36,18,8,0,0,0
Measured,prefill-1024.sstrace,32,4,12,32,320,112,2.857142857142857,2.0,8.449999999999989,16,53,32,18,8,1,0,0
Measured,prefill-1024.sstrace,32,5,12,32,320,119,2.689075630252101,2.0,7.0,13,52,36,26,5,0,0,0
Measured,prefill-1024.sstrace,32,6,12,32,320,121,2.644628099173554,2.0,9.0,15,55,41,16,9,0,0,0
Measured,prefill-1024.sstrace,32,7,12,32,320,115,2.782608695652174,2.0,7.299999999999997,15,48,38,23,6,0,0,0
Measured,prefill-1024.sstrace,32,8,12,32,320,117,2.735042735042735,2.0,8.0,13,52,33,24,8,0,0,0
Measured,prefill-1024.sstrace,32,9,12,32,320,111,2.8828828828828827,2.0,8.0,11,46,32,25,8,0,0,0
Measured,prefill-1024.sstrace,32,10,12,32,320,109,2.9357798165137616,2.0,7.0,12,34,42,28,5,0,0,0
Measured,prefill-1024.sstrace,32,11,12,32,320,112,2.857142857142857,2.0,7.449999999999989,13,40,40,26,6,0,0,0
Measured,prefill-1024.sstrace,32,12,12,32,320,116,2.7586206896551726,2.0,8.0,12,48,38,23,7,0,0,0
Measured,prefill-1024.sstrace,32,13,12,32,320,111,2.8828828828828827,2.0,8.5,13,45,35,23,8,0,0,0
Measured,prefill-1024.sstrace,32,14,12,32,320,111,2.8828828828828827,2.0,8.0,11,42,36,26,7,0,0,0
Measured,prefill-1024.sstrace,32,15,12,32,320,112,2.857142857142857,2.0,7.449999999999989,15,44,40,22,6,0,0,0
Measured,prefill-1024.sstrace,32,16,12,32,320,112,2.857142857142857,2.0,8.0,13,47,33,25,7,0,0,0
Measured,prefill-1024.sstrace,32,17,12,32,320,106,3.018867924528302,2.0,7.75,13,34,43,23,6,0,0,0
Measured,prefill-1024.sstrace,32,18,12,32,320,106,3.018867924528302,2.0,7.75,13,45,29,26,6,0,0,0
Measured,prefill-1024.sstrace,32,19,12,32,320,101,3.1683168316831685,2.0,8.0,13,39,30,24,8,0,0,0
Measured,prefill-1024.sstrace,32,20,12,32,320,106,3.018867924528302,2.0,8.0,12,47,24,28,7,0,0,0
Measured,prefill-1024.sstrace,32,21,12,32,320,104,3.076923076923077,2.0,8.849999999999994,13,43,25,28,8,0,0,0
Measured,prefill-1024.sstrace,32,22,12,32,320,104,3.076923076923077,2.0,8.849999999999994,16,42,31,23,7,1,0,0
Measured,prefill-1024.sstrace,32,23,12,32,320,102,3.1372549019607843,2.0,7.0,15,40,25,32,5,0,0,0
Measured,prefill-1024.sstrace,32,24,12,32,320,101,3.1683168316831685,2.0,8.0,16,34,33,28,5,1,0,0
Measured,prefill-1024.sstrace,32,25,12,32,320,103,3.1067961165048543,2.0,8.0,16,44,24,26,8,1,0,0
Measured,prefill-1024.sstrace,32,26,12,32,320,98,3.2653061224489797,2.0,8.0,14,40,22,27,9,0,0,0
Measured,prefill-1024.sstrace,32,27,12,32,320,102,3.1372549019607843,2.0,7.0,13,45,19,33,5,0,0,0
Measured,prefill-1024.sstrace,32,28,12,32,320,104,3.076923076923077,2.0,8.0,13,45,24,28,7,0,0,0
Measured,prefill-1024.sstrace,32,29,12,32,320,102,3.1372549019607843,2.0,9.0,16,41,28,24,8,1,0,0
Measured,prefill-1024.sstrace,32,30,12,32,320,100,3.2,2.0,8.0,15,38,27,28,7,0,0,0
Measured,prefill-1024.sstrace,32,31,12,32,320,98,3.2653061224489797,2.0,8.149999999999991,15,34,30,26,8,0,0,0
Measured,prefill-1024.sstrace,32,0,13,32,320,92,3.4782608695652173,2.0,15.0,19,44,21,17,6,4,0,0
Measured,prefill-1024.sstrace,32,1,13,32,320,88,3.6363636363636362,2.0,10.0,20,28,29,20,10,1,0,0
Measured,prefill-1024.sstrace,32,2,13,32,320,96,3.3333333333333335,2.0,9.0,15,40,23,21,12,0,0,0
Measured,prefill-1024.sstrace,32,3,13,32,320,93,3.4408602150537635,2.0,10.0,16,37,23,24,8,1,0,0
Measured,prefill-1024.sstrace,32,4,13,32,320,99,3.2323232323232323,2.0,8.0,19,32,33,26,7,1,0,0
Measured,prefill-1024.sstrace,32,5,13,32,320,112,2.857142857142857,2.0,8.0,16,47,36,22,6,1,0,0
Measured,prefill-1024.sstrace,32,6,13,32,320,109,2.9357798165137616,2.0,7.599999999999994,15,34,47,22,6,0,0,0
Measured,prefill-1024.sstrace,32,7,13,32,320,107,2.9906542056074765,2.0,8.0,11,41,33,26,7,0,0,0
Measured,prefill-1024.sstrace,32,8,13,32,320,110,2.909090909090909,2.0,8.0,13,43,39,20,8,0,0,0
Measured,prefill-1024.sstrace,32,9,13,32,320,115,2.782608695652174,2.0,7.299999999999997,16,51,38,20,5,1,0,0
Measured,prefill-1024.sstrace,32,10,13,32,320,114,2.807017543859649,2.0,7.349999999999994,13,50,36,22,6,0,0,0
Measured,prefill-1024.sstrace,32,11,13,32,320,112,2.857142857142857,2.0,8.0,12,50,33,21,8,0,0,0
Measured,prefill-1024.sstrace,32,12,13,32,320,111,2.8828828828828827,2.0,8.0,10,38,45,18,10,0,0,0
Measured,prefill-1024.sstrace,32,13,13,32,320,110,2.909090909090909,2.0,8.099999999999994,10,40,40,24,6,0,0,0
Measured,prefill-1024.sstrace,32,14,13,32,320,111,2.8828828828828827,2.0,8.0,12,40,40,24,7,0,0,0
Measured,prefill-1024.sstrace,32,15,13,32,320,109,2.9357798165137616,2.0,7.0,12,38,40,26,5,0,0,0
Measured,prefill-1024.sstrace,32,16,13,32,320,111,2.8828828828828827,2.0,8.0,13,40,40,24,7,0,0,0
Measured,prefill-1024.sstrace,32,17,13,32,320,112,2.857142857142857,2.0,7.449999999999989,11,39,41,26,6,0,0,0
Measured,prefill-1024.sstrace,32,18,13,32,320,113,2.831858407079646,2.0,8.0,15,50,32,24,7,0,0,0
Measured,prefill-1024.sstrace,32,19,13,32,320,116,2.7586206896551726,2.0,7.0,13,48,36,27,5,0,0,0
Measured,prefill-1024.sstrace,32,20,13,32,320,111,2.8828828828828827,2.0,7.5,10,48,32,25,6,0,0,0
Measured,prefill-1024.sstrace,32,21,13,32,320,109,2.9357798165137616,2.0,8.0,11,41,38,22,8,0,0,0
Measured,prefill-1024.sstrace,32,22,13,32,320,109,2.9357798165137616,2.0,9.0,13,38,43,20,8,0,0,0
Measured,prefill-1024.sstrace,32,23,13,32,320,105,3.0476190476190474,2.0,8.0,13,41,31,26,7,0,0,0
Measured,prefill-1024.sstrace,32,24,13,32,320,107,2.9906542056074765,2.0,7.699999999999989,12,39,37,25,6,0,0,0
Measured,prefill-1024.sstrace,32,25,13,32,320,105,3.0476190476190474,2.0,9.799999999999997,13,36,36,25,8,0,0,0
Measured,prefill-1024.sstrace,32,26,13,32,320,103,3.1067961165048543,2.0,8.0,10,36,34,26,7,0,0,0
Measured,prefill-1024.sstrace,32,27,13,32,320,104,3.076923076923077,2.0,9.0,10,39,35,20,10,0,0,0
Measured,prefill-1024.sstrace,32,28,13,32,320,106,3.018867924528302,2.0,8.0,11,39,35,22,10,0,0,0
Measured,prefill-1024.sstrace,32,29,13,32,320,113,2.831858407079646,2.0,8.0,13,43,41,20,9,0,0,0
Measured,prefill-1024.sstrace,32,30,13,32,320,112,2.857142857142857,2.0,7.0,12,38,44,28,2,0,0,0
Measured,prefill-1024.sstrace,32,31,13,32,320,113,2.831858407079646,2.0,7.3999999999999915,12,41,40,26,6,0,0,0
Measured,prefill-1024.sstrace,32,0,14,32,320,104,3.076923076923077,2.0,9.849999999999994,14,43,33,18,10,0,0,0
Measured,prefill-1024.sstrace,32,1,14,32,320,111,2.8828828828828827,2.0,9.0,17,48,36,19,7,1,0,0
Measured,prefill-1024.sstrace,32,2,14,32,320,108,2.962962962962963,2.0,8.0,17,39,42,18,8,1,0,0
Measured,prefill-1024.sstrace,32,3,14,32,320,101,3.1683168316831685,2.0,8.0,19,32,39,22,7,1,0,0
Measured,prefill-1024.sstrace,32,4,14,32,320,105,3.0476190476190474,2.0,7.799999999999997,19,38,37,24,5,1,0,0
Measured,prefill-1024.sstrace,32,5,14,32,320,108,2.962962962962963,2.0,8.0,14,39,38,23,8,0,0,0
Measured,prefill-1024.sstrace,32,6,14,32,320,119,2.689075630252101,2.0,9.0,11,55,37,17,10,0,0,0
Measured,prefill-1024.sstrace,32,7,14,32,320,110,2.909090909090909,2.0,8.0,12,47,32,20,11,0,0,0
Measured,prefill-1024.sstrace,32,8,14,32,320,114,2.807017543859649,2.0,8.0,12,54,26,26,8,0,0,0
Measured,prefill-1024.sstrace,32,9,14,32,320,117,2.735042735042735,2.0,7.199999999999989,12,53,35,23,6,0,0,0
Measured,prefill-1024.sstrace,32,10,14,32,320,121,2.644628099173554,2.0,7.0,13,50,45,21,5,0,0,0
Measured,prefill-1024.sstrace,32,11,14,32,320,120,2.6666666666666665,2.0,7.049999999999997,14,46,49,19,6,0,0,0
Measured,prefill-1024.sstrace,32,12,14,32,320,129,2.4806201550387597,2.0,7.599999999999994,13,54,50,18,7,0,0,0
Measured,prefill-1024.sstrace,32,13,14,32,320,125,2.56,2.0,7.0,10,58,40,21,6,0,0,0
Measured,prefill-1024.sstrace,32,14,14,32,320,118,2.711864406779661,2.0,8.0,10,49,38,24,7,0,0,0
Measured,prefill-1024.sstrace,32,15,14,32,320,120,2.6666666666666665,2.0,7.0,12,49,42,24,5,0,0,0
Measured,prefill-1024.sstrace,32,16,14,32,320,124,2.5806451612903225,2.0,7.0,11,47,51,21,5,0,0,0
Measured,prefill-1024.sstrace,32,17,14,32,320,127,2.5196850393700787,2.0,6.699999999999989,11,45,58,20,4,0,0,0
Measured,prefill-1024.sstrace,32,18,14,32,320,128,2.5,2.0,8.0,12,57,49,14,8,0,0,0
Measured,prefill-1024.sstrace,32,19,14,32,320,133,2.406015037593985,2.0,6.3999999999999915,12,59,49,21,4,0,0,0
Measured,prefill-1024.sstrace,32,20,14,32,320,127,2.5196850393700787,2.0,7.0,13,54,50,17,6,0,0,0
Measured,prefill-1024.sstrace,32,21,14,32,320,130,2.4615384615384617,2.0,6.549999999999997,13,53,54,18,5,0,0,0
Measured,prefill-1024.sstrace,32,22,14,32,320,128,2.5,2.0,6.6499999999999915,14,57,45,21,5,0,0,0
Measured,prefill-1024.sstrace,32,23,14,32,320,129,2.4806201550387597,2.0,6.599999999999994,11,53,52,18,6,0,0,0
Measured,prefill-1024.sstrace,32,24,14,32,320,130,2.4615384615384617,2.0,6.0,13,56,48,20,6,0,0,0
Measured,prefill-1024.sstrace,32,25,14,32,320,128,2.5,2.0,7.0,12,63,35,24,6,0,0,0
Measured,prefill-1024.sstrace,32,26,14,32,320,126,2.5396825396825395,2.0,7.0,11,57,39,25,5,0,0,0
Measured,prefill-1024.sstrace,32,27,14,32,320,125,2.56,2.0,8.0,11,54,45,18,8,0,0,0
Measured,prefill-1024.sstrace,32,28,14,32,320,131,2.4427480916030535,2.0,7.0,12,53,55,19,4,0,0,0
Measured,prefill-1024.sstrace,32,29,14,32,320,137,2.335766423357664,2.0,6.0,12,64,48,20,5,0,0,0
Measured,prefill-1024.sstrace,32,30,14,32,320,139,2.302158273381295,2.0,6.0,10,61,56,18,4,0,0,0
Measured,prefill-1024.sstrace,32,31,14,32,320,140,2.2857142857142856,2.0,6.0,10,58,59,19,4,0,0,0
Measured,prefill-1024.sstrace,32,0,15,32,320,87,3.67816091954023,2.0,10.0,20,36,21,17,11,2,0,0
Measured,prefill-1024.sstrace,32,1,15,32,320,77,4.1558441558441555,3.0,12.400000000000006,18,22,25,17,10,3,0,0
Measured,prefill-1024.sstrace,32,2,15,32,320,85,3.764705882352941,2.0,10.599999999999994,20,33,20,18,11,3,0,0
Measured,prefill-1024.sstrace,32,3,15,32,320,82,3.902439024390244,2.0,14.800000000000011,21,26,28,16,8,4,0,0
Measured,prefill-1024.sstrace,32,4,15,32,320,93,3.4408602150537635,2.0,13.199999999999974,24,42,27,13,8,3,0,0
Measured,prefill-1024.sstrace,32,5,15,32,320,94,3.404255319148936,2.0,11.349999999999994,21,32,34,19,8,1,0,0
Measured,prefill-1024.sstrace,32,6,15,32,320,100,3.2,2.0,10.0,17,30,44,17,8,1,0,0
Measured,prefill-1024.sstrace,32,7,15,32,320,110,2.909090909090909,2.0,7.0,16,41,39,25,4,1,0,0
Measured,prefill-1024.sstrace,32,8,15,32,320,111,2.8828828828828827,2.0,8.0,12,42,38,24,7,0,0,0
Measured,prefill-1024.sstrace,32,9,15,32,320,122,2.622950819672131,2.0,6.949999999999989,13,51,38,29,4,0,0,0
Measured,prefill-1024.sstrace,32,10,15,32,320,126,2.5396825396825395,2.0,6.0,13,53,40,31,2,0,0,0
Measured,prefill-1024.sstrace,32,11,15,32,320,124,2.5806451612903225,2.0,6.0,11,52,39,31,2,0,0,0
Measured,prefill-1024.sstrace,32,12,15,32,320,126,2.5396825396825395,2.0,6.0,10,51,43,30,2,0,0,0
Measured,prefill-1024.sstrace,32,13,15,32,320,123,2.6016260162601625,2.0,7.0,10,48,47,24,4,0,0,0
Measured,prefill-1024.sstrace,32,14,15,32,320,119,2.689075630252101,2.0,6.0,11,44,40,33,2,0,0,0
Measured,prefill-1024.sstrace,32,15,15,32,320,127,2.5196850393700787,2.0,7.0,11,62,36,25,4,0,0,0
Measured,prefill-1024.sstrace,32,16,15,32,320,122,2.622950819672131,2.0,6.949999999999989,14,51,41,27,3,0,0,0
Measured,prefill-1024.sstrace,32,17,15,32,320,130,2.4615384615384617,2.0,6.0,16,57,43,26,3,1,0,0
Measured,prefill-1024.sstrace,32,18,15,32,320,126,2.5396825396825395,2.0,7.75,14,59,41,19,7,0,0,0
Measured,prefill-1024.sstrace,32,19,15,32,320,125,2.56,2.0,7.799999999999997,14,55,43,20,7,0,0,0
Measured,prefill-1024.sstrace,32,20,15,32,320,120,2.6666666666666665,2.0,8.0,13,52,41,19,8,0,0,0
Measured,prefill-1024.sstrace,32,21,15,32,320,125,2.56,2.0,6.799999999999997,13,55,40,25,5,0,0,0
Measured,prefill-1024.sstrace,32,22,15,32,320,123,2.6016260162601625,2.0,7.0,17,54,43,20,5,1,0,0
Measured,prefill-1024.sstrace,32,23,15,32,320,122,2.622950819672131,2.0,6.0,14,55,38,24,5,0,0,0
Measured,prefill-1024.sstrace,32,24,15,32,320,121,2.644628099173554,2.0,7.0,16,51,43,22,4,1,0,0
Measured,prefill-1024.sstrace,32,25,15,32,320,128,2.5,1.5,7.0,16,64,37,21,5,1,0,0
Measured,prefill-1024.sstrace,32,26,15,32,320,128,2.5,2.0,6.6499999999999915,15,59,37,28,4,0,0,0
Measured,prefill-1024.sstrace,32,27,15,32,320,129,2.4806201550387597,1.0,7.0,13,67,33,26,3,0,0,0
Measured,prefill-1024.sstrace,32,28,15,32,320,136,2.3529411764705883,2.0,6.0,11,60,53,21,2,0,0,0
Measured,prefill-1024.sstrace,32,29,15,32,320,132,2.4242424242424243,2.0,7.0,15,64,39,24,5,0,0,0
Measured,prefill-1024.sstrace,32,30,15,32,320,138,2.318840579710145,2.0,7.0,10,67,44,23,4,0,0,0
Measured,prefill-1024.sstrace,32,31,15,32,320,134,2.388059701492537,2.0,6.349999999999994,12,63,43,23,5,0,0,0
Measured,prefill-1024.sstrace,32,0,16,32,320,85,3.764705882352941,2.0,11.799999999999997,20,30,24,21,8,2,0,0
Measured,prefill-1024.sstrace,32,1,16,32,320,89,3.595505617977528,2.0,10.599999999999994,17,31,23,25,9,1,0,0
Measured,prefill-1024.sstrace,32,2,16,32,320,94,3.404255319148936,2.0,8.0,17,27,39,21,6,1,0,0
Measured,prefill-1024.sstrace,32,3,16,32,320,99,3.2323232323232323,2.0,10.0,18,42,25,24,6,2,0,0
Measured,prefill-1024.sstrace,32,4,16,32,320,103,3.1067961165048543,2.0,8.899999999999991,18,47,28,17,9,2,0,0
Measured,prefill-1024.sstrace,32,5,16,32,320,99,3.2323232323232323,2.0,9.0,14,36,35,20,8,0,0,0
Measured,prefill-1024.sstrace,32,6,16,32,320,111,2.8828828828828827,2.0,9.5,13,49,36,14,12,0,0,0
Measured,prefill-1024.sstrace,32,7,16,32,320,114,2.807017543859649,2.0,8.0,11,44,41,19,10,0,0,0
Measured,prefill-1024.sstrace,32,8,16,32,320,123,2.6016260162601625,2.0,7.8999999999999915,12,57,36,23,7,0,0,0
Measured,prefill-1024.sstrace,32,9,16,32,320,126,2.5396825396825395,2.0,7.0,11,50,52,18,6,0,0,0
Measured,prefill-1024.sstrace,32,10,16,32,320,142,2.2535211267605635,2.0,6.0,11,61,58,19,4,0,0,0
Measured,prefill-1024.sstrace,32,11,16,32,320,140,2.2857142857142856,2.0,6.0,13,65,48,25,2,0,0,0
Measured,prefill-1024.sstrace,32,12,16,32,320,142,2.2535211267605635,2.0,6.0,10,66,52,20,4,0,0,0
Measured,prefill-1024.sstrace,32,13,16,32,320,135,2.3703703703703702,2.0,8.0,13,61,53,13,8,0,0,0
Measured,prefill-1024.sstrace,32,14,16,32,320,141,2.269503546099291,2.0,7.0,13,69,50,15,7,0,0,0
Measured,prefill-1024.sstrace,32,15,16,32,320,137,2.335766423357664,2.0,5.199999999999989,14,61,49,26,1,0,0,0
Measured,prefill-1024.sstrace,32,16,16,32,320,137,2.335766423357664,2.0,6.0,13,59,51,26,1,0,0,0
Measured,prefill-1024.sstrace,32,17,16,32,320,140,2.2857142857142856,1.0,6.0,12,75,38,23,4,0,0,0
Measured,prefill-1024.sstrace,32,18,16,32,320,136,2.3529411764705883,2.0,6.0,13,66,44,22,4,0,0,0
Measured,prefill-1024.sstrace,32,19,16,32,320,133,2.406015037593985,2.0,6.0,12,63,40,25,5,0,0,0
Measured,prefill-1024.sstrace,32,20,16,32,320,132,2.4242424242424243,2.0,7.0,10,63,40,24,5,0,0,0
Measured,prefill-1024.sstrace,32,21,16,32,320,128,2.5,2.0,6.0,11,56,42,25,5,0,0,0
Measured,prefill-1024.sstrace,32,22,16,32,320,125,2.56,2.0,6.799999999999997,12,57,40,22,6,0,0,0
Measured,prefill-1024.sstrace,32,23,16,32,320,128,2.5,2.0,6.6499999999999915,9,51,48,25,4,0,0,0
Measured,prefill-1024.sstrace,32,24,16,32,320,122,2.622950819672131,2.0,7.0,11,50,40,28,4,0,0,0
Measured,prefill-1024.sstrace,32,25,16,32,320,131,2.4427480916030535,2.0,6.5,13,59,43,25,4,0,0,0
Measured,prefill-1024.sstrace,32,26,16,32,320,125,2.56,2.0,6.0,9,49,45,27,4,0,0,0
Measured,prefill-1024.sstrace,32,27,16,32,320,133,2.406015037593985,2.0,6.0,9,64,39,28,2,0,0,0
Measured,prefill-1024.sstrace,32,28,16,32,320,130,2.4615384615384617,2.0,6.0,8,56,41,30,3,0,0,0
Measured,prefill-1024.sstrace,32,29,16,32,320,127,2.5196850393700787,2.0,6.699999999999989,9,52,47,26,2,0,0,0
Measured,prefill-1024.sstrace,32,30,16,32,320,141,2.269503546099291,2.0,6.0,8,63,52,25,1,0,0,0
Measured,prefill-1024.sstrace,32,31,16,32,320,138,2.318840579710145,2.0,6.0,9,67,40,30,1,0,0,0
Measured,prefill-1024.sstrace,32,0,17,32,320,100,3.2,2.0,12.0,17,46,25,17,11,1,0,0
Measured,prefill-1024.sstrace,32,1,17,32,320,94,3.404255319148936,2.0,9.349999999999994,15,22,43,20,9,0,0,0
Measured,prefill-1024.sstrace,32,2,17,32,320,115,2.782608695652174,2.0,9.0,16,55,33,20,5,2,0,0
Measured,prefill-1024.sstrace,32,3,17,32,320,117,2.735042735042735,2.0,7.0,18,57,30,25,2,3,0,0
Measured,prefill-1024.sstrace,32,4,17,32,320,119,2.689075630252101,2.0,7.0,17,52,39,23,3,2,0,0
Measured,prefill-1024.sstrace,32,5,17,32,320,116,2.7586206896551726,2.0,7.0,14,41,52,19,4,0,0,0
Measured,prefill-1024.sstrace,32,6,17,32,320,130,2.4615384615384617,2.0,6.549999999999997,12,58,46,21,5,0,0,0
Measured,prefill-1024.sstrace,32,7,17,32,320,127,2.5196850393700787,2.0,6.0,13,57,44,21,5,0,0,0
Measured,prefill-1024.sstrace,32,8,17,32,320,129,2.4806201550387597,2.0,6.0,13,57,43,27,2,0,0,0
Measured,prefill-1024.sstrace,32,9,17,32,320,129,2.4806201550387597,2.0,7.0,8,54,46,26,3,0,0,0
Measured,prefill-1024.sstrace,32,10,17,32,320,140,2.2857142857142856,2.0,5.049999999999983,11,65,50,22,3,0,0,0
Measured,prefill-1024.sstrace,32,11,17,32,320,128,2.5,2.0,7.0,10,62,35,26,5,0,0,0
Measured,prefill-1024.sstrace,32,12,17,32,320,134,2.388059701492537,2.0,6.0,11,63,44,24,3,0,0,0
Measured,prefill-1024.sstrace,32,13,17,32,320,127,2.5196850393700787,2.0,7.0,10,58,38,25,6,0,0,0
Measured,prefill-1024.sstrace,32,14,17,32,320,127,2.5196850393700787,1.0,6.0,11,64,34,24,5,0,0,0
Measured,prefill-1024.sstrace,32,15,17,32,320,134,2.388059701492537,1.0,7.0,12,69,37,22,6,0,0,0
Measured,prefill-1024.sstrace,32,16,17,32,320,136,2.3529411764705883,2.0,7.0,11,58,52,22,4,0,0,0
Measured,prefill-1024.sstrace,32,17,17,32,320,144,2.2222222222222223,2.0,5.0,11,64,56,22,2,0,0,0
Measured,prefill-1024.sstrace,32,18,17,32,320,138,2.318840579710145,2.0,6.150000000000006,13,62,52,22,2,0,0,0
Measured,prefill-1024.sstrace,32,19,17,32,320,132,2.4242424242424243,2.0,6.449999999999989,15,64,39,26,3,0,0,0
Measured,prefill-1024.sstrace,32,20,17,32,320,133,2.406015037593985,2.0,6.0,12,63,42,25,3,0,0,0
Measured,prefill-1024.sstrace,32,21,17,32,320,132,2.4242424242424243,2.0,6.449999999999989,13,64,41,23,4,0,0,0
Measured,prefill-1024.sstrace,32,22,17,32,320,130,2.4615384615384617,2.0,6.549999999999997,14,64,41,20,5,0,0,0
Measured,prefill-1024.sstrace,32,23,17,32,320,131,2.4427480916030535,2.0,6.0,13,53,52,22,4,0,0,0
Measured,prefill-1024.sstrace,32,24,17,32,320,133,2.406015037593985,1.0,6.0,13,67,40,20,6,0,0,0
Measured,prefill-1024.sstrace,32,25,17,32,320,132,2.4242424242424243,1.0,7.0,14,68,40,18,6,0,0,0
Measured,prefill-1024.sstrace,32,26,17,32,320,132,2.4242424242424243,1.0,5.899999999999977,16,67,38,22,4,1,0,0
Measured,prefill-1024.sstrace,32,27,17,32,320,132,2.4242424242424243,1.5,6.0,12,66,40,21,5,0,0,0
Measured,prefill-1024.sstrace,32,28,17,32,320,127,2.5196850393700787,2.0,6.699999999999989,14,60,39,23,5,0,0,0
Measured,prefill-1024.sstrace,32,29,17,32,320,131,2.4427480916030535,1.0,6.0,13,66,37,23,5,0,0,0
Measured,prefill-1024.sstrace,32,30,17,32,320,138,2.318840579710145,2.0,6.0,15,67,48,18,5,0,0,0
Measured,prefill-1024.sstrace,32,31,17,32,320,132,2.4242424242424243,2.0,7.449999999999989,15,64,44,17,7,0,0,0
Measured,prefill-1024.sstrace,32,0,18,32,320,124,2.5806451612903225,1.0,6.849999999999994,24,63,39,16,4,2,0,0
Measured,prefill-1024.sstrace,32,1,18,32,320,108,2.962962962962963,2.0,8.649999999999991,18,37,44,19,7,1,0,0
Measured,prefill-1024.sstrace,32,2,18,32,320,103,3.1067961165048543,2.0,9.0,12,41,33,18,11,0,0,0
Measured,prefill-1024.sstrace,32,3,18,32,320,102,3.1372549019607843,2.0,10.0,18,43,33,16,9,1,0,0
Measured,prefill-1024.sstrace,32,4,18,32,320,99,3.2323232323232323,2.0,10.0,18,38,32,18,10,1,0,0
Measured,prefill-1024.sstrace,32,5,18,32,320,102,3.1372549019607843,2.0,9.0,13,34,37,21,10,0,0,0
Measured,prefill-1024.sstrace,32,6,18,32,320,109,2.9357798165137616,2.0,9.0,12,49,31,17,12,0,0,0
Measured,prefill-1024.sstrace,32,7,18,32,320,122,2.622950819672131,2.0,7.949999999999989,10,51,39,25,7,0,0,0
Measured,prefill-1024.sstrace,32,8,18,32,320,117,2.735042735042735,2.0,8.0,12,50,36,23,8,0,0,0
Measured,prefill-1024.sstrace,32,9,18,32,320,121,2.644628099173554,2.0,7.0,10,53,37,25,6,0,0,0
Measured,prefill-1024.sstrace,32,10,18,32,320,127,2.5196850393700787,2.0,6.699999999999989,11,47,53,24,3,0,0,0
Measured,prefill-1024.sstrace,32,11,18,32,320,122,2.622950819672131,2.0,7.0,12,57,35,25,5,0,0,0
Measured,prefill-1024.sstrace,32,12,18,32,320,120,2.6666666666666665,2.0,8.0,12,54,34,25,7,0,0,0
Measured,prefill-1024.sstrace,32,13,18,32,320,118,2.711864406779661,2.0,7.0,14,57,29,27,5,0,0,0
Measured,prefill-1024.sstrace,32,14,18,32,320,111,2.8828828828828827,2.0,7.0,11,43,37,26,5,0,0,0
Measured,prefill-1024.sstrace,32,15,18,32,320,120,2.6666666666666665,1.0,7.0,13,61,31,24,4,0,0,0
Measured,prefill-1024.sstrace,32,16,18,32,320,116,2.7586206896551726,2.0,8.0,16,51,38,20,6,1,0,0
Measured,prefill-1024.sstrace,32,17,18,32,320,118,2.711864406779661,2.0,8.0,13,48,40,23,7,0,0,0
Measured,prefill-1024.sstrace,32,18,18,32,320,113,2.831858407079646,2.0,8.0,15,49,35,22,7,0,0,0
Measured,prefill-1024.sstrace,32,19,18,32,320,111,2.8828828828828827,2.0,8.5,15,50,31,22,8,0,0,0
Measured,prefill-1024.sstrace,32,20,18,32,320,109,2.9357798165137616,2.0,8.199999999999989,13,44,32,27,6,0,0,0
Measured,prefill-1024.sstrace,32,21,18,32,320,112,2.857142857142857,2.0,8.0,11,40,39,26,7,0,0,0
Measured,prefill-1024.sstrace,32,22,18,32,320,112,2.857142857142857,2.0,7.899999999999977,14,49,32,25,6,0,0,0
Measured,prefill-1024.sstrace,32,23,18,32,320,113,2.831858407079646,2.0,7.3999999999999915,14,45,38,24,6,0,0,0
Measured,prefill-1024.sstrace,32,24,18,32,320,108,2.962962962962963,2.0,7.6499999999999915,14,42,33,27,6,0,0,0
Measured,prefill-1024.sstrace,32,25,18,32,320,109,2.9357798165137616,2.0,7.0,15,44,34,26,5,0,0,0
Measured,prefill-1024.sstrace,32,26,18,32,320,104,3.076923076923077,2.0,8.0,14,38,34,22,10,0,0,0
Measured,prefill-1024.sstrace,32,27,18,32,320,108,2.962962962962963,2.0,7.6499999999999915,11,38,38,26,6,0,0,0
Measured,prefill-1024.sstrace,32,28,18,32,320,115,2.782608695652174,2.0,7.0,12,40,48,22,5,0,0,0
Measured,prefill-1024.sstrace,32,29,18,32,320,114,2.807017543859649,2.0,9.0,13,47,38,20,9,0,0,0
Measured,prefill-1024.sstrace,32,30,18,32,320,122,2.622950819672131,2.0,7.949999999999989,12,53,40,22,7,0,0,0
Measured,prefill-1024.sstrace,32,31,18,32,320,117,2.735042735042735,2.0,7.199999999999989,11,41,48,22,6,0,0,0
Measured,prefill-1024.sstrace,32,0,19,32,320,99,3.2323232323232323,2.0,11.099999999999994,18,45,32,10,11,1,0,0
Measured,prefill-1024.sstrace,32,1,19,32,320,103,3.1067961165048543,2.0,10.899999999999991,14,38,40,14,11,0,0,0
Measured,prefill-1024.sstrace,32,2,19,32,320,105,3.0476190476190474,2.0,10.799999999999997,16,52,25,18,9,1,0,0
Measured,prefill-1024.sstrace,32,3,19,32,320,106,3.018867924528302,2.0,9.75,17,40,38,19,8,1,0,0
Measured,prefill-1024.sstrace,32,4,19,32,320,111,2.8828828828828827,2.0,8.0,16,45,41,16,8,1,0,0
Measured,prefill-1024.sstrace,32,5,19,32,320,111,2.8828828828828827,2.0,8.0,15,40,41,23,7,0,0,0
Measured,prefill-1024.sstrace,32,6,19,32,320,124,2.5806451612903225,2.0,8.0,12,53,46,17,8,0,0,0
Measured,prefill-1024.sstrace,32,7,19,32,320,125,2.56,2.0,6.0,11,49,49,22,5,0,0,0
Measured,prefill-1024.sstrace,32,8,19,32,320,127,2.5196850393700787,2.0,7.0,12,57,42,23,5,0,0,0
Measured,prefill-1024.sstrace,32,9,19,32,320,132,2.4242424242424243,2.0,6.0,13,58,46,24,4,0,0,0
Measured,prefill-1024.sstrace,32,10,19,32,320,153,2.0915032679738563,1.0,5.0,11,78,57,14,4,0,0,0
Measured,prefill-1024.sstrace,32,11,19,32,320,136,2.3529411764705883,2.0,7.0,12,61,55,14,6,0,0,0
Measured,prefill-1024.sstrace,32,12,19,32,320,129,2.4806201550387597,2.0,7.0,12,53,53,17,6,0,0,0
Measured,prefill-1024.sstrace,32,13,19,32,320,130,2.4615384615384617,2.0,7.0,10,55,48,21,6,0,0,0
Measured,prefill-1024.sstrace,32,14,19,32,320,136,2.3529411764705883,2.0,6.0,13,59,54,21,2,0,0,0
Measured,prefill-1024.sstrace,32,15,19,32,320,136,2.3529411764705883,2.0,6.0,12,60,49,25,2,0,0,0
Measured,prefill-1024.sstrace,32,16,19,32,320,131,2.4427480916030535,2.0,7.0,16,60,46,21,3,1,0,0
Measured,prefill-1024.sstrace,32,17,19,32,320,133,2.406015037593985,2.0,6.0,15,64,38,29,2,0,0,0
Measured,prefill-1024.sstrace,32,18,19,32,320,135,2.3703703703703702,2.0,6.0,18,65,44,22,3,1,0,0
Measured,prefill-1024.sstrace,32,19,19,32,320,132,2.4242424242424243,2.0,7.0,14,63,44,19,6,0,0,0
Measured,prefill-1024.sstrace,32,20,19,32,320,133,2.406015037593985,2.0,6.0,13,56,54,19,4,0,0,0
Measured,prefill-1024.sstrace,32,21,19,32,320,128,2.5,2.0,6.6499999999999915,16,55,47,22,3,1,0,0
Measured,prefill-1024.sstrace,32,22,19,32,320,127,2.5196850393700787,2.0,7.399999999999977,17,54,48,18,6,1,0,0
Measured,prefill-1024.sstrace,32,23,19,32,320,133,2.406015037593985,2.0,6.0,14,59,50,19,5,0,0,0
Measured,prefill-1024.sstrace,32,24,19,32,320,125,2.56,2.0,7.0,17,54,43,22,5,1,0,0
Measured,prefill-1024.sstrace,32,25,19,32,320,128,2.5,2.0,6.6499999999999915,14,55,47,21,5,0,0,0
Measured,prefill-1024.sstrace,32,26,19,32,320,125,2.56,2.0,7.0,18,56,45,18,5,1,0,0
Measured,prefill-1024.sstrace,32,27,19,32,320,124,2.5806451612903225,2.0,7.699999999999989,14,52,50,15,7,0,0,0
Measured,prefill-1024.sstrace,32,28,19,32,320,126,2.5396825396825395,2.0,6.75,17,49,52,20,4,1,0,0
Measured,prefill-1024.sstrace,32,29,19,32,320,132,2.4242424242424243,2.0,5.449999999999989,18,60,45,22,4,1,0,0
Measured,prefill-1024.sstrace,32,30,19,32,320,141,2.269503546099291,2.0,6.0,14,61,59,18,3,0,0,0
Measured,prefill-1024.sstrace,32,31,19,32,320,130,2.4615384615384617,2.0,7.0,14,52,52,21,5,0,0,0
Measured,prefill-1024.sstrace,32,0,20,32,320,97,3.2989690721649483,2.0,9.0,15,33,30,23,11,0,0,0
Measured,prefill-1024.sstrace,32,1,20,32,320,97,3.2989690721649483,3.0,8.399999999999977,14,33,32,26,6,0,0,0
Measured,prefill-1024.sstrace,32,2,20,32,320,111,2.8828828828828827,2.0,8.5,15,45,38,20,8,0,0,0
Measured,prefill-1024.sstrace,32,3,20,32,320,115,2.782608695652174,2.0,7.299999999999997,15,50,39,20,6,0,0,0
Measured,prefill-1024.sstrace,32,4,20,32,320,112,2.857142857142857,2.0,7.0,18,49,35,23,3,2,0,0
Measured,prefill-1024.sstrace,32,5,20,32,320,110,2.909090909090909,2.0,8.0,18,42,38,23,5,2,0,0
Measured,prefill-1024.sstrace,32,6,20,32,320,119,2.689075630252101,2.0,8.099999999999994,13,56,35,21,7,0,0,0
Measured,prefill-1024.sstrace,32,7,20,32,320,121,2.644628099173554,2.0,7.0,14,55,35,25,6,0,0,0
Measured,prefill-1024.sstrace,32,8,20,32,320,124,2.5806451612903225,2.0,6.0,20,58,39,23,2,2,0,0
Measured,prefill-1024.sstrace,32,9,20,32,320,123,2.6016260162601625,2.0,6.8999999999999915,19,59,35,23,4,2,0,0
Measured,prefill-1024.sstrace,32,10,20,32,320,135,2.3703703703703702,2.0,6.0,16,62,48,22,2,1,0,0
Measured,prefill-1024.sstrace,32,11,20,32,320,134,2.388059701492537,2.0,6.349999999999994,16,66,44,21,1,2,0,0
Measured,prefill-1024.sstrace,32,12,20,32,320,140,2.2857142857142856,2.0,6.0,14,58,62,16,4,0,0,0
Measured,prefill-1024.sstrace,32,13,20,32,320,133,2.406015037593985,2.0,6.0,13,63,42,25,3,0,0,0
Measured,prefill-1024.sstrace,32,14,20,32,320,129,2.4806201550387597,2.0,6.0,14,57,46,23,3,0,0,0
Measured,prefill-1024.sstrace,32,15,20,32,320,146,2.191780821917808,2.0,5.0,11,63,64,16,3,0,0,0
Measured,prefill-1024.sstrace,32,16,20,32,320,134,2.388059701492537,2.0,6.0,14,56,54,20,4,0,0,0
Measured,prefill-1024.sstrace,32,17,20,32,320,140,2.2857142857142856,2.0,5.049999999999983,10,62,56,18,4,0,0,0
Measured,prefill-1024.sstrace,32,18,20,32,320,134,2.388059701492537,2.0,6.0,12,59,54,15,6,0,0,0
Measured,prefill-1024.sstrace,32,19,20,32,320,136,2.3529411764705883,2.0,5.0,12,58,56,18,4,0,0,0
Measured,prefill-1024.sstrace,32,20,20,32,320,130,2.4615384615384617,2.0,6.549999999999997,10,51,52,22,5,0,0,0
Measured,prefill-1024.sstrace,32,21,20,32,320,131,2.4427480916030535,2.0,6.0,11,60,43,23,5,0,0,0
Measured,prefill-1024.sstrace,32,22,20,32,320,137,2.335766423357664,2.0,6.0,11,66,46,21,4,0,0,0
Measured,prefill-1024.sstrace,32,23,20,32,320,134,2.388059701492537,2.0,6.0,12,60,46,24,4,0,0,0
Measured,prefill-1024.sstrace,32,24,20,32,320,123,2.6016260162601625,2.0,7.0,11,47,48,23,5,0,0,0
Measured,prefill-1024.sstrace,32,25,20,32,320,120,2.6666666666666665,2.0,7.0,11,49,41,25,5,0,0,0
Measured,prefill-1024.sstrace,32,26,20,32,320,128,2.5,2.0,7.6499999999999915,12,61,40,20,7,0,0,0
Measured,prefill-1024.sstrace,32,27,20,32,320,136,2.3529411764705883,1.0,7.0,13,69,40,24,3,0,0,0
Measured,prefill-1024.sstrace,32,28,20,32,320,134,2.388059701492537,2.0,6.0,11,54,55,21,4,0,0,0
Measured,prefill-1024.sstrace,32,29,20,32,320,142,2.2535211267605635,1.0,6.949999999999989,10,74,42,20,6,0,0,0
Measured,prefill-1024.sstrace,32,30,20,32,320,141,2.269503546099291,1.0,6.0,11,72,46,18,5,0,0,0
Measured,prefill-1024.sstrace,32,31,20,32,320,131,2.4427480916030535,2.0,6.0,13,57,49,19,6,0,0,0
Measured,prefill-1024.sstrace,32,0,21,32,320,133,2.406015037593985,2.0,6.3999999999999915,20,66,41,21,4,1,0,0
Measured,prefill-1024.sstrace,32,1,21,32,320,120,2.6666666666666665,2.0,7.0,22,54,37,24,4,1,0,0
Measured,prefill-1024.sstrace,32,2,21,32,320,112,2.857142857142857,2.0,9.449999999999989,18,51,35,19,6,1,0,0
Measured,prefill-1024.sstrace,32,3,21,32,320,102,3.1372549019607843,2.0,10.899999999999977,19,39,35,19,8,1,0,0
Measured,prefill-1024.sstrace,32,4,21,32,320,99,3.2323232323232323,2.0,10.199999999999989,19,39,33,18,7,2,0,0
Measured,prefill-1024.sstrace,32,5,21,32,320,91,3.5164835164835164,2.0,10.0,17,32,28,19,10,2,0,0
Measured,prefill-1024.sstrace,32,6,21,32,320,88,3.6363636363636362,2.0,10.649999999999991,18,34,26,14,12,2,0,0
Measured,prefill-1024.sstrace,32,7,21,32,320,99,3.2323232323232323,2.0,10.099999999999994,17,39,32,16,10,2,0,0
Measured,prefill-1024.sstrace,32,8,21,32,320,99,3.2323232323232323,2.0,11.099999999999994,17,43,29,15,10,2,0,0
Measured,prefill-1024.sstrace,32,9,21,32,320,95,3.3684210526315788,2.0,11.0,18,39,28,15,11,2,0,0
Measured,prefill-1024.sstrace,32,10,21,32,320,101,3.1683168316831685,2.0,10.0,16,43,31,14,12,1,0,0
Measured,prefill-1024.sstrace,32,11,21,32,320,102,3.1372549019607843,2.0,12.849999999999966,16,45,31,15,10,1,0,0
Measured,prefill-1024.sstrace,32,12,21,32,320,104,3.076923076923077,2.0,10.0,15,39,40,16,9,0,0,0
Measured,prefill-1024.sstrace,32,13,21,32,320,106,3.018867924528302,2.0,8.5,14,46,29,25,6,0,0,0
Measured,prefill-1024.sstrace,32,14,21,32,320,101,3.1683168316831685,2.0,9.0,14,37,31,26,7,0,0,0
Measured,prefill-1024.sstrace,32,15,21,32,320,110,2.909090909090909,2.0,9.099999999999994,15,45,33,22,10,0,0,0
Measured,prefill-1024.sstrace,32,16,21,32,320,101,3.1683168316831685,2.0,10.0,17,40,34,17,9,1,0,0
Measured,prefill-1024.sstrace,32,17,21,32,320,105,3.0476190476190474,2.0,8.799999999999997,13,38,40,17,10,0,0,0
Measured,prefill-1024.sstrace,32,18,21,32,320,113,2.831858407079646,2.0,10.0,15,49,40,14,10,0,0,0
Measured,prefill-1024.sstrace,32,19,21,32,320,112,2.857142857142857,2.0,8.449999999999989,15,47,38,19,8,0,0,0
Measured,prefill-1024.sstrace,32,20,21,32,320,110,2.909090909090909,2.0,7.549999999999997,16,41,40,23,5,1,0,0
Measured,prefill-1024.sstrace,32,21,21,32,320,121,2.644628099173554,2.0,8.0,16,56,35,22,7,1,0,0
Measured,prefill-1024.sstrace,32,22,21,32,320,120,2.6666666666666665,2.0,9.0,13,51,46,11,12,0,0,0
Measured,prefill-1024.sstrace,32,23,21,32,320,112,2.857142857142857,2.0,8.899999999999977,13,46,38,20,8,0,0,0
Measured,prefill-1024.sstrace,32,24,21,32,320,116,2.7586206896551726,2.0,8.25,12,42,50,15,9,0,0,0
Measured,prefill-1024.sstrace,32,25,21,32,320,114,2.807017543859649,2.0,9.0,14,48,41,17,8,0,0,0
Measured,prefill-1024.sstrace,32,26,21,32,320,117,2.735042735042735,2.0,8.199999999999989,13,54,38,14,11,0,0,0
Measured,prefill-1024.sstrace,32,27,21,32,320,123,2.6016260162601625,2.0,7.0,11,53,46,19,5,0,0,0
Measured,prefill-1024.sstrace,32,28,21,32,320,121,2.644628099173554,2.0,8.0,12,55,37,21,8,0,0,0
Measured,prefill-1024.sstrace,32,29,21,32,320,120,2.6666666666666665,2.0,8.0,12,54,36,21,9,0,0,0
Measured,prefill-1024.sstrace,32,30,21,32,320,121,2.644628099173554,1.0,9.0,12,64,33,12,12,0,0,0
Measured,prefill-1024.sstrace,32,31,21,32,320,119,2.689075630252101,2.0,8.099999999999994,14,54,38,19,8,0,0,0
Measured,prefill-1024.sstrace,32,0,22,32,320,173,1.8497109826589595,1.0,4.0,7,94,63,16,0,0,0,0
Measured,prefill-1024.sstrace,32,1,22,32,320,150,2.1333333333333333,2.0,5.0,16,72,57,18,2,1,0,0
Measured,prefill-1024.sstrace,32,2,22,32,320,122,2.622950819672131,1.0,8.949999999999989,18,64,36,14,7,1,0,0
Measured,prefill-1024.sstrace,32,3,22,32,320,101,3.1683168316831685,1.0,11.0,19,52,21,18,6,4,0,0
Measured,prefill-1024.sstrace,32,4,22,32,320,88,3.6363636363636362,2.0,11.299999999999983,21,33,30,12,9,4,0,0
Measured,prefill-1024.sstrace,32,5,22,32,320,94,3.404255319148936,2.0,10.349999999999994,18,40,24,20,7,3,0,0
Measured,prefill-1024.sstrace,32,6,22,32,320,93,3.4408602150537635,2.0,12.399999999999991,18,34,32,17,7,3,0,0
Measured,prefill-1024.sstrace,32,7,22,32,320,90,3.5555555555555554,2.0,9.549999999999997,19,37,21,19,11,2,0,0
Measured,prefill-1024.sstrace,32,8,22,32,320,109,2.9357798165137616,2.0,9.799999999999983,22,54,32,13,8,2,0,0
Measured,prefill-1024.sstrace,32,9,22,32,320,93,3.4408602150537635,2.0,13.599999999999966,21,38,30,15,5,5,0,0
Measured,prefill-1024.sstrace,32,10,22,32,320,103,3.1067961165048543,2.0,9.899999999999991,19,44,32,17,9,1,0,0
Measured,prefill-1024.sstrace,32,11,22,32,320,99,3.2323232323232323,2.0,10.299999999999983,20,47,26,14,10,2,0,0
Measured,prefill-1024.sstrace,32,12,22,32,320,101,3.1683168316831685,2.0,11.0,18,45,28,18,9,1,0,0
Measured,prefill-1024.sstrace,32,13,22,32,320,104,3.076923076923077,2.0,9.849999999999994,17,44,32,20,7,1,0,0
Measured,prefill-1024.sstrace,32,14,22,32,320,106,3.018867924528302,2.0,9.75,17,47,28,20,10,1,0,0
Measured,prefill-1024.sstrace,32,15,22,32,320,114,2.807017543859649,2.0,7.349999999999994,14,44,41,23,6,0,0,0
Measured,prefill-1024.sstrace,32,16,22,32,320,109,2.9357798165137616,2.0,9.599999999999994,17,52,29,20,7,1,0,0
Measured,prefill-1024.sstrace,32,17,22,32,320,112,2.857142857142857,2.0,8.449999999999989,15,45,39,19,9,0,0,0
Measured,prefill-1024.sstrace,32,18,22,32,320,107,2.9906542056074765,2.0,9.0,15,43,37,16,11,0,0,0
Measured,prefill-1024.sstrace,32,19,22,32,320,110,2.909090909090909,2.0,8.549999999999997,15,45,35,22,8,0,0,0
Measured,prefill-1024.sstrace,32,20,22,32,320,111,2.8828828828828827,2.0,8.5,16,45,35,23,7,1,0,0
Measured,prefill-1024.sstrace,32,21,22,32,320,123,2.6016260162601625,2.0,7.0,14,52,42,23,6,0,0,0
Measured,prefill-1024.sstrace,32,22,22,32,320,116,2.7586206896551726,2.0,7.25,16,43,44,23,5,1,0,0
Measured,prefill-1024.sstrace,32,23,22,32,320,111,2.8828828828828827,2.0,8.5,13,42,40,22,7,0,0,0
Measured,prefill-1024.sstrace,32,24,22,32,320,115,2.782608695652174,2.0,7.0,13,44,41,26,4,0,0,0
Measured,prefill-1024.sstrace,32,25,22,32,320,108,2.962962962962963,2.0,8.0,16,40,35,26,6,1,0,0
Measured,prefill-1024.sstrace,32,26,22,32,320,109,2.9357798165137616,2.0,8.0,13,47,33,20,9,0,0,0
Measured,prefill-1024.sstrace,32,27,22,32,320,118,2.711864406779661,2.0,8.0,12,44,46,21,7,0,0,0
Measured,prefill-1024.sstrace,32,28,22,32,320,113,2.831858407079646,2.0,7.3999999999999915,9,44,35,28,6,0,0,0
Measured,prefill-1024.sstrace,32,29,22,32,320,119,2.689075630252101,2.0,8.0,12,49,43,19,8,0,0,0
Measured,prefill-1024.sstrace,32,30,22,32,320,114,2.807017543859649,2.0,8.349999999999994,13,45,39,23,7,0,0,0
Measured,prefill-1024.sstrace,32,31,22,32,320,116,2.7586206896551726,2.0,7.0,15,43,47,21,5,0,0,0
Measured,prefill-1024.sstrace,32,0,23,32,320,98,3.2653061224489797,2.0,9.149999999999991,25,45,24,17,11,1,0,0
Measured,prefill-1024.sstrace,32,1,23,32,320,107,2.9906542056074765,2.0,8.0,17,44,33,21,8,1,0,0
Measured,prefill-1024.sstrace,32,2,23,32,320,106,3.018867924528302,2.0,9.75,17,41,37,20,6,2,0,0
Measured,prefill-1024.sstrace,32,3,23,32,320,111,2.8828828828828827,2.0,9.5,18,48,39,17,6,1,0,0
Measured,prefill-1024.sstrace,32,4,23,32,320,109,2.9357798165137616,2.0,9.199999999999989,19,42,42,17,6,2,0,0
Measured,prefill-1024.sstrace,32,5,23,32,320,105,3.0476190476190474,2.0,8.799999999999997,17,42,36,19,7,1,0,0
Measured,prefill-1024.sstrace,32,6,23,32,320,112,2.857142857142857,2.0,7.449999999999989,18,45,40,21,5,1,0,0
Measured,prefill-1024.sstrace,32,7,23,32,320,125,2.56,2.0,6.799999999999997,16,51,46,23,4,1,0,0
Measured,prefill-1024.sstrace,32,8,23,32,320,117,2.735042735042735,2.0,7.199999999999989,16,48,44,19,5,1,0,0
Measured,prefill-1024.sstrace,32,9,23,32,320,124,2.5806451612903225,2.0,8.0,17,61,42,13,5,3,0,0
Measured,prefill-1024.sstrace,32,10,23,32,320,130,2.4615384615384617,1.5,8.0,16,65,43,14,7,1,0,0
Measured,prefill-1024.sstrace,32,11,23,32,320,122,2.622950819672131,2.0,8.0,19,56,47,11,6,2,0,0
Measured,prefill-1024.sstrace,32,12,23,32,320,128,2.5,2.0,7.299999999999983,14,60,41,20,7,0,0,0
Measured,prefill-1024.sstrace,32,13,23,32,320,123,2.6016260162601625,2.0,7.0,13,52,44,21,6,0,0,0
Measured,prefill-1024.sstrace,32,14,23,32,320,127,2.5196850393700787,2.0,7.699999999999989,13,52,49,19,7,0,0,0
Measured,prefill-1024.sstrace,32,15,23,32,320,127,2.5196850393700787,2.0,7.0,12,56,45,20,6,0,0,0
Measured,prefill-1024.sstrace,32,16,23,32,320,124,2.5806451612903225,2.0,7.0,15,53,49,16,6,0,0,0
Measured,prefill-1024.sstrace,32,17,23,32,320,126,2.5396825396825395,2.0,7.0,14,62,36,23,5,0,0,0
Measured,prefill-1024.sstrace,32,18,23,32,320,136,2.3529411764705883,1.0,7.0,12,73,40,17,6,0,0,0
Measured,prefill-1024.sstrace,32,19,23,32,320,127,2.5196850393700787,2.0,7.699999999999989,12,54,44,22,7,0,0,0
Measured,prefill-1024.sstrace,32,20,23,32,320,132,2.4242424242424243,2.0,7.0,11,60,46,20,6,0,0,0
Measured,prefill-1024.sstrace,32,21,23,32,320,127,2.5196850393700787,2.0,6.0,10,56,40,28,3,0,0,0
Measured,prefill-1024.sstrace,32,22,23,32,320,137,2.335766423357664,1.0,7.0,11,73,37,23,4,0,0,0
Measured,prefill-1024.sstrace,32,23,23,32,320,130,2.4615384615384617,2.0,7.0,10,59,45,20,6,0,0,0
Measured,prefill-1024.sstrace,32,24,23,32,320,138,2.318840579710145,1.0,6.150000000000006,10,71,39,25,3,0,0,0
Measured,prefill-1024.sstrace,32,25,23,32,320,125,2.56,2.0,6.0,9,54,41,26,4,0,0,0
Measured,prefill-1024.sstrace,32,26,23,32,320,125,2.56,2.0,7.0,10,57,37,28,3,0,0,0
Measured,prefill-1024.sstrace,32,27,23,32,320,132,2.4242424242424243,2.0,6.449999999999989,10,56,50,23,3,0,0,0
Measured,prefill-1024.sstrace,32,28,23,32,320,137,2.335766423357664,2.0,6.199999999999989,10,63,47,23,4,0,0,0
Measured,prefill-1024.sstrace,32,29,23,32,320,135,2.3703703703703702,2.0,6.0,12,66,36,30,3,0,0,0
Measured,prefill-1024.sstrace,32,30,23,32,320,127,2.5196850393700787,2.0,6.699999999999989,9,55,42,24,6,0,0,0
Measured,prefill-1024.sstrace,32,31,23,32,320,132,2.4242424242424243,2.0,6.0,12,55,49,24,4,0,0,0
Measured,prefill-1024.sstrace,32,0,24,32,320,106,3.018867924528302,2.0,8.75,14,37,39,21,9,0,0,0
Measured,prefill-1024.sstrace,32,1,24,32,320,97,3.2989690721649483,2.0,10.0,12,37,28,20,12,0,0,0
Measured,prefill-1024.sstrace,32,2,24,32,320,101,3.1683168316831685,2.0,9.0,15,36,33,24,8,0,0,0
Measured,prefill-1024.sstrace,32,3,24,32,320,107,2.9906542056074765,2.0,9.0,16,41,39,17,9,1,0,0
Measured,prefill-1024.sstrace,32,4,24,32,320,116,2.7586206896551726,2.0,8.0,15,52,32,25,7,0,0,0
Measured,prefill-1024.sstrace,32,5,24,32,320,101,3.1683168316831685,2.0,10.0,17,37,36,19,8,1,0,0
Measured,prefill-1024.sstrace,32,6,24,32,320,103,3.1067961165048543,2.0,8.0,13,35,37,24,7,0,0,0
Measured,prefill-1024.sstrace,32,7,24,32,320,117,2.735042735042735,2.0,7.199999999999989,12,55,31,25,6,0,0,0
Measured,prefill-1024.sstrace,32,8,24,32,320,106,3.018867924528302,2.0,8.75,15,38,39,22,7,0,0,0
Measured,prefill-1024.sstrace,32,9,24,32,320,118,2.711864406779661,2.0,8.0,16,56,30,25,6,1,0,0
Measured,prefill-1024.sstrace,32,10,24,32,320,123,2.6016260162601625,2.0,7.0,16,57,38,23,4,1,0,0
Measured,prefill-1024.sstrace,32,11,24,32,320,123,2.6016260162601625,1.0,8.799999999999983,16,64,31,21,6,1,0,0
Measured,prefill-1024.sstrace,32,12,24,32,320,119,2.689075630252101,2.0,8.0,16,49,46,16,7,1,0,0
Measured,prefill-1024.sstrace,32,13,24,32,320,118,2.711864406779661,2.0,6.1499999999999915,12,46,38,29,5,0,0,0
Measured,prefill-1024.sstrace,32,14,24,32,320,122,2.622950819672131,2.0,6.949999999999989,14,54,38,24,6,0,0,0
Measured,prefill-1024.sstrace,32,15,24,32,320,127,2.5196850393700787,2.0,6.0,12,53,45,26,3,0,0,0
Measured,prefill-1024.sstrace,32,16,24,32,320,120,2.6666666666666665,2.0,8.0,15,48,50,15,7,0,0,0
Measured,prefill-1024.sstrace,32,17,24,32,320,125,2.56,2.0,7.0,17,60,42,18,2,3,0,0
Measured,prefill-1024.sstrace,32,18,24,32,320,134,2.388059701492537,1.5,6.349999999999994,16,67,45,17,3,2,0,0
Measured,prefill-1024.sstrace,32,19,24,32,320,126,2.5396825396825395,2.0,7.75,16,56,49,14,6,1,0,0
Measured,prefill-1024.sstrace,32,20,24,32,320,125,2.56,2.0,7.0,14,52,46,22,5,0,0,0
Measured,prefill-1024.sstrace,32,21,24,32,320,121,2.644628099173554,2.0,7.0,15,51,43,22,5,0,0,0
Measured,prefill-1024.sstrace,32,22,24,32,320,123,2.6016260162601625,2.0,6.8999999999999915,15,51,48,18,6,0,0,0
Measured,prefill-1024.sstrace,32,23,24,32,320,127,2.5196850393700787,2.0,6.0,15,60,40,23,4,0,0,0
Measured,prefill-1024.sstrace,32,24,24,32,320,117,2.735042735042735,2.0,9.0,17,48,45,15,8,1,0,0
Measured,prefill-1024.sstrace,32,25,24,32,320,123,2.6016260162601625,2.0,7.8999999999999915,18,60,39,17,4,3,0,0
Measured,prefill-1024.sstrace,32,26,24,32,320,114,2.807017543859649,2.0,7.349999999999994,16,47,44,17,5,1,0,0
Measured,prefill-1024.sstrace,32,27,24,32,320,133,2.406015037593985,2.0,6.3999999999999915,13,64,40,24,5,0,0,0
Measured,prefill-1024.sstrace,32,28,24,32,320,126,2.5396825396825395,2.0,7.0,10,55,42,23,6,0,0,0
Measured,prefill-1024.sstrace,32,29,24,32,320,124,2.5806451612903225,2.0,6.0,14,53,44,22,5,0,0,0
Measured,prefill-1024.sstrace,32,30,24,32,320,132,2.4242424242424243,1.0,7.0,16,67,39,22,3,1,0,0
Measured,prefill-1024.sstrace,32,31,24,32,320,120,2.6666666666666665,2.0,8.049999999999997,16,55,39,19,6,1,0,0
Measured,prefill-1024.sstrace,32,0,25,32,320,100,3.2,2.0,10.099999999999994,16,45,23,21,10,1,0,0
Measured,prefill-1024.sstrace,32,1,25,32,320,86,3.7209302325581395,2.0,9.75,13,27,22,28,9,0,0,0
Measured,prefill-1024.sstrace,32,2,25,32,320,93,3.4408602150537635,2.0,8.0,16,29,32,22,9,1,0,0
Measured,prefill-1024.sstrace,32,3,25,32,320,106,3.018867924528302,2.0,8.0,18,38,37,24,6,1,0,0
Measured,prefill-1024.sstrace,32,4,25,32,320,106,3.018867924528302,2.0,8.0,17,46,30,21,8,1,0,0
Measured,prefill-1024.sstrace,32,5,25,32,320,112,2.857142857142857,2.0,9.449999999999989,19,52,33,18,8,1,0,0
Measured,prefill-1024.sstrace,32,6,25,32,320,114,2.807017543859649,2.0,8.349999999999994,16,48,40,18,7,1,0,0
Measured,prefill-1024.sstrace,32,7,25,32,320,115,2.782608695652174,2.0,7.599999999999994,12,45,41,23,6,0,0,0
Measured,prefill-1024.sstrace,32,8,25,32,320,116,2.7586206896551726,2.0,8.0,14,41,48,20,7,0,0,0
Measured,prefill-1024.sstrace,32,9,25,32,320,117,2.735042735042735,2.0,8.0,15,51,39,20,7,0,0,0
Measured,prefill-1024.sstrace,32,10,25,32,320,119,2.689075630252101,2.0,8.099999999999994,12,50,41,21,7,0,0,0
Measured,prefill-1024.sstrace,32,11,25,32,320,124,2.5806451612903225,2.0,7.0,16,58,38,22,5,1,0,0
Measured,prefill-1024.sstrace,32,12,25,32,320,123,2.6016260162601625,2.0,8.0,13,57,42,15,9,0,0,0
Measured,prefill-1024.sstrace,32,13,25,32,320,124,2.5806451612903225,2.0,8.0,11,58,42,16,8,0,0,0
Measured,prefill-1024.sstrace,32,14,25,32,320,125,2.56,2.0,7.0,8,48,48,25,4,0,0,0
Measured,prefill-1024.sstrace,32,15,25,32,320,138,2.318840579710145,1.0,7.0,10,70,41,24,3,0,0,0
Measured,prefill-1024.sstrace,32,16,25,32,320,135,2.3703703703703702,1.0,7.299999999999997,10,70,38,20,7,0,0,0
Measured,prefill-1024.sstrace,32,17,25,32,320,130,2.4615384615384617,2.0,7.549999999999997,11,64,38,21,7,0,0,0
Measured,prefill-1024.sstrace,32,18,25,32,320,133,2.406015037593985,1.0,7.0,14,71,34,25,3,0,0,0
Measured,prefill-1024.sstrace,32,19,25,32,320,127,2.5196850393700787,2.0,7.0,12,57,44,21,5,0,0,0
Measured,prefill-1024.sstrace,32,20,25,32,320,136,2.3529411764705883,2.0,6.25,11,65,45,21,5,0,0,0
Measured,prefill-1024.sstrace,32,21,25,32,320,131,2.4427480916030535,2.0,6.0,11,52,49,27,3,0,0,0
Measured,prefill-1024.sstrace,32,22,25,32,320,137,2.335766423357664,2.0,7.0,10,64,48,19,6,0,0,0
Measured,prefill-1024.sstrace,32,23,25,32,320,140,2.2857142857142856,2.0,6.049999999999983,10,69,45,23,3,0,0,0
Measured,prefill-1024.sstrace,32,24,25,32,320,143,2.237762237762238,1.0,7.0,10,76,42,19,6,0,0,0
Measured,prefill-1024.sstrace,32,25,25,32,320,137,2.335766423357664,1.0,7.0,13,71,43,20,3,0,0,0
Measured,prefill-1024.sstrace,32,26,25,32,320,142,2.2535211267605635,1.0,6.949999999999989,10,72,47,19,4,0,0,0
Measured,prefill-1024.sstrace,32,27,25,32,320,145,2.206896551724138,1.0,6.0,11,78,44,19,4,0,0,0
Measured,prefill-1024.sstrace,32,28,25,32,320,143,2.237762237762238,2.0,6.0,9,65,54,21,3,0,0,0
Measured,prefill-1024.sstrace,32,29,25,32,320,135,2.3703703703703702,2.0,6.299999999999997,11,64,44,22,5,0,0,0
Measured,prefill-1024.sstrace,32,30,25,32,320,137,2.335766423357664,2.0,6.199999999999989,10,63,46,24,4,0,0,0
Measured,prefill-1024.sstrace,32,31,25,32,320,138,2.318840579710145,1.0,7.0,12,71,39,23,5,0,0,0
Measured,prefill-1024.sstrace,32,0,26,32,320,112,2.857142857142857,1.5,10.349999999999966,18,56,29,20,5,2,0,0
Measured,prefill-1024.sstrace,32,1,26,32,320,106,3.018867924528302,2.0,8.0,20,39,38,22,6,1,0,0
Measured,prefill-1024.sstrace,32,2,26,32,320,102,3.1372549019607843,2.0,9.0,12,39,33,20,10,0,0,0
Measured,prefill-1024.sstrace,32,3,26,32,320,115,2.782608695652174,2.0,6.599999999999994,13,50,32,27,6,0,0,0
Measured,prefill-1024.sstrace,32,4,26,32,320,113,2.831858407079646,2.0,7.0,12,40,44,25,4,0,0,0
Measured,prefill-1024.sstrace,32,5,26,32,320,107,2.9906542056074765,2.0,8.699999999999989,13,40,38,22,7,0,0,0
Measured,prefill-1024.sstrace,32,6,26,32,320,126,2.5396825396825395,2.0,6.75,11,53,44,23,6,0,0,0
Measured,prefill-1024.sstrace,32,7,26,32,320,132,2.4242424242424243,2.0,6.0,10,59,45,24,4,0,0,0
Measured,prefill-1024.sstrace,32,8,26,32,320,119,2.689075630252101,2.0,10.0,12,49,44,18,8,0,0,0
Measured,prefill-1024.sstrace,32,9,26,32,320,126,2.5396825396825395,2.0,7.75,14,50,53,16,7,0,0,0
Measured,prefill-1024.sstrace,32,10,26,32,320,138,2.318840579710145,2.0,5.150000000000006,12,57,57,20,4,0,0,0
Measured,prefill-1024.sstrace,32,11,26,32,320,126,2.5396825396825395,2.0,6.0,12,56,42,24,4,0,0,0
Measured,prefill-1024.sstrace,32,12,26,32,320,130,2.4615384615384617,2.0,6.0,15,59,43,24,4,0,0,0
Measured,prefill-1024.sstrace,32,13,26,32,320,132,2.4242424242424243,2.0,6.449999999999989,9,56,50,23,3,0,0,0
Measured,prefill-1024.sstrace,32,14,26,32,320,136,2.3529411764705883,2.0,5.25,9,56,57,20,3,0,0,0
Measured,prefill-1024.sstrace,32,15,26,32,320,143,2.237762237762238,2.0,5.0,10,66,48,27,2,0,0,0
Measured,prefill-1024.sstrace,32,16,26,32,320,127,2.5196850393700787,2.0,6.0,11,51,47,26,3,0,0,0
Measured,prefill-1024.sstrace,32,17,26,32,320,132,2.4242424242424243,2.0,6.0,11,61,42,25,4,0,0,0
Measured,prefill-1024.sstrace,32,18,26,32,320,123,2.6016260162601625,2.0,7.0,11,52,43,22,6,0,0,0
Measured,prefill-1024.sstrace,32,19,26,32,320,127,2.5196850393700787,2.0,6.0,12,56,40,26,5,0,0,0
Measured,prefill-1024.sstrace,32,20,26,32,320,130,2.4615384615384617,2.0,6.0,12,60,41,24,5,0,0,0
Measured,prefill-1024.sstrace,32,21,26,32,320,139,2.302158273381295,2.0,6.0,9,67,45,23,4,0,0,0
Measured,prefill-1024.sstrace,32,22,26,32,320,143,2.237762237762238,1.0,5.0,11,74,41,26,2,0,0,0
Measured,prefill-1024.sstrace,32,23,26,32,320,143,2.237762237762238,1.0,6.0,9,74,40,26,3,0,0,0
Measured,prefill-1024.sstrace,32,24,26,32,320,138,2.318840579710145,2.0,6.0,9,62,46,27,3,0,0,0
Measured,prefill-1024.sstrace,32,25,26,32,320,132,2.4242424242424243,2.0,7.0,9,62,41,23,6,0,0,0
Measured,prefill-1024.sstrace,32,26,26,32,320,131,2.4427480916030535,2.0,6.0,11,63,36,28,4,0,0,0
Measured,prefill-1024.sstrace,32,27,26,32,320,136,2.3529411764705883,2.0,6.25,12,67,41,26,2,0,0,0
Measured,prefill-1024.sstrace,32,28,26,32,320,148,2.1621621621621623,1.0,6.0,9,76,48,22,2,0,0,0
Measured,prefill-1024.sstrace,32,29,26,32,320,138,2.318840579710145,2.0,6.0,12,62,47,27,2,0,0,0
Measured,prefill-1024.sstrace,32,30,26,32,320,150,2.1333333333333333,1.0,6.0,9,78,47,24,1,0,0,0
Measured,prefill-1024.sstrace,32,31,26,32,320,133,2.406015037593985,2.0,7.0,10,59,47,23,4,0,0,0
Measured,prefill-1024.sstrace,32,0,27,32,320,96,3.3333333333333335,2.0,11.25,21,41,28,17,7,3,0,0
Measured,prefill-1024.sstrace,32,1,27,32,320,97,3.2989690721649483,2.0,9.0,12,36,29,19,13,0,0,0
Measured,prefill-1024.sstrace,32,2,27,32,320,99,3.2323232323232323,3.0,7.199999999999989,13,34,29,31,5,0,0,0
Measured,prefill-1024.sstrace,32,3,27,32,320,118,2.711864406779661,2.0,8.0,12,51,38,21,8,0,0,0
Measured,prefill-1024.sstrace,32,4,27,32,320,123,2.6016260162601625,2.0,7.0,10,58,31,28,6,0,0,0
Measured,prefill-1024.sstrace,32,5,27,32,320,118,2.711864406779661,2.0,9.0,13,52,39,19,8,0,0,0
Measured,prefill-1024.sstrace,32,6,27,32,320,119,2.689075630252101,2.0,7.0,11,53,35,27,4,0,0,0
Measured,prefill-1024.sstrace,32,7,27,32,320,122,2.622950819672131,2.0,7.0,11,52,41,24,5,0,0,0
Measured,prefill-1024.sstrace,32,8,27,32,320,122,2.622950819672131,2.0,7.0,12,51,40,26,5,0,0,0
Measured,prefill-1024.sstrace,32,9,27,32,320,123,2.6016260162601625,2.0,7.0,11,57,35,25,6,0,0,0
Measured,prefill-1024.sstrace,32,10,27,32,320,134,2.388059701492537,2.0,6.0,10,60,50,19,5,0,0,0
Measured,prefill-1024.sstrace,32,11,27,32,320,140,2.2857142857142856,1.0,6.0,10,71,45,20,4,0,0,0
Measured,prefill-1024.sstrace,32,12,27,32,320,134,2.388059701492537,2.0,8.0,11,62,48,16,8,0,0,0
Measured,prefill-1024.sstrace,32,13,27,32,320,132,2.4242424242424243,2.0,7.0,9,57,47,23,5,0,0,0
Measured,prefill-1024.sstrace,32,14,27,32,320,138,2.318840579710145,2.0,6.0,8,64,49,22,3,0,0,0
Measured,prefill-1024.sstrace,32,15,27,32,320,135,2.3703703703703702,2.0,6.0,9,54,58,20,3,0,0,0
Measured,prefill-1024.sstrace,32,16,27,32,320,133,2.406015037593985,2.0,6.0,14,62,41,28,2,0,0,0
Measured,prefill-1024.sstrace,32,17,27,32,320,136,2.3529411764705883,2.0,6.0,8,62,45,26,3,0,0,0
Measured,prefill-1024.sstrace,32,18,27,32,320,131,2.4427480916030535,2.0,6.0,12,59,42,26,4,0,0,0
Measured,prefill-1024.sstrace,32,19,27,32,320,136,2.3529411764705883,2.0,7.25,11,64,49,16,7,0,0,0
Measured,prefill-1024.sstrace,32,20,27,32,320,128,2.5,2.0,7.0,12,57,44,24,3,0,0,0
Measured,prefill-1024.sstrace,32,21,27,32,320,130,2.4615384615384617,2.0,7.0,10,61,41,24,4,0,0,0
Measured,prefill-1024.sstrace,32,22,27,32,320,144,2.2222222222222223,1.0,6.0,10,79,40,21,4,0,0,0
Measured,prefill-1024.sstrace,32,23,27,32,320,133,2.406015037593985,1.0,7.0,10,67,40,21,5,0,0,0
Measured,prefill-1024.sstrace,32,24,27,32,320,146,2.191780821917808,1.0,6.0,8,76,43,25,2,0,0,0
Measured,prefill-1024.sstrace,32,25,27,32,320,138,2.318840579710145,1.5,6.150000000000006,10,69,45,20,4,0,0,0
Measured,prefill-1024.sstrace,32,26,27,32,320,139,2.302158273381295,1.0,7.0,13,73,42,18,6,0,0,0
Measured,prefill-1024.sstrace,32,27,27,32,320,130,2.4615384615384617,1.0,8.0,10,67,39,16,8,0,0,0
Measured,prefill-1024.sstrace,32,28,27,32,320,148,2.1621621621621623,1.0,7.0,12,82,42,17,7,0,0,0
Measured,prefill-1024.sstrace,32,29,27,32,320,142,2.2535211267605635,1.0,6.949999999999989,10,80,36,19,7,0,0,0
Measured,prefill-1024.sstrace,32,30,27,32,320,136,2.3529411764705883,2.0,6.0,9,61,53,17,5,0,0,0
Measured,prefill-1024.sstrace,32,31,27,32,320,133,2.406015037593985,2.0,7.0,9,60,44,25,4,0,0,0
Measured,prefill-1024.sstrace,32,0,28,32,320,131,2.4427480916030535,1.0,6.5,20,69,38,19,3,2,0,0
Measured,prefill-1024.sstrace,32,1,28,32,320,108,2.962962962962963,2.0,7.6499999999999915,19,47,31,24,4,2,0,0
Measured,prefill-1024.sstrace,32,2,28,32,320,108,2.962962962962963,2.0,8.0,17,48,33,18,7,2,0,0
Measured,prefill-1024.sstrace,32,3,28,32,320,107,2.9906542056074765,2.0,7.699999999999989,18,41,38,22,5,1,0,0
Measured,prefill-1024.sstrace,32,4,28,32,320,117,2.735042735042735,2.0,8.0,17,49,41,20,6,1,0,0
Measured,prefill-1024.sstrace,32,5,28,32,320,111,2.8828828828828827,2.0,8.0,14,44,37,23,7,0,0,0
Measured,prefill-1024.sstrace,32,6,28,32,320,120,2.6666666666666665,2.0,7.049999999999997,15,45,51,18,6,0,0,0
Measured,prefill-1024.sstrace,32,7,28,32,320,115,2.782608695652174,2.0,7.0,14,44,42,24,5,0,0,0
Measured,prefill-1024.sstrace,32,8,28,32,320,108,2.962962962962963,2.0,8.649999999999991,17,44,35,21,6,2,0,0
Measured,prefill-1024.sstrace,32,9,28,32,320,119,2.689075630252101,2.0,7.099999999999994,15,50,45,18,6,0,0,0
Measured,prefill-1024.sstrace,32,10,28,32,320,122,2.622950819672131,2.0,6.0,16,49,45,25,2,1,0,0
Measured,prefill-1024.sstrace,32,11,28,32,320,118,2.711864406779661,2.0,7.0,16,53,36,25,3,1,0,0
Measured,prefill-1024.sstrace,32,12,28,32,320,123,2.6016260162601625,2.0,7.8999999999999915,16,59,36,21,6,1,0,0
Measured,prefill-1024.sstrace,32,13,28,32,320,113,2.831858407079646,2.0,8.0,14,46,39,20,8,0,0,0
Measured,prefill-1024.sstrace,32,14,28,32,320,113,2.831858407079646,2.0,7.0,13,45,36,27,5,0,0,0
Measured,prefill-1024.sstrace,32,15,28,32,320,121,2.644628099173554,2.0,8.0,12,54,34,26,7,0,0,0
Measured,prefill-1024.sstrace,32,16,28,32,320,108,2.962962962962963,2.0,8.0,17,42,33,26,6,1,0,0
Measured,prefill-1024.sstrace,32,17,28,32,320,123,2.6016260162601625,2.0,6.8999999999999915,14,50,47,20,6,0,0,0
Measured,prefill-1024.sstrace,32,18,28,32,320,118,2.711864406779661,2.0,7.1499999999999915,17,52,40,20,5,1,0,0
Measured,prefill-1024.sstrace,32,19,28,32,320,103,3.1067961165048543,2.0,7.0,16,32,39,27,4,1,0,0
Measured,prefill-1024.sstrace,32,20,28,32,320,115,2.782608695652174,2.0,7.299999999999997,14,48,37,24,6,0,0,0
Measured,prefill-1024.sstrace,32,21,28,32,320,114,2.807017543859649,2.0,7.349999999999994,14,45,40,23,6,0,0,0
Measured,prefill-1024.sstrace,32,22,28,32,320,123,2.6016260162601625,2.0,7.799999999999983,10,55,37,24,7,0,0,0
Measured,prefill-1024.sstrace,32,23,28,32,320,124,2.5806451612903225,2.0,7.849999999999994,10,55,39,23,7,0,0,0
Measured,prefill-1024.sstrace,32,24,28,32,320,124,2.5806451612903225,2.0,7.0,12,48,48,23,5,0,0,0
Measured,prefill-1024.sstrace,32,25,28,32,320,114,2.807017543859649,2.0,7.0,13,43,39,27,5,0,0,0
Measured,prefill-1024.sstrace,32,26,28,32,320,117,2.735042735042735,2.0,8.0,10,48,36,26,7,0,0,0
Measured,prefill-1024.sstrace,32,27,28,32,320,115,2.782608695652174,2.0,7.299999999999997,12,47,40,22,6,0,0,0
Measured,prefill-1024.sstrace,32,28,28,32,320,124,2.5806451612903225,2.0,7.0,11,52,41,25,6,0,0,0
Measured,prefill-1024.sstrace,32,29,28,32,320,119,2.689075630252101,2.0,7.099999999999994,11,50,37,26,6,0,0,0
Measured,prefill-1024.sstrace,32,30,28,32,320,115,2.782608695652174,2.0,7.0,11,41,40,30,4,0,0,0
Measured,prefill-1024.sstrace,32,31,28,32,320,129,2.4806201550387597,2.0,6.599999999999994,12,59,42,24,4,0,0,0
Measured,prefill-1024.sstrace,32,0,29,32,320,99,3.2323232323232323,2.0,11.199999999999989,22,42,35,13,6,3,0,0
Measured,prefill-1024.sstrace,32,1,29,32,320,101,3.1683168316831685,2.0,8.0,19,38,35,17,10,1,0,0
Measured,prefill-1024.sstrace,32,2,29,32,320,112,2.857142857142857,2.0,7.449999999999989,19,51,37,18,4,2,0,0
Measured,prefill-1024.sstrace,32,3,29,32,320,115,2.782608695652174,2.0,8.0,21,53,38,17,4,3,0,0
Measured,prefill-1024.sstrace,32,4,29,32,320,117,2.735042735042735,2.0,7.0,20,53,37,22,3,2,0,0
Measured,prefill-1024.sstrace,32,5,29,32,320,121,2.644628099173554,2.0,7.0,21,56,39,22,2,2,0,0
Measured,prefill-1024.sstrace,32,6,29,32,320,134,2.388059701492537,2.0,7.0,14,64,48,17,5,0,0,0
Measured,prefill-1024.sstrace,32,7,29,32,320,131,2.4427480916030535,1.0,7.0,17,67,38,21,4,1,0,0
Measured,prefill-1024.sstrace,32,8,29,32,320,126,2.5396825396825395,2.0,5.0,19,54,49,20,1,2,0,0
Measured,prefill-1024.sstrace,32,9,29,32,320,138,2.318840579710145,1.0,6.0,19,70,46,17,3,2,0,0
Measured,prefill-1024.sstrace,32,10,29,32,320,135,2.3703703703703702,2.0,6.0,18,58,58,14,3,2,0,0
Measured,prefill-1024.sstrace,32,11,29,32,320,141,2.269503546099291,1.0,5.0,19,71,47,19,3,1,0,0
Measured,prefill-1024.sstrace,32,12,29,32,320,132,2.4242424242424243,2.0,6.0,17,65,38,26,2,1,0,0
Measured,prefill-1024.sstrace,32,13,29,32,320,126,2.5396825396825395,2.0,5.75,17,49,54,19,3,1,0,0
Measured,prefill-1024.sstrace,32,14,29,32,320,136,2.3529411764705883,1.0,6.0,19,69,41,23,2,1,0,0
Measured,prefill-1024.sstrace,32,15,29,32,320,138,2.318840579710145,2.0,6.0,15,61,56,18,3,0,0,0
Measured,prefill-1024.sstrace,32,16,29,32,320,130,2.4615384615384617,2.0,6.0,22,58,51,17,2,2,0,0
Measured,prefill-1024.sstrace,32,17,29,32,320,129,2.4806201550387597,2.0,5.599999999999994,15,49,56,20,4,0,0,0
Measured,prefill-1024.sstrace,32,18,29,32,320,142,2.2535211267605635,2.0,5.0,16,68,52,19,2,1,0,0
Measured,prefill-1024.sstrace,32,19,29,32,320,127,2.5196850393700787,2.0,6.0,17,51,49,24,2,1,0,0
Measured,prefill-1024.sstrace,32,20,29,32,320,125,2.56,2.0,6.0,15,47,53,21,4,0,0,0
Measured,prefill-1024.sstrace,32,21,29,32,320,135,2.3703703703703702,2.0,6.299999999999997,15,64,46,20,5,0,0,0
Measured,prefill-1024.sstrace,32,22,29,32,320,135,2.3703703703703702,2.0,5.299999999999997,12,59,48,25,3,0,0,0
Measured,prefill-1024.sstrace,32,23,29,32,320,138,2.318840579710145,2.0,5.0,15,63,48,25,2,0,0,0
Measured,prefill-1024.sstrace,32,24,29,32,320,149,2.1476510067114094,1.0,5.0,14,75,54,16,4,0,0,0
Measured,prefill-1024.sstrace,32,25,29,32,320,131,2.4427480916030535,2.0,6.5,14,58,46,24,3,0,0,0
Measured,prefill-1024.sstrace,32,26,29,32,320,137,2.335766423357664,2.0,6.199999999999989,11,63,49,21,4,0,0,0
Measured,prefill-1024.sstrace,32,27,29,32,320,126,2.5396825396825395,2.0,6.0,11,51,44,27,4,0,0,0
Measured,prefill-1024.sstrace,32,28,29,32,320,141,2.269503546099291,2.0,6.0,11,64,50,25,2,0,0,0
Measured,prefill-1024.sstrace,32,29,29,32,320,137,2.335766423357664,2.0,6.0,14,60,50,25,2,0,0,0
Measured,prefill-1024.sstrace,32,30,29,32,320,137,2.335766423357664,2.0,6.0,14,63,46,25,3,0,0,0
Measured,prefill-1024.sstrace,32,31,29,32,320,142,2.2535211267605635,2.0,5.949999999999989,15,70,48,20,4,0,0,0
Measured,prefill-1024.sstrace,32,0,30,32,320,108,2.962962962962963,2.0,8.649999999999991,15,47,29,24,8,0,0,0
Measured,prefill-1024.sstrace,32,1,30,32,320,110,2.909090909090909,2.0,8.549999999999997,18,40,40,23,6,1,0,0
Measured,prefill-1024.sstrace,32,2,30,32,320,133,2.406015037593985,2.0,6.3999999999999915,16,65,45,18,4,1,0,0
Measured,prefill-1024.sstrace,32,3,30,32,320,140,2.2857142857142856,1.0,6.0,20,74,42,20,3,1,0,0
Measured,prefill-1024.sstrace,32,4,30,32,320,152,2.1052631578947367,2.0,5.0,15,74,58,16,4,0,0,0
Measured,prefill-1024.sstrace,32,5,30,32,320,139,2.302158273381295,1.0,6.0,16,73,41,20,4,1,0,0
Measured,prefill-1024.sstrace,32,6,30,32,320,136,2.3529411764705883,2.0,6.0,13,65,44,23,4,0,0,0
Measured,prefill-1024.sstrace,32,7,30,32,320,142,2.2535211267605635,2.0,6.0,13,66,50,22,4,0,0,0
Measured,prefill-1024.sstrace,32,8,30,32,320,143,2.237762237762238,2.0,5.900000000000006,17,63,60,18,1,1,0,0
Measured,prefill-1024.sstrace,32,9,30,32,320,143,2.237762237762238,1.0,6.0,17,72,54,13,3,1,0,0
Measured,prefill-1024.sstrace,32,10,30,32,320,148,2.1621621621621623,2.0,5.0,11,67,61,17,3,0,0,0
Measured,prefill-1024.sstrace,32,11,30,32,320,148,2.1621621621621623,2.0,5.0,12,68,60,18,2,0,0,0
Measured,prefill-1024.sstrace,32,12,30,32,320,144,2.2222222222222223,2.0,5.0,11,71,46,24,3,0,0,0
Measured,prefill-1024.sstrace,32,13,30,32,320,146,2.191780821917808,2.0,5.75,12,71,49,23,3,0,0,0
Measured,prefill-1024.sstrace,32,14,30,32,320,155,2.064516129032258,1.0,5.299999999999983,13,86,46,21,2,0,0,0
Measured,prefill-1024.sstrace,32,15,30,32,320,169,1.893491124260355,1.0,5.0,10,107,38,22,2,0,0,0
Measured,prefill-1024.sstrace,32,16,30,32,320,144,2.2222222222222223,1.0,5.0,16,75,44,23,1,1,0,0
Measured,prefill-1024.sstrace,32,17,30,32,320,147,2.17687074829932,2.0,5.0,14,69,60,15,3,0,0,0
Measured,prefill-1024.sstrace,32,18,30,32,320,154,2.0779220779220777,1.0,5.0,10,79,53,18,4,0,0,0
Measured,prefill-1024.sstrace,32,19,30,32,320,154,2.0779220779220777,1.0,5.349999999999994,10,78,55,18,3,0,0,0
Measured,prefill-1024.sstrace,32,20,30,32,320,146,2.191780821917808,1.0,6.0,11,78,42,23,3,0,0,0
Measured,prefill-1024.sstrace,32,21,30,32,320,156,2.051282051282051,2.0,5.0,9,75,63,17,1,0,0,0
Measured,prefill-1024.sstrace,32,22,30,32,320,165,1.9393939393939394,1.0,5.0,7,88,57,20,0,0,0,0
Measured,prefill-1024.sstrace,32,23,30,32,320,156,2.051282051282051,2.0,5.0,10,76,60,18,2,0,0,0
Measured,prefill-1024.sstrace,32,24,30,32,320,159,2.0125786163522013,2.0,5.0,11,76,64,18,1,0,0,0
Measured,prefill-1024.sstrace,32,25,30,32,320,147,2.17687074829932,2.0,5.0,10,72,50,22,3,0,0,0
Measured,prefill-1024.sstrace,32,26,30,32,320,152,2.1052631578947367,2.0,5.0,10,72,58,19,3,0,0,0
Measured,prefill-1024.sstrace,32,27,30,32,320,151,2.119205298013245,1.0,6.0,10,79,50,18,4,0,0,0
Measured,prefill-1024.sstrace,32,28,30,32,320,159,2.0125786163522013,1.0,6.0,12,91,49,15,4,0,0,0
Measured,prefill-1024.sstrace,32,29,30,32,320,142,2.2535211267605635,2.0,5.0,10,64,51,25,2,0,0,0
Measured,prefill-1024.sstrace,32,30,30,32,320,156,2.051282051282051,1.0,5.0,9,79,54,21,2,0,0,0
Measured,prefill-1024.sstrace,32,31,30,32,320,160,2.0,1.0,5.0,10,83,56,20,1,0,0,0
Measured,prefill-1024.sstrace,32,0,31,32,320,98,3.2653061224489797,2.0,8.299999999999983,17,35,37,18,5,3,0,0
Measured,prefill-1024.sstrace,32,1,31,32,320,85,3.764705882352941,2.0,12.799999999999997,17,28,26,23,6,2,0,0
Measured,prefill-1024.sstrace,32,2,31,32,320,95,3.3684210526315788,2.0,11.0,17,33,34,20,7,1,0,0
Measured,prefill-1024.sstrace,32,3,31,32,320,99,3.2323232323232323,2.0,11.0,18,47,24,17,7,4,0,0
Measured,prefill-1024.sstrace,32,4,31,32,320,102,3.1372549019607843,2.0,11.0,17,40,38,16,5,3,0,0
Measured,prefill-1024.sstrace,32,5,31,32,320,104,3.076923076923077,2.0,9.849999999999994,18,42,37,17,6,2,0,0
Measured,prefill-1024.sstrace,32,6,31,32,320,99,3.2323232323232323,2.0,10.0,15,32,37,23,7,0,0,0
Measured,prefill-1024.sstrace,32,7,31,32,320,107,2.9906542056074765,2.0,9.0,13,40,35,23,9,0,0,0
Measured,prefill-1024.sstrace,32,8,31,32,320,102,3.1372549019607843,2.0,10.949999999999989,16,40,33,19,8,2,0,0
Measured,prefill-1024.sstrace,32,9,31,32,320,99,3.2323232323232323,2.0,12.0,17,42,31,15,10,1,0,0
Measured,prefill-1024.sstrace,32,10,31,32,320,109,2.9357798165137616,2.0,7.599999999999994,15,39,40,24,6,0,0,0
Measured,prefill-1024.sstrace,32,11,31,32,320,108,2.962962962962963,2.0,10.0,16,36,48,17,6,1,0,0
Measured,prefill-1024.sstrace,32,12,31,32,320,100,3.2,2.0,8.099999999999994,16,34,35,21,9,1,0,0
Measured,prefill-1024.sstrace,32,13,31,32,320,100,3.2,2.0,9.099999999999994,13,33,38,21,8,0,0,0
Measured,prefill-1024.sstrace,32,14,31,32,320,110,2.909090909090909,2.0,8.549999999999997,17,44,39,19,7,1,0,0
Measured,prefill-1024.sstrace,32,15,31,32,320,112,2.857142857142857,2.0,8.449999999999989,12,45,41,19,7,0,0,0
Measured,prefill-1024.sstrace,32,16,31,32,320,92,3.4782608695652173,2.0,9.0,19,33,27,24,6,2,0,0
Measured,prefill-1024.sstrace,32,17,31,32,320,100,3.2,2.0,10.0,15,31,37,25,7,0,0,0
Measured,prefill-1024.sstrace,32,18,31,32,320,104,3.076923076923077,2.0,8.849999999999994,14,39,40,18,7,0,0,0
Measured,prefill-1024.sstrace,32,19,31,32,320,112,2.857142857142857,2.0,7.899999999999977,13,47,35,24,6,0,0,0
Measured,prefill-1024.sstrace,32,20,31,32,320,115,2.782608695652174,2.0,8.299999999999997,13,48,39,20,8,0,0,0
Measured,prefill-1024.sstrace,32,21,31,32,320,119,2.689075630252101,2.0,8.0,13,58,28,25,8,0,0,0
Measured,prefill-1024.sstrace,32,22,31,32,320,120,2.6666666666666665,2.0,7.0,9,45,45,27,3,0,0,0
Measured,prefill-1024.sstrace,32,23,31,32,320,121,2.644628099173554,2.0,7.0,9,55,33,28,5,0,0,0
Measured,prefill-1024.sstrace,32,24,31,32,320,127,2.5196850393700787,2.0,7.0,11,61,35,25,6,0,0,0
Measured,prefill-1024.sstrace,32,25,31,32,320,116,2.7586206896551726,2.0,6.25,13,49,33,30,4,0,0,0
Measured,prefill-1024.sstrace,32,26,31,32,320,132,2.4242424242424243,1.0,7.0,11,73,31,23,5,0,0,0
Measured,prefill-1024.sstrace,32,27,31,32,320,129,2.4806201550387597,1.0,8.0,10,69,33,19,8,0,0,0
Measured,prefill-1024.sstrace,32,28,31,32,320,124,2.5806451612903225,2.0,7.849999999999994,10,59,36,22,7,0,0,0
Measured,prefill-1024.sstrace,32,29,31,32,320,109,2.9357798165137616,2.0,8.0,10,42,35,25,7,0,0,0
Measured,prefill-1024.sstrace,32,30,31,32,320,122,2.622950819672131,2.0,7.0,12,51,44,21,6,0,0,0
Measured,prefill-1024.sstrace,32,31,31,32,320,118,2.711864406779661,2.0,8.0,12,53,35,23,7,0,0,0
Measured,prefill-1024.sstrace,32,0,32,32,320,92,3.4782608695652173,2.0,9.0,27,35,29,17,9,2,0,0
Measured,prefill-1024.sstrace,32,1,32,32,320,101,3.1683168316831685,2.0,9.0,17,39,31,21,9,1,0,0
Measured,prefill-1024.sstrace,32,2,32,32,320,115,2.782608695652174,2.0,9.0,15,55,32,18,10,0,0,0
Measured,prefill-1024.sstrace,32,3,32,32,320,115,2.782608695652174,2.0,8.299999999999997,18,54,37,14,8,2,0,0
Measured,prefill-1024.sstrace,32,4,32,32,320,121,2.644628099173554,2.0,8.0,18,53,46,15,5,2,0,0
Measured,prefill-1024.sstrace,32,5,32,32,320,115,2.782608695652174,2.0,8.599999999999994,14,53,32,22,8,0,0,0
Measured,prefill-1024.sstrace,32,6,32,32,320,113,2.831858407079646,2.0,8.0,15,48,33,24,8,0,0,0
Measured,prefill-1024.sstrace,32,7,32,32,320,123,2.6016260162601625,2.0,7.8999999999999915,14,61,34,21,7,0,0,0
Measured,prefill-1024.sstrace,32,8,32,32,320,119,2.689075630252101,1.0,9.0,17,60,30,22,6,1,0,0
Measured,prefill-1024.sstrace,32,9,32,32,320,110,2.909090909090909,2.0,9.0,17,47,36,19,6,2,0,0
Measured,prefill-1024.sstrace,32,10,32,32,320,123,2.6016260162601625,2.0,7.0,13,52,43,24,4,0,0,0
Measured,prefill-1024.sstrace,32,11,32,32,320,131,2.4427480916030535,1.0,7.0,16,69,38,18,5,1,0,0
Measured,prefill-1024.sstrace,32,12,32,32,320,118,2.711864406779661,2.0,8.0,15,51,38,21,8,0,0,0
Measured,prefill-1024.sstrace,32,13,32,32,320,130,2.4615384615384617,1.0,7.0,12,68,33,24,5,0,0,0
Measured,prefill-1024.sstrace,32,14,32,32,320,129,2.4806201550387597,2.0,6.599999999999994,14,62,41,21,5,0,0,0
Measured,prefill-1024.sstrace,32,15,32,32,320,130,2.4615384615384617,2.0,7.0,11,62,42,20,6,0,0,0
Measured,prefill-1024.sstrace,32,16,32,32,320,117,2.735042735042735,2.0,9.0,18,58,30,21,6,2,0,0
Measured,prefill-1024.sstrace,32,17,32,32,320,120,2.6666666666666665,2.0,7.049999999999997,16,56,35,23,5,1,0,0
Measured,prefill-1024.sstrace,32,18,32,32,320,128,2.5,2.0,7.6499999999999915,12,60,44,17,7,0,0,0
Measured,prefill-1024.sstrace,32,19,32,32,320,121,2.644628099173554,2.0,7.0,12,54,35,28,4,0,0,0
Measured,prefill-1024.sstrace,32,20,32,32,320,124,2.5806451612903225,1.0,8.0,11,65,31,17,11,0,0,0
Measured,prefill-1024.sstrace,32,21,32,32,320,128,2.5,1.5,7.6499999999999915,9,64,36,21,7,0,0,0
Measured,prefill-1024.sstrace,32,22,32,32,320,135,2.3703703703703702,2.0,6.0,8,63,41,29,2,0,0,0
Measured,prefill-1024.sstrace,32,23,32,32,320,129,2.4806201550387597,2.0,7.0,10,63,33,29,4,0,0,0
Measured,prefill-1024.sstrace,32,24,32,32,320,136,2.3529411764705883,2.0,6.0,10,63,48,21,4,0,0,0
Measured,prefill-1024.sstrace,32,25,32,32,320,121,2.644628099173554,2.0,8.0,10,53,39,22,7,0,0,0
Measured,prefill-1024.sstrace,32,26,32,32,320,125,2.56,2.0,7.0,9,54,42,24,5,0,0,0
Measured,prefill-1024.sstrace,32,27,32,32,320,123,2.6016260162601625,1.0,8.0,11,62,33,19,9,0,0,0
Measured,prefill-1024.sstrace,32,28,32,32,320,135,2.3703703703703702,1.0,8.0,12,73,35,19,8,0,0,0
Measured,prefill-1024.sstrace,32,29,32,32,320,118,2.711864406779661,2.0,7.1499999999999915,10,48,37,27,6,0,0,0
Measured,prefill-1024.sstrace,32,30,32,32,320,126,2.5396825396825395,2.0,7.0,11,58,38,26,4,0,0,0
Measured,prefill-1024.sstrace,32,31,32,32,320,118,2.711864406779661,2.0,7.1499999999999915,12,53,31,28,6,0,0,0
Measured,prefill-1024.sstrace,32,0,33,32,320,100,3.2,2.0,9.049999999999997,16,42,23,25,9,1,0,0
Measured,prefill-1024.sstrace,32,1,33,32,320,112,2.857142857142857,2.0,8.449999999999989,11,47,34,23,8,0,0,0
Measured,prefill-1024.sstrace,32,2,33,32,320,127,2.5196850393700787,2.0,7.0,13,55,40,28,4,0,0,0
Measured,prefill-1024.sstrace,32,3,33,32,320,120,2.6666666666666665,2.0,7.049999999999997,10,50,40,24,6,0,0,0
Measured,prefill-1024.sstrace,32,4,33,32,320,150,2.1333333333333333,1.5,5.0,10,75,53,19,3,0,0,0
Measured,prefill-1024.sstrace,32,5,33,32,320,135,2.3703703703703702,2.0,6.299999999999997,11,61,51,19,4,0,0,0
Measured,prefill-1024.sstrace,32,6,33,32,320,134,2.388059701492537,2.0,6.0,9,59,45,28,2,0,0,0
Measured,prefill-1024.sstrace,32,7,33,32,320,133,2.406015037593985,2.0,6.0,8,64,39,27,3,0,0,0
Measured,prefill-1024.sstrace,32,8,33,32,320,124,2.5806451612903225,2.0,6.849999999999994,9,51,45,25,3,0,0,0
Measured,prefill-1024.sstrace,32,9,33,32,320,128,2.5,2.0,6.6499999999999915,10,57,41,27,3,0,0,0
Measured,prefill-1024.sstrace,32,10,33,32,320,136,2.3529411764705883,2.0,5.25,10,56,54,24,2,0,0,0
Measured,prefill-1024.sstrace,32,11,33,32,320,148,2.1621621621621623,2.0,5.0,9,64,60,21,3,0,0,0
Measured,prefill-1024.sstrace,32,12,33,32,320,139,2.302158273381295,2.0,6.0,9,66,46,26,1,0,0,0
Measured,prefill-1024.sstrace,32,13,33,32,320,140,2.2857142857142856,1.0,6.0,8,71,37,30,2,0,0,0
Measured,prefill-1024.sstrace,32,14,33,32,320,144,2.2222222222222223,1.0,5.849999999999994,8,73,40,28,3,0,0,0
Measured,prefill-1024.sstrace,32,15,33,32,320,147,2.17687074829932,2.0,6.0,8,72,51,23,1,0,0,0
Measured,prefill-1024.sstrace,32,16,33,32,320,132,2.4242424242424243,2.0,6.0,11,59,43,26,4,0,0,0
Measured,prefill-1024.sstrace,32,17,33,32,320,132,2.4242424242424243,2.0,6.449999999999989,12,65,36,26,5,0,0,0
Measured,prefill-1024.sstrace,32,18,33,32,320,144,2.2222222222222223,2.0,6.0,9,68,55,17,4,0,0,0
Measured,prefill-1024.sstrace,32,19,33,32,320,127,2.5196850393700787,2.0,6.699999999999989,11,59,39,25,4,0,0,0
Measured,prefill-1024.sstrace,32,20,33,32,320,134,2.388059701492537,2.0,6.349999999999994,13,65,42,21,6,0,0,0
Measured,prefill-1024.sstrace,32,21,33,32,320,135,2.3703703703703702,2.0,7.0,12,61,52,16,6,0,0,0
Measured,prefill-1024.sstrace,32,22,33,32,320,152,2.1052631578947367,2.0,4.449999999999989,9,68,59,23,2,0,0,0
Measured,prefill-1024.sstrace,32,23,33,32,320,149,2.1476510067114094,2.0,5.0,9,72,52,23,2,0,0,0
Measured,prefill-1024.sstrace,32,24,33,32,320,157,2.038216560509554,1.0,5.0,9,87,47,22,1,0,0,0
Measured,prefill-1024.sstrace,32,25,33,32,320,139,2.302158273381295,2.0,5.0,11,64,49,24,2,0,0,0
Measured,prefill-1024.sstrace,32,26,33,32,320,133,2.406015037593985,2.0,6.0,13,60,45,25,3,0,0,0
Measured,prefill-1024.sstrace,32,27,33,32,320,129,2.4806201550387597,2.0,6.0,12,54,51,18,6,0,0,0
Measured,prefill-1024.sstrace,32,28,33,32,320,144,2.2222222222222223,2.0,6.849999999999994,14,69,56,13,6,0,0,0
Measured,prefill-1024.sstrace,32,29,33,32,320,136,2.3529411764705883,2.0,6.0,10,67,41,24,4,0,0,0
Measured,prefill-1024.sstrace,32,30,33,32,320,150,2.1333333333333333,2.0,5.0,10,71,55,22,2,0,0,0
Measured,prefill-1024.sstrace,32,31,33,32,320,148,2.1621621621621623,1.0,6.0,9,81,39,26,2,0,0,0
Measured,prefill-1024.sstrace,32,0,34,32,320,120,2.6666666666666665,2.0,7.0,21,53,38,25,3,1,0,0
Measured,prefill-1024.sstrace,32,1,34,32,320,116,2.7586206896551726,2.0,8.25,16,52,33,24,6,1,0,0
Measured,prefill-1024.sstrace,32,2,34,32,320,100,3.2,2.0,8.0,25,43,28,22,4,3,0,0
Measured,prefill-1024.sstrace,32,3,34,32,320,96,3.3333333333333335,2.0,9.25,24,42,29,18,4,3,0,0
Measured,prefill-1024.sstrace,32,4,34,32,320,109,2.9357798165137616,2.0,8.599999999999994,23,52,30,20,4,3,0,0
Measured,prefill-1024.sstrace,32,5,34,32,320,112,2.857142857142857,1.5,7.449999999999989,23,56,29,21,3,3,0,0
Measured,prefill-1024.sstrace,32,6,34,32,320,114,2.807017543859649,2.0,7.699999999999989,21,47,46,15,3,3,0,0
Measured,prefill-1024.sstrace,32,7,34,32,320,123,2.6016260162601625,2.0,7.0,21,61,40,18,1,3,0,0
Measured,prefill-1024.sstrace,32,8,34,32,320,111,2.8828828828828827,2.0,7.0,22,42,45,19,2,3,0,0
Measured,prefill-1024.sstrace,32,9,34,32,320,113,2.831858407079646,2.0,10.399999999999991,21,51,40,15,4,3,0,0
Measured,prefill-1024.sstrace,32,10,34,32,320,114,2.807017543859649,2.0,7.349999999999994,19,50,40,18,3,3,0,0
Measured,prefill-1024.sstrace,32,11,34,32,320,132,2.4242424242424243,1.0,6.449999999999989,21,75,35,16,3,3,0,0
Measured,prefill-1024.sstrace,32,12,34,32,320,110,2.909090909090909,2.0,7.0,22,44,41,21,1,3,0,0
Measured,prefill-1024.sstrace,32,13,34,32,320,118,2.711864406779661,2.0,8.0,17,55,37,18,7,1,0,0
Measured,prefill-1024.sstrace,32,14,34,32,320,121,2.644628099173554,2.0,8.0,19,59,37,17,6,2,0,0
Measured,prefill-1024.sstrace,32,15,34,32,320,120,2.6666666666666665,2.0,8.0,17,56,34,23,6,1,0,0
Measured,prefill-1024.sstrace,32,16,34,32,320,108,2.962962962962963,2.0,8.0,22,47,35,19,4,3,0,0
Measured,prefill-1024.sstrace,32,17,34,32,320,122,2.622950819672131,2.0,8.0,16,58,39,17,7,1,0,0
Measured,prefill-1024.sstrace,32,18,34,32,320,124,2.5806451612903225,1.0,6.0,20,63,33,23,2,3,0,0
Measured,prefill-1024.sstrace,32,19,34,32,320,117,2.735042735042735,2.0,7.0,19,55,34,23,3,2,0,0
Measured,prefill-1024.sstrace,32,20,34,32,320,115,2.782608695652174,1.0,9.0,16,59,29,18,8,1,0,0
Measured,prefill-1024.sstrace,32,21,34,32,320,124,2.5806451612903225,1.0,8.849999999999994,14,68,30,18,8,0,0,0
Measured,prefill-1024.sstrace,32,22,34,32,320,131,2.4427480916030535,2.0,6.0,13,60,45,22,4,0,0,0
Measured,prefill-1024.sstrace,32,23,34,32,320,125,2.56,2.0,6.799999999999997,14,61,35,23,6,0,0,0
Measured,prefill-1024.sstrace,32,24,34,32,320,132,2.4242424242424243,1.0,8.0,13,67,38,19,8,0,0,0
Measured,prefill-1024.sstrace,32,25,34,32,320,121,2.644628099173554,2.0,8.0,15,56,36,21,8,0,0,0
Measured,prefill-1024.sstrace,32,26,34,32,320,125,2.56,2.0,7.0,13,58,39,23,5,0,0,0
Measured,prefill-1024.sstrace,32,27,34,32,320,120,2.6666666666666665,2.0,9.049999999999997,12,59,35,17,9,0,0,0
Measured,prefill-1024.sstrace,32,28,34,32,320,121,2.644628099173554,2.0,9.0,12,54,39,20,8,0,0,0
Measured,prefill-1024.sstrace,32,29,34,32,320,109,2.9357798165137616,2.0,8.599999999999994,12,46,33,21,9,0,0,0
Measured,prefill-1024.sstrace,32,30,34,32,320,121,2.644628099173554,2.0,7.0,14,50,46,19,6,0,0,0
Measured,prefill-1024.sstrace,32,31,34,32,320,123,2.6016260162601625,1.0,8.799999999999983,15,65,33,18,7,0,0,0
Measured,prefill-1024.sstrace,32,0,35,32,320,94,3.404255319148936,2.0,11.349999999999994,22,36,30,19,5,4,0,0
Measured,prefill-1024.sstrace,32,1,35,32,320,105,3.0476190476190474,2.0,8.0,14,41,33,23,8,0,0,0
Measured,prefill-1024.sstrace,32,2,35,32,320,112,2.857142857142857,2.0,8.449999999999989,16,52,30,22,7,1,0,0
Measured,prefill-1024.sstrace,32,3,35,32,320,113,2.831858407079646,2.0,8.399999999999991,18,53,31,21,7,1,0,0
Measured,prefill-1024.sstrace,32,4,35,32,320,131,2.4427480916030535,2.0,6.0,17,61,43,23,3,1,0,0
Measured,prefill-1024.sstrace,32,5,35,32,320,124,2.5806451612903225,2.0,6.849999999999994,14,58,34,28,4,0,0,0
Measured,prefill-1024.sstrace,32,6,35,32,320,120,2.6666666666666665,2.0,7.0,13,47,46,23,4,0,0,0
Measured,prefill-1024.sstrace,32,7,35,32,320,124,2.5806451612903225,2.0,7.0,12,55,42,21,6,0,0,0
Measured,prefill-1024.sstrace,32,8,35,32,320,120,2.6666666666666665,2.0,7.049999999999997,12,48,43,23,6,0,0,0
Measured,prefill-1024.sstrace,32,9,35,32,320,126,2.5396825396825395,2.0,6.0,15,59,39,24,4,0,0,0
Measured,prefill-1024.sstrace,32,10,35,32,320,126,2.5396825396825395,2.0,7.0,12,50,47,25,4,0,0,0
Measured,prefill-1024.sstrace,32,11,35,32,320,134,2.388059701492537,2.0,6.0,11,61,43,26,4,0,0,0
Measured,prefill-1024.sstrace,32,12,35,32,320,134,2.388059701492537,2.0,7.0,11,58,50,23,3,0,0,0
Measured,prefill-1024.sstrace,32,13,35,32,320,119,2.689075630252101,2.0,7.0,10,44,45,26,4,0,0,0
Measured,prefill-1024.sstrace,32,14,35,32,320,137,2.335766423357664,2.0,6.199999999999989,11,67,45,19,6,0,0,0
Measured,prefill-1024.sstrace,32,15,35,32,320,135,2.3703703703703702,2.0,7.0,9,64,47,22,2,0,0,0
Measured,prefill-1024.sstrace,32,16,35,32,320,125,2.56,2.0,7.0,12,53,47,21,4,0,0,0
Measured,prefill-1024.sstrace,32,17,35,32,320,121,2.644628099173554,2.0,6.0,11,45,51,19,6,0,0,0
Measured,prefill-1024.sstrace,32,18,35,32,320,132,2.4242424242424243,2.0,6.0,13,65,39,23,5,0,0,0
Measured,prefill-1024.sstrace,32,19,35,32,320,120,2.6666666666666665,2.0,7.049999999999997,11,50,41,23,6,0,0,0
Measured,prefill-1024.sstrace,32,20,35,32,320,125,2.56,2.0,8.0,10,56,41,20,8,0,0,0
Measured,prefill-1024.sstrace,32,21,35,32,320,118,2.711864406779661,2.0,7.299999999999983,11,55,32,25,6,0,0,0
Measured,prefill-1024.sstrace,32,22,35,32,320,145,2.206896551724138,2.0,6.599999999999966,8,69,54,20,2,0,0,0
Measured,prefill-1024.sstrace,32,23,35,32,320,133,2.406015037593985,2.0,7.0,9,60,46,23,4,0,0,0
Measured,prefill-1024.sstrace,32,24,35,32,320,137,2.335766423357664,2.0,7.0,9,61,49,22,5,0,0,0
Measured,prefill-1024.sstrace,32,25,35,32,320,131,2.4427480916030535,2.0,7.0,10,57,50,18,6,0,0,0
Measured,prefill-1024.sstrace,32,26,35,32,320,132,2.4242424242424243,1.5,8.0,10,66,39,18,9,0,0,0
Measured,prefill-1024.sstrace,32,27,35,32,320,117,2.735042735042735,2.0,8.399999999999977,12,47,39,23,8,0,0,0
Measured,prefill-1024.sstrace,32,28,35,32,320,143,2.237762237762238,1.0,7.0,11,80,41,16,6,0,0,0
Measured,prefill-1024.sstrace,32,29,35,32,320,130,2.4615384615384617,2.0,7.0,10,60,40,25,5,0,0,0
Measured,prefill-1024.sstrace,32,30,35,32,320,137,2.335766423357664,2.0,6.199999999999989,11,66,42,27,2,0,0,0
Measured,prefill-1024.sstrace,32,31,35,32,320,136,2.3529411764705883,2.0,7.0,10,65,44,22,5,0,0,0
Measured,prefill-1024.sstrace,32,0,36,32,320,97,3.2989690721649483,2.0,9.0,13,32,32,24,9,0,0,0
Measured,prefill-1024.sstrace,32,1,36,32,320,103,3.1067961165048543,2.0,9.0,18,42,33,19,8,1,0,0
Measured,prefill-1024.sstrace,32,2,36,32,320,105,3.0476190476190474,2.0,8.799999999999997,24,45,31,22,6,1,0,0
Measured,prefill-1024.sstrace,32,3,36,32,320,112,2.857142857142857,2.0,7.0,23,44,43,21,1,3,0,0
Measured,prefill-1024.sstrace,32,4,36,32,320,123,2.6016260162601625,2.0,6.8999999999999915,23,55,44,20,3,1,0,0
Measured,prefill-1024.sstrace,32,5,36,32,320,117,2.735042735042735,2.0,6.199999999999989,22,46,46,21,3,1,0,0
Measured,prefill-1024.sstrace,32,6,36,32,320,114,2.807017543859649,2.0,7.0,19,49,34,28,2,1,0,0
Measured,prefill-1024.sstrace,32,7,36,32,320,118,2.711864406779661,2.0,7.0,19,52,38,25,2,1,0,0
Measured,prefill-1024.sstrace,32,8,36,32,320,115,2.782608695652174,2.0,6.299999999999997,17,47,36,29,1,2,0,0
Measured,prefill-1024.sstrace,32,9,36,32,320,111,2.8828828828828827,2.0,7.0,17,48,33,26,3,1,0,0
Measured,prefill-1024.sstrace,32,10,36,32,320,123,2.6016260162601625,2.0,7.0,15,51,45,22,5,0,0,0
Measured,prefill-1024.sstrace,32,11,36,32,320,129,2.4806201550387597,2.0,5.599999999999994,16,58,44,24,2,1,0,0
Measured,prefill-1024.sstrace,32,12,36,32,320,119,2.689075630252101,2.0,7.0,17,52,34,29,3,1,0,0
Measured,prefill-1024.sstrace,32,13,36,32,320,112,2.857142857142857,2.0,7.449999999999989,16,42,40,24,5,1,0,0
Measured,prefill-1024.sstrace,32,14,36,32,320,116,2.7586206896551726,2.0,9.0,15,48,42,17,9,0,0,0
Measured,prefill-1024.sstrace,32,15,36,32,320,127,2.5196850393700787,2.0,7.0,11,60,37,24,6,0,0,0
Measured,prefill-1024.sstrace,32,16,36,32,320,109,2.9357798165137616,2.0,7.0,19,43,34,28,2,2,0,0
Measured,prefill-1024.sstrace,32,17,36,32,320,111,2.8828828828828827,2.0,7.5,13,42,39,24,6,0,0,0
Measured,prefill-1024.sstrace,32,18,36,32,320,138,2.318840579710145,1.0,6.0,15,70,41,24,3,0,0,0
Measured,prefill-1024.sstrace,32,19,36,32,320,110,2.909090909090909,2.0,8.0,15,54,24,24,8,0,0,0
Measured,prefill-1024.sstrace,32,20,36,32,320,112,2.857142857142857,2.0,8.0,14,46,39,17,10,0,0,0
Measured,prefill-1024.sstrace,32,21,36,32,320,107,2.9906542056074765,2.0,9.0,12,43,34,21,9,0,0,0
Measured,prefill-1024.sstrace,32,22,36,32,320,124,2.5806451612903225,1.0,8.0,12,64,29,23,8,0,0,0
Measured,prefill-1024.sstrace,32,23,36,32,320,115,2.782608695652174,2.0,7.299999999999997,13,47,35,27,6,0,0,0
Measured,prefill-1024.sstrace,32,24,36,32,320,118,2.711864406779661,2.0,8.149999999999991,11,54,38,16,10,0,0,0
Measured,prefill-1024.sstrace,32,25,36,32,320,124,2.5806451612903225,2.0,8.0,12,60,38,18,8,0,0,0
Measured,prefill-1024.sstrace,32,26,36,32,320,111,2.8828828828828827,2.0,9.0,10,49,31,23,8,0,0,0
Measured,prefill-1024.sstrace,32,27,36,32,320,109,2.9357798165137616,2.0,8.599999999999994,12,51,23,25,10,0,0,0
Measured,prefill-1024.sstrace,32,28,36,32,320,119,2.689075630252101,2.0,8.0,13,59,31,21,8,0,0,0
Measured,prefill-1024.sstrace,32,29,36,32,320,115,2.782608695652174,2.0,7.299999999999997,12,52,32,25,6,0,0,0
Measured,prefill-1024.sstrace,32,30,36,32,320,140,2.2857142857142856,1.5,6.049999999999983,9,70,43,25,2,0,0,0
Measured,prefill-1024.sstrace,32,31,36,32,320,116,2.7586206896551726,2.0,8.0,14,49,36,24,7,0,0,0
Measured,prefill-1024.sstrace,32,0,37,32,320,118,2.711864406779661,2.0,7.0,22,54,38,21,3,2,0,0
Measured,prefill-1024.sstrace,32,1,37,32,320,121,2.644628099173554,2.0,8.0,15,53,43,18,7,0,0,0
Measured,prefill-1024.sstrace,32,2,37,32,320,109,2.9357798165137616,2.0,8.599999999999994,23,43,39,19,7,1,0,0
Measured,prefill-1024.sstrace,32,3,37,32,320,115,2.782608695652174,2.0,7.0,23,51,31,30,2,1,0,0
Measured,prefill-1024.sstrace,32,4,37,32,320,133,2.406015037593985,1.0,7.0,23,69,38,22,3,1,0,0
Measured,prefill-1024.sstrace,32,5,37,32,320,132,2.4242424242424243,1.0,6.0,22,68,36,25,2,1,0,0
Measured,prefill-1024.sstrace,32,6,37,32,320,125,2.56,1.0,7.0,21,67,26,27,4,1,0,0
Measured,prefill-1024.sstrace,32,7,37,32,320,117,2.735042735042735,2.0,7.0,21,48,40,25,3,1,0,0
Measured,prefill-1024.sstrace,32,8,37,32,320,117,2.735042735042735,2.0,7.0,22,55,30,27,4,1,0,0
Measured,prefill-1024.sstrace,32,9,37,32,320,117,2.735042735042735,2.0,7.0,19,50,41,22,3,1,0,0
Measured,prefill-1024.sstrace,32,10,37,32,320,125,2.56,2.0,7.0,17,56,41,22,5,1,0,0
Measured,prefill-1024.sstrace,32,11,37,32,320,129,2.4806201550387597,2.0,6.0,19,61,38,28,1,1,0,0
Measured,prefill-1024.sstrace,32,12,37,32,320,128,2.5,2.0,7.0,20,56,47,19,5,1,0,0
Measured,prefill-1024.sstrace,32,13,37,32,320,122,2.622950819672131,1.5,7.949999999999989,17,61,33,21,6,1,0,0
Measured,prefill-1024.sstrace,32,14,37,32,320,118,2.711864406779661,2.0,8.149999999999991,17,50,41,18,8,1,0,0
Measured,prefill-1024.sstrace,32,15,37,32,320,127,2.5196850393700787,2.0,8.0,18,62,41,16,7,1,0,0
Measured,prefill-1024.sstrace,32,16,37,32,320,114,2.807017543859649,2.0,8.0,20,52,34,20,7,1,0,0
Measured,prefill-1024.sstrace,32,17,37,32,320,110,2.909090909090909,2.0,8.549999999999997,16,46,36,19,8,1,0,0
Measured,prefill-1024.sstrace,32,18,37,32,320,134,2.388059701492537,1.0,6.349999999999994,20,71,38,20,4,1,0,0
Measured,prefill-1024.sstrace,32,19,37,32,320,111,2.8828828828828827,2.0,8.0,16,48,35,21,6,1,0,0
Measured,prefill-1024.sstrace,32,20,37,32,320,123,2.6016260162601625,2.0,9.0,16,61,38,14,9,1,0,0
Measured,prefill-1024.sstrace,32,21,37,32,320,115,2.782608695652174,2.0,10.0,14,52,36,18,9,0,0,0
Measured,prefill-1024.sstrace,32,22,37,32,320,122,2.622950819672131,2.0,8.0,13,59,36,18,9,0,0,0
Measured,prefill-1024.sstrace,32,23,37,32,320,127,2.5196850393700787,1.0,7.0,14,64,36,21,6,0,0,0
Measured,prefill-1024.sstrace,32,24,37,32,320,113,2.831858407079646,2.0,9.0,12,53,30,20,10,0,0,0
Measured,prefill-1024.sstrace,32,25,37,32,320,122,2.622950819672131,2.0,7.949999999999989,15,51,47,17,7,0,0,0
Measured,prefill-1024.sstrace,32,26,37,32,320,124,2.5806451612903225,2.0,8.0,13,60,38,17,9,0,0,0
Measured,prefill-1024.sstrace,32,27,37,32,320,114,2.807017543859649,2.0,9.0,12,53,32,19,10,0,0,0
Measured,prefill-1024.sstrace,32,28,37,32,320,117,2.735042735042735,2.0,9.0,13,54,36,16,11,0,0,0
Measured,prefill-1024.sstrace,32,29,37,32,320,111,2.8828828828828827,1.0,8.5,14,57,26,18,10,0,0,0
Measured,prefill-1024.sstrace,32,30,37,32,320,124,2.5806451612903225,2.0,8.0,14,60,41,15,8,0,0,0
Measured,prefill-1024.sstrace,32,31,37,32,320,124,2.5806451612903225,1.5,8.0,14,62,36,17,9,0,0,0
Measured,prefill-1024.sstrace,32,0,38,32,320,172,1.8604651162790697,1.0,5.0,9,96,59,16,1,0,0,0
Measured,prefill-1024.sstrace,32,1,38,32,320,139,2.302158273381295,1.0,7.0,16,71,50,13,4,1,0,0
Measured,prefill-1024.sstrace,32,2,38,32,320,116,2.7586206896551726,1.0,11.5,23,60,34,15,3,4,0,0
Measured,prefill-1024.sstrace,32,3,38,32,320,109,2.9357798165137616,1.0,11.0,23,56,32,13,4,4,0,0
Measured,prefill-1024.sstrace,32,4,38,32,320,122,2.622950819672131,1.0,8.949999999999989,23,69,32,12,6,3,0,0
Measured,prefill-1024.sstrace,32,5,38,32,320,109,2.9357798165137616,1.0,13.0,22,56,33,12,3,5,0,0
Measured,prefill-1024.sstrace,32,6,38,32,320,109,2.9357798165137616,1.0,10.599999999999994,21,60,24,16,4,5,0,0
Measured,prefill-1024.sstrace,32,7,38,32,320,116,2.7586206896551726,1.0,9.25,21,68,24,15,5,4,0,0
Measured,prefill-1024.sstrace,32,8,38,32,320,117,2.735042735042735,1.0,10.199999999999989,22,59,40,9,6,3,0,0
Measured,prefill-1024.sstrace,32,9,38,32,320,106,3.018867924528302,1.0,13.25,19,55,25,19,3,4,0,0
Measured,prefill-1024.sstrace,32,10,38,32,320,112,2.857142857142857,2.0,8.0,20,54,33,18,4,3,0,0
Measured,prefill-1024.sstrace,32,11,38,32,320,124,2.5806451612903225,1.0,8.849999999999994,20,72,34,10,5,3,0,0
Measured,prefill-1024.sstrace,32,12,38,32,320,118,2.711864406779661,1.0,10.599999999999966,20,70,26,15,3,4,0,0
Measured,prefill-1024.sstrace,32,13,38,32,320,102,3.1372549019607843,2.0,10.949999999999989,17,48,27,18,7,2,0,0
Measured,prefill-1024.sstrace,32,14,38,32,320,113,2.831858407079646,1.0,8.0,19,62,24,19,5,3,0,0
Measured,prefill-1024.sstrace,32,15,38,32,320,116,2.7586206896551726,1.0,11.0,20,63,32,12,6,3,0,0
Measured,prefill-1024.sstrace,32,16,38,32,320,100,3.2,2.0,11.299999999999983,20,45,32,15,3,5,0,0
Measured,prefill-1024.sstrace,32,17,38,32,320,111,2.8828828828828827,1.0,10.5,16,56,31,15,6,3,0,0
Measured,prefill-1024.sstrace,32,18,38,32,320,114,2.807017543859649,1.0,10.399999999999977,20,67,25,13,4,5,0,0
Measured,prefill-1024.sstrace,32,19,38,32,320,112,2.857142857142857,1.0,9.449999999999989,19,66,19,16,7,4,0,0
Measured,prefill-1024.sstrace,32,20,38,32,320,98,3.2653061224489797,2.0,10.299999999999983,16,43,26,16,12,1,0,0
Measured,prefill-1024.sstrace,32,21,38,32,320,103,3.1067961165048543,2.0,9.899999999999991,19,51,24,16,11,1,0,0
Measured,prefill-1024.sstrace,32,22,38,32,320,110,2.909090909090909,2.0,11.0,15,49,34,17,10,0,0,0
Measured,prefill-1024.sstrace,32,23,38,32,320,120,2.6666666666666665,1.0,8.099999999999994,21,63,34,15,7,1,0,0
Measured,prefill-1024.sstrace,32,24,38,32,320,118,2.711864406779661,1.0,11.0,20,60,35,14,8,1,0,0
Measured,prefill-1024.sstrace,32,25,38,32,320,126,2.5396825396825395,1.0,10.75,17,71,34,13,6,2,0,0
Measured,prefill-1024.sstrace,32,26,38,32,320,111,2.8828828828828827,1.0,11.0,14,57,24,21,9,0,0,0
Measured,prefill-1024.sstrace,32,27,38,32,320,123,2.6016260162601625,1.0,9.899999999999991,14,74,18,22,9,0,0,0
Measured,prefill-1024.sstrace,32,28,38,32,320,115,2.782608695652174,1.0,9.299999999999997,16,62,24,21,7,1,0,0
Measured,prefill-1024.sstrace,32,29,38,32,320,114,2.807017543859649,2.0,11.0,15,56,32,18,8,0,0,0
Measured,prefill-1024.sstrace,32,30,38,32,320,120,2.6666666666666665,1.0,12.049999999999997,17,68,30,12,9,1,0,0
Measured,prefill-1024.sstrace,32,31,38,32,320,113,2.831858407079646,2.0,10.799999999999983,15,52,38,14,9,0,0,0
Measured,prefill-1024.sstrace,32,0,39,32,320,100,3.2,2.0,9.049999999999997,21,41,29,21,8,1,0,0
Measured,prefill-1024.sstrace,32,1,39,32,320,108,2.962962962962963,2.0,10.0,19,44,39,17,7,1,0,0
Measured,prefill-1024.sstrace,32,2,39,32,320,105,3.0476190476190474,2.0,7.0,18,39,39,22,2,3,0,0
Measured,prefill-1024.sstrace,32,3,39,32,320,111,2.8828828828828827,2.0,9.0,19,53,34,16,5,3,0,0
Measured,prefill-1024.sstrace,32,4,39,32,320,114,2.807017543859649,2.0,8.349999999999994,17,51,37,17,8,1,0,0
Measured,prefill-1024.sstrace,32,5,39,32,320,118,2.711864406779661,2.0,7.1499999999999915,15,56,37,19,6,0,0,0
Measured,prefill-1024.sstrace,32,6,39,32,320,104,3.076923076923077,2.0,9.849999999999994,14,45,31,16,12,0,0,0
Measured,prefill-1024.sstrace,32,7,39,32,320,117,2.735042735042735,2.0,7.0,14,51,33,28,5,0,0,0
Measured,prefill-1024.sstrace,32,8,39,32,320,116,2.7586206896551726,2.0,7.0,16,51,37,23,4,1,0,0
Measured,prefill-1024.sstrace,32,9,39,32,320,111,2.8828828828828827,2.0,9.0,15,45,42,15,9,0,0,0
Measured,prefill-1024.sstrace,32,10,39,32,320,106,3.018867924528302,2.0,8.75,15,40,38,18,10,0,0,0
Measured,prefill-1024.sstrace,32,11,39,32,320,112,2.857142857142857,2.0,7.449999999999989,15,45,36,25,6,0,0,0
Measured,prefill-1024.sstrace,32,12,39,32,320,116,2.7586206896551726,2.0,8.0,14,57,26,26,7,0,0,0
Measured,prefill-1024.sstrace,32,13,39,32,320,112,2.857142857142857,2.0,8.0,13,46,38,21,7,0,0,0
Measured,prefill-1024.sstrace,32,14,39,32,320,108,2.962962962962963,2.0,8.0,13,38,40,22,8,0,0,0
Measured,prefill-1024.sstrace,32,15,39,32,320,124,2.5806451612903225,2.0,7.0,13,58,39,21,6,0,0,0
Measured,prefill-1024.sstrace,32,16,39,32,320,96,3.3333333333333335,2.0,10.0,19,39,25,23,7,2,0,0
Measured,prefill-1024.sstrace,32,17,39,32,320,115,2.782608695652174,2.0,7.599999999999994,12,44,44,21,6,0,0,0
Measured,prefill-1024.sstrace,32,18,39,32,320,128,2.5,2.0,7.0,15,61,43,20,4,0,0,0
Measured,prefill-1024.sstrace,32,19,39,32,320,118,2.711864406779661,2.0,8.0,11,56,31,24,7,0,0,0
Measured,prefill-1024.sstrace,32,20,39,32,320,116,2.7586206896551726,2.0,7.0,14,56,29,26,5,0,0,0
Measured,prefill-1024.sstrace,32,21,39,32,320,107,2.9906542056074765,2.0,9.0,14,45,32,21,9,0,0,0
Measured,prefill-1024.sstrace,32,22,39,32,320,121,2.644628099173554,2.0,7.0,12,50,45,21,5,0,0,0
Measured,prefill-1024.sstrace,32,23,39,32,320,122,2.622950819672131,2.0,7.0,11,53,41,22,6,0,0,0
Measured,prefill-1024.sstrace,32,24,39,32,320,115,2.782608695652174,2.0,9.0,13,52,36,16,11,0,0,0
Measured,prefill-1024.sstrace,32,25,39,32,320,120,2.6666666666666665,2.0,8.0,12,48,42,23,7,0,0,0
Measured,prefill-1024.sstrace,32,26,39,32,320,120,2.6666666666666665,2.0,7.049999999999997,13,56,36,22,6,0,0,0
Measured,prefill-1024.sstrace,32,27,39,32,320,110,2.909090909090909,2.0,9.0,14,47,33,20,10,0,0,0
Measured,prefill-1024.sstrace,32,28,39,32,320,110,2.909090909090909,2.0,9.0,14,41,42,20,7,0,0,0
Measured,prefill-1024.sstrace,32,29,39,32,320,114,2.807017543859649,2.0,7.349999999999994,13,49,34,25,6,0,0,0
Measured,prefill-1024.sstrace,32,30,39,32,320,131,2.4427480916030535,2.0,6.5,12,56,47,22,6,0,0,0
Measured,prefill-1024.sstrace,32,31,39,32,320,115,2.782608695652174,2.0,7.0,12,46,38,27,4,0,0,0
Measured,prefill-1024.sstrace,32,0,40,32,320,106,3.018867924528302,2.0,9.75,21,46,33,18,7,2,0,0
Measured,prefill-1024.sstrace,32,1,40,32,320,100,3.2,2.0,12.0,18,46,31,11,9,3,0,0
Measured,prefill-1024.sstrace,32,2,40,32,320,104,3.076923076923077,2.0,11.699999999999989,20,50,26,18,8,2,0,0
Measured,prefill-1024.sstrace,32,3,40,32,320,104,3.076923076923077,2.0,11.849999999999994,19,51,28,15,8,2,0,0
Measured,prefill-1024.sstrace,32,4,40,32,320,117,2.735042735042735,1.0,11.0,20,60,33,14,8,2,0,0
Measured,prefill-1024.sstrace,32,5,40,32,320,109,2.9357798165137616,2.0,9.0,18,53,28,19,8,1,0,0
Measured,prefill-1024.sstrace,32,6,40,32,320,117,2.735042735042735,1.0,9.0,16,60,31,16,9,1,0,0
Measured,prefill-1024.sstrace,32,7,40,32,320,104,3.076923076923077,2.0,9.0,17,49,22,24,7,2,0,0
Measured,prefill-1024.sstrace,32,8,40,32,320,116,2.7586206896551726,2.0,7.25,16,54,28,28,5,1,0,0
Measured,prefill-1024.sstrace,32,9,40,32,320,101,3.1683168316831685,2.0,8.0,18,44,26,24,5,2,0,0
Measured,prefill-1024.sstrace,32,10,40,32,320,110,2.909090909090909,2.0,8.549999999999997,16,45,37,20,7,1,0,0
Measured,prefill-1024.sstrace,32,11,40,32,320,126,2.5396825396825395,1.0,8.0,17,64,38,16,7,1,0,0
Measured,prefill-1024.sstrace,32,12,40,32,320,107,2.9906542056074765,2.0,9.0,17,47,28,24,6,2,0,0
Measured,prefill-1024.sstrace,32,13,40,32,320,112,2.857142857142857,2.0,8.0,14,55,23,26,8,0,0,0
Measured,prefill-1024.sstrace,32,14,40,32,320,107,2.9906542056074765,2.0,8.0,16,40,37,21,8,1,0,0
Measured,prefill-1024.sstrace,32,15,40,32,320,127,2.5196850393700787,1.0,7.0,12,65,32,24,6,0,0,0
Measured,prefill-1024.sstrace,32,16,40,32,320,107,2.9906542056074765,2.0,9.0,18,44,37,18,6,2,0,0
Measured,prefill-1024.sstrace,32,17,40,32,320,112,2.857142857142857,2.0,8.449999999999989,14,48,38,16,10,0,0,0
Measured,prefill-1024.sstrace,32,18,40,32,320,131,2.4427480916030535,1.0,7.5,15,73,31,20,7,0,0,0
Measured,prefill-1024.sstrace,32,19,40,32,320,113,2.831858407079646,2.0,8.399999999999991,14,55,29,17,12,0,0,0
Measured,prefill-1024.sstrace,32,20,40,32,320,114,2.807017543859649,2.0,8.349999999999994,13,53,32,20,9,0,0,0
Measured,prefill-1024.sstrace,32,21,40,32,320,109,2.9357798165137616,2.0,8.599999999999994,13,45,35,19,10,0,0,0
Measured,prefill-1024.sstrace,32,22,40,32,320,119,2.689075630252101,2.0,7.099999999999994,15,53,37,23,6,0,0,0
Measured,prefill-1024.sstrace,32,23,40,32,320,118,2.711864406779661,2.0,7.0,13,54,30,29,5,0,0,0
Measured,prefill-1024.sstrace,32,24,40,32,320,116,2.7586206896551726,2.0,8.0,14,57,29,21,9,0,0,0
Measured,prefill-1024.sstrace,32,25,40,32,320,121,2.644628099173554,2.0,8.0,13,57,33,23,8,0,0,0
Measured,prefill-1024.sstrace,32,26,40,32,320,121,2.644628099173554,1.0,9.0,15,66,30,16,9,0,0,0
Measured,prefill-1024.sstrace,32,27,40,32,320,123,2.6016260162601625,1.0,8.0,13,63,32,19,9,0,0,0
Measured,prefill-1024.sstrace,32,28,40,32,320,116,2.7586206896551726,2.0,9.0,15,51,36,21,8,0,0,0
Measured,prefill-1024.sstrace,32,29,40,32,320,118,2.711864406779661,2.0,8.0,15,52,36,23,7,0,0,0
Measured,prefill-1024.sstrace,32,30,40,32,320,125,2.56,2.0,6.799999999999997,14,46,53,21,5,0,0,0
Measured,prefill-1024.sstrace,32,31,40,32,320,114,2.807017543859649,2.0,8.0,15,56,28,22,8,0,0,0
Measured,prefill-1024.sstrace,32,0,41,32,320,108,2.962962962962963,2.0,9.649999999999991,17,47,37,12,10,2,0,0
Measured,prefill-1024.sstrace,32,1,41,32,320,100,3.2,1.0,11.149999999999991,21,52,22,15,8,3,0,0
Measured,prefill-1024.sstrace,32,2,41,32,320,104,3.076923076923077,2.0,11.0,17,45,34,17,6,2,0,0
Measured,prefill-1024.sstrace,32,3,41,32,320,107,2.9906542056074765,1.0,12.699999999999989,18,56,27,15,7,2,0,0
Measured,prefill-1024.sstrace,32,4,41,32,320,115,2.782608695652174,1.0,9.299999999999997,21,58,34,14,7,2,0,0
Measured,prefill-1024.sstrace,32,5,41,32,320,110,2.909090909090909,1.0,9.649999999999991,18,56,26,20,6,2,0,0
Measured,prefill-1024.sstrace,32,6,41,32,320,110,2.909090909090909,2.0,9.099999999999994,16,48,31,23,7,1,0,0
Measured,prefill-1024.sstrace,32,7,41,32,320,115,2.782608695652174,2.0,9.299999999999997,17,56,34,15,9,1,0,0
Measured,prefill-1024.sstrace,32,8,41,32,320,108,2.962962962962963,2.0,8.0,16,43,36,21,7,1,0,0
Measured,prefill-1024.sstrace,32,9,41,32,320,118,2.711864406779661,1.0,9.149999999999991,18,64,29,16,8,1,0,0
Measured,prefill-1024.sstrace,32,10,41,32,320,114,2.807017543859649,2.0,9.0,14,54,34,18,8,0,0,0
Measured,prefill-1024.sstrace,32,11,41,32,320,125,2.56,1.0,7.0,16,67,32,20,5,1,0,0
Measured,prefill-1024.sstrace,32,12,41,32,320,125,2.56,2.0,8.599999999999994,16,61,43,14,6,1,0,0
Measured,prefill-1024.sstrace,32,13,41,32,320,123,2.6016260162601625,1.0,9.0,13,64,34,16,9,0,0,0
Measured,prefill-1024.sstrace,32,14,41,32,320,113,2.831858407079646,2.0,9.399999999999991,13,50,37,14,12,0,0,0
Measured,prefill-1024.sstrace,32,15,41,32,320,135,2.3703703703703702,1.0,7.299999999999997,12,74,35,19,7,0,0,0
Measured,prefill-1024.sstrace,32,16,41,32,320,105,3.0476190476190474,2.0,8.0,17,45,33,18,7,2,0,0
Measured,prefill-1024.sstrace,32,17,41,32,320,114,2.807017543859649,1.0,9.349999999999994,12,59,24,23,8,0,0,0
Measured,prefill-1024.sstrace,32,18,41,32,320,141,2.269503546099291,1.0,7.0,15,88,25,22,6,0,0,0
Measured,prefill-1024.sstrace,32,19,41,32,320,120,2.6666666666666665,1.0,9.0,13,66,27,18,9,0,0,0
Measured,prefill-1024.sstrace,32,20,41,32,320,115,2.782608695652174,2.0,8.0,15,56,32,18,9,0,0,0
Measured,prefill-1024.sstrace,32,21,41,32,320,116,2.7586206896551726,2.0,9.0,12,47,40,20,9,0,0,0
Measured,prefill-1024.sstrace,32,22,41,32,320,127,2.5196850393700787,1.0,8.0,13,66,33,20,8,0,0,0
Measured,prefill-1024.sstrace,32,23,41,32,320,122,2.622950819672131,2.0,7.949999999999989,11,55,38,22,7,0,0,0
Measured,prefill-1024.sstrace,32,24,41,32,320,126,2.5396825396825395,1.0,8.0,12,69,28,20,9,0,0,0
Measured,prefill-1024.sstrace,32,25,41,32,320,127,2.5196850393700787,2.0,7.699999999999989,11,60,38,22,7,0,0,0
Measured,prefill-1024.sstrace,32,26,41,32,320,127,2.5196850393700787,1.0,8.0,12,70,30,18,9,0,0,0
Measured,prefill-1024.sstrace,32,27,41,32,320,114,2.807017543859649,2.0,8.349999999999994,13,48,37,21,8,0,0,0
Measured,prefill-1024.sstrace,32,28,41,32,320,127,2.5196850393700787,1.0,7.699999999999989,13,67,35,18,7,0,0,0
Measured,prefill-1024.sstrace,32,29,41,32,320,122,2.622950819672131,1.0,7.949999999999989,13,64,28,23,7,0,0,0
Measured,prefill-1024.sstrace,32,30,41,32,320,139,2.302158273381295,1.0,7.0,12,73,39,22,5,0,0,0
Measured,prefill-1024.sstrace,32,31,41,32,320,127,2.5196850393700787,1.0,8.0,12,70,30,18,9,0,0,0
Measured,prefill-1024.sstrace,32,0,42,32,320,129,2.4806201550387597,1.0,7.0,15,70,29,24,6,0,0,0
Measured,prefill-1024.sstrace,32,1,42,32,320,96,3.3333333333333335,2.0,10.0,17,36,30,20,9,1,0,0
Measured,prefill-1024.sstrace,32,2,42,32,320,101,3.1683168316831685,2.0,11.0,15,45,27,20,9,0,0,0
Measured,prefill-1024.sstrace,32,3,42,32,320,108,2.962962962962963,1.0,10.649999999999991,17,57,22,18,9,2,0,0
Measured,prefill-1024.sstrace,32,4,42,32,320,120,2.6666666666666665,2.0,7.0,16,51,43,21,4,1,0,0
Measured,prefill-1024.sstrace,32,5,42,32,320,111,2.8828828828828827,1.0,11.0,13,57,24,20,10,0,0,0
Measured,prefill-1024.sstrace,32,6,42,32,320,102,3.1372549019607843,2.0,9.0,15,39,34,18,11,0,0,0
Measured,prefill-1024.sstrace,32,7,42,32,320,111,2.8828828828828827,2.0,8.0,16,49,36,19,6,1,0,0
Measured,prefill-1024.sstrace,32,8,42,32,320,118,2.711864406779661,2.0,8.0,13,51,38,21,8,0,0,0
Measured,prefill-1024.sstrace,32,9,42,32,320,101,3.1683168316831685,2.0,11.0,14,44,26,20,11,0,0,0
Measured,prefill-1024.sstrace,32,10,42,32,320,113,2.831858407079646,1.0,9.0,12,58,25,17,13,0,0,0
Measured,prefill-1024.sstrace,32,11,42,32,320,122,2.622950819672131,2.0,9.0,11,60,33,21,8,0,0,0
Measured,prefill-1024.sstrace,32,12,42,32,320,129,2.4806201550387597,1.0,8.0,11,67,37,16,9,0,0,0
Measured,prefill-1024.sstrace,32,13,42,32,320,121,2.644628099173554,2.0,8.0,10,49,44,20,8,0,0,0
Measured,prefill-1024.sstrace,32,14,42,32,320,122,2.622950819672131,1.0,8.0,12,63,32,15,12,0,0,0
Measured,prefill-1024.sstrace,32,15,42,32,320,135,2.3703703703703702,1.0,6.299999999999997,11,73,29,28,5,0,0,0
Measured,prefill-1024.sstrace,32,16,42,32,320,110,2.909090909090909,2.0,9.099999999999994,12,49,35,15,11,0,0,0
Measured,prefill-1024.sstrace,32,17,42,32,320,117,2.735042735042735,2.0,7.199999999999989,12,57,29,25,6,0,0,0
Measured,prefill-1024.sstrace,32,18,42,32,320,133,2.406015037593985,2.0,6.3999999999999915,10,66,36,26,5,0,0,0
Measured,prefill-1024.sstrace,32,19,42,32,320,112,2.857142857142857,2.0,9.0,13,49,33,21,9,0,0,0
Measured,prefill-1024.sstrace,32,20,42,32,320,105,3.0476190476190474,2.0,9.0,11,39,35,20,11,0,0,0
Measured,prefill-1024.sstrace,32,21,42,32,320,102,3.1372549019607843,2.0,9.0,13,36,33,23,10,0,0,0
Measured,prefill-1024.sstrace,32,22,42,32,320,116,2.7586206896551726,2.0,7.25,15,57,26,27,6,0,0,0
Measured,prefill-1024.sstrace,32,23,42,32,320,114,2.807017543859649,2.0,7.349999999999994,14,53,29,26,6,0,0,0
Measured,prefill-1024.sstrace,32,24,42,32,320,105,3.0476190476190474,2.0,8.0,14,41,32,24,8,0,0,0
Measured,prefill-1024.sstrace,32,25,42,32,320,116,2.7586206896551726,2.0,8.0,13,51,37,21,7,0,0,0
Measured,prefill-1024.sstrace,32,26,42,32,320,112,2.857142857142857,2.0,7.449999999999989,15,52,30,24,6,0,0,0
Measured,prefill-1024.sstrace,32,27,42,32,320,109,2.9357798165137616,2.0,9.0,12,51,25,23,10,0,0,0
Measured,prefill-1024.sstrace,32,28,42,32,320,118,2.711864406779661,2.0,7.1499999999999915,16,51,40,21,4,2,0,0
Measured,prefill-1024.sstrace,32,29,42,32,320,102,3.1372549019607843,2.0,9.0,14,43,30,19,10,0,0,0
Measured,prefill-1024.sstrace,32,30,42,32,320,126,2.5396825396825395,2.0,7.0,12,62,37,21,6,0,0,0
Measured,prefill-1024.sstrace,32,31,42,32,320,112,2.857142857142857,2.0,7.0,13,46,34,27,5,0,0,0
Measured,prefill-1024.sstrace,32,0,43,32,320,108,2.962962962962963,2.0,10.0,20,49,33,16,9,1,0,0
Measured,prefill-1024.sstrace,32,1,43,32,320,104,3.076923076923077,2.0,10.849999999999994,16,41,39,13,10,1,0,0
Measured,prefill-1024.sstrace,32,2,43,32,320,116,2.7586206896551726,2.0,9.0,19,57,33,15,10,1,0,0
Measured,prefill-1024.sstrace,32,3,43,32,320,122,2.622950819672131,1.0,11.0,18,69,30,14,8,1,0,0
Measured,prefill-1024.sstrace,32,4,43,32,320,125,2.56,1.0,7.799999999999997,18,63,37,18,5,2,0,0
Measured,prefill-1024.sstrace,32,5,43,32,320,115,2.782608695652174,2.0,10.599999999999994,17,53,41,12,8,1,0,0
Measured,prefill-1024.sstrace,32,6,43,32,320,120,2.6666666666666665,2.0,8.0,14,58,33,20,9,0,0,0
Measured,prefill-1024.sstrace,32,7,43,32,320,125,2.56,1.0,7.0,17,63,35,21,5,1,0,0
Measured,prefill-1024.sstrace,32,8,43,32,320,127,2.5196850393700787,2.0,8.399999999999977,14,59,49,12,7,0,0,0
Measured,prefill-1024.sstrace,32,9,43,32,320,118,2.711864406779661,2.0,8.149999999999991,17,54,37,20,6,1,0,0
Measured,prefill-1024.sstrace,32,10,43,32,320,121,2.644628099173554,2.0,8.0,15,57,33,23,8,0,0,0
Measured,prefill-1024.sstrace,32,11,43,32,320,134,2.388059701492537,1.0,7.349999999999994,16,76,35,16,6,1,0,0
Measured,prefill-1024.sstrace,32,12,43,32,320,130,2.4615384615384617,2.0,8.549999999999997,17,64,44,13,8,1,0,0
Measured,prefill-1024.sstrace,32,13,43,32,320,135,2.3703703703703702,1.0,7.0,16,71,40,18,5,1,0,0
Measured,prefill-1024.sstrace,32,14,43,32,320,123,2.6016260162601625,2.0,9.0,14,59,38,18,8,0,0,0
Measured,prefill-1024.sstrace,32,15,43,32,320,131,2.4427480916030535,1.0,6.5,12,66,37,23,5,0,0,0
Measured,prefill-1024.sstrace,32,16,43,32,320,117,2.735042735042735,2.0,8.199999999999989,20,57,37,13,9,1,0,0
Measured,prefill-1024.sstrace,32,17,43,32,320,124,2.5806451612903225,1.0,8.0,14,64,34,18,8,0,0,0
Measured,prefill-1024.sstrace,32,18,43,32,320,131,2.4427480916030535,1.0,7.5,13,71,33,20,7,0,0,0
Measured,prefill-1024.sstrace,32,19,43,32,320,128,2.5,1.0,9.0,13,70,32,17,9,0,0,0
Measured,prefill-1024.sstrace,32,20,43,32,320,117,2.735042735042735,2.0,9.0,14,54,32,21,10,0,0,0
Measured,prefill-1024.sstrace,32,21,43,32,320,123,2.6016260162601625,1.0,9.0,13,64,30,20,9,0,0,0
Measured,prefill-1024.sstrace,32,22,43,32,320,135,2.3703703703703702,1.0,8.0,18,72,41,14,7,1,0,0
Measured,prefill-1024.sstrace,32,23,43,32,320,135,2.3703703703703702,2.0,7.0,14,67,42,20,6,0,0,0
Measured,prefill-1024.sstrace,32,24,43,32,320,128,2.5,1.0,8.649999999999991,12,66,36,18,8,0,0,0
Measured,prefill-1024.sstrace,32,25,43,32,320,128,2.5,2.0,8.299999999999983,14,61,42,18,7,0,0,0
Measured,prefill-1024.sstrace,32,26,43,32,320,124,2.5806451612903225,2.0,8.0,16,56,44,15,8,1,0,0
Measured,prefill-1024.sstrace,32,27,43,32,320,127,2.5196850393700787,1.0,8.0,15,64,36,19,8,0,0,0
Measured,prefill-1024.sstrace,32,28,43,32,320,131,2.4427480916030535,1.0,8.5,15,67,41,15,8,0,0,0
Measured,prefill-1024.sstrace,32,29,43,32,320,121,2.644628099173554,1.0,8.0,18,63,30,19,8,1,0,0
Measured,prefill-1024.sstrace,32,30,43,32,320,139,2.302158273381295,1.0,7.0,16,75,40,18,5,1,0,0
Measured,prefill-1024.sstrace,32,31,43,32,320,122,2.622950819672131,1.0,8.0,13,65,33,14,10,0,0,0
Measured,prefill-1024.sstrace,32,0,44,32,320,125,2.56,2.0,7.0,13,60,38,21,6,0,0,0
Measured,prefill-1024.sstrace,32,1,44,32,320,104,3.076923076923077,2.0,11.699999999999989,21,47,33,14,9,1,0,0
Measured,prefill-1024.sstrace,32,2,44,32,320,111,2.8828828828828827,2.0,9.0,25,55,31,14,9,2,0,0
Measured,prefill-1024.sstrace,32,3,44,32,320,108,2.962962962962963,2.0,9.0,24,53,26,19,8,2,0,0
Measured,prefill-1024.sstrace,32,4,44,32,320,119,2.689075630252101,1.0,8.099999999999994,23,64,29,19,5,2,0,0
Measured,prefill-1024.sstrace,32,5,44,32,320,112,2.857142857142857,1.0,8.0,22,58,26,21,5,2,0,0
Measured,prefill-1024.sstrace,32,6,44,32,320,99,3.2323232323232323,2.0,9.199999999999989,22,44,26,22,5,2,0,0
Measured,prefill-1024.sstrace,32,7,44,32,320,112,2.857142857142857,1.0,8.449999999999989,21,58,29,15,7,3,0,0
Measured,prefill-1024.sstrace,32,8,44,32,320,110,2.909090909090909,1.0,8.549999999999997,21,58,19,25,6,2,0,0
Measured,prefill-1024.sstrace,32,9,44,32,320,113,2.831858407079646,1.0,9.0,20,57,31,18,4,3,0,0
Measured,prefill-1024.sstrace,32,10,44,32,320,111,2.8828828828828827,2.0,8.0,20,50,32,22,5,2,0,0
Measured,prefill-1024.sstrace,32,11,44,32,320,121,2.644628099173554,1.0,7.0,21,69,28,18,3,3,0,0
Measured,prefill-1024.sstrace,32,12,44,32,320,116,2.7586206896551726,1.5,8.25,22,58,31,20,4,3,0,0
Measured,prefill-1024.sstrace,32,13,44,32,320,117,2.735042735042735,1.0,8.0,22,59,32,19,5,2,0,0
Measured,prefill-1024.sstrace,32,14,44,32,320,106,3.018867924528302,2.0,9.5,25,46,37,15,6,2,0,0
Measured,prefill-1024.sstrace,32,15,44,32,320,117,2.735042735042735,2.0,7.399999999999977,21,56,38,17,4,2,0,0
Measured,prefill-1024.sstrace,32,16,44,32,320,107,2.9906542056074765,2.0,8.0,19,47,34,18,5,3,0,0
Measured,prefill-1024.sstrace,32,17,44,32,320,117,2.735042735042735,1.0,7.0,21,59,31,22,4,1,0,0
Measured,prefill-1024.sstrace,32,18,44,32,320,118,2.711864406779661,1.0,7.0,23,60,33,20,2,3,0,0
Measured,prefill-1024.sstrace,32,19,44,32,320,110,2.909090909090909,2.0,8.549999999999997,19,49,33,18,9,1,0,0
Measured,prefill-1024.sstrace,32,20,44,32,320,107,2.9906542056074765,2.0,9.399999999999977,20,43,42,14,6,2,0,0
Measured,prefill-1024.sstrace,32,21,44,32,320,112,2.857142857142857,2.0,8.449999999999989,22,55,29,20,7,1,0,0
Measured,prefill-1024.sstrace,32,22,44,32,320,120,2.6666666666666665,2.0,7.0,23,55,39,22,2,2,0,0
Measured,prefill-1024.sstrace,32,23,44,32,320,115,2.782608695652174,2.0,8.0,25,48,43,17,6,1,0,0
Measured,prefill-1024.sstrace,32,24,44,32,320,112,2.857142857142857,2.0,8.0,20,52,32,20,7,1,0,0
Measured,prefill-1024.sstrace,32,25,44,32,320,119,2.689075630252101,2.0,7.099999999999994,22,54,41,18,5,1,0,0
Measured,prefill-1024.sstrace,32,26,44,32,320,124,2.5806451612903225,1.0,8.0,22,69,30,14,10,1,0,0
Measured,prefill-1024.sstrace,32,27,44,32,320,113,2.831858407079646,2.0,8.399999999999991,20,52,33,19,8,1,0,0
Measured,prefill-1024.sstrace,32,28,44,32,320,118,2.711864406779661,1.0,8.149999999999991,27,60,35,14,8,1,0,0
Measured,prefill-1024.sstrace,32,29,44,32,320,112,2.857142857142857,2.0,7.0,21,47,37,23,3,2,0,0
Measured,prefill-1024.sstrace,32,30,44,32,320,130,2.4615384615384617,2.0,6.0,23,64,45,16,4,1,0,0
Measured,prefill-1024.sstrace,32,31,44,32,320,113,2.831858407079646,2.0,8.0,19,52,36,16,8,1,0,0
Measured,prefill-1024.sstrace,32,0,45,32,320,121,2.644628099173554,2.0,7.0,13,52,43,20,6,0,0,0
Measured,prefill-1024.sstrace,32,1,45,32,320,109,2.9357798165137616,2.0,9.599999999999994,20,44,36,22,6,1,0,0
Measured,prefill-1024.sstrace,32,2,45,32,320,103,3.1067961165048543,2.0,9.899999999999991,23,50,26,18,7,2,0,0
Measured,prefill-1024.sstrace,32,3,45,32,320,105,3.0476190476190474,1.0,10.799999999999997,22,54,24,17,8,2,0,0
Measured,prefill-1024.sstrace,32,4,45,32,320,103,3.1067961165048543,2.0,8.899999999999991,22,46,29,18,8,2,0,0
Measured,prefill-1024.sstrace,32,5,45,32,320,105,3.0476190476190474,2.0,9.0,22,47,33,17,5,3,0,0
Measured,prefill-1024.sstrace,32,6,45,32,320,99,3.2323232323232323,2.0,11.199999999999989,20,49,23,17,8,2,0,0
Measured,prefill-1024.sstrace,32,7,45,32,320,100,3.2,2.0,12.049999999999997,20,48,26,14,10,2,0,0
Measured,prefill-1024.sstrace,32,8,45,32,320,110,2.909090909090909,1.0,10.0,15,57,24,18,11,0,0,0
Measured,prefill-1024.sstrace,32,9,45,32,320,107,2.9906542056074765,1.0,10.0,19,60,22,14,9,2,0,0
Measured,prefill-1024.sstrace,32,10,45,32,320,100,3.2,1.5,11.149999999999991,20,50,27,12,9,2,0,0
Measured,prefill-1024.sstrace,32,11,45,32,320,116,2.7586206896551726,1.0,9.5,19,67,24,14,10,1,0,0
Measured,prefill-1024.sstrace,32,12,45,32,320,102,3.1372549019607843,1.0,11.0,21,52,25,13,9,3,0,0
Measured,prefill-1024.sstrace,32,13,45,32,320,105,3.0476190476190474,1.0,13.0,19,60,21,12,11,1,0,0
Measured,prefill-1024.sstrace,32,14,45,32,320,99,3.2323232323232323,2.0,13.0,20,46,32,8,12,1,0,0
Measured,prefill-1024.sstrace,32,15,45,32,320,111,2.8828828828828827,1.0,10.0,17,60,26,16,6,3,0,0
Measured,prefill-1024.sstrace,32,16,45,32,320,96,3.3333333333333335,2.0,11.0,21,46,26,13,8,3,0,0
Measured,prefill-1024.sstrace,32,17,45,32,320,96,3.3333333333333335,2.0,12.25,20,40,34,10,10,2,0,0
Measured,prefill-1024.sstrace,32,18,45,32,320,112,2.857142857142857,1.0,9.449999999999989,21,57,32,13,8,2,0,0
Measured,prefill-1024.sstrace,32,19,45,32,320,98,3.2653061224489797,2.0,12.149999999999991,24,45,31,11,9,2,0,0
Measured,prefill-1024.sstrace,32,20,45,32,320,99,3.2323232323232323,1.0,12.099999999999994,19,54,20,13,11,1,0,0
Measured,prefill-1024.sstrace,32,21,45,32,320,96,3.3333333333333335,2.0,13.0,19,46,26,12,9,3,0,0
Measured,prefill-1024.sstrace,32,22,45,32,320,98,3.2653061224489797,2.0,11.149999999999991,21,44,27,16,9,2,0,0
Measured,prefill-1024.sstrace,32,23,45,32,320,99,3.2323232323232323,1.0,12.099999999999994,21,52,22,13,10,2,0,0
Measured,prefill-1024.sstrace,32,24,45,32,320,94,3.404255319148936,2.0,11.699999999999989,19,40,30,13,9,2,0,0
Measured,prefill-1024.sstrace,32,25,45,32,320,100,3.2,2.0,12.049999999999997,22,49,28,11,10,2,0,0
Measured,prefill-1024.sstrace,32,26,45,32,320,103,3.1067961165048543,1.0,12.0,20,53,29,9,9,3,0,0
Measured,prefill-1024.sstrace,32,27,45,32,320,103,3.1067961165048543,1.0,13.699999999999974,20,57,24,10,9,3,0,0
Measured,prefill-1024.sstrace,32,28,45,32,320,97,3.2989690721649483,1.0,15.0,24,51,26,7,10,3,0,0
Measured,prefill-1024.sstrace,32,29,45,32,320,98,3.2653061224489797,2.0,13.0,20,43,32,12,8,3,0,0
Measured,prefill-1024.sstrace,32,30,45,32,320,106,3.018867924528302,1.0,12.75,20,58,26,11,9,2,0,0
Measured,prefill-1024.sstrace,32,31,45,32,320,93,3.4408602150537635,2.0,13.399999999999991,18,42,28,9,12,2,0,0
Measured,prefill-1024.sstrace,32,0,46,32,320,133,2.406015037593985,2.0,6.0,21,59,49,21,3,1,0,0
Measured,prefill-1024.sstrace,32,1,46,32,320,98,3.2653061224489797,2.0,14.149999999999991,21,42,31,17,4,4,0,0
Measured,prefill-1024.sstrace,32,2,46,32,320,104,3.076923076923077,1.5,13.249999999999972,26,52,29,16,2,5,0,0
Measured,prefill-1024.sstrace,32,3,46,32,320,96,3.3333333333333335,2.0,12.25,23,39,33,17,2,5,0,0
Measured,prefill-1024.sstrace,32,4,46,32,320,107,2.9906542056074765,1.0,12.399999999999977,26,57,31,11,4,4,0,0
Measured,prefill-1024.sstrace,32,5,46,32,320,109,2.9357798165137616,1.0,11.0,26,66,23,11,4,5,0,0
Measured,prefill-1024.sstrace,32,6,46,32,320,92,3.4782608695652173,1.5,13.450000000000003,25,46,21,15,6,4,0,0
Measured,prefill-1024.sstrace,32,7,46,32,320,97,3.2989690721649483,1.0,14.399999999999977,25,52,27,7,6,5,0,0
Measured,prefill-1024.sstrace,32,8,46,32,320,98,3.2653061224489797,2.0,12.449999999999974,23,48,29,10,7,4,0,0
Measured,prefill-1024.sstrace,32,9,46,32,320,99,3.2323232323232323,1.0,12.599999999999966,25,56,25,6,7,5,0,0
Measured,prefill-1024.sstrace,32,10,46,32,320,89,3.595505617977528,1.0,15.199999999999989,26,46,21,5,12,5,0,0
Measured,prefill-1024.sstrace,32,11,46,32,320,94,3.404255319148936,1.0,13.349999999999994,25,51,21,9,9,4,0,0
Measured,prefill-1024.sstrace,32,12,46,32,320,89,3.595505617977528,1.0,14.599999999999994,24,48,20,9,8,4,0,0
Measured,prefill-1024.sstrace,32,13,46,32,320,82,3.902439024390244,1.5,15.800000000000011,23,41,18,9,9,5,0,0
Measured,prefill-1024.sstrace,32,14,46,32,320,84,3.8095238095238093,2.0,14.849999999999994,26,41,17,13,9,4,0,0
Measured,prefill-1024.sstrace,32,15,46,32,320,94,3.404255319148936,1.0,16.0,23,53,21,8,6,6,0,0
Measured,prefill-1024.sstrace,32,16,46,32,320,88,3.6363636363636362,1.0,17.0,24,53,14,9,6,6,0,0
Measured,prefill-1024.sstrace,32,17,46,32,320,80,4.0,1.0,15.199999999999989,27,43,16,5,12,4,0,0
Measured,prefill-1024.sstrace,32,18,46,32,320,82,3.902439024390244,2.0,16.900000000000006,23,37,25,7,8,5,0,0
Measured,prefill-1024.sstrace,32,19,46,32,320,78,4.102564102564102,1.5,15.449999999999974,27,39,16,11,8,4,0,0
Measured,prefill-1024.sstrace,32,20,46,32,320,86,3.7209302325581395,1.0,14.0,29,44,20,10,8,4,0,0
Measured,prefill-1024.sstrace,32,21,46,32,320,89,3.595505617977528,1.0,13.0,27,47,20,10,9,3,0,0
Measured,prefill-1024.sstrace,32,22,46,32,320,78,4.102564102564102,2.0,13.449999999999974,26,34,20,9,11,4,0,0
Measured,prefill-1024.sstrace,32,23,46,32,320,91,3.5164835164835164,1.0,13.0,23,48,21,9,9,4,0,0
Measured,prefill-1024.sstrace,32,24,46,32,320,87,3.67816091954023,1.0,12.0,26,44,22,7,10,4,0,0
Measured,prefill-1024.sstrace,32,25,46,32,320,95,3.3684210526315788,1.0,14.0,25,55,21,6,9,4,0,0
Measured,prefill-1024.sstrace,32,26,46,32,320,87,3.67816091954023,2.0,13.0,26,42,25,7,9,4,0,0
Measured,prefill-1024.sstrace,32,27,46,32,320,90,3.5555555555555554,1.0,12.549999999999997,26,50,17,10,9,4,0,0
Measured,prefill-1024.sstrace,32,28,46,32,320,86,3.7209302325581395,1.0,11.0,25,45,18,10,9,4,0,0
Measured,prefill-1024.sstrace,32,29,46,32,320,83,3.855421686746988,2.0,12.0,28,40,22,8,9,4,0,0
Measured,prefill-1024.sstrace,32,30,46,32,320,80,4.0,2.0,14.249999999999986,30,36,23,8,9,4,0,0
Measured,prefill-1024.sstrace,32,31,46,32,320,83,3.855421686746988,1.0,13.899999999999991,29,44,17,9,9,4,0,0
Measured,prefill-1024.sstrace,32,0,47,1,10,10,1.0,1.0,1.0,1,10,0,0,0,0,0,0
Measured,prefill-1024.sstrace,64,0,0,64,640,198,3.2323232323232323,2.0,7.149999999999977,15,25,109,54,10,0,0,0
Measured,prefill-1024.sstrace,64,1,0,64,640,180,3.5555555555555554,3.0,8.0,26,5,113,51,10,1,0,0
Measured,prefill-1024.sstrace,64,2,0,64,640,180,3.5555555555555554,3.0,8.0,24,6,109,54,10,1,0,0
Measured,prefill-1024.sstrace,64,3,0,64,640,176,3.6363636363636362,3.0,7.25,20,1,107,59,8,1,0,0
Measured,prefill-1024.sstrace,64,4,0,64,640,172,3.7209302325581395,2.0,8.449999999999989,25,0,102,54,15,1,0,0
Measured,prefill-1024.sstrace,64,5,0,64,640,172,3.7209302325581395,3.0,8.0,23,1,101,58,11,1,0,0
Measured,prefill-1024.sstrace,64,6,0,64,640,176,3.6363636363636362,3.0,7.0,18,1,105,62,7,1,0,0
Measured,prefill-1024.sstrace,64,7,0,64,640,176,3.6363636363636362,3.0,8.0,20,2,104,60,9,1,0,0
Measured,prefill-1024.sstrace,64,8,0,64,640,176,3.6363636363636362,3.0,8.0,20,2,103,58,12,1,0,0
Measured,prefill-1024.sstrace,64,9,0,64,640,174,3.67816091954023,3.0,8.0,19,1,102,60,10,1,0,0
Measured,prefill-1024.sstrace,64,10,0,64,640,173,3.699421965317919,3.0,8.0,16,0,103,59,10,1,0,0
Measured,prefill-1024.sstrace,64,11,0,64,640,173,3.699421965317919,3.0,8.0,19,0,103,55,14,1,0,0
Measured,prefill-1024.sstrace,64,12,0,64,640,173,3.699421965317919,3.0,8.0,19,1,102,58,11,1,0,0
Measured,prefill-1024.sstrace,64,13,0,64,640,172,3.7209302325581395,3.0,7.449999999999989,15,0,100,63,9,0,0,0
Measured,prefill-1024.sstrace,64,14,0,64,640,172,3.7209302325581395,3.0,8.0,16,0,100,62,9,1,0,0
Measured,prefill-1024.sstrace,64,15,0,64,640,172,3.7209302325581395,3.0,8.0,16,0,100,58,13,1,0,0
Measured,prefill-1024.sstrace,64,0,1,64,640,145,4.413793103448276,3.0,12.599999999999966,38,23,54,49,16,2,1,0
Measured,prefill-1024.sstrace,64,1,1,64,640,146,4.383561643835616,3.0,10.0,24,8,71,46,17,4,0,0
Measured,prefill-1024.sstrace,64,2,1,64,640,147,4.35374149659864,3.0,11.699999999999989,21,4,79,43,19,2,0,0
Measured,prefill-1024.sstrace,64,3,1,64,640,151,4.23841059602649,3.0,10.0,25,2,81,47,17,4,0,0
Measured,prefill-1024.sstrace,64,4,1,64,640,151,4.23841059602649,3.0,11.0,17,4,77,53,14,3,0,0
Measured,prefill-1024.sstrace,64,5,1,64,640,151,4.23841059602649,3.0,9.5,17,4,78,53,13,3,0,0
Measured,prefill-1024.sstrace,64,6,1,64,640,149,4.295302013422819,3.0,10.599999999999994,21,2,74,55,14,4,0,0
Measured,prefill-1024.sstrace,64,7,1,64,640,151,4.23841059602649,3.0,9.5,21,2,76,55,15,3,0,0
Measured,prefill-1024.sstrace,64,8,1,64,640,152,4.2105263157894735,3.0,9.449999999999989,18,3,75,57,15,2,0,0
Measured,prefill-1024.sstrace,64,9,1,64,640,153,4.183006535947713,3.0,10.400000000000006,19,3,78,54,17,1,0,0
Measured,prefill-1024.sstrace,64,10,1,64,640,153,4.183006535947713,3.0,9.400000000000006,26,1,81,52,15,4,0,0
Measured,prefill-1024.sstrace,64,11,1,64,640,152,4.2105263157894735,3.0,10.449999999999989,18,1,80,55,14,2,0,0
Measured,prefill-1024.sstrace,64,12,1,64,640,152,4.2105263157894735,3.0,10.0,18,1,81,53,16,1,0,0
Measured,prefill-1024.sstrace,64,13,1,64,640,155,4.129032258064516,3.0,10.0,23,1,85,53,12,4,0,0
Measured,prefill-1024.sstrace,64,14,1,64,640,155,4.129032258064516,3.0,9.0,22,0,86,50,16,3,0,0
Measured,prefill-1024.sstrace,64,15,1,64,640,155,4.129032258064516,3.0,9.299999999999983,18,0,86,53,14,2,0,0
Measured,prefill-1024.sstrace,64,0,2,64,640,134,4.776119402985074,2.0,16.049999999999983,32,31,48,30,18,6,1,0
Measured,prefill-1024.sstrace,64,1,2,64,640,134,4.776119402985074,3.0,12.349999999999994,29,20,59,30,20,5,0,0
Measured,prefill-1024.sstrace,64,2,2,64,640,133,4.81203007518797,3.0,13.399999999999991,24,11,65,32,20,5,0,0
Measured,prefill-1024.sstrace,64,3,2,64,640,130,4.923076923076923,3.0,15.549999999999997,26,10,62,34,17,7,0,0
Measured,prefill-1024.sstrace,64,4,2,64,640,127,5.039370078740157,3.0,13.699999999999989,25,7,62,28,24,6,0,0
Measured,prefill-1024.sstrace,64,5,2,64,640,126,5.079365079365079,3.0,15.5,31,3,71,30,15,7,0,0
Measured,prefill-1024.sstrace,64,6,2,64,640,125,5.12,3.0,17.0,31,6,66,32,13,8,0,0
Measured,prefill-1024.sstrace,64,7,2,64,640,121,5.289256198347108,3.0,20.0,35,2,69,27,15,7,1,0
Measured,prefill-1024.sstrace,64,8,2,64,640,118,5.423728813559322,3.0,19.14999999999999,35,1,68,27,14,7,1,0
Measured,prefill-1024.sstrace,64,9,2,64,640,119,5.378151260504202,3.0,19.399999999999977,38,3,71,23,14,6,2,0
Measured,prefill-1024.sstrace,64,10,2,64,640,118,5.423728813559322,3.0,19.14999999999999,33,3,70,20,17,7,1,0
Measured,prefill-1024.sstrace,64,11,2,64,640,120,5.333333333333333,3.0,17.14999999999999,39,5,69,20,17,7,2,0
Measured,prefill-1024.sstrace,64,12,2,64,640,121,5.289256198347108,3.0,17.0,37,3,72,23,15,6,2,0
Measured,prefill-1024.sstrace,64,13,2,64,640,119,5.378151260504202,3.0,20.099999999999994,35,3,70,23,15,7,1,0
Measured,prefill-1024.sstrace,64,14,2,64,640,120,5.333333333333333,3.0,18.049999999999997,37,2,71,23,15,8,1,0
Measured,prefill-1024.sstrace,64,15,2,64,640,120,5.333333333333333,3.0,19.0,37,1,74,23,12,8,2,0
Measured,prefill-1024.sstrace,64,0,3,64,640,109,5.871559633027523,3.0,20.599999999999994,32,35,28,19,13,13,1,0
Measured,prefill-1024.sstrace,64,1,3,64,640,120,5.333333333333333,4.0,15.0,22,14,41,34,26,5,0,0
Measured,prefill-1024.sstrace,64,2,3,64,640,125,5.12,3.0,17.0,26,14,55,35,12,9,0,0
Measured,prefill-1024.sstrace,64,3,3,64,640,118,5.423728813559322,3.0,19.449999999999974,29,9,58,30,12,9,0,0
Measured,prefill-1024.sstrace,64,4,3,64,640,122,5.245901639344262,3.0,17.94999999999999,32,12,57,32,10,10,1,0
Measured,prefill-1024.sstrace,64,5,3,64,640,127,5.039370078740157,3.0,16.0,31,8,65,30,15,9,0,0
Measured,prefill-1024.sstrace,64,6,3,64,640,129,4.961240310077519,3.0,15.0,25,10,61,33,19,6,0,0
Measured,prefill-1024.sstrace,64,7,3,64,640,129,4.961240310077519,3.0,17.0,23,6,63,38,14,8,0,0
Measured,prefill-1024.sstrace,64,8,3,64,640,135,4.7407407407407405,3.0,16.299999999999997,26,4,73,36,13,9,0,0
Measured,prefill-1024.sstrace,64,9,3,64,640,140,4.571428571428571,3.0,14.049999999999983,22,6,74,40,14,6,0,0
Measured,prefill-1024.sstrace,64,10,3,64,640,143,4.475524475524476,3.0,12.0,22,8,74,37,20,4,0,0
Measured,prefill-1024.sstrace,64,11,3,64,640,148,4.324324324324325,3.0,13.0,20,9,78,41,16,4,0,0
Measured,prefill-1024.sstrace,64,12,3,64,640,148,4.324324324324325,3.0,12.0,18,6,80,41,17,4,0,0
Measured,prefill-1024.sstrace,64,13,3,64,640,152,4.2105263157894735,3.0,11.0,20,9,79,42,20,2,0,0
Measured,prefill-1024.sstrace,64,14,3,64,640,149,4.295302013422819,3.0,10.599999999999994,20,5,81,42,19,2,0,0
Measured,prefill-1024.sstrace,64,15,3,64,640,153,4.183006535947713,3.0,11.400000000000006,18,9,80,42,20,2,0,0
Measured,prefill-1024.sstrace,64,0,4,64,640,113,5.663716814159292,3.0,19.0,35,29,31,27,16,9,1,0
Measured,prefill-1024.sstrace,64,1,4,64,640,129,4.961240310077519,3.0,14.0,26,19,53,30,21,6,0,0
Measured,prefill-1024.sstrace,64,2,4,64,640,125,5.12,3.0,19.0,28,11,58,33,13,10,0,0
Measured,prefill-1024.sstrace,64,3,4,64,640,122,5.245901639344262,3.0,21.799999999999955,26,8,63,31,7,13,0,0
Measured,prefill-1024.sstrace,64,4,4,64,640,121,5.289256198347108,3.0,22.0,29,4,66,32,9,10,0,0
Measured,prefill-1024.sstrace,64,5,4,64,640,129,4.961240310077519,3.0,19.599999999999994,31,9,67,32,11,10,0,0
Measured,prefill-1024.sstrace,64,6,4,64,640,131,4.885496183206107,3.0,16.5,29,9,66,34,14,8,0,0
Measured,prefill-1024.sstrace,64,7,4,64,640,125,5.12,3.0,15.799999999999997,26,3,65,32,18,7,0,0
Measured,prefill-1024.sstrace,64,8,4,64,640,129,4.961240310077519,3.0,15.599999999999994,29,7,64,36,15,7,0,0
Measured,prefill-1024.sstrace,64,9,4,64,640,131,4.885496183206107,3.0,15.0,26,5,70,32,18,6,0,0
Measured,prefill-1024.sstrace,64,10,4,64,640,128,5.0,3.0,14.649999999999991,20,6,65,31,20,6,0,0
Measured,prefill-1024.sstrace,64,11,4,64,640,125,5.12,3.0,13.799999999999997,24,6,65,26,23,5,0,0
Measured,prefill-1024.sstrace,64,12,4,64,640,129,4.961240310077519,3.0,14.0,23,8,67,26,23,5,0,0
Measured,prefill-1024.sstrace,64,13,4,64,640,131,4.885496183206107,3.0,14.0,20,6,70,30,21,4,0,0
Measured,prefill-1024.sstrace,64,14,4,64,640,131,4.885496183206107,3.0,13.5,20,5,70,26,26,4,0,0
Measured,prefill-1024.sstrace,64,15,4,64,640,132,4.848484848484849,3.0,14.449999999999989,22,7,70,28,21,6,0,0
Measured,prefill-1024.sstrace,64,0,5,64,640,133,4.81203007518797,3.0,13.399999999999991,28,31,36,40,20,6,0,0
Measured,prefill-1024.sstrace,64,1,5,64,640,129,4.961240310077519,3.0,13.0,24,11,54,38,23,3,0,0
Measured,prefill-1024.sstrace,64,2,5,64,640,131,4.885496183206107,3.0,16.5,22,19,49,40,15,8,0,0
Measured,prefill-1024.sstrace,64,3,5,64,640,121,5.289256198347108,3.0,19.0,25,9,60,30,11,11,0,0
Measured,prefill-1024.sstrace,64,4,5,64,640,119,5.378151260504202,3.0,20.099999999999994,25,5,61,31,12,10,0,0
Measured,prefill-1024.sstrace,64,5,5,64,640,128,5.0,3.0,17.949999999999974,25,10,68,29,13,8,0,0
Measured,prefill-1024.sstrace,64,6,5,64,640,127,5.039370078740157,3.0,16.399999999999977,26,6,68,30,16,7,0,0
Measured,prefill-1024.sstrace,64,7,5,64,640,126,5.079365079365079,3.0,16.5,23,7,64,34,14,7,0,0
Measured,prefill-1024.sstrace,64,8,5,64,640,123,5.203252032520325,3.0,17.89999999999999,25,5,64,31,15,8,0,0
Measured,prefill-1024.sstrace,64,9,5,64,640,123,5.203252032520325,3.0,16.0,21,5,66,26,17,9,0,0
Measured,prefill-1024.sstrace,64,10,5,64,640,126,5.079365079365079,3.0,15.0,22,8,66,24,23,5,0,0
Measured,prefill-1024.sstrace,64,11,5,64,640,120,5.333333333333333,3.0,18.0,25,3,69,20,18,10,0,0
Measured,prefill-1024.sstrace,64,12,5,64,640,127,5.039370078740157,3.0,15.699999999999989,23,8,68,26,18,7,0,0
Measured,prefill-1024.sstrace,64,13,5,64,640,129,4.961240310077519,3.0,16.599999999999994,21,9,68,28,14,10,0,0
Measured,prefill-1024.sstrace,64,14,5,64,640,129,4.961240310077519,3.0,17.0,21,10,67,24,19,9,0,0
Measured,prefill-1024.sstrace,64,15,5,64,640,129,4.961240310077519,3.0,15.199999999999989,25,5,75,21,21,7,0,0
Measured,prefill-1024.sstrace,64,0,6,64,640,157,4.076433121019108,3.0,12.0,17,45,45,42,23,2,0,0
Measured,prefill-1024.sstrace,64,1,6,64,640,163,3.9263803680981595,3.0,10.0,21,25,72,46,19,1,0,0
Measured,prefill-1024.sstrace,64,2,6,64,640,154,4.1558441558441555,3.0,11.349999999999994,24,24,73,34,19,4,0,0
Measured,prefill-1024.sstrace,64,3,6,64,640,137,4.671532846715328,3.0,16.0,24,11,72,33,13,8,0,0
Measured,prefill-1024.sstrace,64,4,6,64,640,136,4.705882352941177,3.0,18.0,23,11,71,34,11,9,0,0
Measured,prefill-1024.sstrace,64,5,6,64,640,134,4.776119402985074,3.0,18.349999999999994,28,8,73,31,13,9,0,0
Measured,prefill-1024.sstrace,64,6,6,64,640,131,4.885496183206107,3.0,16.0,26,4,66,38,16,7,0,0
Measured,prefill-1024.sstrace,64,7,6,64,640,125,5.12,3.0,15.599999999999994,26,5,62,35,16,7,0,0
Measured,prefill-1024.sstrace,64,8,6,64,640,127,5.039370078740157,3.0,17.099999999999966,29,5,61,39,15,7,0,0
Measured,prefill-1024.sstrace,64,9,6,64,640,129,4.961240310077519,3.0,15.0,28,4,61,43,15,6,0,0
Measured,prefill-1024.sstrace,64,10,6,64,640,128,5.0,4.0,15.0,26,5,58,43,16,6,0,0
Measured,prefill-1024.sstrace,64,11,6,64,640,131,4.885496183206107,3.0,14.5,30,9,60,40,17,5,0,0
Measured,prefill-1024.sstrace,64,12,6,64,640,132,4.848484848484849,3.0,13.899999999999977,31,9,60,41,16,6,0,0
Measured,prefill-1024.sstrace,64,13,6,64,640,134,4.776119402985074,3.0,15.0,25,8,63,43,14,6,0,0
Measured,prefill-1024.sstrace,64,14,6,64,640,131,4.885496183206107,3.0,14.0,25,6,60,43,17,5,0,0
Measured,prefill-1024.sstrace,64,15,6,64,640,133,4.81203007518797,3.0,14.399999999999991,26,5,62,44,19,3,0,0
Measured,prefill-1024.sstrace,64,0,7,64,640,149,4.295302013422819,3.0,14.599999999999994,27,33,54,45,10,7,0,0
Measured,prefill-1024.sstrace,64,1,7,64,640,150,4.266666666666667,3.0,12.0,18,18,65,48,15,4,0,0
Measured,prefill-1024.sstrace,64,2,7,64,640,126,5.079365079365079,3.0,18.0,27,11,66,25,16,8,0,0
Measured,prefill-1024.sstrace,64,3,7,64,640,113,5.663716814159292,3.0,21.0,32,12,58,18,12,12,1,0
Measured,prefill-1024.sstrace,64,4,7,64,640,109,5.871559633027523,3.0,26.0,36,6,63,16,15,8,1,0
Measured,prefill-1024.sstrace,64,5,7,64,640,108,5.925925925925926,3.0,25.249999999999957,40,5,63,16,16,5,3,0
Measured,prefill-1024.sstrace,64,6,7,64,640,113,5.663716814159292,3.0,19.39999999999999,34,7,62,19,16,8,1,0
Measured,prefill-1024.sstrace,64,7,7,64,640,111,5.7657657657657655,3.0,18.0,38,7,55,23,16,9,1,0
Measured,prefill-1024.sstrace,64,8,7,64,640,109,5.871559633027523,3.0,22.399999999999977,41,5,56,24,16,6,2,0
Measured,prefill-1024.sstrace,64,9,7,64,640,109,5.871559633027523,3.0,22.0,40,4,52,30,15,7,1,0
Measured,prefill-1024.sstrace,64,10,7,64,640,118,5.423728813559322,3.0,20.0,30,7,59,28,14,10,0,0
Measured,prefill-1024.sstrace,64,11,7,64,640,123,5.203252032520325,3.0,16.699999999999974,33,5,69,27,15,6,1,0
Measured,prefill-1024.sstrace,64,12,7,64,640,125,5.12,3.0,15.0,32,5,74,22,18,5,1,0
Measured,prefill-1024.sstrace,64,13,7,64,640,125,5.12,3.0,18.0,27,5,69,27,15,9,0,0
Measured,prefill-1024.sstrace,64,14,7,64,640,129,4.961240310077519,3.0,15.599999999999994,29,6,70,31,15,7,0,0
Measured,prefill-1024.sstrace,64,15,7,64,640,131,4.885496183206107,3.0,15.5,28,6,68,36,14,7,0,0
Measured,prefill-1024.sstrace,64,0,8,64,640,106,6.037735849056604,4.0,20.0,39,27,19,35,15,9,1,0
Measured,prefill-1024.sstrace,64,1,8,64,640,119,5.378151260504202,4.0,15.099999999999994,22,22,33,32,26,6,0,0
Measured,prefill-1024.sstrace,64,2,8,64,640,122,5.245901639344262,3.0,18.899999999999977,25,21,46,29,17,9,0,0
Measured,prefill-1024.sstrace,64,3,8,64,640,112,5.714285714285714,3.0,17.0,31,13,47,26,18,8,0,0
Measured,prefill-1024.sstrace,64,4,8,64,640,105,6.095238095238095,4.0,21.799999999999997,31,16,36,27,15,11,0,0
Measured,prefill-1024.sstrace,64,5,8,64,640,94,6.808510638297872,4.0,27.349999999999994,31,5,38,27,13,11,0,0
Measured,prefill-1024.sstrace,64,6,8,64,640,92,6.956521739130435,5.0,23.0,31,5,31,25,23,8,0,0
Measured,prefill-1024.sstrace,64,7,8,64,640,86,7.441860465116279,5.0,22.75,32,4,24,31,17,8,2,0
Measured,prefill-1024.sstrace,64,8,8,64,640,89,7.191011235955056,5.0,23.19999999999999,34,4,27,34,14,9,1,0
Measured,prefill-1024.sstrace,64,9,8,64,640,94,6.808510638297872,5.0,19.0,37,7,28,33,15,9,2,0
Measured,prefill-1024.sstrace,64,10,8,64,640,97,6.597938144329897,5.0,18.599999999999966,30,5,34,32,16,10,0,0
Measured,prefill-1024.sstrace,64,11,8,64,640,100,6.4,4.0,19.14999999999999,36,6,34,35,16,8,1,0
Measured,prefill-1024.sstrace,64,12,8,64,640,106,6.037735849056604,4.0,16.75,33,8,41,27,22,7,1,0
Measured,prefill-1024.sstrace,64,13,8,64,640,105,6.095238095238095,4.0,15.799999999999997,27,3,42,30,24,6,0,0
Measured,prefill-1024.sstrace,64,14,8,64,640,111,5.7657657657657655,4.0,15.0,26,6,46,30,24,5,0,0
Measured,prefill-1024.sstrace,64,15,8,64,640,114,5.614035087719298,4.0,17.0,26,6,47,35,19,7,0,0
Measured,prefill-1024.sstrace,64,0,9,64,640,110,5.818181818181818,2.0,22.0,34,43,23,12,21,9,2,0
Measured,prefill-1024.sstrace,64,1,9,64,640,105,6.095238095238095,4.0,17.19999999999999,32,16,31,23,29,5,1,0
Measured,prefill-1024.sstrace,64,2,9,64,640,106,6.037735849056604,4.0,18.0,25,17,34,23,21,11,0,0
Measured,prefill-1024.sstrace,64,3,9,64,640,100,6.4,3.0,22.049999999999997,30,14,37,22,16,11,0,0
Measured,prefill-1024.sstrace,64,4,9,64,640,102,6.2745098039215685,3.0,23.0,36,14,39,24,12,12,1,0
Measured,prefill-1024.sstrace,64,5,9,64,640,102,6.2745098039215685,3.0,25.849999999999966,37,10,47,22,11,9,3,0
Measured,prefill-1024.sstrace,64,6,9,64,640,110,5.818181818181818,3.0,20.549999999999997,34,15,47,23,15,9,1,0
Measured,prefill-1024.sstrace,64,7,9,64,640,110,5.818181818181818,3.0,19.0,35,12,48,28,13,7,2,0
Measured,prefill-1024.sstrace,64,8,9,64,640,118,5.423728813559322,3.0,16.14999999999999,35,10,56,29,15,6,2,0
Measured,prefill-1024.sstrace,64,9,9,64,640,119,5.378151260504202,3.0,17.099999999999994,33,7,62,27,15,6,2,0
Measured,prefill-1024.sstrace,64,10,9,64,640,121,5.289256198347108,3.0,17.0,29,11,59,27,15,9,0,0
Measured,prefill-1024.sstrace,64,11,9,64,640,120,5.333333333333333,3.0,18.0,32,8,60,30,13,8,1,0
Measured,prefill-1024.sstrace,64,12,9,64,640,124,5.161290322580645,3.0,16.849999999999994,27,11,59,29,16,9,0,0
Measured,prefill-1024.sstrace,64,13,9,64,640,123,5.203252032520325,3.0,16.699999999999974,26,8,57,33,18,7,0,0
Measured,prefill-1024.sstrace,64,14,9,64,640,127,5.039370078740157,3.0,16.399999999999977,25,13,53,36,18,7,0,0
Measured,prefill-1024.sstrace,64,15,9,64,640,124,5.161290322580645,3.0,14.849999999999994,25,9,56,32,21,6,0,0
Measured,prefill-1024.sstrace,64,0,10,64,640,128,5.0,3.0,16.64999999999999,43,39,33,32,15,8,1,0
Measured,prefill-1024.sstrace,64,1,10,64,640,121,5.289256198347108,3.0,14.0,37,17,46,34,18,5,1,0
Measured,prefill-1024.sstrace,64,2,10,64,640,113,5.663716814159292,3.0,20.0,26,18,44,24,16,11,0,0
Measured,prefill-1024.sstrace,64,3,10,64,640,113,5.663716814159292,4.0,17.0,23,18,38,26,23,8,0,0
Measured,prefill-1024.sstrace,64,4,10,64,640,110,5.818181818181818,4.0,19.549999999999997,24,14,37,31,20,8,0,0
Measured,prefill-1024.sstrace,64,5,10,64,640,103,6.213592233009709,4.0,21.799999999999983,28,13,32,32,15,11,0,0
Measured,prefill-1024.sstrace,64,6,10,64,640,109,5.871559633027523,4.0,17.19999999999999,28,15,38,26,21,9,0,0
Measured,prefill-1024.sstrace,64,7,10,64,640,96,6.666666666666667,4.0,17.5,34,5,31,31,21,6,2,0
Measured,prefill-1024.sstrace,64,8,10,64,640,100,6.4,4.5,20.049999999999997,36,7,35,32,20,4,2,0
Measured,prefill-1024.sstrace,64,9,10,64,640,104,6.153846153846154,4.0,20.0,39,10,37,29,20,6,2,0
Measured,prefill-1024.sstrace,64,10,10,64,640,103,6.213592233009709,4.0,16.89999999999999,31,9,34,30,23,7,0,0
Measured,prefill-1024.sstrace,64,11,10,64,640,102,6.2745098039215685,4.0,16.94999999999999,36,7,35,34,19,4,3,0
Measured,prefill-1024.sstrace,64,12,10,64,640,100,6.4,4.0,17.099999999999994,35,4,38,33,19,3,3,0
Measured,prefill-1024.sstrace,64,13,10,64,640,102,6.2745098039215685,5.0,15.0,30,8,31,31,29,3,0,0
Measured,prefill-1024.sstrace,64,14,10,64,640,104,6.153846153846154,4.0,14.849999999999994,28,4,34,37,25,4,0,0
Measured,prefill-1024.sstrace,64,15,10,64,640,109,5.871559633027523,4.0,13.599999999999994,28,5,34,42,24,4,0,0
Measured,prefill-1024.sstrace,64,0,11,64,640,121,5.289256198347108,3.0,17.0,30,40,25,29,18,9,0,0
Measured,prefill-1024.sstrace,64,1,11,64,640,117,5.47008547008547,4.0,15.599999999999966,23,21,32,35,23,6,0,0
Measured,prefill-1024.sstrace,64,2,11,64,640,120,5.333333333333333,3.0,15.049999999999997,26,28,34,30,22,6,0,0
Measured,prefill-1024.sstrace,64,3,11,64,640,116,5.517241379310345,4.0,16.0,30,23,34,27,25,7,0,0
Measured,prefill-1024.sstrace,64,4,11,64,640,118,5.423728813559322,4.0,13.0,24,12,41,35,27,3,0,0
Measured,prefill-1024.sstrace,64,5,11,64,640,117,5.47008547008547,4.0,15.199999999999989,21,14,43,31,23,6,0,0
Measured,prefill-1024.sstrace,64,6,11,64,640,115,5.565217391304348,4.0,15.299999999999997,24,18,36,33,22,6,0,0
Measured,prefill-1024.sstrace,64,7,11,64,640,107,5.981308411214953,4.0,18.0,27,13,32,33,22,7,0,0
Measured,prefill-1024.sstrace,64,8,11,64,640,102,6.2745098039215685,4.5,17.0,31,12,34,28,19,9,0,0
Measured,prefill-1024.sstrace,64,9,11,64,640,103,6.213592233009709,4.0,17.89999999999999,32,11,29,36,19,7,1,0
Measured,prefill-1024.sstrace,64,10,11,64,640,104,6.153846153846154,4.0,18.0,26,11,36,31,13,13,0,0
Measured,prefill-1024.sstrace,64,11,11,64,640,103,6.213592233009709,4.0,15.899999999999991,33,10,33,30,24,5,1,0
Measured,prefill-1024.sstrace,64,12,11,64,640,100,6.4,4.0,18.049999999999997,36,5,42,25,19,7,2,0
Measured,prefill-1024.sstrace,64,13,11,64,640,96,6.666666666666667,4.0,17.5,32,8,33,27,20,7,1,0
Measured,prefill-1024.sstrace,64,14,11,64,640,98,6.530612244897959,4.0,18.14999999999999,32,9,31,29,22,5,2,0
Measured,prefill-1024.sstrace,64,15,11,64,640,90,7.111111111111111,4.0,17.549999999999997,37,3,35,21,21,8,2,0
Measured,prefill-1024.sstrace,64,0,12,64,640,140,4.571428571428571,2.0,15.0,28,36,49,26,23,6,0,0
Measured,prefill-1024.sstrace,64,1,12,64,640,131,4.885496183206107,2.0,15.5,29,26,53,27,18,7,0,0
Measured,prefill-1024.sstrace,64,2,12,64,640,135,4.7407407407407405,3.0,14.0,29,31,51,25,23,5,0,0
Measured,prefill-1024.sstrace,64,3,12,64,640,127,5.039370078740157,3.0,16.0,30,15,53,38,13,8,0,0
Measured,prefill-1024.sstrace,64,4,12,64,640,129,4.961240310077519,3.0,15.199999999999989,22,25,45,30,22,7,0,0
Measured,prefill-1024.sstrace,64,5,12,64,640,117,5.47008547008547,4.0,14.199999999999989,25,11,39,40,24,3,0,0
Measured,prefill-1024.sstrace,64,6,12,64,640,123,5.203252032520325,3.0,15.0,25,15,48,32,22,6,0,0
Measured,prefill-1024.sstrace,64,7,12,64,640,118,5.423728813559322,4.0,17.0,23,11,44,36,20,7,0,0
Measured,prefill-1024.sstrace,64,8,12,64,640,112,5.714285714285714,4.0,15.0,26,6,48,31,22,5,0,0
Measured,prefill-1024.sstrace,64,9,12,64,640,107,5.981308411214953,4.0,15.0,26,7,44,23,28,5,0,0
Measured,prefill-1024.sstrace,64,10,12,64,640,111,5.7657657657657655,3.0,16.0,25,12,44,21,27,7,0,0
Measured,prefill-1024.sstrace,64,11,12,64,640,108,5.925925925925926,4.0,15.0,31,9,43,25,26,5,0,0
Measured,prefill-1024.sstrace,64,12,12,64,640,106,6.037735849056604,4.0,15.75,32,6,46,22,26,5,1,0
Measured,prefill-1024.sstrace,64,13,12,64,640,104,6.153846153846154,4.0,15.0,27,8,43,16,34,3,0,0
Measured,prefill-1024.sstrace,64,14,12,64,640,110,5.818181818181818,3.0,16.0,29,12,47,18,26,7,0,0
Measured,prefill-1024.sstrace,64,15,12,64,640,105,6.095238095238095,4.0,16.0,30,10,39,24,25,7,0,0
Measured,prefill-1024.sstrace,64,0,13,64,640,124,5.161290322580645,2.0,23.849999999999994,36,42,34,22,17,8,1,0
Measured,prefill-1024.sstrace,64,1,13,64,640,113,5.663716814159292,3.0,19.0,27,31,28,24,22,8,0,0
Measured,prefill-1024.sstrace,64,2,13,64,640,116,5.517241379310345,4.0,15.0,35,14,42,34,21,4,1,0
Measured,prefill-1024.sstrace,64,3,13,64,640,120,5.333333333333333,4.0,15.049999999999997,24,17,40,34,23,6,0,0
Measured,prefill-1024.sstrace,64,4,13,64,640,125,5.12,3.0,15.0,29,22,41,38,19,5,0,0
Measured,prefill-1024.sstrace,64,5,13,64,640,125,5.12,3.0,15.0,25,20,51,26,23,5,0,0
Measured,prefill-1024.sstrace,64,6,13,64,640,120,5.333333333333333,4.0,16.049999999999997,20,19,39,34,20,8,0,0
Measured,prefill-1024.sstrace,64,7,13,64,640,114,5.614035087719298,4.0,16.349999999999994,23,6,44,37,20,7,0,0
Measured,prefill-1024.sstrace,64,8,13,64,640,116,5.517241379310345,4.0,14.5,24,6,49,35,20,6,0,0
Measured,prefill-1024.sstrace,64,9,13,64,640,122,5.245901639344262,3.0,15.0,28,15,48,32,23,4,0,0
Measured,prefill-1024.sstrace,64,10,13,64,640,115,5.565217391304348,4.0,16.0,20,8,48,30,22,7,0,0
Measured,prefill-1024.sstrace,64,11,13,64,640,113,5.663716814159292,4.0,17.0,26,11,45,28,21,8,0,0
Measured,prefill-1024.sstrace,64,12,13,64,640,111,5.7657657657657655,4.0,17.5,24,7,45,32,20,7,0,0
Measured,prefill-1024.sstrace,64,13,13,64,640,108,5.925925925925926,4.0,16.0,20,7,39,34,21,7,0,0
Measured,prefill-1024.sstrace,64,14,13,64,640,116,5.517241379310345,4.0,15.0,24,10,46,33,22,5,0,0
Measured,prefill-1024.sstrace,64,15,13,64,640,118,5.423728813559322,4.0,14.149999999999991,24,10,43,38,23,4,0,0
Measured,prefill-1024.sstrace,64,0,14,64,640,140,4.571428571428571,2.0,15.099999999999966,31,46,37,32,18,7,0,0
Measured,prefill-1024.sstrace,64,1,14,64,640,124,5.161290322580645,3.0,14.849999999999994,36,28,35,33,22,5,1,0
Measured,prefill-1024.sstrace,64,2,14,64,640,121,5.289256198347108,3.0,14.0,33,23,38,34,21,4,1,0
Measured,prefill-1024.sstrace,64,3,14,64,640,131,4.885496183206107,3.0,16.5,23,26,52,24,21,8,0,0
Measured,prefill-1024.sstrace,64,4,14,64,640,131,4.885496183206107,3.0,14.5,24,25,49,30,21,6,0,0
Measured,prefill-1024.sstrace,64,5,14,64,640,136,4.705882352941177,3.0,14.0,25,21,54,36,20,5,0,0
Measured,prefill-1024.sstrace,64,6,14,64,640,142,4.507042253521127,3.0,12.949999999999989,22,28,51,39,18,6,0,0
Measured,prefill-1024.sstrace,64,7,14,64,640,133,4.81203007518797,3.0,13.399999999999991,21,26,43,42,16,6,0,0
Measured,prefill-1024.sstrace,64,8,14,64,640,135,4.7407407407407405,4.0,13.0,21,15,50,49,17,4,0,0
Measured,prefill-1024.sstrace,64,9,14,64,640,137,4.671532846715328,3.0,13.0,23,12,58,45,18,4,0,0
Measured,prefill-1024.sstrace,64,10,14,64,640,136,4.705882352941177,3.5,12.25,26,13,55,46,16,6,0,0
Measured,prefill-1024.sstrace,64,11,14,64,640,137,4.671532846715328,3.0,13.0,25,14,57,46,14,6,0,0
Measured,prefill-1024.sstrace,64,12,14,64,640,136,4.705882352941177,3.0,13.5,25,13,63,36,19,5,0,0
Measured,prefill-1024.sstrace,64,13,14,64,640,133,4.81203007518797,3.0,15.0,22,12,60,39,17,5,0,0
Measured,prefill-1024.sstrace,64,14,14,64,640,146,4.383561643835616,3.0,12.0,24,20,66,42,13,5,0,0
Measured,prefill-1024.sstrace,64,15,14,64,640,149,4.295302013422819,3.0,11.599999999999994,19,16,67,44,19,3,0,0
Measured,prefill-1024.sstrace,64,0,15,64,640,109,5.871559633027523,3.0,20.0,38,39,23,21,15,9,2,0
Measured,prefill-1024.sstrace,64,1,15,64,640,100,6.4,3.0,20.299999999999983,41,23,30,21,16,7,3,0
Measured,prefill-1024.sstrace,64,2,15,64,640,110,5.818181818181818,3.0,21.19999999999999,45,26,33,26,16,7,2,0
Measured,prefill-1024.sstrace,64,3,15,64,640,123,5.203252032520325,3.0,16.799999999999983,33,30,32,38,16,6,1,0
Measured,prefill-1024.sstrace,64,4,15,64,640,135,4.7407407407407405,3.0,13.599999999999994,23,29,41,38,22,5,0,0
Measured,prefill-1024.sstrace,64,5,15,64,640,144,4.444444444444445,3.0,11.0,24,29,53,33,28,1,0,0
Measured,prefill-1024.sstrace,64,6,15,64,640,140,4.571428571428571,3.0,12.049999999999983,20,27,49,37,25,2,0,0
Measured,prefill-1024.sstrace,64,7,15,64,640,140,4.571428571428571,3.0,12.049999999999983,18,30,46,38,23,3,0,0
Measured,prefill-1024.sstrace,64,8,15,64,640,140,4.571428571428571,3.0,12.0,30,22,54,38,23,3,0,0
Measured,prefill-1024.sstrace,64,9,15,64,640,137,4.671532846715328,3.0,14.399999999999977,28,19,60,32,19,7,0,0
Measured,prefill-1024.sstrace,64,10,15,64,640,136,4.705882352941177,3.0,14.0,26,24,51,34,23,4,0,0
Measured,prefill-1024.sstrace,64,11,15,64,640,140,4.571428571428571,3.0,13.049999999999983,31,29,54,31,20,6,0,0
Measured,prefill-1024.sstrace,64,12,15,64,640,138,4.63768115942029,3.0,12.150000000000006,32,25,54,32,23,3,1,0
Measured,prefill-1024.sstrace,64,13,15,64,640,140,4.571428571428571,3.0,13.0,28,22,60,32,23,3,0,0
Measured,prefill-1024.sstrace,64,14,15,64,640,153,4.183006535947713,3.0,12.0,26,33,59,38,20,3,0,0
Measured,prefill-1024.sstrace,64,15,15,64,640,154,4.1558441558441555,3.0,12.349999999999994,22,30,66,36,18,4,0,0
Measured,prefill-1024.sstrace,64,0,16,64,640,113,5.663716814159292,3.0,18.0,31,33,30,21,19,10,0,0
Measured,prefill-1024.sstrace,64,1,16,64,640,117,5.47008547008547,3.0,15.0,35,28,37,26,21,3,2,0
Measured,prefill-1024.sstrace,64,2,16,64,640,117,5.47008547008547,3.0,17.0,32,24,39,25,21,7,1,0
Measured,prefill-1024.sstrace,64,3,16,64,640,138,4.63768115942029,3.0,17.150000000000006,24,36,47,30,15,10,0,0
Measured,prefill-1024.sstrace,64,4,16,64,640,150,4.266666666666667,3.0,13.549999999999983,20,39,49,38,17,7,0,0
Measured,prefill-1024.sstrace,64,5,16,64,640,167,3.8323353293413174,3.0,11.699999999999989,24,40,63,41,21,2,0,0
Measured,prefill-1024.sstrace,64,6,16,64,640,158,4.050632911392405,3.0,11.450000000000017,23,32,61,46,14,5,0,0
Measured,prefill-1024.sstrace,64,7,16,64,640,155,4.129032258064516,3.0,11.599999999999966,27,28,64,41,21,1,0,0
Measured,prefill-1024.sstrace,64,8,16,64,640,154,4.1558441558441555,3.0,12.0,25,23,70,37,23,1,0,0
Measured,prefill-1024.sstrace,64,9,16,64,640,151,4.23841059602649,3.0,11.0,25,32,58,40,17,4,0,0
Measured,prefill-1024.sstrace,64,10,16,64,640,151,4.23841059602649,3.0,13.0,20,35,57,30,25,4,0,0
Measured,prefill-1024.sstrace,64,11,16,64,640,144,4.444444444444445,3.0,12.0,21,28,52,36,24,4,0,0
Measured,prefill-1024.sstrace,64,12,16,64,640,143,4.475524475524476,3.0,12.0,24,28,51,36,24,4,0,0
Measured,prefill-1024.sstrace,64,13,16,64,640,148,4.324324324324325,3.0,11.650000000000006,17,31,52,37,25,3,0,0
Measured,prefill-1024.sstrace,64,14,16,64,640,149,4.295302013422819,3.0,12.0,17,33,53,35,27,1,0,0
Measured,prefill-1024.sstrace,64,15,16,64,640,163,3.9263803680981595,3.0,11.0,17,43,54,42,23,1,0,0
Measured,prefill-1024.sstrace,64,0,17,64,640,120,5.333333333333333,3.0,20.0,27,36,28,30,16,10,0,0
Measured,prefill-1024.sstrace,64,1,17,64,640,147,4.35374149659864,2.0,14.0,34,52,42,26,22,3,2,0
Measured,prefill-1024.sstrace,64,2,17,64,640,138,4.63768115942029,3.0,13.0,30,25,54,38,17,4,0,0
Measured,prefill-1024.sstrace,64,3,17,64,640,154,4.1558441558441555,3.0,12.0,25,39,51,40,20,4,0,0
Measured,prefill-1024.sstrace,64,4,17,64,640,148,4.324324324324325,3.0,11.650000000000006,20,30,54,38,24,2,0,0
Measured,prefill-1024.sstrace,64,5,17,64,640,160,4.0,3.0,12.049999999999983,20,46,55,35,20,4,0,0
Measured,prefill-1024.sstrace,64,6,17,64,640,151,4.23841059602649,3.0,12.0,21,34,62,28,24,3,0,0
Measured,prefill-1024.sstrace,64,7,17,64,640,150,4.266666666666667,2.0,13.0,23,38,54,31,24,3,0,0
Measured,prefill-1024.sstrace,64,8,17,64,640,156,4.102564102564102,3.0,10.5,22,26,65,45,18,2,0,0
Measured,prefill-1024.sstrace,64,9,17,64,640,150,4.266666666666667,3.0,11.549999999999983,28,26,62,39,20,3,0,0
Measured,prefill-1024.sstrace,64,10,17,64,640,148,4.324324324324325,3.0,12.650000000000006,23,30,59,31,26,2,0,0
Measured,prefill-1024.sstrace,64,11,17,64,640,144,4.444444444444445,3.0,11.849999999999994,27,19,62,42,17,4,0,0
Measured,prefill-1024.sstrace,64,12,17,64,640,151,4.23841059602649,2.0,11.5,25,35,59,35,16,6,0,0
Measured,prefill-1024.sstrace,64,13,17,64,640,151,4.23841059602649,2.0,10.5,28,37,55,34,20,5,0,0
Measured,prefill-1024.sstrace,64,14,17,64,640,148,4.324324324324325,2.0,11.0,25,29,62,33,19,5,0,0
Measured,prefill-1024.sstrace,64,15,17,64,640,156,4.102564102564102,3.0,11.0,30,37,59,37,18,5,0,0
Measured,prefill-1024.sstrace,64,0,18,64,640,144,4.444444444444445,3.0,11.849999999999994,42,41,45,34,19,4,1,0
Measured,prefill-1024.sstrace,64,1,18,64,640,125,5.12,3.0,17.0,30,34,42,25,14,10,0,0
Measured,prefill-1024.sstrace,64,2,18,64,640,116,5.517241379310345,3.0,17.25,31,25,35,30,16,10,0,0
Measured,prefill-1024.sstrace,64,3,18,64,640,135,4.7407407407407405,3.0,16.0,21,30,48,30,19,8,0,0
Measured,prefill-1024.sstrace,64,4,18,64,640,141,4.539007092198582,3.0,14.0,21,34,51,29,22,5,0,0
Measured,prefill-1024.sstrace,64,5,18,64,640,140,4.571428571428571,3.0,12.099999999999966,20,27,53,33,22,5,0,0
Measured,prefill-1024.sstrace,64,6,18,64,640,133,4.81203007518797,3.0,13.399999999999991,26,26,48,30,23,6,0,0
Measured,prefill-1024.sstrace,64,7,18,64,640,125,5.12,3.0,13.799999999999997,24,17,52,29,22,5,0,0
Measured,prefill-1024.sstrace,64,8,18,64,640,127,5.039370078740157,3.0,14.699999999999989,29,15,57,29,20,6,0,0
Measured,prefill-1024.sstrace,64,9,18,64,640,123,5.203252032520325,3.0,14.799999999999983,30,20,45,31,21,6,0,0
Measured,prefill-1024.sstrace,64,10,18,64,640,123,5.203252032520325,3.0,13.899999999999991,24,22,43,28,24,6,0,0
Measured,prefill-1024.sstrace,64,11,18,64,640,124,5.161290322580645,3.0,14.0,28,21,44,29,24,6,0,0
Measured,prefill-1024.sstrace,64,12,18,64,640,118,5.423728813559322,4.0,14.149999999999991,28,18,40,29,27,4,0,0
Measured,prefill-1024.sstrace,64,13,18,64,640,116,5.517241379310345,4.0,15.0,25,18,39,30,24,5,0,0
Measured,prefill-1024.sstrace,64,14,18,64,640,123,5.203252032520325,4.0,14.899999999999991,23,13,47,38,19,6,0,0
Measured,prefill-1024.sstrace,64,15,18,64,640,128,5.0,3.0,15.0,21,14,51,37,20,6,0,0
Measured,prefill-1024.sstrace,64,0,19,64,640,136,4.705882352941177,2.0,19.25,29,50,38,24,14,10,0,0
Measured,prefill-1024.sstrace,64,1,19,64,640,131,4.885496183206107,3.0,19.0,33,35,44,26,16,9,1,0
Measured,prefill-1024.sstrace,64,2,19,64,640,133,4.81203007518797,3.0,15.199999999999974,31,37,34,40,15,7,0,0
Measured,prefill-1024.sstrace,64,3,19,64,640,146,4.383561643835616,3.0,14.0,22,31,59,33,19,4,0,0
Measured,prefill-1024.sstrace,64,4,19,64,640,155,4.129032258064516,2.0,11.299999999999983,25,38,55,40,19,3,0,0
Measured,prefill-1024.sstrace,64,5,19,64,640,174,3.67816091954023,2.0,11.0,23,46,70,41,12,5,0,0
Measured,prefill-1024.sstrace,64,6,19,64,640,156,4.102564102564102,3.0,13.25,22,34,64,37,16,5,0,0
Measured,prefill-1024.sstrace,64,7,19,64,640,157,4.076433121019108,3.0,11.199999999999989,25,30,68,35,22,2,0,0
Measured,prefill-1024.sstrace,64,8,19,64,640,151,4.23841059602649,3.0,12.0,31,31,58,38,22,2,0,0
Measured,prefill-1024.sstrace,64,9,19,64,640,155,4.129032258064516,3.0,12.0,32,37,63,33,18,3,1,0
Measured,prefill-1024.sstrace,64,10,19,64,640,154,4.1558441558441555,3.0,13.0,29,39,53,43,15,4,0,0
Measured,prefill-1024.sstrace,64,11,19,64,640,150,4.266666666666667,3.0,12.549999999999983,31,29,62,37,17,5,0,0
Measured,prefill-1024.sstrace,64,12,19,64,640,145,4.413793103448276,3.0,12.0,31,35,45,44,17,4,0,0
Measured,prefill-1024.sstrace,64,13,19,64,640,144,4.444444444444445,3.0,14.699999999999989,32,34,51,38,14,6,1,0
Measured,prefill-1024.sstrace,64,14,19,64,640,155,4.129032258064516,3.0,11.299999999999983,35,44,46,45,16,3,1,0
Measured,prefill-1024.sstrace,64,15,19,64,640,158,4.050632911392405,3.0,12.150000000000006,28,38,54,48,15,3,0,0
Measured,prefill-1024.sstrace,64,0,20,64,640,120,5.333333333333333,3.0,16.049999999999997,28,33,28,33,19,7,0,0
Measured,prefill-1024.sstrace,64,1,20,64,640,146,4.383561643835616,2.0,14.0,30,51,38,33,18,6,0,0
Measured,prefill-1024.sstrace,64,2,20,64,640,136,4.705882352941177,3.0,14.25,36,40,38,33,20,3,2,0
Measured,prefill-1024.sstrace,64,3,20,64,640,144,4.444444444444445,3.0,13.699999999999989,27,38,45,37,18,6,0,0
Measured,prefill-1024.sstrace,64,4,20,64,640,153,4.183006535947713,2.0,11.0,39,47,52,30,20,2,2,0
Measured,prefill-1024.sstrace,64,5,20,64,640,160,4.0,3.0,11.049999999999983,32,44,54,41,18,2,1,0
Measured,prefill-1024.sstrace,64,6,20,64,640,159,4.0251572327044025,3.0,10.0,27,33,64,40,19,3,0,0
Measured,prefill-1024.sstrace,64,7,20,64,640,162,3.950617283950617,3.0,10.0,25,34,61,49,15,3,0,0
Measured,prefill-1024.sstrace,64,8,20,64,640,157,4.076433121019108,3.0,10.0,24,26,65,49,14,3,0,0
Measured,prefill-1024.sstrace,64,9,20,64,640,161,3.9751552795031055,3.0,10.0,24,38,56,47,16,4,0,0
Measured,prefill-1024.sstrace,64,10,20,64,640,156,4.102564102564102,3.0,11.0,21,44,47,40,21,4,0,0
Measured,prefill-1024.sstrace,64,11,20,64,640,154,4.1558441558441555,3.0,11.0,23,32,57,43,18,4,0,0
Measured,prefill-1024.sstrace,64,12,20,64,640,145,4.413793103448276,3.0,13.799999999999983,22,37,43,41,19,5,0,0
Measured,prefill-1024.sstrace,64,13,20,64,640,155,4.129032258064516,3.0,14.0,25,44,53,35,18,5,0,0
Measured,prefill-1024.sstrace,64,14,20,64,640,162,3.950617283950617,3.0,11.899999999999977,20,40,64,35,18,5,0,0
Measured,prefill-1024.sstrace,64,15,20,64,640,161,3.9751552795031055,2.0,11.0,21,45,50,43,18,5,0,0
Measured,prefill-1024.sstrace,64,0,21,64,640,159,4.0251572327044025,2.0,12.099999999999994,42,50,51,31,24,2,1,0
Measured,prefill-1024.sstrace,64,1,21,64,640,136,4.705882352941177,2.0,15.25,37,44,39,28,18,6,1,0
Measured,prefill-1024.sstrace,64,2,21,64,640,110,5.818181818181818,3.0,20.19999999999999,36,21,38,23,18,9,1,0
Measured,prefill-1024.sstrace,64,3,21,64,640,112,5.714285714285714,3.0,19.0,34,27,37,20,17,9,2,0
Measured,prefill-1024.sstrace,64,4,21,64,640,115,5.565217391304348,3.0,20.0,35,28,38,23,14,11,1,0
Measured,prefill-1024.sstrace,64,5,21,64,640,115,5.565217391304348,3.0,19.599999999999994,31,22,46,22,14,11,0,0
Measured,prefill-1024.sstrace,64,6,21,64,640,121,5.289256198347108,3.0,17.0,28,27,42,23,21,8,0,0
Measured,prefill-1024.sstrace,64,7,21,64,640,127,5.039370078740157,3.0,15.0,29,32,41,24,24,6,0,0
Measured,prefill-1024.sstrace,64,8,21,64,640,118,5.423728813559322,3.0,19.0,30,23,39,33,14,9,0,0
Measured,prefill-1024.sstrace,64,9,21,64,640,133,4.81203007518797,3.0,16.39999999999999,29,35,42,33,15,8,0,0
Measured,prefill-1024.sstrace,64,10,21,64,640,132,4.848484848484849,3.0,16.0,32,31,43,34,16,7,1,0
Measured,prefill-1024.sstrace,64,11,21,64,640,134,4.776119402985074,3.0,16.349999999999994,26,28,50,33,15,8,0,0
Measured,prefill-1024.sstrace,64,12,21,64,640,128,5.0,3.0,16.64999999999999,26,22,48,37,13,8,0,0
Measured,prefill-1024.sstrace,64,13,21,64,640,141,4.539007092198582,3.0,15.0,24,36,46,36,16,7,0,0
Measured,prefill-1024.sstrace,64,14,21,64,640,140,4.571428571428571,3.0,15.049999999999983,22,34,48,35,16,7,0,0
Measured,prefill-1024.sstrace,64,15,21,64,640,140,4.571428571428571,2.5,16.099999999999966,26,32,55,29,14,10,0,0
Measured,prefill-1024.sstrace,64,0,22,64,640,201,3.18407960199005,2.0,8.0,16,58,78,50,14,1,0,0
Measured,prefill-1024.sstrace,64,1,22,64,640,134,4.776119402985074,2.0,16.349999999999994,36,39,44,27,16,6,2,0
Measured,prefill-1024.sstrace,64,2,22,64,640,105,6.095238095238095,4.0,19.0,39,26,26,27,16,7,3,0
Measured,prefill-1024.sstrace,64,3,22,64,640,101,6.336633663366337,3.0,20.0,37,16,35,26,16,6,2,0
Measured,prefill-1024.sstrace,64,4,22,64,640,118,5.423728813559322,2.5,18.199999999999932,43,25,48,23,12,8,2,0
Measured,prefill-1024.sstrace,64,5,22,64,640,113,5.663716814159292,3.0,18.0,39,16,49,25,13,9,1,0
Measured,prefill-1024.sstrace,64,6,22,64,640,115,5.565217391304348,3.0,19.0,35,22,47,18,19,8,1,0
Measured,prefill-1024.sstrace,64,7,22,64,640,128,5.0,3.0,16.64999999999999,31,27,46,32,15,8,0,0
Measured,prefill-1024.sstrace,64,8,22,64,640,119,5.378151260504202,3.0,17.099999999999994,32,14,46,33,18,7,1,0
Measured,prefill-1024.sstrace,64,9,22,64,640,120,5.333333333333333,3.0,17.049999999999997,30,20,44,30,19,7,0,0
Measured,prefill-1024.sstrace,64,10,22,64,640,132,4.848484848484849,3.0,14.449999999999989,30,28,46,30,22,6,0,0
Measured,prefill-1024.sstrace,64,11,22,64,640,127,5.039370078740157,3.0,13.699999999999989,29,22,44,36,19,6,0,0
Measured,prefill-1024.sstrace,64,12,22,64,640,125,5.12,4.0,13.799999999999997,29,23,39,33,26,4,0,0
Measured,prefill-1024.sstrace,64,13,22,64,640,127,5.039370078740157,3.0,15.699999999999989,23,23,45,30,22,7,0,0
Measured,prefill-1024.sstrace,64,14,22,64,640,133,4.81203007518797,3.0,13.0,21,31,38,36,25,3,0,0
Measured,prefill-1024.sstrace,64,15,22,64,640,131,4.885496183206107,3.0,14.5,28,30,38,38,19,6,0,0
Measured,prefill-1024.sstrace,64,0,23,64,640,135,4.7407407407407405,2.0,16.299999999999997,38,47,40,23,17,7,1,0
Measured,prefill-1024.sstrace,64,1,23,64,640,134,4.776119402985074,3.0,16.049999999999983,35,41,33,38,15,6,1,0
Measured,prefill-1024.sstrace,64,2,23,64,640,130,4.923076923076923,3.0,15.0,36,41,30,36,17,4,2,0
Measured,prefill-1024.sstrace,64,3,23,64,640,140,4.571428571428571,3.0,12.099999999999966,34,31,48,36,19,5,1,0
Measured,prefill-1024.sstrace,64,4,23,64,640,150,4.266666666666667,2.0,12.549999999999983,33,45,49,37,14,4,1,0
Measured,prefill-1024.sstrace,64,5,23,64,640,156,4.102564102564102,2.0,14.25,34,46,54,36,13,5,2,0
Measured,prefill-1024.sstrace,64,6,23,64,640,148,4.324324324324325,3.0,12.950000000000017,27,37,53,34,18,6,0,0
Measured,prefill-1024.sstrace,64,7,23,64,640,147,4.35374149659864,3.0,12.0,24,29,57,40,15,6,0,0
Measured,prefill-1024.sstrace,64,8,23,64,640,147,4.35374149659864,3.0,13.0,27,30,58,39,14,6,0,0
Measured,prefill-1024.sstrace,64,9,23,64,640,160,4.0,2.0,12.0,24,50,52,35,16,7,0,0
Measured,prefill-1024.sstrace,64,10,23,64,640,154,4.1558441558441555,3.0,13.0,21,46,47,37,20,4,0,0
Measured,prefill-1024.sstrace,64,11,23,64,640,163,3.9263803680981595,2.0,12.0,21,51,53,36,19,4,0,0
Measured,prefill-1024.sstrace,64,12,23,64,640,154,4.1558441558441555,2.5,11.349999999999994,19,36,59,30,25,4,0,0
Measured,prefill-1024.sstrace,64,13,23,64,640,150,4.266666666666667,3.0,12.0,19,38,49,38,22,3,0,0
Measured,prefill-1024.sstrace,64,14,23,64,640,160,4.0,3.0,11.049999999999983,22,40,58,40,19,3,0,0
Measured,prefill-1024.sstrace,64,15,23,64,640,157,4.076433121019108,3.0,12.0,21,41,53,37,23,3,0,0
Measured,prefill-1024.sstrace,64,0,24,64,640,130,4.923076923076923,3.0,17.099999999999994,22,44,27,30,21,8,0,0
Measured,prefill-1024.sstrace,64,1,24,64,640,128,5.0,3.0,16.64999999999999,31,29,47,24,20,8,0,0
Measured,prefill-1024.sstrace,64,2,24,64,640,138,4.63768115942029,3.0,15.300000000000011,32,47,37,28,19,6,1,0
Measured,prefill-1024.sstrace,64,3,24,64,640,135,4.7407407407407405,3.0,14.299999999999997,25,39,38,29,24,5,0,0
Measured,prefill-1024.sstrace,64,4,24,64,640,138,4.63768115942029,3.0,15.150000000000006,31,47,35,28,21,7,0,0
Measured,prefill-1024.sstrace,64,5,24,64,640,145,4.413793103448276,2.0,14.0,32,34,56,30,18,6,1,0
Measured,prefill-1024.sstrace,64,6,24,64,640,140,4.571428571428571,3.0,13.149999999999949,28,33,50,31,19,7,0,0
Measured,prefill-1024.sstrace,64,7,24,64,640,150,4.266666666666667,3.0,13.0,26,39,48,39,21,3,0,0
Measured,prefill-1024.sstrace,64,8,24,64,640,144,4.444444444444445,3.0,14.699999999999989,31,38,46,38,18,4,0,0
Measured,prefill-1024.sstrace,64,9,24,64,640,155,4.129032258064516,3.0,12.299999999999983,32,43,53,39,14,5,1,0
Measured,prefill-1024.sstrace,64,10,24,64,640,149,4.295302013422819,3.0,13.0,29,39,54,35,17,4,0,0
Measured,prefill-1024.sstrace,64,11,24,64,640,148,4.324324324324325,3.0,12.0,30,39,48,42,15,4,0,0
Measured,prefill-1024.sstrace,64,12,24,64,640,143,4.475524475524476,3.0,14.900000000000006,35,39,46,38,13,6,1,0
Measured,prefill-1024.sstrace,64,13,24,64,640,151,4.23841059602649,3.0,12.5,29,49,45,32,21,4,0,0
Measured,prefill-1024.sstrace,64,14,24,64,640,151,4.23841059602649,3.0,13.0,24,42,52,34,19,4,0,0
Measured,prefill-1024.sstrace,64,15,24,64,640,147,4.35374149659864,3.0,13.0,30,35,59,32,17,4,0,0
Measured,prefill-1024.sstrace,64,0,25,64,640,122,5.245901639344262,2.0,19.94999999999999,25,42,33,14,23,10,0,0
Measured,prefill-1024.sstrace,64,1,25,64,640,123,5.203252032520325,3.0,15.899999999999991,34,35,30,30,21,6,1,0
Measured,prefill-1024.sstrace,64,2,25,64,640,136,4.705882352941177,3.0,16.25,36,40,48,23,17,7,1,0
Measured,prefill-1024.sstrace,64,3,25,64,640,138,4.63768115942029,3.0,14.300000000000011,28,38,40,36,17,7,0,0
Measured,prefill-1024.sstrace,64,4,25,64,640,139,4.60431654676259,3.0,15.0,29,34,46,36,18,5,0,0
Measured,prefill-1024.sstrace,64,5,25,64,640,150,4.266666666666667,2.0,13.549999999999983,27,46,46,34,18,6,0,0
Measured,prefill-1024.sstrace,64,6,25,64,640,158,4.050632911392405,2.0,15.150000000000006,21,55,52,27,16,8,0,0
Measured,prefill-1024.sstrace,64,7,25,64,640,160,4.0,2.5,12.049999999999983,16,46,52,39,21,2,0,0
Measured,prefill-1024.sstrace,64,8,25,64,640,157,4.076433121019108,2.0,14.199999999999989,21,40,63,32,15,7,0,0
Measured,prefill-1024.sstrace,64,9,25,64,640,162,3.950617283950617,2.0,13.899999999999977,26,58,48,31,22,3,0,0
Measured,prefill-1024.sstrace,64,10,25,64,640,165,3.878787878787879,3.0,11.0,22,50,55,36,21,3,0,0
Measured,prefill-1024.sstrace,64,11,25,64,640,164,3.902439024390244,2.0,11.849999999999994,20,39,68,36,18,3,0,0
Measured,prefill-1024.sstrace,64,12,25,64,640,165,3.878787878787879,2.0,12.799999999999983,23,40,68,34,20,3,0,0
Measured,prefill-1024.sstrace,64,13,25,64,640,179,3.5754189944134076,2.0,12.0,18,60,59,38,19,3,0,0
Measured,prefill-1024.sstrace,64,14,25,64,640,169,3.78698224852071,3.0,10.0,17,47,65,36,18,3,0,0
Measured,prefill-1024.sstrace,64,15,25,64,640,166,3.855421686746988,2.0,11.75,22,48,58,36,21,3,0,0
Measured,prefill-1024.sstrace,64,0,26,64,640,144,4.444444444444445,2.0,16.0,32,54,33,30,18,8,1,0
Measured,prefill-1024.sstrace,64,1,26,64,640,131,4.885496183206107,3.0,15.0,24,37,37,27,24,6,0,0
Measured,prefill-1024.sstrace,64,2,26,64,640,135,4.7407407407407405,4.0,12.299999999999997,23,36,31,44,20,4,0,0
Measured,prefill-1024.sstrace,64,3,26,64,640,160,4.0,3.0,12.049999999999983,21,48,51,35,23,3,0,0
Measured,prefill-1024.sstrace,64,4,26,64,640,157,4.076433121019108,3.0,12.799999999999955,26,52,45,40,12,8,0,0
Measured,prefill-1024.sstrace,64,5,26,64,640,151,4.23841059602649,3.0,11.5,23,29,53,47,18,4,0,0
Measured,prefill-1024.sstrace,64,6,26,64,640,159,4.0251572327044025,3.0,11.099999999999994,22,50,43,44,18,4,0,0
Measured,prefill-1024.sstrace,64,7,26,64,640,172,3.7209302325581395,3.0,10.0,19,51,53,46,21,1,0,0
Measured,prefill-1024.sstrace,64,8,26,64,640,155,4.129032258064516,3.0,11.0,20,43,43,47,19,3,0,0
Measured,prefill-1024.sstrace,64,9,26,64,640,147,4.35374149659864,3.0,12.699999999999989,23,33,53,36,21,4,0,0
Measured,prefill-1024.sstrace,64,10,26,64,640,165,3.878787878787879,3.0,11.0,20,54,54,32,22,3,0,0
Measured,prefill-1024.sstrace,64,11,26,64,640,176,3.6363636363636362,2.0,11.0,20,56,57,38,24,1,0,0
Measured,prefill-1024.sstrace,64,12,26,64,640,161,3.9751552795031055,2.0,11.0,17,41,58,37,22,3,0,0
Measured,prefill-1024.sstrace,64,13,26,64,640,163,3.9263803680981595,3.0,12.0,23,49,56,32,24,2,0,0
Measured,prefill-1024.sstrace,64,14,26,64,640,170,3.764705882352941,2.5,11.0,21,48,57,42,21,2,0,0
Measured,prefill-1024.sstrace,64,15,26,64,640,169,3.78698224852071,3.0,11.599999999999994,19,49,56,42,21,1,0,0
Measured,prefill-1024.sstrace,64,0,27,64,640,122,5.245901639344262,3.0,19.849999999999966,28,36,34,25,19,8,0,0
Measured,prefill-1024.sstrace,64,1,27,64,640,133,4.81203007518797,3.0,15.799999999999983,22,43,29,32,22,7,0,0
Measured,prefill-1024.sstrace,64,2,27,64,640,153,4.183006535947713,2.0,14.400000000000006,19,51,46,30,19,7,0,0
Measured,prefill-1024.sstrace,64,3,27,64,640,147,4.35374149659864,3.0,13.0,20,43,44,32,24,4,0,0
Measured,prefill-1024.sstrace,64,4,27,64,640,170,3.764705882352941,2.0,12.549999999999983,21,74,35,35,21,5,0,0
Measured,prefill-1024.sstrace,64,5,27,64,640,173,3.699421965317919,2.0,11.400000000000006,19,53,61,37,19,3,0,0
Measured,prefill-1024.sstrace,64,6,27,64,640,165,3.878787878787879,3.0,13.799999999999983,19,53,52,38,18,4,0,0
Measured,prefill-1024.sstrace,64,7,27,64,640,173,3.699421965317919,3.0,11.0,17,54,57,39,21,2,0,0
Measured,prefill-1024.sstrace,64,8,27,64,640,164,3.902439024390244,2.5,11.0,22,44,64,30,25,1,0,0
Measured,prefill-1024.sstrace,64,9,27,64,640,160,4.0,3.0,12.0,23,43,54,38,21,4,0,0
Measured,prefill-1024.sstrace,64,10,27,64,640,153,4.183006535947713,3.0,13.0,21,39,52,39,21,2,0,0
Measured,prefill-1024.sstrace,64,11,27,64,640,171,3.742690058479532,2.0,12.0,19,54,58,38,18,3,0,0
Measured,prefill-1024.sstrace,64,12,27,64,640,167,3.8323353293413174,2.0,12.699999999999989,16,40,72,33,20,2,0,0
Measured,prefill-1024.sstrace,64,13,27,64,640,172,3.7209302325581395,2.0,14.0,23,65,51,35,17,4,0,0
Measured,prefill-1024.sstrace,64,14,27,64,640,184,3.4782608695652173,2.0,11.0,21,67,69,25,17,6,0,0
Measured,prefill-1024.sstrace,64,15,27,64,640,165,3.878787878787879,3.0,12.0,18,52,49,44,17,3,0,0
Measured,prefill-1024.sstrace,64,0,28,64,640,155,4.129032258064516,2.0,15.299999999999983,24,55,41,35,16,8,0,0
Measured,prefill-1024.sstrace,64,1,28,64,640,130,4.923076923076923,3.0,14.0,35,35,39,28,22,5,1,0
Measured,prefill-1024.sstrace,64,2,28,64,640,137,4.671532846715328,3.0,13.199999999999989,31,38,36,40,19,4,0,0
Measured,prefill-1024.sstrace,64,3,28,64,640,143,4.475524475524476,3.0,12.0,29,41,36,41,21,4,0,0
Measured,prefill-1024.sstrace,64,4,28,64,640,144,4.444444444444445,2.0,13.849999999999994,32,45,42,36,14,6,1,0
Measured,prefill-1024.sstrace,64,5,28,64,640,149,4.295302013422819,3.0,12.0,32,41,52,30,23,2,1,0
Measured,prefill-1024.sstrace,64,6,28,64,640,146,4.383561643835616,3.0,13.75,30,46,44,32,20,4,0,0
Measured,prefill-1024.sstrace,64,7,28,64,640,142,4.507042253521127,3.0,12.949999999999989,25,43,37,37,19,6,0,0
Measured,prefill-1024.sstrace,64,8,28,64,640,143,4.475524475524476,3.0,12.900000000000006,30,41,42,33,23,4,0,0
Measured,prefill-1024.sstrace,64,9,28,64,640,130,4.923076923076923,3.0,13.549999999999997,33,32,39,34,19,5,1,0
Measured,prefill-1024.sstrace,64,10,28,64,640,137,4.671532846715328,3.0,14.0,28,34,44,33,21,5,0,0
Measured,prefill-1024.sstrace,64,11,28,64,640,151,4.23841059602649,3.0,12.0,19,48,36,42,19,6,0,0
Measured,prefill-1024.sstrace,64,12,28,64,640,141,4.539007092198582,3.0,13.0,25,36,45,34,23,3,0,0
Measured,prefill-1024.sstrace,64,13,28,64,640,149,4.295302013422819,3.0,14.0,22,55,35,33,22,4,0,0
Measured,prefill-1024.sstrace,64,14,28,64,640,148,4.324324324324325,3.0,13.0,21,41,44,36,23,4,0,0
Measured,prefill-1024.sstrace,64,15,28,64,640,148,4.324324324324325,3.0,12.650000000000006,23,43,40,38,24,3,0,0
Measured,prefill-1024.sstrace,64,0,29,64,640,137,4.671532846715328,2.0,19.0,29,46,44,19,18,10,0,0
Measured,prefill-1024.sstrace,64,1,29,64,640,143,4.475524475524476,2.0,14.0,39,45,42,33,17,3,3,0
Measured,prefill-1024.sstrace,64,2,29,64,640,151,4.23841059602649,3.0,13.0,40,53,43,33,19,1,2,0
Measured,prefill-1024.sstrace,64,3,29,64,640,166,3.855421686746988,2.0,12.0,31,51,68,24,19,4,0,0
Measured,prefill-1024.sstrace,64,4,29,64,640,163,3.9263803680981595,2.0,9.0,38,44,60,39,17,1,2,0
Measured,prefill-1024.sstrace,64,5,29,64,640,164,3.902439024390244,2.0,11.0,35,41,61,45,14,2,1,0
Measured,prefill-1024.sstrace,64,6,29,64,640,159,4.0251572327044025,3.0,10.0,34,50,49,37,20,2,1,0
Measured,prefill-1024.sstrace,64,7,29,64,640,173,3.699421965317919,2.0,10.0,34,57,54,43,16,2,1,0
Measured,prefill-1024.sstrace,64,8,29,64,640,161,3.9751552795031055,3.0,10.0,37,45,51,46,16,2,1,0
Measured,prefill-1024.sstrace,64,9,29,64,640,167,3.8323353293413174,3.0,9.699999999999989,33,51,53,43,17,2,1,0
Measured,prefill-1024.sstrace,64,10,29,64,640,162,3.950617283950617,2.0,10.0,30,50,46,45,18,3,0,0
Measured,prefill-1024.sstrace,64,11,29,64,640,167,3.8323353293413174,3.0,9.699999999999989,27,48,53,48,16,2,0,0
Measured,prefill-1024.sstrace,64,12,29,64,640,172,3.7209302325581395,3.0,10.449999999999989,28,58,49,42,20,3,0,0
Measured,prefill-1024.sstrace,64,13,29,64,640,169,3.78698224852071,2.0,10.599999999999994,22,63,41,44,17,4,0,0
Measured,prefill-1024.sstrace,64,14,29,64,640,176,3.6363636363636362,2.0,9.25,25,59,48,47,19,3,0,0
Measured,prefill-1024.sstrace,64,15,29,64,640,176,3.6363636363636362,2.0,11.0,29,56,58,41,18,3,0,0
Measured,prefill-1024.sstrace,64,0,30,64,640,144,4.444444444444445,2.5,14.699999999999989,33,46,40,33,18,6,1,0
Measured,prefill-1024.sstrace,64,1,30,64,640,173,3.699421965317919,2.0,11.400000000000006,36,56,61,37,16,2,1,0
Measured,prefill-1024.sstrace,64,2,30,64,640,186,3.4408602150537635,2.0,9.75,31,66,60,41,16,3,0,0
Measured,prefill-1024.sstrace,64,3,30,64,640,181,3.5359116022099446,2.0,11.0,26,65,61,32,20,3,0,0
Measured,prefill-1024.sstrace,64,4,30,64,640,188,3.404255319148936,2.0,9.0,34,61,70,43,10,3,1,0
Measured,prefill-1024.sstrace,64,5,30,64,640,193,3.316062176165803,2.0,9.0,23,64,68,45,14,2,0,0
Measured,prefill-1024.sstrace,64,6,30,64,640,184,3.4782608695652173,2.0,9.849999999999994,23,59,68,39,16,2,0,0
Measured,prefill-1024.sstrace,64,7,30,64,640,210,3.0476190476190474,2.0,9.0,23,78,83,33,14,2,0,0
Measured,prefill-1024.sstrace,64,8,30,64,640,184,3.4782608695652173,2.0,9.0,30,60,58,49,15,2,0,0
Measured,prefill-1024.sstrace,64,9,30,64,640,196,3.2653061224489797,2.0,9.0,19,70,64,45,14,3,0,0
Measured,prefill-1024.sstrace,64,10,30,64,640,193,3.316062176165803,2.0,10.0,19,63,69,46,12,3,0,0
Measured,prefill-1024.sstrace,64,11,30,64,640,201,3.18407960199005,2.0,9.0,17,64,74,48,14,1,0,0
Measured,prefill-1024.sstrace,64,12,30,64,640,189,3.386243386243386,3.0,10.0,21,62,63,46,17,1,0,0
Measured,prefill-1024.sstrace,64,13,30,64,640,200,3.2,2.0,10.0,17,76,64,45,11,4,0,0
Measured,prefill-1024.sstrace,64,14,30,64,640,190,3.3684210526315788,2.0,10.549999999999983,19,62,71,40,15,2,0,0
Measured,prefill-1024.sstrace,64,15,30,64,640,197,3.248730964467005,2.0,9.0,17,66,70,45,14,2,0,0
Measured,prefill-1024.sstrace,64,0,31,64,640,125,5.12,3.0,17.799999999999997,34,40,37,19,20,7,2,0
Measured,prefill-1024.sstrace,64,1,31,64,640,117,5.47008547008547,3.0,18.799999999999955,33,32,34,27,16,6,2,0
Measured,prefill-1024.sstrace,64,2,31,64,640,123,5.203252032520325,3.0,16.799999999999983,32,33,36,30,17,5,2,0
Measured,prefill-1024.sstrace,64,3,31,64,640,123,5.203252032520325,3.0,16.0,27,29,36,31,19,8,0,0
Measured,prefill-1024.sstrace,64,4,31,64,640,123,5.203252032520325,3.0,21.89999999999999,33,32,39,26,16,9,1,0
Measured,prefill-1024.sstrace,64,5,31,64,640,128,5.0,3.0,15.949999999999974,30,30,35,40,16,7,0,0
Measured,prefill-1024.sstrace,64,6,31,64,640,117,5.47008547008547,4.0,16.0,29,26,31,35,18,7,0,0
Measured,prefill-1024.sstrace,64,7,31,64,640,135,4.7407407407407405,3.0,14.0,28,37,36,41,15,6,0,0
Measured,prefill-1024.sstrace,64,8,31,64,640,118,5.423728813559322,3.0,17.14999999999999,33,33,30,26,21,6,2,0
Measured,prefill-1024.sstrace,64,9,31,64,640,141,4.539007092198582,2.0,14.0,27,57,24,36,18,6,0,0
Measured,prefill-1024.sstrace,64,10,31,64,640,149,4.295302013422819,2.0,14.799999999999983,26,49,47,25,20,8,0,0
Measured,prefill-1024.sstrace,64,11,31,64,640,153,4.183006535947713,3.0,12.400000000000006,18,45,48,33,24,3,0,0
Measured,prefill-1024.sstrace,64,12,31,64,640,152,4.2105263157894735,2.0,13.449999999999989,24,47,52,22,27,4,0,0
Measured,prefill-1024.sstrace,64,13,31,64,640,165,3.878787878787879,2.0,13.0,20,59,55,26,18,7,0,0
Measured,prefill-1024.sstrace,64,14,31,64,640,152,4.2105263157894735,2.0,14.0,20,51,42,31,24,4,0,0
Measured,prefill-1024.sstrace,64,15,31,64,640,149,4.295302013422819,3.0,13.599999999999994,21,51,37,33,24,4,0,0
Measured,prefill-1024.sstrace,64,0,32,64,640,127,5.039370078740157,2.0,17.399999999999977,35,46,26,30,16,8,1,0
Measured,prefill-1024.sstrace,64,1,32,64,640,144,4.444444444444445,2.0,15.849999999999994,33,47,47,26,16,6,2,0
Measured,prefill-1024.sstrace,64,2,32,64,640,155,4.129032258064516,2.0,14.299999999999983,32,57,44,34,14,5,1,0
Measured,prefill-1024.sstrace,64,3,32,64,640,151,4.23841059602649,2.0,15.0,29,50,50,25,19,7,0,0
Measured,prefill-1024.sstrace,64,4,32,64,640,147,4.35374149659864,2.0,15.699999999999989,34,51,39,33,16,7,1,0
Measured,prefill-1024.sstrace,64,5,32,64,640,159,4.0251572327044025,2.0,12.0,29,49,53,34,18,5,0,0
Measured,prefill-1024.sstrace,64,6,32,64,640,161,3.9751552795031055,2.0,13.0,27,62,44,30,21,4,0,0
Measured,prefill-1024.sstrace,64,7,32,64,640,161,3.9751552795031055,2.0,12.0,24,48,57,33,19,4,0,0
Measured,prefill-1024.sstrace,64,8,32,64,640,154,4.1558441558441555,2.0,12.349999999999994,34,56,45,25,22,5,1,0
Measured,prefill-1024.sstrace,64,9,32,64,640,162,3.950617283950617,2.0,12.0,23,57,49,32,18,6,0,0
Measured,prefill-1024.sstrace,64,10,32,64,640,173,3.699421965317919,2.0,14.0,19,74,52,19,21,7,0,0
Measured,prefill-1024.sstrace,64,11,32,64,640,169,3.78698224852071,2.0,11.0,16,58,52,30,27,2,0,0
Measured,prefill-1024.sstrace,64,12,32,64,640,163,3.9263803680981595,2.0,12.900000000000006,19,52,56,30,20,5,0,0
Measured,prefill-1024.sstrace,64,13,32,64,640,159,4.0251572327044025,2.0,14.099999999999994,19,54,49,29,23,4,0,0
Measured,prefill-1024.sstrace,64,14,32,64,640,161,3.9751552795031055,2.0,13.0,20,60,45,31,21,4,0,0
Measured,prefill-1024.sstrace,64,15,32,64,640,160,4.0,2.0,12.049999999999983,21,63,39,29,26,3,0,0
Measured,prefill-1024.sstrace,64,0,33,64,640,143,4.475524475524476,3.0,14.900000000000006,23,52,33,30,21,7,0,0
Measured,prefill-1024.sstrace,64,1,33,64,640,153,4.183006535947713,3.0,12.0,22,43,47,37,22,4,0,0
Measured,prefill-1024.sstrace,64,2,33,64,640,173,3.699421965317919,3.0,10.0,19,45,63,42,21,2,0,0
Measured,prefill-1024.sstrace,64,3,33,64,640,173,3.699421965317919,2.0,11.0,16,64,52,34,22,1,0,0
Measured,prefill-1024.sstrace,64,4,33,64,640,161,3.9751552795031055,3.0,12.0,17,50,44,44,20,3,0,0
Measured,prefill-1024.sstrace,64,5,33,64,640,181,3.5359116022099446,3.0,9.0,16,62,53,43,22,1,0,0
Measured,prefill-1024.sstrace,64,6,33,64,640,178,3.595505617977528,2.0,11.0,14,61,57,35,25,0,0,0
Measured,prefill-1024.sstrace,64,7,33,64,640,189,3.386243386243386,2.0,9.599999999999994,16,69,54,45,20,1,0,0
Measured,prefill-1024.sstrace,64,8,33,64,640,172,3.7209302325581395,2.0,11.0,23,66,48,32,23,3,0,0
Measured,prefill-1024.sstrace,64,9,33,64,640,171,3.742690058479532,2.0,11.5,19,59,48,46,15,3,0,0
Measured,prefill-1024.sstrace,64,10,33,64,640,177,3.615819209039548,2.0,11.0,25,62,55,41,15,4,0,0
Measured,prefill-1024.sstrace,64,11,33,64,640,186,3.4408602150537635,3.0,9.0,18,54,72,39,19,2,0,0
Measured,prefill-1024.sstrace,64,12,33,64,640,185,3.4594594594594597,2.0,10.0,20,57,67,41,19,1,0,0
Measured,prefill-1024.sstrace,64,13,33,64,640,169,3.78698224852071,2.0,11.0,25,60,45,40,21,3,0,0
Measured,prefill-1024.sstrace,64,14,33,64,640,179,3.5754189944134076,2.0,11.0,24,62,55,44,16,2,0,0
Measured,prefill-1024.sstrace,64,15,33,64,640,186,3.4408602150537635,2.0,10.0,19,62,64,39,20,1,0,0
Measured,prefill-1024.sstrace,64,0,34,64,640,154,4.1558441558441555,3.0,13.349999999999994,30,54,39,34,23,4,0,0
Measured,prefill-1024.sstrace,64,1,34,64,640,125,5.12,2.0,15.799999999999997,48,43,33,24,18,4,3,0
Measured,prefill-1024.sstrace,64,2,34,64,640,135,4.7407407407407405,3.0,14.0,46,35,52,27,15,3,3,0
Measured,prefill-1024.sstrace,64,3,34,64,640,147,4.35374149659864,3.0,14.0,42,43,50,35,14,2,3,0
Measured,prefill-1024.sstrace,64,4,34,64,640,143,4.475524475524476,3.0,11.900000000000006,41,41,47,39,10,3,3,0
Measured,prefill-1024.sstrace,64,5,34,64,640,153,4.183006535947713,2.0,13.400000000000006,40,53,42,39,14,2,3,0
Measured,prefill-1024.sstrace,64,6,34,64,640,147,4.35374149659864,3.0,14.0,37,52,39,35,18,1,2,0
Measured,prefill-1024.sstrace,64,7,34,64,640,153,4.183006535947713,2.0,14.400000000000006,34,54,45,32,16,4,2,0
Measured,prefill-1024.sstrace,64,8,34,64,640,146,4.383561643835616,2.0,14.5,36,47,49,26,18,4,2,0
Measured,prefill-1024.sstrace,64,9,34,64,640,148,4.324324324324325,2.0,13.0,38,48,48,28,19,3,2,0
Measured,prefill-1024.sstrace,64,10,34,64,640,156,4.102564102564102,2.0,15.75,30,64,41,30,13,8,0,0
Measured,prefill-1024.sstrace,64,11,34,64,640,165,3.878787878787879,2.0,11.0,27,66,39,36,20,4,0,0
Measured,prefill-1024.sstrace,64,12,34,64,640,163,3.9263803680981595,2.0,12.900000000000006,28,59,49,33,15,7,0,0
Measured,prefill-1024.sstrace,64,13,34,64,640,157,4.076433121019108,2.0,13.399999999999977,25,58,41,36,15,7,0,0
Measured,prefill-1024.sstrace,64,14,34,64,640,143,4.475524475524476,2.0,15.0,22,45,42,31,18,7,0,0
Measured,prefill-1024.sstrace,64,15,34,64,640,153,4.183006535947713,2.0,13.400000000000006,29,47,53,30,17,6,0,0
Measured,prefill-1024.sstrace,64,0,35,64,640,138,4.63768115942029,3.0,15.450000000000017,29,44,35,37,15,7,0,0
Measured,prefill-1024.sstrace,64,1,35,64,640,138,4.63768115942029,2.5,16.0,34,42,42,28,18,7,1,0
Measured,prefill-1024.sstrace,64,2,35,64,640,159,4.0251572327044025,3.0,11.099999999999994,31,47,55,34,19,4,0,0
Measured,prefill-1024.sstrace,64,3,35,64,640,151,4.23841059602649,3.0,13.0,25,42,48,37,20,4,0,0
Measured,prefill-1024.sstrace,64,4,35,64,640,155,4.129032258064516,3.0,12.0,27,46,49,37,20,3,0,0
Measured,prefill-1024.sstrace,64,5,35,64,640,161,3.9751552795031055,3.0,11.0,21,49,49,41,19,3,0,0
Measured,prefill-1024.sstrace,64,6,35,64,640,163,3.9263803680981595,2.0,12.0,20,47,57,33,22,4,0,0
Measured,prefill-1024.sstrace,64,7,35,64,640,178,3.595505617977528,2.0,11.0,20,63,55,38,18,4,0,0
Measured,prefill-1024.sstrace,64,8,35,64,640,162,3.950617283950617,2.0,12.0,23,50,50,41,18,3,0,0
Measured,prefill-1024.sstrace,64,9,35,64,640,158,4.050632911392405,2.0,13.0,24,53,44,38,21,2,0,0
Measured,prefill-1024.sstrace,64,10,35,64,640,155,4.129032258064516,2.0,13.599999999999966,21,51,46,34,17,7,0,0
Measured,prefill-1024.sstrace,64,11,35,64,640,170,3.764705882352941,2.5,11.549999999999983,16,50,57,44,18,1,0,0
Measured,prefill-1024.sstrace,64,12,35,64,640,175,3.657142857142857,2.0,13.0,19,59,62,33,16,5,0,0
Measured,prefill-1024.sstrace,64,13,35,64,640,163,3.9263803680981595,2.0,13.900000000000006,21,58,49,32,18,6,0,0
Measured,prefill-1024.sstrace,64,14,35,64,640,169,3.78698224852071,2.0,13.0,20,54,60,34,16,5,0,0
Measured,prefill-1024.sstrace,64,15,35,64,640,174,3.67816091954023,2.0,12.0,21,64,52,36,20,2,0,0
Measured,prefill-1024.sstrace,64,0,36,64,640,136,4.705882352941177,2.5,17.5,23,49,29,31,18,9,0,0
Measured,prefill-1024.sstrace,64,1,36,64,640,131,4.885496183206107,3.0,14.0,47,33,38,36,20,3,1,0
Measured,prefill-1024.sstrace,64,2,36,64,640,150,4.266666666666667,3.0,12.0,45,46,46,35,20,2,1,0
Measured,prefill-1024.sstrace,64,3,36,64,640,150,4.266666666666667,2.0,12.549999999999983,38,50,45,30,22,2,1,0
Measured,prefill-1024.sstrace,64,4,36,64,640,145,4.413793103448276,3.0,12.0,33,46,41,30,25,2,1,0
Measured,prefill-1024.sstrace,64,5,36,64,640,154,4.1558441558441555,3.0,11.349999999999994,31,43,48,41,19,3,0,0
Measured,prefill-1024.sstrace,64,6,36,64,640,147,4.35374149659864,2.0,12.699999999999989,33,45,46,27,24,4,1,0
Measured,prefill-1024.sstrace,64,7,36,64,640,157,4.076433121019108,2.0,13.199999999999989,26,55,46,29,23,4,0,0
Measured,prefill-1024.sstrace,64,8,36,64,640,142,4.507042253521127,2.5,13.0,32,47,37,30,25,2,1,0
Measured,prefill-1024.sstrace,64,9,36,64,640,166,3.855421686746988,2.0,11.75,30,69,47,24,22,4,0,0
Measured,prefill-1024.sstrace,64,10,36,64,640,141,4.539007092198582,2.0,16.0,26,42,48,22,20,9,0,0
Measured,prefill-1024.sstrace,64,11,36,64,640,155,4.129032258064516,2.0,13.299999999999983,25,58,43,27,21,6,0,0
Measured,prefill-1024.sstrace,64,12,36,64,640,159,4.0251572327044025,2.0,16.0,22,62,44,25,19,9,0,0
Measured,prefill-1024.sstrace,64,13,36,64,640,140,4.571428571428571,2.0,16.0,22,51,33,31,14,11,0,0
Measured,prefill-1024.sstrace,64,14,36,64,640,151,4.23841059602649,2.0,15.5,25,59,36,32,16,8,0,0
Measured,prefill-1024.sstrace,64,15,36,64,640,165,3.878787878787879,2.0,13.0,23,57,53,29,22,4,0,0
Measured,prefill-1024.sstrace,64,0,37,64,640,160,4.0,2.0,13.049999999999983,37,56,52,27,21,3,1,0
Measured,prefill-1024.sstrace,64,1,37,64,640,142,4.507042253521127,2.0,13.949999999999989,46,45,38,33,23,2,1,0
Measured,prefill-1024.sstrace,64,2,37,64,640,174,3.67816091954023,2.0,11.0,45,66,53,32,21,1,1,0
Measured,prefill-1024.sstrace,64,3,37,64,640,152,4.2105263157894735,2.0,13.0,42,47,52,27,23,2,1,0
Measured,prefill-1024.sstrace,64,4,37,64,640,150,4.266666666666667,2.0,12.0,41,51,46,24,25,3,1,0
Measured,prefill-1024.sstrace,64,5,37,64,640,165,3.878787878787879,2.0,12.0,36,53,60,25,25,1,1,0
Measured,prefill-1024.sstrace,64,6,37,64,640,168,3.8095238095238093,2.0,13.0,37,71,43,29,20,4,1,0
Measured,prefill-1024.sstrace,64,7,37,64,640,164,3.902439024390244,2.0,13.699999999999989,35,65,41,36,14,7,1,0
Measured,prefill-1024.sstrace,64,8,37,64,640,148,4.324324324324325,2.0,15.0,36,58,34,33,16,6,1,0
Measured,prefill-1024.sstrace,64,9,37,64,640,161,3.9751552795031055,2.0,13.0,36,63,47,27,18,5,1,0
Measured,prefill-1024.sstrace,64,10,37,64,640,153,4.183006535947713,2.0,15.0,30,54,49,25,18,7,0,0
Measured,prefill-1024.sstrace,64,11,37,64,640,163,3.9263803680981595,2.0,14.0,27,58,52,31,14,8,0,0
Measured,prefill-1024.sstrace,64,12,37,64,640,153,4.183006535947713,2.0,16.0,27,54,45,30,15,9,0,0
Measured,prefill-1024.sstrace,64,13,37,64,640,155,4.129032258064516,2.0,17.0,25,64,38,27,17,9,0,0
Measured,prefill-1024.sstrace,64,14,37,64,640,144,4.444444444444445,2.0,17.849999999999994,27,53,42,21,18,10,0,0
Measured,prefill-1024.sstrace,64,15,37,64,640,160,4.0,2.0,14.0,28,56,50,32,15,7,0,0
Measured,prefill-1024.sstrace,64,0,38,64,640,195,3.282051282051282,2.0,8.299999999999983,21,59,75,45,14,2,0,0
Measured,prefill-1024.sstrace,64,1,38,64,640,150,4.266666666666667,2.0,14.749999999999915,46,61,43,29,9,4,4,0
Measured,prefill-1024.sstrace,64,2,38,64,640,154,4.1558441558441555,2.0,15.349999999999994,45,59,58,18,11,4,4,0
Measured,prefill-1024.sstrace,64,3,38,64,640,151,4.23841059602649,2.0,16.0,42,68,42,20,13,4,4,0
Measured,prefill-1024.sstrace,64,4,38,64,640,144,4.444444444444445,2.0,15.849999999999994,41,54,46,23,13,5,3,0
Measured,prefill-1024.sstrace,64,5,38,64,640,152,4.2105263157894735,2.0,13.449999999999989,40,55,50,25,15,4,3,0
Measured,prefill-1024.sstrace,64,6,38,64,640,148,4.324324324324325,2.0,16.30000000000001,37,65,46,12,17,4,4,0
Measured,prefill-1024.sstrace,64,7,38,64,640,145,4.413793103448276,2.0,16.799999999999983,39,52,47,24,13,6,3,0
Measured,prefill-1024.sstrace,64,8,38,64,640,136,4.705882352941177,2.0,19.75,36,48,44,23,12,5,4,0
Measured,prefill-1024.sstrace,64,9,38,64,640,149,4.295302013422819,2.0,16.599999999999994,39,64,46,16,14,5,4,0
Measured,prefill-1024.sstrace,64,10,38,64,640,135,4.7407407407407405,2.0,18.0,34,56,38,12,18,10,1,0
Measured,prefill-1024.sstrace,64,11,38,64,640,145,4.413793103448276,2.0,15.799999999999983,36,46,49,28,14,7,1,0
Measured,prefill-1024.sstrace,64,12,38,64,640,158,4.050632911392405,2.0,16.05000000000004,37,63,52,24,11,7,1,0
Measured,prefill-1024.sstrace,64,13,38,64,640,157,4.076433121019108,2.0,16.599999999999966,28,75,35,23,15,9,0,0
Measured,prefill-1024.sstrace,64,14,38,64,640,145,4.413793103448276,2.0,17.199999999999932,31,53,42,23,19,8,0,0
Measured,prefill-1024.sstrace,64,15,38,64,640,153,4.183006535947713,2.0,16.80000000000001,32,58,52,22,12,8,1,0
Measured,prefill-1024.sstrace,64,0,39,64,640,140,4.571428571428571,2.0,15.149999999999949,34,46,38,33,16,6,1,0
Measured,prefill-1024.sstrace,64,1,39,64,640,135,4.7407407407407405,3.0,14.299999999999997,36,39,44,31,15,3,3,0
Measured,prefill-1024.sstrace,64,2,39,64,640,146,4.383561643835616,2.0,14.0,32,44,47,31,17,6,1,0
Measured,prefill-1024.sstrace,64,3,39,64,640,134,4.776119402985074,3.0,16.0,28,39,39,30,18,8,0,0
Measured,prefill-1024.sstrace,64,4,39,64,640,141,4.539007092198582,3.0,13.0,31,44,39,33,19,6,0,0
Measured,prefill-1024.sstrace,64,5,39,64,640,134,4.776119402985074,3.0,14.699999999999989,29,36,42,29,20,7,0,0
Measured,prefill-1024.sstrace,64,6,39,64,640,143,4.475524475524476,2.0,13.900000000000006,27,47,41,29,21,5,0,0
Measured,prefill-1024.sstrace,64,7,39,64,640,145,4.413793103448276,3.0,13.799999999999983,26,41,49,28,23,4,0,0
Measured,prefill-1024.sstrace,64,8,39,64,640,133,4.81203007518797,3.0,15.399999999999991,29,35,41,34,16,7,0,0
Measured,prefill-1024.sstrace,64,9,39,64,640,152,4.2105263157894735,2.0,12.0,26,51,43,33,20,5,0,0
Measured,prefill-1024.sstrace,64,10,39,64,640,139,4.60431654676259,3.0,15.099999999999994,28,43,47,21,21,7,0,0
Measured,prefill-1024.sstrace,64,11,39,64,640,156,4.102564102564102,2.5,13.0,22,53,42,36,20,5,0,0
Measured,prefill-1024.sstrace,64,12,39,64,640,142,4.507042253521127,3.0,14.949999999999989,23,38,48,34,15,7,0,0
Measured,prefill-1024.sstrace,64,13,39,64,640,138,4.63768115942029,3.0,16.0,25,37,46,28,19,8,0,0
Measured,prefill-1024.sstrace,64,14,39,64,640,137,4.671532846715328,3.0,15.199999999999989,27,35,48,27,20,7,0,0
Measured,prefill-1024.sstrace,64,15,39,64,640,160,4.0,2.0,11.049999999999983,24,52,52,32,18,6,0,0
Measured,prefill-1024.sstrace,64,0,40,64,640,138,4.63768115942029,2.0,18.30000000000001,38,47,47,21,14,7,2,0
Measured,prefill-1024.sstrace,64,1,40,64,640,138,4.63768115942029,2.0,20.0,39,54,45,12,17,8,2,0
Measured,prefill-1024.sstrace,64,2,40,64,640,144,4.444444444444445,2.0,16.849999999999994,38,51,48,24,12,7,2,0
Measured,prefill-1024.sstrace,64,3,40,64,640,149,4.295302013422819,2.0,15.599999999999994,32,67,33,22,19,7,1,0
Measured,prefill-1024.sstrace,64,4,40,64,640,139,4.60431654676259,2.0,14.0,34,48,39,26,20,4,2,0
Measured,prefill-1024.sstrace,64,5,40,64,640,144,4.444444444444445,2.0,14.849999999999994,33,42,47,31,17,6,1,0
Measured,prefill-1024.sstrace,64,6,40,64,640,140,4.571428571428571,2.0,16.0,31,53,33,26,20,8,0,0
Measured,prefill-1024.sstrace,64,7,40,64,640,157,4.076433121019108,2.0,14.0,28,60,45,25,21,6,0,0
Measured,prefill-1024.sstrace,64,8,40,64,640,137,4.671532846715328,3.0,16.0,32,43,44,24,18,7,1,0
Measured,prefill-1024.sstrace,64,9,40,64,640,157,4.076433121019108,2.0,14.199999999999989,27,57,52,23,19,6,0,0
Measured,prefill-1024.sstrace,64,10,40,64,640,140,4.571428571428571,3.0,15.049999999999983,26,46,39,30,18,7,0,0
Measured,prefill-1024.sstrace,64,11,40,64,640,151,4.23841059602649,2.0,12.5,28,52,45,26,24,4,0,0
Measured,prefill-1024.sstrace,64,12,40,64,640,155,4.129032258064516,2.0,14.299999999999983,27,59,42,26,23,5,0,0
Measured,prefill-1024.sstrace,64,13,40,64,640,161,3.9751552795031055,2.0,15.0,27,70,41,25,17,8,0,0
Measured,prefill-1024.sstrace,64,14,40,64,640,147,4.35374149659864,2.0,15.0,30,47,46,28,19,7,0,0
Measured,prefill-1024.sstrace,64,15,40,64,640,156,4.102564102564102,2.0,13.0,29,56,47,25,23,5,0,0
Measured,prefill-1024.sstrace,64,0,41,64,640,140,4.571428571428571,2.0,21.049999999999983,38,53,42,23,13,8,1,0
Measured,prefill-1024.sstrace,64,1,41,64,640,142,4.507042253521127,2.0,18.799999999999955,35,57,35,29,13,6,2,0
Measured,prefill-1024.sstrace,64,2,41,64,640,141,4.539007092198582,2.0,17.0,39,46,47,25,14,7,2,0
Measured,prefill-1024.sstrace,64,3,41,64,640,148,4.324324324324325,2.0,15.0,33,52,46,26,17,6,1,0
Measured,prefill-1024.sstrace,64,4,41,64,640,144,4.444444444444445,2.5,14.0,34,42,56,24,15,6,1,0
Measured,prefill-1024.sstrace,64,5,41,64,640,150,4.266666666666667,2.0,14.0,30,49,52,26,16,7,0,0
Measured,prefill-1024.sstrace,64,6,41,64,640,164,3.902439024390244,2.0,14.0,29,63,52,26,15,8,0,0
Measured,prefill-1024.sstrace,64,7,41,64,640,163,3.9263803680981595,2.0,15.900000000000006,24,62,54,23,15,9,0,0
Measured,prefill-1024.sstrace,64,8,41,64,640,141,4.539007092198582,2.0,16.0,29,47,47,22,17,8,0,0
Measured,prefill-1024.sstrace,64,9,41,64,640,170,3.764705882352941,2.0,13.0,28,70,51,27,15,7,0,0
Measured,prefill-1024.sstrace,64,10,41,64,640,155,4.129032258064516,2.0,15.599999999999966,27,63,42,26,16,8,0,0
Measured,prefill-1024.sstrace,64,11,41,64,640,160,4.0,2.0,13.0,24,56,52,27,18,7,0,0
Measured,prefill-1024.sstrace,64,12,41,64,640,166,3.855421686746988,2.0,14.75,22,60,60,22,16,8,0,0
Measured,prefill-1024.sstrace,64,13,41,64,640,149,4.295302013422819,3.0,15.799999999999983,23,50,48,27,16,8,0,0
Measured,prefill-1024.sstrace,64,14,41,64,640,161,3.9751552795031055,2.0,14.0,26,62,49,24,20,6,0,0
Measured,prefill-1024.sstrace,64,15,41,64,640,179,3.5754189944134076,2.0,14.0,24,79,47,29,19,5,0,0
Measured,prefill-1024.sstrace,64,0,42,64,640,156,4.102564102564102,2.0,15.0,32,62,43,26,18,6,1,0
Measured,prefill-1024.sstrace,64,1,42,64,640,134,4.776119402985074,2.0,19.69999999999999,32,56,30,21,19,7,1,0
Measured,prefill-1024.sstrace,64,2,42,64,640,152,4.2105263157894735,2.0,14.449999999999989,29,56,45,27,17,7,0,0
Measured,prefill-1024.sstrace,64,3,42,64,640,144,4.444444444444445,2.0,15.849999999999994,27,54,37,30,15,8,0,0
Measured,prefill-1024.sstrace,64,4,42,64,640,141,4.539007092198582,3.0,18.0,27,46,44,25,16,10,0,0
Measured,prefill-1024.sstrace,64,5,42,64,640,153,4.183006535947713,2.0,15.0,23,58,45,24,19,7,0,0
Measured,prefill-1024.sstrace,64,6,42,64,640,166,3.855421686746988,2.0,14.5,21,63,51,27,18,7,0,0
Measured,prefill-1024.sstrace,64,7,42,64,640,170,3.764705882352941,2.0,14.549999999999983,21,70,48,27,19,6,0,0
Measured,prefill-1024.sstrace,64,8,42,64,640,146,4.383561643835616,2.0,16.5,24,51,45,23,19,8,0,0
Measured,prefill-1024.sstrace,64,9,42,64,640,157,4.076433121019108,2.0,14.0,21,57,45,27,24,4,0,0
Measured,prefill-1024.sstrace,64,10,42,64,640,130,4.923076923076923,3.0,16.549999999999997,22,39,37,25,20,9,0,0
Measured,prefill-1024.sstrace,64,11,42,64,640,153,4.183006535947713,2.0,14.0,29,61,37,26,25,4,0,0
Measured,prefill-1024.sstrace,64,12,42,64,640,144,4.444444444444445,2.0,14.0,27,53,39,23,24,5,0,0
Measured,prefill-1024.sstrace,64,13,42,64,640,142,4.507042253521127,2.0,15.0,27,54,36,22,23,7,0,0
Measured,prefill-1024.sstrace,64,14,42,64,640,146,4.383561643835616,2.0,14.0,30,57,34,28,22,5,0,0
Measured,prefill-1024.sstrace,64,15,42,64,640,150,4.266666666666667,2.0,13.549999999999983,24,50,42,31,22,5,0,0
Measured,prefill-1024.sstrace,64,0,43,64,640,142,4.507042253521127,2.0,19.94999999999999,31,43,50,30,9,10,0,0
Measured,prefill-1024.sstrace,64,1,43,64,640,163,3.9263803680981595,2.0,15.0,37,68,51,22,14,7,1,0
Measured,prefill-1024.sstrace,64,2,43,64,640,152,4.2105263157894735,2.0,15.899999999999977,35,49,56,27,12,6,2,0
Measured,prefill-1024.sstrace,64,3,43,64,640,153,4.183006535947713,3.0,14.800000000000011,31,45,63,20,17,8,0,0
Measured,prefill-1024.sstrace,64,4,43,64,640,157,4.076433121019108,3.0,14.0,31,51,59,23,18,6,0,0
Measured,prefill-1024.sstrace,64,5,43,64,640,163,3.9263803680981595,2.0,14.0,31,60,47,31,19,6,0,0
Measured,prefill-1024.sstrace,64,6,43,64,640,178,3.595505617977528,2.0,12.150000000000006,33,67,56,36,12,6,1,0
Measured,prefill-1024.sstrace,64,7,43,64,640,168,3.8095238095238093,2.0,12.650000000000006,26,62,55,27,17,7,0,0
Measured,prefill-1024.sstrace,64,8,43,64,640,154,4.1558441558441555,2.0,14.349999999999994,34,53,48,28,19,5,1,0
Measured,prefill-1024.sstrace,64,9,43,64,640,163,3.9263803680981595,2.0,14.900000000000006,26,59,53,29,17,5,0,0
Measured,prefill-1024.sstrace,64,10,43,64,640,156,4.102564102564102,2.0,14.25,27,56,50,26,17,7,0,0
Measured,prefill-1024.sstrace,64,11,43,64,640,174,3.67816091954023,2.0,13.0,32,65,58,31,15,4,1,0
Measured,prefill-1024.sstrace,64,12,43,64,640,160,4.0,2.0,16.0,25,51,60,24,16,9,0,0
Measured,prefill-1024.sstrace,64,13,43,64,640,157,4.076433121019108,3.0,14.199999999999989,31,55,51,30,15,6,0,0
Measured,prefill-1024.sstrace,64,14,43,64,640,161,3.9751552795031055,2.0,14.0,33,58,51,27,18,6,1,0
Measured,prefill-1024.sstrace,64,15,43,64,640,171,3.742690058479532,2.0,14.0,29,69,52,25,20,5,0,0
Measured,prefill-1024.sstrace,64,0,44,64,640,150,4.266666666666667,2.0,16.549999999999983,28,50,46,29,16,9,0,0
Measured,prefill-1024.sstrace,64,1,44,64,640,138,4.63768115942029,2.0,17.150000000000006,49,47,44,24,13,8,2,0
Measured,prefill-1024.sstrace,64,2,44,64,640,147,4.35374149659864,2.0,14.699999999999989,45,59,39,24,19,4,2,0
Measured,prefill-1024.sstrace,64,3,44,64,640,141,4.539007092198582,2.0,15.0,43,60,35,22,17,5,2,0
Measured,prefill-1024.sstrace,64,4,44,64,640,151,4.23841059602649,2.0,14.5,40,61,47,20,16,5,2,0
Measured,prefill-1024.sstrace,64,5,44,64,640,149,4.295302013422819,2.0,13.599999999999994,41,57,47,20,20,3,2,0
Measured,prefill-1024.sstrace,64,6,44,64,640,152,4.2105263157894735,2.0,14.0,44,56,47,26,16,5,2,0
Measured,prefill-1024.sstrace,64,7,44,64,640,140,4.571428571428571,2.0,14.049999999999983,46,48,38,32,16,4,2,0
Measured,prefill-1024.sstrace,64,8,44,64,640,147,4.35374149659864,2.0,14.699999999999989,40,54,49,20,18,3,3,0
Measured,prefill-1024.sstrace,64,9,44,64,640,143,4.475524475524476,2.0,14.0,42,46,48,25,19,3,2,0
Measured,prefill-1024.sstrace,64,10,44,64,640,142,4.507042253521127,2.0,14.0,42,51,41,25,18,5,2,0
Measured,prefill-1024.sstrace,64,11,44,64,640,153,4.183006535947713,2.0,13.0,48,53,46,29,20,4,1,0
Measured,prefill-1024.sstrace,64,12,44,64,640,142,4.507042253521127,2.5,14.0,42,44,43,30,19,5,1,0
Measured,prefill-1024.sstrace,64,13,44,64,640,146,4.383561643835616,2.0,16.0,42,48,47,28,14,8,1,0
Measured,prefill-1024.sstrace,64,14,44,64,640,146,4.383561643835616,2.0,15.0,48,44,53,24,20,4,1,0
Measured,prefill-1024.sstrace,64,15,44,64,640,156,4.102564102564102,2.0,13.25,42,55,55,22,18,5,1,0
Measured,prefill-1024.sstrace,64,0,45,64,640,157,4.076433121019108,2.0,14.399999999999977,31,51,53,34,11,8,0,0
Measured,prefill-1024.sstrace,64,1,45,64,640,134,4.776119402985074,2.0,16.0,45,51,39,18,16,8,2,0
Measured,prefill-1024.sstrace,64,2,45,64,640,130,4.923076923076923,2.0,16.549999999999997,44,42,38,28,14,5,3,0
Measured,prefill-1024.sstrace,64,3,45,64,640,130,4.923076923076923,2.0,21.549999999999997,38,51,35,21,13,8,2,0
Measured,prefill-1024.sstrace,64,4,45,64,640,141,4.539007092198582,2.0,19.0,34,49,49,19,13,10,1,0
Measured,prefill-1024.sstrace,64,5,45,64,640,145,4.413793103448276,2.0,18.39999999999995,39,57,48,18,12,9,1,0
Measured,prefill-1024.sstrace,64,6,45,64,640,144,4.444444444444445,2.0,22.24999999999997,40,71,36,16,10,10,1,0
Measured,prefill-1024.sstrace,64,7,45,64,640,136,4.705882352941177,2.0,22.25,36,52,37,26,11,9,1,0
Measured,prefill-1024.sstrace,64,8,45,64,640,128,5.0,2.0,21.299999999999983,41,49,37,20,12,8,2,0
Measured,prefill-1024.sstrace,64,9,45,64,640,139,4.60431654676259,2.0,20.099999999999994,45,56,40,22,10,8,3,0
Measured,prefill-1024.sstrace,64,10,45,64,640,128,5.0,2.0,24.64999999999999,38,48,42,14,12,11,1,0
Measured,prefill-1024.sstrace,64,11,45,64,640,127,5.039370078740157,2.0,21.0,42,45,39,19,12,10,2,0
Measured,prefill-1024.sstrace,64,12,45,64,640,127,5.039370078740157,2.0,22.099999999999966,41,40,46,21,8,10,2,0
Measured,prefill-1024.sstrace,64,13,45,64,640,132,4.848484848484849,2.0,21.44999999999999,39,48,44,22,6,9,3,0
Measured,prefill-1024.sstrace,64,14,45,64,640,131,4.885496183206107,2.0,23.0,44,55,32,25,8,9,2,0
Measured,prefill-1024.sstrace,64,15,45,64,640,127,5.039370078740157,2.0,24.0,38,44,42,20,9,11,1,0
Measured,prefill-1024.sstrace,64,0,46,64,640,158,4.050632911392405,2.0,13.150000000000006,36,56,48,35,13,5,1,0
Measured,prefill-1024.sstrace,64,1,46,64,640,128,5.0,2.0,16.249999999999957,48,42,35,34,10,2,5,0
Measured,prefill-1024.sstrace,64,2,46,64,640,142,4.507042253521127,2.0,17.799999999999955,52,59,47,18,10,4,4,0
Measured,prefill-1024.sstrace,64,3,46,64,640,125,5.12,2.0,22.999999999999986,50,50,35,21,10,5,4,0
Measured,prefill-1024.sstrace,64,4,46,64,640,128,5.0,2.0,23.0,48,53,37,21,6,7,4,0
Measured,prefill-1024.sstrace,64,5,46,64,640,118,5.423728813559322,2.0,22.749999999999957,51,46,37,16,6,8,5,0
Measured,prefill-1024.sstrace,64,6,46,64,640,112,5.714285714285714,2.0,25.44999999999999,47,46,32,11,9,10,4,0
Measured,prefill-1024.sstrace,64,7,46,64,640,118,5.423728813559322,2.0,24.04999999999994,49,48,40,6,12,7,5,0
Measured,prefill-1024.sstrace,64,8,46,64,640,114,5.614035087719298,2.0,29.099999999999966,51,50,34,9,8,7,6,0
Measured,prefill-1024.sstrace,64,9,46,64,640,105,6.095238095238095,2.0,30.19999999999999,50,42,28,14,8,8,5,0
Measured,prefill-1024.sstrace,64,10,46,64,640,115,5.565217391304348,2.0,24.19999999999999,56,49,32,12,9,9,4,0
Measured,prefill-1024.sstrace,64,11,46,64,640,106,6.037735849056604,2.0,24.75,49,38,31,17,7,9,4,0
Measured,prefill-1024.sstrace,64,12,46,64,640,118,5.423728813559322,2.0,21.749999999999957,50,47,37,15,6,9,4,0
Measured,prefill-1024.sstrace,64,13,46,64,640,113,5.663716814159292,2.0,22.39999999999999,50,43,32,18,9,7,4,0
Measured,prefill-1024.sstrace,64,14,46,64,640,106,6.037735849056604,2.0,21.5,52,36,34,14,10,8,4,0
Measured,prefill-1024.sstrace,64,15,46,64,640,103,6.213592233009709,2.0,25.0,58,36,33,13,8,9,4,0
Measured,prefill-1024.sstrace,64,0,47,1,10,10,1.0,1.0,1.0,1,10,0,0,0,0,0,0
Measured,prefill-1024.sstrace,128,0,0,128,1280,205,6.2439024390243905,5.0,14.0,41,18,23,104,52,7,1,0
Measured,prefill-1024.sstrace,128,1,0,128,1280,182,7.032967032967033,5.0,15.0,44,4,6,105,59,7,1,0
Measured,prefill-1024.sstrace,128,2,0,128,1280,173,7.398843930635838,5.0,15.400000000000006,48,0,3,100,61,8,1,0
Measured,prefill-1024.sstrace,128,3,0,128,1280,176,7.2727272727272725,5.0,14.25,38,0,3,103,62,7,1,0
Measured,prefill-1024.sstrace,128,4,0,128,1280,176,7.2727272727272725,5.0,15.0,39,1,2,102,63,7,1,0
Measured,prefill-1024.sstrace,128,5,0,128,1280,173,7.398843930635838,5.0,15.0,35,0,0,103,62,7,1,0
Measured,prefill-1024.sstrace,128,6,0,128,1280,173,7.398843930635838,5.0,15.0,34,1,0,101,64,6,1,0
Measured,prefill-1024.sstrace,128,7,0,128,1280,172,7.441860465116279,5.0,15.0,32,0,0,100,64,7,1,0
Measured,prefill-1024.sstrace,128,0,1,128,1280,162,7.901234567901234,5.0,21.94999999999999,62,14,30,52,47,17,2,0
Measured,prefill-1024.sstrace,128,1,1,128,1280,152,8.421052631578947,5.0,20.899999999999977,46,3,4,81,46,15,3,0
Measured,prefill-1024.sstrace,128,2,1,128,1280,153,8.366013071895425,5.0,20.0,34,4,2,77,55,12,3,0
Measured,prefill-1024.sstrace,128,3,1,128,1280,152,8.421052631578947,5.0,19.44999999999999,42,3,2,75,58,11,3,0
Measured,prefill-1024.sstrace,128,4,1,128,1280,154,8.311688311688311,5.0,19.0,37,2,4,76,56,15,1,0
Measured,prefill-1024.sstrace,128,5,1,128,1280,153,8.366013071895425,5.0,20.0,44,0,3,79,57,11,3,0
Measured,prefill-1024.sstrace,128,6,1,128,1280,155,8.258064516129032,5.0,19.0,41,1,2,83,54,14,1,0
Measured,prefill-1024.sstrace,128,7,1,128,1280,155,8.258064516129032,5.0,18.299999999999983,40,0,0,86,55,11,3,0
Measured,prefill-1024.sstrace,128,0,2,128,1280,163,7.852760736196319,5.0,26.0,61,34,27,50,29,17,6,0
Measured,prefill-1024.sstrace,128,1,2,128,1280,141,9.078014184397164,5.0,28.0,48,10,17,59,32,18,5,0
Measured,prefill-1024.sstrace,128,2,2,128,1280,131,9.770992366412214,5.0,30.0,56,4,7,67,30,16,7,0
Measured,prefill-1024.sstrace,128,3,2,128,1280,126,10.158730158730158,5.0,36.0,66,2,8,64,31,13,7,1
Measured,prefill-1024.sstrace,128,4,2,128,1280,121,10.578512396694215,5.0,38.0,73,2,3,69,26,14,5,2
Measured,prefill-1024.sstrace,128,5,2,128,1280,120,10.666666666666666,5.0,39.05,72,2,3,70,23,14,7,1
Measured,prefill-1024.sstrace,128,6,2,128,1280,121,10.578512396694215,5.0,38.0,72,2,2,70,24,15,6,2
Measured,prefill-1024.sstrace,128,7,2,128,1280,120,10.666666666666666,5.0,35.14999999999999,74,0,1,73,25,12,7,2
Measured,prefill-1024.sstrace,128,0,3,128,1280,149,8.590604026845638,5.0,30.19999999999999,53,33,25,39,26,19,7,0
Measured,prefill-1024.sstrace,128,1,3,128,1280,134,9.552238805970148,5.0,33.44999999999996,55,15,11,54,35,12,7,0
Measured,prefill-1024.sstrace,128,2,3,128,1280,139,9.20863309352518,5.0,34.0,63,12,21,54,32,10,10,0
Measured,prefill-1024.sstrace,128,3,3,128,1280,136,9.411764705882353,5.0,32.25,48,9,10,57,40,12,8,0
Measured,prefill-1024.sstrace,128,4,3,128,1280,141,9.078014184397164,5.0,32.0,48,5,6,72,39,11,8,0
Measured,prefill-1024.sstrace,128,5,3,128,1280,148,8.64864864864865,5.0,25.650000000000006,40,4,11,73,39,17,4,0
Measured,prefill-1024.sstrace,128,6,3,128,1280,154,8.311688311688311,5.0,22.349999999999994,36,7,7,78,43,15,4,0
Measured,prefill-1024.sstrace,128,7,3,128,1280,156,8.205128205128204,5.0,20.75,36,9,5,78,45,17,2,0
Measured,prefill-1024.sstrace,128,0,4,128,1280,145,8.827586206896552,5.0,29.799999999999983,56,30,18,44,27,19,7,0
Measured,prefill-1024.sstrace,128,1,4,128,1280,136,9.411764705882353,5.0,39.0,52,13,12,59,33,9,10,0
Measured,prefill-1024.sstrace,128,2,4,128,1280,132,9.696969696969697,5.0,38.799999999999955,60,6,13,63,32,9,9,0
Measured,prefill-1024.sstrace,128,3,4,128,1280,134,9.552238805970148,5.0,31.69999999999999,55,5,12,61,35,14,7,0
Measured,prefill-1024.sstrace,128,4,4,128,1280,134,9.552238805970148,5.0,29.349999999999994,55,4,9,65,33,17,6,0
Measured,prefill-1024.sstrace,128,5,4,128,1280,132,9.696969696969697,5.0,29.44999999999999,44,8,7,61,31,19,6,0
Measured,prefill-1024.sstrace,128,6,4,128,1280,134,9.552238805970148,5.0,27.349999999999994,43,6,8,66,29,20,5,0
Measured,prefill-1024.sstrace,128,7,4,128,1280,133,9.62406015037594,5.0,29.0,41,2,7,70,30,20,4,0
Measured,prefill-1024.sstrace,128,0,5,128,1280,156,8.205128205128204,5.0,23.0,52,26,22,52,30,24,2,0
Measured,prefill-1024.sstrace,128,1,5,128,1280,142,9.014084507042254,5.0,33.89999999999998,47,17,20,52,33,11,9,0
Measured,prefill-1024.sstrace,128,2,5,128,1280,130,9.846153846153847,5.0,36.29999999999998,50,7,10,63,31,11,8,0
Measured,prefill-1024.sstrace,128,3,5,128,1280,131,9.770992366412214,5.0,32.0,49,5,6,68,31,13,8,0
Measured,prefill-1024.sstrace,128,4,5,128,1280,125,10.24,5.0,33.8,45,2,7,66,26,16,8,0
Measured,prefill-1024.sstrace,128,5,5,128,1280,129,9.922480620155039,5.0,33.599999999999994,43,8,5,69,20,17,10,0
Measured,prefill-1024.sstrace,128,6,5,128,1280,133,9.62406015037594,5.0,32.39999999999999,43,9,4,69,28,14,9,0
Measured,prefill-1024.sstrace,128,7,5,128,1280,135,9.481481481481481,5.0,31.89999999999999,46,7,9,70,25,17,7,0
Measured,prefill-1024.sstrace,128,0,6,128,1280,197,6.49746192893401,4.0,20.19999999999999,31,42,40,52,47,16,0,0
Measured,prefill-1024.sstrace,128,1,6,128,1280,166,7.710843373493976,5.0,24.0,47,20,27,67,30,18,4,0
Measured,prefill-1024.sstrace,128,2,6,128,1280,146,8.767123287671232,5.0,32.5,51,9,20,64,33,12,8,0
Measured,prefill-1024.sstrace,128,3,6,128,1280,133,9.62406015037594,5.0,31.79999999999994,52,2,13,61,36,14,7,0
Measured,prefill-1024.sstrace,128,4,6,128,1280,132,9.696969696969697,6.0,31.349999999999966,57,6,4,61,43,11,7,0
Measured,prefill-1024.sstrace,128,5,6,128,1280,135,9.481481481481481,6.0,28.599999999999994,56,5,12,57,43,13,5,0
Measured,prefill-1024.sstrace,128,6,6,128,1280,136,9.411764705882353,5.5,27.25,56,5,8,60,44,13,6,0
Measured,prefill-1024.sstrace,128,7,6,128,1280,136,9.411764705882353,6.0,28.25,50,7,3,63,44,16,3,0
Measured,prefill-1024.sstrace,128,0,7,128,1280,181,7.071823204419889,5.0,26.0,37,28,35,61,42,9,6,0
Measured,prefill-1024.sstrace,128,1,7,128,1280,136,9.411764705882353,5.0,37.25,59,14,23,56,18,15,10,0
Measured,prefill-1024.sstrace,128,2,7,128,1280,116,11.03448275862069,5.0,50.0,76,5,13,60,13,16,8,1
Measured,prefill-1024.sstrace,128,3,7,128,1280,118,10.847457627118644,5.0,35.29999999999998,72,4,14,56,21,13,9,1
Measured,prefill-1024.sstrace,128,4,7,128,1280,115,11.130434782608695,5.0,40.39999999999998,81,6,9,52,24,15,7,2
Measured,prefill-1024.sstrace,128,5,7,128,1280,126,10.158730158730158,5.0,34.0,63,4,13,62,25,14,8,0
Measured,prefill-1024.sstrace,128,6,7,128,1280,130,9.846153846153847,5.0,33.099999999999994,59,7,5,72,24,13,9,0
Measured,prefill-1024.sstrace,128,7,7,128,1280,134,9.552238805970148,5.0,31.0,57,5,6,70,33,14,6,0
Measured,prefill-1024.sstrace,128,0,8,128,1280,149,8.590604026845638,6.0,31.599999999999994,54,38,24,25,38,16,8,0
Measured,prefill-1024.sstrace,128,1,8,128,1280,131,9.770992366412214,6.0,31.5,55,15,21,40,29,19,7,0
Measured,prefill-1024.sstrace,128,2,8,128,1280,110,11.636363636363637,6.0,47.55,60,12,12,36,25,15,10,0
Measured,prefill-1024.sstrace,128,3,8,128,1280,96,13.333333333333334,9.0,45.25,63,6,10,24,30,19,7,0
Measured,prefill-1024.sstrace,128,4,8,128,1280,96,13.333333333333334,9.0,38.75,71,4,7,27,36,11,10,1
Measured,prefill-1024.sstrace,128,5,8,128,1280,103,12.427184466019417,9.0,35.0,66,6,6,33,36,14,7,1
Measured,prefill-1024.sstrace,128,6,8,128,1280,110,11.636363636363637,7.5,31.0,60,6,7,42,28,22,5,0
Measured,prefill-1024.sstrace,128,7,8,128,1280,121,10.578512396694215,7.0,32.0,52,8,12,41,32,21,7,0
Measured,prefill-1024.sstrace,128,0,9,128,1280,137,9.343065693430656,4.0,30.399999999999977,66,35,26,26,22,21,6,1
Measured,prefill-1024.sstrace,128,1,9,128,1280,119,10.756302521008404,6.0,35.49999999999997,55,17,19,32,20,22,9,0
Measured,prefill-1024.sstrace,128,2,9,128,1280,117,10.94017094017094,5.0,45.59999999999991,68,17,13,42,22,11,11,1
Measured,prefill-1024.sstrace,128,3,9,128,1280,122,10.491803278688524,5.0,35.94999999999999,66,15,14,45,26,11,9,2
Measured,prefill-1024.sstrace,128,4,9,128,1280,128,10.0,5.0,33.64999999999999,68,8,15,56,28,13,6,2
Measured,prefill-1024.sstrace,128,5,9,128,1280,130,9.846153846153847,5.0,32.19999999999999,61,8,15,58,29,13,7,0
Measured,prefill-1024.sstrace,128,6,9,128,1280,129,9.922480620155039,5.0,32.0,53,6,13,55,30,17,8,0
Measured,prefill-1024.sstrace,128,7,9,128,1280,135,9.481481481481481,5.0,31.0,50,12,10,55,34,18,6,0
Measured,prefill-1024.sstrace,128,0,10,128,1280,158,8.10126582278481,5.0,21.150000000000006,74,34,28,42,33,16,4,1
Measured,prefill-1024.sstrace,128,1,10,128,1280,136,9.411764705882353,5.0,34.0,49,19,26,41,25,15,10,0
Measured,prefill-1024.sstrace,128,2,10,128,1280,124,10.32258064516129,6.0,33.0,48,15,21,33,28,18,9,0
Measured,prefill-1024.sstrace,128,3,10,128,1280,113,11.327433628318584,7.0,32.0,62,13,9,37,29,18,7,0
Measured,prefill-1024.sstrace,128,4,10,128,1280,109,11.743119266055047,8.0,34.79999999999998,75,10,6,33,36,17,5,2
Measured,prefill-1024.sstrace,128,5,10,128,1280,108,11.851851851851851,8.0,33.0,67,7,10,36,34,14,4,3
Measured,prefill-1024.sstrace,128,6,10,128,1280,107,11.962616822429906,8.0,31.399999999999977,65,5,13,28,38,17,5,1
Measured,prefill-1024.sstrace,128,7,10,128,1280,111,11.531531531531531,9.0,27.0,56,5,6,33,41,22,4,0
Measured,prefill-1024.sstrace,128,0,11,128,1280,148,8.64864864864865,4.5,31.30000000000001,46,29,33,28,31,19,8,0
Measured,prefill-1024.sstrace,128,1,11,128,1280,143,8.951048951048952,5.0,28.900000000000006,56,23,30,34,29,23,4,0
Measured,prefill-1024.sstrace,128,2,11,128,1280,138,9.27536231884058,6.5,25.150000000000006,45,15,26,35,32,27,3,0
Measured,prefill-1024.sstrace,128,3,11,128,1280,124,10.32258064516129,7.0,32.0,51,14,19,32,32,19,8,0
Measured,prefill-1024.sstrace,128,4,11,128,1280,109,11.743119266055047,8.0,34.0,63,9,13,31,30,18,8,0
Measured,prefill-1024.sstrace,128,5,11,128,1280,112,11.428571428571429,7.0,33.799999999999955,59,9,13,36,27,20,7,0
Measured,prefill-1024.sstrace,128,6,11,128,1280,103,12.427184466019417,8.0,35.0,68,3,13,34,27,18,7,1
Measured,prefill-1024.sstrace,128,7,11,128,1280,100,12.8,8.0,35.0,69,5,8,33,24,23,5,2
Measured,prefill-1024.sstrace,128,0,12,128,1280,175,7.314285714285714,4.0,27.599999999999966,49,38,47,37,28,18,7,0
Measured,prefill-1024.sstrace,128,1,12,128,1280,153,8.366013071895425,5.0,25.400000000000006,59,20,33,45,31,19,5,0
Measured,prefill-1024.sstrace,128,2,12,128,1280,141,9.078014184397164,6.0,27.0,44,22,17,45,31,22,4,0
Measured,prefill-1024.sstrace,128,3,12,128,1280,133,9.62406015037594,6.0,30.799999999999983,45,12,20,45,29,20,7,0
Measured,prefill-1024.sstrace,128,4,12,128,1280,113,11.327433628318584,7.0,29.0,52,5,4,48,31,20,5,0
Measured,prefill-1024.sstrace,128,5,12,128,1280,119,10.756302521008404,5.0,30.299999999999983,56,9,17,39,25,23,6,0
Measured,prefill-1024.sstrace,128,6,12,128,1280,111,11.531531531531531,6.0,30.5,59,7,9,42,19,30,4,0
Measured,prefill-1024.sstrace,128,7,12,128,1280,116,11.03448275862069,5.5,30.25,59,10,11,43,20,28,4,0
Measured,prefill-1024.sstrace,128,0,13,128,1280,159,8.050314465408805,3.0,29.19999999999999,63,45,37,29,18,23,7,0
Measured,prefill-1024.sstrace,128,1,13,128,1280,136,9.411764705882353,6.0,28.5,59,8,28,40,35,22,3,0
Measured,prefill-1024.sstrace,128,2,13,128,1280,145,8.827586206896552,5.0,29.799999999999983,54,21,25,45,30,20,4,0
Measured,prefill-1024.sstrace,128,3,13,128,1280,127,10.078740157480315,7.0,31.69999999999999,43,10,15,39,38,18,7,0
Measured,prefill-1024.sstrace,128,4,13,128,1280,126,10.158730158730158,7.0,29.0,52,7,14,45,32,23,5,0
Measured,prefill-1024.sstrace,128,5,13,128,1280,120,10.666666666666666,6.5,32.05,46,5,15,45,28,20,7,0
Measured,prefill-1024.sstrace,128,6,13,128,1280,114,11.228070175438596,8.0,31.74999999999997,42,7,7,41,31,22,6,0
Measured,prefill-1024.sstrace,128,7,13,128,1280,122,10.491803278688524,8.0,27.0,48,4,17,38,38,20,5,0
Measured,prefill-1024.sstrace,128,0,14,128,1280,169,7.57396449704142,4.0,27.0,67,38,34,43,33,16,4,1
Measured,prefill-1024.sstrace,128,1,14,128,1280,153,8.366013071895425,5.0,28.0,52,18,43,36,34,17,5,0
Measured,prefill-1024.sstrace,128,2,14,128,1280,158,8.10126582278481,4.0,27.150000000000006,49,27,31,46,30,19,5,0
Measured,prefill-1024.sstrace,128,3,14,128,1280,155,8.258064516129032,5.0,23.299999999999983,42,24,31,38,39,17,6,0
Measured,prefill-1024.sstrace,128,4,14,128,1280,145,8.827586206896552,6.0,24.799999999999983,44,12,13,56,45,15,4,0
Measured,prefill-1024.sstrace,128,5,14,128,1280,145,8.827586206896552,6.0,27.59999999999988,47,11,17,56,42,15,4,0
Measured,prefill-1024.sstrace,128,6,14,128,1280,142,9.014084507042254,5.0,26.94999999999999,44,10,15,59,39,15,4,0
Measured,prefill-1024.sstrace,128,7,14,128,1280,162,7.901234567901234,5.0,21.94999999999999,43,16,20,66,42,15,3,0
Measured,prefill-1024.sstrace,128,0,15,128,1280,135,9.481481481481481,4.0,39.79999999999998,79,34,32,24,19,15,10,1
Measured,prefill-1024.sstrace,128,1,15,128,1280,141,9.078014184397164,5.0,32.0,78,27,30,30,32,14,7,1
Measured,prefill-1024.sstrace,128,2,15,128,1280,162,7.901234567901234,5.0,22.94999999999999,43,23,34,47,34,21,3,0
Measured,prefill-1024.sstrace,128,3,15,128,1280,166,7.710843373493976,5.0,23.0,38,35,21,51,35,23,1,0
Measured,prefill-1024.sstrace,128,4,15,128,1280,154,8.311688311688311,5.0,26.0,58,19,26,51,33,22,3,0
Measured,prefill-1024.sstrace,128,5,15,128,1280,152,8.421052631578947,5.0,27.44999999999999,57,22,22,48,39,18,3,0
Measured,prefill-1024.sstrace,128,6,15,128,1280,154,8.311688311688311,5.0,25.69999999999999,60,26,19,52,33,21,3,0
Measured,prefill-1024.sstrace,128,7,15,128,1280,176,7.2727272727272725,5.0,24.25,48,30,32,61,32,18,3,0
Measured,prefill-1024.sstrace,128,0,16,128,1280,145,8.827586206896552,4.0,31.599999999999966,64,36,29,30,24,18,7,1
Measured,prefill-1024.sstrace,128,1,16,128,1280,158,8.10126582278481,4.0,34.0,54,30,43,37,24,14,10,0
Measured,prefill-1024.sstrace,128,2,16,128,1280,194,6.597938144329897,4.0,22.69999999999999,41,39,45,54,39,15,2,0
Measured,prefill-1024.sstrace,128,3,16,128,1280,182,7.032967032967033,5.0,18.94999999999999,50,29,36,57,44,14,2,0
Measured,prefill-1024.sstrace,128,4,16,128,1280,171,7.485380116959064,5.0,23.0,50,24,34,55,38,19,1,0
Measured,prefill-1024.sstrace,128,5,16,128,1280,165,7.757575757575758,5.0,23.799999999999983,39,23,35,53,31,20,3,0
Measured,prefill-1024.sstrace,128,6,16,128,1280,167,7.664670658682635,5.0,22.0,40,30,31,46,35,23,2,0
Measured,prefill-1024.sstrace,128,7,16,128,1280,179,7.150837988826815,4.0,22.0,34,32,38,47,37,24,1,0
Measured,prefill-1024.sstrace,128,0,17,128,1280,176,7.2727272727272725,3.0,26.25,58,56,36,29,31,19,5,0
Measured,prefill-1024.sstrace,128,1,17,128,1280,176,7.2727272727272725,4.5,21.75,55,32,37,51,35,17,4,0
Measured,prefill-1024.sstrace,128,2,17,128,1280,188,6.808510638297872,4.0,24.0,32,41,45,45,34,21,2,0
Measured,prefill-1024.sstrace,128,3,17,128,1280,181,7.071823204419889,4.0,24.0,44,39,37,50,30,22,3,0
Measured,prefill-1024.sstrace,128,4,17,128,1280,169,7.57396449704142,5.0,20.799999999999983,50,19,29,63,39,16,3,0
Measured,prefill-1024.sstrace,128,5,17,128,1280,161,7.950310559006211,5.0,22.0,50,20,23,59,38,17,4,0
Measured,prefill-1024.sstrace,128,6,17,128,1280,168,7.619047619047619,4.0,20.30000000000001,53,31,30,48,38,16,5,0
Measured,prefill-1024.sstrace,128,7,17,128,1280,172,7.441860465116279,4.5,20.0,54,28,33,55,36,15,5,0
Measured,prefill-1024.sstrace,128,0,18,128,1280,178,7.191011235955056,4.0,25.30000000000001,55,47,40,38,29,19,5,0
Measured,prefill-1024.sstrace,128,1,18,128,1280,147,8.70748299319728,5.0,33.099999999999966,52,28,27,45,21,18,8,0
Measured,prefill-1024.sstrace,128,2,18,128,1280,168,7.619047619047619,4.0,22.650000000000006,39,32,36,43,32,20,5,0
Measured,prefill-1024.sstrace,128,3,18,128,1280,150,8.533333333333333,5.0,27.0,50,25,22,52,26,20,5,0
Measured,prefill-1024.sstrace,128,4,18,128,1280,138,9.27536231884058,5.0,29.150000000000006,59,9,30,44,29,21,5,0
Measured,prefill-1024.sstrace,128,5,18,128,1280,133,9.62406015037594,6.0,27.199999999999974,52,12,22,42,27,25,5,0
Measured,prefill-1024.sstrace,128,6,18,128,1280,129,9.922480620155039,6.0,27.599999999999994,53,22,8,40,33,21,5,0
Measured,prefill-1024.sstrace,128,7,18,128,1280,134,9.552238805970148,6.0,28.69999999999999,44,12,14,43,40,19,6,0
Measured,prefill-1024.sstrace,128,0,19,128,1280,173,7.398843930635838,4.0,30.0,57,36,47,48,21,13,8,0
Measured,prefill-1024.sstrace,128,1,19,128,1280,168,7.619047619047619,5.0,25.600000000000023,53,37,35,37,39,13,7,0
Measured,prefill-1024.sstrace,128,2,19,128,1280,201,6.3681592039801,4.0,21.0,44,39,55,52,38,12,5,0
Measured,prefill-1024.sstrace,128,3,19,128,1280,183,6.994535519125683,5.0,23.0,44,27,47,55,34,18,2,0
Measured,prefill-1024.sstrace,128,4,19,128,1280,177,7.231638418079096,5.0,22.0,63,31,33,60,30,20,3,0
Measured,prefill-1024.sstrace,128,5,19,128,1280,164,7.804878048780488,5.0,22.849999999999994,60,14,38,56,37,16,3,0
Measured,prefill-1024.sstrace,128,6,19,128,1280,165,7.757575757575758,5.0,25.0,63,34,27,45,40,14,5,0
Measured,prefill-1024.sstrace,128,7,19,128,1280,180,7.111111111111111,5.0,23.0,63,36,34,46,47,15,2,0
Measured,prefill-1024.sstrace,128,0,20,128,1280,181,7.071823204419889,3.0,25.0,53,49,45,31,30,21,5,0
Measured,prefill-1024.sstrace,128,1,20,128,1280,164,7.804878048780488,4.0,24.0,63,32,38,40,30,18,6,0
Measured,prefill-1024.sstrace,128,2,20,128,1280,194,6.597938144329897,4.0,21.0,70,43,48,59,21,20,1,2
Measured,prefill-1024.sstrace,128,3,20,128,1280,188,6.808510638297872,4.5,18.0,52,32,43,54,38,18,3,0
Measured,prefill-1024.sstrace,128,4,20,128,1280,188,6.808510638297872,4.0,18.650000000000006,48,37,31,58,45,14,3,0
Measured,prefill-1024.sstrace,128,5,20,128,1280,174,7.35632183908046,5.0,20.0,44,26,40,51,35,18,4,0
Measured,prefill-1024.sstrace,128,6,20,128,1280,170,7.529411764705882,4.0,25.64999999999995,47,28,40,45,36,16,5,0
Measured,prefill-1024.sstrace,128,7,20,128,1280,192,6.666666666666667,4.0,20.44999999999999,41,45,31,61,36,15,4,0
Measured,prefill-1024.sstrace,128,0,21,128,1280,204,6.2745098039215685,3.0,19.0,58,44,66,36,39,14,5,0
Measured,prefill-1024.sstrace,128,1,21,128,1280,136,9.411764705882353,5.0,37.0,69,31,28,31,21,15,9,1
Measured,prefill-1024.sstrace,128,2,21,128,1280,146,8.767123287671232,4.0,37.75,66,31,38,30,24,11,11,1
Measured,prefill-1024.sstrace,128,3,21,128,1280,149,8.590604026845638,5.0,27.0,55,31,30,40,23,19,6,0
Measured,prefill-1024.sstrace,128,4,21,128,1280,149,8.590604026845638,5.0,32.79999999999998,59,35,23,37,33,13,8,0
Measured,prefill-1024.sstrace,128,5,21,128,1280,149,8.590604026845638,5.0,31.0,57,21,30,46,32,13,7,0
Measured,prefill-1024.sstrace,128,6,21,128,1280,150,8.533333333333333,5.0,29.0,50,18,29,49,34,13,7,0
Measured,prefill-1024.sstrace,128,7,21,128,1280,163,7.852760736196319,4.0,29.900000000000006,48,31,35,44,30,16,7,0
Measured,prefill-1024.sstrace,128,0,22,128,1280,235,5.446808510638298,3.0,18.599999999999966,43,47,81,59,34,11,3,0
Measured,prefill-1024.sstrace,128,1,22,128,1280,123,10.40650406504065,5.0,32.89999999999999,76,23,26,21,31,14,5,3
Measured,prefill-1024.sstrace,128,2,22,128,1280,138,9.27536231884058,4.0,33.150000000000006,82,25,27,43,24,11,7,1
Measured,prefill-1024.sstrace,128,3,22,128,1280,148,8.64864864864865,5.0,31.600000000000023,66,33,28,40,22,17,7,1
Measured,prefill-1024.sstrace,128,4,22,128,1280,131,9.770992366412214,5.0,33.0,62,16,15,51,23,18,8,0
Measured,prefill-1024.sstrace,128,5,22,128,1280,143,8.951048951048952,6.0,26.700000000000017,59,17,28,43,30,20,5,0
Measured,prefill-1024.sstrace,128,6,22,128,1280,139,9.20863309352518,6.0,27.19999999999999,52,19,24,41,29,22,4,0
Measured,prefill-1024.sstrace,128,7,22,128,1280,150,8.533333333333333,6.0,26.0,49,29,24,36,36,21,4,0
Measured,prefill-1024.sstrace,128,0,23,128,1280,177,7.231638418079096,3.0,27.399999999999977,65,55,38,34,29,13,7,1
Measured,prefill-1024.sstrace,128,1,23,128,1280,166,7.710843373493976,4.0,25.0,70,37,39,31,38,15,5,1
Measured,prefill-1024.sstrace,128,2,23,128,1280,190,6.7368421052631575,4.0,25.099999999999966,67,46,46,47,35,10,5,1
Measured,prefill-1024.sstrace,128,3,23,128,1280,177,7.231638418079096,5.0,22.19999999999999,51,43,27,52,34,15,6,0
Measured,prefill-1024.sstrace,128,4,23,128,1280,181,7.071823204419889,4.0,22.0,49,45,25,58,34,13,6,0
Measured,prefill-1024.sstrace,128,5,23,128,1280,191,6.701570680628272,4.0,22.5,40,49,40,42,40,17,3,0
Measured,prefill-1024.sstrace,128,6,23,128,1280,179,7.150837988826815,5.0,22.19999999999999,35,32,43,50,29,22,3,0
Measured,prefill-1024.sstrace,128,7,23,128,1280,188,6.808510638297872,4.0,21.0,43,43,36,53,38,15,3,0
Measured,prefill-1024.sstrace,128,0,24,128,1280,179,7.150837988826815,3.0,29.19999999999999,51,46,54,28,23,20,8,0
Measured,prefill-1024.sstrace,128,1,24,128,1280,163,7.852760736196319,4.0,28.700000000000017,57,36,40,33,30,17,7,0
Measured,prefill-1024.sstrace,128,2,24,128,1280,179,7.150837988826815,3.0,27.0,63,46,44,38,31,15,5,0
Measured,prefill-1024.sstrace,128,3,24,128,1280,173,7.398843930635838,5.0,23.400000000000006,54,36,36,45,34,19,3,0
Measured,prefill-1024.sstrace,128,4,24,128,1280,173,7.398843930635838,5.0,23.600000000000023,63,33,37,50,34,15,4,0
Measured,prefill-1024.sstrace,128,5,24,128,1280,176,7.2727272727272725,4.0,23.0,59,37,41,44,36,14,4,0
Measured,prefill-1024.sstrace,128,6,24,128,1280,178,7.191011235955056,4.0,23.450000000000017,64,44,43,39,31,15,5,1
Measured,prefill-1024.sstrace,128,7,24,128,1280,167,7.664670658682635,5.0,23.0,54,28,34,55,29,17,4,0
Measured,prefill-1024.sstrace,128,0,25,128,1280,159,8.050314465408805,3.0,29.099999999999994,55,44,41,25,22,20,7,0
Measured,prefill-1024.sstrace,128,1,25,128,1280,167,7.664670658682635,4.0,28.69999999999999,64,39,37,40,26,19,5,1
Measured,prefill-1024.sstrace,128,2,25,128,1280,177,7.231638418079096,4.0,25.19999999999999,50,45,38,37,34,18,5,0
Measured,prefill-1024.sstrace,128,3,25,128,1280,196,6.530612244897959,3.0,24.25,37,56,44,43,30,17,6,0
Measured,prefill-1024.sstrace,128,4,25,128,1280,190,6.7368421052631575,4.0,25.0,47,41,50,42,33,22,2,0
Measured,prefill-1024.sstrace,128,5,25,128,1280,199,6.432160804020101,4.0,23.0,41,41,54,54,26,21,3,0
Measured,prefill-1024.sstrace,128,6,25,128,1280,201,6.3681592039801,4.0,22.0,41,42,47,61,29,17,5,0
Measured,prefill-1024.sstrace,128,7,25,128,1280,201,6.3681592039801,4.0,21.0,37,44,46,55,35,17,4,0
Measured,prefill-1024.sstrace,128,0,26,128,1280,184,6.956521739130435,3.0,28.399999999999977,46,46,50,36,28,18,6,0
Measured,prefill-1024.sstrace,128,1,26,128,1280,183,6.994535519125683,4.0,21.900000000000006,44,49,36,41,35,18,4,0
Measured,prefill-1024.sstrace,128,2,26,128,1280,187,6.8449197860962565,4.0,19.69999999999999,49,43,38,47,42,13,4,0
Measured,prefill-1024.sstrace,128,3,26,128,1280,192,6.666666666666667,4.0,19.44999999999999,38,40,41,47,47,14,3,0
Measured,prefill-1024.sstrace,128,4,26,128,1280,179,7.150837988826815,4.0,24.19999999999999,43,34,41,44,40,18,2,0
Measured,prefill-1024.sstrace,128,5,26,128,1280,196,6.530612244897959,4.0,20.0,37,39,49,54,30,22,2,0
Measured,prefill-1024.sstrace,128,6,26,128,1280,186,6.881720430107527,4.0,22.75,38,36,44,51,32,21,2,0
Measured,prefill-1024.sstrace,128,7,26,128,1280,196,6.530612244897959,4.0,22.0,40,36,45,59,35,20,1,0
Measured,prefill-1024.sstrace,128,0,27,128,1280,167,7.664670658682635,4.0,30.69999999999999,47,53,27,29,29,23,6,0
Measured,prefill-1024.sstrace,128,1,27,128,1280,185,6.918918918918919,4.0,26.799999999999983,38,47,44,36,35,18,5,0
Measured,prefill-1024.sstrace,128,2,27,128,1280,213,6.009389671361502,3.0,21.399999999999977,36,59,55,49,27,19,4,0
Measured,prefill-1024.sstrace,128,3,27,128,1280,203,6.305418719211823,4.0,22.0,35,53,43,51,37,17,2,0
Measured,prefill-1024.sstrace,128,4,27,128,1280,192,6.666666666666667,4.0,20.44999999999999,45,38,44,53,35,21,1,0
Measured,prefill-1024.sstrace,128,5,27,128,1280,194,6.597938144329897,4.0,23.0,38,46,44,53,30,19,2,0
Measured,prefill-1024.sstrace,128,6,27,128,1280,200,6.4,4.0,25.0,39,40,56,52,32,17,3,0
Measured,prefill-1024.sstrace,128,7,27,128,1280,207,6.183574879227053,3.0,21.69999999999999,38,42,64,52,28,16,5,0
Measured,prefill-1024.sstrace,128,0,28,128,1280,195,6.564102564102564,3.0,24.599999999999966,42,53,51,40,28,19,4,0
Measured,prefill-1024.sstrace,128,1,28,128,1280,168,7.619047619047619,4.0,23.30000000000001,60,42,31,34,40,17,4,0
Measured,prefill-1024.sstrace,128,2,28,128,1280,181,7.071823204419889,4.0,23.0,64,43,46,37,34,16,4,1
Measured,prefill-1024.sstrace,128,3,28,128,1280,177,7.231638418079096,3.0,23.0,53,51,38,30,33,21,4,0
Measured,prefill-1024.sstrace,128,4,28,128,1280,159,8.050314465408805,5.0,26.099999999999994,62,35,30,39,31,20,4,0
Measured,prefill-1024.sstrace,128,5,28,128,1280,175,7.314285714285714,4.0,25.0,47,44,37,37,32,21,4,0
Measured,prefill-1024.sstrace,128,6,28,128,1280,170,7.529411764705882,4.0,25.199999999999932,44,36,36,41,30,24,3,0
Measured,prefill-1024.sstrace,128,7,28,128,1280,171,7.485380116959064,4.0,21.5,41,36,41,36,32,23,3,0
Measured,prefill-1024.sstrace,128,0,29,128,1280,189,6.772486772486772,3.0,28.19999999999999,54,49,54,36,29,13,8,0
Measured,prefill-1024.sstrace,128,1,29,128,1280,195,6.564102564102564,3.0,21.299999999999983,71,46,52,49,28,17,1,2
Measured,prefill-1024.sstrace,128,2,29,128,1280,195,6.564102564102564,4.0,17.299999999999983,73,40,44,57,40,11,1,2
Measured,prefill-1024.sstrace,128,3,29,128,1280,191,6.701570680628272,4.0,19.0,68,43,37,55,38,15,2,1
Measured,prefill-1024.sstrace,128,4,29,128,1280,196,6.530612244897959,4.0,18.25,70,44,46,48,44,11,2,1
Measured,prefill-1024.sstrace,128,5,29,128,1280,196,6.530612244897959,4.0,18.0,57,47,45,43,44,14,3,0
Measured,prefill-1024.sstrace,128,6,29,128,1280,200,6.4,4.0,19.049999999999983,50,45,46,51,41,14,3,0
Measured,prefill-1024.sstrace,128,7,29,128,1280,202,6.336633663366337,4.0,18.0,54,36,54,53,40,17,2,0
Measured,prefill-1024.sstrace,128,0,30,128,1280,211,6.0663507109004735,3.0,20.5,69,63,51,43,35,14,4,1
Measured,prefill-1024.sstrace,128,1,30,128,1280,223,5.739910313901345,3.0,17.0,57,57,57,52,39,15,3,0
Measured,prefill-1024.sstrace,128,2,30,128,1280,239,5.355648535564853,3.0,16.099999999999994,57,62,62,62,38,12,3,0
Measured,prefill-1024.sstrace,128,3,30,128,1280,237,5.40084388185654,3.0,17.0,46,61,63,65,33,14,1,0
Measured,prefill-1024.sstrace,128,4,30,128,1280,232,5.517241379310345,4.0,16.0,49,60,54,66,37,13,2,0
Measured,prefill-1024.sstrace,128,5,30,128,1280,241,5.3112033195020745,3.0,17.0,34,61,67,57,39,16,1,0
Measured,prefill-1024.sstrace,128,6,30,128,1280,236,5.423728813559322,3.0,17.25,38,58,61,59,43,13,2,0
Measured,prefill-1024.sstrace,128,7,30,128,1280,234,5.47008547008547,3.5,18.0,33,60,57,62,38,16,1,0
Measured,prefill-1024.sstrace,128,0,31,128,1280,151,8.47682119205298,4.0,30.5,67,37,34,33,19,21,6,1
Measured,prefill-1024.sstrace,128,1,31,128,1280,149,8.590604026845638,4.0,29.0,58,29,30,39,29,16,6,0
Measured,prefill-1024.sstrace,128,2,31,128,1280,149,8.590604026845638,5.0,33.79999999999998,63,29,32,39,28,12,9,0
Measured,prefill-1024.sstrace,128,3,31,128,1280,149,8.590604026845638,5.0,29.19999999999999,57,32,29,28,37,17,6,0
Measured,prefill-1024.sstrace,128,4,31,128,1280,153,8.366013071895425,3.0,28.0,60,37,40,22,28,20,6,0
Measured,prefill-1024.sstrace,128,5,31,128,1280,176,7.2727272727272725,4.0,26.0,41,33,53,38,25,22,5,0
Measured,prefill-1024.sstrace,128,6,31,128,1280,188,6.808510638297872,4.0,25.30000000000001,43,44,47,49,22,22,4,0
Measured,prefill-1024.sstrace,128,7,31,128,1280,176,7.2727272727272725,4.0,26.0,41,39,44,38,28,23,4,0
Measured,prefill-1024.sstrace,128,0,32,128,1280,176,7.2727272727272725,3.0,28.0,61,47,54,27,24,18,6,0
Measured,prefill-1024.sstrace,128,1,32,128,1280,192,6.666666666666667,3.0,27.0,61,53,50,39,28,16,6,0
Measured,prefill-1024.sstrace,128,2,32,128,1280,185,6.918918918918919,3.0,23.0,63,40,54,41,27,18,5,0
Measured,prefill-1024.sstrace,128,3,32,128,1280,191,6.701570680628272,4.0,22.5,50,44,51,44,30,18,4,0
Measured,prefill-1024.sstrace,128,4,32,128,1280,200,6.4,3.0,23.049999999999983,57,67,42,41,28,15,7,0
Measured,prefill-1024.sstrace,128,5,32,128,1280,209,6.124401913875598,3.0,24.0,34,57,56,45,25,24,2,0
Measured,prefill-1024.sstrace,128,6,32,128,1280,196,6.530612244897959,4.0,26.0,38,48,49,46,30,19,4,0
Measured,prefill-1024.sstrace,128,7,32,128,1280,196,6.530612244897959,3.0,23.0,38,58,47,36,30,20,5,0
Measured,prefill-1024.sstrace,128,0,33,128,1280,204,6.2745098039215685,3.0,22.0,35,57,54,34,35,21,3,0
Measured,prefill-1024.sstrace,128,1,33,128,1280,204,6.2745098039215685,4.0,19.849999999999994,32,45,53,49,34,22,1,0
Measured,prefill-1024.sstrace,128,2,33,128,1280,206,6.213592233009709,4.0,20.75,31,48,47,51,39,21,0,0
Measured,prefill-1024.sstrace,128,3,33,128,1280,217,5.8986175115207375,3.0,19.19999999999999,29,50,59,51,38,19,0,0
Measured,prefill-1024.sstrace,128,4,33,128,1280,209,6.124401913875598,3.0,20.19999999999999,42,56,52,43,38,17,3,0
Measured,prefill-1024.sstrace,128,5,33,128,1280,214,5.981308411214953,4.0,19.0,43,40,61,60,37,14,2,0
Measured,prefill-1024.sstrace,128,6,33,128,1280,213,6.009389671361502,3.0,19.399999999999977,45,46,68,42,39,16,2,0
Measured,prefill-1024.sstrace,128,7,33,128,1280,218,5.871559633027523,3.0,19.149999999999977,43,48,65,49,36,18,2,0
Measured,prefill-1024.sstrace,128,0,34,128,1280,193,6.632124352331606,3.0,21.399999999999977,68,53,49,44,25,18,3,1
Measured,prefill-1024.sstrace,128,1,34,128,1280,168,7.619047619047619,4.0,26.650000000000006,88,32,42,51,23,14,3,3
Measured,prefill-1024.sstrace,128,2,34,128,1280,183,6.994535519125683,4.0,22.700000000000017,80,51,39,46,30,11,3,3
Measured,prefill-1024.sstrace,128,3,34,128,1280,179,7.150837988826815,4.0,27.0,71,50,34,45,32,14,2,2
Measured,prefill-1024.sstrace,128,4,34,128,1280,180,7.111111111111111,3.5,28.0,73,50,40,45,22,19,2,2
Measured,prefill-1024.sstrace,128,5,34,128,1280,194,6.597938144329897,3.0,25.349999999999994,57,57,48,41,26,17,5,0
Measured,prefill-1024.sstrace,128,6,34,128,1280,198,6.4646464646464645,3.0,24.0,51,62,45,39,30,15,7,0
Measured,prefill-1024.sstrace,128,7,34,128,1280,178,7.191011235955056,3.5,26.30000000000001,51,43,46,38,29,15,7,0
Measured,prefill-1024.sstrace,128,0,35,128,1280,191,6.701570680628272,3.0,26.0,52,51,47,44,26,17,6,0
Measured,prefill-1024.sstrace,128,1,35,128,1280,179,7.150837988826815,4.0,23.0,56,31,45,45,35,19,4,0
Measured,prefill-1024.sstrace,128,2,35,128,1280,189,6.772486772486772,4.0,22.0,48,46,37,50,37,16,3,0
Measured,prefill-1024.sstrace,128,3,35,128,1280,207,6.183574879227053,3.0,20.69999999999999,38,51,58,44,34,16,4,0
Measured,prefill-1024.sstrace,128,4,35,128,1280,198,6.4646464646464645,3.0,24.0,46,58,42,39,38,18,3,0
Measured,prefill-1024.sstrace,128,5,35,128,1280,201,6.3681592039801,3.0,22.0,35,45,58,43,32,18,5,0
Measured,prefill-1024.sstrace,128,6,35,128,1280,204,6.2745098039215685,3.0,24.549999999999983,40,51,55,44,35,14,5,0
Measured,prefill-1024.sstrace,128,7,35,128,1280,208,6.153846153846154,3.0,22.59999999999991,41,54,57,43,36,14,4,0
Measured,prefill-1024.sstrace,128,0,36,128,1280,176,7.2727272727272725,4.0,26.25,70,41,37,54,22,18,3,1
Measured,prefill-1024.sstrace,128,1,36,128,1280,177,7.231638418079096,4.0,23.19999999999999,83,40,45,41,26,22,2,1
Measured,prefill-1024.sstrace,128,2,36,128,1280,185,6.918918918918919,4.0,21.799999999999983,64,43,47,39,35,18,2,1
Measured,prefill-1024.sstrace,128,3,36,128,1280,185,6.918918918918919,3.0,23.0,59,46,52,33,30,21,3,0
Measured,prefill-1024.sstrace,128,4,36,128,1280,190,6.7368421052631575,3.0,23.549999999999983,61,53,47,41,25,21,3,0
Measured,prefill-1024.sstrace,128,5,36,128,1280,181,7.071823204419889,4.0,29.0,49,49,38,46,21,23,4,0
Measured,prefill-1024.sstrace,128,6,36,128,1280,184,6.956521739130435,3.0,28.849999999999994,44,51,50,31,29,15,8,0
Measured,prefill-1024.sstrace,128,7,36,128,1280,184,6.956521739130435,4.0,25.849999999999994,39,44,47,43,27,17,6,0
Measured,prefill-1024.sstrace,128,0,37,128,1280,215,5.953488372093023,3.0,20.0,64,60,63,41,31,17,2,1
Measured,prefill-1024.sstrace,128,1,37,128,1280,201,6.3681592039801,3.0,23.0,87,55,46,50,26,22,1,1
Measured,prefill-1024.sstrace,128,2,37,128,1280,192,6.666666666666667,4.0,22.44999999999999,77,46,47,48,25,24,1,1
Measured,prefill-1024.sstrace,128,3,37,128,1280,210,6.095238095238095,3.0,21.549999999999983,72,75,44,45,24,16,5,1
Measured,prefill-1024.sstrace,128,4,37,128,1280,195,6.564102564102564,3.0,25.299999999999983,72,63,46,37,27,16,5,1
Measured,prefill-1024.sstrace,128,5,37,128,1280,194,6.597938144329897,3.0,27.69999999999999,57,54,47,46,26,15,6,0
Measured,prefill-1024.sstrace,128,6,37,128,1280,185,6.918918918918919,3.0,29.799999999999983,52,49,50,39,22,16,9,0
Measured,prefill-1024.sstrace,128,7,37,128,1280,187,6.8449197860962565,3.0,29.099999999999966,52,50,53,39,24,13,8,0
Measured,prefill-1024.sstrace,128,0,38,128,1280,244,5.245901639344262,3.0,19.399999999999977,60,78,63,56,33,8,6,0
Measured,prefill-1024.sstrace,128,1,38,128,1280,191,6.701570680628272,3.0,24.5,87,61,53,42,16,11,4,4
Measured,prefill-1024.sstrace,128,2,38,128,1280,186,6.881720430107527,3.0,22.0,78,55,48,46,18,11,5,3
Measured,prefill-1024.sstrace,128,3,38,128,1280,184,6.956521739130435,3.0,24.849999999999994,73,59,52,33,19,12,6,3
Measured,prefill-1024.sstrace,128,4,38,128,1280,175,7.314285714285714,3.0,29.89999999999995,75,48,53,34,20,11,6,3
Measured,prefill-1024.sstrace,128,5,38,128,1280,176,7.2727272727272725,3.0,32.25,70,51,44,42,15,14,9,1
Measured,prefill-1024.sstrace,128,6,38,128,1280,193,6.632124352331606,3.0,25.799999999999955,65,64,47,39,21,13,8,1
Measured,prefill-1024.sstrace,128,7,38,128,1280,183,6.994535519125683,3.0,25.80000000000001,63,51,51,41,16,15,9,0
Measured,prefill-1024.sstrace,128,0,39,128,1280,177,7.231638418079096,4.0,24.399999999999977,69,42,46,44,27,11,5,2
Measured,prefill-1024.sstrace,128,1,39,128,1280,167,7.664670658682635,4.0,29.0,60,34,40,45,25,16,7,0
Measured,prefill-1024.sstrace,128,2,39,128,1280,165,7.757575757575758,4.0,25.799999999999983,60,37,39,38,26,19,6,0
Measured,prefill-1024.sstrace,128,3,39,128,1280,172,7.441860465116279,4.0,26.44999999999999,52,37,44,40,25,22,4,0
Measured,prefill-1024.sstrace,128,4,39,128,1280,173,7.398843930635838,4.0,25.0,55,50,32,36,32,17,6,0
Measured,prefill-1024.sstrace,128,5,39,128,1280,175,7.314285714285714,4.0,27.499999999999915,48,41,36,48,25,19,6,0
Measured,prefill-1024.sstrace,128,6,39,128,1280,165,7.757575757575758,4.0,29.199999999999932,48,36,32,47,27,15,8,0
Measured,prefill-1024.sstrace,128,7,39,128,1280,176,7.2727272727272725,4.0,25.0,51,40,35,51,26,18,6,0
Measured,prefill-1024.sstrace,128,0,40,128,1280,186,6.881720430107527,3.0,29.5,77,64,47,38,12,17,7,1
Measured,prefill-1024.sstrace,128,1,40,128,1280,185,6.918918918918919,3.0,27.599999999999966,70,57,46,39,21,14,6,2
Measured,prefill-1024.sstrace,128,2,40,128,1280,168,7.619047619047619,4.0,27.650000000000006,67,42,35,42,25,17,6,1
Measured,prefill-1024.sstrace,128,3,40,128,1280,187,6.8449197860962565,3.0,27.099999999999966,59,57,49,30,28,19,4,0
Measured,prefill-1024.sstrace,128,4,40,128,1280,184,6.956521739130435,3.0,26.69999999999999,59,57,38,42,22,18,7,0
Measured,prefill-1024.sstrace,128,5,40,128,1280,179,7.150837988826815,4.0,26.099999999999994,49,47,41,39,29,17,6,0
Measured,prefill-1024.sstrace,128,6,40,128,1280,198,6.4646464646464645,3.0,26.299999999999955,54,67,46,37,24,17,7,0
Measured,prefill-1024.sstrace,128,7,40,128,1280,181,7.071823204419889,3.0,25.0,59,45,47,37,31,15,6,0
Measured,prefill-1024.sstrace,128,0,41,128,1280,192,6.666666666666667,3.0,25.44999999999999,73,71,44,35,20,14,6,2
Measured,prefill-1024.sstrace,128,1,41,128,1280,180,7.111111111111111,3.0,27.049999999999983,72,48,49,37,22,17,6,1
Measured,prefill-1024.sstrace,128,2,41,128,1280,179,7.150837988826815,4.0,27.099999999999994,64,44,38,53,26,11,6,1
Measured,prefill-1024.sstrace,128,3,41,128,1280,201,6.3681592039801,3.0,28.0,52,58,49,52,21,13,8,0
Measured,prefill-1024.sstrace,128,4,41,128,1280,204,6.2745098039215685,2.0,26.0,57,68,55,33,26,16,6,0
Measured,prefill-1024.sstrace,128,5,41,128,1280,199,6.432160804020101,3.0,26.099999999999994,45,65,43,43,26,17,5,0
Measured,prefill-1024.sstrace,128,6,41,128,1280,195,6.564102564102564,3.0,28.299999999999983,42,56,49,47,20,16,7,0
Measured,prefill-1024.sstrace,128,7,41,128,1280,216,5.925925925925926,2.5,26.25,50,74,52,46,19,21,4,0
Measured,prefill-1024.sstrace,128,0,42,128,1280,207,6.183574879227053,2.0,26.0,64,75,56,28,25,17,5,1
Measured,prefill-1024.sstrace,128,1,42,128,1280,188,6.808510638297872,3.0,27.650000000000006,53,57,48,36,23,18,6,0
Measured,prefill-1024.sstrace,128,2,42,128,1280,175,7.314285714285714,4.0,32.29999999999998,48,41,44,42,24,14,10,0
Measured,prefill-1024.sstrace,128,3,42,128,1280,205,6.2439024390243905,3.0,27.0,37,59,51,46,26,17,6,0
Measured,prefill-1024.sstrace,128,4,42,128,1280,186,6.881720430107527,3.0,26.75,45,55,43,40,20,21,7,0
Measured,prefill-1024.sstrace,128,5,42,128,1280,177,7.231638418079096,3.0,26.0,51,56,35,34,22,25,5,0
Measured,prefill-1024.sstrace,128,6,42,128,1280,177,7.231638418079096,3.0,28.0,54,52,42,35,21,22,5,0
Measured,prefill-1024.sstrace,128,7,42,128,1280,185,6.918918918918919,3.0,25.799999999999983,54,55,47,34,20,24,5,0
Measured,prefill-1024.sstrace,128,0,43,128,1280,201,6.3681592039801,3.0,30.0,68,64,52,44,22,10,8,1
Measured,prefill-1024.sstrace,128,1,43,128,1280,193,6.632124352331606,3.0,26.399999999999977,66,55,44,51,23,14,5,1
Measured,prefill-1024.sstrace,128,2,43,128,1280,194,6.597938144329897,3.5,25.69999999999999,62,50,47,52,22,17,6,0
Measured,prefill-1024.sstrace,128,3,43,128,1280,215,5.953488372093023,3.0,19.89999999999995,59,65,55,48,27,13,7,0
Measured,prefill-1024.sstrace,128,4,43,128,1280,196,6.530612244897959,3.0,26.25,60,57,46,47,24,17,5,0
Measured,prefill-1024.sstrace,128,5,43,128,1280,204,6.2745098039215685,3.0,23.0,57,57,55,42,28,16,6,0
Measured,prefill-1024.sstrace,128,6,43,128,1280,199,6.432160804020101,4.0,25.19999999999999,56,65,34,55,24,14,7,0
Measured,prefill-1024.sstrace,128,7,43,128,1280,201,6.3681592039801,3.0,26.0,62,54,56,47,20,18,6,0
Measured,prefill-1024.sstrace,128,0,44,128,1280,204,6.2745098039215685,3.0,24.849999999999994,75,68,56,32,29,11,7,1
Measured,prefill-1024.sstrace,128,1,44,128,1280,183,6.994535519125683,3.0,25.900000000000006,88,60,43,38,18,18,4,2
Measured,prefill-1024.sstrace,128,2,44,128,1280,188,6.808510638297872,3.0,26.650000000000006,80,57,50,40,19,17,3,2
Measured,prefill-1024.sstrace,128,3,44,128,1280,180,7.111111111111111,3.0,24.049999999999983,90,51,41,42,25,15,4,2
Measured,prefill-1024.sstrace,128,4,44,128,1280,179,7.150837988826815,3.0,27.19999999999999,82,44,51,40,20,19,3,2
Measured,prefill-1024.sstrace,128,5,44,128,1280,181,7.071823204419889,3.0,25.0,90,52,41,45,20,17,5,1
Measured,prefill-1024.sstrace,128,6,44,128,1280,179,7.150837988826815,3.0,28.099999999999994,84,55,38,34,27,18,6,1
Measured,prefill-1024.sstrace,128,7,44,128,1280,177,7.231638418079096,4.0,27.0,90,45,38,49,24,17,3,1
Measured,prefill-1024.sstrace,128,0,45,128,1280,197,6.49746192893401,2.0,28.0,76,60,56,34,28,12,6,1
Measured,prefill-1024.sstrace,128,1,45,128,1280,164,7.804878048780488,3.0,34.24999999999997,82,49,37,34,22,13,7,2
Measured,prefill-1024.sstrace,128,2,45,128,1280,178,7.191011235955056,3.0,35.0,69,50,56,33,17,12,8,2
Measured,prefill-1024.sstrace,128,3,45,128,1280,182,7.032967032967033,2.5,35.74999999999994,76,67,42,36,17,10,9,1
Measured,prefill-1024.sstrace,128,4,45,128,1280,171,7.485380116959064,3.0,35.5,86,60,36,36,19,11,7,2
Measured,prefill-1024.sstrace,128,5,45,128,1280,161,7.950310559006211,3.0,41.0,80,51,39,32,18,9,10,2
Measured,prefill-1024.sstrace,128,6,45,128,1280,162,7.901234567901234,3.0,39.94999999999999,78,50,39,34,18,9,10,2
Measured,prefill-1024.sstrace,128,7,45,128,1280,158,8.10126582278481,3.0,45.30000000000001,82,42,46,30,21,7,10,2
Measured,prefill-1024.sstrace,128,0,46,128,1280,191,6.701570680628272,3.0,20.0,78,60,46,43,24,11,4,3
Measured,prefill-1024.sstrace,128,1,46,128,1280,169,7.57396449704142,3.0,29.0,102,62,34,41,13,11,4,4
Measured,prefill-1024.sstrace,128,2,46,128,1280,155,8.258064516129032,3.0,42.19999999999993,99,53,31,37,15,7,8,4
Measured,prefill-1024.sstrace,128,3,46,128,1280,148,8.64864864864865,3.0,43.95000000000002,96,52,39,27,8,10,8,4
Measured,prefill-1024.sstrace,128,4,46,128,1280,137,9.343065693430656,3.0,41.99999999999983,101,41,43,24,8,11,4,6
Measured,prefill-1024.sstrace,128,5,46,128,1280,141,9.078014184397164,3.0,41.0,105,53,24,31,13,9,7,4
Measured,prefill-1024.sstrace,128,6,46,128,1280,145,8.827586206896552,3.0,37.39999999999995,100,46,37,29,14,6,9,4
Measured,prefill-1024.sstrace,128,7,46,128,1280,130,9.846153846153847,3.0,44.099999999999994,108,38,31,28,14,7,8,4
Measured,prefill-1024.sstrace,128,0,47,1,10,10,1.0,1.0,1.0,1,10,0,0,0,0,0,0
Measured,prefill-1024.sstrace,256,0,0,256,2560,213,12.018779342723004,9.0,28.0,85,19,14,14,104,55,6,1
Measured,prefill-1024.sstrace,256,1,0,256,2560,177,14.463276836158192,9.0,28.799999999999955,86,0,3,4,100,61,8,1
Measured,prefill-1024.sstrace,256,2,0,256,2560,176,14.545454545454545,9.0,29.0,74,1,1,2,102,62,7,1
Measured,prefill-1024.sstrace,256,3,0,256,2560,173,14.797687861271676,10.0,28.400000000000006,66,1,0,0,100,65,6,1
Measured,prefill-1024.sstrace,256,0,1,256,2560,174,14.71264367816092,9.0,40.69999999999999,108,12,11,27,60,48,13,3
Measured,prefill-1024.sstrace,256,1,1,256,2560,156,16.41025641025641,10.0,37.25,74,4,3,3,78,53,12,3
Measured,prefill-1024.sstrace,256,2,1,256,2560,155,16.516129032258064,10.0,37.0,81,0,3,4,77,57,13,1
Measured,prefill-1024.sstrace,256,3,1,256,2560,155,16.516129032258064,10.0,36.29999999999998,81,0,0,3,83,55,12,2
Measured,prefill-1024.sstrace,256,0,2,256,2560,181,14.143646408839778,9.0,45.0,105,26,18,31,53,29,20,4
Measured,prefill-1024.sstrace,256,1,2,256,2560,135,18.962962962962962,9.0,64.19999999999999,122,3,9,8,63,31,14,7
Measured,prefill-1024.sstrace,256,2,2,256,2560,126,20.317460317460316,9.0,75.0,145,3,1,11,65,25,14,7
Measured,prefill-1024.sstrace,256,3,2,256,2560,122,20.983606557377048,10.0,72.49999999999989,146,2,1,1,72,25,14,7
Measured,prefill-1024.sstrace,256,0,3,256,2560,177,14.463276836158192,8.0,55.39999999999998,81,31,17,34,41,27,22,5
Measured,prefill-1024.sstrace,256,1,3,256,2560,148,17.2972972972973,9.0,64.90000000000003,111,9,13,19,54,33,12,8
Measured,prefill-1024.sstrace,256,2,3,256,2560,150,17.066666666666666,9.0,56.54999999999998,88,4,6,10,73,37,15,5
Measured,prefill-1024.sstrace,256,3,3,256,2560,158,16.20253164556962,10.0,42.150000000000006,72,3,9,6,79,42,17,2
Measured,prefill-1024.sstrace,256,0,4,256,2560,164,15.609756097560975,9.0,49.0,97,22,11,31,48,24,26,2
Measured,prefill-1024.sstrace,256,1,4,256,2560,141,18.156028368794328,10.0,68.0,115,2,13,16,56,34,11,9
Measured,prefill-1024.sstrace,256,2,4,256,2560,139,18.41726618705036,9.0,53.99999999999994,99,7,3,14,61,31,18,5
Measured,prefill-1024.sstrace,256,3,4,256,2560,138,18.55072463768116,10.0,56.30000000000001,84,3,7,8,66,29,22,3
Measured,prefill-1024.sstrace,256,0,5,256,2560,180,14.222222222222221,9.0,43.04999999999998,86,25,22,27,45,38,20,3
Measured,prefill-1024.sstrace,256,1,5,256,2560,136,18.823529411764707,10.0,66.0,94,4,6,15,61,29,13,8
Measured,prefill-1024.sstrace,256,2,5,256,2560,136,18.823529411764707,9.5,63.75,88,5,6,14,64,23,17,7
Measured,prefill-1024.sstrace,256,3,5,256,2560,141,18.156028368794328,9.0,63.0,82,7,8,10,66,27,16,7
Measured,prefill-1024.sstrace,256,0,6,256,2560,226,11.327433628318584,7.0,43.25,72,32,31,53,57,34,18,1
Measured,prefill-1024.sstrace,256,1,6,256,2560,151,16.95364238410596,10.0,65.5,103,5,14,15,66,32,11,8
Measured,prefill-1024.sstrace,256,2,6,256,2560,141,18.156028368794328,11.0,54.0,113,4,8,10,61,39,13,6
Measured,prefill-1024.sstrace,256,3,6,256,2560,141,18.156028368794328,12.0,55.0,106,5,5,9,61,41,14,6
Measured,prefill-1024.sstrace,256,0,7,256,2560,204,12.549019607843137,7.0,48.849999999999994,65,29,26,51,48,26,23,1
Measured,prefill-1024.sstrace,256,1,7,256,2560,126,20.317460317460316,9.0,72.75,148,5,10,17,55,16,16,7
Measured,prefill-1024.sstrace,256,2,7,256,2560,133,19.24812030075188,9.0,68.59999999999988,144,6,15,12,53,25,15,7
Measured,prefill-1024.sstrace,256,3,7,256,2560,138,18.55072463768116,10.0,63.0,116,3,6,13,69,26,15,6
Measured,prefill-1024.sstrace,256,0,8,256,2560,184,13.91304347826087,8.0,48.54999999999998,76,32,20,35,40,32,22,3
Measured,prefill-1024.sstrace,256,1,8,256,2560,117,21.88034188034188,12.0,78.99999999999977,123,14,6,16,30,27,15,9
Measured,prefill-1024.sstrace,256,2,8,256,2560,106,24.150943396226417,18.0,71.25,137,5,6,10,27,37,12,9
Measured,prefill-1024.sstrace,256,3,8,256,2560,125,20.48,12.0,58.8,108,8,10,8,43,28,24,4
Measured,prefill-1024.sstrace,256,0,9,256,2560,166,15.421686746987952,8.0,49.75,112,26,24,29,30,31,22,4
Measured,prefill-1024.sstrace,256,1,9,256,2560,141,18.156028368794328,9.0,74.0,128,16,14,27,38,24,12,10
Measured,prefill-1024.sstrace,256,2,9,256,2560,140,18.285714285714285,9.0,63.04999999999998,129,6,11,22,50,30,14,7
Measured,prefill-1024.sstrace,256,3,9,256,2560,145,17.655172413793103,10.0,60.99999999999983,103,9,8,21,55,29,17,6
Measured,prefill-1024.sstrace,256,0,10,256,2560,202,12.673267326732674,7.0,41.89999999999998,104,36,25,44,49,27,17,4
Measured,prefill-1024.sstrace,256,1,10,256,2560,140,18.285714285714285,9.0,62.04999999999998,107,11,14,29,30,30,20,6
Measured,prefill-1024.sstrace,256,2,10,256,2560,120,21.333333333333332,13.5,62.39999999999998,142,7,6,21,29,34,17,6
Measured,prefill-1024.sstrace,256,3,10,256,2560,120,21.333333333333332,16.0,55.05,121,6,11,9,33,36,22,3
Measured,prefill-1024.sstrace,256,0,11,256,2560,193,13.264248704663212,8.0,44.19999999999993,81,26,36,32,43,32,22,2
Measured,prefill-1024.sstrace,256,1,11,256,2560,151,16.95364238410596,11.0,54.0,88,10,23,24,35,34,23,2
Measured,prefill-1024.sstrace,256,2,11,256,2560,120,21.333333333333332,14.5,65.34999999999998,122,5,12,21,24,32,17,9
Measured,prefill-1024.sstrace,256,3,11,256,2560,113,22.654867256637168,13.0,64.39999999999999,132,5,12,11,34,20,24,7
Measured,prefill-1024.sstrace,256,0,12,256,2560,223,11.47982062780269,6.0,40.89999999999998,92,28,55,44,44,32,16,4
Measured,prefill-1024.sstrace,256,1,12,256,2560,162,15.802469135802468,9.0,49.0,89,23,18,22,40,36,20,3
Measured,prefill-1024.sstrace,256,2,12,256,2560,129,19.844961240310077,10.0,61.39999999999998,108,9,12,15,39,28,21,5
Measured,prefill-1024.sstrace,256,3,12,256,2560,124,20.64516129032258,10.0,59.94999999999996,118,7,9,20,39,17,28,4
Measured,prefill-1024.sstrace,256,0,13,256,2560,197,12.99492385786802,6.0,45.39999999999998,88,30,33,47,34,30,20,3
Measured,prefill-1024.sstrace,256,1,13,256,2560,160,16.0,9.5,58.19999999999993,83,14,23,24,46,30,19,4
Measured,prefill-1024.sstrace,256,2,13,256,2560,130,19.692307692307693,12.0,58.55,98,4,7,22,41,30,23,3
Measured,prefill-1024.sstrace,256,3,13,256,2560,131,19.541984732824428,13.0,60.0,89,6,12,17,38,31,20,7
Measured,prefill-1024.sstrace,256,0,14,256,2560,211,12.132701421800947,6.0,39.0,119,35,39,41,44,29,21,2
Measured,prefill-1024.sstrace,256,1,14,256,2560,186,13.763440860215054,8.0,47.0,88,23,30,37,44,33,15,4
Measured,prefill-1024.sstrace,256,2,14,256,2560,158,16.20253164556962,10.0,47.75000000000003,91,12,12,20,49,47,14,4
Measured,prefill-1024.sstrace,256,3,14,256,2560,168,15.238095238095237,10.0,47.0,87,16,13,23,61,37,15,3
Measured,prefill-1024.sstrace,256,0,15,256,2560,177,14.463276836158192,7.0,65.0,157,38,27,28,41,23,10,10
Measured,prefill-1024.sstrace,256,1,15,256,2560,200,12.8,8.0,41.0,81,36,29,32,47,31,24,1
Measured,prefill-1024.sstrace,256,2,15,256,2560,172,14.883720930232558,9.0,50.0,115,15,29,20,56,31,18,3
Measured,prefill-1024.sstrace,256,3,15,256,2560,188,13.617021276595745,9.0,45.30000000000001,108,28,24,29,55,30,20,2
Measured,prefill-1024.sstrace,256,0,16,256,2560,194,13.195876288659793,6.0,55.04999999999998,118,38,36,36,40,17,22,5
Measured,prefill-1024.sstrace,256,1,16,256,2560,223,11.47982062780269,7.0,36.59999999999991,91,34,31,47,55,42,12,2
Measured,prefill-1024.sstrace,256,2,16,256,2560,194,13.195876288659793,8.0,43.0,89,27,24,43,42,38,18,2
Measured,prefill-1024.sstrace,256,3,16,256,2560,201,12.7363184079602,8.0,44.0,74,34,30,31,48,33,24,1
Measured,prefill-1024.sstrace,256,0,17,256,2560,225,11.377777777777778,5.0,38.79999999999998,109,44,38,53,38,31,16,5
Measured,prefill-1024.sstrace,256,1,17,256,2560,223,11.47982062780269,6.0,41.69999999999993,71,32,50,42,49,28,20,2
Measured,prefill-1024.sstrace,256,2,17,256,2560,186,13.763440860215054,9.0,38.0,100,18,25,28,63,30,19,3
Measured,prefill-1024.sstrace,256,3,17,256,2560,190,13.473684210526315,8.0,38.0,107,23,28,35,51,33,15,5
Measured,prefill-1024.sstrace,256,0,18,256,2560,218,11.743119266055047,6.0,49.14999999999998,89,45,38,42,49,21,17,6
Measured,prefill-1024.sstrace,256,1,18,256,2560,187,13.689839572192513,7.0,45.0,87,21,28,45,37,35,17,4
Measured,prefill-1024.sstrace,256,2,18,256,2560,151,16.95364238410596,9.0,55.5,111,6,26,26,37,31,20,5
Measured,prefill-1024.sstrace,256,3,18,256,2560,142,18.028169014084508,10.5,55.799999999999955,91,14,11,20,39,33,21,4
Measured,prefill-1024.sstrace,256,0,19,256,2560,222,11.531531531531531,5.0,53.74999999999994,110,42,48,40,45,27,12,8
Measured,prefill-1024.sstrace,256,1,19,256,2560,223,11.47982062780269,7.0,40.69999999999993,82,28,41,47,55,36,11,5
Measured,prefill-1024.sstrace,256,2,19,256,2560,194,13.195876288659793,8.0,42.349999999999994,123,23,23,42,52,35,16,3
Measured,prefill-1024.sstrace,256,3,19,256,2560,195,13.128205128205128,8.0,42.29999999999998,126,30,31,30,46,39,15,4
Measured,prefill-1024.sstrace,256,0,20,256,2560,220,11.636363636363637,5.0,46.099999999999966,116,43,44,43,43,27,16,4
Measured,prefill-1024.sstrace,256,1,20,256,2560,224,11.428571428571429,6.0,37.849999999999994,119,39,33,50,56,26,18,2
Measured,prefill-1024.sstrace,256,2,20,256,2560,202,12.673267326732674,8.5,35.0,86,27,24,44,52,38,13,4
Measured,prefill-1024.sstrace,256,3,20,256,2560,216,11.851851851851851,7.0,43.0,88,41,34,39,47,37,12,6
Measured,prefill-1024.sstrace,256,0,21,256,2560,232,11.03448275862069,4.0,40.44999999999999,114,47,61,34,42,29,11,8
Measured,prefill-1024.sstrace,256,1,21,256,2560,181,14.143646408839778,6.0,61.0,118,36,38,29,31,22,17,8
Measured,prefill-1024.sstrace,256,2,21,256,2560,168,15.238095238095237,8.0,59.30000000000001,109,24,24,33,36,33,11,7
Measured,prefill-1024.sstrace,256,3,21,256,2560,178,14.382022471910112,8.0,57.30000000000001,98,22,33,27,48,27,14,7
Measured,prefill-1024.sstrace,256,0,22,256,2560,256,10.0,4.0,41.25,114,42,78,54,43,17,17,5
Measured,prefill-1024.sstrace,256,1,22,256,2560,169,15.14792899408284,7.0,62.99999999999997,148,26,35,25,39,20,15,9
Measured,prefill-1024.sstrace,256,2,22,256,2560,148,17.2972972972973,10.0,56.650000000000006,121,9,21,22,47,25,17,7
Measured,prefill-1024.sstrace,256,3,22,256,2560,162,15.802469135802468,9.0,49.0,101,26,15,28,36,32,21,4
Measured,prefill-1024.sstrace,256,0,23,256,2560,213,12.018779342723004,5.0,48.799999999999955,135,49,42,40,35,26,13,8
Measured,prefill-1024.sstrace,256,1,23,256,2560,221,11.583710407239819,6.0,42.0,114,50,33,37,55,28,12,6
Measured,prefill-1024.sstrace,256,2,23,256,2560,216,11.851851851851851,7.0,42.0,89,38,45,30,49,36,13,5
Measured,prefill-1024.sstrace,256,3,23,256,2560,212,12.075471698113208,7.0,41.89999999999998,77,36,43,32,47,32,19,3
Measured,prefill-1024.sstrace,256,0,24,256,2560,218,11.743119266055047,4.0,49.14999999999998,108,48,48,43,31,25,18,5
Measured,prefill-1024.sstrace,256,1,24,256,2560,207,12.367149758454106,6.0,43.69999999999999,117,36,49,30,40,32,16,4
Measured,prefill-1024.sstrace,256,2,24,256,2560,199,12.864321608040202,7.0,44.0,122,32,33,36,45,35,14,4
Measured,prefill-1024.sstrace,256,3,24,256,2560,202,12.673267326732674,6.5,41.94999999999999,116,34,38,37,42,33,14,4
Measured,prefill-1024.sstrace,256,0,25,256,2560,205,12.487804878048781,4.0,52.599999999999966,119,46,45,39,26,22,22,5
Measured,prefill-1024.sstrace,256,1,25,256,2560,226,11.327433628318584,5.0,42.5,86,50,41,45,43,23,18,6
Measured,prefill-1024.sstrace,256,2,25,256,2560,228,11.228070175438596,6.0,43.64999999999998,88,37,44,54,43,29,19,2
Measured,prefill-1024.sstrace,256,3,25,256,2560,239,10.711297071129707,6.0,40.099999999999994,78,43,46,46,53,33,14,4
Measured,prefill-1024.sstrace,256,0,26,256,2560,233,10.987124463519313,5.0,41.39999999999998,83,47,49,45,43,25,19,5
Measured,prefill-1024.sstrace,256,1,26,256,2560,220,11.636363636363637,7.0,36.14999999999995,84,40,39,34,47,47,10,3
Measured,prefill-1024.sstrace,256,2,26,256,2560,216,11.851851851851851,7.0,41.5,80,36,32,45,47,34,20,2
Measured,prefill-1024.sstrace,256,3,26,256,2560,221,11.583710407239819,7.0,43.0,78,36,37,44,54,26,23,1
Measured,prefill-1024.sstrace,256,0,27,256,2560,225,11.377777777777778,4.0,48.999999999999915,80,54,47,41,29,29,20,5
Measured,prefill-1024.sstrace,256,1,27,256,2560,241,10.622406639004149,6.0,44.0,68,43,48,55,47,29,16,3
Measured,prefill-1024.sstrace,256,2,27,256,2560,222,11.531531531531531,6.0,43.0,80,34,46,42,50,30,18,2
Measured,prefill-1024.sstrace,256,3,27,256,2560,243,10.534979423868313,6.0,43.799999999999955,77,46,45,52,56,23,18,3
Measured,prefill-1024.sstrace,256,0,28,256,2560,231,11.082251082251082,5.0,43.0,97,54,42,41,41,31,19,3
Measured,prefill-1024.sstrace,256,1,28,256,2560,211,12.132701421800947,6.0,44.0,116,46,37,45,29,30,20,4
Measured,prefill-1024.sstrace,256,2,28,256,2560,196,13.061224489795919,5.0,45.75,109,40,30,37,33,36,16,4
Measured,prefill-1024.sstrace,256,3,28,256,2560,198,12.929292929292929,6.0,39.44999999999993,85,35,33,41,34,29,22,4
Measured,prefill-1024.sstrace,256,0,29,256,2560,239,10.711297071129707,5.0,39.19999999999999,113,43,59,49,46,24,14,4
Measured,prefill-1024.sstrace,256,1,29,256,2560,224,11.428571428571429,6.0,34.849999999999994,141,32,48,44,44,41,12,3
Measured,prefill-1024.sstrace,256,2,29,256,2560,233,10.987124463519313,6.0,32.799999999999955,127,46,48,34,49,42,11,3
Measured,prefill-1024.sstrace,256,3,29,256,2560,230,11.130434782608695,6.0,35.54999999999998,104,35,50,42,45,41,15,2
Measured,prefill-1024.sstrace,256,0,30,256,2560,268,9.552238805970148,5.0,35.0,126,57,62,54,43,36,13,3
Measured,prefill-1024.sstrace,256,1,30,256,2560,277,9.24187725631769,5.0,31.19999999999999,103,47,66,53,64,33,12,2
Measured,prefill-1024.sstrace,256,2,30,256,2560,275,9.309090909090909,5.0,30.30000000000001,83,48,62,53,62,38,10,2
Measured,prefill-1024.sstrace,256,3,30,256,2560,278,9.20863309352518,5.0,31.149999999999977,71,48,67,54,58,37,13,1
Measured,prefill-1024.sstrace,256,0,31,256,2560,178,14.382022471910112,6.0,53.30000000000001,119,26,42,25,37,26,16,6
Measured,prefill-1024.sstrace,256,1,31,256,2560,169,15.14792899408284,7.0,55.19999999999999,120,25,32,29,32,30,13,8
Measured,prefill-1024.sstrace,256,2,31,256,2560,192,13.333333333333334,5.5,48.0,100,33,38,39,32,27,18,5
Measured,prefill-1024.sstrace,256,3,31,256,2560,219,11.689497716894977,5.0,48.0,84,45,44,40,39,26,22,3
Measured,prefill-1024.sstrace,256,0,32,256,2560,224,11.428571428571429,4.0,46.849999999999994,117,51,50,42,32,25,18,6
Measured,prefill-1024.sstrace,256,1,32,256,2560,216,11.851851851851851,6.0,41.25,113,35,45,47,40,28,17,4
Measured,prefill-1024.sstrace,256,2,32,256,2560,239,10.711297071129707,4.0,45.0,91,48,62,43,37,26,19,4
Measured,prefill-1024.sstrace,256,3,32,256,2560,234,10.94017094017094,5.0,46.349999999999994,74,51,44,51,35,29,19,5
Measured,prefill-1024.sstrace,256,0,33,256,2560,248,10.32258064516129,5.0,36.94999999999993,67,44,50,61,38,35,19,1
Measured,prefill-1024.sstrace,256,1,33,256,2560,243,10.534979423868313,5.0,36.799999999999955,58,48,36,54,51,35,19,0
Measured,prefill-1024.sstrace,256,2,33,256,2560,247,10.364372469635628,6.0,37.39999999999998,78,38,48,61,45,39,15,1
Measured,prefill-1024.sstrace,256,3,33,256,2560,257,9.961089494163424,5.0,38.19999999999999,88,51,45,66,44,33,16,2
Measured,prefill-1024.sstrace,256,0,34,256,2560,234,10.94017094017094,5.0,42.349999999999994,156,52,44,53,41,28,13,3
Measured,prefill-1024.sstrace,256,1,34,256,2560,208,12.307692307692308,5.0,45.0,151,34,49,36,43,29,12,5
Measured,prefill-1024.sstrace,256,2,34,256,2560,222,11.531531531531531,5.0,48.74999999999994,129,45,48,41,41,27,17,3
Measured,prefill-1024.sstrace,256,3,34,256,2560,220,11.636363636363637,5.0,45.19999999999993,102,45,48,41,35,28,16,7
Measured,prefill-1024.sstrace,256,0,35,256,2560,231,11.082251082251082,5.0,43.5,108,40,49,54,43,23,17,5
Measured,prefill-1024.sstrace,256,1,35,256,2560,226,11.327433628318584,6.0,40.75,85,40,41,52,38,36,16,3
Measured,prefill-1024.sstrace,256,2,35,256,2560,234,10.94017094017094,5.0,40.349999999999994,75,44,47,54,33,33,19,4
Measured,prefill-1024.sstrace,256,3,35,256,2560,247,10.364372469635628,5.0,39.099999999999966,77,54,48,59,33,35,13,5
Measured,prefill-1024.sstrace,256,0,36,256,2560,214,11.962616822429906,6.0,43.349999999999994,153,44,39,41,45,23,19,3
Measured,prefill-1024.sstrace,256,1,36,256,2560,216,11.851851851851851,5.5,40.25,123,41,41,53,30,31,17,3
Measured,prefill-1024.sstrace,256,2,36,256,2560,217,11.797235023041475,5.0,50.19999999999999,110,47,44,39,41,19,25,2
Measured,prefill-1024.sstrace,256,3,36,256,2560,220,11.636363636363637,5.0,50.099999999999966,83,51,40,46,35,25,16,7
Measured,prefill-1024.sstrace,256,0,37,256,2560,263,9.73384030418251,4.0,37.0,151,55,68,55,38,26,19,2
Measured,prefill-1024.sstrace,256,1,37,256,2560,235,10.893617021276595,5.0,40.29999999999998,149,49,51,47,42,24,19,3
Measured,prefill-1024.sstrace,256,2,37,256,2560,231,11.082251082251082,4.0,49.0,129,56,42,51,37,25,14,6
Measured,prefill-1024.sstrace,256,3,37,256,2560,222,11.531531531531531,4.0,47.0,103,50,40,52,34,23,15,8
Measured,prefill-1024.sstrace,256,0,38,256,2560,278,9.20863309352518,4.0,34.14999999999998,147,61,77,57,46,22,9,6
Measured,prefill-1024.sstrace,256,1,38,256,2560,224,11.428571428571429,4.0,43.849999999999994,151,52,48,51,34,18,13,8
Measured,prefill-1024.sstrace,256,2,38,256,2560,205,12.487804878048781,4.0,54.7999999999999,145,40,45,52,30,16,13,9
Measured,prefill-1024.sstrace,256,3,38,256,2560,225,11.377777777777778,4.0,43.39999999999995,128,58,37,57,34,16,14,9
Measured,prefill-1024.sstrace,256,0,39,256,2560,211,12.132701421800947,6.0,46.0,121,42,38,47,36,25,17,6
Measured,prefill-1024.sstrace,256,1,39,256,2560,200,12.8,5.5,49.099999999999966,112,36,40,42,29,28,19,6
Measured,prefill-1024.sstrace,256,2,39,256,2560,203,12.610837438423646,6.0,46.0,98,40,43,27,40,31,17,5
Measured,prefill-1024.sstrace,256,3,39,256,2560,203,12.610837438423646,6.0,48.69999999999993,99,43,35,33,41,30,15,6
Measured,prefill-1024.sstrace,256,0,40,256,2560,236,10.847457627118644,3.0,47.0,147,62,62,40,35,14,14,9
Measured,prefill-1024.sstrace,256,1,40,256,2560,211,12.132701421800947,5.0,50.0,126,46,41,44,31,27,15,7
Measured,prefill-1024.sstrace,256,2,40,256,2560,221,11.583710407239819,4.0,50.0,108,55,45,35,40,20,20,6
Measured,prefill-1024.sstrace,256,3,40,256,2560,229,11.179039301310043,4.0,48.599999999999994,113,56,50,39,37,27,14,6
Measured,prefill-1024.sstrace,256,0,41,256,2560,226,11.327433628318584,4.0,48.25,145,53,49,51,33,20,12,8
Measured,prefill-1024.sstrace,256,1,41,256,2560,220,11.636363636363637,5.0,54.04999999999998,116,36,52,45,43,25,11,8
Measured,prefill-1024.sstrace,256,2,41,256,2560,239,10.711297071129707,4.0,46.29999999999998,102,57,58,44,37,18,18,7
Measured,prefill-1024.sstrace,256,3,41,256,2560,244,10.491803278688524,4.0,52.39999999999998,92,58,53,51,40,17,19,6
Measured,prefill-1024.sstrace,256,0,42,256,2560,251,10.199203187250996,3.0,48.5,116,63,73,40,30,23,16,6
Measured,prefill-1024.sstrace,256,1,42,256,2560,224,11.428571428571429,5.0,53.69999999999999,77,38,49,57,33,23,15,9
Measured,prefill-1024.sstrace,256,2,42,256,2560,217,11.797235023041475,4.0,51.39999999999998,91,53,47,32,36,19,26,4
Measured,prefill-1024.sstrace,256,3,42,256,2560,218,11.743119266055047,4.0,53.0,108,60,38,39,33,20,24,4
Measured,prefill-1024.sstrace,256,0,43,256,2560,240,10.666666666666666,5.0,43.2999999999999,134,58,44,60,38,20,12,8
Measured,prefill-1024.sstrace,256,1,43,256,2560,244,10.491803278688524,5.0,41.69999999999999,121,50,57,50,42,23,15,7
Measured,prefill-1024.sstrace,256,2,43,256,2560,235,10.893617021276595,4.0,45.19999999999993,108,48,55,42,43,24,18,5
Measured,prefill-1024.sstrace,256,3,43,256,2560,236,10.847457627118644,4.5,46.0,118,52,50,40,53,19,17,5
Measured,prefill-1024.sstrace,256,0,44,256,2560,244,10.491803278688524,3.0,44.849999999999994,163,59,65,49,30,19,16,6
Measured,prefill-1024.sstrace,256,1,44,256,2560,226,11.327433628318584,4.0,48.75,170,59,52,32,44,18,16,5
Measured,prefill-1024.sstrace,256,2,44,256,2560,217,11.797235023041475,5.0,49.0,172,47,49,46,32,22,17,4
Measured,prefill-1024.sstrace,256,3,44,256,2560,222,11.531531531531531,4.0,47.849999999999966,174,68,32,37,39,24,18,4
Measured,prefill-1024.sstrace,256,0,45,256,2560,227,11.277533039647578,3.0,44.69999999999999,158,52,64,32,39,20,12,8
Measured,prefill-1024.sstrace,256,1,45,256,2560,215,11.906976744186046,4.0,60.29999999999998,145,46,61,38,32,18,10,10
Measured,prefill-1024.sstrace,256,2,45,256,2560,199,12.864321608040202,4.0,67.1,166,52,42,41,27,16,10,11
Measured,prefill-1024.sstrace,256,3,45,256,2560,191,13.403141361256544,4.0,75.5,160,47,36,43,27,18,8,12
Measured,prefill-1024.sstrace,256,0,46,256,2560,237,10.80168776371308,3.0,42.599999999999966,180,73,51,38,37,21,10,7
Measured,prefill-1024.sstrace,256,1,46,256,2560,195,13.128205128205128,3.0,72.09999999999988,195,65,38,34,28,10,8,12
Measured,prefill-1024.sstrace,256,2,46,256,2560,174,14.71264367816092,3.0,72.0,206,50,40,28,27,9,8,12
Measured,prefill-1024.sstrace,256,3,46,256,2560,167,15.32934131736527,4.0,73.69999999999999,206,46,35,29,26,12,7,12
Measured,prefill-1024.sstrace,256,0,47,1,10,10,1.0,1.0,1.0,1,10,0,0,0,0,0,0
Measured,prefill-1024.sstrace,512,0,0,512,5120,217,23.59447004608295,18.0,55.19999999999999,171,17,13,10,13,101,55,8
Measured,prefill-1024.sstrace,512,1,0,512,5120,176,29.09090909090909,19.0,56.0,140,1,1,1,1,102,62,8
Measured,prefill-1024.sstrace,512,0,1,512,5120,184,27.82608695652174,18.0,76.39999999999998,179,13,9,9,20,70,50,13
Measured,prefill-1024.sstrace,512,1,1,512,5120,157,32.611464968152866,19.0,73.19999999999999,162,0,1,3,4,79,55,15
Measured,prefill-1024.sstrace,512,0,2,512,5120,191,26.80628272251309,18.0,95.0,178,22,19,15,31,55,28,21
Measured,prefill-1024.sstrace,512,1,2,512,5120,128,40.0,19.0,142.49999999999974,291,1,1,7,7,67,24,21
Measured,prefill-1024.sstrace,512,0,3,512,5120,197,25.98984771573604,16.0,102.59999999999997,178,24,17,21,36,48,31,20
Measured,prefill-1024.sstrace,512,1,3,512,5120,161,31.801242236024844,19.0,102.0,153,4,5,4,18,71,40,19
Measured,prefill-1024.sstrace,512,0,4,512,5120,181,28.287292817679557,18.0,114.0,177,16,13,19,21,59,35,18
Measured,prefill-1024.sstrace,512,1,4,512,5120,146,35.06849315068493,19.0,105.75,183,3,5,8,15,60,29,26
Measured,prefill-1024.sstrace,512,0,5,512,5120,198,25.858585858585858,18.0,100.59999999999991,159,21,13,25,33,58,29,19
Measured,prefill-1024.sstrace,512,1,5,512,5120,152,33.68421052631579,19.0,124.34999999999997,167,7,7,14,13,66,22,23
Measured,prefill-1024.sstrace,512,0,6,512,5120,244,20.983606557377048,13.0,77.69999999999999,146,28,26,37,47,64,22,20
Measured,prefill-1024.sstrace,512,1,6,512,5120,149,34.36241610738255,21.0,108.39999999999995,219,4,2,11,16,56,42,18
Measured,prefill-1024.sstrace,512,0,7,512,5120,221,23.167420814479637,12.0,98.0,213,25,25,43,43,40,25,20
Measured,prefill-1024.sstrace,512,1,7,512,5120,149,34.36241610738255,19.0,124.39999999999998,260,5,9,10,23,57,24,21
Measured,prefill-1024.sstrace,512,0,8,512,5120,199,25.728643216080403,14.0,100.29999999999998,186,33,15,18,42,36,36,19
Measured,prefill-1024.sstrace,512,1,8,512,5120,130,39.38461538461539,22.5,116.94999999999997,245,6,11,8,17,29,34,25
Measured,prefill-1024.sstrace,512,0,9,512,5120,209,24.497607655502392,13.0,91.59999999999991,197,31,19,30,39,41,28,21
Measured,prefill-1024.sstrace,512,1,9,512,5120,165,31.03030303030303,18.0,119.7999999999999,213,8,8,19,33,49,27,21
Measured,prefill-1024.sstrace,512,0,10,512,5120,240,21.333333333333332,10.0,83.04999999999998,123,29,21,46,50,45,25,24
Measured,prefill-1024.sstrace,512,1,10,512,5120,140,36.57142857142857,21.0,108.04999999999998,249,8,7,15,23,33,30,24
Measured,prefill-1024.sstrace,512,0,11,512,5120,236,21.694915254237287,12.0,69.25,169,23,28,35,46,41,47,16
Measured,prefill-1024.sstrace,512,1,11,512,5120,132,38.78787878787879,21.5,129.84999999999985,254,7,7,15,19,33,23,28
Measured,prefill-1024.sstrace,512,0,12,512,5120,267,19.176029962546817,9.0,68.69999999999999,164,31,48,34,52,43,43,16
Measured,prefill-1024.sstrace,512,1,12,512,5120,146,35.06849315068493,19.0,116.75,226,8,13,18,20,34,23,30
Measured,prefill-1024.sstrace,512,0,13,512,5120,243,21.069958847736626,12.0,69.69999999999993,126,27,33,33,47,51,36,16
Measured,prefill-1024.sstrace,512,1,13,512,5120,149,34.36241610738255,21.0,117.6,166,4,11,21,18,36,33,26
Measured,prefill-1024.sstrace,512,0,14,512,5120,269,19.033457249070633,10.0,77.19999999999999,142,31,44,40,60,41,35,18
Measured,prefill-1024.sstrace,512,1,14,512,5120,187,27.379679144385026,19.0,83.69999999999987,178,14,14,23,24,55,41,16
Measured,prefill-1024.sstrace,512,0,15,512,5120,247,20.728744939271255,10.0,68.49999999999994,215,42,29,38,45,38,40,15
Measured,prefill-1024.sstrace,512,1,15,512,5120,217,23.59447004608295,14.0,81.19999999999999,223,28,31,22,32,50,34,20
Measured,prefill-1024.sstrace,512,0,16,512,5120,274,18.686131386861312,9.0,75.69999999999993,159,40,35,44,61,47,27,20
Measured,prefill-1024.sstrace,512,1,16,512,5120,234,21.88034188034188,12.0,80.0,136,30,34,33,37,44,34,22
Measured,prefill-1024.sstrace,512,0,17,512,5120,292,17.534246575342465,8.0,64.89999999999998,166,41,49,48,54,46,38,16
Measured,prefill-1024.sstrace,512,1,17,512,5120,219,23.378995433789953,13.0,74.1,207,28,25,25,40,45,36,20
Measured,prefill-1024.sstrace,512,0,18,512,5120,269,19.033457249070633,9.0,79.39999999999998,123,32,45,42,59,42,26,23
Measured,prefill-1024.sstrace,512,1,18,512,5120,163,31.411042944785276,18.0,102.80000000000001,202,8,20,14,25,40,31,25
Measured,prefill-1024.sstrace,512,0,19,512,5120,292,17.534246575342465,8.0,67.0,178,43,43,52,62,50,25,17
Measured,prefill-1024.sstrace,512,1,19,512,5120,221,23.167420814479637,14.0,74.0,249,34,14,33,39,51,33,17
Measured,prefill-1024.sstrace,512,0,20,512,5120,285,17.964912280701753,8.0,72.0,235,43,43,50,59,47,23,20
Measured,prefill-1024.sstrace,512,1,20,512,5120,242,21.15702479338843,11.0,71.0,169,39,24,39,38,45,39,18
Measured,prefill-1024.sstrace,512,0,21,512,5120,282,18.156028368794328,5.5,85.44999999999987,198,49,68,36,48,41,17,23
Measured,prefill-1024.sstrace,512,1,21,512,5120,196,26.122448979591837,13.0,111.5,207,20,30,22,35,39,31,19
Measured,prefill-1024.sstrace,512,0,22,512,5120,295,17.35593220338983,5.0,72.20000000000027,262,46,68,60,50,27,25,19
Measured,prefill-1024.sstrace,512,1,22,512,5120,173,29.595375722543352,17.0,99.80000000000004,222,20,16,15,31,36,30,25
Measured,prefill-1024.sstrace,512,0,23,512,5120,274,18.686131386861312,7.0,67.74999999999983,249,58,42,42,48,37,32,15
Measured,prefill-1024.sstrace,512,1,23,512,5120,246,20.8130081300813,10.0,80.5,157,37,32,43,41,38,37,18
Measured,prefill-1024.sstrace,512,0,24,512,5120,269,19.033457249070633,6.0,86.79999999999998,225,48,49,48,41,32,30,21
Measured,prefill-1024.sstrace,512,1,24,512,5120,232,22.06896551724138,10.0,83.44999999999999,232,30,42,32,36,39,36,17
Measured,prefill-1024.sstrace,512,0,25,512,5120,269,19.033457249070633,6.0,84.39999999999995,205,54,45,51,36,34,28,21
Measured,prefill-1024.sstrace,512,1,25,512,5120,269,19.033457249070633,9.0,81.19999999999996,166,39,41,36,57,50,25,21
Measured,prefill-1024.sstrace,512,0,26,512,5120,277,18.48375451263538,9.0,71.59999999999997,167,42,46,39,54,45,34,17
Measured,prefill-1024.sstrace,512,1,26,512,5120,241,21.244813278008298,11.0,77.0,134,32,25,36,48,47,31,22
Measured,prefill-1024.sstrace,512,0,27,512,5120,286,17.902097902097903,7.0,85.75,139,51,52,46,51,39,27,20
Measured,prefill-1024.sstrace,512,1,27,512,5120,262,19.541984732824428,9.0,85.59999999999991,144,38,31,47,50,51,23,22
Measured,prefill-1024.sstrace,512,0,28,512,5120,271,18.8929889298893,7.0,72.0,213,47,53,41,37,44,31,18
Measured,prefill-1024.sstrace,512,1,28,512,5120,222,23.063063063063062,10.0,82.89999999999998,194,37,28,29,38,37,32,21
Measured,prefill-1024.sstrace,512,0,29,512,5120,273,18.754578754578755,9.0,66.79999999999995,249,38,43,43,51,57,25,16
Measured,prefill-1024.sstrace,512,1,29,512,5120,259,19.768339768339768,9.0,62.099999999999994,231,30,45,41,42,44,45,12
Measured,prefill-1024.sstrace,512,0,30,512,5120,309,16.56957928802589,8.0,65.19999999999993,229,37,55,53,70,51,25,18
Measured,prefill-1024.sstrace,512,1,30,512,5120,309,16.56957928802589,8.0,56.7999999999999,154,35,54,58,52,59,38,13
Measured,prefill-1024.sstrace,512,0,31,512,5120,199,25.728643216080403,10.0,93.6999999999999,228,23,30,36,25,36,28,21
Measured,prefill-1024.sstrace,512,1,31,512,5120,239,21.422594142259413,8.0,90.39999999999998,182,45,33,36,42,32,23,28
Measured,prefill-1024.sstrace,512,0,32,512,5120,252,20.317460317460316,9.0,85.0,230,38,40,41,50,38,23,22
Measured,prefill-1024.sstrace,512,1,32,512,5120,272,18.823529411764707,7.0,90.34999999999997,165,42,51,47,49,34,25,24
Measured,prefill-1024.sstrace,512,0,33,512,5120,282,18.156028368794328,9.0,74.84999999999997,121,44,41,44,60,42,34,17
Measured,prefill-1024.sstrace,512,1,33,512,5120,292,17.534246575342465,8.0,70.79999999999995,166,52,42,43,56,47,35,17
Measured,prefill-1024.sstrace,512,0,34,512,5120,270,18.962962962962962,7.0,74.64999999999995,304,44,47,47,49,37,29,17
Measured,prefill-1024.sstrace,512,1,34,512,5120,250,20.48,7.5,83.54999999999998,231,37,43,45,40,38,25,22
Measured,prefill-1024.sstrace,512,0,35,512,5120,270,18.962962962962962,8.0,77.94999999999985,193,43,44,38,56,35,36,18
Measured,prefill-1024.sstrace,512,1,35,512,5120,276,18.55072463768116,8.0,72.0,142,54,35,46,53,38,30,20
Measured,prefill-1024.sstrace,512,0,36,512,5120,249,20.562248995983936,9.0,80.19999999999996,276,42,42,33,43,38,30,21
Measured,prefill-1024.sstrace,512,1,36,512,5120,247,20.728744939271255,7.0,93.19999999999993,193,43,39,43,43,32,24,23
Measured,prefill-1024.sstrace,512,0,37,512,5120,305,16.78688524590164,6.0,72.60000000000002,300,53,69,46,50,42,27,18
Measured,prefill-1024.sstrace,512,1,37,512,5120,263,19.46768060836502,6.0,93.79999999999973,232,50,43,49,36,40,25,20
Measured,prefill-1024.sstrace,512,0,38,512,5120,300,17.066666666666666,6.0,69.25000000000006,295,43,67,61,58,35,20,16
Measured,prefill-1024.sstrace,512,1,38,512,5120,253,20.23715415019763,7.0,78.19999999999993,273,49,49,36,48,33,17,21
Measured,prefill-1024.sstrace,512,0,39,512,5120,242,21.15702479338843,7.5,84.94999999999999,231,46,31,44,35,39,25,22
Measured,prefill-1024.sstrace,512,1,39,512,5120,229,22.358078602620086,10.0,92.19999999999996,189,39,35,30,40,37,25,23
Measured,prefill-1024.sstrace,512,0,40,512,5120,262,19.541984732824428,6.0,84.79999999999995,273,51,52,39,46,32,20,22
Measured,prefill-1024.sstrace,512,1,40,512,5120,270,18.962962962962962,5.0,92.09999999999997,201,56,57,40,37,36,22,22
Measured,prefill-1024.sstrace,512,0,41,512,5120,265,19.32075471698113,6.0,85.59999999999997,261,42,54,46,48,34,22,19
Measured,prefill-1024.sstrace,512,1,41,512,5120,276,18.55072463768116,6.0,87.5,179,49,52,50,44,37,22,22
Measured,prefill-1024.sstrace,512,0,42,512,5120,282,18.156028368794328,6.0,98.19999999999982,193,43,60,51,57,27,23,21
Measured,prefill-1024.sstrace,512,1,42,512,5120,264,19.393939393939394,5.0,98.24999999999997,199,60,51,39,36,28,22,28
Measured,prefill-1024.sstrace,512,0,43,512,5120,283,18.091872791519435,7.0,80.89999999999998,255,48,48,51,54,45,18,19
Measured,prefill-1024.sstrace,512,1,43,512,5120,274,18.686131386861312,6.0,85.0,215,45,55,45,41,46,21,21
Measured,prefill-1024.sstrace,512,0,44,512,5120,279,18.351254480286737,6.0,85.39999999999952,311,41,72,43,51,33,18,21
Measured,prefill-1024.sstrace,512,1,44,512,5120,254,20.15748031496063,6.0,89.35,346,52,46,40,36,37,22,21
Measured,prefill-1024.sstrace,512,0,45,512,5120,266,19.24812030075188,5.0,93.5,285,43,62,48,43,33,17,20
Measured,prefill-1024.sstrace,512,1,45,512,5120,227,22.555066079295155,6.0,130.59999999999957,326,48,35,43,39,23,20,19
Measured,prefill-1024.sstrace,512,0,46,512,5120,267,19.176029962546817,4.0,87.2999999999999,375,59,67,42,36,32,13,18
Measured,prefill-1024.sstrace,512,1,46,512,5120,198,25.858585858585858,5.0,138.29999999999995,390,39,40,36,26,29,8,20
Measured,prefill-1024.sstrace,512,0,47,1,10,10,1.0,1.0,1.0,1,10,0,0,0,0,0,0
Measured,prefill-1024.sstrace,1024,0,0,1024,10240,218,46.972477064220186,37.0,111.0,311,17,12,6,7,13,94,69
Measured,prefill-1024.sstrace,1024,0,1,1024,10240,191,53.61256544502618,37.0,147.5,306,11,8,10,12,11,79,60
Measured,prefill-1024.sstrace,1024,0,2,1024,10240,201,50.9452736318408,31.0,181.0,469,22,17,13,18,31,54,46
Measured,prefill-1024.sstrace,1024,0,3,1024,10240,221,46.334841628959275,31.0,169.0,331,21,16,9,23,43,58,51
Measured,prefill-1024.sstrace,1024,0,4,1024,10240,192,53.333333333333336,35.0,184.45,360,15,6,11,18,35,57,50
Measured,prefill-1024.sstrace,1024,0,5,1024,10240,227,45.11013215859031,29.0,197.0,308,24,16,23,21,41,60,42
Measured,prefill-1024.sstrace,1024,0,6,1024,10240,260,39.38461538461539,22.5,143.09999999999997,345,28,20,33,37,33,63,46
Measured,prefill-1024.sstrace,1024,0,7,1024,10240,248,41.29032258064516,18.5,186.89999999999986,473,23,24,38,29,45,46,43
Measured,prefill-1024.sstrace,1024,0,8,1024,10240,238,43.02521008403362,19.0,163.29999999999995,383,31,24,18,39,34,37,55
Measured,prefill-1024.sstrace,1024,0,9,1024,10240,262,39.083969465648856,21.5,145.0,341,28,15,29,36,63,45,46
Measured,prefill-1024.sstrace,1024,0,10,1024,10240,284,36.056338028169016,16.0,129.69999999999993,364,31,25,37,46,53,37,55
Measured,prefill-1024.sstrace,1024,0,11,1024,10240,257,39.8443579766537,20.0,159.19999999999993,323,20,20,29,40,48,51,49
Measured,prefill-1024.sstrace,1024,0,12,1024,10240,296,34.5945945945946,13.0,142.0,290,30,48,37,41,42,45,53
Measured,prefill-1024.sstrace,1024,0,13,1024,10240,271,37.7859778597786,20.0,141.0,244,24,28,40,31,45,54,49
Measured,prefill-1024.sstrace,1024,0,14,1024,10240,302,33.90728476821192,16.5,114.84999999999997,316,29,33,35,50,46,59,50
Measured,prefill-1024.sstrace,1024,0,15,1024,10240,295,34.71186440677966,16.0,139.80000000000007,268,28,39,28,51,43,55,51
Measured,prefill-1024.sstrace,1024,0,16,1024,10240,327,31.31498470948012,13.0,117.49999999999994,245,45,35,39,55,43,66,44
Measured,prefill-1024.sstrace,1024,0,17,1024,10240,329,31.124620060790274,15.0,123.7999999999999,271,33,39,47,48,60,55,47
Measured,prefill-1024.sstrace,1024,0,18,1024,10240,289,35.432525951557096,15.0,125.99999999999983,310,28,36,29,53,50,38,55
Measured,prefill-1024.sstrace,1024,0,19,1024,10240,332,30.843373493975903,12.5,113.34999999999997,339,42,38,47,54,57,44,50
Measured,prefill-1024.sstrace,1024,0,20,1024,10240,333,30.75075075075075,12.0,115.39999999999998,385,44,43,51,39,53,56,47
Measured,prefill-1024.sstrace,1024,0,21,1024,10240,319,32.10031347962382,9.0,154.09999999999962,405,39,64,38,52,42,40,44
Measured,prefill-1024.sstrace,1024,0,22,1024,10240,317,32.30283911671924,8.0,143.99999999999983,484,40,65,48,43,38,37,46
Measured,prefill-1024.sstrace,1024,0,23,1024,10240,324,31.604938271604937,12.0,120.39999999999986,376,48,49,40,51,34,53,49
Measured,prefill-1024.sstrace,1024,0,24,1024,10240,316,32.40506329113924,9.5,127.75,454,45,43,52,44,45,33,54
Measured,prefill-1024.sstrace,1024,0,25,1024,10240,330,31.03030303030303,10.0,139.10000000000002,312,44,47,50,48,52,44,45
Measured,prefill-1024.sstrace,1024,0,26,1024,10240,315,32.507936507936506,15.0,116.30000000000001,283,41,33,44,46,56,39,56
Measured,prefill-1024.sstrace,1024,0,27,1024,10240,331,30.936555891238672,11.0,145.5,257,59,38,47,39,50,53,45
Measured,prefill-1024.sstrace,1024,0,28,1024,10240,306,33.4640522875817,11.0,136.25,407,45,49,41,36,44,36,55
Measured,prefill-1024.sstrace,1024,0,29,1024,10240,322,31.801242236024844,13.0,109.94999999999999,480,32,48,46,47,48,53,48
Measured,prefill-1024.sstrace,1024,0,30,1024,10240,349,29.340974212034386,13.0,113.99999999999983,383,33,33,52,67,60,60,44
Measured,prefill-1024.sstrace,1024,0,31,1024,10240,264,38.78787878787879,12.0,166.4499999999999,410,35,39,29,46,28,39,48
Measured,prefill-1024.sstrace,1024,0,32,1024,10240,306,33.4640522875817,10.5,153.0,387,35,53,35,52,43,44,44
Measured,prefill-1024.sstrace,1024,0,33,1024,10240,337,30.385756676557865,12.0,121.39999999999998,243,50,43,44,46,53,51,50
Measured,prefill-1024.sstrace,1024,0,34,1024,10240,317,32.30283911671924,9.0,127.39999999999998,535,36,61,33,62,47,35,43
Measured,prefill-1024.sstrace,1024,0,35,1024,10240,326,31.411042944785276,11.0,137.25,324,49,45,50,43,52,34,53
Measured,prefill-1024.sstrace,1024,0,36,1024,10240,287,35.6794425087108,13.0,148.0,469,45,41,32,37,45,39,48
Measured,prefill-1024.sstrace,1024,0,37,1024,10240,337,30.385756676557865,9.0,127.99999999999989,532,56,54,50,44,53,35,45
Measured,prefill-1024.sstrace,1024,0,38,1024,10240,334,30.65868263473054,8.0,139.0499999999999,545,47,59,51,55,52,33,37
Measured,prefill-1024.sstrace,1024,0,39,1024,10240,269,38.066914498141266,13.0,170.39999999999998,412,36,39,24,43,40,38,49
Measured,prefill-1024.sstrace,1024,0,40,1024,10240,306,33.4640522875817,9.0,173.75,474,41,59,45,43,36,34,48
Measured,prefill-1024.sstrace,1024,0,41,1024,10240,315,32.507936507936506,10.0,166.20000000000005,440,43,51,47,53,41,39,41
Measured,prefill-1024.sstrace,1024,0,42,1024,10240,312,32.82051282051282,8.0,192.94999999999987,300,38,50,64,46,36,32,46
Measured,prefill-1024.sstrace,1024,0,43,1024,10240,313,32.715654952076676,11.0,153.79999999999984,446,40,41,48,51,51,42,40
Measured,prefill-1024.sstrace,1024,0,44,1024,10240,311,32.92604501607717,8.0,164.5,633,39,66,49,40,39,35,43
Measured,prefill-1024.sstrace,1024,0,45,1024,10240,290,35.310344827586206,8.5,189.00000000000023,574,41,50,48,48,39,28,36
Measured,prefill-1024.sstrace,1024,0,46,1024,10240,280,36.57142857142857,6.0,198.25000000000006,748,46,61,42,37,39,27,28
Measured,prefill-1024.sstrace,1024,0,47,1,10,10,1.0,1.0,1.0,1,10,0,0,0,0,0,0
