evidence,source_trace,chunk_size,chunk_index,layer,tokens_observed,routed_assignments,unique_experts,mean_tokens_per_active_expert,p50_tokens_per_active_expert,p95_tokens_per_active_expert,max_tokens_per_active_expert,experts_with_1,experts_with_2_3,experts_with_4_7,experts_with_8_15,experts_with_16_31,experts_with_32_63,experts_with_64_plus
Measured,prefill-16k.sstrace,1024,0,0,1024,10240,352,29.09090909090909,3.0,17.0,887,51,131,106,44,6,1,13
Measured,prefill-16k.sstrace,1024,1,0,1024,10240,12,853.3333333333334,1024.0,1024.0,1024,0,0,1,0,0,0,11
Measured,prefill-16k.sstrace,1024,2,0,1024,10240,10,1024.0,1024.0,1024.0,1024,0,0,0,0,0,0,10
Measured,prefill-16k.sstrace,1024,3,0,1024,10240,229,44.71615720524017,2.0,9.599999999999994,967,62,100,53,4,0,0,10
Measured,prefill-16k.sstrace,1024,4,0,1024,10240,10,1024.0,1024.0,1024.0,1024,0,0,0,0,0,0,10
Measured,prefill-16k.sstrace,1024,5,0,1024,10240,10,1024.0,1024.0,1024.0,1024,0,0,0,0,0,0,10
Measured,prefill-16k.sstrace,1024,6,0,1024,10240,10,1024.0,1024.0,1024.0,1024,0,0,0,0,0,0,10
Measured,prefill-16k.sstrace,1024,7,0,1024,10240,211,48.53080568720379,2.0,79.0,983,79,94,25,2,0,0,11
Measured,prefill-16k.sstrace,1024,8,0,1024,10240,11,930.9090909090909,1024.0,1024.0,1024,0,0,0,0,0,0,11
Measured,prefill-16k.sstrace,1024,9,0,1024,10240,10,1024.0,1024.0,1024.0,1024,0,0,0,0,0,0,10
Measured,prefill-16k.sstrace,1024,10,0,1024,10240,11,930.9090909090909,1024.0,1024.0,1024,0,0,0,0,0,0,11
Measured,prefill-16k.sstrace,1024,11,0,1024,10240,10,1024.0,1024.0,1024.0,1024,0,0,0,0,0,0,10
Measured,prefill-16k.sstrace,1024,12,0,1024,10240,10,1024.0,1024.0,1024.0,1024,0,0,0,0,0,0,10
Measured,prefill-16k.sstrace,1024,13,0,1024,10240,10,1024.0,1024.0,1024.0,1024,0,0,0,0,0,0,10
Measured,prefill-16k.sstrace,1024,14,0,1024,10240,10,1024.0,1024.0,1024.0,1024,0,0,0,0,0,0,10
Measured,prefill-16k.sstrace,1024,15,0,1003,10030,228,43.99122807017544,2.0,92.799999999997,955,73,106,37,0,0,0,12
Measured,prefill-16k.sstrace,1024,0,1,1024,10240,297,34.47811447811448,4.0,25.19999999999999,884,56,79,82,60,6,3,11
Measured,prefill-16k.sstrace,1024,1,1,1024,10240,11,930.9090909090909,1024.0,1024.0,1024,0,0,0,0,0,0,11
Measured,prefill-16k.sstrace,1024,2,1,1024,10240,11,930.9090909090909,1024.0,1024.0,1024,0,1,0,0,0,0,10
Measured,prefill-16k.sstrace,1024,3,1,1024,10240,191,53.61256544502618,3.0,472.0,967,62,54,47,15,2,0,11
Measured,prefill-16k.sstrace,1024,4,1,1024,10240,12,853.3333333333334,1024.0,1024.0,1024,1,0,0,0,0,0,11
Measured,prefill-16k.sstrace,1024,5,1,1024,10240,11,930.9090909090909,1024.0,1024.0,1024,0,0,0,0,0,0,11
Measured,prefill-16k.sstrace,1024,6,1,1024,10240,11,930.9090909090909,1024.0,1024.0,1024,0,0,0,0,0,1,10
Measured,prefill-16k.sstrace,1024,7,1,1024,10240,162,63.20987654320987,2.0,954.2999999999978,983,50,48,44,9,0,0,11
Measured,prefill-16k.sstrace,1024,8,1,1024,10240,11,930.9090909090909,1024.0,1024.0,1024,0,0,0,0,0,0,11
Measured,prefill-16k.sstrace,1024,9,1,1024,10240,11,930.9090909090909,1024.0,1024.0,1024,0,0,0,1,0,0,10
Measured,prefill-16k.sstrace,1024,10,1,1024,10240,11,930.9090909090909,1024.0,1024.0,1024,1,0,0,0,0,0,10
Measured,prefill-16k.sstrace,1024,11,1,1024,10240,10,1024.0,1024.0,1024.0,1024,0,0,0,0,0,0,10
Measured,prefill-16k.sstrace,1024,12,1,1024,10240,10,1024.0,1024.0,1024.0,1024,0,0,0,0,0,0,10
Measured,prefill-16k.sstrace,1024,13,1,1024,10240,10,1024.0,1024.0,1024.0,1024,0,0,0,0,0,0,10
Measured,prefill-16k.sstrace,1024,14,1,1024,10240,10,1024.0,1024.0,1024.0,1024,0,0,0,0,0,0,10
Measured,prefill-16k.sstrace,1024,15,1,1003,10030,182,55.10989010989011,2.0,503.19999999999936,960,59,55,42,14,0,0,12
Measured,prefill-16k.sstrace,1024,0,2,1024,10240,298,34.36241610738255,4.0,42.54999999999961,889,68,79,91,31,9,7,13
Measured,prefill-16k.sstrace,1024,1,2,1024,10240,13,787.6923076923077,1024.0,1024.0,1024,1,0,0,0,0,0,12
Measured,prefill-16k.sstrace,1024,2,2,1024,10240,11,930.9090909090909,1024.0,1024.0,1024,0,0,0,0,0,0,11
Measured,prefill-16k.sstrace,1024,3,2,1024,10240,186,55.053763440860216,3.0,640.75,969,58,52,51,10,3,0,12
Measured,prefill-16k.sstrace,1024,4,2,1024,10240,13,787.6923076923077,1024.0,1024.0,1024,1,0,0,0,1,0,11
Measured,prefill-16k.sstrace,1024,5,2,1024,10240,10,1024.0,1024.0,1024.0,1024,0,0,0,0,0,0,10
Measured,prefill-16k.sstrace,1024,6,2,1024,10240,10,1024.0,1024.0,1024.0,1024,0,0,0,0,0,0,10
Measured,prefill-16k.sstrace,1024,7,2,1024,10240,167,61.31736526946108,3.0,890.7999999999979,988,58,53,38,4,0,2,12
Measured,prefill-16k.sstrace,1024,8,2,1024,10240,12,853.3333333333334,1024.0,1024.0,1024,0,0,0,0,0,1,11
Measured,prefill-16k.sstrace,1024,9,2,1024,10240,10,1024.0,1024.0,1024.0,1024,0,0,0,0,0,0,10
Measured,prefill-16k.sstrace,1024,10,2,1024,10240,10,1024.0,1024.0,1024.0,1024,0,0,0,0,0,0,10
Measured,prefill-16k.sstrace,1024,11,2,1024,10240,10,1024.0,1024.0,1024.0,1024,0,0,0,0,0,0,10
Measured,prefill-16k.sstrace,1024,12,2,1024,10240,10,1024.0,1024.0,1024.0,1024,0,0,0,0,0,0,10
Measured,prefill-16k.sstrace,1024,13,2,1024,10240,10,1024.0,1024.0,1024.0,1024,0,0,0,0,0,0,10
Measured,prefill-16k.sstrace,1024,14,2,1024,10240,10,1024.0,1024.0,1024.0,1024,0,0,0,0,0,0,10
Measured,prefill-16k.sstrace,1024,15,2,1003,10030,200,50.15,2.0,239.14999999999517,955,66,75,39,4,2,1,13
Measured,prefill-16k.sstrace,1024,0,3,1024,10240,206,49.70873786407767,3.0,346.5,934,49,56,37,16,16,12,20
Measured,prefill-16k.sstrace,1024,1,3,1024,10240,16,640.0,913.0,1024.0,1024,0,2,0,1,0,0,13
Measured,prefill-16k.sstrace,1024,2,3,1024,10240,15,682.6666666666666,909.0,1024.0,1024,1,0,0,0,1,0,13
Measured,prefill-16k.sstrace,1024,3,3,1024,10240,127,80.62992125984252,3.0,734.0,982,41,23,25,10,7,3,18
Measured,prefill-16k.sstrace,1024,4,3,1024,10240,17,602.3529411764706,571.0,1024.0,1024,0,1,1,0,0,1,14
Measured,prefill-16k.sstrace,1024,5,3,1024,10240,15,682.6666666666666,901.0,1024.0,1024,0,1,1,0,0,0,13
Measured,prefill-16k.sstrace,1024,6,3,1024,10240,15,682.6666666666666,932.0,1024.0,1024,0,2,0,0,1,0,12
Measured,prefill-16k.sstrace,1024,7,3,1024,10240,106,96.60377358490567,3.0,762.0,990,33,22,16,12,3,4,16
Measured,prefill-16k.sstrace,1024,8,3,1024,10240,16,640.0,782.5,1024.0,1024,0,0,1,0,1,1,13
Measured,prefill-16k.sstrace,1024,9,3,1024,10240,15,682.6666666666666,1022.0,1024.0,1024,0,0,0,1,1,0,13
Measured,prefill-16k.sstrace,1024,10,3,1024,10240,13,787.6923076923077,1024.0,1024.0,1024,0,1,1,0,0,0,11
Measured,prefill-16k.sstrace,1024,11,3,1024,10240,13,787.6923076923077,1024.0,1024.0,1024,1,0,0,1,0,1,10
Measured,prefill-16k.sstrace,1024,12,3,1024,10240,11,930.9090909090909,1024.0,1024.0,1024,0,1,0,0,0,0,10
Measured,prefill-16k.sstrace,1024,13,3,1024,10240,12,853.3333333333334,1024.0,1024.0,1024,2,0,0,0,0,0,10
Measured,prefill-16k.sstrace,1024,14,3,1024,10240,10,1024.0,1024.0,1024.0,1024,0,0,0,0,0,0,10
Measured,prefill-16k.sstrace,1024,15,3,1003,10030,130,77.15384615384616,3.0,501.0,963,40,31,17,17,4,2,19
Measured,prefill-16k.sstrace,1024,0,4,1024,10240,231,44.32900432900433,4.0,285.0,886,62,52,59,19,15,6,18
Measured,prefill-16k.sstrace,1024,1,4,1024,10240,12,853.3333333333334,1024.0,1024.0,1024,0,0,0,0,0,1,11
Measured,prefill-16k.sstrace,1024,2,4,1024,10240,11,930.9090909090909,1024.0,1024.0,1024,0,0,0,0,0,0,11
Measured,prefill-16k.sstrace,1024,3,4,1024,10240,160,64.0,3.0,860.5499999999998,988,53,43,33,11,6,1,13
Measured,prefill-16k.sstrace,1024,4,4,1024,10240,14,731.4285714285714,1024.0,1024.0,1024,0,0,1,0,1,0,12
Measured,prefill-16k.sstrace,1024,5,4,1024,10240,11,930.9090909090909,1024.0,1024.0,1024,0,0,1,0,0,0,10
Measured,prefill-16k.sstrace,1024,6,4,1024,10240,12,853.3333333333334,1024.0,1024.0,1024,0,0,0,1,0,0,11
Measured,prefill-16k.sstrace,1024,7,4,1024,10240,126,81.26984126984127,2.0,941.75,995,38,36,21,10,3,3,15
Measured,prefill-16k.sstrace,1024,8,4,1024,10240,12,853.3333333333334,1024.0,1024.0,1024,0,0,0,0,0,1,11
Measured,prefill-16k.sstrace,1024,9,4,1024,10240,11,930.9090909090909,1024.0,1024.0,1024,0,0,1,0,0,0,10
Measured,prefill-16k.sstrace,1024,10,4,1024,10240,11,930.9090909090909,1024.0,1024.0,1024,0,0,0,0,0,0,11
Measured,prefill-16k.sstrace,1024,11,4,1024,10240,11,930.9090909090909,1024.0,1024.0,1024,0,0,0,0,0,0,11
Measured,prefill-16k.sstrace,1024,12,4,1024,10240,11,930.9090909090909,1024.0,1024.0,1024,0,0,0,0,0,0,11
Measured,prefill-16k.sstrace,1024,13,4,1024,10240,11,930.9090909090909,1024.0,1024.0,1024,0,0,0,0,0,0,11
Measured,prefill-16k.sstrace,1024,14,4,1024,10240,12,853.3333333333334,1024.0,1024.0,1024,0,0,0,0,0,0,12
Measured,prefill-16k.sstrace,1024,15,4,1003,10030,167,60.05988023952096,2.0,501.0,960,53,57,25,12,3,3,14
Measured,prefill-16k.sstrace,1024,0,5,1024,10240,286,35.80419580419581,4.0,45.0,877,61,79,74,36,17,6,13
Measured,prefill-16k.sstrace,1024,1,5,1024,10240,13,787.6923076923077,1022.0,1024.0,1024,0,0,0,0,1,1,11
Measured,prefill-16k.sstrace,1024,2,5,1024,10240,13,787.6923076923077,1024.0,1024.0,1024,2,0,0,0,0,0,11
Measured,prefill-16k.sstrace,1024,3,5,1024,10240,182,56.26373626373626,3.0,485.59999999999786,971,54,44,50,15,4,1,14
Measured,prefill-16k.sstrace,1024,4,5,1024,10240,13,787.6923076923077,973.0,1024.0,1024,1,1,0,0,0,0,11
Measured,prefill-16k.sstrace,1024,5,5,1024,10240,15,682.6666666666666,996.0,1024.0,1024,0,1,1,1,0,0,12
Measured,prefill-16k.sstrace,1024,6,5,1024,10240,14,731.4285714285714,1018.0,1024.0,1024,1,0,1,0,1,0,11
Measured,prefill-16k.sstrace,1024,7,5,1024,10240,156,65.64102564102564,3.0,764.25,984,45,55,26,10,3,2,15
Measured,prefill-16k.sstrace,1024,8,5,1024,10240,14,731.4285714285714,976.5,1024.0,1024,0,0,0,0,1,0,13
Measured,prefill-16k.sstrace,1024,9,5,1024,10240,14,731.4285714285714,1021.5,1024.0,1024,1,0,0,0,0,1,12
Measured,prefill-16k.sstrace,1024,10,5,1024,10240,14,731.4285714285714,1024.0,1024.0,1024,0,0,0,1,0,1,12
Measured,prefill-16k.sstrace,1024,11,5,1024,10240,12,853.3333333333334,1024.0,1024.0,1024,0,0,1,0,0,0,11
Measured,prefill-16k.sstrace,1024,12,5,1024,10240,12,853.3333333333334,1024.0,1024.0,1024,1,0,0,0,1,0,10
Measured,prefill-16k.sstrace,1024,13,5,1024,10240,11,930.9090909090909,1024.0,1024.0,1024,0,0,0,0,0,1,10
Measured,prefill-16k.sstrace,1024,14,5,1024,10240,11,930.9090909090909,1024.0,1024.0,1024,0,0,0,0,0,1,10
Measured,prefill-16k.sstrace,1024,15,5,1003,10030,193,51.968911917098445,2.0,470.39999999999884,958,67,61,35,13,3,1,13
Measured,prefill-16k.sstrace,1024,0,6,1024,10240,295,34.71186440677966,4.0,31.0,909,67,72,76,52,14,1,13
Measured,prefill-16k.sstrace,1024,1,6,1024,10240,19,538.9473684210526,563.0,1024.0,1024,1,2,1,0,0,2,13
Measured,prefill-16k.sstrace,1024,2,6,1024,10240,15,682.6666666666666,727.0,1024.0,1024,1,0,0,0,0,0,14
Measured,prefill-16k.sstrace,1024,3,6,1024,10240,183,55.95628415300546,3.0,389.4000000000001,964,50,50,54,11,0,0,18
Measured,prefill-16k.sstrace,1024,4,6,1024,10240,16,640.0,656.5,1024.0,1024,0,1,0,0,0,0,15
Measured,prefill-16k.sstrace,1024,5,6,1024,10240,12,853.3333333333334,1021.5,1024.0,1024,0,0,0,0,0,0,12
Measured,prefill-16k.sstrace,1024,6,6,1024,10240,11,930.9090909090909,1024.0,1024.0,1024,0,0,0,0,1,0,10
Measured,prefill-16k.sstrace,1024,7,6,1024,10240,158,64.81012658227849,3.0,762.0,979,52,41,40,7,1,1,16
Measured,prefill-16k.sstrace,1024,8,6,1024,10240,15,682.6666666666666,878.0,1024.0,1024,0,0,0,0,0,0,15
Measured,prefill-16k.sstrace,1024,9,6,1024,10240,12,853.3333333333334,1024.0,1024.0,1024,0,0,0,0,0,0,12
Measured,prefill-16k.sstrace,1024,10,6,1024,10240,12,853.3333333333334,1024.0,1024.0,1024,0,0,0,1,0,0,11
Measured,prefill-16k.sstrace,1024,11,6,1024,10240,11,930.9090909090909,1024.0,1024.0,1024,0,0,0,0,0,0,11
Measured,prefill-16k.sstrace,1024,12,6,1024,10240,11,930.9090909090909,1024.0,1024.0,1024,0,1,0,0,0,0,10
Measured,prefill-16k.sstrace,1024,13,6,1024,10240,10,1024.0,1024.0,1024.0,1024,0,0,0,0,0,0,10
Measured,prefill-16k.sstrace,1024,14,6,1024,10240,10,1024.0,1024.0,1024.0,1024,0,0,0,0,0,0,10
Measured,prefill-16k.sstrace,1024,15,6,1003,10030,196,51.173469387755105,2.0,464.25,953,69,63,38,8,0,2,16
Measured,prefill-16k.sstrace,1024,0,7,1024,10240,307,33.355048859934854,4.0,91.0,881,68,80,77,47,9,8,18
Measured,prefill-16k.sstrace,1024,1,7,1024,10240,33,310.3030303030303,45.0,1022.8,1024,1,3,6,1,4,3,15
Measured,prefill-16k.sstrace,1024,2,7,1024,10240,27,379.25925925925924,81.0,1024.0,1024,4,2,1,1,3,2,14
Measured,prefill-16k.sstrace,1024,3,7,1024,10240,205,49.951219512195124,3.0,328.3999999999993,964,68,54,33,19,6,6,19
Measured,prefill-16k.sstrace,1024,4,7,1024,10240,40,256.0,52.5,988.8499999999999,1024,4,4,4,2,4,4,18
Measured,prefill-16k.sstrace,1024,5,7,1024,10240,35,292.57142857142856,35.0,1024.0,1024,4,1,3,4,5,3,15
Measured,prefill-16k.sstrace,1024,6,7,1024,10240,30,341.3333333333333,121.0,1024.0,1024,3,1,0,1,1,5,19
Measured,prefill-16k.sstrace,1024,7,7,1024,10240,172,59.53488372093023,3.0,353.7999999999979,979,50,51,21,15,4,7,24
Measured,prefill-16k.sstrace,1024,8,7,1024,10240,33,310.3030303030303,140.0,999.4,1024,3,2,0,4,3,3,18
Measured,prefill-16k.sstrace,1024,9,7,1024,10240,26,393.84615384615387,180.5,1024.0,1024,0,3,3,1,2,0,17
Measured,prefill-16k.sstrace,1024,10,7,1024,10240,27,379.25925925925924,93.0,1024.0,1024,2,2,2,1,1,4,15
Measured,prefill-16k.sstrace,1024,11,7,1024,10240,26,393.84615384615387,123.5,1024.0,1024,3,1,0,1,3,2,16
Measured,prefill-16k.sstrace,1024,12,7,1024,10240,26,393.84615384615387,144.5,1024.0,1024,1,0,2,2,2,2,17
Measured,prefill-16k.sstrace,1024,13,7,1024,10240,26,393.84615384615387,149.5,1024.0,1024,1,1,1,1,2,4,16
Measured,prefill-16k.sstrace,1024,14,7,1024,10240,24,426.6666666666667,19.5,1024.0,1024,3,3,2,3,2,0,11
Measured,prefill-16k.sstrace,1024,15,7,1003,10030,216,46.43518518518518,3.0,433.0,952,73,61,41,13,2,2,24
Measured,prefill-16k.sstrace,1024,0,8,1024,10240,245,41.795918367346935,4.0,155.19999999999933,887,60,51,57,38,13,10,16
Measured,prefill-16k.sstrace,1024,1,8,1024,10240,28,365.7142857142857,122.0,1009.3,1024,1,3,1,0,2,3,18
Measured,prefill-16k.sstrace,1024,2,8,1024,10240,26,393.84615384615387,229.0,1015.75,1024,2,3,0,2,0,3,16
Measured,prefill-16k.sstrace,1024,3,8,1024,10240,155,66.06451612903226,4.0,625.9999999999986,962,51,23,30,19,11,1,20
Measured,prefill-16k.sstrace,1024,4,8,1024,10240,36,284.44444444444446,170.0,963.75,1024,1,5,0,5,2,2,21
Measured,prefill-16k.sstrace,1024,5,8,1024,10240,32,320.0,97.5,1012.8,1024,1,2,2,4,1,2,20
Measured,prefill-16k.sstrace,1024,6,8,1024,10240,31,330.3225806451613,89.0,1012.0,1024,2,1,3,2,2,4,17
Measured,prefill-16k.sstrace,1024,7,8,1024,10240,146,70.13698630136986,3.0,707.0,976,40,39,22,10,11,1,23
Measured,prefill-16k.sstrace,1024,8,8,1024,10240,36,284.44444444444446,84.0,971.0,1024,1,4,2,3,4,1,21
Measured,prefill-16k.sstrace,1024,9,8,1024,10240,35,292.57142857142856,67.0,1006.8,1024,2,3,4,0,4,4,18
Measured,prefill-16k.sstrace,1024,10,8,1024,10240,29,353.1034482758621,163.0,1009.0,1024,1,1,2,1,5,1,18
Measured,prefill-16k.sstrace,1024,11,8,1024,10240,26,393.84615384615387,159.5,1023.5,1024,0,3,2,0,2,2,17
Measured,prefill-16k.sstrace,1024,12,8,1024,10240,29,353.1034482758621,144.0,1022.8,1024,2,3,2,0,1,2,19
Measured,prefill-16k.sstrace,1024,13,8,1024,10240,31,330.3225806451613,95.0,1021.0,1024,4,3,0,1,1,6,16
Measured,prefill-16k.sstrace,1024,14,8,1024,10240,24,426.6666666666667,46.0,1024.0,1024,0,2,6,0,3,2,11
Measured,prefill-16k.sstrace,1024,15,8,1003,10030,165,60.78787878787879,3.0,476.99999999999943,952,52,32,26,19,10,4,22
Measured,prefill-16k.sstrace,1024,0,9,1024,10240,260,39.38461538461539,5.0,159.84999999999937,867,55,53,57,32,23,18,22
Measured,prefill-16k.sstrace,1024,1,9,1024,10240,70,146.28571428571428,26.5,787.2499999999998,1023,11,5,3,8,12,8,23
Measured,prefill-16k.sstrace,1024,2,9,1024,10240,50,204.8,28.5,980.6499999999999,1024,5,5,4,5,9,3,19
Measured,prefill-16k.sstrace,1024,3,9,1024,10240,201,50.9452736318408,4.0,336.0,936,54,38,31,26,16,12,24
Measured,prefill-16k.sstrace,1024,4,9,1024,10240,84,121.9047619047619,22.0,610.3499999999995,1016,9,12,10,6,9,9,29
Measured,prefill-16k.sstrace,1024,5,9,1024,10240,64,160.0,22.5,911.2499999999999,1024,6,8,9,8,4,9,20
Measured,prefill-16k.sstrace,1024,6,9,1024,10240,63,162.53968253968253,28.0,898.0999999999999,1022,7,8,4,6,8,7,23
Measured,prefill-16k.sstrace,1024,7,9,1024,10240,172,59.53488372093023,5.0,416.2999999999996,910,34,34,30,28,9,13,24
Measured,prefill-16k.sstrace,1024,8,9,1024,10240,87,117.70114942528735,19.0,612.5000000000001,1015,16,11,6,9,9,8,28
Measured,prefill-16k.sstrace,1024,9,9,1024,10240,60,170.66666666666666,27.0,926.5999999999999,1022,5,8,6,9,3,5,24
Measured,prefill-16k.sstrace,1024,10,9,1024,10240,60,170.66666666666666,25.0,913.5999999999998,1022,3,12,3,5,12,3,22
Measured,prefill-16k.sstrace,1024,11,9,1024,10240,50,204.8,16.0,980.0999999999999,1024,6,5,8,6,3,4,18
Measured,prefill-16k.sstrace,1024,12,9,1024,10240,52,196.92307692307693,29.0,984.8,1024,7,5,4,5,8,6,17
Measured,prefill-16k.sstrace,1024,13,9,1024,10240,54,189.62962962962962,24.5,972.75,1024,5,4,9,4,6,9,17
Measured,prefill-16k.sstrace,1024,14,9,1024,10240,38,269.4736842105263,10.0,1017.2,1024,5,6,4,5,3,2,13
Measured,prefill-16k.sstrace,1024,15,9,1003,10030,216,46.43518518518518,4.0,302.0,867,48,53,38,23,19,9,26
Measured,prefill-16k.sstrace,1024,0,10,1024,10240,288,35.55555555555556,5.0,152.5999999999999,869,52,58,65,45,29,13,26
Measured,prefill-16k.sstrace,1024,1,10,1024,10240,84,121.9047619047619,13.0,723.7999999999992,1024,7,15,15,6,6,8,27
Measured,prefill-16k.sstrace,1024,2,10,1024,10240,64,160.0,12.5,971.0499999999998,1024,6,7,14,6,5,5,21
Measured,prefill-16k.sstrace,1024,3,10,1024,10240,234,43.76068376068376,5.0,206.09999999999985,961,52,50,47,30,17,11,27
Measured,prefill-16k.sstrace,1024,4,10,1024,10240,106,96.60377358490567,20.5,473.75,1024,10,10,10,18,8,15,35
Measured,prefill-16k.sstrace,1024,5,10,1024,10240,73,140.27397260273972,25.0,877.7999999999995,1024,9,7,7,8,7,12,23
Measured,prefill-16k.sstrace,1024,6,10,1024,10240,65,157.53846153846155,28.0,902.8,1024,10,6,6,8,4,6,25
Measured,prefill-16k.sstrace,1024,7,10,1024,10240,221,46.334841628959275,4.0,245.0,977,49,54,42,22,13,13,28
Measured,prefill-16k.sstrace,1024,8,10,1024,10240,110,93.0909090909091,20.0,471.6999999999998,1024,18,9,12,14,8,13,36
Measured,prefill-16k.sstrace,1024,9,10,1024,10240,70,146.28571428571428,24.5,904.1499999999999,1024,7,5,10,7,11,7,23
Measured,prefill-16k.sstrace,1024,10,10,1024,10240,67,152.83582089552237,21.0,912.1999999999999,1024,9,9,8,4,7,8,22
Measured,prefill-16k.sstrace,1024,11,10,1024,10240,59,173.5593220338983,16.0,980.0999999999998,1024,8,10,7,3,5,4,22
Measured,prefill-16k.sstrace,1024,12,10,1024,10240,64,160.0,20.0,954.5,1024,10,9,8,3,7,3,24
Measured,prefill-16k.sstrace,1024,13,10,1024,10240,68,150.58823529411765,14.0,931.3,1024,8,8,13,7,4,4,24
Measured,prefill-16k.sstrace,1024,14,10,1024,10240,46,222.6086956521739,19.5,1013.75,1024,9,7,3,2,8,3,14
Measured,prefill-16k.sstrace,1024,15,10,1003,10030,246,40.77235772357724,4.0,174.25,947,55,56,42,31,23,9,30
Measured,prefill-16k.sstrace,1024,0,11,1024,10240,266,38.49624060150376,6.0,219.75,863,45,52,52,40,27,16,34
Measured,prefill-16k.sstrace,1024,1,11,1024,10240,76,134.73684210526315,20.0,637.5,1024,9,9,10,7,7,8,26
Measured,prefill-16k.sstrace,1024,2,11,1024,10240,66,155.15151515151516,15.5,813.25,1024,10,12,8,3,5,6,22
Measured,prefill-16k.sstrace,1024,3,11,1024,10240,231,44.32900432900433,4.0,260.5,954,58,49,37,28,17,13,29
Measured,prefill-16k.sstrace,1024,4,11,1024,10240,114,89.82456140350877,17.5,457.44999999999993,1015,10,14,14,17,12,14,33
Measured,prefill-16k.sstrace,1024,5,11,1024,10240,80,128.0,14.5,832.8,1016,7,11,11,12,8,10,21
Measured,prefill-16k.sstrace,1024,6,11,1024,10240,74,138.3783783783784,16.5,813.5999999999998,1021,17,4,8,7,12,5,21
Measured,prefill-16k.sstrace,1024,7,11,1024,10240,218,46.972477064220186,4.0,266.1499999999995,868,53,47,42,14,23,13,26
Measured,prefill-16k.sstrace,1024,8,11,1024,10240,123,83.2520325203252,17.0,468.9999999999998,1013,18,17,10,15,17,12,34
Measured,prefill-16k.sstrace,1024,9,11,1024,10240,73,140.27397260273972,18.0,855.7999999999994,1024,10,8,7,11,7,8,22
Measured,prefill-16k.sstrace,1024,10,11,1024,10240,68,150.58823529411765,14.5,876.75,1024,10,3,11,12,7,4,21
Measured,prefill-16k.sstrace,1024,11,11,1024,10240,56,182.85714285714286,16.5,955.25,1024,8,7,9,3,5,5,19
Measured,prefill-16k.sstrace,1024,12,11,1024,10240,60,170.66666666666666,10.0,926.2999999999998,1024,7,7,10,10,5,2,19
Measured,prefill-16k.sstrace,1024,13,11,1024,10240,62,165.16129032258064,10.5,900.5999999999999,1024,6,9,13,8,3,3,20
Measured,prefill-16k.sstrace,1024,14,11,1024,10240,36,284.44444444444446,15.5,1005.25,1024,4,7,3,4,3,3,12
Measured,prefill-16k.sstrace,1024,15,11,1003,10030,255,39.333333333333336,4.0,238.09999999999903,727,70,50,46,26,14,20,29
Measured,prefill-16k.sstrace,1024,0,12,1024,10240,301,34.01993355481728,5.0,174.0,873,50,73,70,49,20,13,26
Measured,prefill-16k.sstrace,1024,1,12,1024,10240,63,162.53968253968253,36.0,872.3999999999997,1024,4,4,7,7,7,6,28
Measured,prefill-16k.sstrace,1024,2,12,1024,10240,43,238.13953488372093,36.0,991.1999999999999,1024,3,1,5,3,8,7,16
Measured,prefill-16k.sstrace,1024,3,12,1024,10240,229,44.71615720524017,3.0,295.79999999999995,953,62,57,39,25,16,8,22
Measured,prefill-16k.sstrace,1024,4,12,1024,10240,80,128.0,23.0,627.0499999999995,1006,12,7,12,5,8,9,27
Measured,prefill-16k.sstrace,1024,5,12,1024,10240,55,186.1818181818182,19.0,912.5999999999998,993,7,6,7,4,7,4,20
Measured,prefill-16k.sstrace,1024,6,12,1024,10240,50,204.8,21.5,958.7499999999998,1010,8,9,5,1,3,6,18
Measured,prefill-16k.sstrace,1024,7,12,1024,10240,207,49.468599033816425,4.0,316.2999999999973,884,54,49,32,31,8,8,25
Measured,prefill-16k.sstrace,1024,8,12,1024,10240,86,119.06976744186046,20.0,556.25,992,12,13,11,6,9,5,30
Measured,prefill-16k.sstrace,1024,9,12,1024,10240,56,182.85714285714286,11.5,904.25,999,5,9,6,9,2,4,21
Measured,prefill-16k.sstrace,1024,10,12,1024,10240,51,200.7843137254902,21.0,956.5,1014,9,8,5,3,3,5,18
Measured,prefill-16k.sstrace,1024,11,12,1024,10240,45,227.55555555555554,17.0,1007.5999999999999,1023,5,2,10,5,3,3,17
Measured,prefill-16k.sstrace,1024,12,12,1024,10240,43,238.13953488372093,45.0,994.2,1024,4,5,3,2,7,4,18
Measured,prefill-16k.sstrace,1024,13,12,1024,10240,53,193.20754716981133,29.0,986.0,1024,10,3,6,5,4,5,20
Measured,prefill-16k.sstrace,1024,14,12,1024,10240,39,262.56410256410254,19.0,1020.0,1024,5,5,6,3,2,3,15
Measured,prefill-16k.sstrace,1024,15,12,1003,10030,244,41.10655737704918,3.0,175.7,948,67,60,39,30,12,6,30
Measured,prefill-16k.sstrace,1024,0,13,1024,10240,293,34.948805460750854,5.0,232.99999999999977,676,59,58,72,38,23,10,33
Measured,prefill-16k.sstrace,1024,1,13,1024,10240,54,189.62962962962962,56.5,692.8999999999999,967,1,5,8,7,3,4,26
Measured,prefill-16k.sstrace,1024,2,13,1024,10240,49,208.9795918367347,31.0,937.4,987,5,4,7,5,4,2,22
Measured,prefill-16k.sstrace,1024,3,13,1024,10240,205,49.951219512195124,4.0,306.9999999999993,850,50,41,43,21,16,9,25
Measured,prefill-16k.sstrace,1024,4,13,1024,10240,66,155.15151515151516,39.0,691.5,923,6,6,8,4,7,9,26
Measured,prefill-16k.sstrace,1024,5,13,1024,10240,58,176.55172413793105,41.0,947.0,988,6,6,5,3,8,5,25
Measured,prefill-16k.sstrace,1024,6,13,1024,10240,64,160.0,28.0,959.1999999999999,1008,10,6,6,4,7,10,21
Measured,prefill-16k.sstrace,1024,7,13,1024,10240,199,51.45728643216081,4.0,257.4,902,45,50,35,18,12,12,27
Measured,prefill-16k.sstrace,1024,8,13,1024,10240,66,155.15151515151516,39.0,733.75,932,6,8,2,8,8,7,27
Measured,prefill-16k.sstrace,1024,9,13,1024,10240,58,176.55172413793105,49.5,958.35,979,9,5,1,4,6,9,24
Measured,prefill-16k.sstrace,1024,10,13,1024,10240,62,165.16129032258064,29.5,964.9499999999999,1008,9,7,2,6,8,5,25
Measured,prefill-16k.sstrace,1024,11,13,1024,10240,52,196.92307692307693,25.0,992.05,1020,5,8,6,3,7,3,20
Measured,prefill-16k.sstrace,1024,12,13,1024,10240,66,155.15151515151516,8.5,983.75,1022,12,14,3,11,3,5,18
Measured,prefill-16k.sstrace,1024,13,13,1024,10240,77,132.98701298701297,8.0,957.8,1015,8,15,15,8,9,5,17
Measured,prefill-16k.sstrace,1024,14,13,1024,10240,52,196.92307692307693,6.0,1010.9,1022,13,7,9,6,2,0,15
Measured,prefill-16k.sstrace,1024,15,13,1003,10030,210,47.76190476190476,4.0,245.64999999999995,870,53,42,43,23,11,9,29
Measured,prefill-16k.sstrace,1024,0,14,1024,10240,292,35.06849315068493,5.0,169.89999999999998,661,49,72,49,30,34,20,38
Measured,prefill-16k.sstrace,1024,1,14,1024,10240,94,108.93617021276596,26.0,500.2499999999998,839,11,11,8,11,7,11,35
Measured,prefill-16k.sstrace,1024,2,14,1024,10240,70,146.28571428571428,36.5,777.8499999999999,880,6,5,4,9,6,13,27
Measured,prefill-16k.sstrace,1024,3,14,1024,10240,252,40.63492063492063,6.0,197.4999999999999,712,49,50,46,35,23,22,27
Measured,prefill-16k.sstrace,1024,4,14,1024,10240,119,86.05042016806723,18.0,411.1999999999998,751,17,17,9,13,12,12,39
Measured,prefill-16k.sstrace,1024,5,14,1024,10240,93,110.10752688172043,24.0,648.3999999999994,845,8,13,11,8,9,16,28
Measured,prefill-16k.sstrace,1024,6,14,1024,10240,101,101.38613861386139,15.0,523.0,888,22,9,14,6,11,12,27
Measured,prefill-16k.sstrace,1024,7,14,1024,10240,249,41.12449799196787,6.0,205.59999999999997,692,56,40,52,33,21,18,29
Measured,prefill-16k.sstrace,1024,8,14,1024,10240,127,80.62992125984252,20.0,361.89999999999935,771,18,15,15,12,13,14,40
Measured,prefill-16k.sstrace,1024,9,14,1024,10240,107,95.70093457943925,22.0,573.9999999999987,770,17,11,12,7,15,13,32
Measured,prefill-16k.sstrace,1024,10,14,1024,10240,106,96.60377358490567,14.5,593.0,739,20,10,17,7,12,9,31
Measured,prefill-16k.sstrace,1024,11,14,1024,10240,86,119.06976744186046,17.0,669.5,812,11,12,12,7,7,8,29
Measured,prefill-16k.sstrace,1024,12,14,1024,10240,95,107.78947368421052,11.0,622.5,867,16,17,11,8,7,6,30
Measured,prefill-16k.sstrace,1024,13,14,1024,10240,113,90.61946902654867,6.0,545.7999999999993,885,21,19,18,8,10,8,29
Measured,prefill-16k.sstrace,1024,14,14,1024,10240,73,140.27397260273972,7.0,766.3999999999994,999,12,14,11,3,9,3,21
Measured,prefill-16k.sstrace,1024,15,14,1003,10030,282,35.56737588652482,5.0,229.99999999999977,569,70,54,44,46,19,17,32
Measured,prefill-16k.sstrace,1024,0,15,1024,10240,224,45.714285714285715,8.0,263.79999999999984,538,43,35,30,25,26,26,39
Measured,prefill-16k.sstrace,1024,1,15,1024,10240,162,63.20987654320987,13.5,283.74999999999994,557,15,25,21,25,19,17,40
Measured,prefill-16k.sstrace,1024,2,15,1024,10240,147,69.65986394557824,15.0,330.59999999999945,679,26,21,12,15,15,21,37
Measured,prefill-16k.sstrace,1024,3,15,1024,10240,273,37.50915750915751,9.0,164.5999999999999,501,41,47,41,41,34,26,43
Measured,prefill-16k.sstrace,1024,4,15,1024,10240,218,46.972477064220186,11.0,236.29999999999995,374,35,26,27,28,28,26,48
Measured,prefill-16k.sstrace,1024,5,15,1024,10240,160,64.0,11.0,357.8999999999997,799,25,22,21,16,18,25,33
Measured,prefill-16k.sstrace,1024,6,15,1024,10240,145,70.62068965517241,10.0,394.19999999999914,895,26,24,15,21,18,13,28
Measured,prefill-16k.sstrace,1024,7,15,1024,10240,270,37.925925925925924,6.0,196.64999999999927,716,54,45,43,42,35,16,35
Measured,prefill-16k.sstrace,1024,8,15,1024,10240,212,48.301886792452834,14.5,202.34999999999997,383,32,23,28,25,25,26,53
Measured,prefill-16k.sstrace,1024,9,15,1024,10240,161,63.60248447204969,13.0,308.0,844,28,25,14,18,22,18,36
Measured,prefill-16k.sstrace,1024,10,15,1024,10240,144,71.11111111111111,11.0,384.04999999999995,907,21,14,30,22,20,6,31
Measured,prefill-16k.sstrace,1024,11,15,1024,10240,120,85.33333333333333,7.5,574.3499999999997,938,18,21,21,17,7,11,25
Measured,prefill-16k.sstrace,1024,12,15,1024,10240,123,83.2520325203252,8.0,618.6999999999999,874,20,16,23,19,10,10,25
Measured,prefill-16k.sstrace,1024,13,15,1024,10240,132,77.57575757575758,8.0,636.8499999999997,901,25,22,18,22,14,11,20
Measured,prefill-16k.sstrace,1024,14,15,1024,10240,88,116.36363636363636,6.0,798.0,1003,21,15,14,9,5,5,19
Measured,prefill-16k.sstrace,1024,15,15,1003,10030,302,33.211920529801326,7.0,163.5999999999999,517,49,60,51,55,28,23,36
Measured,prefill-16k.sstrace,1024,0,16,1024,10240,272,37.64705882352941,7.0,213.0,479,46,51,41,38,33,23,40
Measured,prefill-16k.sstrace,1024,1,16,1024,10240,196,52.244897959183675,16.5,244.25,610,24,26,27,19,29,27,44
Measured,prefill-16k.sstrace,1024,2,16,1024,10240,185,55.351351351351354,13.0,240.39999999999986,781,26,26,21,27,19,25,41
Measured,prefill-16k.sstrace,1024,3,16,1024,10240,317,32.30283911671924,8.0,142.39999999999998,480,52,54,47,62,34,25,43
Measured,prefill-16k.sstrace,1024,4,16,1024,10240,249,41.12449799196787,13.0,146.59999999999997,504,36,30,34,33,34,29,53
Measured,prefill-16k.sstrace,1024,5,16,1024,10240,199,51.45728643216081,9.0,250.3999999999997,717,30,31,29,34,17,22,36
Measured,prefill-16k.sstrace,1024,6,16,1024,10240,177,57.85310734463277,10.0,285.9999999999999,737,21,30,25,29,24,8,40
Measured,prefill-16k.sstrace,1024,7,16,1024,10240,313,32.715654952076676,8.0,164.9999999999991,617,58,51,47,56,31,23,47
Measured,prefill-16k.sstrace,1024,8,16,1024,10240,253,40.47430830039526,13.0,175.0,399,32,40,27,35,35,32,52
Measured,prefill-16k.sstrace,1024,9,16,1024,10240,204,50.19607843137255,11.5,250.54999999999998,673,27,32,23,38,27,15,42
Measured,prefill-16k.sstrace,1024,10,16,1024,10240,191,53.61256544502618,10.0,281.5,663,32,23,26,29,30,10,41
Measured,prefill-16k.sstrace,1024,11,16,1024,10240,170,60.23529411764706,9.0,302.04999999999984,762,34,25,21,23,15,15,37
Measured,prefill-16k.sstrace,1024,12,16,1024,10240,169,60.59171597633136,10.0,279.6,844,32,30,15,19,23,15,35
Measured,prefill-16k.sstrace,1024,13,16,1024,10240,186,55.053763440860216,7.0,302.5,897,36,33,26,26,19,10,36
Measured,prefill-16k.sstrace,1024,14,16,1024,10240,123,83.2520325203252,5.0,547.5999999999997,1001,29,29,10,9,11,7,28
Measured,prefill-16k.sstrace,1024,15,16,1003,10030,338,29.674556213017752,6.0,138.14999999999998,545,62,60,62,51,34,33,36
Measured,prefill-16k.sstrace,1024,0,17,1024,10240,333,30.75075075075075,7.0,143.19999999999993,474,44,63,63,46,48,30,39
Measured,prefill-16k.sstrace,1024,1,17,1024,10240,216,47.407407407407405,10.5,190.75,695,29,37,28,34,28,23,37
Measured,prefill-16k.sstrace,1024,2,17,1024,10240,188,54.46808510638298,8.5,269.0,648,25,32,33,21,19,13,45
Measured,prefill-16k.sstrace,1024,3,17,1024,10240,349,29.340974212034386,7.0,131.19999999999993,461,55,64,60,55,48,25,42
Measured,prefill-16k.sstrace,1024,4,17,1024,10240,264,38.78787878787879,12.0,151.85,557,40,34,33,40,36,32,49
Measured,prefill-16k.sstrace,1024,5,17,1024,10240,219,46.757990867579906,11.0,232.0,602,37,28,28,29,33,28,36
Measured,prefill-16k.sstrace,1024,6,17,1024,10240,212,48.301886792452834,10.0,241.94999999999987,701,28,33,37,27,24,25,38
Measured,prefill-16k.sstrace,1024,7,17,1024,10240,328,31.21951219512195,7.0,123.59999999999991,561,48,64,57,49,36,29,45
Measured,prefill-16k.sstrace,1024,8,17,1024,10240,259,39.536679536679536,16.0,173.2,507,32,33,30,31,49,34,50
Measured,prefill-16k.sstrace,1024,9,17,1024,10240,226,45.309734513274336,11.0,205.0,601,35,25,36,34,33,19,44
Measured,prefill-16k.sstrace,1024,10,17,1024,10240,208,49.23076923076923,10.0,236.99999999999955,744,34,21,34,38,21,18,42
Measured,prefill-16k.sstrace,1024,11,17,1024,10240,184,55.65217391304348,7.0,313.54999999999995,788,42,34,20,17,15,21,35
Measured,prefill-16k.sstrace,1024,12,17,1024,10240,174,58.85057471264368,8.0,329.54999999999984,783,31,34,20,20,19,14,36
Measured,prefill-16k.sstrace,1024,13,17,1024,10240,187,54.75935828877005,6.0,344.2999999999999,843,34,36,27,21,19,16,34
Measured,prefill-16k.sstrace,1024,14,17,1024,10240,127,80.62992125984252,8.0,590.3999999999986,959,28,16,17,12,14,11,29
Measured,prefill-16k.sstrace,1024,15,17,1003,10030,343,29.24198250728863,7.0,124.39999999999986,465,52,61,64,56,43,29,38
Measured,prefill-16k.sstrace,1024,0,18,1024,10240,373,27.45308310991957,7.0,119.99999999999989,640,56,73,72,55,44,32,41
Measured,prefill-16k.sstrace,1024,1,18,1024,10240,148,69.1891891891892,12.0,308.25,825,21,17,23,15,16,18,38
Measured,prefill-16k.sstrace,1024,2,18,1024,10240,115,89.04347826086956,12.0,454.3,943,14,18,16,14,10,10,33
Measured,prefill-16k.sstrace,1024,3,18,1024,10240,314,32.611464968152866,5.0,160.34999999999997,692,61,63,63,40,36,15,36
Measured,prefill-16k.sstrace,1024,4,18,1024,10240,173,59.190751445086704,10.0,264.00000000000006,689,27,26,22,22,22,15,39
Measured,prefill-16k.sstrace,1024,5,18,1024,10240,131,78.16793893129771,11.0,411.5,909,22,18,16,14,14,19,28
Measured,prefill-16k.sstrace,1024,6,18,1024,10240,142,72.11267605633803,9.0,341.4499999999999,797,24,21,22,18,12,14,31
Measured,prefill-16k.sstrace,1024,7,18,1024,10240,299,34.247491638795985,5.0,177.19999999999993,653,48,79,60,32,24,19,37
Measured,prefill-16k.sstrace,1024,8,18,1024,10240,181,56.574585635359114,8.0,249.0,683,32,29,27,21,19,16,37
Measured,prefill-16k.sstrace,1024,9,18,1024,10240,137,74.74452554744525,12.0,394.2,826,20,21,12,17,19,16,32
Measured,prefill-16k.sstrace,1024,10,18,1024,10240,147,69.65986394557824,9.0,402.99999999999955,800,25,25,18,14,12,18,35
Measured,prefill-16k.sstrace,1024,11,18,1024,10240,116,88.27586206896552,17.0,495.5,845,20,10,17,9,14,13,33
Measured,prefill-16k.sstrace,1024,12,18,1024,10240,122,83.93442622950819,19.0,403.84999999999997,823,19,15,13,9,17,14,35
Measured,prefill-16k.sstrace,1024,13,18,1024,10240,140,73.14285714285714,11.5,437.5999999999998,834,24,20,21,11,16,15,33
Measured,prefill-16k.sstrace,1024,14,18,1024,10240,101,101.38613861386139,11.0,598.0,965,22,12,9,12,7,11,28
Measured,prefill-16k.sstrace,1024,15,18,1003,10030,319,31.442006269592476,5.0,161.39999999999986,632,59,73,66,36,20,22,43
Measured,prefill-16k.sstrace,1024,0,19,1024,10240,364,28.13186813186813,7.0,121.84999999999928,463,60,51,75,51,42,43,42
Measured,prefill-16k.sstrace,1024,1,19,1024,10240,260,39.38461538461539,9.0,172.04999999999998,422,36,39,41,39,32,22,51
Measured,prefill-16k.sstrace,1024,2,19,1024,10240,232,44.13793103448276,9.0,207.74999999999983,531,40,29,39,37,24,20,43
Measured,prefill-16k.sstrace,1024,3,19,1024,10240,375,27.30666666666667,6.0,116.80000000000007,512,60,62,73,52,52,38,38
Measured,prefill-16k.sstrace,1024,4,19,1024,10240,291,35.18900343642612,12.0,139.0,406,31,42,43,43,43,31,58
Measured,prefill-16k.sstrace,1024,5,19,1024,10240,238,43.02521008403362,7.0,220.19999999999982,602,39,47,37,27,28,22,38
Measured,prefill-16k.sstrace,1024,6,19,1024,10240,209,48.995215311004785,6.0,211.79999999999995,783,38,42,31,26,22,15,35
Measured,prefill-16k.sstrace,1024,7,19,1024,10240,349,29.340974212034386,7.0,117.19999999999925,568,58,61,58,53,53,33,33
Measured,prefill-16k.sstrace,1024,8,19,1024,10240,281,36.44128113879004,12.0,148.0,445,28,36,50,39,44,37,47
Measured,prefill-16k.sstrace,1024,9,19,1024,10240,233,43.94849785407725,8.0,238.5999999999998,599,38,34,43,37,26,19,36
Measured,prefill-16k.sstrace,1024,10,19,1024,10240,217,47.1889400921659,6.0,298.2,802,36,46,34,26,24,20,31
Measured,prefill-16k.sstrace,1024,11,19,1024,10240,183,55.95628415300546,7.0,306.9,828,28,37,34,15,19,15,35
Measured,prefill-16k.sstrace,1024,12,19,1024,10240,193,53.056994818652846,7.0,272.5999999999999,836,28,40,31,23,24,17,30
Measured,prefill-16k.sstrace,1024,13,19,1024,10240,200,51.2,6.0,250.34999999999954,825,40,31,34,30,22,14,29
Measured,prefill-16k.sstrace,1024,14,19,1024,10240,146,70.13698630136986,5.0,426.5,922,38,21,25,15,12,5,30
Measured,prefill-16k.sstrace,1024,15,19,1003,10030,350,28.65714285714286,8.0,140.15000000000015,434,48,68,53,64,43,39,35
Measured,prefill-16k.sstrace,1024,0,20,1024,10240,372,27.526881720430108,8.0,104.34999999999997,380,32,59,87,60,46,45,43
Measured,prefill-16k.sstrace,1024,1,20,1024,10240,295,34.71186440677966,10.0,157.80000000000007,557,44,44,40,50,34,34,49
Measured,prefill-16k.sstrace,1024,2,20,1024,10240,245,41.795918367346935,11.0,205.39999999999986,584,38,32,33,36,37,30,39
Measured,prefill-16k.sstrace,1024,3,20,1024,10240,369,27.75067750677507,9.0,114.99999999999983,544,51,52,70,61,62,35,38
Measured,prefill-16k.sstrace,1024,4,20,1024,10240,320,32.0,12.0,121.40000000000009,364,41,45,42,48,49,45,50
Measured,prefill-16k.sstrace,1024,5,20,1024,10240,282,36.312056737588655,8.0,164.4999999999999,636,45,48,43,42,38,28,38
Measured,prefill-16k.sstrace,1024,6,20,1024,10240,253,40.47430830039526,9.0,172.79999999999905,787,47,37,34,43,36,24,32
Measured,prefill-16k.sstrace,1024,7,20,1024,10240,359,28.52367688022284,8.0,99.69999999999976,593,51,62,58,70,50,33,35
Measured,prefill-16k.sstrace,1024,8,20,1024,10240,317,32.30283911671924,13.0,125.19999999999999,428,42,41,48,35,51,51,49
Measured,prefill-16k.sstrace,1024,9,20,1024,10240,270,37.925925925925924,8.5,175.09999999999997,630,45,34,47,37,36,30,41
Measured,prefill-16k.sstrace,1024,10,20,1024,10240,244,41.967213114754095,9.0,194.74999999999991,820,36,39,38,40,30,21,40
Measured,prefill-16k.sstrace,1024,11,20,1024,10240,208,49.23076923076923,7.5,282.7999999999993,853,38,30,36,24,21,20,39
Measured,prefill-16k.sstrace,1024,12,20,1024,10240,217,47.1889400921659,7.0,251.99999999999983,876,44,40,29,25,22,19,38
Measured,prefill-16k.sstrace,1024,13,20,1024,10240,223,45.91928251121076,6.0,257.0999999999989,865,39,48,36,19,25,20,36
Measured,prefill-16k.sstrace,1024,14,20,1024,10240,174,58.85057471264368,5.5,269.04999999999995,951,37,39,20,14,13,12,39
Measured,prefill-16k.sstrace,1024,15,20,1003,10030,383,26.18798955613577,8.0,98.79999999999995,529,57,72,59,66,51,37,41
Measured,prefill-16k.sstrace,1024,0,21,1024,10240,361,28.365650969529085,7.0,116.0,459,51,70,72,58,44,30,36
Measured,prefill-16k.sstrace,1024,1,21,1024,10240,181,56.574585635359114,10.0,272.0,654,25,27,27,23,13,20,46
Measured,prefill-16k.sstrace,1024,2,21,1024,10240,193,53.056994818652846,11.0,263.99999999999966,639,30,31,21,23,22,24,42
Measured,prefill-16k.sstrace,1024,3,21,1024,10240,316,32.40506329113924,7.0,149.0,533,48,56,56,55,27,29,45
Measured,prefill-16k.sstrace,1024,4,21,1024,10240,228,44.91228070175438,12.5,221.19999999999982,501,34,35,27,24,36,24,48
Measured,prefill-16k.sstrace,1024,5,21,1024,10240,214,47.850467289719624,11.5,250.79999999999995,741,25,38,22,31,36,25,37
Measured,prefill-16k.sstrace,1024,6,21,1024,10240,213,48.075117370892016,10.0,265.19999999999993,787,45,29,24,30,25,21,39
Measured,prefill-16k.sstrace,1024,7,21,1024,10240,315,32.507936507936506,7.0,180.0000000000001,554,68,53,43,52,27,36,36
Measured,prefill-16k.sstrace,1024,8,21,1024,10240,241,42.489626556016596,13.0,211.0,473,39,35,22,32,37,25,51
Measured,prefill-16k.sstrace,1024,9,21,1024,10240,222,46.126126126126124,9.0,216.34999999999985,663,39,40,21,31,24,30,37
Measured,prefill-16k.sstrace,1024,10,21,1024,10240,209,48.995215311004785,9.0,245.99999999999997,821,34,36,28,29,24,14,44
Measured,prefill-16k.sstrace,1024,11,21,1024,10240,175,58.51428571428571,10.0,286.9999999999995,841,25,21,34,20,23,11,41
Measured,prefill-16k.sstrace,1024,12,21,1024,10240,185,55.351351351351354,9.0,225.79999999999998,873,28,30,27,26,18,12,44
Measured,prefill-16k.sstrace,1024,13,21,1024,10240,195,52.51282051282051,9.0,263.2999999999996,892,39,24,28,25,20,17,42
Measured,prefill-16k.sstrace,1024,14,21,1024,10240,149,68.7248322147651,8.0,358.5999999999999,907,22,29,23,12,13,16,34
Measured,prefill-16k.sstrace,1024,15,21,1003,10030,324,30.95679012345679,7.0,151.84999999999997,645,49,63,53,52,35,30,42
Measured,prefill-16k.sstrace,1024,0,22,1024,10240,367,27.90190735694823,6.0,130.0,512,52,88,72,67,34,15,39
Measured,prefill-16k.sstrace,1024,1,22,1024,10240,154,66.49350649350649,8.5,352.8999999999999,843,29,23,21,19,15,12,35
Measured,prefill-16k.sstrace,1024,2,22,1024,10240,129,79.37984496124031,11.0,416.1999999999996,967,22,16,18,17,16,11,29
Measured,prefill-16k.sstrace,1024,3,22,1024,10240,323,31.70278637770898,4.0,143.1999999999996,815,70,81,61,43,22,10,36
Measured,prefill-16k.sstrace,1024,4,22,1024,10240,194,52.78350515463917,9.0,251.7,803,28,37,21,30,20,16,42
Measured,prefill-16k.sstrace,1024,5,22,1024,10240,160,64.0,9.0,393.89999999999867,940,33,17,26,19,16,20,29
Measured,prefill-16k.sstrace,1024,6,22,1024,10240,152,67.36842105263158,8.5,434.9,996,27,30,17,20,14,9,35
Measured,prefill-16k.sstrace,1024,7,22,1024,10240,319,32.10031347962382,4.0,151.39999999999986,890,82,69,65,35,17,13,38
Measured,prefill-16k.sstrace,1024,8,22,1024,10240,205,49.951219512195124,7.0,248.3999999999996,845,40,31,34,22,21,20,37
Measured,prefill-16k.sstrace,1024,9,22,1024,10240,162,63.20987654320987,10.0,348.9999999999998,961,30,32,12,24,18,12,34
Measured,prefill-16k.sstrace,1024,10,22,1024,10240,151,67.81456953642385,8.0,373.5,1000,32,23,20,10,18,16,32
Measured,prefill-16k.sstrace,1024,11,22,1024,10240,123,83.2520325203252,15.0,468.4999999999986,1015,15,16,19,13,17,12,31
Measured,prefill-16k.sstrace,1024,12,22,1024,10240,129,79.37984496124031,8.0,437.1999999999996,1016,27,17,20,9,13,9,34
Measured,prefill-16k.sstrace,1024,13,22,1024,10240,125,81.92,12.0,451.39999999999986,1015,21,19,16,12,12,10,35
Measured,prefill-16k.sstrace,1024,14,22,1024,10240,98,104.48979591836735,17.0,584.1499999999999,1017,12,12,10,13,9,10,32
Measured,prefill-16k.sstrace,1024,15,22,1003,10030,335,29.940298507462686,4.0,145.20000000000016,829,72,75,74,36,27,17,34
Measured,prefill-16k.sstrace,1024,0,23,1024,10240,365,28.054794520547944,9.0,134.20000000000005,304,51,56,57,58,57,40,46
Measured,prefill-16k.sstrace,1024,1,23,1024,10240,345,29.681159420289855,11.0,137.8,581,45,49,57,48,63,45,38
Measured,prefill-16k.sstrace,1024,2,23,1024,10240,289,35.432525951557096,8.0,159.5999999999998,649,36,53,54,44,39,25,38
Measured,prefill-16k.sstrace,1024,3,23,1024,10240,375,27.30666666666667,8.0,97.90000000000003,546,53,65,66,58,59,37,37
Measured,prefill-16k.sstrace,1024,4,23,1024,10240,355,28.845070422535212,8.0,116.80000000000007,619,56,61,51,45,54,45,43
Measured,prefill-16k.sstrace,1024,5,23,1024,10240,282,36.312056737588655,5.5,210.74999999999972,786,68,43,50,36,28,25,32
Measured,prefill-16k.sstrace,1024,6,23,1024,10240,252,40.63492063492063,5.0,191.84999999999985,847,50,50,46,28,25,17,36
Measured,prefill-16k.sstrace,1024,7,23,1024,10240,352,29.09090909090909,6.0,113.69999999999993,749,54,73,62,55,39,33,36
Measured,prefill-16k.sstrace,1024,8,23,1024,10240,348,29.42528735632184,9.0,126.94999999999993,647,45,62,52,58,48,41,42
Measured,prefill-16k.sstrace,1024,9,23,1024,10240,275,37.236363636363635,7.0,158.0000000000001,849,54,47,39,52,29,20,34
Measured,prefill-16k.sstrace,1024,10,23,1024,10240,257,39.8443579766537,5.0,182.19999999999942,884,54,52,46,26,23,20,36
Measured,prefill-16k.sstrace,1024,11,23,1024,10240,197,51.97969543147208,7.0,224.39999999999986,908,47,33,25,24,14,17,37
Measured,prefill-16k.sstrace,1024,12,23,1024,10240,190,53.89473684210526,7.0,238.84999999999988,927,35,36,26,20,14,21,38
Measured,prefill-16k.sstrace,1024,13,23,1024,10240,197,51.97969543147208,8.0,218.7999999999999,916,40,32,24,29,19,18,35
Measured,prefill-16k.sstrace,1024,14,23,1024,10240,143,71.60839160839161,7.0,364.80000000000007,923,34,16,25,13,14,7,34
Measured,prefill-16k.sstrace,1024,15,23,1003,10030,380,26.394736842105264,7.0,96.20000000000005,614,50,71,74,63,61,29,32
Measured,prefill-16k.sstrace,1024,0,24,1024,10240,374,27.379679144385026,9.0,123.0999999999998,437,54,60,55,66,49,40,50
Measured,prefill-16k.sstrace,1024,1,24,1024,10240,296,34.5945945945946,12.0,129.0,604,43,32,50,50,49,33,39
Measured,prefill-16k.sstrace,1024,2,24,1024,10240,261,39.23371647509578,8.0,203.0,644,38,44,48,30,33,29,39
Measured,prefill-16k.sstrace,1024,3,24,1024,10240,361,28.365650969529085,8.0,131.0,513,48,50,68,65,56,34,40
Measured,prefill-16k.sstrace,1024,4,24,1024,10240,323,31.70278637770898,10.0,142.4999999999999,378,40,59,44,45,53,33,49
Measured,prefill-16k.sstrace,1024,5,24,1024,10240,247,41.45748987854251,8.0,246.49999999999994,717,43,36,40,36,35,22,35
Measured,prefill-16k.sstrace,1024,6,24,1024,10240,232,44.13793103448276,6.5,246.29999999999984,765,39,56,29,25,27,21,35
Measured,prefill-16k.sstrace,1024,7,24,1024,10240,345,29.681159420289855,7.0,128.40000000000003,567,49,63,63,53,49,32,36
Measured,prefill-16k.sstrace,1024,8,24,1024,10240,313,32.715654952076676,9.0,134.79999999999995,414,40,46,49,50,45,36,47
Measured,prefill-16k.sstrace,1024,9,24,1024,10240,250,40.96,6.0,206.74999999999991,733,50,43,41,23,28,23,42
Measured,prefill-16k.sstrace,1024,10,24,1024,10240,237,43.20675105485232,7.0,202.39999999999986,793,60,28,36,33,21,18,41
Measured,prefill-16k.sstrace,1024,11,24,1024,10240,195,52.51282051282051,7.0,249.79999999999905,824,44,30,24,21,22,15,39
Measured,prefill-16k.sstrace,1024,12,24,1024,10240,198,51.717171717171716,7.0,216.8499999999991,861,46,33,22,17,22,18,40
Measured,prefill-16k.sstrace,1024,13,24,1024,10240,198,51.717171717171716,7.0,231.59999999999945,868,43,33,27,20,20,17,38
Measured,prefill-16k.sstrace,1024,14,24,1024,10240,142,72.11267605633803,9.0,362.0499999999998,929,21,26,18,21,13,10,33
Measured,prefill-16k.sstrace,1024,15,24,1003,10030,366,27.404371584699454,9.0,113.5,525,58,50,65,69,45,45,34
Measured,prefill-16k.sstrace,1024,0,25,1024,10240,393,26.0559796437659,10.0,110.39999999999998,301,59,43,68,70,64,45,44
Measured,prefill-16k.sstrace,1024,1,25,1024,10240,368,27.82608695652174,12.0,98.64999999999998,338,44,36,57,75,59,49,48
Measured,prefill-16k.sstrace,1024,2,25,1024,10240,325,31.50769230769231,11.0,139.60000000000002,398,36,56,47,50,55,38,43
Measured,prefill-16k.sstrace,1024,3,25,1024,10240,408,25.098039215686274,9.0,96.29999999999995,445,50,66,69,75,62,42,44
Measured,prefill-16k.sstrace,1024,4,25,1024,10240,381,26.876640419947506,11.0,103.0,312,48,61,51,58,73,42,48
Measured,prefill-16k.sstrace,1024,5,25,1024,10240,322,31.801242236024844,9.5,128.74999999999994,618,52,41,57,48,43,38,43
Measured,prefill-16k.sstrace,1024,6,25,1024,10240,294,34.82993197278912,9.0,132.2999999999994,665,50,36,47,41,44,32,44
Measured,prefill-16k.sstrace,1024,7,25,1024,10240,393,26.0559796437659,8.0,101.79999999999984,568,55,65,64,83,50,37,39
Measured,prefill-16k.sstrace,1024,8,25,1024,10240,373,27.45308310991957,11.0,102.79999999999995,359,52,41,67,59,68,42,44
Measured,prefill-16k.sstrace,1024,9,25,1024,10240,308,33.246753246753244,9.0,128.79999999999973,654,37,51,52,54,44,30,40
Measured,prefill-16k.sstrace,1024,10,25,1024,10240,288,35.55555555555556,8.0,142.5999999999999,739,45,42,53,45,30,31,42
Measured,prefill-16k.sstrace,1024,11,25,1024,10240,241,42.489626556016596,9.0,177.0,782,37,38,34,32,27,30,43
Measured,prefill-16k.sstrace,1024,12,25,1024,10240,235,43.57446808510638,11.0,171.29999999999998,852,50,31,23,37,25,25,44
Measured,prefill-16k.sstrace,1024,13,25,1024,10240,250,40.96,7.0,144.0,869,56,44,27,29,24,23,47
Measured,prefill-16k.sstrace,1024,14,25,1024,10240,201,50.9452736318408,7.0,223.0,964,46,26,29,24,12,19,45
Measured,prefill-16k.sstrace,1024,15,25,1003,10030,397,25.26448362720403,9.0,95.99999999999994,618,61,56,71,73,59,47,30
Measured,prefill-16k.sstrace,1024,0,26,1024,10240,403,25.409429280397024,10.0,111.79999999999995,286,43,60,62,76,66,53,43
Measured,prefill-16k.sstrace,1024,1,26,1024,10240,327,31.31498470948012,11.0,140.0,412,42,41,52,55,55,38,44
Measured,prefill-16k.sstrace,1024,2,26,1024,10240,294,34.82993197278912,8.0,183.69999999999993,594,48,45,49,42,42,31,37
Measured,prefill-16k.sstrace,1024,3,26,1024,10240,402,25.4726368159204,8.0,123.79999999999995,456,50,72,70,75,60,38,37
Measured,prefill-16k.sstrace,1024,4,26,1024,10240,350,29.257142857142856,10.0,121.75000000000006,363,47,53,55,45,57,47,46
Measured,prefill-16k.sstrace,1024,5,26,1024,10240,309,33.13915857605178,9.0,151.59999999999997,641,50,53,43,40,49,36,38
Measured,prefill-16k.sstrace,1024,6,26,1024,10240,284,36.056338028169016,10.0,155.49999999999966,559,50,40,38,41,45,24,46
Measured,prefill-16k.sstrace,1024,7,26,1024,10240,396,25.858585858585858,9.0,113.0,436,59,62,48,86,66,32,43
Measured,prefill-16k.sstrace,1024,8,26,1024,10240,347,29.51008645533141,11.0,115.09999999999997,377,46,47,60,45,50,55,44
Measured,prefill-16k.sstrace,1024,9,26,1024,10240,298,34.36241610738255,9.0,156.04999999999984,482,35,53,42,54,38,31,45
Measured,prefill-16k.sstrace,1024,10,26,1024,10240,288,35.55555555555556,8.0,169.0,433,56,45,41,32,38,27,49
Measured,prefill-16k.sstrace,1024,11,26,1024,10240,246,41.6260162601626,11.0,208.5,415,40,36,29,34,30,27,50
Measured,prefill-16k.sstrace,1024,12,26,1024,10240,241,42.489626556016596,10.0,213.0,468,42,31,35,24,29,37,43
Measured,prefill-16k.sstrace,1024,13,26,1024,10240,258,39.689922480620154,8.5,193.6999999999996,536,56,38,29,33,29,33,40
Measured,prefill-16k.sstrace,1024,14,26,1024,10240,208,49.23076923076923,6.5,231.39999999999964,672,41,43,23,20,13,30,38
Measured,prefill-16k.sstrace,1024,15,26,1003,10030,397,25.26448362720403,9.0,103.39999999999998,403,51,64,66,81,50,49,36
Measured,prefill-16k.sstrace,1024,0,27,1024,10240,393,26.0559796437659,11.0,96.0,306,44,55,57,72,64,56,45
Measured,prefill-16k.sstrace,1024,1,27,1024,10240,373,27.45308310991957,10.0,122.19999999999982,328,51,44,64,72,56,45,41
Measured,prefill-16k.sstrace,1024,2,27,1024,10240,346,29.595375722543352,9.0,137.5,448,52,61,44,65,50,29,45
Measured,prefill-16k.sstrace,1024,3,27,1024,10240,419,24.439140811455847,9.0,103.0,319,52,65,66,84,68,41,43
Measured,prefill-16k.sstrace,1024,4,27,1024,10240,397,25.79345088161209,11.0,102.99999999999994,295,52,56,66,68,57,54,44
Measured,prefill-16k.sstrace,1024,5,27,1024,10240,338,30.29585798816568,7.0,149.44999999999993,405,65,50,63,50,37,30,43
Measured,prefill-16k.sstrace,1024,6,27,1024,10240,306,33.4640522875817,7.5,174.5,535,66,43,44,42,37,31,43
Measured,prefill-16k.sstrace,1024,7,27,1024,10240,403,25.409429280397024,9.0,120.59999999999991,421,57,57,69,72,66,41,41
Measured,prefill-16k.sstrace,1024,8,27,1024,10240,373,27.45308310991957,10.0,115.39999999999998,350,42,51,59,72,60,46,43
Measured,prefill-16k.sstrace,1024,9,27,1024,10240,323,31.70278637770898,7.0,169.69999999999993,407,60,52,55,49,41,23,43
Measured,prefill-16k.sstrace,1024,10,27,1024,10240,310,33.03225806451613,6.0,188.15000000000015,549,56,74,37,40,32,30,41
Measured,prefill-16k.sstrace,1024,11,27,1024,10240,263,38.93536121673004,10.0,197.19999999999982,639,42,41,34,37,39,25,45
Measured,prefill-16k.sstrace,1024,12,27,1024,10240,287,35.6794425087108,7.0,199.19999999999993,666,55,57,34,40,36,21,44
Measured,prefill-16k.sstrace,1024,13,27,1024,10240,280,36.57142857142857,7.0,202.25000000000006,666,48,49,48,36,34,21,44
Measured,prefill-16k.sstrace,1024,14,27,1024,10240,245,41.795918367346935,5.0,221.0,714,55,42,48,20,22,20,38
Measured,prefill-16k.sstrace,1024,15,27,1003,10030,414,24.22705314009662,9.0,100.34999999999997,426,45,70,76,71,70,48,34
Measured,prefill-16k.sstrace,1024,0,28,1024,10240,398,25.728643216080403,9.5,111.14999999999998,290,43,70,68,61,62,47,47
Measured,prefill-16k.sstrace,1024,1,28,1024,10240,309,33.13915857605178,10.0,153.99999999999983,361,42,46,48,45,43,37,48
Measured,prefill-16k.sstrace,1024,2,28,1024,10240,309,33.13915857605178,10.0,141.5999999999998,465,49,46,37,51,41,40,45
Measured,prefill-16k.sstrace,1024,3,28,1024,10240,410,24.975609756097562,9.0,101.54999999999995,388,57,70,56,74,59,52,42
Measured,prefill-16k.sstrace,1024,4,28,1024,10240,357,28.683473389355743,11.0,121.59999999999991,248,47,47,56,55,59,45,48
Measured,prefill-16k.sstrace,1024,5,28,1024,10240,323,31.70278637770898,10.0,134.89999999999998,379,42,51,52,42,52,35,49
Measured,prefill-16k.sstrace,1024,6,28,1024,10240,322,31.801242236024844,10.0,153.95,443,45,47,50,53,53,27,47
Measured,prefill-16k.sstrace,1024,7,28,1024,10240,410,24.975609756097562,9.0,100.0,351,50,58,77,77,68,32,48
Measured,prefill-16k.sstrace,1024,8,28,1024,10240,346,29.595375722543352,12.0,130.5,323,44,46,51,50,60,47,48
Measured,prefill-16k.sstrace,1024,9,28,1024,10240,328,31.21951219512195,9.0,154.5999999999999,395,58,40,52,48,50,33,47
Measured,prefill-16k.sstrace,1024,10,28,1024,10240,316,32.40506329113924,10.0,160.0,448,45,43,47,55,50,28,48
Measured,prefill-16k.sstrace,1024,11,28,1024,10240,311,32.92604501607717,10.0,136.0,478,38,58,44,46,42,35,48
Measured,prefill-16k.sstrace,1024,12,28,1024,10240,307,33.355048859934854,9.0,150.69999999999987,546,53,44,41,50,42,30,47
Measured,prefill-16k.sstrace,1024,13,28,1024,10240,307,33.355048859934854,9.0,148.79999999999995,588,47,41,56,50,41,30,42
Measured,prefill-16k.sstrace,1024,14,28,1024,10240,259,39.536679536679536,8.0,197.69999999999996,700,41,46,41,36,28,25,42
Measured,prefill-16k.sstrace,1024,15,28,1003,10030,412,24.344660194174757,9.0,107.44999999999999,321,57,66,61,86,55,43,44
Measured,prefill-16k.sstrace,1024,0,29,1024,10240,415,24.674698795180724,11.0,99.59999999999991,288,33,61,74,82,63,57,45
Measured,prefill-16k.sstrace,1024,1,29,1024,10240,362,28.287292817679557,11.0,124.94999999999999,295,35,44,68,67,61,43,44
Measured,prefill-16k.sstrace,1024,2,29,1024,10240,355,28.845070422535212,8.0,153.7000000000001,293,44,66,67,53,47,32,46
Measured,prefill-16k.sstrace,1024,3,29,1024,10240,424,24.150943396226417,9.0,105.69999999999993,335,39,65,80,88,69,39,44
Measured,prefill-16k.sstrace,1024,4,29,1024,10240,396,25.858585858585858,10.0,100.25,261,43,65,59,66,68,49,46
Measured,prefill-16k.sstrace,1024,5,29,1024,10240,363,28.209366391184574,7.0,131.49999999999966,352,55,68,60,55,47,29,49
Measured,prefill-16k.sstrace,1024,6,29,1024,10240,361,28.365650969529085,7.0,130.0,479,53,65,70,45,46,41,41
Measured,prefill-16k.sstrace,1024,7,29,1024,10240,435,23.54022988505747,9.0,97.49999999999977,370,45,59,94,86,64,46,41
Measured,prefill-16k.sstrace,1024,8,29,1024,10240,398,25.728643216080403,11.0,95.29999999999995,293,43,51,72,68,71,48,45
Measured,prefill-16k.sstrace,1024,9,29,1024,10240,360,28.444444444444443,8.0,137.05,405,50,55,65,59,49,37,45
Measured,prefill-16k.sstrace,1024,10,29,1024,10240,356,28.764044943820224,9.0,133.75,540,46,64,53,70,44,37,42
Measured,prefill-16k.sstrace,1024,11,29,1024,10240,341,30.029325513196483,10.0,123.0,523,54,53,43,58,60,32,41
Measured,prefill-16k.sstrace,1024,12,29,1024,10240,338,30.29585798816568,11.0,119.59999999999945,564,45,59,45,50,63,38,38
Measured,prefill-16k.sstrace,1024,13,29,1024,10240,349,29.340974212034386,10.0,120.99999999999983,597,61,54,43,60,56,33,42
Measured,prefill-16k.sstrace,1024,14,29,1024,10240,318,32.20125786163522,8.0,167.14999999999998,500,54,59,45,47,41,32,40
Measured,prefill-16k.sstrace,1024,15,29,1003,10030,436,23.004587155963304,11.0,92.25,270,46,54,69,94,77,55,41
Measured,prefill-16k.sstrace,1024,0,30,1024,10240,424,24.150943396226417,11.0,92.69999999999993,259,44,42,81,80,77,57,43
Measured,prefill-16k.sstrace,1024,1,30,1024,10240,417,24.556354916067146,11.0,92.19999999999999,455,43,44,84,79,69,60,38
Measured,prefill-16k.sstrace,1024,2,30,1024,10240,397,25.79345088161209,8.0,99.39999999999998,428,45,56,86,65,60,44,41
Measured,prefill-16k.sstrace,1024,3,30,1024,10240,436,23.486238532110093,10.5,89.0,302,43,48,82,92,72,58,41
Measured,prefill-16k.sstrace,1024,4,30,1024,10240,438,23.378995433789953,12.0,79.3499999999998,346,43,58,66,90,79,63,39
Measured,prefill-16k.sstrace,1024,5,30,1024,10240,407,25.159705159705158,9.0,108.49999999999994,304,49,70,67,71,60,44,46
Measured,prefill-16k.sstrace,1024,6,30,1024,10240,395,25.924050632911392,10.0,103.59999999999991,340,55,51,65,62,59,54,49
Measured,prefill-16k.sstrace,1024,7,30,1024,10240,450,22.755555555555556,10.0,86.54999999999995,239,38,53,92,88,84,58,37
Measured,prefill-16k.sstrace,1024,8,30,1024,10240,419,24.439140811455847,13.0,81.0,239,32,41,73,81,92,67,33
Measured,prefill-16k.sstrace,1024,9,30,1024,10240,413,24.79418886198547,9.0,105.19999999999993,296,60,57,72,76,67,37,44
Measured,prefill-16k.sstrace,1024,10,30,1024,10240,400,25.6,10.0,108.04999999999995,277,49,61,68,67,61,44,50
Measured,prefill-16k.sstrace,1024,11,30,1024,10240,368,27.82608695652174,10.0,113.0,227,50,44,64,60,52,47,51
Measured,prefill-16k.sstrace,1024,12,30,1024,10240,381,26.876640419947506,10.0,107.0,255,47,57,57,63,50,59,48
Measured,prefill-16k.sstrace,1024,13,30,1024,10240,377,27.161803713527853,11.0,105.39999999999998,292,49,47,60,58,68,47,48
Measured,prefill-16k.sstrace,1024,14,30,1024,10240,353,29.008498583569406,11.0,126.19999999999993,361,42,51,54,60,58,43,45
Measured,prefill-16k.sstrace,1024,15,30,1003,10030,455,22.043956043956044,12.0,75.59999999999991,241,26,58,70,106,93,65,37
Measured,prefill-16k.sstrace,1024,0,31,1024,10240,413,24.79418886198547,10.0,105.0,277,48,65,70,83,59,40,48
Measured,prefill-16k.sstrace,1024,1,31,1024,10240,444,23.063063063063062,10.0,95.84999999999997,196,48,49,89,95,67,53,43
Measured,prefill-16k.sstrace,1024,2,31,1024,10240,415,24.674698795180724,9.0,94.29999999999995,339,42,55,78,79,67,50,44
Measured,prefill-16k.sstrace,1024,3,31,1024,10240,413,24.79418886198547,11.0,92.19999999999993,273,39,46,73,90,61,64,40
Measured,prefill-16k.sstrace,1024,4,31,1024,10240,438,23.378995433789953,10.5,92.0,206,43,63,79,85,66,59,43
Measured,prefill-16k.sstrace,1024,5,31,1024,10240,404,25.346534653465348,7.5,130.5499999999999,317,50,69,83,61,59,40,42
Measured,prefill-16k.sstrace,1024,6,31,1024,10240,383,26.736292428198432,8.0,132.79999999999995,351,59,59,68,60,57,41,39
Measured,prefill-16k.sstrace,1024,7,31,1024,10240,425,24.094117647058823,9.0,105.79999999999995,299,55,64,67,88,54,56,41
Measured,prefill-16k.sstrace,1024,8,31,1024,10240,443,23.115124153498872,9.0,87.89999999999998,264,47,74,77,68,74,59,44
Measured,prefill-16k.sstrace,1024,9,31,1024,10240,387,26.459948320413435,9.0,123.69999999999999,299,41,66,68,69,52,49,42
Measured,prefill-16k.sstrace,1024,10,31,1024,10240,369,27.75067750677507,8.0,120.0,387,44,69,56,63,51,38,48
Measured,prefill-16k.sstrace,1024,11,31,1024,10240,381,26.876640419947506,7.0,115.0,429,61,64,67,57,45,41,46
Measured,prefill-16k.sstrace,1024,12,31,1024,10240,368,27.82608695652174,8.0,130.5999999999999,501,52,58,67,64,44,35,48
Measured,prefill-16k.sstrace,1024,13,31,1024,10240,379,27.018469656992085,7.0,132.0,557,58,65,70,60,43,34,49
Measured,prefill-16k.sstrace,1024,14,31,1024,10240,342,29.941520467836256,8.0,134.0,689,37,66,62,56,41,38,42
Measured,prefill-16k.sstrace,1024,15,31,1003,10030,438,22.899543378995435,11.0,87.14999999999998,386,34,67,73,86,87,51,40
Measured,prefill-16k.sstrace,1024,0,32,1024,10240,389,26.323907455012854,9.0,110.99999999999983,487,50,69,49,80,58,37,46
Measured,prefill-16k.sstrace,1024,1,32,1024,10240,420,24.38095238095238,10.0,91.0,220,39,70,65,77,76,52,41
Measured,prefill-16k.sstrace,1024,2,32,1024,10240,391,26.18925831202046,8.0,111.5,434,56,57,74,72,41,44,47
Measured,prefill-16k.sstrace,1024,3,32,1024,10240,402,25.4726368159204,9.0,107.94999999999999,475,46,73,68,69,55,49,42
Measured,prefill-16k.sstrace,1024,4,32,1024,10240,411,24.91484184914842,9.0,93.0,317,48,66,76,65,61,50,45
Measured,prefill-16k.sstrace,1024,5,32,1024,10240,376,27.23404255319149,7.0,112.5,645,55,75,60,65,44,37,40
Measured,prefill-16k.sstrace,1024,6,32,1024,10240,352,29.09090909090909,7.0,117.44999999999999,724,58,63,60,52,41,40,38
Measured,prefill-16k.sstrace,1024,7,32,1024,10240,403,25.409429280397024,9.0,111.59999999999991,550,54,57,79,73,56,45,39
Measured,prefill-16k.sstrace,1024,8,32,1024,10240,409,25.03667481662592,9.0,101.19999999999993,433,35,77,78,72,63,45,39
Measured,prefill-16k.sstrace,1024,9,32,1024,10240,370,27.675675675675677,7.0,125.10000000000002,638,61,68,66,56,44,38,37
Measured,prefill-16k.sstrace,1024,10,32,1024,10240,352,29.09090909090909,6.0,135.4999999999999,762,56,67,66,48,45,34,36
Measured,prefill-16k.sstrace,1024,11,32,1024,10240,322,31.801242236024844,8.0,138.64999999999992,725,47,52,61,45,45,33,39
Measured,prefill-16k.sstrace,1024,12,32,1024,10240,335,30.567164179104477,7.0,126.10000000000008,716,59,68,49,45,41,34,39
Measured,prefill-16k.sstrace,1024,13,32,1024,10240,336,30.476190476190474,7.5,116.5,713,51,62,55,57,32,37,42
Measured,prefill-16k.sstrace,1024,14,32,1024,10240,319,32.10031347962382,8.0,122.79999999999973,778,49,49,55,57,39,28,42
Measured,prefill-16k.sstrace,1024,15,32,1003,10030,432,23.21759259259259,9.5,86.24999999999994,454,68,56,70,86,60,58,34
Measured,prefill-16k.sstrace,1024,0,33,1024,10240,439,23.325740318906607,10.0,89.2999999999999,209,39,56,85,96,61,53,49
Measured,prefill-16k.sstrace,1024,1,33,1024,10240,414,24.734299516908212,10.0,97.69999999999993,276,36,61,73,90,60,53,41
Measured,prefill-16k.sstrace,1024,2,33,1024,10240,398,25.728643216080403,7.0,107.14999999999998,374,61,68,73,55,56,43,42
Measured,prefill-16k.sstrace,1024,3,33,1024,10240,422,24.265402843601894,11.0,84.94999999999999,337,50,53,73,80,69,59,38
Measured,prefill-16k.sstrace,1024,4,33,1024,10240,418,24.497607655502392,10.0,88.44999999999993,344,48,56,68,81,73,55,37
Measured,prefill-16k.sstrace,1024,5,33,1024,10240,384,26.666666666666668,7.0,114.84999999999997,388,40,66,90,61,48,39,40
Measured,prefill-16k.sstrace,1024,6,33,1024,10240,378,27.08994708994709,8.0,117.74999999999989,508,60,54,74,49,55,40,46
Measured,prefill-16k.sstrace,1024,7,33,1024,10240,429,23.86946386946387,10.0,92.59999999999997,426,38,58,85,89,63,57,39
Measured,prefill-16k.sstrace,1024,8,33,1024,10240,407,25.159705159705158,10.0,89.09999999999997,410,40,56,73,75,75,52,36
Measured,prefill-16k.sstrace,1024,9,33,1024,10240,386,26.528497409326423,8.0,105.75,485,52,75,57,75,39,46,42
Measured,prefill-16k.sstrace,1024,10,33,1024,10240,391,26.18925831202046,9.0,114.5,584,50,63,73,67,51,42,45
Measured,prefill-16k.sstrace,1024,11,33,1024,10240,365,28.054794520547944,10.0,114.60000000000008,564,45,66,54,56,52,44,48
Measured,prefill-16k.sstrace,1024,12,33,1024,10240,359,28.52367688022284,10.0,113.19999999999993,607,46,55,52,56,55,49,46
Measured,prefill-16k.sstrace,1024,13,33,1024,10240,373,27.45308310991957,11.0,113.0,533,53,54,54,66,54,46,46
Measured,prefill-16k.sstrace,1024,14,33,1024,10240,356,28.764044943820224,10.0,132.0,380,50,55,57,55,50,44,45
Measured,prefill-16k.sstrace,1024,15,33,1003,10030,452,22.190265486725664,11.0,83.89999999999998,319,49,56,70,96,89,60,32
Measured,prefill-16k.sstrace,1024,0,34,1024,10240,421,24.323040380047505,10.0,91.0,430,40,52,86,91,80,42,30
Measured,prefill-16k.sstrace,1024,1,34,1024,10240,342,29.941520467836256,10.0,140.69999999999993,506,40,44,57,64,66,40,31
Measured,prefill-16k.sstrace,1024,2,34,1024,10240,329,31.124620060790274,7.0,150.0,752,50,57,59,54,36,33,40
Measured,prefill-16k.sstrace,1024,3,34,1024,10240,404,25.346534653465348,8.0,129.94999999999976,611,52,66,80,77,65,29,35
Measured,prefill-16k.sstrace,1024,4,34,1024,10240,362,28.287292817679557,11.0,113.79999999999995,432,30,45,68,68,71,38,42
Measured,prefill-16k.sstrace,1024,5,34,1024,10240,324,31.604938271604937,7.0,139.69999999999993,762,42,55,69,48,41,29,40
Measured,prefill-16k.sstrace,1024,6,34,1024,10240,328,31.21951219512195,6.0,143.5999999999999,786,52,75,52,46,36,33,34
Measured,prefill-16k.sstrace,1024,7,34,1024,10240,423,24.2080378250591,7.0,109.89999999999998,636,46,86,95,79,46,35,36
Measured,prefill-16k.sstrace,1024,8,34,1024,10240,370,27.675675675675677,11.0,121.85000000000008,403,38,52,63,62,83,31,41
Measured,prefill-16k.sstrace,1024,9,34,1024,10240,325,31.50769230769231,7.0,153.60000000000002,674,52,65,53,55,41,21,38
Measured,prefill-16k.sstrace,1024,10,34,1024,10240,312,32.82051282051282,7.0,156.99999999999977,674,59,46,58,49,35,29,36
Measured,prefill-16k.sstrace,1024,11,34,1024,10240,291,35.18900343642612,7.0,152.5,689,52,61,42,45,32,25,34
Measured,prefill-16k.sstrace,1024,12,34,1024,10240,291,35.18900343642612,7.0,183.5,640,59,49,45,38,40,25,35
Measured,prefill-16k.sstrace,1024,13,34,1024,10240,286,35.80419580419581,7.0,193.75,687,52,44,50,41,36,26,37
Measured,prefill-16k.sstrace,1024,14,34,1024,10240,257,39.8443579766537,8.0,214.39999999999952,704,41,45,41,42,27,24,37
Measured,prefill-16k.sstrace,1024,15,34,1003,10030,428,23.434579439252335,8.5,83.29999999999995,390,43,75,83,73,76,46,32
Measured,prefill-16k.sstrace,1024,0,35,1024,10240,396,25.858585858585858,10.0,102.5,323,39,53,84,64,70,41,45
Measured,prefill-16k.sstrace,1024,1,35,1024,10240,387,26.459948320413435,8.0,102.69999999999999,425,47,66,70,65,56,46,37
Measured,prefill-16k.sstrace,1024,2,35,1024,10240,366,27.97814207650273,6.0,131.25,524,63,60,74,53,42,30,44
Measured,prefill-16k.sstrace,1024,3,35,1024,10240,394,25.98984771573604,8.0,108.69999999999993,457,49,73,65,68,49,51,39
Measured,prefill-16k.sstrace,1024,4,35,1024,10240,409,25.03667481662592,11.0,101.39999999999986,409,54,61,58,70,71,56,39
Measured,prefill-16k.sstrace,1024,5,35,1024,10240,361,28.365650969529085,7.0,135.0,475,51,68,67,57,44,32,42
Measured,prefill-16k.sstrace,1024,6,35,1024,10240,352,29.09090909090909,7.0,142.24999999999994,665,70,54,57,53,42,25,51
Measured,prefill-16k.sstrace,1024,7,35,1024,10240,407,25.159705159705158,9.0,107.69999999999999,490,48,58,78,80,58,40,45
Measured,prefill-16k.sstrace,1024,8,35,1024,10240,394,25.98984771573604,11.0,106.0499999999999,396,39,53,64,77,69,55,37
Measured,prefill-16k.sstrace,1024,9,35,1024,10240,359,28.52367688022284,7.0,134.79999999999973,437,61,54,67,56,43,39,39
Measured,prefill-16k.sstrace,1024,10,35,1024,10240,337,30.385756676557865,9.0,138.19999999999987,687,51,52,53,57,44,33,47
Measured,prefill-16k.sstrace,1024,11,35,1024,10240,312,32.82051282051282,10.0,145.45,742,36,45,55,57,40,34,45
Measured,prefill-16k.sstrace,1024,12,35,1024,10240,343,29.854227405247812,9.0,120.19999999999982,774,55,53,52,54,46,39,44
Measured,prefill-16k.sstrace,1024,13,35,1024,10240,344,29.767441860465116,8.5,131.94999999999976,830,54,52,56,55,40,46,41
Measured,prefill-16k.sstrace,1024,14,35,1024,10240,321,31.90031152647975,8.0,125.0,848,52,48,52,47,40,41,41
Measured,prefill-16k.sstrace,1024,15,35,1003,10030,421,23.824228028503562,11.0,81.0,400,45,71,61,73,78,52,41
Measured,prefill-16k.sstrace,1024,0,36,1024,10240,392,26.122448979591837,9.0,96.94999999999987,313,55,48,73,63,57,54,42
Measured,prefill-16k.sstrace,1024,1,36,1024,10240,382,26.80628272251309,8.0,88.89999999999998,611,43,68,71,72,49,47,32
Measured,prefill-16k.sstrace,1024,2,36,1024,10240,368,27.82608695652174,6.0,97.64999999999998,755,60,68,72,54,49,31,34
Measured,prefill-16k.sstrace,1024,3,36,1024,10240,372,27.526881720430108,9.0,100.89999999999998,656,57,56,59,58,66,45,31
Measured,prefill-16k.sstrace,1024,4,36,1024,10240,397,25.79345088161209,11.0,87.59999999999997,495,51,59,59,65,74,59,30
Measured,prefill-16k.sstrace,1024,5,36,1024,10240,347,29.51008645533141,7.0,131.19999999999993,745,61,55,67,52,48,28,36
Measured,prefill-16k.sstrace,1024,6,36,1024,10240,319,32.10031347962382,6.0,143.39999999999986,690,67,54,53,50,32,27,36
Measured,prefill-16k.sstrace,1024,7,36,1024,10240,362,28.287292817679557,9.0,119.94999999999999,576,50,56,62,64,62,34,34
Measured,prefill-16k.sstrace,1024,8,36,1024,10240,379,27.018469656992085,10.0,107.0,529,50,57,47,80,62,48,35
Measured,prefill-16k.sstrace,1024,9,36,1024,10240,330,31.03030303030303,6.0,133.9500000000001,725,69,60,59,42,42,20,38
Measured,prefill-16k.sstrace,1024,10,36,1024,10240,302,33.90728476821192,5.0,144.64999999999992,784,70,52,46,40,32,32,30
Measured,prefill-16k.sstrace,1024,11,36,1024,10240,271,37.7859778597786,7.0,161.5,805,60,46,36,41,34,17,37
Measured,prefill-16k.sstrace,1024,12,36,1024,10240,284,36.056338028169016,6.0,134.34999999999962,733,71,46,37,44,30,24,32
Measured,prefill-16k.sstrace,1024,13,36,1024,10240,278,36.83453237410072,6.0,130.09999999999968,728,57,57,36,43,30,20,35
Measured,prefill-16k.sstrace,1024,14,36,1024,10240,254,40.31496062992126,5.0,204.74999999999997,770,61,42,38,35,29,16,33
Measured,prefill-16k.sstrace,1024,15,36,1003,10030,390,25.71794871794872,10.0,95.19999999999982,484,49,50,73,76,67,46,29
Measured,prefill-16k.sstrace,1024,0,37,1024,10240,418,24.497607655502392,8.0,97.89999999999986,446,37,65,96,79,62,43,36
Measured,prefill-16k.sstrace,1024,1,37,1024,10240,362,28.287292817679557,6.0,141.79999999999995,667,55,70,63,60,42,32,40
Measured,prefill-16k.sstrace,1024,2,37,1024,10240,331,30.936555891238672,5.0,151.5,843,63,66,65,47,33,23,34
Measured,prefill-16k.sstrace,1024,3,37,1024,10240,388,26.391752577319586,7.0,119.74999999999966,659,51,71,89,64,54,27,32
Measured,prefill-16k.sstrace,1024,4,37,1024,10240,399,25.664160401002505,8.0,91.5999999999998,613,53,55,79,78,58,44,32
Measured,prefill-16k.sstrace,1024,5,37,1024,10240,324,31.604938271604937,5.0,132.94999999999976,852,69,65,69,40,28,22,31
Measured,prefill-16k.sstrace,1024,6,37,1024,10240,286,35.80419580419581,4.0,164.0,812,66,68,40,39,27,17,29
Measured,prefill-16k.sstrace,1024,7,37,1024,10240,369,27.75067750677507,6.0,91.59999999999997,616,57,63,78,65,49,24,33
Measured,prefill-16k.sstrace,1024,8,37,1024,10240,392,26.122448979591837,9.0,101.0499999999999,599,43,64,76,75,63,38,33
Measured,prefill-16k.sstrace,1024,9,37,1024,10240,311,32.92604501607717,5.0,141.0,835,66,61,59,38,34,23,30
Measured,prefill-16k.sstrace,1024,10,37,1024,10240,263,38.93536121673004,5.0,188.89999999999975,785,57,57,40,35,28,16,30
Measured,prefill-16k.sstrace,1024,11,37,1024,10240,238,43.02521008403362,5.0,187.79999999999882,838,52,48,32,34,27,14,31
Measured,prefill-16k.sstrace,1024,12,37,1024,10240,258,39.689922480620154,5.0,188.09999999999923,813,64,44,41,29,35,14,31
Measured,prefill-16k.sstrace,1024,13,37,1024,10240,252,40.63492063492063,6.0,219.94999999999987,809,50,48,45,30,33,17,29
Measured,prefill-16k.sstrace,1024,14,37,1024,10240,233,43.94849785407725,5.0,245.19999999999948,859,52,43,35,32,24,17,30
Measured,prefill-16k.sstrace,1024,15,37,1003,10030,411,24.40389294403893,7.0,86.0,505,50,72,87,70,63,35,34
Measured,prefill-16k.sstrace,1024,0,38,1024,10240,409,25.03667481662592,7.0,86.59999999999997,612,44,83,93,78,52,32,27
Measured,prefill-16k.sstrace,1024,1,38,1024,10240,271,37.7859778597786,8.0,180.0,656,47,47,40,38,27,27,45
Measured,prefill-16k.sstrace,1024,2,38,1024,10240,260,39.38461538461539,6.0,199.04999999999998,633,46,49,49,29,20,21,46
Measured,prefill-16k.sstrace,1024,3,38,1024,10240,362,28.287292817679557,5.5,158.79999999999995,568,68,62,86,50,32,24,40
Measured,prefill-16k.sstrace,1024,4,38,1024,10240,321,31.90031152647975,7.0,143.0,688,39,63,61,42,47,30,39
Measured,prefill-16k.sstrace,1024,5,38,1024,10240,268,38.208955223880594,8.0,183.2499999999999,642,54,36,40,34,32,31,41
Measured,prefill-16k.sstrace,1024,6,38,1024,10240,252,40.63492063492063,8.0,189.34999999999974,458,45,40,37,31,24,25,50
Measured,prefill-16k.sstrace,1024,7,38,1024,10240,345,29.681159420289855,6.0,149.40000000000003,453,65,66,57,52,25,33,47
Measured,prefill-16k.sstrace,1024,8,38,1024,10240,315,32.507936507936506,7.0,144.10000000000008,668,49,48,62,41,39,36,40
Measured,prefill-16k.sstrace,1024,9,38,1024,10240,268,38.208955223880594,7.0,185.29999999999995,618,43,51,42,30,27,32,43
Measured,prefill-16k.sstrace,1024,10,38,1024,10240,235,43.57446808510638,9.0,195.39999999999986,515,43,39,27,30,25,20,51
Measured,prefill-16k.sstrace,1024,11,38,1024,10240,220,46.54545454545455,8.0,220.49999999999983,599,40,34,33,25,23,15,50
Measured,prefill-16k.sstrace,1024,12,38,1024,10240,226,45.309734513274336,8.0,208.75,503,47,33,28,31,25,21,41
Measured,prefill-16k.sstrace,1024,13,38,1024,10240,224,45.714285714285715,10.0,198.0,461,39,31,29,37,21,21,46
Measured,prefill-16k.sstrace,1024,14,38,1024,10240,208,49.23076923076923,7.5,277.14999999999975,526,45,33,26,31,14,21,38
Measured,prefill-16k.sstrace,1024,15,38,1003,10030,379,26.464379947229553,6.0,150.09999999999997,365,66,66,81,57,38,28,43
Measured,prefill-16k.sstrace,1024,0,39,1024,10240,378,27.08994708994709,9.0,103.19999999999982,349,39,55,65,69,67,49,34
Measured,prefill-16k.sstrace,1024,1,39,1024,10240,383,26.736292428198432,8.0,127.69999999999993,418,53,67,64,81,58,23,37
Measured,prefill-16k.sstrace,1024,2,39,1024,10240,357,28.683473389355743,5.0,152.99999999999994,545,75,75,71,55,22,22,37
Measured,prefill-16k.sstrace,1024,3,39,1024,10240,356,28.764044943820224,7.0,164.25,563,47,63,77,65,44,22,38
Measured,prefill-16k.sstrace,1024,4,39,1024,10240,391,26.18925831202046,10.0,113.5,424,55,59,65,76,58,39,39
Measured,prefill-16k.sstrace,1024,5,39,1024,10240,333,30.75075075075075,4.0,174.79999999999995,705,81,70,58,35,27,23,39
Measured,prefill-16k.sstrace,1024,6,39,1024,10240,273,37.50915750915751,4.0,190.39999999999884,798,74,46,45,28,19,21,40
Measured,prefill-16k.sstrace,1024,7,39,1024,10240,354,28.926553672316384,6.0,152.0,599,57,66,83,40,40,28,40
Measured,prefill-16k.sstrace,1024,8,39,1024,10240,395,25.924050632911392,8.0,124.39999999999964,404,41,67,86,64,61,36,40
Measured,prefill-16k.sstrace,1024,9,39,1024,10240,316,32.40506329113924,5.0,198.5,758,73,56,59,39,33,19,37
Measured,prefill-16k.sstrace,1024,10,39,1024,10240,251,40.79681274900398,5.0,212.0,749,54,47,41,28,21,23,37
Measured,prefill-16k.sstrace,1024,11,39,1024,10240,224,45.714285714285715,4.5,235.1499999999999,692,49,50,28,13,26,18,40
Measured,prefill-16k.sstrace,1024,12,39,1024,10240,233,43.94849785407725,5.0,224.39999999999998,569,54,49,30,18,26,14,42
Measured,prefill-16k.sstrace,1024,13,39,1024,10240,258,39.689922480620154,4.0,223.5999999999999,580,69,51,30,30,18,17,43
Measured,prefill-16k.sstrace,1024,14,39,1024,10240,198,51.717171717171716,6.0,264.44999999999993,787,47,32,27,18,23,14,37
Measured,prefill-16k.sstrace,1024,15,39,1003,10030,387,25.91731266149871,7.0,116.69999999999999,508,47,70,77,79,45,27,42
Measured,prefill-16k.sstrace,1024,0,40,1024,10240,430,23.813953488372093,10.0,92.54999999999995,431,43,63,88,72,77,48,39
Measured,prefill-16k.sstrace,1024,1,40,1024,10240,419,24.439140811455847,8.0,82.09999999999962,729,56,69,79,89,73,25,28
Measured,prefill-16k.sstrace,1024,2,40,1024,10240,386,26.528497409326423,6.0,131.75,805,54,82,90,70,40,18,32
Measured,prefill-16k.sstrace,1024,3,40,1024,10240,406,25.221674876847292,8.0,116.5,643,50,67,79,81,68,30,31
Measured,prefill-16k.sstrace,1024,4,40,1024,10240,416,24.615384615384617,8.0,87.0,552,50,58,92,66,69,44,37
Measured,prefill-16k.sstrace,1024,5,40,1024,10240,359,28.52367688022284,4.0,160.0,812,81,77,66,53,24,26,32
Measured,prefill-16k.sstrace,1024,6,40,1024,10240,315,32.507936507936506,4.0,198.90000000000003,862,83,67,50,37,19,22,37
Measured,prefill-16k.sstrace,1024,7,40,1024,10240,390,26.256410256410255,7.0,149.9999999999991,723,62,75,68,75,53,25,32
Measured,prefill-16k.sstrace,1024,8,40,1024,10240,419,24.439140811455847,8.0,96.8999999999997,586,56,68,78,78,63,45,31
Measured,prefill-16k.sstrace,1024,9,40,1024,10240,315,32.507936507936506,6.0,180.60000000000002,805,59,63,61,50,26,25,31
Measured,prefill-16k.sstrace,1024,10,40,1024,10240,288,35.55555555555556,4.0,199.49999999999932,852,76,59,38,32,29,16,38
Measured,prefill-16k.sstrace,1024,11,40,1024,10240,248,41.29032258064516,5.0,241.49999999999977,912,52,55,38,21,24,20,38
Measured,prefill-16k.sstrace,1024,12,40,1024,10240,250,40.96,5.0,250.2999999999999,847,52,49,37,27,25,20,40
Measured,prefill-16k.sstrace,1024,13,40,1024,10240,257,39.8443579766537,5.0,220.1999999999997,801,65,42,36,29,25,21,39
Measured,prefill-16k.sstrace,1024,14,40,1024,10240,230,44.52173913043478,5.0,246.6499999999996,933,55,46,25,32,25,8,39
Measured,prefill-16k.sstrace,1024,15,40,1003,10030,420,23.88095238095238,9.0,95.34999999999968,607,41,65,77,109,60,39,29
Measured,prefill-16k.sstrace,1024,0,41,1024,10240,437,23.4324942791762,11.0,89.79999999999995,462,42,54,68,109,88,40,36
Measured,prefill-16k.sstrace,1024,1,41,1024,10240,422,24.265402843601894,7.0,80.89999999999998,726,51,65,100,75,69,35,27
Measured,prefill-16k.sstrace,1024,2,41,1024,10240,381,26.876640419947506,5.0,118.0,653,68,68,101,56,34,23,31
Measured,prefill-16k.sstrace,1024,3,41,1024,10240,424,24.150943396226417,7.0,104.5499999999999,483,64,82,69,91,60,25,33
Measured,prefill-16k.sstrace,1024,4,41,1024,10240,437,23.4324942791762,9.0,100.19999999999999,423,56,66,71,96,71,40,37
Measured,prefill-16k.sstrace,1024,5,41,1024,10240,363,28.209366391184574,5.0,153.99999999999977,595,71,74,69,63,34,16,36
Measured,prefill-16k.sstrace,1024,6,41,1024,10240,314,32.611464968152866,5.0,243.69999999999993,635,70,57,58,43,35,19,32
Measured,prefill-16k.sstrace,1024,7,41,1024,10240,424,24.150943396226417,6.0,114.5499999999999,463,62,85,86,80,48,26,37
Measured,prefill-16k.sstrace,1024,8,41,1024,10240,432,23.703703703703702,9.0,98.79999999999995,430,31,64,96,88,74,45,34
Measured,prefill-16k.sstrace,1024,9,41,1024,10240,364,28.13186813186813,5.0,154.5499999999999,609,80,67,70,43,42,26,36
Measured,prefill-16k.sstrace,1024,10,41,1024,10240,294,34.82993197278912,6.0,207.0,572,62,56,44,42,34,19,37
Measured,prefill-16k.sstrace,1024,11,41,1024,10240,260,39.38461538461539,6.0,261.1999999999996,610,50,54,38,32,28,20,38
Measured,prefill-16k.sstrace,1024,12,41,1024,10240,265,38.64150943396226,6.0,213.19999999999985,589,58,41,38,43,27,19,39
Measured,prefill-16k.sstrace,1024,13,41,1024,10240,277,36.96750902527076,6.0,203.99999999999972,568,77,40,33,42,25,21,39
Measured,prefill-16k.sstrace,1024,14,41,1024,10240,236,43.389830508474574,6.0,225.25,618,56,33,37,35,18,19,38
Measured,prefill-16k.sstrace,1024,15,41,1003,10030,432,23.21759259259259,8.0,110.44999999999999,454,40,67,103,94,59,33,36
Measured,prefill-16k.sstrace,1024,0,42,1024,10240,420,24.38095238095238,8.5,97.04999999999995,448,40,64,89,69,67,54,37
Measured,prefill-16k.sstrace,1024,1,42,1024,10240,332,30.843373493975903,7.0,112.44999999999999,768,38,66,67,51,48,27,35
Measured,prefill-16k.sstrace,1024,2,42,1024,10240,327,31.31498470948012,4.0,172.5999999999999,866,72,75,58,47,21,15,39
Measured,prefill-16k.sstrace,1024,3,42,1024,10240,385,26.5974025974026,8.0,124.79999999999995,655,54,68,69,77,54,30,33
Measured,prefill-16k.sstrace,1024,4,42,1024,10240,395,25.924050632911392,10.0,103.0,479,53,61,61,76,69,29,46
Measured,prefill-16k.sstrace,1024,5,42,1024,10240,308,33.246753246753244,6.0,161.8499999999998,743,51,63,62,34,32,27,39
Measured,prefill-16k.sstrace,1024,6,42,1024,10240,263,38.93536121673004,7.0,189.89999999999998,669,47,40,50,32,37,14,43
Measured,prefill-16k.sstrace,1024,7,42,1024,10240,382,26.80628272251309,6.0,138.84999999999997,529,57,65,90,57,46,29,38
Measured,prefill-16k.sstrace,1024,8,42,1024,10240,397,25.79345088161209,10.0,105.0,419,46,67,59,76,65,43,41
Measured,prefill-16k.sstrace,1024,9,42,1024,10240,301,34.01993355481728,7.0,171.0,720,53,61,42,48,28,23,46
Measured,prefill-16k.sstrace,1024,10,42,1024,10240,256,40.0,6.0,202.0,590,51,45,42,25,27,23,43
Measured,prefill-16k.sstrace,1024,11,42,1024,10240,237,43.20675105485232,6.0,232.19999999999982,578,55,34,37,34,22,16,39
Measured,prefill-16k.sstrace,1024,12,42,1024,10240,223,45.91928251121076,8.0,234.39999999999986,670,39,36,33,35,20,19,41
Measured,prefill-16k.sstrace,1024,13,42,1024,10240,234,43.76068376068376,7.0,219.35,718,43,35,41,33,21,21,40
Measured,prefill-16k.sstrace,1024,14,42,1024,10240,201,50.9452736318408,8.0,217.0,896,43,31,26,27,17,20,37
Measured,prefill-16k.sstrace,1024,15,42,1003,10030,398,25.201005025125628,8.0,102.29999999999995,462,50,76,60,73,67,38,34
Measured,prefill-16k.sstrace,1024,0,43,1024,10240,426,24.037558685446008,9.0,96.5,493,52,72,63,82,64,54,39
Measured,prefill-16k.sstrace,1024,1,43,1024,10240,393,26.0559796437659,7.0,127.19999999999982,700,61,59,80,55,69,29,40
Measured,prefill-16k.sstrace,1024,2,43,1024,10240,364,28.13186813186813,6.0,138.59999999999945,698,59,75,73,66,28,22,41
Measured,prefill-16k.sstrace,1024,3,43,1024,10240,399,25.664160401002505,9.0,107.19999999999993,577,53,69,64,79,58,42,34
Measured,prefill-16k.sstrace,1024,4,43,1024,10240,404,25.346534653465348,10.0,97.69999999999993,402,32,52,80,85,71,47,37
Measured,prefill-16k.sstrace,1024,5,43,1024,10240,354,28.926553672316384,6.5,126.19999999999959,672,63,70,62,48,47,23,41
Measured,prefill-16k.sstrace,1024,6,43,1024,10240,306,33.4640522875817,7.0,141.0,598,55,57,51,40,34,27,42
Measured,prefill-16k.sstrace,1024,7,43,1024,10240,404,25.346534653465348,7.0,104.69999999999993,508,54,70,86,69,47,41,37
Measured,prefill-16k.sstrace,1024,8,43,1024,10240,423,24.2080378250591,9.0,88.0,399,51,64,68,83,72,44,41
Measured,prefill-16k.sstrace,1024,9,43,1024,10240,358,28.60335195530726,7.0,123.04999999999984,600,57,85,51,61,31,28,45
Measured,prefill-16k.sstrace,1024,10,43,1024,10240,303,33.79537953795379,7.0,150.89999999999975,655,58,55,42,41,34,32,41
Measured,prefill-16k.sstrace,1024,11,43,1024,10240,271,37.7859778597786,6.0,158.0,709,66,45,29,30,30,28,43
Measured,prefill-16k.sstrace,1024,12,43,1024,10240,263,38.93536121673004,7.0,162.49999999999966,651,47,54,32,33,25,33,39
Measured,prefill-16k.sstrace,1024,13,43,1024,10240,268,38.208955223880594,7.0,189.5499999999994,619,54,39,49,31,31,26,38
Measured,prefill-16k.sstrace,1024,14,43,1024,10240,220,46.54545454545455,7.5,223.99999999999966,803,45,35,30,31,26,13,40
Measured,prefill-16k.sstrace,1024,15,43,1003,10030,413,24.285714285714285,9.0,112.39999999999998,529,47,55,84,90,67,30,40
Measured,prefill-16k.sstrace,1024,0,44,1024,10240,413,24.79418886198547,8.0,94.39999999999986,866,44,60,90,99,56,35,29
Measured,prefill-16k.sstrace,1024,1,44,1024,10240,346,29.595375722543352,5.0,122.0,1004,64,77,68,57,36,14,30
Measured,prefill-16k.sstrace,1024,2,44,1024,10240,300,34.13333333333333,3.0,183.10000000000048,1010,69,83,49,32,24,13,30
Measured,prefill-16k.sstrace,1024,3,44,1024,10240,368,27.82608695652174,6.0,108.8499999999998,968,62,71,82,59,44,26,24
Measured,prefill-16k.sstrace,1024,4,44,1024,10240,363,28.209366391184574,7.0,135.69999999999948,986,51,69,72,56,48,33,34
Measured,prefill-16k.sstrace,1024,5,44,1024,10240,276,37.10144927536232,3.5,199.5,1017,74,64,41,30,20,9,38
Measured,prefill-16k.sstrace,1024,6,44,1024,10240,213,48.075117370892016,5.0,284.79999999999995,1023,64,34,28,20,19,15,33
Measured,prefill-16k.sstrace,1024,7,44,1024,10240,345,29.681159420289855,5.0,132.60000000000002,990,64,71,80,44,40,11,35
Measured,prefill-16k.sstrace,1024,8,44,1024,10240,365,28.054794520547944,6.0,123.60000000000008,999,55,75,75,56,34,34,36
Measured,prefill-16k.sstrace,1024,9,44,1024,10240,271,37.7859778597786,4.0,190.0,1015,77,54,44,31,12,17,36
Measured,prefill-16k.sstrace,1024,10,44,1024,10240,211,48.53080568720379,4.0,236.0,1021,55,36,33,22,16,14,35
Measured,prefill-16k.sstrace,1024,11,44,1024,10240,179,57.20670391061452,6.0,288.29999999999995,1024,50,23,25,20,17,12,32
Measured,prefill-16k.sstrace,1024,12,44,1024,10240,167,61.31736526946108,6.0,287.9999999999999,1023,33,29,26,16,17,14,32
Measured,prefill-16k.sstrace,1024,13,44,1024,10240,189,54.17989417989418,5.0,295.19999999999993,1024,53,31,21,20,15,17,32
Measured,prefill-16k.sstrace,1024,14,44,1024,10240,146,70.13698630136986,7.5,376.0,1022,30,20,23,13,22,8,30
Measured,prefill-16k.sstrace,1024,15,44,1003,10030,359,27.938718662952645,7.0,124.9999999999983,951,41,68,77,79,41,22,31
Measured,prefill-16k.sstrace,1024,0,45,1024,10240,399,25.664160401002505,7.0,74.79999999999973,823,64,68,73,72,64,33,25
Measured,prefill-16k.sstrace,1024,1,45,1024,10240,317,32.30283911671924,4.0,132.9999999999999,962,67,69,63,57,28,10,23
Measured,prefill-16k.sstrace,1024,2,45,1024,10240,253,40.47430830039526,3.0,149.19999999999948,973,75,69,50,20,11,6,22
Measured,prefill-16k.sstrace,1024,3,45,1024,10240,354,28.926553672316384,5.0,91.69999999999993,900,69,82,77,60,25,18,23
Measured,prefill-16k.sstrace,1024,4,45,1024,10240,326,31.411042944785276,6.0,132.75,908,60,69,46,55,44,21,31
Measured,prefill-16k.sstrace,1024,5,45,1024,10240,236,43.389830508474574,3.0,245.0,991,74,51,42,23,10,15,21
Measured,prefill-16k.sstrace,1024,6,45,1024,10240,158,64.81012658227849,3.0,488.35000000000025,1007,42,38,16,21,14,7,20
Measured,prefill-16k.sstrace,1024,7,45,1024,10240,324,31.604938271604937,4.0,117.84999999999997,916,72,84,63,52,18,9,26
Measured,prefill-16k.sstrace,1024,8,45,1024,10240,334,30.65868263473054,5.0,140.04999999999922,902,58,72,71,51,32,21,29
Measured,prefill-16k.sstrace,1024,9,45,1024,10240,211,48.53080568720379,3.0,267.0,978,68,40,25,24,18,10,26
Measured,prefill-16k.sstrace,1024,10,45,1024,10240,151,67.81456953642385,4.0,547.5,1004,43,29,14,21,12,9,23
Measured,prefill-16k.sstrace,1024,11,45,1024,10240,111,92.25225225225225,5.0,737.0,1022,23,19,19,9,9,10,22
Measured,prefill-16k.sstrace,1024,12,45,1024,10240,98,104.48979591836735,9.5,801.7499999999997,1020,15,15,14,14,12,8,20
Measured,prefill-16k.sstrace,1024,13,45,1024,10240,125,81.92,6.0,700.1999999999999,1021,35,15,19,14,11,11,20
Measured,prefill-16k.sstrace,1024,14,45,1024,10240,91,112.52747252747253,7.0,872.5,1022,23,12,13,11,6,5,21
Measured,prefill-16k.sstrace,1024,15,45,1003,10030,367,27.329700272479563,5.0,85.49999999999994,771,66,80,78,58,48,14,23
Measured,prefill-16k.sstrace,1024,0,46,1024,10240,356,28.764044943820224,6.0,115.25,865,58,75,87,47,38,26,25
Measured,prefill-16k.sstrace,1024,1,46,1024,10240,238,43.02521008403362,3.5,222.9999999999991,987,56,63,50,23,14,7,25
Measured,prefill-16k.sstrace,1024,2,46,1024,10240,171,59.88304093567251,3.0,461.0,1012,60,40,23,16,4,7,21
Measured,prefill-16k.sstrace,1024,3,46,1024,10240,302,33.90728476821192,3.0,155.99999999999977,959,65,88,71,31,17,10,20
Measured,prefill-16k.sstrace,1024,4,46,1024,10240,269,38.066914498141266,4.0,188.59999999999985,999,62,62,58,32,20,15,20
Measured,prefill-16k.sstrace,1024,5,46,1024,10240,152,67.36842105263158,2.0,386.1999999999998,1017,62,37,15,9,4,5,20
Measured,prefill-16k.sstrace,1024,6,46,1024,10240,87,117.70114942528735,3.0,933.2,1021,31,15,8,5,7,2,19
Measured,prefill-16k.sstrace,1024,7,46,1024,10240,256,40.0,3.0,224.5,970,69,70,49,29,13,4,22
Measured,prefill-16k.sstrace,1024,8,46,1024,10240,262,39.083969465648856,3.0,216.95,1010,77,59,49,31,15,8,23
Measured,prefill-16k.sstrace,1024,9,46,1024,10240,126,81.26984126984127,2.0,690.75,1021,48,30,10,10,6,3,19
Measured,prefill-16k.sstrace,1024,10,46,1024,10240,86,119.06976744186046,2.5,890.75,1016,32,15,3,8,8,1,19
Measured,prefill-16k.sstrace,1024,11,46,1024,10240,54,189.62962962962962,9.0,997.2499999999999,1023,12,9,5,4,4,4,16
Measured,prefill-16k.sstrace,1024,12,46,1024,10240,57,179.64912280701753,8.0,991.4,1022,14,5,9,4,5,5,15
Measured,prefill-16k.sstrace,1024,13,46,1024,10240,69,148.40579710144928,5.0,951.1999999999996,1019,23,8,4,8,9,2,15
Measured,prefill-16k.sstrace,1024,14,46,1024,10240,48,213.33333333333334,16.5,998.4499999999999,1024,9,6,5,3,3,6,16
Measured,prefill-16k.sstrace,1024,15,46,1003,10030,313,32.04472843450479,3.0,192.99999999999977,751,73,87,63,34,27,6,23
Measured,prefill-16k.sstrace,1024,0,47,1,10,10,1.0,1.0,1.0,1,10,0,0,0,0,0,0
Measured,prefill-16k.sstrace,1024,2,47,1,10,10,1.0,1.0,1.0,1,10,0,0,0,0,0,0
Measured,prefill-16k.sstrace,1024,4,47,1,10,10,1.0,1.0,1.0,1,10,0,0,0,0,0,0
Measured,prefill-16k.sstrace,1024,6,47,1,10,10,1.0,1.0,1.0,1,10,0,0,0,0,0,0
Measured,prefill-16k.sstrace,1024,8,47,1,10,10,1.0,1.0,1.0,1,10,0,0,0,0,0,0
Measured,prefill-16k.sstrace,1024,10,47,1,10,10,1.0,1.0,1.0,1,10,0,0,0,0,0,0
Measured,prefill-16k.sstrace,1024,12,47,1,10,10,1.0,1.0,1.0,1,10,0,0,0,0,0,0
Measured,prefill-16k.sstrace,1024,14,47,1,10,10,1.0,1.0,1.0,1,10,0,0,0,0,0,0
Measured,prefill-16k.sstrace,2048,0,0,2048,20480,352,58.18181818181818,3.0,17.0,1911,51,131,106,44,6,1,13
Measured,prefill-16k.sstrace,2048,1,0,2048,20480,229,89.43231441048034,2.0,9.599999999999994,1991,62,100,53,4,0,0,10
Measured,prefill-16k.sstrace,2048,2,0,2048,20480,10,2048.0,2048.0,2048.0,2048,0,0,0,0,0,0,10
Measured,prefill-16k.sstrace,2048,3,0,2048,20480,211,97.06161137440758,2.0,79.0,2007,79,94,25,2,0,0,11
Measured,prefill-16k.sstrace,2048,4,0,2048,20480,11,1861.8181818181818,2048.0,2048.0,2048,0,0,0,0,0,0,11
Measured,prefill-16k.sstrace,2048,5,0,2048,20480,11,1861.8181818181818,2048.0,2048.0,2048,0,0,0,0,0,0,11
Measured,prefill-16k.sstrace,2048,6,0,2048,20480,10,2048.0,2048.0,2048.0,2048,0,0,0,0,0,0,10
Measured,prefill-16k.sstrace,2048,7,0,2027,20270,228,88.90350877192982,2.0,92.799999999997,1979,73,106,37,0,0,0,12
Measured,prefill-16k.sstrace,2048,0,1,2048,20480,297,68.95622895622895,4.0,25.19999999999999,1908,56,79,82,60,6,3,11
Measured,prefill-16k.sstrace,2048,1,1,2048,20480,191,107.22513089005236,3.0,984.0,1991,62,54,47,15,2,0,11
Measured,prefill-16k.sstrace,2048,2,1,2048,20480,13,1575.3846153846155,2048.0,2048.0,2048,1,0,0,0,0,0,12
Measured,prefill-16k.sstrace,2048,3,1,2048,20480,162,126.41975308641975,2.0,1976.0499999999972,2007,50,48,44,8,0,1,11
Measured,prefill-16k.sstrace,2048,4,1,2048,20480,12,1706.6666666666667,2048.0,2048.0,2048,0,0,0,1,0,0,11
Measured,prefill-16k.sstrace,2048,5,1,2048,20480,11,1861.8181818181818,2048.0,2048.0,2048,1,0,0,0,0,0,10
Measured,prefill-16k.sstrace,2048,6,1,2048,20480,10,2048.0,2048.0,2048.0,2048,0,0,0,0,0,0,10
Measured,prefill-16k.sstrace,2048,7,1,2027,20270,182,111.37362637362638,2.0,1475.9999999999877,1984,59,55,42,14,0,0,12
Measured,prefill-16k.sstrace,2048,0,2,2048,20480,298,68.7248322147651,4.0,57.59999999999991,1913,67,79,91,31,9,7,14
Measured,prefill-16k.sstrace,2048,1,2,2048,20480,186,110.10752688172043,3.0,1430.75,1993,58,52,51,10,3,0,12
Measured,prefill-16k.sstrace,2048,2,2,2048,20480,13,1575.3846153846155,2048.0,2048.0,2048,1,0,0,0,1,0,11
Measured,prefill-16k.sstrace,2048,3,2,2048,20480,167,122.63473053892216,3.0,1914.799999999998,2012,58,53,38,4,0,2,12
Measured,prefill-16k.sstrace,2048,4,2,2048,20480,12,1706.6666666666667,2048.0,2048.0,2048,0,0,0,0,0,1,11
Measured,prefill-16k.sstrace,2048,5,2,2048,20480,10,2048.0,2048.0,2048.0,2048,0,0,0,0,0,0,10
Measured,prefill-16k.sstrace,2048,6,2,2048,20480,10,2048.0,2048.0,2048.0,2048,0,0,0,0,0,0,10
Measured,prefill-16k.sstrace,2048,7,2,2027,20270,200,101.35,2.0,290.34999999997774,1979,66,75,39,4,2,1,13
Measured,prefill-16k.sstrace,2048,0,3,2048,20480,208,98.46153846153847,3.0,790.8999999999994,1958,49,57,37,17,15,11,22
Measured,prefill-16k.sstrace,2048,1,3,2048,20480,128,160.0,3.0,1714.1499999999994,2006,42,23,25,10,7,3,18
Measured,prefill-16k.sstrace,2048,2,3,2048,20480,18,1137.7777777777778,1359.0,2048.0,2048,0,0,2,0,0,0,16
Measured,prefill-16k.sstrace,2048,3,3,2048,20480,106,193.20754716981133,3.0,1785.75,2005,32,22,16,12,4,4,16
Measured,prefill-16k.sstrace,2048,4,3,2048,20480,17,1204.7058823529412,1507.0,2048.0,2048,0,0,0,1,1,1,14
Measured,prefill-16k.sstrace,2048,5,3,2048,20480,14,1462.857142857143,2048.0,2048.0,2048,1,1,0,1,0,0,11
Measured,prefill-16k.sstrace,2048,6,3,2048,20480,13,1575.3846153846155,2048.0,2048.0,2048,2,1,0,0,0,0,10
Measured,prefill-16k.sstrace,2048,7,3,2027,20270,130,155.92307692307693,3.0,1525.0,1987,40,31,17,17,4,2,19
Measured,prefill-16k.sstrace,2048,0,4,2048,20480,232,88.27586206896552,4.0,281.8999999999993,1910,62,52,59,19,15,6,19
Measured,prefill-16k.sstrace,2048,1,4,2048,20480,161,127.20496894409938,3.0,1884.0,2012,53,43,33,11,6,1,14
Measured,prefill-16k.sstrace,2048,2,4,2048,20480,14,1462.857142857143,2046.0,2048.0,2048,0,0,1,0,1,0,12
Measured,prefill-16k.sstrace,2048,3,4,2048,20480,126,162.53968253968253,2.0,1932.75,2013,38,36,21,10,3,3,15
Measured,prefill-16k.sstrace,2048,4,4,2048,20480,13,1575.3846153846155,2048.0,2048.0,2048,0,0,1,0,0,1,11
Measured,prefill-16k.sstrace,2048,5,4,2048,20480,11,1861.8181818181818,2048.0,2048.0,2048,0,0,0,0,0,0,11
Measured,prefill-16k.sstrace,2048,6,4,2048,20480,11,1861.8181818181818,2048.0,2048.0,2048,0,0,0,0,0,0,11
Measured,prefill-16k.sstrace,2048,7,4,2027,20270,167,121.37724550898204,2.0,1525.0,1984,53,57,25,12,3,2,15
Measured,prefill-16k.sstrace,2048,0,5,2048,20480,287,71.3588850174216,4.0,71.29999999999967,1901,61,79,74,36,16,6,15
Measured,prefill-16k.sstrace,2048,1,5,2048,20480,182,112.52747252747253,3.0,1039.0499999999968,1995,54,44,50,15,4,1,14
Measured,prefill-16k.sstrace,2048,2,5,2048,20480,16,1280.0,1674.5,2048.0,2048,0,2,1,1,0,0,12
Measured,prefill-16k.sstrace,2048,3,5,2048,20480,156,131.28205128205127,3.0,1779.0,2008,44,54,26,11,3,2,16
Measured,prefill-16k.sstrace,2048,4,5,2048,20480,15,1365.3333333333333,1484.0,2048.0,2048,0,0,0,0,1,0,14
Measured,prefill-16k.sstrace,2048,5,5,2048,20480,14,1462.857142857143,2048.0,2048.0,2048,0,0,0,0,1,0,13
Measured,prefill-16k.sstrace,2048,6,5,2048,20480,12,1706.6666666666667,2048.0,2048.0,2048,1,0,0,0,0,0,11
Measured,prefill-16k.sstrace,2048,7,5,2027,20270,193,105.02590673575129,2.0,879.9999999999756,1982,67,61,35,13,2,1,14
Measured,prefill-16k.sstrace,2048,0,6,2048,20480,300,68.26666666666667,4.0,118.80000000000064,1897,67,74,75,52,14,2,16
Measured,prefill-16k.sstrace,2048,1,6,2048,20480,183,111.91256830601093,3.0,974.0000000000002,1988,50,50,54,11,0,0,18
Measured,prefill-16k.sstrace,2048,2,6,2048,20480,16,1280.0,1444.5,2048.0,2048,0,0,0,0,0,0,16
Measured,prefill-16k.sstrace,2048,3,6,2048,20480,158,129.62025316455697,3.0,1786.0,2003,52,41,40,7,1,1,16
Measured,prefill-16k.sstrace,2048,4,6,2048,20480,16,1280.0,1401.0,2048.0,2048,0,0,0,0,0,0,16
Measured,prefill-16k.sstrace,2048,5,6,2048,20480,12,1706.6666666666667,2048.0,2048.0,2048,0,0,0,1,0,0,11
Measured,prefill-16k.sstrace,2048,6,6,2048,20480,11,1861.8181818181818,2048.0,2048.0,2048,0,1,0,0,0,0,10
Measured,prefill-16k.sstrace,2048,7,6,2027,20270,196,103.41836734693878,2.0,720.25,1977,69,63,38,8,0,2,16
Measured,prefill-16k.sstrace,2048,0,7,2048,20480,313,65.43130990415335,4.0,151.39999999999998,1896,67,79,79,45,11,9,23
Measured,prefill-16k.sstrace,2048,1,7,2048,20480,206,99.41747572815534,3.0,796.5,1988,65,56,35,19,3,5,23
Measured,prefill-16k.sstrace,2048,2,7,2048,20480,47,435.74468085106383,58.0,1989.2999999999997,2048,7,3,2,6,2,6,21
Measured,prefill-16k.sstrace,2048,3,7,2048,20480,174,117.70114942528735,2.5,659.1499999999974,2003,51,51,22,14,4,4,28
Measured,prefill-16k.sstrace,2048,4,7,2048,20480,34,602.3529411764706,248.0,2017.4499999999998,2048,2,2,2,3,1,2,22
Measured,prefill-16k.sstrace,2048,5,7,2048,20480,28,731.4285714285714,181.5,2048.0,2048,2,3,0,1,1,1,20
Measured,prefill-16k.sstrace,2048,6,7,2048,20480,26,787.6923076923077,322.5,2048.0,2048,0,0,2,1,2,2,19
Measured,prefill-16k.sstrace,2048,7,7,2027,20270,218,92.98165137614679,3.0,437.4499999999995,1976,73,62,40,15,1,3,24
Measured,prefill-16k.sstrace,2048,0,8,2048,20480,251,81.59362549800797,4.0,332.0,1893,56,54,57,38,13,11,22
Measured,prefill-16k.sstrace,2048,1,8,2048,20480,156,131.28205128205127,4.0,1264.75,1986,49,25,30,20,9,2,21
Measured,prefill-16k.sstrace,2048,2,8,2048,20480,39,525.1282051282051,275.0,1945.2,2048,0,5,2,3,4,1,24
Measured,prefill-16k.sstrace,2048,3,8,2048,20480,148,138.3783783783784,3.0,1586.8500000000001,2000,40,39,21,11,10,1,26
Measured,prefill-16k.sstrace,2048,4,8,2048,20480,43,476.27906976744185,91.0,1893.9999999999995,2048,2,6,4,0,5,2,24
Measured,prefill-16k.sstrace,2048,5,8,2048,20480,29,706.2068965517242,367.0,2030.6,2048,1,1,2,0,4,2,19
Measured,prefill-16k.sstrace,2048,6,8,2048,20480,32,640.0,222.0,2043.45,2048,2,3,3,0,2,1,21
Measured,prefill-16k.sstrace,2048,7,8,2027,20270,167,121.37724550898204,4.0,1293.8999999999983,1976,52,31,29,18,8,5,24
Measured,prefill-16k.sstrace,2048,0,9,2048,20480,270,75.85185185185185,5.0,427.09999999999997,1890,58,54,52,27,25,19,35
Measured,prefill-16k.sstrace,2048,1,9,2048,20480,204,100.3921568627451,4.0,662.1499999999992,1945,55,36,33,25,15,9,31
Measured,prefill-16k.sstrace,2048,2,9,2048,20480,90,227.55555555555554,25.0,1278.8999999999996,2040,10,10,11,6,12,9,32
Measured,prefill-16k.sstrace,2048,3,9,2048,20480,181,113.14917127071823,5.0,937.0,1932,37,36,27,25,11,12,33
Measured,prefill-16k.sstrace,2048,4,9,2048,20480,92,222.6086956521739,21.5,1248.8000000000006,2037,19,8,6,9,10,6,34
Measured,prefill-16k.sstrace,2048,5,9,2048,20480,60,341.3333333333333,35.5,1872.6999999999996,2046,2,11,2,6,8,9,22
Measured,prefill-16k.sstrace,2048,6,9,2048,20480,56,365.7142857142857,44.5,1956.25,2048,3,5,6,5,7,6,24
Measured,prefill-16k.sstrace,2048,7,9,2027,20270,219,92.55707762557077,4.0,523.4999999999981,1891,47,54,39,24,16,12,27
Measured,prefill-16k.sstrace,2048,0,10,2048,20480,302,67.81456953642385,6.0,364.39999999999964,1893,46,61,64,51,29,12,39
Measured,prefill-16k.sstrace,2048,1,10,2048,20480,236,86.77966101694915,5.0,438.0,1985,49,53,47,25,19,11,32
Measured,prefill-16k.sstrace,2048,2,10,2048,20480,107,191.4018691588785,43.0,1043.7999999999988,2048,9,10,10,17,6,10,45
Measured,prefill-16k.sstrace,2048,3,10,2048,20480,223,91.83856502242152,4.0,541.4999999999994,2001,48,55,43,16,14,12,35
Measured,prefill-16k.sstrace,2048,4,10,2048,20480,112,182.85714285714286,26.5,1014.049999999999,2048,16,13,10,10,9,11,43
Measured,prefill-16k.sstrace,2048,5,10,2048,20480,70,292.57142857142856,24.0,1882.0,2048,5,15,6,5,5,7,27
Measured,prefill-16k.sstrace,2048,6,10,2048,20480,72,284.44444444444446,23.5,1873.4,2048,7,8,11,8,4,7,27
Measured,prefill-16k.sstrace,2048,7,10,2027,20270,248,81.73387096774194,4.0,263.74999999999875,1971,55,57,41,28,21,14,32
Measured,prefill-16k.sstrace,2048,0,11,2048,20480,276,74.20289855072464,7.0,417.75,1887,44,57,48,41,25,15,46
Measured,prefill-16k.sstrace,2048,1,11,2048,20480,233,87.8969957081545,5.0,518.799999999999,1978,58,46,39,28,15,12,35
Measured,prefill-16k.sstrace,2048,2,11,2048,20480,115,178.08695652173913,28.0,1196.6,1985,9,14,10,13,16,12,41
Measured,prefill-16k.sstrace,2048,3,11,2048,20480,223,91.83856502242152,5.0,665.599999999996,1889,55,44,38,18,20,18,30
Measured,prefill-16k.sstrace,2048,4,11,2048,20480,126,162.53968253968253,21.0,1209.25,1987,20,15,11,13,12,14,41
Measured,prefill-16k.sstrace,2048,5,11,2048,20480,69,296.81159420289856,23.0,1831.3999999999999,2048,7,7,8,8,8,5,26
Measured,prefill-16k.sstrace,2048,6,11,2048,20480,67,305.67164179104475,18.0,1776.0999999999997,2048,7,6,7,11,9,4,23
Measured,prefill-16k.sstrace,2048,7,11,2027,20270,257,78.8715953307393,4.0,266.19999999999743,1729,70,49,44,28,16,20,30
Measured,prefill-16k.sstrace,2048,0,12,2048,20480,309,66.27831715210355,5.0,369.9999999999961,1893,47,71,68,48,26,11,38
Measured,prefill-16k.sstrace,2048,1,12,2048,20480,230,89.04347826086956,3.0,702.9999999999993,1977,62,57,38,20,14,12,27
Measured,prefill-16k.sstrace,2048,2,12,2048,20480,83,246.74698795180723,26.0,1382.9999999999995,1962,10,11,8,6,11,6,31
Measured,prefill-16k.sstrace,2048,3,12,2048,20480,209,97.99043062200957,4.0,790.9999999999956,1878,52,51,28,33,9,8,28
Measured,prefill-16k.sstrace,2048,4,12,2048,20480,88,232.72727272727272,20.5,1429.9499999999994,1886,11,11,10,10,8,7,31
Measured,prefill-16k.sstrace,2048,5,12,2048,20480,53,386.41509433962267,27.0,1949.1999999999998,2037,7,6,5,6,4,4,21
Measured,prefill-16k.sstrace,2048,6,12,2048,20480,55,372.3636363636364,49.0,1982.3,2048,11,3,3,5,4,4,25
Measured,prefill-16k.sstrace,2048,7,12,2027,20270,248,81.73387096774194,3.0,194.39999999999964,1917,66,62,40,28,13,8,31
Measured,prefill-16k.sstrace,2048,0,13,2048,20480,295,69.42372881355932,5.0,446.3000000000006,1643,56,54,72,39,23,12,39
Measured,prefill-16k.sstrace,2048,1,13,2048,20480,205,99.90243902439025,4.0,649.5999999999964,1837,49,40,43,20,13,11,29
Measured,prefill-16k.sstrace,2048,2,13,2048,20480,71,288.4507042253521,46.0,1553.0,1894,7,8,4,4,8,8,32
Measured,prefill-16k.sstrace,2048,3,13,2048,20480,207,98.93719806763285,4.0,470.7999999999996,1910,47,47,39,19,10,12,33
Measured,prefill-16k.sstrace,2048,4,13,2048,20480,73,280.54794520547944,49.0,1635.5999999999988,1898,11,7,3,2,6,11,33
Measured,prefill-16k.sstrace,2048,5,13,2048,20480,65,315.0769230769231,36.0,1949.0,2028,8,7,6,4,7,7,26
Measured,prefill-16k.sstrace,2048,6,13,2048,20480,80,256.0,11.5,1936.5,2037,7,13,13,9,10,5,23
Measured,prefill-16k.sstrace,2048,7,13,2027,20270,216,93.8425925925926,4.0,448.5,1879,52,43,42,29,10,9,31
Measured,prefill-16k.sstrace,2048,0,14,2048,20480,303,67.59075907590758,6.0,330.9,1396,48,67,48,28,35,24,53
Measured,prefill-16k.sstrace,2048,1,14,2048,20480,254,80.62992125984252,6.0,383.4499999999998,1592,48,51,46,34,16,14,45
Measured,prefill-16k.sstrace,2048,2,14,2048,20480,130,157.53846153846155,22.0,851.5499999999996,1442,18,15,16,13,6,11,51
Measured,prefill-16k.sstrace,2048,3,14,2048,20480,259,79.07335907335907,6.0,391.69999999999936,1580,53,46,55,26,21,16,42
Measured,prefill-16k.sstrace,2048,4,14,2048,20480,137,149.4890510948905,26.0,724.9999999999991,1417,16,18,14,14,10,12,53
Measured,prefill-16k.sstrace,2048,5,14,2048,20480,110,186.1818181818182,19.0,1240.1,1488,15,16,12,10,11,8,38
Measured,prefill-16k.sstrace,2048,6,14,2048,20480,116,176.55172413793105,13.0,1015.75,1752,14,15,22,14,6,9,36
Measured,prefill-16k.sstrace,2048,7,14,2027,20270,290,69.89655172413794,5.0,341.7500000000003,1501,66,56,48,46,19,16,39
Measured,prefill-16k.sstrace,2048,0,15,2048,20480,277,73.93501805054152,11.0,394.5999999999998,1086,37,44,39,31,31,29,66
Measured,prefill-16k.sstrace,2048,1,15,2048,20480,281,72.88256227758008,10.0,340.0,1129,34,49,36,40,35,23,64
Measured,prefill-16k.sstrace,2048,2,15,2048,20480,233,87.8969957081545,14.0,412.19999999999925,1035,32,32,28,27,22,25,67
Measured,prefill-16k.sstrace,2048,3,15,2048,20480,285,71.85964912280701,9.0,470.40000000000003,1611,57,38,44,39,34,26,47
Measured,prefill-16k.sstrace,2048,4,15,2048,20480,221,92.66968325791855,18.0,412.0,1227,28,24,29,24,22,22,72
Measured,prefill-16k.sstrace,2048,5,15,2048,20480,150,136.53333333333333,15.0,832.4999999999989,1830,22,13,18,24,26,10,37
Measured,prefill-16k.sstrace,2048,6,15,2048,20480,147,139.31972789115648,12.0,1149.8999999999992,1762,25,22,15,18,22,12,33
Measured,prefill-16k.sstrace,2048,7,15,2027,20270,310,65.38709677419355,7.0,247.75000000000097,1516,45,58,56,60,26,23,42
Measured,prefill-16k.sstrace,2048,0,16,2048,20480,319,64.20062695924764,12.0,301.49999999999983,1085,40,45,42,45,44,35,68
Measured,prefill-16k.sstrace,2048,1,16,2048,20480,327,62.62996941896024,9.0,318.29999999999967,1261,47,52,43,52,36,25,72
Measured,prefill-16k.sstrace,2048,2,16,2048,20480,273,75.01831501831502,15.0,338.1999999999997,1085,37,32,32,36,29,38,69
Measured,prefill-16k.sstrace,2048,3,16,2048,20480,329,62.24924012158055,9.0,397.99999999999983,1354,53,53,43,53,40,27,60
Measured,prefill-16k.sstrace,2048,4,16,2048,20480,269,76.13382899628253,18.0,359.39999999999986,1072,34,22,32,34,40,33,74
Measured,prefill-16k.sstrace,2048,5,16,2048,20480,207,98.93719806763285,15.0,562.8999999999994,1397,36,26,19,27,24,24,51
Measured,prefill-16k.sstrace,2048,6,16,2048,20480,208,98.46153846153847,8.5,527.1499999999984,1741,31,35,34,15,25,19,49
Measured,prefill-16k.sstrace,2048,7,16,2027,20270,353,57.422096317280456,6.0,247.9999999999984,1546,57,67,62,50,31,38,48
Measured,prefill-16k.sstrace,2048,0,17,2048,20480,368,55.65217391304348,10.0,231.14999999999975,1038,38,65,60,50,44,39,72
Measured,prefill-16k.sstrace,2048,1,17,2048,20480,354,57.85310734463277,9.0,356.7999999999997,910,50,64,46,58,43,26,67
Measured,prefill-16k.sstrace,2048,2,17,2048,20480,288,71.11111111111111,19.5,352.14999999999975,956,37,34,26,34,40,40,77
Measured,prefill-16k.sstrace,2048,3,17,2048,20480,352,58.18181818181818,9.5,282.9,1262,44,53,62,47,46,34,66
Measured,prefill-16k.sstrace,2048,4,17,2048,20480,282,72.62411347517731,25.0,344.79999999999995,879,31,25,35,27,44,46,74
Measured,prefill-16k.sstrace,2048,5,17,2048,20480,220,93.0909090909091,11.0,486.3999999999992,1532,28,25,34,32,25,13,63
Measured,prefill-16k.sstrace,2048,6,17,2048,20480,208,98.46153846153847,9.0,618.2499999999999,1609,34,28,35,23,19,19,50
Measured,prefill-16k.sstrace,2048,7,17,2027,20270,364,55.68681318681319,8.0,238.5499999999999,1424,51,65,64,55,48,25,56
Measured,prefill-16k.sstrace,2048,0,18,2048,20480,382,53.61256544502618,8.0,321.69999999999993,1281,47,71,68,51,46,35,64
Measured,prefill-16k.sstrace,2048,1,18,2048,20480,317,64.60567823343848,6.0,387.59999999999945,1635,56,61,59,43,30,23,45
Measured,prefill-16k.sstrace,2048,2,18,2048,20480,193,106.11398963730569,12.0,610.1999999999998,1598,24,33,22,23,21,18,52
Measured,prefill-16k.sstrace,2048,3,18,2048,20480,316,64.81012658227849,5.0,389.25,1428,46,77,60,36,27,22,48
Measured,prefill-16k.sstrace,2048,4,18,2048,20480,198,103.43434343434343,14.0,536.0499999999998,1491,33,27,20,25,25,15,53
Measured,prefill-16k.sstrace,2048,5,18,2048,20480,156,131.28205128205127,14.5,842.5,1645,25,24,15,16,13,16,47
Measured,prefill-16k.sstrace,2048,6,18,2048,20480,147,139.31972789115648,17.0,745.4999999999991,1657,25,13,20,14,6,24,45
Measured,prefill-16k.sstrace,2048,7,18,2027,20270,336,60.32738095238095,5.0,251.0,1595,58,74,69,40,20,22,53
Measured,prefill-16k.sstrace,2048,0,19,2048,20480,398,51.45728643216081,12.0,240.44999999999993,754,49,51,66,54,52,48,78
Measured,prefill-16k.sstrace,2048,1,19,2048,20480,387,52.91989664082687,9.0,269.09999999999997,864,54,49,73,52,50,36,73
Measured,prefill-16k.sstrace,2048,2,19,2048,20480,308,66.49350649350649,17.0,319.0999999999997,726,24,39,44,42,43,29,87
Measured,prefill-16k.sstrace,2048,3,19,2048,20480,359,57.04735376044568,9.0,279.49999999999983,1351,47,56,62,58,41,43,52
Measured,prefill-16k.sstrace,2048,4,19,2048,20480,308,66.49350649350649,15.5,337.4499999999997,834,35,32,47,40,44,34,76
Measured,prefill-16k.sstrace,2048,5,19,2048,20480,235,87.14893617021276,9.0,535.2999999999996,1630,35,38,41,27,25,15,54
Measured,prefill-16k.sstrace,2048,6,19,2048,20480,222,92.25225225225225,10.0,474.24999999999983,1661,33,33,33,29,26,22,46
Measured,prefill-16k.sstrace,2048,7,19,2027,20270,372,54.48924731182796,8.0,269.6499999999998,1356,51,70,58,58,45,43,47
Measured,prefill-16k.sstrace,2048,0,20,2048,20480,415,49.34939759036145,13.0,228.19999999999982,814,32,47,77,64,55,49,91
Measured,prefill-16k.sstrace,2048,1,20,2048,20480,384,53.333333333333336,11.0,247.2999999999994,924,45,49,62,56,53,48,71
Measured,prefill-16k.sstrace,2048,2,20,2048,20480,346,59.190751445086704,17.5,247.25,981,38,36,51,40,46,48,87
Measured,prefill-16k.sstrace,2048,3,20,2048,20480,378,54.17989417989418,11.0,239.24999999999966,1380,42,61,52,61,53,49,60
Measured,prefill-16k.sstrace,2048,4,20,2048,20480,343,59.708454810495624,17.0,259.5999999999997,1058,40,41,43,46,43,37,93
Measured,prefill-16k.sstrace,2048,5,20,2048,20480,257,79.6887159533074,13.0,369.4,1665,34,41,29,32,36,30,55
Measured,prefill-16k.sstrace,2048,6,20,2048,20480,249,82.24899598393574,9.0,454.99999999999966,1741,36,46,37,25,28,20,57
Measured,prefill-16k.sstrace,2048,7,20,2027,20270,395,51.31645569620253,9.0,217.99999999999955,1480,52,69,63,60,59,33,59
Measured,prefill-16k.sstrace,2048,0,21,2048,20480,388,52.78350515463917,7.5,239.69999999999914,1046,41,70,83,51,45,30,68
Measured,prefill-16k.sstrace,2048,1,21,2048,20480,331,61.873111782477345,9.0,305.0,1172,48,51,54,53,26,29,70
Measured,prefill-16k.sstrace,2048,2,21,2048,20480,251,81.59362549800797,22.0,410.5,1093,26,24,35,31,27,33,75
Measured,prefill-16k.sstrace,2048,3,21,2048,20480,339,60.41297935103245,8.0,378.89999999999935,1341,56,60,46,51,27,33,66
Measured,prefill-16k.sstrace,2048,4,21,2048,20480,270,75.85185185185185,17.5,378.49999999999983,915,42,33,19,36,28,38,74
Measured,prefill-16k.sstrace,2048,5,21,2048,20480,223,91.83856502242152,12.0,471.5999999999999,1662,34,31,26,30,23,25,54
Measured,prefill-16k.sstrace,2048,6,21,2048,20480,215,95.25581395348837,13.0,430.69999999999936,1765,36,25,27,27,26,17,57
Measured,prefill-16k.sstrace,2048,7,21,2027,20270,334,60.68862275449102,8.0,282.39999999999986,1298,43,57,61,51,28,31,63
Measured,prefill-16k.sstrace,2048,0,22,2048,20480,387,52.91989664082687,7.0,314.2999999999998,1323,49,77,81,68,38,21,53
Measured,prefill-16k.sstrace,2048,1,22,2048,20480,331,61.873111782477345,5.0,354.0,1782,66,77,64,33,32,13,46
Measured,prefill-16k.sstrace,2048,2,22,2048,20480,214,95.70093457943925,13.0,568.2499999999999,1743,26,36,22,33,23,21,53
Measured,prefill-16k.sstrace,2048,3,22,2048,20480,337,60.77151335311573,4.0,303.5999999999999,1886,71,77,69,33,20,19,48
Measured,prefill-16k.sstrace,2048,4,22,2048,20480,225,91.02222222222223,10.0,490.99999999999943,1806,37,30,41,19,23,24,51
Measured,prefill-16k.sstrace,2048,5,22,2048,20480,160,128.0,13.0,648.799999999999,2015,31,21,14,18,13,18,45
Measured,prefill-16k.sstrace,2048,6,22,2048,20480,146,140.27397260273972,11.5,843.75,2031,28,19,16,16,11,11,45
Measured,prefill-16k.sstrace,2048,7,22,2027,20270,343,59.096209912536445,4.0,281.09999999999934,1846,71,77,68,35,23,21,48
Measured,prefill-16k.sstrace,2048,0,23,2048,20480,417,49.11270983213429,17.0,218.0,885,37,56,46,56,76,56,90
Measured,prefill-16k.sstrace,2048,1,23,2048,20480,393,52.1119592875318,11.0,206.1999999999997,1195,38,55,67,61,50,51,71
Measured,prefill-16k.sstrace,2048,2,23,2048,20480,376,54.46808510638298,12.0,248.75,1405,38,71,50,52,43,44,78
Measured,prefill-16k.sstrace,2048,3,23,2048,20480,368,55.65217391304348,9.0,243.29999999999905,1596,42,59,70,56,49,39,53
Measured,prefill-16k.sstrace,2048,4,23,2048,20480,366,55.95628415300546,13.0,204.0,1496,37,51,56,50,63,41,68
Measured,prefill-16k.sstrace,2048,5,23,2048,20480,275,74.47272727272727,6.0,356.30000000000024,1792,51,49,50,25,26,17,57
Measured,prefill-16k.sstrace,2048,6,23,2048,20480,225,91.02222222222223,10.0,396.19999999999914,1843,38,42,28,20,25,16,56
Measured,prefill-16k.sstrace,2048,7,23,2027,20270,389,52.10796915167095,8.0,210.99999999999983,1537,47,67,69,70,57,28,51
Measured,prefill-16k.sstrace,2048,0,24,2048,20480,412,49.70873786407767,15.0,217.39999999999986,935,37,57,50,64,67,49,88
Measured,prefill-16k.sstrace,2048,1,24,2048,20480,384,53.333333333333336,11.0,224.6499999999997,1157,50,41,74,53,60,40,66
Measured,prefill-16k.sstrace,2048,2,24,2048,20480,340,60.23529411764706,14.0,307.15000000000003,1095,36,49,46,46,37,56,70
Measured,prefill-16k.sstrace,2048,3,24,2048,20480,365,56.10958904109589,10.0,277.8000000000002,1332,45,61,60,50,57,32,60
Measured,prefill-16k.sstrace,2048,4,24,2048,20480,335,61.134328358208954,14.0,285.8000000000003,1147,38,42,52,48,40,33,82
Measured,prefill-16k.sstrace,2048,5,24,2048,20480,256,80.0,7.0,380.5,1617,49,44,36,25,24,23,55
Measured,prefill-16k.sstrace,2048,6,24,2048,20480,227,90.22026431718062,9.0,432.29999999999933,1729,41,40,26,22,21,22,55
Measured,prefill-16k.sstrace,2048,7,24,2027,20270,376,53.909574468085104,10.0,282.25,1444,50,47,67,75,40,46,51
Measured,prefill-16k.sstrace,2048,0,25,2048,20480,440,46.54545454545455,18.0,178.39999999999964,565,47,32,43,72,84,67,95
Measured,prefill-16k.sstrace,2048,1,25,2048,20480,427,47.96252927400469,14.0,187.0,832,41,46,62,73,65,57,83
Measured,prefill-16k.sstrace,2048,2,25,2048,20480,405,50.5679012345679,19.0,198.39999999999964,930,43,51,46,51,69,55,90
Measured,prefill-16k.sstrace,2048,3,25,2048,20480,413,49.58837772397094,13.0,210.0,1233,48,58,54,63,71,46,73
Measured,prefill-16k.sstrace,2048,4,25,2048,20480,401,51.072319201995015,17.0,207.0,1000,52,33,56,54,71,50,85
Measured,prefill-16k.sstrace,2048,5,25,2048,20480,301,68.03986710963456,12.0,280.0,1521,40,41,41,43,34,29,73
Measured,prefill-16k.sstrace,2048,6,25,2048,20480,276,74.20289855072464,12.0,304.25,1721,49,40,37,22,34,26,68
Measured,prefill-16k.sstrace,2048,7,25,2027,20270,410,49.4390243902439,10.0,190.9499999999996,1582,57,48,73,70,60,35,67
Measured,prefill-16k.sstrace,2048,0,26,2048,20480,436,46.972477064220186,16.0,210.25,597,34,47,51,84,76,49,95
Measured,prefill-16k.sstrace,2048,1,26,2048,20480,419,48.87828162291169,12.0,259.4999999999995,1050,43,62,67,67,60,45,75
Measured,prefill-16k.sstrace,2048,2,26,2048,20480,378,54.17989417989418,16.0,233.0,1004,42,45,49,51,48,59,84
Measured,prefill-16k.sstrace,2048,3,26,2048,20480,410,49.951219512195124,14.0,241.44999999999914,962,49,57,54,65,61,50,74
Measured,prefill-16k.sstrace,2048,4,26,2048,20480,371,55.20215633423181,18.0,226.5,859,31,47,54,47,52,53,87
Measured,prefill-16k.sstrace,2048,5,26,2048,20480,310,66.06451612903226,14.0,332.9000000000002,848,58,42,37,29,36,32,76
Measured,prefill-16k.sstrace,2048,6,26,2048,20480,285,71.85964912280701,13.0,364.40000000000066,1004,51,40,28,32,31,27,76
Measured,prefill-16k.sstrace,2048,7,26,2027,20270,418,48.49282296650718,10.5,204.0,1075,50,58,73,76,45,52,64
Measured,prefill-16k.sstrace,2048,0,27,2048,20480,438,46.757990867579906,19.0,201.5999999999999,519,39,39,56,68,79,62,95
Measured,prefill-16k.sstrace,2048,1,27,2048,20480,441,46.439909297052154,14.0,227.0,735,44,50,66,71,67,67,76
Measured,prefill-16k.sstrace,2048,2,27,2048,20480,416,49.23076923076923,15.0,225.25,700,39,50,66,54,67,52,88
Measured,prefill-16k.sstrace,2048,3,27,2048,20480,426,48.075117370892016,12.0,260.75,956,47,58,75,52,72,48,74
Measured,prefill-16k.sstrace,2048,4,27,2048,20480,401,51.072319201995015,14.0,268.0,757,46,41,48,72,64,56,74
Measured,prefill-16k.sstrace,2048,5,27,2048,20480,333,61.5015015015015,10.0,344.5999999999999,1188,54,52,51,32,39,35,70
Measured,prefill-16k.sstrace,2048,6,27,2048,20480,325,63.01538461538462,9.0,373.60000000000025,1332,52,45,49,45,29,41,64
Measured,prefill-16k.sstrace,2048,7,27,2027,20270,433,46.812933025404156,11.0,217.39999999999952,1140,42,51,79,78,71,55,57
Measured,prefill-16k.sstrace,2048,0,28,2048,20480,425,48.188235294117646,16.0,239.59999999999854,512,36,62,61,51,73,57,85
Measured,prefill-16k.sstrace,2048,1,28,2048,20480,425,48.188235294117646,13.0,205.39999999999986,853,47,56,63,61,55,55,88
Measured,prefill-16k.sstrace,2048,2,28,2048,20480,391,52.37851662404092,18.0,239.0,580,47,46,44,50,60,55,89
Measured,prefill-16k.sstrace,2048,3,28,2048,20480,427,47.96252927400469,14.0,223.19999999999993,751,38,60,60,70,59,60,80
Measured,prefill-16k.sstrace,2048,4,28,2048,20480,383,53.472584856396864,19.0,234.79999999999973,552,45,38,54,38,63,59,86
Measured,prefill-16k.sstrace,2048,5,28,2048,20480,345,59.36231884057971,16.0,289.2000000000003,890,37,37,51,45,50,46,79
Measured,prefill-16k.sstrace,2048,6,28,2048,20480,345,59.36231884057971,14.0,271.8000000000001,1134,46,48,40,48,45,49,69
Measured,prefill-16k.sstrace,2048,7,28,2027,20270,430,47.13953488372093,11.5,223.0999999999999,1021,51,55,61,83,58,50,72
Measured,prefill-16k.sstrace,2048,0,29,2048,20480,448,45.714285714285715,17.0,184.49999999999977,481,28,39,76,70,72,72,91
Measured,prefill-16k.sstrace,2048,1,29,2048,20480,439,46.651480637813215,15.0,224.2999999999999,628,27,61,54,81,79,57,80
Measured,prefill-16k.sstrace,2048,2,29,2048,20480,424,48.301886792452834,17.0,217.24999999999983,549,34,47,59,62,78,61,83
Measured,prefill-16k.sstrace,2048,3,29,2048,20480,449,45.61247216035635,13.0,201.5999999999991,849,34,49,62,103,62,60,79
Measured,prefill-16k.sstrace,2048,4,29,2048,20480,423,48.4160756501182,16.0,215.69999999999993,548,27,46,59,71,78,53,89
Measured,prefill-16k.sstrace,2048,5,29,2048,20480,387,52.91989664082687,15.0,253.19999999999993,1063,45,49,60,40,58,55,80
Measured,prefill-16k.sstrace,2048,6,29,2048,20480,381,53.75328083989501,16.0,206.0,1161,47,57,46,39,59,59,74
Measured,prefill-16k.sstrace,2048,7,29,2027,20270,454,44.647577092511014,16.0,214.69999999999993,683,35,51,63,76,88,62,79
Measured,prefill-16k.sstrace,2048,0,30,2048,20480,463,44.23326133909287,19.0,164.59999999999968,675,24,38,48,100,79,65,109
Measured,prefill-16k.sstrace,2048,1,30,2048,20480,460,44.52173913043478,17.0,179.0,665,40,33,70,74,79,69,95
Measured,prefill-16k.sstrace,2048,2,30,2048,20480,457,44.81400437636761,20.0,172.39999999999992,583,23,50,63,61,81,84,95
Measured,prefill-16k.sstrace,2048,3,30,2048,20480,462,44.32900432900433,19.0,179.84999999999997,579,23,51,54,82,93,63,96
Measured,prefill-16k.sstrace,2048,4,30,2048,20480,448,45.714285714285715,21.0,185.29999999999995,453,30,24,58,76,83,85,92
Measured,prefill-16k.sstrace,2048,5,30,2048,20480,421,48.64608076009501,17.0,207.0,498,38,54,51,58,67,56,97
Measured,prefill-16k.sstrace,2048,6,30,2048,20480,417,49.11270983213429,16.0,210.99999999999994,547,50,50,35,70,55,61,96
Measured,prefill-16k.sstrace,2048,7,30,2027,20270,471,43.03609341825902,18.0,178.5,602,21,46,58,84,89,82,91
Measured,prefill-16k.sstrace,2048,0,31,2048,20480,469,43.66737739872068,19.0,188.7999999999999,455,31,42,60,79,86,82,89
Measured,prefill-16k.sstrace,2048,1,31,2048,20480,449,45.61247216035635,19.0,173.0,566,29,47,39,75,92,69,98
Measured,prefill-16k.sstrace,2048,2,31,2048,20480,457,44.81400437636761,17.0,196.39999999999998,473,33,45,55,81,85,62,96
Measured,prefill-16k.sstrace,2048,3,31,2048,20480,444,46.126126126126124,16.0,214.7499999999995,650,34,53,60,68,87,54,88
Measured,prefill-16k.sstrace,2048,4,31,2048,20480,455,45.010989010989015,18.0,184.89999999999986,539,29,49,69,65,82,63,98
Measured,prefill-16k.sstrace,2048,5,31,2048,20480,407,50.319410319410316,13.0,203.09999999999997,816,37,49,69,64,52,49,87
Measured,prefill-16k.sstrace,2048,6,31,2048,20480,404,50.693069306930695,13.0,251.94999999999976,1058,28,63,62,63,62,40,86
Measured,prefill-16k.sstrace,2048,7,31,2027,20270,456,44.45175438596491,16.0,183.25,1075,29,44,63,83,86,62,89
Measured,prefill-16k.sstrace,2048,0,32,2048,20480,448,45.714285714285715,18.0,193.64999999999998,674,27,56,55,68,90,58,94
Measured,prefill-16k.sstrace,2048,1,32,2048,20480,435,47.08045977011494,14.0,208.0,909,36,50,63,78,62,60,86
Measured,prefill-16k.sstrace,2048,2,32,2048,20480,446,45.91928251121076,13.5,187.5,962,43,55,60,79,67,60,82
Measured,prefill-16k.sstrace,2048,3,32,2048,20480,426,48.075117370892016,13.0,212.5,1274,40,53,71,68,63,54,77
Measured,prefill-16k.sstrace,2048,4,32,2048,20480,438,46.757990867579906,14.0,196.14999999999998,1071,35,58,57,85,64,59,80
Measured,prefill-16k.sstrace,2048,5,32,2048,20480,378,54.17989417989418,11.0,258.29999999999995,1487,46,59,51,60,44,50,68
Measured,prefill-16k.sstrace,2048,6,32,2048,20480,376,54.46808510638298,10.5,222.0,1429,50,51,63,52,48,37,75
Measured,prefill-16k.sstrace,2048,7,32,2027,20270,449,45.14476614699332,14.0,184.19999999999925,1232,39,61,58,85,71,61,74
Measured,prefill-16k.sstrace,2048,0,33,2048,20480,470,43.57446808510638,18.0,180.54999999999995,459,24,34,67,91,87,71,96
Measured,prefill-16k.sstrace,2048,1,33,2048,20480,453,45.209713024282564,15.0,189.39999999999998,711,37,48,67,76,73,58,94
Measured,prefill-16k.sstrace,2048,2,33,2048,20480,441,46.439909297052154,16.0,181.0,732,28,49,60,80,66,66,92
Measured,prefill-16k.sstrace,2048,3,33,2048,20480,443,46.230248306997744,15.0,189.5999999999999,934,23,52,61,87,68,66,86
Measured,prefill-16k.sstrace,2048,4,33,2048,20480,437,46.8649885583524,16.0,181.79999999999995,895,36,40,61,74,74,64,88
Measured,prefill-16k.sstrace,2048,5,33,2048,20480,416,49.23076923076923,14.5,230.25,1148,38,57,54,66,65,49,87
Measured,prefill-16k.sstrace,2048,6,33,2048,20480,405,50.5679012345679,16.0,207.79999999999995,1140,51,46,52,51,58,56,91
Measured,prefill-16k.sstrace,2048,7,33,2027,20270,464,43.685344827586206,17.0,174.5499999999999,688,33,44,57,85,80,82,83
Measured,prefill-16k.sstrace,2048,0,34,2048,20480,452,45.309734513274336,16.0,174.45,715,38,48,64,75,79,77,71
Measured,prefill-16k.sstrace,2048,1,34,2048,20480,425,48.188235294117646,11.0,249.7999999999995,1363,40,63,63,78,66,50,65
Measured,prefill-16k.sstrace,2048,2,34,2048,20480,382,53.61256544502618,17.0,237.95,1191,28,40,50,64,70,58,72
Measured,prefill-16k.sstrace,2048,3,34,2048,20480,443,46.230248306997744,9.0,225.79999999999995,1422,43,74,79,78,61,38,70
Measured,prefill-16k.sstrace,2048,4,34,2048,20480,399,51.32832080200501,15.0,238.8999999999997,1043,38,39,70,57,71,56,68
Measured,prefill-16k.sstrace,2048,5,34,2048,20480,349,58.68194842406877,10.0,265.59999999999997,1363,57,55,49,45,50,32,61
Measured,prefill-16k.sstrace,2048,6,34,2048,20480,328,62.4390243902439,10.0,361.29999999999995,1288,49,52,45,46,39,35,62
Measured,prefill-16k.sstrace,2048,7,34,2027,20270,439,46.17312072892938,11.0,192.39999999999986,1006,38,62,73,82,64,52,68
Measured,prefill-16k.sstrace,2048,0,35,2048,20480,443,46.230248306997744,16.0,175.89999999999998,680,30,50,68,70,72,67,86
Measured,prefill-16k.sstrace,2048,1,35,2048,20480,425,48.188235294117646,12.0,209.19999999999982,981,43,57,64,67,59,52,83
Measured,prefill-16k.sstrace,2048,2,35,2048,20480,436,46.972477064220186,15.0,222.75,842,49,53,58,60,62,76,78
Measured,prefill-16k.sstrace,2048,3,35,2048,20480,433,47.29792147806005,14.0,226.79999999999995,1155,44,59,61,64,77,50,78
Measured,prefill-16k.sstrace,2048,4,35,2048,20480,428,47.850467289719624,16.0,227.19999999999982,823,42,53,46,71,65,75,76
Measured,prefill-16k.sstrace,2048,5,35,2048,20480,362,56.574585635359114,15.0,261.79999999999995,1429,39,47,42,55,58,41,80
Measured,prefill-16k.sstrace,2048,6,35,2048,20480,378,54.17989417989418,14.5,228.04999999999984,1604,42,57,47,51,55,40,86
Measured,prefill-16k.sstrace,2048,7,35,2027,20270,444,45.653153153153156,15.0,172.5499999999999,1248,34,59,63,71,68,63,86
Measured,prefill-16k.sstrace,2048,0,36,2048,20480,434,47.1889400921659,15.0,159.34999999999997,924,43,39,65,76,66,54,91
Measured,prefill-16k.sstrace,2048,1,36,2048,20480,409,50.07334963325184,13.0,181.5999999999998,1411,43,45,70,56,65,64,66
Measured,prefill-16k.sstrace,2048,2,36,2048,20480,411,49.82968369829684,17.0,201.0,1240,42,36,66,57,66,74,70
Measured,prefill-16k.sstrace,2048,3,36,2048,20480,391,52.37851662404092,12.0,252.0,1266,47,53,54,61,71,40,65
Measured,prefill-16k.sstrace,2048,4,36,2048,20480,400,51.2,14.0,176.4499999999996,1244,42,47,57,64,65,57,68
Measured,prefill-16k.sstrace,2048,5,36,2048,20480,334,61.31736526946108,7.5,249.89999999999952,1589,62,60,45,36,38,36,57
Measured,prefill-16k.sstrace,2048,6,36,2048,20480,324,63.20987654320987,8.0,223.69999999999993,1450,61,51,45,36,50,26,55
Measured,prefill-16k.sstrace,2048,7,36,2027,20270,413,49.07990314769976,11.0,199.59999999999968,1226,49,51,66,74,66,52,55
Measured,prefill-16k.sstrace,2048,0,37,2048,20480,441,46.439909297052154,12.0,200.0,958,20,57,81,86,64,55,78
Measured,prefill-16k.sstrace,2048,1,37,2048,20480,418,48.995215311004785,10.0,218.84999999999957,1502,43,60,84,73,57,41,60
Measured,prefill-16k.sstrace,2048,2,37,2048,20480,414,49.468599033816425,11.0,181.79999999999973,1465,42,58,60,81,57,58,58
Measured,prefill-16k.sstrace,2048,3,37,2048,20480,388,52.78350515463917,8.0,196.5999999999999,1394,44,58,86,60,49,45,46
Measured,prefill-16k.sstrace,2048,4,37,2048,20480,402,50.9452736318408,11.5,200.79999999999995,1434,36,49,72,68,69,52,56
Measured,prefill-16k.sstrace,2048,5,37,2048,20480,296,69.1891891891892,7.0,258.5,1598,55,53,47,33,31,33,44
Measured,prefill-16k.sstrace,2048,6,37,2048,20480,296,69.1891891891892,8.0,346.25,1595,58,41,47,41,26,41,42
Measured,prefill-16k.sstrace,2048,7,37,2027,20270,421,48.14726840855107,9.0,221.0,1364,47,58,82,73,71,34,56
Measured,prefill-16k.sstrace,2048,0,38,2048,20480,429,47.73892773892774,9.0,246.39999999999986,1225,36,83,78,70,51,45,66
Measured,prefill-16k.sstrace,2048,1,38,2048,20480,379,54.03693931398417,7.0,293.8999999999997,1201,55,69,68,57,40,25,65
Measured,prefill-16k.sstrace,2048,2,38,2048,20480,339,60.41297935103245,11.0,274.59999999999945,1330,38,53,48,46,45,41,68
Measured,prefill-16k.sstrace,2048,3,38,2048,20480,363,56.41873278236915,8.0,298.39999999999964,911,58,70,46,54,36,21,78
Measured,prefill-16k.sstrace,2048,4,38,2048,20480,336,60.95238095238095,11.0,278.5,1286,42,46,51,52,37,31,77
Measured,prefill-16k.sstrace,2048,5,38,2048,20480,264,77.57575757575758,11.0,347.54999999999995,1114,42,41,33,29,27,20,72
Measured,prefill-16k.sstrace,2048,6,38,2048,20480,254,80.62992125984252,12.5,394.09999999999985,964,39,37,29,28,34,26,61
Measured,prefill-16k.sstrace,2048,7,38,2027,20270,389,52.10796915167095,7.0,280.5999999999998,822,67,60,72,49,49,26,66
Measured,prefill-16k.sstrace,2048,0,39,2048,20480,428,47.850467289719624,15.0,218.79999999999973,671,35,57,66,60,72,59,79
Measured,prefill-16k.sstrace,2048,1,39,2048,20480,405,50.5679012345679,10.0,283.1999999999996,1108,47,63,70,76,52,37,60
Measured,prefill-16k.sstrace,2048,2,39,2048,20480,410,49.951219512195124,11.0,229.0999999999999,1020,34,63,75,70,55,47,66
Measured,prefill-16k.sstrace,2048,3,39,2048,20480,368,55.65217391304348,8.0,271.1999999999998,1397,44,63,66,68,34,27,66
Measured,prefill-16k.sstrace,2048,4,39,2048,20480,411,49.82968369829684,10.0,244.0,1162,41,53,83,61,60,47,66
Measured,prefill-16k.sstrace,2048,5,39,2048,20480,279,73.40501792114695,7.0,389.7999999999994,1441,49,50,48,31,20,22,59
Measured,prefill-16k.sstrace,2048,6,39,2048,20480,286,71.60839160839161,6.0,412.0,1149,56,56,39,32,21,23,59
Measured,prefill-16k.sstrace,2048,7,39,2027,20270,396,51.186868686868685,9.0,250.75,1295,42,64,78,71,45,38,58
Measured,prefill-16k.sstrace,2048,0,40,2048,20480,459,44.61873638344227,16.0,152.49999999999983,1160,29,43,83,71,86,72,75
Measured,prefill-16k.sstrace,2048,1,40,2048,20480,438,46.757990867579906,12.0,194.39999999999964,1446,42,47,75,82,87,48,57
Measured,prefill-16k.sstrace,2048,2,40,2048,20480,432,47.407407407407405,11.0,201.45,1364,36,51,88,64,78,51,64
Measured,prefill-16k.sstrace,2048,3,40,2048,20480,424,48.301886792452834,8.0,262.9999999999993,1585,61,73,69,73,64,26,58
Measured,prefill-16k.sstrace,2048,4,40,2048,20480,433,47.29792147806005,11.0,244.39999999999918,1391,58,49,66,78,68,54,60
Measured,prefill-16k.sstrace,2048,5,40,2048,20480,318,64.40251572327044,6.0,418.89999999999986,1764,67,53,60,31,24,27,56
Measured,prefill-16k.sstrace,2048,6,40,2048,20480,299,68.49498327759197,7.0,420.19999999999993,1648,65,45,44,33,28,22,62
Measured,prefill-16k.sstrace,2048,7,40,2027,20270,434,46.705069124423964,11.0,254.0999999999998,1540,29,76,74,87,81,32,55
Measured,prefill-16k.sstrace,2048,0,41,2048,20480,460,44.52173913043478,17.5,142.19999999999982,1188,26,38,57,94,99,72,74
Measured,prefill-16k.sstrace,2048,1,41,2048,20480,447,45.8165548098434,11.0,199.39999999999998,1136,46,54,69,108,69,44,57
Measured,prefill-16k.sstrace,2048,2,41,2048,20480,449,45.61247216035635,13.0,224.39999999999986,888,38,55,73,77,83,61,62
Measured,prefill-16k.sstrace,2048,3,41,2048,20480,445,46.02247191011236,8.0,217.59999999999945,1098,64,67,78,75,69,38,54
Measured,prefill-16k.sstrace,2048,4,41,2048,20480,449,45.61247216035635,12.0,220.99999999999966,944,26,60,70,98,69,60,66
Measured,prefill-16k.sstrace,2048,5,41,2048,20480,330,62.06060606060606,7.0,344.8500000000003,1182,60,59,47,40,39,27,58
Measured,prefill-16k.sstrace,2048,6,41,2048,20480,314,65.22292993630573,9.5,365.2999999999994,1157,59,61,33,42,34,24,61
Measured,prefill-16k.sstrace,2048,7,41,2027,20270,440,46.06818181818182,10.0,238.24999999999886,1036,35,57,86,101,65,39,57
Measured,prefill-16k.sstrace,2048,0,42,2048,20480,437,46.8649885583524,13.0,190.3999999999998,1216,31,56,77,71,69,58,75
Measured,prefill-16k.sstrace,2048,1,42,2048,20480,407,50.319410319410316,11.0,263.1999999999996,1521,47,65,59,81,62,36,57
Measured,prefill-16k.sstrace,2048,2,42,2048,20480,402,50.9452736318408,15.0,237.0999999999998,1222,43,53,53,60,78,43,72
Measured,prefill-16k.sstrace,2048,3,42,2048,20480,393,52.1119592875318,9.0,302.5999999999997,1198,53,57,73,63,45,44,58
Measured,prefill-16k.sstrace,2048,4,42,2048,20480,403,50.81885856079405,14.0,235.89999999999975,1139,35,58,59,58,76,40,77
Measured,prefill-16k.sstrace,2048,5,42,2048,20480,283,72.36749116607774,9.0,379.9999999999998,1168,48,44,41,37,30,25,58
Measured,prefill-16k.sstrace,2048,6,42,2048,20480,259,79.07335907335907,11.0,413.1999999999998,1388,44,37,24,45,24,26,59
Measured,prefill-16k.sstrace,2048,7,42,2027,20270,407,49.8034398034398,10.0,250.39999999999986,1358,46,64,61,73,65,33,65
Measured,prefill-16k.sstrace,2048,0,43,2048,20480,453,45.209713024282564,16.0,201.79999999999995,1193,42,52,72,60,80,61,86
Measured,prefill-16k.sstrace,2048,1,43,2048,20480,425,48.188235294117646,12.0,220.59999999999923,1275,42,54,72,70,72,48,67
Measured,prefill-16k.sstrace,2048,2,43,2048,20480,425,48.188235294117646,15.0,206.79999999999973,1074,37,35,77,64,79,58,75
Measured,prefill-16k.sstrace,2048,3,43,2048,20480,413,49.58837772397094,11.0,195.5999999999999,1090,48,55,70,77,48,44,71
Measured,prefill-16k.sstrace,2048,4,43,2048,20480,441,46.439909297052154,15.0,194.0,999,47,48,63,67,83,62,71
Measured,prefill-16k.sstrace,2048,5,43,2048,20480,336,60.95238095238095,9.0,267.25,1364,59,58,45,40,31,36,67
Measured,prefill-16k.sstrace,2048,6,43,2048,20480,298,68.7248322147651,10.0,316.3499999999998,1270,49,34,53,35,30,32,65
Measured,prefill-16k.sstrace,2048,7,43,2027,20270,420,48.26190476190476,11.0,252.14999999999986,1332,41,48,73,91,64,42,61
Measured,prefill-16k.sstrace,2048,0,44,2048,20480,432,47.407407407407405,12.0,171.24999999999994,1870,45,44,73,91,77,46,56
Measured,prefill-16k.sstrace,2048,1,44,2048,20480,389,52.64781491002571,8.0,201.59999999999997,1978,43,71,78,73,45,32,47
Measured,prefill-16k.sstrace,2048,2,44,2048,20480,382,53.61256544502618,9.0,265.69999999999993,2003,52,57,69,67,48,38,51
Measured,prefill-16k.sstrace,2048,3,44,2048,20480,366,55.95628415300546,5.0,289.5,2013,71,62,82,46,32,26,47
Measured,prefill-16k.sstrace,2048,4,44,2048,20480,388,52.78350515463917,8.0,265.0999999999997,2014,57,69,64,68,47,28,55
Measured,prefill-16k.sstrace,2048,5,44,2048,20480,235,87.14893617021276,6.0,465.0999999999999,2045,59,36,32,26,18,18,46
Measured,prefill-16k.sstrace,2048,6,44,2048,20480,209,97.99043062200957,7.0,539.0,2047,44,38,25,24,15,15,48
Measured,prefill-16k.sstrace,2048,7,44,2027,20270,366,55.38251366120219,8.0,313.25,1973,39,63,78,75,37,33,41
Measured,prefill-16k.sstrace,2048,0,45,2048,20480,419,48.87828162291169,9.0,163.49999999999983,1785,54,64,76,65,66,50,44
Measured,prefill-16k.sstrace,2048,1,45,2048,20480,369,55.50135501355014,6.0,167.19999999999993,1873,61,72,83,59,43,17,34
Measured,prefill-16k.sstrace,2048,2,45,2048,20480,338,60.59171597633136,8.0,296.6999999999996,1851,54,62,50,51,60,21,40
Measured,prefill-16k.sstrace,2048,3,45,2048,20480,333,61.5015015015015,4.0,234.99999999999864,1919,70,74,63,48,34,14,30
Measured,prefill-16k.sstrace,2048,4,45,2048,20480,352,58.18181818181818,6.0,241.0,1872,63,70,65,44,47,21,42
Measured,prefill-16k.sstrace,2048,5,45,2048,20480,166,123.37349397590361,5.0,987.5,2026,48,24,20,16,18,8,32
Measured,prefill-16k.sstrace,2048,6,45,2048,20480,133,153.98496240601503,10.0,1318.5999999999992,2041,35,13,13,17,14,12,29
Measured,prefill-16k.sstrace,2048,7,45,2027,20270,370,54.78378378378378,5.0,164.65000000000003,1788,67,80,70,59,46,16,32
Measured,prefill-16k.sstrace,2048,0,46,2048,20480,377,54.323607427055705,7.0,214.19999999999993,1852,60,70,67,75,39,23,43
Measured,prefill-16k.sstrace,2048,1,46,2048,20480,319,64.20062695924764,4.0,294.7999999999987,1971,69,71,78,42,18,14,27
Measured,prefill-16k.sstrace,2048,2,46,2048,20480,275,74.47272727272727,4.0,390.7000000000011,2016,52,60,65,38,16,18,26
Measured,prefill-16k.sstrace,2048,3,46,2048,20480,263,77.87072243346007,3.0,485.9999999999984,1991,68,71,52,27,15,6,24
Measured,prefill-16k.sstrace,2048,4,46,2048,20480,269,76.13382899628253,4.0,422.0,2031,70,58,61,23,18,12,27
Measured,prefill-16k.sstrace,2048,5,46,2048,20480,92,222.6086956521739,3.0,1814.5500000000004,2038,34,14,5,6,8,4,21
Measured,prefill-16k.sstrace,2048,6,46,2048,20480,79,259.24050632911394,7.0,1820.599999999999,2041,27,10,4,8,4,8,18
Measured,prefill-16k.sstrace,2048,7,46,2027,20270,314,64.55414012738854,3.0,260.09999999999707,1774,73,85,63,34,22,13,24
Measured,prefill-16k.sstrace,2048,0,47,1,10,10,1.0,1.0,1.0,1,10,0,0,0,0,0,0
Measured,prefill-16k.sstrace,2048,1,47,1,10,10,1.0,1.0,1.0,1,10,0,0,0,0,0,0
Measured,prefill-16k.sstrace,2048,2,47,1,10,10,1.0,1.0,1.0,1,10,0,0,0,0,0,0
Measured,prefill-16k.sstrace,2048,3,47,1,10,10,1.0,1.0,1.0,1,10,0,0,0,0,0,0
Measured,prefill-16k.sstrace,2048,4,47,1,10,10,1.0,1.0,1.0,1,10,0,0,0,0,0,0
Measured,prefill-16k.sstrace,2048,5,47,1,10,10,1.0,1.0,1.0,1,10,0,0,0,0,0,0
Measured,prefill-16k.sstrace,2048,6,47,1,10,10,1.0,1.0,1.0,1,10,0,0,0,0,0,0
Measured,prefill-16k.sstrace,2048,7,47,1,10,10,1.0,1.0,1.0,1,10,0,0,0,0,0,0
Measured,prefill-16k.sstrace,4096,0,0,4096,40960,375,109.22666666666667,5.0,20.0,3900,44,96,130,72,19,1,13
Measured,prefill-16k.sstrace,4096,1,0,4096,40960,211,194.12322274881515,2.0,79.0,4055,79,94,25,2,0,0,11
Measured,prefill-16k.sstrace,4096,2,0,4096,40960,12,3413.3333333333335,4096.0,4096.0,4096,0,0,0,0,0,0,12
Measured,prefill-16k.sstrace,4096,3,0,4075,40750,228,178.7280701754386,2.0,92.799999999997,4027,73,106,37,0,0,0,12
Measured,prefill-16k.sstrace,4096,0,1,4096,40960,331,123.74622356495469,5.0,27.5,3899,57,74,85,74,27,2,12
Measured,prefill-16k.sstrace,4096,1,1,4096,40960,163,251.2883435582822,2.0,3965.700000000004,4055,50,48,44,8,0,0,13
Measured,prefill-16k.sstrace,4096,2,1,4096,40960,12,3413.3333333333335,4096.0,4096.0,4096,0,0,0,1,0,0,11
Measured,prefill-16k.sstrace,4096,3,1,4075,40750,182,223.9010989010989,2.0,3421.5999999999644,4032,59,55,42,14,0,0,12
Measured,prefill-16k.sstrace,4096,0,2,4096,40960,325,126.03076923076924,4.0,60.400000000000034,3904,62,80,83,61,17,6,16
Measured,prefill-16k.sstrace,4096,1,2,4096,40960,168,243.8095238095238,3.0,3567.3500000000004,4060,58,53,38,4,0,1,14
Measured,prefill-16k.sstrace,4096,2,2,4096,40960,12,3413.3333333333335,4096.0,4096.0,4096,0,0,0,0,0,1,11
Measured,prefill-16k.sstrace,4096,3,2,4075,40750,200,203.75,2.0,392.7499999999428,4027,66,75,39,4,2,1,13
Measured,prefill-16k.sstrace,4096,0,3,4096,40960,228,179.64912280701753,4.0,1358.4999999999975,3964,49,56,42,26,18,12,25
Measured,prefill-16k.sstrace,4096,1,3,4096,40960,107,382.803738317757,4.0,3295.7999999999993,4053,32,21,17,12,3,4,18
Measured,prefill-16k.sstrace,4096,2,3,4096,40960,18,2275.5555555555557,2598.5,4096.0,4096,0,0,0,1,2,1,14
Measured,prefill-16k.sstrace,4096,3,3,4075,40750,131,311.0687022900763,3.0,3573.0,4035,41,31,17,17,4,2,19
Measured,prefill-16k.sstrace,4096,0,4,4096,40960,263,155.74144486692015,4.0,333.99999999999955,3909,61,49,66,37,19,8,23
Measured,prefill-16k.sstrace,4096,1,4,4096,40960,127,322.5196850393701,2.0,3979.1,4061,38,36,22,10,2,4,15
Measured,prefill-16k.sstrace,4096,2,4,4096,40960,13,3150.769230769231,4089.0,4096.0,4096,0,0,0,0,0,1,12
Measured,prefill-16k.sstrace,4096,3,4,4075,40750,167,244.0119760479042,2.0,3326.6999999999907,4032,53,57,25,12,3,2,15
Measured,prefill-16k.sstrace,4096,0,5,4096,40960,313,130.8626198083067,5.0,77.19999999999948,3894,60,65,80,57,25,9,17
Measured,prefill-16k.sstrace,4096,1,5,4096,40960,156,262.56410256410254,3.0,3270.5,4051,44,54,26,10,4,2,16
Measured,prefill-16k.sstrace,4096,2,5,4096,40960,16,2560.0,2975.0,4096.0,4096,0,0,0,0,2,0,14
Measured,prefill-16k.sstrace,4096,3,5,4075,40750,194,210.05154639175257,2.0,1541.6499999999824,4030,68,61,35,13,2,1,14
Measured,prefill-16k.sstrace,4096,0,6,4096,40960,335,122.26865671641791,4.0,394.20000000000664,3884,72,73,71,72,20,7,20
Measured,prefill-16k.sstrace,4096,1,6,4096,40960,158,259.24050632911394,3.0,3214.05,4051,52,41,40,7,1,1,16
Measured,prefill-16k.sstrace,4096,2,6,4096,40960,16,2560.0,3251.5,4096.0,4096,0,0,0,0,0,0,16
Measured,prefill-16k.sstrace,4096,3,6,4075,40750,196,207.90816326530611,2.0,1231.75,4025,69,63,38,8,0,2,16
Measured,prefill-16k.sstrace,4096,0,7,4096,40960,340,120.47058823529412,5.0,454.70000000000016,3883,64,71,82,63,20,9,31
Measured,prefill-16k.sstrace,4096,1,7,4096,40960,183,223.82513661202185,3.0,1852.9000000000021,4051,52,54,21,15,7,3,31
Measured,prefill-16k.sstrace,4096,2,7,4096,40960,38,1077.8947368421052,255.0,4055.2,4096,3,2,2,4,2,1,24
Measured,prefill-16k.sstrace,4096,3,7,4075,40750,219,186.07305936073058,3.0,795.1999999999989,4024,73,61,40,13,1,2,29
Measured,prefill-16k.sstrace,4096,0,8,4096,40960,276,148.40579710144928,5.0,1270.0,3879,52,56,64,45,20,11,28
Measured,prefill-16k.sstrace,4096,1,8,4096,40960,149,274.8993288590604,3.0,2686.5999999999995,4048,39,38,20,9,13,3,27
Measured,prefill-16k.sstrace,4096,2,8,4096,40960,43,952.5581395348837,360.0,3842.9999999999995,4096,2,4,3,1,4,1,28
Measured,prefill-16k.sstrace,4096,3,8,4075,40750,169,241.12426035502958,4.0,2091.9999999999995,4024,51,33,27,18,9,3,28
Measured,prefill-16k.sstrace,4096,0,9,4096,40960,305,134.29508196721312,6.0,731.0000000000005,3835,63,52,57,36,31,21,45
Measured,prefill-16k.sstrace,4096,1,9,4096,40960,194,211.1340206185567,7.0,1469.2499999999993,3972,34,35,34,27,10,12,42
Measured,prefill-16k.sstrace,4096,2,9,4096,40960,95,431.1578947368421,24.0,3108.2999999999993,4083,17,9,4,10,10,7,38
Measured,prefill-16k.sstrace,4096,3,9,4075,40750,224,181.91964285714286,4.0,1479.4999999999948,3939,48,53,35,24,16,8,40
Measured,prefill-16k.sstrace,4096,0,10,4096,40960,334,122.63473053892216,8.0,531.2999999999967,3878,41,54,70,65,37,20,47
Measured,prefill-16k.sstrace,4096,1,10,4096,40960,240,170.66666666666666,5.0,945.1499999999996,4049,49,49,44,20,16,8,54
Measured,prefill-16k.sstrace,4096,2,10,4096,40960,114,359.29824561403507,30.0,1994.25,4096,14,13,12,10,9,10,46
Measured,prefill-16k.sstrace,4096,3,10,4075,40750,253,161.0671936758893,5.0,640.999999999997,4019,53,53,43,34,18,10,42
Measured,prefill-16k.sstrace,4096,0,11,4096,40960,316,129.62025316455697,8.5,689.0,3865,39,62,53,52,36,20,54
Measured,prefill-16k.sstrace,4096,1,11,4096,40960,232,176.55172413793105,7.0,960.699999999999,3597,48,44,29,21,21,15,54
Measured,prefill-16k.sstrace,4096,2,11,4096,40960,133,307.96992481203006,21.0,2787.999999999997,3944,21,17,10,13,12,14,46
Measured,prefill-16k.sstrace,4096,3,11,4075,40750,261,156.1302681992337,5.0,399.0,3777,67,49,42,23,24,19,37
Measured,prefill-16k.sstrace,4096,0,12,4096,40960,342,119.76608187134502,6.0,711.0999999999982,3823,46,70,75,52,39,16,44
Measured,prefill-16k.sstrace,4096,1,12,4096,40960,222,184.5045045045045,4.0,951.6499999999962,3760,55,50,31,24,14,10,38
Measured,prefill-16k.sstrace,4096,2,12,4096,40960,90,455.1111111111111,26.0,3252.5,3827,11,10,7,10,9,8,35
Measured,prefill-16k.sstrace,4096,3,12,4075,40750,252,161.70634920634922,3.0,599.8999999999993,3818,68,59,39,29,11,8,38
Measured,prefill-16k.sstrace,4096,0,13,4096,40960,327,125.25993883792049,6.0,744.1999999999997,3480,55,58,72,54,26,19,43
Measured,prefill-16k.sstrace,4096,1,13,4096,40960,209,195.98086124401914,4.0,1111.7999999999995,3722,47,42,39,22,8,6,45
Measured,prefill-16k.sstrace,4096,2,13,4096,40960,84,487.6190476190476,48.5,3491.5499999999975,3844,11,11,6,5,4,6,41
Measured,prefill-16k.sstrace,4096,3,13,4075,40750,232,175.64655172413794,5.0,872.9999999999977,3893,48,47,51,21,16,10,39
Measured,prefill-16k.sstrace,4096,0,14,4096,40960,345,118.72463768115942,7.0,527.0000000000005,2906,48,64,62,37,32,23,79
Measured,prefill-16k.sstrace,4096,1,14,4096,40960,267,153.40823970037454,7.0,917.4999999999982,2742,52,39,52,31,22,10,61
Measured,prefill-16k.sstrace,4096,2,14,4096,40960,150,273.06666666666666,24.0,1788.049999999999,2667,17,17,18,15,13,10,60
Measured,prefill-16k.sstrace,4096,3,14,4075,40750,298,136.74496644295303,7.0,793.5999999999999,3253,60,53,47,46,22,20,50
Measured,prefill-16k.sstrace,4096,0,15,4096,40960,334,122.63473053892216,18.5,711.4999999999976,1606,35,59,31,33,34,42,100
Measured,prefill-16k.sstrace,4096,1,15,4096,40960,325,126.03076923076924,13.0,683.2000000000005,2612,53,46,38,36,38,28,86
Measured,prefill-16k.sstrace,4096,2,15,4096,40960,231,177.3160173160173,22.0,964.5,3041,27,22,27,25,28,20,82
Measured,prefill-16k.sstrace,4096,3,15,4075,40750,324,125.77160493827161,9.0,534.9499999999971,3268,46,54,46,59,36,21,62
Measured,prefill-16k.sstrace,4096,0,16,4096,40960,373,109.81233243967829,18.0,522.5999999999996,1727,41,47,37,50,53,31,114
Measured,prefill-16k.sstrace,4096,1,16,4096,40960,361,113.46260387811634,15.0,597.0,2439,43,50,41,49,41,38,99
Measured,prefill-16k.sstrace,4096,2,16,4096,40960,284,144.22535211267606,29.0,757.55,2469,31,28,27,30,31,39,98
Measured,prefill-16k.sstrace,4096,3,16,4075,40750,369,110.43360433604336,10.0,607.1999999999965,3287,48,56,58,58,33,38,78
Measured,prefill-16k.sstrace,4096,0,17,4096,40960,417,98.22541966426859,15.0,507.59999999999957,1860,31,54,65,60,50,41,116
Measured,prefill-16k.sstrace,4096,1,17,4096,40960,370,110.70270270270271,20.5,570.55,1964,33,45,42,49,47,37,117
Measured,prefill-16k.sstrace,4096,2,17,4096,40960,298,137.4496644295302,32.5,656.5999999999985,2411,24,24,32,35,33,42,108
Measured,prefill-16k.sstrace,4096,3,17,4075,40750,390,104.48717948717949,10.0,493.74999999999795,3033,47,61,62,55,53,29,83
Measured,prefill-16k.sstrace,4096,0,18,4096,40960,418,97.99043062200957,10.0,558.3999999999996,2802,45,59,67,68,57,30,92
Measured,prefill-16k.sstrace,4096,1,18,4096,40960,330,124.12121212121212,8.5,649.2500000000007,3026,38,73,50,45,25,29,70
Measured,prefill-16k.sstrace,4096,2,18,4096,40960,215,190.51162790697674,20.0,1362.6999999999996,3121,32,29,17,23,24,16,74
Measured,prefill-16k.sstrace,4096,3,18,4075,40750,349,116.7621776504298,6.0,653.0,3204,53,73,63,40,21,27,72
Measured,prefill-16k.sstrace,4096,0,19,4096,40960,444,92.25225225225225,20.5,437.6499999999997,1265,42,41,60,62,55,52,132
Measured,prefill-16k.sstrace,4096,1,19,4096,40960,395,103.69620253164557,17.0,606.6999999999996,2074,33,49,57,54,53,35,114
Measured,prefill-16k.sstrace,4096,2,19,4096,40960,331,123.74622356495469,20.0,632.5,2383,30,37,47,34,53,34,96
Measured,prefill-16k.sstrace,4096,3,19,4075,40750,380,107.23684210526316,12.0,620.6000000000001,3017,34,62,48,62,50,51,73
Measured,prefill-16k.sstrace,4096,0,20,4096,40960,447,91.6331096196868,22.0,405.39999999999975,1226,24,40,49,77,63,50,144
Measured,prefill-16k.sstrace,4096,1,20,4096,40960,414,98.93719806763285,21.0,390.0,2361,36,47,52,60,39,53,127
Measured,prefill-16k.sstrace,4096,2,20,4096,40960,354,115.70621468926554,22.5,517.7499999999998,2675,40,33,42,41,35,43,120
Measured,prefill-16k.sstrace,4096,3,20,4075,40750,410,99.39024390243902,12.0,422.89999999999736,3151,46,62,60,60,53,38,91
Measured,prefill-16k.sstrace,4096,0,21,4096,40960,430,95.25581395348837,12.0,521.7999999999984,1879,28,71,64,74,52,40,101
Measured,prefill-16k.sstrace,4096,1,21,4096,40960,362,113.14917127071823,14.0,612.7499999999998,2190,54,46,43,50,31,33,105
Measured,prefill-16k.sstrace,4096,2,21,4096,40960,295,138.84745762711864,20.0,733.1000000000004,2577,35,38,30,30,32,28,102
Measured,prefill-16k.sstrace,4096,3,21,4075,40750,355,114.78873239436619,10.0,599.5000000000002,3063,45,53,56,48,37,28,88
Measured,prefill-16k.sstrace,4096,0,22,4096,40960,425,96.37647058823529,10.0,654.3999999999992,3105,43,64,77,86,56,23,76
Measured,prefill-16k.sstrace,4096,1,22,4096,40960,365,112.21917808219177,6.0,528.4000000000007,3629,62,72,65,39,32,20,75
Measured,prefill-16k.sstrace,4096,2,22,4096,40960,239,171.3807531380753,14.0,977.4999999999999,3821,38,28,39,16,24,25,69
Measured,prefill-16k.sstrace,4096,3,22,4075,40750,354,115.11299435028249,5.0,561.0999999999991,3877,70,73,71,36,22,17,65
Measured,prefill-16k.sstrace,4096,0,23,4096,40960,446,91.83856502242152,26.0,415.0,2080,28,39,45,59,77,60,138
Measured,prefill-16k.sstrace,4096,1,23,4096,40960,423,96.8321513002364,16.0,431.0999999999991,3001,36,59,51,60,58,54,105
Measured,prefill-16k.sstrace,4096,2,23,4096,40960,386,106.11398963730569,17.0,466.5,3288,36,50,57,47,52,52,92
Measured,prefill-16k.sstrace,4096,3,23,4075,40750,405,100.61728395061728,11.0,481.3999999999992,3380,45,61,54,70,61,38,76
Measured,prefill-16k.sstrace,4096,0,24,4096,40960,443,92.46049661399549,24.0,386.79999999999995,1476,32,48,52,52,59,58,142
Measured,prefill-16k.sstrace,4096,1,24,4096,40960,403,101.6377171215881,18.0,499.0,2427,40,44,60,45,60,44,110
Measured,prefill-16k.sstrace,4096,2,24,4096,40960,353,116.03399433427762,18.0,621.7999999999993,2764,34,41,49,48,43,34,104
Measured,prefill-16k.sstrace,4096,3,24,4075,40750,400,101.875,11.0,560.4999999999995,3173,54,45,66,58,51,45,81
Measured,prefill-16k.sstrace,4096,0,25,4096,40960,467,87.70877944325481,34.0,334.8999999999999,1053,31,30,42,49,77,75,163
Measured,prefill-16k.sstrace,4096,1,25,4096,40960,455,90.02197802197803,28.0,380.99999999999955,2108,37,50,56,39,68,69,136
Measured,prefill-16k.sstrace,4096,2,25,4096,40960,412,99.41747572815534,23.0,380.84999999999985,2389,47,25,56,43,65,58,118
Measured,prefill-16k.sstrace,4096,3,25,4075,40750,430,94.76744186046511,13.5,439.39999999999964,3303,47,45,69,65,66,46,92
Measured,prefill-16k.sstrace,4096,0,26,4096,40960,472,86.77966101694915,23.0,426.34999999999997,1298,29,41,48,71,80,60,143
Measured,prefill-16k.sstrace,4096,1,26,4096,40960,432,94.81481481481481,25.0,421.0,1945,30,52,44,55,56,54,141
Measured,prefill-16k.sstrace,4096,2,26,4096,40960,388,105.56701030927834,25.5,521.2499999999999,1624,37,36,46,44,42,52,131
Measured,prefill-16k.sstrace,4096,3,26,4075,40750,432,94.32870370370371,14.0,467.39999999999986,2079,32,65,54,76,52,49,104
Measured,prefill-16k.sstrace,4096,0,27,4096,40960,474,86.41350210970464,31.0,362.49999999999966,1227,26,38,47,61,68,79,155
Measured,prefill-16k.sstrace,4096,1,27,4096,40960,460,89.04347826086956,26.0,434.59999999999945,1608,24,54,51,66,59,70,136
Measured,prefill-16k.sstrace,4096,2,27,4096,40960,423,96.8321513002364,21.0,504.1999999999996,1792,37,38,57,56,55,59,121
Measured,prefill-16k.sstrace,4096,3,27,4075,40750,450,90.55555555555556,17.0,468.79999999999836,2472,31,51,59,71,76,63,99
Measured,prefill-16k.sstrace,4096,0,28,4096,40960,459,89.23747276688454,27.0,411.3999999999995,1129,34,30,57,58,62,64,154
Measured,prefill-16k.sstrace,4096,1,28,4096,40960,448,91.42857142857143,24.5,435.99999999999955,1258,32,44,54,49,58,69,142
Measured,prefill-16k.sstrace,4096,2,28,4096,40960,408,100.3921568627451,29.0,509.89999999999986,1359,34,31,54,42,50,60,137
Measured,prefill-16k.sstrace,4096,3,28,4075,40750,458,88.97379912663756,17.0,453.3499999999998,2155,46,60,47,64,59,64,118
Measured,prefill-16k.sstrace,4096,0,29,4096,40960,481,85.15592515592516,31.0,434.0,766,19,34,48,65,75,76,164
Measured,prefill-16k.sstrace,4096,1,29,4096,40960,467,87.70877944325481,27.0,403.79999999999995,1299,21,34,37,76,81,74,144
Measured,prefill-16k.sstrace,4096,2,29,4096,40960,450,91.02222222222223,28.5,434.1499999999994,1596,28,28,51,58,73,77,135
Measured,prefill-16k.sstrace,4096,3,29,4075,40750,474,85.9704641350211,26.0,361.49999999999966,1844,30,40,55,69,70,72,138
Measured,prefill-16k.sstrace,4096,0,30,4096,40960,485,84.45360824742268,38.0,297.39999999999986,1340,16,25,42,57,78,86,181
Measured,prefill-16k.sstrace,4096,1,30,4096,40960,485,84.45360824742268,38.0,319.5999999999997,921,15,32,41,64,65,94,174
Measured,prefill-16k.sstrace,4096,2,30,4096,40960,467,87.70877944325481,36.0,367.4,910,20,24,41,54,81,80,167
Measured,prefill-16k.sstrace,4096,3,30,4075,40750,484,84.19421487603306,31.0,353.3499999999996,1000,17,33,43,74,76,75,166
Measured,prefill-16k.sstrace,4096,0,31,4096,40960,488,83.93442622950819,40.5,325.65,735,21,24,39,53,80,89,182
Measured,prefill-16k.sstrace,4096,1,31,4096,40960,476,86.05042016806723,31.5,378.25,929,24,28,45,58,83,83,155
Measured,prefill-16k.sstrace,4096,2,31,4096,40960,466,87.8969957081545,28.0,386.0,1296,20,32,55,61,79,69,150
Measured,prefill-16k.sstrace,4096,3,31,4075,40750,472,86.33474576271186,26.0,395.34999999999997,2133,22,30,44,83,89,68,136
Measured,prefill-16k.sstrace,4096,0,32,4096,40960,471,86.96390658174097,31.0,335.0,1349,21,38,47,53,79,73,160
Measured,prefill-16k.sstrace,4096,1,32,4096,40960,465,88.08602150537635,27.0,387.1999999999998,2236,26,37,59,70,57,75,141
Measured,prefill-16k.sstrace,4096,2,32,4096,40960,457,89.62800875273523,23.0,428.39999999999924,2558,30,47,53,57,77,70,123
Measured,prefill-16k.sstrace,4096,3,32,4075,40750,460,88.58695652173913,21.0,366.0999999999999,2661,27,46,60,61,81,66,119
Measured,prefill-16k.sstrace,4096,0,33,4096,40960,492,83.2520325203252,32.0,363.0,1170,17,27,48,62,91,81,166
Measured,prefill-16k.sstrace,4096,1,33,4096,40960,470,87.14893617021276,32.0,352.64999999999986,1410,16,38,46,59,75,88,148
Measured,prefill-16k.sstrace,4096,2,33,4096,40960,460,89.04347826086956,30.5,364.59999999999945,1740,21,32,53,59,71,76,148
Measured,prefill-16k.sstrace,4096,3,33,4075,40750,473,86.1522198731501,28.0,368.59999999999957,1743,23,35,49,55,85,73,153
Measured,prefill-16k.sstrace,4096,0,34,4096,40960,471,86.96390658174097,26.0,389.0,2078,28,33,55,68,75,76,136
Measured,prefill-16k.sstrace,4096,1,34,4096,40960,465,88.08602150537635,21.0,416.39999999999986,2613,28,51,53,75,69,67,122
Measured,prefill-16k.sstrace,4096,2,34,4096,40960,429,95.47785547785548,23.0,440.7999999999994,2406,35,38,58,49,74,66,109
Measured,prefill-16k.sstrace,4096,3,34,4075,40750,454,89.75770925110132,16.0,435.69999999999993,2238,28,61,67,69,70,55,104
Measured,prefill-16k.sstrace,4096,0,35,4096,40960,465,88.08602150537635,25.0,343.1999999999998,1661,20,42,47,66,76,69,145
Measured,prefill-16k.sstrace,4096,1,35,4096,40960,464,88.27586206896552,25.0,416.0999999999998,1766,28,41,59,56,68,67,145
Measured,prefill-16k.sstrace,4096,2,35,4096,40960,448,91.42857142857143,28.0,442.65,2029,36,46,38,60,60,81,127
Measured,prefill-16k.sstrace,4096,3,35,4075,40750,456,89.3640350877193,24.0,375.25,2852,29,36,54,65,69,63,140
Measured,prefill-16k.sstrace,4096,0,36,4096,40960,458,89.43231441048034,25.5,306.5999999999999,2335,35,33,46,62,70,63,149
Measured,prefill-16k.sstrace,4096,1,36,4096,40960,430,95.25581395348837,25.0,417.7499999999998,2473,26,36,45,58,67,69,129
Measured,prefill-16k.sstrace,4096,2,36,4096,40960,423,96.8321513002364,19.0,384.39999999999986,2798,40,44,46,68,59,65,101
Measured,prefill-16k.sstrace,4096,3,36,4075,40750,430,94.76744186046511,15.0,356.54999999999905,2676,33,55,57,71,56,67,91
Measured,prefill-16k.sstrace,4096,0,37,4096,40960,458,89.43231441048034,19.0,409.0999999999997,2460,19,31,52,97,77,62,120
Measured,prefill-16k.sstrace,4096,1,37,4096,40960,452,90.61946902654867,16.0,327.1999999999998,2859,34,44,67,77,73,55,102
Measured,prefill-16k.sstrace,4096,2,37,4096,40960,412,99.41747572815534,16.0,347.9,2833,28,49,59,64,69,53,90
Measured,prefill-16k.sstrace,4096,3,37,4075,40750,437,93.24942791762014,13.0,377.7999999999999,2911,40,53,78,63,80,35,88
Measured,prefill-16k.sstrace,4096,0,38,4096,40960,455,90.02197802197803,14.0,488.8999999999994,2426,30,60,73,75,70,47,100
Measured,prefill-16k.sstrace,4096,1,38,4096,40960,411,99.65936739659368,12.0,541.5,2241,38,67,57,55,46,41,107
Measured,prefill-16k.sstrace,4096,2,38,4096,40960,356,115.0561797752809,15.0,556.5,2072,40,46,49,47,35,37,102
Measured,prefill-16k.sstrace,4096,3,38,4075,40750,398,102.38693467336684,9.0,643.1999999999994,1636,53,59,68,53,35,39,91
Measured,prefill-16k.sstrace,4096,0,39,4096,40960,448,91.42857142857143,21.0,450.0999999999997,1504,28,32,63,68,68,64,125
Measured,prefill-16k.sstrace,4096,1,39,4096,40960,427,95.92505854800937,17.0,422.8999999999999,2417,28,45,53,75,75,47,104
Measured,prefill-16k.sstrace,4096,2,39,4096,40960,422,97.06161137440758,14.0,444.24999999999983,2603,39,39,80,66,57,48,93
Measured,prefill-16k.sstrace,4096,3,39,4075,40750,419,97.25536992840095,11.0,550.6999999999994,2271,46,50,69,81,51,35,87
Measured,prefill-16k.sstrace,4096,0,40,4096,40960,473,86.59619450317125,29.0,361.99999999999966,2605,19,29,48,77,69,98,133
Measured,prefill-16k.sstrace,4096,1,40,4096,40960,458,89.43231441048034,17.0,407.1999999999998,2949,27,47,59,84,72,62,107
Measured,prefill-16k.sstrace,4096,2,40,4096,40960,448,91.42857142857143,14.0,520.1999999999994,3155,40,52,69,72,68,59,88
Measured,prefill-16k.sstrace,4096,3,40,4075,40750,445,91.57303370786516,13.0,499.79999999999995,3188,29,60,67,83,79,41,86
Measured,prefill-16k.sstrace,4096,0,41,4096,40960,474,86.41350210970464,28.0,319.1999999999996,2260,21,25,45,64,100,91,128
Measured,prefill-16k.sstrace,4096,1,41,4096,40960,477,85.87002096436059,20.0,410.3999999999998,1986,30,45,57,82,79,79,105
Measured,prefill-16k.sstrace,4096,2,41,4096,40960,456,89.82456140350877,17.0,425.0,2126,25,41,76,78,74,60,102
Measured,prefill-16k.sstrace,4096,3,41,4075,40750,452,90.15486725663717,14.0,471.5999999999999,2126,31,53,75,84,72,50,87
Measured,prefill-16k.sstrace,4096,0,42,4096,40960,458,89.43231441048034,21.0,366.29999999999995,2737,23,39,63,76,68,69,120
Measured,prefill-16k.sstrace,4096,1,42,4096,40960,435,94.16091954022988,21.0,484.599999999999,2420,35,47,49,55,82,57,110
Measured,prefill-16k.sstrace,4096,2,42,4096,40960,413,99.17675544794189,17.0,517.5999999999999,2307,32,53,51,62,67,46,102
Measured,prefill-16k.sstrace,4096,3,42,4075,40750,418,97.48803827751196,14.0,568.2499999999983,2746,46,52,53,68,73,35,91
Measured,prefill-16k.sstrace,4096,0,43,4096,40960,467,87.70877944325481,26.0,413.5999999999999,2468,26,26,68,58,79,70,140
Measured,prefill-16k.sstrace,4096,1,43,4096,40960,453,90.41942604856513,23.0,397.99999999999966,2155,31,30,59,73,65,69,126
Measured,prefill-16k.sstrace,4096,2,43,4096,40960,449,91.2249443207127,19.0,406.39999999999986,2363,35,48,53,70,77,48,118
Measured,prefill-16k.sstrace,4096,3,43,4075,40750,435,93.67816091954023,15.0,448.69999999999914,2538,41,43,56,80,71,47,97
Measured,prefill-16k.sstrace,4096,0,44,4096,40960,451,90.82039911308205,17.0,319.0,3848,33,39,54,88,88,58,91
Measured,prefill-16k.sstrace,4096,1,44,4096,40960,414,98.93719806763285,12.0,510.3999999999985,4016,43,50,71,69,67,31,83
Measured,prefill-16k.sstrace,4096,2,44,4096,40960,396,103.43434343434343,9.0,619.75,4059,49,64,73,60,44,33,73
Measured,prefill-16k.sstrace,4096,3,44,4075,40750,376,108.37765957446808,9.0,647.75,4020,35,65,72,69,43,22,70
Measured,prefill-16k.sstrace,4096,0,45,4096,40960,435,94.16091954022988,14.0,284.99999999999864,3658,40,50,72,69,72,63,69
Measured,prefill-16k.sstrace,4096,1,45,4096,40960,389,105.29562982005142,9.0,351.19999999999925,3770,43,73,68,53,50,48,54
Measured,prefill-16k.sstrace,4096,2,45,4096,40960,361,113.46260387811634,6.0,368.0,3813,63,75,61,43,37,28,54
Measured,prefill-16k.sstrace,4096,3,45,4075,40750,378,107.80423280423281,5.5,325.3999999999983,3829,67,82,65,57,39,20,48
Measured,prefill-16k.sstrace,4096,0,46,4096,40960,399,102.65664160401002,9.0,323.2999999999982,3823,48,57,70,88,49,34,53
Measured,prefill-16k.sstrace,4096,1,46,4096,40960,336,121.9047619047619,5.5,602.5,4007,60,66,71,62,24,18,35
Measured,prefill-16k.sstrace,4096,2,46,4096,40960,274,149.4890510948905,4.0,895.05,4018,66,58,62,27,17,12,32
Measured,prefill-16k.sstrace,4096,3,46,4075,40750,316,128.95569620253164,3.5,283.25,3813,70,88,62,33,21,11,31
Measured,prefill-16k.sstrace,4096,0,47,2,20,19,1.0526315789473684,1.0,1.0999999999999979,2,18,1,0,0,0,0,0
Measured,prefill-16k.sstrace,4096,1,47,2,20,18,1.1111111111111112,1.0,2.0,2,16,2,0,0,0,0,0
Measured,prefill-16k.sstrace,4096,2,47,2,20,12,1.6666666666666667,2.0,2.0,2,4,8,0,0,0,0,0
Measured,prefill-16k.sstrace,4096,3,47,2,20,14,1.4285714285714286,1.0,2.0,2,8,6,0,0,0,0,0
Measured,prefill-16k.sstrace,8192,0,0,8192,81920,378,216.7195767195767,5.0,23.0,7953,40,81,115,97,31,1,13
Measured,prefill-16k.sstrace,8192,1,0,8171,81710,229,356.8122270742358,2.0,201.9999999999994,8123,73,106,37,0,0,0,13
Measured,prefill-16k.sstrace,8192,0,1,8192,81920,338,242.36686390532543,6.0,35.44999999999993,7954,53,71,84,75,31,10,14
Measured,prefill-16k.sstrace,8192,1,1,8171,81710,183,446.5027322404372,2.0,6495.700000000034,8128,59,55,42,15,0,0,12
Measured,prefill-16k.sstrace,8192,0,2,8192,81920,334,245.2694610778443,5.0,85.99999999999932,7956,62,70,81,61,34,7,19
Measured,prefill-16k.sstrace,8192,1,2,8171,81710,201,406.51741293532336,2.0,833.0,8123,66,75,39,4,2,1,14
Measured,prefill-16k.sstrace,8192,0,3,8192,81920,232,353.1034482758621,4.0,2314.849999999983,7941,46,56,41,24,22,14,29
Measured,prefill-16k.sstrace,8192,1,3,8171,81710,131,623.7404580152672,3.0,7221.0,8131,40,31,17,18,4,2,19
Measured,prefill-16k.sstrace,8192,0,4,8192,81920,271,302.2878228782288,5.0,791.5,7970,58,52,64,38,23,9,27
Measured,prefill-16k.sstrace,8192,1,4,8171,81710,167,489.2814371257485,2.0,6075.899999999981,8128,53,57,25,11,2,3,16
Measured,prefill-16k.sstrace,8192,0,5,8192,81920,318,257.61006289308176,5.0,201.94999999999698,7940,58,57,71,64,37,9,22
Measured,prefill-16k.sstrace,8192,1,5,8171,81710,194,421.1855670103093,2.0,3570.0499999999865,8126,67,60,35,13,3,0,16
Measured,prefill-16k.sstrace,8192,0,6,8192,81920,341,240.23460410557186,5.0,848.0,7935,67,72,64,73,32,13,20
Measured,prefill-16k.sstrace,8192,1,6,8171,81710,196,416.88775510204084,2.0,3551.5,8121,69,63,38,8,0,1,17
Measured,prefill-16k.sstrace,8192,0,7,8192,81920,352,232.72727272727272,5.0,605.25,7934,62,63,82,68,25,14,38
Measured,prefill-16k.sstrace,8192,1,7,8171,81710,223,366.41255605381167,3.0,2122.1999999999944,8120,74,60,41,14,3,2,29
Measured,prefill-16k.sstrace,8192,0,8,8192,81920,288,284.44444444444446,5.5,2240.0499999999765,7927,50,51,64,47,22,19,35
Measured,prefill-16k.sstrace,8192,1,8,8171,81710,171,477.8362573099415,4.0,3052.0,8120,50,34,27,17,10,2,31
Measured,prefill-16k.sstrace,8192,0,9,8192,81920,321,255.202492211838,7.0,1283.0,7674,55,52,56,39,37,21,61
Measured,prefill-16k.sstrace,8192,1,9,8171,81710,233,350.68669527897,5.0,2245.1999999999907,8022,49,52,37,22,16,8,49
Measured,prefill-16k.sstrace,8192,0,10,8192,81920,354,231.41242937853107,10.0,1324.05,7927,43,52,52,74,44,21,68
Measured,prefill-16k.sstrace,8192,1,10,8171,81710,257,317.9377431906615,6.0,1889.7999999999997,8115,45,50,47,34,12,16,53
Measured,prefill-16k.sstrace,8192,0,11,8192,81920,343,238.8338192419825,10.0,1343.799999999999,7001,40,51,61,48,46,18,79
Measured,prefill-16k.sstrace,8192,1,11,8171,81710,273,299.3040293040293,5.0,1693.199999999998,7721,72,44,40,18,25,14,60
Measured,prefill-16k.sstrace,8192,0,12,8192,81920,356,230.1123595505618,8.0,853.5,7265,40,65,72,60,40,24,55
Measured,prefill-16k.sstrace,8192,1,12,8171,81710,258,316.70542635658916,4.0,1361.0999999999747,7645,67,58,37,26,15,10,45
Measured,prefill-16k.sstrace,8192,0,13,8192,81920,344,238.13953488372093,7.0,1398.5499999999959,7202,48,55,71,57,34,21,58
Measured,prefill-16k.sstrace,8192,1,13,8171,81710,234,349.1880341880342,5.0,1722.4499999999996,7737,50,42,44,26,14,9,49
Measured,prefill-16k.sstrace,8192,0,14,8192,81920,375,218.45333333333335,10.0,939.7,5592,52,54,61,45,39,33,91
Measured,prefill-16k.sstrace,8192,1,14,8171,81710,305,267.9016393442623,8.0,2028.400000000002,5237,53,52,45,44,21,17,73
Measured,prefill-16k.sstrace,8192,0,15,8192,81920,378,216.7195767195767,23.5,1281.8499999999985,3404,39,49,42,41,29,44,134
Measured,prefill-16k.sstrace,8192,1,15,8171,81710,338,241.74556213017752,16.0,1072.4499999999975,5836,36,49,47,33,39,36,98
Measured,prefill-16k.sstrace,8192,0,16,8192,81920,414,197.8743961352657,25.0,1034.2999999999993,3542,35,43,36,50,53,46,151
Measured,prefill-16k.sstrace,8192,1,16,8171,81710,391,208.9769820971867,19.0,1176.0,4951,48,44,43,48,46,31,131
Measured,prefill-16k.sstrace,8192,0,17,8192,81920,445,184.08988764044943,32.0,1103.7999999999984,2850,18,48,48,64,42,54,171
Measured,prefill-16k.sstrace,8192,1,17,8171,81710,410,199.29268292682926,22.0,892.549999999999,5109,40,51,47,47,44,46,135
Measured,prefill-16k.sstrace,8192,0,18,8192,81920,445,184.08988764044943,14.0,982.1999999999996,5828,41,49,62,76,59,36,122
Measured,prefill-16k.sstrace,8192,1,18,8171,81710,364,224.47802197802199,8.0,1164.049999999994,6318,46,73,59,34,34,19,99
Measured,prefill-16k.sstrace,8192,0,19,8192,81920,456,179.64912280701753,31.5,915.75,2940,32,25,48,54,69,52,176
Measured,prefill-16k.sstrace,8192,1,19,8171,81710,416,196.41826923076923,22.0,896.0,5400,38,48,52,53,41,43,141
Measured,prefill-16k.sstrace,8192,0,20,8192,81920,471,173.92781316348194,41.0,704.0,3433,20,32,40,61,66,58,194
Measured,prefill-16k.sstrace,8192,1,20,8171,81710,429,190.46620046620046,22.0,844.5999999999991,5826,36,40,58,55,44,45,151
Measured,prefill-16k.sstrace,8192,0,21,8192,81920,455,180.04395604395606,21.0,1016.9999999999982,3340,25,54,61,68,50,47,150
Measured,prefill-16k.sstrace,8192,1,21,8171,81710,388,210.59278350515464,15.0,1208.5999999999995,5640,41,45,63,47,34,27,131
Measured,prefill-16k.sstrace,8192,0,22,8192,81920,448,182.85714285714286,14.0,981.9499999999999,6734,38,56,59,82,65,40,108
Measured,prefill-16k.sstrace,8192,1,22,8171,81710,382,213.90052356020942,6.0,1111.1499999999994,7698,59,69,75,36,30,21,92
Measured,prefill-16k.sstrace,8192,0,23,8192,81920,465,176.1720430107527,38.0,679.3999999999996,5081,21,36,35,50,63,76,184
Measured,prefill-16k.sstrace,8192,1,23,8171,81710,433,188.7066974595843,23.0,987.5999999999997,6668,29,38,68,53,53,63,129
Measured,prefill-16k.sstrace,8192,0,24,8192,81920,460,178.08695652173913,38.0,909.5499999999995,3763,25,41,35,56,52,68,183
Measured,prefill-16k.sstrace,8192,1,24,8171,81710,427,191.3583138173302,20.0,1055.5,5937,41,44,45,65,53,41,138
Measured,prefill-16k.sstrace,8192,0,25,8192,81920,486,168.559670781893,59.0,650.75,3007,18,29,39,37,52,76,235
Measured,prefill-16k.sstrace,8192,1,25,8171,81710,461,177.24511930585683,32.0,793.0,5692,29,46,52,47,55,66,166
Measured,prefill-16k.sstrace,8192,0,26,8192,81920,487,168.2135523613963,44.0,821.5999999999999,3243,19,30,35,65,62,65,211
Measured,prefill-16k.sstrace,8192,1,26,8171,81710,452,180.77433628318585,30.0,893.6999999999992,3449,27,46,55,51,51,50,172
Measured,prefill-16k.sstrace,8192,0,27,8192,81920,489,167.52556237218815,49.0,723.5999999999998,2511,12,33,38,48,51,78,229
Measured,prefill-16k.sstrace,8192,1,27,8171,81710,469,174.22174840085287,32.0,969.9999999999995,4264,25,32,47,57,71,63,174
Measured,prefill-16k.sstrace,8192,0,28,8192,81920,485,168.90721649484536,51.0,793.5999999999999,2260,21,24,45,55,50,69,221
Measured,prefill-16k.sstrace,8192,1,28,8171,81710,474,172.38396624472574,35.5,862.149999999999,3417,30,49,42,47,60,53,193
Measured,prefill-16k.sstrace,8192,0,29,8192,81920,498,164.49799196787149,59.5,799.6999999999996,1805,11,20,35,51,66,76,239
Measured,prefill-16k.sstrace,8192,1,29,8171,81710,487,167.78234086242298,49.0,727.3,3440,18,23,31,62,69,64,220
Measured,prefill-16k.sstrace,8192,0,30,8192,81920,500,163.84,78.0,574.3999999999987,2212,11,9,26,33,62,82,277
Measured,prefill-16k.sstrace,8192,1,30,8171,81710,491,166.4154786150713,66.0,729.0,1452,9,17,27,50,59,77,252
Measured,prefill-16k.sstrace,8192,0,31,8192,81920,499,164.1683366733467,72.0,626.5999999999988,1617,15,13,30,31,62,76,272
Measured,prefill-16k.sstrace,8192,1,31,8171,81710,483,169.1718426501035,56.0,706.0999999999998,3429,15,15,23,55,70,80,225
Measured,prefill-16k.sstrace,8192,0,32,8192,81920,489,167.52556237218815,55.0,729.5999999999997,3585,11,28,32,42,65,76,235
Measured,prefill-16k.sstrace,8192,1,32,8171,81710,480,170.22916666666666,41.0,736.8499999999983,5219,15,30,48,56,60,75,196
Measured,prefill-16k.sstrace,8192,0,33,8192,81920,501,163.5129740518962,63.0,664.0,2580,10,15,38,41,67,80,250
Measured,prefill-16k.sstrace,8192,1,33,8171,81710,481,169.87525987525987,59.0,731.0,3483,11,26,26,54,51,84,229
Measured,prefill-16k.sstrace,8192,0,34,8192,81920,491,166.84317718940937,46.0,723.0,4691,8,28,45,62,65,74,209
Measured,prefill-16k.sstrace,8192,1,34,8171,81710,472,173.114406779661,32.0,779.8499999999999,4644,16,38,46,63,71,62,176
Measured,prefill-16k.sstrace,8192,0,35,8192,81920,483,169.60662525879917,54.0,694.0,3048,9,22,45,48,64,76,219
Measured,prefill-16k.sstrace,8192,1,35,8171,81710,473,172.74841437632136,51.0,763.8,4881,23,24,42,53,59,60,212
Measured,prefill-16k.sstrace,8192,0,36,8192,81920,470,174.29787234042553,49.0,648.549999999999,4808,21,20,37,47,66,69,210
Measured,prefill-16k.sstrace,8192,1,36,8171,81710,454,179.97797356828193,31.0,690.3499999999999,5474,27,34,45,61,61,66,160
Measured,prefill-16k.sstrace,8192,0,37,8192,81920,477,171.74004192872118,34.0,687.7999999999997,5319,16,19,34,59,101,67,181
Measured,prefill-16k.sstrace,8192,1,37,8171,81710,455,179.58241758241758,26.0,693.899999999999,5338,23,32,51,78,59,75,137
Measured,prefill-16k.sstrace,8192,0,38,8192,81920,473,173.1923890063425,25.0,925.3999999999991,4667,19,38,70,69,72,55,150
Measured,prefill-16k.sstrace,8192,1,38,8171,81710,433,188.7066974595843,17.0,1067.1999999999994,3195,48,51,54,56,50,38,136
Measured,prefill-16k.sstrace,8192,0,39,8192,81920,466,175.793991416309,38.0,891.5,3860,25,22,36,56,75,72,180
Measured,prefill-16k.sstrace,8192,1,39,8171,81710,447,182.79642058165547,22.0,915.1999999999994,3835,31,31,56,74,67,58,130
Measured,prefill-16k.sstrace,8192,0,40,8192,81920,490,167.18367346938774,45.5,696.1999999999998,5419,15,26,29,60,72,85,203
Measured,prefill-16k.sstrace,8192,1,40,8171,81710,476,171.6596638655462,24.0,998.0,6343,25,32,57,75,78,62,147
Measured,prefill-16k.sstrace,8192,0,41,8192,81920,492,166.5040650406504,49.0,785.1499999999996,3856,7,24,35,45,68,107,206
Measured,prefill-16k.sstrace,8192,1,41,8171,81710,476,171.6596638655462,28.5,838.0,3865,18,23,59,62,87,69,158
Measured,prefill-16k.sstrace,8192,0,42,8192,81920,470,174.29787234042553,42.5,776.6999999999994,5157,15,22,50,55,67,71,190
Measured,prefill-16k.sstrace,8192,1,42,8171,81710,443,184.4469525959368,30.0,1012.5999999999999,4097,29,39,48,55,59,73,140
Measured,prefill-16k.sstrace,8192,0,43,8192,81920,484,169.25619834710744,49.5,738.0999999999977,3892,17,18,45,48,72,73,211
Measured,prefill-16k.sstrace,8192,1,43,8171,81710,466,175.343347639485,30.5,822.5,4558,27,35,49,46,81,67,161
Measured,prefill-16k.sstrace,8192,0,44,8192,81920,462,177.3160173160173,29.0,781.75,7864,27,34,44,56,84,79,138
Measured,prefill-16k.sstrace,8192,1,44,8171,81710,418,195.47846889952154,14.5,1041.9499999999975,8079,34,40,60,78,59,49,98
Measured,prefill-16k.sstrace,8192,0,45,8192,81920,452,181.23893805309734,21.0,612.7499999999991,7183,30,37,58,77,71,61,118
Measured,prefill-16k.sstrace,8192,1,45,8171,81710,422,193.62559241706163,9.0,507.1999999999998,7642,44,88,61,69,47,36,77
Measured,prefill-16k.sstrace,8192,0,46,8192,81920,414,197.8743961352657,14.0,844.0999999999937,7830,39,49,64,70,86,40,66
Measured,prefill-16k.sstrace,8192,1,46,8171,81710,364,224.47802197802199,5.0,678.249999999993,7648,73,70,72,61,25,18,45
Measured,prefill-16k.sstrace,8192,0,47,4,40,23,1.7391304347826086,2.0,2.8999999999999986,4,9,13,1,0,0,0,0
Measured,prefill-16k.sstrace,8192,1,47,4,40,18,2.2222222222222223,2.0,4.0,4,7,8,3,0,0,0,0
