ggml_cuda_init: found 1 CUDA devices (Total VRAM: 16375 MiB):
  Device 0: NVIDIA GeForce RTX 4080 SUPER, compute capability 8.9, VMM: yes, VRAM: 16375 MiB
llama_model_loader: additional 2 GGUFs metadata loaded.
llama_model_loader: loaded meta data with 67 key-value pairs and 1224 tensors from E:\AI\Models\Qwen3.8-Flash-Next-UD-IQ4_XS\Qwen3.8-Flash-Next-UD-IQ4_XS-00001-of-00003.gguf (version GGUF V3 (latest))
llama_model_loader: Dumping metadata keys/values. Note: KV overrides do not apply in this output.
llama_model_loader: - kv   0:                       general.architecture str              = qwen4exp
llama_model_loader: - kv   1:                               general.type str              = model
llama_model_loader: - kv   2:                     general.sampling.top_k i32              = 20
llama_model_loader: - kv   3:                     general.sampling.top_p f32              = 0.950000
llama_model_loader: - kv   4:                      general.sampling.temp f32              = 1.000000
llama_model_loader: - kv   5:                               general.name str              = Qwen3.8 Flash Next
llama_model_loader: - kv   6:                        general.description str              = A Preview of the Qwen4 Architecture
llama_model_loader: - kv   7:                         general.size_label str              = 512x56B
llama_model_loader: - kv   8:                       qwen4exp.block_count u32              = 48
llama_model_loader: - kv   9:                    qwen4exp.context_length u32              = 262144
llama_model_loader: - kv  10:                  qwen4exp.embedding_length u32              = 2560
llama_model_loader: - kv  11:              qwen4exp.attention.head_count u32              = 24
llama_model_loader: - kv  12:           qwen4exp.attention.head_count_kv u32              = 2
llama_model_loader: - kv  13:           qwen4exp.rope.dimension_sections arr[i32,4]       = [11, 11, 10, 0]
llama_model_loader: - kv  14:                    qwen4exp.rope.freq_base f32              = 10000000.000000
llama_model_loader: - kv  15:  qwen4exp.attention.layer_norm_rms_epsilon f32              = 0.000001
llama_model_loader: - kv  16:                      qwen4exp.expert_count u32              = 512
llama_model_loader: - kv  17:                 qwen4exp.expert_used_count u32              = 10
llama_model_loader: - kv  18:              qwen4exp.attention.key_length u32              = 256
llama_model_loader: - kv  19:            qwen4exp.attention.value_length u32              = 256
llama_model_loader: - kv  20:        qwen4exp.expert_feed_forward_length u32              = 640
llama_model_loader: - kv  21: qwen4exp.expert_shared_feed_forward_length u32              = 640
llama_model_loader: - kv  22:                   qwen4exp.ssm.conv_kernel u32              = 4
llama_model_loader: - kv  23:                    qwen4exp.ssm.state_size u32              = 128
llama_model_loader: - kv  24:                   qwen4exp.ssm.group_count u32              = 16
llama_model_loader: - kv  25:                qwen4exp.ssm.time_step_rank u32              = 48
llama_model_loader: - kv  26:                    qwen4exp.ssm.inner_size u32              = 6144
llama_model_loader: - kv  27:           qwen4exp.full_attention_interval u32              = 4
llama_model_loader: - kv  28:              qwen4exp.rope.dimension_count u32              = 64
llama_model_loader: - kv  29:            qwen4exp.hyper_connection.count u32              = 4
llama_model_loader: - kv  30:         qwen4exp.hyper_connection.low_rank u32              = 320
llama_model_loader: - kv  31:      qwen4exp.attention.indexer.head_count u32              = 4
llama_model_loader: - kv  32:      qwen4exp.attention.indexer.key_length u32              = 128
llama_model_loader: - kv  33:           qwen4exp.attention.indexer.top_k u32              = 2048
llama_model_loader: - kv  34:         qwen4exp.attention.compress_ratios arr[i32,48]      = [0, 0, 0, 4, 0, 0, 0, 4, 0, 0, 0, 4, ...
llama_model_loader: - kv  35:                        qwen4exp.ple.layers arr[i32,1]       = [1]
llama_model_loader: - kv  36:                    qwen4exp.ple.ngram_size u32              = 3
llama_model_loader: - kv  37:               qwen4exp.ple.heads_per_ngram u32              = 8
llama_model_loader: - kv  38:                   qwen4exp.ple.conv_kernel u32              = 4
llama_model_loader: - kv  39:                  qwen4exp.ple.eos_token_id u32              = 248044
llama_model_loader: - kv  40:  qwen4exp.embedding_length_per_layer_input u32              = 160
llama_model_loader: - kv  41:             qwen4exp.ple.layer_multipliers arr[u64,3]       = [23703573157769, 20109073645365, 8052...
llama_model_loader: - kv  42:                  qwen4exp.ple.head_offsets arr[u64,16]      = [0, 20000003, 40000026, 60000059, 800...
llama_model_loader: - kv  43:              qwen4exp.ple.head_vocab_sizes arr[u64,16]      = [20000003, 20000023, 20000033, 200000...
llama_model_loader: - kv  44:                       tokenizer.ggml.model str              = gpt2
llama_model_loader: - kv  45:                         tokenizer.ggml.pre str              = qwen35
llama_model_loader: - kv  46:                      tokenizer.ggml.tokens arr[str,248320]  = ["!", "\"", "#", "$", "%", "&", "'", ...
llama_model_loader: - kv  47:                  tokenizer.ggml.token_type arr[i32,248320]  = [1, 1, 1, 1, 1, 1, 1, 1, 1, 1, 1, 1, ...
llama_model_loader: - kv  48:                      tokenizer.ggml.merges arr[str,247587]  = ["Ġ Ġ", "ĠĠ ĠĠ", "i n", "Ġ t",...
llama_model_loader: - kv  49:                tokenizer.ggml.eos_token_id u32              = 248046
llama_model_loader: - kv  50:            tokenizer.ggml.padding_token_id u32              = 248044
llama_model_loader: - kv  51:                tokenizer.ggml.bos_token_id u32              = 248044
llama_model_loader: - kv  52:               tokenizer.ggml.add_bos_token bool             = false
llama_model_loader: - kv  53:                    tokenizer.chat_template str              = {%- set image_count = namespace(value...
llama_model_loader: - kv  54:                qwen4exp.ple.image_token_id u32              = 248056
llama_model_loader: - kv  55:                       general.quantized_by str              = Unsloth
llama_model_loader: - kv  56:                           general.repo_url str              = https://huggingface.co/unsloth
llama_model_loader: - kv  57:                               general.tags arr[str,1]       = ["unsloth"]
llama_model_loader: - kv  58:               general.quantization_version u32              = 2
llama_model_loader: - kv  59:                          general.file_type u32              = 30
llama_model_loader: - kv  60:                      quantize.imatrix.file str              = Qwen3.8-Flash-Next-GGUF/imatrix_unslo...
llama_model_loader: - kv  61:                   quantize.imatrix.dataset str              = unsloth_calibration_Qwen3.8-Flash-Nex...
llama_model_loader: - kv  62:             quantize.imatrix.entries_count u32              = 926
llama_model_loader: - kv  63:              quantize.imatrix.chunks_count u32              = 45
llama_model_loader: - kv  64:                                   split.no u16              = 0
llama_model_loader: - kv  65:                        split.tensors.count i32              = 1224
llama_model_loader: - kv  66:                                split.count u16              = 3
llama_model_loader: - type  f32:  557 tensors
llama_model_loader: - type q8_0:  502 tensors
llama_model_loader: - type q6_K:    1 tensors
llama_model_loader: - type iq4_nl:   44 tensors
llama_model_loader: - type iq3_s:   94 tensors
llama_model_loader: - type iq4_xs:    2 tensors
llama_model_loader: - type bf16:   24 tensors
print_info: file format = GGUF V3 (latest)
print_info: file type   = IQ4_XS - 4.25 bpw
print_info: file size   = 87.24 GiB (4.24 BPW) 
llama_prepare_model_devices: using device CUDA0 (NVIDIA GeForce RTX 4080 SUPER) (0000:01:00.0) - 15061 MiB free
init_tokenizer: initializing tokenizer for type 2
load: 0 unused tokens
load: control token: 248062 '<|fim_suffix|>' is not marked as EOG
load: control token: 248072 '<tts_pad>' is not marked as EOG
load: control token: 248050 '<|box_end|>' is not marked as EOG
load: control token: 248048 '<|object_ref_end|>' is not marked as EOG
load: control token: 248055 '<|vision_pad|>' is not marked as EOG
load: control token: 248060 '<|fim_prefix|>' is not marked as EOG
load: control token: 248049 '<|box_start|>' is not marked as EOG
load: control token: 248073 '<tts_text_bos>' is not marked as EOG
load: control token: 248052 '<|quad_end|>' is not marked as EOG
load: control token: 248054 '<|vision_end|>' is not marked as EOG
load: control token: 248075 '<tts_text_bos_single>' is not marked as EOG
load: control token: 248056 '<|image_pad|>' is not marked as EOG
load: control token: 248071 '<|audio_end|>' is not marked as EOG
load: control token: 248045 '<|im_start|>' is not marked as EOG
load: control token: 248047 '<|object_ref_start|>' is not marked as EOG
load: control token: 248051 '<|quad_start|>' is not marked as EOG
load: control token: 248053 '<|vision_start|>' is not marked as EOG
load: control token: 248057 '<|video_pad|>' is not marked as EOG
load: control token: 248061 '<|fim_middle|>' is not marked as EOG
load: control token: 248070 '<|audio_start|>' is not marked as EOG
load: control token: 248074 '<tts_text_eod>' is not marked as EOG
load: control token: 248076 '<|audio_pad|>' is not marked as EOG
load: printing all EOG tokens:
load:   - 248044 ('<|endoftext|>')
load:   - 248046 ('<|im_end|>')
load:   - 248063 ('<|fim_pad|>')
load:   - 248064 ('<|repo_name|>')
load:   - 248065 ('<|file_sep|>')
load: special tokens cache size = 33
load: token to piece cache size = 1.7581 MB
print_info: arch                  = qwen4exp
print_info: vocab_only            = 0
print_info: no_alloc              = 0
print_info: n_ctx_train           = 262144
print_info: n_embd_inp            = 2560
print_info: n_embd                = 2560
print_info: n_embd_out            = 10240
print_info: n_layer               = 48
print_info: n_layer_all           = 48
print_info: n_head                = 24
print_info: n_head_kv             = 2
print_info: n_rot                 = 64
print_info: n_swa                 = 0
print_info: is_swa_any            = 0
print_info: n_embd_head_k         = 256
print_info: n_embd_head_v         = 256
print_info: n_gqa                 = 12
print_info: n_embd_k_gqa          = 512
print_info: n_embd_v_gqa          = 512
print_info: f_norm_eps            = 0.0e+00
print_info: f_norm_rms_eps        = 1.0e-06
print_info: f_clamp_kqv           = 0.0e+00
print_info: f_max_alibi_bias      = 0.0e+00
print_info: f_logit_scale         = 0.0e+00
print_info: f_attn_scale          = 0.0e+00
print_info: f_attn_value_scale    = 0.0000
print_info: n_ff                  = 0
print_info: n_expert              = 512
print_info: n_expert_used         = 10
print_info: n_expert_groups       = 0
print_info: n_group_used          = 0
print_info: causal attn           = 1
print_info: pooling type          = -1
print_info: rope type             = 40
print_info: rope scaling          = linear
print_info: freq_base_train       = 10000000.0
print_info: freq_scale_train      = 1
print_info: n_ctx_orig_yarn       = 262144
print_info: rope_yarn_log_mul     = 0.0000
print_info: rope_finetuned        = unknown
print_info: mrope sections        = [11, 11, 10, 0]
print_info: model type            = A3B
print_info: model params          = 176.94 B
print_info: general.name          = Qwen3.8 Flash Next
print_info: vocab type            = BPE
print_info: n_vocab               = 248320
print_info: n_merges              = 247587
print_info: BOS token             = 248044 '<|endoftext|>'
print_info: EOS token             = 248046 '<|im_end|>'
print_info: EOT token             = 248046 '<|im_end|>'
print_info: PAD token             = 248044 '<|endoftext|>'
print_info: LF token              = 198 'Ċ'
print_info: FIM PRE token         = 248060 '<|fim_prefix|>'
print_info: FIM SUF token         = 248062 '<|fim_suffix|>'
print_info: FIM MID token         = 248061 '<|fim_middle|>'
print_info: FIM PAD token         = 248063 '<|fim_pad|>'
print_info: FIM REP token         = 248064 '<|repo_name|>'
print_info: FIM SEP token         = 248065 '<|file_sep|>'
print_info: EOG token             = 248044 '<|endoftext|>'
print_info: EOG token             = 248046 '<|im_end|>'
print_info: EOG token             = 248063 '<|fim_pad|>'
print_info: EOG token             = 248064 '<|repo_name|>'
print_info: EOG token             = 248065 '<|file_sep|>'
print_info: max token length      = 256
load_tensors: loading model tensors, this can take a while... (load_mode = mmap)
load_tensors: layer   0 assigned to device CUDA0, is_swa = 0
load_tensors: layer   1 assigned to device CUDA0, is_swa = 0
load_tensors: layer   2 assigned to device CUDA0, is_swa = 0
load_tensors: layer   3 assigned to device CUDA0, is_swa = 0
load_tensors: layer   4 assigned to device CUDA0, is_swa = 0
load_tensors: layer   5 assigned to device CUDA0, is_swa = 0
load_tensors: layer   6 assigned to device CUDA0, is_swa = 0
load_tensors: layer   7 assigned to device CUDA0, is_swa = 0
load_tensors: layer   8 assigned to device CUDA0, is_swa = 0
load_tensors: layer   9 assigned to device CUDA0, is_swa = 0
load_tensors: layer  10 assigned to device CUDA0, is_swa = 0
load_tensors: layer  11 assigned to device CUDA0, is_swa = 0
load_tensors: layer  12 assigned to device CUDA0, is_swa = 0
load_tensors: layer  13 assigned to device CUDA0, is_swa = 0
load_tensors: layer  14 assigned to device CUDA0, is_swa = 0
load_tensors: layer  15 assigned to device CUDA0, is_swa = 0
load_tensors: layer  16 assigned to device CUDA0, is_swa = 0
load_tensors: layer  17 assigned to device CUDA0, is_swa = 0
load_tensors: layer  18 assigned to device CUDA0, is_swa = 0
load_tensors: layer  19 assigned to device CUDA0, is_swa = 0
load_tensors: layer  20 assigned to device CUDA0, is_swa = 0
load_tensors: layer  21 assigned to device CUDA0, is_swa = 0
load_tensors: layer  22 assigned to device CUDA0, is_swa = 0
load_tensors: layer  23 assigned to device CUDA0, is_swa = 0
load_tensors: layer  24 assigned to device CUDA0, is_swa = 0
load_tensors: layer  25 assigned to device CUDA0, is_swa = 0
load_tensors: layer  26 assigned to device CUDA0, is_swa = 0
load_tensors: layer  27 assigned to device CUDA0, is_swa = 0
load_tensors: layer  28 assigned to device CUDA0, is_swa = 0
load_tensors: layer  29 assigned to device CUDA0, is_swa = 0
load_tensors: layer  30 assigned to device CUDA0, is_swa = 0
load_tensors: layer  31 assigned to device CUDA0, is_swa = 0
load_tensors: layer  32 assigned to device CUDA0, is_swa = 0
load_tensors: layer  33 assigned to device CUDA0, is_swa = 0
load_tensors: layer  34 assigned to device CUDA0, is_swa = 0
load_tensors: layer  35 assigned to device CUDA0, is_swa = 0
load_tensors: layer  36 assigned to device CUDA0, is_swa = 0
load_tensors: layer  37 assigned to device CUDA0, is_swa = 0
load_tensors: layer  38 assigned to device CUDA0, is_swa = 0
load_tensors: layer  39 assigned to device CUDA0, is_swa = 0
load_tensors: layer  40 assigned to device CUDA0, is_swa = 0
load_tensors: layer  41 assigned to device CUDA0, is_swa = 0
load_tensors: layer  42 assigned to device CUDA0, is_swa = 0
load_tensors: layer  43 assigned to device CUDA0, is_swa = 0
load_tensors: layer  44 assigned to device CUDA0, is_swa = 0
load_tensors: layer  45 assigned to device CUDA0, is_swa = 0
load_tensors: layer  46 assigned to device CUDA0, is_swa = 0
load_tensors: layer  47 assigned to device CUDA0, is_swa = 0
load_tensors: layer  48 assigned to device CUDA0, is_swa = 0
create_tensor: loading tensor token_embd.weight
create_tensor: loading tensor output_hc_norm.weight
create_tensor: loading tensor output_hc_down.weight
create_tensor: loading tensor output_hc_up.weight
create_tensor: loading tensor output.weight
create_tensor: loading tensor per_layer_token_embd.weight
create_tensor: tensor per_layer_token_embd.weight (size = 27465 MiB) lazy read enabled
create_tensor: loading tensor blk.0.hc_attn_norm.weight
create_tensor: loading tensor blk.0.hc_attn_down.weight
create_tensor: loading tensor blk.0.hc_attn_up.weight
create_tensor: loading tensor blk.0.hc_attn_inject.weight
create_tensor: loading tensor blk.0.hc_ffn_norm.weight
create_tensor: loading tensor blk.0.hc_ffn_down.weight
create_tensor: loading tensor blk.0.hc_ffn_up.weight
create_tensor: loading tensor blk.0.hc_ffn_inject.weight
create_tensor: loading tensor blk.0.attn_qkv.weight
create_tensor: loading tensor blk.0.attn_gate.weight
create_tensor: loading tensor blk.0.ssm_conv1d.weight
create_tensor: loading tensor blk.0.ssm_dt.bias
create_tensor: loading tensor blk.0.ssm_a
create_tensor: loading tensor blk.0.ssm_beta.weight
create_tensor: loading tensor blk.0.ssm_alpha.weight
create_tensor: loading tensor blk.0.ssm_norm.weight
create_tensor: loading tensor blk.0.ssm_out.weight
create_tensor: loading tensor blk.0.ffn_gate_inp.weight
create_tensor: loading tensor blk.0.ffn_down_exps.weight
llama_model_loader: tensor overrides to CPU are used with mmap enabled - consider using --load-mode none for better performance
tensor blk.0.ffn_down_exps.weight (450 MiB iq4_nl) buffer type overridden to CUDA_Host
create_tensor: loading tensor blk.0.ffn_gate_up_exps.weight
create_tensor: loading tensor blk.0.ffn_gate_exps.weight
tensor blk.0.ffn_gate_exps.weight (343 MiB iq3_s) buffer type overridden to CUDA_Host
create_tensor: loading tensor blk.0.ffn_up_exps.weight
tensor blk.0.ffn_up_exps.weight (343 MiB iq3_s) buffer type overridden to CUDA_Host
create_tensor: loading tensor blk.0.ffn_gate_inp_shexp.weight
create_tensor: loading tensor blk.0.ffn_gate_shexp.weight
create_tensor: loading tensor blk.0.ffn_up_shexp.weight
create_tensor: loading tensor blk.0.ffn_down_shexp.weight
create_tensor: loading tensor blk.1.hc_attn_norm.weight
create_tensor: loading tensor blk.1.hc_attn_down.weight
create_tensor: loading tensor blk.1.hc_attn_up.weight
create_tensor: loading tensor blk.1.hc_attn_inject.weight
create_tensor: loading tensor blk.1.hc_ffn_norm.weight
create_tensor: loading tensor blk.1.hc_ffn_down.weight
create_tensor: loading tensor blk.1.hc_ffn_up.weight
create_tensor: loading tensor blk.1.hc_ffn_inject.weight
create_tensor: loading tensor blk.1.attn_qkv.weight
create_tensor: loading tensor blk.1.attn_gate.weight
create_tensor: loading tensor blk.1.ssm_conv1d.weight
create_tensor: loading tensor blk.1.ssm_dt.bias
create_tensor: loading tensor blk.1.ssm_a
create_tensor: loading tensor blk.1.ssm_beta.weight
create_tensor: loading tensor blk.1.ssm_alpha.weight
create_tensor: loading tensor blk.1.ssm_norm.weight
create_tensor: loading tensor blk.1.ssm_out.weight
create_tensor: loading tensor blk.1.ple_key.weight
create_tensor: loading tensor blk.1.ple_value.weight
create_tensor: loading tensor blk.1.ple_norm_key.weight
create_tensor: loading tensor blk.1.ple_norm_query.weight
create_tensor: loading tensor blk.1.ple_norm_conv.weight
create_tensor: loading tensor blk.1.ple_conv1d.weight
create_tensor: loading tensor blk.1.ffn_gate_inp.weight
create_tensor: loading tensor blk.1.ffn_down_exps.weight
tensor blk.1.ffn_down_exps.weight (450 MiB iq4_nl) buffer type overridden to CUDA_Host
create_tensor: loading tensor blk.1.ffn_gate_up_exps.weight
create_tensor: loading tensor blk.1.ffn_gate_exps.weight
tensor blk.1.ffn_gate_exps.weight (343 MiB iq3_s) buffer type overridden to CUDA_Host
create_tensor: loading tensor blk.1.ffn_up_exps.weight
tensor blk.1.ffn_up_exps.weight (343 MiB iq3_s) buffer type overridden to CUDA_Host
create_tensor: loading tensor blk.1.ffn_gate_inp_shexp.weight
create_tensor: loading tensor blk.1.ffn_gate_shexp.weight
create_tensor: loading tensor blk.1.ffn_up_shexp.weight
create_tensor: loading tensor blk.1.ffn_down_shexp.weight
create_tensor: loading tensor blk.2.hc_attn_norm.weight
create_tensor: loading tensor blk.2.hc_attn_down.weight
create_tensor: loading tensor blk.2.hc_attn_up.weight
create_tensor: loading tensor blk.2.hc_attn_inject.weight
create_tensor: loading tensor blk.2.hc_ffn_norm.weight
create_tensor: loading tensor blk.2.hc_ffn_down.weight
create_tensor: loading tensor blk.2.hc_ffn_up.weight
create_tensor: loading tensor blk.2.hc_ffn_inject.weight
create_tensor: loading tensor blk.2.attn_qkv.weight
create_tensor: loading tensor blk.2.attn_gate.weight
create_tensor: loading tensor blk.2.ssm_conv1d.weight
create_tensor: loading tensor blk.2.ssm_dt.bias
create_tensor: loading tensor blk.2.ssm_a
create_tensor: loading tensor blk.2.ssm_beta.weight
create_tensor: loading tensor blk.2.ssm_alpha.weight
create_tensor: loading tensor blk.2.ssm_norm.weight
create_tensor: loading tensor blk.2.ssm_out.weight
create_tensor: loading tensor blk.2.ffn_gate_inp.weight
create_tensor: loading tensor blk.2.ffn_down_exps.weight
tensor blk.2.ffn_down_exps.weight (850 MiB q8_0) buffer type overridden to CUDA_Host
create_tensor: loading tensor blk.2.ffn_gate_up_exps.weight
create_tensor: loading tensor blk.2.ffn_gate_exps.weight
tensor blk.2.ffn_gate_exps.weight (425 MiB iq4_xs) buffer type overridden to CUDA_Host
create_tensor: loading tensor blk.2.ffn_up_exps.weight
tensor blk.2.ffn_up_exps.weight (425 MiB iq4_xs) buffer type overridden to CUDA_Host
create_tensor: loading tensor blk.2.ffn_gate_inp_shexp.weight
create_tensor: loading tensor blk.2.ffn_gate_shexp.weight
create_tensor: loading tensor blk.2.ffn_up_shexp.weight
create_tensor: loading tensor blk.2.ffn_down_shexp.weight
create_tensor: loading tensor blk.3.hc_attn_norm.weight
create_tensor: loading tensor blk.3.hc_attn_down.weight
create_tensor: loading tensor blk.3.hc_attn_up.weight
create_tensor: loading tensor blk.3.hc_attn_inject.weight
create_tensor: loading tensor blk.3.hc_ffn_norm.weight
create_tensor: loading tensor blk.3.hc_ffn_down.weight
create_tensor: loading tensor blk.3.hc_ffn_up.weight
create_tensor: loading tensor blk.3.hc_ffn_inject.weight
create_tensor: loading tensor blk.3.attn_qkv.weight
create_tensor: loading tensor blk.3.attn_q.weight
create_tensor: loading tensor blk.3.attn_k.weight
create_tensor: loading tensor blk.3.attn_v.weight
create_tensor: loading tensor blk.3.attn_q.bias
create_tensor: loading tensor blk.3.attn_k.bias
create_tensor: loading tensor blk.3.attn_v.bias
create_tensor: loading tensor blk.3.attn_output.weight
create_tensor: loading tensor blk.3.attn_q_norm.weight
create_tensor: loading tensor blk.3.attn_k_norm.weight
create_tensor: loading tensor blk.3.indexer.q_proj.weight
create_tensor: loading tensor blk.3.indexer.k_proj.weight
create_tensor: loading tensor blk.3.indexer.q_norm.weight
create_tensor: loading tensor blk.3.indexer.k_norm.weight
create_tensor: loading tensor blk.3.ffn_gate_inp.weight
create_tensor: loading tensor blk.3.ffn_down_exps.weight
tensor blk.3.ffn_down_exps.weight (450 MiB iq4_nl) buffer type overridden to CUDA_Host
create_tensor: loading tensor blk.3.ffn_gate_up_exps.weight
create_tensor: loading tensor blk.3.ffn_gate_exps.weight
tensor blk.3.ffn_gate_exps.weight (343 MiB iq3_s) buffer type overridden to CUDA_Host
create_tensor: loading tensor blk.3.ffn_up_exps.weight
tensor blk.3.ffn_up_exps.weight (343 MiB iq3_s) buffer type overridden to CUDA_Host
create_tensor: loading tensor blk.3.ffn_gate_inp_shexp.weight
create_tensor: loading tensor blk.3.ffn_gate_shexp.weight
create_tensor: loading tensor blk.3.ffn_up_shexp.weight
create_tensor: loading tensor blk.3.ffn_down_shexp.weight
create_tensor: loading tensor blk.4.hc_attn_norm.weight
create_tensor: loading tensor blk.4.hc_attn_down.weight
create_tensor: loading tensor blk.4.hc_attn_up.weight
create_tensor: loading tensor blk.4.hc_attn_inject.weight
create_tensor: loading tensor blk.4.hc_ffn_norm.weight
create_tensor: loading tensor blk.4.hc_ffn_down.weight
create_tensor: loading tensor blk.4.hc_ffn_up.weight
create_tensor: loading tensor blk.4.hc_ffn_inject.weight
create_tensor: loading tensor blk.4.attn_qkv.weight
create_tensor: loading tensor blk.4.attn_gate.weight
create_tensor: loading tensor blk.4.ssm_conv1d.weight
create_tensor: loading tensor blk.4.ssm_dt.bias
create_tensor: loading tensor blk.4.ssm_a
create_tensor: loading tensor blk.4.ssm_beta.weight
create_tensor: loading tensor blk.4.ssm_alpha.weight
create_tensor: loading tensor blk.4.ssm_norm.weight
create_tensor: loading tensor blk.4.ssm_out.weight
create_tensor: loading tensor blk.4.ffn_gate_inp.weight
create_tensor: loading tensor blk.4.ffn_down_exps.weight
tensor blk.4.ffn_down_exps.weight (850 MiB q8_0) buffer type overridden to CUDA_Host
create_tensor: loading tensor blk.4.ffn_gate_up_exps.weight
create_tensor: loading tensor blk.4.ffn_gate_exps.weight
tensor blk.4.ffn_gate_exps.weight (343 MiB iq3_s) buffer type overridden to CUDA_Host
create_tensor: loading tensor blk.4.ffn_up_exps.weight
tensor blk.4.ffn_up_exps.weight (343 MiB iq3_s) buffer type overridden to CUDA_Host
create_tensor: loading tensor blk.4.ffn_gate_inp_shexp.weight
create_tensor: loading tensor blk.4.ffn_gate_shexp.weight
create_tensor: loading tensor blk.4.ffn_up_shexp.weight
create_tensor: loading tensor blk.4.ffn_down_shexp.weight
create_tensor: loading tensor blk.5.hc_attn_norm.weight
create_tensor: loading tensor blk.5.hc_attn_down.weight
create_tensor: loading tensor blk.5.hc_attn_up.weight
create_tensor: loading tensor blk.5.hc_attn_inject.weight
create_tensor: loading tensor blk.5.hc_ffn_norm.weight
create_tensor: loading tensor blk.5.hc_ffn_down.weight
create_tensor: loading tensor blk.5.hc_ffn_up.weight
create_tensor: loading tensor blk.5.hc_ffn_inject.weight
create_tensor: loading tensor blk.5.attn_qkv.weight
create_tensor: loading tensor blk.5.attn_gate.weight
create_tensor: loading tensor blk.5.ssm_conv1d.weight
create_tensor: loading tensor blk.5.ssm_dt.bias
create_tensor: loading tensor blk.5.ssm_a
create_tensor: loading tensor blk.5.ssm_beta.weight
create_tensor: loading tensor blk.5.ssm_alpha.weight
create_tensor: loading tensor blk.5.ssm_norm.weight
create_tensor: loading tensor blk.5.ssm_out.weight
create_tensor: loading tensor blk.5.ffn_gate_inp.weight
create_tensor: loading tensor blk.5.ffn_down_exps.weight
tensor blk.5.ffn_down_exps.weight (450 MiB iq4_nl) buffer type overridden to CUDA_Host
create_tensor: loading tensor blk.5.ffn_gate_up_exps.weight
create_tensor: loading tensor blk.5.ffn_gate_exps.weight
tensor blk.5.ffn_gate_exps.weight (343 MiB iq3_s) buffer type overridden to CUDA_Host
create_tensor: loading tensor blk.5.ffn_up_exps.weight
tensor blk.5.ffn_up_exps.weight (343 MiB iq3_s) buffer type overridden to CUDA_Host
create_tensor: loading tensor blk.5.ffn_gate_inp_shexp.weight
create_tensor: loading tensor blk.5.ffn_gate_shexp.weight
create_tensor: loading tensor blk.5.ffn_up_shexp.weight
create_tensor: loading tensor blk.5.ffn_down_shexp.weight
create_tensor: loading tensor blk.6.hc_attn_norm.weight
create_tensor: loading tensor blk.6.hc_attn_down.weight
create_tensor: loading tensor blk.6.hc_attn_up.weight
create_tensor: loading tensor blk.6.hc_attn_inject.weight
create_tensor: loading tensor blk.6.hc_ffn_norm.weight
create_tensor: loading tensor blk.6.hc_ffn_down.weight
create_tensor: loading tensor blk.6.hc_ffn_up.weight
create_tensor: loading tensor blk.6.hc_ffn_inject.weight
create_tensor: loading tensor blk.6.attn_qkv.weight
create_tensor: loading tensor blk.6.attn_gate.weight
create_tensor: loading tensor blk.6.ssm_conv1d.weight
create_tensor: loading tensor blk.6.ssm_dt.bias
create_tensor: loading tensor blk.6.ssm_a
create_tensor: loading tensor blk.6.ssm_beta.weight
create_tensor: loading tensor blk.6.ssm_alpha.weight
create_tensor: loading tensor blk.6.ssm_norm.weight
create_tensor: loading tensor blk.6.ssm_out.weight
create_tensor: loading tensor blk.6.ffn_gate_inp.weight
create_tensor: loading tensor blk.6.ffn_down_exps.weight
tensor blk.6.ffn_down_exps.weight (450 MiB iq4_nl) buffer type overridden to CUDA_Host
create_tensor: loading tensor blk.6.ffn_gate_up_exps.weight
create_tensor: loading tensor blk.6.ffn_gate_exps.weight
tensor blk.6.ffn_gate_exps.weight (343 MiB iq3_s) buffer type overridden to CUDA_Host
create_tensor: loading tensor blk.6.ffn_up_exps.weight
tensor blk.6.ffn_up_exps.weight (343 MiB iq3_s) buffer type overridden to CUDA_Host
create_tensor: loading tensor blk.6.ffn_gate_inp_shexp.weight
create_tensor: loading tensor blk.6.ffn_gate_shexp.weight
create_tensor: loading tensor blk.6.ffn_up_shexp.weight
create_tensor: loading tensor blk.6.ffn_down_shexp.weight
create_tensor: loading tensor blk.7.hc_attn_norm.weight
create_tensor: loading tensor blk.7.hc_attn_down.weight
create_tensor: loading tensor blk.7.hc_attn_up.weight
create_tensor: loading tensor blk.7.hc_attn_inject.weight
create_tensor: loading tensor blk.7.hc_ffn_norm.weight
create_tensor: loading tensor blk.7.hc_ffn_down.weight
create_tensor: loading tensor blk.7.hc_ffn_up.weight
create_tensor: loading tensor blk.7.hc_ffn_inject.weight
create_tensor: loading tensor blk.7.attn_qkv.weight
create_tensor: loading tensor blk.7.attn_q.weight
create_tensor: loading tensor blk.7.attn_k.weight
create_tensor: loading tensor blk.7.attn_v.weight
create_tensor: loading tensor blk.7.attn_q.bias
create_tensor: loading tensor blk.7.attn_k.bias
create_tensor: loading tensor blk.7.attn_v.bias
create_tensor: loading tensor blk.7.attn_output.weight
create_tensor: loading tensor blk.7.attn_q_norm.weight
create_tensor: loading tensor blk.7.attn_k_norm.weight
create_tensor: loading tensor blk.7.indexer.q_proj.weight
create_tensor: loading tensor blk.7.indexer.k_proj.weight
create_tensor: loading tensor blk.7.indexer.q_norm.weight
create_tensor: loading tensor blk.7.indexer.k_norm.weight
create_tensor: loading tensor blk.7.ffn_gate_inp.weight
create_tensor: loading tensor blk.7.ffn_down_exps.weight
tensor blk.7.ffn_down_exps.weight (450 MiB iq4_nl) buffer type overridden to CUDA_Host
create_tensor: loading tensor blk.7.ffn_gate_up_exps.weight
create_tensor: loading tensor blk.7.ffn_gate_exps.weight
tensor blk.7.ffn_gate_exps.weight (343 MiB iq3_s) buffer type overridden to CUDA_Host
create_tensor: loading tensor blk.7.ffn_up_exps.weight
tensor blk.7.ffn_up_exps.weight (343 MiB iq3_s) buffer type overridden to CUDA_Host
create_tensor: loading tensor blk.7.ffn_gate_inp_shexp.weight
create_tensor: loading tensor blk.7.ffn_gate_shexp.weight
create_tensor: loading tensor blk.7.ffn_up_shexp.weight
create_tensor: loading tensor blk.7.ffn_down_shexp.weight
create_tensor: loading tensor blk.8.hc_attn_norm.weight
create_tensor: loading tensor blk.8.hc_attn_down.weight
create_tensor: loading tensor blk.8.hc_attn_up.weight
create_tensor: loading tensor blk.8.hc_attn_inject.weight
create_tensor: loading tensor blk.8.hc_ffn_norm.weight
create_tensor: loading tensor blk.8.hc_ffn_down.weight
create_tensor: loading tensor blk.8.hc_ffn_up.weight
create_tensor: loading tensor blk.8.hc_ffn_inject.weight
create_tensor: loading tensor blk.8.attn_qkv.weight
create_tensor: loading tensor blk.8.attn_gate.weight
create_tensor: loading tensor blk.8.ssm_conv1d.weight
create_tensor: loading tensor blk.8.ssm_dt.bias
create_tensor: loading tensor blk.8.ssm_a
create_tensor: loading tensor blk.8.ssm_beta.weight
create_tensor: loading tensor blk.8.ssm_alpha.weight
create_tensor: loading tensor blk.8.ssm_norm.weight
create_tensor: loading tensor blk.8.ssm_out.weight
create_tensor: loading tensor blk.8.ffn_gate_inp.weight
create_tensor: loading tensor blk.8.ffn_down_exps.weight
tensor blk.8.ffn_down_exps.weight (450 MiB iq4_nl) buffer type overridden to CUDA_Host
create_tensor: loading tensor blk.8.ffn_gate_up_exps.weight
create_tensor: loading tensor blk.8.ffn_gate_exps.weight
tensor blk.8.ffn_gate_exps.weight (343 MiB iq3_s) buffer type overridden to CUDA_Host
create_tensor: loading tensor blk.8.ffn_up_exps.weight
tensor blk.8.ffn_up_exps.weight (343 MiB iq3_s) buffer type overridden to CUDA_Host
create_tensor: loading tensor blk.8.ffn_gate_inp_shexp.weight
create_tensor: loading tensor blk.8.ffn_gate_shexp.weight
create_tensor: loading tensor blk.8.ffn_up_shexp.weight
create_tensor: loading tensor blk.8.ffn_down_shexp.weight
create_tensor: loading tensor blk.9.hc_attn_norm.weight
create_tensor: loading tensor blk.9.hc_attn_down.weight
create_tensor: loading tensor blk.9.hc_attn_up.weight
create_tensor: loading tensor blk.9.hc_attn_inject.weight
create_tensor: loading tensor blk.9.hc_ffn_norm.weight
create_tensor: loading tensor blk.9.hc_ffn_down.weight
create_tensor: loading tensor blk.9.hc_ffn_up.weight
create_tensor: loading tensor blk.9.hc_ffn_inject.weight
create_tensor: loading tensor blk.9.attn_qkv.weight
create_tensor: loading tensor blk.9.attn_gate.weight
create_tensor: loading tensor blk.9.ssm_conv1d.weight
create_tensor: loading tensor blk.9.ssm_dt.bias
create_tensor: loading tensor blk.9.ssm_a
create_tensor: loading tensor blk.9.ssm_beta.weight
create_tensor: loading tensor blk.9.ssm_alpha.weight
create_tensor: loading tensor blk.9.ssm_norm.weight
create_tensor: loading tensor blk.9.ssm_out.weight
create_tensor: loading tensor blk.9.ffn_gate_inp.weight
create_tensor: loading tensor blk.9.ffn_down_exps.weight
tensor blk.9.ffn_down_exps.weight (450 MiB iq4_nl) buffer type overridden to CUDA_Host
create_tensor: loading tensor blk.9.ffn_gate_up_exps.weight
create_tensor: loading tensor blk.9.ffn_gate_exps.weight
tensor blk.9.ffn_gate_exps.weight (343 MiB iq3_s) buffer type overridden to CUDA_Host
create_tensor: loading tensor blk.9.ffn_up_exps.weight
tensor blk.9.ffn_up_exps.weight (343 MiB iq3_s) buffer type overridden to CUDA_Host
create_tensor: loading tensor blk.9.ffn_gate_inp_shexp.weight
create_tensor: loading tensor blk.9.ffn_gate_shexp.weight
create_tensor: loading tensor blk.9.ffn_up_shexp.weight
create_tensor: loading tensor blk.9.ffn_down_shexp.weight
create_tensor: loading tensor blk.10.hc_attn_norm.weight
create_tensor: loading tensor blk.10.hc_attn_down.weight
create_tensor: loading tensor blk.10.hc_attn_up.weight
create_tensor: loading tensor blk.10.hc_attn_inject.weight
create_tensor: loading tensor blk.10.hc_ffn_norm.weight
create_tensor: loading tensor blk.10.hc_ffn_down.weight
create_tensor: loading tensor blk.10.hc_ffn_up.weight
create_tensor: loading tensor blk.10.hc_ffn_inject.weight
create_tensor: loading tensor blk.10.attn_qkv.weight
create_tensor: loading tensor blk.10.attn_gate.weight
create_tensor: loading tensor blk.10.ssm_conv1d.weight
create_tensor: loading tensor blk.10.ssm_dt.bias
create_tensor: loading tensor blk.10.ssm_a
create_tensor: loading tensor blk.10.ssm_beta.weight
create_tensor: loading tensor blk.10.ssm_alpha.weight
create_tensor: loading tensor blk.10.ssm_norm.weight
create_tensor: loading tensor blk.10.ssm_out.weight
create_tensor: loading tensor blk.10.ffn_gate_inp.weight
create_tensor: loading tensor blk.10.ffn_down_exps.weight
tensor blk.10.ffn_down_exps.weight (450 MiB iq4_nl) buffer type overridden to CUDA_Host
create_tensor: loading tensor blk.10.ffn_gate_up_exps.weight
create_tensor: loading tensor blk.10.ffn_gate_exps.weight
tensor blk.10.ffn_gate_exps.weight (343 MiB iq3_s) buffer type overridden to CUDA_Host
create_tensor: loading tensor blk.10.ffn_up_exps.weight
tensor blk.10.ffn_up_exps.weight (343 MiB iq3_s) buffer type overridden to CUDA_Host
create_tensor: loading tensor blk.10.ffn_gate_inp_shexp.weight
create_tensor: loading tensor blk.10.ffn_gate_shexp.weight
create_tensor: loading tensor blk.10.ffn_up_shexp.weight
create_tensor: loading tensor blk.10.ffn_down_shexp.weight
create_tensor: loading tensor blk.11.hc_attn_norm.weight
create_tensor: loading tensor blk.11.hc_attn_down.weight
create_tensor: loading tensor blk.11.hc_attn_up.weight
create_tensor: loading tensor blk.11.hc_attn_inject.weight
create_tensor: loading tensor blk.11.hc_ffn_norm.weight
create_tensor: loading tensor blk.11.hc_ffn_down.weight
create_tensor: loading tensor blk.11.hc_ffn_up.weight
create_tensor: loading tensor blk.11.hc_ffn_inject.weight
create_tensor: loading tensor blk.11.attn_qkv.weight
create_tensor: loading tensor blk.11.attn_q.weight
create_tensor: loading tensor blk.11.attn_k.weight
create_tensor: loading tensor blk.11.attn_v.weight
create_tensor: loading tensor blk.11.attn_q.bias
create_tensor: loading tensor blk.11.attn_k.bias
create_tensor: loading tensor blk.11.attn_v.bias
create_tensor: loading tensor blk.11.attn_output.weight
create_tensor: loading tensor blk.11.attn_q_norm.weight
create_tensor: loading tensor blk.11.attn_k_norm.weight
create_tensor: loading tensor blk.11.indexer.q_proj.weight
create_tensor: loading tensor blk.11.indexer.k_proj.weight
create_tensor: loading tensor blk.11.indexer.q_norm.weight
create_tensor: loading tensor blk.11.indexer.k_norm.weight
create_tensor: loading tensor blk.11.ffn_gate_inp.weight
create_tensor: loading tensor blk.11.ffn_down_exps.weight
tensor blk.11.ffn_down_exps.weight (450 MiB iq4_nl) buffer type overridden to CUDA_Host
create_tensor: loading tensor blk.11.ffn_gate_up_exps.weight
create_tensor: loading tensor blk.11.ffn_gate_exps.weight
tensor blk.11.ffn_gate_exps.weight (343 MiB iq3_s) buffer type overridden to CUDA_Host
create_tensor: loading tensor blk.11.ffn_up_exps.weight
tensor blk.11.ffn_up_exps.weight (343 MiB iq3_s) buffer type overridden to CUDA_Host
create_tensor: loading tensor blk.11.ffn_gate_inp_shexp.weight
create_tensor: loading tensor blk.11.ffn_gate_shexp.weight
create_tensor: loading tensor blk.11.ffn_up_shexp.weight
create_tensor: loading tensor blk.11.ffn_down_shexp.weight
create_tensor: loading tensor blk.12.hc_attn_norm.weight
create_tensor: loading tensor blk.12.hc_attn_down.weight
create_tensor: loading tensor blk.12.hc_attn_up.weight
create_tensor: loading tensor blk.12.hc_attn_inject.weight
create_tensor: loading tensor blk.12.hc_ffn_norm.weight
create_tensor: loading tensor blk.12.hc_ffn_down.weight
create_tensor: loading tensor blk.12.hc_ffn_up.weight
create_tensor: loading tensor blk.12.hc_ffn_inject.weight
create_tensor: loading tensor blk.12.attn_qkv.weight
create_tensor: loading tensor blk.12.attn_gate.weight
create_tensor: loading tensor blk.12.ssm_conv1d.weight
create_tensor: loading tensor blk.12.ssm_dt.bias
create_tensor: loading tensor blk.12.ssm_a
create_tensor: loading tensor blk.12.ssm_beta.weight
create_tensor: loading tensor blk.12.ssm_alpha.weight
create_tensor: loading tensor blk.12.ssm_norm.weight
create_tensor: loading tensor blk.12.ssm_out.weight
create_tensor: loading tensor blk.12.ffn_gate_inp.weight
create_tensor: loading tensor blk.12.ffn_down_exps.weight
tensor blk.12.ffn_down_exps.weight (450 MiB iq4_nl) buffer type overridden to CUDA_Host
create_tensor: loading tensor blk.12.ffn_gate_up_exps.weight
create_tensor: loading tensor blk.12.ffn_gate_exps.weight
tensor blk.12.ffn_gate_exps.weight (343 MiB iq3_s) buffer type overridden to CUDA_Host
create_tensor: loading tensor blk.12.ffn_up_exps.weight
tensor blk.12.ffn_up_exps.weight (343 MiB iq3_s) buffer type overridden to CUDA_Host
create_tensor: loading tensor blk.12.ffn_gate_inp_shexp.weight
create_tensor: loading tensor blk.12.ffn_gate_shexp.weight
create_tensor: loading tensor blk.12.ffn_up_shexp.weight
create_tensor: loading tensor blk.12.ffn_down_shexp.weight
create_tensor: loading tensor blk.13.hc_attn_norm.weight
create_tensor: loading tensor blk.13.hc_attn_down.weight
create_tensor: loading tensor blk.13.hc_attn_up.weight
create_tensor: loading tensor blk.13.hc_attn_inject.weight
create_tensor: loading tensor blk.13.hc_ffn_norm.weight
create_tensor: loading tensor blk.13.hc_ffn_down.weight
create_tensor: loading tensor blk.13.hc_ffn_up.weight
create_tensor: loading tensor blk.13.hc_ffn_inject.weight
create_tensor: loading tensor blk.13.attn_qkv.weight
create_tensor: loading tensor blk.13.attn_gate.weight
create_tensor: loading tensor blk.13.ssm_conv1d.weight
create_tensor: loading tensor blk.13.ssm_dt.bias
create_tensor: loading tensor blk.13.ssm_a
create_tensor: loading tensor blk.13.ssm_beta.weight
create_tensor: loading tensor blk.13.ssm_alpha.weight
create_tensor: loading tensor blk.13.ssm_norm.weight
create_tensor: loading tensor blk.13.ssm_out.weight
create_tensor: loading tensor blk.13.ffn_gate_inp.weight
create_tensor: loading tensor blk.13.ffn_down_exps.weight
tensor blk.13.ffn_down_exps.weight (450 MiB iq4_nl) buffer type overridden to CUDA_Host
create_tensor: loading tensor blk.13.ffn_gate_up_exps.weight
create_tensor: loading tensor blk.13.ffn_gate_exps.weight
tensor blk.13.ffn_gate_exps.weight (343 MiB iq3_s) buffer type overridden to CUDA_Host
create_tensor: loading tensor blk.13.ffn_up_exps.weight
tensor blk.13.ffn_up_exps.weight (343 MiB iq3_s) buffer type overridden to CUDA_Host
create_tensor: loading tensor blk.13.ffn_gate_inp_shexp.weight
create_tensor: loading tensor blk.13.ffn_gate_shexp.weight
create_tensor: loading tensor blk.13.ffn_up_shexp.weight
create_tensor: loading tensor blk.13.ffn_down_shexp.weight
create_tensor: loading tensor blk.14.hc_attn_norm.weight
create_tensor: loading tensor blk.14.hc_attn_down.weight
create_tensor: loading tensor blk.14.hc_attn_up.weight
create_tensor: loading tensor blk.14.hc_attn_inject.weight
create_tensor: loading tensor blk.14.hc_ffn_norm.weight
create_tensor: loading tensor blk.14.hc_ffn_down.weight
create_tensor: loading tensor blk.14.hc_ffn_up.weight
create_tensor: loading tensor blk.14.hc_ffn_inject.weight
create_tensor: loading tensor blk.14.attn_qkv.weight
create_tensor: loading tensor blk.14.attn_gate.weight
create_tensor: loading tensor blk.14.ssm_conv1d.weight
create_tensor: loading tensor blk.14.ssm_dt.bias
create_tensor: loading tensor blk.14.ssm_a
create_tensor: loading tensor blk.14.ssm_beta.weight
create_tensor: loading tensor blk.14.ssm_alpha.weight
create_tensor: loading tensor blk.14.ssm_norm.weight
create_tensor: loading tensor blk.14.ssm_out.weight
create_tensor: loading tensor blk.14.ffn_gate_inp.weight
create_tensor: loading tensor blk.14.ffn_down_exps.weight
tensor blk.14.ffn_down_exps.weight (450 MiB iq4_nl) buffer type overridden to CUDA_Host
create_tensor: loading tensor blk.14.ffn_gate_up_exps.weight
create_tensor: loading tensor blk.14.ffn_gate_exps.weight
tensor blk.14.ffn_gate_exps.weight (343 MiB iq3_s) buffer type overridden to CUDA_Host
create_tensor: loading tensor blk.14.ffn_up_exps.weight
tensor blk.14.ffn_up_exps.weight (343 MiB iq3_s) buffer type overridden to CUDA_Host
create_tensor: loading tensor blk.14.ffn_gate_inp_shexp.weight
create_tensor: loading tensor blk.14.ffn_gate_shexp.weight
create_tensor: loading tensor blk.14.ffn_up_shexp.weight
create_tensor: loading tensor blk.14.ffn_down_shexp.weight
create_tensor: loading tensor blk.15.hc_attn_norm.weight
create_tensor: loading tensor blk.15.hc_attn_down.weight
create_tensor: loading tensor blk.15.hc_attn_up.weight
create_tensor: loading tensor blk.15.hc_attn_inject.weight
create_tensor: loading tensor blk.15.hc_ffn_norm.weight
create_tensor: loading tensor blk.15.hc_ffn_down.weight
create_tensor: loading tensor blk.15.hc_ffn_up.weight
create_tensor: loading tensor blk.15.hc_ffn_inject.weight
create_tensor: loading tensor blk.15.attn_qkv.weight
create_tensor: loading tensor blk.15.attn_q.weight
create_tensor: loading tensor blk.15.attn_k.weight
create_tensor: loading tensor blk.15.attn_v.weight
create_tensor: loading tensor blk.15.attn_q.bias
create_tensor: loading tensor blk.15.attn_k.bias
create_tensor: loading tensor blk.15.attn_v.bias
create_tensor: loading tensor blk.15.attn_output.weight
create_tensor: loading tensor blk.15.attn_q_norm.weight
create_tensor: loading tensor blk.15.attn_k_norm.weight
create_tensor: loading tensor blk.15.indexer.q_proj.weight
create_tensor: loading tensor blk.15.indexer.k_proj.weight
create_tensor: loading tensor blk.15.indexer.q_norm.weight
create_tensor: loading tensor blk.15.indexer.k_norm.weight
create_tensor: loading tensor blk.15.ffn_gate_inp.weight
create_tensor: loading tensor blk.15.ffn_down_exps.weight
tensor blk.15.ffn_down_exps.weight (450 MiB iq4_nl) buffer type overridden to CUDA_Host
create_tensor: loading tensor blk.15.ffn_gate_up_exps.weight
create_tensor: loading tensor blk.15.ffn_gate_exps.weight
tensor blk.15.ffn_gate_exps.weight (343 MiB iq3_s) buffer type overridden to CUDA_Host
create_tensor: loading tensor blk.15.ffn_up_exps.weight
tensor blk.15.ffn_up_exps.weight (343 MiB iq3_s) buffer type overridden to CUDA_Host
create_tensor: loading tensor blk.15.ffn_gate_inp_shexp.weight
create_tensor: loading tensor blk.15.ffn_gate_shexp.weight
create_tensor: loading tensor blk.15.ffn_up_shexp.weight
create_tensor: loading tensor blk.15.ffn_down_shexp.weight
create_tensor: loading tensor blk.16.hc_attn_norm.weight
create_tensor: loading tensor blk.16.hc_attn_down.weight
create_tensor: loading tensor blk.16.hc_attn_up.weight
create_tensor: loading tensor blk.16.hc_attn_inject.weight
create_tensor: loading tensor blk.16.hc_ffn_norm.weight
create_tensor: loading tensor blk.16.hc_ffn_down.weight
create_tensor: loading tensor blk.16.hc_ffn_up.weight
create_tensor: loading tensor blk.16.hc_ffn_inject.weight
create_tensor: loading tensor blk.16.attn_qkv.weight
create_tensor: loading tensor blk.16.attn_gate.weight
create_tensor: loading tensor blk.16.ssm_conv1d.weight
create_tensor: loading tensor blk.16.ssm_dt.bias
create_tensor: loading tensor blk.16.ssm_a
create_tensor: loading tensor blk.16.ssm_beta.weight
create_tensor: loading tensor blk.16.ssm_alpha.weight
create_tensor: loading tensor blk.16.ssm_norm.weight
create_tensor: loading tensor blk.16.ssm_out.weight
create_tensor: loading tensor blk.16.ffn_gate_inp.weight
create_tensor: loading tensor blk.16.ffn_down_exps.weight
tensor blk.16.ffn_down_exps.weight (450 MiB iq4_nl) buffer type overridden to CUDA_Host
create_tensor: loading tensor blk.16.ffn_gate_up_exps.weight
create_tensor: loading tensor blk.16.ffn_gate_exps.weight
tensor blk.16.ffn_gate_exps.weight (343 MiB iq3_s) buffer type overridden to CUDA_Host
create_tensor: loading tensor blk.16.ffn_up_exps.weight
tensor blk.16.ffn_up_exps.weight (343 MiB iq3_s) buffer type overridden to CUDA_Host
create_tensor: loading tensor blk.16.ffn_gate_inp_shexp.weight
create_tensor: loading tensor blk.16.ffn_gate_shexp.weight
create_tensor: loading tensor blk.16.ffn_up_shexp.weight
create_tensor: loading tensor blk.16.ffn_down_shexp.weight
create_tensor: loading tensor blk.17.hc_attn_norm.weight
create_tensor: loading tensor blk.17.hc_attn_down.weight
create_tensor: loading tensor blk.17.hc_attn_up.weight
create_tensor: loading tensor blk.17.hc_attn_inject.weight
create_tensor: loading tensor blk.17.hc_ffn_norm.weight
create_tensor: loading tensor blk.17.hc_ffn_down.weight
create_tensor: loading tensor blk.17.hc_ffn_up.weight
create_tensor: loading tensor blk.17.hc_ffn_inject.weight
create_tensor: loading tensor blk.17.attn_qkv.weight
create_tensor: loading tensor blk.17.attn_gate.weight
create_tensor: loading tensor blk.17.ssm_conv1d.weight
create_tensor: loading tensor blk.17.ssm_dt.bias
create_tensor: loading tensor blk.17.ssm_a
create_tensor: loading tensor blk.17.ssm_beta.weight
create_tensor: loading tensor blk.17.ssm_alpha.weight
create_tensor: loading tensor blk.17.ssm_norm.weight
create_tensor: loading tensor blk.17.ssm_out.weight
create_tensor: loading tensor blk.17.ffn_gate_inp.weight
create_tensor: loading tensor blk.17.ffn_down_exps.weight
tensor blk.17.ffn_down_exps.weight (450 MiB iq4_nl) buffer type overridden to CUDA_Host
create_tensor: loading tensor blk.17.ffn_gate_up_exps.weight
create_tensor: loading tensor blk.17.ffn_gate_exps.weight
tensor blk.17.ffn_gate_exps.weight (343 MiB iq3_s) buffer type overridden to CUDA_Host
create_tensor: loading tensor blk.17.ffn_up_exps.weight
tensor blk.17.ffn_up_exps.weight (343 MiB iq3_s) buffer type overridden to CUDA_Host
create_tensor: loading tensor blk.17.ffn_gate_inp_shexp.weight
create_tensor: loading tensor blk.17.ffn_gate_shexp.weight
create_tensor: loading tensor blk.17.ffn_up_shexp.weight
create_tensor: loading tensor blk.17.ffn_down_shexp.weight
create_tensor: loading tensor blk.18.hc_attn_norm.weight
create_tensor: loading tensor blk.18.hc_attn_down.weight
create_tensor: loading tensor blk.18.hc_attn_up.weight
create_tensor: loading tensor blk.18.hc_attn_inject.weight
create_tensor: loading tensor blk.18.hc_ffn_norm.weight
create_tensor: loading tensor blk.18.hc_ffn_down.weight
create_tensor: loading tensor blk.18.hc_ffn_up.weight
create_tensor: loading tensor blk.18.hc_ffn_inject.weight
create_tensor: loading tensor blk.18.attn_qkv.weight
create_tensor: loading tensor blk.18.attn_gate.weight
create_tensor: loading tensor blk.18.ssm_conv1d.weight
create_tensor: loading tensor blk.18.ssm_dt.bias
create_tensor: loading tensor blk.18.ssm_a
create_tensor: loading tensor blk.18.ssm_beta.weight
create_tensor: loading tensor blk.18.ssm_alpha.weight
create_tensor: loading tensor blk.18.ssm_norm.weight
create_tensor: loading tensor blk.18.ssm_out.weight
create_tensor: loading tensor blk.18.ffn_gate_inp.weight
create_tensor: loading tensor blk.18.ffn_down_exps.weight
tensor blk.18.ffn_down_exps.weight (450 MiB iq4_nl) buffer type overridden to CUDA_Host
create_tensor: loading tensor blk.18.ffn_gate_up_exps.weight
create_tensor: loading tensor blk.18.ffn_gate_exps.weight
tensor blk.18.ffn_gate_exps.weight (343 MiB iq3_s) buffer type overridden to CUDA_Host
create_tensor: loading tensor blk.18.ffn_up_exps.weight
tensor blk.18.ffn_up_exps.weight (343 MiB iq3_s) buffer type overridden to CUDA_Host
create_tensor: loading tensor blk.18.ffn_gate_inp_shexp.weight
create_tensor: loading tensor blk.18.ffn_gate_shexp.weight
create_tensor: loading tensor blk.18.ffn_up_shexp.weight
create_tensor: loading tensor blk.18.ffn_down_shexp.weight
create_tensor: loading tensor blk.19.hc_attn_norm.weight
create_tensor: loading tensor blk.19.hc_attn_down.weight
create_tensor: loading tensor blk.19.hc_attn_up.weight
create_tensor: loading tensor blk.19.hc_attn_inject.weight
create_tensor: loading tensor blk.19.hc_ffn_norm.weight
create_tensor: loading tensor blk.19.hc_ffn_down.weight
create_tensor: loading tensor blk.19.hc_ffn_up.weight
create_tensor: loading tensor blk.19.hc_ffn_inject.weight
create_tensor: loading tensor blk.19.attn_qkv.weight
create_tensor: loading tensor blk.19.attn_q.weight
create_tensor: loading tensor blk.19.attn_k.weight
create_tensor: loading tensor blk.19.attn_v.weight
create_tensor: loading tensor blk.19.attn_q.bias
create_tensor: loading tensor blk.19.attn_k.bias
create_tensor: loading tensor blk.19.attn_v.bias
create_tensor: loading tensor blk.19.attn_output.weight
create_tensor: loading tensor blk.19.attn_q_norm.weight
create_tensor: loading tensor blk.19.attn_k_norm.weight
create_tensor: loading tensor blk.19.indexer.q_proj.weight
create_tensor: loading tensor blk.19.indexer.k_proj.weight
create_tensor: loading tensor blk.19.indexer.q_norm.weight
create_tensor: loading tensor blk.19.indexer.k_norm.weight
create_tensor: loading tensor blk.19.ffn_gate_inp.weight
create_tensor: loading tensor blk.19.ffn_down_exps.weight
tensor blk.19.ffn_down_exps.weight (450 MiB iq4_nl) buffer type overridden to CUDA_Host
create_tensor: loading tensor blk.19.ffn_gate_up_exps.weight
create_tensor: loading tensor blk.19.ffn_gate_exps.weight
tensor blk.19.ffn_gate_exps.weight (343 MiB iq3_s) buffer type overridden to CUDA_Host
create_tensor: loading tensor blk.19.ffn_up_exps.weight
tensor blk.19.ffn_up_exps.weight (343 MiB iq3_s) buffer type overridden to CUDA_Host
create_tensor: loading tensor blk.19.ffn_gate_inp_shexp.weight
create_tensor: loading tensor blk.19.ffn_gate_shexp.weight
create_tensor: loading tensor blk.19.ffn_up_shexp.weight
create_tensor: loading tensor blk.19.ffn_down_shexp.weight
create_tensor: loading tensor blk.20.hc_attn_norm.weight
create_tensor: loading tensor blk.20.hc_attn_down.weight
create_tensor: loading tensor blk.20.hc_attn_up.weight
create_tensor: loading tensor blk.20.hc_attn_inject.weight
create_tensor: loading tensor blk.20.hc_ffn_norm.weight
create_tensor: loading tensor blk.20.hc_ffn_down.weight
create_tensor: loading tensor blk.20.hc_ffn_up.weight
create_tensor: loading tensor blk.20.hc_ffn_inject.weight
create_tensor: loading tensor blk.20.attn_qkv.weight
create_tensor: loading tensor blk.20.attn_gate.weight
create_tensor: loading tensor blk.20.ssm_conv1d.weight
create_tensor: loading tensor blk.20.ssm_dt.bias
create_tensor: loading tensor blk.20.ssm_a
create_tensor: loading tensor blk.20.ssm_beta.weight
create_tensor: loading tensor blk.20.ssm_alpha.weight
create_tensor: loading tensor blk.20.ssm_norm.weight
create_tensor: loading tensor blk.20.ssm_out.weight
create_tensor: loading tensor blk.20.ffn_gate_inp.weight
create_tensor: loading tensor blk.20.ffn_down_exps.weight
tensor blk.20.ffn_down_exps.weight (450 MiB iq4_nl) buffer type overridden to CUDA_Host
create_tensor: loading tensor blk.20.ffn_gate_up_exps.weight
create_tensor: loading tensor blk.20.ffn_gate_exps.weight
tensor blk.20.ffn_gate_exps.weight (343 MiB iq3_s) buffer type overridden to CUDA_Host
create_tensor: loading tensor blk.20.ffn_up_exps.weight
tensor blk.20.ffn_up_exps.weight (343 MiB iq3_s) buffer type overridden to CUDA_Host
create_tensor: loading tensor blk.20.ffn_gate_inp_shexp.weight
create_tensor: loading tensor blk.20.ffn_gate_shexp.weight
create_tensor: loading tensor blk.20.ffn_up_shexp.weight
create_tensor: loading tensor blk.20.ffn_down_shexp.weight
create_tensor: loading tensor blk.21.hc_attn_norm.weight
create_tensor: loading tensor blk.21.hc_attn_down.weight
create_tensor: loading tensor blk.21.hc_attn_up.weight
create_tensor: loading tensor blk.21.hc_attn_inject.weight
create_tensor: loading tensor blk.21.hc_ffn_norm.weight
create_tensor: loading tensor blk.21.hc_ffn_down.weight
create_tensor: loading tensor blk.21.hc_ffn_up.weight
create_tensor: loading tensor blk.21.hc_ffn_inject.weight
create_tensor: loading tensor blk.21.attn_qkv.weight
create_tensor: loading tensor blk.21.attn_gate.weight
create_tensor: loading tensor blk.21.ssm_conv1d.weight
create_tensor: loading tensor blk.21.ssm_dt.bias
create_tensor: loading tensor blk.21.ssm_a
create_tensor: loading tensor blk.21.ssm_beta.weight
create_tensor: loading tensor blk.21.ssm_alpha.weight
create_tensor: loading tensor blk.21.ssm_norm.weight
create_tensor: loading tensor blk.21.ssm_out.weight
create_tensor: loading tensor blk.21.ffn_gate_inp.weight
create_tensor: loading tensor blk.21.ffn_down_exps.weight
tensor blk.21.ffn_down_exps.weight (450 MiB iq4_nl) buffer type overridden to CUDA_Host
create_tensor: loading tensor blk.21.ffn_gate_up_exps.weight
create_tensor: loading tensor blk.21.ffn_gate_exps.weight
tensor blk.21.ffn_gate_exps.weight (343 MiB iq3_s) buffer type overridden to CUDA_Host
create_tensor: loading tensor blk.21.ffn_up_exps.weight
tensor blk.21.ffn_up_exps.weight (343 MiB iq3_s) buffer type overridden to CUDA_Host
create_tensor: loading tensor blk.21.ffn_gate_inp_shexp.weight
create_tensor: loading tensor blk.21.ffn_gate_shexp.weight
create_tensor: loading tensor blk.21.ffn_up_shexp.weight
create_tensor: loading tensor blk.21.ffn_down_shexp.weight
create_tensor: loading tensor blk.22.hc_attn_norm.weight
create_tensor: loading tensor blk.22.hc_attn_down.weight
create_tensor: loading tensor blk.22.hc_attn_up.weight
create_tensor: loading tensor blk.22.hc_attn_inject.weight
create_tensor: loading tensor blk.22.hc_ffn_norm.weight
create_tensor: loading tensor blk.22.hc_ffn_down.weight
create_tensor: loading tensor blk.22.hc_ffn_up.weight
create_tensor: loading tensor blk.22.hc_ffn_inject.weight
create_tensor: loading tensor blk.22.attn_qkv.weight
create_tensor: loading tensor blk.22.attn_gate.weight
create_tensor: loading tensor blk.22.ssm_conv1d.weight
create_tensor: loading tensor blk.22.ssm_dt.bias
create_tensor: loading tensor blk.22.ssm_a
create_tensor: loading tensor blk.22.ssm_beta.weight
create_tensor: loading tensor blk.22.ssm_alpha.weight
create_tensor: loading tensor blk.22.ssm_norm.weight
create_tensor: loading tensor blk.22.ssm_out.weight
create_tensor: loading tensor blk.22.ffn_gate_inp.weight
create_tensor: loading tensor blk.22.ffn_down_exps.weight
tensor blk.22.ffn_down_exps.weight (450 MiB iq4_nl) buffer type overridden to CUDA_Host
create_tensor: loading tensor blk.22.ffn_gate_up_exps.weight
create_tensor: loading tensor blk.22.ffn_gate_exps.weight
tensor blk.22.ffn_gate_exps.weight (343 MiB iq3_s) buffer type overridden to CUDA_Host
create_tensor: loading tensor blk.22.ffn_up_exps.weight
tensor blk.22.ffn_up_exps.weight (343 MiB iq3_s) buffer type overridden to CUDA_Host
create_tensor: loading tensor blk.22.ffn_gate_inp_shexp.weight
create_tensor: loading tensor blk.22.ffn_gate_shexp.weight
create_tensor: loading tensor blk.22.ffn_up_shexp.weight
create_tensor: loading tensor blk.22.ffn_down_shexp.weight
create_tensor: loading tensor blk.23.hc_attn_norm.weight
create_tensor: loading tensor blk.23.hc_attn_down.weight
create_tensor: loading tensor blk.23.hc_attn_up.weight
create_tensor: loading tensor blk.23.hc_attn_inject.weight
create_tensor: loading tensor blk.23.hc_ffn_norm.weight
create_tensor: loading tensor blk.23.hc_ffn_down.weight
create_tensor: loading tensor blk.23.hc_ffn_up.weight
create_tensor: loading tensor blk.23.hc_ffn_inject.weight
create_tensor: loading tensor blk.23.attn_qkv.weight
create_tensor: loading tensor blk.23.attn_q.weight
create_tensor: loading tensor blk.23.attn_k.weight
create_tensor: loading tensor blk.23.attn_v.weight
create_tensor: loading tensor blk.23.attn_q.bias
create_tensor: loading tensor blk.23.attn_k.bias
create_tensor: loading tensor blk.23.attn_v.bias
create_tensor: loading tensor blk.23.attn_output.weight
create_tensor: loading tensor blk.23.attn_q_norm.weight
create_tensor: loading tensor blk.23.attn_k_norm.weight
create_tensor: loading tensor blk.23.indexer.q_proj.weight
create_tensor: loading tensor blk.23.indexer.k_proj.weight
create_tensor: loading tensor blk.23.indexer.q_norm.weight
create_tensor: loading tensor blk.23.indexer.k_norm.weight
create_tensor: loading tensor blk.23.ffn_gate_inp.weight
create_tensor: loading tensor blk.23.ffn_down_exps.weight
tensor blk.23.ffn_down_exps.weight (450 MiB iq4_nl) buffer type overridden to CUDA_Host
create_tensor: loading tensor blk.23.ffn_gate_up_exps.weight
create_tensor: loading tensor blk.23.ffn_gate_exps.weight
tensor blk.23.ffn_gate_exps.weight (343 MiB iq3_s) buffer type overridden to CUDA_Host
create_tensor: loading tensor blk.23.ffn_up_exps.weight
tensor blk.23.ffn_up_exps.weight (343 MiB iq3_s) buffer type overridden to CUDA_Host
create_tensor: loading tensor blk.23.ffn_gate_inp_shexp.weight
create_tensor: loading tensor blk.23.ffn_gate_shexp.weight
create_tensor: loading tensor blk.23.ffn_up_shexp.weight
create_tensor: loading tensor blk.23.ffn_down_shexp.weight
create_tensor: loading tensor blk.24.hc_attn_norm.weight
create_tensor: loading tensor blk.24.hc_attn_down.weight
create_tensor: loading tensor blk.24.hc_attn_up.weight
create_tensor: loading tensor blk.24.hc_attn_inject.weight
create_tensor: loading tensor blk.24.hc_ffn_norm.weight
create_tensor: loading tensor blk.24.hc_ffn_down.weight
create_tensor: loading tensor blk.24.hc_ffn_up.weight
create_tensor: loading tensor blk.24.hc_ffn_inject.weight
create_tensor: loading tensor blk.24.attn_qkv.weight
create_tensor: loading tensor blk.24.attn_gate.weight
create_tensor: loading tensor blk.24.ssm_conv1d.weight
create_tensor: loading tensor blk.24.ssm_dt.bias
create_tensor: loading tensor blk.24.ssm_a
create_tensor: loading tensor blk.24.ssm_beta.weight
create_tensor: loading tensor blk.24.ssm_alpha.weight
create_tensor: loading tensor blk.24.ssm_norm.weight
create_tensor: loading tensor blk.24.ssm_out.weight
create_tensor: loading tensor blk.24.ffn_gate_inp.weight
create_tensor: loading tensor blk.24.ffn_down_exps.weight
tensor blk.24.ffn_down_exps.weight (450 MiB iq4_nl) buffer type overridden to CUDA_Host
create_tensor: loading tensor blk.24.ffn_gate_up_exps.weight
create_tensor: loading tensor blk.24.ffn_gate_exps.weight
tensor blk.24.ffn_gate_exps.weight (343 MiB iq3_s) buffer type overridden to CUDA_Host
create_tensor: loading tensor blk.24.ffn_up_exps.weight
tensor blk.24.ffn_up_exps.weight (343 MiB iq3_s) buffer type overridden to CUDA_Host
create_tensor: loading tensor blk.24.ffn_gate_inp_shexp.weight
create_tensor: loading tensor blk.24.ffn_gate_shexp.weight
create_tensor: loading tensor blk.24.ffn_up_shexp.weight
create_tensor: loading tensor blk.24.ffn_down_shexp.weight
create_tensor: loading tensor blk.25.hc_attn_norm.weight
create_tensor: loading tensor blk.25.hc_attn_down.weight
create_tensor: loading tensor blk.25.hc_attn_up.weight
create_tensor: loading tensor blk.25.hc_attn_inject.weight
create_tensor: loading tensor blk.25.hc_ffn_norm.weight
create_tensor: loading tensor blk.25.hc_ffn_down.weight
create_tensor: loading tensor blk.25.hc_ffn_up.weight
create_tensor: loading tensor blk.25.hc_ffn_inject.weight
create_tensor: loading tensor blk.25.attn_qkv.weight
create_tensor: loading tensor blk.25.attn_gate.weight
create_tensor: loading tensor blk.25.ssm_conv1d.weight
create_tensor: loading tensor blk.25.ssm_dt.bias
create_tensor: loading tensor blk.25.ssm_a
create_tensor: loading tensor blk.25.ssm_beta.weight
create_tensor: loading tensor blk.25.ssm_alpha.weight
create_tensor: loading tensor blk.25.ssm_norm.weight
create_tensor: loading tensor blk.25.ssm_out.weight
create_tensor: loading tensor blk.25.ffn_gate_inp.weight
create_tensor: loading tensor blk.25.ffn_down_exps.weight
tensor blk.25.ffn_down_exps.weight (450 MiB iq4_nl) buffer type overridden to CUDA_Host
create_tensor: loading tensor blk.25.ffn_gate_up_exps.weight
create_tensor: loading tensor blk.25.ffn_gate_exps.weight
tensor blk.25.ffn_gate_exps.weight (343 MiB iq3_s) buffer type overridden to CUDA_Host
create_tensor: loading tensor blk.25.ffn_up_exps.weight
tensor blk.25.ffn_up_exps.weight (343 MiB iq3_s) buffer type overridden to CUDA_Host
create_tensor: loading tensor blk.25.ffn_gate_inp_shexp.weight
create_tensor: loading tensor blk.25.ffn_gate_shexp.weight
create_tensor: loading tensor blk.25.ffn_up_shexp.weight
create_tensor: loading tensor blk.25.ffn_down_shexp.weight
create_tensor: loading tensor blk.26.hc_attn_norm.weight
create_tensor: loading tensor blk.26.hc_attn_down.weight
create_tensor: loading tensor blk.26.hc_attn_up.weight
create_tensor: loading tensor blk.26.hc_attn_inject.weight
create_tensor: loading tensor blk.26.hc_ffn_norm.weight
create_tensor: loading tensor blk.26.hc_ffn_down.weight
create_tensor: loading tensor blk.26.hc_ffn_up.weight
create_tensor: loading tensor blk.26.hc_ffn_inject.weight
create_tensor: loading tensor blk.26.attn_qkv.weight
create_tensor: loading tensor blk.26.attn_gate.weight
create_tensor: loading tensor blk.26.ssm_conv1d.weight
create_tensor: loading tensor blk.26.ssm_dt.bias
create_tensor: loading tensor blk.26.ssm_a
create_tensor: loading tensor blk.26.ssm_beta.weight
create_tensor: loading tensor blk.26.ssm_alpha.weight
create_tensor: loading tensor blk.26.ssm_norm.weight
create_tensor: loading tensor blk.26.ssm_out.weight
create_tensor: loading tensor blk.26.ffn_gate_inp.weight
create_tensor: loading tensor blk.26.ffn_down_exps.weight
tensor blk.26.ffn_down_exps.weight (450 MiB iq4_nl) buffer type overridden to CUDA_Host
create_tensor: loading tensor blk.26.ffn_gate_up_exps.weight
create_tensor: loading tensor blk.26.ffn_gate_exps.weight
tensor blk.26.ffn_gate_exps.weight (343 MiB iq3_s) buffer type overridden to CUDA_Host
create_tensor: loading tensor blk.26.ffn_up_exps.weight
tensor blk.26.ffn_up_exps.weight (343 MiB iq3_s) buffer type overridden to CUDA_Host
create_tensor: loading tensor blk.26.ffn_gate_inp_shexp.weight
create_tensor: loading tensor blk.26.ffn_gate_shexp.weight
create_tensor: loading tensor blk.26.ffn_up_shexp.weight
create_tensor: loading tensor blk.26.ffn_down_shexp.weight
create_tensor: loading tensor blk.27.hc_attn_norm.weight
create_tensor: loading tensor blk.27.hc_attn_down.weight
create_tensor: loading tensor blk.27.hc_attn_up.weight
create_tensor: loading tensor blk.27.hc_attn_inject.weight
create_tensor: loading tensor blk.27.hc_ffn_norm.weight
create_tensor: loading tensor blk.27.hc_ffn_down.weight
create_tensor: loading tensor blk.27.hc_ffn_up.weight
create_tensor: loading tensor blk.27.hc_ffn_inject.weight
create_tensor: loading tensor blk.27.attn_qkv.weight
create_tensor: loading tensor blk.27.attn_q.weight
create_tensor: loading tensor blk.27.attn_k.weight
create_tensor: loading tensor blk.27.attn_v.weight
create_tensor: loading tensor blk.27.attn_q.bias
create_tensor: loading tensor blk.27.attn_k.bias
create_tensor: loading tensor blk.27.attn_v.bias
create_tensor: loading tensor blk.27.attn_output.weight
create_tensor: loading tensor blk.27.attn_q_norm.weight
create_tensor: loading tensor blk.27.attn_k_norm.weight
create_tensor: loading tensor blk.27.indexer.q_proj.weight
create_tensor: loading tensor blk.27.indexer.k_proj.weight
create_tensor: loading tensor blk.27.indexer.q_norm.weight
create_tensor: loading tensor blk.27.indexer.k_norm.weight
create_tensor: loading tensor blk.27.ffn_gate_inp.weight
create_tensor: loading tensor blk.27.ffn_down_exps.weight
tensor blk.27.ffn_down_exps.weight (450 MiB iq4_nl) buffer type overridden to CUDA_Host
create_tensor: loading tensor blk.27.ffn_gate_up_exps.weight
create_tensor: loading tensor blk.27.ffn_gate_exps.weight
tensor blk.27.ffn_gate_exps.weight (343 MiB iq3_s) buffer type overridden to CUDA_Host
create_tensor: loading tensor blk.27.ffn_up_exps.weight
tensor blk.27.ffn_up_exps.weight (343 MiB iq3_s) buffer type overridden to CUDA_Host
create_tensor: loading tensor blk.27.ffn_gate_inp_shexp.weight
create_tensor: loading tensor blk.27.ffn_gate_shexp.weight
create_tensor: loading tensor blk.27.ffn_up_shexp.weight
create_tensor: loading tensor blk.27.ffn_down_shexp.weight
create_tensor: loading tensor blk.28.hc_attn_norm.weight
create_tensor: loading tensor blk.28.hc_attn_down.weight
create_tensor: loading tensor blk.28.hc_attn_up.weight
create_tensor: loading tensor blk.28.hc_attn_inject.weight
create_tensor: loading tensor blk.28.hc_ffn_norm.weight
create_tensor: loading tensor blk.28.hc_ffn_down.weight
create_tensor: loading tensor blk.28.hc_ffn_up.weight
create_tensor: loading tensor blk.28.hc_ffn_inject.weight
create_tensor: loading tensor blk.28.attn_qkv.weight
create_tensor: loading tensor blk.28.attn_gate.weight
create_tensor: loading tensor blk.28.ssm_conv1d.weight
create_tensor: loading tensor blk.28.ssm_dt.bias
create_tensor: loading tensor blk.28.ssm_a
create_tensor: loading tensor blk.28.ssm_beta.weight
create_tensor: loading tensor blk.28.ssm_alpha.weight
create_tensor: loading tensor blk.28.ssm_norm.weight
create_tensor: loading tensor blk.28.ssm_out.weight
create_tensor: loading tensor blk.28.ffn_gate_inp.weight
create_tensor: loading tensor blk.28.ffn_down_exps.weight
tensor blk.28.ffn_down_exps.weight (450 MiB iq4_nl) buffer type overridden to CUDA_Host
create_tensor: loading tensor blk.28.ffn_gate_up_exps.weight
create_tensor: loading tensor blk.28.ffn_gate_exps.weight
tensor blk.28.ffn_gate_exps.weight (343 MiB iq3_s) buffer type overridden to CUDA_Host
create_tensor: loading tensor blk.28.ffn_up_exps.weight
tensor blk.28.ffn_up_exps.weight (343 MiB iq3_s) buffer type overridden to CUDA_Host
create_tensor: loading tensor blk.28.ffn_gate_inp_shexp.weight
create_tensor: loading tensor blk.28.ffn_gate_shexp.weight
create_tensor: loading tensor blk.28.ffn_up_shexp.weight
create_tensor: loading tensor blk.28.ffn_down_shexp.weight
create_tensor: loading tensor blk.29.hc_attn_norm.weight
create_tensor: loading tensor blk.29.hc_attn_down.weight
create_tensor: loading tensor blk.29.hc_attn_up.weight
create_tensor: loading tensor blk.29.hc_attn_inject.weight
create_tensor: loading tensor blk.29.hc_ffn_norm.weight
create_tensor: loading tensor blk.29.hc_ffn_down.weight
create_tensor: loading tensor blk.29.hc_ffn_up.weight
create_tensor: loading tensor blk.29.hc_ffn_inject.weight
create_tensor: loading tensor blk.29.attn_qkv.weight
create_tensor: loading tensor blk.29.attn_gate.weight
create_tensor: loading tensor blk.29.ssm_conv1d.weight
create_tensor: loading tensor blk.29.ssm_dt.bias
create_tensor: loading tensor blk.29.ssm_a
create_tensor: loading tensor blk.29.ssm_beta.weight
create_tensor: loading tensor blk.29.ssm_alpha.weight
create_tensor: loading tensor blk.29.ssm_norm.weight
create_tensor: loading tensor blk.29.ssm_out.weight
create_tensor: loading tensor blk.29.ffn_gate_inp.weight
create_tensor: loading tensor blk.29.ffn_down_exps.weight
tensor blk.29.ffn_down_exps.weight (450 MiB iq4_nl) buffer type overridden to CUDA_Host
create_tensor: loading tensor blk.29.ffn_gate_up_exps.weight
create_tensor: loading tensor blk.29.ffn_gate_exps.weight
tensor blk.29.ffn_gate_exps.weight (343 MiB iq3_s) buffer type overridden to CUDA_Host
create_tensor: loading tensor blk.29.ffn_up_exps.weight
tensor blk.29.ffn_up_exps.weight (343 MiB iq3_s) buffer type overridden to CUDA_Host
create_tensor: loading tensor blk.29.ffn_gate_inp_shexp.weight
create_tensor: loading tensor blk.29.ffn_gate_shexp.weight
create_tensor: loading tensor blk.29.ffn_up_shexp.weight
create_tensor: loading tensor blk.29.ffn_down_shexp.weight
create_tensor: loading tensor blk.30.hc_attn_norm.weight
create_tensor: loading tensor blk.30.hc_attn_down.weight
create_tensor: loading tensor blk.30.hc_attn_up.weight
create_tensor: loading tensor blk.30.hc_attn_inject.weight
create_tensor: loading tensor blk.30.hc_ffn_norm.weight
create_tensor: loading tensor blk.30.hc_ffn_down.weight
create_tensor: loading tensor blk.30.hc_ffn_up.weight
create_tensor: loading tensor blk.30.hc_ffn_inject.weight
create_tensor: loading tensor blk.30.attn_qkv.weight
create_tensor: loading tensor blk.30.attn_gate.weight
create_tensor: loading tensor blk.30.ssm_conv1d.weight
create_tensor: loading tensor blk.30.ssm_dt.bias
create_tensor: loading tensor blk.30.ssm_a
create_tensor: loading tensor blk.30.ssm_beta.weight
create_tensor: loading tensor blk.30.ssm_alpha.weight
create_tensor: loading tensor blk.30.ssm_norm.weight
create_tensor: loading tensor blk.30.ssm_out.weight
create_tensor: loading tensor blk.30.ffn_gate_inp.weight
create_tensor: loading tensor blk.30.ffn_down_exps.weight
tensor blk.30.ffn_down_exps.weight (850 MiB q8_0) buffer type overridden to CUDA_Host
create_tensor: loading tensor blk.30.ffn_gate_up_exps.weight
create_tensor: loading tensor blk.30.ffn_gate_exps.weight
tensor blk.30.ffn_gate_exps.weight (343 MiB iq3_s) buffer type overridden to CUDA_Host
create_tensor: loading tensor blk.30.ffn_up_exps.weight
tensor blk.30.ffn_up_exps.weight (343 MiB iq3_s) buffer type overridden to CUDA_Host
create_tensor: loading tensor blk.30.ffn_gate_inp_shexp.weight
create_tensor: loading tensor blk.30.ffn_gate_shexp.weight
create_tensor: loading tensor blk.30.ffn_up_shexp.weight
create_tensor: loading tensor blk.30.ffn_down_shexp.weight
create_tensor: loading tensor blk.31.hc_attn_norm.weight
create_tensor: loading tensor blk.31.hc_attn_down.weight
create_tensor: loading tensor blk.31.hc_attn_up.weight
create_tensor: loading tensor blk.31.hc_attn_inject.weight
create_tensor: loading tensor blk.31.hc_ffn_norm.weight
create_tensor: loading tensor blk.31.hc_ffn_down.weight
create_tensor: loading tensor blk.31.hc_ffn_up.weight
create_tensor: loading tensor blk.31.hc_ffn_inject.weight
create_tensor: loading tensor blk.31.attn_qkv.weight
create_tensor: loading tensor blk.31.attn_q.weight
create_tensor: loading tensor blk.31.attn_k.weight
create_tensor: loading tensor blk.31.attn_v.weight
create_tensor: loading tensor blk.31.attn_q.bias
create_tensor: loading tensor blk.31.attn_k.bias
create_tensor: loading tensor blk.31.attn_v.bias
create_tensor: loading tensor blk.31.attn_output.weight
create_tensor: loading tensor blk.31.attn_q_norm.weight
create_tensor: loading tensor blk.31.attn_k_norm.weight
create_tensor: loading tensor blk.31.indexer.q_proj.weight
create_tensor: loading tensor blk.31.indexer.k_proj.weight
create_tensor: loading tensor blk.31.indexer.q_norm.weight
create_tensor: loading tensor blk.31.indexer.k_norm.weight
create_tensor: loading tensor blk.31.ffn_gate_inp.weight
create_tensor: loading tensor blk.31.ffn_down_exps.weight
tensor blk.31.ffn_down_exps.weight (450 MiB iq4_nl) buffer type overridden to CUDA_Host
create_tensor: loading tensor blk.31.ffn_gate_up_exps.weight
create_tensor: loading tensor blk.31.ffn_gate_exps.weight
tensor blk.31.ffn_gate_exps.weight (343 MiB iq3_s) buffer type overridden to CUDA_Host
create_tensor: loading tensor blk.31.ffn_up_exps.weight
tensor blk.31.ffn_up_exps.weight (343 MiB iq3_s) buffer type overridden to CUDA_Host
create_tensor: loading tensor blk.31.ffn_gate_inp_shexp.weight
create_tensor: loading tensor blk.31.ffn_gate_shexp.weight
create_tensor: loading tensor blk.31.ffn_up_shexp.weight
create_tensor: loading tensor blk.31.ffn_down_shexp.weight
create_tensor: loading tensor blk.32.hc_attn_norm.weight
create_tensor: loading tensor blk.32.hc_attn_down.weight
create_tensor: loading tensor blk.32.hc_attn_up.weight
create_tensor: loading tensor blk.32.hc_attn_inject.weight
create_tensor: loading tensor blk.32.hc_ffn_norm.weight
create_tensor: loading tensor blk.32.hc_ffn_down.weight
create_tensor: loading tensor blk.32.hc_ffn_up.weight
create_tensor: loading tensor blk.32.hc_ffn_inject.weight
create_tensor: loading tensor blk.32.attn_qkv.weight
create_tensor: loading tensor blk.32.attn_gate.weight
create_tensor: loading tensor blk.32.ssm_conv1d.weight
create_tensor: loading tensor blk.32.ssm_dt.bias
create_tensor: loading tensor blk.32.ssm_a
create_tensor: loading tensor blk.32.ssm_beta.weight
create_tensor: loading tensor blk.32.ssm_alpha.weight
create_tensor: loading tensor blk.32.ssm_norm.weight
create_tensor: loading tensor blk.32.ssm_out.weight
create_tensor: loading tensor blk.32.ffn_gate_inp.weight
create_tensor: loading tensor blk.32.ffn_down_exps.weight
tensor blk.32.ffn_down_exps.weight (450 MiB iq4_nl) buffer type overridden to CUDA_Host
create_tensor: loading tensor blk.32.ffn_gate_up_exps.weight
create_tensor: loading tensor blk.32.ffn_gate_exps.weight
tensor blk.32.ffn_gate_exps.weight (343 MiB iq3_s) buffer type overridden to CUDA_Host
create_tensor: loading tensor blk.32.ffn_up_exps.weight
tensor blk.32.ffn_up_exps.weight (343 MiB iq3_s) buffer type overridden to CUDA_Host
create_tensor: loading tensor blk.32.ffn_gate_inp_shexp.weight
create_tensor: loading tensor blk.32.ffn_gate_shexp.weight
create_tensor: loading tensor blk.32.ffn_up_shexp.weight
create_tensor: loading tensor blk.32.ffn_down_shexp.weight
create_tensor: loading tensor blk.33.hc_attn_norm.weight
create_tensor: loading tensor blk.33.hc_attn_down.weight
create_tensor: loading tensor blk.33.hc_attn_up.weight
create_tensor: loading tensor blk.33.hc_attn_inject.weight
create_tensor: loading tensor blk.33.hc_ffn_norm.weight
create_tensor: loading tensor blk.33.hc_ffn_down.weight
create_tensor: loading tensor blk.33.hc_ffn_up.weight
create_tensor: loading tensor blk.33.hc_ffn_inject.weight
create_tensor: loading tensor blk.33.attn_qkv.weight
create_tensor: loading tensor blk.33.attn_gate.weight
create_tensor: loading tensor blk.33.ssm_conv1d.weight
create_tensor: loading tensor blk.33.ssm_dt.bias
create_tensor: loading tensor blk.33.ssm_a
create_tensor: loading tensor blk.33.ssm_beta.weight
create_tensor: loading tensor blk.33.ssm_alpha.weight
create_tensor: loading tensor blk.33.ssm_norm.weight
create_tensor: loading tensor blk.33.ssm_out.weight
create_tensor: loading tensor blk.33.ffn_gate_inp.weight
create_tensor: loading tensor blk.33.ffn_down_exps.weight
tensor blk.33.ffn_down_exps.weight (450 MiB iq4_nl) buffer type overridden to CUDA_Host
create_tensor: loading tensor blk.33.ffn_gate_up_exps.weight
create_tensor: loading tensor blk.33.ffn_gate_exps.weight
tensor blk.33.ffn_gate_exps.weight (343 MiB iq3_s) buffer type overridden to CUDA_Host
create_tensor: loading tensor blk.33.ffn_up_exps.weight
tensor blk.33.ffn_up_exps.weight (343 MiB iq3_s) buffer type overridden to CUDA_Host
create_tensor: loading tensor blk.33.ffn_gate_inp_shexp.weight
create_tensor: loading tensor blk.33.ffn_gate_shexp.weight
create_tensor: loading tensor blk.33.ffn_up_shexp.weight
create_tensor: loading tensor blk.33.ffn_down_shexp.weight
create_tensor: loading tensor blk.34.hc_attn_norm.weight
create_tensor: loading tensor blk.34.hc_attn_down.weight
create_tensor: loading tensor blk.34.hc_attn_up.weight
create_tensor: loading tensor blk.34.hc_attn_inject.weight
create_tensor: loading tensor blk.34.hc_ffn_norm.weight
create_tensor: loading tensor blk.34.hc_ffn_down.weight
create_tensor: loading tensor blk.34.hc_ffn_up.weight
create_tensor: loading tensor blk.34.hc_ffn_inject.weight
create_tensor: loading tensor blk.34.attn_qkv.weight
create_tensor: loading tensor blk.34.attn_gate.weight
create_tensor: loading tensor blk.34.ssm_conv1d.weight
create_tensor: loading tensor blk.34.ssm_dt.bias
create_tensor: loading tensor blk.34.ssm_a
create_tensor: loading tensor blk.34.ssm_beta.weight
create_tensor: loading tensor blk.34.ssm_alpha.weight
create_tensor: loading tensor blk.34.ssm_norm.weight
create_tensor: loading tensor blk.34.ssm_out.weight
create_tensor: loading tensor blk.34.ffn_gate_inp.weight
create_tensor: loading tensor blk.34.ffn_down_exps.weight
tensor blk.34.ffn_down_exps.weight (450 MiB iq4_nl) buffer type overridden to CUDA_Host
create_tensor: loading tensor blk.34.ffn_gate_up_exps.weight
create_tensor: loading tensor blk.34.ffn_gate_exps.weight
tensor blk.34.ffn_gate_exps.weight (343 MiB iq3_s) buffer type overridden to CUDA_Host
create_tensor: loading tensor blk.34.ffn_up_exps.weight
tensor blk.34.ffn_up_exps.weight (343 MiB iq3_s) buffer type overridden to CUDA_Host
create_tensor: loading tensor blk.34.ffn_gate_inp_shexp.weight
create_tensor: loading tensor blk.34.ffn_gate_shexp.weight
create_tensor: loading tensor blk.34.ffn_up_shexp.weight
create_tensor: loading tensor blk.34.ffn_down_shexp.weight
create_tensor: loading tensor blk.35.hc_attn_norm.weight
create_tensor: loading tensor blk.35.hc_attn_down.weight
create_tensor: loading tensor blk.35.hc_attn_up.weight
create_tensor: loading tensor blk.35.hc_attn_inject.weight
create_tensor: loading tensor blk.35.hc_ffn_norm.weight
create_tensor: loading tensor blk.35.hc_ffn_down.weight
create_tensor: loading tensor blk.35.hc_ffn_up.weight
create_tensor: loading tensor blk.35.hc_ffn_inject.weight
create_tensor: loading tensor blk.35.attn_qkv.weight
create_tensor: loading tensor blk.35.attn_q.weight
create_tensor: loading tensor blk.35.attn_k.weight
create_tensor: loading tensor blk.35.attn_v.weight
create_tensor: loading tensor blk.35.attn_q.bias
create_tensor: loading tensor blk.35.attn_k.bias
create_tensor: loading tensor blk.35.attn_v.bias
create_tensor: loading tensor blk.35.attn_output.weight
create_tensor: loading tensor blk.35.attn_q_norm.weight
create_tensor: loading tensor blk.35.attn_k_norm.weight
create_tensor: loading tensor blk.35.indexer.q_proj.weight
create_tensor: loading tensor blk.35.indexer.k_proj.weight
create_tensor: loading tensor blk.35.indexer.q_norm.weight
create_tensor: loading tensor blk.35.indexer.k_norm.weight
create_tensor: loading tensor blk.35.ffn_gate_inp.weight
create_tensor: loading tensor blk.35.ffn_down_exps.weight
tensor blk.35.ffn_down_exps.weight (450 MiB iq4_nl) buffer type overridden to CUDA_Host
create_tensor: loading tensor blk.35.ffn_gate_up_exps.weight
create_tensor: loading tensor blk.35.ffn_gate_exps.weight
tensor blk.35.ffn_gate_exps.weight (343 MiB iq3_s) buffer type overridden to CUDA_Host
create_tensor: loading tensor blk.35.ffn_up_exps.weight
tensor blk.35.ffn_up_exps.weight (343 MiB iq3_s) buffer type overridden to CUDA_Host
create_tensor: loading tensor blk.35.ffn_gate_inp_shexp.weight
create_tensor: loading tensor blk.35.ffn_gate_shexp.weight
create_tensor: loading tensor blk.35.ffn_up_shexp.weight
create_tensor: loading tensor blk.35.ffn_down_shexp.weight
create_tensor: loading tensor blk.36.hc_attn_norm.weight
create_tensor: loading tensor blk.36.hc_attn_down.weight
create_tensor: loading tensor blk.36.hc_attn_up.weight
create_tensor: loading tensor blk.36.hc_attn_inject.weight
create_tensor: loading tensor blk.36.hc_ffn_norm.weight
create_tensor: loading tensor blk.36.hc_ffn_down.weight
create_tensor: loading tensor blk.36.hc_ffn_up.weight
create_tensor: loading tensor blk.36.hc_ffn_inject.weight
create_tensor: loading tensor blk.36.attn_qkv.weight
create_tensor: loading tensor blk.36.attn_gate.weight
create_tensor: loading tensor blk.36.ssm_conv1d.weight
create_tensor: loading tensor blk.36.ssm_dt.bias
create_tensor: loading tensor blk.36.ssm_a
create_tensor: loading tensor blk.36.ssm_beta.weight
create_tensor: loading tensor blk.36.ssm_alpha.weight
create_tensor: loading tensor blk.36.ssm_norm.weight
create_tensor: loading tensor blk.36.ssm_out.weight
create_tensor: loading tensor blk.36.ffn_gate_inp.weight
create_tensor: loading tensor blk.36.ffn_down_exps.weight
tensor blk.36.ffn_down_exps.weight (450 MiB iq4_nl) buffer type overridden to CUDA_Host
create_tensor: loading tensor blk.36.ffn_gate_up_exps.weight
create_tensor: loading tensor blk.36.ffn_gate_exps.weight
tensor blk.36.ffn_gate_exps.weight (343 MiB iq3_s) buffer type overridden to CUDA_Host
create_tensor: loading tensor blk.36.ffn_up_exps.weight
tensor blk.36.ffn_up_exps.weight (343 MiB iq3_s) buffer type overridden to CUDA_Host
create_tensor: loading tensor blk.36.ffn_gate_inp_shexp.weight
create_tensor: loading tensor blk.36.ffn_gate_shexp.weight
create_tensor: loading tensor blk.36.ffn_up_shexp.weight
create_tensor: loading tensor blk.36.ffn_down_shexp.weight
create_tensor: loading tensor blk.37.hc_attn_norm.weight
create_tensor: loading tensor blk.37.hc_attn_down.weight
create_tensor: loading tensor blk.37.hc_attn_up.weight
create_tensor: loading tensor blk.37.hc_attn_inject.weight
create_tensor: loading tensor blk.37.hc_ffn_norm.weight
create_tensor: loading tensor blk.37.hc_ffn_down.weight
create_tensor: loading tensor blk.37.hc_ffn_up.weight
create_tensor: loading tensor blk.37.hc_ffn_inject.weight
create_tensor: loading tensor blk.37.attn_qkv.weight
create_tensor: loading tensor blk.37.attn_gate.weight
create_tensor: loading tensor blk.37.ssm_conv1d.weight
create_tensor: loading tensor blk.37.ssm_dt.bias
create_tensor: loading tensor blk.37.ssm_a
create_tensor: loading tensor blk.37.ssm_beta.weight
create_tensor: loading tensor blk.37.ssm_alpha.weight
create_tensor: loading tensor blk.37.ssm_norm.weight
create_tensor: loading tensor blk.37.ssm_out.weight
create_tensor: loading tensor blk.37.ffn_gate_inp.weight
create_tensor: loading tensor blk.37.ffn_down_exps.weight
tensor blk.37.ffn_down_exps.weight (450 MiB iq4_nl) buffer type overridden to CUDA_Host
create_tensor: loading tensor blk.37.ffn_gate_up_exps.weight
create_tensor: loading tensor blk.37.ffn_gate_exps.weight
tensor blk.37.ffn_gate_exps.weight (343 MiB iq3_s) buffer type overridden to CUDA_Host
create_tensor: loading tensor blk.37.ffn_up_exps.weight
tensor blk.37.ffn_up_exps.weight (343 MiB iq3_s) buffer type overridden to CUDA_Host
create_tensor: loading tensor blk.37.ffn_gate_inp_shexp.weight
create_tensor: loading tensor blk.37.ffn_gate_shexp.weight
create_tensor: loading tensor blk.37.ffn_up_shexp.weight
create_tensor: loading tensor blk.37.ffn_down_shexp.weight
create_tensor: loading tensor blk.38.hc_attn_norm.weight
create_tensor: loading tensor blk.38.hc_attn_down.weight
create_tensor: loading tensor blk.38.hc_attn_up.weight
create_tensor: loading tensor blk.38.hc_attn_inject.weight
create_tensor: loading tensor blk.38.hc_ffn_norm.weight
create_tensor: loading tensor blk.38.hc_ffn_down.weight
create_tensor: loading tensor blk.38.hc_ffn_up.weight
create_tensor: loading tensor blk.38.hc_ffn_inject.weight
create_tensor: loading tensor blk.38.attn_qkv.weight
create_tensor: loading tensor blk.38.attn_gate.weight
create_tensor: loading tensor blk.38.ssm_conv1d.weight
create_tensor: loading tensor blk.38.ssm_dt.bias
create_tensor: loading tensor blk.38.ssm_a
create_tensor: loading tensor blk.38.ssm_beta.weight
create_tensor: loading tensor blk.38.ssm_alpha.weight
create_tensor: loading tensor blk.38.ssm_norm.weight
create_tensor: loading tensor blk.38.ssm_out.weight
create_tensor: loading tensor blk.38.ffn_gate_inp.weight
create_tensor: loading tensor blk.38.ffn_down_exps.weight
tensor blk.38.ffn_down_exps.weight (450 MiB iq4_nl) buffer type overridden to CUDA_Host
create_tensor: loading tensor blk.38.ffn_gate_up_exps.weight
create_tensor: loading tensor blk.38.ffn_gate_exps.weight
tensor blk.38.ffn_gate_exps.weight (343 MiB iq3_s) buffer type overridden to CUDA_Host
create_tensor: loading tensor blk.38.ffn_up_exps.weight
tensor blk.38.ffn_up_exps.weight (343 MiB iq3_s) buffer type overridden to CUDA_Host
create_tensor: loading tensor blk.38.ffn_gate_inp_shexp.weight
create_tensor: loading tensor blk.38.ffn_gate_shexp.weight
create_tensor: loading tensor blk.38.ffn_up_shexp.weight
create_tensor: loading tensor blk.38.ffn_down_shexp.weight
create_tensor: loading tensor blk.39.hc_attn_norm.weight
create_tensor: loading tensor blk.39.hc_attn_down.weight
create_tensor: loading tensor blk.39.hc_attn_up.weight
create_tensor: loading tensor blk.39.hc_attn_inject.weight
create_tensor: loading tensor blk.39.hc_ffn_norm.weight
create_tensor: loading tensor blk.39.hc_ffn_down.weight
create_tensor: loading tensor blk.39.hc_ffn_up.weight
create_tensor: loading tensor blk.39.hc_ffn_inject.weight
create_tensor: loading tensor blk.39.attn_qkv.weight
create_tensor: loading tensor blk.39.attn_q.weight
create_tensor: loading tensor blk.39.attn_k.weight
create_tensor: loading tensor blk.39.attn_v.weight
create_tensor: loading tensor blk.39.attn_q.bias
create_tensor: loading tensor blk.39.attn_k.bias
create_tensor: loading tensor blk.39.attn_v.bias
create_tensor: loading tensor blk.39.attn_output.weight
create_tensor: loading tensor blk.39.attn_q_norm.weight
create_tensor: loading tensor blk.39.attn_k_norm.weight
create_tensor: loading tensor blk.39.indexer.q_proj.weight
create_tensor: loading tensor blk.39.indexer.k_proj.weight
create_tensor: loading tensor blk.39.indexer.q_norm.weight
create_tensor: loading tensor blk.39.indexer.k_norm.weight
create_tensor: loading tensor blk.39.ffn_gate_inp.weight
create_tensor: loading tensor blk.39.ffn_down_exps.weight
tensor blk.39.ffn_down_exps.weight (450 MiB iq4_nl) buffer type overridden to CUDA_Host
create_tensor: loading tensor blk.39.ffn_gate_up_exps.weight
create_tensor: loading tensor blk.39.ffn_gate_exps.weight
tensor blk.39.ffn_gate_exps.weight (343 MiB iq3_s) buffer type overridden to CUDA_Host
create_tensor: loading tensor blk.39.ffn_up_exps.weight
tensor blk.39.ffn_up_exps.weight (343 MiB iq3_s) buffer type overridden to CUDA_Host
create_tensor: loading tensor blk.39.ffn_gate_inp_shexp.weight
create_tensor: loading tensor blk.39.ffn_gate_shexp.weight
create_tensor: loading tensor blk.39.ffn_up_shexp.weight
create_tensor: loading tensor blk.39.ffn_down_shexp.weight
create_tensor: loading tensor blk.40.hc_attn_norm.weight
create_tensor: loading tensor blk.40.hc_attn_down.weight
create_tensor: loading tensor blk.40.hc_attn_up.weight
create_tensor: loading tensor blk.40.hc_attn_inject.weight
create_tensor: loading tensor blk.40.hc_ffn_norm.weight
create_tensor: loading tensor blk.40.hc_ffn_down.weight
create_tensor: loading tensor blk.40.hc_ffn_up.weight
create_tensor: loading tensor blk.40.hc_ffn_inject.weight
create_tensor: loading tensor blk.40.attn_qkv.weight
create_tensor: loading tensor blk.40.attn_gate.weight
create_tensor: loading tensor blk.40.ssm_conv1d.weight
create_tensor: loading tensor blk.40.ssm_dt.bias
create_tensor: loading tensor blk.40.ssm_a
create_tensor: loading tensor blk.40.ssm_beta.weight
create_tensor: loading tensor blk.40.ssm_alpha.weight
create_tensor: loading tensor blk.40.ssm_norm.weight
create_tensor: loading tensor blk.40.ssm_out.weight
create_tensor: loading tensor blk.40.ffn_gate_inp.weight
create_tensor: loading tensor blk.40.ffn_down_exps.weight
tensor blk.40.ffn_down_exps.weight (450 MiB iq4_nl) buffer type overridden to CUDA_Host
create_tensor: loading tensor blk.40.ffn_gate_up_exps.weight
create_tensor: loading tensor blk.40.ffn_gate_exps.weight
tensor blk.40.ffn_gate_exps.weight (343 MiB iq3_s) buffer type overridden to CUDA_Host
create_tensor: loading tensor blk.40.ffn_up_exps.weight
tensor blk.40.ffn_up_exps.weight (343 MiB iq3_s) buffer type overridden to CUDA_Host
create_tensor: loading tensor blk.40.ffn_gate_inp_shexp.weight
create_tensor: loading tensor blk.40.ffn_gate_shexp.weight
create_tensor: loading tensor blk.40.ffn_up_shexp.weight
create_tensor: loading tensor blk.40.ffn_down_shexp.weight
create_tensor: loading tensor blk.41.hc_attn_norm.weight
create_tensor: loading tensor blk.41.hc_attn_down.weight
create_tensor: loading tensor blk.41.hc_attn_up.weight
create_tensor: loading tensor blk.41.hc_attn_inject.weight
create_tensor: loading tensor blk.41.hc_ffn_norm.weight
create_tensor: loading tensor blk.41.hc_ffn_down.weight
create_tensor: loading tensor blk.41.hc_ffn_up.weight
create_tensor: loading tensor blk.41.hc_ffn_inject.weight
create_tensor: loading tensor blk.41.attn_qkv.weight
create_tensor: loading tensor blk.41.attn_gate.weight
create_tensor: loading tensor blk.41.ssm_conv1d.weight
create_tensor: loading tensor blk.41.ssm_dt.bias
create_tensor: loading tensor blk.41.ssm_a
create_tensor: loading tensor blk.41.ssm_beta.weight
create_tensor: loading tensor blk.41.ssm_alpha.weight
create_tensor: loading tensor blk.41.ssm_norm.weight
create_tensor: loading tensor blk.41.ssm_out.weight
create_tensor: loading tensor blk.41.ffn_gate_inp.weight
create_tensor: loading tensor blk.41.ffn_down_exps.weight
tensor blk.41.ffn_down_exps.weight (450 MiB iq4_nl) buffer type overridden to CUDA_Host
create_tensor: loading tensor blk.41.ffn_gate_up_exps.weight
create_tensor: loading tensor blk.41.ffn_gate_exps.weight
tensor blk.41.ffn_gate_exps.weight (343 MiB iq3_s) buffer type overridden to CUDA_Host
create_tensor: loading tensor blk.41.ffn_up_exps.weight
tensor blk.41.ffn_up_exps.weight (343 MiB iq3_s) buffer type overridden to CUDA_Host
create_tensor: loading tensor blk.41.ffn_gate_inp_shexp.weight
create_tensor: loading tensor blk.41.ffn_gate_shexp.weight
create_tensor: loading tensor blk.41.ffn_up_shexp.weight
create_tensor: loading tensor blk.41.ffn_down_shexp.weight
create_tensor: loading tensor blk.42.hc_attn_norm.weight
create_tensor: loading tensor blk.42.hc_attn_down.weight
create_tensor: loading tensor blk.42.hc_attn_up.weight
create_tensor: loading tensor blk.42.hc_attn_inject.weight
create_tensor: loading tensor blk.42.hc_ffn_norm.weight
create_tensor: loading tensor blk.42.hc_ffn_down.weight
create_tensor: loading tensor blk.42.hc_ffn_up.weight
create_tensor: loading tensor blk.42.hc_ffn_inject.weight
create_tensor: loading tensor blk.42.attn_qkv.weight
create_tensor: loading tensor blk.42.attn_gate.weight
create_tensor: loading tensor blk.42.ssm_conv1d.weight
create_tensor: loading tensor blk.42.ssm_dt.bias
create_tensor: loading tensor blk.42.ssm_a
create_tensor: loading tensor blk.42.ssm_beta.weight
create_tensor: loading tensor blk.42.ssm_alpha.weight
create_tensor: loading tensor blk.42.ssm_norm.weight
create_tensor: loading tensor blk.42.ssm_out.weight
create_tensor: loading tensor blk.42.ffn_gate_inp.weight
create_tensor: loading tensor blk.42.ffn_down_exps.weight
tensor blk.42.ffn_down_exps.weight (450 MiB iq4_nl) buffer type overridden to CUDA_Host
create_tensor: loading tensor blk.42.ffn_gate_up_exps.weight
create_tensor: loading tensor blk.42.ffn_gate_exps.weight
tensor blk.42.ffn_gate_exps.weight (343 MiB iq3_s) buffer type overridden to CUDA_Host
create_tensor: loading tensor blk.42.ffn_up_exps.weight
tensor blk.42.ffn_up_exps.weight (343 MiB iq3_s) buffer type overridden to CUDA_Host
create_tensor: loading tensor blk.42.ffn_gate_inp_shexp.weight
create_tensor: loading tensor blk.42.ffn_gate_shexp.weight
create_tensor: loading tensor blk.42.ffn_up_shexp.weight
create_tensor: loading tensor blk.42.ffn_down_shexp.weight
create_tensor: loading tensor blk.43.hc_attn_norm.weight
create_tensor: loading tensor blk.43.hc_attn_down.weight
create_tensor: loading tensor blk.43.hc_attn_up.weight
create_tensor: loading tensor blk.43.hc_attn_inject.weight
create_tensor: loading tensor blk.43.hc_ffn_norm.weight
create_tensor: loading tensor blk.43.hc_ffn_down.weight
create_tensor: loading tensor blk.43.hc_ffn_up.weight
create_tensor: loading tensor blk.43.hc_ffn_inject.weight
create_tensor: loading tensor blk.43.attn_qkv.weight
create_tensor: loading tensor blk.43.attn_q.weight
create_tensor: loading tensor blk.43.attn_k.weight
create_tensor: loading tensor blk.43.attn_v.weight
create_tensor: loading tensor blk.43.attn_q.bias
create_tensor: loading tensor blk.43.attn_k.bias
create_tensor: loading tensor blk.43.attn_v.bias
create_tensor: loading tensor blk.43.attn_output.weight
create_tensor: loading tensor blk.43.attn_q_norm.weight
create_tensor: loading tensor blk.43.attn_k_norm.weight
create_tensor: loading tensor blk.43.indexer.q_proj.weight
create_tensor: loading tensor blk.43.indexer.k_proj.weight
create_tensor: loading tensor blk.43.indexer.q_norm.weight
create_tensor: loading tensor blk.43.indexer.k_norm.weight
create_tensor: loading tensor blk.43.ffn_gate_inp.weight
create_tensor: loading tensor blk.43.ffn_down_exps.weight
tensor blk.43.ffn_down_exps.weight (450 MiB iq4_nl) buffer type overridden to CUDA_Host
create_tensor: loading tensor blk.43.ffn_gate_up_exps.weight
create_tensor: loading tensor blk.43.ffn_gate_exps.weight
tensor blk.43.ffn_gate_exps.weight (343 MiB iq3_s) buffer type overridden to CUDA_Host
create_tensor: loading tensor blk.43.ffn_up_exps.weight
tensor blk.43.ffn_up_exps.weight (343 MiB iq3_s) buffer type overridden to CUDA_Host
create_tensor: loading tensor blk.43.ffn_gate_inp_shexp.weight
create_tensor: loading tensor blk.43.ffn_gate_shexp.weight
create_tensor: loading tensor blk.43.ffn_up_shexp.weight
create_tensor: loading tensor blk.43.ffn_down_shexp.weight
create_tensor: loading tensor blk.44.hc_attn_norm.weight
create_tensor: loading tensor blk.44.hc_attn_down.weight
create_tensor: loading tensor blk.44.hc_attn_up.weight
create_tensor: loading tensor blk.44.hc_attn_inject.weight
create_tensor: loading tensor blk.44.hc_ffn_norm.weight
create_tensor: loading tensor blk.44.hc_ffn_down.weight
create_tensor: loading tensor blk.44.hc_ffn_up.weight
create_tensor: loading tensor blk.44.hc_ffn_inject.weight
create_tensor: loading tensor blk.44.attn_qkv.weight
create_tensor: loading tensor blk.44.attn_gate.weight
create_tensor: loading tensor blk.44.ssm_conv1d.weight
create_tensor: loading tensor blk.44.ssm_dt.bias
create_tensor: loading tensor blk.44.ssm_a
create_tensor: loading tensor blk.44.ssm_beta.weight
create_tensor: loading tensor blk.44.ssm_alpha.weight
create_tensor: loading tensor blk.44.ssm_norm.weight
create_tensor: loading tensor blk.44.ssm_out.weight
create_tensor: loading tensor blk.44.ffn_gate_inp.weight
create_tensor: loading tensor blk.44.ffn_down_exps.weight
tensor blk.44.ffn_down_exps.weight (450 MiB iq4_nl) buffer type overridden to CUDA_Host
create_tensor: loading tensor blk.44.ffn_gate_up_exps.weight
create_tensor: loading tensor blk.44.ffn_gate_exps.weight
tensor blk.44.ffn_gate_exps.weight (343 MiB iq3_s) buffer type overridden to CUDA_Host
create_tensor: loading tensor blk.44.ffn_up_exps.weight
tensor blk.44.ffn_up_exps.weight (343 MiB iq3_s) buffer type overridden to CUDA_Host
create_tensor: loading tensor blk.44.ffn_gate_inp_shexp.weight
create_tensor: loading tensor blk.44.ffn_gate_shexp.weight
create_tensor: loading tensor blk.44.ffn_up_shexp.weight
create_tensor: loading tensor blk.44.ffn_down_shexp.weight
create_tensor: loading tensor blk.45.hc_attn_norm.weight
create_tensor: loading tensor blk.45.hc_attn_down.weight
create_tensor: loading tensor blk.45.hc_attn_up.weight
create_tensor: loading tensor blk.45.hc_attn_inject.weight
create_tensor: loading tensor blk.45.hc_ffn_norm.weight
create_tensor: loading tensor blk.45.hc_ffn_down.weight
create_tensor: loading tensor blk.45.hc_ffn_up.weight
create_tensor: loading tensor blk.45.hc_ffn_inject.weight
create_tensor: loading tensor blk.45.attn_qkv.weight
create_tensor: loading tensor blk.45.attn_gate.weight
create_tensor: loading tensor blk.45.ssm_conv1d.weight
create_tensor: loading tensor blk.45.ssm_dt.bias
create_tensor: loading tensor blk.45.ssm_a
create_tensor: loading tensor blk.45.ssm_beta.weight
create_tensor: loading tensor blk.45.ssm_alpha.weight
create_tensor: loading tensor blk.45.ssm_norm.weight
create_tensor: loading tensor blk.45.ssm_out.weight
create_tensor: loading tensor blk.45.ffn_gate_inp.weight
create_tensor: loading tensor blk.45.ffn_down_exps.weight
tensor blk.45.ffn_down_exps.weight (450 MiB iq4_nl) buffer type overridden to CUDA_Host
create_tensor: loading tensor blk.45.ffn_gate_up_exps.weight
create_tensor: loading tensor blk.45.ffn_gate_exps.weight
tensor blk.45.ffn_gate_exps.weight (343 MiB iq3_s) buffer type overridden to CUDA_Host
create_tensor: loading tensor blk.45.ffn_up_exps.weight
tensor blk.45.ffn_up_exps.weight (343 MiB iq3_s) buffer type overridden to CUDA_Host
create_tensor: loading tensor blk.45.ffn_gate_inp_shexp.weight
create_tensor: loading tensor blk.45.ffn_gate_shexp.weight
create_tensor: loading tensor blk.45.ffn_up_shexp.weight
create_tensor: loading tensor blk.45.ffn_down_shexp.weight
create_tensor: loading tensor blk.46.hc_attn_norm.weight
create_tensor: loading tensor blk.46.hc_attn_down.weight
create_tensor: loading tensor blk.46.hc_attn_up.weight
create_tensor: loading tensor blk.46.hc_attn_inject.weight
create_tensor: loading tensor blk.46.hc_ffn_norm.weight
create_tensor: loading tensor blk.46.hc_ffn_down.weight
create_tensor: loading tensor blk.46.hc_ffn_up.weight
create_tensor: loading tensor blk.46.hc_ffn_inject.weight
create_tensor: loading tensor blk.46.attn_qkv.weight
create_tensor: loading tensor blk.46.attn_gate.weight
create_tensor: loading tensor blk.46.ssm_conv1d.weight
create_tensor: loading tensor blk.46.ssm_dt.bias
create_tensor: loading tensor blk.46.ssm_a
create_tensor: loading tensor blk.46.ssm_beta.weight
create_tensor: loading tensor blk.46.ssm_alpha.weight
create_tensor: loading tensor blk.46.ssm_norm.weight
create_tensor: loading tensor blk.46.ssm_out.weight
create_tensor: loading tensor blk.46.ffn_gate_inp.weight
create_tensor: loading tensor blk.46.ffn_down_exps.weight
tensor blk.46.ffn_down_exps.weight (850 MiB q8_0) buffer type overridden to CUDA_Host
create_tensor: loading tensor blk.46.ffn_gate_up_exps.weight
create_tensor: loading tensor blk.46.ffn_gate_exps.weight
tensor blk.46.ffn_gate_exps.weight (343 MiB iq3_s) buffer type overridden to CUDA_Host
create_tensor: loading tensor blk.46.ffn_up_exps.weight
tensor blk.46.ffn_up_exps.weight (343 MiB iq3_s) buffer type overridden to CUDA_Host
create_tensor: loading tensor blk.46.ffn_gate_inp_shexp.weight
create_tensor: loading tensor blk.46.ffn_gate_shexp.weight
create_tensor: loading tensor blk.46.ffn_up_shexp.weight
create_tensor: loading tensor blk.46.ffn_down_shexp.weight
create_tensor: loading tensor blk.47.hc_attn_norm.weight
create_tensor: loading tensor blk.47.hc_attn_down.weight
create_tensor: loading tensor blk.47.hc_attn_up.weight
create_tensor: loading tensor blk.47.hc_attn_inject.weight
create_tensor: loading tensor blk.47.hc_ffn_norm.weight
create_tensor: loading tensor blk.47.hc_ffn_down.weight
create_tensor: loading tensor blk.47.hc_ffn_up.weight
create_tensor: loading tensor blk.47.hc_ffn_inject.weight
create_tensor: loading tensor blk.47.attn_qkv.weight
create_tensor: loading tensor blk.47.attn_q.weight
create_tensor: loading tensor blk.47.attn_k.weight
create_tensor: loading tensor blk.47.attn_v.weight
create_tensor: loading tensor blk.47.attn_q.bias
create_tensor: loading tensor blk.47.attn_k.bias
create_tensor: loading tensor blk.47.attn_v.bias
create_tensor: loading tensor blk.47.attn_output.weight
create_tensor: loading tensor blk.47.attn_q_norm.weight
create_tensor: loading tensor blk.47.attn_k_norm.weight
create_tensor: loading tensor blk.47.indexer.q_proj.weight
create_tensor: loading tensor blk.47.indexer.k_proj.weight
create_tensor: loading tensor blk.47.indexer.q_norm.weight
create_tensor: loading tensor blk.47.indexer.k_norm.weight
create_tensor: loading tensor blk.47.ffn_gate_inp.weight
create_tensor: loading tensor blk.47.ffn_down_exps.weight
tensor blk.47.ffn_down_exps.weight (850 MiB q8_0) buffer type overridden to CUDA_Host
create_tensor: loading tensor blk.47.ffn_gate_up_exps.weight
create_tensor: loading tensor blk.47.ffn_gate_exps.weight
tensor blk.47.ffn_gate_exps.weight (343 MiB iq3_s) buffer type overridden to CUDA_Host
create_tensor: loading tensor blk.47.ffn_up_exps.weight
tensor blk.47.ffn_up_exps.weight (343 MiB iq3_s) buffer type overridden to CUDA_Host
create_tensor: loading tensor blk.47.ffn_gate_inp_shexp.weight
create_tensor: loading tensor blk.47.ffn_gate_shexp.weight
create_tensor: loading tensor blk.47.ffn_up_shexp.weight
create_tensor: loading tensor blk.47.ffn_down_shexp.weight
create_tensor: loading tensor blk.0.attn_qkv.scale
create_tensor: loading tensor blk.0.attn_gate.scale
create_tensor: loading tensor blk.0.ffn_gate_shexp.scale
create_tensor: loading tensor blk.0.ffn_down_shexp.scale
create_tensor: loading tensor blk.0.ffn_up_shexp.scale
create_tensor: loading tensor blk.0.ffn_gate_exps.scale
create_tensor: loading tensor blk.0.ffn_down_exps.scale
create_tensor: loading tensor blk.0.ffn_up_exps.scale
create_tensor: loading tensor blk.0.ssm_out.scale
create_tensor: loading tensor blk.0.ssm_alpha.scale
create_tensor: loading tensor blk.0.ssm_beta.scale
create_tensor: loading tensor blk.0.attn_qkv.input_scale
create_tensor: loading tensor blk.0.attn_gate.input_scale
create_tensor: loading tensor blk.0.ffn_gate_exps.input_scale
create_tensor: loading tensor blk.0.ffn_down_exps.input_scale
create_tensor: loading tensor blk.0.ffn_up_exps.input_scale
create_tensor: loading tensor blk.0.ffn_gate_shexp.input_scale
create_tensor: loading tensor blk.0.ffn_down_shexp.input_scale
create_tensor: loading tensor blk.0.ffn_up_shexp.input_scale
create_tensor: loading tensor blk.0.ssm_out.input_scale
create_tensor: loading tensor blk.0.ssm_alpha.input_scale
create_tensor: loading tensor blk.0.ssm_beta.input_scale
create_tensor: loading tensor blk.1.attn_qkv.scale
create_tensor: loading tensor blk.1.attn_gate.scale
create_tensor: loading tensor blk.1.ffn_gate_shexp.scale
create_tensor: loading tensor blk.1.ffn_down_shexp.scale
create_tensor: loading tensor blk.1.ffn_up_shexp.scale
create_tensor: loading tensor blk.1.ffn_gate_exps.scale
create_tensor: loading tensor blk.1.ffn_down_exps.scale
create_tensor: loading tensor blk.1.ffn_up_exps.scale
create_tensor: loading tensor blk.1.ssm_out.scale
create_tensor: loading tensor blk.1.ssm_alpha.scale
create_tensor: loading tensor blk.1.ssm_beta.scale
create_tensor: loading tensor blk.1.attn_qkv.input_scale
create_tensor: loading tensor blk.1.attn_gate.input_scale
create_tensor: loading tensor blk.1.ffn_gate_exps.input_scale
create_tensor: loading tensor blk.1.ffn_down_exps.input_scale
create_tensor: loading tensor blk.1.ffn_up_exps.input_scale
create_tensor: loading tensor blk.1.ffn_gate_shexp.input_scale
create_tensor: loading tensor blk.1.ffn_down_shexp.input_scale
create_tensor: loading tensor blk.1.ffn_up_shexp.input_scale
create_tensor: loading tensor blk.1.ssm_out.input_scale
create_tensor: loading tensor blk.1.ssm_alpha.input_scale
create_tensor: loading tensor blk.1.ssm_beta.input_scale
create_tensor: loading tensor blk.2.attn_qkv.scale
create_tensor: loading tensor blk.2.attn_gate.scale
create_tensor: loading tensor blk.2.ffn_gate_shexp.scale
create_tensor: loading tensor blk.2.ffn_down_shexp.scale
create_tensor: loading tensor blk.2.ffn_up_shexp.scale
create_tensor: loading tensor blk.2.ffn_gate_exps.scale
create_tensor: loading tensor blk.2.ffn_down_exps.scale
create_tensor: loading tensor blk.2.ffn_up_exps.scale
create_tensor: loading tensor blk.2.ssm_out.scale
create_tensor: loading tensor blk.2.ssm_alpha.scale
create_tensor: loading tensor blk.2.ssm_beta.scale
create_tensor: loading tensor blk.2.attn_qkv.input_scale
create_tensor: loading tensor blk.2.attn_gate.input_scale
create_tensor: loading tensor blk.2.ffn_gate_exps.input_scale
create_tensor: loading tensor blk.2.ffn_down_exps.input_scale
create_tensor: loading tensor blk.2.ffn_up_exps.input_scale
create_tensor: loading tensor blk.2.ffn_gate_shexp.input_scale
create_tensor: loading tensor blk.2.ffn_down_shexp.input_scale
create_tensor: loading tensor blk.2.ffn_up_shexp.input_scale
create_tensor: loading tensor blk.2.ssm_out.input_scale
create_tensor: loading tensor blk.2.ssm_alpha.input_scale
create_tensor: loading tensor blk.2.ssm_beta.input_scale
create_tensor: loading tensor blk.3.attn_q.scale
create_tensor: loading tensor blk.3.attn_k.scale
create_tensor: loading tensor blk.3.attn_v.scale
create_tensor: loading tensor blk.3.attn_output.scale
create_tensor: loading tensor blk.3.ffn_gate_shexp.scale
create_tensor: loading tensor blk.3.ffn_down_shexp.scale
create_tensor: loading tensor blk.3.ffn_up_shexp.scale
create_tensor: loading tensor blk.3.ffn_gate_exps.scale
create_tensor: loading tensor blk.3.ffn_down_exps.scale
create_tensor: loading tensor blk.3.ffn_up_exps.scale
create_tensor: loading tensor blk.3.attn_q.input_scale
create_tensor: loading tensor blk.3.attn_k.input_scale
create_tensor: loading tensor blk.3.attn_v.input_scale
create_tensor: loading tensor blk.3.attn_output.input_scale
create_tensor: loading tensor blk.3.ffn_gate_exps.input_scale
create_tensor: loading tensor blk.3.ffn_down_exps.input_scale
create_tensor: loading tensor blk.3.ffn_up_exps.input_scale
create_tensor: loading tensor blk.3.ffn_gate_shexp.input_scale
create_tensor: loading tensor blk.3.ffn_down_shexp.input_scale
create_tensor: loading tensor blk.3.ffn_up_shexp.input_scale
create_tensor: loading tensor blk.4.attn_qkv.scale
create_tensor: loading tensor blk.4.attn_gate.scale
create_tensor: loading tensor blk.4.ffn_gate_shexp.scale
create_tensor: loading tensor blk.4.ffn_down_shexp.scale
create_tensor: loading tensor blk.4.ffn_up_shexp.scale
create_tensor: loading tensor blk.4.ffn_gate_exps.scale
create_tensor: loading tensor blk.4.ffn_down_exps.scale
create_tensor: loading tensor blk.4.ffn_up_exps.scale
create_tensor: loading tensor blk.4.ssm_out.scale
create_tensor: loading tensor blk.4.ssm_alpha.scale
create_tensor: loading tensor blk.4.ssm_beta.scale
create_tensor: loading tensor blk.4.attn_qkv.input_scale
create_tensor: loading tensor blk.4.attn_gate.input_scale
create_tensor: loading tensor blk.4.ffn_gate_exps.input_scale
create_tensor: loading tensor blk.4.ffn_down_exps.input_scale
create_tensor: loading tensor blk.4.ffn_up_exps.input_scale
create_tensor: loading tensor blk.4.ffn_gate_shexp.input_scale
create_tensor: loading tensor blk.4.ffn_down_shexp.input_scale
create_tensor: loading tensor blk.4.ffn_up_shexp.input_scale
create_tensor: loading tensor blk.4.ssm_out.input_scale
create_tensor: loading tensor blk.4.ssm_alpha.input_scale
create_tensor: loading tensor blk.4.ssm_beta.input_scale
create_tensor: loading tensor blk.5.attn_qkv.scale
create_tensor: loading tensor blk.5.attn_gate.scale
create_tensor: loading tensor blk.5.ffn_gate_shexp.scale
create_tensor: loading tensor blk.5.ffn_down_shexp.scale
create_tensor: loading tensor blk.5.ffn_up_shexp.scale
create_tensor: loading tensor blk.5.ffn_gate_exps.scale
create_tensor: loading tensor blk.5.ffn_down_exps.scale
create_tensor: loading tensor blk.5.ffn_up_exps.scale
create_tensor: loading tensor blk.5.ssm_out.scale
create_tensor: loading tensor blk.5.ssm_alpha.scale
create_tensor: loading tensor blk.5.ssm_beta.scale
create_tensor: loading tensor blk.5.attn_qkv.input_scale
create_tensor: loading tensor blk.5.attn_gate.input_scale
create_tensor: loading tensor blk.5.ffn_gate_exps.input_scale
create_tensor: loading tensor blk.5.ffn_down_exps.input_scale
create_tensor: loading tensor blk.5.ffn_up_exps.input_scale
create_tensor: loading tensor blk.5.ffn_gate_shexp.input_scale
create_tensor: loading tensor blk.5.ffn_down_shexp.input_scale
create_tensor: loading tensor blk.5.ffn_up_shexp.input_scale
create_tensor: loading tensor blk.5.ssm_out.input_scale
create_tensor: loading tensor blk.5.ssm_alpha.input_scale
create_tensor: loading tensor blk.5.ssm_beta.input_scale
create_tensor: loading tensor blk.6.attn_qkv.scale
create_tensor: loading tensor blk.6.attn_gate.scale
create_tensor: loading tensor blk.6.ffn_gate_shexp.scale
create_tensor: loading tensor blk.6.ffn_down_shexp.scale
create_tensor: loading tensor blk.6.ffn_up_shexp.scale
create_tensor: loading tensor blk.6.ffn_gate_exps.scale
create_tensor: loading tensor blk.6.ffn_down_exps.scale
create_tensor: loading tensor blk.6.ffn_up_exps.scale
create_tensor: loading tensor blk.6.ssm_out.scale
create_tensor: loading tensor blk.6.ssm_alpha.scale
create_tensor: loading tensor blk.6.ssm_beta.scale
create_tensor: loading tensor blk.6.attn_qkv.input_scale
create_tensor: loading tensor blk.6.attn_gate.input_scale
create_tensor: loading tensor blk.6.ffn_gate_exps.input_scale
create_tensor: loading tensor blk.6.ffn_down_exps.input_scale
create_tensor: loading tensor blk.6.ffn_up_exps.input_scale
create_tensor: loading tensor blk.6.ffn_gate_shexp.input_scale
create_tensor: loading tensor blk.6.ffn_down_shexp.input_scale
create_tensor: loading tensor blk.6.ffn_up_shexp.input_scale
create_tensor: loading tensor blk.6.ssm_out.input_scale
create_tensor: loading tensor blk.6.ssm_alpha.input_scale
create_tensor: loading tensor blk.6.ssm_beta.input_scale
create_tensor: loading tensor blk.7.attn_q.scale
create_tensor: loading tensor blk.7.attn_k.scale
create_tensor: loading tensor blk.7.attn_v.scale
create_tensor: loading tensor blk.7.attn_output.scale
create_tensor: loading tensor blk.7.ffn_gate_shexp.scale
create_tensor: loading tensor blk.7.ffn_down_shexp.scale
create_tensor: loading tensor blk.7.ffn_up_shexp.scale
create_tensor: loading tensor blk.7.ffn_gate_exps.scale
create_tensor: loading tensor blk.7.ffn_down_exps.scale
create_tensor: loading tensor blk.7.ffn_up_exps.scale
create_tensor: loading tensor blk.7.attn_q.input_scale
create_tensor: loading tensor blk.7.attn_k.input_scale
create_tensor: loading tensor blk.7.attn_v.input_scale
create_tensor: loading tensor blk.7.attn_output.input_scale
create_tensor: loading tensor blk.7.ffn_gate_exps.input_scale
create_tensor: loading tensor blk.7.ffn_down_exps.input_scale
create_tensor: loading tensor blk.7.ffn_up_exps.input_scale
create_tensor: loading tensor blk.7.ffn_gate_shexp.input_scale
create_tensor: loading tensor blk.7.ffn_down_shexp.input_scale
create_tensor: loading tensor blk.7.ffn_up_shexp.input_scale
create_tensor: loading tensor blk.8.attn_qkv.scale
create_tensor: loading tensor blk.8.attn_gate.scale
create_tensor: loading tensor blk.8.ffn_gate_shexp.scale
create_tensor: loading tensor blk.8.ffn_down_shexp.scale
create_tensor: loading tensor blk.8.ffn_up_shexp.scale
create_tensor: loading tensor blk.8.ffn_gate_exps.scale
create_tensor: loading tensor blk.8.ffn_down_exps.scale
create_tensor: loading tensor blk.8.ffn_up_exps.scale
create_tensor: loading tensor blk.8.ssm_out.scale
create_tensor: loading tensor blk.8.ssm_alpha.scale
create_tensor: loading tensor blk.8.ssm_beta.scale
create_tensor: loading tensor blk.8.attn_qkv.input_scale
create_tensor: loading tensor blk.8.attn_gate.input_scale
create_tensor: loading tensor blk.8.ffn_gate_exps.input_scale
create_tensor: loading tensor blk.8.ffn_down_exps.input_scale
create_tensor: loading tensor blk.8.ffn_up_exps.input_scale
create_tensor: loading tensor blk.8.ffn_gate_shexp.input_scale
create_tensor: loading tensor blk.8.ffn_down_shexp.input_scale
create_tensor: loading tensor blk.8.ffn_up_shexp.input_scale
create_tensor: loading tensor blk.8.ssm_out.input_scale
create_tensor: loading tensor blk.8.ssm_alpha.input_scale
create_tensor: loading tensor blk.8.ssm_beta.input_scale
create_tensor: loading tensor blk.9.attn_qkv.scale
create_tensor: loading tensor blk.9.attn_gate.scale
create_tensor: loading tensor blk.9.ffn_gate_shexp.scale
create_tensor: loading tensor blk.9.ffn_down_shexp.scale
create_tensor: loading tensor blk.9.ffn_up_shexp.scale
create_tensor: loading tensor blk.9.ffn_gate_exps.scale
create_tensor: loading tensor blk.9.ffn_down_exps.scale
create_tensor: loading tensor blk.9.ffn_up_exps.scale
create_tensor: loading tensor blk.9.ssm_out.scale
create_tensor: loading tensor blk.9.ssm_alpha.scale
create_tensor: loading tensor blk.9.ssm_beta.scale
create_tensor: loading tensor blk.9.attn_qkv.input_scale
create_tensor: loading tensor blk.9.attn_gate.input_scale
create_tensor: loading tensor blk.9.ffn_gate_exps.input_scale
create_tensor: loading tensor blk.9.ffn_down_exps.input_scale
create_tensor: loading tensor blk.9.ffn_up_exps.input_scale
create_tensor: loading tensor blk.9.ffn_gate_shexp.input_scale
create_tensor: loading tensor blk.9.ffn_down_shexp.input_scale
create_tensor: loading tensor blk.9.ffn_up_shexp.input_scale
create_tensor: loading tensor blk.9.ssm_out.input_scale
create_tensor: loading tensor blk.9.ssm_alpha.input_scale
create_tensor: loading tensor blk.9.ssm_beta.input_scale
create_tensor: loading tensor blk.10.attn_qkv.scale
create_tensor: loading tensor blk.10.attn_gate.scale
create_tensor: loading tensor blk.10.ffn_gate_shexp.scale
create_tensor: loading tensor blk.10.ffn_down_shexp.scale
create_tensor: loading tensor blk.10.ffn_up_shexp.scale
create_tensor: loading tensor blk.10.ffn_gate_exps.scale
create_tensor: loading tensor blk.10.ffn_down_exps.scale
create_tensor: loading tensor blk.10.ffn_up_exps.scale
create_tensor: loading tensor blk.10.ssm_out.scale
create_tensor: loading tensor blk.10.ssm_alpha.scale
create_tensor: loading tensor blk.10.ssm_beta.scale
create_tensor: loading tensor blk.10.attn_qkv.input_scale
create_tensor: loading tensor blk.10.attn_gate.input_scale
create_tensor: loading tensor blk.10.ffn_gate_exps.input_scale
create_tensor: loading tensor blk.10.ffn_down_exps.input_scale
create_tensor: loading tensor blk.10.ffn_up_exps.input_scale
create_tensor: loading tensor blk.10.ffn_gate_shexp.input_scale
create_tensor: loading tensor blk.10.ffn_down_shexp.input_scale
create_tensor: loading tensor blk.10.ffn_up_shexp.input_scale
create_tensor: loading tensor blk.10.ssm_out.input_scale
create_tensor: loading tensor blk.10.ssm_alpha.input_scale
create_tensor: loading tensor blk.10.ssm_beta.input_scale
create_tensor: loading tensor blk.11.attn_q.scale
create_tensor: loading tensor blk.11.attn_k.scale
create_tensor: loading tensor blk.11.attn_v.scale
create_tensor: loading tensor blk.11.attn_output.scale
create_tensor: loading tensor blk.11.ffn_gate_shexp.scale
create_tensor: loading tensor blk.11.ffn_down_shexp.scale
create_tensor: loading tensor blk.11.ffn_up_shexp.scale
create_tensor: loading tensor blk.11.ffn_gate_exps.scale
create_tensor: loading tensor blk.11.ffn_down_exps.scale
create_tensor: loading tensor blk.11.ffn_up_exps.scale
create_tensor: loading tensor blk.11.attn_q.input_scale
create_tensor: loading tensor blk.11.attn_k.input_scale
create_tensor: loading tensor blk.11.attn_v.input_scale
create_tensor: loading tensor blk.11.attn_output.input_scale
create_tensor: loading tensor blk.11.ffn_gate_exps.input_scale
create_tensor: loading tensor blk.11.ffn_down_exps.input_scale
create_tensor: loading tensor blk.11.ffn_up_exps.input_scale
create_tensor: loading tensor blk.11.ffn_gate_shexp.input_scale
create_tensor: loading tensor blk.11.ffn_down_shexp.input_scale
create_tensor: loading tensor blk.11.ffn_up_shexp.input_scale
create_tensor: loading tensor blk.12.attn_qkv.scale
create_tensor: loading tensor blk.12.attn_gate.scale
create_tensor: loading tensor blk.12.ffn_gate_shexp.scale
create_tensor: loading tensor blk.12.ffn_down_shexp.scale
create_tensor: loading tensor blk.12.ffn_up_shexp.scale
create_tensor: loading tensor blk.12.ffn_gate_exps.scale
create_tensor: loading tensor blk.12.ffn_down_exps.scale
create_tensor: loading tensor blk.12.ffn_up_exps.scale
create_tensor: loading tensor blk.12.ssm_out.scale
create_tensor: loading tensor blk.12.ssm_alpha.scale
create_tensor: loading tensor blk.12.ssm_beta.scale
create_tensor: loading tensor blk.12.attn_qkv.input_scale
create_tensor: loading tensor blk.12.attn_gate.input_scale
create_tensor: loading tensor blk.12.ffn_gate_exps.input_scale
create_tensor: loading tensor blk.12.ffn_down_exps.input_scale
create_tensor: loading tensor blk.12.ffn_up_exps.input_scale
create_tensor: loading tensor blk.12.ffn_gate_shexp.input_scale
create_tensor: loading tensor blk.12.ffn_down_shexp.input_scale
create_tensor: loading tensor blk.12.ffn_up_shexp.input_scale
create_tensor: loading tensor blk.12.ssm_out.input_scale
create_tensor: loading tensor blk.12.ssm_alpha.input_scale
create_tensor: loading tensor blk.12.ssm_beta.input_scale
create_tensor: loading tensor blk.13.attn_qkv.scale
create_tensor: loading tensor blk.13.attn_gate.scale
create_tensor: loading tensor blk.13.ffn_gate_shexp.scale
create_tensor: loading tensor blk.13.ffn_down_shexp.scale
create_tensor: loading tensor blk.13.ffn_up_shexp.scale
create_tensor: loading tensor blk.13.ffn_gate_exps.scale
create_tensor: loading tensor blk.13.ffn_down_exps.scale
create_tensor: loading tensor blk.13.ffn_up_exps.scale
create_tensor: loading tensor blk.13.ssm_out.scale
create_tensor: loading tensor blk.13.ssm_alpha.scale
create_tensor: loading tensor blk.13.ssm_beta.scale
create_tensor: loading tensor blk.13.attn_qkv.input_scale
create_tensor: loading tensor blk.13.attn_gate.input_scale
create_tensor: loading tensor blk.13.ffn_gate_exps.input_scale
create_tensor: loading tensor blk.13.ffn_down_exps.input_scale
create_tensor: loading tensor blk.13.ffn_up_exps.input_scale
create_tensor: loading tensor blk.13.ffn_gate_shexp.input_scale
create_tensor: loading tensor blk.13.ffn_down_shexp.input_scale
create_tensor: loading tensor blk.13.ffn_up_shexp.input_scale
create_tensor: loading tensor blk.13.ssm_out.input_scale
create_tensor: loading tensor blk.13.ssm_alpha.input_scale
create_tensor: loading tensor blk.13.ssm_beta.input_scale
create_tensor: loading tensor blk.14.attn_qkv.scale
create_tensor: loading tensor blk.14.attn_gate.scale
create_tensor: loading tensor blk.14.ffn_gate_shexp.scale
create_tensor: loading tensor blk.14.ffn_down_shexp.scale
create_tensor: loading tensor blk.14.ffn_up_shexp.scale
create_tensor: loading tensor blk.14.ffn_gate_exps.scale
create_tensor: loading tensor blk.14.ffn_down_exps.scale
create_tensor: loading tensor blk.14.ffn_up_exps.scale
create_tensor: loading tensor blk.14.ssm_out.scale
create_tensor: loading tensor blk.14.ssm_alpha.scale
create_tensor: loading tensor blk.14.ssm_beta.scale
create_tensor: loading tensor blk.14.attn_qkv.input_scale
create_tensor: loading tensor blk.14.attn_gate.input_scale
create_tensor: loading tensor blk.14.ffn_gate_exps.input_scale
create_tensor: loading tensor blk.14.ffn_down_exps.input_scale
create_tensor: loading tensor blk.14.ffn_up_exps.input_scale
create_tensor: loading tensor blk.14.ffn_gate_shexp.input_scale
create_tensor: loading tensor blk.14.ffn_down_shexp.input_scale
create_tensor: loading tensor blk.14.ffn_up_shexp.input_scale
create_tensor: loading tensor blk.14.ssm_out.input_scale
create_tensor: loading tensor blk.14.ssm_alpha.input_scale
create_tensor: loading tensor blk.14.ssm_beta.input_scale
create_tensor: loading tensor blk.15.attn_q.scale
create_tensor: loading tensor blk.15.attn_k.scale
create_tensor: loading tensor blk.15.attn_v.scale
create_tensor: loading tensor blk.15.attn_output.scale
create_tensor: loading tensor blk.15.ffn_gate_shexp.scale
create_tensor: loading tensor blk.15.ffn_down_shexp.scale
create_tensor: loading tensor blk.15.ffn_up_shexp.scale
create_tensor: loading tensor blk.15.ffn_gate_exps.scale
create_tensor: loading tensor blk.15.ffn_down_exps.scale
create_tensor: loading tensor blk.15.ffn_up_exps.scale
create_tensor: loading tensor blk.15.attn_q.input_scale
create_tensor: loading tensor blk.15.attn_k.input_scale
create_tensor: loading tensor blk.15.attn_v.input_scale
create_tensor: loading tensor blk.15.attn_output.input_scale
create_tensor: loading tensor blk.15.ffn_gate_exps.input_scale
create_tensor: loading tensor blk.15.ffn_down_exps.input_scale
create_tensor: loading tensor blk.15.ffn_up_exps.input_scale
create_tensor: loading tensor blk.15.ffn_gate_shexp.input_scale
create_tensor: loading tensor blk.15.ffn_down_shexp.input_scale
create_tensor: loading tensor blk.15.ffn_up_shexp.input_scale
create_tensor: loading tensor blk.16.attn_qkv.scale
create_tensor: loading tensor blk.16.attn_gate.scale
create_tensor: loading tensor blk.16.ffn_gate_shexp.scale
create_tensor: loading tensor blk.16.ffn_down_shexp.scale
create_tensor: loading tensor blk.16.ffn_up_shexp.scale
create_tensor: loading tensor blk.16.ffn_gate_exps.scale
create_tensor: loading tensor blk.16.ffn_down_exps.scale
create_tensor: loading tensor blk.16.ffn_up_exps.scale
create_tensor: loading tensor blk.16.ssm_out.scale
create_tensor: loading tensor blk.16.ssm_alpha.scale
create_tensor: loading tensor blk.16.ssm_beta.scale
create_tensor: loading tensor blk.16.attn_qkv.input_scale
create_tensor: loading tensor blk.16.attn_gate.input_scale
create_tensor: loading tensor blk.16.ffn_gate_exps.input_scale
create_tensor: loading tensor blk.16.ffn_down_exps.input_scale
create_tensor: loading tensor blk.16.ffn_up_exps.input_scale
create_tensor: loading tensor blk.16.ffn_gate_shexp.input_scale
create_tensor: loading tensor blk.16.ffn_down_shexp.input_scale
create_tensor: loading tensor blk.16.ffn_up_shexp.input_scale
create_tensor: loading tensor blk.16.ssm_out.input_scale
create_tensor: loading tensor blk.16.ssm_alpha.input_scale
create_tensor: loading tensor blk.16.ssm_beta.input_scale
create_tensor: loading tensor blk.17.attn_qkv.scale
create_tensor: loading tensor blk.17.attn_gate.scale
create_tensor: loading tensor blk.17.ffn_gate_shexp.scale
create_tensor: loading tensor blk.17.ffn_down_shexp.scale
create_tensor: loading tensor blk.17.ffn_up_shexp.scale
create_tensor: loading tensor blk.17.ffn_gate_exps.scale
create_tensor: loading tensor blk.17.ffn_down_exps.scale
create_tensor: loading tensor blk.17.ffn_up_exps.scale
create_tensor: loading tensor blk.17.ssm_out.scale
create_tensor: loading tensor blk.17.ssm_alpha.scale
create_tensor: loading tensor blk.17.ssm_beta.scale
create_tensor: loading tensor blk.17.attn_qkv.input_scale
create_tensor: loading tensor blk.17.attn_gate.input_scale
create_tensor: loading tensor blk.17.ffn_gate_exps.input_scale
create_tensor: loading tensor blk.17.ffn_down_exps.input_scale
create_tensor: loading tensor blk.17.ffn_up_exps.input_scale
create_tensor: loading tensor blk.17.ffn_gate_shexp.input_scale
create_tensor: loading tensor blk.17.ffn_down_shexp.input_scale
create_tensor: loading tensor blk.17.ffn_up_shexp.input_scale
create_tensor: loading tensor blk.17.ssm_out.input_scale
create_tensor: loading tensor blk.17.ssm_alpha.input_scale
create_tensor: loading tensor blk.17.ssm_beta.input_scale
create_tensor: loading tensor blk.18.attn_qkv.scale
create_tensor: loading tensor blk.18.attn_gate.scale
create_tensor: loading tensor blk.18.ffn_gate_shexp.scale
create_tensor: loading tensor blk.18.ffn_down_shexp.scale
create_tensor: loading tensor blk.18.ffn_up_shexp.scale
create_tensor: loading tensor blk.18.ffn_gate_exps.scale
create_tensor: loading tensor blk.18.ffn_down_exps.scale
create_tensor: loading tensor blk.18.ffn_up_exps.scale
create_tensor: loading tensor blk.18.ssm_out.scale
create_tensor: loading tensor blk.18.ssm_alpha.scale
create_tensor: loading tensor blk.18.ssm_beta.scale
create_tensor: loading tensor blk.18.attn_qkv.input_scale
create_tensor: loading tensor blk.18.attn_gate.input_scale
create_tensor: loading tensor blk.18.ffn_gate_exps.input_scale
create_tensor: loading tensor blk.18.ffn_down_exps.input_scale
create_tensor: loading tensor blk.18.ffn_up_exps.input_scale
create_tensor: loading tensor blk.18.ffn_gate_shexp.input_scale
create_tensor: loading tensor blk.18.ffn_down_shexp.input_scale
create_tensor: loading tensor blk.18.ffn_up_shexp.input_scale
create_tensor: loading tensor blk.18.ssm_out.input_scale
create_tensor: loading tensor blk.18.ssm_alpha.input_scale
create_tensor: loading tensor blk.18.ssm_beta.input_scale
create_tensor: loading tensor blk.19.attn_q.scale
create_tensor: loading tensor blk.19.attn_k.scale
create_tensor: loading tensor blk.19.attn_v.scale
create_tensor: loading tensor blk.19.attn_output.scale
create_tensor: loading tensor blk.19.ffn_gate_shexp.scale
create_tensor: loading tensor blk.19.ffn_down_shexp.scale
create_tensor: loading tensor blk.19.ffn_up_shexp.scale
create_tensor: loading tensor blk.19.ffn_gate_exps.scale
create_tensor: loading tensor blk.19.ffn_down_exps.scale
create_tensor: loading tensor blk.19.ffn_up_exps.scale
create_tensor: loading tensor blk.19.attn_q.input_scale
create_tensor: loading tensor blk.19.attn_k.input_scale
create_tensor: loading tensor blk.19.attn_v.input_scale
create_tensor: loading tensor blk.19.attn_output.input_scale
create_tensor: loading tensor blk.19.ffn_gate_exps.input_scale
create_tensor: loading tensor blk.19.ffn_down_exps.input_scale
create_tensor: loading tensor blk.19.ffn_up_exps.input_scale
create_tensor: loading tensor blk.19.ffn_gate_shexp.input_scale
create_tensor: loading tensor blk.19.ffn_down_shexp.input_scale
create_tensor: loading tensor blk.19.ffn_up_shexp.input_scale
create_tensor: loading tensor blk.20.attn_qkv.scale
create_tensor: loading tensor blk.20.attn_gate.scale
create_tensor: loading tensor blk.20.ffn_gate_shexp.scale
create_tensor: loading tensor blk.20.ffn_down_shexp.scale
create_tensor: loading tensor blk.20.ffn_up_shexp.scale
create_tensor: loading tensor blk.20.ffn_gate_exps.scale
create_tensor: loading tensor blk.20.ffn_down_exps.scale
create_tensor: loading tensor blk.20.ffn_up_exps.scale
create_tensor: loading tensor blk.20.ssm_out.scale
create_tensor: loading tensor blk.20.ssm_alpha.scale
create_tensor: loading tensor blk.20.ssm_beta.scale
create_tensor: loading tensor blk.20.attn_qkv.input_scale
create_tensor: loading tensor blk.20.attn_gate.input_scale
create_tensor: loading tensor blk.20.ffn_gate_exps.input_scale
create_tensor: loading tensor blk.20.ffn_down_exps.input_scale
create_tensor: loading tensor blk.20.ffn_up_exps.input_scale
create_tensor: loading tensor blk.20.ffn_gate_shexp.input_scale
create_tensor: loading tensor blk.20.ffn_down_shexp.input_scale
create_tensor: loading tensor blk.20.ffn_up_shexp.input_scale
create_tensor: loading tensor blk.20.ssm_out.input_scale
create_tensor: loading tensor blk.20.ssm_alpha.input_scale
create_tensor: loading tensor blk.20.ssm_beta.input_scale
create_tensor: loading tensor blk.21.attn_qkv.scale
create_tensor: loading tensor blk.21.attn_gate.scale
create_tensor: loading tensor blk.21.ffn_gate_shexp.scale
create_tensor: loading tensor blk.21.ffn_down_shexp.scale
create_tensor: loading tensor blk.21.ffn_up_shexp.scale
create_tensor: loading tensor blk.21.ffn_gate_exps.scale
create_tensor: loading tensor blk.21.ffn_down_exps.scale
create_tensor: loading tensor blk.21.ffn_up_exps.scale
create_tensor: loading tensor blk.21.ssm_out.scale
create_tensor: loading tensor blk.21.ssm_alpha.scale
create_tensor: loading tensor blk.21.ssm_beta.scale
create_tensor: loading tensor blk.21.attn_qkv.input_scale
create_tensor: loading tensor blk.21.attn_gate.input_scale
create_tensor: loading tensor blk.21.ffn_gate_exps.input_scale
create_tensor: loading tensor blk.21.ffn_down_exps.input_scale
create_tensor: loading tensor blk.21.ffn_up_exps.input_scale
create_tensor: loading tensor blk.21.ffn_gate_shexp.input_scale
create_tensor: loading tensor blk.21.ffn_down_shexp.input_scale
create_tensor: loading tensor blk.21.ffn_up_shexp.input_scale
create_tensor: loading tensor blk.21.ssm_out.input_scale
create_tensor: loading tensor blk.21.ssm_alpha.input_scale
create_tensor: loading tensor blk.21.ssm_beta.input_scale
create_tensor: loading tensor blk.22.attn_qkv.scale
create_tensor: loading tensor blk.22.attn_gate.scale
create_tensor: loading tensor blk.22.ffn_gate_shexp.scale
create_tensor: loading tensor blk.22.ffn_down_shexp.scale
create_tensor: loading tensor blk.22.ffn_up_shexp.scale
create_tensor: loading tensor blk.22.ffn_gate_exps.scale
create_tensor: loading tensor blk.22.ffn_down_exps.scale
create_tensor: loading tensor blk.22.ffn_up_exps.scale
create_tensor: loading tensor blk.22.ssm_out.scale
create_tensor: loading tensor blk.22.ssm_alpha.scale
create_tensor: loading tensor blk.22.ssm_beta.scale
create_tensor: loading tensor blk.22.attn_qkv.input_scale
create_tensor: loading tensor blk.22.attn_gate.input_scale
create_tensor: loading tensor blk.22.ffn_gate_exps.input_scale
create_tensor: loading tensor blk.22.ffn_down_exps.input_scale
create_tensor: loading tensor blk.22.ffn_up_exps.input_scale
create_tensor: loading tensor blk.22.ffn_gate_shexp.input_scale
create_tensor: loading tensor blk.22.ffn_down_shexp.input_scale
create_tensor: loading tensor blk.22.ffn_up_shexp.input_scale
create_tensor: loading tensor blk.22.ssm_out.input_scale
create_tensor: loading tensor blk.22.ssm_alpha.input_scale
create_tensor: loading tensor blk.22.ssm_beta.input_scale
create_tensor: loading tensor blk.23.attn_q.scale
create_tensor: loading tensor blk.23.attn_k.scale
create_tensor: loading tensor blk.23.attn_v.scale
create_tensor: loading tensor blk.23.attn_output.scale
create_tensor: loading tensor blk.23.ffn_gate_shexp.scale
create_tensor: loading tensor blk.23.ffn_down_shexp.scale
create_tensor: loading tensor blk.23.ffn_up_shexp.scale
create_tensor: loading tensor blk.23.ffn_gate_exps.scale
create_tensor: loading tensor blk.23.ffn_down_exps.scale
create_tensor: loading tensor blk.23.ffn_up_exps.scale
create_tensor: loading tensor blk.23.attn_q.input_scale
create_tensor: loading tensor blk.23.attn_k.input_scale
create_tensor: loading tensor blk.23.attn_v.input_scale
create_tensor: loading tensor blk.23.attn_output.input_scale
create_tensor: loading tensor blk.23.ffn_gate_exps.input_scale
create_tensor: loading tensor blk.23.ffn_down_exps.input_scale
create_tensor: loading tensor blk.23.ffn_up_exps.input_scale
create_tensor: loading tensor blk.23.ffn_gate_shexp.input_scale
create_tensor: loading tensor blk.23.ffn_down_shexp.input_scale
create_tensor: loading tensor blk.23.ffn_up_shexp.input_scale
create_tensor: loading tensor blk.24.attn_qkv.scale
create_tensor: loading tensor blk.24.attn_gate.scale
create_tensor: loading tensor blk.24.ffn_gate_shexp.scale
create_tensor: loading tensor blk.24.ffn_down_shexp.scale
create_tensor: loading tensor blk.24.ffn_up_shexp.scale
create_tensor: loading tensor blk.24.ffn_gate_exps.scale
create_tensor: loading tensor blk.24.ffn_down_exps.scale
create_tensor: loading tensor blk.24.ffn_up_exps.scale
create_tensor: loading tensor blk.24.ssm_out.scale
create_tensor: loading tensor blk.24.ssm_alpha.scale
create_tensor: loading tensor blk.24.ssm_beta.scale
create_tensor: loading tensor blk.24.attn_qkv.input_scale
create_tensor: loading tensor blk.24.attn_gate.input_scale
create_tensor: loading tensor blk.24.ffn_gate_exps.input_scale
create_tensor: loading tensor blk.24.ffn_down_exps.input_scale
create_tensor: loading tensor blk.24.ffn_up_exps.input_scale
create_tensor: loading tensor blk.24.ffn_gate_shexp.input_scale
create_tensor: loading tensor blk.24.ffn_down_shexp.input_scale
create_tensor: loading tensor blk.24.ffn_up_shexp.input_scale
create_tensor: loading tensor blk.24.ssm_out.input_scale
create_tensor: loading tensor blk.24.ssm_alpha.input_scale
create_tensor: loading tensor blk.24.ssm_beta.input_scale
create_tensor: loading tensor blk.25.attn_qkv.scale
create_tensor: loading tensor blk.25.attn_gate.scale
create_tensor: loading tensor blk.25.ffn_gate_shexp.scale
create_tensor: loading tensor blk.25.ffn_down_shexp.scale
create_tensor: loading tensor blk.25.ffn_up_shexp.scale
create_tensor: loading tensor blk.25.ffn_gate_exps.scale
create_tensor: loading tensor blk.25.ffn_down_exps.scale
create_tensor: loading tensor blk.25.ffn_up_exps.scale
create_tensor: loading tensor blk.25.ssm_out.scale
create_tensor: loading tensor blk.25.ssm_alpha.scale
create_tensor: loading tensor blk.25.ssm_beta.scale
create_tensor: loading tensor blk.25.attn_qkv.input_scale
create_tensor: loading tensor blk.25.attn_gate.input_scale
create_tensor: loading tensor blk.25.ffn_gate_exps.input_scale
create_tensor: loading tensor blk.25.ffn_down_exps.input_scale
create_tensor: loading tensor blk.25.ffn_up_exps.input_scale
create_tensor: loading tensor blk.25.ffn_gate_shexp.input_scale
create_tensor: loading tensor blk.25.ffn_down_shexp.input_scale
create_tensor: loading tensor blk.25.ffn_up_shexp.input_scale
create_tensor: loading tensor blk.25.ssm_out.input_scale
create_tensor: loading tensor blk.25.ssm_alpha.input_scale
create_tensor: loading tensor blk.25.ssm_beta.input_scale
create_tensor: loading tensor blk.26.attn_qkv.scale
create_tensor: loading tensor blk.26.attn_gate.scale
create_tensor: loading tensor blk.26.ffn_gate_shexp.scale
create_tensor: loading tensor blk.26.ffn_down_shexp.scale
create_tensor: loading tensor blk.26.ffn_up_shexp.scale
create_tensor: loading tensor blk.26.ffn_gate_exps.scale
create_tensor: loading tensor blk.26.ffn_down_exps.scale
create_tensor: loading tensor blk.26.ffn_up_exps.scale
create_tensor: loading tensor blk.26.ssm_out.scale
create_tensor: loading tensor blk.26.ssm_alpha.scale
create_tensor: loading tensor blk.26.ssm_beta.scale
create_tensor: loading tensor blk.26.attn_qkv.input_scale
create_tensor: loading tensor blk.26.attn_gate.input_scale
create_tensor: loading tensor blk.26.ffn_gate_exps.input_scale
create_tensor: loading tensor blk.26.ffn_down_exps.input_scale
create_tensor: loading tensor blk.26.ffn_up_exps.input_scale
create_tensor: loading tensor blk.26.ffn_gate_shexp.input_scale
create_tensor: loading tensor blk.26.ffn_down_shexp.input_scale
create_tensor: loading tensor blk.26.ffn_up_shexp.input_scale
create_tensor: loading tensor blk.26.ssm_out.input_scale
create_tensor: loading tensor blk.26.ssm_alpha.input_scale
create_tensor: loading tensor blk.26.ssm_beta.input_scale
create_tensor: loading tensor blk.27.attn_q.scale
create_tensor: loading tensor blk.27.attn_k.scale
create_tensor: loading tensor blk.27.attn_v.scale
create_tensor: loading tensor blk.27.attn_output.scale
create_tensor: loading tensor blk.27.ffn_gate_shexp.scale
create_tensor: loading tensor blk.27.ffn_down_shexp.scale
create_tensor: loading tensor blk.27.ffn_up_shexp.scale
create_tensor: loading tensor blk.27.ffn_gate_exps.scale
create_tensor: loading tensor blk.27.ffn_down_exps.scale
create_tensor: loading tensor blk.27.ffn_up_exps.scale
create_tensor: loading tensor blk.27.attn_q.input_scale
create_tensor: loading tensor blk.27.attn_k.input_scale
create_tensor: loading tensor blk.27.attn_v.input_scale
create_tensor: loading tensor blk.27.attn_output.input_scale
create_tensor: loading tensor blk.27.ffn_gate_exps.input_scale
create_tensor: loading tensor blk.27.ffn_down_exps.input_scale
create_tensor: loading tensor blk.27.ffn_up_exps.input_scale
create_tensor: loading tensor blk.27.ffn_gate_shexp.input_scale
create_tensor: loading tensor blk.27.ffn_down_shexp.input_scale
create_tensor: loading tensor blk.27.ffn_up_shexp.input_scale
create_tensor: loading tensor blk.28.attn_qkv.scale
create_tensor: loading tensor blk.28.attn_gate.scale
create_tensor: loading tensor blk.28.ffn_gate_shexp.scale
create_tensor: loading tensor blk.28.ffn_down_shexp.scale
create_tensor: loading tensor blk.28.ffn_up_shexp.scale
create_tensor: loading tensor blk.28.ffn_gate_exps.scale
create_tensor: loading tensor blk.28.ffn_down_exps.scale
create_tensor: loading tensor blk.28.ffn_up_exps.scale
create_tensor: loading tensor blk.28.ssm_out.scale
create_tensor: loading tensor blk.28.ssm_alpha.scale
create_tensor: loading tensor blk.28.ssm_beta.scale
create_tensor: loading tensor blk.28.attn_qkv.input_scale
create_tensor: loading tensor blk.28.attn_gate.input_scale
create_tensor: loading tensor blk.28.ffn_gate_exps.input_scale
create_tensor: loading tensor blk.28.ffn_down_exps.input_scale
create_tensor: loading tensor blk.28.ffn_up_exps.input_scale
create_tensor: loading tensor blk.28.ffn_gate_shexp.input_scale
create_tensor: loading tensor blk.28.ffn_down_shexp.input_scale
create_tensor: loading tensor blk.28.ffn_up_shexp.input_scale
create_tensor: loading tensor blk.28.ssm_out.input_scale
create_tensor: loading tensor blk.28.ssm_alpha.input_scale
create_tensor: loading tensor blk.28.ssm_beta.input_scale
create_tensor: loading tensor blk.29.attn_qkv.scale
create_tensor: loading tensor blk.29.attn_gate.scale
create_tensor: loading tensor blk.29.ffn_gate_shexp.scale
create_tensor: loading tensor blk.29.ffn_down_shexp.scale
create_tensor: loading tensor blk.29.ffn_up_shexp.scale
create_tensor: loading tensor blk.29.ffn_gate_exps.scale
create_tensor: loading tensor blk.29.ffn_down_exps.scale
create_tensor: loading tensor blk.29.ffn_up_exps.scale
create_tensor: loading tensor blk.29.ssm_out.scale
create_tensor: loading tensor blk.29.ssm_alpha.scale
create_tensor: loading tensor blk.29.ssm_beta.scale
create_tensor: loading tensor blk.29.attn_qkv.input_scale
create_tensor: loading tensor blk.29.attn_gate.input_scale
create_tensor: loading tensor blk.29.ffn_gate_exps.input_scale
create_tensor: loading tensor blk.29.ffn_down_exps.input_scale
create_tensor: loading tensor blk.29.ffn_up_exps.input_scale
create_tensor: loading tensor blk.29.ffn_gate_shexp.input_scale
create_tensor: loading tensor blk.29.ffn_down_shexp.input_scale
create_tensor: loading tensor blk.29.ffn_up_shexp.input_scale
create_tensor: loading tensor blk.29.ssm_out.input_scale
create_tensor: loading tensor blk.29.ssm_alpha.input_scale
create_tensor: loading tensor blk.29.ssm_beta.input_scale
create_tensor: loading tensor blk.30.attn_qkv.scale
create_tensor: loading tensor blk.30.attn_gate.scale
create_tensor: loading tensor blk.30.ffn_gate_shexp.scale
create_tensor: loading tensor blk.30.ffn_down_shexp.scale
create_tensor: loading tensor blk.30.ffn_up_shexp.scale
create_tensor: loading tensor blk.30.ffn_gate_exps.scale
create_tensor: loading tensor blk.30.ffn_down_exps.scale
create_tensor: loading tensor blk.30.ffn_up_exps.scale
create_tensor: loading tensor blk.30.ssm_out.scale
create_tensor: loading tensor blk.30.ssm_alpha.scale
create_tensor: loading tensor blk.30.ssm_beta.scale
create_tensor: loading tensor blk.30.attn_qkv.input_scale
create_tensor: loading tensor blk.30.attn_gate.input_scale
create_tensor: loading tensor blk.30.ffn_gate_exps.input_scale
create_tensor: loading tensor blk.30.ffn_down_exps.input_scale
create_tensor: loading tensor blk.30.ffn_up_exps.input_scale
create_tensor: loading tensor blk.30.ffn_gate_shexp.input_scale
create_tensor: loading tensor blk.30.ffn_down_shexp.input_scale
create_tensor: loading tensor blk.30.ffn_up_shexp.input_scale
create_tensor: loading tensor blk.30.ssm_out.input_scale
create_tensor: loading tensor blk.30.ssm_alpha.input_scale
create_tensor: loading tensor blk.30.ssm_beta.input_scale
create_tensor: loading tensor blk.31.attn_q.scale
create_tensor: loading tensor blk.31.attn_k.scale
create_tensor: loading tensor blk.31.attn_v.scale
create_tensor: loading tensor blk.31.attn_output.scale
create_tensor: loading tensor blk.31.ffn_gate_shexp.scale
create_tensor: loading tensor blk.31.ffn_down_shexp.scale
create_tensor: loading tensor blk.31.ffn_up_shexp.scale
create_tensor: loading tensor blk.31.ffn_gate_exps.scale
create_tensor: loading tensor blk.31.ffn_down_exps.scale
create_tensor: loading tensor blk.31.ffn_up_exps.scale
create_tensor: loading tensor blk.31.attn_q.input_scale
create_tensor: loading tensor blk.31.attn_k.input_scale
create_tensor: loading tensor blk.31.attn_v.input_scale
create_tensor: loading tensor blk.31.attn_output.input_scale
create_tensor: loading tensor blk.31.ffn_gate_exps.input_scale
create_tensor: loading tensor blk.31.ffn_down_exps.input_scale
create_tensor: loading tensor blk.31.ffn_up_exps.input_scale
create_tensor: loading tensor blk.31.ffn_gate_shexp.input_scale
create_tensor: loading tensor blk.31.ffn_down_shexp.input_scale
create_tensor: loading tensor blk.31.ffn_up_shexp.input_scale
create_tensor: loading tensor blk.32.attn_qkv.scale
create_tensor: loading tensor blk.32.attn_gate.scale
create_tensor: loading tensor blk.32.ffn_gate_shexp.scale
create_tensor: loading tensor blk.32.ffn_down_shexp.scale
create_tensor: loading tensor blk.32.ffn_up_shexp.scale
create_tensor: loading tensor blk.32.ffn_gate_exps.scale
create_tensor: loading tensor blk.32.ffn_down_exps.scale
create_tensor: loading tensor blk.32.ffn_up_exps.scale
create_tensor: loading tensor blk.32.ssm_out.scale
create_tensor: loading tensor blk.32.ssm_alpha.scale
create_tensor: loading tensor blk.32.ssm_beta.scale
create_tensor: loading tensor blk.32.attn_qkv.input_scale
create_tensor: loading tensor blk.32.attn_gate.input_scale
create_tensor: loading tensor blk.32.ffn_gate_exps.input_scale
create_tensor: loading tensor blk.32.ffn_down_exps.input_scale
create_tensor: loading tensor blk.32.ffn_up_exps.input_scale
create_tensor: loading tensor blk.32.ffn_gate_shexp.input_scale
create_tensor: loading tensor blk.32.ffn_down_shexp.input_scale
create_tensor: loading tensor blk.32.ffn_up_shexp.input_scale
create_tensor: loading tensor blk.32.ssm_out.input_scale
create_tensor: loading tensor blk.32.ssm_alpha.input_scale
create_tensor: loading tensor blk.32.ssm_beta.input_scale
create_tensor: loading tensor blk.33.attn_qkv.scale
create_tensor: loading tensor blk.33.attn_gate.scale
create_tensor: loading tensor blk.33.ffn_gate_shexp.scale
create_tensor: loading tensor blk.33.ffn_down_shexp.scale
create_tensor: loading tensor blk.33.ffn_up_shexp.scale
create_tensor: loading tensor blk.33.ffn_gate_exps.scale
create_tensor: loading tensor blk.33.ffn_down_exps.scale
create_tensor: loading tensor blk.33.ffn_up_exps.scale
create_tensor: loading tensor blk.33.ssm_out.scale
create_tensor: loading tensor blk.33.ssm_alpha.scale
create_tensor: loading tensor blk.33.ssm_beta.scale
create_tensor: loading tensor blk.33.attn_qkv.input_scale
create_tensor: loading tensor blk.33.attn_gate.input_scale
create_tensor: loading tensor blk.33.ffn_gate_exps.input_scale
create_tensor: loading tensor blk.33.ffn_down_exps.input_scale
create_tensor: loading tensor blk.33.ffn_up_exps.input_scale
create_tensor: loading tensor blk.33.ffn_gate_shexp.input_scale
create_tensor: loading tensor blk.33.ffn_down_shexp.input_scale
create_tensor: loading tensor blk.33.ffn_up_shexp.input_scale
create_tensor: loading tensor blk.33.ssm_out.input_scale
create_tensor: loading tensor blk.33.ssm_alpha.input_scale
create_tensor: loading tensor blk.33.ssm_beta.input_scale
create_tensor: loading tensor blk.34.attn_qkv.scale
create_tensor: loading tensor blk.34.attn_gate.scale
create_tensor: loading tensor blk.34.ffn_gate_shexp.scale
create_tensor: loading tensor blk.34.ffn_down_shexp.scale
create_tensor: loading tensor blk.34.ffn_up_shexp.scale
create_tensor: loading tensor blk.34.ffn_gate_exps.scale
create_tensor: loading tensor blk.34.ffn_down_exps.scale
create_tensor: loading tensor blk.34.ffn_up_exps.scale
create_tensor: loading tensor blk.34.ssm_out.scale
create_tensor: loading tensor blk.34.ssm_alpha.scale
create_tensor: loading tensor blk.34.ssm_beta.scale
create_tensor: loading tensor blk.34.attn_qkv.input_scale
create_tensor: loading tensor blk.34.attn_gate.input_scale
create_tensor: loading tensor blk.34.ffn_gate_exps.input_scale
create_tensor: loading tensor blk.34.ffn_down_exps.input_scale
create_tensor: loading tensor blk.34.ffn_up_exps.input_scale
create_tensor: loading tensor blk.34.ffn_gate_shexp.input_scale
create_tensor: loading tensor blk.34.ffn_down_shexp.input_scale
create_tensor: loading tensor blk.34.ffn_up_shexp.input_scale
create_tensor: loading tensor blk.34.ssm_out.input_scale
create_tensor: loading tensor blk.34.ssm_alpha.input_scale
create_tensor: loading tensor blk.34.ssm_beta.input_scale
create_tensor: loading tensor blk.35.attn_q.scale
create_tensor: loading tensor blk.35.attn_k.scale
create_tensor: loading tensor blk.35.attn_v.scale
create_tensor: loading tensor blk.35.attn_output.scale
create_tensor: loading tensor blk.35.ffn_gate_shexp.scale
create_tensor: loading tensor blk.35.ffn_down_shexp.scale
create_tensor: loading tensor blk.35.ffn_up_shexp.scale
create_tensor: loading tensor blk.35.ffn_gate_exps.scale
create_tensor: loading tensor blk.35.ffn_down_exps.scale
create_tensor: loading tensor blk.35.ffn_up_exps.scale
create_tensor: loading tensor blk.35.attn_q.input_scale
create_tensor: loading tensor blk.35.attn_k.input_scale
create_tensor: loading tensor blk.35.attn_v.input_scale
create_tensor: loading tensor blk.35.attn_output.input_scale
create_tensor: loading tensor blk.35.ffn_gate_exps.input_scale
create_tensor: loading tensor blk.35.ffn_down_exps.input_scale
create_tensor: loading tensor blk.35.ffn_up_exps.input_scale
create_tensor: loading tensor blk.35.ffn_gate_shexp.input_scale
create_tensor: loading tensor blk.35.ffn_down_shexp.input_scale
create_tensor: loading tensor blk.35.ffn_up_shexp.input_scale
create_tensor: loading tensor blk.36.attn_qkv.scale
create_tensor: loading tensor blk.36.attn_gate.scale
create_tensor: loading tensor blk.36.ffn_gate_shexp.scale
create_tensor: loading tensor blk.36.ffn_down_shexp.scale
create_tensor: loading tensor blk.36.ffn_up_shexp.scale
create_tensor: loading tensor blk.36.ffn_gate_exps.scale
create_tensor: loading tensor blk.36.ffn_down_exps.scale
create_tensor: loading tensor blk.36.ffn_up_exps.scale
create_tensor: loading tensor blk.36.ssm_out.scale
create_tensor: loading tensor blk.36.ssm_alpha.scale
create_tensor: loading tensor blk.36.ssm_beta.scale
create_tensor: loading tensor blk.36.attn_qkv.input_scale
create_tensor: loading tensor blk.36.attn_gate.input_scale
create_tensor: loading tensor blk.36.ffn_gate_exps.input_scale
create_tensor: loading tensor blk.36.ffn_down_exps.input_scale
create_tensor: loading tensor blk.36.ffn_up_exps.input_scale
create_tensor: loading tensor blk.36.ffn_gate_shexp.input_scale
create_tensor: loading tensor blk.36.ffn_down_shexp.input_scale
create_tensor: loading tensor blk.36.ffn_up_shexp.input_scale
create_tensor: loading tensor blk.36.ssm_out.input_scale
create_tensor: loading tensor blk.36.ssm_alpha.input_scale
create_tensor: loading tensor blk.36.ssm_beta.input_scale
create_tensor: loading tensor blk.37.attn_qkv.scale
create_tensor: loading tensor blk.37.attn_gate.scale
create_tensor: loading tensor blk.37.ffn_gate_shexp.scale
create_tensor: loading tensor blk.37.ffn_down_shexp.scale
create_tensor: loading tensor blk.37.ffn_up_shexp.scale
create_tensor: loading tensor blk.37.ffn_gate_exps.scale
create_tensor: loading tensor blk.37.ffn_down_exps.scale
create_tensor: loading tensor blk.37.ffn_up_exps.scale
create_tensor: loading tensor blk.37.ssm_out.scale
create_tensor: loading tensor blk.37.ssm_alpha.scale
create_tensor: loading tensor blk.37.ssm_beta.scale
create_tensor: loading tensor blk.37.attn_qkv.input_scale
create_tensor: loading tensor blk.37.attn_gate.input_scale
create_tensor: loading tensor blk.37.ffn_gate_exps.input_scale
create_tensor: loading tensor blk.37.ffn_down_exps.input_scale
create_tensor: loading tensor blk.37.ffn_up_exps.input_scale
create_tensor: loading tensor blk.37.ffn_gate_shexp.input_scale
create_tensor: loading tensor blk.37.ffn_down_shexp.input_scale
create_tensor: loading tensor blk.37.ffn_up_shexp.input_scale
create_tensor: loading tensor blk.37.ssm_out.input_scale
create_tensor: loading tensor blk.37.ssm_alpha.input_scale
create_tensor: loading tensor blk.37.ssm_beta.input_scale
create_tensor: loading tensor blk.38.attn_qkv.scale
create_tensor: loading tensor blk.38.attn_gate.scale
create_tensor: loading tensor blk.38.ffn_gate_shexp.scale
create_tensor: loading tensor blk.38.ffn_down_shexp.scale
create_tensor: loading tensor blk.38.ffn_up_shexp.scale
create_tensor: loading tensor blk.38.ffn_gate_exps.scale
create_tensor: loading tensor blk.38.ffn_down_exps.scale
create_tensor: loading tensor blk.38.ffn_up_exps.scale
create_tensor: loading tensor blk.38.ssm_out.scale
create_tensor: loading tensor blk.38.ssm_alpha.scale
create_tensor: loading tensor blk.38.ssm_beta.scale
create_tensor: loading tensor blk.38.attn_qkv.input_scale
create_tensor: loading tensor blk.38.attn_gate.input_scale
create_tensor: loading tensor blk.38.ffn_gate_exps.input_scale
create_tensor: loading tensor blk.38.ffn_down_exps.input_scale
create_tensor: loading tensor blk.38.ffn_up_exps.input_scale
create_tensor: loading tensor blk.38.ffn_gate_shexp.input_scale
create_tensor: loading tensor blk.38.ffn_down_shexp.input_scale
create_tensor: loading tensor blk.38.ffn_up_shexp.input_scale
create_tensor: loading tensor blk.38.ssm_out.input_scale
create_tensor: loading tensor blk.38.ssm_alpha.input_scale
create_tensor: loading tensor blk.38.ssm_beta.input_scale
create_tensor: loading tensor blk.39.attn_q.scale
create_tensor: loading tensor blk.39.attn_k.scale
create_tensor: loading tensor blk.39.attn_v.scale
create_tensor: loading tensor blk.39.attn_output.scale
create_tensor: loading tensor blk.39.ffn_gate_shexp.scale
create_tensor: loading tensor blk.39.ffn_down_shexp.scale
create_tensor: loading tensor blk.39.ffn_up_shexp.scale
create_tensor: loading tensor blk.39.ffn_gate_exps.scale
create_tensor: loading tensor blk.39.ffn_down_exps.scale
create_tensor: loading tensor blk.39.ffn_up_exps.scale
create_tensor: loading tensor blk.39.attn_q.input_scale
create_tensor: loading tensor blk.39.attn_k.input_scale
create_tensor: loading tensor blk.39.attn_v.input_scale
create_tensor: loading tensor blk.39.attn_output.input_scale
create_tensor: loading tensor blk.39.ffn_gate_exps.input_scale
create_tensor: loading tensor blk.39.ffn_down_exps.input_scale
create_tensor: loading tensor blk.39.ffn_up_exps.input_scale
create_tensor: loading tensor blk.39.ffn_gate_shexp.input_scale
create_tensor: loading tensor blk.39.ffn_down_shexp.input_scale
create_tensor: loading tensor blk.39.ffn_up_shexp.input_scale
create_tensor: loading tensor blk.40.attn_qkv.scale
create_tensor: loading tensor blk.40.attn_gate.scale
create_tensor: loading tensor blk.40.ffn_gate_shexp.scale
create_tensor: loading tensor blk.40.ffn_down_shexp.scale
create_tensor: loading tensor blk.40.ffn_up_shexp.scale
create_tensor: loading tensor blk.40.ffn_gate_exps.scale
create_tensor: loading tensor blk.40.ffn_down_exps.scale
create_tensor: loading tensor blk.40.ffn_up_exps.scale
create_tensor: loading tensor blk.40.ssm_out.scale
create_tensor: loading tensor blk.40.ssm_alpha.scale
create_tensor: loading tensor blk.40.ssm_beta.scale
create_tensor: loading tensor blk.40.attn_qkv.input_scale
create_tensor: loading tensor blk.40.attn_gate.input_scale
create_tensor: loading tensor blk.40.ffn_gate_exps.input_scale
create_tensor: loading tensor blk.40.ffn_down_exps.input_scale
create_tensor: loading tensor blk.40.ffn_up_exps.input_scale
create_tensor: loading tensor blk.40.ffn_gate_shexp.input_scale
create_tensor: loading tensor blk.40.ffn_down_shexp.input_scale
create_tensor: loading tensor blk.40.ffn_up_shexp.input_scale
create_tensor: loading tensor blk.40.ssm_out.input_scale
create_tensor: loading tensor blk.40.ssm_alpha.input_scale
create_tensor: loading tensor blk.40.ssm_beta.input_scale
create_tensor: loading tensor blk.41.attn_qkv.scale
create_tensor: loading tensor blk.41.attn_gate.scale
create_tensor: loading tensor blk.41.ffn_gate_shexp.scale
create_tensor: loading tensor blk.41.ffn_down_shexp.scale
create_tensor: loading tensor blk.41.ffn_up_shexp.scale
create_tensor: loading tensor blk.41.ffn_gate_exps.scale
create_tensor: loading tensor blk.41.ffn_down_exps.scale
create_tensor: loading tensor blk.41.ffn_up_exps.scale
create_tensor: loading tensor blk.41.ssm_out.scale
create_tensor: loading tensor blk.41.ssm_alpha.scale
create_tensor: loading tensor blk.41.ssm_beta.scale
create_tensor: loading tensor blk.41.attn_qkv.input_scale
create_tensor: loading tensor blk.41.attn_gate.input_scale
create_tensor: loading tensor blk.41.ffn_gate_exps.input_scale
create_tensor: loading tensor blk.41.ffn_down_exps.input_scale
create_tensor: loading tensor blk.41.ffn_up_exps.input_scale
create_tensor: loading tensor blk.41.ffn_gate_shexp.input_scale
create_tensor: loading tensor blk.41.ffn_down_shexp.input_scale
create_tensor: loading tensor blk.41.ffn_up_shexp.input_scale
create_tensor: loading tensor blk.41.ssm_out.input_scale
create_tensor: loading tensor blk.41.ssm_alpha.input_scale
create_tensor: loading tensor blk.41.ssm_beta.input_scale
create_tensor: loading tensor blk.42.attn_qkv.scale
create_tensor: loading tensor blk.42.attn_gate.scale
create_tensor: loading tensor blk.42.ffn_gate_shexp.scale
create_tensor: loading tensor blk.42.ffn_down_shexp.scale
create_tensor: loading tensor blk.42.ffn_up_shexp.scale
create_tensor: loading tensor blk.42.ffn_gate_exps.scale
create_tensor: loading tensor blk.42.ffn_down_exps.scale
create_tensor: loading tensor blk.42.ffn_up_exps.scale
create_tensor: loading tensor blk.42.ssm_out.scale
create_tensor: loading tensor blk.42.ssm_alpha.scale
create_tensor: loading tensor blk.42.ssm_beta.scale
create_tensor: loading tensor blk.42.attn_qkv.input_scale
create_tensor: loading tensor blk.42.attn_gate.input_scale
create_tensor: loading tensor blk.42.ffn_gate_exps.input_scale
create_tensor: loading tensor blk.42.ffn_down_exps.input_scale
create_tensor: loading tensor blk.42.ffn_up_exps.input_scale
create_tensor: loading tensor blk.42.ffn_gate_shexp.input_scale
create_tensor: loading tensor blk.42.ffn_down_shexp.input_scale
create_tensor: loading tensor blk.42.ffn_up_shexp.input_scale
create_tensor: loading tensor blk.42.ssm_out.input_scale
create_tensor: loading tensor blk.42.ssm_alpha.input_scale
create_tensor: loading tensor blk.42.ssm_beta.input_scale
create_tensor: loading tensor blk.43.attn_q.scale
create_tensor: loading tensor blk.43.attn_k.scale
create_tensor: loading tensor blk.43.attn_v.scale
create_tensor: loading tensor blk.43.attn_output.scale
create_tensor: loading tensor blk.43.ffn_gate_shexp.scale
create_tensor: loading tensor blk.43.ffn_down_shexp.scale
create_tensor: loading tensor blk.43.ffn_up_shexp.scale
create_tensor: loading tensor blk.43.ffn_gate_exps.scale
create_tensor: loading tensor blk.43.ffn_down_exps.scale
create_tensor: loading tensor blk.43.ffn_up_exps.scale
create_tensor: loading tensor blk.43.attn_q.input_scale
create_tensor: loading tensor blk.43.attn_k.input_scale
create_tensor: loading tensor blk.43.attn_v.input_scale
create_tensor: loading tensor blk.43.attn_output.input_scale
create_tensor: loading tensor blk.43.ffn_gate_exps.input_scale
create_tensor: loading tensor blk.43.ffn_down_exps.input_scale
create_tensor: loading tensor blk.43.ffn_up_exps.input_scale
create_tensor: loading tensor blk.43.ffn_gate_shexp.input_scale
create_tensor: loading tensor blk.43.ffn_down_shexp.input_scale
create_tensor: loading tensor blk.43.ffn_up_shexp.input_scale
create_tensor: loading tensor blk.44.attn_qkv.scale
create_tensor: loading tensor blk.44.attn_gate.scale
create_tensor: loading tensor blk.44.ffn_gate_shexp.scale
create_tensor: loading tensor blk.44.ffn_down_shexp.scale
create_tensor: loading tensor blk.44.ffn_up_shexp.scale
create_tensor: loading tensor blk.44.ffn_gate_exps.scale
create_tensor: loading tensor blk.44.ffn_down_exps.scale
create_tensor: loading tensor blk.44.ffn_up_exps.scale
create_tensor: loading tensor blk.44.ssm_out.scale
create_tensor: loading tensor blk.44.ssm_alpha.scale
create_tensor: loading tensor blk.44.ssm_beta.scale
create_tensor: loading tensor blk.44.attn_qkv.input_scale
create_tensor: loading tensor blk.44.attn_gate.input_scale
create_tensor: loading tensor blk.44.ffn_gate_exps.input_scale
create_tensor: loading tensor blk.44.ffn_down_exps.input_scale
create_tensor: loading tensor blk.44.ffn_up_exps.input_scale
create_tensor: loading tensor blk.44.ffn_gate_shexp.input_scale
create_tensor: loading tensor blk.44.ffn_down_shexp.input_scale
create_tensor: loading tensor blk.44.ffn_up_shexp.input_scale
create_tensor: loading tensor blk.44.ssm_out.input_scale
create_tensor: loading tensor blk.44.ssm_alpha.input_scale
create_tensor: loading tensor blk.44.ssm_beta.input_scale
create_tensor: loading tensor blk.45.attn_qkv.scale
create_tensor: loading tensor blk.45.attn_gate.scale
create_tensor: loading tensor blk.45.ffn_gate_shexp.scale
create_tensor: loading tensor blk.45.ffn_down_shexp.scale
create_tensor: loading tensor blk.45.ffn_up_shexp.scale
create_tensor: loading tensor blk.45.ffn_gate_exps.scale
create_tensor: loading tensor blk.45.ffn_down_exps.scale
create_tensor: loading tensor blk.45.ffn_up_exps.scale
create_tensor: loading tensor blk.45.ssm_out.scale
create_tensor: loading tensor blk.45.ssm_alpha.scale
create_tensor: loading tensor blk.45.ssm_beta.scale
create_tensor: loading tensor blk.45.attn_qkv.input_scale
create_tensor: loading tensor blk.45.attn_gate.input_scale
create_tensor: loading tensor blk.45.ffn_gate_exps.input_scale
create_tensor: loading tensor blk.45.ffn_down_exps.input_scale
create_tensor: loading tensor blk.45.ffn_up_exps.input_scale
create_tensor: loading tensor blk.45.ffn_gate_shexp.input_scale
create_tensor: loading tensor blk.45.ffn_down_shexp.input_scale
create_tensor: loading tensor blk.45.ffn_up_shexp.input_scale
create_tensor: loading tensor blk.45.ssm_out.input_scale
create_tensor: loading tensor blk.45.ssm_alpha.input_scale
create_tensor: loading tensor blk.45.ssm_beta.input_scale
create_tensor: loading tensor blk.46.attn_qkv.scale
create_tensor: loading tensor blk.46.attn_gate.scale
create_tensor: loading tensor blk.46.ffn_gate_shexp.scale
create_tensor: loading tensor blk.46.ffn_down_shexp.scale
create_tensor: loading tensor blk.46.ffn_up_shexp.scale
create_tensor: loading tensor blk.46.ffn_gate_exps.scale
create_tensor: loading tensor blk.46.ffn_down_exps.scale
create_tensor: loading tensor blk.46.ffn_up_exps.scale
create_tensor: loading tensor blk.46.ssm_out.scale
create_tensor: loading tensor blk.46.ssm_alpha.scale
create_tensor: loading tensor blk.46.ssm_beta.scale
create_tensor: loading tensor blk.46.attn_qkv.input_scale
create_tensor: loading tensor blk.46.attn_gate.input_scale
create_tensor: loading tensor blk.46.ffn_gate_exps.input_scale
create_tensor: loading tensor blk.46.ffn_down_exps.input_scale
create_tensor: loading tensor blk.46.ffn_up_exps.input_scale
create_tensor: loading tensor blk.46.ffn_gate_shexp.input_scale
create_tensor: loading tensor blk.46.ffn_down_shexp.input_scale
create_tensor: loading tensor blk.46.ffn_up_shexp.input_scale
create_tensor: loading tensor blk.46.ssm_out.input_scale
create_tensor: loading tensor blk.46.ssm_alpha.input_scale
create_tensor: loading tensor blk.46.ssm_beta.input_scale
create_tensor: loading tensor blk.47.attn_q.scale
create_tensor: loading tensor blk.47.attn_k.scale
create_tensor: loading tensor blk.47.attn_v.scale
create_tensor: loading tensor blk.47.attn_output.scale
create_tensor: loading tensor blk.47.ffn_gate_shexp.scale
create_tensor: loading tensor blk.47.ffn_down_shexp.scale
create_tensor: loading tensor blk.47.ffn_up_shexp.scale
create_tensor: loading tensor blk.47.ffn_gate_exps.scale
create_tensor: loading tensor blk.47.ffn_down_exps.scale
create_tensor: loading tensor blk.47.ffn_up_exps.scale
create_tensor: loading tensor blk.47.attn_q.input_scale
create_tensor: loading tensor blk.47.attn_k.input_scale
create_tensor: loading tensor blk.47.attn_v.input_scale
create_tensor: loading tensor blk.47.attn_output.input_scale
create_tensor: loading tensor blk.47.ffn_gate_exps.input_scale
create_tensor: loading tensor blk.47.ffn_down_exps.input_scale
create_tensor: loading tensor blk.47.ffn_up_exps.input_scale
create_tensor: loading tensor blk.47.ffn_gate_shexp.input_scale
create_tensor: loading tensor blk.47.ffn_down_shexp.input_scale
create_tensor: loading tensor blk.47.ffn_up_shexp.input_scale
hybrid expert prefill staging: 6 window tensor(s), slots=512, 2837.50 MiB of shared VRAM windows
done_getting_tensors: tensor 'token_embd.weight' (q8_0) (and 145 others) cannot be used with preferred buffer type CUDA_Host, using CPU instead
load_tensors: offloading output layer to GPU
load_tensors: offloading 47 repeating layers to GPU
load_tensors: offloaded 49/49 layers to GPU
load_tensors:   CPU_Mapped model buffer size = 47015.89 MiB
load_tensors:   CPU_Mapped model buffer size = 41787.15 MiB
load_tensors:        CUDA0 model buffer size =  7297.40 MiB
......................................................................
load_tensors: cudaHostRegister model mmap: 0.00 GiB registered, 87.25 GiB not registered
llama_context: constructing llama_context
llama_context: n_seq_max             = 1
llama_context: n_ctx                 = 17408
llama_context: n_ctx_seq             = 17408
llama_context: n_batch               = 6144
llama_context: n_ubatch              = 6144
llama_context: causal_attn           = 1
llama_context: flash_attn            = auto
llama_context: kv_unified            = false
llama_context: freq_base             = 10000000.0
llama_context: freq_scale            = 1
llama_context: n_rs_seq              = 0
llama_context: n_outputs_max         = 6144
llama_context: n_outputs_max_per_seq = 1
llama_context: n_ctx_seq (17408) < n_ctx_train (262144) -- the full capacity of the model will not be utilized
set_abort_callback: call
llama_context:  CUDA_Host  output buffer size =     0.95 MiB
llama_kv_cache: layer   0: filtered
llama_kv_cache: layer   1: filtered
llama_kv_cache: layer   2: filtered
llama_kv_cache: layer   3: dev = CUDA0
llama_kv_cache: layer   4: filtered
llama_kv_cache: layer   5: filtered
llama_kv_cache: layer   6: filtered
llama_kv_cache: layer   7: dev = CUDA0
llama_kv_cache: layer   8: filtered
llama_kv_cache: layer   9: filtered
llama_kv_cache: layer  10: filtered
llama_kv_cache: layer  11: dev = CUDA0
llama_kv_cache: layer  12: filtered
llama_kv_cache: layer  13: filtered
llama_kv_cache: layer  14: filtered
llama_kv_cache: layer  15: dev = CUDA0
llama_kv_cache: layer  16: filtered
llama_kv_cache: layer  17: filtered
llama_kv_cache: layer  18: filtered
llama_kv_cache: layer  19: dev = CUDA0
llama_kv_cache: layer  20: filtered
llama_kv_cache: layer  21: filtered
llama_kv_cache: layer  22: filtered
llama_kv_cache: layer  23: dev = CUDA0
llama_kv_cache: layer  24: filtered
llama_kv_cache: layer  25: filtered
llama_kv_cache: layer  26: filtered
llama_kv_cache: layer  27: dev = CUDA0
llama_kv_cache: layer  28: filtered
llama_kv_cache: layer  29: filtered
llama_kv_cache: layer  30: filtered
llama_kv_cache: layer  31: dev = CUDA0
llama_kv_cache: layer  32: filtered
llama_kv_cache: layer  33: filtered
llama_kv_cache: layer  34: filtered
llama_kv_cache: layer  35: dev = CUDA0
llama_kv_cache: layer  36: filtered
llama_kv_cache: layer  37: filtered
llama_kv_cache: layer  38: filtered
llama_kv_cache: layer  39: dev = CUDA0
llama_kv_cache: layer  40: filtered
llama_kv_cache: layer  41: filtered
llama_kv_cache: layer  42: filtered
llama_kv_cache: layer  43: dev = CUDA0
llama_kv_cache: layer  44: filtered
llama_kv_cache: layer  45: filtered
llama_kv_cache: layer  46: filtered
llama_kv_cache: layer  47: dev = CUDA0
llama_kv_cache:      CUDA0 KV buffer size =   408.00 MiB
llama_kv_cache: size =  408.00 MiB ( 17408 cells,  12 layers,  1/1 seqs), K (f16):  204.00 MiB, V (f16):  204.00 MiB
llama_kv_cache: attn_rot_k = 0, n_embd_head_k_all = 256
llama_kv_cache: attn_rot_v = 0, n_embd_head_k_all = 256
llama_memory_recurrent, layer   0: dev = CUDA0
llama_memory_recurrent, layer   1: dev = CUDA0
llama_memory_recurrent, layer   2: dev = CUDA0
llama_memory_recurrent: layer   3: skipped
llama_memory_recurrent, layer   4: dev = CUDA0
llama_memory_recurrent, layer   5: dev = CUDA0
llama_memory_recurrent, layer   6: dev = CUDA0
llama_memory_recurrent: layer   7: skipped
llama_memory_recurrent, layer   8: dev = CUDA0
llama_memory_recurrent, layer   9: dev = CUDA0
llama_memory_recurrent, layer  10: dev = CUDA0
llama_memory_recurrent: layer  11: skipped
llama_memory_recurrent, layer  12: dev = CUDA0
llama_memory_recurrent, layer  13: dev = CUDA0
llama_memory_recurrent, layer  14: dev = CUDA0
llama_memory_recurrent: layer  15: skipped
llama_memory_recurrent, layer  16: dev = CUDA0
llama_memory_recurrent, layer  17: dev = CUDA0
llama_memory_recurrent, layer  18: dev = CUDA0
llama_memory_recurrent: layer  19: skipped
llama_memory_recurrent, layer  20: dev = CUDA0
llama_memory_recurrent, layer  21: dev = CUDA0
llama_memory_recurrent, layer  22: dev = CUDA0
llama_memory_recurrent: layer  23: skipped
llama_memory_recurrent, layer  24: dev = CUDA0
llama_memory_recurrent, layer  25: dev = CUDA0
llama_memory_recurrent, layer  26: dev = CUDA0
llama_memory_recurrent: layer  27: skipped
llama_memory_recurrent, layer  28: dev = CUDA0
llama_memory_recurrent, layer  29: dev = CUDA0
llama_memory_recurrent, layer  30: dev = CUDA0
llama_memory_recurrent: layer  31: skipped
llama_memory_recurrent, layer  32: dev = CUDA0
llama_memory_recurrent, layer  33: dev = CUDA0
llama_memory_recurrent, layer  34: dev = CUDA0
llama_memory_recurrent: layer  35: skipped
llama_memory_recurrent, layer  36: dev = CUDA0
llama_memory_recurrent, layer  37: dev = CUDA0
llama_memory_recurrent, layer  38: dev = CUDA0
llama_memory_recurrent: layer  39: skipped
llama_memory_recurrent, layer  40: dev = CUDA0
llama_memory_recurrent, layer  41: dev = CUDA0
llama_memory_recurrent, layer  42: dev = CUDA0
llama_memory_recurrent: layer  43: skipped
llama_memory_recurrent, layer  44: dev = CUDA0
llama_memory_recurrent, layer  45: dev = CUDA0
llama_memory_recurrent, layer  46: dev = CUDA0
llama_memory_recurrent: layer  47: skipped
llama_memory_recurrent:      CUDA0 RS buffer size =   112.57 MiB
llama_memory_recurrent: size =  112.57 MiB (     1 cells,  48 layers,  1 seqs  0 rs_seq), R (f32):    4.22 MiB, S (f32):  108.00 MiB, P (f32):    0.35 MiB
operator (): creating indexer KV cache, size = 17408 cells
llama_kv_cache: layer   0: filtered
llama_kv_cache: layer   1: filtered
llama_kv_cache: layer   2: filtered
llama_kv_cache: layer   3: dev = CUDA0
llama_kv_cache: layer   4: filtered
llama_kv_cache: layer   5: filtered
llama_kv_cache: layer   6: filtered
llama_kv_cache: layer   7: dev = CUDA0
llama_kv_cache: layer   8: filtered
llama_kv_cache: layer   9: filtered
llama_kv_cache: layer  10: filtered
llama_kv_cache: layer  11: dev = CUDA0
llama_kv_cache: layer  12: filtered
llama_kv_cache: layer  13: filtered
llama_kv_cache: layer  14: filtered
llama_kv_cache: layer  15: dev = CUDA0
llama_kv_cache: layer  16: filtered
llama_kv_cache: layer  17: filtered
llama_kv_cache: layer  18: filtered
llama_kv_cache: layer  19: dev = CUDA0
llama_kv_cache: layer  20: filtered
llama_kv_cache: layer  21: filtered
llama_kv_cache: layer  22: filtered
llama_kv_cache: layer  23: dev = CUDA0
llama_kv_cache: layer  24: filtered
llama_kv_cache: layer  25: filtered
llama_kv_cache: layer  26: filtered
llama_kv_cache: layer  27: dev = CUDA0
llama_kv_cache: layer  28: filtered
llama_kv_cache: layer  29: filtered
llama_kv_cache: layer  30: filtered
llama_kv_cache: layer  31: dev = CUDA0
llama_kv_cache: layer  32: filtered
llama_kv_cache: layer  33: filtered
llama_kv_cache: layer  34: filtered
llama_kv_cache: layer  35: dev = CUDA0
llama_kv_cache: layer  36: filtered
llama_kv_cache: layer  37: filtered
llama_kv_cache: layer  38: filtered
llama_kv_cache: layer  39: dev = CUDA0
llama_kv_cache: layer  40: filtered
llama_kv_cache: layer  41: filtered
llama_kv_cache: layer  42: filtered
llama_kv_cache: layer  43: dev = CUDA0
llama_kv_cache: layer  44: filtered
llama_kv_cache: layer  45: filtered
llama_kv_cache: layer  46: filtered
llama_kv_cache: layer  47: dev = CUDA0
llama_kv_cache:      CUDA0 KV buffer size =   153.00 MiB
llama_kv_cache: size =  153.00 MiB ( 17408 cells,  12 layers,  1/1 seqs), K (f16):   51.00 MiB, V (f16):  102.00 MiB
llama_kv_cache: attn_rot_k = 0, n_embd_head_k_all = 128
llama_kv_cache: attn_rot_v = 0, n_embd_head_k_all = 256
llama_context: enumerating backends
llama_context: backend_ptrs.size() = 2
sched_reserve: reserving ...
sched_reserve: max_nodes = 245760
sched_reserve: reserving full memory module
sched_reserve: worst-case: n_tokens = 6144, n_seqs = 1, n_outputs = 1
graph_reserve: reserving a graph for ubatch with n_tokens =    1, n_seqs =  1, n_outputs =    1
resolve_fused_ops: Flash Attention enabled
resolve_fused_ops: resolving fused Gated Delta Net support:
graph_reserve: reserving a graph for ubatch with n_tokens =    1, n_seqs =  1, n_outputs =    1
resolve_fused_ops: fused Gated Delta Net (autoregressive) enabled
graph_reserve: reserving a graph for ubatch with n_tokens =   16, n_seqs =  1, n_outputs =   16
resolve_fused_ops: fused Gated Delta Net (chunked) enabled
resolve_fused_ops: resolving fused Lightning Indexer support:
graph_reserve: reserving a graph for ubatch with n_tokens =    1, n_seqs =  1, n_outputs =    1
resolve_fused_ops: Lightning Indexer enabled
resolve_fused_ops: resolving fused DeepSeek V4 HC support:
graph_reserve: reserving a graph for ubatch with n_tokens =    1, n_seqs =  1, n_outputs =    1
resolve_fused_ops: fused DeepSeek V4 HC pre enabled
graph_reserve: reserving a graph for ubatch with n_tokens =    1, n_seqs =  1, n_outputs =    1
resolve_fused_ops: fused DeepSeek V4 HC comb enabled
graph_reserve: reserving a graph for ubatch with n_tokens =    1, n_seqs =  1, n_outputs =    1
resolve_fused_ops: fused DeepSeek V4 HC post enabled
graph_reserve: reserving a graph for ubatch with n_tokens = 6144, n_seqs =  1, n_outputs = 6144
graph_reserve: reserving a graph for ubatch with n_tokens =    1, n_seqs =  1, n_outputs =    1
graph_reserve: reserving a graph for ubatch with n_tokens = 6144, n_seqs =  1, n_outputs = 6144
sched_reserve:      CUDA0 compute buffer size =  6120.00 MiB
sched_reserve:  CUDA_Host compute buffer size =   426.86 MiB
sched_reserve: graph nodes  = 8094 (with bs=6144), 8574 (with bs=1)
sched_reserve: graph splits = 4 (with bs=6144), 100 (with bs=1)
sched_reserve: reserve took 119.15 ms, sched copies = 1
set_n_threads: n_threads = 24, n_threads_batch = 24
prefill staging: 2837.50 MiB pinned host arena
prefill staging: layer=0 ne0=10 ne1=6144 unique=375 runs=107 blocks=5 bytes=833.1 MiB pipe_us=141501 (pack_to_last_block_us=138366) barrier_us=529307
MMQ_DIAG call#0 type=iq3_s buft=CUDA0 vram=1 staging_env=0 staged_ops=0 host_ops=0 vram_ops=0
MMQ_DIAG call#1 type=iq3_s buft=CUDA0 vram=1 staging_env=0 staged_ops=0 host_ops=0 vram_ops=1
MMQ_DIAG call#2 type=iq4_nl buft=CUDA0 vram=1 staging_env=0 staged_ops=0 host_ops=0 vram_ops=2
prefill staging: layer=1 ne0=10 ne1=6144 unique=331 runs=121 blocks=4 bytes=735.4 MiB pipe_us=77814 (pack_to_last_block_us=70375) barrier_us=78455
MMQ_DIAG call#3 type=iq3_s buft=CUDA0 vram=1 staging_env=0 staged_ops=0 host_ops=0 vram_ops=3
prefill staging: layer=2 ne0=10 ne1=6144 unique=326 runs=113 blocks=6 bytes=1082.4 MiB pipe_us=115008 (pack_to_last_block_us=107527) barrier_us=116261
prefill staging: layer=3 ne0=10 ne1=6144 unique=228 runs=126 blocks=3 bytes=506.5 MiB pipe_us=53619 (pack_to_last_block_us=47903) barrier_us=54639
prefill staging: layer=4 ne0=10 ne1=6144 unique=265 runs=127 blocks=5 bytes=795.8 MiB pipe_us=85364 (pack_to_last_block_us=83335) barrier_us=86080
prefill staging: layer=5 ne0=10 ne1=6144 unique=315 runs=129 blocks=4 bytes=699.8 MiB pipe_us=70327 (pack_to_last_block_us=64449) barrier_us=71066
prefill staging: layer=6 ne0=10 ne1=6144 unique=330 runs=123 blocks=4 bytes=733.2 MiB pipe_us=71833 (pack_to_last_block_us=64695) barrier_us=72555
prefill staging: layer=7 ne0=10 ne1=6144 unique=346 runs=112 blocks=5 bytes=768.7 MiB pipe_us=73342 (pack_to_last_block_us=73089) barrier_us=74490
prefill staging: layer=8 ne0=10 ne1=6144 unique=279 runs=117 blocks=4 bytes=619.8 MiB pipe_us=59944 (pack_to_last_block_us=57813) barrier_us=60888
prefill staging: layer=9 ne0=10 ne1=6144 unique=314 runs=125 blocks=4 bytes=697.6 MiB pipe_us=66722 (pack_to_last_block_us=61153) barrier_us=67675
prefill staging: layer=10 ne0=10 ne1=6144 unique=345 runs=112 blocks=5 bytes=766.5 MiB pipe_us=74146 (pack_to_last_block_us=73989) barrier_us=75139
prefill staging: layer=11 ne0=10 ne1=6144 unique=333 runs=112 blocks=4 bytes=739.8 MiB pipe_us=74832 (pack_to_last_block_us=67309) barrier_us=76162
prefill staging: layer=12 ne0=10 ne1=6144 unique=352 runs=113 blocks=5 bytes=782.0 MiB pipe_us=72245 (pack_to_last_block_us=71402) barrier_us=73196
prefill staging: layer=13 ne0=10 ne1=6144 unique=330 runs=117 blocks=4 bytes=733.2 MiB pipe_us=74396 (pack_to_last_block_us=67244) barrier_us=75424
prefill staging: layer=14 ne0=10 ne1=6144 unique=359 runs=115 blocks=5 bytes=797.6 MiB pipe_us=74252 (pack_to_last_block_us=72726) barrier_us=75394
prefill staging: layer=15 ne0=10 ne1=6144 unique=361 runs=102 blocks=5 bytes=802.0 MiB pipe_us=74275 (pack_to_last_block_us=72550) barrier_us=75533
prefill staging: layer=16 ne0=10 ne1=6144 unique=393 runs=95 blocks=5 bytes=873.1 MiB pipe_us=84494 (pack_to_last_block_us=79616) barrier_us=86115
prefill staging: layer=17 ne0=10 ne1=6144 unique=437 runs=64 blocks=6 bytes=970.9 MiB pipe_us=112141 (pack_to_last_block_us=111373) barrier_us=113505
prefill staging: layer=18 ne0=10 ne1=6144 unique=438 runs=65 blocks=6 bytes=973.1 MiB pipe_us=100260 (pack_to_last_block_us=99396) barrier_us=101358
prefill staging: layer=19 ne0=10 ne1=6144 unique=448 runs=58 blocks=6 bytes=995.3 MiB pipe_us=98704 (pack_to_last_block_us=96811) barrier_us=100035
prefill staging: layer=20 ne0=10 ne1=6144 unique=462 runs=48 blocks=6 bytes=1026.4 MiB pipe_us=106397 (pack_to_last_block_us=103194) barrier_us=107798
prefill staging: layer=21 ne0=10 ne1=6144 unique=446 runs=59 blocks=6 bytes=990.9 MiB pipe_us=105516 (pack_to_last_block_us=103836) barrier_us=106983
prefill staging: layer=22 ne0=10 ne1=6144 unique=436 runs=69 blocks=6 bytes=968.7 MiB pipe_us=99626 (pack_to_last_block_us=98966) barrier_us=100835
prefill staging: layer=23 ne0=10 ne1=6144 unique=461 runs=47 blocks=6 bytes=1024.2 MiB pipe_us=113177 (pack_to_last_block_us=109976) barrier_us=114659
prefill staging: layer=24 ne0=10 ne1=6144 unique=451 runs=51 blocks=6 bytes=1002.0 MiB pipe_us=102841 (pack_to_last_block_us=100670) barrier_us=104195
prefill staging: layer=25 ne0=10 ne1=6144 unique=485 runs=25 blocks=6 bytes=1077.5 MiB pipe_us=127018 (pack_to_last_block_us=121516) barrier_us=128491
prefill staging: layer=26 ne0=10 ne1=6144 unique=489 runs=23 blocks=6 bytes=1086.4 MiB pipe_us=130348 (pack_to_last_block_us=124402) barrier_us=131898
prefill staging: layer=27 ne0=10 ne1=6144 unique=484 runs=28 blocks=6 bytes=1075.3 MiB pipe_us=119913 (pack_to_last_block_us=114542) barrier_us=121278
prefill staging: layer=28 ne0=10 ne1=6144 unique=472 runs=36 blocks=6 bytes=1048.6 MiB pipe_us=110457 (pack_to_last_block_us=106251) barrier_us=111903
prefill staging: layer=29 ne0=10 ne1=6144 unique=491 runs=22 blocks=6 bytes=1090.8 MiB pipe_us=135599 (pack_to_last_block_us=129452) barrier_us=137407
prefill staging: layer=30 ne0=10 ne1=6144 unique=495 runs=18 blocks=8 bytes=1486.5 MiB pipe_us=175242 (pack_to_last_block_us=167113) barrier_us=177025
prefill staging: layer=31 ne0=10 ne1=6144 unique=497 runs=16 blocks=6 bytes=1104.2 MiB pipe_us=126572 (pack_to_last_block_us=119912) barrier_us=128100
prefill staging: layer=32 ne0=10 ne1=6144 unique=483 runs=29 blocks=6 bytes=1073.1 MiB pipe_us=114141 (pack_to_last_block_us=108848) barrier_us=115566
prefill staging: layer=33 ne0=10 ne1=6144 unique=495 runs=18 blocks=6 bytes=1099.7 MiB pipe_us=140703 (pack_to_last_block_us=134224) barrier_us=142245
prefill staging: layer=34 ne0=10 ne1=6144 unique=482 runs=28 blocks=6 bytes=1070.8 MiB pipe_us=136103 (pack_to_last_block_us=130872) barrier_us=137864
prefill staging: layer=35 ne0=10 ne1=6144 unique=478 runs=34 blocks=6 bytes=1062.0 MiB pipe_us=115390 (pack_to_last_block_us=110618) barrier_us=116813
prefill staging: layer=36 ne0=10 ne1=6144 unique=472 runs=39 blocks=6 bytes=1048.6 MiB pipe_us=112237 (pack_to_last_block_us=108039) barrier_us=113580
prefill staging: layer=37 ne0=10 ne1=6144 unique=474 runs=37 blocks=6 bytes=1053.1 MiB pipe_us=112134 (pack_to_last_block_us=107719) barrier_us=113477
prefill staging: layer=38 ne0=10 ne1=6144 unique=465 runs=42 blocks=6 bytes=1033.1 MiB pipe_us=109655 (pack_to_last_block_us=106159) barrier_us=111170
prefill staging: layer=39 ne0=10 ne1=6144 unique=469 runs=44 blocks=6 bytes=1042.0 MiB pipe_us=131952 (pack_to_last_block_us=128022) barrier_us=133279
prefill staging: layer=40 ne0=10 ne1=6144 unique=481 runs=29 blocks=6 bytes=1068.6 MiB pipe_us=119090 (pack_to_last_block_us=114000) barrier_us=120494
prefill staging: layer=41 ne0=10 ne1=6144 unique=484 runs=26 blocks=6 bytes=1075.3 MiB pipe_us=123254 (pack_to_last_block_us=117878) barrier_us=124651
prefill staging: layer=42 ne0=10 ne1=6144 unique=467 runs=42 blocks=6 bytes=1037.5 MiB pipe_us=114328 (pack_to_last_block_us=110622) barrier_us=116189
prefill staging: layer=43 ne0=10 ne1=6144 unique=481 runs=30 blocks=6 bytes=1068.6 MiB pipe_us=116974 (pack_to_last_block_us=111890) barrier_us=118341
prefill staging: layer=44 ne0=10 ne1=6144 unique=454 runs=52 blocks=6 bytes=1008.6 MiB pipe_us=94591 (pack_to_last_block_us=92152) barrier_us=96355
prefill staging: layer=45 ne0=10 ne1=6144 unique=448 runs=55 blocks=6 bytes=995.3 MiB pipe_us=109347 (pack_to_last_block_us=107421) barrier_us=110608
prefill staging: layer=46 ne0=10 ne1=6144 unique=414 runs=77 blocks=7 bytes=1243.2 MiB pipe_us=127735 (pack_to_last_block_us=122255) barrier_us=129134
MMQ_DIAG call#140 type=q8_0 buft=CUDA0 vram=1 staging_env=0 staged_ops=0 host_ops=0 vram_ops=140
prefill staging: layer=47 ne0=10 ne1=1 unique=10 runs=9 blocks=1 bytes=30.0 MiB pipe_us=5276 (pack_to_last_block_us=3757) barrier_us=5406
prefill staging: layer=0 ne0=10 ne1=6144 unique=212 runs=115 blocks=3 bytes=471.0 MiB pipe_us=42190 (pack_to_last_block_us=38196) barrier_us=43427
prefill staging: layer=1 ne0=10 ne1=6144 unique=162 runs=109 blocks=2 bytes=359.9 MiB pipe_us=31923 (pack_to_last_block_us=24337) barrier_us=32436
prefill staging: layer=2 ne0=10 ne1=6144 unique=169 runs=114 blocks=3 bytes=561.1 MiB pipe_us=50616 (pack_to_last_block_us=41683) barrier_us=51182
prefill staging: layer=3 ne0=10 ne1=6144 unique=107 runs=87 blocks=2 bytes=237.7 MiB pipe_us=22052 (pack_to_last_block_us=19927) barrier_us=22646
prefill staging: layer=4 ne0=10 ne1=6144 unique=126 runs=94 blocks=2 bytes=378.4 MiB pipe_us=33451 (pack_to_last_block_us=24316) barrier_us=34507
prefill staging: layer=5 ne0=10 ne1=6144 unique=155 runs=108 blocks=2 bytes=344.4 MiB pipe_us=30980 (pack_to_last_block_us=24095) barrier_us=31637
prefill staging: layer=6 ne0=10 ne1=6144 unique=161 runs=115 blocks=2 bytes=357.7 MiB pipe_us=31304 (pack_to_last_block_us=23877) barrier_us=31959
prefill staging: layer=7 ne0=10 ne1=6144 unique=178 runs=115 blocks=3 bytes=395.5 MiB pipe_us=33889 (pack_to_last_block_us=33176) barrier_us=34675
prefill staging: layer=8 ne0=10 ne1=6144 unique=151 runs=103 blocks=2 bytes=335.5 MiB pipe_us=29633 (pack_to_last_block_us=23105) barrier_us=30473
prefill staging: layer=9 ne0=10 ne1=6144 unique=189 runs=118 blocks=3 bytes=419.9 MiB pipe_us=37123 (pack_to_last_block_us=35343) barrier_us=38091
prefill staging: layer=10 ne0=10 ne1=6144 unique=244 runs=122 blocks=3 bytes=542.1 MiB pipe_us=46545 (pack_to_last_block_us=39421) barrier_us=47450
prefill staging: layer=11 ne0=10 ne1=6144 unique=242 runs=132 blocks=3 bytes=537.6 MiB pipe_us=46786 (pack_to_last_block_us=39837) barrier_us=47709
prefill staging: layer=12 ne0=10 ne1=6144 unique=232 runs=134 blocks=3 bytes=515.4 MiB pipe_us=43808 (pack_to_last_block_us=37856) barrier_us=45117
prefill staging: layer=13 ne0=10 ne1=6144 unique=211 runs=124 blocks=3 bytes=468.8 MiB pipe_us=41947 (pack_to_last_block_us=38003) barrier_us=42868
prefill staging: layer=14 ne0=10 ne1=6144 unique=276 runs=137 blocks=4 bytes=613.2 MiB pipe_us=50822 (pack_to_last_block_us=48990) barrier_us=52137
prefill staging: layer=15 ne0=10 ne1=6144 unique=325 runs=122 blocks=4 bytes=722.0 MiB pipe_us=61310 (pack_to_last_block_us=54662) barrier_us=62401
prefill staging: layer=16 ne0=10 ne1=6144 unique=357 runs=102 blocks=5 bytes=793.1 MiB pipe_us=68276 (pack_to_last_block_us=66894) barrier_us=69516
prefill staging: layer=17 ne0=10 ne1=6144 unique=387 runs=99 blocks=5 bytes=859.8 MiB pipe_us=73055 (pack_to_last_block_us=68755) barrier_us=74519
prefill staging: layer=18 ne0=10 ne1=6144 unique=339 runs=107 blocks=4 bytes=753.1 MiB pipe_us=64359 (pack_to_last_block_us=56351) barrier_us=65534
prefill staging: layer=19 ne0=10 ne1=6144 unique=399 runs=86 blocks=5 bytes=886.5 MiB pipe_us=77344 (pack_to_last_block_us=71881) barrier_us=78577
prefill staging: layer=20 ne0=10 ne1=6144 unique=411 runs=86 blocks=5 bytes=913.1 MiB pipe_us=77186 (pack_to_last_block_us=70485) barrier_us=78433
prefill staging: layer=21 ne0=10 ne1=6144 unique=383 runs=101 blocks=5 bytes=850.9 MiB pipe_us=72138 (pack_to_last_block_us=68256) barrier_us=73490
prefill staging: layer=22 ne0=10 ne1=6144 unique=374 runs=101 blocks=5 bytes=830.9 MiB pipe_us=73201 (pack_to_last_block_us=70195) barrier_us=74416
prefill staging: layer=23 ne0=10 ne1=6144 unique=425 runs=74 blocks=5 bytes=944.2 MiB pipe_us=81197 (pack_to_last_block_us=73157) barrier_us=82374
prefill staging: layer=24 ne0=10 ne1=6144 unique=410 runs=80 blocks=5 bytes=910.9 MiB pipe_us=77777 (pack_to_last_block_us=71185) barrier_us=79010
prefill staging: layer=25 ne0=10 ne1=6144 unique=454 runs=50 blocks=6 bytes=1008.6 MiB pipe_us=82368 (pack_to_last_block_us=79931) barrier_us=83645
prefill staging: layer=26 ne0=10 ne1=6144 unique=439 runs=57 blocks=6 bytes=975.3 MiB pipe_us=83090 (pack_to_last_block_us=82138) barrier_us=84399
prefill staging: layer=27 ne0=10 ne1=6144 unique=470 runs=36 blocks=6 bytes=1044.2 MiB pipe_us=89845 (pack_to_last_block_us=85812) barrier_us=91185
prefill staging: layer=28 ne0=10 ne1=6144 unique=457 runs=48 blocks=6 bytes=1015.3 MiB pipe_us=84323 (pack_to_last_block_us=81589) barrier_us=85660
prefill staging: layer=29 ne0=10 ne1=6144 unique=478 runs=33 blocks=6 bytes=1062.0 MiB pipe_us=89394 (pack_to_last_block_us=84597) barrier_us=90816
prefill staging: layer=30 ne0=10 ne1=6144 unique=490 runs=23 blocks=8 bytes=1471.4 MiB pipe_us=131255 (pack_to_last_block_us=123651) barrier_us=132855
prefill staging: layer=31 ne0=10 ne1=6144 unique=471 runs=39 blocks=6 bytes=1046.4 MiB pipe_us=90077 (pack_to_last_block_us=85985) barrier_us=91491
prefill staging: layer=32 ne0=10 ne1=6144 unique=464 runs=43 blocks=6 bytes=1030.9 MiB pipe_us=86848 (pack_to_last_block_us=83445) barrier_us=88168
prefill staging: layer=33 ne0=10 ne1=6144 unique=480 runs=32 blocks=6 bytes=1066.4 MiB pipe_us=89547 (pack_to_last_block_us=84531) barrier_us=90995
prefill staging: layer=34 ne0=10 ne1=6144 unique=471 runs=40 blocks=6 bytes=1046.4 MiB pipe_us=88671 (pack_to_last_block_us=84552) barrier_us=90188
prefill staging: layer=35 ne0=10 ne1=6144 unique=472 runs=37 blocks=6 bytes=1048.6 MiB pipe_us=92353 (pack_to_last_block_us=88124) barrier_us=93794
prefill staging: layer=36 ne0=10 ne1=6144 unique=445 runs=60 blocks=6 bytes=988.6 MiB pipe_us=83299 (pack_to_last_block_us=81746) barrier_us=84557
prefill staging: layer=37 ne0=10 ne1=6144 unique=449 runs=55 blocks=6 bytes=997.5 MiB pipe_us=86871 (pack_to_last_block_us=84919) barrier_us=88166
prefill staging: layer=38 ne0=10 ne1=6144 unique=414 runs=78 blocks=5 bytes=919.8 MiB pipe_us=78258 (pack_to_last_block_us=71296) barrier_us=79501
prefill staging: layer=39 ne0=10 ne1=6144 unique=438 runs=65 blocks=6 bytes=973.1 MiB pipe_us=79463 (pack_to_last_block_us=78526) barrier_us=80670
prefill staging: layer=40 ne0=10 ne1=6144 unique=463 runs=46 blocks=6 bytes=1028.6 MiB pipe_us=85768 (pack_to_last_block_us=82449) barrier_us=87163
prefill staging: layer=41 ne0=10 ne1=6144 unique=470 runs=42 blocks=6 bytes=1044.2 MiB pipe_us=87950 (pack_to_last_block_us=83931) barrier_us=89190
prefill staging: layer=42 ne0=10 ne1=6144 unique=432 runs=66 blocks=6 bytes=959.8 MiB pipe_us=79700 (pack_to_last_block_us=79440) barrier_us=80941
prefill staging: layer=43 ne0=10 ne1=6144 unique=466 runs=44 blocks=6 bytes=1035.3 MiB pipe_us=86717 (pack_to_last_block_us=83048) barrier_us=88011
prefill staging: layer=44 ne0=10 ne1=6144 unique=415 runs=86 blocks=5 bytes=922.0 MiB pipe_us=76825 (pack_to_last_block_us=69796) barrier_us=77931
prefill staging: layer=45 ne0=10 ne1=6144 unique=399 runs=88 blocks=5 bytes=886.5 MiB pipe_us=74820 (pack_to_last_block_us=69310) barrier_us=75839
prefill staging: layer=46 ne0=10 ne1=6144 unique=334 runs=116 blocks=6 bytes=1003.0 MiB pipe_us=89029 (pack_to_last_block_us=86136) barrier_us=89925
MMQ_DIAG call#281 type=q8_0 buft=CUDA0 vram=1 staging_env=0 staged_ops=0 host_ops=0 vram_ops=281
prefill staging: layer=47 ne0=10 ne1=1 unique=10 runs=10 blocks=1 bytes=30.0 MiB pipe_us=4071 (pack_to_last_block_us=2474) barrier_us=4438
ggml_backend_cuda_graph_compute: CUDA graph warmup complete
prefill staging: layer=0 ne0=10 ne1=4075 unique=228 runs=116 blocks=3 bytes=506.5 MiB pipe_us=44751 (pack_to_last_block_us=39159) barrier_us=45182
prefill staging: layer=1 ne0=10 ne1=4075 unique=182 runs=116 blocks=3 bytes=404.3 MiB pipe_us=36208 (pack_to_last_block_us=35154) barrier_us=36702
prefill staging: layer=2 ne0=10 ne1=4075 unique=200 runs=120 blocks=4 bytes=664.1 MiB pipe_us=60161 (pack_to_last_block_us=55372) barrier_us=60565
prefill staging: layer=3 ne0=10 ne1=4075 unique=127 runs=100 blocks=2 bytes=282.2 MiB pipe_us=26914 (pack_to_last_block_us=22820) barrier_us=27413
prefill staging: layer=4 ne0=10 ne1=4075 unique=165 runs=114 blocks=3 bytes=495.5 MiB pipe_us=46116 (pack_to_last_block_us=40470) barrier_us=46593
prefill staging: layer=5 ne0=10 ne1=4075 unique=193 runs=125 blocks=3 bytes=428.8 MiB pipe_us=38698 (pack_to_last_block_us=36579) barrier_us=39131
prefill staging: layer=6 ne0=10 ne1=4075 unique=194 runs=118 blocks=3 bytes=431.0 MiB pipe_us=37735 (pack_to_last_block_us=35525) barrier_us=38211
prefill staging: layer=7 ne0=10 ne1=4075 unique=219 runs=123 blocks=3 bytes=486.5 MiB pipe_us=44019 (pack_to_last_block_us=39314) barrier_us=44587
prefill staging: layer=8 ne0=10 ne1=4075 unique=169 runs=101 blocks=2 bytes=375.5 MiB pipe_us=34246 (pack_to_last_block_us=26013) barrier_us=34808
prefill staging: layer=9 ne0=10 ne1=4075 unique=224 runs=120 blocks=3 bytes=497.7 MiB pipe_us=44024 (pack_to_last_block_us=38817) barrier_us=44663
prefill staging: layer=10 ne0=10 ne1=4075 unique=252 runs=125 blocks=3 bytes=559.9 MiB pipe_us=50101 (pack_to_last_block_us=42140) barrier_us=50771
prefill staging: layer=11 ne0=10 ne1=4075 unique=262 runs=137 blocks=4 bytes=582.1 MiB pipe_us=51404 (pack_to_last_block_us=50957) barrier_us=52071
prefill staging: layer=12 ne0=10 ne1=4075 unique=252 runs=133 blocks=3 bytes=559.9 MiB pipe_us=48319 (pack_to_last_block_us=40400) barrier_us=48931
prefill staging: layer=13 ne0=10 ne1=4075 unique=235 runs=133 blocks=3 bytes=522.1 MiB pipe_us=45192 (pack_to_last_block_us=38956) barrier_us=45840
prefill staging: layer=14 ne0=10 ne1=4075 unique=301 runs=130 blocks=4 bytes=668.7 MiB pipe_us=57164 (pack_to_last_block_us=52885) barrier_us=58204
prefill staging: layer=15 ne0=10 ne1=4075 unique=319 runs=118 blocks=4 bytes=708.7 MiB pipe_us=58932 (pack_to_last_block_us=52871) barrier_us=60353
prefill staging: layer=16 ne0=10 ne1=4075 unique=374 runs=101 blocks=5 bytes=830.9 MiB pipe_us=72167 (pack_to_last_block_us=69164) barrier_us=72975
prefill staging: layer=17 ne0=10 ne1=4075 unique=386 runs=97 blocks=5 bytes=857.6 MiB pipe_us=74412 (pack_to_last_block_us=70218) barrier_us=75232
prefill staging: layer=18 ne0=10 ne1=4075 unique=348 runs=112 blocks=5 bytes=773.1 MiB pipe_us=68823 (pack_to_last_block_us=68374) barrier_us=69816
prefill staging: layer=19 ne0=10 ne1=4075 unique=384 runs=94 blocks=5 bytes=853.1 MiB pipe_us=72808 (pack_to_last_block_us=68826) barrier_us=73661
prefill staging: layer=20 ne0=10 ne1=4075 unique=412 runs=83 blocks=5 bytes=915.3 MiB pipe_us=78375 (pack_to_last_block_us=70911) barrier_us=79271
prefill staging: layer=21 ne0=10 ne1=4075 unique=357 runs=114 blocks=5 bytes=793.1 MiB pipe_us=66849 (pack_to_last_block_us=65516) barrier_us=68391
prefill staging: layer=22 ne0=10 ne1=4075 unique=359 runs=109 blocks=5 bytes=797.6 MiB pipe_us=66383 (pack_to_last_block_us=64854) barrier_us=67149
prefill staging: layer=23 ne0=10 ne1=4075 unique=403 runs=86 blocks=5 bytes=895.3 MiB pipe_us=76992 (pack_to_last_block_us=71090) barrier_us=77877
prefill staging: layer=24 ne0=10 ne1=4075 unique=393 runs=84 blocks=5 bytes=873.1 MiB pipe_us=72822 (pack_to_last_block_us=67942) barrier_us=73661
prefill staging: layer=25 ne0=10 ne1=4075 unique=425 runs=73 blocks=5 bytes=944.2 MiB pipe_us=80545 (pack_to_last_block_us=72529) barrier_us=81481
prefill staging: layer=26 ne0=10 ne1=4075 unique=422 runs=66 blocks=5 bytes=937.5 MiB pipe_us=78263 (pack_to_last_block_us=70522) barrier_us=79198
prefill staging: layer=27 ne0=10 ne1=4075 unique=450 runs=56 blocks=6 bytes=999.8 MiB pipe_us=84549 (pack_to_last_block_us=82500) barrier_us=85518
prefill staging: layer=28 ne0=10 ne1=4075 unique=453 runs=51 blocks=6 bytes=1006.4 MiB pipe_us=89117 (pack_to_last_block_us=86772) barrier_us=90078
prefill staging: layer=29 ne0=10 ne1=4075 unique=474 runs=35 blocks=6 bytes=1053.1 MiB pipe_us=88094 (pack_to_last_block_us=83650) barrier_us=89087
prefill staging: layer=30 ne0=10 ne1=4075 unique=488 runs=24 blocks=8 bytes=1465.4 MiB pipe_us=128870 (pack_to_last_block_us=121419) barrier_us=129902
prefill staging: layer=31 ne0=10 ne1=4075 unique=472 runs=35 blocks=6 bytes=1048.6 MiB pipe_us=88799 (pack_to_last_block_us=84335) barrier_us=89858
prefill staging: layer=32 ne0=10 ne1=4075 unique=468 runs=45 blocks=6 bytes=1039.7 MiB pipe_us=88697 (pack_to_last_block_us=84879) barrier_us=89672
prefill staging: layer=33 ne0=10 ne1=4075 unique=471 runs=37 blocks=6 bytes=1046.4 MiB pipe_us=87704 (pack_to_last_block_us=83595) barrier_us=88723
prefill staging: layer=34 ne0=10 ne1=4075 unique=458 runs=52 blocks=6 bytes=1017.5 MiB pipe_us=84757 (pack_to_last_block_us=81943) barrier_us=85737
prefill staging: layer=35 ne0=10 ne1=4075 unique=455 runs=53 blocks=6 bytes=1010.9 MiB pipe_us=84570 (pack_to_last_block_us=82053) barrier_us=85574
prefill staging: layer=36 ne0=10 ne1=4075 unique=423 runs=71 blocks=5 bytes=939.8 MiB pipe_us=82759 (pack_to_last_block_us=74945) barrier_us=84007
prefill staging: layer=37 ne0=10 ne1=4075 unique=428 runs=74 blocks=5 bytes=950.9 MiB pipe_us=78853 (pack_to_last_block_us=70535) barrier_us=79814
prefill staging: layer=38 ne0=10 ne1=4075 unique=402 runs=79 blocks=5 bytes=893.1 MiB pipe_us=75098 (pack_to_last_block_us=69336) barrier_us=76656
prefill staging: layer=39 ne0=10 ne1=4075 unique=412 runs=82 blocks=5 bytes=915.3 MiB pipe_us=78227 (pack_to_last_block_us=71483) barrier_us=79133
prefill staging: layer=40 ne0=10 ne1=4075 unique=447 runs=54 blocks=6 bytes=993.1 MiB pipe_us=82092 (pack_to_last_block_us=80352) barrier_us=82960
prefill staging: layer=41 ne0=10 ne1=4075 unique=460 runs=48 blocks=6 bytes=1022.0 MiB pipe_us=86073 (pack_to_last_block_us=83038) barrier_us=87021
prefill staging: layer=42 ne0=10 ne1=4075 unique=423 runs=72 blocks=5 bytes=939.8 MiB pipe_us=79574 (pack_to_last_block_us=71753) barrier_us=80493
prefill staging: layer=43 ne0=10 ne1=4075 unique=438 runs=61 blocks=6 bytes=973.1 MiB pipe_us=82778 (pack_to_last_block_us=81936) barrier_us=84145
prefill staging: layer=44 ne0=10 ne1=4075 unique=385 runs=91 blocks=5 bytes=855.3 MiB pipe_us=72784 (pack_to_last_block_us=68701) barrier_us=74014
prefill staging: layer=45 ne0=10 ne1=4075 unique=372 runs=101 blocks=5 bytes=826.5 MiB pipe_us=68400 (pack_to_last_block_us=65556) barrier_us=69116
prefill staging: layer=46 ne0=10 ne1=4075 unique=325 runs=111 blocks=6 bytes=976.0 MiB pipe_us=84338 (pack_to_last_block_us=82784) barrier_us=84955
MMQ_DIAG call#422 type=q8_0 buft=CUDA0 vram=1 staging_env=0 staged_ops=0 host_ops=0 vram_ops=422
prefill staging: layer=47 ne0=10 ne1=1 unique=10 runs=10 blocks=1 bytes=30.0 MiB pipe_us=4227 (pack_to_last_block_us=2606) barrier_us=4429
prefill staging: layer=0 ne0=10 ne1=1 unique=10 runs=9 blocks=1 bytes=22.2 MiB pipe_us=3812 (pack_to_last_block_us=2693) barrier_us=3892
prefill staging: layer=1 ne0=10 ne1=1 unique=10 runs=10 blocks=1 bytes=22.2 MiB pipe_us=2959 (pack_to_last_block_us=1859) barrier_us=3020
prefill staging: layer=2 ne0=10 ne1=1 unique=10 runs=10 blocks=1 bytes=33.2 MiB pipe_us=3752 (pack_to_last_block_us=2063) barrier_us=3892
prefill staging: layer=3 ne0=10 ne1=1 unique=10 runs=10 blocks=1 bytes=22.2 MiB pipe_us=2822 (pack_to_last_block_us=1670) barrier_us=2940
prefill staging: layer=4 ne0=10 ne1=1 unique=10 runs=10 blocks=1 bytes=30.0 MiB pipe_us=3730 (pack_to_last_block_us=2192) barrier_us=3790
prefill staging: layer=5 ne0=10 ne1=1 unique=10 runs=10 blocks=1 bytes=22.2 MiB pipe_us=2544 (pack_to_last_block_us=1422) barrier_us=2603
prefill staging: layer=6 ne0=10 ne1=1 unique=10 runs=10 blocks=1 bytes=22.2 MiB pipe_us=2531 (pack_to_last_block_us=1472) barrier_us=2649
prefill staging: layer=7 ne0=10 ne1=1 unique=10 runs=10 blocks=1 bytes=22.2 MiB pipe_us=2453 (pack_to_last_block_us=1345) barrier_us=2596
prefill staging: layer=8 ne0=10 ne1=1 unique=10 runs=10 blocks=1 bytes=22.2 MiB pipe_us=2723 (pack_to_last_block_us=1531) barrier_us=2824
prefill staging: layer=9 ne0=10 ne1=1 unique=10 runs=10 blocks=1 bytes=22.2 MiB pipe_us=2744 (pack_to_last_block_us=1625) barrier_us=2812
prefill staging: layer=10 ne0=10 ne1=1 unique=10 runs=10 blocks=1 bytes=22.2 MiB pipe_us=2569 (pack_to_last_block_us=1481) barrier_us=2693
prefill staging: layer=11 ne0=10 ne1=1 unique=10 runs=9 blocks=1 bytes=22.2 MiB pipe_us=2736 (pack_to_last_block_us=1503) barrier_us=3001
prefill staging: layer=12 ne0=10 ne1=1 unique=10 runs=10 blocks=1 bytes=22.2 MiB pipe_us=2727 (pack_to_last_block_us=1539) barrier_us=2798
prefill staging: layer=13 ne0=10 ne1=1 unique=10 runs=10 blocks=1 bytes=22.2 MiB pipe_us=2348 (pack_to_last_block_us=1285) barrier_us=2466
prefill staging: layer=14 ne0=10 ne1=1 unique=10 runs=10 blocks=1 bytes=22.2 MiB pipe_us=2505 (pack_to_last_block_us=1418) barrier_us=2634
prefill staging: layer=15 ne0=10 ne1=1 unique=10 runs=10 blocks=1 bytes=22.2 MiB pipe_us=2743 (pack_to_last_block_us=1516) barrier_us=2909
prefill staging: layer=16 ne0=10 ne1=1 unique=10 runs=10 blocks=1 bytes=22.2 MiB pipe_us=2486 (pack_to_last_block_us=1372) barrier_us=2564
prefill staging: layer=17 ne0=10 ne1=1 unique=10 runs=9 blocks=1 bytes=22.2 MiB pipe_us=2550 (pack_to_last_block_us=1457) barrier_us=2606
prefill staging: layer=18 ne0=10 ne1=1 unique=10 runs=10 blocks=1 bytes=22.2 MiB pipe_us=2645 (pack_to_last_block_us=1549) barrier_us=2784
prefill staging: layer=19 ne0=10 ne1=1 unique=10 runs=10 blocks=1 bytes=22.2 MiB pipe_us=2677 (pack_to_last_block_us=1511) barrier_us=3093
prefill staging: layer=20 ne0=10 ne1=1 unique=10 runs=10 blocks=1 bytes=22.2 MiB pipe_us=2573 (pack_to_last_block_us=1371) barrier_us=3147
prefill staging: layer=21 ne0=10 ne1=1 unique=10 runs=10 blocks=1 bytes=22.2 MiB pipe_us=2521 (pack_to_last_block_us=1425) barrier_us=2598
prefill staging: layer=22 ne0=10 ne1=1 unique=10 runs=10 blocks=1 bytes=22.2 MiB pipe_us=2694 (pack_to_last_block_us=1571) barrier_us=2763
prefill staging: layer=23 ne0=10 ne1=1 unique=10 runs=9 blocks=1 bytes=22.2 MiB pipe_us=2350 (pack_to_last_block_us=1298) barrier_us=2521
prefill staging: layer=24 ne0=10 ne1=1 unique=10 runs=9 blocks=1 bytes=22.2 MiB pipe_us=2362 (pack_to_last_block_us=1263) barrier_us=2477
prefill staging: layer=25 ne0=10 ne1=1 unique=10 runs=10 blocks=1 bytes=22.2 MiB pipe_us=2659 (pack_to_last_block_us=1538) barrier_us=2729
prefill staging: layer=26 ne0=10 ne1=1 unique=10 runs=10 blocks=1 bytes=22.2 MiB pipe_us=2704 (pack_to_last_block_us=1558) barrier_us=2786
prefill staging: layer=27 ne0=10 ne1=1 unique=10 runs=9 blocks=1 bytes=22.2 MiB pipe_us=2761 (pack_to_last_block_us=1504) barrier_us=2887
prefill staging: layer=28 ne0=10 ne1=1 unique=10 runs=10 blocks=1 bytes=22.2 MiB pipe_us=2442 (pack_to_last_block_us=1380) barrier_us=2556
prefill staging: layer=29 ne0=10 ne1=1 unique=10 runs=10 blocks=1 bytes=22.2 MiB pipe_us=2691 (pack_to_last_block_us=1468) barrier_us=3149
prefill staging: layer=30 ne0=10 ne1=1 unique=10 runs=9 blocks=1 bytes=30.0 MiB pipe_us=3301 (pack_to_last_block_us=1747) barrier_us=4125
prefill staging: layer=31 ne0=10 ne1=1 unique=10 runs=10 blocks=1 bytes=22.2 MiB pipe_us=2426 (pack_to_last_block_us=1321) barrier_us=2483
prefill staging: layer=32 ne0=10 ne1=1 unique=10 runs=9 blocks=1 bytes=22.2 MiB pipe_us=2584 (pack_to_last_block_us=1483) barrier_us=2642
prefill staging: layer=33 ne0=10 ne1=1 unique=10 runs=10 blocks=1 bytes=22.2 MiB pipe_us=2606 (pack_to_last_block_us=1523) barrier_us=2726
prefill staging: layer=34 ne0=10 ne1=1 unique=10 runs=10 blocks=1 bytes=22.2 MiB pipe_us=2561 (pack_to_last_block_us=1362) barrier_us=3076
prefill staging: layer=35 ne0=10 ne1=1 unique=10 runs=10 blocks=1 bytes=22.2 MiB pipe_us=2512 (pack_to_last_block_us=1417) barrier_us=2588
prefill staging: layer=36 ne0=10 ne1=1 unique=10 runs=10 blocks=1 bytes=22.2 MiB pipe_us=2721 (pack_to_last_block_us=1615) barrier_us=2788
prefill staging: layer=37 ne0=10 ne1=1 unique=10 runs=10 blocks=1 bytes=22.2 MiB pipe_us=2629 (pack_to_last_block_us=1546) barrier_us=2749
prefill staging: layer=38 ne0=10 ne1=1 unique=10 runs=10 blocks=1 bytes=22.2 MiB pipe_us=2627 (pack_to_last_block_us=1368) barrier_us=3014
prefill staging: layer=39 ne0=10 ne1=1 unique=10 runs=10 blocks=1 bytes=22.2 MiB pipe_us=2355 (pack_to_last_block_us=1203) barrier_us=2414
prefill staging: layer=40 ne0=10 ne1=1 unique=10 runs=10 blocks=1 bytes=22.2 MiB pipe_us=2341 (pack_to_last_block_us=1246) barrier_us=2419
prefill staging: layer=41 ne0=10 ne1=1 unique=10 runs=10 blocks=1 bytes=22.2 MiB pipe_us=2539 (pack_to_last_block_us=1390) barrier_us=2685
prefill staging: layer=42 ne0=10 ne1=1 unique=10 runs=10 blocks=1 bytes=22.2 MiB pipe_us=2401 (pack_to_last_block_us=1276) barrier_us=3066
prefill staging: layer=43 ne0=10 ne1=1 unique=10 runs=10 blocks=1 bytes=22.2 MiB pipe_us=2370 (pack_to_last_block_us=1282) barrier_us=2425
prefill staging: layer=44 ne0=10 ne1=1 unique=10 runs=10 blocks=1 bytes=22.2 MiB pipe_us=2339 (pack_to_last_block_us=1260) barrier_us=2396
prefill staging: layer=45 ne0=10 ne1=1 unique=10 runs=10 blocks=1 bytes=22.2 MiB pipe_us=2464 (pack_to_last_block_us=1353) barrier_us=2582
prefill staging: layer=46 ne0=10 ne1=1 unique=10 runs=10 blocks=1 bytes=30.0 MiB pipe_us=3351 (pack_to_last_block_us=1745) barrier_us=3692
prefill staging: layer=47 ne0=10 ne1=1 unique=10 runs=10 blocks=1 bytes=30.0 MiB pipe_us=4809 (pack_to_last_block_us=3173) barrier_us=4921
ggml_backend_cuda_graph_compute: CUDA graph warmup complete
prefill staging: layer=0 ne0=10 ne1=1 unique=10 runs=10 blocks=1 bytes=22.2 MiB pipe_us=3324 (pack_to_last_block_us=2211) barrier_us=3454
ggml_backend_cuda_graph_compute: CUDA graph warmup complete
ggml_backend_cuda_graph_compute: CUDA graph warmup complete
ggml_backend_cuda_graph_compute: CUDA graph warmup complete
prefill staging: layer=1 ne0=10 ne1=1 unique=10 runs=10 blocks=1 bytes=22.2 MiB pipe_us=2673 (pack_to_last_block_us=1556) barrier_us=2793
ggml_backend_cuda_graph_compute: CUDA graph warmup complete
ggml_backend_cuda_graph_compute: CUDA graph warmup complete
prefill staging: layer=2 ne0=10 ne1=1 unique=10 runs=10 blocks=1 bytes=33.2 MiB pipe_us=4198 (pack_to_last_block_us=2496) barrier_us=4340
ggml_backend_cuda_graph_compute: CUDA graph warmup complete
ggml_backend_cuda_graph_compute: CUDA graph warmup complete
prefill staging: layer=3 ne0=10 ne1=1 unique=10 runs=10 blocks=1 bytes=22.2 MiB pipe_us=2818 (pack_to_last_block_us=1690) barrier_us=2900
ggml_backend_cuda_graph_compute: CUDA graph warmup complete
ggml_backend_cuda_graph_compute: CUDA graph warmup complete
prefill staging: layer=4 ne0=10 ne1=1 unique=10 runs=10 blocks=1 bytes=30.0 MiB pipe_us=3159 (pack_to_last_block_us=1627) barrier_us=3297
ggml_backend_cuda_graph_compute: CUDA graph warmup complete
ggml_backend_cuda_graph_compute: CUDA graph warmup complete
prefill staging: layer=5 ne0=10 ne1=1 unique=10 runs=10 blocks=1 bytes=22.2 MiB pipe_us=2557 (pack_to_last_block_us=1423) barrier_us=2689
ggml_backend_cuda_graph_compute: CUDA graph warmup complete
ggml_backend_cuda_graph_compute: CUDA graph warmup complete
prefill staging: layer=6 ne0=10 ne1=1 unique=10 runs=10 blocks=1 bytes=22.2 MiB pipe_us=2732 (pack_to_last_block_us=1623) barrier_us=2851
ggml_backend_cuda_graph_compute: CUDA graph warmup complete
ggml_backend_cuda_graph_compute: CUDA graph warmup complete
prefill staging: layer=7 ne0=10 ne1=1 unique=10 runs=10 blocks=1 bytes=22.2 MiB pipe_us=2634 (pack_to_last_block_us=1526) barrier_us=2758
ggml_backend_cuda_graph_compute: CUDA graph warmup complete
ggml_backend_cuda_graph_compute: CUDA graph warmup complete
prefill staging: layer=8 ne0=10 ne1=1 unique=10 runs=10 blocks=1 bytes=22.2 MiB pipe_us=2514 (pack_to_last_block_us=1425) barrier_us=2918
ggml_backend_cuda_graph_compute: CUDA graph warmup complete
ggml_backend_cuda_graph_compute: CUDA graph warmup complete
prefill staging: layer=9 ne0=10 ne1=1 unique=10 runs=10 blocks=1 bytes=22.2 MiB pipe_us=2830 (pack_to_last_block_us=1597) barrier_us=2943
ggml_backend_cuda_graph_compute: CUDA graph warmup complete
ggml_backend_cuda_graph_compute: CUDA graph warmup complete
prefill staging: layer=10 ne0=10 ne1=1 unique=10 runs=10 blocks=1 bytes=22.2 MiB pipe_us=2703 (pack_to_last_block_us=1598) barrier_us=2768
ggml_backend_cuda_graph_compute: CUDA graph warmup complete
ggml_backend_cuda_graph_compute: CUDA graph warmup complete
prefill staging: layer=11 ne0=10 ne1=1 unique=10 runs=9 blocks=1 bytes=22.2 MiB pipe_us=2478 (pack_to_last_block_us=1390) barrier_us=2554
ggml_backend_cuda_graph_compute: CUDA graph warmup complete
ggml_backend_cuda_graph_compute: CUDA graph warmup complete
prefill staging: layer=12 ne0=10 ne1=1 unique=10 runs=10 blocks=1 bytes=22.2 MiB pipe_us=3327 (pack_to_last_block_us=2171) barrier_us=3430
ggml_backend_cuda_graph_compute: CUDA graph warmup complete
ggml_backend_cuda_graph_compute: CUDA graph warmup complete
prefill staging: layer=13 ne0=10 ne1=1 unique=10 runs=10 blocks=1 bytes=22.2 MiB pipe_us=2538 (pack_to_last_block_us=1408) barrier_us=2689
ggml_backend_cuda_graph_compute: CUDA graph warmup complete
ggml_backend_cuda_graph_compute: CUDA graph warmup complete
prefill staging: layer=14 ne0=10 ne1=1 unique=10 runs=10 blocks=1 bytes=22.2 MiB pipe_us=2658 (pack_to_last_block_us=1526) barrier_us=2811
ggml_backend_cuda_graph_compute: CUDA graph warmup complete
ggml_backend_cuda_graph_compute: CUDA graph warmup complete
prefill staging: layer=15 ne0=10 ne1=1 unique=10 runs=10 blocks=1 bytes=22.2 MiB pipe_us=2612 (pack_to_last_block_us=1479) barrier_us=2740
ggml_backend_cuda_graph_compute: CUDA graph warmup complete
ggml_backend_cuda_graph_compute: CUDA graph warmup complete
prefill staging: layer=16 ne0=10 ne1=1 unique=10 runs=10 blocks=1 bytes=22.2 MiB pipe_us=2902 (pack_to_last_block_us=1709) barrier_us=3028
ggml_backend_cuda_graph_compute: CUDA graph warmup complete
ggml_backend_cuda_graph_compute: CUDA graph warmup complete
prefill staging: layer=17 ne0=10 ne1=1 unique=10 runs=10 blocks=1 bytes=22.2 MiB pipe_us=2702 (pack_to_last_block_us=1511) barrier_us=3238
ggml_backend_cuda_graph_compute: CUDA graph warmup complete
ggml_backend_cuda_graph_compute: CUDA graph warmup complete
prefill staging: layer=18 ne0=10 ne1=1 unique=10 runs=9 blocks=1 bytes=22.2 MiB pipe_us=2700 (pack_to_last_block_us=1567) barrier_us=2780
ggml_backend_cuda_graph_compute: CUDA graph warmup complete
ggml_backend_cuda_graph_compute: CUDA graph warmup complete
prefill staging: layer=19 ne0=10 ne1=1 unique=10 runs=9 blocks=1 bytes=22.2 MiB pipe_us=2649 (pack_to_last_block_us=1499) barrier_us=2724
ggml_backend_cuda_graph_compute: CUDA graph warmup complete
ggml_backend_cuda_graph_compute: CUDA graph warmup complete
prefill staging: layer=20 ne0=10 ne1=1 unique=10 runs=10 blocks=1 bytes=22.2 MiB pipe_us=2777 (pack_to_last_block_us=1652) barrier_us=2840
ggml_backend_cuda_graph_compute: CUDA graph warmup complete
ggml_backend_cuda_graph_compute: CUDA graph warmup complete
prefill staging: layer=21 ne0=10 ne1=1 unique=10 runs=10 blocks=1 bytes=22.2 MiB pipe_us=3105 (pack_to_last_block_us=1994) barrier_us=3238
ggml_backend_cuda_graph_compute: CUDA graph warmup complete
ggml_backend_cuda_graph_compute: CUDA graph warmup complete
prefill staging: layer=22 ne0=10 ne1=1 unique=10 runs=10 blocks=1 bytes=22.2 MiB pipe_us=2577 (pack_to_last_block_us=1490) barrier_us=2701
ggml_backend_cuda_graph_compute: CUDA graph warmup complete
ggml_backend_cuda_graph_compute: CUDA graph warmup complete
prefill staging: layer=23 ne0=10 ne1=1 unique=10 runs=10 blocks=1 bytes=22.2 MiB pipe_us=2803 (pack_to_last_block_us=1673) barrier_us=2886
ggml_backend_cuda_graph_compute: CUDA graph warmup complete
ggml_backend_cuda_graph_compute: CUDA graph warmup complete
prefill staging: layer=24 ne0=10 ne1=1 unique=10 runs=10 blocks=1 bytes=22.2 MiB pipe_us=2630 (pack_to_last_block_us=1546) barrier_us=2757
ggml_backend_cuda_graph_compute: CUDA graph warmup complete
ggml_backend_cuda_graph_compute: CUDA graph warmup complete
prefill staging: layer=25 ne0=10 ne1=1 unique=10 runs=10 blocks=1 bytes=22.2 MiB pipe_us=2502 (pack_to_last_block_us=1337) barrier_us=2620
ggml_backend_cuda_graph_compute: CUDA graph warmup complete
ggml_backend_cuda_graph_compute: CUDA graph warmup complete
prefill staging: layer=26 ne0=10 ne1=1 unique=10 runs=10 blocks=1 bytes=22.2 MiB pipe_us=2424 (pack_to_last_block_us=1297) barrier_us=2912
ggml_backend_cuda_graph_compute: CUDA graph warmup complete
ggml_backend_cuda_graph_compute: CUDA graph warmup complete
prefill staging: layer=27 ne0=10 ne1=1 unique=10 runs=10 blocks=1 bytes=22.2 MiB pipe_us=2597 (pack_to_last_block_us=1500) barrier_us=2657
ggml_backend_cuda_graph_compute: CUDA graph warmup complete
ggml_backend_cuda_graph_compute: CUDA graph warmup complete
prefill staging: layer=28 ne0=10 ne1=1 unique=10 runs=10 blocks=1 bytes=22.2 MiB pipe_us=2655 (pack_to_last_block_us=1534) barrier_us=2728
ggml_backend_cuda_graph_compute: CUDA graph warmup complete
ggml_backend_cuda_graph_compute: CUDA graph warmup complete
prefill staging: layer=29 ne0=10 ne1=1 unique=10 runs=10 blocks=1 bytes=22.2 MiB pipe_us=2483 (pack_to_last_block_us=1371) barrier_us=2614
ggml_backend_cuda_graph_compute: CUDA graph warmup complete
ggml_backend_cuda_graph_compute: CUDA graph warmup complete
prefill staging: layer=30 ne0=10 ne1=1 unique=10 runs=9 blocks=1 bytes=30.0 MiB pipe_us=3417 (pack_to_last_block_us=1869) barrier_us=3547
ggml_backend_cuda_graph_compute: CUDA graph warmup complete
ggml_backend_cuda_graph_compute: CUDA graph warmup complete
prefill staging: layer=31 ne0=10 ne1=1 unique=10 runs=10 blocks=1 bytes=22.2 MiB pipe_us=2814 (pack_to_last_block_us=1636) barrier_us=2945
ggml_backend_cuda_graph_compute: CUDA graph warmup complete
ggml_backend_cuda_graph_compute: CUDA graph warmup complete
prefill staging: layer=32 ne0=10 ne1=1 unique=10 runs=10 blocks=1 bytes=22.2 MiB pipe_us=2764 (pack_to_last_block_us=1612) barrier_us=2899
ggml_backend_cuda_graph_compute: CUDA graph warmup complete
ggml_backend_cuda_graph_compute: CUDA graph warmup complete
prefill staging: layer=33 ne0=10 ne1=1 unique=10 runs=10 blocks=1 bytes=22.2 MiB pipe_us=2619 (pack_to_last_block_us=1543) barrier_us=2737
ggml_backend_cuda_graph_compute: CUDA graph warmup complete
ggml_backend_cuda_graph_compute: CUDA graph warmup complete
prefill staging: layer=34 ne0=10 ne1=1 unique=10 runs=9 blocks=1 bytes=22.2 MiB pipe_us=2735 (pack_to_last_block_us=1558) barrier_us=3148
ggml_backend_cuda_graph_compute: CUDA graph warmup complete
ggml_backend_cuda_graph_compute: CUDA graph warmup complete
prefill staging: layer=35 ne0=10 ne1=1 unique=10 runs=9 blocks=1 bytes=22.2 MiB pipe_us=2708 (pack_to_last_block_us=1533) barrier_us=3416
ggml_backend_cuda_graph_compute: CUDA graph warmup complete
ggml_backend_cuda_graph_compute: CUDA graph warmup complete
prefill staging: layer=36 ne0=10 ne1=1 unique=10 runs=10 blocks=1 bytes=22.2 MiB pipe_us=2539 (pack_to_last_block_us=1444) barrier_us=2605
ggml_backend_cuda_graph_compute: CUDA graph warmup complete
ggml_backend_cuda_graph_compute: CUDA graph warmup complete
prefill staging: layer=37 ne0=10 ne1=1 unique=10 runs=10 blocks=1 bytes=22.2 MiB pipe_us=2547 (pack_to_last_block_us=1449) barrier_us=2624
ggml_backend_cuda_graph_compute: CUDA graph warmup complete
ggml_backend_cuda_graph_compute: CUDA graph warmup complete
prefill staging: layer=38 ne0=10 ne1=1 unique=10 runs=10 blocks=1 bytes=22.2 MiB pipe_us=2768 (pack_to_last_block_us=1600) barrier_us=2888
ggml_backend_cuda_graph_compute: CUDA graph warmup complete
ggml_backend_cuda_graph_compute: CUDA graph warmup complete
prefill staging: layer=39 ne0=10 ne1=1 unique=10 runs=10 blocks=1 bytes=22.2 MiB pipe_us=2525 (pack_to_last_block_us=1440) barrier_us=2653
ggml_backend_cuda_graph_compute: CUDA graph warmup complete
ggml_backend_cuda_graph_compute: CUDA graph warmup complete
prefill staging: layer=40 ne0=10 ne1=1 unique=10 runs=10 blocks=1 bytes=22.2 MiB pipe_us=2642 (pack_to_last_block_us=1443) barrier_us=2760
ggml_backend_cuda_graph_compute: CUDA graph warmup complete
ggml_backend_cuda_graph_compute: CUDA graph warmup complete
prefill staging: layer=41 ne0=10 ne1=1 unique=10 runs=10 blocks=1 bytes=22.2 MiB pipe_us=2701 (pack_to_last_block_us=1517) barrier_us=2768
ggml_backend_cuda_graph_compute: CUDA graph warmup complete
ggml_backend_cuda_graph_compute: CUDA graph warmup complete
prefill staging: layer=42 ne0=10 ne1=1 unique=10 runs=10 blocks=1 bytes=22.2 MiB pipe_us=2565 (pack_to_last_block_us=1455) barrier_us=2644
ggml_backend_cuda_graph_compute: CUDA graph warmup complete
ggml_backend_cuda_graph_compute: CUDA graph warmup complete
prefill staging: layer=43 ne0=10 ne1=1 unique=10 runs=9 blocks=1 bytes=22.2 MiB pipe_us=2467 (pack_to_last_block_us=1376) barrier_us=2536
ggml_backend_cuda_graph_compute: CUDA graph warmup complete
ggml_backend_cuda_graph_compute: CUDA graph warmup complete
prefill staging: layer=44 ne0=10 ne1=1 unique=10 runs=10 blocks=1 bytes=22.2 MiB pipe_us=2529 (pack_to_last_block_us=1411) barrier_us=2582
ggml_backend_cuda_graph_compute: CUDA graph warmup complete
ggml_backend_cuda_graph_compute: CUDA graph warmup complete
prefill staging: layer=45 ne0=10 ne1=1 unique=10 runs=9 blocks=1 bytes=22.2 MiB pipe_us=3002 (pack_to_last_block_us=1856) barrier_us=3140
ggml_backend_cuda_graph_compute: CUDA graph warmup complete
ggml_backend_cuda_graph_compute: CUDA graph warmup complete
prefill staging: layer=46 ne0=10 ne1=1 unique=10 runs=9 blocks=1 bytes=30.0 MiB pipe_us=4040 (pack_to_last_block_us=2452) barrier_us=4195
ggml_backend_cuda_graph_compute: CUDA graph warmup complete
ggml_backend_cuda_graph_compute: CUDA graph warmup complete
prefill staging: layer=47 ne0=10 ne1=1 unique=10 runs=10 blocks=1 bytes=30.0 MiB pipe_us=4376 (pack_to_last_block_us=2821) barrier_us=5128
ggml_backend_cuda_graph_compute: CUDA graph warmup complete
ggml_backend_cuda_graph_compute: CUDA graph warmup complete
prefill staging: layer=0 ne0=10 ne1=1 unique=10 runs=10 blocks=1 bytes=22.2 MiB pipe_us=3101 (pack_to_last_block_us=1937) barrier_us=3233
prefill staging: layer=1 ne0=10 ne1=1 unique=10 runs=10 blocks=1 bytes=22.2 MiB pipe_us=2699 (pack_to_last_block_us=1530) barrier_us=3192
prefill staging: layer=2 ne0=10 ne1=1 unique=10 runs=9 blocks=1 bytes=33.2 MiB pipe_us=4300 (pack_to_last_block_us=2559) barrier_us=4427
prefill staging: layer=3 ne0=10 ne1=1 unique=10 runs=10 blocks=1 bytes=22.2 MiB pipe_us=2540 (pack_to_last_block_us=1441) barrier_us=2617
prefill staging: layer=4 ne0=10 ne1=1 unique=10 runs=10 blocks=1 bytes=30.0 MiB pipe_us=3393 (pack_to_last_block_us=1825) barrier_us=3520
prefill staging: layer=5 ne0=10 ne1=1 unique=10 runs=10 blocks=1 bytes=22.2 MiB pipe_us=2897 (pack_to_last_block_us=1678) barrier_us=3085
prefill staging: layer=6 ne0=10 ne1=1 unique=10 runs=10 blocks=1 bytes=22.2 MiB pipe_us=2445 (pack_to_last_block_us=1336) barrier_us=3097
prefill staging: layer=7 ne0=10 ne1=1 unique=10 runs=10 blocks=1 bytes=22.2 MiB pipe_us=2620 (pack_to_last_block_us=1499) barrier_us=2686
prefill staging: layer=8 ne0=10 ne1=1 unique=10 runs=10 blocks=1 bytes=22.2 MiB pipe_us=2784 (pack_to_last_block_us=1695) barrier_us=2900
prefill staging: layer=9 ne0=10 ne1=1 unique=10 runs=10 blocks=1 bytes=22.2 MiB pipe_us=2549 (pack_to_last_block_us=1391) barrier_us=2757
prefill staging: layer=10 ne0=10 ne1=1 unique=10 runs=10 blocks=1 bytes=22.2 MiB pipe_us=2453 (pack_to_last_block_us=1342) barrier_us=2574
prefill staging: layer=11 ne0=10 ne1=1 unique=10 runs=9 blocks=1 bytes=22.2 MiB pipe_us=2711 (pack_to_last_block_us=1599) barrier_us=2836
prefill staging: layer=12 ne0=10 ne1=1 unique=10 runs=10 blocks=1 bytes=22.2 MiB pipe_us=2802 (pack_to_last_block_us=1541) barrier_us=3469
prefill staging: layer=13 ne0=10 ne1=1 unique=10 runs=10 blocks=1 bytes=22.2 MiB pipe_us=2362 (pack_to_last_block_us=1292) barrier_us=2415
prefill staging: layer=14 ne0=10 ne1=1 unique=10 runs=10 blocks=1 bytes=22.2 MiB pipe_us=2590 (pack_to_last_block_us=1497) barrier_us=2701
prefill staging: layer=15 ne0=10 ne1=1 unique=10 runs=10 blocks=1 bytes=22.2 MiB pipe_us=2657 (pack_to_last_block_us=1490) barrier_us=3401
prefill staging: layer=16 ne0=10 ne1=1 unique=10 runs=10 blocks=1 bytes=22.2 MiB pipe_us=2786 (pack_to_last_block_us=1576) barrier_us=2854
prefill staging: layer=17 ne0=10 ne1=1 unique=10 runs=9 blocks=1 bytes=22.2 MiB pipe_us=2443 (pack_to_last_block_us=1368) barrier_us=2558
prefill staging: layer=18 ne0=10 ne1=1 unique=10 runs=9 blocks=1 bytes=22.2 MiB pipe_us=2567 (pack_to_last_block_us=1380) barrier_us=3248
prefill staging: layer=19 ne0=10 ne1=1 unique=10 runs=9 blocks=1 bytes=22.2 MiB pipe_us=2545 (pack_to_last_block_us=1440) barrier_us=2619
prefill staging: layer=20 ne0=10 ne1=1 unique=10 runs=9 blocks=1 bytes=22.2 MiB pipe_us=2362 (pack_to_last_block_us=1277) barrier_us=2485
prefill staging: layer=21 ne0=10 ne1=1 unique=10 runs=10 blocks=1 bytes=22.2 MiB pipe_us=2492 (pack_to_last_block_us=1381) barrier_us=2856
prefill staging: layer=22 ne0=10 ne1=1 unique=10 runs=10 blocks=1 bytes=22.2 MiB pipe_us=2642 (pack_to_last_block_us=1495) barrier_us=2740
prefill staging: layer=23 ne0=10 ne1=1 unique=10 runs=10 blocks=1 bytes=22.2 MiB pipe_us=2409 (pack_to_last_block_us=1292) barrier_us=2543
prefill staging: layer=24 ne0=10 ne1=1 unique=10 runs=10 blocks=1 bytes=22.2 MiB pipe_us=2389 (pack_to_last_block_us=1309) barrier_us=2445
prefill staging: layer=25 ne0=10 ne1=1 unique=10 runs=10 blocks=1 bytes=22.2 MiB pipe_us=2533 (pack_to_last_block_us=1438) barrier_us=2659
prefill staging: layer=26 ne0=10 ne1=1 unique=10 runs=10 blocks=1 bytes=22.2 MiB pipe_us=2894 (pack_to_last_block_us=1477) barrier_us=3058
prefill staging: layer=27 ne0=10 ne1=1 unique=10 runs=10 blocks=1 bytes=22.2 MiB pipe_us=2512 (pack_to_last_block_us=1409) barrier_us=2580
prefill staging: layer=28 ne0=10 ne1=1 unique=10 runs=10 blocks=1 bytes=22.2 MiB pipe_us=2412 (pack_to_last_block_us=1344) barrier_us=2533
prefill staging: layer=29 ne0=10 ne1=1 unique=10 runs=10 blocks=1 bytes=22.2 MiB pipe_us=2783 (pack_to_last_block_us=1522) barrier_us=2955
prefill staging: layer=30 ne0=10 ne1=1 unique=10 runs=10 blocks=1 bytes=30.0 MiB pipe_us=3094 (pack_to_last_block_us=1580) barrier_us=3158
prefill staging: layer=31 ne0=10 ne1=1 unique=10 runs=10 blocks=1 bytes=22.2 MiB pipe_us=2402 (pack_to_last_block_us=1285) barrier_us=2476
prefill staging: layer=32 ne0=10 ne1=1 unique=10 runs=10 blocks=1 bytes=22.2 MiB pipe_us=2685 (pack_to_last_block_us=1485) barrier_us=2836
prefill staging: layer=33 ne0=10 ne1=1 unique=10 runs=10 blocks=1 bytes=22.2 MiB pipe_us=2595 (pack_to_last_block_us=1479) barrier_us=2662
prefill staging: layer=34 ne0=10 ne1=1 unique=10 runs=10 blocks=1 bytes=22.2 MiB pipe_us=2406 (pack_to_last_block_us=1280) barrier_us=2561
prefill staging: layer=35 ne0=10 ne1=1 unique=10 runs=10 blocks=1 bytes=22.2 MiB pipe_us=2461 (pack_to_last_block_us=1294) barrier_us=2594
prefill staging: layer=36 ne0=10 ne1=1 unique=10 runs=10 blocks=1 bytes=22.2 MiB pipe_us=2480 (pack_to_last_block_us=1391) barrier_us=2541
prefill staging: layer=37 ne0=10 ne1=1 unique=10 runs=10 blocks=1 bytes=22.2 MiB pipe_us=2449 (pack_to_last_block_us=1363) barrier_us=2562
prefill staging: layer=38 ne0=10 ne1=1 unique=10 runs=9 blocks=1 bytes=22.2 MiB pipe_us=2521 (pack_to_last_block_us=1368) barrier_us=2585
prefill staging: layer=39 ne0=10 ne1=1 unique=10 runs=10 blocks=1 bytes=22.2 MiB pipe_us=2728 (pack_to_last_block_us=1597) barrier_us=2804
prefill staging: layer=40 ne0=10 ne1=1 unique=10 runs=10 blocks=1 bytes=22.2 MiB pipe_us=2692 (pack_to_last_block_us=1553) barrier_us=2855
prefill staging: layer=41 ne0=10 ne1=1 unique=10 runs=9 blocks=1 bytes=22.2 MiB pipe_us=3161 (pack_to_last_block_us=1827) barrier_us=3314
prefill staging: layer=42 ne0=10 ne1=1 unique=10 runs=9 blocks=1 bytes=22.2 MiB pipe_us=2601 (pack_to_last_block_us=1435) barrier_us=2704
prefill staging: layer=43 ne0=10 ne1=1 unique=10 runs=10 blocks=1 bytes=22.2 MiB pipe_us=2442 (pack_to_last_block_us=1357) barrier_us=2515
prefill staging: layer=44 ne0=10 ne1=1 unique=10 runs=10 blocks=1 bytes=22.2 MiB pipe_us=2691 (pack_to_last_block_us=1528) barrier_us=2810
prefill staging: layer=45 ne0=10 ne1=1 unique=10 runs=10 blocks=1 bytes=22.2 MiB pipe_us=2394 (pack_to_last_block_us=1307) barrier_us=2455
prefill staging: layer=46 ne0=10 ne1=1 unique=10 runs=10 blocks=1 bytes=30.0 MiB pipe_us=3321 (pack_to_last_block_us=1745) barrier_us=3464
prefill staging: layer=47 ne0=10 ne1=1 unique=10 runs=9 blocks=1 bytes=30.0 MiB pipe_us=5016 (pack_to_last_block_us=3481) barrier_us=5131
prefill staging: layer=0 ne0=10 ne1=1 unique=10 runs=10 blocks=1 bytes=22.2 MiB pipe_us=3199 (pack_to_last_block_us=2086) barrier_us=3334
prefill staging: layer=1 ne0=10 ne1=1 unique=10 runs=10 blocks=1 bytes=22.2 MiB pipe_us=2944 (pack_to_last_block_us=1618) barrier_us=3215
prefill staging: layer=2 ne0=10 ne1=1 unique=10 runs=8 blocks=1 bytes=33.2 MiB pipe_us=4498 (pack_to_last_block_us=2759) barrier_us=4625
prefill staging: layer=3 ne0=10 ne1=1 unique=10 runs=10 blocks=1 bytes=22.2 MiB pipe_us=3052 (pack_to_last_block_us=1938) barrier_us=3119
prefill staging: layer=4 ne0=10 ne1=1 unique=10 runs=10 blocks=1 bytes=30.0 MiB pipe_us=3953 (pack_to_last_block_us=2408) barrier_us=4091
prefill staging: layer=5 ne0=10 ne1=1 unique=10 runs=10 blocks=1 bytes=22.2 MiB pipe_us=2596 (pack_to_last_block_us=1502) barrier_us=2725
prefill staging: layer=6 ne0=10 ne1=1 unique=10 runs=10 blocks=1 bytes=22.2 MiB pipe_us=2753 (pack_to_last_block_us=1636) barrier_us=2869
prefill staging: layer=7 ne0=10 ne1=1 unique=10 runs=10 blocks=1 bytes=22.2 MiB pipe_us=2829 (pack_to_last_block_us=1730) barrier_us=2885
prefill staging: layer=8 ne0=10 ne1=1 unique=10 runs=10 blocks=1 bytes=22.2 MiB pipe_us=2504 (pack_to_last_block_us=1397) barrier_us=2626
prefill staging: layer=9 ne0=10 ne1=1 unique=10 runs=10 blocks=1 bytes=22.2 MiB pipe_us=2638 (pack_to_last_block_us=1435) barrier_us=2762
prefill staging: layer=10 ne0=10 ne1=1 unique=10 runs=10 blocks=1 bytes=22.2 MiB pipe_us=2684 (pack_to_last_block_us=1564) barrier_us=2756
prefill staging: layer=11 ne0=10 ne1=1 unique=10 runs=10 blocks=1 bytes=22.2 MiB pipe_us=2480 (pack_to_last_block_us=1406) barrier_us=2549
prefill staging: layer=12 ne0=10 ne1=1 unique=10 runs=9 blocks=1 bytes=22.2 MiB pipe_us=2726 (pack_to_last_block_us=1495) barrier_us=3276
prefill staging: layer=13 ne0=10 ne1=1 unique=10 runs=10 blocks=1 bytes=22.2 MiB pipe_us=3077 (pack_to_last_block_us=1949) barrier_us=3342
prefill staging: layer=14 ne0=10 ne1=1 unique=10 runs=10 blocks=1 bytes=22.2 MiB pipe_us=2604 (pack_to_last_block_us=1497) barrier_us=2670
prefill staging: layer=15 ne0=10 ne1=1 unique=10 runs=9 blocks=1 bytes=22.2 MiB pipe_us=2428 (pack_to_last_block_us=1367) barrier_us=2542
prefill staging: layer=16 ne0=10 ne1=1 unique=10 runs=10 blocks=1 bytes=22.2 MiB pipe_us=2612 (pack_to_last_block_us=1537) barrier_us=3258
prefill staging: layer=17 ne0=10 ne1=1 unique=10 runs=10 blocks=1 bytes=22.2 MiB pipe_us=2932 (pack_to_last_block_us=1839) barrier_us=3004
prefill staging: layer=18 ne0=10 ne1=1 unique=10 runs=9 blocks=1 bytes=22.2 MiB pipe_us=2470 (pack_to_last_block_us=1401) barrier_us=2591
prefill staging: layer=19 ne0=10 ne1=1 unique=10 runs=10 blocks=1 bytes=22.2 MiB pipe_us=2343 (pack_to_last_block_us=1279) barrier_us=2820
prefill staging: layer=20 ne0=10 ne1=1 unique=10 runs=10 blocks=1 bytes=22.2 MiB pipe_us=2653 (pack_to_last_block_us=1459) barrier_us=2722
prefill staging: layer=21 ne0=10 ne1=1 unique=10 runs=10 blocks=1 bytes=22.2 MiB pipe_us=2810 (pack_to_last_block_us=1655) barrier_us=2926
prefill staging: layer=22 ne0=10 ne1=1 unique=10 runs=10 blocks=1 bytes=22.2 MiB pipe_us=2523 (pack_to_last_block_us=1410) barrier_us=2580
prefill staging: layer=23 ne0=10 ne1=1 unique=10 runs=10 blocks=1 bytes=22.2 MiB pipe_us=2458 (pack_to_last_block_us=1333) barrier_us=2537
prefill staging: layer=24 ne0=10 ne1=1 unique=10 runs=10 blocks=1 bytes=22.2 MiB pipe_us=2701 (pack_to_last_block_us=1494) barrier_us=2818
prefill staging: layer=25 ne0=10 ne1=1 unique=10 runs=10 blocks=1 bytes=22.2 MiB pipe_us=2586 (pack_to_last_block_us=1458) barrier_us=2644
prefill staging: layer=26 ne0=10 ne1=1 unique=10 runs=10 blocks=1 bytes=22.2 MiB pipe_us=2388 (pack_to_last_block_us=1282) barrier_us=2518
prefill staging: layer=27 ne0=10 ne1=1 unique=10 runs=10 blocks=1 bytes=22.2 MiB pipe_us=2625 (pack_to_last_block_us=1476) barrier_us=2743
prefill staging: layer=28 ne0=10 ne1=1 unique=10 runs=9 blocks=1 bytes=22.2 MiB pipe_us=2851 (pack_to_last_block_us=1743) barrier_us=2930
prefill staging: layer=29 ne0=10 ne1=1 unique=10 runs=10 blocks=1 bytes=22.2 MiB pipe_us=2490 (pack_to_last_block_us=1410) barrier_us=2608
prefill staging: layer=30 ne0=10 ne1=1 unique=10 runs=10 blocks=1 bytes=30.0 MiB pipe_us=3403 (pack_to_last_block_us=1697) barrier_us=3510
prefill staging: layer=31 ne0=10 ne1=1 unique=10 runs=9 blocks=1 bytes=22.2 MiB pipe_us=2605 (pack_to_last_block_us=1487) barrier_us=2668
prefill staging: layer=32 ne0=10 ne1=1 unique=10 runs=10 blocks=1 bytes=22.2 MiB pipe_us=2315 (pack_to_last_block_us=1246) barrier_us=2380
prefill staging: layer=33 ne0=10 ne1=1 unique=10 runs=10 blocks=1 bytes=22.2 MiB pipe_us=2441 (pack_to_last_block_us=1331) barrier_us=2561
prefill staging: layer=34 ne0=10 ne1=1 unique=10 runs=9 blocks=1 bytes=22.2 MiB pipe_us=2917 (pack_to_last_block_us=1759) barrier_us=2986
prefill staging: layer=35 ne0=10 ne1=1 unique=10 runs=10 blocks=1 bytes=22.2 MiB pipe_us=2696 (pack_to_last_block_us=1557) barrier_us=2826
prefill staging: layer=36 ne0=10 ne1=1 unique=10 runs=10 blocks=1 bytes=22.2 MiB pipe_us=2407 (pack_to_last_block_us=1305) barrier_us=2839
prefill staging: layer=37 ne0=10 ne1=1 unique=10 runs=10 blocks=1 bytes=22.2 MiB pipe_us=2458 (pack_to_last_block_us=1346) barrier_us=2532
prefill staging: layer=38 ne0=10 ne1=1 unique=10 runs=10 blocks=1 bytes=22.2 MiB pipe_us=2828 (pack_to_last_block_us=1705) barrier_us=2944
prefill staging: layer=39 ne0=10 ne1=1 unique=10 runs=10 blocks=1 bytes=22.2 MiB pipe_us=2610 (pack_to_last_block_us=1482) barrier_us=3206
prefill staging: layer=40 ne0=10 ne1=1 unique=10 runs=9 blocks=1 bytes=22.2 MiB pipe_us=2667 (pack_to_last_block_us=1450) barrier_us=2809
prefill staging: layer=41 ne0=10 ne1=1 unique=10 runs=10 blocks=1 bytes=22.2 MiB pipe_us=2831 (pack_to_last_block_us=1679) barrier_us=2966
prefill staging: layer=42 ne0=10 ne1=1 unique=10 runs=10 blocks=1 bytes=22.2 MiB pipe_us=2749 (pack_to_last_block_us=1490) barrier_us=3188
prefill staging: layer=43 ne0=10 ne1=1 unique=10 runs=10 blocks=1 bytes=22.2 MiB pipe_us=2401 (pack_to_last_block_us=1307) barrier_us=2482
prefill staging: layer=44 ne0=10 ne1=1 unique=10 runs=10 blocks=1 bytes=22.2 MiB pipe_us=2714 (pack_to_last_block_us=1529) barrier_us=2856
prefill staging: layer=45 ne0=10 ne1=1 unique=10 runs=10 blocks=1 bytes=22.2 MiB pipe_us=2626 (pack_to_last_block_us=1408) barrier_us=2957
prefill staging: layer=46 ne0=10 ne1=1 unique=10 runs=10 blocks=1 bytes=30.0 MiB pipe_us=4365 (pack_to_last_block_us=2737) barrier_us=4653
prefill staging: layer=47 ne0=10 ne1=1 unique=10 runs=10 blocks=1 bytes=30.0 MiB pipe_us=4452 (pack_to_last_block_us=2836) barrier_us=4580
prefill staging: layer=0 ne0=10 ne1=1 unique=10 runs=10 blocks=1 bytes=22.2 MiB pipe_us=2808 (pack_to_last_block_us=1655) barrier_us=2874
prefill staging: layer=1 ne0=10 ne1=1 unique=10 runs=10 blocks=1 bytes=22.2 MiB pipe_us=2662 (pack_to_last_block_us=1527) barrier_us=2778
prefill staging: layer=2 ne0=10 ne1=1 unique=10 runs=9 blocks=1 bytes=33.2 MiB pipe_us=4031 (pack_to_last_block_us=2246) barrier_us=4160
prefill staging: layer=3 ne0=10 ne1=1 unique=10 runs=10 blocks=1 bytes=22.2 MiB pipe_us=2606 (pack_to_last_block_us=1416) barrier_us=3220
prefill staging: layer=4 ne0=10 ne1=1 unique=10 runs=10 blocks=1 bytes=30.0 MiB pipe_us=3761 (pack_to_last_block_us=2233) barrier_us=3828
prefill staging: layer=5 ne0=10 ne1=1 unique=10 runs=10 blocks=1 bytes=22.2 MiB pipe_us=2626 (pack_to_last_block_us=1457) barrier_us=2746
prefill staging: layer=6 ne0=10 ne1=1 unique=10 runs=10 blocks=1 bytes=22.2 MiB pipe_us=2604 (pack_to_last_block_us=1394) barrier_us=2720
prefill staging: layer=7 ne0=10 ne1=1 unique=10 runs=10 blocks=1 bytes=22.2 MiB pipe_us=2424 (pack_to_last_block_us=1331) barrier_us=2490
prefill staging: layer=8 ne0=10 ne1=1 unique=10 runs=10 blocks=1 bytes=22.2 MiB pipe_us=3460 (pack_to_last_block_us=2338) barrier_us=3587
prefill staging: layer=9 ne0=10 ne1=1 unique=10 runs=10 blocks=1 bytes=22.2 MiB pipe_us=3154 (pack_to_last_block_us=2017) barrier_us=3267
prefill staging: layer=10 ne0=10 ne1=1 unique=10 runs=10 blocks=1 bytes=22.2 MiB pipe_us=2875 (pack_to_last_block_us=1691) barrier_us=3413
prefill staging: layer=11 ne0=10 ne1=1 unique=10 runs=10 blocks=1 bytes=22.2 MiB pipe_us=3417 (pack_to_last_block_us=2275) barrier_us=3487
prefill staging: layer=12 ne0=10 ne1=1 unique=10 runs=10 blocks=1 bytes=22.2 MiB pipe_us=3045 (pack_to_last_block_us=1965) barrier_us=3160
prefill staging: layer=13 ne0=10 ne1=1 unique=10 runs=10 blocks=1 bytes=22.2 MiB pipe_us=2835 (pack_to_last_block_us=1752) barrier_us=2949
prefill staging: layer=14 ne0=10 ne1=1 unique=10 runs=10 blocks=1 bytes=22.2 MiB pipe_us=2568 (pack_to_last_block_us=1435) barrier_us=2637
prefill staging: layer=15 ne0=10 ne1=1 unique=10 runs=10 blocks=1 bytes=22.2 MiB pipe_us=2706 (pack_to_last_block_us=1580) barrier_us=2783
prefill staging: layer=16 ne0=10 ne1=1 unique=10 runs=10 blocks=1 bytes=22.2 MiB pipe_us=2489 (pack_to_last_block_us=1379) barrier_us=2625
prefill staging: layer=17 ne0=10 ne1=1 unique=10 runs=10 blocks=1 bytes=22.2 MiB pipe_us=2470 (pack_to_last_block_us=1322) barrier_us=3022
prefill staging: layer=18 ne0=10 ne1=1 unique=10 runs=9 blocks=1 bytes=22.2 MiB pipe_us=2678 (pack_to_last_block_us=1558) barrier_us=2810
prefill staging: layer=19 ne0=10 ne1=1 unique=10 runs=9 blocks=1 bytes=22.2 MiB pipe_us=3068 (pack_to_last_block_us=1905) barrier_us=3200
prefill staging: layer=20 ne0=10 ne1=1 unique=10 runs=9 blocks=1 bytes=22.2 MiB pipe_us=2852 (pack_to_last_block_us=1694) barrier_us=2972
prefill staging: layer=21 ne0=10 ne1=1 unique=10 runs=10 blocks=1 bytes=22.2 MiB pipe_us=2460 (pack_to_last_block_us=1374) barrier_us=2516
prefill staging: layer=22 ne0=10 ne1=1 unique=10 runs=10 blocks=1 bytes=22.2 MiB pipe_us=2712 (pack_to_last_block_us=1526) barrier_us=2859
prefill staging: layer=23 ne0=10 ne1=1 unique=10 runs=10 blocks=1 bytes=22.2 MiB pipe_us=3020 (pack_to_last_block_us=1837) barrier_us=3154
prefill staging: layer=24 ne0=10 ne1=1 unique=10 runs=10 blocks=1 bytes=22.2 MiB pipe_us=2346 (pack_to_last_block_us=1258) barrier_us=2425
prefill staging: layer=25 ne0=10 ne1=1 unique=10 runs=9 blocks=1 bytes=22.2 MiB pipe_us=2890 (pack_to_last_block_us=1790) barrier_us=3019
prefill staging: layer=26 ne0=10 ne1=1 unique=10 runs=10 blocks=1 bytes=22.2 MiB pipe_us=2792 (pack_to_last_block_us=1512) barrier_us=3276
prefill staging: layer=27 ne0=10 ne1=1 unique=10 runs=10 blocks=1 bytes=22.2 MiB pipe_us=2380 (pack_to_last_block_us=1310) barrier_us=2452
prefill staging: layer=28 ne0=10 ne1=1 unique=10 runs=10 blocks=1 bytes=22.2 MiB pipe_us=2702 (pack_to_last_block_us=1624) barrier_us=2841
prefill staging: layer=29 ne0=10 ne1=1 unique=10 runs=10 blocks=1 bytes=22.2 MiB pipe_us=2494 (pack_to_last_block_us=1378) barrier_us=2614
prefill staging: layer=30 ne0=10 ne1=1 unique=10 runs=10 blocks=1 bytes=30.0 MiB pipe_us=3399 (pack_to_last_block_us=1812) barrier_us=3489
prefill staging: layer=31 ne0=10 ne1=1 unique=10 runs=10 blocks=1 bytes=22.2 MiB pipe_us=2553 (pack_to_last_block_us=1482) barrier_us=2684
prefill staging: layer=32 ne0=10 ne1=1 unique=10 runs=10 blocks=1 bytes=22.2 MiB pipe_us=2578 (pack_to_last_block_us=1459) barrier_us=2716
prefill staging: layer=33 ne0=10 ne1=1 unique=10 runs=10 blocks=1 bytes=22.2 MiB pipe_us=2791 (pack_to_last_block_us=1584) barrier_us=2874
prefill staging: layer=34 ne0=10 ne1=1 unique=10 runs=10 blocks=1 bytes=22.2 MiB pipe_us=2600 (pack_to_last_block_us=1435) barrier_us=2720
prefill staging: layer=35 ne0=10 ne1=1 unique=10 runs=9 blocks=1 bytes=22.2 MiB pipe_us=2859 (pack_to_last_block_us=1751) barrier_us=2976
prefill staging: layer=36 ne0=10 ne1=1 unique=10 runs=10 blocks=1 bytes=22.2 MiB pipe_us=2432 (pack_to_last_block_us=1286) barrier_us=2746
prefill staging: layer=37 ne0=10 ne1=1 unique=10 runs=10 blocks=1 bytes=22.2 MiB pipe_us=2612 (pack_to_last_block_us=1508) barrier_us=2678
prefill staging: layer=38 ne0=10 ne1=1 unique=10 runs=10 blocks=1 bytes=22.2 MiB pipe_us=2651 (pack_to_last_block_us=1500) barrier_us=2771
prefill staging: layer=39 ne0=10 ne1=1 unique=10 runs=10 blocks=1 bytes=22.2 MiB pipe_us=2600 (pack_to_last_block_us=1441) barrier_us=2780
prefill staging: layer=40 ne0=10 ne1=1 unique=10 runs=10 blocks=1 bytes=22.2 MiB pipe_us=2513 (pack_to_last_block_us=1368) barrier_us=2666
prefill staging: layer=41 ne0=10 ne1=1 unique=10 runs=10 blocks=1 bytes=22.2 MiB pipe_us=2533 (pack_to_last_block_us=1429) barrier_us=2658
prefill staging: layer=42 ne0=10 ne1=1 unique=10 runs=10 blocks=1 bytes=22.2 MiB pipe_us=2479 (pack_to_last_block_us=1342) barrier_us=2535
prefill staging: layer=43 ne0=10 ne1=1 unique=10 runs=10 blocks=1 bytes=22.2 MiB pipe_us=2449 (pack_to_last_block_us=1352) barrier_us=2501
prefill staging: layer=44 ne0=10 ne1=1 unique=10 runs=10 blocks=1 bytes=22.2 MiB pipe_us=2675 (pack_to_last_block_us=1515) barrier_us=2789
prefill staging: layer=45 ne0=10 ne1=1 unique=10 runs=10 blocks=1 bytes=22.2 MiB pipe_us=2481 (pack_to_last_block_us=1370) barrier_us=2560
prefill staging: layer=46 ne0=10 ne1=1 unique=10 runs=10 blocks=1 bytes=30.0 MiB pipe_us=3152 (pack_to_last_block_us=1596) barrier_us=3277
prefill staging: layer=47 ne0=10 ne1=1 unique=10 runs=9 blocks=1 bytes=30.0 MiB pipe_us=4352 (pack_to_last_block_us=2755) barrier_us=4464
prefill staging: layer=0 ne0=10 ne1=1 unique=10 runs=10 blocks=1 bytes=22.2 MiB pipe_us=2618 (pack_to_last_block_us=1463) barrier_us=2714
prefill staging: layer=1 ne0=10 ne1=1 unique=10 runs=10 blocks=1 bytes=22.2 MiB pipe_us=2540 (pack_to_last_block_us=1384) barrier_us=2682
prefill staging: layer=2 ne0=10 ne1=1 unique=10 runs=9 blocks=1 bytes=33.2 MiB pipe_us=3871 (pack_to_last_block_us=2108) barrier_us=4045
prefill staging: layer=3 ne0=10 ne1=1 unique=10 runs=10 blocks=1 bytes=22.2 MiB pipe_us=3004 (pack_to_last_block_us=1848) barrier_us=3565
prefill staging: layer=4 ne0=10 ne1=1 unique=10 runs=9 blocks=1 bytes=30.0 MiB pipe_us=3642 (pack_to_last_block_us=2058) barrier_us=3716
prefill staging: layer=5 ne0=10 ne1=1 unique=10 runs=10 blocks=1 bytes=22.2 MiB pipe_us=2457 (pack_to_last_block_us=1367) barrier_us=2581
prefill staging: layer=6 ne0=10 ne1=1 unique=10 runs=10 blocks=1 bytes=22.2 MiB pipe_us=2775 (pack_to_last_block_us=1616) barrier_us=2899
prefill staging: layer=7 ne0=10 ne1=1 unique=10 runs=10 blocks=1 bytes=22.2 MiB pipe_us=2517 (pack_to_last_block_us=1393) barrier_us=2592
prefill staging: layer=8 ne0=10 ne1=1 unique=10 runs=10 blocks=1 bytes=22.2 MiB pipe_us=2438 (pack_to_last_block_us=1339) barrier_us=2496
prefill staging: layer=9 ne0=10 ne1=1 unique=10 runs=9 blocks=1 bytes=22.2 MiB pipe_us=2444 (pack_to_last_block_us=1258) barrier_us=2569
prefill staging: layer=10 ne0=10 ne1=1 unique=10 runs=10 blocks=1 bytes=22.2 MiB pipe_us=2626 (pack_to_last_block_us=1510) barrier_us=2705
prefill staging: layer=11 ne0=10 ne1=1 unique=10 runs=10 blocks=1 bytes=22.2 MiB pipe_us=2507 (pack_to_last_block_us=1410) barrier_us=2634
prefill staging: layer=12 ne0=10 ne1=1 unique=10 runs=10 blocks=1 bytes=22.2 MiB pipe_us=2633 (pack_to_last_block_us=1374) barrier_us=2750
prefill staging: layer=13 ne0=10 ne1=1 unique=10 runs=10 blocks=1 bytes=22.2 MiB pipe_us=2504 (pack_to_last_block_us=1433) barrier_us=2559
prefill staging: layer=14 ne0=10 ne1=1 unique=10 runs=10 blocks=1 bytes=22.2 MiB pipe_us=2816 (pack_to_last_block_us=1725) barrier_us=2938
prefill staging: layer=15 ne0=10 ne1=1 unique=10 runs=9 blocks=1 bytes=22.2 MiB pipe_us=2664 (pack_to_last_block_us=1466) barrier_us=2817
prefill staging: layer=16 ne0=10 ne1=1 unique=10 runs=10 blocks=1 bytes=22.2 MiB pipe_us=2638 (pack_to_last_block_us=1481) barrier_us=2716
prefill staging: layer=17 ne0=10 ne1=1 unique=10 runs=10 blocks=1 bytes=22.2 MiB pipe_us=2665 (pack_to_last_block_us=1574) barrier_us=2796
prefill staging: layer=18 ne0=10 ne1=1 unique=10 runs=9 blocks=1 bytes=22.2 MiB pipe_us=2884 (pack_to_last_block_us=1658) barrier_us=3001
prefill staging: layer=19 ne0=10 ne1=1 unique=10 runs=10 blocks=1 bytes=22.2 MiB pipe_us=2404 (pack_to_last_block_us=1320) barrier_us=2453
prefill staging: layer=20 ne0=10 ne1=1 unique=10 runs=10 blocks=1 bytes=22.2 MiB pipe_us=3178 (pack_to_last_block_us=2053) barrier_us=3299
prefill staging: layer=21 ne0=10 ne1=1 unique=10 runs=10 blocks=1 bytes=22.2 MiB pipe_us=2812 (pack_to_last_block_us=1609) barrier_us=2944
prefill staging: layer=22 ne0=10 ne1=1 unique=10 runs=10 blocks=1 bytes=22.2 MiB pipe_us=2454 (pack_to_last_block_us=1371) barrier_us=2523
prefill staging: layer=23 ne0=10 ne1=1 unique=10 runs=10 blocks=1 bytes=22.2 MiB pipe_us=2646 (pack_to_last_block_us=1500) barrier_us=2776
prefill staging: layer=24 ne0=10 ne1=1 unique=10 runs=10 blocks=1 bytes=22.2 MiB pipe_us=2651 (pack_to_last_block_us=1451) barrier_us=3067
prefill staging: layer=25 ne0=10 ne1=1 unique=10 runs=10 blocks=1 bytes=22.2 MiB pipe_us=2476 (pack_to_last_block_us=1376) barrier_us=2636
prefill staging: layer=26 ne0=10 ne1=1 unique=10 runs=10 blocks=1 bytes=22.2 MiB pipe_us=2701 (pack_to_last_block_us=1597) barrier_us=2826
prefill staging: layer=27 ne0=10 ne1=1 unique=10 runs=10 blocks=1 bytes=22.2 MiB pipe_us=2696 (pack_to_last_block_us=1562) barrier_us=2820
prefill staging: layer=28 ne0=10 ne1=1 unique=10 runs=10 blocks=1 bytes=22.2 MiB pipe_us=2571 (pack_to_last_block_us=1470) barrier_us=2650
prefill staging: layer=29 ne0=10 ne1=1 unique=10 runs=10 blocks=1 bytes=22.2 MiB pipe_us=2563 (pack_to_last_block_us=1467) barrier_us=2679
prefill staging: layer=30 ne0=10 ne1=1 unique=10 runs=10 blocks=1 bytes=30.0 MiB pipe_us=3658 (pack_to_last_block_us=1912) barrier_us=3781
prefill staging: layer=31 ne0=10 ne1=1 unique=10 runs=9 blocks=1 bytes=22.2 MiB pipe_us=2985 (pack_to_last_block_us=1671) barrier_us=3169
prefill staging: layer=32 ne0=10 ne1=1 unique=10 runs=10 blocks=1 bytes=22.2 MiB pipe_us=2386 (pack_to_last_block_us=1306) barrier_us=2452
prefill staging: layer=33 ne0=10 ne1=1 unique=10 runs=10 blocks=1 bytes=22.2 MiB pipe_us=2499 (pack_to_last_block_us=1363) barrier_us=2607
prefill staging: layer=34 ne0=10 ne1=1 unique=10 runs=10 blocks=1 bytes=22.2 MiB pipe_us=2423 (pack_to_last_block_us=1298) barrier_us=2508
prefill staging: layer=35 ne0=10 ne1=1 unique=10 runs=10 blocks=1 bytes=22.2 MiB pipe_us=2633 (pack_to_last_block_us=1515) barrier_us=2715
prefill staging: layer=36 ne0=10 ne1=1 unique=10 runs=10 blocks=1 bytes=22.2 MiB pipe_us=2592 (pack_to_last_block_us=1428) barrier_us=2705
prefill staging: layer=37 ne0=10 ne1=1 unique=10 runs=10 blocks=1 bytes=22.2 MiB pipe_us=2370 (pack_to_last_block_us=1300) barrier_us=2422
prefill staging: layer=38 ne0=10 ne1=1 unique=10 runs=10 blocks=1 bytes=22.2 MiB pipe_us=2755 (pack_to_last_block_us=1603) barrier_us=2881
prefill staging: layer=39 ne0=10 ne1=1 unique=10 runs=9 blocks=1 bytes=22.2 MiB pipe_us=3132 (pack_to_last_block_us=1927) barrier_us=3285
prefill staging: layer=40 ne0=10 ne1=1 unique=10 runs=9 blocks=1 bytes=22.2 MiB pipe_us=2574 (pack_to_last_block_us=1447) barrier_us=2937
prefill staging: layer=41 ne0=10 ne1=1 unique=10 runs=10 blocks=1 bytes=22.2 MiB pipe_us=2492 (pack_to_last_block_us=1382) barrier_us=2573
prefill staging: layer=42 ne0=10 ne1=1 unique=10 runs=9 blocks=1 bytes=22.2 MiB pipe_us=3101 (pack_to_last_block_us=1941) barrier_us=3219
prefill staging: layer=43 ne0=10 ne1=1 unique=10 runs=10 blocks=1 bytes=22.2 MiB pipe_us=2592 (pack_to_last_block_us=1399) barrier_us=2731
prefill staging: layer=44 ne0=10 ne1=1 unique=10 runs=9 blocks=1 bytes=22.2 MiB pipe_us=2443 (pack_to_last_block_us=1350) barrier_us=2498
prefill staging: layer=45 ne0=10 ne1=1 unique=10 runs=10 blocks=1 bytes=22.2 MiB pipe_us=2414 (pack_to_last_block_us=1331) barrier_us=2531
prefill staging: layer=46 ne0=10 ne1=1 unique=10 runs=10 blocks=1 bytes=30.0 MiB pipe_us=3493 (pack_to_last_block_us=1825) barrier_us=3736
prefill staging: layer=47 ne0=10 ne1=1 unique=10 runs=10 blocks=1 bytes=30.0 MiB pipe_us=4411 (pack_to_last_block_us=2808) barrier_us=4546
prefill staging: layer=0 ne0=10 ne1=1 unique=10 runs=10 blocks=1 bytes=22.2 MiB pipe_us=2612 (pack_to_last_block_us=1474) barrier_us=2677
prefill staging: layer=1 ne0=10 ne1=1 unique=10 runs=10 blocks=1 bytes=22.2 MiB pipe_us=3136 (pack_to_last_block_us=2031) barrier_us=3265
prefill staging: layer=2 ne0=10 ne1=1 unique=10 runs=9 blocks=1 bytes=33.2 MiB pipe_us=3816 (pack_to_last_block_us=2039) barrier_us=3932
prefill staging: layer=3 ne0=10 ne1=1 unique=10 runs=10 blocks=1 bytes=22.2 MiB pipe_us=3581 (pack_to_last_block_us=2433) barrier_us=3711
prefill staging: layer=4 ne0=10 ne1=1 unique=10 runs=10 blocks=1 bytes=30.0 MiB pipe_us=3689 (pack_to_last_block_us=2066) barrier_us=4416
prefill staging: layer=5 ne0=10 ne1=1 unique=10 runs=10 blocks=1 bytes=22.2 MiB pipe_us=2528 (pack_to_last_block_us=1442) barrier_us=2584
prefill staging: layer=6 ne0=10 ne1=1 unique=10 runs=10 blocks=1 bytes=22.2 MiB pipe_us=2444 (pack_to_last_block_us=1385) barrier_us=2562
prefill staging: layer=7 ne0=10 ne1=1 unique=10 runs=10 blocks=1 bytes=22.2 MiB pipe_us=2365 (pack_to_last_block_us=1254) barrier_us=2551
prefill staging: layer=8 ne0=10 ne1=1 unique=10 runs=10 blocks=1 bytes=22.2 MiB pipe_us=2464 (pack_to_last_block_us=1366) barrier_us=2533
prefill staging: layer=9 ne0=10 ne1=1 unique=10 runs=10 blocks=1 bytes=22.2 MiB pipe_us=2589 (pack_to_last_block_us=1372) barrier_us=2764
prefill staging: layer=10 ne0=10 ne1=1 unique=10 runs=10 blocks=1 bytes=22.2 MiB pipe_us=2623 (pack_to_last_block_us=1468) barrier_us=2709
prefill staging: layer=11 ne0=10 ne1=1 unique=10 runs=10 blocks=1 bytes=22.2 MiB pipe_us=2644 (pack_to_last_block_us=1491) barrier_us=2701
prefill staging: layer=12 ne0=10 ne1=1 unique=10 runs=9 blocks=1 bytes=22.2 MiB pipe_us=3159 (pack_to_last_block_us=2040) barrier_us=3292
prefill staging: layer=13 ne0=10 ne1=1 unique=10 runs=10 blocks=1 bytes=22.2 MiB pipe_us=2473 (pack_to_last_block_us=1343) barrier_us=3160
prefill staging: layer=14 ne0=10 ne1=1 unique=10 runs=10 blocks=1 bytes=22.2 MiB pipe_us=2580 (pack_to_last_block_us=1461) barrier_us=2645
prefill staging: layer=15 ne0=10 ne1=1 unique=10 runs=9 blocks=1 bytes=22.2 MiB pipe_us=2534 (pack_to_last_block_us=1414) barrier_us=2652
prefill staging: layer=16 ne0=10 ne1=1 unique=10 runs=9 blocks=1 bytes=22.2 MiB pipe_us=3318 (pack_to_last_block_us=1989) barrier_us=3458
prefill staging: layer=17 ne0=10 ne1=1 unique=10 runs=10 blocks=1 bytes=22.2 MiB pipe_us=2592 (pack_to_last_block_us=1477) barrier_us=2657
prefill staging: layer=18 ne0=10 ne1=1 unique=10 runs=10 blocks=1 bytes=22.2 MiB pipe_us=2781 (pack_to_last_block_us=1616) barrier_us=2907
prefill staging: layer=19 ne0=10 ne1=1 unique=10 runs=10 blocks=1 bytes=22.2 MiB pipe_us=2719 (pack_to_last_block_us=1540) barrier_us=2836
prefill staging: layer=20 ne0=10 ne1=1 unique=10 runs=10 blocks=1 bytes=22.2 MiB pipe_us=3058 (pack_to_last_block_us=1907) barrier_us=3154
prefill staging: layer=21 ne0=10 ne1=1 unique=10 runs=10 blocks=1 bytes=22.2 MiB pipe_us=2433 (pack_to_last_block_us=1364) barrier_us=2553
prefill staging: layer=22 ne0=10 ne1=1 unique=10 runs=10 blocks=1 bytes=22.2 MiB pipe_us=2555 (pack_to_last_block_us=1410) barrier_us=2830
prefill staging: layer=23 ne0=10 ne1=1 unique=10 runs=10 blocks=1 bytes=22.2 MiB pipe_us=2907 (pack_to_last_block_us=1800) barrier_us=2972
prefill staging: layer=24 ne0=10 ne1=1 unique=10 runs=10 blocks=1 bytes=22.2 MiB pipe_us=3030 (pack_to_last_block_us=1903) barrier_us=3108
prefill staging: layer=25 ne0=10 ne1=1 unique=10 runs=10 blocks=1 bytes=22.2 MiB pipe_us=3022 (pack_to_last_block_us=1867) barrier_us=3138
prefill staging: layer=26 ne0=10 ne1=1 unique=10 runs=10 blocks=1 bytes=22.2 MiB pipe_us=2678 (pack_to_last_block_us=1446) barrier_us=3468
prefill staging: layer=27 ne0=10 ne1=1 unique=10 runs=10 blocks=1 bytes=22.2 MiB pipe_us=2525 (pack_to_last_block_us=1428) barrier_us=2597
prefill staging: layer=28 ne0=10 ne1=1 unique=10 runs=10 blocks=1 bytes=22.2 MiB pipe_us=2566 (pack_to_last_block_us=1465) barrier_us=2694
prefill staging: layer=29 ne0=10 ne1=1 unique=10 runs=10 blocks=1 bytes=22.2 MiB pipe_us=2706 (pack_to_last_block_us=1494) barrier_us=3031
prefill staging: layer=30 ne0=10 ne1=1 unique=10 runs=10 blocks=1 bytes=30.0 MiB pipe_us=3425 (pack_to_last_block_us=1808) barrier_us=4202
prefill staging: layer=31 ne0=10 ne1=1 unique=10 runs=10 blocks=1 bytes=22.2 MiB pipe_us=2451 (pack_to_last_block_us=1359) barrier_us=2518
prefill staging: layer=32 ne0=10 ne1=1 unique=10 runs=10 blocks=1 bytes=22.2 MiB pipe_us=2746 (pack_to_last_block_us=1557) barrier_us=2874
prefill staging: layer=33 ne0=10 ne1=1 unique=10 runs=10 blocks=1 bytes=22.2 MiB pipe_us=2612 (pack_to_last_block_us=1405) barrier_us=3062
prefill staging: layer=34 ne0=10 ne1=1 unique=10 runs=9 blocks=1 bytes=22.2 MiB pipe_us=2541 (pack_to_last_block_us=1449) barrier_us=2603
prefill staging: layer=35 ne0=10 ne1=1 unique=10 runs=10 blocks=1 bytes=22.2 MiB pipe_us=2522 (pack_to_last_block_us=1425) barrier_us=2640
prefill staging: layer=36 ne0=10 ne1=1 unique=10 runs=10 blocks=1 bytes=22.2 MiB pipe_us=2661 (pack_to_last_block_us=1472) barrier_us=3355
prefill staging: layer=37 ne0=10 ne1=1 unique=10 runs=10 blocks=1 bytes=22.2 MiB pipe_us=2510 (pack_to_last_block_us=1419) barrier_us=2570
prefill staging: layer=38 ne0=10 ne1=1 unique=10 runs=10 blocks=1 bytes=22.2 MiB pipe_us=2527 (pack_to_last_block_us=1429) barrier_us=2644
prefill staging: layer=39 ne0=10 ne1=1 unique=10 runs=10 blocks=1 bytes=22.2 MiB pipe_us=2524 (pack_to_last_block_us=1356) barrier_us=3090
prefill staging: layer=40 ne0=10 ne1=1 unique=10 runs=10 blocks=1 bytes=22.2 MiB pipe_us=2619 (pack_to_last_block_us=1485) barrier_us=2689
prefill staging: layer=41 ne0=10 ne1=1 unique=10 runs=10 blocks=1 bytes=22.2 MiB pipe_us=2464 (pack_to_last_block_us=1385) barrier_us=2593
prefill staging: layer=42 ne0=10 ne1=1 unique=10 runs=10 blocks=1 bytes=22.2 MiB pipe_us=2518 (pack_to_last_block_us=1369) barrier_us=2945
prefill staging: layer=43 ne0=10 ne1=1 unique=10 runs=9 blocks=1 bytes=22.2 MiB pipe_us=2739 (pack_to_last_block_us=1638) barrier_us=2794
prefill staging: layer=44 ne0=10 ne1=1 unique=10 runs=9 blocks=1 bytes=22.2 MiB pipe_us=3033 (pack_to_last_block_us=1923) barrier_us=3154
prefill staging: layer=45 ne0=10 ne1=1 unique=10 runs=10 blocks=1 bytes=22.2 MiB pipe_us=2535 (pack_to_last_block_us=1354) barrier_us=3035
prefill staging: layer=46 ne0=10 ne1=1 unique=10 runs=10 blocks=1 bytes=30.0 MiB pipe_us=3310 (pack_to_last_block_us=1731) barrier_us=3367
prefill staging: layer=47 ne0=10 ne1=1 unique=10 runs=10 blocks=1 bytes=30.0 MiB pipe_us=4780 (pack_to_last_block_us=3150) barrier_us=5220
prefill staging: layer=0 ne0=10 ne1=1 unique=10 runs=10 blocks=1 bytes=22.2 MiB pipe_us=3431 (pack_to_last_block_us=2184) barrier_us=3908
prefill staging: layer=1 ne0=10 ne1=1 unique=10 runs=10 blocks=1 bytes=22.2 MiB pipe_us=2753 (pack_to_last_block_us=1629) barrier_us=2827
prefill staging: layer=2 ne0=10 ne1=1 unique=10 runs=10 blocks=1 bytes=33.2 MiB pipe_us=4994 (pack_to_last_block_us=3212) barrier_us=5134
prefill staging: layer=3 ne0=10 ne1=1 unique=10 runs=10 blocks=1 bytes=22.2 MiB pipe_us=3032 (pack_to_last_block_us=1902) barrier_us=3103
prefill staging: layer=4 ne0=10 ne1=1 unique=10 runs=10 blocks=1 bytes=30.0 MiB pipe_us=3135 (pack_to_last_block_us=1603) barrier_us=3254
prefill staging: layer=5 ne0=10 ne1=1 unique=10 runs=10 blocks=1 bytes=22.2 MiB pipe_us=2542 (pack_to_last_block_us=1307) barrier_us=2722
prefill staging: layer=6 ne0=10 ne1=1 unique=10 runs=9 blocks=1 bytes=22.2 MiB pipe_us=2861 (pack_to_last_block_us=1771) barrier_us=2916
prefill staging: layer=7 ne0=10 ne1=1 unique=10 runs=10 blocks=1 bytes=22.2 MiB pipe_us=2435 (pack_to_last_block_us=1356) barrier_us=2500
prefill staging: layer=8 ne0=10 ne1=1 unique=10 runs=10 blocks=1 bytes=22.2 MiB pipe_us=3267 (pack_to_last_block_us=2187) barrier_us=3391
prefill staging: layer=9 ne0=10 ne1=1 unique=10 runs=10 blocks=1 bytes=22.2 MiB pipe_us=2739 (pack_to_last_block_us=1559) barrier_us=2952
prefill staging: layer=10 ne0=10 ne1=1 unique=10 runs=10 blocks=1 bytes=22.2 MiB pipe_us=2613 (pack_to_last_block_us=1495) barrier_us=2766
prefill staging: layer=11 ne0=10 ne1=1 unique=10 runs=10 blocks=1 bytes=22.2 MiB pipe_us=2872 (pack_to_last_block_us=1798) barrier_us=3022
prefill staging: layer=12 ne0=10 ne1=1 unique=10 runs=10 blocks=1 bytes=22.2 MiB pipe_us=3059 (pack_to_last_block_us=1946) barrier_us=3174
prefill staging: layer=13 ne0=10 ne1=1 unique=10 runs=10 blocks=1 bytes=22.2 MiB pipe_us=2439 (pack_to_last_block_us=1361) barrier_us=2513
prefill staging: layer=14 ne0=10 ne1=1 unique=10 runs=10 blocks=1 bytes=22.2 MiB pipe_us=2626 (pack_to_last_block_us=1514) barrier_us=2743
prefill staging: layer=15 ne0=10 ne1=1 unique=10 runs=10 blocks=1 bytes=22.2 MiB pipe_us=2816 (pack_to_last_block_us=1695) barrier_us=2941
prefill staging: layer=16 ne0=10 ne1=1 unique=10 runs=10 blocks=1 bytes=22.2 MiB pipe_us=2574 (pack_to_last_block_us=1472) barrier_us=2662
prefill staging: layer=17 ne0=10 ne1=1 unique=10 runs=10 blocks=1 bytes=22.2 MiB pipe_us=2686 (pack_to_last_block_us=1515) barrier_us=2834
prefill staging: layer=18 ne0=10 ne1=1 unique=10 runs=9 blocks=1 bytes=22.2 MiB pipe_us=2640 (pack_to_last_block_us=1354) barrier_us=3433
prefill staging: layer=19 ne0=10 ne1=1 unique=10 runs=10 blocks=1 bytes=22.2 MiB pipe_us=3137 (pack_to_last_block_us=2021) barrier_us=3216
prefill staging: layer=20 ne0=10 ne1=1 unique=10 runs=10 blocks=1 bytes=22.2 MiB pipe_us=3206 (pack_to_last_block_us=2115) barrier_us=3333
prefill staging: layer=21 ne0=10 ne1=1 unique=10 runs=10 blocks=1 bytes=22.2 MiB pipe_us=2641 (pack_to_last_block_us=1529) barrier_us=2767
prefill staging: layer=22 ne0=10 ne1=1 unique=10 runs=10 blocks=1 bytes=22.2 MiB pipe_us=2388 (pack_to_last_block_us=1308) barrier_us=2449
prefill staging: layer=23 ne0=10 ne1=1 unique=10 runs=10 blocks=1 bytes=22.2 MiB pipe_us=2570 (pack_to_last_block_us=1507) barrier_us=2683
prefill staging: layer=24 ne0=10 ne1=1 unique=10 runs=10 blocks=1 bytes=22.2 MiB pipe_us=3102 (pack_to_last_block_us=1988) barrier_us=3225
prefill staging: layer=25 ne0=10 ne1=1 unique=10 runs=10 blocks=1 bytes=22.2 MiB pipe_us=2572 (pack_to_last_block_us=1357) barrier_us=2641
prefill staging: layer=26 ne0=10 ne1=1 unique=10 runs=10 blocks=1 bytes=22.2 MiB pipe_us=2601 (pack_to_last_block_us=1514) barrier_us=2715
prefill staging: layer=27 ne0=10 ne1=1 unique=10 runs=9 blocks=1 bytes=22.2 MiB pipe_us=2745 (pack_to_last_block_us=1571) barrier_us=2862
prefill staging: layer=28 ne0=10 ne1=1 unique=10 runs=10 blocks=1 bytes=22.2 MiB pipe_us=2697 (pack_to_last_block_us=1458) barrier_us=2779
prefill staging: layer=29 ne0=10 ne1=1 unique=10 runs=10 blocks=1 bytes=22.2 MiB pipe_us=2575 (pack_to_last_block_us=1467) barrier_us=2654
prefill staging: layer=30 ne0=10 ne1=1 unique=10 runs=10 blocks=1 bytes=30.0 MiB pipe_us=3377 (pack_to_last_block_us=1798) barrier_us=3494
prefill staging: layer=31 ne0=10 ne1=1 unique=10 runs=10 blocks=1 bytes=22.2 MiB pipe_us=2878 (pack_to_last_block_us=1583) barrier_us=3318
prefill staging: layer=32 ne0=10 ne1=1 unique=10 runs=10 blocks=1 bytes=22.2 MiB pipe_us=2481 (pack_to_last_block_us=1378) barrier_us=2586
prefill staging: layer=33 ne0=10 ne1=1 unique=10 runs=10 blocks=1 bytes=22.2 MiB pipe_us=2218 (pack_to_last_block_us=1148) barrier_us=2338
prefill staging: layer=34 ne0=10 ne1=1 unique=10 runs=9 blocks=1 bytes=22.2 MiB pipe_us=2415 (pack_to_last_block_us=1249) barrier_us=2531
prefill staging: layer=35 ne0=10 ne1=1 unique=10 runs=10 blocks=1 bytes=22.2 MiB pipe_us=2601 (pack_to_last_block_us=1480) barrier_us=2668
prefill staging: layer=36 ne0=10 ne1=1 unique=10 runs=9 blocks=1 bytes=22.2 MiB pipe_us=2541 (pack_to_last_block_us=1456) barrier_us=2653
prefill staging: layer=37 ne0=10 ne1=1 unique=10 runs=9 blocks=1 bytes=22.2 MiB pipe_us=2413 (pack_to_last_block_us=1293) barrier_us=2502
prefill staging: layer=38 ne0=10 ne1=1 unique=10 runs=10 blocks=1 bytes=22.2 MiB pipe_us=2629 (pack_to_last_block_us=1509) barrier_us=2690
prefill staging: layer=39 ne0=10 ne1=1 unique=10 runs=9 blocks=1 bytes=22.2 MiB pipe_us=2489 (pack_to_last_block_us=1382) barrier_us=2601
prefill staging: layer=40 ne0=10 ne1=1 unique=10 runs=10 blocks=1 bytes=22.2 MiB pipe_us=2352 (pack_to_last_block_us=1242) barrier_us=2428
prefill staging: layer=41 ne0=10 ne1=1 unique=10 runs=10 blocks=1 bytes=22.2 MiB pipe_us=2630 (pack_to_last_block_us=1487) barrier_us=2773
prefill staging: layer=42 ne0=10 ne1=1 unique=10 runs=10 blocks=1 bytes=22.2 MiB pipe_us=2740 (pack_to_last_block_us=1440) barrier_us=2881
prefill staging: layer=43 ne0=10 ne1=1 unique=10 runs=10 blocks=1 bytes=22.2 MiB pipe_us=2645 (pack_to_last_block_us=1494) barrier_us=2700
prefill staging: layer=44 ne0=10 ne1=1 unique=10 runs=10 blocks=1 bytes=22.2 MiB pipe_us=2624 (pack_to_last_block_us=1496) barrier_us=2778
prefill staging: layer=45 ne0=10 ne1=1 unique=10 runs=10 blocks=1 bytes=22.2 MiB pipe_us=2926 (pack_to_last_block_us=1524) barrier_us=3083
prefill staging: layer=46 ne0=10 ne1=1 unique=10 runs=10 blocks=1 bytes=30.0 MiB pipe_us=3475 (pack_to_last_block_us=1876) barrier_us=3978
prefill staging: layer=47 ne0=10 ne1=1 unique=10 runs=10 blocks=1 bytes=30.0 MiB pipe_us=4809 (pack_to_last_block_us=3095) barrier_us=4989
PREFILL_COLD_ONLY prompt=16363 n_batch=6144 n_ubatch=6144 prefill_ms=23105.159 tok_s=708.197
~llama_context:      CUDA0 compute buffer size is 6120.0000 MiB, matches expectation of 6120.0000 MiB
~llama_context:  CUDA_Host compute buffer size is 426.8555 MiB, matches expectation of 426.8555 MiB
