ggml_cuda_init: found 1 CUDA devices (Total VRAM: 16375 MiB):
  Device 0: NVIDIA GeForce RTX 4080 SUPER, compute capability 8.9, VMM: yes, VRAM: 16375 MiB
llama_model_loader: additional 2 GGUFs metadata loaded.
llama_model_loader: loaded meta data with 67 key-value pairs and 1224 tensors from E:\AI\Models\Qwen3.8-Flash-Next-UD-IQ4_XS\Qwen3.8-Flash-Next-UD-IQ4_XS-00001-of-00003.gguf (version GGUF V3 (latest))
llama_model_loader: Dumping metadata keys/values. Note: KV overrides do not apply in this output.
llama_model_loader: - kv   0:                       general.architecture str              = qwen4exp
llama_model_loader: - kv   1:                               general.type str              = model
llama_model_loader: - kv   2:                     general.sampling.top_k i32              = 20
llama_model_loader: - kv   3:                     general.sampling.top_p f32              = 0.950000
llama_model_loader: - kv   4:                      general.sampling.temp f32              = 1.000000
llama_model_loader: - kv   5:                               general.name str              = Qwen3.8 Flash Next
llama_model_loader: - kv   6:                        general.description str              = A Preview of the Qwen4 Architecture
llama_model_loader: - kv   7:                         general.size_label str              = 512x56B
llama_model_loader: - kv   8:                       qwen4exp.block_count u32              = 48
llama_model_loader: - kv   9:                    qwen4exp.context_length u32              = 262144
llama_model_loader: - kv  10:                  qwen4exp.embedding_length u32              = 2560
llama_model_loader: - kv  11:              qwen4exp.attention.head_count u32              = 24
llama_model_loader: - kv  12:           qwen4exp.attention.head_count_kv u32              = 2
llama_model_loader: - kv  13:           qwen4exp.rope.dimension_sections arr[i32,4]       = [11, 11, 10, 0]
llama_model_loader: - kv  14:                    qwen4exp.rope.freq_base f32              = 10000000.000000
llama_model_loader: - kv  15:  qwen4exp.attention.layer_norm_rms_epsilon f32              = 0.000001
llama_model_loader: - kv  16:                      qwen4exp.expert_count u32              = 512
llama_model_loader: - kv  17:                 qwen4exp.expert_used_count u32              = 10
llama_model_loader: - kv  18:              qwen4exp.attention.key_length u32              = 256
llama_model_loader: - kv  19:            qwen4exp.attention.value_length u32              = 256
llama_model_loader: - kv  20:        qwen4exp.expert_feed_forward_length u32              = 640
llama_model_loader: - kv  21: qwen4exp.expert_shared_feed_forward_length u32              = 640
llama_model_loader: - kv  22:                   qwen4exp.ssm.conv_kernel u32              = 4
llama_model_loader: - kv  23:                    qwen4exp.ssm.state_size u32              = 128
llama_model_loader: - kv  24:                   qwen4exp.ssm.group_count u32              = 16
llama_model_loader: - kv  25:                qwen4exp.ssm.time_step_rank u32              = 48
llama_model_loader: - kv  26:                    qwen4exp.ssm.inner_size u32              = 6144
llama_model_loader: - kv  27:           qwen4exp.full_attention_interval u32              = 4
llama_model_loader: - kv  28:              qwen4exp.rope.dimension_count u32              = 64
llama_model_loader: - kv  29:            qwen4exp.hyper_connection.count u32              = 4
llama_model_loader: - kv  30:         qwen4exp.hyper_connection.low_rank u32              = 320
llama_model_loader: - kv  31:      qwen4exp.attention.indexer.head_count u32              = 4
llama_model_loader: - kv  32:      qwen4exp.attention.indexer.key_length u32              = 128
llama_model_loader: - kv  33:           qwen4exp.attention.indexer.top_k u32              = 2048
llama_model_loader: - kv  34:         qwen4exp.attention.compress_ratios arr[i32,48]      = [0, 0, 0, 4, 0, 0, 0, 4, 0, 0, 0, 4, ...
llama_model_loader: - kv  35:                        qwen4exp.ple.layers arr[i32,1]       = [1]
llama_model_loader: - kv  36:                    qwen4exp.ple.ngram_size u32              = 3
llama_model_loader: - kv  37:               qwen4exp.ple.heads_per_ngram u32              = 8
llama_model_loader: - kv  38:                   qwen4exp.ple.conv_kernel u32              = 4
llama_model_loader: - kv  39:                  qwen4exp.ple.eos_token_id u32              = 248044
llama_model_loader: - kv  40:  qwen4exp.embedding_length_per_layer_input u32              = 160
llama_model_loader: - kv  41:             qwen4exp.ple.layer_multipliers arr[u64,3]       = [23703573157769, 20109073645365, 8052...
llama_model_loader: - kv  42:                  qwen4exp.ple.head_offsets arr[u64,16]      = [0, 20000003, 40000026, 60000059, 800...
llama_model_loader: - kv  43:              qwen4exp.ple.head_vocab_sizes arr[u64,16]      = [20000003, 20000023, 20000033, 200000...
llama_model_loader: - kv  44:                       tokenizer.ggml.model str              = gpt2
llama_model_loader: - kv  45:                         tokenizer.ggml.pre str              = qwen35
llama_model_loader: - kv  46:                      tokenizer.ggml.tokens arr[str,248320]  = ["!", "\"", "#", "$", "%", "&", "'", ...
llama_model_loader: - kv  47:                  tokenizer.ggml.token_type arr[i32,248320]  = [1, 1, 1, 1, 1, 1, 1, 1, 1, 1, 1, 1, ...
llama_model_loader: - kv  48:                      tokenizer.ggml.merges arr[str,247587]  = ["Ġ Ġ", "ĠĠ ĠĠ", "i n", "Ġ t",...
llama_model_loader: - kv  49:                tokenizer.ggml.eos_token_id u32              = 248046
llama_model_loader: - kv  50:            tokenizer.ggml.padding_token_id u32              = 248044
llama_model_loader: - kv  51:                tokenizer.ggml.bos_token_id u32              = 248044
llama_model_loader: - kv  52:               tokenizer.ggml.add_bos_token bool             = false
llama_model_loader: - kv  53:                    tokenizer.chat_template str              = {%- set image_count = namespace(value...
llama_model_loader: - kv  54:                qwen4exp.ple.image_token_id u32              = 248056
llama_model_loader: - kv  55:                       general.quantized_by str              = Unsloth
llama_model_loader: - kv  56:                           general.repo_url str              = https://huggingface.co/unsloth
llama_model_loader: - kv  57:                               general.tags arr[str,1]       = ["unsloth"]
llama_model_loader: - kv  58:               general.quantization_version u32              = 2
llama_model_loader: - kv  59:                          general.file_type u32              = 30
llama_model_loader: - kv  60:                      quantize.imatrix.file str              = Qwen3.8-Flash-Next-GGUF/imatrix_unslo...
llama_model_loader: - kv  61:                   quantize.imatrix.dataset str              = unsloth_calibration_Qwen3.8-Flash-Nex...
llama_model_loader: - kv  62:             quantize.imatrix.entries_count u32              = 926
llama_model_loader: - kv  63:              quantize.imatrix.chunks_count u32              = 45
llama_model_loader: - kv  64:                                   split.no u16              = 0
llama_model_loader: - kv  65:                        split.tensors.count i32              = 1224
llama_model_loader: - kv  66:                                split.count u16              = 3
llama_model_loader: - type  f32:  557 tensors
llama_model_loader: - type q8_0:  502 tensors
llama_model_loader: - type q6_K:    1 tensors
llama_model_loader: - type iq4_nl:   44 tensors
llama_model_loader: - type iq3_s:   94 tensors
llama_model_loader: - type iq4_xs:    2 tensors
llama_model_loader: - type bf16:   24 tensors
print_info: file format = GGUF V3 (latest)
print_info: file type   = IQ4_XS - 4.25 bpw
print_info: file size   = 87.24 GiB (4.24 BPW) 
llama_prepare_model_devices: using device CUDA0 (NVIDIA GeForce RTX 4080 SUPER) (0000:01:00.0) - 15061 MiB free
init_tokenizer: initializing tokenizer for type 2
load: 0 unused tokens
load: control token: 248062 '<|fim_suffix|>' is not marked as EOG
load: control token: 248072 '<tts_pad>' is not marked as EOG
load: control token: 248050 '<|box_end|>' is not marked as EOG
load: control token: 248048 '<|object_ref_end|>' is not marked as EOG
load: control token: 248055 '<|vision_pad|>' is not marked as EOG
load: control token: 248060 '<|fim_prefix|>' is not marked as EOG
load: control token: 248049 '<|box_start|>' is not marked as EOG
load: control token: 248073 '<tts_text_bos>' is not marked as EOG
load: control token: 248052 '<|quad_end|>' is not marked as EOG
load: control token: 248054 '<|vision_end|>' is not marked as EOG
load: control token: 248075 '<tts_text_bos_single>' is not marked as EOG
load: control token: 248056 '<|image_pad|>' is not marked as EOG
load: control token: 248071 '<|audio_end|>' is not marked as EOG
load: control token: 248045 '<|im_start|>' is not marked as EOG
load: control token: 248047 '<|object_ref_start|>' is not marked as EOG
load: control token: 248051 '<|quad_start|>' is not marked as EOG
load: control token: 248053 '<|vision_start|>' is not marked as EOG
load: control token: 248057 '<|video_pad|>' is not marked as EOG
load: control token: 248061 '<|fim_middle|>' is not marked as EOG
load: control token: 248070 '<|audio_start|>' is not marked as EOG
load: control token: 248074 '<tts_text_eod>' is not marked as EOG
load: control token: 248076 '<|audio_pad|>' is not marked as EOG
load: printing all EOG tokens:
load:   - 248044 ('<|endoftext|>')
load:   - 248046 ('<|im_end|>')
load:   - 248063 ('<|fim_pad|>')
load:   - 248064 ('<|repo_name|>')
load:   - 248065 ('<|file_sep|>')
load: special tokens cache size = 33
load: token to piece cache size = 1.7581 MB
print_info: arch                  = qwen4exp
print_info: vocab_only            = 0
print_info: no_alloc              = 0
print_info: n_ctx_train           = 262144
print_info: n_embd_inp            = 2560
print_info: n_embd                = 2560
print_info: n_embd_out            = 10240
print_info: n_layer               = 48
print_info: n_layer_all           = 48
print_info: n_head                = 24
print_info: n_head_kv             = 2
print_info: n_rot                 = 64
print_info: n_swa                 = 0
print_info: is_swa_any            = 0
print_info: n_embd_head_k         = 256
print_info: n_embd_head_v         = 256
print_info: n_gqa                 = 12
print_info: n_embd_k_gqa          = 512
print_info: n_embd_v_gqa          = 512
print_info: f_norm_eps            = 0.0e+00
print_info: f_norm_rms_eps        = 1.0e-06
print_info: f_clamp_kqv           = 0.0e+00
print_info: f_max_alibi_bias      = 0.0e+00
print_info: f_logit_scale         = 0.0e+00
print_info: f_attn_scale          = 0.0e+00
print_info: f_attn_value_scale    = 0.0000
print_info: n_ff                  = 0
print_info: n_expert              = 512
print_info: n_expert_used         = 10
print_info: n_expert_groups       = 0
print_info: n_group_used          = 0
print_info: causal attn           = 1
print_info: pooling type          = -1
print_info: rope type             = 40
print_info: rope scaling          = linear
print_info: freq_base_train       = 10000000.0
print_info: freq_scale_train      = 1
print_info: n_ctx_orig_yarn       = 262144
print_info: rope_yarn_log_mul     = 0.0000
print_info: rope_finetuned        = unknown
print_info: mrope sections        = [11, 11, 10, 0]
print_info: model type            = A3B
print_info: model params          = 176.94 B
print_info: general.name          = Qwen3.8 Flash Next
print_info: vocab type            = BPE
print_info: n_vocab               = 248320
print_info: n_merges              = 247587
print_info: BOS token             = 248044 '<|endoftext|>'
print_info: EOS token             = 248046 '<|im_end|>'
print_info: EOT token             = 248046 '<|im_end|>'
print_info: PAD token             = 248044 '<|endoftext|>'
print_info: LF token              = 198 'Ċ'
print_info: FIM PRE token         = 248060 '<|fim_prefix|>'
print_info: FIM SUF token         = 248062 '<|fim_suffix|>'
print_info: FIM MID token         = 248061 '<|fim_middle|>'
print_info: FIM PAD token         = 248063 '<|fim_pad|>'
print_info: FIM REP token         = 248064 '<|repo_name|>'
print_info: FIM SEP token         = 248065 '<|file_sep|>'
print_info: EOG token             = 248044 '<|endoftext|>'
print_info: EOG token             = 248046 '<|im_end|>'
print_info: EOG token             = 248063 '<|fim_pad|>'
print_info: EOG token             = 248064 '<|repo_name|>'
print_info: EOG token             = 248065 '<|file_sep|>'
print_info: max token length      = 256
load_tensors: loading model tensors, this can take a while... (load_mode = mmap)
load_tensors: layer   0 assigned to device CUDA0, is_swa = 0
load_tensors: layer   1 assigned to device CUDA0, is_swa = 0
load_tensors: layer   2 assigned to device CUDA0, is_swa = 0
load_tensors: layer   3 assigned to device CUDA0, is_swa = 0
load_tensors: layer   4 assigned to device CUDA0, is_swa = 0
load_tensors: layer   5 assigned to device CUDA0, is_swa = 0
load_tensors: layer   6 assigned to device CUDA0, is_swa = 0
load_tensors: layer   7 assigned to device CUDA0, is_swa = 0
load_tensors: layer   8 assigned to device CUDA0, is_swa = 0
load_tensors: layer   9 assigned to device CUDA0, is_swa = 0
load_tensors: layer  10 assigned to device CUDA0, is_swa = 0
load_tensors: layer  11 assigned to device CUDA0, is_swa = 0
load_tensors: layer  12 assigned to device CUDA0, is_swa = 0
load_tensors: layer  13 assigned to device CUDA0, is_swa = 0
load_tensors: layer  14 assigned to device CUDA0, is_swa = 0
load_tensors: layer  15 assigned to device CUDA0, is_swa = 0
load_tensors: layer  16 assigned to device CUDA0, is_swa = 0
load_tensors: layer  17 assigned to device CUDA0, is_swa = 0
load_tensors: layer  18 assigned to device CUDA0, is_swa = 0
load_tensors: layer  19 assigned to device CUDA0, is_swa = 0
load_tensors: layer  20 assigned to device CUDA0, is_swa = 0
load_tensors: layer  21 assigned to device CUDA0, is_swa = 0
load_tensors: layer  22 assigned to device CUDA0, is_swa = 0
load_tensors: layer  23 assigned to device CUDA0, is_swa = 0
load_tensors: layer  24 assigned to device CUDA0, is_swa = 0
load_tensors: layer  25 assigned to device CUDA0, is_swa = 0
load_tensors: layer  26 assigned to device CUDA0, is_swa = 0
load_tensors: layer  27 assigned to device CUDA0, is_swa = 0
load_tensors: layer  28 assigned to device CUDA0, is_swa = 0
load_tensors: layer  29 assigned to device CUDA0, is_swa = 0
load_tensors: layer  30 assigned to device CUDA0, is_swa = 0
load_tensors: layer  31 assigned to device CUDA0, is_swa = 0
load_tensors: layer  32 assigned to device CUDA0, is_swa = 0
load_tensors: layer  33 assigned to device CUDA0, is_swa = 0
load_tensors: layer  34 assigned to device CUDA0, is_swa = 0
load_tensors: layer  35 assigned to device CUDA0, is_swa = 0
load_tensors: layer  36 assigned to device CUDA0, is_swa = 0
load_tensors: layer  37 assigned to device CUDA0, is_swa = 0
load_tensors: layer  38 assigned to device CUDA0, is_swa = 0
load_tensors: layer  39 assigned to device CUDA0, is_swa = 0
load_tensors: layer  40 assigned to device CUDA0, is_swa = 0
load_tensors: layer  41 assigned to device CUDA0, is_swa = 0
load_tensors: layer  42 assigned to device CUDA0, is_swa = 0
load_tensors: layer  43 assigned to device CUDA0, is_swa = 0
load_tensors: layer  44 assigned to device CUDA0, is_swa = 0
load_tensors: layer  45 assigned to device CUDA0, is_swa = 0
load_tensors: layer  46 assigned to device CUDA0, is_swa = 0
load_tensors: layer  47 assigned to device CUDA0, is_swa = 0
load_tensors: layer  48 assigned to device CUDA0, is_swa = 0
create_tensor: loading tensor token_embd.weight
create_tensor: loading tensor output_hc_norm.weight
create_tensor: loading tensor output_hc_down.weight
create_tensor: loading tensor output_hc_up.weight
create_tensor: loading tensor output.weight
create_tensor: loading tensor per_layer_token_embd.weight
create_tensor: tensor per_layer_token_embd.weight (size = 27465 MiB) lazy read enabled
create_tensor: loading tensor blk.0.hc_attn_norm.weight
create_tensor: loading tensor blk.0.hc_attn_down.weight
create_tensor: loading tensor blk.0.hc_attn_up.weight
create_tensor: loading tensor blk.0.hc_attn_inject.weight
create_tensor: loading tensor blk.0.hc_ffn_norm.weight
create_tensor: loading tensor blk.0.hc_ffn_down.weight
create_tensor: loading tensor blk.0.hc_ffn_up.weight
create_tensor: loading tensor blk.0.hc_ffn_inject.weight
create_tensor: loading tensor blk.0.attn_qkv.weight
create_tensor: loading tensor blk.0.attn_gate.weight
create_tensor: loading tensor blk.0.ssm_conv1d.weight
create_tensor: loading tensor blk.0.ssm_dt.bias
create_tensor: loading tensor blk.0.ssm_a
create_tensor: loading tensor blk.0.ssm_beta.weight
create_tensor: loading tensor blk.0.ssm_alpha.weight
create_tensor: loading tensor blk.0.ssm_norm.weight
create_tensor: loading tensor blk.0.ssm_out.weight
create_tensor: loading tensor blk.0.ffn_gate_inp.weight
create_tensor: loading tensor blk.0.ffn_down_exps.weight
llama_model_loader: tensor overrides to CPU are used with mmap enabled - consider using --load-mode none for better performance
tensor blk.0.ffn_down_exps.weight (450 MiB iq4_nl) buffer type overridden to CUDA_Host
create_tensor: loading tensor blk.0.ffn_gate_up_exps.weight
create_tensor: loading tensor blk.0.ffn_gate_exps.weight
tensor blk.0.ffn_gate_exps.weight (343 MiB iq3_s) buffer type overridden to CUDA_Host
create_tensor: loading tensor blk.0.ffn_up_exps.weight
tensor blk.0.ffn_up_exps.weight (343 MiB iq3_s) buffer type overridden to CUDA_Host
create_tensor: loading tensor blk.0.ffn_gate_inp_shexp.weight
create_tensor: loading tensor blk.0.ffn_gate_shexp.weight
create_tensor: loading tensor blk.0.ffn_up_shexp.weight
create_tensor: loading tensor blk.0.ffn_down_shexp.weight
create_tensor: loading tensor blk.1.hc_attn_norm.weight
create_tensor: loading tensor blk.1.hc_attn_down.weight
create_tensor: loading tensor blk.1.hc_attn_up.weight
create_tensor: loading tensor blk.1.hc_attn_inject.weight
create_tensor: loading tensor blk.1.hc_ffn_norm.weight
create_tensor: loading tensor blk.1.hc_ffn_down.weight
create_tensor: loading tensor blk.1.hc_ffn_up.weight
create_tensor: loading tensor blk.1.hc_ffn_inject.weight
create_tensor: loading tensor blk.1.attn_qkv.weight
create_tensor: loading tensor blk.1.attn_gate.weight
create_tensor: loading tensor blk.1.ssm_conv1d.weight
create_tensor: loading tensor blk.1.ssm_dt.bias
create_tensor: loading tensor blk.1.ssm_a
create_tensor: loading tensor blk.1.ssm_beta.weight
create_tensor: loading tensor blk.1.ssm_alpha.weight
create_tensor: loading tensor blk.1.ssm_norm.weight
create_tensor: loading tensor blk.1.ssm_out.weight
create_tensor: loading tensor blk.1.ple_key.weight
create_tensor: loading tensor blk.1.ple_value.weight
create_tensor: loading tensor blk.1.ple_norm_key.weight
create_tensor: loading tensor blk.1.ple_norm_query.weight
create_tensor: loading tensor blk.1.ple_norm_conv.weight
create_tensor: loading tensor blk.1.ple_conv1d.weight
create_tensor: loading tensor blk.1.ffn_gate_inp.weight
create_tensor: loading tensor blk.1.ffn_down_exps.weight
tensor blk.1.ffn_down_exps.weight (450 MiB iq4_nl) buffer type overridden to CUDA_Host
create_tensor: loading tensor blk.1.ffn_gate_up_exps.weight
create_tensor: loading tensor blk.1.ffn_gate_exps.weight
tensor blk.1.ffn_gate_exps.weight (343 MiB iq3_s) buffer type overridden to CUDA_Host
create_tensor: loading tensor blk.1.ffn_up_exps.weight
tensor blk.1.ffn_up_exps.weight (343 MiB iq3_s) buffer type overridden to CUDA_Host
create_tensor: loading tensor blk.1.ffn_gate_inp_shexp.weight
create_tensor: loading tensor blk.1.ffn_gate_shexp.weight
create_tensor: loading tensor blk.1.ffn_up_shexp.weight
create_tensor: loading tensor blk.1.ffn_down_shexp.weight
create_tensor: loading tensor blk.2.hc_attn_norm.weight
create_tensor: loading tensor blk.2.hc_attn_down.weight
create_tensor: loading tensor blk.2.hc_attn_up.weight
create_tensor: loading tensor blk.2.hc_attn_inject.weight
create_tensor: loading tensor blk.2.hc_ffn_norm.weight
create_tensor: loading tensor blk.2.hc_ffn_down.weight
create_tensor: loading tensor blk.2.hc_ffn_up.weight
create_tensor: loading tensor blk.2.hc_ffn_inject.weight
create_tensor: loading tensor blk.2.attn_qkv.weight
create_tensor: loading tensor blk.2.attn_gate.weight
create_tensor: loading tensor blk.2.ssm_conv1d.weight
create_tensor: loading tensor blk.2.ssm_dt.bias
create_tensor: loading tensor blk.2.ssm_a
create_tensor: loading tensor blk.2.ssm_beta.weight
create_tensor: loading tensor blk.2.ssm_alpha.weight
create_tensor: loading tensor blk.2.ssm_norm.weight
create_tensor: loading tensor blk.2.ssm_out.weight
create_tensor: loading tensor blk.2.ffn_gate_inp.weight
create_tensor: loading tensor blk.2.ffn_down_exps.weight
tensor blk.2.ffn_down_exps.weight (850 MiB q8_0) buffer type overridden to CUDA_Host
create_tensor: loading tensor blk.2.ffn_gate_up_exps.weight
create_tensor: loading tensor blk.2.ffn_gate_exps.weight
tensor blk.2.ffn_gate_exps.weight (425 MiB iq4_xs) buffer type overridden to CUDA_Host
create_tensor: loading tensor blk.2.ffn_up_exps.weight
tensor blk.2.ffn_up_exps.weight (425 MiB iq4_xs) buffer type overridden to CUDA_Host
create_tensor: loading tensor blk.2.ffn_gate_inp_shexp.weight
create_tensor: loading tensor blk.2.ffn_gate_shexp.weight
create_tensor: loading tensor blk.2.ffn_up_shexp.weight
create_tensor: loading tensor blk.2.ffn_down_shexp.weight
create_tensor: loading tensor blk.3.hc_attn_norm.weight
create_tensor: loading tensor blk.3.hc_attn_down.weight
create_tensor: loading tensor blk.3.hc_attn_up.weight
create_tensor: loading tensor blk.3.hc_attn_inject.weight
create_tensor: loading tensor blk.3.hc_ffn_norm.weight
create_tensor: loading tensor blk.3.hc_ffn_down.weight
create_tensor: loading tensor blk.3.hc_ffn_up.weight
create_tensor: loading tensor blk.3.hc_ffn_inject.weight
create_tensor: loading tensor blk.3.attn_qkv.weight
create_tensor: loading tensor blk.3.attn_q.weight
create_tensor: loading tensor blk.3.attn_k.weight
create_tensor: loading tensor blk.3.attn_v.weight
create_tensor: loading tensor blk.3.attn_q.bias
create_tensor: loading tensor blk.3.attn_k.bias
create_tensor: loading tensor blk.3.attn_v.bias
create_tensor: loading tensor blk.3.attn_output.weight
create_tensor: loading tensor blk.3.attn_q_norm.weight
create_tensor: loading tensor blk.3.attn_k_norm.weight
create_tensor: loading tensor blk.3.indexer.q_proj.weight
create_tensor: loading tensor blk.3.indexer.k_proj.weight
create_tensor: loading tensor blk.3.indexer.q_norm.weight
create_tensor: loading tensor blk.3.indexer.k_norm.weight
create_tensor: loading tensor blk.3.ffn_gate_inp.weight
create_tensor: loading tensor blk.3.ffn_down_exps.weight
tensor blk.3.ffn_down_exps.weight (450 MiB iq4_nl) buffer type overridden to CUDA_Host
create_tensor: loading tensor blk.3.ffn_gate_up_exps.weight
create_tensor: loading tensor blk.3.ffn_gate_exps.weight
tensor blk.3.ffn_gate_exps.weight (343 MiB iq3_s) buffer type overridden to CUDA_Host
create_tensor: loading tensor blk.3.ffn_up_exps.weight
tensor blk.3.ffn_up_exps.weight (343 MiB iq3_s) buffer type overridden to CUDA_Host
create_tensor: loading tensor blk.3.ffn_gate_inp_shexp.weight
create_tensor: loading tensor blk.3.ffn_gate_shexp.weight
create_tensor: loading tensor blk.3.ffn_up_shexp.weight
create_tensor: loading tensor blk.3.ffn_down_shexp.weight
create_tensor: loading tensor blk.4.hc_attn_norm.weight
create_tensor: loading tensor blk.4.hc_attn_down.weight
create_tensor: loading tensor blk.4.hc_attn_up.weight
create_tensor: loading tensor blk.4.hc_attn_inject.weight
create_tensor: loading tensor blk.4.hc_ffn_norm.weight
create_tensor: loading tensor blk.4.hc_ffn_down.weight
create_tensor: loading tensor blk.4.hc_ffn_up.weight
create_tensor: loading tensor blk.4.hc_ffn_inject.weight
create_tensor: loading tensor blk.4.attn_qkv.weight
create_tensor: loading tensor blk.4.attn_gate.weight
create_tensor: loading tensor blk.4.ssm_conv1d.weight
create_tensor: loading tensor blk.4.ssm_dt.bias
create_tensor: loading tensor blk.4.ssm_a
create_tensor: loading tensor blk.4.ssm_beta.weight
create_tensor: loading tensor blk.4.ssm_alpha.weight
create_tensor: loading tensor blk.4.ssm_norm.weight
create_tensor: loading tensor blk.4.ssm_out.weight
create_tensor: loading tensor blk.4.ffn_gate_inp.weight
create_tensor: loading tensor blk.4.ffn_down_exps.weight
tensor blk.4.ffn_down_exps.weight (850 MiB q8_0) buffer type overridden to CUDA_Host
create_tensor: loading tensor blk.4.ffn_gate_up_exps.weight
create_tensor: loading tensor blk.4.ffn_gate_exps.weight
tensor blk.4.ffn_gate_exps.weight (343 MiB iq3_s) buffer type overridden to CUDA_Host
create_tensor: loading tensor blk.4.ffn_up_exps.weight
tensor blk.4.ffn_up_exps.weight (343 MiB iq3_s) buffer type overridden to CUDA_Host
create_tensor: loading tensor blk.4.ffn_gate_inp_shexp.weight
create_tensor: loading tensor blk.4.ffn_gate_shexp.weight
create_tensor: loading tensor blk.4.ffn_up_shexp.weight
create_tensor: loading tensor blk.4.ffn_down_shexp.weight
create_tensor: loading tensor blk.5.hc_attn_norm.weight
create_tensor: loading tensor blk.5.hc_attn_down.weight
create_tensor: loading tensor blk.5.hc_attn_up.weight
create_tensor: loading tensor blk.5.hc_attn_inject.weight
create_tensor: loading tensor blk.5.hc_ffn_norm.weight
create_tensor: loading tensor blk.5.hc_ffn_down.weight
create_tensor: loading tensor blk.5.hc_ffn_up.weight
create_tensor: loading tensor blk.5.hc_ffn_inject.weight
create_tensor: loading tensor blk.5.attn_qkv.weight
create_tensor: loading tensor blk.5.attn_gate.weight
create_tensor: loading tensor blk.5.ssm_conv1d.weight
create_tensor: loading tensor blk.5.ssm_dt.bias
create_tensor: loading tensor blk.5.ssm_a
create_tensor: loading tensor blk.5.ssm_beta.weight
create_tensor: loading tensor blk.5.ssm_alpha.weight
create_tensor: loading tensor blk.5.ssm_norm.weight
create_tensor: loading tensor blk.5.ssm_out.weight
create_tensor: loading tensor blk.5.ffn_gate_inp.weight
create_tensor: loading tensor blk.5.ffn_down_exps.weight
tensor blk.5.ffn_down_exps.weight (450 MiB iq4_nl) buffer type overridden to CUDA_Host
create_tensor: loading tensor blk.5.ffn_gate_up_exps.weight
create_tensor: loading tensor blk.5.ffn_gate_exps.weight
tensor blk.5.ffn_gate_exps.weight (343 MiB iq3_s) buffer type overridden to CUDA_Host
create_tensor: loading tensor blk.5.ffn_up_exps.weight
tensor blk.5.ffn_up_exps.weight (343 MiB iq3_s) buffer type overridden to CUDA_Host
create_tensor: loading tensor blk.5.ffn_gate_inp_shexp.weight
create_tensor: loading tensor blk.5.ffn_gate_shexp.weight
create_tensor: loading tensor blk.5.ffn_up_shexp.weight
create_tensor: loading tensor blk.5.ffn_down_shexp.weight
create_tensor: loading tensor blk.6.hc_attn_norm.weight
create_tensor: loading tensor blk.6.hc_attn_down.weight
create_tensor: loading tensor blk.6.hc_attn_up.weight
create_tensor: loading tensor blk.6.hc_attn_inject.weight
create_tensor: loading tensor blk.6.hc_ffn_norm.weight
create_tensor: loading tensor blk.6.hc_ffn_down.weight
create_tensor: loading tensor blk.6.hc_ffn_up.weight
create_tensor: loading tensor blk.6.hc_ffn_inject.weight
create_tensor: loading tensor blk.6.attn_qkv.weight
create_tensor: loading tensor blk.6.attn_gate.weight
create_tensor: loading tensor blk.6.ssm_conv1d.weight
create_tensor: loading tensor blk.6.ssm_dt.bias
create_tensor: loading tensor blk.6.ssm_a
create_tensor: loading tensor blk.6.ssm_beta.weight
create_tensor: loading tensor blk.6.ssm_alpha.weight
create_tensor: loading tensor blk.6.ssm_norm.weight
create_tensor: loading tensor blk.6.ssm_out.weight
create_tensor: loading tensor blk.6.ffn_gate_inp.weight
create_tensor: loading tensor blk.6.ffn_down_exps.weight
tensor blk.6.ffn_down_exps.weight (450 MiB iq4_nl) buffer type overridden to CUDA_Host
create_tensor: loading tensor blk.6.ffn_gate_up_exps.weight
create_tensor: loading tensor blk.6.ffn_gate_exps.weight
tensor blk.6.ffn_gate_exps.weight (343 MiB iq3_s) buffer type overridden to CUDA_Host
create_tensor: loading tensor blk.6.ffn_up_exps.weight
tensor blk.6.ffn_up_exps.weight (343 MiB iq3_s) buffer type overridden to CUDA_Host
create_tensor: loading tensor blk.6.ffn_gate_inp_shexp.weight
create_tensor: loading tensor blk.6.ffn_gate_shexp.weight
create_tensor: loading tensor blk.6.ffn_up_shexp.weight
create_tensor: loading tensor blk.6.ffn_down_shexp.weight
create_tensor: loading tensor blk.7.hc_attn_norm.weight
create_tensor: loading tensor blk.7.hc_attn_down.weight
create_tensor: loading tensor blk.7.hc_attn_up.weight
create_tensor: loading tensor blk.7.hc_attn_inject.weight
create_tensor: loading tensor blk.7.hc_ffn_norm.weight
create_tensor: loading tensor blk.7.hc_ffn_down.weight
create_tensor: loading tensor blk.7.hc_ffn_up.weight
create_tensor: loading tensor blk.7.hc_ffn_inject.weight
create_tensor: loading tensor blk.7.attn_qkv.weight
create_tensor: loading tensor blk.7.attn_q.weight
create_tensor: loading tensor blk.7.attn_k.weight
create_tensor: loading tensor blk.7.attn_v.weight
create_tensor: loading tensor blk.7.attn_q.bias
create_tensor: loading tensor blk.7.attn_k.bias
create_tensor: loading tensor blk.7.attn_v.bias
create_tensor: loading tensor blk.7.attn_output.weight
create_tensor: loading tensor blk.7.attn_q_norm.weight
create_tensor: loading tensor blk.7.attn_k_norm.weight
create_tensor: loading tensor blk.7.indexer.q_proj.weight
create_tensor: loading tensor blk.7.indexer.k_proj.weight
create_tensor: loading tensor blk.7.indexer.q_norm.weight
create_tensor: loading tensor blk.7.indexer.k_norm.weight
create_tensor: loading tensor blk.7.ffn_gate_inp.weight
create_tensor: loading tensor blk.7.ffn_down_exps.weight
tensor blk.7.ffn_down_exps.weight (450 MiB iq4_nl) buffer type overridden to CUDA_Host
create_tensor: loading tensor blk.7.ffn_gate_up_exps.weight
create_tensor: loading tensor blk.7.ffn_gate_exps.weight
tensor blk.7.ffn_gate_exps.weight (343 MiB iq3_s) buffer type overridden to CUDA_Host
create_tensor: loading tensor blk.7.ffn_up_exps.weight
tensor blk.7.ffn_up_exps.weight (343 MiB iq3_s) buffer type overridden to CUDA_Host
create_tensor: loading tensor blk.7.ffn_gate_inp_shexp.weight
create_tensor: loading tensor blk.7.ffn_gate_shexp.weight
create_tensor: loading tensor blk.7.ffn_up_shexp.weight
create_tensor: loading tensor blk.7.ffn_down_shexp.weight
create_tensor: loading tensor blk.8.hc_attn_norm.weight
create_tensor: loading tensor blk.8.hc_attn_down.weight
create_tensor: loading tensor blk.8.hc_attn_up.weight
create_tensor: loading tensor blk.8.hc_attn_inject.weight
create_tensor: loading tensor blk.8.hc_ffn_norm.weight
create_tensor: loading tensor blk.8.hc_ffn_down.weight
create_tensor: loading tensor blk.8.hc_ffn_up.weight
create_tensor: loading tensor blk.8.hc_ffn_inject.weight
create_tensor: loading tensor blk.8.attn_qkv.weight
create_tensor: loading tensor blk.8.attn_gate.weight
create_tensor: loading tensor blk.8.ssm_conv1d.weight
create_tensor: loading tensor blk.8.ssm_dt.bias
create_tensor: loading tensor blk.8.ssm_a
create_tensor: loading tensor blk.8.ssm_beta.weight
create_tensor: loading tensor blk.8.ssm_alpha.weight
create_tensor: loading tensor blk.8.ssm_norm.weight
create_tensor: loading tensor blk.8.ssm_out.weight
create_tensor: loading tensor blk.8.ffn_gate_inp.weight
create_tensor: loading tensor blk.8.ffn_down_exps.weight
tensor blk.8.ffn_down_exps.weight (450 MiB iq4_nl) buffer type overridden to CUDA_Host
create_tensor: loading tensor blk.8.ffn_gate_up_exps.weight
create_tensor: loading tensor blk.8.ffn_gate_exps.weight
tensor blk.8.ffn_gate_exps.weight (343 MiB iq3_s) buffer type overridden to CUDA_Host
create_tensor: loading tensor blk.8.ffn_up_exps.weight
tensor blk.8.ffn_up_exps.weight (343 MiB iq3_s) buffer type overridden to CUDA_Host
create_tensor: loading tensor blk.8.ffn_gate_inp_shexp.weight
create_tensor: loading tensor blk.8.ffn_gate_shexp.weight
create_tensor: loading tensor blk.8.ffn_up_shexp.weight
create_tensor: loading tensor blk.8.ffn_down_shexp.weight
create_tensor: loading tensor blk.9.hc_attn_norm.weight
create_tensor: loading tensor blk.9.hc_attn_down.weight
create_tensor: loading tensor blk.9.hc_attn_up.weight
create_tensor: loading tensor blk.9.hc_attn_inject.weight
create_tensor: loading tensor blk.9.hc_ffn_norm.weight
create_tensor: loading tensor blk.9.hc_ffn_down.weight
create_tensor: loading tensor blk.9.hc_ffn_up.weight
create_tensor: loading tensor blk.9.hc_ffn_inject.weight
create_tensor: loading tensor blk.9.attn_qkv.weight
create_tensor: loading tensor blk.9.attn_gate.weight
create_tensor: loading tensor blk.9.ssm_conv1d.weight
create_tensor: loading tensor blk.9.ssm_dt.bias
create_tensor: loading tensor blk.9.ssm_a
create_tensor: loading tensor blk.9.ssm_beta.weight
create_tensor: loading tensor blk.9.ssm_alpha.weight
create_tensor: loading tensor blk.9.ssm_norm.weight
create_tensor: loading tensor blk.9.ssm_out.weight
create_tensor: loading tensor blk.9.ffn_gate_inp.weight
create_tensor: loading tensor blk.9.ffn_down_exps.weight
tensor blk.9.ffn_down_exps.weight (450 MiB iq4_nl) buffer type overridden to CUDA_Host
create_tensor: loading tensor blk.9.ffn_gate_up_exps.weight
create_tensor: loading tensor blk.9.ffn_gate_exps.weight
tensor blk.9.ffn_gate_exps.weight (343 MiB iq3_s) buffer type overridden to CUDA_Host
create_tensor: loading tensor blk.9.ffn_up_exps.weight
tensor blk.9.ffn_up_exps.weight (343 MiB iq3_s) buffer type overridden to CUDA_Host
create_tensor: loading tensor blk.9.ffn_gate_inp_shexp.weight
create_tensor: loading tensor blk.9.ffn_gate_shexp.weight
create_tensor: loading tensor blk.9.ffn_up_shexp.weight
create_tensor: loading tensor blk.9.ffn_down_shexp.weight
create_tensor: loading tensor blk.10.hc_attn_norm.weight
create_tensor: loading tensor blk.10.hc_attn_down.weight
create_tensor: loading tensor blk.10.hc_attn_up.weight
create_tensor: loading tensor blk.10.hc_attn_inject.weight
create_tensor: loading tensor blk.10.hc_ffn_norm.weight
create_tensor: loading tensor blk.10.hc_ffn_down.weight
create_tensor: loading tensor blk.10.hc_ffn_up.weight
create_tensor: loading tensor blk.10.hc_ffn_inject.weight
create_tensor: loading tensor blk.10.attn_qkv.weight
create_tensor: loading tensor blk.10.attn_gate.weight
create_tensor: loading tensor blk.10.ssm_conv1d.weight
create_tensor: loading tensor blk.10.ssm_dt.bias
create_tensor: loading tensor blk.10.ssm_a
create_tensor: loading tensor blk.10.ssm_beta.weight
create_tensor: loading tensor blk.10.ssm_alpha.weight
create_tensor: loading tensor blk.10.ssm_norm.weight
create_tensor: loading tensor blk.10.ssm_out.weight
create_tensor: loading tensor blk.10.ffn_gate_inp.weight
create_tensor: loading tensor blk.10.ffn_down_exps.weight
tensor blk.10.ffn_down_exps.weight (450 MiB iq4_nl) buffer type overridden to CUDA_Host
create_tensor: loading tensor blk.10.ffn_gate_up_exps.weight
create_tensor: loading tensor blk.10.ffn_gate_exps.weight
tensor blk.10.ffn_gate_exps.weight (343 MiB iq3_s) buffer type overridden to CUDA_Host
create_tensor: loading tensor blk.10.ffn_up_exps.weight
tensor blk.10.ffn_up_exps.weight (343 MiB iq3_s) buffer type overridden to CUDA_Host
create_tensor: loading tensor blk.10.ffn_gate_inp_shexp.weight
create_tensor: loading tensor blk.10.ffn_gate_shexp.weight
create_tensor: loading tensor blk.10.ffn_up_shexp.weight
create_tensor: loading tensor blk.10.ffn_down_shexp.weight
create_tensor: loading tensor blk.11.hc_attn_norm.weight
create_tensor: loading tensor blk.11.hc_attn_down.weight
create_tensor: loading tensor blk.11.hc_attn_up.weight
create_tensor: loading tensor blk.11.hc_attn_inject.weight
create_tensor: loading tensor blk.11.hc_ffn_norm.weight
create_tensor: loading tensor blk.11.hc_ffn_down.weight
create_tensor: loading tensor blk.11.hc_ffn_up.weight
create_tensor: loading tensor blk.11.hc_ffn_inject.weight
create_tensor: loading tensor blk.11.attn_qkv.weight
create_tensor: loading tensor blk.11.attn_q.weight
create_tensor: loading tensor blk.11.attn_k.weight
create_tensor: loading tensor blk.11.attn_v.weight
create_tensor: loading tensor blk.11.attn_q.bias
create_tensor: loading tensor blk.11.attn_k.bias
create_tensor: loading tensor blk.11.attn_v.bias
create_tensor: loading tensor blk.11.attn_output.weight
create_tensor: loading tensor blk.11.attn_q_norm.weight
create_tensor: loading tensor blk.11.attn_k_norm.weight
create_tensor: loading tensor blk.11.indexer.q_proj.weight
create_tensor: loading tensor blk.11.indexer.k_proj.weight
create_tensor: loading tensor blk.11.indexer.q_norm.weight
create_tensor: loading tensor blk.11.indexer.k_norm.weight
create_tensor: loading tensor blk.11.ffn_gate_inp.weight
create_tensor: loading tensor blk.11.ffn_down_exps.weight
tensor blk.11.ffn_down_exps.weight (450 MiB iq4_nl) buffer type overridden to CUDA_Host
create_tensor: loading tensor blk.11.ffn_gate_up_exps.weight
create_tensor: loading tensor blk.11.ffn_gate_exps.weight
tensor blk.11.ffn_gate_exps.weight (343 MiB iq3_s) buffer type overridden to CUDA_Host
create_tensor: loading tensor blk.11.ffn_up_exps.weight
tensor blk.11.ffn_up_exps.weight (343 MiB iq3_s) buffer type overridden to CUDA_Host
create_tensor: loading tensor blk.11.ffn_gate_inp_shexp.weight
create_tensor: loading tensor blk.11.ffn_gate_shexp.weight
create_tensor: loading tensor blk.11.ffn_up_shexp.weight
create_tensor: loading tensor blk.11.ffn_down_shexp.weight
create_tensor: loading tensor blk.12.hc_attn_norm.weight
create_tensor: loading tensor blk.12.hc_attn_down.weight
create_tensor: loading tensor blk.12.hc_attn_up.weight
create_tensor: loading tensor blk.12.hc_attn_inject.weight
create_tensor: loading tensor blk.12.hc_ffn_norm.weight
create_tensor: loading tensor blk.12.hc_ffn_down.weight
create_tensor: loading tensor blk.12.hc_ffn_up.weight
create_tensor: loading tensor blk.12.hc_ffn_inject.weight
create_tensor: loading tensor blk.12.attn_qkv.weight
create_tensor: loading tensor blk.12.attn_gate.weight
create_tensor: loading tensor blk.12.ssm_conv1d.weight
create_tensor: loading tensor blk.12.ssm_dt.bias
create_tensor: loading tensor blk.12.ssm_a
create_tensor: loading tensor blk.12.ssm_beta.weight
create_tensor: loading tensor blk.12.ssm_alpha.weight
create_tensor: loading tensor blk.12.ssm_norm.weight
create_tensor: loading tensor blk.12.ssm_out.weight
create_tensor: loading tensor blk.12.ffn_gate_inp.weight
create_tensor: loading tensor blk.12.ffn_down_exps.weight
tensor blk.12.ffn_down_exps.weight (450 MiB iq4_nl) buffer type overridden to CUDA_Host
create_tensor: loading tensor blk.12.ffn_gate_up_exps.weight
create_tensor: loading tensor blk.12.ffn_gate_exps.weight
tensor blk.12.ffn_gate_exps.weight (343 MiB iq3_s) buffer type overridden to CUDA_Host
create_tensor: loading tensor blk.12.ffn_up_exps.weight
tensor blk.12.ffn_up_exps.weight (343 MiB iq3_s) buffer type overridden to CUDA_Host
create_tensor: loading tensor blk.12.ffn_gate_inp_shexp.weight
create_tensor: loading tensor blk.12.ffn_gate_shexp.weight
create_tensor: loading tensor blk.12.ffn_up_shexp.weight
create_tensor: loading tensor blk.12.ffn_down_shexp.weight
create_tensor: loading tensor blk.13.hc_attn_norm.weight
create_tensor: loading tensor blk.13.hc_attn_down.weight
create_tensor: loading tensor blk.13.hc_attn_up.weight
create_tensor: loading tensor blk.13.hc_attn_inject.weight
create_tensor: loading tensor blk.13.hc_ffn_norm.weight
create_tensor: loading tensor blk.13.hc_ffn_down.weight
create_tensor: loading tensor blk.13.hc_ffn_up.weight
create_tensor: loading tensor blk.13.hc_ffn_inject.weight
create_tensor: loading tensor blk.13.attn_qkv.weight
create_tensor: loading tensor blk.13.attn_gate.weight
create_tensor: loading tensor blk.13.ssm_conv1d.weight
create_tensor: loading tensor blk.13.ssm_dt.bias
create_tensor: loading tensor blk.13.ssm_a
create_tensor: loading tensor blk.13.ssm_beta.weight
create_tensor: loading tensor blk.13.ssm_alpha.weight
create_tensor: loading tensor blk.13.ssm_norm.weight
create_tensor: loading tensor blk.13.ssm_out.weight
create_tensor: loading tensor blk.13.ffn_gate_inp.weight
create_tensor: loading tensor blk.13.ffn_down_exps.weight
tensor blk.13.ffn_down_exps.weight (450 MiB iq4_nl) buffer type overridden to CUDA_Host
create_tensor: loading tensor blk.13.ffn_gate_up_exps.weight
create_tensor: loading tensor blk.13.ffn_gate_exps.weight
tensor blk.13.ffn_gate_exps.weight (343 MiB iq3_s) buffer type overridden to CUDA_Host
create_tensor: loading tensor blk.13.ffn_up_exps.weight
tensor blk.13.ffn_up_exps.weight (343 MiB iq3_s) buffer type overridden to CUDA_Host
create_tensor: loading tensor blk.13.ffn_gate_inp_shexp.weight
create_tensor: loading tensor blk.13.ffn_gate_shexp.weight
create_tensor: loading tensor blk.13.ffn_up_shexp.weight
create_tensor: loading tensor blk.13.ffn_down_shexp.weight
create_tensor: loading tensor blk.14.hc_attn_norm.weight
create_tensor: loading tensor blk.14.hc_attn_down.weight
create_tensor: loading tensor blk.14.hc_attn_up.weight
create_tensor: loading tensor blk.14.hc_attn_inject.weight
create_tensor: loading tensor blk.14.hc_ffn_norm.weight
create_tensor: loading tensor blk.14.hc_ffn_down.weight
create_tensor: loading tensor blk.14.hc_ffn_up.weight
create_tensor: loading tensor blk.14.hc_ffn_inject.weight
create_tensor: loading tensor blk.14.attn_qkv.weight
create_tensor: loading tensor blk.14.attn_gate.weight
create_tensor: loading tensor blk.14.ssm_conv1d.weight
create_tensor: loading tensor blk.14.ssm_dt.bias
create_tensor: loading tensor blk.14.ssm_a
create_tensor: loading tensor blk.14.ssm_beta.weight
create_tensor: loading tensor blk.14.ssm_alpha.weight
create_tensor: loading tensor blk.14.ssm_norm.weight
create_tensor: loading tensor blk.14.ssm_out.weight
create_tensor: loading tensor blk.14.ffn_gate_inp.weight
create_tensor: loading tensor blk.14.ffn_down_exps.weight
tensor blk.14.ffn_down_exps.weight (450 MiB iq4_nl) buffer type overridden to CUDA_Host
create_tensor: loading tensor blk.14.ffn_gate_up_exps.weight
create_tensor: loading tensor blk.14.ffn_gate_exps.weight
tensor blk.14.ffn_gate_exps.weight (343 MiB iq3_s) buffer type overridden to CUDA_Host
create_tensor: loading tensor blk.14.ffn_up_exps.weight
tensor blk.14.ffn_up_exps.weight (343 MiB iq3_s) buffer type overridden to CUDA_Host
create_tensor: loading tensor blk.14.ffn_gate_inp_shexp.weight
create_tensor: loading tensor blk.14.ffn_gate_shexp.weight
create_tensor: loading tensor blk.14.ffn_up_shexp.weight
create_tensor: loading tensor blk.14.ffn_down_shexp.weight
create_tensor: loading tensor blk.15.hc_attn_norm.weight
create_tensor: loading tensor blk.15.hc_attn_down.weight
create_tensor: loading tensor blk.15.hc_attn_up.weight
create_tensor: loading tensor blk.15.hc_attn_inject.weight
create_tensor: loading tensor blk.15.hc_ffn_norm.weight
create_tensor: loading tensor blk.15.hc_ffn_down.weight
create_tensor: loading tensor blk.15.hc_ffn_up.weight
create_tensor: loading tensor blk.15.hc_ffn_inject.weight
create_tensor: loading tensor blk.15.attn_qkv.weight
create_tensor: loading tensor blk.15.attn_q.weight
create_tensor: loading tensor blk.15.attn_k.weight
create_tensor: loading tensor blk.15.attn_v.weight
create_tensor: loading tensor blk.15.attn_q.bias
create_tensor: loading tensor blk.15.attn_k.bias
create_tensor: loading tensor blk.15.attn_v.bias
create_tensor: loading tensor blk.15.attn_output.weight
create_tensor: loading tensor blk.15.attn_q_norm.weight
create_tensor: loading tensor blk.15.attn_k_norm.weight
create_tensor: loading tensor blk.15.indexer.q_proj.weight
create_tensor: loading tensor blk.15.indexer.k_proj.weight
create_tensor: loading tensor blk.15.indexer.q_norm.weight
create_tensor: loading tensor blk.15.indexer.k_norm.weight
create_tensor: loading tensor blk.15.ffn_gate_inp.weight
create_tensor: loading tensor blk.15.ffn_down_exps.weight
tensor blk.15.ffn_down_exps.weight (450 MiB iq4_nl) buffer type overridden to CUDA_Host
create_tensor: loading tensor blk.15.ffn_gate_up_exps.weight
create_tensor: loading tensor blk.15.ffn_gate_exps.weight
tensor blk.15.ffn_gate_exps.weight (343 MiB iq3_s) buffer type overridden to CUDA_Host
create_tensor: loading tensor blk.15.ffn_up_exps.weight
tensor blk.15.ffn_up_exps.weight (343 MiB iq3_s) buffer type overridden to CUDA_Host
create_tensor: loading tensor blk.15.ffn_gate_inp_shexp.weight
create_tensor: loading tensor blk.15.ffn_gate_shexp.weight
create_tensor: loading tensor blk.15.ffn_up_shexp.weight
create_tensor: loading tensor blk.15.ffn_down_shexp.weight
create_tensor: loading tensor blk.16.hc_attn_norm.weight
create_tensor: loading tensor blk.16.hc_attn_down.weight
create_tensor: loading tensor blk.16.hc_attn_up.weight
create_tensor: loading tensor blk.16.hc_attn_inject.weight
create_tensor: loading tensor blk.16.hc_ffn_norm.weight
create_tensor: loading tensor blk.16.hc_ffn_down.weight
create_tensor: loading tensor blk.16.hc_ffn_up.weight
create_tensor: loading tensor blk.16.hc_ffn_inject.weight
create_tensor: loading tensor blk.16.attn_qkv.weight
create_tensor: loading tensor blk.16.attn_gate.weight
create_tensor: loading tensor blk.16.ssm_conv1d.weight
create_tensor: loading tensor blk.16.ssm_dt.bias
create_tensor: loading tensor blk.16.ssm_a
create_tensor: loading tensor blk.16.ssm_beta.weight
create_tensor: loading tensor blk.16.ssm_alpha.weight
create_tensor: loading tensor blk.16.ssm_norm.weight
create_tensor: loading tensor blk.16.ssm_out.weight
create_tensor: loading tensor blk.16.ffn_gate_inp.weight
create_tensor: loading tensor blk.16.ffn_down_exps.weight
tensor blk.16.ffn_down_exps.weight (450 MiB iq4_nl) buffer type overridden to CUDA_Host
create_tensor: loading tensor blk.16.ffn_gate_up_exps.weight
create_tensor: loading tensor blk.16.ffn_gate_exps.weight
tensor blk.16.ffn_gate_exps.weight (343 MiB iq3_s) buffer type overridden to CUDA_Host
create_tensor: loading tensor blk.16.ffn_up_exps.weight
tensor blk.16.ffn_up_exps.weight (343 MiB iq3_s) buffer type overridden to CUDA_Host
create_tensor: loading tensor blk.16.ffn_gate_inp_shexp.weight
create_tensor: loading tensor blk.16.ffn_gate_shexp.weight
create_tensor: loading tensor blk.16.ffn_up_shexp.weight
create_tensor: loading tensor blk.16.ffn_down_shexp.weight
create_tensor: loading tensor blk.17.hc_attn_norm.weight
create_tensor: loading tensor blk.17.hc_attn_down.weight
create_tensor: loading tensor blk.17.hc_attn_up.weight
create_tensor: loading tensor blk.17.hc_attn_inject.weight
create_tensor: loading tensor blk.17.hc_ffn_norm.weight
create_tensor: loading tensor blk.17.hc_ffn_down.weight
create_tensor: loading tensor blk.17.hc_ffn_up.weight
create_tensor: loading tensor blk.17.hc_ffn_inject.weight
create_tensor: loading tensor blk.17.attn_qkv.weight
create_tensor: loading tensor blk.17.attn_gate.weight
create_tensor: loading tensor blk.17.ssm_conv1d.weight
create_tensor: loading tensor blk.17.ssm_dt.bias
create_tensor: loading tensor blk.17.ssm_a
create_tensor: loading tensor blk.17.ssm_beta.weight
create_tensor: loading tensor blk.17.ssm_alpha.weight
create_tensor: loading tensor blk.17.ssm_norm.weight
create_tensor: loading tensor blk.17.ssm_out.weight
create_tensor: loading tensor blk.17.ffn_gate_inp.weight
create_tensor: loading tensor blk.17.ffn_down_exps.weight
tensor blk.17.ffn_down_exps.weight (450 MiB iq4_nl) buffer type overridden to CUDA_Host
create_tensor: loading tensor blk.17.ffn_gate_up_exps.weight
create_tensor: loading tensor blk.17.ffn_gate_exps.weight
tensor blk.17.ffn_gate_exps.weight (343 MiB iq3_s) buffer type overridden to CUDA_Host
create_tensor: loading tensor blk.17.ffn_up_exps.weight
tensor blk.17.ffn_up_exps.weight (343 MiB iq3_s) buffer type overridden to CUDA_Host
create_tensor: loading tensor blk.17.ffn_gate_inp_shexp.weight
create_tensor: loading tensor blk.17.ffn_gate_shexp.weight
create_tensor: loading tensor blk.17.ffn_up_shexp.weight
create_tensor: loading tensor blk.17.ffn_down_shexp.weight
create_tensor: loading tensor blk.18.hc_attn_norm.weight
create_tensor: loading tensor blk.18.hc_attn_down.weight
create_tensor: loading tensor blk.18.hc_attn_up.weight
create_tensor: loading tensor blk.18.hc_attn_inject.weight
create_tensor: loading tensor blk.18.hc_ffn_norm.weight
create_tensor: loading tensor blk.18.hc_ffn_down.weight
create_tensor: loading tensor blk.18.hc_ffn_up.weight
create_tensor: loading tensor blk.18.hc_ffn_inject.weight
create_tensor: loading tensor blk.18.attn_qkv.weight
create_tensor: loading tensor blk.18.attn_gate.weight
create_tensor: loading tensor blk.18.ssm_conv1d.weight
create_tensor: loading tensor blk.18.ssm_dt.bias
create_tensor: loading tensor blk.18.ssm_a
create_tensor: loading tensor blk.18.ssm_beta.weight
create_tensor: loading tensor blk.18.ssm_alpha.weight
create_tensor: loading tensor blk.18.ssm_norm.weight
create_tensor: loading tensor blk.18.ssm_out.weight
create_tensor: loading tensor blk.18.ffn_gate_inp.weight
create_tensor: loading tensor blk.18.ffn_down_exps.weight
tensor blk.18.ffn_down_exps.weight (450 MiB iq4_nl) buffer type overridden to CUDA_Host
create_tensor: loading tensor blk.18.ffn_gate_up_exps.weight
create_tensor: loading tensor blk.18.ffn_gate_exps.weight
tensor blk.18.ffn_gate_exps.weight (343 MiB iq3_s) buffer type overridden to CUDA_Host
create_tensor: loading tensor blk.18.ffn_up_exps.weight
tensor blk.18.ffn_up_exps.weight (343 MiB iq3_s) buffer type overridden to CUDA_Host
create_tensor: loading tensor blk.18.ffn_gate_inp_shexp.weight
create_tensor: loading tensor blk.18.ffn_gate_shexp.weight
create_tensor: loading tensor blk.18.ffn_up_shexp.weight
create_tensor: loading tensor blk.18.ffn_down_shexp.weight
create_tensor: loading tensor blk.19.hc_attn_norm.weight
create_tensor: loading tensor blk.19.hc_attn_down.weight
create_tensor: loading tensor blk.19.hc_attn_up.weight
create_tensor: loading tensor blk.19.hc_attn_inject.weight
create_tensor: loading tensor blk.19.hc_ffn_norm.weight
create_tensor: loading tensor blk.19.hc_ffn_down.weight
create_tensor: loading tensor blk.19.hc_ffn_up.weight
create_tensor: loading tensor blk.19.hc_ffn_inject.weight
create_tensor: loading tensor blk.19.attn_qkv.weight
create_tensor: loading tensor blk.19.attn_q.weight
create_tensor: loading tensor blk.19.attn_k.weight
create_tensor: loading tensor blk.19.attn_v.weight
create_tensor: loading tensor blk.19.attn_q.bias
create_tensor: loading tensor blk.19.attn_k.bias
create_tensor: loading tensor blk.19.attn_v.bias
create_tensor: loading tensor blk.19.attn_output.weight
create_tensor: loading tensor blk.19.attn_q_norm.weight
create_tensor: loading tensor blk.19.attn_k_norm.weight
create_tensor: loading tensor blk.19.indexer.q_proj.weight
create_tensor: loading tensor blk.19.indexer.k_proj.weight
create_tensor: loading tensor blk.19.indexer.q_norm.weight
create_tensor: loading tensor blk.19.indexer.k_norm.weight
create_tensor: loading tensor blk.19.ffn_gate_inp.weight
create_tensor: loading tensor blk.19.ffn_down_exps.weight
tensor blk.19.ffn_down_exps.weight (450 MiB iq4_nl) buffer type overridden to CUDA_Host
create_tensor: loading tensor blk.19.ffn_gate_up_exps.weight
create_tensor: loading tensor blk.19.ffn_gate_exps.weight
tensor blk.19.ffn_gate_exps.weight (343 MiB iq3_s) buffer type overridden to CUDA_Host
create_tensor: loading tensor blk.19.ffn_up_exps.weight
tensor blk.19.ffn_up_exps.weight (343 MiB iq3_s) buffer type overridden to CUDA_Host
create_tensor: loading tensor blk.19.ffn_gate_inp_shexp.weight
create_tensor: loading tensor blk.19.ffn_gate_shexp.weight
create_tensor: loading tensor blk.19.ffn_up_shexp.weight
create_tensor: loading tensor blk.19.ffn_down_shexp.weight
create_tensor: loading tensor blk.20.hc_attn_norm.weight
create_tensor: loading tensor blk.20.hc_attn_down.weight
create_tensor: loading tensor blk.20.hc_attn_up.weight
create_tensor: loading tensor blk.20.hc_attn_inject.weight
create_tensor: loading tensor blk.20.hc_ffn_norm.weight
create_tensor: loading tensor blk.20.hc_ffn_down.weight
create_tensor: loading tensor blk.20.hc_ffn_up.weight
create_tensor: loading tensor blk.20.hc_ffn_inject.weight
create_tensor: loading tensor blk.20.attn_qkv.weight
create_tensor: loading tensor blk.20.attn_gate.weight
create_tensor: loading tensor blk.20.ssm_conv1d.weight
create_tensor: loading tensor blk.20.ssm_dt.bias
create_tensor: loading tensor blk.20.ssm_a
create_tensor: loading tensor blk.20.ssm_beta.weight
create_tensor: loading tensor blk.20.ssm_alpha.weight
create_tensor: loading tensor blk.20.ssm_norm.weight
create_tensor: loading tensor blk.20.ssm_out.weight
create_tensor: loading tensor blk.20.ffn_gate_inp.weight
create_tensor: loading tensor blk.20.ffn_down_exps.weight
tensor blk.20.ffn_down_exps.weight (450 MiB iq4_nl) buffer type overridden to CUDA_Host
create_tensor: loading tensor blk.20.ffn_gate_up_exps.weight
create_tensor: loading tensor blk.20.ffn_gate_exps.weight
tensor blk.20.ffn_gate_exps.weight (343 MiB iq3_s) buffer type overridden to CUDA_Host
create_tensor: loading tensor blk.20.ffn_up_exps.weight
tensor blk.20.ffn_up_exps.weight (343 MiB iq3_s) buffer type overridden to CUDA_Host
create_tensor: loading tensor blk.20.ffn_gate_inp_shexp.weight
create_tensor: loading tensor blk.20.ffn_gate_shexp.weight
create_tensor: loading tensor blk.20.ffn_up_shexp.weight
create_tensor: loading tensor blk.20.ffn_down_shexp.weight
create_tensor: loading tensor blk.21.hc_attn_norm.weight
create_tensor: loading tensor blk.21.hc_attn_down.weight
create_tensor: loading tensor blk.21.hc_attn_up.weight
create_tensor: loading tensor blk.21.hc_attn_inject.weight
create_tensor: loading tensor blk.21.hc_ffn_norm.weight
create_tensor: loading tensor blk.21.hc_ffn_down.weight
create_tensor: loading tensor blk.21.hc_ffn_up.weight
create_tensor: loading tensor blk.21.hc_ffn_inject.weight
create_tensor: loading tensor blk.21.attn_qkv.weight
create_tensor: loading tensor blk.21.attn_gate.weight
create_tensor: loading tensor blk.21.ssm_conv1d.weight
create_tensor: loading tensor blk.21.ssm_dt.bias
create_tensor: loading tensor blk.21.ssm_a
create_tensor: loading tensor blk.21.ssm_beta.weight
create_tensor: loading tensor blk.21.ssm_alpha.weight
create_tensor: loading tensor blk.21.ssm_norm.weight
create_tensor: loading tensor blk.21.ssm_out.weight
create_tensor: loading tensor blk.21.ffn_gate_inp.weight
create_tensor: loading tensor blk.21.ffn_down_exps.weight
tensor blk.21.ffn_down_exps.weight (450 MiB iq4_nl) buffer type overridden to CUDA_Host
create_tensor: loading tensor blk.21.ffn_gate_up_exps.weight
create_tensor: loading tensor blk.21.ffn_gate_exps.weight
tensor blk.21.ffn_gate_exps.weight (343 MiB iq3_s) buffer type overridden to CUDA_Host
create_tensor: loading tensor blk.21.ffn_up_exps.weight
tensor blk.21.ffn_up_exps.weight (343 MiB iq3_s) buffer type overridden to CUDA_Host
create_tensor: loading tensor blk.21.ffn_gate_inp_shexp.weight
create_tensor: loading tensor blk.21.ffn_gate_shexp.weight
create_tensor: loading tensor blk.21.ffn_up_shexp.weight
create_tensor: loading tensor blk.21.ffn_down_shexp.weight
create_tensor: loading tensor blk.22.hc_attn_norm.weight
create_tensor: loading tensor blk.22.hc_attn_down.weight
create_tensor: loading tensor blk.22.hc_attn_up.weight
create_tensor: loading tensor blk.22.hc_attn_inject.weight
create_tensor: loading tensor blk.22.hc_ffn_norm.weight
create_tensor: loading tensor blk.22.hc_ffn_down.weight
create_tensor: loading tensor blk.22.hc_ffn_up.weight
create_tensor: loading tensor blk.22.hc_ffn_inject.weight
create_tensor: loading tensor blk.22.attn_qkv.weight
create_tensor: loading tensor blk.22.attn_gate.weight
create_tensor: loading tensor blk.22.ssm_conv1d.weight
create_tensor: loading tensor blk.22.ssm_dt.bias
create_tensor: loading tensor blk.22.ssm_a
create_tensor: loading tensor blk.22.ssm_beta.weight
create_tensor: loading tensor blk.22.ssm_alpha.weight
create_tensor: loading tensor blk.22.ssm_norm.weight
create_tensor: loading tensor blk.22.ssm_out.weight
create_tensor: loading tensor blk.22.ffn_gate_inp.weight
create_tensor: loading tensor blk.22.ffn_down_exps.weight
tensor blk.22.ffn_down_exps.weight (450 MiB iq4_nl) buffer type overridden to CUDA_Host
create_tensor: loading tensor blk.22.ffn_gate_up_exps.weight
create_tensor: loading tensor blk.22.ffn_gate_exps.weight
tensor blk.22.ffn_gate_exps.weight (343 MiB iq3_s) buffer type overridden to CUDA_Host
create_tensor: loading tensor blk.22.ffn_up_exps.weight
tensor blk.22.ffn_up_exps.weight (343 MiB iq3_s) buffer type overridden to CUDA_Host
create_tensor: loading tensor blk.22.ffn_gate_inp_shexp.weight
create_tensor: loading tensor blk.22.ffn_gate_shexp.weight
create_tensor: loading tensor blk.22.ffn_up_shexp.weight
create_tensor: loading tensor blk.22.ffn_down_shexp.weight
create_tensor: loading tensor blk.23.hc_attn_norm.weight
create_tensor: loading tensor blk.23.hc_attn_down.weight
create_tensor: loading tensor blk.23.hc_attn_up.weight
create_tensor: loading tensor blk.23.hc_attn_inject.weight
create_tensor: loading tensor blk.23.hc_ffn_norm.weight
create_tensor: loading tensor blk.23.hc_ffn_down.weight
create_tensor: loading tensor blk.23.hc_ffn_up.weight
create_tensor: loading tensor blk.23.hc_ffn_inject.weight
create_tensor: loading tensor blk.23.attn_qkv.weight
create_tensor: loading tensor blk.23.attn_q.weight
create_tensor: loading tensor blk.23.attn_k.weight
create_tensor: loading tensor blk.23.attn_v.weight
create_tensor: loading tensor blk.23.attn_q.bias
create_tensor: loading tensor blk.23.attn_k.bias
create_tensor: loading tensor blk.23.attn_v.bias
create_tensor: loading tensor blk.23.attn_output.weight
create_tensor: loading tensor blk.23.attn_q_norm.weight
create_tensor: loading tensor blk.23.attn_k_norm.weight
create_tensor: loading tensor blk.23.indexer.q_proj.weight
create_tensor: loading tensor blk.23.indexer.k_proj.weight
create_tensor: loading tensor blk.23.indexer.q_norm.weight
create_tensor: loading tensor blk.23.indexer.k_norm.weight
create_tensor: loading tensor blk.23.ffn_gate_inp.weight
create_tensor: loading tensor blk.23.ffn_down_exps.weight
tensor blk.23.ffn_down_exps.weight (450 MiB iq4_nl) buffer type overridden to CUDA_Host
create_tensor: loading tensor blk.23.ffn_gate_up_exps.weight
create_tensor: loading tensor blk.23.ffn_gate_exps.weight
tensor blk.23.ffn_gate_exps.weight (343 MiB iq3_s) buffer type overridden to CUDA_Host
create_tensor: loading tensor blk.23.ffn_up_exps.weight
tensor blk.23.ffn_up_exps.weight (343 MiB iq3_s) buffer type overridden to CUDA_Host
create_tensor: loading tensor blk.23.ffn_gate_inp_shexp.weight
create_tensor: loading tensor blk.23.ffn_gate_shexp.weight
create_tensor: loading tensor blk.23.ffn_up_shexp.weight
create_tensor: loading tensor blk.23.ffn_down_shexp.weight
create_tensor: loading tensor blk.24.hc_attn_norm.weight
create_tensor: loading tensor blk.24.hc_attn_down.weight
create_tensor: loading tensor blk.24.hc_attn_up.weight
create_tensor: loading tensor blk.24.hc_attn_inject.weight
create_tensor: loading tensor blk.24.hc_ffn_norm.weight
create_tensor: loading tensor blk.24.hc_ffn_down.weight
create_tensor: loading tensor blk.24.hc_ffn_up.weight
create_tensor: loading tensor blk.24.hc_ffn_inject.weight
create_tensor: loading tensor blk.24.attn_qkv.weight
create_tensor: loading tensor blk.24.attn_gate.weight
create_tensor: loading tensor blk.24.ssm_conv1d.weight
create_tensor: loading tensor blk.24.ssm_dt.bias
create_tensor: loading tensor blk.24.ssm_a
create_tensor: loading tensor blk.24.ssm_beta.weight
create_tensor: loading tensor blk.24.ssm_alpha.weight
create_tensor: loading tensor blk.24.ssm_norm.weight
create_tensor: loading tensor blk.24.ssm_out.weight
create_tensor: loading tensor blk.24.ffn_gate_inp.weight
create_tensor: loading tensor blk.24.ffn_down_exps.weight
tensor blk.24.ffn_down_exps.weight (450 MiB iq4_nl) buffer type overridden to CUDA_Host
create_tensor: loading tensor blk.24.ffn_gate_up_exps.weight
create_tensor: loading tensor blk.24.ffn_gate_exps.weight
tensor blk.24.ffn_gate_exps.weight (343 MiB iq3_s) buffer type overridden to CUDA_Host
create_tensor: loading tensor blk.24.ffn_up_exps.weight
tensor blk.24.ffn_up_exps.weight (343 MiB iq3_s) buffer type overridden to CUDA_Host
create_tensor: loading tensor blk.24.ffn_gate_inp_shexp.weight
create_tensor: loading tensor blk.24.ffn_gate_shexp.weight
create_tensor: loading tensor blk.24.ffn_up_shexp.weight
create_tensor: loading tensor blk.24.ffn_down_shexp.weight
create_tensor: loading tensor blk.25.hc_attn_norm.weight
create_tensor: loading tensor blk.25.hc_attn_down.weight
create_tensor: loading tensor blk.25.hc_attn_up.weight
create_tensor: loading tensor blk.25.hc_attn_inject.weight
create_tensor: loading tensor blk.25.hc_ffn_norm.weight
create_tensor: loading tensor blk.25.hc_ffn_down.weight
create_tensor: loading tensor blk.25.hc_ffn_up.weight
create_tensor: loading tensor blk.25.hc_ffn_inject.weight
create_tensor: loading tensor blk.25.attn_qkv.weight
create_tensor: loading tensor blk.25.attn_gate.weight
create_tensor: loading tensor blk.25.ssm_conv1d.weight
create_tensor: loading tensor blk.25.ssm_dt.bias
create_tensor: loading tensor blk.25.ssm_a
create_tensor: loading tensor blk.25.ssm_beta.weight
create_tensor: loading tensor blk.25.ssm_alpha.weight
create_tensor: loading tensor blk.25.ssm_norm.weight
create_tensor: loading tensor blk.25.ssm_out.weight
create_tensor: loading tensor blk.25.ffn_gate_inp.weight
create_tensor: loading tensor blk.25.ffn_down_exps.weight
tensor blk.25.ffn_down_exps.weight (450 MiB iq4_nl) buffer type overridden to CUDA_Host
create_tensor: loading tensor blk.25.ffn_gate_up_exps.weight
create_tensor: loading tensor blk.25.ffn_gate_exps.weight
tensor blk.25.ffn_gate_exps.weight (343 MiB iq3_s) buffer type overridden to CUDA_Host
create_tensor: loading tensor blk.25.ffn_up_exps.weight
tensor blk.25.ffn_up_exps.weight (343 MiB iq3_s) buffer type overridden to CUDA_Host
create_tensor: loading tensor blk.25.ffn_gate_inp_shexp.weight
create_tensor: loading tensor blk.25.ffn_gate_shexp.weight
create_tensor: loading tensor blk.25.ffn_up_shexp.weight
create_tensor: loading tensor blk.25.ffn_down_shexp.weight
create_tensor: loading tensor blk.26.hc_attn_norm.weight
create_tensor: loading tensor blk.26.hc_attn_down.weight
create_tensor: loading tensor blk.26.hc_attn_up.weight
create_tensor: loading tensor blk.26.hc_attn_inject.weight
create_tensor: loading tensor blk.26.hc_ffn_norm.weight
create_tensor: loading tensor blk.26.hc_ffn_down.weight
create_tensor: loading tensor blk.26.hc_ffn_up.weight
create_tensor: loading tensor blk.26.hc_ffn_inject.weight
create_tensor: loading tensor blk.26.attn_qkv.weight
create_tensor: loading tensor blk.26.attn_gate.weight
create_tensor: loading tensor blk.26.ssm_conv1d.weight
create_tensor: loading tensor blk.26.ssm_dt.bias
create_tensor: loading tensor blk.26.ssm_a
create_tensor: loading tensor blk.26.ssm_beta.weight
create_tensor: loading tensor blk.26.ssm_alpha.weight
create_tensor: loading tensor blk.26.ssm_norm.weight
create_tensor: loading tensor blk.26.ssm_out.weight
create_tensor: loading tensor blk.26.ffn_gate_inp.weight
create_tensor: loading tensor blk.26.ffn_down_exps.weight
tensor blk.26.ffn_down_exps.weight (450 MiB iq4_nl) buffer type overridden to CUDA_Host
create_tensor: loading tensor blk.26.ffn_gate_up_exps.weight
create_tensor: loading tensor blk.26.ffn_gate_exps.weight
tensor blk.26.ffn_gate_exps.weight (343 MiB iq3_s) buffer type overridden to CUDA_Host
create_tensor: loading tensor blk.26.ffn_up_exps.weight
tensor blk.26.ffn_up_exps.weight (343 MiB iq3_s) buffer type overridden to CUDA_Host
create_tensor: loading tensor blk.26.ffn_gate_inp_shexp.weight
create_tensor: loading tensor blk.26.ffn_gate_shexp.weight
create_tensor: loading tensor blk.26.ffn_up_shexp.weight
create_tensor: loading tensor blk.26.ffn_down_shexp.weight
create_tensor: loading tensor blk.27.hc_attn_norm.weight
create_tensor: loading tensor blk.27.hc_attn_down.weight
create_tensor: loading tensor blk.27.hc_attn_up.weight
create_tensor: loading tensor blk.27.hc_attn_inject.weight
create_tensor: loading tensor blk.27.hc_ffn_norm.weight
create_tensor: loading tensor blk.27.hc_ffn_down.weight
create_tensor: loading tensor blk.27.hc_ffn_up.weight
create_tensor: loading tensor blk.27.hc_ffn_inject.weight
create_tensor: loading tensor blk.27.attn_qkv.weight
create_tensor: loading tensor blk.27.attn_q.weight
create_tensor: loading tensor blk.27.attn_k.weight
create_tensor: loading tensor blk.27.attn_v.weight
create_tensor: loading tensor blk.27.attn_q.bias
create_tensor: loading tensor blk.27.attn_k.bias
create_tensor: loading tensor blk.27.attn_v.bias
create_tensor: loading tensor blk.27.attn_output.weight
create_tensor: loading tensor blk.27.attn_q_norm.weight
create_tensor: loading tensor blk.27.attn_k_norm.weight
create_tensor: loading tensor blk.27.indexer.q_proj.weight
create_tensor: loading tensor blk.27.indexer.k_proj.weight
create_tensor: loading tensor blk.27.indexer.q_norm.weight
create_tensor: loading tensor blk.27.indexer.k_norm.weight
create_tensor: loading tensor blk.27.ffn_gate_inp.weight
create_tensor: loading tensor blk.27.ffn_down_exps.weight
tensor blk.27.ffn_down_exps.weight (450 MiB iq4_nl) buffer type overridden to CUDA_Host
create_tensor: loading tensor blk.27.ffn_gate_up_exps.weight
create_tensor: loading tensor blk.27.ffn_gate_exps.weight
tensor blk.27.ffn_gate_exps.weight (343 MiB iq3_s) buffer type overridden to CUDA_Host
create_tensor: loading tensor blk.27.ffn_up_exps.weight
tensor blk.27.ffn_up_exps.weight (343 MiB iq3_s) buffer type overridden to CUDA_Host
create_tensor: loading tensor blk.27.ffn_gate_inp_shexp.weight
create_tensor: loading tensor blk.27.ffn_gate_shexp.weight
create_tensor: loading tensor blk.27.ffn_up_shexp.weight
create_tensor: loading tensor blk.27.ffn_down_shexp.weight
create_tensor: loading tensor blk.28.hc_attn_norm.weight
create_tensor: loading tensor blk.28.hc_attn_down.weight
create_tensor: loading tensor blk.28.hc_attn_up.weight
create_tensor: loading tensor blk.28.hc_attn_inject.weight
create_tensor: loading tensor blk.28.hc_ffn_norm.weight
create_tensor: loading tensor blk.28.hc_ffn_down.weight
create_tensor: loading tensor blk.28.hc_ffn_up.weight
create_tensor: loading tensor blk.28.hc_ffn_inject.weight
create_tensor: loading tensor blk.28.attn_qkv.weight
create_tensor: loading tensor blk.28.attn_gate.weight
create_tensor: loading tensor blk.28.ssm_conv1d.weight
create_tensor: loading tensor blk.28.ssm_dt.bias
create_tensor: loading tensor blk.28.ssm_a
create_tensor: loading tensor blk.28.ssm_beta.weight
create_tensor: loading tensor blk.28.ssm_alpha.weight
create_tensor: loading tensor blk.28.ssm_norm.weight
create_tensor: loading tensor blk.28.ssm_out.weight
create_tensor: loading tensor blk.28.ffn_gate_inp.weight
create_tensor: loading tensor blk.28.ffn_down_exps.weight
tensor blk.28.ffn_down_exps.weight (450 MiB iq4_nl) buffer type overridden to CUDA_Host
create_tensor: loading tensor blk.28.ffn_gate_up_exps.weight
create_tensor: loading tensor blk.28.ffn_gate_exps.weight
tensor blk.28.ffn_gate_exps.weight (343 MiB iq3_s) buffer type overridden to CUDA_Host
create_tensor: loading tensor blk.28.ffn_up_exps.weight
tensor blk.28.ffn_up_exps.weight (343 MiB iq3_s) buffer type overridden to CUDA_Host
create_tensor: loading tensor blk.28.ffn_gate_inp_shexp.weight
create_tensor: loading tensor blk.28.ffn_gate_shexp.weight
create_tensor: loading tensor blk.28.ffn_up_shexp.weight
create_tensor: loading tensor blk.28.ffn_down_shexp.weight
create_tensor: loading tensor blk.29.hc_attn_norm.weight
create_tensor: loading tensor blk.29.hc_attn_down.weight
create_tensor: loading tensor blk.29.hc_attn_up.weight
create_tensor: loading tensor blk.29.hc_attn_inject.weight
create_tensor: loading tensor blk.29.hc_ffn_norm.weight
create_tensor: loading tensor blk.29.hc_ffn_down.weight
create_tensor: loading tensor blk.29.hc_ffn_up.weight
create_tensor: loading tensor blk.29.hc_ffn_inject.weight
create_tensor: loading tensor blk.29.attn_qkv.weight
create_tensor: loading tensor blk.29.attn_gate.weight
create_tensor: loading tensor blk.29.ssm_conv1d.weight
create_tensor: loading tensor blk.29.ssm_dt.bias
create_tensor: loading tensor blk.29.ssm_a
create_tensor: loading tensor blk.29.ssm_beta.weight
create_tensor: loading tensor blk.29.ssm_alpha.weight
create_tensor: loading tensor blk.29.ssm_norm.weight
create_tensor: loading tensor blk.29.ssm_out.weight
create_tensor: loading tensor blk.29.ffn_gate_inp.weight
create_tensor: loading tensor blk.29.ffn_down_exps.weight
tensor blk.29.ffn_down_exps.weight (450 MiB iq4_nl) buffer type overridden to CUDA_Host
create_tensor: loading tensor blk.29.ffn_gate_up_exps.weight
create_tensor: loading tensor blk.29.ffn_gate_exps.weight
tensor blk.29.ffn_gate_exps.weight (343 MiB iq3_s) buffer type overridden to CUDA_Host
create_tensor: loading tensor blk.29.ffn_up_exps.weight
tensor blk.29.ffn_up_exps.weight (343 MiB iq3_s) buffer type overridden to CUDA_Host
create_tensor: loading tensor blk.29.ffn_gate_inp_shexp.weight
create_tensor: loading tensor blk.29.ffn_gate_shexp.weight
create_tensor: loading tensor blk.29.ffn_up_shexp.weight
create_tensor: loading tensor blk.29.ffn_down_shexp.weight
create_tensor: loading tensor blk.30.hc_attn_norm.weight
create_tensor: loading tensor blk.30.hc_attn_down.weight
create_tensor: loading tensor blk.30.hc_attn_up.weight
create_tensor: loading tensor blk.30.hc_attn_inject.weight
create_tensor: loading tensor blk.30.hc_ffn_norm.weight
create_tensor: loading tensor blk.30.hc_ffn_down.weight
create_tensor: loading tensor blk.30.hc_ffn_up.weight
create_tensor: loading tensor blk.30.hc_ffn_inject.weight
create_tensor: loading tensor blk.30.attn_qkv.weight
create_tensor: loading tensor blk.30.attn_gate.weight
create_tensor: loading tensor blk.30.ssm_conv1d.weight
create_tensor: loading tensor blk.30.ssm_dt.bias
create_tensor: loading tensor blk.30.ssm_a
create_tensor: loading tensor blk.30.ssm_beta.weight
create_tensor: loading tensor blk.30.ssm_alpha.weight
create_tensor: loading tensor blk.30.ssm_norm.weight
create_tensor: loading tensor blk.30.ssm_out.weight
create_tensor: loading tensor blk.30.ffn_gate_inp.weight
create_tensor: loading tensor blk.30.ffn_down_exps.weight
tensor blk.30.ffn_down_exps.weight (850 MiB q8_0) buffer type overridden to CUDA_Host
create_tensor: loading tensor blk.30.ffn_gate_up_exps.weight
create_tensor: loading tensor blk.30.ffn_gate_exps.weight
tensor blk.30.ffn_gate_exps.weight (343 MiB iq3_s) buffer type overridden to CUDA_Host
create_tensor: loading tensor blk.30.ffn_up_exps.weight
tensor blk.30.ffn_up_exps.weight (343 MiB iq3_s) buffer type overridden to CUDA_Host
create_tensor: loading tensor blk.30.ffn_gate_inp_shexp.weight
create_tensor: loading tensor blk.30.ffn_gate_shexp.weight
create_tensor: loading tensor blk.30.ffn_up_shexp.weight
create_tensor: loading tensor blk.30.ffn_down_shexp.weight
create_tensor: loading tensor blk.31.hc_attn_norm.weight
create_tensor: loading tensor blk.31.hc_attn_down.weight
create_tensor: loading tensor blk.31.hc_attn_up.weight
create_tensor: loading tensor blk.31.hc_attn_inject.weight
create_tensor: loading tensor blk.31.hc_ffn_norm.weight
create_tensor: loading tensor blk.31.hc_ffn_down.weight
create_tensor: loading tensor blk.31.hc_ffn_up.weight
create_tensor: loading tensor blk.31.hc_ffn_inject.weight
create_tensor: loading tensor blk.31.attn_qkv.weight
create_tensor: loading tensor blk.31.attn_q.weight
create_tensor: loading tensor blk.31.attn_k.weight
create_tensor: loading tensor blk.31.attn_v.weight
create_tensor: loading tensor blk.31.attn_q.bias
create_tensor: loading tensor blk.31.attn_k.bias
create_tensor: loading tensor blk.31.attn_v.bias
create_tensor: loading tensor blk.31.attn_output.weight
create_tensor: loading tensor blk.31.attn_q_norm.weight
create_tensor: loading tensor blk.31.attn_k_norm.weight
create_tensor: loading tensor blk.31.indexer.q_proj.weight
create_tensor: loading tensor blk.31.indexer.k_proj.weight
create_tensor: loading tensor blk.31.indexer.q_norm.weight
create_tensor: loading tensor blk.31.indexer.k_norm.weight
create_tensor: loading tensor blk.31.ffn_gate_inp.weight
create_tensor: loading tensor blk.31.ffn_down_exps.weight
tensor blk.31.ffn_down_exps.weight (450 MiB iq4_nl) buffer type overridden to CUDA_Host
create_tensor: loading tensor blk.31.ffn_gate_up_exps.weight
create_tensor: loading tensor blk.31.ffn_gate_exps.weight
tensor blk.31.ffn_gate_exps.weight (343 MiB iq3_s) buffer type overridden to CUDA_Host
create_tensor: loading tensor blk.31.ffn_up_exps.weight
tensor blk.31.ffn_up_exps.weight (343 MiB iq3_s) buffer type overridden to CUDA_Host
create_tensor: loading tensor blk.31.ffn_gate_inp_shexp.weight
create_tensor: loading tensor blk.31.ffn_gate_shexp.weight
create_tensor: loading tensor blk.31.ffn_up_shexp.weight
create_tensor: loading tensor blk.31.ffn_down_shexp.weight
create_tensor: loading tensor blk.32.hc_attn_norm.weight
create_tensor: loading tensor blk.32.hc_attn_down.weight
create_tensor: loading tensor blk.32.hc_attn_up.weight
create_tensor: loading tensor blk.32.hc_attn_inject.weight
create_tensor: loading tensor blk.32.hc_ffn_norm.weight
create_tensor: loading tensor blk.32.hc_ffn_down.weight
create_tensor: loading tensor blk.32.hc_ffn_up.weight
create_tensor: loading tensor blk.32.hc_ffn_inject.weight
create_tensor: loading tensor blk.32.attn_qkv.weight
create_tensor: loading tensor blk.32.attn_gate.weight
create_tensor: loading tensor blk.32.ssm_conv1d.weight
create_tensor: loading tensor blk.32.ssm_dt.bias
create_tensor: loading tensor blk.32.ssm_a
create_tensor: loading tensor blk.32.ssm_beta.weight
create_tensor: loading tensor blk.32.ssm_alpha.weight
create_tensor: loading tensor blk.32.ssm_norm.weight
create_tensor: loading tensor blk.32.ssm_out.weight
create_tensor: loading tensor blk.32.ffn_gate_inp.weight
create_tensor: loading tensor blk.32.ffn_down_exps.weight
tensor blk.32.ffn_down_exps.weight (450 MiB iq4_nl) buffer type overridden to CUDA_Host
create_tensor: loading tensor blk.32.ffn_gate_up_exps.weight
create_tensor: loading tensor blk.32.ffn_gate_exps.weight
tensor blk.32.ffn_gate_exps.weight (343 MiB iq3_s) buffer type overridden to CUDA_Host
create_tensor: loading tensor blk.32.ffn_up_exps.weight
tensor blk.32.ffn_up_exps.weight (343 MiB iq3_s) buffer type overridden to CUDA_Host
create_tensor: loading tensor blk.32.ffn_gate_inp_shexp.weight
create_tensor: loading tensor blk.32.ffn_gate_shexp.weight
create_tensor: loading tensor blk.32.ffn_up_shexp.weight
create_tensor: loading tensor blk.32.ffn_down_shexp.weight
create_tensor: loading tensor blk.33.hc_attn_norm.weight
create_tensor: loading tensor blk.33.hc_attn_down.weight
create_tensor: loading tensor blk.33.hc_attn_up.weight
create_tensor: loading tensor blk.33.hc_attn_inject.weight
create_tensor: loading tensor blk.33.hc_ffn_norm.weight
create_tensor: loading tensor blk.33.hc_ffn_down.weight
create_tensor: loading tensor blk.33.hc_ffn_up.weight
create_tensor: loading tensor blk.33.hc_ffn_inject.weight
create_tensor: loading tensor blk.33.attn_qkv.weight
create_tensor: loading tensor blk.33.attn_gate.weight
create_tensor: loading tensor blk.33.ssm_conv1d.weight
create_tensor: loading tensor blk.33.ssm_dt.bias
create_tensor: loading tensor blk.33.ssm_a
create_tensor: loading tensor blk.33.ssm_beta.weight
create_tensor: loading tensor blk.33.ssm_alpha.weight
create_tensor: loading tensor blk.33.ssm_norm.weight
create_tensor: loading tensor blk.33.ssm_out.weight
create_tensor: loading tensor blk.33.ffn_gate_inp.weight
create_tensor: loading tensor blk.33.ffn_down_exps.weight
tensor blk.33.ffn_down_exps.weight (450 MiB iq4_nl) buffer type overridden to CUDA_Host
create_tensor: loading tensor blk.33.ffn_gate_up_exps.weight
create_tensor: loading tensor blk.33.ffn_gate_exps.weight
tensor blk.33.ffn_gate_exps.weight (343 MiB iq3_s) buffer type overridden to CUDA_Host
create_tensor: loading tensor blk.33.ffn_up_exps.weight
tensor blk.33.ffn_up_exps.weight (343 MiB iq3_s) buffer type overridden to CUDA_Host
create_tensor: loading tensor blk.33.ffn_gate_inp_shexp.weight
create_tensor: loading tensor blk.33.ffn_gate_shexp.weight
create_tensor: loading tensor blk.33.ffn_up_shexp.weight
create_tensor: loading tensor blk.33.ffn_down_shexp.weight
create_tensor: loading tensor blk.34.hc_attn_norm.weight
create_tensor: loading tensor blk.34.hc_attn_down.weight
create_tensor: loading tensor blk.34.hc_attn_up.weight
create_tensor: loading tensor blk.34.hc_attn_inject.weight
create_tensor: loading tensor blk.34.hc_ffn_norm.weight
create_tensor: loading tensor blk.34.hc_ffn_down.weight
create_tensor: loading tensor blk.34.hc_ffn_up.weight
create_tensor: loading tensor blk.34.hc_ffn_inject.weight
create_tensor: loading tensor blk.34.attn_qkv.weight
create_tensor: loading tensor blk.34.attn_gate.weight
create_tensor: loading tensor blk.34.ssm_conv1d.weight
create_tensor: loading tensor blk.34.ssm_dt.bias
create_tensor: loading tensor blk.34.ssm_a
create_tensor: loading tensor blk.34.ssm_beta.weight
create_tensor: loading tensor blk.34.ssm_alpha.weight
create_tensor: loading tensor blk.34.ssm_norm.weight
create_tensor: loading tensor blk.34.ssm_out.weight
create_tensor: loading tensor blk.34.ffn_gate_inp.weight
create_tensor: loading tensor blk.34.ffn_down_exps.weight
tensor blk.34.ffn_down_exps.weight (450 MiB iq4_nl) buffer type overridden to CUDA_Host
create_tensor: loading tensor blk.34.ffn_gate_up_exps.weight
create_tensor: loading tensor blk.34.ffn_gate_exps.weight
tensor blk.34.ffn_gate_exps.weight (343 MiB iq3_s) buffer type overridden to CUDA_Host
create_tensor: loading tensor blk.34.ffn_up_exps.weight
tensor blk.34.ffn_up_exps.weight (343 MiB iq3_s) buffer type overridden to CUDA_Host
create_tensor: loading tensor blk.34.ffn_gate_inp_shexp.weight
create_tensor: loading tensor blk.34.ffn_gate_shexp.weight
create_tensor: loading tensor blk.34.ffn_up_shexp.weight
create_tensor: loading tensor blk.34.ffn_down_shexp.weight
create_tensor: loading tensor blk.35.hc_attn_norm.weight
create_tensor: loading tensor blk.35.hc_attn_down.weight
create_tensor: loading tensor blk.35.hc_attn_up.weight
create_tensor: loading tensor blk.35.hc_attn_inject.weight
create_tensor: loading tensor blk.35.hc_ffn_norm.weight
create_tensor: loading tensor blk.35.hc_ffn_down.weight
create_tensor: loading tensor blk.35.hc_ffn_up.weight
create_tensor: loading tensor blk.35.hc_ffn_inject.weight
create_tensor: loading tensor blk.35.attn_qkv.weight
create_tensor: loading tensor blk.35.attn_q.weight
create_tensor: loading tensor blk.35.attn_k.weight
create_tensor: loading tensor blk.35.attn_v.weight
create_tensor: loading tensor blk.35.attn_q.bias
create_tensor: loading tensor blk.35.attn_k.bias
create_tensor: loading tensor blk.35.attn_v.bias
create_tensor: loading tensor blk.35.attn_output.weight
create_tensor: loading tensor blk.35.attn_q_norm.weight
create_tensor: loading tensor blk.35.attn_k_norm.weight
create_tensor: loading tensor blk.35.indexer.q_proj.weight
create_tensor: loading tensor blk.35.indexer.k_proj.weight
create_tensor: loading tensor blk.35.indexer.q_norm.weight
create_tensor: loading tensor blk.35.indexer.k_norm.weight
create_tensor: loading tensor blk.35.ffn_gate_inp.weight
create_tensor: loading tensor blk.35.ffn_down_exps.weight
tensor blk.35.ffn_down_exps.weight (450 MiB iq4_nl) buffer type overridden to CUDA_Host
create_tensor: loading tensor blk.35.ffn_gate_up_exps.weight
create_tensor: loading tensor blk.35.ffn_gate_exps.weight
tensor blk.35.ffn_gate_exps.weight (343 MiB iq3_s) buffer type overridden to CUDA_Host
create_tensor: loading tensor blk.35.ffn_up_exps.weight
tensor blk.35.ffn_up_exps.weight (343 MiB iq3_s) buffer type overridden to CUDA_Host
create_tensor: loading tensor blk.35.ffn_gate_inp_shexp.weight
create_tensor: loading tensor blk.35.ffn_gate_shexp.weight
create_tensor: loading tensor blk.35.ffn_up_shexp.weight
create_tensor: loading tensor blk.35.ffn_down_shexp.weight
create_tensor: loading tensor blk.36.hc_attn_norm.weight
create_tensor: loading tensor blk.36.hc_attn_down.weight
create_tensor: loading tensor blk.36.hc_attn_up.weight
create_tensor: loading tensor blk.36.hc_attn_inject.weight
create_tensor: loading tensor blk.36.hc_ffn_norm.weight
create_tensor: loading tensor blk.36.hc_ffn_down.weight
create_tensor: loading tensor blk.36.hc_ffn_up.weight
create_tensor: loading tensor blk.36.hc_ffn_inject.weight
create_tensor: loading tensor blk.36.attn_qkv.weight
create_tensor: loading tensor blk.36.attn_gate.weight
create_tensor: loading tensor blk.36.ssm_conv1d.weight
create_tensor: loading tensor blk.36.ssm_dt.bias
create_tensor: loading tensor blk.36.ssm_a
create_tensor: loading tensor blk.36.ssm_beta.weight
create_tensor: loading tensor blk.36.ssm_alpha.weight
create_tensor: loading tensor blk.36.ssm_norm.weight
create_tensor: loading tensor blk.36.ssm_out.weight
create_tensor: loading tensor blk.36.ffn_gate_inp.weight
create_tensor: loading tensor blk.36.ffn_down_exps.weight
tensor blk.36.ffn_down_exps.weight (450 MiB iq4_nl) buffer type overridden to CUDA_Host
create_tensor: loading tensor blk.36.ffn_gate_up_exps.weight
create_tensor: loading tensor blk.36.ffn_gate_exps.weight
tensor blk.36.ffn_gate_exps.weight (343 MiB iq3_s) buffer type overridden to CUDA_Host
create_tensor: loading tensor blk.36.ffn_up_exps.weight
tensor blk.36.ffn_up_exps.weight (343 MiB iq3_s) buffer type overridden to CUDA_Host
create_tensor: loading tensor blk.36.ffn_gate_inp_shexp.weight
create_tensor: loading tensor blk.36.ffn_gate_shexp.weight
create_tensor: loading tensor blk.36.ffn_up_shexp.weight
create_tensor: loading tensor blk.36.ffn_down_shexp.weight
create_tensor: loading tensor blk.37.hc_attn_norm.weight
create_tensor: loading tensor blk.37.hc_attn_down.weight
create_tensor: loading tensor blk.37.hc_attn_up.weight
create_tensor: loading tensor blk.37.hc_attn_inject.weight
create_tensor: loading tensor blk.37.hc_ffn_norm.weight
create_tensor: loading tensor blk.37.hc_ffn_down.weight
create_tensor: loading tensor blk.37.hc_ffn_up.weight
create_tensor: loading tensor blk.37.hc_ffn_inject.weight
create_tensor: loading tensor blk.37.attn_qkv.weight
create_tensor: loading tensor blk.37.attn_gate.weight
create_tensor: loading tensor blk.37.ssm_conv1d.weight
create_tensor: loading tensor blk.37.ssm_dt.bias
create_tensor: loading tensor blk.37.ssm_a
create_tensor: loading tensor blk.37.ssm_beta.weight
create_tensor: loading tensor blk.37.ssm_alpha.weight
create_tensor: loading tensor blk.37.ssm_norm.weight
create_tensor: loading tensor blk.37.ssm_out.weight
create_tensor: loading tensor blk.37.ffn_gate_inp.weight
create_tensor: loading tensor blk.37.ffn_down_exps.weight
tensor blk.37.ffn_down_exps.weight (450 MiB iq4_nl) buffer type overridden to CUDA_Host
create_tensor: loading tensor blk.37.ffn_gate_up_exps.weight
create_tensor: loading tensor blk.37.ffn_gate_exps.weight
tensor blk.37.ffn_gate_exps.weight (343 MiB iq3_s) buffer type overridden to CUDA_Host
create_tensor: loading tensor blk.37.ffn_up_exps.weight
tensor blk.37.ffn_up_exps.weight (343 MiB iq3_s) buffer type overridden to CUDA_Host
create_tensor: loading tensor blk.37.ffn_gate_inp_shexp.weight
create_tensor: loading tensor blk.37.ffn_gate_shexp.weight
create_tensor: loading tensor blk.37.ffn_up_shexp.weight
create_tensor: loading tensor blk.37.ffn_down_shexp.weight
create_tensor: loading tensor blk.38.hc_attn_norm.weight
create_tensor: loading tensor blk.38.hc_attn_down.weight
create_tensor: loading tensor blk.38.hc_attn_up.weight
create_tensor: loading tensor blk.38.hc_attn_inject.weight
create_tensor: loading tensor blk.38.hc_ffn_norm.weight
create_tensor: loading tensor blk.38.hc_ffn_down.weight
create_tensor: loading tensor blk.38.hc_ffn_up.weight
create_tensor: loading tensor blk.38.hc_ffn_inject.weight
create_tensor: loading tensor blk.38.attn_qkv.weight
create_tensor: loading tensor blk.38.attn_gate.weight
create_tensor: loading tensor blk.38.ssm_conv1d.weight
create_tensor: loading tensor blk.38.ssm_dt.bias
create_tensor: loading tensor blk.38.ssm_a
create_tensor: loading tensor blk.38.ssm_beta.weight
create_tensor: loading tensor blk.38.ssm_alpha.weight
create_tensor: loading tensor blk.38.ssm_norm.weight
create_tensor: loading tensor blk.38.ssm_out.weight
create_tensor: loading tensor blk.38.ffn_gate_inp.weight
create_tensor: loading tensor blk.38.ffn_down_exps.weight
tensor blk.38.ffn_down_exps.weight (450 MiB iq4_nl) buffer type overridden to CUDA_Host
create_tensor: loading tensor blk.38.ffn_gate_up_exps.weight
create_tensor: loading tensor blk.38.ffn_gate_exps.weight
tensor blk.38.ffn_gate_exps.weight (343 MiB iq3_s) buffer type overridden to CUDA_Host
create_tensor: loading tensor blk.38.ffn_up_exps.weight
tensor blk.38.ffn_up_exps.weight (343 MiB iq3_s) buffer type overridden to CUDA_Host
create_tensor: loading tensor blk.38.ffn_gate_inp_shexp.weight
create_tensor: loading tensor blk.38.ffn_gate_shexp.weight
create_tensor: loading tensor blk.38.ffn_up_shexp.weight
create_tensor: loading tensor blk.38.ffn_down_shexp.weight
create_tensor: loading tensor blk.39.hc_attn_norm.weight
create_tensor: loading tensor blk.39.hc_attn_down.weight
create_tensor: loading tensor blk.39.hc_attn_up.weight
create_tensor: loading tensor blk.39.hc_attn_inject.weight
create_tensor: loading tensor blk.39.hc_ffn_norm.weight
create_tensor: loading tensor blk.39.hc_ffn_down.weight
create_tensor: loading tensor blk.39.hc_ffn_up.weight
create_tensor: loading tensor blk.39.hc_ffn_inject.weight
create_tensor: loading tensor blk.39.attn_qkv.weight
create_tensor: loading tensor blk.39.attn_q.weight
create_tensor: loading tensor blk.39.attn_k.weight
create_tensor: loading tensor blk.39.attn_v.weight
create_tensor: loading tensor blk.39.attn_q.bias
create_tensor: loading tensor blk.39.attn_k.bias
create_tensor: loading tensor blk.39.attn_v.bias
create_tensor: loading tensor blk.39.attn_output.weight
create_tensor: loading tensor blk.39.attn_q_norm.weight
create_tensor: loading tensor blk.39.attn_k_norm.weight
create_tensor: loading tensor blk.39.indexer.q_proj.weight
create_tensor: loading tensor blk.39.indexer.k_proj.weight
create_tensor: loading tensor blk.39.indexer.q_norm.weight
create_tensor: loading tensor blk.39.indexer.k_norm.weight
create_tensor: loading tensor blk.39.ffn_gate_inp.weight
create_tensor: loading tensor blk.39.ffn_down_exps.weight
tensor blk.39.ffn_down_exps.weight (450 MiB iq4_nl) buffer type overridden to CUDA_Host
create_tensor: loading tensor blk.39.ffn_gate_up_exps.weight
create_tensor: loading tensor blk.39.ffn_gate_exps.weight
tensor blk.39.ffn_gate_exps.weight (343 MiB iq3_s) buffer type overridden to CUDA_Host
create_tensor: loading tensor blk.39.ffn_up_exps.weight
tensor blk.39.ffn_up_exps.weight (343 MiB iq3_s) buffer type overridden to CUDA_Host
create_tensor: loading tensor blk.39.ffn_gate_inp_shexp.weight
create_tensor: loading tensor blk.39.ffn_gate_shexp.weight
create_tensor: loading tensor blk.39.ffn_up_shexp.weight
create_tensor: loading tensor blk.39.ffn_down_shexp.weight
create_tensor: loading tensor blk.40.hc_attn_norm.weight
create_tensor: loading tensor blk.40.hc_attn_down.weight
create_tensor: loading tensor blk.40.hc_attn_up.weight
create_tensor: loading tensor blk.40.hc_attn_inject.weight
create_tensor: loading tensor blk.40.hc_ffn_norm.weight
create_tensor: loading tensor blk.40.hc_ffn_down.weight
create_tensor: loading tensor blk.40.hc_ffn_up.weight
create_tensor: loading tensor blk.40.hc_ffn_inject.weight
create_tensor: loading tensor blk.40.attn_qkv.weight
create_tensor: loading tensor blk.40.attn_gate.weight
create_tensor: loading tensor blk.40.ssm_conv1d.weight
create_tensor: loading tensor blk.40.ssm_dt.bias
create_tensor: loading tensor blk.40.ssm_a
create_tensor: loading tensor blk.40.ssm_beta.weight
create_tensor: loading tensor blk.40.ssm_alpha.weight
create_tensor: loading tensor blk.40.ssm_norm.weight
create_tensor: loading tensor blk.40.ssm_out.weight
create_tensor: loading tensor blk.40.ffn_gate_inp.weight
create_tensor: loading tensor blk.40.ffn_down_exps.weight
tensor blk.40.ffn_down_exps.weight (450 MiB iq4_nl) buffer type overridden to CUDA_Host
create_tensor: loading tensor blk.40.ffn_gate_up_exps.weight
create_tensor: loading tensor blk.40.ffn_gate_exps.weight
tensor blk.40.ffn_gate_exps.weight (343 MiB iq3_s) buffer type overridden to CUDA_Host
create_tensor: loading tensor blk.40.ffn_up_exps.weight
tensor blk.40.ffn_up_exps.weight (343 MiB iq3_s) buffer type overridden to CUDA_Host
create_tensor: loading tensor blk.40.ffn_gate_inp_shexp.weight
create_tensor: loading tensor blk.40.ffn_gate_shexp.weight
create_tensor: loading tensor blk.40.ffn_up_shexp.weight
create_tensor: loading tensor blk.40.ffn_down_shexp.weight
create_tensor: loading tensor blk.41.hc_attn_norm.weight
create_tensor: loading tensor blk.41.hc_attn_down.weight
create_tensor: loading tensor blk.41.hc_attn_up.weight
create_tensor: loading tensor blk.41.hc_attn_inject.weight
create_tensor: loading tensor blk.41.hc_ffn_norm.weight
create_tensor: loading tensor blk.41.hc_ffn_down.weight
create_tensor: loading tensor blk.41.hc_ffn_up.weight
create_tensor: loading tensor blk.41.hc_ffn_inject.weight
create_tensor: loading tensor blk.41.attn_qkv.weight
create_tensor: loading tensor blk.41.attn_gate.weight
create_tensor: loading tensor blk.41.ssm_conv1d.weight
create_tensor: loading tensor blk.41.ssm_dt.bias
create_tensor: loading tensor blk.41.ssm_a
create_tensor: loading tensor blk.41.ssm_beta.weight
create_tensor: loading tensor blk.41.ssm_alpha.weight
create_tensor: loading tensor blk.41.ssm_norm.weight
create_tensor: loading tensor blk.41.ssm_out.weight
create_tensor: loading tensor blk.41.ffn_gate_inp.weight
create_tensor: loading tensor blk.41.ffn_down_exps.weight
tensor blk.41.ffn_down_exps.weight (450 MiB iq4_nl) buffer type overridden to CUDA_Host
create_tensor: loading tensor blk.41.ffn_gate_up_exps.weight
create_tensor: loading tensor blk.41.ffn_gate_exps.weight
tensor blk.41.ffn_gate_exps.weight (343 MiB iq3_s) buffer type overridden to CUDA_Host
create_tensor: loading tensor blk.41.ffn_up_exps.weight
tensor blk.41.ffn_up_exps.weight (343 MiB iq3_s) buffer type overridden to CUDA_Host
create_tensor: loading tensor blk.41.ffn_gate_inp_shexp.weight
create_tensor: loading tensor blk.41.ffn_gate_shexp.weight
create_tensor: loading tensor blk.41.ffn_up_shexp.weight
create_tensor: loading tensor blk.41.ffn_down_shexp.weight
create_tensor: loading tensor blk.42.hc_attn_norm.weight
create_tensor: loading tensor blk.42.hc_attn_down.weight
create_tensor: loading tensor blk.42.hc_attn_up.weight
create_tensor: loading tensor blk.42.hc_attn_inject.weight
create_tensor: loading tensor blk.42.hc_ffn_norm.weight
create_tensor: loading tensor blk.42.hc_ffn_down.weight
create_tensor: loading tensor blk.42.hc_ffn_up.weight
create_tensor: loading tensor blk.42.hc_ffn_inject.weight
create_tensor: loading tensor blk.42.attn_qkv.weight
create_tensor: loading tensor blk.42.attn_gate.weight
create_tensor: loading tensor blk.42.ssm_conv1d.weight
create_tensor: loading tensor blk.42.ssm_dt.bias
create_tensor: loading tensor blk.42.ssm_a
create_tensor: loading tensor blk.42.ssm_beta.weight
create_tensor: loading tensor blk.42.ssm_alpha.weight
create_tensor: loading tensor blk.42.ssm_norm.weight
create_tensor: loading tensor blk.42.ssm_out.weight
create_tensor: loading tensor blk.42.ffn_gate_inp.weight
create_tensor: loading tensor blk.42.ffn_down_exps.weight
tensor blk.42.ffn_down_exps.weight (450 MiB iq4_nl) buffer type overridden to CUDA_Host
create_tensor: loading tensor blk.42.ffn_gate_up_exps.weight
create_tensor: loading tensor blk.42.ffn_gate_exps.weight
tensor blk.42.ffn_gate_exps.weight (343 MiB iq3_s) buffer type overridden to CUDA_Host
create_tensor: loading tensor blk.42.ffn_up_exps.weight
tensor blk.42.ffn_up_exps.weight (343 MiB iq3_s) buffer type overridden to CUDA_Host
create_tensor: loading tensor blk.42.ffn_gate_inp_shexp.weight
create_tensor: loading tensor blk.42.ffn_gate_shexp.weight
create_tensor: loading tensor blk.42.ffn_up_shexp.weight
create_tensor: loading tensor blk.42.ffn_down_shexp.weight
create_tensor: loading tensor blk.43.hc_attn_norm.weight
create_tensor: loading tensor blk.43.hc_attn_down.weight
create_tensor: loading tensor blk.43.hc_attn_up.weight
create_tensor: loading tensor blk.43.hc_attn_inject.weight
create_tensor: loading tensor blk.43.hc_ffn_norm.weight
create_tensor: loading tensor blk.43.hc_ffn_down.weight
create_tensor: loading tensor blk.43.hc_ffn_up.weight
create_tensor: loading tensor blk.43.hc_ffn_inject.weight
create_tensor: loading tensor blk.43.attn_qkv.weight
create_tensor: loading tensor blk.43.attn_q.weight
create_tensor: loading tensor blk.43.attn_k.weight
create_tensor: loading tensor blk.43.attn_v.weight
create_tensor: loading tensor blk.43.attn_q.bias
create_tensor: loading tensor blk.43.attn_k.bias
create_tensor: loading tensor blk.43.attn_v.bias
create_tensor: loading tensor blk.43.attn_output.weight
create_tensor: loading tensor blk.43.attn_q_norm.weight
create_tensor: loading tensor blk.43.attn_k_norm.weight
create_tensor: loading tensor blk.43.indexer.q_proj.weight
create_tensor: loading tensor blk.43.indexer.k_proj.weight
create_tensor: loading tensor blk.43.indexer.q_norm.weight
create_tensor: loading tensor blk.43.indexer.k_norm.weight
create_tensor: loading tensor blk.43.ffn_gate_inp.weight
create_tensor: loading tensor blk.43.ffn_down_exps.weight
tensor blk.43.ffn_down_exps.weight (450 MiB iq4_nl) buffer type overridden to CUDA_Host
create_tensor: loading tensor blk.43.ffn_gate_up_exps.weight
create_tensor: loading tensor blk.43.ffn_gate_exps.weight
tensor blk.43.ffn_gate_exps.weight (343 MiB iq3_s) buffer type overridden to CUDA_Host
create_tensor: loading tensor blk.43.ffn_up_exps.weight
tensor blk.43.ffn_up_exps.weight (343 MiB iq3_s) buffer type overridden to CUDA_Host
create_tensor: loading tensor blk.43.ffn_gate_inp_shexp.weight
create_tensor: loading tensor blk.43.ffn_gate_shexp.weight
create_tensor: loading tensor blk.43.ffn_up_shexp.weight
create_tensor: loading tensor blk.43.ffn_down_shexp.weight
create_tensor: loading tensor blk.44.hc_attn_norm.weight
create_tensor: loading tensor blk.44.hc_attn_down.weight
create_tensor: loading tensor blk.44.hc_attn_up.weight
create_tensor: loading tensor blk.44.hc_attn_inject.weight
create_tensor: loading tensor blk.44.hc_ffn_norm.weight
create_tensor: loading tensor blk.44.hc_ffn_down.weight
create_tensor: loading tensor blk.44.hc_ffn_up.weight
create_tensor: loading tensor blk.44.hc_ffn_inject.weight
create_tensor: loading tensor blk.44.attn_qkv.weight
create_tensor: loading tensor blk.44.attn_gate.weight
create_tensor: loading tensor blk.44.ssm_conv1d.weight
create_tensor: loading tensor blk.44.ssm_dt.bias
create_tensor: loading tensor blk.44.ssm_a
create_tensor: loading tensor blk.44.ssm_beta.weight
create_tensor: loading tensor blk.44.ssm_alpha.weight
create_tensor: loading tensor blk.44.ssm_norm.weight
create_tensor: loading tensor blk.44.ssm_out.weight
create_tensor: loading tensor blk.44.ffn_gate_inp.weight
create_tensor: loading tensor blk.44.ffn_down_exps.weight
tensor blk.44.ffn_down_exps.weight (450 MiB iq4_nl) buffer type overridden to CUDA_Host
create_tensor: loading tensor blk.44.ffn_gate_up_exps.weight
create_tensor: loading tensor blk.44.ffn_gate_exps.weight
tensor blk.44.ffn_gate_exps.weight (343 MiB iq3_s) buffer type overridden to CUDA_Host
create_tensor: loading tensor blk.44.ffn_up_exps.weight
tensor blk.44.ffn_up_exps.weight (343 MiB iq3_s) buffer type overridden to CUDA_Host
create_tensor: loading tensor blk.44.ffn_gate_inp_shexp.weight
create_tensor: loading tensor blk.44.ffn_gate_shexp.weight
create_tensor: loading tensor blk.44.ffn_up_shexp.weight
create_tensor: loading tensor blk.44.ffn_down_shexp.weight
create_tensor: loading tensor blk.45.hc_attn_norm.weight
create_tensor: loading tensor blk.45.hc_attn_down.weight
create_tensor: loading tensor blk.45.hc_attn_up.weight
create_tensor: loading tensor blk.45.hc_attn_inject.weight
create_tensor: loading tensor blk.45.hc_ffn_norm.weight
create_tensor: loading tensor blk.45.hc_ffn_down.weight
create_tensor: loading tensor blk.45.hc_ffn_up.weight
create_tensor: loading tensor blk.45.hc_ffn_inject.weight
create_tensor: loading tensor blk.45.attn_qkv.weight
create_tensor: loading tensor blk.45.attn_gate.weight
create_tensor: loading tensor blk.45.ssm_conv1d.weight
create_tensor: loading tensor blk.45.ssm_dt.bias
create_tensor: loading tensor blk.45.ssm_a
create_tensor: loading tensor blk.45.ssm_beta.weight
create_tensor: loading tensor blk.45.ssm_alpha.weight
create_tensor: loading tensor blk.45.ssm_norm.weight
create_tensor: loading tensor blk.45.ssm_out.weight
create_tensor: loading tensor blk.45.ffn_gate_inp.weight
create_tensor: loading tensor blk.45.ffn_down_exps.weight
tensor blk.45.ffn_down_exps.weight (450 MiB iq4_nl) buffer type overridden to CUDA_Host
create_tensor: loading tensor blk.45.ffn_gate_up_exps.weight
create_tensor: loading tensor blk.45.ffn_gate_exps.weight
tensor blk.45.ffn_gate_exps.weight (343 MiB iq3_s) buffer type overridden to CUDA_Host
create_tensor: loading tensor blk.45.ffn_up_exps.weight
tensor blk.45.ffn_up_exps.weight (343 MiB iq3_s) buffer type overridden to CUDA_Host
create_tensor: loading tensor blk.45.ffn_gate_inp_shexp.weight
create_tensor: loading tensor blk.45.ffn_gate_shexp.weight
create_tensor: loading tensor blk.45.ffn_up_shexp.weight
create_tensor: loading tensor blk.45.ffn_down_shexp.weight
create_tensor: loading tensor blk.46.hc_attn_norm.weight
create_tensor: loading tensor blk.46.hc_attn_down.weight
create_tensor: loading tensor blk.46.hc_attn_up.weight
create_tensor: loading tensor blk.46.hc_attn_inject.weight
create_tensor: loading tensor blk.46.hc_ffn_norm.weight
create_tensor: loading tensor blk.46.hc_ffn_down.weight
create_tensor: loading tensor blk.46.hc_ffn_up.weight
create_tensor: loading tensor blk.46.hc_ffn_inject.weight
create_tensor: loading tensor blk.46.attn_qkv.weight
create_tensor: loading tensor blk.46.attn_gate.weight
create_tensor: loading tensor blk.46.ssm_conv1d.weight
create_tensor: loading tensor blk.46.ssm_dt.bias
create_tensor: loading tensor blk.46.ssm_a
create_tensor: loading tensor blk.46.ssm_beta.weight
create_tensor: loading tensor blk.46.ssm_alpha.weight
create_tensor: loading tensor blk.46.ssm_norm.weight
create_tensor: loading tensor blk.46.ssm_out.weight
create_tensor: loading tensor blk.46.ffn_gate_inp.weight
create_tensor: loading tensor blk.46.ffn_down_exps.weight
tensor blk.46.ffn_down_exps.weight (850 MiB q8_0) buffer type overridden to CUDA_Host
create_tensor: loading tensor blk.46.ffn_gate_up_exps.weight
create_tensor: loading tensor blk.46.ffn_gate_exps.weight
tensor blk.46.ffn_gate_exps.weight (343 MiB iq3_s) buffer type overridden to CUDA_Host
create_tensor: loading tensor blk.46.ffn_up_exps.weight
tensor blk.46.ffn_up_exps.weight (343 MiB iq3_s) buffer type overridden to CUDA_Host
create_tensor: loading tensor blk.46.ffn_gate_inp_shexp.weight
create_tensor: loading tensor blk.46.ffn_gate_shexp.weight
create_tensor: loading tensor blk.46.ffn_up_shexp.weight
create_tensor: loading tensor blk.46.ffn_down_shexp.weight
create_tensor: loading tensor blk.47.hc_attn_norm.weight
create_tensor: loading tensor blk.47.hc_attn_down.weight
create_tensor: loading tensor blk.47.hc_attn_up.weight
create_tensor: loading tensor blk.47.hc_attn_inject.weight
create_tensor: loading tensor blk.47.hc_ffn_norm.weight
create_tensor: loading tensor blk.47.hc_ffn_down.weight
create_tensor: loading tensor blk.47.hc_ffn_up.weight
create_tensor: loading tensor blk.47.hc_ffn_inject.weight
create_tensor: loading tensor blk.47.attn_qkv.weight
create_tensor: loading tensor blk.47.attn_q.weight
create_tensor: loading tensor blk.47.attn_k.weight
create_tensor: loading tensor blk.47.attn_v.weight
create_tensor: loading tensor blk.47.attn_q.bias
create_tensor: loading tensor blk.47.attn_k.bias
create_tensor: loading tensor blk.47.attn_v.bias
create_tensor: loading tensor blk.47.attn_output.weight
create_tensor: loading tensor blk.47.attn_q_norm.weight
create_tensor: loading tensor blk.47.attn_k_norm.weight
create_tensor: loading tensor blk.47.indexer.q_proj.weight
create_tensor: loading tensor blk.47.indexer.k_proj.weight
create_tensor: loading tensor blk.47.indexer.q_norm.weight
create_tensor: loading tensor blk.47.indexer.k_norm.weight
create_tensor: loading tensor blk.47.ffn_gate_inp.weight
create_tensor: loading tensor blk.47.ffn_down_exps.weight
tensor blk.47.ffn_down_exps.weight (850 MiB q8_0) buffer type overridden to CUDA_Host
create_tensor: loading tensor blk.47.ffn_gate_up_exps.weight
create_tensor: loading tensor blk.47.ffn_gate_exps.weight
tensor blk.47.ffn_gate_exps.weight (343 MiB iq3_s) buffer type overridden to CUDA_Host
create_tensor: loading tensor blk.47.ffn_up_exps.weight
tensor blk.47.ffn_up_exps.weight (343 MiB iq3_s) buffer type overridden to CUDA_Host
create_tensor: loading tensor blk.47.ffn_gate_inp_shexp.weight
create_tensor: loading tensor blk.47.ffn_gate_shexp.weight
create_tensor: loading tensor blk.47.ffn_up_shexp.weight
create_tensor: loading tensor blk.47.ffn_down_shexp.weight
create_tensor: loading tensor blk.0.attn_qkv.scale
create_tensor: loading tensor blk.0.attn_gate.scale
create_tensor: loading tensor blk.0.ffn_gate_shexp.scale
create_tensor: loading tensor blk.0.ffn_down_shexp.scale
create_tensor: loading tensor blk.0.ffn_up_shexp.scale
create_tensor: loading tensor blk.0.ffn_gate_exps.scale
create_tensor: loading tensor blk.0.ffn_down_exps.scale
create_tensor: loading tensor blk.0.ffn_up_exps.scale
create_tensor: loading tensor blk.0.ssm_out.scale
create_tensor: loading tensor blk.0.ssm_alpha.scale
create_tensor: loading tensor blk.0.ssm_beta.scale
create_tensor: loading tensor blk.0.attn_qkv.input_scale
create_tensor: loading tensor blk.0.attn_gate.input_scale
create_tensor: loading tensor blk.0.ffn_gate_exps.input_scale
create_tensor: loading tensor blk.0.ffn_down_exps.input_scale
create_tensor: loading tensor blk.0.ffn_up_exps.input_scale
create_tensor: loading tensor blk.0.ffn_gate_shexp.input_scale
create_tensor: loading tensor blk.0.ffn_down_shexp.input_scale
create_tensor: loading tensor blk.0.ffn_up_shexp.input_scale
create_tensor: loading tensor blk.0.ssm_out.input_scale
create_tensor: loading tensor blk.0.ssm_alpha.input_scale
create_tensor: loading tensor blk.0.ssm_beta.input_scale
create_tensor: loading tensor blk.1.attn_qkv.scale
create_tensor: loading tensor blk.1.attn_gate.scale
create_tensor: loading tensor blk.1.ffn_gate_shexp.scale
create_tensor: loading tensor blk.1.ffn_down_shexp.scale
create_tensor: loading tensor blk.1.ffn_up_shexp.scale
create_tensor: loading tensor blk.1.ffn_gate_exps.scale
create_tensor: loading tensor blk.1.ffn_down_exps.scale
create_tensor: loading tensor blk.1.ffn_up_exps.scale
create_tensor: loading tensor blk.1.ssm_out.scale
create_tensor: loading tensor blk.1.ssm_alpha.scale
create_tensor: loading tensor blk.1.ssm_beta.scale
create_tensor: loading tensor blk.1.attn_qkv.input_scale
create_tensor: loading tensor blk.1.attn_gate.input_scale
create_tensor: loading tensor blk.1.ffn_gate_exps.input_scale
create_tensor: loading tensor blk.1.ffn_down_exps.input_scale
create_tensor: loading tensor blk.1.ffn_up_exps.input_scale
create_tensor: loading tensor blk.1.ffn_gate_shexp.input_scale
create_tensor: loading tensor blk.1.ffn_down_shexp.input_scale
create_tensor: loading tensor blk.1.ffn_up_shexp.input_scale
create_tensor: loading tensor blk.1.ssm_out.input_scale
create_tensor: loading tensor blk.1.ssm_alpha.input_scale
create_tensor: loading tensor blk.1.ssm_beta.input_scale
create_tensor: loading tensor blk.2.attn_qkv.scale
create_tensor: loading tensor blk.2.attn_gate.scale
create_tensor: loading tensor blk.2.ffn_gate_shexp.scale
create_tensor: loading tensor blk.2.ffn_down_shexp.scale
create_tensor: loading tensor blk.2.ffn_up_shexp.scale
create_tensor: loading tensor blk.2.ffn_gate_exps.scale
create_tensor: loading tensor blk.2.ffn_down_exps.scale
create_tensor: loading tensor blk.2.ffn_up_exps.scale
create_tensor: loading tensor blk.2.ssm_out.scale
create_tensor: loading tensor blk.2.ssm_alpha.scale
create_tensor: loading tensor blk.2.ssm_beta.scale
create_tensor: loading tensor blk.2.attn_qkv.input_scale
create_tensor: loading tensor blk.2.attn_gate.input_scale
create_tensor: loading tensor blk.2.ffn_gate_exps.input_scale
create_tensor: loading tensor blk.2.ffn_down_exps.input_scale
create_tensor: loading tensor blk.2.ffn_up_exps.input_scale
create_tensor: loading tensor blk.2.ffn_gate_shexp.input_scale
create_tensor: loading tensor blk.2.ffn_down_shexp.input_scale
create_tensor: loading tensor blk.2.ffn_up_shexp.input_scale
create_tensor: loading tensor blk.2.ssm_out.input_scale
create_tensor: loading tensor blk.2.ssm_alpha.input_scale
create_tensor: loading tensor blk.2.ssm_beta.input_scale
create_tensor: loading tensor blk.3.attn_q.scale
create_tensor: loading tensor blk.3.attn_k.scale
create_tensor: loading tensor blk.3.attn_v.scale
create_tensor: loading tensor blk.3.attn_output.scale
create_tensor: loading tensor blk.3.ffn_gate_shexp.scale
create_tensor: loading tensor blk.3.ffn_down_shexp.scale
create_tensor: loading tensor blk.3.ffn_up_shexp.scale
create_tensor: loading tensor blk.3.ffn_gate_exps.scale
create_tensor: loading tensor blk.3.ffn_down_exps.scale
create_tensor: loading tensor blk.3.ffn_up_exps.scale
create_tensor: loading tensor blk.3.attn_q.input_scale
create_tensor: loading tensor blk.3.attn_k.input_scale
create_tensor: loading tensor blk.3.attn_v.input_scale
create_tensor: loading tensor blk.3.attn_output.input_scale
create_tensor: loading tensor blk.3.ffn_gate_exps.input_scale
create_tensor: loading tensor blk.3.ffn_down_exps.input_scale
create_tensor: loading tensor blk.3.ffn_up_exps.input_scale
create_tensor: loading tensor blk.3.ffn_gate_shexp.input_scale
create_tensor: loading tensor blk.3.ffn_down_shexp.input_scale
create_tensor: loading tensor blk.3.ffn_up_shexp.input_scale
create_tensor: loading tensor blk.4.attn_qkv.scale
create_tensor: loading tensor blk.4.attn_gate.scale
create_tensor: loading tensor blk.4.ffn_gate_shexp.scale
create_tensor: loading tensor blk.4.ffn_down_shexp.scale
create_tensor: loading tensor blk.4.ffn_up_shexp.scale
create_tensor: loading tensor blk.4.ffn_gate_exps.scale
create_tensor: loading tensor blk.4.ffn_down_exps.scale
create_tensor: loading tensor blk.4.ffn_up_exps.scale
create_tensor: loading tensor blk.4.ssm_out.scale
create_tensor: loading tensor blk.4.ssm_alpha.scale
create_tensor: loading tensor blk.4.ssm_beta.scale
create_tensor: loading tensor blk.4.attn_qkv.input_scale
create_tensor: loading tensor blk.4.attn_gate.input_scale
create_tensor: loading tensor blk.4.ffn_gate_exps.input_scale
create_tensor: loading tensor blk.4.ffn_down_exps.input_scale
create_tensor: loading tensor blk.4.ffn_up_exps.input_scale
create_tensor: loading tensor blk.4.ffn_gate_shexp.input_scale
create_tensor: loading tensor blk.4.ffn_down_shexp.input_scale
create_tensor: loading tensor blk.4.ffn_up_shexp.input_scale
create_tensor: loading tensor blk.4.ssm_out.input_scale
create_tensor: loading tensor blk.4.ssm_alpha.input_scale
create_tensor: loading tensor blk.4.ssm_beta.input_scale
create_tensor: loading tensor blk.5.attn_qkv.scale
create_tensor: loading tensor blk.5.attn_gate.scale
create_tensor: loading tensor blk.5.ffn_gate_shexp.scale
create_tensor: loading tensor blk.5.ffn_down_shexp.scale
create_tensor: loading tensor blk.5.ffn_up_shexp.scale
create_tensor: loading tensor blk.5.ffn_gate_exps.scale
create_tensor: loading tensor blk.5.ffn_down_exps.scale
create_tensor: loading tensor blk.5.ffn_up_exps.scale
create_tensor: loading tensor blk.5.ssm_out.scale
create_tensor: loading tensor blk.5.ssm_alpha.scale
create_tensor: loading tensor blk.5.ssm_beta.scale
create_tensor: loading tensor blk.5.attn_qkv.input_scale
create_tensor: loading tensor blk.5.attn_gate.input_scale
create_tensor: loading tensor blk.5.ffn_gate_exps.input_scale
create_tensor: loading tensor blk.5.ffn_down_exps.input_scale
create_tensor: loading tensor blk.5.ffn_up_exps.input_scale
create_tensor: loading tensor blk.5.ffn_gate_shexp.input_scale
create_tensor: loading tensor blk.5.ffn_down_shexp.input_scale
create_tensor: loading tensor blk.5.ffn_up_shexp.input_scale
create_tensor: loading tensor blk.5.ssm_out.input_scale
create_tensor: loading tensor blk.5.ssm_alpha.input_scale
create_tensor: loading tensor blk.5.ssm_beta.input_scale
create_tensor: loading tensor blk.6.attn_qkv.scale
create_tensor: loading tensor blk.6.attn_gate.scale
create_tensor: loading tensor blk.6.ffn_gate_shexp.scale
create_tensor: loading tensor blk.6.ffn_down_shexp.scale
create_tensor: loading tensor blk.6.ffn_up_shexp.scale
create_tensor: loading tensor blk.6.ffn_gate_exps.scale
create_tensor: loading tensor blk.6.ffn_down_exps.scale
create_tensor: loading tensor blk.6.ffn_up_exps.scale
create_tensor: loading tensor blk.6.ssm_out.scale
create_tensor: loading tensor blk.6.ssm_alpha.scale
create_tensor: loading tensor blk.6.ssm_beta.scale
create_tensor: loading tensor blk.6.attn_qkv.input_scale
create_tensor: loading tensor blk.6.attn_gate.input_scale
create_tensor: loading tensor blk.6.ffn_gate_exps.input_scale
create_tensor: loading tensor blk.6.ffn_down_exps.input_scale
create_tensor: loading tensor blk.6.ffn_up_exps.input_scale
create_tensor: loading tensor blk.6.ffn_gate_shexp.input_scale
create_tensor: loading tensor blk.6.ffn_down_shexp.input_scale
create_tensor: loading tensor blk.6.ffn_up_shexp.input_scale
create_tensor: loading tensor blk.6.ssm_out.input_scale
create_tensor: loading tensor blk.6.ssm_alpha.input_scale
create_tensor: loading tensor blk.6.ssm_beta.input_scale
create_tensor: loading tensor blk.7.attn_q.scale
create_tensor: loading tensor blk.7.attn_k.scale
create_tensor: loading tensor blk.7.attn_v.scale
create_tensor: loading tensor blk.7.attn_output.scale
create_tensor: loading tensor blk.7.ffn_gate_shexp.scale
create_tensor: loading tensor blk.7.ffn_down_shexp.scale
create_tensor: loading tensor blk.7.ffn_up_shexp.scale
create_tensor: loading tensor blk.7.ffn_gate_exps.scale
create_tensor: loading tensor blk.7.ffn_down_exps.scale
create_tensor: loading tensor blk.7.ffn_up_exps.scale
create_tensor: loading tensor blk.7.attn_q.input_scale
create_tensor: loading tensor blk.7.attn_k.input_scale
create_tensor: loading tensor blk.7.attn_v.input_scale
create_tensor: loading tensor blk.7.attn_output.input_scale
create_tensor: loading tensor blk.7.ffn_gate_exps.input_scale
create_tensor: loading tensor blk.7.ffn_down_exps.input_scale
create_tensor: loading tensor blk.7.ffn_up_exps.input_scale
create_tensor: loading tensor blk.7.ffn_gate_shexp.input_scale
create_tensor: loading tensor blk.7.ffn_down_shexp.input_scale
create_tensor: loading tensor blk.7.ffn_up_shexp.input_scale
create_tensor: loading tensor blk.8.attn_qkv.scale
create_tensor: loading tensor blk.8.attn_gate.scale
create_tensor: loading tensor blk.8.ffn_gate_shexp.scale
create_tensor: loading tensor blk.8.ffn_down_shexp.scale
create_tensor: loading tensor blk.8.ffn_up_shexp.scale
create_tensor: loading tensor blk.8.ffn_gate_exps.scale
create_tensor: loading tensor blk.8.ffn_down_exps.scale
create_tensor: loading tensor blk.8.ffn_up_exps.scale
create_tensor: loading tensor blk.8.ssm_out.scale
create_tensor: loading tensor blk.8.ssm_alpha.scale
create_tensor: loading tensor blk.8.ssm_beta.scale
create_tensor: loading tensor blk.8.attn_qkv.input_scale
create_tensor: loading tensor blk.8.attn_gate.input_scale
create_tensor: loading tensor blk.8.ffn_gate_exps.input_scale
create_tensor: loading tensor blk.8.ffn_down_exps.input_scale
create_tensor: loading tensor blk.8.ffn_up_exps.input_scale
create_tensor: loading tensor blk.8.ffn_gate_shexp.input_scale
create_tensor: loading tensor blk.8.ffn_down_shexp.input_scale
create_tensor: loading tensor blk.8.ffn_up_shexp.input_scale
create_tensor: loading tensor blk.8.ssm_out.input_scale
create_tensor: loading tensor blk.8.ssm_alpha.input_scale
create_tensor: loading tensor blk.8.ssm_beta.input_scale
create_tensor: loading tensor blk.9.attn_qkv.scale
create_tensor: loading tensor blk.9.attn_gate.scale
create_tensor: loading tensor blk.9.ffn_gate_shexp.scale
create_tensor: loading tensor blk.9.ffn_down_shexp.scale
create_tensor: loading tensor blk.9.ffn_up_shexp.scale
create_tensor: loading tensor blk.9.ffn_gate_exps.scale
create_tensor: loading tensor blk.9.ffn_down_exps.scale
create_tensor: loading tensor blk.9.ffn_up_exps.scale
create_tensor: loading tensor blk.9.ssm_out.scale
create_tensor: loading tensor blk.9.ssm_alpha.scale
create_tensor: loading tensor blk.9.ssm_beta.scale
create_tensor: loading tensor blk.9.attn_qkv.input_scale
create_tensor: loading tensor blk.9.attn_gate.input_scale
create_tensor: loading tensor blk.9.ffn_gate_exps.input_scale
create_tensor: loading tensor blk.9.ffn_down_exps.input_scale
create_tensor: loading tensor blk.9.ffn_up_exps.input_scale
create_tensor: loading tensor blk.9.ffn_gate_shexp.input_scale
create_tensor: loading tensor blk.9.ffn_down_shexp.input_scale
create_tensor: loading tensor blk.9.ffn_up_shexp.input_scale
create_tensor: loading tensor blk.9.ssm_out.input_scale
create_tensor: loading tensor blk.9.ssm_alpha.input_scale
create_tensor: loading tensor blk.9.ssm_beta.input_scale
create_tensor: loading tensor blk.10.attn_qkv.scale
create_tensor: loading tensor blk.10.attn_gate.scale
create_tensor: loading tensor blk.10.ffn_gate_shexp.scale
create_tensor: loading tensor blk.10.ffn_down_shexp.scale
create_tensor: loading tensor blk.10.ffn_up_shexp.scale
create_tensor: loading tensor blk.10.ffn_gate_exps.scale
create_tensor: loading tensor blk.10.ffn_down_exps.scale
create_tensor: loading tensor blk.10.ffn_up_exps.scale
create_tensor: loading tensor blk.10.ssm_out.scale
create_tensor: loading tensor blk.10.ssm_alpha.scale
create_tensor: loading tensor blk.10.ssm_beta.scale
create_tensor: loading tensor blk.10.attn_qkv.input_scale
create_tensor: loading tensor blk.10.attn_gate.input_scale
create_tensor: loading tensor blk.10.ffn_gate_exps.input_scale
create_tensor: loading tensor blk.10.ffn_down_exps.input_scale
create_tensor: loading tensor blk.10.ffn_up_exps.input_scale
create_tensor: loading tensor blk.10.ffn_gate_shexp.input_scale
create_tensor: loading tensor blk.10.ffn_down_shexp.input_scale
create_tensor: loading tensor blk.10.ffn_up_shexp.input_scale
create_tensor: loading tensor blk.10.ssm_out.input_scale
create_tensor: loading tensor blk.10.ssm_alpha.input_scale
create_tensor: loading tensor blk.10.ssm_beta.input_scale
create_tensor: loading tensor blk.11.attn_q.scale
create_tensor: loading tensor blk.11.attn_k.scale
create_tensor: loading tensor blk.11.attn_v.scale
create_tensor: loading tensor blk.11.attn_output.scale
create_tensor: loading tensor blk.11.ffn_gate_shexp.scale
create_tensor: loading tensor blk.11.ffn_down_shexp.scale
create_tensor: loading tensor blk.11.ffn_up_shexp.scale
create_tensor: loading tensor blk.11.ffn_gate_exps.scale
create_tensor: loading tensor blk.11.ffn_down_exps.scale
create_tensor: loading tensor blk.11.ffn_up_exps.scale
create_tensor: loading tensor blk.11.attn_q.input_scale
create_tensor: loading tensor blk.11.attn_k.input_scale
create_tensor: loading tensor blk.11.attn_v.input_scale
create_tensor: loading tensor blk.11.attn_output.input_scale
create_tensor: loading tensor blk.11.ffn_gate_exps.input_scale
create_tensor: loading tensor blk.11.ffn_down_exps.input_scale
create_tensor: loading tensor blk.11.ffn_up_exps.input_scale
create_tensor: loading tensor blk.11.ffn_gate_shexp.input_scale
create_tensor: loading tensor blk.11.ffn_down_shexp.input_scale
create_tensor: loading tensor blk.11.ffn_up_shexp.input_scale
create_tensor: loading tensor blk.12.attn_qkv.scale
create_tensor: loading tensor blk.12.attn_gate.scale
create_tensor: loading tensor blk.12.ffn_gate_shexp.scale
create_tensor: loading tensor blk.12.ffn_down_shexp.scale
create_tensor: loading tensor blk.12.ffn_up_shexp.scale
create_tensor: loading tensor blk.12.ffn_gate_exps.scale
create_tensor: loading tensor blk.12.ffn_down_exps.scale
create_tensor: loading tensor blk.12.ffn_up_exps.scale
create_tensor: loading tensor blk.12.ssm_out.scale
create_tensor: loading tensor blk.12.ssm_alpha.scale
create_tensor: loading tensor blk.12.ssm_beta.scale
create_tensor: loading tensor blk.12.attn_qkv.input_scale
create_tensor: loading tensor blk.12.attn_gate.input_scale
create_tensor: loading tensor blk.12.ffn_gate_exps.input_scale
create_tensor: loading tensor blk.12.ffn_down_exps.input_scale
create_tensor: loading tensor blk.12.ffn_up_exps.input_scale
create_tensor: loading tensor blk.12.ffn_gate_shexp.input_scale
create_tensor: loading tensor blk.12.ffn_down_shexp.input_scale
create_tensor: loading tensor blk.12.ffn_up_shexp.input_scale
create_tensor: loading tensor blk.12.ssm_out.input_scale
create_tensor: loading tensor blk.12.ssm_alpha.input_scale
create_tensor: loading tensor blk.12.ssm_beta.input_scale
create_tensor: loading tensor blk.13.attn_qkv.scale
create_tensor: loading tensor blk.13.attn_gate.scale
create_tensor: loading tensor blk.13.ffn_gate_shexp.scale
create_tensor: loading tensor blk.13.ffn_down_shexp.scale
create_tensor: loading tensor blk.13.ffn_up_shexp.scale
create_tensor: loading tensor blk.13.ffn_gate_exps.scale
create_tensor: loading tensor blk.13.ffn_down_exps.scale
create_tensor: loading tensor blk.13.ffn_up_exps.scale
create_tensor: loading tensor blk.13.ssm_out.scale
create_tensor: loading tensor blk.13.ssm_alpha.scale
create_tensor: loading tensor blk.13.ssm_beta.scale
create_tensor: loading tensor blk.13.attn_qkv.input_scale
create_tensor: loading tensor blk.13.attn_gate.input_scale
create_tensor: loading tensor blk.13.ffn_gate_exps.input_scale
create_tensor: loading tensor blk.13.ffn_down_exps.input_scale
create_tensor: loading tensor blk.13.ffn_up_exps.input_scale
create_tensor: loading tensor blk.13.ffn_gate_shexp.input_scale
create_tensor: loading tensor blk.13.ffn_down_shexp.input_scale
create_tensor: loading tensor blk.13.ffn_up_shexp.input_scale
create_tensor: loading tensor blk.13.ssm_out.input_scale
create_tensor: loading tensor blk.13.ssm_alpha.input_scale
create_tensor: loading tensor blk.13.ssm_beta.input_scale
create_tensor: loading tensor blk.14.attn_qkv.scale
create_tensor: loading tensor blk.14.attn_gate.scale
create_tensor: loading tensor blk.14.ffn_gate_shexp.scale
create_tensor: loading tensor blk.14.ffn_down_shexp.scale
create_tensor: loading tensor blk.14.ffn_up_shexp.scale
create_tensor: loading tensor blk.14.ffn_gate_exps.scale
create_tensor: loading tensor blk.14.ffn_down_exps.scale
create_tensor: loading tensor blk.14.ffn_up_exps.scale
create_tensor: loading tensor blk.14.ssm_out.scale
create_tensor: loading tensor blk.14.ssm_alpha.scale
create_tensor: loading tensor blk.14.ssm_beta.scale
create_tensor: loading tensor blk.14.attn_qkv.input_scale
create_tensor: loading tensor blk.14.attn_gate.input_scale
create_tensor: loading tensor blk.14.ffn_gate_exps.input_scale
create_tensor: loading tensor blk.14.ffn_down_exps.input_scale
create_tensor: loading tensor blk.14.ffn_up_exps.input_scale
create_tensor: loading tensor blk.14.ffn_gate_shexp.input_scale
create_tensor: loading tensor blk.14.ffn_down_shexp.input_scale
create_tensor: loading tensor blk.14.ffn_up_shexp.input_scale
create_tensor: loading tensor blk.14.ssm_out.input_scale
create_tensor: loading tensor blk.14.ssm_alpha.input_scale
create_tensor: loading tensor blk.14.ssm_beta.input_scale
create_tensor: loading tensor blk.15.attn_q.scale
create_tensor: loading tensor blk.15.attn_k.scale
create_tensor: loading tensor blk.15.attn_v.scale
create_tensor: loading tensor blk.15.attn_output.scale
create_tensor: loading tensor blk.15.ffn_gate_shexp.scale
create_tensor: loading tensor blk.15.ffn_down_shexp.scale
create_tensor: loading tensor blk.15.ffn_up_shexp.scale
create_tensor: loading tensor blk.15.ffn_gate_exps.scale
create_tensor: loading tensor blk.15.ffn_down_exps.scale
create_tensor: loading tensor blk.15.ffn_up_exps.scale
create_tensor: loading tensor blk.15.attn_q.input_scale
create_tensor: loading tensor blk.15.attn_k.input_scale
create_tensor: loading tensor blk.15.attn_v.input_scale
create_tensor: loading tensor blk.15.attn_output.input_scale
create_tensor: loading tensor blk.15.ffn_gate_exps.input_scale
create_tensor: loading tensor blk.15.ffn_down_exps.input_scale
create_tensor: loading tensor blk.15.ffn_up_exps.input_scale
create_tensor: loading tensor blk.15.ffn_gate_shexp.input_scale
create_tensor: loading tensor blk.15.ffn_down_shexp.input_scale
create_tensor: loading tensor blk.15.ffn_up_shexp.input_scale
create_tensor: loading tensor blk.16.attn_qkv.scale
create_tensor: loading tensor blk.16.attn_gate.scale
create_tensor: loading tensor blk.16.ffn_gate_shexp.scale
create_tensor: loading tensor blk.16.ffn_down_shexp.scale
create_tensor: loading tensor blk.16.ffn_up_shexp.scale
create_tensor: loading tensor blk.16.ffn_gate_exps.scale
create_tensor: loading tensor blk.16.ffn_down_exps.scale
create_tensor: loading tensor blk.16.ffn_up_exps.scale
create_tensor: loading tensor blk.16.ssm_out.scale
create_tensor: loading tensor blk.16.ssm_alpha.scale
create_tensor: loading tensor blk.16.ssm_beta.scale
create_tensor: loading tensor blk.16.attn_qkv.input_scale
create_tensor: loading tensor blk.16.attn_gate.input_scale
create_tensor: loading tensor blk.16.ffn_gate_exps.input_scale
create_tensor: loading tensor blk.16.ffn_down_exps.input_scale
create_tensor: loading tensor blk.16.ffn_up_exps.input_scale
create_tensor: loading tensor blk.16.ffn_gate_shexp.input_scale
create_tensor: loading tensor blk.16.ffn_down_shexp.input_scale
create_tensor: loading tensor blk.16.ffn_up_shexp.input_scale
create_tensor: loading tensor blk.16.ssm_out.input_scale
create_tensor: loading tensor blk.16.ssm_alpha.input_scale
create_tensor: loading tensor blk.16.ssm_beta.input_scale
create_tensor: loading tensor blk.17.attn_qkv.scale
create_tensor: loading tensor blk.17.attn_gate.scale
create_tensor: loading tensor blk.17.ffn_gate_shexp.scale
create_tensor: loading tensor blk.17.ffn_down_shexp.scale
create_tensor: loading tensor blk.17.ffn_up_shexp.scale
create_tensor: loading tensor blk.17.ffn_gate_exps.scale
create_tensor: loading tensor blk.17.ffn_down_exps.scale
create_tensor: loading tensor blk.17.ffn_up_exps.scale
create_tensor: loading tensor blk.17.ssm_out.scale
create_tensor: loading tensor blk.17.ssm_alpha.scale
create_tensor: loading tensor blk.17.ssm_beta.scale
create_tensor: loading tensor blk.17.attn_qkv.input_scale
create_tensor: loading tensor blk.17.attn_gate.input_scale
create_tensor: loading tensor blk.17.ffn_gate_exps.input_scale
create_tensor: loading tensor blk.17.ffn_down_exps.input_scale
create_tensor: loading tensor blk.17.ffn_up_exps.input_scale
create_tensor: loading tensor blk.17.ffn_gate_shexp.input_scale
create_tensor: loading tensor blk.17.ffn_down_shexp.input_scale
create_tensor: loading tensor blk.17.ffn_up_shexp.input_scale
create_tensor: loading tensor blk.17.ssm_out.input_scale
create_tensor: loading tensor blk.17.ssm_alpha.input_scale
create_tensor: loading tensor blk.17.ssm_beta.input_scale
create_tensor: loading tensor blk.18.attn_qkv.scale
create_tensor: loading tensor blk.18.attn_gate.scale
create_tensor: loading tensor blk.18.ffn_gate_shexp.scale
create_tensor: loading tensor blk.18.ffn_down_shexp.scale
create_tensor: loading tensor blk.18.ffn_up_shexp.scale
create_tensor: loading tensor blk.18.ffn_gate_exps.scale
create_tensor: loading tensor blk.18.ffn_down_exps.scale
create_tensor: loading tensor blk.18.ffn_up_exps.scale
create_tensor: loading tensor blk.18.ssm_out.scale
create_tensor: loading tensor blk.18.ssm_alpha.scale
create_tensor: loading tensor blk.18.ssm_beta.scale
create_tensor: loading tensor blk.18.attn_qkv.input_scale
create_tensor: loading tensor blk.18.attn_gate.input_scale
create_tensor: loading tensor blk.18.ffn_gate_exps.input_scale
create_tensor: loading tensor blk.18.ffn_down_exps.input_scale
create_tensor: loading tensor blk.18.ffn_up_exps.input_scale
create_tensor: loading tensor blk.18.ffn_gate_shexp.input_scale
create_tensor: loading tensor blk.18.ffn_down_shexp.input_scale
create_tensor: loading tensor blk.18.ffn_up_shexp.input_scale
create_tensor: loading tensor blk.18.ssm_out.input_scale
create_tensor: loading tensor blk.18.ssm_alpha.input_scale
create_tensor: loading tensor blk.18.ssm_beta.input_scale
create_tensor: loading tensor blk.19.attn_q.scale
create_tensor: loading tensor blk.19.attn_k.scale
create_tensor: loading tensor blk.19.attn_v.scale
create_tensor: loading tensor blk.19.attn_output.scale
create_tensor: loading tensor blk.19.ffn_gate_shexp.scale
create_tensor: loading tensor blk.19.ffn_down_shexp.scale
create_tensor: loading tensor blk.19.ffn_up_shexp.scale
create_tensor: loading tensor blk.19.ffn_gate_exps.scale
create_tensor: loading tensor blk.19.ffn_down_exps.scale
create_tensor: loading tensor blk.19.ffn_up_exps.scale
create_tensor: loading tensor blk.19.attn_q.input_scale
create_tensor: loading tensor blk.19.attn_k.input_scale
create_tensor: loading tensor blk.19.attn_v.input_scale
create_tensor: loading tensor blk.19.attn_output.input_scale
create_tensor: loading tensor blk.19.ffn_gate_exps.input_scale
create_tensor: loading tensor blk.19.ffn_down_exps.input_scale
create_tensor: loading tensor blk.19.ffn_up_exps.input_scale
create_tensor: loading tensor blk.19.ffn_gate_shexp.input_scale
create_tensor: loading tensor blk.19.ffn_down_shexp.input_scale
create_tensor: loading tensor blk.19.ffn_up_shexp.input_scale
create_tensor: loading tensor blk.20.attn_qkv.scale
create_tensor: loading tensor blk.20.attn_gate.scale
create_tensor: loading tensor blk.20.ffn_gate_shexp.scale
create_tensor: loading tensor blk.20.ffn_down_shexp.scale
create_tensor: loading tensor blk.20.ffn_up_shexp.scale
create_tensor: loading tensor blk.20.ffn_gate_exps.scale
create_tensor: loading tensor blk.20.ffn_down_exps.scale
create_tensor: loading tensor blk.20.ffn_up_exps.scale
create_tensor: loading tensor blk.20.ssm_out.scale
create_tensor: loading tensor blk.20.ssm_alpha.scale
create_tensor: loading tensor blk.20.ssm_beta.scale
create_tensor: loading tensor blk.20.attn_qkv.input_scale
create_tensor: loading tensor blk.20.attn_gate.input_scale
create_tensor: loading tensor blk.20.ffn_gate_exps.input_scale
create_tensor: loading tensor blk.20.ffn_down_exps.input_scale
create_tensor: loading tensor blk.20.ffn_up_exps.input_scale
create_tensor: loading tensor blk.20.ffn_gate_shexp.input_scale
create_tensor: loading tensor blk.20.ffn_down_shexp.input_scale
create_tensor: loading tensor blk.20.ffn_up_shexp.input_scale
create_tensor: loading tensor blk.20.ssm_out.input_scale
create_tensor: loading tensor blk.20.ssm_alpha.input_scale
create_tensor: loading tensor blk.20.ssm_beta.input_scale
create_tensor: loading tensor blk.21.attn_qkv.scale
create_tensor: loading tensor blk.21.attn_gate.scale
create_tensor: loading tensor blk.21.ffn_gate_shexp.scale
create_tensor: loading tensor blk.21.ffn_down_shexp.scale
create_tensor: loading tensor blk.21.ffn_up_shexp.scale
create_tensor: loading tensor blk.21.ffn_gate_exps.scale
create_tensor: loading tensor blk.21.ffn_down_exps.scale
create_tensor: loading tensor blk.21.ffn_up_exps.scale
create_tensor: loading tensor blk.21.ssm_out.scale
create_tensor: loading tensor blk.21.ssm_alpha.scale
create_tensor: loading tensor blk.21.ssm_beta.scale
create_tensor: loading tensor blk.21.attn_qkv.input_scale
create_tensor: loading tensor blk.21.attn_gate.input_scale
create_tensor: loading tensor blk.21.ffn_gate_exps.input_scale
create_tensor: loading tensor blk.21.ffn_down_exps.input_scale
create_tensor: loading tensor blk.21.ffn_up_exps.input_scale
create_tensor: loading tensor blk.21.ffn_gate_shexp.input_scale
create_tensor: loading tensor blk.21.ffn_down_shexp.input_scale
create_tensor: loading tensor blk.21.ffn_up_shexp.input_scale
create_tensor: loading tensor blk.21.ssm_out.input_scale
create_tensor: loading tensor blk.21.ssm_alpha.input_scale
create_tensor: loading tensor blk.21.ssm_beta.input_scale
create_tensor: loading tensor blk.22.attn_qkv.scale
create_tensor: loading tensor blk.22.attn_gate.scale
create_tensor: loading tensor blk.22.ffn_gate_shexp.scale
create_tensor: loading tensor blk.22.ffn_down_shexp.scale
create_tensor: loading tensor blk.22.ffn_up_shexp.scale
create_tensor: loading tensor blk.22.ffn_gate_exps.scale
create_tensor: loading tensor blk.22.ffn_down_exps.scale
create_tensor: loading tensor blk.22.ffn_up_exps.scale
create_tensor: loading tensor blk.22.ssm_out.scale
create_tensor: loading tensor blk.22.ssm_alpha.scale
create_tensor: loading tensor blk.22.ssm_beta.scale
create_tensor: loading tensor blk.22.attn_qkv.input_scale
create_tensor: loading tensor blk.22.attn_gate.input_scale
create_tensor: loading tensor blk.22.ffn_gate_exps.input_scale
create_tensor: loading tensor blk.22.ffn_down_exps.input_scale
create_tensor: loading tensor blk.22.ffn_up_exps.input_scale
create_tensor: loading tensor blk.22.ffn_gate_shexp.input_scale
create_tensor: loading tensor blk.22.ffn_down_shexp.input_scale
create_tensor: loading tensor blk.22.ffn_up_shexp.input_scale
create_tensor: loading tensor blk.22.ssm_out.input_scale
create_tensor: loading tensor blk.22.ssm_alpha.input_scale
create_tensor: loading tensor blk.22.ssm_beta.input_scale
create_tensor: loading tensor blk.23.attn_q.scale
create_tensor: loading tensor blk.23.attn_k.scale
create_tensor: loading tensor blk.23.attn_v.scale
create_tensor: loading tensor blk.23.attn_output.scale
create_tensor: loading tensor blk.23.ffn_gate_shexp.scale
create_tensor: loading tensor blk.23.ffn_down_shexp.scale
create_tensor: loading tensor blk.23.ffn_up_shexp.scale
create_tensor: loading tensor blk.23.ffn_gate_exps.scale
create_tensor: loading tensor blk.23.ffn_down_exps.scale
create_tensor: loading tensor blk.23.ffn_up_exps.scale
create_tensor: loading tensor blk.23.attn_q.input_scale
create_tensor: loading tensor blk.23.attn_k.input_scale
create_tensor: loading tensor blk.23.attn_v.input_scale
create_tensor: loading tensor blk.23.attn_output.input_scale
create_tensor: loading tensor blk.23.ffn_gate_exps.input_scale
create_tensor: loading tensor blk.23.ffn_down_exps.input_scale
create_tensor: loading tensor blk.23.ffn_up_exps.input_scale
create_tensor: loading tensor blk.23.ffn_gate_shexp.input_scale
create_tensor: loading tensor blk.23.ffn_down_shexp.input_scale
create_tensor: loading tensor blk.23.ffn_up_shexp.input_scale
create_tensor: loading tensor blk.24.attn_qkv.scale
create_tensor: loading tensor blk.24.attn_gate.scale
create_tensor: loading tensor blk.24.ffn_gate_shexp.scale
create_tensor: loading tensor blk.24.ffn_down_shexp.scale
create_tensor: loading tensor blk.24.ffn_up_shexp.scale
create_tensor: loading tensor blk.24.ffn_gate_exps.scale
create_tensor: loading tensor blk.24.ffn_down_exps.scale
create_tensor: loading tensor blk.24.ffn_up_exps.scale
create_tensor: loading tensor blk.24.ssm_out.scale
create_tensor: loading tensor blk.24.ssm_alpha.scale
create_tensor: loading tensor blk.24.ssm_beta.scale
create_tensor: loading tensor blk.24.attn_qkv.input_scale
create_tensor: loading tensor blk.24.attn_gate.input_scale
create_tensor: loading tensor blk.24.ffn_gate_exps.input_scale
create_tensor: loading tensor blk.24.ffn_down_exps.input_scale
create_tensor: loading tensor blk.24.ffn_up_exps.input_scale
create_tensor: loading tensor blk.24.ffn_gate_shexp.input_scale
create_tensor: loading tensor blk.24.ffn_down_shexp.input_scale
create_tensor: loading tensor blk.24.ffn_up_shexp.input_scale
create_tensor: loading tensor blk.24.ssm_out.input_scale
create_tensor: loading tensor blk.24.ssm_alpha.input_scale
create_tensor: loading tensor blk.24.ssm_beta.input_scale
create_tensor: loading tensor blk.25.attn_qkv.scale
create_tensor: loading tensor blk.25.attn_gate.scale
create_tensor: loading tensor blk.25.ffn_gate_shexp.scale
create_tensor: loading tensor blk.25.ffn_down_shexp.scale
create_tensor: loading tensor blk.25.ffn_up_shexp.scale
create_tensor: loading tensor blk.25.ffn_gate_exps.scale
create_tensor: loading tensor blk.25.ffn_down_exps.scale
create_tensor: loading tensor blk.25.ffn_up_exps.scale
create_tensor: loading tensor blk.25.ssm_out.scale
create_tensor: loading tensor blk.25.ssm_alpha.scale
create_tensor: loading tensor blk.25.ssm_beta.scale
create_tensor: loading tensor blk.25.attn_qkv.input_scale
create_tensor: loading tensor blk.25.attn_gate.input_scale
create_tensor: loading tensor blk.25.ffn_gate_exps.input_scale
create_tensor: loading tensor blk.25.ffn_down_exps.input_scale
create_tensor: loading tensor blk.25.ffn_up_exps.input_scale
create_tensor: loading tensor blk.25.ffn_gate_shexp.input_scale
create_tensor: loading tensor blk.25.ffn_down_shexp.input_scale
create_tensor: loading tensor blk.25.ffn_up_shexp.input_scale
create_tensor: loading tensor blk.25.ssm_out.input_scale
create_tensor: loading tensor blk.25.ssm_alpha.input_scale
create_tensor: loading tensor blk.25.ssm_beta.input_scale
create_tensor: loading tensor blk.26.attn_qkv.scale
create_tensor: loading tensor blk.26.attn_gate.scale
create_tensor: loading tensor blk.26.ffn_gate_shexp.scale
create_tensor: loading tensor blk.26.ffn_down_shexp.scale
create_tensor: loading tensor blk.26.ffn_up_shexp.scale
create_tensor: loading tensor blk.26.ffn_gate_exps.scale
create_tensor: loading tensor blk.26.ffn_down_exps.scale
create_tensor: loading tensor blk.26.ffn_up_exps.scale
create_tensor: loading tensor blk.26.ssm_out.scale
create_tensor: loading tensor blk.26.ssm_alpha.scale
create_tensor: loading tensor blk.26.ssm_beta.scale
create_tensor: loading tensor blk.26.attn_qkv.input_scale
create_tensor: loading tensor blk.26.attn_gate.input_scale
create_tensor: loading tensor blk.26.ffn_gate_exps.input_scale
create_tensor: loading tensor blk.26.ffn_down_exps.input_scale
create_tensor: loading tensor blk.26.ffn_up_exps.input_scale
create_tensor: loading tensor blk.26.ffn_gate_shexp.input_scale
create_tensor: loading tensor blk.26.ffn_down_shexp.input_scale
create_tensor: loading tensor blk.26.ffn_up_shexp.input_scale
create_tensor: loading tensor blk.26.ssm_out.input_scale
create_tensor: loading tensor blk.26.ssm_alpha.input_scale
create_tensor: loading tensor blk.26.ssm_beta.input_scale
create_tensor: loading tensor blk.27.attn_q.scale
create_tensor: loading tensor blk.27.attn_k.scale
create_tensor: loading tensor blk.27.attn_v.scale
create_tensor: loading tensor blk.27.attn_output.scale
create_tensor: loading tensor blk.27.ffn_gate_shexp.scale
create_tensor: loading tensor blk.27.ffn_down_shexp.scale
create_tensor: loading tensor blk.27.ffn_up_shexp.scale
create_tensor: loading tensor blk.27.ffn_gate_exps.scale
create_tensor: loading tensor blk.27.ffn_down_exps.scale
create_tensor: loading tensor blk.27.ffn_up_exps.scale
create_tensor: loading tensor blk.27.attn_q.input_scale
create_tensor: loading tensor blk.27.attn_k.input_scale
create_tensor: loading tensor blk.27.attn_v.input_scale
create_tensor: loading tensor blk.27.attn_output.input_scale
create_tensor: loading tensor blk.27.ffn_gate_exps.input_scale
create_tensor: loading tensor blk.27.ffn_down_exps.input_scale
create_tensor: loading tensor blk.27.ffn_up_exps.input_scale
create_tensor: loading tensor blk.27.ffn_gate_shexp.input_scale
create_tensor: loading tensor blk.27.ffn_down_shexp.input_scale
create_tensor: loading tensor blk.27.ffn_up_shexp.input_scale
create_tensor: loading tensor blk.28.attn_qkv.scale
create_tensor: loading tensor blk.28.attn_gate.scale
create_tensor: loading tensor blk.28.ffn_gate_shexp.scale
create_tensor: loading tensor blk.28.ffn_down_shexp.scale
create_tensor: loading tensor blk.28.ffn_up_shexp.scale
create_tensor: loading tensor blk.28.ffn_gate_exps.scale
create_tensor: loading tensor blk.28.ffn_down_exps.scale
create_tensor: loading tensor blk.28.ffn_up_exps.scale
create_tensor: loading tensor blk.28.ssm_out.scale
create_tensor: loading tensor blk.28.ssm_alpha.scale
create_tensor: loading tensor blk.28.ssm_beta.scale
create_tensor: loading tensor blk.28.attn_qkv.input_scale
create_tensor: loading tensor blk.28.attn_gate.input_scale
create_tensor: loading tensor blk.28.ffn_gate_exps.input_scale
create_tensor: loading tensor blk.28.ffn_down_exps.input_scale
create_tensor: loading tensor blk.28.ffn_up_exps.input_scale
create_tensor: loading tensor blk.28.ffn_gate_shexp.input_scale
create_tensor: loading tensor blk.28.ffn_down_shexp.input_scale
create_tensor: loading tensor blk.28.ffn_up_shexp.input_scale
create_tensor: loading tensor blk.28.ssm_out.input_scale
create_tensor: loading tensor blk.28.ssm_alpha.input_scale
create_tensor: loading tensor blk.28.ssm_beta.input_scale
create_tensor: loading tensor blk.29.attn_qkv.scale
create_tensor: loading tensor blk.29.attn_gate.scale
create_tensor: loading tensor blk.29.ffn_gate_shexp.scale
create_tensor: loading tensor blk.29.ffn_down_shexp.scale
create_tensor: loading tensor blk.29.ffn_up_shexp.scale
create_tensor: loading tensor blk.29.ffn_gate_exps.scale
create_tensor: loading tensor blk.29.ffn_down_exps.scale
create_tensor: loading tensor blk.29.ffn_up_exps.scale
create_tensor: loading tensor blk.29.ssm_out.scale
create_tensor: loading tensor blk.29.ssm_alpha.scale
create_tensor: loading tensor blk.29.ssm_beta.scale
create_tensor: loading tensor blk.29.attn_qkv.input_scale
create_tensor: loading tensor blk.29.attn_gate.input_scale
create_tensor: loading tensor blk.29.ffn_gate_exps.input_scale
create_tensor: loading tensor blk.29.ffn_down_exps.input_scale
create_tensor: loading tensor blk.29.ffn_up_exps.input_scale
create_tensor: loading tensor blk.29.ffn_gate_shexp.input_scale
create_tensor: loading tensor blk.29.ffn_down_shexp.input_scale
create_tensor: loading tensor blk.29.ffn_up_shexp.input_scale
create_tensor: loading tensor blk.29.ssm_out.input_scale
create_tensor: loading tensor blk.29.ssm_alpha.input_scale
create_tensor: loading tensor blk.29.ssm_beta.input_scale
create_tensor: loading tensor blk.30.attn_qkv.scale
create_tensor: loading tensor blk.30.attn_gate.scale
create_tensor: loading tensor blk.30.ffn_gate_shexp.scale
create_tensor: loading tensor blk.30.ffn_down_shexp.scale
create_tensor: loading tensor blk.30.ffn_up_shexp.scale
create_tensor: loading tensor blk.30.ffn_gate_exps.scale
create_tensor: loading tensor blk.30.ffn_down_exps.scale
create_tensor: loading tensor blk.30.ffn_up_exps.scale
create_tensor: loading tensor blk.30.ssm_out.scale
create_tensor: loading tensor blk.30.ssm_alpha.scale
create_tensor: loading tensor blk.30.ssm_beta.scale
create_tensor: loading tensor blk.30.attn_qkv.input_scale
create_tensor: loading tensor blk.30.attn_gate.input_scale
create_tensor: loading tensor blk.30.ffn_gate_exps.input_scale
create_tensor: loading tensor blk.30.ffn_down_exps.input_scale
create_tensor: loading tensor blk.30.ffn_up_exps.input_scale
create_tensor: loading tensor blk.30.ffn_gate_shexp.input_scale
create_tensor: loading tensor blk.30.ffn_down_shexp.input_scale
create_tensor: loading tensor blk.30.ffn_up_shexp.input_scale
create_tensor: loading tensor blk.30.ssm_out.input_scale
create_tensor: loading tensor blk.30.ssm_alpha.input_scale
create_tensor: loading tensor blk.30.ssm_beta.input_scale
create_tensor: loading tensor blk.31.attn_q.scale
create_tensor: loading tensor blk.31.attn_k.scale
create_tensor: loading tensor blk.31.attn_v.scale
create_tensor: loading tensor blk.31.attn_output.scale
create_tensor: loading tensor blk.31.ffn_gate_shexp.scale
create_tensor: loading tensor blk.31.ffn_down_shexp.scale
create_tensor: loading tensor blk.31.ffn_up_shexp.scale
create_tensor: loading tensor blk.31.ffn_gate_exps.scale
create_tensor: loading tensor blk.31.ffn_down_exps.scale
create_tensor: loading tensor blk.31.ffn_up_exps.scale
create_tensor: loading tensor blk.31.attn_q.input_scale
create_tensor: loading tensor blk.31.attn_k.input_scale
create_tensor: loading tensor blk.31.attn_v.input_scale
create_tensor: loading tensor blk.31.attn_output.input_scale
create_tensor: loading tensor blk.31.ffn_gate_exps.input_scale
create_tensor: loading tensor blk.31.ffn_down_exps.input_scale
create_tensor: loading tensor blk.31.ffn_up_exps.input_scale
create_tensor: loading tensor blk.31.ffn_gate_shexp.input_scale
create_tensor: loading tensor blk.31.ffn_down_shexp.input_scale
create_tensor: loading tensor blk.31.ffn_up_shexp.input_scale
create_tensor: loading tensor blk.32.attn_qkv.scale
create_tensor: loading tensor blk.32.attn_gate.scale
create_tensor: loading tensor blk.32.ffn_gate_shexp.scale
create_tensor: loading tensor blk.32.ffn_down_shexp.scale
create_tensor: loading tensor blk.32.ffn_up_shexp.scale
create_tensor: loading tensor blk.32.ffn_gate_exps.scale
create_tensor: loading tensor blk.32.ffn_down_exps.scale
create_tensor: loading tensor blk.32.ffn_up_exps.scale
create_tensor: loading tensor blk.32.ssm_out.scale
create_tensor: loading tensor blk.32.ssm_alpha.scale
create_tensor: loading tensor blk.32.ssm_beta.scale
create_tensor: loading tensor blk.32.attn_qkv.input_scale
create_tensor: loading tensor blk.32.attn_gate.input_scale
create_tensor: loading tensor blk.32.ffn_gate_exps.input_scale
create_tensor: loading tensor blk.32.ffn_down_exps.input_scale
create_tensor: loading tensor blk.32.ffn_up_exps.input_scale
create_tensor: loading tensor blk.32.ffn_gate_shexp.input_scale
create_tensor: loading tensor blk.32.ffn_down_shexp.input_scale
create_tensor: loading tensor blk.32.ffn_up_shexp.input_scale
create_tensor: loading tensor blk.32.ssm_out.input_scale
create_tensor: loading tensor blk.32.ssm_alpha.input_scale
create_tensor: loading tensor blk.32.ssm_beta.input_scale
create_tensor: loading tensor blk.33.attn_qkv.scale
create_tensor: loading tensor blk.33.attn_gate.scale
create_tensor: loading tensor blk.33.ffn_gate_shexp.scale
create_tensor: loading tensor blk.33.ffn_down_shexp.scale
create_tensor: loading tensor blk.33.ffn_up_shexp.scale
create_tensor: loading tensor blk.33.ffn_gate_exps.scale
create_tensor: loading tensor blk.33.ffn_down_exps.scale
create_tensor: loading tensor blk.33.ffn_up_exps.scale
create_tensor: loading tensor blk.33.ssm_out.scale
create_tensor: loading tensor blk.33.ssm_alpha.scale
create_tensor: loading tensor blk.33.ssm_beta.scale
create_tensor: loading tensor blk.33.attn_qkv.input_scale
create_tensor: loading tensor blk.33.attn_gate.input_scale
create_tensor: loading tensor blk.33.ffn_gate_exps.input_scale
create_tensor: loading tensor blk.33.ffn_down_exps.input_scale
create_tensor: loading tensor blk.33.ffn_up_exps.input_scale
create_tensor: loading tensor blk.33.ffn_gate_shexp.input_scale
create_tensor: loading tensor blk.33.ffn_down_shexp.input_scale
create_tensor: loading tensor blk.33.ffn_up_shexp.input_scale
create_tensor: loading tensor blk.33.ssm_out.input_scale
create_tensor: loading tensor blk.33.ssm_alpha.input_scale
create_tensor: loading tensor blk.33.ssm_beta.input_scale
create_tensor: loading tensor blk.34.attn_qkv.scale
create_tensor: loading tensor blk.34.attn_gate.scale
create_tensor: loading tensor blk.34.ffn_gate_shexp.scale
create_tensor: loading tensor blk.34.ffn_down_shexp.scale
create_tensor: loading tensor blk.34.ffn_up_shexp.scale
create_tensor: loading tensor blk.34.ffn_gate_exps.scale
create_tensor: loading tensor blk.34.ffn_down_exps.scale
create_tensor: loading tensor blk.34.ffn_up_exps.scale
create_tensor: loading tensor blk.34.ssm_out.scale
create_tensor: loading tensor blk.34.ssm_alpha.scale
create_tensor: loading tensor blk.34.ssm_beta.scale
create_tensor: loading tensor blk.34.attn_qkv.input_scale
create_tensor: loading tensor blk.34.attn_gate.input_scale
create_tensor: loading tensor blk.34.ffn_gate_exps.input_scale
create_tensor: loading tensor blk.34.ffn_down_exps.input_scale
create_tensor: loading tensor blk.34.ffn_up_exps.input_scale
create_tensor: loading tensor blk.34.ffn_gate_shexp.input_scale
create_tensor: loading tensor blk.34.ffn_down_shexp.input_scale
create_tensor: loading tensor blk.34.ffn_up_shexp.input_scale
create_tensor: loading tensor blk.34.ssm_out.input_scale
create_tensor: loading tensor blk.34.ssm_alpha.input_scale
create_tensor: loading tensor blk.34.ssm_beta.input_scale
create_tensor: loading tensor blk.35.attn_q.scale
create_tensor: loading tensor blk.35.attn_k.scale
create_tensor: loading tensor blk.35.attn_v.scale
create_tensor: loading tensor blk.35.attn_output.scale
create_tensor: loading tensor blk.35.ffn_gate_shexp.scale
create_tensor: loading tensor blk.35.ffn_down_shexp.scale
create_tensor: loading tensor blk.35.ffn_up_shexp.scale
create_tensor: loading tensor blk.35.ffn_gate_exps.scale
create_tensor: loading tensor blk.35.ffn_down_exps.scale
create_tensor: loading tensor blk.35.ffn_up_exps.scale
create_tensor: loading tensor blk.35.attn_q.input_scale
create_tensor: loading tensor blk.35.attn_k.input_scale
create_tensor: loading tensor blk.35.attn_v.input_scale
create_tensor: loading tensor blk.35.attn_output.input_scale
create_tensor: loading tensor blk.35.ffn_gate_exps.input_scale
create_tensor: loading tensor blk.35.ffn_down_exps.input_scale
create_tensor: loading tensor blk.35.ffn_up_exps.input_scale
create_tensor: loading tensor blk.35.ffn_gate_shexp.input_scale
create_tensor: loading tensor blk.35.ffn_down_shexp.input_scale
create_tensor: loading tensor blk.35.ffn_up_shexp.input_scale
create_tensor: loading tensor blk.36.attn_qkv.scale
create_tensor: loading tensor blk.36.attn_gate.scale
create_tensor: loading tensor blk.36.ffn_gate_shexp.scale
create_tensor: loading tensor blk.36.ffn_down_shexp.scale
create_tensor: loading tensor blk.36.ffn_up_shexp.scale
create_tensor: loading tensor blk.36.ffn_gate_exps.scale
create_tensor: loading tensor blk.36.ffn_down_exps.scale
create_tensor: loading tensor blk.36.ffn_up_exps.scale
create_tensor: loading tensor blk.36.ssm_out.scale
create_tensor: loading tensor blk.36.ssm_alpha.scale
create_tensor: loading tensor blk.36.ssm_beta.scale
create_tensor: loading tensor blk.36.attn_qkv.input_scale
create_tensor: loading tensor blk.36.attn_gate.input_scale
create_tensor: loading tensor blk.36.ffn_gate_exps.input_scale
create_tensor: loading tensor blk.36.ffn_down_exps.input_scale
create_tensor: loading tensor blk.36.ffn_up_exps.input_scale
create_tensor: loading tensor blk.36.ffn_gate_shexp.input_scale
create_tensor: loading tensor blk.36.ffn_down_shexp.input_scale
create_tensor: loading tensor blk.36.ffn_up_shexp.input_scale
create_tensor: loading tensor blk.36.ssm_out.input_scale
create_tensor: loading tensor blk.36.ssm_alpha.input_scale
create_tensor: loading tensor blk.36.ssm_beta.input_scale
create_tensor: loading tensor blk.37.attn_qkv.scale
create_tensor: loading tensor blk.37.attn_gate.scale
create_tensor: loading tensor blk.37.ffn_gate_shexp.scale
create_tensor: loading tensor blk.37.ffn_down_shexp.scale
create_tensor: loading tensor blk.37.ffn_up_shexp.scale
create_tensor: loading tensor blk.37.ffn_gate_exps.scale
create_tensor: loading tensor blk.37.ffn_down_exps.scale
create_tensor: loading tensor blk.37.ffn_up_exps.scale
create_tensor: loading tensor blk.37.ssm_out.scale
create_tensor: loading tensor blk.37.ssm_alpha.scale
create_tensor: loading tensor blk.37.ssm_beta.scale
create_tensor: loading tensor blk.37.attn_qkv.input_scale
create_tensor: loading tensor blk.37.attn_gate.input_scale
create_tensor: loading tensor blk.37.ffn_gate_exps.input_scale
create_tensor: loading tensor blk.37.ffn_down_exps.input_scale
create_tensor: loading tensor blk.37.ffn_up_exps.input_scale
create_tensor: loading tensor blk.37.ffn_gate_shexp.input_scale
create_tensor: loading tensor blk.37.ffn_down_shexp.input_scale
create_tensor: loading tensor blk.37.ffn_up_shexp.input_scale
create_tensor: loading tensor blk.37.ssm_out.input_scale
create_tensor: loading tensor blk.37.ssm_alpha.input_scale
create_tensor: loading tensor blk.37.ssm_beta.input_scale
create_tensor: loading tensor blk.38.attn_qkv.scale
create_tensor: loading tensor blk.38.attn_gate.scale
create_tensor: loading tensor blk.38.ffn_gate_shexp.scale
create_tensor: loading tensor blk.38.ffn_down_shexp.scale
create_tensor: loading tensor blk.38.ffn_up_shexp.scale
create_tensor: loading tensor blk.38.ffn_gate_exps.scale
create_tensor: loading tensor blk.38.ffn_down_exps.scale
create_tensor: loading tensor blk.38.ffn_up_exps.scale
create_tensor: loading tensor blk.38.ssm_out.scale
create_tensor: loading tensor blk.38.ssm_alpha.scale
create_tensor: loading tensor blk.38.ssm_beta.scale
create_tensor: loading tensor blk.38.attn_qkv.input_scale
create_tensor: loading tensor blk.38.attn_gate.input_scale
create_tensor: loading tensor blk.38.ffn_gate_exps.input_scale
create_tensor: loading tensor blk.38.ffn_down_exps.input_scale
create_tensor: loading tensor blk.38.ffn_up_exps.input_scale
create_tensor: loading tensor blk.38.ffn_gate_shexp.input_scale
create_tensor: loading tensor blk.38.ffn_down_shexp.input_scale
create_tensor: loading tensor blk.38.ffn_up_shexp.input_scale
create_tensor: loading tensor blk.38.ssm_out.input_scale
create_tensor: loading tensor blk.38.ssm_alpha.input_scale
create_tensor: loading tensor blk.38.ssm_beta.input_scale
create_tensor: loading tensor blk.39.attn_q.scale
create_tensor: loading tensor blk.39.attn_k.scale
create_tensor: loading tensor blk.39.attn_v.scale
create_tensor: loading tensor blk.39.attn_output.scale
create_tensor: loading tensor blk.39.ffn_gate_shexp.scale
create_tensor: loading tensor blk.39.ffn_down_shexp.scale
create_tensor: loading tensor blk.39.ffn_up_shexp.scale
create_tensor: loading tensor blk.39.ffn_gate_exps.scale
create_tensor: loading tensor blk.39.ffn_down_exps.scale
create_tensor: loading tensor blk.39.ffn_up_exps.scale
create_tensor: loading tensor blk.39.attn_q.input_scale
create_tensor: loading tensor blk.39.attn_k.input_scale
create_tensor: loading tensor blk.39.attn_v.input_scale
create_tensor: loading tensor blk.39.attn_output.input_scale
create_tensor: loading tensor blk.39.ffn_gate_exps.input_scale
create_tensor: loading tensor blk.39.ffn_down_exps.input_scale
create_tensor: loading tensor blk.39.ffn_up_exps.input_scale
create_tensor: loading tensor blk.39.ffn_gate_shexp.input_scale
create_tensor: loading tensor blk.39.ffn_down_shexp.input_scale
create_tensor: loading tensor blk.39.ffn_up_shexp.input_scale
create_tensor: loading tensor blk.40.attn_qkv.scale
create_tensor: loading tensor blk.40.attn_gate.scale
create_tensor: loading tensor blk.40.ffn_gate_shexp.scale
create_tensor: loading tensor blk.40.ffn_down_shexp.scale
create_tensor: loading tensor blk.40.ffn_up_shexp.scale
create_tensor: loading tensor blk.40.ffn_gate_exps.scale
create_tensor: loading tensor blk.40.ffn_down_exps.scale
create_tensor: loading tensor blk.40.ffn_up_exps.scale
create_tensor: loading tensor blk.40.ssm_out.scale
create_tensor: loading tensor blk.40.ssm_alpha.scale
create_tensor: loading tensor blk.40.ssm_beta.scale
create_tensor: loading tensor blk.40.attn_qkv.input_scale
create_tensor: loading tensor blk.40.attn_gate.input_scale
create_tensor: loading tensor blk.40.ffn_gate_exps.input_scale
create_tensor: loading tensor blk.40.ffn_down_exps.input_scale
create_tensor: loading tensor blk.40.ffn_up_exps.input_scale
create_tensor: loading tensor blk.40.ffn_gate_shexp.input_scale
create_tensor: loading tensor blk.40.ffn_down_shexp.input_scale
create_tensor: loading tensor blk.40.ffn_up_shexp.input_scale
create_tensor: loading tensor blk.40.ssm_out.input_scale
create_tensor: loading tensor blk.40.ssm_alpha.input_scale
create_tensor: loading tensor blk.40.ssm_beta.input_scale
create_tensor: loading tensor blk.41.attn_qkv.scale
create_tensor: loading tensor blk.41.attn_gate.scale
create_tensor: loading tensor blk.41.ffn_gate_shexp.scale
create_tensor: loading tensor blk.41.ffn_down_shexp.scale
create_tensor: loading tensor blk.41.ffn_up_shexp.scale
create_tensor: loading tensor blk.41.ffn_gate_exps.scale
create_tensor: loading tensor blk.41.ffn_down_exps.scale
create_tensor: loading tensor blk.41.ffn_up_exps.scale
create_tensor: loading tensor blk.41.ssm_out.scale
create_tensor: loading tensor blk.41.ssm_alpha.scale
create_tensor: loading tensor blk.41.ssm_beta.scale
create_tensor: loading tensor blk.41.attn_qkv.input_scale
create_tensor: loading tensor blk.41.attn_gate.input_scale
create_tensor: loading tensor blk.41.ffn_gate_exps.input_scale
create_tensor: loading tensor blk.41.ffn_down_exps.input_scale
create_tensor: loading tensor blk.41.ffn_up_exps.input_scale
create_tensor: loading tensor blk.41.ffn_gate_shexp.input_scale
create_tensor: loading tensor blk.41.ffn_down_shexp.input_scale
create_tensor: loading tensor blk.41.ffn_up_shexp.input_scale
create_tensor: loading tensor blk.41.ssm_out.input_scale
create_tensor: loading tensor blk.41.ssm_alpha.input_scale
create_tensor: loading tensor blk.41.ssm_beta.input_scale
create_tensor: loading tensor blk.42.attn_qkv.scale
create_tensor: loading tensor blk.42.attn_gate.scale
create_tensor: loading tensor blk.42.ffn_gate_shexp.scale
create_tensor: loading tensor blk.42.ffn_down_shexp.scale
create_tensor: loading tensor blk.42.ffn_up_shexp.scale
create_tensor: loading tensor blk.42.ffn_gate_exps.scale
create_tensor: loading tensor blk.42.ffn_down_exps.scale
create_tensor: loading tensor blk.42.ffn_up_exps.scale
create_tensor: loading tensor blk.42.ssm_out.scale
create_tensor: loading tensor blk.42.ssm_alpha.scale
create_tensor: loading tensor blk.42.ssm_beta.scale
create_tensor: loading tensor blk.42.attn_qkv.input_scale
create_tensor: loading tensor blk.42.attn_gate.input_scale
create_tensor: loading tensor blk.42.ffn_gate_exps.input_scale
create_tensor: loading tensor blk.42.ffn_down_exps.input_scale
create_tensor: loading tensor blk.42.ffn_up_exps.input_scale
create_tensor: loading tensor blk.42.ffn_gate_shexp.input_scale
create_tensor: loading tensor blk.42.ffn_down_shexp.input_scale
create_tensor: loading tensor blk.42.ffn_up_shexp.input_scale
create_tensor: loading tensor blk.42.ssm_out.input_scale
create_tensor: loading tensor blk.42.ssm_alpha.input_scale
create_tensor: loading tensor blk.42.ssm_beta.input_scale
create_tensor: loading tensor blk.43.attn_q.scale
create_tensor: loading tensor blk.43.attn_k.scale
create_tensor: loading tensor blk.43.attn_v.scale
create_tensor: loading tensor blk.43.attn_output.scale
create_tensor: loading tensor blk.43.ffn_gate_shexp.scale
create_tensor: loading tensor blk.43.ffn_down_shexp.scale
create_tensor: loading tensor blk.43.ffn_up_shexp.scale
create_tensor: loading tensor blk.43.ffn_gate_exps.scale
create_tensor: loading tensor blk.43.ffn_down_exps.scale
create_tensor: loading tensor blk.43.ffn_up_exps.scale
create_tensor: loading tensor blk.43.attn_q.input_scale
create_tensor: loading tensor blk.43.attn_k.input_scale
create_tensor: loading tensor blk.43.attn_v.input_scale
create_tensor: loading tensor blk.43.attn_output.input_scale
create_tensor: loading tensor blk.43.ffn_gate_exps.input_scale
create_tensor: loading tensor blk.43.ffn_down_exps.input_scale
create_tensor: loading tensor blk.43.ffn_up_exps.input_scale
create_tensor: loading tensor blk.43.ffn_gate_shexp.input_scale
create_tensor: loading tensor blk.43.ffn_down_shexp.input_scale
create_tensor: loading tensor blk.43.ffn_up_shexp.input_scale
create_tensor: loading tensor blk.44.attn_qkv.scale
create_tensor: loading tensor blk.44.attn_gate.scale
create_tensor: loading tensor blk.44.ffn_gate_shexp.scale
create_tensor: loading tensor blk.44.ffn_down_shexp.scale
create_tensor: loading tensor blk.44.ffn_up_shexp.scale
create_tensor: loading tensor blk.44.ffn_gate_exps.scale
create_tensor: loading tensor blk.44.ffn_down_exps.scale
create_tensor: loading tensor blk.44.ffn_up_exps.scale
create_tensor: loading tensor blk.44.ssm_out.scale
create_tensor: loading tensor blk.44.ssm_alpha.scale
create_tensor: loading tensor blk.44.ssm_beta.scale
create_tensor: loading tensor blk.44.attn_qkv.input_scale
create_tensor: loading tensor blk.44.attn_gate.input_scale
create_tensor: loading tensor blk.44.ffn_gate_exps.input_scale
create_tensor: loading tensor blk.44.ffn_down_exps.input_scale
create_tensor: loading tensor blk.44.ffn_up_exps.input_scale
create_tensor: loading tensor blk.44.ffn_gate_shexp.input_scale
create_tensor: loading tensor blk.44.ffn_down_shexp.input_scale
create_tensor: loading tensor blk.44.ffn_up_shexp.input_scale
create_tensor: loading tensor blk.44.ssm_out.input_scale
create_tensor: loading tensor blk.44.ssm_alpha.input_scale
create_tensor: loading tensor blk.44.ssm_beta.input_scale
create_tensor: loading tensor blk.45.attn_qkv.scale
create_tensor: loading tensor blk.45.attn_gate.scale
create_tensor: loading tensor blk.45.ffn_gate_shexp.scale
create_tensor: loading tensor blk.45.ffn_down_shexp.scale
create_tensor: loading tensor blk.45.ffn_up_shexp.scale
create_tensor: loading tensor blk.45.ffn_gate_exps.scale
create_tensor: loading tensor blk.45.ffn_down_exps.scale
create_tensor: loading tensor blk.45.ffn_up_exps.scale
create_tensor: loading tensor blk.45.ssm_out.scale
create_tensor: loading tensor blk.45.ssm_alpha.scale
create_tensor: loading tensor blk.45.ssm_beta.scale
create_tensor: loading tensor blk.45.attn_qkv.input_scale
create_tensor: loading tensor blk.45.attn_gate.input_scale
create_tensor: loading tensor blk.45.ffn_gate_exps.input_scale
create_tensor: loading tensor blk.45.ffn_down_exps.input_scale
create_tensor: loading tensor blk.45.ffn_up_exps.input_scale
create_tensor: loading tensor blk.45.ffn_gate_shexp.input_scale
create_tensor: loading tensor blk.45.ffn_down_shexp.input_scale
create_tensor: loading tensor blk.45.ffn_up_shexp.input_scale
create_tensor: loading tensor blk.45.ssm_out.input_scale
create_tensor: loading tensor blk.45.ssm_alpha.input_scale
create_tensor: loading tensor blk.45.ssm_beta.input_scale
create_tensor: loading tensor blk.46.attn_qkv.scale
create_tensor: loading tensor blk.46.attn_gate.scale
create_tensor: loading tensor blk.46.ffn_gate_shexp.scale
create_tensor: loading tensor blk.46.ffn_down_shexp.scale
create_tensor: loading tensor blk.46.ffn_up_shexp.scale
create_tensor: loading tensor blk.46.ffn_gate_exps.scale
create_tensor: loading tensor blk.46.ffn_down_exps.scale
create_tensor: loading tensor blk.46.ffn_up_exps.scale
create_tensor: loading tensor blk.46.ssm_out.scale
create_tensor: loading tensor blk.46.ssm_alpha.scale
create_tensor: loading tensor blk.46.ssm_beta.scale
create_tensor: loading tensor blk.46.attn_qkv.input_scale
create_tensor: loading tensor blk.46.attn_gate.input_scale
create_tensor: loading tensor blk.46.ffn_gate_exps.input_scale
create_tensor: loading tensor blk.46.ffn_down_exps.input_scale
create_tensor: loading tensor blk.46.ffn_up_exps.input_scale
create_tensor: loading tensor blk.46.ffn_gate_shexp.input_scale
create_tensor: loading tensor blk.46.ffn_down_shexp.input_scale
create_tensor: loading tensor blk.46.ffn_up_shexp.input_scale
create_tensor: loading tensor blk.46.ssm_out.input_scale
create_tensor: loading tensor blk.46.ssm_alpha.input_scale
create_tensor: loading tensor blk.46.ssm_beta.input_scale
create_tensor: loading tensor blk.47.attn_q.scale
create_tensor: loading tensor blk.47.attn_k.scale
create_tensor: loading tensor blk.47.attn_v.scale
create_tensor: loading tensor blk.47.attn_output.scale
create_tensor: loading tensor blk.47.ffn_gate_shexp.scale
create_tensor: loading tensor blk.47.ffn_down_shexp.scale
create_tensor: loading tensor blk.47.ffn_up_shexp.scale
create_tensor: loading tensor blk.47.ffn_gate_exps.scale
create_tensor: loading tensor blk.47.ffn_down_exps.scale
create_tensor: loading tensor blk.47.ffn_up_exps.scale
create_tensor: loading tensor blk.47.attn_q.input_scale
create_tensor: loading tensor blk.47.attn_k.input_scale
create_tensor: loading tensor blk.47.attn_v.input_scale
create_tensor: loading tensor blk.47.attn_output.input_scale
create_tensor: loading tensor blk.47.ffn_gate_exps.input_scale
create_tensor: loading tensor blk.47.ffn_down_exps.input_scale
create_tensor: loading tensor blk.47.ffn_up_exps.input_scale
create_tensor: loading tensor blk.47.ffn_gate_shexp.input_scale
create_tensor: loading tensor blk.47.ffn_down_shexp.input_scale
create_tensor: loading tensor blk.47.ffn_up_shexp.input_scale
hybrid expert prefill staging: 6 window tensor(s), slots=512, 2837.50 MiB of shared VRAM windows
done_getting_tensors: tensor 'token_embd.weight' (q8_0) (and 145 others) cannot be used with preferred buffer type CUDA_Host, using CPU instead
load_tensors: offloading output layer to GPU
load_tensors: offloading 47 repeating layers to GPU
load_tensors: offloaded 49/49 layers to GPU
load_tensors:   CPU_Mapped model buffer size = 47015.89 MiB
load_tensors:   CPU_Mapped model buffer size = 41787.15 MiB
load_tensors:        CUDA0 model buffer size =  7297.40 MiB
......................................................................
load_tensors: cudaHostRegister model mmap: 0.00 GiB registered, 87.25 GiB not registered
llama_context: constructing llama_context
llama_context: n_seq_max             = 1
llama_context: n_ctx                 = 3072
llama_context: n_ctx_seq             = 3072
llama_context: n_batch               = 2048
llama_context: n_ubatch              = 2048
llama_context: causal_attn           = 1
llama_context: flash_attn            = auto
llama_context: kv_unified            = false
llama_context: freq_base             = 10000000.0
llama_context: freq_scale            = 1
llama_context: n_rs_seq              = 0
llama_context: n_outputs_max         = 2048
llama_context: n_outputs_max_per_seq = 1
llama_context: n_ctx_seq (3072) < n_ctx_train (262144) -- the full capacity of the model will not be utilized
set_abort_callback: call
llama_context:  CUDA_Host  output buffer size =     0.95 MiB
llama_kv_cache: layer   0: filtered
llama_kv_cache: layer   1: filtered
llama_kv_cache: layer   2: filtered
llama_kv_cache: layer   3: dev = CUDA0
llama_kv_cache: layer   4: filtered
llama_kv_cache: layer   5: filtered
llama_kv_cache: layer   6: filtered
llama_kv_cache: layer   7: dev = CUDA0
llama_kv_cache: layer   8: filtered
llama_kv_cache: layer   9: filtered
llama_kv_cache: layer  10: filtered
llama_kv_cache: layer  11: dev = CUDA0
llama_kv_cache: layer  12: filtered
llama_kv_cache: layer  13: filtered
llama_kv_cache: layer  14: filtered
llama_kv_cache: layer  15: dev = CUDA0
llama_kv_cache: layer  16: filtered
llama_kv_cache: layer  17: filtered
llama_kv_cache: layer  18: filtered
llama_kv_cache: layer  19: dev = CUDA0
llama_kv_cache: layer  20: filtered
llama_kv_cache: layer  21: filtered
llama_kv_cache: layer  22: filtered
llama_kv_cache: layer  23: dev = CUDA0
llama_kv_cache: layer  24: filtered
llama_kv_cache: layer  25: filtered
llama_kv_cache: layer  26: filtered
llama_kv_cache: layer  27: dev = CUDA0
llama_kv_cache: layer  28: filtered
llama_kv_cache: layer  29: filtered
llama_kv_cache: layer  30: filtered
llama_kv_cache: layer  31: dev = CUDA0
llama_kv_cache: layer  32: filtered
llama_kv_cache: layer  33: filtered
llama_kv_cache: layer  34: filtered
llama_kv_cache: layer  35: dev = CUDA0
llama_kv_cache: layer  36: filtered
llama_kv_cache: layer  37: filtered
llama_kv_cache: layer  38: filtered
llama_kv_cache: layer  39: dev = CUDA0
llama_kv_cache: layer  40: filtered
llama_kv_cache: layer  41: filtered
llama_kv_cache: layer  42: filtered
llama_kv_cache: layer  43: dev = CUDA0
llama_kv_cache: layer  44: filtered
llama_kv_cache: layer  45: filtered
llama_kv_cache: layer  46: filtered
llama_kv_cache: layer  47: dev = CUDA0
llama_kv_cache:      CUDA0 KV buffer size =    72.00 MiB
llama_kv_cache: size =   72.00 MiB (  3072 cells,  12 layers,  1/1 seqs), K (f16):   36.00 MiB, V (f16):   36.00 MiB
llama_kv_cache: attn_rot_k = 0, n_embd_head_k_all = 256
llama_kv_cache: attn_rot_v = 0, n_embd_head_k_all = 256
llama_memory_recurrent, layer   0: dev = CUDA0
llama_memory_recurrent, layer   1: dev = CUDA0
llama_memory_recurrent, layer   2: dev = CUDA0
llama_memory_recurrent: layer   3: skipped
llama_memory_recurrent, layer   4: dev = CUDA0
llama_memory_recurrent, layer   5: dev = CUDA0
llama_memory_recurrent, layer   6: dev = CUDA0
llama_memory_recurrent: layer   7: skipped
llama_memory_recurrent, layer   8: dev = CUDA0
llama_memory_recurrent, layer   9: dev = CUDA0
llama_memory_recurrent, layer  10: dev = CUDA0
llama_memory_recurrent: layer  11: skipped
llama_memory_recurrent, layer  12: dev = CUDA0
llama_memory_recurrent, layer  13: dev = CUDA0
llama_memory_recurrent, layer  14: dev = CUDA0
llama_memory_recurrent: layer  15: skipped
llama_memory_recurrent, layer  16: dev = CUDA0
llama_memory_recurrent, layer  17: dev = CUDA0
llama_memory_recurrent, layer  18: dev = CUDA0
llama_memory_recurrent: layer  19: skipped
llama_memory_recurrent, layer  20: dev = CUDA0
llama_memory_recurrent, layer  21: dev = CUDA0
llama_memory_recurrent, layer  22: dev = CUDA0
llama_memory_recurrent: layer  23: skipped
llama_memory_recurrent, layer  24: dev = CUDA0
llama_memory_recurrent, layer  25: dev = CUDA0
llama_memory_recurrent, layer  26: dev = CUDA0
llama_memory_recurrent: layer  27: skipped
llama_memory_recurrent, layer  28: dev = CUDA0
llama_memory_recurrent, layer  29: dev = CUDA0
llama_memory_recurrent, layer  30: dev = CUDA0
llama_memory_recurrent: layer  31: skipped
llama_memory_recurrent, layer  32: dev = CUDA0
llama_memory_recurrent, layer  33: dev = CUDA0
llama_memory_recurrent, layer  34: dev = CUDA0
llama_memory_recurrent: layer  35: skipped
llama_memory_recurrent, layer  36: dev = CUDA0
llama_memory_recurrent, layer  37: dev = CUDA0
llama_memory_recurrent, layer  38: dev = CUDA0
llama_memory_recurrent: layer  39: skipped
llama_memory_recurrent, layer  40: dev = CUDA0
llama_memory_recurrent, layer  41: dev = CUDA0
llama_memory_recurrent, layer  42: dev = CUDA0
llama_memory_recurrent: layer  43: skipped
llama_memory_recurrent, layer  44: dev = CUDA0
llama_memory_recurrent, layer  45: dev = CUDA0
llama_memory_recurrent, layer  46: dev = CUDA0
llama_memory_recurrent: layer  47: skipped
llama_memory_recurrent:      CUDA0 RS buffer size =   112.57 MiB
llama_memory_recurrent: size =  112.57 MiB (     1 cells,  48 layers,  1 seqs  0 rs_seq), R (f32):    4.22 MiB, S (f32):  108.00 MiB, P (f32):    0.35 MiB
operator (): creating indexer KV cache, size = 3072 cells
llama_kv_cache: layer   0: filtered
llama_kv_cache: layer   1: filtered
llama_kv_cache: layer   2: filtered
llama_kv_cache: layer   3: dev = CUDA0
llama_kv_cache: layer   4: filtered
llama_kv_cache: layer   5: filtered
llama_kv_cache: layer   6: filtered
llama_kv_cache: layer   7: dev = CUDA0
llama_kv_cache: layer   8: filtered
llama_kv_cache: layer   9: filtered
llama_kv_cache: layer  10: filtered
llama_kv_cache: layer  11: dev = CUDA0
llama_kv_cache: layer  12: filtered
llama_kv_cache: layer  13: filtered
llama_kv_cache: layer  14: filtered
llama_kv_cache: layer  15: dev = CUDA0
llama_kv_cache: layer  16: filtered
llama_kv_cache: layer  17: filtered
llama_kv_cache: layer  18: filtered
llama_kv_cache: layer  19: dev = CUDA0
llama_kv_cache: layer  20: filtered
llama_kv_cache: layer  21: filtered
llama_kv_cache: layer  22: filtered
llama_kv_cache: layer  23: dev = CUDA0
llama_kv_cache: layer  24: filtered
llama_kv_cache: layer  25: filtered
llama_kv_cache: layer  26: filtered
llama_kv_cache: layer  27: dev = CUDA0
llama_kv_cache: layer  28: filtered
llama_kv_cache: layer  29: filtered
llama_kv_cache: layer  30: filtered
llama_kv_cache: layer  31: dev = CUDA0
llama_kv_cache: layer  32: filtered
llama_kv_cache: layer  33: filtered
llama_kv_cache: layer  34: filtered
llama_kv_cache: layer  35: dev = CUDA0
llama_kv_cache: layer  36: filtered
llama_kv_cache: layer  37: filtered
llama_kv_cache: layer  38: filtered
llama_kv_cache: layer  39: dev = CUDA0
llama_kv_cache: layer  40: filtered
llama_kv_cache: layer  41: filtered
llama_kv_cache: layer  42: filtered
llama_kv_cache: layer  43: dev = CUDA0
llama_kv_cache: layer  44: filtered
llama_kv_cache: layer  45: filtered
llama_kv_cache: layer  46: filtered
llama_kv_cache: layer  47: dev = CUDA0
llama_kv_cache:      CUDA0 KV buffer size =    27.00 MiB
llama_kv_cache: size =   27.00 MiB (  3072 cells,  12 layers,  1/1 seqs), K (f16):    9.00 MiB, V (f16):   18.00 MiB
llama_kv_cache: attn_rot_k = 0, n_embd_head_k_all = 128
llama_kv_cache: attn_rot_v = 0, n_embd_head_k_all = 256
llama_context: enumerating backends
llama_context: backend_ptrs.size() = 2
sched_reserve: reserving ...
sched_reserve: max_nodes = 81920
sched_reserve: reserving full memory module
sched_reserve: worst-case: n_tokens = 2048, n_seqs = 1, n_outputs = 1
graph_reserve: reserving a graph for ubatch with n_tokens =    1, n_seqs =  1, n_outputs =    1
resolve_fused_ops: Flash Attention enabled
resolve_fused_ops: resolving fused Gated Delta Net support:
graph_reserve: reserving a graph for ubatch with n_tokens =    1, n_seqs =  1, n_outputs =    1
resolve_fused_ops: fused Gated Delta Net (autoregressive) enabled
graph_reserve: reserving a graph for ubatch with n_tokens =   16, n_seqs =  1, n_outputs =   16
resolve_fused_ops: fused Gated Delta Net (chunked) enabled
resolve_fused_ops: resolving fused Lightning Indexer support:
graph_reserve: reserving a graph for ubatch with n_tokens =    1, n_seqs =  1, n_outputs =    1
resolve_fused_ops: Lightning Indexer enabled
resolve_fused_ops: resolving fused DeepSeek V4 HC support:
graph_reserve: reserving a graph for ubatch with n_tokens =    1, n_seqs =  1, n_outputs =    1
resolve_fused_ops: fused DeepSeek V4 HC pre enabled
graph_reserve: reserving a graph for ubatch with n_tokens =    1, n_seqs =  1, n_outputs =    1
resolve_fused_ops: fused DeepSeek V4 HC comb enabled
graph_reserve: reserving a graph for ubatch with n_tokens =    1, n_seqs =  1, n_outputs =    1
resolve_fused_ops: fused DeepSeek V4 HC post enabled
graph_reserve: reserving a graph for ubatch with n_tokens = 2048, n_seqs =  1, n_outputs = 2048
graph_reserve: reserving a graph for ubatch with n_tokens =    1, n_seqs =  1, n_outputs =    1
graph_reserve: reserving a graph for ubatch with n_tokens = 2048, n_seqs =  1, n_outputs = 2048
sched_reserve:      CUDA0 compute buffer size =  2040.00 MiB
sched_reserve:  CUDA_Host compute buffer size =    58.25 MiB
sched_reserve: graph nodes  = 8094 (with bs=2048), 8574 (with bs=1)
sched_reserve: graph splits = 4 (with bs=2048), 100 (with bs=1)
sched_reserve: reserve took 50.18 ms, sched copies = 1
set_n_threads: n_threads = 24, n_threads_batch = 24
prefill staging: layer=0 tokens=2048 unique=352 runs=342 bytes=782.0 MiB
prefill staging: layer=0 barrier_us=222534 (total barriers=1 experts=352 bytes=782.0 MiB time=0.223 s)
prefill staging: layer=0 tokens=1 unique=352 runs=342 bytes=782.0 MiB
prefill staging: layer=0 barrier_us=91711 (total barriers=2 experts=704 bytes=1564.1 MiB time=0.314 s)
MMQ_DIAG call#0 type=iq3_s buft=CUDA0 vram=1 staging_env=0 staged_ops=0 host_ops=0 vram_ops=0
MMQ_DIAG call#1 type=iq3_s buft=CUDA0 vram=1 staging_env=0 staged_ops=0 host_ops=0 vram_ops=1
MMQ_DIAG call#2 type=iq4_nl buft=CUDA0 vram=1 staging_env=0 staged_ops=0 host_ops=0 vram_ops=2
prefill staging: layer=1 tokens=2048 unique=297 runs=411 bytes=659.8 MiB
prefill staging: layer=1 barrier_us=199767 (total barriers=3 experts=1001 bytes=2223.9 MiB time=0.514 s)
prefill staging: layer=1 tokens=1 unique=297 runs=411 bytes=659.8 MiB
prefill staging: layer=1 barrier_us=83245 (total barriers=4 experts=1298 bytes=2883.7 MiB time=0.597 s)
MMQ_DIAG call#3 type=iq3_s buft=CUDA0 vram=1 staging_env=0 staged_ops=0 host_ops=0 vram_ops=3
prefill staging: layer=2 tokens=2048 unique=298 runs=351 bytes=989.5 MiB
prefill staging: layer=2 barrier_us=294231 (total barriers=5 experts=1596 bytes=3873.2 MiB time=0.891 s)
prefill staging: layer=2 tokens=1 unique=298 runs=351 bytes=989.5 MiB
prefill staging: layer=2 barrier_us=115706 (total barriers=6 experts=1894 bytes=4862.6 MiB time=1.007 s)
prefill staging: layer=3 tokens=2048 unique=208 runs=381 bytes=462.1 MiB
prefill staging: layer=3 barrier_us=143024 (total barriers=7 experts=2102 bytes=5324.8 MiB time=1.150 s)
prefill staging: layer=3 tokens=1 unique=208 runs=381 bytes=462.1 MiB
prefill staging: layer=3 barrier_us=60536 (total barriers=8 experts=2310 bytes=5786.9 MiB time=1.211 s)
prefill staging: layer=4 tokens=2048 unique=232 runs=384 bytes=696.7 MiB
prefill staging: layer=4 barrier_us=210262 (total barriers=9 experts=2542 bytes=6483.5 MiB time=1.421 s)
prefill staging: layer=4 tokens=1 unique=232 runs=384 bytes=696.7 MiB
prefill staging: layer=4 barrier_us=85746 (total barriers=10 experts=2774 bytes=7180.2 MiB time=1.507 s)
prefill staging: layer=5 tokens=2048 unique=287 runs=411 bytes=637.6 MiB
prefill staging: layer=5 barrier_us=196580 (total barriers=11 experts=3061 bytes=7817.8 MiB time=1.703 s)
prefill staging: layer=5 tokens=1 unique=287 runs=411 bytes=637.6 MiB
prefill staging: layer=5 barrier_us=79720 (total barriers=12 experts=3348 bytes=8455.5 MiB time=1.783 s)
prefill staging: layer=6 tokens=2048 unique=300 runs=405 bytes=666.5 MiB
prefill staging: layer=6 barrier_us=204362 (total barriers=13 experts=3648 bytes=9122.0 MiB time=1.987 s)
prefill staging: layer=6 tokens=1 unique=300 runs=405 bytes=666.5 MiB
prefill staging: layer=6 barrier_us=82006 (total barriers=14 experts=3948 bytes=9788.5 MiB time=2.069 s)
prefill staging: layer=7 tokens=2048 unique=313 runs=351 bytes=695.4 MiB
prefill staging: layer=7 barrier_us=214271 (total barriers=15 experts=4261 bytes=10483.9 MiB time=2.284 s)
prefill staging: layer=7 tokens=1 unique=313 runs=351 bytes=695.4 MiB
prefill staging: layer=7 barrier_us=85093 (total barriers=16 experts=4574 bytes=11179.2 MiB time=2.369 s)
prefill staging: layer=8 tokens=2048 unique=251 runs=369 bytes=557.6 MiB
prefill staging: layer=8 barrier_us=175639 (total barriers=17 experts=4825 bytes=11736.9 MiB time=2.544 s)
prefill staging: layer=8 tokens=1 unique=251 runs=369 bytes=557.6 MiB
prefill staging: layer=8 barrier_us=70782 (total barriers=18 experts=5076 bytes=12294.5 MiB time=2.615 s)
prefill staging: layer=9 tokens=2048 unique=270 runs=375 bytes=599.9 MiB
prefill staging: layer=9 barrier_us=192989 (total barriers=19 experts=5346 bytes=12894.4 MiB time=2.808 s)
prefill staging: layer=9 tokens=1 unique=270 runs=375 bytes=599.9 MiB
prefill staging: layer=9 barrier_us=73826 (total barriers=20 experts=5616 bytes=13494.2 MiB time=2.882 s)
prefill staging: layer=10 tokens=2048 unique=302 runs=381 bytes=670.9 MiB
prefill staging: layer=10 barrier_us=214317 (total barriers=21 experts=5918 bytes=14165.2 MiB time=3.096 s)
prefill staging: layer=10 tokens=1 unique=302 runs=381 bytes=670.9 MiB
prefill staging: layer=10 barrier_us=82052 (total barriers=22 experts=6220 bytes=14836.1 MiB time=3.178 s)
prefill staging: layer=11 tokens=2048 unique=276 runs=408 bytes=613.2 MiB
prefill staging: layer=11 barrier_us=195541 (total barriers=23 experts=6496 bytes=15449.3 MiB time=3.374 s)
prefill staging: layer=11 tokens=1 unique=276 runs=408 bytes=613.2 MiB
prefill staging: layer=11 barrier_us=76407 (total barriers=24 experts=6772 bytes=16062.5 MiB time=3.450 s)
prefill staging: layer=12 tokens=2048 unique=309 runs=384 bytes=686.5 MiB
prefill staging: layer=12 barrier_us=219465 (total barriers=25 experts=7081 bytes=16749.0 MiB time=3.670 s)
prefill staging: layer=12 tokens=1 unique=309 runs=384 bytes=686.5 MiB
prefill staging: layer=12 barrier_us=83579 (total barriers=26 experts=7390 bytes=17435.5 MiB time=3.753 s)
prefill staging: layer=13 tokens=2048 unique=295 runs=372 bytes=655.4 MiB
prefill staging: layer=13 barrier_us=211129 (total barriers=27 experts=7685 bytes=18090.9 MiB time=3.965 s)
prefill staging: layer=13 tokens=1 unique=295 runs=372 bytes=655.4 MiB
prefill staging: layer=13 barrier_us=82262 (total barriers=28 experts=7980 bytes=18746.3 MiB time=4.047 s)
prefill staging: layer=14 tokens=2048 unique=303 runs=378 bytes=673.2 MiB
prefill staging: layer=14 barrier_us=220657 (total barriers=29 experts=8283 bytes=19419.5 MiB time=4.267 s)
prefill staging: layer=14 tokens=1 unique=303 runs=378 bytes=673.2 MiB
prefill staging: layer=14 barrier_us=82682 (total barriers=30 experts=8586 bytes=20092.6 MiB time=4.350 s)
prefill staging: layer=15 tokens=2048 unique=277 runs=369 bytes=615.4 MiB
prefill staging: layer=15 barrier_us=202444 (total barriers=31 experts=8863 bytes=20708.0 MiB time=4.553 s)
prefill staging: layer=15 tokens=1 unique=277 runs=369 bytes=615.4 MiB
prefill staging: layer=15 barrier_us=76999 (total barriers=32 experts=9140 bytes=21323.4 MiB time=4.630 s)
prefill staging: layer=16 tokens=2048 unique=319 runs=357 bytes=708.7 MiB
prefill staging: layer=16 barrier_us=225910 (total barriers=33 experts=9459 bytes=22032.2 MiB time=4.855 s)
prefill staging: layer=16 tokens=1 unique=319 runs=357 bytes=708.7 MiB
prefill staging: layer=16 barrier_us=89565 (total barriers=34 experts=9778 bytes=22740.9 MiB time=4.945 s)
prefill staging: layer=17 tokens=2048 unique=368 runs=309 bytes=817.6 MiB
prefill staging: layer=17 barrier_us=259796 (total barriers=35 experts=10146 bytes=23558.4 MiB time=5.205 s)
prefill staging: layer=17 tokens=1 unique=368 runs=309 bytes=817.6 MiB
prefill staging: layer=17 barrier_us=96814 (total barriers=36 experts=10514 bytes=24376.0 MiB time=5.302 s)
prefill staging: layer=18 tokens=2048 unique=382 runs=282 bytes=848.7 MiB
prefill staging: layer=18 barrier_us=266147 (total barriers=37 experts=10896 bytes=25224.7 MiB time=5.568 s)
prefill staging: layer=18 tokens=1 unique=382 runs=282 bytes=848.7 MiB
prefill staging: layer=18 barrier_us=98662 (total barriers=38 experts=11278 bytes=26073.4 MiB time=5.666 s)
prefill staging: layer=19 tokens=2048 unique=398 runs=270 bytes=884.2 MiB
prefill staging: layer=19 barrier_us=270305 (total barriers=39 experts=11676 bytes=26957.6 MiB time=5.937 s)
prefill staging: layer=19 tokens=1 unique=398 runs=270 bytes=884.2 MiB
prefill staging: layer=19 barrier_us=102446 (total barriers=40 experts=12074 bytes=27841.8 MiB time=6.039 s)
prefill staging: layer=20 tokens=2048 unique=415 runs=249 bytes=922.0 MiB
prefill staging: layer=20 barrier_us=285214 (total barriers=41 experts=12489 bytes=28763.8 MiB time=6.324 s)
prefill staging: layer=20 tokens=1 unique=415 runs=249 bytes=922.0 MiB
prefill staging: layer=20 barrier_us=103709 (total barriers=42 experts=12904 bytes=29685.8 MiB time=6.428 s)
prefill staging: layer=21 tokens=2048 unique=388 runs=285 bytes=862.0 MiB
prefill staging: layer=21 barrier_us=251007 (total barriers=43 experts=13292 bytes=30547.9 MiB time=6.679 s)
prefill staging: layer=21 tokens=1 unique=388 runs=285 bytes=862.0 MiB
prefill staging: layer=21 barrier_us=93703 (total barriers=44 experts=13680 bytes=31409.9 MiB time=6.773 s)
prefill staging: layer=22 tokens=2048 unique=387 runs=273 bytes=859.8 MiB
prefill staging: layer=22 barrier_us=253543 (total barriers=45 experts=14067 bytes=32269.7 MiB time=7.026 s)
prefill staging: layer=22 tokens=1 unique=387 runs=273 bytes=859.8 MiB
prefill staging: layer=22 barrier_us=92012 (total barriers=46 experts=14454 bytes=33129.4 MiB time=7.118 s)
prefill staging: layer=23 tokens=2048 unique=417 runs=249 bytes=926.4 MiB
prefill staging: layer=23 barrier_us=265392 (total barriers=47 experts=14871 bytes=34055.9 MiB time=7.384 s)
prefill staging: layer=23 tokens=1 unique=417 runs=249 bytes=926.4 MiB
prefill staging: layer=23 barrier_us=99705 (total barriers=48 experts=15288 bytes=34982.3 MiB time=7.483 s)
prefill staging: layer=24 tokens=2048 unique=412 runs=216 bytes=915.3 MiB
prefill staging: layer=24 barrier_us=266282 (total barriers=49 experts=15700 bytes=35897.7 MiB time=7.750 s)
prefill staging: layer=24 tokens=1 unique=412 runs=216 bytes=915.3 MiB
prefill staging: layer=24 barrier_us=96839 (total barriers=50 experts=16112 bytes=36813.0 MiB time=7.847 s)
prefill staging: layer=25 tokens=2048 unique=440 runs=183 bytes=977.5 MiB
prefill staging: layer=25 barrier_us=279859 (total barriers=51 experts=16552 bytes=37790.5 MiB time=8.126 s)
prefill staging: layer=25 tokens=1 unique=440 runs=183 bytes=977.5 MiB
prefill staging: layer=25 barrier_us=99338 (total barriers=52 experts=16992 bytes=38768.1 MiB time=8.226 s)
prefill staging: layer=26 tokens=2048 unique=436 runs=195 bytes=968.7 MiB
prefill staging: layer=26 barrier_us=277781 (total barriers=53 experts=17428 bytes=39736.7 MiB time=8.504 s)
prefill staging: layer=26 tokens=1 unique=436 runs=195 bytes=968.7 MiB
prefill staging: layer=26 barrier_us=100089 (total barriers=54 experts=17864 bytes=40705.4 MiB time=8.604 s)
prefill staging: layer=27 tokens=2048 unique=438 runs=198 bytes=973.1 MiB
prefill staging: layer=27 barrier_us=273331 (total barriers=55 experts=18302 bytes=41678.5 MiB time=8.877 s)
prefill staging: layer=27 tokens=1 unique=438 runs=198 bytes=973.1 MiB
prefill staging: layer=27 barrier_us=102934 (total barriers=56 experts=18740 bytes=42651.6 MiB time=8.980 s)
prefill staging: layer=28 tokens=2048 unique=425 runs=216 bytes=944.2 MiB
prefill staging: layer=28 barrier_us=267792 (total barriers=57 experts=19165 bytes=43595.8 MiB time=9.248 s)
prefill staging: layer=28 tokens=1 unique=425 runs=216 bytes=944.2 MiB
prefill staging: layer=28 barrier_us=99616 (total barriers=58 experts=19590 bytes=44540.0 MiB time=9.347 s)
prefill staging: layer=29 tokens=2048 unique=448 runs=174 bytes=995.3 MiB
prefill staging: layer=29 barrier_us=282258 (total barriers=59 experts=20038 bytes=45535.3 MiB time=9.630 s)
prefill staging: layer=29 tokens=1 unique=448 runs=174 bytes=995.3 MiB
prefill staging: layer=29 barrier_us=102225 (total barriers=60 experts=20486 bytes=46530.6 MiB time=9.732 s)
prefill staging: layer=30 tokens=2048 unique=463 runs=138 bytes=1390.4 MiB
prefill staging: layer=30 barrier_us=390780 (total barriers=61 experts=20949 bytes=47921.0 MiB time=10.123 s)
prefill staging: layer=30 tokens=1 unique=463 runs=138 bytes=1390.4 MiB
prefill staging: layer=30 barrier_us=138500 (total barriers=62 experts=21412 bytes=49311.3 MiB time=10.261 s)
prefill staging: layer=31 tokens=2048 unique=469 runs=123 bytes=1042.0 MiB
prefill staging: layer=31 barrier_us=305438 (total barriers=63 experts=21881 bytes=50353.3 MiB time=10.567 s)
prefill staging: layer=31 tokens=1 unique=469 runs=123 bytes=1042.0 MiB
prefill staging: layer=31 barrier_us=104207 (total barriers=64 experts=22350 bytes=51395.3 MiB time=10.671 s)
prefill staging: layer=32 tokens=2048 unique=448 runs=159 bytes=995.3 MiB
prefill staging: layer=32 barrier_us=301112 (total barriers=65 experts=22798 bytes=52390.6 MiB time=10.972 s)
prefill staging: layer=32 tokens=1 unique=448 runs=159 bytes=995.3 MiB
prefill staging: layer=32 barrier_us=102911 (total barriers=66 experts=23246 bytes=53385.9 MiB time=11.075 s)
prefill staging: layer=33 tokens=2048 unique=470 runs=129 bytes=1044.2 MiB
prefill staging: layer=33 barrier_us=319567 (total barriers=67 experts=23716 bytes=54430.1 MiB time=11.394 s)
prefill staging: layer=33 tokens=1 unique=470 runs=129 bytes=1044.2 MiB
prefill staging: layer=33 barrier_us=108277 (total barriers=68 experts=24186 bytes=55474.3 MiB time=11.503 s)
prefill staging: layer=34 tokens=2048 unique=452 runs=159 bytes=1004.2 MiB
prefill staging: layer=34 barrier_us=305187 (total barriers=69 experts=24638 bytes=56478.5 MiB time=11.808 s)
prefill staging: layer=34 tokens=1 unique=452 runs=159 bytes=1004.2 MiB
prefill staging: layer=34 barrier_us=101250 (total barriers=70 experts=25090 bytes=57482.7 MiB time=11.909 s)
prefill staging: layer=35 tokens=2048 unique=443 runs=189 bytes=984.2 MiB
prefill staging: layer=35 barrier_us=299016 (total barriers=71 experts=25533 bytes=58466.9 MiB time=12.208 s)
prefill staging: layer=35 tokens=1 unique=443 runs=189 bytes=984.2 MiB
prefill staging: layer=35 barrier_us=102501 (total barriers=72 experts=25976 bytes=59451.1 MiB time=12.311 s)
prefill staging: layer=36 tokens=2048 unique=434 runs=201 bytes=964.2 MiB
prefill staging: layer=36 barrier_us=298412 (total barriers=73 experts=26410 bytes=60415.3 MiB time=12.609 s)
prefill staging: layer=36 tokens=1 unique=434 runs=201 bytes=964.2 MiB
prefill staging: layer=36 barrier_us=101998 (total barriers=74 experts=26844 bytes=61379.5 MiB time=12.711 s)
prefill staging: layer=37 tokens=2048 unique=441 runs=189 bytes=979.8 MiB
prefill staging: layer=37 barrier_us=305077 (total barriers=75 experts=27285 bytes=62359.3 MiB time=13.016 s)
prefill staging: layer=37 tokens=1 unique=441 runs=189 bytes=979.8 MiB
prefill staging: layer=37 barrier_us=101795 (total barriers=76 experts=27726 bytes=63339.0 MiB time=13.118 s)
prefill staging: layer=38 tokens=2048 unique=429 runs=198 bytes=953.1 MiB
prefill staging: layer=38 barrier_us=282229 (total barriers=77 experts=28155 bytes=64292.1 MiB time=13.400 s)
prefill staging: layer=38 tokens=1 unique=429 runs=198 bytes=953.1 MiB
prefill staging: layer=38 barrier_us=98214 (total barriers=78 experts=28584 bytes=65245.2 MiB time=13.498 s)
prefill staging: layer=39 tokens=2048 unique=428 runs=222 bytes=950.9 MiB
prefill staging: layer=39 barrier_us=299866 (total barriers=79 experts=29012 bytes=66196.1 MiB time=13.798 s)
prefill staging: layer=39 tokens=1 unique=428 runs=222 bytes=950.9 MiB
prefill staging: layer=39 barrier_us=101088 (total barriers=80 experts=29440 bytes=67147.0 MiB time=13.899 s)
prefill staging: layer=40 tokens=2048 unique=459 runs=138 bytes=1019.8 MiB
prefill staging: layer=40 barrier_us=304573 (total barriers=81 experts=29899 bytes=68166.7 MiB time=14.204 s)
prefill staging: layer=40 tokens=1 unique=459 runs=138 bytes=1019.8 MiB
prefill staging: layer=40 barrier_us=104406 (total barriers=82 experts=30358 bytes=69186.5 MiB time=14.308 s)
prefill staging: layer=41 tokens=2048 unique=460 runs=141 bytes=1022.0 MiB
prefill staging: layer=41 barrier_us=308997 (total barriers=83 experts=30818 bytes=70208.4 MiB time=14.617 s)
prefill staging: layer=41 tokens=1 unique=460 runs=141 bytes=1022.0 MiB
prefill staging: layer=41 barrier_us=102561 (total barriers=84 experts=31278 bytes=71230.4 MiB time=14.720 s)
prefill staging: layer=42 tokens=2048 unique=437 runs=201 bytes=970.9 MiB
prefill staging: layer=42 barrier_us=294532 (total barriers=85 experts=31715 bytes=72201.3 MiB time=15.014 s)
prefill staging: layer=42 tokens=1 unique=437 runs=201 bytes=970.9 MiB
prefill staging: layer=42 barrier_us=99707 (total barriers=86 experts=32152 bytes=73172.2 MiB time=15.114 s)
prefill staging: layer=43 tokens=2048 unique=453 runs=168 bytes=1006.4 MiB
prefill staging: layer=43 barrier_us=291845 (total barriers=87 experts=32605 bytes=74178.6 MiB time=15.406 s)
prefill staging: layer=43 tokens=1 unique=453 runs=168 bytes=1006.4 MiB
prefill staging: layer=43 barrier_us=105068 (total barriers=88 experts=33058 bytes=75185.0 MiB time=15.511 s)
prefill staging: layer=44 tokens=2048 unique=432 runs=210 bytes=959.8 MiB
prefill staging: layer=44 barrier_us=288019 (total barriers=89 experts=33490 bytes=76144.8 MiB time=15.799 s)
prefill staging: layer=44 tokens=1 unique=432 runs=210 bytes=959.8 MiB
prefill staging: layer=44 barrier_us=100119 (total barriers=90 experts=33922 bytes=77104.5 MiB time=15.899 s)
prefill staging: layer=45 tokens=2048 unique=419 runs=213 bytes=930.9 MiB
prefill staging: layer=45 barrier_us=285229 (total barriers=91 experts=34341 bytes=78035.4 MiB time=16.184 s)
prefill staging: layer=45 tokens=1 unique=419 runs=213 bytes=930.9 MiB
prefill staging: layer=45 barrier_us=97143 (total barriers=92 experts=34760 bytes=78966.3 MiB time=16.281 s)
prefill staging: layer=46 tokens=2048 unique=377 runs=285 bytes=1132.1 MiB
prefill staging: layer=46 barrier_us=339449 (total barriers=93 experts=35137 bytes=80098.4 MiB time=16.621 s)
prefill staging: layer=46 tokens=1 unique=377 runs=285 bytes=1132.1 MiB
prefill staging: layer=46 barrier_us=120383 (total barriers=94 experts=35514 bytes=81230.5 MiB time=16.741 s)
MMQ_DIAG call#140 type=q8_0 buft=CUDA0 vram=1 staging_env=0 staged_ops=0 host_ops=0 vram_ops=140
prefill staging: layer=47 tokens=1 unique=10 runs=30 bytes=30.0 MiB
prefill staging: layer=47 barrier_us=10152 (total barriers=95 experts=35524 bytes=81260.5 MiB time=16.751 s)
prefill staging: layer=47 tokens=1 unique=10 runs=30 bytes=30.0 MiB
prefill staging: layer=47 barrier_us=4115 (total barriers=96 experts=35534 bytes=81290.6 MiB time=16.756 s)
prefill staging: layer=0 tokens=1 unique=10 runs=27 bytes=22.2 MiB
prefill staging: layer=0 barrier_us=5841 (total barriers=97 experts=35544 bytes=81312.8 MiB time=16.761 s)
prefill staging: layer=0 tokens=1 unique=10 runs=27 bytes=22.2 MiB
prefill staging: layer=0 barrier_us=3418 (total barriers=98 experts=35554 bytes=81335.0 MiB time=16.765 s)
prefill staging: layer=1 tokens=1 unique=10 runs=30 bytes=22.2 MiB
prefill staging: layer=1 barrier_us=4489 (total barriers=99 experts=35564 bytes=81357.2 MiB time=16.769 s)
prefill staging: layer=1 tokens=1 unique=10 runs=30 bytes=22.2 MiB
prefill staging: layer=1 barrier_us=3931 (total barriers=100 experts=35574 bytes=81379.4 MiB time=16.773 s)
prefill staging: layer=2 tokens=1 unique=10 runs=30 bytes=33.2 MiB
prefill staging: layer=2 barrier_us=6876 (total barriers=101 experts=35584 bytes=81412.6 MiB time=16.780 s)
prefill staging: layer=2 tokens=1 unique=10 runs=30 bytes=33.2 MiB
prefill staging: layer=2 barrier_us=4474 (total barriers=102 experts=35594 bytes=81445.8 MiB time=16.785 s)
prefill staging: layer=3 tokens=1 unique=10 runs=30 bytes=22.2 MiB
prefill staging: layer=3 barrier_us=4592 (total barriers=103 experts=35604 bytes=81468.1 MiB time=16.789 s)
prefill staging: layer=3 tokens=1 unique=10 runs=30 bytes=22.2 MiB
prefill staging: layer=3 barrier_us=3315 (total barriers=104 experts=35614 bytes=81490.3 MiB time=16.792 s)
prefill staging: layer=4 tokens=1 unique=10 runs=30 bytes=30.0 MiB
prefill staging: layer=4 barrier_us=6069 (total barriers=105 experts=35624 bytes=81520.3 MiB time=16.799 s)
prefill staging: layer=4 tokens=1 unique=10 runs=30 bytes=30.0 MiB
prefill staging: layer=4 barrier_us=5551 (total barriers=106 experts=35634 bytes=81550.3 MiB time=16.804 s)
prefill staging: layer=5 tokens=1 unique=10 runs=30 bytes=22.2 MiB
prefill staging: layer=5 barrier_us=4934 (total barriers=107 experts=35644 bytes=81572.6 MiB time=16.809 s)
prefill staging: layer=5 tokens=1 unique=10 runs=30 bytes=22.2 MiB
prefill staging: layer=5 barrier_us=3030 (total barriers=108 experts=35654 bytes=81594.8 MiB time=16.812 s)
prefill staging: layer=6 tokens=1 unique=10 runs=30 bytes=22.2 MiB
prefill staging: layer=6 barrier_us=4646 (total barriers=109 experts=35664 bytes=81617.0 MiB time=16.817 s)
prefill staging: layer=6 tokens=1 unique=10 runs=30 bytes=22.2 MiB
prefill staging: layer=6 barrier_us=5286 (total barriers=110 experts=35674 bytes=81639.2 MiB time=16.822 s)
prefill staging: layer=7 tokens=1 unique=10 runs=30 bytes=22.2 MiB
prefill staging: layer=7 barrier_us=5050 (total barriers=111 experts=35684 bytes=81661.4 MiB time=16.827 s)
prefill staging: layer=7 tokens=1 unique=10 runs=30 bytes=22.2 MiB
prefill staging: layer=7 barrier_us=4467 (total barriers=112 experts=35694 bytes=81683.6 MiB time=16.832 s)
prefill staging: layer=8 tokens=1 unique=10 runs=30 bytes=22.2 MiB
prefill staging: layer=8 barrier_us=5676 (total barriers=113 experts=35704 bytes=81705.9 MiB time=16.837 s)
prefill staging: layer=8 tokens=1 unique=10 runs=30 bytes=22.2 MiB
prefill staging: layer=8 barrier_us=4266 (total barriers=114 experts=35714 bytes=81728.1 MiB time=16.841 s)
prefill staging: layer=9 tokens=1 unique=10 runs=30 bytes=22.2 MiB
prefill staging: layer=9 barrier_us=5106 (total barriers=115 experts=35724 bytes=81750.3 MiB time=16.847 s)
prefill staging: layer=9 tokens=1 unique=10 runs=30 bytes=22.2 MiB
prefill staging: layer=9 barrier_us=4394 (total barriers=116 experts=35734 bytes=81772.5 MiB time=16.851 s)
prefill staging: layer=10 tokens=1 unique=10 runs=30 bytes=22.2 MiB
prefill staging: layer=10 barrier_us=5923 (total barriers=117 experts=35744 bytes=81794.7 MiB time=16.857 s)
prefill staging: layer=10 tokens=1 unique=10 runs=30 bytes=22.2 MiB
prefill staging: layer=10 barrier_us=4132 (total barriers=118 experts=35754 bytes=81816.9 MiB time=16.861 s)
prefill staging: layer=11 tokens=1 unique=10 runs=27 bytes=22.2 MiB
prefill staging: layer=11 barrier_us=3310 (total barriers=119 experts=35764 bytes=81839.2 MiB time=16.864 s)
prefill staging: layer=11 tokens=1 unique=10 runs=27 bytes=22.2 MiB
prefill staging: layer=11 barrier_us=3065 (total barriers=120 experts=35774 bytes=81861.4 MiB time=16.867 s)
prefill staging: layer=12 tokens=1 unique=10 runs=30 bytes=22.2 MiB
prefill staging: layer=12 barrier_us=5061 (total barriers=121 experts=35784 bytes=81883.6 MiB time=16.872 s)
prefill staging: layer=12 tokens=1 unique=10 runs=30 bytes=22.2 MiB
prefill staging: layer=12 barrier_us=3523 (total barriers=122 experts=35794 bytes=81905.8 MiB time=16.876 s)
prefill staging: layer=13 tokens=1 unique=10 runs=30 bytes=22.2 MiB
prefill staging: layer=13 barrier_us=5020 (total barriers=123 experts=35804 bytes=81928.0 MiB time=16.881 s)
prefill staging: layer=13 tokens=1 unique=10 runs=30 bytes=22.2 MiB
prefill staging: layer=13 barrier_us=4281 (total barriers=124 experts=35814 bytes=81950.2 MiB time=16.885 s)
prefill staging: layer=14 tokens=1 unique=10 runs=30 bytes=22.2 MiB
prefill staging: layer=14 barrier_us=4374 (total barriers=125 experts=35824 bytes=81972.5 MiB time=16.890 s)
prefill staging: layer=14 tokens=1 unique=10 runs=30 bytes=22.2 MiB
prefill staging: layer=14 barrier_us=4305 (total barriers=126 experts=35834 bytes=81994.7 MiB time=16.894 s)
prefill staging: layer=15 tokens=1 unique=10 runs=30 bytes=22.2 MiB
prefill staging: layer=15 barrier_us=4382 (total barriers=127 experts=35844 bytes=82016.9 MiB time=16.898 s)
prefill staging: layer=15 tokens=1 unique=10 runs=30 bytes=22.2 MiB
prefill staging: layer=15 barrier_us=5202 (total barriers=128 experts=35854 bytes=82039.1 MiB time=16.904 s)
prefill staging: layer=16 tokens=1 unique=10 runs=30 bytes=22.2 MiB
prefill staging: layer=16 barrier_us=4945 (total barriers=129 experts=35864 bytes=82061.3 MiB time=16.908 s)
prefill staging: layer=16 tokens=1 unique=10 runs=30 bytes=22.2 MiB
prefill staging: layer=16 barrier_us=4293 (total barriers=130 experts=35874 bytes=82083.5 MiB time=16.913 s)
prefill staging: layer=17 tokens=1 unique=10 runs=27 bytes=22.2 MiB
prefill staging: layer=17 barrier_us=4195 (total barriers=131 experts=35884 bytes=82105.8 MiB time=16.917 s)
prefill staging: layer=17 tokens=1 unique=10 runs=27 bytes=22.2 MiB
prefill staging: layer=17 barrier_us=4304 (total barriers=132 experts=35894 bytes=82128.0 MiB time=16.921 s)
prefill staging: layer=18 tokens=1 unique=10 runs=30 bytes=22.2 MiB
prefill staging: layer=18 barrier_us=4947 (total barriers=133 experts=35904 bytes=82150.2 MiB time=16.926 s)
prefill staging: layer=18 tokens=1 unique=10 runs=30 bytes=22.2 MiB
prefill staging: layer=18 barrier_us=4259 (total barriers=134 experts=35914 bytes=82172.4 MiB time=16.930 s)
prefill staging: layer=19 tokens=1 unique=10 runs=30 bytes=22.2 MiB
prefill staging: layer=19 barrier_us=3323 (total barriers=135 experts=35924 bytes=82194.6 MiB time=16.934 s)
prefill staging: layer=19 tokens=1 unique=10 runs=30 bytes=22.2 MiB
prefill staging: layer=19 barrier_us=4791 (total barriers=136 experts=35934 bytes=82216.8 MiB time=16.939 s)
prefill staging: layer=20 tokens=1 unique=10 runs=30 bytes=22.2 MiB
prefill staging: layer=20 barrier_us=3434 (total barriers=137 experts=35944 bytes=82239.1 MiB time=16.942 s)
prefill staging: layer=20 tokens=1 unique=10 runs=30 bytes=22.2 MiB
prefill staging: layer=20 barrier_us=4003 (total barriers=138 experts=35954 bytes=82261.3 MiB time=16.946 s)
prefill staging: layer=21 tokens=1 unique=10 runs=30 bytes=22.2 MiB
prefill staging: layer=21 barrier_us=5244 (total barriers=139 experts=35964 bytes=82283.5 MiB time=16.951 s)
prefill staging: layer=21 tokens=1 unique=10 runs=30 bytes=22.2 MiB
prefill staging: layer=21 barrier_us=4459 (total barriers=140 experts=35974 bytes=82305.7 MiB time=16.956 s)
prefill staging: layer=22 tokens=1 unique=10 runs=30 bytes=22.2 MiB
prefill staging: layer=22 barrier_us=5123 (total barriers=141 experts=35984 bytes=82327.9 MiB time=16.961 s)
prefill staging: layer=22 tokens=1 unique=10 runs=30 bytes=22.2 MiB
prefill staging: layer=22 barrier_us=3721 (total barriers=142 experts=35994 bytes=82350.1 MiB time=16.965 s)
prefill staging: layer=23 tokens=1 unique=10 runs=27 bytes=22.2 MiB
prefill staging: layer=23 barrier_us=4988 (total barriers=143 experts=36004 bytes=82372.4 MiB time=16.970 s)
prefill staging: layer=23 tokens=1 unique=10 runs=27 bytes=22.2 MiB
prefill staging: layer=23 barrier_us=3993 (total barriers=144 experts=36014 bytes=82394.6 MiB time=16.974 s)
prefill staging: layer=24 tokens=1 unique=10 runs=27 bytes=22.2 MiB
prefill staging: layer=24 barrier_us=4252 (total barriers=145 experts=36024 bytes=82416.8 MiB time=16.978 s)
prefill staging: layer=24 tokens=1 unique=10 runs=27 bytes=22.2 MiB
prefill staging: layer=24 barrier_us=4220 (total barriers=146 experts=36034 bytes=82439.0 MiB time=16.982 s)
prefill staging: layer=25 tokens=1 unique=10 runs=30 bytes=22.2 MiB
prefill staging: layer=25 barrier_us=3238 (total barriers=147 experts=36044 bytes=82461.2 MiB time=16.985 s)
prefill staging: layer=25 tokens=1 unique=10 runs=30 bytes=22.2 MiB
prefill staging: layer=25 barrier_us=3338 (total barriers=148 experts=36054 bytes=82483.4 MiB time=16.989 s)
prefill staging: layer=26 tokens=1 unique=10 runs=30 bytes=22.2 MiB
prefill staging: layer=26 barrier_us=3817 (total barriers=149 experts=36064 bytes=82505.7 MiB time=16.992 s)
prefill staging: layer=26 tokens=1 unique=10 runs=30 bytes=22.2 MiB
prefill staging: layer=26 barrier_us=4691 (total barriers=150 experts=36074 bytes=82527.9 MiB time=16.997 s)
prefill staging: layer=27 tokens=1 unique=10 runs=30 bytes=22.2 MiB
prefill staging: layer=27 barrier_us=5038 (total barriers=151 experts=36084 bytes=82550.1 MiB time=17.002 s)
prefill staging: layer=27 tokens=1 unique=10 runs=30 bytes=22.2 MiB
prefill staging: layer=27 barrier_us=4822 (total barriers=152 experts=36094 bytes=82572.3 MiB time=17.007 s)
prefill staging: layer=28 tokens=1 unique=10 runs=30 bytes=22.2 MiB
prefill staging: layer=28 barrier_us=5409 (total barriers=153 experts=36104 bytes=82594.5 MiB time=17.012 s)
prefill staging: layer=28 tokens=1 unique=10 runs=30 bytes=22.2 MiB
prefill staging: layer=28 barrier_us=4647 (total barriers=154 experts=36114 bytes=82616.7 MiB time=17.017 s)
prefill staging: layer=29 tokens=1 unique=10 runs=30 bytes=22.2 MiB
prefill staging: layer=29 barrier_us=5637 (total barriers=155 experts=36124 bytes=82639.0 MiB time=17.023 s)
prefill staging: layer=29 tokens=1 unique=10 runs=30 bytes=22.2 MiB
prefill staging: layer=29 barrier_us=4317 (total barriers=156 experts=36134 bytes=82661.2 MiB time=17.027 s)
prefill staging: layer=30 tokens=1 unique=10 runs=27 bytes=30.0 MiB
prefill staging: layer=30 barrier_us=5099 (total barriers=157 experts=36144 bytes=82691.2 MiB time=17.032 s)
prefill staging: layer=30 tokens=1 unique=10 runs=27 bytes=30.0 MiB
prefill staging: layer=30 barrier_us=4820 (total barriers=158 experts=36154 bytes=82721.2 MiB time=17.037 s)
prefill staging: layer=31 tokens=1 unique=10 runs=30 bytes=22.2 MiB
prefill staging: layer=31 barrier_us=3696 (total barriers=159 experts=36164 bytes=82743.5 MiB time=17.041 s)
prefill staging: layer=31 tokens=1 unique=10 runs=30 bytes=22.2 MiB
prefill staging: layer=31 barrier_us=4206 (total barriers=160 experts=36174 bytes=82765.7 MiB time=17.045 s)
prefill staging: layer=32 tokens=1 unique=10 runs=30 bytes=22.2 MiB
prefill staging: layer=32 barrier_us=4090 (total barriers=161 experts=36184 bytes=82787.9 MiB time=17.049 s)
prefill staging: layer=32 tokens=1 unique=10 runs=30 bytes=22.2 MiB
prefill staging: layer=32 barrier_us=4030 (total barriers=162 experts=36194 bytes=82810.1 MiB time=17.053 s)
prefill staging: layer=33 tokens=1 unique=10 runs=30 bytes=22.2 MiB
prefill staging: layer=33 barrier_us=4310 (total barriers=163 experts=36204 bytes=82832.3 MiB time=17.057 s)
prefill staging: layer=33 tokens=1 unique=10 runs=30 bytes=22.2 MiB
prefill staging: layer=33 barrier_us=4825 (total barriers=164 experts=36214 bytes=82854.5 MiB time=17.062 s)
prefill staging: layer=34 tokens=1 unique=10 runs=30 bytes=22.2 MiB
prefill staging: layer=34 barrier_us=4974 (total barriers=165 experts=36224 bytes=82876.8 MiB time=17.067 s)
prefill staging: layer=34 tokens=1 unique=10 runs=30 bytes=22.2 MiB
prefill staging: layer=34 barrier_us=4286 (total barriers=166 experts=36234 bytes=82899.0 MiB time=17.071 s)
prefill staging: layer=35 tokens=1 unique=10 runs=30 bytes=22.2 MiB
prefill staging: layer=35 barrier_us=5049 (total barriers=167 experts=36244 bytes=82921.2 MiB time=17.076 s)
prefill staging: layer=35 tokens=1 unique=10 runs=30 bytes=22.2 MiB
prefill staging: layer=35 barrier_us=4248 (total barriers=168 experts=36254 bytes=82943.4 MiB time=17.081 s)
prefill staging: layer=36 tokens=1 unique=10 runs=30 bytes=22.2 MiB
prefill staging: layer=36 barrier_us=4923 (total barriers=169 experts=36264 bytes=82965.6 MiB time=17.086 s)
prefill staging: layer=36 tokens=1 unique=10 runs=30 bytes=22.2 MiB
prefill staging: layer=36 barrier_us=4197 (total barriers=170 experts=36274 bytes=82987.8 MiB time=17.090 s)
prefill staging: layer=37 tokens=1 unique=10 runs=30 bytes=22.2 MiB
prefill staging: layer=37 barrier_us=3407 (total barriers=171 experts=36284 bytes=83010.1 MiB time=17.093 s)
prefill staging: layer=37 tokens=1 unique=10 runs=30 bytes=22.2 MiB
prefill staging: layer=37 barrier_us=3643 (total barriers=172 experts=36294 bytes=83032.3 MiB time=17.097 s)
prefill staging: layer=38 tokens=1 unique=10 runs=30 bytes=22.2 MiB
prefill staging: layer=38 barrier_us=3753 (total barriers=173 experts=36304 bytes=83054.5 MiB time=17.101 s)
prefill staging: layer=38 tokens=1 unique=10 runs=30 bytes=22.2 MiB
prefill staging: layer=38 barrier_us=4621 (total barriers=174 experts=36314 bytes=83076.7 MiB time=17.105 s)
prefill staging: layer=39 tokens=1 unique=10 runs=30 bytes=22.2 MiB
prefill staging: layer=39 barrier_us=5036 (total barriers=175 experts=36324 bytes=83098.9 MiB time=17.110 s)
prefill staging: layer=39 tokens=1 unique=10 runs=30 bytes=22.2 MiB
prefill staging: layer=39 barrier_us=4436 (total barriers=176 experts=36334 bytes=83121.1 MiB time=17.115 s)
prefill staging: layer=40 tokens=1 unique=10 runs=30 bytes=22.2 MiB
prefill staging: layer=40 barrier_us=5000 (total barriers=177 experts=36344 bytes=83143.4 MiB time=17.120 s)
prefill staging: layer=40 tokens=1 unique=10 runs=30 bytes=22.2 MiB
prefill staging: layer=40 barrier_us=4554 (total barriers=178 experts=36354 bytes=83165.6 MiB time=17.124 s)
prefill staging: layer=41 tokens=1 unique=10 runs=30 bytes=22.2 MiB
prefill staging: layer=41 barrier_us=4568 (total barriers=179 experts=36364 bytes=83187.8 MiB time=17.129 s)
prefill staging: layer=41 tokens=1 unique=10 runs=30 bytes=22.2 MiB
prefill staging: layer=41 barrier_us=5805 (total barriers=180 experts=36374 bytes=83210.0 MiB time=17.135 s)
prefill staging: layer=42 tokens=1 unique=10 runs=30 bytes=22.2 MiB
prefill staging: layer=42 barrier_us=5254 (total barriers=181 experts=36384 bytes=83232.2 MiB time=17.140 s)
prefill staging: layer=42 tokens=1 unique=10 runs=30 bytes=22.2 MiB
prefill staging: layer=42 barrier_us=4543 (total barriers=182 experts=36394 bytes=83254.4 MiB time=17.144 s)
prefill staging: layer=43 tokens=1 unique=10 runs=30 bytes=22.2 MiB
prefill staging: layer=43 barrier_us=3748 (total barriers=183 experts=36404 bytes=83276.7 MiB time=17.148 s)
prefill staging: layer=43 tokens=1 unique=10 runs=30 bytes=22.2 MiB
prefill staging: layer=43 barrier_us=4762 (total barriers=184 experts=36414 bytes=83298.9 MiB time=17.153 s)
prefill staging: layer=44 tokens=1 unique=10 runs=30 bytes=22.2 MiB
prefill staging: layer=44 barrier_us=4303 (total barriers=185 experts=36424 bytes=83321.1 MiB time=17.157 s)
prefill staging: layer=44 tokens=1 unique=10 runs=30 bytes=22.2 MiB
prefill staging: layer=44 barrier_us=3765 (total barriers=186 experts=36434 bytes=83343.3 MiB time=17.161 s)
prefill staging: layer=45 tokens=1 unique=10 runs=30 bytes=22.2 MiB
prefill staging: layer=45 barrier_us=4705 (total barriers=187 experts=36444 bytes=83365.5 MiB time=17.166 s)
prefill staging: layer=45 tokens=1 unique=10 runs=30 bytes=22.2 MiB
prefill staging: layer=45 barrier_us=4564 (total barriers=188 experts=36454 bytes=83387.7 MiB time=17.170 s)
prefill staging: layer=46 tokens=1 unique=10 runs=30 bytes=30.0 MiB
prefill staging: layer=46 barrier_us=5104 (total barriers=189 experts=36464 bytes=83417.8 MiB time=17.175 s)
prefill staging: layer=46 tokens=1 unique=10 runs=30 bytes=30.0 MiB
prefill staging: layer=46 barrier_us=5524 (total barriers=190 experts=36474 bytes=83447.8 MiB time=17.181 s)
prefill staging: layer=47 tokens=1 unique=10 runs=30 bytes=30.0 MiB
prefill staging: layer=47 barrier_us=12980 (total barriers=191 experts=36484 bytes=83477.8 MiB time=17.194 s)
prefill staging: layer=47 tokens=1 unique=10 runs=30 bytes=30.0 MiB
prefill staging: layer=47 barrier_us=5908 (total barriers=192 experts=36494 bytes=83507.9 MiB time=17.200 s)
ggml_backend_cuda_graph_compute: CUDA graph warmup complete
prefill staging: layer=0 tokens=1 unique=10 runs=30 bytes=22.2 MiB
prefill staging: layer=0 barrier_us=5511 (total barriers=193 experts=36504 bytes=83530.1 MiB time=17.205 s)
ggml_backend_cuda_graph_compute: CUDA graph warmup complete
prefill staging: layer=0 tokens=1 unique=10 runs=30 bytes=22.2 MiB
prefill staging: layer=0 barrier_us=5484 (total barriers=194 experts=36514 bytes=83552.3 MiB time=17.211 s)
ggml_backend_cuda_graph_compute: CUDA graph warmup complete
ggml_backend_cuda_graph_compute: CUDA graph warmup complete
ggml_backend_cuda_graph_compute: CUDA graph warmup complete
prefill staging: layer=1 tokens=1 unique=10 runs=30 bytes=22.2 MiB
prefill staging: layer=1 barrier_us=4974 (total barriers=195 experts=36524 bytes=83574.5 MiB time=17.216 s)
ggml_backend_cuda_graph_compute: CUDA graph warmup complete
prefill staging: layer=1 tokens=1 unique=10 runs=30 bytes=22.2 MiB
prefill staging: layer=1 barrier_us=4574 (total barriers=196 experts=36534 bytes=83596.7 MiB time=17.220 s)
ggml_backend_cuda_graph_compute: CUDA graph warmup complete
ggml_backend_cuda_graph_compute: CUDA graph warmup complete
prefill staging: layer=2 tokens=1 unique=10 runs=30 bytes=33.2 MiB
prefill staging: layer=2 barrier_us=7275 (total barriers=197 experts=36544 bytes=83629.9 MiB time=17.228 s)
ggml_backend_cuda_graph_compute: CUDA graph warmup complete
prefill staging: layer=2 tokens=1 unique=10 runs=30 bytes=33.2 MiB
prefill staging: layer=2 barrier_us=6249 (total barriers=198 experts=36554 bytes=83663.1 MiB time=17.234 s)
ggml_backend_cuda_graph_compute: CUDA graph warmup complete
ggml_backend_cuda_graph_compute: CUDA graph warmup complete
prefill staging: layer=3 tokens=1 unique=10 runs=30 bytes=22.2 MiB
prefill staging: layer=3 barrier_us=5918 (total barriers=199 experts=36564 bytes=83685.4 MiB time=17.240 s)
ggml_backend_cuda_graph_compute: CUDA graph warmup complete
prefill staging: layer=3 tokens=1 unique=10 runs=30 bytes=22.2 MiB
prefill staging: layer=3 barrier_us=4953 (total barriers=200 experts=36574 bytes=83707.6 MiB time=17.245 s)
ggml_backend_cuda_graph_compute: CUDA graph warmup complete
ggml_backend_cuda_graph_compute: CUDA graph warmup complete
prefill staging: layer=4 tokens=1 unique=10 runs=30 bytes=30.0 MiB
prefill staging: layer=4 barrier_us=7036 (total barriers=201 experts=36584 bytes=83737.6 MiB time=17.252 s)
ggml_backend_cuda_graph_compute: CUDA graph warmup complete
prefill staging: layer=4 tokens=1 unique=10 runs=30 bytes=30.0 MiB
prefill staging: layer=4 barrier_us=5259 (total barriers=202 experts=36594 bytes=83767.6 MiB time=17.257 s)
ggml_backend_cuda_graph_compute: CUDA graph warmup complete
ggml_backend_cuda_graph_compute: CUDA graph warmup complete
prefill staging: layer=5 tokens=1 unique=10 runs=30 bytes=22.2 MiB
prefill staging: layer=5 barrier_us=4071 (total barriers=203 experts=36604 bytes=83789.8 MiB time=17.261 s)
ggml_backend_cuda_graph_compute: CUDA graph warmup complete
prefill staging: layer=5 tokens=1 unique=10 runs=30 bytes=22.2 MiB
prefill staging: layer=5 barrier_us=4145 (total barriers=204 experts=36614 bytes=83812.1 MiB time=17.265 s)
ggml_backend_cuda_graph_compute: CUDA graph warmup complete
ggml_backend_cuda_graph_compute: CUDA graph warmup complete
prefill staging: layer=6 tokens=1 unique=10 runs=30 bytes=22.2 MiB
prefill staging: layer=6 barrier_us=4678 (total barriers=205 experts=36624 bytes=83834.3 MiB time=17.270 s)
ggml_backend_cuda_graph_compute: CUDA graph warmup complete
prefill staging: layer=6 tokens=1 unique=10 runs=30 bytes=22.2 MiB
prefill staging: layer=6 barrier_us=4189 (total barriers=206 experts=36634 bytes=83856.5 MiB time=17.274 s)
ggml_backend_cuda_graph_compute: CUDA graph warmup complete
ggml_backend_cuda_graph_compute: CUDA graph warmup complete
prefill staging: layer=7 tokens=1 unique=10 runs=30 bytes=22.2 MiB
prefill staging: layer=7 barrier_us=5211 (total barriers=207 experts=36644 bytes=83878.7 MiB time=17.279 s)
ggml_backend_cuda_graph_compute: CUDA graph warmup complete
prefill staging: layer=7 tokens=1 unique=10 runs=30 bytes=22.2 MiB
prefill staging: layer=7 barrier_us=4949 (total barriers=208 experts=36654 bytes=83900.9 MiB time=17.284 s)
ggml_backend_cuda_graph_compute: CUDA graph warmup complete
ggml_backend_cuda_graph_compute: CUDA graph warmup complete
prefill staging: layer=8 tokens=1 unique=10 runs=30 bytes=22.2 MiB
prefill staging: layer=8 barrier_us=4659 (total barriers=209 experts=36664 bytes=83923.1 MiB time=17.289 s)
ggml_backend_cuda_graph_compute: CUDA graph warmup complete
prefill staging: layer=8 tokens=1 unique=10 runs=30 bytes=22.2 MiB
prefill staging: layer=8 barrier_us=4837 (total barriers=210 experts=36674 bytes=83945.4 MiB time=17.294 s)
ggml_backend_cuda_graph_compute: CUDA graph warmup complete
ggml_backend_cuda_graph_compute: CUDA graph warmup complete
prefill staging: layer=9 tokens=1 unique=10 runs=30 bytes=22.2 MiB
prefill staging: layer=9 barrier_us=4093 (total barriers=211 experts=36684 bytes=83967.6 MiB time=17.298 s)
ggml_backend_cuda_graph_compute: CUDA graph warmup complete
prefill staging: layer=9 tokens=1 unique=10 runs=30 bytes=22.2 MiB
prefill staging: layer=9 barrier_us=4286 (total barriers=212 experts=36694 bytes=83989.8 MiB time=17.302 s)
ggml_backend_cuda_graph_compute: CUDA graph warmup complete
ggml_backend_cuda_graph_compute: CUDA graph warmup complete
prefill staging: layer=10 tokens=1 unique=10 runs=30 bytes=22.2 MiB
prefill staging: layer=10 barrier_us=5133 (total barriers=213 experts=36704 bytes=84012.0 MiB time=17.307 s)
ggml_backend_cuda_graph_compute: CUDA graph warmup complete
prefill staging: layer=10 tokens=1 unique=10 runs=30 bytes=22.2 MiB
prefill staging: layer=10 barrier_us=3961 (total barriers=214 experts=36714 bytes=84034.2 MiB time=17.311 s)
ggml_backend_cuda_graph_compute: CUDA graph warmup complete
ggml_backend_cuda_graph_compute: CUDA graph warmup complete
prefill staging: layer=11 tokens=1 unique=10 runs=27 bytes=22.2 MiB
prefill staging: layer=11 barrier_us=5679 (total barriers=215 experts=36724 bytes=84056.4 MiB time=17.317 s)
ggml_backend_cuda_graph_compute: CUDA graph warmup complete
prefill staging: layer=11 tokens=1 unique=10 runs=27 bytes=22.2 MiB
prefill staging: layer=11 barrier_us=3740 (total barriers=216 experts=36734 bytes=84078.7 MiB time=17.321 s)
ggml_backend_cuda_graph_compute: CUDA graph warmup complete
ggml_backend_cuda_graph_compute: CUDA graph warmup complete
prefill staging: layer=12 tokens=1 unique=10 runs=30 bytes=22.2 MiB
prefill staging: layer=12 barrier_us=5947 (total barriers=217 experts=36744 bytes=84100.9 MiB time=17.326 s)
ggml_backend_cuda_graph_compute: CUDA graph warmup complete
prefill staging: layer=12 tokens=1 unique=10 runs=30 bytes=22.2 MiB
prefill staging: layer=12 barrier_us=3893 (total barriers=218 experts=36754 bytes=84123.1 MiB time=17.330 s)
ggml_backend_cuda_graph_compute: CUDA graph warmup complete
ggml_backend_cuda_graph_compute: CUDA graph warmup complete
prefill staging: layer=13 tokens=1 unique=10 runs=30 bytes=22.2 MiB
prefill staging: layer=13 barrier_us=4654 (total barriers=219 experts=36764 bytes=84145.3 MiB time=17.335 s)
ggml_backend_cuda_graph_compute: CUDA graph warmup complete
prefill staging: layer=13 tokens=1 unique=10 runs=30 bytes=22.2 MiB
prefill staging: layer=13 barrier_us=4678 (total barriers=220 experts=36774 bytes=84167.5 MiB time=17.340 s)
ggml_backend_cuda_graph_compute: CUDA graph warmup complete
ggml_backend_cuda_graph_compute: CUDA graph warmup complete
prefill staging: layer=14 tokens=1 unique=10 runs=30 bytes=22.2 MiB
prefill staging: layer=14 barrier_us=3692 (total barriers=221 experts=36784 bytes=84189.7 MiB time=17.343 s)
ggml_backend_cuda_graph_compute: CUDA graph warmup complete
prefill staging: layer=14 tokens=1 unique=10 runs=30 bytes=22.2 MiB
prefill staging: layer=14 barrier_us=3751 (total barriers=222 experts=36794 bytes=84212.0 MiB time=17.347 s)
ggml_backend_cuda_graph_compute: CUDA graph warmup complete
ggml_backend_cuda_graph_compute: CUDA graph warmup complete
prefill staging: layer=15 tokens=1 unique=10 runs=30 bytes=22.2 MiB
prefill staging: layer=15 barrier_us=4169 (total barriers=223 experts=36804 bytes=84234.2 MiB time=17.351 s)
ggml_backend_cuda_graph_compute: CUDA graph warmup complete
prefill staging: layer=15 tokens=1 unique=10 runs=30 bytes=22.2 MiB
prefill staging: layer=15 barrier_us=4839 (total barriers=224 experts=36814 bytes=84256.4 MiB time=17.356 s)
ggml_backend_cuda_graph_compute: CUDA graph warmup complete
ggml_backend_cuda_graph_compute: CUDA graph warmup complete
prefill staging: layer=16 tokens=1 unique=10 runs=30 bytes=22.2 MiB
prefill staging: layer=16 barrier_us=4353 (total barriers=225 experts=36824 bytes=84278.6 MiB time=17.360 s)
ggml_backend_cuda_graph_compute: CUDA graph warmup complete
prefill staging: layer=16 tokens=1 unique=10 runs=30 bytes=22.2 MiB
prefill staging: layer=16 barrier_us=4415 (total barriers=226 experts=36834 bytes=84300.8 MiB time=17.365 s)
ggml_backend_cuda_graph_compute: CUDA graph warmup complete
ggml_backend_cuda_graph_compute: CUDA graph warmup complete
prefill staging: layer=17 tokens=1 unique=10 runs=30 bytes=22.2 MiB
prefill staging: layer=17 barrier_us=5745 (total barriers=227 experts=36844 bytes=84323.0 MiB time=17.371 s)
ggml_backend_cuda_graph_compute: CUDA graph warmup complete
prefill staging: layer=17 tokens=1 unique=10 runs=30 bytes=22.2 MiB
prefill staging: layer=17 barrier_us=4229 (total barriers=228 experts=36854 bytes=84345.3 MiB time=17.375 s)
ggml_backend_cuda_graph_compute: CUDA graph warmup complete
ggml_backend_cuda_graph_compute: CUDA graph warmup complete
prefill staging: layer=18 tokens=1 unique=10 runs=30 bytes=22.2 MiB
prefill staging: layer=18 barrier_us=4945 (total barriers=229 experts=36864 bytes=84367.5 MiB time=17.380 s)
ggml_backend_cuda_graph_compute: CUDA graph warmup complete
prefill staging: layer=18 tokens=1 unique=10 runs=30 bytes=22.2 MiB
prefill staging: layer=18 barrier_us=3488 (total barriers=230 experts=36874 bytes=84389.7 MiB time=17.383 s)
ggml_backend_cuda_graph_compute: CUDA graph warmup complete
ggml_backend_cuda_graph_compute: CUDA graph warmup complete
prefill staging: layer=19 tokens=1 unique=10 runs=30 bytes=22.2 MiB
prefill staging: layer=19 barrier_us=3467 (total barriers=231 experts=36884 bytes=84411.9 MiB time=17.387 s)
ggml_backend_cuda_graph_compute: CUDA graph warmup complete
prefill staging: layer=19 tokens=1 unique=10 runs=30 bytes=22.2 MiB
prefill staging: layer=19 barrier_us=4696 (total barriers=232 experts=36894 bytes=84434.1 MiB time=17.391 s)
ggml_backend_cuda_graph_compute: CUDA graph warmup complete
ggml_backend_cuda_graph_compute: CUDA graph warmup complete
prefill staging: layer=20 tokens=1 unique=10 runs=30 bytes=22.2 MiB
prefill staging: layer=20 barrier_us=4965 (total barriers=233 experts=36904 bytes=84456.3 MiB time=17.396 s)
ggml_backend_cuda_graph_compute: CUDA graph warmup complete
prefill staging: layer=20 tokens=1 unique=10 runs=30 bytes=22.2 MiB
prefill staging: layer=20 barrier_us=3938 (total barriers=234 experts=36914 bytes=84478.6 MiB time=17.400 s)
ggml_backend_cuda_graph_compute: CUDA graph warmup complete
ggml_backend_cuda_graph_compute: CUDA graph warmup complete
prefill staging: layer=21 tokens=1 unique=10 runs=30 bytes=22.2 MiB
prefill staging: layer=21 barrier_us=3635 (total barriers=235 experts=36924 bytes=84500.8 MiB time=17.404 s)
ggml_backend_cuda_graph_compute: CUDA graph warmup complete
prefill staging: layer=21 tokens=1 unique=10 runs=30 bytes=22.2 MiB
prefill staging: layer=21 barrier_us=4880 (total barriers=236 experts=36934 bytes=84523.0 MiB time=17.409 s)
ggml_backend_cuda_graph_compute: CUDA graph warmup complete
ggml_backend_cuda_graph_compute: CUDA graph warmup complete
prefill staging: layer=22 tokens=1 unique=10 runs=30 bytes=22.2 MiB
prefill staging: layer=22 barrier_us=5046 (total barriers=237 experts=36944 bytes=84545.2 MiB time=17.414 s)
ggml_backend_cuda_graph_compute: CUDA graph warmup complete
prefill staging: layer=22 tokens=1 unique=10 runs=30 bytes=22.2 MiB
prefill staging: layer=22 barrier_us=4688 (total barriers=238 experts=36954 bytes=84567.4 MiB time=17.419 s)
ggml_backend_cuda_graph_compute: CUDA graph warmup complete
ggml_backend_cuda_graph_compute: CUDA graph warmup complete
prefill staging: layer=23 tokens=1 unique=10 runs=27 bytes=22.2 MiB
prefill staging: layer=23 barrier_us=5197 (total barriers=239 experts=36964 bytes=84589.6 MiB time=17.424 s)
ggml_backend_cuda_graph_compute: CUDA graph warmup complete
prefill staging: layer=23 tokens=1 unique=10 runs=27 bytes=22.2 MiB
prefill staging: layer=23 barrier_us=4219 (total barriers=240 experts=36974 bytes=84611.9 MiB time=17.428 s)
ggml_backend_cuda_graph_compute: CUDA graph warmup complete
ggml_backend_cuda_graph_compute: CUDA graph warmup complete
prefill staging: layer=24 tokens=1 unique=10 runs=30 bytes=22.2 MiB
prefill staging: layer=24 barrier_us=5564 (total barriers=241 experts=36984 bytes=84634.1 MiB time=17.434 s)
ggml_backend_cuda_graph_compute: CUDA graph warmup complete
prefill staging: layer=24 tokens=1 unique=10 runs=30 bytes=22.2 MiB
prefill staging: layer=24 barrier_us=4234 (total barriers=242 experts=36994 bytes=84656.3 MiB time=17.438 s)
ggml_backend_cuda_graph_compute: CUDA graph warmup complete
ggml_backend_cuda_graph_compute: CUDA graph warmup complete
prefill staging: layer=25 tokens=1 unique=10 runs=30 bytes=22.2 MiB
prefill staging: layer=25 barrier_us=4752 (total barriers=243 experts=37004 bytes=84678.5 MiB time=17.443 s)
ggml_backend_cuda_graph_compute: CUDA graph warmup complete
prefill staging: layer=25 tokens=1 unique=10 runs=30 bytes=22.2 MiB
prefill staging: layer=25 barrier_us=4135 (total barriers=244 experts=37014 bytes=84700.7 MiB time=17.447 s)
ggml_backend_cuda_graph_compute: CUDA graph warmup complete
ggml_backend_cuda_graph_compute: CUDA graph warmup complete
prefill staging: layer=26 tokens=1 unique=10 runs=30 bytes=22.2 MiB
prefill staging: layer=26 barrier_us=5082 (total barriers=245 experts=37024 bytes=84722.9 MiB time=17.452 s)
ggml_backend_cuda_graph_compute: CUDA graph warmup complete
prefill staging: layer=26 tokens=1 unique=10 runs=30 bytes=22.2 MiB
prefill staging: layer=26 barrier_us=3681 (total barriers=246 experts=37034 bytes=84745.2 MiB time=17.455 s)
ggml_backend_cuda_graph_compute: CUDA graph warmup complete
ggml_backend_cuda_graph_compute: CUDA graph warmup complete
prefill staging: layer=27 tokens=1 unique=10 runs=30 bytes=22.2 MiB
prefill staging: layer=27 barrier_us=5325 (total barriers=247 experts=37044 bytes=84767.4 MiB time=17.461 s)
ggml_backend_cuda_graph_compute: CUDA graph warmup complete
prefill staging: layer=27 tokens=1 unique=10 runs=30 bytes=22.2 MiB
prefill staging: layer=27 barrier_us=4374 (total barriers=248 experts=37054 bytes=84789.6 MiB time=17.465 s)
ggml_backend_cuda_graph_compute: CUDA graph warmup complete
ggml_backend_cuda_graph_compute: CUDA graph warmup complete
prefill staging: layer=28 tokens=1 unique=10 runs=30 bytes=22.2 MiB
prefill staging: layer=28 barrier_us=5043 (total barriers=249 experts=37064 bytes=84811.8 MiB time=17.470 s)
ggml_backend_cuda_graph_compute: CUDA graph warmup complete
prefill staging: layer=28 tokens=1 unique=10 runs=30 bytes=22.2 MiB
prefill staging: layer=28 barrier_us=3944 (total barriers=250 experts=37074 bytes=84834.0 MiB time=17.474 s)
ggml_backend_cuda_graph_compute: CUDA graph warmup complete
ggml_backend_cuda_graph_compute: CUDA graph warmup complete
prefill staging: layer=29 tokens=1 unique=10 runs=30 bytes=22.2 MiB
prefill staging: layer=29 barrier_us=5480 (total barriers=251 experts=37084 bytes=84856.2 MiB time=17.480 s)
ggml_backend_cuda_graph_compute: CUDA graph warmup complete
prefill staging: layer=29 tokens=1 unique=10 runs=30 bytes=22.2 MiB
prefill staging: layer=29 barrier_us=3890 (total barriers=252 experts=37094 bytes=84878.5 MiB time=17.484 s)
ggml_backend_cuda_graph_compute: CUDA graph warmup complete
ggml_backend_cuda_graph_compute: CUDA graph warmup complete
prefill staging: layer=30 tokens=1 unique=10 runs=27 bytes=30.0 MiB
prefill staging: layer=30 barrier_us=5798 (total barriers=253 experts=37104 bytes=84908.5 MiB time=17.489 s)
ggml_backend_cuda_graph_compute: CUDA graph warmup complete
prefill staging: layer=30 tokens=1 unique=10 runs=27 bytes=30.0 MiB
prefill staging: layer=30 barrier_us=4838 (total barriers=254 experts=37114 bytes=84938.5 MiB time=17.494 s)
ggml_backend_cuda_graph_compute: CUDA graph warmup complete
ggml_backend_cuda_graph_compute: CUDA graph warmup complete
prefill staging: layer=31 tokens=1 unique=10 runs=30 bytes=22.2 MiB
prefill staging: layer=31 barrier_us=5230 (total barriers=255 experts=37124 bytes=84960.7 MiB time=17.499 s)
ggml_backend_cuda_graph_compute: CUDA graph warmup complete
prefill staging: layer=31 tokens=1 unique=10 runs=30 bytes=22.2 MiB
prefill staging: layer=31 barrier_us=4609 (total barriers=256 experts=37134 bytes=84983.0 MiB time=17.504 s)
ggml_backend_cuda_graph_compute: CUDA graph warmup complete
ggml_backend_cuda_graph_compute: CUDA graph warmup complete
prefill staging: layer=32 tokens=1 unique=10 runs=30 bytes=22.2 MiB
prefill staging: layer=32 barrier_us=3787 (total barriers=257 experts=37144 bytes=85005.2 MiB time=17.508 s)
ggml_backend_cuda_graph_compute: CUDA graph warmup complete
prefill staging: layer=32 tokens=1 unique=10 runs=30 bytes=22.2 MiB
prefill staging: layer=32 barrier_us=4584 (total barriers=258 experts=37154 bytes=85027.4 MiB time=17.512 s)
ggml_backend_cuda_graph_compute: CUDA graph warmup complete
ggml_backend_cuda_graph_compute: CUDA graph warmup complete
prefill staging: layer=33 tokens=1 unique=10 runs=30 bytes=22.2 MiB
prefill staging: layer=33 barrier_us=4928 (total barriers=259 experts=37164 bytes=85049.6 MiB time=17.517 s)
ggml_backend_cuda_graph_compute: CUDA graph warmup complete
prefill staging: layer=33 tokens=1 unique=10 runs=30 bytes=22.2 MiB
prefill staging: layer=33 barrier_us=4823 (total barriers=260 experts=37174 bytes=85071.8 MiB time=17.522 s)
ggml_backend_cuda_graph_compute: CUDA graph warmup complete
ggml_backend_cuda_graph_compute: CUDA graph warmup complete
prefill staging: layer=34 tokens=1 unique=10 runs=27 bytes=22.2 MiB
prefill staging: layer=34 barrier_us=5456 (total barriers=261 experts=37184 bytes=85094.0 MiB time=17.528 s)
ggml_backend_cuda_graph_compute: CUDA graph warmup complete
prefill staging: layer=34 tokens=1 unique=10 runs=27 bytes=22.2 MiB
prefill staging: layer=34 barrier_us=4393 (total barriers=262 experts=37194 bytes=85116.3 MiB time=17.532 s)
ggml_backend_cuda_graph_compute: CUDA graph warmup complete
ggml_backend_cuda_graph_compute: CUDA graph warmup complete
prefill staging: layer=35 tokens=1 unique=10 runs=27 bytes=22.2 MiB
prefill staging: layer=35 barrier_us=5591 (total barriers=263 experts=37204 bytes=85138.5 MiB time=17.538 s)
ggml_backend_cuda_graph_compute: CUDA graph warmup complete
prefill staging: layer=35 tokens=1 unique=10 runs=27 bytes=22.2 MiB
prefill staging: layer=35 barrier_us=4492 (total barriers=264 experts=37214 bytes=85160.7 MiB time=17.542 s)
ggml_backend_cuda_graph_compute: CUDA graph warmup complete
ggml_backend_cuda_graph_compute: CUDA graph warmup complete
prefill staging: layer=36 tokens=1 unique=10 runs=30 bytes=22.2 MiB
prefill staging: layer=36 barrier_us=5679 (total barriers=265 experts=37224 bytes=85182.9 MiB time=17.548 s)
ggml_backend_cuda_graph_compute: CUDA graph warmup complete
prefill staging: layer=36 tokens=1 unique=10 runs=30 bytes=22.2 MiB
prefill staging: layer=36 barrier_us=3250 (total barriers=266 experts=37234 bytes=85205.1 MiB time=17.551 s)
ggml_backend_cuda_graph_compute: CUDA graph warmup complete
ggml_backend_cuda_graph_compute: CUDA graph warmup complete
prefill staging: layer=37 tokens=1 unique=10 runs=30 bytes=22.2 MiB
prefill staging: layer=37 barrier_us=5679 (total barriers=267 experts=37244 bytes=85227.3 MiB time=17.557 s)
ggml_backend_cuda_graph_compute: CUDA graph warmup complete
prefill staging: layer=37 tokens=1 unique=10 runs=30 bytes=22.2 MiB
prefill staging: layer=37 barrier_us=4322 (total barriers=268 experts=37254 bytes=85249.6 MiB time=17.561 s)
ggml_backend_cuda_graph_compute: CUDA graph warmup complete
ggml_backend_cuda_graph_compute: CUDA graph warmup complete
prefill staging: layer=38 tokens=1 unique=10 runs=30 bytes=22.2 MiB
prefill staging: layer=38 barrier_us=5414 (total barriers=269 experts=37264 bytes=85271.8 MiB time=17.566 s)
ggml_backend_cuda_graph_compute: CUDA graph warmup complete
prefill staging: layer=38 tokens=1 unique=10 runs=30 bytes=22.2 MiB
prefill staging: layer=38 barrier_us=3417 (total barriers=270 experts=37274 bytes=85294.0 MiB time=17.570 s)
ggml_backend_cuda_graph_compute: CUDA graph warmup complete
ggml_backend_cuda_graph_compute: CUDA graph warmup complete
prefill staging: layer=39 tokens=1 unique=10 runs=30 bytes=22.2 MiB
prefill staging: layer=39 barrier_us=3655 (total barriers=271 experts=37284 bytes=85316.2 MiB time=17.573 s)
ggml_backend_cuda_graph_compute: CUDA graph warmup complete
prefill staging: layer=39 tokens=1 unique=10 runs=30 bytes=22.2 MiB
prefill staging: layer=39 barrier_us=4537 (total barriers=272 experts=37294 bytes=85338.4 MiB time=17.578 s)
ggml_backend_cuda_graph_compute: CUDA graph warmup complete
ggml_backend_cuda_graph_compute: CUDA graph warmup complete
prefill staging: layer=40 tokens=1 unique=10 runs=30 bytes=22.2 MiB
prefill staging: layer=40 barrier_us=3449 (total barriers=273 experts=37304 bytes=85360.6 MiB time=17.581 s)
ggml_backend_cuda_graph_compute: CUDA graph warmup complete
prefill staging: layer=40 tokens=1 unique=10 runs=30 bytes=22.2 MiB
prefill staging: layer=40 barrier_us=4988 (total barriers=274 experts=37314 bytes=85382.9 MiB time=17.586 s)
ggml_backend_cuda_graph_compute: CUDA graph warmup complete
ggml_backend_cuda_graph_compute: CUDA graph warmup complete
prefill staging: layer=41 tokens=1 unique=10 runs=30 bytes=22.2 MiB
prefill staging: layer=41 barrier_us=4675 (total barriers=275 experts=37324 bytes=85405.1 MiB time=17.591 s)
ggml_backend_cuda_graph_compute: CUDA graph warmup complete
prefill staging: layer=41 tokens=1 unique=10 runs=30 bytes=22.2 MiB
prefill staging: layer=41 barrier_us=3784 (total barriers=276 experts=37334 bytes=85427.3 MiB time=17.595 s)
ggml_backend_cuda_graph_compute: CUDA graph warmup complete
ggml_backend_cuda_graph_compute: CUDA graph warmup complete
prefill staging: layer=42 tokens=1 unique=10 runs=30 bytes=22.2 MiB
prefill staging: layer=42 barrier_us=4223 (total barriers=277 experts=37344 bytes=85449.5 MiB time=17.599 s)
ggml_backend_cuda_graph_compute: CUDA graph warmup complete
prefill staging: layer=42 tokens=1 unique=10 runs=30 bytes=22.2 MiB
prefill staging: layer=42 barrier_us=3547 (total barriers=278 experts=37354 bytes=85471.7 MiB time=17.603 s)
ggml_backend_cuda_graph_compute: CUDA graph warmup complete
ggml_backend_cuda_graph_compute: CUDA graph warmup complete
prefill staging: layer=43 tokens=1 unique=10 runs=24 bytes=22.2 MiB
prefill staging: layer=43 barrier_us=3828 (total barriers=279 experts=37364 bytes=85493.9 MiB time=17.607 s)
ggml_backend_cuda_graph_compute: CUDA graph warmup complete
prefill staging: layer=43 tokens=1 unique=10 runs=24 bytes=22.2 MiB
prefill staging: layer=43 barrier_us=4176 (total barriers=280 experts=37374 bytes=85516.2 MiB time=17.611 s)
ggml_backend_cuda_graph_compute: CUDA graph warmup complete
ggml_backend_cuda_graph_compute: CUDA graph warmup complete
prefill staging: layer=44 tokens=1 unique=10 runs=30 bytes=22.2 MiB
prefill staging: layer=44 barrier_us=4893 (total barriers=281 experts=37384 bytes=85538.4 MiB time=17.616 s)
ggml_backend_cuda_graph_compute: CUDA graph warmup complete
prefill staging: layer=44 tokens=1 unique=10 runs=30 bytes=22.2 MiB
prefill staging: layer=44 barrier_us=4459 (total barriers=282 experts=37394 bytes=85560.6 MiB time=17.620 s)
ggml_backend_cuda_graph_compute: CUDA graph warmup complete
ggml_backend_cuda_graph_compute: CUDA graph warmup complete
prefill staging: layer=45 tokens=1 unique=10 runs=27 bytes=22.2 MiB
prefill staging: layer=45 barrier_us=3615 (total barriers=283 experts=37404 bytes=85582.8 MiB time=17.624 s)
ggml_backend_cuda_graph_compute: CUDA graph warmup complete
prefill staging: layer=45 tokens=1 unique=10 runs=27 bytes=22.2 MiB
prefill staging: layer=45 barrier_us=4244 (total barriers=284 experts=37414 bytes=85605.0 MiB time=17.628 s)
ggml_backend_cuda_graph_compute: CUDA graph warmup complete
ggml_backend_cuda_graph_compute: CUDA graph warmup complete
prefill staging: layer=46 tokens=1 unique=10 runs=27 bytes=30.0 MiB
prefill staging: layer=46 barrier_us=4947 (total barriers=285 experts=37424 bytes=85635.1 MiB time=17.633 s)
ggml_backend_cuda_graph_compute: CUDA graph warmup complete
prefill staging: layer=46 tokens=1 unique=10 runs=27 bytes=30.0 MiB
prefill staging: layer=46 barrier_us=4599 (total barriers=286 experts=37434 bytes=85665.1 MiB time=17.637 s)
ggml_backend_cuda_graph_compute: CUDA graph warmup complete
ggml_backend_cuda_graph_compute: CUDA graph warmup complete
prefill staging: layer=47 tokens=1 unique=10 runs=27 bytes=30.0 MiB
prefill staging: layer=47 barrier_us=10568 (total barriers=287 experts=37444 bytes=85695.1 MiB time=17.648 s)
ggml_backend_cuda_graph_compute: CUDA graph warmup complete
prefill staging: layer=47 tokens=1 unique=10 runs=27 bytes=30.0 MiB
prefill staging: layer=47 barrier_us=4023 (total barriers=288 experts=37454 bytes=85725.1 MiB time=17.652 s)
ggml_backend_cuda_graph_compute: CUDA graph warmup complete
ggml_backend_cuda_graph_compute: CUDA graph warmup complete
prefill staging: layer=0 tokens=1 unique=10 runs=30 bytes=22.2 MiB
prefill staging: layer=0 barrier_us=8639 (total barriers=289 experts=37464 bytes=85747.4 MiB time=17.661 s)
prefill staging: layer=0 tokens=1 unique=10 runs=30 bytes=22.2 MiB
prefill staging: layer=0 barrier_us=4256 (total barriers=290 experts=37474 bytes=85769.6 MiB time=17.665 s)
prefill staging: layer=1 tokens=1 unique=10 runs=30 bytes=22.2 MiB
prefill staging: layer=1 barrier_us=4922 (total barriers=291 experts=37484 bytes=85791.8 MiB time=17.670 s)
prefill staging: layer=1 tokens=1 unique=10 runs=30 bytes=22.2 MiB
prefill staging: layer=1 barrier_us=3815 (total barriers=292 experts=37494 bytes=85814.0 MiB time=17.674 s)
prefill staging: layer=2 tokens=1 unique=10 runs=27 bytes=33.2 MiB
prefill staging: layer=2 barrier_us=5395 (total barriers=293 experts=37504 bytes=85847.2 MiB time=17.679 s)
prefill staging: layer=2 tokens=1 unique=10 runs=27 bytes=33.2 MiB
prefill staging: layer=2 barrier_us=5444 (total barriers=294 experts=37514 bytes=85880.4 MiB time=17.684 s)
prefill staging: layer=3 tokens=1 unique=10 runs=30 bytes=22.2 MiB
prefill staging: layer=3 barrier_us=4900 (total barriers=295 experts=37524 bytes=85902.6 MiB time=17.689 s)
prefill staging: layer=3 tokens=1 unique=10 runs=30 bytes=22.2 MiB
prefill staging: layer=3 barrier_us=4179 (total barriers=296 experts=37534 bytes=85924.9 MiB time=17.694 s)
prefill staging: layer=4 tokens=1 unique=10 runs=27 bytes=30.0 MiB
prefill staging: layer=4 barrier_us=4353 (total barriers=297 experts=37544 bytes=85954.9 MiB time=17.698 s)
prefill staging: layer=4 tokens=1 unique=10 runs=27 bytes=30.0 MiB
prefill staging: layer=4 barrier_us=4298 (total barriers=298 experts=37554 bytes=85984.9 MiB time=17.702 s)
prefill staging: layer=5 tokens=1 unique=10 runs=27 bytes=22.2 MiB
prefill staging: layer=5 barrier_us=4864 (total barriers=299 experts=37564 bytes=86007.1 MiB time=17.707 s)
prefill staging: layer=5 tokens=1 unique=10 runs=27 bytes=22.2 MiB
prefill staging: layer=5 barrier_us=4347 (total barriers=300 experts=37574 bytes=86029.3 MiB time=17.711 s)
prefill staging: layer=6 tokens=1 unique=10 runs=30 bytes=22.2 MiB
prefill staging: layer=6 barrier_us=5327 (total barriers=301 experts=37584 bytes=86051.6 MiB time=17.717 s)
prefill staging: layer=6 tokens=1 unique=10 runs=30 bytes=22.2 MiB
prefill staging: layer=6 barrier_us=4025 (total barriers=302 experts=37594 bytes=86073.8 MiB time=17.721 s)
prefill staging: layer=7 tokens=1 unique=10 runs=30 bytes=22.2 MiB
prefill staging: layer=7 barrier_us=4950 (total barriers=303 experts=37604 bytes=86096.0 MiB time=17.726 s)
prefill staging: layer=7 tokens=1 unique=10 runs=30 bytes=22.2 MiB
prefill staging: layer=7 barrier_us=4297 (total barriers=304 experts=37614 bytes=86118.2 MiB time=17.730 s)
prefill staging: layer=8 tokens=1 unique=10 runs=30 bytes=22.2 MiB
prefill staging: layer=8 barrier_us=3763 (total barriers=305 experts=37624 bytes=86140.4 MiB time=17.734 s)
prefill staging: layer=8 tokens=1 unique=10 runs=30 bytes=22.2 MiB
prefill staging: layer=8 barrier_us=3844 (total barriers=306 experts=37634 bytes=86162.6 MiB time=17.738 s)
prefill staging: layer=9 tokens=1 unique=10 runs=30 bytes=22.2 MiB
prefill staging: layer=9 barrier_us=4787 (total barriers=307 experts=37644 bytes=86184.9 MiB time=17.742 s)
prefill staging: layer=9 tokens=1 unique=10 runs=30 bytes=22.2 MiB
prefill staging: layer=9 barrier_us=3975 (total barriers=308 experts=37654 bytes=86207.1 MiB time=17.746 s)
prefill staging: layer=10 tokens=1 unique=10 runs=30 bytes=22.2 MiB
prefill staging: layer=10 barrier_us=5698 (total barriers=309 experts=37664 bytes=86229.3 MiB time=17.752 s)
prefill staging: layer=10 tokens=1 unique=10 runs=30 bytes=22.2 MiB
prefill staging: layer=10 barrier_us=3445 (total barriers=310 experts=37674 bytes=86251.5 MiB time=17.756 s)
prefill staging: layer=11 tokens=1 unique=10 runs=27 bytes=22.2 MiB
prefill staging: layer=11 barrier_us=3848 (total barriers=311 experts=37684 bytes=86273.7 MiB time=17.759 s)
prefill staging: layer=11 tokens=1 unique=10 runs=27 bytes=22.2 MiB
prefill staging: layer=11 barrier_us=4069 (total barriers=312 experts=37694 bytes=86295.9 MiB time=17.763 s)
prefill staging: layer=12 tokens=1 unique=10 runs=30 bytes=22.2 MiB
prefill staging: layer=12 barrier_us=4177 (total barriers=313 experts=37704 bytes=86318.2 MiB time=17.768 s)
prefill staging: layer=12 tokens=1 unique=10 runs=30 bytes=22.2 MiB
prefill staging: layer=12 barrier_us=4854 (total barriers=314 experts=37714 bytes=86340.4 MiB time=17.772 s)
prefill staging: layer=13 tokens=1 unique=10 runs=30 bytes=22.2 MiB
prefill staging: layer=13 barrier_us=5156 (total barriers=315 experts=37724 bytes=86362.6 MiB time=17.778 s)
prefill staging: layer=13 tokens=1 unique=10 runs=30 bytes=22.2 MiB
prefill staging: layer=13 barrier_us=4877 (total barriers=316 experts=37734 bytes=86384.8 MiB time=17.783 s)
prefill staging: layer=14 tokens=1 unique=10 runs=30 bytes=22.2 MiB
prefill staging: layer=14 barrier_us=5603 (total barriers=317 experts=37744 bytes=86407.0 MiB time=17.788 s)
prefill staging: layer=14 tokens=1 unique=10 runs=30 bytes=22.2 MiB
prefill staging: layer=14 barrier_us=4247 (total barriers=318 experts=37754 bytes=86429.2 MiB time=17.792 s)
prefill staging: layer=15 tokens=1 unique=10 runs=30 bytes=22.2 MiB
prefill staging: layer=15 barrier_us=5134 (total barriers=319 experts=37764 bytes=86451.5 MiB time=17.798 s)
prefill staging: layer=15 tokens=1 unique=10 runs=30 bytes=22.2 MiB
prefill staging: layer=15 barrier_us=4049 (total barriers=320 experts=37774 bytes=86473.7 MiB time=17.802 s)
prefill staging: layer=16 tokens=1 unique=10 runs=30 bytes=22.2 MiB
prefill staging: layer=16 barrier_us=4890 (total barriers=321 experts=37784 bytes=86495.9 MiB time=17.806 s)
prefill staging: layer=16 tokens=1 unique=10 runs=30 bytes=22.2 MiB
prefill staging: layer=16 barrier_us=2975 (total barriers=322 experts=37794 bytes=86518.1 MiB time=17.809 s)
prefill staging: layer=17 tokens=1 unique=10 runs=30 bytes=22.2 MiB
prefill staging: layer=17 barrier_us=5044 (total barriers=323 experts=37804 bytes=86540.3 MiB time=17.814 s)
prefill staging: layer=17 tokens=1 unique=10 runs=30 bytes=22.2 MiB
prefill staging: layer=17 barrier_us=4002 (total barriers=324 experts=37814 bytes=86562.5 MiB time=17.818 s)
prefill staging: layer=18 tokens=1 unique=10 runs=27 bytes=22.2 MiB
prefill staging: layer=18 barrier_us=4024 (total barriers=325 experts=37824 bytes=86584.8 MiB time=17.822 s)
prefill staging: layer=18 tokens=1 unique=10 runs=27 bytes=22.2 MiB
prefill staging: layer=18 barrier_us=4738 (total barriers=326 experts=37834 bytes=86607.0 MiB time=17.827 s)
prefill staging: layer=19 tokens=1 unique=10 runs=30 bytes=22.2 MiB
prefill staging: layer=19 barrier_us=4881 (total barriers=327 experts=37844 bytes=86629.2 MiB time=17.832 s)
prefill staging: layer=19 tokens=1 unique=10 runs=30 bytes=22.2 MiB
prefill staging: layer=19 barrier_us=4280 (total barriers=328 experts=37854 bytes=86651.4 MiB time=17.836 s)
prefill staging: layer=20 tokens=1 unique=10 runs=30 bytes=22.2 MiB
prefill staging: layer=20 barrier_us=4871 (total barriers=329 experts=37864 bytes=86673.6 MiB time=17.841 s)
prefill staging: layer=20 tokens=1 unique=10 runs=30 bytes=22.2 MiB
prefill staging: layer=20 barrier_us=3972 (total barriers=330 experts=37874 bytes=86695.8 MiB time=17.845 s)
prefill staging: layer=21 tokens=1 unique=10 runs=30 bytes=22.2 MiB
prefill staging: layer=21 barrier_us=4507 (total barriers=331 experts=37884 bytes=86718.1 MiB time=17.850 s)
prefill staging: layer=21 tokens=1 unique=10 runs=30 bytes=22.2 MiB
prefill staging: layer=21 barrier_us=3524 (total barriers=332 experts=37894 bytes=86740.3 MiB time=17.853 s)
prefill staging: layer=22 tokens=1 unique=10 runs=30 bytes=22.2 MiB
prefill staging: layer=22 barrier_us=4433 (total barriers=333 experts=37904 bytes=86762.5 MiB time=17.858 s)
prefill staging: layer=22 tokens=1 unique=10 runs=30 bytes=22.2 MiB
prefill staging: layer=22 barrier_us=4996 (total barriers=334 experts=37914 bytes=86784.7 MiB time=17.863 s)
prefill staging: layer=23 tokens=1 unique=10 runs=30 bytes=22.2 MiB
prefill staging: layer=23 barrier_us=4498 (total barriers=335 experts=37924 bytes=86806.9 MiB time=17.867 s)
prefill staging: layer=23 tokens=1 unique=10 runs=30 bytes=22.2 MiB
prefill staging: layer=23 barrier_us=5842 (total barriers=336 experts=37934 bytes=86829.2 MiB time=17.873 s)
prefill staging: layer=24 tokens=1 unique=10 runs=30 bytes=22.2 MiB
prefill staging: layer=24 barrier_us=5260 (total barriers=337 experts=37944 bytes=86851.4 MiB time=17.878 s)
prefill staging: layer=24 tokens=1 unique=10 runs=30 bytes=22.2 MiB
prefill staging: layer=24 barrier_us=4422 (total barriers=338 experts=37954 bytes=86873.6 MiB time=17.883 s)
prefill staging: layer=25 tokens=1 unique=10 runs=30 bytes=22.2 MiB
prefill staging: layer=25 barrier_us=5281 (total barriers=339 experts=37964 bytes=86895.8 MiB time=17.888 s)
prefill staging: layer=25 tokens=1 unique=10 runs=30 bytes=22.2 MiB
prefill staging: layer=25 barrier_us=3269 (total barriers=340 experts=37974 bytes=86918.0 MiB time=17.891 s)
prefill staging: layer=26 tokens=1 unique=10 runs=30 bytes=22.2 MiB
prefill staging: layer=26 barrier_us=4100 (total barriers=341 experts=37984 bytes=86940.2 MiB time=17.895 s)
prefill staging: layer=26 tokens=1 unique=10 runs=30 bytes=22.2 MiB
prefill staging: layer=26 barrier_us=4711 (total barriers=342 experts=37994 bytes=86962.5 MiB time=17.900 s)
prefill staging: layer=27 tokens=1 unique=10 runs=27 bytes=22.2 MiB
prefill staging: layer=27 barrier_us=4923 (total barriers=343 experts=38004 bytes=86984.7 MiB time=17.905 s)
prefill staging: layer=27 tokens=1 unique=10 runs=27 bytes=22.2 MiB
prefill staging: layer=27 barrier_us=4010 (total barriers=344 experts=38014 bytes=87006.9 MiB time=17.909 s)
prefill staging: layer=28 tokens=1 unique=10 runs=30 bytes=22.2 MiB
prefill staging: layer=28 barrier_us=5643 (total barriers=345 experts=38024 bytes=87029.1 MiB time=17.915 s)
prefill staging: layer=28 tokens=1 unique=10 runs=30 bytes=22.2 MiB
prefill staging: layer=28 barrier_us=4491 (total barriers=346 experts=38034 bytes=87051.3 MiB time=17.919 s)
prefill staging: layer=29 tokens=1 unique=10 runs=30 bytes=22.2 MiB
prefill staging: layer=29 barrier_us=4509 (total barriers=347 experts=38044 bytes=87073.5 MiB time=17.924 s)
prefill staging: layer=29 tokens=1 unique=10 runs=30 bytes=22.2 MiB
prefill staging: layer=29 barrier_us=4626 (total barriers=348 experts=38054 bytes=87095.8 MiB time=17.928 s)
prefill staging: layer=30 tokens=1 unique=10 runs=30 bytes=30.0 MiB
prefill staging: layer=30 barrier_us=5206 (total barriers=349 experts=38064 bytes=87125.8 MiB time=17.933 s)
prefill staging: layer=30 tokens=1 unique=10 runs=30 bytes=30.0 MiB
prefill staging: layer=30 barrier_us=5884 (total barriers=350 experts=38074 bytes=87155.8 MiB time=17.939 s)
prefill staging: layer=31 tokens=1 unique=10 runs=30 bytes=22.2 MiB
prefill staging: layer=31 barrier_us=5309 (total barriers=351 experts=38084 bytes=87178.0 MiB time=17.945 s)
prefill staging: layer=31 tokens=1 unique=10 runs=30 bytes=22.2 MiB
prefill staging: layer=31 barrier_us=4450 (total barriers=352 experts=38094 bytes=87200.2 MiB time=17.949 s)
prefill staging: layer=32 tokens=1 unique=10 runs=27 bytes=22.2 MiB
prefill staging: layer=32 barrier_us=5701 (total barriers=353 experts=38104 bytes=87222.5 MiB time=17.955 s)
prefill staging: layer=32 tokens=1 unique=10 runs=27 bytes=22.2 MiB
prefill staging: layer=32 barrier_us=4005 (total barriers=354 experts=38114 bytes=87244.7 MiB time=17.959 s)
prefill staging: layer=33 tokens=1 unique=10 runs=30 bytes=22.2 MiB
prefill staging: layer=33 barrier_us=5237 (total barriers=355 experts=38124 bytes=87266.9 MiB time=17.964 s)
prefill staging: layer=33 tokens=1 unique=10 runs=30 bytes=22.2 MiB
prefill staging: layer=33 barrier_us=3440 (total barriers=356 experts=38134 bytes=87289.1 MiB time=17.968 s)
prefill staging: layer=34 tokens=1 unique=10 runs=30 bytes=22.2 MiB
prefill staging: layer=34 barrier_us=4069 (total barriers=357 experts=38144 bytes=87311.3 MiB time=17.972 s)
prefill staging: layer=34 tokens=1 unique=10 runs=30 bytes=22.2 MiB
prefill staging: layer=34 barrier_us=3797 (total barriers=358 experts=38154 bytes=87333.5 MiB time=17.975 s)
prefill staging: layer=35 tokens=1 unique=10 runs=30 bytes=22.2 MiB
prefill staging: layer=35 barrier_us=5054 (total barriers=359 experts=38164 bytes=87355.8 MiB time=17.980 s)
prefill staging: layer=35 tokens=1 unique=10 runs=30 bytes=22.2 MiB
prefill staging: layer=35 barrier_us=4334 (total barriers=360 experts=38174 bytes=87378.0 MiB time=17.985 s)
prefill staging: layer=36 tokens=1 unique=10 runs=30 bytes=22.2 MiB
prefill staging: layer=36 barrier_us=5082 (total barriers=361 experts=38184 bytes=87400.2 MiB time=17.990 s)
prefill staging: layer=36 tokens=1 unique=10 runs=30 bytes=22.2 MiB
prefill staging: layer=36 barrier_us=4755 (total barriers=362 experts=38194 bytes=87422.4 MiB time=17.995 s)
prefill staging: layer=37 tokens=1 unique=10 runs=30 bytes=22.2 MiB
prefill staging: layer=37 barrier_us=3242 (total barriers=363 experts=38204 bytes=87444.6 MiB time=17.998 s)
prefill staging: layer=37 tokens=1 unique=10 runs=30 bytes=22.2 MiB
prefill staging: layer=37 barrier_us=3479 (total barriers=364 experts=38214 bytes=87466.8 MiB time=18.001 s)
prefill staging: layer=38 tokens=1 unique=10 runs=27 bytes=22.2 MiB
prefill staging: layer=38 barrier_us=3273 (total barriers=365 experts=38224 bytes=87489.1 MiB time=18.005 s)
prefill staging: layer=38 tokens=1 unique=10 runs=27 bytes=22.2 MiB
prefill staging: layer=38 barrier_us=3110 (total barriers=366 experts=38234 bytes=87511.3 MiB time=18.008 s)
prefill staging: layer=39 tokens=1 unique=10 runs=27 bytes=22.2 MiB
prefill staging: layer=39 barrier_us=4921 (total barriers=367 experts=38244 bytes=87533.5 MiB time=18.013 s)
prefill staging: layer=39 tokens=1 unique=10 runs=27 bytes=22.2 MiB
prefill staging: layer=39 barrier_us=3387 (total barriers=368 experts=38254 bytes=87555.7 MiB time=18.016 s)
prefill staging: layer=40 tokens=1 unique=10 runs=30 bytes=22.2 MiB
prefill staging: layer=40 barrier_us=3844 (total barriers=369 experts=38264 bytes=87577.9 MiB time=18.020 s)
prefill staging: layer=40 tokens=1 unique=10 runs=30 bytes=22.2 MiB
prefill staging: layer=40 barrier_us=3203 (total barriers=370 experts=38274 bytes=87600.1 MiB time=18.023 s)
prefill staging: layer=41 tokens=1 unique=10 runs=30 bytes=22.2 MiB
prefill staging: layer=41 barrier_us=3752 (total barriers=371 experts=38284 bytes=87622.4 MiB time=18.027 s)
prefill staging: layer=41 tokens=1 unique=10 runs=30 bytes=22.2 MiB
prefill staging: layer=41 barrier_us=4717 (total barriers=372 experts=38294 bytes=87644.6 MiB time=18.032 s)
prefill staging: layer=42 tokens=1 unique=10 runs=30 bytes=22.2 MiB
prefill staging: layer=42 barrier_us=4504 (total barriers=373 experts=38304 bytes=87666.8 MiB time=18.036 s)
prefill staging: layer=42 tokens=1 unique=10 runs=30 bytes=22.2 MiB
prefill staging: layer=42 barrier_us=4868 (total barriers=374 experts=38314 bytes=87689.0 MiB time=18.041 s)
prefill staging: layer=43 tokens=1 unique=10 runs=30 bytes=22.2 MiB
prefill staging: layer=43 barrier_us=4660 (total barriers=375 experts=38324 bytes=87711.2 MiB time=18.046 s)
prefill staging: layer=43 tokens=1 unique=10 runs=30 bytes=22.2 MiB
prefill staging: layer=43 barrier_us=4415 (total barriers=376 experts=38334 bytes=87733.4 MiB time=18.050 s)
prefill staging: layer=44 tokens=1 unique=10 runs=27 bytes=22.2 MiB
prefill staging: layer=44 barrier_us=4913 (total barriers=377 experts=38344 bytes=87755.7 MiB time=18.055 s)
prefill staging: layer=44 tokens=1 unique=10 runs=27 bytes=22.2 MiB
prefill staging: layer=44 barrier_us=3892 (total barriers=378 experts=38354 bytes=87777.9 MiB time=18.059 s)
prefill staging: layer=45 tokens=1 unique=10 runs=30 bytes=22.2 MiB
prefill staging: layer=45 barrier_us=4912 (total barriers=379 experts=38364 bytes=87800.1 MiB time=18.064 s)
prefill staging: layer=45 tokens=1 unique=10 runs=30 bytes=22.2 MiB
prefill staging: layer=45 barrier_us=3605 (total barriers=380 experts=38374 bytes=87822.3 MiB time=18.067 s)
prefill staging: layer=46 tokens=1 unique=10 runs=30 bytes=30.0 MiB
prefill staging: layer=46 barrier_us=5425 (total barriers=381 experts=38384 bytes=87852.3 MiB time=18.073 s)
prefill staging: layer=46 tokens=1 unique=10 runs=30 bytes=30.0 MiB
prefill staging: layer=46 barrier_us=6422 (total barriers=382 experts=38394 bytes=87882.4 MiB time=18.079 s)
prefill staging: layer=47 tokens=1 unique=10 runs=27 bytes=30.0 MiB
prefill staging: layer=47 barrier_us=5929 (total barriers=383 experts=38404 bytes=87912.4 MiB time=18.085 s)
prefill staging: layer=47 tokens=1 unique=10 runs=27 bytes=30.0 MiB
prefill staging: layer=47 barrier_us=5996 (total barriers=384 experts=38414 bytes=87942.4 MiB time=18.091 s)
prefill staging: layer=0 tokens=1 unique=10 runs=30 bytes=22.2 MiB
prefill staging: layer=0 barrier_us=7647 (total barriers=385 experts=38424 bytes=87964.6 MiB time=18.099 s)
prefill staging: layer=0 tokens=1 unique=10 runs=30 bytes=22.2 MiB
prefill staging: layer=0 barrier_us=4573 (total barriers=386 experts=38434 bytes=87986.9 MiB time=18.103 s)
prefill staging: layer=1 tokens=1 unique=10 runs=30 bytes=22.2 MiB
prefill staging: layer=1 barrier_us=4969 (total barriers=387 experts=38444 bytes=88009.1 MiB time=18.108 s)
prefill staging: layer=1 tokens=1 unique=10 runs=30 bytes=22.2 MiB
prefill staging: layer=1 barrier_us=4019 (total barriers=388 experts=38454 bytes=88031.3 MiB time=18.112 s)
prefill staging: layer=2 tokens=1 unique=10 runs=24 bytes=33.2 MiB
prefill staging: layer=2 barrier_us=8116 (total barriers=389 experts=38464 bytes=88064.5 MiB time=18.120 s)
prefill staging: layer=2 tokens=1 unique=10 runs=24 bytes=33.2 MiB
prefill staging: layer=2 barrier_us=5018 (total barriers=390 experts=38474 bytes=88097.7 MiB time=18.125 s)
prefill staging: layer=3 tokens=1 unique=10 runs=30 bytes=22.2 MiB
prefill staging: layer=3 barrier_us=4715 (total barriers=391 experts=38484 bytes=88119.9 MiB time=18.130 s)
prefill staging: layer=3 tokens=1 unique=10 runs=30 bytes=22.2 MiB
prefill staging: layer=3 barrier_us=4862 (total barriers=392 experts=38494 bytes=88142.1 MiB time=18.135 s)
prefill staging: layer=4 tokens=1 unique=10 runs=30 bytes=30.0 MiB
prefill staging: layer=4 barrier_us=5645 (total barriers=393 experts=38504 bytes=88172.2 MiB time=18.141 s)
prefill staging: layer=4 tokens=1 unique=10 runs=30 bytes=30.0 MiB
prefill staging: layer=4 barrier_us=4259 (total barriers=394 experts=38514 bytes=88202.2 MiB time=18.145 s)
prefill staging: layer=5 tokens=1 unique=10 runs=30 bytes=22.2 MiB
prefill staging: layer=5 barrier_us=4422 (total barriers=395 experts=38524 bytes=88224.4 MiB time=18.149 s)
prefill staging: layer=5 tokens=1 unique=10 runs=30 bytes=22.2 MiB
prefill staging: layer=5 barrier_us=4547 (total barriers=396 experts=38534 bytes=88246.6 MiB time=18.154 s)
prefill staging: layer=6 tokens=1 unique=10 runs=30 bytes=22.2 MiB
prefill staging: layer=6 barrier_us=5093 (total barriers=397 experts=38544 bytes=88268.8 MiB time=18.159 s)
prefill staging: layer=6 tokens=1 unique=10 runs=30 bytes=22.2 MiB
prefill staging: layer=6 barrier_us=3398 (total barriers=398 experts=38554 bytes=88291.1 MiB time=18.162 s)
prefill staging: layer=7 tokens=1 unique=10 runs=30 bytes=22.2 MiB
prefill staging: layer=7 barrier_us=4393 (total barriers=399 experts=38564 bytes=88313.3 MiB time=18.167 s)
prefill staging: layer=7 tokens=1 unique=10 runs=30 bytes=22.2 MiB
prefill staging: layer=7 barrier_us=5388 (total barriers=400 experts=38574 bytes=88335.5 MiB time=18.172 s)
prefill staging: layer=8 tokens=1 unique=10 runs=30 bytes=22.2 MiB
prefill staging: layer=8 barrier_us=4364 (total barriers=401 experts=38584 bytes=88357.7 MiB time=18.176 s)
prefill staging: layer=8 tokens=1 unique=10 runs=30 bytes=22.2 MiB
prefill staging: layer=8 barrier_us=4717 (total barriers=402 experts=38594 bytes=88379.9 MiB time=18.181 s)
prefill staging: layer=9 tokens=1 unique=10 runs=30 bytes=22.2 MiB
prefill staging: layer=9 barrier_us=5753 (total barriers=403 experts=38604 bytes=88402.1 MiB time=18.187 s)
prefill staging: layer=9 tokens=1 unique=10 runs=30 bytes=22.2 MiB
prefill staging: layer=9 barrier_us=3968 (total barriers=404 experts=38614 bytes=88424.4 MiB time=18.191 s)
prefill staging: layer=10 tokens=1 unique=10 runs=30 bytes=22.2 MiB
prefill staging: layer=10 barrier_us=4983 (total barriers=405 experts=38624 bytes=88446.6 MiB time=18.196 s)
prefill staging: layer=10 tokens=1 unique=10 runs=30 bytes=22.2 MiB
prefill staging: layer=10 barrier_us=4046 (total barriers=406 experts=38634 bytes=88468.8 MiB time=18.200 s)
prefill staging: layer=11 tokens=1 unique=10 runs=30 bytes=22.2 MiB
prefill staging: layer=11 barrier_us=4733 (total barriers=407 experts=38644 bytes=88491.0 MiB time=18.205 s)
prefill staging: layer=11 tokens=1 unique=10 runs=30 bytes=22.2 MiB
prefill staging: layer=11 barrier_us=4591 (total barriers=408 experts=38654 bytes=88513.2 MiB time=18.209 s)
prefill staging: layer=12 tokens=1 unique=10 runs=27 bytes=22.2 MiB
prefill staging: layer=12 barrier_us=5466 (total barriers=409 experts=38664 bytes=88535.4 MiB time=18.215 s)
prefill staging: layer=12 tokens=1 unique=10 runs=27 bytes=22.2 MiB
prefill staging: layer=12 barrier_us=4128 (total barriers=410 experts=38674 bytes=88557.7 MiB time=18.219 s)
prefill staging: layer=13 tokens=1 unique=10 runs=30 bytes=22.2 MiB
prefill staging: layer=13 barrier_us=3854 (total barriers=411 experts=38684 bytes=88579.9 MiB time=18.223 s)
prefill staging: layer=13 tokens=1 unique=10 runs=30 bytes=22.2 MiB
prefill staging: layer=13 barrier_us=3682 (total barriers=412 experts=38694 bytes=88602.1 MiB time=18.226 s)
prefill staging: layer=14 tokens=1 unique=10 runs=30 bytes=22.2 MiB
prefill staging: layer=14 barrier_us=5016 (total barriers=413 experts=38704 bytes=88624.3 MiB time=18.231 s)
prefill staging: layer=14 tokens=1 unique=10 runs=30 bytes=22.2 MiB
prefill staging: layer=14 barrier_us=4536 (total barriers=414 experts=38714 bytes=88646.5 MiB time=18.236 s)
prefill staging: layer=15 tokens=1 unique=10 runs=27 bytes=22.2 MiB
prefill staging: layer=15 barrier_us=4341 (total barriers=415 experts=38724 bytes=88668.8 MiB time=18.240 s)
prefill staging: layer=15 tokens=1 unique=10 runs=27 bytes=22.2 MiB
prefill staging: layer=15 barrier_us=4314 (total barriers=416 experts=38734 bytes=88691.0 MiB time=18.245 s)
prefill staging: layer=16 tokens=1 unique=10 runs=30 bytes=22.2 MiB
prefill staging: layer=16 barrier_us=4844 (total barriers=417 experts=38744 bytes=88713.2 MiB time=18.249 s)
prefill staging: layer=16 tokens=1 unique=10 runs=30 bytes=22.2 MiB
prefill staging: layer=16 barrier_us=4209 (total barriers=418 experts=38754 bytes=88735.4 MiB time=18.254 s)
prefill staging: layer=17 tokens=1 unique=10 runs=30 bytes=22.2 MiB
prefill staging: layer=17 barrier_us=3841 (total barriers=419 experts=38764 bytes=88757.6 MiB time=18.258 s)
prefill staging: layer=17 tokens=1 unique=10 runs=30 bytes=22.2 MiB
prefill staging: layer=17 barrier_us=4908 (total barriers=420 experts=38774 bytes=88779.8 MiB time=18.262 s)
prefill staging: layer=18 tokens=1 unique=10 runs=27 bytes=22.2 MiB
prefill staging: layer=18 barrier_us=5050 (total barriers=421 experts=38784 bytes=88802.1 MiB time=18.267 s)
prefill staging: layer=18 tokens=1 unique=10 runs=27 bytes=22.2 MiB
prefill staging: layer=18 barrier_us=4064 (total barriers=422 experts=38794 bytes=88824.3 MiB time=18.272 s)
prefill staging: layer=19 tokens=1 unique=10 runs=30 bytes=22.2 MiB
prefill staging: layer=19 barrier_us=4799 (total barriers=423 experts=38804 bytes=88846.5 MiB time=18.276 s)
prefill staging: layer=19 tokens=1 unique=10 runs=30 bytes=22.2 MiB
prefill staging: layer=19 barrier_us=4802 (total barriers=424 experts=38814 bytes=88868.7 MiB time=18.281 s)
prefill staging: layer=20 tokens=1 unique=10 runs=30 bytes=22.2 MiB
prefill staging: layer=20 barrier_us=4431 (total barriers=425 experts=38824 bytes=88890.9 MiB time=18.286 s)
prefill staging: layer=20 tokens=1 unique=10 runs=30 bytes=22.2 MiB
prefill staging: layer=20 barrier_us=4315 (total barriers=426 experts=38834 bytes=88913.1 MiB time=18.290 s)
prefill staging: layer=21 tokens=1 unique=10 runs=30 bytes=22.2 MiB
prefill staging: layer=21 barrier_us=5479 (total barriers=427 experts=38844 bytes=88935.4 MiB time=18.295 s)
prefill staging: layer=21 tokens=1 unique=10 runs=30 bytes=22.2 MiB
prefill staging: layer=21 barrier_us=4256 (total barriers=428 experts=38854 bytes=88957.6 MiB time=18.300 s)
prefill staging: layer=22 tokens=1 unique=10 runs=30 bytes=22.2 MiB
prefill staging: layer=22 barrier_us=3837 (total barriers=429 experts=38864 bytes=88979.8 MiB time=18.303 s)
prefill staging: layer=22 tokens=1 unique=10 runs=30 bytes=22.2 MiB
prefill staging: layer=22 barrier_us=3360 (total barriers=430 experts=38874 bytes=89002.0 MiB time=18.307 s)
prefill staging: layer=23 tokens=1 unique=10 runs=30 bytes=22.2 MiB
prefill staging: layer=23 barrier_us=3337 (total barriers=431 experts=38884 bytes=89024.2 MiB time=18.310 s)
prefill staging: layer=23 tokens=1 unique=10 runs=30 bytes=22.2 MiB
prefill staging: layer=23 barrier_us=3176 (total barriers=432 experts=38894 bytes=89046.4 MiB time=18.313 s)
prefill staging: layer=24 tokens=1 unique=10 runs=30 bytes=22.2 MiB
prefill staging: layer=24 barrier_us=3392 (total barriers=433 experts=38904 bytes=89068.7 MiB time=18.317 s)
prefill staging: layer=24 tokens=1 unique=10 runs=30 bytes=22.2 MiB
prefill staging: layer=24 barrier_us=3652 (total barriers=434 experts=38914 bytes=89090.9 MiB time=18.320 s)
prefill staging: layer=25 tokens=1 unique=10 runs=30 bytes=22.2 MiB
prefill staging: layer=25 barrier_us=3229 (total barriers=435 experts=38924 bytes=89113.1 MiB time=18.324 s)
prefill staging: layer=25 tokens=1 unique=10 runs=30 bytes=22.2 MiB
prefill staging: layer=25 barrier_us=3444 (total barriers=436 experts=38934 bytes=89135.3 MiB time=18.327 s)
prefill staging: layer=26 tokens=1 unique=10 runs=30 bytes=22.2 MiB
prefill staging: layer=26 barrier_us=4936 (total barriers=437 experts=38944 bytes=89157.5 MiB time=18.332 s)
prefill staging: layer=26 tokens=1 unique=10 runs=30 bytes=22.2 MiB
prefill staging: layer=26 barrier_us=4356 (total barriers=438 experts=38954 bytes=89179.7 MiB time=18.336 s)
prefill staging: layer=27 tokens=1 unique=10 runs=30 bytes=22.2 MiB
prefill staging: layer=27 barrier_us=5044 (total barriers=439 experts=38964 bytes=89202.0 MiB time=18.341 s)
prefill staging: layer=27 tokens=1 unique=10 runs=30 bytes=22.2 MiB
prefill staging: layer=27 barrier_us=4220 (total barriers=440 experts=38974 bytes=89224.2 MiB time=18.346 s)
prefill staging: layer=28 tokens=1 unique=10 runs=27 bytes=22.2 MiB
prefill staging: layer=28 barrier_us=4934 (total barriers=441 experts=38984 bytes=89246.4 MiB time=18.351 s)
prefill staging: layer=28 tokens=1 unique=10 runs=27 bytes=22.2 MiB
prefill staging: layer=28 barrier_us=4079 (total barriers=442 experts=38994 bytes=89268.6 MiB time=18.355 s)
prefill staging: layer=29 tokens=1 unique=10 runs=30 bytes=22.2 MiB
prefill staging: layer=29 barrier_us=3447 (total barriers=443 experts=39004 bytes=89290.8 MiB time=18.358 s)
prefill staging: layer=29 tokens=1 unique=10 runs=30 bytes=22.2 MiB
prefill staging: layer=29 barrier_us=4559 (total barriers=444 experts=39014 bytes=89313.0 MiB time=18.363 s)
prefill staging: layer=30 tokens=1 unique=10 runs=30 bytes=30.0 MiB
prefill staging: layer=30 barrier_us=5951 (total barriers=445 experts=39024 bytes=89343.1 MiB time=18.369 s)
prefill staging: layer=30 tokens=1 unique=10 runs=30 bytes=30.0 MiB
prefill staging: layer=30 barrier_us=4603 (total barriers=446 experts=39034 bytes=89373.1 MiB time=18.373 s)
prefill staging: layer=31 tokens=1 unique=10 runs=27 bytes=22.2 MiB
prefill staging: layer=31 barrier_us=3232 (total barriers=447 experts=39044 bytes=89395.3 MiB time=18.376 s)
prefill staging: layer=31 tokens=1 unique=10 runs=27 bytes=22.2 MiB
prefill staging: layer=31 barrier_us=3161 (total barriers=448 experts=39054 bytes=89417.5 MiB time=18.380 s)
prefill staging: layer=32 tokens=1 unique=10 runs=30 bytes=22.2 MiB
prefill staging: layer=32 barrier_us=3264 (total barriers=449 experts=39064 bytes=89439.7 MiB time=18.383 s)
prefill staging: layer=32 tokens=1 unique=10 runs=30 bytes=22.2 MiB
prefill staging: layer=32 barrier_us=3483 (total barriers=450 experts=39074 bytes=89462.0 MiB time=18.386 s)
prefill staging: layer=33 tokens=1 unique=10 runs=30 bytes=22.2 MiB
prefill staging: layer=33 barrier_us=4914 (total barriers=451 experts=39084 bytes=89484.2 MiB time=18.391 s)
prefill staging: layer=33 tokens=1 unique=10 runs=30 bytes=22.2 MiB
prefill staging: layer=33 barrier_us=3905 (total barriers=452 experts=39094 bytes=89506.4 MiB time=18.395 s)
prefill staging: layer=34 tokens=1 unique=10 runs=27 bytes=22.2 MiB
prefill staging: layer=34 barrier_us=4779 (total barriers=453 experts=39104 bytes=89528.6 MiB time=18.400 s)
prefill staging: layer=34 tokens=1 unique=10 runs=27 bytes=22.2 MiB
prefill staging: layer=34 barrier_us=3784 (total barriers=454 experts=39114 bytes=89550.8 MiB time=18.404 s)
prefill staging: layer=35 tokens=1 unique=10 runs=30 bytes=22.2 MiB
prefill staging: layer=35 barrier_us=3359 (total barriers=455 experts=39124 bytes=89573.0 MiB time=18.407 s)
prefill staging: layer=35 tokens=1 unique=10 runs=30 bytes=22.2 MiB
prefill staging: layer=35 barrier_us=3785 (total barriers=456 experts=39134 bytes=89595.3 MiB time=18.411 s)
prefill staging: layer=36 tokens=1 unique=10 runs=30 bytes=22.2 MiB
prefill staging: layer=36 barrier_us=5075 (total barriers=457 experts=39144 bytes=89617.5 MiB time=18.416 s)
prefill staging: layer=36 tokens=1 unique=10 runs=30 bytes=22.2 MiB
prefill staging: layer=36 barrier_us=3213 (total barriers=458 experts=39154 bytes=89639.7 MiB time=18.419 s)
prefill staging: layer=37 tokens=1 unique=10 runs=30 bytes=22.2 MiB
prefill staging: layer=37 barrier_us=3432 (total barriers=459 experts=39164 bytes=89661.9 MiB time=18.423 s)
prefill staging: layer=37 tokens=1 unique=10 runs=30 bytes=22.2 MiB
prefill staging: layer=37 barrier_us=4632 (total barriers=460 experts=39174 bytes=89684.1 MiB time=18.427 s)
prefill staging: layer=38 tokens=1 unique=10 runs=30 bytes=22.2 MiB
prefill staging: layer=38 barrier_us=4898 (total barriers=461 experts=39184 bytes=89706.3 MiB time=18.432 s)
prefill staging: layer=38 tokens=1 unique=10 runs=30 bytes=22.2 MiB
prefill staging: layer=38 barrier_us=3388 (total barriers=462 experts=39194 bytes=89728.6 MiB time=18.435 s)
prefill staging: layer=39 tokens=1 unique=10 runs=30 bytes=22.2 MiB
prefill staging: layer=39 barrier_us=5215 (total barriers=463 experts=39204 bytes=89750.8 MiB time=18.441 s)
prefill staging: layer=39 tokens=1 unique=10 runs=30 bytes=22.2 MiB
prefill staging: layer=39 barrier_us=4719 (total barriers=464 experts=39214 bytes=89773.0 MiB time=18.445 s)
prefill staging: layer=40 tokens=1 unique=10 runs=30 bytes=22.2 MiB
prefill staging: layer=40 barrier_us=5374 (total barriers=465 experts=39224 bytes=89795.2 MiB time=18.451 s)
prefill staging: layer=40 tokens=1 unique=10 runs=30 bytes=22.2 MiB
prefill staging: layer=40 barrier_us=4094 (total barriers=466 experts=39234 bytes=89817.4 MiB time=18.455 s)
prefill staging: layer=41 tokens=1 unique=10 runs=30 bytes=22.2 MiB
prefill staging: layer=41 barrier_us=3638 (total barriers=467 experts=39244 bytes=89839.6 MiB time=18.459 s)
prefill staging: layer=41 tokens=1 unique=10 runs=30 bytes=22.2 MiB
prefill staging: layer=41 barrier_us=4991 (total barriers=468 experts=39254 bytes=89861.9 MiB time=18.463 s)
prefill staging: layer=42 tokens=1 unique=10 runs=30 bytes=22.2 MiB
prefill staging: layer=42 barrier_us=5168 (total barriers=469 experts=39264 bytes=89884.1 MiB time=18.469 s)
prefill staging: layer=42 tokens=1 unique=10 runs=30 bytes=22.2 MiB
prefill staging: layer=42 barrier_us=4147 (total barriers=470 experts=39274 bytes=89906.3 MiB time=18.473 s)
prefill staging: layer=43 tokens=1 unique=10 runs=30 bytes=22.2 MiB
prefill staging: layer=43 barrier_us=4004 (total barriers=471 experts=39284 bytes=89928.5 MiB time=18.477 s)
prefill staging: layer=43 tokens=1 unique=10 runs=30 bytes=22.2 MiB
prefill staging: layer=43 barrier_us=4339 (total barriers=472 experts=39294 bytes=89950.7 MiB time=18.481 s)
prefill staging: layer=44 tokens=1 unique=10 runs=30 bytes=22.2 MiB
prefill staging: layer=44 barrier_us=4940 (total barriers=473 experts=39304 bytes=89972.9 MiB time=18.486 s)
prefill staging: layer=44 tokens=1 unique=10 runs=30 bytes=22.2 MiB
prefill staging: layer=44 barrier_us=3492 (total barriers=474 experts=39314 bytes=89995.2 MiB time=18.490 s)
prefill staging: layer=45 tokens=1 unique=10 runs=27 bytes=22.2 MiB
prefill staging: layer=45 barrier_us=5038 (total barriers=475 experts=39324 bytes=90017.4 MiB time=18.495 s)
prefill staging: layer=45 tokens=1 unique=10 runs=27 bytes=22.2 MiB
prefill staging: layer=45 barrier_us=3818 (total barriers=476 experts=39334 bytes=90039.6 MiB time=18.498 s)
prefill staging: layer=46 tokens=1 unique=10 runs=30 bytes=30.0 MiB
prefill staging: layer=46 barrier_us=4473 (total barriers=477 experts=39344 bytes=90069.6 MiB time=18.503 s)
prefill staging: layer=46 tokens=1 unique=10 runs=30 bytes=30.0 MiB
prefill staging: layer=46 barrier_us=5960 (total barriers=478 experts=39354 bytes=90099.7 MiB time=18.509 s)
prefill staging: layer=47 tokens=1 unique=10 runs=30 bytes=30.0 MiB
prefill staging: layer=47 barrier_us=7871 (total barriers=479 experts=39364 bytes=90129.7 MiB time=18.517 s)
prefill staging: layer=47 tokens=1 unique=10 runs=30 bytes=30.0 MiB
prefill staging: layer=47 barrier_us=4805 (total barriers=480 experts=39374 bytes=90159.7 MiB time=18.522 s)
prefill staging: layer=0 tokens=1 unique=10 runs=30 bytes=22.2 MiB
prefill staging: layer=0 barrier_us=4765 (total barriers=481 experts=39384 bytes=90181.9 MiB time=18.526 s)
prefill staging: layer=0 tokens=1 unique=10 runs=30 bytes=22.2 MiB
prefill staging: layer=0 barrier_us=4033 (total barriers=482 experts=39394 bytes=90204.2 MiB time=18.530 s)
prefill staging: layer=1 tokens=1 unique=10 runs=30 bytes=22.2 MiB
prefill staging: layer=1 barrier_us=6200 (total barriers=483 experts=39404 bytes=90226.4 MiB time=18.537 s)
prefill staging: layer=1 tokens=1 unique=10 runs=30 bytes=22.2 MiB
prefill staging: layer=1 barrier_us=4683 (total barriers=484 experts=39414 bytes=90248.6 MiB time=18.541 s)
prefill staging: layer=2 tokens=1 unique=10 runs=27 bytes=33.2 MiB
prefill staging: layer=2 barrier_us=7031 (total barriers=485 experts=39424 bytes=90281.8 MiB time=18.548 s)
prefill staging: layer=2 tokens=1 unique=10 runs=27 bytes=33.2 MiB
prefill staging: layer=2 barrier_us=4641 (total barriers=486 experts=39434 bytes=90315.0 MiB time=18.553 s)
prefill staging: layer=3 tokens=1 unique=10 runs=30 bytes=22.2 MiB
prefill staging: layer=3 barrier_us=3624 (total barriers=487 experts=39444 bytes=90337.2 MiB time=18.557 s)
prefill staging: layer=3 tokens=1 unique=10 runs=30 bytes=22.2 MiB
prefill staging: layer=3 barrier_us=4942 (total barriers=488 experts=39454 bytes=90359.4 MiB time=18.561 s)
prefill staging: layer=4 tokens=1 unique=10 runs=30 bytes=30.0 MiB
prefill staging: layer=4 barrier_us=5221 (total barriers=489 experts=39464 bytes=90389.5 MiB time=18.567 s)
prefill staging: layer=4 tokens=1 unique=10 runs=30 bytes=30.0 MiB
prefill staging: layer=4 barrier_us=5253 (total barriers=490 experts=39474 bytes=90419.5 MiB time=18.572 s)
prefill staging: layer=5 tokens=1 unique=10 runs=30 bytes=22.2 MiB
prefill staging: layer=5 barrier_us=3543 (total barriers=491 experts=39484 bytes=90441.7 MiB time=18.575 s)
prefill staging: layer=5 tokens=1 unique=10 runs=30 bytes=22.2 MiB
prefill staging: layer=5 barrier_us=4657 (total barriers=492 experts=39494 bytes=90463.9 MiB time=18.580 s)
prefill staging: layer=6 tokens=1 unique=10 runs=30 bytes=22.2 MiB
prefill staging: layer=6 barrier_us=3997 (total barriers=493 experts=39504 bytes=90486.1 MiB time=18.584 s)
prefill staging: layer=6 tokens=1 unique=10 runs=30 bytes=22.2 MiB
prefill staging: layer=6 barrier_us=5102 (total barriers=494 experts=39514 bytes=90508.3 MiB time=18.589 s)
prefill staging: layer=7 tokens=1 unique=10 runs=30 bytes=22.2 MiB
prefill staging: layer=7 barrier_us=4525 (total barriers=495 experts=39524 bytes=90530.6 MiB time=18.594 s)
prefill staging: layer=7 tokens=1 unique=10 runs=30 bytes=22.2 MiB
prefill staging: layer=7 barrier_us=3358 (total barriers=496 experts=39534 bytes=90552.8 MiB time=18.597 s)
prefill staging: layer=8 tokens=1 unique=10 runs=30 bytes=22.2 MiB
prefill staging: layer=8 barrier_us=4988 (total barriers=497 experts=39544 bytes=90575.0 MiB time=18.602 s)
prefill staging: layer=8 tokens=1 unique=10 runs=30 bytes=22.2 MiB
prefill staging: layer=8 barrier_us=4040 (total barriers=498 experts=39554 bytes=90597.2 MiB time=18.606 s)
prefill staging: layer=9 tokens=1 unique=10 runs=30 bytes=22.2 MiB
prefill staging: layer=9 barrier_us=5760 (total barriers=499 experts=39564 bytes=90619.4 MiB time=18.612 s)
prefill staging: layer=9 tokens=1 unique=10 runs=30 bytes=22.2 MiB
prefill staging: layer=9 barrier_us=4227 (total barriers=500 experts=39574 bytes=90641.7 MiB time=18.616 s)
prefill staging: layer=10 tokens=1 unique=10 runs=30 bytes=22.2 MiB
prefill staging: layer=10 barrier_us=5824 (total barriers=501 experts=39584 bytes=90663.9 MiB time=18.622 s)
prefill staging: layer=10 tokens=1 unique=10 runs=30 bytes=22.2 MiB
prefill staging: layer=10 barrier_us=4485 (total barriers=502 experts=39594 bytes=90686.1 MiB time=18.626 s)
prefill staging: layer=11 tokens=1 unique=10 runs=30 bytes=22.2 MiB
prefill staging: layer=11 barrier_us=4001 (total barriers=503 experts=39604 bytes=90708.3 MiB time=18.630 s)
prefill staging: layer=11 tokens=1 unique=10 runs=30 bytes=22.2 MiB
prefill staging: layer=11 barrier_us=3205 (total barriers=504 experts=39614 bytes=90730.5 MiB time=18.634 s)
prefill staging: layer=12 tokens=1 unique=10 runs=30 bytes=22.2 MiB
prefill staging: layer=12 barrier_us=4278 (total barriers=505 experts=39624 bytes=90752.7 MiB time=18.638 s)
prefill staging: layer=12 tokens=1 unique=10 runs=30 bytes=22.2 MiB
prefill staging: layer=12 barrier_us=3844 (total barriers=506 experts=39634 bytes=90775.0 MiB time=18.642 s)
prefill staging: layer=13 tokens=1 unique=10 runs=30 bytes=22.2 MiB
prefill staging: layer=13 barrier_us=4228 (total barriers=507 experts=39644 bytes=90797.2 MiB time=18.646 s)
prefill staging: layer=13 tokens=1 unique=10 runs=30 bytes=22.2 MiB
prefill staging: layer=13 barrier_us=4666 (total barriers=508 experts=39654 bytes=90819.4 MiB time=18.651 s)
prefill staging: layer=14 tokens=1 unique=10 runs=30 bytes=22.2 MiB
prefill staging: layer=14 barrier_us=4576 (total barriers=509 experts=39664 bytes=90841.6 MiB time=18.655 s)
prefill staging: layer=14 tokens=1 unique=10 runs=30 bytes=22.2 MiB
prefill staging: layer=14 barrier_us=4744 (total barriers=510 experts=39674 bytes=90863.8 MiB time=18.660 s)
prefill staging: layer=15 tokens=1 unique=10 runs=30 bytes=22.2 MiB
prefill staging: layer=15 barrier_us=6459 (total barriers=511 experts=39684 bytes=90886.0 MiB time=18.666 s)
prefill staging: layer=15 tokens=1 unique=10 runs=30 bytes=22.2 MiB
prefill staging: layer=15 barrier_us=4604 (total barriers=512 experts=39694 bytes=90908.3 MiB time=18.671 s)
prefill staging: layer=16 tokens=1 unique=10 runs=30 bytes=22.2 MiB
prefill staging: layer=16 barrier_us=5053 (total barriers=513 experts=39704 bytes=90930.5 MiB time=18.676 s)
prefill staging: layer=16 tokens=1 unique=10 runs=30 bytes=22.2 MiB
prefill staging: layer=16 barrier_us=4216 (total barriers=514 experts=39714 bytes=90952.7 MiB time=18.680 s)
prefill staging: layer=17 tokens=1 unique=10 runs=30 bytes=22.2 MiB
prefill staging: layer=17 barrier_us=4369 (total barriers=515 experts=39724 bytes=90974.9 MiB time=18.685 s)
prefill staging: layer=17 tokens=1 unique=10 runs=30 bytes=22.2 MiB
prefill staging: layer=17 barrier_us=4178 (total barriers=516 experts=39734 bytes=90997.1 MiB time=18.689 s)
prefill staging: layer=18 tokens=1 unique=10 runs=27 bytes=22.2 MiB
prefill staging: layer=18 barrier_us=3852 (total barriers=517 experts=39744 bytes=91019.3 MiB time=18.693 s)
prefill staging: layer=18 tokens=1 unique=10 runs=27 bytes=22.2 MiB
prefill staging: layer=18 barrier_us=3730 (total barriers=518 experts=39754 bytes=91041.6 MiB time=18.696 s)
prefill staging: layer=19 tokens=1 unique=10 runs=27 bytes=22.2 MiB
prefill staging: layer=19 barrier_us=3627 (total barriers=519 experts=39764 bytes=91063.8 MiB time=18.700 s)
prefill staging: layer=19 tokens=1 unique=10 runs=27 bytes=22.2 MiB
prefill staging: layer=19 barrier_us=3145 (total barriers=520 experts=39774 bytes=91086.0 MiB time=18.703 s)
prefill staging: layer=20 tokens=1 unique=10 runs=30 bytes=22.2 MiB
prefill staging: layer=20 barrier_us=3349 (total barriers=521 experts=39784 bytes=91108.2 MiB time=18.707 s)
prefill staging: layer=20 tokens=1 unique=10 runs=30 bytes=22.2 MiB
prefill staging: layer=20 barrier_us=4404 (total barriers=522 experts=39794 bytes=91130.4 MiB time=18.711 s)
prefill staging: layer=21 tokens=1 unique=10 runs=30 bytes=22.2 MiB
prefill staging: layer=21 barrier_us=4848 (total barriers=523 experts=39804 bytes=91152.6 MiB time=18.716 s)
prefill staging: layer=21 tokens=1 unique=10 runs=30 bytes=22.2 MiB
prefill staging: layer=21 barrier_us=4037 (total barriers=524 experts=39814 bytes=91174.9 MiB time=18.720 s)
prefill staging: layer=22 tokens=1 unique=10 runs=30 bytes=22.2 MiB
prefill staging: layer=22 barrier_us=3186 (total barriers=525 experts=39824 bytes=91197.1 MiB time=18.723 s)
prefill staging: layer=22 tokens=1 unique=10 runs=30 bytes=22.2 MiB
prefill staging: layer=22 barrier_us=3744 (total barriers=526 experts=39834 bytes=91219.3 MiB time=18.727 s)
prefill staging: layer=23 tokens=1 unique=10 runs=30 bytes=22.2 MiB
prefill staging: layer=23 barrier_us=5446 (total barriers=527 experts=39844 bytes=91241.5 MiB time=18.732 s)
prefill staging: layer=23 tokens=1 unique=10 runs=30 bytes=22.2 MiB
prefill staging: layer=23 barrier_us=4031 (total barriers=528 experts=39854 bytes=91263.7 MiB time=18.736 s)
prefill staging: layer=24 tokens=1 unique=10 runs=30 bytes=22.2 MiB
prefill staging: layer=24 barrier_us=4842 (total barriers=529 experts=39864 bytes=91285.9 MiB time=18.741 s)
prefill staging: layer=24 tokens=1 unique=10 runs=30 bytes=22.2 MiB
prefill staging: layer=24 barrier_us=4455 (total barriers=530 experts=39874 bytes=91308.2 MiB time=18.746 s)
prefill staging: layer=25 tokens=1 unique=10 runs=27 bytes=22.2 MiB
prefill staging: layer=25 barrier_us=5223 (total barriers=531 experts=39884 bytes=91330.4 MiB time=18.751 s)
prefill staging: layer=25 tokens=1 unique=10 runs=27 bytes=22.2 MiB
prefill staging: layer=25 barrier_us=4179 (total barriers=532 experts=39894 bytes=91352.6 MiB time=18.755 s)
prefill staging: layer=26 tokens=1 unique=10 runs=30 bytes=22.2 MiB
prefill staging: layer=26 barrier_us=3510 (total barriers=533 experts=39904 bytes=91374.8 MiB time=18.758 s)
prefill staging: layer=26 tokens=1 unique=10 runs=30 bytes=22.2 MiB
prefill staging: layer=26 barrier_us=3929 (total barriers=534 experts=39914 bytes=91397.0 MiB time=18.762 s)
prefill staging: layer=27 tokens=1 unique=10 runs=30 bytes=22.2 MiB
prefill staging: layer=27 barrier_us=5742 (total barriers=535 experts=39924 bytes=91419.2 MiB time=18.768 s)
prefill staging: layer=27 tokens=1 unique=10 runs=30 bytes=22.2 MiB
prefill staging: layer=27 barrier_us=5519 (total barriers=536 experts=39934 bytes=91441.5 MiB time=18.774 s)
prefill staging: layer=28 tokens=1 unique=10 runs=30 bytes=22.2 MiB
prefill staging: layer=28 barrier_us=6779 (total barriers=537 experts=39944 bytes=91463.7 MiB time=18.780 s)
prefill staging: layer=28 tokens=1 unique=10 runs=30 bytes=22.2 MiB
prefill staging: layer=28 barrier_us=3939 (total barriers=538 experts=39954 bytes=91485.9 MiB time=18.784 s)
prefill staging: layer=29 tokens=1 unique=10 runs=30 bytes=22.2 MiB
prefill staging: layer=29 barrier_us=4125 (total barriers=539 experts=39964 bytes=91508.1 MiB time=18.788 s)
prefill staging: layer=29 tokens=1 unique=10 runs=30 bytes=22.2 MiB
prefill staging: layer=29 barrier_us=4808 (total barriers=540 experts=39974 bytes=91530.3 MiB time=18.793 s)
prefill staging: layer=30 tokens=1 unique=10 runs=30 bytes=30.0 MiB
prefill staging: layer=30 barrier_us=4817 (total barriers=541 experts=39984 bytes=91560.4 MiB time=18.798 s)
prefill staging: layer=30 tokens=1 unique=10 runs=30 bytes=30.0 MiB
prefill staging: layer=30 barrier_us=4279 (total barriers=542 experts=39994 bytes=91590.4 MiB time=18.802 s)
prefill staging: layer=31 tokens=1 unique=10 runs=30 bytes=22.2 MiB
prefill staging: layer=31 barrier_us=5137 (total barriers=543 experts=40004 bytes=91612.6 MiB time=18.808 s)
prefill staging: layer=31 tokens=1 unique=10 runs=30 bytes=22.2 MiB
prefill staging: layer=31 barrier_us=3588 (total barriers=544 experts=40014 bytes=91634.8 MiB time=18.811 s)
prefill staging: layer=32 tokens=1 unique=10 runs=30 bytes=22.2 MiB
prefill staging: layer=32 barrier_us=5018 (total barriers=545 experts=40024 bytes=91657.0 MiB time=18.816 s)
prefill staging: layer=32 tokens=1 unique=10 runs=30 bytes=22.2 MiB
prefill staging: layer=32 barrier_us=3886 (total barriers=546 experts=40034 bytes=91679.2 MiB time=18.820 s)
prefill staging: layer=33 tokens=1 unique=10 runs=30 bytes=22.2 MiB
prefill staging: layer=33 barrier_us=5460 (total barriers=547 experts=40044 bytes=91701.5 MiB time=18.825 s)
prefill staging: layer=33 tokens=1 unique=10 runs=30 bytes=22.2 MiB
prefill staging: layer=33 barrier_us=4264 (total barriers=548 experts=40054 bytes=91723.7 MiB time=18.830 s)
prefill staging: layer=34 tokens=1 unique=10 runs=30 bytes=22.2 MiB
prefill staging: layer=34 barrier_us=5053 (total barriers=549 experts=40064 bytes=91745.9 MiB time=18.835 s)
prefill staging: layer=34 tokens=1 unique=10 runs=30 bytes=22.2 MiB
prefill staging: layer=34 barrier_us=4447 (total barriers=550 experts=40074 bytes=91768.1 MiB time=18.839 s)
prefill staging: layer=35 tokens=1 unique=10 runs=30 bytes=22.2 MiB
prefill staging: layer=35 barrier_us=4994 (total barriers=551 experts=40084 bytes=91790.3 MiB time=18.844 s)
prefill staging: layer=35 tokens=1 unique=10 runs=30 bytes=22.2 MiB
prefill staging: layer=35 barrier_us=4038 (total barriers=552 experts=40094 bytes=91812.5 MiB time=18.848 s)
prefill staging: layer=36 tokens=1 unique=10 runs=30 bytes=22.2 MiB
prefill staging: layer=36 barrier_us=4477 (total barriers=553 experts=40104 bytes=91834.8 MiB time=18.853 s)
prefill staging: layer=36 tokens=1 unique=10 runs=30 bytes=22.2 MiB
prefill staging: layer=36 barrier_us=4776 (total barriers=554 experts=40114 bytes=91857.0 MiB time=18.858 s)
prefill staging: layer=37 tokens=1 unique=10 runs=30 bytes=22.2 MiB
prefill staging: layer=37 barrier_us=5097 (total barriers=555 experts=40124 bytes=91879.2 MiB time=18.863 s)
prefill staging: layer=37 tokens=1 unique=10 runs=30 bytes=22.2 MiB
prefill staging: layer=37 barrier_us=4781 (total barriers=556 experts=40134 bytes=91901.4 MiB time=18.867 s)
prefill staging: layer=38 tokens=1 unique=10 runs=30 bytes=22.2 MiB
prefill staging: layer=38 barrier_us=4262 (total barriers=557 experts=40144 bytes=91923.6 MiB time=18.872 s)
prefill staging: layer=38 tokens=1 unique=10 runs=30 bytes=22.2 MiB
prefill staging: layer=38 barrier_us=4959 (total barriers=558 experts=40154 bytes=91945.8 MiB time=18.877 s)
prefill staging: layer=39 tokens=1 unique=10 runs=30 bytes=22.2 MiB
prefill staging: layer=39 barrier_us=5586 (total barriers=559 experts=40164 bytes=91968.1 MiB time=18.882 s)
prefill staging: layer=39 tokens=1 unique=10 runs=30 bytes=22.2 MiB
prefill staging: layer=39 barrier_us=4211 (total barriers=560 experts=40174 bytes=91990.3 MiB time=18.886 s)
prefill staging: layer=40 tokens=1 unique=10 runs=27 bytes=22.2 MiB
prefill staging: layer=40 barrier_us=3182 (total barriers=561 experts=40184 bytes=92012.5 MiB time=18.890 s)
prefill staging: layer=40 tokens=1 unique=10 runs=27 bytes=22.2 MiB
prefill staging: layer=40 barrier_us=4263 (total barriers=562 experts=40194 bytes=92034.7 MiB time=18.894 s)
prefill staging: layer=41 tokens=1 unique=10 runs=30 bytes=22.2 MiB
prefill staging: layer=41 barrier_us=5304 (total barriers=563 experts=40204 bytes=92056.9 MiB time=18.899 s)
prefill staging: layer=41 tokens=1 unique=10 runs=30 bytes=22.2 MiB
prefill staging: layer=41 barrier_us=4029 (total barriers=564 experts=40214 bytes=92079.2 MiB time=18.903 s)
prefill staging: layer=42 tokens=1 unique=10 runs=30 bytes=22.2 MiB
prefill staging: layer=42 barrier_us=4690 (total barriers=565 experts=40224 bytes=92101.4 MiB time=18.908 s)
prefill staging: layer=42 tokens=1 unique=10 runs=30 bytes=22.2 MiB
prefill staging: layer=42 barrier_us=4631 (total barriers=566 experts=40234 bytes=92123.6 MiB time=18.913 s)
prefill staging: layer=43 tokens=1 unique=10 runs=30 bytes=22.2 MiB
prefill staging: layer=43 barrier_us=5067 (total barriers=567 experts=40244 bytes=92145.8 MiB time=18.918 s)
prefill staging: layer=43 tokens=1 unique=10 runs=30 bytes=22.2 MiB
prefill staging: layer=43 barrier_us=2984 (total barriers=568 experts=40254 bytes=92168.0 MiB time=18.921 s)
prefill staging: layer=44 tokens=1 unique=10 runs=30 bytes=22.2 MiB
prefill staging: layer=44 barrier_us=3491 (total barriers=569 experts=40264 bytes=92190.2 MiB time=18.924 s)
prefill staging: layer=44 tokens=1 unique=10 runs=30 bytes=22.2 MiB
prefill staging: layer=44 barrier_us=3755 (total barriers=570 experts=40274 bytes=92212.5 MiB time=18.928 s)
prefill staging: layer=45 tokens=1 unique=10 runs=30 bytes=22.2 MiB
prefill staging: layer=45 barrier_us=4014 (total barriers=571 experts=40284 bytes=92234.7 MiB time=18.932 s)
prefill staging: layer=45 tokens=1 unique=10 runs=30 bytes=22.2 MiB
prefill staging: layer=45 barrier_us=3243 (total barriers=572 experts=40294 bytes=92256.9 MiB time=18.935 s)
prefill staging: layer=46 tokens=1 unique=10 runs=30 bytes=30.0 MiB
prefill staging: layer=46 barrier_us=5386 (total barriers=573 experts=40304 bytes=92286.9 MiB time=18.940 s)
prefill staging: layer=46 tokens=1 unique=10 runs=30 bytes=30.0 MiB
prefill staging: layer=46 barrier_us=4382 (total barriers=574 experts=40314 bytes=92316.9 MiB time=18.945 s)
prefill staging: layer=47 tokens=1 unique=10 runs=27 bytes=30.0 MiB
prefill staging: layer=47 barrier_us=7347 (total barriers=575 experts=40324 bytes=92347.0 MiB time=18.952 s)
prefill staging: layer=47 tokens=1 unique=10 runs=27 bytes=30.0 MiB
prefill staging: layer=47 barrier_us=5817 (total barriers=576 experts=40334 bytes=92377.0 MiB time=18.958 s)
prefill staging: layer=0 tokens=1 unique=10 runs=30 bytes=22.2 MiB
prefill staging: layer=0 barrier_us=4510 (total barriers=577 experts=40344 bytes=92399.2 MiB time=18.962 s)
prefill staging: layer=0 tokens=1 unique=10 runs=30 bytes=22.2 MiB
prefill staging: layer=0 barrier_us=4721 (total barriers=578 experts=40354 bytes=92421.4 MiB time=18.967 s)
prefill staging: layer=1 tokens=1 unique=10 runs=30 bytes=22.2 MiB
prefill staging: layer=1 barrier_us=5653 (total barriers=579 experts=40364 bytes=92443.7 MiB time=18.973 s)
prefill staging: layer=1 tokens=1 unique=10 runs=30 bytes=22.2 MiB
prefill staging: layer=1 barrier_us=4210 (total barriers=580 experts=40374 bytes=92465.9 MiB time=18.977 s)
prefill staging: layer=2 tokens=1 unique=10 runs=27 bytes=33.2 MiB
prefill staging: layer=2 barrier_us=5439 (total barriers=581 experts=40384 bytes=92499.1 MiB time=18.983 s)
prefill staging: layer=2 tokens=1 unique=10 runs=27 bytes=33.2 MiB
prefill staging: layer=2 barrier_us=5314 (total barriers=582 experts=40394 bytes=92532.3 MiB time=18.988 s)
prefill staging: layer=3 tokens=1 unique=10 runs=30 bytes=22.2 MiB
prefill staging: layer=3 barrier_us=5060 (total barriers=583 experts=40404 bytes=92554.5 MiB time=18.993 s)
prefill staging: layer=3 tokens=1 unique=10 runs=30 bytes=22.2 MiB
prefill staging: layer=3 barrier_us=4268 (total barriers=584 experts=40414 bytes=92576.7 MiB time=18.997 s)
prefill staging: layer=4 tokens=1 unique=10 runs=27 bytes=30.0 MiB
prefill staging: layer=4 barrier_us=4844 (total barriers=585 experts=40424 bytes=92606.7 MiB time=19.002 s)
prefill staging: layer=4 tokens=1 unique=10 runs=27 bytes=30.0 MiB
prefill staging: layer=4 barrier_us=4718 (total barriers=586 experts=40434 bytes=92636.8 MiB time=19.007 s)
prefill staging: layer=5 tokens=1 unique=10 runs=30 bytes=22.2 MiB
prefill staging: layer=5 barrier_us=5108 (total barriers=587 experts=40444 bytes=92659.0 MiB time=19.012 s)
prefill staging: layer=5 tokens=1 unique=10 runs=30 bytes=22.2 MiB
prefill staging: layer=5 barrier_us=4215 (total barriers=588 experts=40454 bytes=92681.2 MiB time=19.016 s)
prefill staging: layer=6 tokens=1 unique=10 runs=30 bytes=22.2 MiB
prefill staging: layer=6 barrier_us=5111 (total barriers=589 experts=40464 bytes=92703.4 MiB time=19.021 s)
prefill staging: layer=6 tokens=1 unique=10 runs=30 bytes=22.2 MiB
prefill staging: layer=6 barrier_us=4470 (total barriers=590 experts=40474 bytes=92725.6 MiB time=19.026 s)
prefill staging: layer=7 tokens=1 unique=10 runs=30 bytes=22.2 MiB
prefill staging: layer=7 barrier_us=5772 (total barriers=591 experts=40484 bytes=92747.9 MiB time=19.031 s)
prefill staging: layer=7 tokens=1 unique=10 runs=30 bytes=22.2 MiB
prefill staging: layer=7 barrier_us=3130 (total barriers=592 experts=40494 bytes=92770.1 MiB time=19.035 s)
prefill staging: layer=8 tokens=1 unique=10 runs=30 bytes=22.2 MiB
prefill staging: layer=8 barrier_us=3865 (total barriers=593 experts=40504 bytes=92792.3 MiB time=19.038 s)
prefill staging: layer=8 tokens=1 unique=10 runs=30 bytes=22.2 MiB
prefill staging: layer=8 barrier_us=3847 (total barriers=594 experts=40514 bytes=92814.5 MiB time=19.042 s)
prefill staging: layer=9 tokens=1 unique=10 runs=27 bytes=22.2 MiB
prefill staging: layer=9 barrier_us=4887 (total barriers=595 experts=40524 bytes=92836.7 MiB time=19.047 s)
prefill staging: layer=9 tokens=1 unique=10 runs=27 bytes=22.2 MiB
prefill staging: layer=9 barrier_us=4305 (total barriers=596 experts=40534 bytes=92858.9 MiB time=19.051 s)
prefill staging: layer=10 tokens=1 unique=10 runs=30 bytes=22.2 MiB
prefill staging: layer=10 barrier_us=5008 (total barriers=597 experts=40544 bytes=92881.2 MiB time=19.056 s)
prefill staging: layer=10 tokens=1 unique=10 runs=30 bytes=22.2 MiB
prefill staging: layer=10 barrier_us=4349 (total barriers=598 experts=40554 bytes=92903.4 MiB time=19.061 s)
prefill staging: layer=11 tokens=1 unique=10 runs=30 bytes=22.2 MiB
prefill staging: layer=11 barrier_us=3526 (total barriers=599 experts=40564 bytes=92925.6 MiB time=19.064 s)
prefill staging: layer=11 tokens=1 unique=10 runs=30 bytes=22.2 MiB
prefill staging: layer=11 barrier_us=4874 (total barriers=600 experts=40574 bytes=92947.8 MiB time=19.069 s)
prefill staging: layer=12 tokens=1 unique=10 runs=27 bytes=22.2 MiB
prefill staging: layer=12 barrier_us=3549 (total barriers=601 experts=40584 bytes=92970.0 MiB time=19.073 s)
prefill staging: layer=12 tokens=1 unique=10 runs=27 bytes=22.2 MiB
prefill staging: layer=12 barrier_us=5296 (total barriers=602 experts=40594 bytes=92992.2 MiB time=19.078 s)
prefill staging: layer=13 tokens=1 unique=10 runs=30 bytes=22.2 MiB
prefill staging: layer=13 barrier_us=5014 (total barriers=603 experts=40604 bytes=93014.5 MiB time=19.083 s)
prefill staging: layer=13 tokens=1 unique=10 runs=30 bytes=22.2 MiB
prefill staging: layer=13 barrier_us=3602 (total barriers=604 experts=40614 bytes=93036.7 MiB time=19.087 s)
prefill staging: layer=14 tokens=1 unique=10 runs=30 bytes=22.2 MiB
prefill staging: layer=14 barrier_us=5847 (total barriers=605 experts=40624 bytes=93058.9 MiB time=19.092 s)
prefill staging: layer=14 tokens=1 unique=10 runs=30 bytes=22.2 MiB
prefill staging: layer=14 barrier_us=4103 (total barriers=606 experts=40634 bytes=93081.1 MiB time=19.097 s)
prefill staging: layer=15 tokens=1 unique=10 runs=30 bytes=22.2 MiB
prefill staging: layer=15 barrier_us=4986 (total barriers=607 experts=40644 bytes=93103.3 MiB time=19.102 s)
prefill staging: layer=15 tokens=1 unique=10 runs=30 bytes=22.2 MiB
prefill staging: layer=15 barrier_us=4566 (total barriers=608 experts=40654 bytes=93125.5 MiB time=19.106 s)
prefill staging: layer=16 tokens=1 unique=10 runs=30 bytes=22.2 MiB
prefill staging: layer=16 barrier_us=3214 (total barriers=609 experts=40664 bytes=93147.8 MiB time=19.109 s)
prefill staging: layer=16 tokens=1 unique=10 runs=30 bytes=22.2 MiB
prefill staging: layer=16 barrier_us=3630 (total barriers=610 experts=40674 bytes=93170.0 MiB time=19.113 s)
prefill staging: layer=17 tokens=1 unique=10 runs=30 bytes=22.2 MiB
prefill staging: layer=17 barrier_us=5637 (total barriers=611 experts=40684 bytes=93192.2 MiB time=19.119 s)
prefill staging: layer=17 tokens=1 unique=10 runs=30 bytes=22.2 MiB
prefill staging: layer=17 barrier_us=4068 (total barriers=612 experts=40694 bytes=93214.4 MiB time=19.123 s)
prefill staging: layer=18 tokens=1 unique=10 runs=30 bytes=22.2 MiB
prefill staging: layer=18 barrier_us=5385 (total barriers=613 experts=40704 bytes=93236.6 MiB time=19.128 s)
prefill staging: layer=18 tokens=1 unique=10 runs=30 bytes=22.2 MiB
prefill staging: layer=18 barrier_us=4622 (total barriers=614 experts=40714 bytes=93258.8 MiB time=19.133 s)
prefill staging: layer=19 tokens=1 unique=10 runs=30 bytes=22.2 MiB
prefill staging: layer=19 barrier_us=4177 (total barriers=615 experts=40724 bytes=93281.1 MiB time=19.137 s)
prefill staging: layer=19 tokens=1 unique=10 runs=30 bytes=22.2 MiB
prefill staging: layer=19 barrier_us=4729 (total barriers=616 experts=40734 bytes=93303.3 MiB time=19.142 s)
prefill staging: layer=20 tokens=1 unique=10 runs=30 bytes=22.2 MiB
prefill staging: layer=20 barrier_us=6946 (total barriers=617 experts=40744 bytes=93325.5 MiB time=19.149 s)
prefill staging: layer=20 tokens=1 unique=10 runs=30 bytes=22.2 MiB
prefill staging: layer=20 barrier_us=4509 (total barriers=618 experts=40754 bytes=93347.7 MiB time=19.153 s)
prefill staging: layer=21 tokens=1 unique=10 runs=30 bytes=22.2 MiB
prefill staging: layer=21 barrier_us=4798 (total barriers=619 experts=40764 bytes=93369.9 MiB time=19.158 s)
prefill staging: layer=21 tokens=1 unique=10 runs=30 bytes=22.2 MiB
prefill staging: layer=21 barrier_us=4872 (total barriers=620 experts=40774 bytes=93392.1 MiB time=19.163 s)
prefill staging: layer=22 tokens=1 unique=10 runs=30 bytes=22.2 MiB
prefill staging: layer=22 barrier_us=5962 (total barriers=621 experts=40784 bytes=93414.4 MiB time=19.169 s)
prefill staging: layer=22 tokens=1 unique=10 runs=30 bytes=22.2 MiB
prefill staging: layer=22 barrier_us=4130 (total barriers=622 experts=40794 bytes=93436.6 MiB time=19.173 s)
prefill staging: layer=23 tokens=1 unique=10 runs=30 bytes=22.2 MiB
prefill staging: layer=23 barrier_us=4722 (total barriers=623 experts=40804 bytes=93458.8 MiB time=19.178 s)
prefill staging: layer=23 tokens=1 unique=10 runs=30 bytes=22.2 MiB
prefill staging: layer=23 barrier_us=3651 (total barriers=624 experts=40814 bytes=93481.0 MiB time=19.181 s)
prefill staging: layer=24 tokens=1 unique=10 runs=30 bytes=22.2 MiB
prefill staging: layer=24 barrier_us=3641 (total barriers=625 experts=40824 bytes=93503.2 MiB time=19.185 s)
prefill staging: layer=24 tokens=1 unique=10 runs=30 bytes=22.2 MiB
prefill staging: layer=24 barrier_us=3757 (total barriers=626 experts=40834 bytes=93525.4 MiB time=19.189 s)
prefill staging: layer=25 tokens=1 unique=10 runs=30 bytes=22.2 MiB
prefill staging: layer=25 barrier_us=4967 (total barriers=627 experts=40844 bytes=93547.7 MiB time=19.194 s)
prefill staging: layer=25 tokens=1 unique=10 runs=30 bytes=22.2 MiB
prefill staging: layer=25 barrier_us=3938 (total barriers=628 experts=40854 bytes=93569.9 MiB time=19.197 s)
prefill staging: layer=26 tokens=1 unique=10 runs=30 bytes=22.2 MiB
prefill staging: layer=26 barrier_us=4870 (total barriers=629 experts=40864 bytes=93592.1 MiB time=19.202 s)
prefill staging: layer=26 tokens=1 unique=10 runs=30 bytes=22.2 MiB
prefill staging: layer=26 barrier_us=3804 (total barriers=630 experts=40874 bytes=93614.3 MiB time=19.206 s)
prefill staging: layer=27 tokens=1 unique=10 runs=30 bytes=22.2 MiB
prefill staging: layer=27 barrier_us=5113 (total barriers=631 experts=40884 bytes=93636.5 MiB time=19.211 s)
prefill staging: layer=27 tokens=1 unique=10 runs=30 bytes=22.2 MiB
prefill staging: layer=27 barrier_us=2912 (total barriers=632 experts=40894 bytes=93658.7 MiB time=19.214 s)
prefill staging: layer=28 tokens=1 unique=10 runs=30 bytes=22.2 MiB
prefill staging: layer=28 barrier_us=3542 (total barriers=633 experts=40904 bytes=93681.0 MiB time=19.218 s)
prefill staging: layer=28 tokens=1 unique=10 runs=30 bytes=22.2 MiB
prefill staging: layer=28 barrier_us=4953 (total barriers=634 experts=40914 bytes=93703.2 MiB time=19.223 s)
prefill staging: layer=29 tokens=1 unique=10 runs=30 bytes=22.2 MiB
prefill staging: layer=29 barrier_us=4551 (total barriers=635 experts=40924 bytes=93725.4 MiB time=19.227 s)
prefill staging: layer=29 tokens=1 unique=10 runs=30 bytes=22.2 MiB
prefill staging: layer=29 barrier_us=5404 (total barriers=636 experts=40934 bytes=93747.6 MiB time=19.233 s)
prefill staging: layer=30 tokens=1 unique=10 runs=30 bytes=30.0 MiB
prefill staging: layer=30 barrier_us=5678 (total barriers=637 experts=40944 bytes=93777.6 MiB time=19.238 s)
prefill staging: layer=30 tokens=1 unique=10 runs=30 bytes=30.0 MiB
prefill staging: layer=30 barrier_us=5069 (total barriers=638 experts=40954 bytes=93807.7 MiB time=19.243 s)
prefill staging: layer=31 tokens=1 unique=10 runs=27 bytes=22.2 MiB
prefill staging: layer=31 barrier_us=4717 (total barriers=639 experts=40964 bytes=93829.9 MiB time=19.248 s)
prefill staging: layer=31 tokens=1 unique=10 runs=27 bytes=22.2 MiB
prefill staging: layer=31 barrier_us=4583 (total barriers=640 experts=40974 bytes=93852.1 MiB time=19.253 s)
prefill staging: layer=32 tokens=1 unique=10 runs=30 bytes=22.2 MiB
prefill staging: layer=32 barrier_us=5168 (total barriers=641 experts=40984 bytes=93874.3 MiB time=19.258 s)
prefill staging: layer=32 tokens=1 unique=10 runs=30 bytes=22.2 MiB
prefill staging: layer=32 barrier_us=3910 (total barriers=642 experts=40994 bytes=93896.5 MiB time=19.262 s)
prefill staging: layer=33 tokens=1 unique=10 runs=30 bytes=22.2 MiB
prefill staging: layer=33 barrier_us=5030 (total barriers=643 experts=41004 bytes=93918.8 MiB time=19.267 s)
prefill staging: layer=33 tokens=1 unique=10 runs=30 bytes=22.2 MiB
prefill staging: layer=33 barrier_us=3445 (total barriers=644 experts=41014 bytes=93941.0 MiB time=19.270 s)
prefill staging: layer=34 tokens=1 unique=10 runs=30 bytes=22.2 MiB
prefill staging: layer=34 barrier_us=4299 (total barriers=645 experts=41024 bytes=93963.2 MiB time=19.275 s)
prefill staging: layer=34 tokens=1 unique=10 runs=30 bytes=22.2 MiB
prefill staging: layer=34 barrier_us=4112 (total barriers=646 experts=41034 bytes=93985.4 MiB time=19.279 s)
prefill staging: layer=35 tokens=1 unique=10 runs=30 bytes=22.2 MiB
prefill staging: layer=35 barrier_us=4006 (total barriers=647 experts=41044 bytes=94007.6 MiB time=19.283 s)
prefill staging: layer=35 tokens=1 unique=10 runs=30 bytes=22.2 MiB
prefill staging: layer=35 barrier_us=4645 (total barriers=648 experts=41054 bytes=94029.8 MiB time=19.287 s)
prefill staging: layer=36 tokens=1 unique=10 runs=30 bytes=22.2 MiB
prefill staging: layer=36 barrier_us=5161 (total barriers=649 experts=41064 bytes=94052.1 MiB time=19.292 s)
prefill staging: layer=36 tokens=1 unique=10 runs=30 bytes=22.2 MiB
prefill staging: layer=36 barrier_us=4201 (total barriers=650 experts=41074 bytes=94074.3 MiB time=19.297 s)
prefill staging: layer=37 tokens=1 unique=10 runs=30 bytes=22.2 MiB
prefill staging: layer=37 barrier_us=3650 (total barriers=651 experts=41084 bytes=94096.5 MiB time=19.300 s)
prefill staging: layer=37 tokens=1 unique=10 runs=30 bytes=22.2 MiB
prefill staging: layer=37 barrier_us=4735 (total barriers=652 experts=41094 bytes=94118.7 MiB time=19.305 s)
prefill staging: layer=38 tokens=1 unique=10 runs=30 bytes=22.2 MiB
prefill staging: layer=38 barrier_us=4450 (total barriers=653 experts=41104 bytes=94140.9 MiB time=19.309 s)
prefill staging: layer=38 tokens=1 unique=10 runs=30 bytes=22.2 MiB
prefill staging: layer=38 barrier_us=4479 (total barriers=654 experts=41114 bytes=94163.1 MiB time=19.314 s)
prefill staging: layer=39 tokens=1 unique=10 runs=30 bytes=22.2 MiB
prefill staging: layer=39 barrier_us=5821 (total barriers=655 experts=41124 bytes=94185.4 MiB time=19.320 s)
prefill staging: layer=39 tokens=1 unique=10 runs=30 bytes=22.2 MiB
prefill staging: layer=39 barrier_us=4726 (total barriers=656 experts=41134 bytes=94207.6 MiB time=19.325 s)
prefill staging: layer=40 tokens=1 unique=10 runs=27 bytes=22.2 MiB
prefill staging: layer=40 barrier_us=4881 (total barriers=657 experts=41144 bytes=94229.8 MiB time=19.329 s)
prefill staging: layer=40 tokens=1 unique=10 runs=27 bytes=22.2 MiB
prefill staging: layer=40 barrier_us=4183 (total barriers=658 experts=41154 bytes=94252.0 MiB time=19.334 s)
prefill staging: layer=41 tokens=1 unique=10 runs=30 bytes=22.2 MiB
prefill staging: layer=41 barrier_us=5491 (total barriers=659 experts=41164 bytes=94274.2 MiB time=19.339 s)
prefill staging: layer=41 tokens=1 unique=10 runs=30 bytes=22.2 MiB
prefill staging: layer=41 barrier_us=3318 (total barriers=660 experts=41174 bytes=94296.4 MiB time=19.342 s)
prefill staging: layer=42 tokens=1 unique=10 runs=27 bytes=22.2 MiB
prefill staging: layer=42 barrier_us=3372 (total barriers=661 experts=41184 bytes=94318.7 MiB time=19.346 s)
prefill staging: layer=42 tokens=1 unique=10 runs=27 bytes=22.2 MiB
prefill staging: layer=42 barrier_us=3839 (total barriers=662 experts=41194 bytes=94340.9 MiB time=19.350 s)
prefill staging: layer=43 tokens=1 unique=10 runs=30 bytes=22.2 MiB
prefill staging: layer=43 barrier_us=5206 (total barriers=663 experts=41204 bytes=94363.1 MiB time=19.355 s)
prefill staging: layer=43 tokens=1 unique=10 runs=30 bytes=22.2 MiB
prefill staging: layer=43 barrier_us=4548 (total barriers=664 experts=41214 bytes=94385.3 MiB time=19.359 s)
prefill staging: layer=44 tokens=1 unique=10 runs=27 bytes=22.2 MiB
prefill staging: layer=44 barrier_us=4925 (total barriers=665 experts=41224 bytes=94407.5 MiB time=19.364 s)
prefill staging: layer=44 tokens=1 unique=10 runs=27 bytes=22.2 MiB
prefill staging: layer=44 barrier_us=4292 (total barriers=666 experts=41234 bytes=94429.7 MiB time=19.369 s)
prefill staging: layer=45 tokens=1 unique=10 runs=30 bytes=22.2 MiB
prefill staging: layer=45 barrier_us=5114 (total barriers=667 experts=41244 bytes=94452.0 MiB time=19.374 s)
prefill staging: layer=45 tokens=1 unique=10 runs=30 bytes=22.2 MiB
prefill staging: layer=45 barrier_us=4026 (total barriers=668 experts=41254 bytes=94474.2 MiB time=19.378 s)
prefill staging: layer=46 tokens=1 unique=10 runs=30 bytes=30.0 MiB
prefill staging: layer=46 barrier_us=4513 (total barriers=669 experts=41264 bytes=94504.2 MiB time=19.382 s)
prefill staging: layer=46 tokens=1 unique=10 runs=30 bytes=30.0 MiB
prefill staging: layer=46 barrier_us=6346 (total barriers=670 experts=41274 bytes=94534.2 MiB time=19.389 s)
prefill staging: layer=47 tokens=1 unique=10 runs=30 bytes=30.0 MiB
prefill staging: layer=47 barrier_us=5946 (total barriers=671 experts=41284 bytes=94564.3 MiB time=19.395 s)
prefill staging: layer=47 tokens=1 unique=10 runs=30 bytes=30.0 MiB
prefill staging: layer=47 barrier_us=4136 (total barriers=672 experts=41294 bytes=94594.3 MiB time=19.399 s)
prefill staging: layer=0 tokens=1 unique=10 runs=30 bytes=22.2 MiB
prefill staging: layer=0 barrier_us=4684 (total barriers=673 experts=41304 bytes=94616.5 MiB time=19.403 s)
prefill staging: layer=0 tokens=1 unique=10 runs=30 bytes=22.2 MiB
prefill staging: layer=0 barrier_us=4064 (total barriers=674 experts=41314 bytes=94638.7 MiB time=19.407 s)
prefill staging: layer=1 tokens=1 unique=10 runs=30 bytes=22.2 MiB
prefill staging: layer=1 barrier_us=4730 (total barriers=675 experts=41324 bytes=94660.9 MiB time=19.412 s)
prefill staging: layer=1 tokens=1 unique=10 runs=30 bytes=22.2 MiB
prefill staging: layer=1 barrier_us=4165 (total barriers=676 experts=41334 bytes=94683.2 MiB time=19.416 s)
prefill staging: layer=2 tokens=1 unique=10 runs=27 bytes=33.2 MiB
prefill staging: layer=2 barrier_us=5399 (total barriers=677 experts=41344 bytes=94716.4 MiB time=19.422 s)
prefill staging: layer=2 tokens=1 unique=10 runs=27 bytes=33.2 MiB
prefill staging: layer=2 barrier_us=5197 (total barriers=678 experts=41354 bytes=94749.6 MiB time=19.427 s)
prefill staging: layer=3 tokens=1 unique=10 runs=30 bytes=22.2 MiB
prefill staging: layer=3 barrier_us=4207 (total barriers=679 experts=41364 bytes=94771.8 MiB time=19.431 s)
prefill staging: layer=3 tokens=1 unique=10 runs=30 bytes=22.2 MiB
prefill staging: layer=3 barrier_us=4340 (total barriers=680 experts=41374 bytes=94794.0 MiB time=19.435 s)
prefill staging: layer=4 tokens=1 unique=10 runs=30 bytes=30.0 MiB
prefill staging: layer=4 barrier_us=5687 (total barriers=681 experts=41384 bytes=94824.0 MiB time=19.441 s)
prefill staging: layer=4 tokens=1 unique=10 runs=30 bytes=30.0 MiB
prefill staging: layer=4 barrier_us=6080 (total barriers=682 experts=41394 bytes=94854.1 MiB time=19.447 s)
prefill staging: layer=5 tokens=1 unique=10 runs=30 bytes=22.2 MiB
prefill staging: layer=5 barrier_us=5040 (total barriers=683 experts=41404 bytes=94876.3 MiB time=19.452 s)
prefill staging: layer=5 tokens=1 unique=10 runs=30 bytes=22.2 MiB
prefill staging: layer=5 barrier_us=4777 (total barriers=684 experts=41414 bytes=94898.5 MiB time=19.457 s)
prefill staging: layer=6 tokens=1 unique=10 runs=30 bytes=22.2 MiB
prefill staging: layer=6 barrier_us=5238 (total barriers=685 experts=41424 bytes=94920.7 MiB time=19.462 s)
prefill staging: layer=6 tokens=1 unique=10 runs=30 bytes=22.2 MiB
prefill staging: layer=6 barrier_us=4749 (total barriers=686 experts=41434 bytes=94942.9 MiB time=19.467 s)
prefill staging: layer=7 tokens=1 unique=10 runs=30 bytes=22.2 MiB
prefill staging: layer=7 barrier_us=3502 (total barriers=687 experts=41444 bytes=94965.1 MiB time=19.470 s)
prefill staging: layer=7 tokens=1 unique=10 runs=30 bytes=22.2 MiB
prefill staging: layer=7 barrier_us=3849 (total barriers=688 experts=41454 bytes=94987.4 MiB time=19.474 s)
prefill staging: layer=8 tokens=1 unique=10 runs=30 bytes=22.2 MiB
prefill staging: layer=8 barrier_us=4196 (total barriers=689 experts=41464 bytes=95009.6 MiB time=19.479 s)
prefill staging: layer=8 tokens=1 unique=10 runs=30 bytes=22.2 MiB
prefill staging: layer=8 barrier_us=5168 (total barriers=690 experts=41474 bytes=95031.8 MiB time=19.484 s)
prefill staging: layer=9 tokens=1 unique=10 runs=30 bytes=22.2 MiB
prefill staging: layer=9 barrier_us=5144 (total barriers=691 experts=41484 bytes=95054.0 MiB time=19.489 s)
prefill staging: layer=9 tokens=1 unique=10 runs=30 bytes=22.2 MiB
prefill staging: layer=9 barrier_us=3845 (total barriers=692 experts=41494 bytes=95076.2 MiB time=19.493 s)
prefill staging: layer=10 tokens=1 unique=10 runs=30 bytes=22.2 MiB
prefill staging: layer=10 barrier_us=4720 (total barriers=693 experts=41504 bytes=95098.4 MiB time=19.497 s)
prefill staging: layer=10 tokens=1 unique=10 runs=30 bytes=22.2 MiB
prefill staging: layer=10 barrier_us=4366 (total barriers=694 experts=41514 bytes=95120.7 MiB time=19.502 s)
prefill staging: layer=11 tokens=1 unique=10 runs=30 bytes=22.2 MiB
prefill staging: layer=11 barrier_us=4965 (total barriers=695 experts=41524 bytes=95142.9 MiB time=19.507 s)
prefill staging: layer=11 tokens=1 unique=10 runs=30 bytes=22.2 MiB
prefill staging: layer=11 barrier_us=3722 (total barriers=696 experts=41534 bytes=95165.1 MiB time=19.510 s)
prefill staging: layer=12 tokens=1 unique=10 runs=27 bytes=22.2 MiB
prefill staging: layer=12 barrier_us=5489 (total barriers=697 experts=41544 bytes=95187.3 MiB time=19.516 s)
prefill staging: layer=12 tokens=1 unique=10 runs=27 bytes=22.2 MiB
prefill staging: layer=12 barrier_us=4432 (total barriers=698 experts=41554 bytes=95209.5 MiB time=19.520 s)
prefill staging: layer=13 tokens=1 unique=10 runs=30 bytes=22.2 MiB
prefill staging: layer=13 barrier_us=5682 (total barriers=699 experts=41564 bytes=95231.7 MiB time=19.526 s)
prefill staging: layer=13 tokens=1 unique=10 runs=30 bytes=22.2 MiB
prefill staging: layer=13 barrier_us=2960 (total barriers=700 experts=41574 bytes=95254.0 MiB time=19.529 s)
prefill staging: layer=14 tokens=1 unique=10 runs=30 bytes=22.2 MiB
prefill staging: layer=14 barrier_us=5339 (total barriers=701 experts=41584 bytes=95276.2 MiB time=19.534 s)
prefill staging: layer=14 tokens=1 unique=10 runs=30 bytes=22.2 MiB
prefill staging: layer=14 barrier_us=3324 (total barriers=702 experts=41594 bytes=95298.4 MiB time=19.538 s)
prefill staging: layer=15 tokens=1 unique=10 runs=30 bytes=22.2 MiB
prefill staging: layer=15 barrier_us=5006 (total barriers=703 experts=41604 bytes=95320.6 MiB time=19.543 s)
prefill staging: layer=15 tokens=1 unique=10 runs=30 bytes=22.2 MiB
prefill staging: layer=15 barrier_us=3356 (total barriers=704 experts=41614 bytes=95342.8 MiB time=19.546 s)
prefill staging: layer=16 tokens=1 unique=10 runs=27 bytes=22.2 MiB
prefill staging: layer=16 barrier_us=4455 (total barriers=705 experts=41624 bytes=95365.0 MiB time=19.550 s)
prefill staging: layer=16 tokens=1 unique=10 runs=27 bytes=22.2 MiB
prefill staging: layer=16 barrier_us=4004 (total barriers=706 experts=41634 bytes=95387.3 MiB time=19.554 s)
prefill staging: layer=17 tokens=1 unique=10 runs=30 bytes=22.2 MiB
prefill staging: layer=17 barrier_us=4371 (total barriers=707 experts=41644 bytes=95409.5 MiB time=19.559 s)
prefill staging: layer=17 tokens=1 unique=10 runs=30 bytes=22.2 MiB
prefill staging: layer=17 barrier_us=4493 (total barriers=708 experts=41654 bytes=95431.7 MiB time=19.563 s)
prefill staging: layer=18 tokens=1 unique=10 runs=30 bytes=22.2 MiB
prefill staging: layer=18 barrier_us=5104 (total barriers=709 experts=41664 bytes=95453.9 MiB time=19.568 s)
prefill staging: layer=18 tokens=1 unique=10 runs=30 bytes=22.2 MiB
prefill staging: layer=18 barrier_us=4455 (total barriers=710 experts=41674 bytes=95476.1 MiB time=19.573 s)
prefill staging: layer=19 tokens=1 unique=10 runs=30 bytes=22.2 MiB
prefill staging: layer=19 barrier_us=3229 (total barriers=711 experts=41684 bytes=95498.3 MiB time=19.576 s)
prefill staging: layer=19 tokens=1 unique=10 runs=30 bytes=22.2 MiB
prefill staging: layer=19 barrier_us=3326 (total barriers=712 experts=41694 bytes=95520.6 MiB time=19.579 s)
prefill staging: layer=20 tokens=1 unique=10 runs=30 bytes=22.2 MiB
prefill staging: layer=20 barrier_us=3919 (total barriers=713 experts=41704 bytes=95542.8 MiB time=19.583 s)
prefill staging: layer=20 tokens=1 unique=10 runs=30 bytes=22.2 MiB
prefill staging: layer=20 barrier_us=4906 (total barriers=714 experts=41714 bytes=95565.0 MiB time=19.588 s)
prefill staging: layer=21 tokens=1 unique=10 runs=30 bytes=22.2 MiB
prefill staging: layer=21 barrier_us=4612 (total barriers=715 experts=41724 bytes=95587.2 MiB time=19.593 s)
prefill staging: layer=21 tokens=1 unique=10 runs=30 bytes=22.2 MiB
prefill staging: layer=21 barrier_us=4752 (total barriers=716 experts=41734 bytes=95609.4 MiB time=19.598 s)
prefill staging: layer=22 tokens=1 unique=10 runs=30 bytes=22.2 MiB
prefill staging: layer=22 barrier_us=3544 (total barriers=717 experts=41744 bytes=95631.6 MiB time=19.601 s)
prefill staging: layer=22 tokens=1 unique=10 runs=30 bytes=22.2 MiB
prefill staging: layer=22 barrier_us=4798 (total barriers=718 experts=41754 bytes=95653.9 MiB time=19.606 s)
prefill staging: layer=23 tokens=1 unique=10 runs=30 bytes=22.2 MiB
prefill staging: layer=23 barrier_us=4894 (total barriers=719 experts=41764 bytes=95676.1 MiB time=19.611 s)
prefill staging: layer=23 tokens=1 unique=10 runs=30 bytes=22.2 MiB
prefill staging: layer=23 barrier_us=3778 (total barriers=720 experts=41774 bytes=95698.3 MiB time=19.615 s)
prefill staging: layer=24 tokens=1 unique=10 runs=30 bytes=22.2 MiB
prefill staging: layer=24 barrier_us=5461 (total barriers=721 experts=41784 bytes=95720.5 MiB time=19.620 s)
prefill staging: layer=24 tokens=1 unique=10 runs=30 bytes=22.2 MiB
prefill staging: layer=24 barrier_us=4262 (total barriers=722 experts=41794 bytes=95742.7 MiB time=19.624 s)
prefill staging: layer=25 tokens=1 unique=10 runs=30 bytes=22.2 MiB
prefill staging: layer=25 barrier_us=6129 (total barriers=723 experts=41804 bytes=95764.9 MiB time=19.631 s)
prefill staging: layer=25 tokens=1 unique=10 runs=30 bytes=22.2 MiB
prefill staging: layer=25 barrier_us=4745 (total barriers=724 experts=41814 bytes=95787.2 MiB time=19.635 s)
prefill staging: layer=26 tokens=1 unique=10 runs=30 bytes=22.2 MiB
prefill staging: layer=26 barrier_us=4946 (total barriers=725 experts=41824 bytes=95809.4 MiB time=19.640 s)
prefill staging: layer=26 tokens=1 unique=10 runs=30 bytes=22.2 MiB
prefill staging: layer=26 barrier_us=4366 (total barriers=726 experts=41834 bytes=95831.6 MiB time=19.645 s)
prefill staging: layer=27 tokens=1 unique=10 runs=30 bytes=22.2 MiB
prefill staging: layer=27 barrier_us=4261 (total barriers=727 experts=41844 bytes=95853.8 MiB time=19.649 s)
prefill staging: layer=27 tokens=1 unique=10 runs=30 bytes=22.2 MiB
prefill staging: layer=27 barrier_us=3864 (total barriers=728 experts=41854 bytes=95876.0 MiB time=19.653 s)
prefill staging: layer=28 tokens=1 unique=10 runs=30 bytes=22.2 MiB
prefill staging: layer=28 barrier_us=3869 (total barriers=729 experts=41864 bytes=95898.2 MiB time=19.657 s)
prefill staging: layer=28 tokens=1 unique=10 runs=30 bytes=22.2 MiB
prefill staging: layer=28 barrier_us=4376 (total barriers=730 experts=41874 bytes=95920.5 MiB time=19.661 s)
prefill staging: layer=29 tokens=1 unique=10 runs=30 bytes=22.2 MiB
prefill staging: layer=29 barrier_us=3689 (total barriers=731 experts=41884 bytes=95942.7 MiB time=19.665 s)
prefill staging: layer=29 tokens=1 unique=10 runs=30 bytes=22.2 MiB
prefill staging: layer=29 barrier_us=3855 (total barriers=732 experts=41894 bytes=95964.9 MiB time=19.668 s)
prefill staging: layer=30 tokens=1 unique=10 runs=30 bytes=30.0 MiB
prefill staging: layer=30 barrier_us=6671 (total barriers=733 experts=41904 bytes=95994.9 MiB time=19.675 s)
prefill staging: layer=30 tokens=1 unique=10 runs=30 bytes=30.0 MiB
prefill staging: layer=30 barrier_us=5795 (total barriers=734 experts=41914 bytes=96025.0 MiB time=19.681 s)
prefill staging: layer=31 tokens=1 unique=10 runs=30 bytes=22.2 MiB
prefill staging: layer=31 barrier_us=4825 (total barriers=735 experts=41924 bytes=96047.2 MiB time=19.686 s)
prefill staging: layer=31 tokens=1 unique=10 runs=30 bytes=22.2 MiB
prefill staging: layer=31 barrier_us=4053 (total barriers=736 experts=41934 bytes=96069.4 MiB time=19.690 s)
prefill staging: layer=32 tokens=1 unique=10 runs=30 bytes=22.2 MiB
prefill staging: layer=32 barrier_us=5646 (total barriers=737 experts=41944 bytes=96091.6 MiB time=19.695 s)
prefill staging: layer=32 tokens=1 unique=10 runs=30 bytes=22.2 MiB
prefill staging: layer=32 barrier_us=4860 (total barriers=738 experts=41954 bytes=96113.8 MiB time=19.700 s)
prefill staging: layer=33 tokens=1 unique=10 runs=30 bytes=22.2 MiB
prefill staging: layer=33 barrier_us=5146 (total barriers=739 experts=41964 bytes=96136.0 MiB time=19.705 s)
prefill staging: layer=33 tokens=1 unique=10 runs=30 bytes=22.2 MiB
prefill staging: layer=33 barrier_us=4482 (total barriers=740 experts=41974 bytes=96158.3 MiB time=19.710 s)
prefill staging: layer=34 tokens=1 unique=10 runs=27 bytes=22.2 MiB
prefill staging: layer=34 barrier_us=4870 (total barriers=741 experts=41984 bytes=96180.5 MiB time=19.715 s)
prefill staging: layer=34 tokens=1 unique=10 runs=27 bytes=22.2 MiB
prefill staging: layer=34 barrier_us=3697 (total barriers=742 experts=41994 bytes=96202.7 MiB time=19.719 s)
prefill staging: layer=35 tokens=1 unique=10 runs=30 bytes=22.2 MiB
prefill staging: layer=35 barrier_us=4873 (total barriers=743 experts=42004 bytes=96224.9 MiB time=19.723 s)
prefill staging: layer=35 tokens=1 unique=10 runs=30 bytes=22.2 MiB
prefill staging: layer=35 barrier_us=3404 (total barriers=744 experts=42014 bytes=96247.1 MiB time=19.727 s)
prefill staging: layer=36 tokens=1 unique=10 runs=27 bytes=22.2 MiB
prefill staging: layer=36 barrier_us=5047 (total barriers=745 experts=42024 bytes=96269.3 MiB time=19.732 s)
prefill staging: layer=36 tokens=1 unique=10 runs=27 bytes=22.2 MiB
prefill staging: layer=36 barrier_us=4363 (total barriers=746 experts=42034 bytes=96291.6 MiB time=19.736 s)
prefill staging: layer=37 tokens=1 unique=10 runs=30 bytes=22.2 MiB
prefill staging: layer=37 barrier_us=5117 (total barriers=747 experts=42044 bytes=96313.8 MiB time=19.741 s)
prefill staging: layer=37 tokens=1 unique=10 runs=30 bytes=22.2 MiB
prefill staging: layer=37 barrier_us=4477 (total barriers=748 experts=42054 bytes=96336.0 MiB time=19.746 s)
prefill staging: layer=38 tokens=1 unique=10 runs=30 bytes=22.2 MiB
prefill staging: layer=38 barrier_us=5328 (total barriers=749 experts=42064 bytes=96358.2 MiB time=19.751 s)
prefill staging: layer=38 tokens=1 unique=10 runs=30 bytes=22.2 MiB
prefill staging: layer=38 barrier_us=4544 (total barriers=750 experts=42074 bytes=96380.4 MiB time=19.756 s)
prefill staging: layer=39 tokens=1 unique=10 runs=30 bytes=22.2 MiB
prefill staging: layer=39 barrier_us=5533 (total barriers=751 experts=42084 bytes=96402.6 MiB time=19.761 s)
prefill staging: layer=39 tokens=1 unique=10 runs=30 bytes=22.2 MiB
prefill staging: layer=39 barrier_us=4787 (total barriers=752 experts=42094 bytes=96424.9 MiB time=19.766 s)
prefill staging: layer=40 tokens=1 unique=10 runs=30 bytes=22.2 MiB
prefill staging: layer=40 barrier_us=4983 (total barriers=753 experts=42104 bytes=96447.1 MiB time=19.771 s)
prefill staging: layer=40 tokens=1 unique=10 runs=30 bytes=22.2 MiB
prefill staging: layer=40 barrier_us=5110 (total barriers=754 experts=42114 bytes=96469.3 MiB time=19.776 s)
prefill staging: layer=41 tokens=1 unique=10 runs=30 bytes=22.2 MiB
prefill staging: layer=41 barrier_us=3860 (total barriers=755 experts=42124 bytes=96491.5 MiB time=19.780 s)
prefill staging: layer=41 tokens=1 unique=10 runs=30 bytes=22.2 MiB
prefill staging: layer=41 barrier_us=4458 (total barriers=756 experts=42134 bytes=96513.7 MiB time=19.784 s)
prefill staging: layer=42 tokens=1 unique=10 runs=30 bytes=22.2 MiB
prefill staging: layer=42 barrier_us=4028 (total barriers=757 experts=42144 bytes=96535.9 MiB time=19.788 s)
prefill staging: layer=42 tokens=1 unique=10 runs=30 bytes=22.2 MiB
prefill staging: layer=42 barrier_us=4711 (total barriers=758 experts=42154 bytes=96558.2 MiB time=19.793 s)
prefill staging: layer=43 tokens=1 unique=10 runs=30 bytes=22.2 MiB
prefill staging: layer=43 barrier_us=4188 (total barriers=759 experts=42164 bytes=96580.4 MiB time=19.797 s)
prefill staging: layer=43 tokens=1 unique=10 runs=30 bytes=22.2 MiB
prefill staging: layer=43 barrier_us=4137 (total barriers=760 experts=42174 bytes=96602.6 MiB time=19.801 s)
prefill staging: layer=44 tokens=1 unique=10 runs=27 bytes=22.2 MiB
prefill staging: layer=44 barrier_us=5304 (total barriers=761 experts=42184 bytes=96624.8 MiB time=19.807 s)
prefill staging: layer=44 tokens=1 unique=10 runs=27 bytes=22.2 MiB
prefill staging: layer=44 barrier_us=3956 (total barriers=762 experts=42194 bytes=96647.0 MiB time=19.811 s)
prefill staging: layer=45 tokens=1 unique=10 runs=30 bytes=22.2 MiB
prefill staging: layer=45 barrier_us=5046 (total barriers=763 experts=42204 bytes=96669.2 MiB time=19.816 s)
prefill staging: layer=45 tokens=1 unique=10 runs=30 bytes=22.2 MiB
prefill staging: layer=45 barrier_us=4756 (total barriers=764 experts=42214 bytes=96691.5 MiB time=19.821 s)
prefill staging: layer=46 tokens=1 unique=10 runs=30 bytes=30.0 MiB
prefill staging: layer=46 barrier_us=4097 (total barriers=765 experts=42224 bytes=96721.5 MiB time=19.825 s)
prefill staging: layer=46 tokens=1 unique=10 runs=30 bytes=30.0 MiB
prefill staging: layer=46 barrier_us=6211 (total barriers=766 experts=42234 bytes=96751.5 MiB time=19.831 s)
prefill staging: layer=47 tokens=1 unique=10 runs=30 bytes=30.0 MiB
prefill staging: layer=47 barrier_us=11431 (total barriers=767 experts=42244 bytes=96781.5 MiB time=19.842 s)
prefill staging: layer=47 tokens=1 unique=10 runs=30 bytes=30.0 MiB
prefill staging: layer=47 barrier_us=5912 (total barriers=768 experts=42254 bytes=96811.6 MiB time=19.848 s)
prefill staging: layer=0 tokens=1 unique=10 runs=30 bytes=22.2 MiB
prefill staging: layer=0 barrier_us=8026 (total barriers=769 experts=42264 bytes=96833.8 MiB time=19.856 s)
prefill staging: layer=0 tokens=1 unique=10 runs=30 bytes=22.2 MiB
prefill staging: layer=0 barrier_us=4840 (total barriers=770 experts=42274 bytes=96856.0 MiB time=19.861 s)
prefill staging: layer=1 tokens=1 unique=10 runs=30 bytes=22.2 MiB
prefill staging: layer=1 barrier_us=6789 (total barriers=771 experts=42284 bytes=96878.2 MiB time=19.868 s)
prefill staging: layer=1 tokens=1 unique=10 runs=30 bytes=22.2 MiB
prefill staging: layer=1 barrier_us=4523 (total barriers=772 experts=42294 bytes=96900.4 MiB time=19.872 s)
prefill staging: layer=2 tokens=1 unique=10 runs=30 bytes=33.2 MiB
prefill staging: layer=2 barrier_us=6727 (total barriers=773 experts=42304 bytes=96933.6 MiB time=19.879 s)
prefill staging: layer=2 tokens=1 unique=10 runs=30 bytes=33.2 MiB
prefill staging: layer=2 barrier_us=4204 (total barriers=774 experts=42314 bytes=96966.8 MiB time=19.883 s)
prefill staging: layer=3 tokens=1 unique=10 runs=30 bytes=22.2 MiB
prefill staging: layer=3 barrier_us=4553 (total barriers=775 experts=42324 bytes=96989.1 MiB time=19.888 s)
prefill staging: layer=3 tokens=1 unique=10 runs=30 bytes=22.2 MiB
prefill staging: layer=3 barrier_us=4161 (total barriers=776 experts=42334 bytes=97011.3 MiB time=19.892 s)
prefill staging: layer=4 tokens=1 unique=10 runs=30 bytes=30.0 MiB
prefill staging: layer=4 barrier_us=4686 (total barriers=777 experts=42344 bytes=97041.3 MiB time=19.897 s)
prefill staging: layer=4 tokens=1 unique=10 runs=30 bytes=30.0 MiB
prefill staging: layer=4 barrier_us=5323 (total barriers=778 experts=42354 bytes=97071.3 MiB time=19.902 s)
prefill staging: layer=5 tokens=1 unique=10 runs=30 bytes=22.2 MiB
prefill staging: layer=5 barrier_us=5023 (total barriers=779 experts=42364 bytes=97093.6 MiB time=19.907 s)
prefill staging: layer=5 tokens=1 unique=10 runs=30 bytes=22.2 MiB
prefill staging: layer=5 barrier_us=4267 (total barriers=780 experts=42374 bytes=97115.8 MiB time=19.911 s)
prefill staging: layer=6 tokens=1 unique=10 runs=27 bytes=22.2 MiB
prefill staging: layer=6 barrier_us=4962 (total barriers=781 experts=42384 bytes=97138.0 MiB time=19.916 s)
prefill staging: layer=6 tokens=1 unique=10 runs=27 bytes=22.2 MiB
prefill staging: layer=6 barrier_us=3737 (total barriers=782 experts=42394 bytes=97160.2 MiB time=19.920 s)
prefill staging: layer=7 tokens=1 unique=10 runs=30 bytes=22.2 MiB
prefill staging: layer=7 barrier_us=5372 (total barriers=783 experts=42404 bytes=97182.4 MiB time=19.925 s)
prefill staging: layer=7 tokens=1 unique=10 runs=30 bytes=22.2 MiB
prefill staging: layer=7 barrier_us=4363 (total barriers=784 experts=42414 bytes=97204.6 MiB time=19.930 s)
prefill staging: layer=8 tokens=1 unique=10 runs=30 bytes=22.2 MiB
prefill staging: layer=8 barrier_us=3908 (total barriers=785 experts=42424 bytes=97226.9 MiB time=19.934 s)
prefill staging: layer=8 tokens=1 unique=10 runs=30 bytes=22.2 MiB
prefill staging: layer=8 barrier_us=3391 (total barriers=786 experts=42434 bytes=97249.1 MiB time=19.937 s)
prefill staging: layer=9 tokens=1 unique=10 runs=30 bytes=22.2 MiB
prefill staging: layer=9 barrier_us=3384 (total barriers=787 experts=42444 bytes=97271.3 MiB time=19.940 s)
prefill staging: layer=9 tokens=1 unique=10 runs=30 bytes=22.2 MiB
prefill staging: layer=9 barrier_us=4859 (total barriers=788 experts=42454 bytes=97293.5 MiB time=19.945 s)
prefill staging: layer=10 tokens=1 unique=10 runs=30 bytes=22.2 MiB
prefill staging: layer=10 barrier_us=6691 (total barriers=789 experts=42464 bytes=97315.7 MiB time=19.952 s)
prefill staging: layer=10 tokens=1 unique=10 runs=30 bytes=22.2 MiB
prefill staging: layer=10 barrier_us=5026 (total barriers=790 experts=42474 bytes=97337.9 MiB time=19.957 s)
prefill staging: layer=11 tokens=1 unique=10 runs=30 bytes=22.2 MiB
prefill staging: layer=11 barrier_us=5919 (total barriers=791 experts=42484 bytes=97360.2 MiB time=19.963 s)
prefill staging: layer=11 tokens=1 unique=10 runs=30 bytes=22.2 MiB
prefill staging: layer=11 barrier_us=4528 (total barriers=792 experts=42494 bytes=97382.4 MiB time=19.967 s)
prefill staging: layer=12 tokens=1 unique=10 runs=30 bytes=22.2 MiB
prefill staging: layer=12 barrier_us=6328 (total barriers=793 experts=42504 bytes=97404.6 MiB time=19.974 s)
prefill staging: layer=12 tokens=1 unique=10 runs=30 bytes=22.2 MiB
prefill staging: layer=12 barrier_us=3451 (total barriers=794 experts=42514 bytes=97426.8 MiB time=19.977 s)
prefill staging: layer=13 tokens=1 unique=10 runs=30 bytes=22.2 MiB
prefill staging: layer=13 barrier_us=5275 (total barriers=795 experts=42524 bytes=97449.0 MiB time=19.982 s)
prefill staging: layer=13 tokens=1 unique=10 runs=30 bytes=22.2 MiB
prefill staging: layer=13 barrier_us=4896 (total barriers=796 experts=42534 bytes=97471.2 MiB time=19.987 s)
prefill staging: layer=14 tokens=1 unique=10 runs=30 bytes=22.2 MiB
prefill staging: layer=14 barrier_us=4645 (total barriers=797 experts=42544 bytes=97493.5 MiB time=19.992 s)
prefill staging: layer=14 tokens=1 unique=10 runs=30 bytes=22.2 MiB
prefill staging: layer=14 barrier_us=4426 (total barriers=798 experts=42554 bytes=97515.7 MiB time=19.996 s)
prefill staging: layer=15 tokens=1 unique=10 runs=30 bytes=22.2 MiB
prefill staging: layer=15 barrier_us=5794 (total barriers=799 experts=42564 bytes=97537.9 MiB time=20.002 s)
prefill staging: layer=15 tokens=1 unique=10 runs=30 bytes=22.2 MiB
prefill staging: layer=15 barrier_us=4130 (total barriers=800 experts=42574 bytes=97560.1 MiB time=20.006 s)
prefill staging: layer=16 tokens=1 unique=10 runs=30 bytes=22.2 MiB
prefill staging: layer=16 barrier_us=5120 (total barriers=801 experts=42584 bytes=97582.3 MiB time=20.011 s)
prefill staging: layer=16 tokens=1 unique=10 runs=30 bytes=22.2 MiB
prefill staging: layer=16 barrier_us=2903 (total barriers=802 experts=42594 bytes=97604.5 MiB time=20.014 s)
prefill staging: layer=17 tokens=1 unique=10 runs=30 bytes=22.2 MiB
prefill staging: layer=17 barrier_us=5588 (total barriers=803 experts=42604 bytes=97626.8 MiB time=20.020 s)
prefill staging: layer=17 tokens=1 unique=10 runs=30 bytes=22.2 MiB
prefill staging: layer=17 barrier_us=4253 (total barriers=804 experts=42614 bytes=97649.0 MiB time=20.024 s)
prefill staging: layer=18 tokens=1 unique=10 runs=27 bytes=22.2 MiB
prefill staging: layer=18 barrier_us=4088 (total barriers=805 experts=42624 bytes=97671.2 MiB time=20.028 s)
prefill staging: layer=18 tokens=1 unique=10 runs=27 bytes=22.2 MiB
prefill staging: layer=18 barrier_us=4329 (total barriers=806 experts=42634 bytes=97693.4 MiB time=20.033 s)
prefill staging: layer=19 tokens=1 unique=10 runs=30 bytes=22.2 MiB
prefill staging: layer=19 barrier_us=5936 (total barriers=807 experts=42644 bytes=97715.6 MiB time=20.039 s)
prefill staging: layer=19 tokens=1 unique=10 runs=30 bytes=22.2 MiB
prefill staging: layer=19 barrier_us=4066 (total barriers=808 experts=42654 bytes=97737.8 MiB time=20.043 s)
prefill staging: layer=20 tokens=1 unique=10 runs=30 bytes=22.2 MiB
prefill staging: layer=20 barrier_us=6088 (total barriers=809 experts=42664 bytes=97760.1 MiB time=20.049 s)
prefill staging: layer=20 tokens=1 unique=10 runs=30 bytes=22.2 MiB
prefill staging: layer=20 barrier_us=4089 (total barriers=810 experts=42674 bytes=97782.3 MiB time=20.053 s)
prefill staging: layer=21 tokens=1 unique=10 runs=30 bytes=22.2 MiB
prefill staging: layer=21 barrier_us=5499 (total barriers=811 experts=42684 bytes=97804.5 MiB time=20.058 s)
prefill staging: layer=21 tokens=1 unique=10 runs=30 bytes=22.2 MiB
prefill staging: layer=21 barrier_us=4244 (total barriers=812 experts=42694 bytes=97826.7 MiB time=20.063 s)
prefill staging: layer=22 tokens=1 unique=10 runs=30 bytes=22.2 MiB
prefill staging: layer=22 barrier_us=4375 (total barriers=813 experts=42704 bytes=97848.9 MiB time=20.067 s)
prefill staging: layer=22 tokens=1 unique=10 runs=30 bytes=22.2 MiB
prefill staging: layer=22 barrier_us=2895 (total barriers=814 experts=42714 bytes=97871.1 MiB time=20.070 s)
prefill staging: layer=23 tokens=1 unique=10 runs=30 bytes=22.2 MiB
prefill staging: layer=23 barrier_us=3546 (total barriers=815 experts=42724 bytes=97893.4 MiB time=20.073 s)
prefill staging: layer=23 tokens=1 unique=10 runs=30 bytes=22.2 MiB
prefill staging: layer=23 barrier_us=4481 (total barriers=816 experts=42734 bytes=97915.6 MiB time=20.078 s)
prefill staging: layer=24 tokens=1 unique=10 runs=30 bytes=22.2 MiB
prefill staging: layer=24 barrier_us=6534 (total barriers=817 experts=42744 bytes=97937.8 MiB time=20.084 s)
prefill staging: layer=24 tokens=1 unique=10 runs=30 bytes=22.2 MiB
prefill staging: layer=24 barrier_us=3415 (total barriers=818 experts=42754 bytes=97960.0 MiB time=20.088 s)
prefill staging: layer=25 tokens=1 unique=10 runs=30 bytes=22.2 MiB
prefill staging: layer=25 barrier_us=5349 (total barriers=819 experts=42764 bytes=97982.2 MiB time=20.093 s)
prefill staging: layer=25 tokens=1 unique=10 runs=30 bytes=22.2 MiB
prefill staging: layer=25 barrier_us=4707 (total barriers=820 experts=42774 bytes=98004.4 MiB time=20.098 s)
prefill staging: layer=26 tokens=1 unique=10 runs=30 bytes=22.2 MiB
prefill staging: layer=26 barrier_us=4933 (total barriers=821 experts=42784 bytes=98026.7 MiB time=20.103 s)
prefill staging: layer=26 tokens=1 unique=10 runs=30 bytes=22.2 MiB
prefill staging: layer=26 barrier_us=4698 (total barriers=822 experts=42794 bytes=98048.9 MiB time=20.108 s)
prefill staging: layer=27 tokens=1 unique=10 runs=27 bytes=22.2 MiB
prefill staging: layer=27 barrier_us=3209 (total barriers=823 experts=42804 bytes=98071.1 MiB time=20.111 s)
prefill staging: layer=27 tokens=1 unique=10 runs=27 bytes=22.2 MiB
prefill staging: layer=27 barrier_us=3371 (total barriers=824 experts=42814 bytes=98093.3 MiB time=20.114 s)
prefill staging: layer=28 tokens=1 unique=10 runs=30 bytes=22.2 MiB
prefill staging: layer=28 barrier_us=3619 (total barriers=825 experts=42824 bytes=98115.5 MiB time=20.118 s)
prefill staging: layer=28 tokens=1 unique=10 runs=30 bytes=22.2 MiB
prefill staging: layer=28 barrier_us=5076 (total barriers=826 experts=42834 bytes=98137.7 MiB time=20.123 s)
prefill staging: layer=29 tokens=1 unique=10 runs=30 bytes=22.2 MiB
prefill staging: layer=29 barrier_us=3308 (total barriers=827 experts=42844 bytes=98160.0 MiB time=20.126 s)
prefill staging: layer=29 tokens=1 unique=10 runs=30 bytes=22.2 MiB
prefill staging: layer=29 barrier_us=3491 (total barriers=828 experts=42854 bytes=98182.2 MiB time=20.130 s)
prefill staging: layer=30 tokens=1 unique=10 runs=30 bytes=30.0 MiB
prefill staging: layer=30 barrier_us=4402 (total barriers=829 experts=42864 bytes=98212.2 MiB time=20.134 s)
prefill staging: layer=30 tokens=1 unique=10 runs=30 bytes=30.0 MiB
prefill staging: layer=30 barrier_us=4641 (total barriers=830 experts=42874 bytes=98242.2 MiB time=20.139 s)
prefill staging: layer=31 tokens=1 unique=10 runs=30 bytes=22.2 MiB
prefill staging: layer=31 barrier_us=3676 (total barriers=831 experts=42884 bytes=98264.5 MiB time=20.142 s)
prefill staging: layer=31 tokens=1 unique=10 runs=30 bytes=22.2 MiB
prefill staging: layer=31 barrier_us=5607 (total barriers=832 experts=42894 bytes=98286.7 MiB time=20.148 s)
prefill staging: layer=32 tokens=1 unique=10 runs=30 bytes=22.2 MiB
prefill staging: layer=32 barrier_us=3667 (total barriers=833 experts=42904 bytes=98308.9 MiB time=20.152 s)
prefill staging: layer=32 tokens=1 unique=10 runs=30 bytes=22.2 MiB
prefill staging: layer=32 barrier_us=3617 (total barriers=834 experts=42914 bytes=98331.1 MiB time=20.155 s)
prefill staging: layer=33 tokens=1 unique=10 runs=30 bytes=22.2 MiB
prefill staging: layer=33 barrier_us=3660 (total barriers=835 experts=42924 bytes=98353.3 MiB time=20.159 s)
prefill staging: layer=33 tokens=1 unique=10 runs=30 bytes=22.2 MiB
prefill staging: layer=33 barrier_us=5187 (total barriers=836 experts=42934 bytes=98375.5 MiB time=20.164 s)
prefill staging: layer=34 tokens=1 unique=10 runs=27 bytes=22.2 MiB
prefill staging: layer=34 barrier_us=5025 (total barriers=837 experts=42944 bytes=98397.8 MiB time=20.169 s)
prefill staging: layer=34 tokens=1 unique=10 runs=27 bytes=22.2 MiB
prefill staging: layer=34 barrier_us=5021 (total barriers=838 experts=42954 bytes=98420.0 MiB time=20.174 s)
prefill staging: layer=35 tokens=1 unique=10 runs=30 bytes=22.2 MiB
prefill staging: layer=35 barrier_us=5583 (total barriers=839 experts=42964 bytes=98442.2 MiB time=20.180 s)
prefill staging: layer=35 tokens=1 unique=10 runs=30 bytes=22.2 MiB
prefill staging: layer=35 barrier_us=5842 (total barriers=840 experts=42974 bytes=98464.4 MiB time=20.186 s)
prefill staging: layer=36 tokens=1 unique=10 runs=27 bytes=22.2 MiB
prefill staging: layer=36 barrier_us=6190 (total barriers=841 experts=42984 bytes=98486.6 MiB time=20.192 s)
prefill staging: layer=36 tokens=1 unique=10 runs=27 bytes=22.2 MiB
prefill staging: layer=36 barrier_us=5672 (total barriers=842 experts=42994 bytes=98508.8 MiB time=20.197 s)
prefill staging: layer=37 tokens=1 unique=10 runs=27 bytes=22.2 MiB
prefill staging: layer=37 barrier_us=5566 (total barriers=843 experts=43004 bytes=98531.1 MiB time=20.203 s)
prefill staging: layer=37 tokens=1 unique=10 runs=27 bytes=22.2 MiB
prefill staging: layer=37 barrier_us=3581 (total barriers=844 experts=43014 bytes=98553.3 MiB time=20.207 s)
prefill staging: layer=38 tokens=1 unique=10 runs=30 bytes=22.2 MiB
prefill staging: layer=38 barrier_us=3670 (total barriers=845 experts=43024 bytes=98575.5 MiB time=20.210 s)
prefill staging: layer=38 tokens=1 unique=10 runs=30 bytes=22.2 MiB
prefill staging: layer=38 barrier_us=3610 (total barriers=846 experts=43034 bytes=98597.7 MiB time=20.214 s)
prefill staging: layer=39 tokens=1 unique=10 runs=27 bytes=22.2 MiB
prefill staging: layer=39 barrier_us=5057 (total barriers=847 experts=43044 bytes=98619.9 MiB time=20.219 s)
prefill staging: layer=39 tokens=1 unique=10 runs=27 bytes=22.2 MiB
prefill staging: layer=39 barrier_us=4286 (total barriers=848 experts=43054 bytes=98642.1 MiB time=20.223 s)
prefill staging: layer=40 tokens=1 unique=10 runs=30 bytes=22.2 MiB
prefill staging: layer=40 barrier_us=5563 (total barriers=849 experts=43064 bytes=98664.4 MiB time=20.229 s)
prefill staging: layer=40 tokens=1 unique=10 runs=30 bytes=22.2 MiB
prefill staging: layer=40 barrier_us=4710 (total barriers=850 experts=43074 bytes=98686.6 MiB time=20.233 s)
prefill staging: layer=41 tokens=1 unique=10 runs=30 bytes=22.2 MiB
prefill staging: layer=41 barrier_us=4843 (total barriers=851 experts=43084 bytes=98708.8 MiB time=20.238 s)
prefill staging: layer=41 tokens=1 unique=10 runs=30 bytes=22.2 MiB
prefill staging: layer=41 barrier_us=4643 (total barriers=852 experts=43094 bytes=98731.0 MiB time=20.243 s)
prefill staging: layer=42 tokens=1 unique=10 runs=30 bytes=22.2 MiB
prefill staging: layer=42 barrier_us=5209 (total barriers=853 experts=43104 bytes=98753.2 MiB time=20.248 s)
prefill staging: layer=42 tokens=1 unique=10 runs=30 bytes=22.2 MiB
prefill staging: layer=42 barrier_us=4649 (total barriers=854 experts=43114 bytes=98775.4 MiB time=20.253 s)
prefill staging: layer=43 tokens=1 unique=10 runs=30 bytes=22.2 MiB
prefill staging: layer=43 barrier_us=5151 (total barriers=855 experts=43124 bytes=98797.7 MiB time=20.258 s)
prefill staging: layer=43 tokens=1 unique=10 runs=30 bytes=22.2 MiB
prefill staging: layer=43 barrier_us=3286 (total barriers=856 experts=43134 bytes=98819.9 MiB time=20.261 s)
prefill staging: layer=44 tokens=1 unique=10 runs=30 bytes=22.2 MiB
prefill staging: layer=44 barrier_us=5390 (total barriers=857 experts=43144 bytes=98842.1 MiB time=20.267 s)
prefill staging: layer=44 tokens=1 unique=10 runs=30 bytes=22.2 MiB
prefill staging: layer=44 barrier_us=5417 (total barriers=858 experts=43154 bytes=98864.3 MiB time=20.272 s)
prefill staging: layer=45 tokens=1 unique=10 runs=30 bytes=22.2 MiB
prefill staging: layer=45 barrier_us=3482 (total barriers=859 experts=43164 bytes=98886.5 MiB time=20.275 s)
prefill staging: layer=45 tokens=1 unique=10 runs=30 bytes=22.2 MiB
prefill staging: layer=45 barrier_us=4903 (total barriers=860 experts=43174 bytes=98908.7 MiB time=20.280 s)
prefill staging: layer=46 tokens=1 unique=10 runs=30 bytes=30.0 MiB
prefill staging: layer=46 barrier_us=6473 (total barriers=861 experts=43184 bytes=98938.8 MiB time=20.287 s)
prefill staging: layer=46 tokens=1 unique=10 runs=30 bytes=30.0 MiB
prefill staging: layer=46 barrier_us=5977 (total barriers=862 experts=43194 bytes=98968.8 MiB time=20.293 s)
prefill staging: layer=47 tokens=1 unique=10 runs=30 bytes=30.0 MiB
prefill staging: layer=47 barrier_us=11743 (total barriers=863 experts=43204 bytes=98998.8 MiB time=20.305 s)
prefill staging: layer=47 tokens=1 unique=10 runs=30 bytes=30.0 MiB
prefill staging: layer=47 barrier_us=4807 (total barriers=864 experts=43214 bytes=99028.9 MiB time=20.309 s)
PREFILL_COLD_ONLY prompt=2048 n_batch=2048 n_ubatch=2048 prefill_ms=18024.409 tok_s=113.624
~llama_context:      CUDA0 compute buffer size is 2040.0000 MiB, matches expectation of 2040.0000 MiB
~llama_context:  CUDA_Host compute buffer size is  58.2539 MiB, matches expectation of  58.2539 MiB
