graph_id,node_index,op,fused_nodes,worker_us,barrier_us,graph_elapsed_us,name,src0,src1
0,0,GET_ROWS,0,3,1,4,"model.input_embed","token_embd.weight","inp_tokens"
0,69,RMS_NORM,0,1,7,1730,"norm-0","attn_output-0",""
1,5,MUL_MAT,0,327,10,676,"linear_attn_out-0","blk.0.ssm_out.weight","final_output-0"
1,34,SCALE,0,1,1,936,"ffn_moe_inp-0","node_104",""
1,70,ADD,0,2,0,1754,"ffn_moe_out-0","node_140","ffn_moe_weighted-0 (view)"
1,93,MUL_MAT,0,32,9,2645,"ffn_shexp-0","blk.0.ffn_down_shexp.weight","ffn_swiglu-0"
1,96,MUL,0,3,0,2656,"ffn_shexp_gated-0","ffn_shexp-0","shared_expert_gate_sigmoid-0"
1,97,ADD,0,1,0,2658,"ffn_out-0","ffn_moe_out-0","ffn_shexp_gated-0"
1,236,RMS_NORM,0,0,1,4834,"norm-1","attn_output-1",""
2,5,MUL_MAT,0,322,2,657,"linear_attn_out-1","blk.1.ssm_out.weight","final_output-1"
2,34,SCALE,0,0,2,1075,"ffn_moe_inp-1","node_342",""
2,70,ADD,0,1,1,1953,"ffn_moe_out-1","node_378","ffn_moe_weighted-1 (view)"
2,74,MUL_MAT,0,35,3,2081,"ffn_shexp-1","blk.1.ffn_down_shexp.weight","ffn_swiglu-1"
2,77,MUL,0,3,0,2090,"ffn_shexp_gated-1","ffn_shexp-1","shared_expert_gate_sigmoid-1"
2,78,ADD,0,1,0,2092,"ffn_out-1","ffn_moe_out-1","ffn_shexp_gated-1"
2,152,RMS_NORM,0,6,0,3738,"norm-2","attn_output-2",""
3,5,MUL_MAT,0,255,99,674,"linear_attn_out-2","blk.2.ssm_out.weight","final_output-2"
3,34,SCALE,0,0,8,1013,"ffn_moe_inp-2","node_496",""
3,70,ADD,0,1,1,2079,"ffn_moe_out-2","node_532","ffn_moe_weighted-2 (view)"
3,74,MUL_MAT,0,20,15,2195,"ffn_shexp-2","blk.2.ffn_down_shexp.weight","ffn_swiglu-2"
3,77,MUL,0,1,0,2210,"ffn_shexp_gated-2","ffn_shexp-2","shared_expert_gate_sigmoid-2"
3,78,ADD,0,1,0,2212,"ffn_out-2","ffn_moe_out-2","ffn_shexp_gated-2"
3,151,RMS_NORM,0,4,0,3237,"norm-3","indexer_k_pooled-3 (reshaped)",""
4,38,MUL_MAT,0,176,165,574,"attn_output-3","blk.3.attn_output.weight","attn_gated-3"
4,66,SCALE,0,0,1,798,"ffn_moe_inp-3","node_683",""
4,102,ADD,0,1,7,1593,"ffn_moe_out-3","node_719","ffn_moe_weighted-3 (view)"
4,106,MUL_MAT,0,24,17,1708,"ffn_shexp-3","blk.3.ffn_down_shexp.weight","ffn_swiglu-3"
4,109,MUL,0,1,0,1715,"ffn_shexp_gated-3","ffn_shexp-3","shared_expert_gate_sigmoid-3"
4,110,ADD,0,1,0,1717,"ffn_out-3","ffn_moe_out-3","ffn_shexp_gated-3"
4,184,RMS_NORM,0,0,2,2912,"norm-4","attn_output-4",""
5,5,MUL_MAT,0,167,176,673,"linear_attn_out-4","blk.4.ssm_out.weight","final_output-4"
5,34,SCALE,0,0,1,916,"ffn_moe_inp-4","node_837",""
5,70,ADD,0,1,1,1829,"ffn_moe_out-4","node_873","ffn_moe_weighted-4 (view)"
5,74,MUL_MAT,0,29,14,2002,"ffn_shexp-4","blk.4.ffn_down_shexp.weight","ffn_swiglu-4"
5,77,MUL,0,2,0,2010,"ffn_shexp_gated-4","ffn_shexp-4","shared_expert_gate_sigmoid-4"
5,78,ADD,0,1,0,2012,"ffn_out-4","ffn_moe_out-4","ffn_shexp_gated-4"
5,152,RMS_NORM,0,1,1,3377,"norm-5","attn_output-5",""
6,5,MUL_MAT,0,279,65,681,"linear_attn_out-5","blk.5.ssm_out.weight","final_output-5"
6,34,SCALE,0,0,2,1145,"ffn_moe_inp-5","node_991",""
6,70,ADD,0,2,0,1958,"ffn_moe_out-5","node_1027","ffn_moe_weighted-5 (view)"
6,74,MUL_MAT,0,30,9,2086,"ffn_shexp-5","blk.5.ffn_down_shexp.weight","ffn_swiglu-5"
6,77,MUL,0,1,1,2093,"ffn_shexp_gated-5","ffn_shexp-5","shared_expert_gate_sigmoid-5"
6,78,ADD,0,1,0,2094,"ffn_out-5","ffn_moe_out-5","ffn_shexp_gated-5"
6,152,RMS_NORM,0,1,2,3635,"norm-6","attn_output-6",""
7,5,MUL_MAT,0,257,94,699,"linear_attn_out-6","blk.6.ssm_out.weight","final_output-6"
7,34,SCALE,0,0,2,981,"ffn_moe_inp-6","node_1145",""
7,70,ADD,0,1,0,1797,"ffn_moe_out-6","node_1181","ffn_moe_weighted-6 (view)"
7,74,MUL_MAT,0,21,28,1941,"ffn_shexp-6","blk.6.ffn_down_shexp.weight","ffn_swiglu-6"
7,77,MUL,0,2,0,1948,"ffn_shexp_gated-6","ffn_shexp-6","shared_expert_gate_sigmoid-6"
7,78,ADD,0,1,14,1963,"ffn_out-6","ffn_moe_out-6","ffn_shexp_gated-6"
7,151,RMS_NORM,0,4,0,3000,"norm-7","indexer_k_pooled-7 (reshaped)",""
8,38,MUL_MAT,0,177,153,563,"attn_output-7","blk.7.attn_output.weight","attn_gated-7"
8,66,SCALE,0,0,2,820,"ffn_moe_inp-7","node_1332",""
8,102,ADD,0,0,1,1984,"ffn_moe_out-7","node_1368","ffn_moe_weighted-7 (view)"
8,106,MUL_MAT,0,21,16,2110,"ffn_shexp-7","blk.7.ffn_down_shexp.weight","ffn_swiglu-7"
8,109,MUL,0,1,1,2118,"ffn_shexp_gated-7","ffn_shexp-7","shared_expert_gate_sigmoid-7"
8,110,ADD,0,1,3,2122,"ffn_out-7","ffn_moe_out-7","ffn_shexp_gated-7"
8,184,RMS_NORM,0,0,8,3362,"norm-8","attn_output-8",""
9,5,MUL_MAT,0,235,97,645,"linear_attn_out-8","blk.8.ssm_out.weight","final_output-8"
9,34,SCALE,0,0,2,878,"ffn_moe_inp-8","node_1486",""
9,70,ADD,0,1,1,1739,"ffn_moe_out-8","node_1522","ffn_moe_weighted-8 (view)"
9,74,MUL_MAT,0,20,17,1856,"ffn_shexp-8","blk.8.ffn_down_shexp.weight","ffn_swiglu-8"
9,77,MUL,0,1,1,1866,"ffn_shexp_gated-8","ffn_shexp-8","shared_expert_gate_sigmoid-8"
9,78,ADD,0,1,1,1868,"ffn_out-8","ffn_moe_out-8","ffn_shexp_gated-8"
9,152,RMS_NORM,0,0,3,3266,"norm-9","attn_output-9",""
10,5,MUL_MAT,0,190,157,663,"linear_attn_out-9","blk.9.ssm_out.weight","final_output-9"
10,34,SCALE,0,0,1,920,"ffn_moe_inp-9","node_1640",""
10,70,ADD,0,1,1,1696,"ffn_moe_out-9","node_1676","ffn_moe_weighted-9 (view)"
10,74,MUL_MAT,0,19,18,1809,"ffn_shexp-9","blk.9.ffn_down_shexp.weight","ffn_swiglu-9"
10,77,MUL,0,2,0,1817,"ffn_shexp_gated-9","ffn_shexp-9","shared_expert_gate_sigmoid-9"
10,78,ADD,0,1,1,1819,"ffn_out-9","ffn_moe_out-9","ffn_shexp_gated-9"
10,152,RMS_NORM,0,1,1,3209,"norm-10","attn_output-10",""
11,5,MUL_MAT,0,213,125,650,"linear_attn_out-10","blk.10.ssm_out.weight","final_output-10"
11,34,SCALE,0,1,7,1051,"ffn_moe_inp-10","node_1794",""
11,70,ADD,0,1,0,1943,"ffn_moe_out-10","node_1830","ffn_moe_weighted-10 (view)"
11,74,MUL_MAT,0,32,6,2092,"ffn_shexp-10","blk.10.ffn_down_shexp.weight","ffn_swiglu-10"
11,77,MUL,0,2,0,2100,"ffn_shexp_gated-10","ffn_shexp-10","shared_expert_gate_sigmoid-10"
11,78,ADD,0,1,0,2102,"ffn_out-10","ffn_moe_out-10","ffn_shexp_gated-10"
11,151,RMS_NORM,0,4,0,3122,"norm-11","indexer_k_pooled-11 (reshaped)",""
12,38,MUL_MAT,0,270,49,579,"attn_output-11","blk.11.attn_output.weight","attn_gated-11"
12,66,SCALE,0,0,1,824,"ffn_moe_inp-11","node_1981",""
12,102,ADD,0,1,1,2203,"ffn_moe_out-11","node_2017","ffn_moe_weighted-11 (view)"
12,106,MUL_MAT,0,30,6,2339,"ffn_shexp-11","blk.11.ffn_down_shexp.weight","ffn_swiglu-11"
12,109,MUL,0,2,0,2357,"ffn_shexp_gated-11","ffn_shexp-11","shared_expert_gate_sigmoid-11"
12,110,ADD,0,1,0,2359,"ffn_out-11","ffn_moe_out-11","ffn_shexp_gated-11"
12,184,RMS_NORM,0,0,1,3716,"norm-12","attn_output-12",""
13,5,MUL_MAT,0,285,54,669,"linear_attn_out-12","blk.12.ssm_out.weight","final_output-12"
13,34,SCALE,0,0,2,908,"ffn_moe_inp-12","node_2135",""
13,70,ADD,0,1,0,1650,"ffn_moe_out-12","node_2171","ffn_moe_weighted-12 (view)"
13,74,MUL_MAT,0,29,6,1760,"ffn_shexp-12","blk.12.ffn_down_shexp.weight","ffn_swiglu-12"
13,77,MUL,0,2,1,1768,"ffn_shexp_gated-12","ffn_shexp-12","shared_expert_gate_sigmoid-12"
13,78,ADD,0,1,1,1770,"ffn_out-12","ffn_moe_out-12","ffn_shexp_gated-12"
13,152,RMS_NORM,0,1,1,3154,"norm-13","attn_output-13",""
14,5,MUL_MAT,0,290,61,687,"linear_attn_out-13","blk.13.ssm_out.weight","final_output-13"
14,34,SCALE,0,0,2,939,"ffn_moe_inp-13","node_2289",""
14,70,ADD,0,2,0,2168,"ffn_moe_out-13","node_2325","ffn_moe_weighted-13 (view)"
14,74,MUL_MAT,0,27,11,2284,"ffn_shexp-13","blk.13.ffn_down_shexp.weight","ffn_swiglu-13"
14,77,MUL,0,2,0,2291,"ffn_shexp_gated-13","ffn_shexp-13","shared_expert_gate_sigmoid-13"
14,78,ADD,0,1,0,2293,"ffn_out-13","ffn_moe_out-13","ffn_shexp_gated-13"
14,152,RMS_NORM,0,0,2,3692,"norm-14","attn_output-14",""
15,5,MUL_MAT,0,280,50,658,"linear_attn_out-14","blk.14.ssm_out.weight","final_output-14"
15,34,SCALE,0,0,2,1000,"ffn_moe_inp-14","node_2443",""
15,70,ADD,0,1,29,2538,"ffn_moe_out-14","node_2479","ffn_moe_weighted-14 (view)"
15,74,MUL_MAT,0,33,8,2665,"ffn_shexp-14","blk.14.ffn_down_shexp.weight","ffn_swiglu-14"
15,77,MUL,0,2,0,2674,"ffn_shexp_gated-14","ffn_shexp-14","shared_expert_gate_sigmoid-14"
15,78,ADD,0,1,2,2677,"ffn_out-14","ffn_moe_out-14","ffn_shexp_gated-14"
15,151,RMS_NORM,0,5,0,3748,"norm-15","indexer_k_pooled-15 (reshaped)",""
16,38,MUL_MAT,0,245,65,522,"attn_output-15","blk.15.attn_output.weight","attn_gated-15"
16,66,SCALE,0,0,2,761,"ffn_moe_inp-15","node_2630",""
16,102,ADD,0,1,0,1914,"ffn_moe_out-15","node_2666","ffn_moe_weighted-15 (view)"
16,106,MUL_MAT,0,34,12,2041,"ffn_shexp-15","blk.15.ffn_down_shexp.weight","ffn_swiglu-15"
16,109,MUL,0,3,6,2054,"ffn_shexp_gated-15","ffn_shexp-15","shared_expert_gate_sigmoid-15"
16,110,ADD,0,1,9,2064,"ffn_out-15","ffn_moe_out-15","ffn_shexp_gated-15"
16,184,RMS_NORM,0,0,2,3458,"norm-16","attn_output-16",""
17,5,MUL_MAT,0,266,65,671,"linear_attn_out-16","blk.16.ssm_out.weight","final_output-16"
17,34,SCALE,0,1,1,929,"ffn_moe_inp-16","node_2784",""
17,70,ADD,0,1,6,1724,"ffn_moe_out-16","node_2820","ffn_moe_weighted-16 (view)"
17,74,MUL_MAT,0,32,10,1846,"ffn_shexp-16","blk.16.ffn_down_shexp.weight","ffn_swiglu-16"
17,77,MUL,0,2,0,1855,"ffn_shexp_gated-16","ffn_shexp-16","shared_expert_gate_sigmoid-16"
17,78,ADD,0,2,0,1857,"ffn_out-16","ffn_moe_out-16","ffn_shexp_gated-16"
17,152,RMS_NORM,0,0,2,3166,"norm-17","attn_output-17",""
18,5,MUL_MAT,0,286,46,635,"linear_attn_out-17","blk.17.ssm_out.weight","final_output-17"
18,34,SCALE,0,0,0,911,"ffn_moe_inp-17","node_2938",""
18,70,ADD,0,2,0,1733,"ffn_moe_out-17","node_2974","ffn_moe_weighted-17 (view)"
18,74,MUL_MAT,0,31,7,1858,"ffn_shexp-17","blk.17.ffn_down_shexp.weight","ffn_swiglu-17"
18,77,MUL,0,2,1,1891,"ffn_shexp_gated-17","ffn_shexp-17","shared_expert_gate_sigmoid-17"
18,78,ADD,0,1,1,1893,"ffn_out-17","ffn_moe_out-17","ffn_shexp_gated-17"
18,152,RMS_NORM,0,0,7,3269,"norm-18","attn_output-18",""
19,5,MUL_MAT,0,277,69,712,"linear_attn_out-18","blk.18.ssm_out.weight","final_output-18"
19,34,SCALE,0,0,1,1024,"ffn_moe_inp-18","node_3092",""
19,70,ADD,0,1,1,1831,"ffn_moe_out-18","node_3128","ffn_moe_weighted-18 (view)"
19,74,MUL_MAT,0,27,7,1939,"ffn_shexp-18","blk.18.ffn_down_shexp.weight","ffn_swiglu-18"
19,77,MUL,0,2,0,1947,"ffn_shexp_gated-18","ffn_shexp-18","shared_expert_gate_sigmoid-18"
19,78,ADD,0,1,1,1949,"ffn_out-18","ffn_moe_out-18","ffn_shexp_gated-18"
19,151,RMS_NORM,0,4,0,3120,"norm-19","indexer_k_pooled-19 (reshaped)",""
20,38,MUL_MAT,0,260,70,558,"attn_output-19","blk.19.attn_output.weight","attn_gated-19"
20,66,SCALE,0,0,1,792,"ffn_moe_inp-19","node_3279",""
20,102,ADD,0,1,0,2069,"ffn_moe_out-19","node_3315","ffn_moe_weighted-19 (view)"
20,106,MUL_MAT,0,31,12,2194,"ffn_shexp-19","blk.19.ffn_down_shexp.weight","ffn_swiglu-19"
20,109,MUL,0,2,1,2207,"ffn_shexp_gated-19","ffn_shexp-19","shared_expert_gate_sigmoid-19"
20,110,ADD,0,1,0,2208,"ffn_out-19","ffn_moe_out-19","ffn_shexp_gated-19"
20,184,RMS_NORM,0,0,1,3688,"norm-20","attn_output-20",""
21,5,MUL_MAT,0,277,55,662,"linear_attn_out-20","blk.20.ssm_out.weight","final_output-20"
21,34,SCALE,0,0,1,986,"ffn_moe_inp-20","node_3433",""
21,70,ADD,0,1,1,2206,"ffn_moe_out-20","node_3469","ffn_moe_weighted-20 (view)"
21,74,MUL_MAT,0,31,8,2367,"ffn_shexp-20","blk.20.ffn_down_shexp.weight","ffn_swiglu-20"
21,77,MUL,0,2,0,2385,"ffn_shexp_gated-20","ffn_shexp-20","shared_expert_gate_sigmoid-20"
21,78,ADD,0,1,0,2387,"ffn_out-20","ffn_moe_out-20","ffn_shexp_gated-20"
21,152,RMS_NORM,0,1,1,3707,"norm-21","attn_output-21",""
22,5,MUL_MAT,0,279,58,670,"linear_attn_out-21","blk.21.ssm_out.weight","final_output-21"
22,34,SCALE,0,1,1,894,"ffn_moe_inp-21","node_3587",""
22,70,ADD,0,2,0,1626,"ffn_moe_out-21","node_3623","ffn_moe_weighted-21 (view)"
22,74,MUL_MAT,0,30,6,1736,"ffn_shexp-21","blk.21.ffn_down_shexp.weight","ffn_swiglu-21"
22,77,MUL,0,2,0,1743,"ffn_shexp_gated-21","ffn_shexp-21","shared_expert_gate_sigmoid-21"
22,78,ADD,0,1,1,1745,"ffn_out-21","ffn_moe_out-21","ffn_shexp_gated-21"
22,152,RMS_NORM,0,0,1,3102,"norm-22","attn_output-22",""
23,5,MUL_MAT,0,287,50,674,"linear_attn_out-22","blk.22.ssm_out.weight","final_output-22"
23,34,SCALE,0,0,1,931,"ffn_moe_inp-22","node_3741",""
23,70,ADD,0,2,0,1772,"ffn_moe_out-22","node_3777","ffn_moe_weighted-22 (view)"
23,74,MUL_MAT,0,32,4,1900,"ffn_shexp-22","blk.22.ffn_down_shexp.weight","ffn_swiglu-22"
23,77,MUL,0,2,0,1908,"ffn_shexp_gated-22","ffn_shexp-22","shared_expert_gate_sigmoid-22"
23,78,ADD,0,1,1,1910,"ffn_out-22","ffn_moe_out-22","ffn_shexp_gated-22"
23,151,RMS_NORM,0,4,1,2966,"norm-23","indexer_k_pooled-23 (reshaped)",""
24,38,MUL_MAT,0,285,57,591,"attn_output-23","blk.23.attn_output.weight","attn_gated-23"
24,66,SCALE,0,0,2,849,"ffn_moe_inp-23","node_3928",""
24,102,ADD,0,1,0,2061,"ffn_moe_out-23","node_3964","ffn_moe_weighted-23 (view)"
24,106,MUL_MAT,0,28,9,2173,"ffn_shexp-23","blk.23.ffn_down_shexp.weight","ffn_swiglu-23"
24,109,MUL,0,2,0,2180,"ffn_shexp_gated-23","ffn_shexp-23","shared_expert_gate_sigmoid-23"
24,110,ADD,0,1,0,2182,"ffn_out-23","ffn_moe_out-23","ffn_shexp_gated-23"
24,184,RMS_NORM,0,1,7,3515,"norm-24","attn_output-24",""
25,5,MUL_MAT,0,278,62,681,"linear_attn_out-24","blk.24.ssm_out.weight","final_output-24"
25,34,SCALE,0,0,2,938,"ffn_moe_inp-24","node_4082",""
25,70,ADD,0,1,0,1745,"ffn_moe_out-24","node_4118","ffn_moe_weighted-24 (view)"
25,74,MUL_MAT,0,30,6,1875,"ffn_shexp-24","blk.24.ffn_down_shexp.weight","ffn_swiglu-24"
25,77,MUL,0,2,0,1899,"ffn_shexp_gated-24","ffn_shexp-24","shared_expert_gate_sigmoid-24"
25,78,ADD,0,1,0,1901,"ffn_out-24","ffn_moe_out-24","ffn_shexp_gated-24"
25,152,RMS_NORM,0,0,3,3277,"norm-25","attn_output-25",""
26,5,MUL_MAT,0,298,46,683,"linear_attn_out-25","blk.25.ssm_out.weight","final_output-25"
26,34,SCALE,0,0,0,918,"ffn_moe_inp-25","node_4236",""
26,70,ADD,0,2,0,1726,"ffn_moe_out-25","node_4272","ffn_moe_weighted-25 (view)"
26,74,MUL_MAT,0,28,10,1845,"ffn_shexp-25","blk.25.ffn_down_shexp.weight","ffn_swiglu-25"
26,77,MUL,0,2,0,1852,"ffn_shexp_gated-25","ffn_shexp-25","shared_expert_gate_sigmoid-25"
26,78,ADD,0,2,0,1854,"ffn_out-25","ffn_moe_out-25","ffn_shexp_gated-25"
26,152,RMS_NORM,0,0,7,3276,"norm-26","attn_output-26",""
27,5,MUL_MAT,0,256,70,658,"linear_attn_out-26","blk.26.ssm_out.weight","final_output-26"
27,34,SCALE,0,0,1,887,"ffn_moe_inp-26","node_4390",""
27,70,ADD,0,1,1,1756,"ffn_moe_out-26","node_4426","ffn_moe_weighted-26 (view)"
27,74,MUL_MAT,0,30,7,1871,"ffn_shexp-26","blk.26.ffn_down_shexp.weight","ffn_swiglu-26"
27,77,MUL,0,2,0,1879,"ffn_shexp_gated-26","ffn_shexp-26","shared_expert_gate_sigmoid-26"
27,78,ADD,0,2,0,1881,"ffn_out-26","ffn_moe_out-26","ffn_shexp_gated-26"
27,151,RMS_NORM,0,4,1,3081,"norm-27","indexer_k_pooled-27 (reshaped)",""
28,38,MUL_MAT,0,269,53,559,"attn_output-27","blk.27.attn_output.weight","attn_gated-27"
28,66,SCALE,0,0,2,784,"ffn_moe_inp-27","node_4577",""
28,102,ADD,0,1,1,1617,"ffn_moe_out-27","node_4613","ffn_moe_weighted-27 (view)"
28,106,MUL_MAT,0,22,17,1745,"ffn_shexp-27","blk.27.ffn_down_shexp.weight","ffn_swiglu-27"
28,109,MUL,0,2,0,1766,"ffn_shexp_gated-27","ffn_shexp-27","shared_expert_gate_sigmoid-27"
28,110,ADD,0,1,0,1768,"ffn_out-27","ffn_moe_out-27","ffn_shexp_gated-27"
28,184,RMS_NORM,0,1,1,3149,"norm-28","attn_output-28",""
29,5,MUL_MAT,0,292,52,667,"linear_attn_out-28","blk.28.ssm_out.weight","final_output-28"
29,34,SCALE,0,0,2,919,"ffn_moe_inp-28","node_4731",""
29,70,ADD,0,1,0,1735,"ffn_moe_out-28","node_4767","ffn_moe_weighted-28 (view)"
29,74,MUL_MAT,0,28,12,1853,"ffn_shexp-28","blk.28.ffn_down_shexp.weight","ffn_swiglu-28"
29,77,MUL,0,2,0,1860,"ffn_shexp_gated-28","ffn_shexp-28","shared_expert_gate_sigmoid-28"
29,78,ADD,0,1,1,1862,"ffn_out-28","ffn_moe_out-28","ffn_shexp_gated-28"
29,152,RMS_NORM,0,0,2,3338,"norm-29","attn_output-29",""
30,5,MUL_MAT,0,303,53,702,"linear_attn_out-29","blk.29.ssm_out.weight","final_output-29"
30,34,SCALE,0,0,1,958,"ffn_moe_inp-29","node_4885",""
30,70,ADD,0,1,1,1696,"ffn_moe_out-29","node_4921","ffn_moe_weighted-29 (view)"
30,74,MUL_MAT,0,33,3,1820,"ffn_shexp-29","blk.29.ffn_down_shexp.weight","ffn_swiglu-29"
30,77,MUL,0,2,1,1829,"ffn_shexp_gated-29","ffn_shexp-29","shared_expert_gate_sigmoid-29"
30,78,ADD,0,1,0,1830,"ffn_out-29","ffn_moe_out-29","ffn_shexp_gated-29"
30,152,RMS_NORM,0,0,4,3266,"norm-30","attn_output-30",""
31,5,MUL_MAT,0,277,70,686,"linear_attn_out-30","blk.30.ssm_out.weight","final_output-30"
31,34,SCALE,0,0,2,938,"ffn_moe_inp-30","node_5039",""
31,70,ADD,0,1,0,2064,"ffn_moe_out-30","node_5075","ffn_moe_weighted-30 (view)"
31,74,MUL_MAT,0,21,18,2180,"ffn_shexp-30","blk.30.ffn_down_shexp.weight","ffn_swiglu-30"
31,77,MUL,0,1,1,2188,"ffn_shexp_gated-30","ffn_shexp-30","shared_expert_gate_sigmoid-30"
31,78,ADD,0,1,0,2189,"ffn_out-30","ffn_moe_out-30","ffn_shexp_gated-30"
31,151,RMS_NORM,0,3,0,3297,"norm-31","indexer_k_pooled-31 (reshaped)",""
32,38,MUL_MAT,0,180,133,516,"attn_output-31","blk.31.attn_output.weight","attn_gated-31"
32,66,SCALE,0,0,2,841,"ffn_moe_inp-31","node_5226",""
32,102,ADD,0,1,1,1981,"ffn_moe_out-31","node_5262","ffn_moe_weighted-31 (view)"
32,106,MUL_MAT,0,23,13,2122,"ffn_shexp-31","blk.31.ffn_down_shexp.weight","ffn_swiglu-31"
32,109,MUL,0,1,1,2151,"ffn_shexp_gated-31","ffn_shexp-31","shared_expert_gate_sigmoid-31"
32,110,ADD,0,1,1,2153,"ffn_out-31","ffn_moe_out-31","ffn_shexp_gated-31"
32,184,RMS_NORM,0,0,2,3514,"norm-32","attn_output-32",""
33,5,MUL_MAT,0,227,115,680,"linear_attn_out-32","blk.32.ssm_out.weight","final_output-32"
33,34,SCALE,0,0,4,925,"ffn_moe_inp-32","node_5380",""
33,70,ADD,0,1,1,1691,"ffn_moe_out-32","node_5416","ffn_moe_weighted-32 (view)"
33,74,MUL_MAT,0,19,17,1804,"ffn_shexp-32","blk.32.ffn_down_shexp.weight","ffn_swiglu-32"
33,77,MUL,0,1,1,1812,"ffn_shexp_gated-32","ffn_shexp-32","shared_expert_gate_sigmoid-32"
33,78,ADD,0,1,1,1814,"ffn_out-32","ffn_moe_out-32","ffn_shexp_gated-32"
33,152,RMS_NORM,0,0,1,3089,"norm-33","attn_output-33",""
34,5,MUL_MAT,0,216,136,700,"linear_attn_out-33","blk.33.ssm_out.weight","final_output-33"
34,34,SCALE,0,0,1,983,"ffn_moe_inp-33","node_5534",""
34,70,ADD,0,1,1,2473,"ffn_moe_out-33","node_5570","ffn_moe_weighted-33 (view)"
34,74,MUL_MAT,0,29,8,2606,"ffn_shexp-33","blk.33.ffn_down_shexp.weight","ffn_swiglu-33"
34,77,MUL,0,2,0,2625,"ffn_shexp_gated-33","ffn_shexp-33","shared_expert_gate_sigmoid-33"
34,78,ADD,0,1,1,2627,"ffn_out-33","ffn_moe_out-33","ffn_shexp_gated-33"
34,152,RMS_NORM,0,0,2,3953,"norm-34","attn_output-34",""
35,5,MUL_MAT,0,275,79,763,"linear_attn_out-34","blk.34.ssm_out.weight","final_output-34"
35,34,SCALE,0,0,1,1240,"ffn_moe_inp-34","node_5688",""
35,70,ADD,0,2,0,2065,"ffn_moe_out-34","node_5724","ffn_moe_weighted-34 (view)"
35,74,MUL_MAT,0,33,6,2199,"ffn_shexp-34","blk.34.ffn_down_shexp.weight","ffn_swiglu-34"
35,77,MUL,0,2,0,2206,"ffn_shexp_gated-34","ffn_shexp-34","shared_expert_gate_sigmoid-34"
35,78,ADD,0,1,1,2208,"ffn_out-34","ffn_moe_out-34","ffn_shexp_gated-34"
35,151,RMS_NORM,0,4,1,3312,"norm-35","indexer_k_pooled-35 (reshaped)",""
36,38,MUL_MAT,0,250,76,591,"attn_output-35","blk.35.attn_output.weight","attn_gated-35"
36,66,SCALE,0,1,1,854,"ffn_moe_inp-35","node_5875",""
36,102,ADD,0,1,0,1609,"ffn_moe_out-35","node_5911","ffn_moe_weighted-35 (view)"
36,106,MUL_MAT,0,28,14,1728,"ffn_shexp-35","blk.35.ffn_down_shexp.weight","ffn_swiglu-35"
36,109,MUL,0,2,0,1740,"ffn_shexp_gated-35","ffn_shexp-35","shared_expert_gate_sigmoid-35"
36,110,ADD,0,1,1,1742,"ffn_out-35","ffn_moe_out-35","ffn_shexp_gated-35"
36,184,RMS_NORM,0,0,2,3002,"norm-36","attn_output-36",""
37,5,MUL_MAT,0,302,62,748,"linear_attn_out-36","blk.36.ssm_out.weight","final_output-36"
37,34,SCALE,0,0,2,1010,"ffn_moe_inp-36","node_6029",""
37,70,ADD,0,1,1,1884,"ffn_moe_out-36","node_6065","ffn_moe_weighted-36 (view)"
37,74,MUL_MAT,0,29,13,2006,"ffn_shexp-36","blk.36.ffn_down_shexp.weight","ffn_swiglu-36"
37,77,MUL,0,1,1,2013,"ffn_shexp_gated-36","ffn_shexp-36","shared_expert_gate_sigmoid-36"
37,78,ADD,0,1,0,2014,"ffn_out-36","ffn_moe_out-36","ffn_shexp_gated-36"
37,152,RMS_NORM,0,0,1,3343,"norm-37","attn_output-37",""
38,5,MUL_MAT,0,279,47,637,"linear_attn_out-37","blk.37.ssm_out.weight","final_output-37"
38,34,SCALE,0,1,94,971,"ffn_moe_inp-37","node_6183",""
38,70,ADD,0,1,1,1783,"ffn_moe_out-37","node_6219","ffn_moe_weighted-37 (view)"
38,74,MUL_MAT,0,28,15,1904,"ffn_shexp-37","blk.37.ffn_down_shexp.weight","ffn_swiglu-37"
38,77,MUL,0,2,0,1914,"ffn_shexp_gated-37","ffn_shexp-37","shared_expert_gate_sigmoid-37"
38,78,ADD,0,1,1,1917,"ffn_out-37","ffn_moe_out-37","ffn_shexp_gated-37"
38,152,RMS_NORM,0,1,1,3267,"norm-38","attn_output-38",""
39,5,MUL_MAT,0,181,154,668,"linear_attn_out-38","blk.38.ssm_out.weight","final_output-38"
39,34,SCALE,0,1,17,964,"ffn_moe_inp-38","node_6337",""
39,70,ADD,0,1,1,1972,"ffn_moe_out-38","node_6373","ffn_moe_weighted-38 (view)"
39,74,MUL_MAT,0,20,17,2091,"ffn_shexp-38","blk.38.ffn_down_shexp.weight","ffn_swiglu-38"
39,77,MUL,0,2,0,2099,"ffn_shexp_gated-38","ffn_shexp-38","shared_expert_gate_sigmoid-38"
39,78,ADD,0,1,1,2101,"ffn_out-38","ffn_moe_out-38","ffn_shexp_gated-38"
39,87,ADD,0,2,1,2138,"l_last-38","hc_combine-38","node_6390"
40,0,GET_ROWS,0,1,1,3,"model.input_embed","token_embd.weight","inp_tokens"
40,69,RMS_NORM,0,0,9,1158,"norm-0","attn_output-0",""
41,5,MUL_MAT,0,309,58,732,"linear_attn_out-0","blk.0.ssm_out.weight","final_output-0"
41,34,SCALE,0,0,1,1026,"ffn_moe_inp-0","node_104",""
41,70,ADD,0,1,1,1919,"ffn_moe_out-0","node_140","ffn_moe_weighted-0 (view)"
41,93,MUL_MAT,0,18,26,2805,"ffn_shexp-0","blk.0.ffn_down_shexp.weight","ffn_swiglu-0"
41,96,MUL,0,2,10,2826,"ffn_shexp_gated-0","ffn_shexp-0","shared_expert_gate_sigmoid-0"
41,97,ADD,0,1,7,2834,"ffn_out-0","ffn_moe_out-0","ffn_shexp_gated-0"
41,236,RMS_NORM,0,0,10,4474,"norm-1","attn_output-1",""
42,5,MUL_MAT,0,183,135,619,"linear_attn_out-1","blk.1.ssm_out.weight","final_output-1"
42,34,SCALE,0,0,2,910,"ffn_moe_inp-1","node_342",""
42,70,ADD,0,1,0,2304,"ffn_moe_out-1","node_378","ffn_moe_weighted-1 (view)"
42,74,MUL_MAT,0,22,22,2440,"ffn_shexp-1","blk.1.ffn_down_shexp.weight","ffn_swiglu-1"
42,77,MUL,0,2,0,2454,"ffn_shexp_gated-1","ffn_shexp-1","shared_expert_gate_sigmoid-1"
42,78,ADD,0,0,1,2456,"ffn_out-1","ffn_moe_out-1","ffn_shexp_gated-1"
42,152,RMS_NORM,0,1,2,3801,"norm-2","attn_output-2",""
43,5,MUL_MAT,0,175,151,637,"linear_attn_out-2","blk.2.ssm_out.weight","final_output-2"
43,34,SCALE,0,0,2,894,"ffn_moe_inp-2","node_496",""
43,70,ADD,0,1,1,1859,"ffn_moe_out-2","node_532","ffn_moe_weighted-2 (view)"
43,74,MUL_MAT,0,24,19,2068,"ffn_shexp-2","blk.2.ffn_down_shexp.weight","ffn_swiglu-2"
43,77,MUL,0,1,1,2076,"ffn_shexp_gated-2","ffn_shexp-2","shared_expert_gate_sigmoid-2"
43,78,ADD,0,1,1,2078,"ffn_out-2","ffn_moe_out-2","ffn_shexp_gated-2"
43,151,RMS_NORM,0,4,6,3140,"norm-3","indexer_k_pooled-3 (reshaped)",""
44,38,MUL_MAT,0,168,160,563,"attn_output-3","blk.3.attn_output.weight","attn_gated-3"
44,66,SCALE,0,0,2,830,"ffn_moe_inp-3","node_683",""
44,102,ADD,0,2,0,2305,"ffn_moe_out-3","node_719","ffn_moe_weighted-3 (view)"
44,106,MUL_MAT,0,33,3,2422,"ffn_shexp-3","blk.3.ffn_down_shexp.weight","ffn_swiglu-3"
44,109,MUL,0,3,0,2432,"ffn_shexp_gated-3","ffn_shexp-3","shared_expert_gate_sigmoid-3"
44,110,ADD,0,1,0,2434,"ffn_out-3","ffn_moe_out-3","ffn_shexp_gated-3"
44,184,RMS_NORM,0,0,10,4098,"norm-4","attn_output-4",""
45,5,MUL_MAT,0,340,14,697,"linear_attn_out-4","blk.4.ssm_out.weight","final_output-4"
45,34,SCALE,0,0,1,1101,"ffn_moe_inp-4","node_837",""
45,70,ADD,0,1,1,2091,"ffn_moe_out-4","node_873","ffn_moe_weighted-4 (view)"
45,74,MUL_MAT,0,38,9,2245,"ffn_shexp-4","blk.4.ffn_down_shexp.weight","ffn_swiglu-4"
45,77,MUL,0,3,0,2254,"ffn_shexp_gated-4","ffn_shexp-4","shared_expert_gate_sigmoid-4"
45,78,ADD,0,2,0,2256,"ffn_out-4","ffn_moe_out-4","ffn_shexp_gated-4"
45,152,RMS_NORM,0,1,1,3913,"norm-5","attn_output-5",""
46,5,MUL_MAT,0,298,17,620,"linear_attn_out-5","blk.5.ssm_out.weight","final_output-5"
46,34,SCALE,0,0,2,868,"ffn_moe_inp-5","node_991",""
46,70,ADD,0,2,0,1730,"ffn_moe_out-5","node_1027","ffn_moe_weighted-5 (view)"
46,74,MUL_MAT,0,36,5,1849,"ffn_shexp-5","blk.5.ffn_down_shexp.weight","ffn_swiglu-5"
46,77,MUL,0,3,0,1862,"ffn_shexp_gated-5","ffn_shexp-5","shared_expert_gate_sigmoid-5"
46,78,ADD,0,2,0,1864,"ffn_out-5","ffn_moe_out-5","ffn_shexp_gated-5"
46,152,RMS_NORM,0,1,116,3666,"norm-6","attn_output-6",""
47,5,MUL_MAT,0,336,3,665,"linear_attn_out-6","blk.6.ssm_out.weight","final_output-6"
47,34,SCALE,0,0,1,947,"ffn_moe_inp-6","node_1145",""
47,70,ADD,0,2,0,1723,"ffn_moe_out-6","node_1181","ffn_moe_weighted-6 (view)"
47,74,MUL_MAT,0,40,4,1857,"ffn_shexp-6","blk.6.ffn_down_shexp.weight","ffn_swiglu-6"
47,77,MUL,0,3,0,1873,"ffn_shexp_gated-6","ffn_shexp-6","shared_expert_gate_sigmoid-6"
47,78,ADD,0,2,0,1875,"ffn_out-6","ffn_moe_out-6","ffn_shexp_gated-6"
47,151,RMS_NORM,0,9,0,2902,"norm-7","indexer_k_pooled-7 (reshaped)",""
48,38,MUL_MAT,0,320,3,531,"attn_output-7","blk.7.attn_output.weight","attn_gated-7"
48,66,SCALE,0,0,1,785,"ffn_moe_inp-7","node_1332",""
48,102,ADD,0,1,1,1929,"ffn_moe_out-7","node_1368","ffn_moe_weighted-7 (view)"
48,106,MUL_MAT,0,39,1,2055,"ffn_shexp-7","blk.7.ffn_down_shexp.weight","ffn_swiglu-7"
48,109,MUL,0,3,0,2065,"ffn_shexp_gated-7","ffn_shexp-7","shared_expert_gate_sigmoid-7"
48,110,ADD,0,1,0,2067,"ffn_out-7","ffn_moe_out-7","ffn_shexp_gated-7"
48,184,RMS_NORM,0,0,2,3663,"norm-8","attn_output-8",""
49,5,MUL_MAT,0,263,65,658,"linear_attn_out-8","blk.8.ssm_out.weight","final_output-8"
49,34,SCALE,0,0,1,904,"ffn_moe_inp-8","node_1486",""
49,70,ADD,0,1,1,1725,"ffn_moe_out-8","node_1522","ffn_moe_weighted-8 (view)"
49,74,MUL_MAT,0,33,5,1863,"ffn_shexp-8","blk.8.ffn_down_shexp.weight","ffn_swiglu-8"
49,77,MUL,0,2,0,1874,"ffn_shexp_gated-8","ffn_shexp-8","shared_expert_gate_sigmoid-8"
49,78,ADD,0,1,1,1876,"ffn_out-8","ffn_moe_out-8","ffn_shexp_gated-8"
49,152,RMS_NORM,0,0,2,3219,"norm-9","attn_output-9",""
50,5,MUL_MAT,0,277,75,716,"linear_attn_out-9","blk.9.ssm_out.weight","final_output-9"
50,34,SCALE,0,0,1,954,"ffn_moe_inp-9","node_1640",""
50,70,ADD,0,1,1,1734,"ffn_moe_out-9","node_1676","ffn_moe_weighted-9 (view)"
50,74,MUL_MAT,0,32,6,1854,"ffn_shexp-9","blk.9.ffn_down_shexp.weight","ffn_swiglu-9"
50,77,MUL,0,1,1,1862,"ffn_shexp_gated-9","ffn_shexp-9","shared_expert_gate_sigmoid-9"
50,78,ADD,0,1,0,1863,"ffn_out-9","ffn_moe_out-9","ffn_shexp_gated-9"
50,152,RMS_NORM,0,1,1,3203,"norm-10","attn_output-10",""
51,5,MUL_MAT,0,279,64,676,"linear_attn_out-10","blk.10.ssm_out.weight","final_output-10"
51,34,SCALE,0,1,1,934,"ffn_moe_inp-10","node_1794",""
51,70,ADD,0,2,0,1761,"ffn_moe_out-10","node_1830","ffn_moe_weighted-10 (view)"
51,74,MUL_MAT,0,30,9,1883,"ffn_shexp-10","blk.10.ffn_down_shexp.weight","ffn_swiglu-10"
51,77,MUL,0,2,0,1899,"ffn_shexp_gated-10","ffn_shexp-10","shared_expert_gate_sigmoid-10"
51,78,ADD,0,1,2,1902,"ffn_out-10","ffn_moe_out-10","ffn_shexp_gated-10"
51,151,RMS_NORM,0,5,0,2978,"norm-11","indexer_k_pooled-11 (reshaped)",""
52,38,MUL_MAT,0,271,50,538,"attn_output-11","blk.11.attn_output.weight","attn_gated-11"
52,66,SCALE,0,1,1,789,"ffn_moe_inp-11","node_1981",""
52,102,ADD,0,1,0,1539,"ffn_moe_out-11","node_2017","ffn_moe_weighted-11 (view)"
52,106,MUL_MAT,0,32,10,1667,"ffn_shexp-11","blk.11.ffn_down_shexp.weight","ffn_swiglu-11"
52,109,MUL,0,1,0,1686,"ffn_shexp_gated-11","ffn_shexp-11","shared_expert_gate_sigmoid-11"
52,110,ADD,0,1,0,1688,"ffn_out-11","ffn_moe_out-11","ffn_shexp_gated-11"
52,184,RMS_NORM,0,1,1,2963,"norm-12","attn_output-12",""
53,5,MUL_MAT,0,264,74,666,"linear_attn_out-12","blk.12.ssm_out.weight","final_output-12"
53,34,SCALE,0,0,2,934,"ffn_moe_inp-12","node_2135",""
53,70,ADD,0,1,1,1776,"ffn_moe_out-12","node_2171","ffn_moe_weighted-12 (view)"
53,74,MUL_MAT,0,58,2,1995,"ffn_shexp-12","blk.12.ffn_down_shexp.weight","ffn_swiglu-12"
53,77,MUL,0,2,0,2003,"ffn_shexp_gated-12","ffn_shexp-12","shared_expert_gate_sigmoid-12"
53,78,ADD,0,1,1,2006,"ffn_out-12","ffn_moe_out-12","ffn_shexp_gated-12"
53,152,RMS_NORM,0,0,2,3382,"norm-13","attn_output-13",""
54,5,MUL_MAT,0,269,105,700,"linear_attn_out-13","blk.13.ssm_out.weight","final_output-13"
54,34,SCALE,0,0,1,952,"ffn_moe_inp-13","node_2289",""
54,70,ADD,0,1,1,2246,"ffn_moe_out-13","node_2325","ffn_moe_weighted-13 (view)"
54,74,MUL_MAT,0,31,12,2368,"ffn_shexp-13","blk.13.ffn_down_shexp.weight","ffn_swiglu-13"
54,77,MUL,0,3,0,2377,"ffn_shexp_gated-13","ffn_shexp-13","shared_expert_gate_sigmoid-13"
54,78,ADD,0,1,1,2379,"ffn_out-13","ffn_moe_out-13","ffn_shexp_gated-13"
54,152,RMS_NORM,0,0,1,3850,"norm-14","attn_output-14",""
55,5,MUL_MAT,0,281,43,659,"linear_attn_out-14","blk.14.ssm_out.weight","final_output-14"
55,34,SCALE,0,0,2,884,"ffn_moe_inp-14","node_2443",""
55,70,ADD,0,2,0,1623,"ffn_moe_out-14","node_2479","ffn_moe_weighted-14 (view)"
55,74,MUL_MAT,0,29,8,1734,"ffn_shexp-14","blk.14.ffn_down_shexp.weight","ffn_swiglu-14"
55,77,MUL,0,1,1,1754,"ffn_shexp_gated-14","ffn_shexp-14","shared_expert_gate_sigmoid-14"
55,78,ADD,0,1,1,1756,"ffn_out-14","ffn_moe_out-14","ffn_shexp_gated-14"
55,151,RMS_NORM,0,4,2,2868,"norm-15","indexer_k_pooled-15 (reshaped)",""
56,38,MUL_MAT,0,275,64,565,"attn_output-15","blk.15.attn_output.weight","attn_gated-15"
56,66,SCALE,0,0,1,825,"ffn_moe_inp-15","node_2630",""
56,102,ADD,0,1,11,2256,"ffn_moe_out-15","node_2666","ffn_moe_weighted-15 (view)"
56,106,MUL_MAT,0,27,27,2397,"ffn_shexp-15","blk.15.ffn_down_shexp.weight","ffn_swiglu-15"
56,109,MUL,0,2,0,2412,"ffn_shexp_gated-15","ffn_shexp-15","shared_expert_gate_sigmoid-15"
56,110,ADD,0,1,1,2414,"ffn_out-15","ffn_moe_out-15","ffn_shexp_gated-15"
56,184,RMS_NORM,0,0,3,3683,"norm-16","attn_output-16",""
57,5,MUL_MAT,0,268,68,712,"linear_attn_out-16","blk.16.ssm_out.weight","final_output-16"
57,34,SCALE,0,0,1,963,"ffn_moe_inp-16","node_2784",""
57,70,ADD,0,1,0,1814,"ffn_moe_out-16","node_2820","ffn_moe_weighted-16 (view)"
57,74,MUL_MAT,0,29,15,1937,"ffn_shexp-16","blk.16.ffn_down_shexp.weight","ffn_swiglu-16"
57,77,MUL,0,3,0,2126,"ffn_shexp_gated-16","ffn_shexp-16","shared_expert_gate_sigmoid-16"
57,78,ADD,0,2,3,2131,"ffn_out-16","ffn_moe_out-16","ffn_shexp_gated-16"
57,152,RMS_NORM,0,0,3,3619,"norm-17","attn_output-17",""
58,5,MUL_MAT,0,172,149,649,"linear_attn_out-17","blk.17.ssm_out.weight","final_output-17"
58,34,SCALE,0,0,7,892,"ffn_moe_inp-17","node_2938",""
58,70,ADD,0,1,1,1651,"ffn_moe_out-17","node_2974","ffn_moe_weighted-17 (view)"
58,74,MUL_MAT,0,20,20,1768,"ffn_shexp-17","blk.17.ffn_down_shexp.weight","ffn_swiglu-17"
58,77,MUL,0,1,1,1779,"ffn_shexp_gated-17","ffn_shexp-17","shared_expert_gate_sigmoid-17"
58,78,ADD,0,1,1,1781,"ffn_out-17","ffn_moe_out-17","ffn_shexp_gated-17"
58,152,RMS_NORM,0,1,1,3118,"norm-18","attn_output-18",""
59,5,MUL_MAT,0,193,141,782,"linear_attn_out-18","blk.18.ssm_out.weight","final_output-18"
59,34,SCALE,0,0,1,1029,"ffn_moe_inp-18","node_3092",""
59,70,ADD,0,1,1,2459,"ffn_moe_out-18","node_3128","ffn_moe_weighted-18 (view)"
59,74,MUL_MAT,0,19,21,2576,"ffn_shexp-18","blk.18.ffn_down_shexp.weight","ffn_swiglu-18"
59,77,MUL,0,1,1,2584,"ffn_shexp_gated-18","ffn_shexp-18","shared_expert_gate_sigmoid-18"
59,78,ADD,0,1,1,2586,"ffn_out-18","ffn_moe_out-18","ffn_shexp_gated-18"
59,151,RMS_NORM,0,4,0,3597,"norm-19","indexer_k_pooled-19 (reshaped)",""
60,38,MUL_MAT,0,189,132,534,"attn_output-19","blk.19.attn_output.weight","attn_gated-19"
60,66,SCALE,0,0,1,812,"ffn_moe_inp-19","node_3279",""
60,102,ADD,0,1,1,1638,"ffn_moe_out-19","node_3315","ffn_moe_weighted-19 (view)"
60,106,MUL_MAT,0,35,1,1752,"ffn_shexp-19","blk.19.ffn_down_shexp.weight","ffn_swiglu-19"
60,109,MUL,0,3,1,1762,"ffn_shexp_gated-19","ffn_shexp-19","shared_expert_gate_sigmoid-19"
60,110,ADD,0,2,0,1764,"ffn_out-19","ffn_moe_out-19","ffn_shexp_gated-19"
60,184,RMS_NORM,0,0,2,3290,"norm-20","attn_output-20",""
61,5,MUL_MAT,0,181,163,687,"linear_attn_out-20","blk.20.ssm_out.weight","final_output-20"
61,34,SCALE,0,0,1,922,"ffn_moe_inp-20","node_3433",""
61,70,ADD,0,1,0,1695,"ffn_moe_out-20","node_3469","ffn_moe_weighted-20 (view)"
61,74,MUL_MAT,0,19,16,1807,"ffn_shexp-20","blk.20.ffn_down_shexp.weight","ffn_swiglu-20"
61,77,MUL,0,2,0,1814,"ffn_shexp_gated-20","ffn_shexp-20","shared_expert_gate_sigmoid-20"
61,78,ADD,0,1,1,1816,"ffn_out-20","ffn_moe_out-20","ffn_shexp_gated-20"
61,152,RMS_NORM,0,0,1,3230,"norm-21","attn_output-21",""
62,5,MUL_MAT,0,278,67,688,"linear_attn_out-21","blk.21.ssm_out.weight","final_output-21"
62,34,SCALE,0,1,7,991,"ffn_moe_inp-21","node_3587",""
62,70,ADD,0,1,0,1875,"ffn_moe_out-21","node_3623","ffn_moe_weighted-21 (view)"
62,74,MUL_MAT,0,28,7,2016,"ffn_shexp-21","blk.21.ffn_down_shexp.weight","ffn_swiglu-21"
62,77,MUL,0,2,1,2033,"ffn_shexp_gated-21","ffn_shexp-21","shared_expert_gate_sigmoid-21"
62,78,ADD,0,1,0,2034,"ffn_out-21","ffn_moe_out-21","ffn_shexp_gated-21"
62,152,RMS_NORM,0,0,1,3327,"norm-22","attn_output-22",""
63,5,MUL_MAT,0,281,64,680,"linear_attn_out-22","blk.22.ssm_out.weight","final_output-22"
63,34,SCALE,0,0,1,932,"ffn_moe_inp-22","node_3741",""
63,70,ADD,0,1,1,1726,"ffn_moe_out-22","node_3777","ffn_moe_weighted-22 (view)"
63,74,MUL_MAT,0,35,9,1847,"ffn_shexp-22","blk.22.ffn_down_shexp.weight","ffn_swiglu-22"
63,77,MUL,0,3,0,1856,"ffn_shexp_gated-22","ffn_shexp-22","shared_expert_gate_sigmoid-22"
63,78,ADD,0,1,4,1861,"ffn_out-22","ffn_moe_out-22","ffn_shexp_gated-22"
63,151,RMS_NORM,0,4,1,2872,"norm-23","indexer_k_pooled-23 (reshaped)",""
64,38,MUL_MAT,0,261,63,572,"attn_output-23","blk.23.attn_output.weight","attn_gated-23"
64,66,SCALE,0,0,1,812,"ffn_moe_inp-23","node_3928",""
64,102,ADD,0,1,0,2129,"ffn_moe_out-23","node_3964","ffn_moe_weighted-23 (view)"
64,106,MUL_MAT,0,30,4,2247,"ffn_shexp-23","blk.23.ffn_down_shexp.weight","ffn_swiglu-23"
64,109,MUL,0,2,0,2254,"ffn_shexp_gated-23","ffn_shexp-23","shared_expert_gate_sigmoid-23"
64,110,ADD,0,1,0,2256,"ffn_out-23","ffn_moe_out-23","ffn_shexp_gated-23"
64,184,RMS_NORM,0,1,1,3587,"norm-24","attn_output-24",""
65,5,MUL_MAT,0,293,46,671,"linear_attn_out-24","blk.24.ssm_out.weight","final_output-24"
65,34,SCALE,0,0,7,921,"ffn_moe_inp-24","node_4082",""
65,70,ADD,0,1,0,1834,"ffn_moe_out-24","node_4118","ffn_moe_weighted-24 (view)"
65,74,MUL_MAT,0,32,6,1960,"ffn_shexp-24","blk.24.ffn_down_shexp.weight","ffn_swiglu-24"
65,77,MUL,0,2,0,1968,"ffn_shexp_gated-24","ffn_shexp-24","shared_expert_gate_sigmoid-24"
65,78,ADD,0,1,0,1969,"ffn_out-24","ffn_moe_out-24","ffn_shexp_gated-24"
65,152,RMS_NORM,0,0,1,3321,"norm-25","attn_output-25",""
66,5,MUL_MAT,0,262,99,675,"linear_attn_out-25","blk.25.ssm_out.weight","final_output-25"
66,34,SCALE,0,0,1,956,"ffn_moe_inp-25","node_4236",""
66,70,ADD,0,1,6,2129,"ffn_moe_out-25","node_4272","ffn_moe_weighted-25 (view)"
66,74,MUL_MAT,0,32,5,2244,"ffn_shexp-25","blk.25.ffn_down_shexp.weight","ffn_swiglu-25"
66,77,MUL,0,2,0,2252,"ffn_shexp_gated-25","ffn_shexp-25","shared_expert_gate_sigmoid-25"
66,78,ADD,0,1,0,2254,"ffn_out-25","ffn_moe_out-25","ffn_shexp_gated-25"
66,152,RMS_NORM,0,1,2,3632,"norm-26","attn_output-26",""
67,5,MUL_MAT,0,281,51,658,"linear_attn_out-26","blk.26.ssm_out.weight","final_output-26"
67,34,SCALE,0,0,30,923,"ffn_moe_inp-26","node_4390",""
67,70,ADD,0,1,0,1790,"ffn_moe_out-26","node_4426","ffn_moe_weighted-26 (view)"
67,74,MUL_MAT,0,30,6,1902,"ffn_shexp-26","blk.26.ffn_down_shexp.weight","ffn_swiglu-26"
67,77,MUL,0,2,0,1908,"ffn_shexp_gated-26","ffn_shexp-26","shared_expert_gate_sigmoid-26"
67,78,ADD,0,1,9,1918,"ffn_out-26","ffn_moe_out-26","ffn_shexp_gated-26"
67,151,RMS_NORM,0,4,0,3018,"norm-27","indexer_k_pooled-27 (reshaped)",""
68,38,MUL_MAT,0,256,70,529,"attn_output-27","blk.27.attn_output.weight","attn_gated-27"
68,66,SCALE,0,0,1,773,"ffn_moe_inp-27","node_4577",""
68,102,ADD,0,1,0,1535,"ffn_moe_out-27","node_4613","ffn_moe_weighted-27 (view)"
68,106,MUL_MAT,0,30,10,1650,"ffn_shexp-27","blk.27.ffn_down_shexp.weight","ffn_swiglu-27"
68,109,MUL,0,2,0,1657,"ffn_shexp_gated-27","ffn_shexp-27","shared_expert_gate_sigmoid-27"
68,110,ADD,0,1,1,1659,"ffn_out-27","ffn_moe_out-27","ffn_shexp_gated-27"
68,184,RMS_NORM,0,1,2,2963,"norm-28","attn_output-28",""
69,5,MUL_MAT,0,266,53,632,"linear_attn_out-28","blk.28.ssm_out.weight","final_output-28"
69,34,SCALE,0,0,2,896,"ffn_moe_inp-28","node_4731",""
69,70,ADD,0,1,1,2171,"ffn_moe_out-28","node_4767","ffn_moe_weighted-28 (view)"
69,74,MUL_MAT,0,26,11,2294,"ffn_shexp-28","blk.28.ffn_down_shexp.weight","ffn_swiglu-28"
69,77,MUL,0,2,1,2303,"ffn_shexp_gated-28","ffn_shexp-28","shared_expert_gate_sigmoid-28"
69,78,ADD,0,1,1,2305,"ffn_out-28","ffn_moe_out-28","ffn_shexp_gated-28"
69,152,RMS_NORM,0,1,2,3668,"norm-29","attn_output-29",""
70,5,MUL_MAT,0,300,67,710,"linear_attn_out-29","blk.29.ssm_out.weight","final_output-29"
70,34,SCALE,0,0,8,1016,"ffn_moe_inp-29","node_4885",""
70,70,ADD,0,1,0,1945,"ffn_moe_out-29","node_4921","ffn_moe_weighted-29 (view)"
70,74,MUL_MAT,0,19,18,2059,"ffn_shexp-29","blk.29.ffn_down_shexp.weight","ffn_swiglu-29"
70,77,MUL,0,2,0,2070,"ffn_shexp_gated-29","ffn_shexp-29","shared_expert_gate_sigmoid-29"
70,78,ADD,0,1,1,2073,"ffn_out-29","ffn_moe_out-29","ffn_shexp_gated-29"
70,152,RMS_NORM,0,0,2,3352,"norm-30","attn_output-30",""
71,5,MUL_MAT,0,189,152,674,"linear_attn_out-30","blk.30.ssm_out.weight","final_output-30"
71,34,SCALE,0,0,1,925,"ffn_moe_inp-30","node_5039",""
71,70,ADD,0,0,2,1880,"ffn_moe_out-30","node_5075","ffn_moe_weighted-30 (view)"
71,74,MUL_MAT,0,21,21,2006,"ffn_shexp-30","blk.30.ffn_down_shexp.weight","ffn_swiglu-30"
71,77,MUL,0,2,0,2012,"ffn_shexp_gated-30","ffn_shexp-30","shared_expert_gate_sigmoid-30"
71,78,ADD,0,1,1,2014,"ffn_out-30","ffn_moe_out-30","ffn_shexp_gated-30"
71,151,RMS_NORM,0,3,1,3065,"norm-31","indexer_k_pooled-31 (reshaped)",""
72,38,MUL_MAT,0,155,167,528,"attn_output-31","blk.31.attn_output.weight","attn_gated-31"
72,66,SCALE,0,1,0,768,"ffn_moe_inp-31","node_5226",""
72,102,ADD,0,1,1,1554,"ffn_moe_out-31","node_5262","ffn_moe_weighted-31 (view)"
72,106,MUL_MAT,0,16,30,1677,"ffn_shexp-31","blk.31.ffn_down_shexp.weight","ffn_swiglu-31"
72,109,MUL,0,2,0,1691,"ffn_shexp_gated-31","ffn_shexp-31","shared_expert_gate_sigmoid-31"
72,110,ADD,0,1,0,1692,"ffn_out-31","ffn_moe_out-31","ffn_shexp_gated-31"
72,184,RMS_NORM,0,0,2,2896,"norm-32","attn_output-32",""
73,5,MUL_MAT,0,286,53,665,"linear_attn_out-32","blk.32.ssm_out.weight","final_output-32"
73,34,SCALE,0,0,1,909,"ffn_moe_inp-32","node_5380",""
73,70,ADD,0,1,22,2326,"ffn_moe_out-32","node_5416","ffn_moe_weighted-32 (view)"
73,74,MUL_MAT,0,33,14,2466,"ffn_shexp-32","blk.32.ffn_down_shexp.weight","ffn_swiglu-32"
73,77,MUL,0,2,7,2493,"ffn_shexp_gated-32","ffn_shexp-32","shared_expert_gate_sigmoid-32"
73,78,ADD,0,1,1,2495,"ffn_out-32","ffn_moe_out-32","ffn_shexp_gated-32"
73,152,RMS_NORM,0,0,1,3830,"norm-33","attn_output-33",""
74,5,MUL_MAT,0,219,116,668,"linear_attn_out-33","blk.33.ssm_out.weight","final_output-33"
74,34,SCALE,0,0,0,916,"ffn_moe_inp-33","node_5534",""
74,70,ADD,0,1,3,1738,"ffn_moe_out-33","node_5570","ffn_moe_weighted-33 (view)"
74,74,MUL_MAT,0,31,11,1867,"ffn_shexp-33","blk.33.ffn_down_shexp.weight","ffn_swiglu-33"
74,77,MUL,0,3,2,1886,"ffn_shexp_gated-33","ffn_shexp-33","shared_expert_gate_sigmoid-33"
74,78,ADD,0,1,1,1888,"ffn_out-33","ffn_moe_out-33","ffn_shexp_gated-33"
74,152,RMS_NORM,0,1,18,3317,"norm-34","attn_output-34",""
75,5,MUL_MAT,0,185,156,712,"linear_attn_out-34","blk.34.ssm_out.weight","final_output-34"
75,34,SCALE,0,0,1,961,"ffn_moe_inp-34","node_5688",""
75,70,ADD,0,1,2,2471,"ffn_moe_out-34","node_5724","ffn_moe_weighted-34 (view)"
75,74,MUL_MAT,0,19,21,2586,"ffn_shexp-34","blk.34.ffn_down_shexp.weight","ffn_swiglu-34"
75,77,MUL,0,1,1,2593,"ffn_shexp_gated-34","ffn_shexp-34","shared_expert_gate_sigmoid-34"
75,78,ADD,0,1,9,2603,"ffn_out-34","ffn_moe_out-34","ffn_shexp_gated-34"
75,151,RMS_NORM,0,4,0,3629,"norm-35","indexer_k_pooled-35 (reshaped)",""
76,38,MUL_MAT,0,164,158,530,"attn_output-35","blk.35.attn_output.weight","attn_gated-35"
76,66,SCALE,0,1,1,776,"ffn_moe_inp-35","node_5875",""
76,102,ADD,0,1,0,1546,"ffn_moe_out-35","node_5911","ffn_moe_weighted-35 (view)"
76,106,MUL_MAT,0,22,13,1656,"ffn_shexp-35","blk.35.ffn_down_shexp.weight","ffn_swiglu-35"
76,109,MUL,0,2,0,1664,"ffn_shexp_gated-35","ffn_shexp-35","shared_expert_gate_sigmoid-35"
76,110,ADD,0,1,1,1666,"ffn_out-35","ffn_moe_out-35","ffn_shexp_gated-35"
76,184,RMS_NORM,0,0,2,2900,"norm-36","attn_output-36",""
77,5,MUL_MAT,0,172,155,633,"linear_attn_out-36","blk.36.ssm_out.weight","final_output-36"
77,34,SCALE,0,0,2,937,"ffn_moe_inp-36","node_6029",""
77,70,ADD,0,1,0,1765,"ffn_moe_out-36","node_6065","ffn_moe_weighted-36 (view)"
77,74,MUL_MAT,0,19,22,1894,"ffn_shexp-36","blk.36.ffn_down_shexp.weight","ffn_swiglu-36"
77,77,MUL,0,2,0,1902,"ffn_shexp_gated-36","ffn_shexp-36","shared_expert_gate_sigmoid-36"
77,78,ADD,0,1,1,1904,"ffn_out-36","ffn_moe_out-36","ffn_shexp_gated-36"
77,152,RMS_NORM,0,0,2,3253,"norm-37","attn_output-37",""
78,5,MUL_MAT,0,206,141,658,"linear_attn_out-37","blk.37.ssm_out.weight","final_output-37"
78,34,SCALE,0,0,1,899,"ffn_moe_inp-37","node_6183",""
78,70,ADD,0,1,1,1712,"ffn_moe_out-37","node_6219","ffn_moe_weighted-37 (view)"
78,74,MUL_MAT,0,28,8,1828,"ffn_shexp-37","blk.37.ffn_down_shexp.weight","ffn_swiglu-37"
78,77,MUL,0,2,0,1836,"ffn_shexp_gated-37","ffn_shexp-37","shared_expert_gate_sigmoid-37"
78,78,ADD,0,1,1,1838,"ffn_out-37","ffn_moe_out-37","ffn_shexp_gated-37"
78,152,RMS_NORM,0,0,2,3176,"norm-38","attn_output-38",""
79,5,MUL_MAT,0,300,44,681,"linear_attn_out-38","blk.38.ssm_out.weight","final_output-38"
79,34,SCALE,0,0,1,920,"ffn_moe_inp-38","node_6337",""
79,70,ADD,0,1,1,1884,"ffn_moe_out-38","node_6373","ffn_moe_weighted-38 (view)"
79,74,MUL_MAT,0,36,9,2026,"ffn_shexp-38","blk.38.ffn_down_shexp.weight","ffn_swiglu-38"
79,77,MUL,0,3,0,2036,"ffn_shexp_gated-38","ffn_shexp-38","shared_expert_gate_sigmoid-38"
79,78,ADD,0,1,1,2039,"ffn_out-38","ffn_moe_out-38","ffn_shexp_gated-38"
79,87,ADD,0,2,1,2070,"l_last-38","hc_combine-38","node_6390"
80,0,GET_ROWS,0,2,0,2,"model.input_embed","token_embd.weight","inp_tokens"
80,69,RMS_NORM,0,0,2,1220,"norm-0","attn_output-0",""
81,5,MUL_MAT,0,176,170,673,"linear_attn_out-0","blk.0.ssm_out.weight","final_output-0"
81,34,SCALE,0,0,2,908,"ffn_moe_inp-0","node_104",""
81,70,ADD,0,1,1,1794,"ffn_moe_out-0","node_140","ffn_moe_weighted-0 (view)"
81,93,MUL_MAT,0,24,14,2660,"ffn_shexp-0","blk.0.ffn_down_shexp.weight","ffn_swiglu-0"
81,96,MUL,0,1,1,2669,"ffn_shexp_gated-0","ffn_shexp-0","shared_expert_gate_sigmoid-0"
81,97,ADD,0,1,0,2670,"ffn_out-0","ffn_moe_out-0","ffn_shexp_gated-0"
81,236,RMS_NORM,0,0,1,4641,"norm-1","attn_output-1",""
82,5,MUL_MAT,0,313,1,644,"linear_attn_out-1","blk.1.ssm_out.weight","final_output-1"
82,34,SCALE,0,0,3,893,"ffn_moe_inp-1","node_342",""
82,70,ADD,0,2,0,1647,"ffn_moe_out-1","node_378","ffn_moe_weighted-1 (view)"
82,74,MUL_MAT,0,34,2,1857,"ffn_shexp-1","blk.1.ffn_down_shexp.weight","ffn_swiglu-1"
82,77,MUL,0,3,0,1866,"ffn_shexp_gated-1","ffn_shexp-1","shared_expert_gate_sigmoid-1"
82,78,ADD,0,1,1,1869,"ffn_out-1","ffn_moe_out-1","ffn_shexp_gated-1"
82,152,RMS_NORM,0,0,1,3280,"norm-2","attn_output-2",""
83,5,MUL_MAT,0,352,6,712,"linear_attn_out-2","blk.2.ssm_out.weight","final_output-2"
83,34,SCALE,0,1,1,1113,"ffn_moe_inp-2","node_496",""
83,70,ADD,0,1,11,2260,"ffn_moe_out-2","node_532","ffn_moe_weighted-2 (view)"
83,74,MUL_MAT,0,34,7,2380,"ffn_shexp-2","blk.2.ffn_down_shexp.weight","ffn_swiglu-2"
83,77,MUL,0,3,0,2390,"ffn_shexp_gated-2","ffn_shexp-2","shared_expert_gate_sigmoid-2"
83,78,ADD,0,1,9,2401,"ffn_out-2","ffn_moe_out-2","ffn_shexp_gated-2"
83,151,RMS_NORM,0,8,1,3412,"norm-3","indexer_k_pooled-3 (reshaped)",""
84,38,MUL_MAT,0,306,16,546,"attn_output-3","blk.3.attn_output.weight","attn_gated-3"
84,66,SCALE,0,0,1,790,"ffn_moe_inp-3","node_683",""
84,102,ADD,0,1,1,1611,"ffn_moe_out-3","node_719","ffn_moe_weighted-3 (view)"
84,106,MUL_MAT,0,32,2,1723,"ffn_shexp-3","blk.3.ffn_down_shexp.weight","ffn_swiglu-3"
84,109,MUL,0,3,0,1732,"ffn_shexp_gated-3","ffn_shexp-3","shared_expert_gate_sigmoid-3"
84,110,ADD,0,2,1,1735,"ffn_out-3","ffn_moe_out-3","ffn_shexp_gated-3"
84,184,RMS_NORM,0,1,1,3057,"norm-4","attn_output-4",""
85,5,MUL_MAT,0,245,79,628,"linear_attn_out-4","blk.4.ssm_out.weight","final_output-4"
85,34,SCALE,0,0,2,860,"ffn_moe_inp-4","node_837",""
85,70,ADD,0,1,0,1752,"ffn_moe_out-4","node_873","ffn_moe_weighted-4 (view)"
85,74,MUL_MAT,0,32,5,1969,"ffn_shexp-4","blk.4.ffn_down_shexp.weight","ffn_swiglu-4"
85,77,MUL,0,2,0,1988,"ffn_shexp_gated-4","ffn_shexp-4","shared_expert_gate_sigmoid-4"
85,78,ADD,0,2,0,1990,"ffn_out-4","ffn_moe_out-4","ffn_shexp_gated-4"
85,152,RMS_NORM,0,0,8,3328,"norm-5","attn_output-5",""
86,5,MUL_MAT,0,270,75,691,"linear_attn_out-5","blk.5.ssm_out.weight","final_output-5"
86,34,SCALE,0,0,1,957,"ffn_moe_inp-5","node_991",""
86,70,ADD,0,1,0,1794,"ffn_moe_out-5","node_1027","ffn_moe_weighted-5 (view)"
86,74,MUL_MAT,0,31,10,1938,"ffn_shexp-5","blk.5.ffn_down_shexp.weight","ffn_swiglu-5"
86,77,MUL,0,2,0,1947,"ffn_shexp_gated-5","ffn_shexp-5","shared_expert_gate_sigmoid-5"
86,78,ADD,0,1,0,1949,"ffn_out-5","ffn_moe_out-5","ffn_shexp_gated-5"
86,152,RMS_NORM,0,0,21,3354,"norm-6","attn_output-6",""
87,5,MUL_MAT,0,291,54,695,"linear_attn_out-6","blk.6.ssm_out.weight","final_output-6"
87,34,SCALE,0,0,2,967,"ffn_moe_inp-6","node_1145",""
87,70,ADD,0,1,9,1946,"ffn_moe_out-6","node_1181","ffn_moe_weighted-6 (view)"
87,74,MUL_MAT,0,31,7,2065,"ffn_shexp-6","blk.6.ffn_down_shexp.weight","ffn_swiglu-6"
87,77,MUL,0,2,0,2073,"ffn_shexp_gated-6","ffn_shexp-6","shared_expert_gate_sigmoid-6"
87,78,ADD,0,1,0,2075,"ffn_out-6","ffn_moe_out-6","ffn_shexp_gated-6"
87,151,RMS_NORM,0,4,1,3139,"norm-7","indexer_k_pooled-7 (reshaped)",""
88,38,MUL_MAT,0,246,73,543,"attn_output-7","blk.7.attn_output.weight","attn_gated-7"
88,66,SCALE,0,0,1,763,"ffn_moe_inp-7","node_1332",""
88,102,ADD,0,1,0,1501,"ffn_moe_out-7","node_1368","ffn_moe_weighted-7 (view)"
88,106,MUL_MAT,0,30,8,1616,"ffn_shexp-7","blk.7.ffn_down_shexp.weight","ffn_swiglu-7"
88,109,MUL,0,2,0,1630,"ffn_shexp_gated-7","ffn_shexp-7","shared_expert_gate_sigmoid-7"
88,110,ADD,0,2,0,1632,"ffn_out-7","ffn_moe_out-7","ffn_shexp_gated-7"
88,184,RMS_NORM,0,0,2,3030,"norm-8","attn_output-8",""
89,5,MUL_MAT,0,278,59,682,"linear_attn_out-8","blk.8.ssm_out.weight","final_output-8"
89,34,SCALE,0,1,11,947,"ffn_moe_inp-8","node_1486",""
89,70,ADD,0,1,11,1742,"ffn_moe_out-8","node_1522","ffn_moe_weighted-8 (view)"
89,74,MUL_MAT,0,29,8,1855,"ffn_shexp-8","blk.8.ffn_down_shexp.weight","ffn_swiglu-8"
89,77,MUL,0,2,0,1862,"ffn_shexp_gated-8","ffn_shexp-8","shared_expert_gate_sigmoid-8"
89,78,ADD,0,1,1,1864,"ffn_out-8","ffn_moe_out-8","ffn_shexp_gated-8"
89,152,RMS_NORM,0,0,9,3188,"norm-9","attn_output-9",""
90,5,MUL_MAT,0,264,63,649,"linear_attn_out-9","blk.9.ssm_out.weight","final_output-9"
90,34,SCALE,0,0,1,986,"ffn_moe_inp-9","node_1640",""
90,70,ADD,0,1,1,1794,"ffn_moe_out-9","node_1676","ffn_moe_weighted-9 (view)"
90,74,MUL_MAT,0,33,7,1925,"ffn_shexp-9","blk.9.ffn_down_shexp.weight","ffn_swiglu-9"
90,77,MUL,0,2,0,1933,"ffn_shexp_gated-9","ffn_shexp-9","shared_expert_gate_sigmoid-9"
90,78,ADD,0,1,1,1935,"ffn_out-9","ffn_moe_out-9","ffn_shexp_gated-9"
90,152,RMS_NORM,0,0,39,3262,"norm-10","attn_output-10",""
91,5,MUL_MAT,0,285,71,723,"linear_attn_out-10","blk.10.ssm_out.weight","final_output-10"
91,34,SCALE,0,1,0,1095,"ffn_moe_inp-10","node_1794",""
91,70,ADD,0,1,4,1986,"ffn_moe_out-10","node_1830","ffn_moe_weighted-10 (view)"
91,74,MUL_MAT,0,27,11,2112,"ffn_shexp-10","blk.10.ffn_down_shexp.weight","ffn_swiglu-10"
91,77,MUL,0,2,1,2119,"ffn_shexp_gated-10","ffn_shexp-10","shared_expert_gate_sigmoid-10"
91,78,ADD,0,1,1,2121,"ffn_out-10","ffn_moe_out-10","ffn_shexp_gated-10"
91,151,RMS_NORM,0,3,1,3227,"norm-11","indexer_k_pooled-11 (reshaped)",""
92,38,MUL_MAT,0,155,172,548,"attn_output-11","blk.11.attn_output.weight","attn_gated-11"
92,66,SCALE,0,0,1,840,"ffn_moe_inp-11","node_1981",""
92,102,ADD,0,1,1,1611,"ffn_moe_out-11","node_2017","ffn_moe_weighted-11 (view)"
92,106,MUL_MAT,0,20,15,1730,"ffn_shexp-11","blk.11.ffn_down_shexp.weight","ffn_swiglu-11"
92,109,MUL,0,2,0,1761,"ffn_shexp_gated-11","ffn_shexp-11","shared_expert_gate_sigmoid-11"
92,110,ADD,0,1,0,1762,"ffn_out-11","ffn_moe_out-11","ffn_shexp_gated-11"
92,184,RMS_NORM,0,0,2,3002,"norm-12","attn_output-12",""
93,5,MUL_MAT,0,173,156,644,"linear_attn_out-12","blk.12.ssm_out.weight","final_output-12"
93,34,SCALE,0,0,5,885,"ffn_moe_inp-12","node_2135",""
93,70,ADD,0,1,0,1665,"ffn_moe_out-12","node_2171","ffn_moe_weighted-12 (view)"
93,74,MUL_MAT,0,26,27,1805,"ffn_shexp-12","blk.12.ffn_down_shexp.weight","ffn_swiglu-12"
93,77,MUL,0,1,1,1813,"ffn_shexp_gated-12","ffn_shexp-12","shared_expert_gate_sigmoid-12"
93,78,ADD,0,1,0,1814,"ffn_out-12","ffn_moe_out-12","ffn_shexp_gated-12"
93,152,RMS_NORM,0,0,2,3082,"norm-13","attn_output-13",""
94,5,MUL_MAT,0,180,163,682,"linear_attn_out-13","blk.13.ssm_out.weight","final_output-13"
94,34,SCALE,0,0,1,950,"ffn_moe_inp-13","node_2289",""
94,70,ADD,0,1,0,1753,"ffn_moe_out-13","node_2325","ffn_moe_weighted-13 (view)"
94,74,MUL_MAT,0,20,18,1902,"ffn_shexp-13","blk.13.ffn_down_shexp.weight","ffn_swiglu-13"
94,77,MUL,0,2,0,1909,"ffn_shexp_gated-13","ffn_shexp-13","shared_expert_gate_sigmoid-13"
94,78,ADD,0,1,1,1911,"ffn_out-13","ffn_moe_out-13","ffn_shexp_gated-13"
94,152,RMS_NORM,0,0,8,3235,"norm-14","attn_output-14",""
95,5,MUL_MAT,0,205,130,654,"linear_attn_out-14","blk.14.ssm_out.weight","final_output-14"
95,34,SCALE,0,1,1,885,"ffn_moe_inp-14","node_2443",""
95,70,ADD,0,1,0,1688,"ffn_moe_out-14","node_2479","ffn_moe_weighted-14 (view)"
95,74,MUL_MAT,0,18,20,1812,"ffn_shexp-14","blk.14.ffn_down_shexp.weight","ffn_swiglu-14"
95,77,MUL,0,1,1,1828,"ffn_shexp_gated-14","ffn_shexp-14","shared_expert_gate_sigmoid-14"
95,78,ADD,0,1,0,1830,"ffn_out-14","ffn_moe_out-14","ffn_shexp_gated-14"
95,151,RMS_NORM,0,5,7,2926,"norm-15","indexer_k_pooled-15 (reshaped)",""
96,38,MUL_MAT,0,252,70,580,"attn_output-15","blk.15.attn_output.weight","attn_gated-15"
96,66,SCALE,0,0,2,986,"ffn_moe_inp-15","node_2630",""
96,102,ADD,0,1,1,1733,"ffn_moe_out-15","node_2666","ffn_moe_weighted-15 (view)"
96,106,MUL_MAT,0,27,13,1850,"ffn_shexp-15","blk.15.ffn_down_shexp.weight","ffn_swiglu-15"
96,109,MUL,0,2,0,1857,"ffn_shexp_gated-15","ffn_shexp-15","shared_expert_gate_sigmoid-15"
96,110,ADD,0,1,0,1859,"ffn_out-15","ffn_moe_out-15","ffn_shexp_gated-15"
96,184,RMS_NORM,0,1,2,3173,"norm-16","attn_output-16",""
97,5,MUL_MAT,0,279,58,655,"linear_attn_out-16","blk.16.ssm_out.weight","final_output-16"
97,34,SCALE,0,1,2,915,"ffn_moe_inp-16","node_2784",""
97,70,ADD,0,1,1,1801,"ffn_moe_out-16","node_2820","ffn_moe_weighted-16 (view)"
97,74,MUL_MAT,0,36,2,1920,"ffn_shexp-16","blk.16.ffn_down_shexp.weight","ffn_swiglu-16"
97,77,MUL,0,3,0,1936,"ffn_shexp_gated-16","ffn_shexp-16","shared_expert_gate_sigmoid-16"
97,78,ADD,0,2,0,1939,"ffn_out-16","ffn_moe_out-16","ffn_shexp_gated-16"
97,152,RMS_NORM,0,1,0,3523,"norm-17","attn_output-17",""
98,5,MUL_MAT,0,307,18,631,"linear_attn_out-17","blk.17.ssm_out.weight","final_output-17"
98,34,SCALE,0,0,1,894,"ffn_moe_inp-17","node_2938",""
98,70,ADD,0,2,1,1745,"ffn_moe_out-17","node_2974","ffn_moe_weighted-17 (view)"
98,74,MUL_MAT,0,37,1,1860,"ffn_shexp-17","blk.17.ffn_down_shexp.weight","ffn_swiglu-17"
98,77,MUL,0,3,0,1885,"ffn_shexp_gated-17","ffn_shexp-17","shared_expert_gate_sigmoid-17"
98,78,ADD,0,2,0,1887,"ffn_out-17","ffn_moe_out-17","ffn_shexp_gated-17"
98,152,RMS_NORM,0,1,1,3530,"norm-18","attn_output-18",""
99,5,MUL_MAT,0,251,74,665,"linear_attn_out-18","blk.18.ssm_out.weight","final_output-18"
99,34,SCALE,0,0,2,916,"ffn_moe_inp-18","node_3092",""
99,70,ADD,0,1,0,1722,"ffn_moe_out-18","node_3128","ffn_moe_weighted-18 (view)"
99,74,MUL_MAT,0,22,19,1855,"ffn_shexp-18","blk.18.ffn_down_shexp.weight","ffn_swiglu-18"
99,77,MUL,0,2,0,1863,"ffn_shexp_gated-18","ffn_shexp-18","shared_expert_gate_sigmoid-18"
99,78,ADD,0,1,0,1864,"ffn_out-18","ffn_moe_out-18","ffn_shexp_gated-18"
99,151,RMS_NORM,0,8,1,2894,"norm-19","indexer_k_pooled-19 (reshaped)",""
100,38,MUL_MAT,0,307,16,563,"attn_output-19","blk.19.attn_output.weight","attn_gated-19"
100,66,SCALE,0,0,1,843,"ffn_moe_inp-19","node_3279",""
100,102,ADD,0,1,1,1917,"ffn_moe_out-19","node_3315","ffn_moe_weighted-19 (view)"
100,106,MUL_MAT,0,29,15,2042,"ffn_shexp-19","blk.19.ffn_down_shexp.weight","ffn_swiglu-19"
100,109,MUL,0,2,0,2050,"ffn_shexp_gated-19","ffn_shexp-19","shared_expert_gate_sigmoid-19"
100,110,ADD,0,1,0,2052,"ffn_out-19","ffn_moe_out-19","ffn_shexp_gated-19"
100,184,RMS_NORM,0,0,2,3403,"norm-20","attn_output-20",""
101,5,MUL_MAT,0,270,58,647,"linear_attn_out-20","blk.20.ssm_out.weight","final_output-20"
101,34,SCALE,0,0,2,895,"ffn_moe_inp-20","node_3433",""
101,70,ADD,0,1,1,1721,"ffn_moe_out-20","node_3469","ffn_moe_weighted-20 (view)"
101,74,MUL_MAT,0,30,6,1836,"ffn_shexp-20","blk.20.ffn_down_shexp.weight","ffn_swiglu-20"
101,77,MUL,0,2,1,1844,"ffn_shexp_gated-20","ffn_shexp-20","shared_expert_gate_sigmoid-20"
101,78,ADD,0,1,0,1845,"ffn_out-20","ffn_moe_out-20","ffn_shexp_gated-20"
101,152,RMS_NORM,0,0,1,3143,"norm-21","attn_output-21",""
102,5,MUL_MAT,0,271,73,697,"linear_attn_out-21","blk.21.ssm_out.weight","final_output-21"
102,34,SCALE,0,0,2,934,"ffn_moe_inp-21","node_3587",""
102,70,ADD,0,1,1,1772,"ffn_moe_out-21","node_3623","ffn_moe_weighted-21 (view)"
102,74,MUL_MAT,0,29,7,1888,"ffn_shexp-21","blk.21.ffn_down_shexp.weight","ffn_swiglu-21"
102,77,MUL,0,2,1,1897,"ffn_shexp_gated-21","ffn_shexp-21","shared_expert_gate_sigmoid-21"
102,78,ADD,0,1,1,1899,"ffn_out-21","ffn_moe_out-21","ffn_shexp_gated-21"
102,152,RMS_NORM,0,1,2,3202,"norm-22","attn_output-22",""
103,5,MUL_MAT,0,270,69,661,"linear_attn_out-22","blk.22.ssm_out.weight","final_output-22"
103,34,SCALE,0,1,9,941,"ffn_moe_inp-22","node_3741",""
103,70,ADD,0,1,0,1797,"ffn_moe_out-22","node_3777","ffn_moe_weighted-22 (view)"
103,74,MUL_MAT,0,30,13,1928,"ffn_shexp-22","blk.22.ffn_down_shexp.weight","ffn_swiglu-22"
103,77,MUL,0,2,0,1940,"ffn_shexp_gated-22","ffn_shexp-22","shared_expert_gate_sigmoid-22"
103,78,ADD,0,2,0,1942,"ffn_out-22","ffn_moe_out-22","ffn_shexp_gated-22"
103,151,RMS_NORM,0,5,0,3053,"norm-23","indexer_k_pooled-23 (reshaped)",""
104,38,MUL_MAT,0,269,67,578,"attn_output-23","blk.23.attn_output.weight","attn_gated-23"
104,66,SCALE,0,0,1,856,"ffn_moe_inp-23","node_3928",""
104,102,ADD,0,1,8,1639,"ffn_moe_out-23","node_3964","ffn_moe_weighted-23 (view)"
104,106,MUL_MAT,0,29,5,1747,"ffn_shexp-23","blk.23.ffn_down_shexp.weight","ffn_swiglu-23"
104,109,MUL,0,2,0,1755,"ffn_shexp_gated-23","ffn_shexp-23","shared_expert_gate_sigmoid-23"
104,110,ADD,0,1,1,1757,"ffn_out-23","ffn_moe_out-23","ffn_shexp_gated-23"
104,184,RMS_NORM,0,1,2,3265,"norm-24","attn_output-24",""
105,5,MUL_MAT,0,316,84,783,"linear_attn_out-24","blk.24.ssm_out.weight","final_output-24"
105,34,SCALE,0,1,1,1094,"ffn_moe_inp-24","node_4082",""
105,70,ADD,0,3,1,1992,"ffn_moe_out-24","node_4118","ffn_moe_weighted-24 (view)"
105,74,MUL_MAT,0,35,2,2119,"ffn_shexp-24","blk.24.ffn_down_shexp.weight","ffn_swiglu-24"
105,77,MUL,0,3,0,2128,"ffn_shexp_gated-24","ffn_shexp-24","shared_expert_gate_sigmoid-24"
105,78,ADD,0,1,0,2130,"ffn_out-24","ffn_moe_out-24","ffn_shexp_gated-24"
105,152,RMS_NORM,0,1,0,3729,"norm-25","attn_output-25",""
106,5,MUL_MAT,0,321,14,659,"linear_attn_out-25","blk.25.ssm_out.weight","final_output-25"
106,34,SCALE,0,0,2,951,"ffn_moe_inp-25","node_4236",""
106,70,ADD,0,2,0,1767,"ffn_moe_out-25","node_4272","ffn_moe_weighted-25 (view)"
106,74,MUL_MAT,0,38,4,1894,"ffn_shexp-25","blk.25.ffn_down_shexp.weight","ffn_swiglu-25"
106,77,MUL,0,3,1,1904,"ffn_shexp_gated-25","ffn_shexp-25","shared_expert_gate_sigmoid-25"
106,78,ADD,0,2,6,1912,"ffn_out-25","ffn_moe_out-25","ffn_shexp_gated-25"
106,152,RMS_NORM,0,1,1,3538,"norm-26","attn_output-26",""
107,5,MUL_MAT,0,301,17,632,"linear_attn_out-26","blk.26.ssm_out.weight","final_output-26"
107,34,SCALE,0,0,2,879,"ffn_moe_inp-26","node_4390",""
107,70,ADD,0,2,0,1816,"ffn_moe_out-26","node_4426","ffn_moe_weighted-26 (view)"
107,74,MUL_MAT,0,35,11,1945,"ffn_shexp-26","blk.26.ffn_down_shexp.weight","ffn_swiglu-26"
107,77,MUL,0,3,10,1970,"ffn_shexp_gated-26","ffn_shexp-26","shared_expert_gate_sigmoid-26"
107,78,ADD,0,1,1,1973,"ffn_out-26","ffn_moe_out-26","ffn_shexp_gated-26"
107,151,RMS_NORM,0,9,0,3056,"norm-27","indexer_k_pooled-27 (reshaped)",""
108,38,MUL_MAT,0,304,10,599,"attn_output-27","blk.27.attn_output.weight","attn_gated-27"
108,66,SCALE,0,0,1,855,"ffn_moe_inp-27","node_4577",""
108,102,ADD,0,2,0,1688,"ffn_moe_out-27","node_4613","ffn_moe_weighted-27 (view)"
108,106,MUL_MAT,0,34,2,1799,"ffn_shexp-27","blk.27.ffn_down_shexp.weight","ffn_swiglu-27"
108,109,MUL,0,3,3,1830,"ffn_shexp_gated-27","ffn_shexp-27","shared_expert_gate_sigmoid-27"
108,110,ADD,0,1,1,1832,"ffn_out-27","ffn_moe_out-27","ffn_shexp_gated-27"
108,184,RMS_NORM,0,0,1,3415,"norm-28","attn_output-28",""
109,5,MUL_MAT,0,334,0,649,"linear_attn_out-28","blk.28.ssm_out.weight","final_output-28"
109,34,SCALE,0,0,1,934,"ffn_moe_inp-28","node_4731",""
109,70,ADD,0,1,2,1833,"ffn_moe_out-28","node_4767","ffn_moe_weighted-28 (view)"
109,74,MUL_MAT,0,35,12,1987,"ffn_shexp-28","blk.28.ffn_down_shexp.weight","ffn_swiglu-28"
109,77,MUL,0,3,0,1997,"ffn_shexp_gated-28","ffn_shexp-28","shared_expert_gate_sigmoid-28"
109,78,ADD,0,2,0,1999,"ffn_out-28","ffn_moe_out-28","ffn_shexp_gated-28"
109,152,RMS_NORM,0,0,2,3377,"norm-29","attn_output-29",""
110,5,MUL_MAT,0,191,139,660,"linear_attn_out-29","blk.29.ssm_out.weight","final_output-29"
110,34,SCALE,0,0,2,891,"ffn_moe_inp-29","node_4885",""
110,70,ADD,0,1,0,1650,"ffn_moe_out-29","node_4921","ffn_moe_weighted-29 (view)"
110,74,MUL_MAT,0,18,19,1766,"ffn_shexp-29","blk.29.ffn_down_shexp.weight","ffn_swiglu-29"
110,77,MUL,0,2,0,1774,"ffn_shexp_gated-29","ffn_shexp-29","shared_expert_gate_sigmoid-29"
110,78,ADD,0,1,0,1775,"ffn_out-29","ffn_moe_out-29","ffn_shexp_gated-29"
110,152,RMS_NORM,0,0,2,3056,"norm-30","attn_output-30",""
111,5,MUL_MAT,0,173,171,683,"linear_attn_out-30","blk.30.ssm_out.weight","final_output-30"
111,34,SCALE,0,0,2,925,"ffn_moe_inp-30","node_5039",""
111,70,ADD,0,1,1,1882,"ffn_moe_out-30","node_5075","ffn_moe_weighted-30 (view)"
111,74,MUL_MAT,0,21,21,2006,"ffn_shexp-30","blk.30.ffn_down_shexp.weight","ffn_swiglu-30"
111,77,MUL,0,2,0,2014,"ffn_shexp_gated-30","ffn_shexp-30","shared_expert_gate_sigmoid-30"
111,78,ADD,0,1,0,2015,"ffn_out-30","ffn_moe_out-30","ffn_shexp_gated-30"
111,151,RMS_NORM,0,3,1,3040,"norm-31","indexer_k_pooled-31 (reshaped)",""
112,38,MUL_MAT,0,184,137,597,"attn_output-31","blk.31.attn_output.weight","attn_gated-31"
112,66,SCALE,0,1,1,836,"ffn_moe_inp-31","node_5226",""
112,102,ADD,0,1,1,2062,"ffn_moe_out-31","node_5262","ffn_moe_weighted-31 (view)"
112,106,MUL_MAT,0,21,15,2171,"ffn_shexp-31","blk.31.ffn_down_shexp.weight","ffn_swiglu-31"
112,109,MUL,0,2,0,2179,"ffn_shexp_gated-31","ffn_shexp-31","shared_expert_gate_sigmoid-31"
112,110,ADD,0,1,0,2180,"ffn_out-31","ffn_moe_out-31","ffn_shexp_gated-31"
112,184,RMS_NORM,0,0,2,4055,"norm-32","attn_output-32",""
113,5,MUL_MAT,0,276,41,625,"linear_attn_out-32","blk.32.ssm_out.weight","final_output-32"
113,34,SCALE,0,0,2,874,"ffn_moe_inp-32","node_5380",""
113,70,ADD,0,1,1,1863,"ffn_moe_out-32","node_5416","ffn_moe_weighted-32 (view)"
113,74,MUL_MAT,0,37,2,2001,"ffn_shexp-32","blk.32.ffn_down_shexp.weight","ffn_swiglu-32"
113,77,MUL,0,4,0,2020,"ffn_shexp_gated-32","ffn_shexp-32","shared_expert_gate_sigmoid-32"
113,78,ADD,0,2,0,2022,"ffn_out-32","ffn_moe_out-32","ffn_shexp_gated-32"
113,152,RMS_NORM,0,0,27,3433,"norm-33","attn_output-33",""
114,5,MUL_MAT,0,180,149,661,"linear_attn_out-33","blk.33.ssm_out.weight","final_output-33"
114,34,SCALE,0,0,11,903,"ffn_moe_inp-33","node_5534",""
114,70,ADD,0,1,0,1710,"ffn_moe_out-33","node_5570","ffn_moe_weighted-33 (view)"
114,74,MUL_MAT,0,19,19,1823,"ffn_shexp-33","blk.33.ffn_down_shexp.weight","ffn_swiglu-33"
114,77,MUL,0,2,0,1832,"ffn_shexp_gated-33","ffn_shexp-33","shared_expert_gate_sigmoid-33"
114,78,ADD,0,1,1,1834,"ffn_out-33","ffn_moe_out-33","ffn_shexp_gated-33"
114,152,RMS_NORM,0,1,8,3058,"norm-34","attn_output-34",""
115,5,MUL_MAT,0,172,171,687,"linear_attn_out-34","blk.34.ssm_out.weight","final_output-34"
115,34,SCALE,0,0,1,941,"ffn_moe_inp-34","node_5688",""
115,70,ADD,0,1,0,1815,"ffn_moe_out-34","node_5724","ffn_moe_weighted-34 (view)"
115,74,MUL_MAT,0,19,21,1948,"ffn_shexp-34","blk.34.ffn_down_shexp.weight","ffn_swiglu-34"
115,77,MUL,0,2,0,1960,"ffn_shexp_gated-34","ffn_shexp-34","shared_expert_gate_sigmoid-34"
115,78,ADD,0,1,9,1970,"ffn_out-34","ffn_moe_out-34","ffn_shexp_gated-34"
115,151,RMS_NORM,0,5,0,3052,"norm-35","indexer_k_pooled-35 (reshaped)",""
116,38,MUL_MAT,0,298,63,622,"attn_output-35","blk.35.attn_output.weight","attn_gated-35"
116,66,SCALE,0,0,1,898,"ffn_moe_inp-35","node_5875",""
116,102,ADD,0,1,0,1678,"ffn_moe_out-35","node_5911","ffn_moe_weighted-35 (view)"
116,106,MUL_MAT,0,29,21,1806,"ffn_shexp-35","blk.35.ffn_down_shexp.weight","ffn_swiglu-35"
116,109,MUL,0,2,0,1812,"ffn_shexp_gated-35","ffn_shexp-35","shared_expert_gate_sigmoid-35"
116,110,ADD,0,1,0,1814,"ffn_out-35","ffn_moe_out-35","ffn_shexp_gated-35"
116,184,RMS_NORM,0,1,25,3254,"norm-36","attn_output-36",""
117,5,MUL_MAT,0,281,82,722,"linear_attn_out-36","blk.36.ssm_out.weight","final_output-36"
117,34,SCALE,0,0,1,995,"ffn_moe_inp-36","node_6029",""
117,70,ADD,0,1,1,1829,"ffn_moe_out-36","node_6065","ffn_moe_weighted-36 (view)"
117,74,MUL_MAT,0,22,14,1952,"ffn_shexp-36","blk.36.ffn_down_shexp.weight","ffn_swiglu-36"
117,77,MUL,0,2,0,1959,"ffn_shexp_gated-36","ffn_shexp-36","shared_expert_gate_sigmoid-36"
117,78,ADD,0,0,1,1961,"ffn_out-36","ffn_moe_out-36","ffn_shexp_gated-36"
117,152,RMS_NORM,0,1,1,3403,"norm-37","attn_output-37",""
118,5,MUL_MAT,0,299,65,709,"linear_attn_out-37","blk.37.ssm_out.weight","final_output-37"
118,34,SCALE,0,0,1,988,"ffn_moe_inp-37","node_6183",""
118,70,ADD,0,1,1,1965,"ffn_moe_out-37","node_6219","ffn_moe_weighted-37 (view)"
118,74,MUL_MAT,0,34,6,2156,"ffn_shexp-37","blk.37.ffn_down_shexp.weight","ffn_swiglu-37"
118,77,MUL,0,2,0,2163,"ffn_shexp_gated-37","ffn_shexp-37","shared_expert_gate_sigmoid-37"
118,78,ADD,0,1,0,2165,"ffn_out-37","ffn_moe_out-37","ffn_shexp_gated-37"
118,152,RMS_NORM,0,0,2,3520,"norm-38","attn_output-38",""
119,5,MUL_MAT,0,301,39,675,"linear_attn_out-38","blk.38.ssm_out.weight","final_output-38"
119,34,SCALE,0,0,1,921,"ffn_moe_inp-38","node_6337",""
119,70,ADD,0,1,0,1680,"ffn_moe_out-38","node_6373","ffn_moe_weighted-38 (view)"
119,74,MUL_MAT,0,30,16,1807,"ffn_shexp-38","blk.38.ffn_down_shexp.weight","ffn_swiglu-38"
119,77,MUL,0,2,0,1824,"ffn_shexp_gated-38","ffn_shexp-38","shared_expert_gate_sigmoid-38"
119,78,ADD,0,1,1,1826,"ffn_out-38","ffn_moe_out-38","ffn_shexp_gated-38"
119,87,ADD,0,1,1,1853,"l_last-38","hc_combine-38","node_6390"
120,0,GET_ROWS,0,3,0,4,"model.input_embed","token_embd.weight","inp_tokens"
120,69,RMS_NORM,0,0,2,1389,"norm-0","attn_output-0",""
121,5,MUL_MAT,0,289,91,740,"linear_attn_out-0","blk.0.ssm_out.weight","final_output-0"
121,34,SCALE,0,0,1,1154,"ffn_moe_inp-0","node_104",""
121,70,ADD,0,2,0,2013,"ffn_moe_out-0","node_140","ffn_moe_weighted-0 (view)"
121,93,MUL_MAT,0,37,5,2887,"ffn_shexp-0","blk.0.ffn_down_shexp.weight","ffn_swiglu-0"
121,96,MUL,0,2,0,2895,"ffn_shexp_gated-0","ffn_shexp-0","shared_expert_gate_sigmoid-0"
121,97,ADD,0,2,0,2897,"ffn_out-0","ffn_moe_out-0","ffn_shexp_gated-0"
121,236,RMS_NORM,0,0,10,4632,"norm-1","attn_output-1",""
122,5,MUL_MAT,0,292,62,691,"linear_attn_out-1","blk.1.ssm_out.weight","final_output-1"
122,34,SCALE,0,0,1,966,"ffn_moe_inp-1","node_342",""
122,70,ADD,0,2,0,1878,"ffn_moe_out-1","node_378","ffn_moe_weighted-1 (view)"
122,74,MUL_MAT,0,32,7,2004,"ffn_shexp-1","blk.1.ffn_down_shexp.weight","ffn_swiglu-1"
122,77,MUL,0,2,1,2011,"ffn_shexp_gated-1","ffn_shexp-1","shared_expert_gate_sigmoid-1"
122,78,ADD,0,1,0,2012,"ffn_out-1","ffn_moe_out-1","ffn_shexp_gated-1"
122,152,RMS_NORM,0,0,2,3416,"norm-2","attn_output-2",""
123,5,MUL_MAT,0,300,71,718,"linear_attn_out-2","blk.2.ssm_out.weight","final_output-2"
123,34,SCALE,0,1,1,971,"ffn_moe_inp-2","node_496",""
123,70,ADD,0,1,0,2119,"ffn_moe_out-2","node_532","ffn_moe_weighted-2 (view)"
123,74,MUL_MAT,0,27,13,2246,"ffn_shexp-2","blk.2.ffn_down_shexp.weight","ffn_swiglu-2"
123,77,MUL,0,2,0,2254,"ffn_shexp_gated-2","ffn_shexp-2","shared_expert_gate_sigmoid-2"
123,78,ADD,0,1,1,2256,"ffn_out-2","ffn_moe_out-2","ffn_shexp_gated-2"
123,151,RMS_NORM,0,5,0,3347,"norm-3","indexer_k_pooled-3 (reshaped)",""
124,38,MUL_MAT,0,253,83,876,"attn_output-3","blk.3.attn_output.weight","attn_gated-3"
124,66,SCALE,0,0,1,1112,"ffn_moe_inp-3","node_683",""
124,102,ADD,0,1,0,1864,"ffn_moe_out-3","node_719","ffn_moe_weighted-3 (view)"
124,106,MUL_MAT,0,27,12,1975,"ffn_shexp-3","blk.3.ffn_down_shexp.weight","ffn_swiglu-3"
124,109,MUL,0,2,4,1997,"ffn_shexp_gated-3","ffn_shexp-3","shared_expert_gate_sigmoid-3"
124,110,ADD,0,1,8,2007,"ffn_out-3","ffn_moe_out-3","ffn_shexp_gated-3"
124,184,RMS_NORM,0,0,2,3409,"norm-4","attn_output-4",""
125,5,MUL_MAT,0,306,69,739,"linear_attn_out-4","blk.4.ssm_out.weight","final_output-4"
125,34,SCALE,0,0,1,991,"ffn_moe_inp-4","node_837",""
125,70,ADD,0,1,1,1956,"ffn_moe_out-4","node_873","ffn_moe_weighted-4 (view)"
125,74,MUL_MAT,0,31,5,2080,"ffn_shexp-4","blk.4.ffn_down_shexp.weight","ffn_swiglu-4"
125,77,MUL,0,2,0,2088,"ffn_shexp_gated-4","ffn_shexp-4","shared_expert_gate_sigmoid-4"
125,78,ADD,0,2,0,2090,"ffn_out-4","ffn_moe_out-4","ffn_shexp_gated-4"
125,152,RMS_NORM,0,1,1,3515,"norm-5","attn_output-5",""
126,5,MUL_MAT,0,299,44,749,"linear_attn_out-5","blk.5.ssm_out.weight","final_output-5"
126,34,SCALE,0,0,1,986,"ffn_moe_inp-5","node_991",""
126,70,ADD,0,1,1,1790,"ffn_moe_out-5","node_1027","ffn_moe_weighted-5 (view)"
126,74,MUL_MAT,0,30,9,1910,"ffn_shexp-5","blk.5.ffn_down_shexp.weight","ffn_swiglu-5"
126,77,MUL,0,2,0,1919,"ffn_shexp_gated-5","ffn_shexp-5","shared_expert_gate_sigmoid-5"
126,78,ADD,0,1,1,1921,"ffn_out-5","ffn_moe_out-5","ffn_shexp_gated-5"
126,152,RMS_NORM,0,1,1,3403,"norm-6","attn_output-6",""
127,5,MUL_MAT,0,259,83,678,"linear_attn_out-6","blk.6.ssm_out.weight","final_output-6"
127,34,SCALE,0,0,1,930,"ffn_moe_inp-6","node_1145",""
127,70,ADD,0,1,9,1726,"ffn_moe_out-6","node_1181","ffn_moe_weighted-6 (view)"
127,74,MUL_MAT,0,35,10,1852,"ffn_shexp-6","blk.6.ffn_down_shexp.weight","ffn_swiglu-6"
127,77,MUL,0,2,0,1860,"ffn_shexp_gated-6","ffn_shexp-6","shared_expert_gate_sigmoid-6"
127,78,ADD,0,1,0,1862,"ffn_out-6","ffn_moe_out-6","ffn_shexp_gated-6"
127,151,RMS_NORM,0,4,0,2925,"norm-7","indexer_k_pooled-7 (reshaped)",""
128,38,MUL_MAT,0,253,67,736,"attn_output-7","blk.7.attn_output.weight","attn_gated-7"
128,66,SCALE,0,0,1,993,"ffn_moe_inp-7","node_1332",""
128,102,ADD,0,12,1,1870,"ffn_moe_out-7","node_1368","ffn_moe_weighted-7 (view)"
128,106,MUL_MAT,0,35,14,2014,"ffn_shexp-7","blk.7.ffn_down_shexp.weight","ffn_swiglu-7"
128,109,MUL,0,2,0,2030,"ffn_shexp_gated-7","ffn_shexp-7","shared_expert_gate_sigmoid-7"
128,110,ADD,0,1,0,2032,"ffn_out-7","ffn_moe_out-7","ffn_shexp_gated-7"
128,184,RMS_NORM,0,1,1,3357,"norm-8","attn_output-8",""
129,5,MUL_MAT,0,263,63,645,"linear_attn_out-8","blk.8.ssm_out.weight","final_output-8"
129,34,SCALE,0,0,1,879,"ffn_moe_inp-8","node_1486",""
129,70,ADD,0,1,0,1675,"ffn_moe_out-8","node_1522","ffn_moe_weighted-8 (view)"
129,74,MUL_MAT,0,33,5,1792,"ffn_shexp-8","blk.8.ffn_down_shexp.weight","ffn_swiglu-8"
129,77,MUL,0,2,0,1799,"ffn_shexp_gated-8","ffn_shexp-8","shared_expert_gate_sigmoid-8"
129,78,ADD,0,1,6,1806,"ffn_out-8","ffn_moe_out-8","ffn_shexp_gated-8"
129,152,RMS_NORM,0,0,1,3262,"norm-9","attn_output-9",""
130,5,MUL_MAT,0,285,68,702,"linear_attn_out-9","blk.9.ssm_out.weight","final_output-9"
130,34,SCALE,0,0,1,941,"ffn_moe_inp-9","node_1640",""
130,70,ADD,0,1,1,1735,"ffn_moe_out-9","node_1676","ffn_moe_weighted-9 (view)"
130,74,MUL_MAT,0,31,5,1851,"ffn_shexp-9","blk.9.ffn_down_shexp.weight","ffn_swiglu-9"
130,77,MUL,0,2,0,1859,"ffn_shexp_gated-9","ffn_shexp-9","shared_expert_gate_sigmoid-9"
130,78,ADD,0,1,1,1861,"ffn_out-9","ffn_moe_out-9","ffn_shexp_gated-9"
130,152,RMS_NORM,0,1,1,3262,"norm-10","attn_output-10",""
131,5,MUL_MAT,0,282,64,689,"linear_attn_out-10","blk.10.ssm_out.weight","final_output-10"
131,34,SCALE,0,0,2,931,"ffn_moe_inp-10","node_1794",""
131,70,ADD,0,1,0,1735,"ffn_moe_out-10","node_1830","ffn_moe_weighted-10 (view)"
131,74,MUL_MAT,0,31,9,1860,"ffn_shexp-10","blk.10.ffn_down_shexp.weight","ffn_swiglu-10"
131,77,MUL,0,2,0,1866,"ffn_shexp_gated-10","ffn_shexp-10","shared_expert_gate_sigmoid-10"
131,78,ADD,0,1,1,1868,"ffn_out-10","ffn_moe_out-10","ffn_shexp_gated-10"
131,151,RMS_NORM,0,5,0,2985,"norm-11","indexer_k_pooled-11 (reshaped)",""
132,38,MUL_MAT,0,251,67,536,"attn_output-11","blk.11.attn_output.weight","attn_gated-11"
132,66,SCALE,0,0,8,800,"ffn_moe_inp-11","node_1981",""
132,102,ADD,0,5,1,1567,"ffn_moe_out-11","node_2017","ffn_moe_weighted-11 (view)"
132,106,MUL_MAT,0,26,8,1671,"ffn_shexp-11","blk.11.ffn_down_shexp.weight","ffn_swiglu-11"
132,109,MUL,0,2,1,1689,"ffn_shexp_gated-11","ffn_shexp-11","shared_expert_gate_sigmoid-11"
132,110,ADD,0,1,9,1700,"ffn_out-11","ffn_moe_out-11","ffn_shexp_gated-11"
132,184,RMS_NORM,0,1,1,3035,"norm-12","attn_output-12",""
133,5,MUL_MAT,0,306,77,739,"linear_attn_out-12","blk.12.ssm_out.weight","final_output-12"
133,34,SCALE,0,0,1,1090,"ffn_moe_inp-12","node_2135",""
133,70,ADD,0,1,0,1924,"ffn_moe_out-12","node_2171","ffn_moe_weighted-12 (view)"
133,74,MUL_MAT,0,30,8,2039,"ffn_shexp-12","blk.12.ffn_down_shexp.weight","ffn_swiglu-12"
133,77,MUL,0,3,0,2047,"ffn_shexp_gated-12","ffn_shexp-12","shared_expert_gate_sigmoid-12"
133,78,ADD,0,1,1,2049,"ffn_out-12","ffn_moe_out-12","ffn_shexp_gated-12"
133,152,RMS_NORM,0,0,2,3416,"norm-13","attn_output-13",""
134,5,MUL_MAT,0,280,60,668,"linear_attn_out-13","blk.13.ssm_out.weight","final_output-13"
134,34,SCALE,0,1,1,903,"ffn_moe_inp-13","node_2289",""
134,70,ADD,0,2,9,1914,"ffn_moe_out-13","node_2325","ffn_moe_weighted-13 (view)"
134,74,MUL_MAT,0,38,26,2107,"ffn_shexp-13","blk.13.ffn_down_shexp.weight","ffn_swiglu-13"
134,77,MUL,0,2,1,2116,"ffn_shexp_gated-13","ffn_shexp-13","shared_expert_gate_sigmoid-13"
134,78,ADD,0,1,0,2117,"ffn_out-13","ffn_moe_out-13","ffn_shexp_gated-13"
134,152,RMS_NORM,0,1,1,3604,"norm-14","attn_output-14",""
135,5,MUL_MAT,0,285,70,712,"linear_attn_out-14","blk.14.ssm_out.weight","final_output-14"
135,34,SCALE,0,1,11,978,"ffn_moe_inp-14","node_2443",""
135,70,ADD,0,1,0,1791,"ffn_moe_out-14","node_2479","ffn_moe_weighted-14 (view)"
135,74,MUL_MAT,0,29,10,1907,"ffn_shexp-14","blk.14.ffn_down_shexp.weight","ffn_swiglu-14"
135,77,MUL,0,2,2,1925,"ffn_shexp_gated-14","ffn_shexp-14","shared_expert_gate_sigmoid-14"
135,78,ADD,0,2,2,1929,"ffn_out-14","ffn_moe_out-14","ffn_shexp_gated-14"
135,151,RMS_NORM,0,4,0,3127,"norm-15","indexer_k_pooled-15 (reshaped)",""
136,38,MUL_MAT,0,167,181,556,"attn_output-15","blk.15.attn_output.weight","attn_gated-15"
136,66,SCALE,0,0,4,833,"ffn_moe_inp-15","node_2630",""
136,102,ADD,0,1,1,1676,"ffn_moe_out-15","node_2666","ffn_moe_weighted-15 (view)"
136,106,MUL_MAT,0,31,5,1788,"ffn_shexp-15","blk.15.ffn_down_shexp.weight","ffn_swiglu-15"
136,109,MUL,0,2,1,1798,"ffn_shexp_gated-15","ffn_shexp-15","shared_expert_gate_sigmoid-15"
136,110,ADD,0,1,0,1799,"ffn_out-15","ffn_moe_out-15","ffn_shexp_gated-15"
136,184,RMS_NORM,0,0,18,3256,"norm-16","attn_output-16",""
137,5,MUL_MAT,0,172,163,683,"linear_attn_out-16","blk.16.ssm_out.weight","final_output-16"
137,34,SCALE,0,0,0,1059,"ffn_moe_inp-16","node_2784",""
137,70,ADD,0,2,0,1917,"ffn_moe_out-16","node_2820","ffn_moe_weighted-16 (view)"
137,74,MUL_MAT,0,32,10,2048,"ffn_shexp-16","blk.16.ffn_down_shexp.weight","ffn_swiglu-16"
137,77,MUL,0,2,0,2056,"ffn_shexp_gated-16","ffn_shexp-16","shared_expert_gate_sigmoid-16"
137,78,ADD,0,1,0,2058,"ffn_out-16","ffn_moe_out-16","ffn_shexp_gated-16"
137,152,RMS_NORM,0,0,1,3508,"norm-17","attn_output-17",""
138,5,MUL_MAT,0,279,73,717,"linear_attn_out-17","blk.17.ssm_out.weight","final_output-17"
138,34,SCALE,0,0,11,974,"ffn_moe_inp-17","node_2938",""
138,70,ADD,0,2,0,1803,"ffn_moe_out-17","node_2974","ffn_moe_weighted-17 (view)"
138,74,MUL_MAT,0,34,3,1927,"ffn_shexp-17","blk.17.ffn_down_shexp.weight","ffn_swiglu-17"
138,77,MUL,0,2,6,1944,"ffn_shexp_gated-17","ffn_shexp-17","shared_expert_gate_sigmoid-17"
138,78,ADD,0,2,3,1949,"ffn_out-17","ffn_moe_out-17","ffn_shexp_gated-17"
138,152,RMS_NORM,0,1,0,3433,"norm-18","attn_output-18",""
139,5,MUL_MAT,0,345,18,739,"linear_attn_out-18","blk.18.ssm_out.weight","final_output-18"
139,34,SCALE,0,0,2,1021,"ffn_moe_inp-18","node_3092",""
139,70,ADD,0,2,0,1943,"ffn_moe_out-18","node_3128","ffn_moe_weighted-18 (view)"
139,74,MUL_MAT,0,35,2,2076,"ffn_shexp-18","blk.18.ffn_down_shexp.weight","ffn_swiglu-18"
139,77,MUL,0,3,12,2105,"ffn_shexp_gated-18","ffn_shexp-18","shared_expert_gate_sigmoid-18"
139,78,ADD,0,1,0,2106,"ffn_out-18","ffn_moe_out-18","ffn_shexp_gated-18"
139,151,RMS_NORM,0,9,0,3142,"norm-19","indexer_k_pooled-19 (reshaped)",""
140,38,MUL_MAT,0,301,11,521,"attn_output-19","blk.19.attn_output.weight","attn_gated-19"
140,66,SCALE,0,0,1,895,"ffn_moe_inp-19","node_3279",""
140,102,ADD,0,1,1,1672,"ffn_moe_out-19","node_3315","ffn_moe_weighted-19 (view)"
140,106,MUL_MAT,0,35,1,1785,"ffn_shexp-19","blk.19.ffn_down_shexp.weight","ffn_swiglu-19"
140,109,MUL,0,3,0,1802,"ffn_shexp_gated-19","ffn_shexp-19","shared_expert_gate_sigmoid-19"
140,110,ADD,0,1,1,1805,"ffn_out-19","ffn_moe_out-19","ffn_shexp_gated-19"
140,184,RMS_NORM,0,0,10,3515,"norm-20","attn_output-20",""
141,5,MUL_MAT,0,314,12,632,"linear_attn_out-20","blk.20.ssm_out.weight","final_output-20"
141,34,SCALE,0,1,0,915,"ffn_moe_inp-20","node_3433",""
141,70,ADD,0,2,0,1777,"ffn_moe_out-20","node_3469","ffn_moe_weighted-20 (view)"
141,74,MUL_MAT,0,39,0,1895,"ffn_shexp-20","blk.20.ffn_down_shexp.weight","ffn_swiglu-20"
141,77,MUL,0,3,1,1905,"ffn_shexp_gated-20","ffn_shexp-20","shared_expert_gate_sigmoid-20"
141,78,ADD,0,2,0,1907,"ffn_out-20","ffn_moe_out-20","ffn_shexp_gated-20"
141,152,RMS_NORM,0,1,7,3517,"norm-21","attn_output-21",""
142,5,MUL_MAT,0,319,5,659,"linear_attn_out-21","blk.21.ssm_out.weight","final_output-21"
142,34,SCALE,0,0,1,950,"ffn_moe_inp-21","node_3587",""
142,70,ADD,0,1,20,1816,"ffn_moe_out-21","node_3623","ffn_moe_weighted-21 (view)"
142,74,MUL_MAT,0,46,43,1997,"ffn_shexp-21","blk.21.ffn_down_shexp.weight","ffn_swiglu-21"
142,77,MUL,0,3,1,2017,"ffn_shexp_gated-21","ffn_shexp-21","shared_expert_gate_sigmoid-21"
142,78,ADD,0,1,0,2018,"ffn_out-21","ffn_moe_out-21","ffn_shexp_gated-21"
142,152,RMS_NORM,0,0,3,3466,"norm-22","attn_output-22",""
143,5,MUL_MAT,0,234,117,691,"linear_attn_out-22","blk.22.ssm_out.weight","final_output-22"
143,34,SCALE,0,0,2,955,"ffn_moe_inp-22","node_3741",""
143,70,ADD,0,1,0,1840,"ffn_moe_out-22","node_3777","ffn_moe_weighted-22 (view)"
143,74,MUL_MAT,0,29,9,1962,"ffn_shexp-22","blk.22.ffn_down_shexp.weight","ffn_swiglu-22"
143,77,MUL,0,2,0,1970,"ffn_shexp_gated-22","ffn_shexp-22","shared_expert_gate_sigmoid-22"
143,78,ADD,0,1,0,1972,"ffn_out-22","ffn_moe_out-22","ffn_shexp_gated-22"
143,151,RMS_NORM,0,5,0,3099,"norm-23","indexer_k_pooled-23 (reshaped)",""
144,38,MUL_MAT,0,254,88,573,"attn_output-23","blk.23.attn_output.weight","attn_gated-23"
144,66,SCALE,0,0,1,839,"ffn_moe_inp-23","node_3928",""
144,102,ADD,0,1,1,1637,"ffn_moe_out-23","node_3964","ffn_moe_weighted-23 (view)"
144,106,MUL_MAT,0,24,9,1766,"ffn_shexp-23","blk.23.ffn_down_shexp.weight","ffn_swiglu-23"
144,109,MUL,0,2,1,1774,"ffn_shexp_gated-23","ffn_shexp-23","shared_expert_gate_sigmoid-23"
144,110,ADD,0,1,0,1775,"ffn_out-23","ffn_moe_out-23","ffn_shexp_gated-23"
144,184,RMS_NORM,0,0,28,3118,"norm-24","attn_output-24",""
145,5,MUL_MAT,0,279,69,720,"linear_attn_out-24","blk.24.ssm_out.weight","final_output-24"
145,34,SCALE,0,0,2,1004,"ffn_moe_inp-24","node_4082",""
145,70,ADD,0,2,0,1893,"ffn_moe_out-24","node_4118","ffn_moe_weighted-24 (view)"
145,74,MUL_MAT,0,31,5,2008,"ffn_shexp-24","blk.24.ffn_down_shexp.weight","ffn_swiglu-24"
145,77,MUL,0,1,1,2015,"ffn_shexp_gated-24","ffn_shexp-24","shared_expert_gate_sigmoid-24"
145,78,ADD,0,1,1,2017,"ffn_out-24","ffn_moe_out-24","ffn_shexp_gated-24"
145,152,RMS_NORM,0,0,2,3310,"norm-25","attn_output-25",""
146,5,MUL_MAT,0,279,72,677,"linear_attn_out-25","blk.25.ssm_out.weight","final_output-25"
146,34,SCALE,0,1,1,955,"ffn_moe_inp-25","node_4236",""
146,70,ADD,0,1,1,1891,"ffn_moe_out-25","node_4272","ffn_moe_weighted-25 (view)"
146,74,MUL_MAT,0,32,9,2019,"ffn_shexp-25","blk.25.ffn_down_shexp.weight","ffn_swiglu-25"
146,77,MUL,0,2,0,2026,"ffn_shexp_gated-25","ffn_shexp-25","shared_expert_gate_sigmoid-25"
146,78,ADD,0,1,1,2028,"ffn_out-25","ffn_moe_out-25","ffn_shexp_gated-25"
146,152,RMS_NORM,0,0,12,3478,"norm-26","attn_output-26",""
147,5,MUL_MAT,0,285,60,684,"linear_attn_out-26","blk.26.ssm_out.weight","final_output-26"
147,34,SCALE,0,0,1,1061,"ffn_moe_inp-26","node_4390",""
147,70,ADD,0,1,1,1977,"ffn_moe_out-26","node_4426","ffn_moe_weighted-26 (view)"
147,74,MUL_MAT,0,29,14,2115,"ffn_shexp-26","blk.26.ffn_down_shexp.weight","ffn_swiglu-26"
147,77,MUL,0,2,1,2124,"ffn_shexp_gated-26","ffn_shexp-26","shared_expert_gate_sigmoid-26"
147,78,ADD,0,1,1,2126,"ffn_out-26","ffn_moe_out-26","ffn_shexp_gated-26"
147,151,RMS_NORM,0,4,1,3173,"norm-27","indexer_k_pooled-27 (reshaped)",""
148,38,MUL_MAT,0,253,75,549,"attn_output-27","blk.27.attn_output.weight","attn_gated-27"
148,66,SCALE,0,0,1,818,"ffn_moe_inp-27","node_4577",""
148,102,ADD,0,1,0,2149,"ffn_moe_out-27","node_4613","ffn_moe_weighted-27 (view)"
148,106,MUL_MAT,0,29,7,2274,"ffn_shexp-27","blk.27.ffn_down_shexp.weight","ffn_swiglu-27"
148,109,MUL,0,2,1,2284,"ffn_shexp_gated-27","ffn_shexp-27","shared_expert_gate_sigmoid-27"
148,110,ADD,0,1,0,2285,"ffn_out-27","ffn_moe_out-27","ffn_shexp_gated-27"
148,184,RMS_NORM,0,0,5,3654,"norm-28","attn_output-28",""
149,5,MUL_MAT,0,259,66,723,"linear_attn_out-28","blk.28.ssm_out.weight","final_output-28"
149,34,SCALE,0,0,4,1088,"ffn_moe_inp-28","node_4731",""
149,70,ADD,0,1,1,1920,"ffn_moe_out-28","node_4767","ffn_moe_weighted-28 (view)"
149,74,MUL_MAT,0,30,10,2040,"ffn_shexp-28","blk.28.ffn_down_shexp.weight","ffn_swiglu-28"
149,77,MUL,0,2,0,2048,"ffn_shexp_gated-28","ffn_shexp-28","shared_expert_gate_sigmoid-28"
149,78,ADD,0,1,10,2059,"ffn_out-28","ffn_moe_out-28","ffn_shexp_gated-28"
149,152,RMS_NORM,0,0,9,3547,"norm-29","attn_output-29",""
150,5,MUL_MAT,0,267,77,697,"linear_attn_out-29","blk.29.ssm_out.weight","final_output-29"
150,34,SCALE,0,0,1,969,"ffn_moe_inp-29","node_4885",""
150,70,ADD,0,1,1,1783,"ffn_moe_out-29","node_4921","ffn_moe_weighted-29 (view)"
150,74,MUL_MAT,0,28,11,1897,"ffn_shexp-29","blk.29.ffn_down_shexp.weight","ffn_swiglu-29"
150,77,MUL,0,2,0,1906,"ffn_shexp_gated-29","ffn_shexp-29","shared_expert_gate_sigmoid-29"
150,78,ADD,0,1,1,1908,"ffn_out-29","ffn_moe_out-29","ffn_shexp_gated-29"
150,152,RMS_NORM,0,0,2,3298,"norm-30","attn_output-30",""
151,5,MUL_MAT,0,264,76,671,"linear_attn_out-30","blk.30.ssm_out.weight","final_output-30"
151,34,SCALE,0,1,0,940,"ffn_moe_inp-30","node_5039",""
151,70,ADD,0,1,0,1996,"ffn_moe_out-30","node_5075","ffn_moe_weighted-30 (view)"
151,74,MUL_MAT,0,33,5,2116,"ffn_shexp-30","blk.30.ffn_down_shexp.weight","ffn_swiglu-30"
151,77,MUL,0,2,0,2124,"ffn_shexp_gated-30","ffn_shexp-30","shared_expert_gate_sigmoid-30"
151,78,ADD,0,2,0,2126,"ffn_out-30","ffn_moe_out-30","ffn_shexp_gated-30"
151,151,RMS_NORM,0,5,0,3291,"norm-31","indexer_k_pooled-31 (reshaped)",""
152,38,MUL_MAT,0,300,28,581,"attn_output-31","blk.31.attn_output.weight","attn_gated-31"
152,66,SCALE,0,0,1,917,"ffn_moe_inp-31","node_5226",""
152,102,ADD,0,1,1,1723,"ffn_moe_out-31","node_5262","ffn_moe_weighted-31 (view)"
152,106,MUL_MAT,0,30,18,1849,"ffn_shexp-31","blk.31.ffn_down_shexp.weight","ffn_swiglu-31"
152,109,MUL,0,3,0,1858,"ffn_shexp_gated-31","ffn_shexp-31","shared_expert_gate_sigmoid-31"
152,110,ADD,0,1,1,1860,"ffn_out-31","ffn_moe_out-31","ffn_shexp_gated-31"
152,184,RMS_NORM,0,1,1,3239,"norm-32","attn_output-32",""
153,5,MUL_MAT,0,284,74,868,"linear_attn_out-32","blk.32.ssm_out.weight","final_output-32"
153,34,SCALE,0,0,1,1102,"ffn_moe_inp-32","node_5380",""
153,70,ADD,0,2,0,1882,"ffn_moe_out-32","node_5416","ffn_moe_weighted-32 (view)"
153,74,MUL_MAT,0,32,7,2000,"ffn_shexp-32","blk.32.ffn_down_shexp.weight","ffn_swiglu-32"
153,77,MUL,0,2,0,2009,"ffn_shexp_gated-32","ffn_shexp-32","shared_expert_gate_sigmoid-32"
153,78,ADD,0,2,0,2011,"ffn_out-32","ffn_moe_out-32","ffn_shexp_gated-32"
153,152,RMS_NORM,0,1,9,3422,"norm-33","attn_output-33",""
154,5,MUL_MAT,0,225,176,767,"linear_attn_out-33","blk.33.ssm_out.weight","final_output-33"
154,34,SCALE,0,1,1,1186,"ffn_moe_inp-33","node_5534",""
154,70,ADD,0,1,1,2052,"ffn_moe_out-33","node_5570","ffn_moe_weighted-33 (view)"
154,74,MUL_MAT,0,34,6,2175,"ffn_shexp-33","blk.33.ffn_down_shexp.weight","ffn_swiglu-33"
154,77,MUL,0,3,1,2185,"ffn_shexp_gated-33","ffn_shexp-33","shared_expert_gate_sigmoid-33"
154,78,ADD,0,1,1,2187,"ffn_out-33","ffn_moe_out-33","ffn_shexp_gated-33"
154,152,RMS_NORM,0,0,1,3819,"norm-34","attn_output-34",""
155,5,MUL_MAT,0,305,21,629,"linear_attn_out-34","blk.34.ssm_out.weight","final_output-34"
155,34,SCALE,0,0,1,913,"ffn_moe_inp-34","node_5688",""
155,70,ADD,0,1,0,2021,"ffn_moe_out-34","node_5724","ffn_moe_weighted-34 (view)"
155,74,MUL_MAT,0,38,25,2258,"ffn_shexp-34","blk.34.ffn_down_shexp.weight","ffn_swiglu-34"
155,77,MUL,0,2,0,2266,"ffn_shexp_gated-34","ffn_shexp-34","shared_expert_gate_sigmoid-34"
155,78,ADD,0,1,1,2268,"ffn_out-34","ffn_moe_out-34","ffn_shexp_gated-34"
155,151,RMS_NORM,0,5,0,3327,"norm-35","indexer_k_pooled-35 (reshaped)",""
156,38,MUL_MAT,0,263,58,549,"attn_output-35","blk.35.attn_output.weight","attn_gated-35"
156,66,SCALE,0,0,2,808,"ffn_moe_inp-35","node_5875",""
156,102,ADD,0,1,1,1607,"ffn_moe_out-35","node_5911","ffn_moe_weighted-35 (view)"
156,106,MUL_MAT,0,31,4,1726,"ffn_shexp-35","blk.35.ffn_down_shexp.weight","ffn_swiglu-35"
156,109,MUL,0,2,1,1740,"ffn_shexp_gated-35","ffn_shexp-35","shared_expert_gate_sigmoid-35"
156,110,ADD,0,1,10,1751,"ffn_out-35","ffn_moe_out-35","ffn_shexp_gated-35"
156,184,RMS_NORM,0,0,1,3587,"norm-36","attn_output-36",""
157,5,MUL_MAT,0,294,61,711,"linear_attn_out-36","blk.36.ssm_out.weight","final_output-36"
157,34,SCALE,0,0,6,989,"ffn_moe_inp-36","node_6029",""
157,70,ADD,0,1,1,1804,"ffn_moe_out-36","node_6065","ffn_moe_weighted-36 (view)"
157,74,MUL_MAT,0,32,6,1939,"ffn_shexp-36","blk.36.ffn_down_shexp.weight","ffn_swiglu-36"
157,77,MUL,0,3,0,1949,"ffn_shexp_gated-36","ffn_shexp-36","shared_expert_gate_sigmoid-36"
157,78,ADD,0,1,1,1951,"ffn_out-36","ffn_moe_out-36","ffn_shexp_gated-36"
157,152,RMS_NORM,0,1,1,3263,"norm-37","attn_output-37",""
158,5,MUL_MAT,0,197,147,671,"linear_attn_out-37","blk.37.ssm_out.weight","final_output-37"
158,34,SCALE,0,0,1,941,"ffn_moe_inp-37","node_6183",""
158,70,ADD,0,2,0,1880,"ffn_moe_out-37","node_6219","ffn_moe_weighted-37 (view)"
158,74,MUL_MAT,0,30,28,2040,"ffn_shexp-37","blk.37.ffn_down_shexp.weight","ffn_swiglu-37"
158,77,MUL,0,3,1,2057,"ffn_shexp_gated-37","ffn_shexp-37","shared_expert_gate_sigmoid-37"
158,78,ADD,0,1,1,2060,"ffn_out-37","ffn_moe_out-37","ffn_shexp_gated-37"
158,152,RMS_NORM,0,0,6,3486,"norm-38","attn_output-38",""
159,5,MUL_MAT,0,270,76,677,"linear_attn_out-38","blk.38.ssm_out.weight","final_output-38"
159,34,SCALE,0,1,4,1060,"ffn_moe_inp-38","node_6337",""
159,70,ADD,0,2,0,2075,"ffn_moe_out-38","node_6373","ffn_moe_weighted-38 (view)"
159,74,MUL_MAT,0,37,4,2201,"ffn_shexp-38","blk.38.ffn_down_shexp.weight","ffn_swiglu-38"
159,77,MUL,0,3,0,2212,"ffn_shexp_gated-38","ffn_shexp-38","shared_expert_gate_sigmoid-38"
159,78,ADD,0,1,4,2218,"ffn_out-38","ffn_moe_out-38","ffn_shexp_gated-38"
159,87,ADD,0,2,1,2280,"l_last-38","hc_combine-38","node_6390"
160,0,GET_ROWS,0,3,0,3,"model.input_embed","token_embd.weight","inp_tokens"
160,69,RMS_NORM,0,1,1,1619,"norm-0","attn_output-0",""
161,5,MUL_MAT,0,315,19,660,"linear_attn_out-0","blk.0.ssm_out.weight","final_output-0"
161,34,SCALE,0,0,2,934,"ffn_moe_inp-0","node_104",""
161,70,ADD,0,2,0,1733,"ffn_moe_out-0","node_140","ffn_moe_weighted-0 (view)"
161,93,MUL_MAT,0,35,3,2663,"ffn_shexp-0","blk.0.ffn_down_shexp.weight","ffn_swiglu-0"
161,96,MUL,0,4,0,2674,"ffn_shexp_gated-0","ffn_shexp-0","shared_expert_gate_sigmoid-0"
161,97,ADD,0,2,0,2676,"ffn_out-0","ffn_moe_out-0","ffn_shexp_gated-0"
161,236,RMS_NORM,0,0,1,5020,"norm-1","attn_output-1",""
162,5,MUL_MAT,0,318,49,708,"linear_attn_out-1","blk.1.ssm_out.weight","final_output-1"
162,34,SCALE,0,0,2,958,"ffn_moe_inp-1","node_342",""
162,70,ADD,0,1,1,2295,"ffn_moe_out-1","node_378","ffn_moe_weighted-1 (view)"
162,74,MUL_MAT,0,30,11,2421,"ffn_shexp-1","blk.1.ffn_down_shexp.weight","ffn_swiglu-1"
162,77,MUL,0,2,0,2438,"ffn_shexp_gated-1","ffn_shexp-1","shared_expert_gate_sigmoid-1"
162,78,ADD,0,1,1,2440,"ffn_out-1","ffn_moe_out-1","ffn_shexp_gated-1"
162,152,RMS_NORM,0,0,1,3840,"norm-2","attn_output-2",""
163,5,MUL_MAT,0,293,60,693,"linear_attn_out-2","blk.2.ssm_out.weight","final_output-2"
163,34,SCALE,0,0,8,991,"ffn_moe_inp-2","node_496",""
163,70,ADD,0,1,0,2057,"ffn_moe_out-2","node_532","ffn_moe_weighted-2 (view)"
163,74,MUL_MAT,0,37,1,2180,"ffn_shexp-2","blk.2.ffn_down_shexp.weight","ffn_swiglu-2"
163,77,MUL,0,3,0,2188,"ffn_shexp_gated-2","ffn_shexp-2","shared_expert_gate_sigmoid-2"
163,78,ADD,0,1,1,2190,"ffn_out-2","ffn_moe_out-2","ffn_shexp_gated-2"
163,151,RMS_NORM,0,5,0,3423,"norm-3","indexer_k_pooled-3 (reshaped)",""
164,38,MUL_MAT,0,277,41,543,"attn_output-3","blk.3.attn_output.weight","attn_gated-3"
164,66,SCALE,0,0,1,778,"ffn_moe_inp-3","node_683",""
164,102,ADD,0,1,1,1656,"ffn_moe_out-3","node_719","ffn_moe_weighted-3 (view)"
164,106,MUL_MAT,0,28,8,1770,"ffn_shexp-3","blk.3.ffn_down_shexp.weight","ffn_swiglu-3"
164,109,MUL,0,2,0,1778,"ffn_shexp_gated-3","ffn_shexp-3","shared_expert_gate_sigmoid-3"
164,110,ADD,0,1,0,1779,"ffn_out-3","ffn_moe_out-3","ffn_shexp_gated-3"
164,184,RMS_NORM,0,1,20,3352,"norm-4","attn_output-4",""
165,5,MUL_MAT,0,270,65,673,"linear_attn_out-4","blk.4.ssm_out.weight","final_output-4"
165,34,SCALE,0,1,1,946,"ffn_moe_inp-4","node_837",""
165,70,ADD,0,1,1,1849,"ffn_moe_out-4","node_873","ffn_moe_weighted-4 (view)"
165,74,MUL_MAT,0,33,3,1972,"ffn_shexp-4","blk.4.ffn_down_shexp.weight","ffn_swiglu-4"
165,77,MUL,0,2,0,1980,"ffn_shexp_gated-4","ffn_shexp-4","shared_expert_gate_sigmoid-4"
165,78,ADD,0,1,0,1982,"ffn_out-4","ffn_moe_out-4","ffn_shexp_gated-4"
165,152,RMS_NORM,0,0,10,3341,"norm-5","attn_output-5",""
166,5,MUL_MAT,0,297,105,752,"linear_attn_out-5","blk.5.ssm_out.weight","final_output-5"
166,34,SCALE,0,0,17,1242,"ffn_moe_inp-5","node_991",""
166,70,ADD,0,1,0,2331,"ffn_moe_out-5","node_1027","ffn_moe_weighted-5 (view)"
166,74,MUL_MAT,0,40,20,2485,"ffn_shexp-5","blk.5.ffn_down_shexp.weight","ffn_swiglu-5"
166,77,MUL,0,3,0,2529,"ffn_shexp_gated-5","ffn_shexp-5","shared_expert_gate_sigmoid-5"
166,78,ADD,0,2,1,2532,"ffn_out-5","ffn_moe_out-5","ffn_shexp_gated-5"
166,152,RMS_NORM,0,1,1,4088,"norm-6","attn_output-6",""
167,5,MUL_MAT,0,360,31,737,"linear_attn_out-6","blk.6.ssm_out.weight","final_output-6"
167,34,SCALE,0,1,2,1105,"ffn_moe_inp-6","node_1145",""
167,70,ADD,0,1,1,2572,"ffn_moe_out-6","node_1181","ffn_moe_weighted-6 (view)"
167,74,MUL_MAT,0,29,8,2697,"ffn_shexp-6","blk.6.ffn_down_shexp.weight","ffn_swiglu-6"
167,77,MUL,0,2,0,2706,"ffn_shexp_gated-6","ffn_shexp-6","shared_expert_gate_sigmoid-6"
167,78,ADD,0,1,1,2708,"ffn_out-6","ffn_moe_out-6","ffn_shexp_gated-6"
167,151,RMS_NORM,0,4,7,3816,"norm-7","indexer_k_pooled-7 (reshaped)",""
168,38,MUL_MAT,0,274,56,555,"attn_output-7","blk.7.attn_output.weight","attn_gated-7"
168,66,SCALE,0,0,2,810,"ffn_moe_inp-7","node_1332",""
168,102,ADD,0,1,0,1568,"ffn_moe_out-7","node_1368","ffn_moe_weighted-7 (view)"
168,106,MUL_MAT,0,28,10,1688,"ffn_shexp-7","blk.7.ffn_down_shexp.weight","ffn_swiglu-7"
168,109,MUL,0,2,0,1697,"ffn_shexp_gated-7","ffn_shexp-7","shared_expert_gate_sigmoid-7"
168,110,ADD,0,1,1,1699,"ffn_out-7","ffn_moe_out-7","ffn_shexp_gated-7"
168,184,RMS_NORM,0,0,1,3456,"norm-8","attn_output-8",""
169,5,MUL_MAT,0,289,77,751,"linear_attn_out-8","blk.8.ssm_out.weight","final_output-8"
169,34,SCALE,0,0,2,1020,"ffn_moe_inp-8","node_1486",""
169,70,ADD,0,1,9,2581,"ffn_moe_out-8","node_1522","ffn_moe_weighted-8 (view)"
169,74,MUL_MAT,0,21,14,2696,"ffn_shexp-8","blk.8.ffn_down_shexp.weight","ffn_swiglu-8"
169,77,MUL,0,2,0,2703,"ffn_shexp_gated-8","ffn_shexp-8","shared_expert_gate_sigmoid-8"
169,78,ADD,0,1,0,2705,"ffn_out-8","ffn_moe_out-8","ffn_shexp_gated-8"
169,152,RMS_NORM,0,0,2,4253,"norm-9","attn_output-9",""
170,5,MUL_MAT,0,252,126,739,"linear_attn_out-9","blk.9.ssm_out.weight","final_output-9"
170,34,SCALE,0,1,2,1014,"ffn_moe_inp-9","node_1640",""
170,70,ADD,0,1,0,2260,"ffn_moe_out-9","node_1676","ffn_moe_weighted-9 (view)"
170,74,MUL_MAT,0,24,14,2380,"ffn_shexp-9","blk.9.ffn_down_shexp.weight","ffn_swiglu-9"
170,77,MUL,0,2,0,2388,"ffn_shexp_gated-9","ffn_shexp-9","shared_expert_gate_sigmoid-9"
170,78,ADD,0,1,1,2390,"ffn_out-9","ffn_moe_out-9","ffn_shexp_gated-9"
170,152,RMS_NORM,0,1,1,3663,"norm-10","attn_output-10",""
171,5,MUL_MAT,0,174,266,758,"linear_attn_out-10","blk.10.ssm_out.weight","final_output-10"
171,34,SCALE,0,0,1,1013,"ffn_moe_inp-10","node_1794",""
171,70,ADD,0,0,1,2354,"ffn_moe_out-10","node_1830","ffn_moe_weighted-10 (view)"
171,74,MUL_MAT,0,23,15,2473,"ffn_shexp-10","blk.10.ffn_down_shexp.weight","ffn_swiglu-10"
171,77,MUL,0,1,1,2481,"ffn_shexp_gated-10","ffn_shexp-10","shared_expert_gate_sigmoid-10"
171,78,ADD,0,1,1,2483,"ffn_out-10","ffn_moe_out-10","ffn_shexp_gated-10"
171,151,RMS_NORM,0,3,1,3530,"norm-11","indexer_k_pooled-11 (reshaped)",""
172,38,MUL_MAT,0,163,149,545,"attn_output-11","blk.11.attn_output.weight","attn_gated-11"
172,66,SCALE,0,0,2,785,"ffn_moe_inp-11","node_1981",""
172,102,ADD,0,1,0,1566,"ffn_moe_out-11","node_2017","ffn_moe_weighted-11 (view)"
172,106,MUL_MAT,0,17,22,1684,"ffn_shexp-11","blk.11.ffn_down_shexp.weight","ffn_swiglu-11"
172,109,MUL,0,2,0,1691,"ffn_shexp_gated-11","ffn_shexp-11","shared_expert_gate_sigmoid-11"
172,110,ADD,0,1,1,1693,"ffn_out-11","ffn_moe_out-11","ffn_shexp_gated-11"
172,184,RMS_NORM,0,0,2,2961,"norm-12","attn_output-12",""
173,5,MUL_MAT,0,208,141,701,"linear_attn_out-12","blk.12.ssm_out.weight","final_output-12"
173,34,SCALE,0,0,9,1080,"ffn_moe_inp-12","node_2135",""
173,70,ADD,0,1,17,2122,"ffn_moe_out-12","node_2171","ffn_moe_weighted-12 (view)"
173,74,MUL_MAT,0,29,10,2249,"ffn_shexp-12","blk.12.ffn_down_shexp.weight","ffn_swiglu-12"
173,77,MUL,0,2,0,2272,"ffn_shexp_gated-12","ffn_shexp-12","shared_expert_gate_sigmoid-12"
173,78,ADD,0,1,1,2274,"ffn_out-12","ffn_moe_out-12","ffn_shexp_gated-12"
173,152,RMS_NORM,0,1,1,3625,"norm-13","attn_output-13",""
174,5,MUL_MAT,0,327,9,675,"linear_attn_out-13","blk.13.ssm_out.weight","final_output-13"
174,34,SCALE,0,0,11,1045,"ffn_moe_inp-13","node_2289",""
174,70,ADD,0,2,0,1903,"ffn_moe_out-13","node_2325","ffn_moe_weighted-13 (view)"
174,74,MUL_MAT,0,37,2,2077,"ffn_shexp-13","blk.13.ffn_down_shexp.weight","ffn_swiglu-13"
174,77,MUL,0,3,0,2092,"ffn_shexp_gated-13","ffn_shexp-13","shared_expert_gate_sigmoid-13"
174,78,ADD,0,1,10,2104,"ffn_out-13","ffn_moe_out-13","ffn_shexp_gated-13"
174,152,RMS_NORM,0,1,0,3787,"norm-14","attn_output-14",""
175,5,MUL_MAT,0,319,117,751,"linear_attn_out-14","blk.14.ssm_out.weight","final_output-14"
175,34,SCALE,0,1,1,1003,"ffn_moe_inp-14","node_2443",""
175,70,ADD,0,1,1,2160,"ffn_moe_out-14","node_2479","ffn_moe_weighted-14 (view)"
175,74,MUL_MAT,0,33,3,2273,"ffn_shexp-14","blk.14.ffn_down_shexp.weight","ffn_swiglu-14"
175,77,MUL,0,4,0,2283,"ffn_shexp_gated-14","ffn_shexp-14","shared_expert_gate_sigmoid-14"
175,78,ADD,0,2,0,2285,"ffn_out-14","ffn_moe_out-14","ffn_shexp_gated-14"
175,151,RMS_NORM,0,9,0,3363,"norm-15","indexer_k_pooled-15 (reshaped)",""
176,38,MUL_MAT,0,337,4,566,"attn_output-15","blk.15.attn_output.weight","attn_gated-15"
176,66,SCALE,0,1,1,832,"ffn_moe_inp-15","node_2630",""
176,102,ADD,0,2,0,1644,"ffn_moe_out-15","node_2666","ffn_moe_weighted-15 (view)"
176,106,MUL_MAT,0,33,5,1768,"ffn_shexp-15","blk.15.ffn_down_shexp.weight","ffn_swiglu-15"
176,109,MUL,0,3,0,1778,"ffn_shexp_gated-15","ffn_shexp-15","shared_expert_gate_sigmoid-15"
176,110,ADD,0,1,4,1784,"ffn_out-15","ffn_moe_out-15","ffn_shexp_gated-15"
176,184,RMS_NORM,0,1,11,3345,"norm-16","attn_output-16",""
177,5,MUL_MAT,0,312,8,630,"linear_attn_out-16","blk.16.ssm_out.weight","final_output-16"
177,34,SCALE,0,1,1,970,"ffn_moe_inp-16","node_2784",""
177,70,ADD,0,1,9,1844,"ffn_moe_out-16","node_2820","ffn_moe_weighted-16 (view)"
177,74,MUL_MAT,0,38,9,1986,"ffn_shexp-16","blk.16.ffn_down_shexp.weight","ffn_swiglu-16"
177,77,MUL,0,3,0,1996,"ffn_shexp_gated-16","ffn_shexp-16","shared_expert_gate_sigmoid-16"
177,78,ADD,0,1,2,2000,"ffn_out-16","ffn_moe_out-16","ffn_shexp_gated-16"
177,152,RMS_NORM,0,0,2,3715,"norm-17","attn_output-17",""
178,5,MUL_MAT,0,226,173,735,"linear_attn_out-17","blk.17.ssm_out.weight","final_output-17"
178,34,SCALE,0,0,2,1103,"ffn_moe_inp-17","node_2938",""
178,70,ADD,0,1,1,1942,"ffn_moe_out-17","node_2974","ffn_moe_weighted-17 (view)"
178,74,MUL_MAT,0,41,10,2073,"ffn_shexp-17","blk.17.ffn_down_shexp.weight","ffn_swiglu-17"
178,77,MUL,0,2,0,2081,"ffn_shexp_gated-17","ffn_shexp-17","shared_expert_gate_sigmoid-17"
178,78,ADD,0,1,1,2083,"ffn_out-17","ffn_moe_out-17","ffn_shexp_gated-17"
178,152,RMS_NORM,0,1,0,3606,"norm-18","attn_output-18",""
179,5,MUL_MAT,0,181,170,705,"linear_attn_out-18","blk.18.ssm_out.weight","final_output-18"
179,34,SCALE,0,0,2,942,"ffn_moe_inp-18","node_3092",""
179,70,ADD,0,1,1,1763,"ffn_moe_out-18","node_3128","ffn_moe_weighted-18 (view)"
179,74,MUL_MAT,0,19,21,1891,"ffn_shexp-18","blk.18.ffn_down_shexp.weight","ffn_swiglu-18"
179,77,MUL,0,1,1,1899,"ffn_shexp_gated-18","ffn_shexp-18","shared_expert_gate_sigmoid-18"
179,78,ADD,0,1,1,1901,"ffn_out-18","ffn_moe_out-18","ffn_shexp_gated-18"
179,151,RMS_NORM,0,4,0,2933,"norm-19","indexer_k_pooled-19 (reshaped)",""
180,38,MUL_MAT,0,160,175,559,"attn_output-19","blk.19.attn_output.weight","attn_gated-19"
180,66,SCALE,0,0,2,804,"ffn_moe_inp-19","node_3279",""
180,102,ADD,0,1,0,1613,"ffn_moe_out-19","node_3315","ffn_moe_weighted-19 (view)"
180,106,MUL_MAT,0,30,10,1730,"ffn_shexp-19","blk.19.ffn_down_shexp.weight","ffn_swiglu-19"
180,109,MUL,0,2,0,1739,"ffn_shexp_gated-19","ffn_shexp-19","shared_expert_gate_sigmoid-19"
180,110,ADD,0,1,1,1741,"ffn_out-19","ffn_moe_out-19","ffn_shexp_gated-19"
180,184,RMS_NORM,0,1,1,3160,"norm-20","attn_output-20",""
181,5,MUL_MAT,0,290,49,666,"linear_attn_out-20","blk.20.ssm_out.weight","final_output-20"
181,34,SCALE,0,0,2,901,"ffn_moe_inp-20","node_3433",""
181,70,ADD,0,2,8,1669,"ffn_moe_out-20","node_3469","ffn_moe_weighted-20 (view)"
181,74,MUL_MAT,0,31,5,1790,"ffn_shexp-20","blk.20.ffn_down_shexp.weight","ffn_swiglu-20"
181,77,MUL,0,2,1,1798,"ffn_shexp_gated-20","ffn_shexp-20","shared_expert_gate_sigmoid-20"
181,78,ADD,0,1,0,1799,"ffn_out-20","ffn_moe_out-20","ffn_shexp_gated-20"
181,152,RMS_NORM,0,1,8,3214,"norm-21","attn_output-21",""
182,5,MUL_MAT,0,298,91,750,"linear_attn_out-21","blk.21.ssm_out.weight","final_output-21"
182,34,SCALE,0,0,7,1136,"ffn_moe_inp-21","node_3587",""
182,70,ADD,0,2,0,2092,"ffn_moe_out-21","node_3623","ffn_moe_weighted-21 (view)"
182,74,MUL_MAT,0,44,7,2220,"ffn_shexp-21","blk.21.ffn_down_shexp.weight","ffn_swiglu-21"
182,77,MUL,0,2,0,2227,"ffn_shexp_gated-21","ffn_shexp-21","shared_expert_gate_sigmoid-21"
182,78,ADD,0,1,0,2228,"ffn_out-21","ffn_moe_out-21","ffn_shexp_gated-21"
182,152,RMS_NORM,0,0,4,3615,"norm-22","attn_output-22",""
183,5,MUL_MAT,0,257,71,648,"linear_attn_out-22","blk.22.ssm_out.weight","final_output-22"
183,34,SCALE,0,0,1,1035,"ffn_moe_inp-22","node_3741",""
183,70,ADD,0,1,0,1871,"ffn_moe_out-22","node_3777","ffn_moe_weighted-22 (view)"
183,74,MUL_MAT,0,35,11,2010,"ffn_shexp-22","blk.22.ffn_down_shexp.weight","ffn_swiglu-22"
183,77,MUL,0,2,0,2019,"ffn_shexp_gated-22","ffn_shexp-22","shared_expert_gate_sigmoid-22"
183,78,ADD,0,2,0,2021,"ffn_out-22","ffn_moe_out-22","ffn_shexp_gated-22"
183,151,RMS_NORM,0,4,1,3093,"norm-23","indexer_k_pooled-23 (reshaped)",""
184,38,MUL_MAT,0,257,65,553,"attn_output-23","blk.23.attn_output.weight","attn_gated-23"
184,66,SCALE,0,0,8,808,"ffn_moe_inp-23","node_3928",""
184,102,ADD,0,1,0,1566,"ffn_moe_out-23","node_3964","ffn_moe_weighted-23 (view)"
184,106,MUL_MAT,0,33,7,1689,"ffn_shexp-23","blk.23.ffn_down_shexp.weight","ffn_swiglu-23"
184,109,MUL,0,2,0,1697,"ffn_shexp_gated-23","ffn_shexp-23","shared_expert_gate_sigmoid-23"
184,110,ADD,0,1,1,1699,"ffn_out-23","ffn_moe_out-23","ffn_shexp_gated-23"
184,184,RMS_NORM,0,0,1,3053,"norm-24","attn_output-24",""
185,5,MUL_MAT,0,234,120,714,"linear_attn_out-24","blk.24.ssm_out.weight","final_output-24"
185,34,SCALE,0,0,1,991,"ffn_moe_inp-24","node_4082",""
185,70,ADD,0,1,1,1878,"ffn_moe_out-24","node_4118","ffn_moe_weighted-24 (view)"
185,74,MUL_MAT,0,22,14,2005,"ffn_shexp-24","blk.24.ffn_down_shexp.weight","ffn_swiglu-24"
185,77,MUL,0,2,0,2011,"ffn_shexp_gated-24","ffn_shexp-24","shared_expert_gate_sigmoid-24"
185,78,ADD,0,1,1,2013,"ffn_out-24","ffn_moe_out-24","ffn_shexp_gated-24"
185,152,RMS_NORM,0,0,1,3442,"norm-25","attn_output-25",""
186,5,MUL_MAT,0,272,53,653,"linear_attn_out-25","blk.25.ssm_out.weight","final_output-25"
186,34,SCALE,0,0,1,912,"ffn_moe_inp-25","node_4236",""
186,70,ADD,0,1,0,1742,"ffn_moe_out-25","node_4272","ffn_moe_weighted-25 (view)"
186,74,MUL_MAT,0,33,7,1862,"ffn_shexp-25","blk.25.ffn_down_shexp.weight","ffn_swiglu-25"
186,77,MUL,0,2,0,1870,"ffn_shexp_gated-25","ffn_shexp-25","shared_expert_gate_sigmoid-25"
186,78,ADD,0,2,0,1872,"ffn_out-25","ffn_moe_out-25","ffn_shexp_gated-25"
186,152,RMS_NORM,0,1,3,3381,"norm-26","attn_output-26",""
187,5,MUL_MAT,0,269,62,685,"linear_attn_out-26","blk.26.ssm_out.weight","final_output-26"
187,34,SCALE,0,0,1,932,"ffn_moe_inp-26","node_4390",""
187,70,ADD,0,1,1,1715,"ffn_moe_out-26","node_4426","ffn_moe_weighted-26 (view)"
187,74,MUL_MAT,0,32,7,1834,"ffn_shexp-26","blk.26.ffn_down_shexp.weight","ffn_swiglu-26"
187,77,MUL,0,2,1,1842,"ffn_shexp_gated-26","ffn_shexp-26","shared_expert_gate_sigmoid-26"
187,78,ADD,0,1,0,1843,"ffn_out-26","ffn_moe_out-26","ffn_shexp_gated-26"
187,151,RMS_NORM,0,5,0,2824,"norm-27","indexer_k_pooled-27 (reshaped)",""
188,38,MUL_MAT,0,261,62,546,"attn_output-27","blk.27.attn_output.weight","attn_gated-27"
188,66,SCALE,0,0,2,803,"ffn_moe_inp-27","node_4577",""
188,102,ADD,0,2,0,1669,"ffn_moe_out-27","node_4613","ffn_moe_weighted-27 (view)"
188,106,MUL_MAT,0,34,11,1803,"ffn_shexp-27","blk.27.ffn_down_shexp.weight","ffn_swiglu-27"
188,109,MUL,0,3,1,1813,"ffn_shexp_gated-27","ffn_shexp-27","shared_expert_gate_sigmoid-27"
188,110,ADD,0,2,0,1815,"ffn_out-27","ffn_moe_out-27","ffn_shexp_gated-27"
188,184,RMS_NORM,0,0,1,3510,"norm-28","attn_output-28",""
189,5,MUL_MAT,0,314,16,647,"linear_attn_out-28","blk.28.ssm_out.weight","final_output-28"
189,34,SCALE,0,0,2,914,"ffn_moe_inp-28","node_4731",""
189,70,ADD,0,2,0,1675,"ffn_moe_out-28","node_4767","ffn_moe_weighted-28 (view)"
189,74,MUL_MAT,0,46,2,1929,"ffn_shexp-28","blk.28.ffn_down_shexp.weight","ffn_swiglu-28"
189,77,MUL,0,3,1,1939,"ffn_shexp_gated-28","ffn_shexp-28","shared_expert_gate_sigmoid-28"
189,78,ADD,0,2,0,1941,"ffn_out-28","ffn_moe_out-28","ffn_shexp_gated-28"
189,152,RMS_NORM,0,1,0,3806,"norm-29","attn_output-29",""
190,5,MUL_MAT,0,306,23,693,"linear_attn_out-29","blk.29.ssm_out.weight","final_output-29"
190,34,SCALE,0,0,1,950,"ffn_moe_inp-29","node_4885",""
190,70,ADD,0,2,6,1799,"ffn_moe_out-29","node_4921","ffn_moe_weighted-29 (view)"
190,74,MUL_MAT,0,30,7,1914,"ffn_shexp-29","blk.29.ffn_down_shexp.weight","ffn_swiglu-29"
190,77,MUL,0,2,0,1922,"ffn_shexp_gated-29","ffn_shexp-29","shared_expert_gate_sigmoid-29"
190,78,ADD,0,1,1,1925,"ffn_out-29","ffn_moe_out-29","ffn_shexp_gated-29"
190,152,RMS_NORM,0,1,6,3517,"norm-30","attn_output-30",""
191,5,MUL_MAT,0,331,65,808,"linear_attn_out-30","blk.30.ssm_out.weight","final_output-30"
191,34,SCALE,0,0,1,1138,"ffn_moe_inp-30","node_5039",""
191,70,ADD,0,1,0,2318,"ffn_moe_out-30","node_5075","ffn_moe_weighted-30 (view)"
191,74,MUL_MAT,0,36,9,2443,"ffn_shexp-30","blk.30.ffn_down_shexp.weight","ffn_swiglu-30"
191,77,MUL,0,2,0,2458,"ffn_shexp_gated-30","ffn_shexp-30","shared_expert_gate_sigmoid-30"
191,78,ADD,0,1,1,2460,"ffn_out-30","ffn_moe_out-30","ffn_shexp_gated-30"
191,151,RMS_NORM,0,4,0,3482,"norm-31","indexer_k_pooled-31 (reshaped)",""
192,38,MUL_MAT,0,269,49,548,"attn_output-31","blk.31.attn_output.weight","attn_gated-31"
192,66,SCALE,0,0,2,782,"ffn_moe_inp-31","node_5226",""
192,102,ADD,0,1,1,1686,"ffn_moe_out-31","node_5262","ffn_moe_weighted-31 (view)"
192,106,MUL_MAT,0,28,8,1802,"ffn_shexp-31","blk.31.ffn_down_shexp.weight","ffn_swiglu-31"
192,109,MUL,0,2,0,1810,"ffn_shexp_gated-31","ffn_shexp-31","shared_expert_gate_sigmoid-31"
192,110,ADD,0,1,1,1812,"ffn_out-31","ffn_moe_out-31","ffn_shexp_gated-31"
192,184,RMS_NORM,0,1,1,3198,"norm-32","attn_output-32",""
193,5,MUL_MAT,0,282,74,717,"linear_attn_out-32","blk.32.ssm_out.weight","final_output-32"
193,34,SCALE,0,0,10,965,"ffn_moe_inp-32","node_5380",""
193,70,ADD,0,1,0,1788,"ffn_moe_out-32","node_5416","ffn_moe_weighted-32 (view)"
193,74,MUL_MAT,0,31,6,1906,"ffn_shexp-32","blk.32.ffn_down_shexp.weight","ffn_swiglu-32"
193,77,MUL,0,2,6,1922,"ffn_shexp_gated-32","ffn_shexp-32","shared_expert_gate_sigmoid-32"
193,78,ADD,0,1,0,1924,"ffn_out-32","ffn_moe_out-32","ffn_shexp_gated-32"
193,152,RMS_NORM,0,0,1,3311,"norm-33","attn_output-33",""
194,5,MUL_MAT,0,199,151,705,"linear_attn_out-33","blk.33.ssm_out.weight","final_output-33"
194,34,SCALE,0,0,1,982,"ffn_moe_inp-33","node_5534",""
194,70,ADD,0,1,1,2002,"ffn_moe_out-33","node_5570","ffn_moe_weighted-33 (view)"
194,74,MUL_MAT,0,33,3,2185,"ffn_shexp-33","blk.33.ffn_down_shexp.weight","ffn_swiglu-33"
194,77,MUL,0,1,1,2193,"ffn_shexp_gated-33","ffn_shexp-33","shared_expert_gate_sigmoid-33"
194,78,ADD,0,1,0,2194,"ffn_out-33","ffn_moe_out-33","ffn_shexp_gated-33"
194,152,RMS_NORM,0,0,6,3553,"norm-34","attn_output-34",""
195,5,MUL_MAT,0,186,155,665,"linear_attn_out-34","blk.34.ssm_out.weight","final_output-34"
195,34,SCALE,0,0,1,904,"ffn_moe_inp-34","node_5688",""
195,70,ADD,0,1,1,1882,"ffn_moe_out-34","node_5724","ffn_moe_weighted-34 (view)"
195,74,MUL_MAT,0,53,0,2251,"ffn_shexp-34","blk.34.ffn_down_shexp.weight","ffn_swiglu-34"
195,77,MUL,0,3,0,2260,"ffn_shexp_gated-34","ffn_shexp-34","shared_expert_gate_sigmoid-34"
195,78,ADD,0,1,1,2262,"ffn_out-34","ffn_moe_out-34","ffn_shexp_gated-34"
195,151,RMS_NORM,0,5,14,3421,"norm-35","indexer_k_pooled-35 (reshaped)",""
196,38,MUL_MAT,0,256,65,540,"attn_output-35","blk.35.attn_output.weight","attn_gated-35"
196,66,SCALE,0,0,2,782,"ffn_moe_inp-35","node_5875",""
196,102,ADD,0,1,1,1558,"ffn_moe_out-35","node_5911","ffn_moe_weighted-35 (view)"
196,106,MUL_MAT,0,27,7,1663,"ffn_shexp-35","blk.35.ffn_down_shexp.weight","ffn_swiglu-35"
196,109,MUL,0,2,0,1670,"ffn_shexp_gated-35","ffn_shexp-35","shared_expert_gate_sigmoid-35"
196,110,ADD,0,1,2,1673,"ffn_out-35","ffn_moe_out-35","ffn_shexp_gated-35"
196,184,RMS_NORM,0,1,1,2933,"norm-36","attn_output-36",""
197,5,MUL_MAT,0,283,83,707,"linear_attn_out-36","blk.36.ssm_out.weight","final_output-36"
197,34,SCALE,0,0,2,975,"ffn_moe_inp-36","node_6029",""
197,70,ADD,0,0,1,2361,"ffn_moe_out-36","node_6065","ffn_moe_weighted-36 (view)"
197,74,MUL_MAT,0,30,11,2500,"ffn_shexp-36","blk.36.ffn_down_shexp.weight","ffn_swiglu-36"
197,77,MUL,0,3,0,2508,"ffn_shexp_gated-36","ffn_shexp-36","shared_expert_gate_sigmoid-36"
197,78,ADD,0,2,0,2510,"ffn_out-36","ffn_moe_out-36","ffn_shexp_gated-36"
197,152,RMS_NORM,0,1,1,4044,"norm-37","attn_output-37",""
198,5,MUL_MAT,0,300,18,643,"linear_attn_out-37","blk.37.ssm_out.weight","final_output-37"
198,34,SCALE,0,0,0,912,"ffn_moe_inp-37","node_6183",""
198,70,ADD,0,1,1,1775,"ffn_moe_out-37","node_6219","ffn_moe_weighted-37 (view)"
198,74,MUL_MAT,0,34,10,1909,"ffn_shexp-37","blk.37.ffn_down_shexp.weight","ffn_swiglu-37"
198,77,MUL,0,3,0,1918,"ffn_shexp_gated-37","ffn_shexp-37","shared_expert_gate_sigmoid-37"
198,78,ADD,0,2,0,1920,"ffn_out-37","ffn_moe_out-37","ffn_shexp_gated-37"
198,152,RMS_NORM,0,0,4,3691,"norm-38","attn_output-38",""
199,5,MUL_MAT,0,321,1,645,"linear_attn_out-38","blk.38.ssm_out.weight","final_output-38"
199,34,SCALE,0,0,1,935,"ffn_moe_inp-38","node_6337",""
199,70,ADD,0,1,0,1956,"ffn_moe_out-38","node_6373","ffn_moe_weighted-38 (view)"
199,74,MUL_MAT,0,20,19,2074,"ffn_shexp-38","blk.38.ffn_down_shexp.weight","ffn_swiglu-38"
199,77,MUL,0,1,0,2080,"ffn_shexp_gated-38","ffn_shexp-38","shared_expert_gate_sigmoid-38"
199,78,ADD,0,0,1,2082,"ffn_out-38","ffn_moe_out-38","ffn_shexp_gated-38"
199,87,ADD,0,1,1,2115,"l_last-38","hc_combine-38","node_6390"
200,0,GET_ROWS,0,2,1,4,"model.input_embed","token_embd.weight","inp_tokens"
200,69,RMS_NORM,0,0,1,1334,"norm-0","attn_output-0",""
201,5,MUL_MAT,0,283,64,670,"linear_attn_out-0","blk.0.ssm_out.weight","final_output-0"
201,34,SCALE,0,0,2,954,"ffn_moe_inp-0","node_104",""
201,70,ADD,0,1,0,1748,"ffn_moe_out-0","node_140","ffn_moe_weighted-0 (view)"
201,93,MUL_MAT,0,38,13,2654,"ffn_shexp-0","blk.0.ffn_down_shexp.weight","ffn_swiglu-0"
201,96,MUL,0,2,1,2667,"ffn_shexp_gated-0","ffn_shexp-0","shared_expert_gate_sigmoid-0"
201,97,ADD,0,1,0,2668,"ffn_out-0","ffn_moe_out-0","ffn_shexp_gated-0"
201,236,RMS_NORM,0,1,1,4394,"norm-1","attn_output-1",""
202,5,MUL_MAT,0,279,70,702,"linear_attn_out-1","blk.1.ssm_out.weight","final_output-1"
202,34,SCALE,0,0,19,1056,"ffn_moe_inp-1","node_342",""
202,70,ADD,0,1,1,2815,"ffn_moe_out-1","node_378","ffn_moe_weighted-1 (view)"
202,74,MUL_MAT,0,34,1,2931,"ffn_shexp-1","blk.1.ffn_down_shexp.weight","ffn_swiglu-1"
202,77,MUL,0,3,1,2941,"ffn_shexp_gated-1","ffn_shexp-1","shared_expert_gate_sigmoid-1"
202,78,ADD,0,2,0,2943,"ffn_out-1","ffn_moe_out-1","ffn_shexp_gated-1"
202,152,RMS_NORM,0,1,1,4489,"norm-2","attn_output-2",""
203,5,MUL_MAT,0,320,20,650,"linear_attn_out-2","blk.2.ssm_out.weight","final_output-2"
203,34,SCALE,0,0,1,913,"ffn_moe_inp-2","node_496",""
203,70,ADD,0,2,2,2077,"ffn_moe_out-2","node_532","ffn_moe_weighted-2 (view)"
203,74,MUL_MAT,0,47,78,2293,"ffn_shexp-2","blk.2.ffn_down_shexp.weight","ffn_swiglu-2"
203,77,MUL,0,2,1,2333,"ffn_shexp_gated-2","ffn_shexp-2","shared_expert_gate_sigmoid-2"
203,78,ADD,0,2,0,2335,"ffn_out-2","ffn_moe_out-2","ffn_shexp_gated-2"
203,151,RMS_NORM,0,5,0,3611,"norm-3","indexer_k_pooled-3 (reshaped)",""
204,38,MUL_MAT,0,247,67,541,"attn_output-3","blk.3.attn_output.weight","attn_gated-3"
204,66,SCALE,0,0,1,807,"ffn_moe_inp-3","node_683",""
204,102,ADD,0,1,1,1561,"ffn_moe_out-3","node_719","ffn_moe_weighted-3 (view)"
204,106,MUL_MAT,0,34,7,1684,"ffn_shexp-3","blk.3.ffn_down_shexp.weight","ffn_swiglu-3"
204,109,MUL,0,2,0,1693,"ffn_shexp_gated-3","ffn_shexp-3","shared_expert_gate_sigmoid-3"
204,110,ADD,0,1,1,1695,"ffn_out-3","ffn_moe_out-3","ffn_shexp_gated-3"
204,184,RMS_NORM,0,1,1,3089,"norm-4","attn_output-4",""
205,5,MUL_MAT,0,204,133,682,"linear_attn_out-4","blk.4.ssm_out.weight","final_output-4"
205,34,SCALE,0,0,2,954,"ffn_moe_inp-4","node_837",""
205,70,ADD,0,2,10,1873,"ffn_moe_out-4","node_873","ffn_moe_weighted-4 (view)"
205,74,MUL_MAT,0,37,1,1991,"ffn_shexp-4","blk.4.ffn_down_shexp.weight","ffn_swiglu-4"
205,77,MUL,0,3,1,2002,"ffn_shexp_gated-4","ffn_shexp-4","shared_expert_gate_sigmoid-4"
205,78,ADD,0,1,1,2004,"ffn_out-4","ffn_moe_out-4","ffn_shexp_gated-4"
205,152,RMS_NORM,0,0,1,3761,"norm-5","attn_output-5",""
206,5,MUL_MAT,0,333,9,676,"linear_attn_out-5","blk.5.ssm_out.weight","final_output-5"
206,34,SCALE,0,0,15,1139,"ffn_moe_inp-5","node_991",""
206,70,ADD,0,1,1,2081,"ffn_moe_out-5","node_1027","ffn_moe_weighted-5 (view)"
206,74,MUL_MAT,0,38,0,2244,"ffn_shexp-5","blk.5.ffn_down_shexp.weight","ffn_swiglu-5"
206,77,MUL,0,3,0,2254,"ffn_shexp_gated-5","ffn_shexp-5","shared_expert_gate_sigmoid-5"
206,78,ADD,0,1,0,2256,"ffn_out-5","ffn_moe_out-5","ffn_shexp_gated-5"
206,152,RMS_NORM,0,0,2,3828,"norm-6","attn_output-6",""
207,5,MUL_MAT,0,319,22,674,"linear_attn_out-6","blk.6.ssm_out.weight","final_output-6"
207,34,SCALE,0,0,2,1008,"ffn_moe_inp-6","node_1145",""
207,70,ADD,0,1,9,1888,"ffn_moe_out-6","node_1181","ffn_moe_weighted-6 (view)"
207,74,MUL_MAT,0,37,2,2018,"ffn_shexp-6","blk.6.ffn_down_shexp.weight","ffn_swiglu-6"
207,77,MUL,0,3,0,2029,"ffn_shexp_gated-6","ffn_shexp-6","shared_expert_gate_sigmoid-6"
207,78,ADD,0,1,0,2031,"ffn_out-6","ffn_moe_out-6","ffn_shexp_gated-6"
207,151,RMS_NORM,0,8,1,3222,"norm-7","indexer_k_pooled-7 (reshaped)",""
208,38,MUL_MAT,0,315,5,546,"attn_output-7","blk.7.attn_output.weight","attn_gated-7"
208,66,SCALE,0,0,1,825,"ffn_moe_inp-7","node_1332",""
208,102,ADD,0,1,1,1615,"ffn_moe_out-7","node_1368","ffn_moe_weighted-7 (view)"
208,106,MUL_MAT,0,32,3,1723,"ffn_shexp-7","blk.7.ffn_down_shexp.weight","ffn_swiglu-7"
208,109,MUL,0,3,0,1733,"ffn_shexp_gated-7","ffn_shexp-7","shared_expert_gate_sigmoid-7"
208,110,ADD,0,1,5,1740,"ffn_out-7","ffn_moe_out-7","ffn_shexp_gated-7"
208,184,RMS_NORM,0,0,1,3290,"norm-8","attn_output-8",""
209,5,MUL_MAT,0,336,10,684,"linear_attn_out-8","blk.8.ssm_out.weight","final_output-8"
209,34,SCALE,0,1,1,999,"ffn_moe_inp-8","node_1486",""
209,70,ADD,0,1,1,1910,"ffn_moe_out-8","node_1522","ffn_moe_weighted-8 (view)"
209,74,MUL_MAT,0,31,22,2055,"ffn_shexp-8","blk.8.ffn_down_shexp.weight","ffn_swiglu-8"
209,77,MUL,0,2,0,2063,"ffn_shexp_gated-8","ffn_shexp-8","shared_expert_gate_sigmoid-8"
209,78,ADD,0,1,1,2065,"ffn_out-8","ffn_moe_out-8","ffn_shexp_gated-8"
209,152,RMS_NORM,0,0,2,3390,"norm-9","attn_output-9",""
210,5,MUL_MAT,0,290,116,737,"linear_attn_out-9","blk.9.ssm_out.weight","final_output-9"
210,34,SCALE,0,0,0,993,"ffn_moe_inp-9","node_1640",""
210,70,ADD,0,1,0,2131,"ffn_moe_out-9","node_1676","ffn_moe_weighted-9 (view)"
210,74,MUL_MAT,0,32,11,2266,"ffn_shexp-9","blk.9.ffn_down_shexp.weight","ffn_swiglu-9"
210,77,MUL,0,2,0,2272,"ffn_shexp_gated-9","ffn_shexp-9","shared_expert_gate_sigmoid-9"
210,78,ADD,0,1,0,2274,"ffn_out-9","ffn_moe_out-9","ffn_shexp_gated-9"
210,152,RMS_NORM,0,1,1,3733,"norm-10","attn_output-10",""
211,5,MUL_MAT,0,260,70,684,"linear_attn_out-10","blk.10.ssm_out.weight","final_output-10"
211,34,SCALE,0,0,2,951,"ffn_moe_inp-10","node_1794",""
211,70,ADD,0,1,1,1750,"ffn_moe_out-10","node_1830","ffn_moe_weighted-10 (view)"
211,74,MUL_MAT,0,30,6,1864,"ffn_shexp-10","blk.10.ffn_down_shexp.weight","ffn_swiglu-10"
211,77,MUL,0,2,1,1872,"ffn_shexp_gated-10","ffn_shexp-10","shared_expert_gate_sigmoid-10"
211,78,ADD,0,1,9,1882,"ffn_out-10","ffn_moe_out-10","ffn_shexp_gated-10"
211,151,RMS_NORM,0,5,0,2952,"norm-11","indexer_k_pooled-11 (reshaped)",""
212,38,MUL_MAT,0,260,71,580,"attn_output-11","blk.11.attn_output.weight","attn_gated-11"
212,66,SCALE,0,0,2,902,"ffn_moe_inp-11","node_1981",""
212,102,ADD,0,1,1,1804,"ffn_moe_out-11","node_2017","ffn_moe_weighted-11 (view)"
212,106,MUL_MAT,0,17,22,1939,"ffn_shexp-11","blk.11.ffn_down_shexp.weight","ffn_swiglu-11"
212,109,MUL,0,2,0,1947,"ffn_shexp_gated-11","ffn_shexp-11","shared_expert_gate_sigmoid-11"
212,110,ADD,0,1,1,1949,"ffn_out-11","ffn_moe_out-11","ffn_shexp_gated-11"
212,184,RMS_NORM,0,0,2,3168,"norm-12","attn_output-12",""
213,5,MUL_MAT,0,169,155,667,"linear_attn_out-12","blk.12.ssm_out.weight","final_output-12"
213,34,SCALE,0,0,1,899,"ffn_moe_inp-12","node_2135",""
213,70,ADD,0,1,1,1670,"ffn_moe_out-12","node_2171","ffn_moe_weighted-12 (view)"
213,74,MUL_MAT,0,22,17,1797,"ffn_shexp-12","blk.12.ffn_down_shexp.weight","ffn_swiglu-12"
213,77,MUL,0,2,0,1805,"ffn_shexp_gated-12","ffn_shexp-12","shared_expert_gate_sigmoid-12"
213,78,ADD,0,1,4,1810,"ffn_out-12","ffn_moe_out-12","ffn_shexp_gated-12"
213,152,RMS_NORM,0,0,11,3141,"norm-13","attn_output-13",""
214,5,MUL_MAT,0,176,158,677,"linear_attn_out-13","blk.13.ssm_out.weight","final_output-13"
214,34,SCALE,0,0,2,922,"ffn_moe_inp-13","node_2289",""
214,70,ADD,0,2,0,1888,"ffn_moe_out-13","node_2325","ffn_moe_weighted-13 (view)"
214,74,MUL_MAT,0,20,19,2012,"ffn_shexp-13","blk.13.ffn_down_shexp.weight","ffn_swiglu-13"
214,77,MUL,0,2,0,2019,"ffn_shexp_gated-13","ffn_shexp-13","shared_expert_gate_sigmoid-13"
214,78,ADD,0,1,0,2021,"ffn_out-13","ffn_moe_out-13","ffn_shexp_gated-13"
214,152,RMS_NORM,0,1,3,3723,"norm-14","attn_output-14",""
215,5,MUL_MAT,0,332,28,709,"linear_attn_out-14","blk.14.ssm_out.weight","final_output-14"
215,34,SCALE,0,0,1,1014,"ffn_moe_inp-14","node_2443",""
215,70,ADD,0,2,0,1844,"ffn_moe_out-14","node_2479","ffn_moe_weighted-14 (view)"
215,74,MUL_MAT,0,32,10,1964,"ffn_shexp-14","blk.14.ffn_down_shexp.weight","ffn_swiglu-14"
215,77,MUL,0,3,0,1975,"ffn_shexp_gated-14","ffn_shexp-14","shared_expert_gate_sigmoid-14"
215,78,ADD,0,1,2,1979,"ffn_out-14","ffn_moe_out-14","ffn_shexp_gated-14"
215,151,RMS_NORM,0,8,1,3035,"norm-15","indexer_k_pooled-15 (reshaped)",""
216,38,MUL_MAT,0,286,23,522,"attn_output-15","blk.15.attn_output.weight","attn_gated-15"
216,66,SCALE,0,0,1,779,"ffn_moe_inp-15","node_2630",""
216,102,ADD,0,1,1,1530,"ffn_moe_out-15","node_2666","ffn_moe_weighted-15 (view)"
216,106,MUL_MAT,0,31,3,1635,"ffn_shexp-15","blk.15.ffn_down_shexp.weight","ffn_swiglu-15"
216,109,MUL,0,3,1,1652,"ffn_shexp_gated-15","ffn_shexp-15","shared_expert_gate_sigmoid-15"
216,110,ADD,0,1,1,1654,"ffn_out-15","ffn_moe_out-15","ffn_shexp_gated-15"
216,184,RMS_NORM,0,1,1,3241,"norm-16","attn_output-16",""
217,5,MUL_MAT,0,345,1,680,"linear_attn_out-16","blk.16.ssm_out.weight","final_output-16"
217,34,SCALE,0,0,2,952,"ffn_moe_inp-16","node_2784",""
217,70,ADD,0,2,0,1756,"ffn_moe_out-16","node_2820","ffn_moe_weighted-16 (view)"
217,74,MUL_MAT,0,32,5,1868,"ffn_shexp-16","blk.16.ffn_down_shexp.weight","ffn_swiglu-16"
217,77,MUL,0,3,1,1878,"ffn_shexp_gated-16","ffn_shexp-16","shared_expert_gate_sigmoid-16"
217,78,ADD,0,2,0,1880,"ffn_out-16","ffn_moe_out-16","ffn_shexp_gated-16"
217,152,RMS_NORM,0,1,1,3501,"norm-17","attn_output-17",""
218,5,MUL_MAT,0,316,11,650,"linear_attn_out-17","blk.17.ssm_out.weight","final_output-17"
218,34,SCALE,0,1,1,926,"ffn_moe_inp-17","node_2938",""
218,70,ADD,0,1,0,1945,"ffn_moe_out-17","node_2974","ffn_moe_weighted-17 (view)"
218,74,MUL_MAT,0,20,29,2077,"ffn_shexp-17","blk.17.ffn_down_shexp.weight","ffn_swiglu-17"
218,77,MUL,0,2,0,2084,"ffn_shexp_gated-17","ffn_shexp-17","shared_expert_gate_sigmoid-17"
218,78,ADD,0,1,0,2085,"ffn_out-17","ffn_moe_out-17","ffn_shexp_gated-17"
218,152,RMS_NORM,0,1,3,3332,"norm-18","attn_output-18",""
219,5,MUL_MAT,0,304,75,794,"linear_attn_out-18","blk.18.ssm_out.weight","final_output-18"
219,34,SCALE,0,1,1,1081,"ffn_moe_inp-18","node_3092",""
219,70,ADD,0,1,0,1884,"ffn_moe_out-18","node_3128","ffn_moe_weighted-18 (view)"
219,74,MUL_MAT,0,43,1,2007,"ffn_shexp-18","blk.18.ffn_down_shexp.weight","ffn_swiglu-18"
219,77,MUL,0,2,0,2014,"ffn_shexp_gated-18","ffn_shexp-18","shared_expert_gate_sigmoid-18"
219,78,ADD,0,1,1,2016,"ffn_out-18","ffn_moe_out-18","ffn_shexp_gated-18"
219,151,RMS_NORM,0,4,0,3126,"norm-19","indexer_k_pooled-19 (reshaped)",""
220,38,MUL_MAT,0,250,71,569,"attn_output-19","blk.19.attn_output.weight","attn_gated-19"
220,66,SCALE,0,0,2,826,"ffn_moe_inp-19","node_3279",""
220,102,ADD,0,1,1,1574,"ffn_moe_out-19","node_3315","ffn_moe_weighted-19 (view)"
220,106,MUL_MAT,0,29,5,1685,"ffn_shexp-19","blk.19.ffn_down_shexp.weight","ffn_swiglu-19"
220,109,MUL,0,2,1,1692,"ffn_shexp_gated-19","ffn_shexp-19","shared_expert_gate_sigmoid-19"
220,110,ADD,0,1,0,1693,"ffn_out-19","ffn_moe_out-19","ffn_shexp_gated-19"
220,184,RMS_NORM,0,0,1,2950,"norm-20","attn_output-20",""
221,5,MUL_MAT,0,280,63,680,"linear_attn_out-20","blk.20.ssm_out.weight","final_output-20"
221,34,SCALE,0,0,2,921,"ffn_moe_inp-20","node_3433",""
221,70,ADD,0,1,1,1791,"ffn_moe_out-20","node_3469","ffn_moe_weighted-20 (view)"
221,74,MUL_MAT,0,30,13,1920,"ffn_shexp-20","blk.20.ffn_down_shexp.weight","ffn_swiglu-20"
221,77,MUL,0,2,1,1929,"ffn_shexp_gated-20","ffn_shexp-20","shared_expert_gate_sigmoid-20"
221,78,ADD,0,1,1,1931,"ffn_out-20","ffn_moe_out-20","ffn_shexp_gated-20"
221,152,RMS_NORM,0,0,2,3408,"norm-21","attn_output-21",""
222,5,MUL_MAT,0,300,39,662,"linear_attn_out-21","blk.21.ssm_out.weight","final_output-21"
222,34,SCALE,0,0,1,900,"ffn_moe_inp-21","node_3587",""
222,70,ADD,0,1,1,1657,"ffn_moe_out-21","node_3623","ffn_moe_weighted-21 (view)"
222,74,MUL_MAT,0,30,8,1783,"ffn_shexp-21","blk.21.ffn_down_shexp.weight","ffn_swiglu-21"
222,77,MUL,0,2,0,1799,"ffn_shexp_gated-21","ffn_shexp-21","shared_expert_gate_sigmoid-21"
222,78,ADD,0,1,0,1800,"ffn_out-21","ffn_moe_out-21","ffn_shexp_gated-21"
222,152,RMS_NORM,0,0,7,3269,"norm-22","attn_output-22",""
223,5,MUL_MAT,0,283,74,698,"linear_attn_out-22","blk.22.ssm_out.weight","final_output-22"
223,34,SCALE,0,1,1,1057,"ffn_moe_inp-22","node_3741",""
223,70,ADD,0,1,1,2118,"ffn_moe_out-22","node_3777","ffn_moe_weighted-22 (view)"
223,74,MUL_MAT,0,18,24,2243,"ffn_shexp-22","blk.22.ffn_down_shexp.weight","ffn_swiglu-22"
223,77,MUL,0,2,5,2273,"ffn_shexp_gated-22","ffn_shexp-22","shared_expert_gate_sigmoid-22"
223,78,ADD,0,1,1,2276,"ffn_out-22","ffn_moe_out-22","ffn_shexp_gated-22"
223,151,RMS_NORM,0,4,0,3470,"norm-23","indexer_k_pooled-23 (reshaped)",""
224,38,MUL_MAT,0,177,154,554,"attn_output-23","blk.23.attn_output.weight","attn_gated-23"
224,66,SCALE,0,0,9,836,"ffn_moe_inp-23","node_3928",""
224,102,ADD,0,1,1,1695,"ffn_moe_out-23","node_3964","ffn_moe_weighted-23 (view)"
224,106,MUL_MAT,0,29,7,1870,"ffn_shexp-23","blk.23.ffn_down_shexp.weight","ffn_swiglu-23"
224,109,MUL,0,2,0,1878,"ffn_shexp_gated-23","ffn_shexp-23","shared_expert_gate_sigmoid-23"
224,110,ADD,0,1,1,1880,"ffn_out-23","ffn_moe_out-23","ffn_shexp_gated-23"
224,184,RMS_NORM,0,0,2,3207,"norm-24","attn_output-24",""
225,5,MUL_MAT,0,191,142,655,"linear_attn_out-24","blk.24.ssm_out.weight","final_output-24"
225,34,SCALE,0,1,1,884,"ffn_moe_inp-24","node_4082",""
225,70,ADD,0,1,0,1647,"ffn_moe_out-24","node_4118","ffn_moe_weighted-24 (view)"
225,74,MUL_MAT,0,27,18,1779,"ffn_shexp-24","blk.24.ffn_down_shexp.weight","ffn_swiglu-24"
225,77,MUL,0,2,0,1786,"ffn_shexp_gated-24","ffn_shexp-24","shared_expert_gate_sigmoid-24"
225,78,ADD,0,1,1,1789,"ffn_out-24","ffn_moe_out-24","ffn_shexp_gated-24"
225,152,RMS_NORM,0,1,2,3190,"norm-25","attn_output-25",""
226,5,MUL_MAT,0,179,186,710,"linear_attn_out-25","blk.25.ssm_out.weight","final_output-25"
226,34,SCALE,0,0,5,1062,"ffn_moe_inp-25","node_4236",""
226,70,ADD,0,1,1,1985,"ffn_moe_out-25","node_4272","ffn_moe_weighted-25 (view)"
226,74,MUL_MAT,0,29,6,2101,"ffn_shexp-25","blk.25.ffn_down_shexp.weight","ffn_swiglu-25"
226,77,MUL,0,2,0,2110,"ffn_shexp_gated-25","ffn_shexp-25","shared_expert_gate_sigmoid-25"
226,78,ADD,0,2,1,2113,"ffn_out-25","ffn_moe_out-25","ffn_shexp_gated-25"
226,152,RMS_NORM,0,1,8,3425,"norm-26","attn_output-26",""
227,5,MUL_MAT,0,271,51,761,"linear_attn_out-26","blk.26.ssm_out.weight","final_output-26"
227,34,SCALE,0,0,2,1009,"ffn_moe_inp-26","node_4390",""
227,70,ADD,0,1,1,1898,"ffn_moe_out-26","node_4426","ffn_moe_weighted-26 (view)"
227,74,MUL_MAT,0,35,5,2024,"ffn_shexp-26","blk.26.ffn_down_shexp.weight","ffn_swiglu-26"
227,77,MUL,0,2,0,2032,"ffn_shexp_gated-26","ffn_shexp-26","shared_expert_gate_sigmoid-26"
227,78,ADD,0,2,1,2035,"ffn_out-26","ffn_moe_out-26","ffn_shexp_gated-26"
227,151,RMS_NORM,0,9,0,3210,"norm-27","indexer_k_pooled-27 (reshaped)",""
228,38,MUL_MAT,0,320,0,580,"attn_output-27","blk.27.attn_output.weight","attn_gated-27"
228,66,SCALE,0,0,1,836,"ffn_moe_inp-27","node_4577",""
228,102,ADD,0,1,1,1610,"ffn_moe_out-27","node_4613","ffn_moe_weighted-27 (view)"
228,106,MUL_MAT,0,33,2,1737,"ffn_shexp-27","blk.27.ffn_down_shexp.weight","ffn_swiglu-27"
228,109,MUL,0,3,0,1746,"ffn_shexp_gated-27","ffn_shexp-27","shared_expert_gate_sigmoid-27"
228,110,ADD,0,1,0,1748,"ffn_out-27","ffn_moe_out-27","ffn_shexp_gated-27"
228,184,RMS_NORM,0,0,1,3287,"norm-28","attn_output-28",""
229,5,MUL_MAT,0,325,5,652,"linear_attn_out-28","blk.28.ssm_out.weight","final_output-28"
229,34,SCALE,0,0,1,942,"ffn_moe_inp-28","node_4731",""
229,70,ADD,0,1,1,1903,"ffn_moe_out-28","node_4767","ffn_moe_weighted-28 (view)"
229,74,MUL_MAT,0,36,7,2037,"ffn_shexp-28","blk.28.ffn_down_shexp.weight","ffn_swiglu-28"
229,77,MUL,0,3,0,2057,"ffn_shexp_gated-28","ffn_shexp-28","shared_expert_gate_sigmoid-28"
229,78,ADD,0,1,0,2059,"ffn_out-28","ffn_moe_out-28","ffn_shexp_gated-28"
229,152,RMS_NORM,0,1,2,3678,"norm-29","attn_output-29",""
230,5,MUL_MAT,0,308,13,658,"linear_attn_out-29","blk.29.ssm_out.weight","final_output-29"
230,34,SCALE,0,0,1,968,"ffn_moe_inp-29","node_4885",""
230,70,ADD,0,1,1,1813,"ffn_moe_out-29","node_4921","ffn_moe_weighted-29 (view)"
230,74,MUL_MAT,0,40,2,1949,"ffn_shexp-29","blk.29.ffn_down_shexp.weight","ffn_swiglu-29"
230,77,MUL,0,3,0,1958,"ffn_shexp_gated-29","ffn_shexp-29","shared_expert_gate_sigmoid-29"
230,78,ADD,0,1,0,1960,"ffn_out-29","ffn_moe_out-29","ffn_shexp_gated-29"
230,152,RMS_NORM,0,1,0,3710,"norm-30","attn_output-30",""
231,5,MUL_MAT,0,316,6,642,"linear_attn_out-30","blk.30.ssm_out.weight","final_output-30"
231,34,SCALE,0,0,1,895,"ffn_moe_inp-30","node_5039",""
231,70,ADD,0,2,0,1828,"ffn_moe_out-30","node_5075","ffn_moe_weighted-30 (view)"
231,74,MUL_MAT,0,38,3,1962,"ffn_shexp-30","blk.30.ffn_down_shexp.weight","ffn_swiglu-30"
231,77,MUL,0,3,0,1975,"ffn_shexp_gated-30","ffn_shexp-30","shared_expert_gate_sigmoid-30"
231,78,ADD,0,1,10,1987,"ffn_out-30","ffn_moe_out-30","ffn_shexp_gated-30"
231,151,RMS_NORM,0,9,0,3054,"norm-31","indexer_k_pooled-31 (reshaped)",""
232,38,MUL_MAT,0,356,1,639,"attn_output-31","blk.31.attn_output.weight","attn_gated-31"
232,66,SCALE,0,0,18,998,"ffn_moe_inp-31","node_5226",""
232,102,ADD,0,1,6,2020,"ffn_moe_out-31","node_5262","ffn_moe_weighted-31 (view)"
232,106,MUL_MAT,0,19,18,2136,"ffn_shexp-31","blk.31.ffn_down_shexp.weight","ffn_swiglu-31"
232,109,MUL,0,2,0,2142,"ffn_shexp_gated-31","ffn_shexp-31","shared_expert_gate_sigmoid-31"
232,110,ADD,0,1,7,2150,"ffn_out-31","ffn_moe_out-31","ffn_shexp_gated-31"
232,184,RMS_NORM,0,1,1,3406,"norm-32","attn_output-32",""
233,5,MUL_MAT,0,187,159,700,"linear_attn_out-32","blk.32.ssm_out.weight","final_output-32"
233,34,SCALE,0,1,1,933,"ffn_moe_inp-32","node_5380",""
233,70,ADD,0,1,9,1868,"ffn_moe_out-32","node_5416","ffn_moe_weighted-32 (view)"
233,74,MUL_MAT,0,18,23,1998,"ffn_shexp-32","blk.32.ffn_down_shexp.weight","ffn_swiglu-32"
233,77,MUL,0,2,0,2012,"ffn_shexp_gated-32","ffn_shexp-32","shared_expert_gate_sigmoid-32"
233,78,ADD,0,1,6,2019,"ffn_out-32","ffn_moe_out-32","ffn_shexp_gated-32"
233,152,RMS_NORM,0,0,1,3500,"norm-33","attn_output-33",""
234,5,MUL_MAT,0,193,129,642,"linear_attn_out-33","blk.33.ssm_out.weight","final_output-33"
234,34,SCALE,0,0,2,868,"ffn_moe_inp-33","node_5534",""
234,70,ADD,0,1,0,1642,"ffn_moe_out-33","node_5570","ffn_moe_weighted-33 (view)"
234,74,MUL_MAT,0,22,15,1756,"ffn_shexp-33","blk.33.ffn_down_shexp.weight","ffn_swiglu-33"
234,77,MUL,0,2,0,1763,"ffn_shexp_gated-33","ffn_shexp-33","shared_expert_gate_sigmoid-33"
234,78,ADD,0,1,0,1765,"ffn_out-33","ffn_moe_out-33","ffn_shexp_gated-33"
234,152,RMS_NORM,0,1,1,3009,"norm-34","attn_output-34",""
235,5,MUL_MAT,0,182,172,691,"linear_attn_out-34","blk.34.ssm_out.weight","final_output-34"
235,34,SCALE,0,0,2,991,"ffn_moe_inp-34","node_5688",""
235,70,ADD,0,2,0,2031,"ffn_moe_out-34","node_5724","ffn_moe_weighted-34 (view)"
235,74,MUL_MAT,0,26,14,2170,"ffn_shexp-34","blk.34.ffn_down_shexp.weight","ffn_swiglu-34"
235,77,MUL,0,2,0,2186,"ffn_shexp_gated-34","ffn_shexp-34","shared_expert_gate_sigmoid-34"
235,78,ADD,0,1,0,2188,"ffn_out-34","ffn_moe_out-34","ffn_shexp_gated-34"
235,151,RMS_NORM,0,5,0,3199,"norm-35","indexer_k_pooled-35 (reshaped)",""
236,38,MUL_MAT,0,253,76,529,"attn_output-35","blk.35.attn_output.weight","attn_gated-35"
236,66,SCALE,0,0,2,758,"ffn_moe_inp-35","node_5875",""
236,102,ADD,0,1,1,1993,"ffn_moe_out-35","node_5911","ffn_moe_weighted-35 (view)"
236,106,MUL_MAT,0,21,17,2109,"ffn_shexp-35","blk.35.ffn_down_shexp.weight","ffn_swiglu-35"
236,109,MUL,0,2,6,2125,"ffn_shexp_gated-35","ffn_shexp-35","shared_expert_gate_sigmoid-35"
236,110,ADD,0,1,11,2137,"ffn_out-35","ffn_moe_out-35","ffn_shexp_gated-35"
236,184,RMS_NORM,0,1,2,3464,"norm-36","attn_output-36",""
237,5,MUL_MAT,0,170,169,651,"linear_attn_out-36","blk.36.ssm_out.weight","final_output-36"
237,34,SCALE,0,0,1,904,"ffn_moe_inp-36","node_6029",""
237,70,ADD,0,1,0,1698,"ffn_moe_out-36","node_6065","ffn_moe_weighted-36 (view)"
237,74,MUL_MAT,0,34,6,1822,"ffn_shexp-36","blk.36.ffn_down_shexp.weight","ffn_swiglu-36"
237,77,MUL,0,2,0,1832,"ffn_shexp_gated-36","ffn_shexp-36","shared_expert_gate_sigmoid-36"
237,78,ADD,0,1,1,1834,"ffn_out-36","ffn_moe_out-36","ffn_shexp_gated-36"
237,152,RMS_NORM,0,0,8,3079,"norm-37","attn_output-37",""
238,5,MUL_MAT,0,196,152,669,"linear_attn_out-37","blk.37.ssm_out.weight","final_output-37"
238,34,SCALE,0,1,0,908,"ffn_moe_inp-37","node_6183",""
238,70,ADD,0,1,1,1729,"ffn_moe_out-37","node_6219","ffn_moe_weighted-37 (view)"
238,74,MUL_MAT,0,20,20,1852,"ffn_shexp-37","blk.37.ffn_down_shexp.weight","ffn_swiglu-37"
238,77,MUL,0,1,1,1860,"ffn_shexp_gated-37","ffn_shexp-37","shared_expert_gate_sigmoid-37"
238,78,ADD,0,1,0,1861,"ffn_out-37","ffn_moe_out-37","ffn_shexp_gated-37"
238,152,RMS_NORM,0,0,1,3228,"norm-38","attn_output-38",""
239,5,MUL_MAT,0,258,68,636,"linear_attn_out-38","blk.38.ssm_out.weight","final_output-38"
239,34,SCALE,0,0,1,929,"ffn_moe_inp-38","node_6337",""
239,70,ADD,0,1,0,1708,"ffn_moe_out-38","node_6373","ffn_moe_weighted-38 (view)"
239,74,MUL_MAT,0,31,6,1823,"ffn_shexp-38","blk.38.ffn_down_shexp.weight","ffn_swiglu-38"
239,77,MUL,0,2,0,1830,"ffn_shexp_gated-38","ffn_shexp-38","shared_expert_gate_sigmoid-38"
239,78,ADD,0,1,10,1842,"ffn_out-38","ffn_moe_out-38","ffn_shexp_gated-38"
239,87,ADD,0,3,0,1865,"l_last-38","hc_combine-38","node_6390"
240,0,GET_ROWS,0,2,7,10,"model.input_embed","token_embd.weight","inp_tokens"
240,69,RMS_NORM,0,1,6,1480,"norm-0","attn_output-0",""
241,5,MUL_MAT,0,286,60,686,"linear_attn_out-0","blk.0.ssm_out.weight","final_output-0"
241,34,SCALE,0,0,1,935,"ffn_moe_inp-0","node_104",""
241,70,ADD,0,1,1,1782,"ffn_moe_out-0","node_140","ffn_moe_weighted-0 (view)"
241,93,MUL_MAT,0,18,15,2620,"ffn_shexp-0","blk.0.ffn_down_shexp.weight","ffn_swiglu-0"
241,96,MUL,0,2,0,2637,"ffn_shexp_gated-0","ffn_shexp-0","shared_expert_gate_sigmoid-0"
241,97,ADD,0,1,0,2639,"ffn_out-0","ffn_moe_out-0","ffn_shexp_gated-0"
241,236,RMS_NORM,0,1,3,4120,"norm-1","attn_output-1",""
242,5,MUL_MAT,0,194,166,701,"linear_attn_out-1","blk.1.ssm_out.weight","final_output-1"
242,34,SCALE,0,0,2,973,"ffn_moe_inp-1","node_342",""
242,70,ADD,0,1,1,1945,"ffn_moe_out-1","node_378","ffn_moe_weighted-1 (view)"
242,74,MUL_MAT,0,20,32,2084,"ffn_shexp-1","blk.1.ffn_down_shexp.weight","ffn_swiglu-1"
242,77,MUL,0,2,0,2099,"ffn_shexp_gated-1","ffn_shexp-1","shared_expert_gate_sigmoid-1"
242,78,ADD,0,1,1,2101,"ffn_out-1","ffn_moe_out-1","ffn_shexp_gated-1"
242,152,RMS_NORM,0,1,2,3451,"norm-2","attn_output-2",""
243,5,MUL_MAT,0,178,146,642,"linear_attn_out-2","blk.2.ssm_out.weight","final_output-2"
243,34,SCALE,0,0,1,876,"ffn_moe_inp-2","node_496",""
243,70,ADD,0,1,1,1889,"ffn_moe_out-2","node_532","ffn_moe_weighted-2 (view)"
243,74,MUL_MAT,0,20,33,2033,"ffn_shexp-2","blk.2.ffn_down_shexp.weight","ffn_swiglu-2"
243,77,MUL,0,2,0,2040,"ffn_shexp_gated-2","ffn_shexp-2","shared_expert_gate_sigmoid-2"
243,78,ADD,0,0,6,2047,"ffn_out-2","ffn_moe_out-2","ffn_shexp_gated-2"
243,151,RMS_NORM,0,4,0,3159,"norm-3","indexer_k_pooled-3 (reshaped)",""
244,38,MUL_MAT,0,266,66,658,"attn_output-3","blk.3.attn_output.weight","attn_gated-3"
244,66,SCALE,0,0,1,908,"ffn_moe_inp-3","node_683",""
244,102,ADD,0,1,1,1743,"ffn_moe_out-3","node_719","ffn_moe_weighted-3 (view)"
244,106,MUL_MAT,0,16,23,1858,"ffn_shexp-3","blk.3.ffn_down_shexp.weight","ffn_swiglu-3"
244,109,MUL,0,2,0,1865,"ffn_shexp_gated-3","ffn_shexp-3","shared_expert_gate_sigmoid-3"
244,110,ADD,0,1,0,1866,"ffn_out-3","ffn_moe_out-3","ffn_shexp_gated-3"
244,184,RMS_NORM,0,1,2,3048,"norm-4","attn_output-4",""
245,5,MUL_MAT,0,206,145,690,"linear_attn_out-4","blk.4.ssm_out.weight","final_output-4"
245,34,SCALE,0,0,1,933,"ffn_moe_inp-4","node_837",""
245,70,ADD,0,1,1,1966,"ffn_moe_out-4","node_873","ffn_moe_weighted-4 (view)"
245,74,MUL_MAT,0,20,26,2108,"ffn_shexp-4","blk.4.ffn_down_shexp.weight","ffn_swiglu-4"
245,77,MUL,0,1,0,2114,"ffn_shexp_gated-4","ffn_shexp-4","shared_expert_gate_sigmoid-4"
245,78,ADD,0,0,2,2117,"ffn_out-4","ffn_moe_out-4","ffn_shexp_gated-4"
245,152,RMS_NORM,0,0,2,3379,"norm-5","attn_output-5",""
246,5,MUL_MAT,0,177,150,647,"linear_attn_out-5","blk.5.ssm_out.weight","final_output-5"
246,34,SCALE,0,0,2,870,"ffn_moe_inp-5","node_991",""
246,70,ADD,0,1,0,1618,"ffn_moe_out-5","node_1027","ffn_moe_weighted-5 (view)"
246,74,MUL_MAT,0,18,19,1732,"ffn_shexp-5","blk.5.ffn_down_shexp.weight","ffn_swiglu-5"
246,77,MUL,0,1,1,1739,"ffn_shexp_gated-5","ffn_shexp-5","shared_expert_gate_sigmoid-5"
246,78,ADD,0,1,1,1741,"ffn_out-5","ffn_moe_out-5","ffn_shexp_gated-5"
246,152,RMS_NORM,0,1,2,3068,"norm-6","attn_output-6",""
247,5,MUL_MAT,0,275,75,690,"linear_attn_out-6","blk.6.ssm_out.weight","final_output-6"
247,34,SCALE,0,0,2,989,"ffn_moe_inp-6","node_1145",""
247,70,ADD,0,1,0,1835,"ffn_moe_out-6","node_1181","ffn_moe_weighted-6 (view)"
247,74,MUL_MAT,0,29,7,1952,"ffn_shexp-6","blk.6.ffn_down_shexp.weight","ffn_swiglu-6"
247,77,MUL,0,2,0,1961,"ffn_shexp_gated-6","ffn_shexp-6","shared_expert_gate_sigmoid-6"
247,78,ADD,0,2,0,1963,"ffn_out-6","ffn_moe_out-6","ffn_shexp_gated-6"
247,151,RMS_NORM,0,4,0,2962,"norm-7","indexer_k_pooled-7 (reshaped)",""
248,38,MUL_MAT,0,366,1,581,"attn_output-7","blk.7.attn_output.weight","attn_gated-7"
248,66,SCALE,0,0,1,828,"ffn_moe_inp-7","node_1332",""
248,102,ADD,0,2,0,1744,"ffn_moe_out-7","node_1368","ffn_moe_weighted-7 (view)"
248,106,MUL_MAT,0,35,8,2021,"ffn_shexp-7","blk.7.ffn_down_shexp.weight","ffn_swiglu-7"
248,109,MUL,0,2,19,2062,"ffn_shexp_gated-7","ffn_shexp-7","shared_expert_gate_sigmoid-7"
248,110,ADD,0,1,1,2064,"ffn_out-7","ffn_moe_out-7","ffn_shexp_gated-7"
248,184,RMS_NORM,0,0,2,3407,"norm-8","attn_output-8",""
249,5,MUL_MAT,0,276,72,691,"linear_attn_out-8","blk.8.ssm_out.weight","final_output-8"
249,34,SCALE,0,0,1,973,"ffn_moe_inp-8","node_1486",""
249,70,ADD,0,1,1,2253,"ffn_moe_out-8","node_1522","ffn_moe_weighted-8 (view)"
249,74,MUL_MAT,0,35,4,2483,"ffn_shexp-8","blk.8.ffn_down_shexp.weight","ffn_swiglu-8"
249,77,MUL,0,1,1,2491,"ffn_shexp_gated-8","ffn_shexp-8","shared_expert_gate_sigmoid-8"
249,78,ADD,0,1,1,2493,"ffn_out-8","ffn_moe_out-8","ffn_shexp_gated-8"
249,152,RMS_NORM,0,0,2,4016,"norm-9","attn_output-9",""
250,5,MUL_MAT,0,252,69,656,"linear_attn_out-9","blk.9.ssm_out.weight","final_output-9"
250,34,SCALE,0,0,10,918,"ffn_moe_inp-9","node_1640",""
250,70,ADD,0,1,0,2180,"ffn_moe_out-9","node_1676","ffn_moe_weighted-9 (view)"
250,74,MUL_MAT,0,27,11,2300,"ffn_shexp-9","blk.9.ffn_down_shexp.weight","ffn_swiglu-9"
250,77,MUL,0,2,0,2307,"ffn_shexp_gated-9","ffn_shexp-9","shared_expert_gate_sigmoid-9"
250,78,ADD,0,1,0,2309,"ffn_out-9","ffn_moe_out-9","ffn_shexp_gated-9"
250,152,RMS_NORM,0,1,1,3745,"norm-10","attn_output-10",""
251,5,MUL_MAT,0,290,66,693,"linear_attn_out-10","blk.10.ssm_out.weight","final_output-10"
251,34,SCALE,0,0,1,937,"ffn_moe_inp-10","node_1794",""
251,70,ADD,0,1,7,1811,"ffn_moe_out-10","node_1830","ffn_moe_weighted-10 (view)"
251,74,MUL_MAT,0,31,6,1925,"ffn_shexp-10","blk.10.ffn_down_shexp.weight","ffn_swiglu-10"
251,77,MUL,0,2,0,1932,"ffn_shexp_gated-10","ffn_shexp-10","shared_expert_gate_sigmoid-10"
251,78,ADD,0,1,1,1935,"ffn_out-10","ffn_moe_out-10","ffn_shexp_gated-10"
251,151,RMS_NORM,0,4,1,3000,"norm-11","indexer_k_pooled-11 (reshaped)",""
252,38,MUL_MAT,0,242,66,541,"attn_output-11","blk.11.attn_output.weight","attn_gated-11"
252,66,SCALE,0,1,1,783,"ffn_moe_inp-11","node_1981",""
252,102,ADD,0,1,0,1550,"ffn_moe_out-11","node_2017","ffn_moe_weighted-11 (view)"
252,106,MUL_MAT,0,27,17,1666,"ffn_shexp-11","blk.11.ffn_down_shexp.weight","ffn_swiglu-11"
252,109,MUL,0,2,0,1683,"ffn_shexp_gated-11","ffn_shexp-11","shared_expert_gate_sigmoid-11"
252,110,ADD,0,1,1,1685,"ffn_out-11","ffn_moe_out-11","ffn_shexp_gated-11"
252,184,RMS_NORM,0,0,2,3096,"norm-12","attn_output-12",""
253,5,MUL_MAT,0,297,56,716,"linear_attn_out-12","blk.12.ssm_out.weight","final_output-12"
253,34,SCALE,0,0,1,969,"ffn_moe_inp-12","node_2135",""
253,70,ADD,0,1,0,1883,"ffn_moe_out-12","node_2171","ffn_moe_weighted-12 (view)"
253,74,MUL_MAT,0,30,7,1994,"ffn_shexp-12","blk.12.ffn_down_shexp.weight","ffn_swiglu-12"
253,77,MUL,0,2,1,2002,"ffn_shexp_gated-12","ffn_shexp-12","shared_expert_gate_sigmoid-12"
253,78,ADD,0,1,0,2003,"ffn_out-12","ffn_moe_out-12","ffn_shexp_gated-12"
253,152,RMS_NORM,0,0,1,3261,"norm-13","attn_output-13",""
254,5,MUL_MAT,0,284,65,695,"linear_attn_out-13","blk.13.ssm_out.weight","final_output-13"
254,34,SCALE,0,0,1,954,"ffn_moe_inp-13","node_2289",""
254,70,ADD,0,1,1,1832,"ffn_moe_out-13","node_2325","ffn_moe_weighted-13 (view)"
254,74,MUL_MAT,0,31,7,1993,"ffn_shexp-13","blk.13.ffn_down_shexp.weight","ffn_swiglu-13"
254,77,MUL,0,2,0,2013,"ffn_shexp_gated-13","ffn_shexp-13","shared_expert_gate_sigmoid-13"
254,78,ADD,0,2,0,2015,"ffn_out-13","ffn_moe_out-13","ffn_shexp_gated-13"
254,152,RMS_NORM,0,0,2,3540,"norm-14","attn_output-14",""
255,5,MUL_MAT,0,302,44,674,"linear_attn_out-14","blk.14.ssm_out.weight","final_output-14"
255,34,SCALE,0,0,1,929,"ffn_moe_inp-14","node_2443",""
255,70,ADD,0,1,0,1708,"ffn_moe_out-14","node_2479","ffn_moe_weighted-14 (view)"
255,74,MUL_MAT,0,32,14,1953,"ffn_shexp-14","blk.14.ffn_down_shexp.weight","ffn_swiglu-14"
255,77,MUL,0,2,1,1961,"ffn_shexp_gated-14","ffn_shexp-14","shared_expert_gate_sigmoid-14"
255,78,ADD,0,1,0,1962,"ffn_out-14","ffn_moe_out-14","ffn_shexp_gated-14"
255,151,RMS_NORM,0,4,1,3077,"norm-15","indexer_k_pooled-15 (reshaped)",""
256,38,MUL_MAT,0,271,56,586,"attn_output-15","blk.15.attn_output.weight","attn_gated-15"
256,66,SCALE,0,0,1,827,"ffn_moe_inp-15","node_2630",""
256,102,ADD,0,1,7,1625,"ffn_moe_out-15","node_2666","ffn_moe_weighted-15 (view)"
256,106,MUL_MAT,0,27,11,1747,"ffn_shexp-15","blk.15.ffn_down_shexp.weight","ffn_swiglu-15"
256,109,MUL,0,2,0,1760,"ffn_shexp_gated-15","ffn_shexp-15","shared_expert_gate_sigmoid-15"
256,110,ADD,0,1,0,1762,"ffn_out-15","ffn_moe_out-15","ffn_shexp_gated-15"
256,184,RMS_NORM,0,1,2,3013,"norm-16","attn_output-16",""
257,5,MUL_MAT,0,272,57,664,"linear_attn_out-16","blk.16.ssm_out.weight","final_output-16"
257,34,SCALE,0,0,1,983,"ffn_moe_inp-16","node_2784",""
257,70,ADD,0,1,0,1830,"ffn_moe_out-16","node_2820","ffn_moe_weighted-16 (view)"
257,74,MUL_MAT,0,32,7,1945,"ffn_shexp-16","blk.16.ffn_down_shexp.weight","ffn_swiglu-16"
257,77,MUL,0,2,17,1994,"ffn_shexp_gated-16","ffn_shexp-16","shared_expert_gate_sigmoid-16"
257,78,ADD,0,1,9,2005,"ffn_out-16","ffn_moe_out-16","ffn_shexp_gated-16"
257,152,RMS_NORM,0,1,2,3534,"norm-17","attn_output-17",""
258,5,MUL_MAT,0,265,62,646,"linear_attn_out-17","blk.17.ssm_out.weight","final_output-17"
258,34,SCALE,0,1,1,890,"ffn_moe_inp-17","node_2938",""
258,70,ADD,0,1,0,1678,"ffn_moe_out-17","node_2974","ffn_moe_weighted-17 (view)"
258,74,MUL_MAT,0,29,10,1800,"ffn_shexp-17","blk.17.ffn_down_shexp.weight","ffn_swiglu-17"
258,77,MUL,0,1,1,1808,"ffn_shexp_gated-17","ffn_shexp-17","shared_expert_gate_sigmoid-17"
258,78,ADD,0,1,1,1810,"ffn_out-17","ffn_moe_out-17","ffn_shexp_gated-17"
258,152,RMS_NORM,0,0,3,3185,"norm-18","attn_output-18",""
259,5,MUL_MAT,0,276,76,689,"linear_attn_out-18","blk.18.ssm_out.weight","final_output-18"
259,34,SCALE,0,0,1,1130,"ffn_moe_inp-18","node_3092",""
259,70,ADD,0,1,0,2050,"ffn_moe_out-18","node_3128","ffn_moe_weighted-18 (view)"
259,74,MUL_MAT,0,26,11,2172,"ffn_shexp-18","blk.18.ffn_down_shexp.weight","ffn_swiglu-18"
259,77,MUL,0,3,0,2180,"ffn_shexp_gated-18","ffn_shexp-18","shared_expert_gate_sigmoid-18"
259,78,ADD,0,1,1,2182,"ffn_out-18","ffn_moe_out-18","ffn_shexp_gated-18"
259,151,RMS_NORM,0,4,1,3193,"norm-19","indexer_k_pooled-19 (reshaped)",""
260,38,MUL_MAT,0,264,42,510,"attn_output-19","blk.19.attn_output.weight","attn_gated-19"
260,66,SCALE,0,0,2,737,"ffn_moe_inp-19","node_3279",""
260,102,ADD,0,2,0,1492,"ffn_moe_out-19","node_3315","ffn_moe_weighted-19 (view)"
260,106,MUL_MAT,0,28,11,1609,"ffn_shexp-19","blk.19.ffn_down_shexp.weight","ffn_swiglu-19"
260,109,MUL,0,1,1,1621,"ffn_shexp_gated-19","ffn_shexp-19","shared_expert_gate_sigmoid-19"
260,110,ADD,0,1,1,1623,"ffn_out-19","ffn_moe_out-19","ffn_shexp_gated-19"
260,184,RMS_NORM,0,0,4,2976,"norm-20","attn_output-20",""
261,5,MUL_MAT,0,174,174,698,"linear_attn_out-20","blk.20.ssm_out.weight","final_output-20"
261,34,SCALE,0,1,0,969,"ffn_moe_inp-20","node_3433",""
261,70,ADD,0,1,0,1799,"ffn_moe_out-20","node_3469","ffn_moe_weighted-20 (view)"
261,74,MUL_MAT,0,34,2,1934,"ffn_shexp-20","blk.20.ffn_down_shexp.weight","ffn_swiglu-20"
261,77,MUL,0,3,0,1954,"ffn_shexp_gated-20","ffn_shexp-20","shared_expert_gate_sigmoid-20"
261,78,ADD,0,1,0,1956,"ffn_out-20","ffn_moe_out-20","ffn_shexp_gated-20"
261,152,RMS_NORM,0,1,2,3476,"norm-21","attn_output-21",""
262,5,MUL_MAT,0,278,64,767,"linear_attn_out-21","blk.21.ssm_out.weight","final_output-21"
262,34,SCALE,0,0,2,1048,"ffn_moe_inp-21","node_3587",""
262,70,ADD,0,2,0,2577,"ffn_moe_out-21","node_3623","ffn_moe_weighted-21 (view)"
262,74,MUL_MAT,0,30,13,2702,"ffn_shexp-21","blk.21.ffn_down_shexp.weight","ffn_swiglu-21"
262,77,MUL,0,2,0,2709,"ffn_shexp_gated-21","ffn_shexp-21","shared_expert_gate_sigmoid-21"
262,78,ADD,0,1,1,2711,"ffn_out-21","ffn_moe_out-21","ffn_shexp_gated-21"
262,152,RMS_NORM,0,1,1,3995,"norm-22","attn_output-22",""
263,5,MUL_MAT,0,249,78,640,"linear_attn_out-22","blk.22.ssm_out.weight","final_output-22"
263,34,SCALE,0,0,2,1104,"ffn_moe_inp-22","node_3741",""
263,70,ADD,0,1,1,1925,"ffn_moe_out-22","node_3777","ffn_moe_weighted-22 (view)"
263,74,MUL_MAT,0,20,21,2062,"ffn_shexp-22","blk.22.ffn_down_shexp.weight","ffn_swiglu-22"
263,77,MUL,0,2,0,2070,"ffn_shexp_gated-22","ffn_shexp-22","shared_expert_gate_sigmoid-22"
263,78,ADD,0,1,0,2071,"ffn_out-22","ffn_moe_out-22","ffn_shexp_gated-22"
263,151,RMS_NORM,0,3,1,3248,"norm-23","indexer_k_pooled-23 (reshaped)",""
264,38,MUL_MAT,0,179,129,520,"attn_output-23","blk.23.attn_output.weight","attn_gated-23"
264,66,SCALE,0,0,2,740,"ffn_moe_inp-23","node_3928",""
264,102,ADD,0,1,0,1442,"ffn_moe_out-23","node_3964","ffn_moe_weighted-23 (view)"
264,106,MUL_MAT,0,17,17,1546,"ffn_shexp-23","blk.23.ffn_down_shexp.weight","ffn_swiglu-23"
264,109,MUL,0,2,0,1552,"ffn_shexp_gated-23","ffn_shexp-23","shared_expert_gate_sigmoid-23"
264,110,ADD,0,1,0,1554,"ffn_out-23","ffn_moe_out-23","ffn_shexp_gated-23"
264,184,RMS_NORM,0,1,1,2849,"norm-24","attn_output-24",""
265,5,MUL_MAT,0,184,163,697,"linear_attn_out-24","blk.24.ssm_out.weight","final_output-24"
265,34,SCALE,0,0,2,947,"ffn_moe_inp-24","node_4082",""
265,70,ADD,0,1,1,2252,"ffn_moe_out-24","node_4118","ffn_moe_weighted-24 (view)"
265,74,MUL_MAT,0,31,5,2381,"ffn_shexp-24","blk.24.ffn_down_shexp.weight","ffn_swiglu-24"
265,77,MUL,0,3,0,2389,"ffn_shexp_gated-24","ffn_shexp-24","shared_expert_gate_sigmoid-24"
265,78,ADD,0,1,1,2391,"ffn_out-24","ffn_moe_out-24","ffn_shexp_gated-24"
265,152,RMS_NORM,0,1,1,3678,"norm-25","attn_output-25",""
266,5,MUL_MAT,0,273,57,668,"linear_attn_out-25","blk.25.ssm_out.weight","final_output-25"
266,34,SCALE,0,0,2,918,"ffn_moe_inp-25","node_4236",""
266,70,ADD,0,2,0,1931,"ffn_moe_out-25","node_4272","ffn_moe_weighted-25 (view)"
266,74,MUL_MAT,0,34,4,2065,"ffn_shexp-25","blk.25.ffn_down_shexp.weight","ffn_swiglu-25"
266,77,MUL,0,3,0,2082,"ffn_shexp_gated-25","ffn_shexp-25","shared_expert_gate_sigmoid-25"
266,78,ADD,0,1,9,2093,"ffn_out-25","ffn_moe_out-25","ffn_shexp_gated-25"
266,152,RMS_NORM,0,1,4,3788,"norm-26","attn_output-26",""
267,5,MUL_MAT,0,306,6,615,"linear_attn_out-26","blk.26.ssm_out.weight","final_output-26"
267,34,SCALE,0,0,2,872,"ffn_moe_inp-26","node_4390",""
267,70,ADD,0,1,0,2246,"ffn_moe_out-26","node_4426","ffn_moe_weighted-26 (view)"
267,74,MUL_MAT,0,35,1,2357,"ffn_shexp-26","blk.26.ffn_down_shexp.weight","ffn_swiglu-26"
267,77,MUL,0,3,1,2367,"ffn_shexp_gated-26","ffn_shexp-26","shared_expert_gate_sigmoid-26"
267,78,ADD,0,1,1,2369,"ffn_out-26","ffn_moe_out-26","ffn_shexp_gated-26"
267,151,RMS_NORM,0,8,1,3398,"norm-27","indexer_k_pooled-27 (reshaped)",""
268,38,MUL_MAT,0,332,6,577,"attn_output-27","blk.27.attn_output.weight","attn_gated-27"
268,66,SCALE,0,0,1,850,"ffn_moe_inp-27","node_4577",""
268,102,ADD,0,1,0,1769,"ffn_moe_out-27","node_4613","ffn_moe_weighted-27 (view)"
268,106,MUL_MAT,0,32,2,1874,"ffn_shexp-27","blk.27.ffn_down_shexp.weight","ffn_swiglu-27"
268,109,MUL,0,3,1,1891,"ffn_shexp_gated-27","ffn_shexp-27","shared_expert_gate_sigmoid-27"
268,110,ADD,0,2,0,1893,"ffn_out-27","ffn_moe_out-27","ffn_shexp_gated-27"
268,184,RMS_NORM,0,0,2,3390,"norm-28","attn_output-28",""
269,5,MUL_MAT,0,314,0,616,"linear_attn_out-28","blk.28.ssm_out.weight","final_output-28"
269,34,SCALE,0,1,0,863,"ffn_moe_inp-28","node_4731",""
269,70,ADD,0,1,1,2453,"ffn_moe_out-28","node_4767","ffn_moe_weighted-28 (view)"
269,74,MUL_MAT,0,36,16,2763,"ffn_shexp-28","blk.28.ffn_down_shexp.weight","ffn_swiglu-28"
269,77,MUL,0,3,0,2775,"ffn_shexp_gated-28","ffn_shexp-28","shared_expert_gate_sigmoid-28"
269,78,ADD,0,2,0,2777,"ffn_out-28","ffn_moe_out-28","ffn_shexp_gated-28"
269,152,RMS_NORM,0,0,2,4157,"norm-29","attn_output-29",""
270,5,MUL_MAT,0,310,45,776,"linear_attn_out-29","blk.29.ssm_out.weight","final_output-29"
270,34,SCALE,0,0,2,1028,"ffn_moe_inp-29","node_4885",""
270,70,ADD,0,1,10,1886,"ffn_moe_out-29","node_4921","ffn_moe_weighted-29 (view)"
270,74,MUL_MAT,0,18,55,2038,"ffn_shexp-29","blk.29.ffn_down_shexp.weight","ffn_swiglu-29"
270,77,MUL,0,2,0,2046,"ffn_shexp_gated-29","ffn_shexp-29","shared_expert_gate_sigmoid-29"
270,78,ADD,0,1,0,2047,"ffn_out-29","ffn_moe_out-29","ffn_shexp_gated-29"
270,152,RMS_NORM,0,1,2,3463,"norm-30","attn_output-30",""
271,5,MUL_MAT,0,276,76,792,"linear_attn_out-30","blk.30.ssm_out.weight","final_output-30"
271,34,SCALE,0,0,1,1066,"ffn_moe_inp-30","node_5039",""
271,70,ADD,0,1,1,2521,"ffn_moe_out-30","node_5075","ffn_moe_weighted-30 (view)"
271,74,MUL_MAT,0,28,7,2633,"ffn_shexp-30","blk.30.ffn_down_shexp.weight","ffn_swiglu-30"
271,77,MUL,0,2,0,2646,"ffn_shexp_gated-30","ffn_shexp-30","shared_expert_gate_sigmoid-30"
271,78,ADD,0,1,1,2648,"ffn_out-30","ffn_moe_out-30","ffn_shexp_gated-30"
271,151,RMS_NORM,0,5,0,3626,"norm-31","indexer_k_pooled-31 (reshaped)",""
272,38,MUL_MAT,0,262,71,613,"attn_output-31","blk.31.attn_output.weight","attn_gated-31"
272,66,SCALE,0,0,1,859,"ffn_moe_inp-31","node_5226",""
272,102,ADD,0,1,0,2112,"ffn_moe_out-31","node_5262","ffn_moe_weighted-31 (view)"
272,106,MUL_MAT,0,27,21,2236,"ffn_shexp-31","blk.31.ffn_down_shexp.weight","ffn_swiglu-31"
272,109,MUL,0,2,1,2244,"ffn_shexp_gated-31","ffn_shexp-31","shared_expert_gate_sigmoid-31"
272,110,ADD,0,1,0,2245,"ffn_out-31","ffn_moe_out-31","ffn_shexp_gated-31"
272,184,RMS_NORM,0,0,2,3518,"norm-32","attn_output-32",""
273,5,MUL_MAT,0,286,40,640,"linear_attn_out-32","blk.32.ssm_out.weight","final_output-32"
273,34,SCALE,0,0,2,870,"ffn_moe_inp-32","node_5380",""
273,70,ADD,0,2,0,2158,"ffn_moe_out-32","node_5416","ffn_moe_weighted-32 (view)"
273,74,MUL_MAT,0,30,7,2288,"ffn_shexp-32","blk.32.ffn_down_shexp.weight","ffn_swiglu-32"
273,77,MUL,0,2,0,2302,"ffn_shexp_gated-32","ffn_shexp-32","shared_expert_gate_sigmoid-32"
273,78,ADD,0,1,0,2304,"ffn_out-32","ffn_moe_out-32","ffn_shexp_gated-32"
273,152,RMS_NORM,0,0,2,3756,"norm-33","attn_output-33",""
274,5,MUL_MAT,0,228,110,684,"linear_attn_out-33","blk.33.ssm_out.weight","final_output-33"
274,34,SCALE,0,0,2,932,"ffn_moe_inp-33","node_5534",""
274,70,ADD,0,1,0,1752,"ffn_moe_out-33","node_5570","ffn_moe_weighted-33 (view)"
274,74,MUL_MAT,0,27,17,1881,"ffn_shexp-33","blk.33.ffn_down_shexp.weight","ffn_swiglu-33"
274,77,MUL,0,2,0,1889,"ffn_shexp_gated-33","ffn_shexp-33","shared_expert_gate_sigmoid-33"
274,78,ADD,0,1,1,1891,"ffn_out-33","ffn_moe_out-33","ffn_shexp_gated-33"
274,152,RMS_NORM,0,1,1,3238,"norm-34","attn_output-34",""
275,5,MUL_MAT,0,300,65,756,"linear_attn_out-34","blk.34.ssm_out.weight","final_output-34"
275,34,SCALE,0,1,0,1047,"ffn_moe_inp-34","node_5688",""
275,70,ADD,0,1,1,2435,"ffn_moe_out-34","node_5724","ffn_moe_weighted-34 (view)"
275,74,MUL_MAT,0,19,22,2553,"ffn_shexp-34","blk.34.ffn_down_shexp.weight","ffn_swiglu-34"
275,77,MUL,0,2,0,2561,"ffn_shexp_gated-34","ffn_shexp-34","shared_expert_gate_sigmoid-34"
275,78,ADD,0,1,1,2564,"ffn_out-34","ffn_moe_out-34","ffn_shexp_gated-34"
275,151,RMS_NORM,0,3,1,3552,"norm-35","indexer_k_pooled-35 (reshaped)",""
276,38,MUL_MAT,0,187,129,535,"attn_output-35","blk.35.attn_output.weight","attn_gated-35"
276,66,SCALE,0,0,2,763,"ffn_moe_inp-35","node_5875",""
276,102,ADD,0,1,1,2435,"ffn_moe_out-35","node_5911","ffn_moe_weighted-35 (view)"
276,106,MUL_MAT,0,18,17,2681,"ffn_shexp-35","blk.35.ffn_down_shexp.weight","ffn_swiglu-35"
276,109,MUL,0,2,0,2690,"ffn_shexp_gated-35","ffn_shexp-35","shared_expert_gate_sigmoid-35"
276,110,ADD,0,1,1,2692,"ffn_out-35","ffn_moe_out-35","ffn_shexp_gated-35"
276,184,RMS_NORM,0,0,2,3936,"norm-36","attn_output-36",""
277,5,MUL_MAT,0,169,164,643,"linear_attn_out-36","blk.36.ssm_out.weight","final_output-36"
277,34,SCALE,0,0,2,877,"ffn_moe_inp-36","node_6029",""
277,70,ADD,0,1,1,2062,"ffn_moe_out-36","node_6065","ffn_moe_weighted-36 (view)"
277,74,MUL_MAT,0,22,21,2185,"ffn_shexp-36","blk.36.ffn_down_shexp.weight","ffn_swiglu-36"
277,77,MUL,0,2,0,2193,"ffn_shexp_gated-36","ffn_shexp-36","shared_expert_gate_sigmoid-36"
277,78,ADD,0,1,1,2195,"ffn_out-36","ffn_moe_out-36","ffn_shexp_gated-36"
277,152,RMS_NORM,0,1,4,3717,"norm-37","attn_output-37",""
278,5,MUL_MAT,0,274,63,680,"linear_attn_out-37","blk.37.ssm_out.weight","final_output-37"
278,34,SCALE,0,0,2,950,"ffn_moe_inp-37","node_6183",""
278,70,ADD,0,1,6,2183,"ffn_moe_out-37","node_6219","ffn_moe_weighted-37 (view)"
278,74,MUL_MAT,0,36,5,2306,"ffn_shexp-37","blk.37.ffn_down_shexp.weight","ffn_swiglu-37"
278,77,MUL,0,1,1,2315,"ffn_shexp_gated-37","ffn_shexp-37","shared_expert_gate_sigmoid-37"
278,78,ADD,0,1,0,2316,"ffn_out-37","ffn_moe_out-37","ffn_shexp_gated-37"
278,152,RMS_NORM,0,0,2,3713,"norm-38","attn_output-38",""
279,5,MUL_MAT,0,181,182,715,"linear_attn_out-38","blk.38.ssm_out.weight","final_output-38"
279,34,SCALE,0,0,2,986,"ffn_moe_inp-38","node_6337",""
279,70,ADD,0,0,1,2356,"ffn_moe_out-38","node_6373","ffn_moe_weighted-38 (view)"
279,74,MUL_MAT,0,20,17,2469,"ffn_shexp-38","blk.38.ffn_down_shexp.weight","ffn_swiglu-38"
279,77,MUL,0,2,0,2476,"ffn_shexp_gated-38","ffn_shexp-38","shared_expert_gate_sigmoid-38"
279,78,ADD,0,0,1,2478,"ffn_out-38","ffn_moe_out-38","ffn_shexp_gated-38"
279,87,ADD,0,2,0,2502,"l_last-38","hc_combine-38","node_6390"
280,0,GET_ROWS,0,2,1,3,"model.input_embed","token_embd.weight","inp_tokens"
280,69,RMS_NORM,0,1,1,1171,"norm-0","attn_output-0",""
281,5,MUL_MAT,0,202,134,656,"linear_attn_out-0","blk.0.ssm_out.weight","final_output-0"
281,34,SCALE,0,0,2,888,"ffn_moe_inp-0","node_104",""
281,70,ADD,0,2,0,2443,"ffn_moe_out-0","node_140","ffn_moe_weighted-0 (view)"
281,93,MUL_MAT,0,50,5,3509,"ffn_shexp-0","blk.0.ffn_down_shexp.weight","ffn_swiglu-0"
281,96,MUL,0,2,23,3573,"ffn_shexp_gated-0","ffn_shexp-0","shared_expert_gate_sigmoid-0"
281,97,ADD,0,1,2,3577,"ffn_out-0","ffn_moe_out-0","ffn_shexp_gated-0"
281,236,RMS_NORM,0,1,2,5548,"norm-1","attn_output-1",""
282,5,MUL_MAT,0,274,62,674,"linear_attn_out-1","blk.1.ssm_out.weight","final_output-1"
282,34,SCALE,0,0,1,922,"ffn_moe_inp-1","node_342",""
282,70,ADD,0,1,0,1806,"ffn_moe_out-1","node_378","ffn_moe_weighted-1 (view)"
282,74,MUL_MAT,0,33,8,1927,"ffn_shexp-1","blk.1.ffn_down_shexp.weight","ffn_swiglu-1"
282,77,MUL,0,2,0,1935,"ffn_shexp_gated-1","ffn_shexp-1","shared_expert_gate_sigmoid-1"
282,78,ADD,0,1,1,1937,"ffn_out-1","ffn_moe_out-1","ffn_shexp_gated-1"
282,152,RMS_NORM,0,0,3,3407,"norm-2","attn_output-2",""
283,5,MUL_MAT,0,267,64,656,"linear_attn_out-2","blk.2.ssm_out.weight","final_output-2"
283,34,SCALE,0,0,2,891,"ffn_moe_inp-2","node_496",""
283,70,ADD,0,1,0,1855,"ffn_moe_out-2","node_532","ffn_moe_weighted-2 (view)"
283,74,MUL_MAT,0,29,12,1985,"ffn_shexp-2","blk.2.ffn_down_shexp.weight","ffn_swiglu-2"
283,77,MUL,0,2,1,1993,"ffn_shexp_gated-2","ffn_shexp-2","shared_expert_gate_sigmoid-2"
283,78,ADD,0,1,0,1994,"ffn_out-2","ffn_moe_out-2","ffn_shexp_gated-2"
283,151,RMS_NORM,0,4,1,3194,"norm-3","indexer_k_pooled-3 (reshaped)",""
284,38,MUL_MAT,0,257,73,556,"attn_output-3","blk.3.attn_output.weight","attn_gated-3"
284,66,SCALE,0,0,2,839,"ffn_moe_inp-3","node_683",""
284,102,ADD,0,1,8,1799,"ffn_moe_out-3","node_719","ffn_moe_weighted-3 (view)"
284,106,MUL_MAT,0,26,9,1936,"ffn_shexp-3","blk.3.ffn_down_shexp.weight","ffn_swiglu-3"
284,109,MUL,0,2,1,1945,"ffn_shexp_gated-3","ffn_shexp-3","shared_expert_gate_sigmoid-3"
284,110,ADD,0,1,3,1949,"ffn_out-3","ffn_moe_out-3","ffn_shexp_gated-3"
284,184,RMS_NORM,0,1,2,3256,"norm-4","attn_output-4",""
285,5,MUL_MAT,0,254,77,662,"linear_attn_out-4","blk.4.ssm_out.weight","final_output-4"
285,34,SCALE,0,0,2,1007,"ffn_moe_inp-4","node_837",""
285,70,ADD,0,1,0,2001,"ffn_moe_out-4","node_873","ffn_moe_weighted-4 (view)"
285,74,MUL_MAT,0,32,10,2125,"ffn_shexp-4","blk.4.ffn_down_shexp.weight","ffn_swiglu-4"
285,77,MUL,0,3,0,2133,"ffn_shexp_gated-4","ffn_shexp-4","shared_expert_gate_sigmoid-4"
285,78,ADD,0,1,1,2135,"ffn_out-4","ffn_moe_out-4","ffn_shexp_gated-4"
285,152,RMS_NORM,0,0,2,3562,"norm-5","attn_output-5",""
286,5,MUL_MAT,0,182,155,692,"linear_attn_out-5","blk.5.ssm_out.weight","final_output-5"
286,34,SCALE,0,0,2,961,"ffn_moe_inp-5","node_991",""
286,70,ADD,0,1,0,1764,"ffn_moe_out-5","node_1027","ffn_moe_weighted-5 (view)"
286,74,MUL_MAT,0,29,7,1886,"ffn_shexp-5","blk.5.ffn_down_shexp.weight","ffn_swiglu-5"
286,77,MUL,0,2,0,1893,"ffn_shexp_gated-5","ffn_shexp-5","shared_expert_gate_sigmoid-5"
286,78,ADD,0,1,0,1895,"ffn_out-5","ffn_moe_out-5","ffn_shexp_gated-5"
286,152,RMS_NORM,0,1,109,3277,"norm-6","attn_output-6",""
287,5,MUL_MAT,0,271,74,689,"linear_attn_out-6","blk.6.ssm_out.weight","final_output-6"
287,34,SCALE,0,0,2,976,"ffn_moe_inp-6","node_1145",""
287,70,ADD,0,1,0,1804,"ffn_moe_out-6","node_1181","ffn_moe_weighted-6 (view)"
287,74,MUL_MAT,0,30,18,1931,"ffn_shexp-6","blk.6.ffn_down_shexp.weight","ffn_swiglu-6"
287,77,MUL,0,2,0,1945,"ffn_shexp_gated-6","ffn_shexp-6","shared_expert_gate_sigmoid-6"
287,78,ADD,0,1,1,1947,"ffn_out-6","ffn_moe_out-6","ffn_shexp_gated-6"
287,151,RMS_NORM,0,5,0,2980,"norm-7","indexer_k_pooled-7 (reshaped)",""
288,38,MUL_MAT,0,244,61,549,"attn_output-7","blk.7.attn_output.weight","attn_gated-7"
288,66,SCALE,0,0,2,779,"ffn_moe_inp-7","node_1332",""
288,102,ADD,0,1,1,1536,"ffn_moe_out-7","node_1368","ffn_moe_weighted-7 (view)"
288,106,MUL_MAT,0,27,7,1640,"ffn_shexp-7","blk.7.ffn_down_shexp.weight","ffn_swiglu-7"
288,109,MUL,0,2,0,1648,"ffn_shexp_gated-7","ffn_shexp-7","shared_expert_gate_sigmoid-7"
288,110,ADD,0,2,0,1650,"ffn_out-7","ffn_moe_out-7","ffn_shexp_gated-7"
288,184,RMS_NORM,0,0,5,2969,"norm-8","attn_output-8",""
289,5,MUL_MAT,0,285,71,691,"linear_attn_out-8","blk.8.ssm_out.weight","final_output-8"
289,34,SCALE,0,0,109,1178,"ffn_moe_inp-8","node_1486",""
289,70,ADD,0,2,0,2042,"ffn_moe_out-8","node_1522","ffn_moe_weighted-8 (view)"
289,74,MUL_MAT,0,34,4,2161,"ffn_shexp-8","blk.8.ffn_down_shexp.weight","ffn_swiglu-8"
289,77,MUL,0,3,1,2179,"ffn_shexp_gated-8","ffn_shexp-8","shared_expert_gate_sigmoid-8"
289,78,ADD,0,1,1,2181,"ffn_out-8","ffn_moe_out-8","ffn_shexp_gated-8"
289,152,RMS_NORM,0,0,8,3838,"norm-9","attn_output-9",""
290,5,MUL_MAT,0,337,4,686,"linear_attn_out-9","blk.9.ssm_out.weight","final_output-9"
290,34,SCALE,0,0,1,989,"ffn_moe_inp-9","node_1640",""
290,70,ADD,0,2,0,1920,"ffn_moe_out-9","node_1676","ffn_moe_weighted-9 (view)"
290,74,MUL_MAT,0,36,4,2113,"ffn_shexp-9","blk.9.ffn_down_shexp.weight","ffn_swiglu-9"
290,77,MUL,0,3,0,2124,"ffn_shexp_gated-9","ffn_shexp-9","shared_expert_gate_sigmoid-9"
290,78,ADD,0,2,0,2126,"ffn_out-9","ffn_moe_out-9","ffn_shexp_gated-9"
290,152,RMS_NORM,0,1,0,3945,"norm-10","attn_output-10",""
291,5,MUL_MAT,0,310,9,629,"linear_attn_out-10","blk.10.ssm_out.weight","final_output-10"
291,34,SCALE,0,0,2,876,"ffn_moe_inp-10","node_1794",""
291,70,ADD,0,2,0,1738,"ffn_moe_out-10","node_1830","ffn_moe_weighted-10 (view)"
291,74,MUL_MAT,0,39,3,1869,"ffn_shexp-10","blk.10.ffn_down_shexp.weight","ffn_swiglu-10"
291,77,MUL,0,4,0,1879,"ffn_shexp_gated-10","ffn_shexp-10","shared_expert_gate_sigmoid-10"
291,78,ADD,0,1,1,1881,"ffn_out-10","ffn_moe_out-10","ffn_shexp_gated-10"
291,151,RMS_NORM,0,9,0,2952,"norm-11","indexer_k_pooled-11 (reshaped)",""
292,38,MUL_MAT,0,315,10,576,"attn_output-11","blk.11.attn_output.weight","attn_gated-11"
292,66,SCALE,0,0,1,838,"ffn_moe_inp-11","node_1981",""
292,102,ADD,0,1,8,1645,"ffn_moe_out-11","node_2017","ffn_moe_weighted-11 (view)"
292,106,MUL_MAT,0,33,1,1748,"ffn_shexp-11","blk.11.ffn_down_shexp.weight","ffn_swiglu-11"
292,109,MUL,0,3,0,1758,"ffn_shexp_gated-11","ffn_shexp-11","shared_expert_gate_sigmoid-11"
292,110,ADD,0,2,0,1760,"ffn_out-11","ffn_moe_out-11","ffn_shexp_gated-11"
292,184,RMS_NORM,0,0,1,3244,"norm-12","attn_output-12",""
293,5,MUL_MAT,0,315,33,641,"linear_attn_out-12","blk.12.ssm_out.weight","final_output-12"
293,34,SCALE,0,0,1,915,"ffn_moe_inp-12","node_2135",""
293,70,ADD,0,1,0,1746,"ffn_moe_out-12","node_2171","ffn_moe_weighted-12 (view)"
293,74,MUL_MAT,0,37,1,1876,"ffn_shexp-12","blk.12.ffn_down_shexp.weight","ffn_swiglu-12"
293,77,MUL,0,3,0,1894,"ffn_shexp_gated-12","ffn_shexp-12","shared_expert_gate_sigmoid-12"
293,78,ADD,0,2,2,1898,"ffn_out-12","ffn_moe_out-12","ffn_shexp_gated-12"
293,152,RMS_NORM,0,0,1,3691,"norm-13","attn_output-13",""
294,5,MUL_MAT,0,327,5,811,"linear_attn_out-13","blk.13.ssm_out.weight","final_output-13"
294,34,SCALE,0,0,1,1107,"ffn_moe_inp-13","node_2289",""
294,70,ADD,0,2,0,2312,"ffn_moe_out-13","node_2325","ffn_moe_weighted-13 (view)"
294,74,MUL_MAT,0,36,1,2430,"ffn_shexp-13","blk.13.ffn_down_shexp.weight","ffn_swiglu-13"
294,77,MUL,0,3,0,2439,"ffn_shexp_gated-13","ffn_shexp-13","shared_expert_gate_sigmoid-13"
294,78,ADD,0,1,1,2442,"ffn_out-13","ffn_moe_out-13","ffn_shexp_gated-13"
294,152,RMS_NORM,0,1,1,4235,"norm-14","attn_output-14",""
295,5,MUL_MAT,0,302,20,635,"linear_attn_out-14","blk.14.ssm_out.weight","final_output-14"
295,34,SCALE,0,0,1,883,"ffn_moe_inp-14","node_2443",""
295,70,ADD,0,1,1,1663,"ffn_moe_out-14","node_2479","ffn_moe_weighted-14 (view)"
295,74,MUL_MAT,0,33,2,1773,"ffn_shexp-14","blk.14.ffn_down_shexp.weight","ffn_swiglu-14"
295,77,MUL,0,3,1,1783,"ffn_shexp_gated-14","ffn_shexp-14","shared_expert_gate_sigmoid-14"
295,78,ADD,0,1,0,1784,"ffn_out-14","ffn_moe_out-14","ffn_shexp_gated-14"
295,151,RMS_NORM,0,9,0,2817,"norm-15","indexer_k_pooled-15 (reshaped)",""
296,38,MUL_MAT,0,336,4,572,"attn_output-15","blk.15.attn_output.weight","attn_gated-15"
296,66,SCALE,0,0,1,850,"ffn_moe_inp-15","node_2630",""
296,102,ADD,0,2,0,1743,"ffn_moe_out-15","node_2666","ffn_moe_weighted-15 (view)"
296,106,MUL_MAT,0,35,94,1958,"ffn_shexp-15","blk.15.ffn_down_shexp.weight","ffn_swiglu-15"
296,109,MUL,0,3,0,1968,"ffn_shexp_gated-15","ffn_shexp-15","shared_expert_gate_sigmoid-15"
296,110,ADD,0,1,7,1977,"ffn_out-15","ffn_moe_out-15","ffn_shexp_gated-15"
296,184,RMS_NORM,0,0,2,3495,"norm-16","attn_output-16",""
297,5,MUL_MAT,0,285,26,629,"linear_attn_out-16","blk.16.ssm_out.weight","final_output-16"
297,34,SCALE,0,0,2,865,"ffn_moe_inp-16","node_2784",""
297,70,ADD,0,1,1,1605,"ffn_moe_out-16","node_2820","ffn_moe_weighted-16 (view)"
297,74,MUL_MAT,0,35,9,1833,"ffn_shexp-16","blk.16.ffn_down_shexp.weight","ffn_swiglu-16"
297,77,MUL,0,4,0,1859,"ffn_shexp_gated-16","ffn_shexp-16","shared_expert_gate_sigmoid-16"
297,78,ADD,0,2,0,1861,"ffn_out-16","ffn_moe_out-16","ffn_shexp_gated-16"
297,152,RMS_NORM,0,0,1,3865,"norm-17","attn_output-17",""
298,5,MUL_MAT,0,332,9,708,"linear_attn_out-17","blk.17.ssm_out.weight","final_output-17"
298,34,SCALE,0,0,1,1013,"ffn_moe_inp-17","node_2938",""
298,70,ADD,0,1,1,2282,"ffn_moe_out-17","node_2974","ffn_moe_weighted-17 (view)"
298,74,MUL_MAT,0,34,3,2397,"ffn_shexp-17","blk.17.ffn_down_shexp.weight","ffn_swiglu-17"
298,77,MUL,0,3,0,2413,"ffn_shexp_gated-17","ffn_shexp-17","shared_expert_gate_sigmoid-17"
298,78,ADD,0,1,1,2416,"ffn_out-17","ffn_moe_out-17","ffn_shexp_gated-17"
298,152,RMS_NORM,0,0,1,4025,"norm-18","attn_output-18",""
299,5,MUL_MAT,0,361,1,714,"linear_attn_out-18","blk.18.ssm_out.weight","final_output-18"
299,34,SCALE,0,1,1,1015,"ffn_moe_inp-18","node_3092",""
299,70,ADD,0,1,1,1956,"ffn_moe_out-18","node_3128","ffn_moe_weighted-18 (view)"
299,74,MUL_MAT,0,36,2,2072,"ffn_shexp-18","blk.18.ffn_down_shexp.weight","ffn_swiglu-18"
299,77,MUL,0,3,1,2084,"ffn_shexp_gated-18","ffn_shexp-18","shared_expert_gate_sigmoid-18"
299,78,ADD,0,2,0,2086,"ffn_out-18","ffn_moe_out-18","ffn_shexp_gated-18"
299,151,RMS_NORM,0,8,1,3121,"norm-19","indexer_k_pooled-19 (reshaped)",""
300,38,MUL_MAT,0,340,9,690,"attn_output-19","blk.19.attn_output.weight","attn_gated-19"
300,66,SCALE,0,0,1,948,"ffn_moe_inp-19","node_3279",""
300,102,ADD,0,2,0,1763,"ffn_moe_out-19","node_3315","ffn_moe_weighted-19 (view)"
300,106,MUL_MAT,0,36,7,1884,"ffn_shexp-19","blk.19.ffn_down_shexp.weight","ffn_swiglu-19"
300,109,MUL,0,3,0,1894,"ffn_shexp_gated-19","ffn_shexp-19","shared_expert_gate_sigmoid-19"
300,110,ADD,0,1,0,1896,"ffn_out-19","ffn_moe_out-19","ffn_shexp_gated-19"
300,184,RMS_NORM,0,0,1,3497,"norm-20","attn_output-20",""
301,5,MUL_MAT,0,323,6,651,"linear_attn_out-20","blk.20.ssm_out.weight","final_output-20"
301,34,SCALE,0,0,4,914,"ffn_moe_inp-20","node_3433",""
301,70,ADD,0,1,0,1714,"ffn_moe_out-20","node_3469","ffn_moe_weighted-20 (view)"
301,74,MUL_MAT,0,27,23,1848,"ffn_shexp-20","blk.20.ffn_down_shexp.weight","ffn_swiglu-20"
301,77,MUL,0,2,0,1856,"ffn_shexp_gated-20","ffn_shexp-20","shared_expert_gate_sigmoid-20"
301,78,ADD,0,1,1,1858,"ffn_out-20","ffn_moe_out-20","ffn_shexp_gated-20"
301,152,RMS_NORM,0,0,2,3298,"norm-21","attn_output-21",""
302,5,MUL_MAT,0,313,48,753,"linear_attn_out-21","blk.21.ssm_out.weight","final_output-21"
302,34,SCALE,0,0,1,998,"ffn_moe_inp-21","node_3587",""
302,70,ADD,0,1,1,1757,"ffn_moe_out-21","node_3623","ffn_moe_weighted-21 (view)"
302,74,MUL_MAT,0,31,5,1874,"ffn_shexp-21","blk.21.ffn_down_shexp.weight","ffn_swiglu-21"
302,77,MUL,0,2,0,1882,"ffn_shexp_gated-21","ffn_shexp-21","shared_expert_gate_sigmoid-21"
302,78,ADD,0,1,0,1884,"ffn_out-21","ffn_moe_out-21","ffn_shexp_gated-21"
302,152,RMS_NORM,0,0,2,3147,"norm-22","attn_output-22",""
303,5,MUL_MAT,0,281,85,718,"linear_attn_out-22","blk.22.ssm_out.weight","final_output-22"
303,34,SCALE,0,0,1,949,"ffn_moe_inp-22","node_3741",""
303,70,ADD,0,2,0,1864,"ffn_moe_out-22","node_3777","ffn_moe_weighted-22 (view)"
303,74,MUL_MAT,0,32,6,1995,"ffn_shexp-22","blk.22.ffn_down_shexp.weight","ffn_swiglu-22"
303,77,MUL,0,2,0,2023,"ffn_shexp_gated-22","ffn_shexp-22","shared_expert_gate_sigmoid-22"
303,78,ADD,0,1,8,2033,"ffn_out-22","ffn_moe_out-22","ffn_shexp_gated-22"
303,151,RMS_NORM,0,5,0,3154,"norm-23","indexer_k_pooled-23 (reshaped)",""
304,38,MUL_MAT,0,271,48,550,"attn_output-23","blk.23.attn_output.weight","attn_gated-23"
304,66,SCALE,0,0,1,769,"ffn_moe_inp-23","node_3928",""
304,102,ADD,0,2,0,1567,"ffn_moe_out-23","node_3964","ffn_moe_weighted-23 (view)"
304,106,MUL_MAT,0,31,4,1677,"ffn_shexp-23","blk.23.ffn_down_shexp.weight","ffn_swiglu-23"
304,109,MUL,0,3,0,1687,"ffn_shexp_gated-23","ffn_shexp-23","shared_expert_gate_sigmoid-23"
304,110,ADD,0,1,1,1690,"ffn_out-23","ffn_moe_out-23","ffn_shexp_gated-23"
304,184,RMS_NORM,0,0,1,3327,"norm-24","attn_output-24",""
305,5,MUL_MAT,0,319,2,660,"linear_attn_out-24","blk.24.ssm_out.weight","final_output-24"
305,34,SCALE,0,0,1,920,"ffn_moe_inp-24","node_4082",""
305,70,ADD,0,2,0,1714,"ffn_moe_out-24","node_4118","ffn_moe_weighted-24 (view)"
305,74,MUL_MAT,0,34,2,1835,"ffn_shexp-24","blk.24.ffn_down_shexp.weight","ffn_swiglu-24"
305,77,MUL,0,3,0,1843,"ffn_shexp_gated-24","ffn_shexp-24","shared_expert_gate_sigmoid-24"
305,78,ADD,0,1,4,1849,"ffn_out-24","ffn_moe_out-24","ffn_shexp_gated-24"
305,152,RMS_NORM,0,1,0,3404,"norm-25","attn_output-25",""
306,5,MUL_MAT,0,349,28,703,"linear_attn_out-25","blk.25.ssm_out.weight","final_output-25"
306,34,SCALE,0,0,1,1001,"ffn_moe_inp-25","node_4236",""
306,70,ADD,0,1,1,1885,"ffn_moe_out-25","node_4272","ffn_moe_weighted-25 (view)"
306,74,MUL_MAT,0,37,3,2049,"ffn_shexp-25","blk.25.ffn_down_shexp.weight","ffn_swiglu-25"
306,77,MUL,0,3,1,2063,"ffn_shexp_gated-25","ffn_shexp-25","shared_expert_gate_sigmoid-25"
306,78,ADD,0,1,1,2065,"ffn_out-25","ffn_moe_out-25","ffn_shexp_gated-25"
306,152,RMS_NORM,0,0,4,3354,"norm-26","attn_output-26",""
307,5,MUL_MAT,0,301,28,648,"linear_attn_out-26","blk.26.ssm_out.weight","final_output-26"
307,34,SCALE,0,1,0,892,"ffn_moe_inp-26","node_4390",""
307,70,ADD,0,1,0,1645,"ffn_moe_out-26","node_4426","ffn_moe_weighted-26 (view)"
307,74,MUL_MAT,0,34,2,1753,"ffn_shexp-26","blk.26.ffn_down_shexp.weight","ffn_swiglu-26"
307,77,MUL,0,3,0,1766,"ffn_shexp_gated-26","ffn_shexp-26","shared_expert_gate_sigmoid-26"
307,78,ADD,0,2,0,1768,"ffn_out-26","ffn_moe_out-26","ffn_shexp_gated-26"
307,151,RMS_NORM,0,9,0,2962,"norm-27","indexer_k_pooled-27 (reshaped)",""
308,38,MUL_MAT,0,319,6,562,"attn_output-27","blk.27.attn_output.weight","attn_gated-27"
308,66,SCALE,0,0,1,852,"ffn_moe_inp-27","node_4577",""
308,102,ADD,0,1,1,1657,"ffn_moe_out-27","node_4613","ffn_moe_weighted-27 (view)"
308,106,MUL_MAT,0,31,2,1765,"ffn_shexp-27","blk.27.ffn_down_shexp.weight","ffn_swiglu-27"
308,109,MUL,0,3,0,1778,"ffn_shexp_gated-27","ffn_shexp-27","shared_expert_gate_sigmoid-27"
308,110,ADD,0,1,6,1786,"ffn_out-27","ffn_moe_out-27","ffn_shexp_gated-27"
308,184,RMS_NORM,0,0,2,3316,"norm-28","attn_output-28",""
309,5,MUL_MAT,0,292,63,664,"linear_attn_out-28","blk.28.ssm_out.weight","final_output-28"
309,34,SCALE,0,0,2,955,"ffn_moe_inp-28","node_4731",""
309,70,ADD,0,1,1,1808,"ffn_moe_out-28","node_4767","ffn_moe_weighted-28 (view)"
309,74,MUL_MAT,0,38,1,1926,"ffn_shexp-28","blk.28.ffn_down_shexp.weight","ffn_swiglu-28"
309,77,MUL,0,4,73,2017,"ffn_shexp_gated-28","ffn_shexp-28","shared_expert_gate_sigmoid-28"
309,78,ADD,0,1,8,2026,"ffn_out-28","ffn_moe_out-28","ffn_shexp_gated-28"
309,152,RMS_NORM,0,0,1,3809,"norm-29","attn_output-29",""
310,5,MUL_MAT,0,249,65,622,"linear_attn_out-29","blk.29.ssm_out.weight","final_output-29"
310,34,SCALE,0,1,1,848,"ffn_moe_inp-29","node_4885",""
310,70,ADD,0,1,1,1632,"ffn_moe_out-29","node_4921","ffn_moe_weighted-29 (view)"
310,74,MUL_MAT,0,30,7,1743,"ffn_shexp-29","blk.29.ffn_down_shexp.weight","ffn_swiglu-29"
310,77,MUL,0,2,1,1751,"ffn_shexp_gated-29","ffn_shexp-29","shared_expert_gate_sigmoid-29"
310,78,ADD,0,1,7,1759,"ffn_out-29","ffn_moe_out-29","ffn_shexp_gated-29"
310,152,RMS_NORM,0,0,3,3407,"norm-30","attn_output-30",""
311,5,MUL_MAT,0,276,66,688,"linear_attn_out-30","blk.30.ssm_out.weight","final_output-30"
311,34,SCALE,0,0,0,940,"ffn_moe_inp-30","node_5039",""
311,70,ADD,0,1,0,1848,"ffn_moe_out-30","node_5075","ffn_moe_weighted-30 (view)"
311,74,MUL_MAT,0,28,9,1962,"ffn_shexp-30","blk.30.ffn_down_shexp.weight","ffn_swiglu-30"
311,77,MUL,0,1,1,1970,"ffn_shexp_gated-30","ffn_shexp-30","shared_expert_gate_sigmoid-30"
311,78,ADD,0,1,1,1972,"ffn_out-30","ffn_moe_out-30","ffn_shexp_gated-30"
311,151,RMS_NORM,0,4,1,2938,"norm-31","indexer_k_pooled-31 (reshaped)",""
312,38,MUL_MAT,0,250,57,532,"attn_output-31","blk.31.attn_output.weight","attn_gated-31"
312,66,SCALE,0,0,2,892,"ffn_moe_inp-31","node_5226",""
312,102,ADD,0,1,1,1711,"ffn_moe_out-31","node_5262","ffn_moe_weighted-31 (view)"
312,106,MUL_MAT,0,27,9,1823,"ffn_shexp-31","blk.31.ffn_down_shexp.weight","ffn_swiglu-31"
312,109,MUL,0,2,0,1831,"ffn_shexp_gated-31","ffn_shexp-31","shared_expert_gate_sigmoid-31"
312,110,ADD,0,1,2,1834,"ffn_out-31","ffn_moe_out-31","ffn_shexp_gated-31"
312,184,RMS_NORM,0,1,2,3262,"norm-32","attn_output-32",""
313,5,MUL_MAT,0,258,65,666,"linear_attn_out-32","blk.32.ssm_out.weight","final_output-32"
313,34,SCALE,0,0,1,924,"ffn_moe_inp-32","node_5380",""
313,70,ADD,0,1,0,1695,"ffn_moe_out-32","node_5416","ffn_moe_weighted-32 (view)"
313,74,MUL_MAT,0,30,9,1813,"ffn_shexp-32","blk.32.ffn_down_shexp.weight","ffn_swiglu-32"
313,77,MUL,0,2,7,1829,"ffn_shexp_gated-32","ffn_shexp-32","shared_expert_gate_sigmoid-32"
313,78,ADD,0,1,0,1831,"ffn_out-32","ffn_moe_out-32","ffn_shexp_gated-32"
313,152,RMS_NORM,0,0,111,3332,"norm-33","attn_output-33",""
314,5,MUL_MAT,0,272,102,761,"linear_attn_out-33","blk.33.ssm_out.weight","final_output-33"
314,34,SCALE,0,0,1,1204,"ffn_moe_inp-33","node_5534",""
314,70,ADD,0,2,0,2010,"ffn_moe_out-33","node_5570","ffn_moe_weighted-33 (view)"
314,74,MUL_MAT,0,34,10,2140,"ffn_shexp-33","blk.33.ffn_down_shexp.weight","ffn_swiglu-33"
314,77,MUL,0,2,1,2148,"ffn_shexp_gated-33","ffn_shexp-33","shared_expert_gate_sigmoid-33"
314,78,ADD,0,1,0,2149,"ffn_out-33","ffn_moe_out-33","ffn_shexp_gated-33"
314,152,RMS_NORM,0,0,1,3419,"norm-34","attn_output-34",""
315,5,MUL_MAT,0,285,64,723,"linear_attn_out-34","blk.34.ssm_out.weight","final_output-34"
315,34,SCALE,0,0,2,987,"ffn_moe_inp-34","node_5688",""
315,70,ADD,0,2,0,1858,"ffn_moe_out-34","node_5724","ffn_moe_weighted-34 (view)"
315,74,MUL_MAT,0,32,7,1990,"ffn_shexp-34","blk.34.ffn_down_shexp.weight","ffn_swiglu-34"
315,77,MUL,0,2,1,1998,"ffn_shexp_gated-34","ffn_shexp-34","shared_expert_gate_sigmoid-34"
315,78,ADD,0,1,1,2000,"ffn_out-34","ffn_moe_out-34","ffn_shexp_gated-34"
315,151,RMS_NORM,0,4,0,3034,"norm-35","indexer_k_pooled-35 (reshaped)",""
316,38,MUL_MAT,0,255,63,536,"attn_output-35","blk.35.attn_output.weight","attn_gated-35"
316,66,SCALE,0,0,1,772,"ffn_moe_inp-35","node_5875",""
316,102,ADD,0,2,2,1536,"ffn_moe_out-35","node_5911","ffn_moe_weighted-35 (view)"
316,106,MUL_MAT,0,33,2,1642,"ffn_shexp-35","blk.35.ffn_down_shexp.weight","ffn_swiglu-35"
316,109,MUL,0,2,0,1650,"ffn_shexp_gated-35","ffn_shexp-35","shared_expert_gate_sigmoid-35"
316,110,ADD,0,1,0,1652,"ffn_out-35","ffn_moe_out-35","ffn_shexp_gated-35"
316,184,RMS_NORM,0,0,1,3060,"norm-36","attn_output-36",""
317,5,MUL_MAT,0,277,81,698,"linear_attn_out-36","blk.36.ssm_out.weight","final_output-36"
317,34,SCALE,0,0,0,948,"ffn_moe_inp-36","node_6029",""
317,70,ADD,0,2,0,1806,"ffn_moe_out-36","node_6065","ffn_moe_weighted-36 (view)"
317,74,MUL_MAT,0,29,13,1930,"ffn_shexp-36","blk.36.ffn_down_shexp.weight","ffn_swiglu-36"
317,77,MUL,0,2,0,1938,"ffn_shexp_gated-36","ffn_shexp-36","shared_expert_gate_sigmoid-36"
317,78,ADD,0,1,2,1941,"ffn_out-36","ffn_moe_out-36","ffn_shexp_gated-36"
317,152,RMS_NORM,0,1,2,3287,"norm-37","attn_output-37",""
318,5,MUL_MAT,0,279,55,642,"linear_attn_out-37","blk.37.ssm_out.weight","final_output-37"
318,34,SCALE,0,0,2,879,"ffn_moe_inp-37","node_6183",""
318,70,ADD,0,1,1,1696,"ffn_moe_out-37","node_6219","ffn_moe_weighted-37 (view)"
318,74,MUL_MAT,0,31,21,1830,"ffn_shexp-37","blk.37.ffn_down_shexp.weight","ffn_swiglu-37"
318,77,MUL,0,2,0,1837,"ffn_shexp_gated-37","ffn_shexp-37","shared_expert_gate_sigmoid-37"
318,78,ADD,0,1,0,1839,"ffn_out-37","ffn_moe_out-37","ffn_shexp_gated-37"
318,152,RMS_NORM,0,0,2,3206,"norm-38","attn_output-38",""
319,5,MUL_MAT,0,262,58,669,"linear_attn_out-38","blk.38.ssm_out.weight","final_output-38"
319,34,SCALE,0,0,2,903,"ffn_moe_inp-38","node_6337",""
319,70,ADD,0,1,1,1684,"ffn_moe_out-38","node_6373","ffn_moe_weighted-38 (view)"
319,74,MUL_MAT,0,20,18,1808,"ffn_shexp-38","blk.38.ffn_down_shexp.weight","ffn_swiglu-38"
319,77,MUL,0,2,0,1816,"ffn_shexp_gated-38","ffn_shexp-38","shared_expert_gate_sigmoid-38"
319,78,ADD,0,1,1,1818,"ffn_out-38","ffn_moe_out-38","ffn_shexp_gated-38"
319,87,ADD,0,1,2,1848,"l_last-38","hc_combine-38","node_6390"
320,0,GET_ROWS,0,2,1,3,"model.input_embed","token_embd.weight","inp_tokens"
320,69,RMS_NORM,0,0,1,1250,"norm-0","attn_output-0",""
321,5,MUL_MAT,0,274,65,676,"linear_attn_out-0","blk.0.ssm_out.weight","final_output-0"
321,34,SCALE,0,0,1,953,"ffn_moe_inp-0","node_104",""
321,70,ADD,0,1,0,1810,"ffn_moe_out-0","node_140","ffn_moe_weighted-0 (view)"
321,93,MUL_MAT,0,44,3,2873,"ffn_shexp-0","blk.0.ffn_down_shexp.weight","ffn_swiglu-0"
321,96,MUL,0,2,0,2880,"ffn_shexp_gated-0","ffn_shexp-0","shared_expert_gate_sigmoid-0"
321,97,ADD,0,1,0,2882,"ffn_out-0","ffn_moe_out-0","ffn_shexp_gated-0"
321,236,RMS_NORM,0,1,1,4663,"norm-1","attn_output-1",""
322,5,MUL_MAT,0,266,65,646,"linear_attn_out-1","blk.1.ssm_out.weight","final_output-1"
322,34,SCALE,0,0,1,903,"ffn_moe_inp-1","node_342",""
322,70,ADD,0,1,1,1750,"ffn_moe_out-1","node_378","ffn_moe_weighted-1 (view)"
322,74,MUL_MAT,0,27,10,1865,"ffn_shexp-1","blk.1.ffn_down_shexp.weight","ffn_swiglu-1"
322,77,MUL,0,2,8,1887,"ffn_shexp_gated-1","ffn_shexp-1","shared_expert_gate_sigmoid-1"
322,78,ADD,0,1,0,1888,"ffn_out-1","ffn_moe_out-1","ffn_shexp_gated-1"
322,152,RMS_NORM,0,1,2,3525,"norm-2","attn_output-2",""
323,5,MUL_MAT,0,334,8,694,"linear_attn_out-2","blk.2.ssm_out.weight","final_output-2"
323,34,SCALE,0,0,2,964,"ffn_moe_inp-2","node_496",""
323,70,ADD,0,1,0,2736,"ffn_moe_out-2","node_532","ffn_moe_weighted-2 (view)"
323,74,MUL_MAT,0,34,5,2847,"ffn_shexp-2","blk.2.ffn_down_shexp.weight","ffn_swiglu-2"
323,77,MUL,0,3,0,2857,"ffn_shexp_gated-2","ffn_shexp-2","shared_expert_gate_sigmoid-2"
323,78,ADD,0,1,4,2863,"ffn_out-2","ffn_moe_out-2","ffn_shexp_gated-2"
323,151,RMS_NORM,0,8,1,4003,"norm-3","indexer_k_pooled-3 (reshaped)",""
324,38,MUL_MAT,0,219,110,621,"attn_output-3","blk.3.attn_output.weight","attn_gated-3"
324,66,SCALE,0,0,1,847,"ffn_moe_inp-3","node_683",""
324,102,ADD,0,1,1,1620,"ffn_moe_out-3","node_719","ffn_moe_weighted-3 (view)"
324,106,MUL_MAT,0,21,13,1741,"ffn_shexp-3","blk.3.ffn_down_shexp.weight","ffn_swiglu-3"
324,109,MUL,0,2,0,1749,"ffn_shexp_gated-3","ffn_shexp-3","shared_expert_gate_sigmoid-3"
324,110,ADD,0,1,2,1752,"ffn_out-3","ffn_moe_out-3","ffn_shexp_gated-3"
324,184,RMS_NORM,0,1,2,2939,"norm-4","attn_output-4",""
325,5,MUL_MAT,0,189,131,624,"linear_attn_out-4","blk.4.ssm_out.weight","final_output-4"
325,34,SCALE,0,0,1,859,"ffn_moe_inp-4","node_837",""
325,70,ADD,0,1,11,2552,"ffn_moe_out-4","node_873","ffn_moe_weighted-4 (view)"
325,74,MUL_MAT,0,42,41,2738,"ffn_shexp-4","blk.4.ffn_down_shexp.weight","ffn_swiglu-4"
325,77,MUL,0,2,1,2781,"ffn_shexp_gated-4","ffn_shexp-4","shared_expert_gate_sigmoid-4"
325,78,ADD,0,1,0,2782,"ffn_out-4","ffn_moe_out-4","ffn_shexp_gated-4"
325,152,RMS_NORM,0,0,2,4146,"norm-5","attn_output-5",""
326,5,MUL_MAT,0,266,64,654,"linear_attn_out-5","blk.5.ssm_out.weight","final_output-5"
326,34,SCALE,0,0,1,886,"ffn_moe_inp-5","node_991",""
326,70,ADD,0,1,0,1705,"ffn_moe_out-5","node_1027","ffn_moe_weighted-5 (view)"
326,74,MUL_MAT,0,43,6,1828,"ffn_shexp-5","blk.5.ffn_down_shexp.weight","ffn_swiglu-5"
326,77,MUL,0,2,1,1836,"ffn_shexp_gated-5","ffn_shexp-5","shared_expert_gate_sigmoid-5"
326,78,ADD,0,1,1,1838,"ffn_out-5","ffn_moe_out-5","ffn_shexp_gated-5"
326,152,RMS_NORM,0,0,3,3235,"norm-6","attn_output-6",""
327,5,MUL_MAT,0,306,55,705,"linear_attn_out-6","blk.6.ssm_out.weight","final_output-6"
327,34,SCALE,0,0,1,1120,"ffn_moe_inp-6","node_1145",""
327,70,ADD,0,2,0,2652,"ffn_moe_out-6","node_1181","ffn_moe_weighted-6 (view)"
327,74,MUL_MAT,0,30,5,2759,"ffn_shexp-6","blk.6.ffn_down_shexp.weight","ffn_swiglu-6"
327,77,MUL,0,2,0,2767,"ffn_shexp_gated-6","ffn_shexp-6","shared_expert_gate_sigmoid-6"
327,78,ADD,0,1,1,2770,"ffn_out-6","ffn_moe_out-6","ffn_shexp_gated-6"
327,151,RMS_NORM,0,5,0,3774,"norm-7","indexer_k_pooled-7 (reshaped)",""
328,38,MUL_MAT,0,261,70,610,"attn_output-7","blk.7.attn_output.weight","attn_gated-7"
328,66,SCALE,0,1,2,863,"ffn_moe_inp-7","node_1332",""
328,102,ADD,0,1,0,1714,"ffn_moe_out-7","node_1368","ffn_moe_weighted-7 (view)"
328,106,MUL_MAT,0,31,10,1832,"ffn_shexp-7","blk.7.ffn_down_shexp.weight","ffn_swiglu-7"
328,109,MUL,0,2,6,1866,"ffn_shexp_gated-7","ffn_shexp-7","shared_expert_gate_sigmoid-7"
328,110,ADD,0,1,1,1868,"ffn_out-7","ffn_moe_out-7","ffn_shexp_gated-7"
328,184,RMS_NORM,0,1,1,3198,"norm-8","attn_output-8",""
329,5,MUL_MAT,0,292,35,644,"linear_attn_out-8","blk.8.ssm_out.weight","final_output-8"
329,34,SCALE,0,0,1,863,"ffn_moe_inp-8","node_1486",""
329,70,ADD,0,1,9,2450,"ffn_moe_out-8","node_1522","ffn_moe_weighted-8 (view)"
329,74,MUL_MAT,0,36,7,2589,"ffn_shexp-8","blk.8.ffn_down_shexp.weight","ffn_swiglu-8"
329,77,MUL,0,3,6,2604,"ffn_shexp_gated-8","ffn_shexp-8","shared_expert_gate_sigmoid-8"
329,78,ADD,0,2,0,2606,"ffn_out-8","ffn_moe_out-8","ffn_shexp_gated-8"
329,152,RMS_NORM,0,0,8,4398,"norm-9","attn_output-9",""
330,5,MUL_MAT,0,307,11,637,"linear_attn_out-9","blk.9.ssm_out.weight","final_output-9"
330,34,SCALE,0,0,2,905,"ffn_moe_inp-9","node_1640",""
330,70,ADD,0,2,0,2294,"ffn_moe_out-9","node_1676","ffn_moe_weighted-9 (view)"
330,74,MUL_MAT,0,35,4,2409,"ffn_shexp-9","blk.9.ffn_down_shexp.weight","ffn_swiglu-9"
330,77,MUL,0,3,1,2421,"ffn_shexp_gated-9","ffn_shexp-9","shared_expert_gate_sigmoid-9"
330,78,ADD,0,2,1,2424,"ffn_out-9","ffn_moe_out-9","ffn_shexp_gated-9"
330,152,RMS_NORM,0,1,10,4078,"norm-10","attn_output-10",""
331,5,MUL_MAT,0,240,89,675,"linear_attn_out-10","blk.10.ssm_out.weight","final_output-10"
331,34,SCALE,0,0,2,941,"ffn_moe_inp-10","node_1794",""
331,70,ADD,0,2,0,2214,"ffn_moe_out-10","node_1830","ffn_moe_weighted-10 (view)"
331,74,MUL_MAT,0,30,10,2342,"ffn_shexp-10","blk.10.ffn_down_shexp.weight","ffn_swiglu-10"
331,77,MUL,0,2,0,2351,"ffn_shexp_gated-10","ffn_shexp-10","shared_expert_gate_sigmoid-10"
331,78,ADD,0,2,0,2353,"ffn_out-10","ffn_moe_out-10","ffn_shexp_gated-10"
331,151,RMS_NORM,0,4,6,3333,"norm-11","indexer_k_pooled-11 (reshaped)",""
332,38,MUL_MAT,0,265,57,597,"attn_output-11","blk.11.attn_output.weight","attn_gated-11"
332,66,SCALE,0,0,2,837,"ffn_moe_inp-11","node_1981",""
332,102,ADD,0,1,0,2107,"ffn_moe_out-11","node_2017","ffn_moe_weighted-11 (view)"
332,106,MUL_MAT,0,27,8,2226,"ffn_shexp-11","blk.11.ffn_down_shexp.weight","ffn_swiglu-11"
332,109,MUL,0,2,1,2233,"ffn_shexp_gated-11","ffn_shexp-11","shared_expert_gate_sigmoid-11"
332,110,ADD,0,1,1,2235,"ffn_out-11","ffn_moe_out-11","ffn_shexp_gated-11"
332,184,RMS_NORM,0,1,1,3517,"norm-12","attn_output-12",""
333,5,MUL_MAT,0,274,57,643,"linear_attn_out-12","blk.12.ssm_out.weight","final_output-12"
333,34,SCALE,0,0,1,876,"ffn_moe_inp-12","node_2135",""
333,70,ADD,0,1,1,1642,"ffn_moe_out-12","node_2171","ffn_moe_weighted-12 (view)"
333,74,MUL_MAT,0,31,5,1756,"ffn_shexp-12","blk.12.ffn_down_shexp.weight","ffn_swiglu-12"
333,77,MUL,0,2,0,1769,"ffn_shexp_gated-12","ffn_shexp-12","shared_expert_gate_sigmoid-12"
333,78,ADD,0,2,0,1771,"ffn_out-12","ffn_moe_out-12","ffn_shexp_gated-12"
333,152,RMS_NORM,0,0,1,3204,"norm-13","attn_output-13",""
334,5,MUL_MAT,0,322,94,780,"linear_attn_out-13","blk.13.ssm_out.weight","final_output-13"
334,34,SCALE,0,0,2,1067,"ffn_moe_inp-13","node_2289",""
334,70,ADD,0,1,1,2204,"ffn_moe_out-13","node_2325","ffn_moe_weighted-13 (view)"
334,74,MUL_MAT,0,19,18,2315,"ffn_shexp-13","blk.13.ffn_down_shexp.weight","ffn_swiglu-13"
334,77,MUL,0,1,1,2324,"ffn_shexp_gated-13","ffn_shexp-13","shared_expert_gate_sigmoid-13"
334,78,ADD,0,1,1,2326,"ffn_out-13","ffn_moe_out-13","ffn_shexp_gated-13"
334,152,RMS_NORM,0,1,5,3563,"norm-14","attn_output-14",""
335,5,MUL_MAT,0,208,206,763,"linear_attn_out-14","blk.14.ssm_out.weight","final_output-14"
335,34,SCALE,0,0,1,1135,"ffn_moe_inp-14","node_2443",""
335,70,ADD,0,0,2,1995,"ffn_moe_out-14","node_2479","ffn_moe_weighted-14 (view)"
335,74,MUL_MAT,0,26,23,2133,"ffn_shexp-14","blk.14.ffn_down_shexp.weight","ffn_swiglu-14"
335,77,MUL,0,2,0,2143,"ffn_shexp_gated-14","ffn_shexp-14","shared_expert_gate_sigmoid-14"
335,78,ADD,0,1,1,2145,"ffn_out-14","ffn_moe_out-14","ffn_shexp_gated-14"
335,151,RMS_NORM,0,3,1,3239,"norm-15","indexer_k_pooled-15 (reshaped)",""
336,38,MUL_MAT,0,164,146,531,"attn_output-15","blk.15.attn_output.weight","attn_gated-15"
336,66,SCALE,0,0,1,761,"ffn_moe_inp-15","node_2630",""
336,102,ADD,0,1,1,1491,"ffn_moe_out-15","node_2666","ffn_moe_weighted-15 (view)"
336,106,MUL_MAT,0,18,20,1599,"ffn_shexp-15","blk.15.ffn_down_shexp.weight","ffn_swiglu-15"
336,109,MUL,0,2,0,1615,"ffn_shexp_gated-15","ffn_shexp-15","shared_expert_gate_sigmoid-15"
336,110,ADD,0,1,2,1618,"ffn_out-15","ffn_moe_out-15","ffn_shexp_gated-15"
336,184,RMS_NORM,0,0,3,2983,"norm-16","attn_output-16",""
337,5,MUL_MAT,0,173,171,655,"linear_attn_out-16","blk.16.ssm_out.weight","final_output-16"
337,34,SCALE,0,0,2,1137,"ffn_moe_inp-16","node_2784",""
337,70,ADD,0,2,0,1999,"ffn_moe_out-16","node_2820","ffn_moe_weighted-16 (view)"
337,74,MUL_MAT,0,29,11,2129,"ffn_shexp-16","blk.16.ffn_down_shexp.weight","ffn_swiglu-16"
337,77,MUL,0,2,0,2138,"ffn_shexp_gated-16","ffn_shexp-16","shared_expert_gate_sigmoid-16"
337,78,ADD,0,1,1,2140,"ffn_out-16","ffn_moe_out-16","ffn_shexp_gated-16"
337,152,RMS_NORM,0,0,2,3419,"norm-17","attn_output-17",""
338,5,MUL_MAT,0,252,70,639,"linear_attn_out-17","blk.17.ssm_out.weight","final_output-17"
338,34,SCALE,0,0,1,890,"ffn_moe_inp-17","node_2938",""
338,70,ADD,0,1,1,1846,"ffn_moe_out-17","node_2974","ffn_moe_weighted-17 (view)"
338,74,MUL_MAT,0,31,14,1973,"ffn_shexp-17","blk.17.ffn_down_shexp.weight","ffn_swiglu-17"
338,77,MUL,0,2,0,1985,"ffn_shexp_gated-17","ffn_shexp-17","shared_expert_gate_sigmoid-17"
338,78,ADD,0,1,1,1988,"ffn_out-17","ffn_moe_out-17","ffn_shexp_gated-17"
338,152,RMS_NORM,0,0,2,3403,"norm-18","attn_output-18",""
339,5,MUL_MAT,0,267,62,664,"linear_attn_out-18","blk.18.ssm_out.weight","final_output-18"
339,34,SCALE,0,1,1,912,"ffn_moe_inp-18","node_3092",""
339,70,ADD,0,1,0,1650,"ffn_moe_out-18","node_3128","ffn_moe_weighted-18 (view)"
339,74,MUL_MAT,0,28,8,1759,"ffn_shexp-18","blk.18.ffn_down_shexp.weight","ffn_swiglu-18"
339,77,MUL,0,3,0,1802,"ffn_shexp_gated-18","ffn_shexp-18","shared_expert_gate_sigmoid-18"
339,78,ADD,0,1,1,1804,"ffn_out-18","ffn_moe_out-18","ffn_shexp_gated-18"
339,151,RMS_NORM,0,5,0,2934,"norm-19","indexer_k_pooled-19 (reshaped)",""
340,38,MUL_MAT,0,322,22,619,"attn_output-19","blk.19.attn_output.weight","attn_gated-19"
340,66,SCALE,0,0,0,896,"ffn_moe_inp-19","node_3279",""
340,102,ADD,0,1,9,1750,"ffn_moe_out-19","node_3315","ffn_moe_weighted-19 (view)"
340,106,MUL_MAT,0,35,1,1880,"ffn_shexp-19","blk.19.ffn_down_shexp.weight","ffn_swiglu-19"
340,109,MUL,0,3,1,1891,"ffn_shexp_gated-19","ffn_shexp-19","shared_expert_gate_sigmoid-19"
340,110,ADD,0,1,1,1893,"ffn_out-19","ffn_moe_out-19","ffn_shexp_gated-19"
340,184,RMS_NORM,0,1,0,3451,"norm-20","attn_output-20",""
341,5,MUL_MAT,0,305,9,627,"linear_attn_out-20","blk.20.ssm_out.weight","final_output-20"
341,34,SCALE,0,0,1,879,"ffn_moe_inp-20","node_3433",""
341,70,ADD,0,2,0,1801,"ffn_moe_out-20","node_3469","ffn_moe_weighted-20 (view)"
341,74,MUL_MAT,0,37,2,1927,"ffn_shexp-20","blk.20.ffn_down_shexp.weight","ffn_swiglu-20"
341,77,MUL,0,3,0,1936,"ffn_shexp_gated-20","ffn_shexp-20","shared_expert_gate_sigmoid-20"
341,78,ADD,0,1,3,1941,"ffn_out-20","ffn_moe_out-20","ffn_shexp_gated-20"
341,152,RMS_NORM,0,1,2,3731,"norm-21","attn_output-21",""
342,5,MUL_MAT,0,310,10,632,"linear_attn_out-21","blk.21.ssm_out.weight","final_output-21"
342,34,SCALE,0,0,2,874,"ffn_moe_inp-21","node_3587",""
342,70,ADD,0,1,1,2073,"ffn_moe_out-21","node_3623","ffn_moe_weighted-21 (view)"
342,74,MUL_MAT,0,32,5,2186,"ffn_shexp-21","blk.21.ffn_down_shexp.weight","ffn_swiglu-21"
342,77,MUL,0,3,0,2211,"ffn_shexp_gated-21","ffn_shexp-21","shared_expert_gate_sigmoid-21"
342,78,ADD,0,1,5,2218,"ffn_out-21","ffn_moe_out-21","ffn_shexp_gated-21"
342,152,RMS_NORM,0,1,0,3947,"norm-22","attn_output-22",""
343,5,MUL_MAT,0,318,29,699,"linear_attn_out-22","blk.22.ssm_out.weight","final_output-22"
343,34,SCALE,0,0,1,975,"ffn_moe_inp-22","node_3741",""
343,70,ADD,0,2,0,1772,"ffn_moe_out-22","node_3777","ffn_moe_weighted-22 (view)"
343,74,MUL_MAT,0,32,12,1899,"ffn_shexp-22","blk.22.ffn_down_shexp.weight","ffn_swiglu-22"
343,77,MUL,0,3,0,1913,"ffn_shexp_gated-22","ffn_shexp-22","shared_expert_gate_sigmoid-22"
343,78,ADD,0,2,0,1915,"ffn_out-22","ffn_moe_out-22","ffn_shexp_gated-22"
343,151,RMS_NORM,0,5,0,3034,"norm-23","indexer_k_pooled-23 (reshaped)",""
344,38,MUL_MAT,0,256,67,528,"attn_output-23","blk.23.attn_output.weight","attn_gated-23"
344,66,SCALE,0,0,1,827,"ffn_moe_inp-23","node_3928",""
344,102,ADD,0,1,1,1633,"ffn_moe_out-23","node_3964","ffn_moe_weighted-23 (view)"
344,106,MUL_MAT,0,29,10,1747,"ffn_shexp-23","blk.23.ffn_down_shexp.weight","ffn_swiglu-23"
344,109,MUL,0,2,0,1754,"ffn_shexp_gated-23","ffn_shexp-23","shared_expert_gate_sigmoid-23"
344,110,ADD,0,1,0,1756,"ffn_out-23","ffn_moe_out-23","ffn_shexp_gated-23"
344,184,RMS_NORM,0,0,3,3098,"norm-24","attn_output-24",""
345,5,MUL_MAT,0,255,64,632,"linear_attn_out-24","blk.24.ssm_out.weight","final_output-24"
345,34,SCALE,0,1,1,873,"ffn_moe_inp-24","node_4082",""
345,70,ADD,0,1,1,1765,"ffn_moe_out-24","node_4118","ffn_moe_weighted-24 (view)"
345,74,MUL_MAT,0,30,6,1876,"ffn_shexp-24","blk.24.ffn_down_shexp.weight","ffn_swiglu-24"
345,77,MUL,0,2,0,1893,"ffn_shexp_gated-24","ffn_shexp-24","shared_expert_gate_sigmoid-24"
345,78,ADD,0,1,1,1895,"ffn_out-24","ffn_moe_out-24","ffn_shexp_gated-24"
345,152,RMS_NORM,0,0,2,3275,"norm-25","attn_output-25",""
346,5,MUL_MAT,0,276,84,704,"linear_attn_out-25","blk.25.ssm_out.weight","final_output-25"
346,34,SCALE,0,1,8,1000,"ffn_moe_inp-25","node_4236",""
346,70,ADD,0,1,1,2280,"ffn_moe_out-25","node_4272","ffn_moe_weighted-25 (view)"
346,74,MUL_MAT,0,27,10,2391,"ffn_shexp-25","blk.25.ffn_down_shexp.weight","ffn_swiglu-25"
346,77,MUL,0,2,0,2398,"ffn_shexp_gated-25","ffn_shexp-25","shared_expert_gate_sigmoid-25"
346,78,ADD,0,1,1,2400,"ffn_out-25","ffn_moe_out-25","ffn_shexp_gated-25"
346,152,RMS_NORM,0,1,1,3707,"norm-26","attn_output-26",""
347,5,MUL_MAT,0,295,41,656,"linear_attn_out-26","blk.26.ssm_out.weight","final_output-26"
347,34,SCALE,0,0,1,915,"ffn_moe_inp-26","node_4390",""
347,70,ADD,0,1,0,2757,"ffn_moe_out-26","node_4426","ffn_moe_weighted-26 (view)"
347,74,MUL_MAT,0,30,7,2873,"ffn_shexp-26","blk.26.ffn_down_shexp.weight","ffn_swiglu-26"
347,77,MUL,0,2,1,2881,"ffn_shexp_gated-26","ffn_shexp-26","shared_expert_gate_sigmoid-26"
347,78,ADD,0,1,1,2883,"ffn_out-26","ffn_moe_out-26","ffn_shexp_gated-26"
347,151,RMS_NORM,0,5,0,3906,"norm-27","indexer_k_pooled-27 (reshaped)",""
348,38,MUL_MAT,0,275,74,558,"attn_output-27","blk.27.attn_output.weight","attn_gated-27"
348,66,SCALE,0,0,1,796,"ffn_moe_inp-27","node_4577",""
348,102,ADD,0,1,0,1597,"ffn_moe_out-27","node_4613","ffn_moe_weighted-27 (view)"
348,106,MUL_MAT,0,26,13,1718,"ffn_shexp-27","blk.27.ffn_down_shexp.weight","ffn_swiglu-27"
348,109,MUL,0,2,0,1731,"ffn_shexp_gated-27","ffn_shexp-27","shared_expert_gate_sigmoid-27"
348,110,ADD,0,2,0,1733,"ffn_out-27","ffn_moe_out-27","ffn_shexp_gated-27"
348,184,RMS_NORM,0,1,2,3078,"norm-28","attn_output-28",""
349,5,MUL_MAT,0,296,72,732,"linear_attn_out-28","blk.28.ssm_out.weight","final_output-28"
349,34,SCALE,0,0,2,1027,"ffn_moe_inp-28","node_4731",""
349,70,ADD,0,1,0,2300,"ffn_moe_out-28","node_4767","ffn_moe_weighted-28 (view)"
349,74,MUL_MAT,0,28,7,2410,"ffn_shexp-28","blk.28.ffn_down_shexp.weight","ffn_swiglu-28"
349,77,MUL,0,2,0,2418,"ffn_shexp_gated-28","ffn_shexp-28","shared_expert_gate_sigmoid-28"
349,78,ADD,0,1,1,2420,"ffn_out-28","ffn_moe_out-28","ffn_shexp_gated-28"
349,152,RMS_NORM,0,0,2,3688,"norm-29","attn_output-29",""
350,5,MUL_MAT,0,269,51,644,"linear_attn_out-29","blk.29.ssm_out.weight","final_output-29"
350,34,SCALE,0,0,1,947,"ffn_moe_inp-29","node_4885",""
350,70,ADD,0,2,0,1809,"ffn_moe_out-29","node_4921","ffn_moe_weighted-29 (view)"
350,74,MUL_MAT,0,38,1,1935,"ffn_shexp-29","blk.29.ffn_down_shexp.weight","ffn_swiglu-29"
350,77,MUL,0,2,0,1943,"ffn_shexp_gated-29","ffn_shexp-29","shared_expert_gate_sigmoid-29"
350,78,ADD,0,2,0,1945,"ffn_out-29","ffn_moe_out-29","ffn_shexp_gated-29"
350,152,RMS_NORM,0,0,2,3396,"norm-30","attn_output-30",""
351,5,MUL_MAT,0,275,61,650,"linear_attn_out-30","blk.30.ssm_out.weight","final_output-30"
351,34,SCALE,0,0,5,914,"ffn_moe_inp-30","node_5039",""
351,70,ADD,0,1,4,2676,"ffn_moe_out-30","node_5075","ffn_moe_weighted-30 (view)"
351,74,MUL_MAT,0,30,8,2797,"ffn_shexp-30","blk.30.ffn_down_shexp.weight","ffn_swiglu-30"
351,77,MUL,0,2,0,2805,"ffn_shexp_gated-30","ffn_shexp-30","shared_expert_gate_sigmoid-30"
351,78,ADD,0,1,1,2807,"ffn_out-30","ffn_moe_out-30","ffn_shexp_gated-30"
351,151,RMS_NORM,0,5,0,3830,"norm-31","indexer_k_pooled-31 (reshaped)",""
352,38,MUL_MAT,0,260,61,560,"attn_output-31","blk.31.attn_output.weight","attn_gated-31"
352,66,SCALE,0,1,1,1012,"ffn_moe_inp-31","node_5226",""
352,102,ADD,0,1,1,1783,"ffn_moe_out-31","node_5262","ffn_moe_weighted-31 (view)"
352,106,MUL_MAT,0,31,5,1898,"ffn_shexp-31","blk.31.ffn_down_shexp.weight","ffn_swiglu-31"
352,109,MUL,0,2,0,1905,"ffn_shexp_gated-31","ffn_shexp-31","shared_expert_gate_sigmoid-31"
352,110,ADD,0,1,0,1907,"ffn_out-31","ffn_moe_out-31","ffn_shexp_gated-31"
352,184,RMS_NORM,0,0,7,3214,"norm-32","attn_output-32",""
353,5,MUL_MAT,0,272,60,658,"linear_attn_out-32","blk.32.ssm_out.weight","final_output-32"
353,34,SCALE,0,1,1,969,"ffn_moe_inp-32","node_5380",""
353,70,ADD,0,1,0,2064,"ffn_moe_out-32","node_5416","ffn_moe_weighted-32 (view)"
353,74,MUL_MAT,0,28,109,2321,"ffn_shexp-32","blk.32.ffn_down_shexp.weight","ffn_swiglu-32"
353,77,MUL,0,3,4,2400,"ffn_shexp_gated-32","ffn_shexp-32","shared_expert_gate_sigmoid-32"
353,78,ADD,0,1,7,2408,"ffn_out-32","ffn_moe_out-32","ffn_shexp_gated-32"
353,152,RMS_NORM,0,0,2,3759,"norm-33","attn_output-33",""
354,5,MUL_MAT,0,260,71,658,"linear_attn_out-33","blk.33.ssm_out.weight","final_output-33"
354,34,SCALE,0,1,0,885,"ffn_moe_inp-33","node_5534",""
354,70,ADD,0,1,0,1644,"ffn_moe_out-33","node_5570","ffn_moe_weighted-33 (view)"
354,74,MUL_MAT,0,32,9,1759,"ffn_shexp-33","blk.33.ffn_down_shexp.weight","ffn_swiglu-33"
354,77,MUL,0,2,0,1766,"ffn_shexp_gated-33","ffn_shexp-33","shared_expert_gate_sigmoid-33"
354,78,ADD,0,1,1,1768,"ffn_out-33","ffn_moe_out-33","ffn_shexp_gated-33"
354,152,RMS_NORM,0,0,1,3085,"norm-34","attn_output-34",""
355,5,MUL_MAT,0,288,59,694,"linear_attn_out-34","blk.34.ssm_out.weight","final_output-34"
355,34,SCALE,0,0,1,1190,"ffn_moe_inp-34","node_5688",""
355,70,ADD,0,2,0,1988,"ffn_moe_out-34","node_5724","ffn_moe_weighted-34 (view)"
355,74,MUL_MAT,0,33,2,2098,"ffn_shexp-34","blk.34.ffn_down_shexp.weight","ffn_swiglu-34"
355,77,MUL,0,3,1,2108,"ffn_shexp_gated-34","ffn_shexp-34","shared_expert_gate_sigmoid-34"
355,78,ADD,0,1,1,2110,"ffn_out-34","ffn_moe_out-34","ffn_shexp_gated-34"
355,151,RMS_NORM,0,8,1,3098,"norm-35","indexer_k_pooled-35 (reshaped)",""
356,38,MUL_MAT,0,299,15,525,"attn_output-35","blk.35.attn_output.weight","attn_gated-35"
356,66,SCALE,0,0,1,794,"ffn_moe_inp-35","node_5875",""
356,102,ADD,0,2,0,1619,"ffn_moe_out-35","node_5911","ffn_moe_weighted-35 (view)"
356,106,MUL_MAT,0,33,2,1728,"ffn_shexp-35","blk.35.ffn_down_shexp.weight","ffn_swiglu-35"
356,109,MUL,0,3,0,1737,"ffn_shexp_gated-35","ffn_shexp-35","shared_expert_gate_sigmoid-35"
356,110,ADD,0,1,1,1740,"ffn_out-35","ffn_moe_out-35","ffn_shexp_gated-35"
356,184,RMS_NORM,0,1,7,3270,"norm-36","attn_output-36",""
357,5,MUL_MAT,0,256,105,706,"linear_attn_out-36","blk.36.ssm_out.weight","final_output-36"
357,34,SCALE,0,0,7,1018,"ffn_moe_inp-36","node_6029",""
357,70,ADD,0,1,0,1773,"ffn_moe_out-36","node_6065","ffn_moe_weighted-36 (view)"
357,74,MUL_MAT,0,29,7,1920,"ffn_shexp-36","blk.36.ffn_down_shexp.weight","ffn_swiglu-36"
357,77,MUL,0,2,0,1927,"ffn_shexp_gated-36","ffn_shexp-36","shared_expert_gate_sigmoid-36"
357,78,ADD,0,1,1,1929,"ffn_out-36","ffn_moe_out-36","ffn_shexp_gated-36"
357,152,RMS_NORM,0,1,1,3375,"norm-37","attn_output-37",""
358,5,MUL_MAT,0,331,19,685,"linear_attn_out-37","blk.37.ssm_out.weight","final_output-37"
358,34,SCALE,0,1,1,953,"ffn_moe_inp-37","node_6183",""
358,70,ADD,0,2,0,1858,"ffn_moe_out-37","node_6219","ffn_moe_weighted-37 (view)"
358,74,MUL_MAT,0,35,3,1972,"ffn_shexp-37","blk.37.ffn_down_shexp.weight","ffn_swiglu-37"
358,77,MUL,0,3,1,1985,"ffn_shexp_gated-37","ffn_shexp-37","shared_expert_gate_sigmoid-37"
358,78,ADD,0,1,14,2000,"ffn_out-37","ffn_moe_out-37","ffn_shexp_gated-37"
358,152,RMS_NORM,0,0,1,3549,"norm-38","attn_output-38",""
359,5,MUL_MAT,0,310,3,627,"linear_attn_out-38","blk.38.ssm_out.weight","final_output-38"
359,34,SCALE,0,0,1,871,"ffn_moe_inp-38","node_6337",""
359,70,ADD,0,2,0,1766,"ffn_moe_out-38","node_6373","ffn_moe_weighted-38 (view)"
359,74,MUL_MAT,0,37,5,1894,"ffn_shexp-38","blk.38.ffn_down_shexp.weight","ffn_swiglu-38"
359,77,MUL,0,3,0,1904,"ffn_shexp_gated-38","ffn_shexp-38","shared_expert_gate_sigmoid-38"
359,78,ADD,0,1,1,1907,"ffn_out-38","ffn_moe_out-38","ffn_shexp_gated-38"
359,87,ADD,0,2,1,1942,"l_last-38","hc_combine-38","node_6390"
360,0,GET_ROWS,0,17,0,17,"model.input_embed","token_embd.weight","inp_tokens"
360,69,RMS_NORM,0,0,5,1799,"norm-0","attn_output-0",""
361,5,MUL_MAT,0,327,57,696,"linear_attn_out-0","blk.0.ssm_out.weight","final_output-0"
361,34,SCALE,0,0,1,970,"ffn_moe_inp-0","node_104",""
361,70,ADD,0,2,1,1777,"ffn_moe_out-0","node_140","ffn_moe_weighted-0 (view)"
361,93,MUL_MAT,0,37,3,2693,"ffn_shexp-0","blk.0.ffn_down_shexp.weight","ffn_swiglu-0"
361,96,MUL,0,3,1,2707,"ffn_shexp_gated-0","ffn_shexp-0","shared_expert_gate_sigmoid-0"
361,97,ADD,0,2,1,2710,"ffn_out-0","ffn_moe_out-0","ffn_shexp_gated-0"
361,236,RMS_NORM,0,1,0,4854,"norm-1","attn_output-1",""
362,5,MUL_MAT,0,309,13,633,"linear_attn_out-1","blk.1.ssm_out.weight","final_output-1"
362,34,SCALE,0,0,1,902,"ffn_moe_inp-1","node_342",""
362,70,ADD,0,1,0,1686,"ffn_moe_out-1","node_378","ffn_moe_weighted-1 (view)"
362,74,MUL_MAT,0,36,2,1807,"ffn_shexp-1","blk.1.ffn_down_shexp.weight","ffn_swiglu-1"
362,77,MUL,0,3,0,1822,"ffn_shexp_gated-1","ffn_shexp-1","shared_expert_gate_sigmoid-1"
362,78,ADD,0,1,0,1824,"ffn_out-1","ffn_moe_out-1","ffn_shexp_gated-1"
362,152,RMS_NORM,0,1,96,3441,"norm-2","attn_output-2",""
363,5,MUL_MAT,0,332,1,662,"linear_attn_out-2","blk.2.ssm_out.weight","final_output-2"
363,34,SCALE,0,0,2,943,"ffn_moe_inp-2","node_496",""
363,70,ADD,0,1,1,2259,"ffn_moe_out-2","node_532","ffn_moe_weighted-2 (view)"
363,74,MUL_MAT,0,31,6,2376,"ffn_shexp-2","blk.2.ffn_down_shexp.weight","ffn_swiglu-2"
363,77,MUL,0,2,1,2391,"ffn_shexp_gated-2","ffn_shexp-2","shared_expert_gate_sigmoid-2"
363,78,ADD,0,1,1,2393,"ffn_out-2","ffn_moe_out-2","ffn_shexp_gated-2"
363,151,RMS_NORM,0,4,1,3451,"norm-3","indexer_k_pooled-3 (reshaped)",""
364,38,MUL_MAT,0,237,85,558,"attn_output-3","blk.3.attn_output.weight","attn_gated-3"
364,66,SCALE,0,1,1,835,"ffn_moe_inp-3","node_683",""
364,102,ADD,0,0,1,1627,"ffn_moe_out-3","node_719","ffn_moe_weighted-3 (view)"
364,106,MUL_MAT,0,23,27,1753,"ffn_shexp-3","blk.3.ffn_down_shexp.weight","ffn_swiglu-3"
364,109,MUL,0,2,0,1761,"ffn_shexp_gated-3","ffn_shexp-3","shared_expert_gate_sigmoid-3"
364,110,ADD,0,1,1,1763,"ffn_out-3","ffn_moe_out-3","ffn_shexp_gated-3"
364,184,RMS_NORM,0,1,1,3538,"norm-4","attn_output-4",""
365,5,MUL_MAT,0,351,1,672,"linear_attn_out-4","blk.4.ssm_out.weight","final_output-4"
365,34,SCALE,0,0,1,937,"ffn_moe_inp-4","node_837",""
365,70,ADD,0,1,1,1869,"ffn_moe_out-4","node_873","ffn_moe_weighted-4 (view)"
365,74,MUL_MAT,0,38,6,2006,"ffn_shexp-4","blk.4.ffn_down_shexp.weight","ffn_swiglu-4"
365,77,MUL,0,3,0,2015,"ffn_shexp_gated-4","ffn_shexp-4","shared_expert_gate_sigmoid-4"
365,78,ADD,0,2,8,2025,"ffn_out-4","ffn_moe_out-4","ffn_shexp_gated-4"
365,152,RMS_NORM,0,0,1,3599,"norm-5","attn_output-5",""
366,5,MUL_MAT,0,345,1,683,"linear_attn_out-5","blk.5.ssm_out.weight","final_output-5"
366,34,SCALE,0,0,1,1001,"ffn_moe_inp-5","node_991",""
366,70,ADD,0,1,0,1897,"ffn_moe_out-5","node_1027","ffn_moe_weighted-5 (view)"
366,74,MUL_MAT,0,20,17,2013,"ffn_shexp-5","blk.5.ffn_down_shexp.weight","ffn_swiglu-5"
366,77,MUL,0,1,8,2027,"ffn_shexp_gated-5","ffn_shexp-5","shared_expert_gate_sigmoid-5"
366,78,ADD,0,0,1,2029,"ffn_out-5","ffn_moe_out-5","ffn_shexp_gated-5"
366,152,RMS_NORM,0,0,0,3311,"norm-6","attn_output-6",""
367,5,MUL_MAT,0,269,81,687,"linear_attn_out-6","blk.6.ssm_out.weight","final_output-6"
367,34,SCALE,0,0,2,933,"ffn_moe_inp-6","node_1145",""
367,70,ADD,0,1,4,1773,"ffn_moe_out-6","node_1181","ffn_moe_weighted-6 (view)"
367,74,MUL_MAT,0,33,12,1915,"ffn_shexp-6","blk.6.ffn_down_shexp.weight","ffn_swiglu-6"
367,77,MUL,0,2,1,1922,"ffn_shexp_gated-6","ffn_shexp-6","shared_expert_gate_sigmoid-6"
367,78,ADD,0,1,5,1928,"ffn_out-6","ffn_moe_out-6","ffn_shexp_gated-6"
367,151,RMS_NORM,0,4,0,3050,"norm-7","indexer_k_pooled-7 (reshaped)",""
368,38,MUL_MAT,0,261,62,620,"attn_output-7","blk.7.attn_output.weight","attn_gated-7"
368,66,SCALE,0,0,16,870,"ffn_moe_inp-7","node_1332",""
368,102,ADD,0,1,0,1754,"ffn_moe_out-7","node_1368","ffn_moe_weighted-7 (view)"
368,106,MUL_MAT,0,18,17,1872,"ffn_shexp-7","blk.7.ffn_down_shexp.weight","ffn_swiglu-7"
368,109,MUL,0,1,1,1880,"ffn_shexp_gated-7","ffn_shexp-7","shared_expert_gate_sigmoid-7"
368,110,ADD,0,1,1,1882,"ffn_out-7","ffn_moe_out-7","ffn_shexp_gated-7"
368,184,RMS_NORM,0,1,1,3547,"norm-8","attn_output-8",""
369,5,MUL_MAT,0,287,75,727,"linear_attn_out-8","blk.8.ssm_out.weight","final_output-8"
369,34,SCALE,0,0,1,1000,"ffn_moe_inp-8","node_1486",""
369,70,ADD,0,1,1,1923,"ffn_moe_out-8","node_1522","ffn_moe_weighted-8 (view)"
369,74,MUL_MAT,0,32,13,2075,"ffn_shexp-8","blk.8.ffn_down_shexp.weight","ffn_swiglu-8"
369,77,MUL,0,2,0,2083,"ffn_shexp_gated-8","ffn_shexp-8","shared_expert_gate_sigmoid-8"
369,78,ADD,0,2,0,2085,"ffn_out-8","ffn_moe_out-8","ffn_shexp_gated-8"
369,152,RMS_NORM,0,0,2,3430,"norm-9","attn_output-9",""
370,5,MUL_MAT,0,287,51,659,"linear_attn_out-9","blk.9.ssm_out.weight","final_output-9"
370,34,SCALE,0,1,2,898,"ffn_moe_inp-9","node_1640",""
370,70,ADD,0,1,0,1673,"ffn_moe_out-9","node_1676","ffn_moe_weighted-9 (view)"
370,74,MUL_MAT,0,29,8,1800,"ffn_shexp-9","blk.9.ffn_down_shexp.weight","ffn_swiglu-9"
370,77,MUL,0,3,0,1809,"ffn_shexp_gated-9","ffn_shexp-9","shared_expert_gate_sigmoid-9"
370,78,ADD,0,1,1,1811,"ffn_out-9","ffn_moe_out-9","ffn_shexp_gated-9"
370,152,RMS_NORM,0,0,16,3239,"norm-10","attn_output-10",""
371,5,MUL_MAT,0,265,67,679,"linear_attn_out-10","blk.10.ssm_out.weight","final_output-10"
371,34,SCALE,0,0,2,916,"ffn_moe_inp-10","node_1794",""
371,70,ADD,0,1,0,2318,"ffn_moe_out-10","node_1830","ffn_moe_weighted-10 (view)"
371,74,MUL_MAT,0,31,6,2444,"ffn_shexp-10","blk.10.ffn_down_shexp.weight","ffn_swiglu-10"
371,77,MUL,0,2,0,2451,"ffn_shexp_gated-10","ffn_shexp-10","shared_expert_gate_sigmoid-10"
371,78,ADD,0,1,1,2453,"ffn_out-10","ffn_moe_out-10","ffn_shexp_gated-10"
371,151,RMS_NORM,0,5,0,3539,"norm-11","indexer_k_pooled-11 (reshaped)",""
372,38,MUL_MAT,0,261,73,592,"attn_output-11","blk.11.attn_output.weight","attn_gated-11"
372,66,SCALE,0,0,2,845,"ffn_moe_inp-11","node_1981",""
372,102,ADD,0,1,1,2122,"ffn_moe_out-11","node_2017","ffn_moe_weighted-11 (view)"
372,106,MUL_MAT,0,29,7,2247,"ffn_shexp-11","blk.11.ffn_down_shexp.weight","ffn_swiglu-11"
372,109,MUL,0,2,0,2255,"ffn_shexp_gated-11","ffn_shexp-11","shared_expert_gate_sigmoid-11"
372,110,ADD,0,1,1,2257,"ffn_out-11","ffn_moe_out-11","ffn_shexp_gated-11"
372,184,RMS_NORM,0,0,2,3820,"norm-12","attn_output-12",""
373,5,MUL_MAT,0,255,68,632,"linear_attn_out-12","blk.12.ssm_out.weight","final_output-12"
373,34,SCALE,0,0,2,864,"ffn_moe_inp-12","node_2135",""
373,70,ADD,0,1,0,2200,"ffn_moe_out-12","node_2171","ffn_moe_weighted-12 (view)"
373,74,MUL_MAT,0,30,8,2334,"ffn_shexp-12","blk.12.ffn_down_shexp.weight","ffn_swiglu-12"
373,77,MUL,0,2,1,2342,"ffn_shexp_gated-12","ffn_shexp-12","shared_expert_gate_sigmoid-12"
373,78,ADD,0,1,1,2344,"ffn_out-12","ffn_moe_out-12","ffn_shexp_gated-12"
373,152,RMS_NORM,0,1,1,3724,"norm-13","attn_output-13",""
374,5,MUL_MAT,0,252,76,649,"linear_attn_out-13","blk.13.ssm_out.weight","final_output-13"
374,34,SCALE,0,0,1,878,"ffn_moe_inp-13","node_2289",""
374,70,ADD,0,1,1,1659,"ffn_moe_out-13","node_2325","ffn_moe_weighted-13 (view)"
374,74,MUL_MAT,0,31,5,1771,"ffn_shexp-13","blk.13.ffn_down_shexp.weight","ffn_swiglu-13"
374,77,MUL,0,2,1,1780,"ffn_shexp_gated-13","ffn_shexp-13","shared_expert_gate_sigmoid-13"
374,78,ADD,0,1,1,1782,"ffn_out-13","ffn_moe_out-13","ffn_shexp_gated-13"
374,152,RMS_NORM,0,0,2,3216,"norm-14","attn_output-14",""
375,5,MUL_MAT,0,273,110,730,"linear_attn_out-14","blk.14.ssm_out.weight","final_output-14"
375,34,SCALE,0,0,2,1221,"ffn_moe_inp-14","node_2443",""
375,70,ADD,0,1,1,2369,"ffn_moe_out-14","node_2479","ffn_moe_weighted-14 (view)"
375,74,MUL_MAT,0,29,8,2478,"ffn_shexp-14","blk.14.ffn_down_shexp.weight","ffn_swiglu-14"
375,77,MUL,0,1,1,2489,"ffn_shexp_gated-14","ffn_shexp-14","shared_expert_gate_sigmoid-14"
375,78,ADD,0,1,0,2490,"ffn_out-14","ffn_moe_out-14","ffn_shexp_gated-14"
375,151,RMS_NORM,0,4,1,3603,"norm-15","indexer_k_pooled-15 (reshaped)",""
376,38,MUL_MAT,0,251,55,528,"attn_output-15","blk.15.attn_output.weight","attn_gated-15"
376,66,SCALE,0,0,2,843,"ffn_moe_inp-15","node_2630",""
376,102,ADD,0,2,0,1639,"ffn_moe_out-15","node_2666","ffn_moe_weighted-15 (view)"
376,106,MUL_MAT,0,29,16,1760,"ffn_shexp-15","blk.15.ffn_down_shexp.weight","ffn_swiglu-15"
376,109,MUL,0,1,1,1767,"ffn_shexp_gated-15","ffn_shexp-15","shared_expert_gate_sigmoid-15"
376,110,ADD,0,1,0,1768,"ffn_out-15","ffn_moe_out-15","ffn_shexp_gated-15"
376,184,RMS_NORM,0,1,1,3344,"norm-16","attn_output-16",""
377,5,MUL_MAT,0,280,56,655,"linear_attn_out-16","blk.16.ssm_out.weight","final_output-16"
377,34,SCALE,0,0,2,892,"ffn_moe_inp-16","node_2784",""
377,70,ADD,0,1,0,1684,"ffn_moe_out-16","node_2820","ffn_moe_weighted-16 (view)"
377,74,MUL_MAT,0,31,4,1796,"ffn_shexp-16","blk.16.ffn_down_shexp.weight","ffn_swiglu-16"
377,77,MUL,0,2,0,1804,"ffn_shexp_gated-16","ffn_shexp-16","shared_expert_gate_sigmoid-16"
377,78,ADD,0,1,0,1806,"ffn_out-16","ffn_moe_out-16","ffn_shexp_gated-16"
377,152,RMS_NORM,0,0,1,3095,"norm-17","attn_output-17",""
378,5,MUL_MAT,0,276,73,697,"linear_attn_out-17","blk.17.ssm_out.weight","final_output-17"
378,34,SCALE,0,1,1,945,"ffn_moe_inp-17","node_2938",""
378,70,ADD,0,1,0,1917,"ffn_moe_out-17","node_2974","ffn_moe_weighted-17 (view)"
378,74,MUL_MAT,0,50,0,2055,"ffn_shexp-17","blk.17.ffn_down_shexp.weight","ffn_swiglu-17"
378,77,MUL,0,2,0,2070,"ffn_shexp_gated-17","ffn_shexp-17","shared_expert_gate_sigmoid-17"
378,78,ADD,0,1,1,2072,"ffn_out-17","ffn_moe_out-17","ffn_shexp_gated-17"
378,152,RMS_NORM,0,0,2,3403,"norm-18","attn_output-18",""
379,5,MUL_MAT,0,292,46,659,"linear_attn_out-18","blk.18.ssm_out.weight","final_output-18"
379,34,SCALE,0,0,1,895,"ffn_moe_inp-18","node_3092",""
379,70,ADD,0,1,0,1733,"ffn_moe_out-18","node_3128","ffn_moe_weighted-18 (view)"
379,74,MUL_MAT,0,32,13,1864,"ffn_shexp-18","blk.18.ffn_down_shexp.weight","ffn_swiglu-18"
379,77,MUL,0,2,1,1873,"ffn_shexp_gated-18","ffn_shexp-18","shared_expert_gate_sigmoid-18"
379,78,ADD,0,1,0,1874,"ffn_out-18","ffn_moe_out-18","ffn_shexp_gated-18"
379,151,RMS_NORM,0,4,1,2928,"norm-19","indexer_k_pooled-19 (reshaped)",""
380,38,MUL_MAT,0,273,44,551,"attn_output-19","blk.19.attn_output.weight","attn_gated-19"
380,66,SCALE,0,0,1,788,"ffn_moe_inp-19","node_3279",""
380,102,ADD,0,1,0,2017,"ffn_moe_out-19","node_3315","ffn_moe_weighted-19 (view)"
380,106,MUL_MAT,0,31,4,2122,"ffn_shexp-19","blk.19.ffn_down_shexp.weight","ffn_swiglu-19"
380,109,MUL,0,2,0,2141,"ffn_shexp_gated-19","ffn_shexp-19","shared_expert_gate_sigmoid-19"
380,110,ADD,0,1,0,2143,"ffn_out-19","ffn_moe_out-19","ffn_shexp_gated-19"
380,184,RMS_NORM,0,0,14,3493,"norm-20","attn_output-20",""
381,5,MUL_MAT,0,284,103,835,"linear_attn_out-20","blk.20.ssm_out.weight","final_output-20"
381,34,SCALE,0,0,1,1097,"ffn_moe_inp-20","node_3433",""
381,70,ADD,0,1,1,2053,"ffn_moe_out-20","node_3469","ffn_moe_weighted-20 (view)"
381,74,MUL_MAT,0,34,7,2174,"ffn_shexp-20","blk.20.ffn_down_shexp.weight","ffn_swiglu-20"
381,77,MUL,0,3,1,2186,"ffn_shexp_gated-20","ffn_shexp-20","shared_expert_gate_sigmoid-20"
381,78,ADD,0,1,1,2188,"ffn_out-20","ffn_moe_out-20","ffn_shexp_gated-20"
381,152,RMS_NORM,0,0,1,3725,"norm-21","attn_output-21",""
382,5,MUL_MAT,0,311,0,608,"linear_attn_out-21","blk.21.ssm_out.weight","final_output-21"
382,34,SCALE,0,0,2,857,"ffn_moe_inp-21","node_3587",""
382,70,ADD,0,2,0,1718,"ffn_moe_out-21","node_3623","ffn_moe_weighted-21 (view)"
382,74,MUL_MAT,0,35,2,1842,"ffn_shexp-21","blk.21.ffn_down_shexp.weight","ffn_swiglu-21"
382,77,MUL,0,3,0,1852,"ffn_shexp_gated-21","ffn_shexp-21","shared_expert_gate_sigmoid-21"
382,78,ADD,0,1,3,1857,"ffn_out-21","ffn_moe_out-21","ffn_shexp_gated-21"
382,152,RMS_NORM,0,1,2,3513,"norm-22","attn_output-22",""
383,5,MUL_MAT,0,339,1,662,"linear_attn_out-22","blk.22.ssm_out.weight","final_output-22"
383,34,SCALE,0,0,11,958,"ffn_moe_inp-22","node_3741",""
383,70,ADD,0,2,0,1746,"ffn_moe_out-22","node_3777","ffn_moe_weighted-22 (view)"
383,74,MUL_MAT,0,37,3,1868,"ffn_shexp-22","blk.22.ffn_down_shexp.weight","ffn_swiglu-22"
383,77,MUL,0,3,0,1882,"ffn_shexp_gated-22","ffn_shexp-22","shared_expert_gate_sigmoid-22"
383,78,ADD,0,1,0,1884,"ffn_out-22","ffn_moe_out-22","ffn_shexp_gated-22"
383,151,RMS_NORM,0,8,1,3045,"norm-23","indexer_k_pooled-23 (reshaped)",""
384,38,MUL_MAT,0,349,3,592,"attn_output-23","blk.23.attn_output.weight","attn_gated-23"
384,66,SCALE,0,1,0,867,"ffn_moe_inp-23","node_3928",""
384,102,ADD,0,1,1,1684,"ffn_moe_out-23","node_3964","ffn_moe_weighted-23 (view)"
384,106,MUL_MAT,0,22,14,1800,"ffn_shexp-23","blk.23.ffn_down_shexp.weight","ffn_swiglu-23"
384,109,MUL,0,2,0,1808,"ffn_shexp_gated-23","ffn_shexp-23","shared_expert_gate_sigmoid-23"
384,110,ADD,0,1,1,1810,"ffn_out-23","ffn_moe_out-23","ffn_shexp_gated-23"
384,184,RMS_NORM,0,0,1,3044,"norm-24","attn_output-24",""
385,5,MUL_MAT,0,168,155,674,"linear_attn_out-24","blk.24.ssm_out.weight","final_output-24"
385,34,SCALE,0,0,2,925,"ffn_moe_inp-24","node_4082",""
385,70,ADD,0,2,0,1922,"ffn_moe_out-24","node_4118","ffn_moe_weighted-24 (view)"
385,74,MUL_MAT,0,41,2,2065,"ffn_shexp-24","blk.24.ffn_down_shexp.weight","ffn_swiglu-24"
385,77,MUL,0,3,0,2099,"ffn_shexp_gated-24","ffn_shexp-24","shared_expert_gate_sigmoid-24"
385,78,ADD,0,1,0,2101,"ffn_out-24","ffn_moe_out-24","ffn_shexp_gated-24"
385,152,RMS_NORM,0,0,1,3985,"norm-25","attn_output-25",""
386,5,MUL_MAT,0,330,11,673,"linear_attn_out-25","blk.25.ssm_out.weight","final_output-25"
386,34,SCALE,0,0,2,936,"ffn_moe_inp-25","node_4236",""
386,70,ADD,0,1,1,1800,"ffn_moe_out-25","node_4272","ffn_moe_weighted-25 (view)"
386,74,MUL_MAT,0,34,3,1914,"ffn_shexp-25","blk.25.ffn_down_shexp.weight","ffn_swiglu-25"
386,77,MUL,0,3,1,1926,"ffn_shexp_gated-25","ffn_shexp-25","shared_expert_gate_sigmoid-25"
386,78,ADD,0,1,1,1928,"ffn_out-25","ffn_moe_out-25","ffn_shexp_gated-25"
386,152,RMS_NORM,0,1,1,3544,"norm-26","attn_output-26",""
387,5,MUL_MAT,0,335,4,689,"linear_attn_out-26","blk.26.ssm_out.weight","final_output-26"
387,34,SCALE,0,0,2,976,"ffn_moe_inp-26","node_4390",""
387,70,ADD,0,1,1,2455,"ffn_moe_out-26","node_4426","ffn_moe_weighted-26 (view)"
387,74,MUL_MAT,0,30,11,2581,"ffn_shexp-26","blk.26.ffn_down_shexp.weight","ffn_swiglu-26"
387,77,MUL,0,2,0,2589,"ffn_shexp_gated-26","ffn_shexp-26","shared_expert_gate_sigmoid-26"
387,78,ADD,0,1,0,2591,"ffn_out-26","ffn_moe_out-26","ffn_shexp_gated-26"
387,151,RMS_NORM,0,4,1,3615,"norm-27","indexer_k_pooled-27 (reshaped)",""
388,38,MUL_MAT,0,250,62,527,"attn_output-27","blk.27.attn_output.weight","attn_gated-27"
388,66,SCALE,0,0,1,771,"ffn_moe_inp-27","node_4577",""
388,102,ADD,0,1,1,1657,"ffn_moe_out-27","node_4613","ffn_moe_weighted-27 (view)"
388,106,MUL_MAT,0,38,5,1785,"ffn_shexp-27","blk.27.ffn_down_shexp.weight","ffn_swiglu-27"
388,109,MUL,0,1,1,1793,"ffn_shexp_gated-27","ffn_shexp-27","shared_expert_gate_sigmoid-27"
388,110,ADD,0,2,0,1795,"ffn_out-27","ffn_moe_out-27","ffn_shexp_gated-27"
388,184,RMS_NORM,0,1,2,3189,"norm-28","attn_output-28",""
389,5,MUL_MAT,0,272,63,720,"linear_attn_out-28","blk.28.ssm_out.weight","final_output-28"
389,34,SCALE,0,0,1,972,"ffn_moe_inp-28","node_4731",""
389,70,ADD,0,1,0,1834,"ffn_moe_out-28","node_4767","ffn_moe_weighted-28 (view)"
389,74,MUL_MAT,0,31,8,1955,"ffn_shexp-28","blk.28.ffn_down_shexp.weight","ffn_swiglu-28"
389,77,MUL,0,2,0,1963,"ffn_shexp_gated-28","ffn_shexp-28","shared_expert_gate_sigmoid-28"
389,78,ADD,0,1,0,1965,"ffn_out-28","ffn_moe_out-28","ffn_shexp_gated-28"
389,152,RMS_NORM,0,0,2,3334,"norm-29","attn_output-29",""
390,5,MUL_MAT,0,301,55,722,"linear_attn_out-29","blk.29.ssm_out.weight","final_output-29"
390,34,SCALE,0,0,6,1015,"ffn_moe_inp-29","node_4885",""
390,70,ADD,0,1,1,2065,"ffn_moe_out-29","node_4921","ffn_moe_weighted-29 (view)"
390,74,MUL_MAT,0,29,7,2196,"ffn_shexp-29","blk.29.ffn_down_shexp.weight","ffn_swiglu-29"
390,77,MUL,0,2,1,2205,"ffn_shexp_gated-29","ffn_shexp-29","shared_expert_gate_sigmoid-29"
390,78,ADD,0,1,1,2207,"ffn_out-29","ffn_moe_out-29","ffn_shexp_gated-29"
390,152,RMS_NORM,0,0,2,3562,"norm-30","attn_output-30",""
391,5,MUL_MAT,0,275,49,637,"linear_attn_out-30","blk.30.ssm_out.weight","final_output-30"
391,34,SCALE,0,0,2,875,"ffn_moe_inp-30","node_5039",""
391,70,ADD,0,1,0,2615,"ffn_moe_out-30","node_5075","ffn_moe_weighted-30 (view)"
391,74,MUL_MAT,0,29,13,2737,"ffn_shexp-30","blk.30.ffn_down_shexp.weight","ffn_swiglu-30"
391,77,MUL,0,2,1,2754,"ffn_shexp_gated-30","ffn_shexp-30","shared_expert_gate_sigmoid-30"
391,78,ADD,0,1,4,2759,"ffn_out-30","ffn_moe_out-30","ffn_shexp_gated-30"
391,151,RMS_NORM,0,4,1,3787,"norm-31","indexer_k_pooled-31 (reshaped)",""
392,38,MUL_MAT,0,264,46,529,"attn_output-31","blk.31.attn_output.weight","attn_gated-31"
392,66,SCALE,0,1,1,756,"ffn_moe_inp-31","node_5226",""
392,102,ADD,0,2,0,1507,"ffn_moe_out-31","node_5262","ffn_moe_weighted-31 (view)"
392,106,MUL_MAT,0,28,6,1612,"ffn_shexp-31","blk.31.ffn_down_shexp.weight","ffn_swiglu-31"
392,109,MUL,0,2,0,1619,"ffn_shexp_gated-31","ffn_shexp-31","shared_expert_gate_sigmoid-31"
392,110,ADD,0,1,1,1621,"ffn_out-31","ffn_moe_out-31","ffn_shexp_gated-31"
392,184,RMS_NORM,0,0,2,2874,"norm-32","attn_output-32",""
393,5,MUL_MAT,0,284,58,662,"linear_attn_out-32","blk.32.ssm_out.weight","final_output-32"
393,34,SCALE,0,0,1,926,"ffn_moe_inp-32","node_5380",""
393,70,ADD,0,1,1,1785,"ffn_moe_out-32","node_5416","ffn_moe_weighted-32 (view)"
393,74,MUL_MAT,0,34,5,1937,"ffn_shexp-32","blk.32.ffn_down_shexp.weight","ffn_swiglu-32"
393,77,MUL,0,3,1,1948,"ffn_shexp_gated-32","ffn_shexp-32","shared_expert_gate_sigmoid-32"
393,78,ADD,0,1,1,1951,"ffn_out-32","ffn_moe_out-32","ffn_shexp_gated-32"
393,152,RMS_NORM,0,1,1,3550,"norm-33","attn_output-33",""
394,5,MUL_MAT,0,304,8,614,"linear_attn_out-33","blk.33.ssm_out.weight","final_output-33"
394,34,SCALE,0,0,2,869,"ffn_moe_inp-33","node_5534",""
394,70,ADD,0,1,1,1730,"ffn_moe_out-33","node_5570","ffn_moe_weighted-33 (view)"
394,74,MUL_MAT,0,37,1,1864,"ffn_shexp-33","blk.33.ffn_down_shexp.weight","ffn_swiglu-33"
394,77,MUL,0,3,1,1874,"ffn_shexp_gated-33","ffn_shexp-33","shared_expert_gate_sigmoid-33"
394,78,ADD,0,2,0,1876,"ffn_out-33","ffn_moe_out-33","ffn_shexp_gated-33"
394,152,RMS_NORM,0,0,1,3519,"norm-34","attn_output-34",""
395,5,MUL_MAT,0,294,17,605,"linear_attn_out-34","blk.34.ssm_out.weight","final_output-34"
395,34,SCALE,0,0,1,882,"ffn_moe_inp-34","node_5688",""
395,70,ADD,0,1,1,1670,"ffn_moe_out-34","node_5724","ffn_moe_weighted-34 (view)"
395,74,MUL_MAT,0,39,0,1798,"ffn_shexp-34","blk.34.ffn_down_shexp.weight","ffn_swiglu-34"
395,77,MUL,0,3,0,1808,"ffn_shexp_gated-34","ffn_shexp-34","shared_expert_gate_sigmoid-34"
395,78,ADD,0,1,0,1810,"ffn_out-34","ffn_moe_out-34","ffn_shexp_gated-34"
395,151,RMS_NORM,0,8,1,2852,"norm-35","indexer_k_pooled-35 (reshaped)",""
396,38,MUL_MAT,0,308,20,578,"attn_output-35","blk.35.attn_output.weight","attn_gated-35"
396,66,SCALE,0,1,1,850,"ffn_moe_inp-35","node_5875",""
396,102,ADD,0,1,1,1712,"ffn_moe_out-35","node_5911","ffn_moe_weighted-35 (view)"
396,106,MUL_MAT,0,34,8,1831,"ffn_shexp-35","blk.35.ffn_down_shexp.weight","ffn_swiglu-35"
396,109,MUL,0,3,0,1840,"ffn_shexp_gated-35","ffn_shexp-35","shared_expert_gate_sigmoid-35"
396,110,ADD,0,2,25,1867,"ffn_out-35","ffn_moe_out-35","ffn_shexp_gated-35"
396,184,RMS_NORM,0,1,0,3462,"norm-36","attn_output-36",""
397,5,MUL_MAT,0,301,14,610,"linear_attn_out-36","blk.36.ssm_out.weight","final_output-36"
397,34,SCALE,0,0,2,862,"ffn_moe_inp-36","node_6029",""
397,70,ADD,0,1,1,1799,"ffn_moe_out-36","node_6065","ffn_moe_weighted-36 (view)"
397,74,MUL_MAT,0,37,2,1926,"ffn_shexp-36","blk.36.ffn_down_shexp.weight","ffn_swiglu-36"
397,77,MUL,0,3,0,1937,"ffn_shexp_gated-36","ffn_shexp-36","shared_expert_gate_sigmoid-36"
397,78,ADD,0,1,0,1939,"ffn_out-36","ffn_moe_out-36","ffn_shexp_gated-36"
397,152,RMS_NORM,0,1,0,3762,"norm-37","attn_output-37",""
398,5,MUL_MAT,0,313,12,643,"linear_attn_out-37","blk.37.ssm_out.weight","final_output-37"
398,34,SCALE,0,0,2,928,"ffn_moe_inp-37","node_6183",""
398,70,ADD,0,1,0,1724,"ffn_moe_out-37","node_6219","ffn_moe_weighted-37 (view)"
398,74,MUL_MAT,0,34,2,1835,"ffn_shexp-37","blk.37.ffn_down_shexp.weight","ffn_swiglu-37"
398,77,MUL,0,3,0,1845,"ffn_shexp_gated-37","ffn_shexp-37","shared_expert_gate_sigmoid-37"
398,78,ADD,0,2,0,1847,"ffn_out-37","ffn_moe_out-37","ffn_shexp_gated-37"
398,152,RMS_NORM,0,1,1,3434,"norm-38","attn_output-38",""
399,5,MUL_MAT,0,311,24,674,"linear_attn_out-38","blk.38.ssm_out.weight","final_output-38"
399,34,SCALE,0,1,1,946,"ffn_moe_inp-38","node_6337",""
399,70,ADD,0,1,1,1860,"ffn_moe_out-38","node_6373","ffn_moe_weighted-38 (view)"
399,74,MUL_MAT,0,32,4,1979,"ffn_shexp-38","blk.38.ffn_down_shexp.weight","ffn_swiglu-38"
399,77,MUL,0,3,0,1989,"ffn_shexp_gated-38","ffn_shexp-38","shared_expert_gate_sigmoid-38"
399,78,ADD,0,2,0,1991,"ffn_out-38","ffn_moe_out-38","ffn_shexp_gated-38"
399,87,ADD,0,1,1,2017,"l_last-38","hc_combine-38","node_6390"
400,0,GET_ROWS,0,17,1,18,"model.input_embed","token_embd.weight","inp_tokens"
400,69,RMS_NORM,0,1,0,1534,"norm-0","attn_output-0",""
401,5,MUL_MAT,0,318,6,638,"linear_attn_out-0","blk.0.ssm_out.weight","final_output-0"
401,34,SCALE,0,0,2,883,"ffn_moe_inp-0","node_104",""
401,70,ADD,0,2,0,1789,"ffn_moe_out-0","node_140","ffn_moe_weighted-0 (view)"
401,93,MUL_MAT,0,28,22,2922,"ffn_shexp-0","blk.0.ffn_down_shexp.weight","ffn_swiglu-0"
401,96,MUL,0,2,9,2940,"ffn_shexp_gated-0","ffn_shexp-0","shared_expert_gate_sigmoid-0"
401,97,ADD,0,1,0,2942,"ffn_out-0","ffn_moe_out-0","ffn_shexp_gated-0"
401,236,RMS_NORM,0,0,1,4811,"norm-1","attn_output-1",""
402,5,MUL_MAT,0,273,56,637,"linear_attn_out-1","blk.1.ssm_out.weight","final_output-1"
402,34,SCALE,0,0,2,886,"ffn_moe_inp-1","node_342",""
402,70,ADD,0,2,0,1766,"ffn_moe_out-1","node_378","ffn_moe_weighted-1 (view)"
402,74,MUL_MAT,0,33,18,1906,"ffn_shexp-1","blk.1.ffn_down_shexp.weight","ffn_swiglu-1"
402,77,MUL,0,2,0,1915,"ffn_shexp_gated-1","ffn_shexp-1","shared_expert_gate_sigmoid-1"
402,78,ADD,0,1,1,1917,"ffn_out-1","ffn_moe_out-1","ffn_shexp_gated-1"
402,152,RMS_NORM,0,0,2,3334,"norm-2","attn_output-2",""
403,5,MUL_MAT,0,281,46,668,"linear_attn_out-2","blk.2.ssm_out.weight","final_output-2"
403,34,SCALE,0,0,1,901,"ffn_moe_inp-2","node_496",""
403,70,ADD,0,1,0,1863,"ffn_moe_out-2","node_532","ffn_moe_weighted-2 (view)"
403,74,MUL_MAT,0,28,8,1975,"ffn_shexp-2","blk.2.ffn_down_shexp.weight","ffn_swiglu-2"
403,77,MUL,0,2,1,1989,"ffn_shexp_gated-2","ffn_shexp-2","shared_expert_gate_sigmoid-2"
403,78,ADD,0,1,0,1990,"ffn_out-2","ffn_moe_out-2","ffn_shexp_gated-2"
403,151,RMS_NORM,0,4,1,2960,"norm-3","indexer_k_pooled-3 (reshaped)",""
404,38,MUL_MAT,0,256,91,662,"attn_output-3","blk.3.attn_output.weight","attn_gated-3"
404,66,SCALE,0,0,2,904,"ffn_moe_inp-3","node_683",""
404,102,ADD,0,1,1,1865,"ffn_moe_out-3","node_719","ffn_moe_weighted-3 (view)"
404,106,MUL_MAT,0,29,7,1983,"ffn_shexp-3","blk.3.ffn_down_shexp.weight","ffn_swiglu-3"
404,109,MUL,0,2,0,1990,"ffn_shexp_gated-3","ffn_shexp-3","shared_expert_gate_sigmoid-3"
404,110,ADD,0,1,0,1991,"ffn_out-3","ffn_moe_out-3","ffn_shexp_gated-3"
404,184,RMS_NORM,0,0,1,3286,"norm-4","attn_output-4",""
405,5,MUL_MAT,0,267,61,653,"linear_attn_out-4","blk.4.ssm_out.weight","final_output-4"
405,34,SCALE,0,0,1,884,"ffn_moe_inp-4","node_837",""
405,70,ADD,0,1,1,1750,"ffn_moe_out-4","node_873","ffn_moe_weighted-4 (view)"
405,74,MUL_MAT,0,32,3,1883,"ffn_shexp-4","blk.4.ffn_down_shexp.weight","ffn_swiglu-4"
405,77,MUL,0,2,0,1890,"ffn_shexp_gated-4","ffn_shexp-4","shared_expert_gate_sigmoid-4"
405,78,ADD,0,2,0,1892,"ffn_out-4","ffn_moe_out-4","ffn_shexp_gated-4"
405,152,RMS_NORM,0,1,3,3445,"norm-5","attn_output-5",""
406,5,MUL_MAT,0,263,89,741,"linear_attn_out-5","blk.5.ssm_out.weight","final_output-5"
406,34,SCALE,0,0,1,1029,"ffn_moe_inp-5","node_991",""
406,70,ADD,0,1,1,1825,"ffn_moe_out-5","node_1027","ffn_moe_weighted-5 (view)"
406,74,MUL_MAT,0,29,9,1939,"ffn_shexp-5","blk.5.ffn_down_shexp.weight","ffn_swiglu-5"
406,77,MUL,0,3,10,1972,"ffn_shexp_gated-5","ffn_shexp-5","shared_expert_gate_sigmoid-5"
406,78,ADD,0,1,1,1974,"ffn_out-5","ffn_moe_out-5","ffn_shexp_gated-5"
406,152,RMS_NORM,0,0,1,3218,"norm-6","attn_output-6",""
407,5,MUL_MAT,0,259,69,634,"linear_attn_out-6","blk.6.ssm_out.weight","final_output-6"
407,34,SCALE,0,0,1,880,"ffn_moe_inp-6","node_1145",""
407,70,ADD,0,1,1,1793,"ffn_moe_out-6","node_1181","ffn_moe_weighted-6 (view)"
407,74,MUL_MAT,0,32,17,1926,"ffn_shexp-6","blk.6.ffn_down_shexp.weight","ffn_swiglu-6"
407,77,MUL,0,2,1,1941,"ffn_shexp_gated-6","ffn_shexp-6","shared_expert_gate_sigmoid-6"
407,78,ADD,0,1,0,1942,"ffn_out-6","ffn_moe_out-6","ffn_shexp_gated-6"
407,151,RMS_NORM,0,4,1,2989,"norm-7","indexer_k_pooled-7 (reshaped)",""
408,38,MUL_MAT,0,272,47,525,"attn_output-7","blk.7.attn_output.weight","attn_gated-7"
408,66,SCALE,0,0,1,756,"ffn_moe_inp-7","node_1332",""
408,102,ADD,0,1,1,1535,"ffn_moe_out-7","node_1368","ffn_moe_weighted-7 (view)"
408,106,MUL_MAT,0,28,7,1649,"ffn_shexp-7","blk.7.ffn_down_shexp.weight","ffn_swiglu-7"
408,109,MUL,0,2,0,1662,"ffn_shexp_gated-7","ffn_shexp-7","shared_expert_gate_sigmoid-7"
408,110,ADD,0,1,1,1664,"ffn_out-7","ffn_moe_out-7","ffn_shexp_gated-7"
408,184,RMS_NORM,0,1,0,2986,"norm-8","attn_output-8",""
409,5,MUL_MAT,0,276,72,679,"linear_attn_out-8","blk.8.ssm_out.weight","final_output-8"
409,34,SCALE,0,0,1,932,"ffn_moe_inp-8","node_1486",""
409,70,ADD,0,1,1,1779,"ffn_moe_out-8","node_1522","ffn_moe_weighted-8 (view)"
409,74,MUL_MAT,0,30,6,1891,"ffn_shexp-8","blk.8.ffn_down_shexp.weight","ffn_swiglu-8"
409,77,MUL,0,3,0,1899,"ffn_shexp_gated-8","ffn_shexp-8","shared_expert_gate_sigmoid-8"
409,78,ADD,0,1,1,1901,"ffn_out-8","ffn_moe_out-8","ffn_shexp_gated-8"
409,152,RMS_NORM,0,1,1,3232,"norm-9","attn_output-9",""
410,5,MUL_MAT,0,266,64,641,"linear_attn_out-9","blk.9.ssm_out.weight","final_output-9"
410,34,SCALE,0,0,1,892,"ffn_moe_inp-9","node_1640",""
410,70,ADD,0,1,1,1738,"ffn_moe_out-9","node_1676","ffn_moe_weighted-9 (view)"
410,74,MUL_MAT,0,21,21,1865,"ffn_shexp-9","blk.9.ffn_down_shexp.weight","ffn_swiglu-9"
410,77,MUL,0,2,1,1872,"ffn_shexp_gated-9","ffn_shexp-9","shared_expert_gate_sigmoid-9"
410,78,ADD,0,1,0,1873,"ffn_out-9","ffn_moe_out-9","ffn_shexp_gated-9"
410,152,RMS_NORM,0,0,2,3544,"norm-10","attn_output-10",""
411,5,MUL_MAT,0,260,57,636,"linear_attn_out-10","blk.10.ssm_out.weight","final_output-10"
411,34,SCALE,0,0,2,885,"ffn_moe_inp-10","node_1794",""
411,70,ADD,0,1,1,1659,"ffn_moe_out-10","node_1830","ffn_moe_weighted-10 (view)"
411,74,MUL_MAT,0,28,9,1779,"ffn_shexp-10","blk.10.ffn_down_shexp.weight","ffn_swiglu-10"
411,77,MUL,0,2,0,1786,"ffn_shexp_gated-10","ffn_shexp-10","shared_expert_gate_sigmoid-10"
411,78,ADD,0,1,1,1788,"ffn_out-10","ffn_moe_out-10","ffn_shexp_gated-10"
411,151,RMS_NORM,0,4,1,2819,"norm-11","indexer_k_pooled-11 (reshaped)",""
412,38,MUL_MAT,0,244,84,540,"attn_output-11","blk.11.attn_output.weight","attn_gated-11"
412,66,SCALE,0,0,1,780,"ffn_moe_inp-11","node_1981",""
412,102,ADD,0,1,0,1587,"ffn_moe_out-11","node_2017","ffn_moe_weighted-11 (view)"
412,106,MUL_MAT,0,29,11,1710,"ffn_shexp-11","blk.11.ffn_down_shexp.weight","ffn_swiglu-11"
412,109,MUL,0,2,0,1726,"ffn_shexp_gated-11","ffn_shexp-11","shared_expert_gate_sigmoid-11"
412,110,ADD,0,1,4,1731,"ffn_out-11","ffn_moe_out-11","ffn_shexp_gated-11"
412,184,RMS_NORM,0,0,2,3172,"norm-12","attn_output-12",""
413,5,MUL_MAT,0,272,48,644,"linear_attn_out-12","blk.12.ssm_out.weight","final_output-12"
413,34,SCALE,0,1,0,1023,"ffn_moe_inp-12","node_2135",""
413,70,ADD,0,1,0,1768,"ffn_moe_out-12","node_2171","ffn_moe_weighted-12 (view)"
413,74,MUL_MAT,0,30,7,1879,"ffn_shexp-12","blk.12.ffn_down_shexp.weight","ffn_swiglu-12"
413,77,MUL,0,2,0,1886,"ffn_shexp_gated-12","ffn_shexp-12","shared_expert_gate_sigmoid-12"
413,78,ADD,0,1,1,1888,"ffn_out-12","ffn_moe_out-12","ffn_shexp_gated-12"
413,152,RMS_NORM,0,1,1,3284,"norm-13","attn_output-13",""
414,5,MUL_MAT,0,277,74,696,"linear_attn_out-13","blk.13.ssm_out.weight","final_output-13"
414,34,SCALE,0,0,1,967,"ffn_moe_inp-13","node_2289",""
414,70,ADD,0,1,1,1798,"ffn_moe_out-13","node_2325","ffn_moe_weighted-13 (view)"
414,74,MUL_MAT,0,36,1,1926,"ffn_shexp-13","blk.13.ffn_down_shexp.weight","ffn_swiglu-13"
414,77,MUL,0,2,0,1935,"ffn_shexp_gated-13","ffn_shexp-13","shared_expert_gate_sigmoid-13"
414,78,ADD,0,1,0,1937,"ffn_out-13","ffn_moe_out-13","ffn_shexp_gated-13"
414,152,RMS_NORM,0,1,0,3241,"norm-14","attn_output-14",""
415,5,MUL_MAT,0,288,50,686,"linear_attn_out-14","blk.14.ssm_out.weight","final_output-14"
415,34,SCALE,0,0,1,936,"ffn_moe_inp-14","node_2443",""
415,70,ADD,0,2,0,1884,"ffn_moe_out-14","node_2479","ffn_moe_weighted-14 (view)"
415,74,MUL_MAT,0,38,1,2020,"ffn_shexp-14","blk.14.ffn_down_shexp.weight","ffn_swiglu-14"
415,77,MUL,0,3,0,2045,"ffn_shexp_gated-14","ffn_shexp-14","shared_expert_gate_sigmoid-14"
415,78,ADD,0,1,12,2059,"ffn_out-14","ffn_moe_out-14","ffn_shexp_gated-14"
415,151,RMS_NORM,0,8,1,3224,"norm-15","indexer_k_pooled-15 (reshaped)",""
416,38,MUL_MAT,0,308,1,530,"attn_output-15","blk.15.attn_output.weight","attn_gated-15"
416,66,SCALE,0,0,9,797,"ffn_moe_inp-15","node_2630",""
416,102,ADD,0,1,0,1534,"ffn_moe_out-15","node_2666","ffn_moe_weighted-15 (view)"
416,106,MUL_MAT,0,31,4,1643,"ffn_shexp-15","blk.15.ffn_down_shexp.weight","ffn_swiglu-15"
416,109,MUL,0,4,0,1653,"ffn_shexp_gated-15","ffn_shexp-15","shared_expert_gate_sigmoid-15"
416,110,ADD,0,2,0,1655,"ffn_out-15","ffn_moe_out-15","ffn_shexp_gated-15"
416,184,RMS_NORM,0,0,1,3195,"norm-16","attn_output-16",""
417,5,MUL_MAT,0,318,19,674,"linear_attn_out-16","blk.16.ssm_out.weight","final_output-16"
417,34,SCALE,0,0,1,935,"ffn_moe_inp-16","node_2784",""
417,70,ADD,0,2,0,1851,"ffn_moe_out-16","node_2820","ffn_moe_weighted-16 (view)"
417,74,MUL_MAT,0,45,3,2115,"ffn_shexp-16","blk.16.ffn_down_shexp.weight","ffn_swiglu-16"
417,77,MUL,0,3,0,2125,"ffn_shexp_gated-16","ffn_shexp-16","shared_expert_gate_sigmoid-16"
417,78,ADD,0,2,0,2127,"ffn_out-16","ffn_moe_out-16","ffn_shexp_gated-16"
417,152,RMS_NORM,0,1,1,3765,"norm-17","attn_output-17",""
418,5,MUL_MAT,0,300,17,611,"linear_attn_out-17","blk.17.ssm_out.weight","final_output-17"
418,34,SCALE,0,1,0,845,"ffn_moe_inp-17","node_2938",""
418,70,ADD,0,1,8,1757,"ffn_moe_out-17","node_2974","ffn_moe_weighted-17 (view)"
418,74,MUL_MAT,0,39,7,1907,"ffn_shexp-17","blk.17.ffn_down_shexp.weight","ffn_swiglu-17"
418,77,MUL,0,3,1,1917,"ffn_shexp_gated-17","ffn_shexp-17","shared_expert_gate_sigmoid-17"
418,78,ADD,0,1,1,1919,"ffn_out-17","ffn_moe_out-17","ffn_shexp_gated-17"
418,152,RMS_NORM,0,0,1,3609,"norm-18","attn_output-18",""
419,5,MUL_MAT,0,312,6,630,"linear_attn_out-18","blk.18.ssm_out.weight","final_output-18"
419,34,SCALE,0,1,1,945,"ffn_moe_inp-18","node_3092",""
419,70,ADD,0,2,0,1745,"ffn_moe_out-18","node_3128","ffn_moe_weighted-18 (view)"
419,74,MUL_MAT,0,32,3,1867,"ffn_shexp-18","blk.18.ffn_down_shexp.weight","ffn_swiglu-18"
419,77,MUL,0,3,0,1877,"ffn_shexp_gated-18","ffn_shexp-18","shared_expert_gate_sigmoid-18"
419,78,ADD,0,2,0,1879,"ffn_out-18","ffn_moe_out-18","ffn_shexp_gated-18"
419,151,RMS_NORM,0,9,0,3000,"norm-19","indexer_k_pooled-19 (reshaped)",""
420,38,MUL_MAT,0,337,1,556,"attn_output-19","blk.19.attn_output.weight","attn_gated-19"
420,66,SCALE,0,0,1,840,"ffn_moe_inp-19","node_3279",""
420,102,ADD,0,1,1,1671,"ffn_moe_out-19","node_3315","ffn_moe_weighted-19 (view)"
420,106,MUL_MAT,0,33,37,1840,"ffn_shexp-19","blk.19.ffn_down_shexp.weight","ffn_swiglu-19"
420,109,MUL,0,3,0,1849,"ffn_shexp_gated-19","ffn_shexp-19","shared_expert_gate_sigmoid-19"
420,110,ADD,0,1,1,1851,"ffn_out-19","ffn_moe_out-19","ffn_shexp_gated-19"
420,184,RMS_NORM,0,0,3,3344,"norm-20","attn_output-20",""
421,5,MUL_MAT,0,307,1,624,"linear_attn_out-20","blk.20.ssm_out.weight","final_output-20"
421,34,SCALE,0,0,1,899,"ffn_moe_inp-20","node_3433",""
421,70,ADD,0,1,1,1904,"ffn_moe_out-20","node_3469","ffn_moe_weighted-20 (view)"
421,74,MUL_MAT,0,37,1,2026,"ffn_shexp-20","blk.20.ffn_down_shexp.weight","ffn_swiglu-20"
421,77,MUL,0,3,1,2036,"ffn_shexp_gated-20","ffn_shexp-20","shared_expert_gate_sigmoid-20"
421,78,ADD,0,1,1,2038,"ffn_out-20","ffn_moe_out-20","ffn_shexp_gated-20"
421,152,RMS_NORM,0,0,1,3782,"norm-21","attn_output-21",""
422,5,MUL_MAT,0,310,1,612,"linear_attn_out-21","blk.21.ssm_out.weight","final_output-21"
422,34,SCALE,0,0,2,862,"ffn_moe_inp-21","node_3587",""
422,70,ADD,0,2,0,1620,"ffn_moe_out-21","node_3623","ffn_moe_weighted-21 (view)"
422,74,MUL_MAT,0,33,3,1742,"ffn_shexp-21","blk.21.ffn_down_shexp.weight","ffn_swiglu-21"
422,77,MUL,0,3,1,1752,"ffn_shexp_gated-21","ffn_shexp-21","shared_expert_gate_sigmoid-21"
422,78,ADD,0,1,1,1754,"ffn_out-21","ffn_moe_out-21","ffn_shexp_gated-21"
422,152,RMS_NORM,0,0,1,3309,"norm-22","attn_output-22",""
423,5,MUL_MAT,0,328,8,679,"linear_attn_out-22","blk.22.ssm_out.weight","final_output-22"
423,34,SCALE,0,0,1,931,"ffn_moe_inp-22","node_3741",""
423,70,ADD,0,1,1,1917,"ffn_moe_out-22","node_3777","ffn_moe_weighted-22 (view)"
423,74,MUL_MAT,0,32,5,2041,"ffn_shexp-22","blk.22.ffn_down_shexp.weight","ffn_swiglu-22"
423,77,MUL,0,3,0,2056,"ffn_shexp_gated-22","ffn_shexp-22","shared_expert_gate_sigmoid-22"
423,78,ADD,0,1,0,2057,"ffn_out-22","ffn_moe_out-22","ffn_shexp_gated-22"
423,151,RMS_NORM,0,9,0,3229,"norm-23","indexer_k_pooled-23 (reshaped)",""
424,38,MUL_MAT,0,328,10,583,"attn_output-23","blk.23.attn_output.weight","attn_gated-23"
424,66,SCALE,0,0,1,834,"ffn_moe_inp-23","node_3928",""
424,102,ADD,0,1,1,1585,"ffn_moe_out-23","node_3964","ffn_moe_weighted-23 (view)"
424,106,MUL_MAT,0,34,5,1713,"ffn_shexp-23","blk.23.ffn_down_shexp.weight","ffn_swiglu-23"
424,109,MUL,0,3,1,1726,"ffn_shexp_gated-23","ffn_shexp-23","shared_expert_gate_sigmoid-23"
424,110,ADD,0,1,0,1727,"ffn_out-23","ffn_moe_out-23","ffn_shexp_gated-23"
424,184,RMS_NORM,0,0,8,3002,"norm-24","attn_output-24",""
425,5,MUL_MAT,0,173,150,638,"linear_attn_out-24","blk.24.ssm_out.weight","final_output-24"
425,34,SCALE,0,0,1,852,"ffn_moe_inp-24","node_4082",""
425,70,ADD,0,1,1,1603,"ffn_moe_out-24","node_4118","ffn_moe_weighted-24 (view)"
425,74,MUL_MAT,0,20,19,1715,"ffn_shexp-24","blk.24.ffn_down_shexp.weight","ffn_swiglu-24"
425,77,MUL,0,2,0,1728,"ffn_shexp_gated-24","ffn_shexp-24","shared_expert_gate_sigmoid-24"
425,78,ADD,0,1,0,1729,"ffn_out-24","ffn_moe_out-24","ffn_shexp_gated-24"
425,152,RMS_NORM,0,0,2,3136,"norm-25","attn_output-25",""
426,5,MUL_MAT,0,178,172,688,"linear_attn_out-25","blk.25.ssm_out.weight","final_output-25"
426,34,SCALE,0,0,2,961,"ffn_moe_inp-25","node_4236",""
426,70,ADD,0,1,0,1891,"ffn_moe_out-25","node_4272","ffn_moe_weighted-25 (view)"
426,74,MUL_MAT,0,34,3,2100,"ffn_shexp-25","blk.25.ffn_down_shexp.weight","ffn_swiglu-25"
426,77,MUL,0,3,0,2109,"ffn_shexp_gated-25","ffn_shexp-25","shared_expert_gate_sigmoid-25"
426,78,ADD,0,1,1,2112,"ffn_out-25","ffn_moe_out-25","ffn_shexp_gated-25"
426,152,RMS_NORM,0,1,1,3639,"norm-26","attn_output-26",""
427,5,MUL_MAT,0,286,23,621,"linear_attn_out-26","blk.26.ssm_out.weight","final_output-26"
427,34,SCALE,0,0,2,871,"ffn_moe_inp-26","node_4390",""
427,70,ADD,0,2,0,1648,"ffn_moe_out-26","node_4426","ffn_moe_weighted-26 (view)"
427,74,MUL_MAT,0,36,2,1768,"ffn_shexp-26","blk.26.ffn_down_shexp.weight","ffn_swiglu-26"
427,77,MUL,0,3,0,1778,"ffn_shexp_gated-26","ffn_shexp-26","shared_expert_gate_sigmoid-26"
427,78,ADD,0,1,0,1780,"ffn_out-26","ffn_moe_out-26","ffn_shexp_gated-26"
427,151,RMS_NORM,0,9,0,2884,"norm-27","indexer_k_pooled-27 (reshaped)",""
428,38,MUL_MAT,0,338,48,664,"attn_output-27","blk.27.attn_output.weight","attn_gated-27"
428,66,SCALE,0,0,2,980,"ffn_moe_inp-27","node_4577",""
428,102,ADD,0,1,0,1841,"ffn_moe_out-27","node_4613","ffn_moe_weighted-27 (view)"
428,106,MUL_MAT,0,27,10,1949,"ffn_shexp-27","blk.27.ffn_down_shexp.weight","ffn_swiglu-27"
428,109,MUL,0,2,0,1957,"ffn_shexp_gated-27","ffn_shexp-27","shared_expert_gate_sigmoid-27"
428,110,ADD,0,1,1,1959,"ffn_out-27","ffn_moe_out-27","ffn_shexp_gated-27"
428,184,RMS_NORM,0,0,5,3284,"norm-28","attn_output-28",""
429,5,MUL_MAT,0,284,55,654,"linear_attn_out-28","blk.28.ssm_out.weight","final_output-28"
429,34,SCALE,0,0,2,906,"ffn_moe_inp-28","node_4731",""
429,70,ADD,0,1,0,1795,"ffn_moe_out-28","node_4767","ffn_moe_weighted-28 (view)"
429,74,MUL_MAT,0,31,6,1925,"ffn_shexp-28","blk.28.ffn_down_shexp.weight","ffn_swiglu-28"
429,77,MUL,0,2,8,1993,"ffn_shexp_gated-28","ffn_shexp-28","shared_expert_gate_sigmoid-28"
429,78,ADD,0,1,6,2001,"ffn_out-28","ffn_moe_out-28","ffn_shexp_gated-28"
429,152,RMS_NORM,0,0,1,3432,"norm-29","attn_output-29",""
430,5,MUL_MAT,0,276,63,663,"linear_attn_out-29","blk.29.ssm_out.weight","final_output-29"
430,34,SCALE,0,0,2,909,"ffn_moe_inp-29","node_4885",""
430,70,ADD,0,1,1,1659,"ffn_moe_out-29","node_4921","ffn_moe_weighted-29 (view)"
430,74,MUL_MAT,0,31,7,1770,"ffn_shexp-29","blk.29.ffn_down_shexp.weight","ffn_swiglu-29"
430,77,MUL,0,2,0,1783,"ffn_shexp_gated-29","ffn_shexp-29","shared_expert_gate_sigmoid-29"
430,78,ADD,0,1,0,1785,"ffn_out-29","ffn_moe_out-29","ffn_shexp_gated-29"
430,152,RMS_NORM,0,0,1,3144,"norm-30","attn_output-30",""
431,5,MUL_MAT,0,269,77,680,"linear_attn_out-30","blk.30.ssm_out.weight","final_output-30"
431,34,SCALE,0,0,2,1077,"ffn_moe_inp-30","node_5039",""
431,70,ADD,0,1,1,2037,"ffn_moe_out-30","node_5075","ffn_moe_weighted-30 (view)"
431,74,MUL_MAT,0,21,14,2168,"ffn_shexp-30","blk.30.ffn_down_shexp.weight","ffn_swiglu-30"
431,77,MUL,0,2,1,2177,"ffn_shexp_gated-30","ffn_shexp-30","shared_expert_gate_sigmoid-30"
431,78,ADD,0,1,1,2179,"ffn_out-30","ffn_moe_out-30","ffn_shexp_gated-30"
431,151,RMS_NORM,0,4,0,3168,"norm-31","indexer_k_pooled-31 (reshaped)",""
432,38,MUL_MAT,0,178,130,531,"attn_output-31","blk.31.attn_output.weight","attn_gated-31"
432,66,SCALE,0,0,2,742,"ffn_moe_inp-31","node_5226",""
432,102,ADD,0,1,1,1514,"ffn_moe_out-31","node_5262","ffn_moe_weighted-31 (view)"
432,106,MUL_MAT,0,36,8,1639,"ffn_shexp-31","blk.31.ffn_down_shexp.weight","ffn_swiglu-31"
432,109,MUL,0,2,0,1646,"ffn_shexp_gated-31","ffn_shexp-31","shared_expert_gate_sigmoid-31"
432,110,ADD,0,1,0,1648,"ffn_out-31","ffn_moe_out-31","ffn_shexp_gated-31"
432,184,RMS_NORM,0,1,15,3442,"norm-32","attn_output-32",""
433,5,MUL_MAT,0,284,33,640,"linear_attn_out-32","blk.32.ssm_out.weight","final_output-32"
433,34,SCALE,0,0,1,910,"ffn_moe_inp-32","node_5380",""
433,70,ADD,0,2,0,1727,"ffn_moe_out-32","node_5416","ffn_moe_weighted-32 (view)"
433,74,MUL_MAT,0,35,5,1844,"ffn_shexp-32","blk.32.ffn_down_shexp.weight","ffn_swiglu-32"
433,77,MUL,0,4,0,1854,"ffn_shexp_gated-32","ffn_shexp-32","shared_expert_gate_sigmoid-32"
433,78,ADD,0,2,0,1856,"ffn_out-32","ffn_moe_out-32","ffn_shexp_gated-32"
433,152,RMS_NORM,0,0,6,3611,"norm-33","attn_output-33",""
434,5,MUL_MAT,0,308,11,641,"linear_attn_out-33","blk.33.ssm_out.weight","final_output-33"
434,34,SCALE,0,0,2,896,"ffn_moe_inp-33","node_5534",""
434,70,ADD,0,2,0,1738,"ffn_moe_out-33","node_5570","ffn_moe_weighted-33 (view)"
434,74,MUL_MAT,0,33,3,1851,"ffn_shexp-33","blk.33.ffn_down_shexp.weight","ffn_swiglu-33"
434,77,MUL,0,3,1,1861,"ffn_shexp_gated-33","ffn_shexp-33","shared_expert_gate_sigmoid-33"
434,78,ADD,0,1,1,1863,"ffn_out-33","ffn_moe_out-33","ffn_shexp_gated-33"
434,152,RMS_NORM,0,1,1,3379,"norm-34","attn_output-34",""
435,5,MUL_MAT,0,300,23,635,"linear_attn_out-34","blk.34.ssm_out.weight","final_output-34"
435,34,SCALE,0,0,2,917,"ffn_moe_inp-34","node_5688",""
435,70,ADD,0,1,0,1768,"ffn_moe_out-34","node_5724","ffn_moe_weighted-34 (view)"
435,74,MUL_MAT,0,38,1,1888,"ffn_shexp-34","blk.34.ffn_down_shexp.weight","ffn_swiglu-34"
435,77,MUL,0,3,1,1899,"ffn_shexp_gated-34","ffn_shexp-34","shared_expert_gate_sigmoid-34"
435,78,ADD,0,1,1,1901,"ffn_out-34","ffn_moe_out-34","ffn_shexp_gated-34"
435,151,RMS_NORM,0,9,0,3031,"norm-35","indexer_k_pooled-35 (reshaped)",""
436,38,MUL_MAT,0,301,4,526,"attn_output-35","blk.35.attn_output.weight","attn_gated-35"
436,66,SCALE,0,0,2,762,"ffn_moe_inp-35","node_5875",""
436,102,ADD,0,1,1,1484,"ffn_moe_out-35","node_5911","ffn_moe_weighted-35 (view)"
436,106,MUL_MAT,0,31,1,1590,"ffn_shexp-35","blk.35.ffn_down_shexp.weight","ffn_swiglu-35"
436,109,MUL,0,3,0,1605,"ffn_shexp_gated-35","ffn_shexp-35","shared_expert_gate_sigmoid-35"
436,110,ADD,0,2,0,1607,"ffn_out-35","ffn_moe_out-35","ffn_shexp_gated-35"
436,184,RMS_NORM,0,0,2,3202,"norm-36","attn_output-36",""
437,5,MUL_MAT,0,317,33,692,"linear_attn_out-36","blk.36.ssm_out.weight","final_output-36"
437,34,SCALE,0,0,2,1065,"ffn_moe_inp-36","node_6029",""
437,70,ADD,0,1,18,1939,"ffn_moe_out-36","node_6065","ffn_moe_weighted-36 (view)"
437,74,MUL_MAT,0,34,3,2056,"ffn_shexp-36","blk.36.ffn_down_shexp.weight","ffn_swiglu-36"
437,77,MUL,0,3,0,2066,"ffn_shexp_gated-36","ffn_shexp-36","shared_expert_gate_sigmoid-36"
437,78,ADD,0,1,1,2069,"ffn_out-36","ffn_moe_out-36","ffn_shexp_gated-36"
437,152,RMS_NORM,0,0,1,3630,"norm-37","attn_output-37",""
438,5,MUL_MAT,0,300,30,641,"linear_attn_out-37","blk.37.ssm_out.weight","final_output-37"
438,34,SCALE,0,0,1,892,"ffn_moe_inp-37","node_6183",""
438,70,ADD,0,1,0,1785,"ffn_moe_out-37","node_6219","ffn_moe_weighted-37 (view)"
438,74,MUL_MAT,0,36,1,1909,"ffn_shexp-37","blk.37.ffn_down_shexp.weight","ffn_swiglu-37"
438,77,MUL,0,3,2,1921,"ffn_shexp_gated-37","ffn_shexp-37","shared_expert_gate_sigmoid-37"
438,78,ADD,0,1,0,1923,"ffn_out-37","ffn_moe_out-37","ffn_shexp_gated-37"
438,152,RMS_NORM,0,0,2,3519,"norm-38","attn_output-38",""
439,5,MUL_MAT,0,272,66,666,"linear_attn_out-38","blk.38.ssm_out.weight","final_output-38"
439,34,SCALE,0,1,1,920,"ffn_moe_inp-38","node_6337",""
439,70,ADD,0,1,1,1699,"ffn_moe_out-38","node_6373","ffn_moe_weighted-38 (view)"
439,74,MUL_MAT,0,31,10,1819,"ffn_shexp-38","blk.38.ffn_down_shexp.weight","ffn_swiglu-38"
439,77,MUL,0,2,0,1827,"ffn_shexp_gated-38","ffn_shexp-38","shared_expert_gate_sigmoid-38"
439,78,ADD,0,2,0,1829,"ffn_out-38","ffn_moe_out-38","ffn_shexp_gated-38"
439,87,ADD,0,2,0,1861,"l_last-38","hc_combine-38","node_6390"
440,0,GET_ROWS,0,2,0,3,"model.input_embed","token_embd.weight","inp_tokens"
440,69,RMS_NORM,0,1,2,1733,"norm-0","attn_output-0",""
441,5,MUL_MAT,0,232,138,730,"linear_attn_out-0","blk.0.ssm_out.weight","final_output-0"
441,34,SCALE,0,0,1,1063,"ffn_moe_inp-0","node_104",""
441,70,ADD,0,1,0,1947,"ffn_moe_out-0","node_140","ffn_moe_weighted-0 (view)"
441,93,MUL_MAT,0,39,7,2938,"ffn_shexp-0","blk.0.ffn_down_shexp.weight","ffn_swiglu-0"
441,96,MUL,0,2,0,2946,"ffn_shexp_gated-0","ffn_shexp-0","shared_expert_gate_sigmoid-0"
441,97,ADD,0,1,12,2960,"ffn_out-0","ffn_moe_out-0","ffn_shexp_gated-0"
441,236,RMS_NORM,0,0,2,4632,"norm-1","attn_output-1",""
442,5,MUL_MAT,0,279,86,723,"linear_attn_out-1","blk.1.ssm_out.weight","final_output-1"
442,34,SCALE,0,0,2,981,"ffn_moe_inp-1","node_342",""
442,70,ADD,0,1,1,1962,"ffn_moe_out-1","node_378","ffn_moe_weighted-1 (view)"
442,74,MUL_MAT,0,30,15,2174,"ffn_shexp-1","blk.1.ffn_down_shexp.weight","ffn_swiglu-1"
442,77,MUL,0,2,0,2189,"ffn_shexp_gated-1","ffn_shexp-1","shared_expert_gate_sigmoid-1"
442,78,ADD,0,1,0,2191,"ffn_out-1","ffn_moe_out-1","ffn_shexp_gated-1"
442,152,RMS_NORM,0,0,2,3539,"norm-2","attn_output-2",""
443,5,MUL_MAT,0,177,159,662,"linear_attn_out-2","blk.2.ssm_out.weight","final_output-2"
443,34,SCALE,0,0,1,892,"ffn_moe_inp-2","node_496",""
443,70,ADD,0,0,1,1928,"ffn_moe_out-2","node_532","ffn_moe_weighted-2 (view)"
443,74,MUL_MAT,0,20,22,2055,"ffn_shexp-2","blk.2.ffn_down_shexp.weight","ffn_swiglu-2"
443,77,MUL,0,1,1,2063,"ffn_shexp_gated-2","ffn_shexp-2","shared_expert_gate_sigmoid-2"
443,78,ADD,0,1,0,2064,"ffn_out-2","ffn_moe_out-2","ffn_shexp_gated-2"
443,151,RMS_NORM,0,4,0,3177,"norm-3","indexer_k_pooled-3 (reshaped)",""
444,38,MUL_MAT,0,208,119,590,"attn_output-3","blk.3.attn_output.weight","attn_gated-3"
444,66,SCALE,0,0,2,823,"ffn_moe_inp-3","node_683",""
444,102,ADD,0,1,1,2246,"ffn_moe_out-3","node_719","ffn_moe_weighted-3 (view)"
444,106,MUL_MAT,0,17,24,2377,"ffn_shexp-3","blk.3.ffn_down_shexp.weight","ffn_swiglu-3"
444,109,MUL,0,1,7,2406,"ffn_shexp_gated-3","ffn_shexp-3","shared_expert_gate_sigmoid-3"
444,110,ADD,0,1,3,2411,"ffn_out-3","ffn_moe_out-3","ffn_shexp_gated-3"
444,184,RMS_NORM,0,1,17,3991,"norm-4","attn_output-4",""
445,5,MUL_MAT,0,253,127,790,"linear_attn_out-4","blk.4.ssm_out.weight","final_output-4"
445,34,SCALE,0,0,23,1227,"ffn_moe_inp-4","node_837",""
445,70,ADD,0,1,0,2855,"ffn_moe_out-4","node_873","ffn_moe_weighted-4 (view)"
445,74,MUL_MAT,0,27,13,2976,"ffn_shexp-4","blk.4.ffn_down_shexp.weight","ffn_swiglu-4"
445,77,MUL,0,2,0,2985,"ffn_shexp_gated-4","ffn_shexp-4","shared_expert_gate_sigmoid-4"
445,78,ADD,0,2,1,2988,"ffn_out-4","ffn_moe_out-4","ffn_shexp_gated-4"
445,152,RMS_NORM,0,0,1,4351,"norm-5","attn_output-5",""
446,5,MUL_MAT,0,221,139,722,"linear_attn_out-5","blk.5.ssm_out.weight","final_output-5"
446,34,SCALE,0,0,1,987,"ffn_moe_inp-5","node_991",""
446,70,ADD,0,2,2,1948,"ffn_moe_out-5","node_1027","ffn_moe_weighted-5 (view)"
446,74,MUL_MAT,0,37,3,2101,"ffn_shexp-5","blk.5.ffn_down_shexp.weight","ffn_swiglu-5"
446,77,MUL,0,4,5,2118,"ffn_shexp_gated-5","ffn_shexp-5","shared_expert_gate_sigmoid-5"
446,78,ADD,0,1,4,2123,"ffn_out-5","ffn_moe_out-5","ffn_shexp_gated-5"
446,152,RMS_NORM,0,1,1,3825,"norm-6","attn_output-6",""
447,5,MUL_MAT,0,321,2,628,"linear_attn_out-6","blk.6.ssm_out.weight","final_output-6"
447,34,SCALE,0,1,1,879,"ffn_moe_inp-6","node_1145",""
447,70,ADD,0,2,0,1787,"ffn_moe_out-6","node_1181","ffn_moe_weighted-6 (view)"
447,74,MUL_MAT,0,38,8,1919,"ffn_shexp-6","blk.6.ffn_down_shexp.weight","ffn_swiglu-6"
447,77,MUL,0,3,0,1937,"ffn_shexp_gated-6","ffn_shexp-6","shared_expert_gate_sigmoid-6"
447,78,ADD,0,1,1,1940,"ffn_out-6","ffn_moe_out-6","ffn_shexp_gated-6"
447,151,RMS_NORM,0,8,1,3156,"norm-7","indexer_k_pooled-7 (reshaped)",""
448,38,MUL_MAT,0,307,7,554,"attn_output-7","blk.7.attn_output.weight","attn_gated-7"
448,66,SCALE,0,0,2,810,"ffn_moe_inp-7","node_1332",""
448,102,ADD,0,1,1,2341,"ffn_moe_out-7","node_1368","ffn_moe_weighted-7 (view)"
448,106,MUL_MAT,0,37,5,2459,"ffn_shexp-7","blk.7.ffn_down_shexp.weight","ffn_swiglu-7"
448,109,MUL,0,3,0,2468,"ffn_shexp_gated-7","ffn_shexp-7","shared_expert_gate_sigmoid-7"
448,110,ADD,0,1,0,2470,"ffn_out-7","ffn_moe_out-7","ffn_shexp_gated-7"
448,184,RMS_NORM,0,0,2,4343,"norm-8","attn_output-8",""
449,5,MUL_MAT,0,318,6,660,"linear_attn_out-8","blk.8.ssm_out.weight","final_output-8"
449,34,SCALE,0,0,1,974,"ffn_moe_inp-8","node_1486",""
449,70,ADD,0,1,1,2280,"ffn_moe_out-8","node_1522","ffn_moe_weighted-8 (view)"
449,74,MUL_MAT,0,34,1,2405,"ffn_shexp-8","blk.8.ffn_down_shexp.weight","ffn_swiglu-8"
449,77,MUL,0,3,0,2422,"ffn_shexp_gated-8","ffn_shexp-8","shared_expert_gate_sigmoid-8"
449,78,ADD,0,1,0,2424,"ffn_out-8","ffn_moe_out-8","ffn_shexp_gated-8"
449,152,RMS_NORM,0,0,1,4020,"norm-9","attn_output-9",""
450,5,MUL_MAT,0,332,1,676,"linear_attn_out-9","blk.9.ssm_out.weight","final_output-9"
450,34,SCALE,0,0,2,947,"ffn_moe_inp-9","node_1640",""
450,70,ADD,0,2,0,1876,"ffn_moe_out-9","node_1676","ffn_moe_weighted-9 (view)"
450,74,MUL_MAT,0,37,5,1998,"ffn_shexp-9","blk.9.ffn_down_shexp.weight","ffn_swiglu-9"
450,77,MUL,0,3,1,2008,"ffn_shexp_gated-9","ffn_shexp-9","shared_expert_gate_sigmoid-9"
450,78,ADD,0,2,0,2010,"ffn_out-9","ffn_moe_out-9","ffn_shexp_gated-9"
450,152,RMS_NORM,0,0,3,3565,"norm-10","attn_output-10",""
451,5,MUL_MAT,0,300,6,613,"linear_attn_out-10","blk.10.ssm_out.weight","final_output-10"
451,34,SCALE,0,0,1,869,"ffn_moe_inp-10","node_1794",""
451,70,ADD,0,1,1,2555,"ffn_moe_out-10","node_1830","ffn_moe_weighted-10 (view)"
451,74,MUL_MAT,0,36,4,2699,"ffn_shexp-10","blk.10.ffn_down_shexp.weight","ffn_swiglu-10"
451,77,MUL,0,3,0,2710,"ffn_shexp_gated-10","ffn_shexp-10","shared_expert_gate_sigmoid-10"
451,78,ADD,0,1,0,2712,"ffn_out-10","ffn_moe_out-10","ffn_shexp_gated-10"
451,151,RMS_NORM,0,9,1,3851,"norm-11","indexer_k_pooled-11 (reshaped)",""
452,38,MUL_MAT,0,321,5,574,"attn_output-11","blk.11.attn_output.weight","attn_gated-11"
452,66,SCALE,0,0,1,977,"ffn_moe_inp-11","node_1981",""
452,102,ADD,0,1,1,1757,"ffn_moe_out-11","node_2017","ffn_moe_weighted-11 (view)"
452,106,MUL_MAT,0,34,2,1875,"ffn_shexp-11","blk.11.ffn_down_shexp.weight","ffn_swiglu-11"
452,109,MUL,0,3,1,1895,"ffn_shexp_gated-11","ffn_shexp-11","shared_expert_gate_sigmoid-11"
452,110,ADD,0,1,9,1905,"ffn_out-11","ffn_moe_out-11","ffn_shexp_gated-11"
452,184,RMS_NORM,0,0,3,3578,"norm-12","attn_output-12",""
453,5,MUL_MAT,0,280,64,682,"linear_attn_out-12","blk.12.ssm_out.weight","final_output-12"
453,34,SCALE,0,0,1,945,"ffn_moe_inp-12","node_2135",""
453,70,ADD,0,1,0,2192,"ffn_moe_out-12","node_2171","ffn_moe_weighted-12 (view)"
453,74,MUL_MAT,0,28,7,2302,"ffn_shexp-12","blk.12.ffn_down_shexp.weight","ffn_swiglu-12"
453,77,MUL,0,2,0,2310,"ffn_shexp_gated-12","ffn_shexp-12","shared_expert_gate_sigmoid-12"
453,78,ADD,0,2,0,2312,"ffn_out-12","ffn_moe_out-12","ffn_shexp_gated-12"
453,152,RMS_NORM,0,1,9,3650,"norm-13","attn_output-13",""
454,5,MUL_MAT,0,291,51,663,"linear_attn_out-13","blk.13.ssm_out.weight","final_output-13"
454,34,SCALE,0,0,1,942,"ffn_moe_inp-13","node_2289",""
454,70,ADD,0,1,0,1804,"ffn_moe_out-13","node_2325","ffn_moe_weighted-13 (view)"
454,74,MUL_MAT,0,26,21,1947,"ffn_shexp-13","blk.13.ffn_down_shexp.weight","ffn_swiglu-13"
454,77,MUL,0,3,0,1956,"ffn_shexp_gated-13","ffn_shexp-13","shared_expert_gate_sigmoid-13"
454,78,ADD,0,1,1,1958,"ffn_out-13","ffn_moe_out-13","ffn_shexp_gated-13"
454,152,RMS_NORM,0,1,1,3745,"norm-14","attn_output-14",""
455,5,MUL_MAT,0,309,9,628,"linear_attn_out-14","blk.14.ssm_out.weight","final_output-14"
455,34,SCALE,0,0,1,928,"ffn_moe_inp-14","node_2443",""
455,70,ADD,0,2,0,1739,"ffn_moe_out-14","node_2479","ffn_moe_weighted-14 (view)"
455,74,MUL_MAT,0,43,2,1869,"ffn_shexp-14","blk.14.ffn_down_shexp.weight","ffn_swiglu-14"
455,77,MUL,0,3,0,1883,"ffn_shexp_gated-14","ffn_shexp-14","shared_expert_gate_sigmoid-14"
455,78,ADD,0,2,8,1893,"ffn_out-14","ffn_moe_out-14","ffn_shexp_gated-14"
455,151,RMS_NORM,0,8,1,3129,"norm-15","indexer_k_pooled-15 (reshaped)",""
456,38,MUL_MAT,0,269,52,786,"attn_output-15","blk.15.attn_output.weight","attn_gated-15"
456,66,SCALE,0,0,1,1122,"ffn_moe_inp-15","node_2630",""
456,102,ADD,0,1,0,1878,"ffn_moe_out-15","node_2666","ffn_moe_weighted-15 (view)"
456,106,MUL_MAT,0,27,8,1993,"ffn_shexp-15","blk.15.ffn_down_shexp.weight","ffn_swiglu-15"
456,109,MUL,0,2,8,2008,"ffn_shexp_gated-15","ffn_shexp-15","shared_expert_gate_sigmoid-15"
456,110,ADD,0,2,2,2012,"ffn_out-15","ffn_moe_out-15","ffn_shexp_gated-15"
456,184,RMS_NORM,0,0,1,3256,"norm-16","attn_output-16",""
457,5,MUL_MAT,0,190,168,685,"linear_attn_out-16","blk.16.ssm_out.weight","final_output-16"
457,34,SCALE,0,0,1,1017,"ffn_moe_inp-16","node_2784",""
457,70,ADD,0,1,4,2017,"ffn_moe_out-16","node_2820","ffn_moe_weighted-16 (view)"
457,74,MUL_MAT,0,40,3,2170,"ffn_shexp-16","blk.16.ffn_down_shexp.weight","ffn_swiglu-16"
457,77,MUL,0,2,5,2195,"ffn_shexp_gated-16","ffn_shexp-16","shared_expert_gate_sigmoid-16"
457,78,ADD,0,1,8,2204,"ffn_out-16","ffn_moe_out-16","ffn_shexp_gated-16"
457,152,RMS_NORM,0,0,1,3782,"norm-17","attn_output-17",""
458,5,MUL_MAT,0,285,61,694,"linear_attn_out-17","blk.17.ssm_out.weight","final_output-17"
458,34,SCALE,0,1,1,963,"ffn_moe_inp-17","node_2938",""
458,70,ADD,0,2,0,2307,"ffn_moe_out-17","node_2974","ffn_moe_weighted-17 (view)"
458,74,MUL_MAT,0,31,12,2433,"ffn_shexp-17","blk.17.ffn_down_shexp.weight","ffn_swiglu-17"
458,77,MUL,0,2,0,2458,"ffn_shexp_gated-17","ffn_shexp-17","shared_expert_gate_sigmoid-17"
458,78,ADD,0,2,0,2460,"ffn_out-17","ffn_moe_out-17","ffn_shexp_gated-17"
458,152,RMS_NORM,0,1,0,3969,"norm-18","attn_output-18",""
459,5,MUL_MAT,0,268,66,668,"linear_attn_out-18","blk.18.ssm_out.weight","final_output-18"
459,34,SCALE,0,0,2,912,"ffn_moe_inp-18","node_3092",""
459,70,ADD,0,1,10,1701,"ffn_moe_out-18","node_3128","ffn_moe_weighted-18 (view)"
459,74,MUL_MAT,0,27,13,1816,"ffn_shexp-18","blk.18.ffn_down_shexp.weight","ffn_swiglu-18"
459,77,MUL,0,2,3,1826,"ffn_shexp_gated-18","ffn_shexp-18","shared_expert_gate_sigmoid-18"
459,78,ADD,0,2,0,1828,"ffn_out-18","ffn_moe_out-18","ffn_shexp_gated-18"
459,151,RMS_NORM,0,5,0,2831,"norm-19","indexer_k_pooled-19 (reshaped)",""
460,38,MUL_MAT,0,299,50,765,"attn_output-19","blk.19.attn_output.weight","attn_gated-19"
460,66,SCALE,0,0,1,1038,"ffn_moe_inp-19","node_3279",""
460,102,ADD,0,1,1,1879,"ffn_moe_out-19","node_3315","ffn_moe_weighted-19 (view)"
460,106,MUL_MAT,0,23,12,1993,"ffn_shexp-19","blk.19.ffn_down_shexp.weight","ffn_swiglu-19"
460,109,MUL,0,2,0,2000,"ffn_shexp_gated-19","ffn_shexp-19","shared_expert_gate_sigmoid-19"
460,110,ADD,0,1,6,2008,"ffn_out-19","ffn_moe_out-19","ffn_shexp_gated-19"
460,184,RMS_NORM,0,1,1,3259,"norm-20","attn_output-20",""
461,5,MUL_MAT,0,192,137,638,"linear_attn_out-20","blk.20.ssm_out.weight","final_output-20"
461,34,SCALE,0,1,1,877,"ffn_moe_inp-20","node_3433",""
461,70,ADD,0,1,1,1678,"ffn_moe_out-20","node_3469","ffn_moe_weighted-20 (view)"
461,74,MUL_MAT,0,20,18,1802,"ffn_shexp-20","blk.20.ffn_down_shexp.weight","ffn_swiglu-20"
461,77,MUL,0,1,0,1809,"ffn_shexp_gated-20","ffn_shexp-20","shared_expert_gate_sigmoid-20"
461,78,ADD,0,1,1,1811,"ffn_out-20","ffn_moe_out-20","ffn_shexp_gated-20"
461,152,RMS_NORM,0,0,42,3288,"norm-21","attn_output-21",""
462,5,MUL_MAT,0,172,160,678,"linear_attn_out-21","blk.21.ssm_out.weight","final_output-21"
462,34,SCALE,0,1,1,969,"ffn_moe_inp-21","node_3587",""
462,70,ADD,0,1,1,1787,"ffn_moe_out-21","node_3623","ffn_moe_weighted-21 (view)"
462,74,MUL_MAT,0,20,19,1908,"ffn_shexp-21","blk.21.ffn_down_shexp.weight","ffn_swiglu-21"
462,77,MUL,0,1,1,1917,"ffn_shexp_gated-21","ffn_shexp-21","shared_expert_gate_sigmoid-21"
462,78,ADD,0,1,1,1919,"ffn_out-21","ffn_moe_out-21","ffn_shexp_gated-21"
462,152,RMS_NORM,0,1,1,3180,"norm-22","attn_output-22",""
463,5,MUL_MAT,0,247,113,716,"linear_attn_out-22","blk.22.ssm_out.weight","final_output-22"
463,34,SCALE,0,0,1,980,"ffn_moe_inp-22","node_3741",""
463,70,ADD,0,1,1,1837,"ffn_moe_out-22","node_3777","ffn_moe_weighted-22 (view)"
463,74,MUL_MAT,0,29,17,2051,"ffn_shexp-22","blk.22.ffn_down_shexp.weight","ffn_swiglu-22"
463,77,MUL,0,2,1,2061,"ffn_shexp_gated-22","ffn_shexp-22","shared_expert_gate_sigmoid-22"
463,78,ADD,0,1,16,2079,"ffn_out-22","ffn_moe_out-22","ffn_shexp_gated-22"
463,151,RMS_NORM,0,7,1,3173,"norm-23","indexer_k_pooled-23 (reshaped)",""
464,38,MUL_MAT,0,196,120,555,"attn_output-23","blk.23.attn_output.weight","attn_gated-23"
464,66,SCALE,0,0,2,860,"ffn_moe_inp-23","node_3928",""
464,102,ADD,0,2,0,2333,"ffn_moe_out-23","node_3964","ffn_moe_weighted-23 (view)"
464,106,MUL_MAT,0,28,12,2461,"ffn_shexp-23","blk.23.ffn_down_shexp.weight","ffn_swiglu-23"
464,109,MUL,0,2,0,2469,"ffn_shexp_gated-23","ffn_shexp-23","shared_expert_gate_sigmoid-23"
464,110,ADD,0,2,0,2471,"ffn_out-23","ffn_moe_out-23","ffn_shexp_gated-23"
464,184,RMS_NORM,0,0,1,4156,"norm-24","attn_output-24",""
465,5,MUL_MAT,0,314,2,615,"linear_attn_out-24","blk.24.ssm_out.weight","final_output-24"
465,34,SCALE,0,0,1,879,"ffn_moe_inp-24","node_4082",""
465,70,ADD,0,1,0,2359,"ffn_moe_out-24","node_4118","ffn_moe_weighted-24 (view)"
465,74,MUL_MAT,0,35,4,2485,"ffn_shexp-24","blk.24.ffn_down_shexp.weight","ffn_swiglu-24"
465,77,MUL,0,3,1,2510,"ffn_shexp_gated-24","ffn_shexp-24","shared_expert_gate_sigmoid-24"
465,78,ADD,0,1,1,2512,"ffn_out-24","ffn_moe_out-24","ffn_shexp_gated-24"
465,152,RMS_NORM,0,0,1,4086,"norm-25","attn_output-25",""
466,5,MUL_MAT,0,337,75,788,"linear_attn_out-25","blk.25.ssm_out.weight","final_output-25"
466,34,SCALE,0,0,13,1131,"ffn_moe_inp-25","node_4236",""
466,70,ADD,0,2,0,2040,"ffn_moe_out-25","node_4272","ffn_moe_weighted-25 (view)"
466,74,MUL_MAT,0,34,7,2168,"ffn_shexp-25","blk.25.ffn_down_shexp.weight","ffn_swiglu-25"
466,77,MUL,0,3,0,2199,"ffn_shexp_gated-25","ffn_shexp-25","shared_expert_gate_sigmoid-25"
466,78,ADD,0,1,8,2209,"ffn_out-25","ffn_moe_out-25","ffn_shexp_gated-25"
466,152,RMS_NORM,0,1,1,3720,"norm-26","attn_output-26",""
467,5,MUL_MAT,0,318,27,666,"linear_attn_out-26","blk.26.ssm_out.weight","final_output-26"
467,34,SCALE,0,0,2,932,"ffn_moe_inp-26","node_4390",""
467,70,ADD,0,1,1,2336,"ffn_moe_out-26","node_4426","ffn_moe_weighted-26 (view)"
467,74,MUL_MAT,0,34,5,2510,"ffn_shexp-26","blk.26.ffn_down_shexp.weight","ffn_swiglu-26"
467,77,MUL,0,3,11,2531,"ffn_shexp_gated-26","ffn_shexp-26","shared_expert_gate_sigmoid-26"
467,78,ADD,0,2,0,2533,"ffn_out-26","ffn_moe_out-26","ffn_shexp_gated-26"
467,151,RMS_NORM,0,8,1,3691,"norm-27","indexer_k_pooled-27 (reshaped)",""
468,38,MUL_MAT,0,310,47,583,"attn_output-27","blk.27.attn_output.weight","attn_gated-27"
468,66,SCALE,0,0,0,873,"ffn_moe_inp-27","node_4577",""
468,102,ADD,0,1,1,1656,"ffn_moe_out-27","node_4613","ffn_moe_weighted-27 (view)"
468,106,MUL_MAT,0,33,7,1770,"ffn_shexp-27","blk.27.ffn_down_shexp.weight","ffn_swiglu-27"
468,109,MUL,0,3,1,1780,"ffn_shexp_gated-27","ffn_shexp-27","shared_expert_gate_sigmoid-27"
468,110,ADD,0,2,0,1782,"ffn_out-27","ffn_moe_out-27","ffn_shexp_gated-27"
468,184,RMS_NORM,0,0,1,3567,"norm-28","attn_output-28",""
469,5,MUL_MAT,0,316,7,657,"linear_attn_out-28","blk.28.ssm_out.weight","final_output-28"
469,34,SCALE,0,0,1,929,"ffn_moe_inp-28","node_4731",""
469,70,ADD,0,1,1,1683,"ffn_moe_out-28","node_4767","ffn_moe_weighted-28 (view)"
469,74,MUL_MAT,0,33,13,1803,"ffn_shexp-28","blk.28.ffn_down_shexp.weight","ffn_swiglu-28"
469,77,MUL,0,3,0,1811,"ffn_shexp_gated-28","ffn_shexp-28","shared_expert_gate_sigmoid-28"
469,78,ADD,0,1,1,1814,"ffn_out-28","ffn_moe_out-28","ffn_shexp_gated-28"
469,152,RMS_NORM,0,1,0,3386,"norm-29","attn_output-29",""
470,5,MUL_MAT,0,315,15,674,"linear_attn_out-29","blk.29.ssm_out.weight","final_output-29"
470,34,SCALE,0,0,2,942,"ffn_moe_inp-29","node_4885",""
470,70,ADD,0,1,9,1877,"ffn_moe_out-29","node_4921","ffn_moe_weighted-29 (view)"
470,74,MUL_MAT,0,35,2,2105,"ffn_shexp-29","blk.29.ffn_down_shexp.weight","ffn_swiglu-29"
470,77,MUL,0,3,1,2115,"ffn_shexp_gated-29","ffn_shexp-29","shared_expert_gate_sigmoid-29"
470,78,ADD,0,1,1,2117,"ffn_out-29","ffn_moe_out-29","ffn_shexp_gated-29"
470,152,RMS_NORM,0,0,2,3592,"norm-30","attn_output-30",""
471,5,MUL_MAT,0,172,149,625,"linear_attn_out-30","blk.30.ssm_out.weight","final_output-30"
471,34,SCALE,0,0,2,860,"ffn_moe_inp-30","node_5039",""
471,70,ADD,0,1,1,1798,"ffn_moe_out-30","node_5075","ffn_moe_weighted-30 (view)"
471,74,MUL_MAT,0,26,13,1920,"ffn_shexp-30","blk.30.ffn_down_shexp.weight","ffn_swiglu-30"
471,77,MUL,0,3,0,1929,"ffn_shexp_gated-30","ffn_shexp-30","shared_expert_gate_sigmoid-30"
471,78,ADD,0,2,0,1931,"ffn_out-30","ffn_moe_out-30","ffn_shexp_gated-30"
471,151,RMS_NORM,0,4,0,3081,"norm-31","indexer_k_pooled-31 (reshaped)",""
472,38,MUL_MAT,0,159,162,545,"attn_output-31","blk.31.attn_output.weight","attn_gated-31"
472,66,SCALE,0,1,2,1035,"ffn_moe_inp-31","node_5226",""
472,102,ADD,0,2,0,1869,"ffn_moe_out-31","node_5262","ffn_moe_weighted-31 (view)"
472,106,MUL_MAT,0,33,4,1984,"ffn_shexp-31","blk.31.ffn_down_shexp.weight","ffn_swiglu-31"
472,109,MUL,0,3,0,2012,"ffn_shexp_gated-31","ffn_shexp-31","shared_expert_gate_sigmoid-31"
472,110,ADD,0,1,0,2014,"ffn_out-31","ffn_moe_out-31","ffn_shexp_gated-31"
472,184,RMS_NORM,0,1,103,3707,"norm-32","attn_output-32",""
473,5,MUL_MAT,0,302,40,694,"linear_attn_out-32","blk.32.ssm_out.weight","final_output-32"
473,34,SCALE,0,0,2,985,"ffn_moe_inp-32","node_5380",""
473,70,ADD,0,1,0,1846,"ffn_moe_out-32","node_5416","ffn_moe_weighted-32 (view)"
473,74,MUL_MAT,0,27,10,1976,"ffn_shexp-32","blk.32.ffn_down_shexp.weight","ffn_swiglu-32"
473,77,MUL,0,2,1,1993,"ffn_shexp_gated-32","ffn_shexp-32","shared_expert_gate_sigmoid-32"
473,78,ADD,0,1,1,1995,"ffn_out-32","ffn_moe_out-32","ffn_shexp_gated-32"
473,152,RMS_NORM,0,1,6,3321,"norm-33","attn_output-33",""
474,5,MUL_MAT,0,183,144,650,"linear_attn_out-33","blk.33.ssm_out.weight","final_output-33"
474,34,SCALE,0,0,2,895,"ffn_moe_inp-33","node_5534",""
474,70,ADD,0,1,1,1727,"ffn_moe_out-33","node_5570","ffn_moe_weighted-33 (view)"
474,74,MUL_MAT,0,37,11,1892,"ffn_shexp-33","blk.33.ffn_down_shexp.weight","ffn_swiglu-33"
474,77,MUL,0,2,1,1901,"ffn_shexp_gated-33","ffn_shexp-33","shared_expert_gate_sigmoid-33"
474,78,ADD,0,1,1,1903,"ffn_out-33","ffn_moe_out-33","ffn_shexp_gated-33"
474,152,RMS_NORM,0,0,2,3566,"norm-34","attn_output-34",""
475,5,MUL_MAT,0,186,151,693,"linear_attn_out-34","blk.34.ssm_out.weight","final_output-34"
475,34,SCALE,0,0,2,919,"ffn_moe_inp-34","node_5688",""
475,70,ADD,0,1,4,2483,"ffn_moe_out-34","node_5724","ffn_moe_weighted-34 (view)"
475,74,MUL_MAT,0,18,18,2596,"ffn_shexp-34","blk.34.ffn_down_shexp.weight","ffn_swiglu-34"
475,77,MUL,0,2,0,2603,"ffn_shexp_gated-34","ffn_shexp-34","shared_expert_gate_sigmoid-34"
475,78,ADD,0,1,1,2605,"ffn_out-34","ffn_moe_out-34","ffn_shexp_gated-34"
475,151,RMS_NORM,0,4,0,3576,"norm-35","indexer_k_pooled-35 (reshaped)",""
476,38,MUL_MAT,0,195,159,572,"attn_output-35","blk.35.attn_output.weight","attn_gated-35"
476,66,SCALE,0,0,1,879,"ffn_moe_inp-35","node_5875",""
476,102,ADD,0,1,1,1773,"ffn_moe_out-35","node_5911","ffn_moe_weighted-35 (view)"
476,106,MUL_MAT,0,18,17,1897,"ffn_shexp-35","blk.35.ffn_down_shexp.weight","ffn_swiglu-35"
476,109,MUL,0,1,0,1903,"ffn_shexp_gated-35","ffn_shexp-35","shared_expert_gate_sigmoid-35"
476,110,ADD,0,0,1,1905,"ffn_out-35","ffn_moe_out-35","ffn_shexp_gated-35"
476,184,RMS_NORM,0,1,1,3193,"norm-36","attn_output-36",""
477,5,MUL_MAT,0,337,0,656,"linear_attn_out-36","blk.36.ssm_out.weight","final_output-36"
477,34,SCALE,0,0,1,921,"ffn_moe_inp-36","node_6029",""
477,70,ADD,0,2,0,1874,"ffn_moe_out-36","node_6065","ffn_moe_weighted-36 (view)"
477,74,MUL_MAT,0,35,3,1988,"ffn_shexp-36","blk.36.ffn_down_shexp.weight","ffn_swiglu-36"
477,77,MUL,0,3,1,1998,"ffn_shexp_gated-36","ffn_shexp-36","shared_expert_gate_sigmoid-36"
477,78,ADD,0,2,0,2000,"ffn_out-36","ffn_moe_out-36","ffn_shexp_gated-36"
477,152,RMS_NORM,0,1,1,3888,"norm-37","attn_output-37",""
478,5,MUL_MAT,0,324,5,648,"linear_attn_out-37","blk.37.ssm_out.weight","final_output-37"
478,34,SCALE,0,1,1,924,"ffn_moe_inp-37","node_6183",""
478,70,ADD,0,2,0,1725,"ffn_moe_out-37","node_6219","ffn_moe_weighted-37 (view)"
478,74,MUL_MAT,0,40,0,1843,"ffn_shexp-37","blk.37.ffn_down_shexp.weight","ffn_swiglu-37"
478,77,MUL,0,3,0,1856,"ffn_shexp_gated-37","ffn_shexp-37","shared_expert_gate_sigmoid-37"
478,78,ADD,0,1,4,1862,"ffn_out-37","ffn_moe_out-37","ffn_shexp_gated-37"
478,152,RMS_NORM,0,1,0,3550,"norm-38","attn_output-38",""
479,5,MUL_MAT,0,328,8,666,"linear_attn_out-38","blk.38.ssm_out.weight","final_output-38"
479,34,SCALE,0,0,2,919,"ffn_moe_inp-38","node_6337",""
479,70,ADD,0,1,1,2355,"ffn_moe_out-38","node_6373","ffn_moe_weighted-38 (view)"
479,74,MUL_MAT,0,35,8,2485,"ffn_shexp-38","blk.38.ffn_down_shexp.weight","ffn_swiglu-38"
479,77,MUL,0,4,0,2495,"ffn_shexp_gated-38","ffn_shexp-38","shared_expert_gate_sigmoid-38"
479,78,ADD,0,1,0,2497,"ffn_out-38","ffn_moe_out-38","ffn_shexp_gated-38"
479,87,ADD,0,2,0,2523,"l_last-38","hc_combine-38","node_6390"
480,0,GET_ROWS,0,3,1,4,"model.input_embed","token_embd.weight","inp_tokens"
480,69,RMS_NORM,0,0,1,2524,"norm-0","attn_output-0",""
481,5,MUL_MAT,0,314,59,739,"linear_attn_out-0","blk.0.ssm_out.weight","final_output-0"
481,34,SCALE,0,0,1,1016,"ffn_moe_inp-0","node_104",""
481,70,ADD,0,1,0,1806,"ffn_moe_out-0","node_140","ffn_moe_weighted-0 (view)"
481,93,MUL_MAT,0,32,4,2724,"ffn_shexp-0","blk.0.ffn_down_shexp.weight","ffn_swiglu-0"
481,96,MUL,0,3,1,2733,"ffn_shexp_gated-0","ffn_shexp-0","shared_expert_gate_sigmoid-0"
481,97,ADD,0,2,7,2742,"ffn_out-0","ffn_moe_out-0","ffn_shexp_gated-0"
481,236,RMS_NORM,0,1,1,4736,"norm-1","attn_output-1",""
482,5,MUL_MAT,0,307,27,658,"linear_attn_out-1","blk.1.ssm_out.weight","final_output-1"
482,34,SCALE,0,1,0,946,"ffn_moe_inp-1","node_342",""
482,70,ADD,0,2,18,1870,"ffn_moe_out-1","node_378","ffn_moe_weighted-1 (view)"
482,74,MUL_MAT,0,34,6,2026,"ffn_shexp-1","blk.1.ffn_down_shexp.weight","ffn_swiglu-1"
482,77,MUL,0,3,0,2035,"ffn_shexp_gated-1","ffn_shexp-1","shared_expert_gate_sigmoid-1"
482,78,ADD,0,1,1,2038,"ffn_out-1","ffn_moe_out-1","ffn_shexp_gated-1"
482,152,RMS_NORM,0,0,1,3678,"norm-2","attn_output-2",""
483,5,MUL_MAT,0,300,39,653,"linear_attn_out-2","blk.2.ssm_out.weight","final_output-2"
483,34,SCALE,0,0,1,904,"ffn_moe_inp-2","node_496",""
483,70,ADD,0,1,1,2512,"ffn_moe_out-2","node_532","ffn_moe_weighted-2 (view)"
483,74,MUL_MAT,0,31,13,2635,"ffn_shexp-2","blk.2.ffn_down_shexp.weight","ffn_swiglu-2"
483,77,MUL,0,3,0,2645,"ffn_shexp_gated-2","ffn_shexp-2","shared_expert_gate_sigmoid-2"
483,78,ADD,0,2,0,2647,"ffn_out-2","ffn_moe_out-2","ffn_shexp_gated-2"
483,151,RMS_NORM,0,4,1,3793,"norm-3","indexer_k_pooled-3 (reshaped)",""
484,38,MUL_MAT,0,263,47,551,"attn_output-3","blk.3.attn_output.weight","attn_gated-3"
484,66,SCALE,0,0,10,784,"ffn_moe_inp-3","node_683",""
484,102,ADD,0,1,0,1533,"ffn_moe_out-3","node_719","ffn_moe_weighted-3 (view)"
484,106,MUL_MAT,0,26,8,1646,"ffn_shexp-3","blk.3.ffn_down_shexp.weight","ffn_swiglu-3"
484,109,MUL,0,1,1,1654,"ffn_shexp_gated-3","ffn_shexp-3","shared_expert_gate_sigmoid-3"
484,110,ADD,0,1,0,1655,"ffn_out-3","ffn_moe_out-3","ffn_shexp_gated-3"
484,184,RMS_NORM,0,0,2,2963,"norm-4","attn_output-4",""
485,5,MUL_MAT,0,293,66,702,"linear_attn_out-4","blk.4.ssm_out.weight","final_output-4"
485,34,SCALE,0,0,1,966,"ffn_moe_inp-4","node_837",""
485,70,ADD,0,1,1,2571,"ffn_moe_out-4","node_873","ffn_moe_weighted-4 (view)"
485,74,MUL_MAT,0,19,21,2684,"ffn_shexp-4","blk.4.ffn_down_shexp.weight","ffn_swiglu-4"
485,77,MUL,0,1,1,2693,"ffn_shexp_gated-4","ffn_shexp-4","shared_expert_gate_sigmoid-4"
485,78,ADD,0,1,1,2695,"ffn_out-4","ffn_moe_out-4","ffn_shexp_gated-4"
485,152,RMS_NORM,0,1,1,3961,"norm-5","attn_output-5",""
486,5,MUL_MAT,0,170,154,627,"linear_attn_out-5","blk.5.ssm_out.weight","final_output-5"
486,34,SCALE,0,0,2,1085,"ffn_moe_inp-5","node_991",""
486,70,ADD,0,1,1,1904,"ffn_moe_out-5","node_1027","ffn_moe_weighted-5 (view)"
486,74,MUL_MAT,0,28,9,2032,"ffn_shexp-5","blk.5.ffn_down_shexp.weight","ffn_swiglu-5"
486,77,MUL,0,2,0,2040,"ffn_shexp_gated-5","ffn_shexp-5","shared_expert_gate_sigmoid-5"
486,78,ADD,0,1,1,2042,"ffn_out-5","ffn_moe_out-5","ffn_shexp_gated-5"
486,152,RMS_NORM,0,1,2,3510,"norm-6","attn_output-6",""
487,5,MUL_MAT,0,175,204,706,"linear_attn_out-6","blk.6.ssm_out.weight","final_output-6"
487,34,SCALE,0,0,1,1032,"ffn_moe_inp-6","node_1145",""
487,70,ADD,0,1,0,1858,"ffn_moe_out-6","node_1181","ffn_moe_weighted-6 (view)"
487,74,MUL_MAT,0,32,13,1987,"ffn_shexp-6","blk.6.ffn_down_shexp.weight","ffn_swiglu-6"
487,77,MUL,0,2,0,1995,"ffn_shexp_gated-6","ffn_shexp-6","shared_expert_gate_sigmoid-6"
487,78,ADD,0,1,1,1997,"ffn_out-6","ffn_moe_out-6","ffn_shexp_gated-6"
487,151,RMS_NORM,0,4,1,3058,"norm-7","indexer_k_pooled-7 (reshaped)",""
488,38,MUL_MAT,0,250,67,539,"attn_output-7","blk.7.attn_output.weight","attn_gated-7"
488,66,SCALE,0,0,1,797,"ffn_moe_inp-7","node_1332",""
488,102,ADD,0,1,1,1557,"ffn_moe_out-7","node_1368","ffn_moe_weighted-7 (view)"
488,106,MUL_MAT,0,38,4,1685,"ffn_shexp-7","blk.7.ffn_down_shexp.weight","ffn_swiglu-7"
488,109,MUL,0,2,0,1693,"ffn_shexp_gated-7","ffn_shexp-7","shared_expert_gate_sigmoid-7"
488,110,ADD,0,1,1,1696,"ffn_out-7","ffn_moe_out-7","ffn_shexp_gated-7"
488,184,RMS_NORM,0,0,1,2961,"norm-8","attn_output-8",""
489,5,MUL_MAT,0,281,43,644,"linear_attn_out-8","blk.8.ssm_out.weight","final_output-8"
489,34,SCALE,0,0,2,875,"ffn_moe_inp-8","node_1486",""
489,70,ADD,0,1,1,1611,"ffn_moe_out-8","node_1522","ffn_moe_weighted-8 (view)"
489,74,MUL_MAT,0,29,6,1719,"ffn_shexp-8","blk.8.ffn_down_shexp.weight","ffn_swiglu-8"
489,77,MUL,0,2,1,1726,"ffn_shexp_gated-8","ffn_shexp-8","shared_expert_gate_sigmoid-8"
489,78,ADD,0,1,1,1728,"ffn_out-8","ffn_moe_out-8","ffn_shexp_gated-8"
489,152,RMS_NORM,0,0,1,3125,"norm-9","attn_output-9",""
490,5,MUL_MAT,0,279,73,709,"linear_attn_out-9","blk.9.ssm_out.weight","final_output-9"
490,34,SCALE,0,0,2,983,"ffn_moe_inp-9","node_1640",""
490,70,ADD,0,1,5,1759,"ffn_moe_out-9","node_1676","ffn_moe_weighted-9 (view)"
490,74,MUL_MAT,0,31,70,1934,"ffn_shexp-9","blk.9.ffn_down_shexp.weight","ffn_swiglu-9"
490,77,MUL,0,2,0,1951,"ffn_shexp_gated-9","ffn_shexp-9","shared_expert_gate_sigmoid-9"
490,78,ADD,0,1,1,1953,"ffn_out-9","ffn_moe_out-9","ffn_shexp_gated-9"
490,152,RMS_NORM,0,0,1,3253,"norm-10","attn_output-10",""
491,5,MUL_MAT,0,289,52,744,"linear_attn_out-10","blk.10.ssm_out.weight","final_output-10"
491,34,SCALE,0,0,1,989,"ffn_moe_inp-10","node_1794",""
491,70,ADD,0,1,1,2245,"ffn_moe_out-10","node_1830","ffn_moe_weighted-10 (view)"
491,74,MUL_MAT,0,29,10,2365,"ffn_shexp-10","blk.10.ffn_down_shexp.weight","ffn_swiglu-10"
491,77,MUL,0,2,16,2496,"ffn_shexp_gated-10","ffn_shexp-10","shared_expert_gate_sigmoid-10"
491,78,ADD,0,1,14,2511,"ffn_out-10","ffn_moe_out-10","ffn_shexp_gated-10"
491,151,RMS_NORM,0,9,1,3723,"norm-11","indexer_k_pooled-11 (reshaped)",""
492,38,MUL_MAT,0,302,7,538,"attn_output-11","blk.11.attn_output.weight","attn_gated-11"
492,66,SCALE,0,0,2,780,"ffn_moe_inp-11","node_1981",""
492,102,ADD,0,1,1,1511,"ffn_moe_out-11","node_2017","ffn_moe_weighted-11 (view)"
492,106,MUL_MAT,0,32,1,1617,"ffn_shexp-11","blk.11.ffn_down_shexp.weight","ffn_swiglu-11"
492,109,MUL,0,3,0,1626,"ffn_shexp_gated-11","ffn_shexp-11","shared_expert_gate_sigmoid-11"
492,110,ADD,0,2,0,1628,"ffn_out-11","ffn_moe_out-11","ffn_shexp_gated-11"
492,184,RMS_NORM,0,1,9,3485,"norm-12","attn_output-12",""
493,5,MUL_MAT,0,311,10,633,"linear_attn_out-12","blk.12.ssm_out.weight","final_output-12"
493,34,SCALE,0,0,1,901,"ffn_moe_inp-12","node_2135",""
493,70,ADD,0,2,0,1674,"ffn_moe_out-12","node_2171","ffn_moe_weighted-12 (view)"
493,74,MUL_MAT,0,33,5,1800,"ffn_shexp-12","blk.12.ffn_down_shexp.weight","ffn_swiglu-12"
493,77,MUL,0,4,0,1808,"ffn_shexp_gated-12","ffn_shexp-12","shared_expert_gate_sigmoid-12"
493,78,ADD,0,1,1,1810,"ffn_out-12","ffn_moe_out-12","ffn_shexp_gated-12"
493,152,RMS_NORM,0,0,1,3341,"norm-13","attn_output-13",""
494,5,MUL_MAT,0,320,17,671,"linear_attn_out-13","blk.13.ssm_out.weight","final_output-13"
494,34,SCALE,0,0,1,948,"ffn_moe_inp-13","node_2289",""
494,70,ADD,0,2,0,1799,"ffn_moe_out-13","node_2325","ffn_moe_weighted-13 (view)"
494,74,MUL_MAT,0,40,9,2103,"ffn_shexp-13","blk.13.ffn_down_shexp.weight","ffn_swiglu-13"
494,77,MUL,0,2,0,2119,"ffn_shexp_gated-13","ffn_shexp-13","shared_expert_gate_sigmoid-13"
494,78,ADD,0,1,1,2121,"ffn_out-13","ffn_moe_out-13","ffn_shexp_gated-13"
494,152,RMS_NORM,0,1,5,3510,"norm-14","attn_output-14",""
495,5,MUL_MAT,0,287,53,677,"linear_attn_out-14","blk.14.ssm_out.weight","final_output-14"
495,34,SCALE,0,1,0,917,"ffn_moe_inp-14","node_2443",""
495,70,ADD,0,1,4,1688,"ffn_moe_out-14","node_2479","ffn_moe_weighted-14 (view)"
495,74,MUL_MAT,0,32,8,1905,"ffn_shexp-14","blk.14.ffn_down_shexp.weight","ffn_swiglu-14"
495,77,MUL,0,2,0,1913,"ffn_shexp_gated-14","ffn_shexp-14","shared_expert_gate_sigmoid-14"
495,78,ADD,0,1,1,1916,"ffn_out-14","ffn_moe_out-14","ffn_shexp_gated-14"
495,151,RMS_NORM,0,9,1,3056,"norm-15","indexer_k_pooled-15 (reshaped)",""
496,38,MUL_MAT,0,320,9,579,"attn_output-15","blk.15.attn_output.weight","attn_gated-15"
496,66,SCALE,0,0,1,843,"ffn_moe_inp-15","node_2630",""
496,102,ADD,0,1,1,1664,"ffn_moe_out-15","node_2666","ffn_moe_weighted-15 (view)"
496,106,MUL_MAT,0,32,4,1804,"ffn_shexp-15","blk.15.ffn_down_shexp.weight","ffn_swiglu-15"
496,109,MUL,0,4,0,1813,"ffn_shexp_gated-15","ffn_shexp-15","shared_expert_gate_sigmoid-15"
496,110,ADD,0,2,0,1815,"ffn_out-15","ffn_moe_out-15","ffn_shexp_gated-15"
496,184,RMS_NORM,0,0,1,3369,"norm-16","attn_output-16",""
497,5,MUL_MAT,0,309,17,633,"linear_attn_out-16","blk.16.ssm_out.weight","final_output-16"
497,34,SCALE,0,0,2,896,"ffn_moe_inp-16","node_2784",""
497,70,ADD,0,2,0,1793,"ffn_moe_out-16","node_2820","ffn_moe_weighted-16 (view)"
497,74,MUL_MAT,0,38,1,1914,"ffn_shexp-16","blk.16.ffn_down_shexp.weight","ffn_swiglu-16"
497,77,MUL,0,4,0,1924,"ffn_shexp_gated-16","ffn_shexp-16","shared_expert_gate_sigmoid-16"
497,78,ADD,0,2,0,1926,"ffn_out-16","ffn_moe_out-16","ffn_shexp_gated-16"
497,152,RMS_NORM,0,1,1,3631,"norm-17","attn_output-17",""
498,5,MUL_MAT,0,305,11,621,"linear_attn_out-17","blk.17.ssm_out.weight","final_output-17"
498,34,SCALE,0,0,1,869,"ffn_moe_inp-17","node_2938",""
498,70,ADD,0,1,1,2167,"ffn_moe_out-17","node_2974","ffn_moe_weighted-17 (view)"
498,74,MUL_MAT,0,36,4,2299,"ffn_shexp-17","blk.17.ffn_down_shexp.weight","ffn_swiglu-17"
498,77,MUL,0,3,0,2309,"ffn_shexp_gated-17","ffn_shexp-17","shared_expert_gate_sigmoid-17"
498,78,ADD,0,2,0,2311,"ffn_out-17","ffn_moe_out-17","ffn_shexp_gated-17"
498,152,RMS_NORM,0,0,15,4005,"norm-18","attn_output-18",""
499,5,MUL_MAT,0,307,6,636,"linear_attn_out-18","blk.18.ssm_out.weight","final_output-18"
499,34,SCALE,0,0,8,886,"ffn_moe_inp-18","node_3092",""
499,70,ADD,0,2,0,1689,"ffn_moe_out-18","node_3128","ffn_moe_weighted-18 (view)"
499,74,MUL_MAT,0,36,0,1801,"ffn_shexp-18","blk.18.ffn_down_shexp.weight","ffn_swiglu-18"
499,77,MUL,0,3,7,1818,"ffn_shexp_gated-18","ffn_shexp-18","shared_expert_gate_sigmoid-18"
499,78,ADD,0,2,0,1820,"ffn_out-18","ffn_moe_out-18","ffn_shexp_gated-18"
499,151,RMS_NORM,0,8,1,2872,"norm-19","indexer_k_pooled-19 (reshaped)",""
500,38,MUL_MAT,0,330,12,678,"attn_output-19","blk.19.attn_output.weight","attn_gated-19"
500,66,SCALE,0,0,1,948,"ffn_moe_inp-19","node_3279",""
500,102,ADD,0,1,0,1777,"ffn_moe_out-19","node_3315","ffn_moe_weighted-19 (view)"
500,106,MUL_MAT,0,34,4,1983,"ffn_shexp-19","blk.19.ffn_down_shexp.weight","ffn_swiglu-19"
500,109,MUL,0,3,6,2000,"ffn_shexp_gated-19","ffn_shexp-19","shared_expert_gate_sigmoid-19"
500,110,ADD,0,1,7,2008,"ffn_out-19","ffn_moe_out-19","ffn_shexp_gated-19"
500,184,RMS_NORM,0,0,1,3563,"norm-20","attn_output-20",""
501,5,MUL_MAT,0,306,12,620,"linear_attn_out-20","blk.20.ssm_out.weight","final_output-20"
501,34,SCALE,0,0,0,872,"ffn_moe_inp-20","node_3433",""
501,70,ADD,0,1,0,2126,"ffn_moe_out-20","node_3469","ffn_moe_weighted-20 (view)"
501,74,MUL_MAT,0,36,5,2261,"ffn_shexp-20","blk.20.ffn_down_shexp.weight","ffn_swiglu-20"
501,77,MUL,0,3,0,2271,"ffn_shexp_gated-20","ffn_shexp-20","shared_expert_gate_sigmoid-20"
501,78,ADD,0,2,0,2286,"ffn_out-20","ffn_moe_out-20","ffn_shexp_gated-20"
501,152,RMS_NORM,0,0,1,3950,"norm-21","attn_output-21",""
502,5,MUL_MAT,0,315,1,627,"linear_attn_out-21","blk.21.ssm_out.weight","final_output-21"
502,34,SCALE,0,0,1,871,"ffn_moe_inp-21","node_3587",""
502,70,ADD,0,1,1,2299,"ffn_moe_out-21","node_3623","ffn_moe_weighted-21 (view)"
502,74,MUL_MAT,0,34,2,2413,"ffn_shexp-21","blk.21.ffn_down_shexp.weight","ffn_swiglu-21"
502,77,MUL,0,3,0,2431,"ffn_shexp_gated-21","ffn_shexp-21","shared_expert_gate_sigmoid-21"
502,78,ADD,0,1,0,2433,"ffn_out-21","ffn_moe_out-21","ffn_shexp_gated-21"
502,152,RMS_NORM,0,0,1,4047,"norm-22","attn_output-22",""
503,5,MUL_MAT,0,339,10,690,"linear_attn_out-22","blk.22.ssm_out.weight","final_output-22"
503,34,SCALE,0,0,1,971,"ffn_moe_inp-22","node_3741",""
503,70,ADD,0,1,1,1761,"ffn_moe_out-22","node_3777","ffn_moe_weighted-22 (view)"
503,74,MUL_MAT,0,34,2,1876,"ffn_shexp-22","blk.22.ffn_down_shexp.weight","ffn_swiglu-22"
503,77,MUL,0,3,0,1886,"ffn_shexp_gated-22","ffn_shexp-22","shared_expert_gate_sigmoid-22"
503,78,ADD,0,1,1,1889,"ffn_out-22","ffn_moe_out-22","ffn_shexp_gated-22"
503,151,RMS_NORM,0,5,0,3002,"norm-23","indexer_k_pooled-23 (reshaped)",""
504,38,MUL_MAT,0,262,79,557,"attn_output-23","blk.23.attn_output.weight","attn_gated-23"
504,66,SCALE,0,0,2,788,"ffn_moe_inp-23","node_3928",""
504,102,ADD,0,1,1,1661,"ffn_moe_out-23","node_3964","ffn_moe_weighted-23 (view)"
504,106,MUL_MAT,0,29,6,1782,"ffn_shexp-23","blk.23.ffn_down_shexp.weight","ffn_swiglu-23"
504,109,MUL,0,2,0,1807,"ffn_shexp_gated-23","ffn_shexp-23","shared_expert_gate_sigmoid-23"
504,110,ADD,0,2,0,1809,"ffn_out-23","ffn_moe_out-23","ffn_shexp_gated-23"
504,184,RMS_NORM,0,1,1,3272,"norm-24","attn_output-24",""
505,5,MUL_MAT,0,270,64,650,"linear_attn_out-24","blk.24.ssm_out.weight","final_output-24"
505,34,SCALE,0,0,1,885,"ffn_moe_inp-24","node_4082",""
505,70,ADD,0,1,0,1686,"ffn_moe_out-24","node_4118","ffn_moe_weighted-24 (view)"
505,74,MUL_MAT,0,30,7,1799,"ffn_shexp-24","blk.24.ffn_down_shexp.weight","ffn_swiglu-24"
505,77,MUL,0,2,0,1806,"ffn_shexp_gated-24","ffn_shexp-24","shared_expert_gate_sigmoid-24"
505,78,ADD,0,2,0,1808,"ffn_out-24","ffn_moe_out-24","ffn_shexp_gated-24"
505,152,RMS_NORM,0,1,1,3169,"norm-25","attn_output-25",""
506,5,MUL_MAT,0,287,54,697,"linear_attn_out-25","blk.25.ssm_out.weight","final_output-25"
506,34,SCALE,0,0,1,1019,"ffn_moe_inp-25","node_4236",""
506,70,ADD,0,1,1,1979,"ffn_moe_out-25","node_4272","ffn_moe_weighted-25 (view)"
506,74,MUL_MAT,0,30,6,2093,"ffn_shexp-25","blk.25.ffn_down_shexp.weight","ffn_swiglu-25"
506,77,MUL,0,2,0,2100,"ffn_shexp_gated-25","ffn_shexp-25","shared_expert_gate_sigmoid-25"
506,78,ADD,0,1,1,2102,"ffn_out-25","ffn_moe_out-25","ffn_shexp_gated-25"
506,152,RMS_NORM,0,1,0,3486,"norm-26","attn_output-26",""
507,5,MUL_MAT,0,269,57,641,"linear_attn_out-26","blk.26.ssm_out.weight","final_output-26"
507,34,SCALE,0,0,2,875,"ffn_moe_inp-26","node_4390",""
507,70,ADD,0,1,0,1769,"ffn_moe_out-26","node_4426","ffn_moe_weighted-26 (view)"
507,74,MUL_MAT,0,33,11,1894,"ffn_shexp-26","blk.26.ffn_down_shexp.weight","ffn_swiglu-26"
507,77,MUL,0,2,0,1902,"ffn_shexp_gated-26","ffn_shexp-26","shared_expert_gate_sigmoid-26"
507,78,ADD,0,2,0,1904,"ffn_out-26","ffn_moe_out-26","ffn_shexp_gated-26"
507,151,RMS_NORM,0,4,1,3031,"norm-27","indexer_k_pooled-27 (reshaped)",""
508,38,MUL_MAT,0,261,55,546,"attn_output-27","blk.27.attn_output.weight","attn_gated-27"
508,66,SCALE,0,1,1,776,"ffn_moe_inp-27","node_4577",""
508,102,ADD,0,0,1,1992,"ffn_moe_out-27","node_4613","ffn_moe_weighted-27 (view)"
508,106,MUL_MAT,0,19,18,2115,"ffn_shexp-27","blk.27.ffn_down_shexp.weight","ffn_swiglu-27"
508,109,MUL,0,2,0,2123,"ffn_shexp_gated-27","ffn_shexp-27","shared_expert_gate_sigmoid-27"
508,110,ADD,0,1,0,2124,"ffn_out-27","ffn_moe_out-27","ffn_shexp_gated-27"
508,184,RMS_NORM,0,0,1,3436,"norm-28","attn_output-28",""
509,5,MUL_MAT,0,285,70,734,"linear_attn_out-28","blk.28.ssm_out.weight","final_output-28"
509,34,SCALE,0,0,1,1059,"ffn_moe_inp-28","node_4731",""
509,70,ADD,0,1,1,1855,"ffn_moe_out-28","node_4767","ffn_moe_weighted-28 (view)"
509,74,MUL_MAT,0,29,6,1969,"ffn_shexp-28","blk.28.ffn_down_shexp.weight","ffn_swiglu-28"
509,77,MUL,0,2,0,1979,"ffn_shexp_gated-28","ffn_shexp-28","shared_expert_gate_sigmoid-28"
509,78,ADD,0,1,1,1981,"ffn_out-28","ffn_moe_out-28","ffn_shexp_gated-28"
509,152,RMS_NORM,0,1,2,3292,"norm-29","attn_output-29",""
510,5,MUL_MAT,0,281,43,647,"linear_attn_out-29","blk.29.ssm_out.weight","final_output-29"
510,34,SCALE,0,1,1,893,"ffn_moe_inp-29","node_4885",""
510,70,ADD,0,1,1,2568,"ffn_moe_out-29","node_4921","ffn_moe_weighted-29 (view)"
510,74,MUL_MAT,0,30,10,2685,"ffn_shexp-29","blk.29.ffn_down_shexp.weight","ffn_swiglu-29"
510,77,MUL,0,2,0,2693,"ffn_shexp_gated-29","ffn_shexp-29","shared_expert_gate_sigmoid-29"
510,78,ADD,0,1,0,2694,"ffn_out-29","ffn_moe_out-29","ffn_shexp_gated-29"
510,152,RMS_NORM,0,1,2,4322,"norm-30","attn_output-30",""
511,5,MUL_MAT,0,271,58,647,"linear_attn_out-30","blk.30.ssm_out.weight","final_output-30"
511,34,SCALE,0,0,2,896,"ffn_moe_inp-30","node_5039",""
511,70,ADD,0,1,0,1788,"ffn_moe_out-30","node_5075","ffn_moe_weighted-30 (view)"
511,74,MUL_MAT,0,27,9,1901,"ffn_shexp-30","blk.30.ffn_down_shexp.weight","ffn_swiglu-30"
511,77,MUL,0,2,0,1909,"ffn_shexp_gated-30","ffn_shexp-30","shared_expert_gate_sigmoid-30"
511,78,ADD,0,1,1,1912,"ffn_out-30","ffn_moe_out-30","ffn_shexp_gated-30"
511,151,RMS_NORM,0,5,0,2980,"norm-31","indexer_k_pooled-31 (reshaped)",""
512,38,MUL_MAT,0,258,68,569,"attn_output-31","blk.31.attn_output.weight","attn_gated-31"
512,66,SCALE,0,0,2,824,"ffn_moe_inp-31","node_5226",""
512,102,ADD,0,1,0,1768,"ffn_moe_out-31","node_5262","ffn_moe_weighted-31 (view)"
512,106,MUL_MAT,0,30,4,1874,"ffn_shexp-31","blk.31.ffn_down_shexp.weight","ffn_swiglu-31"
512,109,MUL,0,2,0,1883,"ffn_shexp_gated-31","ffn_shexp-31","shared_expert_gate_sigmoid-31"
512,110,ADD,0,1,1,1885,"ffn_out-31","ffn_moe_out-31","ffn_shexp_gated-31"
512,184,RMS_NORM,0,1,1,3539,"norm-32","attn_output-32",""
513,5,MUL_MAT,0,310,13,640,"linear_attn_out-32","blk.32.ssm_out.weight","final_output-32"
513,34,SCALE,0,0,2,908,"ffn_moe_inp-32","node_5380",""
513,70,ADD,0,2,0,1903,"ffn_moe_out-32","node_5416","ffn_moe_weighted-32 (view)"
513,74,MUL_MAT,0,36,2,2023,"ffn_shexp-32","blk.32.ffn_down_shexp.weight","ffn_swiglu-32"
513,77,MUL,0,3,1,2037,"ffn_shexp_gated-32","ffn_shexp-32","shared_expert_gate_sigmoid-32"
513,78,ADD,0,1,1,2039,"ffn_out-32","ffn_moe_out-32","ffn_shexp_gated-32"
513,152,RMS_NORM,0,1,0,3680,"norm-33","attn_output-33",""
514,5,MUL_MAT,0,312,1,653,"linear_attn_out-33","blk.33.ssm_out.weight","final_output-33"
514,34,SCALE,0,1,2,918,"ffn_moe_inp-33","node_5534",""
514,70,ADD,0,1,1,1729,"ffn_moe_out-33","node_5570","ffn_moe_weighted-33 (view)"
514,74,MUL_MAT,0,20,17,1851,"ffn_shexp-33","blk.33.ffn_down_shexp.weight","ffn_swiglu-33"
514,77,MUL,0,1,1,1859,"ffn_shexp_gated-33","ffn_shexp-33","shared_expert_gate_sigmoid-33"
514,78,ADD,0,1,1,1861,"ffn_out-33","ffn_moe_out-33","ffn_shexp_gated-33"
514,152,RMS_NORM,0,0,2,3089,"norm-34","attn_output-34",""
515,5,MUL_MAT,0,289,54,684,"linear_attn_out-34","blk.34.ssm_out.weight","final_output-34"
515,34,SCALE,0,0,2,982,"ffn_moe_inp-34","node_5688",""
515,70,ADD,0,1,0,1886,"ffn_moe_out-34","node_5724","ffn_moe_weighted-34 (view)"
515,74,MUL_MAT,0,31,4,2012,"ffn_shexp-34","blk.34.ffn_down_shexp.weight","ffn_swiglu-34"
515,77,MUL,0,1,1,2021,"ffn_shexp_gated-34","ffn_shexp-34","shared_expert_gate_sigmoid-34"
515,78,ADD,0,1,0,2022,"ffn_out-34","ffn_moe_out-34","ffn_shexp_gated-34"
515,151,RMS_NORM,0,5,0,3013,"norm-35","indexer_k_pooled-35 (reshaped)",""
516,38,MUL_MAT,0,236,71,514,"attn_output-35","blk.35.attn_output.weight","attn_gated-35"
516,66,SCALE,0,0,1,777,"ffn_moe_inp-35","node_5875",""
516,102,ADD,0,1,0,2129,"ffn_moe_out-35","node_5911","ffn_moe_weighted-35 (view)"
516,106,MUL_MAT,0,38,4,2243,"ffn_shexp-35","blk.35.ffn_down_shexp.weight","ffn_swiglu-35"
516,109,MUL,0,2,1,2250,"ffn_shexp_gated-35","ffn_shexp-35","shared_expert_gate_sigmoid-35"
516,110,ADD,0,1,1,2252,"ffn_out-35","ffn_moe_out-35","ffn_shexp_gated-35"
516,184,RMS_NORM,0,0,1,3679,"norm-36","attn_output-36",""
517,5,MUL_MAT,0,256,84,672,"linear_attn_out-36","blk.36.ssm_out.weight","final_output-36"
517,34,SCALE,0,0,2,962,"ffn_moe_inp-36","node_6029",""
517,70,ADD,0,1,0,1760,"ffn_moe_out-36","node_6065","ffn_moe_weighted-36 (view)"
517,74,MUL_MAT,0,29,8,1878,"ffn_shexp-36","blk.36.ffn_down_shexp.weight","ffn_swiglu-36"
517,77,MUL,0,2,0,1894,"ffn_shexp_gated-36","ffn_shexp-36","shared_expert_gate_sigmoid-36"
517,78,ADD,0,1,1,1896,"ffn_out-36","ffn_moe_out-36","ffn_shexp_gated-36"
517,152,RMS_NORM,0,1,1,3304,"norm-37","attn_output-37",""
518,5,MUL_MAT,0,192,170,735,"linear_attn_out-37","blk.37.ssm_out.weight","final_output-37"
518,34,SCALE,0,1,1,988,"ffn_moe_inp-37","node_6183",""
518,70,ADD,0,1,1,2660,"ffn_moe_out-37","node_6219","ffn_moe_weighted-37 (view)"
518,74,MUL_MAT,0,17,18,2766,"ffn_shexp-37","blk.37.ffn_down_shexp.weight","ffn_swiglu-37"
518,77,MUL,0,1,1,2775,"ffn_shexp_gated-37","ffn_shexp-37","shared_expert_gate_sigmoid-37"
518,78,ADD,0,1,0,2776,"ffn_out-37","ffn_moe_out-37","ffn_shexp_gated-37"
518,152,RMS_NORM,0,0,2,3977,"norm-38","attn_output-38",""
519,5,MUL_MAT,0,170,162,648,"linear_attn_out-38","blk.38.ssm_out.weight","final_output-38"
519,34,SCALE,0,0,1,1026,"ffn_moe_inp-38","node_6337",""
519,70,ADD,0,2,0,1879,"ffn_moe_out-38","node_6373","ffn_moe_weighted-38 (view)"
519,74,MUL_MAT,0,39,0,1998,"ffn_shexp-38","blk.38.ffn_down_shexp.weight","ffn_swiglu-38"
519,77,MUL,0,2,0,2013,"ffn_shexp_gated-38","ffn_shexp-38","shared_expert_gate_sigmoid-38"
519,78,ADD,0,2,0,2015,"ffn_out-38","ffn_moe_out-38","ffn_shexp_gated-38"
519,87,ADD,0,1,1,2049,"l_last-38","hc_combine-38","node_6390"
520,0,GET_ROWS,0,3,0,3,"model.input_embed","token_embd.weight","inp_tokens"
520,69,RMS_NORM,0,0,1,1307,"norm-0","attn_output-0",""
521,5,MUL_MAT,0,273,70,675,"linear_attn_out-0","blk.0.ssm_out.weight","final_output-0"
521,34,SCALE,0,0,2,920,"ffn_moe_inp-0","node_104",""
521,70,ADD,0,1,1,1727,"ffn_moe_out-0","node_140","ffn_moe_weighted-0 (view)"
521,93,MUL_MAT,0,23,11,2584,"ffn_shexp-0","blk.0.ffn_down_shexp.weight","ffn_swiglu-0"
521,96,MUL,0,2,0,2603,"ffn_shexp_gated-0","ffn_shexp-0","shared_expert_gate_sigmoid-0"
521,97,ADD,0,1,10,2614,"ffn_out-0","ffn_moe_out-0","ffn_shexp_gated-0"
521,236,RMS_NORM,0,0,125,4662,"norm-1","attn_output-1",""
522,5,MUL_MAT,0,268,62,693,"linear_attn_out-1","blk.1.ssm_out.weight","final_output-1"
522,34,SCALE,0,0,1,935,"ffn_moe_inp-1","node_342",""
522,70,ADD,0,2,0,1735,"ffn_moe_out-1","node_378","ffn_moe_weighted-1 (view)"
522,74,MUL_MAT,0,30,10,1849,"ffn_shexp-1","blk.1.ffn_down_shexp.weight","ffn_swiglu-1"
522,77,MUL,0,2,0,1857,"ffn_shexp_gated-1","ffn_shexp-1","shared_expert_gate_sigmoid-1"
522,78,ADD,0,1,0,1859,"ffn_out-1","ffn_moe_out-1","ffn_shexp_gated-1"
522,152,RMS_NORM,0,0,2,3121,"norm-2","attn_output-2",""
523,5,MUL_MAT,0,279,64,667,"linear_attn_out-2","blk.2.ssm_out.weight","final_output-2"
523,34,SCALE,0,0,1,935,"ffn_moe_inp-2","node_496",""
523,70,ADD,0,1,0,1977,"ffn_moe_out-2","node_532","ffn_moe_weighted-2 (view)"
523,74,MUL_MAT,0,34,12,2152,"ffn_shexp-2","blk.2.ffn_down_shexp.weight","ffn_swiglu-2"
523,77,MUL,0,2,0,2179,"ffn_shexp_gated-2","ffn_shexp-2","shared_expert_gate_sigmoid-2"
523,78,ADD,0,1,1,2181,"ffn_out-2","ffn_moe_out-2","ffn_shexp_gated-2"
523,151,RMS_NORM,0,4,1,3266,"norm-3","indexer_k_pooled-3 (reshaped)",""
524,38,MUL_MAT,0,246,71,537,"attn_output-3","blk.3.attn_output.weight","attn_gated-3"
524,66,SCALE,0,0,1,778,"ffn_moe_inp-3","node_683",""
524,102,ADD,0,1,1,1997,"ffn_moe_out-3","node_719","ffn_moe_weighted-3 (view)"
524,106,MUL_MAT,0,32,3,2104,"ffn_shexp-3","blk.3.ffn_down_shexp.weight","ffn_swiglu-3"
524,109,MUL,0,3,1,2118,"ffn_shexp_gated-3","ffn_shexp-3","shared_expert_gate_sigmoid-3"
524,110,ADD,0,2,0,2120,"ffn_out-3","ffn_moe_out-3","ffn_shexp_gated-3"
524,184,RMS_NORM,0,1,0,3717,"norm-4","attn_output-4",""
525,5,MUL_MAT,0,318,6,638,"linear_attn_out-4","blk.4.ssm_out.weight","final_output-4"
525,34,SCALE,0,0,2,893,"ffn_moe_inp-4","node_837",""
525,70,ADD,0,1,1,1810,"ffn_moe_out-4","node_873","ffn_moe_weighted-4 (view)"
525,74,MUL_MAT,0,35,4,1925,"ffn_shexp-4","blk.4.ffn_down_shexp.weight","ffn_swiglu-4"
525,77,MUL,0,4,0,1935,"ffn_shexp_gated-4","ffn_shexp-4","shared_expert_gate_sigmoid-4"
525,78,ADD,0,2,0,1937,"ffn_out-4","ffn_moe_out-4","ffn_shexp_gated-4"
525,152,RMS_NORM,0,1,1,3649,"norm-5","attn_output-5",""
526,5,MUL_MAT,0,332,10,670,"linear_attn_out-5","blk.5.ssm_out.weight","final_output-5"
526,34,SCALE,0,1,2,927,"ffn_moe_inp-5","node_991",""
526,70,ADD,0,2,0,2340,"ffn_moe_out-5","node_1027","ffn_moe_weighted-5 (view)"
526,74,MUL_MAT,0,34,9,2457,"ffn_shexp-5","blk.5.ffn_down_shexp.weight","ffn_swiglu-5"
526,77,MUL,0,4,0,2466,"ffn_shexp_gated-5","ffn_shexp-5","shared_expert_gate_sigmoid-5"
526,78,ADD,0,1,0,2468,"ffn_out-5","ffn_moe_out-5","ffn_shexp_gated-5"
526,152,RMS_NORM,0,0,3,3998,"norm-6","attn_output-6",""
527,5,MUL_MAT,0,289,25,632,"linear_attn_out-6","blk.6.ssm_out.weight","final_output-6"
527,34,SCALE,0,0,1,871,"ffn_moe_inp-6","node_1145",""
527,70,ADD,0,2,0,1786,"ffn_moe_out-6","node_1181","ffn_moe_weighted-6 (view)"
527,74,MUL_MAT,0,35,12,1938,"ffn_shexp-6","blk.6.ffn_down_shexp.weight","ffn_swiglu-6"
527,77,MUL,0,3,0,1947,"ffn_shexp_gated-6","ffn_shexp-6","shared_expert_gate_sigmoid-6"
527,78,ADD,0,1,1,1950,"ffn_out-6","ffn_moe_out-6","ffn_shexp_gated-6"
527,151,RMS_NORM,0,9,0,3072,"norm-7","indexer_k_pooled-7 (reshaped)",""
528,38,MUL_MAT,0,290,32,553,"attn_output-7","blk.7.attn_output.weight","attn_gated-7"
528,66,SCALE,0,1,0,791,"ffn_moe_inp-7","node_1332",""
528,102,ADD,0,1,1,1605,"ffn_moe_out-7","node_1368","ffn_moe_weighted-7 (view)"
528,106,MUL_MAT,0,28,7,1720,"ffn_shexp-7","blk.7.ffn_down_shexp.weight","ffn_swiglu-7"
528,109,MUL,0,2,0,1727,"ffn_shexp_gated-7","ffn_shexp-7","shared_expert_gate_sigmoid-7"
528,110,ADD,0,1,1,1730,"ffn_out-7","ffn_moe_out-7","ffn_shexp_gated-7"
528,184,RMS_NORM,0,1,1,3119,"norm-8","attn_output-8",""
529,5,MUL_MAT,0,212,136,680,"linear_attn_out-8","blk.8.ssm_out.weight","final_output-8"
529,34,SCALE,0,0,1,957,"ffn_moe_inp-8","node_1486",""
529,70,ADD,0,1,0,1945,"ffn_moe_out-8","node_1522","ffn_moe_weighted-8 (view)"
529,74,MUL_MAT,0,19,18,2064,"ffn_shexp-8","blk.8.ffn_down_shexp.weight","ffn_swiglu-8"
529,77,MUL,0,1,1,2072,"ffn_shexp_gated-8","ffn_shexp-8","shared_expert_gate_sigmoid-8"
529,78,ADD,0,1,1,2074,"ffn_out-8","ffn_moe_out-8","ffn_shexp_gated-8"
529,152,RMS_NORM,0,1,2,3396,"norm-9","attn_output-9",""
530,5,MUL_MAT,0,169,151,626,"linear_attn_out-9","blk.9.ssm_out.weight","final_output-9"
530,34,SCALE,0,0,1,878,"ffn_moe_inp-9","node_1640",""
530,70,ADD,0,1,0,1680,"ffn_moe_out-9","node_1676","ffn_moe_weighted-9 (view)"
530,74,MUL_MAT,0,38,1,1811,"ffn_shexp-9","blk.9.ffn_down_shexp.weight","ffn_swiglu-9"
530,77,MUL,0,1,0,1818,"ffn_shexp_gated-9","ffn_shexp-9","shared_expert_gate_sigmoid-9"
530,78,ADD,0,0,1,1820,"ffn_out-9","ffn_moe_out-9","ffn_shexp_gated-9"
530,152,RMS_NORM,0,0,7,3226,"norm-10","attn_output-10",""
531,5,MUL_MAT,0,280,49,666,"linear_attn_out-10","blk.10.ssm_out.weight","final_output-10"
531,34,SCALE,0,0,5,937,"ffn_moe_inp-10","node_1794",""
531,70,ADD,0,1,1,1729,"ffn_moe_out-10","node_1830","ffn_moe_weighted-10 (view)"
531,74,MUL_MAT,0,38,0,1838,"ffn_shexp-10","blk.10.ffn_down_shexp.weight","ffn_swiglu-10"
531,77,MUL,0,2,0,1846,"ffn_shexp_gated-10","ffn_shexp-10","shared_expert_gate_sigmoid-10"
531,78,ADD,0,2,9,1857,"ffn_out-10","ffn_moe_out-10","ffn_shexp_gated-10"
531,151,RMS_NORM,0,4,1,2907,"norm-11","indexer_k_pooled-11 (reshaped)",""
532,38,MUL_MAT,0,241,82,537,"attn_output-11","blk.11.attn_output.weight","attn_gated-11"
532,66,SCALE,0,1,1,803,"ffn_moe_inp-11","node_1981",""
532,102,ADD,0,1,0,1623,"ffn_moe_out-11","node_2017","ffn_moe_weighted-11 (view)"
532,106,MUL_MAT,0,30,10,1748,"ffn_shexp-11","blk.11.ffn_down_shexp.weight","ffn_swiglu-11"
532,109,MUL,0,2,5,1770,"ffn_shexp_gated-11","ffn_shexp-11","shared_expert_gate_sigmoid-11"
532,110,ADD,0,2,9,1781,"ffn_out-11","ffn_moe_out-11","ffn_shexp_gated-11"
532,184,RMS_NORM,0,0,2,3173,"norm-12","attn_output-12",""
533,5,MUL_MAT,0,279,84,678,"linear_attn_out-12","blk.12.ssm_out.weight","final_output-12"
533,34,SCALE,0,0,2,960,"ffn_moe_inp-12","node_2135",""
533,70,ADD,0,1,1,1758,"ffn_moe_out-12","node_2171","ffn_moe_weighted-12 (view)"
533,74,MUL_MAT,0,21,20,1877,"ffn_shexp-12","blk.12.ffn_down_shexp.weight","ffn_swiglu-12"
533,77,MUL,0,2,0,1885,"ffn_shexp_gated-12","ffn_shexp-12","shared_expert_gate_sigmoid-12"
533,78,ADD,0,1,1,1887,"ffn_out-12","ffn_moe_out-12","ffn_shexp_gated-12"
533,152,RMS_NORM,0,1,1,3296,"norm-13","attn_output-13",""
534,5,MUL_MAT,0,292,63,700,"linear_attn_out-13","blk.13.ssm_out.weight","final_output-13"
534,34,SCALE,0,0,2,1122,"ffn_moe_inp-13","node_2289",""
534,70,ADD,0,1,1,1910,"ffn_moe_out-13","node_2325","ffn_moe_weighted-13 (view)"
534,74,MUL_MAT,0,30,6,2019,"ffn_shexp-13","blk.13.ffn_down_shexp.weight","ffn_swiglu-13"
534,77,MUL,0,2,1,2029,"ffn_shexp_gated-13","ffn_shexp-13","shared_expert_gate_sigmoid-13"
534,78,ADD,0,1,0,2030,"ffn_out-13","ffn_moe_out-13","ffn_shexp_gated-13"
534,152,RMS_NORM,0,0,2,3333,"norm-14","attn_output-14",""
535,5,MUL_MAT,0,257,74,646,"linear_attn_out-14","blk.14.ssm_out.weight","final_output-14"
535,34,SCALE,0,0,2,883,"ffn_moe_inp-14","node_2443",""
535,70,ADD,0,2,0,1828,"ffn_moe_out-14","node_2479","ffn_moe_weighted-14 (view)"
535,74,MUL_MAT,0,31,9,1950,"ffn_shexp-14","blk.14.ffn_down_shexp.weight","ffn_swiglu-14"
535,77,MUL,0,2,0,1958,"ffn_shexp_gated-14","ffn_shexp-14","shared_expert_gate_sigmoid-14"
535,78,ADD,0,2,0,1960,"ffn_out-14","ffn_moe_out-14","ffn_shexp_gated-14"
535,151,RMS_NORM,0,5,0,3132,"norm-15","indexer_k_pooled-15 (reshaped)",""
536,38,MUL_MAT,0,301,19,564,"attn_output-15","blk.15.attn_output.weight","attn_gated-15"
536,66,SCALE,0,0,1,826,"ffn_moe_inp-15","node_2630",""
536,102,ADD,0,1,1,2003,"ffn_moe_out-15","node_2666","ffn_moe_weighted-15 (view)"
536,106,MUL_MAT,0,33,4,2119,"ffn_shexp-15","blk.15.ffn_down_shexp.weight","ffn_swiglu-15"
536,109,MUL,0,3,0,2128,"ffn_shexp_gated-15","ffn_shexp-15","shared_expert_gate_sigmoid-15"
536,110,ADD,0,2,0,2130,"ffn_out-15","ffn_moe_out-15","ffn_shexp_gated-15"
536,184,RMS_NORM,0,1,4,3800,"norm-16","attn_output-16",""
537,5,MUL_MAT,0,333,4,671,"linear_attn_out-16","blk.16.ssm_out.weight","final_output-16"
537,34,SCALE,0,0,2,962,"ffn_moe_inp-16","node_2784",""
537,70,ADD,0,2,1,2306,"ffn_moe_out-16","node_2820","ffn_moe_weighted-16 (view)"
537,74,MUL_MAT,0,36,8,2448,"ffn_shexp-16","blk.16.ffn_down_shexp.weight","ffn_swiglu-16"
537,77,MUL,0,3,1,2470,"ffn_shexp_gated-16","ffn_shexp-16","shared_expert_gate_sigmoid-16"
537,78,ADD,0,2,0,2472,"ffn_out-16","ffn_moe_out-16","ffn_shexp_gated-16"
537,152,RMS_NORM,0,1,1,4073,"norm-17","attn_output-17",""
538,5,MUL_MAT,0,379,5,880,"linear_attn_out-17","blk.17.ssm_out.weight","final_output-17"
538,34,SCALE,0,1,1,1148,"ffn_moe_inp-17","node_2938",""
538,70,ADD,0,1,0,2056,"ffn_moe_out-17","node_2974","ffn_moe_weighted-17 (view)"
538,74,MUL_MAT,0,35,4,2191,"ffn_shexp-17","blk.17.ffn_down_shexp.weight","ffn_swiglu-17"
538,77,MUL,0,3,0,2201,"ffn_shexp_gated-17","ffn_shexp-17","shared_expert_gate_sigmoid-17"
538,78,ADD,0,2,3,2206,"ffn_out-17","ffn_moe_out-17","ffn_shexp_gated-17"
538,152,RMS_NORM,0,0,1,3811,"norm-18","attn_output-18",""
539,5,MUL_MAT,0,317,7,652,"linear_attn_out-18","blk.18.ssm_out.weight","final_output-18"
539,34,SCALE,0,0,5,906,"ffn_moe_inp-18","node_3092",""
539,70,ADD,0,1,1,1670,"ffn_moe_out-18","node_3128","ffn_moe_weighted-18 (view)"
539,74,MUL_MAT,0,39,3,1802,"ffn_shexp-18","blk.18.ffn_down_shexp.weight","ffn_swiglu-18"
539,77,MUL,0,3,0,1811,"ffn_shexp_gated-18","ffn_shexp-18","shared_expert_gate_sigmoid-18"
539,78,ADD,0,1,0,1813,"ffn_out-18","ffn_moe_out-18","ffn_shexp_gated-18"
539,151,RMS_NORM,0,10,1,2934,"norm-19","indexer_k_pooled-19 (reshaped)",""
540,38,MUL_MAT,0,332,88,706,"attn_output-19","blk.19.attn_output.weight","attn_gated-19"
540,66,SCALE,0,1,0,991,"ffn_moe_inp-19","node_3279",""
540,102,ADD,0,1,0,1765,"ffn_moe_out-19","node_3315","ffn_moe_weighted-19 (view)"
540,106,MUL_MAT,0,35,3,1880,"ffn_shexp-19","blk.19.ffn_down_shexp.weight","ffn_swiglu-19"
540,109,MUL,0,3,1,1900,"ffn_shexp_gated-19","ffn_shexp-19","shared_expert_gate_sigmoid-19"
540,110,ADD,0,1,1,1902,"ffn_out-19","ffn_moe_out-19","ffn_shexp_gated-19"
540,184,RMS_NORM,0,1,0,3424,"norm-20","attn_output-20",""
541,5,MUL_MAT,0,333,1,662,"linear_attn_out-20","blk.20.ssm_out.weight","final_output-20"
541,34,SCALE,0,0,2,948,"ffn_moe_inp-20","node_3433",""
541,70,ADD,0,1,1,1941,"ffn_moe_out-20","node_3469","ffn_moe_weighted-20 (view)"
541,74,MUL_MAT,0,38,6,2071,"ffn_shexp-20","blk.20.ffn_down_shexp.weight","ffn_swiglu-20"
541,77,MUL,0,4,7,2108,"ffn_shexp_gated-20","ffn_shexp-20","shared_expert_gate_sigmoid-20"
541,78,ADD,0,2,1,2111,"ffn_out-20","ffn_moe_out-20","ffn_shexp_gated-20"
541,152,RMS_NORM,0,0,2,3972,"norm-21","attn_output-21",""
542,5,MUL_MAT,0,307,8,738,"linear_attn_out-21","blk.21.ssm_out.weight","final_output-21"
542,34,SCALE,0,0,2,994,"ffn_moe_inp-21","node_3587",""
542,70,ADD,0,1,9,1859,"ffn_moe_out-21","node_3623","ffn_moe_weighted-21 (view)"
542,74,MUL_MAT,0,37,5,1985,"ffn_shexp-21","blk.21.ffn_down_shexp.weight","ffn_swiglu-21"
542,77,MUL,0,3,1,1996,"ffn_shexp_gated-21","ffn_shexp-21","shared_expert_gate_sigmoid-21"
542,78,ADD,0,1,1,1998,"ffn_out-21","ffn_moe_out-21","ffn_shexp_gated-21"
542,152,RMS_NORM,0,1,7,3840,"norm-22","attn_output-22",""
543,5,MUL_MAT,0,315,2,621,"linear_attn_out-22","blk.22.ssm_out.weight","final_output-22"
543,34,SCALE,0,0,1,896,"ffn_moe_inp-22","node_3741",""
543,70,ADD,0,1,1,1696,"ffn_moe_out-22","node_3777","ffn_moe_weighted-22 (view)"
543,74,MUL_MAT,0,22,18,1816,"ffn_shexp-22","blk.22.ffn_down_shexp.weight","ffn_swiglu-22"
543,77,MUL,0,2,0,1823,"ffn_shexp_gated-22","ffn_shexp-22","shared_expert_gate_sigmoid-22"
543,78,ADD,0,1,1,1825,"ffn_out-22","ffn_moe_out-22","ffn_shexp_gated-22"
543,151,RMS_NORM,0,3,0,2836,"norm-23","indexer_k_pooled-23 (reshaped)",""
544,38,MUL_MAT,0,176,159,594,"attn_output-23","blk.23.attn_output.weight","attn_gated-23"
544,66,SCALE,0,0,1,846,"ffn_moe_inp-23","node_3928",""
544,102,ADD,0,1,10,1664,"ffn_moe_out-23","node_3964","ffn_moe_weighted-23 (view)"
544,106,MUL_MAT,0,24,15,1780,"ffn_shexp-23","blk.23.ffn_down_shexp.weight","ffn_swiglu-23"
544,109,MUL,0,1,0,1790,"ffn_shexp_gated-23","ffn_shexp-23","shared_expert_gate_sigmoid-23"
544,110,ADD,0,1,0,1792,"ffn_out-23","ffn_moe_out-23","ffn_shexp_gated-23"
544,184,RMS_NORM,0,0,1,3095,"norm-24","attn_output-24",""
545,5,MUL_MAT,0,192,141,649,"linear_attn_out-24","blk.24.ssm_out.weight","final_output-24"
545,34,SCALE,0,0,1,920,"ffn_moe_inp-24","node_4082",""
545,70,ADD,0,1,1,2203,"ffn_moe_out-24","node_4118","ffn_moe_weighted-24 (view)"
545,74,MUL_MAT,0,22,17,2325,"ffn_shexp-24","blk.24.ffn_down_shexp.weight","ffn_swiglu-24"
545,77,MUL,0,2,0,2337,"ffn_shexp_gated-24","ffn_shexp-24","shared_expert_gate_sigmoid-24"
545,78,ADD,0,1,0,2338,"ffn_out-24","ffn_moe_out-24","ffn_shexp_gated-24"
545,152,RMS_NORM,0,1,3,4262,"norm-25","attn_output-25",""
546,5,MUL_MAT,0,334,0,641,"linear_attn_out-25","blk.25.ssm_out.weight","final_output-25"
546,34,SCALE,0,0,1,918,"ffn_moe_inp-25","node_4236",""
546,70,ADD,0,1,3,1722,"ffn_moe_out-25","node_4272","ffn_moe_weighted-25 (view)"
546,74,MUL_MAT,0,35,5,1840,"ffn_shexp-25","blk.25.ffn_down_shexp.weight","ffn_swiglu-25"
546,77,MUL,0,3,1,1863,"ffn_shexp_gated-25","ffn_shexp-25","shared_expert_gate_sigmoid-25"
546,78,ADD,0,1,1,1865,"ffn_out-25","ffn_moe_out-25","ffn_shexp_gated-25"
546,152,RMS_NORM,0,1,1,3447,"norm-26","attn_output-26",""
547,5,MUL_MAT,0,211,120,671,"linear_attn_out-26","blk.26.ssm_out.weight","final_output-26"
547,34,SCALE,0,0,1,925,"ffn_moe_inp-26","node_4390",""
547,70,ADD,0,1,0,1804,"ffn_moe_out-26","node_4426","ffn_moe_weighted-26 (view)"
547,74,MUL_MAT,0,27,16,1930,"ffn_shexp-26","blk.26.ffn_down_shexp.weight","ffn_swiglu-26"
547,77,MUL,0,1,1,1937,"ffn_shexp_gated-26","ffn_shexp-26","shared_expert_gate_sigmoid-26"
547,78,ADD,0,1,0,1938,"ffn_out-26","ffn_moe_out-26","ffn_shexp_gated-26"
547,151,RMS_NORM,0,3,1,2959,"norm-27","indexer_k_pooled-27 (reshaped)",""
548,38,MUL_MAT,0,196,122,560,"attn_output-27","blk.27.attn_output.weight","attn_gated-27"
548,66,SCALE,0,0,2,773,"ffn_moe_inp-27","node_4577",""
548,102,ADD,0,1,0,2127,"ffn_moe_out-27","node_4613","ffn_moe_weighted-27 (view)"
548,106,MUL_MAT,0,21,14,2256,"ffn_shexp-27","blk.27.ffn_down_shexp.weight","ffn_swiglu-27"
548,109,MUL,0,1,6,2270,"ffn_shexp_gated-27","ffn_shexp-27","shared_expert_gate_sigmoid-27"
548,110,ADD,0,1,0,2272,"ffn_out-27","ffn_moe_out-27","ffn_shexp_gated-27"
548,184,RMS_NORM,0,1,98,3677,"norm-28","attn_output-28",""
549,5,MUL_MAT,0,216,120,669,"linear_attn_out-28","blk.28.ssm_out.weight","final_output-28"
549,34,SCALE,0,0,1,909,"ffn_moe_inp-28","node_4731",""
549,70,ADD,0,1,0,1717,"ffn_moe_out-28","node_4767","ffn_moe_weighted-28 (view)"
549,74,MUL_MAT,0,18,22,1837,"ffn_shexp-28","blk.28.ffn_down_shexp.weight","ffn_swiglu-28"
549,77,MUL,0,1,0,1844,"ffn_shexp_gated-28","ffn_shexp-28","shared_expert_gate_sigmoid-28"
549,78,ADD,0,0,1,1846,"ffn_out-28","ffn_moe_out-28","ffn_shexp_gated-28"
549,152,RMS_NORM,0,1,2,3184,"norm-29","attn_output-29",""
550,5,MUL_MAT,0,280,68,702,"linear_attn_out-29","blk.29.ssm_out.weight","final_output-29"
550,34,SCALE,0,0,1,1004,"ffn_moe_inp-29","node_4885",""
550,70,ADD,0,1,7,2676,"ffn_moe_out-29","node_4921","ffn_moe_weighted-29 (view)"
550,74,MUL_MAT,0,31,8,2800,"ffn_shexp-29","blk.29.ffn_down_shexp.weight","ffn_swiglu-29"
550,77,MUL,0,2,0,2808,"ffn_shexp_gated-29","ffn_shexp-29","shared_expert_gate_sigmoid-29"
550,78,ADD,0,1,1,2810,"ffn_out-29","ffn_moe_out-29","ffn_shexp_gated-29"
550,152,RMS_NORM,0,0,1,4107,"norm-30","attn_output-30",""
551,5,MUL_MAT,0,271,71,675,"linear_attn_out-30","blk.30.ssm_out.weight","final_output-30"
551,34,SCALE,0,0,2,986,"ffn_moe_inp-30","node_5039",""
551,70,ADD,0,1,0,1976,"ffn_moe_out-30","node_5075","ffn_moe_weighted-30 (view)"
551,74,MUL_MAT,0,18,24,2106,"ffn_shexp-30","blk.30.ffn_down_shexp.weight","ffn_swiglu-30"
551,77,MUL,0,1,1,2114,"ffn_shexp_gated-30","ffn_shexp-30","shared_expert_gate_sigmoid-30"
551,78,ADD,0,1,1,2116,"ffn_out-30","ffn_moe_out-30","ffn_shexp_gated-30"
551,151,RMS_NORM,0,4,0,3278,"norm-31","indexer_k_pooled-31 (reshaped)",""
552,38,MUL_MAT,0,153,163,505,"attn_output-31","blk.31.attn_output.weight","attn_gated-31"
552,66,SCALE,0,0,2,732,"ffn_moe_inp-31","node_5226",""
552,102,ADD,0,1,1,1465,"ffn_moe_out-31","node_5262","ffn_moe_weighted-31 (view)"
552,106,MUL_MAT,0,17,23,1578,"ffn_shexp-31","blk.31.ffn_down_shexp.weight","ffn_swiglu-31"
552,109,MUL,0,1,0,1584,"ffn_shexp_gated-31","ffn_shexp-31","shared_expert_gate_sigmoid-31"
552,110,ADD,0,1,1,1586,"ffn_out-31","ffn_moe_out-31","ffn_shexp_gated-31"
552,184,RMS_NORM,0,0,1,2879,"norm-32","attn_output-32",""
553,5,MUL_MAT,0,182,167,699,"linear_attn_out-32","blk.32.ssm_out.weight","final_output-32"
553,34,SCALE,0,0,1,966,"ffn_moe_inp-32","node_5380",""
553,70,ADD,0,1,1,1809,"ffn_moe_out-32","node_5416","ffn_moe_weighted-32 (view)"
553,74,MUL_MAT,0,20,17,1923,"ffn_shexp-32","blk.32.ffn_down_shexp.weight","ffn_swiglu-32"
553,77,MUL,0,2,0,1931,"ffn_shexp_gated-32","ffn_shexp-32","shared_expert_gate_sigmoid-32"
553,78,ADD,0,1,1,1933,"ffn_out-32","ffn_moe_out-32","ffn_shexp_gated-32"
553,152,RMS_NORM,0,0,2,3246,"norm-33","attn_output-33",""
554,5,MUL_MAT,0,300,60,700,"linear_attn_out-33","blk.33.ssm_out.weight","final_output-33"
554,34,SCALE,0,1,0,966,"ffn_moe_inp-33","node_5534",""
554,70,ADD,0,1,1,1879,"ffn_moe_out-33","node_5570","ffn_moe_weighted-33 (view)"
554,74,MUL_MAT,0,32,6,2000,"ffn_shexp-33","blk.33.ffn_down_shexp.weight","ffn_swiglu-33"
554,77,MUL,0,2,0,2017,"ffn_shexp_gated-33","ffn_shexp-33","shared_expert_gate_sigmoid-33"
554,78,ADD,0,2,0,2019,"ffn_out-33","ffn_moe_out-33","ffn_shexp_gated-33"
554,152,RMS_NORM,0,1,0,3516,"norm-34","attn_output-34",""
555,5,MUL_MAT,0,420,114,894,"linear_attn_out-34","blk.34.ssm_out.weight","final_output-34"
555,34,SCALE,0,0,1,1188,"ffn_moe_inp-34","node_5688",""
555,70,ADD,0,1,0,2053,"ffn_moe_out-34","node_5724","ffn_moe_weighted-34 (view)"
555,74,MUL_MAT,0,32,9,2182,"ffn_shexp-34","blk.34.ffn_down_shexp.weight","ffn_swiglu-34"
555,77,MUL,0,2,0,2194,"ffn_shexp_gated-34","ffn_shexp-34","shared_expert_gate_sigmoid-34"
555,78,ADD,0,2,0,2196,"ffn_out-34","ffn_moe_out-34","ffn_shexp_gated-34"
555,151,RMS_NORM,0,5,0,3193,"norm-35","indexer_k_pooled-35 (reshaped)",""
556,38,MUL_MAT,0,252,80,535,"attn_output-35","blk.35.attn_output.weight","attn_gated-35"
556,66,SCALE,0,0,2,791,"ffn_moe_inp-35","node_5875",""
556,102,ADD,0,1,0,1704,"ffn_moe_out-35","node_5911","ffn_moe_weighted-35 (view)"
556,106,MUL_MAT,0,42,6,1912,"ffn_shexp-35","blk.35.ffn_down_shexp.weight","ffn_swiglu-35"
556,109,MUL,0,3,0,1920,"ffn_shexp_gated-35","ffn_shexp-35","shared_expert_gate_sigmoid-35"
556,110,ADD,0,1,1,1922,"ffn_out-35","ffn_moe_out-35","ffn_shexp_gated-35"
556,184,RMS_NORM,0,0,2,3214,"norm-36","attn_output-36",""
557,5,MUL_MAT,0,272,56,634,"linear_attn_out-36","blk.36.ssm_out.weight","final_output-36"
557,34,SCALE,0,0,2,869,"ffn_moe_inp-36","node_6029",""
557,70,ADD,0,2,0,1639,"ffn_moe_out-36","node_6065","ffn_moe_weighted-36 (view)"
557,74,MUL_MAT,0,27,8,1746,"ffn_shexp-36","blk.36.ffn_down_shexp.weight","ffn_swiglu-36"
557,77,MUL,0,2,1,1755,"ffn_shexp_gated-36","ffn_shexp-36","shared_expert_gate_sigmoid-36"
557,78,ADD,0,1,8,1764,"ffn_out-36","ffn_moe_out-36","ffn_shexp_gated-36"
557,152,RMS_NORM,0,1,4,3256,"norm-37","attn_output-37",""
558,5,MUL_MAT,0,263,80,682,"linear_attn_out-37","blk.37.ssm_out.weight","final_output-37"
558,34,SCALE,0,1,0,936,"ffn_moe_inp-37","node_6183",""
558,70,ADD,0,1,1,1804,"ffn_moe_out-37","node_6219","ffn_moe_weighted-37 (view)"
558,74,MUL_MAT,0,31,5,1937,"ffn_shexp-37","blk.37.ffn_down_shexp.weight","ffn_swiglu-37"
558,77,MUL,0,2,0,1945,"ffn_shexp_gated-37","ffn_shexp-37","shared_expert_gate_sigmoid-37"
558,78,ADD,0,1,0,1947,"ffn_out-37","ffn_moe_out-37","ffn_shexp_gated-37"
558,152,RMS_NORM,0,0,2,3431,"norm-38","attn_output-38",""
559,5,MUL_MAT,0,230,119,672,"linear_attn_out-38","blk.38.ssm_out.weight","final_output-38"
559,34,SCALE,0,0,2,917,"ffn_moe_inp-38","node_6337",""
559,70,ADD,0,2,0,2519,"ffn_moe_out-38","node_6373","ffn_moe_weighted-38 (view)"
559,74,MUL_MAT,0,48,1,2652,"ffn_shexp-38","blk.38.ffn_down_shexp.weight","ffn_swiglu-38"
559,77,MUL,0,3,0,2660,"ffn_shexp_gated-38","ffn_shexp-38","shared_expert_gate_sigmoid-38"
559,78,ADD,0,1,1,2662,"ffn_out-38","ffn_moe_out-38","ffn_shexp_gated-38"
559,87,ADD,0,1,1,2686,"l_last-38","hc_combine-38","node_6390"
560,0,GET_ROWS,0,1,1,3,"model.input_embed","token_embd.weight","inp_tokens"
560,69,RMS_NORM,0,1,1,1277,"norm-0","attn_output-0",""
561,5,MUL_MAT,0,275,71,668,"linear_attn_out-0","blk.0.ssm_out.weight","final_output-0"
561,34,SCALE,0,0,1,894,"ffn_moe_inp-0","node_104",""
561,70,ADD,0,1,1,1684,"ffn_moe_out-0","node_140","ffn_moe_weighted-0 (view)"
561,93,MUL_MAT,0,30,5,2497,"ffn_shexp-0","blk.0.ffn_down_shexp.weight","ffn_swiglu-0"
561,96,MUL,0,2,1,2505,"ffn_shexp_gated-0","ffn_shexp-0","shared_expert_gate_sigmoid-0"
561,97,ADD,0,1,1,2507,"ffn_out-0","ffn_moe_out-0","ffn_shexp_gated-0"
561,236,RMS_NORM,0,1,5,4447,"norm-1","attn_output-1",""
562,5,MUL_MAT,0,305,70,829,"linear_attn_out-1","blk.1.ssm_out.weight","final_output-1"
562,34,SCALE,0,0,1,1121,"ffn_moe_inp-1","node_342",""
562,70,ADD,0,1,1,2601,"ffn_moe_out-1","node_378","ffn_moe_weighted-1 (view)"
562,74,MUL_MAT,0,30,7,2737,"ffn_shexp-1","blk.1.ffn_down_shexp.weight","ffn_swiglu-1"
562,77,MUL,0,3,0,2746,"ffn_shexp_gated-1","ffn_shexp-1","shared_expert_gate_sigmoid-1"
562,78,ADD,0,1,1,2748,"ffn_out-1","ffn_moe_out-1","ffn_shexp_gated-1"
562,152,RMS_NORM,0,0,4,4171,"norm-2","attn_output-2",""
563,5,MUL_MAT,0,302,64,733,"linear_attn_out-2","blk.2.ssm_out.weight","final_output-2"
563,34,SCALE,0,0,2,1019,"ffn_moe_inp-2","node_496",""
563,70,ADD,0,1,1,2578,"ffn_moe_out-2","node_532","ffn_moe_weighted-2 (view)"
563,74,MUL_MAT,0,37,0,2688,"ffn_shexp-2","blk.2.ffn_down_shexp.weight","ffn_swiglu-2"
563,77,MUL,0,2,1,2696,"ffn_shexp_gated-2","ffn_shexp-2","shared_expert_gate_sigmoid-2"
563,78,ADD,0,1,0,2697,"ffn_out-2","ffn_moe_out-2","ffn_shexp_gated-2"
563,151,RMS_NORM,0,9,0,3735,"norm-3","indexer_k_pooled-3 (reshaped)",""
564,38,MUL_MAT,0,305,3,526,"attn_output-3","blk.3.attn_output.weight","attn_gated-3"
564,66,SCALE,0,0,1,867,"ffn_moe_inp-3","node_683",""
564,102,ADD,0,1,0,1734,"ffn_moe_out-3","node_719","ffn_moe_weighted-3 (view)"
564,106,MUL_MAT,0,56,0,1914,"ffn_shexp-3","blk.3.ffn_down_shexp.weight","ffn_swiglu-3"
564,109,MUL,0,3,7,1935,"ffn_shexp_gated-3","ffn_shexp-3","shared_expert_gate_sigmoid-3"
564,110,ADD,0,2,9,1946,"ffn_out-3","ffn_moe_out-3","ffn_shexp_gated-3"
564,184,RMS_NORM,0,0,2,3447,"norm-4","attn_output-4",""
565,5,MUL_MAT,0,270,55,626,"linear_attn_out-4","blk.4.ssm_out.weight","final_output-4"
565,34,SCALE,0,0,2,862,"ffn_moe_inp-4","node_837",""
565,70,ADD,0,2,0,2656,"ffn_moe_out-4","node_873","ffn_moe_weighted-4 (view)"
565,74,MUL_MAT,0,39,9,2788,"ffn_shexp-4","blk.4.ffn_down_shexp.weight","ffn_swiglu-4"
565,77,MUL,0,2,0,2795,"ffn_shexp_gated-4","ffn_shexp-4","shared_expert_gate_sigmoid-4"
565,78,ADD,0,1,1,2798,"ffn_out-4","ffn_moe_out-4","ffn_shexp_gated-4"
565,152,RMS_NORM,0,0,2,4216,"norm-5","attn_output-5",""
566,5,MUL_MAT,0,263,74,675,"linear_attn_out-5","blk.5.ssm_out.weight","final_output-5"
566,34,SCALE,0,1,0,928,"ffn_moe_inp-5","node_991",""
566,70,ADD,0,1,0,2232,"ffn_moe_out-5","node_1027","ffn_moe_weighted-5 (view)"
566,74,MUL_MAT,0,31,4,2343,"ffn_shexp-5","blk.5.ffn_down_shexp.weight","ffn_swiglu-5"
566,77,MUL,0,2,0,2350,"ffn_shexp_gated-5","ffn_shexp-5","shared_expert_gate_sigmoid-5"
566,78,ADD,0,1,1,2352,"ffn_out-5","ffn_moe_out-5","ffn_shexp_gated-5"
566,152,RMS_NORM,0,1,6,3629,"norm-6","attn_output-6",""
567,5,MUL_MAT,0,283,74,696,"linear_attn_out-6","blk.6.ssm_out.weight","final_output-6"
567,34,SCALE,0,1,0,956,"ffn_moe_inp-6","node_1145",""
567,70,ADD,0,1,0,1831,"ffn_moe_out-6","node_1181","ffn_moe_weighted-6 (view)"
567,74,MUL_MAT,0,27,24,1979,"ffn_shexp-6","blk.6.ffn_down_shexp.weight","ffn_swiglu-6"
567,77,MUL,0,3,0,1987,"ffn_shexp_gated-6","ffn_shexp-6","shared_expert_gate_sigmoid-6"
567,78,ADD,0,1,1,1989,"ffn_out-6","ffn_moe_out-6","ffn_shexp_gated-6"
567,151,RMS_NORM,0,5,0,2950,"norm-7","indexer_k_pooled-7 (reshaped)",""
568,38,MUL_MAT,0,262,46,517,"attn_output-7","blk.7.attn_output.weight","attn_gated-7"
568,66,SCALE,0,0,1,739,"ffn_moe_inp-7","node_1332",""
568,102,ADD,0,1,0,1467,"ffn_moe_out-7","node_1368","ffn_moe_weighted-7 (view)"
568,106,MUL_MAT,0,28,5,1579,"ffn_shexp-7","blk.7.ffn_down_shexp.weight","ffn_swiglu-7"
568,109,MUL,0,2,0,1587,"ffn_shexp_gated-7","ffn_shexp-7","shared_expert_gate_sigmoid-7"
568,110,ADD,0,1,1,1589,"ffn_out-7","ffn_moe_out-7","ffn_shexp_gated-7"
568,184,RMS_NORM,0,0,2,2881,"norm-8","attn_output-8",""
569,5,MUL_MAT,0,278,66,675,"linear_attn_out-8","blk.8.ssm_out.weight","final_output-8"
569,34,SCALE,0,0,2,946,"ffn_moe_inp-8","node_1486",""
569,70,ADD,0,1,1,1853,"ffn_moe_out-8","node_1522","ffn_moe_weighted-8 (view)"
569,74,MUL_MAT,0,30,5,1973,"ffn_shexp-8","blk.8.ffn_down_shexp.weight","ffn_swiglu-8"
569,77,MUL,0,2,0,1980,"ffn_shexp_gated-8","ffn_shexp-8","shared_expert_gate_sigmoid-8"
569,78,ADD,0,1,0,1981,"ffn_out-8","ffn_moe_out-8","ffn_shexp_gated-8"
569,152,RMS_NORM,0,0,2,3279,"norm-9","attn_output-9",""
570,5,MUL_MAT,0,273,56,646,"linear_attn_out-9","blk.9.ssm_out.weight","final_output-9"
570,34,SCALE,0,0,1,976,"ffn_moe_inp-9","node_1640",""
570,70,ADD,0,2,0,1954,"ffn_moe_out-9","node_1676","ffn_moe_weighted-9 (view)"
570,74,MUL_MAT,0,35,3,2090,"ffn_shexp-9","blk.9.ffn_down_shexp.weight","ffn_swiglu-9"
570,77,MUL,0,3,1,2100,"ffn_shexp_gated-9","ffn_shexp-9","shared_expert_gate_sigmoid-9"
570,78,ADD,0,2,0,2102,"ffn_out-9","ffn_moe_out-9","ffn_shexp_gated-9"
570,152,RMS_NORM,0,0,2,3732,"norm-10","attn_output-10",""
571,5,MUL_MAT,0,302,10,607,"linear_attn_out-10","blk.10.ssm_out.weight","final_output-10"
571,34,SCALE,0,0,2,868,"ffn_moe_inp-10","node_1794",""
571,70,ADD,0,1,1,1667,"ffn_moe_out-10","node_1830","ffn_moe_weighted-10 (view)"
571,74,MUL_MAT,0,35,2,1779,"ffn_shexp-10","blk.10.ffn_down_shexp.weight","ffn_swiglu-10"
571,77,MUL,0,3,0,1789,"ffn_shexp_gated-10","ffn_shexp-10","shared_expert_gate_sigmoid-10"
571,78,ADD,0,1,1,1792,"ffn_out-10","ffn_moe_out-10","ffn_shexp_gated-10"
571,151,RMS_NORM,0,9,1,2878,"norm-11","indexer_k_pooled-11 (reshaped)",""
572,38,MUL_MAT,0,320,9,572,"attn_output-11","blk.11.attn_output.weight","attn_gated-11"
572,66,SCALE,0,0,0,934,"ffn_moe_inp-11","node_1981",""
572,102,ADD,0,1,1,1874,"ffn_moe_out-11","node_2017","ffn_moe_weighted-11 (view)"
572,106,MUL_MAT,0,19,20,1985,"ffn_shexp-11","blk.11.ffn_down_shexp.weight","ffn_swiglu-11"
572,109,MUL,0,2,0,1992,"ffn_shexp_gated-11","ffn_shexp-11","shared_expert_gate_sigmoid-11"
572,110,ADD,0,1,4,1997,"ffn_out-11","ffn_moe_out-11","ffn_shexp_gated-11"
572,184,RMS_NORM,0,0,2,3498,"norm-12","attn_output-12",""
573,5,MUL_MAT,0,305,6,616,"linear_attn_out-12","blk.12.ssm_out.weight","final_output-12"
573,34,SCALE,0,0,2,862,"ffn_moe_inp-12","node_2135",""
573,70,ADD,0,2,0,2319,"ffn_moe_out-12","node_2171","ffn_moe_weighted-12 (view)"
573,74,MUL_MAT,0,36,4,2439,"ffn_shexp-12","blk.12.ffn_down_shexp.weight","ffn_swiglu-12"
573,77,MUL,0,4,0,2449,"ffn_shexp_gated-12","ffn_shexp-12","shared_expert_gate_sigmoid-12"
573,78,ADD,0,2,0,2451,"ffn_out-12","ffn_moe_out-12","ffn_shexp_gated-12"
573,152,RMS_NORM,0,1,6,3788,"norm-13","attn_output-13",""
574,5,MUL_MAT,0,270,64,666,"linear_attn_out-13","blk.13.ssm_out.weight","final_output-13"
574,34,SCALE,0,0,1,889,"ffn_moe_inp-13","node_2289",""
574,70,ADD,0,1,0,1747,"ffn_moe_out-13","node_2325","ffn_moe_weighted-13 (view)"
574,74,MUL_MAT,0,29,11,1863,"ffn_shexp-13","blk.13.ffn_down_shexp.weight","ffn_swiglu-13"
574,77,MUL,0,2,1,1878,"ffn_shexp_gated-13","ffn_shexp-13","shared_expert_gate_sigmoid-13"
574,78,ADD,0,1,1,1880,"ffn_out-13","ffn_moe_out-13","ffn_shexp_gated-13"
574,152,RMS_NORM,0,0,2,3263,"norm-14","attn_output-14",""
575,5,MUL_MAT,0,357,1,698,"linear_attn_out-14","blk.14.ssm_out.weight","final_output-14"
575,34,SCALE,0,0,2,1036,"ffn_moe_inp-14","node_2443",""
575,70,ADD,0,2,0,1848,"ffn_moe_out-14","node_2479","ffn_moe_weighted-14 (view)"
575,74,MUL_MAT,0,32,9,1987,"ffn_shexp-14","blk.14.ffn_down_shexp.weight","ffn_swiglu-14"
575,77,MUL,0,3,0,1995,"ffn_shexp_gated-14","ffn_shexp-14","shared_expert_gate_sigmoid-14"
575,78,ADD,0,1,1,1997,"ffn_out-14","ffn_moe_out-14","ffn_shexp_gated-14"
575,151,RMS_NORM,0,5,0,2965,"norm-15","indexer_k_pooled-15 (reshaped)",""
576,38,MUL_MAT,0,251,67,580,"attn_output-15","blk.15.attn_output.weight","attn_gated-15"
576,66,SCALE,0,0,2,807,"ffn_moe_inp-15","node_2630",""
576,102,ADD,0,2,0,1621,"ffn_moe_out-15","node_2666","ffn_moe_weighted-15 (view)"
576,106,MUL_MAT,0,27,11,1740,"ffn_shexp-15","blk.15.ffn_down_shexp.weight","ffn_swiglu-15"
576,109,MUL,0,2,0,1749,"ffn_shexp_gated-15","ffn_shexp-15","shared_expert_gate_sigmoid-15"
576,110,ADD,0,2,0,1751,"ffn_out-15","ffn_moe_out-15","ffn_shexp_gated-15"
576,184,RMS_NORM,0,0,7,3373,"norm-16","attn_output-16",""
577,5,MUL_MAT,0,284,50,647,"linear_attn_out-16","blk.16.ssm_out.weight","final_output-16"
577,34,SCALE,0,1,1,876,"ffn_moe_inp-16","node_2784",""
577,70,ADD,0,1,1,1635,"ffn_moe_out-16","node_2820","ffn_moe_weighted-16 (view)"
577,74,MUL_MAT,0,27,7,1750,"ffn_shexp-16","blk.16.ffn_down_shexp.weight","ffn_swiglu-16"
577,77,MUL,0,2,8,1765,"ffn_shexp_gated-16","ffn_shexp-16","shared_expert_gate_sigmoid-16"
577,78,ADD,0,1,0,1767,"ffn_out-16","ffn_moe_out-16","ffn_shexp_gated-16"
577,152,RMS_NORM,0,0,1,3120,"norm-17","attn_output-17",""
578,5,MUL_MAT,0,281,66,829,"linear_attn_out-17","blk.17.ssm_out.weight","final_output-17"
578,34,SCALE,0,0,2,1160,"ffn_moe_inp-17","node_2938",""
578,70,ADD,0,2,0,1967,"ffn_moe_out-17","node_2974","ffn_moe_weighted-17 (view)"
578,74,MUL_MAT,0,35,1,2118,"ffn_shexp-17","blk.17.ffn_down_shexp.weight","ffn_swiglu-17"
578,77,MUL,0,3,1,2128,"ffn_shexp_gated-17","ffn_shexp-17","shared_expert_gate_sigmoid-17"
578,78,ADD,0,2,0,2130,"ffn_out-17","ffn_moe_out-17","ffn_shexp_gated-17"
578,152,RMS_NORM,0,1,2,3567,"norm-18","attn_output-18",""
579,5,MUL_MAT,0,199,145,691,"linear_attn_out-18","blk.18.ssm_out.weight","final_output-18"
579,34,SCALE,0,0,2,928,"ffn_moe_inp-18","node_3092",""
579,70,ADD,0,2,0,1789,"ffn_moe_out-18","node_3128","ffn_moe_weighted-18 (view)"
579,74,MUL_MAT,0,31,6,1913,"ffn_shexp-18","blk.18.ffn_down_shexp.weight","ffn_swiglu-18"
579,77,MUL,0,2,0,1920,"ffn_shexp_gated-18","ffn_shexp-18","shared_expert_gate_sigmoid-18"
579,78,ADD,0,1,0,1922,"ffn_out-18","ffn_moe_out-18","ffn_shexp_gated-18"
579,151,RMS_NORM,0,5,0,2958,"norm-19","indexer_k_pooled-19 (reshaped)",""
580,38,MUL_MAT,0,271,53,542,"attn_output-19","blk.19.attn_output.weight","attn_gated-19"
580,66,SCALE,0,0,2,782,"ffn_moe_inp-19","node_3279",""
580,102,ADD,0,1,29,1550,"ffn_moe_out-19","node_3315","ffn_moe_weighted-19 (view)"
580,106,MUL_MAT,0,27,6,1670,"ffn_shexp-19","blk.19.ffn_down_shexp.weight","ffn_swiglu-19"
580,109,MUL,0,3,0,1679,"ffn_shexp_gated-19","ffn_shexp-19","shared_expert_gate_sigmoid-19"
580,110,ADD,0,1,1,1681,"ffn_out-19","ffn_moe_out-19","ffn_shexp_gated-19"
580,184,RMS_NORM,0,1,0,2957,"norm-20","attn_output-20",""
581,5,MUL_MAT,0,309,72,712,"linear_attn_out-20","blk.20.ssm_out.weight","final_output-20"
581,34,SCALE,0,0,2,1002,"ffn_moe_inp-20","node_3433",""
581,70,ADD,0,1,0,1857,"ffn_moe_out-20","node_3469","ffn_moe_weighted-20 (view)"
581,74,MUL_MAT,0,41,11,2102,"ffn_shexp-20","blk.20.ffn_down_shexp.weight","ffn_swiglu-20"
581,77,MUL,0,2,0,2120,"ffn_shexp_gated-20","ffn_shexp-20","shared_expert_gate_sigmoid-20"
581,78,ADD,0,2,0,2122,"ffn_out-20","ffn_moe_out-20","ffn_shexp_gated-20"
581,152,RMS_NORM,0,0,2,3390,"norm-21","attn_output-21",""
582,5,MUL_MAT,0,174,145,636,"linear_attn_out-21","blk.21.ssm_out.weight","final_output-21"
582,34,SCALE,0,0,1,1015,"ffn_moe_inp-21","node_3587",""
582,70,ADD,0,1,1,2456,"ffn_moe_out-21","node_3623","ffn_moe_weighted-21 (view)"
582,74,MUL_MAT,0,37,0,2583,"ffn_shexp-21","blk.21.ffn_down_shexp.weight","ffn_swiglu-21"
582,77,MUL,0,3,0,2593,"ffn_shexp_gated-21","ffn_shexp-21","shared_expert_gate_sigmoid-21"
582,78,ADD,0,1,0,2595,"ffn_out-21","ffn_moe_out-21","ffn_shexp_gated-21"
582,152,RMS_NORM,0,1,1,4326,"norm-22","attn_output-22",""
583,5,MUL_MAT,0,284,58,681,"linear_attn_out-22","blk.22.ssm_out.weight","final_output-22"
583,34,SCALE,0,0,2,933,"ffn_moe_inp-22","node_3741",""
583,70,ADD,0,1,1,1816,"ffn_moe_out-22","node_3777","ffn_moe_weighted-22 (view)"
583,74,MUL_MAT,0,30,11,1945,"ffn_shexp-22","blk.22.ffn_down_shexp.weight","ffn_swiglu-22"
583,77,MUL,0,2,9,1962,"ffn_shexp_gated-22","ffn_shexp-22","shared_expert_gate_sigmoid-22"
583,78,ADD,0,2,0,1964,"ffn_out-22","ffn_moe_out-22","ffn_shexp_gated-22"
583,151,RMS_NORM,0,5,0,3244,"norm-23","indexer_k_pooled-23 (reshaped)",""
584,38,MUL_MAT,0,301,77,624,"attn_output-23","blk.23.attn_output.weight","attn_gated-23"
584,66,SCALE,0,0,1,890,"ffn_moe_inp-23","node_3928",""
584,102,ADD,0,1,10,1804,"ffn_moe_out-23","node_3964","ffn_moe_weighted-23 (view)"
584,106,MUL_MAT,0,43,2,1992,"ffn_shexp-23","blk.23.ffn_down_shexp.weight","ffn_swiglu-23"
584,109,MUL,0,2,0,2010,"ffn_shexp_gated-23","ffn_shexp-23","shared_expert_gate_sigmoid-23"
584,110,ADD,0,1,12,2024,"ffn_out-23","ffn_moe_out-23","ffn_shexp_gated-23"
584,184,RMS_NORM,0,1,1,3536,"norm-24","attn_output-24",""
585,5,MUL_MAT,0,290,66,724,"linear_attn_out-24","blk.24.ssm_out.weight","final_output-24"
585,34,SCALE,0,0,0,1081,"ffn_moe_inp-24","node_4082",""
585,70,ADD,0,1,1,2056,"ffn_moe_out-24","node_4118","ffn_moe_weighted-24 (view)"
585,74,MUL_MAT,0,43,9,2197,"ffn_shexp-24","blk.24.ffn_down_shexp.weight","ffn_swiglu-24"
585,77,MUL,0,2,1,2205,"ffn_shexp_gated-24","ffn_shexp-24","shared_expert_gate_sigmoid-24"
585,78,ADD,0,1,0,2206,"ffn_out-24","ffn_moe_out-24","ffn_shexp_gated-24"
585,152,RMS_NORM,0,0,3,3655,"norm-25","attn_output-25",""
586,5,MUL_MAT,0,183,161,692,"linear_attn_out-25","blk.25.ssm_out.weight","final_output-25"
586,34,SCALE,0,0,1,948,"ffn_moe_inp-25","node_4236",""
586,70,ADD,0,2,0,1750,"ffn_moe_out-25","node_4272","ffn_moe_weighted-25 (view)"
586,74,MUL_MAT,0,23,14,1874,"ffn_shexp-25","blk.25.ffn_down_shexp.weight","ffn_swiglu-25"
586,77,MUL,0,1,0,1882,"ffn_shexp_gated-25","ffn_shexp-25","shared_expert_gate_sigmoid-25"
586,78,ADD,0,1,0,1884,"ffn_out-25","ffn_moe_out-25","ffn_shexp_gated-25"
586,152,RMS_NORM,0,0,2,3424,"norm-26","attn_output-26",""
587,5,MUL_MAT,0,327,48,775,"linear_attn_out-26","blk.26.ssm_out.weight","final_output-26"
587,34,SCALE,0,0,1,1133,"ffn_moe_inp-26","node_4390",""
587,70,ADD,0,1,1,1970,"ffn_moe_out-26","node_4426","ffn_moe_weighted-26 (view)"
587,74,MUL_MAT,0,26,12,2089,"ffn_shexp-26","blk.26.ffn_down_shexp.weight","ffn_swiglu-26"
587,77,MUL,0,2,0,2097,"ffn_shexp_gated-26","ffn_shexp-26","shared_expert_gate_sigmoid-26"
587,78,ADD,0,1,0,2099,"ffn_out-26","ffn_moe_out-26","ffn_shexp_gated-26"
587,151,RMS_NORM,0,4,1,3098,"norm-27","indexer_k_pooled-27 (reshaped)",""
588,38,MUL_MAT,0,273,47,552,"attn_output-27","blk.27.attn_output.weight","attn_gated-27"
588,66,SCALE,0,0,1,789,"ffn_moe_inp-27","node_4577",""
588,102,ADD,0,1,1,1678,"ffn_moe_out-27","node_4613","ffn_moe_weighted-27 (view)"
588,106,MUL_MAT,0,30,11,1801,"ffn_shexp-27","blk.27.ffn_down_shexp.weight","ffn_swiglu-27"
588,109,MUL,0,2,0,1808,"ffn_shexp_gated-27","ffn_shexp-27","shared_expert_gate_sigmoid-27"
588,110,ADD,0,1,0,1810,"ffn_out-27","ffn_moe_out-27","ffn_shexp_gated-27"
588,184,RMS_NORM,0,0,1,3333,"norm-28","attn_output-28",""
589,5,MUL_MAT,0,268,66,677,"linear_attn_out-28","blk.28.ssm_out.weight","final_output-28"
589,34,SCALE,0,1,1,910,"ffn_moe_inp-28","node_4731",""
589,70,ADD,0,1,1,1684,"ffn_moe_out-28","node_4767","ffn_moe_weighted-28 (view)"
589,74,MUL_MAT,0,33,4,1802,"ffn_shexp-28","blk.28.ffn_down_shexp.weight","ffn_swiglu-28"
589,77,MUL,0,2,0,1809,"ffn_shexp_gated-28","ffn_shexp-28","shared_expert_gate_sigmoid-28"
589,78,ADD,0,1,8,1819,"ffn_out-28","ffn_moe_out-28","ffn_shexp_gated-28"
589,152,RMS_NORM,0,1,1,3206,"norm-29","attn_output-29",""
590,5,MUL_MAT,0,332,106,793,"linear_attn_out-29","blk.29.ssm_out.weight","final_output-29"
590,34,SCALE,0,1,1,1093,"ffn_moe_inp-29","node_4885",""
590,70,ADD,0,1,1,2058,"ffn_moe_out-29","node_4921","ffn_moe_weighted-29 (view)"
590,74,MUL_MAT,0,32,4,2173,"ffn_shexp-29","blk.29.ffn_down_shexp.weight","ffn_swiglu-29"
590,77,MUL,0,2,0,2180,"ffn_shexp_gated-29","ffn_shexp-29","shared_expert_gate_sigmoid-29"
590,78,ADD,0,1,0,2182,"ffn_out-29","ffn_moe_out-29","ffn_shexp_gated-29"
590,152,RMS_NORM,0,0,2,3508,"norm-30","attn_output-30",""
591,5,MUL_MAT,0,288,63,681,"linear_attn_out-30","blk.30.ssm_out.weight","final_output-30"
591,34,SCALE,0,0,0,942,"ffn_moe_inp-30","node_5039",""
591,70,ADD,0,2,0,2055,"ffn_moe_out-30","node_5075","ffn_moe_weighted-30 (view)"
591,74,MUL_MAT,0,38,11,2204,"ffn_shexp-30","blk.30.ffn_down_shexp.weight","ffn_swiglu-30"
591,77,MUL,0,3,10,2232,"ffn_shexp_gated-30","ffn_shexp-30","shared_expert_gate_sigmoid-30"
591,78,ADD,0,2,0,2234,"ffn_out-30","ffn_moe_out-30","ffn_shexp_gated-30"
591,151,RMS_NORM,0,5,0,3478,"norm-31","indexer_k_pooled-31 (reshaped)",""
592,38,MUL_MAT,0,254,60,531,"attn_output-31","blk.31.attn_output.weight","attn_gated-31"
592,66,SCALE,0,0,1,777,"ffn_moe_inp-31","node_5226",""
592,102,ADD,0,1,1,1536,"ffn_moe_out-31","node_5262","ffn_moe_weighted-31 (view)"
592,106,MUL_MAT,0,28,6,1653,"ffn_shexp-31","blk.31.ffn_down_shexp.weight","ffn_swiglu-31"
592,109,MUL,0,2,0,1661,"ffn_shexp_gated-31","ffn_shexp-31","shared_expert_gate_sigmoid-31"
592,110,ADD,0,2,0,1663,"ffn_out-31","ffn_moe_out-31","ffn_shexp_gated-31"
592,184,RMS_NORM,0,0,2,2946,"norm-32","attn_output-32",""
593,5,MUL_MAT,0,274,75,685,"linear_attn_out-32","blk.32.ssm_out.weight","final_output-32"
593,34,SCALE,0,0,1,963,"ffn_moe_inp-32","node_5380",""
593,70,ADD,0,1,1,2046,"ffn_moe_out-32","node_5416","ffn_moe_weighted-32 (view)"
593,74,MUL_MAT,0,34,17,2181,"ffn_shexp-32","blk.32.ffn_down_shexp.weight","ffn_swiglu-32"
593,77,MUL,0,3,1,2192,"ffn_shexp_gated-32","ffn_shexp-32","shared_expert_gate_sigmoid-32"
593,78,ADD,0,2,0,2194,"ffn_out-32","ffn_moe_out-32","ffn_shexp_gated-32"
593,152,RMS_NORM,0,0,128,4072,"norm-33","attn_output-33",""
594,5,MUL_MAT,0,258,60,638,"linear_attn_out-33","blk.33.ssm_out.weight","final_output-33"
594,34,SCALE,0,1,1,989,"ffn_moe_inp-33","node_5534",""
594,70,ADD,0,1,0,2303,"ffn_moe_out-33","node_5570","ffn_moe_weighted-33 (view)"
594,74,MUL_MAT,0,39,18,2465,"ffn_shexp-33","blk.33.ffn_down_shexp.weight","ffn_swiglu-33"
594,77,MUL,0,3,4,2492,"ffn_shexp_gated-33","ffn_shexp-33","shared_expert_gate_sigmoid-33"
594,78,ADD,0,1,0,2494,"ffn_out-33","ffn_moe_out-33","ffn_shexp_gated-33"
594,152,RMS_NORM,0,1,1,4192,"norm-34","attn_output-34",""
595,5,MUL_MAT,0,285,40,661,"linear_attn_out-34","blk.34.ssm_out.weight","final_output-34"
595,34,SCALE,0,0,2,912,"ffn_moe_inp-34","node_5688",""
595,70,ADD,0,2,0,1765,"ffn_moe_out-34","node_5724","ffn_moe_weighted-34 (view)"
595,74,MUL_MAT,0,36,123,2015,"ffn_shexp-34","blk.34.ffn_down_shexp.weight","ffn_swiglu-34"
595,77,MUL,0,3,5,2032,"ffn_shexp_gated-34","ffn_shexp-34","shared_expert_gate_sigmoid-34"
595,78,ADD,0,1,0,2034,"ffn_out-34","ffn_moe_out-34","ffn_shexp_gated-34"
595,151,RMS_NORM,0,8,1,3167,"norm-35","indexer_k_pooled-35 (reshaped)",""
596,38,MUL_MAT,0,320,11,568,"attn_output-35","blk.35.attn_output.weight","attn_gated-35"
596,66,SCALE,0,0,1,821,"ffn_moe_inp-35","node_5875",""
596,102,ADD,0,2,6,2006,"ffn_moe_out-35","node_5911","ffn_moe_weighted-35 (view)"
596,106,MUL_MAT,0,30,6,2121,"ffn_shexp-35","blk.35.ffn_down_shexp.weight","ffn_swiglu-35"
596,109,MUL,0,3,0,2130,"ffn_shexp_gated-35","ffn_shexp-35","shared_expert_gate_sigmoid-35"
596,110,ADD,0,1,0,2132,"ffn_out-35","ffn_moe_out-35","ffn_shexp_gated-35"
596,184,RMS_NORM,0,1,2,3622,"norm-36","attn_output-36",""
597,5,MUL_MAT,0,323,14,654,"linear_attn_out-36","blk.36.ssm_out.weight","final_output-36"
597,34,SCALE,0,0,1,930,"ffn_moe_inp-36","node_6029",""
597,70,ADD,0,1,1,2250,"ffn_moe_out-36","node_6065","ffn_moe_weighted-36 (view)"
597,74,MUL_MAT,0,34,8,2371,"ffn_shexp-36","blk.36.ffn_down_shexp.weight","ffn_swiglu-36"
597,77,MUL,0,3,0,2385,"ffn_shexp_gated-36","ffn_shexp-36","shared_expert_gate_sigmoid-36"
597,78,ADD,0,2,8,2395,"ffn_out-36","ffn_moe_out-36","ffn_shexp_gated-36"
597,152,RMS_NORM,0,0,1,4136,"norm-37","attn_output-37",""
598,5,MUL_MAT,0,295,27,643,"linear_attn_out-37","blk.37.ssm_out.weight","final_output-37"
598,34,SCALE,0,1,0,896,"ffn_moe_inp-37","node_6183",""
598,70,ADD,0,2,0,2141,"ffn_moe_out-37","node_6219","ffn_moe_weighted-37 (view)"
598,74,MUL_MAT,0,36,6,2263,"ffn_shexp-37","blk.37.ffn_down_shexp.weight","ffn_swiglu-37"
598,77,MUL,0,3,1,2273,"ffn_shexp_gated-37","ffn_shexp-37","shared_expert_gate_sigmoid-37"
598,78,ADD,0,1,1,2275,"ffn_out-37","ffn_moe_out-37","ffn_shexp_gated-37"
598,152,RMS_NORM,0,1,1,4042,"norm-38","attn_output-38",""
599,5,MUL_MAT,0,291,31,629,"linear_attn_out-38","blk.38.ssm_out.weight","final_output-38"
599,34,SCALE,0,0,2,902,"ffn_moe_inp-38","node_6337",""
599,70,ADD,0,1,1,1771,"ffn_moe_out-38","node_6373","ffn_moe_weighted-38 (view)"
599,74,MUL_MAT,0,34,16,1908,"ffn_shexp-38","blk.38.ffn_down_shexp.weight","ffn_swiglu-38"
599,77,MUL,0,3,1,1925,"ffn_shexp_gated-38","ffn_shexp-38","shared_expert_gate_sigmoid-38"
599,78,ADD,0,1,1,1927,"ffn_out-38","ffn_moe_out-38","ffn_shexp_gated-38"
599,87,ADD,0,1,2,1956,"l_last-38","hc_combine-38","node_6390"
600,0,GET_ROWS,0,2,1,4,"model.input_embed","token_embd.weight","inp_tokens"
600,69,RMS_NORM,0,0,73,1725,"norm-0","attn_output-0",""
601,5,MUL_MAT,0,339,6,701,"linear_attn_out-0","blk.0.ssm_out.weight","final_output-0"
601,34,SCALE,0,0,1,983,"ffn_moe_inp-0","node_104",""
601,70,ADD,0,1,1,1835,"ffn_moe_out-0","node_140","ffn_moe_weighted-0 (view)"
601,93,MUL_MAT,0,19,17,2686,"ffn_shexp-0","blk.0.ffn_down_shexp.weight","ffn_swiglu-0"
601,96,MUL,0,1,1,2695,"ffn_shexp_gated-0","ffn_shexp-0","shared_expert_gate_sigmoid-0"
601,97,ADD,0,1,1,2697,"ffn_out-0","ffn_moe_out-0","ffn_shexp_gated-0"
601,236,RMS_NORM,0,1,2,4343,"norm-1","attn_output-1",""
602,5,MUL_MAT,0,281,74,718,"linear_attn_out-1","blk.1.ssm_out.weight","final_output-1"
602,34,SCALE,0,0,1,1018,"ffn_moe_inp-1","node_342",""
602,70,ADD,0,1,11,1913,"ffn_moe_out-1","node_378","ffn_moe_weighted-1 (view)"
602,74,MUL_MAT,0,22,14,2033,"ffn_shexp-1","blk.1.ffn_down_shexp.weight","ffn_swiglu-1"
602,77,MUL,0,2,0,2041,"ffn_shexp_gated-1","ffn_shexp-1","shared_expert_gate_sigmoid-1"
602,78,ADD,0,1,0,2042,"ffn_out-1","ffn_moe_out-1","ffn_shexp_gated-1"
602,152,RMS_NORM,0,0,2,3372,"norm-2","attn_output-2",""
603,5,MUL_MAT,0,190,148,679,"linear_attn_out-2","blk.2.ssm_out.weight","final_output-2"
603,34,SCALE,0,0,1,908,"ffn_moe_inp-2","node_496",""
603,70,ADD,0,1,1,2442,"ffn_moe_out-2","node_532","ffn_moe_weighted-2 (view)"
603,74,MUL_MAT,0,25,12,2574,"ffn_shexp-2","blk.2.ffn_down_shexp.weight","ffn_swiglu-2"
603,77,MUL,0,2,0,2582,"ffn_shexp_gated-2","ffn_shexp-2","shared_expert_gate_sigmoid-2"
603,78,ADD,0,1,1,2584,"ffn_out-2","ffn_moe_out-2","ffn_shexp_gated-2"
603,151,RMS_NORM,0,4,0,3766,"norm-3","indexer_k_pooled-3 (reshaped)",""
604,38,MUL_MAT,0,159,146,521,"attn_output-3","blk.3.attn_output.weight","attn_gated-3"
604,66,SCALE,0,0,2,724,"ffn_moe_inp-3","node_683",""
604,102,ADD,0,1,0,1445,"ffn_moe_out-3","node_719","ffn_moe_weighted-3 (view)"
604,106,MUL_MAT,0,16,17,1549,"ffn_shexp-3","blk.3.ffn_down_shexp.weight","ffn_swiglu-3"
604,109,MUL,0,2,0,1556,"ffn_shexp_gated-3","ffn_shexp-3","shared_expert_gate_sigmoid-3"
604,110,ADD,0,1,1,1558,"ffn_out-3","ffn_moe_out-3","ffn_shexp_gated-3"
604,184,RMS_NORM,0,1,2,2785,"norm-4","attn_output-4",""
605,5,MUL_MAT,0,193,166,715,"linear_attn_out-4","blk.4.ssm_out.weight","final_output-4"
605,34,SCALE,0,0,1,952,"ffn_moe_inp-4","node_837",""
605,70,ADD,0,1,1,1983,"ffn_moe_out-4","node_873","ffn_moe_weighted-4 (view)"
605,74,MUL_MAT,0,29,14,2122,"ffn_shexp-4","blk.4.ffn_down_shexp.weight","ffn_swiglu-4"
605,77,MUL,0,2,0,2144,"ffn_shexp_gated-4","ffn_shexp-4","shared_expert_gate_sigmoid-4"
605,78,ADD,0,2,0,2146,"ffn_out-4","ffn_moe_out-4","ffn_shexp_gated-4"
605,152,RMS_NORM,0,0,3,3551,"norm-5","attn_output-5",""
606,5,MUL_MAT,0,285,41,654,"linear_attn_out-5","blk.5.ssm_out.weight","final_output-5"
606,34,SCALE,0,0,1,911,"ffn_moe_inp-5","node_991",""
606,70,ADD,0,1,1,1709,"ffn_moe_out-5","node_1027","ffn_moe_weighted-5 (view)"
606,74,MUL_MAT,0,31,9,1833,"ffn_shexp-5","blk.5.ffn_down_shexp.weight","ffn_swiglu-5"
606,77,MUL,0,2,0,1844,"ffn_shexp_gated-5","ffn_shexp-5","shared_expert_gate_sigmoid-5"
606,78,ADD,0,1,0,1846,"ffn_out-5","ffn_moe_out-5","ffn_shexp_gated-5"
606,152,RMS_NORM,0,1,1,3203,"norm-6","attn_output-6",""
607,5,MUL_MAT,0,257,85,685,"linear_attn_out-6","blk.6.ssm_out.weight","final_output-6"
607,34,SCALE,0,0,1,1023,"ffn_moe_inp-6","node_1145",""
607,70,ADD,0,2,0,1852,"ffn_moe_out-6","node_1181","ffn_moe_weighted-6 (view)"
607,74,MUL_MAT,0,30,6,1964,"ffn_shexp-6","blk.6.ffn_down_shexp.weight","ffn_swiglu-6"
607,77,MUL,0,2,0,1972,"ffn_shexp_gated-6","ffn_shexp-6","shared_expert_gate_sigmoid-6"
607,78,ADD,0,2,1,1975,"ffn_out-6","ffn_moe_out-6","ffn_shexp_gated-6"
607,151,RMS_NORM,0,4,0,2949,"norm-7","indexer_k_pooled-7 (reshaped)",""
608,38,MUL_MAT,0,252,76,554,"attn_output-7","blk.7.attn_output.weight","attn_gated-7"
608,66,SCALE,0,0,1,813,"ffn_moe_inp-7","node_1332",""
608,102,ADD,0,1,1,1618,"ffn_moe_out-7","node_1368","ffn_moe_weighted-7 (view)"
608,106,MUL_MAT,0,30,6,1734,"ffn_shexp-7","blk.7.ffn_down_shexp.weight","ffn_swiglu-7"
608,109,MUL,0,2,0,1742,"ffn_shexp_gated-7","ffn_shexp-7","shared_expert_gate_sigmoid-7"
608,110,ADD,0,1,1,1744,"ffn_out-7","ffn_moe_out-7","ffn_shexp_gated-7"
608,184,RMS_NORM,0,1,1,3067,"norm-8","attn_output-8",""
609,5,MUL_MAT,0,261,56,754,"linear_attn_out-8","blk.8.ssm_out.weight","final_output-8"
609,34,SCALE,0,0,2,997,"ffn_moe_inp-8","node_1486",""
609,70,ADD,0,1,0,1765,"ffn_moe_out-8","node_1522","ffn_moe_weighted-8 (view)"
609,74,MUL_MAT,0,29,11,1899,"ffn_shexp-8","blk.8.ffn_down_shexp.weight","ffn_swiglu-8"
609,77,MUL,0,2,0,1907,"ffn_shexp_gated-8","ffn_shexp-8","shared_expert_gate_sigmoid-8"
609,78,ADD,0,1,7,1915,"ffn_out-8","ffn_moe_out-8","ffn_shexp_gated-8"
609,152,RMS_NORM,0,1,1,3280,"norm-9","attn_output-9",""
610,5,MUL_MAT,0,281,70,686,"linear_attn_out-9","blk.9.ssm_out.weight","final_output-9"
610,34,SCALE,0,1,1,977,"ffn_moe_inp-9","node_1640",""
610,70,ADD,0,1,1,1852,"ffn_moe_out-9","node_1676","ffn_moe_weighted-9 (view)"
610,74,MUL_MAT,0,31,5,1964,"ffn_shexp-9","blk.9.ffn_down_shexp.weight","ffn_swiglu-9"
610,77,MUL,0,1,1,1972,"ffn_shexp_gated-9","ffn_shexp-9","shared_expert_gate_sigmoid-9"
610,78,ADD,0,1,8,1981,"ffn_out-9","ffn_moe_out-9","ffn_shexp_gated-9"
610,152,RMS_NORM,0,1,2,3270,"norm-10","attn_output-10",""
611,5,MUL_MAT,0,250,75,647,"linear_attn_out-10","blk.10.ssm_out.weight","final_output-10"
611,34,SCALE,0,0,2,898,"ffn_moe_inp-10","node_1794",""
611,70,ADD,0,2,0,1808,"ffn_moe_out-10","node_1830","ffn_moe_weighted-10 (view)"
611,74,MUL_MAT,0,28,11,1945,"ffn_shexp-10","blk.10.ffn_down_shexp.weight","ffn_swiglu-10"
611,77,MUL,0,2,0,1953,"ffn_shexp_gated-10","ffn_shexp-10","shared_expert_gate_sigmoid-10"
611,78,ADD,0,1,1,1955,"ffn_out-10","ffn_moe_out-10","ffn_shexp_gated-10"
611,151,RMS_NORM,0,5,0,3019,"norm-11","indexer_k_pooled-11 (reshaped)",""
612,38,MUL_MAT,0,276,63,569,"attn_output-11","blk.11.attn_output.weight","attn_gated-11"
612,66,SCALE,0,0,1,809,"ffn_moe_inp-11","node_1981",""
612,102,ADD,0,1,0,1529,"ffn_moe_out-11","node_2017","ffn_moe_weighted-11 (view)"
612,106,MUL_MAT,0,29,5,1633,"ffn_shexp-11","blk.11.ffn_down_shexp.weight","ffn_swiglu-11"
612,109,MUL,0,2,0,1651,"ffn_shexp_gated-11","ffn_shexp-11","shared_expert_gate_sigmoid-11"
612,110,ADD,0,1,0,1653,"ffn_out-11","ffn_moe_out-11","ffn_shexp_gated-11"
612,184,RMS_NORM,0,0,2,2884,"norm-12","attn_output-12",""
613,5,MUL_MAT,0,291,60,703,"linear_attn_out-12","blk.12.ssm_out.weight","final_output-12"
613,34,SCALE,0,0,1,960,"ffn_moe_inp-12","node_2135",""
613,70,ADD,0,1,0,1880,"ffn_moe_out-12","node_2171","ffn_moe_weighted-12 (view)"
613,74,MUL_MAT,0,20,115,2132,"ffn_shexp-12","blk.12.ffn_down_shexp.weight","ffn_swiglu-12"
613,77,MUL,0,1,1,2140,"ffn_shexp_gated-12","ffn_shexp-12","shared_expert_gate_sigmoid-12"
613,78,ADD,0,1,0,2141,"ffn_out-12","ffn_moe_out-12","ffn_shexp_gated-12"
613,152,RMS_NORM,0,0,2,3377,"norm-13","attn_output-13",""
614,5,MUL_MAT,0,193,131,657,"linear_attn_out-13","blk.13.ssm_out.weight","final_output-13"
614,34,SCALE,0,0,2,902,"ffn_moe_inp-13","node_2289",""
614,70,ADD,0,2,0,1648,"ffn_moe_out-13","node_2325","ffn_moe_weighted-13 (view)"
614,74,MUL_MAT,0,31,139,1900,"ffn_shexp-13","blk.13.ffn_down_shexp.weight","ffn_swiglu-13"
614,77,MUL,0,3,1,1913,"ffn_shexp_gated-13","ffn_shexp-13","shared_expert_gate_sigmoid-13"
614,78,ADD,0,1,1,1915,"ffn_out-13","ffn_moe_out-13","ffn_shexp_gated-13"
614,152,RMS_NORM,0,1,1,3594,"norm-14","attn_output-14",""
615,5,MUL_MAT,0,325,0,643,"linear_attn_out-14","blk.14.ssm_out.weight","final_output-14"
615,34,SCALE,0,0,2,902,"ffn_moe_inp-14","node_2443",""
615,70,ADD,0,1,0,1691,"ffn_moe_out-14","node_2479","ffn_moe_weighted-14 (view)"
615,74,MUL_MAT,0,37,0,1804,"ffn_shexp-14","blk.14.ffn_down_shexp.weight","ffn_swiglu-14"
615,77,MUL,0,3,1,1824,"ffn_shexp_gated-14","ffn_shexp-14","shared_expert_gate_sigmoid-14"
615,78,ADD,0,1,1,1826,"ffn_out-14","ffn_moe_out-14","ffn_shexp_gated-14"
615,151,RMS_NORM,0,8,1,2874,"norm-15","indexer_k_pooled-15 (reshaped)",""
616,38,MUL_MAT,0,319,9,539,"attn_output-15","blk.15.attn_output.weight","attn_gated-15"
616,66,SCALE,0,0,10,800,"ffn_moe_inp-15","node_2630",""
616,102,ADD,0,2,1,1601,"ffn_moe_out-15","node_2666","ffn_moe_weighted-15 (view)"
616,106,MUL_MAT,0,35,1,1716,"ffn_shexp-15","blk.15.ffn_down_shexp.weight","ffn_swiglu-15"
616,109,MUL,0,4,0,1726,"ffn_shexp_gated-15","ffn_shexp-15","shared_expert_gate_sigmoid-15"
616,110,ADD,0,2,10,1738,"ffn_out-15","ffn_moe_out-15","ffn_shexp_gated-15"
616,184,RMS_NORM,0,1,2,3285,"norm-16","attn_output-16",""
617,5,MUL_MAT,0,182,149,653,"linear_attn_out-16","blk.16.ssm_out.weight","final_output-16"
617,34,SCALE,0,1,1,909,"ffn_moe_inp-16","node_2784",""
617,70,ADD,0,1,1,1711,"ffn_moe_out-16","node_2820","ffn_moe_weighted-16 (view)"
617,74,MUL_MAT,0,24,14,1829,"ffn_shexp-16","blk.16.ffn_down_shexp.weight","ffn_swiglu-16"
617,77,MUL,0,1,0,1836,"ffn_shexp_gated-16","ffn_shexp-16","shared_expert_gate_sigmoid-16"
617,78,ADD,0,0,12,1849,"ffn_out-16","ffn_moe_out-16","ffn_shexp_gated-16"
617,152,RMS_NORM,0,0,2,3226,"norm-17","attn_output-17",""
618,5,MUL_MAT,0,227,138,706,"linear_attn_out-17","blk.17.ssm_out.weight","final_output-17"
618,34,SCALE,0,0,1,956,"ffn_moe_inp-17","node_2938",""
618,70,ADD,0,1,0,1886,"ffn_moe_out-17","node_2974","ffn_moe_weighted-17 (view)"
618,74,MUL_MAT,0,18,17,1999,"ffn_shexp-17","blk.17.ffn_down_shexp.weight","ffn_swiglu-17"
618,77,MUL,0,1,1,2006,"ffn_shexp_gated-17","ffn_shexp-17","shared_expert_gate_sigmoid-17"
618,78,ADD,0,1,0,2007,"ffn_out-17","ffn_moe_out-17","ffn_shexp_gated-17"
618,152,RMS_NORM,0,0,2,3186,"norm-18","attn_output-18",""
619,5,MUL_MAT,0,162,158,645,"linear_attn_out-18","blk.18.ssm_out.weight","final_output-18"
619,34,SCALE,0,0,11,865,"ffn_moe_inp-18","node_3092",""
619,70,ADD,0,1,1,1761,"ffn_moe_out-18","node_3128","ffn_moe_weighted-18 (view)"
619,74,MUL_MAT,0,20,24,1886,"ffn_shexp-18","blk.18.ffn_down_shexp.weight","ffn_swiglu-18"
619,77,MUL,0,2,0,1894,"ffn_shexp_gated-18","ffn_shexp-18","shared_expert_gate_sigmoid-18"
619,78,ADD,0,1,1,1896,"ffn_out-18","ffn_moe_out-18","ffn_shexp_gated-18"
619,151,RMS_NORM,0,5,0,3102,"norm-19","indexer_k_pooled-19 (reshaped)",""
620,38,MUL_MAT,0,160,166,523,"attn_output-19","blk.19.attn_output.weight","attn_gated-19"
620,66,SCALE,0,0,2,784,"ffn_moe_inp-19","node_3279",""
620,102,ADD,0,2,5,1572,"ffn_moe_out-19","node_3315","ffn_moe_weighted-19 (view)"
620,106,MUL_MAT,0,34,34,1716,"ffn_shexp-19","blk.19.ffn_down_shexp.weight","ffn_swiglu-19"
620,109,MUL,0,3,0,1730,"ffn_shexp_gated-19","ffn_shexp-19","shared_expert_gate_sigmoid-19"
620,110,ADD,0,1,0,1732,"ffn_out-19","ffn_moe_out-19","ffn_shexp_gated-19"
620,184,RMS_NORM,0,1,5,3275,"norm-20","attn_output-20",""
621,5,MUL_MAT,0,264,87,724,"linear_attn_out-20","blk.20.ssm_out.weight","final_output-20"
621,34,SCALE,0,0,2,1032,"ffn_moe_inp-20","node_3433",""
621,70,ADD,0,1,1,2360,"ffn_moe_out-20","node_3469","ffn_moe_weighted-20 (view)"
621,74,MUL_MAT,0,19,17,2472,"ffn_shexp-20","blk.20.ffn_down_shexp.weight","ffn_swiglu-20"
621,77,MUL,0,1,1,2480,"ffn_shexp_gated-20","ffn_shexp-20","shared_expert_gate_sigmoid-20"
621,78,ADD,0,1,1,2482,"ffn_out-20","ffn_moe_out-20","ffn_shexp_gated-20"
621,152,RMS_NORM,0,0,1,3728,"norm-21","attn_output-21",""
622,5,MUL_MAT,0,186,133,666,"linear_attn_out-21","blk.21.ssm_out.weight","final_output-21"
622,34,SCALE,0,0,2,992,"ffn_moe_inp-21","node_3587",""
622,70,ADD,0,1,11,1860,"ffn_moe_out-21","node_3623","ffn_moe_weighted-21 (view)"
622,74,MUL_MAT,0,20,18,1976,"ffn_shexp-21","blk.21.ffn_down_shexp.weight","ffn_swiglu-21"
622,77,MUL,0,2,0,1983,"ffn_shexp_gated-21","ffn_shexp-21","shared_expert_gate_sigmoid-21"
622,78,ADD,0,1,1,1985,"ffn_out-21","ffn_moe_out-21","ffn_shexp_gated-21"
622,152,RMS_NORM,0,0,2,3402,"norm-22","attn_output-22",""
623,5,MUL_MAT,0,181,148,636,"linear_attn_out-22","blk.22.ssm_out.weight","final_output-22"
623,34,SCALE,0,1,1,858,"ffn_moe_inp-22","node_3741",""
623,70,ADD,0,1,0,1627,"ffn_moe_out-22","node_3777","ffn_moe_weighted-22 (view)"
623,74,MUL_MAT,0,23,16,1749,"ffn_shexp-22","blk.22.ffn_down_shexp.weight","ffn_swiglu-22"
623,77,MUL,0,1,1,1757,"ffn_shexp_gated-22","ffn_shexp-22","shared_expert_gate_sigmoid-22"
623,78,ADD,0,1,4,1762,"ffn_out-22","ffn_moe_out-22","ffn_shexp_gated-22"
623,151,RMS_NORM,0,3,1,2733,"norm-23","indexer_k_pooled-23 (reshaped)",""
624,38,MUL_MAT,0,189,141,572,"attn_output-23","blk.23.attn_output.weight","attn_gated-23"
624,66,SCALE,0,0,2,810,"ffn_moe_inp-23","node_3928",""
624,102,ADD,0,1,0,1709,"ffn_moe_out-23","node_3964","ffn_moe_weighted-23 (view)"
624,106,MUL_MAT,0,22,20,1836,"ffn_shexp-23","blk.23.ffn_down_shexp.weight","ffn_swiglu-23"
624,109,MUL,0,1,1,1845,"ffn_shexp_gated-23","ffn_shexp-23","shared_expert_gate_sigmoid-23"
624,110,ADD,0,1,1,1847,"ffn_out-23","ffn_moe_out-23","ffn_shexp_gated-23"
624,184,RMS_NORM,0,0,2,3158,"norm-24","attn_output-24",""
625,5,MUL_MAT,0,198,124,624,"linear_attn_out-24","blk.24.ssm_out.weight","final_output-24"
625,34,SCALE,0,0,2,876,"ffn_moe_inp-24","node_4082",""
625,70,ADD,0,1,1,1645,"ffn_moe_out-24","node_4118","ffn_moe_weighted-24 (view)"
625,74,MUL_MAT,0,19,26,1765,"ffn_shexp-24","blk.24.ffn_down_shexp.weight","ffn_swiglu-24"
625,77,MUL,0,2,0,1774,"ffn_shexp_gated-24","ffn_shexp-24","shared_expert_gate_sigmoid-24"
625,78,ADD,0,1,1,1776,"ffn_out-24","ffn_moe_out-24","ffn_shexp_gated-24"
625,152,RMS_NORM,0,1,1,3474,"norm-25","attn_output-25",""
626,5,MUL_MAT,0,253,80,654,"linear_attn_out-25","blk.25.ssm_out.weight","final_output-25"
626,34,SCALE,0,1,2,1018,"ffn_moe_inp-25","node_4236",""
626,70,ADD,0,1,0,1778,"ffn_moe_out-25","node_4272","ffn_moe_weighted-25 (view)"
626,74,MUL_MAT,0,31,7,1894,"ffn_shexp-25","blk.25.ffn_down_shexp.weight","ffn_swiglu-25"
626,77,MUL,0,2,1,1903,"ffn_shexp_gated-25","ffn_shexp-25","shared_expert_gate_sigmoid-25"
626,78,ADD,0,1,1,1905,"ffn_out-25","ffn_moe_out-25","ffn_shexp_gated-25"
626,152,RMS_NORM,0,0,1,3155,"norm-26","attn_output-26",""
627,5,MUL_MAT,0,288,54,680,"linear_attn_out-26","blk.26.ssm_out.weight","final_output-26"
627,34,SCALE,0,1,1,925,"ffn_moe_inp-26","node_4390",""
627,70,ADD,0,1,67,1821,"ffn_moe_out-26","node_4426","ffn_moe_weighted-26 (view)"
627,74,MUL_MAT,0,28,17,1957,"ffn_shexp-26","blk.26.ffn_down_shexp.weight","ffn_swiglu-26"
627,77,MUL,0,2,0,1965,"ffn_shexp_gated-26","ffn_shexp-26","shared_expert_gate_sigmoid-26"
627,78,ADD,0,1,1,1967,"ffn_out-26","ffn_moe_out-26","ffn_shexp_gated-26"
627,151,RMS_NORM,0,4,0,3161,"norm-27","indexer_k_pooled-27 (reshaped)",""
628,38,MUL_MAT,0,166,166,544,"attn_output-27","blk.27.attn_output.weight","attn_gated-27"
628,66,SCALE,0,0,8,798,"ffn_moe_inp-27","node_4577",""
628,102,ADD,0,1,1,1574,"ffn_moe_out-27","node_4613","ffn_moe_weighted-27 (view)"
628,106,MUL_MAT,0,17,16,1693,"ffn_shexp-27","blk.27.ffn_down_shexp.weight","ffn_swiglu-27"
628,109,MUL,0,2,0,1701,"ffn_shexp_gated-27","ffn_shexp-27","shared_expert_gate_sigmoid-27"
628,110,ADD,0,1,1,1703,"ffn_out-27","ffn_moe_out-27","ffn_shexp_gated-27"
628,184,RMS_NORM,0,1,1,2981,"norm-28","attn_output-28",""
629,5,MUL_MAT,0,179,167,681,"linear_attn_out-28","blk.28.ssm_out.weight","final_output-28"
629,34,SCALE,0,0,2,989,"ffn_moe_inp-28","node_4731",""
629,70,ADD,0,1,4,1924,"ffn_moe_out-28","node_4767","ffn_moe_weighted-28 (view)"
629,74,MUL_MAT,0,34,4,2063,"ffn_shexp-28","blk.28.ffn_down_shexp.weight","ffn_swiglu-28"
629,77,MUL,0,4,0,2077,"ffn_shexp_gated-28","ffn_shexp-28","shared_expert_gate_sigmoid-28"
629,78,ADD,0,1,0,2079,"ffn_out-28","ffn_moe_out-28","ffn_shexp_gated-28"
629,152,RMS_NORM,0,0,1,3606,"norm-29","attn_output-29",""
630,5,MUL_MAT,0,313,12,641,"linear_attn_out-29","blk.29.ssm_out.weight","final_output-29"
630,34,SCALE,0,0,2,1017,"ffn_moe_inp-29","node_4885",""
630,70,ADD,0,1,1,1956,"ffn_moe_out-29","node_4921","ffn_moe_weighted-29 (view)"
630,74,MUL_MAT,0,39,2,2086,"ffn_shexp-29","blk.29.ffn_down_shexp.weight","ffn_swiglu-29"
630,77,MUL,0,3,1,2104,"ffn_shexp_gated-29","ffn_shexp-29","shared_expert_gate_sigmoid-29"
630,78,ADD,0,1,0,2106,"ffn_out-29","ffn_moe_out-29","ffn_shexp_gated-29"
630,152,RMS_NORM,0,0,2,3800,"norm-30","attn_output-30",""
631,5,MUL_MAT,0,311,5,620,"linear_attn_out-30","blk.30.ssm_out.weight","final_output-30"
631,34,SCALE,0,0,1,885,"ffn_moe_inp-30","node_5039",""
631,70,ADD,0,2,0,1769,"ffn_moe_out-30","node_5075","ffn_moe_weighted-30 (view)"
631,74,MUL_MAT,0,36,4,1899,"ffn_shexp-30","blk.30.ffn_down_shexp.weight","ffn_swiglu-30"
631,77,MUL,0,3,0,1925,"ffn_shexp_gated-30","ffn_shexp-30","shared_expert_gate_sigmoid-30"
631,78,ADD,0,1,1,1928,"ffn_out-30","ffn_moe_out-30","ffn_shexp_gated-30"
631,151,RMS_NORM,0,9,0,3076,"norm-31","indexer_k_pooled-31 (reshaped)",""
632,38,MUL_MAT,0,355,10,623,"attn_output-31","blk.31.attn_output.weight","attn_gated-31"
632,66,SCALE,0,1,1,906,"ffn_moe_inp-31","node_5226",""
632,102,ADD,0,1,0,1778,"ffn_moe_out-31","node_5262","ffn_moe_weighted-31 (view)"
632,106,MUL_MAT,0,33,2,1887,"ffn_shexp-31","blk.31.ffn_down_shexp.weight","ffn_swiglu-31"
632,109,MUL,0,4,0,1898,"ffn_shexp_gated-31","ffn_shexp-31","shared_expert_gate_sigmoid-31"
632,110,ADD,0,1,0,1900,"ffn_out-31","ffn_moe_out-31","ffn_shexp_gated-31"
632,184,RMS_NORM,0,0,2,3410,"norm-32","attn_output-32",""
633,5,MUL_MAT,0,303,14,622,"linear_attn_out-32","blk.32.ssm_out.weight","final_output-32"
633,34,SCALE,0,0,1,938,"ffn_moe_inp-32","node_5380",""
633,70,ADD,0,2,12,1826,"ffn_moe_out-32","node_5416","ffn_moe_weighted-32 (view)"
633,74,MUL_MAT,0,38,4,1968,"ffn_shexp-32","blk.32.ffn_down_shexp.weight","ffn_swiglu-32"
633,77,MUL,0,3,1,1978,"ffn_shexp_gated-32","ffn_shexp-32","shared_expert_gate_sigmoid-32"
633,78,ADD,0,1,1,1980,"ffn_out-32","ffn_moe_out-32","ffn_shexp_gated-32"
633,152,RMS_NORM,0,1,1,3629,"norm-33","attn_output-33",""
634,5,MUL_MAT,0,299,19,624,"linear_attn_out-33","blk.33.ssm_out.weight","final_output-33"
634,34,SCALE,0,1,5,973,"ffn_moe_inp-33","node_5534",""
634,70,ADD,0,1,8,1881,"ffn_moe_out-33","node_5570","ffn_moe_weighted-33 (view)"
634,74,MUL_MAT,0,29,8,2136,"ffn_shexp-33","blk.33.ffn_down_shexp.weight","ffn_swiglu-33"
634,77,MUL,0,2,1,2145,"ffn_shexp_gated-33","ffn_shexp-33","shared_expert_gate_sigmoid-33"
634,78,ADD,0,1,1,2147,"ffn_out-33","ffn_moe_out-33","ffn_shexp_gated-33"
634,152,RMS_NORM,0,0,2,3621,"norm-34","attn_output-34",""
635,5,MUL_MAT,0,293,74,719,"linear_attn_out-34","blk.34.ssm_out.weight","final_output-34"
635,34,SCALE,0,0,2,1006,"ffn_moe_inp-34","node_5688",""
635,70,ADD,0,1,1,1828,"ffn_moe_out-34","node_5724","ffn_moe_weighted-34 (view)"
635,74,MUL_MAT,0,32,5,1955,"ffn_shexp-34","blk.34.ffn_down_shexp.weight","ffn_swiglu-34"
635,77,MUL,0,1,11,1975,"ffn_shexp_gated-34","ffn_shexp-34","shared_expert_gate_sigmoid-34"
635,78,ADD,0,1,0,1976,"ffn_out-34","ffn_moe_out-34","ffn_shexp_gated-34"
635,151,RMS_NORM,0,4,1,2961,"norm-35","indexer_k_pooled-35 (reshaped)",""
636,38,MUL_MAT,0,238,74,522,"attn_output-35","blk.35.attn_output.weight","attn_gated-35"
636,66,SCALE,0,0,2,760,"ffn_moe_inp-35","node_5875",""
636,102,ADD,0,1,1,2170,"ffn_moe_out-35","node_5911","ffn_moe_weighted-35 (view)"
636,106,MUL_MAT,0,19,21,2419,"ffn_shexp-35","blk.35.ffn_down_shexp.weight","ffn_swiglu-35"
636,109,MUL,0,2,0,2436,"ffn_shexp_gated-35","ffn_shexp-35","shared_expert_gate_sigmoid-35"
636,110,ADD,0,1,10,2447,"ffn_out-35","ffn_moe_out-35","ffn_shexp_gated-35"
636,184,RMS_NORM,0,0,2,3651,"norm-36","attn_output-36",""
637,5,MUL_MAT,0,165,162,626,"linear_attn_out-36","blk.36.ssm_out.weight","final_output-36"
637,34,SCALE,0,0,1,855,"ffn_moe_inp-36","node_6029",""
637,70,ADD,0,1,1,1630,"ffn_moe_out-36","node_6065","ffn_moe_weighted-36 (view)"
637,74,MUL_MAT,0,20,20,1744,"ffn_shexp-36","blk.36.ffn_down_shexp.weight","ffn_swiglu-36"
637,77,MUL,0,2,0,1752,"ffn_shexp_gated-36","ffn_shexp-36","shared_expert_gate_sigmoid-36"
637,78,ADD,0,1,1,1754,"ffn_out-36","ffn_moe_out-36","ffn_shexp_gated-36"
637,152,RMS_NORM,0,1,2,3129,"norm-37","attn_output-37",""
638,5,MUL_MAT,0,196,148,679,"linear_attn_out-37","blk.37.ssm_out.weight","final_output-37"
638,34,SCALE,0,0,2,940,"ffn_moe_inp-37","node_6183",""
638,70,ADD,0,1,1,1770,"ffn_moe_out-37","node_6219","ffn_moe_weighted-37 (view)"
638,74,MUL_MAT,0,21,15,1882,"ffn_shexp-37","blk.37.ffn_down_shexp.weight","ffn_swiglu-37"
638,77,MUL,0,2,0,1890,"ffn_shexp_gated-37","ffn_shexp-37","shared_expert_gate_sigmoid-37"
638,78,ADD,0,0,1,1892,"ffn_out-37","ffn_moe_out-37","ffn_shexp_gated-37"
638,152,RMS_NORM,0,0,0,3427,"norm-38","attn_output-38",""
639,5,MUL_MAT,0,268,79,701,"linear_attn_out-38","blk.38.ssm_out.weight","final_output-38"
639,34,SCALE,0,0,2,955,"ffn_moe_inp-38","node_6337",""
639,70,ADD,0,1,19,2384,"ffn_moe_out-38","node_6373","ffn_moe_weighted-38 (view)"
639,74,MUL_MAT,0,30,140,2688,"ffn_shexp-38","blk.38.ffn_down_shexp.weight","ffn_swiglu-38"
639,77,MUL,0,18,0,2712,"ffn_shexp_gated-38","ffn_shexp-38","shared_expert_gate_sigmoid-38"
639,78,ADD,0,1,0,2714,"ffn_out-38","ffn_moe_out-38","ffn_shexp_gated-38"
639,87,ADD,0,2,1,2742,"l_last-38","hc_combine-38","node_6390"
640,0,GET_ROWS,0,2,0,2,"model.input_embed","token_embd.weight","inp_tokens"
640,69,RMS_NORM,0,1,8,1251,"norm-0","attn_output-0",""
641,5,MUL_MAT,0,268,80,677,"linear_attn_out-0","blk.0.ssm_out.weight","final_output-0"
641,34,SCALE,0,0,1,914,"ffn_moe_inp-0","node_104",""
641,70,ADD,0,1,4,1698,"ffn_moe_out-0","node_140","ffn_moe_weighted-0 (view)"
641,93,MUL_MAT,0,26,9,2522,"ffn_shexp-0","blk.0.ffn_down_shexp.weight","ffn_swiglu-0"
641,96,MUL,0,2,1,2531,"ffn_shexp_gated-0","ffn_shexp-0","shared_expert_gate_sigmoid-0"
641,97,ADD,0,1,0,2532,"ffn_out-0","ffn_moe_out-0","ffn_shexp_gated-0"
641,236,RMS_NORM,0,0,12,4299,"norm-1","attn_output-1",""
642,5,MUL_MAT,0,290,208,860,"linear_attn_out-1","blk.1.ssm_out.weight","final_output-1"
642,34,SCALE,0,0,0,1109,"ffn_moe_inp-1","node_342",""
642,70,ADD,0,1,1,2565,"ffn_moe_out-1","node_378","ffn_moe_weighted-1 (view)"
642,74,MUL_MAT,0,31,4,2681,"ffn_shexp-1","blk.1.ffn_down_shexp.weight","ffn_swiglu-1"
642,77,MUL,0,3,0,2690,"ffn_shexp_gated-1","ffn_shexp-1","shared_expert_gate_sigmoid-1"
642,78,ADD,0,1,0,2692,"ffn_out-1","ffn_moe_out-1","ffn_shexp_gated-1"
642,152,RMS_NORM,0,0,1,4221,"norm-2","attn_output-2",""
643,5,MUL_MAT,0,325,7,654,"linear_attn_out-2","blk.2.ssm_out.weight","final_output-2"
643,34,SCALE,0,0,2,926,"ffn_moe_inp-2","node_496",""
643,70,ADD,0,2,0,3017,"ffn_moe_out-2","node_532","ffn_moe_weighted-2 (view)"
643,74,MUL_MAT,0,34,1,3129,"ffn_shexp-2","blk.2.ffn_down_shexp.weight","ffn_swiglu-2"
643,77,MUL,0,3,0,3138,"ffn_shexp_gated-2","ffn_shexp-2","shared_expert_gate_sigmoid-2"
643,78,ADD,0,1,0,3140,"ffn_out-2","ffn_moe_out-2","ffn_shexp_gated-2"
643,151,RMS_NORM,0,8,0,4124,"norm-3","indexer_k_pooled-3 (reshaped)",""
644,38,MUL_MAT,0,302,9,547,"attn_output-3","blk.3.attn_output.weight","attn_gated-3"
644,66,SCALE,0,0,1,781,"ffn_moe_inp-3","node_683",""
644,102,ADD,0,1,1,1989,"ffn_moe_out-3","node_719","ffn_moe_weighted-3 (view)"
644,106,MUL_MAT,0,34,1,2106,"ffn_shexp-3","blk.3.ffn_down_shexp.weight","ffn_swiglu-3"
644,109,MUL,0,3,0,2120,"ffn_shexp_gated-3","ffn_shexp-3","shared_expert_gate_sigmoid-3"
644,110,ADD,0,1,4,2126,"ffn_out-3","ffn_moe_out-3","ffn_shexp_gated-3"
644,184,RMS_NORM,0,0,1,3715,"norm-4","attn_output-4",""
645,5,MUL_MAT,0,301,13,631,"linear_attn_out-4","blk.4.ssm_out.weight","final_output-4"
645,34,SCALE,0,1,1,879,"ffn_moe_inp-4","node_837",""
645,70,ADD,0,1,0,2450,"ffn_moe_out-4","node_873","ffn_moe_weighted-4 (view)"
645,74,MUL_MAT,0,35,1,2570,"ffn_shexp-4","blk.4.ffn_down_shexp.weight","ffn_swiglu-4"
645,77,MUL,0,3,0,2683,"ffn_shexp_gated-4","ffn_shexp-4","shared_expert_gate_sigmoid-4"
645,78,ADD,0,1,1,2686,"ffn_out-4","ffn_moe_out-4","ffn_shexp_gated-4"
645,152,RMS_NORM,0,1,13,4648,"norm-5","attn_output-5",""
646,5,MUL_MAT,0,325,2,650,"linear_attn_out-5","blk.5.ssm_out.weight","final_output-5"
646,34,SCALE,0,1,0,943,"ffn_moe_inp-5","node_991",""
646,70,ADD,0,2,0,1741,"ffn_moe_out-5","node_1027","ffn_moe_weighted-5 (view)"
646,74,MUL_MAT,0,35,5,1878,"ffn_shexp-5","blk.5.ffn_down_shexp.weight","ffn_swiglu-5"
646,77,MUL,0,3,1,1896,"ffn_shexp_gated-5","ffn_shexp-5","shared_expert_gate_sigmoid-5"
646,78,ADD,0,1,1,1898,"ffn_out-5","ffn_moe_out-5","ffn_shexp_gated-5"
646,152,RMS_NORM,0,1,2,3517,"norm-6","attn_output-6",""
647,5,MUL_MAT,0,330,2,670,"linear_attn_out-6","blk.6.ssm_out.weight","final_output-6"
647,34,SCALE,0,0,10,1087,"ffn_moe_inp-6","node_1145",""
647,70,ADD,0,2,0,2341,"ffn_moe_out-6","node_1181","ffn_moe_weighted-6 (view)"
647,74,MUL_MAT,0,33,3,2453,"ffn_shexp-6","blk.6.ffn_down_shexp.weight","ffn_swiglu-6"
647,77,MUL,0,3,0,2465,"ffn_shexp_gated-6","ffn_shexp-6","shared_expert_gate_sigmoid-6"
647,78,ADD,0,2,0,2467,"ffn_out-6","ffn_moe_out-6","ffn_shexp_gated-6"
647,151,RMS_NORM,0,8,0,3457,"norm-7","indexer_k_pooled-7 (reshaped)",""
648,38,MUL_MAT,0,306,19,536,"attn_output-7","blk.7.attn_output.weight","attn_gated-7"
648,66,SCALE,0,0,2,782,"ffn_moe_inp-7","node_1332",""
648,102,ADD,0,1,0,1565,"ffn_moe_out-7","node_1368","ffn_moe_weighted-7 (view)"
648,106,MUL_MAT,0,35,5,1688,"ffn_shexp-7","blk.7.ffn_down_shexp.weight","ffn_swiglu-7"
648,109,MUL,0,3,0,1703,"ffn_shexp_gated-7","ffn_shexp-7","shared_expert_gate_sigmoid-7"
648,110,ADD,0,1,0,1705,"ffn_out-7","ffn_moe_out-7","ffn_shexp_gated-7"
648,184,RMS_NORM,0,0,10,3265,"norm-8","attn_output-8",""
649,5,MUL_MAT,0,305,1,616,"linear_attn_out-8","blk.8.ssm_out.weight","final_output-8"
649,34,SCALE,0,1,0,920,"ffn_moe_inp-8","node_1486",""
649,70,ADD,0,1,1,1794,"ffn_moe_out-8","node_1522","ffn_moe_weighted-8 (view)"
649,74,MUL_MAT,0,43,1,1932,"ffn_shexp-8","blk.8.ffn_down_shexp.weight","ffn_swiglu-8"
649,77,MUL,0,3,0,1943,"ffn_shexp_gated-8","ffn_shexp-8","shared_expert_gate_sigmoid-8"
649,78,ADD,0,2,0,1945,"ffn_out-8","ffn_moe_out-8","ffn_shexp_gated-8"
649,152,RMS_NORM,0,1,1,3509,"norm-9","attn_output-9",""
650,5,MUL_MAT,0,306,71,732,"linear_attn_out-9","blk.9.ssm_out.weight","final_output-9"
650,34,SCALE,0,0,10,1066,"ffn_moe_inp-9","node_1640",""
650,70,ADD,0,1,0,1931,"ffn_moe_out-9","node_1676","ffn_moe_weighted-9 (view)"
650,74,MUL_MAT,0,32,16,2079,"ffn_shexp-9","blk.9.ffn_down_shexp.weight","ffn_swiglu-9"
650,77,MUL,0,2,1,2087,"ffn_shexp_gated-9","ffn_shexp-9","shared_expert_gate_sigmoid-9"
650,78,ADD,0,1,0,2088,"ffn_out-9","ffn_moe_out-9","ffn_shexp_gated-9"
650,152,RMS_NORM,0,0,6,3408,"norm-10","attn_output-10",""
651,5,MUL_MAT,0,275,63,659,"linear_attn_out-10","blk.10.ssm_out.weight","final_output-10"
651,34,SCALE,0,0,1,897,"ffn_moe_inp-10","node_1794",""
651,70,ADD,0,1,0,1722,"ffn_moe_out-10","node_1830","ffn_moe_weighted-10 (view)"
651,74,MUL_MAT,0,34,6,1855,"ffn_shexp-10","blk.10.ffn_down_shexp.weight","ffn_swiglu-10"
651,77,MUL,0,2,0,1863,"ffn_shexp_gated-10","ffn_shexp-10","shared_expert_gate_sigmoid-10"
651,78,ADD,0,1,1,1865,"ffn_out-10","ffn_moe_out-10","ffn_shexp_gated-10"
651,151,RMS_NORM,0,4,1,2884,"norm-11","indexer_k_pooled-11 (reshaped)",""
652,38,MUL_MAT,0,270,49,548,"attn_output-11","blk.11.attn_output.weight","attn_gated-11"
652,66,SCALE,0,0,1,806,"ffn_moe_inp-11","node_1981",""
652,102,ADD,0,1,1,1596,"ffn_moe_out-11","node_2017","ffn_moe_weighted-11 (view)"
652,106,MUL_MAT,0,27,7,1708,"ffn_shexp-11","blk.11.ffn_down_shexp.weight","ffn_swiglu-11"
652,109,MUL,0,3,0,1716,"ffn_shexp_gated-11","ffn_shexp-11","shared_expert_gate_sigmoid-11"
652,110,ADD,0,1,0,1717,"ffn_out-11","ffn_moe_out-11","ffn_shexp_gated-11"
652,184,RMS_NORM,0,0,2,2978,"norm-12","attn_output-12",""
653,5,MUL_MAT,0,277,72,672,"linear_attn_out-12","blk.12.ssm_out.weight","final_output-12"
653,34,SCALE,0,0,2,946,"ffn_moe_inp-12","node_2135",""
653,70,ADD,0,1,0,1792,"ffn_moe_out-12","node_2171","ffn_moe_weighted-12 (view)"
653,74,MUL_MAT,0,33,6,1920,"ffn_shexp-12","blk.12.ffn_down_shexp.weight","ffn_swiglu-12"
653,77,MUL,0,3,0,1956,"ffn_shexp_gated-12","ffn_shexp-12","shared_expert_gate_sigmoid-12"
653,78,ADD,0,1,1,1958,"ffn_out-12","ffn_moe_out-12","ffn_shexp_gated-12"
653,152,RMS_NORM,0,0,2,3433,"norm-13","attn_output-13",""
654,5,MUL_MAT,0,336,1,685,"linear_attn_out-13","blk.13.ssm_out.weight","final_output-13"
654,34,SCALE,0,0,2,971,"ffn_moe_inp-13","node_2289",""
654,70,ADD,0,1,0,1891,"ffn_moe_out-13","node_2325","ffn_moe_weighted-13 (view)"
654,74,MUL_MAT,0,30,7,2019,"ffn_shexp-13","blk.13.ffn_down_shexp.weight","ffn_swiglu-13"
654,77,MUL,0,1,1,2037,"ffn_shexp_gated-13","ffn_shexp-13","shared_expert_gate_sigmoid-13"
654,78,ADD,0,1,0,2038,"ffn_out-13","ffn_moe_out-13","ffn_shexp_gated-13"
654,152,RMS_NORM,0,0,2,3447,"norm-14","attn_output-14",""
655,5,MUL_MAT,0,300,73,748,"linear_attn_out-14","blk.14.ssm_out.weight","final_output-14"
655,34,SCALE,0,0,2,1033,"ffn_moe_inp-14","node_2443",""
655,70,ADD,0,1,0,1813,"ffn_moe_out-14","node_2479","ffn_moe_weighted-14 (view)"
655,74,MUL_MAT,0,28,11,1934,"ffn_shexp-14","blk.14.ffn_down_shexp.weight","ffn_swiglu-14"
655,77,MUL,0,2,1,1941,"ffn_shexp_gated-14","ffn_shexp-14","shared_expert_gate_sigmoid-14"
655,78,ADD,0,1,1,1943,"ffn_out-14","ffn_moe_out-14","ffn_shexp_gated-14"
655,151,RMS_NORM,0,4,0,2928,"norm-15","indexer_k_pooled-15 (reshaped)",""
656,38,MUL_MAT,0,244,83,580,"attn_output-15","blk.15.attn_output.weight","attn_gated-15"
656,66,SCALE,0,0,1,854,"ffn_moe_inp-15","node_2630",""
656,102,ADD,0,1,1,1669,"ffn_moe_out-15","node_2666","ffn_moe_weighted-15 (view)"
656,106,MUL_MAT,0,30,5,1777,"ffn_shexp-15","blk.15.ffn_down_shexp.weight","ffn_swiglu-15"
656,109,MUL,0,1,1,1785,"ffn_shexp_gated-15","ffn_shexp-15","shared_expert_gate_sigmoid-15"
656,110,ADD,0,1,1,1787,"ffn_out-15","ffn_moe_out-15","ffn_shexp_gated-15"
656,184,RMS_NORM,0,0,1,3247,"norm-16","attn_output-16",""
657,5,MUL_MAT,0,268,61,665,"linear_attn_out-16","blk.16.ssm_out.weight","final_output-16"
657,34,SCALE,0,0,2,925,"ffn_moe_inp-16","node_2784",""
657,70,ADD,0,1,1,1698,"ffn_moe_out-16","node_2820","ffn_moe_weighted-16 (view)"
657,74,MUL_MAT,0,27,19,1817,"ffn_shexp-16","blk.16.ffn_down_shexp.weight","ffn_swiglu-16"
657,77,MUL,0,2,0,1832,"ffn_shexp_gated-16","ffn_shexp-16","shared_expert_gate_sigmoid-16"
657,78,ADD,0,1,0,1833,"ffn_out-16","ffn_moe_out-16","ffn_shexp_gated-16"
657,152,RMS_NORM,0,0,6,3236,"norm-17","attn_output-17",""
658,5,MUL_MAT,0,285,72,694,"linear_attn_out-17","blk.17.ssm_out.weight","final_output-17"
658,34,SCALE,0,0,14,959,"ffn_moe_inp-17","node_2938",""
658,70,ADD,0,1,1,1872,"ffn_moe_out-17","node_2974","ffn_moe_weighted-17 (view)"
658,74,MUL_MAT,0,29,16,1998,"ffn_shexp-17","blk.17.ffn_down_shexp.weight","ffn_swiglu-17"
658,77,MUL,0,2,0,2005,"ffn_shexp_gated-17","ffn_shexp-17","shared_expert_gate_sigmoid-17"
658,78,ADD,0,1,0,2007,"ffn_out-17","ffn_moe_out-17","ffn_shexp_gated-17"
658,152,RMS_NORM,0,1,2,3314,"norm-18","attn_output-18",""
659,5,MUL_MAT,0,187,154,690,"linear_attn_out-18","blk.18.ssm_out.weight","final_output-18"
659,34,SCALE,0,0,2,912,"ffn_moe_inp-18","node_3092",""
659,70,ADD,0,1,1,2461,"ffn_moe_out-18","node_3128","ffn_moe_weighted-18 (view)"
659,74,MUL_MAT,0,37,4,2619,"ffn_shexp-18","blk.18.ffn_down_shexp.weight","ffn_swiglu-18"
659,77,MUL,0,2,0,2636,"ffn_shexp_gated-18","ffn_shexp-18","shared_expert_gate_sigmoid-18"
659,78,ADD,0,1,1,2638,"ffn_out-18","ffn_moe_out-18","ffn_shexp_gated-18"
659,151,RMS_NORM,0,4,0,3690,"norm-19","indexer_k_pooled-19 (reshaped)",""
660,38,MUL_MAT,0,264,50,523,"attn_output-19","blk.19.attn_output.weight","attn_gated-19"
660,66,SCALE,0,0,1,764,"ffn_moe_inp-19","node_3279",""
660,102,ADD,0,2,0,1546,"ffn_moe_out-19","node_3315","ffn_moe_weighted-19 (view)"
660,106,MUL_MAT,0,29,9,1661,"ffn_shexp-19","blk.19.ffn_down_shexp.weight","ffn_swiglu-19"
660,109,MUL,0,3,0,1668,"ffn_shexp_gated-19","ffn_shexp-19","shared_expert_gate_sigmoid-19"
660,110,ADD,0,1,1,1670,"ffn_out-19","ffn_moe_out-19","ffn_shexp_gated-19"
660,184,RMS_NORM,0,1,2,2960,"norm-20","attn_output-20",""
661,5,MUL_MAT,0,275,69,688,"linear_attn_out-20","blk.20.ssm_out.weight","final_output-20"
661,34,SCALE,0,0,1,937,"ffn_moe_inp-20","node_3433",""
661,70,ADD,0,1,1,1944,"ffn_moe_out-20","node_3469","ffn_moe_weighted-20 (view)"
661,74,MUL_MAT,0,28,10,2071,"ffn_shexp-20","blk.20.ffn_down_shexp.weight","ffn_swiglu-20"
661,77,MUL,0,2,1,2083,"ffn_shexp_gated-20","ffn_shexp-20","shared_expert_gate_sigmoid-20"
661,78,ADD,0,1,1,2085,"ffn_out-20","ffn_moe_out-20","ffn_shexp_gated-20"
661,152,RMS_NORM,0,1,0,3443,"norm-21","attn_output-21",""
662,5,MUL_MAT,0,293,34,731,"linear_attn_out-21","blk.21.ssm_out.weight","final_output-21"
662,34,SCALE,0,0,1,963,"ffn_moe_inp-21","node_3587",""
662,70,ADD,0,1,0,2338,"ffn_moe_out-21","node_3623","ffn_moe_weighted-21 (view)"
662,74,MUL_MAT,0,33,8,2464,"ffn_shexp-21","blk.21.ffn_down_shexp.weight","ffn_swiglu-21"
662,77,MUL,0,2,0,2472,"ffn_shexp_gated-21","ffn_shexp-21","shared_expert_gate_sigmoid-21"
662,78,ADD,0,1,1,2474,"ffn_out-21","ffn_moe_out-21","ffn_shexp_gated-21"
662,152,RMS_NORM,0,1,15,3850,"norm-22","attn_output-22",""
663,5,MUL_MAT,0,290,48,675,"linear_attn_out-22","blk.22.ssm_out.weight","final_output-22"
663,34,SCALE,0,0,2,931,"ffn_moe_inp-22","node_3741",""
663,70,ADD,0,1,1,1861,"ffn_moe_out-22","node_3777","ffn_moe_weighted-22 (view)"
663,74,MUL_MAT,0,24,12,1988,"ffn_shexp-22","blk.22.ffn_down_shexp.weight","ffn_swiglu-22"
663,77,MUL,0,2,0,1995,"ffn_shexp_gated-22","ffn_shexp-22","shared_expert_gate_sigmoid-22"
663,78,ADD,0,1,0,1997,"ffn_out-22","ffn_moe_out-22","ffn_shexp_gated-22"
663,151,RMS_NORM,0,4,0,3038,"norm-23","indexer_k_pooled-23 (reshaped)",""
664,38,MUL_MAT,0,167,175,577,"attn_output-23","blk.23.attn_output.weight","attn_gated-23"
664,66,SCALE,0,0,1,866,"ffn_moe_inp-23","node_3928",""
664,102,ADD,0,1,1,1840,"ffn_moe_out-23","node_3964","ffn_moe_weighted-23 (view)"
664,106,MUL_MAT,0,35,3,1956,"ffn_shexp-23","blk.23.ffn_down_shexp.weight","ffn_swiglu-23"
664,109,MUL,0,3,1,1966,"ffn_shexp_gated-23","ffn_shexp-23","shared_expert_gate_sigmoid-23"
664,110,ADD,0,2,0,1968,"ffn_out-23","ffn_moe_out-23","ffn_shexp_gated-23"
664,184,RMS_NORM,0,0,2,3223,"norm-24","attn_output-24",""
665,5,MUL_MAT,0,182,145,663,"linear_attn_out-24","blk.24.ssm_out.weight","final_output-24"
665,34,SCALE,0,0,1,898,"ffn_moe_inp-24","node_4082",""
665,70,ADD,0,1,1,1702,"ffn_moe_out-24","node_4118","ffn_moe_weighted-24 (view)"
665,74,MUL_MAT,0,28,21,1833,"ffn_shexp-24","blk.24.ffn_down_shexp.weight","ffn_swiglu-24"
665,77,MUL,0,2,0,1848,"ffn_shexp_gated-24","ffn_shexp-24","shared_expert_gate_sigmoid-24"
665,78,ADD,0,0,1,1850,"ffn_out-24","ffn_moe_out-24","ffn_shexp_gated-24"
665,152,RMS_NORM,0,0,2,3142,"norm-25","attn_output-25",""
666,5,MUL_MAT,0,299,144,832,"linear_attn_out-25","blk.25.ssm_out.weight","final_output-25"
666,34,SCALE,0,0,9,1097,"ffn_moe_inp-25","node_4236",""
666,70,ADD,0,1,5,1893,"ffn_moe_out-25","node_4272","ffn_moe_weighted-25 (view)"
666,74,MUL_MAT,0,28,12,2012,"ffn_shexp-25","blk.25.ffn_down_shexp.weight","ffn_swiglu-25"
666,77,MUL,0,2,0,2019,"ffn_shexp_gated-25","ffn_shexp-25","shared_expert_gate_sigmoid-25"
666,78,ADD,0,1,1,2021,"ffn_out-25","ffn_moe_out-25","ffn_shexp_gated-25"
666,152,RMS_NORM,0,0,2,3410,"norm-26","attn_output-26",""
667,5,MUL_MAT,0,305,48,707,"linear_attn_out-26","blk.26.ssm_out.weight","final_output-26"
667,34,SCALE,0,0,1,954,"ffn_moe_inp-26","node_4390",""
667,70,ADD,0,1,0,2315,"ffn_moe_out-26","node_4426","ffn_moe_weighted-26 (view)"
667,74,MUL_MAT,0,27,10,2436,"ffn_shexp-26","blk.26.ffn_down_shexp.weight","ffn_swiglu-26"
667,77,MUL,0,3,0,2445,"ffn_shexp_gated-26","ffn_shexp-26","shared_expert_gate_sigmoid-26"
667,78,ADD,0,1,1,2447,"ffn_out-26","ffn_moe_out-26","ffn_shexp_gated-26"
667,151,RMS_NORM,0,5,0,3495,"norm-27","indexer_k_pooled-27 (reshaped)",""
668,38,MUL_MAT,0,200,124,591,"attn_output-27","blk.27.attn_output.weight","attn_gated-27"
668,66,SCALE,0,1,1,856,"ffn_moe_inp-27","node_4577",""
668,102,ADD,0,1,1,1796,"ffn_moe_out-27","node_4613","ffn_moe_weighted-27 (view)"
668,106,MUL_MAT,0,29,13,1920,"ffn_shexp-27","blk.27.ffn_down_shexp.weight","ffn_swiglu-27"
668,109,MUL,0,2,1,1928,"ffn_shexp_gated-27","ffn_shexp-27","shared_expert_gate_sigmoid-27"
668,110,ADD,0,1,0,1929,"ffn_out-27","ffn_moe_out-27","ffn_shexp_gated-27"
668,184,RMS_NORM,0,1,2,3295,"norm-28","attn_output-28",""
669,5,MUL_MAT,0,278,47,654,"linear_attn_out-28","blk.28.ssm_out.weight","final_output-28"
669,34,SCALE,0,0,2,896,"ffn_moe_inp-28","node_4731",""
669,70,ADD,0,1,1,1683,"ffn_moe_out-28","node_4767","ffn_moe_weighted-28 (view)"
669,74,MUL_MAT,0,32,6,1810,"ffn_shexp-28","blk.28.ffn_down_shexp.weight","ffn_swiglu-28"
669,77,MUL,0,2,1,1818,"ffn_shexp_gated-28","ffn_shexp-28","shared_expert_gate_sigmoid-28"
669,78,ADD,0,1,1,1820,"ffn_out-28","ffn_moe_out-28","ffn_shexp_gated-28"
669,152,RMS_NORM,0,0,2,3183,"norm-29","attn_output-29",""
670,5,MUL_MAT,0,282,62,782,"linear_attn_out-29","blk.29.ssm_out.weight","final_output-29"
670,34,SCALE,0,0,47,1098,"ffn_moe_inp-29","node_4885",""
670,70,ADD,0,1,1,1985,"ffn_moe_out-29","node_4921","ffn_moe_weighted-29 (view)"
670,74,MUL_MAT,0,25,12,2115,"ffn_shexp-29","blk.29.ffn_down_shexp.weight","ffn_swiglu-29"
670,77,MUL,0,2,0,2123,"ffn_shexp_gated-29","ffn_shexp-29","shared_expert_gate_sigmoid-29"
670,78,ADD,0,1,1,2125,"ffn_out-29","ffn_moe_out-29","ffn_shexp_gated-29"
670,152,RMS_NORM,0,0,2,3406,"norm-30","attn_output-30",""
671,5,MUL_MAT,0,289,40,647,"linear_attn_out-30","blk.30.ssm_out.weight","final_output-30"
671,34,SCALE,0,0,1,868,"ffn_moe_inp-30","node_5039",""
671,70,ADD,0,2,0,2555,"ffn_moe_out-30","node_5075","ffn_moe_weighted-30 (view)"
671,74,MUL_MAT,0,30,6,2675,"ffn_shexp-30","blk.30.ffn_down_shexp.weight","ffn_swiglu-30"
671,77,MUL,0,2,0,2683,"ffn_shexp_gated-30","ffn_shexp-30","shared_expert_gate_sigmoid-30"
671,78,ADD,0,1,1,2685,"ffn_out-30","ffn_moe_out-30","ffn_shexp_gated-30"
671,151,RMS_NORM,0,8,1,3890,"norm-31","indexer_k_pooled-31 (reshaped)",""
672,38,MUL_MAT,0,331,0,636,"attn_output-31","blk.31.attn_output.weight","attn_gated-31"
672,66,SCALE,0,0,1,898,"ffn_moe_inp-31","node_5226",""
672,102,ADD,0,1,0,1666,"ffn_moe_out-31","node_5262","ffn_moe_weighted-31 (view)"
672,106,MUL_MAT,0,19,17,1792,"ffn_shexp-31","blk.31.ffn_down_shexp.weight","ffn_swiglu-31"
672,109,MUL,0,2,0,1800,"ffn_shexp_gated-31","ffn_shexp-31","shared_expert_gate_sigmoid-31"
672,110,ADD,0,1,1,1802,"ffn_out-31","ffn_moe_out-31","ffn_shexp_gated-31"
672,184,RMS_NORM,0,0,11,3072,"norm-32","attn_output-32",""
673,5,MUL_MAT,0,287,65,706,"linear_attn_out-32","blk.32.ssm_out.weight","final_output-32"
673,34,SCALE,0,1,1,968,"ffn_moe_inp-32","node_5380",""
673,70,ADD,0,1,1,1879,"ffn_moe_out-32","node_5416","ffn_moe_weighted-32 (view)"
673,74,MUL_MAT,0,29,19,2044,"ffn_shexp-32","blk.32.ffn_down_shexp.weight","ffn_swiglu-32"
673,77,MUL,0,2,0,2051,"ffn_shexp_gated-32","ffn_shexp-32","shared_expert_gate_sigmoid-32"
673,78,ADD,0,1,1,2053,"ffn_out-32","ffn_moe_out-32","ffn_shexp_gated-32"
673,152,RMS_NORM,0,1,2,3314,"norm-33","attn_output-33",""
674,5,MUL_MAT,0,209,132,661,"linear_attn_out-33","blk.33.ssm_out.weight","final_output-33"
674,34,SCALE,0,0,2,983,"ffn_moe_inp-33","node_5534",""
674,70,ADD,0,1,0,1843,"ffn_moe_out-33","node_5570","ffn_moe_weighted-33 (view)"
674,74,MUL_MAT,0,20,19,1964,"ffn_shexp-33","blk.33.ffn_down_shexp.weight","ffn_swiglu-33"
674,77,MUL,0,1,1,1971,"ffn_shexp_gated-33","ffn_shexp-33","shared_expert_gate_sigmoid-33"
674,78,ADD,0,1,0,1972,"ffn_out-33","ffn_moe_out-33","ffn_shexp_gated-33"
674,152,RMS_NORM,0,1,2,3367,"norm-34","attn_output-34",""
675,5,MUL_MAT,0,270,64,669,"linear_attn_out-34","blk.34.ssm_out.weight","final_output-34"
675,34,SCALE,0,0,1,914,"ffn_moe_inp-34","node_5688",""
675,70,ADD,0,1,1,2167,"ffn_moe_out-34","node_5724","ffn_moe_weighted-34 (view)"
675,74,MUL_MAT,0,28,11,2296,"ffn_shexp-34","blk.34.ffn_down_shexp.weight","ffn_swiglu-34"
675,77,MUL,0,2,0,2303,"ffn_shexp_gated-34","ffn_shexp-34","shared_expert_gate_sigmoid-34"
675,78,ADD,0,1,9,2313,"ffn_out-34","ffn_moe_out-34","ffn_shexp_gated-34"
675,151,RMS_NORM,0,4,1,3378,"norm-35","indexer_k_pooled-35 (reshaped)",""
676,38,MUL_MAT,0,266,75,579,"attn_output-35","blk.35.attn_output.weight","attn_gated-35"
676,66,SCALE,0,1,6,882,"ffn_moe_inp-35","node_5875",""
676,102,ADD,0,1,0,1775,"ffn_moe_out-35","node_5911","ffn_moe_weighted-35 (view)"
676,106,MUL_MAT,0,33,1,1885,"ffn_shexp-35","blk.35.ffn_down_shexp.weight","ffn_swiglu-35"
676,109,MUL,0,3,0,1895,"ffn_shexp_gated-35","ffn_shexp-35","shared_expert_gate_sigmoid-35"
676,110,ADD,0,1,0,1897,"ffn_out-35","ffn_moe_out-35","ffn_shexp_gated-35"
676,184,RMS_NORM,0,1,1,3385,"norm-36","attn_output-36",""
677,5,MUL_MAT,0,312,10,635,"linear_attn_out-36","blk.36.ssm_out.weight","final_output-36"
677,34,SCALE,0,0,1,870,"ffn_moe_inp-36","node_6029",""
677,70,ADD,0,1,1,2107,"ffn_moe_out-36","node_6065","ffn_moe_weighted-36 (view)"
677,74,MUL_MAT,0,38,3,2234,"ffn_shexp-36","blk.36.ffn_down_shexp.weight","ffn_swiglu-36"
677,77,MUL,0,3,0,2244,"ffn_shexp_gated-36","ffn_shexp-36","shared_expert_gate_sigmoid-36"
677,78,ADD,0,1,1,2247,"ffn_out-36","ffn_moe_out-36","ffn_shexp_gated-36"
677,152,RMS_NORM,0,1,0,4066,"norm-37","attn_output-37",""
678,5,MUL_MAT,0,309,1,617,"linear_attn_out-37","blk.37.ssm_out.weight","final_output-37"
678,34,SCALE,0,0,1,853,"ffn_moe_inp-37","node_6183",""
678,70,ADD,0,1,1,1640,"ffn_moe_out-37","node_6219","ffn_moe_weighted-37 (view)"
678,74,MUL_MAT,0,35,4,1754,"ffn_shexp-37","blk.37.ffn_down_shexp.weight","ffn_swiglu-37"
678,77,MUL,0,4,0,1763,"ffn_shexp_gated-37","ffn_shexp-37","shared_expert_gate_sigmoid-37"
678,78,ADD,0,2,0,1765,"ffn_out-37","ffn_moe_out-37","ffn_shexp_gated-37"
678,152,RMS_NORM,0,1,5,3456,"norm-38","attn_output-38",""
679,5,MUL_MAT,0,318,2,657,"linear_attn_out-38","blk.38.ssm_out.weight","final_output-38"
679,34,SCALE,0,0,2,914,"ffn_moe_inp-38","node_6337",""
679,70,ADD,0,2,0,1712,"ffn_moe_out-38","node_6373","ffn_moe_weighted-38 (view)"
679,74,MUL_MAT,0,34,7,1829,"ffn_shexp-38","blk.38.ffn_down_shexp.weight","ffn_swiglu-38"
679,77,MUL,0,3,1,1838,"ffn_shexp_gated-38","ffn_shexp-38","shared_expert_gate_sigmoid-38"
679,78,ADD,0,1,0,1839,"ffn_out-38","ffn_moe_out-38","ffn_shexp_gated-38"
679,87,ADD,0,1,0,1867,"l_last-38","hc_combine-38","node_6390"
680,0,GET_ROWS,0,3,0,3,"model.input_embed","token_embd.weight","inp_tokens"
680,69,RMS_NORM,0,1,1,1561,"norm-0","attn_output-0",""
681,5,MUL_MAT,0,344,12,715,"linear_attn_out-0","blk.0.ssm_out.weight","final_output-0"
681,34,SCALE,0,0,1,1019,"ffn_moe_inp-0","node_104",""
681,70,ADD,0,2,4,2170,"ffn_moe_out-0","node_140","ffn_moe_weighted-0 (view)"
681,93,MUL_MAT,0,41,2,3234,"ffn_shexp-0","blk.0.ffn_down_shexp.weight","ffn_swiglu-0"
681,96,MUL,0,3,0,3245,"ffn_shexp_gated-0","ffn_shexp-0","shared_expert_gate_sigmoid-0"
681,97,ADD,0,2,1,3248,"ffn_out-0","ffn_moe_out-0","ffn_shexp_gated-0"
681,236,RMS_NORM,0,0,1,5368,"norm-1","attn_output-1",""
682,5,MUL_MAT,0,338,2,666,"linear_attn_out-1","blk.1.ssm_out.weight","final_output-1"
682,34,SCALE,0,0,1,933,"ffn_moe_inp-1","node_342",""
682,70,ADD,0,2,0,1817,"ffn_moe_out-1","node_378","ffn_moe_weighted-1 (view)"
682,74,MUL_MAT,0,56,2,1975,"ffn_shexp-1","blk.1.ffn_down_shexp.weight","ffn_swiglu-1"
682,77,MUL,0,4,0,1985,"ffn_shexp_gated-1","ffn_shexp-1","shared_expert_gate_sigmoid-1"
682,78,ADD,0,1,0,1987,"ffn_out-1","ffn_moe_out-1","ffn_shexp_gated-1"
682,152,RMS_NORM,0,1,1,3706,"norm-2","attn_output-2",""
683,5,MUL_MAT,0,286,34,663,"linear_attn_out-2","blk.2.ssm_out.weight","final_output-2"
683,34,SCALE,0,0,2,904,"ffn_moe_inp-2","node_496",""
683,70,ADD,0,1,1,2409,"ffn_moe_out-2","node_532","ffn_moe_weighted-2 (view)"
683,74,MUL_MAT,0,32,10,2536,"ffn_shexp-2","blk.2.ffn_down_shexp.weight","ffn_swiglu-2"
683,77,MUL,0,2,1,2549,"ffn_shexp_gated-2","ffn_shexp-2","shared_expert_gate_sigmoid-2"
683,78,ADD,0,1,1,2551,"ffn_out-2","ffn_moe_out-2","ffn_shexp_gated-2"
683,151,RMS_NORM,0,4,1,3743,"norm-3","indexer_k_pooled-3 (reshaped)",""
684,38,MUL_MAT,0,259,67,580,"attn_output-3","blk.3.attn_output.weight","attn_gated-3"
684,66,SCALE,0,1,1,824,"ffn_moe_inp-3","node_683",""
684,102,ADD,0,1,0,1622,"ffn_moe_out-3","node_719","ffn_moe_weighted-3 (view)"
684,106,MUL_MAT,0,28,8,1735,"ffn_shexp-3","blk.3.ffn_down_shexp.weight","ffn_swiglu-3"
684,109,MUL,0,2,0,1754,"ffn_shexp_gated-3","ffn_shexp-3","shared_expert_gate_sigmoid-3"
684,110,ADD,0,1,4,1760,"ffn_out-3","ffn_moe_out-3","ffn_shexp_gated-3"
684,184,RMS_NORM,0,0,1,3263,"norm-4","attn_output-4",""
685,5,MUL_MAT,0,182,174,701,"linear_attn_out-4","blk.4.ssm_out.weight","final_output-4"
685,34,SCALE,0,0,2,945,"ffn_moe_inp-4","node_837",""
685,70,ADD,0,1,0,1937,"ffn_moe_out-4","node_873","ffn_moe_weighted-4 (view)"
685,74,MUL_MAT,0,19,20,2067,"ffn_shexp-4","blk.4.ffn_down_shexp.weight","ffn_swiglu-4"
685,77,MUL,0,2,4,2079,"ffn_shexp_gated-4","ffn_shexp-4","shared_expert_gate_sigmoid-4"
685,78,ADD,0,1,1,2081,"ffn_out-4","ffn_moe_out-4","ffn_shexp_gated-4"
685,152,RMS_NORM,0,1,1,3367,"norm-5","attn_output-5",""
686,5,MUL_MAT,0,173,159,682,"linear_attn_out-5","blk.5.ssm_out.weight","final_output-5"
686,34,SCALE,0,0,2,910,"ffn_moe_inp-5","node_991",""
686,70,ADD,0,1,0,1703,"ffn_moe_out-5","node_1027","ffn_moe_weighted-5 (view)"
686,74,MUL_MAT,0,23,17,1828,"ffn_shexp-5","blk.5.ffn_down_shexp.weight","ffn_swiglu-5"
686,77,MUL,0,1,0,1853,"ffn_shexp_gated-5","ffn_shexp-5","shared_expert_gate_sigmoid-5"
686,78,ADD,0,1,1,1856,"ffn_out-5","ffn_moe_out-5","ffn_shexp_gated-5"
686,152,RMS_NORM,0,0,2,3199,"norm-6","attn_output-6",""
687,5,MUL_MAT,0,174,228,797,"linear_attn_out-6","blk.6.ssm_out.weight","final_output-6"
687,34,SCALE,0,0,2,1049,"ffn_moe_inp-6","node_1145",""
687,70,ADD,0,1,1,1840,"ffn_moe_out-6","node_1181","ffn_moe_weighted-6 (view)"
687,74,MUL_MAT,0,19,23,1963,"ffn_shexp-6","blk.6.ffn_down_shexp.weight","ffn_swiglu-6"
687,77,MUL,0,1,1,1971,"ffn_shexp_gated-6","ffn_shexp-6","shared_expert_gate_sigmoid-6"
687,78,ADD,0,1,0,1972,"ffn_out-6","ffn_moe_out-6","ffn_shexp_gated-6"
687,151,RMS_NORM,0,9,1,2972,"norm-7","indexer_k_pooled-7 (reshaped)",""
688,38,MUL_MAT,0,317,11,619,"attn_output-7","blk.7.attn_output.weight","attn_gated-7"
688,66,SCALE,0,0,1,900,"ffn_moe_inp-7","node_1332",""
688,102,ADD,0,1,5,1796,"ffn_moe_out-7","node_1368","ffn_moe_weighted-7 (view)"
688,106,MUL_MAT,0,38,26,1966,"ffn_shexp-7","blk.7.ffn_down_shexp.weight","ffn_swiglu-7"
688,109,MUL,0,7,1,1994,"ffn_shexp_gated-7","ffn_shexp-7","shared_expert_gate_sigmoid-7"
688,110,ADD,0,1,6,2001,"ffn_out-7","ffn_moe_out-7","ffn_shexp_gated-7"
688,184,RMS_NORM,0,0,2,3665,"norm-8","attn_output-8",""
689,5,MUL_MAT,0,276,70,696,"linear_attn_out-8","blk.8.ssm_out.weight","final_output-8"
689,34,SCALE,0,0,2,929,"ffn_moe_inp-8","node_1486",""
689,70,ADD,0,1,1,1691,"ffn_moe_out-8","node_1522","ffn_moe_weighted-8 (view)"
689,74,MUL_MAT,0,40,97,1914,"ffn_shexp-8","blk.8.ffn_down_shexp.weight","ffn_swiglu-8"
689,77,MUL,0,2,0,1922,"ffn_shexp_gated-8","ffn_shexp-8","shared_expert_gate_sigmoid-8"
689,78,ADD,0,1,0,1924,"ffn_out-8","ffn_moe_out-8","ffn_shexp_gated-8"
689,152,RMS_NORM,0,1,2,3336,"norm-9","attn_output-9",""
690,5,MUL_MAT,0,277,59,674,"linear_attn_out-9","blk.9.ssm_out.weight","final_output-9"
690,34,SCALE,0,0,1,899,"ffn_moe_inp-9","node_1640",""
690,70,ADD,0,2,0,1673,"ffn_moe_out-9","node_1676","ffn_moe_weighted-9 (view)"
690,74,MUL_MAT,0,26,11,1800,"ffn_shexp-9","blk.9.ffn_down_shexp.weight","ffn_swiglu-9"
690,77,MUL,0,2,0,1807,"ffn_shexp_gated-9","ffn_shexp-9","shared_expert_gate_sigmoid-9"
690,78,ADD,0,1,1,1809,"ffn_out-9","ffn_moe_out-9","ffn_shexp_gated-9"
690,152,RMS_NORM,0,0,1,3094,"norm-10","attn_output-10",""
691,5,MUL_MAT,0,283,70,679,"linear_attn_out-10","blk.10.ssm_out.weight","final_output-10"
691,34,SCALE,0,0,1,941,"ffn_moe_inp-10","node_1794",""
691,70,ADD,0,2,7,2019,"ffn_moe_out-10","node_1830","ffn_moe_weighted-10 (view)"
691,74,MUL_MAT,0,45,11,2253,"ffn_shexp-10","blk.10.ffn_down_shexp.weight","ffn_swiglu-10"
691,77,MUL,0,2,1,2262,"ffn_shexp_gated-10","ffn_shexp-10","shared_expert_gate_sigmoid-10"
691,78,ADD,0,1,0,2263,"ffn_out-10","ffn_moe_out-10","ffn_shexp_gated-10"
691,151,RMS_NORM,0,8,6,3618,"norm-11","indexer_k_pooled-11 (reshaped)",""
692,38,MUL_MAT,0,302,12,554,"attn_output-11","blk.11.attn_output.weight","attn_gated-11"
692,66,SCALE,0,1,0,797,"ffn_moe_inp-11","node_1981",""
692,102,ADD,0,1,1,1595,"ffn_moe_out-11","node_2017","ffn_moe_weighted-11 (view)"
692,106,MUL_MAT,0,33,1,1704,"ffn_shexp-11","blk.11.ffn_down_shexp.weight","ffn_swiglu-11"
692,109,MUL,0,4,0,1718,"ffn_shexp_gated-11","ffn_shexp-11","shared_expert_gate_sigmoid-11"
692,110,ADD,0,1,108,1827,"ffn_out-11","ffn_moe_out-11","ffn_shexp_gated-11"
692,184,RMS_NORM,0,1,1,3438,"norm-12","attn_output-12",""
693,5,MUL_MAT,0,339,2,822,"linear_attn_out-12","blk.12.ssm_out.weight","final_output-12"
693,34,SCALE,0,1,1,1090,"ffn_moe_inp-12","node_2135",""
693,70,ADD,0,1,1,1891,"ffn_moe_out-12","node_2171","ffn_moe_weighted-12 (view)"
693,74,MUL_MAT,0,35,1,2004,"ffn_shexp-12","blk.12.ffn_down_shexp.weight","ffn_swiglu-12"
693,77,MUL,0,3,1,2015,"ffn_shexp_gated-12","ffn_shexp-12","shared_expert_gate_sigmoid-12"
693,78,ADD,0,2,0,2017,"ffn_out-12","ffn_moe_out-12","ffn_shexp_gated-12"
693,152,RMS_NORM,0,0,1,3718,"norm-13","attn_output-13",""
694,5,MUL_MAT,0,346,3,689,"linear_attn_out-13","blk.13.ssm_out.weight","final_output-13"
694,34,SCALE,0,0,1,949,"ffn_moe_inp-13","node_2289",""
694,70,ADD,0,1,1,2207,"ffn_moe_out-13","node_2325","ffn_moe_weighted-13 (view)"
694,74,MUL_MAT,0,37,0,2331,"ffn_shexp-13","blk.13.ffn_down_shexp.weight","ffn_swiglu-13"
694,77,MUL,0,3,0,2341,"ffn_shexp_gated-13","ffn_shexp-13","shared_expert_gate_sigmoid-13"
694,78,ADD,0,2,0,2343,"ffn_out-13","ffn_moe_out-13","ffn_shexp_gated-13"
694,152,RMS_NORM,0,1,1,3887,"norm-14","attn_output-14",""
695,5,MUL_MAT,0,311,6,627,"linear_attn_out-14","blk.14.ssm_out.weight","final_output-14"
695,34,SCALE,0,1,2,870,"ffn_moe_inp-14","node_2443",""
695,70,ADD,0,1,1,1942,"ffn_moe_out-14","node_2479","ffn_moe_weighted-14 (view)"
695,74,MUL_MAT,0,39,24,2100,"ffn_shexp-14","blk.14.ffn_down_shexp.weight","ffn_swiglu-14"
695,77,MUL,0,4,10,2134,"ffn_shexp_gated-14","ffn_shexp-14","shared_expert_gate_sigmoid-14"
695,78,ADD,0,2,1,2137,"ffn_out-14","ffn_moe_out-14","ffn_shexp_gated-14"
695,151,RMS_NORM,0,5,0,3476,"norm-15","indexer_k_pooled-15 (reshaped)",""
696,38,MUL_MAT,0,258,62,545,"attn_output-15","blk.15.attn_output.weight","attn_gated-15"
696,66,SCALE,0,0,1,789,"ffn_moe_inp-15","node_2630",""
696,102,ADD,0,1,1,1559,"ffn_moe_out-15","node_2666","ffn_moe_weighted-15 (view)"
696,106,MUL_MAT,0,37,10,1682,"ffn_shexp-15","blk.15.ffn_down_shexp.weight","ffn_swiglu-15"
696,109,MUL,0,3,0,1690,"ffn_shexp_gated-15","ffn_shexp-15","shared_expert_gate_sigmoid-15"
696,110,ADD,0,1,1,1692,"ffn_out-15","ffn_moe_out-15","ffn_shexp_gated-15"
696,184,RMS_NORM,0,1,1,3020,"norm-16","attn_output-16",""
697,5,MUL_MAT,0,276,75,796,"linear_attn_out-16","blk.16.ssm_out.weight","final_output-16"
697,34,SCALE,0,0,1,1053,"ffn_moe_inp-16","node_2784",""
697,70,ADD,0,1,0,1942,"ffn_moe_out-16","node_2820","ffn_moe_weighted-16 (view)"
697,74,MUL_MAT,0,35,5,2092,"ffn_shexp-16","blk.16.ffn_down_shexp.weight","ffn_swiglu-16"
697,77,MUL,0,3,22,2138,"ffn_shexp_gated-16","ffn_shexp-16","shared_expert_gate_sigmoid-16"
697,78,ADD,0,1,0,2140,"ffn_out-16","ffn_moe_out-16","ffn_shexp_gated-16"
697,152,RMS_NORM,0,0,1,3436,"norm-17","attn_output-17",""
698,5,MUL_MAT,0,275,57,648,"linear_attn_out-17","blk.17.ssm_out.weight","final_output-17"
698,34,SCALE,0,1,1,892,"ffn_moe_inp-17","node_2938",""
698,70,ADD,0,1,1,1668,"ffn_moe_out-17","node_2974","ffn_moe_weighted-17 (view)"
698,74,MUL_MAT,0,32,10,1800,"ffn_shexp-17","blk.17.ffn_down_shexp.weight","ffn_swiglu-17"
698,77,MUL,0,2,0,1808,"ffn_shexp_gated-17","ffn_shexp-17","shared_expert_gate_sigmoid-17"
698,78,ADD,0,1,1,1810,"ffn_out-17","ffn_moe_out-17","ffn_shexp_gated-17"
698,152,RMS_NORM,0,0,4,3281,"norm-18","attn_output-18",""
699,5,MUL_MAT,0,170,171,683,"linear_attn_out-18","blk.18.ssm_out.weight","final_output-18"
699,34,SCALE,0,0,1,926,"ffn_moe_inp-18","node_3092",""
699,70,ADD,0,1,1,1677,"ffn_moe_out-18","node_3128","ffn_moe_weighted-18 (view)"
699,74,MUL_MAT,0,19,17,1784,"ffn_shexp-18","blk.18.ffn_down_shexp.weight","ffn_swiglu-18"
699,77,MUL,0,2,0,1797,"ffn_shexp_gated-18","ffn_shexp-18","shared_expert_gate_sigmoid-18"
699,78,ADD,0,1,8,1806,"ffn_out-18","ffn_moe_out-18","ffn_shexp_gated-18"
699,151,RMS_NORM,0,4,8,2851,"norm-19","indexer_k_pooled-19 (reshaped)",""
700,38,MUL_MAT,0,171,166,672,"attn_output-19","blk.19.attn_output.weight","attn_gated-19"
700,66,SCALE,0,0,1,928,"ffn_moe_inp-19","node_3279",""
700,102,ADD,0,2,0,2607,"ffn_moe_out-19","node_3315","ffn_moe_weighted-19 (view)"
700,106,MUL_MAT,0,48,1,2734,"ffn_shexp-19","blk.19.ffn_down_shexp.weight","ffn_swiglu-19"
700,109,MUL,0,3,0,2748,"ffn_shexp_gated-19","ffn_shexp-19","shared_expert_gate_sigmoid-19"
700,110,ADD,0,1,0,2750,"ffn_out-19","ffn_moe_out-19","ffn_shexp_gated-19"
700,184,RMS_NORM,0,0,3,4297,"norm-20","attn_output-20",""
701,5,MUL_MAT,0,304,25,653,"linear_attn_out-20","blk.20.ssm_out.weight","final_output-20"
701,34,SCALE,0,0,1,907,"ffn_moe_inp-20","node_3433",""
701,70,ADD,0,2,0,1728,"ffn_moe_out-20","node_3469","ffn_moe_weighted-20 (view)"
701,74,MUL_MAT,0,37,1,1847,"ffn_shexp-20","blk.20.ffn_down_shexp.weight","ffn_swiglu-20"
701,77,MUL,0,3,0,1857,"ffn_shexp_gated-20","ffn_shexp-20","shared_expert_gate_sigmoid-20"
701,78,ADD,0,1,8,1867,"ffn_out-20","ffn_moe_out-20","ffn_shexp_gated-20"
701,152,RMS_NORM,0,1,6,3615,"norm-21","attn_output-21",""
702,5,MUL_MAT,0,297,19,619,"linear_attn_out-21","blk.21.ssm_out.weight","final_output-21"
702,34,SCALE,0,0,2,879,"ffn_moe_inp-21","node_3587",""
702,70,ADD,0,1,1,1654,"ffn_moe_out-21","node_3623","ffn_moe_weighted-21 (view)"
702,74,MUL_MAT,0,33,6,1783,"ffn_shexp-21","blk.21.ffn_down_shexp.weight","ffn_swiglu-21"
702,77,MUL,0,3,1,1792,"ffn_shexp_gated-21","ffn_shexp-21","shared_expert_gate_sigmoid-21"
702,78,ADD,0,1,1,1794,"ffn_out-21","ffn_moe_out-21","ffn_shexp_gated-21"
702,152,RMS_NORM,0,0,1,3427,"norm-22","attn_output-22",""
703,5,MUL_MAT,0,330,3,665,"linear_attn_out-22","blk.22.ssm_out.weight","final_output-22"
703,34,SCALE,0,1,22,975,"ffn_moe_inp-22","node_3741",""
703,70,ADD,0,1,1,2357,"ffn_moe_out-22","node_3777","ffn_moe_weighted-22 (view)"
703,74,MUL_MAT,0,32,3,2479,"ffn_shexp-22","blk.22.ffn_down_shexp.weight","ffn_swiglu-22"
703,77,MUL,0,3,0,2491,"ffn_shexp_gated-22","ffn_shexp-22","shared_expert_gate_sigmoid-22"
703,78,ADD,0,1,1,2494,"ffn_out-22","ffn_moe_out-22","ffn_shexp_gated-22"
703,151,RMS_NORM,0,4,1,3664,"norm-23","indexer_k_pooled-23 (reshaped)",""
704,38,MUL_MAT,0,244,68,537,"attn_output-23","blk.23.attn_output.weight","attn_gated-23"
704,66,SCALE,0,1,1,766,"ffn_moe_inp-23","node_3928",""
704,102,ADD,0,1,1,2240,"ffn_moe_out-23","node_3964","ffn_moe_weighted-23 (view)"
704,106,MUL_MAT,0,35,13,2416,"ffn_shexp-23","blk.23.ffn_down_shexp.weight","ffn_swiglu-23"
704,109,MUL,0,2,1,2442,"ffn_shexp_gated-23","ffn_shexp-23","shared_expert_gate_sigmoid-23"
704,110,ADD,0,2,14,2458,"ffn_out-23","ffn_moe_out-23","ffn_shexp_gated-23"
704,184,RMS_NORM,0,1,1,3754,"norm-24","attn_output-24",""
705,5,MUL_MAT,0,267,63,660,"linear_attn_out-24","blk.24.ssm_out.weight","final_output-24"
705,34,SCALE,0,0,2,919,"ffn_moe_inp-24","node_4082",""
705,70,ADD,0,1,0,2211,"ffn_moe_out-24","node_4118","ffn_moe_weighted-24 (view)"
705,74,MUL_MAT,0,24,12,2323,"ffn_shexp-24","blk.24.ffn_down_shexp.weight","ffn_swiglu-24"
705,77,MUL,0,2,0,2433,"ffn_shexp_gated-24","ffn_shexp-24","shared_expert_gate_sigmoid-24"
705,78,ADD,0,2,8,2443,"ffn_out-24","ffn_moe_out-24","ffn_shexp_gated-24"
705,152,RMS_NORM,0,1,2,3815,"norm-25","attn_output-25",""
706,5,MUL_MAT,0,290,52,699,"linear_attn_out-25","blk.25.ssm_out.weight","final_output-25"
706,34,SCALE,0,0,1,935,"ffn_moe_inp-25","node_4236",""
706,70,ADD,0,1,0,2195,"ffn_moe_out-25","node_4272","ffn_moe_weighted-25 (view)"
706,74,MUL_MAT,0,33,5,2309,"ffn_shexp-25","blk.25.ffn_down_shexp.weight","ffn_swiglu-25"
706,77,MUL,0,3,0,2323,"ffn_shexp_gated-25","ffn_shexp-25","shared_expert_gate_sigmoid-25"
706,78,ADD,0,1,1,2325,"ffn_out-25","ffn_moe_out-25","ffn_shexp_gated-25"
706,152,RMS_NORM,0,0,2,3699,"norm-26","attn_output-26",""
707,5,MUL_MAT,0,306,60,723,"linear_attn_out-26","blk.26.ssm_out.weight","final_output-26"
707,34,SCALE,0,1,1,1000,"ffn_moe_inp-26","node_4390",""
707,70,ADD,0,1,0,1843,"ffn_moe_out-26","node_4426","ffn_moe_weighted-26 (view)"
707,74,MUL_MAT,0,29,8,1959,"ffn_shexp-26","blk.26.ffn_down_shexp.weight","ffn_swiglu-26"
707,77,MUL,0,2,1,1968,"ffn_shexp_gated-26","ffn_shexp-26","shared_expert_gate_sigmoid-26"
707,78,ADD,0,1,0,1969,"ffn_out-26","ffn_moe_out-26","ffn_shexp_gated-26"
707,151,RMS_NORM,0,4,0,3012,"norm-27","indexer_k_pooled-27 (reshaped)",""
708,38,MUL_MAT,0,225,96,554,"attn_output-27","blk.27.attn_output.weight","attn_gated-27"
708,66,SCALE,0,0,2,842,"ffn_moe_inp-27","node_4577",""
708,102,ADD,0,1,0,1808,"ffn_moe_out-27","node_4613","ffn_moe_weighted-27 (view)"
708,106,MUL_MAT,0,29,13,1928,"ffn_shexp-27","blk.27.ffn_down_shexp.weight","ffn_swiglu-27"
708,109,MUL,0,2,0,1955,"ffn_shexp_gated-27","ffn_shexp-27","shared_expert_gate_sigmoid-27"
708,110,ADD,0,1,1,1957,"ffn_out-27","ffn_moe_out-27","ffn_shexp_gated-27"
708,184,RMS_NORM,0,1,2,3497,"norm-28","attn_output-28",""
709,5,MUL_MAT,0,260,61,641,"linear_attn_out-28","blk.28.ssm_out.weight","final_output-28"
709,34,SCALE,0,0,2,878,"ffn_moe_inp-28","node_4731",""
709,70,ADD,0,1,1,1628,"ffn_moe_out-28","node_4767","ffn_moe_weighted-28 (view)"
709,74,MUL_MAT,0,29,10,1746,"ffn_shexp-28","blk.28.ffn_down_shexp.weight","ffn_swiglu-28"
709,77,MUL,0,2,0,1754,"ffn_shexp_gated-28","ffn_shexp-28","shared_expert_gate_sigmoid-28"
709,78,ADD,0,2,0,1756,"ffn_out-28","ffn_moe_out-28","ffn_shexp_gated-28"
709,152,RMS_NORM,0,1,1,3074,"norm-29","attn_output-29",""
710,5,MUL_MAT,0,252,102,707,"linear_attn_out-29","blk.29.ssm_out.weight","final_output-29"
710,34,SCALE,0,0,7,998,"ffn_moe_inp-29","node_4885",""
710,70,ADD,0,0,2,1842,"ffn_moe_out-29","node_4921","ffn_moe_weighted-29 (view)"
710,74,MUL_MAT,0,27,16,1968,"ffn_shexp-29","blk.29.ffn_down_shexp.weight","ffn_swiglu-29"
710,77,MUL,0,1,0,1975,"ffn_shexp_gated-29","ffn_shexp-29","shared_expert_gate_sigmoid-29"
710,78,ADD,0,1,1,1977,"ffn_out-29","ffn_moe_out-29","ffn_shexp_gated-29"
710,152,RMS_NORM,0,0,1,3228,"norm-30","attn_output-30",""
711,5,MUL_MAT,0,174,150,637,"linear_attn_out-30","blk.30.ssm_out.weight","final_output-30"
711,34,SCALE,0,1,1,863,"ffn_moe_inp-30","node_5039",""
711,70,ADD,0,1,1,1859,"ffn_moe_out-30","node_5075","ffn_moe_weighted-30 (view)"
711,74,MUL_MAT,0,20,19,1988,"ffn_shexp-30","blk.30.ffn_down_shexp.weight","ffn_swiglu-30"
711,77,MUL,0,2,1,2007,"ffn_shexp_gated-30","ffn_shexp-30","shared_expert_gate_sigmoid-30"
711,78,ADD,0,1,0,2008,"ffn_out-30","ffn_moe_out-30","ffn_shexp_gated-30"
711,151,RMS_NORM,0,10,1,3232,"norm-31","indexer_k_pooled-31 (reshaped)",""
712,38,MUL_MAT,0,301,17,571,"attn_output-31","blk.31.attn_output.weight","attn_gated-31"
712,66,SCALE,0,1,7,846,"ffn_moe_inp-31","node_5226",""
712,102,ADD,0,2,0,1667,"ffn_moe_out-31","node_5262","ffn_moe_weighted-31 (view)"
712,106,MUL_MAT,0,26,8,1777,"ffn_shexp-31","blk.31.ffn_down_shexp.weight","ffn_swiglu-31"
712,109,MUL,0,3,0,1786,"ffn_shexp_gated-31","ffn_shexp-31","shared_expert_gate_sigmoid-31"
712,110,ADD,0,2,0,1788,"ffn_out-31","ffn_moe_out-31","ffn_shexp_gated-31"
712,184,RMS_NORM,0,1,2,3403,"norm-32","attn_output-32",""
713,5,MUL_MAT,0,326,11,674,"linear_attn_out-32","blk.32.ssm_out.weight","final_output-32"
713,34,SCALE,0,0,2,958,"ffn_moe_inp-32","node_5380",""
713,70,ADD,0,1,1,2337,"ffn_moe_out-32","node_5416","ffn_moe_weighted-32 (view)"
713,74,MUL_MAT,0,33,2,2452,"ffn_shexp-32","blk.32.ffn_down_shexp.weight","ffn_swiglu-32"
713,77,MUL,0,3,1,2462,"ffn_shexp_gated-32","ffn_shexp-32","shared_expert_gate_sigmoid-32"
713,78,ADD,0,2,0,2464,"ffn_out-32","ffn_moe_out-32","ffn_shexp_gated-32"
713,152,RMS_NORM,0,0,2,4007,"norm-33","attn_output-33",""
714,5,MUL_MAT,0,287,23,624,"linear_attn_out-33","blk.33.ssm_out.weight","final_output-33"
714,34,SCALE,0,0,1,876,"ffn_moe_inp-33","node_5534",""
714,70,ADD,0,1,0,1797,"ffn_moe_out-33","node_5570","ffn_moe_weighted-33 (view)"
714,74,MUL_MAT,0,37,1,1921,"ffn_shexp-33","blk.33.ffn_down_shexp.weight","ffn_swiglu-33"
714,77,MUL,0,3,1,1933,"ffn_shexp_gated-33","ffn_shexp-33","shared_expert_gate_sigmoid-33"
714,78,ADD,0,1,1,1935,"ffn_out-33","ffn_moe_out-33","ffn_shexp_gated-33"
714,152,RMS_NORM,0,0,2,3708,"norm-34","attn_output-34",""
715,5,MUL_MAT,0,285,28,624,"linear_attn_out-34","blk.34.ssm_out.weight","final_output-34"
715,34,SCALE,0,0,2,877,"ffn_moe_inp-34","node_5688",""
715,70,ADD,0,2,0,1616,"ffn_moe_out-34","node_5724","ffn_moe_weighted-34 (view)"
715,74,MUL_MAT,0,36,5,1758,"ffn_shexp-34","blk.34.ffn_down_shexp.weight","ffn_swiglu-34"
715,77,MUL,0,3,0,1768,"ffn_shexp_gated-34","ffn_shexp-34","shared_expert_gate_sigmoid-34"
715,78,ADD,0,2,3,1773,"ffn_out-34","ffn_moe_out-34","ffn_shexp_gated-34"
715,151,RMS_NORM,0,9,0,2939,"norm-35","indexer_k_pooled-35 (reshaped)",""
716,38,MUL_MAT,0,319,21,588,"attn_output-35","blk.35.attn_output.weight","attn_gated-35"
716,66,SCALE,0,1,1,888,"ffn_moe_inp-35","node_5875",""
716,102,ADD,0,1,1,2404,"ffn_moe_out-35","node_5911","ffn_moe_weighted-35 (view)"
716,106,MUL_MAT,0,33,3,2518,"ffn_shexp-35","blk.35.ffn_down_shexp.weight","ffn_swiglu-35"
716,109,MUL,0,3,9,2553,"ffn_shexp_gated-35","ffn_shexp-35","shared_expert_gate_sigmoid-35"
716,110,ADD,0,2,22,2577,"ffn_out-35","ffn_moe_out-35","ffn_shexp_gated-35"
716,184,RMS_NORM,0,0,1,4299,"norm-36","attn_output-36",""
717,5,MUL_MAT,0,308,26,638,"linear_attn_out-36","blk.36.ssm_out.weight","final_output-36"
717,34,SCALE,0,0,1,903,"ffn_moe_inp-36","node_6029",""
717,70,ADD,0,2,0,1791,"ffn_moe_out-36","node_6065","ffn_moe_weighted-36 (view)"
717,74,MUL_MAT,0,36,6,1971,"ffn_shexp-36","blk.36.ffn_down_shexp.weight","ffn_swiglu-36"
717,77,MUL,0,3,5,2011,"ffn_shexp_gated-36","ffn_shexp-36","shared_expert_gate_sigmoid-36"
717,78,ADD,0,1,19,2032,"ffn_out-36","ffn_moe_out-36","ffn_shexp_gated-36"
717,152,RMS_NORM,0,0,2,3763,"norm-37","attn_output-37",""
718,5,MUL_MAT,0,315,4,639,"linear_attn_out-37","blk.37.ssm_out.weight","final_output-37"
718,34,SCALE,0,0,1,920,"ffn_moe_inp-37","node_6183",""
718,70,ADD,0,1,0,1716,"ffn_moe_out-37","node_6219","ffn_moe_weighted-37 (view)"
718,74,MUL_MAT,0,34,1,1832,"ffn_shexp-37","blk.37.ffn_down_shexp.weight","ffn_swiglu-37"
718,77,MUL,0,15,1,1854,"ffn_shexp_gated-37","ffn_shexp-37","shared_expert_gate_sigmoid-37"
718,78,ADD,0,2,0,1856,"ffn_out-37","ffn_moe_out-37","ffn_shexp_gated-37"
718,152,RMS_NORM,0,1,20,3721,"norm-38","attn_output-38",""
719,5,MUL_MAT,0,305,16,630,"linear_attn_out-38","blk.38.ssm_out.weight","final_output-38"
719,34,SCALE,0,0,2,880,"ffn_moe_inp-38","node_6337",""
719,70,ADD,0,1,0,1666,"ffn_moe_out-38","node_6373","ffn_moe_weighted-38 (view)"
719,74,MUL_MAT,0,17,21,1787,"ffn_shexp-38","blk.38.ffn_down_shexp.weight","ffn_swiglu-38"
719,77,MUL,0,2,0,1795,"ffn_shexp_gated-38","ffn_shexp-38","shared_expert_gate_sigmoid-38"
719,78,ADD,0,1,0,1796,"ffn_out-38","ffn_moe_out-38","ffn_shexp_gated-38"
719,87,ADD,0,1,2,1826,"l_last-38","hc_combine-38","node_6390"
720,0,GET_ROWS,0,3,0,3,"model.input_embed","token_embd.weight","inp_tokens"
720,69,RMS_NORM,0,0,2,1383,"norm-0","attn_output-0",""
721,5,MUL_MAT,0,294,71,713,"linear_attn_out-0","blk.0.ssm_out.weight","final_output-0"
721,34,SCALE,0,0,5,964,"ffn_moe_inp-0","node_104",""
721,70,ADD,0,1,1,2354,"ffn_moe_out-0","node_140","ffn_moe_weighted-0 (view)"
721,93,MUL_MAT,0,30,6,3337,"ffn_shexp-0","blk.0.ffn_down_shexp.weight","ffn_swiglu-0"
721,96,MUL,0,2,0,3366,"ffn_shexp_gated-0","ffn_shexp-0","shared_expert_gate_sigmoid-0"
721,97,ADD,0,1,1,3369,"ffn_out-0","ffn_moe_out-0","ffn_shexp_gated-0"
721,236,RMS_NORM,0,0,3,5141,"norm-1","attn_output-1",""
722,5,MUL_MAT,0,273,102,731,"linear_attn_out-1","blk.1.ssm_out.weight","final_output-1"
722,34,SCALE,0,0,1,1102,"ffn_moe_inp-1","node_342",""
722,70,ADD,0,1,1,2147,"ffn_moe_out-1","node_378","ffn_moe_weighted-1 (view)"
722,74,MUL_MAT,0,31,8,2282,"ffn_shexp-1","blk.1.ffn_down_shexp.weight","ffn_swiglu-1"
722,77,MUL,0,2,0,2291,"ffn_shexp_gated-1","ffn_shexp-1","shared_expert_gate_sigmoid-1"
722,78,ADD,0,1,1,2293,"ffn_out-1","ffn_moe_out-1","ffn_shexp_gated-1"
722,152,RMS_NORM,0,0,2,3919,"norm-2","attn_output-2",""
723,5,MUL_MAT,0,168,174,664,"linear_attn_out-2","blk.2.ssm_out.weight","final_output-2"
723,34,SCALE,0,0,2,900,"ffn_moe_inp-2","node_496",""
723,70,ADD,0,1,1,2511,"ffn_moe_out-2","node_532","ffn_moe_weighted-2 (view)"
723,74,MUL_MAT,0,21,16,2632,"ffn_shexp-2","blk.2.ffn_down_shexp.weight","ffn_swiglu-2"
723,77,MUL,0,2,0,2640,"ffn_shexp_gated-2","ffn_shexp-2","shared_expert_gate_sigmoid-2"
723,78,ADD,0,1,1,2642,"ffn_out-2","ffn_moe_out-2","ffn_shexp_gated-2"
723,151,RMS_NORM,0,9,0,3793,"norm-3","indexer_k_pooled-3 (reshaped)",""
724,38,MUL_MAT,0,329,8,972,"attn_output-3","blk.3.attn_output.weight","attn_gated-3"
724,66,SCALE,0,1,1,1220,"ffn_moe_inp-3","node_683",""
724,102,ADD,0,1,1,2034,"ffn_moe_out-3","node_719","ffn_moe_weighted-3 (view)"
724,106,MUL_MAT,0,32,7,2147,"ffn_shexp-3","blk.3.ffn_down_shexp.weight","ffn_swiglu-3"
724,109,MUL,0,4,0,2158,"ffn_shexp_gated-3","ffn_shexp-3","shared_expert_gate_sigmoid-3"
724,110,ADD,0,2,0,2160,"ffn_out-3","ffn_moe_out-3","ffn_shexp_gated-3"
724,184,RMS_NORM,0,1,0,3698,"norm-4","attn_output-4",""
725,5,MUL_MAT,0,336,7,666,"linear_attn_out-4","blk.4.ssm_out.weight","final_output-4"
725,34,SCALE,0,0,11,957,"ffn_moe_inp-4","node_837",""
725,70,ADD,0,1,1,2146,"ffn_moe_out-4","node_873","ffn_moe_weighted-4 (view)"
725,74,MUL_MAT,0,36,27,2297,"ffn_shexp-4","blk.4.ffn_down_shexp.weight","ffn_swiglu-4"
725,77,MUL,0,4,0,2319,"ffn_shexp_gated-4","ffn_shexp-4","shared_expert_gate_sigmoid-4"
725,78,ADD,0,2,0,2321,"ffn_out-4","ffn_moe_out-4","ffn_shexp_gated-4"
725,152,RMS_NORM,0,0,6,3919,"norm-5","attn_output-5",""
726,5,MUL_MAT,0,171,167,669,"linear_attn_out-5","blk.5.ssm_out.weight","final_output-5"
726,34,SCALE,0,0,1,901,"ffn_moe_inp-5","node_991",""
726,70,ADD,0,1,1,1716,"ffn_moe_out-5","node_1027","ffn_moe_weighted-5 (view)"
726,74,MUL_MAT,0,19,19,1837,"ffn_shexp-5","blk.5.ffn_down_shexp.weight","ffn_swiglu-5"
726,77,MUL,0,2,0,1859,"ffn_shexp_gated-5","ffn_shexp-5","shared_expert_gate_sigmoid-5"
726,78,ADD,0,1,1,1861,"ffn_out-5","ffn_moe_out-5","ffn_shexp_gated-5"
726,152,RMS_NORM,0,1,2,3611,"norm-6","attn_output-6",""
727,5,MUL_MAT,0,244,104,690,"linear_attn_out-6","blk.6.ssm_out.weight","final_output-6"
727,34,SCALE,0,0,1,937,"ffn_moe_inp-6","node_1145",""
727,70,ADD,0,1,1,1759,"ffn_moe_out-6","node_1181","ffn_moe_weighted-6 (view)"
727,74,MUL_MAT,0,30,7,1876,"ffn_shexp-6","blk.6.ffn_down_shexp.weight","ffn_swiglu-6"
727,77,MUL,0,2,0,1886,"ffn_shexp_gated-6","ffn_shexp-6","shared_expert_gate_sigmoid-6"
727,78,ADD,0,1,0,1888,"ffn_out-6","ffn_moe_out-6","ffn_shexp_gated-6"
727,151,RMS_NORM,0,9,0,2893,"norm-7","indexer_k_pooled-7 (reshaped)",""
728,38,MUL_MAT,0,265,65,628,"attn_output-7","blk.7.attn_output.weight","attn_gated-7"
728,66,SCALE,0,1,1,896,"ffn_moe_inp-7","node_1332",""
728,102,ADD,0,2,0,1709,"ffn_moe_out-7","node_1368","ffn_moe_weighted-7 (view)"
728,106,MUL_MAT,0,30,9,1836,"ffn_shexp-7","blk.7.ffn_down_shexp.weight","ffn_swiglu-7"
728,109,MUL,0,2,0,1862,"ffn_shexp_gated-7","ffn_shexp-7","shared_expert_gate_sigmoid-7"
728,110,ADD,0,1,1,1865,"ffn_out-7","ffn_moe_out-7","ffn_shexp_gated-7"
728,184,RMS_NORM,0,1,2,3176,"norm-8","attn_output-8",""
729,5,MUL_MAT,0,282,41,637,"linear_attn_out-8","blk.8.ssm_out.weight","final_output-8"
729,34,SCALE,0,1,1,897,"ffn_moe_inp-8","node_1486",""
729,70,ADD,0,1,0,1688,"ffn_moe_out-8","node_1522","ffn_moe_weighted-8 (view)"
729,74,MUL_MAT,0,30,12,1842,"ffn_shexp-8","blk.8.ffn_down_shexp.weight","ffn_swiglu-8"
729,77,MUL,0,2,1,1850,"ffn_shexp_gated-8","ffn_shexp-8","shared_expert_gate_sigmoid-8"
729,78,ADD,0,1,1,1852,"ffn_out-8","ffn_moe_out-8","ffn_shexp_gated-8"
729,152,RMS_NORM,0,1,1,3340,"norm-9","attn_output-9",""
730,5,MUL_MAT,0,280,49,705,"linear_attn_out-9","blk.9.ssm_out.weight","final_output-9"
730,34,SCALE,0,0,1,963,"ffn_moe_inp-9","node_1640",""
730,70,ADD,0,1,0,1761,"ffn_moe_out-9","node_1676","ffn_moe_weighted-9 (view)"
730,74,MUL_MAT,0,30,6,1875,"ffn_shexp-9","blk.9.ffn_down_shexp.weight","ffn_swiglu-9"
730,77,MUL,0,2,0,1882,"ffn_shexp_gated-9","ffn_shexp-9","shared_expert_gate_sigmoid-9"
730,78,ADD,0,1,1,1884,"ffn_out-9","ffn_moe_out-9","ffn_shexp_gated-9"
730,152,RMS_NORM,0,1,1,3138,"norm-10","attn_output-10",""
731,5,MUL_MAT,0,180,162,688,"linear_attn_out-10","blk.10.ssm_out.weight","final_output-10"
731,34,SCALE,0,0,2,987,"ffn_moe_inp-10","node_1794",""
731,70,ADD,0,1,5,1923,"ffn_moe_out-10","node_1830","ffn_moe_weighted-10 (view)"
731,74,MUL_MAT,0,31,9,2051,"ffn_shexp-10","blk.10.ffn_down_shexp.weight","ffn_swiglu-10"
731,77,MUL,0,2,1,2067,"ffn_shexp_gated-10","ffn_shexp-10","shared_expert_gate_sigmoid-10"
731,78,ADD,0,1,7,2075,"ffn_out-10","ffn_moe_out-10","ffn_shexp_gated-10"
731,151,RMS_NORM,0,8,1,3142,"norm-11","indexer_k_pooled-11 (reshaped)",""
732,38,MUL_MAT,0,246,72,569,"attn_output-11","blk.11.attn_output.weight","attn_gated-11"
732,66,SCALE,0,0,1,803,"ffn_moe_inp-11","node_1981",""
732,102,ADD,0,1,0,1594,"ffn_moe_out-11","node_2017","ffn_moe_weighted-11 (view)"
732,106,MUL_MAT,0,26,10,1705,"ffn_shexp-11","blk.11.ffn_down_shexp.weight","ffn_swiglu-11"
732,109,MUL,0,2,1,1730,"ffn_shexp_gated-11","ffn_shexp-11","shared_expert_gate_sigmoid-11"
732,110,ADD,0,1,1,1732,"ffn_out-11","ffn_moe_out-11","ffn_shexp_gated-11"
732,184,RMS_NORM,0,1,1,3178,"norm-12","attn_output-12",""
733,5,MUL_MAT,0,282,50,774,"linear_attn_out-12","blk.12.ssm_out.weight","final_output-12"
733,34,SCALE,0,0,2,1084,"ffn_moe_inp-12","node_2135",""
733,70,ADD,0,1,0,1856,"ffn_moe_out-12","node_2171","ffn_moe_weighted-12 (view)"
733,74,MUL_MAT,0,29,14,1982,"ffn_shexp-12","blk.12.ffn_down_shexp.weight","ffn_swiglu-12"
733,77,MUL,0,2,1,1991,"ffn_shexp_gated-12","ffn_shexp-12","shared_expert_gate_sigmoid-12"
733,78,ADD,0,1,0,1992,"ffn_out-12","ffn_moe_out-12","ffn_shexp_gated-12"
733,152,RMS_NORM,0,1,1,3282,"norm-13","attn_output-13",""
734,5,MUL_MAT,0,278,59,770,"linear_attn_out-13","blk.13.ssm_out.weight","final_output-13"
734,34,SCALE,0,0,2,1016,"ffn_moe_inp-13","node_2289",""
734,70,ADD,0,1,1,2279,"ffn_moe_out-13","node_2325","ffn_moe_weighted-13 (view)"
734,74,MUL_MAT,0,36,1,2402,"ffn_shexp-13","blk.13.ffn_down_shexp.weight","ffn_swiglu-13"
734,77,MUL,0,3,0,2411,"ffn_shexp_gated-13","ffn_shexp-13","shared_expert_gate_sigmoid-13"
734,78,ADD,0,1,0,2413,"ffn_out-13","ffn_moe_out-13","ffn_shexp_gated-13"
734,152,RMS_NORM,0,1,1,4025,"norm-14","attn_output-14",""
735,5,MUL_MAT,0,310,8,639,"linear_attn_out-14","blk.14.ssm_out.weight","final_output-14"
735,34,SCALE,0,0,1,897,"ffn_moe_inp-14","node_2443",""
735,70,ADD,0,2,0,1674,"ffn_moe_out-14","node_2479","ffn_moe_weighted-14 (view)"
735,74,MUL_MAT,0,41,4,1805,"ffn_shexp-14","blk.14.ffn_down_shexp.weight","ffn_swiglu-14"
735,77,MUL,0,3,0,1824,"ffn_shexp_gated-14","ffn_shexp-14","shared_expert_gate_sigmoid-14"
735,78,ADD,0,2,0,1826,"ffn_out-14","ffn_moe_out-14","ffn_shexp_gated-14"
735,151,RMS_NORM,0,17,0,2984,"norm-15","indexer_k_pooled-15 (reshaped)",""
736,38,MUL_MAT,0,329,1,611,"attn_output-15","blk.15.attn_output.weight","attn_gated-15"
736,66,SCALE,0,0,2,870,"ffn_moe_inp-15","node_2630",""
736,102,ADD,0,1,0,1657,"ffn_moe_out-15","node_2666","ffn_moe_weighted-15 (view)"
736,106,MUL_MAT,0,31,3,1765,"ffn_shexp-15","blk.15.ffn_down_shexp.weight","ffn_swiglu-15"
736,109,MUL,0,3,1,1779,"ffn_shexp_gated-15","ffn_shexp-15","shared_expert_gate_sigmoid-15"
736,110,ADD,0,2,6,1787,"ffn_out-15","ffn_moe_out-15","ffn_shexp_gated-15"
736,184,RMS_NORM,0,0,1,3349,"norm-16","attn_output-16",""
737,5,MUL_MAT,0,326,9,675,"linear_attn_out-16","blk.16.ssm_out.weight","final_output-16"
737,34,SCALE,0,1,1,940,"ffn_moe_inp-16","node_2784",""
737,70,ADD,0,2,0,2334,"ffn_moe_out-16","node_2820","ffn_moe_weighted-16 (view)"
737,74,MUL_MAT,0,34,8,2458,"ffn_shexp-16","blk.16.ffn_down_shexp.weight","ffn_swiglu-16"
737,77,MUL,0,3,1,2492,"ffn_shexp_gated-16","ffn_shexp-16","shared_expert_gate_sigmoid-16"
737,78,ADD,0,1,1,2494,"ffn_out-16","ffn_moe_out-16","ffn_shexp_gated-16"
737,152,RMS_NORM,0,1,1,4028,"norm-17","attn_output-17",""
738,5,MUL_MAT,0,312,3,661,"linear_attn_out-17","blk.17.ssm_out.weight","final_output-17"
738,34,SCALE,0,0,2,919,"ffn_moe_inp-17","node_2938",""
738,70,ADD,0,2,0,2080,"ffn_moe_out-17","node_2974","ffn_moe_weighted-17 (view)"
738,74,MUL_MAT,0,48,24,2254,"ffn_shexp-17","blk.17.ffn_down_shexp.weight","ffn_swiglu-17"
738,77,MUL,0,2,0,2268,"ffn_shexp_gated-17","ffn_shexp-17","shared_expert_gate_sigmoid-17"
738,78,ADD,0,2,0,2270,"ffn_out-17","ffn_moe_out-17","ffn_shexp_gated-17"
738,152,RMS_NORM,0,0,11,3945,"norm-18","attn_output-18",""
739,5,MUL_MAT,0,267,67,656,"linear_attn_out-18","blk.18.ssm_out.weight","final_output-18"
739,34,SCALE,0,0,2,897,"ffn_moe_inp-18","node_3092",""
739,70,ADD,0,1,1,1664,"ffn_moe_out-18","node_3128","ffn_moe_weighted-18 (view)"
739,74,MUL_MAT,0,32,6,1788,"ffn_shexp-18","blk.18.ffn_down_shexp.weight","ffn_swiglu-18"
739,77,MUL,0,2,0,1804,"ffn_shexp_gated-18","ffn_shexp-18","shared_expert_gate_sigmoid-18"
739,78,ADD,0,1,0,1806,"ffn_out-18","ffn_moe_out-18","ffn_shexp_gated-18"
739,151,RMS_NORM,0,8,1,2868,"norm-19","indexer_k_pooled-19 (reshaped)",""
740,38,MUL_MAT,0,261,75,627,"attn_output-19","blk.19.attn_output.weight","attn_gated-19"
740,66,SCALE,0,0,5,908,"ffn_moe_inp-19","node_3279",""
740,102,ADD,0,1,1,1768,"ffn_moe_out-19","node_3315","ffn_moe_weighted-19 (view)"
740,106,MUL_MAT,0,39,5,1894,"ffn_shexp-19","blk.19.ffn_down_shexp.weight","ffn_swiglu-19"
740,109,MUL,0,2,0,1902,"ffn_shexp_gated-19","ffn_shexp-19","shared_expert_gate_sigmoid-19"
740,110,ADD,0,2,0,1904,"ffn_out-19","ffn_moe_out-19","ffn_shexp_gated-19"
740,184,RMS_NORM,0,0,1,3192,"norm-20","attn_output-20",""
741,5,MUL_MAT,0,261,76,680,"linear_attn_out-20","blk.20.ssm_out.weight","final_output-20"
741,34,SCALE,0,0,2,919,"ffn_moe_inp-20","node_3433",""
741,70,ADD,0,1,0,1787,"ffn_moe_out-20","node_3469","ffn_moe_weighted-20 (view)"
741,74,MUL_MAT,0,28,13,1949,"ffn_shexp-20","blk.20.ffn_down_shexp.weight","ffn_swiglu-20"
741,77,MUL,0,2,0,1956,"ffn_shexp_gated-20","ffn_shexp-20","shared_expert_gate_sigmoid-20"
741,78,ADD,0,1,0,1958,"ffn_out-20","ffn_moe_out-20","ffn_shexp_gated-20"
741,152,RMS_NORM,0,1,1,3347,"norm-21","attn_output-21",""
742,5,MUL_MAT,0,302,39,708,"linear_attn_out-21","blk.21.ssm_out.weight","final_output-21"
742,34,SCALE,0,0,2,945,"ffn_moe_inp-21","node_3587",""
742,70,ADD,0,1,1,1706,"ffn_moe_out-21","node_3623","ffn_moe_weighted-21 (view)"
742,74,MUL_MAT,0,28,7,1817,"ffn_shexp-21","blk.21.ffn_down_shexp.weight","ffn_swiglu-21"
742,77,MUL,0,2,0,1824,"ffn_shexp_gated-21","ffn_shexp-21","shared_expert_gate_sigmoid-21"
742,78,ADD,0,1,8,1833,"ffn_out-21","ffn_moe_out-21","ffn_shexp_gated-21"
742,152,RMS_NORM,0,1,1,3133,"norm-22","attn_output-22",""
743,5,MUL_MAT,0,289,79,725,"linear_attn_out-22","blk.22.ssm_out.weight","final_output-22"
743,34,SCALE,0,0,1,969,"ffn_moe_inp-22","node_3741",""
743,70,ADD,0,1,1,1888,"ffn_moe_out-22","node_3777","ffn_moe_weighted-22 (view)"
743,74,MUL_MAT,0,30,13,2042,"ffn_shexp-22","blk.22.ffn_down_shexp.weight","ffn_swiglu-22"
743,77,MUL,0,2,0,2051,"ffn_shexp_gated-22","ffn_shexp-22","shared_expert_gate_sigmoid-22"
743,78,ADD,0,2,1,2054,"ffn_out-22","ffn_moe_out-22","ffn_shexp_gated-22"
743,151,RMS_NORM,0,8,1,3116,"norm-23","indexer_k_pooled-23 (reshaped)",""
744,38,MUL_MAT,0,251,68,594,"attn_output-23","blk.23.attn_output.weight","attn_gated-23"
744,66,SCALE,0,0,2,826,"ffn_moe_inp-23","node_3928",""
744,102,ADD,0,1,0,2424,"ffn_moe_out-23","node_3964","ffn_moe_weighted-23 (view)"
744,106,MUL_MAT,0,28,11,2546,"ffn_shexp-23","blk.23.ffn_down_shexp.weight","ffn_swiglu-23"
744,109,MUL,0,2,0,2554,"ffn_shexp_gated-23","ffn_shexp-23","shared_expert_gate_sigmoid-23"
744,110,ADD,0,1,2,2557,"ffn_out-23","ffn_moe_out-23","ffn_shexp_gated-23"
744,184,RMS_NORM,0,1,8,3950,"norm-24","attn_output-24",""
745,5,MUL_MAT,0,276,58,662,"linear_attn_out-24","blk.24.ssm_out.weight","final_output-24"
745,34,SCALE,0,0,1,915,"ffn_moe_inp-24","node_4082",""
745,70,ADD,0,2,3,1672,"ffn_moe_out-24","node_4118","ffn_moe_weighted-24 (view)"
745,74,MUL_MAT,0,31,6,1790,"ffn_shexp-24","blk.24.ffn_down_shexp.weight","ffn_swiglu-24"
745,77,MUL,0,2,0,1797,"ffn_shexp_gated-24","ffn_shexp-24","shared_expert_gate_sigmoid-24"
745,78,ADD,0,1,1,1799,"ffn_out-24","ffn_moe_out-24","ffn_shexp_gated-24"
745,152,RMS_NORM,0,0,2,3098,"norm-25","attn_output-25",""
746,5,MUL_MAT,0,280,68,696,"linear_attn_out-25","blk.25.ssm_out.weight","final_output-25"
746,34,SCALE,0,0,1,1215,"ffn_moe_inp-25","node_4236",""
746,70,ADD,0,1,1,2103,"ffn_moe_out-25","node_4272","ffn_moe_weighted-25 (view)"
746,74,MUL_MAT,0,31,12,2239,"ffn_shexp-25","blk.25.ffn_down_shexp.weight","ffn_swiglu-25"
746,77,MUL,0,2,1,2249,"ffn_shexp_gated-25","ffn_shexp-25","shared_expert_gate_sigmoid-25"
746,78,ADD,0,1,1,2251,"ffn_out-25","ffn_moe_out-25","ffn_shexp_gated-25"
746,152,RMS_NORM,0,0,1,3534,"norm-26","attn_output-26",""
747,5,MUL_MAT,0,193,144,687,"linear_attn_out-26","blk.26.ssm_out.weight","final_output-26"
747,34,SCALE,0,0,1,936,"ffn_moe_inp-26","node_4390",""
747,70,ADD,0,1,1,2237,"ffn_moe_out-26","node_4426","ffn_moe_weighted-26 (view)"
747,74,MUL_MAT,0,27,18,2362,"ffn_shexp-26","blk.26.ffn_down_shexp.weight","ffn_swiglu-26"
747,77,MUL,0,1,0,2369,"ffn_shexp_gated-26","ffn_shexp-26","shared_expert_gate_sigmoid-26"
747,78,ADD,0,1,1,2372,"ffn_out-26","ffn_moe_out-26","ffn_shexp_gated-26"
747,151,RMS_NORM,0,9,1,3500,"norm-27","indexer_k_pooled-27 (reshaped)",""
748,38,MUL_MAT,0,254,55,598,"attn_output-27","blk.27.attn_output.weight","attn_gated-27"
748,66,SCALE,0,0,8,839,"ffn_moe_inp-27","node_4577",""
748,102,ADD,0,1,1,1589,"ffn_moe_out-27","node_4613","ffn_moe_weighted-27 (view)"
748,106,MUL_MAT,0,31,5,1701,"ffn_shexp-27","blk.27.ffn_down_shexp.weight","ffn_swiglu-27"
748,109,MUL,0,2,0,1709,"ffn_shexp_gated-27","ffn_shexp-27","shared_expert_gate_sigmoid-27"
748,110,ADD,0,1,1,1711,"ffn_out-27","ffn_moe_out-27","ffn_shexp_gated-27"
748,184,RMS_NORM,0,0,2,3017,"norm-28","attn_output-28",""
749,5,MUL_MAT,0,309,51,705,"linear_attn_out-28","blk.28.ssm_out.weight","final_output-28"
749,34,SCALE,0,0,5,954,"ffn_moe_inp-28","node_4731",""
749,70,ADD,0,1,1,1850,"ffn_moe_out-28","node_4767","ffn_moe_weighted-28 (view)"
749,74,MUL_MAT,0,39,6,1973,"ffn_shexp-28","blk.28.ffn_down_shexp.weight","ffn_swiglu-28"
749,77,MUL,0,2,1,1985,"ffn_shexp_gated-28","ffn_shexp-28","shared_expert_gate_sigmoid-28"
749,78,ADD,0,1,0,1986,"ffn_out-28","ffn_moe_out-28","ffn_shexp_gated-28"
749,152,RMS_NORM,0,1,1,3317,"norm-29","attn_output-29",""
750,5,MUL_MAT,0,264,69,650,"linear_attn_out-29","blk.29.ssm_out.weight","final_output-29"
750,34,SCALE,0,1,0,916,"ffn_moe_inp-29","node_4885",""
750,70,ADD,0,1,1,1770,"ffn_moe_out-29","node_4921","ffn_moe_weighted-29 (view)"
750,74,MUL_MAT,0,34,4,1987,"ffn_shexp-29","blk.29.ffn_down_shexp.weight","ffn_swiglu-29"
750,77,MUL,0,2,1,1995,"ffn_shexp_gated-29","ffn_shexp-29","shared_expert_gate_sigmoid-29"
750,78,ADD,0,1,1,1997,"ffn_out-29","ffn_moe_out-29","ffn_shexp_gated-29"
750,152,RMS_NORM,0,0,1,3370,"norm-30","attn_output-30",""
751,5,MUL_MAT,0,346,18,687,"linear_attn_out-30","blk.30.ssm_out.weight","final_output-30"
751,34,SCALE,0,0,1,962,"ffn_moe_inp-30","node_5039",""
751,70,ADD,0,2,0,1875,"ffn_moe_out-30","node_5075","ffn_moe_weighted-30 (view)"
751,74,MUL_MAT,0,47,1,1997,"ffn_shexp-30","blk.30.ffn_down_shexp.weight","ffn_swiglu-30"
751,77,MUL,0,3,0,2015,"ffn_shexp_gated-30","ffn_shexp-30","shared_expert_gate_sigmoid-30"
751,78,ADD,0,2,0,2017,"ffn_out-30","ffn_moe_out-30","ffn_shexp_gated-30"
751,151,RMS_NORM,0,16,1,3055,"norm-31","indexer_k_pooled-31 (reshaped)",""
752,38,MUL_MAT,0,319,11,598,"attn_output-31","blk.31.attn_output.weight","attn_gated-31"
752,66,SCALE,0,0,2,902,"ffn_moe_inp-31","node_5226",""
752,102,ADD,0,1,0,2322,"ffn_moe_out-31","node_5262","ffn_moe_weighted-31 (view)"
752,106,MUL_MAT,0,31,4,2434,"ffn_shexp-31","blk.31.ffn_down_shexp.weight","ffn_swiglu-31"
752,109,MUL,0,3,1,2454,"ffn_shexp_gated-31","ffn_shexp-31","shared_expert_gate_sigmoid-31"
752,110,ADD,0,2,6,2462,"ffn_out-31","ffn_moe_out-31","ffn_shexp_gated-31"
752,184,RMS_NORM,0,0,1,3959,"norm-32","attn_output-32",""
753,5,MUL_MAT,0,310,4,620,"linear_attn_out-32","blk.32.ssm_out.weight","final_output-32"
753,34,SCALE,0,0,2,884,"ffn_moe_inp-32","node_5380",""
753,70,ADD,0,1,1,1767,"ffn_moe_out-32","node_5416","ffn_moe_weighted-32 (view)"
753,74,MUL_MAT,0,37,1,1884,"ffn_shexp-32","blk.32.ffn_down_shexp.weight","ffn_swiglu-32"
753,77,MUL,0,3,0,1894,"ffn_shexp_gated-32","ffn_shexp-32","shared_expert_gate_sigmoid-32"
753,78,ADD,0,1,0,1896,"ffn_out-32","ffn_moe_out-32","ffn_shexp_gated-32"
753,152,RMS_NORM,0,0,2,3749,"norm-33","attn_output-33",""
754,5,MUL_MAT,0,309,2,622,"linear_attn_out-33","blk.33.ssm_out.weight","final_output-33"
754,34,SCALE,0,0,1,1036,"ffn_moe_inp-33","node_5534",""
754,70,ADD,0,2,0,1806,"ffn_moe_out-33","node_5570","ffn_moe_weighted-33 (view)"
754,74,MUL_MAT,0,35,3,1924,"ffn_shexp-33","blk.33.ffn_down_shexp.weight","ffn_swiglu-33"
754,77,MUL,0,3,0,1933,"ffn_shexp_gated-33","ffn_shexp-33","shared_expert_gate_sigmoid-33"
754,78,ADD,0,2,0,1935,"ffn_out-33","ffn_moe_out-33","ffn_shexp_gated-33"
754,152,RMS_NORM,0,1,1,3563,"norm-34","attn_output-34",""
755,5,MUL_MAT,0,321,9,668,"linear_attn_out-34","blk.34.ssm_out.weight","final_output-34"
755,34,SCALE,0,0,2,1052,"ffn_moe_inp-34","node_5688",""
755,70,ADD,0,1,1,1930,"ffn_moe_out-34","node_5724","ffn_moe_weighted-34 (view)"
755,74,MUL_MAT,0,35,0,2048,"ffn_shexp-34","blk.34.ffn_down_shexp.weight","ffn_swiglu-34"
755,77,MUL,0,3,0,2057,"ffn_shexp_gated-34","ffn_shexp-34","shared_expert_gate_sigmoid-34"
755,78,ADD,0,1,0,2059,"ffn_out-34","ffn_moe_out-34","ffn_shexp_gated-34"
755,151,RMS_NORM,0,17,0,3115,"norm-35","indexer_k_pooled-35 (reshaped)",""
756,38,MUL_MAT,0,306,6,569,"attn_output-35","blk.35.attn_output.weight","attn_gated-35"
756,66,SCALE,0,0,2,820,"ffn_moe_inp-35","node_5875",""
756,102,ADD,0,1,9,1714,"ffn_moe_out-35","node_5911","ffn_moe_weighted-35 (view)"
756,106,MUL_MAT,0,42,3,1838,"ffn_shexp-35","blk.35.ffn_down_shexp.weight","ffn_swiglu-35"
756,109,MUL,0,3,9,1855,"ffn_shexp_gated-35","ffn_shexp-35","shared_expert_gate_sigmoid-35"
756,110,ADD,0,2,0,1857,"ffn_out-35","ffn_moe_out-35","ffn_shexp_gated-35"
756,184,RMS_NORM,0,1,0,3507,"norm-36","attn_output-36",""
757,5,MUL_MAT,0,320,12,651,"linear_attn_out-36","blk.36.ssm_out.weight","final_output-36"
757,34,SCALE,0,0,9,915,"ffn_moe_inp-36","node_6029",""
757,70,ADD,0,2,0,1682,"ffn_moe_out-36","node_6065","ffn_moe_weighted-36 (view)"
757,74,MUL_MAT,0,35,2,1804,"ffn_shexp-36","blk.36.ffn_down_shexp.weight","ffn_swiglu-36"
757,77,MUL,0,3,1,1815,"ffn_shexp_gated-36","ffn_shexp-36","shared_expert_gate_sigmoid-36"
757,78,ADD,0,2,0,1817,"ffn_out-36","ffn_moe_out-36","ffn_shexp_gated-36"
757,152,RMS_NORM,0,1,1,3416,"norm-37","attn_output-37",""
758,5,MUL_MAT,0,339,78,746,"linear_attn_out-37","blk.37.ssm_out.weight","final_output-37"
758,34,SCALE,0,0,1,1009,"ffn_moe_inp-37","node_6183",""
758,70,ADD,0,2,0,1817,"ffn_moe_out-37","node_6219","ffn_moe_weighted-37 (view)"
758,74,MUL_MAT,0,35,2,1935,"ffn_shexp-37","blk.37.ffn_down_shexp.weight","ffn_swiglu-37"
758,77,MUL,0,3,0,1953,"ffn_shexp_gated-37","ffn_shexp-37","shared_expert_gate_sigmoid-37"
758,78,ADD,0,1,0,1955,"ffn_out-37","ffn_moe_out-37","ffn_shexp_gated-37"
758,152,RMS_NORM,0,1,0,3521,"norm-38","attn_output-38",""
759,5,MUL_MAT,0,306,8,625,"linear_attn_out-38","blk.38.ssm_out.weight","final_output-38"
759,34,SCALE,0,0,1,871,"ffn_moe_inp-38","node_6337",""
759,70,ADD,0,1,0,1840,"ffn_moe_out-38","node_6373","ffn_moe_weighted-38 (view)"
759,74,MUL_MAT,0,37,8,1976,"ffn_shexp-38","blk.38.ffn_down_shexp.weight","ffn_swiglu-38"
759,77,MUL,0,3,0,1993,"ffn_shexp_gated-38","ffn_shexp-38","shared_expert_gate_sigmoid-38"
759,78,ADD,0,1,0,1994,"ffn_out-38","ffn_moe_out-38","ffn_shexp_gated-38"
759,87,ADD,0,2,1,2027,"l_last-38","hc_combine-38","node_6390"
760,0,GET_ROWS,0,2,0,2,"model.input_embed","token_embd.weight","inp_tokens"
760,69,RMS_NORM,0,1,6,1605,"norm-0","attn_output-0",""
761,5,MUL_MAT,0,246,94,696,"linear_attn_out-0","blk.0.ssm_out.weight","final_output-0"
761,34,SCALE,0,1,0,949,"ffn_moe_inp-0","node_104",""
761,70,ADD,0,2,0,1733,"ffn_moe_out-0","node_140","ffn_moe_weighted-0 (view)"
761,93,MUL_MAT,0,35,4,2626,"ffn_shexp-0","blk.0.ffn_down_shexp.weight","ffn_swiglu-0"
761,96,MUL,0,3,0,2635,"ffn_shexp_gated-0","ffn_shexp-0","shared_expert_gate_sigmoid-0"
761,97,ADD,0,1,1,2638,"ffn_out-0","ffn_moe_out-0","ffn_shexp_gated-0"
761,236,RMS_NORM,0,1,3,4689,"norm-1","attn_output-1",""
762,5,MUL_MAT,0,273,99,736,"linear_attn_out-1","blk.1.ssm_out.weight","final_output-1"
762,34,SCALE,0,0,2,1115,"ffn_moe_inp-1","node_342",""
762,70,ADD,0,1,1,2348,"ffn_moe_out-1","node_378","ffn_moe_weighted-1 (view)"
762,74,MUL_MAT,0,26,14,2463,"ffn_shexp-1","blk.1.ffn_down_shexp.weight","ffn_swiglu-1"
762,77,MUL,0,2,1,2475,"ffn_shexp_gated-1","ffn_shexp-1","shared_expert_gate_sigmoid-1"
762,78,ADD,0,1,1,2477,"ffn_out-1","ffn_moe_out-1","ffn_shexp_gated-1"
762,152,RMS_NORM,0,1,6,3748,"norm-2","attn_output-2",""
763,5,MUL_MAT,0,266,69,657,"linear_attn_out-2","blk.2.ssm_out.weight","final_output-2"
763,34,SCALE,0,0,2,923,"ffn_moe_inp-2","node_496",""
763,70,ADD,0,1,5,2038,"ffn_moe_out-2","node_532","ffn_moe_weighted-2 (view)"
763,74,MUL_MAT,0,30,27,2217,"ffn_shexp-2","blk.2.ffn_down_shexp.weight","ffn_swiglu-2"
763,77,MUL,0,1,1,2231,"ffn_shexp_gated-2","ffn_shexp-2","shared_expert_gate_sigmoid-2"
763,78,ADD,0,1,1,2233,"ffn_out-2","ffn_moe_out-2","ffn_shexp_gated-2"
763,151,RMS_NORM,0,8,0,3436,"norm-3","indexer_k_pooled-3 (reshaped)",""
764,38,MUL_MAT,0,384,41,740,"attn_output-3","blk.3.attn_output.weight","attn_gated-3"
764,66,SCALE,0,0,1,972,"ffn_moe_inp-3","node_683",""
764,102,ADD,0,1,0,1699,"ffn_moe_out-3","node_719","ffn_moe_weighted-3 (view)"
764,106,MUL_MAT,0,29,11,1811,"ffn_shexp-3","blk.3.ffn_down_shexp.weight","ffn_swiglu-3"
764,109,MUL,0,2,0,1828,"ffn_shexp_gated-3","ffn_shexp-3","shared_expert_gate_sigmoid-3"
764,110,ADD,0,1,9,1838,"ffn_out-3","ffn_moe_out-3","ffn_shexp_gated-3"
764,184,RMS_NORM,0,1,6,3159,"norm-4","attn_output-4",""
765,5,MUL_MAT,0,287,81,717,"linear_attn_out-4","blk.4.ssm_out.weight","final_output-4"
765,34,SCALE,0,0,1,1066,"ffn_moe_inp-4","node_837",""
765,70,ADD,0,2,0,2027,"ffn_moe_out-4","node_873","ffn_moe_weighted-4 (view)"
765,74,MUL_MAT,0,30,6,2139,"ffn_shexp-4","blk.4.ffn_down_shexp.weight","ffn_swiglu-4"
765,77,MUL,0,2,0,2145,"ffn_shexp_gated-4","ffn_shexp-4","shared_expert_gate_sigmoid-4"
765,78,ADD,0,1,24,2171,"ffn_out-4","ffn_moe_out-4","ffn_shexp_gated-4"
765,152,RMS_NORM,0,1,9,3583,"norm-5","attn_output-5",""
766,5,MUL_MAT,0,266,91,699,"linear_attn_out-5","blk.5.ssm_out.weight","final_output-5"
766,34,SCALE,0,1,2,1037,"ffn_moe_inp-5","node_991",""
766,70,ADD,0,1,0,1931,"ffn_moe_out-5","node_1027","ffn_moe_weighted-5 (view)"
766,74,MUL_MAT,0,31,11,2077,"ffn_shexp-5","blk.5.ffn_down_shexp.weight","ffn_swiglu-5"
766,77,MUL,0,2,1,2085,"ffn_shexp_gated-5","ffn_shexp-5","shared_expert_gate_sigmoid-5"
766,78,ADD,0,1,0,2086,"ffn_out-5","ffn_moe_out-5","ffn_shexp_gated-5"
766,152,RMS_NORM,0,1,7,3429,"norm-6","attn_output-6",""
767,5,MUL_MAT,0,277,53,643,"linear_attn_out-6","blk.6.ssm_out.weight","final_output-6"
767,34,SCALE,0,0,2,880,"ffn_moe_inp-6","node_1145",""
767,70,ADD,0,1,0,1636,"ffn_moe_out-6","node_1181","ffn_moe_weighted-6 (view)"
767,74,MUL_MAT,0,28,10,1749,"ffn_shexp-6","blk.6.ffn_down_shexp.weight","ffn_swiglu-6"
767,77,MUL,0,2,0,1756,"ffn_shexp_gated-6","ffn_shexp-6","shared_expert_gate_sigmoid-6"
767,78,ADD,0,1,1,1758,"ffn_out-6","ffn_moe_out-6","ffn_shexp_gated-6"
767,151,RMS_NORM,0,8,1,2787,"norm-7","indexer_k_pooled-7 (reshaped)",""
768,38,MUL_MAT,0,293,58,635,"attn_output-7","blk.7.attn_output.weight","attn_gated-7"
768,66,SCALE,0,0,1,907,"ffn_moe_inp-7","node_1332",""
768,102,ADD,0,1,0,2062,"ffn_moe_out-7","node_1368","ffn_moe_weighted-7 (view)"
768,106,MUL_MAT,0,32,3,2170,"ffn_shexp-7","blk.7.ffn_down_shexp.weight","ffn_swiglu-7"
768,109,MUL,0,3,0,2181,"ffn_shexp_gated-7","ffn_shexp-7","shared_expert_gate_sigmoid-7"
768,110,ADD,0,1,0,2183,"ffn_out-7","ffn_moe_out-7","ffn_shexp_gated-7"
768,184,RMS_NORM,0,1,0,3693,"norm-8","attn_output-8",""
769,5,MUL_MAT,0,308,1,616,"linear_attn_out-8","blk.8.ssm_out.weight","final_output-8"
769,34,SCALE,0,0,2,953,"ffn_moe_inp-8","node_1486",""
769,70,ADD,0,2,0,1822,"ffn_moe_out-8","node_1522","ffn_moe_weighted-8 (view)"
769,74,MUL_MAT,0,37,3,1948,"ffn_shexp-8","blk.8.ffn_down_shexp.weight","ffn_swiglu-8"
769,77,MUL,0,3,1,1958,"ffn_shexp_gated-8","ffn_shexp-8","shared_expert_gate_sigmoid-8"
769,78,ADD,0,1,1,1960,"ffn_out-8","ffn_moe_out-8","ffn_shexp_gated-8"
769,152,RMS_NORM,0,0,2,3663,"norm-9","attn_output-9",""
770,5,MUL_MAT,0,319,8,664,"linear_attn_out-9","blk.9.ssm_out.weight","final_output-9"
770,34,SCALE,0,0,1,952,"ffn_moe_inp-9","node_1640",""
770,70,ADD,0,2,0,1823,"ffn_moe_out-9","node_1676","ffn_moe_weighted-9 (view)"
770,74,MUL_MAT,0,35,4,1941,"ffn_shexp-9","blk.9.ffn_down_shexp.weight","ffn_swiglu-9"
770,77,MUL,0,3,1,1951,"ffn_shexp_gated-9","ffn_shexp-9","shared_expert_gate_sigmoid-9"
770,78,ADD,0,2,0,1953,"ffn_out-9","ffn_moe_out-9","ffn_shexp_gated-9"
770,152,RMS_NORM,0,0,1,3659,"norm-10","attn_output-10",""
771,5,MUL_MAT,0,327,3,672,"linear_attn_out-10","blk.10.ssm_out.weight","final_output-10"
771,34,SCALE,0,0,1,940,"ffn_moe_inp-10","node_1794",""
771,70,ADD,0,1,1,1752,"ffn_moe_out-10","node_1830","ffn_moe_weighted-10 (view)"
771,74,MUL_MAT,0,35,1,1875,"ffn_shexp-10","blk.10.ffn_down_shexp.weight","ffn_swiglu-10"
771,77,MUL,0,3,1,1887,"ffn_shexp_gated-10","ffn_shexp-10","shared_expert_gate_sigmoid-10"
771,78,ADD,0,1,1,1889,"ffn_out-10","ffn_moe_out-10","ffn_shexp_gated-10"
771,151,RMS_NORM,0,17,0,2905,"norm-11","indexer_k_pooled-11 (reshaped)",""
772,38,MUL_MAT,0,323,1,601,"attn_output-11","blk.11.attn_output.weight","attn_gated-11"
772,66,SCALE,0,1,1,1014,"ffn_moe_inp-11","node_1981",""
772,102,ADD,0,1,3,1837,"ffn_moe_out-11","node_2017","ffn_moe_weighted-11 (view)"
772,106,MUL_MAT,0,35,3,1956,"ffn_shexp-11","blk.11.ffn_down_shexp.weight","ffn_swiglu-11"
772,109,MUL,0,3,0,1965,"ffn_shexp_gated-11","ffn_shexp-11","shared_expert_gate_sigmoid-11"
772,110,ADD,0,1,1,1968,"ffn_out-11","ffn_moe_out-11","ffn_shexp_gated-11"
772,184,RMS_NORM,0,1,0,3541,"norm-12","attn_output-12",""
773,5,MUL_MAT,0,307,8,619,"linear_attn_out-12","blk.12.ssm_out.weight","final_output-12"
773,34,SCALE,0,0,2,896,"ffn_moe_inp-12","node_2135",""
773,70,ADD,0,1,1,1656,"ffn_moe_out-12","node_2171","ffn_moe_weighted-12 (view)"
773,74,MUL_MAT,0,35,2,1788,"ffn_shexp-12","blk.12.ffn_down_shexp.weight","ffn_swiglu-12"
773,77,MUL,0,4,0,1798,"ffn_shexp_gated-12","ffn_shexp-12","shared_expert_gate_sigmoid-12"
773,78,ADD,0,2,0,1800,"ffn_out-12","ffn_moe_out-12","ffn_shexp_gated-12"
773,152,RMS_NORM,0,0,1,3468,"norm-13","attn_output-13",""
774,5,MUL_MAT,0,329,4,684,"linear_attn_out-13","blk.13.ssm_out.weight","final_output-13"
774,34,SCALE,0,1,1,948,"ffn_moe_inp-13","node_2289",""
774,70,ADD,0,1,1,2192,"ffn_moe_out-13","node_2325","ffn_moe_weighted-13 (view)"
774,74,MUL_MAT,0,35,1,2328,"ffn_shexp-13","blk.13.ffn_down_shexp.weight","ffn_swiglu-13"
774,77,MUL,0,3,0,2338,"ffn_shexp_gated-13","ffn_shexp-13","shared_expert_gate_sigmoid-13"
774,78,ADD,0,2,0,2340,"ffn_out-13","ffn_moe_out-13","ffn_shexp_gated-13"
774,152,RMS_NORM,0,0,1,3908,"norm-14","attn_output-14",""
775,5,MUL_MAT,0,351,2,685,"linear_attn_out-14","blk.14.ssm_out.weight","final_output-14"
775,34,SCALE,0,0,2,1177,"ffn_moe_inp-14","node_2443",""
775,70,ADD,0,2,0,2017,"ffn_moe_out-14","node_2479","ffn_moe_weighted-14 (view)"
775,74,MUL_MAT,0,35,1,2132,"ffn_shexp-14","blk.14.ffn_down_shexp.weight","ffn_swiglu-14"
775,77,MUL,0,3,1,2141,"ffn_shexp_gated-14","ffn_shexp-14","shared_expert_gate_sigmoid-14"
775,78,ADD,0,2,0,2143,"ffn_out-14","ffn_moe_out-14","ffn_shexp_gated-14"
775,151,RMS_NORM,0,16,1,3323,"norm-15","indexer_k_pooled-15 (reshaped)",""
776,38,MUL_MAT,0,305,6,602,"attn_output-15","blk.15.attn_output.weight","attn_gated-15"
776,66,SCALE,0,0,2,826,"ffn_moe_inp-15","node_2630",""
776,102,ADD,0,1,0,2094,"ffn_moe_out-15","node_2666","ffn_moe_weighted-15 (view)"
776,106,MUL_MAT,0,23,28,2228,"ffn_shexp-15","blk.15.ffn_down_shexp.weight","ffn_swiglu-15"
776,109,MUL,0,2,0,2240,"ffn_shexp_gated-15","ffn_shexp-15","shared_expert_gate_sigmoid-15"
776,110,ADD,0,1,4,2245,"ffn_out-15","ffn_moe_out-15","ffn_shexp_gated-15"
776,184,RMS_NORM,0,1,3,3682,"norm-16","attn_output-16",""
777,5,MUL_MAT,0,191,145,661,"linear_attn_out-16","blk.16.ssm_out.weight","final_output-16"
777,34,SCALE,0,0,2,899,"ffn_moe_inp-16","node_2784",""
777,70,ADD,0,0,1,2116,"ffn_moe_out-16","node_2820","ffn_moe_weighted-16 (view)"
777,74,MUL_MAT,0,19,18,2230,"ffn_shexp-16","blk.16.ffn_down_shexp.weight","ffn_swiglu-16"
777,77,MUL,0,2,1,2251,"ffn_shexp_gated-16","ffn_shexp-16","shared_expert_gate_sigmoid-16"
777,78,ADD,0,1,0,2252,"ffn_out-16","ffn_moe_out-16","ffn_shexp_gated-16"
777,152,RMS_NORM,0,1,1,3565,"norm-17","attn_output-17",""
778,5,MUL_MAT,0,278,129,873,"linear_attn_out-17","blk.17.ssm_out.weight","final_output-17"
778,34,SCALE,0,0,1,1257,"ffn_moe_inp-17","node_2938",""
778,70,ADD,0,1,1,2541,"ffn_moe_out-17","node_2974","ffn_moe_weighted-17 (view)"
778,74,MUL_MAT,0,18,17,2657,"ffn_shexp-17","blk.17.ffn_down_shexp.weight","ffn_swiglu-17"
778,77,MUL,0,1,0,2665,"ffn_shexp_gated-17","ffn_shexp-17","shared_expert_gate_sigmoid-17"
778,78,ADD,0,1,0,2667,"ffn_out-17","ffn_moe_out-17","ffn_shexp_gated-17"
778,152,RMS_NORM,0,0,3,3931,"norm-18","attn_output-18",""
779,5,MUL_MAT,0,176,168,691,"linear_attn_out-18","blk.18.ssm_out.weight","final_output-18"
779,34,SCALE,0,0,2,948,"ffn_moe_inp-18","node_3092",""
779,70,ADD,0,1,0,2010,"ffn_moe_out-18","node_3128","ffn_moe_weighted-18 (view)"
779,74,MUL_MAT,0,37,14,2215,"ffn_shexp-18","blk.18.ffn_down_shexp.weight","ffn_swiglu-18"
779,77,MUL,0,2,1,2227,"ffn_shexp_gated-18","ffn_shexp-18","shared_expert_gate_sigmoid-18"
779,78,ADD,0,1,1,2229,"ffn_out-18","ffn_moe_out-18","ffn_shexp_gated-18"
779,151,RMS_NORM,0,7,0,3246,"norm-19","indexer_k_pooled-19 (reshaped)",""
780,38,MUL_MAT,0,167,159,592,"attn_output-19","blk.19.attn_output.weight","attn_gated-19"
780,66,SCALE,0,0,1,814,"ffn_moe_inp-19","node_3279",""
780,102,ADD,0,0,1,1572,"ffn_moe_out-19","node_3315","ffn_moe_weighted-19 (view)"
780,106,MUL_MAT,0,18,17,1682,"ffn_shexp-19","blk.19.ffn_down_shexp.weight","ffn_swiglu-19"
780,109,MUL,0,2,0,1703,"ffn_shexp_gated-19","ffn_shexp-19","shared_expert_gate_sigmoid-19"
780,110,ADD,0,1,1,1705,"ffn_out-19","ffn_moe_out-19","ffn_shexp_gated-19"
780,184,RMS_NORM,0,0,2,3238,"norm-20","attn_output-20",""
781,5,MUL_MAT,0,269,74,680,"linear_attn_out-20","blk.20.ssm_out.weight","final_output-20"
781,34,SCALE,0,0,1,945,"ffn_moe_inp-20","node_3433",""
781,70,ADD,0,1,1,1747,"ffn_moe_out-20","node_3469","ffn_moe_weighted-20 (view)"
781,74,MUL_MAT,0,28,8,1858,"ffn_shexp-20","blk.20.ffn_down_shexp.weight","ffn_swiglu-20"
781,77,MUL,0,2,0,1867,"ffn_shexp_gated-20","ffn_shexp-20","shared_expert_gate_sigmoid-20"
781,78,ADD,0,1,1,1870,"ffn_out-20","ffn_moe_out-20","ffn_shexp_gated-20"
781,152,RMS_NORM,0,0,2,3156,"norm-21","attn_output-21",""
782,5,MUL_MAT,0,304,106,752,"linear_attn_out-21","blk.21.ssm_out.weight","final_output-21"
782,34,SCALE,0,1,6,1101,"ffn_moe_inp-21","node_3587",""
782,70,ADD,0,2,0,2078,"ffn_moe_out-21","node_3623","ffn_moe_weighted-21 (view)"
782,74,MUL_MAT,0,36,2,2196,"ffn_shexp-21","blk.21.ffn_down_shexp.weight","ffn_swiglu-21"
782,77,MUL,0,3,0,2207,"ffn_shexp_gated-21","ffn_shexp-21","shared_expert_gate_sigmoid-21"
782,78,ADD,0,1,0,2209,"ffn_out-21","ffn_moe_out-21","ffn_shexp_gated-21"
782,152,RMS_NORM,0,1,0,3776,"norm-22","attn_output-22",""
783,5,MUL_MAT,0,314,6,644,"linear_attn_out-22","blk.22.ssm_out.weight","final_output-22"
783,34,SCALE,0,0,1,902,"ffn_moe_inp-22","node_3741",""
783,70,ADD,0,1,1,2249,"ffn_moe_out-22","node_3777","ffn_moe_weighted-22 (view)"
783,74,MUL_MAT,0,38,5,2413,"ffn_shexp-22","blk.22.ffn_down_shexp.weight","ffn_swiglu-22"
783,77,MUL,0,3,1,2434,"ffn_shexp_gated-22","ffn_shexp-22","shared_expert_gate_sigmoid-22"
783,78,ADD,0,1,6,2441,"ffn_out-22","ffn_moe_out-22","ffn_shexp_gated-22"
783,151,RMS_NORM,0,9,0,3662,"norm-23","indexer_k_pooled-23 (reshaped)",""
784,38,MUL_MAT,0,258,60,580,"attn_output-23","blk.23.attn_output.weight","attn_gated-23"
784,66,SCALE,0,0,2,831,"ffn_moe_inp-23","node_3928",""
784,102,ADD,0,2,3,2233,"ffn_moe_out-23","node_3964","ffn_moe_weighted-23 (view)"
784,106,MUL_MAT,0,28,5,2344,"ffn_shexp-23","blk.23.ffn_down_shexp.weight","ffn_swiglu-23"
784,109,MUL,0,2,0,2350,"ffn_shexp_gated-23","ffn_shexp-23","shared_expert_gate_sigmoid-23"
784,110,ADD,0,1,1,2353,"ffn_out-23","ffn_moe_out-23","ffn_shexp_gated-23"
784,184,RMS_NORM,0,0,1,3677,"norm-24","attn_output-24",""
785,5,MUL_MAT,0,285,74,709,"linear_attn_out-24","blk.24.ssm_out.weight","final_output-24"
785,34,SCALE,0,0,1,977,"ffn_moe_inp-24","node_4082",""
785,70,ADD,0,1,1,1830,"ffn_moe_out-24","node_4118","ffn_moe_weighted-24 (view)"
785,74,MUL_MAT,0,29,10,1943,"ffn_shexp-24","blk.24.ffn_down_shexp.weight","ffn_swiglu-24"
785,77,MUL,0,2,0,1950,"ffn_shexp_gated-24","ffn_shexp-24","shared_expert_gate_sigmoid-24"
785,78,ADD,0,1,0,1952,"ffn_out-24","ffn_moe_out-24","ffn_shexp_gated-24"
785,152,RMS_NORM,0,1,2,3284,"norm-25","attn_output-25",""
786,5,MUL_MAT,0,292,40,646,"linear_attn_out-25","blk.25.ssm_out.weight","final_output-25"
786,34,SCALE,0,0,1,993,"ffn_moe_inp-25","node_4236",""
786,70,ADD,0,1,1,2528,"ffn_moe_out-25","node_4272","ffn_moe_weighted-25 (view)"
786,74,MUL_MAT,0,27,19,2663,"ffn_shexp-25","blk.25.ffn_down_shexp.weight","ffn_swiglu-25"
786,77,MUL,0,2,0,2670,"ffn_shexp_gated-25","ffn_shexp-25","shared_expert_gate_sigmoid-25"
786,78,ADD,0,1,1,2672,"ffn_out-25","ffn_moe_out-25","ffn_shexp_gated-25"
786,152,RMS_NORM,0,0,1,4209,"norm-26","attn_output-26",""
787,5,MUL_MAT,0,314,14,644,"linear_attn_out-26","blk.26.ssm_out.weight","final_output-26"
787,34,SCALE,0,0,1,905,"ffn_moe_inp-26","node_4390",""
787,70,ADD,0,2,0,2457,"ffn_moe_out-26","node_4426","ffn_moe_weighted-26 (view)"
787,74,MUL_MAT,0,36,7,2592,"ffn_shexp-26","blk.26.ffn_down_shexp.weight","ffn_swiglu-26"
787,77,MUL,0,3,0,2606,"ffn_shexp_gated-26","ffn_shexp-26","shared_expert_gate_sigmoid-26"
787,78,ADD,0,1,6,2614,"ffn_out-26","ffn_moe_out-26","ffn_shexp_gated-26"
787,151,RMS_NORM,0,30,0,3850,"norm-27","indexer_k_pooled-27 (reshaped)",""
788,38,MUL_MAT,0,322,1,578,"attn_output-27","blk.27.attn_output.weight","attn_gated-27"
788,66,SCALE,0,0,1,833,"ffn_moe_inp-27","node_4577",""
788,102,ADD,0,2,0,1608,"ffn_moe_out-27","node_4613","ffn_moe_weighted-27 (view)"
788,106,MUL_MAT,0,33,1,1726,"ffn_shexp-27","blk.27.ffn_down_shexp.weight","ffn_swiglu-27"
788,109,MUL,0,3,0,1755,"ffn_shexp_gated-27","ffn_shexp-27","shared_expert_gate_sigmoid-27"
788,110,ADD,0,1,0,1757,"ffn_out-27","ffn_moe_out-27","ffn_shexp_gated-27"
788,184,RMS_NORM,0,1,0,3252,"norm-28","attn_output-28",""
789,5,MUL_MAT,0,323,15,669,"linear_attn_out-28","blk.28.ssm_out.weight","final_output-28"
789,34,SCALE,0,0,2,950,"ffn_moe_inp-28","node_4731",""
789,70,ADD,0,2,0,1949,"ffn_moe_out-28","node_4767","ffn_moe_weighted-28 (view)"
789,74,MUL_MAT,0,37,0,2065,"ffn_shexp-28","blk.28.ffn_down_shexp.weight","ffn_swiglu-28"
789,77,MUL,0,3,0,2075,"ffn_shexp_gated-28","ffn_shexp-28","shared_expert_gate_sigmoid-28"
789,78,ADD,0,2,0,2077,"ffn_out-28","ffn_moe_out-28","ffn_shexp_gated-28"
789,152,RMS_NORM,0,1,0,3619,"norm-29","attn_output-29",""
790,5,MUL_MAT,0,307,16,666,"linear_attn_out-29","blk.29.ssm_out.weight","final_output-29"
790,34,SCALE,0,0,2,966,"ffn_moe_inp-29","node_4885",""
790,70,ADD,0,1,0,1853,"ffn_moe_out-29","node_4921","ffn_moe_weighted-29 (view)"
790,74,MUL_MAT,0,35,3,1974,"ffn_shexp-29","blk.29.ffn_down_shexp.weight","ffn_swiglu-29"
790,77,MUL,0,4,0,1984,"ffn_shexp_gated-29","ffn_shexp-29","shared_expert_gate_sigmoid-29"
790,78,ADD,0,1,0,1986,"ffn_out-29","ffn_moe_out-29","ffn_shexp_gated-29"
790,152,RMS_NORM,0,0,13,3799,"norm-30","attn_output-30",""
791,5,MUL_MAT,0,313,10,644,"linear_attn_out-30","blk.30.ssm_out.weight","final_output-30"
791,34,SCALE,0,0,0,895,"ffn_moe_inp-30","node_5039",""
791,70,ADD,0,1,1,2508,"ffn_moe_out-30","node_5075","ffn_moe_weighted-30 (view)"
791,74,MUL_MAT,0,36,3,2633,"ffn_shexp-30","blk.30.ffn_down_shexp.weight","ffn_swiglu-30"
791,77,MUL,0,3,0,2645,"ffn_shexp_gated-30","ffn_shexp-30","shared_expert_gate_sigmoid-30"
791,78,ADD,0,1,1,2648,"ffn_out-30","ffn_moe_out-30","ffn_shexp_gated-30"
791,151,RMS_NORM,0,17,0,3753,"norm-31","indexer_k_pooled-31 (reshaped)",""
792,38,MUL_MAT,0,306,10,627,"attn_output-31","blk.31.attn_output.weight","attn_gated-31"
792,66,SCALE,0,1,1,880,"ffn_moe_inp-31","node_5226",""
792,102,ADD,0,2,0,2412,"ffn_moe_out-31","node_5262","ffn_moe_weighted-31 (view)"
792,106,MUL_MAT,0,47,1,2550,"ffn_shexp-31","blk.31.ffn_down_shexp.weight","ffn_swiglu-31"
792,109,MUL,0,3,0,2560,"ffn_shexp_gated-31","ffn_shexp-31","shared_expert_gate_sigmoid-31"
792,110,ADD,0,2,0,2562,"ffn_out-31","ffn_moe_out-31","ffn_shexp_gated-31"
792,184,RMS_NORM,0,0,1,4249,"norm-32","attn_output-32",""
793,5,MUL_MAT,0,328,4,661,"linear_attn_out-32","blk.32.ssm_out.weight","final_output-32"
793,34,SCALE,0,0,1,928,"ffn_moe_inp-32","node_5380",""
793,70,ADD,0,1,1,1743,"ffn_moe_out-32","node_5416","ffn_moe_weighted-32 (view)"
793,74,MUL_MAT,0,35,1,1864,"ffn_shexp-32","blk.32.ffn_down_shexp.weight","ffn_swiglu-32"
793,77,MUL,0,3,0,1873,"ffn_shexp_gated-32","ffn_shexp-32","shared_expert_gate_sigmoid-32"
793,78,ADD,0,1,1,1876,"ffn_out-32","ffn_moe_out-32","ffn_shexp_gated-32"
793,152,RMS_NORM,0,0,1,3480,"norm-33","attn_output-33",""
794,5,MUL_MAT,0,316,104,787,"linear_attn_out-33","blk.33.ssm_out.weight","final_output-33"
794,34,SCALE,0,0,1,1066,"ffn_moe_inp-33","node_5534",""
794,70,ADD,0,1,1,1969,"ffn_moe_out-33","node_5570","ffn_moe_weighted-33 (view)"
794,74,MUL_MAT,0,32,22,2131,"ffn_shexp-33","blk.33.ffn_down_shexp.weight","ffn_swiglu-33"
794,77,MUL,0,2,8,2147,"ffn_shexp_gated-33","ffn_shexp-33","shared_expert_gate_sigmoid-33"
794,78,ADD,0,1,9,2157,"ffn_out-33","ffn_moe_out-33","ffn_shexp_gated-33"
794,152,RMS_NORM,0,1,2,3521,"norm-34","attn_output-34",""
795,5,MUL_MAT,0,165,168,649,"linear_attn_out-34","blk.34.ssm_out.weight","final_output-34"
795,34,SCALE,0,0,2,897,"ffn_moe_inp-34","node_5688",""
795,70,ADD,0,0,1,1668,"ffn_moe_out-34","node_5724","ffn_moe_weighted-34 (view)"
795,74,MUL_MAT,0,21,16,1779,"ffn_shexp-34","blk.34.ffn_down_shexp.weight","ffn_swiglu-34"
795,77,MUL,0,2,0,1786,"ffn_shexp_gated-34","ffn_shexp-34","shared_expert_gate_sigmoid-34"
795,78,ADD,0,0,1,1788,"ffn_out-34","ffn_moe_out-34","ffn_shexp_gated-34"
795,151,RMS_NORM,0,9,0,2810,"norm-35","indexer_k_pooled-35 (reshaped)",""
796,38,MUL_MAT,0,294,49,639,"attn_output-35","blk.35.attn_output.weight","attn_gated-35"
796,66,SCALE,0,0,2,886,"ffn_moe_inp-35","node_5875",""
796,102,ADD,0,1,0,1783,"ffn_moe_out-35","node_5911","ffn_moe_weighted-35 (view)"
796,106,MUL_MAT,0,38,6,1902,"ffn_shexp-35","blk.35.ffn_down_shexp.weight","ffn_swiglu-35"
796,109,MUL,0,1,0,1909,"ffn_shexp_gated-35","ffn_shexp-35","shared_expert_gate_sigmoid-35"
796,110,ADD,0,1,0,1911,"ffn_out-35","ffn_moe_out-35","ffn_shexp_gated-35"
796,184,RMS_NORM,0,1,1,3217,"norm-36","attn_output-36",""
797,5,MUL_MAT,0,257,73,644,"linear_attn_out-36","blk.36.ssm_out.weight","final_output-36"
797,34,SCALE,0,1,0,890,"ffn_moe_inp-36","node_6029",""
797,70,ADD,0,1,0,1805,"ffn_moe_out-36","node_6065","ffn_moe_weighted-36 (view)"
797,74,MUL_MAT,0,28,19,1933,"ffn_shexp-36","blk.36.ffn_down_shexp.weight","ffn_swiglu-36"
797,77,MUL,0,2,0,1939,"ffn_shexp_gated-36","ffn_shexp-36","shared_expert_gate_sigmoid-36"
797,78,ADD,0,1,0,1941,"ffn_out-36","ffn_moe_out-36","ffn_shexp_gated-36"
797,152,RMS_NORM,0,1,2,3498,"norm-37","attn_output-37",""
798,5,MUL_MAT,0,271,70,685,"linear_attn_out-37","blk.37.ssm_out.weight","final_output-37"
798,34,SCALE,0,0,2,946,"ffn_moe_inp-37","node_6183",""
798,70,ADD,0,1,1,1689,"ffn_moe_out-37","node_6219","ffn_moe_weighted-37 (view)"
798,74,MUL_MAT,0,30,6,1807,"ffn_shexp-37","blk.37.ffn_down_shexp.weight","ffn_swiglu-37"
798,77,MUL,0,2,0,1831,"ffn_shexp_gated-37","ffn_shexp-37","shared_expert_gate_sigmoid-37"
798,78,ADD,0,1,0,1833,"ffn_out-37","ffn_moe_out-37","ffn_shexp_gated-37"
798,152,RMS_NORM,0,0,1,3232,"norm-38","attn_output-38",""
799,5,MUL_MAT,0,285,64,697,"linear_attn_out-38","blk.38.ssm_out.weight","final_output-38"
799,34,SCALE,0,0,2,977,"ffn_moe_inp-38","node_6337",""
799,70,ADD,0,1,1,1981,"ffn_moe_out-38","node_6373","ffn_moe_weighted-38 (view)"
799,74,MUL_MAT,0,30,22,2109,"ffn_shexp-38","blk.38.ffn_down_shexp.weight","ffn_swiglu-38"
799,77,MUL,0,2,0,2117,"ffn_shexp_gated-38","ffn_shexp-38","shared_expert_gate_sigmoid-38"
799,78,ADD,0,1,1,2119,"ffn_out-38","ffn_moe_out-38","ffn_shexp_gated-38"
799,87,ADD,0,1,1,2147,"l_last-38","hc_combine-38","node_6390"
