graph_id,node_index,op,fused_nodes,worker_us,barrier_us,graph_elapsed_us,name,src0,src1
0,0,GET_ROWS,0,2,1,4,"model.input_embed","token_embd.weight","inp_tokens"
0,2,REPEAT,0,6,0,10,"hc_init","model.input_embed (reshaped)",""
0,5,MUL,0,12,0,27,"hc_norm-0"," (reshaped)","blk.0.hc_attn_norm.weight"
0,10,UNARY,0,34,1,206,"hc_gate-0","node_9",""
0,21,SCALE,0,0,1,234,"hc_mixed-0","node_20",""
0,69,RMS_NORM,0,0,1,2650,"norm-0","attn_output-0",""
1,5,MUL_MAT,0,356,4,707,"linear_attn_out-0","blk.0.ssm_out.weight","final_output-0"
1,9,MUL_MAT,0,19,1,733,"hc_inject-0","blk.0.hc_attn_inject.weight","hc_norm-0"
1,15,ADD,0,2,0,746,"hc_combine-0","hc_init","node_85"
1,18,MUL,0,8,0,759,"hc_norm-0"," (reshaped)","blk.0.hc_ffn_norm.weight"
1,23,UNARY,0,34,1,972,"hc_gate-0","node_93",""
1,34,SCALE,0,0,1,1006,"ffn_moe_inp-0","node_104",""
1,38,ARGSORT,0,23,0,1151,"ffn_moe_argsort-0","ffn_moe_probs-0",""
1,70,ADD,0,2,1,1862,"ffn_moe_out-0","node_140","ffn_moe_weighted-0 (view)"
1,93,MUL_MAT,0,32,6,2775,"ffn_shexp-0","blk.0.ffn_down_shexp.weight","ffn_swiglu-0"
1,96,MUL,0,3,0,2792,"ffn_shexp_gated-0","ffn_shexp-0","shared_expert_gate_sigmoid-0"
1,97,ADD,0,1,1,2795,"ffn_out-0","ffn_moe_out-0","ffn_shexp_gated-0"
1,100,MUL_MAT,0,9,1,2810,"hc_inject-0","blk.0.hc_ffn_inject.weight","hc_norm-0"
1,106,ADD,0,1,1,2824,"l_last-0","hc_combine-0","node_176"
1,120,UNARY,0,0,1,2871,"ple_gate-1","node_190",""
1,121,MUL,0,3,1,2875,"ple_gated_value-1","node_154","ple_gate-1"
1,174,MUL,0,9,1,3346,"hc_norm-1"," (reshaped)","blk.1.hc_attn_norm.weight"
1,179,UNARY,0,33,1,3543,"hc_gate-1","node_249",""
1,190,SCALE,0,0,2,3561,"hc_mixed-1","node_260",""
1,236,RMS_NORM,0,1,0,4817,"norm-1","attn_output-1",""
2,5,MUL_MAT,0,322,8,654,"linear_attn_out-1","blk.1.ssm_out.weight","final_output-1"
2,9,MUL_MAT,0,10,1,671,"hc_inject-1","blk.1.hc_attn_inject.weight","hc_norm-1"
2,15,ADD,0,2,0,684,"hc_combine-1","node_242","node_323"
2,18,MUL,0,11,0,699,"hc_norm-1"," (reshaped)","blk.1.hc_ffn_norm.weight"
2,23,UNARY,0,34,0,968,"hc_gate-1","node_331",""
2,34,SCALE,0,1,1,995,"ffn_moe_inp-1","node_342",""
2,38,ARGSORT,0,22,0,1139,"ffn_moe_argsort-1","ffn_moe_probs-1",""
2,70,ADD,0,2,0,1858,"ffn_moe_out-1","node_378","ffn_moe_weighted-1 (view)"
2,74,MUL_MAT,0,38,1,1984,"ffn_shexp-1","blk.1.ffn_down_shexp.weight","ffn_swiglu-1"
2,77,MUL,0,3,0,1994,"ffn_shexp_gated-1","ffn_shexp-1","shared_expert_gate_sigmoid-1"
2,78,ADD,0,1,0,1996,"ffn_out-1","ffn_moe_out-1","ffn_shexp_gated-1"
2,81,MUL_MAT,0,11,0,2011,"hc_inject-1","blk.1.hc_ffn_inject.weight","hc_norm-1"
2,87,ADD,0,2,1,2023,"l_last-1","hc_combine-1","node_395"
2,90,MUL,0,13,0,2042,"hc_norm-2"," (reshaped)","blk.2.hc_attn_norm.weight"
2,95,UNARY,0,34,0,2241,"hc_gate-2","node_403",""
2,106,SCALE,0,0,3,2259,"hc_mixed-2","node_414",""
2,152,RMS_NORM,0,0,13,3688,"norm-2","attn_output-2",""
3,5,MUL_MAT,0,277,63,762,"linear_attn_out-2","blk.2.ssm_out.weight","final_output-2"
3,9,MUL_MAT,0,6,1,773,"hc_inject-2","blk.2.hc_attn_inject.weight","hc_norm-2"
3,15,ADD,0,1,1,798,"hc_combine-2","l_last-1","node_477"
3,18,MUL,0,8,0,809,"hc_norm-2"," (reshaped)","blk.2.hc_ffn_norm.weight"
3,23,UNARY,0,21,0,997,"hc_gate-2","node_485",""
3,34,SCALE,0,0,2,1012,"ffn_moe_inp-2","node_496",""
3,38,ARGSORT,0,18,0,1147,"ffn_moe_argsort-2","ffn_moe_probs-2",""
3,70,ADD,0,1,1,2079,"ffn_moe_out-2","node_532","ffn_moe_weighted-2 (view)"
3,74,MUL_MAT,0,21,17,2202,"ffn_shexp-2","blk.2.ffn_down_shexp.weight","ffn_swiglu-2"
3,77,MUL,0,2,0,2210,"ffn_shexp_gated-2","ffn_shexp-2","shared_expert_gate_sigmoid-2"
3,78,ADD,0,1,0,2211,"ffn_out-2","ffn_moe_out-2","ffn_shexp_gated-2"
3,81,MUL_MAT,0,10,2,2226,"hc_inject-2","blk.2.hc_ffn_inject.weight","hc_norm-2"
3,87,ADD,0,1,1,2248,"l_last-2","hc_combine-2","node_549"
3,90,MUL,0,6,1,2258,"hc_norm-3"," (reshaped)","blk.3.hc_attn_norm.weight"
3,95,UNARY,0,25,9,2465,"hc_gate-3","node_557",""
3,106,SCALE,0,0,2,2481,"hc_mixed-3","node_568",""
3,151,RMS_NORM,0,4,1,3327,"norm-3","indexer_k_pooled-3 (reshaped)",""
4,38,MUL_MAT,0,239,92,544,"attn_output-3","blk.3.attn_output.weight","attn_gated-3"
4,41,MUL_MAT,0,7,1,555,"hc_inject-3","blk.3.hc_attn_inject.weight","hc_norm-3"
4,47,ADD,0,1,2,566,"hc_combine-3","l_last-2","node_664"
4,50,MUL,0,7,1,576,"hc_norm-3"," (reshaped)","blk.3.hc_ffn_norm.weight"
4,55,UNARY,0,21,0,740,"hc_gate-3","node_672",""
4,66,SCALE,0,0,2,770,"ffn_moe_inp-3","node_683",""
4,70,ARGSORT,0,18,1,888,"ffn_moe_argsort-3","ffn_moe_probs-3",""
4,102,ADD,0,1,1,1514,"ffn_moe_out-3","node_719","ffn_moe_weighted-3 (view)"
4,106,MUL_MAT,0,20,14,1629,"ffn_shexp-3","blk.3.ffn_down_shexp.weight","ffn_swiglu-3"
4,109,MUL,0,2,0,1636,"ffn_shexp_gated-3","ffn_shexp-3","shared_expert_gate_sigmoid-3"
4,110,ADD,0,1,0,1638,"ffn_out-3","ffn_moe_out-3","ffn_shexp_gated-3"
4,113,MUL_MAT,0,5,1,1646,"hc_inject-3","blk.3.hc_ffn_inject.weight","hc_norm-3"
4,119,ADD,0,2,0,1657,"l_last-3","hc_combine-3","node_736"
4,122,MUL,0,5,0,1666,"hc_norm-4"," (reshaped)","blk.4.hc_attn_norm.weight"
4,127,UNARY,0,20,0,1840,"hc_gate-4","node_744",""
4,138,SCALE,0,0,2,1856,"hc_mixed-4","node_755",""
4,184,RMS_NORM,0,0,1,2811,"norm-4","attn_output-4",""
5,5,MUL_MAT,0,178,166,684,"linear_attn_out-4","blk.4.ssm_out.weight","final_output-4"
5,9,MUL_MAT,0,6,2,696,"hc_inject-4","blk.4.hc_attn_inject.weight","hc_norm-4"
5,15,ADD,0,1,1,709,"hc_combine-4","l_last-3","node_818"
5,18,MUL,0,5,1,719,"hc_norm-4"," (reshaped)","blk.4.hc_ffn_norm.weight"
5,23,UNARY,0,21,0,900,"hc_gate-4","node_826",""
5,34,SCALE,0,0,2,915,"ffn_moe_inp-4","node_837",""
5,38,ARGSORT,0,18,1,1040,"ffn_moe_argsort-4","ffn_moe_probs-4",""
5,70,ADD,0,1,0,1851,"ffn_moe_out-4","node_873","ffn_moe_weighted-4 (view)"
5,74,MUL_MAT,0,19,16,1977,"ffn_shexp-4","blk.4.ffn_down_shexp.weight","ffn_swiglu-4"
5,77,MUL,0,1,0,1986,"ffn_shexp_gated-4","ffn_shexp-4","shared_expert_gate_sigmoid-4"
5,78,ADD,0,1,0,1988,"ffn_out-4","ffn_moe_out-4","ffn_shexp_gated-4"
5,81,MUL_MAT,0,5,2,1997,"hc_inject-4","blk.4.hc_ffn_inject.weight","hc_norm-4"
5,87,ADD,0,1,1,2010,"l_last-4","hc_combine-4","node_890"
5,90,MUL,0,5,0,2018,"hc_norm-5"," (reshaped)","blk.5.hc_attn_norm.weight"
5,95,UNARY,0,30,0,2205,"hc_gate-5","node_898",""
5,106,SCALE,0,0,2,2222,"hc_mixed-5","node_909",""
5,152,RMS_NORM,0,1,2,3381,"norm-5","attn_output-5",""
6,5,MUL_MAT,0,178,145,638,"linear_attn_out-5","blk.5.ssm_out.weight","final_output-5"
6,9,MUL_MAT,0,6,1,648,"hc_inject-5","blk.5.hc_attn_inject.weight","hc_norm-5"
6,15,ADD,0,1,1,666,"hc_combine-5","l_last-4","node_972"
6,18,MUL,0,6,0,674,"hc_norm-5"," (reshaped)","blk.5.hc_ffn_norm.weight"
6,23,UNARY,0,20,1,841,"hc_gate-5","node_980",""
6,34,SCALE,0,1,2,856,"ffn_moe_inp-5","node_991",""
6,38,ARGSORT,0,17,1,977,"ffn_moe_argsort-5","ffn_moe_probs-5",""
6,70,ADD,0,1,1,1687,"ffn_moe_out-5","node_1027","ffn_moe_weighted-5 (view)"
6,74,MUL_MAT,0,36,5,1818,"ffn_shexp-5","blk.5.ffn_down_shexp.weight","ffn_swiglu-5"
6,77,MUL,0,3,0,1836,"ffn_shexp_gated-5","ffn_shexp-5","shared_expert_gate_sigmoid-5"
6,78,ADD,0,1,0,1838,"ffn_out-5","ffn_moe_out-5","ffn_shexp_gated-5"
6,81,MUL_MAT,0,8,1,1851,"hc_inject-5","blk.5.hc_ffn_inject.weight","hc_norm-5"
6,87,ADD,0,1,6,1868,"l_last-5","hc_combine-5","node_1044"
6,90,MUL,0,12,1,1885,"hc_norm-6"," (reshaped)","blk.6.hc_attn_norm.weight"
6,95,UNARY,0,34,0,2080,"hc_gate-6","node_1052",""
6,106,SCALE,0,0,2,2104,"hc_mixed-6","node_1063",""
6,152,RMS_NORM,0,1,1,3475,"norm-6","attn_output-6",""
7,5,MUL_MAT,0,322,17,640,"linear_attn_out-6","blk.6.ssm_out.weight","final_output-6"
7,9,MUL_MAT,0,26,0,671,"hc_inject-6","blk.6.hc_attn_inject.weight","hc_norm-6"
7,15,ADD,0,1,11,694,"hc_combine-6","l_last-5","node_1126"
7,18,MUL,0,13,1,712,"hc_norm-6"," (reshaped)","blk.6.hc_ffn_norm.weight"
7,23,UNARY,0,35,0,899,"hc_gate-6","node_1134",""
7,34,SCALE,0,1,1,931,"ffn_moe_inp-6","node_1145",""
7,38,ARGSORT,0,23,1,1061,"ffn_moe_argsort-6","ffn_moe_probs-6",""
7,70,ADD,0,1,1,1810,"ffn_moe_out-6","node_1181","ffn_moe_weighted-6 (view)"
7,74,MUL_MAT,0,34,4,1937,"ffn_shexp-6","blk.6.ffn_down_shexp.weight","ffn_swiglu-6"
7,77,MUL,0,3,6,1953,"ffn_shexp_gated-6","ffn_shexp-6","shared_expert_gate_sigmoid-6"
7,78,ADD,0,2,0,1955,"ffn_out-6","ffn_moe_out-6","ffn_shexp_gated-6"
7,81,MUL_MAT,0,13,1,1973,"hc_inject-6","blk.6.hc_ffn_inject.weight","hc_norm-6"
7,87,ADD,0,2,1,1992,"l_last-6","hc_combine-6","node_1198"
7,90,MUL,0,10,1,2008,"hc_norm-7"," (reshaped)","blk.7.hc_attn_norm.weight"
7,95,UNARY,0,34,0,2202,"hc_gate-7","node_1206",""
7,106,SCALE,0,0,1,2237,"hc_mixed-7","node_1217",""
7,151,RMS_NORM,0,8,1,3019,"norm-7","indexer_k_pooled-7 (reshaped)",""
8,38,MUL_MAT,0,319,15,558,"attn_output-7","blk.7.attn_output.weight","attn_gated-7"
8,41,MUL_MAT,0,13,1,632,"hc_inject-7","blk.7.hc_attn_inject.weight","hc_norm-7"
8,47,ADD,0,2,0,649,"hc_combine-7","l_last-6","node_1313"
8,50,MUL,0,11,0,665,"hc_norm-7"," (reshaped)","blk.7.hc_ffn_norm.weight"
8,55,UNARY,0,33,0,902,"hc_gate-7","node_1321",""
8,66,SCALE,0,0,2,923,"ffn_moe_inp-7","node_1332",""
8,70,ARGSORT,0,21,1,1104,"ffn_moe_argsort-7","ffn_moe_probs-7",""
8,102,ADD,0,2,0,2137,"ffn_moe_out-7","node_1368","ffn_moe_weighted-7 (view)"
8,106,MUL_MAT,0,33,1,2243,"ffn_shexp-7","blk.7.ffn_down_shexp.weight","ffn_swiglu-7"
8,109,MUL,0,3,0,2253,"ffn_shexp_gated-7","ffn_shexp-7","shared_expert_gate_sigmoid-7"
8,110,ADD,0,2,9,2264,"ffn_out-7","ffn_moe_out-7","ffn_shexp_gated-7"
8,113,MUL_MAT,0,12,0,2280,"hc_inject-7","blk.7.hc_ffn_inject.weight","hc_norm-7"
8,119,ADD,0,2,9,2300,"l_last-7","hc_combine-7","node_1385"
8,122,MUL,0,8,1,2314,"hc_norm-8"," (reshaped)","blk.8.hc_attn_norm.weight"
8,127,UNARY,0,33,1,2490,"hc_gate-8","node_1393",""
8,138,SCALE,0,0,3,2510,"hc_mixed-8","node_1404",""
8,184,RMS_NORM,0,1,0,3768,"norm-8","attn_output-8",""
9,5,MUL_MAT,0,324,1,652,"linear_attn_out-8","blk.8.ssm_out.weight","final_output-8"
9,9,MUL_MAT,0,14,0,671,"hc_inject-8","blk.8.hc_attn_inject.weight","hc_norm-8"
9,15,ADD,0,2,1,685,"hc_combine-8","l_last-7","node_1467"
9,18,MUL,0,13,0,703,"hc_norm-8"," (reshaped)","blk.8.hc_ffn_norm.weight"
9,23,UNARY,0,34,1,900,"hc_gate-8","node_1475",""
9,34,SCALE,0,0,2,918,"ffn_moe_inp-8","node_1486",""
9,38,ARGSORT,0,23,1,1057,"ffn_moe_argsort-8","ffn_moe_probs-8",""
9,70,ADD,0,1,0,1848,"ffn_moe_out-8","node_1522","ffn_moe_weighted-8 (view)"
9,74,MUL_MAT,0,35,19,2000,"ffn_shexp-8","blk.8.ffn_down_shexp.weight","ffn_swiglu-8"
9,77,MUL,0,3,1,2015,"ffn_shexp_gated-8","ffn_shexp-8","shared_expert_gate_sigmoid-8"
9,78,ADD,0,2,0,2017,"ffn_out-8","ffn_moe_out-8","ffn_shexp_gated-8"
9,81,MUL_MAT,0,14,1,2036,"hc_inject-8","blk.8.hc_ffn_inject.weight","hc_norm-8"
9,87,ADD,0,2,8,2056,"l_last-8","hc_combine-8","node_1539"
9,90,MUL,0,13,1,2075,"hc_norm-9"," (reshaped)","blk.9.hc_attn_norm.weight"
9,95,UNARY,0,34,0,2332,"hc_gate-9","node_1547",""
9,106,SCALE,0,0,1,2351,"hc_mixed-9","node_1558",""
9,152,RMS_NORM,0,1,1,3668,"norm-9","attn_output-9",""
10,5,MUL_MAT,0,308,14,617,"linear_attn_out-9","blk.9.ssm_out.weight","final_output-9"
10,9,MUL_MAT,0,12,1,635,"hc_inject-9","blk.9.hc_attn_inject.weight","hc_norm-9"
10,15,ADD,0,2,1,654,"hc_combine-9","l_last-8","node_1621"
10,18,MUL,0,9,0,667,"hc_norm-9"," (reshaped)","blk.9.hc_ffn_norm.weight"
10,23,UNARY,0,34,1,846,"hc_gate-9","node_1629",""
10,34,SCALE,0,0,2,865,"ffn_moe_inp-9","node_1640",""
10,38,ARGSORT,0,23,0,1091,"ffn_moe_argsort-9","ffn_moe_probs-9",""
10,70,ADD,0,1,1,1787,"ffn_moe_out-9","node_1676","ffn_moe_weighted-9 (view)"
10,74,MUL_MAT,0,36,11,1923,"ffn_shexp-9","blk.9.ffn_down_shexp.weight","ffn_swiglu-9"
10,77,MUL,0,3,3,1937,"ffn_shexp_gated-9","ffn_shexp-9","shared_expert_gate_sigmoid-9"
10,78,ADD,0,1,1,1939,"ffn_out-9","ffn_moe_out-9","ffn_shexp_gated-9"
10,81,MUL_MAT,0,14,0,1956,"hc_inject-9","blk.9.hc_ffn_inject.weight","hc_norm-9"
10,87,ADD,0,2,1,1969,"l_last-9","hc_combine-9","node_1693"
10,90,MUL,0,12,0,1986,"hc_norm-10"," (reshaped)","blk.10.hc_attn_norm.weight"
10,95,UNARY,0,35,0,2194,"hc_gate-10","node_1701",""
10,106,SCALE,0,0,0,2212,"hc_mixed-10","node_1712",""
10,152,RMS_NORM,0,0,2,3740,"norm-10","attn_output-10",""
11,5,MUL_MAT,0,323,2,645,"linear_attn_out-10","blk.10.ssm_out.weight","final_output-10"
11,9,MUL_MAT,0,9,1,660,"hc_inject-10","blk.10.hc_attn_inject.weight","hc_norm-10"
11,15,ADD,0,2,1,681,"hc_combine-10","l_last-9","node_1775"
11,18,MUL,0,7,1,693,"hc_norm-10"," (reshaped)","blk.10.hc_ffn_norm.weight"
11,23,UNARY,0,34,0,906,"hc_gate-10","node_1783",""
11,34,SCALE,0,0,1,944,"ffn_moe_inp-10","node_1794",""
11,38,ARGSORT,0,22,0,1081,"ffn_moe_argsort-10","ffn_moe_probs-10",""
11,70,ADD,0,2,0,1715,"ffn_moe_out-10","node_1830","ffn_moe_weighted-10 (view)"
11,74,MUL_MAT,0,34,2,1835,"ffn_shexp-10","blk.10.ffn_down_shexp.weight","ffn_swiglu-10"
11,77,MUL,0,3,4,1853,"ffn_shexp_gated-10","ffn_shexp-10","shared_expert_gate_sigmoid-10"
11,78,ADD,0,2,0,1855,"ffn_out-10","ffn_moe_out-10","ffn_shexp_gated-10"
11,81,MUL_MAT,0,8,0,1867,"hc_inject-10","blk.10.hc_ffn_inject.weight","hc_norm-10"
11,87,ADD,0,1,1,1895,"l_last-10","hc_combine-10","node_1847"
11,90,MUL,0,9,1,1910,"hc_norm-11"," (reshaped)","blk.11.hc_attn_norm.weight"
11,95,UNARY,0,35,0,2106,"hc_gate-11","node_1855",""
11,106,SCALE,0,0,2,2227,"hc_mixed-11","node_1866",""
11,151,RMS_NORM,0,8,1,3047,"norm-11","indexer_k_pooled-11 (reshaped)",""
12,38,MUL_MAT,0,301,3,520,"attn_output-11","blk.11.attn_output.weight","attn_gated-11"
12,41,MUL_MAT,0,8,1,536,"hc_inject-11","blk.11.hc_attn_inject.weight","hc_norm-11"
12,47,ADD,0,2,1,547,"hc_combine-11","l_last-10","node_1962"
12,50,MUL,0,8,0,559,"hc_norm-11"," (reshaped)","blk.11.hc_ffn_norm.weight"
12,55,UNARY,0,33,1,737,"hc_gate-11","node_1970",""
12,66,SCALE,0,0,2,754,"ffn_moe_inp-11","node_1981",""
12,70,ARGSORT,0,21,1,877,"ffn_moe_argsort-11","ffn_moe_probs-11",""
12,102,ADD,0,1,1,2070,"ffn_moe_out-11","node_2017","ffn_moe_weighted-11 (view)"
12,106,MUL_MAT,0,32,1,2179,"ffn_shexp-11","blk.11.ffn_down_shexp.weight","ffn_swiglu-11"
12,109,MUL,0,3,0,2190,"ffn_shexp_gated-11","ffn_shexp-11","shared_expert_gate_sigmoid-11"
12,110,ADD,0,1,0,2192,"ffn_out-11","ffn_moe_out-11","ffn_shexp_gated-11"
12,113,MUL_MAT,0,8,1,2205,"hc_inject-11","blk.11.hc_ffn_inject.weight","hc_norm-11"
12,119,ADD,0,2,0,2217,"l_last-11","hc_combine-11","node_2034"
12,122,MUL,0,9,1,2231,"hc_norm-12"," (reshaped)","blk.12.hc_attn_norm.weight"
12,127,UNARY,0,33,0,2412,"hc_gate-12","node_2042",""
12,138,SCALE,0,0,1,2428,"hc_mixed-12","node_2053",""
12,184,RMS_NORM,0,0,1,3890,"norm-12","attn_output-12",""
13,5,MUL_MAT,0,300,13,614,"linear_attn_out-12","blk.12.ssm_out.weight","final_output-12"
13,9,MUL_MAT,0,8,0,627,"hc_inject-12","blk.12.hc_attn_inject.weight","hc_norm-12"
13,15,ADD,0,2,0,667,"hc_combine-12","l_last-11","node_2116"
13,18,MUL,0,9,0,680,"hc_norm-12"," (reshaped)","blk.12.hc_ffn_norm.weight"
13,23,UNARY,0,34,1,861,"hc_gate-12","node_2124",""
13,34,SCALE,0,1,2,890,"ffn_moe_inp-12","node_2135",""
13,38,ARGSORT,0,22,1,1023,"ffn_moe_argsort-12","ffn_moe_probs-12",""
13,70,ADD,0,1,1,1644,"ffn_moe_out-12","node_2171","ffn_moe_weighted-12 (view)"
13,74,MUL_MAT,0,19,16,1755,"ffn_shexp-12","blk.12.ffn_down_shexp.weight","ffn_swiglu-12"
13,77,MUL,0,2,0,1762,"ffn_shexp_gated-12","ffn_shexp-12","shared_expert_gate_sigmoid-12"
13,78,ADD,0,0,1,1764,"ffn_out-12","ffn_moe_out-12","ffn_shexp_gated-12"
13,81,MUL_MAT,0,4,4,1775,"hc_inject-12","blk.12.hc_ffn_inject.weight","hc_norm-12"
13,87,ADD,0,1,2,1787,"l_last-12","hc_combine-12","node_2188"
13,90,MUL,0,5,0,1796,"hc_norm-13"," (reshaped)","blk.13.hc_attn_norm.weight"
13,95,UNARY,0,26,10,1980,"hc_gate-13","node_2196",""
13,106,SCALE,0,0,1,2000,"hc_mixed-13","node_2207",""
13,152,RMS_NORM,0,0,3,3071,"norm-13","attn_output-13",""
14,5,MUL_MAT,0,278,54,659,"linear_attn_out-13","blk.13.ssm_out.weight","final_output-13"
14,9,MUL_MAT,0,8,3,683,"hc_inject-13","blk.13.hc_attn_inject.weight","hc_norm-13"
14,15,ADD,0,2,1,697,"hc_combine-13","l_last-12","node_2270"
14,18,MUL,0,7,0,708,"hc_norm-13"," (reshaped)","blk.13.hc_ffn_norm.weight"
14,23,UNARY,0,32,0,900,"hc_gate-13","node_2278",""
14,34,SCALE,0,0,2,922,"ffn_moe_inp-13","node_2289",""
14,38,ARGSORT,0,21,1,1051,"ffn_moe_argsort-13","ffn_moe_probs-13",""
14,70,ADD,0,1,1,2144,"ffn_moe_out-13","node_2325","ffn_moe_weighted-13 (view)"
14,74,MUL_MAT,0,30,8,2270,"ffn_shexp-13","blk.13.ffn_down_shexp.weight","ffn_swiglu-13"
14,77,MUL,0,2,0,2282,"ffn_shexp_gated-13","ffn_shexp-13","shared_expert_gate_sigmoid-13"
14,78,ADD,0,1,1,2284,"ffn_out-13","ffn_moe_out-13","ffn_shexp_gated-13"
14,81,MUL_MAT,0,6,3,2296,"hc_inject-13","blk.13.hc_ffn_inject.weight","hc_norm-13"
14,87,ADD,0,1,1,2311,"l_last-13","hc_combine-13","node_2342"
14,90,MUL,0,6,0,2321,"hc_norm-14"," (reshaped)","blk.14.hc_attn_norm.weight"
14,95,UNARY,0,32,0,2514,"hc_gate-14","node_2350",""
14,106,SCALE,0,0,2,2532,"hc_mixed-14","node_2361",""
14,152,RMS_NORM,0,1,2,3703,"norm-14","attn_output-14",""
15,5,MUL_MAT,0,264,62,632,"linear_attn_out-14","blk.14.ssm_out.weight","final_output-14"
15,9,MUL_MAT,0,8,2,645,"hc_inject-14","blk.14.hc_attn_inject.weight","hc_norm-14"
15,15,ADD,0,1,2,666,"hc_combine-14","l_last-13","node_2424"
15,18,MUL,0,6,1,677,"hc_norm-14"," (reshaped)","blk.14.hc_ffn_norm.weight"
15,23,UNARY,0,31,0,856,"hc_gate-14","node_2432",""
15,34,SCALE,0,0,3,888,"ffn_moe_inp-14","node_2443",""
15,38,ARGSORT,0,21,0,1018,"ffn_moe_argsort-14","ffn_moe_probs-14",""
15,70,ADD,0,1,0,2206,"ffn_moe_out-14","node_2479","ffn_moe_weighted-14 (view)"
15,74,MUL_MAT,0,29,6,2323,"ffn_shexp-14","blk.14.ffn_down_shexp.weight","ffn_swiglu-14"
15,77,MUL,0,2,0,2332,"ffn_shexp_gated-14","ffn_shexp-14","shared_expert_gate_sigmoid-14"
15,78,ADD,0,1,2,2335,"ffn_out-14","ffn_moe_out-14","ffn_shexp_gated-14"
15,81,MUL_MAT,0,7,3,2347,"hc_inject-14","blk.14.hc_ffn_inject.weight","hc_norm-14"
15,87,ADD,0,2,1,2360,"l_last-14","hc_combine-14","node_2496"
15,90,MUL,0,6,0,2371,"hc_norm-15"," (reshaped)","blk.15.hc_attn_norm.weight"
15,95,UNARY,0,31,0,2552,"hc_gate-15","node_2504",""
15,106,SCALE,0,0,3,2572,"hc_mixed-15","node_2515",""
15,151,RMS_NORM,0,4,0,3305,"norm-15","indexer_k_pooled-15 (reshaped)",""
16,38,MUL_MAT,0,201,120,538,"attn_output-15","blk.15.attn_output.weight","attn_gated-15"
16,41,MUL_MAT,0,6,14,560,"hc_inject-15","blk.15.hc_attn_inject.weight","hc_norm-15"
16,47,ADD,0,1,2,573,"hc_combine-15","l_last-14","node_2611"
16,50,MUL,0,7,0,583,"hc_norm-15"," (reshaped)","blk.15.hc_ffn_norm.weight"
16,55,UNARY,0,20,1,759,"hc_gate-15","node_2619",""
16,66,SCALE,0,0,4,777,"ffn_moe_inp-15","node_2630",""
16,70,ARGSORT,0,17,0,905,"ffn_moe_argsort-15","ffn_moe_probs-15",""
16,102,ADD,0,1,7,1987,"ffn_moe_out-15","node_2666","ffn_moe_weighted-15 (view)"
16,106,MUL_MAT,0,19,16,2110,"ffn_shexp-15","blk.15.ffn_down_shexp.weight","ffn_swiglu-15"
16,109,MUL,0,2,0,2117,"ffn_shexp_gated-15","ffn_shexp-15","shared_expert_gate_sigmoid-15"
16,110,ADD,0,1,0,2119,"ffn_out-15","ffn_moe_out-15","ffn_shexp_gated-15"
16,113,MUL_MAT,0,5,3,2130,"hc_inject-15","blk.15.hc_ffn_inject.weight","hc_norm-15"
16,119,ADD,0,0,2,2145,"l_last-15","hc_combine-15","node_2683"
16,122,MUL,0,6,0,2155,"hc_norm-16"," (reshaped)","blk.16.hc_attn_norm.weight"
16,127,UNARY,0,21,0,2322,"hc_gate-16","node_2691",""
16,138,SCALE,0,0,2,2339,"hc_mixed-16","node_2702",""
16,184,RMS_NORM,0,0,2,3328,"norm-16","attn_output-16",""
17,5,MUL_MAT,0,216,173,703,"linear_attn_out-16","blk.16.ssm_out.weight","final_output-16"
17,9,MUL_MAT,0,12,2,721,"hc_inject-16","blk.16.hc_attn_inject.weight","hc_norm-16"
17,15,ADD,0,3,0,760,"hc_combine-16","l_last-15","node_2765"
17,18,MUL,0,11,14,794,"hc_norm-16"," (reshaped)","blk.16.hc_ffn_norm.weight"
17,23,UNARY,0,34,1,1051,"hc_gate-16","node_2773",""
17,34,SCALE,0,0,2,1090,"ffn_moe_inp-16","node_2784",""
17,38,ARGSORT,0,23,0,1234,"ffn_moe_argsort-16","ffn_moe_probs-16",""
17,70,ADD,0,2,0,1962,"ffn_moe_out-16","node_2820","ffn_moe_weighted-16 (view)"
17,74,MUL_MAT,0,34,3,2080,"ffn_shexp-16","blk.16.ffn_down_shexp.weight","ffn_swiglu-16"
17,77,MUL,0,3,0,2089,"ffn_shexp_gated-16","ffn_shexp-16","shared_expert_gate_sigmoid-16"
17,78,ADD,0,1,1,2092,"ffn_out-16","ffn_moe_out-16","ffn_shexp_gated-16"
17,81,MUL_MAT,0,8,6,2110,"hc_inject-16","blk.16.hc_ffn_inject.weight","hc_norm-16"
17,87,ADD,0,1,1,2129,"l_last-16","hc_combine-16","node_2837"
17,90,MUL,0,8,0,2142,"hc_norm-17"," (reshaped)","blk.17.hc_attn_norm.weight"
17,95,UNARY,0,33,0,2323,"hc_gate-17","node_2845",""
17,106,SCALE,0,0,2,2349,"hc_mixed-17","node_2856",""
17,152,RMS_NORM,0,1,1,3657,"norm-17","attn_output-17",""
18,5,MUL_MAT,0,307,1,609,"linear_attn_out-17","blk.17.ssm_out.weight","final_output-17"
18,9,MUL_MAT,0,10,5,712,"hc_inject-17","blk.17.hc_attn_inject.weight","hc_norm-17"
18,15,ADD,0,3,1,726,"hc_combine-17","l_last-16","node_2919"
18,18,MUL,0,11,0,741,"hc_norm-17"," (reshaped)","blk.17.hc_ffn_norm.weight"
18,23,UNARY,0,34,1,929,"hc_gate-17","node_2927",""
18,34,SCALE,0,0,11,955,"ffn_moe_inp-17","node_2938",""
18,38,ARGSORT,0,22,1,1089,"ffn_moe_argsort-17","ffn_moe_probs-17",""
18,70,ADD,0,1,1,1818,"ffn_moe_out-17","node_2974","ffn_moe_weighted-17 (view)"
18,74,MUL_MAT,0,38,1,1941,"ffn_shexp-17","blk.17.ffn_down_shexp.weight","ffn_swiglu-17"
18,77,MUL,0,3,6,1957,"ffn_shexp_gated-17","ffn_shexp-17","shared_expert_gate_sigmoid-17"
18,78,ADD,0,1,3,1962,"ffn_out-17","ffn_moe_out-17","ffn_shexp_gated-17"
18,81,MUL_MAT,0,10,5,1981,"hc_inject-17","blk.17.hc_ffn_inject.weight","hc_norm-17"
18,87,ADD,0,1,1,2000,"l_last-17","hc_combine-17","node_2991"
18,90,MUL,0,12,0,2022,"hc_norm-18"," (reshaped)","blk.18.hc_attn_norm.weight"
18,95,UNARY,0,35,0,2229,"hc_gate-18","node_2999",""
18,106,SCALE,0,0,2,2248,"hc_mixed-18","node_3010",""
18,152,RMS_NORM,0,1,1,3723,"norm-18","attn_output-18",""
19,5,MUL_MAT,0,305,13,625,"linear_attn_out-18","blk.18.ssm_out.weight","final_output-18"
19,9,MUL_MAT,0,9,3,641,"hc_inject-18","blk.18.hc_attn_inject.weight","hc_norm-18"
19,15,ADD,0,2,1,654,"hc_combine-18","l_last-17","node_3073"
19,18,MUL,0,9,0,671,"hc_norm-18"," (reshaped)","blk.18.hc_ffn_norm.weight"
19,23,UNARY,0,34,1,851,"hc_gate-18","node_3081",""
19,34,SCALE,0,0,1,868,"ffn_moe_inp-18","node_3092",""
19,38,ARGSORT,0,23,0,995,"ffn_moe_argsort-18","ffn_moe_probs-18",""
19,70,ADD,0,1,0,1649,"ffn_moe_out-18","node_3128","ffn_moe_weighted-18 (view)"
19,74,MUL_MAT,0,36,2,1867,"ffn_shexp-18","blk.18.ffn_down_shexp.weight","ffn_swiglu-18"
19,77,MUL,0,4,0,1877,"ffn_shexp_gated-18","ffn_shexp-18","shared_expert_gate_sigmoid-18"
19,78,ADD,0,2,0,1879,"ffn_out-18","ffn_moe_out-18","ffn_shexp_gated-18"
19,81,MUL_MAT,0,9,6,1898,"hc_inject-18","blk.18.hc_ffn_inject.weight","hc_norm-18"
19,87,ADD,0,2,1,1912,"l_last-18","hc_combine-18","node_3145"
19,90,MUL,0,10,0,1928,"hc_norm-19"," (reshaped)","blk.19.hc_attn_norm.weight"
19,95,UNARY,0,48,1,2140,"hc_gate-19","node_3153",""
19,106,SCALE,0,1,1,2158,"hc_mixed-19","node_3164",""
19,151,RMS_NORM,0,9,0,2958,"norm-19","indexer_k_pooled-19 (reshaped)",""
20,38,MUL_MAT,0,298,5,521,"attn_output-19","blk.19.attn_output.weight","attn_gated-19"
20,41,MUL_MAT,0,7,4,537,"hc_inject-19","blk.19.hc_attn_inject.weight","hc_norm-19"
20,47,ADD,0,1,1,549,"hc_combine-19","l_last-18","node_3260"
20,50,MUL,0,8,0,561,"hc_norm-19"," (reshaped)","blk.19.hc_ffn_norm.weight"
20,55,UNARY,0,34,0,752,"hc_gate-19","node_3268",""
20,66,SCALE,0,0,1,769,"ffn_moe_inp-19","node_3279",""
20,70,ARGSORT,0,21,1,891,"ffn_moe_argsort-19","ffn_moe_probs-19",""
20,102,ADD,0,2,0,1925,"ffn_moe_out-19","node_3315","ffn_moe_weighted-19 (view)"
20,106,MUL_MAT,0,31,3,2031,"ffn_shexp-19","blk.19.ffn_down_shexp.weight","ffn_swiglu-19"
20,109,MUL,0,3,6,2045,"ffn_shexp_gated-19","ffn_shexp-19","shared_expert_gate_sigmoid-19"
20,110,ADD,0,1,0,2047,"ffn_out-19","ffn_moe_out-19","ffn_shexp_gated-19"
20,113,MUL_MAT,0,8,5,2064,"hc_inject-19","blk.19.hc_ffn_inject.weight","hc_norm-19"
20,119,ADD,0,1,1,2076,"l_last-19","hc_combine-19","node_3332"
20,122,MUL,0,9,0,2090,"hc_norm-20"," (reshaped)","blk.20.hc_attn_norm.weight"
20,127,UNARY,0,33,1,2278,"hc_gate-20","node_3340",""
20,138,SCALE,0,0,2,2305,"hc_mixed-20","node_3351",""
20,184,RMS_NORM,0,0,7,3746,"norm-20","attn_output-20",""
21,5,MUL_MAT,0,263,61,647,"linear_attn_out-20","blk.20.ssm_out.weight","final_output-20"
21,9,MUL_MAT,0,7,5,662,"hc_inject-20","blk.20.hc_attn_inject.weight","hc_norm-20"
21,15,ADD,0,2,1,675,"hc_combine-20","l_last-19","node_3414"
21,18,MUL,0,6,0,685,"hc_norm-20"," (reshaped)","blk.20.hc_ffn_norm.weight"
21,23,UNARY,0,30,0,880,"hc_gate-20","node_3422",""
21,34,SCALE,0,0,1,896,"ffn_moe_inp-20","node_3433",""
21,38,ARGSORT,0,21,1,1100,"ffn_moe_argsort-20","ffn_moe_probs-20",""
21,70,ADD,0,1,0,2316,"ffn_moe_out-20","node_3469","ffn_moe_weighted-20 (view)"
21,74,MUL_MAT,0,27,18,2450,"ffn_shexp-20","blk.20.ffn_down_shexp.weight","ffn_swiglu-20"
21,77,MUL,0,2,0,2458,"ffn_shexp_gated-20","ffn_shexp-20","shared_expert_gate_sigmoid-20"
21,78,ADD,0,1,1,2460,"ffn_out-20","ffn_moe_out-20","ffn_shexp_gated-20"
21,81,MUL_MAT,0,7,6,2475,"hc_inject-20","blk.20.hc_ffn_inject.weight","hc_norm-20"
21,87,ADD,0,1,1,2495,"l_last-20","hc_combine-20","node_3486"
21,90,MUL,0,7,0,2506,"hc_norm-21"," (reshaped)","blk.21.hc_attn_norm.weight"
21,95,UNARY,0,31,0,2694,"hc_gate-21","node_3494",""
21,106,SCALE,0,0,1,2708,"hc_mixed-21","node_3505",""
21,152,RMS_NORM,0,1,1,3853,"norm-21","attn_output-21",""
22,5,MUL_MAT,0,267,56,642,"linear_attn_out-21","blk.21.ssm_out.weight","final_output-21"
22,9,MUL_MAT,0,6,2,654,"hc_inject-21","blk.21.hc_attn_inject.weight","hc_norm-21"
22,15,ADD,0,1,1,666,"hc_combine-21","l_last-20","node_3568"
22,18,MUL,0,6,0,676,"hc_norm-21"," (reshaped)","blk.21.hc_ffn_norm.weight"
22,23,UNARY,0,31,0,853,"hc_gate-21","node_3576",""
22,34,SCALE,0,1,9,877,"ffn_moe_inp-21","node_3587",""
22,38,ARGSORT,0,22,0,1002,"ffn_moe_argsort-21","ffn_moe_probs-21",""
22,70,ADD,0,1,1,1602,"ffn_moe_out-21","node_3623","ffn_moe_weighted-21 (view)"
22,74,MUL_MAT,0,28,7,1724,"ffn_shexp-21","blk.21.ffn_down_shexp.weight","ffn_swiglu-21"
22,77,MUL,0,2,0,1744,"ffn_shexp_gated-21","ffn_shexp-21","shared_expert_gate_sigmoid-21"
22,78,ADD,0,2,0,1746,"ffn_out-21","ffn_moe_out-21","ffn_shexp_gated-21"
22,81,MUL_MAT,0,18,0,1766,"hc_inject-21","blk.21.hc_ffn_inject.weight","hc_norm-21"
22,87,ADD,0,2,0,1779,"l_last-21","hc_combine-21","node_3640"
22,90,MUL,0,8,0,1791,"hc_norm-22"," (reshaped)","blk.22.hc_attn_norm.weight"
22,95,UNARY,0,31,0,1978,"hc_gate-22","node_3648",""
22,106,SCALE,0,0,1,1992,"hc_mixed-22","node_3659",""
22,152,RMS_NORM,0,0,2,3208,"norm-22","attn_output-22",""
23,5,MUL_MAT,0,260,71,646,"linear_attn_out-22","blk.22.ssm_out.weight","final_output-22"
23,9,MUL_MAT,0,8,1,659,"hc_inject-22","blk.22.hc_attn_inject.weight","hc_norm-22"
23,15,ADD,0,2,1,671,"hc_combine-22","l_last-21","node_3722"
23,18,MUL,0,5,5,695,"hc_norm-22"," (reshaped)","blk.22.hc_ffn_norm.weight"
23,23,UNARY,0,30,0,869,"hc_gate-22","node_3730",""
23,34,SCALE,0,1,1,885,"ffn_moe_inp-22","node_3741",""
23,38,ARGSORT,0,20,0,1011,"ffn_moe_argsort-22","ffn_moe_probs-22",""
23,70,ADD,0,1,1,1717,"ffn_moe_out-22","node_3777","ffn_moe_weighted-22 (view)"
23,74,MUL_MAT,0,37,8,1855,"ffn_shexp-22","blk.22.ffn_down_shexp.weight","ffn_swiglu-22"
23,77,MUL,0,2,3,1887,"ffn_shexp_gated-22","ffn_shexp-22","shared_expert_gate_sigmoid-22"
23,78,ADD,0,1,0,1889,"ffn_out-22","ffn_moe_out-22","ffn_shexp_gated-22"
23,81,MUL_MAT,0,6,6,1904,"hc_inject-22","blk.22.hc_ffn_inject.weight","hc_norm-22"
23,87,ADD,0,1,4,1920,"l_last-22","hc_combine-22","node_3794"
23,90,MUL,0,6,0,1930,"hc_norm-23"," (reshaped)","blk.23.hc_attn_norm.weight"
23,95,UNARY,0,45,0,2158,"hc_gate-23","node_3802",""
23,106,SCALE,0,0,9,2194,"hc_mixed-23","node_3813",""
23,151,RMS_NORM,0,4,1,3209,"norm-23","indexer_k_pooled-23 (reshaped)",""
24,38,MUL_MAT,0,172,151,538,"attn_output-23","blk.23.attn_output.weight","attn_gated-23"
24,41,MUL_MAT,0,6,3,551,"hc_inject-23","blk.23.hc_attn_inject.weight","hc_norm-23"
24,47,ADD,0,2,1,575,"hc_combine-23","l_last-22","node_3909"
24,50,MUL,0,6,0,583,"hc_norm-23"," (reshaped)","blk.23.hc_ffn_norm.weight"
24,55,UNARY,0,20,1,753,"hc_gate-23","node_3917",""
24,66,SCALE,0,1,1,773,"ffn_moe_inp-23","node_3928",""
24,70,ARGSORT,0,29,0,922,"ffn_moe_argsort-23","ffn_moe_probs-23",""
24,102,ADD,0,1,1,1950,"ffn_moe_out-23","node_3964","ffn_moe_weighted-23 (view)"
24,106,MUL_MAT,0,19,16,2063,"ffn_shexp-23","blk.23.ffn_down_shexp.weight","ffn_swiglu-23"
24,109,MUL,0,1,1,2071,"ffn_shexp_gated-23","ffn_shexp-23","shared_expert_gate_sigmoid-23"
24,110,ADD,0,1,1,2073,"ffn_out-23","ffn_moe_out-23","ffn_shexp_gated-23"
24,113,MUL_MAT,0,9,3,2088,"hc_inject-23","blk.23.hc_ffn_inject.weight","hc_norm-23"
24,119,ADD,0,1,1,2102,"l_last-23","hc_combine-23","node_3981"
24,122,MUL,0,5,0,2112,"hc_norm-24"," (reshaped)","blk.24.hc_attn_norm.weight"
24,127,UNARY,0,21,0,2284,"hc_gate-24","node_3989",""
24,138,SCALE,0,0,2,2302,"hc_mixed-24","node_4000",""
24,184,RMS_NORM,0,0,3,3306,"norm-24","attn_output-24",""
25,5,MUL_MAT,0,175,146,623,"linear_attn_out-24","blk.24.ssm_out.weight","final_output-24"
25,9,MUL_MAT,0,6,3,635,"hc_inject-24","blk.24.hc_attn_inject.weight","hc_norm-24"
25,15,ADD,0,1,1,648,"hc_combine-24","l_last-23","node_4063"
25,18,MUL,0,6,0,657,"hc_norm-24"," (reshaped)","blk.24.hc_ffn_norm.weight"
25,23,UNARY,0,30,0,856,"hc_gate-24","node_4071",""
25,34,SCALE,0,0,2,905,"ffn_moe_inp-24","node_4082",""
25,38,ARGSORT,0,17,0,1037,"ffn_moe_argsort-24","ffn_moe_probs-24",""
25,70,ADD,0,1,1,1765,"ffn_moe_out-24","node_4118","ffn_moe_weighted-24 (view)"
25,74,MUL_MAT,0,23,21,1899,"ffn_shexp-24","blk.24.ffn_down_shexp.weight","ffn_swiglu-24"
25,77,MUL,0,2,0,1908,"ffn_shexp_gated-24","ffn_shexp-24","shared_expert_gate_sigmoid-24"
25,78,ADD,0,1,2,1911,"ffn_out-24","ffn_moe_out-24","ffn_shexp_gated-24"
25,81,MUL_MAT,0,7,2,1923,"hc_inject-24","blk.24.hc_ffn_inject.weight","hc_norm-24"
25,87,ADD,0,1,1,1936,"l_last-24","hc_combine-24","node_4135"
25,90,MUL,0,5,1,1946,"hc_norm-25"," (reshaped)","blk.25.hc_attn_norm.weight"
25,95,UNARY,0,21,0,2142,"hc_gate-25","node_4143",""
25,106,SCALE,0,0,2,2166,"hc_mixed-25","node_4154",""
25,152,RMS_NORM,0,0,12,3272,"norm-25","attn_output-25",""
26,5,MUL_MAT,0,259,67,636,"linear_attn_out-25","blk.25.ssm_out.weight","final_output-25"
26,9,MUL_MAT,0,7,2,649,"hc_inject-25","blk.25.hc_attn_inject.weight","hc_norm-25"
26,15,ADD,0,1,1,663,"hc_combine-25","l_last-24","node_4217"
26,18,MUL,0,7,0,675,"hc_norm-25"," (reshaped)","blk.25.hc_ffn_norm.weight"
26,23,UNARY,0,30,1,860,"hc_gate-25","node_4225",""
26,34,SCALE,0,0,1,882,"ffn_moe_inp-25","node_4236",""
26,38,ARGSORT,0,21,0,1007,"ffn_moe_argsort-25","ffn_moe_probs-25",""
26,70,ADD,0,1,1,1657,"ffn_moe_out-25","node_4272","ffn_moe_weighted-25 (view)"
26,74,MUL_MAT,0,31,6,1773,"ffn_shexp-25","blk.25.ffn_down_shexp.weight","ffn_swiglu-25"
26,77,MUL,0,2,0,1781,"ffn_shexp_gated-25","ffn_shexp-25","shared_expert_gate_sigmoid-25"
26,78,ADD,0,1,1,1784,"ffn_out-25","ffn_moe_out-25","ffn_shexp_gated-25"
26,81,MUL_MAT,0,7,2,1795,"hc_inject-25","blk.25.hc_ffn_inject.weight","hc_norm-25"
26,87,ADD,0,2,1,1807,"l_last-25","hc_combine-25","node_4289"
26,90,MUL,0,5,1,1817,"hc_norm-26"," (reshaped)","blk.26.hc_attn_norm.weight"
26,95,UNARY,0,30,1,2010,"hc_gate-26","node_4297",""
26,106,SCALE,0,0,1,2039,"hc_mixed-26","node_4308",""
26,152,RMS_NORM,0,1,1,3252,"norm-26","attn_output-26",""
27,5,MUL_MAT,0,240,80,625,"linear_attn_out-26","blk.26.ssm_out.weight","final_output-26"
27,9,MUL_MAT,0,8,5,641,"hc_inject-26","blk.26.hc_attn_inject.weight","hc_norm-26"
27,15,ADD,0,2,1,669,"hc_combine-26","l_last-25","node_4371"
27,18,MUL,0,5,1,680,"hc_norm-26"," (reshaped)","blk.26.hc_ffn_norm.weight"
27,23,UNARY,0,31,10,880,"hc_gate-26","node_4379",""
27,34,SCALE,0,0,1,894,"ffn_moe_inp-26","node_4390",""
27,38,ARGSORT,0,23,0,1024,"ffn_moe_argsort-26","ffn_moe_probs-26",""
27,70,ADD,0,1,1,1819,"ffn_moe_out-26","node_4426","ffn_moe_weighted-26 (view)"
27,74,MUL_MAT,0,35,15,1955,"ffn_shexp-26","blk.26.ffn_down_shexp.weight","ffn_swiglu-26"
27,77,MUL,0,3,0,1964,"ffn_shexp_gated-26","ffn_shexp-26","shared_expert_gate_sigmoid-26"
27,78,ADD,0,1,1,1967,"ffn_out-26","ffn_moe_out-26","ffn_shexp_gated-26"
27,81,MUL_MAT,0,11,1,1990,"hc_inject-26","blk.26.hc_ffn_inject.weight","hc_norm-26"
27,87,ADD,0,2,0,2003,"l_last-26","hc_combine-26","node_4443"
27,90,MUL,0,9,0,2017,"hc_norm-27"," (reshaped)","blk.27.hc_attn_norm.weight"
27,95,UNARY,0,34,1,2215,"hc_gate-27","node_4451",""
27,106,SCALE,0,1,2,2235,"hc_mixed-27","node_4462",""
27,151,RMS_NORM,0,8,2,3033,"norm-27","indexer_k_pooled-27 (reshaped)",""
28,38,MUL_MAT,0,314,8,538,"attn_output-27","blk.27.attn_output.weight","attn_gated-27"
28,41,MUL_MAT,0,12,1,555,"hc_inject-27","blk.27.hc_attn_inject.weight","hc_norm-27"
28,47,ADD,0,2,0,573,"hc_combine-27","l_last-26","node_4558"
28,50,MUL,0,9,0,586,"hc_norm-27"," (reshaped)","blk.27.hc_ffn_norm.weight"
28,55,UNARY,0,34,0,777,"hc_gate-27","node_4566",""
28,66,SCALE,0,1,6,823,"ffn_moe_inp-27","node_4577",""
28,70,ARGSORT,0,23,0,984,"ffn_moe_argsort-27","ffn_moe_probs-27",""
28,102,ADD,0,1,1,1659,"ffn_moe_out-27","node_4613","ffn_moe_weighted-27 (view)"
28,106,MUL_MAT,0,32,5,1777,"ffn_shexp-27","blk.27.ffn_down_shexp.weight","ffn_swiglu-27"
28,109,MUL,0,3,0,1787,"ffn_shexp_gated-27","ffn_shexp-27","shared_expert_gate_sigmoid-27"
28,110,ADD,0,2,0,1789,"ffn_out-27","ffn_moe_out-27","ffn_shexp_gated-27"
28,113,MUL_MAT,0,12,1,1806,"hc_inject-27","blk.27.hc_ffn_inject.weight","hc_norm-27"
28,119,ADD,0,2,0,1826,"l_last-27","hc_combine-27","node_4630"
28,122,MUL,0,9,1,1841,"hc_norm-28"," (reshaped)","blk.28.hc_attn_norm.weight"
28,127,UNARY,0,34,0,2030,"hc_gate-28","node_4638",""
28,138,SCALE,0,1,0,2051,"hc_mixed-28","node_4649",""
28,184,RMS_NORM,0,0,1,3366,"norm-28","attn_output-28",""
29,5,MUL_MAT,0,305,13,637,"linear_attn_out-28","blk.28.ssm_out.weight","final_output-28"
29,9,MUL_MAT,0,12,0,654,"hc_inject-28","blk.28.hc_attn_inject.weight","hc_norm-28"
29,15,ADD,0,1,1,678,"hc_combine-28","l_last-27","node_4712"
29,18,MUL,0,8,1,691,"hc_norm-28"," (reshaped)","blk.28.hc_ffn_norm.weight"
29,23,UNARY,0,34,1,874,"hc_gate-28","node_4720",""
29,34,SCALE,0,1,1,894,"ffn_moe_inp-28","node_4731",""
29,38,ARGSORT,0,24,0,1026,"ffn_moe_argsort-28","ffn_moe_probs-28",""
29,70,ADD,0,2,1,1750,"ffn_moe_out-28","node_4767","ffn_moe_weighted-28 (view)"
29,74,MUL_MAT,0,37,2,1872,"ffn_shexp-28","blk.28.ffn_down_shexp.weight","ffn_swiglu-28"
29,77,MUL,0,3,0,1885,"ffn_shexp_gated-28","ffn_shexp-28","shared_expert_gate_sigmoid-28"
29,78,ADD,0,2,0,1887,"ffn_out-28","ffn_moe_out-28","ffn_shexp_gated-28"
29,81,MUL_MAT,0,11,1,1903,"hc_inject-28","blk.28.hc_ffn_inject.weight","hc_norm-28"
29,87,ADD,0,2,0,1920,"l_last-28","hc_combine-28","node_4784"
29,90,MUL,0,13,0,1937,"hc_norm-29"," (reshaped)","blk.29.hc_attn_norm.weight"
29,95,UNARY,0,35,0,2145,"hc_gate-29","node_4792",""
29,106,SCALE,0,0,2,2162,"hc_mixed-29","node_4803",""
29,152,RMS_NORM,0,1,1,3518,"norm-29","attn_output-29",""
30,5,MUL_MAT,0,313,6,626,"linear_attn_out-29","blk.29.ssm_out.weight","final_output-29"
30,9,MUL_MAT,0,17,1,649,"hc_inject-29","blk.29.hc_attn_inject.weight","hc_norm-29"
30,15,ADD,0,15,1,683,"hc_combine-29","l_last-28","node_4866"
30,18,MUL,0,13,1,701,"hc_norm-29"," (reshaped)","blk.29.hc_ffn_norm.weight"
30,23,UNARY,0,34,0,897,"hc_gate-29","node_4874",""
30,34,SCALE,0,0,1,919,"ffn_moe_inp-29","node_4885",""
30,38,ARGSORT,0,22,0,1053,"ffn_moe_argsort-29","ffn_moe_probs-29",""
30,70,ADD,0,2,4,1753,"ffn_moe_out-29","node_4921","ffn_moe_weighted-29 (view)"
30,74,MUL_MAT,0,37,2,1895,"ffn_shexp-29","blk.29.ffn_down_shexp.weight","ffn_swiglu-29"
30,77,MUL,0,4,0,1906,"ffn_shexp_gated-29","ffn_shexp-29","shared_expert_gate_sigmoid-29"
30,78,ADD,0,2,6,1914,"ffn_out-29","ffn_moe_out-29","ffn_shexp_gated-29"
30,81,MUL_MAT,0,13,1,1932,"hc_inject-29","blk.29.hc_ffn_inject.weight","hc_norm-29"
30,87,ADD,0,2,7,1956,"l_last-29","hc_combine-29","node_4938"
30,90,MUL,0,14,0,1974,"hc_norm-30"," (reshaped)","blk.30.hc_attn_norm.weight"
30,95,UNARY,0,34,0,2176,"hc_gate-30","node_4946",""
30,106,SCALE,0,0,2,2319,"hc_mixed-30","node_4957",""
30,152,RMS_NORM,0,0,10,3643,"norm-30","attn_output-30",""
31,5,MUL_MAT,0,303,13,627,"linear_attn_out-30","blk.30.ssm_out.weight","final_output-30"
31,9,MUL_MAT,0,11,0,657,"hc_inject-30","blk.30.hc_attn_inject.weight","hc_norm-30"
31,15,ADD,0,1,1,671,"hc_combine-30","l_last-29","node_5020"
31,18,MUL,0,9,0,684,"hc_norm-30"," (reshaped)","blk.30.hc_ffn_norm.weight"
31,23,UNARY,0,34,1,871,"hc_gate-30","node_5028",""
31,34,SCALE,0,0,2,889,"ffn_moe_inp-30","node_5039",""
31,38,ARGSORT,0,23,1,1016,"ffn_moe_argsort-30","ffn_moe_probs-30",""
31,70,ADD,0,2,0,1793,"ffn_moe_out-30","node_5075","ffn_moe_weighted-30 (view)"
31,74,MUL_MAT,0,35,6,1913,"ffn_shexp-30","blk.30.ffn_down_shexp.weight","ffn_swiglu-30"
31,77,MUL,0,3,0,1924,"ffn_shexp_gated-30","ffn_shexp-30","shared_expert_gate_sigmoid-30"
31,78,ADD,0,1,1,1927,"ffn_out-30","ffn_moe_out-30","ffn_shexp_gated-30"
31,81,MUL_MAT,0,20,0,1951,"hc_inject-30","blk.30.hc_ffn_inject.weight","hc_norm-30"
31,87,ADD,0,2,1,1963,"l_last-30","hc_combine-30","node_5092"
31,90,MUL,0,13,0,1981,"hc_norm-31"," (reshaped)","blk.31.hc_attn_norm.weight"
31,95,UNARY,0,35,0,2188,"hc_gate-31","node_5100",""
31,106,SCALE,0,1,2,2206,"hc_mixed-31","node_5111",""
31,151,RMS_NORM,0,8,1,3259,"norm-31","indexer_k_pooled-31 (reshaped)",""
32,38,MUL_MAT,0,297,7,527,"attn_output-31","blk.31.attn_output.weight","attn_gated-31"
32,41,MUL_MAT,0,11,0,544,"hc_inject-31","blk.31.hc_attn_inject.weight","hc_norm-31"
32,47,ADD,0,2,0,556,"hc_combine-31","l_last-30","node_5207"
32,50,MUL,0,8,1,576,"hc_norm-31"," (reshaped)","blk.31.hc_ffn_norm.weight"
32,55,UNARY,0,34,0,762,"hc_gate-31","node_5215",""
32,66,SCALE,0,0,1,783,"ffn_moe_inp-31","node_5226",""
32,70,ARGSORT,0,23,0,905,"ffn_moe_argsort-31","ffn_moe_probs-31",""
32,102,ADD,0,2,0,1985,"ffn_moe_out-31","node_5262","ffn_moe_weighted-31 (view)"
32,106,MUL_MAT,0,30,7,2097,"ffn_shexp-31","blk.31.ffn_down_shexp.weight","ffn_swiglu-31"
32,109,MUL,0,3,0,2106,"ffn_shexp_gated-31","ffn_shexp-31","shared_expert_gate_sigmoid-31"
32,110,ADD,0,2,0,2108,"ffn_out-31","ffn_moe_out-31","ffn_shexp_gated-31"
32,113,MUL_MAT,0,11,1,2124,"hc_inject-31","blk.31.hc_ffn_inject.weight","hc_norm-31"
32,119,ADD,0,1,1,2138,"l_last-31","hc_combine-31","node_5279"
32,122,MUL,0,7,1,2151,"hc_norm-32"," (reshaped)","blk.32.hc_attn_norm.weight"
32,127,UNARY,0,33,1,2334,"hc_gate-32","node_5287",""
32,138,SCALE,0,1,0,2363,"hc_mixed-32","node_5298",""
32,184,RMS_NORM,0,1,5,3757,"norm-32","attn_output-32",""
33,5,MUL_MAT,0,309,9,612,"linear_attn_out-32","blk.32.ssm_out.weight","final_output-32"
33,9,MUL_MAT,0,12,4,633,"hc_inject-32","blk.32.hc_attn_inject.weight","hc_norm-32"
33,15,ADD,0,2,0,647,"hc_combine-32","l_last-31","node_5361"
33,18,MUL,0,10,0,662,"hc_norm-32"," (reshaped)","blk.32.hc_ffn_norm.weight"
33,23,UNARY,0,34,1,855,"hc_gate-32","node_5369",""
33,34,SCALE,0,0,2,873,"ffn_moe_inp-32","node_5380",""
33,38,ARGSORT,0,22,0,1005,"ffn_moe_argsort-32","ffn_moe_probs-32",""
33,70,ADD,0,1,0,1701,"ffn_moe_out-32","node_5416","ffn_moe_weighted-32 (view)"
33,74,MUL_MAT,0,40,5,1833,"ffn_shexp-32","blk.32.ffn_down_shexp.weight","ffn_swiglu-32"
33,77,MUL,0,3,0,1844,"ffn_shexp_gated-32","ffn_shexp-32","shared_expert_gate_sigmoid-32"
33,78,ADD,0,1,0,1846,"ffn_out-32","ffn_moe_out-32","ffn_shexp_gated-32"
33,81,MUL_MAT,0,12,1,1864,"hc_inject-32","blk.32.hc_ffn_inject.weight","hc_norm-32"
33,87,ADD,0,1,1,1877,"l_last-32","hc_combine-32","node_5433"
33,90,MUL,0,9,0,1890,"hc_norm-33"," (reshaped)","blk.33.hc_attn_norm.weight"
33,95,UNARY,0,49,0,2111,"hc_gate-33","node_5441",""
33,106,SCALE,0,1,2,2136,"hc_mixed-33","node_5452",""
33,152,RMS_NORM,0,1,12,3527,"norm-33","attn_output-33",""
34,5,MUL_MAT,0,322,1,632,"linear_attn_out-33","blk.33.ssm_out.weight","final_output-33"
34,9,MUL_MAT,0,9,3,649,"hc_inject-33","blk.33.hc_attn_inject.weight","hc_norm-33"
34,15,ADD,0,2,0,672,"hc_combine-33","l_last-32","node_5515"
34,18,MUL,0,9,1,687,"hc_norm-33"," (reshaped)","blk.33.hc_ffn_norm.weight"
34,23,UNARY,0,34,1,875,"hc_gate-33","node_5523",""
34,34,SCALE,0,1,1,896,"ffn_moe_inp-33","node_5534",""
34,38,ARGSORT,0,35,1,1039,"ffn_moe_argsort-33","ffn_moe_probs-33",""
34,70,ADD,0,2,9,2284,"ffn_moe_out-33","node_5570","ffn_moe_weighted-33 (view)"
34,74,MUL_MAT,0,35,1,2396,"ffn_shexp-33","blk.33.ffn_down_shexp.weight","ffn_swiglu-33"
34,77,MUL,0,3,1,2414,"ffn_shexp_gated-33","ffn_shexp-33","shared_expert_gate_sigmoid-33"
34,78,ADD,0,1,1,2416,"ffn_out-33","ffn_moe_out-33","ffn_shexp_gated-33"
34,81,MUL_MAT,0,7,4,2431,"hc_inject-33","blk.33.hc_ffn_inject.weight","hc_norm-33"
34,87,ADD,0,2,1,2444,"l_last-33","hc_combine-33","node_5587"
34,90,MUL,0,8,0,2457,"hc_norm-34"," (reshaped)","blk.34.hc_attn_norm.weight"
34,95,UNARY,0,33,0,2640,"hc_gate-34","node_5595",""
34,106,SCALE,0,0,2,2659,"hc_mixed-34","node_5606",""
34,152,RMS_NORM,0,0,2,3703,"norm-34","attn_output-34",""
35,5,MUL_MAT,0,164,155,632,"linear_attn_out-34","blk.34.ssm_out.weight","final_output-34"
35,9,MUL_MAT,0,5,6,651,"hc_inject-34","blk.34.hc_attn_inject.weight","hc_norm-34"
35,15,ADD,0,2,1,665,"hc_combine-34","l_last-33","node_5669"
35,18,MUL,0,5,0,674,"hc_norm-34"," (reshaped)","blk.34.hc_ffn_norm.weight"
35,23,UNARY,0,21,0,836,"hc_gate-34","node_5677",""
35,34,SCALE,0,0,2,852,"ffn_moe_inp-34","node_5688",""
35,38,ARGSORT,0,19,0,983,"ffn_moe_argsort-34","ffn_moe_probs-34",""
35,70,ADD,0,1,1,1620,"ffn_moe_out-34","node_5724","ffn_moe_weighted-34 (view)"
35,74,MUL_MAT,0,19,17,1730,"ffn_shexp-34","blk.34.ffn_down_shexp.weight","ffn_swiglu-34"
35,77,MUL,0,1,1,1738,"ffn_shexp_gated-34","ffn_shexp-34","shared_expert_gate_sigmoid-34"
35,78,ADD,0,1,1,1740,"ffn_out-34","ffn_moe_out-34","ffn_shexp_gated-34"
35,81,MUL_MAT,0,5,7,1754,"hc_inject-34","blk.34.hc_ffn_inject.weight","hc_norm-34"
35,87,ADD,0,1,4,1775,"l_last-34","hc_combine-34","node_5741"
35,90,MUL,0,5,6,1791,"hc_norm-35"," (reshaped)","blk.35.hc_attn_norm.weight"
35,95,UNARY,0,22,0,1957,"hc_gate-35","node_5749",""
35,106,SCALE,0,0,1,1975,"hc_mixed-35","node_5760",""
35,151,RMS_NORM,0,3,1,2722,"norm-35","indexer_k_pooled-35 (reshaped)",""
36,38,MUL_MAT,0,157,170,529,"attn_output-35","blk.35.attn_output.weight","attn_gated-35"
36,41,MUL_MAT,0,5,7,544,"hc_inject-35","blk.35.hc_attn_inject.weight","hc_norm-35"
36,47,ADD,0,2,1,557,"hc_combine-35","l_last-34","node_5856"
36,50,MUL,0,5,0,565,"hc_norm-35"," (reshaped)","blk.35.hc_ffn_norm.weight"
36,55,UNARY,0,21,0,742,"hc_gate-35","node_5864",""
36,66,SCALE,0,0,2,759,"ffn_moe_inp-35","node_5875",""
36,70,ARGSORT,0,18,0,899,"ffn_moe_argsort-35","ffn_moe_probs-35",""
36,102,ADD,0,1,0,1549,"ffn_moe_out-35","node_5911","ffn_moe_weighted-35 (view)"
36,106,MUL_MAT,0,25,10,1661,"ffn_shexp-35","blk.35.ffn_down_shexp.weight","ffn_swiglu-35"
36,109,MUL,0,2,1,1669,"ffn_shexp_gated-35","ffn_shexp-35","shared_expert_gate_sigmoid-35"
36,110,ADD,0,1,0,1670,"ffn_out-35","ffn_moe_out-35","ffn_shexp_gated-35"
36,113,MUL_MAT,0,5,6,1684,"hc_inject-35","blk.35.hc_ffn_inject.weight","hc_norm-35"
36,119,ADD,0,1,1,1695,"l_last-35","hc_combine-35","node_5928"
36,122,MUL,0,6,0,1705,"hc_norm-36"," (reshaped)","blk.36.hc_attn_norm.weight"
36,127,UNARY,0,30,0,1884,"hc_gate-36","node_5936",""
36,138,SCALE,0,0,1,1899,"hc_mixed-36","node_5947",""
36,184,RMS_NORM,0,1,5,2872,"norm-36","attn_output-36",""
37,5,MUL_MAT,0,263,91,696,"linear_attn_out-36","blk.36.ssm_out.weight","final_output-36"
37,9,MUL_MAT,0,20,3,723,"hc_inject-36","blk.36.hc_attn_inject.weight","hc_norm-36"
37,15,ADD,0,2,1,755,"hc_combine-36","l_last-35","node_6010"
37,18,MUL,0,7,9,778,"hc_norm-36"," (reshaped)","blk.36.hc_ffn_norm.weight"
37,23,UNARY,0,32,10,968,"hc_gate-36","node_6018",""
37,34,SCALE,0,1,0,984,"ffn_moe_inp-36","node_6029",""
37,38,ARGSORT,0,20,0,1132,"ffn_moe_argsort-36","ffn_moe_probs-36",""
37,70,ADD,0,2,0,1870,"ffn_moe_out-36","node_6065","ffn_moe_weighted-36 (view)"
37,74,MUL_MAT,0,51,28,2036,"ffn_shexp-36","blk.36.ffn_down_shexp.weight","ffn_swiglu-36"
37,77,MUL,0,1,1,2046,"ffn_shexp_gated-36","ffn_shexp-36","shared_expert_gate_sigmoid-36"
37,78,ADD,0,1,1,2049,"ffn_out-36","ffn_moe_out-36","ffn_shexp_gated-36"
37,81,MUL_MAT,0,6,5,2065,"hc_inject-36","blk.36.hc_ffn_inject.weight","hc_norm-36"
37,87,ADD,0,2,3,2106,"l_last-36","hc_combine-36","node_6082"
37,90,MUL,0,7,1,2123,"hc_norm-37"," (reshaped)","blk.37.hc_attn_norm.weight"
37,95,UNARY,0,35,0,2387,"hc_gate-37","node_6090",""
37,106,SCALE,0,0,1,2416,"hc_mixed-37","node_6101",""
37,152,RMS_NORM,0,0,1,3807,"norm-37","attn_output-37",""
38,5,MUL_MAT,0,323,24,645,"linear_attn_out-37","blk.37.ssm_out.weight","final_output-37"
38,9,MUL_MAT,0,10,1,783,"hc_inject-37","blk.37.hc_attn_inject.weight","hc_norm-37"
38,15,ADD,0,1,1,797,"hc_combine-37","l_last-36","node_6164"
38,18,MUL,0,9,0,811,"hc_norm-37"," (reshaped)","blk.37.hc_ffn_norm.weight"
38,23,UNARY,0,35,0,992,"hc_gate-37","node_6172",""
38,34,SCALE,0,0,2,1011,"ffn_moe_inp-37","node_6183",""
38,38,ARGSORT,0,23,1,1147,"ffn_moe_argsort-37","ffn_moe_probs-37",""
38,70,ADD,0,1,1,1802,"ffn_moe_out-37","node_6219","ffn_moe_weighted-37 (view)"
38,74,MUL_MAT,0,35,2,1922,"ffn_shexp-37","blk.37.ffn_down_shexp.weight","ffn_swiglu-37"
38,77,MUL,0,4,0,1935,"ffn_shexp_gated-37","ffn_shexp-37","shared_expert_gate_sigmoid-37"
38,78,ADD,0,2,0,1937,"ffn_out-37","ffn_moe_out-37","ffn_shexp_gated-37"
38,81,MUL_MAT,0,11,1,1953,"hc_inject-37","blk.37.hc_ffn_inject.weight","hc_norm-37"
38,87,ADD,0,1,1,1966,"l_last-37","hc_combine-37","node_6236"
38,90,MUL,0,9,0,1980,"hc_norm-38"," (reshaped)","blk.38.hc_attn_norm.weight"
38,95,UNARY,0,34,1,2180,"hc_gate-38","node_6244",""
38,106,SCALE,0,0,2,2200,"hc_mixed-38","node_6255",""
38,152,RMS_NORM,0,0,2,3523,"norm-38","attn_output-38",""
39,5,MUL_MAT,0,322,30,692,"linear_attn_out-38","blk.38.ssm_out.weight","final_output-38"
39,9,MUL_MAT,0,13,1,710,"hc_inject-38","blk.38.hc_attn_inject.weight","hc_norm-38"
39,15,ADD,0,2,3,735,"hc_combine-38","l_last-37","node_6318"
39,18,MUL,0,11,0,750,"hc_norm-38"," (reshaped)","blk.38.hc_ffn_norm.weight"
39,23,UNARY,0,45,0,1111,"hc_gate-38","node_6326",""
39,34,SCALE,0,1,4,1135,"ffn_moe_inp-38","node_6337",""
39,38,ARGSORT,0,21,1,1418,"ffn_moe_argsort-38","ffn_moe_probs-38",""
39,70,ADD,0,2,0,2066,"ffn_moe_out-38","node_6373","ffn_moe_weighted-38 (view)"
39,74,MUL_MAT,0,32,4,2181,"ffn_shexp-38","blk.38.ffn_down_shexp.weight","ffn_swiglu-38"
39,77,MUL,0,3,1,2191,"ffn_shexp_gated-38","ffn_shexp-38","shared_expert_gate_sigmoid-38"
39,78,ADD,0,1,6,2198,"ffn_out-38","ffn_moe_out-38","ffn_shexp_gated-38"
39,81,MUL_MAT,0,7,1,2210,"hc_inject-38","blk.38.hc_ffn_inject.weight","hc_norm-38"
39,87,ADD,0,1,1,2223,"l_last-38","hc_combine-38","node_6390"
40,0,GET_ROWS,0,3,1,4,"model.input_embed","token_embd.weight","inp_tokens"
40,2,REPEAT,0,3,1,8,"hc_init","model.input_embed (reshaped)",""
40,5,MUL,0,7,0,19,"hc_norm-0"," (reshaped)","blk.0.hc_attn_norm.weight"
40,10,UNARY,0,35,1,343,"hc_gate-0","node_9",""
40,21,SCALE,0,1,0,356,"hc_mixed-0","node_20",""
40,69,RMS_NORM,0,1,2,1390,"norm-0","attn_output-0",""
41,5,MUL_MAT,0,180,162,677,"linear_attn_out-0","blk.0.ssm_out.weight","final_output-0"
41,9,MUL_MAT,0,6,3,689,"hc_inject-0","blk.0.hc_attn_inject.weight","hc_norm-0"
41,15,ADD,0,1,2,702,"hc_combine-0","hc_init","node_85"
41,18,MUL,0,5,0,711,"hc_norm-0"," (reshaped)","blk.0.hc_ffn_norm.weight"
41,23,UNARY,0,21,1,891,"hc_gate-0","node_93",""
41,34,SCALE,0,0,2,906,"ffn_moe_inp-0","node_104",""
41,38,ARGSORT,0,19,0,1031,"ffn_moe_argsort-0","ffn_moe_probs-0",""
41,70,ADD,0,1,1,1670,"ffn_moe_out-0","node_140","ffn_moe_weighted-0 (view)"
41,93,MUL_MAT,0,43,11,2502,"ffn_shexp-0","blk.0.ffn_down_shexp.weight","ffn_swiglu-0"
41,96,MUL,0,2,0,2510,"ffn_shexp_gated-0","ffn_shexp-0","shared_expert_gate_sigmoid-0"
41,97,ADD,0,1,0,2512,"ffn_out-0","ffn_moe_out-0","ffn_shexp_gated-0"
41,100,MUL_MAT,0,5,4,2523,"hc_inject-0","blk.0.hc_ffn_inject.weight","hc_norm-0"
41,106,ADD,0,2,0,2552,"l_last-0","hc_combine-0","node_176"
41,120,UNARY,0,0,2,2581,"ple_gate-1","node_190",""
41,121,MUL,0,2,3,2586,"ple_gated_value-1","node_154","ple_gate-1"
41,174,MUL,0,6,0,2875,"hc_norm-1"," (reshaped)","blk.1.hc_attn_norm.weight"
41,179,UNARY,0,21,0,3052,"hc_gate-1","node_249",""
41,190,SCALE,0,0,1,3071,"hc_mixed-1","node_260",""
41,236,RMS_NORM,0,0,2,4102,"norm-1","attn_output-1",""
42,5,MUL_MAT,0,191,134,639,"linear_attn_out-1","blk.1.ssm_out.weight","final_output-1"
42,9,MUL_MAT,0,7,2,651,"hc_inject-1","blk.1.hc_attn_inject.weight","hc_norm-1"
42,15,ADD,0,1,1,663,"hc_combine-1","node_242","node_323"
42,18,MUL,0,4,3,679,"hc_norm-1"," (reshaped)","blk.1.hc_ffn_norm.weight"
42,23,UNARY,0,21,1,844,"hc_gate-1","node_331",""
42,34,SCALE,0,0,1,857,"ffn_moe_inp-1","node_342",""
42,38,ARGSORT,0,19,0,981,"ffn_moe_argsort-1","ffn_moe_probs-1",""
42,70,ADD,0,1,1,2341,"ffn_moe_out-1","node_378","ffn_moe_weighted-1 (view)"
42,74,MUL_MAT,0,30,6,2455,"ffn_shexp-1","blk.1.ffn_down_shexp.weight","ffn_swiglu-1"
42,77,MUL,0,2,0,2463,"ffn_shexp_gated-1","ffn_shexp-1","shared_expert_gate_sigmoid-1"
42,78,ADD,0,1,1,2465,"ffn_out-1","ffn_moe_out-1","ffn_shexp_gated-1"
42,81,MUL_MAT,0,18,1,2487,"hc_inject-1","blk.1.hc_ffn_inject.weight","hc_norm-1"
42,87,ADD,0,2,0,2510,"l_last-1","hc_combine-1","node_395"
42,90,MUL,0,7,0,2521,"hc_norm-2"," (reshaped)","blk.2.hc_attn_norm.weight"
42,95,UNARY,0,21,1,2700,"hc_gate-2","node_403",""
42,106,SCALE,0,0,2,2713,"hc_mixed-2","node_414",""
42,152,RMS_NORM,0,0,2,3840,"norm-2","attn_output-2",""
43,5,MUL_MAT,0,326,6,657,"linear_attn_out-2","blk.2.ssm_out.weight","final_output-2"
43,9,MUL_MAT,0,25,1,688,"hc_inject-2","blk.2.hc_attn_inject.weight","hc_norm-2"
43,15,ADD,0,3,13,714,"hc_combine-2","l_last-1","node_477"
43,18,MUL,0,9,0,727,"hc_norm-2"," (reshaped)","blk.2.hc_ffn_norm.weight"
43,23,UNARY,0,34,1,925,"hc_gate-2","node_485",""
43,34,SCALE,0,0,1,942,"ffn_moe_inp-2","node_496",""
43,38,ARGSORT,0,23,0,1068,"ffn_moe_argsort-2","ffn_moe_probs-2",""
43,70,ADD,0,2,0,2075,"ffn_moe_out-2","node_532","ffn_moe_weighted-2 (view)"
43,74,MUL_MAT,0,33,3,2186,"ffn_shexp-2","blk.2.ffn_down_shexp.weight","ffn_swiglu-2"
43,77,MUL,0,3,0,2199,"ffn_shexp_gated-2","ffn_shexp-2","shared_expert_gate_sigmoid-2"
43,78,ADD,0,1,1,2202,"ffn_out-2","ffn_moe_out-2","ffn_shexp_gated-2"
43,81,MUL_MAT,0,10,0,2216,"hc_inject-2","blk.2.hc_ffn_inject.weight","hc_norm-2"
43,87,ADD,0,2,1,2231,"l_last-2","hc_combine-2","node_549"
43,90,MUL,0,9,0,2245,"hc_norm-3"," (reshaped)","blk.3.hc_attn_norm.weight"
43,95,UNARY,0,34,0,2434,"hc_gate-3","node_557",""
43,106,SCALE,0,1,1,2458,"hc_mixed-3","node_568",""
43,151,RMS_NORM,0,9,0,3340,"norm-3","indexer_k_pooled-3 (reshaped)",""
44,38,MUL_MAT,0,325,5,554,"attn_output-3","blk.3.attn_output.weight","attn_gated-3"
44,41,MUL_MAT,0,10,11,588,"hc_inject-3","blk.3.hc_attn_inject.weight","hc_norm-3"
44,47,ADD,0,1,1,601,"hc_combine-3","l_last-2","node_664"
44,50,MUL,0,9,0,615,"hc_norm-3"," (reshaped)","blk.3.hc_ffn_norm.weight"
44,55,UNARY,0,33,1,870,"hc_gate-3","node_672",""
44,66,SCALE,0,0,1,916,"ffn_moe_inp-3","node_683",""
44,70,ARGSORT,0,22,1,1045,"ffn_moe_argsort-3","ffn_moe_probs-3",""
44,102,ADD,0,2,0,2330,"ffn_moe_out-3","node_719","ffn_moe_weighted-3 (view)"
44,106,MUL_MAT,0,31,2,2445,"ffn_shexp-3","blk.3.ffn_down_shexp.weight","ffn_swiglu-3"
44,109,MUL,0,3,1,2456,"ffn_shexp_gated-3","ffn_shexp-3","shared_expert_gate_sigmoid-3"
44,110,ADD,0,1,1,2458,"ffn_out-3","ffn_moe_out-3","ffn_shexp_gated-3"
44,113,MUL_MAT,0,9,2,2472,"hc_inject-3","blk.3.hc_ffn_inject.weight","hc_norm-3"
44,119,ADD,0,2,6,2497,"l_last-3","hc_combine-3","node_736"
44,122,MUL,0,8,1,2522,"hc_norm-4"," (reshaped)","blk.4.hc_attn_norm.weight"
44,127,UNARY,0,33,0,2701,"hc_gate-4","node_744",""
44,138,SCALE,0,0,2,2736,"hc_mixed-4","node_755",""
44,184,RMS_NORM,0,0,0,3986,"norm-4","attn_output-4",""
45,5,MUL_MAT,0,318,7,646,"linear_attn_out-4","blk.4.ssm_out.weight","final_output-4"
45,9,MUL_MAT,0,16,2,669,"hc_inject-4","blk.4.hc_attn_inject.weight","hc_norm-4"
45,15,ADD,0,1,2,683,"hc_combine-4","l_last-3","node_818"
45,18,MUL,0,8,1,696,"hc_norm-4"," (reshaped)","blk.4.hc_ffn_norm.weight"
45,23,UNARY,0,35,0,887,"hc_gate-4","node_826",""
45,34,SCALE,0,0,1,904,"ffn_moe_inp-4","node_837",""
45,38,ARGSORT,0,23,0,1036,"ffn_moe_argsort-4","ffn_moe_probs-4",""
45,70,ADD,0,2,8,1884,"ffn_moe_out-4","node_873","ffn_moe_weighted-4 (view)"
45,74,MUL_MAT,0,37,2,2006,"ffn_shexp-4","blk.4.ffn_down_shexp.weight","ffn_swiglu-4"
45,77,MUL,0,3,0,2016,"ffn_shexp_gated-4","ffn_shexp-4","shared_expert_gate_sigmoid-4"
45,78,ADD,0,1,6,2024,"ffn_out-4","ffn_moe_out-4","ffn_shexp_gated-4"
45,81,MUL_MAT,0,8,1,2037,"hc_inject-4","blk.4.hc_ffn_inject.weight","hc_norm-4"
45,87,ADD,0,2,0,2059,"l_last-4","hc_combine-4","node_890"
45,90,MUL,0,8,1,2073,"hc_norm-5"," (reshaped)","blk.5.hc_attn_norm.weight"
45,95,UNARY,0,34,1,2391,"hc_gate-5","node_898",""
45,106,SCALE,0,1,10,2450,"hc_mixed-5","node_909",""
45,152,RMS_NORM,0,0,2,3740,"norm-5","attn_output-5",""
46,5,MUL_MAT,0,297,13,619,"linear_attn_out-5","blk.5.ssm_out.weight","final_output-5"
46,9,MUL_MAT,0,13,0,637,"hc_inject-5","blk.5.hc_attn_inject.weight","hc_norm-5"
46,15,ADD,0,2,1,650,"hc_combine-5","l_last-4","node_972"
46,18,MUL,0,22,1,677,"hc_norm-5"," (reshaped)","blk.5.hc_ffn_norm.weight"
46,23,UNARY,0,40,1,867,"hc_gate-5","node_980",""
46,34,SCALE,0,1,1,899,"ffn_moe_inp-5","node_991",""
46,38,ARGSORT,0,21,0,1026,"ffn_moe_argsort-5","ffn_moe_probs-5",""
46,70,ADD,0,1,0,1720,"ffn_moe_out-5","node_1027","ffn_moe_weighted-5 (view)"
46,74,MUL_MAT,0,37,9,1849,"ffn_shexp-5","blk.5.ffn_down_shexp.weight","ffn_swiglu-5"
46,77,MUL,0,4,7,1876,"ffn_shexp_gated-5","ffn_shexp-5","shared_expert_gate_sigmoid-5"
46,78,ADD,0,2,0,1878,"ffn_out-5","ffn_moe_out-5","ffn_shexp_gated-5"
46,81,MUL_MAT,0,15,1,1898,"hc_inject-5","blk.5.hc_ffn_inject.weight","hc_norm-5"
46,87,ADD,0,2,1,1911,"l_last-5","hc_combine-5","node_1044"
46,90,MUL,0,9,1,1924,"hc_norm-6"," (reshaped)","blk.6.hc_attn_norm.weight"
46,95,UNARY,0,34,1,2134,"hc_gate-6","node_1052",""
46,106,SCALE,0,0,2,2152,"hc_mixed-6","node_1063",""
46,152,RMS_NORM,0,1,1,3597,"norm-6","attn_output-6",""
47,5,MUL_MAT,0,356,0,697,"linear_attn_out-6","blk.6.ssm_out.weight","final_output-6"
47,9,MUL_MAT,0,8,0,710,"hc_inject-6","blk.6.hc_attn_inject.weight","hc_norm-6"
47,15,ADD,0,2,1,724,"hc_combine-6","l_last-5","node_1126"
47,18,MUL,0,8,0,736,"hc_norm-6"," (reshaped)","blk.6.hc_ffn_norm.weight"
47,23,UNARY,0,33,1,925,"hc_gate-6","node_1134",""
47,34,SCALE,0,0,1,941,"ffn_moe_inp-6","node_1145",""
47,38,ARGSORT,0,22,0,1066,"ffn_moe_argsort-6","ffn_moe_probs-6",""
47,70,ADD,0,2,0,1719,"ffn_moe_out-6","node_1181","ffn_moe_weighted-6 (view)"
47,74,MUL_MAT,0,34,3,1843,"ffn_shexp-6","blk.6.ffn_down_shexp.weight","ffn_swiglu-6"
47,77,MUL,0,3,0,1852,"ffn_shexp_gated-6","ffn_shexp-6","shared_expert_gate_sigmoid-6"
47,78,ADD,0,1,0,1854,"ffn_out-6","ffn_moe_out-6","ffn_shexp_gated-6"
47,81,MUL_MAT,0,8,0,1867,"hc_inject-6","blk.6.hc_ffn_inject.weight","hc_norm-6"
47,87,ADD,0,2,1,1879,"l_last-6","hc_combine-6","node_1198"
47,90,MUL,0,8,0,1891,"hc_norm-7"," (reshaped)","blk.7.hc_attn_norm.weight"
47,95,UNARY,0,34,0,2080,"hc_gate-7","node_1206",""
47,106,SCALE,0,0,1,2098,"hc_mixed-7","node_1217",""
47,151,RMS_NORM,0,8,0,2969,"norm-7","indexer_k_pooled-7 (reshaped)",""
48,38,MUL_MAT,0,333,3,570,"attn_output-7","blk.7.attn_output.weight","attn_gated-7"
48,41,MUL_MAT,0,8,10,592,"hc_inject-7","blk.7.hc_attn_inject.weight","hc_norm-7"
48,47,ADD,0,2,0,605,"hc_combine-7","l_last-6","node_1313"
48,50,MUL,0,8,1,618,"hc_norm-7"," (reshaped)","blk.7.hc_ffn_norm.weight"
48,55,UNARY,0,34,0,805,"hc_gate-7","node_1321",""
48,66,SCALE,0,0,2,898,"ffn_moe_inp-7","node_1332",""
48,70,ARGSORT,0,22,0,1026,"ffn_moe_argsort-7","ffn_moe_probs-7",""
48,102,ADD,0,1,8,2141,"ffn_moe_out-7","node_1368","ffn_moe_weighted-7 (view)"
48,106,MUL_MAT,0,33,1,2247,"ffn_shexp-7","blk.7.ffn_down_shexp.weight","ffn_swiglu-7"
48,109,MUL,0,3,1,2257,"ffn_shexp_gated-7","ffn_shexp-7","shared_expert_gate_sigmoid-7"
48,110,ADD,0,1,1,2259,"ffn_out-7","ffn_moe_out-7","ffn_shexp_gated-7"
48,113,MUL_MAT,0,7,0,2269,"hc_inject-7","blk.7.hc_ffn_inject.weight","hc_norm-7"
48,119,ADD,0,1,7,2292,"l_last-7","hc_combine-7","node_1385"
48,122,MUL,0,9,0,2305,"hc_norm-8"," (reshaped)","blk.8.hc_attn_norm.weight"
48,127,UNARY,0,32,0,2480,"hc_gate-8","node_1393",""
48,138,SCALE,0,0,2,2498,"hc_mixed-8","node_1404",""
48,184,RMS_NORM,0,0,1,3738,"norm-8","attn_output-8",""
49,5,MUL_MAT,0,307,40,655,"linear_attn_out-8","blk.8.ssm_out.weight","final_output-8"
49,9,MUL_MAT,0,9,0,668,"hc_inject-8","blk.8.hc_attn_inject.weight","hc_norm-8"
49,15,ADD,0,1,1,683,"hc_combine-8","l_last-7","node_1467"
49,18,MUL,0,8,1,696,"hc_norm-8"," (reshaped)","blk.8.hc_ffn_norm.weight"
49,23,UNARY,0,34,1,895,"hc_gate-8","node_1475",""
49,34,SCALE,0,0,13,924,"ffn_moe_inp-8","node_1486",""
49,38,ARGSORT,0,22,1,1068,"ffn_moe_argsort-8","ffn_moe_probs-8",""
49,70,ADD,0,1,1,1765,"ffn_moe_out-8","node_1522","ffn_moe_weighted-8 (view)"
49,74,MUL_MAT,0,37,2,1887,"ffn_shexp-8","blk.8.ffn_down_shexp.weight","ffn_swiglu-8"
49,77,MUL,0,3,0,1896,"ffn_shexp_gated-8","ffn_shexp-8","shared_expert_gate_sigmoid-8"
49,78,ADD,0,1,1,1899,"ffn_out-8","ffn_moe_out-8","ffn_shexp_gated-8"
49,81,MUL_MAT,0,10,0,1912,"hc_inject-8","blk.8.hc_ffn_inject.weight","hc_norm-8"
49,87,ADD,0,2,4,1933,"l_last-8","hc_combine-8","node_1539"
49,90,MUL,0,8,1,1954,"hc_norm-9"," (reshaped)","blk.9.hc_attn_norm.weight"
49,95,UNARY,0,35,0,2147,"hc_gate-9","node_1547",""
49,106,SCALE,0,0,2,2165,"hc_mixed-9","node_1558",""
49,152,RMS_NORM,0,0,2,3514,"norm-9","attn_output-9",""
50,5,MUL_MAT,0,315,3,629,"linear_attn_out-9","blk.9.ssm_out.weight","final_output-9"
50,9,MUL_MAT,0,8,1,642,"hc_inject-9","blk.9.hc_attn_inject.weight","hc_norm-9"
50,15,ADD,0,2,1,655,"hc_combine-9","l_last-8","node_1621"
50,18,MUL,0,8,0,666,"hc_norm-9"," (reshaped)","blk.9.hc_ffn_norm.weight"
50,23,UNARY,0,34,0,847,"hc_gate-9","node_1629",""
50,34,SCALE,0,0,2,868,"ffn_moe_inp-9","node_1640",""
50,38,ARGSORT,0,21,1,993,"ffn_moe_argsort-9","ffn_moe_probs-9",""
50,70,ADD,0,2,0,1699,"ffn_moe_out-9","node_1676","ffn_moe_weighted-9 (view)"
50,74,MUL_MAT,0,34,3,1810,"ffn_shexp-9","blk.9.ffn_down_shexp.weight","ffn_swiglu-9"
50,77,MUL,0,3,1,1820,"ffn_shexp_gated-9","ffn_shexp-9","shared_expert_gate_sigmoid-9"
50,78,ADD,0,1,1,1822,"ffn_out-9","ffn_moe_out-9","ffn_shexp_gated-9"
50,81,MUL_MAT,0,9,0,1834,"hc_inject-9","blk.9.hc_ffn_inject.weight","hc_norm-9"
50,87,ADD,0,2,1,1847,"l_last-9","hc_combine-9","node_1693"
50,90,MUL,0,9,0,1859,"hc_norm-10"," (reshaped)","blk.10.hc_attn_norm.weight"
50,95,UNARY,0,34,0,2043,"hc_gate-10","node_1701",""
50,106,SCALE,0,0,8,2210,"hc_mixed-10","node_1712",""
50,152,RMS_NORM,0,1,9,3531,"norm-10","attn_output-10",""
51,5,MUL_MAT,0,174,143,643,"linear_attn_out-10","blk.10.ssm_out.weight","final_output-10"
51,9,MUL_MAT,0,5,7,659,"hc_inject-10","blk.10.hc_attn_inject.weight","hc_norm-10"
51,15,ADD,0,1,2,673,"hc_combine-10","l_last-9","node_1775"
51,18,MUL,0,5,1,689,"hc_norm-10"," (reshaped)","blk.10.hc_ffn_norm.weight"
51,23,UNARY,0,21,0,856,"hc_gate-10","node_1783",""
51,34,SCALE,0,0,2,873,"ffn_moe_inp-10","node_1794",""
51,38,ARGSORT,0,19,0,1000,"ffn_moe_argsort-10","ffn_moe_probs-10",""
51,70,ADD,0,1,7,1716,"ffn_moe_out-10","node_1830","ffn_moe_weighted-10 (view)"
51,74,MUL_MAT,0,22,32,1869,"ffn_shexp-10","blk.10.ffn_down_shexp.weight","ffn_swiglu-10"
51,77,MUL,0,2,0,1881,"ffn_shexp_gated-10","ffn_shexp-10","shared_expert_gate_sigmoid-10"
51,78,ADD,0,1,1,1883,"ffn_out-10","ffn_moe_out-10","ffn_shexp_gated-10"
51,81,MUL_MAT,0,5,8,1898,"hc_inject-10","blk.10.hc_ffn_inject.weight","hc_norm-10"
51,87,ADD,0,1,1,1918,"l_last-10","hc_combine-10","node_1847"
51,90,MUL,0,5,1,1928,"hc_norm-11"," (reshaped)","blk.11.hc_attn_norm.weight"
51,95,UNARY,0,21,0,2106,"hc_gate-11","node_1855",""
51,106,SCALE,0,0,1,2121,"hc_mixed-11","node_1866",""
51,151,RMS_NORM,0,4,0,2953,"norm-11","indexer_k_pooled-11 (reshaped)",""
52,38,MUL_MAT,0,171,136,525,"attn_output-11","blk.11.attn_output.weight","attn_gated-11"
52,41,MUL_MAT,0,6,3,537,"hc_inject-11","blk.11.hc_attn_inject.weight","hc_norm-11"
52,47,ADD,0,1,4,553,"hc_combine-11","l_last-10","node_1962"
52,50,MUL,0,5,5,567,"hc_norm-11"," (reshaped)","blk.11.hc_ffn_norm.weight"
52,55,UNARY,0,21,0,741,"hc_gate-11","node_1970",""
52,66,SCALE,0,0,1,769,"ffn_moe_inp-11","node_1981",""
52,70,ARGSORT,0,18,0,888,"ffn_moe_argsort-11","ffn_moe_probs-11",""
52,102,ADD,0,1,0,1502,"ffn_moe_out-11","node_2017","ffn_moe_weighted-11 (view)"
52,106,MUL_MAT,0,19,17,1613,"ffn_shexp-11","blk.11.ffn_down_shexp.weight","ffn_swiglu-11"
52,109,MUL,0,2,0,1621,"ffn_shexp_gated-11","ffn_shexp-11","shared_expert_gate_sigmoid-11"
52,110,ADD,0,1,0,1622,"ffn_out-11","ffn_moe_out-11","ffn_shexp_gated-11"
52,113,MUL_MAT,0,6,3,1641,"hc_inject-11","blk.11.hc_ffn_inject.weight","hc_norm-11"
52,119,ADD,0,1,1,1654,"l_last-11","hc_combine-11","node_2034"
52,122,MUL,0,7,0,1664,"hc_norm-12"," (reshaped)","blk.12.hc_attn_norm.weight"
52,127,UNARY,0,21,0,1835,"hc_gate-12","node_2042",""
52,138,SCALE,0,0,1,1850,"hc_mixed-12","node_2053",""
52,184,RMS_NORM,0,0,114,2937,"norm-12","attn_output-12",""
53,5,MUL_MAT,0,198,141,672,"linear_attn_out-12","blk.12.ssm_out.weight","final_output-12"
53,9,MUL_MAT,0,7,5,688,"hc_inject-12","blk.12.hc_attn_inject.weight","hc_norm-12"
53,15,ADD,0,8,0,716,"hc_combine-12","l_last-11","node_2116"
53,18,MUL,0,6,0,730,"hc_norm-12"," (reshaped)","blk.12.hc_ffn_norm.weight"
53,23,UNARY,0,21,0,930,"hc_gate-12","node_2124",""
53,34,SCALE,0,0,1,947,"ffn_moe_inp-12","node_2135",""
53,38,ARGSORT,0,18,0,1077,"ffn_moe_argsort-12","ffn_moe_probs-12",""
53,70,ADD,0,1,1,1837,"ffn_moe_out-12","node_2171","ffn_moe_weighted-12 (view)"
53,74,MUL_MAT,0,19,18,1981,"ffn_shexp-12","blk.12.ffn_down_shexp.weight","ffn_swiglu-12"
53,77,MUL,0,2,1,1988,"ffn_shexp_gated-12","ffn_shexp-12","shared_expert_gate_sigmoid-12"
53,78,ADD,0,0,1,1989,"ffn_out-12","ffn_moe_out-12","ffn_shexp_gated-12"
53,81,MUL_MAT,0,6,3,2001,"hc_inject-12","blk.12.hc_ffn_inject.weight","hc_norm-12"
53,87,ADD,0,1,1,2019,"l_last-12","hc_combine-12","node_2188"
53,90,MUL,0,6,0,2029,"hc_norm-13"," (reshaped)","blk.13.hc_attn_norm.weight"
53,95,UNARY,0,21,1,2199,"hc_gate-13","node_2196",""
53,106,SCALE,0,0,2,2217,"hc_mixed-13","node_2207",""
53,152,RMS_NORM,0,0,11,3238,"norm-13","attn_output-13",""
54,5,MUL_MAT,0,181,247,728,"linear_attn_out-13","blk.13.ssm_out.weight","final_output-13"
54,9,MUL_MAT,0,9,1,834,"hc_inject-13","blk.13.hc_attn_inject.weight","hc_norm-13"
54,15,ADD,0,2,1,848,"hc_combine-13","l_last-12","node_2270"
54,18,MUL,0,9,1,862,"hc_norm-13"," (reshaped)","blk.13.hc_ffn_norm.weight"
54,23,UNARY,0,34,0,1055,"hc_gate-13","node_2278",""
54,34,SCALE,0,0,2,1181,"ffn_moe_inp-13","node_2289",""
54,38,ARGSORT,0,21,1,1334,"ffn_moe_argsort-13","ffn_moe_probs-13",""
54,70,ADD,0,1,1,2616,"ffn_moe_out-13","node_2325","ffn_moe_weighted-13 (view)"
54,74,MUL_MAT,0,28,9,2749,"ffn_shexp-13","blk.13.ffn_down_shexp.weight","ffn_swiglu-13"
54,77,MUL,0,2,1,2764,"ffn_shexp_gated-13","ffn_shexp-13","shared_expert_gate_sigmoid-13"
54,78,ADD,0,1,0,2765,"ffn_out-13","ffn_moe_out-13","ffn_shexp_gated-13"
54,81,MUL_MAT,0,6,2,2776,"hc_inject-13","blk.13.hc_ffn_inject.weight","hc_norm-13"
54,87,ADD,0,1,13,2801,"l_last-13","hc_combine-13","node_2342"
54,90,MUL,0,6,6,2816,"hc_norm-14"," (reshaped)","blk.14.hc_attn_norm.weight"
54,95,UNARY,0,31,0,3073,"hc_gate-14","node_2350",""
54,106,SCALE,0,0,2,3143,"hc_mixed-14","node_2361",""
54,152,RMS_NORM,0,0,3,4165,"norm-14","attn_output-14",""
55,5,MUL_MAT,0,279,63,695,"linear_attn_out-14","blk.14.ssm_out.weight","final_output-14"
55,9,MUL_MAT,0,8,1,708,"hc_inject-14","blk.14.hc_attn_inject.weight","hc_norm-14"
55,15,ADD,0,1,72,805,"hc_combine-14","l_last-13","node_2424"
55,18,MUL,0,6,0,815,"hc_norm-14"," (reshaped)","blk.14.hc_ffn_norm.weight"
55,23,UNARY,0,32,0,1007,"hc_gate-14","node_2432",""
55,34,SCALE,0,0,2,1027,"ffn_moe_inp-14","node_2443",""
55,38,ARGSORT,0,24,1,1167,"ffn_moe_argsort-14","ffn_moe_probs-14",""
55,70,ADD,0,1,1,1828,"ffn_moe_out-14","node_2479","ffn_moe_weighted-14 (view)"
55,74,MUL_MAT,0,28,8,1949,"ffn_shexp-14","blk.14.ffn_down_shexp.weight","ffn_swiglu-14"
55,77,MUL,0,3,0,1958,"ffn_shexp_gated-14","ffn_shexp-14","shared_expert_gate_sigmoid-14"
55,78,ADD,0,1,1,1960,"ffn_out-14","ffn_moe_out-14","ffn_shexp_gated-14"
55,81,MUL_MAT,0,5,11,1980,"hc_inject-14","blk.14.hc_ffn_inject.weight","hc_norm-14"
55,87,ADD,0,2,0,1992,"l_last-14","hc_combine-14","node_2496"
55,90,MUL,0,7,0,2002,"hc_norm-15"," (reshaped)","blk.15.hc_attn_norm.weight"
55,95,UNARY,0,31,0,2186,"hc_gate-15","node_2504",""
55,106,SCALE,0,0,2,2203,"hc_mixed-15","node_2515",""
55,151,RMS_NORM,0,4,1,2951,"norm-15","indexer_k_pooled-15 (reshaped)",""
56,38,MUL_MAT,0,246,62,507,"attn_output-15","blk.15.attn_output.weight","attn_gated-15"
56,41,MUL_MAT,0,5,2,517,"hc_inject-15","blk.15.hc_attn_inject.weight","hc_norm-15"
56,47,ADD,0,1,1,529,"hc_combine-15","l_last-14","node_2611"
56,50,MUL,0,7,0,546,"hc_norm-15"," (reshaped)","blk.15.hc_ffn_norm.weight"
56,55,UNARY,0,31,0,723,"hc_gate-15","node_2619",""
56,66,SCALE,0,0,1,739,"ffn_moe_inp-15","node_2630",""
56,70,ARGSORT,0,19,1,861,"ffn_moe_argsort-15","ffn_moe_probs-15",""
56,102,ADD,0,1,1,2180,"ffn_moe_out-15","node_2666","ffn_moe_weighted-15 (view)"
56,106,MUL_MAT,0,24,11,2301,"ffn_shexp-15","blk.15.ffn_down_shexp.weight","ffn_swiglu-15"
56,109,MUL,0,2,0,2309,"ffn_shexp_gated-15","ffn_shexp-15","shared_expert_gate_sigmoid-15"
56,110,ADD,0,1,1,2312,"ffn_out-15","ffn_moe_out-15","ffn_shexp_gated-15"
56,113,MUL_MAT,0,6,1,2322,"hc_inject-15","blk.15.hc_ffn_inject.weight","hc_norm-15"
56,119,ADD,0,1,1,2342,"l_last-15","hc_combine-15","node_2683"
56,122,MUL,0,6,0,2351,"hc_norm-16"," (reshaped)","blk.16.hc_attn_norm.weight"
56,127,UNARY,0,30,1,2535,"hc_gate-16","node_2691",""
56,138,SCALE,0,0,2,2552,"hc_mixed-16","node_2702",""
56,184,RMS_NORM,0,1,1,3633,"norm-16","attn_output-16",""
57,5,MUL_MAT,0,261,152,727,"linear_attn_out-16","blk.16.ssm_out.weight","final_output-16"
57,9,MUL_MAT,0,8,0,739,"hc_inject-16","blk.16.hc_attn_inject.weight","hc_norm-16"
57,15,ADD,0,1,2,752,"hc_combine-16","l_last-15","node_2765"
57,18,MUL,0,7,0,761,"hc_norm-16"," (reshaped)","blk.16.hc_ffn_norm.weight"
57,23,UNARY,0,31,0,941,"hc_gate-16","node_2773",""
57,34,SCALE,0,0,2,960,"ffn_moe_inp-16","node_2784",""
57,38,ARGSORT,0,31,0,1092,"ffn_moe_argsort-16","ffn_moe_probs-16",""
57,70,ADD,0,1,1,1870,"ffn_moe_out-16","node_2820","ffn_moe_weighted-16 (view)"
57,74,MUL_MAT,0,37,2,2005,"ffn_shexp-16","blk.16.ffn_down_shexp.weight","ffn_swiglu-16"
57,77,MUL,0,3,1,2016,"ffn_shexp_gated-16","ffn_shexp-16","shared_expert_gate_sigmoid-16"
57,78,ADD,0,1,1,2018,"ffn_out-16","ffn_moe_out-16","ffn_shexp_gated-16"
57,81,MUL_MAT,0,11,5,2038,"hc_inject-16","blk.16.hc_ffn_inject.weight","hc_norm-16"
57,87,ADD,0,2,1,2052,"l_last-16","hc_combine-16","node_2837"
57,90,MUL,0,9,0,2065,"hc_norm-17"," (reshaped)","blk.17.hc_attn_norm.weight"
57,95,UNARY,0,34,0,2260,"hc_gate-17","node_2845",""
57,106,SCALE,0,1,1,2279,"hc_mixed-17","node_2856",""
57,152,RMS_NORM,0,1,0,3703,"norm-17","attn_output-17",""
58,5,MUL_MAT,0,314,8,633,"linear_attn_out-17","blk.17.ssm_out.weight","final_output-17"
58,9,MUL_MAT,0,23,1,662,"hc_inject-17","blk.17.hc_attn_inject.weight","hc_norm-17"
58,15,ADD,0,2,11,686,"hc_combine-17","l_last-16","node_2919"
58,18,MUL,0,8,0,699,"hc_norm-17"," (reshaped)","blk.17.hc_ffn_norm.weight"
58,23,UNARY,0,35,0,894,"hc_gate-17","node_2927",""
58,34,SCALE,0,1,1,917,"ffn_moe_inp-17","node_2938",""
58,38,ARGSORT,0,22,1,1047,"ffn_moe_argsort-17","ffn_moe_probs-17",""
58,70,ADD,0,1,1,1732,"ffn_moe_out-17","node_2974","ffn_moe_weighted-17 (view)"
58,74,MUL_MAT,0,36,5,1858,"ffn_shexp-17","blk.17.ffn_down_shexp.weight","ffn_swiglu-17"
58,77,MUL,0,3,7,1883,"ffn_shexp_gated-17","ffn_shexp-17","shared_expert_gate_sigmoid-17"
58,78,ADD,0,1,1,1886,"ffn_out-17","ffn_moe_out-17","ffn_shexp_gated-17"
58,81,MUL_MAT,0,7,2,1899,"hc_inject-17","blk.17.hc_ffn_inject.weight","hc_norm-17"
58,87,ADD,0,2,1,1912,"l_last-17","hc_combine-17","node_2991"
58,90,MUL,0,8,0,1925,"hc_norm-18"," (reshaped)","blk.18.hc_attn_norm.weight"
58,95,UNARY,0,34,1,2112,"hc_gate-18","node_2999",""
58,106,SCALE,0,0,3,2133,"hc_mixed-18","node_3010",""
58,152,RMS_NORM,0,1,1,3588,"norm-18","attn_output-18",""
59,5,MUL_MAT,0,176,152,645,"linear_attn_out-18","blk.18.ssm_out.weight","final_output-18"
59,9,MUL_MAT,0,16,2,666,"hc_inject-18","blk.18.hc_attn_inject.weight","hc_norm-18"
59,15,ADD,0,1,2,680,"hc_combine-18","l_last-17","node_3073"
59,18,MUL,0,6,0,691,"hc_norm-18"," (reshaped)","blk.18.hc_ffn_norm.weight"
59,23,UNARY,0,20,1,864,"hc_gate-18","node_3081",""
59,34,SCALE,0,0,1,884,"ffn_moe_inp-18","node_3092",""
59,38,ARGSORT,0,19,0,1008,"ffn_moe_argsort-18","ffn_moe_probs-18",""
59,70,ADD,0,1,1,2379,"ffn_moe_out-18","node_3128","ffn_moe_weighted-18 (view)"
59,74,MUL_MAT,0,20,20,2498,"ffn_shexp-18","blk.18.ffn_down_shexp.weight","ffn_swiglu-18"
59,77,MUL,0,1,1,2507,"ffn_shexp_gated-18","ffn_shexp-18","shared_expert_gate_sigmoid-18"
59,78,ADD,0,1,1,2509,"ffn_out-18","ffn_moe_out-18","ffn_shexp_gated-18"
59,81,MUL_MAT,0,6,4,2521,"hc_inject-18","blk.18.hc_ffn_inject.weight","hc_norm-18"
59,87,ADD,0,1,1,2634,"l_last-18","hc_combine-18","node_3145"
59,90,MUL,0,7,0,2645,"hc_norm-19"," (reshaped)","blk.19.hc_attn_norm.weight"
59,95,UNARY,0,20,5,2928,"hc_gate-19","node_3153",""
59,106,SCALE,0,0,2,2954,"hc_mixed-19","node_3164",""
59,151,RMS_NORM,0,5,0,3754,"norm-19","indexer_k_pooled-19 (reshaped)",""
60,38,MUL_MAT,0,170,149,554,"attn_output-19","blk.19.attn_output.weight","attn_gated-19"
60,41,MUL_MAT,0,5,6,568,"hc_inject-19","blk.19.hc_attn_inject.weight","hc_norm-19"
60,47,ADD,0,2,1,581,"hc_combine-19","l_last-18","node_3260"
60,50,MUL,0,5,0,589,"hc_norm-19"," (reshaped)","blk.19.hc_ffn_norm.weight"
60,55,UNARY,0,28,0,764,"hc_gate-19","node_3268",""
60,66,SCALE,0,0,2,780,"ffn_moe_inp-19","node_3279",""
60,70,ARGSORT,0,18,1,901,"ffn_moe_argsort-19","ffn_moe_probs-19",""
60,102,ADD,0,1,0,1537,"ffn_moe_out-19","node_3315","ffn_moe_weighted-19 (view)"
60,106,MUL_MAT,0,24,22,1653,"ffn_shexp-19","blk.19.ffn_down_shexp.weight","ffn_swiglu-19"
60,109,MUL,0,1,1,1661,"ffn_shexp_gated-19","ffn_shexp-19","shared_expert_gate_sigmoid-19"
60,110,ADD,0,1,0,1662,"ffn_out-19","ffn_moe_out-19","ffn_shexp_gated-19"
60,113,MUL_MAT,0,5,8,1678,"hc_inject-19","blk.19.hc_ffn_inject.weight","hc_norm-19"
60,119,ADD,0,1,1,1691,"l_last-19","hc_combine-19","node_3332"
60,122,MUL,0,6,0,1701,"hc_norm-20"," (reshaped)","blk.20.hc_attn_norm.weight"
60,127,UNARY,0,21,0,1872,"hc_gate-20","node_3340",""
60,138,SCALE,0,0,1,1887,"hc_mixed-20","node_3351",""
60,184,RMS_NORM,0,0,9,2956,"norm-20","attn_output-20",""
61,5,MUL_MAT,0,167,168,658,"linear_attn_out-20","blk.20.ssm_out.weight","final_output-20"
61,9,MUL_MAT,0,7,6,674,"hc_inject-20","blk.20.hc_attn_inject.weight","hc_norm-20"
61,15,ADD,0,2,1,689,"hc_combine-20","l_last-19","node_3414"
61,18,MUL,0,5,1,698,"hc_norm-20"," (reshaped)","blk.20.hc_ffn_norm.weight"
61,23,UNARY,0,21,0,875,"hc_gate-20","node_3422",""
61,34,SCALE,0,0,1,889,"ffn_moe_inp-20","node_3433",""
61,38,ARGSORT,0,19,1,1017,"ffn_moe_argsort-20","ffn_moe_probs-20",""
61,70,ADD,0,1,0,1693,"ffn_moe_out-20","node_3469","ffn_moe_weighted-20 (view)"
61,74,MUL_MAT,0,21,17,1813,"ffn_shexp-20","blk.20.ffn_down_shexp.weight","ffn_swiglu-20"
61,77,MUL,0,2,0,1822,"ffn_shexp_gated-20","ffn_shexp-20","shared_expert_gate_sigmoid-20"
61,78,ADD,0,1,0,1823,"ffn_out-20","ffn_moe_out-20","ffn_shexp_gated-20"
61,81,MUL_MAT,0,6,6,1838,"hc_inject-20","blk.20.hc_ffn_inject.weight","hc_norm-20"
61,87,ADD,0,1,6,1856,"l_last-20","hc_combine-20","node_3486"
61,90,MUL,0,6,0,1865,"hc_norm-21"," (reshaped)","blk.21.hc_attn_norm.weight"
61,95,UNARY,0,21,0,2040,"hc_gate-21","node_3494",""
61,106,SCALE,0,0,1,2057,"hc_mixed-21","node_3505",""
61,152,RMS_NORM,0,0,2,3108,"norm-21","attn_output-21",""
62,5,MUL_MAT,0,220,134,694,"linear_attn_out-21","blk.21.ssm_out.weight","final_output-21"
62,9,MUL_MAT,0,8,5,718,"hc_inject-21","blk.21.hc_attn_inject.weight","hc_norm-21"
62,15,ADD,0,2,1,731,"hc_combine-21","l_last-20","node_3568"
62,18,MUL,0,6,1,742,"hc_norm-21"," (reshaped)","blk.21.hc_ffn_norm.weight"
62,23,UNARY,0,31,1,948,"hc_gate-21","node_3576",""
62,34,SCALE,0,0,1,965,"ffn_moe_inp-21","node_3587",""
62,38,ARGSORT,0,20,1,1113,"ffn_moe_argsort-21","ffn_moe_probs-21",""
62,70,ADD,0,1,1,1827,"ffn_moe_out-21","node_3623","ffn_moe_weighted-21 (view)"
62,74,MUL_MAT,0,29,10,1952,"ffn_shexp-21","blk.21.ffn_down_shexp.weight","ffn_swiglu-21"
62,77,MUL,0,2,0,1960,"ffn_shexp_gated-21","ffn_shexp-21","shared_expert_gate_sigmoid-21"
62,78,ADD,0,1,1,1962,"ffn_out-21","ffn_moe_out-21","ffn_shexp_gated-21"
62,81,MUL_MAT,0,7,5,1977,"hc_inject-21","blk.21.hc_ffn_inject.weight","hc_norm-21"
62,87,ADD,0,2,1,1990,"l_last-21","hc_combine-21","node_3640"
62,90,MUL,0,6,1,2001,"hc_norm-22"," (reshaped)","blk.22.hc_attn_norm.weight"
62,95,UNARY,0,31,0,2191,"hc_gate-22","node_3648",""
62,106,SCALE,0,0,2,2209,"hc_mixed-22","node_3659",""
62,152,RMS_NORM,0,0,2,3281,"norm-22","attn_output-22",""
63,5,MUL_MAT,0,260,69,642,"linear_attn_out-22","blk.22.ssm_out.weight","final_output-22"
63,9,MUL_MAT,0,6,6,658,"hc_inject-22","blk.22.hc_attn_inject.weight","hc_norm-22"
63,15,ADD,0,1,7,676,"hc_combine-22","l_last-21","node_3722"
63,18,MUL,0,7,0,686,"hc_norm-22"," (reshaped)","blk.22.hc_ffn_norm.weight"
63,23,UNARY,0,31,0,865,"hc_gate-22","node_3730",""
63,34,SCALE,0,0,11,892,"ffn_moe_inp-22","node_3741",""
63,38,ARGSORT,0,31,1,1023,"ffn_moe_argsort-22","ffn_moe_probs-22",""
63,70,ADD,0,1,0,1727,"ffn_moe_out-22","node_3777","ffn_moe_weighted-22 (view)"
63,74,MUL_MAT,0,31,10,1857,"ffn_shexp-22","blk.22.ffn_down_shexp.weight","ffn_swiglu-22"
63,77,MUL,0,2,0,1866,"ffn_shexp_gated-22","ffn_shexp-22","shared_expert_gate_sigmoid-22"
63,78,ADD,0,1,1,1868,"ffn_out-22","ffn_moe_out-22","ffn_shexp_gated-22"
63,81,MUL_MAT,0,7,6,1884,"hc_inject-22","blk.22.hc_ffn_inject.weight","hc_norm-22"
63,87,ADD,0,1,2,1903,"l_last-22","hc_combine-22","node_3794"
63,90,MUL,0,6,0,1913,"hc_norm-23"," (reshaped)","blk.23.hc_attn_norm.weight"
63,95,UNARY,0,31,0,2145,"hc_gate-23","node_3802",""
63,106,SCALE,0,0,2,2162,"hc_mixed-23","node_3813",""
63,151,RMS_NORM,0,4,1,2961,"norm-23","indexer_k_pooled-23 (reshaped)",""
64,38,MUL_MAT,0,304,10,562,"attn_output-23","blk.23.attn_output.weight","attn_gated-23"
64,41,MUL_MAT,0,13,0,582,"hc_inject-23","blk.23.hc_attn_inject.weight","hc_norm-23"
64,47,ADD,0,1,1,595,"hc_combine-23","l_last-22","node_3909"
64,50,MUL,0,9,0,608,"hc_norm-23"," (reshaped)","blk.23.hc_ffn_norm.weight"
64,55,UNARY,0,34,0,795,"hc_gate-23","node_3917",""
64,66,SCALE,0,0,2,817,"ffn_moe_inp-23","node_3928",""
64,70,ARGSORT,0,22,0,943,"ffn_moe_argsort-23","ffn_moe_probs-23",""
64,102,ADD,0,1,0,2135,"ffn_moe_out-23","node_3964","ffn_moe_weighted-23 (view)"
64,106,MUL_MAT,0,32,3,2257,"ffn_shexp-23","blk.23.ffn_down_shexp.weight","ffn_swiglu-23"
64,109,MUL,0,3,5,2274,"ffn_shexp_gated-23","ffn_shexp-23","shared_expert_gate_sigmoid-23"
64,110,ADD,0,1,1,2276,"ffn_out-23","ffn_moe_out-23","ffn_shexp_gated-23"
64,113,MUL_MAT,0,9,9,2298,"hc_inject-23","blk.23.hc_ffn_inject.weight","hc_norm-23"
64,119,ADD,0,2,1,2312,"l_last-23","hc_combine-23","node_3981"
64,122,MUL,0,8,1,2325,"hc_norm-24"," (reshaped)","blk.24.hc_attn_norm.weight"
64,127,UNARY,0,33,8,2519,"hc_gate-24","node_3989",""
64,138,SCALE,0,0,1,2536,"hc_mixed-24","node_4000",""
64,184,RMS_NORM,0,0,1,3959,"norm-24","attn_output-24",""
65,5,MUL_MAT,0,290,28,626,"linear_attn_out-24","blk.24.ssm_out.weight","final_output-24"
65,9,MUL_MAT,0,10,2,643,"hc_inject-24","blk.24.hc_attn_inject.weight","hc_norm-24"
65,15,ADD,0,2,11,680,"hc_combine-24","l_last-23","node_4063"
65,18,MUL,0,8,0,693,"hc_norm-24"," (reshaped)","blk.24.hc_ffn_norm.weight"
65,23,UNARY,0,34,0,874,"hc_gate-24","node_4071",""
65,34,SCALE,0,0,1,892,"ffn_moe_inp-24","node_4082",""
65,38,ARGSORT,0,22,1,1027,"ffn_moe_argsort-24","ffn_moe_probs-24",""
65,70,ADD,0,1,1,1696,"ffn_moe_out-24","node_4118","ffn_moe_weighted-24 (view)"
65,74,MUL_MAT,0,33,6,1816,"ffn_shexp-24","blk.24.ffn_down_shexp.weight","ffn_swiglu-24"
65,77,MUL,0,3,1,1827,"ffn_shexp_gated-24","ffn_shexp-24","shared_expert_gate_sigmoid-24"
65,78,ADD,0,1,0,1829,"ffn_out-24","ffn_moe_out-24","ffn_shexp_gated-24"
65,81,MUL_MAT,0,12,0,1845,"hc_inject-24","blk.24.hc_ffn_inject.weight","hc_norm-24"
65,87,ADD,0,2,0,1861,"l_last-24","hc_combine-24","node_4135"
65,90,MUL,0,9,0,1874,"hc_norm-25"," (reshaped)","blk.25.hc_attn_norm.weight"
65,95,UNARY,0,34,1,2065,"hc_gate-25","node_4143",""
65,106,SCALE,0,0,2,2091,"hc_mixed-25","node_4154",""
65,152,RMS_NORM,0,0,2,3497,"norm-25","attn_output-25",""
66,5,MUL_MAT,0,286,32,630,"linear_attn_out-25","blk.25.ssm_out.weight","final_output-25"
66,9,MUL_MAT,0,18,10,662,"hc_inject-25","blk.25.hc_attn_inject.weight","hc_norm-25"
66,15,ADD,0,2,0,675,"hc_combine-25","l_last-24","node_4217"
66,18,MUL,0,9,0,688,"hc_norm-25"," (reshaped)","blk.25.hc_ffn_norm.weight"
66,23,UNARY,0,34,1,881,"hc_gate-25","node_4225",""
66,34,SCALE,0,1,1,898,"ffn_moe_inp-25","node_4236",""
66,38,ARGSORT,0,23,0,1030,"ffn_moe_argsort-25","ffn_moe_probs-25",""
66,70,ADD,0,1,0,2001,"ffn_moe_out-25","node_4272","ffn_moe_weighted-25 (view)"
66,74,MUL_MAT,0,33,5,2117,"ffn_shexp-25","blk.25.ffn_down_shexp.weight","ffn_swiglu-25"
66,77,MUL,0,3,0,2126,"ffn_shexp_gated-25","ffn_shexp-25","shared_expert_gate_sigmoid-25"
66,78,ADD,0,2,0,2128,"ffn_out-25","ffn_moe_out-25","ffn_shexp_gated-25"
66,81,MUL_MAT,0,12,0,2144,"hc_inject-25","blk.25.hc_ffn_inject.weight","hc_norm-25"
66,87,ADD,0,1,1,2157,"l_last-25","hc_combine-25","node_4289"
66,90,MUL,0,8,1,2171,"hc_norm-26"," (reshaped)","blk.26.hc_attn_norm.weight"
66,95,UNARY,0,34,1,2485,"hc_gate-26","node_4297",""
66,106,SCALE,0,0,1,2503,"hc_mixed-26","node_4308",""
66,152,RMS_NORM,0,1,2,3993,"norm-26","attn_output-26",""
67,5,MUL_MAT,0,290,34,638,"linear_attn_out-26","blk.26.ssm_out.weight","final_output-26"
67,9,MUL_MAT,0,8,1,652,"hc_inject-26","blk.26.hc_attn_inject.weight","hc_norm-26"
67,15,ADD,0,2,1,666,"hc_combine-26","l_last-25","node_4371"
67,18,MUL,0,8,1,679,"hc_norm-26"," (reshaped)","blk.26.hc_ffn_norm.weight"
67,23,UNARY,0,53,0,894,"hc_gate-26","node_4379",""
67,34,SCALE,0,0,1,920,"ffn_moe_inp-26","node_4390",""
67,38,ARGSORT,0,23,0,1047,"ffn_moe_argsort-26","ffn_moe_probs-26",""
67,70,ADD,0,1,1,1734,"ffn_moe_out-26","node_4426","ffn_moe_weighted-26 (view)"
67,74,MUL_MAT,0,34,13,1867,"ffn_shexp-26","blk.26.ffn_down_shexp.weight","ffn_swiglu-26"
67,77,MUL,0,3,0,1876,"ffn_shexp_gated-26","ffn_shexp-26","shared_expert_gate_sigmoid-26"
67,78,ADD,0,1,0,1878,"ffn_out-26","ffn_moe_out-26","ffn_shexp_gated-26"
67,81,MUL_MAT,0,9,5,1896,"hc_inject-26","blk.26.hc_ffn_inject.weight","hc_norm-26"
67,87,ADD,0,2,8,1917,"l_last-26","hc_combine-26","node_4443"
67,90,MUL,0,8,1,1931,"hc_norm-27"," (reshaped)","blk.27.hc_attn_norm.weight"
67,95,UNARY,0,34,1,2135,"hc_gate-27","node_4451",""
67,106,SCALE,0,1,1,2152,"hc_mixed-27","node_4462",""
67,151,RMS_NORM,0,8,1,2934,"norm-27","indexer_k_pooled-27 (reshaped)",""
68,38,MUL_MAT,0,318,10,555,"attn_output-27","blk.27.attn_output.weight","attn_gated-27"
68,41,MUL_MAT,0,13,1,578,"hc_inject-27","blk.27.hc_attn_inject.weight","hc_norm-27"
68,47,ADD,0,1,14,604,"hc_combine-27","l_last-26","node_4558"
68,50,MUL,0,11,0,618,"hc_norm-27"," (reshaped)","blk.27.hc_ffn_norm.weight"
68,55,UNARY,0,33,1,817,"hc_gate-27","node_4566",""
68,66,SCALE,0,1,1,835,"ffn_moe_inp-27","node_4577",""
68,70,ARGSORT,0,21,0,970,"ffn_moe_argsort-27","ffn_moe_probs-27",""
68,102,ADD,0,1,1,1771,"ffn_moe_out-27","node_4613","ffn_moe_weighted-27 (view)"
68,106,MUL_MAT,0,33,2,1882,"ffn_shexp-27","blk.27.ffn_down_shexp.weight","ffn_swiglu-27"
68,109,MUL,0,3,0,1987,"ffn_shexp_gated-27","ffn_shexp-27","shared_expert_gate_sigmoid-27"
68,110,ADD,0,1,1,1990,"ffn_out-27","ffn_moe_out-27","ffn_shexp_gated-27"
68,113,MUL_MAT,0,8,3,2004,"hc_inject-27","blk.27.hc_ffn_inject.weight","hc_norm-27"
68,119,ADD,0,2,1,2023,"l_last-27","hc_combine-27","node_4630"
68,122,MUL,0,8,0,2036,"hc_norm-28"," (reshaped)","blk.28.hc_attn_norm.weight"
68,127,UNARY,0,33,1,2215,"hc_gate-28","node_4638",""
68,138,SCALE,0,0,1,2238,"hc_mixed-28","node_4649",""
68,184,RMS_NORM,0,0,2,3508,"norm-28","attn_output-28",""
69,5,MUL_MAT,0,302,17,627,"linear_attn_out-28","blk.28.ssm_out.weight","final_output-28"
69,9,MUL_MAT,0,10,2,644,"hc_inject-28","blk.28.hc_attn_inject.weight","hc_norm-28"
69,15,ADD,0,1,1,659,"hc_combine-28","l_last-27","node_4712"
69,18,MUL,0,9,1,673,"hc_norm-28"," (reshaped)","blk.28.hc_ffn_norm.weight"
69,23,UNARY,0,35,0,862,"hc_gate-28","node_4720",""
69,34,SCALE,0,0,2,889,"ffn_moe_inp-28","node_4731",""
69,38,ARGSORT,0,22,0,1071,"ffn_moe_argsort-28","ffn_moe_probs-28",""
69,70,ADD,0,1,0,2272,"ffn_moe_out-28","node_4767","ffn_moe_weighted-28 (view)"
69,74,MUL_MAT,0,36,2,2399,"ffn_shexp-28","blk.28.ffn_down_shexp.weight","ffn_swiglu-28"
69,77,MUL,0,3,1,2417,"ffn_shexp_gated-28","ffn_shexp-28","shared_expert_gate_sigmoid-28"
69,78,ADD,0,1,1,2419,"ffn_out-28","ffn_moe_out-28","ffn_shexp_gated-28"
69,81,MUL_MAT,0,11,2,2436,"hc_inject-28","blk.28.hc_ffn_inject.weight","hc_norm-28"
69,87,ADD,0,2,1,2450,"l_last-28","hc_combine-28","node_4784"
69,90,MUL,0,16,0,2470,"hc_norm-29"," (reshaped)","blk.29.hc_attn_norm.weight"
69,95,UNARY,0,34,1,2727,"hc_gate-29","node_4792",""
69,106,SCALE,0,0,2,2766,"hc_mixed-29","node_4803",""
69,152,RMS_NORM,0,0,2,4183,"norm-29","attn_output-29",""
70,5,MUL_MAT,0,271,48,631,"linear_attn_out-29","blk.29.ssm_out.weight","final_output-29"
70,9,MUL_MAT,0,6,6,655,"hc_inject-29","blk.29.hc_attn_inject.weight","hc_norm-29"
70,15,ADD,0,2,1,671,"hc_combine-29","l_last-28","node_4866"
70,18,MUL,0,6,0,681,"hc_norm-29"," (reshaped)","blk.29.hc_ffn_norm.weight"
70,23,UNARY,0,52,1,997,"hc_gate-29","node_4874",""
70,34,SCALE,0,0,1,1030,"ffn_moe_inp-29","node_4885",""
70,38,ARGSORT,0,23,1,1172,"ffn_moe_argsort-29","ffn_moe_probs-29",""
70,70,ADD,0,1,5,1888,"ffn_moe_out-29","node_4921","ffn_moe_weighted-29 (view)"
70,74,MUL_MAT,0,39,1,2031,"ffn_shexp-29","blk.29.ffn_down_shexp.weight","ffn_swiglu-29"
70,77,MUL,0,3,1,2042,"ffn_shexp_gated-29","ffn_shexp-29","shared_expert_gate_sigmoid-29"
70,78,ADD,0,1,1,2044,"ffn_out-29","ffn_moe_out-29","ffn_shexp_gated-29"
70,81,MUL_MAT,0,11,0,2059,"hc_inject-29","blk.29.hc_ffn_inject.weight","hc_norm-29"
70,87,ADD,0,2,8,2081,"l_last-29","hc_combine-29","node_4938"
70,90,MUL,0,10,0,2096,"hc_norm-30"," (reshaped)","blk.30.hc_attn_norm.weight"
70,95,UNARY,0,35,0,2311,"hc_gate-30","node_4946",""
70,106,SCALE,0,0,2,2330,"hc_mixed-30","node_4957",""
70,152,RMS_NORM,0,1,2,3496,"norm-30","attn_output-30",""
71,5,MUL_MAT,0,184,156,669,"linear_attn_out-30","blk.30.ssm_out.weight","final_output-30"
71,9,MUL_MAT,0,7,4,685,"hc_inject-30","blk.30.hc_attn_inject.weight","hc_norm-30"
71,15,ADD,0,2,1,705,"hc_combine-30","l_last-29","node_5020"
71,18,MUL,0,18,1,727,"hc_norm-30"," (reshaped)","blk.30.hc_ffn_norm.weight"
71,23,UNARY,0,22,0,913,"hc_gate-30","node_5028",""
71,34,SCALE,0,0,1,927,"ffn_moe_inp-30","node_5039",""
71,38,ARGSORT,0,19,0,1060,"ffn_moe_argsort-30","ffn_moe_probs-30",""
71,70,ADD,0,1,0,1864,"ffn_moe_out-30","node_5075","ffn_moe_weighted-30 (view)"
71,74,MUL_MAT,0,21,19,1980,"ffn_shexp-30","blk.30.ffn_down_shexp.weight","ffn_swiglu-30"
71,77,MUL,0,1,1,1988,"ffn_shexp_gated-30","ffn_shexp-30","shared_expert_gate_sigmoid-30"
71,78,ADD,0,1,1,1990,"ffn_out-30","ffn_moe_out-30","ffn_shexp_gated-30"
71,81,MUL_MAT,0,5,8,2005,"hc_inject-30","blk.30.hc_ffn_inject.weight","hc_norm-30"
71,87,ADD,0,2,1,2025,"l_last-30","hc_combine-30","node_5092"
71,90,MUL,0,5,0,2042,"hc_norm-31"," (reshaped)","blk.31.hc_attn_norm.weight"
71,95,UNARY,0,21,0,2220,"hc_gate-31","node_5100",""
71,106,SCALE,0,0,1,2236,"hc_mixed-31","node_5111",""
71,151,RMS_NORM,0,4,0,2977,"norm-31","indexer_k_pooled-31 (reshaped)",""
72,38,MUL_MAT,0,214,123,559,"attn_output-31","blk.31.attn_output.weight","attn_gated-31"
72,41,MUL_MAT,0,6,7,575,"hc_inject-31","blk.31.hc_attn_inject.weight","hc_norm-31"
72,47,ADD,0,1,2,589,"hc_combine-31","l_last-30","node_5207"
72,50,MUL,0,7,0,599,"hc_norm-31"," (reshaped)","blk.31.hc_ffn_norm.weight"
72,55,UNARY,0,21,0,779,"hc_gate-31","node_5215",""
72,66,SCALE,0,0,2,794,"ffn_moe_inp-31","node_5226",""
72,70,ARGSORT,0,18,0,917,"ffn_moe_argsort-31","ffn_moe_probs-31",""
72,102,ADD,0,0,2,1597,"ffn_moe_out-31","node_5262","ffn_moe_weighted-31 (view)"
72,106,MUL_MAT,0,17,34,1727,"ffn_shexp-31","blk.31.ffn_down_shexp.weight","ffn_swiglu-31"
72,109,MUL,0,2,0,1736,"ffn_shexp_gated-31","ffn_shexp-31","shared_expert_gate_sigmoid-31"
72,110,ADD,0,1,0,1737,"ffn_out-31","ffn_moe_out-31","ffn_shexp_gated-31"
72,113,MUL_MAT,0,6,7,1752,"hc_inject-31","blk.31.hc_ffn_inject.weight","hc_norm-31"
72,119,ADD,0,2,1,1765,"l_last-31","hc_combine-31","node_5279"
72,122,MUL,0,6,0,1775,"hc_norm-32"," (reshaped)","blk.32.hc_attn_norm.weight"
72,127,UNARY,0,21,0,1953,"hc_gate-32","node_5287",""
72,138,SCALE,0,0,12,1978,"hc_mixed-32","node_5298",""
72,184,RMS_NORM,0,1,2,2949,"norm-32","attn_output-32",""
73,5,MUL_MAT,0,177,144,625,"linear_attn_out-32","blk.32.ssm_out.weight","final_output-32"
73,9,MUL_MAT,0,5,7,640,"hc_inject-32","blk.32.hc_attn_inject.weight","hc_norm-32"
73,15,ADD,0,1,1,653,"hc_combine-32","l_last-31","node_5361"
73,18,MUL,0,6,0,663,"hc_norm-32"," (reshaped)","blk.32.hc_ffn_norm.weight"
73,23,UNARY,0,21,1,846,"hc_gate-32","node_5369",""
73,34,SCALE,0,0,1,874,"ffn_moe_inp-32","node_5380",""
73,38,ARGSORT,0,17,1,998,"ffn_moe_argsort-32","ffn_moe_probs-32",""
73,70,ADD,0,1,1,2158,"ffn_moe_out-32","node_5416","ffn_moe_weighted-32 (view)"
73,74,MUL_MAT,0,18,27,2300,"ffn_shexp-32","blk.32.ffn_down_shexp.weight","ffn_swiglu-32"
73,77,MUL,0,2,0,2323,"ffn_shexp_gated-32","ffn_shexp-32","shared_expert_gate_sigmoid-32"
73,78,ADD,0,1,1,2325,"ffn_out-32","ffn_moe_out-32","ffn_shexp_gated-32"
73,81,MUL_MAT,0,5,7,2340,"hc_inject-32","blk.32.hc_ffn_inject.weight","hc_norm-32"
73,87,ADD,0,2,1,2354,"l_last-32","hc_combine-32","node_5433"
73,90,MUL,0,6,0,2364,"hc_norm-33"," (reshaped)","blk.33.hc_attn_norm.weight"
73,95,UNARY,0,32,0,2578,"hc_gate-33","node_5441",""
73,106,SCALE,0,0,2,2596,"hc_mixed-33","node_5452",""
73,152,RMS_NORM,0,0,10,3822,"norm-33","attn_output-33",""
74,5,MUL_MAT,0,217,122,844,"linear_attn_out-33","blk.33.ssm_out.weight","final_output-33"
74,9,MUL_MAT,0,7,13,869,"hc_inject-33","blk.33.hc_attn_inject.weight","hc_norm-33"
74,15,ADD,0,2,1,883,"hc_combine-33","l_last-32","node_5515"
74,18,MUL,0,6,0,893,"hc_norm-33"," (reshaped)","blk.33.hc_ffn_norm.weight"
74,23,UNARY,0,21,0,1086,"hc_gate-33","node_5523",""
74,34,SCALE,0,0,5,1103,"ffn_moe_inp-33","node_5534",""
74,38,ARGSORT,0,19,0,1243,"ffn_moe_argsort-33","ffn_moe_probs-33",""
74,70,ADD,0,1,1,1917,"ffn_moe_out-33","node_5570","ffn_moe_weighted-33 (view)"
74,74,MUL_MAT,0,22,23,2043,"ffn_shexp-33","blk.33.ffn_down_shexp.weight","ffn_swiglu-33"
74,77,MUL,0,1,1,2051,"ffn_shexp_gated-33","ffn_shexp-33","shared_expert_gate_sigmoid-33"
74,78,ADD,0,1,1,2053,"ffn_out-33","ffn_moe_out-33","ffn_shexp_gated-33"
74,81,MUL_MAT,0,6,3,2064,"hc_inject-33","blk.33.hc_ffn_inject.weight","hc_norm-33"
74,87,ADD,0,1,1,2080,"l_last-33","hc_combine-33","node_5587"
74,90,MUL,0,4,1,2089,"hc_norm-34"," (reshaped)","blk.34.hc_attn_norm.weight"
74,95,UNARY,0,21,14,2284,"hc_gate-34","node_5595",""
74,106,SCALE,0,0,3,2298,"hc_mixed-34","node_5606",""
74,152,RMS_NORM,0,0,11,3526,"norm-34","attn_output-34",""
75,5,MUL_MAT,0,235,97,648,"linear_attn_out-34","blk.34.ssm_out.weight","final_output-34"
75,9,MUL_MAT,0,8,3,672,"hc_inject-34","blk.34.hc_attn_inject.weight","hc_norm-34"
75,15,ADD,0,2,1,686,"hc_combine-34","l_last-33","node_5669"
75,18,MUL,0,6,0,695,"hc_norm-34"," (reshaped)","blk.34.hc_ffn_norm.weight"
75,23,UNARY,0,21,0,869,"hc_gate-34","node_5677",""
75,34,SCALE,0,0,2,884,"ffn_moe_inp-34","node_5688",""
75,38,ARGSORT,0,18,0,1015,"ffn_moe_argsort-34","ffn_moe_probs-34",""
75,70,ADD,0,1,1,2280,"ffn_moe_out-34","node_5724","ffn_moe_weighted-34 (view)"
75,74,MUL_MAT,0,17,19,2396,"ffn_shexp-34","blk.34.ffn_down_shexp.weight","ffn_swiglu-34"
75,77,MUL,0,2,0,2404,"ffn_shexp_gated-34","ffn_shexp-34","shared_expert_gate_sigmoid-34"
75,78,ADD,0,1,6,2411,"ffn_out-34","ffn_moe_out-34","ffn_shexp_gated-34"
75,81,MUL_MAT,0,5,3,2422,"hc_inject-34","blk.34.hc_ffn_inject.weight","hc_norm-34"
75,87,ADD,0,1,2,2436,"l_last-34","hc_combine-34","node_5741"
75,90,MUL,0,6,0,2445,"hc_norm-35"," (reshaped)","blk.35.hc_attn_norm.weight"
75,95,UNARY,0,21,0,2625,"hc_gate-35","node_5749",""
75,106,SCALE,0,0,1,2645,"hc_mixed-35","node_5760",""
75,151,RMS_NORM,0,3,1,3421,"norm-35","indexer_k_pooled-35 (reshaped)",""
76,38,MUL_MAT,0,189,155,604,"attn_output-35","blk.35.attn_output.weight","attn_gated-35"
76,41,MUL_MAT,0,9,1,616,"hc_inject-35","blk.35.hc_attn_inject.weight","hc_norm-35"
76,47,ADD,0,2,1,631,"hc_combine-35","l_last-34","node_5856"
76,50,MUL,0,7,1,643,"hc_norm-35"," (reshaped)","blk.35.hc_ffn_norm.weight"
76,55,UNARY,0,32,0,835,"hc_gate-35","node_5864",""
76,66,SCALE,0,0,2,853,"ffn_moe_inp-35","node_5875",""
76,70,ARGSORT,0,18,0,977,"ffn_moe_argsort-35","ffn_moe_probs-35",""
76,102,ADD,0,1,1,1771,"ffn_moe_out-35","node_5911","ffn_moe_weighted-35 (view)"
76,106,MUL_MAT,0,19,18,1881,"ffn_shexp-35","blk.35.ffn_down_shexp.weight","ffn_swiglu-35"
76,109,MUL,0,2,0,1893,"ffn_shexp_gated-35","ffn_shexp-35","shared_expert_gate_sigmoid-35"
76,110,ADD,0,1,1,1895,"ffn_out-35","ffn_moe_out-35","ffn_shexp_gated-35"
76,113,MUL_MAT,0,5,3,1906,"hc_inject-35","blk.35.hc_ffn_inject.weight","hc_norm-35"
76,119,ADD,0,1,1,1920,"l_last-35","hc_combine-35","node_5928"
76,122,MUL,0,6,4,1933,"hc_norm-36"," (reshaped)","blk.36.hc_attn_norm.weight"
76,127,UNARY,0,21,0,2100,"hc_gate-36","node_5936",""
76,138,SCALE,0,0,2,2122,"hc_mixed-36","node_5947",""
76,184,RMS_NORM,0,0,2,3115,"norm-36","attn_output-36",""
77,5,MUL_MAT,0,333,23,704,"linear_attn_out-36","blk.36.ssm_out.weight","final_output-36"
77,9,MUL_MAT,0,18,0,728,"hc_inject-36","blk.36.hc_attn_inject.weight","hc_norm-36"
77,15,ADD,0,2,1,752,"hc_combine-36","l_last-35","node_6010"
77,18,MUL,0,10,1,767,"hc_norm-36"," (reshaped)","blk.36.hc_ffn_norm.weight"
77,23,UNARY,0,34,1,960,"hc_gate-36","node_6018",""
77,34,SCALE,0,0,2,979,"ffn_moe_inp-36","node_6029",""
77,38,ARGSORT,0,22,0,1126,"ffn_moe_argsort-36","ffn_moe_probs-36",""
77,70,ADD,0,1,1,1805,"ffn_moe_out-36","node_6065","ffn_moe_weighted-36 (view)"
77,74,MUL_MAT,0,31,7,1928,"ffn_shexp-36","blk.36.ffn_down_shexp.weight","ffn_swiglu-36"
77,77,MUL,0,4,0,1938,"ffn_shexp_gated-36","ffn_shexp-36","shared_expert_gate_sigmoid-36"
77,78,ADD,0,2,0,1940,"ffn_out-36","ffn_moe_out-36","ffn_shexp_gated-36"
77,81,MUL_MAT,0,9,1,1953,"hc_inject-36","blk.36.hc_ffn_inject.weight","hc_norm-36"
77,87,ADD,0,1,12,1983,"l_last-36","hc_combine-36","node_6082"
77,90,MUL,0,10,1,2008,"hc_norm-37"," (reshaped)","blk.37.hc_attn_norm.weight"
77,95,UNARY,0,33,1,2194,"hc_gate-37","node_6090",""
77,106,SCALE,0,0,2,2218,"hc_mixed-37","node_6101",""
77,152,RMS_NORM,0,1,1,3555,"norm-37","attn_output-37",""
78,5,MUL_MAT,0,327,18,679,"linear_attn_out-37","blk.37.ssm_out.weight","final_output-37"
78,9,MUL_MAT,0,16,1,701,"hc_inject-37","blk.37.hc_attn_inject.weight","hc_norm-37"
78,15,ADD,0,2,1,720,"hc_combine-37","l_last-36","node_6164"
78,18,MUL,0,13,1,739,"hc_norm-37"," (reshaped)","blk.37.hc_ffn_norm.weight"
78,23,UNARY,0,35,0,959,"hc_gate-37","node_6172",""
78,34,SCALE,0,1,1,978,"ffn_moe_inp-37","node_6183",""
78,38,ARGSORT,0,23,1,1130,"ffn_moe_argsort-37","ffn_moe_probs-37",""
78,70,ADD,0,2,0,2047,"ffn_moe_out-37","node_6219","ffn_moe_weighted-37 (view)"
78,74,MUL_MAT,0,34,3,2170,"ffn_shexp-37","blk.37.ffn_down_shexp.weight","ffn_swiglu-37"
78,77,MUL,0,3,1,2182,"ffn_shexp_gated-37","ffn_shexp-37","shared_expert_gate_sigmoid-37"
78,78,ADD,0,1,1,2184,"ffn_out-37","ffn_moe_out-37","ffn_shexp_gated-37"
78,81,MUL_MAT,0,12,1,2201,"hc_inject-37","blk.37.hc_ffn_inject.weight","hc_norm-37"
78,87,ADD,0,1,1,2215,"l_last-37","hc_combine-37","node_6236"
78,90,MUL,0,9,0,2229,"hc_norm-38"," (reshaped)","blk.38.hc_attn_norm.weight"
78,95,UNARY,0,34,0,2419,"hc_gate-38","node_6244",""
78,106,SCALE,0,1,1,2440,"hc_mixed-38","node_6255",""
78,152,RMS_NORM,0,1,1,3759,"norm-38","attn_output-38",""
79,5,MUL_MAT,0,314,7,629,"linear_attn_out-38","blk.38.ssm_out.weight","final_output-38"
79,9,MUL_MAT,0,12,1,651,"hc_inject-38","blk.38.hc_attn_inject.weight","hc_norm-38"
79,15,ADD,0,2,1,667,"hc_combine-38","l_last-37","node_6318"
79,18,MUL,0,9,1,681,"hc_norm-38"," (reshaped)","blk.38.hc_ffn_norm.weight"
79,23,UNARY,0,35,0,873,"hc_gate-38","node_6326",""
79,34,SCALE,0,1,2,895,"ffn_moe_inp-38","node_6337",""
79,38,ARGSORT,0,22,1,1042,"ffn_moe_argsort-38","ffn_moe_probs-38",""
79,70,ADD,0,1,2,1777,"ffn_moe_out-38","node_6373","ffn_moe_weighted-38 (view)"
79,74,MUL_MAT,0,33,8,1909,"ffn_shexp-38","blk.38.ffn_down_shexp.weight","ffn_swiglu-38"
79,77,MUL,0,2,1,1918,"ffn_shexp_gated-38","ffn_shexp-38","shared_expert_gate_sigmoid-38"
79,78,ADD,0,1,1,1920,"ffn_out-38","ffn_moe_out-38","ffn_shexp_gated-38"
79,81,MUL_MAT,0,7,4,1934,"hc_inject-38","blk.38.hc_ffn_inject.weight","hc_norm-38"
79,87,ADD,0,1,2,1948,"l_last-38","hc_combine-38","node_6390"
80,0,GET_ROWS,0,4,6,11,"model.input_embed","token_embd.weight","inp_tokens"
80,2,REPEAT,0,15,1,28,"hc_init","model.input_embed (reshaped)",""
80,5,MUL,0,16,1,58,"hc_norm-0"," (reshaped)","blk.0.hc_attn_norm.weight"
80,10,UNARY,0,34,1,271,"hc_gate-0","node_9",""
80,21,SCALE,0,0,1,289,"hc_mixed-0","node_20",""
80,69,RMS_NORM,0,1,0,1696,"norm-0","attn_output-0",""
81,5,MUL_MAT,0,323,14,656,"linear_attn_out-0","blk.0.ssm_out.weight","final_output-0"
81,9,MUL_MAT,0,6,1,669,"hc_inject-0","blk.0.hc_attn_inject.weight","hc_norm-0"
81,15,ADD,0,1,1,682,"hc_combine-0","hc_init","node_85"
81,18,MUL,0,8,1,696,"hc_norm-0"," (reshaped)","blk.0.hc_ffn_norm.weight"
81,23,UNARY,0,35,0,889,"hc_gate-0","node_93",""
81,34,SCALE,0,0,11,925,"ffn_moe_inp-0","node_104",""
81,38,ARGSORT,0,22,0,1054,"ffn_moe_argsort-0","ffn_moe_probs-0",""
81,70,ADD,0,2,0,1714,"ffn_moe_out-0","node_140","ffn_moe_weighted-0 (view)"
81,93,MUL_MAT,0,44,1,2633,"ffn_shexp-0","blk.0.ffn_down_shexp.weight","ffn_swiglu-0"
81,96,MUL,0,3,1,2644,"ffn_shexp_gated-0","ffn_shexp-0","shared_expert_gate_sigmoid-0"
81,97,ADD,0,2,0,2646,"ffn_out-0","ffn_moe_out-0","ffn_shexp_gated-0"
81,100,MUL_MAT,0,8,1,2659,"hc_inject-0","blk.0.hc_ffn_inject.weight","hc_norm-0"
81,106,ADD,0,3,0,2816,"l_last-0","hc_combine-0","node_176"
81,120,UNARY,0,0,1,3119,"ple_gate-1","node_190",""
81,121,MUL,0,3,1,3124,"ple_gated_value-1","node_154","ple_gate-1"
81,174,MUL,0,9,1,3599,"hc_norm-1"," (reshaped)","blk.1.hc_attn_norm.weight"
81,179,UNARY,0,51,1,3814,"hc_gate-1","node_249",""
81,190,SCALE,0,0,5,3844,"hc_mixed-1","node_260",""
81,236,RMS_NORM,0,1,1,5242,"norm-1","attn_output-1",""
82,5,MUL_MAT,0,313,6,620,"linear_attn_out-1","blk.1.ssm_out.weight","final_output-1"
82,9,MUL_MAT,0,8,5,638,"hc_inject-1","blk.1.hc_attn_inject.weight","hc_norm-1"
82,15,ADD,0,1,1,650,"hc_combine-1","node_242","node_323"
82,18,MUL,0,8,1,664,"hc_norm-1"," (reshaped)","blk.1.hc_ffn_norm.weight"
82,23,UNARY,0,34,0,848,"hc_gate-1","node_331",""
82,34,SCALE,0,1,1,878,"ffn_moe_inp-1","node_342",""
82,38,ARGSORT,0,21,0,1002,"ffn_moe_argsort-1","ffn_moe_probs-1",""
82,70,ADD,0,1,1,1692,"ffn_moe_out-1","node_378","ffn_moe_weighted-1 (view)"
82,74,MUL_MAT,0,36,1,1807,"ffn_shexp-1","blk.1.ffn_down_shexp.weight","ffn_swiglu-1"
82,77,MUL,0,3,0,1816,"ffn_shexp_gated-1","ffn_shexp-1","shared_expert_gate_sigmoid-1"
82,78,ADD,0,1,1,1819,"ffn_out-1","ffn_moe_out-1","ffn_shexp_gated-1"
82,81,MUL_MAT,0,8,5,1836,"hc_inject-1","blk.1.hc_ffn_inject.weight","hc_norm-1"
82,87,ADD,0,2,0,1848,"l_last-1","hc_combine-1","node_395"
82,90,MUL,0,10,1,1864,"hc_norm-2"," (reshaped)","blk.2.hc_attn_norm.weight"
82,95,UNARY,0,41,1,2061,"hc_gate-2","node_403",""
82,106,SCALE,0,0,2,2130,"hc_mixed-2","node_414",""
82,152,RMS_NORM,0,0,9,3620,"norm-2","attn_output-2",""
83,5,MUL_MAT,0,309,17,633,"linear_attn_out-2","blk.2.ssm_out.weight","final_output-2"
83,9,MUL_MAT,0,13,1,652,"hc_inject-2","blk.2.hc_attn_inject.weight","hc_norm-2"
83,15,ADD,0,2,1,665,"hc_combine-2","l_last-1","node_477"
83,18,MUL,0,13,0,682,"hc_norm-2"," (reshaped)","blk.2.hc_ffn_norm.weight"
83,23,UNARY,0,41,1,880,"hc_gate-2","node_485",""
83,34,SCALE,0,0,1,896,"ffn_moe_inp-2","node_496",""
83,38,ARGSORT,0,22,0,1030,"ffn_moe_argsort-2","ffn_moe_probs-2",""
83,70,ADD,0,2,0,1873,"ffn_moe_out-2","node_532","ffn_moe_weighted-2 (view)"
83,74,MUL_MAT,0,32,4,2001,"ffn_shexp-2","blk.2.ffn_down_shexp.weight","ffn_swiglu-2"
83,77,MUL,0,4,0,2010,"ffn_shexp_gated-2","ffn_shexp-2","shared_expert_gate_sigmoid-2"
83,78,ADD,0,2,0,2012,"ffn_out-2","ffn_moe_out-2","ffn_shexp_gated-2"
83,81,MUL_MAT,0,9,2,2027,"hc_inject-2","blk.2.hc_ffn_inject.weight","hc_norm-2"
83,87,ADD,0,2,1,2040,"l_last-2","hc_combine-2","node_549"
83,90,MUL,0,10,0,2055,"hc_norm-3"," (reshaped)","blk.3.hc_attn_norm.weight"
83,95,UNARY,0,34,1,2256,"hc_gate-3","node_557",""
83,106,SCALE,0,0,2,2272,"hc_mixed-3","node_568",""
83,151,RMS_NORM,0,8,0,3034,"norm-3","indexer_k_pooled-3 (reshaped)",""
84,38,MUL_MAT,0,305,12,568,"attn_output-3","blk.3.attn_output.weight","attn_gated-3"
84,41,MUL_MAT,0,10,0,582,"hc_inject-3","blk.3.hc_attn_inject.weight","hc_norm-3"
84,47,ADD,0,1,4,607,"hc_combine-3","l_last-2","node_664"
84,50,MUL,0,9,0,622,"hc_norm-3"," (reshaped)","blk.3.hc_ffn_norm.weight"
84,55,UNARY,0,33,0,804,"hc_gate-3","node_672",""
84,66,SCALE,0,0,2,832,"ffn_moe_inp-3","node_683",""
84,70,ARGSORT,0,21,0,968,"ffn_moe_argsort-3","ffn_moe_probs-3",""
84,102,ADD,0,2,0,1632,"ffn_moe_out-3","node_719","ffn_moe_weighted-3 (view)"
84,106,MUL_MAT,0,33,7,1757,"ffn_shexp-3","blk.3.ffn_down_shexp.weight","ffn_swiglu-3"
84,109,MUL,0,3,0,1769,"ffn_shexp_gated-3","ffn_shexp-3","shared_expert_gate_sigmoid-3"
84,110,ADD,0,1,1,1772,"ffn_out-3","ffn_moe_out-3","ffn_shexp_gated-3"
84,113,MUL_MAT,0,8,0,1783,"hc_inject-3","blk.3.hc_ffn_inject.weight","hc_norm-3"
84,119,ADD,0,2,0,1797,"l_last-3","hc_combine-3","node_736"
84,122,MUL,0,15,0,1817,"hc_norm-4"," (reshaped)","blk.4.hc_attn_norm.weight"
84,127,UNARY,0,33,1,2006,"hc_gate-4","node_744",""
84,138,SCALE,0,0,4,2057,"hc_mixed-4","node_755",""
84,184,RMS_NORM,0,1,1,3374,"norm-4","attn_output-4",""
85,5,MUL_MAT,0,331,7,687,"linear_attn_out-4","blk.4.ssm_out.weight","final_output-4"
85,9,MUL_MAT,0,10,2,711,"hc_inject-4","blk.4.hc_attn_inject.weight","hc_norm-4"
85,15,ADD,0,2,1,727,"hc_combine-4","l_last-3","node_818"
85,18,MUL,0,7,1,740,"hc_norm-4"," (reshaped)","blk.4.hc_ffn_norm.weight"
85,23,UNARY,0,34,1,939,"hc_gate-4","node_826",""
85,34,SCALE,0,0,2,958,"ffn_moe_inp-4","node_837",""
85,38,ARGSORT,0,22,0,1101,"ffn_moe_argsort-4","ffn_moe_probs-4",""
85,70,ADD,0,1,0,1969,"ffn_moe_out-4","node_873","ffn_moe_weighted-4 (view)"
85,74,MUL_MAT,0,35,1,2147,"ffn_shexp-4","blk.4.ffn_down_shexp.weight","ffn_swiglu-4"
85,77,MUL,0,3,1,2158,"ffn_shexp_gated-4","ffn_shexp-4","shared_expert_gate_sigmoid-4"
85,78,ADD,0,2,9,2169,"ffn_out-4","ffn_moe_out-4","ffn_shexp_gated-4"
85,81,MUL_MAT,0,9,4,2186,"hc_inject-4","blk.4.hc_ffn_inject.weight","hc_norm-4"
85,87,ADD,0,2,1,2199,"l_last-4","hc_combine-4","node_890"
85,90,MUL,0,8,1,2213,"hc_norm-5"," (reshaped)","blk.5.hc_attn_norm.weight"
85,95,UNARY,0,35,0,2405,"hc_gate-5","node_898",""
85,106,SCALE,0,0,2,2425,"hc_mixed-5","node_909",""
85,152,RMS_NORM,0,0,3,3739,"norm-5","attn_output-5",""
86,5,MUL_MAT,0,315,2,616,"linear_attn_out-5","blk.5.ssm_out.weight","final_output-5"
86,9,MUL_MAT,0,9,3,637,"hc_inject-5","blk.5.hc_attn_inject.weight","hc_norm-5"
86,15,ADD,0,1,1,653,"hc_combine-5","l_last-4","node_972"
86,18,MUL,0,8,1,668,"hc_norm-5"," (reshaped)","blk.5.hc_ffn_norm.weight"
86,23,UNARY,0,34,1,953,"hc_gate-5","node_980",""
86,34,SCALE,0,0,3,974,"ffn_moe_inp-5","node_991",""
86,38,ARGSORT,0,21,1,1114,"ffn_moe_argsort-5","ffn_moe_probs-5",""
86,70,ADD,0,2,0,1850,"ffn_moe_out-5","node_1027","ffn_moe_weighted-5 (view)"
86,74,MUL_MAT,0,38,1,1996,"ffn_shexp-5","blk.5.ffn_down_shexp.weight","ffn_swiglu-5"
86,77,MUL,0,3,1,2008,"ffn_shexp_gated-5","ffn_shexp-5","shared_expert_gate_sigmoid-5"
86,78,ADD,0,1,1,2010,"ffn_out-5","ffn_moe_out-5","ffn_shexp_gated-5"
86,81,MUL_MAT,0,9,2,2024,"hc_inject-5","blk.5.hc_ffn_inject.weight","hc_norm-5"
86,87,ADD,0,2,1,2038,"l_last-5","hc_combine-5","node_1044"
86,90,MUL,0,9,0,2052,"hc_norm-6"," (reshaped)","blk.6.hc_attn_norm.weight"
86,95,UNARY,0,34,0,2277,"hc_gate-6","node_1052",""
86,106,SCALE,0,0,1,2310,"hc_mixed-6","node_1063",""
86,152,RMS_NORM,0,0,2,3762,"norm-6","attn_output-6",""
87,5,MUL_MAT,0,306,12,618,"linear_attn_out-6","blk.6.ssm_out.weight","final_output-6"
87,9,MUL_MAT,0,10,1,634,"hc_inject-6","blk.6.hc_attn_inject.weight","hc_norm-6"
87,15,ADD,0,2,1,650,"hc_combine-6","l_last-5","node_1126"
87,18,MUL,0,8,1,663,"hc_norm-6"," (reshaped)","blk.6.hc_ffn_norm.weight"
87,23,UNARY,0,34,0,857,"hc_gate-6","node_1134",""
87,34,SCALE,0,0,2,878,"ffn_moe_inp-6","node_1145",""
87,38,ARGSORT,0,22,1,1006,"ffn_moe_argsort-6","ffn_moe_probs-6",""
87,70,ADD,0,2,0,1657,"ffn_moe_out-6","node_1181","ffn_moe_weighted-6 (view)"
87,74,MUL_MAT,0,35,2,1785,"ffn_shexp-6","blk.6.ffn_down_shexp.weight","ffn_swiglu-6"
87,77,MUL,0,3,1,1796,"ffn_shexp_gated-6","ffn_shexp-6","shared_expert_gate_sigmoid-6"
87,78,ADD,0,2,6,1804,"ffn_out-6","ffn_moe_out-6","ffn_shexp_gated-6"
87,81,MUL_MAT,0,130,2,1940,"hc_inject-6","blk.6.hc_ffn_inject.weight","hc_norm-6"
87,87,ADD,0,1,1,1963,"l_last-6","hc_combine-6","node_1198"
87,90,MUL,0,13,0,1981,"hc_norm-7"," (reshaped)","blk.7.hc_attn_norm.weight"
87,95,UNARY,0,47,0,2194,"hc_gate-7","node_1206",""
87,106,SCALE,0,0,1,2221,"hc_mixed-7","node_1217",""
87,151,RMS_NORM,0,3,1,3042,"norm-7","indexer_k_pooled-7 (reshaped)",""
88,38,MUL_MAT,0,156,158,512,"attn_output-7","blk.7.attn_output.weight","attn_gated-7"
88,41,MUL_MAT,0,7,3,525,"hc_inject-7","blk.7.hc_attn_inject.weight","hc_norm-7"
88,47,ADD,0,1,2,553,"hc_combine-7","l_last-6","node_1313"
88,50,MUL,0,7,1,565,"hc_norm-7"," (reshaped)","blk.7.hc_ffn_norm.weight"
88,55,UNARY,0,21,1,734,"hc_gate-7","node_1321",""
88,66,SCALE,0,0,1,748,"ffn_moe_inp-7","node_1332",""
88,70,ARGSORT,0,19,0,875,"ffn_moe_argsort-7","ffn_moe_probs-7",""
88,102,ADD,0,0,2,1503,"ffn_moe_out-7","node_1368","ffn_moe_weighted-7 (view)"
88,106,MUL_MAT,0,17,19,1617,"ffn_shexp-7","blk.7.ffn_down_shexp.weight","ffn_swiglu-7"
88,109,MUL,0,2,0,1623,"ffn_shexp_gated-7","ffn_shexp-7","shared_expert_gate_sigmoid-7"
88,110,ADD,0,1,0,1624,"ffn_out-7","ffn_moe_out-7","ffn_shexp_gated-7"
88,113,MUL_MAT,0,6,3,1635,"hc_inject-7","blk.7.hc_ffn_inject.weight","hc_norm-7"
88,119,ADD,0,1,1,1647,"l_last-7","hc_combine-7","node_1385"
88,122,MUL,0,15,0,1667,"hc_norm-8"," (reshaped)","blk.8.hc_attn_norm.weight"
88,127,UNARY,0,20,1,1839,"hc_gate-8","node_1393",""
88,138,SCALE,0,0,2,1863,"hc_mixed-8","node_1404",""
88,184,RMS_NORM,0,1,1,2909,"norm-8","attn_output-8",""
89,5,MUL_MAT,0,202,153,704,"linear_attn_out-8","blk.8.ssm_out.weight","final_output-8"
89,9,MUL_MAT,0,8,8,724,"hc_inject-8","blk.8.hc_attn_inject.weight","hc_norm-8"
89,15,ADD,0,1,1,738,"hc_combine-8","l_last-7","node_1467"
89,18,MUL,0,5,0,748,"hc_norm-8"," (reshaped)","blk.8.hc_ffn_norm.weight"
89,23,UNARY,0,21,1,933,"hc_gate-8","node_1475",""
89,34,SCALE,0,0,5,1042,"ffn_moe_inp-8","node_1486",""
89,38,ARGSORT,0,19,0,1179,"ffn_moe_argsort-8","ffn_moe_probs-8",""
89,70,ADD,0,0,1,1873,"ffn_moe_out-8","node_1522","ffn_moe_weighted-8 (view)"
89,74,MUL_MAT,0,20,20,2005,"ffn_shexp-8","blk.8.ffn_down_shexp.weight","ffn_swiglu-8"
89,77,MUL,0,2,7,2019,"ffn_shexp_gated-8","ffn_shexp-8","shared_expert_gate_sigmoid-8"
89,78,ADD,0,1,0,2020,"ffn_out-8","ffn_moe_out-8","ffn_shexp_gated-8"
89,81,MUL_MAT,0,12,5,2040,"hc_inject-8","blk.8.hc_ffn_inject.weight","hc_norm-8"
89,87,ADD,0,1,2,2055,"l_last-8","hc_combine-8","node_1539"
89,90,MUL,0,5,1,2065,"hc_norm-9"," (reshaped)","blk.9.hc_attn_norm.weight"
89,95,UNARY,0,21,0,2234,"hc_gate-9","node_1547",""
89,106,SCALE,0,0,2,2248,"hc_mixed-9","node_1558",""
89,152,RMS_NORM,0,0,2,3262,"norm-9","attn_output-9",""
90,5,MUL_MAT,0,198,122,627,"linear_attn_out-9","blk.9.ssm_out.weight","final_output-9"
90,9,MUL_MAT,0,6,3,640,"hc_inject-9","blk.9.hc_attn_inject.weight","hc_norm-9"
90,15,ADD,0,1,2,655,"hc_combine-9","l_last-8","node_1621"
90,18,MUL,0,5,0,664,"hc_norm-9"," (reshaped)","blk.9.hc_ffn_norm.weight"
90,23,UNARY,0,27,0,938,"hc_gate-9","node_1629",""
90,34,SCALE,0,1,1,954,"ffn_moe_inp-9","node_1640",""
90,38,ARGSORT,0,19,0,1089,"ffn_moe_argsort-9","ffn_moe_probs-9",""
90,70,ADD,0,1,0,1848,"ffn_moe_out-9","node_1676","ffn_moe_weighted-9 (view)"
90,74,MUL_MAT,0,35,12,2006,"ffn_shexp-9","blk.9.ffn_down_shexp.weight","ffn_swiglu-9"
90,77,MUL,0,2,3,2021,"ffn_shexp_gated-9","ffn_shexp-9","shared_expert_gate_sigmoid-9"
90,78,ADD,0,1,1,2023,"ffn_out-9","ffn_moe_out-9","ffn_shexp_gated-9"
90,81,MUL_MAT,0,13,8,2047,"hc_inject-9","blk.9.hc_ffn_inject.weight","hc_norm-9"
90,87,ADD,0,2,1,2061,"l_last-9","hc_combine-9","node_1693"
90,90,MUL,0,6,1,2072,"hc_norm-10"," (reshaped)","blk.10.hc_attn_norm.weight"
90,95,UNARY,0,31,0,2283,"hc_gate-10","node_1701",""
90,106,SCALE,0,1,2,2300,"hc_mixed-10","node_1712",""
90,152,RMS_NORM,0,1,2,3597,"norm-10","attn_output-10",""
91,5,MUL_MAT,0,255,68,673,"linear_attn_out-10","blk.10.ssm_out.weight","final_output-10"
91,9,MUL_MAT,0,9,2,688,"hc_inject-10","blk.10.hc_attn_inject.weight","hc_norm-10"
91,15,ADD,0,2,1,699,"hc_combine-10","l_last-9","node_1775"
91,18,MUL,0,7,5,715,"hc_norm-10"," (reshaped)","blk.10.hc_ffn_norm.weight"
91,23,UNARY,0,31,0,902,"hc_gate-10","node_1783",""
91,34,SCALE,0,0,2,927,"ffn_moe_inp-10","node_1794",""
91,38,ARGSORT,0,20,1,1055,"ffn_moe_argsort-10","ffn_moe_probs-10",""
91,70,ADD,0,1,0,1686,"ffn_moe_out-10","node_1830","ffn_moe_weighted-10 (view)"
91,74,MUL_MAT,0,40,9,1828,"ffn_shexp-10","blk.10.ffn_down_shexp.weight","ffn_swiglu-10"
91,77,MUL,0,2,1,1841,"ffn_shexp_gated-10","ffn_shexp-10","shared_expert_gate_sigmoid-10"
91,78,ADD,0,1,0,1842,"ffn_out-10","ffn_moe_out-10","ffn_shexp_gated-10"
91,81,MUL_MAT,0,6,2,1853,"hc_inject-10","blk.10.hc_ffn_inject.weight","hc_norm-10"
91,87,ADD,0,2,0,1865,"l_last-10","hc_combine-10","node_1847"
91,90,MUL,0,6,0,1875,"hc_norm-11"," (reshaped)","blk.11.hc_attn_norm.weight"
91,95,UNARY,0,31,0,2070,"hc_gate-11","node_1855",""
91,106,SCALE,0,0,1,2096,"hc_mixed-11","node_1866",""
91,151,RMS_NORM,0,5,0,3080,"norm-11","indexer_k_pooled-11 (reshaped)",""
92,38,MUL_MAT,0,249,63,540,"attn_output-11","blk.11.attn_output.weight","attn_gated-11"
92,41,MUL_MAT,0,7,3,553,"hc_inject-11","blk.11.hc_attn_inject.weight","hc_norm-11"
92,47,ADD,0,2,1,567,"hc_combine-11","l_last-10","node_1962"
92,50,MUL,0,6,5,581,"hc_norm-11"," (reshaped)","blk.11.hc_ffn_norm.weight"
92,55,UNARY,0,30,0,758,"hc_gate-11","node_1970",""
92,66,SCALE,0,0,10,783,"ffn_moe_inp-11","node_1981",""
92,70,ARGSORT,0,21,1,911,"ffn_moe_argsort-11","ffn_moe_probs-11",""
92,102,ADD,0,1,1,1542,"ffn_moe_out-11","node_2017","ffn_moe_weighted-11 (view)"
92,106,MUL_MAT,0,27,7,1668,"ffn_shexp-11","blk.11.ffn_down_shexp.weight","ffn_swiglu-11"
92,109,MUL,0,1,1,1676,"ffn_shexp_gated-11","ffn_shexp-11","shared_expert_gate_sigmoid-11"
92,110,ADD,0,1,1,1678,"ffn_out-11","ffn_moe_out-11","ffn_shexp_gated-11"
92,113,MUL_MAT,0,6,3,1689,"hc_inject-11","blk.11.hc_ffn_inject.weight","hc_norm-11"
92,119,ADD,0,1,0,1701,"l_last-11","hc_combine-11","node_2034"
92,122,MUL,0,7,1,1713,"hc_norm-12"," (reshaped)","blk.12.hc_attn_norm.weight"
92,127,UNARY,0,31,0,1889,"hc_gate-12","node_2042",""
92,138,SCALE,0,0,2,1906,"hc_mixed-12","node_2053",""
92,184,RMS_NORM,0,0,2,2940,"norm-12","attn_output-12",""
93,5,MUL_MAT,0,178,163,683,"linear_attn_out-12","blk.12.ssm_out.weight","final_output-12"
93,9,MUL_MAT,0,7,2,696,"hc_inject-12","blk.12.hc_attn_inject.weight","hc_norm-12"
93,15,ADD,0,1,2,709,"hc_combine-12","l_last-11","node_2116"
93,18,MUL,0,4,1,718,"hc_norm-12"," (reshaped)","blk.12.hc_ffn_norm.weight"
93,23,UNARY,0,21,1,908,"hc_gate-12","node_2124",""
93,34,SCALE,0,0,1,929,"ffn_moe_inp-12","node_2135",""
93,38,ARGSORT,0,18,0,1070,"ffn_moe_argsort-12","ffn_moe_probs-12",""
93,70,ADD,0,1,1,1716,"ffn_moe_out-12","node_2171","ffn_moe_weighted-12 (view)"
93,74,MUL_MAT,0,19,18,1845,"ffn_shexp-12","blk.12.ffn_down_shexp.weight","ffn_swiglu-12"
93,77,MUL,0,2,7,1859,"ffn_shexp_gated-12","ffn_shexp-12","shared_expert_gate_sigmoid-12"
93,78,ADD,0,1,12,1872,"ffn_out-12","ffn_moe_out-12","ffn_shexp_gated-12"
93,81,MUL_MAT,0,4,4,1882,"hc_inject-12","blk.12.hc_ffn_inject.weight","hc_norm-12"
93,87,ADD,0,1,1,1898,"l_last-12","hc_combine-12","node_2188"
93,90,MUL,0,4,0,1907,"hc_norm-13"," (reshaped)","blk.13.hc_attn_norm.weight"
93,95,UNARY,0,32,1,2098,"hc_gate-13","node_2196",""
93,106,SCALE,0,1,1,2184,"hc_mixed-13","node_2207",""
93,152,RMS_NORM,0,0,2,3638,"norm-13","attn_output-13",""
94,5,MUL_MAT,0,312,11,635,"linear_attn_out-13","blk.13.ssm_out.weight","final_output-13"
94,9,MUL_MAT,0,9,1,649,"hc_inject-13","blk.13.hc_attn_inject.weight","hc_norm-13"
94,15,ADD,0,2,0,662,"hc_combine-13","l_last-12","node_2270"
94,18,MUL,0,9,0,684,"hc_norm-13"," (reshaped)","blk.13.hc_ffn_norm.weight"
94,23,UNARY,0,35,0,880,"hc_gate-13","node_2278",""
94,34,SCALE,0,0,9,911,"ffn_moe_inp-13","node_2289",""
94,38,ARGSORT,0,22,1,1043,"ffn_moe_argsort-13","ffn_moe_probs-13",""
94,70,ADD,0,2,0,1706,"ffn_moe_out-13","node_2325","ffn_moe_weighted-13 (view)"
94,74,MUL_MAT,0,34,3,1839,"ffn_shexp-13","blk.13.ffn_down_shexp.weight","ffn_swiglu-13"
94,77,MUL,0,3,1,1849,"ffn_shexp_gated-13","ffn_shexp-13","shared_expert_gate_sigmoid-13"
94,78,ADD,0,1,1,1851,"ffn_out-13","ffn_moe_out-13","ffn_shexp_gated-13"
94,81,MUL_MAT,0,9,1,1865,"hc_inject-13","blk.13.hc_ffn_inject.weight","hc_norm-13"
94,87,ADD,0,2,9,1888,"l_last-13","hc_combine-13","node_2342"
94,90,MUL,0,9,163,2133,"hc_norm-14"," (reshaped)","blk.14.hc_attn_norm.weight"
94,95,UNARY,0,35,0,2321,"hc_gate-14","node_2350",""
94,106,SCALE,0,0,2,2339,"hc_mixed-14","node_2361",""
94,152,RMS_NORM,0,0,1,3779,"norm-14","attn_output-14",""
95,5,MUL_MAT,0,270,60,634,"linear_attn_out-14","blk.14.ssm_out.weight","final_output-14"
95,9,MUL_MAT,0,8,0,647,"hc_inject-14","blk.14.hc_attn_inject.weight","hc_norm-14"
95,15,ADD,0,1,1,671,"hc_combine-14","l_last-13","node_2424"
95,18,MUL,0,10,0,685,"hc_norm-14"," (reshaped)","blk.14.hc_ffn_norm.weight"
95,23,UNARY,0,34,0,876,"hc_gate-14","node_2432",""
95,34,SCALE,0,0,6,899,"ffn_moe_inp-14","node_2443",""
95,38,ARGSORT,0,22,0,1044,"ffn_moe_argsort-14","ffn_moe_probs-14",""
95,70,ADD,0,2,0,1701,"ffn_moe_out-14","node_2479","ffn_moe_weighted-14 (view)"
95,74,MUL_MAT,0,29,10,1822,"ffn_shexp-14","blk.14.ffn_down_shexp.weight","ffn_swiglu-14"
95,77,MUL,0,3,1,1833,"ffn_shexp_gated-14","ffn_shexp-14","shared_expert_gate_sigmoid-14"
95,78,ADD,0,2,0,1835,"ffn_out-14","ffn_moe_out-14","ffn_shexp_gated-14"
95,81,MUL_MAT,0,8,2,1848,"hc_inject-14","blk.14.hc_ffn_inject.weight","hc_norm-14"
95,87,ADD,0,1,15,1875,"l_last-14","hc_combine-14","node_2496"
95,90,MUL,0,11,0,1890,"hc_norm-15"," (reshaped)","blk.15.hc_attn_norm.weight"
95,95,UNARY,0,34,0,2086,"hc_gate-15","node_2504",""
95,106,SCALE,0,0,2,2105,"hc_mixed-15","node_2515",""
95,151,RMS_NORM,0,9,0,2887,"norm-15","indexer_k_pooled-15 (reshaped)",""
96,38,MUL_MAT,0,164,175,545,"attn_output-15","blk.15.attn_output.weight","attn_gated-15"
96,41,MUL_MAT,0,7,5,560,"hc_inject-15","blk.15.hc_attn_inject.weight","hc_norm-15"
96,47,ADD,0,1,1,573,"hc_combine-15","l_last-14","node_2611"
96,50,MUL,0,6,0,583,"hc_norm-15"," (reshaped)","blk.15.hc_ffn_norm.weight"
96,55,UNARY,0,22,0,784,"hc_gate-15","node_2619",""
96,66,SCALE,0,0,2,801,"ffn_moe_inp-15","node_2630",""
96,70,ARGSORT,0,18,1,929,"ffn_moe_argsort-15","ffn_moe_probs-15",""
96,102,ADD,0,1,7,1712,"ffn_moe_out-15","node_2666","ffn_moe_weighted-15 (view)"
96,106,MUL_MAT,0,34,8,1836,"ffn_shexp-15","blk.15.ffn_down_shexp.weight","ffn_swiglu-15"
96,109,MUL,0,3,1,1847,"ffn_shexp_gated-15","ffn_shexp-15","shared_expert_gate_sigmoid-15"
96,110,ADD,0,1,1,1849,"ffn_out-15","ffn_moe_out-15","ffn_shexp_gated-15"
96,113,MUL_MAT,0,8,1,1862,"hc_inject-15","blk.15.hc_ffn_inject.weight","hc_norm-15"
96,119,ADD,0,2,0,1875,"l_last-15","hc_combine-15","node_2683"
96,122,MUL,0,8,1,1889,"hc_norm-16"," (reshaped)","blk.16.hc_attn_norm.weight"
96,127,UNARY,0,34,1,2072,"hc_gate-16","node_2691",""
96,138,SCALE,0,0,2,2090,"hc_mixed-16","node_2702",""
96,184,RMS_NORM,0,1,1,3378,"norm-16","attn_output-16",""
97,5,MUL_MAT,0,322,10,655,"linear_attn_out-16","blk.16.ssm_out.weight","final_output-16"
97,9,MUL_MAT,0,9,0,670,"hc_inject-16","blk.16.hc_attn_inject.weight","hc_norm-16"
97,15,ADD,0,2,17,701,"hc_combine-16","l_last-15","node_2765"
97,18,MUL,0,9,1,716,"hc_norm-16"," (reshaped)","blk.16.hc_ffn_norm.weight"
97,23,UNARY,0,35,1,914,"hc_gate-16","node_2773",""
97,34,SCALE,0,0,2,943,"ffn_moe_inp-16","node_2784",""
97,38,ARGSORT,0,22,1,1167,"ffn_moe_argsort-16","ffn_moe_probs-16",""
97,70,ADD,0,2,0,2030,"ffn_moe_out-16","node_2820","ffn_moe_weighted-16 (view)"
97,74,MUL_MAT,0,37,5,2163,"ffn_shexp-16","blk.16.ffn_down_shexp.weight","ffn_swiglu-16"
97,77,MUL,0,3,0,2174,"ffn_shexp_gated-16","ffn_shexp-16","shared_expert_gate_sigmoid-16"
97,78,ADD,0,1,13,2189,"ffn_out-16","ffn_moe_out-16","ffn_shexp_gated-16"
97,81,MUL_MAT,0,9,1,2203,"hc_inject-16","blk.16.hc_ffn_inject.weight","hc_norm-16"
97,87,ADD,0,1,1,2222,"l_last-16","hc_combine-16","node_2837"
97,90,MUL,0,9,0,2236,"hc_norm-17"," (reshaped)","blk.17.hc_attn_norm.weight"
97,95,UNARY,0,34,1,2435,"hc_gate-17","node_2845",""
97,106,SCALE,0,0,10,2461,"hc_mixed-17","node_2856",""
97,152,RMS_NORM,0,0,1,4092,"norm-17","attn_output-17",""
98,5,MUL_MAT,0,315,1,635,"linear_attn_out-17","blk.17.ssm_out.weight","final_output-17"
98,9,MUL_MAT,0,7,1,655,"hc_inject-17","blk.17.hc_attn_inject.weight","hc_norm-17"
98,15,ADD,0,3,0,676,"hc_combine-17","l_last-16","node_2919"
98,18,MUL,0,8,0,688,"hc_norm-17"," (reshaped)","blk.17.hc_ffn_norm.weight"
98,23,UNARY,0,34,0,871,"hc_gate-17","node_2927",""
98,34,SCALE,0,0,11,900,"ffn_moe_inp-17","node_2938",""
98,38,ARGSORT,0,22,1,1039,"ffn_moe_argsort-17","ffn_moe_probs-17",""
98,70,ADD,0,2,0,1697,"ffn_moe_out-17","node_2974","ffn_moe_weighted-17 (view)"
98,74,MUL_MAT,0,35,5,1822,"ffn_shexp-17","blk.17.ffn_down_shexp.weight","ffn_swiglu-17"
98,77,MUL,0,4,0,1832,"ffn_shexp_gated-17","ffn_shexp-17","shared_expert_gate_sigmoid-17"
98,78,ADD,0,2,0,1834,"ffn_out-17","ffn_moe_out-17","ffn_shexp_gated-17"
98,81,MUL_MAT,0,8,0,1847,"hc_inject-17","blk.17.hc_ffn_inject.weight","hc_norm-17"
98,87,ADD,0,2,0,1861,"l_last-17","hc_combine-17","node_2991"
98,90,MUL,0,8,1,1873,"hc_norm-18"," (reshaped)","blk.18.hc_attn_norm.weight"
98,95,UNARY,0,34,0,2063,"hc_gate-18","node_2999",""
98,106,SCALE,0,0,3,2084,"hc_mixed-18","node_3010",""
98,152,RMS_NORM,0,1,6,3666,"norm-18","attn_output-18",""
99,5,MUL_MAT,0,320,1,626,"linear_attn_out-18","blk.18.ssm_out.weight","final_output-18"
99,9,MUL_MAT,0,9,0,641,"hc_inject-18","blk.18.hc_attn_inject.weight","hc_norm-18"
99,15,ADD,0,2,0,655,"hc_combine-18","l_last-17","node_3073"
99,18,MUL,0,9,7,675,"hc_norm-18"," (reshaped)","blk.18.hc_ffn_norm.weight"
99,23,UNARY,0,33,1,860,"hc_gate-18","node_3081",""
99,34,SCALE,0,0,2,883,"ffn_moe_inp-18","node_3092",""
99,38,ARGSORT,0,22,0,1016,"ffn_moe_argsort-18","ffn_moe_probs-18",""
99,70,ADD,0,1,1,1692,"ffn_moe_out-18","node_3128","ffn_moe_weighted-18 (view)"
99,74,MUL_MAT,0,42,4,1823,"ffn_shexp-18","blk.18.ffn_down_shexp.weight","ffn_swiglu-18"
99,77,MUL,0,3,0,1833,"ffn_shexp_gated-18","ffn_shexp-18","shared_expert_gate_sigmoid-18"
99,78,ADD,0,2,1,1836,"ffn_out-18","ffn_moe_out-18","ffn_shexp_gated-18"
99,81,MUL_MAT,0,8,0,1848,"hc_inject-18","blk.18.hc_ffn_inject.weight","hc_norm-18"
99,87,ADD,0,2,1,1867,"l_last-18","hc_combine-18","node_3145"
99,90,MUL,0,8,1,1887,"hc_norm-19"," (reshaped)","blk.19.hc_attn_norm.weight"
99,95,UNARY,0,33,1,2077,"hc_gate-19","node_3153",""
99,106,SCALE,0,0,5,2100,"hc_mixed-19","node_3164",""
99,151,RMS_NORM,0,8,0,3001,"norm-19","indexer_k_pooled-19 (reshaped)",""
100,38,MUL_MAT,0,333,11,593,"attn_output-19","blk.19.attn_output.weight","attn_gated-19"
100,41,MUL_MAT,0,9,4,610,"hc_inject-19","blk.19.hc_attn_inject.weight","hc_norm-19"
100,47,ADD,0,2,6,627,"hc_combine-19","l_last-18","node_3260"
100,50,MUL,0,8,1,644,"hc_norm-19"," (reshaped)","blk.19.hc_ffn_norm.weight"
100,55,UNARY,0,34,0,832,"hc_gate-19","node_3268",""
100,66,SCALE,0,0,1,849,"ffn_moe_inp-19","node_3279",""
100,70,ARGSORT,0,21,0,983,"ffn_moe_argsort-19","ffn_moe_probs-19",""
100,102,ADD,0,1,1,1640,"ffn_moe_out-19","node_3315","ffn_moe_weighted-19 (view)"
100,106,MUL_MAT,0,34,2,1774,"ffn_shexp-19","blk.19.ffn_down_shexp.weight","ffn_swiglu-19"
100,109,MUL,0,3,0,1788,"ffn_shexp_gated-19","ffn_shexp-19","shared_expert_gate_sigmoid-19"
100,110,ADD,0,2,0,1790,"ffn_out-19","ffn_moe_out-19","ffn_shexp_gated-19"
100,113,MUL_MAT,0,7,0,1801,"hc_inject-19","blk.19.hc_ffn_inject.weight","hc_norm-19"
100,119,ADD,0,1,1,1822,"l_last-19","hc_combine-19","node_3332"
100,122,MUL,0,7,1,1833,"hc_norm-20"," (reshaped)","blk.20.hc_attn_norm.weight"
100,127,UNARY,0,46,1,2026,"hc_gate-20","node_3340",""
100,138,SCALE,0,0,2,2053,"hc_mixed-20","node_3351",""
100,184,RMS_NORM,0,0,2,3373,"norm-20","attn_output-20",""
101,5,MUL_MAT,0,298,17,619,"linear_attn_out-20","blk.20.ssm_out.weight","final_output-20"
101,9,MUL_MAT,0,8,1,640,"hc_inject-20","blk.20.hc_attn_inject.weight","hc_norm-20"
101,15,ADD,0,2,0,663,"hc_combine-20","l_last-19","node_3414"
101,18,MUL,0,8,0,676,"hc_norm-20"," (reshaped)","blk.20.hc_ffn_norm.weight"
101,23,UNARY,0,34,0,856,"hc_gate-20","node_3422",""
101,34,SCALE,0,0,1,874,"ffn_moe_inp-20","node_3433",""
101,38,ARGSORT,0,21,1,1068,"ffn_moe_argsort-20","ffn_moe_probs-20",""
101,70,ADD,0,1,1,1799,"ffn_moe_out-20","node_3469","ffn_moe_weighted-20 (view)"
101,74,MUL_MAT,0,37,1,1928,"ffn_shexp-20","blk.20.ffn_down_shexp.weight","ffn_swiglu-20"
101,77,MUL,0,3,0,1940,"ffn_shexp_gated-20","ffn_shexp-20","shared_expert_gate_sigmoid-20"
101,78,ADD,0,1,0,1942,"ffn_out-20","ffn_moe_out-20","ffn_shexp_gated-20"
101,81,MUL_MAT,0,11,0,1958,"hc_inject-20","blk.20.hc_ffn_inject.weight","hc_norm-20"
101,87,ADD,0,2,0,1970,"l_last-20","hc_combine-20","node_3486"
101,90,MUL,0,12,1,1988,"hc_norm-21"," (reshaped)","blk.21.hc_attn_norm.weight"
101,95,UNARY,0,35,1,2199,"hc_gate-21","node_3494",""
101,106,SCALE,0,0,2,2225,"hc_mixed-21","node_3505",""
101,152,RMS_NORM,0,1,9,3712,"norm-21","attn_output-21",""
102,5,MUL_MAT,0,303,14,623,"linear_attn_out-21","blk.21.ssm_out.weight","final_output-21"
102,9,MUL_MAT,0,8,0,639,"hc_inject-21","blk.21.hc_attn_inject.weight","hc_norm-21"
102,15,ADD,0,1,1,651,"hc_combine-21","l_last-20","node_3568"
102,18,MUL,0,8,1,664,"hc_norm-21"," (reshaped)","blk.21.hc_ffn_norm.weight"
102,23,UNARY,0,35,0,846,"hc_gate-21","node_3576",""
102,34,SCALE,0,1,1,864,"ffn_moe_inp-21","node_3587",""
102,38,ARGSORT,0,22,0,998,"ffn_moe_argsort-21","ffn_moe_probs-21",""
102,70,ADD,0,2,0,1648,"ffn_moe_out-21","node_3623","ffn_moe_weighted-21 (view)"
102,74,MUL_MAT,0,34,2,1762,"ffn_shexp-21","blk.21.ffn_down_shexp.weight","ffn_swiglu-21"
102,77,MUL,0,4,0,1772,"ffn_shexp_gated-21","ffn_shexp-21","shared_expert_gate_sigmoid-21"
102,78,ADD,0,2,0,1774,"ffn_out-21","ffn_moe_out-21","ffn_shexp_gated-21"
102,81,MUL_MAT,0,9,1,1788,"hc_inject-21","blk.21.hc_ffn_inject.weight","hc_norm-21"
102,87,ADD,0,1,9,1809,"l_last-21","hc_combine-21","node_3640"
102,90,MUL,0,9,0,1822,"hc_norm-22"," (reshaped)","blk.22.hc_attn_norm.weight"
102,95,UNARY,0,34,0,2034,"hc_gate-22","node_3648",""
102,106,SCALE,0,0,1,2057,"hc_mixed-22","node_3659",""
102,152,RMS_NORM,0,1,4,3572,"norm-22","attn_output-22",""
103,5,MUL_MAT,0,314,9,626,"linear_attn_out-22","blk.22.ssm_out.weight","final_output-22"
103,9,MUL_MAT,0,8,1,641,"hc_inject-22","blk.22.hc_attn_inject.weight","hc_norm-22"
103,15,ADD,0,2,1,668,"hc_combine-22","l_last-21","node_3722"
103,18,MUL,0,9,0,681,"hc_norm-22"," (reshaped)","blk.22.hc_ffn_norm.weight"
103,23,UNARY,0,34,0,872,"hc_gate-22","node_3730",""
103,34,SCALE,0,0,2,896,"ffn_moe_inp-22","node_3741",""
103,38,ARGSORT,0,22,1,1027,"ffn_moe_argsort-22","ffn_moe_probs-22",""
103,70,ADD,0,2,0,1701,"ffn_moe_out-22","node_3777","ffn_moe_weighted-22 (view)"
103,74,MUL_MAT,0,36,0,1815,"ffn_shexp-22","blk.22.ffn_down_shexp.weight","ffn_swiglu-22"
103,77,MUL,0,3,0,1826,"ffn_shexp_gated-22","ffn_shexp-22","shared_expert_gate_sigmoid-22"
103,78,ADD,0,2,9,1837,"ffn_out-22","ffn_moe_out-22","ffn_shexp_gated-22"
103,81,MUL_MAT,0,8,1,1850,"hc_inject-22","blk.22.hc_ffn_inject.weight","hc_norm-22"
103,87,ADD,0,2,5,1868,"l_last-22","hc_combine-22","node_3794"
103,90,MUL,0,9,0,1881,"hc_norm-23"," (reshaped)","blk.23.hc_attn_norm.weight"
103,95,UNARY,0,33,1,2080,"hc_gate-23","node_3802",""
103,106,SCALE,0,0,9,2106,"hc_mixed-23","node_3813",""
103,151,RMS_NORM,0,9,0,2886,"norm-23","indexer_k_pooled-23 (reshaped)",""
104,38,MUL_MAT,0,323,6,574,"attn_output-23","blk.23.attn_output.weight","attn_gated-23"
104,41,MUL_MAT,0,8,1,588,"hc_inject-23","blk.23.hc_attn_inject.weight","hc_norm-23"
104,47,ADD,0,1,8,607,"hc_combine-23","l_last-22","node_3909"
104,50,MUL,0,10,0,621,"hc_norm-23"," (reshaped)","blk.23.hc_ffn_norm.weight"
104,55,UNARY,0,33,1,824,"hc_gate-23","node_3917",""
104,66,SCALE,0,0,1,850,"ffn_moe_inp-23","node_3928",""
104,70,ARGSORT,0,22,0,977,"ffn_moe_argsort-23","ffn_moe_probs-23",""
104,102,ADD,0,2,7,1655,"ffn_moe_out-23","node_3964","ffn_moe_weighted-23 (view)"
104,106,MUL_MAT,0,33,37,1803,"ffn_shexp-23","blk.23.ffn_down_shexp.weight","ffn_swiglu-23"
104,109,MUL,0,3,0,1821,"ffn_shexp_gated-23","ffn_shexp-23","shared_expert_gate_sigmoid-23"
104,110,ADD,0,2,1,1824,"ffn_out-23","ffn_moe_out-23","ffn_shexp_gated-23"
104,113,MUL_MAT,0,7,1,1836,"hc_inject-23","blk.23.hc_ffn_inject.weight","hc_norm-23"
104,119,ADD,0,1,1,1857,"l_last-23","hc_combine-23","node_3981"
104,122,MUL,0,9,0,1870,"hc_norm-24"," (reshaped)","blk.24.hc_attn_norm.weight"
104,127,UNARY,0,33,1,2051,"hc_gate-24","node_3989",""
104,138,SCALE,0,0,2,2070,"hc_mixed-24","node_4000",""
104,184,RMS_NORM,0,1,2,3421,"norm-24","attn_output-24",""
105,5,MUL_MAT,0,165,153,630,"linear_attn_out-24","blk.24.ssm_out.weight","final_output-24"
105,9,MUL_MAT,0,5,7,646,"hc_inject-24","blk.24.hc_attn_inject.weight","hc_norm-24"
105,15,ADD,0,2,1,660,"hc_combine-24","l_last-23","node_4063"
105,18,MUL,0,6,0,679,"hc_norm-24"," (reshaped)","blk.24.hc_ffn_norm.weight"
105,23,UNARY,0,21,0,856,"hc_gate-24","node_4071",""
105,34,SCALE,0,0,2,875,"ffn_moe_inp-24","node_4082",""
105,38,ARGSORT,0,20,0,997,"ffn_moe_argsort-24","ffn_moe_probs-24",""
105,70,ADD,0,1,1,1843,"ffn_moe_out-24","node_4118","ffn_moe_weighted-24 (view)"
105,74,MUL_MAT,0,26,16,1971,"ffn_shexp-24","blk.24.ffn_down_shexp.weight","ffn_swiglu-24"
105,77,MUL,0,3,0,1981,"ffn_shexp_gated-24","ffn_shexp-24","shared_expert_gate_sigmoid-24"
105,78,ADD,0,1,1,1984,"ffn_out-24","ffn_moe_out-24","ffn_shexp_gated-24"
105,81,MUL_MAT,0,6,9,2002,"hc_inject-24","blk.24.hc_ffn_inject.weight","hc_norm-24"
105,87,ADD,0,2,1,2023,"l_last-24","hc_combine-24","node_4135"
105,90,MUL,0,5,5,2043,"hc_norm-25"," (reshaped)","blk.25.hc_attn_norm.weight"
105,95,UNARY,0,27,0,2240,"hc_gate-25","node_4143",""
105,106,SCALE,0,1,5,2266,"hc_mixed-25","node_4154",""
105,152,RMS_NORM,0,1,2,3567,"norm-25","attn_output-25",""
106,5,MUL_MAT,0,270,56,654,"linear_attn_out-25","blk.25.ssm_out.weight","final_output-25"
106,9,MUL_MAT,0,6,6,669,"hc_inject-25","blk.25.hc_attn_inject.weight","hc_norm-25"
106,15,ADD,0,1,2,690,"hc_combine-25","l_last-24","node_4217"
106,18,MUL,0,6,0,700,"hc_norm-25"," (reshaped)","blk.25.hc_ffn_norm.weight"
106,23,UNARY,0,45,1,895,"hc_gate-25","node_4225",""
106,34,SCALE,0,0,1,909,"ffn_moe_inp-25","node_4236",""
106,38,ARGSORT,0,21,1,1048,"ffn_moe_argsort-25","ffn_moe_probs-25",""
106,70,ADD,0,2,0,1661,"ffn_moe_out-25","node_4272","ffn_moe_weighted-25 (view)"
106,74,MUL_MAT,0,27,14,1792,"ffn_shexp-25","blk.25.ffn_down_shexp.weight","ffn_swiglu-25"
106,77,MUL,0,2,0,1800,"ffn_shexp_gated-25","ffn_shexp-25","shared_expert_gate_sigmoid-25"
106,78,ADD,0,1,12,1813,"ffn_out-25","ffn_moe_out-25","ffn_shexp_gated-25"
106,81,MUL_MAT,0,5,3,1824,"hc_inject-25","blk.25.hc_ffn_inject.weight","hc_norm-25"
106,87,ADD,0,1,1,1836,"l_last-25","hc_combine-25","node_4289"
106,90,MUL,0,7,0,1847,"hc_norm-26"," (reshaped)","blk.26.hc_attn_norm.weight"
106,95,UNARY,0,31,0,2121,"hc_gate-26","node_4297",""
106,106,SCALE,0,0,2,2137,"hc_mixed-26","node_4308",""
106,152,RMS_NORM,0,0,2,3308,"norm-26","attn_output-26",""
107,5,MUL_MAT,0,273,56,652,"linear_attn_out-26","blk.26.ssm_out.weight","final_output-26"
107,9,MUL_MAT,0,9,3,667,"hc_inject-26","blk.26.hc_attn_inject.weight","hc_norm-26"
107,15,ADD,0,1,1,680,"hc_combine-26","l_last-25","node_4371"
107,18,MUL,0,7,0,691,"hc_norm-26"," (reshaped)","blk.26.hc_ffn_norm.weight"
107,23,UNARY,0,31,0,871,"hc_gate-26","node_4379",""
107,34,SCALE,0,1,1,920,"ffn_moe_inp-26","node_4390",""
107,38,ARGSORT,0,22,0,1059,"ffn_moe_argsort-26","ffn_moe_probs-26",""
107,70,ADD,0,1,0,1692,"ffn_moe_out-26","node_4426","ffn_moe_weighted-26 (view)"
107,74,MUL_MAT,0,28,8,1812,"ffn_shexp-26","blk.26.ffn_down_shexp.weight","ffn_swiglu-26"
107,77,MUL,0,2,0,1821,"ffn_shexp_gated-26","ffn_shexp-26","shared_expert_gate_sigmoid-26"
107,78,ADD,0,2,0,1823,"ffn_out-26","ffn_moe_out-26","ffn_shexp_gated-26"
107,81,MUL_MAT,0,7,1,1834,"hc_inject-26","blk.26.hc_ffn_inject.weight","hc_norm-26"
107,87,ADD,0,2,1,1847,"l_last-26","hc_combine-26","node_4443"
107,90,MUL,0,7,0,1857,"hc_norm-27"," (reshaped)","blk.27.hc_attn_norm.weight"
107,95,UNARY,0,46,0,2059,"hc_gate-27","node_4451",""
107,106,SCALE,0,1,1,2076,"hc_mixed-27","node_4462",""
107,151,RMS_NORM,0,5,0,2985,"norm-27","indexer_k_pooled-27 (reshaped)",""
108,38,MUL_MAT,0,256,84,586,"attn_output-27","blk.27.attn_output.weight","attn_gated-27"
108,41,MUL_MAT,0,8,1,604,"hc_inject-27","blk.27.hc_attn_inject.weight","hc_norm-27"
108,47,ADD,0,1,1,625,"hc_combine-27","l_last-26","node_4558"
108,50,MUL,0,6,2,638,"hc_norm-27"," (reshaped)","blk.27.hc_ffn_norm.weight"
108,55,UNARY,0,30,0,823,"hc_gate-27","node_4566",""
108,66,SCALE,0,0,1,840,"ffn_moe_inp-27","node_4577",""
108,70,ARGSORT,0,20,0,975,"ffn_moe_argsort-27","ffn_moe_probs-27",""
108,102,ADD,0,1,26,1877,"ffn_moe_out-27","node_4613","ffn_moe_weighted-27 (view)"
108,106,MUL_MAT,0,25,18,2056,"ffn_shexp-27","blk.27.ffn_down_shexp.weight","ffn_swiglu-27"
108,109,MUL,0,2,0,2064,"ffn_shexp_gated-27","ffn_shexp-27","shared_expert_gate_sigmoid-27"
108,110,ADD,0,1,0,2066,"ffn_out-27","ffn_moe_out-27","ffn_shexp_gated-27"
108,113,MUL_MAT,0,8,5,2089,"hc_inject-27","blk.27.hc_ffn_inject.weight","hc_norm-27"
108,119,ADD,0,2,1,2102,"l_last-27","hc_combine-27","node_4630"
108,122,MUL,0,6,80,2192,"hc_norm-28"," (reshaped)","blk.28.hc_attn_norm.weight"
108,127,UNARY,0,68,1,2417,"hc_gate-28","node_4638",""
108,138,SCALE,0,0,8,2441,"hc_mixed-28","node_4649",""
108,184,RMS_NORM,0,0,3,3745,"norm-28","attn_output-28",""
109,5,MUL_MAT,0,184,163,665,"linear_attn_out-28","blk.28.ssm_out.weight","final_output-28"
109,9,MUL_MAT,0,11,2,681,"hc_inject-28","blk.28.hc_attn_inject.weight","hc_norm-28"
109,15,ADD,0,1,2,694,"hc_combine-28","l_last-27","node_4712"
109,18,MUL,0,7,0,705,"hc_norm-28"," (reshaped)","blk.28.hc_ffn_norm.weight"
109,23,UNARY,0,30,0,925,"hc_gate-28","node_4720",""
109,34,SCALE,0,0,2,941,"ffn_moe_inp-28","node_4731",""
109,38,ARGSORT,0,22,0,1085,"ffn_moe_argsort-28","ffn_moe_probs-28",""
109,70,ADD,0,2,0,1835,"ffn_moe_out-28","node_4767","ffn_moe_weighted-28 (view)"
109,74,MUL_MAT,0,34,11,1989,"ffn_shexp-28","blk.28.ffn_down_shexp.weight","ffn_swiglu-28"
109,77,MUL,0,3,1,2000,"ffn_shexp_gated-28","ffn_shexp-28","shared_expert_gate_sigmoid-28"
109,78,ADD,0,2,0,2002,"ffn_out-28","ffn_moe_out-28","ffn_shexp_gated-28"
109,81,MUL_MAT,0,7,3,2016,"hc_inject-28","blk.28.hc_ffn_inject.weight","hc_norm-28"
109,87,ADD,0,2,1,2034,"l_last-28","hc_combine-28","node_4784"
109,90,MUL,0,8,0,2058,"hc_norm-29"," (reshaped)","blk.29.hc_attn_norm.weight"
109,95,UNARY,0,21,0,2247,"hc_gate-29","node_4792",""
109,106,SCALE,0,1,1,2273,"hc_mixed-29","node_4803",""
109,152,RMS_NORM,0,1,2,3412,"norm-29","attn_output-29",""
110,5,MUL_MAT,0,176,154,648,"linear_attn_out-29","blk.29.ssm_out.weight","final_output-29"
110,9,MUL_MAT,0,7,3,665,"hc_inject-29","blk.29.hc_attn_inject.weight","hc_norm-29"
110,15,ADD,0,2,1,680,"hc_combine-29","l_last-28","node_4866"
110,18,MUL,0,5,0,689,"hc_norm-29"," (reshaped)","blk.29.hc_ffn_norm.weight"
110,23,UNARY,0,21,0,862,"hc_gate-29","node_4874",""
110,34,SCALE,0,0,2,881,"ffn_moe_inp-29","node_4885",""
110,38,ARGSORT,0,18,1,1011,"ffn_moe_argsort-29","ffn_moe_probs-29",""
110,70,ADD,0,1,0,1678,"ffn_moe_out-29","node_4921","ffn_moe_weighted-29 (view)"
110,74,MUL_MAT,0,19,147,1929,"ffn_shexp-29","blk.29.ffn_down_shexp.weight","ffn_swiglu-29"
110,77,MUL,0,2,0,1937,"ffn_shexp_gated-29","ffn_shexp-29","shared_expert_gate_sigmoid-29"
110,78,ADD,0,1,1,1940,"ffn_out-29","ffn_moe_out-29","ffn_shexp_gated-29"
110,81,MUL_MAT,0,12,6,1965,"hc_inject-29","blk.29.hc_ffn_inject.weight","hc_norm-29"
110,87,ADD,0,1,1,1985,"l_last-29","hc_combine-29","node_4938"
110,90,MUL,0,7,0,1996,"hc_norm-30"," (reshaped)","blk.30.hc_attn_norm.weight"
110,95,UNARY,0,21,0,2188,"hc_gate-30","node_4946",""
110,106,SCALE,0,0,1,2220,"hc_mixed-30","node_4957",""
110,152,RMS_NORM,0,0,2,3327,"norm-30","attn_output-30",""
111,5,MUL_MAT,0,341,7,679,"linear_attn_out-30","blk.30.ssm_out.weight","final_output-30"
111,9,MUL_MAT,0,14,1,700,"hc_inject-30","blk.30.hc_attn_inject.weight","hc_norm-30"
111,15,ADD,0,3,0,721,"hc_combine-30","l_last-29","node_5020"
111,18,MUL,0,10,1,737,"hc_norm-30"," (reshaped)","blk.30.hc_ffn_norm.weight"
111,23,UNARY,0,33,1,940,"hc_gate-30","node_5028",""
111,34,SCALE,0,0,2,964,"ffn_moe_inp-30","node_5039",""
111,38,ARGSORT,0,21,1,1116,"ffn_moe_argsort-30","ffn_moe_probs-30",""
111,70,ADD,0,1,5,2043,"ffn_moe_out-30","node_5075","ffn_moe_weighted-30 (view)"
111,74,MUL_MAT,0,32,11,2201,"ffn_shexp-30","blk.30.ffn_down_shexp.weight","ffn_swiglu-30"
111,77,MUL,0,2,61,2270,"ffn_shexp_gated-30","ffn_shexp-30","shared_expert_gate_sigmoid-30"
111,78,ADD,0,1,4,2276,"ffn_out-30","ffn_moe_out-30","ffn_shexp_gated-30"
111,81,MUL_MAT,0,6,4,2289,"hc_inject-30","blk.30.hc_ffn_inject.weight","hc_norm-30"
111,87,ADD,0,1,1,2302,"l_last-30","hc_combine-30","node_5092"
111,90,MUL,0,7,0,2317,"hc_norm-31"," (reshaped)","blk.31.hc_attn_norm.weight"
111,95,UNARY,0,31,0,2519,"hc_gate-31","node_5100",""
111,106,SCALE,0,1,0,2540,"hc_mixed-31","node_5111",""
111,151,RMS_NORM,0,8,0,3365,"norm-31","indexer_k_pooled-31 (reshaped)",""
112,38,MUL_MAT,0,305,9,543,"attn_output-31","blk.31.attn_output.weight","attn_gated-31"
112,41,MUL_MAT,0,9,3,560,"hc_inject-31","blk.31.hc_attn_inject.weight","hc_norm-31"
112,47,ADD,0,2,0,574,"hc_combine-31","l_last-30","node_5207"
112,50,MUL,0,9,0,588,"hc_norm-31"," (reshaped)","blk.31.hc_ffn_norm.weight"
112,55,UNARY,0,33,1,770,"hc_gate-31","node_5215",""
112,66,SCALE,0,1,1,793,"ffn_moe_inp-31","node_5226",""
112,70,ARGSORT,0,21,1,923,"ffn_moe_argsort-31","ffn_moe_probs-31",""
112,102,ADD,0,1,1,2100,"ffn_moe_out-31","node_5262","ffn_moe_weighted-31 (view)"
112,106,MUL_MAT,0,36,3,2216,"ffn_shexp-31","blk.31.ffn_down_shexp.weight","ffn_swiglu-31"
112,109,MUL,0,3,1,2228,"ffn_shexp_gated-31","ffn_shexp-31","shared_expert_gate_sigmoid-31"
112,110,ADD,0,2,0,2230,"ffn_out-31","ffn_moe_out-31","ffn_shexp_gated-31"
112,113,MUL_MAT,0,9,3,2246,"hc_inject-31","blk.31.hc_ffn_inject.weight","hc_norm-31"
112,119,ADD,0,2,1,2272,"l_last-31","hc_combine-31","node_5279"
112,122,MUL,0,9,0,2287,"hc_norm-32"," (reshaped)","blk.32.hc_attn_norm.weight"
112,127,UNARY,0,40,1,2491,"hc_gate-32","node_5287",""
112,138,SCALE,0,0,1,2510,"hc_mixed-32","node_5298",""
112,184,RMS_NORM,0,0,1,3863,"norm-32","attn_output-32",""
113,5,MUL_MAT,0,307,19,631,"linear_attn_out-32","blk.32.ssm_out.weight","final_output-32"
113,9,MUL_MAT,0,9,4,650,"hc_inject-32","blk.32.hc_attn_inject.weight","hc_norm-32"
113,15,ADD,0,2,0,664,"hc_combine-32","l_last-31","node_5361"
113,18,MUL,0,9,0,678,"hc_norm-32"," (reshaped)","blk.32.hc_ffn_norm.weight"
113,23,UNARY,0,34,1,880,"hc_gate-32","node_5369",""
113,34,SCALE,0,1,5,907,"ffn_moe_inp-32","node_5380",""
113,38,ARGSORT,0,22,0,1037,"ffn_moe_argsort-32","ffn_moe_probs-32",""
113,70,ADD,0,1,1,1729,"ffn_moe_out-32","node_5416","ffn_moe_weighted-32 (view)"
113,74,MUL_MAT,0,35,3,1850,"ffn_shexp-32","blk.32.ffn_down_shexp.weight","ffn_swiglu-32"
113,77,MUL,0,3,0,1864,"ffn_shexp_gated-32","ffn_shexp-32","shared_expert_gate_sigmoid-32"
113,78,ADD,0,1,1,1867,"ffn_out-32","ffn_moe_out-32","ffn_shexp_gated-32"
113,81,MUL_MAT,0,15,1,1887,"hc_inject-32","blk.32.hc_ffn_inject.weight","hc_norm-32"
113,87,ADD,0,2,1,1905,"l_last-32","hc_combine-32","node_5433"
113,90,MUL,0,8,0,1919,"hc_norm-33"," (reshaped)","blk.33.hc_attn_norm.weight"
113,95,UNARY,0,34,1,2108,"hc_gate-33","node_5441",""
113,106,SCALE,0,0,1,2146,"hc_mixed-33","node_5452",""
113,152,RMS_NORM,0,1,1,3626,"norm-33","attn_output-33",""
114,5,MUL_MAT,0,321,15,660,"linear_attn_out-33","blk.33.ssm_out.weight","final_output-33"
114,9,MUL_MAT,0,10,0,678,"hc_inject-33","blk.33.hc_attn_inject.weight","hc_norm-33"
114,15,ADD,0,2,8,699,"hc_combine-33","l_last-32","node_5515"
114,18,MUL,0,8,1,713,"hc_norm-33"," (reshaped)","blk.33.hc_ffn_norm.weight"
114,23,UNARY,0,34,1,906,"hc_gate-33","node_5523",""
114,34,SCALE,0,1,1,924,"ffn_moe_inp-33","node_5534",""
114,38,ARGSORT,0,23,0,1054,"ffn_moe_argsort-33","ffn_moe_probs-33",""
114,70,ADD,0,1,1,1771,"ffn_moe_out-33","node_5570","ffn_moe_weighted-33 (view)"
114,74,MUL_MAT,0,37,1,1893,"ffn_shexp-33","blk.33.ffn_down_shexp.weight","ffn_swiglu-33"
114,77,MUL,0,3,0,1914,"ffn_shexp_gated-33","ffn_shexp-33","shared_expert_gate_sigmoid-33"
114,78,ADD,0,1,2,1918,"ffn_out-33","ffn_moe_out-33","ffn_shexp_gated-33"
114,81,MUL_MAT,0,9,1,1933,"hc_inject-33","blk.33.hc_ffn_inject.weight","hc_norm-33"
114,87,ADD,0,1,1,1950,"l_last-33","hc_combine-33","node_5587"
114,90,MUL,0,7,1,1963,"hc_norm-34"," (reshaped)","blk.34.hc_attn_norm.weight"
114,95,UNARY,0,35,0,2151,"hc_gate-34","node_5595",""
114,106,SCALE,0,0,1,2170,"hc_mixed-34","node_5606",""
114,152,RMS_NORM,0,0,1,3630,"norm-34","attn_output-34",""
115,5,MUL_MAT,0,332,10,675,"linear_attn_out-34","blk.34.ssm_out.weight","final_output-34"
115,9,MUL_MAT,0,9,4,693,"hc_inject-34","blk.34.hc_attn_inject.weight","hc_norm-34"
115,15,ADD,0,3,1,708,"hc_combine-34","l_last-33","node_5669"
115,18,MUL,0,9,0,722,"hc_norm-34"," (reshaped)","blk.34.hc_ffn_norm.weight"
115,23,UNARY,0,35,0,923,"hc_gate-34","node_5677",""
115,34,SCALE,0,0,2,946,"ffn_moe_inp-34","node_5688",""
115,38,ARGSORT,0,23,1,1086,"ffn_moe_argsort-34","ffn_moe_probs-34",""
115,70,ADD,0,2,0,1801,"ffn_moe_out-34","node_5724","ffn_moe_weighted-34 (view)"
115,74,MUL_MAT,0,43,6,1929,"ffn_shexp-34","blk.34.ffn_down_shexp.weight","ffn_swiglu-34"
115,77,MUL,0,3,1,1940,"ffn_shexp_gated-34","ffn_shexp-34","shared_expert_gate_sigmoid-34"
115,78,ADD,0,2,0,1942,"ffn_out-34","ffn_moe_out-34","ffn_shexp_gated-34"
115,81,MUL_MAT,0,9,4,1959,"hc_inject-34","blk.34.hc_ffn_inject.weight","hc_norm-34"
115,87,ADD,0,2,1,1973,"l_last-34","hc_combine-34","node_5741"
115,90,MUL,0,9,1,1989,"hc_norm-35"," (reshaped)","blk.35.hc_attn_norm.weight"
115,95,UNARY,0,33,1,2182,"hc_gate-35","node_5749",""
115,106,SCALE,0,0,1,2210,"hc_mixed-35","node_5760",""
115,151,RMS_NORM,0,8,0,3003,"norm-35","indexer_k_pooled-35 (reshaped)",""
116,38,MUL_MAT,0,318,14,564,"attn_output-35","blk.35.attn_output.weight","attn_gated-35"
116,41,MUL_MAT,0,10,4,583,"hc_inject-35","blk.35.hc_attn_inject.weight","hc_norm-35"
116,47,ADD,0,2,1,616,"hc_combine-35","l_last-34","node_5856"
116,50,MUL,0,8,1,634,"hc_norm-35"," (reshaped)","blk.35.hc_ffn_norm.weight"
116,55,UNARY,0,33,1,821,"hc_gate-35","node_5864",""
116,66,SCALE,0,1,0,837,"ffn_moe_inp-35","node_5875",""
116,70,ARGSORT,0,22,0,964,"ffn_moe_argsort-35","ffn_moe_probs-35",""
116,102,ADD,0,2,0,1642,"ffn_moe_out-35","node_5911","ffn_moe_weighted-35 (view)"
116,106,MUL_MAT,0,34,4,1759,"ffn_shexp-35","blk.35.ffn_down_shexp.weight","ffn_swiglu-35"
116,109,MUL,0,4,0,1768,"ffn_shexp_gated-35","ffn_shexp-35","shared_expert_gate_sigmoid-35"
116,110,ADD,0,1,1,1770,"ffn_out-35","ffn_moe_out-35","ffn_shexp_gated-35"
116,113,MUL_MAT,0,9,4,1787,"hc_inject-35","blk.35.hc_ffn_inject.weight","hc_norm-35"
116,119,ADD,0,1,1,1800,"l_last-35","hc_combine-35","node_5928"
116,122,MUL,0,8,1,1814,"hc_norm-36"," (reshaped)","blk.36.hc_attn_norm.weight"
116,127,UNARY,0,34,0,2007,"hc_gate-36","node_5936",""
116,138,SCALE,0,0,2,2025,"hc_mixed-36","node_5947",""
116,184,RMS_NORM,0,1,1,3370,"norm-36","attn_output-36",""
117,5,MUL_MAT,0,362,2,706,"linear_attn_out-36","blk.36.ssm_out.weight","final_output-36"
117,9,MUL_MAT,0,11,4,725,"hc_inject-36","blk.36.hc_attn_inject.weight","hc_norm-36"
117,15,ADD,0,2,1,739,"hc_combine-36","l_last-35","node_6010"
117,18,MUL,0,7,0,750,"hc_norm-36"," (reshaped)","blk.36.hc_ffn_norm.weight"
117,23,UNARY,0,31,3,966,"hc_gate-36","node_6018",""
117,34,SCALE,0,0,12,998,"ffn_moe_inp-36","node_6029",""
117,38,ARGSORT,0,21,0,1141,"ffn_moe_argsort-36","ffn_moe_probs-36",""
117,70,ADD,0,1,1,1961,"ffn_moe_out-36","node_6065","ffn_moe_weighted-36 (view)"
117,74,MUL_MAT,0,20,93,2158,"ffn_shexp-36","blk.36.ffn_down_shexp.weight","ffn_swiglu-36"
117,77,MUL,0,2,0,2167,"ffn_shexp_gated-36","ffn_shexp-36","shared_expert_gate_sigmoid-36"
117,78,ADD,0,0,1,2169,"ffn_out-36","ffn_moe_out-36","ffn_shexp_gated-36"
117,81,MUL_MAT,0,7,7,2188,"hc_inject-36","blk.36.hc_ffn_inject.weight","hc_norm-36"
117,87,ADD,0,1,7,2224,"l_last-36","hc_combine-36","node_6082"
117,90,MUL,0,6,0,2234,"hc_norm-37"," (reshaped)","blk.37.hc_attn_norm.weight"
117,95,UNARY,0,22,0,2415,"hc_gate-37","node_6090",""
117,106,SCALE,0,0,2,2432,"hc_mixed-37","node_6101",""
117,152,RMS_NORM,0,0,1,3766,"norm-37","attn_output-37",""
118,5,MUL_MAT,0,373,19,713,"linear_attn_out-37","blk.37.ssm_out.weight","final_output-37"
118,9,MUL_MAT,0,21,14,755,"hc_inject-37","blk.37.hc_attn_inject.weight","hc_norm-37"
118,15,ADD,0,2,1,786,"hc_combine-37","l_last-36","node_6164"
118,18,MUL,0,11,27,832,"hc_norm-37"," (reshaped)","blk.37.hc_ffn_norm.weight"
118,23,UNARY,0,35,0,1105,"hc_gate-37","node_6172",""
118,34,SCALE,0,0,2,1130,"ffn_moe_inp-37","node_6183",""
118,38,ARGSORT,0,23,0,1323,"ffn_moe_argsort-37","ffn_moe_probs-37",""
118,70,ADD,0,2,0,2246,"ffn_moe_out-37","node_6219","ffn_moe_weighted-37 (view)"
118,74,MUL_MAT,0,30,9,2459,"ffn_shexp-37","blk.37.ffn_down_shexp.weight","ffn_swiglu-37"
118,77,MUL,0,2,0,2468,"ffn_shexp_gated-37","ffn_shexp-37","shared_expert_gate_sigmoid-37"
118,78,ADD,0,1,1,2470,"ffn_out-37","ffn_moe_out-37","ffn_shexp_gated-37"
118,81,MUL_MAT,0,6,5,2484,"hc_inject-37","blk.37.hc_ffn_inject.weight","hc_norm-37"
118,87,ADD,0,1,2,2499,"l_last-37","hc_combine-37","node_6236"
118,90,MUL,0,7,0,2510,"hc_norm-38"," (reshaped)","blk.38.hc_attn_norm.weight"
118,95,UNARY,0,30,1,2782,"hc_gate-38","node_6244",""
118,106,SCALE,0,0,116,2914,"hc_mixed-38","node_6255",""
118,152,RMS_NORM,0,1,1,4020,"norm-38","attn_output-38",""
119,5,MUL_MAT,0,262,81,689,"linear_attn_out-38","blk.38.ssm_out.weight","final_output-38"
119,9,MUL_MAT,0,7,2,702,"hc_inject-38","blk.38.hc_attn_inject.weight","hc_norm-38"
119,15,ADD,0,2,9,736,"hc_combine-38","l_last-37","node_6318"
119,18,MUL,0,6,0,746,"hc_norm-38"," (reshaped)","blk.38.hc_ffn_norm.weight"
119,23,UNARY,0,31,1,947,"hc_gate-38","node_6326",""
119,34,SCALE,0,0,1,963,"ffn_moe_inp-38","node_6337",""
119,38,ARGSORT,0,22,0,1098,"ffn_moe_argsort-38","ffn_moe_probs-38",""
119,70,ADD,0,1,0,1767,"ffn_moe_out-38","node_6373","ffn_moe_weighted-38 (view)"
119,74,MUL_MAT,0,30,27,1921,"ffn_shexp-38","blk.38.ffn_down_shexp.weight","ffn_swiglu-38"
119,77,MUL,0,3,0,1944,"ffn_shexp_gated-38","ffn_shexp-38","shared_expert_gate_sigmoid-38"
119,78,ADD,0,2,0,1946,"ffn_out-38","ffn_moe_out-38","ffn_shexp_gated-38"
119,81,MUL_MAT,0,7,5,1960,"hc_inject-38","blk.38.hc_ffn_inject.weight","hc_norm-38"
119,87,ADD,0,1,1,1972,"l_last-38","hc_combine-38","node_6390"
120,0,GET_ROWS,0,5,1,6,"model.input_embed","token_embd.weight","inp_tokens"
120,2,REPEAT,0,4,8,18,"hc_init","model.input_embed (reshaped)",""
120,5,MUL,0,7,1,31,"hc_norm-0"," (reshaped)","blk.0.hc_attn_norm.weight"
120,10,UNARY,0,22,1,211,"hc_gate-0","node_9",""
120,21,SCALE,0,0,1,235,"hc_mixed-0","node_20",""
120,69,RMS_NORM,0,0,5,1317,"norm-0","attn_output-0",""
121,5,MUL_MAT,0,391,130,945,"linear_attn_out-0","blk.0.ssm_out.weight","final_output-0"
121,9,MUL_MAT,0,13,15,976,"hc_inject-0","blk.0.hc_attn_inject.weight","hc_norm-0"
121,15,ADD,0,2,2,990,"hc_combine-0","hc_init","node_85"
121,18,MUL,0,6,1,1000,"hc_norm-0"," (reshaped)","blk.0.hc_ffn_norm.weight"
121,23,UNARY,0,35,0,1270,"hc_gate-0","node_93",""
121,34,SCALE,0,0,6,1304,"ffn_moe_inp-0","node_104",""
121,38,ARGSORT,0,23,1,1562,"ffn_moe_argsort-0","ffn_moe_probs-0",""
121,70,ADD,0,1,0,2468,"ffn_moe_out-0","node_140","ffn_moe_weighted-0 (view)"
121,93,MUL_MAT,0,33,18,3411,"ffn_shexp-0","blk.0.ffn_down_shexp.weight","ffn_swiglu-0"
121,96,MUL,0,1,1,3433,"ffn_shexp_gated-0","ffn_shexp-0","shared_expert_gate_sigmoid-0"
121,97,ADD,0,2,0,3435,"ffn_out-0","ffn_moe_out-0","ffn_shexp_gated-0"
121,100,MUL_MAT,0,7,6,3451,"hc_inject-0","blk.0.hc_ffn_inject.weight","hc_norm-0"
121,106,ADD,0,1,3,3480,"l_last-0","hc_combine-0","node_176"
121,120,UNARY,0,0,1,3516,"ple_gate-1","node_190",""
121,121,MUL,0,3,2,3522,"ple_gated_value-1","node_154","ple_gate-1"
121,174,MUL,0,7,0,3919,"hc_norm-1"," (reshaped)","blk.1.hc_attn_norm.weight"
121,179,UNARY,0,31,0,4111,"hc_gate-1","node_249",""
121,190,SCALE,0,0,16,4142,"hc_mixed-1","node_260",""
121,236,RMS_NORM,0,0,3,5335,"norm-1","attn_output-1",""
122,5,MUL_MAT,0,265,78,690,"linear_attn_out-1","blk.1.ssm_out.weight","final_output-1"
122,9,MUL_MAT,0,10,6,709,"hc_inject-1","blk.1.hc_attn_inject.weight","hc_norm-1"
122,15,ADD,0,2,1,729,"hc_combine-1","node_242","node_323"
122,18,MUL,0,6,0,740,"hc_norm-1"," (reshaped)","blk.1.hc_ffn_norm.weight"
122,23,UNARY,0,31,0,932,"hc_gate-1","node_331",""
122,34,SCALE,0,0,2,953,"ffn_moe_inp-1","node_342",""
122,38,ARGSORT,0,21,0,1094,"ffn_moe_argsort-1","ffn_moe_probs-1",""
122,70,ADD,0,2,0,1765,"ffn_moe_out-1","node_378","ffn_moe_weighted-1 (view)"
122,74,MUL_MAT,0,31,5,1879,"ffn_shexp-1","blk.1.ffn_down_shexp.weight","ffn_swiglu-1"
122,77,MUL,0,2,0,1886,"ffn_shexp_gated-1","ffn_shexp-1","shared_expert_gate_sigmoid-1"
122,78,ADD,0,2,1,1889,"ffn_out-1","ffn_moe_out-1","ffn_shexp_gated-1"
122,81,MUL_MAT,0,7,6,1904,"hc_inject-1","blk.1.hc_ffn_inject.weight","hc_norm-1"
122,87,ADD,0,2,2,1928,"l_last-1","hc_combine-1","node_395"
122,90,MUL,0,6,0,1939,"hc_norm-2"," (reshaped)","blk.2.hc_attn_norm.weight"
122,95,UNARY,0,47,0,2142,"hc_gate-2","node_403",""
122,106,SCALE,0,0,1,2382,"hc_mixed-2","node_414",""
122,152,RMS_NORM,0,0,1,3514,"norm-2","attn_output-2",""
123,5,MUL_MAT,0,275,69,667,"linear_attn_out-2","blk.2.ssm_out.weight","final_output-2"
123,9,MUL_MAT,0,13,5,693,"hc_inject-2","blk.2.hc_attn_inject.weight","hc_norm-2"
123,15,ADD,0,1,2,707,"hc_combine-2","l_last-1","node_477"
123,18,MUL,0,5,1,717,"hc_norm-2"," (reshaped)","blk.2.hc_ffn_norm.weight"
123,23,UNARY,0,31,0,909,"hc_gate-2","node_485",""
123,34,SCALE,0,0,2,926,"ffn_moe_inp-2","node_496",""
123,38,ARGSORT,0,21,1,1062,"ffn_moe_argsort-2","ffn_moe_probs-2",""
123,70,ADD,0,1,0,1965,"ffn_moe_out-2","node_532","ffn_moe_weighted-2 (view)"
123,74,MUL_MAT,0,41,101,2192,"ffn_shexp-2","blk.2.ffn_down_shexp.weight","ffn_swiglu-2"
123,77,MUL,0,2,0,2205,"ffn_shexp_gated-2","ffn_shexp-2","shared_expert_gate_sigmoid-2"
123,78,ADD,0,1,0,2207,"ffn_out-2","ffn_moe_out-2","ffn_shexp_gated-2"
123,81,MUL_MAT,0,7,7,2224,"hc_inject-2","blk.2.hc_ffn_inject.weight","hc_norm-2"
123,87,ADD,0,1,1,2236,"l_last-2","hc_combine-2","node_549"
123,90,MUL,0,7,0,2247,"hc_norm-3"," (reshaped)","blk.3.hc_attn_norm.weight"
123,95,UNARY,0,31,0,2445,"hc_gate-3","node_557",""
123,106,SCALE,0,1,1,2462,"hc_mixed-3","node_568",""
123,151,RMS_NORM,0,4,7,3250,"norm-3","indexer_k_pooled-3 (reshaped)",""
124,38,MUL_MAT,0,265,73,611,"attn_output-3","blk.3.attn_output.weight","attn_gated-3"
124,41,MUL_MAT,0,7,3,626,"hc_inject-3","blk.3.hc_attn_inject.weight","hc_norm-3"
124,47,ADD,0,2,0,637,"hc_combine-3","l_last-2","node_664"
124,50,MUL,0,6,0,647,"hc_norm-3"," (reshaped)","blk.3.hc_ffn_norm.weight"
124,55,UNARY,0,30,0,829,"hc_gate-3","node_672",""
124,66,SCALE,0,0,12,855,"ffn_moe_inp-3","node_683",""
124,70,ARGSORT,0,22,0,978,"ffn_moe_argsort-3","ffn_moe_probs-3",""
124,102,ADD,0,1,1,1596,"ffn_moe_out-3","node_719","ffn_moe_weighted-3 (view)"
124,106,MUL_MAT,0,30,7,1732,"ffn_shexp-3","blk.3.ffn_down_shexp.weight","ffn_swiglu-3"
124,109,MUL,0,2,1,1740,"ffn_shexp_gated-3","ffn_shexp-3","shared_expert_gate_sigmoid-3"
124,110,ADD,0,1,1,1742,"ffn_out-3","ffn_moe_out-3","ffn_shexp_gated-3"
124,113,MUL_MAT,0,6,2,1752,"hc_inject-3","blk.3.hc_ffn_inject.weight","hc_norm-3"
124,119,ADD,0,2,1,1765,"l_last-3","hc_combine-3","node_736"
124,122,MUL,0,6,1,1776,"hc_norm-4"," (reshaped)","blk.4.hc_attn_norm.weight"
124,127,UNARY,0,31,0,1967,"hc_gate-4","node_744",""
124,138,SCALE,0,0,2,1998,"hc_mixed-4","node_755",""
124,184,RMS_NORM,0,0,5,3038,"norm-4","attn_output-4",""
125,5,MUL_MAT,0,280,46,640,"linear_attn_out-4","blk.4.ssm_out.weight","final_output-4"
125,9,MUL_MAT,0,8,3,654,"hc_inject-4","blk.4.hc_attn_inject.weight","hc_norm-4"
125,15,ADD,0,2,0,667,"hc_combine-4","l_last-3","node_818"
125,18,MUL,0,6,1,678,"hc_norm-4"," (reshaped)","blk.4.hc_ffn_norm.weight"
125,23,UNARY,0,31,0,877,"hc_gate-4","node_826",""
125,34,SCALE,0,0,1,893,"ffn_moe_inp-4","node_837",""
125,38,ARGSORT,0,21,0,1028,"ffn_moe_argsort-4","ffn_moe_probs-4",""
125,70,ADD,0,1,5,1875,"ffn_moe_out-4","node_873","ffn_moe_weighted-4 (view)"
125,74,MUL_MAT,0,34,3,1994,"ffn_shexp-4","blk.4.ffn_down_shexp.weight","ffn_swiglu-4"
125,77,MUL,0,2,0,2008,"ffn_shexp_gated-4","ffn_shexp-4","shared_expert_gate_sigmoid-4"
125,78,ADD,0,1,1,2010,"ffn_out-4","ffn_moe_out-4","ffn_shexp_gated-4"
125,81,MUL_MAT,0,8,4,2024,"hc_inject-4","blk.4.hc_ffn_inject.weight","hc_norm-4"
125,87,ADD,0,2,0,2036,"l_last-4","hc_combine-4","node_890"
125,90,MUL,0,6,0,2047,"hc_norm-5"," (reshaped)","blk.5.hc_attn_norm.weight"
125,95,UNARY,0,32,0,2258,"hc_gate-5","node_898",""
125,106,SCALE,0,0,2,2276,"hc_mixed-5","node_909",""
125,152,RMS_NORM,0,0,2,3476,"norm-5","attn_output-5",""
126,5,MUL_MAT,0,305,135,771,"linear_attn_out-5","blk.5.ssm_out.weight","final_output-5"
126,9,MUL_MAT,0,7,2,837,"hc_inject-5","blk.5.hc_attn_inject.weight","hc_norm-5"
126,15,ADD,0,2,1,850,"hc_combine-5","l_last-4","node_972"
126,18,MUL,0,7,0,860,"hc_norm-5"," (reshaped)","blk.5.hc_ffn_norm.weight"
126,23,UNARY,0,31,0,1043,"hc_gate-5","node_980",""
126,34,SCALE,0,0,1,1059,"ffn_moe_inp-5","node_991",""
126,38,ARGSORT,0,22,0,1183,"ffn_moe_argsort-5","ffn_moe_probs-5",""
126,70,ADD,0,2,0,1816,"ffn_moe_out-5","node_1027","ffn_moe_weighted-5 (view)"
126,74,MUL_MAT,0,30,6,1934,"ffn_shexp-5","blk.5.ffn_down_shexp.weight","ffn_swiglu-5"
126,77,MUL,0,2,0,1941,"ffn_shexp_gated-5","ffn_shexp-5","shared_expert_gate_sigmoid-5"
126,78,ADD,0,1,1,1943,"ffn_out-5","ffn_moe_out-5","ffn_shexp_gated-5"
126,81,MUL_MAT,0,14,1,1969,"hc_inject-5","blk.5.hc_ffn_inject.weight","hc_norm-5"
126,87,ADD,0,2,0,1981,"l_last-5","hc_combine-5","node_1044"
126,90,MUL,0,6,0,1991,"hc_norm-6"," (reshaped)","blk.6.hc_attn_norm.weight"
126,95,UNARY,0,31,0,2173,"hc_gate-6","node_1052",""
126,106,SCALE,0,0,1,2188,"hc_mixed-6","node_1063",""
126,152,RMS_NORM,0,1,2,3283,"norm-6","attn_output-6",""
127,5,MUL_MAT,0,290,59,666,"linear_attn_out-6","blk.6.ssm_out.weight","final_output-6"
127,9,MUL_MAT,0,7,1,678,"hc_inject-6","blk.6.hc_attn_inject.weight","hc_norm-6"
127,15,ADD,0,1,1,690,"hc_combine-6","l_last-5","node_1126"
127,18,MUL,0,17,0,711,"hc_norm-6"," (reshaped)","blk.6.hc_ffn_norm.weight"
127,23,UNARY,0,30,0,896,"hc_gate-6","node_1134",""
127,34,SCALE,0,0,1,911,"ffn_moe_inp-6","node_1145",""
127,38,ARGSORT,0,20,0,1034,"ffn_moe_argsort-6","ffn_moe_probs-6",""
127,70,ADD,0,1,0,1812,"ffn_moe_out-6","node_1181","ffn_moe_weighted-6 (view)"
127,74,MUL_MAT,0,31,6,1933,"ffn_shexp-6","blk.6.ffn_down_shexp.weight","ffn_swiglu-6"
127,77,MUL,0,2,0,1940,"ffn_shexp_gated-6","ffn_shexp-6","shared_expert_gate_sigmoid-6"
127,78,ADD,0,1,0,1942,"ffn_out-6","ffn_moe_out-6","ffn_shexp_gated-6"
127,81,MUL_MAT,0,8,7,1959,"hc_inject-6","blk.6.hc_ffn_inject.weight","hc_norm-6"
127,87,ADD,0,2,0,1975,"l_last-6","hc_combine-6","node_1198"
127,90,MUL,0,6,0,1986,"hc_norm-7"," (reshaped)","blk.7.hc_attn_norm.weight"
127,95,UNARY,0,30,1,2190,"hc_gate-7","node_1206",""
127,106,SCALE,0,0,0,2205,"hc_mixed-7","node_1217",""
127,151,RMS_NORM,0,4,1,3181,"norm-7","indexer_k_pooled-7 (reshaped)",""
128,38,MUL_MAT,0,315,16,579,"attn_output-7","blk.7.attn_output.weight","attn_gated-7"
128,41,MUL_MAT,0,12,1,597,"hc_inject-7","blk.7.hc_attn_inject.weight","hc_norm-7"
128,47,ADD,0,2,1,610,"hc_combine-7","l_last-6","node_1313"
128,50,MUL,0,12,0,627,"hc_norm-7"," (reshaped)","blk.7.hc_ffn_norm.weight"
128,55,UNARY,0,33,1,821,"hc_gate-7","node_1321",""
128,66,SCALE,0,0,1,838,"ffn_moe_inp-7","node_1332",""
128,70,ARGSORT,0,22,1,967,"ffn_moe_argsort-7","ffn_moe_probs-7",""
128,102,ADD,0,1,0,1607,"ffn_moe_out-7","node_1368","ffn_moe_weighted-7 (view)"
128,106,MUL_MAT,0,33,2,1718,"ffn_shexp-7","blk.7.ffn_down_shexp.weight","ffn_swiglu-7"
128,109,MUL,0,3,0,1727,"ffn_shexp_gated-7","ffn_shexp-7","shared_expert_gate_sigmoid-7"
128,110,ADD,0,1,1,1730,"ffn_out-7","ffn_moe_out-7","ffn_shexp_gated-7"
128,113,MUL_MAT,0,7,3,1744,"hc_inject-7","blk.7.hc_ffn_inject.weight","hc_norm-7"
128,119,ADD,0,1,1,1757,"l_last-7","hc_combine-7","node_1385"
128,122,MUL,0,8,1,1771,"hc_norm-8"," (reshaped)","blk.8.hc_attn_norm.weight"
128,127,UNARY,0,34,0,1957,"hc_gate-8","node_1393",""
128,138,SCALE,0,1,0,1977,"hc_mixed-8","node_1404",""
128,184,RMS_NORM,0,1,1,3305,"norm-8","attn_output-8",""
129,5,MUL_MAT,0,297,11,612,"linear_attn_out-8","blk.8.ssm_out.weight","final_output-8"
129,9,MUL_MAT,0,10,2,629,"hc_inject-8","blk.8.hc_attn_inject.weight","hc_norm-8"
129,15,ADD,0,2,0,651,"hc_combine-8","l_last-7","node_1467"
129,18,MUL,0,10,0,666,"hc_norm-8"," (reshaped)","blk.8.hc_ffn_norm.weight"
129,23,UNARY,0,34,15,866,"hc_gate-8","node_1475",""
129,34,SCALE,0,0,1,888,"ffn_moe_inp-8","node_1486",""
129,38,ARGSORT,0,22,0,1016,"ffn_moe_argsort-8","ffn_moe_probs-8",""
129,70,ADD,0,2,0,1765,"ffn_moe_out-8","node_1522","ffn_moe_weighted-8 (view)"
129,74,MUL_MAT,0,49,0,1894,"ffn_shexp-8","blk.8.ffn_down_shexp.weight","ffn_swiglu-8"
129,77,MUL,0,3,0,1904,"ffn_shexp_gated-8","ffn_shexp-8","shared_expert_gate_sigmoid-8"
129,78,ADD,0,2,0,1906,"ffn_out-8","ffn_moe_out-8","ffn_shexp_gated-8"
129,81,MUL_MAT,0,10,0,1920,"hc_inject-8","blk.8.hc_ffn_inject.weight","hc_norm-8"
129,87,ADD,0,2,1,1933,"l_last-8","hc_combine-8","node_1539"
129,90,MUL,0,11,1,1949,"hc_norm-9"," (reshaped)","blk.9.hc_attn_norm.weight"
129,95,UNARY,0,35,1,2161,"hc_gate-9","node_1547",""
129,106,SCALE,0,0,16,2193,"hc_mixed-9","node_1558",""
129,152,RMS_NORM,0,1,1,3631,"norm-9","attn_output-9",""
130,5,MUL_MAT,0,305,13,643,"linear_attn_out-9","blk.9.ssm_out.weight","final_output-9"
130,9,MUL_MAT,0,8,1,657,"hc_inject-9","blk.9.hc_attn_inject.weight","hc_norm-9"
130,15,ADD,0,2,1,671,"hc_combine-9","l_last-8","node_1621"
130,18,MUL,0,8,1,684,"hc_norm-9"," (reshaped)","blk.9.hc_ffn_norm.weight"
130,23,UNARY,0,34,1,878,"hc_gate-9","node_1629",""
130,34,SCALE,0,0,2,897,"ffn_moe_inp-9","node_1640",""
130,38,ARGSORT,0,21,1,1027,"ffn_moe_argsort-9","ffn_moe_probs-9",""
130,70,ADD,0,2,0,1692,"ffn_moe_out-9","node_1676","ffn_moe_weighted-9 (view)"
130,74,MUL_MAT,0,40,2,1821,"ffn_shexp-9","blk.9.ffn_down_shexp.weight","ffn_swiglu-9"
130,77,MUL,0,3,0,1830,"ffn_shexp_gated-9","ffn_shexp-9","shared_expert_gate_sigmoid-9"
130,78,ADD,0,2,8,1840,"ffn_out-9","ffn_moe_out-9","ffn_shexp_gated-9"
130,81,MUL_MAT,0,9,1,1853,"hc_inject-9","blk.9.hc_ffn_inject.weight","hc_norm-9"
130,87,ADD,0,2,0,1865,"l_last-9","hc_combine-9","node_1693"
130,90,MUL,0,15,1,1886,"hc_norm-10"," (reshaped)","blk.10.hc_attn_norm.weight"
130,95,UNARY,0,35,0,2077,"hc_gate-10","node_1701",""
130,106,SCALE,0,1,2,2101,"hc_mixed-10","node_1712",""
130,152,RMS_NORM,0,0,1,3495,"norm-10","attn_output-10",""
131,5,MUL_MAT,0,307,8,632,"linear_attn_out-10","blk.10.ssm_out.weight","final_output-10"
131,9,MUL_MAT,0,9,2,648,"hc_inject-10","blk.10.hc_attn_inject.weight","hc_norm-10"
131,15,ADD,0,2,3,671,"hc_combine-10","l_last-9","node_1775"
131,18,MUL,0,10,0,685,"hc_norm-10"," (reshaped)","blk.10.hc_ffn_norm.weight"
131,23,UNARY,0,34,0,866,"hc_gate-10","node_1783",""
131,34,SCALE,0,0,5,892,"ffn_moe_inp-10","node_1794",""
131,38,ARGSORT,0,22,0,1026,"ffn_moe_argsort-10","ffn_moe_probs-10",""
131,70,ADD,0,2,0,1730,"ffn_moe_out-10","node_1830","ffn_moe_weighted-10 (view)"
131,74,MUL_MAT,0,33,4,1865,"ffn_shexp-10","blk.10.ffn_down_shexp.weight","ffn_swiglu-10"
131,77,MUL,0,2,11,1895,"ffn_shexp_gated-10","ffn_shexp-10","shared_expert_gate_sigmoid-10"
131,78,ADD,0,2,0,1897,"ffn_out-10","ffn_moe_out-10","ffn_shexp_gated-10"
131,81,MUL_MAT,0,6,4,1910,"hc_inject-10","blk.10.hc_ffn_inject.weight","hc_norm-10"
131,87,ADD,0,2,1,1923,"l_last-10","hc_combine-10","node_1847"
131,90,MUL,0,6,0,1933,"hc_norm-11"," (reshaped)","blk.11.hc_attn_norm.weight"
131,95,UNARY,0,30,0,2118,"hc_gate-11","node_1855",""
131,106,SCALE,0,1,1,2135,"hc_mixed-11","node_1866",""
131,151,RMS_NORM,0,4,1,2941,"norm-11","indexer_k_pooled-11 (reshaped)",""
132,38,MUL_MAT,0,173,163,556,"attn_output-11","blk.11.attn_output.weight","attn_gated-11"
132,41,MUL_MAT,0,7,4,570,"hc_inject-11","blk.11.hc_attn_inject.weight","hc_norm-11"
132,47,ADD,0,1,1,583,"hc_combine-11","l_last-10","node_1962"
132,50,MUL,0,5,0,592,"hc_norm-11"," (reshaped)","blk.11.hc_ffn_norm.weight"
132,55,UNARY,0,21,0,772,"hc_gate-11","node_1970",""
132,66,SCALE,0,0,2,785,"ffn_moe_inp-11","node_1981",""
132,70,ARGSORT,0,18,0,909,"ffn_moe_argsort-11","ffn_moe_probs-11",""
132,102,ADD,0,1,9,1637,"ffn_moe_out-11","node_2017","ffn_moe_weighted-11 (view)"
132,106,MUL_MAT,0,22,13,1757,"ffn_shexp-11","blk.11.ffn_down_shexp.weight","ffn_swiglu-11"
132,109,MUL,0,2,0,1765,"ffn_shexp_gated-11","ffn_shexp-11","shared_expert_gate_sigmoid-11"
132,110,ADD,0,2,0,1767,"ffn_out-11","ffn_moe_out-11","ffn_shexp_gated-11"
132,113,MUL_MAT,0,5,3,1778,"hc_inject-11","blk.11.hc_ffn_inject.weight","hc_norm-11"
132,119,ADD,0,1,1,1794,"l_last-11","hc_combine-11","node_2034"
132,122,MUL,0,6,0,1804,"hc_norm-12"," (reshaped)","blk.12.hc_attn_norm.weight"
132,127,UNARY,0,26,1,1973,"hc_gate-12","node_2042",""
132,138,SCALE,0,0,1,1992,"hc_mixed-12","node_2053",""
132,184,RMS_NORM,0,1,7,2954,"norm-12","attn_output-12",""
133,5,MUL_MAT,0,173,158,646,"linear_attn_out-12","blk.12.ssm_out.weight","final_output-12"
133,9,MUL_MAT,0,5,3,658,"hc_inject-12","blk.12.hc_attn_inject.weight","hc_norm-12"
133,15,ADD,0,2,0,670,"hc_combine-12","l_last-11","node_2116"
133,18,MUL,0,6,0,680,"hc_norm-12"," (reshaped)","blk.12.hc_ffn_norm.weight"
133,23,UNARY,0,22,0,841,"hc_gate-12","node_2124",""
133,34,SCALE,0,1,1,856,"ffn_moe_inp-12","node_2135",""
133,38,ARGSORT,0,19,0,975,"ffn_moe_argsort-12","ffn_moe_probs-12",""
133,70,ADD,0,1,0,1573,"ffn_moe_out-12","node_2171","ffn_moe_weighted-12 (view)"
133,74,MUL_MAT,0,17,17,1681,"ffn_shexp-12","blk.12.ffn_down_shexp.weight","ffn_swiglu-12"
133,77,MUL,0,1,1,1689,"ffn_shexp_gated-12","ffn_shexp-12","shared_expert_gate_sigmoid-12"
133,78,ADD,0,1,0,1690,"ffn_out-12","ffn_moe_out-12","ffn_shexp_gated-12"
133,81,MUL_MAT,0,5,5,1702,"hc_inject-12","blk.12.hc_ffn_inject.weight","hc_norm-12"
133,87,ADD,0,1,1,1722,"l_last-12","hc_combine-12","node_2188"
133,90,MUL,0,5,0,1731,"hc_norm-13"," (reshaped)","blk.13.hc_attn_norm.weight"
133,95,UNARY,0,22,0,1900,"hc_gate-13","node_2196",""
133,106,SCALE,0,0,2,1915,"hc_mixed-13","node_2207",""
133,152,RMS_NORM,0,1,9,3106,"norm-13","attn_output-13",""
134,5,MUL_MAT,0,319,0,639,"linear_attn_out-13","blk.13.ssm_out.weight","final_output-13"
134,9,MUL_MAT,0,9,0,655,"hc_inject-13","blk.13.hc_attn_inject.weight","hc_norm-13"
134,15,ADD,0,2,4,677,"hc_combine-13","l_last-12","node_2270"
134,18,MUL,0,8,0,689,"hc_norm-13"," (reshaped)","blk.13.hc_ffn_norm.weight"
134,23,UNARY,0,34,0,871,"hc_gate-13","node_2278",""
134,34,SCALE,0,0,1,888,"ffn_moe_inp-13","node_2289",""
134,38,ARGSORT,0,22,1,1012,"ffn_moe_argsort-13","ffn_moe_probs-13",""
134,70,ADD,0,2,0,1634,"ffn_moe_out-13","node_2325","ffn_moe_weighted-13 (view)"
134,74,MUL_MAT,0,38,1,1760,"ffn_shexp-13","blk.13.ffn_down_shexp.weight","ffn_swiglu-13"
134,77,MUL,0,3,0,1770,"ffn_shexp_gated-13","ffn_shexp-13","shared_expert_gate_sigmoid-13"
134,78,ADD,0,1,0,1772,"ffn_out-13","ffn_moe_out-13","ffn_shexp_gated-13"
134,81,MUL_MAT,0,7,1,1784,"hc_inject-13","blk.13.hc_ffn_inject.weight","hc_norm-13"
134,87,ADD,0,2,1,1796,"l_last-13","hc_combine-13","node_2342"
134,90,MUL,0,8,1,1809,"hc_norm-14"," (reshaped)","blk.14.hc_attn_norm.weight"
134,95,UNARY,0,34,0,1993,"hc_gate-14","node_2350",""
134,106,SCALE,0,0,1,2023,"hc_mixed-14","node_2361",""
134,152,RMS_NORM,0,0,1,3351,"norm-14","attn_output-14",""
135,5,MUL_MAT,0,286,43,734,"linear_attn_out-14","blk.14.ssm_out.weight","final_output-14"
135,9,MUL_MAT,0,7,3,748,"hc_inject-14","blk.14.hc_attn_inject.weight","hc_norm-14"
135,15,ADD,0,1,9,768,"hc_combine-14","l_last-13","node_2424"
135,18,MUL,0,6,1,794,"hc_norm-14"," (reshaped)","blk.14.hc_ffn_norm.weight"
135,23,UNARY,0,31,1,996,"hc_gate-14","node_2432",""
135,34,SCALE,0,0,2,1011,"ffn_moe_inp-14","node_2443",""
135,38,ARGSORT,0,20,0,1147,"ffn_moe_argsort-14","ffn_moe_probs-14",""
135,70,ADD,0,1,0,1844,"ffn_moe_out-14","node_2479","ffn_moe_weighted-14 (view)"
135,74,MUL_MAT,0,33,5,1964,"ffn_shexp-14","blk.14.ffn_down_shexp.weight","ffn_swiglu-14"
135,77,MUL,0,2,1,1973,"ffn_shexp_gated-14","ffn_shexp-14","shared_expert_gate_sigmoid-14"
135,78,ADD,0,1,0,1975,"ffn_out-14","ffn_moe_out-14","ffn_shexp_gated-14"
135,81,MUL_MAT,0,6,2,1986,"hc_inject-14","blk.14.hc_ffn_inject.weight","hc_norm-14"
135,87,ADD,0,2,1,1998,"l_last-14","hc_combine-14","node_2496"
135,90,MUL,0,7,0,2008,"hc_norm-15"," (reshaped)","blk.15.hc_attn_norm.weight"
135,95,UNARY,0,31,0,2212,"hc_gate-15","node_2504",""
135,106,SCALE,0,0,1,2228,"hc_mixed-15","node_2515",""
135,151,RMS_NORM,0,4,0,2976,"norm-15","indexer_k_pooled-15 (reshaped)",""
136,38,MUL_MAT,0,282,65,562,"attn_output-15","blk.15.attn_output.weight","attn_gated-15"
136,41,MUL_MAT,0,15,2,586,"hc_inject-15","blk.15.hc_attn_inject.weight","hc_norm-15"
136,47,ADD,0,2,0,600,"hc_combine-15","l_last-14","node_2611"
136,50,MUL,0,8,5,617,"hc_norm-15"," (reshaped)","blk.15.hc_ffn_norm.weight"
136,55,UNARY,0,32,0,859,"hc_gate-15","node_2619",""
136,66,SCALE,0,0,1,916,"ffn_moe_inp-15","node_2630",""
136,70,ARGSORT,0,22,1,1044,"ffn_moe_argsort-15","ffn_moe_probs-15",""
136,102,ADD,0,1,0,1699,"ffn_moe_out-15","node_2666","ffn_moe_weighted-15 (view)"
136,106,MUL_MAT,0,26,8,1808,"ffn_shexp-15","blk.15.ffn_down_shexp.weight","ffn_swiglu-15"
136,109,MUL,0,2,0,1814,"ffn_shexp_gated-15","ffn_shexp-15","shared_expert_gate_sigmoid-15"
136,110,ADD,0,1,0,1816,"ffn_out-15","ffn_moe_out-15","ffn_shexp_gated-15"
136,113,MUL_MAT,0,6,2,1827,"hc_inject-15","blk.15.hc_ffn_inject.weight","hc_norm-15"
136,119,ADD,0,2,1,1850,"l_last-15","hc_combine-15","node_2683"
136,122,MUL,0,6,0,1860,"hc_norm-16"," (reshaped)","blk.16.hc_attn_norm.weight"
136,127,UNARY,0,32,1,2038,"hc_gate-16","node_2691",""
136,138,SCALE,0,0,1,2052,"hc_mixed-16","node_2702",""
136,184,RMS_NORM,0,0,165,3327,"norm-16","attn_output-16",""
137,5,MUL_MAT,0,257,71,641,"linear_attn_out-16","blk.16.ssm_out.weight","final_output-16"
137,9,MUL_MAT,0,8,3,735,"hc_inject-16","blk.16.hc_attn_inject.weight","hc_norm-16"
137,15,ADD,0,1,1,747,"hc_combine-16","l_last-15","node_2765"
137,18,MUL,0,7,0,758,"hc_norm-16"," (reshaped)","blk.16.hc_ffn_norm.weight"
137,23,UNARY,0,32,0,958,"hc_gate-16","node_2773",""
137,34,SCALE,0,0,1,993,"ffn_moe_inp-16","node_2784",""
137,38,ARGSORT,0,22,1,1132,"ffn_moe_argsort-16","ffn_moe_probs-16",""
137,70,ADD,0,1,1,1853,"ffn_moe_out-16","node_2820","ffn_moe_weighted-16 (view)"
137,74,MUL_MAT,0,31,22,1987,"ffn_shexp-16","blk.16.ffn_down_shexp.weight","ffn_swiglu-16"
137,77,MUL,0,2,1,1994,"ffn_shexp_gated-16","ffn_shexp-16","shared_expert_gate_sigmoid-16"
137,78,ADD,0,1,0,1995,"ffn_out-16","ffn_moe_out-16","ffn_shexp_gated-16"
137,81,MUL_MAT,0,8,2,2008,"hc_inject-16","blk.16.hc_ffn_inject.weight","hc_norm-16"
137,87,ADD,0,2,0,2020,"l_last-16","hc_combine-16","node_2837"
137,90,MUL,0,7,0,2031,"hc_norm-17"," (reshaped)","blk.17.hc_attn_norm.weight"
137,95,UNARY,0,33,1,2245,"hc_gate-17","node_2845",""
137,106,SCALE,0,0,1,2261,"hc_mixed-17","node_2856",""
137,152,RMS_NORM,0,2,13,3391,"norm-17","attn_output-17",""
138,5,MUL_MAT,0,270,65,665,"linear_attn_out-17","blk.17.ssm_out.weight","final_output-17"
138,9,MUL_MAT,0,8,2,679,"hc_inject-17","blk.17.hc_attn_inject.weight","hc_norm-17"
138,15,ADD,0,2,0,692,"hc_combine-17","l_last-16","node_2919"
138,18,MUL,0,6,1,702,"hc_norm-17"," (reshaped)","blk.17.hc_ffn_norm.weight"
138,23,UNARY,0,32,0,885,"hc_gate-17","node_2927",""
138,34,SCALE,0,0,2,903,"ffn_moe_inp-17","node_2938",""
138,38,ARGSORT,0,22,0,1029,"ffn_moe_argsort-17","ffn_moe_probs-17",""
138,70,ADD,0,1,1,1704,"ffn_moe_out-17","node_2974","ffn_moe_weighted-17 (view)"
138,74,MUL_MAT,0,30,6,1826,"ffn_shexp-17","blk.17.ffn_down_shexp.weight","ffn_swiglu-17"
138,77,MUL,0,2,0,1836,"ffn_shexp_gated-17","ffn_shexp-17","shared_expert_gate_sigmoid-17"
138,78,ADD,0,2,0,1838,"ffn_out-17","ffn_moe_out-17","ffn_shexp_gated-17"
138,81,MUL_MAT,0,6,2,1849,"hc_inject-17","blk.17.hc_ffn_inject.weight","hc_norm-17"
138,87,ADD,0,2,9,1870,"l_last-17","hc_combine-17","node_2991"
138,90,MUL,0,7,1,1883,"hc_norm-18"," (reshaped)","blk.18.hc_attn_norm.weight"
138,95,UNARY,0,38,0,2079,"hc_gate-18","node_2999",""
138,106,SCALE,0,1,11,2114,"hc_mixed-18","node_3010",""
138,152,RMS_NORM,0,0,2,3277,"norm-18","attn_output-18",""
139,5,MUL_MAT,0,169,163,672,"linear_attn_out-18","blk.18.ssm_out.weight","final_output-18"
139,9,MUL_MAT,0,11,7,701,"hc_inject-18","blk.18.hc_attn_inject.weight","hc_norm-18"
139,15,ADD,0,1,3,805,"hc_combine-18","l_last-17","node_3073"
139,18,MUL,0,6,0,814,"hc_norm-18"," (reshaped)","blk.18.hc_ffn_norm.weight"
139,23,UNARY,0,21,1,994,"hc_gate-18","node_3081",""
139,34,SCALE,0,1,2,1009,"ffn_moe_inp-18","node_3092",""
139,38,ARGSORT,0,18,1,1140,"ffn_moe_argsort-18","ffn_moe_probs-18",""
139,70,ADD,0,1,1,1807,"ffn_moe_out-18","node_3128","ffn_moe_weighted-18 (view)"
139,74,MUL_MAT,0,29,9,1928,"ffn_shexp-18","blk.18.ffn_down_shexp.weight","ffn_swiglu-18"
139,77,MUL,0,2,0,1936,"ffn_shexp_gated-18","ffn_shexp-18","shared_expert_gate_sigmoid-18"
139,78,ADD,0,1,0,1937,"ffn_out-18","ffn_moe_out-18","ffn_shexp_gated-18"
139,81,MUL_MAT,0,6,7,1953,"hc_inject-18","blk.18.hc_ffn_inject.weight","hc_norm-18"
139,87,ADD,0,2,1,1967,"l_last-18","hc_combine-18","node_3145"
139,90,MUL,0,4,0,1975,"hc_norm-19"," (reshaped)","blk.19.hc_attn_norm.weight"
139,95,UNARY,0,21,0,2142,"hc_gate-19","node_3153",""
139,106,SCALE,0,0,2,2157,"hc_mixed-19","node_3164",""
139,151,RMS_NORM,0,4,0,2898,"norm-19","indexer_k_pooled-19 (reshaped)",""
140,38,MUL_MAT,0,251,74,558,"attn_output-19","blk.19.attn_output.weight","attn_gated-19"
140,41,MUL_MAT,0,9,0,572,"hc_inject-19","blk.19.hc_attn_inject.weight","hc_norm-19"
140,47,ADD,0,2,1,585,"hc_combine-19","l_last-18","node_3260"
140,50,MUL,0,7,0,596,"hc_norm-19"," (reshaped)","blk.19.hc_ffn_norm.weight"
140,55,UNARY,0,30,1,787,"hc_gate-19","node_3268",""
140,66,SCALE,0,0,1,810,"ffn_moe_inp-19","node_3279",""
140,70,ARGSORT,0,20,0,934,"ffn_moe_argsort-19","ffn_moe_probs-19",""
140,102,ADD,0,1,0,1697,"ffn_moe_out-19","node_3315","ffn_moe_weighted-19 (view)"
140,106,MUL_MAT,0,28,8,1813,"ffn_shexp-19","blk.19.ffn_down_shexp.weight","ffn_swiglu-19"
140,109,MUL,0,1,1,1822,"ffn_shexp_gated-19","ffn_shexp-19","shared_expert_gate_sigmoid-19"
140,110,ADD,0,1,1,1824,"ffn_out-19","ffn_moe_out-19","ffn_shexp_gated-19"
140,113,MUL_MAT,0,6,2,1834,"hc_inject-19","blk.19.hc_ffn_inject.weight","hc_norm-19"
140,119,ADD,0,2,0,1846,"l_last-19","hc_combine-19","node_3332"
140,122,MUL,0,6,1,1857,"hc_norm-20"," (reshaped)","blk.20.hc_attn_norm.weight"
140,127,UNARY,0,30,0,2032,"hc_gate-20","node_3340",""
140,138,SCALE,0,0,2,2049,"hc_mixed-20","node_3351",""
140,184,RMS_NORM,0,0,2,3278,"norm-20","attn_output-20",""
141,5,MUL_MAT,0,259,64,641,"linear_attn_out-20","blk.20.ssm_out.weight","final_output-20"
141,9,MUL_MAT,0,9,2,655,"hc_inject-20","blk.20.hc_attn_inject.weight","hc_norm-20"
141,15,ADD,0,2,0,668,"hc_combine-20","l_last-19","node_3414"
141,18,MUL,0,6,0,678,"hc_norm-20"," (reshaped)","blk.20.hc_ffn_norm.weight"
141,23,UNARY,0,31,0,852,"hc_gate-20","node_3422",""
141,34,SCALE,0,0,2,872,"ffn_moe_inp-20","node_3433",""
141,38,ARGSORT,0,21,0,994,"ffn_moe_argsort-20","ffn_moe_probs-20",""
141,70,ADD,0,1,0,1766,"ffn_moe_out-20","node_3469","ffn_moe_weighted-20 (view)"
141,74,MUL_MAT,0,33,5,1903,"ffn_shexp-20","blk.20.ffn_down_shexp.weight","ffn_swiglu-20"
141,77,MUL,0,2,0,1919,"ffn_shexp_gated-20","ffn_shexp-20","shared_expert_gate_sigmoid-20"
141,78,ADD,0,1,1,1921,"ffn_out-20","ffn_moe_out-20","ffn_shexp_gated-20"
141,81,MUL_MAT,0,6,2,1932,"hc_inject-20","blk.20.hc_ffn_inject.weight","hc_norm-20"
141,87,ADD,0,1,1,1944,"l_last-20","hc_combine-20","node_3486"
141,90,MUL,0,7,0,1968,"hc_norm-21"," (reshaped)","blk.21.hc_attn_norm.weight"
141,95,UNARY,0,32,0,2166,"hc_gate-21","node_3494",""
141,106,SCALE,0,0,1,2182,"hc_mixed-21","node_3505",""
141,152,RMS_NORM,0,1,12,3380,"norm-21","attn_output-21",""
142,5,MUL_MAT,0,272,50,637,"linear_attn_out-21","blk.21.ssm_out.weight","final_output-21"
142,9,MUL_MAT,0,8,2,653,"hc_inject-21","blk.21.hc_attn_inject.weight","hc_norm-21"
142,15,ADD,0,2,0,665,"hc_combine-21","l_last-20","node_3568"
142,18,MUL,0,7,0,676,"hc_norm-21"," (reshaped)","blk.21.hc_ffn_norm.weight"
142,23,UNARY,0,30,0,863,"hc_gate-21","node_3576",""
142,34,SCALE,0,0,2,890,"ffn_moe_inp-21","node_3587",""
142,38,ARGSORT,0,20,0,1013,"ffn_moe_argsort-21","ffn_moe_probs-21",""
142,70,ADD,0,1,1,1691,"ffn_moe_out-21","node_3623","ffn_moe_weighted-21 (view)"
142,74,MUL_MAT,0,28,16,1822,"ffn_shexp-21","blk.21.ffn_down_shexp.weight","ffn_swiglu-21"
142,77,MUL,0,2,1,1834,"ffn_shexp_gated-21","ffn_shexp-21","shared_expert_gate_sigmoid-21"
142,78,ADD,0,1,1,1836,"ffn_out-21","ffn_moe_out-21","ffn_shexp_gated-21"
142,81,MUL_MAT,0,7,2,1847,"hc_inject-21","blk.21.hc_ffn_inject.weight","hc_norm-21"
142,87,ADD,0,1,1,1858,"l_last-21","hc_combine-21","node_3640"
142,90,MUL,0,7,0,1869,"hc_norm-22"," (reshaped)","blk.22.hc_attn_norm.weight"
142,95,UNARY,0,30,0,2047,"hc_gate-22","node_3648",""
142,106,SCALE,0,0,1,2067,"hc_mixed-22","node_3659",""
142,152,RMS_NORM,0,1,1,3372,"norm-22","attn_output-22",""
143,5,MUL_MAT,0,322,8,669,"linear_attn_out-22","blk.22.ssm_out.weight","final_output-22"
143,9,MUL_MAT,0,9,0,687,"hc_inject-22","blk.22.hc_attn_inject.weight","hc_norm-22"
143,15,ADD,0,2,1,704,"hc_combine-22","l_last-21","node_3722"
143,18,MUL,0,8,1,717,"hc_norm-22"," (reshaped)","blk.22.hc_ffn_norm.weight"
143,23,UNARY,0,53,0,932,"hc_gate-22","node_3730",""
143,34,SCALE,0,1,1,952,"ffn_moe_inp-22","node_3741",""
143,38,ARGSORT,0,23,0,1089,"ffn_moe_argsort-22","ffn_moe_probs-22",""
143,70,ADD,0,1,0,1746,"ffn_moe_out-22","node_3777","ffn_moe_weighted-22 (view)"
143,74,MUL_MAT,0,34,1,1869,"ffn_shexp-22","blk.22.ffn_down_shexp.weight","ffn_swiglu-22"
143,77,MUL,0,3,0,1880,"ffn_shexp_gated-22","ffn_shexp-22","shared_expert_gate_sigmoid-22"
143,78,ADD,0,1,1,1883,"ffn_out-22","ffn_moe_out-22","ffn_shexp_gated-22"
143,81,MUL_MAT,0,8,1,1896,"hc_inject-22","blk.22.hc_ffn_inject.weight","hc_norm-22"
143,87,ADD,0,2,1,1923,"l_last-22","hc_combine-22","node_3794"
143,90,MUL,0,8,0,1935,"hc_norm-23"," (reshaped)","blk.23.hc_attn_norm.weight"
143,95,UNARY,0,34,0,2126,"hc_gate-23","node_3802",""
143,106,SCALE,0,0,1,2146,"hc_mixed-23","node_3813",""
143,151,RMS_NORM,0,20,1,2915,"norm-23","indexer_k_pooled-23 (reshaped)",""
144,38,MUL_MAT,0,321,14,578,"attn_output-23","blk.23.attn_output.weight","attn_gated-23"
144,41,MUL_MAT,0,13,2,625,"hc_inject-23","blk.23.hc_attn_inject.weight","hc_norm-23"
144,47,ADD,0,2,10,658,"hc_combine-23","l_last-22","node_3909"
144,50,MUL,0,9,0,677,"hc_norm-23"," (reshaped)","blk.23.hc_ffn_norm.weight"
144,55,UNARY,0,34,0,875,"hc_gate-23","node_3917",""
144,66,SCALE,0,0,1,894,"ffn_moe_inp-23","node_3928",""
144,70,ARGSORT,0,21,0,1028,"ffn_moe_argsort-23","ffn_moe_probs-23",""
144,102,ADD,0,2,0,1746,"ffn_moe_out-23","node_3964","ffn_moe_weighted-23 (view)"
144,106,MUL_MAT,0,33,1,1856,"ffn_shexp-23","blk.23.ffn_down_shexp.weight","ffn_swiglu-23"
144,109,MUL,0,3,0,1866,"ffn_shexp_gated-23","ffn_shexp-23","shared_expert_gate_sigmoid-23"
144,110,ADD,0,2,0,1868,"ffn_out-23","ffn_moe_out-23","ffn_shexp_gated-23"
144,113,MUL_MAT,0,105,1,1978,"hc_inject-23","blk.23.hc_ffn_inject.weight","hc_norm-23"
144,119,ADD,0,2,1,1992,"l_last-23","hc_combine-23","node_3981"
144,122,MUL,0,8,1,2006,"hc_norm-24"," (reshaped)","blk.24.hc_attn_norm.weight"
144,127,UNARY,0,33,1,2192,"hc_gate-24","node_3989",""
144,138,SCALE,0,1,0,2220,"hc_mixed-24","node_4000",""
144,184,RMS_NORM,0,1,2,3500,"norm-24","attn_output-24",""
145,5,MUL_MAT,0,299,10,600,"linear_attn_out-24","blk.24.ssm_out.weight","final_output-24"
145,9,MUL_MAT,0,9,1,615,"hc_inject-24","blk.24.hc_attn_inject.weight","hc_norm-24"
145,15,ADD,0,2,7,641,"hc_combine-24","l_last-23","node_4063"
145,18,MUL,0,9,0,655,"hc_norm-24"," (reshaped)","blk.24.hc_ffn_norm.weight"
145,23,UNARY,0,34,0,844,"hc_gate-24","node_4071",""
145,34,SCALE,0,0,2,864,"ffn_moe_inp-24","node_4082",""
145,38,ARGSORT,0,21,1,989,"ffn_moe_argsort-24","ffn_moe_probs-24",""
145,70,ADD,0,1,1,1693,"ffn_moe_out-24","node_4118","ffn_moe_weighted-24 (view)"
145,74,MUL_MAT,0,36,2,1821,"ffn_shexp-24","blk.24.ffn_down_shexp.weight","ffn_swiglu-24"
145,77,MUL,0,3,1,1832,"ffn_shexp_gated-24","ffn_shexp-24","shared_expert_gate_sigmoid-24"
145,78,ADD,0,1,0,1834,"ffn_out-24","ffn_moe_out-24","ffn_shexp_gated-24"
145,81,MUL_MAT,0,8,3,1850,"hc_inject-24","blk.24.hc_ffn_inject.weight","hc_norm-24"
145,87,ADD,0,2,1,1864,"l_last-24","hc_combine-24","node_4135"
145,90,MUL,0,9,0,1878,"hc_norm-25"," (reshaped)","blk.25.hc_attn_norm.weight"
145,95,UNARY,0,35,0,2079,"hc_gate-25","node_4143",""
145,106,SCALE,0,1,0,2101,"hc_mixed-25","node_4154",""
145,152,RMS_NORM,0,1,0,3458,"norm-25","attn_output-25",""
146,5,MUL_MAT,0,304,7,620,"linear_attn_out-25","blk.25.ssm_out.weight","final_output-25"
146,9,MUL_MAT,0,9,0,634,"hc_inject-25","blk.25.hc_attn_inject.weight","hc_norm-25"
146,15,ADD,0,2,1,647,"hc_combine-25","l_last-24","node_4217"
146,18,MUL,0,8,0,661,"hc_norm-25"," (reshaped)","blk.25.hc_ffn_norm.weight"
146,23,UNARY,0,33,1,838,"hc_gate-25","node_4225",""
146,34,SCALE,0,0,10,865,"ffn_moe_inp-25","node_4236",""
146,38,ARGSORT,0,21,0,989,"ffn_moe_argsort-25","ffn_moe_probs-25",""
146,70,ADD,0,1,1,1630,"ffn_moe_out-25","node_4272","ffn_moe_weighted-25 (view)"
146,74,MUL_MAT,0,62,10,1813,"ffn_shexp-25","blk.25.ffn_down_shexp.weight","ffn_swiglu-25"
146,77,MUL,0,2,2,1845,"ffn_shexp_gated-25","ffn_shexp-25","shared_expert_gate_sigmoid-25"
146,78,ADD,0,1,15,1861,"ffn_out-25","ffn_moe_out-25","ffn_shexp_gated-25"
146,81,MUL_MAT,0,6,8,1880,"hc_inject-25","blk.25.hc_ffn_inject.weight","hc_norm-25"
146,87,ADD,0,1,2,1941,"l_last-25","hc_combine-25","node_4289"
146,90,MUL,0,7,0,1952,"hc_norm-26"," (reshaped)","blk.26.hc_attn_norm.weight"
146,95,UNARY,0,30,1,2184,"hc_gate-26","node_4297",""
146,106,SCALE,0,0,1,2199,"hc_mixed-26","node_4308",""
146,152,RMS_NORM,0,0,3,3409,"norm-26","attn_output-26",""
147,5,MUL_MAT,0,264,59,651,"linear_attn_out-26","blk.26.ssm_out.weight","final_output-26"
147,9,MUL_MAT,0,6,4,665,"hc_inject-26","blk.26.hc_attn_inject.weight","hc_norm-26"
147,15,ADD,0,2,12,692,"hc_combine-26","l_last-25","node_4371"
147,18,MUL,0,6,1,701,"hc_norm-26"," (reshaped)","blk.26.hc_ffn_norm.weight"
147,23,UNARY,0,31,0,893,"hc_gate-26","node_4379",""
147,34,SCALE,0,0,1,911,"ffn_moe_inp-26","node_4390",""
147,38,ARGSORT,0,21,0,1044,"ffn_moe_argsort-26","ffn_moe_probs-26",""
147,70,ADD,0,1,1,1697,"ffn_moe_out-26","node_4426","ffn_moe_weighted-26 (view)"
147,74,MUL_MAT,0,29,12,1816,"ffn_shexp-26","blk.26.ffn_down_shexp.weight","ffn_swiglu-26"
147,77,MUL,0,2,1,1825,"ffn_shexp_gated-26","ffn_shexp-26","shared_expert_gate_sigmoid-26"
147,78,ADD,0,1,0,1826,"ffn_out-26","ffn_moe_out-26","ffn_shexp_gated-26"
147,81,MUL_MAT,0,6,2,1837,"hc_inject-26","blk.26.hc_ffn_inject.weight","hc_norm-26"
147,87,ADD,0,1,1,1851,"l_last-26","hc_combine-26","node_4443"
147,90,MUL,0,6,0,1861,"hc_norm-27"," (reshaped)","blk.27.hc_attn_norm.weight"
147,95,UNARY,0,32,0,2044,"hc_gate-27","node_4451",""
147,106,SCALE,0,1,2,2248,"hc_mixed-27","node_4462",""
147,151,RMS_NORM,0,3,1,3120,"norm-27","indexer_k_pooled-27 (reshaped)",""
148,38,MUL_MAT,0,173,146,555,"attn_output-27","blk.27.attn_output.weight","attn_gated-27"
148,41,MUL_MAT,0,15,4,577,"hc_inject-27","blk.27.hc_attn_inject.weight","hc_norm-27"
148,47,ADD,0,1,2,591,"hc_combine-27","l_last-26","node_4558"
148,50,MUL,0,6,0,605,"hc_norm-27"," (reshaped)","blk.27.hc_ffn_norm.weight"
148,55,UNARY,0,21,0,822,"hc_gate-27","node_4566",""
148,66,SCALE,0,1,1,837,"ffn_moe_inp-27","node_4577",""
148,70,ARGSORT,0,18,0,959,"ffn_moe_argsort-27","ffn_moe_probs-27",""
148,102,ADD,0,0,1,2066,"ffn_moe_out-27","node_4613","ffn_moe_weighted-27 (view)"
148,106,MUL_MAT,0,21,15,2173,"ffn_shexp-27","blk.27.ffn_down_shexp.weight","ffn_swiglu-27"
148,109,MUL,0,2,5,2187,"ffn_shexp_gated-27","ffn_shexp-27","shared_expert_gate_sigmoid-27"
148,110,ADD,0,1,1,2189,"ffn_out-27","ffn_moe_out-27","ffn_shexp_gated-27"
148,113,MUL_MAT,0,6,12,2210,"hc_inject-27","blk.27.hc_ffn_inject.weight","hc_norm-27"
148,119,ADD,0,1,1,2265,"l_last-27","hc_combine-27","node_4630"
148,122,MUL,0,5,0,2274,"hc_norm-28"," (reshaped)","blk.28.hc_attn_norm.weight"
148,127,UNARY,0,21,0,2441,"hc_gate-28","node_4638",""
148,138,SCALE,0,0,2,2456,"hc_mixed-28","node_4649",""
148,184,RMS_NORM,0,1,1,3460,"norm-28","attn_output-28",""
149,5,MUL_MAT,0,177,143,625,"linear_attn_out-28","blk.28.ssm_out.weight","final_output-28"
149,9,MUL_MAT,0,6,2,636,"hc_inject-28","blk.28.hc_attn_inject.weight","hc_norm-28"
149,15,ADD,0,1,1,650,"hc_combine-28","l_last-27","node_4712"
149,18,MUL,0,5,1,660,"hc_norm-28"," (reshaped)","blk.28.hc_ffn_norm.weight"
149,23,UNARY,0,23,0,841,"hc_gate-28","node_4720",""
149,34,SCALE,0,0,2,929,"ffn_moe_inp-28","node_4731",""
149,38,ARGSORT,0,42,1,1085,"ffn_moe_argsort-28","ffn_moe_probs-28",""
149,70,ADD,0,1,1,1792,"ffn_moe_out-28","node_4767","ffn_moe_weighted-28 (view)"
149,74,MUL_MAT,0,30,8,1911,"ffn_shexp-28","blk.28.ffn_down_shexp.weight","ffn_swiglu-28"
149,77,MUL,0,2,0,1919,"ffn_shexp_gated-28","ffn_shexp-28","shared_expert_gate_sigmoid-28"
149,78,ADD,0,1,1,1922,"ffn_out-28","ffn_moe_out-28","ffn_shexp_gated-28"
149,81,MUL_MAT,0,7,5,1937,"hc_inject-28","blk.28.hc_ffn_inject.weight","hc_norm-28"
149,87,ADD,0,2,0,1948,"l_last-28","hc_combine-28","node_4784"
149,90,MUL,0,7,1,1960,"hc_norm-29"," (reshaped)","blk.29.hc_attn_norm.weight"
149,95,UNARY,0,31,0,2156,"hc_gate-29","node_4792",""
149,106,SCALE,0,0,2,2180,"hc_mixed-29","node_4803",""
149,152,RMS_NORM,0,1,1,3354,"norm-29","attn_output-29",""
150,5,MUL_MAT,0,280,41,629,"linear_attn_out-29","blk.29.ssm_out.weight","final_output-29"
150,9,MUL_MAT,0,8,1,641,"hc_inject-29","blk.29.hc_attn_inject.weight","hc_norm-29"
150,15,ADD,0,2,1,655,"hc_combine-29","l_last-28","node_4866"
150,18,MUL,0,6,1,666,"hc_norm-29"," (reshaped)","blk.29.hc_ffn_norm.weight"
150,23,UNARY,0,31,0,859,"hc_gate-29","node_4874",""
150,34,SCALE,0,0,1,876,"ffn_moe_inp-29","node_4885",""
150,38,ARGSORT,0,21,1,1003,"ffn_moe_argsort-29","ffn_moe_probs-29",""
150,70,ADD,0,1,0,1648,"ffn_moe_out-29","node_4921","ffn_moe_weighted-29 (view)"
150,74,MUL_MAT,0,29,10,1780,"ffn_shexp-29","blk.29.ffn_down_shexp.weight","ffn_swiglu-29"
150,77,MUL,0,2,0,1789,"ffn_shexp_gated-29","ffn_shexp-29","shared_expert_gate_sigmoid-29"
150,78,ADD,0,1,1,1791,"ffn_out-29","ffn_moe_out-29","ffn_shexp_gated-29"
150,81,MUL_MAT,0,11,1,1806,"hc_inject-29","blk.29.hc_ffn_inject.weight","hc_norm-29"
150,87,ADD,0,1,2,1974,"l_last-29","hc_combine-29","node_4938"
150,90,MUL,0,7,0,1986,"hc_norm-30"," (reshaped)","blk.30.hc_attn_norm.weight"
150,95,UNARY,0,21,1,2167,"hc_gate-30","node_4946",""
150,106,SCALE,0,0,1,2182,"hc_mixed-30","node_4957",""
150,152,RMS_NORM,0,1,2,3262,"norm-30","attn_output-30",""
151,5,MUL_MAT,0,263,58,639,"linear_attn_out-30","blk.30.ssm_out.weight","final_output-30"
151,9,MUL_MAT,0,7,2,655,"hc_inject-30","blk.30.hc_attn_inject.weight","hc_norm-30"
151,15,ADD,0,2,1,668,"hc_combine-30","l_last-29","node_5020"
151,18,MUL,0,6,1,680,"hc_norm-30"," (reshaped)","blk.30.hc_ffn_norm.weight"
151,23,UNARY,0,31,0,858,"hc_gate-30","node_5028",""
151,34,SCALE,0,0,1,875,"ffn_moe_inp-30","node_5039",""
151,38,ARGSORT,0,22,147,1181,"ffn_moe_argsort-30","ffn_moe_probs-30",""
151,70,ADD,0,1,1,1926,"ffn_moe_out-30","node_5075","ffn_moe_weighted-30 (view)"
151,74,MUL_MAT,0,30,8,2048,"ffn_shexp-30","blk.30.ffn_down_shexp.weight","ffn_swiglu-30"
151,77,MUL,0,2,1,2061,"ffn_shexp_gated-30","ffn_shexp-30","shared_expert_gate_sigmoid-30"
151,78,ADD,0,1,1,2063,"ffn_out-30","ffn_moe_out-30","ffn_shexp_gated-30"
151,81,MUL_MAT,0,6,2,2074,"hc_inject-30","blk.30.hc_ffn_inject.weight","hc_norm-30"
151,87,ADD,0,2,0,2095,"l_last-30","hc_combine-30","node_5092"
151,90,MUL,0,7,0,2106,"hc_norm-31"," (reshaped)","blk.31.hc_attn_norm.weight"
151,95,UNARY,0,31,0,2287,"hc_gate-31","node_5100",""
151,106,SCALE,0,1,1,2304,"hc_mixed-31","node_5111",""
151,151,RMS_NORM,0,4,1,3068,"norm-31","indexer_k_pooled-31 (reshaped)",""
152,38,MUL_MAT,0,258,62,546,"attn_output-31","blk.31.attn_output.weight","attn_gated-31"
152,41,MUL_MAT,0,8,4,561,"hc_inject-31","blk.31.hc_attn_inject.weight","hc_norm-31"
152,47,ADD,0,2,0,574,"hc_combine-31","l_last-30","node_5207"
152,50,MUL,0,6,1,585,"hc_norm-31"," (reshaped)","blk.31.hc_ffn_norm.weight"
152,55,UNARY,0,30,0,769,"hc_gate-31","node_5215",""
152,66,SCALE,0,0,1,788,"ffn_moe_inp-31","node_5226",""
152,70,ARGSORT,0,22,0,915,"ffn_moe_argsort-31","ffn_moe_probs-31",""
152,102,ADD,0,1,0,1589,"ffn_moe_out-31","node_5262","ffn_moe_weighted-31 (view)"
152,106,MUL_MAT,0,25,45,1775,"ffn_shexp-31","blk.31.ffn_down_shexp.weight","ffn_swiglu-31"
152,109,MUL,0,2,0,1783,"ffn_shexp_gated-31","ffn_shexp-31","shared_expert_gate_sigmoid-31"
152,110,ADD,0,1,1,1785,"ffn_out-31","ffn_moe_out-31","ffn_shexp_gated-31"
152,113,MUL_MAT,0,7,2,1797,"hc_inject-31","blk.31.hc_ffn_inject.weight","hc_norm-31"
152,119,ADD,0,2,1,1810,"l_last-31","hc_combine-31","node_5279"
152,122,MUL,0,6,0,1820,"hc_norm-32"," (reshaped)","blk.32.hc_attn_norm.weight"
152,127,UNARY,0,30,1,2101,"hc_gate-32","node_5287",""
152,138,SCALE,0,0,2,2119,"hc_mixed-32","node_5298",""
152,184,RMS_NORM,0,1,9,3144,"norm-32","attn_output-32",""
153,5,MUL_MAT,0,259,62,634,"linear_attn_out-32","blk.32.ssm_out.weight","final_output-32"
153,9,MUL_MAT,0,7,1,653,"hc_inject-32","blk.32.hc_attn_inject.weight","hc_norm-32"
153,15,ADD,0,1,1,665,"hc_combine-32","l_last-31","node_5361"
153,18,MUL,0,6,2,677,"hc_norm-32"," (reshaped)","blk.32.hc_ffn_norm.weight"
153,23,UNARY,0,31,0,854,"hc_gate-32","node_5369",""
153,34,SCALE,0,0,7,877,"ffn_moe_inp-32","node_5380",""
153,38,ARGSORT,0,21,0,997,"ffn_moe_argsort-32","ffn_moe_probs-32",""
153,70,ADD,0,1,1,1683,"ffn_moe_out-32","node_5416","ffn_moe_weighted-32 (view)"
153,74,MUL_MAT,0,30,7,1798,"ffn_shexp-32","blk.32.ffn_down_shexp.weight","ffn_swiglu-32"
153,77,MUL,0,2,1,1807,"ffn_shexp_gated-32","ffn_shexp-32","shared_expert_gate_sigmoid-32"
153,78,ADD,0,1,0,1808,"ffn_out-32","ffn_moe_out-32","ffn_shexp_gated-32"
153,81,MUL_MAT,0,6,13,1831,"hc_inject-32","blk.32.hc_ffn_inject.weight","hc_norm-32"
153,87,ADD,0,1,1,1853,"l_last-32","hc_combine-32","node_5433"
153,90,MUL,0,7,0,1864,"hc_norm-33"," (reshaped)","blk.33.hc_attn_norm.weight"
153,95,UNARY,0,31,0,2051,"hc_gate-33","node_5441",""
153,106,SCALE,0,0,1,2068,"hc_mixed-33","node_5452",""
153,152,RMS_NORM,0,0,2,3197,"norm-33","attn_output-33",""
154,5,MUL_MAT,0,264,59,650,"linear_attn_out-33","blk.33.ssm_out.weight","final_output-33"
154,9,MUL_MAT,0,8,1,663,"hc_inject-33","blk.33.hc_attn_inject.weight","hc_norm-33"
154,15,ADD,0,2,1,684,"hc_combine-33","l_last-32","node_5515"
154,18,MUL,0,6,0,694,"hc_norm-33"," (reshaped)","blk.33.hc_ffn_norm.weight"
154,23,UNARY,0,30,0,867,"hc_gate-33","node_5523",""
154,34,SCALE,0,0,2,893,"ffn_moe_inp-33","node_5534",""
154,38,ARGSORT,0,20,0,1017,"ffn_moe_argsort-33","ffn_moe_probs-33",""
154,70,ADD,0,2,0,1696,"ffn_moe_out-33","node_5570","ffn_moe_weighted-33 (view)"
154,74,MUL_MAT,0,32,11,1850,"ffn_shexp-33","blk.33.ffn_down_shexp.weight","ffn_swiglu-33"
154,77,MUL,0,2,0,1858,"ffn_shexp_gated-33","ffn_shexp-33","shared_expert_gate_sigmoid-33"
154,78,ADD,0,1,0,1860,"ffn_out-33","ffn_moe_out-33","ffn_shexp_gated-33"
154,81,MUL_MAT,0,7,6,1876,"hc_inject-33","blk.33.hc_ffn_inject.weight","hc_norm-33"
154,87,ADD,0,1,2,1893,"l_last-33","hc_combine-33","node_5587"
154,90,MUL,0,6,0,1903,"hc_norm-34"," (reshaped)","blk.34.hc_attn_norm.weight"
154,95,UNARY,0,30,0,2112,"hc_gate-34","node_5595",""
154,106,SCALE,0,0,2,2129,"hc_mixed-34","node_5606",""
154,152,RMS_NORM,0,1,10,3207,"norm-34","attn_output-34",""
155,5,MUL_MAT,0,255,73,638,"linear_attn_out-34","blk.34.ssm_out.weight","final_output-34"
155,9,MUL_MAT,0,7,2,651,"hc_inject-34","blk.34.hc_attn_inject.weight","hc_norm-34"
155,15,ADD,0,2,1,665,"hc_combine-34","l_last-33","node_5669"
155,18,MUL,0,7,0,676,"hc_norm-34"," (reshaped)","blk.34.hc_ffn_norm.weight"
155,23,UNARY,0,31,0,879,"hc_gate-34","node_5677",""
155,34,SCALE,0,0,1,895,"ffn_moe_inp-34","node_5688",""
155,38,ARGSORT,0,20,0,1036,"ffn_moe_argsort-34","ffn_moe_probs-34",""
155,70,ADD,0,2,0,1733,"ffn_moe_out-34","node_5724","ffn_moe_weighted-34 (view)"
155,74,MUL_MAT,0,36,4,1870,"ffn_shexp-34","blk.34.ffn_down_shexp.weight","ffn_swiglu-34"
155,77,MUL,0,3,1,1881,"ffn_shexp_gated-34","ffn_shexp-34","shared_expert_gate_sigmoid-34"
155,78,ADD,0,2,0,1883,"ffn_out-34","ffn_moe_out-34","ffn_shexp_gated-34"
155,81,MUL_MAT,0,9,1,1897,"hc_inject-34","blk.34.hc_ffn_inject.weight","hc_norm-34"
155,87,ADD,0,2,1,1913,"l_last-34","hc_combine-34","node_5741"
155,90,MUL,0,10,0,1927,"hc_norm-35"," (reshaped)","blk.35.hc_attn_norm.weight"
155,95,UNARY,0,57,0,2156,"hc_gate-35","node_5749",""
155,106,SCALE,0,0,2,2175,"hc_mixed-35","node_5760",""
155,151,RMS_NORM,0,8,0,2948,"norm-35","indexer_k_pooled-35 (reshaped)",""
156,38,MUL_MAT,0,296,18,534,"attn_output-35","blk.35.attn_output.weight","attn_gated-35"
156,41,MUL_MAT,0,9,1,547,"hc_inject-35","blk.35.hc_attn_inject.weight","hc_norm-35"
156,47,ADD,0,1,1,568,"hc_combine-35","l_last-34","node_5856"
156,50,MUL,0,23,1,596,"hc_norm-35"," (reshaped)","blk.35.hc_ffn_norm.weight"
156,55,UNARY,0,33,1,773,"hc_gate-35","node_5864",""
156,66,SCALE,0,0,2,791,"ffn_moe_inp-35","node_5875",""
156,70,ARGSORT,0,21,0,911,"ffn_moe_argsort-35","ffn_moe_probs-35",""
156,102,ADD,0,2,0,1520,"ffn_moe_out-35","node_5911","ffn_moe_weighted-35 (view)"
156,106,MUL_MAT,0,32,3,1639,"ffn_shexp-35","blk.35.ffn_down_shexp.weight","ffn_swiglu-35"
156,109,MUL,0,3,0,1651,"ffn_shexp_gated-35","ffn_shexp-35","shared_expert_gate_sigmoid-35"
156,110,ADD,0,1,1,1654,"ffn_out-35","ffn_moe_out-35","ffn_shexp_gated-35"
156,113,MUL_MAT,0,8,1,1667,"hc_inject-35","blk.35.hc_ffn_inject.weight","hc_norm-35"
156,119,ADD,0,2,0,1680,"l_last-35","hc_combine-35","node_5928"
156,122,MUL,0,9,0,1694,"hc_norm-36"," (reshaped)","blk.36.hc_attn_norm.weight"
156,127,UNARY,0,33,1,1870,"hc_gate-36","node_5936",""
156,138,SCALE,0,0,2,1890,"hc_mixed-36","node_5947",""
156,184,RMS_NORM,0,0,2,3129,"norm-36","attn_output-36",""
157,5,MUL_MAT,0,328,6,642,"linear_attn_out-36","blk.36.ssm_out.weight","final_output-36"
157,9,MUL_MAT,0,10,1,659,"hc_inject-36","blk.36.hc_attn_inject.weight","hc_norm-36"
157,15,ADD,0,2,0,672,"hc_combine-36","l_last-35","node_6010"
157,18,MUL,0,11,0,695,"hc_norm-36"," (reshaped)","blk.36.hc_ffn_norm.weight"
157,23,UNARY,0,34,1,888,"hc_gate-36","node_6018",""
157,34,SCALE,0,1,1,906,"ffn_moe_inp-36","node_6029",""
157,38,ARGSORT,0,22,0,1041,"ffn_moe_argsort-36","ffn_moe_probs-36",""
157,70,ADD,0,1,0,1820,"ffn_moe_out-36","node_6065","ffn_moe_weighted-36 (view)"
157,74,MUL_MAT,0,30,14,1958,"ffn_shexp-36","blk.36.ffn_down_shexp.weight","ffn_swiglu-36"
157,77,MUL,0,2,1,1967,"ffn_shexp_gated-36","ffn_shexp-36","shared_expert_gate_sigmoid-36"
157,78,ADD,0,1,13,1981,"ffn_out-36","ffn_moe_out-36","ffn_shexp_gated-36"
157,81,MUL_MAT,0,9,6,1999,"hc_inject-36","blk.36.hc_ffn_inject.weight","hc_norm-36"
157,87,ADD,0,1,1,2013,"l_last-36","hc_combine-36","node_6082"
157,90,MUL,0,7,8,2034,"hc_norm-37"," (reshaped)","blk.37.hc_attn_norm.weight"
157,95,UNARY,0,31,0,2293,"hc_gate-37","node_6090",""
157,106,SCALE,0,0,1,2315,"hc_mixed-37","node_6101",""
157,152,RMS_NORM,0,0,6,3515,"norm-37","attn_output-37",""
158,5,MUL_MAT,0,269,120,706,"linear_attn_out-37","blk.37.ssm_out.weight","final_output-37"
158,9,MUL_MAT,0,119,88,916,"hc_inject-37","blk.37.hc_attn_inject.weight","hc_norm-37"
158,15,ADD,0,1,2,930,"hc_combine-37","l_last-36","node_6164"
158,18,MUL,0,5,1,939,"hc_norm-37"," (reshaped)","blk.37.hc_ffn_norm.weight"
158,23,UNARY,0,30,1,1125,"hc_gate-37","node_6172",""
158,34,SCALE,0,0,1,1142,"ffn_moe_inp-37","node_6183",""
158,38,ARGSORT,0,22,0,1274,"ffn_moe_argsort-37","ffn_moe_probs-37",""
158,70,ADD,0,1,1,1986,"ffn_moe_out-37","node_6219","ffn_moe_weighted-37 (view)"
158,74,MUL_MAT,0,38,1,2106,"ffn_shexp-37","blk.37.ffn_down_shexp.weight","ffn_swiglu-37"
158,77,MUL,0,3,1,2117,"ffn_shexp_gated-37","ffn_shexp-37","shared_expert_gate_sigmoid-37"
158,78,ADD,0,1,1,2119,"ffn_out-37","ffn_moe_out-37","ffn_shexp_gated-37"
158,81,MUL_MAT,0,11,0,2134,"hc_inject-37","blk.37.hc_ffn_inject.weight","hc_norm-37"
158,87,ADD,0,4,0,2149,"l_last-37","hc_combine-37","node_6236"
158,90,MUL,0,10,1,2165,"hc_norm-38"," (reshaped)","blk.38.hc_attn_norm.weight"
158,95,UNARY,0,33,0,2356,"hc_gate-38","node_6244",""
158,106,SCALE,0,0,2,2375,"hc_mixed-38","node_6255",""
158,152,RMS_NORM,0,1,1,3691,"norm-38","attn_output-38",""
159,5,MUL_MAT,0,297,17,610,"linear_attn_out-38","blk.38.ssm_out.weight","final_output-38"
159,9,MUL_MAT,0,7,1,623,"hc_inject-38","blk.38.hc_attn_inject.weight","hc_norm-38"
159,15,ADD,0,2,0,636,"hc_combine-38","l_last-37","node_6318"
159,18,MUL,0,8,0,648,"hc_norm-38"," (reshaped)","blk.38.hc_ffn_norm.weight"
159,23,UNARY,0,34,0,826,"hc_gate-38","node_6326",""
159,34,SCALE,0,0,2,845,"ffn_moe_inp-38","node_6337",""
159,38,ARGSORT,0,23,0,971,"ffn_moe_argsort-38","ffn_moe_probs-38",""
159,70,ADD,0,1,1,1626,"ffn_moe_out-38","node_6373","ffn_moe_weighted-38 (view)"
159,74,MUL_MAT,0,36,1,1739,"ffn_shexp-38","blk.38.ffn_down_shexp.weight","ffn_swiglu-38"
159,77,MUL,0,3,0,1748,"ffn_shexp_gated-38","ffn_shexp-38","shared_expert_gate_sigmoid-38"
159,78,ADD,0,1,1,1751,"ffn_out-38","ffn_moe_out-38","ffn_shexp_gated-38"
159,81,MUL_MAT,0,7,1,1763,"hc_inject-38","blk.38.hc_ffn_inject.weight","hc_norm-38"
159,87,ADD,0,2,1,1776,"l_last-38","hc_combine-38","node_6390"
160,0,GET_ROWS,0,3,0,4,"model.input_embed","token_embd.weight","inp_tokens"
160,2,REPEAT,0,3,0,8,"hc_init","model.input_embed (reshaped)",""
160,5,MUL,0,6,0,20,"hc_norm-0"," (reshaped)","blk.0.hc_attn_norm.weight"
160,10,UNARY,0,26,0,191,"hc_gate-0","node_9",""
160,21,SCALE,0,0,13,219,"hc_mixed-0","node_20",""
160,69,RMS_NORM,0,1,1,1367,"norm-0","attn_output-0",""
161,5,MUL_MAT,0,311,61,741,"linear_attn_out-0","blk.0.ssm_out.weight","final_output-0"
161,9,MUL_MAT,0,7,3,754,"hc_inject-0","blk.0.hc_attn_inject.weight","hc_norm-0"
161,15,ADD,0,2,2,767,"hc_combine-0","hc_init","node_85"
161,18,MUL,0,5,1,777,"hc_norm-0"," (reshaped)","blk.0.hc_ffn_norm.weight"
161,23,UNARY,0,22,0,973,"hc_gate-0","node_93",""
161,34,SCALE,0,0,2,989,"ffn_moe_inp-0","node_104",""
161,38,ARGSORT,0,19,0,1129,"ffn_moe_argsort-0","ffn_moe_probs-0",""
161,70,ADD,0,1,1,1999,"ffn_moe_out-0","node_140","ffn_moe_weighted-0 (view)"
161,93,MUL_MAT,0,31,4,2876,"ffn_shexp-0","blk.0.ffn_down_shexp.weight","ffn_swiglu-0"
161,96,MUL,0,2,0,2885,"ffn_shexp_gated-0","ffn_shexp-0","shared_expert_gate_sigmoid-0"
161,97,ADD,0,2,0,2887,"ffn_out-0","ffn_moe_out-0","ffn_shexp_gated-0"
161,100,MUL_MAT,0,7,2,2899,"hc_inject-0","blk.0.hc_ffn_inject.weight","hc_norm-0"
161,106,ADD,0,1,5,2924,"l_last-0","hc_combine-0","node_176"
161,120,UNARY,0,0,2,2983,"ple_gate-1","node_190",""
161,121,MUL,0,2,3,2988,"ple_gated_value-1","node_154","ple_gate-1"
161,174,MUL,0,6,0,3317,"hc_norm-1"," (reshaped)","blk.1.hc_attn_norm.weight"
161,179,UNARY,0,31,1,3509,"hc_gate-1","node_249",""
161,190,SCALE,0,0,2,3526,"hc_mixed-1","node_260",""
161,236,RMS_NORM,0,0,2,4553,"norm-1","attn_output-1",""
162,5,MUL_MAT,0,257,71,646,"linear_attn_out-1","blk.1.ssm_out.weight","final_output-1"
162,9,MUL_MAT,0,16,5,727,"hc_inject-1","blk.1.hc_attn_inject.weight","hc_norm-1"
162,15,ADD,0,2,1,740,"hc_combine-1","node_242","node_323"
162,18,MUL,0,7,0,752,"hc_norm-1"," (reshaped)","blk.1.hc_ffn_norm.weight"
162,23,UNARY,0,31,1,953,"hc_gate-1","node_331",""
162,34,SCALE,0,0,2,968,"ffn_moe_inp-1","node_342",""
162,38,ARGSORT,0,21,0,1104,"ffn_moe_argsort-1","ffn_moe_probs-1",""
162,70,ADD,0,1,0,2416,"ffn_moe_out-1","node_378","ffn_moe_weighted-1 (view)"
162,74,MUL_MAT,0,28,23,2541,"ffn_shexp-1","blk.1.ffn_down_shexp.weight","ffn_swiglu-1"
162,77,MUL,0,2,1,2549,"ffn_shexp_gated-1","ffn_shexp-1","shared_expert_gate_sigmoid-1"
162,78,ADD,0,1,1,2551,"ffn_out-1","ffn_moe_out-1","ffn_shexp_gated-1"
162,81,MUL_MAT,0,6,3,2562,"hc_inject-1","blk.1.hc_ffn_inject.weight","hc_norm-1"
162,87,ADD,0,1,4,2582,"l_last-1","hc_combine-1","node_395"
162,90,MUL,0,6,0,2593,"hc_norm-2"," (reshaped)","blk.2.hc_attn_norm.weight"
162,95,UNARY,0,31,0,2866,"hc_gate-2","node_403",""
162,106,SCALE,0,0,9,2889,"hc_mixed-2","node_414",""
162,152,RMS_NORM,0,0,9,3948,"norm-2","attn_output-2",""
163,5,MUL_MAT,0,268,63,649,"linear_attn_out-2","blk.2.ssm_out.weight","final_output-2"
163,9,MUL_MAT,0,7,2,662,"hc_inject-2","blk.2.hc_attn_inject.weight","hc_norm-2"
163,15,ADD,0,2,1,675,"hc_combine-2","l_last-1","node_477"
163,18,MUL,0,6,0,685,"hc_norm-2"," (reshaped)","blk.2.hc_ffn_norm.weight"
163,23,UNARY,0,31,0,861,"hc_gate-2","node_485",""
163,34,SCALE,0,0,2,877,"ffn_moe_inp-2","node_496",""
163,38,ARGSORT,0,20,1,1000,"ffn_moe_argsort-2","ffn_moe_probs-2",""
163,70,ADD,0,1,1,1896,"ffn_moe_out-2","node_532","ffn_moe_weighted-2 (view)"
163,74,MUL_MAT,0,29,8,2018,"ffn_shexp-2","blk.2.ffn_down_shexp.weight","ffn_swiglu-2"
163,77,MUL,0,2,0,2026,"ffn_shexp_gated-2","ffn_shexp-2","shared_expert_gate_sigmoid-2"
163,78,ADD,0,1,1,2028,"ffn_out-2","ffn_moe_out-2","ffn_shexp_gated-2"
163,81,MUL_MAT,0,7,4,2041,"hc_inject-2","blk.2.hc_ffn_inject.weight","hc_norm-2"
163,87,ADD,0,2,0,2068,"l_last-2","hc_combine-2","node_549"
163,90,MUL,0,7,0,2079,"hc_norm-3"," (reshaped)","blk.3.hc_attn_norm.weight"
163,95,UNARY,0,31,0,2272,"hc_gate-3","node_557",""
163,106,SCALE,0,0,2,2288,"hc_mixed-3","node_568",""
163,151,RMS_NORM,0,4,1,3145,"norm-3","indexer_k_pooled-3 (reshaped)",""
164,38,MUL_MAT,0,234,87,543,"attn_output-3","blk.3.attn_output.weight","attn_gated-3"
164,41,MUL_MAT,0,5,2,553,"hc_inject-3","blk.3.hc_attn_inject.weight","hc_norm-3"
164,47,ADD,0,2,1,572,"hc_combine-3","l_last-2","node_664"
164,50,MUL,0,6,0,582,"hc_norm-3"," (reshaped)","blk.3.hc_ffn_norm.weight"
164,55,UNARY,0,31,0,764,"hc_gate-3","node_672",""
164,66,SCALE,0,0,2,779,"ffn_moe_inp-3","node_683",""
164,70,ARGSORT,0,21,0,908,"ffn_moe_argsort-3","ffn_moe_probs-3",""
164,102,ADD,0,1,1,1642,"ffn_moe_out-3","node_719","ffn_moe_weighted-3 (view)"
164,106,MUL_MAT,0,28,11,1767,"ffn_shexp-3","blk.3.ffn_down_shexp.weight","ffn_swiglu-3"
164,109,MUL,0,2,0,1775,"ffn_shexp_gated-3","ffn_shexp-3","shared_expert_gate_sigmoid-3"
164,110,ADD,0,1,1,1777,"ffn_out-3","ffn_moe_out-3","ffn_shexp_gated-3"
164,113,MUL_MAT,0,6,8,1794,"hc_inject-3","blk.3.hc_ffn_inject.weight","hc_norm-3"
164,119,ADD,0,2,1,1808,"l_last-3","hc_combine-3","node_736"
164,122,MUL,0,7,0,1819,"hc_norm-4"," (reshaped)","blk.4.hc_attn_norm.weight"
164,127,UNARY,0,31,0,2031,"hc_gate-4","node_744",""
164,138,SCALE,0,0,6,2052,"hc_mixed-4","node_755",""
164,184,RMS_NORM,0,1,3,3207,"norm-4","attn_output-4",""
165,5,MUL_MAT,0,260,107,715,"linear_attn_out-4","blk.4.ssm_out.weight","final_output-4"
165,9,MUL_MAT,0,7,4,729,"hc_inject-4","blk.4.hc_attn_inject.weight","hc_norm-4"
165,15,ADD,0,1,2,770,"hc_combine-4","l_last-3","node_818"
165,18,MUL,0,20,0,793,"hc_norm-4"," (reshaped)","blk.4.hc_ffn_norm.weight"
165,23,UNARY,0,21,0,1010,"hc_gate-4","node_826",""
165,34,SCALE,0,0,2,1027,"ffn_moe_inp-4","node_837",""
165,38,ARGSORT,0,19,0,1163,"ffn_moe_argsort-4","ffn_moe_probs-4",""
165,70,ADD,0,0,1,2041,"ffn_moe_out-4","node_873","ffn_moe_weighted-4 (view)"
165,74,MUL_MAT,0,20,18,2166,"ffn_shexp-4","blk.4.ffn_down_shexp.weight","ffn_swiglu-4"
165,77,MUL,0,2,0,2174,"ffn_shexp_gated-4","ffn_shexp-4","shared_expert_gate_sigmoid-4"
165,78,ADD,0,1,1,2176,"ffn_out-4","ffn_moe_out-4","ffn_shexp_gated-4"
165,81,MUL_MAT,0,5,3,2186,"hc_inject-4","blk.4.hc_ffn_inject.weight","hc_norm-4"
165,87,ADD,0,1,5,2203,"l_last-4","hc_combine-4","node_890"
165,90,MUL,0,5,0,2212,"hc_norm-5"," (reshaped)","blk.5.hc_attn_norm.weight"
165,95,UNARY,0,22,0,2391,"hc_gate-5","node_898",""
165,106,SCALE,0,0,2,2406,"hc_mixed-5","node_909",""
165,152,RMS_NORM,0,1,2,3391,"norm-5","attn_output-5",""
166,5,MUL_MAT,0,162,157,621,"linear_attn_out-5","blk.5.ssm_out.weight","final_output-5"
166,9,MUL_MAT,0,6,9,718,"hc_inject-5","blk.5.hc_attn_inject.weight","hc_norm-5"
166,15,ADD,0,2,1,735,"hc_combine-5","l_last-4","node_972"
166,18,MUL,0,6,0,744,"hc_norm-5"," (reshaped)","blk.5.hc_ffn_norm.weight"
166,23,UNARY,0,30,1,954,"hc_gate-5","node_980",""
166,34,SCALE,0,0,2,971,"ffn_moe_inp-5","node_991",""
166,38,ARGSORT,0,20,1,1106,"ffn_moe_argsort-5","ffn_moe_probs-5",""
166,70,ADD,0,1,0,1794,"ffn_moe_out-5","node_1027","ffn_moe_weighted-5 (view)"
166,74,MUL_MAT,0,30,11,1927,"ffn_shexp-5","blk.5.ffn_down_shexp.weight","ffn_swiglu-5"
166,77,MUL,0,2,1,1936,"ffn_shexp_gated-5","ffn_shexp-5","shared_expert_gate_sigmoid-5"
166,78,ADD,0,1,1,1938,"ffn_out-5","ffn_moe_out-5","ffn_shexp_gated-5"
166,81,MUL_MAT,0,7,4,1952,"hc_inject-5","blk.5.hc_ffn_inject.weight","hc_norm-5"
166,87,ADD,0,2,0,1965,"l_last-5","hc_combine-5","node_1044"
166,90,MUL,0,7,0,1976,"hc_norm-6"," (reshaped)","blk.6.hc_attn_norm.weight"
166,95,UNARY,0,30,1,2181,"hc_gate-6","node_1052",""
166,106,SCALE,0,0,12,2217,"hc_mixed-6","node_1063",""
166,152,RMS_NORM,0,0,2,3368,"norm-6","attn_output-6",""
167,5,MUL_MAT,0,260,74,648,"linear_attn_out-6","blk.6.ssm_out.weight","final_output-6"
167,9,MUL_MAT,0,7,1,662,"hc_inject-6","blk.6.hc_attn_inject.weight","hc_norm-6"
167,15,ADD,0,1,1,681,"hc_combine-6","l_last-5","node_1126"
167,18,MUL,0,6,0,697,"hc_norm-6"," (reshaped)","blk.6.hc_ffn_norm.weight"
167,23,UNARY,0,31,0,877,"hc_gate-6","node_1134",""
167,34,SCALE,0,0,2,895,"ffn_moe_inp-6","node_1145",""
167,38,ARGSORT,0,21,0,1018,"ffn_moe_argsort-6","ffn_moe_probs-6",""
167,70,ADD,0,1,1,2175,"ffn_moe_out-6","node_1181","ffn_moe_weighted-6 (view)"
167,74,MUL_MAT,0,33,6,2399,"ffn_shexp-6","blk.6.ffn_down_shexp.weight","ffn_swiglu-6"
167,77,MUL,0,2,0,2407,"ffn_shexp_gated-6","ffn_shexp-6","shared_expert_gate_sigmoid-6"
167,78,ADD,0,1,1,2409,"ffn_out-6","ffn_moe_out-6","ffn_shexp_gated-6"
167,81,MUL_MAT,0,7,5,2432,"hc_inject-6","blk.6.hc_ffn_inject.weight","hc_norm-6"
167,87,ADD,0,1,1,2453,"l_last-6","hc_combine-6","node_1198"
167,90,MUL,0,7,0,2464,"hc_norm-7"," (reshaped)","blk.7.hc_attn_norm.weight"
167,95,UNARY,0,31,1,2668,"hc_gate-7","node_1206",""
167,106,SCALE,0,1,2,2696,"hc_mixed-7","node_1217",""
167,151,RMS_NORM,0,4,1,3478,"norm-7","indexer_k_pooled-7 (reshaped)",""
168,38,MUL_MAT,0,245,62,520,"attn_output-7","blk.7.attn_output.weight","attn_gated-7"
168,41,MUL_MAT,0,6,6,536,"hc_inject-7","blk.7.hc_attn_inject.weight","hc_norm-7"
168,47,ADD,0,1,2,550,"hc_combine-7","l_last-6","node_1313"
168,50,MUL,0,6,0,560,"hc_norm-7"," (reshaped)","blk.7.hc_ffn_norm.weight"
168,55,UNARY,0,30,1,754,"hc_gate-7","node_1321",""
168,66,SCALE,0,0,1,783,"ffn_moe_inp-7","node_1332",""
168,70,ARGSORT,0,21,0,907,"ffn_moe_argsort-7","ffn_moe_probs-7",""
168,102,ADD,0,1,1,1552,"ffn_moe_out-7","node_1368","ffn_moe_weighted-7 (view)"
168,106,MUL_MAT,0,28,7,1659,"ffn_shexp-7","blk.7.ffn_down_shexp.weight","ffn_swiglu-7"
168,109,MUL,0,2,0,1666,"ffn_shexp_gated-7","ffn_shexp-7","shared_expert_gate_sigmoid-7"
168,110,ADD,0,1,1,1668,"ffn_out-7","ffn_moe_out-7","ffn_shexp_gated-7"
168,113,MUL_MAT,0,20,0,1691,"hc_inject-7","blk.7.hc_ffn_inject.weight","hc_norm-7"
168,119,ADD,0,3,0,1708,"l_last-7","hc_combine-7","node_1385"
168,122,MUL,0,8,0,1720,"hc_norm-8"," (reshaped)","blk.8.hc_attn_norm.weight"
168,127,UNARY,0,30,0,1897,"hc_gate-8","node_1393",""
168,138,SCALE,0,1,1,1920,"hc_mixed-8","node_1404",""
168,184,RMS_NORM,0,0,9,3071,"norm-8","attn_output-8",""
169,5,MUL_MAT,0,270,69,683,"linear_attn_out-8","blk.8.ssm_out.weight","final_output-8"
169,9,MUL_MAT,0,7,4,698,"hc_inject-8","blk.8.hc_attn_inject.weight","hc_norm-8"
169,15,ADD,0,3,1,710,"hc_combine-8","l_last-7","node_1467"
169,18,MUL,0,5,0,719,"hc_norm-8"," (reshaped)","blk.8.hc_ffn_norm.weight"
169,23,UNARY,0,32,1,926,"hc_gate-8","node_1475",""
169,34,SCALE,0,0,2,944,"ffn_moe_inp-8","node_1486",""
169,38,ARGSORT,0,26,0,1081,"ffn_moe_argsort-8","ffn_moe_probs-8",""
169,70,ADD,0,1,1,2421,"ffn_moe_out-8","node_1522","ffn_moe_weighted-8 (view)"
169,74,MUL_MAT,0,29,6,2534,"ffn_shexp-8","blk.8.ffn_down_shexp.weight","ffn_swiglu-8"
169,77,MUL,0,1,1,2550,"ffn_shexp_gated-8","ffn_shexp-8","shared_expert_gate_sigmoid-8"
169,78,ADD,0,1,0,2551,"ffn_out-8","ffn_moe_out-8","ffn_shexp_gated-8"
169,81,MUL_MAT,0,6,2,2562,"hc_inject-8","blk.8.hc_ffn_inject.weight","hc_norm-8"
169,87,ADD,0,2,1,2574,"l_last-8","hc_combine-8","node_1539"
169,90,MUL,0,8,0,2593,"hc_norm-9"," (reshaped)","blk.9.hc_attn_norm.weight"
169,95,UNARY,0,31,0,2768,"hc_gate-9","node_1547",""
169,106,SCALE,0,0,2,2792,"hc_mixed-9","node_1558",""
169,152,RMS_NORM,0,0,2,3828,"norm-9","attn_output-9",""
170,5,MUL_MAT,0,291,39,638,"linear_attn_out-9","blk.9.ssm_out.weight","final_output-9"
170,9,MUL_MAT,0,19,1,662,"hc_inject-9","blk.9.hc_attn_inject.weight","hc_norm-9"
170,15,ADD,0,1,2,675,"hc_combine-9","l_last-8","node_1621"
170,18,MUL,0,6,0,685,"hc_norm-9"," (reshaped)","blk.9.hc_ffn_norm.weight"
170,23,UNARY,0,31,0,879,"hc_gate-9","node_1629",""
170,34,SCALE,0,0,2,895,"ffn_moe_inp-9","node_1640",""
170,38,ARGSORT,0,22,0,1026,"ffn_moe_argsort-9","ffn_moe_probs-9",""
170,70,ADD,0,2,0,2155,"ffn_moe_out-9","node_1676","ffn_moe_weighted-9 (view)"
170,74,MUL_MAT,0,29,47,2307,"ffn_shexp-9","blk.9.ffn_down_shexp.weight","ffn_swiglu-9"
170,77,MUL,0,2,0,2316,"ffn_shexp_gated-9","ffn_shexp-9","shared_expert_gate_sigmoid-9"
170,78,ADD,0,1,0,2318,"ffn_out-9","ffn_moe_out-9","ffn_shexp_gated-9"
170,81,MUL_MAT,0,11,3,2335,"hc_inject-9","blk.9.hc_ffn_inject.weight","hc_norm-9"
170,87,ADD,0,2,8,2355,"l_last-9","hc_combine-9","node_1693"
170,90,MUL,0,7,0,2367,"hc_norm-10"," (reshaped)","blk.10.hc_attn_norm.weight"
170,95,UNARY,0,31,0,2605,"hc_gate-10","node_1701",""
170,106,SCALE,0,0,2,2623,"hc_mixed-10","node_1712",""
170,152,RMS_NORM,0,0,0,3686,"norm-10","attn_output-10",""
171,5,MUL_MAT,0,274,49,638,"linear_attn_out-10","blk.10.ssm_out.weight","final_output-10"
171,9,MUL_MAT,0,7,3,651,"hc_inject-10","blk.10.hc_attn_inject.weight","hc_norm-10"
171,15,ADD,0,1,1,663,"hc_combine-10","l_last-9","node_1775"
171,18,MUL,0,7,0,673,"hc_norm-10"," (reshaped)","blk.10.hc_ffn_norm.weight"
171,23,UNARY,0,31,0,849,"hc_gate-10","node_1783",""
171,34,SCALE,0,1,1,867,"ffn_moe_inp-10","node_1794",""
171,38,ARGSORT,0,20,0,989,"ffn_moe_argsort-10","ffn_moe_probs-10",""
171,70,ADD,0,1,0,2178,"ffn_moe_out-10","node_1830","ffn_moe_weighted-10 (view)"
171,74,MUL_MAT,0,29,17,2306,"ffn_shexp-10","blk.10.ffn_down_shexp.weight","ffn_swiglu-10"
171,77,MUL,0,2,0,2316,"ffn_shexp_gated-10","ffn_shexp-10","shared_expert_gate_sigmoid-10"
171,78,ADD,0,1,0,2317,"ffn_out-10","ffn_moe_out-10","ffn_shexp_gated-10"
171,81,MUL_MAT,0,6,4,2330,"hc_inject-10","blk.10.hc_ffn_inject.weight","hc_norm-10"
171,87,ADD,0,2,1,2353,"l_last-10","hc_combine-10","node_1847"
171,90,MUL,0,7,0,2365,"hc_norm-11"," (reshaped)","blk.11.hc_attn_norm.weight"
171,95,UNARY,0,31,0,2568,"hc_gate-11","node_1855",""
171,106,SCALE,0,0,4,2595,"hc_mixed-11","node_1866",""
171,151,RMS_NORM,0,5,0,3449,"norm-11","indexer_k_pooled-11 (reshaped)",""
172,38,MUL_MAT,0,245,72,525,"attn_output-11","blk.11.attn_output.weight","attn_gated-11"
172,41,MUL_MAT,0,6,3,542,"hc_inject-11","blk.11.hc_attn_inject.weight","hc_norm-11"
172,47,ADD,0,1,1,555,"hc_combine-11","l_last-10","node_1962"
172,50,MUL,0,6,0,565,"hc_norm-11"," (reshaped)","blk.11.hc_ffn_norm.weight"
172,55,UNARY,0,30,0,812,"hc_gate-11","node_1970",""
172,66,SCALE,0,0,1,827,"ffn_moe_inp-11","node_1981",""
172,70,ARGSORT,0,20,0,953,"ffn_moe_argsort-11","ffn_moe_probs-11",""
172,102,ADD,0,2,0,1602,"ffn_moe_out-11","node_2017","ffn_moe_weighted-11 (view)"
172,106,MUL_MAT,0,32,4,1723,"ffn_shexp-11","blk.11.ffn_down_shexp.weight","ffn_swiglu-11"
172,109,MUL,0,2,0,1750,"ffn_shexp_gated-11","ffn_shexp-11","shared_expert_gate_sigmoid-11"
172,110,ADD,0,1,0,1751,"ffn_out-11","ffn_moe_out-11","ffn_shexp_gated-11"
172,113,MUL_MAT,0,6,3,1763,"hc_inject-11","blk.11.hc_ffn_inject.weight","hc_norm-11"
172,119,ADD,0,2,1,1774,"l_last-11","hc_combine-11","node_2034"
172,122,MUL,0,6,1,1784,"hc_norm-12"," (reshaped)","blk.12.hc_attn_norm.weight"
172,127,UNARY,0,30,0,1964,"hc_gate-12","node_2042",""
172,138,SCALE,0,0,2,1984,"hc_mixed-12","node_2053",""
172,184,RMS_NORM,0,0,10,3080,"norm-12","attn_output-12",""
173,5,MUL_MAT,0,278,56,656,"linear_attn_out-12","blk.12.ssm_out.weight","final_output-12"
173,9,MUL_MAT,0,6,3,671,"hc_inject-12","blk.12.hc_attn_inject.weight","hc_norm-12"
173,15,ADD,0,2,1,684,"hc_combine-12","l_last-11","node_2116"
173,18,MUL,0,7,1,695,"hc_norm-12"," (reshaped)","blk.12.hc_ffn_norm.weight"
173,23,UNARY,0,31,0,866,"hc_gate-12","node_2124",""
173,34,SCALE,0,0,1,897,"ffn_moe_inp-12","node_2135",""
173,38,ARGSORT,0,20,0,1016,"ffn_moe_argsort-12","ffn_moe_probs-12",""
173,70,ADD,0,1,0,1650,"ffn_moe_out-12","node_2171","ffn_moe_weighted-12 (view)"
173,74,MUL_MAT,0,34,3,1774,"ffn_shexp-12","blk.12.ffn_down_shexp.weight","ffn_swiglu-12"
173,77,MUL,0,2,1,1782,"ffn_shexp_gated-12","ffn_shexp-12","shared_expert_gate_sigmoid-12"
173,78,ADD,0,1,0,1783,"ffn_out-12","ffn_moe_out-12","ffn_shexp_gated-12"
173,81,MUL_MAT,0,6,2,1794,"hc_inject-12","blk.12.hc_ffn_inject.weight","hc_norm-12"
173,87,ADD,0,2,0,1805,"l_last-12","hc_combine-12","node_2188"
173,90,MUL,0,6,0,1815,"hc_norm-13"," (reshaped)","blk.13.hc_attn_norm.weight"
173,95,UNARY,0,30,1,1997,"hc_gate-13","node_2196",""
173,106,SCALE,0,1,1,2011,"hc_mixed-13","node_2207",""
173,152,RMS_NORM,0,0,1,3188,"norm-13","attn_output-13",""
174,5,MUL_MAT,0,289,43,668,"linear_attn_out-13","blk.13.ssm_out.weight","final_output-13"
174,9,MUL_MAT,0,7,2,681,"hc_inject-13","blk.13.hc_attn_inject.weight","hc_norm-13"
174,15,ADD,0,1,1,692,"hc_combine-13","l_last-12","node_2270"
174,18,MUL,0,6,0,703,"hc_norm-13"," (reshaped)","blk.13.hc_ffn_norm.weight"
174,23,UNARY,0,30,1,891,"hc_gate-13","node_2278",""
174,34,SCALE,0,1,1,905,"ffn_moe_inp-13","node_2289",""
174,38,ARGSORT,0,20,0,1029,"ffn_moe_argsort-13","ffn_moe_probs-13",""
174,70,ADD,0,1,0,1663,"ffn_moe_out-13","node_2325","ffn_moe_weighted-13 (view)"
174,74,MUL_MAT,0,28,9,1773,"ffn_shexp-13","blk.13.ffn_down_shexp.weight","ffn_swiglu-13"
174,77,MUL,0,2,1,1791,"ffn_shexp_gated-13","ffn_shexp-13","shared_expert_gate_sigmoid-13"
174,78,ADD,0,1,0,1792,"ffn_out-13","ffn_moe_out-13","ffn_shexp_gated-13"
174,81,MUL_MAT,0,17,2,1814,"hc_inject-13","blk.13.hc_ffn_inject.weight","hc_norm-13"
174,87,ADD,0,2,0,1825,"l_last-13","hc_combine-13","node_2342"
174,90,MUL,0,6,0,1835,"hc_norm-14"," (reshaped)","blk.14.hc_attn_norm.weight"
174,95,UNARY,0,30,0,2010,"hc_gate-14","node_2350",""
174,106,SCALE,0,0,1,2027,"hc_mixed-14","node_2361",""
174,152,RMS_NORM,0,1,2,3068,"norm-14","attn_output-14",""
175,5,MUL_MAT,0,289,71,705,"linear_attn_out-14","blk.14.ssm_out.weight","final_output-14"
175,9,MUL_MAT,0,24,10,755,"hc_inject-14","blk.14.hc_attn_inject.weight","hc_norm-14"
175,15,ADD,0,2,3,800,"hc_combine-14","l_last-13","node_2424"
175,18,MUL,0,8,1,816,"hc_norm-14"," (reshaped)","blk.14.hc_ffn_norm.weight"
175,23,UNARY,0,33,1,1134,"hc_gate-14","node_2432",""
175,34,SCALE,0,0,1,1167,"ffn_moe_inp-14","node_2443",""
175,38,ARGSORT,0,22,0,1339,"ffn_moe_argsort-14","ffn_moe_probs-14",""
175,70,ADD,0,1,1,2518,"ffn_moe_out-14","node_2479","ffn_moe_weighted-14 (view)"
175,74,MUL_MAT,0,28,13,2645,"ffn_shexp-14","blk.14.ffn_down_shexp.weight","ffn_swiglu-14"
175,77,MUL,0,2,0,2665,"ffn_shexp_gated-14","ffn_shexp-14","shared_expert_gate_sigmoid-14"
175,78,ADD,0,1,1,2668,"ffn_out-14","ffn_moe_out-14","ffn_shexp_gated-14"
175,81,MUL_MAT,0,8,4,2683,"hc_inject-14","blk.14.hc_ffn_inject.weight","hc_norm-14"
175,87,ADD,0,2,0,2696,"l_last-14","hc_combine-14","node_2496"
175,90,MUL,0,6,0,2707,"hc_norm-15"," (reshaped)","blk.15.hc_attn_norm.weight"
175,95,UNARY,0,31,0,2898,"hc_gate-15","node_2504",""
175,106,SCALE,0,0,2,2922,"hc_mixed-15","node_2515",""
175,151,RMS_NORM,0,4,0,3695,"norm-15","indexer_k_pooled-15 (reshaped)",""
176,38,MUL_MAT,0,172,139,529,"attn_output-15","blk.15.attn_output.weight","attn_gated-15"
176,41,MUL_MAT,0,7,2,542,"hc_inject-15","blk.15.hc_attn_inject.weight","hc_norm-15"
176,47,ADD,0,2,1,557,"hc_combine-15","l_last-14","node_2611"
176,50,MUL,0,6,0,566,"hc_norm-15"," (reshaped)","blk.15.hc_ffn_norm.weight"
176,55,UNARY,0,21,0,740,"hc_gate-15","node_2619",""
176,66,SCALE,0,0,10,768,"ffn_moe_inp-15","node_2630",""
176,70,ARGSORT,0,19,1,971,"ffn_moe_argsort-15","ffn_moe_probs-15",""
176,102,ADD,0,1,1,1762,"ffn_moe_out-15","node_2666","ffn_moe_weighted-15 (view)"
176,106,MUL_MAT,0,26,19,1899,"ffn_shexp-15","blk.15.ffn_down_shexp.weight","ffn_swiglu-15"
176,109,MUL,0,2,1,1909,"ffn_shexp_gated-15","ffn_shexp-15","shared_expert_gate_sigmoid-15"
176,110,ADD,0,1,0,1910,"ffn_out-15","ffn_moe_out-15","ffn_shexp_gated-15"
176,113,MUL_MAT,0,7,5,1925,"hc_inject-15","blk.15.hc_ffn_inject.weight","hc_norm-15"
176,119,ADD,0,1,8,1944,"l_last-15","hc_combine-15","node_2683"
176,122,MUL,0,7,0,1956,"hc_norm-16"," (reshaped)","blk.16.hc_attn_norm.weight"
176,127,UNARY,0,30,1,2183,"hc_gate-16","node_2691",""
176,138,SCALE,0,1,1,2222,"hc_mixed-16","node_2702",""
176,184,RMS_NORM,0,1,8,3366,"norm-16","attn_output-16",""
177,5,MUL_MAT,0,253,73,646,"linear_attn_out-16","blk.16.ssm_out.weight","final_output-16"
177,9,MUL_MAT,0,7,6,662,"hc_inject-16","blk.16.hc_attn_inject.weight","hc_norm-16"
177,15,ADD,0,2,1,677,"hc_combine-16","l_last-15","node_2765"
177,18,MUL,0,19,1,700,"hc_norm-16"," (reshaped)","blk.16.hc_ffn_norm.weight"
177,23,UNARY,0,31,0,890,"hc_gate-16","node_2773",""
177,34,SCALE,0,0,2,909,"ffn_moe_inp-16","node_2784",""
177,38,ARGSORT,0,21,1,1038,"ffn_moe_argsort-16","ffn_moe_probs-16",""
177,70,ADD,0,2,0,1725,"ffn_moe_out-16","node_2820","ffn_moe_weighted-16 (view)"
177,74,MUL_MAT,0,30,14,1850,"ffn_shexp-16","blk.16.ffn_down_shexp.weight","ffn_swiglu-16"
177,77,MUL,0,2,1,1862,"ffn_shexp_gated-16","ffn_shexp-16","shared_expert_gate_sigmoid-16"
177,78,ADD,0,1,6,1869,"ffn_out-16","ffn_moe_out-16","ffn_shexp_gated-16"
177,81,MUL_MAT,0,6,6,1884,"hc_inject-16","blk.16.hc_ffn_inject.weight","hc_norm-16"
177,87,ADD,0,1,1,1905,"l_last-16","hc_combine-16","node_2837"
177,90,MUL,0,6,1,1917,"hc_norm-17"," (reshaped)","blk.17.hc_attn_norm.weight"
177,95,UNARY,0,31,4,2216,"hc_gate-17","node_2845",""
177,106,SCALE,0,0,1,2239,"hc_mixed-17","node_2856",""
177,152,RMS_NORM,0,1,8,3420,"norm-17","attn_output-17",""
178,5,MUL_MAT,0,291,39,667,"linear_attn_out-17","blk.17.ssm_out.weight","final_output-17"
178,9,MUL_MAT,0,7,7,686,"hc_inject-17","blk.17.hc_attn_inject.weight","hc_norm-17"
178,15,ADD,0,2,0,697,"hc_combine-17","l_last-16","node_2919"
178,18,MUL,0,7,0,708,"hc_norm-17"," (reshaped)","blk.17.hc_ffn_norm.weight"
178,23,UNARY,0,31,0,927,"hc_gate-17","node_2927",""
178,34,SCALE,0,0,1,942,"ffn_moe_inp-17","node_2938",""
178,38,ARGSORT,0,22,1,1086,"ffn_moe_argsort-17","ffn_moe_probs-17",""
178,70,ADD,0,1,1,1722,"ffn_moe_out-17","node_2974","ffn_moe_weighted-17 (view)"
178,74,MUL_MAT,0,29,14,1838,"ffn_shexp-17","blk.17.ffn_down_shexp.weight","ffn_swiglu-17"
178,77,MUL,0,2,0,1846,"ffn_shexp_gated-17","ffn_shexp-17","shared_expert_gate_sigmoid-17"
178,78,ADD,0,1,10,1857,"ffn_out-17","ffn_moe_out-17","ffn_shexp_gated-17"
178,81,MUL_MAT,0,6,6,1871,"hc_inject-17","blk.17.hc_ffn_inject.weight","hc_norm-17"
178,87,ADD,0,2,1,1885,"l_last-17","hc_combine-17","node_2991"
178,90,MUL,0,7,0,1896,"hc_norm-18"," (reshaped)","blk.18.hc_attn_norm.weight"
178,95,UNARY,0,32,0,2073,"hc_gate-18","node_2999",""
178,106,SCALE,0,0,1,2090,"hc_mixed-18","node_3010",""
178,152,RMS_NORM,0,0,1,3095,"norm-18","attn_output-18",""
179,5,MUL_MAT,0,268,85,706,"linear_attn_out-18","blk.18.ssm_out.weight","final_output-18"
179,9,MUL_MAT,0,10,5,725,"hc_inject-18","blk.18.hc_attn_inject.weight","hc_norm-18"
179,15,ADD,0,1,1,748,"hc_combine-18","l_last-17","node_3073"
179,18,MUL,0,6,1,760,"hc_norm-18"," (reshaped)","blk.18.hc_ffn_norm.weight"
179,23,UNARY,0,31,0,952,"hc_gate-18","node_3081",""
179,34,SCALE,0,0,1,968,"ffn_moe_inp-18","node_3092",""
179,38,ARGSORT,0,20,0,1108,"ffn_moe_argsort-18","ffn_moe_probs-18",""
179,70,ADD,0,1,1,1799,"ffn_moe_out-18","node_3128","ffn_moe_weighted-18 (view)"
179,74,MUL_MAT,0,27,8,1908,"ffn_shexp-18","blk.18.ffn_down_shexp.weight","ffn_swiglu-18"
179,77,MUL,0,2,0,1916,"ffn_shexp_gated-18","ffn_shexp-18","shared_expert_gate_sigmoid-18"
179,78,ADD,0,1,1,1918,"ffn_out-18","ffn_moe_out-18","ffn_shexp_gated-18"
179,81,MUL_MAT,0,7,5,1933,"hc_inject-18","blk.18.hc_ffn_inject.weight","hc_norm-18"
179,87,ADD,0,1,1,1946,"l_last-18","hc_combine-18","node_3145"
179,90,MUL,0,6,1,1957,"hc_norm-19"," (reshaped)","blk.19.hc_attn_norm.weight"
179,95,UNARY,0,35,0,2150,"hc_gate-19","node_3153",""
179,106,SCALE,0,0,3,2168,"hc_mixed-19","node_3164",""
179,151,RMS_NORM,0,5,0,2909,"norm-19","indexer_k_pooled-19 (reshaped)",""
180,38,MUL_MAT,0,264,49,550,"attn_output-19","blk.19.attn_output.weight","attn_gated-19"
180,41,MUL_MAT,0,7,5,565,"hc_inject-19","blk.19.hc_attn_inject.weight","hc_norm-19"
180,47,ADD,0,1,1,576,"hc_combine-19","l_last-18","node_3260"
180,50,MUL,0,6,1,586,"hc_norm-19"," (reshaped)","blk.19.hc_ffn_norm.weight"
180,55,UNARY,0,30,0,759,"hc_gate-19","node_3268",""
180,66,SCALE,0,0,2,777,"ffn_moe_inp-19","node_3279",""
180,70,ARGSORT,0,19,0,893,"ffn_moe_argsort-19","ffn_moe_probs-19",""
180,102,ADD,0,1,0,1521,"ffn_moe_out-19","node_3315","ffn_moe_weighted-19 (view)"
180,106,MUL_MAT,0,27,7,1626,"ffn_shexp-19","blk.19.ffn_down_shexp.weight","ffn_swiglu-19"
180,109,MUL,0,2,0,1633,"ffn_shexp_gated-19","ffn_shexp-19","shared_expert_gate_sigmoid-19"
180,110,ADD,0,1,1,1636,"ffn_out-19","ffn_moe_out-19","ffn_shexp_gated-19"
180,113,MUL_MAT,0,5,7,1651,"hc_inject-19","blk.19.hc_ffn_inject.weight","hc_norm-19"
180,119,ADD,0,2,0,1662,"l_last-19","hc_combine-19","node_3332"
180,122,MUL,0,6,0,1672,"hc_norm-20"," (reshaped)","blk.20.hc_attn_norm.weight"
180,127,UNARY,0,30,0,1859,"hc_gate-20","node_3340",""
180,138,SCALE,0,0,2,1875,"hc_mixed-20","node_3351",""
180,184,RMS_NORM,0,1,2,2964,"norm-20","attn_output-20",""
181,5,MUL_MAT,0,247,80,632,"linear_attn_out-20","blk.20.ssm_out.weight","final_output-20"
181,9,MUL_MAT,0,8,5,648,"hc_inject-20","blk.20.hc_attn_inject.weight","hc_norm-20"
181,15,ADD,0,2,1,853,"hc_combine-20","l_last-19","node_3414"
181,18,MUL,0,6,0,863,"hc_norm-20"," (reshaped)","blk.20.hc_ffn_norm.weight"
181,23,UNARY,0,31,0,1042,"hc_gate-20","node_3422",""
181,34,SCALE,0,0,2,1060,"ffn_moe_inp-20","node_3433",""
181,38,ARGSORT,0,20,0,1185,"ffn_moe_argsort-20","ffn_moe_probs-20",""
181,70,ADD,0,1,1,1823,"ffn_moe_out-20","node_3469","ffn_moe_weighted-20 (view)"
181,74,MUL_MAT,0,30,7,1950,"ffn_shexp-20","blk.20.ffn_down_shexp.weight","ffn_swiglu-20"
181,77,MUL,0,2,0,1959,"ffn_shexp_gated-20","ffn_shexp-20","shared_expert_gate_sigmoid-20"
181,78,ADD,0,1,1,1962,"ffn_out-20","ffn_moe_out-20","ffn_shexp_gated-20"
181,81,MUL_MAT,0,5,6,1976,"hc_inject-20","blk.20.hc_ffn_inject.weight","hc_norm-20"
181,87,ADD,0,1,1,1989,"l_last-20","hc_combine-20","node_3486"
181,90,MUL,0,7,0,2000,"hc_norm-21"," (reshaped)","blk.21.hc_attn_norm.weight"
181,95,UNARY,0,31,0,2185,"hc_gate-21","node_3494",""
181,106,SCALE,0,0,2,2206,"hc_mixed-21","node_3505",""
181,152,RMS_NORM,0,1,1,3291,"norm-21","attn_output-21",""
182,5,MUL_MAT,0,287,82,741,"linear_attn_out-21","blk.21.ssm_out.weight","final_output-21"
182,9,MUL_MAT,0,8,5,758,"hc_inject-21","blk.21.hc_attn_inject.weight","hc_norm-21"
182,15,ADD,0,2,1,803,"hc_combine-21","l_last-20","node_3568"
182,18,MUL,0,6,0,813,"hc_norm-21"," (reshaped)","blk.21.hc_ffn_norm.weight"
182,23,UNARY,0,31,0,1001,"hc_gate-21","node_3576",""
182,34,SCALE,0,0,1,1019,"ffn_moe_inp-21","node_3587",""
182,38,ARGSORT,0,20,0,1149,"ffn_moe_argsort-21","ffn_moe_probs-21",""
182,70,ADD,0,1,1,1819,"ffn_moe_out-21","node_3623","ffn_moe_weighted-21 (view)"
182,74,MUL_MAT,0,30,7,1939,"ffn_shexp-21","blk.21.ffn_down_shexp.weight","ffn_swiglu-21"
182,77,MUL,0,2,1,1948,"ffn_shexp_gated-21","ffn_shexp-21","shared_expert_gate_sigmoid-21"
182,78,ADD,0,1,1,1950,"ffn_out-21","ffn_moe_out-21","ffn_shexp_gated-21"
182,81,MUL_MAT,0,7,5,1965,"hc_inject-21","blk.21.hc_ffn_inject.weight","hc_norm-21"
182,87,ADD,0,2,0,1984,"l_last-21","hc_combine-21","node_3640"
182,90,MUL,0,7,0,1995,"hc_norm-22"," (reshaped)","blk.22.hc_attn_norm.weight"
182,95,UNARY,0,31,0,2190,"hc_gate-22","node_3648",""
182,106,SCALE,0,0,1,2207,"hc_mixed-22","node_3659",""
182,152,RMS_NORM,0,0,2,3234,"norm-22","attn_output-22",""
183,5,MUL_MAT,0,271,77,674,"linear_attn_out-22","blk.22.ssm_out.weight","final_output-22"
183,9,MUL_MAT,0,8,5,702,"hc_inject-22","blk.22.hc_attn_inject.weight","hc_norm-22"
183,15,ADD,0,2,1,715,"hc_combine-22","l_last-21","node_3722"
183,18,MUL,0,6,1,727,"hc_norm-22"," (reshaped)","blk.22.hc_ffn_norm.weight"
183,23,UNARY,0,30,0,915,"hc_gate-22","node_3730",""
183,34,SCALE,0,0,1,931,"ffn_moe_inp-22","node_3741",""
183,38,ARGSORT,0,19,0,1058,"ffn_moe_argsort-22","ffn_moe_probs-22",""
183,70,ADD,0,1,1,1766,"ffn_moe_out-22","node_3777","ffn_moe_weighted-22 (view)"
183,74,MUL_MAT,0,34,6,1891,"ffn_shexp-22","blk.22.ffn_down_shexp.weight","ffn_swiglu-22"
183,77,MUL,0,2,0,1908,"ffn_shexp_gated-22","ffn_shexp-22","shared_expert_gate_sigmoid-22"
183,78,ADD,0,1,0,1910,"ffn_out-22","ffn_moe_out-22","ffn_shexp_gated-22"
183,81,MUL_MAT,0,6,6,1925,"hc_inject-22","blk.22.hc_ffn_inject.weight","hc_norm-22"
183,87,ADD,0,2,1,1938,"l_last-22","hc_combine-22","node_3794"
183,90,MUL,0,6,0,1948,"hc_norm-23"," (reshaped)","blk.23.hc_attn_norm.weight"
183,95,UNARY,0,30,0,2143,"hc_gate-23","node_3802",""
183,106,SCALE,0,0,1,2164,"hc_mixed-23","node_3813",""
183,151,RMS_NORM,0,4,0,2953,"norm-23","indexer_k_pooled-23 (reshaped)",""
184,38,MUL_MAT,0,254,64,540,"attn_output-23","blk.23.attn_output.weight","attn_gated-23"
184,41,MUL_MAT,0,6,6,555,"hc_inject-23","blk.23.hc_attn_inject.weight","hc_norm-23"
184,47,ADD,0,2,0,566,"hc_combine-23","l_last-22","node_3909"
184,50,MUL,0,6,0,576,"hc_norm-23"," (reshaped)","blk.23.hc_ffn_norm.weight"
184,55,UNARY,0,31,17,763,"hc_gate-23","node_3917",""
184,66,SCALE,0,0,1,779,"ffn_moe_inp-23","node_3928",""
184,70,ARGSORT,0,19,0,900,"ffn_moe_argsort-23","ffn_moe_probs-23",""
184,102,ADD,0,1,1,1527,"ffn_moe_out-23","node_3964","ffn_moe_weighted-23 (view)"
184,106,MUL_MAT,0,25,8,1643,"ffn_shexp-23","blk.23.ffn_down_shexp.weight","ffn_swiglu-23"
184,109,MUL,0,2,0,1651,"ffn_shexp_gated-23","ffn_shexp-23","shared_expert_gate_sigmoid-23"
184,110,ADD,0,1,1,1653,"ffn_out-23","ffn_moe_out-23","ffn_shexp_gated-23"
184,113,MUL_MAT,0,5,7,1667,"hc_inject-23","blk.23.hc_ffn_inject.weight","hc_norm-23"
184,119,ADD,0,1,1,1678,"l_last-23","hc_combine-23","node_3981"
184,122,MUL,0,7,2,1691,"hc_norm-24"," (reshaped)","blk.24.hc_attn_norm.weight"
184,127,UNARY,0,30,1,1865,"hc_gate-24","node_3989",""
184,138,SCALE,0,0,2,1880,"hc_mixed-24","node_4000",""
184,184,RMS_NORM,0,1,1,2890,"norm-24","attn_output-24",""
185,5,MUL_MAT,0,306,44,682,"linear_attn_out-24","blk.24.ssm_out.weight","final_output-24"
185,9,MUL_MAT,0,6,6,697,"hc_inject-24","blk.24.hc_attn_inject.weight","hc_norm-24"
185,15,ADD,0,1,2,717,"hc_combine-24","l_last-23","node_4063"
185,18,MUL,0,6,1,728,"hc_norm-24"," (reshaped)","blk.24.hc_ffn_norm.weight"
185,23,UNARY,0,31,0,921,"hc_gate-24","node_4071",""
185,34,SCALE,0,0,2,936,"ffn_moe_inp-24","node_4082",""
185,38,ARGSORT,0,21,0,1069,"ffn_moe_argsort-24","ffn_moe_probs-24",""
185,70,ADD,0,2,0,1884,"ffn_moe_out-24","node_4118","ffn_moe_weighted-24 (view)"
185,74,MUL_MAT,0,31,5,1995,"ffn_shexp-24","blk.24.ffn_down_shexp.weight","ffn_swiglu-24"
185,77,MUL,0,3,0,2004,"ffn_shexp_gated-24","ffn_shexp-24","shared_expert_gate_sigmoid-24"
185,78,ADD,0,1,1,2006,"ffn_out-24","ffn_moe_out-24","ffn_shexp_gated-24"
185,81,MUL_MAT,0,6,7,2021,"hc_inject-24","blk.24.hc_ffn_inject.weight","hc_norm-24"
185,87,ADD,0,2,0,2032,"l_last-24","hc_combine-24","node_4135"
185,90,MUL,0,6,0,2043,"hc_norm-25"," (reshaped)","blk.25.hc_attn_norm.weight"
185,95,UNARY,0,31,1,2221,"hc_gate-25","node_4143",""
185,106,SCALE,0,0,1,2239,"hc_mixed-25","node_4154",""
185,152,RMS_NORM,0,0,2,3260,"norm-25","attn_output-25",""
186,5,MUL_MAT,0,277,60,656,"linear_attn_out-25","blk.25.ssm_out.weight","final_output-25"
186,9,MUL_MAT,0,5,7,672,"hc_inject-25","blk.25.hc_attn_inject.weight","hc_norm-25"
186,15,ADD,0,1,2,685,"hc_combine-25","l_last-24","node_4217"
186,18,MUL,0,6,1,695,"hc_norm-25"," (reshaped)","blk.25.hc_ffn_norm.weight"
186,23,UNARY,0,31,0,877,"hc_gate-25","node_4225",""
186,34,SCALE,0,0,1,899,"ffn_moe_inp-25","node_4236",""
186,38,ARGSORT,0,19,1,1019,"ffn_moe_argsort-25","ffn_moe_probs-25",""
186,70,ADD,0,1,1,1697,"ffn_moe_out-25","node_4272","ffn_moe_weighted-25 (view)"
186,74,MUL_MAT,0,34,5,1827,"ffn_shexp-25","blk.25.ffn_down_shexp.weight","ffn_swiglu-25"
186,77,MUL,0,2,0,1844,"ffn_shexp_gated-25","ffn_shexp-25","shared_expert_gate_sigmoid-25"
186,78,ADD,0,1,5,1850,"ffn_out-25","ffn_moe_out-25","ffn_shexp_gated-25"
186,81,MUL_MAT,0,5,8,1866,"hc_inject-25","blk.25.hc_ffn_inject.weight","hc_norm-25"
186,87,ADD,0,2,1,1879,"l_last-25","hc_combine-25","node_4289"
186,90,MUL,0,6,0,1889,"hc_norm-26"," (reshaped)","blk.26.hc_attn_norm.weight"
186,95,UNARY,0,31,0,2096,"hc_gate-26","node_4297",""
186,106,SCALE,0,0,2,2112,"hc_mixed-26","node_4308",""
186,152,RMS_NORM,0,1,0,3334,"norm-26","attn_output-26",""
187,5,MUL_MAT,0,278,107,769,"linear_attn_out-26","blk.26.ssm_out.weight","final_output-26"
187,9,MUL_MAT,0,7,2,782,"hc_inject-26","blk.26.hc_attn_inject.weight","hc_norm-26"
187,15,ADD,0,1,2,796,"hc_combine-26","l_last-25","node_4371"
187,18,MUL,0,6,0,806,"hc_norm-26"," (reshaped)","blk.26.hc_ffn_norm.weight"
187,23,UNARY,0,31,0,996,"hc_gate-26","node_4379",""
187,34,SCALE,0,0,1,1011,"ffn_moe_inp-26","node_4390",""
187,38,ARGSORT,0,19,0,1141,"ffn_moe_argsort-26","ffn_moe_probs-26",""
187,70,ADD,0,1,0,1844,"ffn_moe_out-26","node_4426","ffn_moe_weighted-26 (view)"
187,74,MUL_MAT,0,33,4,1959,"ffn_shexp-26","blk.26.ffn_down_shexp.weight","ffn_swiglu-26"
187,77,MUL,0,3,0,1967,"ffn_shexp_gated-26","ffn_shexp-26","shared_expert_gate_sigmoid-26"
187,78,ADD,0,1,1,1969,"ffn_out-26","ffn_moe_out-26","ffn_shexp_gated-26"
187,81,MUL_MAT,0,6,6,1984,"hc_inject-26","blk.26.hc_ffn_inject.weight","hc_norm-26"
187,87,ADD,0,2,0,1995,"l_last-26","hc_combine-26","node_4443"
187,90,MUL,0,6,0,2005,"hc_norm-27"," (reshaped)","blk.27.hc_attn_norm.weight"
187,95,UNARY,0,31,0,2201,"hc_gate-27","node_4451",""
187,106,SCALE,0,0,1,2216,"hc_mixed-27","node_4462",""
187,151,RMS_NORM,0,4,0,3092,"norm-27","indexer_k_pooled-27 (reshaped)",""
188,38,MUL_MAT,0,270,37,533,"attn_output-27","blk.27.attn_output.weight","attn_gated-27"
188,41,MUL_MAT,0,5,4,545,"hc_inject-27","blk.27.hc_attn_inject.weight","hc_norm-27"
188,47,ADD,0,1,1,557,"hc_combine-27","l_last-26","node_4558"
188,50,MUL,0,6,0,567,"hc_norm-27"," (reshaped)","blk.27.hc_ffn_norm.weight"
188,55,UNARY,0,30,1,748,"hc_gate-27","node_4566",""
188,66,SCALE,0,1,1,762,"ffn_moe_inp-27","node_4577",""
188,70,ARGSORT,0,18,1,883,"ffn_moe_argsort-27","ffn_moe_probs-27",""
188,102,ADD,0,1,1,1498,"ffn_moe_out-27","node_4613","ffn_moe_weighted-27 (view)"
188,106,MUL_MAT,0,26,8,1602,"ffn_shexp-27","blk.27.ffn_down_shexp.weight","ffn_swiglu-27"
188,109,MUL,0,2,0,1609,"ffn_shexp_gated-27","ffn_shexp-27","shared_expert_gate_sigmoid-27"
188,110,ADD,0,1,0,1611,"ffn_out-27","ffn_moe_out-27","ffn_shexp_gated-27"
188,113,MUL_MAT,0,6,4,1628,"hc_inject-27","blk.27.hc_ffn_inject.weight","hc_norm-27"
188,119,ADD,0,1,1,1639,"l_last-27","hc_combine-27","node_4630"
188,122,MUL,0,6,4,1653,"hc_norm-28"," (reshaped)","blk.28.hc_attn_norm.weight"
188,127,UNARY,0,30,0,1824,"hc_gate-28","node_4638",""
188,138,SCALE,0,0,5,1851,"hc_mixed-28","node_4649",""
188,184,RMS_NORM,0,0,2,2993,"norm-28","attn_output-28",""
189,5,MUL_MAT,0,275,81,697,"linear_attn_out-28","blk.28.ssm_out.weight","final_output-28"
189,9,MUL_MAT,0,9,3,721,"hc_inject-28","blk.28.hc_attn_inject.weight","hc_norm-28"
189,15,ADD,0,2,1,734,"hc_combine-28","l_last-27","node_4712"
189,18,MUL,0,7,0,745,"hc_norm-28"," (reshaped)","blk.28.hc_ffn_norm.weight"
189,23,UNARY,0,31,1,947,"hc_gate-28","node_4720",""
189,34,SCALE,0,0,1,964,"ffn_moe_inp-28","node_4731",""
189,38,ARGSORT,0,20,1,1097,"ffn_moe_argsort-28","ffn_moe_probs-28",""
189,70,ADD,0,1,1,1790,"ffn_moe_out-28","node_4767","ffn_moe_weighted-28 (view)"
189,74,MUL_MAT,0,31,76,2008,"ffn_shexp-28","blk.28.ffn_down_shexp.weight","ffn_swiglu-28"
189,77,MUL,0,2,0,2017,"ffn_shexp_gated-28","ffn_shexp-28","shared_expert_gate_sigmoid-28"
189,78,ADD,0,1,1,2019,"ffn_out-28","ffn_moe_out-28","ffn_shexp_gated-28"
189,81,MUL_MAT,0,6,3,2031,"hc_inject-28","blk.28.hc_ffn_inject.weight","hc_norm-28"
189,87,ADD,0,1,1,2044,"l_last-28","hc_combine-28","node_4784"
189,90,MUL,0,6,1,2056,"hc_norm-29"," (reshaped)","blk.29.hc_attn_norm.weight"
189,95,UNARY,0,30,1,2318,"hc_gate-29","node_4792",""
189,106,SCALE,0,0,2,2341,"hc_mixed-29","node_4803",""
189,152,RMS_NORM,0,1,4,3450,"norm-29","attn_output-29",""
190,5,MUL_MAT,0,272,68,719,"linear_attn_out-29","blk.29.ssm_out.weight","final_output-29"
190,9,MUL_MAT,0,8,2,739,"hc_inject-29","blk.29.hc_attn_inject.weight","hc_norm-29"
190,15,ADD,0,1,1,753,"hc_combine-29","l_last-28","node_4866"
190,18,MUL,0,6,0,762,"hc_norm-29"," (reshaped)","blk.29.hc_ffn_norm.weight"
190,23,UNARY,0,30,0,965,"hc_gate-29","node_4874",""
190,34,SCALE,0,0,1,986,"ffn_moe_inp-29","node_4885",""
190,38,ARGSORT,0,19,0,1118,"ffn_moe_argsort-29","ffn_moe_probs-29",""
190,70,ADD,0,1,1,1814,"ffn_moe_out-29","node_4921","ffn_moe_weighted-29 (view)"
190,74,MUL_MAT,0,31,10,2051,"ffn_shexp-29","blk.29.ffn_down_shexp.weight","ffn_swiglu-29"
190,77,MUL,0,2,0,2059,"ffn_shexp_gated-29","ffn_shexp-29","shared_expert_gate_sigmoid-29"
190,78,ADD,0,2,8,2069,"ffn_out-29","ffn_moe_out-29","ffn_shexp_gated-29"
190,81,MUL_MAT,0,7,2,2081,"hc_inject-29","blk.29.hc_ffn_inject.weight","hc_norm-29"
190,87,ADD,0,2,0,2093,"l_last-29","hc_combine-29","node_4938"
190,90,MUL,0,6,1,2104,"hc_norm-30"," (reshaped)","blk.30.hc_attn_norm.weight"
190,95,UNARY,0,30,1,2299,"hc_gate-30","node_4946",""
190,106,SCALE,0,0,2,2323,"hc_mixed-30","node_4957",""
190,152,RMS_NORM,0,1,1,3373,"norm-30","attn_output-30",""
191,5,MUL_MAT,0,285,83,727,"linear_attn_out-30","blk.30.ssm_out.weight","final_output-30"
191,9,MUL_MAT,0,19,0,750,"hc_inject-30","blk.30.hc_attn_inject.weight","hc_norm-30"
191,15,ADD,0,2,1,764,"hc_combine-30","l_last-29","node_5020"
191,18,MUL,0,7,0,775,"hc_norm-30"," (reshaped)","blk.30.hc_ffn_norm.weight"
191,23,UNARY,0,31,0,971,"hc_gate-30","node_5028",""
191,34,SCALE,0,0,1,988,"ffn_moe_inp-30","node_5039",""
191,38,ARGSORT,0,19,1,1174,"ffn_moe_argsort-30","ffn_moe_probs-30",""
191,70,ADD,0,1,0,1920,"ffn_moe_out-30","node_5075","ffn_moe_weighted-30 (view)"
191,74,MUL_MAT,0,29,6,2037,"ffn_shexp-30","blk.30.ffn_down_shexp.weight","ffn_swiglu-30"
191,77,MUL,0,2,9,2055,"ffn_shexp_gated-30","ffn_shexp-30","shared_expert_gate_sigmoid-30"
191,78,ADD,0,1,0,2057,"ffn_out-30","ffn_moe_out-30","ffn_shexp_gated-30"
191,81,MUL_MAT,0,7,2,2069,"hc_inject-30","blk.30.hc_ffn_inject.weight","hc_norm-30"
191,87,ADD,0,2,1,2094,"l_last-30","hc_combine-30","node_5092"
191,90,MUL,0,6,0,2112,"hc_norm-31"," (reshaped)","blk.31.hc_attn_norm.weight"
191,95,UNARY,0,31,0,2297,"hc_gate-31","node_5100",""
191,106,SCALE,0,0,1,2314,"hc_mixed-31","node_5111",""
191,151,RMS_NORM,0,5,0,3066,"norm-31","indexer_k_pooled-31 (reshaped)",""
192,38,MUL_MAT,0,241,64,518,"attn_output-31","blk.31.attn_output.weight","attn_gated-31"
192,41,MUL_MAT,0,9,1,530,"hc_inject-31","blk.31.hc_attn_inject.weight","hc_norm-31"
192,47,ADD,0,2,1,543,"hc_combine-31","l_last-30","node_5207"
192,50,MUL,0,6,0,553,"hc_norm-31"," (reshaped)","blk.31.hc_ffn_norm.weight"
192,55,UNARY,0,30,1,726,"hc_gate-31","node_5215",""
192,66,SCALE,0,0,1,749,"ffn_moe_inp-31","node_5226",""
192,70,ARGSORT,0,22,1,876,"ffn_moe_argsort-31","ffn_moe_probs-31",""
192,102,ADD,0,1,1,1606,"ffn_moe_out-31","node_5262","ffn_moe_weighted-31 (view)"
192,106,MUL_MAT,0,33,9,1749,"ffn_shexp-31","blk.31.ffn_down_shexp.weight","ffn_swiglu-31"
192,109,MUL,0,3,1,1761,"ffn_shexp_gated-31","ffn_shexp-31","shared_expert_gate_sigmoid-31"
192,110,ADD,0,1,0,1763,"ffn_out-31","ffn_moe_out-31","ffn_shexp_gated-31"
192,113,MUL_MAT,0,9,2,1778,"hc_inject-31","blk.31.hc_ffn_inject.weight","hc_norm-31"
192,119,ADD,0,2,0,1792,"l_last-31","hc_combine-31","node_5279"
192,122,MUL,0,9,1,1807,"hc_norm-32"," (reshaped)","blk.32.hc_attn_norm.weight"
192,127,UNARY,0,47,0,2024,"hc_gate-32","node_5287",""
192,138,SCALE,0,0,2,2045,"hc_mixed-32","node_5298",""
192,184,RMS_NORM,0,0,2,3408,"norm-32","attn_output-32",""
193,5,MUL_MAT,0,296,12,607,"linear_attn_out-32","blk.32.ssm_out.weight","final_output-32"
193,9,MUL_MAT,0,8,0,629,"hc_inject-32","blk.32.hc_attn_inject.weight","hc_norm-32"
193,15,ADD,0,2,1,644,"hc_combine-32","l_last-31","node_5361"
193,18,MUL,0,9,0,658,"hc_norm-32"," (reshaped)","blk.32.hc_ffn_norm.weight"
193,23,UNARY,0,34,0,844,"hc_gate-32","node_5369",""
193,34,SCALE,0,0,2,874,"ffn_moe_inp-32","node_5380",""
193,38,ARGSORT,0,23,0,1002,"ffn_moe_argsort-32","ffn_moe_probs-32",""
193,70,ADD,0,2,1,1637,"ffn_moe_out-32","node_5416","ffn_moe_weighted-32 (view)"
193,74,MUL_MAT,0,34,2,1756,"ffn_shexp-32","blk.32.ffn_down_shexp.weight","ffn_swiglu-32"
193,77,MUL,0,3,0,1766,"ffn_shexp_gated-32","ffn_shexp-32","shared_expert_gate_sigmoid-32"
193,78,ADD,0,1,0,1768,"ffn_out-32","ffn_moe_out-32","ffn_shexp_gated-32"
193,81,MUL_MAT,0,8,0,1781,"hc_inject-32","blk.32.hc_ffn_inject.weight","hc_norm-32"
193,87,ADD,0,2,1,1798,"l_last-32","hc_combine-32","node_5433"
193,90,MUL,0,8,0,1811,"hc_norm-33"," (reshaped)","blk.33.hc_attn_norm.weight"
193,95,UNARY,0,34,0,2012,"hc_gate-33","node_5441",""
193,106,SCALE,0,0,1,2030,"hc_mixed-33","node_5452",""
193,152,RMS_NORM,0,0,5,3381,"norm-33","attn_output-33",""
194,5,MUL_MAT,0,296,14,621,"linear_attn_out-33","blk.33.ssm_out.weight","final_output-33"
194,9,MUL_MAT,0,9,0,635,"hc_inject-33","blk.33.hc_attn_inject.weight","hc_norm-33"
194,15,ADD,0,2,1,663,"hc_combine-33","l_last-32","node_5515"
194,18,MUL,0,9,0,676,"hc_norm-33"," (reshaped)","blk.33.hc_ffn_norm.weight"
194,23,UNARY,0,35,0,992,"hc_gate-33","node_5523",""
194,34,SCALE,0,0,4,1063,"ffn_moe_inp-33","node_5534",""
194,38,ARGSORT,0,22,1,1233,"ffn_moe_argsort-33","ffn_moe_probs-33",""
194,70,ADD,0,1,9,1935,"ffn_moe_out-33","node_5570","ffn_moe_weighted-33 (view)"
194,74,MUL_MAT,0,34,3,2046,"ffn_shexp-33","blk.33.ffn_down_shexp.weight","ffn_swiglu-33"
194,77,MUL,0,3,0,2055,"ffn_shexp_gated-33","ffn_shexp-33","shared_expert_gate_sigmoid-33"
194,78,ADD,0,1,0,2057,"ffn_out-33","ffn_moe_out-33","ffn_shexp_gated-33"
194,81,MUL_MAT,0,8,0,2069,"hc_inject-33","blk.33.hc_ffn_inject.weight","hc_norm-33"
194,87,ADD,0,2,9,2090,"l_last-33","hc_combine-33","node_5587"
194,90,MUL,0,8,1,2103,"hc_norm-34"," (reshaped)","blk.34.hc_attn_norm.weight"
194,95,UNARY,0,34,0,2292,"hc_gate-34","node_5595",""
194,106,SCALE,0,1,1,2316,"hc_mixed-34","node_5606",""
194,152,RMS_NORM,0,5,1,3683,"norm-34","attn_output-34",""
195,5,MUL_MAT,0,331,10,656,"linear_attn_out-34","blk.34.ssm_out.weight","final_output-34"
195,9,MUL_MAT,0,11,1,673,"hc_inject-34","blk.34.hc_attn_inject.weight","hc_norm-34"
195,15,ADD,0,2,1,698,"hc_combine-34","l_last-33","node_5669"
195,18,MUL,0,9,0,712,"hc_norm-34"," (reshaped)","blk.34.hc_ffn_norm.weight"
195,23,UNARY,0,39,1,908,"hc_gate-34","node_5677",""
195,34,SCALE,0,1,0,925,"ffn_moe_inp-34","node_5688",""
195,38,ARGSORT,0,21,1,1137,"ffn_moe_argsort-34","ffn_moe_probs-34",""
195,70,ADD,0,1,1,1819,"ffn_moe_out-34","node_5724","ffn_moe_weighted-34 (view)"
195,74,MUL_MAT,0,36,7,1942,"ffn_shexp-34","blk.34.ffn_down_shexp.weight","ffn_swiglu-34"
195,77,MUL,0,3,0,1951,"ffn_shexp_gated-34","ffn_shexp-34","shared_expert_gate_sigmoid-34"
195,78,ADD,0,1,1,1954,"ffn_out-34","ffn_moe_out-34","ffn_shexp_gated-34"
195,81,MUL_MAT,0,12,0,1970,"hc_inject-34","blk.34.hc_ffn_inject.weight","hc_norm-34"
195,87,ADD,0,1,1,1983,"l_last-34","hc_combine-34","node_5741"
195,90,MUL,0,9,1,1999,"hc_norm-35"," (reshaped)","blk.35.hc_attn_norm.weight"
195,95,UNARY,0,33,0,2191,"hc_gate-35","node_5749",""
195,106,SCALE,0,0,2,2211,"hc_mixed-35","node_5760",""
195,151,RMS_NORM,0,8,1,3040,"norm-35","indexer_k_pooled-35 (reshaped)",""
196,38,MUL_MAT,0,284,27,525,"attn_output-35","blk.35.attn_output.weight","attn_gated-35"
196,41,MUL_MAT,0,11,1,541,"hc_inject-35","blk.35.hc_attn_inject.weight","hc_norm-35"
196,47,ADD,0,2,7,559,"hc_combine-35","l_last-34","node_5856"
196,50,MUL,0,9,1,572,"hc_norm-35"," (reshaped)","blk.35.hc_ffn_norm.weight"
196,55,UNARY,0,53,1,773,"hc_gate-35","node_5864",""
196,66,SCALE,0,1,0,790,"ffn_moe_inp-35","node_5875",""
196,70,ARGSORT,0,22,1,914,"ffn_moe_argsort-35","ffn_moe_probs-35",""
196,102,ADD,0,2,8,1518,"ffn_moe_out-35","node_5911","ffn_moe_weighted-35 (view)"
196,106,MUL_MAT,0,31,2,1621,"ffn_shexp-35","blk.35.ffn_down_shexp.weight","ffn_swiglu-35"
196,109,MUL,0,3,1,1639,"ffn_shexp_gated-35","ffn_shexp-35","shared_expert_gate_sigmoid-35"
196,110,ADD,0,1,1,1641,"ffn_out-35","ffn_moe_out-35","ffn_shexp_gated-35"
196,113,MUL_MAT,0,11,1,1656,"hc_inject-35","blk.35.hc_ffn_inject.weight","hc_norm-35"
196,119,ADD,0,2,0,1667,"l_last-35","hc_combine-35","node_5928"
196,122,MUL,0,9,0,1680,"hc_norm-36"," (reshaped)","blk.36.hc_attn_norm.weight"
196,127,UNARY,0,33,1,1852,"hc_gate-36","node_5936",""
196,138,SCALE,0,0,1,1870,"hc_mixed-36","node_5947",""
196,184,RMS_NORM,0,0,1,3095,"norm-36","attn_output-36",""
197,5,MUL_MAT,0,314,18,656,"linear_attn_out-36","blk.36.ssm_out.weight","final_output-36"
197,9,MUL_MAT,0,12,2,676,"hc_inject-36","blk.36.hc_attn_inject.weight","hc_norm-36"
197,15,ADD,0,2,0,701,"hc_combine-36","l_last-35","node_6010"
197,18,MUL,0,9,0,721,"hc_norm-36"," (reshaped)","blk.36.hc_ffn_norm.weight"
197,23,UNARY,0,34,1,914,"hc_gate-36","node_6018",""
197,34,SCALE,0,0,1,939,"ffn_moe_inp-36","node_6029",""
197,38,ARGSORT,0,20,1,1156,"ffn_moe_argsort-36","ffn_moe_probs-36",""
197,70,ADD,0,0,1,2386,"ffn_moe_out-36","node_6065","ffn_moe_weighted-36 (view)"
197,74,MUL_MAT,0,28,19,2509,"ffn_shexp-36","blk.36.ffn_down_shexp.weight","ffn_swiglu-36"
197,77,MUL,0,2,0,2525,"ffn_shexp_gated-36","ffn_shexp-36","shared_expert_gate_sigmoid-36"
197,78,ADD,0,1,1,2527,"ffn_out-36","ffn_moe_out-36","ffn_shexp_gated-36"
197,81,MUL_MAT,0,5,3,2537,"hc_inject-36","blk.36.hc_ffn_inject.weight","hc_norm-36"
197,87,ADD,0,1,2,2550,"l_last-36","hc_combine-36","node_6082"
197,90,MUL,0,5,0,2559,"hc_norm-37"," (reshaped)","blk.37.hc_attn_norm.weight"
197,95,UNARY,0,21,1,2736,"hc_gate-37","node_6090",""
197,106,SCALE,0,1,1,2751,"hc_mixed-37","node_6101",""
197,152,RMS_NORM,0,0,2,3749,"norm-37","attn_output-37",""
198,5,MUL_MAT,0,171,160,646,"linear_attn_out-37","blk.37.ssm_out.weight","final_output-37"
198,9,MUL_MAT,0,8,2,660,"hc_inject-37","blk.37.hc_attn_inject.weight","hc_norm-37"
198,15,ADD,0,1,1,672,"hc_combine-37","l_last-36","node_6164"
198,18,MUL,0,6,1,683,"hc_norm-37"," (reshaped)","blk.37.hc_ffn_norm.weight"
198,23,UNARY,0,21,1,878,"hc_gate-37","node_6172",""
198,34,SCALE,0,0,2,893,"ffn_moe_inp-37","node_6183",""
198,38,ARGSORT,0,18,0,1021,"ffn_moe_argsort-37","ffn_moe_probs-37",""
198,70,ADD,0,1,1,1842,"ffn_moe_out-37","node_6219","ffn_moe_weighted-37 (view)"
198,74,MUL_MAT,0,19,19,1966,"ffn_shexp-37","blk.37.ffn_down_shexp.weight","ffn_swiglu-37"
198,77,MUL,0,2,0,1975,"ffn_shexp_gated-37","ffn_shexp-37","shared_expert_gate_sigmoid-37"
198,78,ADD,0,1,2,1978,"ffn_out-37","ffn_moe_out-37","ffn_shexp_gated-37"
198,81,MUL_MAT,0,5,6,1991,"hc_inject-37","blk.37.hc_ffn_inject.weight","hc_norm-37"
198,87,ADD,0,2,1,2004,"l_last-37","hc_combine-37","node_6236"
198,90,MUL,0,5,0,2013,"hc_norm-38"," (reshaped)","blk.38.hc_attn_norm.weight"
198,95,UNARY,0,35,0,2229,"hc_gate-38","node_6244",""
198,106,SCALE,0,0,1,2263,"hc_mixed-38","node_6255",""
198,152,RMS_NORM,0,1,1,3581,"norm-38","attn_output-38",""
199,5,MUL_MAT,0,313,3,623,"linear_attn_out-38","blk.38.ssm_out.weight","final_output-38"
199,9,MUL_MAT,0,12,3,643,"hc_inject-38","blk.38.hc_attn_inject.weight","hc_norm-38"
199,15,ADD,0,2,1,657,"hc_combine-38","l_last-37","node_6318"
199,18,MUL,0,8,0,669,"hc_norm-38"," (reshaped)","blk.38.hc_ffn_norm.weight"
199,23,UNARY,0,34,0,847,"hc_gate-38","node_6326",""
199,34,SCALE,0,0,1,866,"ffn_moe_inp-38","node_6337",""
199,38,ARGSORT,0,22,0,1004,"ffn_moe_argsort-38","ffn_moe_probs-38",""
199,70,ADD,0,2,0,1663,"ffn_moe_out-38","node_6373","ffn_moe_weighted-38 (view)"
199,74,MUL_MAT,0,37,0,1775,"ffn_shexp-38","blk.38.ffn_down_shexp.weight","ffn_swiglu-38"
199,77,MUL,0,3,1,1793,"ffn_shexp_gated-38","ffn_shexp-38","shared_expert_gate_sigmoid-38"
199,78,ADD,0,1,1,1795,"ffn_out-38","ffn_moe_out-38","ffn_shexp_gated-38"
199,81,MUL_MAT,0,8,2,1809,"hc_inject-38","blk.38.hc_ffn_inject.weight","hc_norm-38"
199,87,ADD,0,1,1,1821,"l_last-38","hc_combine-38","node_6390"
200,0,GET_ROWS,0,4,5,10,"model.input_embed","token_embd.weight","inp_tokens"
200,2,REPEAT,0,8,0,19,"hc_init","model.input_embed (reshaped)",""
200,5,MUL,0,14,1,40,"hc_norm-0"," (reshaped)","blk.0.hc_attn_norm.weight"
200,10,UNARY,0,35,0,237,"hc_gate-0","node_9",""
200,21,SCALE,0,0,2,257,"hc_mixed-0","node_20",""
200,69,RMS_NORM,0,1,1,1627,"norm-0","attn_output-0",""
201,5,MUL_MAT,0,328,2,645,"linear_attn_out-0","blk.0.ssm_out.weight","final_output-0"
201,9,MUL_MAT,0,8,1,660,"hc_inject-0","blk.0.hc_attn_inject.weight","hc_norm-0"
201,15,ADD,0,1,9,683,"hc_combine-0","hc_init","node_85"
201,18,MUL,0,9,0,695,"hc_norm-0"," (reshaped)","blk.0.hc_ffn_norm.weight"
201,23,UNARY,0,34,1,885,"hc_gate-0","node_93",""
201,34,SCALE,0,0,1,906,"ffn_moe_inp-0","node_104",""
201,38,ARGSORT,0,22,0,1034,"ffn_moe_argsort-0","ffn_moe_probs-0",""
201,70,ADD,0,2,9,1698,"ffn_moe_out-0","node_140","ffn_moe_weighted-0 (view)"
201,93,MUL_MAT,0,34,1,2586,"ffn_shexp-0","blk.0.ffn_down_shexp.weight","ffn_swiglu-0"
201,96,MUL,0,3,0,2600,"ffn_shexp_gated-0","ffn_shexp-0","shared_expert_gate_sigmoid-0"
201,97,ADD,0,1,1,2603,"ffn_out-0","ffn_moe_out-0","ffn_shexp_gated-0"
201,100,MUL_MAT,0,20,1,2627,"hc_inject-0","blk.0.hc_ffn_inject.weight","hc_norm-0"
201,106,ADD,0,2,1,2647,"l_last-0","hc_combine-0","node_176"
201,120,UNARY,0,0,9,2699,"ple_gate-1","node_190",""
201,121,MUL,0,3,4,2707,"ple_gated_value-1","node_154","ple_gate-1"
201,174,MUL,0,13,0,3316,"hc_norm-1"," (reshaped)","blk.1.hc_attn_norm.weight"
201,179,UNARY,0,35,0,3512,"hc_gate-1","node_249",""
201,190,SCALE,0,0,2,3533,"hc_mixed-1","node_260",""
201,236,RMS_NORM,0,0,1,4955,"norm-1","attn_output-1",""
202,5,MUL_MAT,0,313,7,630,"linear_attn_out-1","blk.1.ssm_out.weight","final_output-1"
202,9,MUL_MAT,0,8,3,646,"hc_inject-1","blk.1.hc_attn_inject.weight","hc_norm-1"
202,15,ADD,0,3,0,658,"hc_combine-1","node_242","node_323"
202,18,MUL,0,9,1,672,"hc_norm-1"," (reshaped)","blk.1.hc_ffn_norm.weight"
202,23,UNARY,0,34,1,944,"hc_gate-1","node_331",""
202,34,SCALE,0,0,1,971,"ffn_moe_inp-1","node_342",""
202,38,ARGSORT,0,23,1,1209,"ffn_moe_argsort-1","ffn_moe_probs-1",""
202,70,ADD,0,2,0,2572,"ffn_moe_out-1","node_378","ffn_moe_weighted-1 (view)"
202,74,MUL_MAT,0,32,32,2726,"ffn_shexp-1","blk.1.ffn_down_shexp.weight","ffn_swiglu-1"
202,77,MUL,0,3,0,2737,"ffn_shexp_gated-1","ffn_shexp-1","shared_expert_gate_sigmoid-1"
202,78,ADD,0,1,0,2739,"ffn_out-1","ffn_moe_out-1","ffn_shexp_gated-1"
202,81,MUL_MAT,0,21,2,2766,"hc_inject-1","blk.1.hc_ffn_inject.weight","hc_norm-1"
202,87,ADD,0,2,4,2782,"l_last-1","hc_combine-1","node_395"
202,90,MUL,0,9,0,2796,"hc_norm-2"," (reshaped)","blk.2.hc_attn_norm.weight"
202,95,UNARY,0,34,0,2986,"hc_gate-2","node_403",""
202,106,SCALE,0,0,1,3011,"hc_mixed-2","node_414",""
202,152,RMS_NORM,0,0,2,4304,"norm-2","attn_output-2",""
203,5,MUL_MAT,0,162,149,622,"linear_attn_out-2","blk.2.ssm_out.weight","final_output-2"
203,9,MUL_MAT,0,6,6,637,"hc_inject-2","blk.2.hc_attn_inject.weight","hc_norm-2"
203,15,ADD,0,1,1,655,"hc_combine-2","l_last-1","node_477"
203,18,MUL,0,5,0,664,"hc_norm-2"," (reshaped)","blk.2.hc_ffn_norm.weight"
203,23,UNARY,0,25,0,852,"hc_gate-2","node_485",""
203,34,SCALE,0,0,1,867,"ffn_moe_inp-2","node_496",""
203,38,ARGSORT,0,20,0,993,"ffn_moe_argsort-2","ffn_moe_probs-2",""
203,70,ADD,0,1,0,1826,"ffn_moe_out-2","node_532","ffn_moe_weighted-2 (view)"
203,74,MUL_MAT,0,35,19,1977,"ffn_shexp-2","blk.2.ffn_down_shexp.weight","ffn_swiglu-2"
203,77,MUL,0,1,0,1989,"ffn_shexp_gated-2","ffn_shexp-2","shared_expert_gate_sigmoid-2"
203,78,ADD,0,1,0,1991,"ffn_out-2","ffn_moe_out-2","ffn_shexp_gated-2"
203,81,MUL_MAT,0,9,7,2010,"hc_inject-2","blk.2.hc_ffn_inject.weight","hc_norm-2"
203,87,ADD,0,1,1,2024,"l_last-2","hc_combine-2","node_549"
203,90,MUL,0,6,0,2035,"hc_norm-3"," (reshaped)","blk.3.hc_attn_norm.weight"
203,95,UNARY,0,21,0,2220,"hc_gate-3","node_557",""
203,106,SCALE,0,0,1,2236,"hc_mixed-3","node_568",""
203,151,RMS_NORM,0,3,1,3049,"norm-3","indexer_k_pooled-3 (reshaped)",""
204,38,MUL_MAT,0,162,144,499,"attn_output-3","blk.3.attn_output.weight","attn_gated-3"
204,41,MUL_MAT,0,5,7,514,"hc_inject-3","blk.3.hc_attn_inject.weight","hc_norm-3"
204,47,ADD,0,1,1,526,"hc_combine-3","l_last-2","node_664"
204,50,MUL,0,5,0,535,"hc_norm-3"," (reshaped)","blk.3.hc_ffn_norm.weight"
204,55,UNARY,0,20,0,703,"hc_gate-3","node_672",""
204,66,SCALE,0,0,1,717,"ffn_moe_inp-3","node_683",""
204,70,ARGSORT,0,18,0,838,"ffn_moe_argsort-3","ffn_moe_probs-3",""
204,102,ADD,0,1,0,1464,"ffn_moe_out-3","node_719","ffn_moe_weighted-3 (view)"
204,106,MUL_MAT,0,20,15,1576,"ffn_shexp-3","blk.3.ffn_down_shexp.weight","ffn_swiglu-3"
204,109,MUL,0,1,1,1584,"ffn_shexp_gated-3","ffn_shexp-3","shared_expert_gate_sigmoid-3"
204,110,ADD,0,1,1,1586,"ffn_out-3","ffn_moe_out-3","ffn_shexp_gated-3"
204,113,MUL_MAT,0,11,7,1608,"hc_inject-3","blk.3.hc_ffn_inject.weight","hc_norm-3"
204,119,ADD,0,1,1,1625,"l_last-3","hc_combine-3","node_736"
204,122,MUL,0,4,1,1634,"hc_norm-4"," (reshaped)","blk.4.hc_attn_norm.weight"
204,127,UNARY,0,21,0,1796,"hc_gate-4","node_744",""
204,138,SCALE,0,0,2,1811,"hc_mixed-4","node_755",""
204,184,RMS_NORM,0,0,2,2917,"norm-4","attn_output-4",""
205,5,MUL_MAT,0,255,64,631,"linear_attn_out-4","blk.4.ssm_out.weight","final_output-4"
205,9,MUL_MAT,0,7,3,645,"hc_inject-4","blk.4.hc_attn_inject.weight","hc_norm-4"
205,15,ADD,0,2,1,669,"hc_combine-4","l_last-3","node_818"
205,18,MUL,0,6,1,680,"hc_norm-4"," (reshaped)","blk.4.hc_ffn_norm.weight"
205,23,UNARY,0,31,0,857,"hc_gate-4","node_826",""
205,34,SCALE,0,0,2,874,"ffn_moe_inp-4","node_837",""
205,38,ARGSORT,0,20,0,1000,"ffn_moe_argsort-4","ffn_moe_probs-4",""
205,70,ADD,0,2,0,1772,"ffn_moe_out-4","node_873","ffn_moe_weighted-4 (view)"
205,74,MUL_MAT,0,29,7,1882,"ffn_shexp-4","blk.4.ffn_down_shexp.weight","ffn_swiglu-4"
205,77,MUL,0,2,0,1891,"ffn_shexp_gated-4","ffn_shexp-4","shared_expert_gate_sigmoid-4"
205,78,ADD,0,1,0,1893,"ffn_out-4","ffn_moe_out-4","ffn_shexp_gated-4"
205,81,MUL_MAT,0,7,2,1904,"hc_inject-4","blk.4.hc_ffn_inject.weight","hc_norm-4"
205,87,ADD,0,2,1,1916,"l_last-4","hc_combine-4","node_890"
205,90,MUL,0,7,0,1927,"hc_norm-5"," (reshaped)","blk.5.hc_attn_norm.weight"
205,95,UNARY,0,31,0,2136,"hc_gate-5","node_898",""
205,106,SCALE,0,0,2,2153,"hc_mixed-5","node_909",""
205,152,RMS_NORM,0,0,2,3348,"norm-5","attn_output-5",""
206,5,MUL_MAT,0,257,76,646,"linear_attn_out-5","blk.5.ssm_out.weight","final_output-5"
206,9,MUL_MAT,0,8,2,660,"hc_inject-5","blk.5.hc_attn_inject.weight","hc_norm-5"
206,15,ADD,0,2,0,673,"hc_combine-5","l_last-4","node_972"
206,18,MUL,0,6,0,683,"hc_norm-5"," (reshaped)","blk.5.hc_ffn_norm.weight"
206,23,UNARY,0,31,0,867,"hc_gate-5","node_980",""
206,34,SCALE,0,0,1,883,"ffn_moe_inp-5","node_991",""
206,38,ARGSORT,0,22,0,1014,"ffn_moe_argsort-5","ffn_moe_probs-5",""
206,70,ADD,0,1,1,1659,"ffn_moe_out-5","node_1027","ffn_moe_weighted-5 (view)"
206,74,MUL_MAT,0,27,16,1776,"ffn_shexp-5","blk.5.ffn_down_shexp.weight","ffn_swiglu-5"
206,77,MUL,0,2,0,1793,"ffn_shexp_gated-5","ffn_shexp-5","shared_expert_gate_sigmoid-5"
206,78,ADD,0,1,0,1795,"ffn_out-5","ffn_moe_out-5","ffn_shexp_gated-5"
206,81,MUL_MAT,0,6,2,1806,"hc_inject-5","blk.5.hc_ffn_inject.weight","hc_norm-5"
206,87,ADD,0,1,1,1823,"l_last-5","hc_combine-5","node_1044"
206,90,MUL,0,7,0,1834,"hc_norm-6"," (reshaped)","blk.6.hc_attn_norm.weight"
206,95,UNARY,0,30,1,2012,"hc_gate-6","node_1052",""
206,106,SCALE,0,1,1,2029,"hc_mixed-6","node_1063",""
206,152,RMS_NORM,0,0,2,3108,"norm-6","attn_output-6",""
207,5,MUL_MAT,0,299,54,696,"linear_attn_out-6","blk.6.ssm_out.weight","final_output-6"
207,9,MUL_MAT,0,8,5,713,"hc_inject-6","blk.6.hc_attn_inject.weight","hc_norm-6"
207,15,ADD,0,2,18,757,"hc_combine-6","l_last-5","node_1126"
207,18,MUL,0,7,0,767,"hc_norm-6"," (reshaped)","blk.6.hc_ffn_norm.weight"
207,23,UNARY,0,31,0,970,"hc_gate-6","node_1134",""
207,34,SCALE,0,0,1,985,"ffn_moe_inp-6","node_1145",""
207,38,ARGSORT,0,22,0,1115,"ffn_moe_argsort-6","ffn_moe_probs-6",""
207,70,ADD,0,1,0,1814,"ffn_moe_out-6","node_1181","ffn_moe_weighted-6 (view)"
207,74,MUL_MAT,0,27,11,1934,"ffn_shexp-6","blk.6.ffn_down_shexp.weight","ffn_swiglu-6"
207,77,MUL,0,2,0,1962,"ffn_shexp_gated-6","ffn_shexp-6","shared_expert_gate_sigmoid-6"
207,78,ADD,0,1,1,1965,"ffn_out-6","ffn_moe_out-6","ffn_shexp_gated-6"
207,81,MUL_MAT,0,5,3,1975,"hc_inject-6","blk.6.hc_ffn_inject.weight","hc_norm-6"
207,87,ADD,0,2,0,1987,"l_last-6","hc_combine-6","node_1198"
207,90,MUL,0,6,0,2009,"hc_norm-7"," (reshaped)","blk.7.hc_attn_norm.weight"
207,95,UNARY,0,31,0,2191,"hc_gate-7","node_1206",""
207,106,SCALE,0,1,1,2207,"hc_mixed-7","node_1217",""
207,151,RMS_NORM,0,4,1,2963,"norm-7","indexer_k_pooled-7 (reshaped)",""
208,38,MUL_MAT,0,247,66,529,"attn_output-7","blk.7.attn_output.weight","attn_gated-7"
208,41,MUL_MAT,0,7,2,540,"hc_inject-7","blk.7.hc_attn_inject.weight","hc_norm-7"
208,47,ADD,0,2,1,552,"hc_combine-7","l_last-6","node_1313"
208,50,MUL,0,6,0,562,"hc_norm-7"," (reshaped)","blk.7.hc_ffn_norm.weight"
208,55,UNARY,0,30,0,736,"hc_gate-7","node_1321",""
208,66,SCALE,0,0,1,752,"ffn_moe_inp-7","node_1332",""
208,70,ARGSORT,0,19,0,871,"ffn_moe_argsort-7","ffn_moe_probs-7",""
208,102,ADD,0,1,1,1601,"ffn_moe_out-7","node_1368","ffn_moe_weighted-7 (view)"
208,106,MUL_MAT,0,29,7,1716,"ffn_shexp-7","blk.7.ffn_down_shexp.weight","ffn_swiglu-7"
208,109,MUL,0,2,0,1723,"ffn_shexp_gated-7","ffn_shexp-7","shared_expert_gate_sigmoid-7"
208,110,ADD,0,1,0,1724,"ffn_out-7","ffn_moe_out-7","ffn_shexp_gated-7"
208,113,MUL_MAT,0,6,4,1737,"hc_inject-7","blk.7.hc_ffn_inject.weight","hc_norm-7"
208,119,ADD,0,2,1,1755,"l_last-7","hc_combine-7","node_1385"
208,122,MUL,0,7,0,1766,"hc_norm-8"," (reshaped)","blk.8.hc_attn_norm.weight"
208,127,UNARY,0,44,0,1965,"hc_gate-8","node_1393",""
208,138,SCALE,0,0,2,1981,"hc_mixed-8","node_1404",""
208,184,RMS_NORM,0,1,1,3066,"norm-8","attn_output-8",""
209,5,MUL_MAT,0,257,66,635,"linear_attn_out-8","blk.8.ssm_out.weight","final_output-8"
209,9,MUL_MAT,0,7,1,648,"hc_inject-8","blk.8.hc_attn_inject.weight","hc_norm-8"
209,15,ADD,0,2,1,662,"hc_combine-8","l_last-7","node_1467"
209,18,MUL,0,7,0,672,"hc_norm-8"," (reshaped)","blk.8.hc_ffn_norm.weight"
209,23,UNARY,0,31,0,872,"hc_gate-8","node_1475",""
209,34,SCALE,0,1,2,896,"ffn_moe_inp-8","node_1486",""
209,38,ARGSORT,0,22,0,1028,"ffn_moe_argsort-8","ffn_moe_probs-8",""
209,70,ADD,0,2,0,1810,"ffn_moe_out-8","node_1522","ffn_moe_weighted-8 (view)"
209,74,MUL_MAT,0,30,7,1935,"ffn_shexp-8","blk.8.ffn_down_shexp.weight","ffn_swiglu-8"
209,77,MUL,0,2,1,1957,"ffn_shexp_gated-8","ffn_shexp-8","shared_expert_gate_sigmoid-8"
209,78,ADD,0,1,0,1958,"ffn_out-8","ffn_moe_out-8","ffn_shexp_gated-8"
209,81,MUL_MAT,0,6,7,1974,"hc_inject-8","blk.8.hc_ffn_inject.weight","hc_norm-8"
209,87,ADD,0,2,1,1987,"l_last-8","hc_combine-8","node_1539"
209,90,MUL,0,7,0,1998,"hc_norm-9"," (reshaped)","blk.9.hc_attn_norm.weight"
209,95,UNARY,0,31,0,2189,"hc_gate-9","node_1547",""
209,106,SCALE,0,0,1,2204,"hc_mixed-9","node_1558",""
209,152,RMS_NORM,0,0,1,3351,"norm-9","attn_output-9",""
210,5,MUL_MAT,0,269,58,650,"linear_attn_out-9","blk.9.ssm_out.weight","final_output-9"
210,9,MUL_MAT,0,12,1,667,"hc_inject-9","blk.9.hc_attn_inject.weight","hc_norm-9"
210,15,ADD,0,2,1,692,"hc_combine-9","l_last-8","node_1621"
210,18,MUL,0,6,0,701,"hc_norm-9"," (reshaped)","blk.9.hc_ffn_norm.weight"
210,23,UNARY,0,31,0,888,"hc_gate-9","node_1629",""
210,34,SCALE,0,0,10,912,"ffn_moe_inp-9","node_1640",""
210,38,ARGSORT,0,22,0,1046,"ffn_moe_argsort-9","ffn_moe_probs-9",""
210,70,ADD,0,1,1,1664,"ffn_moe_out-9","node_1676","ffn_moe_weighted-9 (view)"
210,74,MUL_MAT,0,29,8,1782,"ffn_shexp-9","blk.9.ffn_down_shexp.weight","ffn_swiglu-9"
210,77,MUL,0,2,13,1808,"ffn_shexp_gated-9","ffn_shexp-9","shared_expert_gate_sigmoid-9"
210,78,ADD,0,1,0,1810,"ffn_out-9","ffn_moe_out-9","ffn_shexp_gated-9"
210,81,MUL_MAT,0,7,5,1824,"hc_inject-9","blk.9.hc_ffn_inject.weight","hc_norm-9"
210,87,ADD,0,1,1,1842,"l_last-9","hc_combine-9","node_1693"
210,90,MUL,0,7,0,1853,"hc_norm-10"," (reshaped)","blk.10.hc_attn_norm.weight"
210,95,UNARY,0,31,0,2033,"hc_gate-10","node_1701",""
210,106,SCALE,0,0,2,2060,"hc_mixed-10","node_1712",""
210,152,RMS_NORM,0,1,1,3093,"norm-10","attn_output-10",""
211,5,MUL_MAT,0,277,76,694,"linear_attn_out-10","blk.10.ssm_out.weight","final_output-10"
211,9,MUL_MAT,0,7,7,711,"hc_inject-10","blk.10.hc_attn_inject.weight","hc_norm-10"
211,15,ADD,0,2,1,740,"hc_combine-10","l_last-9","node_1775"
211,18,MUL,0,6,0,750,"hc_norm-10"," (reshaped)","blk.10.hc_ffn_norm.weight"
211,23,UNARY,0,31,0,930,"hc_gate-10","node_1783",""
211,34,SCALE,0,0,1,946,"ffn_moe_inp-10","node_1794",""
211,38,ARGSORT,0,20,0,1072,"ffn_moe_argsort-10","ffn_moe_probs-10",""
211,70,ADD,0,1,0,1758,"ffn_moe_out-10","node_1830","ffn_moe_weighted-10 (view)"
211,74,MUL_MAT,0,28,7,1866,"ffn_shexp-10","blk.10.ffn_down_shexp.weight","ffn_swiglu-10"
211,77,MUL,0,2,1,1874,"ffn_shexp_gated-10","ffn_shexp-10","shared_expert_gate_sigmoid-10"
211,78,ADD,0,1,1,1876,"ffn_out-10","ffn_moe_out-10","ffn_shexp_gated-10"
211,81,MUL_MAT,0,5,6,1889,"hc_inject-10","blk.10.hc_ffn_inject.weight","hc_norm-10"
211,87,ADD,0,2,10,2025,"l_last-10","hc_combine-10","node_1847"
211,90,MUL,0,6,1,2037,"hc_norm-11"," (reshaped)","blk.11.hc_attn_norm.weight"
211,95,UNARY,0,30,1,2267,"hc_gate-11","node_1855",""
211,106,SCALE,0,0,1,2286,"hc_mixed-11","node_1866",""
211,151,RMS_NORM,0,5,0,3051,"norm-11","indexer_k_pooled-11 (reshaped)",""
212,38,MUL_MAT,0,265,41,509,"attn_output-11","blk.11.attn_output.weight","attn_gated-11"
212,41,MUL_MAT,0,5,2,523,"hc_inject-11","blk.11.hc_attn_inject.weight","hc_norm-11"
212,47,ADD,0,2,0,538,"hc_combine-11","l_last-10","node_1962"
212,50,MUL,0,6,0,548,"hc_norm-11"," (reshaped)","blk.11.hc_ffn_norm.weight"
212,55,UNARY,0,30,0,717,"hc_gate-11","node_1970",""
212,66,SCALE,0,0,8,743,"ffn_moe_inp-11","node_1981",""
212,70,ARGSORT,0,19,0,863,"ffn_moe_argsort-11","ffn_moe_probs-11",""
212,102,ADD,0,1,109,1559,"ffn_moe_out-11","node_2017","ffn_moe_weighted-11 (view)"
212,106,MUL_MAT,0,29,13,1681,"ffn_shexp-11","blk.11.ffn_down_shexp.weight","ffn_swiglu-11"
212,109,MUL,0,2,1,1689,"ffn_shexp_gated-11","ffn_shexp-11","shared_expert_gate_sigmoid-11"
212,110,ADD,0,1,0,1690,"ffn_out-11","ffn_moe_out-11","ffn_shexp_gated-11"
212,113,MUL_MAT,0,7,4,1704,"hc_inject-11","blk.11.hc_ffn_inject.weight","hc_norm-11"
212,119,ADD,0,1,1,1715,"l_last-11","hc_combine-11","node_2034"
212,122,MUL,0,6,1,1726,"hc_norm-12"," (reshaped)","blk.12.hc_attn_norm.weight"
212,127,UNARY,0,30,0,1910,"hc_gate-12","node_2042",""
212,138,SCALE,0,0,2,1926,"hc_mixed-12","node_2053",""
212,184,RMS_NORM,0,1,2,2991,"norm-12","attn_output-12",""
213,5,MUL_MAT,0,278,66,893,"linear_attn_out-12","blk.12.ssm_out.weight","final_output-12"
213,9,MUL_MAT,0,8,2,906,"hc_inject-12","blk.12.hc_attn_inject.weight","hc_norm-12"
213,15,ADD,0,2,1,928,"hc_combine-12","l_last-11","node_2116"
213,18,MUL,0,7,0,949,"hc_norm-12"," (reshaped)","blk.12.hc_ffn_norm.weight"
213,23,UNARY,0,31,0,1137,"hc_gate-12","node_2124",""
213,34,SCALE,0,0,2,1155,"ffn_moe_inp-12","node_2135",""
213,38,ARGSORT,0,22,0,1290,"ffn_moe_argsort-12","ffn_moe_probs-12",""
213,70,ADD,0,1,1,1977,"ffn_moe_out-12","node_2171","ffn_moe_weighted-12 (view)"
213,74,MUL_MAT,0,32,5,2102,"ffn_shexp-12","blk.12.ffn_down_shexp.weight","ffn_swiglu-12"
213,77,MUL,0,2,1,2122,"ffn_shexp_gated-12","ffn_shexp-12","shared_expert_gate_sigmoid-12"
213,78,ADD,0,1,1,2124,"ffn_out-12","ffn_moe_out-12","ffn_shexp_gated-12"
213,81,MUL_MAT,0,7,2,2135,"hc_inject-12","blk.12.hc_ffn_inject.weight","hc_norm-12"
213,87,ADD,0,1,1,2152,"l_last-12","hc_combine-12","node_2188"
213,90,MUL,0,7,0,2174,"hc_norm-13"," (reshaped)","blk.13.hc_attn_norm.weight"
213,95,UNARY,0,31,0,2379,"hc_gate-13","node_2196",""
213,106,SCALE,0,0,1,2396,"hc_mixed-13","node_2207",""
213,152,RMS_NORM,0,1,1,3508,"norm-13","attn_output-13",""
214,5,MUL_MAT,0,265,55,634,"linear_attn_out-13","blk.13.ssm_out.weight","final_output-13"
214,9,MUL_MAT,0,7,2,647,"hc_inject-13","blk.13.hc_attn_inject.weight","hc_norm-13"
214,15,ADD,0,2,0,660,"hc_combine-13","l_last-12","node_2270"
214,18,MUL,0,6,1,671,"hc_norm-13"," (reshaped)","blk.13.hc_ffn_norm.weight"
214,23,UNARY,0,31,0,856,"hc_gate-13","node_2278",""
214,34,SCALE,0,1,1,878,"ffn_moe_inp-13","node_2289",""
214,38,ARGSORT,0,22,0,1005,"ffn_moe_argsort-13","ffn_moe_probs-13",""
214,70,ADD,0,2,0,1660,"ffn_moe_out-13","node_2325","ffn_moe_weighted-13 (view)"
214,74,MUL_MAT,0,41,12,1796,"ffn_shexp-13","blk.13.ffn_down_shexp.weight","ffn_swiglu-13"
214,77,MUL,0,2,0,1804,"ffn_shexp_gated-13","ffn_shexp-13","shared_expert_gate_sigmoid-13"
214,78,ADD,0,1,1,1806,"ffn_out-13","ffn_moe_out-13","ffn_shexp_gated-13"
214,81,MUL_MAT,0,7,2,1817,"hc_inject-13","blk.13.hc_ffn_inject.weight","hc_norm-13"
214,87,ADD,0,2,0,1829,"l_last-13","hc_combine-13","node_2342"
214,90,MUL,0,7,0,1840,"hc_norm-14"," (reshaped)","blk.14.hc_attn_norm.weight"
214,95,UNARY,0,31,0,2038,"hc_gate-14","node_2350",""
214,106,SCALE,0,0,2,2056,"hc_mixed-14","node_2361",""
214,152,RMS_NORM,0,1,2,3120,"norm-14","attn_output-14",""
215,5,MUL_MAT,0,274,67,661,"linear_attn_out-14","blk.14.ssm_out.weight","final_output-14"
215,9,MUL_MAT,0,8,2,674,"hc_inject-14","blk.14.hc_attn_inject.weight","hc_norm-14"
215,15,ADD,0,1,10,694,"hc_combine-14","l_last-13","node_2424"
215,18,MUL,0,6,0,704,"hc_norm-14"," (reshaped)","blk.14.hc_ffn_norm.weight"
215,23,UNARY,0,46,1,897,"hc_gate-14","node_2432",""
215,34,SCALE,0,1,1,913,"ffn_moe_inp-14","node_2443",""
215,38,ARGSORT,0,21,0,1039,"ffn_moe_argsort-14","ffn_moe_probs-14",""
215,70,ADD,0,1,1,1691,"ffn_moe_out-14","node_2479","ffn_moe_weighted-14 (view)"
215,74,MUL_MAT,0,32,9,1811,"ffn_shexp-14","blk.14.ffn_down_shexp.weight","ffn_swiglu-14"
215,77,MUL,0,2,0,1832,"ffn_shexp_gated-14","ffn_shexp-14","shared_expert_gate_sigmoid-14"
215,78,ADD,0,1,1,1835,"ffn_out-14","ffn_moe_out-14","ffn_shexp_gated-14"
215,81,MUL_MAT,0,7,1,1845,"hc_inject-14","blk.14.hc_ffn_inject.weight","hc_norm-14"
215,87,ADD,0,2,0,1861,"l_last-14","hc_combine-14","node_2496"
215,90,MUL,0,7,0,1872,"hc_norm-15"," (reshaped)","blk.15.hc_attn_norm.weight"
215,95,UNARY,0,30,0,2076,"hc_gate-15","node_2504",""
215,106,SCALE,0,0,2,2093,"hc_mixed-15","node_2515",""
215,151,RMS_NORM,0,5,0,2875,"norm-15","indexer_k_pooled-15 (reshaped)",""
216,38,MUL_MAT,0,169,155,522,"attn_output-15","blk.15.attn_output.weight","attn_gated-15"
216,41,MUL_MAT,0,8,0,533,"hc_inject-15","blk.15.hc_attn_inject.weight","hc_norm-15"
216,47,ADD,0,1,1,545,"hc_combine-15","l_last-14","node_2611"
216,50,MUL,0,5,0,552,"hc_norm-15"," (reshaped)","blk.15.hc_ffn_norm.weight"
216,55,UNARY,0,21,0,722,"hc_gate-15","node_2619",""
216,66,SCALE,0,0,2,738,"ffn_moe_inp-15","node_2630",""
216,70,ARGSORT,0,17,0,858,"ffn_moe_argsort-15","ffn_moe_probs-15",""
216,102,ADD,0,1,1,1483,"ffn_moe_out-15","node_2666","ffn_moe_weighted-15 (view)"
216,106,MUL_MAT,0,17,17,1592,"ffn_shexp-15","blk.15.ffn_down_shexp.weight","ffn_swiglu-15"
216,109,MUL,0,1,1,1600,"ffn_shexp_gated-15","ffn_shexp-15","shared_expert_gate_sigmoid-15"
216,110,ADD,0,1,0,1601,"ffn_out-15","ffn_moe_out-15","ffn_shexp_gated-15"
216,113,MUL_MAT,0,5,1,1609,"hc_inject-15","blk.15.hc_ffn_inject.weight","hc_norm-15"
216,119,ADD,0,1,0,1620,"l_last-15","hc_combine-15","node_2683"
216,122,MUL,0,5,4,1632,"hc_norm-16"," (reshaped)","blk.16.hc_attn_norm.weight"
216,127,UNARY,0,21,0,1807,"hc_gate-16","node_2691",""
216,138,SCALE,0,0,1,1822,"hc_mixed-16","node_2702",""
216,184,RMS_NORM,0,0,3,2824,"norm-16","attn_output-16",""
217,5,MUL_MAT,0,176,167,663,"linear_attn_out-16","blk.16.ssm_out.weight","final_output-16"
217,9,MUL_MAT,0,8,1,676,"hc_inject-16","blk.16.hc_attn_inject.weight","hc_norm-16"
217,15,ADD,0,1,1,687,"hc_combine-16","l_last-15","node_2765"
217,18,MUL,0,6,1,696,"hc_norm-16"," (reshaped)","blk.16.hc_ffn_norm.weight"
217,23,UNARY,0,22,0,883,"hc_gate-16","node_2773",""
217,34,SCALE,0,0,2,900,"ffn_moe_inp-16","node_2784",""
217,38,ARGSORT,0,18,0,1030,"ffn_moe_argsort-16","ffn_moe_probs-16",""
217,70,ADD,0,1,0,1753,"ffn_moe_out-16","node_2820","ffn_moe_weighted-16 (view)"
217,74,MUL_MAT,0,19,17,1866,"ffn_shexp-16","blk.16.ffn_down_shexp.weight","ffn_swiglu-16"
217,77,MUL,0,1,1,1875,"ffn_shexp_gated-16","ffn_shexp-16","shared_expert_gate_sigmoid-16"
217,78,ADD,0,1,0,1876,"ffn_out-16","ffn_moe_out-16","ffn_shexp_gated-16"
217,81,MUL_MAT,0,5,1,1886,"hc_inject-16","blk.16.hc_ffn_inject.weight","hc_norm-16"
217,87,ADD,0,1,1,1897,"l_last-16","hc_combine-16","node_2837"
217,90,MUL,0,5,0,1905,"hc_norm-17"," (reshaped)","blk.17.hc_attn_norm.weight"
217,95,UNARY,0,21,0,2260,"hc_gate-17","node_2845",""
217,106,SCALE,0,0,1,2276,"hc_mixed-17","node_2856",""
217,152,RMS_NORM,0,1,2,3252,"norm-17","attn_output-17",""
218,5,MUL_MAT,0,168,159,645,"linear_attn_out-17","blk.17.ssm_out.weight","final_output-17"
218,9,MUL_MAT,0,6,1,660,"hc_inject-17","blk.17.hc_attn_inject.weight","hc_norm-17"
218,15,ADD,0,1,1,671,"hc_combine-17","l_last-16","node_2919"
218,18,MUL,0,5,0,678,"hc_norm-17"," (reshaped)","blk.17.hc_ffn_norm.weight"
218,23,UNARY,0,21,0,846,"hc_gate-17","node_2927",""
218,34,SCALE,0,0,2,862,"ffn_moe_inp-17","node_2938",""
218,38,ARGSORT,0,17,0,978,"ffn_moe_argsort-17","ffn_moe_probs-17",""
218,70,ADD,0,1,0,1690,"ffn_moe_out-17","node_2974","ffn_moe_weighted-17 (view)"
218,74,MUL_MAT,0,20,17,1815,"ffn_shexp-17","blk.17.ffn_down_shexp.weight","ffn_swiglu-17"
218,77,MUL,0,2,0,1827,"ffn_shexp_gated-17","ffn_shexp-17","shared_expert_gate_sigmoid-17"
218,78,ADD,0,1,1,1829,"ffn_out-17","ffn_moe_out-17","ffn_shexp_gated-17"
218,81,MUL_MAT,0,7,1,1839,"hc_inject-17","blk.17.hc_ffn_inject.weight","hc_norm-17"
218,87,ADD,0,1,1,1850,"l_last-17","hc_combine-17","node_2991"
218,90,MUL,0,5,0,1858,"hc_norm-18"," (reshaped)","blk.18.hc_attn_norm.weight"
218,95,UNARY,0,21,0,2039,"hc_gate-18","node_2999",""
218,106,SCALE,0,0,1,2059,"hc_mixed-18","node_3010",""
218,152,RMS_NORM,0,1,24,3150,"norm-18","attn_output-18",""
219,5,MUL_MAT,0,264,65,652,"linear_attn_out-18","blk.18.ssm_out.weight","final_output-18"
219,9,MUL_MAT,0,8,0,663,"hc_inject-18","blk.18.hc_attn_inject.weight","hc_norm-18"
219,15,ADD,0,2,0,674,"hc_combine-18","l_last-17","node_3073"
219,18,MUL,0,7,0,684,"hc_norm-18"," (reshaped)","blk.18.hc_ffn_norm.weight"
219,23,UNARY,0,31,0,864,"hc_gate-18","node_3081",""
219,34,SCALE,0,0,2,881,"ffn_moe_inp-18","node_3092",""
219,38,ARGSORT,0,20,0,1003,"ffn_moe_argsort-18","ffn_moe_probs-18",""
219,70,ADD,0,1,1,1666,"ffn_moe_out-18","node_3128","ffn_moe_weighted-18 (view)"
219,74,MUL_MAT,0,29,7,1777,"ffn_shexp-18","blk.18.ffn_down_shexp.weight","ffn_swiglu-18"
219,77,MUL,0,2,1,1795,"ffn_shexp_gated-18","ffn_shexp-18","shared_expert_gate_sigmoid-18"
219,78,ADD,0,1,1,1797,"ffn_out-18","ffn_moe_out-18","ffn_shexp_gated-18"
219,81,MUL_MAT,0,16,2,1817,"hc_inject-18","blk.18.hc_ffn_inject.weight","hc_norm-18"
219,87,ADD,0,2,1,1830,"l_last-18","hc_combine-18","node_3145"
219,90,MUL,0,6,1,1840,"hc_norm-19"," (reshaped)","blk.19.hc_attn_norm.weight"
219,95,UNARY,0,31,0,2019,"hc_gate-19","node_3153",""
219,106,SCALE,0,0,17,2061,"hc_mixed-19","node_3164",""
219,151,RMS_NORM,0,5,0,2869,"norm-19","indexer_k_pooled-19 (reshaped)",""
220,38,MUL_MAT,0,287,52,563,"attn_output-19","blk.19.attn_output.weight","attn_gated-19"
220,41,MUL_MAT,0,8,2,576,"hc_inject-19","blk.19.hc_attn_inject.weight","hc_norm-19"
220,47,ADD,0,1,2,590,"hc_combine-19","l_last-18","node_3260"
220,50,MUL,0,5,1,600,"hc_norm-19"," (reshaped)","blk.19.hc_ffn_norm.weight"
220,55,UNARY,0,30,0,806,"hc_gate-19","node_3268",""
220,66,SCALE,0,0,10,831,"ffn_moe_inp-19","node_3279",""
220,70,ARGSORT,0,19,0,951,"ffn_moe_argsort-19","ffn_moe_probs-19",""
220,102,ADD,0,1,1,1703,"ffn_moe_out-19","node_3315","ffn_moe_weighted-19 (view)"
220,106,MUL_MAT,0,30,81,1892,"ffn_shexp-19","blk.19.ffn_down_shexp.weight","ffn_swiglu-19"
220,109,MUL,0,2,0,1901,"ffn_shexp_gated-19","ffn_shexp-19","shared_expert_gate_sigmoid-19"
220,110,ADD,0,1,0,1903,"ffn_out-19","ffn_moe_out-19","ffn_shexp_gated-19"
220,113,MUL_MAT,0,7,2,1915,"hc_inject-19","blk.19.hc_ffn_inject.weight","hc_norm-19"
220,119,ADD,0,1,1,1927,"l_last-19","hc_combine-19","node_3332"
220,122,MUL,0,7,1,1939,"hc_norm-20"," (reshaped)","blk.20.hc_attn_norm.weight"
220,127,UNARY,0,30,0,2118,"hc_gate-20","node_3340",""
220,138,SCALE,0,0,1,2139,"hc_mixed-20","node_3351",""
220,184,RMS_NORM,0,1,1,3155,"norm-20","attn_output-20",""
221,5,MUL_MAT,0,292,49,664,"linear_attn_out-20","blk.20.ssm_out.weight","final_output-20"
221,9,MUL_MAT,0,5,2,676,"hc_inject-20","blk.20.hc_attn_inject.weight","hc_norm-20"
221,15,ADD,0,2,1,688,"hc_combine-20","l_last-19","node_3414"
221,18,MUL,0,6,0,698,"hc_norm-20"," (reshaped)","blk.20.hc_ffn_norm.weight"
221,23,UNARY,0,31,0,880,"hc_gate-20","node_3422",""
221,34,SCALE,0,0,1,896,"ffn_moe_inp-20","node_3433",""
221,38,ARGSORT,0,21,0,1030,"ffn_moe_argsort-20","ffn_moe_probs-20",""
221,70,ADD,0,1,0,1759,"ffn_moe_out-20","node_3469","ffn_moe_weighted-20 (view)"
221,74,MUL_MAT,0,31,10,1884,"ffn_shexp-20","blk.20.ffn_down_shexp.weight","ffn_swiglu-20"
221,77,MUL,0,1,1,1892,"ffn_shexp_gated-20","ffn_shexp-20","shared_expert_gate_sigmoid-20"
221,78,ADD,0,1,0,1893,"ffn_out-20","ffn_moe_out-20","ffn_shexp_gated-20"
221,81,MUL_MAT,0,7,2,1904,"hc_inject-20","blk.20.hc_ffn_inject.weight","hc_norm-20"
221,87,ADD,0,2,0,1924,"l_last-20","hc_combine-20","node_3486"
221,90,MUL,0,6,1,1935,"hc_norm-21"," (reshaped)","blk.21.hc_attn_norm.weight"
221,95,UNARY,0,31,0,2129,"hc_gate-21","node_3494",""
221,106,SCALE,0,0,2,2145,"hc_mixed-21","node_3505",""
221,152,RMS_NORM,0,0,2,3276,"norm-21","attn_output-21",""
222,5,MUL_MAT,0,272,49,643,"linear_attn_out-21","blk.21.ssm_out.weight","final_output-21"
222,9,MUL_MAT,0,6,3,656,"hc_inject-21","blk.21.hc_attn_inject.weight","hc_norm-21"
222,15,ADD,0,1,2,669,"hc_combine-21","l_last-20","node_3568"
222,18,MUL,0,6,0,679,"hc_norm-21"," (reshaped)","blk.21.hc_ffn_norm.weight"
222,23,UNARY,0,30,0,857,"hc_gate-21","node_3576",""
222,34,SCALE,0,0,1,872,"ffn_moe_inp-21","node_3587",""
222,38,ARGSORT,0,21,0,994,"ffn_moe_argsort-21","ffn_moe_probs-21",""
222,70,ADD,0,1,7,1627,"ffn_moe_out-21","node_3623","ffn_moe_weighted-21 (view)"
222,74,MUL_MAT,0,28,8,1744,"ffn_shexp-21","blk.21.ffn_down_shexp.weight","ffn_swiglu-21"
222,77,MUL,0,2,0,1752,"ffn_shexp_gated-21","ffn_shexp-21","shared_expert_gate_sigmoid-21"
222,78,ADD,0,2,0,1754,"ffn_out-21","ffn_moe_out-21","ffn_shexp_gated-21"
222,81,MUL_MAT,0,6,3,1765,"hc_inject-21","blk.21.hc_ffn_inject.weight","hc_norm-21"
222,87,ADD,0,2,1,1781,"l_last-21","hc_combine-21","node_3640"
222,90,MUL,0,7,0,1792,"hc_norm-22"," (reshaped)","blk.22.hc_attn_norm.weight"
222,95,UNARY,0,30,1,1972,"hc_gate-22","node_3648",""
222,106,SCALE,0,0,2,1992,"hc_mixed-22","node_3659",""
222,152,RMS_NORM,0,0,1,3142,"norm-22","attn_output-22",""
223,5,MUL_MAT,0,257,70,650,"linear_attn_out-22","blk.22.ssm_out.weight","final_output-22"
223,9,MUL_MAT,0,7,1,662,"hc_inject-22","blk.22.hc_attn_inject.weight","hc_norm-22"
223,15,ADD,0,2,1,688,"hc_combine-22","l_last-21","node_3722"
223,18,MUL,0,6,1,699,"hc_norm-22"," (reshaped)","blk.22.hc_ffn_norm.weight"
223,23,UNARY,0,30,1,875,"hc_gate-22","node_3730",""
223,34,SCALE,0,1,2,892,"ffn_moe_inp-22","node_3741",""
223,38,ARGSORT,0,21,0,1019,"ffn_moe_argsort-22","ffn_moe_probs-22",""
223,70,ADD,0,2,0,1806,"ffn_moe_out-22","node_3777","ffn_moe_weighted-22 (view)"
223,74,MUL_MAT,0,28,8,1916,"ffn_shexp-22","blk.22.ffn_down_shexp.weight","ffn_swiglu-22"
223,77,MUL,0,2,0,1923,"ffn_shexp_gated-22","ffn_shexp-22","shared_expert_gate_sigmoid-22"
223,78,ADD,0,1,1,1925,"ffn_out-22","ffn_moe_out-22","ffn_shexp_gated-22"
223,81,MUL_MAT,0,15,2,1945,"hc_inject-22","blk.22.hc_ffn_inject.weight","hc_norm-22"
223,87,ADD,0,1,1,1958,"l_last-22","hc_combine-22","node_3794"
223,90,MUL,0,6,1,1969,"hc_norm-23"," (reshaped)","blk.23.hc_attn_norm.weight"
223,95,UNARY,0,31,0,2154,"hc_gate-23","node_3802",""
223,106,SCALE,0,1,1,2172,"hc_mixed-23","node_3813",""
223,151,RMS_NORM,0,5,0,2903,"norm-23","indexer_k_pooled-23 (reshaped)",""
224,38,MUL_MAT,0,284,43,551,"attn_output-23","blk.23.attn_output.weight","attn_gated-23"
224,41,MUL_MAT,0,7,3,564,"hc_inject-23","blk.23.hc_attn_inject.weight","hc_norm-23"
224,47,ADD,0,1,3,582,"hc_combine-23","l_last-22","node_3909"
224,50,MUL,0,6,0,599,"hc_norm-23"," (reshaped)","blk.23.hc_ffn_norm.weight"
224,55,UNARY,0,31,0,793,"hc_gate-23","node_3917",""
224,66,SCALE,0,1,5,854,"ffn_moe_inp-23","node_3928",""
224,70,ARGSORT,0,22,0,1015,"ffn_moe_argsort-23","ffn_moe_probs-23",""
224,102,ADD,0,1,1,1732,"ffn_moe_out-23","node_3964","ffn_moe_weighted-23 (view)"
224,106,MUL_MAT,0,34,1,1852,"ffn_shexp-23","blk.23.ffn_down_shexp.weight","ffn_swiglu-23"
224,109,MUL,0,3,0,1862,"ffn_shexp_gated-23","ffn_shexp-23","shared_expert_gate_sigmoid-23"
224,110,ADD,0,1,1,1865,"ffn_out-23","ffn_moe_out-23","ffn_shexp_gated-23"
224,113,MUL_MAT,0,10,0,1878,"hc_inject-23","blk.23.hc_ffn_inject.weight","hc_norm-23"
224,119,ADD,0,2,1,1891,"l_last-23","hc_combine-23","node_3981"
224,122,MUL,0,9,1,1905,"hc_norm-24"," (reshaped)","blk.24.hc_attn_norm.weight"
224,127,UNARY,0,34,1,2108,"hc_gate-24","node_3989",""
224,138,SCALE,0,0,1,2126,"hc_mixed-24","node_4000",""
224,184,RMS_NORM,0,1,1,3369,"norm-24","attn_output-24",""
225,5,MUL_MAT,0,326,5,652,"linear_attn_out-24","blk.24.ssm_out.weight","final_output-24"
225,9,MUL_MAT,0,22,2,681,"hc_inject-24","blk.24.hc_attn_inject.weight","hc_norm-24"
225,15,ADD,0,2,1,697,"hc_combine-24","l_last-23","node_4063"
225,18,MUL,0,9,1,711,"hc_norm-24"," (reshaped)","blk.24.hc_ffn_norm.weight"
225,23,UNARY,0,34,0,915,"hc_gate-24","node_4071",""
225,34,SCALE,0,0,2,940,"ffn_moe_inp-24","node_4082",""
225,38,ARGSORT,0,22,0,1072,"ffn_moe_argsort-24","ffn_moe_probs-24",""
225,70,ADD,0,2,0,1777,"ffn_moe_out-24","node_4118","ffn_moe_weighted-24 (view)"
225,74,MUL_MAT,0,47,1,1917,"ffn_shexp-24","blk.24.ffn_down_shexp.weight","ffn_swiglu-24"
225,77,MUL,0,3,0,1934,"ffn_shexp_gated-24","ffn_shexp-24","shared_expert_gate_sigmoid-24"
225,78,ADD,0,1,1,1937,"ffn_out-24","ffn_moe_out-24","ffn_shexp_gated-24"
225,81,MUL_MAT,0,8,1,1951,"hc_inject-24","blk.24.hc_ffn_inject.weight","hc_norm-24"
225,87,ADD,0,2,0,1967,"l_last-24","hc_combine-24","node_4135"
225,90,MUL,0,9,0,1981,"hc_norm-25"," (reshaped)","blk.25.hc_attn_norm.weight"
225,95,UNARY,0,34,0,2166,"hc_gate-25","node_4143",""
225,106,SCALE,0,1,2,2192,"hc_mixed-25","node_4154",""
225,152,RMS_NORM,0,1,3,3489,"norm-25","attn_output-25",""
226,5,MUL_MAT,0,304,7,613,"linear_attn_out-25","blk.25.ssm_out.weight","final_output-25"
226,9,MUL_MAT,0,8,0,627,"hc_inject-25","blk.25.hc_attn_inject.weight","hc_norm-25"
226,15,ADD,0,2,1,641,"hc_combine-25","l_last-24","node_4217"
226,18,MUL,0,8,0,658,"hc_norm-25"," (reshaped)","blk.25.hc_ffn_norm.weight"
226,23,UNARY,0,35,0,834,"hc_gate-25","node_4225",""
226,34,SCALE,0,0,2,852,"ffn_moe_inp-25","node_4236",""
226,38,ARGSORT,0,22,1,974,"ffn_moe_argsort-25","ffn_moe_probs-25",""
226,70,ADD,0,2,0,1629,"ffn_moe_out-25","node_4272","ffn_moe_weighted-25 (view)"
226,74,MUL_MAT,0,47,2,1763,"ffn_shexp-25","blk.25.ffn_down_shexp.weight","ffn_swiglu-25"
226,77,MUL,0,3,1,1773,"ffn_shexp_gated-25","ffn_shexp-25","shared_expert_gate_sigmoid-25"
226,78,ADD,0,1,1,1775,"ffn_out-25","ffn_moe_out-25","ffn_shexp_gated-25"
226,81,MUL_MAT,0,9,3,1791,"hc_inject-25","blk.25.hc_ffn_inject.weight","hc_norm-25"
226,87,ADD,0,2,1,1805,"l_last-25","hc_combine-25","node_4289"
226,90,MUL,0,10,0,1819,"hc_norm-26"," (reshaped)","blk.26.hc_attn_norm.weight"
226,95,UNARY,0,48,0,2048,"hc_gate-26","node_4297",""
226,106,SCALE,0,0,2,2068,"hc_mixed-26","node_4308",""
226,152,RMS_NORM,0,1,32,3610,"norm-26","attn_output-26",""
227,5,MUL_MAT,0,320,1,624,"linear_attn_out-26","blk.26.ssm_out.weight","final_output-26"
227,9,MUL_MAT,0,9,0,638,"hc_inject-26","blk.26.hc_attn_inject.weight","hc_norm-26"
227,15,ADD,0,2,0,651,"hc_combine-26","l_last-25","node_4371"
227,18,MUL,0,9,1,665,"hc_norm-26"," (reshaped)","blk.26.hc_ffn_norm.weight"
227,23,UNARY,0,34,0,853,"hc_gate-26","node_4379",""
227,34,SCALE,0,0,1,871,"ffn_moe_inp-26","node_4390",""
227,38,ARGSORT,0,21,1,995,"ffn_moe_argsort-26","ffn_moe_probs-26",""
227,70,ADD,0,2,2,1692,"ffn_moe_out-26","node_4426","ffn_moe_weighted-26 (view)"
227,74,MUL_MAT,0,34,3,1822,"ffn_shexp-26","blk.26.ffn_down_shexp.weight","ffn_swiglu-26"
227,77,MUL,0,3,1,1833,"ffn_shexp_gated-26","ffn_shexp-26","shared_expert_gate_sigmoid-26"
227,78,ADD,0,2,0,1835,"ffn_out-26","ffn_moe_out-26","ffn_shexp_gated-26"
227,81,MUL_MAT,0,9,0,1848,"hc_inject-26","blk.26.hc_ffn_inject.weight","hc_norm-26"
227,87,ADD,0,2,1,1862,"l_last-26","hc_combine-26","node_4443"
227,90,MUL,0,9,0,1875,"hc_norm-27"," (reshaped)","blk.27.hc_attn_norm.weight"
227,95,UNARY,0,35,0,2061,"hc_gate-27","node_4451",""
227,106,SCALE,0,1,0,2079,"hc_mixed-27","node_4462",""
227,151,RMS_NORM,0,8,0,2848,"norm-27","indexer_k_pooled-27 (reshaped)",""
228,38,MUL_MAT,0,343,16,627,"attn_output-27","blk.27.attn_output.weight","attn_gated-27"
228,41,MUL_MAT,0,8,1,646,"hc_inject-27","blk.27.hc_attn_inject.weight","hc_norm-27"
228,47,ADD,0,1,1,658,"hc_combine-27","l_last-26","node_4558"
228,50,MUL,0,8,1,671,"hc_norm-27"," (reshaped)","blk.27.hc_ffn_norm.weight"
228,55,UNARY,0,33,0,875,"hc_gate-27","node_4566",""
228,66,SCALE,0,1,2,921,"ffn_moe_inp-27","node_4577",""
228,70,ARGSORT,0,21,0,1046,"ffn_moe_argsort-27","ffn_moe_probs-27",""
228,102,ADD,0,1,1,1689,"ffn_moe_out-27","node_4613","ffn_moe_weighted-27 (view)"
228,106,MUL_MAT,0,19,15,1804,"ffn_shexp-27","blk.27.ffn_down_shexp.weight","ffn_swiglu-27"
228,109,MUL,0,1,1,1824,"ffn_shexp_gated-27","ffn_shexp-27","shared_expert_gate_sigmoid-27"
228,110,ADD,0,1,1,1826,"ffn_out-27","ffn_moe_out-27","ffn_shexp_gated-27"
228,113,MUL_MAT,0,5,3,1836,"hc_inject-27","blk.27.hc_ffn_inject.weight","hc_norm-27"
228,119,ADD,0,1,10,1863,"l_last-27","hc_combine-27","node_4630"
228,122,MUL,0,5,4,1876,"hc_norm-28"," (reshaped)","blk.28.hc_attn_norm.weight"
228,127,UNARY,0,33,1,2063,"hc_gate-28","node_4638",""
228,138,SCALE,0,0,2,2082,"hc_mixed-28","node_4649",""
228,184,RMS_NORM,0,1,10,3346,"norm-28","attn_output-28",""
229,5,MUL_MAT,0,307,6,614,"linear_attn_out-28","blk.28.ssm_out.weight","final_output-28"
229,9,MUL_MAT,0,10,1,645,"hc_inject-28","blk.28.hc_attn_inject.weight","hc_norm-28"
229,15,ADD,0,2,0,658,"hc_combine-28","l_last-27","node_4712"
229,18,MUL,0,11,1,674,"hc_norm-28"," (reshaped)","blk.28.hc_ffn_norm.weight"
229,23,UNARY,0,34,0,886,"hc_gate-28","node_4720",""
229,34,SCALE,0,0,10,913,"ffn_moe_inp-28","node_4731",""
229,38,ARGSORT,0,22,1,1101,"ffn_moe_argsort-28","ffn_moe_probs-28",""
229,70,ADD,0,1,8,1844,"ffn_moe_out-28","node_4767","ffn_moe_weighted-28 (view)"
229,74,MUL_MAT,0,35,21,1988,"ffn_shexp-28","blk.28.ffn_down_shexp.weight","ffn_swiglu-28"
229,77,MUL,0,3,0,2007,"ffn_shexp_gated-28","ffn_shexp-28","shared_expert_gate_sigmoid-28"
229,78,ADD,0,2,0,2009,"ffn_out-28","ffn_moe_out-28","ffn_shexp_gated-28"
229,81,MUL_MAT,0,11,1,2025,"hc_inject-28","blk.28.hc_ffn_inject.weight","hc_norm-28"
229,87,ADD,0,2,5,2042,"l_last-28","hc_combine-28","node_4784"
229,90,MUL,0,11,0,2057,"hc_norm-29"," (reshaped)","blk.29.hc_attn_norm.weight"
229,95,UNARY,0,34,1,2259,"hc_gate-29","node_4792",""
229,106,SCALE,0,1,1,2281,"hc_mixed-29","node_4803",""
229,152,RMS_NORM,0,0,2,3594,"norm-29","attn_output-29",""
230,5,MUL_MAT,0,311,1,622,"linear_attn_out-29","blk.29.ssm_out.weight","final_output-29"
230,9,MUL_MAT,0,8,0,635,"hc_inject-29","blk.29.hc_attn_inject.weight","hc_norm-29"
230,15,ADD,0,1,1,649,"hc_combine-29","l_last-28","node_4866"
230,18,MUL,0,8,1,665,"hc_norm-29"," (reshaped)","blk.29.hc_ffn_norm.weight"
230,23,UNARY,0,34,1,856,"hc_gate-29","node_4874",""
230,34,SCALE,0,0,2,883,"ffn_moe_inp-29","node_4885",""
230,38,ARGSORT,0,23,0,1006,"ffn_moe_argsort-29","ffn_moe_probs-29",""
230,70,ADD,0,2,0,1633,"ffn_moe_out-29","node_4921","ffn_moe_weighted-29 (view)"
230,74,MUL_MAT,0,33,4,1758,"ffn_shexp-29","blk.29.ffn_down_shexp.weight","ffn_swiglu-29"
230,77,MUL,0,3,1,1769,"ffn_shexp_gated-29","ffn_shexp-29","shared_expert_gate_sigmoid-29"
230,78,ADD,0,1,7,1777,"ffn_out-29","ffn_moe_out-29","ffn_shexp_gated-29"
230,81,MUL_MAT,0,10,0,1792,"hc_inject-29","blk.29.hc_ffn_inject.weight","hc_norm-29"
230,87,ADD,0,2,1,1805,"l_last-29","hc_combine-29","node_4938"
230,90,MUL,0,8,0,1817,"hc_norm-30"," (reshaped)","blk.30.hc_attn_norm.weight"
230,95,UNARY,0,35,0,2010,"hc_gate-30","node_4946",""
230,106,SCALE,0,0,2,2026,"hc_mixed-30","node_4957",""
230,152,RMS_NORM,0,1,1,3549,"norm-30","attn_output-30",""
231,5,MUL_MAT,0,312,1,610,"linear_attn_out-30","blk.30.ssm_out.weight","final_output-30"
231,9,MUL_MAT,0,8,0,623,"hc_inject-30","blk.30.hc_attn_inject.weight","hc_norm-30"
231,15,ADD,0,1,9,644,"hc_combine-30","l_last-29","node_5020"
231,18,MUL,0,9,0,657,"hc_norm-30"," (reshaped)","blk.30.hc_ffn_norm.weight"
231,23,UNARY,0,34,0,844,"hc_gate-30","node_5028",""
231,34,SCALE,0,0,1,866,"ffn_moe_inp-30","node_5039",""
231,38,ARGSORT,0,21,1,992,"ffn_moe_argsort-30","ffn_moe_probs-30",""
231,70,ADD,0,1,1,1786,"ffn_moe_out-30","node_5075","ffn_moe_weighted-30 (view)"
231,74,MUL_MAT,0,21,17,1920,"ffn_shexp-30","blk.30.ffn_down_shexp.weight","ffn_swiglu-30"
231,77,MUL,0,1,0,1934,"ffn_shexp_gated-30","ffn_shexp-30","shared_expert_gate_sigmoid-30"
231,78,ADD,0,1,1,1936,"ffn_out-30","ffn_moe_out-30","ffn_shexp_gated-30"
231,81,MUL_MAT,0,5,3,1947,"hc_inject-30","blk.30.hc_ffn_inject.weight","hc_norm-30"
231,87,ADD,0,1,2,1962,"l_last-30","hc_combine-30","node_5092"
231,90,MUL,0,5,0,1970,"hc_norm-31"," (reshaped)","blk.31.hc_attn_norm.weight"
231,95,UNARY,0,34,1,2179,"hc_gate-31","node_5100",""
231,106,SCALE,0,0,1,2200,"hc_mixed-31","node_5111",""
231,151,RMS_NORM,0,9,0,3112,"norm-31","indexer_k_pooled-31 (reshaped)",""
232,38,MUL_MAT,0,315,10,557,"attn_output-31","blk.31.attn_output.weight","attn_gated-31"
232,41,MUL_MAT,0,9,0,570,"hc_inject-31","blk.31.hc_attn_inject.weight","hc_norm-31"
232,47,ADD,0,2,1,583,"hc_combine-31","l_last-30","node_5207"
232,50,MUL,0,11,0,597,"hc_norm-31"," (reshaped)","blk.31.hc_ffn_norm.weight"
232,55,UNARY,0,33,0,787,"hc_gate-31","node_5215",""
232,66,SCALE,0,0,1,804,"ffn_moe_inp-31","node_5226",""
232,70,ARGSORT,0,22,0,932,"ffn_moe_argsort-31","ffn_moe_probs-31",""
232,102,ADD,0,2,0,1603,"ffn_moe_out-31","node_5262","ffn_moe_weighted-31 (view)"
232,106,MUL_MAT,0,32,3,1762,"ffn_shexp-31","blk.31.ffn_down_shexp.weight","ffn_swiglu-31"
232,109,MUL,0,3,0,1772,"ffn_shexp_gated-31","ffn_shexp-31","shared_expert_gate_sigmoid-31"
232,110,ADD,0,1,3,1777,"ffn_out-31","ffn_moe_out-31","ffn_shexp_gated-31"
232,113,MUL_MAT,0,9,0,1790,"hc_inject-31","blk.31.hc_ffn_inject.weight","hc_norm-31"
232,119,ADD,0,2,0,1802,"l_last-31","hc_combine-31","node_5279"
232,122,MUL,0,21,1,1827,"hc_norm-32"," (reshaped)","blk.32.hc_attn_norm.weight"
232,127,UNARY,0,34,1,2039,"hc_gate-32","node_5287",""
232,138,SCALE,0,0,2,2059,"hc_mixed-32","node_5298",""
232,184,RMS_NORM,0,1,1,3343,"norm-32","attn_output-32",""
233,5,MUL_MAT,0,309,2,613,"linear_attn_out-32","blk.32.ssm_out.weight","final_output-32"
233,9,MUL_MAT,0,8,1,626,"hc_inject-32","blk.32.hc_attn_inject.weight","hc_norm-32"
233,15,ADD,0,2,0,647,"hc_combine-32","l_last-31","node_5361"
233,18,MUL,0,8,0,659,"hc_norm-32"," (reshaped)","blk.32.hc_ffn_norm.weight"
233,23,UNARY,0,34,1,852,"hc_gate-32","node_5369",""
233,34,SCALE,0,0,1,942,"ffn_moe_inp-32","node_5380",""
233,38,ARGSORT,0,22,1,1085,"ffn_moe_argsort-32","ffn_moe_probs-32",""
233,70,ADD,0,2,0,1850,"ffn_moe_out-32","node_5416","ffn_moe_weighted-32 (view)"
233,74,MUL_MAT,0,38,9,1988,"ffn_shexp-32","blk.32.ffn_down_shexp.weight","ffn_swiglu-32"
233,77,MUL,0,3,1,1999,"ffn_shexp_gated-32","ffn_shexp-32","shared_expert_gate_sigmoid-32"
233,78,ADD,0,1,10,2010,"ffn_out-32","ffn_moe_out-32","ffn_shexp_gated-32"
233,81,MUL_MAT,0,21,1,2036,"hc_inject-32","blk.32.hc_ffn_inject.weight","hc_norm-32"
233,87,ADD,0,2,0,2047,"l_last-32","hc_combine-32","node_5433"
233,90,MUL,0,11,0,2062,"hc_norm-33"," (reshaped)","blk.33.hc_attn_norm.weight"
233,95,UNARY,0,34,1,2264,"hc_gate-33","node_5441",""
233,106,SCALE,0,0,2,2288,"hc_mixed-33","node_5452",""
233,152,RMS_NORM,0,1,2,3699,"norm-33","attn_output-33",""
234,5,MUL_MAT,0,289,26,622,"linear_attn_out-33","blk.33.ssm_out.weight","final_output-33"
234,9,MUL_MAT,0,9,1,637,"hc_inject-33","blk.33.hc_attn_inject.weight","hc_norm-33"
234,15,ADD,0,2,0,654,"hc_combine-33","l_last-32","node_5515"
234,18,MUL,0,9,0,668,"hc_norm-33"," (reshaped)","blk.33.hc_ffn_norm.weight"
234,23,UNARY,0,34,95,1002,"hc_gate-33","node_5523",""
234,34,SCALE,0,0,2,1026,"ffn_moe_inp-33","node_5534",""
234,38,ARGSORT,0,22,1,1149,"ffn_moe_argsort-33","ffn_moe_probs-33",""
234,70,ADD,0,1,0,1803,"ffn_moe_out-33","node_5570","ffn_moe_weighted-33 (view)"
234,74,MUL_MAT,0,31,4,1924,"ffn_shexp-33","blk.33.ffn_down_shexp.weight","ffn_swiglu-33"
234,77,MUL,0,3,1,1940,"ffn_shexp_gated-33","ffn_shexp-33","shared_expert_gate_sigmoid-33"
234,78,ADD,0,2,0,1942,"ffn_out-33","ffn_moe_out-33","ffn_shexp_gated-33"
234,81,MUL_MAT,0,7,8,1961,"hc_inject-33","blk.33.hc_ffn_inject.weight","hc_norm-33"
234,87,ADD,0,2,0,1972,"l_last-33","hc_combine-33","node_5587"
234,90,MUL,0,9,0,1994,"hc_norm-34"," (reshaped)","blk.34.hc_attn_norm.weight"
234,95,UNARY,0,34,0,2190,"hc_gate-34","node_5595",""
234,106,SCALE,0,0,2,2208,"hc_mixed-34","node_5606",""
234,152,RMS_NORM,0,1,1,3740,"norm-34","attn_output-34",""
235,5,MUL_MAT,0,286,21,623,"linear_attn_out-34","blk.34.ssm_out.weight","final_output-34"
235,9,MUL_MAT,0,8,0,636,"hc_inject-34","blk.34.hc_attn_inject.weight","hc_norm-34"
235,15,ADD,0,2,1,667,"hc_combine-34","l_last-33","node_5669"
235,18,MUL,0,9,1,685,"hc_norm-34"," (reshaped)","blk.34.hc_ffn_norm.weight"
235,23,UNARY,0,34,0,865,"hc_gate-34","node_5677",""
235,34,SCALE,0,1,9,1066,"ffn_moe_inp-34","node_5688",""
235,38,ARGSORT,0,23,0,1210,"ffn_moe_argsort-34","ffn_moe_probs-34",""
235,70,ADD,0,2,0,1911,"ffn_moe_out-34","node_5724","ffn_moe_weighted-34 (view)"
235,74,MUL_MAT,0,32,7,2041,"ffn_shexp-34","blk.34.ffn_down_shexp.weight","ffn_swiglu-34"
235,77,MUL,0,3,0,2051,"ffn_shexp_gated-34","ffn_shexp-34","shared_expert_gate_sigmoid-34"
235,78,ADD,0,1,1,2054,"ffn_out-34","ffn_moe_out-34","ffn_shexp_gated-34"
235,81,MUL_MAT,0,18,1,2077,"hc_inject-34","blk.34.hc_ffn_inject.weight","hc_norm-34"
235,87,ADD,0,2,0,2093,"l_last-34","hc_combine-34","node_5741"
235,90,MUL,0,8,1,2107,"hc_norm-35"," (reshaped)","blk.35.hc_attn_norm.weight"
235,95,UNARY,0,33,1,2301,"hc_gate-35","node_5749",""
235,106,SCALE,0,0,1,2325,"hc_mixed-35","node_5760",""
235,151,RMS_NORM,0,9,0,3147,"norm-35","indexer_k_pooled-35 (reshaped)",""
236,38,MUL_MAT,0,317,13,555,"attn_output-35","blk.35.attn_output.weight","attn_gated-35"
236,41,MUL_MAT,0,10,0,570,"hc_inject-35","blk.35.hc_attn_inject.weight","hc_norm-35"
236,47,ADD,0,1,2,585,"hc_combine-35","l_last-34","node_5856"
236,50,MUL,0,9,0,597,"hc_norm-35"," (reshaped)","blk.35.hc_ffn_norm.weight"
236,55,UNARY,0,33,1,789,"hc_gate-35","node_5864",""
236,66,SCALE,0,1,1,806,"ffn_moe_inp-35","node_5875",""
236,70,ARGSORT,0,22,1,932,"ffn_moe_argsort-35","ffn_moe_probs-35",""
236,102,ADD,0,2,0,2045,"ffn_moe_out-35","node_5911","ffn_moe_weighted-35 (view)"
236,106,MUL_MAT,0,31,9,2158,"ffn_shexp-35","blk.35.ffn_down_shexp.weight","ffn_swiglu-35"
236,109,MUL,0,3,6,2173,"ffn_shexp_gated-35","ffn_shexp-35","shared_expert_gate_sigmoid-35"
236,110,ADD,0,2,7,2182,"ffn_out-35","ffn_moe_out-35","ffn_shexp_gated-35"
236,113,MUL_MAT,0,8,0,2194,"hc_inject-35","blk.35.hc_ffn_inject.weight","hc_norm-35"
236,119,ADD,0,2,1,2207,"l_last-35","hc_combine-35","node_5928"
236,122,MUL,0,9,0,2220,"hc_norm-36"," (reshaped)","blk.36.hc_attn_norm.weight"
236,127,UNARY,0,33,0,2397,"hc_gate-36","node_5936",""
236,138,SCALE,0,0,2,2415,"hc_mixed-36","node_5947",""
236,184,RMS_NORM,0,1,1,3684,"norm-36","attn_output-36",""
237,5,MUL_MAT,0,312,7,622,"linear_attn_out-36","blk.36.ssm_out.weight","final_output-36"
237,9,MUL_MAT,0,9,1,637,"hc_inject-36","blk.36.hc_attn_inject.weight","hc_norm-36"
237,15,ADD,0,2,0,658,"hc_combine-36","l_last-35","node_6010"
237,18,MUL,0,9,1,672,"hc_norm-36"," (reshaped)","blk.36.hc_ffn_norm.weight"
237,23,UNARY,0,34,1,869,"hc_gate-36","node_6018",""
237,34,SCALE,0,0,1,911,"ffn_moe_inp-36","node_6029",""
237,38,ARGSORT,0,22,1,1043,"ffn_moe_argsort-36","ffn_moe_probs-36",""
237,70,ADD,0,2,1,1765,"ffn_moe_out-36","node_6065","ffn_moe_weighted-36 (view)"
237,74,MUL_MAT,0,37,2,1986,"ffn_shexp-36","blk.36.ffn_down_shexp.weight","ffn_swiglu-36"
237,77,MUL,0,3,9,2025,"ffn_shexp_gated-36","ffn_shexp-36","shared_expert_gate_sigmoid-36"
237,78,ADD,0,2,0,2027,"ffn_out-36","ffn_moe_out-36","ffn_shexp_gated-36"
237,81,MUL_MAT,0,10,1,2043,"hc_inject-36","blk.36.hc_ffn_inject.weight","hc_norm-36"
237,87,ADD,0,2,1,2353,"l_last-36","hc_combine-36","node_6082"
237,90,MUL,0,9,0,2367,"hc_norm-37"," (reshaped)","blk.37.hc_attn_norm.weight"
237,95,UNARY,0,35,0,2615,"hc_gate-37","node_6090",""
237,106,SCALE,0,0,2,2636,"hc_mixed-37","node_6101",""
237,152,RMS_NORM,0,1,1,3918,"norm-37","attn_output-37",""
238,5,MUL_MAT,0,302,5,613,"linear_attn_out-37","blk.37.ssm_out.weight","final_output-37"
238,9,MUL_MAT,0,8,1,627,"hc_inject-37","blk.37.hc_attn_inject.weight","hc_norm-37"
238,15,ADD,0,2,0,643,"hc_combine-37","l_last-36","node_6164"
238,18,MUL,0,8,0,656,"hc_norm-37"," (reshaped)","blk.37.hc_ffn_norm.weight"
238,23,UNARY,0,35,0,832,"hc_gate-37","node_6172",""
238,34,SCALE,0,1,1,860,"ffn_moe_inp-37","node_6183",""
238,38,ARGSORT,0,23,0,988,"ffn_moe_argsort-37","ffn_moe_probs-37",""
238,70,ADD,0,2,0,1756,"ffn_moe_out-37","node_6219","ffn_moe_weighted-37 (view)"
238,74,MUL_MAT,0,35,2,1892,"ffn_shexp-37","blk.37.ffn_down_shexp.weight","ffn_swiglu-37"
238,77,MUL,0,3,20,1922,"ffn_shexp_gated-37","ffn_shexp-37","shared_expert_gate_sigmoid-37"
238,78,ADD,0,2,0,1924,"ffn_out-37","ffn_moe_out-37","ffn_shexp_gated-37"
238,81,MUL_MAT,0,8,2,1939,"hc_inject-37","blk.37.hc_ffn_inject.weight","hc_norm-37"
238,87,ADD,0,1,1,1964,"l_last-37","hc_combine-37","node_6236"
238,90,MUL,0,11,0,1984,"hc_norm-38"," (reshaped)","blk.38.hc_attn_norm.weight"
238,95,UNARY,0,34,0,2185,"hc_gate-38","node_6244",""
238,106,SCALE,0,0,10,2213,"hc_mixed-38","node_6255",""
238,152,RMS_NORM,0,1,1,3753,"norm-38","attn_output-38",""
239,5,MUL_MAT,0,182,145,629,"linear_attn_out-38","blk.38.ssm_out.weight","final_output-38"
239,9,MUL_MAT,0,12,2,652,"hc_inject-38","blk.38.hc_attn_inject.weight","hc_norm-38"
239,15,ADD,0,2,1,670,"hc_combine-38","l_last-37","node_6318"
239,18,MUL,0,6,2,693,"hc_norm-38"," (reshaped)","blk.38.hc_ffn_norm.weight"
239,23,UNARY,0,31,0,884,"hc_gate-38","node_6326",""
239,34,SCALE,0,0,2,901,"ffn_moe_inp-38","node_6337",""
239,38,ARGSORT,0,21,0,1037,"ffn_moe_argsort-38","ffn_moe_probs-38",""
239,70,ADD,0,1,0,1770,"ffn_moe_out-38","node_6373","ffn_moe_weighted-38 (view)"
239,74,MUL_MAT,0,20,17,1894,"ffn_shexp-38","blk.38.ffn_down_shexp.weight","ffn_swiglu-38"
239,77,MUL,0,2,0,1902,"ffn_shexp_gated-38","ffn_shexp-38","shared_expert_gate_sigmoid-38"
239,78,ADD,0,1,1,1904,"ffn_out-38","ffn_moe_out-38","ffn_shexp_gated-38"
239,81,MUL_MAT,0,6,5,1917,"hc_inject-38","blk.38.hc_ffn_inject.weight","hc_norm-38"
239,87,ADD,0,1,2,1932,"l_last-38","hc_combine-38","node_6390"
240,0,GET_ROWS,0,3,1,5,"model.input_embed","token_embd.weight","inp_tokens"
240,2,REPEAT,0,4,0,10,"hc_init","model.input_embed (reshaped)",""
240,5,MUL,0,9,0,24,"hc_norm-0"," (reshaped)","blk.0.hc_attn_norm.weight"
240,10,UNARY,0,32,0,203,"hc_gate-0","node_9",""
240,21,SCALE,0,0,2,224,"hc_mixed-0","node_20",""
240,69,RMS_NORM,0,1,2,1325,"norm-0","attn_output-0",""
241,5,MUL_MAT,0,263,88,701,"linear_attn_out-0","blk.0.ssm_out.weight","final_output-0"
241,9,MUL_MAT,0,7,6,719,"hc_inject-0","blk.0.hc_attn_inject.weight","hc_norm-0"
241,15,ADD,0,1,2,736,"hc_combine-0","hc_init","node_85"
241,18,MUL,0,6,0,755,"hc_norm-0"," (reshaped)","blk.0.hc_ffn_norm.weight"
241,23,UNARY,0,31,0,954,"hc_gate-0","node_93",""
241,34,SCALE,0,0,2,985,"ffn_moe_inp-0","node_104",""
241,38,ARGSORT,0,22,1,1118,"ffn_moe_argsort-0","ffn_moe_probs-0",""
241,70,ADD,0,1,0,1841,"ffn_moe_out-0","node_140","ffn_moe_weighted-0 (view)"
241,93,MUL_MAT,0,29,6,2700,"ffn_shexp-0","blk.0.ffn_down_shexp.weight","ffn_swiglu-0"
241,96,MUL,0,2,0,2708,"ffn_shexp_gated-0","ffn_shexp-0","shared_expert_gate_sigmoid-0"
241,97,ADD,0,2,0,2710,"ffn_out-0","ffn_moe_out-0","ffn_shexp_gated-0"
241,100,MUL_MAT,0,6,6,2724,"hc_inject-0","blk.0.hc_ffn_inject.weight","hc_norm-0"
241,106,ADD,0,2,1,2754,"l_last-0","hc_combine-0","node_176"
241,120,UNARY,0,0,1,2806,"ple_gate-1","node_190",""
241,121,MUL,0,2,3,2812,"ple_gated_value-1","node_154","ple_gate-1"
241,174,MUL,0,7,0,3169,"hc_norm-1"," (reshaped)","blk.1.hc_attn_norm.weight"
241,179,UNARY,0,30,0,3340,"hc_gate-1","node_249",""
241,190,SCALE,0,0,2,3356,"hc_mixed-1","node_260",""
241,236,RMS_NORM,0,0,2,4468,"norm-1","attn_output-1",""
242,5,MUL_MAT,0,271,54,658,"linear_attn_out-1","blk.1.ssm_out.weight","final_output-1"
242,9,MUL_MAT,0,8,6,675,"hc_inject-1","blk.1.hc_attn_inject.weight","hc_norm-1"
242,15,ADD,0,3,0,687,"hc_combine-1","node_242","node_323"
242,18,MUL,0,6,0,697,"hc_norm-1"," (reshaped)","blk.1.hc_ffn_norm.weight"
242,23,UNARY,0,31,0,871,"hc_gate-1","node_331",""
242,34,SCALE,0,1,1,886,"ffn_moe_inp-1","node_342",""
242,38,ARGSORT,0,22,0,1013,"ffn_moe_argsort-1","ffn_moe_probs-1",""
242,70,ADD,0,2,0,1978,"ffn_moe_out-1","node_378","ffn_moe_weighted-1 (view)"
242,74,MUL_MAT,0,28,11,2091,"ffn_shexp-1","blk.1.ffn_down_shexp.weight","ffn_swiglu-1"
242,77,MUL,0,2,0,2110,"ffn_shexp_gated-1","ffn_shexp-1","shared_expert_gate_sigmoid-1"
242,78,ADD,0,1,4,2115,"ffn_out-1","ffn_moe_out-1","ffn_shexp_gated-1"
242,81,MUL_MAT,0,7,1,2125,"hc_inject-1","blk.1.hc_ffn_inject.weight","hc_norm-1"
242,87,ADD,0,2,1,2139,"l_last-1","hc_combine-1","node_395"
242,90,MUL,0,6,0,2149,"hc_norm-2"," (reshaped)","blk.2.hc_attn_norm.weight"
242,95,UNARY,0,31,0,2331,"hc_gate-2","node_403",""
242,106,SCALE,0,0,2,2347,"hc_mixed-2","node_414",""
242,152,RMS_NORM,0,1,2,3389,"norm-2","attn_output-2",""
243,5,MUL_MAT,0,301,57,709,"linear_attn_out-2","blk.2.ssm_out.weight","final_output-2"
243,9,MUL_MAT,0,8,3,723,"hc_inject-2","blk.2.hc_attn_inject.weight","hc_norm-2"
243,15,ADD,0,2,1,761,"hc_combine-2","l_last-1","node_477"
243,18,MUL,0,7,0,772,"hc_norm-2"," (reshaped)","blk.2.hc_ffn_norm.weight"
243,23,UNARY,0,31,0,969,"hc_gate-2","node_485",""
243,34,SCALE,0,0,1,989,"ffn_moe_inp-2","node_496",""
243,38,ARGSORT,0,21,0,1128,"ffn_moe_argsort-2","ffn_moe_probs-2",""
243,70,ADD,0,1,0,2165,"ffn_moe_out-2","node_532","ffn_moe_weighted-2 (view)"
243,74,MUL_MAT,0,38,7,2299,"ffn_shexp-2","blk.2.ffn_down_shexp.weight","ffn_swiglu-2"
243,77,MUL,0,2,0,2307,"ffn_shexp_gated-2","ffn_shexp-2","shared_expert_gate_sigmoid-2"
243,78,ADD,0,1,1,2309,"ffn_out-2","ffn_moe_out-2","ffn_shexp_gated-2"
243,81,MUL_MAT,0,7,1,2319,"hc_inject-2","blk.2.hc_ffn_inject.weight","hc_norm-2"
243,87,ADD,0,2,0,2331,"l_last-2","hc_combine-2","node_549"
243,90,MUL,0,6,0,2341,"hc_norm-3"," (reshaped)","blk.3.hc_attn_norm.weight"
243,95,UNARY,0,32,0,2524,"hc_gate-3","node_557",""
243,106,SCALE,0,0,1,2539,"hc_mixed-3","node_568",""
243,151,RMS_NORM,0,5,1,3299,"norm-3","indexer_k_pooled-3 (reshaped)",""
244,38,MUL_MAT,0,266,48,535,"attn_output-3","blk.3.attn_output.weight","attn_gated-3"
244,41,MUL_MAT,0,6,2,546,"hc_inject-3","blk.3.hc_attn_inject.weight","hc_norm-3"
244,47,ADD,0,2,1,558,"hc_combine-3","l_last-2","node_664"
244,50,MUL,0,6,1,568,"hc_norm-3"," (reshaped)","blk.3.hc_ffn_norm.weight"
244,55,UNARY,0,30,0,737,"hc_gate-3","node_672",""
244,66,SCALE,0,1,1,752,"ffn_moe_inp-3","node_683",""
244,70,ARGSORT,0,19,0,885,"ffn_moe_argsort-3","ffn_moe_probs-3",""
244,102,ADD,0,1,1,1518,"ffn_moe_out-3","node_719","ffn_moe_weighted-3 (view)"
244,106,MUL_MAT,0,29,7,1631,"ffn_shexp-3","blk.3.ffn_down_shexp.weight","ffn_swiglu-3"
244,109,MUL,0,2,0,1639,"ffn_shexp_gated-3","ffn_shexp-3","shared_expert_gate_sigmoid-3"
244,110,ADD,0,1,0,1640,"ffn_out-3","ffn_moe_out-3","ffn_shexp_gated-3"
244,113,MUL_MAT,0,7,3,1653,"hc_inject-3","blk.3.hc_ffn_inject.weight","hc_norm-3"
244,119,ADD,0,2,0,1666,"l_last-3","hc_combine-3","node_736"
244,122,MUL,0,6,0,1676,"hc_norm-4"," (reshaped)","blk.4.hc_attn_norm.weight"
244,127,UNARY,0,30,1,1861,"hc_gate-4","node_744",""
244,138,SCALE,0,0,2,1877,"hc_mixed-4","node_755",""
244,184,RMS_NORM,0,0,10,3174,"norm-4","attn_output-4",""
245,5,MUL_MAT,0,327,12,700,"linear_attn_out-4","blk.4.ssm_out.weight","final_output-4"
245,9,MUL_MAT,0,11,0,716,"hc_inject-4","blk.4.hc_attn_inject.weight","hc_norm-4"
245,15,ADD,0,2,1,730,"hc_combine-4","l_last-3","node_818"
245,18,MUL,0,9,0,744,"hc_norm-4"," (reshaped)","blk.4.hc_ffn_norm.weight"
245,23,UNARY,0,35,1,944,"hc_gate-4","node_826",""
245,34,SCALE,0,1,1,964,"ffn_moe_inp-4","node_837",""
245,38,ARGSORT,0,23,0,1097,"ffn_moe_argsort-4","ffn_moe_probs-4",""
245,70,ADD,0,2,0,1892,"ffn_moe_out-4","node_873","ffn_moe_weighted-4 (view)"
245,74,MUL_MAT,0,32,6,2006,"ffn_shexp-4","blk.4.ffn_down_shexp.weight","ffn_swiglu-4"
245,77,MUL,0,3,0,2016,"ffn_shexp_gated-4","ffn_shexp-4","shared_expert_gate_sigmoid-4"
245,78,ADD,0,1,0,2018,"ffn_out-4","ffn_moe_out-4","ffn_shexp_gated-4"
245,81,MUL_MAT,0,12,0,2034,"hc_inject-4","blk.4.hc_ffn_inject.weight","hc_norm-4"
245,87,ADD,0,2,0,2052,"l_last-4","hc_combine-4","node_890"
245,90,MUL,0,9,0,2066,"hc_norm-5"," (reshaped)","blk.5.hc_attn_norm.weight"
245,95,UNARY,0,33,1,2253,"hc_gate-5","node_898",""
245,106,SCALE,0,1,1,2280,"hc_mixed-5","node_909",""
245,152,RMS_NORM,0,0,2,3720,"norm-5","attn_output-5",""
246,5,MUL_MAT,0,296,14,612,"linear_attn_out-5","blk.5.ssm_out.weight","final_output-5"
246,9,MUL_MAT,0,11,1,629,"hc_inject-5","blk.5.hc_attn_inject.weight","hc_norm-5"
246,15,ADD,0,2,11,660,"hc_combine-5","l_last-4","node_972"
246,18,MUL,0,8,0,672,"hc_norm-5"," (reshaped)","blk.5.hc_ffn_norm.weight"
246,23,UNARY,0,49,0,866,"hc_gate-5","node_980",""
246,34,SCALE,0,1,1,886,"ffn_moe_inp-5","node_991",""
246,38,ARGSORT,0,22,0,1012,"ffn_moe_argsort-5","ffn_moe_probs-5",""
246,70,ADD,0,2,0,1676,"ffn_moe_out-5","node_1027","ffn_moe_weighted-5 (view)"
246,74,MUL_MAT,0,35,5,1793,"ffn_shexp-5","blk.5.ffn_down_shexp.weight","ffn_swiglu-5"
246,77,MUL,0,3,0,1810,"ffn_shexp_gated-5","ffn_shexp-5","shared_expert_gate_sigmoid-5"
246,78,ADD,0,1,0,1812,"ffn_out-5","ffn_moe_out-5","ffn_shexp_gated-5"
246,81,MUL_MAT,0,12,0,1828,"hc_inject-5","blk.5.hc_ffn_inject.weight","hc_norm-5"
246,87,ADD,0,2,0,1860,"l_last-5","hc_combine-5","node_1044"
246,90,MUL,0,12,1,1878,"hc_norm-6"," (reshaped)","blk.6.hc_attn_norm.weight"
246,95,UNARY,0,34,0,2079,"hc_gate-6","node_1052",""
246,106,SCALE,0,0,2,2107,"hc_mixed-6","node_1063",""
246,152,RMS_NORM,0,1,0,3521,"norm-6","attn_output-6",""
247,5,MUL_MAT,0,161,156,627,"linear_attn_out-6","blk.6.ssm_out.weight","final_output-6"
247,9,MUL_MAT,0,6,3,643,"hc_inject-6","blk.6.hc_attn_inject.weight","hc_norm-6"
247,15,ADD,0,1,1,658,"hc_combine-6","l_last-5","node_1126"
247,18,MUL,0,6,0,668,"hc_norm-6"," (reshaped)","blk.6.hc_ffn_norm.weight"
247,23,UNARY,0,21,1,836,"hc_gate-6","node_1134",""
247,34,SCALE,0,0,1,868,"ffn_moe_inp-6","node_1145",""
247,38,ARGSORT,0,20,0,1015,"ffn_moe_argsort-6","ffn_moe_probs-6",""
247,70,ADD,0,19,1,1727,"ffn_moe_out-6","node_1181","ffn_moe_weighted-6 (view)"
247,74,MUL_MAT,0,33,11,1848,"ffn_shexp-6","blk.6.ffn_down_shexp.weight","ffn_swiglu-6"
247,77,MUL,0,4,0,1857,"ffn_shexp_gated-6","ffn_shexp-6","shared_expert_gate_sigmoid-6"
247,78,ADD,0,1,1,1860,"ffn_out-6","ffn_moe_out-6","ffn_shexp_gated-6"
247,81,MUL_MAT,0,13,0,1881,"hc_inject-6","blk.6.hc_ffn_inject.weight","hc_norm-6"
247,87,ADD,0,1,1,1894,"l_last-6","hc_combine-6","node_1198"
247,90,MUL,0,9,1,1909,"hc_norm-7"," (reshaped)","blk.7.hc_attn_norm.weight"
247,95,UNARY,0,34,0,2100,"hc_gate-7","node_1206",""
247,106,SCALE,0,0,1,2128,"hc_mixed-7","node_1217",""
247,151,RMS_NORM,0,9,0,2921,"norm-7","indexer_k_pooled-7 (reshaped)",""
248,38,MUL_MAT,0,346,6,693,"attn_output-7","blk.7.attn_output.weight","attn_gated-7"
248,41,MUL_MAT,0,8,5,719,"hc_inject-7","blk.7.hc_attn_inject.weight","hc_norm-7"
248,47,ADD,0,2,0,747,"hc_combine-7","l_last-6","node_1313"
248,50,MUL,0,9,0,761,"hc_norm-7"," (reshaped)","blk.7.hc_ffn_norm.weight"
248,55,UNARY,0,33,1,955,"hc_gate-7","node_1321",""
248,66,SCALE,0,1,1,980,"ffn_moe_inp-7","node_1332",""
248,70,ARGSORT,0,22,0,1115,"ffn_moe_argsort-7","ffn_moe_probs-7",""
248,102,ADD,0,1,1,1822,"ffn_moe_out-7","node_1368","ffn_moe_weighted-7 (view)"
248,106,MUL_MAT,0,35,1,1938,"ffn_shexp-7","blk.7.ffn_down_shexp.weight","ffn_swiglu-7"
248,109,MUL,0,3,0,1947,"ffn_shexp_gated-7","ffn_shexp-7","shared_expert_gate_sigmoid-7"
248,110,ADD,0,1,6,1955,"ffn_out-7","ffn_moe_out-7","ffn_shexp_gated-7"
248,113,MUL_MAT,0,15,1,1975,"hc_inject-7","blk.7.hc_ffn_inject.weight","hc_norm-7"
248,119,ADD,0,2,0,1987,"l_last-7","hc_combine-7","node_1385"
248,122,MUL,0,9,0,2001,"hc_norm-8"," (reshaped)","blk.8.hc_attn_norm.weight"
248,127,UNARY,0,33,1,2186,"hc_gate-8","node_1393",""
248,138,SCALE,0,1,0,2203,"hc_mixed-8","node_1404",""
248,184,RMS_NORM,0,1,1,3462,"norm-8","attn_output-8",""
249,5,MUL_MAT,0,297,14,612,"linear_attn_out-8","blk.8.ssm_out.weight","final_output-8"
249,9,MUL_MAT,0,7,1,625,"hc_inject-8","blk.8.hc_attn_inject.weight","hc_norm-8"
249,15,ADD,0,2,15,653,"hc_combine-8","l_last-7","node_1467"
249,18,MUL,0,13,119,812,"hc_norm-8"," (reshaped)","blk.8.hc_ffn_norm.weight"
249,23,UNARY,0,35,0,1002,"hc_gate-8","node_1475",""
249,34,SCALE,0,1,1,1019,"ffn_moe_inp-8","node_1486",""
249,38,ARGSORT,0,22,0,1142,"ffn_moe_argsort-8","ffn_moe_probs-8",""
249,70,ADD,0,2,5,2390,"ffn_moe_out-8","node_1522","ffn_moe_weighted-8 (view)"
249,74,MUL_MAT,0,37,3,2519,"ffn_shexp-8","blk.8.ffn_down_shexp.weight","ffn_swiglu-8"
249,77,MUL,0,4,0,2530,"ffn_shexp_gated-8","ffn_shexp-8","shared_expert_gate_sigmoid-8"
249,78,ADD,0,1,0,2532,"ffn_out-8","ffn_moe_out-8","ffn_shexp_gated-8"
249,81,MUL_MAT,0,12,0,2549,"hc_inject-8","blk.8.hc_ffn_inject.weight","hc_norm-8"
249,87,ADD,0,2,1,2563,"l_last-8","hc_combine-8","node_1539"
249,90,MUL,0,12,1,2581,"hc_norm-9"," (reshaped)","blk.9.hc_attn_norm.weight"
249,95,UNARY,0,35,0,2796,"hc_gate-9","node_1547",""
249,106,SCALE,0,0,2,2814,"hc_mixed-9","node_1558",""
249,152,RMS_NORM,0,1,1,4207,"norm-9","attn_output-9",""
250,5,MUL_MAT,0,307,9,623,"linear_attn_out-9","blk.9.ssm_out.weight","final_output-9"
250,9,MUL_MAT,0,7,11,647,"hc_inject-9","blk.9.hc_attn_inject.weight","hc_norm-9"
250,15,ADD,0,2,0,660,"hc_combine-9","l_last-8","node_1621"
250,18,MUL,0,9,0,673,"hc_norm-9"," (reshaped)","blk.9.hc_ffn_norm.weight"
250,23,UNARY,0,34,0,863,"hc_gate-9","node_1629",""
250,34,SCALE,0,0,2,890,"ffn_moe_inp-9","node_1640",""
250,38,ARGSORT,0,22,0,1017,"ffn_moe_argsort-9","ffn_moe_probs-9",""
250,70,ADD,0,2,5,2297,"ffn_moe_out-9","node_1676","ffn_moe_weighted-9 (view)"
250,74,MUL_MAT,0,36,2,2421,"ffn_shexp-9","blk.9.ffn_down_shexp.weight","ffn_swiglu-9"
250,77,MUL,0,3,0,2431,"ffn_shexp_gated-9","ffn_shexp-9","shared_expert_gate_sigmoid-9"
250,78,ADD,0,2,0,2433,"ffn_out-9","ffn_moe_out-9","ffn_shexp_gated-9"
250,81,MUL_MAT,0,11,1,2462,"hc_inject-9","blk.9.hc_ffn_inject.weight","hc_norm-9"
250,87,ADD,0,2,1,2483,"l_last-9","hc_combine-9","node_1693"
250,90,MUL,0,10,1,2499,"hc_norm-10"," (reshaped)","blk.10.hc_attn_norm.weight"
250,95,UNARY,0,34,0,2702,"hc_gate-10","node_1701",""
250,106,SCALE,0,0,1,2730,"hc_mixed-10","node_1712",""
250,152,RMS_NORM,0,0,2,4265,"norm-10","attn_output-10",""
251,5,MUL_MAT,0,304,4,610,"linear_attn_out-10","blk.10.ssm_out.weight","final_output-10"
251,9,MUL_MAT,0,9,0,623,"hc_inject-10","blk.10.hc_attn_inject.weight","hc_norm-10"
251,15,ADD,0,2,1,636,"hc_combine-10","l_last-9","node_1775"
251,18,MUL,0,8,0,649,"hc_norm-10"," (reshaped)","blk.10.hc_ffn_norm.weight"
251,23,UNARY,0,34,1,837,"hc_gate-10","node_1783",""
251,34,SCALE,0,0,1,868,"ffn_moe_inp-10","node_1794",""
251,38,ARGSORT,0,22,0,993,"ffn_moe_argsort-10","ffn_moe_probs-10",""
251,70,ADD,0,1,8,1757,"ffn_moe_out-10","node_1830","ffn_moe_weighted-10 (view)"
251,74,MUL_MAT,0,36,2,1875,"ffn_shexp-10","blk.10.ffn_down_shexp.weight","ffn_swiglu-10"
251,77,MUL,0,3,0,1888,"ffn_shexp_gated-10","ffn_shexp-10","shared_expert_gate_sigmoid-10"
251,78,ADD,0,1,1,1891,"ffn_out-10","ffn_moe_out-10","ffn_shexp_gated-10"
251,81,MUL_MAT,0,8,1,1904,"hc_inject-10","blk.10.hc_ffn_inject.weight","hc_norm-10"
251,87,ADD,0,1,1,1917,"l_last-10","hc_combine-10","node_1847"
251,90,MUL,0,9,1,1930,"hc_norm-11"," (reshaped)","blk.11.hc_attn_norm.weight"
251,95,UNARY,0,34,1,2122,"hc_gate-11","node_1855",""
251,106,SCALE,0,0,1,2143,"hc_mixed-11","node_1866",""
251,151,RMS_NORM,0,8,1,3099,"norm-11","indexer_k_pooled-11 (reshaped)",""
252,38,MUL_MAT,0,316,9,588,"attn_output-11","blk.11.attn_output.weight","attn_gated-11"
252,41,MUL_MAT,0,9,1,602,"hc_inject-11","blk.11.hc_attn_inject.weight","hc_norm-11"
252,47,ADD,0,2,6,641,"hc_combine-11","l_last-10","node_1962"
252,50,MUL,0,13,0,658,"hc_norm-11"," (reshaped)","blk.11.hc_ffn_norm.weight"
252,55,UNARY,0,34,0,841,"hc_gate-11","node_1970",""
252,66,SCALE,0,1,1,858,"ffn_moe_inp-11","node_1981",""
252,70,ARGSORT,0,22,1,1010,"ffn_moe_argsort-11","ffn_moe_probs-11",""
252,102,ADD,0,2,0,1735,"ffn_moe_out-11","node_2017","ffn_moe_weighted-11 (view)"
252,106,MUL_MAT,0,32,1,1853,"ffn_shexp-11","blk.11.ffn_down_shexp.weight","ffn_swiglu-11"
252,109,MUL,0,3,0,1862,"ffn_shexp_gated-11","ffn_shexp-11","shared_expert_gate_sigmoid-11"
252,110,ADD,0,2,0,1864,"ffn_out-11","ffn_moe_out-11","ffn_shexp_gated-11"
252,113,MUL_MAT,0,7,1,1877,"hc_inject-11","blk.11.hc_ffn_inject.weight","hc_norm-11"
252,119,ADD,0,2,1,1889,"l_last-11","hc_combine-11","node_2034"
252,122,MUL,0,9,0,1902,"hc_norm-12"," (reshaped)","blk.12.hc_attn_norm.weight"
252,127,UNARY,0,33,1,2076,"hc_gate-12","node_2042",""
252,138,SCALE,0,0,10,2101,"hc_mixed-12","node_2053",""
252,184,RMS_NORM,0,0,8,3477,"norm-12","attn_output-12",""
253,5,MUL_MAT,0,307,2,611,"linear_attn_out-12","blk.12.ssm_out.weight","final_output-12"
253,9,MUL_MAT,0,9,0,625,"hc_inject-12","blk.12.hc_attn_inject.weight","hc_norm-12"
253,15,ADD,0,1,1,638,"hc_combine-12","l_last-11","node_2116"
253,18,MUL,0,8,0,650,"hc_norm-12"," (reshaped)","blk.12.hc_ffn_norm.weight"
253,23,UNARY,0,35,1,925,"hc_gate-12","node_2124",""
253,34,SCALE,0,1,1,943,"ffn_moe_inp-12","node_2135",""
253,38,ARGSORT,0,23,1,1071,"ffn_moe_argsort-12","ffn_moe_probs-12",""
253,70,ADD,0,2,0,1761,"ffn_moe_out-12","node_2171","ffn_moe_weighted-12 (view)"
253,74,MUL_MAT,0,35,1,1893,"ffn_shexp-12","blk.12.ffn_down_shexp.weight","ffn_swiglu-12"
253,77,MUL,0,4,0,1903,"ffn_shexp_gated-12","ffn_shexp-12","shared_expert_gate_sigmoid-12"
253,78,ADD,0,2,0,1905,"ffn_out-12","ffn_moe_out-12","ffn_shexp_gated-12"
253,81,MUL_MAT,0,8,3,1920,"hc_inject-12","blk.12.hc_ffn_inject.weight","hc_norm-12"
253,87,ADD,0,2,1,1933,"l_last-12","hc_combine-12","node_2188"
253,90,MUL,0,9,1,1947,"hc_norm-13"," (reshaped)","blk.13.hc_attn_norm.weight"
253,95,UNARY,0,34,0,2145,"hc_gate-13","node_2196",""
253,106,SCALE,0,0,2,2171,"hc_mixed-13","node_2207",""
253,152,RMS_NORM,0,1,1,3528,"norm-13","attn_output-13",""
254,5,MUL_MAT,0,287,24,614,"linear_attn_out-13","blk.13.ssm_out.weight","final_output-13"
254,9,MUL_MAT,0,10,3,632,"hc_inject-13","blk.13.hc_attn_inject.weight","hc_norm-13"
254,15,ADD,0,2,0,643,"hc_combine-13","l_last-12","node_2270"
254,18,MUL,0,8,0,655,"hc_norm-13"," (reshaped)","blk.13.hc_ffn_norm.weight"
254,23,UNARY,0,34,0,831,"hc_gate-13","node_2278",""
254,34,SCALE,0,0,2,859,"ffn_moe_inp-13","node_2289",""
254,38,ARGSORT,0,21,1,984,"ffn_moe_argsort-13","ffn_moe_probs-13",""
254,70,ADD,0,1,1,1591,"ffn_moe_out-13","node_2325","ffn_moe_weighted-13 (view)"
254,74,MUL_MAT,0,33,6,1704,"ffn_shexp-13","blk.13.ffn_down_shexp.weight","ffn_swiglu-13"
254,77,MUL,0,3,0,1713,"ffn_shexp_gated-13","ffn_shexp-13","shared_expert_gate_sigmoid-13"
254,78,ADD,0,2,0,1715,"ffn_out-13","ffn_moe_out-13","ffn_shexp_gated-13"
254,81,MUL_MAT,0,15,1,1735,"hc_inject-13","blk.13.hc_ffn_inject.weight","hc_norm-13"
254,87,ADD,0,2,0,1746,"l_last-13","hc_combine-13","node_2342"
254,90,MUL,0,22,1,1773,"hc_norm-14"," (reshaped)","blk.14.hc_attn_norm.weight"
254,95,UNARY,0,33,1,1960,"hc_gate-14","node_2350",""
254,106,SCALE,0,1,1,1977,"hc_mixed-14","node_2361",""
254,152,RMS_NORM,0,1,1,3515,"norm-14","attn_output-14",""
255,5,MUL_MAT,0,166,164,648,"linear_attn_out-14","blk.14.ssm_out.weight","final_output-14"
255,9,MUL_MAT,0,6,4,682,"hc_inject-14","blk.14.hc_attn_inject.weight","hc_norm-14"
255,15,ADD,0,2,1,697,"hc_combine-14","l_last-13","node_2424"
255,18,MUL,0,6,0,706,"hc_norm-14"," (reshaped)","blk.14.hc_ffn_norm.weight"
255,23,UNARY,0,36,1,907,"hc_gate-14","node_2432",""
255,34,SCALE,0,0,0,927,"ffn_moe_inp-14","node_2443",""
255,38,ARGSORT,0,22,1,1060,"ffn_moe_argsort-14","ffn_moe_probs-14",""
255,70,ADD,0,1,1,1807,"ffn_moe_out-14","node_2479","ffn_moe_weighted-14 (view)"
255,74,MUL_MAT,0,40,3,1945,"ffn_shexp-14","blk.14.ffn_down_shexp.weight","ffn_swiglu-14"
255,77,MUL,0,3,0,1956,"ffn_shexp_gated-14","ffn_shexp-14","shared_expert_gate_sigmoid-14"
255,78,ADD,0,1,1,1959,"ffn_out-14","ffn_moe_out-14","ffn_shexp_gated-14"
255,81,MUL_MAT,0,13,0,1975,"hc_inject-14","blk.14.hc_ffn_inject.weight","hc_norm-14"
255,87,ADD,0,3,1,1990,"l_last-14","hc_combine-14","node_2496"
255,90,MUL,0,15,1,2010,"hc_norm-15"," (reshaped)","blk.15.hc_attn_norm.weight"
255,95,UNARY,0,34,1,2208,"hc_gate-15","node_2504",""
255,106,SCALE,0,0,1,2225,"hc_mixed-15","node_2515",""
255,151,RMS_NORM,0,9,1,3030,"norm-15","indexer_k_pooled-15 (reshaped)",""
256,38,MUL_MAT,0,305,1,514,"attn_output-15","blk.15.attn_output.weight","attn_gated-15"
256,41,MUL_MAT,0,11,0,530,"hc_inject-15","blk.15.hc_attn_inject.weight","hc_norm-15"
256,47,ADD,0,2,4,545,"hc_combine-15","l_last-14","node_2611"
256,50,MUL,0,9,0,558,"hc_norm-15"," (reshaped)","blk.15.hc_ffn_norm.weight"
256,55,UNARY,0,34,0,740,"hc_gate-15","node_2619",""
256,66,SCALE,0,0,3,765,"ffn_moe_inp-15","node_2630",""
256,70,ARGSORT,0,21,1,888,"ffn_moe_argsort-15","ffn_moe_probs-15",""
256,102,ADD,0,1,1,1513,"ffn_moe_out-15","node_2666","ffn_moe_weighted-15 (view)"
256,106,MUL_MAT,0,39,4,1631,"ffn_shexp-15","blk.15.ffn_down_shexp.weight","ffn_swiglu-15"
256,109,MUL,0,3,0,1640,"ffn_shexp_gated-15","ffn_shexp-15","shared_expert_gate_sigmoid-15"
256,110,ADD,0,1,1,1643,"ffn_out-15","ffn_moe_out-15","ffn_shexp_gated-15"
256,113,MUL_MAT,0,11,0,1662,"hc_inject-15","blk.15.hc_ffn_inject.weight","hc_norm-15"
256,119,ADD,0,1,1,1684,"l_last-15","hc_combine-15","node_2683"
256,122,MUL,0,8,1,1698,"hc_norm-16"," (reshaped)","blk.16.hc_attn_norm.weight"
256,127,UNARY,0,33,0,1877,"hc_gate-16","node_2691",""
256,138,SCALE,0,0,2,1894,"hc_mixed-16","node_2702",""
256,184,RMS_NORM,0,1,2,3184,"norm-16","attn_output-16",""
257,5,MUL_MAT,0,287,27,614,"linear_attn_out-16","blk.16.ssm_out.weight","final_output-16"
257,9,MUL_MAT,0,8,1,628,"hc_inject-16","blk.16.hc_attn_inject.weight","hc_norm-16"
257,15,ADD,0,2,0,650,"hc_combine-16","l_last-15","node_2765"
257,18,MUL,0,9,0,663,"hc_norm-16"," (reshaped)","blk.16.hc_ffn_norm.weight"
257,23,UNARY,0,34,0,853,"hc_gate-16","node_2773",""
257,34,SCALE,0,0,1,872,"ffn_moe_inp-16","node_2784",""
257,38,ARGSORT,0,23,0,1006,"ffn_moe_argsort-16","ffn_moe_probs-16",""
257,70,ADD,0,1,1,1664,"ffn_moe_out-16","node_2820","ffn_moe_weighted-16 (view)"
257,74,MUL_MAT,0,32,8,1785,"ffn_shexp-16","blk.16.ffn_down_shexp.weight","ffn_swiglu-16"
257,77,MUL,0,3,0,1798,"ffn_shexp_gated-16","ffn_shexp-16","shared_expert_gate_sigmoid-16"
257,78,ADD,0,1,0,1800,"ffn_out-16","ffn_moe_out-16","ffn_shexp_gated-16"
257,81,MUL_MAT,0,9,3,1824,"hc_inject-16","blk.16.hc_ffn_inject.weight","hc_norm-16"
257,87,ADD,0,2,1,1840,"l_last-16","hc_combine-16","node_2837"
257,90,MUL,0,9,0,1853,"hc_norm-17"," (reshaped)","blk.17.hc_attn_norm.weight"
257,95,UNARY,0,34,0,2039,"hc_gate-17","node_2845",""
257,106,SCALE,0,0,3,2059,"hc_mixed-17","node_2856",""
257,152,RMS_NORM,0,0,1,3315,"norm-17","attn_output-17",""
258,5,MUL_MAT,0,323,4,658,"linear_attn_out-17","blk.17.ssm_out.weight","final_output-17"
258,9,MUL_MAT,0,16,6,686,"hc_inject-17","blk.17.hc_attn_inject.weight","hc_norm-17"
258,15,ADD,0,2,10,716,"hc_combine-17","l_last-16","node_2919"
258,18,MUL,0,11,0,730,"hc_norm-17"," (reshaped)","blk.17.hc_ffn_norm.weight"
258,23,UNARY,0,35,0,929,"hc_gate-17","node_2927",""
258,34,SCALE,0,1,1,947,"ffn_moe_inp-17","node_2938",""
258,38,ARGSORT,0,22,1,1084,"ffn_moe_argsort-17","ffn_moe_probs-17",""
258,70,ADD,0,1,1,1915,"ffn_moe_out-17","node_2974","ffn_moe_weighted-17 (view)"
258,74,MUL_MAT,0,32,4,2044,"ffn_shexp-17","blk.17.ffn_down_shexp.weight","ffn_swiglu-17"
258,77,MUL,0,2,0,2052,"ffn_shexp_gated-17","ffn_shexp-17","shared_expert_gate_sigmoid-17"
258,78,ADD,0,1,0,2054,"ffn_out-17","ffn_moe_out-17","ffn_shexp_gated-17"
258,81,MUL_MAT,0,6,1,2064,"hc_inject-17","blk.17.hc_ffn_inject.weight","hc_norm-17"
258,87,ADD,0,1,11,2085,"l_last-17","hc_combine-17","node_2991"
258,90,MUL,0,6,1,2100,"hc_norm-18"," (reshaped)","blk.18.hc_attn_norm.weight"
258,95,UNARY,0,31,0,2282,"hc_gate-18","node_2999",""
258,106,SCALE,0,1,2,2300,"hc_mixed-18","node_3010",""
258,152,RMS_NORM,0,1,2,3377,"norm-18","attn_output-18",""
259,5,MUL_MAT,0,254,73,645,"linear_attn_out-18","blk.18.ssm_out.weight","final_output-18"
259,9,MUL_MAT,0,7,0,659,"hc_inject-18","blk.18.hc_attn_inject.weight","hc_norm-18"
259,15,ADD,0,2,1,675,"hc_combine-18","l_last-17","node_3073"
259,18,MUL,0,6,1,684,"hc_norm-18"," (reshaped)","blk.18.hc_ffn_norm.weight"
259,23,UNARY,0,30,0,861,"hc_gate-18","node_3081",""
259,34,SCALE,0,0,2,890,"ffn_moe_inp-18","node_3092",""
259,38,ARGSORT,0,21,1,1014,"ffn_moe_argsort-18","ffn_moe_probs-18",""
259,70,ADD,0,2,0,1884,"ffn_moe_out-18","node_3128","ffn_moe_weighted-18 (view)"
259,74,MUL_MAT,0,36,10,2027,"ffn_shexp-18","blk.18.ffn_down_shexp.weight","ffn_swiglu-18"
259,77,MUL,0,2,0,2035,"ffn_shexp_gated-18","ffn_shexp-18","shared_expert_gate_sigmoid-18"
259,78,ADD,0,2,0,2037,"ffn_out-18","ffn_moe_out-18","ffn_shexp_gated-18"
259,81,MUL_MAT,0,9,0,2048,"hc_inject-18","blk.18.hc_ffn_inject.weight","hc_norm-18"
259,87,ADD,0,2,0,2058,"l_last-18","hc_combine-18","node_3145"
259,90,MUL,0,8,0,2069,"hc_norm-19"," (reshaped)","blk.19.hc_attn_norm.weight"
259,95,UNARY,0,30,0,2289,"hc_gate-19","node_3153",""
259,106,SCALE,0,1,2,2329,"hc_mixed-19","node_3164",""
259,151,RMS_NORM,0,5,0,3233,"norm-19","indexer_k_pooled-19 (reshaped)",""
260,38,MUL_MAT,0,176,142,539,"attn_output-19","blk.19.attn_output.weight","attn_gated-19"
260,41,MUL_MAT,0,7,1,550,"hc_inject-19","blk.19.hc_attn_inject.weight","hc_norm-19"
260,47,ADD,0,1,1,561,"hc_combine-19","l_last-18","node_3260"
260,50,MUL,0,6,0,569,"hc_norm-19"," (reshaped)","blk.19.hc_ffn_norm.weight"
260,55,UNARY,0,21,0,749,"hc_gate-19","node_3268",""
260,66,SCALE,0,0,3,767,"ffn_moe_inp-19","node_3279",""
260,70,ARGSORT,0,19,1,889,"ffn_moe_argsort-19","ffn_moe_probs-19",""
260,102,ADD,0,1,1,1531,"ffn_moe_out-19","node_3315","ffn_moe_weighted-19 (view)"
260,106,MUL_MAT,0,19,16,1641,"ffn_shexp-19","blk.19.ffn_down_shexp.weight","ffn_swiglu-19"
260,109,MUL,0,1,1,1649,"ffn_shexp_gated-19","ffn_shexp-19","shared_expert_gate_sigmoid-19"
260,110,ADD,0,1,9,1659,"ffn_out-19","ffn_moe_out-19","ffn_shexp_gated-19"
260,113,MUL_MAT,0,5,2,1670,"hc_inject-19","blk.19.hc_ffn_inject.weight","hc_norm-19"
260,119,ADD,0,2,1,1682,"l_last-19","hc_combine-19","node_3332"
260,122,MUL,0,5,0,1690,"hc_norm-20"," (reshaped)","blk.20.hc_attn_norm.weight"
260,127,UNARY,0,21,0,1946,"hc_gate-20","node_3340",""
260,138,SCALE,0,1,1,1966,"hc_mixed-20","node_3351",""
260,184,RMS_NORM,0,1,9,3080,"norm-20","attn_output-20",""
261,5,MUL_MAT,0,249,78,663,"linear_attn_out-20","blk.20.ssm_out.weight","final_output-20"
261,9,MUL_MAT,0,8,2,683,"hc_inject-20","blk.20.hc_attn_inject.weight","hc_norm-20"
261,15,ADD,0,1,2,707,"hc_combine-20","l_last-19","node_3414"
261,18,MUL,0,7,0,719,"hc_norm-20"," (reshaped)","blk.20.hc_ffn_norm.weight"
261,23,UNARY,0,31,0,897,"hc_gate-20","node_3422",""
261,34,SCALE,0,0,2,921,"ffn_moe_inp-20","node_3433",""
261,38,ARGSORT,0,22,1,1063,"ffn_moe_argsort-20","ffn_moe_probs-20",""
261,70,ADD,0,1,1,1733,"ffn_moe_out-20","node_3469","ffn_moe_weighted-20 (view)"
261,74,MUL_MAT,0,27,8,1852,"ffn_shexp-20","blk.20.ffn_down_shexp.weight","ffn_swiglu-20"
261,77,MUL,0,1,1,1861,"ffn_shexp_gated-20","ffn_shexp-20","shared_expert_gate_sigmoid-20"
261,78,ADD,0,1,1,1863,"ffn_out-20","ffn_moe_out-20","ffn_shexp_gated-20"
261,81,MUL_MAT,0,7,2,1875,"hc_inject-20","blk.20.hc_ffn_inject.weight","hc_norm-20"
261,87,ADD,0,1,4,1893,"l_last-20","hc_combine-20","node_3486"
261,90,MUL,0,6,1,1904,"hc_norm-21"," (reshaped)","blk.21.hc_attn_norm.weight"
261,95,UNARY,0,30,1,2091,"hc_gate-21","node_3494",""
261,106,SCALE,0,0,1,2109,"hc_mixed-21","node_3505",""
261,152,RMS_NORM,0,0,3,3191,"norm-21","attn_output-21",""
262,5,MUL_MAT,0,295,85,830,"linear_attn_out-21","blk.21.ssm_out.weight","final_output-21"
262,9,MUL_MAT,0,9,3,846,"hc_inject-21","blk.21.hc_attn_inject.weight","hc_norm-21"
262,15,ADD,0,2,1,860,"hc_combine-21","l_last-20","node_3568"
262,18,MUL,0,6,0,870,"hc_norm-21"," (reshaped)","blk.21.hc_ffn_norm.weight"
262,23,UNARY,0,31,1,1077,"hc_gate-21","node_3576",""
262,34,SCALE,0,0,1,1092,"ffn_moe_inp-21","node_3587",""
262,38,ARGSORT,0,22,0,1237,"ffn_moe_argsort-21","ffn_moe_probs-21",""
262,70,ADD,0,1,1,2488,"ffn_moe_out-21","node_3623","ffn_moe_weighted-21 (view)"
262,74,MUL_MAT,0,30,5,2597,"ffn_shexp-21","blk.21.ffn_down_shexp.weight","ffn_swiglu-21"
262,77,MUL,0,2,0,2604,"ffn_shexp_gated-21","ffn_shexp-21","shared_expert_gate_sigmoid-21"
262,78,ADD,0,2,0,2606,"ffn_out-21","ffn_moe_out-21","ffn_shexp_gated-21"
262,81,MUL_MAT,0,7,2,2617,"hc_inject-21","blk.21.hc_ffn_inject.weight","hc_norm-21"
262,87,ADD,0,2,1,2640,"l_last-21","hc_combine-21","node_3640"
262,90,MUL,0,7,0,2657,"hc_norm-22"," (reshaped)","blk.22.hc_attn_norm.weight"
262,95,UNARY,0,31,0,2842,"hc_gate-22","node_3648",""
262,106,SCALE,0,0,1,2856,"hc_mixed-22","node_3659",""
262,152,RMS_NORM,0,0,1,4004,"norm-22","attn_output-22",""
263,5,MUL_MAT,0,304,56,684,"linear_attn_out-22","blk.22.ssm_out.weight","final_output-22"
263,9,MUL_MAT,0,7,4,699,"hc_inject-22","blk.22.hc_attn_inject.weight","hc_norm-22"
263,15,ADD,0,1,2,713,"hc_combine-22","l_last-21","node_3722"
263,18,MUL,0,7,0,723,"hc_norm-22"," (reshaped)","blk.22.hc_ffn_norm.weight"
263,23,UNARY,0,33,0,914,"hc_gate-22","node_3730",""
263,34,SCALE,0,0,1,935,"ffn_moe_inp-22","node_3741",""
263,38,ARGSORT,0,20,1,1068,"ffn_moe_argsort-22","ffn_moe_probs-22",""
263,70,ADD,0,1,1,1743,"ffn_moe_out-22","node_3777","ffn_moe_weighted-22 (view)"
263,74,MUL_MAT,0,29,9,1860,"ffn_shexp-22","blk.22.ffn_down_shexp.weight","ffn_swiglu-22"
263,77,MUL,0,2,1,1868,"ffn_shexp_gated-22","ffn_shexp-22","shared_expert_gate_sigmoid-22"
263,78,ADD,0,1,0,1869,"ffn_out-22","ffn_moe_out-22","ffn_shexp_gated-22"
263,81,MUL_MAT,0,6,3,1881,"hc_inject-22","blk.22.hc_ffn_inject.weight","hc_norm-22"
263,87,ADD,0,1,1,1905,"l_last-22","hc_combine-22","node_3794"
263,90,MUL,0,7,0,1916,"hc_norm-23"," (reshaped)","blk.23.hc_attn_norm.weight"
263,95,UNARY,0,31,0,2120,"hc_gate-23","node_3802",""
263,106,SCALE,0,0,1,2135,"hc_mixed-23","node_3813",""
263,151,RMS_NORM,0,5,9,2924,"norm-23","indexer_k_pooled-23 (reshaped)",""
264,38,MUL_MAT,0,252,67,542,"attn_output-23","blk.23.attn_output.weight","attn_gated-23"
264,41,MUL_MAT,0,6,2,553,"hc_inject-23","blk.23.hc_attn_inject.weight","hc_norm-23"
264,47,ADD,0,2,1,568,"hc_combine-23","l_last-22","node_3909"
264,50,MUL,0,6,0,578,"hc_norm-23"," (reshaped)","blk.23.hc_ffn_norm.weight"
264,55,UNARY,0,30,0,767,"hc_gate-23","node_3917",""
264,66,SCALE,0,0,2,784,"ffn_moe_inp-23","node_3928",""
264,70,ARGSORT,0,20,0,906,"ffn_moe_argsort-23","ffn_moe_probs-23",""
264,102,ADD,0,1,0,1542,"ffn_moe_out-23","node_3964","ffn_moe_weighted-23 (view)"
264,106,MUL_MAT,0,27,11,1666,"ffn_shexp-23","blk.23.ffn_down_shexp.weight","ffn_swiglu-23"
264,109,MUL,0,1,1,1678,"ffn_shexp_gated-23","ffn_shexp-23","shared_expert_gate_sigmoid-23"
264,110,ADD,0,1,0,1679,"ffn_out-23","ffn_moe_out-23","ffn_shexp_gated-23"
264,113,MUL_MAT,0,7,1,1690,"hc_inject-23","blk.23.hc_ffn_inject.weight","hc_norm-23"
264,119,ADD,0,1,15,1715,"l_last-23","hc_combine-23","node_3981"
264,122,MUL,0,6,0,1725,"hc_norm-24"," (reshaped)","blk.24.hc_attn_norm.weight"
264,127,UNARY,0,30,0,1923,"hc_gate-24","node_3989",""
264,138,SCALE,0,0,1,1937,"hc_mixed-24","node_4000",""
264,184,RMS_NORM,0,1,1,3055,"norm-24","attn_output-24",""
265,5,MUL_MAT,0,281,41,645,"linear_attn_out-24","blk.24.ssm_out.weight","final_output-24"
265,9,MUL_MAT,0,6,2,657,"hc_inject-24","blk.24.hc_attn_inject.weight","hc_norm-24"
265,15,ADD,0,2,1,670,"hc_combine-24","l_last-23","node_4063"
265,18,MUL,0,6,6,686,"hc_norm-24"," (reshaped)","blk.24.hc_ffn_norm.weight"
265,23,UNARY,0,31,0,875,"hc_gate-24","node_4071",""
265,34,SCALE,0,1,1,899,"ffn_moe_inp-24","node_4082",""
265,38,ARGSORT,0,21,0,1035,"ffn_moe_argsort-24","ffn_moe_probs-24",""
265,70,ADD,0,1,0,2081,"ffn_moe_out-24","node_4118","ffn_moe_weighted-24 (view)"
265,74,MUL_MAT,0,31,12,2199,"ffn_shexp-24","blk.24.ffn_down_shexp.weight","ffn_swiglu-24"
265,77,MUL,0,2,0,2214,"ffn_shexp_gated-24","ffn_shexp-24","shared_expert_gate_sigmoid-24"
265,78,ADD,0,1,1,2217,"ffn_out-24","ffn_moe_out-24","ffn_shexp_gated-24"
265,81,MUL_MAT,0,7,2,2228,"hc_inject-24","blk.24.hc_ffn_inject.weight","hc_norm-24"
265,87,ADD,0,2,1,2241,"l_last-24","hc_combine-24","node_4135"
265,90,MUL,0,6,0,2251,"hc_norm-25"," (reshaped)","blk.25.hc_attn_norm.weight"
265,95,UNARY,0,31,0,2433,"hc_gate-25","node_4143",""
265,106,SCALE,0,0,1,2451,"hc_mixed-25","node_4154",""
265,152,RMS_NORM,0,0,2,3642,"norm-25","attn_output-25",""
266,5,MUL_MAT,0,309,55,730,"linear_attn_out-25","blk.25.ssm_out.weight","final_output-25"
266,9,MUL_MAT,0,8,6,748,"hc_inject-25","blk.25.hc_attn_inject.weight","hc_norm-25"
266,15,ADD,0,2,1,761,"hc_combine-25","l_last-24","node_4217"
266,18,MUL,0,7,0,770,"hc_norm-25"," (reshaped)","blk.25.hc_ffn_norm.weight"
266,23,UNARY,0,31,1,961,"hc_gate-25","node_4225",""
266,34,SCALE,0,0,1,975,"ffn_moe_inp-25","node_4236",""
266,38,ARGSORT,0,19,0,1108,"ffn_moe_argsort-25","ffn_moe_probs-25",""
266,70,ADD,0,1,0,1993,"ffn_moe_out-25","node_4272","ffn_moe_weighted-25 (view)"
266,74,MUL_MAT,0,31,10,2106,"ffn_shexp-25","blk.25.ffn_down_shexp.weight","ffn_swiglu-25"
266,77,MUL,0,2,0,2119,"ffn_shexp_gated-25","ffn_shexp-25","shared_expert_gate_sigmoid-25"
266,78,ADD,0,1,0,2121,"ffn_out-25","ffn_moe_out-25","ffn_shexp_gated-25"
266,81,MUL_MAT,0,6,0,2130,"hc_inject-25","blk.25.hc_ffn_inject.weight","hc_norm-25"
266,87,ADD,0,2,1,2141,"l_last-25","hc_combine-25","node_4289"
266,90,MUL,0,7,0,2150,"hc_norm-26"," (reshaped)","blk.26.hc_attn_norm.weight"
266,95,UNARY,0,31,0,2329,"hc_gate-26","node_4297",""
266,106,SCALE,0,0,2,2352,"hc_mixed-26","node_4308",""
266,152,RMS_NORM,0,1,0,3398,"norm-26","attn_output-26",""
267,5,MUL_MAT,0,289,49,652,"linear_attn_out-26","blk.26.ssm_out.weight","final_output-26"
267,9,MUL_MAT,0,8,0,663,"hc_inject-26","blk.26.hc_attn_inject.weight","hc_norm-26"
267,15,ADD,0,2,0,674,"hc_combine-26","l_last-25","node_4371"
267,18,MUL,0,6,0,683,"hc_norm-26"," (reshaped)","blk.26.hc_ffn_norm.weight"
267,23,UNARY,0,31,0,858,"hc_gate-26","node_4379",""
267,34,SCALE,0,0,1,880,"ffn_moe_inp-26","node_4390",""
267,38,ARGSORT,0,18,1,1065,"ffn_moe_argsort-26","ffn_moe_probs-26",""
267,70,ADD,0,1,7,2231,"ffn_moe_out-26","node_4426","ffn_moe_weighted-26 (view)"
267,74,MUL_MAT,0,49,1,2359,"ffn_shexp-26","blk.26.ffn_down_shexp.weight","ffn_swiglu-26"
267,77,MUL,0,4,0,2382,"ffn_shexp_gated-26","ffn_shexp-26","shared_expert_gate_sigmoid-26"
267,78,ADD,0,2,0,2384,"ffn_out-26","ffn_moe_out-26","ffn_shexp_gated-26"
267,81,MUL_MAT,0,11,1,2400,"hc_inject-26","blk.26.hc_ffn_inject.weight","hc_norm-26"
267,87,ADD,0,2,1,2413,"l_last-26","hc_combine-26","node_4443"
267,90,MUL,0,12,0,2429,"hc_norm-27"," (reshaped)","blk.27.hc_attn_norm.weight"
267,95,UNARY,0,33,0,2690,"hc_gate-27","node_4451",""
267,106,SCALE,0,0,1,2716,"hc_mixed-27","node_4462",""
267,151,RMS_NORM,0,8,1,3520,"norm-27","indexer_k_pooled-27 (reshaped)",""
268,38,MUL_MAT,0,308,3,519,"attn_output-27","blk.27.attn_output.weight","attn_gated-27"
268,41,MUL_MAT,0,8,1,533,"hc_inject-27","blk.27.hc_attn_inject.weight","hc_norm-27"
268,47,ADD,0,1,1,546,"hc_combine-27","l_last-26","node_4558"
268,50,MUL,0,9,0,558,"hc_norm-27"," (reshaped)","blk.27.hc_ffn_norm.weight"
268,55,UNARY,0,34,0,738,"hc_gate-27","node_4566",""
268,66,SCALE,0,1,1,765,"ffn_moe_inp-27","node_4577",""
268,70,ARGSORT,0,22,0,886,"ffn_moe_argsort-27","ffn_moe_probs-27",""
268,102,ADD,0,2,0,1512,"ffn_moe_out-27","node_4613","ffn_moe_weighted-27 (view)"
268,106,MUL_MAT,0,31,4,1618,"ffn_shexp-27","blk.27.ffn_down_shexp.weight","ffn_swiglu-27"
268,109,MUL,0,3,0,1627,"ffn_shexp_gated-27","ffn_shexp-27","shared_expert_gate_sigmoid-27"
268,110,ADD,0,1,1,1630,"ffn_out-27","ffn_moe_out-27","ffn_shexp_gated-27"
268,113,MUL_MAT,0,9,0,1643,"hc_inject-27","blk.27.hc_ffn_inject.weight","hc_norm-27"
268,119,ADD,0,2,0,1656,"l_last-27","hc_combine-27","node_4630"
268,122,MUL,0,8,0,1669,"hc_norm-28"," (reshaped)","blk.28.hc_attn_norm.weight"
268,127,UNARY,0,33,0,1856,"hc_gate-28","node_4638",""
268,138,SCALE,0,0,2,1875,"hc_mixed-28","node_4649",""
268,184,RMS_NORM,0,0,1,3396,"norm-28","attn_output-28",""
269,5,MUL_MAT,0,303,18,630,"linear_attn_out-28","blk.28.ssm_out.weight","final_output-28"
269,9,MUL_MAT,0,12,0,646,"hc_inject-28","blk.28.hc_attn_inject.weight","hc_norm-28"
269,15,ADD,0,1,1,658,"hc_combine-28","l_last-27","node_4712"
269,18,MUL,0,10,2,674,"hc_norm-28"," (reshaped)","blk.28.hc_ffn_norm.weight"
269,23,UNARY,0,34,0,861,"hc_gate-28","node_4720",""
269,34,SCALE,0,0,15,900,"ffn_moe_inp-28","node_4731",""
269,38,ARGSORT,0,22,1,1029,"ffn_moe_argsort-28","ffn_moe_probs-28",""
269,70,ADD,0,2,0,2278,"ffn_moe_out-28","node_4767","ffn_moe_weighted-28 (view)"
269,74,MUL_MAT,0,34,0,2387,"ffn_shexp-28","blk.28.ffn_down_shexp.weight","ffn_swiglu-28"
269,77,MUL,0,4,0,2397,"ffn_shexp_gated-28","ffn_shexp-28","shared_expert_gate_sigmoid-28"
269,78,ADD,0,2,0,2399,"ffn_out-28","ffn_moe_out-28","ffn_shexp_gated-28"
269,81,MUL_MAT,0,12,7,2422,"hc_inject-28","blk.28.hc_ffn_inject.weight","hc_norm-28"
269,87,ADD,0,1,1,2435,"l_last-28","hc_combine-28","node_4784"
269,90,MUL,0,8,1,2449,"hc_norm-29"," (reshaped)","blk.29.hc_attn_norm.weight"
269,95,UNARY,0,34,1,2640,"hc_gate-29","node_4792",""
269,106,SCALE,0,0,1,2657,"hc_mixed-29","node_4803",""
269,152,RMS_NORM,0,1,5,3892,"norm-29","attn_output-29",""
270,5,MUL_MAT,0,162,164,644,"linear_attn_out-29","blk.29.ssm_out.weight","final_output-29"
270,9,MUL_MAT,0,6,4,664,"hc_inject-29","blk.29.hc_attn_inject.weight","hc_norm-29"
270,15,ADD,0,1,1,684,"hc_combine-29","l_last-28","node_4866"
270,18,MUL,0,5,0,693,"hc_norm-29"," (reshaped)","blk.29.hc_ffn_norm.weight"
270,23,UNARY,0,21,1,865,"hc_gate-29","node_4874",""
270,34,SCALE,0,0,1,887,"ffn_moe_inp-29","node_4885",""
270,38,ARGSORT,0,18,1,1019,"ffn_moe_argsort-29","ffn_moe_probs-29",""
270,70,ADD,0,1,0,1695,"ffn_moe_out-29","node_4921","ffn_moe_weighted-29 (view)"
270,74,MUL_MAT,0,19,17,1809,"ffn_shexp-29","blk.29.ffn_down_shexp.weight","ffn_swiglu-29"
270,77,MUL,0,2,0,1825,"ffn_shexp_gated-29","ffn_shexp-29","shared_expert_gate_sigmoid-29"
270,78,ADD,0,1,2,1828,"ffn_out-29","ffn_moe_out-29","ffn_shexp_gated-29"
270,81,MUL_MAT,0,4,4,1839,"hc_inject-29","blk.29.hc_ffn_inject.weight","hc_norm-29"
270,87,ADD,0,1,1,1853,"l_last-29","hc_combine-29","node_4938"
270,90,MUL,0,6,0,1862,"hc_norm-30"," (reshaped)","blk.30.hc_attn_norm.weight"
270,95,UNARY,0,21,1,2036,"hc_gate-30","node_4946",""
270,106,SCALE,0,0,1,2051,"hc_mixed-30","node_4957",""
270,152,RMS_NORM,0,1,2,3046,"norm-30","attn_output-30",""
271,5,MUL_MAT,0,181,164,680,"linear_attn_out-30","blk.30.ssm_out.weight","final_output-30"
271,9,MUL_MAT,0,7,5,695,"hc_inject-30","blk.30.hc_attn_inject.weight","hc_norm-30"
271,15,ADD,0,2,1,707,"hc_combine-30","l_last-29","node_5020"
271,18,MUL,0,6,0,716,"hc_norm-30"," (reshaped)","blk.30.hc_ffn_norm.weight"
271,23,UNARY,0,21,1,902,"hc_gate-30","node_5028",""
271,34,SCALE,0,0,5,924,"ffn_moe_inp-30","node_5039",""
271,38,ARGSORT,0,17,1,1053,"ffn_moe_argsort-30","ffn_moe_probs-30",""
271,70,ADD,0,1,0,2500,"ffn_moe_out-30","node_5075","ffn_moe_weighted-30 (view)"
271,74,MUL_MAT,0,19,24,2618,"ffn_shexp-30","blk.30.ffn_down_shexp.weight","ffn_swiglu-30"
271,77,MUL,0,2,0,2626,"ffn_shexp_gated-30","ffn_shexp-30","shared_expert_gate_sigmoid-30"
271,78,ADD,0,1,0,2627,"ffn_out-30","ffn_moe_out-30","ffn_shexp_gated-30"
271,81,MUL_MAT,0,5,4,2639,"hc_inject-30","blk.30.hc_ffn_inject.weight","hc_norm-30"
271,87,ADD,0,1,3,2653,"l_last-30","hc_combine-30","node_5092"
271,90,MUL,0,6,0,2663,"hc_norm-31"," (reshaped)","blk.31.hc_attn_norm.weight"
271,95,UNARY,0,126,0,2937,"hc_gate-31","node_5100",""
271,106,SCALE,0,0,2,2951,"hc_mixed-31","node_5111",""
271,151,RMS_NORM,0,4,0,3680,"norm-31","indexer_k_pooled-31 (reshaped)",""
272,38,MUL_MAT,0,154,153,514,"attn_output-31","blk.31.attn_output.weight","attn_gated-31"
272,41,MUL_MAT,0,5,5,529,"hc_inject-31","blk.31.hc_attn_inject.weight","hc_norm-31"
272,47,ADD,0,1,9,548,"hc_combine-31","l_last-30","node_5207"
272,50,MUL,0,5,1,557,"hc_norm-31"," (reshaped)","blk.31.hc_ffn_norm.weight"
272,55,UNARY,0,116,1,818,"hc_gate-31","node_5215",""
272,66,SCALE,0,0,1,836,"ffn_moe_inp-31","node_5226",""
272,70,ARGSORT,0,17,0,957,"ffn_moe_argsort-31","ffn_moe_probs-31",""
272,102,ADD,0,1,0,1996,"ffn_moe_out-31","node_5262","ffn_moe_weighted-31 (view)"
272,106,MUL_MAT,0,19,22,2116,"ffn_shexp-31","blk.31.ffn_down_shexp.weight","ffn_swiglu-31"
272,109,MUL,0,1,1,2124,"ffn_shexp_gated-31","ffn_shexp-31","shared_expert_gate_sigmoid-31"
272,110,ADD,0,1,1,2126,"ffn_out-31","ffn_moe_out-31","ffn_shexp_gated-31"
272,113,MUL_MAT,0,5,5,2138,"hc_inject-31","blk.31.hc_ffn_inject.weight","hc_norm-31"
272,119,ADD,0,2,1,2170,"l_last-31","hc_combine-31","node_5279"
272,122,MUL,0,7,1,2182,"hc_norm-32"," (reshaped)","blk.32.hc_attn_norm.weight"
272,127,UNARY,0,34,0,2419,"hc_gate-32","node_5287",""
272,138,SCALE,0,1,0,2454,"hc_mixed-32","node_5298",""
272,184,RMS_NORM,0,1,11,3757,"norm-32","attn_output-32",""
273,5,MUL_MAT,0,320,3,644,"linear_attn_out-32","blk.32.ssm_out.weight","final_output-32"
273,9,MUL_MAT,0,9,4,662,"hc_inject-32","blk.32.hc_attn_inject.weight","hc_norm-32"
273,15,ADD,0,2,0,677,"hc_combine-32","l_last-31","node_5361"
273,18,MUL,0,9,0,691,"hc_norm-32"," (reshaped)","blk.32.hc_ffn_norm.weight"
273,23,UNARY,0,33,1,877,"hc_gate-32","node_5369",""
273,34,SCALE,0,0,1,894,"ffn_moe_inp-32","node_5380",""
273,38,ARGSORT,0,21,0,1021,"ffn_moe_argsort-32","ffn_moe_probs-32",""
273,70,ADD,0,2,0,2259,"ffn_moe_out-32","node_5416","ffn_moe_weighted-32 (view)"
273,74,MUL_MAT,0,34,4,2384,"ffn_shexp-32","blk.32.ffn_down_shexp.weight","ffn_swiglu-32"
273,77,MUL,0,3,0,2393,"ffn_shexp_gated-32","ffn_shexp-32","shared_expert_gate_sigmoid-32"
273,78,ADD,0,1,3,2398,"ffn_out-32","ffn_moe_out-32","ffn_shexp_gated-32"
273,81,MUL_MAT,0,8,0,2410,"hc_inject-32","blk.32.hc_ffn_inject.weight","hc_norm-32"
273,87,ADD,0,2,7,2429,"l_last-32","hc_combine-32","node_5433"
273,90,MUL,0,7,1,2442,"hc_norm-33"," (reshaped)","blk.33.hc_attn_norm.weight"
273,95,UNARY,0,33,0,2621,"hc_gate-33","node_5441",""
273,106,SCALE,0,0,2,2641,"hc_mixed-33","node_5452",""
273,152,RMS_NORM,0,0,2,3963,"norm-33","attn_output-33",""
274,5,MUL_MAT,0,334,8,667,"linear_attn_out-33","blk.33.ssm_out.weight","final_output-33"
274,9,MUL_MAT,0,11,1,684,"hc_inject-33","blk.33.hc_attn_inject.weight","hc_norm-33"
274,15,ADD,0,2,0,706,"hc_combine-33","l_last-32","node_5515"
274,18,MUL,0,9,0,720,"hc_norm-33"," (reshaped)","blk.33.hc_ffn_norm.weight"
274,23,UNARY,0,34,1,927,"hc_gate-33","node_5523",""
274,34,SCALE,0,1,1,959,"ffn_moe_inp-33","node_5534",""
274,38,ARGSORT,0,22,0,1097,"ffn_moe_argsort-33","ffn_moe_probs-33",""
274,70,ADD,0,1,1,1751,"ffn_moe_out-33","node_5570","ffn_moe_weighted-33 (view)"
274,74,MUL_MAT,0,34,18,1884,"ffn_shexp-33","blk.33.ffn_down_shexp.weight","ffn_swiglu-33"
274,77,MUL,0,3,0,1902,"ffn_shexp_gated-33","ffn_shexp-33","shared_expert_gate_sigmoid-33"
274,78,ADD,0,1,1,1905,"ffn_out-33","ffn_moe_out-33","ffn_shexp_gated-33"
274,81,MUL_MAT,0,9,1,1918,"hc_inject-33","blk.33.hc_ffn_inject.weight","hc_norm-33"
274,87,ADD,0,2,26,1961,"l_last-33","hc_combine-33","node_5587"
274,90,MUL,0,8,1,1974,"hc_norm-34"," (reshaped)","blk.34.hc_attn_norm.weight"
274,95,UNARY,0,34,0,2163,"hc_gate-34","node_5595",""
274,106,SCALE,0,0,2,2182,"hc_mixed-34","node_5606",""
274,152,RMS_NORM,0,0,2,3496,"norm-34","attn_output-34",""
275,5,MUL_MAT,0,312,1,628,"linear_attn_out-34","blk.34.ssm_out.weight","final_output-34"
275,9,MUL_MAT,0,10,15,665,"hc_inject-34","blk.34.hc_attn_inject.weight","hc_norm-34"
275,15,ADD,0,2,1,683,"hc_combine-34","l_last-33","node_5669"
275,18,MUL,0,11,0,698,"hc_norm-34"," (reshaped)","blk.34.hc_ffn_norm.weight"
275,23,UNARY,0,34,0,890,"hc_gate-34","node_5677",""
275,34,SCALE,0,0,1,908,"ffn_moe_inp-34","node_5688",""
275,38,ARGSORT,0,21,1,1036,"ffn_moe_argsort-34","ffn_moe_probs-34",""
275,70,ADD,0,2,17,2195,"ffn_moe_out-34","node_5724","ffn_moe_weighted-34 (view)"
275,74,MUL_MAT,0,37,1,2344,"ffn_shexp-34","blk.34.ffn_down_shexp.weight","ffn_swiglu-34"
275,77,MUL,0,3,1,2354,"ffn_shexp_gated-34","ffn_shexp-34","shared_expert_gate_sigmoid-34"
275,78,ADD,0,2,0,2356,"ffn_out-34","ffn_moe_out-34","ffn_shexp_gated-34"
275,81,MUL_MAT,0,11,1,2371,"hc_inject-34","blk.34.hc_ffn_inject.weight","hc_norm-34"
275,87,ADD,0,2,1,2389,"l_last-34","hc_combine-34","node_5741"
275,90,MUL,0,8,1,2401,"hc_norm-35"," (reshaped)","blk.35.hc_attn_norm.weight"
275,95,UNARY,0,33,1,2588,"hc_gate-35","node_5749",""
275,106,SCALE,0,0,3,2606,"hc_mixed-35","node_5760",""
275,151,RMS_NORM,0,8,1,3408,"norm-35","indexer_k_pooled-35 (reshaped)",""
276,38,MUL_MAT,0,302,5,513,"attn_output-35","blk.35.attn_output.weight","attn_gated-35"
276,41,MUL_MAT,0,23,1,541,"hc_inject-35","blk.35.hc_attn_inject.weight","hc_norm-35"
276,47,ADD,0,1,0,553,"hc_combine-35","l_last-34","node_5856"
276,50,MUL,0,9,0,566,"hc_norm-35"," (reshaped)","blk.35.hc_ffn_norm.weight"
276,55,UNARY,0,35,0,865,"hc_gate-35","node_5864",""
276,66,SCALE,0,0,11,924,"ffn_moe_inp-35","node_5875",""
276,70,ARGSORT,0,21,0,1095,"ffn_moe_argsort-35","ffn_moe_probs-35",""
276,102,ADD,0,1,7,2872,"ffn_moe_out-35","node_5911","ffn_moe_weighted-35 (view)"
276,106,MUL_MAT,0,19,19,2987,"ffn_shexp-35","blk.35.ffn_down_shexp.weight","ffn_swiglu-35"
276,109,MUL,0,1,1,2994,"ffn_shexp_gated-35","ffn_shexp-35","shared_expert_gate_sigmoid-35"
276,110,ADD,0,1,1,2996,"ffn_out-35","ffn_moe_out-35","ffn_shexp_gated-35"
276,113,MUL_MAT,0,8,9,3015,"hc_inject-35","blk.35.hc_ffn_inject.weight","hc_norm-35"
276,119,ADD,0,1,1,3028,"l_last-35","hc_combine-35","node_5928"
276,122,MUL,0,5,3,3040,"hc_norm-36"," (reshaped)","blk.36.hc_attn_norm.weight"
276,127,UNARY,0,28,0,3244,"hc_gate-36","node_5936",""
276,138,SCALE,0,1,1,3264,"hc_mixed-36","node_5947",""
276,184,RMS_NORM,0,1,1,4410,"norm-36","attn_output-36",""
277,5,MUL_MAT,0,254,83,666,"linear_attn_out-36","blk.36.ssm_out.weight","final_output-36"
277,9,MUL_MAT,0,8,3,681,"hc_inject-36","blk.36.hc_attn_inject.weight","hc_norm-36"
277,15,ADD,0,2,1,704,"hc_combine-36","l_last-35","node_6010"
277,18,MUL,0,7,0,715,"hc_norm-36"," (reshaped)","blk.36.hc_ffn_norm.weight"
277,23,UNARY,0,31,0,905,"hc_gate-36","node_6018",""
277,34,SCALE,0,0,2,922,"ffn_moe_inp-36","node_6029",""
277,38,ARGSORT,0,22,0,1065,"ffn_moe_argsort-36","ffn_moe_probs-36",""
277,70,ADD,0,1,0,2134,"ffn_moe_out-36","node_6065","ffn_moe_weighted-36 (view)"
277,74,MUL_MAT,0,45,7,2291,"ffn_shexp-36","blk.36.ffn_down_shexp.weight","ffn_swiglu-36"
277,77,MUL,0,3,0,2301,"ffn_shexp_gated-36","ffn_shexp-36","shared_expert_gate_sigmoid-36"
277,78,ADD,0,1,0,2303,"ffn_out-36","ffn_moe_out-36","ffn_shexp_gated-36"
277,81,MUL_MAT,0,8,3,2318,"hc_inject-36","blk.36.hc_ffn_inject.weight","hc_norm-36"
277,87,ADD,0,2,1,2329,"l_last-36","hc_combine-36","node_6082"
277,90,MUL,0,11,0,2344,"hc_norm-37"," (reshaped)","blk.37.hc_attn_norm.weight"
277,95,UNARY,0,33,0,2532,"hc_gate-37","node_6090",""
277,106,SCALE,0,0,1,2549,"hc_mixed-37","node_6101",""
277,152,RMS_NORM,0,1,0,3824,"norm-37","attn_output-37",""
278,5,MUL_MAT,0,309,4,615,"linear_attn_out-37","blk.37.ssm_out.weight","final_output-37"
278,9,MUL_MAT,0,8,1,629,"hc_inject-37","blk.37.hc_attn_inject.weight","hc_norm-37"
278,15,ADD,0,2,6,656,"hc_combine-37","l_last-36","node_6164"
278,18,MUL,0,8,0,668,"hc_norm-37"," (reshaped)","blk.37.hc_ffn_norm.weight"
278,23,UNARY,0,34,1,843,"hc_gate-37","node_6172",""
278,34,SCALE,0,1,1,860,"ffn_moe_inp-37","node_6183",""
278,38,ARGSORT,0,22,1,985,"ffn_moe_argsort-37","ffn_moe_probs-37",""
278,70,ADD,0,1,1,2016,"ffn_moe_out-37","node_6219","ffn_moe_weighted-37 (view)"
278,74,MUL_MAT,0,36,2,2138,"ffn_shexp-37","blk.37.ffn_down_shexp.weight","ffn_swiglu-37"
278,77,MUL,0,3,0,2159,"ffn_shexp_gated-37","ffn_shexp-37","shared_expert_gate_sigmoid-37"
278,78,ADD,0,1,1,2162,"ffn_out-37","ffn_moe_out-37","ffn_shexp_gated-37"
278,81,MUL_MAT,0,10,2,2178,"hc_inject-37","blk.37.hc_ffn_inject.weight","hc_norm-37"
278,87,ADD,0,2,6,2196,"l_last-37","hc_combine-37","node_6236"
278,90,MUL,0,10,1,2212,"hc_norm-38"," (reshaped)","blk.38.hc_attn_norm.weight"
278,95,UNARY,0,34,0,2409,"hc_gate-38","node_6244",""
278,106,SCALE,0,0,1,2427,"hc_mixed-38","node_6255",""
278,152,RMS_NORM,0,0,1,3904,"norm-38","attn_output-38",""
279,5,MUL_MAT,0,298,33,669,"linear_attn_out-38","blk.38.ssm_out.weight","final_output-38"
279,9,MUL_MAT,0,9,1,684,"hc_inject-38","blk.38.hc_attn_inject.weight","hc_norm-38"
279,15,ADD,0,2,1,700,"hc_combine-38","l_last-37","node_6318"
279,18,MUL,0,9,1,714,"hc_norm-38"," (reshaped)","blk.38.hc_ffn_norm.weight"
279,23,UNARY,0,34,1,902,"hc_gate-38","node_6326",""
279,34,SCALE,0,0,6,924,"ffn_moe_inp-38","node_6337",""
279,38,ARGSORT,0,21,1,1056,"ffn_moe_argsort-38","ffn_moe_probs-38",""
279,70,ADD,0,1,1,2279,"ffn_moe_out-38","node_6373","ffn_moe_weighted-38 (view)"
279,74,MUL_MAT,0,38,0,2407,"ffn_shexp-38","blk.38.ffn_down_shexp.weight","ffn_swiglu-38"
279,77,MUL,0,3,1,2419,"ffn_shexp_gated-38","ffn_shexp-38","shared_expert_gate_sigmoid-38"
279,78,ADD,0,1,9,2429,"ffn_out-38","ffn_moe_out-38","ffn_shexp_gated-38"
279,81,MUL_MAT,0,10,2,2445,"hc_inject-38","blk.38.hc_ffn_inject.weight","hc_norm-38"
279,87,ADD,0,2,0,2458,"l_last-38","hc_combine-38","node_6390"
280,0,GET_ROWS,0,4,0,4,"model.input_embed","token_embd.weight","inp_tokens"
280,2,REPEAT,0,3,0,8,"hc_init","model.input_embed (reshaped)",""
280,5,MUL,0,6,0,19,"hc_norm-0"," (reshaped)","blk.0.hc_attn_norm.weight"
280,10,UNARY,0,21,0,187,"hc_gate-0","node_9",""
280,21,SCALE,0,0,2,202,"hc_mixed-0","node_20",""
280,69,RMS_NORM,0,0,2,1241,"norm-0","attn_output-0",""
281,5,MUL_MAT,0,182,160,668,"linear_attn_out-0","blk.0.ssm_out.weight","final_output-0"
281,9,MUL_MAT,0,6,3,688,"hc_inject-0","blk.0.hc_attn_inject.weight","hc_norm-0"
281,15,ADD,0,2,1,701,"hc_combine-0","hc_init","node_85"
281,18,MUL,0,6,0,711,"hc_norm-0"," (reshaped)","blk.0.hc_ffn_norm.weight"
281,23,UNARY,0,21,0,895,"hc_gate-0","node_93",""
281,34,SCALE,0,0,102,1020,"ffn_moe_inp-0","node_104",""
281,38,ARGSORT,0,22,1,1236,"ffn_moe_argsort-0","ffn_moe_probs-0",""
281,70,ADD,0,1,1,2819,"ffn_moe_out-0","node_140","ffn_moe_weighted-0 (view)"
281,93,MUL_MAT,0,34,6,3765,"ffn_shexp-0","blk.0.ffn_down_shexp.weight","ffn_swiglu-0"
281,96,MUL,0,3,1,3780,"ffn_shexp_gated-0","ffn_shexp-0","shared_expert_gate_sigmoid-0"
281,97,ADD,0,2,0,3782,"ffn_out-0","ffn_moe_out-0","ffn_shexp_gated-0"
281,100,MUL_MAT,0,9,0,3795,"hc_inject-0","blk.0.hc_ffn_inject.weight","hc_norm-0"
281,106,ADD,0,2,1,3809,"l_last-0","hc_combine-0","node_176"
281,120,UNARY,0,0,1,3853,"ple_gate-1","node_190",""
281,121,MUL,0,3,1,3858,"ple_gated_value-1","node_154","ple_gate-1"
281,174,MUL,0,8,0,4347,"hc_norm-1"," (reshaped)","blk.1.hc_attn_norm.weight"
281,179,UNARY,0,34,0,4532,"hc_gate-1","node_249",""
281,190,SCALE,0,0,22,4586,"hc_mixed-1","node_260",""
281,236,RMS_NORM,0,0,1,5849,"norm-1","attn_output-1",""
282,5,MUL_MAT,0,339,13,699,"linear_attn_out-1","blk.1.ssm_out.weight","final_output-1"
282,9,MUL_MAT,0,13,1,719,"hc_inject-1","blk.1.hc_attn_inject.weight","hc_norm-1"
282,15,ADD,0,2,1,734,"hc_combine-1","node_242","node_323"
282,18,MUL,0,9,0,748,"hc_norm-1"," (reshaped)","blk.1.hc_ffn_norm.weight"
282,23,UNARY,0,34,0,943,"hc_gate-1","node_331",""
282,34,SCALE,0,1,1,975,"ffn_moe_inp-1","node_342",""
282,38,ARGSORT,0,22,1,1114,"ffn_moe_argsort-1","ffn_moe_probs-1",""
282,70,ADD,0,2,0,1897,"ffn_moe_out-1","node_378","ffn_moe_weighted-1 (view)"
282,74,MUL_MAT,0,41,19,2045,"ffn_shexp-1","blk.1.ffn_down_shexp.weight","ffn_swiglu-1"
282,77,MUL,0,3,6,2070,"ffn_shexp_gated-1","ffn_shexp-1","shared_expert_gate_sigmoid-1"
282,78,ADD,0,1,10,2081,"ffn_out-1","ffn_moe_out-1","ffn_shexp_gated-1"
282,81,MUL_MAT,0,18,0,2104,"hc_inject-1","blk.1.hc_ffn_inject.weight","hc_norm-1"
282,87,ADD,0,2,0,2137,"l_last-1","hc_combine-1","node_395"
282,90,MUL,0,10,0,2153,"hc_norm-2"," (reshaped)","blk.2.hc_attn_norm.weight"
282,95,UNARY,0,35,0,2349,"hc_gate-2","node_403",""
282,106,SCALE,0,0,2,2367,"hc_mixed-2","node_414",""
282,152,RMS_NORM,0,1,1,3704,"norm-2","attn_output-2",""
283,5,MUL_MAT,0,296,33,641,"linear_attn_out-2","blk.2.ssm_out.weight","final_output-2"
283,9,MUL_MAT,0,14,0,660,"hc_inject-2","blk.2.hc_attn_inject.weight","hc_norm-2"
283,15,ADD,0,3,0,681,"hc_combine-2","l_last-1","node_477"
283,18,MUL,0,13,1,700,"hc_norm-2"," (reshaped)","blk.2.hc_ffn_norm.weight"
283,23,UNARY,0,35,1,917,"hc_gate-2","node_485",""
283,34,SCALE,0,0,2,935,"ffn_moe_inp-2","node_496",""
283,38,ARGSORT,0,23,0,1069,"ffn_moe_argsort-2","ffn_moe_probs-2",""
283,70,ADD,0,2,0,2077,"ffn_moe_out-2","node_532","ffn_moe_weighted-2 (view)"
283,74,MUL_MAT,0,37,2,2200,"ffn_shexp-2","blk.2.ffn_down_shexp.weight","ffn_swiglu-2"
283,77,MUL,0,3,1,2220,"ffn_shexp_gated-2","ffn_shexp-2","shared_expert_gate_sigmoid-2"
283,78,ADD,0,2,0,2222,"ffn_out-2","ffn_moe_out-2","ffn_shexp_gated-2"
283,81,MUL_MAT,0,13,0,2239,"hc_inject-2","blk.2.hc_ffn_inject.weight","hc_norm-2"
283,87,ADD,0,2,1,2257,"l_last-2","hc_combine-2","node_549"
283,90,MUL,0,20,0,2282,"hc_norm-3"," (reshaped)","blk.3.hc_attn_norm.weight"
283,95,UNARY,0,40,0,2511,"hc_gate-3","node_557",""
283,106,SCALE,0,1,0,2540,"hc_mixed-3","node_568",""
283,151,RMS_NORM,0,8,1,3326,"norm-3","indexer_k_pooled-3 (reshaped)",""
284,38,MUL_MAT,0,290,28,548,"attn_output-3","blk.3.attn_output.weight","attn_gated-3"
284,41,MUL_MAT,0,11,1,564,"hc_inject-3","blk.3.hc_attn_inject.weight","hc_norm-3"
284,47,ADD,0,1,1,576,"hc_combine-3","l_last-2","node_664"
284,50,MUL,0,9,0,589,"hc_norm-3"," (reshaped)","blk.3.hc_ffn_norm.weight"
284,55,UNARY,0,33,1,776,"hc_gate-3","node_672",""
284,66,SCALE,0,0,1,794,"ffn_moe_inp-3","node_683",""
284,70,ARGSORT,0,22,0,919,"ffn_moe_argsort-3","ffn_moe_probs-3",""
284,102,ADD,0,2,0,1554,"ffn_moe_out-3","node_719","ffn_moe_weighted-3 (view)"
284,106,MUL_MAT,0,31,4,1790,"ffn_shexp-3","blk.3.ffn_down_shexp.weight","ffn_swiglu-3"
284,109,MUL,0,2,0,1798,"ffn_shexp_gated-3","ffn_shexp-3","shared_expert_gate_sigmoid-3"
284,110,ADD,0,2,0,1800,"ffn_out-3","ffn_moe_out-3","ffn_shexp_gated-3"
284,113,MUL_MAT,0,7,3,1812,"hc_inject-3","blk.3.hc_ffn_inject.weight","hc_norm-3"
284,119,ADD,0,2,0,1823,"l_last-3","hc_combine-3","node_736"
284,122,MUL,0,7,0,1834,"hc_norm-4"," (reshaped)","blk.4.hc_attn_norm.weight"
284,127,UNARY,0,30,0,2024,"hc_gate-4","node_744",""
284,138,SCALE,0,0,1,2040,"hc_mixed-4","node_755",""
284,184,RMS_NORM,0,1,1,3180,"norm-4","attn_output-4",""
285,5,MUL_MAT,0,258,74,654,"linear_attn_out-4","blk.4.ssm_out.weight","final_output-4"
285,9,MUL_MAT,0,8,1,673,"hc_inject-4","blk.4.hc_attn_inject.weight","hc_norm-4"
285,15,ADD,0,2,1,686,"hc_combine-4","l_last-3","node_818"
285,18,MUL,0,7,0,697,"hc_norm-4"," (reshaped)","blk.4.hc_ffn_norm.weight"
285,23,UNARY,0,30,1,891,"hc_gate-4","node_826",""
285,34,SCALE,0,0,1,912,"ffn_moe_inp-4","node_837",""
285,38,ARGSORT,0,21,0,1046,"ffn_moe_argsort-4","ffn_moe_probs-4",""
285,70,ADD,0,1,0,1822,"ffn_moe_out-4","node_873","ffn_moe_weighted-4 (view)"
285,74,MUL_MAT,0,30,9,1940,"ffn_shexp-4","blk.4.ffn_down_shexp.weight","ffn_swiglu-4"
285,77,MUL,0,2,0,1948,"ffn_shexp_gated-4","ffn_shexp-4","shared_expert_gate_sigmoid-4"
285,78,ADD,0,1,0,1950,"ffn_out-4","ffn_moe_out-4","ffn_shexp_gated-4"
285,81,MUL_MAT,0,6,2,1961,"hc_inject-4","blk.4.hc_ffn_inject.weight","hc_norm-4"
285,87,ADD,0,1,2,1975,"l_last-4","hc_combine-4","node_890"
285,90,MUL,0,5,0,1984,"hc_norm-5"," (reshaped)","blk.5.hc_attn_norm.weight"
285,95,UNARY,0,31,1,2173,"hc_gate-5","node_898",""
285,106,SCALE,0,0,2,2188,"hc_mixed-5","node_909",""
285,152,RMS_NORM,0,0,1,3335,"norm-5","attn_output-5",""
286,5,MUL_MAT,0,278,72,711,"linear_attn_out-5","blk.5.ssm_out.weight","final_output-5"
286,9,MUL_MAT,0,8,5,728,"hc_inject-5","blk.5.hc_attn_inject.weight","hc_norm-5"
286,15,ADD,0,2,5,745,"hc_combine-5","l_last-4","node_972"
286,18,MUL,0,7,0,756,"hc_norm-5"," (reshaped)","blk.5.hc_ffn_norm.weight"
286,23,UNARY,0,35,1,1004,"hc_gate-5","node_980",""
286,34,SCALE,0,0,7,1047,"ffn_moe_inp-5","node_991",""
286,38,ARGSORT,0,23,0,1194,"ffn_moe_argsort-5","ffn_moe_probs-5",""
286,70,ADD,0,2,0,1983,"ffn_moe_out-5","node_1027","ffn_moe_weighted-5 (view)"
286,74,MUL_MAT,0,33,4,2113,"ffn_shexp-5","blk.5.ffn_down_shexp.weight","ffn_swiglu-5"
286,77,MUL,0,3,0,2122,"ffn_shexp_gated-5","ffn_shexp-5","shared_expert_gate_sigmoid-5"
286,78,ADD,0,1,1,2125,"ffn_out-5","ffn_moe_out-5","ffn_shexp_gated-5"
286,81,MUL_MAT,0,8,1,2138,"hc_inject-5","blk.5.hc_ffn_inject.weight","hc_norm-5"
286,87,ADD,0,2,2,2165,"l_last-5","hc_combine-5","node_1044"
286,90,MUL,0,9,0,2179,"hc_norm-6"," (reshaped)","blk.6.hc_attn_norm.weight"
286,95,UNARY,0,35,0,2379,"hc_gate-6","node_1052",""
286,106,SCALE,0,1,1,2397,"hc_mixed-6","node_1063",""
286,152,RMS_NORM,0,0,1,3690,"norm-6","attn_output-6",""
287,5,MUL_MAT,0,317,1,628,"linear_attn_out-6","blk.6.ssm_out.weight","final_output-6"
287,9,MUL_MAT,0,8,2,643,"hc_inject-6","blk.6.hc_attn_inject.weight","hc_norm-6"
287,15,ADD,0,1,1,659,"hc_combine-6","l_last-5","node_1126"
287,18,MUL,0,9,0,673,"hc_norm-6"," (reshaped)","blk.6.hc_ffn_norm.weight"
287,23,UNARY,0,33,0,859,"hc_gate-6","node_1134",""
287,34,SCALE,0,1,0,878,"ffn_moe_inp-6","node_1145",""
287,38,ARGSORT,0,21,1,1018,"ffn_moe_argsort-6","ffn_moe_probs-6",""
287,70,ADD,0,1,0,1836,"ffn_moe_out-6","node_1181","ffn_moe_weighted-6 (view)"
287,74,MUL_MAT,0,36,1,1950,"ffn_shexp-6","blk.6.ffn_down_shexp.weight","ffn_swiglu-6"
287,77,MUL,0,4,0,1960,"ffn_shexp_gated-6","ffn_shexp-6","shared_expert_gate_sigmoid-6"
287,78,ADD,0,2,0,1962,"ffn_out-6","ffn_moe_out-6","ffn_shexp_gated-6"
287,81,MUL_MAT,0,8,1,1975,"hc_inject-6","blk.6.hc_ffn_inject.weight","hc_norm-6"
287,87,ADD,0,2,11,1998,"l_last-6","hc_combine-6","node_1198"
287,90,MUL,0,9,0,2012,"hc_norm-7"," (reshaped)","blk.7.hc_attn_norm.weight"
287,95,UNARY,0,35,0,2211,"hc_gate-7","node_1206",""
287,106,SCALE,0,0,2,2237,"hc_mixed-7","node_1217",""
287,151,RMS_NORM,0,22,1,3139,"norm-7","indexer_k_pooled-7 (reshaped)",""
288,38,MUL_MAT,0,310,4,514,"attn_output-7","blk.7.attn_output.weight","attn_gated-7"
288,41,MUL_MAT,0,10,1,531,"hc_inject-7","blk.7.hc_attn_inject.weight","hc_norm-7"
288,47,ADD,0,2,2,543,"hc_combine-7","l_last-6","node_1313"
288,50,MUL,0,9,0,556,"hc_norm-7"," (reshaped)","blk.7.hc_ffn_norm.weight"
288,55,UNARY,0,34,1,735,"hc_gate-7","node_1321",""
288,66,SCALE,0,0,2,752,"ffn_moe_inp-7","node_1332",""
288,70,ARGSORT,0,21,1,884,"ffn_moe_argsort-7","ffn_moe_probs-7",""
288,102,ADD,0,2,0,1491,"ffn_moe_out-7","node_1368","ffn_moe_weighted-7 (view)"
288,106,MUL_MAT,0,32,3,1607,"ffn_shexp-7","blk.7.ffn_down_shexp.weight","ffn_swiglu-7"
288,109,MUL,0,3,0,1615,"ffn_shexp_gated-7","ffn_shexp-7","shared_expert_gate_sigmoid-7"
288,110,ADD,0,2,0,1617,"ffn_out-7","ffn_moe_out-7","ffn_shexp_gated-7"
288,113,MUL_MAT,0,10,1,1632,"hc_inject-7","blk.7.hc_ffn_inject.weight","hc_norm-7"
288,119,ADD,0,2,1,1643,"l_last-7","hc_combine-7","node_1385"
288,122,MUL,0,10,0,1657,"hc_norm-8"," (reshaped)","blk.8.hc_attn_norm.weight"
288,127,UNARY,0,33,1,1847,"hc_gate-8","node_1393",""
288,138,SCALE,0,0,2,1864,"hc_mixed-8","node_1404",""
288,184,RMS_NORM,0,1,98,3386,"norm-8","attn_output-8",""
289,5,MUL_MAT,0,345,3,677,"linear_attn_out-8","blk.8.ssm_out.weight","final_output-8"
289,9,MUL_MAT,0,10,1,693,"hc_inject-8","blk.8.hc_attn_inject.weight","hc_norm-8"
289,15,ADD,0,2,1,707,"hc_combine-8","l_last-7","node_1467"
289,18,MUL,0,12,0,724,"hc_norm-8"," (reshaped)","blk.8.hc_ffn_norm.weight"
289,23,UNARY,0,35,0,923,"hc_gate-8","node_1475",""
289,34,SCALE,0,0,3,952,"ffn_moe_inp-8","node_1486",""
289,38,ARGSORT,0,23,1,1115,"ffn_moe_argsort-8","ffn_moe_probs-8",""
289,70,ADD,0,1,1,1863,"ffn_moe_out-8","node_1522","ffn_moe_weighted-8 (view)"
289,74,MUL_MAT,0,34,1,1986,"ffn_shexp-8","blk.8.ffn_down_shexp.weight","ffn_swiglu-8"
289,77,MUL,0,3,0,1996,"ffn_shexp_gated-8","ffn_shexp-8","shared_expert_gate_sigmoid-8"
289,78,ADD,0,1,0,1998,"ffn_out-8","ffn_moe_out-8","ffn_shexp_gated-8"
289,81,MUL_MAT,0,8,1,2011,"hc_inject-8","blk.8.hc_ffn_inject.weight","hc_norm-8"
289,87,ADD,0,2,0,2025,"l_last-8","hc_combine-8","node_1539"
289,90,MUL,0,9,0,2039,"hc_norm-9"," (reshaped)","blk.9.hc_attn_norm.weight"
289,95,UNARY,0,34,0,2230,"hc_gate-9","node_1547",""
289,106,SCALE,0,0,1,2249,"hc_mixed-9","node_1558",""
289,152,RMS_NORM,0,0,1,3570,"norm-9","attn_output-9",""
290,5,MUL_MAT,0,313,9,620,"linear_attn_out-9","blk.9.ssm_out.weight","final_output-9"
290,9,MUL_MAT,0,13,1,639,"hc_inject-9","blk.9.hc_attn_inject.weight","hc_norm-9"
290,15,ADD,0,2,0,654,"hc_combine-9","l_last-8","node_1621"
290,18,MUL,0,9,0,667,"hc_norm-9"," (reshaped)","blk.9.hc_ffn_norm.weight"
290,23,UNARY,0,34,61,914,"hc_gate-9","node_1629",""
290,34,SCALE,0,0,1,931,"ffn_moe_inp-9","node_1640",""
290,38,ARGSORT,0,23,0,1067,"ffn_moe_argsort-9","ffn_moe_probs-9",""
290,70,ADD,0,2,0,1778,"ffn_moe_out-9","node_1676","ffn_moe_weighted-9 (view)"
290,74,MUL_MAT,0,38,1,1915,"ffn_shexp-9","blk.9.ffn_down_shexp.weight","ffn_swiglu-9"
290,77,MUL,0,3,1,1925,"ffn_shexp_gated-9","ffn_shexp-9","shared_expert_gate_sigmoid-9"
290,78,ADD,0,2,0,1927,"ffn_out-9","ffn_moe_out-9","ffn_shexp_gated-9"
290,81,MUL_MAT,0,8,4,1943,"hc_inject-9","blk.9.hc_ffn_inject.weight","hc_norm-9"
290,87,ADD,0,2,3,1960,"l_last-9","hc_combine-9","node_1693"
290,90,MUL,0,9,0,1980,"hc_norm-10"," (reshaped)","blk.10.hc_attn_norm.weight"
290,95,UNARY,0,35,0,2189,"hc_gate-10","node_1701",""
290,106,SCALE,0,0,2,2209,"hc_mixed-10","node_1712",""
290,152,RMS_NORM,0,1,0,3557,"norm-10","attn_output-10",""
291,5,MUL_MAT,0,321,6,659,"linear_attn_out-10","blk.10.ssm_out.weight","final_output-10"
291,9,MUL_MAT,0,9,2,676,"hc_inject-10","blk.10.hc_attn_inject.weight","hc_norm-10"
291,15,ADD,0,2,1,697,"hc_combine-10","l_last-9","node_1775"
291,18,MUL,0,15,1,717,"hc_norm-10"," (reshaped)","blk.10.hc_ffn_norm.weight"
291,23,UNARY,0,34,0,928,"hc_gate-10","node_1783",""
291,34,SCALE,0,0,1,946,"ffn_moe_inp-10","node_1794",""
291,38,ARGSORT,0,22,0,1080,"ffn_moe_argsort-10","ffn_moe_probs-10",""
291,70,ADD,0,1,1,1747,"ffn_moe_out-10","node_1830","ffn_moe_weighted-10 (view)"
291,74,MUL_MAT,0,36,3,1879,"ffn_shexp-10","blk.10.ffn_down_shexp.weight","ffn_swiglu-10"
291,77,MUL,0,3,0,1890,"ffn_shexp_gated-10","ffn_shexp-10","shared_expert_gate_sigmoid-10"
291,78,ADD,0,2,0,1892,"ffn_out-10","ffn_moe_out-10","ffn_shexp_gated-10"
291,81,MUL_MAT,0,10,0,1906,"hc_inject-10","blk.10.hc_ffn_inject.weight","hc_norm-10"
291,87,ADD,0,1,5,1922,"l_last-10","hc_combine-10","node_1847"
291,90,MUL,0,11,0,1938,"hc_norm-11"," (reshaped)","blk.11.hc_attn_norm.weight"
291,95,UNARY,0,33,1,2131,"hc_gate-11","node_1855",""
291,106,SCALE,0,0,1,2146,"hc_mixed-11","node_1866",""
291,151,RMS_NORM,0,8,1,2937,"norm-11","indexer_k_pooled-11 (reshaped)",""
292,38,MUL_MAT,0,309,13,613,"attn_output-11","blk.11.attn_output.weight","attn_gated-11"
292,41,MUL_MAT,0,9,2,629,"hc_inject-11","blk.11.hc_attn_inject.weight","hc_norm-11"
292,47,ADD,0,2,0,649,"hc_combine-11","l_last-10","node_1962"
292,50,MUL,0,10,0,774,"hc_norm-11"," (reshaped)","blk.11.hc_ffn_norm.weight"
292,55,UNARY,0,33,0,958,"hc_gate-11","node_1970",""
292,66,SCALE,0,0,1,984,"ffn_moe_inp-11","node_1981",""
292,70,ARGSORT,0,21,0,1103,"ffn_moe_argsort-11","ffn_moe_probs-11",""
292,102,ADD,0,2,0,1736,"ffn_moe_out-11","node_2017","ffn_moe_weighted-11 (view)"
292,106,MUL_MAT,0,37,2,1871,"ffn_shexp-11","blk.11.ffn_down_shexp.weight","ffn_swiglu-11"
292,109,MUL,0,3,1,1880,"ffn_shexp_gated-11","ffn_shexp-11","shared_expert_gate_sigmoid-11"
292,110,ADD,0,2,0,1882,"ffn_out-11","ffn_moe_out-11","ffn_shexp_gated-11"
292,113,MUL_MAT,0,10,0,1896,"hc_inject-11","blk.11.hc_ffn_inject.weight","hc_norm-11"
292,119,ADD,0,2,0,1908,"l_last-11","hc_combine-11","node_2034"
292,122,MUL,0,15,0,1927,"hc_norm-12"," (reshaped)","blk.12.hc_attn_norm.weight"
292,127,UNARY,0,34,1,2105,"hc_gate-12","node_2042",""
292,138,SCALE,0,0,0,2357,"hc_mixed-12","node_2053",""
292,184,RMS_NORM,0,1,9,3595,"norm-12","attn_output-12",""
293,5,MUL_MAT,0,334,3,678,"linear_attn_out-12","blk.12.ssm_out.weight","final_output-12"
293,9,MUL_MAT,0,11,1,700,"hc_inject-12","blk.12.hc_attn_inject.weight","hc_norm-12"
293,15,ADD,0,1,4,716,"hc_combine-12","l_last-11","node_2116"
293,18,MUL,0,10,0,737,"hc_norm-12"," (reshaped)","blk.12.hc_ffn_norm.weight"
293,23,UNARY,0,35,0,944,"hc_gate-12","node_2124",""
293,34,SCALE,0,0,1,964,"ffn_moe_inp-12","node_2135",""
293,38,ARGSORT,0,29,1,1102,"ffn_moe_argsort-12","ffn_moe_probs-12",""
293,70,ADD,0,1,0,1810,"ffn_moe_out-12","node_2171","ffn_moe_weighted-12 (view)"
293,74,MUL_MAT,0,44,5,1948,"ffn_shexp-12","blk.12.ffn_down_shexp.weight","ffn_swiglu-12"
293,77,MUL,0,3,0,1958,"ffn_shexp_gated-12","ffn_shexp-12","shared_expert_gate_sigmoid-12"
293,78,ADD,0,1,14,1974,"ffn_out-12","ffn_moe_out-12","ffn_shexp_gated-12"
293,81,MUL_MAT,0,15,7,2010,"hc_inject-12","blk.12.hc_ffn_inject.weight","hc_norm-12"
293,87,ADD,0,3,3,2045,"l_last-12","hc_combine-12","node_2188"
293,90,MUL,0,14,1,2072,"hc_norm-13"," (reshaped)","blk.13.hc_attn_norm.weight"
293,95,UNARY,0,35,1,2274,"hc_gate-13","node_2196",""
293,106,SCALE,0,1,2,2308,"hc_mixed-13","node_2207",""
293,152,RMS_NORM,0,1,11,3619,"norm-13","attn_output-13",""
294,5,MUL_MAT,0,302,10,611,"linear_attn_out-13","blk.13.ssm_out.weight","final_output-13"
294,9,MUL_MAT,0,8,5,630,"hc_inject-13","blk.13.hc_attn_inject.weight","hc_norm-13"
294,15,ADD,0,2,2,646,"hc_combine-13","l_last-12","node_2270"
294,18,MUL,0,10,0,661,"hc_norm-13"," (reshaped)","blk.13.hc_ffn_norm.weight"
294,23,UNARY,0,33,0,848,"hc_gate-13","node_2278",""
294,34,SCALE,0,0,2,867,"ffn_moe_inp-13","node_2289",""
294,38,ARGSORT,0,22,1,994,"ffn_moe_argsort-13","ffn_moe_probs-13",""
294,70,ADD,0,1,0,2043,"ffn_moe_out-13","node_2325","ffn_moe_weighted-13 (view)"
294,74,MUL_MAT,0,29,19,2175,"ffn_shexp-13","blk.13.ffn_down_shexp.weight","ffn_swiglu-13"
294,77,MUL,0,2,0,2189,"ffn_shexp_gated-13","ffn_shexp-13","shared_expert_gate_sigmoid-13"
294,78,ADD,0,1,1,2191,"ffn_out-13","ffn_moe_out-13","ffn_shexp_gated-13"
294,81,MUL_MAT,0,5,9,2208,"hc_inject-13","blk.13.hc_ffn_inject.weight","hc_norm-13"
294,87,ADD,0,1,2,2221,"l_last-13","hc_combine-13","node_2342"
294,90,MUL,0,6,0,2231,"hc_norm-14"," (reshaped)","blk.14.hc_attn_norm.weight"
294,95,UNARY,0,25,1,2431,"hc_gate-14","node_2350",""
294,106,SCALE,0,0,1,2446,"hc_mixed-14","node_2361",""
294,152,RMS_NORM,0,0,14,3562,"norm-14","attn_output-14",""
295,5,MUL_MAT,0,223,143,716,"linear_attn_out-14","blk.14.ssm_out.weight","final_output-14"
295,9,MUL_MAT,0,7,6,733,"hc_inject-14","blk.14.hc_attn_inject.weight","hc_norm-14"
295,15,ADD,0,2,1,747,"hc_combine-14","l_last-13","node_2424"
295,18,MUL,0,7,0,757,"hc_norm-14"," (reshaped)","blk.14.hc_ffn_norm.weight"
295,23,UNARY,0,21,1,956,"hc_gate-14","node_2432",""
295,34,SCALE,0,0,2,972,"ffn_moe_inp-14","node_2443",""
295,38,ARGSORT,0,19,0,1107,"ffn_moe_argsort-14","ffn_moe_probs-14",""
295,70,ADD,0,1,1,1770,"ffn_moe_out-14","node_2479","ffn_moe_weighted-14 (view)"
295,74,MUL_MAT,0,18,18,1882,"ffn_shexp-14","blk.14.ffn_down_shexp.weight","ffn_swiglu-14"
295,77,MUL,0,1,1,1894,"ffn_shexp_gated-14","ffn_shexp-14","shared_expert_gate_sigmoid-14"
295,78,ADD,0,1,1,1896,"ffn_out-14","ffn_moe_out-14","ffn_shexp_gated-14"
295,81,MUL_MAT,0,5,7,1911,"hc_inject-14","blk.14.hc_ffn_inject.weight","hc_norm-14"
295,87,ADD,0,1,2,1931,"l_last-14","hc_combine-14","node_2496"
295,90,MUL,0,5,0,1940,"hc_norm-15"," (reshaped)","blk.15.hc_attn_norm.weight"
295,95,UNARY,0,21,0,2111,"hc_gate-15","node_2504",""
295,106,SCALE,0,0,1,2135,"hc_mixed-15","node_2515",""
295,151,RMS_NORM,0,4,1,2871,"norm-15","indexer_k_pooled-15 (reshaped)",""
296,38,MUL_MAT,0,225,113,562,"attn_output-15","blk.15.attn_output.weight","attn_gated-15"
296,41,MUL_MAT,0,6,7,578,"hc_inject-15","blk.15.hc_attn_inject.weight","hc_norm-15"
296,47,ADD,0,1,9,598,"hc_combine-15","l_last-14","node_2611"
296,50,MUL,0,6,0,608,"hc_norm-15"," (reshaped)","blk.15.hc_ffn_norm.weight"
296,55,UNARY,0,21,0,787,"hc_gate-15","node_2619",""
296,66,SCALE,0,0,1,809,"ffn_moe_inp-15","node_2630",""
296,70,ARGSORT,0,17,0,941,"ffn_moe_argsort-15","ffn_moe_probs-15",""
296,102,ADD,0,1,10,1776,"ffn_moe_out-15","node_2666","ffn_moe_weighted-15 (view)"
296,106,MUL_MAT,0,33,1,1884,"ffn_shexp-15","blk.15.ffn_down_shexp.weight","ffn_swiglu-15"
296,109,MUL,0,3,0,1893,"ffn_shexp_gated-15","ffn_shexp-15","shared_expert_gate_sigmoid-15"
296,110,ADD,0,1,11,1905,"ffn_out-15","ffn_moe_out-15","ffn_shexp_gated-15"
296,113,MUL_MAT,0,5,7,1920,"hc_inject-15","blk.15.hc_ffn_inject.weight","hc_norm-15"
296,119,ADD,0,1,1,1944,"l_last-15","hc_combine-15","node_2683"
296,122,MUL,0,6,1,1955,"hc_norm-16"," (reshaped)","blk.16.hc_attn_norm.weight"
296,127,UNARY,0,31,0,2138,"hc_gate-16","node_2691",""
296,138,SCALE,0,0,2,2175,"hc_mixed-16","node_2702",""
296,184,RMS_NORM,0,1,1,3246,"norm-16","attn_output-16",""
297,5,MUL_MAT,0,270,64,656,"linear_attn_out-16","blk.16.ssm_out.weight","final_output-16"
297,9,MUL_MAT,0,7,6,672,"hc_inject-16","blk.16.hc_attn_inject.weight","hc_norm-16"
297,15,ADD,0,1,1,686,"hc_combine-16","l_last-15","node_2765"
297,18,MUL,0,7,1,697,"hc_norm-16"," (reshaped)","blk.16.hc_ffn_norm.weight"
297,23,UNARY,0,31,0,878,"hc_gate-16","node_2773",""
297,34,SCALE,0,0,2,896,"ffn_moe_inp-16","node_2784",""
297,38,ARGSORT,0,20,1,1023,"ffn_moe_argsort-16","ffn_moe_probs-16",""
297,70,ADD,0,2,1,1841,"ffn_moe_out-16","node_2820","ffn_moe_weighted-16 (view)"
297,74,MUL_MAT,0,34,9,1968,"ffn_shexp-16","blk.16.ffn_down_shexp.weight","ffn_swiglu-16"
297,77,MUL,0,3,0,1979,"ffn_shexp_gated-16","ffn_shexp-16","shared_expert_gate_sigmoid-16"
297,78,ADD,0,2,1,1982,"ffn_out-16","ffn_moe_out-16","ffn_shexp_gated-16"
297,81,MUL_MAT,0,10,3,1999,"hc_inject-16","blk.16.hc_ffn_inject.weight","hc_norm-16"
297,87,ADD,0,2,1,2012,"l_last-16","hc_combine-16","node_2837"
297,90,MUL,0,11,0,2028,"hc_norm-17"," (reshaped)","blk.17.hc_attn_norm.weight"
297,95,UNARY,0,34,1,2231,"hc_gate-17","node_2845",""
297,106,SCALE,0,0,1,2251,"hc_mixed-17","node_2856",""
297,152,RMS_NORM,0,0,1,3742,"norm-17","attn_output-17",""
298,5,MUL_MAT,0,302,9,622,"linear_attn_out-17","blk.17.ssm_out.weight","final_output-17"
298,9,MUL_MAT,0,11,0,645,"hc_inject-17","blk.17.hc_attn_inject.weight","hc_norm-17"
298,15,ADD,0,1,3,665,"hc_combine-17","l_last-16","node_2919"
298,18,MUL,0,12,1,683,"hc_norm-17"," (reshaped)","blk.17.hc_ffn_norm.weight"
298,23,UNARY,0,35,0,874,"hc_gate-17","node_2927",""
298,34,SCALE,0,0,2,893,"ffn_moe_inp-17","node_2938",""
298,38,ARGSORT,0,23,1,1021,"ffn_moe_argsort-17","ffn_moe_probs-17",""
298,70,ADD,0,1,1,2106,"ffn_moe_out-17","node_2974","ffn_moe_weighted-17 (view)"
298,74,MUL_MAT,0,34,8,2227,"ffn_shexp-17","blk.17.ffn_down_shexp.weight","ffn_swiglu-17"
298,77,MUL,0,3,0,2237,"ffn_shexp_gated-17","ffn_shexp-17","shared_expert_gate_sigmoid-17"
298,78,ADD,0,1,3,2242,"ffn_out-17","ffn_moe_out-17","ffn_shexp_gated-17"
298,81,MUL_MAT,0,18,3,2267,"hc_inject-17","blk.17.hc_ffn_inject.weight","hc_norm-17"
298,87,ADD,0,1,1,2281,"l_last-17","hc_combine-17","node_2991"
298,90,MUL,0,22,1,2309,"hc_norm-18"," (reshaped)","blk.18.hc_attn_norm.weight"
298,95,UNARY,0,34,0,2607,"hc_gate-18","node_2999",""
298,106,SCALE,0,1,1,2627,"hc_mixed-18","node_3010",""
298,152,RMS_NORM,0,0,14,4084,"norm-18","attn_output-18",""
299,5,MUL_MAT,0,353,1,689,"linear_attn_out-18","blk.18.ssm_out.weight","final_output-18"
299,9,MUL_MAT,0,10,1,709,"hc_inject-18","blk.18.hc_attn_inject.weight","hc_norm-18"
299,15,ADD,0,3,1,724,"hc_combine-18","l_last-17","node_3073"
299,18,MUL,0,9,1,739,"hc_norm-18"," (reshaped)","blk.18.hc_ffn_norm.weight"
299,23,UNARY,0,34,0,945,"hc_gate-18","node_3081",""
299,34,SCALE,0,0,1,965,"ffn_moe_inp-18","node_3092",""
299,38,ARGSORT,0,22,1,1112,"ffn_moe_argsort-18","ffn_moe_probs-18",""
299,70,ADD,0,2,0,1824,"ffn_moe_out-18","node_3128","ffn_moe_weighted-18 (view)"
299,74,MUL_MAT,0,33,4,1945,"ffn_shexp-18","blk.18.ffn_down_shexp.weight","ffn_swiglu-18"
299,77,MUL,0,3,1,1979,"ffn_shexp_gated-18","ffn_shexp-18","shared_expert_gate_sigmoid-18"
299,78,ADD,0,2,0,1981,"ffn_out-18","ffn_moe_out-18","ffn_shexp_gated-18"
299,81,MUL_MAT,0,9,1,1995,"hc_inject-18","blk.18.hc_ffn_inject.weight","hc_norm-18"
299,87,ADD,0,2,0,2008,"l_last-18","hc_combine-18","node_3145"
299,90,MUL,0,9,0,2022,"hc_norm-19"," (reshaped)","blk.19.hc_attn_norm.weight"
299,95,UNARY,0,34,1,2205,"hc_gate-19","node_3153",""
299,106,SCALE,0,0,2,2224,"hc_mixed-19","node_3164",""
299,151,RMS_NORM,0,10,1,3134,"norm-19","indexer_k_pooled-19 (reshaped)",""
300,38,MUL_MAT,0,371,70,674,"attn_output-19","blk.19.attn_output.weight","attn_gated-19"
300,41,MUL_MAT,0,14,4,697,"hc_inject-19","blk.19.hc_attn_inject.weight","hc_norm-19"
300,47,ADD,0,2,12,736,"hc_combine-19","l_last-18","node_3260"
300,50,MUL,0,8,0,750,"hc_norm-19"," (reshaped)","blk.19.hc_ffn_norm.weight"
300,55,UNARY,0,41,1,966,"hc_gate-19","node_3268",""
300,66,SCALE,0,0,2,985,"ffn_moe_inp-19","node_3279",""
300,70,ARGSORT,0,22,1,1118,"ffn_moe_argsort-19","ffn_moe_probs-19",""
300,102,ADD,0,1,1,1798,"ffn_moe_out-19","node_3315","ffn_moe_weighted-19 (view)"
300,106,MUL_MAT,0,33,2,1914,"ffn_shexp-19","blk.19.ffn_down_shexp.weight","ffn_swiglu-19"
300,109,MUL,0,3,0,1923,"ffn_shexp_gated-19","ffn_shexp-19","shared_expert_gate_sigmoid-19"
300,110,ADD,0,1,0,1925,"ffn_out-19","ffn_moe_out-19","ffn_shexp_gated-19"
300,113,MUL_MAT,0,8,5,1942,"hc_inject-19","blk.19.hc_ffn_inject.weight","hc_norm-19"
300,119,ADD,0,2,1,1955,"l_last-19","hc_combine-19","node_3332"
300,122,MUL,0,8,1,1968,"hc_norm-20"," (reshaped)","blk.20.hc_attn_norm.weight"
300,127,UNARY,0,33,1,2161,"hc_gate-20","node_3340",""
300,138,SCALE,0,0,2,2179,"hc_mixed-20","node_3351",""
300,184,RMS_NORM,0,1,11,3501,"norm-20","attn_output-20",""
301,5,MUL_MAT,0,339,5,670,"linear_attn_out-20","blk.20.ssm_out.weight","final_output-20"
301,9,MUL_MAT,0,18,4,699,"hc_inject-20","blk.20.hc_attn_inject.weight","hc_norm-20"
301,15,ADD,0,2,0,720,"hc_combine-20","l_last-19","node_3414"
301,18,MUL,0,11,1,737,"hc_norm-20"," (reshaped)","blk.20.hc_ffn_norm.weight"
301,23,UNARY,0,38,1,943,"hc_gate-20","node_3422",""
301,34,SCALE,0,0,10,978,"ffn_moe_inp-20","node_3433",""
301,38,ARGSORT,0,21,1,1127,"ffn_moe_argsort-20","ffn_moe_probs-20",""
301,70,ADD,0,2,0,1871,"ffn_moe_out-20","node_3469","ffn_moe_weighted-20 (view)"
301,74,MUL_MAT,0,41,2,1996,"ffn_shexp-20","blk.20.ffn_down_shexp.weight","ffn_swiglu-20"
301,77,MUL,0,4,0,2015,"ffn_shexp_gated-20","ffn_shexp-20","shared_expert_gate_sigmoid-20"
301,78,ADD,0,2,0,2017,"ffn_out-20","ffn_moe_out-20","ffn_shexp_gated-20"
301,81,MUL_MAT,0,10,5,2039,"hc_inject-20","blk.20.hc_ffn_inject.weight","hc_norm-20"
301,87,ADD,0,1,1,2053,"l_last-20","hc_combine-20","node_3486"
301,90,MUL,0,15,1,2073,"hc_norm-21"," (reshaped)","blk.21.hc_attn_norm.weight"
301,95,UNARY,0,36,1,2289,"hc_gate-21","node_3494",""
301,106,SCALE,0,0,1,2309,"hc_mixed-21","node_3505",""
301,152,RMS_NORM,0,1,10,3718,"norm-21","attn_output-21",""
302,5,MUL_MAT,0,310,32,667,"linear_attn_out-21","blk.21.ssm_out.weight","final_output-21"
302,9,MUL_MAT,0,9,4,686,"hc_inject-21","blk.21.hc_attn_inject.weight","hc_norm-21"
302,15,ADD,0,2,0,699,"hc_combine-21","l_last-20","node_3568"
302,18,MUL,0,9,1,716,"hc_norm-21"," (reshaped)","blk.21.hc_ffn_norm.weight"
302,23,UNARY,0,35,1,906,"hc_gate-21","node_3576",""
302,34,SCALE,0,0,2,929,"ffn_moe_inp-21","node_3587",""
302,38,ARGSORT,0,24,1,1064,"ffn_moe_argsort-21","ffn_moe_probs-21",""
302,70,ADD,0,2,1,1764,"ffn_moe_out-21","node_3623","ffn_moe_weighted-21 (view)"
302,74,MUL_MAT,0,44,1,1894,"ffn_shexp-21","blk.21.ffn_down_shexp.weight","ffn_swiglu-21"
302,77,MUL,0,4,0,1906,"ffn_shexp_gated-21","ffn_shexp-21","shared_expert_gate_sigmoid-21"
302,78,ADD,0,2,0,1908,"ffn_out-21","ffn_moe_out-21","ffn_shexp_gated-21"
302,81,MUL_MAT,0,13,3,1934,"hc_inject-21","blk.21.hc_ffn_inject.weight","hc_norm-21"
302,87,ADD,0,1,1,1948,"l_last-21","hc_combine-21","node_3640"
302,90,MUL,0,13,1,1967,"hc_norm-22"," (reshaped)","blk.22.hc_attn_norm.weight"
302,95,UNARY,0,51,1,2199,"hc_gate-22","node_3648",""
302,106,SCALE,0,2,10,2229,"hc_mixed-22","node_3659",""
302,152,RMS_NORM,0,0,2,3805,"norm-22","attn_output-22",""
303,5,MUL_MAT,0,332,4,670,"linear_attn_out-22","blk.22.ssm_out.weight","final_output-22"
303,9,MUL_MAT,0,9,0,685,"hc_inject-22","blk.22.hc_attn_inject.weight","hc_norm-22"
303,15,ADD,0,2,0,916,"hc_combine-22","l_last-21","node_3722"
303,18,MUL,0,8,0,937,"hc_norm-22"," (reshaped)","blk.22.hc_ffn_norm.weight"
303,23,UNARY,0,34,0,1132,"hc_gate-22","node_3730",""
303,34,SCALE,0,1,1,1157,"ffn_moe_inp-22","node_3741",""
303,38,ARGSORT,0,23,0,1298,"ffn_moe_argsort-22","ffn_moe_probs-22",""
303,70,ADD,0,1,0,1984,"ffn_moe_out-22","node_3777","ffn_moe_weighted-22 (view)"
303,74,MUL_MAT,0,21,16,2103,"ffn_shexp-22","blk.22.ffn_down_shexp.weight","ffn_swiglu-22"
303,77,MUL,0,1,1,2113,"ffn_shexp_gated-22","ffn_shexp-22","shared_expert_gate_sigmoid-22"
303,78,ADD,0,1,1,2115,"ffn_out-22","ffn_moe_out-22","ffn_shexp_gated-22"
303,81,MUL_MAT,0,6,7,2131,"hc_inject-22","blk.22.hc_ffn_inject.weight","hc_norm-22"
303,87,ADD,0,1,2,2145,"l_last-22","hc_combine-22","node_3794"
303,90,MUL,0,6,0,2155,"hc_norm-23"," (reshaped)","blk.23.hc_attn_norm.weight"
303,95,UNARY,0,21,0,2332,"hc_gate-23","node_3802",""
303,106,SCALE,0,0,2,2353,"hc_mixed-23","node_3813",""
303,151,RMS_NORM,0,5,0,3108,"norm-23","indexer_k_pooled-23 (reshaped)",""
304,38,MUL_MAT,0,268,90,600,"attn_output-23","blk.23.attn_output.weight","attn_gated-23"
304,41,MUL_MAT,0,8,21,632,"hc_inject-23","blk.23.hc_attn_inject.weight","hc_norm-23"
304,47,ADD,0,2,0,684,"hc_combine-23","l_last-22","node_3909"
304,50,MUL,0,5,0,693,"hc_norm-23"," (reshaped)","blk.23.hc_ffn_norm.weight"
304,55,UNARY,0,21,0,862,"hc_gate-23","node_3917",""
304,66,SCALE,0,0,11,889,"ffn_moe_inp-23","node_3928",""
304,70,ARGSORT,0,18,0,1021,"ffn_moe_argsort-23","ffn_moe_probs-23",""
304,102,ADD,0,1,1,1651,"ffn_moe_out-23","node_3964","ffn_moe_weighted-23 (view)"
304,106,MUL_MAT,0,18,23,1765,"ffn_shexp-23","blk.23.ffn_down_shexp.weight","ffn_swiglu-23"
304,109,MUL,0,1,1,1774,"ffn_shexp_gated-23","ffn_shexp-23","shared_expert_gate_sigmoid-23"
304,110,ADD,0,1,8,1783,"ffn_out-23","ffn_moe_out-23","ffn_shexp_gated-23"
304,113,MUL_MAT,0,6,2,1800,"hc_inject-23","blk.23.hc_ffn_inject.weight","hc_norm-23"
304,119,ADD,0,2,1,1814,"l_last-23","hc_combine-23","node_3981"
304,122,MUL,0,5,0,1822,"hc_norm-24"," (reshaped)","blk.24.hc_attn_norm.weight"
304,127,UNARY,0,20,1,1994,"hc_gate-24","node_3989",""
304,138,SCALE,0,0,1,2016,"hc_mixed-24","node_4000",""
304,184,RMS_NORM,0,0,1,2995,"norm-24","attn_output-24",""
305,5,MUL_MAT,0,177,161,649,"linear_attn_out-24","blk.24.ssm_out.weight","final_output-24"
305,9,MUL_MAT,0,6,3,661,"hc_inject-24","blk.24.hc_attn_inject.weight","hc_norm-24"
305,15,ADD,0,2,4,679,"hc_combine-24","l_last-23","node_4063"
305,18,MUL,0,6,0,688,"hc_norm-24"," (reshaped)","blk.24.hc_ffn_norm.weight"
305,23,UNARY,0,22,0,863,"hc_gate-24","node_4071",""
305,34,SCALE,0,0,1,965,"ffn_moe_inp-24","node_4082",""
305,38,ARGSORT,0,19,0,1090,"ffn_moe_argsort-24","ffn_moe_probs-24",""
305,70,ADD,0,1,1,1816,"ffn_moe_out-24","node_4118","ffn_moe_weighted-24 (view)"
305,74,MUL_MAT,0,27,12,1950,"ffn_shexp-24","blk.24.ffn_down_shexp.weight","ffn_swiglu-24"
305,77,MUL,0,3,1,1959,"ffn_shexp_gated-24","ffn_shexp-24","shared_expert_gate_sigmoid-24"
305,78,ADD,0,1,1,1961,"ffn_out-24","ffn_moe_out-24","ffn_shexp_gated-24"
305,81,MUL_MAT,0,8,2,1974,"hc_inject-24","blk.24.hc_ffn_inject.weight","hc_norm-24"
305,87,ADD,0,1,1,1986,"l_last-24","hc_combine-24","node_4135"
305,90,MUL,0,8,0,1998,"hc_norm-25"," (reshaped)","blk.25.hc_attn_norm.weight"
305,95,UNARY,0,22,0,2189,"hc_gate-25","node_4143",""
305,106,SCALE,0,0,1,2222,"hc_mixed-25","node_4154",""
305,152,RMS_NORM,0,1,2,3262,"norm-25","attn_output-25",""
306,5,MUL_MAT,0,168,152,637,"linear_attn_out-25","blk.25.ssm_out.weight","final_output-25"
306,9,MUL_MAT,0,7,2,649,"hc_inject-25","blk.25.hc_attn_inject.weight","hc_norm-25"
306,15,ADD,0,2,1,662,"hc_combine-25","l_last-24","node_4217"
306,18,MUL,0,5,0,671,"hc_norm-25"," (reshaped)","blk.25.hc_ffn_norm.weight"
306,23,UNARY,0,21,0,841,"hc_gate-25","node_4225",""
306,34,SCALE,0,0,2,867,"ffn_moe_inp-25","node_4236",""
306,38,ARGSORT,0,21,1,1086,"ffn_moe_argsort-25","ffn_moe_probs-25",""
306,70,ADD,0,1,6,1955,"ffn_moe_out-25","node_4272","ffn_moe_weighted-25 (view)"
306,74,MUL_MAT,0,30,13,2114,"ffn_shexp-25","blk.25.ffn_down_shexp.weight","ffn_swiglu-25"
306,77,MUL,0,2,0,2123,"ffn_shexp_gated-25","ffn_shexp-25","shared_expert_gate_sigmoid-25"
306,78,ADD,0,1,0,2125,"ffn_out-25","ffn_moe_out-25","ffn_shexp_gated-25"
306,81,MUL_MAT,0,16,3,2147,"hc_inject-25","blk.25.hc_ffn_inject.weight","hc_norm-25"
306,87,ADD,0,2,1,2160,"l_last-25","hc_combine-25","node_4289"
306,90,MUL,0,7,0,2170,"hc_norm-26"," (reshaped)","blk.26.hc_attn_norm.weight"
306,95,UNARY,0,31,0,2367,"hc_gate-26","node_4297",""
306,106,SCALE,0,0,1,2383,"hc_mixed-26","node_4308",""
306,152,RMS_NORM,0,0,1,3624,"norm-26","attn_output-26",""
307,5,MUL_MAT,0,268,59,653,"linear_attn_out-26","blk.26.ssm_out.weight","final_output-26"
307,9,MUL_MAT,0,8,1,665,"hc_inject-26","blk.26.hc_attn_inject.weight","hc_norm-26"
307,15,ADD,0,2,1,678,"hc_combine-26","l_last-25","node_4371"
307,18,MUL,0,18,0,700,"hc_norm-26"," (reshaped)","blk.26.hc_ffn_norm.weight"
307,23,UNARY,0,31,0,881,"hc_gate-26","node_4379",""
307,34,SCALE,0,1,8,920,"ffn_moe_inp-26","node_4390",""
307,38,ARGSORT,0,20,0,1049,"ffn_moe_argsort-26","ffn_moe_probs-26",""
307,70,ADD,0,1,0,1702,"ffn_moe_out-26","node_4426","ffn_moe_weighted-26 (view)"
307,74,MUL_MAT,0,31,7,1821,"ffn_shexp-26","blk.26.ffn_down_shexp.weight","ffn_swiglu-26"
307,77,MUL,0,2,0,1829,"ffn_shexp_gated-26","ffn_shexp-26","shared_expert_gate_sigmoid-26"
307,78,ADD,0,1,1,1831,"ffn_out-26","ffn_moe_out-26","ffn_shexp_gated-26"
307,81,MUL_MAT,0,7,4,1845,"hc_inject-26","blk.26.hc_ffn_inject.weight","hc_norm-26"
307,87,ADD,0,1,1,1859,"l_last-26","hc_combine-26","node_4443"
307,90,MUL,0,7,0,1869,"hc_norm-27"," (reshaped)","blk.27.hc_attn_norm.weight"
307,95,UNARY,0,31,0,2062,"hc_gate-27","node_4451",""
307,106,SCALE,0,0,2,2080,"hc_mixed-27","node_4462",""
307,151,RMS_NORM,0,5,5,2911,"norm-27","indexer_k_pooled-27 (reshaped)",""
308,38,MUL_MAT,0,294,43,563,"attn_output-27","blk.27.attn_output.weight","attn_gated-27"
308,41,MUL_MAT,0,14,4,686,"hc_inject-27","blk.27.hc_attn_inject.weight","hc_norm-27"
308,47,ADD,0,1,2,718,"hc_combine-27","l_last-26","node_4558"
308,50,MUL,0,7,0,732,"hc_norm-27"," (reshaped)","blk.27.hc_ffn_norm.weight"
308,55,UNARY,0,31,0,1018,"hc_gate-27","node_4566",""
308,66,SCALE,0,0,2,1034,"ffn_moe_inp-27","node_4577",""
308,70,ARGSORT,0,20,1,1156,"ffn_moe_argsort-27","ffn_moe_probs-27",""
308,102,ADD,0,1,0,1783,"ffn_moe_out-27","node_4613","ffn_moe_weighted-27 (view)"
308,106,MUL_MAT,0,29,6,1888,"ffn_shexp-27","blk.27.ffn_down_shexp.weight","ffn_swiglu-27"
308,109,MUL,0,2,1,1906,"ffn_shexp_gated-27","ffn_shexp-27","shared_expert_gate_sigmoid-27"
308,110,ADD,0,1,1,1908,"ffn_out-27","ffn_moe_out-27","ffn_shexp_gated-27"
308,113,MUL_MAT,0,7,11,1928,"hc_inject-27","blk.27.hc_ffn_inject.weight","hc_norm-27"
308,119,ADD,0,1,6,1945,"l_last-27","hc_combine-27","node_4630"
308,122,MUL,0,7,0,1955,"hc_norm-28"," (reshaped)","blk.28.hc_attn_norm.weight"
308,127,UNARY,0,31,0,2136,"hc_gate-28","node_4638",""
308,138,SCALE,0,0,2,2152,"hc_mixed-28","node_4649",""
308,184,RMS_NORM,0,0,3,3156,"norm-28","attn_output-28",""
309,5,MUL_MAT,0,267,62,648,"linear_attn_out-28","blk.28.ssm_out.weight","final_output-28"
309,9,MUL_MAT,0,6,2,660,"hc_inject-28","blk.28.hc_attn_inject.weight","hc_norm-28"
309,15,ADD,0,1,1,673,"hc_combine-28","l_last-27","node_4712"
309,18,MUL,0,5,1,683,"hc_norm-28"," (reshaped)","blk.28.hc_ffn_norm.weight"
309,23,UNARY,0,31,0,963,"hc_gate-28","node_4720",""
309,34,SCALE,0,1,0,979,"ffn_moe_inp-28","node_4731",""
309,38,ARGSORT,0,20,0,1121,"ffn_moe_argsort-28","ffn_moe_probs-28",""
309,70,ADD,0,2,0,1858,"ffn_moe_out-28","node_4767","ffn_moe_weighted-28 (view)"
309,74,MUL_MAT,0,37,2,1990,"ffn_shexp-28","blk.28.ffn_down_shexp.weight","ffn_swiglu-28"
309,77,MUL,0,3,1,2001,"ffn_shexp_gated-28","ffn_shexp-28","shared_expert_gate_sigmoid-28"
309,78,ADD,0,2,0,2003,"ffn_out-28","ffn_moe_out-28","ffn_shexp_gated-28"
309,81,MUL_MAT,0,13,1,2021,"hc_inject-28","blk.28.hc_ffn_inject.weight","hc_norm-28"
309,87,ADD,0,2,1,2038,"l_last-28","hc_combine-28","node_4784"
309,90,MUL,0,8,1,2052,"hc_norm-29"," (reshaped)","blk.29.hc_attn_norm.weight"
309,95,UNARY,0,34,0,2267,"hc_gate-29","node_4792",""
309,106,SCALE,0,0,1,2288,"hc_mixed-29","node_4803",""
309,152,RMS_NORM,0,1,11,3606,"norm-29","attn_output-29",""
310,5,MUL_MAT,0,318,1,619,"linear_attn_out-29","blk.29.ssm_out.weight","final_output-29"
310,9,MUL_MAT,0,12,1,637,"hc_inject-29","blk.29.hc_attn_inject.weight","hc_norm-29"
310,15,ADD,0,8,0,673,"hc_combine-29","l_last-28","node_4866"
310,18,MUL,0,8,1,687,"hc_norm-29"," (reshaped)","blk.29.hc_ffn_norm.weight"
310,23,UNARY,0,34,1,876,"hc_gate-29","node_4874",""
310,34,SCALE,0,0,2,902,"ffn_moe_inp-29","node_4885",""
310,38,ARGSORT,0,23,0,1039,"ffn_moe_argsort-29","ffn_moe_probs-29",""
310,70,ADD,0,1,0,1799,"ffn_moe_out-29","node_4921","ffn_moe_weighted-29 (view)"
310,74,MUL_MAT,0,30,7,1911,"ffn_shexp-29","blk.29.ffn_down_shexp.weight","ffn_swiglu-29"
310,77,MUL,0,2,0,1941,"ffn_shexp_gated-29","ffn_shexp-29","shared_expert_gate_sigmoid-29"
310,78,ADD,0,1,1,1943,"ffn_out-29","ffn_moe_out-29","ffn_shexp_gated-29"
310,81,MUL_MAT,0,6,1,1962,"hc_inject-29","blk.29.hc_ffn_inject.weight","hc_norm-29"
310,87,ADD,0,2,7,1996,"l_last-29","hc_combine-29","node_4938"
310,90,MUL,0,7,0,2015,"hc_norm-30"," (reshaped)","blk.30.hc_attn_norm.weight"
310,95,UNARY,0,30,1,2217,"hc_gate-30","node_4946",""
310,106,SCALE,0,0,1,2232,"hc_mixed-30","node_4957",""
310,152,RMS_NORM,0,0,3,3427,"norm-30","attn_output-30",""
311,5,MUL_MAT,0,281,49,651,"linear_attn_out-30","blk.30.ssm_out.weight","final_output-30"
311,9,MUL_MAT,0,8,3,665,"hc_inject-30","blk.30.hc_attn_inject.weight","hc_norm-30"
311,15,ADD,0,2,1,689,"hc_combine-30","l_last-29","node_5020"
311,18,MUL,0,6,0,698,"hc_norm-30"," (reshaped)","blk.30.hc_ffn_norm.weight"
311,23,UNARY,0,31,0,890,"hc_gate-30","node_5028",""
311,34,SCALE,0,0,1,907,"ffn_moe_inp-30","node_5039",""
311,38,ARGSORT,0,21,0,1039,"ffn_moe_argsort-30","ffn_moe_probs-30",""
311,70,ADD,0,1,0,1840,"ffn_moe_out-30","node_5075","ffn_moe_weighted-30 (view)"
311,74,MUL_MAT,0,28,8,1953,"ffn_shexp-30","blk.30.ffn_down_shexp.weight","ffn_swiglu-30"
311,77,MUL,0,2,12,1979,"ffn_shexp_gated-30","ffn_shexp-30","shared_expert_gate_sigmoid-30"
311,78,ADD,0,1,1,1982,"ffn_out-30","ffn_moe_out-30","ffn_shexp_gated-30"
311,81,MUL_MAT,0,16,2,2003,"hc_inject-30","blk.30.hc_ffn_inject.weight","hc_norm-30"
311,87,ADD,0,3,0,2016,"l_last-30","hc_combine-30","node_5092"
311,90,MUL,0,6,0,2026,"hc_norm-31"," (reshaped)","blk.31.hc_attn_norm.weight"
311,95,UNARY,0,30,1,2205,"hc_gate-31","node_5100",""
311,106,SCALE,0,0,2,2222,"hc_mixed-31","node_5111",""
311,151,RMS_NORM,0,5,0,2980,"norm-31","indexer_k_pooled-31 (reshaped)",""
312,38,MUL_MAT,0,275,68,567,"attn_output-31","blk.31.attn_output.weight","attn_gated-31"
312,41,MUL_MAT,0,39,2,615,"hc_inject-31","blk.31.hc_attn_inject.weight","hc_norm-31"
312,47,ADD,0,2,6,638,"hc_combine-31","l_last-30","node_5207"
312,50,MUL,0,7,15,667,"hc_norm-31"," (reshaped)","blk.31.hc_ffn_norm.weight"
312,55,UNARY,0,20,1,930,"hc_gate-31","node_5215",""
312,66,SCALE,0,0,2,960,"ffn_moe_inp-31","node_5226",""
312,70,ARGSORT,0,17,1,1076,"ffn_moe_argsort-31","ffn_moe_probs-31",""
312,102,ADD,0,1,0,1685,"ffn_moe_out-31","node_5262","ffn_moe_weighted-31 (view)"
312,106,MUL_MAT,0,16,24,1809,"ffn_shexp-31","blk.31.ffn_down_shexp.weight","ffn_swiglu-31"
312,109,MUL,0,1,1,1825,"ffn_shexp_gated-31","ffn_shexp-31","shared_expert_gate_sigmoid-31"
312,110,ADD,0,1,0,1826,"ffn_out-31","ffn_moe_out-31","ffn_shexp_gated-31"
312,113,MUL_MAT,0,5,5,1839,"hc_inject-31","blk.31.hc_ffn_inject.weight","hc_norm-31"
312,119,ADD,0,2,0,1850,"l_last-31","hc_combine-31","node_5279"
312,122,MUL,0,5,0,1860,"hc_norm-32"," (reshaped)","blk.32.hc_attn_norm.weight"
312,127,UNARY,0,21,0,2022,"hc_gate-32","node_5287",""
312,138,SCALE,0,0,7,2043,"hc_mixed-32","node_5298",""
312,184,RMS_NORM,0,1,1,3020,"norm-32","attn_output-32",""
313,5,MUL_MAT,0,193,132,636,"linear_attn_out-32","blk.32.ssm_out.weight","final_output-32"
313,9,MUL_MAT,0,6,5,650,"hc_inject-32","blk.32.hc_attn_inject.weight","hc_norm-32"
313,15,ADD,0,2,1,663,"hc_combine-32","l_last-31","node_5361"
313,18,MUL,0,6,0,673,"hc_norm-32"," (reshaped)","blk.32.hc_ffn_norm.weight"
313,23,UNARY,0,21,0,835,"hc_gate-32","node_5369",""
313,34,SCALE,0,0,1,854,"ffn_moe_inp-32","node_5380",""
313,38,ARGSORT,0,18,0,976,"ffn_moe_argsort-32","ffn_moe_probs-32",""
313,70,ADD,0,1,0,1673,"ffn_moe_out-32","node_5416","ffn_moe_weighted-32 (view)"
313,74,MUL_MAT,0,27,18,1802,"ffn_shexp-32","blk.32.ffn_down_shexp.weight","ffn_swiglu-32"
313,77,MUL,0,1,1,1810,"ffn_shexp_gated-32","ffn_shexp-32","shared_expert_gate_sigmoid-32"
313,78,ADD,0,0,1,1811,"ffn_out-32","ffn_moe_out-32","ffn_shexp_gated-32"
313,81,MUL_MAT,0,4,5,1823,"hc_inject-32","blk.32.hc_ffn_inject.weight","hc_norm-32"
313,87,ADD,0,2,1,1842,"l_last-32","hc_combine-32","node_5433"
313,90,MUL,0,5,0,1851,"hc_norm-33"," (reshaped)","blk.33.hc_attn_norm.weight"
313,95,UNARY,0,32,0,2051,"hc_gate-33","node_5441",""
313,106,SCALE,0,0,1,2067,"hc_mixed-33","node_5452",""
313,152,RMS_NORM,0,0,12,3128,"norm-33","attn_output-33",""
314,5,MUL_MAT,0,301,19,651,"linear_attn_out-33","blk.33.ssm_out.weight","final_output-33"
314,9,MUL_MAT,0,8,2,666,"hc_inject-33","blk.33.hc_attn_inject.weight","hc_norm-33"
314,15,ADD,0,2,1,682,"hc_combine-33","l_last-32","node_5515"
314,18,MUL,0,9,0,695,"hc_norm-33"," (reshaped)","blk.33.hc_ffn_norm.weight"
314,23,UNARY,0,21,0,1006,"hc_gate-33","node_5523",""
314,34,SCALE,0,0,1,1080,"ffn_moe_inp-33","node_5534",""
314,38,ARGSORT,0,21,1,1221,"ffn_moe_argsort-33","ffn_moe_probs-33",""
314,70,ADD,0,1,1,2024,"ffn_moe_out-33","node_5570","ffn_moe_weighted-33 (view)"
314,74,MUL_MAT,0,32,12,2169,"ffn_shexp-33","blk.33.ffn_down_shexp.weight","ffn_swiglu-33"
314,77,MUL,0,2,0,2182,"ffn_shexp_gated-33","ffn_shexp-33","shared_expert_gate_sigmoid-33"
314,78,ADD,0,1,0,2184,"ffn_out-33","ffn_moe_out-33","ffn_shexp_gated-33"
314,81,MUL_MAT,0,5,3,2195,"hc_inject-33","blk.33.hc_ffn_inject.weight","hc_norm-33"
314,87,ADD,0,1,1,2206,"l_last-33","hc_combine-33","node_5587"
314,90,MUL,0,6,0,2216,"hc_norm-34"," (reshaped)","blk.34.hc_attn_norm.weight"
314,95,UNARY,0,30,0,2404,"hc_gate-34","node_5595",""
314,106,SCALE,0,0,1,2420,"hc_mixed-34","node_5606",""
314,152,RMS_NORM,0,0,1,3485,"norm-34","attn_output-34",""
315,5,MUL_MAT,0,273,54,644,"linear_attn_out-34","blk.34.ssm_out.weight","final_output-34"
315,9,MUL_MAT,0,17,3,668,"hc_inject-34","blk.34.hc_attn_inject.weight","hc_norm-34"
315,15,ADD,0,2,1,680,"hc_combine-34","l_last-33","node_5669"
315,18,MUL,0,6,1,691,"hc_norm-34"," (reshaped)","blk.34.hc_ffn_norm.weight"
315,23,UNARY,0,31,0,875,"hc_gate-34","node_5677",""
315,34,SCALE,0,0,1,889,"ffn_moe_inp-34","node_5688",""
315,38,ARGSORT,0,21,0,1026,"ffn_moe_argsort-34","ffn_moe_probs-34",""
315,70,ADD,0,1,1,1765,"ffn_moe_out-34","node_5724","ffn_moe_weighted-34 (view)"
315,74,MUL_MAT,0,34,6,1886,"ffn_shexp-34","blk.34.ffn_down_shexp.weight","ffn_swiglu-34"
315,77,MUL,0,3,0,1896,"ffn_shexp_gated-34","ffn_shexp-34","shared_expert_gate_sigmoid-34"
315,78,ADD,0,1,0,1898,"ffn_out-34","ffn_moe_out-34","ffn_shexp_gated-34"
315,81,MUL_MAT,0,8,5,1916,"hc_inject-34","blk.34.hc_ffn_inject.weight","hc_norm-34"
315,87,ADD,0,1,1,1967,"l_last-34","hc_combine-34","node_5741"
315,90,MUL,0,8,1,1981,"hc_norm-35"," (reshaped)","blk.35.hc_attn_norm.weight"
315,95,UNARY,0,33,0,2301,"hc_gate-35","node_5749",""
315,106,SCALE,0,0,1,2319,"hc_mixed-35","node_5760",""
315,151,RMS_NORM,0,8,1,3074,"norm-35","indexer_k_pooled-35 (reshaped)",""
316,38,MUL_MAT,0,300,14,526,"attn_output-35","blk.35.attn_output.weight","attn_gated-35"
316,41,MUL_MAT,0,7,4,557,"hc_inject-35","blk.35.hc_attn_inject.weight","hc_norm-35"
316,47,ADD,0,2,0,569,"hc_combine-35","l_last-34","node_5856"
316,50,MUL,0,8,0,582,"hc_norm-35"," (reshaped)","blk.35.hc_ffn_norm.weight"
316,55,UNARY,0,33,0,762,"hc_gate-35","node_5864",""
316,66,SCALE,0,0,1,793,"ffn_moe_inp-35","node_5875",""
316,70,ARGSORT,0,22,0,914,"ffn_moe_argsort-35","ffn_moe_probs-35",""
316,102,ADD,0,2,0,1560,"ffn_moe_out-35","node_5911","ffn_moe_weighted-35 (view)"
316,106,MUL_MAT,0,33,0,1663,"ffn_shexp-35","blk.35.ffn_down_shexp.weight","ffn_swiglu-35"
316,109,MUL,0,3,1,1673,"ffn_shexp_gated-35","ffn_shexp-35","shared_expert_gate_sigmoid-35"
316,110,ADD,0,1,1,1675,"ffn_out-35","ffn_moe_out-35","ffn_shexp_gated-35"
316,113,MUL_MAT,0,8,3,1690,"hc_inject-35","blk.35.hc_ffn_inject.weight","hc_norm-35"
316,119,ADD,0,1,1,1711,"l_last-35","hc_combine-35","node_5928"
316,122,MUL,0,9,0,1724,"hc_norm-36"," (reshaped)","blk.36.hc_attn_norm.weight"
316,127,UNARY,0,34,0,1916,"hc_gate-36","node_5936",""
316,138,SCALE,0,0,2,1948,"hc_mixed-36","node_5947",""
316,184,RMS_NORM,0,0,1,3372,"norm-36","attn_output-36",""
317,5,MUL_MAT,0,317,12,909,"linear_attn_out-36","blk.36.ssm_out.weight","final_output-36"
317,9,MUL_MAT,0,11,2,927,"hc_inject-36","blk.36.hc_attn_inject.weight","hc_norm-36"
317,15,ADD,0,2,0,947,"hc_combine-36","l_last-35","node_6010"
317,18,MUL,0,9,0,960,"hc_norm-36"," (reshaped)","blk.36.hc_ffn_norm.weight"
317,23,UNARY,0,34,0,1158,"hc_gate-36","node_6018",""
317,34,SCALE,0,1,1,1181,"ffn_moe_inp-36","node_6029",""
317,38,ARGSORT,0,23,0,1323,"ffn_moe_argsort-36","ffn_moe_probs-36",""
317,70,ADD,0,1,1,1995,"ffn_moe_out-36","node_6065","ffn_moe_weighted-36 (view)"
317,74,MUL_MAT,0,32,8,2121,"ffn_shexp-36","blk.36.ffn_down_shexp.weight","ffn_swiglu-36"
317,77,MUL,0,4,6,2137,"ffn_shexp_gated-36","ffn_shexp-36","shared_expert_gate_sigmoid-36"
317,78,ADD,0,1,1,2140,"ffn_out-36","ffn_moe_out-36","ffn_shexp_gated-36"
317,81,MUL_MAT,0,9,14,2166,"hc_inject-36","blk.36.hc_ffn_inject.weight","hc_norm-36"
317,87,ADD,0,2,0,2184,"l_last-36","hc_combine-36","node_6082"
317,90,MUL,0,9,1,2199,"hc_norm-37"," (reshaped)","blk.37.hc_attn_norm.weight"
317,95,UNARY,0,35,0,2400,"hc_gate-37","node_6090",""
317,106,SCALE,0,0,2,2418,"hc_mixed-37","node_6101",""
317,152,RMS_NORM,0,0,1,3740,"norm-37","attn_output-37",""
318,5,MUL_MAT,0,332,7,674,"linear_attn_out-37","blk.37.ssm_out.weight","final_output-37"
318,9,MUL_MAT,0,12,3,694,"hc_inject-37","blk.37.hc_attn_inject.weight","hc_norm-37"
318,15,ADD,0,2,1,708,"hc_combine-37","l_last-36","node_6164"
318,18,MUL,0,9,0,722,"hc_norm-37"," (reshaped)","blk.37.hc_ffn_norm.weight"
318,23,UNARY,0,34,1,935,"hc_gate-37","node_6172",""
318,34,SCALE,0,0,1,954,"ffn_moe_inp-37","node_6183",""
318,38,ARGSORT,0,22,0,1094,"ffn_moe_argsort-37","ffn_moe_probs-37",""
318,70,ADD,0,2,1,1767,"ffn_moe_out-37","node_6219","ffn_moe_weighted-37 (view)"
318,74,MUL_MAT,0,36,2,1906,"ffn_shexp-37","blk.37.ffn_down_shexp.weight","ffn_swiglu-37"
318,77,MUL,0,3,1,1917,"ffn_shexp_gated-37","ffn_shexp-37","shared_expert_gate_sigmoid-37"
318,78,ADD,0,2,9,1928,"ffn_out-37","ffn_moe_out-37","ffn_shexp_gated-37"
318,81,MUL_MAT,0,8,5,1945,"hc_inject-37","blk.37.hc_ffn_inject.weight","hc_norm-37"
318,87,ADD,0,2,1,1958,"l_last-37","hc_combine-37","node_6236"
318,90,MUL,0,9,1,1973,"hc_norm-38"," (reshaped)","blk.38.hc_attn_norm.weight"
318,95,UNARY,0,35,0,2184,"hc_gate-38","node_6244",""
318,106,SCALE,0,0,2,2204,"hc_mixed-38","node_6255",""
318,152,RMS_NORM,0,1,2,3550,"norm-38","attn_output-38",""
319,5,MUL_MAT,0,305,5,604,"linear_attn_out-38","blk.38.ssm_out.weight","final_output-38"
319,9,MUL_MAT,0,9,5,623,"hc_inject-38","blk.38.hc_attn_inject.weight","hc_norm-38"
319,15,ADD,0,2,0,637,"hc_combine-38","l_last-37","node_6318"
319,18,MUL,0,8,0,650,"hc_norm-38"," (reshaped)","blk.38.hc_ffn_norm.weight"
319,23,UNARY,0,34,0,835,"hc_gate-38","node_6326",""
319,34,SCALE,0,0,2,863,"ffn_moe_inp-38","node_6337",""
319,38,ARGSORT,0,21,1,997,"ffn_moe_argsort-38","ffn_moe_probs-38",""
319,70,ADD,0,2,1,1702,"ffn_moe_out-38","node_6373","ffn_moe_weighted-38 (view)"
319,74,MUL_MAT,0,37,2,1838,"ffn_shexp-38","blk.38.ffn_down_shexp.weight","ffn_swiglu-38"
319,77,MUL,0,3,0,1848,"ffn_shexp_gated-38","ffn_shexp-38","shared_expert_gate_sigmoid-38"
319,78,ADD,0,1,8,1858,"ffn_out-38","ffn_moe_out-38","ffn_shexp_gated-38"
319,81,MUL_MAT,0,8,7,1878,"hc_inject-38","blk.38.hc_ffn_inject.weight","hc_norm-38"
319,87,ADD,0,2,0,1892,"l_last-38","hc_combine-38","node_6390"
320,0,GET_ROWS,0,3,1,5,"model.input_embed","token_embd.weight","inp_tokens"
320,2,REPEAT,0,5,1,11,"hc_init","model.input_embed (reshaped)",""
320,5,MUL,0,13,0,29,"hc_norm-0"," (reshaped)","blk.0.hc_attn_norm.weight"
320,10,UNARY,0,34,1,222,"hc_gate-0","node_9",""
320,21,SCALE,0,1,1,239,"hc_mixed-0","node_20",""
320,69,RMS_NORM,0,1,1,1557,"norm-0","attn_output-0",""
321,5,MUL_MAT,0,324,1,649,"linear_attn_out-0","blk.0.ssm_out.weight","final_output-0"
321,9,MUL_MAT,0,17,1,672,"hc_inject-0","blk.0.hc_attn_inject.weight","hc_norm-0"
321,15,ADD,0,2,0,687,"hc_combine-0","hc_init","node_85"
321,18,MUL,0,9,1,701,"hc_norm-0"," (reshaped)","blk.0.hc_ffn_norm.weight"
321,23,UNARY,0,34,0,891,"hc_gate-0","node_93",""
321,34,SCALE,0,0,2,910,"ffn_moe_inp-0","node_104",""
321,38,ARGSORT,0,22,1,1039,"ffn_moe_argsort-0","ffn_moe_probs-0",""
321,70,ADD,0,2,0,1680,"ffn_moe_out-0","node_140","ffn_moe_weighted-0 (view)"
321,93,MUL_MAT,0,33,8,2586,"ffn_shexp-0","blk.0.ffn_down_shexp.weight","ffn_swiglu-0"
321,96,MUL,0,3,1,2596,"ffn_shexp_gated-0","ffn_shexp-0","shared_expert_gate_sigmoid-0"
321,97,ADD,0,2,0,2598,"ffn_out-0","ffn_moe_out-0","ffn_shexp_gated-0"
321,100,MUL_MAT,0,11,0,2612,"hc_inject-0","blk.0.hc_ffn_inject.weight","hc_norm-0"
321,106,ADD,0,2,1,2625,"l_last-0","hc_combine-0","node_176"
321,120,UNARY,0,0,2,2674,"ple_gate-1","node_190",""
321,121,MUL,0,4,0,2678,"ple_gated_value-1","node_154","ple_gate-1"
321,174,MUL,0,10,1,3140,"hc_norm-1"," (reshaped)","blk.1.hc_attn_norm.weight"
321,179,UNARY,0,34,0,3355,"hc_gate-1","node_249",""
321,190,SCALE,0,0,2,3375,"hc_mixed-1","node_260",""
321,236,RMS_NORM,0,1,3,4795,"norm-1","attn_output-1",""
322,5,MUL_MAT,0,288,34,639,"linear_attn_out-1","blk.1.ssm_out.weight","final_output-1"
322,9,MUL_MAT,0,18,0,661,"hc_inject-1","blk.1.hc_attn_inject.weight","hc_norm-1"
322,15,ADD,0,2,14,697,"hc_combine-1","node_242","node_323"
322,18,MUL,0,8,1,710,"hc_norm-1"," (reshaped)","blk.1.hc_ffn_norm.weight"
322,23,UNARY,0,34,68,985,"hc_gate-1","node_331",""
322,34,SCALE,0,1,1,1011,"ffn_moe_inp-1","node_342",""
322,38,ARGSORT,0,23,1,1143,"ffn_moe_argsort-1","ffn_moe_probs-1",""
322,70,ADD,0,1,1,1801,"ffn_moe_out-1","node_378","ffn_moe_weighted-1 (view)"
322,74,MUL_MAT,0,34,6,1918,"ffn_shexp-1","blk.1.ffn_down_shexp.weight","ffn_swiglu-1"
322,77,MUL,0,3,1,1928,"ffn_shexp_gated-1","ffn_shexp-1","shared_expert_gate_sigmoid-1"
322,78,ADD,0,1,1,1930,"ffn_out-1","ffn_moe_out-1","ffn_shexp_gated-1"
322,81,MUL_MAT,0,15,3,1951,"hc_inject-1","blk.1.hc_ffn_inject.weight","hc_norm-1"
322,87,ADD,0,1,1,1965,"l_last-1","hc_combine-1","node_395"
322,90,MUL,0,8,1,1979,"hc_norm-2"," (reshaped)","blk.2.hc_attn_norm.weight"
322,95,UNARY,0,34,1,2176,"hc_gate-2","node_403",""
322,106,SCALE,0,0,2,2194,"hc_mixed-2","node_414",""
322,152,RMS_NORM,0,1,1,3570,"norm-2","attn_output-2",""
323,5,MUL_MAT,0,285,38,631,"linear_attn_out-2","blk.2.ssm_out.weight","final_output-2"
323,9,MUL_MAT,0,11,1,647,"hc_inject-2","blk.2.hc_attn_inject.weight","hc_norm-2"
323,15,ADD,0,1,1,661,"hc_combine-2","l_last-1","node_477"
323,18,MUL,0,8,0,673,"hc_norm-2"," (reshaped)","blk.2.hc_ffn_norm.weight"
323,23,UNARY,0,34,1,859,"hc_gate-2","node_485",""
323,34,SCALE,0,0,2,878,"ffn_moe_inp-2","node_496",""
323,38,ARGSORT,0,22,1,1005,"ffn_moe_argsort-2","ffn_moe_probs-2",""
323,70,ADD,0,1,1,2749,"ffn_moe_out-2","node_532","ffn_moe_weighted-2 (view)"
323,74,MUL_MAT,0,36,28,2895,"ffn_shexp-2","blk.2.ffn_down_shexp.weight","ffn_swiglu-2"
323,77,MUL,0,3,6,2911,"ffn_shexp_gated-2","ffn_shexp-2","shared_expert_gate_sigmoid-2"
323,78,ADD,0,2,7,2920,"ffn_out-2","ffn_moe_out-2","ffn_shexp_gated-2"
323,81,MUL_MAT,0,8,1,2933,"hc_inject-2","blk.2.hc_ffn_inject.weight","hc_norm-2"
323,87,ADD,0,1,1,2946,"l_last-2","hc_combine-2","node_549"
323,90,MUL,0,9,0,2960,"hc_norm-3"," (reshaped)","blk.3.hc_attn_norm.weight"
323,95,UNARY,0,33,0,3152,"hc_gate-3","node_557",""
323,106,SCALE,0,0,2,3170,"hc_mixed-3","node_568",""
323,151,RMS_NORM,0,8,1,3979,"norm-3","indexer_k_pooled-3 (reshaped)",""
324,38,MUL_MAT,0,351,1,573,"attn_output-3","blk.3.attn_output.weight","attn_gated-3"
324,41,MUL_MAT,0,9,1,587,"hc_inject-3","blk.3.hc_attn_inject.weight","hc_norm-3"
324,47,ADD,0,2,0,720,"hc_combine-3","l_last-2","node_664"
324,50,MUL,0,9,0,732,"hc_norm-3"," (reshaped)","blk.3.hc_ffn_norm.weight"
324,55,UNARY,0,33,1,942,"hc_gate-3","node_672",""
324,66,SCALE,0,0,2,959,"ffn_moe_inp-3","node_683",""
324,70,ARGSORT,0,21,1,1081,"ffn_moe_argsort-3","ffn_moe_probs-3",""
324,102,ADD,0,1,1,1718,"ffn_moe_out-3","node_719","ffn_moe_weighted-3 (view)"
324,106,MUL_MAT,0,33,5,1836,"ffn_shexp-3","blk.3.ffn_down_shexp.weight","ffn_swiglu-3"
324,109,MUL,0,3,1,1851,"ffn_shexp_gated-3","ffn_shexp-3","shared_expert_gate_sigmoid-3"
324,110,ADD,0,1,1,1853,"ffn_out-3","ffn_moe_out-3","ffn_shexp_gated-3"
324,113,MUL_MAT,0,14,0,1870,"hc_inject-3","blk.3.hc_ffn_inject.weight","hc_norm-3"
324,119,ADD,0,1,1,1887,"l_last-3","hc_combine-3","node_736"
324,122,MUL,0,9,1,1901,"hc_norm-4"," (reshaped)","blk.4.hc_attn_norm.weight"
324,127,UNARY,0,33,0,2080,"hc_gate-4","node_744",""
324,138,SCALE,0,0,2,2098,"hc_mixed-4","node_755",""
324,184,RMS_NORM,0,1,1,3379,"norm-4","attn_output-4",""
325,5,MUL_MAT,0,320,14,639,"linear_attn_out-4","blk.4.ssm_out.weight","final_output-4"
325,9,MUL_MAT,0,8,1,654,"hc_inject-4","blk.4.hc_attn_inject.weight","hc_norm-4"
325,15,ADD,0,2,1,675,"hc_combine-4","l_last-3","node_818"
325,18,MUL,0,9,0,687,"hc_norm-4"," (reshaped)","blk.4.hc_ffn_norm.weight"
325,23,UNARY,0,35,0,886,"hc_gate-4","node_826",""
325,34,SCALE,0,1,1,913,"ffn_moe_inp-4","node_837",""
325,38,ARGSORT,0,22,1,1052,"ffn_moe_argsort-4","ffn_moe_probs-4",""
325,70,ADD,0,1,1,2739,"ffn_moe_out-4","node_873","ffn_moe_weighted-4 (view)"
325,74,MUL_MAT,0,33,3,2853,"ffn_shexp-4","blk.4.ffn_down_shexp.weight","ffn_swiglu-4"
325,77,MUL,0,3,0,2872,"ffn_shexp_gated-4","ffn_shexp-4","shared_expert_gate_sigmoid-4"
325,78,ADD,0,1,0,2874,"ffn_out-4","ffn_moe_out-4","ffn_shexp_gated-4"
325,81,MUL_MAT,0,9,0,2887,"hc_inject-4","blk.4.hc_ffn_inject.weight","hc_norm-4"
325,87,ADD,0,2,0,2900,"l_last-4","hc_combine-4","node_890"
325,90,MUL,0,8,4,2916,"hc_norm-5"," (reshaped)","blk.5.hc_attn_norm.weight"
325,95,UNARY,0,34,0,3100,"hc_gate-5","node_898",""
325,106,SCALE,0,1,1,3118,"hc_mixed-5","node_909",""
325,152,RMS_NORM,0,1,1,4372,"norm-5","attn_output-5",""
326,5,MUL_MAT,0,306,7,620,"linear_attn_out-5","blk.5.ssm_out.weight","final_output-5"
326,9,MUL_MAT,0,8,1,634,"hc_inject-5","blk.5.hc_attn_inject.weight","hc_norm-5"
326,15,ADD,0,2,1,646,"hc_combine-5","l_last-4","node_972"
326,18,MUL,0,8,0,658,"hc_norm-5"," (reshaped)","blk.5.hc_ffn_norm.weight"
326,23,UNARY,0,34,1,847,"hc_gate-5","node_980",""
326,34,SCALE,0,0,2,866,"ffn_moe_inp-5","node_991",""
326,38,ARGSORT,0,22,0,996,"ffn_moe_argsort-5","ffn_moe_probs-5",""
326,70,ADD,0,1,1,1762,"ffn_moe_out-5","node_1027","ffn_moe_weighted-5 (view)"
326,74,MUL_MAT,0,38,7,1903,"ffn_shexp-5","blk.5.ffn_down_shexp.weight","ffn_swiglu-5"
326,77,MUL,0,3,0,1912,"ffn_shexp_gated-5","ffn_shexp-5","shared_expert_gate_sigmoid-5"
326,78,ADD,0,1,0,1914,"ffn_out-5","ffn_moe_out-5","ffn_shexp_gated-5"
326,81,MUL_MAT,0,17,0,1935,"hc_inject-5","blk.5.hc_ffn_inject.weight","hc_norm-5"
326,87,ADD,0,2,1,1954,"l_last-5","hc_combine-5","node_1044"
326,90,MUL,0,14,0,1971,"hc_norm-6"," (reshaped)","blk.6.hc_attn_norm.weight"
326,95,UNARY,0,35,0,2173,"hc_gate-6","node_1052",""
326,106,SCALE,0,0,1,2189,"hc_mixed-6","node_1063",""
326,152,RMS_NORM,0,0,101,3748,"norm-6","attn_output-6",""
327,5,MUL_MAT,0,268,62,652,"linear_attn_out-6","blk.6.ssm_out.weight","final_output-6"
327,9,MUL_MAT,0,7,5,667,"hc_inject-6","blk.6.hc_attn_inject.weight","hc_norm-6"
327,15,ADD,0,2,0,680,"hc_combine-6","l_last-5","node_1126"
327,18,MUL,0,6,1,691,"hc_norm-6"," (reshaped)","blk.6.hc_ffn_norm.weight"
327,23,UNARY,0,31,1,872,"hc_gate-6","node_1134",""
327,34,SCALE,0,0,1,910,"ffn_moe_inp-6","node_1145",""
327,38,ARGSORT,0,22,0,1032,"ffn_moe_argsort-6","ffn_moe_probs-6",""
327,70,ADD,0,1,10,2375,"ffn_moe_out-6","node_1181","ffn_moe_weighted-6 (view)"
327,74,MUL_MAT,0,33,7,2601,"ffn_shexp-6","blk.6.ffn_down_shexp.weight","ffn_swiglu-6"
327,77,MUL,0,3,0,2609,"ffn_shexp_gated-6","ffn_shexp-6","shared_expert_gate_sigmoid-6"
327,78,ADD,0,1,1,2611,"ffn_out-6","ffn_moe_out-6","ffn_shexp_gated-6"
327,81,MUL_MAT,0,7,5,2626,"hc_inject-6","blk.6.hc_ffn_inject.weight","hc_norm-6"
327,87,ADD,0,2,0,2639,"l_last-6","hc_combine-6","node_1198"
327,90,MUL,0,6,0,2656,"hc_norm-7"," (reshaped)","blk.7.hc_attn_norm.weight"
327,95,UNARY,0,31,0,2858,"hc_gate-7","node_1206",""
327,106,SCALE,0,0,2,2875,"hc_mixed-7","node_1217",""
327,151,RMS_NORM,0,5,0,3691,"norm-7","indexer_k_pooled-7 (reshaped)",""
328,38,MUL_MAT,0,184,133,513,"attn_output-7","blk.7.attn_output.weight","attn_gated-7"
328,41,MUL_MAT,0,8,3,530,"hc_inject-7","blk.7.hc_attn_inject.weight","hc_norm-7"
328,47,ADD,0,2,1,543,"hc_combine-7","l_last-6","node_1313"
328,50,MUL,0,9,0,556,"hc_norm-7"," (reshaped)","blk.7.hc_ffn_norm.weight"
328,55,UNARY,0,33,1,735,"hc_gate-7","node_1321",""
328,66,SCALE,0,0,11,762,"ffn_moe_inp-7","node_1332",""
328,70,ARGSORT,0,22,0,893,"ffn_moe_argsort-7","ffn_moe_probs-7",""
328,102,ADD,0,2,3,1522,"ffn_moe_out-7","node_1368","ffn_moe_weighted-7 (view)"
328,106,MUL_MAT,0,42,2,1648,"ffn_shexp-7","blk.7.ffn_down_shexp.weight","ffn_swiglu-7"
328,109,MUL,0,3,0,1658,"ffn_shexp_gated-7","ffn_shexp-7","shared_expert_gate_sigmoid-7"
328,110,ADD,0,2,0,1660,"ffn_out-7","ffn_moe_out-7","ffn_shexp_gated-7"
328,113,MUL_MAT,0,7,3,1681,"hc_inject-7","blk.7.hc_ffn_inject.weight","hc_norm-7"
328,119,ADD,0,2,0,1695,"l_last-7","hc_combine-7","node_1385"
328,122,MUL,0,9,0,1709,"hc_norm-8"," (reshaped)","blk.8.hc_attn_norm.weight"
328,127,UNARY,0,34,0,1900,"hc_gate-8","node_1393",""
328,138,SCALE,0,0,1,1918,"hc_mixed-8","node_1404",""
328,184,RMS_NORM,0,1,1,3290,"norm-8","attn_output-8",""
329,5,MUL_MAT,0,317,7,648,"linear_attn_out-8","blk.8.ssm_out.weight","final_output-8"
329,9,MUL_MAT,0,9,4,666,"hc_inject-8","blk.8.hc_attn_inject.weight","hc_norm-8"
329,15,ADD,0,2,10,707,"hc_combine-8","l_last-7","node_1467"
329,18,MUL,0,10,0,729,"hc_norm-8"," (reshaped)","blk.8.hc_ffn_norm.weight"
329,23,UNARY,0,34,0,920,"hc_gate-8","node_1475",""
329,34,SCALE,0,0,2,940,"ffn_moe_inp-8","node_1486",""
329,38,ARGSORT,0,22,1,1081,"ffn_moe_argsort-8","ffn_moe_probs-8",""
329,70,ADD,0,2,0,2438,"ffn_moe_out-8","node_1522","ffn_moe_weighted-8 (view)"
329,74,MUL_MAT,0,34,1,2554,"ffn_shexp-8","blk.8.ffn_down_shexp.weight","ffn_swiglu-8"
329,77,MUL,0,3,0,2564,"ffn_shexp_gated-8","ffn_shexp-8","shared_expert_gate_sigmoid-8"
329,78,ADD,0,1,0,2566,"ffn_out-8","ffn_moe_out-8","ffn_shexp_gated-8"
329,81,MUL_MAT,0,8,5,2583,"hc_inject-8","blk.8.hc_ffn_inject.weight","hc_norm-8"
329,87,ADD,0,1,1,2597,"l_last-8","hc_combine-8","node_1539"
329,90,MUL,0,9,0,2610,"hc_norm-9"," (reshaped)","blk.9.hc_attn_norm.weight"
329,95,UNARY,0,35,0,2819,"hc_gate-9","node_1547",""
329,106,SCALE,0,1,1,2836,"hc_mixed-9","node_1558",""
329,152,RMS_NORM,0,0,7,4133,"norm-9","attn_output-9",""
330,5,MUL_MAT,0,322,12,662,"linear_attn_out-9","blk.9.ssm_out.weight","final_output-9"
330,9,MUL_MAT,0,8,5,681,"hc_inject-9","blk.9.hc_attn_inject.weight","hc_norm-9"
330,15,ADD,0,3,0,707,"hc_combine-9","l_last-8","node_1621"
330,18,MUL,0,13,0,724,"hc_norm-9"," (reshaped)","blk.9.hc_ffn_norm.weight"
330,23,UNARY,0,34,1,918,"hc_gate-9","node_1629",""
330,34,SCALE,0,0,2,936,"ffn_moe_inp-9","node_1640",""
330,38,ARGSORT,0,22,1,1071,"ffn_moe_argsort-9","ffn_moe_probs-9",""
330,70,ADD,0,2,0,2388,"ffn_moe_out-9","node_1676","ffn_moe_weighted-9 (view)"
330,74,MUL_MAT,0,39,5,2527,"ffn_shexp-9","blk.9.ffn_down_shexp.weight","ffn_swiglu-9"
330,77,MUL,0,3,1,2538,"ffn_shexp_gated-9","ffn_shexp-9","shared_expert_gate_sigmoid-9"
330,78,ADD,0,1,2,2541,"ffn_out-9","ffn_moe_out-9","ffn_shexp_gated-9"
330,81,MUL_MAT,0,26,1,2573,"hc_inject-9","blk.9.hc_ffn_inject.weight","hc_norm-9"
330,87,ADD,0,2,3,2593,"l_last-9","hc_combine-9","node_1693"
330,90,MUL,0,9,5,2622,"hc_norm-10"," (reshaped)","blk.10.hc_attn_norm.weight"
330,95,UNARY,0,34,1,2820,"hc_gate-10","node_1701",""
330,106,SCALE,0,0,2,2845,"hc_mixed-10","node_1712",""
330,152,RMS_NORM,0,1,2,4171,"norm-10","attn_output-10",""
331,5,MUL_MAT,0,310,15,637,"linear_attn_out-10","blk.10.ssm_out.weight","final_output-10"
331,9,MUL_MAT,0,8,3,653,"hc_inject-10","blk.10.hc_attn_inject.weight","hc_norm-10"
331,15,ADD,0,2,1,666,"hc_combine-10","l_last-9","node_1775"
331,18,MUL,0,8,0,677,"hc_norm-10"," (reshaped)","blk.10.hc_ffn_norm.weight"
331,23,UNARY,0,49,1,900,"hc_gate-10","node_1783",""
331,34,SCALE,0,1,0,918,"ffn_moe_inp-10","node_1794",""
331,38,ARGSORT,0,23,0,1051,"ffn_moe_argsort-10","ffn_moe_probs-10",""
331,70,ADD,0,2,0,2309,"ffn_moe_out-10","node_1830","ffn_moe_weighted-10 (view)"
331,74,MUL_MAT,0,34,4,2422,"ffn_shexp-10","blk.10.ffn_down_shexp.weight","ffn_swiglu-10"
331,77,MUL,0,3,1,2432,"ffn_shexp_gated-10","ffn_shexp-10","shared_expert_gate_sigmoid-10"
331,78,ADD,0,2,0,2434,"ffn_out-10","ffn_moe_out-10","ffn_shexp_gated-10"
331,81,MUL_MAT,0,9,4,2451,"hc_inject-10","blk.10.hc_ffn_inject.weight","hc_norm-10"
331,87,ADD,0,1,1,2463,"l_last-10","hc_combine-10","node_1847"
331,90,MUL,0,9,0,2476,"hc_norm-11"," (reshaped)","blk.11.hc_attn_norm.weight"
331,95,UNARY,0,34,1,2661,"hc_gate-11","node_1855",""
331,106,SCALE,0,0,2,2694,"hc_mixed-11","node_1866",""
331,151,RMS_NORM,0,9,0,3436,"norm-11","indexer_k_pooled-11 (reshaped)",""
332,38,MUL_MAT,0,326,1,570,"attn_output-11","blk.11.attn_output.weight","attn_gated-11"
332,41,MUL_MAT,0,12,1,596,"hc_inject-11","blk.11.hc_attn_inject.weight","hc_norm-11"
332,47,ADD,0,1,2,609,"hc_combine-11","l_last-10","node_1962"
332,50,MUL,0,13,1,627,"hc_norm-11"," (reshaped)","blk.11.hc_ffn_norm.weight"
332,55,UNARY,0,33,1,812,"hc_gate-11","node_1970",""
332,66,SCALE,0,0,2,839,"ffn_moe_inp-11","node_1981",""
332,70,ARGSORT,0,21,1,971,"ffn_moe_argsort-11","ffn_moe_probs-11",""
332,102,ADD,0,1,1,2013,"ffn_moe_out-11","node_2017","ffn_moe_weighted-11 (view)"
332,106,MUL_MAT,0,33,0,2120,"ffn_shexp-11","blk.11.ffn_down_shexp.weight","ffn_swiglu-11"
332,109,MUL,0,3,0,2134,"ffn_shexp_gated-11","ffn_shexp-11","shared_expert_gate_sigmoid-11"
332,110,ADD,0,2,0,2136,"ffn_out-11","ffn_moe_out-11","ffn_shexp_gated-11"
332,113,MUL_MAT,0,12,1,2152,"hc_inject-11","blk.11.hc_ffn_inject.weight","hc_norm-11"
332,119,ADD,0,2,1,2165,"l_last-11","hc_combine-11","node_2034"
332,122,MUL,0,8,0,2177,"hc_norm-12"," (reshaped)","blk.12.hc_attn_norm.weight"
332,127,UNARY,0,39,0,2365,"hc_gate-12","node_2042",""
332,138,SCALE,0,0,2,2384,"hc_mixed-12","node_2053",""
332,184,RMS_NORM,0,0,1,3631,"norm-12","attn_output-12",""
333,5,MUL_MAT,0,297,6,599,"linear_attn_out-12","blk.12.ssm_out.weight","final_output-12"
333,9,MUL_MAT,0,11,0,633,"hc_inject-12","blk.12.hc_attn_inject.weight","hc_norm-12"
333,15,ADD,0,1,1,653,"hc_combine-12","l_last-11","node_2116"
333,18,MUL,0,9,0,667,"hc_norm-12"," (reshaped)","blk.12.hc_ffn_norm.weight"
333,23,UNARY,0,34,0,852,"hc_gate-12","node_2124",""
333,34,SCALE,0,0,1,988,"ffn_moe_inp-12","node_2135",""
333,38,ARGSORT,0,22,0,1116,"ffn_moe_argsort-12","ffn_moe_probs-12",""
333,70,ADD,0,2,0,1831,"ffn_moe_out-12","node_2171","ffn_moe_weighted-12 (view)"
333,74,MUL_MAT,0,37,6,1954,"ffn_shexp-12","blk.12.ffn_down_shexp.weight","ffn_swiglu-12"
333,77,MUL,0,3,5,1987,"ffn_shexp_gated-12","ffn_shexp-12","shared_expert_gate_sigmoid-12"
333,78,ADD,0,2,30,2019,"ffn_out-12","ffn_moe_out-12","ffn_shexp_gated-12"
333,81,MUL_MAT,0,9,6,2041,"hc_inject-12","blk.12.hc_ffn_inject.weight","hc_norm-12"
333,87,ADD,0,1,1,2069,"l_last-12","hc_combine-12","node_2188"
333,90,MUL,0,7,0,2080,"hc_norm-13"," (reshaped)","blk.13.hc_attn_norm.weight"
333,95,UNARY,0,26,1,2275,"hc_gate-13","node_2196",""
333,106,SCALE,0,0,1,2289,"hc_mixed-13","node_2207",""
333,152,RMS_NORM,0,0,3,3540,"norm-13","attn_output-13",""
334,5,MUL_MAT,0,178,157,651,"linear_attn_out-13","blk.13.ssm_out.weight","final_output-13"
334,9,MUL_MAT,0,6,6,668,"hc_inject-13","blk.13.hc_attn_inject.weight","hc_norm-13"
334,15,ADD,0,1,7,695,"hc_combine-13","l_last-12","node_2270"
334,18,MUL,0,5,0,704,"hc_norm-13"," (reshaped)","blk.13.hc_ffn_norm.weight"
334,23,UNARY,0,21,0,870,"hc_gate-13","node_2278",""
334,34,SCALE,0,0,2,887,"ffn_moe_inp-13","node_2289",""
334,38,ARGSORT,0,19,1,1010,"ffn_moe_argsort-13","ffn_moe_probs-13",""
334,70,ADD,0,1,1,2097,"ffn_moe_out-13","node_2325","ffn_moe_weighted-13 (view)"
334,74,MUL_MAT,0,21,15,2210,"ffn_shexp-13","blk.13.ffn_down_shexp.weight","ffn_swiglu-13"
334,77,MUL,0,1,1,2218,"ffn_shexp_gated-13","ffn_shexp-13","shared_expert_gate_sigmoid-13"
334,78,ADD,0,1,0,2219,"ffn_out-13","ffn_moe_out-13","ffn_shexp_gated-13"
334,81,MUL_MAT,0,6,15,2243,"hc_inject-13","blk.13.hc_ffn_inject.weight","hc_norm-13"
334,87,ADD,0,1,1,2259,"l_last-13","hc_combine-13","node_2342"
334,90,MUL,0,5,0,2268,"hc_norm-14"," (reshaped)","blk.14.hc_attn_norm.weight"
334,95,UNARY,0,21,0,2438,"hc_gate-14","node_2350",""
334,106,SCALE,0,0,10,2463,"hc_mixed-14","node_2361",""
334,152,RMS_NORM,0,0,2,3488,"norm-14","attn_output-14",""
335,5,MUL_MAT,0,199,127,643,"linear_attn_out-14","blk.14.ssm_out.weight","final_output-14"
335,9,MUL_MAT,0,7,5,658,"hc_inject-14","blk.14.hc_attn_inject.weight","hc_norm-14"
335,15,ADD,0,2,1,671,"hc_combine-14","l_last-13","node_2424"
335,18,MUL,0,5,1,680,"hc_norm-14"," (reshaped)","blk.14.hc_ffn_norm.weight"
335,23,UNARY,0,21,0,854,"hc_gate-14","node_2432",""
335,34,SCALE,0,0,1,867,"ffn_moe_inp-14","node_2443",""
335,38,ARGSORT,0,18,0,989,"ffn_moe_argsort-14","ffn_moe_probs-14",""
335,70,ADD,0,2,0,1708,"ffn_moe_out-14","node_2479","ffn_moe_weighted-14 (view)"
335,74,MUL_MAT,0,27,12,1839,"ffn_shexp-14","blk.14.ffn_down_shexp.weight","ffn_swiglu-14"
335,77,MUL,0,2,0,1847,"ffn_shexp_gated-14","ffn_shexp-14","shared_expert_gate_sigmoid-14"
335,78,ADD,0,1,1,1849,"ffn_out-14","ffn_moe_out-14","ffn_shexp_gated-14"
335,81,MUL_MAT,0,7,7,1865,"hc_inject-14","blk.14.hc_ffn_inject.weight","hc_norm-14"
335,87,ADD,0,3,0,1879,"l_last-14","hc_combine-14","node_2496"
335,90,MUL,0,6,0,1890,"hc_norm-15"," (reshaped)","blk.15.hc_attn_norm.weight"
335,95,UNARY,0,21,0,2082,"hc_gate-15","node_2504",""
335,106,SCALE,0,0,2,2102,"hc_mixed-15","node_2515",""
335,151,RMS_NORM,0,4,0,2889,"norm-15","indexer_k_pooled-15 (reshaped)",""
336,38,MUL_MAT,0,157,146,521,"attn_output-15","blk.15.attn_output.weight","attn_gated-15"
336,41,MUL_MAT,0,5,7,541,"hc_inject-15","blk.15.hc_attn_inject.weight","hc_norm-15"
336,47,ADD,0,1,2,554,"hc_combine-15","l_last-14","node_2611"
336,50,MUL,0,5,0,565,"hc_norm-15"," (reshaped)","blk.15.hc_ffn_norm.weight"
336,55,UNARY,0,20,1,730,"hc_gate-15","node_2619",""
336,66,SCALE,0,0,8,751,"ffn_moe_inp-15","node_2630",""
336,70,ARGSORT,0,17,1,872,"ffn_moe_argsort-15","ffn_moe_probs-15",""
336,102,ADD,0,1,3,1495,"ffn_moe_out-15","node_2666","ffn_moe_weighted-15 (view)"
336,106,MUL_MAT,0,19,19,1604,"ffn_shexp-15","blk.15.ffn_down_shexp.weight","ffn_swiglu-15"
336,109,MUL,0,1,0,1611,"ffn_shexp_gated-15","ffn_shexp-15","shared_expert_gate_sigmoid-15"
336,110,ADD,0,1,1,1614,"ffn_out-15","ffn_moe_out-15","ffn_shexp_gated-15"
336,113,MUL_MAT,0,4,8,1629,"hc_inject-15","blk.15.hc_ffn_inject.weight","hc_norm-15"
336,119,ADD,0,1,1,1640,"l_last-15","hc_combine-15","node_2683"
336,122,MUL,0,6,0,1650,"hc_norm-16"," (reshaped)","blk.16.hc_attn_norm.weight"
336,127,UNARY,0,22,0,1814,"hc_gate-16","node_2691",""
336,138,SCALE,0,0,1,1829,"hc_mixed-16","node_2702",""
336,184,RMS_NORM,0,0,1,2801,"norm-16","attn_output-16",""
337,5,MUL_MAT,0,263,103,737,"linear_attn_out-16","blk.16.ssm_out.weight","final_output-16"
337,9,MUL_MAT,0,6,9,755,"hc_inject-16","blk.16.hc_attn_inject.weight","hc_norm-16"
337,15,ADD,0,1,2,768,"hc_combine-16","l_last-15","node_2765"
337,18,MUL,0,5,1,778,"hc_norm-16"," (reshaped)","blk.16.hc_ffn_norm.weight"
337,23,UNARY,0,34,0,987,"hc_gate-16","node_2773",""
337,34,SCALE,0,0,3,1005,"ffn_moe_inp-16","node_2784",""
337,38,ARGSORT,0,22,0,1152,"ffn_moe_argsort-16","ffn_moe_probs-16",""
337,70,ADD,0,2,0,1897,"ffn_moe_out-16","node_2820","ffn_moe_weighted-16 (view)"
337,74,MUL_MAT,0,36,2,2028,"ffn_shexp-16","blk.16.ffn_down_shexp.weight","ffn_swiglu-16"
337,77,MUL,0,4,0,2039,"ffn_shexp_gated-16","ffn_shexp-16","shared_expert_gate_sigmoid-16"
337,78,ADD,0,1,1,2042,"ffn_out-16","ffn_moe_out-16","ffn_shexp_gated-16"
337,81,MUL_MAT,0,10,1,2056,"hc_inject-16","blk.16.hc_ffn_inject.weight","hc_norm-16"
337,87,ADD,0,1,1,2076,"l_last-16","hc_combine-16","node_2837"
337,90,MUL,0,11,0,2092,"hc_norm-17"," (reshaped)","blk.17.hc_attn_norm.weight"
337,95,UNARY,0,35,0,2354,"hc_gate-17","node_2845",""
337,106,SCALE,0,1,1,2373,"hc_mixed-17","node_2856",""
337,152,RMS_NORM,0,1,4,3694,"norm-17","attn_output-17",""
338,5,MUL_MAT,0,293,10,601,"linear_attn_out-17","blk.17.ssm_out.weight","final_output-17"
338,9,MUL_MAT,0,9,0,615,"hc_inject-17","blk.17.hc_attn_inject.weight","hc_norm-17"
338,15,ADD,0,2,0,629,"hc_combine-17","l_last-16","node_2919"
338,18,MUL,0,9,0,643,"hc_norm-17"," (reshaped)","blk.17.hc_ffn_norm.weight"
338,23,UNARY,0,34,1,827,"hc_gate-17","node_2927",""
338,34,SCALE,0,0,3,845,"ffn_moe_inp-17","node_2938",""
338,38,ARGSORT,0,23,0,1044,"ffn_moe_argsort-17","ffn_moe_probs-17",""
338,70,ADD,0,1,0,1884,"ffn_moe_out-17","node_2974","ffn_moe_weighted-17 (view)"
338,74,MUL_MAT,0,36,3,2017,"ffn_shexp-17","blk.17.ffn_down_shexp.weight","ffn_swiglu-17"
338,77,MUL,0,3,0,2028,"ffn_shexp_gated-17","ffn_shexp-17","shared_expert_gate_sigmoid-17"
338,78,ADD,0,1,0,2030,"ffn_out-17","ffn_moe_out-17","ffn_shexp_gated-17"
338,81,MUL_MAT,0,12,0,2047,"hc_inject-17","blk.17.hc_ffn_inject.weight","hc_norm-17"
338,87,ADD,0,2,13,2076,"l_last-17","hc_combine-17","node_2991"
338,90,MUL,0,17,1,2099,"hc_norm-18"," (reshaped)","blk.18.hc_attn_norm.weight"
338,95,UNARY,0,35,0,2308,"hc_gate-18","node_2999",""
338,106,SCALE,0,0,1,2333,"hc_mixed-18","node_3010",""
338,152,RMS_NORM,0,1,1,3659,"norm-18","attn_output-18",""
339,5,MUL_MAT,0,321,3,625,"linear_attn_out-18","blk.18.ssm_out.weight","final_output-18"
339,9,MUL_MAT,0,11,1,642,"hc_inject-18","blk.18.hc_attn_inject.weight","hc_norm-18"
339,15,ADD,0,3,0,657,"hc_combine-18","l_last-17","node_3073"
339,18,MUL,0,9,0,670,"hc_norm-18"," (reshaped)","blk.18.hc_ffn_norm.weight"
339,23,UNARY,0,34,1,857,"hc_gate-18","node_3081",""
339,34,SCALE,0,0,3,885,"ffn_moe_inp-18","node_3092",""
339,38,ARGSORT,0,22,0,1023,"ffn_moe_argsort-18","ffn_moe_probs-18",""
339,70,ADD,0,1,1,1663,"ffn_moe_out-18","node_3128","ffn_moe_weighted-18 (view)"
339,74,MUL_MAT,0,35,2,1778,"ffn_shexp-18","blk.18.ffn_down_shexp.weight","ffn_swiglu-18"
339,77,MUL,0,3,0,1787,"ffn_shexp_gated-18","ffn_shexp-18","shared_expert_gate_sigmoid-18"
339,78,ADD,0,2,11,1800,"ffn_out-18","ffn_moe_out-18","ffn_shexp_gated-18"
339,81,MUL_MAT,0,10,0,1814,"hc_inject-18","blk.18.hc_ffn_inject.weight","hc_norm-18"
339,87,ADD,0,2,0,1828,"l_last-18","hc_combine-18","node_3145"
339,90,MUL,0,9,1,1842,"hc_norm-19"," (reshaped)","blk.19.hc_attn_norm.weight"
339,95,UNARY,0,34,1,2036,"hc_gate-19","node_3153",""
339,106,SCALE,0,0,2,2062,"hc_mixed-19","node_3164",""
339,151,RMS_NORM,0,8,1,2851,"norm-19","indexer_k_pooled-19 (reshaped)",""
340,38,MUL_MAT,0,303,6,524,"attn_output-19","blk.19.attn_output.weight","attn_gated-19"
340,41,MUL_MAT,0,10,1,541,"hc_inject-19","blk.19.hc_attn_inject.weight","hc_norm-19"
340,47,ADD,0,2,0,553,"hc_combine-19","l_last-18","node_3260"
340,50,MUL,0,9,0,567,"hc_norm-19"," (reshaped)","blk.19.hc_ffn_norm.weight"
340,55,UNARY,0,33,1,753,"hc_gate-19","node_3268",""
340,66,SCALE,0,0,0,769,"ffn_moe_inp-19","node_3279",""
340,70,ARGSORT,0,21,0,891,"ffn_moe_argsort-19","ffn_moe_probs-19",""
340,102,ADD,0,1,0,1501,"ffn_moe_out-19","node_3315","ffn_moe_weighted-19 (view)"
340,106,MUL_MAT,0,33,1,1607,"ffn_shexp-19","blk.19.ffn_down_shexp.weight","ffn_swiglu-19"
340,109,MUL,0,3,1,1618,"ffn_shexp_gated-19","ffn_shexp-19","shared_expert_gate_sigmoid-19"
340,110,ADD,0,2,0,1620,"ffn_out-19","ffn_moe_out-19","ffn_shexp_gated-19"
340,113,MUL_MAT,0,9,1,1641,"hc_inject-19","blk.19.hc_ffn_inject.weight","hc_norm-19"
340,119,ADD,0,2,14,1799,"l_last-19","hc_combine-19","node_3332"
340,122,MUL,0,6,0,1809,"hc_norm-20"," (reshaped)","blk.20.hc_attn_norm.weight"
340,127,UNARY,0,31,0,1992,"hc_gate-20","node_3340",""
340,138,SCALE,0,1,1,2015,"hc_mixed-20","node_3351",""
340,184,RMS_NORM,0,1,2,3063,"norm-20","attn_output-20",""
341,5,MUL_MAT,0,184,215,751,"linear_attn_out-20","blk.20.ssm_out.weight","final_output-20"
341,9,MUL_MAT,0,15,3,773,"hc_inject-20","blk.20.hc_attn_inject.weight","hc_norm-20"
341,15,ADD,0,2,2,785,"hc_combine-20","l_last-19","node_3414"
341,18,MUL,0,7,0,796,"hc_norm-20"," (reshaped)","blk.20.hc_ffn_norm.weight"
341,23,UNARY,0,32,1,1009,"hc_gate-20","node_3422",""
341,34,SCALE,0,0,2,1024,"ffn_moe_inp-20","node_3433",""
341,38,ARGSORT,0,22,0,1171,"ffn_moe_argsort-20","ffn_moe_probs-20",""
341,70,ADD,0,1,1,1820,"ffn_moe_out-20","node_3469","ffn_moe_weighted-20 (view)"
341,74,MUL_MAT,0,28,14,1948,"ffn_shexp-20","blk.20.ffn_down_shexp.weight","ffn_swiglu-20"
341,77,MUL,0,2,0,1956,"ffn_shexp_gated-20","ffn_shexp-20","shared_expert_gate_sigmoid-20"
341,78,ADD,0,1,0,1958,"ffn_out-20","ffn_moe_out-20","ffn_shexp_gated-20"
341,81,MUL_MAT,0,7,2,1970,"hc_inject-20","blk.20.hc_ffn_inject.weight","hc_norm-20"
341,87,ADD,0,1,1,1989,"l_last-20","hc_combine-20","node_3486"
341,90,MUL,0,6,1,2000,"hc_norm-21"," (reshaped)","blk.21.hc_attn_norm.weight"
341,95,UNARY,0,31,1,2180,"hc_gate-21","node_3494",""
341,106,SCALE,0,0,2,2196,"hc_mixed-21","node_3505",""
341,152,RMS_NORM,0,0,2,3242,"norm-21","attn_output-21",""
342,5,MUL_MAT,0,256,61,737,"linear_attn_out-21","blk.21.ssm_out.weight","final_output-21"
342,9,MUL_MAT,0,7,2,750,"hc_inject-21","blk.21.hc_attn_inject.weight","hc_norm-21"
342,15,ADD,0,1,1,762,"hc_combine-21","l_last-20","node_3568"
342,18,MUL,0,6,1,774,"hc_norm-21"," (reshaped)","blk.21.hc_ffn_norm.weight"
342,23,UNARY,0,30,1,966,"hc_gate-21","node_3576",""
342,34,SCALE,0,0,1,986,"ffn_moe_inp-21","node_3587",""
342,38,ARGSORT,0,20,1,1120,"ffn_moe_argsort-21","ffn_moe_probs-21",""
342,70,ADD,0,1,1,2219,"ffn_moe_out-21","node_3623","ffn_moe_weighted-21 (view)"
342,74,MUL_MAT,0,31,21,2349,"ffn_shexp-21","blk.21.ffn_down_shexp.weight","ffn_swiglu-21"
342,77,MUL,0,2,0,2355,"ffn_shexp_gated-21","ffn_shexp-21","shared_expert_gate_sigmoid-21"
342,78,ADD,0,1,1,2357,"ffn_out-21","ffn_moe_out-21","ffn_shexp_gated-21"
342,81,MUL_MAT,0,6,4,2370,"hc_inject-21","blk.21.hc_ffn_inject.weight","hc_norm-21"
342,87,ADD,0,1,1,2387,"l_last-21","hc_combine-21","node_3640"
342,90,MUL,0,7,0,2398,"hc_norm-22"," (reshaped)","blk.22.hc_attn_norm.weight"
342,95,UNARY,0,31,0,2586,"hc_gate-22","node_3648",""
342,106,SCALE,0,0,1,2610,"hc_mixed-22","node_3659",""
342,152,RMS_NORM,0,1,3,3668,"norm-22","attn_output-22",""
343,5,MUL_MAT,0,270,58,641,"linear_attn_out-22","blk.22.ssm_out.weight","final_output-22"
343,9,MUL_MAT,0,7,2,661,"hc_inject-22","blk.22.hc_attn_inject.weight","hc_norm-22"
343,15,ADD,0,1,1,673,"hc_combine-22","l_last-21","node_3722"
343,18,MUL,0,6,1,692,"hc_norm-22"," (reshaped)","blk.22.hc_ffn_norm.weight"
343,23,UNARY,0,31,0,868,"hc_gate-22","node_3730",""
343,34,SCALE,0,0,2,888,"ffn_moe_inp-22","node_3741",""
343,38,ARGSORT,0,33,0,1032,"ffn_moe_argsort-22","ffn_moe_probs-22",""
343,70,ADD,0,1,1,1658,"ffn_moe_out-22","node_3777","ffn_moe_weighted-22 (view)"
343,74,MUL_MAT,0,30,7,1771,"ffn_shexp-22","blk.22.ffn_down_shexp.weight","ffn_swiglu-22"
343,77,MUL,0,2,1,1780,"ffn_shexp_gated-22","ffn_shexp-22","shared_expert_gate_sigmoid-22"
343,78,ADD,0,1,0,1781,"ffn_out-22","ffn_moe_out-22","ffn_shexp_gated-22"
343,81,MUL_MAT,0,6,2,1793,"hc_inject-22","blk.22.hc_ffn_inject.weight","hc_norm-22"
343,87,ADD,0,1,1,1810,"l_last-22","hc_combine-22","node_3794"
343,90,MUL,0,6,0,1821,"hc_norm-23"," (reshaped)","blk.23.hc_attn_norm.weight"
343,95,UNARY,0,31,0,1997,"hc_gate-23","node_3802",""
343,106,SCALE,0,0,13,2025,"hc_mixed-23","node_3813",""
343,151,RMS_NORM,0,5,0,2833,"norm-23","indexer_k_pooled-23 (reshaped)",""
344,38,MUL_MAT,0,263,59,543,"attn_output-23","blk.23.attn_output.weight","attn_gated-23"
344,41,MUL_MAT,0,7,4,557,"hc_inject-23","blk.23.hc_attn_inject.weight","hc_norm-23"
344,47,ADD,0,1,10,578,"hc_combine-23","l_last-22","node_3909"
344,50,MUL,0,6,0,588,"hc_norm-23"," (reshaped)","blk.23.hc_ffn_norm.weight"
344,55,UNARY,0,30,1,772,"hc_gate-23","node_3917",""
344,66,SCALE,0,0,1,788,"ffn_moe_inp-23","node_3928",""
344,70,ARGSORT,0,24,0,930,"ffn_moe_argsort-23","ffn_moe_probs-23",""
344,102,ADD,0,1,6,1614,"ffn_moe_out-23","node_3964","ffn_moe_weighted-23 (view)"
344,106,MUL_MAT,0,32,7,1765,"ffn_shexp-23","blk.23.ffn_down_shexp.weight","ffn_swiglu-23"
344,109,MUL,0,2,0,1773,"ffn_shexp_gated-23","ffn_shexp-23","shared_expert_gate_sigmoid-23"
344,110,ADD,0,1,0,1775,"ffn_out-23","ffn_moe_out-23","ffn_shexp_gated-23"
344,113,MUL_MAT,0,7,6,1791,"hc_inject-23","blk.23.hc_ffn_inject.weight","hc_norm-23"
344,119,ADD,0,2,1,1804,"l_last-23","hc_combine-23","node_3981"
344,122,MUL,0,7,1,1816,"hc_norm-24"," (reshaped)","blk.24.hc_attn_norm.weight"
344,127,UNARY,0,24,0,2037,"hc_gate-24","node_3989",""
344,138,SCALE,0,0,2,2059,"hc_mixed-24","node_4000",""
344,184,RMS_NORM,0,1,10,3174,"norm-24","attn_output-24",""
345,5,MUL_MAT,0,272,72,673,"linear_attn_out-24","blk.24.ssm_out.weight","final_output-24"
345,9,MUL_MAT,0,7,7,690,"hc_inject-24","blk.24.hc_attn_inject.weight","hc_norm-24"
345,15,ADD,0,3,0,712,"hc_combine-24","l_last-23","node_4063"
345,18,MUL,0,7,0,723,"hc_norm-24"," (reshaped)","blk.24.hc_ffn_norm.weight"
345,23,UNARY,0,30,1,910,"hc_gate-24","node_4071",""
345,34,SCALE,0,0,1,925,"ffn_moe_inp-24","node_4082",""
345,38,ARGSORT,0,23,1,1062,"ffn_moe_argsort-24","ffn_moe_probs-24",""
345,70,ADD,0,2,7,1746,"ffn_moe_out-24","node_4118","ffn_moe_weighted-24 (view)"
345,74,MUL_MAT,0,31,7,1881,"ffn_shexp-24","blk.24.ffn_down_shexp.weight","ffn_swiglu-24"
345,77,MUL,0,2,1,1888,"ffn_shexp_gated-24","ffn_shexp-24","shared_expert_gate_sigmoid-24"
345,78,ADD,0,1,0,1889,"ffn_out-24","ffn_moe_out-24","ffn_shexp_gated-24"
345,81,MUL_MAT,0,7,6,1905,"hc_inject-24","blk.24.hc_ffn_inject.weight","hc_norm-24"
345,87,ADD,0,1,1,1917,"l_last-24","hc_combine-24","node_4135"
345,90,MUL,0,6,0,1928,"hc_norm-25"," (reshaped)","blk.25.hc_attn_norm.weight"
345,95,UNARY,0,31,0,2125,"hc_gate-25","node_4143",""
345,106,SCALE,0,0,1,2153,"hc_mixed-25","node_4154",""
345,152,RMS_NORM,0,0,5,3252,"norm-25","attn_output-25",""
346,5,MUL_MAT,0,271,59,648,"linear_attn_out-25","blk.25.ssm_out.weight","final_output-25"
346,9,MUL_MAT,0,6,2,660,"hc_inject-25","blk.25.hc_attn_inject.weight","hc_norm-25"
346,15,ADD,0,1,2,676,"hc_combine-25","l_last-24","node_4217"
346,18,MUL,0,6,0,685,"hc_norm-25"," (reshaped)","blk.25.hc_ffn_norm.weight"
346,23,UNARY,0,30,0,863,"hc_gate-25","node_4225",""
346,34,SCALE,0,0,1,879,"ffn_moe_inp-25","node_4236",""
346,38,ARGSORT,0,20,1,999,"ffn_moe_argsort-25","ffn_moe_probs-25",""
346,70,ADD,0,1,1,2072,"ffn_moe_out-25","node_4272","ffn_moe_weighted-25 (view)"
346,74,MUL_MAT,0,37,12,2209,"ffn_shexp-25","blk.25.ffn_down_shexp.weight","ffn_swiglu-25"
346,77,MUL,0,2,0,2225,"ffn_shexp_gated-25","ffn_shexp-25","shared_expert_gate_sigmoid-25"
346,78,ADD,0,1,1,2227,"ffn_out-25","ffn_moe_out-25","ffn_shexp_gated-25"
346,81,MUL_MAT,0,7,5,2242,"hc_inject-25","blk.25.hc_ffn_inject.weight","hc_norm-25"
346,87,ADD,0,1,1,2266,"l_last-25","hc_combine-25","node_4289"
346,90,MUL,0,7,0,2277,"hc_norm-26"," (reshaped)","blk.26.hc_attn_norm.weight"
346,95,UNARY,0,31,0,2469,"hc_gate-26","node_4297",""
346,106,SCALE,0,0,2,2484,"hc_mixed-26","node_4308",""
346,152,RMS_NORM,0,1,1,3722,"norm-26","attn_output-26",""
347,5,MUL_MAT,0,268,58,641,"linear_attn_out-26","blk.26.ssm_out.weight","final_output-26"
347,9,MUL_MAT,0,8,1,653,"hc_inject-26","blk.26.hc_attn_inject.weight","hc_norm-26"
347,15,ADD,0,2,1,683,"hc_combine-26","l_last-25","node_4371"
347,18,MUL,0,5,5,697,"hc_norm-26"," (reshaped)","blk.26.hc_ffn_norm.weight"
347,23,UNARY,0,31,0,872,"hc_gate-26","node_4379",""
347,34,SCALE,0,1,2,899,"ffn_moe_inp-26","node_4390",""
347,38,ARGSORT,0,22,0,1025,"ffn_moe_argsort-26","ffn_moe_probs-26",""
347,70,ADD,0,2,0,2687,"ffn_moe_out-26","node_4426","ffn_moe_weighted-26 (view)"
347,74,MUL_MAT,0,29,7,2806,"ffn_shexp-26","blk.26.ffn_down_shexp.weight","ffn_swiglu-26"
347,77,MUL,0,2,0,2814,"ffn_shexp_gated-26","ffn_shexp-26","shared_expert_gate_sigmoid-26"
347,78,ADD,0,1,1,2816,"ffn_out-26","ffn_moe_out-26","ffn_shexp_gated-26"
347,81,MUL_MAT,0,11,3,2832,"hc_inject-26","blk.26.hc_ffn_inject.weight","hc_norm-26"
347,87,ADD,0,2,1,2845,"l_last-26","hc_combine-26","node_4443"
347,90,MUL,0,6,0,2855,"hc_norm-27"," (reshaped)","blk.27.hc_attn_norm.weight"
347,95,UNARY,0,32,0,3045,"hc_gate-27","node_4451",""
347,106,SCALE,0,0,12,3074,"hc_mixed-27","node_4462",""
347,151,RMS_NORM,0,4,0,3860,"norm-27","indexer_k_pooled-27 (reshaped)",""
348,38,MUL_MAT,0,258,70,549,"attn_output-27","blk.27.attn_output.weight","attn_gated-27"
348,41,MUL_MAT,0,17,4,573,"hc_inject-27","blk.27.hc_attn_inject.weight","hc_norm-27"
348,47,ADD,0,2,4,689,"hc_combine-27","l_last-26","node_4558"
348,50,MUL,0,7,0,714,"hc_norm-27"," (reshaped)","blk.27.hc_ffn_norm.weight"
348,55,UNARY,0,30,1,1025,"hc_gate-27","node_4566",""
348,66,SCALE,0,0,1,1041,"ffn_moe_inp-27","node_4577",""
348,70,ARGSORT,0,22,0,1178,"ffn_moe_argsort-27","ffn_moe_probs-27",""
348,102,ADD,0,1,0,1828,"ffn_moe_out-27","node_4613","ffn_moe_weighted-27 (view)"
348,106,MUL_MAT,0,29,10,1960,"ffn_shexp-27","blk.27.ffn_down_shexp.weight","ffn_swiglu-27"
348,109,MUL,0,2,0,1967,"ffn_shexp_gated-27","ffn_shexp-27","shared_expert_gate_sigmoid-27"
348,110,ADD,0,1,1,1970,"ffn_out-27","ffn_moe_out-27","ffn_shexp_gated-27"
348,113,MUL_MAT,0,6,3,1981,"hc_inject-27","blk.27.hc_ffn_inject.weight","hc_norm-27"
348,119,ADD,0,1,1,1993,"l_last-27","hc_combine-27","node_4630"
348,122,MUL,0,5,1,2003,"hc_norm-28"," (reshaped)","blk.28.hc_attn_norm.weight"
348,127,UNARY,0,30,1,2177,"hc_gate-28","node_4638",""
348,138,SCALE,0,0,2,2193,"hc_mixed-28","node_4649",""
348,184,RMS_NORM,0,1,1,3189,"norm-28","attn_output-28",""
349,5,MUL_MAT,0,278,72,700,"linear_attn_out-28","blk.28.ssm_out.weight","final_output-28"
349,9,MUL_MAT,0,15,4,723,"hc_inject-28","blk.28.hc_attn_inject.weight","hc_norm-28"
349,15,ADD,0,2,1,735,"hc_combine-28","l_last-27","node_4712"
349,18,MUL,0,6,0,745,"hc_norm-28"," (reshaped)","blk.28.hc_ffn_norm.weight"
349,23,UNARY,0,31,0,934,"hc_gate-28","node_4720",""
349,34,SCALE,0,1,1,952,"ffn_moe_inp-28","node_4731",""
349,38,ARGSORT,0,21,0,1092,"ffn_moe_argsort-28","ffn_moe_probs-28",""
349,70,ADD,0,1,1,2337,"ffn_moe_out-28","node_4767","ffn_moe_weighted-28 (view)"
349,74,MUL_MAT,0,28,10,2463,"ffn_shexp-28","blk.28.ffn_down_shexp.weight","ffn_swiglu-28"
349,77,MUL,0,2,0,2486,"ffn_shexp_gated-28","ffn_shexp-28","shared_expert_gate_sigmoid-28"
349,78,ADD,0,1,1,2488,"ffn_out-28","ffn_moe_out-28","ffn_shexp_gated-28"
349,81,MUL_MAT,0,6,4,2504,"hc_inject-28","blk.28.hc_ffn_inject.weight","hc_norm-28"
349,87,ADD,0,1,1,2516,"l_last-28","hc_combine-28","node_4784"
349,90,MUL,0,6,1,2527,"hc_norm-29"," (reshaped)","blk.29.hc_attn_norm.weight"
349,95,UNARY,0,35,1,2723,"hc_gate-29","node_4792",""
349,106,SCALE,0,1,1,2739,"hc_mixed-29","node_4803",""
349,152,RMS_NORM,0,0,2,3774,"norm-29","attn_output-29",""
350,5,MUL_MAT,0,262,71,648,"linear_attn_out-29","blk.29.ssm_out.weight","final_output-29"
350,9,MUL_MAT,0,8,4,662,"hc_inject-29","blk.29.hc_attn_inject.weight","hc_norm-29"
350,15,ADD,0,1,1,675,"hc_combine-29","l_last-28","node_4866"
350,18,MUL,0,7,0,686,"hc_norm-29"," (reshaped)","blk.29.hc_ffn_norm.weight"
350,23,UNARY,0,31,0,866,"hc_gate-29","node_4874",""
350,34,SCALE,0,0,2,883,"ffn_moe_inp-29","node_4885",""
350,38,ARGSORT,0,23,0,1008,"ffn_moe_argsort-29","ffn_moe_probs-29",""
350,70,ADD,0,1,1,1675,"ffn_moe_out-29","node_4921","ffn_moe_weighted-29 (view)"
350,74,MUL_MAT,0,28,9,1796,"ffn_shexp-29","blk.29.ffn_down_shexp.weight","ffn_swiglu-29"
350,77,MUL,0,2,0,1804,"ffn_shexp_gated-29","ffn_shexp-29","shared_expert_gate_sigmoid-29"
350,78,ADD,0,1,1,1807,"ffn_out-29","ffn_moe_out-29","ffn_shexp_gated-29"
350,81,MUL_MAT,0,8,2,1819,"hc_inject-29","blk.29.hc_ffn_inject.weight","hc_norm-29"
350,87,ADD,0,1,1,1832,"l_last-29","hc_combine-29","node_4938"
350,90,MUL,0,6,0,1842,"hc_norm-30"," (reshaped)","blk.30.hc_attn_norm.weight"
350,95,UNARY,0,31,0,2040,"hc_gate-30","node_4946",""
350,106,SCALE,0,1,2,2057,"hc_mixed-30","node_4957",""
350,152,RMS_NORM,0,0,2,3193,"norm-30","attn_output-30",""
351,5,MUL_MAT,0,272,54,637,"linear_attn_out-30","blk.30.ssm_out.weight","final_output-30"
351,9,MUL_MAT,0,7,3,651,"hc_inject-30","blk.30.hc_attn_inject.weight","hc_norm-30"
351,15,ADD,0,2,1,664,"hc_combine-30","l_last-29","node_5020"
351,18,MUL,0,6,0,674,"hc_norm-30"," (reshaped)","blk.30.hc_ffn_norm.weight"
351,23,UNARY,0,30,1,858,"hc_gate-30","node_5028",""
351,34,SCALE,0,0,1,883,"ffn_moe_inp-30","node_5039",""
351,38,ARGSORT,0,21,1,1008,"ffn_moe_argsort-30","ffn_moe_probs-30",""
351,70,ADD,0,1,0,2341,"ffn_moe_out-30","node_5075","ffn_moe_weighted-30 (view)"
351,74,MUL_MAT,0,31,5,2462,"ffn_shexp-30","blk.30.ffn_down_shexp.weight","ffn_swiglu-30"
351,77,MUL,0,2,0,2469,"ffn_shexp_gated-30","ffn_shexp-30","shared_expert_gate_sigmoid-30"
351,78,ADD,0,1,0,2471,"ffn_out-30","ffn_moe_out-30","ffn_shexp_gated-30"
351,81,MUL_MAT,0,6,3,2483,"hc_inject-30","blk.30.hc_ffn_inject.weight","hc_norm-30"
351,87,ADD,0,1,1,2496,"l_last-30","hc_combine-30","node_5092"
351,90,MUL,0,7,0,2507,"hc_norm-31"," (reshaped)","blk.31.hc_attn_norm.weight"
351,95,UNARY,0,30,1,2687,"hc_gate-31","node_5100",""
351,106,SCALE,0,0,1,2703,"hc_mixed-31","node_5111",""
351,151,RMS_NORM,0,4,1,3469,"norm-31","indexer_k_pooled-31 (reshaped)",""
352,38,MUL_MAT,0,323,64,754,"attn_output-31","blk.31.attn_output.weight","attn_gated-31"
352,41,MUL_MAT,0,10,2,771,"hc_inject-31","blk.31.hc_attn_inject.weight","hc_norm-31"
352,47,ADD,0,2,1,790,"hc_combine-31","l_last-30","node_5207"
352,50,MUL,0,12,0,806,"hc_norm-31"," (reshaped)","blk.31.hc_ffn_norm.weight"
352,55,UNARY,0,33,1,1024,"hc_gate-31","node_5215",""
352,66,SCALE,0,0,2,1042,"ffn_moe_inp-31","node_5226",""
352,70,ARGSORT,0,21,1,1167,"ffn_moe_argsort-31","ffn_moe_probs-31",""
352,102,ADD,0,2,0,1790,"ffn_moe_out-31","node_5262","ffn_moe_weighted-31 (view)"
352,106,MUL_MAT,0,34,1,1908,"ffn_shexp-31","blk.31.ffn_down_shexp.weight","ffn_swiglu-31"
352,109,MUL,0,3,0,1925,"ffn_shexp_gated-31","ffn_shexp-31","shared_expert_gate_sigmoid-31"
352,110,ADD,0,1,1,1928,"ffn_out-31","ffn_moe_out-31","ffn_shexp_gated-31"
352,113,MUL_MAT,0,10,0,1942,"hc_inject-31","blk.31.hc_ffn_inject.weight","hc_norm-31"
352,119,ADD,0,2,1,1955,"l_last-31","hc_combine-31","node_5279"
352,122,MUL,0,11,1,1972,"hc_norm-32"," (reshaped)","blk.32.hc_attn_norm.weight"
352,127,UNARY,0,33,1,2155,"hc_gate-32","node_5287",""
352,138,SCALE,0,0,2,2175,"hc_mixed-32","node_5298",""
352,184,RMS_NORM,0,0,2,3448,"norm-32","attn_output-32",""
353,5,MUL_MAT,0,329,6,662,"linear_attn_out-32","blk.32.ssm_out.weight","final_output-32"
353,9,MUL_MAT,0,18,0,686,"hc_inject-32","blk.32.hc_attn_inject.weight","hc_norm-32"
353,15,ADD,0,2,1,700,"hc_combine-32","l_last-31","node_5361"
353,18,MUL,0,14,0,718,"hc_norm-32"," (reshaped)","blk.32.hc_ffn_norm.weight"
353,23,UNARY,0,35,0,914,"hc_gate-32","node_5369",""
353,34,SCALE,0,0,2,932,"ffn_moe_inp-32","node_5380",""
353,38,ARGSORT,0,35,1,1085,"ffn_moe_argsort-32","ffn_moe_probs-32",""
353,70,ADD,0,1,0,1898,"ffn_moe_out-32","node_5416","ffn_moe_weighted-32 (view)"
353,74,MUL_MAT,0,35,5,2109,"ffn_shexp-32","blk.32.ffn_down_shexp.weight","ffn_swiglu-32"
353,77,MUL,0,3,5,2124,"ffn_shexp_gated-32","ffn_shexp-32","shared_expert_gate_sigmoid-32"
353,78,ADD,0,2,0,2126,"ffn_out-32","ffn_moe_out-32","ffn_shexp_gated-32"
353,81,MUL_MAT,0,7,1,2139,"hc_inject-32","blk.32.hc_ffn_inject.weight","hc_norm-32"
353,87,ADD,0,2,1,2151,"l_last-32","hc_combine-32","node_5433"
353,90,MUL,0,8,0,2164,"hc_norm-33"," (reshaped)","blk.33.hc_attn_norm.weight"
353,95,UNARY,0,34,1,2369,"hc_gate-33","node_5441",""
353,106,SCALE,0,0,9,2395,"hc_mixed-33","node_5452",""
353,152,RMS_NORM,0,0,1,3699,"norm-33","attn_output-33",""
354,5,MUL_MAT,0,321,5,649,"linear_attn_out-33","blk.33.ssm_out.weight","final_output-33"
354,9,MUL_MAT,0,9,1,665,"hc_inject-33","blk.33.hc_attn_inject.weight","hc_norm-33"
354,15,ADD,0,2,1,680,"hc_combine-33","l_last-32","node_5515"
354,18,MUL,0,9,0,692,"hc_norm-33"," (reshaped)","blk.33.hc_ffn_norm.weight"
354,23,UNARY,0,34,0,889,"hc_gate-33","node_5523",""
354,34,SCALE,0,0,1,907,"ffn_moe_inp-33","node_5534",""
354,38,ARGSORT,0,23,0,1038,"ffn_moe_argsort-33","ffn_moe_probs-33",""
354,70,ADD,0,1,1,1690,"ffn_moe_out-33","node_5570","ffn_moe_weighted-33 (view)"
354,74,MUL_MAT,0,38,2,1804,"ffn_shexp-33","blk.33.ffn_down_shexp.weight","ffn_swiglu-33"
354,77,MUL,0,3,1,1814,"ffn_shexp_gated-33","ffn_shexp-33","shared_expert_gate_sigmoid-33"
354,78,ADD,0,1,1,1816,"ffn_out-33","ffn_moe_out-33","ffn_shexp_gated-33"
354,81,MUL_MAT,0,8,0,1828,"hc_inject-33","blk.33.hc_ffn_inject.weight","hc_norm-33"
354,87,ADD,0,1,1,1842,"l_last-33","hc_combine-33","node_5587"
354,90,MUL,0,8,1,1856,"hc_norm-34"," (reshaped)","blk.34.hc_attn_norm.weight"
354,95,UNARY,0,33,0,2039,"hc_gate-34","node_5595",""
354,106,SCALE,0,1,2,2058,"hc_mixed-34","node_5606",""
354,152,RMS_NORM,0,1,0,3328,"norm-34","attn_output-34",""
355,5,MUL_MAT,0,319,16,689,"linear_attn_out-34","blk.34.ssm_out.weight","final_output-34"
355,9,MUL_MAT,0,8,2,711,"hc_inject-34","blk.34.hc_attn_inject.weight","hc_norm-34"
355,15,ADD,0,1,1,732,"hc_combine-34","l_last-33","node_5669"
355,18,MUL,0,10,0,746,"hc_norm-34"," (reshaped)","blk.34.hc_ffn_norm.weight"
355,23,UNARY,0,34,0,944,"hc_gate-34","node_5677",""
355,34,SCALE,0,1,2,963,"ffn_moe_inp-34","node_5688",""
355,38,ARGSORT,0,22,1,1098,"ffn_moe_argsort-34","ffn_moe_probs-34",""
355,70,ADD,0,1,1,1894,"ffn_moe_out-34","node_5724","ffn_moe_weighted-34 (view)"
355,74,MUL_MAT,0,30,14,2022,"ffn_shexp-34","blk.34.ffn_down_shexp.weight","ffn_swiglu-34"
355,77,MUL,0,2,0,2034,"ffn_shexp_gated-34","ffn_shexp-34","shared_expert_gate_sigmoid-34"
355,78,ADD,0,1,0,2036,"ffn_out-34","ffn_moe_out-34","ffn_shexp_gated-34"
355,81,MUL_MAT,0,8,71,2118,"hc_inject-34","blk.34.hc_ffn_inject.weight","hc_norm-34"
355,87,ADD,0,1,1,2130,"l_last-34","hc_combine-34","node_5741"
355,90,MUL,0,7,0,2147,"hc_norm-35"," (reshaped)","blk.35.hc_attn_norm.weight"
355,95,UNARY,0,30,1,2370,"hc_gate-35","node_5749",""
355,106,SCALE,0,0,2,2385,"hc_mixed-35","node_5760",""
355,151,RMS_NORM,0,4,1,3174,"norm-35","indexer_k_pooled-35 (reshaped)",""
356,38,MUL_MAT,0,265,43,511,"attn_output-35","blk.35.attn_output.weight","attn_gated-35"
356,41,MUL_MAT,0,6,2,522,"hc_inject-35","blk.35.hc_attn_inject.weight","hc_norm-35"
356,47,ADD,0,1,1,538,"hc_combine-35","l_last-34","node_5856"
356,50,MUL,0,6,0,548,"hc_norm-35"," (reshaped)","blk.35.hc_ffn_norm.weight"
356,55,UNARY,0,31,0,720,"hc_gate-35","node_5864",""
356,66,SCALE,0,0,1,736,"ffn_moe_inp-35","node_5875",""
356,70,ARGSORT,0,21,0,863,"ffn_moe_argsort-35","ffn_moe_probs-35",""
356,102,ADD,0,1,0,1473,"ffn_moe_out-35","node_5911","ffn_moe_weighted-35 (view)"
356,106,MUL_MAT,0,31,11,1709,"ffn_shexp-35","blk.35.ffn_down_shexp.weight","ffn_swiglu-35"
356,109,MUL,0,2,0,1717,"ffn_shexp_gated-35","ffn_shexp-35","shared_expert_gate_sigmoid-35"
356,110,ADD,0,2,0,1719,"ffn_out-35","ffn_moe_out-35","ffn_shexp_gated-35"
356,113,MUL_MAT,0,8,2,1731,"hc_inject-35","blk.35.hc_ffn_inject.weight","hc_norm-35"
356,119,ADD,0,1,5,1747,"l_last-35","hc_combine-35","node_5928"
356,122,MUL,0,6,1,1760,"hc_norm-36"," (reshaped)","blk.36.hc_attn_norm.weight"
356,127,UNARY,0,30,0,1954,"hc_gate-36","node_5936",""
356,138,SCALE,0,0,2,1971,"hc_mixed-36","node_5947",""
356,184,RMS_NORM,0,0,2,3051,"norm-36","attn_output-36",""
357,5,MUL_MAT,0,278,54,650,"linear_attn_out-36","blk.36.ssm_out.weight","final_output-36"
357,9,MUL_MAT,0,6,1,660,"hc_inject-36","blk.36.hc_attn_inject.weight","hc_norm-36"
357,15,ADD,0,2,1,677,"hc_combine-36","l_last-35","node_6010"
357,18,MUL,0,6,0,686,"hc_norm-36"," (reshaped)","blk.36.hc_ffn_norm.weight"
357,23,UNARY,0,31,1,860,"hc_gate-36","node_6018",""
357,34,SCALE,0,0,11,886,"ffn_moe_inp-36","node_6029",""
357,38,ARGSORT,0,20,1,1018,"ffn_moe_argsort-36","ffn_moe_probs-36",""
357,70,ADD,0,1,0,1637,"ffn_moe_out-36","node_6065","ffn_moe_weighted-36 (view)"
357,74,MUL_MAT,0,30,5,1745,"ffn_shexp-36","blk.36.ffn_down_shexp.weight","ffn_swiglu-36"
357,77,MUL,0,3,0,1754,"ffn_shexp_gated-36","ffn_shexp-36","shared_expert_gate_sigmoid-36"
357,78,ADD,0,1,0,1755,"ffn_out-36","ffn_moe_out-36","ffn_shexp_gated-36"
357,81,MUL_MAT,0,7,2,1766,"hc_inject-36","blk.36.hc_ffn_inject.weight","hc_norm-36"
357,87,ADD,0,1,10,1787,"l_last-36","hc_combine-36","node_6082"
357,90,MUL,0,6,0,1807,"hc_norm-37"," (reshaped)","blk.37.hc_attn_norm.weight"
357,95,UNARY,0,31,0,1989,"hc_gate-37","node_6090",""
357,106,SCALE,0,0,1,2015,"hc_mixed-37","node_6101",""
357,152,RMS_NORM,0,1,1,3037,"norm-37","attn_output-37",""
358,5,MUL_MAT,0,271,70,707,"linear_attn_out-37","blk.37.ssm_out.weight","final_output-37"
358,9,MUL_MAT,0,8,1,725,"hc_inject-37","blk.37.hc_attn_inject.weight","hc_norm-37"
358,15,ADD,0,2,0,737,"hc_combine-37","l_last-36","node_6164"
358,18,MUL,0,6,1,748,"hc_norm-37"," (reshaped)","blk.37.hc_ffn_norm.weight"
358,23,UNARY,0,45,0,951,"hc_gate-37","node_6172",""
358,34,SCALE,0,1,1,968,"ffn_moe_inp-37","node_6183",""
358,38,ARGSORT,0,21,0,1097,"ffn_moe_argsort-37","ffn_moe_probs-37",""
358,70,ADD,0,1,1,1734,"ffn_moe_out-37","node_6219","ffn_moe_weighted-37 (view)"
358,74,MUL_MAT,0,26,10,1844,"ffn_shexp-37","blk.37.ffn_down_shexp.weight","ffn_swiglu-37"
358,77,MUL,0,2,0,1851,"ffn_shexp_gated-37","ffn_shexp-37","shared_expert_gate_sigmoid-37"
358,78,ADD,0,1,1,1853,"ffn_out-37","ffn_moe_out-37","ffn_shexp_gated-37"
358,81,MUL_MAT,0,7,1,1863,"hc_inject-37","blk.37.hc_ffn_inject.weight","hc_norm-37"
358,87,ADD,0,2,1,1888,"l_last-37","hc_combine-37","node_6236"
358,90,MUL,0,6,0,1897,"hc_norm-38"," (reshaped)","blk.38.hc_attn_norm.weight"
358,95,UNARY,0,30,1,2253,"hc_gate-38","node_6244",""
358,106,SCALE,0,0,5,2304,"hc_mixed-38","node_6255",""
358,152,RMS_NORM,0,1,1,3491,"norm-38","attn_output-38",""
359,5,MUL_MAT,0,272,59,655,"linear_attn_out-38","blk.38.ssm_out.weight","final_output-38"
359,9,MUL_MAT,0,7,1,666,"hc_inject-38","blk.38.hc_attn_inject.weight","hc_norm-38"
359,15,ADD,0,1,11,694,"hc_combine-38","l_last-37","node_6318"
359,18,MUL,0,7,0,704,"hc_norm-38"," (reshaped)","blk.38.hc_ffn_norm.weight"
359,23,UNARY,0,31,0,890,"hc_gate-38","node_6326",""
359,34,SCALE,0,0,1,909,"ffn_moe_inp-38","node_6337",""
359,38,ARGSORT,0,21,0,1036,"ffn_moe_argsort-38","ffn_moe_probs-38",""
359,70,ADD,0,2,0,1675,"ffn_moe_out-38","node_6373","ffn_moe_weighted-38 (view)"
359,74,MUL_MAT,0,31,5,1792,"ffn_shexp-38","blk.38.ffn_down_shexp.weight","ffn_swiglu-38"
359,77,MUL,0,2,0,1799,"ffn_shexp_gated-38","ffn_shexp-38","shared_expert_gate_sigmoid-38"
359,78,ADD,0,2,0,1801,"ffn_out-38","ffn_moe_out-38","ffn_shexp_gated-38"
359,81,MUL_MAT,0,7,8,1819,"hc_inject-38","blk.38.hc_ffn_inject.weight","hc_norm-38"
359,87,ADD,0,1,1,1842,"l_last-38","hc_combine-38","node_6390"
360,0,GET_ROWS,0,12,1,13,"model.input_embed","token_embd.weight","inp_tokens"
360,2,REPEAT,0,3,1,17,"hc_init","model.input_embed (reshaped)",""
360,5,MUL,0,6,3,31,"hc_norm-0"," (reshaped)","blk.0.hc_attn_norm.weight"
360,10,UNARY,0,20,0,194,"hc_gate-0","node_9",""
360,21,SCALE,0,1,1,210,"hc_mixed-0","node_20",""
360,69,RMS_NORM,0,0,2,1564,"norm-0","attn_output-0",""
361,5,MUL_MAT,0,333,21,686,"linear_attn_out-0","blk.0.ssm_out.weight","final_output-0"
361,9,MUL_MAT,0,9,3,702,"hc_inject-0","blk.0.hc_attn_inject.weight","hc_norm-0"
361,15,ADD,0,2,1,715,"hc_combine-0","hc_init","node_85"
361,18,MUL,0,8,1,728,"hc_norm-0"," (reshaped)","blk.0.hc_ffn_norm.weight"
361,23,UNARY,0,34,0,957,"hc_gate-0","node_93",""
361,34,SCALE,0,0,13,993,"ffn_moe_inp-0","node_104",""
361,38,ARGSORT,0,23,0,1135,"ffn_moe_argsort-0","ffn_moe_probs-0",""
361,70,ADD,0,1,1,1804,"ffn_moe_out-0","node_140","ffn_moe_weighted-0 (view)"
361,93,MUL_MAT,0,30,7,2691,"ffn_shexp-0","blk.0.ffn_down_shexp.weight","ffn_swiglu-0"
361,96,MUL,0,3,0,2700,"ffn_shexp_gated-0","ffn_shexp-0","shared_expert_gate_sigmoid-0"
361,97,ADD,0,1,1,2703,"ffn_out-0","ffn_moe_out-0","ffn_shexp_gated-0"
361,100,MUL_MAT,0,7,1,2713,"hc_inject-0","blk.0.hc_ffn_inject.weight","hc_norm-0"
361,106,ADD,0,2,1,2725,"l_last-0","hc_combine-0","node_176"
361,120,UNARY,0,0,1,2764,"ple_gate-1","node_190",""
361,121,MUL,0,3,8,2775,"ple_gated_value-1","node_154","ple_gate-1"
361,174,MUL,0,8,0,3247,"hc_norm-1"," (reshaped)","blk.1.hc_attn_norm.weight"
361,179,UNARY,0,33,1,3424,"hc_gate-1","node_249",""
361,190,SCALE,0,0,1,3439,"hc_mixed-1","node_260",""
361,236,RMS_NORM,0,1,2,4917,"norm-1","attn_output-1",""
362,5,MUL_MAT,0,162,168,632,"linear_attn_out-1","blk.1.ssm_out.weight","final_output-1"
362,9,MUL_MAT,0,6,2,644,"hc_inject-1","blk.1.hc_attn_inject.weight","hc_norm-1"
362,15,ADD,0,2,1,657,"hc_combine-1","node_242","node_323"
362,18,MUL,0,6,1,667,"hc_norm-1"," (reshaped)","blk.1.hc_ffn_norm.weight"
362,23,UNARY,0,21,0,836,"hc_gate-1","node_331",""
362,34,SCALE,0,0,1,850,"ffn_moe_inp-1","node_342",""
362,38,ARGSORT,0,20,0,975,"ffn_moe_argsort-1","ffn_moe_probs-1",""
362,70,ADD,0,1,0,1602,"ffn_moe_out-1","node_378","ffn_moe_weighted-1 (view)"
362,74,MUL_MAT,0,22,13,1716,"ffn_shexp-1","blk.1.ffn_down_shexp.weight","ffn_swiglu-1"
362,77,MUL,0,2,0,1725,"ffn_shexp_gated-1","ffn_shexp-1","shared_expert_gate_sigmoid-1"
362,78,ADD,0,1,1,1727,"ffn_out-1","ffn_moe_out-1","ffn_shexp_gated-1"
362,81,MUL_MAT,0,5,3,1737,"hc_inject-1","blk.1.hc_ffn_inject.weight","hc_norm-1"
362,87,ADD,0,1,1,1757,"l_last-1","hc_combine-1","node_395"
362,90,MUL,0,5,0,1766,"hc_norm-2"," (reshaped)","blk.2.hc_attn_norm.weight"
362,95,UNARY,0,21,0,1934,"hc_gate-2","node_403",""
362,106,SCALE,0,0,2,1950,"hc_mixed-2","node_414",""
362,152,RMS_NORM,0,1,1,2938,"norm-2","attn_output-2",""
363,5,MUL_MAT,0,172,177,690,"linear_attn_out-2","blk.2.ssm_out.weight","final_output-2"
363,9,MUL_MAT,0,8,2,705,"hc_inject-2","blk.2.hc_attn_inject.weight","hc_norm-2"
363,15,ADD,0,1,1,733,"hc_combine-2","l_last-1","node_477"
363,18,MUL,0,6,0,742,"hc_norm-2"," (reshaped)","blk.2.hc_ffn_norm.weight"
363,23,UNARY,0,32,0,943,"hc_gate-2","node_485",""
363,34,SCALE,0,0,1,967,"ffn_moe_inp-2","node_496",""
363,38,ARGSORT,0,19,0,1101,"ffn_moe_argsort-2","ffn_moe_probs-2",""
363,70,ADD,0,1,0,1990,"ffn_moe_out-2","node_532","ffn_moe_weighted-2 (view)"
363,74,MUL_MAT,0,21,13,2208,"ffn_shexp-2","blk.2.ffn_down_shexp.weight","ffn_swiglu-2"
363,77,MUL,0,2,0,2216,"ffn_shexp_gated-2","ffn_shexp-2","shared_expert_gate_sigmoid-2"
363,78,ADD,0,0,1,2218,"ffn_out-2","ffn_moe_out-2","ffn_shexp_gated-2"
363,81,MUL_MAT,0,5,3,2228,"hc_inject-2","blk.2.hc_ffn_inject.weight","hc_norm-2"
363,87,ADD,0,1,1,2240,"l_last-2","hc_combine-2","node_549"
363,90,MUL,0,6,5,2254,"hc_norm-3"," (reshaped)","blk.3.hc_attn_norm.weight"
363,95,UNARY,0,21,0,2420,"hc_gate-3","node_557",""
363,106,SCALE,0,1,1,2436,"hc_mixed-3","node_568",""
363,151,RMS_NORM,0,3,1,3382,"norm-3","indexer_k_pooled-3 (reshaped)",""
364,38,MUL_MAT,0,179,137,514,"attn_output-3","blk.3.attn_output.weight","attn_gated-3"
364,41,MUL_MAT,0,6,3,526,"hc_inject-3","blk.3.hc_attn_inject.weight","hc_norm-3"
364,47,ADD,0,1,1,537,"hc_combine-3","l_last-2","node_664"
364,50,MUL,0,5,1,547,"hc_norm-3"," (reshaped)","blk.3.hc_ffn_norm.weight"
364,55,UNARY,0,21,0,722,"hc_gate-3","node_672",""
364,66,SCALE,0,0,2,736,"ffn_moe_inp-3","node_683",""
364,70,ARGSORT,0,18,0,855,"ffn_moe_argsort-3","ffn_moe_probs-3",""
364,102,ADD,0,1,0,1526,"ffn_moe_out-3","node_719","ffn_moe_weighted-3 (view)"
364,106,MUL_MAT,0,21,20,1642,"ffn_shexp-3","blk.3.ffn_down_shexp.weight","ffn_swiglu-3"
364,109,MUL,0,2,0,1650,"ffn_shexp_gated-3","ffn_shexp-3","shared_expert_gate_sigmoid-3"
364,110,ADD,0,1,1,1652,"ffn_out-3","ffn_moe_out-3","ffn_shexp_gated-3"
364,113,MUL_MAT,0,6,5,1673,"hc_inject-3","blk.3.hc_ffn_inject.weight","hc_norm-3"
364,119,ADD,0,1,0,1684,"l_last-3","hc_combine-3","node_736"
364,122,MUL,0,6,0,1694,"hc_norm-4"," (reshaped)","blk.4.hc_attn_norm.weight"
364,127,UNARY,0,26,1,1881,"hc_gate-4","node_744",""
364,138,SCALE,0,1,1,1894,"hc_mixed-4","node_755",""
364,184,RMS_NORM,0,1,5,3175,"norm-4","attn_output-4",""
365,5,MUL_MAT,0,343,14,780,"linear_attn_out-4","blk.4.ssm_out.weight","final_output-4"
365,9,MUL_MAT,0,9,0,795,"hc_inject-4","blk.4.hc_attn_inject.weight","hc_norm-4"
365,15,ADD,0,2,0,807,"hc_combine-4","l_last-3","node_818"
365,18,MUL,0,11,0,822,"hc_norm-4"," (reshaped)","blk.4.hc_ffn_norm.weight"
365,23,UNARY,0,34,0,1018,"hc_gate-4","node_826",""
365,34,SCALE,0,1,1,1036,"ffn_moe_inp-4","node_837",""
365,38,ARGSORT,0,22,1,1173,"ffn_moe_argsort-4","ffn_moe_probs-4",""
365,70,ADD,0,2,1,2039,"ffn_moe_out-4","node_873","ffn_moe_weighted-4 (view)"
365,74,MUL_MAT,0,33,1,2151,"ffn_shexp-4","blk.4.ffn_down_shexp.weight","ffn_swiglu-4"
365,77,MUL,0,3,0,2168,"ffn_shexp_gated-4","ffn_shexp-4","shared_expert_gate_sigmoid-4"
365,78,ADD,0,1,0,2170,"ffn_out-4","ffn_moe_out-4","ffn_shexp_gated-4"
365,81,MUL_MAT,0,35,1,2210,"hc_inject-4","blk.4.hc_ffn_inject.weight","hc_norm-4"
365,87,ADD,0,2,5,2227,"l_last-4","hc_combine-4","node_890"
365,90,MUL,0,9,0,2239,"hc_norm-5"," (reshaped)","blk.5.hc_attn_norm.weight"
365,95,UNARY,0,33,57,2476,"hc_gate-5","node_898",""
365,106,SCALE,0,0,2,2501,"hc_mixed-5","node_909",""
365,152,RMS_NORM,0,0,2,3760,"norm-5","attn_output-5",""
366,5,MUL_MAT,0,306,11,624,"linear_attn_out-5","blk.5.ssm_out.weight","final_output-5"
366,9,MUL_MAT,0,8,0,638,"hc_inject-5","blk.5.hc_attn_inject.weight","hc_norm-5"
366,15,ADD,0,2,1,651,"hc_combine-5","l_last-4","node_972"
366,18,MUL,0,8,1,664,"hc_norm-5"," (reshaped)","blk.5.hc_ffn_norm.weight"
366,23,UNARY,0,34,0,846,"hc_gate-5","node_980",""
366,34,SCALE,0,0,2,864,"ffn_moe_inp-5","node_991",""
366,38,ARGSORT,0,22,1,992,"ffn_moe_argsort-5","ffn_moe_probs-5",""
366,70,ADD,0,2,1,1626,"ffn_moe_out-5","node_1027","ffn_moe_weighted-5 (view)"
366,74,MUL_MAT,0,37,9,1770,"ffn_shexp-5","blk.5.ffn_down_shexp.weight","ffn_swiglu-5"
366,77,MUL,0,3,0,1787,"ffn_shexp_gated-5","ffn_shexp-5","shared_expert_gate_sigmoid-5"
366,78,ADD,0,2,0,1789,"ffn_out-5","ffn_moe_out-5","ffn_shexp_gated-5"
366,81,MUL_MAT,0,11,6,1810,"hc_inject-5","blk.5.hc_ffn_inject.weight","hc_norm-5"
366,87,ADD,0,2,0,1823,"l_last-5","hc_combine-5","node_1044"
366,90,MUL,0,12,0,1840,"hc_norm-6"," (reshaped)","blk.6.hc_attn_norm.weight"
366,95,UNARY,0,34,0,2051,"hc_gate-6","node_1052",""
366,106,SCALE,0,1,1,2069,"hc_mixed-6","node_1063",""
366,152,RMS_NORM,0,0,2,3665,"norm-6","attn_output-6",""
367,5,MUL_MAT,0,281,43,631,"linear_attn_out-6","blk.6.ssm_out.weight","final_output-6"
367,9,MUL_MAT,0,9,0,645,"hc_inject-6","blk.6.hc_attn_inject.weight","hc_norm-6"
367,15,ADD,0,2,1,659,"hc_combine-6","l_last-5","node_1126"
367,18,MUL,0,9,0,672,"hc_norm-6"," (reshaped)","blk.6.hc_ffn_norm.weight"
367,23,UNARY,0,34,1,849,"hc_gate-6","node_1134",""
367,34,SCALE,0,0,2,868,"ffn_moe_inp-6","node_1145",""
367,38,ARGSORT,0,22,0,995,"ffn_moe_argsort-6","ffn_moe_probs-6",""
367,70,ADD,0,2,0,1646,"ffn_moe_out-6","node_1181","ffn_moe_weighted-6 (view)"
367,74,MUL_MAT,0,35,1,1762,"ffn_shexp-6","blk.6.ffn_down_shexp.weight","ffn_swiglu-6"
367,77,MUL,0,3,1,1772,"ffn_shexp_gated-6","ffn_shexp-6","shared_expert_gate_sigmoid-6"
367,78,ADD,0,1,2,1775,"ffn_out-6","ffn_moe_out-6","ffn_shexp_gated-6"
367,81,MUL_MAT,0,8,0,1795,"hc_inject-6","blk.6.hc_ffn_inject.weight","hc_norm-6"
367,87,ADD,0,2,0,1808,"l_last-6","hc_combine-6","node_1198"
367,90,MUL,0,8,1,1822,"hc_norm-7"," (reshaped)","blk.7.hc_attn_norm.weight"
367,95,UNARY,0,34,0,2001,"hc_gate-7","node_1206",""
367,106,SCALE,0,0,1,2018,"hc_mixed-7","node_1217",""
367,151,RMS_NORM,0,9,140,2913,"norm-7","indexer_k_pooled-7 (reshaped)",""
368,38,MUL_MAT,0,328,11,613,"attn_output-7","blk.7.attn_output.weight","attn_gated-7"
368,41,MUL_MAT,0,11,4,632,"hc_inject-7","blk.7.hc_attn_inject.weight","hc_norm-7"
368,47,ADD,0,2,7,651,"hc_combine-7","l_last-6","node_1313"
368,50,MUL,0,13,0,669,"hc_norm-7"," (reshaped)","blk.7.hc_ffn_norm.weight"
368,55,UNARY,0,34,0,866,"hc_gate-7","node_1321",""
368,66,SCALE,0,0,7,912,"ffn_moe_inp-7","node_1332",""
368,70,ARGSORT,0,23,0,1050,"ffn_moe_argsort-7","ffn_moe_probs-7",""
368,102,ADD,0,1,1,1702,"ffn_moe_out-7","node_1368","ffn_moe_weighted-7 (view)"
368,106,MUL_MAT,0,32,3,1823,"ffn_shexp-7","blk.7.ffn_down_shexp.weight","ffn_swiglu-7"
368,109,MUL,0,3,0,1848,"ffn_shexp_gated-7","ffn_shexp-7","shared_expert_gate_sigmoid-7"
368,110,ADD,0,1,0,1850,"ffn_out-7","ffn_moe_out-7","ffn_shexp_gated-7"
368,113,MUL_MAT,0,7,7,1873,"hc_inject-7","blk.7.hc_ffn_inject.weight","hc_norm-7"
368,119,ADD,0,2,0,1891,"l_last-7","hc_combine-7","node_1385"
368,122,MUL,0,8,1,1904,"hc_norm-8"," (reshaped)","blk.8.hc_attn_norm.weight"
368,127,UNARY,0,33,1,2084,"hc_gate-8","node_1393",""
368,138,SCALE,0,1,1,2102,"hc_mixed-8","node_1404",""
368,184,RMS_NORM,0,0,5,3349,"norm-8","attn_output-8",""
369,5,MUL_MAT,0,301,8,602,"linear_attn_out-8","blk.8.ssm_out.weight","final_output-8"
369,9,MUL_MAT,0,8,0,618,"hc_inject-8","blk.8.hc_attn_inject.weight","hc_norm-8"
369,15,ADD,0,2,1,633,"hc_combine-8","l_last-7","node_1467"
369,18,MUL,0,8,0,645,"hc_norm-8"," (reshaped)","blk.8.hc_ffn_norm.weight"
369,23,UNARY,0,51,1,854,"hc_gate-8","node_1475",""
369,34,SCALE,0,0,2,874,"ffn_moe_inp-8","node_1486",""
369,38,ARGSORT,0,22,1,999,"ffn_moe_argsort-8","ffn_moe_probs-8",""
369,70,ADD,0,1,1,1711,"ffn_moe_out-8","node_1522","ffn_moe_weighted-8 (view)"
369,74,MUL_MAT,0,44,1,1836,"ffn_shexp-8","blk.8.ffn_down_shexp.weight","ffn_swiglu-8"
369,77,MUL,0,3,1,1861,"ffn_shexp_gated-8","ffn_shexp-8","shared_expert_gate_sigmoid-8"
369,78,ADD,0,1,1,1863,"ffn_out-8","ffn_moe_out-8","ffn_shexp_gated-8"
369,81,MUL_MAT,0,9,2,1878,"hc_inject-8","blk.8.hc_ffn_inject.weight","hc_norm-8"
369,87,ADD,0,2,0,1895,"l_last-8","hc_combine-8","node_1539"
369,90,MUL,0,13,0,1913,"hc_norm-9"," (reshaped)","blk.9.hc_attn_norm.weight"
369,95,UNARY,0,35,0,2111,"hc_gate-9","node_1547",""
369,106,SCALE,0,0,2,2135,"hc_mixed-9","node_1558",""
369,152,RMS_NORM,0,1,1,3554,"norm-9","attn_output-9",""
370,5,MUL_MAT,0,305,9,619,"linear_attn_out-9","blk.9.ssm_out.weight","final_output-9"
370,9,MUL_MAT,0,8,7,641,"hc_inject-9","blk.9.hc_attn_inject.weight","hc_norm-9"
370,15,ADD,0,1,1,662,"hc_combine-9","l_last-8","node_1621"
370,18,MUL,0,8,1,675,"hc_norm-9"," (reshaped)","blk.9.hc_ffn_norm.weight"
370,23,UNARY,0,34,1,854,"hc_gate-9","node_1629",""
370,34,SCALE,0,1,1,873,"ffn_moe_inp-9","node_1640",""
370,38,ARGSORT,0,23,0,1001,"ffn_moe_argsort-9","ffn_moe_probs-9",""
370,70,ADD,0,2,0,1671,"ffn_moe_out-9","node_1676","ffn_moe_weighted-9 (view)"
370,74,MUL_MAT,0,38,1,1787,"ffn_shexp-9","blk.9.ffn_down_shexp.weight","ffn_swiglu-9"
370,77,MUL,0,3,0,1805,"ffn_shexp_gated-9","ffn_shexp-9","shared_expert_gate_sigmoid-9"
370,78,ADD,0,1,1,1808,"ffn_out-9","ffn_moe_out-9","ffn_shexp_gated-9"
370,81,MUL_MAT,0,8,2,1822,"hc_inject-9","blk.9.hc_ffn_inject.weight","hc_norm-9"
370,87,ADD,0,2,1,1836,"l_last-9","hc_combine-9","node_1693"
370,90,MUL,0,9,0,1851,"hc_norm-10"," (reshaped)","blk.10.hc_attn_norm.weight"
370,95,UNARY,0,35,0,2052,"hc_gate-10","node_1701",""
370,106,SCALE,0,0,2,2078,"hc_mixed-10","node_1712",""
370,152,RMS_NORM,0,0,1,3583,"norm-10","attn_output-10",""
371,5,MUL_MAT,0,297,22,621,"linear_attn_out-10","blk.10.ssm_out.weight","final_output-10"
371,9,MUL_MAT,0,9,0,637,"hc_inject-10","blk.10.hc_attn_inject.weight","hc_norm-10"
371,15,ADD,0,2,9,665,"hc_combine-10","l_last-9","node_1775"
371,18,MUL,0,9,0,682,"hc_norm-10"," (reshaped)","blk.10.hc_ffn_norm.weight"
371,23,UNARY,0,33,0,864,"hc_gate-10","node_1783",""
371,34,SCALE,0,0,2,882,"ffn_moe_inp-10","node_1794",""
371,38,ARGSORT,0,23,0,1011,"ffn_moe_argsort-10","ffn_moe_probs-10",""
371,70,ADD,0,1,0,2266,"ffn_moe_out-10","node_1830","ffn_moe_weighted-10 (view)"
371,74,MUL_MAT,0,25,16,2384,"ffn_shexp-10","blk.10.ffn_down_shexp.weight","ffn_swiglu-10"
371,77,MUL,0,3,0,2396,"ffn_shexp_gated-10","ffn_shexp-10","shared_expert_gate_sigmoid-10"
371,78,ADD,0,1,8,2405,"ffn_out-10","ffn_moe_out-10","ffn_shexp_gated-10"
371,81,MUL_MAT,0,9,13,2436,"hc_inject-10","blk.10.hc_ffn_inject.weight","hc_norm-10"
371,87,ADD,0,2,10,2481,"l_last-10","hc_combine-10","node_1847"
371,90,MUL,0,7,0,2500,"hc_norm-11"," (reshaped)","blk.11.hc_attn_norm.weight"
371,95,UNARY,0,28,1,2731,"hc_gate-11","node_1855",""
371,106,SCALE,0,0,1,2746,"hc_mixed-11","node_1866",""
371,151,RMS_NORM,0,3,15,3585,"norm-11","indexer_k_pooled-11 (reshaped)",""
372,38,MUL_MAT,0,334,2,612,"attn_output-11","blk.11.attn_output.weight","attn_gated-11"
372,41,MUL_MAT,0,11,1,691,"hc_inject-11","blk.11.hc_attn_inject.weight","hc_norm-11"
372,47,ADD,0,2,12,715,"hc_combine-11","l_last-10","node_1962"
372,50,MUL,0,8,0,727,"hc_norm-11"," (reshaped)","blk.11.hc_ffn_norm.weight"
372,55,UNARY,0,34,0,905,"hc_gate-11","node_1970",""
372,66,SCALE,0,0,1,922,"ffn_moe_inp-11","node_1981",""
372,70,ARGSORT,0,22,0,1042,"ffn_moe_argsort-11","ffn_moe_probs-11",""
372,102,ADD,0,1,1,2038,"ffn_moe_out-11","node_2017","ffn_moe_weighted-11 (view)"
372,106,MUL_MAT,0,32,5,2160,"ffn_shexp-11","blk.11.ffn_down_shexp.weight","ffn_swiglu-11"
372,109,MUL,0,3,1,2171,"ffn_shexp_gated-11","ffn_shexp-11","shared_expert_gate_sigmoid-11"
372,110,ADD,0,1,1,2173,"ffn_out-11","ffn_moe_out-11","ffn_shexp_gated-11"
372,113,MUL_MAT,0,8,1,2186,"hc_inject-11","blk.11.hc_ffn_inject.weight","hc_norm-11"
372,119,ADD,0,1,1,2208,"l_last-11","hc_combine-11","node_2034"
372,122,MUL,0,7,0,2220,"hc_norm-12"," (reshaped)","blk.12.hc_attn_norm.weight"
372,127,UNARY,0,34,0,2409,"hc_gate-12","node_2042",""
372,138,SCALE,0,0,1,2425,"hc_mixed-12","node_2053",""
372,184,RMS_NORM,0,0,4,3696,"norm-12","attn_output-12",""
373,5,MUL_MAT,0,316,5,625,"linear_attn_out-12","blk.12.ssm_out.weight","final_output-12"
373,9,MUL_MAT,0,9,2,642,"hc_inject-12","blk.12.hc_attn_inject.weight","hc_norm-12"
373,15,ADD,0,2,1,657,"hc_combine-12","l_last-11","node_2116"
373,18,MUL,0,11,0,672,"hc_norm-12"," (reshaped)","blk.12.hc_ffn_norm.weight"
373,23,UNARY,0,34,1,878,"hc_gate-12","node_2124",""
373,34,SCALE,0,0,2,896,"ffn_moe_inp-12","node_2135",""
373,38,ARGSORT,0,23,1,1045,"ffn_moe_argsort-12","ffn_moe_probs-12",""
373,70,ADD,0,2,0,2214,"ffn_moe_out-12","node_2171","ffn_moe_weighted-12 (view)"
373,74,MUL_MAT,0,34,1,2332,"ffn_shexp-12","blk.12.ffn_down_shexp.weight","ffn_swiglu-12"
373,77,MUL,0,3,1,2343,"ffn_shexp_gated-12","ffn_shexp-12","shared_expert_gate_sigmoid-12"
373,78,ADD,0,2,0,2345,"ffn_out-12","ffn_moe_out-12","ffn_shexp_gated-12"
373,81,MUL_MAT,0,8,0,2357,"hc_inject-12","blk.12.hc_ffn_inject.weight","hc_norm-12"
373,87,ADD,0,1,1,2370,"l_last-12","hc_combine-12","node_2188"
373,90,MUL,0,7,2,2383,"hc_norm-13"," (reshaped)","blk.13.hc_attn_norm.weight"
373,95,UNARY,0,34,0,2570,"hc_gate-13","node_2196",""
373,106,SCALE,0,0,1,2599,"hc_mixed-13","node_2207",""
373,152,RMS_NORM,0,1,1,4055,"norm-13","attn_output-13",""
374,5,MUL_MAT,0,328,3,672,"linear_attn_out-13","blk.13.ssm_out.weight","final_output-13"
374,9,MUL_MAT,0,10,2,689,"hc_inject-13","blk.13.hc_attn_inject.weight","hc_norm-13"
374,15,ADD,0,1,1,703,"hc_combine-13","l_last-12","node_2270"
374,18,MUL,0,10,0,718,"hc_norm-13"," (reshaped)","blk.13.hc_ffn_norm.weight"
374,23,UNARY,0,34,1,909,"hc_gate-13","node_2278",""
374,34,SCALE,0,1,1,928,"ffn_moe_inp-13","node_2289",""
374,38,ARGSORT,0,23,0,1063,"ffn_moe_argsort-13","ffn_moe_probs-13",""
374,70,ADD,0,1,1,1778,"ffn_moe_out-13","node_2325","ffn_moe_weighted-13 (view)"
374,74,MUL_MAT,0,35,2,1896,"ffn_shexp-13","blk.13.ffn_down_shexp.weight","ffn_swiglu-13"
374,77,MUL,0,4,0,1905,"ffn_shexp_gated-13","ffn_shexp-13","shared_expert_gate_sigmoid-13"
374,78,ADD,0,2,0,1907,"ffn_out-13","ffn_moe_out-13","ffn_shexp_gated-13"
374,81,MUL_MAT,0,9,2,1922,"hc_inject-13","blk.13.hc_ffn_inject.weight","hc_norm-13"
374,87,ADD,0,1,1,1938,"l_last-13","hc_combine-13","node_2342"
374,90,MUL,0,8,0,1951,"hc_norm-14"," (reshaped)","blk.14.hc_attn_norm.weight"
374,95,UNARY,0,34,1,2146,"hc_gate-14","node_2350",""
374,106,SCALE,0,0,0,2192,"hc_mixed-14","node_2361",""
374,152,RMS_NORM,0,0,8,3317,"norm-14","attn_output-14",""
375,5,MUL_MAT,0,166,187,672,"linear_attn_out-14","blk.14.ssm_out.weight","final_output-14"
375,9,MUL_MAT,0,7,1,684,"hc_inject-14","blk.14.hc_attn_inject.weight","hc_norm-14"
375,15,ADD,0,2,1,694,"hc_combine-14","l_last-13","node_2424"
375,18,MUL,0,5,0,702,"hc_norm-14"," (reshaped)","blk.14.hc_ffn_norm.weight"
375,23,UNARY,0,21,0,876,"hc_gate-14","node_2432",""
375,34,SCALE,0,0,0,899,"ffn_moe_inp-14","node_2443",""
375,38,ARGSORT,0,19,0,1035,"ffn_moe_argsort-14","ffn_moe_probs-14",""
375,70,ADD,0,1,8,2145,"ffn_moe_out-14","node_2479","ffn_moe_weighted-14 (view)"
375,74,MUL_MAT,0,21,23,2277,"ffn_shexp-14","blk.14.ffn_down_shexp.weight","ffn_swiglu-14"
375,77,MUL,0,1,0,2289,"ffn_shexp_gated-14","ffn_shexp-14","shared_expert_gate_sigmoid-14"
375,78,ADD,0,1,0,2291,"ffn_out-14","ffn_moe_out-14","ffn_shexp_gated-14"
375,81,MUL_MAT,0,7,1,2302,"hc_inject-14","blk.14.hc_ffn_inject.weight","hc_norm-14"
375,87,ADD,0,1,7,2319,"l_last-14","hc_combine-14","node_2496"
375,90,MUL,0,5,0,2327,"hc_norm-15"," (reshaped)","blk.15.hc_attn_norm.weight"
375,95,UNARY,0,21,0,2525,"hc_gate-15","node_2504",""
375,106,SCALE,0,0,2,2540,"hc_mixed-15","node_2515",""
375,151,RMS_NORM,0,4,0,3376,"norm-15","indexer_k_pooled-15 (reshaped)",""
376,38,MUL_MAT,0,312,1,545,"attn_output-15","blk.15.attn_output.weight","attn_gated-15"
376,41,MUL_MAT,0,7,0,557,"hc_inject-15","blk.15.hc_attn_inject.weight","hc_norm-15"
376,47,ADD,0,2,0,572,"hc_combine-15","l_last-14","node_2611"
376,50,MUL,0,8,0,584,"hc_norm-15"," (reshaped)","blk.15.hc_ffn_norm.weight"
376,55,UNARY,0,33,0,769,"hc_gate-15","node_2619",""
376,66,SCALE,0,0,2,787,"ffn_moe_inp-15","node_2630",""
376,70,ARGSORT,0,22,1,907,"ffn_moe_argsort-15","ffn_moe_probs-15",""
376,102,ADD,0,1,0,1530,"ffn_moe_out-15","node_2666","ffn_moe_weighted-15 (view)"
376,106,MUL_MAT,0,32,2,1646,"ffn_shexp-15","blk.15.ffn_down_shexp.weight","ffn_swiglu-15"
376,109,MUL,0,3,1,1656,"ffn_shexp_gated-15","ffn_shexp-15","shared_expert_gate_sigmoid-15"
376,110,ADD,0,1,1,1658,"ffn_out-15","ffn_moe_out-15","ffn_shexp_gated-15"
376,113,MUL_MAT,0,8,0,1670,"hc_inject-15","blk.15.hc_ffn_inject.weight","hc_norm-15"
376,119,ADD,0,1,0,1681,"l_last-15","hc_combine-15","node_2683"
376,122,MUL,0,9,0,1693,"hc_norm-16"," (reshaped)","blk.16.hc_attn_norm.weight"
376,127,UNARY,0,34,0,1876,"hc_gate-16","node_2691",""
376,138,SCALE,0,1,1,1893,"hc_mixed-16","node_2702",""
376,184,RMS_NORM,0,1,1,3255,"norm-16","attn_output-16",""
377,5,MUL_MAT,0,328,12,681,"linear_attn_out-16","blk.16.ssm_out.weight","final_output-16"
377,9,MUL_MAT,0,10,1,696,"hc_inject-16","blk.16.hc_attn_inject.weight","hc_norm-16"
377,15,ADD,0,2,1,717,"hc_combine-16","l_last-15","node_2765"
377,18,MUL,0,24,1,747,"hc_norm-16"," (reshaped)","blk.16.hc_ffn_norm.weight"
377,23,UNARY,0,34,0,939,"hc_gate-16","node_2773",""
377,34,SCALE,0,0,2,956,"ffn_moe_inp-16","node_2784",""
377,38,ARGSORT,0,22,0,1088,"ffn_moe_argsort-16","ffn_moe_probs-16",""
377,70,ADD,0,2,0,1916,"ffn_moe_out-16","node_2820","ffn_moe_weighted-16 (view)"
377,74,MUL_MAT,0,34,3,2035,"ffn_shexp-16","blk.16.ffn_down_shexp.weight","ffn_swiglu-16"
377,77,MUL,0,3,0,2044,"ffn_shexp_gated-16","ffn_shexp-16","shared_expert_gate_sigmoid-16"
377,78,ADD,0,2,0,2046,"ffn_out-16","ffn_moe_out-16","ffn_shexp_gated-16"
377,81,MUL_MAT,0,8,0,2058,"hc_inject-16","blk.16.hc_ffn_inject.weight","hc_norm-16"
377,87,ADD,0,2,0,2072,"l_last-16","hc_combine-16","node_2837"
377,90,MUL,0,8,0,2084,"hc_norm-17"," (reshaped)","blk.17.hc_attn_norm.weight"
377,95,UNARY,0,34,1,2285,"hc_gate-17","node_2845",""
377,106,SCALE,0,0,2,2302,"hc_mixed-17","node_2856",""
377,152,RMS_NORM,0,1,4,3576,"norm-17","attn_output-17",""
378,5,MUL_MAT,0,309,1,615,"linear_attn_out-17","blk.17.ssm_out.weight","final_output-17"
378,9,MUL_MAT,0,8,0,629,"hc_inject-17","blk.17.hc_attn_inject.weight","hc_norm-17"
378,15,ADD,0,2,1,649,"hc_combine-17","l_last-16","node_2919"
378,18,MUL,0,8,1,661,"hc_norm-17"," (reshaped)","blk.17.hc_ffn_norm.weight"
378,23,UNARY,0,34,0,902,"hc_gate-17","node_2927",""
378,34,SCALE,0,0,2,922,"ffn_moe_inp-17","node_2938",""
378,38,ARGSORT,0,22,0,1060,"ffn_moe_argsort-17","ffn_moe_probs-17",""
378,70,ADD,0,1,1,1792,"ffn_moe_out-17","node_2974","ffn_moe_weighted-17 (view)"
378,74,MUL_MAT,0,46,3,1920,"ffn_shexp-17","blk.17.ffn_down_shexp.weight","ffn_swiglu-17"
378,77,MUL,0,3,1,1930,"ffn_shexp_gated-17","ffn_shexp-17","shared_expert_gate_sigmoid-17"
378,78,ADD,0,2,0,1932,"ffn_out-17","ffn_moe_out-17","ffn_shexp_gated-17"
378,81,MUL_MAT,0,9,0,1945,"hc_inject-17","blk.17.hc_ffn_inject.weight","hc_norm-17"
378,87,ADD,0,2,0,1959,"l_last-17","hc_combine-17","node_2991"
378,90,MUL,0,9,1,1981,"hc_norm-18"," (reshaped)","blk.18.hc_attn_norm.weight"
378,95,UNARY,0,34,1,2177,"hc_gate-18","node_2999",""
378,106,SCALE,0,0,1,2195,"hc_mixed-18","node_3010",""
378,152,RMS_NORM,0,1,1,3506,"norm-18","attn_output-18",""
379,5,MUL_MAT,0,269,64,657,"linear_attn_out-18","blk.18.ssm_out.weight","final_output-18"
379,9,MUL_MAT,0,8,5,674,"hc_inject-18","blk.18.hc_attn_inject.weight","hc_norm-18"
379,15,ADD,0,2,2,689,"hc_combine-18","l_last-17","node_3073"
379,18,MUL,0,6,0,700,"hc_norm-18"," (reshaped)","blk.18.hc_ffn_norm.weight"
379,23,UNARY,0,30,0,911,"hc_gate-18","node_3081",""
379,34,SCALE,0,0,5,948,"ffn_moe_inp-18","node_3092",""
379,38,ARGSORT,0,18,1,1095,"ffn_moe_argsort-18","ffn_moe_probs-18",""
379,70,ADD,0,1,0,1834,"ffn_moe_out-18","node_3128","ffn_moe_weighted-18 (view)"
379,74,MUL_MAT,0,32,13,1974,"ffn_shexp-18","blk.18.ffn_down_shexp.weight","ffn_swiglu-18"
379,77,MUL,0,2,0,1982,"ffn_shexp_gated-18","ffn_shexp-18","shared_expert_gate_sigmoid-18"
379,78,ADD,0,1,0,1984,"ffn_out-18","ffn_moe_out-18","ffn_shexp_gated-18"
379,81,MUL_MAT,0,11,7,2005,"hc_inject-18","blk.18.hc_ffn_inject.weight","hc_norm-18"
379,87,ADD,0,1,1,2017,"l_last-18","hc_combine-18","node_3145"
379,90,MUL,0,6,1,2028,"hc_norm-19"," (reshaped)","blk.19.hc_attn_norm.weight"
379,95,UNARY,0,34,1,2230,"hc_gate-19","node_3153",""
379,106,SCALE,0,0,2,2259,"hc_mixed-19","node_3164",""
379,151,RMS_NORM,0,4,0,3106,"norm-19","indexer_k_pooled-19 (reshaped)",""
380,38,MUL_MAT,0,237,73,530,"attn_output-19","blk.19.attn_output.weight","attn_gated-19"
380,41,MUL_MAT,0,6,13,551,"hc_inject-19","blk.19.hc_attn_inject.weight","hc_norm-19"
380,47,ADD,0,1,1,578,"hc_combine-19","l_last-18","node_3260"
380,50,MUL,0,6,0,588,"hc_norm-19"," (reshaped)","blk.19.hc_ffn_norm.weight"
380,55,UNARY,0,30,1,760,"hc_gate-19","node_3268",""
380,66,SCALE,0,0,1,774,"ffn_moe_inp-19","node_3279",""
380,70,ARGSORT,0,21,0,902,"ffn_moe_argsort-19","ffn_moe_probs-19",""
380,102,ADD,0,1,1,1917,"ffn_moe_out-19","node_3315","ffn_moe_weighted-19 (view)"
380,106,MUL_MAT,0,28,6,2021,"ffn_shexp-19","blk.19.ffn_down_shexp.weight","ffn_swiglu-19"
380,109,MUL,0,2,0,2031,"ffn_shexp_gated-19","ffn_shexp-19","shared_expert_gate_sigmoid-19"
380,110,ADD,0,1,1,2033,"ffn_out-19","ffn_moe_out-19","ffn_shexp_gated-19"
380,113,MUL_MAT,0,5,5,2046,"hc_inject-19","blk.19.hc_ffn_inject.weight","hc_norm-19"
380,119,ADD,0,1,1,2058,"l_last-19","hc_combine-19","node_3332"
380,122,MUL,0,6,0,2069,"hc_norm-20"," (reshaped)","blk.20.hc_attn_norm.weight"
380,127,UNARY,0,30,1,2242,"hc_gate-20","node_3340",""
380,138,SCALE,0,1,2,2259,"hc_mixed-20","node_3351",""
380,184,RMS_NORM,0,0,6,3428,"norm-20","attn_output-20",""
381,5,MUL_MAT,0,271,77,696,"linear_attn_out-20","blk.20.ssm_out.weight","final_output-20"
381,9,MUL_MAT,0,6,4,711,"hc_inject-20","blk.20.hc_attn_inject.weight","hc_norm-20"
381,15,ADD,0,1,1,723,"hc_combine-20","l_last-19","node_3414"
381,18,MUL,0,7,0,734,"hc_norm-20"," (reshaped)","blk.20.hc_ffn_norm.weight"
381,23,UNARY,0,31,0,929,"hc_gate-20","node_3422",""
381,34,SCALE,0,0,1,971,"ffn_moe_inp-20","node_3433",""
381,38,ARGSORT,0,23,0,1102,"ffn_moe_argsort-20","ffn_moe_probs-20",""
381,70,ADD,0,1,1,1759,"ffn_moe_out-20","node_3469","ffn_moe_weighted-20 (view)"
381,74,MUL_MAT,0,27,8,1872,"ffn_shexp-20","blk.20.ffn_down_shexp.weight","ffn_swiglu-20"
381,77,MUL,0,2,0,1885,"ffn_shexp_gated-20","ffn_shexp-20","shared_expert_gate_sigmoid-20"
381,78,ADD,0,1,1,1887,"ffn_out-20","ffn_moe_out-20","ffn_shexp_gated-20"
381,81,MUL_MAT,0,8,3,1900,"hc_inject-20","blk.20.hc_ffn_inject.weight","hc_norm-20"
381,87,ADD,0,2,0,1918,"l_last-20","hc_combine-20","node_3486"
381,90,MUL,0,7,0,1929,"hc_norm-21"," (reshaped)","blk.21.hc_attn_norm.weight"
381,95,UNARY,0,31,0,2122,"hc_gate-21","node_3494",""
381,106,SCALE,0,0,2,2139,"hc_mixed-21","node_3505",""
381,152,RMS_NORM,0,0,2,3197,"norm-21","attn_output-21",""
382,5,MUL_MAT,0,261,64,644,"linear_attn_out-21","blk.21.ssm_out.weight","final_output-21"
382,9,MUL_MAT,0,7,3,664,"hc_inject-21","blk.21.hc_attn_inject.weight","hc_norm-21"
382,15,ADD,0,1,1,675,"hc_combine-21","l_last-20","node_3568"
382,18,MUL,0,6,1,686,"hc_norm-21"," (reshaped)","blk.21.hc_ffn_norm.weight"
382,23,UNARY,0,30,0,862,"hc_gate-21","node_3576",""
382,34,SCALE,0,0,1,879,"ffn_moe_inp-21","node_3587",""
382,38,ARGSORT,0,21,0,1004,"ffn_moe_argsort-21","ffn_moe_probs-21",""
382,70,ADD,0,1,0,1689,"ffn_moe_out-21","node_3623","ffn_moe_weighted-21 (view)"
382,74,MUL_MAT,0,29,8,1821,"ffn_shexp-21","blk.21.ffn_down_shexp.weight","ffn_swiglu-21"
382,77,MUL,0,2,0,1829,"ffn_shexp_gated-21","ffn_shexp-21","shared_expert_gate_sigmoid-21"
382,78,ADD,0,1,0,1831,"ffn_out-21","ffn_moe_out-21","ffn_shexp_gated-21"
382,81,MUL_MAT,0,8,5,1847,"hc_inject-21","blk.21.hc_ffn_inject.weight","hc_norm-21"
382,87,ADD,0,1,0,1859,"l_last-21","hc_combine-21","node_3640"
382,90,MUL,0,7,0,1871,"hc_norm-22"," (reshaped)","blk.22.hc_attn_norm.weight"
382,95,UNARY,0,31,0,2064,"hc_gate-22","node_3648",""
382,106,SCALE,0,0,1,2092,"hc_mixed-22","node_3659",""
382,152,RMS_NORM,0,0,2,3259,"norm-22","attn_output-22",""
383,5,MUL_MAT,0,277,70,694,"linear_attn_out-22","blk.22.ssm_out.weight","final_output-22"
383,9,MUL_MAT,0,6,5,710,"hc_inject-22","blk.22.hc_attn_inject.weight","hc_norm-22"
383,15,ADD,0,2,6,729,"hc_combine-22","l_last-21","node_3722"
383,18,MUL,0,5,0,741,"hc_norm-22"," (reshaped)","blk.22.hc_ffn_norm.weight"
383,23,UNARY,0,21,0,918,"hc_gate-22","node_3730",""
383,34,SCALE,0,0,13,969,"ffn_moe_inp-22","node_3741",""
383,38,ARGSORT,0,21,0,1094,"ffn_moe_argsort-22","ffn_moe_probs-22",""
383,70,ADD,0,1,1,1769,"ffn_moe_out-22","node_3777","ffn_moe_weighted-22 (view)"
383,74,MUL_MAT,0,19,17,1882,"ffn_shexp-22","blk.22.ffn_down_shexp.weight","ffn_swiglu-22"
383,77,MUL,0,2,5,1899,"ffn_shexp_gated-22","ffn_shexp-22","shared_expert_gate_sigmoid-22"
383,78,ADD,0,1,1,1901,"ffn_out-22","ffn_moe_out-22","ffn_shexp_gated-22"
383,81,MUL_MAT,0,6,10,1923,"hc_inject-22","blk.22.hc_ffn_inject.weight","hc_norm-22"
383,87,ADD,0,1,10,1955,"l_last-22","hc_combine-22","node_3794"
383,90,MUL,0,4,0,1963,"hc_norm-23"," (reshaped)","blk.23.hc_attn_norm.weight"
383,95,UNARY,0,21,0,2148,"hc_gate-23","node_3802",""
383,106,SCALE,0,0,2,2165,"hc_mixed-23","node_3813",""
383,151,RMS_NORM,0,5,0,3038,"norm-23","indexer_k_pooled-23 (reshaped)",""
384,38,MUL_MAT,0,163,168,554,"attn_output-23","blk.23.attn_output.weight","attn_gated-23"
384,41,MUL_MAT,0,7,2,565,"hc_inject-23","blk.23.hc_attn_inject.weight","hc_norm-23"
384,47,ADD,0,2,1,580,"hc_combine-23","l_last-22","node_3909"
384,50,MUL,0,6,0,589,"hc_norm-23"," (reshaped)","blk.23.hc_ffn_norm.weight"
384,55,UNARY,0,21,0,762,"hc_gate-23","node_3917",""
384,66,SCALE,0,0,2,779,"ffn_moe_inp-23","node_3928",""
384,70,ARGSORT,0,19,0,943,"ffn_moe_argsort-23","ffn_moe_probs-23",""
384,102,ADD,0,1,1,1622,"ffn_moe_out-23","node_3964","ffn_moe_weighted-23 (view)"
384,106,MUL_MAT,0,20,15,1732,"ffn_shexp-23","blk.23.ffn_down_shexp.weight","ffn_swiglu-23"
384,109,MUL,0,2,0,1748,"ffn_shexp_gated-23","ffn_shexp-23","shared_expert_gate_sigmoid-23"
384,110,ADD,0,1,1,1750,"ffn_out-23","ffn_moe_out-23","ffn_shexp_gated-23"
384,113,MUL_MAT,0,6,3,1761,"hc_inject-23","blk.23.hc_ffn_inject.weight","hc_norm-23"
384,119,ADD,0,2,1,1775,"l_last-23","hc_combine-23","node_3981"
384,122,MUL,0,5,0,1784,"hc_norm-24"," (reshaped)","blk.24.hc_attn_norm.weight"
384,127,UNARY,0,20,1,1956,"hc_gate-24","node_3989",""
384,138,SCALE,0,0,2,1974,"hc_mixed-24","node_4000",""
384,184,RMS_NORM,0,0,2,2946,"norm-24","attn_output-24",""
385,5,MUL_MAT,0,194,130,636,"linear_attn_out-24","blk.24.ssm_out.weight","final_output-24"
385,9,MUL_MAT,0,6,3,649,"hc_inject-24","blk.24.hc_attn_inject.weight","hc_norm-24"
385,15,ADD,0,1,2,664,"hc_combine-24","l_last-23","node_4063"
385,18,MUL,0,7,0,675,"hc_norm-24"," (reshaped)","blk.24.hc_ffn_norm.weight"
385,23,UNARY,0,21,1,850,"hc_gate-24","node_4071",""
385,34,SCALE,0,0,2,866,"ffn_moe_inp-24","node_4082",""
385,38,ARGSORT,0,17,0,987,"ffn_moe_argsort-24","ffn_moe_probs-24",""
385,70,ADD,0,1,1,1710,"ffn_moe_out-24","node_4118","ffn_moe_weighted-24 (view)"
385,74,MUL_MAT,0,20,17,1842,"ffn_shexp-24","blk.24.ffn_down_shexp.weight","ffn_swiglu-24"
385,77,MUL,0,1,1,1852,"ffn_shexp_gated-24","ffn_shexp-24","shared_expert_gate_sigmoid-24"
385,78,ADD,0,1,1,1854,"ffn_out-24","ffn_moe_out-24","ffn_shexp_gated-24"
385,81,MUL_MAT,0,5,6,1868,"hc_inject-24","blk.24.hc_ffn_inject.weight","hc_norm-24"
385,87,ADD,0,1,2,1882,"l_last-24","hc_combine-24","node_4135"
385,90,MUL,0,6,0,1892,"hc_norm-25"," (reshaped)","blk.25.hc_attn_norm.weight"
385,95,UNARY,0,22,0,2081,"hc_gate-25","node_4143",""
385,106,SCALE,0,1,2,2106,"hc_mixed-25","node_4154",""
385,152,RMS_NORM,0,1,2,3188,"norm-25","attn_output-25",""
386,5,MUL_MAT,0,197,124,622,"linear_attn_out-25","blk.25.ssm_out.weight","final_output-25"
386,9,MUL_MAT,0,8,3,636,"hc_inject-25","blk.25.hc_attn_inject.weight","hc_norm-25"
386,15,ADD,0,1,3,651,"hc_combine-25","l_last-24","node_4217"
386,18,MUL,0,6,0,661,"hc_norm-25"," (reshaped)","blk.25.hc_ffn_norm.weight"
386,23,UNARY,0,21,0,848,"hc_gate-25","node_4225",""
386,34,SCALE,0,0,2,868,"ffn_moe_inp-25","node_4236",""
386,38,ARGSORT,0,18,1,1010,"ffn_moe_argsort-25","ffn_moe_probs-25",""
386,70,ADD,0,1,1,1643,"ffn_moe_out-25","node_4272","ffn_moe_weighted-25 (view)"
386,74,MUL_MAT,0,21,16,1765,"ffn_shexp-25","blk.25.ffn_down_shexp.weight","ffn_swiglu-25"
386,77,MUL,0,2,0,1782,"ffn_shexp_gated-25","ffn_shexp-25","shared_expert_gate_sigmoid-25"
386,78,ADD,0,1,1,1784,"ffn_out-25","ffn_moe_out-25","ffn_shexp_gated-25"
386,81,MUL_MAT,0,5,3,1796,"hc_inject-25","blk.25.hc_ffn_inject.weight","hc_norm-25"
386,87,ADD,0,2,0,1809,"l_last-25","hc_combine-25","node_4289"
386,90,MUL,0,5,0,1818,"hc_norm-26"," (reshaped)","blk.26.hc_attn_norm.weight"
386,95,UNARY,0,24,1,1994,"hc_gate-26","node_4297",""
386,106,SCALE,0,0,2,2011,"hc_mixed-26","node_4308",""
386,152,RMS_NORM,0,1,3,3005,"norm-26","attn_output-26",""
387,5,MUL_MAT,0,370,1,713,"linear_attn_out-26","blk.26.ssm_out.weight","final_output-26"
387,9,MUL_MAT,0,41,3,764,"hc_inject-26","blk.26.hc_attn_inject.weight","hc_norm-26"
387,15,ADD,0,3,0,787,"hc_combine-26","l_last-25","node_4371"
387,18,MUL,0,10,1,802,"hc_norm-26"," (reshaped)","blk.26.hc_ffn_norm.weight"
387,23,UNARY,0,31,1,1132,"hc_gate-26","node_4379",""
387,34,SCALE,0,0,9,1287,"ffn_moe_inp-26","node_4390",""
387,38,ARGSORT,0,23,0,1459,"ffn_moe_argsort-26","ffn_moe_probs-26",""
387,70,ADD,0,1,1,2768,"ffn_moe_out-26","node_4426","ffn_moe_weighted-26 (view)"
387,74,MUL_MAT,0,33,5,2879,"ffn_shexp-26","blk.26.ffn_down_shexp.weight","ffn_swiglu-26"
387,77,MUL,0,3,1,2903,"ffn_shexp_gated-26","ffn_shexp-26","shared_expert_gate_sigmoid-26"
387,78,ADD,0,2,0,2905,"ffn_out-26","ffn_moe_out-26","ffn_shexp_gated-26"
387,81,MUL_MAT,0,13,0,2922,"hc_inject-26","blk.26.hc_ffn_inject.weight","hc_norm-26"
387,87,ADD,0,2,1,2942,"l_last-26","hc_combine-26","node_4443"
387,90,MUL,0,9,1,2957,"hc_norm-27"," (reshaped)","blk.27.hc_attn_norm.weight"
387,95,UNARY,0,34,0,3151,"hc_gate-27","node_4451",""
387,106,SCALE,0,0,3,3171,"hc_mixed-27","node_4462",""
387,151,RMS_NORM,0,8,1,3930,"norm-27","indexer_k_pooled-27 (reshaped)",""
388,38,MUL_MAT,0,329,0,628,"attn_output-27","blk.27.attn_output.weight","attn_gated-27"
388,41,MUL_MAT,0,12,1,646,"hc_inject-27","blk.27.hc_attn_inject.weight","hc_norm-27"
388,47,ADD,0,1,1,661,"hc_combine-27","l_last-26","node_4558"
388,50,MUL,0,9,0,674,"hc_norm-27"," (reshaped)","blk.27.hc_ffn_norm.weight"
388,55,UNARY,0,33,1,863,"hc_gate-27","node_4566",""
388,66,SCALE,0,0,1,888,"ffn_moe_inp-27","node_4577",""
388,70,ARGSORT,0,22,0,1019,"ffn_moe_argsort-27","ffn_moe_probs-27",""
388,102,ADD,0,2,0,1707,"ffn_moe_out-27","node_4613","ffn_moe_weighted-27 (view)"
388,106,MUL_MAT,0,33,0,1822,"ffn_shexp-27","blk.27.ffn_down_shexp.weight","ffn_swiglu-27"
388,109,MUL,0,3,1,1834,"ffn_shexp_gated-27","ffn_shexp-27","shared_expert_gate_sigmoid-27"
388,110,ADD,0,1,1,1837,"ffn_out-27","ffn_moe_out-27","ffn_shexp_gated-27"
388,113,MUL_MAT,0,22,0,1864,"hc_inject-27","blk.27.hc_ffn_inject.weight","hc_norm-27"
388,119,ADD,0,2,11,1888,"l_last-27","hc_combine-27","node_4630"
388,122,MUL,0,8,0,1901,"hc_norm-28"," (reshaped)","blk.28.hc_attn_norm.weight"
388,127,UNARY,0,33,0,2088,"hc_gate-28","node_4638",""
388,138,SCALE,0,0,2,2106,"hc_mixed-28","node_4649",""
388,184,RMS_NORM,0,0,3,3392,"norm-28","attn_output-28",""
389,5,MUL_MAT,0,302,13,610,"linear_attn_out-28","blk.28.ssm_out.weight","final_output-28"
389,9,MUL_MAT,0,15,1,630,"hc_inject-28","blk.28.hc_attn_inject.weight","hc_norm-28"
389,15,ADD,0,2,0,644,"hc_combine-28","l_last-27","node_4712"
389,18,MUL,0,9,0,658,"hc_norm-28"," (reshaped)","blk.28.hc_ffn_norm.weight"
389,23,UNARY,0,34,1,844,"hc_gate-28","node_4720",""
389,34,SCALE,0,0,1,861,"ffn_moe_inp-28","node_4731",""
389,38,ARGSORT,0,22,1,986,"ffn_moe_argsort-28","ffn_moe_probs-28",""
389,70,ADD,0,2,6,1684,"ffn_moe_out-28","node_4767","ffn_moe_weighted-28 (view)"
389,74,MUL_MAT,0,35,6,1815,"ffn_shexp-28","blk.28.ffn_down_shexp.weight","ffn_swiglu-28"
389,77,MUL,0,3,1,1833,"ffn_shexp_gated-28","ffn_shexp-28","shared_expert_gate_sigmoid-28"
389,78,ADD,0,1,1,1836,"ffn_out-28","ffn_moe_out-28","ffn_shexp_gated-28"
389,81,MUL_MAT,0,10,2,1852,"hc_inject-28","blk.28.hc_ffn_inject.weight","hc_norm-28"
389,87,ADD,0,2,1,1867,"l_last-28","hc_combine-28","node_4784"
389,90,MUL,0,9,1,1884,"hc_norm-29"," (reshaped)","blk.29.hc_attn_norm.weight"
389,95,UNARY,0,34,1,2078,"hc_gate-29","node_4792",""
389,106,SCALE,0,1,2,2098,"hc_mixed-29","node_4803",""
389,152,RMS_NORM,0,1,5,3445,"norm-29","attn_output-29",""
390,5,MUL_MAT,0,312,6,628,"linear_attn_out-29","blk.29.ssm_out.weight","final_output-29"
390,9,MUL_MAT,0,21,1,655,"hc_inject-29","blk.29.hc_attn_inject.weight","hc_norm-29"
390,15,ADD,0,2,0,677,"hc_combine-29","l_last-28","node_4866"
390,18,MUL,0,9,0,691,"hc_norm-29"," (reshaped)","blk.29.hc_ffn_norm.weight"
390,23,UNARY,0,52,0,893,"hc_gate-29","node_4874",""
390,34,SCALE,0,1,7,918,"ffn_moe_inp-29","node_4885",""
390,38,ARGSORT,0,22,1,1046,"ffn_moe_argsort-29","ffn_moe_probs-29",""
390,70,ADD,0,2,0,1728,"ffn_moe_out-29","node_4921","ffn_moe_weighted-29 (view)"
390,74,MUL_MAT,0,35,5,1850,"ffn_shexp-29","blk.29.ffn_down_shexp.weight","ffn_swiglu-29"
390,77,MUL,0,3,1,1865,"ffn_shexp_gated-29","ffn_shexp-29","shared_expert_gate_sigmoid-29"
390,78,ADD,0,1,1,1867,"ffn_out-29","ffn_moe_out-29","ffn_shexp_gated-29"
390,81,MUL_MAT,0,18,1,1891,"hc_inject-29","blk.29.hc_ffn_inject.weight","hc_norm-29"
390,87,ADD,0,2,1,1904,"l_last-29","hc_combine-29","node_4938"
390,90,MUL,0,8,0,1916,"hc_norm-30"," (reshaped)","blk.30.hc_attn_norm.weight"
390,95,UNARY,0,34,0,2106,"hc_gate-30","node_4946",""
390,106,SCALE,0,0,3,2126,"hc_mixed-30","node_4957",""
390,152,RMS_NORM,0,1,4,3608,"norm-30","attn_output-30",""
391,5,MUL_MAT,0,258,64,631,"linear_attn_out-30","blk.30.ssm_out.weight","final_output-30"
391,9,MUL_MAT,0,7,23,665,"hc_inject-30","blk.30.hc_attn_inject.weight","hc_norm-30"
391,15,ADD,0,3,0,678,"hc_combine-30","l_last-29","node_5020"
391,18,MUL,0,6,1,691,"hc_norm-30"," (reshaped)","blk.30.hc_ffn_norm.weight"
391,23,UNARY,0,30,1,873,"hc_gate-30","node_5028",""
391,34,SCALE,0,1,2,899,"ffn_moe_inp-30","node_5039",""
391,38,ARGSORT,0,21,1,1028,"ffn_moe_argsort-30","ffn_moe_probs-30",""
391,70,ADD,0,1,1,2425,"ffn_moe_out-30","node_5075","ffn_moe_weighted-30 (view)"
391,74,MUL_MAT,0,31,7,2544,"ffn_shexp-30","blk.30.ffn_down_shexp.weight","ffn_swiglu-30"
391,77,MUL,0,2,0,2552,"ffn_shexp_gated-30","ffn_shexp-30","shared_expert_gate_sigmoid-30"
391,78,ADD,0,1,0,2554,"ffn_out-30","ffn_moe_out-30","ffn_shexp_gated-30"
391,81,MUL_MAT,0,6,3,2566,"hc_inject-30","blk.30.hc_ffn_inject.weight","hc_norm-30"
391,87,ADD,0,2,0,2578,"l_last-30","hc_combine-30","node_5092"
391,90,MUL,0,6,1,2589,"hc_norm-31"," (reshaped)","blk.31.hc_attn_norm.weight"
391,95,UNARY,0,30,0,2767,"hc_gate-31","node_5100",""
391,106,SCALE,0,0,2,2784,"hc_mixed-31","node_5111",""
391,151,RMS_NORM,0,5,0,3577,"norm-31","indexer_k_pooled-31 (reshaped)",""
392,38,MUL_MAT,0,260,64,547,"attn_output-31","blk.31.attn_output.weight","attn_gated-31"
392,41,MUL_MAT,0,7,4,561,"hc_inject-31","blk.31.hc_attn_inject.weight","hc_norm-31"
392,47,ADD,0,2,0,582,"hc_combine-31","l_last-30","node_5207"
392,50,MUL,0,6,1,593,"hc_norm-31"," (reshaped)","blk.31.hc_ffn_norm.weight"
392,55,UNARY,0,35,0,806,"hc_gate-31","node_5215",""
392,66,SCALE,0,0,2,832,"ffn_moe_inp-31","node_5226",""
392,70,ARGSORT,0,20,0,1053,"ffn_moe_argsort-31","ffn_moe_probs-31",""
392,102,ADD,0,1,1,1664,"ffn_moe_out-31","node_5262","ffn_moe_weighted-31 (view)"
392,106,MUL_MAT,0,31,2,1775,"ffn_shexp-31","blk.31.ffn_down_shexp.weight","ffn_swiglu-31"
392,109,MUL,0,2,0,1783,"ffn_shexp_gated-31","ffn_shexp-31","shared_expert_gate_sigmoid-31"
392,110,ADD,0,1,0,1785,"ffn_out-31","ffn_moe_out-31","ffn_shexp_gated-31"
392,113,MUL_MAT,0,8,1,1797,"hc_inject-31","blk.31.hc_ffn_inject.weight","hc_norm-31"
392,119,ADD,0,2,1,1810,"l_last-31","hc_combine-31","node_5279"
392,122,MUL,0,6,1,1822,"hc_norm-32"," (reshaped)","blk.32.hc_attn_norm.weight"
392,127,UNARY,0,31,0,1998,"hc_gate-32","node_5287",""
392,138,SCALE,0,1,1,2014,"hc_mixed-32","node_5298",""
392,184,RMS_NORM,0,1,1,3038,"norm-32","attn_output-32",""
393,5,MUL_MAT,0,182,143,649,"linear_attn_out-32","blk.32.ssm_out.weight","final_output-32"
393,9,MUL_MAT,0,5,13,671,"hc_inject-32","blk.32.hc_attn_inject.weight","hc_norm-32"
393,15,ADD,0,2,1,683,"hc_combine-32","l_last-31","node_5361"
393,18,MUL,0,6,0,692,"hc_norm-32"," (reshaped)","blk.32.hc_ffn_norm.weight"
393,23,UNARY,0,21,0,860,"hc_gate-32","node_5369",""
393,34,SCALE,0,0,1,874,"ffn_moe_inp-32","node_5380",""
393,38,ARGSORT,0,17,1,998,"ffn_moe_argsort-32","ffn_moe_probs-32",""
393,70,ADD,0,1,0,1599,"ffn_moe_out-32","node_5416","ffn_moe_weighted-32 (view)"
393,74,MUL_MAT,0,21,14,1714,"ffn_shexp-32","blk.32.ffn_down_shexp.weight","ffn_swiglu-32"
393,77,MUL,0,2,0,1724,"ffn_shexp_gated-32","ffn_shexp-32","shared_expert_gate_sigmoid-32"
393,78,ADD,0,1,1,1726,"ffn_out-32","ffn_moe_out-32","ffn_shexp_gated-32"
393,81,MUL_MAT,0,6,3,1737,"hc_inject-32","blk.32.hc_ffn_inject.weight","hc_norm-32"
393,87,ADD,0,2,0,1749,"l_last-32","hc_combine-32","node_5433"
393,90,MUL,0,5,0,1758,"hc_norm-33"," (reshaped)","blk.33.hc_attn_norm.weight"
393,95,UNARY,0,21,0,1955,"hc_gate-33","node_5441",""
393,106,SCALE,0,0,1,1970,"hc_mixed-33","node_5452",""
393,152,RMS_NORM,0,1,48,3172,"norm-33","attn_output-33",""
394,5,MUL_MAT,0,269,95,723,"linear_attn_out-33","blk.33.ssm_out.weight","final_output-33"
394,9,MUL_MAT,0,9,3,749,"hc_inject-33","blk.33.hc_attn_inject.weight","hc_norm-33"
394,15,ADD,0,2,13,795,"hc_combine-33","l_last-32","node_5515"
394,18,MUL,0,8,0,815,"hc_norm-33"," (reshaped)","blk.33.hc_ffn_norm.weight"
394,23,UNARY,0,31,0,1041,"hc_gate-33","node_5523",""
394,34,SCALE,0,0,3,1074,"ffn_moe_inp-33","node_5534",""
394,38,ARGSORT,0,21,1,1231,"ffn_moe_argsort-33","ffn_moe_probs-33",""
394,70,ADD,0,1,1,1918,"ffn_moe_out-33","node_5570","ffn_moe_weighted-33 (view)"
394,74,MUL_MAT,0,21,15,2028,"ffn_shexp-33","blk.33.ffn_down_shexp.weight","ffn_swiglu-33"
394,77,MUL,0,2,0,2036,"ffn_shexp_gated-33","ffn_shexp-33","shared_expert_gate_sigmoid-33"
394,78,ADD,0,1,1,2039,"ffn_out-33","ffn_moe_out-33","ffn_shexp_gated-33"
394,81,MUL_MAT,0,5,4,2051,"hc_inject-33","blk.33.hc_ffn_inject.weight","hc_norm-33"
394,87,ADD,0,1,1,2065,"l_last-33","hc_combine-33","node_5587"
394,90,MUL,0,5,0,2074,"hc_norm-34"," (reshaped)","blk.34.hc_attn_norm.weight"
394,95,UNARY,0,21,0,2253,"hc_gate-34","node_5595",""
394,106,SCALE,0,0,1,2277,"hc_mixed-34","node_5606",""
394,152,RMS_NORM,0,1,2,3245,"norm-34","attn_output-34",""
395,5,MUL_MAT,0,179,140,832,"linear_attn_out-34","blk.34.ssm_out.weight","final_output-34"
395,9,MUL_MAT,0,6,8,849,"hc_inject-34","blk.34.hc_attn_inject.weight","hc_norm-34"
395,15,ADD,0,1,5,867,"hc_combine-34","l_last-33","node_5669"
395,18,MUL,0,5,0,876,"hc_norm-34"," (reshaped)","blk.34.hc_ffn_norm.weight"
395,23,UNARY,0,20,1,1048,"hc_gate-34","node_5677",""
395,34,SCALE,0,0,2,1064,"ffn_moe_inp-34","node_5688",""
395,38,ARGSORT,0,19,0,1189,"ffn_moe_argsort-34","ffn_moe_probs-34",""
395,70,ADD,0,1,0,1891,"ffn_moe_out-34","node_5724","ffn_moe_weighted-34 (view)"
395,74,MUL_MAT,0,27,12,2009,"ffn_shexp-34","blk.34.ffn_down_shexp.weight","ffn_swiglu-34"
395,77,MUL,0,2,1,2019,"ffn_shexp_gated-34","ffn_shexp-34","shared_expert_gate_sigmoid-34"
395,78,ADD,0,1,1,2021,"ffn_out-34","ffn_moe_out-34","ffn_shexp_gated-34"
395,81,MUL_MAT,0,8,3,2035,"hc_inject-34","blk.34.hc_ffn_inject.weight","hc_norm-34"
395,87,ADD,0,1,1,2048,"l_last-34","hc_combine-34","node_5741"
395,90,MUL,0,5,0,2057,"hc_norm-35"," (reshaped)","blk.35.hc_attn_norm.weight"
395,95,UNARY,0,20,1,2242,"hc_gate-35","node_5749",""
395,106,SCALE,0,0,2,2265,"hc_mixed-35","node_5760",""
395,151,RMS_NORM,0,3,1,3043,"norm-35","indexer_k_pooled-35 (reshaped)",""
396,38,MUL_MAT,0,164,148,532,"attn_output-35","blk.35.attn_output.weight","attn_gated-35"
396,41,MUL_MAT,0,6,3,550,"hc_inject-35","blk.35.hc_attn_inject.weight","hc_norm-35"
396,47,ADD,0,2,3,566,"hc_combine-35","l_last-34","node_5856"
396,50,MUL,0,7,0,577,"hc_norm-35"," (reshaped)","blk.35.hc_ffn_norm.weight"
396,55,UNARY,0,21,0,746,"hc_gate-35","node_5864",""
396,66,SCALE,0,0,5,775,"ffn_moe_inp-35","node_5875",""
396,70,ARGSORT,0,18,0,898,"ffn_moe_argsort-35","ffn_moe_probs-35",""
396,102,ADD,0,1,0,1523,"ffn_moe_out-35","node_5911","ffn_moe_weighted-35 (view)"
396,106,MUL_MAT,0,20,17,1642,"ffn_shexp-35","blk.35.ffn_down_shexp.weight","ffn_swiglu-35"
396,109,MUL,0,2,0,1649,"ffn_shexp_gated-35","ffn_shexp-35","shared_expert_gate_sigmoid-35"
396,110,ADD,0,1,2,1652,"ffn_out-35","ffn_moe_out-35","ffn_shexp_gated-35"
396,113,MUL_MAT,0,6,3,1663,"hc_inject-35","blk.35.hc_ffn_inject.weight","hc_norm-35"
396,119,ADD,0,1,1,1676,"l_last-35","hc_combine-35","node_5928"
396,122,MUL,0,6,1,1686,"hc_norm-36"," (reshaped)","blk.36.hc_attn_norm.weight"
396,127,UNARY,0,21,0,1857,"hc_gate-36","node_5936",""
396,138,SCALE,0,0,1,1872,"hc_mixed-36","node_5947",""
396,184,RMS_NORM,0,1,1,2826,"norm-36","attn_output-36",""
397,5,MUL_MAT,0,177,178,685,"linear_attn_out-36","blk.36.ssm_out.weight","final_output-36"
397,9,MUL_MAT,0,10,10,708,"hc_inject-36","blk.36.hc_attn_inject.weight","hc_norm-36"
397,15,ADD,0,1,2,731,"hc_combine-36","l_last-35","node_6010"
397,18,MUL,0,4,1,740,"hc_norm-36"," (reshaped)","blk.36.hc_ffn_norm.weight"
397,23,UNARY,0,31,0,940,"hc_gate-36","node_6018",""
397,34,SCALE,0,0,13,972,"ffn_moe_inp-36","node_6029",""
397,38,ARGSORT,0,22,0,1106,"ffn_moe_argsort-36","ffn_moe_probs-36",""
397,70,ADD,0,1,1,1843,"ffn_moe_out-36","node_6065","ffn_moe_weighted-36 (view)"
397,74,MUL_MAT,0,21,22,1981,"ffn_shexp-36","blk.36.ffn_down_shexp.weight","ffn_swiglu-36"
397,77,MUL,0,1,0,1988,"ffn_shexp_gated-36","ffn_shexp-36","shared_expert_gate_sigmoid-36"
397,78,ADD,0,1,0,1990,"ffn_out-36","ffn_moe_out-36","ffn_shexp_gated-36"
397,81,MUL_MAT,0,4,4,2002,"hc_inject-36","blk.36.hc_ffn_inject.weight","hc_norm-36"
397,87,ADD,0,1,1,2014,"l_last-36","hc_combine-36","node_6082"
397,90,MUL,0,6,0,2023,"hc_norm-37"," (reshaped)","blk.37.hc_attn_norm.weight"
397,95,UNARY,0,21,0,2196,"hc_gate-37","node_6090",""
397,106,SCALE,0,0,1,2215,"hc_mixed-37","node_6101",""
397,152,RMS_NORM,0,1,2,3230,"norm-37","attn_output-37",""
398,5,MUL_MAT,0,262,70,661,"linear_attn_out-37","blk.37.ssm_out.weight","final_output-37"
398,9,MUL_MAT,0,7,5,677,"hc_inject-37","blk.37.hc_attn_inject.weight","hc_norm-37"
398,15,ADD,0,1,2,691,"hc_combine-37","l_last-36","node_6164"
398,18,MUL,0,6,0,702,"hc_norm-37"," (reshaped)","blk.37.hc_ffn_norm.weight"
398,23,UNARY,0,30,0,886,"hc_gate-37","node_6172",""
398,34,SCALE,0,0,2,902,"ffn_moe_inp-37","node_6183",""
398,38,ARGSORT,0,21,0,1036,"ffn_moe_argsort-37","ffn_moe_probs-37",""
398,70,ADD,0,1,1,1724,"ffn_moe_out-37","node_6219","ffn_moe_weighted-37 (view)"
398,74,MUL_MAT,0,32,12,1856,"ffn_shexp-37","blk.37.ffn_down_shexp.weight","ffn_swiglu-37"
398,77,MUL,0,3,0,1872,"ffn_shexp_gated-37","ffn_shexp-37","shared_expert_gate_sigmoid-37"
398,78,ADD,0,1,1,1874,"ffn_out-37","ffn_moe_out-37","ffn_shexp_gated-37"
398,81,MUL_MAT,0,6,5,1887,"hc_inject-37","blk.37.hc_ffn_inject.weight","hc_norm-37"
398,87,ADD,0,1,1,1900,"l_last-37","hc_combine-37","node_6236"
398,90,MUL,0,6,0,1910,"hc_norm-38"," (reshaped)","blk.38.hc_attn_norm.weight"
398,95,UNARY,0,31,0,2103,"hc_gate-38","node_6244",""
398,106,SCALE,0,0,1,2117,"hc_mixed-38","node_6255",""
398,152,RMS_NORM,0,0,1,3190,"norm-38","attn_output-38",""
399,5,MUL_MAT,0,260,66,641,"linear_attn_out-38","blk.38.ssm_out.weight","final_output-38"
399,9,MUL_MAT,0,6,5,666,"hc_inject-38","blk.38.hc_attn_inject.weight","hc_norm-38"
399,15,ADD,0,1,1,694,"hc_combine-38","l_last-37","node_6318"
399,18,MUL,0,7,0,705,"hc_norm-38"," (reshaped)","blk.38.hc_ffn_norm.weight"
399,23,UNARY,0,31,1,878,"hc_gate-38","node_6326",""
399,34,SCALE,0,0,2,893,"ffn_moe_inp-38","node_6337",""
399,38,ARGSORT,0,22,1,1016,"ffn_moe_argsort-38","ffn_moe_probs-38",""
399,70,ADD,0,1,0,1658,"ffn_moe_out-38","node_6373","ffn_moe_weighted-38 (view)"
399,74,MUL_MAT,0,31,8,1773,"ffn_shexp-38","blk.38.ffn_down_shexp.weight","ffn_swiglu-38"
399,77,MUL,0,2,0,1780,"ffn_shexp_gated-38","ffn_shexp-38","shared_expert_gate_sigmoid-38"
399,78,ADD,0,1,1,1782,"ffn_out-38","ffn_moe_out-38","ffn_shexp_gated-38"
399,81,MUL_MAT,0,6,6,1797,"hc_inject-38","blk.38.hc_ffn_inject.weight","hc_norm-38"
399,87,ADD,0,1,1,1809,"l_last-38","hc_combine-38","node_6390"
400,0,GET_ROWS,0,16,0,17,"model.input_embed","token_embd.weight","inp_tokens"
400,2,REPEAT,0,3,0,21,"hc_init","model.input_embed (reshaped)",""
400,5,MUL,0,7,0,33,"hc_norm-0"," (reshaped)","blk.0.hc_attn_norm.weight"
400,10,UNARY,0,30,0,206,"hc_gate-0","node_9",""
400,21,SCALE,0,1,1,235,"hc_mixed-0","node_20",""
400,69,RMS_NORM,0,0,1,1311,"norm-0","attn_output-0",""
401,5,MUL_MAT,0,269,68,678,"linear_attn_out-0","blk.0.ssm_out.weight","final_output-0"
401,9,MUL_MAT,0,12,8,701,"hc_inject-0","blk.0.hc_attn_inject.weight","hc_norm-0"
401,15,ADD,0,1,1,718,"hc_combine-0","hc_init","node_85"
401,18,MUL,0,6,1,729,"hc_norm-0"," (reshaped)","blk.0.hc_ffn_norm.weight"
401,23,UNARY,0,30,0,913,"hc_gate-0","node_93",""
401,34,SCALE,0,0,2,931,"ffn_moe_inp-0","node_104",""
401,38,ARGSORT,0,22,0,1062,"ffn_moe_argsort-0","ffn_moe_probs-0",""
401,70,ADD,0,1,1,1703,"ffn_moe_out-0","node_140","ffn_moe_weighted-0 (view)"
401,93,MUL_MAT,0,43,2,2698,"ffn_shexp-0","blk.0.ffn_down_shexp.weight","ffn_swiglu-0"
401,96,MUL,0,2,0,2710,"ffn_shexp_gated-0","ffn_shexp-0","shared_expert_gate_sigmoid-0"
401,97,ADD,0,1,4,2715,"ffn_out-0","ffn_moe_out-0","ffn_shexp_gated-0"
401,100,MUL_MAT,0,8,4,2729,"hc_inject-0","blk.0.hc_ffn_inject.weight","hc_norm-0"
401,106,ADD,0,1,1,2741,"l_last-0","hc_combine-0","node_176"
401,120,UNARY,0,0,2,2788,"ple_gate-1","node_190",""
401,121,MUL,0,2,2,2792,"ple_gated_value-1","node_154","ple_gate-1"
401,174,MUL,0,5,1,3154,"hc_norm-1"," (reshaped)","blk.1.hc_attn_norm.weight"
401,179,UNARY,0,30,1,3340,"hc_gate-1","node_249",""
401,190,SCALE,0,0,1,3360,"hc_mixed-1","node_260",""
401,236,RMS_NORM,0,1,1,4461,"norm-1","attn_output-1",""
402,5,MUL_MAT,0,260,77,659,"linear_attn_out-1","blk.1.ssm_out.weight","final_output-1"
402,9,MUL_MAT,0,7,2,671,"hc_inject-1","blk.1.hc_attn_inject.weight","hc_norm-1"
402,15,ADD,0,2,1,685,"hc_combine-1","node_242","node_323"
402,18,MUL,0,7,0,695,"hc_norm-1"," (reshaped)","blk.1.hc_ffn_norm.weight"
402,23,UNARY,0,31,13,890,"hc_gate-1","node_331",""
402,34,SCALE,0,0,3,908,"ffn_moe_inp-1","node_342",""
402,38,ARGSORT,0,21,0,1031,"ffn_moe_argsort-1","ffn_moe_probs-1",""
402,70,ADD,0,1,1,1671,"ffn_moe_out-1","node_378","ffn_moe_weighted-1 (view)"
402,74,MUL_MAT,0,31,9,1787,"ffn_shexp-1","blk.1.ffn_down_shexp.weight","ffn_swiglu-1"
402,77,MUL,0,2,0,1795,"ffn_shexp_gated-1","ffn_shexp-1","shared_expert_gate_sigmoid-1"
402,78,ADD,0,1,1,1797,"ffn_out-1","ffn_moe_out-1","ffn_shexp_gated-1"
402,81,MUL_MAT,0,7,2,1808,"hc_inject-1","blk.1.hc_ffn_inject.weight","hc_norm-1"
402,87,ADD,0,1,5,1823,"l_last-1","hc_combine-1","node_395"
402,90,MUL,0,7,0,1832,"hc_norm-2"," (reshaped)","blk.2.hc_attn_norm.weight"
402,95,UNARY,0,31,0,2014,"hc_gate-2","node_403",""
402,106,SCALE,0,0,2,2030,"hc_mixed-2","node_414",""
402,152,RMS_NORM,0,0,8,3077,"norm-2","attn_output-2",""
403,5,MUL_MAT,0,381,78,814,"linear_attn_out-2","blk.2.ssm_out.weight","final_output-2"
403,9,MUL_MAT,0,10,0,827,"hc_inject-2","blk.2.hc_attn_inject.weight","hc_norm-2"
403,15,ADD,0,2,1,841,"hc_combine-2","l_last-1","node_477"
403,18,MUL,0,6,0,856,"hc_norm-2"," (reshaped)","blk.2.hc_ffn_norm.weight"
403,23,UNARY,0,30,1,1058,"hc_gate-2","node_485",""
403,34,SCALE,0,0,9,1081,"ffn_moe_inp-2","node_496",""
403,38,ARGSORT,0,19,0,1241,"ffn_moe_argsort-2","ffn_moe_probs-2",""
403,70,ADD,0,2,0,2174,"ffn_moe_out-2","node_532","ffn_moe_weighted-2 (view)"
403,74,MUL_MAT,0,27,7,2297,"ffn_shexp-2","blk.2.ffn_down_shexp.weight","ffn_swiglu-2"
403,77,MUL,0,2,6,2325,"ffn_shexp_gated-2","ffn_shexp-2","shared_expert_gate_sigmoid-2"
403,78,ADD,0,1,0,2327,"ffn_out-2","ffn_moe_out-2","ffn_shexp_gated-2"
403,81,MUL_MAT,0,6,3,2339,"hc_inject-2","blk.2.hc_ffn_inject.weight","hc_norm-2"
403,87,ADD,0,1,1,2363,"l_last-2","hc_combine-2","node_549"
403,90,MUL,0,6,0,2374,"hc_norm-3"," (reshaped)","blk.3.hc_attn_norm.weight"
403,95,UNARY,0,33,0,2554,"hc_gate-3","node_557",""
403,106,SCALE,0,0,2,2571,"hc_mixed-3","node_568",""
403,151,RMS_NORM,0,4,1,3303,"norm-3","indexer_k_pooled-3 (reshaped)",""
404,38,MUL_MAT,0,233,80,543,"attn_output-3","blk.3.attn_output.weight","attn_gated-3"
404,41,MUL_MAT,0,6,6,558,"hc_inject-3","blk.3.hc_attn_inject.weight","hc_norm-3"
404,47,ADD,0,2,1,572,"hc_combine-3","l_last-2","node_664"
404,50,MUL,0,6,0,583,"hc_norm-3"," (reshaped)","blk.3.hc_ffn_norm.weight"
404,55,UNARY,0,31,0,867,"hc_gate-3","node_672",""
404,66,SCALE,0,0,1,885,"ffn_moe_inp-3","node_683",""
404,70,ARGSORT,0,22,0,1010,"ffn_moe_argsort-3","ffn_moe_probs-3",""
404,102,ADD,0,1,1,1770,"ffn_moe_out-3","node_719","ffn_moe_weighted-3 (view)"
404,106,MUL_MAT,0,29,9,1896,"ffn_shexp-3","blk.3.ffn_down_shexp.weight","ffn_swiglu-3"
404,109,MUL,0,2,0,1904,"ffn_shexp_gated-3","ffn_shexp-3","shared_expert_gate_sigmoid-3"
404,110,ADD,0,1,1,1906,"ffn_out-3","ffn_moe_out-3","ffn_shexp_gated-3"
404,113,MUL_MAT,0,7,3,1918,"hc_inject-3","blk.3.hc_ffn_inject.weight","hc_norm-3"
404,119,ADD,0,2,0,1935,"l_last-3","hc_combine-3","node_736"
404,122,MUL,0,6,0,1946,"hc_norm-4"," (reshaped)","blk.4.hc_attn_norm.weight"
404,127,UNARY,0,30,0,2161,"hc_gate-4","node_744",""
404,138,SCALE,0,0,10,2186,"hc_mixed-4","node_755",""
404,184,RMS_NORM,0,1,1,3289,"norm-4","attn_output-4",""
405,5,MUL_MAT,0,273,52,648,"linear_attn_out-4","blk.4.ssm_out.weight","final_output-4"
405,9,MUL_MAT,0,7,3,662,"hc_inject-4","blk.4.hc_attn_inject.weight","hc_norm-4"
405,15,ADD,0,2,1,679,"hc_combine-4","l_last-3","node_818"
405,18,MUL,0,6,1,690,"hc_norm-4"," (reshaped)","blk.4.hc_ffn_norm.weight"
405,23,UNARY,0,31,1,872,"hc_gate-4","node_826",""
405,34,SCALE,0,0,2,893,"ffn_moe_inp-4","node_837",""
405,38,ARGSORT,0,22,0,1017,"ffn_moe_argsort-4","ffn_moe_probs-4",""
405,70,ADD,0,1,1,1779,"ffn_moe_out-4","node_873","ffn_moe_weighted-4 (view)"
405,74,MUL_MAT,0,30,7,1892,"ffn_shexp-4","blk.4.ffn_down_shexp.weight","ffn_swiglu-4"
405,77,MUL,0,3,0,1900,"ffn_shexp_gated-4","ffn_shexp-4","shared_expert_gate_sigmoid-4"
405,78,ADD,0,1,1,1902,"ffn_out-4","ffn_moe_out-4","ffn_shexp_gated-4"
405,81,MUL_MAT,0,7,1,1912,"hc_inject-4","blk.4.hc_ffn_inject.weight","hc_norm-4"
405,87,ADD,0,2,1,1924,"l_last-4","hc_combine-4","node_890"
405,90,MUL,0,6,0,1933,"hc_norm-5"," (reshaped)","blk.5.hc_attn_norm.weight"
405,95,UNARY,0,31,1,2114,"hc_gate-5","node_898",""
405,106,SCALE,0,0,2,2130,"hc_mixed-5","node_909",""
405,152,RMS_NORM,0,0,2,3176,"norm-5","attn_output-5",""
406,5,MUL_MAT,0,283,69,700,"linear_attn_out-5","blk.5.ssm_out.weight","final_output-5"
406,9,MUL_MAT,0,8,1,716,"hc_inject-5","blk.5.hc_attn_inject.weight","hc_norm-5"
406,15,ADD,0,2,1,730,"hc_combine-5","l_last-4","node_972"
406,18,MUL,0,6,0,739,"hc_norm-5"," (reshaped)","blk.5.hc_ffn_norm.weight"
406,23,UNARY,0,31,0,929,"hc_gate-5","node_980",""
406,34,SCALE,0,0,1,947,"ffn_moe_inp-5","node_991",""
406,38,ARGSORT,0,21,1,1081,"ffn_moe_argsort-5","ffn_moe_probs-5",""
406,70,ADD,0,1,5,1738,"ffn_moe_out-5","node_1027","ffn_moe_weighted-5 (view)"
406,74,MUL_MAT,0,26,11,1853,"ffn_shexp-5","blk.5.ffn_down_shexp.weight","ffn_swiglu-5"
406,77,MUL,0,2,0,1864,"ffn_shexp_gated-5","ffn_shexp-5","shared_expert_gate_sigmoid-5"
406,78,ADD,0,1,0,1866,"ffn_out-5","ffn_moe_out-5","ffn_shexp_gated-5"
406,81,MUL_MAT,0,7,1,1877,"hc_inject-5","blk.5.hc_ffn_inject.weight","hc_norm-5"
406,87,ADD,0,2,0,1891,"l_last-5","hc_combine-5","node_1044"
406,90,MUL,0,6,1,1901,"hc_norm-6"," (reshaped)","blk.6.hc_attn_norm.weight"
406,95,UNARY,0,30,1,2083,"hc_gate-6","node_1052",""
406,106,SCALE,0,1,0,2109,"hc_mixed-6","node_1063",""
406,152,RMS_NORM,0,0,10,3152,"norm-6","attn_output-6",""
407,5,MUL_MAT,0,276,60,649,"linear_attn_out-6","blk.6.ssm_out.weight","final_output-6"
407,9,MUL_MAT,0,6,1,660,"hc_inject-6","blk.6.hc_attn_inject.weight","hc_norm-6"
407,15,ADD,0,2,0,673,"hc_combine-6","l_last-5","node_1126"
407,18,MUL,0,6,0,683,"hc_norm-6"," (reshaped)","blk.6.hc_ffn_norm.weight"
407,23,UNARY,0,31,0,870,"hc_gate-6","node_1134",""
407,34,SCALE,0,0,1,886,"ffn_moe_inp-6","node_1145",""
407,38,ARGSORT,0,21,0,1012,"ffn_moe_argsort-6","ffn_moe_probs-6",""
407,70,ADD,0,1,1,1720,"ffn_moe_out-6","node_1181","ffn_moe_weighted-6 (view)"
407,74,MUL_MAT,0,29,13,1876,"ffn_shexp-6","blk.6.ffn_down_shexp.weight","ffn_swiglu-6"
407,77,MUL,0,2,0,1884,"ffn_shexp_gated-6","ffn_shexp-6","shared_expert_gate_sigmoid-6"
407,78,ADD,0,1,1,1886,"ffn_out-6","ffn_moe_out-6","ffn_shexp_gated-6"
407,81,MUL_MAT,0,8,0,1897,"hc_inject-6","blk.6.hc_ffn_inject.weight","hc_norm-6"
407,87,ADD,0,2,1,1918,"l_last-6","hc_combine-6","node_1198"
407,90,MUL,0,7,0,1928,"hc_norm-7"," (reshaped)","blk.7.hc_attn_norm.weight"
407,95,UNARY,0,31,1,2125,"hc_gate-7","node_1206",""
407,106,SCALE,0,0,2,2145,"hc_mixed-7","node_1217",""
407,151,RMS_NORM,0,5,0,2938,"norm-7","indexer_k_pooled-7 (reshaped)",""
408,38,MUL_MAT,0,265,47,506,"attn_output-7","blk.7.attn_output.weight","attn_gated-7"
408,41,MUL_MAT,0,7,2,518,"hc_inject-7","blk.7.hc_attn_inject.weight","hc_norm-7"
408,47,ADD,0,2,7,535,"hc_combine-7","l_last-6","node_1313"
408,50,MUL,0,6,1,546,"hc_norm-7"," (reshaped)","blk.7.hc_ffn_norm.weight"
408,55,UNARY,0,31,0,721,"hc_gate-7","node_1321",""
408,66,SCALE,0,0,2,756,"ffn_moe_inp-7","node_1332",""
408,70,ARGSORT,0,20,0,879,"ffn_moe_argsort-7","ffn_moe_probs-7",""
408,102,ADD,0,2,0,1508,"ffn_moe_out-7","node_1368","ffn_moe_weighted-7 (view)"
408,106,MUL_MAT,0,30,6,1618,"ffn_shexp-7","blk.7.ffn_down_shexp.weight","ffn_swiglu-7"
408,109,MUL,0,2,0,1625,"ffn_shexp_gated-7","ffn_shexp-7","shared_expert_gate_sigmoid-7"
408,110,ADD,0,1,1,1627,"ffn_out-7","ffn_moe_out-7","ffn_shexp_gated-7"
408,113,MUL_MAT,0,5,8,1643,"hc_inject-7","blk.7.hc_ffn_inject.weight","hc_norm-7"
408,119,ADD,0,1,1,1662,"l_last-7","hc_combine-7","node_1385"
408,122,MUL,0,7,0,1673,"hc_norm-8"," (reshaped)","blk.8.hc_attn_norm.weight"
408,127,UNARY,0,30,0,1853,"hc_gate-8","node_1393",""
408,138,SCALE,0,0,3,1874,"hc_mixed-8","node_1404",""
408,184,RMS_NORM,0,0,2,2920,"norm-8","attn_output-8",""
409,5,MUL_MAT,0,268,76,690,"linear_attn_out-8","blk.8.ssm_out.weight","final_output-8"
409,9,MUL_MAT,0,7,5,711,"hc_inject-8","blk.8.hc_attn_inject.weight","hc_norm-8"
409,15,ADD,0,1,2,725,"hc_combine-8","l_last-7","node_1467"
409,18,MUL,0,6,0,735,"hc_norm-8"," (reshaped)","blk.8.hc_ffn_norm.weight"
409,23,UNARY,0,31,0,960,"hc_gate-8","node_1475",""
409,34,SCALE,0,0,1,977,"ffn_moe_inp-8","node_1486",""
409,38,ARGSORT,0,22,1,1121,"ffn_moe_argsort-8","ffn_moe_probs-8",""
409,70,ADD,0,1,0,1771,"ffn_moe_out-8","node_1522","ffn_moe_weighted-8 (view)"
409,74,MUL_MAT,0,30,9,1896,"ffn_shexp-8","blk.8.ffn_down_shexp.weight","ffn_swiglu-8"
409,77,MUL,0,1,1,1904,"ffn_shexp_gated-8","ffn_shexp-8","shared_expert_gate_sigmoid-8"
409,78,ADD,0,1,1,1906,"ffn_out-8","ffn_moe_out-8","ffn_shexp_gated-8"
409,81,MUL_MAT,0,6,6,1929,"hc_inject-8","blk.8.hc_ffn_inject.weight","hc_norm-8"
409,87,ADD,0,1,1,1943,"l_last-8","hc_combine-8","node_1539"
409,90,MUL,0,6,1,1954,"hc_norm-9"," (reshaped)","blk.9.hc_attn_norm.weight"
409,95,UNARY,0,31,0,2132,"hc_gate-9","node_1547",""
409,106,SCALE,0,0,2,2150,"hc_mixed-9","node_1558",""
409,152,RMS_NORM,0,0,2,3181,"norm-9","attn_output-9",""
410,5,MUL_MAT,0,252,68,637,"linear_attn_out-9","blk.9.ssm_out.weight","final_output-9"
410,9,MUL_MAT,0,6,5,651,"hc_inject-9","blk.9.hc_attn_inject.weight","hc_norm-9"
410,15,ADD,0,2,0,665,"hc_combine-9","l_last-8","node_1621"
410,18,MUL,0,6,6,681,"hc_norm-9"," (reshaped)","blk.9.hc_ffn_norm.weight"
410,23,UNARY,0,30,1,857,"hc_gate-9","node_1629",""
410,34,SCALE,0,0,2,873,"ffn_moe_inp-9","node_1640",""
410,38,ARGSORT,0,20,1,1071,"ffn_moe_argsort-9","ffn_moe_probs-9",""
410,70,ADD,0,1,1,1771,"ffn_moe_out-9","node_1676","ffn_moe_weighted-9 (view)"
410,74,MUL_MAT,0,35,9,1896,"ffn_shexp-9","blk.9.ffn_down_shexp.weight","ffn_swiglu-9"
410,77,MUL,0,2,0,1909,"ffn_shexp_gated-9","ffn_shexp-9","shared_expert_gate_sigmoid-9"
410,78,ADD,0,1,0,1911,"ffn_out-9","ffn_moe_out-9","ffn_shexp_gated-9"
410,81,MUL_MAT,0,5,7,1926,"hc_inject-9","blk.9.hc_ffn_inject.weight","hc_norm-9"
410,87,ADD,0,2,1,1942,"l_last-9","hc_combine-9","node_1693"
410,90,MUL,0,6,0,1952,"hc_norm-10"," (reshaped)","blk.10.hc_attn_norm.weight"
410,95,UNARY,0,31,0,2153,"hc_gate-10","node_1701",""
410,106,SCALE,0,0,1,2174,"hc_mixed-10","node_1712",""
410,152,RMS_NORM,0,0,3,3285,"norm-10","attn_output-10",""
411,5,MUL_MAT,0,257,60,644,"linear_attn_out-10","blk.10.ssm_out.weight","final_output-10"
411,9,MUL_MAT,0,6,6,660,"hc_inject-10","blk.10.hc_attn_inject.weight","hc_norm-10"
411,15,ADD,0,1,1,677,"hc_combine-10","l_last-9","node_1775"
411,18,MUL,0,6,0,687,"hc_norm-10"," (reshaped)","blk.10.hc_ffn_norm.weight"
411,23,UNARY,0,30,1,866,"hc_gate-10","node_1783",""
411,34,SCALE,0,0,3,890,"ffn_moe_inp-10","node_1794",""
411,38,ARGSORT,0,20,1,1013,"ffn_moe_argsort-10","ffn_moe_probs-10",""
411,70,ADD,0,1,13,1677,"ffn_moe_out-10","node_1830","ffn_moe_weighted-10 (view)"
411,74,MUL_MAT,0,29,9,1905,"ffn_shexp-10","blk.10.ffn_down_shexp.weight","ffn_swiglu-10"
411,77,MUL,0,2,0,1912,"ffn_shexp_gated-10","ffn_shexp-10","shared_expert_gate_sigmoid-10"
411,78,ADD,0,1,1,1914,"ffn_out-10","ffn_moe_out-10","ffn_shexp_gated-10"
411,81,MUL_MAT,0,7,6,1933,"hc_inject-10","blk.10.hc_ffn_inject.weight","hc_norm-10"
411,87,ADD,0,1,2,1948,"l_last-10","hc_combine-10","node_1847"
411,90,MUL,0,7,1,1959,"hc_norm-11"," (reshaped)","blk.11.hc_attn_norm.weight"
411,95,UNARY,0,31,0,2148,"hc_gate-11","node_1855",""
411,106,SCALE,0,0,2,2165,"hc_mixed-11","node_1866",""
411,151,RMS_NORM,0,4,1,2974,"norm-11","indexer_k_pooled-11 (reshaped)",""
412,38,MUL_MAT,0,240,67,531,"attn_output-11","blk.11.attn_output.weight","attn_gated-11"
412,41,MUL_MAT,0,6,2,542,"hc_inject-11","blk.11.hc_attn_inject.weight","hc_norm-11"
412,47,ADD,0,2,7,561,"hc_combine-11","l_last-10","node_1962"
412,50,MUL,0,6,0,570,"hc_norm-11"," (reshaped)","blk.11.hc_ffn_norm.weight"
412,55,UNARY,0,30,0,740,"hc_gate-11","node_1970",""
412,66,SCALE,0,0,2,756,"ffn_moe_inp-11","node_1981",""
412,70,ARGSORT,0,19,1,876,"ffn_moe_argsort-11","ffn_moe_probs-11",""
412,102,ADD,0,1,0,1583,"ffn_moe_out-11","node_2017","ffn_moe_weighted-11 (view)"
412,106,MUL_MAT,0,16,19,1699,"ffn_shexp-11","blk.11.ffn_down_shexp.weight","ffn_swiglu-11"
412,109,MUL,0,1,0,1706,"ffn_shexp_gated-11","ffn_shexp-11","shared_expert_gate_sigmoid-11"
412,110,ADD,0,1,0,1708,"ffn_out-11","ffn_moe_out-11","ffn_shexp_gated-11"
412,113,MUL_MAT,0,5,3,1719,"hc_inject-11","blk.11.hc_ffn_inject.weight","hc_norm-11"
412,119,ADD,0,1,1,1732,"l_last-11","hc_combine-11","node_2034"
412,122,MUL,0,5,0,1741,"hc_norm-12"," (reshaped)","blk.12.hc_attn_norm.weight"
412,127,UNARY,0,21,0,1913,"hc_gate-12","node_2042",""
412,138,SCALE,0,0,2,1936,"hc_mixed-12","node_2053",""
412,184,RMS_NORM,0,0,3,3043,"norm-12","attn_output-12",""
413,5,MUL_MAT,0,238,113,690,"linear_attn_out-12","blk.12.ssm_out.weight","final_output-12"
413,9,MUL_MAT,0,9,128,830,"hc_inject-12","blk.12.hc_attn_inject.weight","hc_norm-12"
413,15,ADD,0,2,1,854,"hc_combine-12","l_last-11","node_2116"
413,18,MUL,0,6,1,873,"hc_norm-12"," (reshaped)","blk.12.hc_ffn_norm.weight"
413,23,UNARY,0,30,1,1063,"hc_gate-12","node_2124",""
413,34,SCALE,0,0,2,1080,"ffn_moe_inp-12","node_2135",""
413,38,ARGSORT,0,21,0,1211,"ffn_moe_argsort-12","ffn_moe_probs-12",""
413,70,ADD,0,1,0,1885,"ffn_moe_out-12","node_2171","ffn_moe_weighted-12 (view)"
413,74,MUL_MAT,0,24,12,1998,"ffn_shexp-12","blk.12.ffn_down_shexp.weight","ffn_swiglu-12"
413,77,MUL,0,3,0,2007,"ffn_shexp_gated-12","ffn_shexp-12","shared_expert_gate_sigmoid-12"
413,78,ADD,0,1,1,2009,"ffn_out-12","ffn_moe_out-12","ffn_shexp_gated-12"
413,81,MUL_MAT,0,5,7,2024,"hc_inject-12","blk.12.hc_ffn_inject.weight","hc_norm-12"
413,87,ADD,0,1,1,2037,"l_last-12","hc_combine-12","node_2188"
413,90,MUL,0,6,0,2048,"hc_norm-13"," (reshaped)","blk.13.hc_attn_norm.weight"
413,95,UNARY,0,29,1,2230,"hc_gate-13","node_2196",""
413,106,SCALE,0,0,2,2254,"hc_mixed-13","node_2207",""
413,152,RMS_NORM,0,0,9,3611,"norm-13","attn_output-13",""
414,5,MUL_MAT,0,207,127,649,"linear_attn_out-13","blk.13.ssm_out.weight","final_output-13"
414,9,MUL_MAT,0,7,5,665,"hc_inject-13","blk.13.hc_attn_inject.weight","hc_norm-13"
414,15,ADD,0,2,1,680,"hc_combine-13","l_last-12","node_2270"
414,18,MUL,0,5,0,689,"hc_norm-13"," (reshaped)","blk.13.hc_ffn_norm.weight"
414,23,UNARY,0,33,0,872,"hc_gate-13","node_2278",""
414,34,SCALE,0,0,4,895,"ffn_moe_inp-13","node_2289",""
414,38,ARGSORT,0,20,1,1033,"ffn_moe_argsort-13","ffn_moe_probs-13",""
414,70,ADD,0,1,12,1743,"ffn_moe_out-13","node_2325","ffn_moe_weighted-13 (view)"
414,74,MUL_MAT,0,31,10,1866,"ffn_shexp-13","blk.13.ffn_down_shexp.weight","ffn_swiglu-13"
414,77,MUL,0,2,1,1875,"ffn_shexp_gated-13","ffn_shexp-13","shared_expert_gate_sigmoid-13"
414,78,ADD,0,13,0,1888,"ffn_out-13","ffn_moe_out-13","ffn_shexp_gated-13"
414,81,MUL_MAT,0,6,7,1904,"hc_inject-13","blk.13.hc_ffn_inject.weight","hc_norm-13"
414,87,ADD,0,2,1,1917,"l_last-13","hc_combine-13","node_2342"
414,90,MUL,0,6,0,1927,"hc_norm-14"," (reshaped)","blk.14.hc_attn_norm.weight"
414,95,UNARY,0,30,1,2124,"hc_gate-14","node_2350",""
414,106,SCALE,0,0,2,2144,"hc_mixed-14","node_2361",""
414,152,RMS_NORM,0,0,2,3346,"norm-14","attn_output-14",""
415,5,MUL_MAT,0,265,61,646,"linear_attn_out-14","blk.14.ssm_out.weight","final_output-14"
415,9,MUL_MAT,0,6,3,658,"hc_inject-14","blk.14.hc_attn_inject.weight","hc_norm-14"
415,15,ADD,0,1,1,678,"hc_combine-14","l_last-13","node_2424"
415,18,MUL,0,6,0,688,"hc_norm-14"," (reshaped)","blk.14.hc_ffn_norm.weight"
415,23,UNARY,0,29,0,866,"hc_gate-14","node_2432",""
415,34,SCALE,0,1,0,890,"ffn_moe_inp-14","node_2443",""
415,38,ARGSORT,0,19,1,1016,"ffn_moe_argsort-14","ffn_moe_probs-14",""
415,70,ADD,0,1,1,1653,"ffn_moe_out-14","node_2479","ffn_moe_weighted-14 (view)"
415,74,MUL_MAT,0,28,8,2033,"ffn_shexp-14","blk.14.ffn_down_shexp.weight","ffn_swiglu-14"
415,77,MUL,0,2,0,2041,"ffn_shexp_gated-14","ffn_shexp-14","shared_expert_gate_sigmoid-14"
415,78,ADD,0,1,1,2043,"ffn_out-14","ffn_moe_out-14","ffn_shexp_gated-14"
415,81,MUL_MAT,0,6,3,2055,"hc_inject-14","blk.14.hc_ffn_inject.weight","hc_norm-14"
415,87,ADD,0,1,1,2074,"l_last-14","hc_combine-14","node_2496"
415,90,MUL,0,7,0,2085,"hc_norm-15"," (reshaped)","blk.15.hc_attn_norm.weight"
415,95,UNARY,0,30,0,2265,"hc_gate-15","node_2504",""
415,106,SCALE,0,0,2,2283,"hc_mixed-15","node_2515",""
415,151,RMS_NORM,0,5,3,3055,"norm-15","indexer_k_pooled-15 (reshaped)",""
416,38,MUL_MAT,0,349,9,643,"attn_output-15","blk.15.attn_output.weight","attn_gated-15"
416,41,MUL_MAT,0,18,4,682,"hc_inject-15","blk.15.hc_attn_inject.weight","hc_norm-15"
416,47,ADD,0,3,57,1005,"hc_combine-15","l_last-14","node_2611"
416,50,MUL,0,11,8,1034,"hc_norm-15"," (reshaped)","blk.15.hc_ffn_norm.weight"
416,55,UNARY,0,34,0,1356,"hc_gate-15","node_2619",""
416,66,SCALE,0,1,1,1407,"ffn_moe_inp-15","node_2630",""
416,70,ARGSORT,0,22,0,1534,"ffn_moe_argsort-15","ffn_moe_probs-15",""
416,102,ADD,0,1,0,2176,"ffn_moe_out-15","node_2666","ffn_moe_weighted-15 (view)"
416,106,MUL_MAT,0,50,13,2329,"ffn_shexp-15","blk.15.ffn_down_shexp.weight","ffn_swiglu-15"
416,109,MUL,0,2,1,2344,"ffn_shexp_gated-15","ffn_shexp-15","shared_expert_gate_sigmoid-15"
416,110,ADD,0,1,1,2346,"ffn_out-15","ffn_moe_out-15","ffn_shexp_gated-15"
416,113,MUL_MAT,0,7,2,2357,"hc_inject-15","blk.15.hc_ffn_inject.weight","hc_norm-15"
416,119,ADD,0,2,3,2375,"l_last-15","hc_combine-15","node_2683"
416,122,MUL,0,6,1,2398,"hc_norm-16"," (reshaped)","blk.16.hc_attn_norm.weight"
416,127,UNARY,0,32,0,2585,"hc_gate-16","node_2691",""
416,138,SCALE,0,0,1,2603,"hc_mixed-16","node_2702",""
416,184,RMS_NORM,0,0,2,3721,"norm-16","attn_output-16",""
417,5,MUL_MAT,0,339,10,681,"linear_attn_out-16","blk.16.ssm_out.weight","final_output-16"
417,9,MUL_MAT,0,9,1,697,"hc_inject-16","blk.16.hc_attn_inject.weight","hc_norm-16"
417,15,ADD,0,2,1,711,"hc_combine-16","l_last-15","node_2765"
417,18,MUL,0,9,0,723,"hc_norm-16"," (reshaped)","blk.16.hc_ffn_norm.weight"
417,23,UNARY,0,35,0,918,"hc_gate-16","node_2773",""
417,34,SCALE,0,0,2,962,"ffn_moe_inp-16","node_2784",""
417,38,ARGSORT,0,23,1,1100,"ffn_moe_argsort-16","ffn_moe_probs-16",""
417,70,ADD,0,1,1,1806,"ffn_moe_out-16","node_2820","ffn_moe_weighted-16 (view)"
417,74,MUL_MAT,0,34,2,1923,"ffn_shexp-16","blk.16.ffn_down_shexp.weight","ffn_swiglu-16"
417,77,MUL,0,3,1,1934,"ffn_shexp_gated-16","ffn_shexp-16","shared_expert_gate_sigmoid-16"
417,78,ADD,0,2,7,1943,"ffn_out-16","ffn_moe_out-16","ffn_shexp_gated-16"
417,81,MUL_MAT,0,9,10,1965,"hc_inject-16","blk.16.hc_ffn_inject.weight","hc_norm-16"
417,87,ADD,0,2,9,1987,"l_last-16","hc_combine-16","node_2837"
417,90,MUL,0,10,0,2001,"hc_norm-17"," (reshaped)","blk.17.hc_attn_norm.weight"
417,95,UNARY,0,34,0,2199,"hc_gate-17","node_2845",""
417,106,SCALE,0,0,2,2234,"hc_mixed-17","node_2856",""
417,152,RMS_NORM,0,1,9,3501,"norm-17","attn_output-17",""
418,5,MUL_MAT,0,296,14,615,"linear_attn_out-17","blk.17.ssm_out.weight","final_output-17"
418,9,MUL_MAT,0,9,0,629,"hc_inject-17","blk.17.hc_attn_inject.weight","hc_norm-17"
418,15,ADD,0,2,1,644,"hc_combine-17","l_last-16","node_2919"
418,18,MUL,0,8,1,657,"hc_norm-17"," (reshaped)","blk.17.hc_ffn_norm.weight"
418,23,UNARY,0,34,0,833,"hc_gate-17","node_2927",""
418,34,SCALE,0,0,2,851,"ffn_moe_inp-17","node_2938",""
418,38,ARGSORT,0,23,0,975,"ffn_moe_argsort-17","ffn_moe_probs-17",""
418,70,ADD,0,1,1,1641,"ffn_moe_out-17","node_2974","ffn_moe_weighted-17 (view)"
418,74,MUL_MAT,0,35,5,1761,"ffn_shexp-17","blk.17.ffn_down_shexp.weight","ffn_swiglu-17"
418,77,MUL,0,4,0,1772,"ffn_shexp_gated-17","ffn_shexp-17","shared_expert_gate_sigmoid-17"
418,78,ADD,0,2,0,1774,"ffn_out-17","ffn_moe_out-17","ffn_shexp_gated-17"
418,81,MUL_MAT,0,8,1,1787,"hc_inject-17","blk.17.hc_ffn_inject.weight","hc_norm-17"
418,87,ADD,0,1,1,1801,"l_last-17","hc_combine-17","node_2991"
418,90,MUL,0,14,0,1819,"hc_norm-18"," (reshaped)","blk.18.hc_attn_norm.weight"
418,95,UNARY,0,37,1,2083,"hc_gate-18","node_2999",""
418,106,SCALE,0,1,1,2102,"hc_mixed-18","node_3010",""
418,152,RMS_NORM,0,1,1,3666,"norm-18","attn_output-18",""
419,5,MUL_MAT,0,309,7,869,"linear_attn_out-18","blk.18.ssm_out.weight","final_output-18"
419,9,MUL_MAT,0,9,2,885,"hc_inject-18","blk.18.hc_attn_inject.weight","hc_norm-18"
419,15,ADD,0,2,1,908,"hc_combine-18","l_last-17","node_3073"
419,18,MUL,0,9,0,920,"hc_norm-18"," (reshaped)","blk.18.hc_ffn_norm.weight"
419,23,UNARY,0,34,1,1109,"hc_gate-18","node_3081",""
419,34,SCALE,0,1,2,1126,"ffn_moe_inp-18","node_3092",""
419,38,ARGSORT,0,22,1,1258,"ffn_moe_argsort-18","ffn_moe_probs-18",""
419,70,ADD,0,2,0,1919,"ffn_moe_out-18","node_3128","ffn_moe_weighted-18 (view)"
419,74,MUL_MAT,0,36,0,2039,"ffn_shexp-18","blk.18.ffn_down_shexp.weight","ffn_swiglu-18"
419,77,MUL,0,4,0,2055,"ffn_shexp_gated-18","ffn_shexp-18","shared_expert_gate_sigmoid-18"
419,78,ADD,0,1,1,2058,"ffn_out-18","ffn_moe_out-18","ffn_shexp_gated-18"
419,81,MUL_MAT,0,9,0,2071,"hc_inject-18","blk.18.hc_ffn_inject.weight","hc_norm-18"
419,87,ADD,0,1,1,2090,"l_last-18","hc_combine-18","node_3145"
419,90,MUL,0,8,1,2103,"hc_norm-19"," (reshaped)","blk.19.hc_attn_norm.weight"
419,95,UNARY,0,34,0,2288,"hc_gate-19","node_3153",""
419,106,SCALE,0,0,2,2306,"hc_mixed-19","node_3164",""
419,151,RMS_NORM,0,8,1,3086,"norm-19","indexer_k_pooled-19 (reshaped)",""
420,38,MUL_MAT,0,321,7,578,"attn_output-19","blk.19.attn_output.weight","attn_gated-19"
420,41,MUL_MAT,0,12,2,601,"hc_inject-19","blk.19.hc_attn_inject.weight","hc_norm-19"
420,47,ADD,0,2,0,618,"hc_combine-19","l_last-18","node_3260"
420,50,MUL,0,10,0,631,"hc_norm-19"," (reshaped)","blk.19.hc_ffn_norm.weight"
420,55,UNARY,0,34,0,821,"hc_gate-19","node_3268",""
420,66,SCALE,0,1,1,845,"ffn_moe_inp-19","node_3279",""
420,70,ARGSORT,0,22,0,986,"ffn_moe_argsort-19","ffn_moe_probs-19",""
420,102,ADD,0,1,1,1766,"ffn_moe_out-19","node_3315","ffn_moe_weighted-19 (view)"
420,106,MUL_MAT,0,29,16,1898,"ffn_shexp-19","blk.19.ffn_down_shexp.weight","ffn_swiglu-19"
420,109,MUL,0,2,0,1907,"ffn_shexp_gated-19","ffn_shexp-19","shared_expert_gate_sigmoid-19"
420,110,ADD,0,2,0,1909,"ffn_out-19","ffn_moe_out-19","ffn_shexp_gated-19"
420,113,MUL_MAT,0,5,9,1926,"hc_inject-19","blk.19.hc_ffn_inject.weight","hc_norm-19"
420,119,ADD,0,1,1,1938,"l_last-19","hc_combine-19","node_3332"
420,122,MUL,0,7,6,1956,"hc_norm-20"," (reshaped)","blk.20.hc_attn_norm.weight"
420,127,UNARY,0,30,0,2139,"hc_gate-20","node_3340",""
420,138,SCALE,0,0,2,2167,"hc_mixed-20","node_3351",""
420,184,RMS_NORM,0,1,7,3244,"norm-20","attn_output-20",""
421,5,MUL_MAT,0,252,73,670,"linear_attn_out-20","blk.20.ssm_out.weight","final_output-20"
421,9,MUL_MAT,0,7,8,689,"hc_inject-20","blk.20.hc_attn_inject.weight","hc_norm-20"
421,15,ADD,0,2,2,704,"hc_combine-20","l_last-19","node_3414"
421,18,MUL,0,6,1,715,"hc_norm-20"," (reshaped)","blk.20.hc_ffn_norm.weight"
421,23,UNARY,0,31,0,892,"hc_gate-20","node_3422",""
421,34,SCALE,0,0,1,916,"ffn_moe_inp-20","node_3433",""
421,38,ARGSORT,0,22,0,1043,"ffn_moe_argsort-20","ffn_moe_probs-20",""
421,70,ADD,0,1,1,1858,"ffn_moe_out-20","node_3469","ffn_moe_weighted-20 (view)"
421,74,MUL_MAT,0,29,13,1980,"ffn_shexp-20","blk.20.ffn_down_shexp.weight","ffn_swiglu-20"
421,77,MUL,0,2,0,1987,"ffn_shexp_gated-20","ffn_shexp-20","shared_expert_gate_sigmoid-20"
421,78,ADD,0,1,1,1990,"ffn_out-20","ffn_moe_out-20","ffn_shexp_gated-20"
421,81,MUL_MAT,0,6,9,2007,"hc_inject-20","blk.20.hc_ffn_inject.weight","hc_norm-20"
421,87,ADD,0,2,1,2028,"l_last-20","hc_combine-20","node_3486"
421,90,MUL,0,6,1,2039,"hc_norm-21"," (reshaped)","blk.21.hc_attn_norm.weight"
421,95,UNARY,0,31,0,2237,"hc_gate-21","node_3494",""
421,106,SCALE,0,0,3,2267,"hc_mixed-21","node_3505",""
421,152,RMS_NORM,0,0,2,3366,"norm-21","attn_output-21",""
422,5,MUL_MAT,0,259,62,636,"linear_attn_out-21","blk.21.ssm_out.weight","final_output-21"
422,9,MUL_MAT,0,6,8,656,"hc_inject-21","blk.21.hc_attn_inject.weight","hc_norm-21"
422,15,ADD,0,2,1,675,"hc_combine-21","l_last-20","node_3568"
422,18,MUL,0,5,1,685,"hc_norm-21"," (reshaped)","blk.21.hc_ffn_norm.weight"
422,23,UNARY,0,31,1,869,"hc_gate-21","node_3576",""
422,34,SCALE,0,0,1,883,"ffn_moe_inp-21","node_3587",""
422,38,ARGSORT,0,20,1,1006,"ffn_moe_argsort-21","ffn_moe_probs-21",""
422,70,ADD,0,1,0,1673,"ffn_moe_out-21","node_3623","ffn_moe_weighted-21 (view)"
422,74,MUL_MAT,0,31,5,1795,"ffn_shexp-21","blk.21.ffn_down_shexp.weight","ffn_swiglu-21"
422,77,MUL,0,2,0,1804,"ffn_shexp_gated-21","ffn_shexp-21","shared_expert_gate_sigmoid-21"
422,78,ADD,0,1,9,1814,"ffn_out-21","ffn_moe_out-21","ffn_shexp_gated-21"
422,81,MUL_MAT,0,5,9,1831,"hc_inject-21","blk.21.hc_ffn_inject.weight","hc_norm-21"
422,87,ADD,0,1,5,1857,"l_last-21","hc_combine-21","node_3640"
422,90,MUL,0,6,1,1868,"hc_norm-22"," (reshaped)","blk.22.hc_attn_norm.weight"
422,95,UNARY,0,31,0,2058,"hc_gate-22","node_3648",""
422,106,SCALE,0,0,2,2168,"hc_mixed-22","node_3659",""
422,152,RMS_NORM,0,0,2,3296,"norm-22","attn_output-22",""
423,5,MUL_MAT,0,258,79,654,"linear_attn_out-22","blk.22.ssm_out.weight","final_output-22"
423,9,MUL_MAT,0,8,8,682,"hc_inject-22","blk.22.hc_attn_inject.weight","hc_norm-22"
423,15,ADD,0,2,2,696,"hc_combine-22","l_last-21","node_3722"
423,18,MUL,0,6,0,707,"hc_norm-22"," (reshaped)","blk.22.hc_ffn_norm.weight"
423,23,UNARY,0,30,1,892,"hc_gate-22","node_3730",""
423,34,SCALE,0,0,2,924,"ffn_moe_inp-22","node_3741",""
423,38,ARGSORT,0,21,0,1078,"ffn_moe_argsort-22","ffn_moe_probs-22",""
423,70,ADD,0,2,8,1755,"ffn_moe_out-22","node_3777","ffn_moe_weighted-22 (view)"
423,74,MUL_MAT,0,29,10,1868,"ffn_shexp-22","blk.22.ffn_down_shexp.weight","ffn_swiglu-22"
423,77,MUL,0,2,0,1884,"ffn_shexp_gated-22","ffn_shexp-22","shared_expert_gate_sigmoid-22"
423,78,ADD,0,1,0,1886,"ffn_out-22","ffn_moe_out-22","ffn_shexp_gated-22"
423,81,MUL_MAT,0,6,8,1902,"hc_inject-22","blk.22.hc_ffn_inject.weight","hc_norm-22"
423,87,ADD,0,2,1,1930,"l_last-22","hc_combine-22","node_3794"
423,90,MUL,0,7,0,1958,"hc_norm-23"," (reshaped)","blk.23.hc_attn_norm.weight"
423,95,UNARY,0,35,1,2156,"hc_gate-23","node_3802",""
423,106,SCALE,0,0,2,2172,"hc_mixed-23","node_3813",""
423,151,RMS_NORM,0,4,0,2996,"norm-23","indexer_k_pooled-23 (reshaped)",""
424,38,MUL_MAT,0,216,199,654,"attn_output-23","blk.23.attn_output.weight","attn_gated-23"
424,41,MUL_MAT,0,12,1,671,"hc_inject-23","blk.23.hc_attn_inject.weight","hc_norm-23"
424,47,ADD,0,2,13,708,"hc_combine-23","l_last-22","node_3909"
424,50,MUL,0,6,0,728,"hc_norm-23"," (reshaped)","blk.23.hc_ffn_norm.weight"
424,55,UNARY,0,26,0,911,"hc_gate-23","node_3917",""
424,66,SCALE,0,0,2,939,"ffn_moe_inp-23","node_3928",""
424,70,ARGSORT,0,18,0,1066,"ffn_moe_argsort-23","ffn_moe_probs-23",""
424,102,ADD,0,1,1,1731,"ffn_moe_out-23","node_3964","ffn_moe_weighted-23 (view)"
424,106,MUL_MAT,0,18,18,1841,"ffn_shexp-23","blk.23.ffn_down_shexp.weight","ffn_swiglu-23"
424,109,MUL,0,2,0,1848,"ffn_shexp_gated-23","ffn_shexp-23","shared_expert_gate_sigmoid-23"
424,110,ADD,0,1,0,1849,"ffn_out-23","ffn_moe_out-23","ffn_shexp_gated-23"
424,113,MUL_MAT,0,12,6,1870,"hc_inject-23","blk.23.hc_ffn_inject.weight","hc_norm-23"
424,119,ADD,0,2,1,1904,"l_last-23","hc_combine-23","node_3981"
424,122,MUL,0,8,1,1918,"hc_norm-24"," (reshaped)","blk.24.hc_attn_norm.weight"
424,127,UNARY,0,34,0,2102,"hc_gate-24","node_3989",""
424,138,SCALE,0,1,2,2122,"hc_mixed-24","node_4000",""
424,184,RMS_NORM,0,0,11,3394,"norm-24","attn_output-24",""
425,5,MUL_MAT,0,307,4,613,"linear_attn_out-24","blk.24.ssm_out.weight","final_output-24"
425,9,MUL_MAT,0,12,0,630,"hc_inject-24","blk.24.hc_attn_inject.weight","hc_norm-24"
425,15,ADD,0,2,1,660,"hc_combine-24","l_last-23","node_4063"
425,18,MUL,0,8,1,674,"hc_norm-24"," (reshaped)","blk.24.hc_ffn_norm.weight"
425,23,UNARY,0,34,0,855,"hc_gate-24","node_4071",""
425,34,SCALE,0,0,1,873,"ffn_moe_inp-24","node_4082",""
425,38,ARGSORT,0,22,1,1063,"ffn_moe_argsort-24","ffn_moe_probs-24",""
425,70,ADD,0,2,0,1854,"ffn_moe_out-24","node_4118","ffn_moe_weighted-24 (view)"
425,74,MUL_MAT,0,39,8,2008,"ffn_shexp-24","blk.24.ffn_down_shexp.weight","ffn_swiglu-24"
425,77,MUL,0,3,1,2033,"ffn_shexp_gated-24","ffn_shexp-24","shared_expert_gate_sigmoid-24"
425,78,ADD,0,1,1,2036,"ffn_out-24","ffn_moe_out-24","ffn_shexp_gated-24"
425,81,MUL_MAT,0,15,13,2068,"hc_inject-24","blk.24.hc_ffn_inject.weight","hc_norm-24"
425,87,ADD,0,2,1,2093,"l_last-24","hc_combine-24","node_4135"
425,90,MUL,0,11,1,2111,"hc_norm-25"," (reshaped)","blk.25.hc_attn_norm.weight"
425,95,UNARY,0,33,1,2342,"hc_gate-25","node_4143",""
425,106,SCALE,0,0,3,2360,"hc_mixed-25","node_4154",""
425,152,RMS_NORM,0,1,1,3564,"norm-25","attn_output-25",""
426,5,MUL_MAT,0,327,69,722,"linear_attn_out-25","blk.25.ssm_out.weight","final_output-25"
426,9,MUL_MAT,0,12,6,755,"hc_inject-25","blk.25.hc_attn_inject.weight","hc_norm-25"
426,15,ADD,0,2,1,769,"hc_combine-25","l_last-24","node_4217"
426,18,MUL,0,6,1,780,"hc_norm-25"," (reshaped)","blk.25.hc_ffn_norm.weight"
426,23,UNARY,0,31,0,960,"hc_gate-25","node_4225",""
426,34,SCALE,0,0,7,984,"ffn_moe_inp-25","node_4236",""
426,38,ARGSORT,0,21,0,1200,"ffn_moe_argsort-25","ffn_moe_probs-25",""
426,70,ADD,0,1,1,1933,"ffn_moe_out-25","node_4272","ffn_moe_weighted-25 (view)"
426,74,MUL_MAT,0,28,9,2058,"ffn_shexp-25","blk.25.ffn_down_shexp.weight","ffn_swiglu-25"
426,77,MUL,0,2,1,2070,"ffn_shexp_gated-25","ffn_shexp-25","shared_expert_gate_sigmoid-25"
426,78,ADD,0,1,0,2071,"ffn_out-25","ffn_moe_out-25","ffn_shexp_gated-25"
426,81,MUL_MAT,0,7,3,2084,"hc_inject-25","blk.25.hc_ffn_inject.weight","hc_norm-25"
426,87,ADD,0,2,0,2103,"l_last-25","hc_combine-25","node_4289"
426,90,MUL,0,6,1,2114,"hc_norm-26"," (reshaped)","blk.26.hc_attn_norm.weight"
426,95,UNARY,0,31,0,2329,"hc_gate-26","node_4297",""
426,106,SCALE,0,0,2,2349,"hc_mixed-26","node_4308",""
426,152,RMS_NORM,0,0,14,3584,"norm-26","attn_output-26",""
427,5,MUL_MAT,0,279,43,636,"linear_attn_out-26","blk.26.ssm_out.weight","final_output-26"
427,9,MUL_MAT,0,6,2,655,"hc_inject-26","blk.26.hc_attn_inject.weight","hc_norm-26"
427,15,ADD,0,2,0,667,"hc_combine-26","l_last-25","node_4371"
427,18,MUL,0,6,0,677,"hc_norm-26"," (reshaped)","blk.26.hc_ffn_norm.weight"
427,23,UNARY,0,31,0,850,"hc_gate-26","node_4379",""
427,34,SCALE,0,0,0,865,"ffn_moe_inp-26","node_4390",""
427,38,ARGSORT,0,22,0,987,"ffn_moe_argsort-26","ffn_moe_probs-26",""
427,70,ADD,0,1,0,1608,"ffn_moe_out-26","node_4426","ffn_moe_weighted-26 (view)"
427,74,MUL_MAT,0,28,8,1725,"ffn_shexp-26","blk.26.ffn_down_shexp.weight","ffn_swiglu-26"
427,77,MUL,0,3,0,1734,"ffn_shexp_gated-26","ffn_shexp-26","shared_expert_gate_sigmoid-26"
427,78,ADD,0,1,1,1736,"ffn_out-26","ffn_moe_out-26","ffn_shexp_gated-26"
427,81,MUL_MAT,0,6,3,1748,"hc_inject-26","blk.26.hc_ffn_inject.weight","hc_norm-26"
427,87,ADD,0,1,1,1760,"l_last-26","hc_combine-26","node_4443"
427,90,MUL,0,5,1,1770,"hc_norm-27"," (reshaped)","blk.27.hc_attn_norm.weight"
427,95,UNARY,0,31,0,1954,"hc_gate-27","node_4451",""
427,106,SCALE,0,0,2,1972,"hc_mixed-27","node_4462",""
427,151,RMS_NORM,0,5,0,2887,"norm-27","indexer_k_pooled-27 (reshaped)",""
428,38,MUL_MAT,0,276,74,597,"attn_output-27","blk.27.attn_output.weight","attn_gated-27"
428,41,MUL_MAT,0,8,5,615,"hc_inject-27","blk.27.hc_attn_inject.weight","hc_norm-27"
428,47,ADD,0,1,3,630,"hc_combine-27","l_last-26","node_4558"
428,50,MUL,0,7,0,641,"hc_norm-27"," (reshaped)","blk.27.hc_ffn_norm.weight"
428,55,UNARY,0,31,0,840,"hc_gate-27","node_4566",""
428,66,SCALE,0,0,1,856,"ffn_moe_inp-27","node_4577",""
428,70,ARGSORT,0,20,1,996,"ffn_moe_argsort-27","ffn_moe_probs-27",""
428,102,ADD,0,1,1,1645,"ffn_moe_out-27","node_4613","ffn_moe_weighted-27 (view)"
428,106,MUL_MAT,0,28,9,1760,"ffn_shexp-27","blk.27.ffn_down_shexp.weight","ffn_swiglu-27"
428,109,MUL,0,2,0,1768,"ffn_shexp_gated-27","ffn_shexp-27","shared_expert_gate_sigmoid-27"
428,110,ADD,0,1,0,1770,"ffn_out-27","ffn_moe_out-27","ffn_shexp_gated-27"
428,113,MUL_MAT,0,5,6,1791,"hc_inject-27","blk.27.hc_ffn_inject.weight","hc_norm-27"
428,119,ADD,0,1,1,1803,"l_last-27","hc_combine-27","node_4630"
428,122,MUL,0,5,0,1813,"hc_norm-28"," (reshaped)","blk.28.hc_attn_norm.weight"
428,127,UNARY,0,31,0,2000,"hc_gate-28","node_4638",""
428,138,SCALE,0,0,1,2016,"hc_mixed-28","node_4649",""
428,184,RMS_NORM,0,0,2,3067,"norm-28","attn_output-28",""
429,5,MUL_MAT,0,264,61,648,"linear_attn_out-28","blk.28.ssm_out.weight","final_output-28"
429,9,MUL_MAT,0,6,5,663,"hc_inject-28","blk.28.hc_attn_inject.weight","hc_norm-28"
429,15,ADD,0,2,1,676,"hc_combine-28","l_last-27","node_4712"
429,18,MUL,0,6,0,685,"hc_norm-28"," (reshaped)","blk.28.hc_ffn_norm.weight"
429,23,UNARY,0,31,0,874,"hc_gate-28","node_4720",""
429,34,SCALE,0,0,3,892,"ffn_moe_inp-28","node_4731",""
429,38,ARGSORT,0,20,0,1018,"ffn_moe_argsort-28","ffn_moe_probs-28",""
429,70,ADD,0,1,0,1750,"ffn_moe_out-28","node_4767","ffn_moe_weighted-28 (view)"
429,74,MUL_MAT,0,30,16,1899,"ffn_shexp-28","blk.28.ffn_down_shexp.weight","ffn_swiglu-28"
429,77,MUL,0,2,0,1907,"ffn_shexp_gated-28","ffn_shexp-28","shared_expert_gate_sigmoid-28"
429,78,ADD,0,2,0,1909,"ffn_out-28","ffn_moe_out-28","ffn_shexp_gated-28"
429,81,MUL_MAT,0,8,4,1924,"hc_inject-28","blk.28.hc_ffn_inject.weight","hc_norm-28"
429,87,ADD,0,2,1,1937,"l_last-28","hc_combine-28","node_4784"
429,90,MUL,0,6,1,1948,"hc_norm-29"," (reshaped)","blk.29.hc_attn_norm.weight"
429,95,UNARY,0,31,0,2174,"hc_gate-29","node_4792",""
429,106,SCALE,0,0,2,2194,"hc_mixed-29","node_4803",""
429,152,RMS_NORM,0,0,8,3357,"norm-29","attn_output-29",""
430,5,MUL_MAT,0,297,53,692,"linear_attn_out-29","blk.29.ssm_out.weight","final_output-29"
430,9,MUL_MAT,0,8,6,709,"hc_inject-29","blk.29.hc_attn_inject.weight","hc_norm-29"
430,15,ADD,0,2,12,731,"hc_combine-29","l_last-28","node_4866"
430,18,MUL,0,7,0,741,"hc_norm-29"," (reshaped)","blk.29.hc_ffn_norm.weight"
430,23,UNARY,0,31,0,931,"hc_gate-29","node_4874",""
430,34,SCALE,0,0,2,947,"ffn_moe_inp-29","node_4885",""
430,38,ARGSORT,0,20,0,1076,"ffn_moe_argsort-29","ffn_moe_probs-29",""
430,70,ADD,0,1,0,1737,"ffn_moe_out-29","node_4921","ffn_moe_weighted-29 (view)"
430,74,MUL_MAT,0,27,12,1850,"ffn_shexp-29","blk.29.ffn_down_shexp.weight","ffn_swiglu-29"
430,77,MUL,0,2,1,1858,"ffn_shexp_gated-29","ffn_shexp-29","shared_expert_gate_sigmoid-29"
430,78,ADD,0,1,6,1865,"ffn_out-29","ffn_moe_out-29","ffn_shexp_gated-29"
430,81,MUL_MAT,0,6,13,1886,"hc_inject-29","blk.29.hc_ffn_inject.weight","hc_norm-29"
430,87,ADD,0,1,1,1898,"l_last-29","hc_combine-29","node_4938"
430,90,MUL,0,6,0,1909,"hc_norm-30"," (reshaped)","blk.30.hc_attn_norm.weight"
430,95,UNARY,0,30,0,2082,"hc_gate-30","node_4946",""
430,106,SCALE,0,0,2,2110,"hc_mixed-30","node_4957",""
430,152,RMS_NORM,0,0,2,3124,"norm-30","attn_output-30",""
431,5,MUL_MAT,0,284,44,646,"linear_attn_out-30","blk.30.ssm_out.weight","final_output-30"
431,9,MUL_MAT,0,14,103,767,"hc_inject-30","blk.30.hc_attn_inject.weight","hc_norm-30"
431,15,ADD,0,2,1,799,"hc_combine-30","l_last-29","node_5020"
431,18,MUL,0,7,0,810,"hc_norm-30"," (reshaped)","blk.30.hc_ffn_norm.weight"
431,23,UNARY,0,35,0,1010,"hc_gate-30","node_5028",""
431,34,SCALE,0,0,1,1059,"ffn_moe_inp-30","node_5039",""
431,38,ARGSORT,0,21,0,1198,"ffn_moe_argsort-30","ffn_moe_probs-30",""
431,70,ADD,0,1,0,2089,"ffn_moe_out-30","node_5075","ffn_moe_weighted-30 (view)"
431,74,MUL_MAT,0,22,16,2211,"ffn_shexp-30","blk.30.ffn_down_shexp.weight","ffn_swiglu-30"
431,77,MUL,0,2,0,2218,"ffn_shexp_gated-30","ffn_shexp-30","shared_expert_gate_sigmoid-30"
431,78,ADD,0,1,1,2220,"ffn_out-30","ffn_moe_out-30","ffn_shexp_gated-30"
431,81,MUL_MAT,0,13,3,2238,"hc_inject-30","blk.30.hc_ffn_inject.weight","hc_norm-30"
431,87,ADD,0,1,1,2250,"l_last-30","hc_combine-30","node_5092"
431,90,MUL,0,5,0,2259,"hc_norm-31"," (reshaped)","blk.31.hc_attn_norm.weight"
431,95,UNARY,0,21,0,2441,"hc_gate-31","node_5100",""
431,106,SCALE,0,1,1,2456,"hc_mixed-31","node_5111",""
431,151,RMS_NORM,0,3,1,3251,"norm-31","indexer_k_pooled-31 (reshaped)",""
432,38,MUL_MAT,0,163,155,530,"attn_output-31","blk.31.attn_output.weight","attn_gated-31"
432,41,MUL_MAT,0,6,2,540,"hc_inject-31","blk.31.hc_attn_inject.weight","hc_norm-31"
432,47,ADD,0,1,1,555,"hc_combine-31","l_last-30","node_5207"
432,50,MUL,0,5,0,564,"hc_norm-31"," (reshaped)","blk.31.hc_ffn_norm.weight"
432,55,UNARY,0,21,0,731,"hc_gate-31","node_5215",""
432,66,SCALE,0,1,1,747,"ffn_moe_inp-31","node_5226",""
432,70,ARGSORT,0,17,1,863,"ffn_moe_argsort-31","ffn_moe_probs-31",""
432,102,ADD,0,1,1,1486,"ffn_moe_out-31","node_5262","ffn_moe_weighted-31 (view)"
432,106,MUL_MAT,0,22,12,1599,"ffn_shexp-31","blk.31.ffn_down_shexp.weight","ffn_swiglu-31"
432,109,MUL,0,2,0,1609,"ffn_shexp_gated-31","ffn_shexp-31","shared_expert_gate_sigmoid-31"
432,110,ADD,0,1,1,1611,"ffn_out-31","ffn_moe_out-31","ffn_shexp_gated-31"
432,113,MUL_MAT,0,6,3,1622,"hc_inject-31","blk.31.hc_ffn_inject.weight","hc_norm-31"
432,119,ADD,0,1,1,1639,"l_last-31","hc_combine-31","node_5279"
432,122,MUL,0,5,0,1648,"hc_norm-32"," (reshaped)","blk.32.hc_attn_norm.weight"
432,127,UNARY,0,21,0,1822,"hc_gate-32","node_5287",""
432,138,SCALE,0,0,1,1844,"hc_mixed-32","node_5298",""
432,184,RMS_NORM,0,0,2,2984,"norm-32","attn_output-32",""
433,5,MUL_MAT,0,177,176,694,"linear_attn_out-32","blk.32.ssm_out.weight","final_output-32"
433,9,MUL_MAT,0,8,4,714,"hc_inject-32","blk.32.hc_attn_inject.weight","hc_norm-32"
433,15,ADD,0,1,1,728,"hc_combine-32","l_last-31","node_5361"
433,18,MUL,0,5,0,737,"hc_norm-32"," (reshaped)","blk.32.hc_ffn_norm.weight"
433,23,UNARY,0,22,99,1041,"hc_gate-32","node_5369",""
433,34,SCALE,0,0,2,1111,"ffn_moe_inp-32","node_5380",""
433,38,ARGSORT,0,18,0,1244,"ffn_moe_argsort-32","ffn_moe_probs-32",""
433,70,ADD,0,1,1,2000,"ffn_moe_out-32","node_5416","ffn_moe_weighted-32 (view)"
433,74,MUL_MAT,0,19,24,2124,"ffn_shexp-32","blk.32.ffn_down_shexp.weight","ffn_swiglu-32"
433,77,MUL,0,2,0,2130,"ffn_shexp_gated-32","ffn_shexp-32","shared_expert_gate_sigmoid-32"
433,78,ADD,0,1,4,2135,"ffn_out-32","ffn_moe_out-32","ffn_shexp_gated-32"
433,81,MUL_MAT,0,6,3,2154,"hc_inject-32","blk.32.hc_ffn_inject.weight","hc_norm-32"
433,87,ADD,0,1,2,2168,"l_last-32","hc_combine-32","node_5433"
433,90,MUL,0,5,1,2177,"hc_norm-33"," (reshaped)","blk.33.hc_attn_norm.weight"
433,95,UNARY,0,21,0,2359,"hc_gate-33","node_5441",""
433,106,SCALE,0,0,2,2380,"hc_mixed-33","node_5452",""
433,152,RMS_NORM,0,0,2,3362,"norm-33","attn_output-33",""
434,5,MUL_MAT,0,182,148,655,"linear_attn_out-33","blk.33.ssm_out.weight","final_output-33"
434,9,MUL_MAT,0,13,3,674,"hc_inject-33","blk.33.hc_attn_inject.weight","hc_norm-33"
434,15,ADD,0,1,1,687,"hc_combine-33","l_last-32","node_5515"
434,18,MUL,0,5,0,696,"hc_norm-33"," (reshaped)","blk.33.hc_ffn_norm.weight"
434,23,UNARY,0,21,0,863,"hc_gate-33","node_5523",""
434,34,SCALE,0,0,2,877,"ffn_moe_inp-33","node_5534",""
434,38,ARGSORT,0,17,0,997,"ffn_moe_argsort-33","ffn_moe_probs-33",""
434,70,ADD,0,1,1,1770,"ffn_moe_out-33","node_5570","ffn_moe_weighted-33 (view)"
434,74,MUL_MAT,0,19,19,1906,"ffn_shexp-33","blk.33.ffn_down_shexp.weight","ffn_swiglu-33"
434,77,MUL,0,1,0,1914,"ffn_shexp_gated-33","ffn_shexp-33","shared_expert_gate_sigmoid-33"
434,78,ADD,0,1,1,1916,"ffn_out-33","ffn_moe_out-33","ffn_shexp_gated-33"
434,81,MUL_MAT,0,6,4,1928,"hc_inject-33","blk.33.hc_ffn_inject.weight","hc_norm-33"
434,87,ADD,0,1,1,1952,"l_last-33","hc_combine-33","node_5587"
434,90,MUL,0,5,0,1961,"hc_norm-34"," (reshaped)","blk.34.hc_attn_norm.weight"
434,95,UNARY,0,27,0,2154,"hc_gate-34","node_5595",""
434,106,SCALE,0,0,2,2177,"hc_mixed-34","node_5606",""
434,152,RMS_NORM,0,1,2,3351,"norm-34","attn_output-34",""
435,5,MUL_MAT,0,281,42,640,"linear_attn_out-34","blk.34.ssm_out.weight","final_output-34"
435,9,MUL_MAT,0,7,2,653,"hc_inject-34","blk.34.hc_attn_inject.weight","hc_norm-34"
435,15,ADD,0,1,1,666,"hc_combine-34","l_last-33","node_5669"
435,18,MUL,0,6,0,676,"hc_norm-34"," (reshaped)","blk.34.hc_ffn_norm.weight"
435,23,UNARY,0,31,1,852,"hc_gate-34","node_5677",""
435,34,SCALE,0,0,7,879,"ffn_moe_inp-34","node_5688",""
435,38,ARGSORT,0,19,0,1007,"ffn_moe_argsort-34","ffn_moe_probs-34",""
435,70,ADD,0,1,0,1781,"ffn_moe_out-34","node_5724","ffn_moe_weighted-34 (view)"
435,74,MUL_MAT,0,26,9,1920,"ffn_shexp-34","blk.34.ffn_down_shexp.weight","ffn_swiglu-34"
435,77,MUL,0,2,0,1926,"ffn_shexp_gated-34","ffn_shexp-34","shared_expert_gate_sigmoid-34"
435,78,ADD,0,1,1,1928,"ffn_out-34","ffn_moe_out-34","ffn_shexp_gated-34"
435,81,MUL_MAT,0,6,5,1941,"hc_inject-34","blk.34.hc_ffn_inject.weight","hc_norm-34"
435,87,ADD,0,1,1,1953,"l_last-34","hc_combine-34","node_5741"
435,90,MUL,0,6,0,1963,"hc_norm-35"," (reshaped)","blk.35.hc_attn_norm.weight"
435,95,UNARY,0,31,1,2167,"hc_gate-35","node_5749",""
435,106,SCALE,0,0,2,2182,"hc_mixed-35","node_5760",""
435,151,RMS_NORM,0,5,0,3029,"norm-35","indexer_k_pooled-35 (reshaped)",""
436,38,MUL_MAT,0,266,69,580,"attn_output-35","blk.35.attn_output.weight","attn_gated-35"
436,41,MUL_MAT,0,5,5,593,"hc_inject-35","blk.35.hc_attn_inject.weight","hc_norm-35"
436,47,ADD,0,1,1,604,"hc_combine-35","l_last-34","node_5856"
436,50,MUL,0,6,0,614,"hc_norm-35"," (reshaped)","blk.35.hc_ffn_norm.weight"
436,55,UNARY,0,30,0,797,"hc_gate-35","node_5864",""
436,66,SCALE,0,0,1,897,"ffn_moe_inp-35","node_5875",""
436,70,ARGSORT,0,20,0,1017,"ffn_moe_argsort-35","ffn_moe_probs-35",""
436,102,ADD,0,1,1,1683,"ffn_moe_out-35","node_5911","ffn_moe_weighted-35 (view)"
436,106,MUL_MAT,0,28,6,1789,"ffn_shexp-35","blk.35.ffn_down_shexp.weight","ffn_swiglu-35"
436,109,MUL,0,2,1,1796,"ffn_shexp_gated-35","ffn_shexp-35","shared_expert_gate_sigmoid-35"
436,110,ADD,0,1,0,1797,"ffn_out-35","ffn_moe_out-35","ffn_shexp_gated-35"
436,113,MUL_MAT,0,6,2,1808,"hc_inject-35","blk.35.hc_ffn_inject.weight","hc_norm-35"
436,119,ADD,0,2,0,1818,"l_last-35","hc_combine-35","node_5928"
436,122,MUL,0,5,1,1829,"hc_norm-36"," (reshaped)","blk.36.hc_attn_norm.weight"
436,127,UNARY,0,30,0,1995,"hc_gate-36","node_5936",""
436,138,SCALE,0,0,1,2011,"hc_mixed-36","node_5947",""
436,184,RMS_NORM,0,0,1,3011,"norm-36","attn_output-36",""
437,5,MUL_MAT,0,258,67,652,"linear_attn_out-36","blk.36.ssm_out.weight","final_output-36"
437,9,MUL_MAT,0,6,2,664,"hc_inject-36","blk.36.hc_attn_inject.weight","hc_norm-36"
437,15,ADD,0,1,1,686,"hc_combine-36","l_last-35","node_6010"
437,18,MUL,0,7,0,696,"hc_norm-36"," (reshaped)","blk.36.hc_ffn_norm.weight"
437,23,UNARY,0,31,0,869,"hc_gate-36","node_6018",""
437,34,SCALE,0,0,2,896,"ffn_moe_inp-36","node_6029",""
437,38,ARGSORT,0,20,0,1015,"ffn_moe_argsort-36","ffn_moe_probs-36",""
437,70,ADD,0,2,1,1875,"ffn_moe_out-36","node_6065","ffn_moe_weighted-36 (view)"
437,74,MUL_MAT,0,37,1,2025,"ffn_shexp-36","blk.36.ffn_down_shexp.weight","ffn_swiglu-36"
437,77,MUL,0,3,1,2063,"ffn_shexp_gated-36","ffn_shexp-36","shared_expert_gate_sigmoid-36"
437,78,ADD,0,2,0,2065,"ffn_out-36","ffn_moe_out-36","ffn_shexp_gated-36"
437,81,MUL_MAT,0,9,1,2079,"hc_inject-36","blk.36.hc_ffn_inject.weight","hc_norm-36"
437,87,ADD,0,2,0,2094,"l_last-36","hc_combine-36","node_6082"
437,90,MUL,0,9,0,2108,"hc_norm-37"," (reshaped)","blk.37.hc_attn_norm.weight"
437,95,UNARY,0,34,1,2308,"hc_gate-37","node_6090",""
437,106,SCALE,0,0,2,2339,"hc_mixed-37","node_6101",""
437,152,RMS_NORM,0,1,1,3732,"norm-37","attn_output-37",""
438,5,MUL_MAT,0,306,3,605,"linear_attn_out-37","blk.37.ssm_out.weight","final_output-37"
438,9,MUL_MAT,0,10,1,621,"hc_inject-37","blk.37.hc_attn_inject.weight","hc_norm-37"
438,15,ADD,0,2,1,634,"hc_combine-37","l_last-36","node_6164"
438,18,MUL,0,8,1,648,"hc_norm-37"," (reshaped)","blk.37.hc_ffn_norm.weight"
438,23,UNARY,0,34,0,826,"hc_gate-37","node_6172",""
438,34,SCALE,0,1,6,850,"ffn_moe_inp-37","node_6183",""
438,38,ARGSORT,0,23,0,979,"ffn_moe_argsort-37","ffn_moe_probs-37",""
438,70,ADD,0,1,1,1616,"ffn_moe_out-37","node_6219","ffn_moe_weighted-37 (view)"
438,74,MUL_MAT,0,35,2,1733,"ffn_shexp-37","blk.37.ffn_down_shexp.weight","ffn_swiglu-37"
438,77,MUL,0,3,0,1743,"ffn_shexp_gated-37","ffn_shexp-37","shared_expert_gate_sigmoid-37"
438,78,ADD,0,1,0,1745,"ffn_out-37","ffn_moe_out-37","ffn_shexp_gated-37"
438,81,MUL_MAT,0,9,0,1759,"hc_inject-37","blk.37.hc_ffn_inject.weight","hc_norm-37"
438,87,ADD,0,1,1,1773,"l_last-37","hc_combine-37","node_6236"
438,90,MUL,0,9,0,1786,"hc_norm-38"," (reshaped)","blk.38.hc_attn_norm.weight"
438,95,UNARY,0,34,0,2000,"hc_gate-38","node_6244",""
438,106,SCALE,0,0,6,2026,"hc_mixed-38","node_6255",""
438,152,RMS_NORM,0,0,1,3322,"norm-38","attn_output-38",""
439,5,MUL_MAT,0,333,20,686,"linear_attn_out-38","blk.38.ssm_out.weight","final_output-38"
439,9,MUL_MAT,0,9,2,703,"hc_inject-38","blk.38.hc_attn_inject.weight","hc_norm-38"
439,15,ADD,0,2,5,785,"hc_combine-38","l_last-37","node_6318"
439,18,MUL,0,7,1,797,"hc_norm-38"," (reshaped)","blk.38.hc_ffn_norm.weight"
439,23,UNARY,0,32,0,1003,"hc_gate-38","node_6326",""
439,34,SCALE,0,0,1,1018,"ffn_moe_inp-38","node_6337",""
439,38,ARGSORT,0,22,0,1149,"ffn_moe_argsort-38","ffn_moe_probs-38",""
439,70,ADD,0,1,1,1804,"ffn_moe_out-38","node_6373","ffn_moe_weighted-38 (view)"
439,74,MUL_MAT,0,32,6,1919,"ffn_shexp-38","blk.38.ffn_down_shexp.weight","ffn_swiglu-38"
439,77,MUL,0,2,0,1928,"ffn_shexp_gated-38","ffn_shexp-38","shared_expert_gate_sigmoid-38"
439,78,ADD,0,1,1,1930,"ffn_out-38","ffn_moe_out-38","ffn_shexp_gated-38"
439,81,MUL_MAT,0,7,0,1945,"hc_inject-38","blk.38.hc_ffn_inject.weight","hc_norm-38"
439,87,ADD,0,1,3,1958,"l_last-38","hc_combine-38","node_6390"
440,0,GET_ROWS,0,3,6,9,"model.input_embed","token_embd.weight","inp_tokens"
440,2,REPEAT,0,3,1,14,"hc_init","model.input_embed (reshaped)",""
440,5,MUL,0,8,0,26,"hc_norm-0"," (reshaped)","blk.0.hc_attn_norm.weight"
440,10,UNARY,0,33,0,206,"hc_gate-0","node_9",""
440,21,SCALE,0,0,2,224,"hc_mixed-0","node_20",""
440,69,RMS_NORM,0,0,2,1371,"norm-0","attn_output-0",""
441,5,MUL_MAT,0,284,111,757,"linear_attn_out-0","blk.0.ssm_out.weight","final_output-0"
441,9,MUL_MAT,0,10,5,783,"hc_inject-0","blk.0.hc_attn_inject.weight","hc_norm-0"
441,15,ADD,0,3,2,799,"hc_combine-0","hc_init","node_85"
441,18,MUL,0,9,1,823,"hc_norm-0"," (reshaped)","blk.0.hc_ffn_norm.weight"
441,23,UNARY,0,34,0,1019,"hc_gate-0","node_93",""
441,34,SCALE,0,0,1,1037,"ffn_moe_inp-0","node_104",""
441,38,ARGSORT,0,23,0,1176,"ffn_moe_argsort-0","ffn_moe_probs-0",""
441,70,ADD,0,1,1,1908,"ffn_moe_out-0","node_140","ffn_moe_weighted-0 (view)"
441,93,MUL_MAT,0,35,1,2929,"ffn_shexp-0","blk.0.ffn_down_shexp.weight","ffn_swiglu-0"
441,96,MUL,0,3,1,2951,"ffn_shexp_gated-0","ffn_shexp-0","shared_expert_gate_sigmoid-0"
441,97,ADD,0,2,0,2953,"ffn_out-0","ffn_moe_out-0","ffn_shexp_gated-0"
441,100,MUL_MAT,0,9,1,2967,"hc_inject-0","blk.0.hc_ffn_inject.weight","hc_norm-0"
441,106,ADD,0,2,1,2979,"l_last-0","hc_combine-0","node_176"
441,120,UNARY,0,0,2,3040,"ple_gate-1","node_190",""
441,121,MUL,0,4,0,3044,"ple_gated_value-1","node_154","ple_gate-1"
441,174,MUL,0,8,1,3539,"hc_norm-1"," (reshaped)","blk.1.hc_attn_norm.weight"
441,179,UNARY,0,34,0,3732,"hc_gate-1","node_249",""
441,190,SCALE,0,0,1,3770,"hc_mixed-1","node_260",""
441,236,RMS_NORM,0,0,2,5090,"norm-1","attn_output-1",""
442,5,MUL_MAT,0,325,5,643,"linear_attn_out-1","blk.1.ssm_out.weight","final_output-1"
442,9,MUL_MAT,0,9,8,664,"hc_inject-1","blk.1.hc_attn_inject.weight","hc_norm-1"
442,15,ADD,0,2,1,682,"hc_combine-1","node_242","node_323"
442,18,MUL,0,8,1,695,"hc_norm-1"," (reshaped)","blk.1.hc_ffn_norm.weight"
442,23,UNARY,0,33,0,881,"hc_gate-1","node_331",""
442,34,SCALE,0,0,5,920,"ffn_moe_inp-1","node_342",""
442,38,ARGSORT,0,22,0,1051,"ffn_moe_argsort-1","ffn_moe_probs-1",""
442,70,ADD,0,2,0,1702,"ffn_moe_out-1","node_378","ffn_moe_weighted-1 (view)"
442,74,MUL_MAT,0,39,1,1821,"ffn_shexp-1","blk.1.ffn_down_shexp.weight","ffn_swiglu-1"
442,77,MUL,0,3,0,1840,"ffn_shexp_gated-1","ffn_shexp-1","shared_expert_gate_sigmoid-1"
442,78,ADD,0,1,0,1842,"ffn_out-1","ffn_moe_out-1","ffn_shexp_gated-1"
442,81,MUL_MAT,0,8,0,1854,"hc_inject-1","blk.1.hc_ffn_inject.weight","hc_norm-1"
442,87,ADD,0,1,1,1876,"l_last-1","hc_combine-1","node_395"
442,90,MUL,0,22,0,1903,"hc_norm-2"," (reshaped)","blk.2.hc_attn_norm.weight"
442,95,UNARY,0,33,1,2111,"hc_gate-2","node_403",""
442,106,SCALE,0,1,2,2130,"hc_mixed-2","node_414",""
442,152,RMS_NORM,0,1,2,3469,"norm-2","attn_output-2",""
443,5,MUL_MAT,0,313,6,630,"linear_attn_out-2","blk.2.ssm_out.weight","final_output-2"
443,9,MUL_MAT,0,8,1,645,"hc_inject-2","blk.2.hc_attn_inject.weight","hc_norm-2"
443,15,ADD,0,2,1,669,"hc_combine-2","l_last-1","node_477"
443,18,MUL,0,10,0,683,"hc_norm-2"," (reshaped)","blk.2.hc_ffn_norm.weight"
443,23,UNARY,0,34,1,871,"hc_gate-2","node_485",""
443,34,SCALE,0,0,2,906,"ffn_moe_inp-2","node_496",""
443,38,ARGSORT,0,22,0,1041,"ffn_moe_argsort-2","ffn_moe_probs-2",""
443,70,ADD,0,2,0,1901,"ffn_moe_out-2","node_532","ffn_moe_weighted-2 (view)"
443,74,MUL_MAT,0,35,1,2028,"ffn_shexp-2","blk.2.ffn_down_shexp.weight","ffn_swiglu-2"
443,77,MUL,0,3,1,2039,"ffn_shexp_gated-2","ffn_shexp-2","shared_expert_gate_sigmoid-2"
443,78,ADD,0,1,1,2041,"ffn_out-2","ffn_moe_out-2","ffn_shexp_gated-2"
443,81,MUL_MAT,0,12,1,2059,"hc_inject-2","blk.2.hc_ffn_inject.weight","hc_norm-2"
443,87,ADD,0,2,6,2078,"l_last-2","hc_combine-2","node_549"
443,90,MUL,0,10,0,2092,"hc_norm-3"," (reshaped)","blk.3.hc_attn_norm.weight"
443,95,UNARY,0,34,1,2281,"hc_gate-3","node_557",""
443,106,SCALE,0,0,2,2300,"hc_mixed-3","node_568",""
443,151,RMS_NORM,0,8,0,3095,"norm-3","indexer_k_pooled-3 (reshaped)",""
444,38,MUL_MAT,0,323,11,555,"attn_output-3","blk.3.attn_output.weight","attn_gated-3"
444,41,MUL_MAT,0,10,2,572,"hc_inject-3","blk.3.hc_attn_inject.weight","hc_norm-3"
444,47,ADD,0,2,0,591,"hc_combine-3","l_last-2","node_664"
444,50,MUL,0,9,0,605,"hc_norm-3"," (reshaped)","blk.3.hc_ffn_norm.weight"
444,55,UNARY,0,33,1,796,"hc_gate-3","node_672",""
444,66,SCALE,0,0,2,814,"ffn_moe_inp-3","node_683",""
444,70,ARGSORT,0,22,0,938,"ffn_moe_argsort-3","ffn_moe_probs-3",""
444,102,ADD,0,2,0,2293,"ffn_moe_out-3","node_719","ffn_moe_weighted-3 (view)"
444,106,MUL_MAT,0,33,0,2411,"ffn_shexp-3","blk.3.ffn_down_shexp.weight","ffn_swiglu-3"
444,109,MUL,0,3,1,2422,"ffn_shexp_gated-3","ffn_shexp-3","shared_expert_gate_sigmoid-3"
444,110,ADD,0,2,0,2424,"ffn_out-3","ffn_moe_out-3","ffn_shexp_gated-3"
444,113,MUL_MAT,0,8,1,2436,"hc_inject-3","blk.3.hc_ffn_inject.weight","hc_norm-3"
444,119,ADD,0,1,6,2453,"l_last-3","hc_combine-3","node_736"
444,122,MUL,0,8,0,2465,"hc_norm-4"," (reshaped)","blk.4.hc_attn_norm.weight"
444,127,UNARY,0,33,1,2641,"hc_gate-4","node_744",""
444,138,SCALE,0,0,1,2657,"hc_mixed-4","node_755",""
444,184,RMS_NORM,0,0,18,4161,"norm-4","attn_output-4",""
445,5,MUL_MAT,0,316,1,621,"linear_attn_out-4","blk.4.ssm_out.weight","final_output-4"
445,9,MUL_MAT,0,7,1,641,"hc_inject-4","blk.4.hc_attn_inject.weight","hc_norm-4"
445,15,ADD,0,2,0,653,"hc_combine-4","l_last-3","node_818"
445,18,MUL,0,9,0,667,"hc_norm-4"," (reshaped)","blk.4.hc_ffn_norm.weight"
445,23,UNARY,0,35,0,850,"hc_gate-4","node_826",""
445,34,SCALE,0,0,2,867,"ffn_moe_inp-4","node_837",""
445,38,ARGSORT,0,22,0,994,"ffn_moe_argsort-4","ffn_moe_probs-4",""
445,70,ADD,0,2,0,2330,"ffn_moe_out-4","node_873","ffn_moe_weighted-4 (view)"
445,74,MUL_MAT,0,34,2,2444,"ffn_shexp-4","blk.4.ffn_down_shexp.weight","ffn_swiglu-4"
445,77,MUL,0,3,1,2454,"ffn_shexp_gated-4","ffn_shexp-4","shared_expert_gate_sigmoid-4"
445,78,ADD,0,2,0,2456,"ffn_out-4","ffn_moe_out-4","ffn_shexp_gated-4"
445,81,MUL_MAT,0,7,0,2468,"hc_inject-4","blk.4.hc_ffn_inject.weight","hc_norm-4"
445,87,ADD,0,2,1,2482,"l_last-4","hc_combine-4","node_890"
445,90,MUL,0,9,0,2494,"hc_norm-5"," (reshaped)","blk.5.hc_attn_norm.weight"
445,95,UNARY,0,34,1,2681,"hc_gate-5","node_898",""
445,106,SCALE,0,0,1,2707,"hc_mixed-5","node_909",""
445,152,RMS_NORM,0,1,7,4096,"norm-5","attn_output-5",""
446,5,MUL_MAT,0,293,21,623,"linear_attn_out-5","blk.5.ssm_out.weight","final_output-5"
446,9,MUL_MAT,0,8,1,638,"hc_inject-5","blk.5.hc_attn_inject.weight","hc_norm-5"
446,15,ADD,0,2,1,651,"hc_combine-5","l_last-4","node_972"
446,18,MUL,0,8,0,671,"hc_norm-5"," (reshaped)","blk.5.hc_ffn_norm.weight"
446,23,UNARY,0,34,0,869,"hc_gate-5","node_980",""
446,34,SCALE,0,0,2,896,"ffn_moe_inp-5","node_991",""
446,38,ARGSORT,0,22,0,1025,"ffn_moe_argsort-5","ffn_moe_probs-5",""
446,70,ADD,0,2,0,1703,"ffn_moe_out-5","node_1027","ffn_moe_weighted-5 (view)"
446,74,MUL_MAT,0,32,4,1822,"ffn_shexp-5","blk.5.ffn_down_shexp.weight","ffn_swiglu-5"
446,77,MUL,0,3,0,1831,"ffn_shexp_gated-5","ffn_shexp-5","shared_expert_gate_sigmoid-5"
446,78,ADD,0,1,1,1834,"ffn_out-5","ffn_moe_out-5","ffn_shexp_gated-5"
446,81,MUL_MAT,0,7,1,1846,"hc_inject-5","blk.5.hc_ffn_inject.weight","hc_norm-5"
446,87,ADD,0,1,1,1867,"l_last-5","hc_combine-5","node_1044"
446,90,MUL,0,9,1,1881,"hc_norm-6"," (reshaped)","blk.6.hc_attn_norm.weight"
446,95,UNARY,0,34,1,2070,"hc_gate-6","node_1052",""
446,106,SCALE,0,0,2,2089,"hc_mixed-6","node_1063",""
446,152,RMS_NORM,0,0,2,3100,"norm-6","attn_output-6",""
447,5,MUL_MAT,0,183,168,682,"linear_attn_out-6","blk.6.ssm_out.weight","final_output-6"
447,9,MUL_MAT,0,8,1,695,"hc_inject-6","blk.6.hc_attn_inject.weight","hc_norm-6"
447,15,ADD,0,1,1,709,"hc_combine-6","l_last-5","node_1126"
447,18,MUL,0,5,1,719,"hc_norm-6"," (reshaped)","blk.6.hc_ffn_norm.weight"
447,23,UNARY,0,21,1,920,"hc_gate-6","node_1134",""
447,34,SCALE,0,0,2,945,"ffn_moe_inp-6","node_1145",""
447,38,ARGSORT,0,17,1,1075,"ffn_moe_argsort-6","ffn_moe_probs-6",""
447,70,ADD,0,1,1,1859,"ffn_moe_out-6","node_1181","ffn_moe_weighted-6 (view)"
447,74,MUL_MAT,0,31,60,2048,"ffn_shexp-6","blk.6.ffn_down_shexp.weight","ffn_swiglu-6"
447,77,MUL,0,1,1,2056,"ffn_shexp_gated-6","ffn_shexp-6","shared_expert_gate_sigmoid-6"
447,78,ADD,0,1,1,2058,"ffn_out-6","ffn_moe_out-6","ffn_shexp_gated-6"
447,81,MUL_MAT,0,19,3,2082,"hc_inject-6","blk.6.hc_ffn_inject.weight","hc_norm-6"
447,87,ADD,0,2,1,2112,"l_last-6","hc_combine-6","node_1198"
447,90,MUL,0,6,0,2122,"hc_norm-7"," (reshaped)","blk.7.hc_attn_norm.weight"
447,95,UNARY,0,31,0,2300,"hc_gate-7","node_1206",""
447,106,SCALE,0,1,1,2316,"hc_mixed-7","node_1217",""
447,151,RMS_NORM,0,5,0,3073,"norm-7","indexer_k_pooled-7 (reshaped)",""
448,38,MUL_MAT,0,261,53,533,"attn_output-7","blk.7.attn_output.weight","attn_gated-7"
448,41,MUL_MAT,0,7,1,544,"hc_inject-7","blk.7.hc_attn_inject.weight","hc_norm-7"
448,47,ADD,0,2,1,562,"hc_combine-7","l_last-6","node_1313"
448,50,MUL,0,5,1,572,"hc_norm-7"," (reshaped)","blk.7.hc_ffn_norm.weight"
448,55,UNARY,0,31,0,746,"hc_gate-7","node_1321",""
448,66,SCALE,0,0,2,762,"ffn_moe_inp-7","node_1332",""
448,70,ARGSORT,0,20,0,881,"ffn_moe_argsort-7","ffn_moe_probs-7",""
448,102,ADD,0,1,1,2310,"ffn_moe_out-7","node_1368","ffn_moe_weighted-7 (view)"
448,106,MUL_MAT,0,28,8,2418,"ffn_shexp-7","blk.7.ffn_down_shexp.weight","ffn_swiglu-7"
448,109,MUL,0,2,0,2426,"ffn_shexp_gated-7","ffn_shexp-7","shared_expert_gate_sigmoid-7"
448,110,ADD,0,1,0,2428,"ffn_out-7","ffn_moe_out-7","ffn_shexp_gated-7"
448,113,MUL_MAT,0,6,3,2440,"hc_inject-7","blk.7.hc_ffn_inject.weight","hc_norm-7"
448,119,ADD,0,2,1,2452,"l_last-7","hc_combine-7","node_1385"
448,122,MUL,0,6,0,2462,"hc_norm-8"," (reshaped)","blk.8.hc_attn_norm.weight"
448,127,UNARY,0,33,1,2648,"hc_gate-8","node_1393",""
448,138,SCALE,0,1,1,2673,"hc_mixed-8","node_1404",""
448,184,RMS_NORM,0,1,2,3767,"norm-8","attn_output-8",""
449,5,MUL_MAT,0,286,41,642,"linear_attn_out-8","blk.8.ssm_out.weight","final_output-8"
449,9,MUL_MAT,0,6,2,654,"hc_inject-8","blk.8.hc_attn_inject.weight","hc_norm-8"
449,15,ADD,0,1,1,671,"hc_combine-8","l_last-7","node_1467"
449,18,MUL,0,6,0,681,"hc_norm-8"," (reshaped)","blk.8.hc_ffn_norm.weight"
449,23,UNARY,0,31,0,855,"hc_gate-8","node_1475",""
449,34,SCALE,0,0,1,884,"ffn_moe_inp-8","node_1486",""
449,38,ARGSORT,0,33,0,1019,"ffn_moe_argsort-8","ffn_moe_probs-8",""
449,70,ADD,0,1,1,2147,"ffn_moe_out-8","node_1522","ffn_moe_weighted-8 (view)"
449,74,MUL_MAT,0,29,6,2267,"ffn_shexp-8","blk.8.ffn_down_shexp.weight","ffn_swiglu-8"
449,77,MUL,0,2,0,2280,"ffn_shexp_gated-8","ffn_shexp-8","shared_expert_gate_sigmoid-8"
449,78,ADD,0,1,1,2282,"ffn_out-8","ffn_moe_out-8","ffn_shexp_gated-8"
449,81,MUL_MAT,0,6,3,2293,"hc_inject-8","blk.8.hc_ffn_inject.weight","hc_norm-8"
449,87,ADD,0,1,2,2306,"l_last-8","hc_combine-8","node_1539"
449,90,MUL,0,6,1,2316,"hc_norm-9"," (reshaped)","blk.9.hc_attn_norm.weight"
449,95,UNARY,0,30,1,2522,"hc_gate-9","node_1547",""
449,106,SCALE,0,0,2,2540,"hc_mixed-9","node_1558",""
449,152,RMS_NORM,0,0,2,3653,"norm-9","attn_output-9",""
450,5,MUL_MAT,0,259,66,638,"linear_attn_out-9","blk.9.ssm_out.weight","final_output-9"
450,9,MUL_MAT,0,7,1,650,"hc_inject-9","blk.9.hc_attn_inject.weight","hc_norm-9"
450,15,ADD,0,1,2,671,"hc_combine-9","l_last-8","node_1621"
450,18,MUL,0,6,0,681,"hc_norm-9"," (reshaped)","blk.9.hc_ffn_norm.weight"
450,23,UNARY,0,30,0,858,"hc_gate-9","node_1629",""
450,34,SCALE,0,0,1,874,"ffn_moe_inp-9","node_1640",""
450,38,ARGSORT,0,20,1,1005,"ffn_moe_argsort-9","ffn_moe_probs-9",""
450,70,ADD,0,1,1,1647,"ffn_moe_out-9","node_1676","ffn_moe_weighted-9 (view)"
450,74,MUL_MAT,0,28,12,1772,"ffn_shexp-9","blk.9.ffn_down_shexp.weight","ffn_swiglu-9"
450,77,MUL,0,2,0,1781,"ffn_shexp_gated-9","ffn_shexp-9","shared_expert_gate_sigmoid-9"
450,78,ADD,0,1,1,1783,"ffn_out-9","ffn_moe_out-9","ffn_shexp_gated-9"
450,81,MUL_MAT,0,10,5,1801,"hc_inject-9","blk.9.hc_ffn_inject.weight","hc_norm-9"
450,87,ADD,0,1,1,1831,"l_last-9","hc_combine-9","node_1693"
450,90,MUL,0,6,0,1841,"hc_norm-10"," (reshaped)","blk.10.hc_attn_norm.weight"
450,95,UNARY,0,31,0,2049,"hc_gate-10","node_1701",""
450,106,SCALE,0,0,4,2073,"hc_mixed-10","node_1712",""
450,152,RMS_NORM,0,1,122,3539,"norm-10","attn_output-10",""
451,5,MUL_MAT,0,279,55,666,"linear_attn_out-10","blk.10.ssm_out.weight","final_output-10"
451,9,MUL_MAT,0,8,2,680,"hc_inject-10","blk.10.hc_attn_inject.weight","hc_norm-10"
451,15,ADD,0,2,1,693,"hc_combine-10","l_last-9","node_1775"
451,18,MUL,0,6,0,709,"hc_norm-10"," (reshaped)","blk.10.hc_ffn_norm.weight"
451,23,UNARY,0,31,1,888,"hc_gate-10","node_1783",""
451,34,SCALE,0,0,2,913,"ffn_moe_inp-10","node_1794",""
451,38,ARGSORT,0,21,0,1049,"ffn_moe_argsort-10","ffn_moe_probs-10",""
451,70,ADD,0,1,0,2557,"ffn_moe_out-10","node_1830","ffn_moe_weighted-10 (view)"
451,74,MUL_MAT,0,33,4,2680,"ffn_shexp-10","blk.10.ffn_down_shexp.weight","ffn_swiglu-10"
451,77,MUL,0,3,0,2688,"ffn_shexp_gated-10","ffn_shexp-10","shared_expert_gate_sigmoid-10"
451,78,ADD,0,1,1,2690,"ffn_out-10","ffn_moe_out-10","ffn_shexp_gated-10"
451,81,MUL_MAT,0,12,3,2708,"hc_inject-10","blk.10.hc_ffn_inject.weight","hc_norm-10"
451,87,ADD,0,2,1,2722,"l_last-10","hc_combine-10","node_1847"
451,90,MUL,0,7,0,2733,"hc_norm-11"," (reshaped)","blk.11.hc_attn_norm.weight"
451,95,UNARY,0,34,0,2931,"hc_gate-11","node_1855",""
451,106,SCALE,0,0,2,2950,"hc_mixed-11","node_1866",""
451,151,RMS_NORM,0,9,0,3752,"norm-11","indexer_k_pooled-11 (reshaped)",""
452,38,MUL_MAT,0,311,0,515,"attn_output-11","blk.11.attn_output.weight","attn_gated-11"
452,41,MUL_MAT,0,8,2,530,"hc_inject-11","blk.11.hc_attn_inject.weight","hc_norm-11"
452,47,ADD,0,1,1,549,"hc_combine-11","l_last-10","node_1962"
452,50,MUL,0,8,0,561,"hc_norm-11"," (reshaped)","blk.11.hc_ffn_norm.weight"
452,55,UNARY,0,33,1,746,"hc_gate-11","node_1970",""
452,66,SCALE,0,1,2,765,"ffn_moe_inp-11","node_1981",""
452,70,ARGSORT,0,22,1,886,"ffn_moe_argsort-11","ffn_moe_probs-11",""
452,102,ADD,0,2,0,1524,"ffn_moe_out-11","node_2017","ffn_moe_weighted-11 (view)"
452,106,MUL_MAT,0,32,1,1635,"ffn_shexp-11","blk.11.ffn_down_shexp.weight","ffn_swiglu-11"
452,109,MUL,0,3,0,1652,"ffn_shexp_gated-11","ffn_shexp-11","shared_expert_gate_sigmoid-11"
452,110,ADD,0,1,1,1655,"ffn_out-11","ffn_moe_out-11","ffn_shexp_gated-11"
452,113,MUL_MAT,0,7,5,1671,"hc_inject-11","blk.11.hc_ffn_inject.weight","hc_norm-11"
452,119,ADD,0,2,0,1693,"l_last-11","hc_combine-11","node_2034"
452,122,MUL,0,8,1,1707,"hc_norm-12"," (reshaped)","blk.12.hc_attn_norm.weight"
452,127,UNARY,0,33,1,1882,"hc_gate-12","node_2042",""
452,138,SCALE,0,0,1,1900,"hc_mixed-12","node_2053",""
452,184,RMS_NORM,0,0,9,3162,"norm-12","attn_output-12",""
453,5,MUL_MAT,0,303,16,629,"linear_attn_out-12","blk.12.ssm_out.weight","final_output-12"
453,9,MUL_MAT,0,16,0,655,"hc_inject-12","blk.12.hc_attn_inject.weight","hc_norm-12"
453,15,ADD,0,1,1,670,"hc_combine-12","l_last-11","node_2116"
453,18,MUL,0,9,0,683,"hc_norm-12"," (reshaped)","blk.12.hc_ffn_norm.weight"
453,23,UNARY,0,34,1,879,"hc_gate-12","node_2124",""
453,34,SCALE,0,0,2,895,"ffn_moe_inp-12","node_2135",""
453,38,ARGSORT,0,22,0,1023,"ffn_moe_argsort-12","ffn_moe_probs-12",""
453,70,ADD,0,1,1,2180,"ffn_moe_out-12","node_2171","ffn_moe_weighted-12 (view)"
453,74,MUL_MAT,0,34,3,2302,"ffn_shexp-12","blk.12.ffn_down_shexp.weight","ffn_swiglu-12"
453,77,MUL,0,3,0,2311,"ffn_shexp_gated-12","ffn_shexp-12","shared_expert_gate_sigmoid-12"
453,78,ADD,0,1,1,2314,"ffn_out-12","ffn_moe_out-12","ffn_shexp_gated-12"
453,81,MUL_MAT,0,10,1,2337,"hc_inject-12","blk.12.hc_ffn_inject.weight","hc_norm-12"
453,87,ADD,0,2,0,2349,"l_last-12","hc_combine-12","node_2188"
453,90,MUL,0,9,0,2362,"hc_norm-13"," (reshaped)","blk.13.hc_attn_norm.weight"
453,95,UNARY,0,34,0,2551,"hc_gate-13","node_2196",""
453,106,SCALE,0,0,2,2568,"hc_mixed-13","node_2207",""
453,152,RMS_NORM,0,1,8,4175,"norm-13","attn_output-13",""
454,5,MUL_MAT,0,252,86,674,"linear_attn_out-13","blk.13.ssm_out.weight","final_output-13"
454,9,MUL_MAT,0,21,4,703,"hc_inject-13","blk.13.hc_attn_inject.weight","hc_norm-13"
454,15,ADD,0,2,1,721,"hc_combine-13","l_last-12","node_2270"
454,18,MUL,0,7,1,733,"hc_norm-13"," (reshaped)","blk.13.hc_ffn_norm.weight"
454,23,UNARY,0,31,0,926,"hc_gate-13","node_2278",""
454,34,SCALE,0,0,1,951,"ffn_moe_inp-13","node_2289",""
454,38,ARGSORT,0,21,0,1085,"ffn_moe_argsort-13","ffn_moe_probs-13",""
454,70,ADD,0,1,1,1745,"ffn_moe_out-13","node_2325","ffn_moe_weighted-13 (view)"
454,74,MUL_MAT,0,31,6,1862,"ffn_shexp-13","blk.13.ffn_down_shexp.weight","ffn_swiglu-13"
454,77,MUL,0,2,1,1872,"ffn_shexp_gated-13","ffn_shexp-13","shared_expert_gate_sigmoid-13"
454,78,ADD,0,1,1,1874,"ffn_out-13","ffn_moe_out-13","ffn_shexp_gated-13"
454,81,MUL_MAT,0,5,6,1894,"hc_inject-13","blk.13.hc_ffn_inject.weight","hc_norm-13"
454,87,ADD,0,1,2,1907,"l_last-13","hc_combine-13","node_2342"
454,90,MUL,0,6,0,1917,"hc_norm-14"," (reshaped)","blk.14.hc_attn_norm.weight"
454,95,UNARY,0,31,0,2129,"hc_gate-14","node_2350",""
454,106,SCALE,0,0,1,2146,"hc_mixed-14","node_2361",""
454,152,RMS_NORM,0,0,1,3190,"norm-14","attn_output-14",""
455,5,MUL_MAT,0,248,75,625,"linear_attn_out-14","blk.14.ssm_out.weight","final_output-14"
455,9,MUL_MAT,0,6,6,640,"hc_inject-14","blk.14.hc_attn_inject.weight","hc_norm-14"
455,15,ADD,0,2,11,665,"hc_combine-14","l_last-13","node_2424"
455,18,MUL,0,6,0,675,"hc_norm-14"," (reshaped)","blk.14.hc_ffn_norm.weight"
455,23,UNARY,0,30,1,871,"hc_gate-14","node_2432",""
455,34,SCALE,0,0,2,896,"ffn_moe_inp-14","node_2443",""
455,38,ARGSORT,0,20,0,1021,"ffn_moe_argsort-14","ffn_moe_probs-14",""
455,70,ADD,0,1,0,1721,"ffn_moe_out-14","node_2479","ffn_moe_weighted-14 (view)"
455,74,MUL_MAT,0,34,8,1847,"ffn_shexp-14","blk.14.ffn_down_shexp.weight","ffn_swiglu-14"
455,77,MUL,0,2,0,1855,"ffn_shexp_gated-14","ffn_shexp-14","shared_expert_gate_sigmoid-14"
455,78,ADD,0,1,0,1857,"ffn_out-14","ffn_moe_out-14","ffn_shexp_gated-14"
455,81,MUL_MAT,0,7,6,1873,"hc_inject-14","blk.14.hc_ffn_inject.weight","hc_norm-14"
455,87,ADD,0,2,0,1895,"l_last-14","hc_combine-14","node_2496"
455,90,MUL,0,6,0,1905,"hc_norm-15"," (reshaped)","blk.15.hc_attn_norm.weight"
455,95,UNARY,0,31,0,2103,"hc_gate-15","node_2504",""
455,106,SCALE,0,0,2,2133,"hc_mixed-15","node_2515",""
455,151,RMS_NORM,0,5,0,2935,"norm-15","indexer_k_pooled-15 (reshaped)",""
456,38,MUL_MAT,0,238,78,534,"attn_output-15","blk.15.attn_output.weight","attn_gated-15"
456,41,MUL_MAT,0,6,6,549,"hc_inject-15","blk.15.hc_attn_inject.weight","hc_norm-15"
456,47,ADD,0,2,1,562,"hc_combine-15","l_last-14","node_2611"
456,50,MUL,0,5,1,572,"hc_norm-15"," (reshaped)","blk.15.hc_ffn_norm.weight"
456,55,UNARY,0,31,0,748,"hc_gate-15","node_2619",""
456,66,SCALE,0,0,1,775,"ffn_moe_inp-15","node_2630",""
456,70,ARGSORT,0,20,0,894,"ffn_moe_argsort-15","ffn_moe_probs-15",""
456,102,ADD,0,2,1,1531,"ffn_moe_out-15","node_2666","ffn_moe_weighted-15 (view)"
456,106,MUL_MAT,0,27,11,1649,"ffn_shexp-15","blk.15.ffn_down_shexp.weight","ffn_swiglu-15"
456,109,MUL,0,2,0,1656,"ffn_shexp_gated-15","ffn_shexp-15","shared_expert_gate_sigmoid-15"
456,110,ADD,0,1,1,1658,"ffn_out-15","ffn_moe_out-15","ffn_shexp_gated-15"
456,113,MUL_MAT,0,6,4,1671,"hc_inject-15","blk.15.hc_ffn_inject.weight","hc_norm-15"
456,119,ADD,0,1,1,1692,"l_last-15","hc_combine-15","node_2683"
456,122,MUL,0,7,0,1703,"hc_norm-16"," (reshaped)","blk.16.hc_attn_norm.weight"
456,127,UNARY,0,30,1,1900,"hc_gate-16","node_2691",""
456,138,SCALE,0,0,2,1924,"hc_mixed-16","node_2702",""
456,184,RMS_NORM,0,0,9,2998,"norm-16","attn_output-16",""
457,5,MUL_MAT,0,264,57,666,"linear_attn_out-16","blk.16.ssm_out.weight","final_output-16"
457,9,MUL_MAT,0,8,1,679,"hc_inject-16","blk.16.hc_attn_inject.weight","hc_norm-16"
457,15,ADD,0,1,6,707,"hc_combine-16","l_last-15","node_2765"
457,18,MUL,0,6,0,717,"hc_norm-16"," (reshaped)","blk.16.hc_ffn_norm.weight"
457,23,UNARY,0,31,0,898,"hc_gate-16","node_2773",""
457,34,SCALE,0,0,14,927,"ffn_moe_inp-16","node_2784",""
457,38,ARGSORT,0,19,0,1053,"ffn_moe_argsort-16","ffn_moe_probs-16",""
457,70,ADD,0,1,0,1697,"ffn_moe_out-16","node_2820","ffn_moe_weighted-16 (view)"
457,74,MUL_MAT,0,30,5,1815,"ffn_shexp-16","blk.16.ffn_down_shexp.weight","ffn_swiglu-16"
457,77,MUL,0,1,1,1824,"ffn_shexp_gated-16","ffn_shexp-16","shared_expert_gate_sigmoid-16"
457,78,ADD,0,1,1,1826,"ffn_out-16","ffn_moe_out-16","ffn_shexp_gated-16"
457,81,MUL_MAT,0,6,2,1836,"hc_inject-16","blk.16.hc_ffn_inject.weight","hc_norm-16"
457,87,ADD,0,1,64,1912,"l_last-16","hc_combine-16","node_2837"
457,90,MUL,0,7,0,2066,"hc_norm-17"," (reshaped)","blk.17.hc_attn_norm.weight"
457,95,UNARY,0,31,1,2250,"hc_gate-17","node_2845",""
457,106,SCALE,0,0,1,2271,"hc_mixed-17","node_2856",""
457,152,RMS_NORM,0,1,2,3425,"norm-17","attn_output-17",""
458,5,MUL_MAT,0,206,137,697,"linear_attn_out-17","blk.17.ssm_out.weight","final_output-17"
458,9,MUL_MAT,0,8,2,711,"hc_inject-17","blk.17.hc_attn_inject.weight","hc_norm-17"
458,15,ADD,0,2,1,728,"hc_combine-17","l_last-16","node_2919"
458,18,MUL,0,5,1,758,"hc_norm-17"," (reshaped)","blk.17.hc_ffn_norm.weight"
458,23,UNARY,0,22,1,956,"hc_gate-17","node_2927",""
458,34,SCALE,0,0,3,972,"ffn_moe_inp-17","node_2938",""
458,38,ARGSORT,0,18,1,1111,"ffn_moe_argsort-17","ffn_moe_probs-17",""
458,70,ADD,0,0,1,2252,"ffn_moe_out-17","node_2974","ffn_moe_weighted-17 (view)"
458,74,MUL_MAT,0,19,16,2363,"ffn_shexp-17","blk.17.ffn_down_shexp.weight","ffn_swiglu-17"
458,77,MUL,0,1,1,2372,"ffn_shexp_gated-17","ffn_shexp-17","shared_expert_gate_sigmoid-17"
458,78,ADD,0,0,1,2374,"ffn_out-17","ffn_moe_out-17","ffn_shexp_gated-17"
458,81,MUL_MAT,0,6,1,2384,"hc_inject-17","blk.17.hc_ffn_inject.weight","hc_norm-17"
458,87,ADD,0,2,2,2397,"l_last-17","hc_combine-17","node_2991"
458,90,MUL,0,5,0,2405,"hc_norm-18"," (reshaped)","blk.18.hc_attn_norm.weight"
458,95,UNARY,0,22,0,2581,"hc_gate-18","node_2999",""
458,106,SCALE,0,0,2,2596,"hc_mixed-18","node_3010",""
458,152,RMS_NORM,0,0,2,3565,"norm-18","attn_output-18",""
459,5,MUL_MAT,0,167,158,649,"linear_attn_out-18","blk.18.ssm_out.weight","final_output-18"
459,9,MUL_MAT,0,7,1,662,"hc_inject-18","blk.18.hc_attn_inject.weight","hc_norm-18"
459,15,ADD,0,2,1,672,"hc_combine-18","l_last-17","node_3073"
459,18,MUL,0,5,1,681,"hc_norm-18"," (reshaped)","blk.18.hc_ffn_norm.weight"
459,23,UNARY,0,21,0,848,"hc_gate-18","node_3081",""
459,34,SCALE,0,0,2,863,"ffn_moe_inp-18","node_3092",""
459,38,ARGSORT,0,18,0,992,"ffn_moe_argsort-18","ffn_moe_probs-18",""
459,70,ADD,0,1,1,1708,"ffn_moe_out-18","node_3128","ffn_moe_weighted-18 (view)"
459,74,MUL_MAT,0,18,19,1836,"ffn_shexp-18","blk.18.ffn_down_shexp.weight","ffn_swiglu-18"
459,77,MUL,0,2,0,1845,"ffn_shexp_gated-18","ffn_shexp-18","shared_expert_gate_sigmoid-18"
459,78,ADD,0,1,1,1847,"ffn_out-18","ffn_moe_out-18","ffn_shexp_gated-18"
459,81,MUL_MAT,0,6,1,1856,"hc_inject-18","blk.18.hc_ffn_inject.weight","hc_norm-18"
459,87,ADD,0,1,1,1868,"l_last-18","hc_combine-18","node_3145"
459,90,MUL,0,7,1,1878,"hc_norm-19"," (reshaped)","blk.19.hc_attn_norm.weight"
459,95,UNARY,0,21,0,2073,"hc_gate-19","node_3153",""
459,106,SCALE,0,0,8,2094,"hc_mixed-19","node_3164",""
459,151,RMS_NORM,0,5,0,2909,"norm-19","indexer_k_pooled-19 (reshaped)",""
460,38,MUL_MAT,0,185,126,516,"attn_output-19","blk.19.attn_output.weight","attn_gated-19"
460,41,MUL_MAT,0,5,2,526,"hc_inject-19","blk.19.hc_attn_inject.weight","hc_norm-19"
460,47,ADD,0,1,1,537,"hc_combine-19","l_last-18","node_3260"
460,50,MUL,0,6,0,549,"hc_norm-19"," (reshaped)","blk.19.hc_ffn_norm.weight"
460,55,UNARY,0,21,0,712,"hc_gate-19","node_3268",""
460,66,SCALE,0,0,1,724,"ffn_moe_inp-19","node_3279",""
460,70,ARGSORT,0,17,0,841,"ffn_moe_argsort-19","ffn_moe_probs-19",""
460,102,ADD,0,1,1,1453,"ffn_moe_out-19","node_3315","ffn_moe_weighted-19 (view)"
460,106,MUL_MAT,0,17,17,1563,"ffn_shexp-19","blk.19.ffn_down_shexp.weight","ffn_swiglu-19"
460,109,MUL,0,1,0,1581,"ffn_shexp_gated-19","ffn_shexp-19","shared_expert_gate_sigmoid-19"
460,110,ADD,0,1,2,1584,"ffn_out-19","ffn_moe_out-19","ffn_shexp_gated-19"
460,113,MUL_MAT,0,6,1,1593,"hc_inject-19","blk.19.hc_ffn_inject.weight","hc_norm-19"
460,119,ADD,0,1,1,1603,"l_last-19","hc_combine-19","node_3332"
460,122,MUL,0,6,0,1612,"hc_norm-20"," (reshaped)","blk.20.hc_attn_norm.weight"
460,127,UNARY,0,21,0,1786,"hc_gate-20","node_3340",""
460,138,SCALE,0,0,7,1806,"hc_mixed-20","node_3351",""
460,184,RMS_NORM,0,1,2,2765,"norm-20","attn_output-20",""
461,5,MUL_MAT,0,181,162,675,"linear_attn_out-20","blk.20.ssm_out.weight","final_output-20"
461,9,MUL_MAT,0,7,3,689,"hc_inject-20","blk.20.hc_attn_inject.weight","hc_norm-20"
461,15,ADD,0,2,1,713,"hc_combine-20","l_last-19","node_3414"
461,18,MUL,0,5,0,722,"hc_norm-20"," (reshaped)","blk.20.hc_ffn_norm.weight"
461,23,UNARY,0,22,0,914,"hc_gate-20","node_3422",""
461,34,SCALE,0,0,1,930,"ffn_moe_inp-20","node_3433",""
461,38,ARGSORT,0,28,1,1070,"ffn_moe_argsort-20","ffn_moe_probs-20",""
461,70,ADD,0,1,0,1780,"ffn_moe_out-20","node_3469","ffn_moe_weighted-20 (view)"
461,74,MUL_MAT,0,19,23,1910,"ffn_shexp-20","blk.20.ffn_down_shexp.weight","ffn_swiglu-20"
461,77,MUL,0,2,0,1917,"ffn_shexp_gated-20","ffn_shexp-20","shared_expert_gate_sigmoid-20"
461,78,ADD,0,1,1,1919,"ffn_out-20","ffn_moe_out-20","ffn_shexp_gated-20"
461,81,MUL_MAT,0,6,5,1933,"hc_inject-20","blk.20.hc_ffn_inject.weight","hc_norm-20"
461,87,ADD,0,1,1,1946,"l_last-20","hc_combine-20","node_3486"
461,90,MUL,0,5,1,1956,"hc_norm-21"," (reshaped)","blk.21.hc_attn_norm.weight"
461,95,UNARY,0,23,80,2408,"hc_gate-21","node_3494",""
461,106,SCALE,0,0,2,2434,"hc_mixed-21","node_3505",""
461,152,RMS_NORM,0,0,3,3469,"norm-21","attn_output-21",""
462,5,MUL_MAT,0,282,76,703,"linear_attn_out-21","blk.21.ssm_out.weight","final_output-21"
462,9,MUL_MAT,0,7,5,719,"hc_inject-21","blk.21.hc_attn_inject.weight","hc_norm-21"
462,15,ADD,0,1,2,731,"hc_combine-21","l_last-20","node_3568"
462,18,MUL,0,6,0,741,"hc_norm-21"," (reshaped)","blk.21.hc_ffn_norm.weight"
462,23,UNARY,0,31,0,933,"hc_gate-21","node_3576",""
462,34,SCALE,0,0,2,964,"ffn_moe_inp-21","node_3587",""
462,38,ARGSORT,0,19,1,1113,"ffn_moe_argsort-21","ffn_moe_probs-21",""
462,70,ADD,0,1,1,1865,"ffn_moe_out-21","node_3623","ffn_moe_weighted-21 (view)"
462,74,MUL_MAT,0,31,6,1985,"ffn_shexp-21","blk.21.ffn_down_shexp.weight","ffn_swiglu-21"
462,77,MUL,0,2,0,2000,"ffn_shexp_gated-21","ffn_shexp-21","shared_expert_gate_sigmoid-21"
462,78,ADD,0,1,0,2002,"ffn_out-21","ffn_moe_out-21","ffn_shexp_gated-21"
462,81,MUL_MAT,0,6,7,2018,"hc_inject-21","blk.21.hc_ffn_inject.weight","hc_norm-21"
462,87,ADD,0,2,9,2052,"l_last-21","hc_combine-21","node_3640"
462,90,MUL,0,7,0,2063,"hc_norm-22"," (reshaped)","blk.22.hc_attn_norm.weight"
462,95,UNARY,0,30,1,2261,"hc_gate-22","node_3648",""
462,106,SCALE,0,0,1,2283,"hc_mixed-22","node_3659",""
462,152,RMS_NORM,0,1,1,3432,"norm-22","attn_output-22",""
463,5,MUL_MAT,0,250,76,649,"linear_attn_out-22","blk.22.ssm_out.weight","final_output-22"
463,9,MUL_MAT,0,6,6,668,"hc_inject-22","blk.22.hc_attn_inject.weight","hc_norm-22"
463,15,ADD,0,1,1,690,"hc_combine-22","l_last-21","node_3722"
463,18,MUL,0,7,0,701,"hc_norm-22"," (reshaped)","blk.22.hc_ffn_norm.weight"
463,23,UNARY,0,31,0,884,"hc_gate-22","node_3730",""
463,34,SCALE,0,0,11,913,"ffn_moe_inp-22","node_3741",""
463,38,ARGSORT,0,19,1,1038,"ffn_moe_argsort-22","ffn_moe_probs-22",""
463,70,ADD,0,1,1,1693,"ffn_moe_out-22","node_3777","ffn_moe_weighted-22 (view)"
463,74,MUL_MAT,0,28,8,1809,"ffn_shexp-22","blk.22.ffn_down_shexp.weight","ffn_swiglu-22"
463,77,MUL,0,2,0,1818,"ffn_shexp_gated-22","ffn_shexp-22","shared_expert_gate_sigmoid-22"
463,78,ADD,0,2,9,1829,"ffn_out-22","ffn_moe_out-22","ffn_shexp_gated-22"
463,81,MUL_MAT,0,7,6,1845,"hc_inject-22","blk.22.hc_ffn_inject.weight","hc_norm-22"
463,87,ADD,0,2,1,1859,"l_last-22","hc_combine-22","node_3794"
463,90,MUL,0,6,4,1873,"hc_norm-23"," (reshaped)","blk.23.hc_attn_norm.weight"
463,95,UNARY,0,31,0,2053,"hc_gate-23","node_3802",""
463,106,SCALE,0,0,2,2081,"hc_mixed-23","node_3813",""
463,151,RMS_NORM,0,4,1,2929,"norm-23","indexer_k_pooled-23 (reshaped)",""
464,38,MUL_MAT,0,158,226,710,"attn_output-23","blk.23.attn_output.weight","attn_gated-23"
464,41,MUL_MAT,0,6,6,724,"hc_inject-23","blk.23.hc_attn_inject.weight","hc_norm-23"
464,47,ADD,0,1,1,736,"hc_combine-23","l_last-22","node_3909"
464,50,MUL,0,6,0,745,"hc_norm-23"," (reshaped)","blk.23.hc_ffn_norm.weight"
464,55,UNARY,0,21,0,909,"hc_gate-23","node_3917",""
464,66,SCALE,0,0,1,923,"ffn_moe_inp-23","node_3928",""
464,70,ARGSORT,0,17,1,1053,"ffn_moe_argsort-23","ffn_moe_probs-23",""
464,102,ADD,0,1,1,2280,"ffn_moe_out-23","node_3964","ffn_moe_weighted-23 (view)"
464,106,MUL_MAT,0,20,17,2389,"ffn_shexp-23","blk.23.ffn_down_shexp.weight","ffn_swiglu-23"
464,109,MUL,0,1,4,2399,"ffn_shexp_gated-23","ffn_shexp-23","shared_expert_gate_sigmoid-23"
464,110,ADD,0,1,0,2400,"ffn_out-23","ffn_moe_out-23","ffn_shexp_gated-23"
464,113,MUL_MAT,0,4,7,2414,"hc_inject-23","blk.23.hc_ffn_inject.weight","hc_norm-23"
464,119,ADD,0,1,1,2426,"l_last-23","hc_combine-23","node_3981"
464,122,MUL,0,5,0,2436,"hc_norm-24"," (reshaped)","blk.24.hc_attn_norm.weight"
464,127,UNARY,0,21,0,2606,"hc_gate-24","node_3989",""
464,138,SCALE,0,1,1,2620,"hc_mixed-24","node_4000",""
464,184,RMS_NORM,0,1,10,3583,"norm-24","attn_output-24",""
465,5,MUL_MAT,0,166,147,623,"linear_attn_out-24","blk.24.ssm_out.weight","final_output-24"
465,9,MUL_MAT,0,5,7,734,"hc_inject-24","blk.24.hc_attn_inject.weight","hc_norm-24"
465,15,ADD,0,1,1,748,"hc_combine-24","l_last-23","node_4063"
465,18,MUL,0,7,0,758,"hc_norm-24"," (reshaped)","blk.24.hc_ffn_norm.weight"
465,23,UNARY,0,22,0,935,"hc_gate-24","node_4071",""
465,34,SCALE,0,0,2,951,"ffn_moe_inp-24","node_4082",""
465,38,ARGSORT,0,18,1,1085,"ffn_moe_argsort-24","ffn_moe_probs-24",""
465,70,ADD,0,1,0,2461,"ffn_moe_out-24","node_4118","ffn_moe_weighted-24 (view)"
465,74,MUL_MAT,0,30,6,2678,"ffn_shexp-24","blk.24.ffn_down_shexp.weight","ffn_swiglu-24"
465,77,MUL,0,2,0,2687,"ffn_shexp_gated-24","ffn_shexp-24","shared_expert_gate_sigmoid-24"
465,78,ADD,0,1,10,2698,"ffn_out-24","ffn_moe_out-24","ffn_shexp_gated-24"
465,81,MUL_MAT,0,28,5,2740,"hc_inject-24","blk.24.hc_ffn_inject.weight","hc_norm-24"
465,87,ADD,0,2,1,2753,"l_last-24","hc_combine-24","node_4135"
465,90,MUL,0,6,0,2763,"hc_norm-25"," (reshaped)","blk.25.hc_attn_norm.weight"
465,95,UNARY,0,31,0,2952,"hc_gate-25","node_4143",""
465,106,SCALE,0,1,11,2979,"hc_mixed-25","node_4154",""
465,152,RMS_NORM,0,1,1,4104,"norm-25","attn_output-25",""
466,5,MUL_MAT,0,281,71,697,"linear_attn_out-25","blk.25.ssm_out.weight","final_output-25"
466,9,MUL_MAT,0,9,1,711,"hc_inject-25","blk.25.hc_attn_inject.weight","hc_norm-25"
466,15,ADD,0,2,1,723,"hc_combine-25","l_last-24","node_4217"
466,18,MUL,0,6,0,732,"hc_norm-25"," (reshaped)","blk.25.hc_ffn_norm.weight"
466,23,UNARY,0,31,0,926,"hc_gate-25","node_4225",""
466,34,SCALE,0,0,1,943,"ffn_moe_inp-25","node_4236",""
466,38,ARGSORT,0,21,0,1071,"ffn_moe_argsort-25","ffn_moe_probs-25",""
466,70,ADD,0,2,0,1760,"ffn_moe_out-25","node_4272","ffn_moe_weighted-25 (view)"
466,74,MUL_MAT,0,39,14,1946,"ffn_shexp-25","blk.25.ffn_down_shexp.weight","ffn_swiglu-25"
466,77,MUL,0,2,0,1959,"ffn_shexp_gated-25","ffn_shexp-25","shared_expert_gate_sigmoid-25"
466,78,ADD,0,1,0,1961,"ffn_out-25","ffn_moe_out-25","ffn_shexp_gated-25"
466,81,MUL_MAT,0,8,0,1972,"hc_inject-25","blk.25.hc_ffn_inject.weight","hc_norm-25"
466,87,ADD,0,2,0,1985,"l_last-25","hc_combine-25","node_4289"
466,90,MUL,0,7,0,1995,"hc_norm-26"," (reshaped)","blk.26.hc_attn_norm.weight"
466,95,UNARY,0,30,1,2201,"hc_gate-26","node_4297",""
466,106,SCALE,0,0,1,2216,"hc_mixed-26","node_4308",""
466,152,RMS_NORM,0,0,2,3377,"norm-26","attn_output-26",""
467,5,MUL_MAT,0,259,70,637,"linear_attn_out-26","blk.26.ssm_out.weight","final_output-26"
467,9,MUL_MAT,0,7,1,648,"hc_inject-26","blk.26.hc_attn_inject.weight","hc_norm-26"
467,15,ADD,0,2,1,684,"hc_combine-26","l_last-25","node_4371"
467,18,MUL,0,6,0,692,"hc_norm-26"," (reshaped)","blk.26.hc_ffn_norm.weight"
467,23,UNARY,0,30,0,869,"hc_gate-26","node_4379",""
467,34,SCALE,0,0,2,892,"ffn_moe_inp-26","node_4390",""
467,38,ARGSORT,0,18,0,1077,"ffn_moe_argsort-26","ffn_moe_probs-26",""
467,70,ADD,0,1,0,2240,"ffn_moe_out-26","node_4426","ffn_moe_weighted-26 (view)"
467,74,MUL_MAT,0,29,8,2355,"ffn_shexp-26","blk.26.ffn_down_shexp.weight","ffn_swiglu-26"
467,77,MUL,0,2,1,2363,"ffn_shexp_gated-26","ffn_shexp-26","shared_expert_gate_sigmoid-26"
467,78,ADD,0,1,1,2365,"ffn_out-26","ffn_moe_out-26","ffn_shexp_gated-26"
467,81,MUL_MAT,0,8,0,2376,"hc_inject-26","blk.26.hc_ffn_inject.weight","hc_norm-26"
467,87,ADD,0,2,0,2388,"l_last-26","hc_combine-26","node_4443"
467,90,MUL,0,7,3,2401,"hc_norm-27"," (reshaped)","blk.27.hc_attn_norm.weight"
467,95,UNARY,0,31,0,2592,"hc_gate-27","node_4451",""
467,106,SCALE,0,0,1,2608,"hc_mixed-27","node_4462",""
467,151,RMS_NORM,0,4,0,3448,"norm-27","indexer_k_pooled-27 (reshaped)",""
468,38,MUL_MAT,0,263,83,568,"attn_output-27","blk.27.attn_output.weight","attn_gated-27"
468,41,MUL_MAT,0,10,0,587,"hc_inject-27","blk.27.hc_attn_inject.weight","hc_norm-27"
468,47,ADD,0,2,1,600,"hc_combine-27","l_last-26","node_4558"
468,50,MUL,0,6,5,613,"hc_norm-27"," (reshaped)","blk.27.hc_ffn_norm.weight"
468,55,UNARY,0,30,1,819,"hc_gate-27","node_4566",""
468,66,SCALE,0,0,1,866,"ffn_moe_inp-27","node_4577",""
468,70,ARGSORT,0,21,0,1141,"ffn_moe_argsort-27","ffn_moe_probs-27",""
468,102,ADD,0,1,0,1781,"ffn_moe_out-27","node_4613","ffn_moe_weighted-27 (view)"
468,106,MUL_MAT,0,31,3,1890,"ffn_shexp-27","blk.27.ffn_down_shexp.weight","ffn_swiglu-27"
468,109,MUL,0,2,0,1898,"ffn_shexp_gated-27","ffn_shexp-27","shared_expert_gate_sigmoid-27"
468,110,ADD,0,1,1,1900,"ffn_out-27","ffn_moe_out-27","ffn_shexp_gated-27"
468,113,MUL_MAT,0,6,1,1910,"hc_inject-27","blk.27.hc_ffn_inject.weight","hc_norm-27"
468,119,ADD,0,2,1,1922,"l_last-27","hc_combine-27","node_4630"
468,122,MUL,0,6,1,1931,"hc_norm-28"," (reshaped)","blk.28.hc_attn_norm.weight"
468,127,UNARY,0,31,0,2107,"hc_gate-28","node_4638",""
468,138,SCALE,0,0,1,2126,"hc_mixed-28","node_4649",""
468,184,RMS_NORM,0,1,1,3178,"norm-28","attn_output-28",""
469,5,MUL_MAT,0,257,73,699,"linear_attn_out-28","blk.28.ssm_out.weight","final_output-28"
469,9,MUL_MAT,0,8,0,715,"hc_inject-28","blk.28.hc_attn_inject.weight","hc_norm-28"
469,15,ADD,0,1,1,729,"hc_combine-28","l_last-27","node_4712"
469,18,MUL,0,6,0,738,"hc_norm-28"," (reshaped)","blk.28.hc_ffn_norm.weight"
469,23,UNARY,0,44,0,931,"hc_gate-28","node_4720",""
469,34,SCALE,0,0,1,1062,"ffn_moe_inp-28","node_4731",""
469,38,ARGSORT,0,21,0,1194,"ffn_moe_argsort-28","ffn_moe_probs-28",""
469,70,ADD,0,1,1,1922,"ffn_moe_out-28","node_4767","ffn_moe_weighted-28 (view)"
469,74,MUL_MAT,0,29,10,2074,"ffn_shexp-28","blk.28.ffn_down_shexp.weight","ffn_swiglu-28"
469,77,MUL,0,2,0,2083,"ffn_shexp_gated-28","ffn_shexp-28","shared_expert_gate_sigmoid-28"
469,78,ADD,0,1,1,2086,"ffn_out-28","ffn_moe_out-28","ffn_shexp_gated-28"
469,81,MUL_MAT,0,10,1,2101,"hc_inject-28","blk.28.hc_ffn_inject.weight","hc_norm-28"
469,87,ADD,0,2,1,2115,"l_last-28","hc_combine-28","node_4784"
469,90,MUL,0,7,0,2125,"hc_norm-29"," (reshaped)","blk.29.hc_attn_norm.weight"
469,95,UNARY,0,31,1,2326,"hc_gate-29","node_4792",""
469,106,SCALE,0,1,2,2344,"hc_mixed-29","node_4803",""
469,152,RMS_NORM,0,0,2,3844,"norm-29","attn_output-29",""
470,5,MUL_MAT,0,310,10,642,"linear_attn_out-29","blk.29.ssm_out.weight","final_output-29"
470,9,MUL_MAT,0,8,0,658,"hc_inject-29","blk.29.hc_attn_inject.weight","hc_norm-29"
470,15,ADD,0,2,0,686,"hc_combine-29","l_last-28","node_4866"
470,18,MUL,0,8,0,698,"hc_norm-29"," (reshaped)","blk.29.hc_ffn_norm.weight"
470,23,UNARY,0,36,1,888,"hc_gate-29","node_4874",""
470,34,SCALE,0,0,2,912,"ffn_moe_inp-29","node_4885",""
470,38,ARGSORT,0,25,1,1044,"ffn_moe_argsort-29","ffn_moe_probs-29",""
470,70,ADD,0,2,0,1710,"ffn_moe_out-29","node_4921","ffn_moe_weighted-29 (view)"
470,74,MUL_MAT,0,34,7,1829,"ffn_shexp-29","blk.29.ffn_down_shexp.weight","ffn_swiglu-29"
470,77,MUL,0,3,1,1841,"ffn_shexp_gated-29","ffn_shexp-29","shared_expert_gate_sigmoid-29"
470,78,ADD,0,2,0,1843,"ffn_out-29","ffn_moe_out-29","ffn_shexp_gated-29"
470,81,MUL_MAT,0,17,1,1865,"hc_inject-29","blk.29.hc_ffn_inject.weight","hc_norm-29"
470,87,ADD,0,2,1,1881,"l_last-29","hc_combine-29","node_4938"
470,90,MUL,0,8,0,1893,"hc_norm-30"," (reshaped)","blk.30.hc_attn_norm.weight"
470,95,UNARY,0,35,1,2180,"hc_gate-30","node_4946",""
470,106,SCALE,0,0,5,2209,"hc_mixed-30","node_4957",""
470,152,RMS_NORM,0,0,3,3689,"norm-30","attn_output-30",""
471,5,MUL_MAT,0,305,12,631,"linear_attn_out-30","blk.30.ssm_out.weight","final_output-30"
471,9,MUL_MAT,0,11,1,647,"hc_inject-30","blk.30.hc_attn_inject.weight","hc_norm-30"
471,15,ADD,0,2,0,660,"hc_combine-30","l_last-29","node_5020"
471,18,MUL,0,7,1,673,"hc_norm-30"," (reshaped)","blk.30.hc_ffn_norm.weight"
471,23,UNARY,0,35,0,866,"hc_gate-30","node_5028",""
471,34,SCALE,0,0,2,888,"ffn_moe_inp-30","node_5039",""
471,38,ARGSORT,0,21,1,1015,"ffn_moe_argsort-30","ffn_moe_probs-30",""
471,70,ADD,0,1,1,1793,"ffn_moe_out-30","node_5075","ffn_moe_weighted-30 (view)"
471,74,MUL_MAT,0,36,1,1906,"ffn_shexp-30","blk.30.ffn_down_shexp.weight","ffn_swiglu-30"
471,77,MUL,0,3,0,1929,"ffn_shexp_gated-30","ffn_shexp-30","shared_expert_gate_sigmoid-30"
471,78,ADD,0,1,0,1931,"ffn_out-30","ffn_moe_out-30","ffn_shexp_gated-30"
471,81,MUL_MAT,0,18,1,1955,"hc_inject-30","blk.30.hc_ffn_inject.weight","hc_norm-30"
471,87,ADD,0,2,5,1972,"l_last-30","hc_combine-30","node_5092"
471,90,MUL,0,9,0,1986,"hc_norm-31"," (reshaped)","blk.31.hc_attn_norm.weight"
471,95,UNARY,0,35,0,2174,"hc_gate-31","node_5100",""
471,106,SCALE,0,0,2,2198,"hc_mixed-31","node_5111",""
471,151,RMS_NORM,0,8,0,3004,"norm-31","indexer_k_pooled-31 (reshaped)",""
472,38,MUL_MAT,0,335,20,592,"attn_output-31","blk.31.attn_output.weight","attn_gated-31"
472,41,MUL_MAT,0,11,1,612,"hc_inject-31","blk.31.hc_attn_inject.weight","hc_norm-31"
472,47,ADD,0,2,1,625,"hc_combine-31","l_last-30","node_5207"
472,50,MUL,0,9,0,639,"hc_norm-31"," (reshaped)","blk.31.hc_ffn_norm.weight"
472,55,UNARY,0,35,0,835,"hc_gate-31","node_5215",""
472,66,SCALE,0,0,13,865,"ffn_moe_inp-31","node_5226",""
472,70,ARGSORT,0,21,1,989,"ffn_moe_argsort-31","ffn_moe_probs-31",""
472,102,ADD,0,1,1,1634,"ffn_moe_out-31","node_5262","ffn_moe_weighted-31 (view)"
472,106,MUL_MAT,0,32,4,1750,"ffn_shexp-31","blk.31.ffn_down_shexp.weight","ffn_swiglu-31"
472,109,MUL,0,3,0,1760,"ffn_shexp_gated-31","ffn_shexp-31","shared_expert_gate_sigmoid-31"
472,110,ADD,0,2,2,1764,"ffn_out-31","ffn_moe_out-31","ffn_shexp_gated-31"
472,113,MUL_MAT,0,11,1,1781,"hc_inject-31","blk.31.hc_ffn_inject.weight","hc_norm-31"
472,119,ADD,0,2,1,1794,"l_last-31","hc_combine-31","node_5279"
472,122,MUL,0,10,0,1807,"hc_norm-32"," (reshaped)","blk.32.hc_attn_norm.weight"
472,127,UNARY,0,33,1,1985,"hc_gate-32","node_5287",""
472,138,SCALE,0,0,2,2010,"hc_mixed-32","node_5298",""
472,184,RMS_NORM,0,1,1,3313,"norm-32","attn_output-32",""
473,5,MUL_MAT,0,309,11,632,"linear_attn_out-32","blk.32.ssm_out.weight","final_output-32"
473,9,MUL_MAT,0,18,1,656,"hc_inject-32","blk.32.hc_attn_inject.weight","hc_norm-32"
473,15,ADD,0,2,2,684,"hc_combine-32","l_last-31","node_5361"
473,18,MUL,0,9,0,697,"hc_norm-32"," (reshaped)","blk.32.hc_ffn_norm.weight"
473,23,UNARY,0,34,1,892,"hc_gate-32","node_5369",""
473,34,SCALE,0,0,2,910,"ffn_moe_inp-32","node_5380",""
473,38,ARGSORT,0,22,0,1041,"ffn_moe_argsort-32","ffn_moe_probs-32",""
473,70,ADD,0,1,1,1879,"ffn_moe_out-32","node_5416","ffn_moe_weighted-32 (view)"
473,74,MUL_MAT,0,39,2,2012,"ffn_shexp-32","blk.32.ffn_down_shexp.weight","ffn_swiglu-32"
473,77,MUL,0,3,0,2022,"ffn_shexp_gated-32","ffn_shexp-32","shared_expert_gate_sigmoid-32"
473,78,ADD,0,1,1,2025,"ffn_out-32","ffn_moe_out-32","ffn_shexp_gated-32"
473,81,MUL_MAT,0,18,1,2048,"hc_inject-32","blk.32.hc_ffn_inject.weight","hc_norm-32"
473,87,ADD,0,1,1,2073,"l_last-32","hc_combine-32","node_5433"
473,90,MUL,0,9,1,2087,"hc_norm-33"," (reshaped)","blk.33.hc_attn_norm.weight"
473,95,UNARY,0,34,1,2286,"hc_gate-33","node_5441",""
473,106,SCALE,0,1,2,2314,"hc_mixed-33","node_5452",""
473,152,RMS_NORM,0,1,1,3614,"norm-33","attn_output-33",""
474,5,MUL_MAT,0,300,6,621,"linear_attn_out-33","blk.33.ssm_out.weight","final_output-33"
474,9,MUL_MAT,0,11,3,640,"hc_inject-33","blk.33.hc_attn_inject.weight","hc_norm-33"
474,15,ADD,0,2,0,653,"hc_combine-33","l_last-32","node_5515"
474,18,MUL,0,8,0,666,"hc_norm-33"," (reshaped)","blk.33.hc_ffn_norm.weight"
474,23,UNARY,0,34,0,844,"hc_gate-33","node_5523",""
474,34,SCALE,0,0,2,863,"ffn_moe_inp-33","node_5534",""
474,38,ARGSORT,0,23,1,995,"ffn_moe_argsort-33","ffn_moe_probs-33",""
474,70,ADD,0,1,0,1766,"ffn_moe_out-33","node_5570","ffn_moe_weighted-33 (view)"
474,74,MUL_MAT,0,37,1,1887,"ffn_shexp-33","blk.33.ffn_down_shexp.weight","ffn_swiglu-33"
474,77,MUL,0,3,1,1899,"ffn_shexp_gated-33","ffn_shexp-33","shared_expert_gate_sigmoid-33"
474,78,ADD,0,2,0,1901,"ffn_out-33","ffn_moe_out-33","ffn_shexp_gated-33"
474,81,MUL_MAT,0,14,0,1919,"hc_inject-33","blk.33.hc_ffn_inject.weight","hc_norm-33"
474,87,ADD,0,1,1,1941,"l_last-33","hc_combine-33","node_5587"
474,90,MUL,0,9,1,1955,"hc_norm-34"," (reshaped)","blk.34.hc_attn_norm.weight"
474,95,UNARY,0,34,1,2173,"hc_gate-34","node_5595",""
474,106,SCALE,0,0,2,2195,"hc_mixed-34","node_5606",""
474,152,RMS_NORM,0,1,1,3717,"norm-34","attn_output-34",""
475,5,MUL_MAT,0,300,10,608,"linear_attn_out-34","blk.34.ssm_out.weight","final_output-34"
475,9,MUL_MAT,0,21,1,636,"hc_inject-34","blk.34.hc_attn_inject.weight","hc_norm-34"
475,15,ADD,0,2,1,650,"hc_combine-34","l_last-33","node_5669"
475,18,MUL,0,9,0,662,"hc_norm-34"," (reshaped)","blk.34.hc_ffn_norm.weight"
475,23,UNARY,0,33,1,843,"hc_gate-34","node_5677",""
475,34,SCALE,0,0,2,861,"ffn_moe_inp-34","node_5688",""
475,38,ARGSORT,0,28,1,997,"ffn_moe_argsort-34","ffn_moe_probs-34",""
475,70,ADD,0,2,0,2338,"ffn_moe_out-34","node_5724","ffn_moe_weighted-34 (view)"
475,74,MUL_MAT,0,33,2,2451,"ffn_shexp-34","blk.34.ffn_down_shexp.weight","ffn_swiglu-34"
475,77,MUL,0,3,0,2462,"ffn_shexp_gated-34","ffn_shexp-34","shared_expert_gate_sigmoid-34"
475,78,ADD,0,1,1,2465,"ffn_out-34","ffn_moe_out-34","ffn_shexp_gated-34"
475,81,MUL_MAT,0,12,0,2481,"hc_inject-34","blk.34.hc_ffn_inject.weight","hc_norm-34"
475,87,ADD,0,2,1,2498,"l_last-34","hc_combine-34","node_5741"
475,90,MUL,0,9,0,2514,"hc_norm-35"," (reshaped)","blk.35.hc_attn_norm.weight"
475,95,UNARY,0,35,1,2802,"hc_gate-35","node_5749",""
475,106,SCALE,0,0,2,2821,"hc_mixed-35","node_5760",""
475,151,RMS_NORM,0,20,0,3638,"norm-35","indexer_k_pooled-35 (reshaped)",""
476,38,MUL_MAT,0,314,3,527,"attn_output-35","blk.35.attn_output.weight","attn_gated-35"
476,41,MUL_MAT,0,11,1,543,"hc_inject-35","blk.35.hc_attn_inject.weight","hc_norm-35"
476,47,ADD,0,2,0,555,"hc_combine-35","l_last-34","node_5856"
476,50,MUL,0,9,0,569,"hc_norm-35"," (reshaped)","blk.35.hc_ffn_norm.weight"
476,55,UNARY,0,34,0,746,"hc_gate-35","node_5864",""
476,66,SCALE,0,1,2,772,"ffn_moe_inp-35","node_5875",""
476,70,ARGSORT,0,21,1,899,"ffn_moe_argsort-35","ffn_moe_probs-35",""
476,102,ADD,0,1,0,1528,"ffn_moe_out-35","node_5911","ffn_moe_weighted-35 (view)"
476,106,MUL_MAT,0,18,17,1641,"ffn_shexp-35","blk.35.ffn_down_shexp.weight","ffn_swiglu-35"
476,109,MUL,0,2,0,1648,"ffn_shexp_gated-35","ffn_shexp-35","shared_expert_gate_sigmoid-35"
476,110,ADD,0,1,1,1650,"ffn_out-35","ffn_moe_out-35","ffn_shexp_gated-35"
476,113,MUL_MAT,0,5,3,1661,"hc_inject-35","blk.35.hc_ffn_inject.weight","hc_norm-35"
476,119,ADD,0,1,1,1672,"l_last-35","hc_combine-35","node_5928"
476,122,MUL,0,5,0,1681,"hc_norm-36"," (reshaped)","blk.36.hc_attn_norm.weight"
476,127,UNARY,0,21,0,1854,"hc_gate-36","node_5936",""
476,138,SCALE,0,0,2,1882,"hc_mixed-36","node_5947",""
476,184,RMS_NORM,0,1,1,2838,"norm-36","attn_output-36",""
477,5,MUL_MAT,0,370,17,763,"linear_attn_out-36","blk.36.ssm_out.weight","final_output-36"
477,9,MUL_MAT,0,20,4,793,"hc_inject-36","blk.36.hc_attn_inject.weight","hc_norm-36"
477,15,ADD,0,2,1,808,"hc_combine-36","l_last-35","node_6010"
477,18,MUL,0,9,5,827,"hc_norm-36"," (reshaped)","blk.36.hc_ffn_norm.weight"
477,23,UNARY,0,35,0,1039,"hc_gate-36","node_6018",""
477,34,SCALE,0,0,2,1058,"ffn_moe_inp-36","node_6029",""
477,38,ARGSORT,0,22,1,1207,"ffn_moe_argsort-36","ffn_moe_probs-36",""
477,70,ADD,0,1,1,1948,"ffn_moe_out-36","node_6065","ffn_moe_weighted-36 (view)"
477,74,MUL_MAT,0,35,3,2061,"ffn_shexp-36","blk.36.ffn_down_shexp.weight","ffn_swiglu-36"
477,77,MUL,0,3,0,2071,"ffn_shexp_gated-36","ffn_shexp-36","shared_expert_gate_sigmoid-36"
477,78,ADD,0,2,0,2073,"ffn_out-36","ffn_moe_out-36","ffn_shexp_gated-36"
477,81,MUL_MAT,0,9,14,2100,"hc_inject-36","blk.36.hc_ffn_inject.weight","hc_norm-36"
477,87,ADD,0,1,1,2115,"l_last-36","hc_combine-36","node_6082"
477,90,MUL,0,9,1,2130,"hc_norm-37"," (reshaped)","blk.37.hc_attn_norm.weight"
477,95,UNARY,0,34,1,2434,"hc_gate-37","node_6090",""
477,106,SCALE,0,0,1,2454,"hc_mixed-37","node_6101",""
477,152,RMS_NORM,0,1,1,3721,"norm-37","attn_output-37",""
478,5,MUL_MAT,0,286,26,620,"linear_attn_out-37","blk.37.ssm_out.weight","final_output-37"
478,9,MUL_MAT,0,8,3,636,"hc_inject-37","blk.37.hc_attn_inject.weight","hc_norm-37"
478,15,ADD,0,2,0,648,"hc_combine-37","l_last-36","node_6164"
478,18,MUL,0,8,0,661,"hc_norm-37"," (reshaped)","blk.37.hc_ffn_norm.weight"
478,23,UNARY,0,34,1,836,"hc_gate-37","node_6172",""
478,34,SCALE,0,0,1,853,"ffn_moe_inp-37","node_6183",""
478,38,ARGSORT,0,22,1,981,"ffn_moe_argsort-37","ffn_moe_probs-37",""
478,70,ADD,0,2,0,1720,"ffn_moe_out-37","node_6219","ffn_moe_weighted-37 (view)"
478,74,MUL_MAT,0,36,5,1842,"ffn_shexp-37","blk.37.ffn_down_shexp.weight","ffn_swiglu-37"
478,77,MUL,0,3,1,1852,"ffn_shexp_gated-37","ffn_shexp-37","shared_expert_gate_sigmoid-37"
478,78,ADD,0,1,1,1854,"ffn_out-37","ffn_moe_out-37","ffn_shexp_gated-37"
478,81,MUL_MAT,0,11,0,1868,"hc_inject-37","blk.37.hc_ffn_inject.weight","hc_norm-37"
478,87,ADD,0,2,0,1879,"l_last-37","hc_combine-37","node_6236"
478,90,MUL,0,20,1,1905,"hc_norm-38"," (reshaped)","blk.38.hc_attn_norm.weight"
478,95,UNARY,0,34,1,2101,"hc_gate-38","node_6244",""
478,106,SCALE,0,0,2,2118,"hc_mixed-38","node_6255",""
478,152,RMS_NORM,0,1,2,3660,"norm-38","attn_output-38",""
479,5,MUL_MAT,0,283,23,622,"linear_attn_out-38","blk.38.ssm_out.weight","final_output-38"
479,9,MUL_MAT,0,8,3,638,"hc_inject-38","blk.38.hc_attn_inject.weight","hc_norm-38"
479,15,ADD,0,2,1,652,"hc_combine-38","l_last-37","node_6318"
479,18,MUL,0,8,1,665,"hc_norm-38"," (reshaped)","blk.38.hc_ffn_norm.weight"
479,23,UNARY,0,34,1,839,"hc_gate-38","node_6326",""
479,34,SCALE,0,1,1,856,"ffn_moe_inp-38","node_6337",""
479,38,ARGSORT,0,23,0,983,"ffn_moe_argsort-38","ffn_moe_probs-38",""
479,70,ADD,0,2,7,2057,"ffn_moe_out-38","node_6373","ffn_moe_weighted-38 (view)"
479,74,MUL_MAT,0,35,1,2176,"ffn_shexp-38","blk.38.ffn_down_shexp.weight","ffn_swiglu-38"
479,77,MUL,0,3,0,2191,"ffn_shexp_gated-38","ffn_shexp-38","shared_expert_gate_sigmoid-38"
479,78,ADD,0,1,1,2194,"ffn_out-38","ffn_moe_out-38","ffn_shexp_gated-38"
479,81,MUL_MAT,0,9,1,2208,"hc_inject-38","blk.38.hc_ffn_inject.weight","hc_norm-38"
479,87,ADD,0,2,1,2228,"l_last-38","hc_combine-38","node_6390"
480,0,GET_ROWS,0,4,0,4,"model.input_embed","token_embd.weight","inp_tokens"
480,2,REPEAT,0,4,0,9,"hc_init","model.input_embed (reshaped)",""
480,5,MUL,0,7,0,21,"hc_norm-0"," (reshaped)","blk.0.hc_attn_norm.weight"
480,10,UNARY,0,26,0,207,"hc_gate-0","node_9",""
480,21,SCALE,0,0,3,235,"hc_mixed-0","node_20",""
480,69,RMS_NORM,0,0,2,1383,"norm-0","attn_output-0",""
481,5,MUL_MAT,0,229,148,729,"linear_attn_out-0","blk.0.ssm_out.weight","final_output-0"
481,9,MUL_MAT,0,10,2,745,"hc_inject-0","blk.0.hc_attn_inject.weight","hc_norm-0"
481,15,ADD,0,2,15,774,"hc_combine-0","hc_init","node_85"
481,18,MUL,0,7,1,785,"hc_norm-0"," (reshaped)","blk.0.hc_ffn_norm.weight"
481,23,UNARY,0,22,0,990,"hc_gate-0","node_93",""
481,34,SCALE,0,0,12,1026,"ffn_moe_inp-0","node_104",""
481,38,ARGSORT,0,19,1,1165,"ffn_moe_argsort-0","ffn_moe_probs-0",""
481,70,ADD,0,0,1,1871,"ffn_moe_out-0","node_140","ffn_moe_weighted-0 (view)"
481,93,MUL_MAT,0,19,20,2867,"ffn_shexp-0","blk.0.ffn_down_shexp.weight","ffn_swiglu-0"
481,96,MUL,0,1,1,2877,"ffn_shexp_gated-0","ffn_shexp-0","shared_expert_gate_sigmoid-0"
481,97,ADD,0,1,1,2879,"ffn_out-0","ffn_moe_out-0","ffn_shexp_gated-0"
481,100,MUL_MAT,0,6,3,2891,"hc_inject-0","blk.0.hc_ffn_inject.weight","hc_norm-0"
481,106,ADD,0,2,2,2907,"l_last-0","hc_combine-0","node_176"
481,120,UNARY,0,0,1,2947,"ple_gate-1","node_190",""
481,121,MUL,0,2,2,2952,"ple_gated_value-1","node_154","ple_gate-1"
481,174,MUL,0,5,0,3246,"hc_norm-1"," (reshaped)","blk.1.hc_attn_norm.weight"
481,179,UNARY,0,22,0,3422,"hc_gate-1","node_249",""
481,190,SCALE,0,0,2,3444,"hc_mixed-1","node_260",""
481,236,RMS_NORM,0,1,0,4566,"norm-1","attn_output-1",""
482,5,MUL_MAT,0,213,129,658,"linear_attn_out-1","blk.1.ssm_out.weight","final_output-1"
482,9,MUL_MAT,0,9,2,674,"hc_inject-1","blk.1.hc_attn_inject.weight","hc_norm-1"
482,15,ADD,0,2,1,695,"hc_combine-1","node_242","node_323"
482,18,MUL,0,5,0,705,"hc_norm-1"," (reshaped)","blk.1.hc_ffn_norm.weight"
482,23,UNARY,0,29,1,897,"hc_gate-1","node_331",""
482,34,SCALE,0,0,2,914,"ffn_moe_inp-1","node_342",""
482,38,ARGSORT,0,20,0,1050,"ffn_moe_argsort-1","ffn_moe_probs-1",""
482,70,ADD,0,1,1,1791,"ffn_moe_out-1","node_378","ffn_moe_weighted-1 (view)"
482,74,MUL_MAT,0,23,23,1919,"ffn_shexp-1","blk.1.ffn_down_shexp.weight","ffn_swiglu-1"
482,77,MUL,0,1,1,1929,"ffn_shexp_gated-1","ffn_shexp-1","shared_expert_gate_sigmoid-1"
482,78,ADD,0,1,0,1930,"ffn_out-1","ffn_moe_out-1","ffn_shexp_gated-1"
482,81,MUL_MAT,0,7,7,1947,"hc_inject-1","blk.1.hc_ffn_inject.weight","hc_norm-1"
482,87,ADD,0,1,1,1960,"l_last-1","hc_combine-1","node_395"
482,90,MUL,0,6,0,1970,"hc_norm-2"," (reshaped)","blk.2.hc_attn_norm.weight"
482,95,UNARY,0,21,0,2159,"hc_gate-2","node_403",""
482,106,SCALE,0,0,2,2213,"hc_mixed-2","node_414",""
482,152,RMS_NORM,0,1,2,3244,"norm-2","attn_output-2",""
483,5,MUL_MAT,0,168,156,633,"linear_attn_out-2","blk.2.ssm_out.weight","final_output-2"
483,9,MUL_MAT,0,23,3,662,"hc_inject-2","blk.2.hc_attn_inject.weight","hc_norm-2"
483,15,ADD,0,1,17,692,"hc_combine-2","l_last-1","node_477"
483,18,MUL,0,5,0,699,"hc_norm-2"," (reshaped)","blk.2.hc_ffn_norm.weight"
483,23,UNARY,0,21,0,866,"hc_gate-2","node_485",""
483,34,SCALE,0,0,2,890,"ffn_moe_inp-2","node_496",""
483,38,ARGSORT,0,18,0,1011,"ffn_moe_argsort-2","ffn_moe_probs-2",""
483,70,ADD,0,1,1,2645,"ffn_moe_out-2","node_532","ffn_moe_weighted-2 (view)"
483,74,MUL_MAT,0,38,1,2775,"ffn_shexp-2","blk.2.ffn_down_shexp.weight","ffn_swiglu-2"
483,77,MUL,0,3,0,2786,"ffn_shexp_gated-2","ffn_shexp-2","shared_expert_gate_sigmoid-2"
483,78,ADD,0,1,1,2789,"ffn_out-2","ffn_moe_out-2","ffn_shexp_gated-2"
483,81,MUL_MAT,0,13,0,2805,"hc_inject-2","blk.2.hc_ffn_inject.weight","hc_norm-2"
483,87,ADD,0,2,1,2818,"l_last-2","hc_combine-2","node_549"
483,90,MUL,0,11,0,2833,"hc_norm-3"," (reshaped)","blk.3.hc_attn_norm.weight"
483,95,UNARY,0,43,2,3054,"hc_gate-3","node_557",""
483,106,SCALE,0,0,15,3126,"hc_mixed-3","node_568",""
483,151,RMS_NORM,0,8,2,4009,"norm-3","indexer_k_pooled-3 (reshaped)",""
484,38,MUL_MAT,0,316,8,555,"attn_output-3","blk.3.attn_output.weight","attn_gated-3"
484,41,MUL_MAT,0,15,1,576,"hc_inject-3","blk.3.hc_attn_inject.weight","hc_norm-3"
484,47,ADD,0,2,0,607,"hc_combine-3","l_last-2","node_664"
484,50,MUL,0,9,0,619,"hc_norm-3"," (reshaped)","blk.3.hc_ffn_norm.weight"
484,55,UNARY,0,33,1,804,"hc_gate-3","node_672",""
484,66,SCALE,0,0,2,822,"ffn_moe_inp-3","node_683",""
484,70,ARGSORT,0,22,1,947,"ffn_moe_argsort-3","ffn_moe_probs-3",""
484,102,ADD,0,1,1,1615,"ffn_moe_out-3","node_719","ffn_moe_weighted-3 (view)"
484,106,MUL_MAT,0,32,2,1734,"ffn_shexp-3","blk.3.ffn_down_shexp.weight","ffn_swiglu-3"
484,109,MUL,0,3,1,1744,"ffn_shexp_gated-3","ffn_shexp-3","shared_expert_gate_sigmoid-3"
484,110,ADD,0,1,1,1746,"ffn_out-3","ffn_moe_out-3","ffn_shexp_gated-3"
484,113,MUL_MAT,0,16,2,1767,"hc_inject-3","blk.3.hc_ffn_inject.weight","hc_norm-3"
484,119,ADD,0,1,1,1781,"l_last-3","hc_combine-3","node_736"
484,122,MUL,0,8,0,1793,"hc_norm-4"," (reshaped)","blk.4.hc_attn_norm.weight"
484,127,UNARY,0,46,0,1989,"hc_gate-4","node_744",""
484,138,SCALE,0,0,2,2007,"hc_mixed-4","node_755",""
484,184,RMS_NORM,0,1,1,3461,"norm-4","attn_output-4",""
485,5,MUL_MAT,0,315,18,662,"linear_attn_out-4","blk.4.ssm_out.weight","final_output-4"
485,9,MUL_MAT,0,9,0,676,"hc_inject-4","blk.4.hc_attn_inject.weight","hc_norm-4"
485,15,ADD,0,2,0,695,"hc_combine-4","l_last-3","node_818"
485,18,MUL,0,14,0,714,"hc_norm-4"," (reshaped)","blk.4.hc_ffn_norm.weight"
485,23,UNARY,0,34,1,920,"hc_gate-4","node_826",""
485,34,SCALE,0,0,15,951,"ffn_moe_inp-4","node_837",""
485,38,ARGSORT,0,23,0,1088,"ffn_moe_argsort-4","ffn_moe_probs-4",""
485,70,ADD,0,1,1,2405,"ffn_moe_out-4","node_873","ffn_moe_weighted-4 (view)"
485,74,MUL_MAT,0,34,2,2528,"ffn_shexp-4","blk.4.ffn_down_shexp.weight","ffn_swiglu-4"
485,77,MUL,0,3,1,2541,"ffn_shexp_gated-4","ffn_shexp-4","shared_expert_gate_sigmoid-4"
485,78,ADD,0,2,3,2546,"ffn_out-4","ffn_moe_out-4","ffn_shexp_gated-4"
485,81,MUL_MAT,0,7,4,2568,"hc_inject-4","blk.4.hc_ffn_inject.weight","hc_norm-4"
485,87,ADD,0,2,1,2581,"l_last-4","hc_combine-4","node_890"
485,90,MUL,0,8,0,2594,"hc_norm-5"," (reshaped)","blk.5.hc_attn_norm.weight"
485,95,UNARY,0,34,0,2801,"hc_gate-5","node_898",""
485,106,SCALE,0,0,12,2828,"hc_mixed-5","node_909",""
485,152,RMS_NORM,0,0,1,4074,"norm-5","attn_output-5",""
486,5,MUL_MAT,0,323,8,655,"linear_attn_out-5","blk.5.ssm_out.weight","final_output-5"
486,9,MUL_MAT,0,10,3,674,"hc_inject-5","blk.5.hc_attn_inject.weight","hc_norm-5"
486,15,ADD,0,2,17,703,"hc_combine-5","l_last-4","node_972"
486,18,MUL,0,10,0,717,"hc_norm-5"," (reshaped)","blk.5.hc_ffn_norm.weight"
486,23,UNARY,0,36,0,906,"hc_gate-5","node_980",""
486,34,SCALE,0,1,2,926,"ffn_moe_inp-5","node_991",""
486,38,ARGSORT,0,22,0,1077,"ffn_moe_argsort-5","ffn_moe_probs-5",""
486,70,ADD,0,1,1,1798,"ffn_moe_out-5","node_1027","ffn_moe_weighted-5 (view)"
486,74,MUL_MAT,0,38,2,1938,"ffn_shexp-5","blk.5.ffn_down_shexp.weight","ffn_swiglu-5"
486,77,MUL,0,4,0,1969,"ffn_shexp_gated-5","ffn_shexp-5","shared_expert_gate_sigmoid-5"
486,78,ADD,0,2,0,1971,"ffn_out-5","ffn_moe_out-5","ffn_shexp_gated-5"
486,81,MUL_MAT,0,8,4,1987,"hc_inject-5","blk.5.hc_ffn_inject.weight","hc_norm-5"
486,87,ADD,0,2,1,2001,"l_last-5","hc_combine-5","node_1044"
486,90,MUL,0,9,0,2014,"hc_norm-6"," (reshaped)","blk.6.hc_attn_norm.weight"
486,95,UNARY,0,35,0,2218,"hc_gate-6","node_1052",""
486,106,SCALE,0,1,2,2239,"hc_mixed-6","node_1063",""
486,152,RMS_NORM,0,0,7,3535,"norm-6","attn_output-6",""
487,5,MUL_MAT,0,307,12,618,"linear_attn_out-6","blk.6.ssm_out.weight","final_output-6"
487,9,MUL_MAT,0,11,0,634,"hc_inject-6","blk.6.hc_attn_inject.weight","hc_norm-6"
487,15,ADD,0,2,7,655,"hc_combine-6","l_last-5","node_1126"
487,18,MUL,0,8,1,668,"hc_norm-6"," (reshaped)","blk.6.hc_ffn_norm.weight"
487,23,UNARY,0,34,0,847,"hc_gate-6","node_1134",""
487,34,SCALE,0,0,2,866,"ffn_moe_inp-6","node_1145",""
487,38,ARGSORT,0,21,1,999,"ffn_moe_argsort-6","ffn_moe_probs-6",""
487,70,ADD,0,1,1,1759,"ffn_moe_out-6","node_1181","ffn_moe_weighted-6 (view)"
487,74,MUL_MAT,0,34,10,1892,"ffn_shexp-6","blk.6.ffn_down_shexp.weight","ffn_swiglu-6"
487,77,MUL,0,2,0,1908,"ffn_shexp_gated-6","ffn_shexp-6","shared_expert_gate_sigmoid-6"
487,78,ADD,0,1,1,1910,"ffn_out-6","ffn_moe_out-6","ffn_shexp_gated-6"
487,81,MUL_MAT,0,7,2,1922,"hc_inject-6","blk.6.hc_ffn_inject.weight","hc_norm-6"
487,87,ADD,0,1,1,1934,"l_last-6","hc_combine-6","node_1198"
487,90,MUL,0,6,0,1944,"hc_norm-7"," (reshaped)","blk.7.hc_attn_norm.weight"
487,95,UNARY,0,30,1,2143,"hc_gate-7","node_1206",""
487,106,SCALE,0,0,2,2161,"hc_mixed-7","node_1217",""
487,151,RMS_NORM,0,4,1,3033,"norm-7","indexer_k_pooled-7 (reshaped)",""
488,38,MUL_MAT,0,257,55,536,"attn_output-7","blk.7.attn_output.weight","attn_gated-7"
488,41,MUL_MAT,0,16,1,556,"hc_inject-7","blk.7.hc_attn_inject.weight","hc_norm-7"
488,47,ADD,0,2,1,570,"hc_combine-7","l_last-6","node_1313"
488,50,MUL,0,6,1,585,"hc_norm-7"," (reshaped)","blk.7.hc_ffn_norm.weight"
488,55,UNARY,0,30,0,760,"hc_gate-7","node_1321",""
488,66,SCALE,0,0,2,778,"ffn_moe_inp-7","node_1332",""
488,70,ARGSORT,0,22,0,900,"ffn_moe_argsort-7","ffn_moe_probs-7",""
488,102,ADD,0,1,1,1536,"ffn_moe_out-7","node_1368","ffn_moe_weighted-7 (view)"
488,106,MUL_MAT,0,29,8,1658,"ffn_shexp-7","blk.7.ffn_down_shexp.weight","ffn_swiglu-7"
488,109,MUL,0,2,0,1665,"ffn_shexp_gated-7","ffn_shexp-7","shared_expert_gate_sigmoid-7"
488,110,ADD,0,1,1,1667,"ffn_out-7","ffn_moe_out-7","ffn_shexp_gated-7"
488,113,MUL_MAT,0,6,3,1679,"hc_inject-7","blk.7.hc_ffn_inject.weight","hc_norm-7"
488,119,ADD,0,2,0,1692,"l_last-7","hc_combine-7","node_1385"
488,122,MUL,0,6,4,1706,"hc_norm-8"," (reshaped)","blk.8.hc_attn_norm.weight"
488,127,UNARY,0,31,0,1879,"hc_gate-8","node_1393",""
488,138,SCALE,0,0,2,1897,"hc_mixed-8","node_1404",""
488,184,RMS_NORM,0,1,3,2949,"norm-8","attn_output-8",""
489,5,MUL_MAT,0,283,78,697,"linear_attn_out-8","blk.8.ssm_out.weight","final_output-8"
489,9,MUL_MAT,0,17,12,737,"hc_inject-8","blk.8.hc_attn_inject.weight","hc_norm-8"
489,15,ADD,0,2,1,752,"hc_combine-8","l_last-7","node_1467"
489,18,MUL,0,6,0,762,"hc_norm-8"," (reshaped)","blk.8.hc_ffn_norm.weight"
489,23,UNARY,0,31,1,956,"hc_gate-8","node_1475",""
489,34,SCALE,0,1,1,984,"ffn_moe_inp-8","node_1486",""
489,38,ARGSORT,0,20,0,1118,"ffn_moe_argsort-8","ffn_moe_probs-8",""
489,70,ADD,0,1,1,1812,"ffn_moe_out-8","node_1522","ffn_moe_weighted-8 (view)"
489,74,MUL_MAT,0,21,25,2029,"ffn_shexp-8","blk.8.ffn_down_shexp.weight","ffn_swiglu-8"
489,77,MUL,0,2,1,2039,"ffn_shexp_gated-8","ffn_shexp-8","shared_expert_gate_sigmoid-8"
489,78,ADD,0,2,0,2041,"ffn_out-8","ffn_moe_out-8","ffn_shexp_gated-8"
489,81,MUL_MAT,0,10,4,2057,"hc_inject-8","blk.8.hc_ffn_inject.weight","hc_norm-8"
489,87,ADD,0,2,1,2071,"l_last-8","hc_combine-8","node_1539"
489,90,MUL,0,8,0,2083,"hc_norm-9"," (reshaped)","blk.9.hc_attn_norm.weight"
489,95,UNARY,0,31,0,2287,"hc_gate-9","node_1547",""
489,106,SCALE,0,0,1,2302,"hc_mixed-9","node_1558",""
489,152,RMS_NORM,0,0,2,3359,"norm-9","attn_output-9",""
490,5,MUL_MAT,0,174,151,626,"linear_attn_out-9","blk.9.ssm_out.weight","final_output-9"
490,9,MUL_MAT,0,7,3,639,"hc_inject-9","blk.9.hc_attn_inject.weight","hc_norm-9"
490,15,ADD,0,1,16,667,"hc_combine-9","l_last-8","node_1621"
490,18,MUL,0,5,0,674,"hc_norm-9"," (reshaped)","blk.9.hc_ffn_norm.weight"
490,23,UNARY,0,21,0,848,"hc_gate-9","node_1629",""
490,34,SCALE,0,0,2,862,"ffn_moe_inp-9","node_1640",""
490,38,ARGSORT,0,17,0,1046,"ffn_moe_argsort-9","ffn_moe_probs-9",""
490,70,ADD,0,1,0,1730,"ffn_moe_out-9","node_1676","ffn_moe_weighted-9 (view)"
490,74,MUL_MAT,0,22,17,1861,"ffn_shexp-9","blk.9.ffn_down_shexp.weight","ffn_swiglu-9"
490,77,MUL,0,1,1,1871,"ffn_shexp_gated-9","ffn_shexp-9","shared_expert_gate_sigmoid-9"
490,78,ADD,0,1,1,1873,"ffn_out-9","ffn_moe_out-9","ffn_shexp_gated-9"
490,81,MUL_MAT,0,6,5,1887,"hc_inject-9","blk.9.hc_ffn_inject.weight","hc_norm-9"
490,87,ADD,0,1,8,1906,"l_last-9","hc_combine-9","node_1693"
490,90,MUL,0,6,0,1916,"hc_norm-10"," (reshaped)","blk.10.hc_attn_norm.weight"
490,95,UNARY,0,21,0,2104,"hc_gate-10","node_1701",""
490,106,SCALE,0,0,1,2118,"hc_mixed-10","node_1712",""
490,152,RMS_NORM,0,1,2,3154,"norm-10","attn_output-10",""
491,5,MUL_MAT,0,293,53,689,"linear_attn_out-10","blk.10.ssm_out.weight","final_output-10"
491,9,MUL_MAT,0,7,5,705,"hc_inject-10","blk.10.hc_attn_inject.weight","hc_norm-10"
491,15,ADD,0,2,2,718,"hc_combine-10","l_last-9","node_1775"
491,18,MUL,0,6,1,729,"hc_norm-10"," (reshaped)","blk.10.hc_ffn_norm.weight"
491,23,UNARY,0,31,0,922,"hc_gate-10","node_1783",""
491,34,SCALE,0,0,11,955,"ffn_moe_inp-10","node_1794",""
491,38,ARGSORT,0,19,0,1099,"ffn_moe_argsort-10","ffn_moe_probs-10",""
491,70,ADD,0,1,1,2314,"ffn_moe_out-10","node_1830","ffn_moe_weighted-10 (view)"
491,74,MUL_MAT,0,29,7,2508,"ffn_shexp-10","blk.10.ffn_down_shexp.weight","ffn_swiglu-10"
491,77,MUL,0,2,0,2515,"ffn_shexp_gated-10","ffn_shexp-10","shared_expert_gate_sigmoid-10"
491,78,ADD,0,1,5,2521,"ffn_out-10","ffn_moe_out-10","ffn_shexp_gated-10"
491,81,MUL_MAT,0,6,2,2531,"hc_inject-10","blk.10.hc_ffn_inject.weight","hc_norm-10"
491,87,ADD,0,2,7,2550,"l_last-10","hc_combine-10","node_1847"
491,90,MUL,0,5,1,2560,"hc_norm-11"," (reshaped)","blk.11.hc_attn_norm.weight"
491,95,UNARY,0,31,0,2735,"hc_gate-11","node_1855",""
491,106,SCALE,0,1,1,2751,"hc_mixed-11","node_1866",""
491,151,RMS_NORM,0,4,0,3498,"norm-11","indexer_k_pooled-11 (reshaped)",""
492,38,MUL_MAT,0,266,50,538,"attn_output-11","blk.11.attn_output.weight","attn_gated-11"
492,41,MUL_MAT,0,6,3,550,"hc_inject-11","blk.11.hc_attn_inject.weight","hc_norm-11"
492,47,ADD,0,1,1,561,"hc_combine-11","l_last-10","node_1962"
492,50,MUL,0,7,0,572,"hc_norm-11"," (reshaped)","blk.11.hc_ffn_norm.weight"
492,55,UNARY,0,31,0,751,"hc_gate-11","node_1970",""
492,66,SCALE,0,0,1,776,"ffn_moe_inp-11","node_1981",""
492,70,ARGSORT,0,19,0,901,"ffn_moe_argsort-11","ffn_moe_probs-11",""
492,102,ADD,0,1,1,1567,"ffn_moe_out-11","node_2017","ffn_moe_weighted-11 (view)"
492,106,MUL_MAT,0,29,11,1692,"ffn_shexp-11","blk.11.ffn_down_shexp.weight","ffn_swiglu-11"
492,109,MUL,0,2,0,1701,"ffn_shexp_gated-11","ffn_shexp-11","shared_expert_gate_sigmoid-11"
492,110,ADD,0,1,1,1703,"ffn_out-11","ffn_moe_out-11","ffn_shexp_gated-11"
492,113,MUL_MAT,0,6,4,1715,"hc_inject-11","blk.11.hc_ffn_inject.weight","hc_norm-11"
492,119,ADD,0,1,7,1732,"l_last-11","hc_combine-11","node_2034"
492,122,MUL,0,6,0,1742,"hc_norm-12"," (reshaped)","blk.12.hc_attn_norm.weight"
492,127,UNARY,0,31,0,1935,"hc_gate-12","node_2042",""
492,138,SCALE,0,0,2,1953,"hc_mixed-12","node_2053",""
492,184,RMS_NORM,0,1,1,3021,"norm-12","attn_output-12",""
493,5,MUL_MAT,0,255,73,649,"linear_attn_out-12","blk.12.ssm_out.weight","final_output-12"
493,9,MUL_MAT,0,8,1,668,"hc_inject-12","blk.12.hc_attn_inject.weight","hc_norm-12"
493,15,ADD,0,2,1,680,"hc_combine-12","l_last-11","node_2116"
493,18,MUL,0,7,0,700,"hc_norm-12"," (reshaped)","blk.12.hc_ffn_norm.weight"
493,23,UNARY,0,31,0,878,"hc_gate-12","node_2124",""
493,34,SCALE,0,0,1,893,"ffn_moe_inp-12","node_2135",""
493,38,ARGSORT,0,21,0,1018,"ffn_moe_argsort-12","ffn_moe_probs-12",""
493,70,ADD,0,1,1,1629,"ffn_moe_out-12","node_2171","ffn_moe_weighted-12 (view)"
493,74,MUL_MAT,0,30,6,1752,"ffn_shexp-12","blk.12.ffn_down_shexp.weight","ffn_swiglu-12"
493,77,MUL,0,3,0,1760,"ffn_shexp_gated-12","ffn_shexp-12","shared_expert_gate_sigmoid-12"
493,78,ADD,0,1,1,1762,"ffn_out-12","ffn_moe_out-12","ffn_shexp_gated-12"
493,81,MUL_MAT,0,4,3,1780,"hc_inject-12","blk.12.hc_ffn_inject.weight","hc_norm-12"
493,87,ADD,0,1,1,1792,"l_last-12","hc_combine-12","node_2188"
493,90,MUL,0,6,0,1802,"hc_norm-13"," (reshaped)","blk.13.hc_attn_norm.weight"
493,95,UNARY,0,35,0,1979,"hc_gate-13","node_2196",""
493,106,SCALE,0,1,1,1995,"hc_mixed-13","node_2207",""
493,152,RMS_NORM,0,0,2,3118,"norm-13","attn_output-13",""
494,5,MUL_MAT,0,289,61,698,"linear_attn_out-13","blk.13.ssm_out.weight","final_output-13"
494,9,MUL_MAT,0,8,5,714,"hc_inject-13","blk.13.hc_attn_inject.weight","hc_norm-13"
494,15,ADD,0,2,1,733,"hc_combine-13","l_last-12","node_2270"
494,18,MUL,0,7,0,744,"hc_norm-13"," (reshaped)","blk.13.hc_ffn_norm.weight"
494,23,UNARY,0,31,1,939,"hc_gate-13","node_2278",""
494,34,SCALE,0,0,50,1030,"ffn_moe_inp-13","node_2289",""
494,38,ARGSORT,0,20,0,1161,"ffn_moe_argsort-13","ffn_moe_probs-13",""
494,70,ADD,0,1,1,1888,"ffn_moe_out-13","node_2325","ffn_moe_weighted-13 (view)"
494,74,MUL_MAT,0,30,13,2006,"ffn_shexp-13","blk.13.ffn_down_shexp.weight","ffn_swiglu-13"
494,77,MUL,0,2,1,2024,"ffn_shexp_gated-13","ffn_shexp-13","shared_expert_gate_sigmoid-13"
494,78,ADD,0,1,0,2025,"ffn_out-13","ffn_moe_out-13","ffn_shexp_gated-13"
494,81,MUL_MAT,0,5,12,2049,"hc_inject-13","blk.13.hc_ffn_inject.weight","hc_norm-13"
494,87,ADD,0,2,1,2061,"l_last-13","hc_combine-13","node_2342"
494,90,MUL,0,12,0,2083,"hc_norm-14"," (reshaped)","blk.14.hc_attn_norm.weight"
494,95,UNARY,0,30,1,2258,"hc_gate-14","node_2350",""
494,106,SCALE,0,0,2,2273,"hc_mixed-14","node_2361",""
494,152,RMS_NORM,0,0,2,3335,"norm-14","attn_output-14",""
495,5,MUL_MAT,0,283,50,660,"linear_attn_out-14","blk.14.ssm_out.weight","final_output-14"
495,9,MUL_MAT,0,6,7,676,"hc_inject-14","blk.14.hc_attn_inject.weight","hc_norm-14"
495,15,ADD,0,2,1,689,"hc_combine-14","l_last-13","node_2424"
495,18,MUL,0,6,1,699,"hc_norm-14"," (reshaped)","blk.14.hc_ffn_norm.weight"
495,23,UNARY,0,30,0,881,"hc_gate-14","node_2432",""
495,34,SCALE,0,1,1,897,"ffn_moe_inp-14","node_2443",""
495,38,ARGSORT,0,19,0,1097,"ffn_moe_argsort-14","ffn_moe_probs-14",""
495,70,ADD,0,1,0,1800,"ffn_moe_out-14","node_2479","ffn_moe_weighted-14 (view)"
495,74,MUL_MAT,0,31,13,1933,"ffn_shexp-14","blk.14.ffn_down_shexp.weight","ffn_swiglu-14"
495,77,MUL,0,1,1,1940,"ffn_shexp_gated-14","ffn_shexp-14","shared_expert_gate_sigmoid-14"
495,78,ADD,0,1,0,1941,"ffn_out-14","ffn_moe_out-14","ffn_shexp_gated-14"
495,81,MUL_MAT,0,7,6,1956,"hc_inject-14","blk.14.hc_ffn_inject.weight","hc_norm-14"
495,87,ADD,0,2,1,1969,"l_last-14","hc_combine-14","node_2496"
495,90,MUL,0,6,1,1980,"hc_norm-15"," (reshaped)","blk.15.hc_attn_norm.weight"
495,95,UNARY,0,30,1,2169,"hc_gate-15","node_2504",""
495,106,SCALE,0,1,1,2185,"hc_mixed-15","node_2515",""
495,151,RMS_NORM,0,5,0,3040,"norm-15","indexer_k_pooled-15 (reshaped)",""
496,38,MUL_MAT,0,246,63,513,"attn_output-15","blk.15.attn_output.weight","attn_gated-15"
496,41,MUL_MAT,0,6,6,528,"hc_inject-15","blk.15.hc_attn_inject.weight","hc_norm-15"
496,47,ADD,0,1,1,546,"hc_combine-15","l_last-14","node_2611"
496,50,MUL,0,6,1,557,"hc_norm-15"," (reshaped)","blk.15.hc_ffn_norm.weight"
496,55,UNARY,0,31,0,729,"hc_gate-15","node_2619",""
496,66,SCALE,0,0,1,743,"ffn_moe_inp-15","node_2630",""
496,70,ARGSORT,0,18,1,870,"ffn_moe_argsort-15","ffn_moe_probs-15",""
496,102,ADD,0,1,0,1562,"ffn_moe_out-15","node_2666","ffn_moe_weighted-15 (view)"
496,106,MUL_MAT,0,30,6,1672,"ffn_shexp-15","blk.15.ffn_down_shexp.weight","ffn_swiglu-15"
496,109,MUL,0,2,0,1680,"ffn_shexp_gated-15","ffn_shexp-15","shared_expert_gate_sigmoid-15"
496,110,ADD,0,1,1,1682,"ffn_out-15","ffn_moe_out-15","ffn_shexp_gated-15"
496,113,MUL_MAT,0,6,6,1696,"hc_inject-15","blk.15.hc_ffn_inject.weight","hc_norm-15"
496,119,ADD,0,2,1,1709,"l_last-15","hc_combine-15","node_2683"
496,122,MUL,0,7,0,1719,"hc_norm-16"," (reshaped)","blk.16.hc_attn_norm.weight"
496,127,UNARY,0,30,0,1904,"hc_gate-16","node_2691",""
496,138,SCALE,0,0,2,1928,"hc_mixed-16","node_2702",""
496,184,RMS_NORM,0,0,2,3284,"norm-16","attn_output-16",""
497,5,MUL_MAT,0,166,145,619,"linear_attn_out-16","blk.16.ssm_out.weight","final_output-16"
497,9,MUL_MAT,0,5,5,632,"hc_inject-16","blk.16.hc_attn_inject.weight","hc_norm-16"
497,15,ADD,0,1,2,646,"hc_combine-16","l_last-15","node_2765"
497,18,MUL,0,5,0,655,"hc_norm-16"," (reshaped)","blk.16.hc_ffn_norm.weight"
497,23,UNARY,0,21,0,830,"hc_gate-16","node_2773",""
497,34,SCALE,0,0,1,845,"ffn_moe_inp-16","node_2784",""
497,38,ARGSORT,0,18,1,968,"ffn_moe_argsort-16","ffn_moe_probs-16",""
497,70,ADD,0,1,13,1618,"ffn_moe_out-16","node_2820","ffn_moe_weighted-16 (view)"
497,74,MUL_MAT,0,17,21,1732,"ffn_shexp-16","blk.16.ffn_down_shexp.weight","ffn_swiglu-16"
497,77,MUL,0,2,0,1740,"ffn_shexp_gated-16","ffn_shexp-16","shared_expert_gate_sigmoid-16"
497,78,ADD,0,1,0,1742,"ffn_out-16","ffn_moe_out-16","ffn_shexp_gated-16"
497,81,MUL_MAT,0,5,7,1756,"hc_inject-16","blk.16.hc_ffn_inject.weight","hc_norm-16"
497,87,ADD,0,1,1,1769,"l_last-16","hc_combine-16","node_2837"
497,90,MUL,0,4,1,1784,"hc_norm-17"," (reshaped)","blk.17.hc_attn_norm.weight"
497,95,UNARY,0,21,1,1967,"hc_gate-17","node_2845",""
497,106,SCALE,0,0,2,1985,"hc_mixed-17","node_2856",""
497,152,RMS_NORM,0,0,3,2963,"norm-17","attn_output-17",""
498,5,MUL_MAT,0,275,69,679,"linear_attn_out-17","blk.17.ssm_out.weight","final_output-17"
498,9,MUL_MAT,0,17,5,705,"hc_inject-17","blk.17.hc_attn_inject.weight","hc_norm-17"
498,15,ADD,0,2,1,718,"hc_combine-17","l_last-16","node_2919"
498,18,MUL,0,6,0,729,"hc_norm-17"," (reshaped)","blk.17.hc_ffn_norm.weight"
498,23,UNARY,0,31,0,933,"hc_gate-17","node_2927",""
498,34,SCALE,0,0,1,949,"ffn_moe_inp-17","node_2938",""
498,38,ARGSORT,0,20,1,1082,"ffn_moe_argsort-17","ffn_moe_probs-17",""
498,70,ADD,0,1,0,2198,"ffn_moe_out-17","node_2974","ffn_moe_weighted-17 (view)"
498,74,MUL_MAT,0,27,8,2312,"ffn_shexp-17","blk.17.ffn_down_shexp.weight","ffn_swiglu-17"
498,77,MUL,0,2,0,2320,"ffn_shexp_gated-17","ffn_shexp-17","shared_expert_gate_sigmoid-17"
498,78,ADD,0,1,1,2322,"ffn_out-17","ffn_moe_out-17","ffn_shexp_gated-17"
498,81,MUL_MAT,0,12,8,2351,"hc_inject-17","blk.17.hc_ffn_inject.weight","hc_norm-17"
498,87,ADD,0,2,1,2382,"l_last-17","hc_combine-17","node_2991"
498,90,MUL,0,7,0,2393,"hc_norm-18"," (reshaped)","blk.18.hc_attn_norm.weight"
498,95,UNARY,0,30,0,2579,"hc_gate-18","node_2999",""
498,106,SCALE,0,0,2,2596,"hc_mixed-18","node_3010",""
498,152,RMS_NORM,0,0,1,3672,"norm-18","attn_output-18",""
499,5,MUL_MAT,0,277,47,654,"linear_attn_out-18","blk.18.ssm_out.weight","final_output-18"
499,9,MUL_MAT,0,137,2,863,"hc_inject-18","blk.18.hc_attn_inject.weight","hc_norm-18"
499,15,ADD,0,2,1,877,"hc_combine-18","l_last-17","node_3073"
499,18,MUL,0,6,1,888,"hc_norm-18"," (reshaped)","blk.18.hc_ffn_norm.weight"
499,23,UNARY,0,30,1,1061,"hc_gate-18","node_3081",""
499,34,SCALE,0,0,2,1149,"ffn_moe_inp-18","node_3092",""
499,38,ARGSORT,0,21,0,1284,"ffn_moe_argsort-18","ffn_moe_probs-18",""
499,70,ADD,0,1,0,1993,"ffn_moe_out-18","node_3128","ffn_moe_weighted-18 (view)"
499,74,MUL_MAT,0,33,22,2144,"ffn_shexp-18","blk.18.ffn_down_shexp.weight","ffn_swiglu-18"
499,77,MUL,0,2,0,2152,"ffn_shexp_gated-18","ffn_shexp-18","shared_expert_gate_sigmoid-18"
499,78,ADD,0,1,1,2154,"ffn_out-18","ffn_moe_out-18","ffn_shexp_gated-18"
499,81,MUL_MAT,0,8,5,2169,"hc_inject-18","blk.18.hc_ffn_inject.weight","hc_norm-18"
499,87,ADD,0,1,1,2189,"l_last-18","hc_combine-18","node_3145"
499,90,MUL,0,7,0,2200,"hc_norm-19"," (reshaped)","blk.19.hc_attn_norm.weight"
499,95,UNARY,0,31,0,2396,"hc_gate-19","node_3153",""
499,106,SCALE,0,0,1,2413,"hc_mixed-19","node_3164",""
499,151,RMS_NORM,0,5,0,3330,"norm-19","indexer_k_pooled-19 (reshaped)",""
500,38,MUL_MAT,0,263,55,543,"attn_output-19","blk.19.attn_output.weight","attn_gated-19"
500,41,MUL_MAT,0,6,2,554,"hc_inject-19","blk.19.hc_attn_inject.weight","hc_norm-19"
500,47,ADD,0,1,1,566,"hc_combine-19","l_last-18","node_3260"
500,50,MUL,0,6,0,576,"hc_norm-19"," (reshaped)","blk.19.hc_ffn_norm.weight"
500,55,UNARY,0,30,1,753,"hc_gate-19","node_3268",""
500,66,SCALE,0,1,1,767,"ffn_moe_inp-19","node_3279",""
500,70,ARGSORT,0,20,0,890,"ffn_moe_argsort-19","ffn_moe_probs-19",""
500,102,ADD,0,1,0,1521,"ffn_moe_out-19","node_3315","ffn_moe_weighted-19 (view)"
500,106,MUL_MAT,0,29,8,1630,"ffn_shexp-19","blk.19.ffn_down_shexp.weight","ffn_swiglu-19"
500,109,MUL,0,2,0,1638,"ffn_shexp_gated-19","ffn_shexp-19","shared_expert_gate_sigmoid-19"
500,110,ADD,0,1,0,1640,"ffn_out-19","ffn_moe_out-19","ffn_shexp_gated-19"
500,113,MUL_MAT,0,5,2,1650,"hc_inject-19","blk.19.hc_ffn_inject.weight","hc_norm-19"
500,119,ADD,0,1,0,1662,"l_last-19","hc_combine-19","node_3332"
500,122,MUL,0,7,0,1673,"hc_norm-20"," (reshaped)","blk.20.hc_attn_norm.weight"
500,127,UNARY,0,30,0,1854,"hc_gate-20","node_3340",""
500,138,SCALE,0,0,1,1872,"hc_mixed-20","node_3351",""
500,184,RMS_NORM,0,0,1,2966,"norm-20","attn_output-20",""
501,5,MUL_MAT,0,247,78,639,"linear_attn_out-20","blk.20.ssm_out.weight","final_output-20"
501,9,MUL_MAT,0,9,8,665,"hc_inject-20","blk.20.hc_attn_inject.weight","hc_norm-20"
501,15,ADD,0,2,10,688,"hc_combine-20","l_last-19","node_3414"
501,18,MUL,0,5,0,697,"hc_norm-20"," (reshaped)","blk.20.hc_ffn_norm.weight"
501,23,UNARY,0,31,0,880,"hc_gate-20","node_3422",""
501,34,SCALE,0,0,1,901,"ffn_moe_inp-20","node_3433",""
501,38,ARGSORT,0,21,0,1029,"ffn_moe_argsort-20","ffn_moe_probs-20",""
501,70,ADD,0,1,0,2145,"ffn_moe_out-20","node_3469","ffn_moe_weighted-20 (view)"
501,74,MUL_MAT,0,29,6,2259,"ffn_shexp-20","blk.20.ffn_down_shexp.weight","ffn_swiglu-20"
501,77,MUL,0,2,0,2268,"ffn_shexp_gated-20","ffn_shexp-20","shared_expert_gate_sigmoid-20"
501,78,ADD,0,1,1,2271,"ffn_out-20","ffn_moe_out-20","ffn_shexp_gated-20"
501,81,MUL_MAT,0,6,6,2285,"hc_inject-20","blk.20.hc_ffn_inject.weight","hc_norm-20"
501,87,ADD,0,2,1,2298,"l_last-20","hc_combine-20","node_3486"
501,90,MUL,0,7,0,2309,"hc_norm-21"," (reshaped)","blk.21.hc_attn_norm.weight"
501,95,UNARY,0,32,0,2491,"hc_gate-21","node_3494",""
501,106,SCALE,0,0,2,2511,"hc_mixed-21","node_3505",""
501,152,RMS_NORM,0,0,2,3653,"norm-21","attn_output-21",""
502,5,MUL_MAT,0,291,59,683,"linear_attn_out-21","blk.21.ssm_out.weight","final_output-21"
502,9,MUL_MAT,0,8,1,697,"hc_inject-21","blk.21.hc_attn_inject.weight","hc_norm-21"
502,15,ADD,0,1,1,710,"hc_combine-21","l_last-20","node_3568"
502,18,MUL,0,6,1,721,"hc_norm-21"," (reshaped)","blk.21.hc_ffn_norm.weight"
502,23,UNARY,0,44,0,959,"hc_gate-21","node_3576",""
502,34,SCALE,0,1,1,980,"ffn_moe_inp-21","node_3587",""
502,38,ARGSORT,0,20,1,1116,"ffn_moe_argsort-21","ffn_moe_probs-21",""
502,70,ADD,0,1,1,2234,"ffn_moe_out-21","node_3623","ffn_moe_weighted-21 (view)"
502,74,MUL_MAT,0,36,7,2371,"ffn_shexp-21","blk.21.ffn_down_shexp.weight","ffn_swiglu-21"
502,77,MUL,0,3,0,2381,"ffn_shexp_gated-21","ffn_shexp-21","shared_expert_gate_sigmoid-21"
502,78,ADD,0,1,0,2383,"ffn_out-21","ffn_moe_out-21","ffn_shexp_gated-21"
502,81,MUL_MAT,0,9,1,2397,"hc_inject-21","blk.21.hc_ffn_inject.weight","hc_norm-21"
502,87,ADD,0,2,7,2416,"l_last-21","hc_combine-21","node_3640"
502,90,MUL,0,8,1,2430,"hc_norm-22"," (reshaped)","blk.22.hc_attn_norm.weight"
502,95,UNARY,0,35,0,2634,"hc_gate-22","node_3648",""
502,106,SCALE,0,0,2,2653,"hc_mixed-22","node_3659",""
502,152,RMS_NORM,0,0,1,4017,"norm-22","attn_output-22",""
503,5,MUL_MAT,0,326,0,623,"linear_attn_out-22","blk.22.ssm_out.weight","final_output-22"
503,9,MUL_MAT,0,11,1,641,"hc_inject-22","blk.22.hc_attn_inject.weight","hc_norm-22"
503,15,ADD,0,2,0,654,"hc_combine-22","l_last-21","node_3722"
503,18,MUL,0,8,0,667,"hc_norm-22"," (reshaped)","blk.22.hc_ffn_norm.weight"
503,23,UNARY,0,35,0,865,"hc_gate-22","node_3730",""
503,34,SCALE,0,1,1,883,"ffn_moe_inp-22","node_3741",""
503,38,ARGSORT,0,23,0,1018,"ffn_moe_argsort-22","ffn_moe_probs-22",""
503,70,ADD,0,2,0,1718,"ffn_moe_out-22","node_3777","ffn_moe_weighted-22 (view)"
503,74,MUL_MAT,0,38,4,1849,"ffn_shexp-22","blk.22.ffn_down_shexp.weight","ffn_swiglu-22"
503,77,MUL,0,3,1,1860,"ffn_shexp_gated-22","ffn_shexp-22","shared_expert_gate_sigmoid-22"
503,78,ADD,0,2,0,1862,"ffn_out-22","ffn_moe_out-22","ffn_shexp_gated-22"
503,81,MUL_MAT,0,12,1,1879,"hc_inject-22","blk.22.hc_ffn_inject.weight","hc_norm-22"
503,87,ADD,0,2,0,1893,"l_last-22","hc_combine-22","node_3794"
503,90,MUL,0,8,1,1913,"hc_norm-23"," (reshaped)","blk.23.hc_attn_norm.weight"
503,95,UNARY,0,35,0,2114,"hc_gate-23","node_3802",""
503,106,SCALE,0,0,3,2134,"hc_mixed-23","node_3813",""
503,151,RMS_NORM,0,8,1,2939,"norm-23","indexer_k_pooled-23 (reshaped)",""
504,38,MUL_MAT,0,313,9,553,"attn_output-23","blk.23.attn_output.weight","attn_gated-23"
504,41,MUL_MAT,0,9,0,566,"hc_inject-23","blk.23.hc_attn_inject.weight","hc_norm-23"
504,47,ADD,0,1,1,580,"hc_combine-23","l_last-22","node_3909"
504,50,MUL,0,9,0,593,"hc_norm-23"," (reshaped)","blk.23.hc_ffn_norm.weight"
504,55,UNARY,0,33,1,783,"hc_gate-23","node_3917",""
504,66,SCALE,0,0,1,800,"ffn_moe_inp-23","node_3928",""
504,70,ARGSORT,0,22,0,922,"ffn_moe_argsort-23","ffn_moe_probs-23",""
504,102,ADD,0,2,0,1545,"ffn_moe_out-23","node_3964","ffn_moe_weighted-23 (view)"
504,106,MUL_MAT,0,30,2,1656,"ffn_shexp-23","blk.23.ffn_down_shexp.weight","ffn_swiglu-23"
504,109,MUL,0,3,0,1666,"ffn_shexp_gated-23","ffn_shexp-23","shared_expert_gate_sigmoid-23"
504,110,ADD,0,1,0,1668,"ffn_out-23","ffn_moe_out-23","ffn_shexp_gated-23"
504,113,MUL_MAT,0,8,1,1681,"hc_inject-23","blk.23.hc_ffn_inject.weight","hc_norm-23"
504,119,ADD,0,1,8,1707,"l_last-23","hc_combine-23","node_3981"
504,122,MUL,0,9,0,1721,"hc_norm-24"," (reshaped)","blk.24.hc_attn_norm.weight"
504,127,UNARY,0,33,1,1903,"hc_gate-24","node_3989",""
504,138,SCALE,0,0,2,1922,"hc_mixed-24","node_4000",""
504,184,RMS_NORM,0,1,1,3221,"norm-24","attn_output-24",""
505,5,MUL_MAT,0,316,4,636,"linear_attn_out-24","blk.24.ssm_out.weight","final_output-24"
505,9,MUL_MAT,0,8,1,650,"hc_inject-24","blk.24.hc_attn_inject.weight","hc_norm-24"
505,15,ADD,0,2,0,662,"hc_combine-24","l_last-23","node_4063"
505,18,MUL,0,8,0,675,"hc_norm-24"," (reshaped)","blk.24.hc_ffn_norm.weight"
505,23,UNARY,0,33,0,859,"hc_gate-24","node_4071",""
505,34,SCALE,0,0,1,887,"ffn_moe_inp-24","node_4082",""
505,38,ARGSORT,0,22,0,1026,"ffn_moe_argsort-24","ffn_moe_probs-24",""
505,70,ADD,0,2,0,1737,"ffn_moe_out-24","node_4118","ffn_moe_weighted-24 (view)"
505,74,MUL_MAT,0,37,1,1857,"ffn_shexp-24","blk.24.ffn_down_shexp.weight","ffn_swiglu-24"
505,77,MUL,0,3,0,1866,"ffn_shexp_gated-24","ffn_shexp-24","shared_expert_gate_sigmoid-24"
505,78,ADD,0,1,0,1868,"ffn_out-24","ffn_moe_out-24","ffn_shexp_gated-24"
505,81,MUL_MAT,0,7,14,1894,"hc_inject-24","blk.24.hc_ffn_inject.weight","hc_norm-24"
505,87,ADD,0,2,1,1905,"l_last-24","hc_combine-24","node_4135"
505,90,MUL,0,8,0,1918,"hc_norm-25"," (reshaped)","blk.25.hc_attn_norm.weight"
505,95,UNARY,0,34,0,2141,"hc_gate-25","node_4143",""
505,106,SCALE,0,0,2,2161,"hc_mixed-25","node_4154",""
505,152,RMS_NORM,0,1,1,3604,"norm-25","attn_output-25",""
506,5,MUL_MAT,0,303,12,641,"linear_attn_out-25","blk.25.ssm_out.weight","final_output-25"
506,9,MUL_MAT,0,7,1,655,"hc_inject-25","blk.25.hc_attn_inject.weight","hc_norm-25"
506,15,ADD,0,2,1,669,"hc_combine-25","l_last-24","node_4217"
506,18,MUL,0,8,0,681,"hc_norm-25"," (reshaped)","blk.25.hc_ffn_norm.weight"
506,23,UNARY,0,34,0,858,"hc_gate-25","node_4225",""
506,34,SCALE,0,0,2,887,"ffn_moe_inp-25","node_4236",""
506,38,ARGSORT,0,22,0,1021,"ffn_moe_argsort-25","ffn_moe_probs-25",""
506,70,ADD,0,2,0,1666,"ffn_moe_out-25","node_4272","ffn_moe_weighted-25 (view)"
506,74,MUL_MAT,0,35,1,1786,"ffn_shexp-25","blk.25.ffn_down_shexp.weight","ffn_swiglu-25"
506,77,MUL,0,3,0,1806,"ffn_shexp_gated-25","ffn_shexp-25","shared_expert_gate_sigmoid-25"
506,78,ADD,0,2,0,1808,"ffn_out-25","ffn_moe_out-25","ffn_shexp_gated-25"
506,81,MUL_MAT,0,8,1,1821,"hc_inject-25","blk.25.hc_ffn_inject.weight","hc_norm-25"
506,87,ADD,0,2,0,1834,"l_last-25","hc_combine-25","node_4289"
506,90,MUL,0,8,1,1848,"hc_norm-26"," (reshaped)","blk.26.hc_attn_norm.weight"
506,95,UNARY,0,35,0,2049,"hc_gate-26","node_4297",""
506,106,SCALE,0,0,2,2067,"hc_mixed-26","node_4308",""
506,152,RMS_NORM,0,1,1,3613,"norm-26","attn_output-26",""
507,5,MUL_MAT,0,309,8,627,"linear_attn_out-26","blk.26.ssm_out.weight","final_output-26"
507,9,MUL_MAT,0,8,1,641,"hc_inject-26","blk.26.hc_attn_inject.weight","hc_norm-26"
507,15,ADD,0,2,0,653,"hc_combine-26","l_last-25","node_4371"
507,18,MUL,0,8,0,665,"hc_norm-26"," (reshaped)","blk.26.hc_ffn_norm.weight"
507,23,UNARY,0,33,0,841,"hc_gate-26","node_4379",""
507,34,SCALE,0,0,1,860,"ffn_moe_inp-26","node_4390",""
507,38,ARGSORT,0,21,1,990,"ffn_moe_argsort-26","ffn_moe_probs-26",""
507,70,ADD,0,2,0,1652,"ffn_moe_out-26","node_4426","ffn_moe_weighted-26 (view)"
507,74,MUL_MAT,0,35,3,1780,"ffn_shexp-26","blk.26.ffn_down_shexp.weight","ffn_swiglu-26"
507,77,MUL,0,3,6,1796,"ffn_shexp_gated-26","ffn_shexp-26","shared_expert_gate_sigmoid-26"
507,78,ADD,0,2,0,1798,"ffn_out-26","ffn_moe_out-26","ffn_shexp_gated-26"
507,81,MUL_MAT,0,9,2,1813,"hc_inject-26","blk.26.hc_ffn_inject.weight","hc_norm-26"
507,87,ADD,0,2,1,1826,"l_last-26","hc_combine-26","node_4443"
507,90,MUL,0,8,1,1839,"hc_norm-27"," (reshaped)","blk.27.hc_attn_norm.weight"
507,95,UNARY,0,34,0,2046,"hc_gate-27","node_4451",""
507,106,SCALE,0,1,1,2065,"hc_mixed-27","node_4462",""
507,151,RMS_NORM,0,8,1,2827,"norm-27","indexer_k_pooled-27 (reshaped)",""
508,38,MUL_MAT,0,321,2,556,"attn_output-27","blk.27.attn_output.weight","attn_gated-27"
508,41,MUL_MAT,0,13,0,574,"hc_inject-27","blk.27.hc_attn_inject.weight","hc_norm-27"
508,47,ADD,0,2,0,585,"hc_combine-27","l_last-26","node_4558"
508,50,MUL,0,28,0,618,"hc_norm-27"," (reshaped)","blk.27.hc_ffn_norm.weight"
508,55,UNARY,0,33,1,809,"hc_gate-27","node_4566",""
508,66,SCALE,0,0,1,826,"ffn_moe_inp-27","node_4577",""
508,70,ARGSORT,0,21,0,952,"ffn_moe_argsort-27","ffn_moe_probs-27",""
508,102,ADD,0,1,0,2121,"ffn_moe_out-27","node_4613","ffn_moe_weighted-27 (view)"
508,106,MUL_MAT,0,32,15,2240,"ffn_shexp-27","blk.27.ffn_down_shexp.weight","ffn_swiglu-27"
508,109,MUL,0,3,0,2250,"ffn_shexp_gated-27","ffn_shexp-27","shared_expert_gate_sigmoid-27"
508,110,ADD,0,2,0,2252,"ffn_out-27","ffn_moe_out-27","ffn_shexp_gated-27"
508,113,MUL_MAT,0,14,1,2270,"hc_inject-27","blk.27.hc_ffn_inject.weight","hc_norm-27"
508,119,ADD,0,2,0,2325,"l_last-27","hc_combine-27","node_4630"
508,122,MUL,0,10,0,2340,"hc_norm-28"," (reshaped)","blk.28.hc_attn_norm.weight"
508,127,UNARY,0,34,0,2542,"hc_gate-28","node_4638",""
508,138,SCALE,0,0,1,2567,"hc_mixed-28","node_4649",""
508,184,RMS_NORM,0,1,1,3832,"norm-28","attn_output-28",""
509,5,MUL_MAT,0,268,59,641,"linear_attn_out-28","blk.28.ssm_out.weight","final_output-28"
509,9,MUL_MAT,0,8,3,655,"hc_inject-28","blk.28.hc_attn_inject.weight","hc_norm-28"
509,15,ADD,0,1,2,679,"hc_combine-28","l_last-27","node_4712"
509,18,MUL,0,7,0,689,"hc_norm-28"," (reshaped)","blk.28.hc_ffn_norm.weight"
509,23,UNARY,0,46,0,884,"hc_gate-28","node_4720",""
509,34,SCALE,0,1,1,901,"ffn_moe_inp-28","node_4731",""
509,38,ARGSORT,0,21,0,1027,"ffn_moe_argsort-28","ffn_moe_probs-28",""
509,70,ADD,0,1,1,1665,"ffn_moe_out-28","node_4767","ffn_moe_weighted-28 (view)"
509,74,MUL_MAT,0,29,10,1783,"ffn_shexp-28","blk.28.ffn_down_shexp.weight","ffn_swiglu-28"
509,77,MUL,0,2,0,1790,"ffn_shexp_gated-28","ffn_shexp-28","shared_expert_gate_sigmoid-28"
509,78,ADD,0,1,0,1792,"ffn_out-28","ffn_moe_out-28","ffn_shexp_gated-28"
509,81,MUL_MAT,0,6,2,1803,"hc_inject-28","blk.28.hc_ffn_inject.weight","hc_norm-28"
509,87,ADD,0,2,1,1815,"l_last-28","hc_combine-28","node_4784"
509,90,MUL,0,6,1,1836,"hc_norm-29"," (reshaped)","blk.29.hc_attn_norm.weight"
509,95,UNARY,0,30,1,2017,"hc_gate-29","node_4792",""
509,106,SCALE,0,1,2,2034,"hc_mixed-29","node_4803",""
509,152,RMS_NORM,0,0,2,3088,"norm-29","attn_output-29",""
510,5,MUL_MAT,0,296,63,702,"linear_attn_out-29","blk.29.ssm_out.weight","final_output-29"
510,9,MUL_MAT,0,8,1,714,"hc_inject-29","blk.29.hc_attn_inject.weight","hc_norm-29"
510,15,ADD,0,1,2,728,"hc_combine-29","l_last-28","node_4866"
510,18,MUL,0,7,0,739,"hc_norm-29"," (reshaped)","blk.29.hc_ffn_norm.weight"
510,23,UNARY,0,31,0,936,"hc_gate-29","node_4874",""
510,34,SCALE,0,0,2,953,"ffn_moe_inp-29","node_4885",""
510,38,ARGSORT,0,20,0,1092,"ffn_moe_argsort-29","ffn_moe_probs-29",""
510,70,ADD,0,1,0,2527,"ffn_moe_out-29","node_4921","ffn_moe_weighted-29 (view)"
510,74,MUL_MAT,0,19,16,2639,"ffn_shexp-29","blk.29.ffn_down_shexp.weight","ffn_swiglu-29"
510,77,MUL,0,1,0,2647,"ffn_shexp_gated-29","ffn_shexp-29","shared_expert_gate_sigmoid-29"
510,78,ADD,0,1,0,2649,"ffn_out-29","ffn_moe_out-29","ffn_shexp_gated-29"
510,81,MUL_MAT,0,5,5,2662,"hc_inject-29","blk.29.hc_ffn_inject.weight","hc_norm-29"
510,87,ADD,0,1,2,2676,"l_last-29","hc_combine-29","node_4938"
510,90,MUL,0,5,7,2692,"hc_norm-30"," (reshaped)","blk.30.hc_attn_norm.weight"
510,95,UNARY,0,21,0,2869,"hc_gate-30","node_4946",""
510,106,SCALE,0,0,2,2885,"hc_mixed-30","node_4957",""
510,152,RMS_NORM,0,1,2,3876,"norm-30","attn_output-30",""
511,5,MUL_MAT,0,165,171,653,"linear_attn_out-30","blk.30.ssm_out.weight","final_output-30"
511,9,MUL_MAT,0,6,5,667,"hc_inject-30","blk.30.hc_attn_inject.weight","hc_norm-30"
511,15,ADD,0,1,2,682,"hc_combine-30","l_last-29","node_5020"
511,18,MUL,0,6,0,691,"hc_norm-30"," (reshaped)","blk.30.hc_ffn_norm.weight"
511,23,UNARY,0,21,1,872,"hc_gate-30","node_5028",""
511,34,SCALE,0,0,3,887,"ffn_moe_inp-30","node_5039",""
511,38,ARGSORT,0,18,0,1013,"ffn_moe_argsort-30","ffn_moe_probs-30",""
511,70,ADD,0,1,1,1858,"ffn_moe_out-30","node_5075","ffn_moe_weighted-30 (view)"
511,74,MUL_MAT,0,20,19,1982,"ffn_shexp-30","blk.30.ffn_down_shexp.weight","ffn_swiglu-30"
511,77,MUL,0,2,0,1989,"ffn_shexp_gated-30","ffn_shexp-30","shared_expert_gate_sigmoid-30"
511,78,ADD,0,1,16,2006,"ffn_out-30","ffn_moe_out-30","ffn_shexp_gated-30"
511,81,MUL_MAT,0,6,5,2019,"hc_inject-30","blk.30.hc_ffn_inject.weight","hc_norm-30"
511,87,ADD,0,2,2,2039,"l_last-30","hc_combine-30","node_5092"
511,90,MUL,0,6,0,2049,"hc_norm-31"," (reshaped)","blk.31.hc_attn_norm.weight"
511,95,UNARY,0,21,0,2229,"hc_gate-31","node_5100",""
511,106,SCALE,0,0,1,2245,"hc_mixed-31","node_5111",""
511,151,RMS_NORM,0,3,0,3114,"norm-31","indexer_k_pooled-31 (reshaped)",""
512,38,MUL_MAT,0,184,136,532,"attn_output-31","blk.31.attn_output.weight","attn_gated-31"
512,41,MUL_MAT,0,6,3,543,"hc_inject-31","blk.31.hc_attn_inject.weight","hc_norm-31"
512,47,ADD,0,1,1,557,"hc_combine-31","l_last-30","node_5207"
512,50,MUL,0,5,0,566,"hc_norm-31"," (reshaped)","blk.31.hc_ffn_norm.weight"
512,55,UNARY,0,21,0,728,"hc_gate-31","node_5215",""
512,66,SCALE,0,0,2,744,"ffn_moe_inp-31","node_5226",""
512,70,ARGSORT,0,16,0,864,"ffn_moe_argsort-31","ffn_moe_probs-31",""
512,102,ADD,0,0,1,1612,"ffn_moe_out-31","node_5262","ffn_moe_weighted-31 (view)"
512,106,MUL_MAT,0,15,22,1719,"ffn_shexp-31","blk.31.ffn_down_shexp.weight","ffn_swiglu-31"
512,109,MUL,0,1,1,1726,"ffn_shexp_gated-31","ffn_shexp-31","shared_expert_gate_sigmoid-31"
512,110,ADD,0,1,1,1728,"ffn_out-31","ffn_moe_out-31","ffn_shexp_gated-31"
512,113,MUL_MAT,0,5,4,1739,"hc_inject-31","blk.31.hc_ffn_inject.weight","hc_norm-31"
512,119,ADD,0,2,0,1750,"l_last-31","hc_combine-31","node_5279"
512,122,MUL,0,5,0,1760,"hc_norm-32"," (reshaped)","blk.32.hc_attn_norm.weight"
512,127,UNARY,0,40,1,1959,"hc_gate-32","node_5287",""
512,138,SCALE,0,0,2,1977,"hc_mixed-32","node_5298",""
512,184,RMS_NORM,0,1,0,3500,"norm-32","attn_output-32",""
513,5,MUL_MAT,0,318,13,642,"linear_attn_out-32","blk.32.ssm_out.weight","final_output-32"
513,9,MUL_MAT,0,10,1,658,"hc_inject-32","blk.32.hc_attn_inject.weight","hc_norm-32"
513,15,ADD,0,3,133,805,"hc_combine-32","l_last-31","node_5361"
513,18,MUL,0,10,4,826,"hc_norm-32"," (reshaped)","blk.32.hc_ffn_norm.weight"
513,23,UNARY,0,33,1,1023,"hc_gate-32","node_5369",""
513,34,SCALE,0,0,2,1042,"ffn_moe_inp-32","node_5380",""
513,38,ARGSORT,0,22,0,1190,"ffn_moe_argsort-32","ffn_moe_probs-32",""
513,70,ADD,0,2,0,1992,"ffn_moe_out-32","node_5416","ffn_moe_weighted-32 (view)"
513,74,MUL_MAT,0,39,11,2145,"ffn_shexp-32","blk.32.ffn_down_shexp.weight","ffn_swiglu-32"
513,77,MUL,0,3,1,2155,"ffn_shexp_gated-32","ffn_shexp-32","shared_expert_gate_sigmoid-32"
513,78,ADD,0,2,0,2157,"ffn_out-32","ffn_moe_out-32","ffn_shexp_gated-32"
513,81,MUL_MAT,0,8,2,2171,"hc_inject-32","blk.32.hc_ffn_inject.weight","hc_norm-32"
513,87,ADD,0,1,1,2194,"l_last-32","hc_combine-32","node_5433"
513,90,MUL,0,9,0,2207,"hc_norm-33"," (reshaped)","blk.33.hc_attn_norm.weight"
513,95,UNARY,0,34,0,2462,"hc_gate-33","node_5441",""
513,106,SCALE,0,0,2,2481,"hc_mixed-33","node_5452",""
513,152,RMS_NORM,0,1,0,3800,"norm-33","attn_output-33",""
514,5,MUL_MAT,0,318,3,631,"linear_attn_out-33","blk.33.ssm_out.weight","final_output-33"
514,9,MUL_MAT,0,17,2,655,"hc_inject-33","blk.33.hc_attn_inject.weight","hc_norm-33"
514,15,ADD,0,2,1,667,"hc_combine-33","l_last-32","node_5515"
514,18,MUL,0,9,1,681,"hc_norm-33"," (reshaped)","blk.33.hc_ffn_norm.weight"
514,23,UNARY,0,34,1,862,"hc_gate-33","node_5523",""
514,34,SCALE,0,0,2,879,"ffn_moe_inp-33","node_5534",""
514,38,ARGSORT,0,22,0,1006,"ffn_moe_argsort-33","ffn_moe_probs-33",""
514,70,ADD,0,1,1,1667,"ffn_moe_out-33","node_5570","ffn_moe_weighted-33 (view)"
514,74,MUL_MAT,0,37,1,1836,"ffn_shexp-33","blk.33.ffn_down_shexp.weight","ffn_swiglu-33"
514,77,MUL,0,3,1,1847,"ffn_shexp_gated-33","ffn_shexp-33","shared_expert_gate_sigmoid-33"
514,78,ADD,0,2,0,1849,"ffn_out-33","ffn_moe_out-33","ffn_shexp_gated-33"
514,81,MUL_MAT,0,8,3,1864,"hc_inject-33","blk.33.hc_ffn_inject.weight","hc_norm-33"
514,87,ADD,0,2,1,1876,"l_last-33","hc_combine-33","node_5587"
514,90,MUL,0,9,1,1890,"hc_norm-34"," (reshaped)","blk.34.hc_attn_norm.weight"
514,95,UNARY,0,35,0,2104,"hc_gate-34","node_5595",""
514,106,SCALE,0,0,2,2121,"hc_mixed-34","node_5606",""
514,152,RMS_NORM,0,0,0,3573,"norm-34","attn_output-34",""
515,5,MUL_MAT,0,325,0,643,"linear_attn_out-34","blk.34.ssm_out.weight","final_output-34"
515,9,MUL_MAT,0,9,3,661,"hc_inject-34","blk.34.hc_attn_inject.weight","hc_norm-34"
515,15,ADD,0,2,7,684,"hc_combine-34","l_last-33","node_5669"
515,18,MUL,0,8,1,698,"hc_norm-34"," (reshaped)","blk.34.hc_ffn_norm.weight"
515,23,UNARY,0,34,1,879,"hc_gate-34","node_5677",""
515,34,SCALE,0,0,2,897,"ffn_moe_inp-34","node_5688",""
515,38,ARGSORT,0,23,0,1034,"ffn_moe_argsort-34","ffn_moe_probs-34",""
515,70,ADD,0,1,1,1746,"ffn_moe_out-34","node_5724","ffn_moe_weighted-34 (view)"
515,74,MUL_MAT,0,29,8,1859,"ffn_shexp-34","blk.34.ffn_down_shexp.weight","ffn_swiglu-34"
515,77,MUL,0,2,0,1867,"ffn_shexp_gated-34","ffn_shexp-34","shared_expert_gate_sigmoid-34"
515,78,ADD,0,1,1,1869,"ffn_out-34","ffn_moe_out-34","ffn_shexp_gated-34"
515,81,MUL_MAT,0,5,3,1880,"hc_inject-34","blk.34.hc_ffn_inject.weight","hc_norm-34"
515,87,ADD,0,1,0,1890,"l_last-34","hc_combine-34","node_5741"
515,90,MUL,0,6,0,1900,"hc_norm-35"," (reshaped)","blk.35.hc_attn_norm.weight"
515,95,UNARY,0,31,0,2101,"hc_gate-35","node_5749",""
515,106,SCALE,0,0,2,2118,"hc_mixed-35","node_5760",""
515,151,RMS_NORM,0,4,0,2893,"norm-35","indexer_k_pooled-35 (reshaped)",""
516,38,MUL_MAT,0,280,54,581,"attn_output-35","blk.35.attn_output.weight","attn_gated-35"
516,41,MUL_MAT,0,10,2,601,"hc_inject-35","blk.35.hc_attn_inject.weight","hc_norm-35"
516,47,ADD,0,3,0,615,"hc_combine-35","l_last-34","node_5856"
516,50,MUL,0,7,0,625,"hc_norm-35"," (reshaped)","blk.35.hc_ffn_norm.weight"
516,55,UNARY,0,30,0,806,"hc_gate-35","node_5864",""
516,66,SCALE,0,1,0,821,"ffn_moe_inp-35","node_5875",""
516,70,ARGSORT,0,21,1,1044,"ffn_moe_argsort-35","ffn_moe_probs-35",""
516,102,ADD,0,1,1,2244,"ffn_moe_out-35","node_5911","ffn_moe_weighted-35 (view)"
516,106,MUL_MAT,0,28,6,2354,"ffn_shexp-35","blk.35.ffn_down_shexp.weight","ffn_swiglu-35"
516,109,MUL,0,2,0,2362,"ffn_shexp_gated-35","ffn_shexp-35","shared_expert_gate_sigmoid-35"
516,110,ADD,0,1,1,2364,"ffn_out-35","ffn_moe_out-35","ffn_shexp_gated-35"
516,113,MUL_MAT,0,7,0,2373,"hc_inject-35","blk.35.hc_ffn_inject.weight","hc_norm-35"
516,119,ADD,0,2,0,2394,"l_last-35","hc_combine-35","node_5928"
516,122,MUL,0,7,0,2404,"hc_norm-36"," (reshaped)","blk.36.hc_attn_norm.weight"
516,127,UNARY,0,30,1,2572,"hc_gate-36","node_5936",""
516,138,SCALE,0,0,2,2590,"hc_mixed-36","node_5947",""
516,184,RMS_NORM,0,1,2,3612,"norm-36","attn_output-36",""
517,5,MUL_MAT,0,252,71,635,"linear_attn_out-36","blk.36.ssm_out.weight","final_output-36"
517,9,MUL_MAT,0,8,0,729,"hc_inject-36","blk.36.hc_attn_inject.weight","hc_norm-36"
517,15,ADD,0,1,0,739,"hc_combine-36","l_last-35","node_6010"
517,18,MUL,0,7,0,749,"hc_norm-36"," (reshaped)","blk.36.hc_ffn_norm.weight"
517,23,UNARY,0,30,1,949,"hc_gate-36","node_6018",""
517,34,SCALE,0,0,1,970,"ffn_moe_inp-36","node_6029",""
517,38,ARGSORT,0,21,0,1096,"ffn_moe_argsort-36","ffn_moe_probs-36",""
517,70,ADD,0,1,1,1813,"ffn_moe_out-36","node_6065","ffn_moe_weighted-36 (view)"
517,74,MUL_MAT,0,39,13,1960,"ffn_shexp-36","blk.36.ffn_down_shexp.weight","ffn_swiglu-36"
517,77,MUL,0,2,0,1968,"ffn_shexp_gated-36","ffn_shexp-36","shared_expert_gate_sigmoid-36"
517,78,ADD,0,1,1,1970,"ffn_out-36","ffn_moe_out-36","ffn_shexp_gated-36"
517,81,MUL_MAT,0,9,1,1982,"hc_inject-36","blk.36.hc_ffn_inject.weight","hc_norm-36"
517,87,ADD,0,1,1,1992,"l_last-36","hc_combine-36","node_6082"
517,90,MUL,0,7,0,2002,"hc_norm-37"," (reshaped)","blk.37.hc_attn_norm.weight"
517,95,UNARY,0,31,0,2207,"hc_gate-37","node_6090",""
517,106,SCALE,0,0,1,2223,"hc_mixed-37","node_6101",""
517,152,RMS_NORM,0,0,5,3721,"norm-37","attn_output-37",""
518,5,MUL_MAT,0,309,4,628,"linear_attn_out-37","blk.37.ssm_out.weight","final_output-37"
518,9,MUL_MAT,0,12,0,645,"hc_inject-37","blk.37.hc_attn_inject.weight","hc_norm-37"
518,15,ADD,0,2,1,659,"hc_combine-37","l_last-36","node_6164"
518,18,MUL,0,8,1,672,"hc_norm-37"," (reshaped)","blk.37.hc_ffn_norm.weight"
518,23,UNARY,0,34,0,854,"hc_gate-37","node_6172",""
518,34,SCALE,0,0,2,876,"ffn_moe_inp-37","node_6183",""
518,38,ARGSORT,0,23,0,1008,"ffn_moe_argsort-37","ffn_moe_probs-37",""
518,70,ADD,0,2,0,2298,"ffn_moe_out-37","node_6219","ffn_moe_weighted-37 (view)"
518,74,MUL_MAT,0,38,3,2430,"ffn_shexp-37","blk.37.ffn_down_shexp.weight","ffn_swiglu-37"
518,77,MUL,0,3,0,2439,"ffn_shexp_gated-37","ffn_shexp-37","shared_expert_gate_sigmoid-37"
518,78,ADD,0,1,0,2441,"ffn_out-37","ffn_moe_out-37","ffn_shexp_gated-37"
518,81,MUL_MAT,0,12,0,2458,"hc_inject-37","blk.37.hc_ffn_inject.weight","hc_norm-37"
518,87,ADD,0,2,1,2681,"l_last-37","hc_combine-37","node_6236"
518,90,MUL,0,9,0,2695,"hc_norm-38"," (reshaped)","blk.38.hc_attn_norm.weight"
518,95,UNARY,0,49,1,2925,"hc_gate-38","node_6244",""
518,106,SCALE,0,0,1,2940,"hc_mixed-38","node_6255",""
518,152,RMS_NORM,0,0,2,4405,"norm-38","attn_output-38",""
519,5,MUL_MAT,0,330,22,670,"linear_attn_out-38","blk.38.ssm_out.weight","final_output-38"
519,9,MUL_MAT,0,8,8,693,"hc_inject-38","blk.38.hc_attn_inject.weight","hc_norm-38"
519,15,ADD,0,2,0,706,"hc_combine-38","l_last-37","node_6318"
519,18,MUL,0,9,0,720,"hc_norm-38"," (reshaped)","blk.38.hc_ffn_norm.weight"
519,23,UNARY,0,34,0,934,"hc_gate-38","node_6326",""
519,34,SCALE,0,1,1,953,"ffn_moe_inp-38","node_6337",""
519,38,ARGSORT,0,23,1,1081,"ffn_moe_argsort-38","ffn_moe_probs-38",""
519,70,ADD,0,2,0,1747,"ffn_moe_out-38","node_6373","ffn_moe_weighted-38 (view)"
519,74,MUL_MAT,0,35,1,1863,"ffn_shexp-38","blk.38.ffn_down_shexp.weight","ffn_swiglu-38"
519,77,MUL,0,3,0,1886,"ffn_shexp_gated-38","ffn_shexp-38","shared_expert_gate_sigmoid-38"
519,78,ADD,0,1,0,1888,"ffn_out-38","ffn_moe_out-38","ffn_shexp_gated-38"
519,81,MUL_MAT,0,17,1,1910,"hc_inject-38","blk.38.hc_ffn_inject.weight","hc_norm-38"
519,87,ADD,0,1,1,1924,"l_last-38","hc_combine-38","node_6390"
520,0,GET_ROWS,0,4,1,5,"model.input_embed","token_embd.weight","inp_tokens"
520,2,REPEAT,0,4,0,9,"hc_init","model.input_embed (reshaped)",""
520,5,MUL,0,6,5,26,"hc_norm-0"," (reshaped)","blk.0.hc_attn_norm.weight"
520,10,UNARY,0,26,0,197,"hc_gate-0","node_9",""
520,21,SCALE,0,0,2,213,"hc_mixed-0","node_20",""
520,69,RMS_NORM,0,1,1,1259,"norm-0","attn_output-0",""
521,5,MUL_MAT,0,171,162,657,"linear_attn_out-0","blk.0.ssm_out.weight","final_output-0"
521,9,MUL_MAT,0,7,2,669,"hc_inject-0","blk.0.hc_attn_inject.weight","hc_norm-0"
521,15,ADD,0,2,1,682,"hc_combine-0","hc_init","node_85"
521,18,MUL,0,5,1,692,"hc_norm-0"," (reshaped)","blk.0.hc_ffn_norm.weight"
521,23,UNARY,0,21,0,864,"hc_gate-0","node_93",""
521,34,SCALE,0,0,2,887,"ffn_moe_inp-0","node_104",""
521,38,ARGSORT,0,19,1,1014,"ffn_moe_argsort-0","ffn_moe_probs-0",""
521,70,ADD,0,1,1,1666,"ffn_moe_out-0","node_140","ffn_moe_weighted-0 (view)"
521,93,MUL_MAT,0,17,19,2518,"ffn_shexp-0","blk.0.ffn_down_shexp.weight","ffn_swiglu-0"
521,96,MUL,0,1,1,2527,"ffn_shexp_gated-0","ffn_shexp-0","shared_expert_gate_sigmoid-0"
521,97,ADD,0,1,0,2528,"ffn_out-0","ffn_moe_out-0","ffn_shexp_gated-0"
521,100,MUL_MAT,0,6,2,2539,"hc_inject-0","blk.0.hc_ffn_inject.weight","hc_norm-0"
521,106,ADD,0,1,1,2551,"l_last-0","hc_combine-0","node_176"
521,120,UNARY,0,1,1,2582,"ple_gate-1","node_190",""
521,121,MUL,0,2,2,2586,"ple_gated_value-1","node_154","ple_gate-1"
521,174,MUL,0,9,0,2988,"hc_norm-1"," (reshaped)","blk.1.hc_attn_norm.weight"
521,179,UNARY,0,33,1,3187,"hc_gate-1","node_249",""
521,190,SCALE,0,1,1,3205,"hc_mixed-1","node_260",""
521,236,RMS_NORM,0,1,1,4619,"norm-1","attn_output-1",""
522,5,MUL_MAT,0,285,36,634,"linear_attn_out-1","blk.1.ssm_out.weight","final_output-1"
522,9,MUL_MAT,0,8,1,648,"hc_inject-1","blk.1.hc_attn_inject.weight","hc_norm-1"
522,15,ADD,0,2,1,661,"hc_combine-1","node_242","node_323"
522,18,MUL,0,8,0,673,"hc_norm-1"," (reshaped)","blk.1.hc_ffn_norm.weight"
522,23,UNARY,0,34,0,864,"hc_gate-1","node_331",""
522,34,SCALE,0,0,2,883,"ffn_moe_inp-1","node_342",""
522,38,ARGSORT,0,22,1,1024,"ffn_moe_argsort-1","ffn_moe_probs-1",""
522,70,ADD,0,2,0,1682,"ffn_moe_out-1","node_378","ffn_moe_weighted-1 (view)"
522,74,MUL_MAT,0,33,8,1797,"ffn_shexp-1","blk.1.ffn_down_shexp.weight","ffn_swiglu-1"
522,77,MUL,0,3,1,1806,"ffn_shexp_gated-1","ffn_shexp-1","shared_expert_gate_sigmoid-1"
522,78,ADD,0,2,0,1808,"ffn_out-1","ffn_moe_out-1","ffn_shexp_gated-1"
522,81,MUL_MAT,0,7,1,1820,"hc_inject-1","blk.1.hc_ffn_inject.weight","hc_norm-1"
522,87,ADD,0,1,1,1833,"l_last-1","hc_combine-1","node_395"
522,90,MUL,0,8,0,1845,"hc_norm-2"," (reshaped)","blk.2.hc_attn_norm.weight"
522,95,UNARY,0,34,1,2033,"hc_gate-2","node_403",""
522,106,SCALE,0,0,1,2048,"hc_mixed-2","node_414",""
522,152,RMS_NORM,0,0,1,3459,"norm-2","attn_output-2",""
523,5,MUL_MAT,0,355,47,757,"linear_attn_out-2","blk.2.ssm_out.weight","final_output-2"
523,9,MUL_MAT,0,34,0,822,"hc_inject-2","blk.2.hc_attn_inject.weight","hc_norm-2"
523,15,ADD,0,2,6,853,"hc_combine-2","l_last-1","node_477"
523,18,MUL,0,9,0,866,"hc_norm-2"," (reshaped)","blk.2.hc_ffn_norm.weight"
523,23,UNARY,0,34,2,1349,"hc_gate-2","node_485",""
523,34,SCALE,0,0,3,1373,"ffn_moe_inp-2","node_496",""
523,38,ARGSORT,0,21,1,1502,"ffn_moe_argsort-2","ffn_moe_probs-2",""
523,70,ADD,0,1,0,2356,"ffn_moe_out-2","node_532","ffn_moe_weighted-2 (view)"
523,74,MUL_MAT,0,34,1,2464,"ffn_shexp-2","blk.2.ffn_down_shexp.weight","ffn_swiglu-2"
523,77,MUL,0,3,0,2473,"ffn_shexp_gated-2","ffn_shexp-2","shared_expert_gate_sigmoid-2"
523,78,ADD,0,1,0,2475,"ffn_out-2","ffn_moe_out-2","ffn_shexp_gated-2"
523,81,MUL_MAT,0,7,1,2488,"hc_inject-2","blk.2.hc_ffn_inject.weight","hc_norm-2"
523,87,ADD,0,2,1,2501,"l_last-2","hc_combine-2","node_549"
523,90,MUL,0,8,0,2513,"hc_norm-3"," (reshaped)","blk.3.hc_attn_norm.weight"
523,95,UNARY,0,34,1,2714,"hc_gate-3","node_557",""
523,106,SCALE,0,1,1,2737,"hc_mixed-3","node_568",""
523,151,RMS_NORM,0,9,0,3475,"norm-3","indexer_k_pooled-3 (reshaped)",""
524,38,MUL_MAT,0,313,1,545,"attn_output-3","blk.3.attn_output.weight","attn_gated-3"
524,41,MUL_MAT,0,7,1,558,"hc_inject-3","blk.3.hc_attn_inject.weight","hc_norm-3"
524,47,ADD,0,1,1,570,"hc_combine-3","l_last-2","node_664"
524,50,MUL,0,8,1,583,"hc_norm-3"," (reshaped)","blk.3.hc_ffn_norm.weight"
524,55,UNARY,0,49,0,855,"hc_gate-3","node_672",""
524,66,SCALE,0,1,1,873,"ffn_moe_inp-3","node_683",""
524,70,ARGSORT,0,21,1,1008,"ffn_moe_argsort-3","ffn_moe_probs-3",""
524,102,ADD,0,2,0,2120,"ffn_moe_out-3","node_719","ffn_moe_weighted-3 (view)"
524,106,MUL_MAT,0,35,0,2268,"ffn_shexp-3","blk.3.ffn_down_shexp.weight","ffn_swiglu-3"
524,109,MUL,0,3,1,2284,"ffn_shexp_gated-3","ffn_shexp-3","shared_expert_gate_sigmoid-3"
524,110,ADD,0,1,1,2286,"ffn_out-3","ffn_moe_out-3","ffn_shexp_gated-3"
524,113,MUL_MAT,0,8,1,2298,"hc_inject-3","blk.3.hc_ffn_inject.weight","hc_norm-3"
524,119,ADD,0,1,1,2308,"l_last-3","hc_combine-3","node_736"
524,122,MUL,0,8,0,2320,"hc_norm-4"," (reshaped)","blk.4.hc_attn_norm.weight"
524,127,UNARY,0,34,0,2493,"hc_gate-4","node_744",""
524,138,SCALE,0,0,1,2522,"hc_mixed-4","node_755",""
524,184,RMS_NORM,0,1,1,3764,"norm-4","attn_output-4",""
525,5,MUL_MAT,0,310,4,617,"linear_attn_out-4","blk.4.ssm_out.weight","final_output-4"
525,9,MUL_MAT,0,7,0,631,"hc_inject-4","blk.4.hc_attn_inject.weight","hc_norm-4"
525,15,ADD,0,2,0,643,"hc_combine-4","l_last-3","node_818"
525,18,MUL,0,9,0,664,"hc_norm-4"," (reshaped)","blk.4.hc_ffn_norm.weight"
525,23,UNARY,0,34,1,839,"hc_gate-4","node_826",""
525,34,SCALE,0,0,1,980,"ffn_moe_inp-4","node_837",""
525,38,ARGSORT,0,23,0,1123,"ffn_moe_argsort-4","ffn_moe_probs-4",""
525,70,ADD,0,2,1,1944,"ffn_moe_out-4","node_873","ffn_moe_weighted-4 (view)"
525,74,MUL_MAT,0,38,7,2085,"ffn_shexp-4","blk.4.ffn_down_shexp.weight","ffn_swiglu-4"
525,77,MUL,0,3,1,2103,"ffn_shexp_gated-4","ffn_shexp-4","shared_expert_gate_sigmoid-4"
525,78,ADD,0,2,0,2105,"ffn_out-4","ffn_moe_out-4","ffn_shexp_gated-4"
525,81,MUL_MAT,0,10,2,2121,"hc_inject-4","blk.4.hc_ffn_inject.weight","hc_norm-4"
525,87,ADD,0,2,1,2164,"l_last-4","hc_combine-4","node_890"
525,90,MUL,0,9,0,2178,"hc_norm-5"," (reshaped)","blk.5.hc_attn_norm.weight"
525,95,UNARY,0,34,1,2379,"hc_gate-5","node_898",""
525,106,SCALE,0,0,2,2403,"hc_mixed-5","node_909",""
525,152,RMS_NORM,0,0,2,3510,"norm-5","attn_output-5",""
526,5,MUL_MAT,0,266,66,650,"linear_attn_out-5","blk.5.ssm_out.weight","final_output-5"
526,9,MUL_MAT,0,8,3,664,"hc_inject-5","blk.5.hc_attn_inject.weight","hc_norm-5"
526,15,ADD,0,1,11,686,"hc_combine-5","l_last-4","node_972"
526,18,MUL,0,7,0,698,"hc_norm-5"," (reshaped)","blk.5.hc_ffn_norm.weight"
526,23,UNARY,0,31,0,883,"hc_gate-5","node_980",""
526,34,SCALE,0,0,8,905,"ffn_moe_inp-5","node_991",""
526,38,ARGSORT,0,22,0,1029,"ffn_moe_argsort-5","ffn_moe_probs-5",""
526,70,ADD,0,1,0,2065,"ffn_moe_out-5","node_1027","ffn_moe_weighted-5 (view)"
526,74,MUL_MAT,0,30,8,2176,"ffn_shexp-5","blk.5.ffn_down_shexp.weight","ffn_swiglu-5"
526,77,MUL,0,2,0,2184,"ffn_shexp_gated-5","ffn_shexp-5","shared_expert_gate_sigmoid-5"
526,78,ADD,0,1,0,2186,"ffn_out-5","ffn_moe_out-5","ffn_shexp_gated-5"
526,81,MUL_MAT,0,6,4,2199,"hc_inject-5","blk.5.hc_ffn_inject.weight","hc_norm-5"
526,87,ADD,0,2,0,2209,"l_last-5","hc_combine-5","node_1044"
526,90,MUL,0,7,0,2228,"hc_norm-6"," (reshaped)","blk.6.hc_attn_norm.weight"
526,95,UNARY,0,31,0,2501,"hc_gate-6","node_1052",""
526,106,SCALE,0,0,1,2518,"hc_mixed-6","node_1063",""
526,152,RMS_NORM,0,1,2,3682,"norm-6","attn_output-6",""
527,5,MUL_MAT,0,251,82,661,"linear_attn_out-6","blk.6.ssm_out.weight","final_output-6"
527,9,MUL_MAT,0,7,1,673,"hc_inject-6","blk.6.hc_attn_inject.weight","hc_norm-6"
527,15,ADD,0,2,1,687,"hc_combine-6","l_last-5","node_1126"
527,18,MUL,0,6,0,698,"hc_norm-6"," (reshaped)","blk.6.hc_ffn_norm.weight"
527,23,UNARY,0,31,1,883,"hc_gate-6","node_1134",""
527,34,SCALE,0,1,1,898,"ffn_moe_inp-6","node_1145",""
527,38,ARGSORT,0,21,0,1025,"ffn_moe_argsort-6","ffn_moe_probs-6",""
527,70,ADD,0,1,0,1657,"ffn_moe_out-6","node_1181","ffn_moe_weighted-6 (view)"
527,74,MUL_MAT,0,28,9,1777,"ffn_shexp-6","blk.6.ffn_down_shexp.weight","ffn_swiglu-6"
527,77,MUL,0,2,0,1785,"ffn_shexp_gated-6","ffn_shexp-6","shared_expert_gate_sigmoid-6"
527,78,ADD,0,1,1,1787,"ffn_out-6","ffn_moe_out-6","ffn_shexp_gated-6"
527,81,MUL_MAT,0,15,2,1806,"hc_inject-6","blk.6.hc_ffn_inject.weight","hc_norm-6"
527,87,ADD,0,2,0,1818,"l_last-6","hc_combine-6","node_1198"
527,90,MUL,0,6,0,1828,"hc_norm-7"," (reshaped)","blk.7.hc_attn_norm.weight"
527,95,UNARY,0,31,0,2021,"hc_gate-7","node_1206",""
527,106,SCALE,0,1,1,2045,"hc_mixed-7","node_1217",""
527,151,RMS_NORM,0,4,1,2808,"norm-7","indexer_k_pooled-7 (reshaped)",""
528,38,MUL_MAT,0,268,66,550,"attn_output-7","blk.7.attn_output.weight","attn_gated-7"
528,41,MUL_MAT,0,8,3,565,"hc_inject-7","blk.7.hc_attn_inject.weight","hc_norm-7"
528,47,ADD,0,2,1,578,"hc_combine-7","l_last-6","node_1313"
528,50,MUL,0,7,1,589,"hc_norm-7"," (reshaped)","blk.7.hc_ffn_norm.weight"
528,55,UNARY,0,30,1,776,"hc_gate-7","node_1321",""
528,66,SCALE,0,0,1,819,"ffn_moe_inp-7","node_1332",""
528,70,ARGSORT,0,20,0,939,"ffn_moe_argsort-7","ffn_moe_probs-7",""
528,102,ADD,0,1,1,1576,"ffn_moe_out-7","node_1368","ffn_moe_weighted-7 (view)"
528,106,MUL_MAT,0,36,0,1681,"ffn_shexp-7","blk.7.ffn_down_shexp.weight","ffn_swiglu-7"
528,109,MUL,0,2,88,1777,"ffn_shexp_gated-7","ffn_shexp-7","shared_expert_gate_sigmoid-7"
528,110,ADD,0,1,0,1779,"ffn_out-7","ffn_moe_out-7","ffn_shexp_gated-7"
528,113,MUL_MAT,0,6,12,1799,"hc_inject-7","blk.7.hc_ffn_inject.weight","hc_norm-7"
528,119,ADD,0,1,1,1810,"l_last-7","hc_combine-7","node_1385"
528,122,MUL,0,6,0,1820,"hc_norm-8"," (reshaped)","blk.8.hc_attn_norm.weight"
528,127,UNARY,0,31,0,1988,"hc_gate-8","node_1393",""
528,138,SCALE,0,0,1,2003,"hc_mixed-8","node_1404",""
528,184,RMS_NORM,0,0,2,3019,"norm-8","attn_output-8",""
529,5,MUL_MAT,0,278,71,680,"linear_attn_out-8","blk.8.ssm_out.weight","final_output-8"
529,9,MUL_MAT,0,8,2,694,"hc_inject-8","blk.8.hc_attn_inject.weight","hc_norm-8"
529,15,ADD,0,2,7,714,"hc_combine-8","l_last-7","node_1467"
529,18,MUL,0,6,1,725,"hc_norm-8"," (reshaped)","blk.8.hc_ffn_norm.weight"
529,23,UNARY,0,31,0,932,"hc_gate-8","node_1475",""
529,34,SCALE,0,0,6,959,"ffn_moe_inp-8","node_1486",""
529,38,ARGSORT,0,21,0,1130,"ffn_moe_argsort-8","ffn_moe_probs-8",""
529,70,ADD,0,1,1,1847,"ffn_moe_out-8","node_1522","ffn_moe_weighted-8 (view)"
529,74,MUL_MAT,0,31,5,1974,"ffn_shexp-8","blk.8.ffn_down_shexp.weight","ffn_swiglu-8"
529,77,MUL,0,2,1,1983,"ffn_shexp_gated-8","ffn_shexp-8","shared_expert_gate_sigmoid-8"
529,78,ADD,0,1,0,1984,"ffn_out-8","ffn_moe_out-8","ffn_shexp_gated-8"
529,81,MUL_MAT,0,6,6,1998,"hc_inject-8","blk.8.hc_ffn_inject.weight","hc_norm-8"
529,87,ADD,0,1,1,2011,"l_last-8","hc_combine-8","node_1539"
529,90,MUL,0,6,0,2021,"hc_norm-9"," (reshaped)","blk.9.hc_attn_norm.weight"
529,95,UNARY,0,30,1,2200,"hc_gate-9","node_1547",""
529,106,SCALE,0,0,1,2216,"hc_mixed-9","node_1558",""
529,152,RMS_NORM,0,1,2,3252,"norm-9","attn_output-9",""
530,5,MUL_MAT,0,251,74,648,"linear_attn_out-9","blk.9.ssm_out.weight","final_output-9"
530,9,MUL_MAT,0,16,6,674,"hc_inject-9","blk.9.hc_attn_inject.weight","hc_norm-9"
530,15,ADD,0,2,3,698,"hc_combine-9","l_last-8","node_1621"
530,18,MUL,0,6,3,711,"hc_norm-9"," (reshaped)","blk.9.hc_ffn_norm.weight"
530,23,UNARY,0,31,1,891,"hc_gate-9","node_1629",""
530,34,SCALE,0,0,1,907,"ffn_moe_inp-9","node_1640",""
530,38,ARGSORT,0,20,0,1029,"ffn_moe_argsort-9","ffn_moe_probs-9",""
530,70,ADD,0,1,7,1868,"ffn_moe_out-9","node_1676","ffn_moe_weighted-9 (view)"
530,74,MUL_MAT,0,31,11,2009,"ffn_shexp-9","blk.9.ffn_down_shexp.weight","ffn_swiglu-9"
530,77,MUL,0,2,0,2017,"ffn_shexp_gated-9","ffn_shexp-9","shared_expert_gate_sigmoid-9"
530,78,ADD,0,1,1,2019,"ffn_out-9","ffn_moe_out-9","ffn_shexp_gated-9"
530,81,MUL_MAT,0,6,6,2034,"hc_inject-9","blk.9.hc_ffn_inject.weight","hc_norm-9"
530,87,ADD,0,1,1,2048,"l_last-9","hc_combine-9","node_1693"
530,90,MUL,0,7,0,2059,"hc_norm-10"," (reshaped)","blk.10.hc_attn_norm.weight"
530,95,UNARY,0,31,0,2247,"hc_gate-10","node_1701",""
530,106,SCALE,0,1,2,2266,"hc_mixed-10","node_1712",""
530,152,RMS_NORM,0,0,2,3383,"norm-10","attn_output-10",""
531,5,MUL_MAT,0,174,148,623,"linear_attn_out-10","blk.10.ssm_out.weight","final_output-10"
531,9,MUL_MAT,0,6,6,638,"hc_inject-10","blk.10.hc_attn_inject.weight","hc_norm-10"
531,15,ADD,0,2,1,652,"hc_combine-10","l_last-9","node_1775"
531,18,MUL,0,5,1,661,"hc_norm-10"," (reshaped)","blk.10.hc_ffn_norm.weight"
531,23,UNARY,0,21,0,834,"hc_gate-10","node_1783",""
531,34,SCALE,0,0,2,851,"ffn_moe_inp-10","node_1794",""
531,38,ARGSORT,0,16,0,975,"ffn_moe_argsort-10","ffn_moe_probs-10",""
531,70,ADD,0,1,0,1626,"ffn_moe_out-10","node_1830","ffn_moe_weighted-10 (view)"
531,74,MUL_MAT,0,17,21,1747,"ffn_shexp-10","blk.10.ffn_down_shexp.weight","ffn_swiglu-10"
531,77,MUL,0,1,1,1755,"ffn_shexp_gated-10","ffn_shexp-10","shared_expert_gate_sigmoid-10"
531,78,ADD,0,1,0,1756,"ffn_out-10","ffn_moe_out-10","ffn_shexp_gated-10"
531,81,MUL_MAT,0,5,6,1769,"hc_inject-10","blk.10.hc_ffn_inject.weight","hc_norm-10"
531,87,ADD,0,1,1,1782,"l_last-10","hc_combine-10","node_1847"
531,90,MUL,0,5,1,1792,"hc_norm-11"," (reshaped)","blk.11.hc_attn_norm.weight"
531,95,UNARY,0,21,0,1970,"hc_gate-11","node_1855",""
531,106,SCALE,0,0,5,1990,"hc_mixed-11","node_1866",""
531,151,RMS_NORM,0,4,1,2774,"norm-11","indexer_k_pooled-11 (reshaped)",""
532,38,MUL_MAT,0,174,145,520,"attn_output-11","blk.11.attn_output.weight","attn_gated-11"
532,41,MUL_MAT,0,6,5,534,"hc_inject-11","blk.11.hc_attn_inject.weight","hc_norm-11"
532,47,ADD,0,2,1,553,"hc_combine-11","l_last-10","node_1962"
532,50,MUL,0,6,0,563,"hc_norm-11"," (reshaped)","blk.11.hc_ffn_norm.weight"
532,55,UNARY,0,21,0,789,"hc_gate-11","node_1970",""
532,66,SCALE,0,0,1,804,"ffn_moe_inp-11","node_1981",""
532,70,ARGSORT,0,17,0,946,"ffn_moe_argsort-11","ffn_moe_probs-11",""
532,102,ADD,0,1,4,1555,"ffn_moe_out-11","node_2017","ffn_moe_weighted-11 (view)"
532,106,MUL_MAT,0,20,13,1660,"ffn_shexp-11","blk.11.ffn_down_shexp.weight","ffn_swiglu-11"
532,109,MUL,0,2,9,1689,"ffn_shexp_gated-11","ffn_shexp-11","shared_expert_gate_sigmoid-11"
532,110,ADD,0,1,6,1696,"ffn_out-11","ffn_moe_out-11","ffn_shexp_gated-11"
532,113,MUL_MAT,0,13,6,1718,"hc_inject-11","blk.11.hc_ffn_inject.weight","hc_norm-11"
532,119,ADD,0,1,1,1730,"l_last-11","hc_combine-11","node_2034"
532,122,MUL,0,8,2,1836,"hc_norm-12"," (reshaped)","blk.12.hc_attn_norm.weight"
532,127,UNARY,0,31,0,2030,"hc_gate-12","node_2042",""
532,138,SCALE,0,0,1,2046,"hc_mixed-12","node_2053",""
532,184,RMS_NORM,0,0,2,3090,"norm-12","attn_output-12",""
533,5,MUL_MAT,0,276,48,654,"linear_attn_out-12","blk.12.ssm_out.weight","final_output-12"
533,9,MUL_MAT,0,9,1,727,"hc_inject-12","blk.12.hc_attn_inject.weight","hc_norm-12"
533,15,ADD,0,2,1,740,"hc_combine-12","l_last-11","node_2116"
533,18,MUL,0,6,1,751,"hc_norm-12"," (reshaped)","blk.12.hc_ffn_norm.weight"
533,23,UNARY,0,31,0,937,"hc_gate-12","node_2124",""
533,34,SCALE,0,0,1,951,"ffn_moe_inp-12","node_2135",""
533,38,ARGSORT,0,20,0,1076,"ffn_moe_argsort-12","ffn_moe_probs-12",""
533,70,ADD,0,1,1,1774,"ffn_moe_out-12","node_2171","ffn_moe_weighted-12 (view)"
533,74,MUL_MAT,0,32,7,1899,"ffn_shexp-12","blk.12.ffn_down_shexp.weight","ffn_swiglu-12"
533,77,MUL,0,2,0,1907,"ffn_shexp_gated-12","ffn_shexp-12","shared_expert_gate_sigmoid-12"
533,78,ADD,0,1,1,1909,"ffn_out-12","ffn_moe_out-12","ffn_shexp_gated-12"
533,81,MUL_MAT,0,8,1,1920,"hc_inject-12","blk.12.hc_ffn_inject.weight","hc_norm-12"
533,87,ADD,0,1,1,1932,"l_last-12","hc_combine-12","node_2188"
533,90,MUL,0,7,0,1943,"hc_norm-13"," (reshaped)","blk.13.hc_attn_norm.weight"
533,95,UNARY,0,35,0,2155,"hc_gate-13","node_2196",""
533,106,SCALE,0,1,23,2202,"hc_mixed-13","node_2207",""
533,152,RMS_NORM,0,0,2,3473,"norm-13","attn_output-13",""
534,5,MUL_MAT,0,273,52,648,"linear_attn_out-13","blk.13.ssm_out.weight","final_output-13"
534,9,MUL_MAT,0,7,1,670,"hc_inject-13","blk.13.hc_attn_inject.weight","hc_norm-13"
534,15,ADD,0,3,0,683,"hc_combine-13","l_last-12","node_2270"
534,18,MUL,0,7,0,694,"hc_norm-13"," (reshaped)","blk.13.hc_ffn_norm.weight"
534,23,UNARY,0,30,0,864,"hc_gate-13","node_2278",""
534,34,SCALE,0,0,1,880,"ffn_moe_inp-13","node_2289",""
534,38,ARGSORT,0,19,0,1002,"ffn_moe_argsort-13","ffn_moe_probs-13",""
534,70,ADD,0,1,1,1706,"ffn_moe_out-13","node_2325","ffn_moe_weighted-13 (view)"
534,74,MUL_MAT,0,31,7,1824,"ffn_shexp-13","blk.13.ffn_down_shexp.weight","ffn_swiglu-13"
534,77,MUL,0,1,1,1832,"ffn_shexp_gated-13","ffn_shexp-13","shared_expert_gate_sigmoid-13"
534,78,ADD,0,1,0,1833,"ffn_out-13","ffn_moe_out-13","ffn_shexp_gated-13"
534,81,MUL_MAT,0,8,3,1846,"hc_inject-13","blk.13.hc_ffn_inject.weight","hc_norm-13"
534,87,ADD,0,2,0,1857,"l_last-13","hc_combine-13","node_2342"
534,90,MUL,0,6,0,1867,"hc_norm-14"," (reshaped)","blk.14.hc_attn_norm.weight"
534,95,UNARY,0,30,0,2069,"hc_gate-14","node_2350",""
534,106,SCALE,0,0,2,2091,"hc_mixed-14","node_2361",""
534,152,RMS_NORM,0,0,2,3189,"norm-14","attn_output-14",""
535,5,MUL_MAT,0,271,50,632,"linear_attn_out-14","blk.14.ssm_out.weight","final_output-14"
535,9,MUL_MAT,0,8,2,646,"hc_inject-14","blk.14.hc_attn_inject.weight","hc_norm-14"
535,15,ADD,0,2,1,659,"hc_combine-14","l_last-13","node_2424"
535,18,MUL,0,7,0,672,"hc_norm-14"," (reshaped)","blk.14.hc_ffn_norm.weight"
535,23,UNARY,0,35,0,860,"hc_gate-14","node_2432",""
535,34,SCALE,0,1,1,876,"ffn_moe_inp-14","node_2443",""
535,38,ARGSORT,0,19,0,998,"ffn_moe_argsort-14","ffn_moe_probs-14",""
535,70,ADD,0,1,0,1629,"ffn_moe_out-14","node_2479","ffn_moe_weighted-14 (view)"
535,74,MUL_MAT,0,29,7,1743,"ffn_shexp-14","blk.14.ffn_down_shexp.weight","ffn_swiglu-14"
535,77,MUL,0,2,0,1760,"ffn_shexp_gated-14","ffn_shexp-14","shared_expert_gate_sigmoid-14"
535,78,ADD,0,2,0,1762,"ffn_out-14","ffn_moe_out-14","ffn_shexp_gated-14"
535,81,MUL_MAT,0,7,2,1774,"hc_inject-14","blk.14.hc_ffn_inject.weight","hc_norm-14"
535,87,ADD,0,2,1,1786,"l_last-14","hc_combine-14","node_2496"
535,90,MUL,0,7,1,1798,"hc_norm-15"," (reshaped)","blk.15.hc_attn_norm.weight"
535,95,UNARY,0,31,0,1977,"hc_gate-15","node_2504",""
535,106,SCALE,0,0,1,1993,"hc_mixed-15","node_2515",""
535,151,RMS_NORM,0,4,2,2785,"norm-15","indexer_k_pooled-15 (reshaped)",""
536,38,MUL_MAT,0,256,72,555,"attn_output-15","blk.15.attn_output.weight","attn_gated-15"
536,41,MUL_MAT,0,19,3,580,"hc_inject-15","blk.15.hc_attn_inject.weight","hc_norm-15"
536,47,ADD,0,2,0,595,"hc_combine-15","l_last-14","node_2611"
536,50,MUL,0,6,0,617,"hc_norm-15"," (reshaped)","blk.15.hc_ffn_norm.weight"
536,55,UNARY,0,30,0,797,"hc_gate-15","node_2619",""
536,66,SCALE,0,1,1,812,"ffn_moe_inp-15","node_2630",""
536,70,ARGSORT,0,20,0,937,"ffn_moe_argsort-15","ffn_moe_probs-15",""
536,102,ADD,0,1,1,2171,"ffn_moe_out-15","node_2666","ffn_moe_weighted-15 (view)"
536,106,MUL_MAT,0,27,13,2286,"ffn_shexp-15","blk.15.ffn_down_shexp.weight","ffn_swiglu-15"
536,109,MUL,0,1,1,2293,"ffn_shexp_gated-15","ffn_shexp-15","shared_expert_gate_sigmoid-15"
536,110,ADD,0,1,1,2295,"ffn_out-15","ffn_moe_out-15","ffn_shexp_gated-15"
536,113,MUL_MAT,0,6,2,2306,"hc_inject-15","blk.15.hc_ffn_inject.weight","hc_norm-15"
536,119,ADD,0,1,1,2335,"l_last-15","hc_combine-15","node_2683"
536,122,MUL,0,7,0,2344,"hc_norm-16"," (reshaped)","blk.16.hc_attn_norm.weight"
536,127,UNARY,0,30,1,2525,"hc_gate-16","node_2691",""
536,138,SCALE,0,0,8,2547,"hc_mixed-16","node_2702",""
536,184,RMS_NORM,0,1,2,3612,"norm-16","attn_output-16",""
537,5,MUL_MAT,0,252,78,638,"linear_attn_out-16","blk.16.ssm_out.weight","final_output-16"
537,9,MUL_MAT,0,13,3,657,"hc_inject-16","blk.16.hc_attn_inject.weight","hc_norm-16"
537,15,ADD,0,8,5,700,"hc_combine-16","l_last-15","node_2765"
537,18,MUL,0,7,0,710,"hc_norm-16"," (reshaped)","blk.16.hc_ffn_norm.weight"
537,23,UNARY,0,31,0,909,"hc_gate-16","node_2773",""
537,34,SCALE,0,0,2,926,"ffn_moe_inp-16","node_2784",""
537,38,ARGSORT,0,20,0,1057,"ffn_moe_argsort-16","ffn_moe_probs-16",""
537,70,ADD,0,1,1,2384,"ffn_moe_out-16","node_2820","ffn_moe_weighted-16 (view)"
537,74,MUL_MAT,0,27,9,2494,"ffn_shexp-16","blk.16.ffn_down_shexp.weight","ffn_swiglu-16"
537,77,MUL,0,2,1,2529,"ffn_shexp_gated-16","ffn_shexp-16","shared_expert_gate_sigmoid-16"
537,78,ADD,0,1,8,2538,"ffn_out-16","ffn_moe_out-16","ffn_shexp_gated-16"
537,81,MUL_MAT,0,6,1,2548,"hc_inject-16","blk.16.hc_ffn_inject.weight","hc_norm-16"
537,87,ADD,0,2,1,2560,"l_last-16","hc_combine-16","node_2837"
537,90,MUL,0,7,0,2569,"hc_norm-17"," (reshaped)","blk.17.hc_attn_norm.weight"
537,95,UNARY,0,31,0,2814,"hc_gate-17","node_2845",""
537,106,SCALE,0,0,2,2836,"hc_mixed-17","node_2856",""
537,152,RMS_NORM,0,0,1,3879,"norm-17","attn_output-17",""
538,5,MUL_MAT,0,268,62,645,"linear_attn_out-17","blk.17.ssm_out.weight","final_output-17"
538,9,MUL_MAT,0,7,1,656,"hc_inject-17","blk.17.hc_attn_inject.weight","hc_norm-17"
538,15,ADD,0,1,1,671,"hc_combine-17","l_last-16","node_2919"
538,18,MUL,0,6,0,679,"hc_norm-17"," (reshaped)","blk.17.hc_ffn_norm.weight"
538,23,UNARY,0,32,0,862,"hc_gate-17","node_2927",""
538,34,SCALE,0,0,2,878,"ffn_moe_inp-17","node_2938",""
538,38,ARGSORT,0,20,0,1001,"ffn_moe_argsort-17","ffn_moe_probs-17",""
538,70,ADD,0,1,0,1676,"ffn_moe_out-17","node_2974","ffn_moe_weighted-17 (view)"
538,74,MUL_MAT,0,32,21,1817,"ffn_shexp-17","blk.17.ffn_down_shexp.weight","ffn_swiglu-17"
538,77,MUL,0,2,6,1857,"ffn_shexp_gated-17","ffn_shexp-17","shared_expert_gate_sigmoid-17"
538,78,ADD,0,1,0,1859,"ffn_out-17","ffn_moe_out-17","ffn_shexp_gated-17"
538,81,MUL_MAT,0,7,1,1870,"hc_inject-17","blk.17.hc_ffn_inject.weight","hc_norm-17"
538,87,ADD,0,1,1,1881,"l_last-17","hc_combine-17","node_2991"
538,90,MUL,0,6,1,1891,"hc_norm-18"," (reshaped)","blk.18.hc_attn_norm.weight"
538,95,UNARY,0,31,0,2105,"hc_gate-18","node_2999",""
538,106,SCALE,0,1,1,2143,"hc_mixed-18","node_3010",""
538,152,RMS_NORM,0,1,2,3276,"norm-18","attn_output-18",""
539,5,MUL_MAT,0,261,66,648,"linear_attn_out-18","blk.18.ssm_out.weight","final_output-18"
539,9,MUL_MAT,0,9,0,660,"hc_inject-18","blk.18.hc_attn_inject.weight","hc_norm-18"
539,15,ADD,0,1,1,673,"hc_combine-18","l_last-17","node_3073"
539,18,MUL,0,6,1,683,"hc_norm-18"," (reshaped)","blk.18.hc_ffn_norm.weight"
539,23,UNARY,0,30,0,867,"hc_gate-18","node_3081",""
539,34,SCALE,0,0,2,890,"ffn_moe_inp-18","node_3092",""
539,38,ARGSORT,0,19,0,1026,"ffn_moe_argsort-18","ffn_moe_probs-18",""
539,70,ADD,0,1,1,1665,"ffn_moe_out-18","node_3128","ffn_moe_weighted-18 (view)"
539,74,MUL_MAT,0,30,7,1782,"ffn_shexp-18","blk.18.ffn_down_shexp.weight","ffn_swiglu-18"
539,77,MUL,0,1,1,1790,"ffn_shexp_gated-18","ffn_shexp-18","shared_expert_gate_sigmoid-18"
539,78,ADD,0,1,0,1791,"ffn_out-18","ffn_moe_out-18","ffn_shexp_gated-18"
539,81,MUL_MAT,0,6,2,1802,"hc_inject-18","blk.18.hc_ffn_inject.weight","hc_norm-18"
539,87,ADD,0,2,0,1814,"l_last-18","hc_combine-18","node_3145"
539,90,MUL,0,17,0,1842,"hc_norm-19"," (reshaped)","blk.19.hc_attn_norm.weight"
539,95,UNARY,0,31,0,2026,"hc_gate-19","node_3153",""
539,106,SCALE,0,0,1,2050,"hc_mixed-19","node_3164",""
539,151,RMS_NORM,0,4,0,2808,"norm-19","indexer_k_pooled-19 (reshaped)",""
540,38,MUL_MAT,0,250,78,549,"attn_output-19","blk.19.attn_output.weight","attn_gated-19"
540,41,MUL_MAT,0,8,4,576,"hc_inject-19","blk.19.hc_attn_inject.weight","hc_norm-19"
540,47,ADD,0,1,3,590,"hc_combine-19","l_last-18","node_3260"
540,50,MUL,0,7,3,604,"hc_norm-19"," (reshaped)","blk.19.hc_ffn_norm.weight"
540,55,UNARY,0,31,0,793,"hc_gate-19","node_3268",""
540,66,SCALE,0,0,1,821,"ffn_moe_inp-19","node_3279",""
540,70,ARGSORT,0,19,1,945,"ffn_moe_argsort-19","ffn_moe_probs-19",""
540,102,ADD,0,1,1,1721,"ffn_moe_out-19","node_3315","ffn_moe_weighted-19 (view)"
540,106,MUL_MAT,0,30,6,1844,"ffn_shexp-19","blk.19.ffn_down_shexp.weight","ffn_swiglu-19"
540,109,MUL,0,2,0,1851,"ffn_shexp_gated-19","ffn_shexp-19","shared_expert_gate_sigmoid-19"
540,110,ADD,0,1,1,1854,"ffn_out-19","ffn_moe_out-19","ffn_shexp_gated-19"
540,113,MUL_MAT,0,6,4,1866,"hc_inject-19","blk.19.hc_ffn_inject.weight","hc_norm-19"
540,119,ADD,0,1,10,1888,"l_last-19","hc_combine-19","node_3332"
540,122,MUL,0,7,4,1903,"hc_norm-20"," (reshaped)","blk.20.hc_attn_norm.weight"
540,127,UNARY,0,32,0,2085,"hc_gate-20","node_3340",""
540,138,SCALE,0,1,2,2101,"hc_mixed-20","node_3351",""
540,184,RMS_NORM,0,0,2,3153,"norm-20","attn_output-20",""
541,5,MUL_MAT,0,330,90,747,"linear_attn_out-20","blk.20.ssm_out.weight","final_output-20"
541,9,MUL_MAT,0,14,4,803,"hc_inject-20","blk.20.hc_attn_inject.weight","hc_norm-20"
541,15,ADD,0,2,11,827,"hc_combine-20","l_last-19","node_3414"
541,18,MUL,0,6,4,841,"hc_norm-20"," (reshaped)","blk.20.hc_ffn_norm.weight"
541,23,UNARY,0,31,0,1017,"hc_gate-20","node_3422",""
541,34,SCALE,0,0,2,1039,"ffn_moe_inp-20","node_3433",""
541,38,ARGSORT,0,19,1,1161,"ffn_moe_argsort-20","ffn_moe_probs-20",""
541,70,ADD,0,1,0,1851,"ffn_moe_out-20","node_3469","ffn_moe_weighted-20 (view)"
541,74,MUL_MAT,0,34,5,1976,"ffn_shexp-20","blk.20.ffn_down_shexp.weight","ffn_swiglu-20"
541,77,MUL,0,2,0,1986,"ffn_shexp_gated-20","ffn_shexp-20","shared_expert_gate_sigmoid-20"
541,78,ADD,0,1,1,1988,"ffn_out-20","ffn_moe_out-20","ffn_shexp_gated-20"
541,81,MUL_MAT,0,6,6,2003,"hc_inject-20","blk.20.hc_ffn_inject.weight","hc_norm-20"
541,87,ADD,0,2,1,2016,"l_last-20","hc_combine-20","node_3486"
541,90,MUL,0,6,0,2027,"hc_norm-21"," (reshaped)","blk.21.hc_attn_norm.weight"
541,95,UNARY,0,31,0,2219,"hc_gate-21","node_3494",""
541,106,SCALE,0,0,2,2236,"hc_mixed-21","node_3505",""
541,152,RMS_NORM,0,0,1,3415,"norm-21","attn_output-21",""
542,5,MUL_MAT,0,278,47,636,"linear_attn_out-21","blk.21.ssm_out.weight","final_output-21"
542,9,MUL_MAT,0,8,2,649,"hc_inject-21","blk.21.hc_attn_inject.weight","hc_norm-21"
542,15,ADD,0,2,0,670,"hc_combine-21","l_last-20","node_3568"
542,18,MUL,0,7,0,681,"hc_norm-21"," (reshaped)","blk.21.hc_ffn_norm.weight"
542,23,UNARY,0,31,0,855,"hc_gate-21","node_3576",""
542,34,SCALE,0,0,3,873,"ffn_moe_inp-21","node_3587",""
542,38,ARGSORT,0,20,1,998,"ffn_moe_argsort-21","ffn_moe_probs-21",""
542,70,ADD,0,1,1,1648,"ffn_moe_out-21","node_3623","ffn_moe_weighted-21 (view)"
542,74,MUL_MAT,0,29,8,1770,"ffn_shexp-21","blk.21.ffn_down_shexp.weight","ffn_swiglu-21"
542,77,MUL,0,1,1,1779,"ffn_shexp_gated-21","ffn_shexp-21","shared_expert_gate_sigmoid-21"
542,78,ADD,0,1,0,1780,"ffn_out-21","ffn_moe_out-21","ffn_shexp_gated-21"
542,81,MUL_MAT,0,7,4,1794,"hc_inject-21","blk.21.hc_ffn_inject.weight","hc_norm-21"
542,87,ADD,0,2,1,1807,"l_last-21","hc_combine-21","node_3640"
542,90,MUL,0,6,0,1817,"hc_norm-22"," (reshaped)","blk.22.hc_attn_norm.weight"
542,95,UNARY,0,30,0,2000,"hc_gate-22","node_3648",""
542,106,SCALE,0,0,2,2023,"hc_mixed-22","node_3659",""
542,152,RMS_NORM,0,1,8,3224,"norm-22","attn_output-22",""
543,5,MUL_MAT,0,265,62,646,"linear_attn_out-22","blk.22.ssm_out.weight","final_output-22"
543,9,MUL_MAT,0,8,8,666,"hc_inject-22","blk.22.hc_attn_inject.weight","hc_norm-22"
543,15,ADD,0,1,1,678,"hc_combine-22","l_last-21","node_3722"
543,18,MUL,0,6,0,688,"hc_norm-22"," (reshaped)","blk.22.hc_ffn_norm.weight"
543,23,UNARY,0,30,1,861,"hc_gate-22","node_3730",""
543,34,SCALE,0,0,2,963,"ffn_moe_inp-22","node_3741",""
543,38,ARGSORT,0,19,0,1092,"ffn_moe_argsort-22","ffn_moe_probs-22",""
543,70,ADD,0,1,1,1787,"ffn_moe_out-22","node_3777","ffn_moe_weighted-22 (view)"
543,74,MUL_MAT,0,29,7,1903,"ffn_shexp-22","blk.22.ffn_down_shexp.weight","ffn_swiglu-22"
543,77,MUL,0,2,8,1926,"ffn_shexp_gated-22","ffn_shexp-22","shared_expert_gate_sigmoid-22"
543,78,ADD,0,1,10,1937,"ffn_out-22","ffn_moe_out-22","ffn_shexp_gated-22"
543,81,MUL_MAT,0,7,2,1948,"hc_inject-22","blk.22.hc_ffn_inject.weight","hc_norm-22"
543,87,ADD,0,3,1,2075,"l_last-22","hc_combine-22","node_3794"
543,90,MUL,0,15,1,2104,"hc_norm-23"," (reshaped)","blk.23.hc_attn_norm.weight"
543,95,UNARY,0,34,1,2307,"hc_gate-23","node_3802",""
543,106,SCALE,0,0,1,2340,"hc_mixed-23","node_3813",""
543,151,RMS_NORM,0,8,0,3160,"norm-23","indexer_k_pooled-23 (reshaped)",""
544,38,MUL_MAT,0,313,63,598,"attn_output-23","blk.23.attn_output.weight","attn_gated-23"
544,41,MUL_MAT,0,22,1,625,"hc_inject-23","blk.23.hc_attn_inject.weight","hc_norm-23"
544,47,ADD,0,2,0,644,"hc_combine-23","l_last-22","node_3909"
544,50,MUL,0,11,0,660,"hc_norm-23"," (reshaped)","blk.23.hc_ffn_norm.weight"
544,55,UNARY,0,33,1,835,"hc_gate-23","node_3917",""
544,66,SCALE,0,1,0,872,"ffn_moe_inp-23","node_3928",""
544,70,ARGSORT,0,22,1,1000,"ffn_moe_argsort-23","ffn_moe_probs-23",""
544,102,ADD,0,2,0,1642,"ffn_moe_out-23","node_3964","ffn_moe_weighted-23 (view)"
544,106,MUL_MAT,0,32,2,1750,"ffn_shexp-23","blk.23.ffn_down_shexp.weight","ffn_swiglu-23"
544,109,MUL,0,3,0,1758,"ffn_shexp_gated-23","ffn_shexp-23","shared_expert_gate_sigmoid-23"
544,110,ADD,0,2,0,1760,"ffn_out-23","ffn_moe_out-23","ffn_shexp_gated-23"
544,113,MUL_MAT,0,11,0,1776,"hc_inject-23","blk.23.hc_ffn_inject.weight","hc_norm-23"
544,119,ADD,0,2,0,1793,"l_last-23","hc_combine-23","node_3981"
544,122,MUL,0,10,1,1809,"hc_norm-24"," (reshaped)","blk.24.hc_attn_norm.weight"
544,127,UNARY,0,33,1,2000,"hc_gate-24","node_3989",""
544,138,SCALE,0,0,2,2018,"hc_mixed-24","node_4000",""
544,184,RMS_NORM,0,1,1,3441,"norm-24","attn_output-24",""
545,5,MUL_MAT,0,316,15,654,"linear_attn_out-24","blk.24.ssm_out.weight","final_output-24"
545,9,MUL_MAT,0,14,1,674,"hc_inject-24","blk.24.hc_attn_inject.weight","hc_norm-24"
545,15,ADD,0,2,1,699,"hc_combine-24","l_last-23","node_4063"
545,18,MUL,0,10,1,714,"hc_norm-24"," (reshaped)","blk.24.hc_ffn_norm.weight"
545,23,UNARY,0,34,0,914,"hc_gate-24","node_4071",""
545,34,SCALE,0,0,2,932,"ffn_moe_inp-24","node_4082",""
545,38,ARGSORT,0,23,0,1078,"ffn_moe_argsort-24","ffn_moe_probs-24",""
545,70,ADD,0,1,0,2289,"ffn_moe_out-24","node_4118","ffn_moe_weighted-24 (view)"
545,74,MUL_MAT,0,35,9,2412,"ffn_shexp-24","blk.24.ffn_down_shexp.weight","ffn_swiglu-24"
545,77,MUL,0,3,7,2428,"ffn_shexp_gated-24","ffn_shexp-24","shared_expert_gate_sigmoid-24"
545,78,ADD,0,2,1,2431,"ffn_out-24","ffn_moe_out-24","ffn_shexp_gated-24"
545,81,MUL_MAT,0,13,0,2448,"hc_inject-24","blk.24.hc_ffn_inject.weight","hc_norm-24"
545,87,ADD,0,1,1,2460,"l_last-24","hc_combine-24","node_4135"
545,90,MUL,0,10,0,2475,"hc_norm-25"," (reshaped)","blk.25.hc_attn_norm.weight"
545,95,UNARY,0,35,0,2669,"hc_gate-25","node_4143",""
545,106,SCALE,0,0,2,2695,"hc_mixed-25","node_4154",""
545,152,RMS_NORM,0,1,1,4118,"norm-25","attn_output-25",""
546,5,MUL_MAT,0,348,9,690,"linear_attn_out-25","blk.25.ssm_out.weight","final_output-25"
546,9,MUL_MAT,0,12,9,718,"hc_inject-25","blk.25.hc_attn_inject.weight","hc_norm-25"
546,15,ADD,0,3,2,766,"hc_combine-25","l_last-24","node_4217"
546,18,MUL,0,12,0,783,"hc_norm-25"," (reshaped)","blk.25.hc_ffn_norm.weight"
546,23,UNARY,0,35,0,1068,"hc_gate-25","node_4225",""
546,34,SCALE,0,0,1,1087,"ffn_moe_inp-25","node_4236",""
546,38,ARGSORT,0,23,0,1226,"ffn_moe_argsort-25","ffn_moe_probs-25",""
546,70,ADD,0,2,0,1920,"ffn_moe_out-25","node_4272","ffn_moe_weighted-25 (view)"
546,74,MUL_MAT,0,36,1,2038,"ffn_shexp-25","blk.25.ffn_down_shexp.weight","ffn_swiglu-25"
546,77,MUL,0,3,0,2064,"ffn_shexp_gated-25","ffn_shexp-25","shared_expert_gate_sigmoid-25"
546,78,ADD,0,1,1,2067,"ffn_out-25","ffn_moe_out-25","ffn_shexp_gated-25"
546,81,MUL_MAT,0,16,1,2087,"hc_inject-25","blk.25.hc_ffn_inject.weight","hc_norm-25"
546,87,ADD,0,2,0,2099,"l_last-25","hc_combine-25","node_4289"
546,90,MUL,0,11,0,2115,"hc_norm-26"," (reshaped)","blk.26.hc_attn_norm.weight"
546,95,UNARY,0,35,0,2309,"hc_gate-26","node_4297",""
546,106,SCALE,0,0,9,2341,"hc_mixed-26","node_4308",""
546,152,RMS_NORM,0,0,1,3738,"norm-26","attn_output-26",""
547,5,MUL_MAT,0,324,1,622,"linear_attn_out-26","blk.26.ssm_out.weight","final_output-26"
547,9,MUL_MAT,0,16,1,644,"hc_inject-26","blk.26.hc_attn_inject.weight","hc_norm-26"
547,15,ADD,0,2,7,663,"hc_combine-26","l_last-25","node_4371"
547,18,MUL,0,11,1,679,"hc_norm-26"," (reshaped)","blk.26.hc_ffn_norm.weight"
547,23,UNARY,0,32,1,903,"hc_gate-26","node_4379",""
547,34,SCALE,0,0,1,937,"ffn_moe_inp-26","node_4390",""
547,38,ARGSORT,0,24,0,1088,"ffn_moe_argsort-26","ffn_moe_probs-26",""
547,70,ADD,0,2,6,2112,"ffn_moe_out-26","node_4426","ffn_moe_weighted-26 (view)"
547,74,MUL_MAT,0,37,11,2295,"ffn_shexp-26","blk.26.ffn_down_shexp.weight","ffn_swiglu-26"
547,77,MUL,0,3,1,2308,"ffn_shexp_gated-26","ffn_shexp-26","shared_expert_gate_sigmoid-26"
547,78,ADD,0,1,1,2310,"ffn_out-26","ffn_moe_out-26","ffn_shexp_gated-26"
547,81,MUL_MAT,0,12,1,2327,"hc_inject-26","blk.26.hc_ffn_inject.weight","hc_norm-26"
547,87,ADD,0,2,5,2350,"l_last-26","hc_combine-26","node_4443"
547,90,MUL,0,12,0,2367,"hc_norm-27"," (reshaped)","blk.27.hc_attn_norm.weight"
547,95,UNARY,0,34,1,2563,"hc_gate-27","node_4451",""
547,106,SCALE,0,0,2,2582,"hc_mixed-27","node_4462",""
547,151,RMS_NORM,0,9,0,3341,"norm-27","indexer_k_pooled-27 (reshaped)",""
548,38,MUL_MAT,0,298,19,533,"attn_output-27","blk.27.attn_output.weight","attn_gated-27"
548,41,MUL_MAT,0,13,0,551,"hc_inject-27","blk.27.hc_attn_inject.weight","hc_norm-27"
548,47,ADD,0,2,0,564,"hc_combine-27","l_last-26","node_4558"
548,50,MUL,0,11,0,580,"hc_norm-27"," (reshaped)","blk.27.hc_ffn_norm.weight"
548,55,UNARY,0,33,1,769,"hc_gate-27","node_4566",""
548,66,SCALE,0,0,1,788,"ffn_moe_inp-27","node_4577",""
548,70,ARGSORT,0,22,1,920,"ffn_moe_argsort-27","ffn_moe_probs-27",""
548,102,ADD,0,1,1,2180,"ffn_moe_out-27","node_4613","ffn_moe_weighted-27 (view)"
548,106,MUL_MAT,0,34,2,2303,"ffn_shexp-27","blk.27.ffn_down_shexp.weight","ffn_swiglu-27"
548,109,MUL,0,3,0,2312,"ffn_shexp_gated-27","ffn_shexp-27","shared_expert_gate_sigmoid-27"
548,110,ADD,0,1,1,2315,"ffn_out-27","ffn_moe_out-27","ffn_shexp_gated-27"
548,113,MUL_MAT,0,12,0,2330,"hc_inject-27","blk.27.hc_ffn_inject.weight","hc_norm-27"
548,119,ADD,0,2,4,2347,"l_last-27","hc_combine-27","node_4630"
548,122,MUL,0,15,0,2366,"hc_norm-28"," (reshaped)","blk.28.hc_attn_norm.weight"
548,127,UNARY,0,34,0,2564,"hc_gate-28","node_4638",""
548,138,SCALE,0,1,1,2582,"hc_mixed-28","node_4649",""
548,184,RMS_NORM,0,1,1,4101,"norm-28","attn_output-28",""
549,5,MUL_MAT,0,318,4,630,"linear_attn_out-28","blk.28.ssm_out.weight","final_output-28"
549,9,MUL_MAT,0,20,1,656,"hc_inject-28","blk.28.hc_attn_inject.weight","hc_norm-28"
549,15,ADD,0,2,1,674,"hc_combine-28","l_last-27","node_4712"
549,18,MUL,0,11,0,689,"hc_norm-28"," (reshaped)","blk.28.hc_ffn_norm.weight"
549,23,UNARY,0,34,1,874,"hc_gate-28","node_4720",""
549,34,SCALE,0,1,3,901,"ffn_moe_inp-28","node_4731",""
549,38,ARGSORT,0,23,0,1029,"ffn_moe_argsort-28","ffn_moe_probs-28",""
549,70,ADD,0,1,5,1728,"ffn_moe_out-28","node_4767","ffn_moe_weighted-28 (view)"
549,74,MUL_MAT,0,37,1,1843,"ffn_shexp-28","blk.28.ffn_down_shexp.weight","ffn_swiglu-28"
549,77,MUL,0,3,1,1854,"ffn_shexp_gated-28","ffn_shexp-28","shared_expert_gate_sigmoid-28"
549,78,ADD,0,1,1,1856,"ffn_out-28","ffn_moe_out-28","ffn_shexp_gated-28"
549,81,MUL_MAT,0,19,1,1879,"hc_inject-28","blk.28.hc_ffn_inject.weight","hc_norm-28"
549,87,ADD,0,2,0,1892,"l_last-28","hc_combine-28","node_4784"
549,90,MUL,0,11,0,1914,"hc_norm-29"," (reshaped)","blk.29.hc_attn_norm.weight"
549,95,UNARY,0,34,1,2105,"hc_gate-29","node_4792",""
549,106,SCALE,0,0,2,2123,"hc_mixed-29","node_4803",""
549,152,RMS_NORM,0,0,6,3611,"norm-29","attn_output-29",""
550,5,MUL_MAT,0,310,4,623,"linear_attn_out-29","blk.29.ssm_out.weight","final_output-29"
550,9,MUL_MAT,0,9,1,638,"hc_inject-29","blk.29.hc_attn_inject.weight","hc_norm-29"
550,15,ADD,0,2,11,664,"hc_combine-29","l_last-28","node_4866"
550,18,MUL,0,8,1,678,"hc_norm-29"," (reshaped)","blk.29.hc_ffn_norm.weight"
550,23,UNARY,0,34,1,872,"hc_gate-29","node_4874",""
550,34,SCALE,0,0,2,895,"ffn_moe_inp-29","node_4885",""
550,38,ARGSORT,0,23,0,1024,"ffn_moe_argsort-29","ffn_moe_probs-29",""
550,70,ADD,0,2,0,2513,"ffn_moe_out-29","node_4921","ffn_moe_weighted-29 (view)"
550,74,MUL_MAT,0,35,7,2636,"ffn_shexp-29","blk.29.ffn_down_shexp.weight","ffn_swiglu-29"
550,77,MUL,0,3,0,2649,"ffn_shexp_gated-29","ffn_shexp-29","shared_expert_gate_sigmoid-29"
550,78,ADD,0,1,1,2652,"ffn_out-29","ffn_moe_out-29","ffn_shexp_gated-29"
550,81,MUL_MAT,0,17,0,2672,"hc_inject-29","blk.29.hc_ffn_inject.weight","hc_norm-29"
550,87,ADD,0,2,1,2693,"l_last-29","hc_combine-29","node_4938"
550,90,MUL,0,9,0,2707,"hc_norm-30"," (reshaped)","blk.30.hc_attn_norm.weight"
550,95,UNARY,0,34,0,2921,"hc_gate-30","node_4946",""
550,106,SCALE,0,0,2,2939,"hc_mixed-30","node_4957",""
550,152,RMS_NORM,0,1,1,4544,"norm-30","attn_output-30",""
551,5,MUL_MAT,0,306,21,638,"linear_attn_out-30","blk.30.ssm_out.weight","final_output-30"
551,9,MUL_MAT,0,8,1,652,"hc_inject-30","blk.30.hc_attn_inject.weight","hc_norm-30"
551,15,ADD,0,2,1,665,"hc_combine-30","l_last-29","node_5020"
551,18,MUL,0,11,1,681,"hc_norm-30"," (reshaped)","blk.30.hc_ffn_norm.weight"
551,23,UNARY,0,55,0,893,"hc_gate-30","node_5028",""
551,34,SCALE,0,0,2,913,"ffn_moe_inp-30","node_5039",""
551,38,ARGSORT,0,22,1,1054,"ffn_moe_argsort-30","ffn_moe_probs-30",""
551,70,ADD,0,2,0,1856,"ffn_moe_out-30","node_5075","ffn_moe_weighted-30 (view)"
551,74,MUL_MAT,0,34,11,1989,"ffn_shexp-30","blk.30.ffn_down_shexp.weight","ffn_swiglu-30"
551,77,MUL,0,3,1,2006,"ffn_shexp_gated-30","ffn_shexp-30","shared_expert_gate_sigmoid-30"
551,78,ADD,0,1,1,2008,"ffn_out-30","ffn_moe_out-30","ffn_shexp_gated-30"
551,81,MUL_MAT,0,9,0,2020,"hc_inject-30","blk.30.hc_ffn_inject.weight","hc_norm-30"
551,87,ADD,0,2,1,2042,"l_last-30","hc_combine-30","node_5092"
551,90,MUL,0,11,1,2058,"hc_norm-31"," (reshaped)","blk.31.hc_attn_norm.weight"
551,95,UNARY,0,34,1,2254,"hc_gate-31","node_5100",""
551,106,SCALE,0,0,1,2272,"hc_mixed-31","node_5111",""
551,151,RMS_NORM,0,9,0,3208,"norm-31","indexer_k_pooled-31 (reshaped)",""
552,38,MUL_MAT,0,291,47,558,"attn_output-31","blk.31.attn_output.weight","attn_gated-31"
552,41,MUL_MAT,0,13,0,575,"hc_inject-31","blk.31.hc_attn_inject.weight","hc_norm-31"
552,47,ADD,0,2,0,594,"hc_combine-31","l_last-30","node_5207"
552,50,MUL,0,18,1,618,"hc_norm-31"," (reshaped)","blk.31.hc_ffn_norm.weight"
552,55,UNARY,0,34,1,817,"hc_gate-31","node_5215",""
552,66,SCALE,0,0,1,835,"ffn_moe_inp-31","node_5226",""
552,70,ARGSORT,0,21,1,963,"ffn_moe_argsort-31","ffn_moe_probs-31",""
552,102,ADD,0,2,53,1741,"ffn_moe_out-31","node_5262","ffn_moe_weighted-31 (view)"
552,106,MUL_MAT,0,32,3,1851,"ffn_shexp-31","blk.31.ffn_down_shexp.weight","ffn_swiglu-31"
552,109,MUL,0,3,0,1861,"ffn_shexp_gated-31","ffn_shexp-31","shared_expert_gate_sigmoid-31"
552,110,ADD,0,1,0,1863,"ffn_out-31","ffn_moe_out-31","ffn_shexp_gated-31"
552,113,MUL_MAT,0,9,8,1884,"hc_inject-31","blk.31.hc_ffn_inject.weight","hc_norm-31"
552,119,ADD,0,1,1,1900,"l_last-31","hc_combine-31","node_5279"
552,122,MUL,0,10,0,1914,"hc_norm-32"," (reshaped)","blk.32.hc_attn_norm.weight"
552,127,UNARY,0,33,0,2093,"hc_gate-32","node_5287",""
552,138,SCALE,0,1,1,2111,"hc_mixed-32","node_5298",""
552,184,RMS_NORM,0,0,2,3480,"norm-32","attn_output-32",""
553,5,MUL_MAT,0,296,18,623,"linear_attn_out-32","blk.32.ssm_out.weight","final_output-32"
553,9,MUL_MAT,0,11,0,639,"hc_inject-32","blk.32.hc_attn_inject.weight","hc_norm-32"
553,15,ADD,0,2,1,662,"hc_combine-32","l_last-31","node_5361"
553,18,MUL,0,11,0,677,"hc_norm-32"," (reshaped)","blk.32.hc_ffn_norm.weight"
553,23,UNARY,0,34,1,967,"hc_gate-32","node_5369",""
553,34,SCALE,0,1,1,984,"ffn_moe_inp-32","node_5380",""
553,38,ARGSORT,0,21,1,1130,"ffn_moe_argsort-32","ffn_moe_probs-32",""
553,70,ADD,0,2,6,1885,"ffn_moe_out-32","node_5416","ffn_moe_weighted-32 (view)"
553,74,MUL_MAT,0,47,1,2011,"ffn_shexp-32","blk.32.ffn_down_shexp.weight","ffn_swiglu-32"
553,77,MUL,0,3,0,2021,"ffn_shexp_gated-32","ffn_shexp-32","shared_expert_gate_sigmoid-32"
553,78,ADD,0,1,4,2027,"ffn_out-32","ffn_moe_out-32","ffn_shexp_gated-32"
553,81,MUL_MAT,0,13,1,2045,"hc_inject-32","blk.32.hc_ffn_inject.weight","hc_norm-32"
553,87,ADD,0,2,0,2058,"l_last-32","hc_combine-32","node_5433"
553,90,MUL,0,10,1,2077,"hc_norm-33"," (reshaped)","blk.33.hc_attn_norm.weight"
553,95,UNARY,0,34,1,2286,"hc_gate-33","node_5441",""
553,106,SCALE,0,0,2,2312,"hc_mixed-33","node_5452",""
553,152,RMS_NORM,0,0,2,3834,"norm-33","attn_output-33",""
554,5,MUL_MAT,0,307,8,693,"linear_attn_out-33","blk.33.ssm_out.weight","final_output-33"
554,9,MUL_MAT,0,16,0,714,"hc_inject-33","blk.33.hc_attn_inject.weight","hc_norm-33"
554,15,ADD,0,2,1,729,"hc_combine-33","l_last-32","node_5515"
554,18,MUL,0,9,1,744,"hc_norm-33"," (reshaped)","blk.33.hc_ffn_norm.weight"
554,23,UNARY,0,34,1,936,"hc_gate-33","node_5523",""
554,34,SCALE,0,1,1,956,"ffn_moe_inp-33","node_5534",""
554,38,ARGSORT,0,22,0,1085,"ffn_moe_argsort-33","ffn_moe_probs-33",""
554,70,ADD,0,0,1,1886,"ffn_moe_out-33","node_5570","ffn_moe_weighted-33 (view)"
554,74,MUL_MAT,0,27,52,2185,"ffn_shexp-33","blk.33.ffn_down_shexp.weight","ffn_swiglu-33"
554,77,MUL,0,2,0,2212,"ffn_shexp_gated-33","ffn_shexp-33","shared_expert_gate_sigmoid-33"
554,78,ADD,0,1,0,2214,"ffn_out-33","ffn_moe_out-33","ffn_shexp_gated-33"
554,81,MUL_MAT,0,6,2,2226,"hc_inject-33","blk.33.hc_ffn_inject.weight","hc_norm-33"
554,87,ADD,0,2,1,2245,"l_last-33","hc_combine-33","node_5587"
554,90,MUL,0,6,0,2255,"hc_norm-34"," (reshaped)","blk.34.hc_attn_norm.weight"
554,95,UNARY,0,30,1,2453,"hc_gate-34","node_5595",""
554,106,SCALE,0,1,1,2476,"hc_mixed-34","node_5606",""
554,152,RMS_NORM,0,0,2,3619,"norm-34","attn_output-34",""
555,5,MUL_MAT,0,261,66,653,"linear_attn_out-34","blk.34.ssm_out.weight","final_output-34"
555,9,MUL_MAT,0,12,1,669,"hc_inject-34","blk.34.hc_attn_inject.weight","hc_norm-34"
555,15,ADD,0,2,1,682,"hc_combine-34","l_last-33","node_5669"
555,18,MUL,0,7,0,692,"hc_norm-34"," (reshaped)","blk.34.hc_ffn_norm.weight"
555,23,UNARY,0,31,0,880,"hc_gate-34","node_5677",""
555,34,SCALE,0,0,1,901,"ffn_moe_inp-34","node_5688",""
555,38,ARGSORT,0,20,0,1028,"ffn_moe_argsort-34","ffn_moe_probs-34",""
555,70,ADD,0,1,0,1666,"ffn_moe_out-34","node_5724","ffn_moe_weighted-34 (view)"
555,74,MUL_MAT,0,37,0,1779,"ffn_shexp-34","blk.34.ffn_down_shexp.weight","ffn_swiglu-34"
555,77,MUL,0,2,0,1787,"ffn_shexp_gated-34","ffn_shexp-34","shared_expert_gate_sigmoid-34"
555,78,ADD,0,1,0,1789,"ffn_out-34","ffn_moe_out-34","ffn_shexp_gated-34"
555,81,MUL_MAT,0,7,2,1801,"hc_inject-34","blk.34.hc_ffn_inject.weight","hc_norm-34"
555,87,ADD,0,2,1,1814,"l_last-34","hc_combine-34","node_5741"
555,90,MUL,0,6,0,1824,"hc_norm-35"," (reshaped)","blk.35.hc_attn_norm.weight"
555,95,UNARY,0,31,0,2012,"hc_gate-35","node_5749",""
555,106,SCALE,0,1,9,2036,"hc_mixed-35","node_5760",""
555,151,RMS_NORM,0,5,0,2903,"norm-35","indexer_k_pooled-35 (reshaped)",""
556,38,MUL_MAT,0,258,60,529,"attn_output-35","blk.35.attn_output.weight","attn_gated-35"
556,41,MUL_MAT,0,9,1,543,"hc_inject-35","blk.35.hc_attn_inject.weight","hc_norm-35"
556,47,ADD,0,2,1,556,"hc_combine-35","l_last-34","node_5856"
556,50,MUL,0,7,0,566,"hc_norm-35"," (reshaped)","blk.35.hc_ffn_norm.weight"
556,55,UNARY,0,30,0,739,"hc_gate-35","node_5864",""
556,66,SCALE,0,0,8,763,"ffn_moe_inp-35","node_5875",""
556,70,ARGSORT,0,20,0,891,"ffn_moe_argsort-35","ffn_moe_probs-35",""
556,102,ADD,0,1,1,1566,"ffn_moe_out-35","node_5911","ffn_moe_weighted-35 (view)"
556,106,MUL_MAT,0,36,0,1679,"ffn_shexp-35","blk.35.ffn_down_shexp.weight","ffn_swiglu-35"
556,109,MUL,0,2,0,1686,"ffn_shexp_gated-35","ffn_shexp-35","shared_expert_gate_sigmoid-35"
556,110,ADD,0,1,1,1688,"ffn_out-35","ffn_moe_out-35","ffn_shexp_gated-35"
556,113,MUL_MAT,0,7,4,1701,"hc_inject-35","blk.35.hc_ffn_inject.weight","hc_norm-35"
556,119,ADD,0,2,0,1712,"l_last-35","hc_combine-35","node_5928"
556,122,MUL,0,7,0,1723,"hc_norm-36"," (reshaped)","blk.36.hc_attn_norm.weight"
556,127,UNARY,0,30,0,1907,"hc_gate-36","node_5936",""
556,138,SCALE,0,0,1,1924,"hc_mixed-36","node_5947",""
556,184,RMS_NORM,0,0,2,3038,"norm-36","attn_output-36",""
557,5,MUL_MAT,0,263,75,674,"linear_attn_out-36","blk.36.ssm_out.weight","final_output-36"
557,9,MUL_MAT,0,8,2,687,"hc_inject-36","blk.36.hc_attn_inject.weight","hc_norm-36"
557,15,ADD,0,2,1,700,"hc_combine-36","l_last-35","node_6010"
557,18,MUL,0,6,1,721,"hc_norm-36"," (reshaped)","blk.36.hc_ffn_norm.weight"
557,23,UNARY,0,43,1,912,"hc_gate-36","node_6018",""
557,34,SCALE,0,1,1,928,"ffn_moe_inp-36","node_6029",""
557,38,ARGSORT,0,20,0,1054,"ffn_moe_argsort-36","ffn_moe_probs-36",""
557,70,ADD,0,2,1,1848,"ffn_moe_out-36","node_6065","ffn_moe_weighted-36 (view)"
557,74,MUL_MAT,0,37,2,1973,"ffn_shexp-36","blk.36.ffn_down_shexp.weight","ffn_swiglu-36"
557,77,MUL,0,3,0,1983,"ffn_shexp_gated-36","ffn_shexp-36","shared_expert_gate_sigmoid-36"
557,78,ADD,0,1,1,1986,"ffn_out-36","ffn_moe_out-36","ffn_shexp_gated-36"
557,81,MUL_MAT,0,8,2,1999,"hc_inject-36","blk.36.hc_ffn_inject.weight","hc_norm-36"
557,87,ADD,0,2,1,2013,"l_last-36","hc_combine-36","node_6082"
557,90,MUL,0,9,0,2026,"hc_norm-37"," (reshaped)","blk.37.hc_attn_norm.weight"
557,95,UNARY,0,34,1,2219,"hc_gate-37","node_6090",""
557,106,SCALE,0,0,14,2259,"hc_mixed-37","node_6101",""
557,152,RMS_NORM,0,0,2,3634,"norm-37","attn_output-37",""
558,5,MUL_MAT,0,312,11,654,"linear_attn_out-37","blk.37.ssm_out.weight","final_output-37"
558,9,MUL_MAT,0,7,0,667,"hc_inject-37","blk.37.hc_attn_inject.weight","hc_norm-37"
558,15,ADD,0,2,1,686,"hc_combine-37","l_last-36","node_6164"
558,18,MUL,0,8,1,699,"hc_norm-37"," (reshaped)","blk.37.hc_ffn_norm.weight"
558,23,UNARY,0,34,0,884,"hc_gate-37","node_6172",""
558,34,SCALE,0,0,1,913,"ffn_moe_inp-37","node_6183",""
558,38,ARGSORT,0,23,0,1044,"ffn_moe_argsort-37","ffn_moe_probs-37",""
558,70,ADD,0,2,0,1676,"ffn_moe_out-37","node_6219","ffn_moe_weighted-37 (view)"
558,74,MUL_MAT,0,41,3,1797,"ffn_shexp-37","blk.37.ffn_down_shexp.weight","ffn_swiglu-37"
558,77,MUL,0,3,1,1807,"ffn_shexp_gated-37","ffn_shexp-37","shared_expert_gate_sigmoid-37"
558,78,ADD,0,2,0,1809,"ffn_out-37","ffn_moe_out-37","ffn_shexp_gated-37"
558,81,MUL_MAT,0,8,0,1822,"hc_inject-37","blk.37.hc_ffn_inject.weight","hc_norm-37"
558,87,ADD,0,2,1,1835,"l_last-37","hc_combine-37","node_6236"
558,90,MUL,0,8,1,1848,"hc_norm-38"," (reshaped)","blk.38.hc_attn_norm.weight"
558,95,UNARY,0,34,1,2034,"hc_gate-38","node_6244",""
558,106,SCALE,0,0,1,2050,"hc_mixed-38","node_6255",""
558,152,RMS_NORM,0,1,125,3507,"norm-38","attn_output-38",""
559,5,MUL_MAT,0,340,1,694,"linear_attn_out-38","blk.38.ssm_out.weight","final_output-38"
559,9,MUL_MAT,0,26,1,726,"hc_inject-38","blk.38.hc_attn_inject.weight","hc_norm-38"
559,15,ADD,0,1,1,740,"hc_combine-38","l_last-37","node_6318"
559,18,MUL,0,9,0,754,"hc_norm-38"," (reshaped)","blk.38.hc_ffn_norm.weight"
559,23,UNARY,0,34,1,971,"hc_gate-38","node_6326",""
559,34,SCALE,0,0,2,1055,"ffn_moe_inp-38","node_6337",""
559,38,ARGSORT,0,22,1,1185,"ffn_moe_argsort-38","ffn_moe_probs-38",""
559,70,ADD,0,2,0,2456,"ffn_moe_out-38","node_6373","ffn_moe_weighted-38 (view)"
559,74,MUL_MAT,0,35,1,2569,"ffn_shexp-38","blk.38.ffn_down_shexp.weight","ffn_swiglu-38"
559,77,MUL,0,3,1,2580,"ffn_shexp_gated-38","ffn_shexp-38","shared_expert_gate_sigmoid-38"
559,78,ADD,0,1,1,2582,"ffn_out-38","ffn_moe_out-38","ffn_shexp_gated-38"
559,81,MUL_MAT,0,8,2,2596,"hc_inject-38","blk.38.hc_ffn_inject.weight","hc_norm-38"
559,87,ADD,0,2,1,2611,"l_last-38","hc_combine-38","node_6390"
560,0,GET_ROWS,0,3,2,5,"model.input_embed","token_embd.weight","inp_tokens"
560,2,REPEAT,0,3,1,9,"hc_init","model.input_embed (reshaped)",""
560,5,MUL,0,6,0,20,"hc_norm-0"," (reshaped)","blk.0.hc_attn_norm.weight"
560,10,UNARY,0,22,1,212,"hc_gate-0","node_9",""
560,21,SCALE,0,0,1,234,"hc_mixed-0","node_20",""
560,69,RMS_NORM,0,0,5,1247,"norm-0","attn_output-0",""
561,5,MUL_MAT,0,188,215,742,"linear_attn_out-0","blk.0.ssm_out.weight","final_output-0"
561,9,MUL_MAT,0,5,3,754,"hc_inject-0","blk.0.hc_attn_inject.weight","hc_norm-0"
561,15,ADD,0,2,0,766,"hc_combine-0","hc_init","node_85"
561,18,MUL,0,5,0,775,"hc_norm-0"," (reshaped)","blk.0.hc_ffn_norm.weight"
561,23,UNARY,0,22,0,944,"hc_gate-0","node_93",""
561,34,SCALE,0,0,1,963,"ffn_moe_inp-0","node_104",""
561,38,ARGSORT,0,19,0,1088,"ffn_moe_argsort-0","ffn_moe_probs-0",""
561,70,ADD,0,1,1,1766,"ffn_moe_out-0","node_140","ffn_moe_weighted-0 (view)"
561,93,MUL_MAT,0,26,12,2704,"ffn_shexp-0","blk.0.ffn_down_shexp.weight","ffn_swiglu-0"
561,96,MUL,0,2,1,2717,"ffn_shexp_gated-0","ffn_shexp-0","shared_expert_gate_sigmoid-0"
561,97,ADD,0,1,0,2718,"ffn_out-0","ffn_moe_out-0","ffn_shexp_gated-0"
561,100,MUL_MAT,0,7,5,2732,"hc_inject-0","blk.0.hc_ffn_inject.weight","hc_norm-0"
561,106,ADD,0,2,0,2749,"l_last-0","hc_combine-0","node_176"
561,120,UNARY,0,0,1,2782,"ple_gate-1","node_190",""
561,121,MUL,0,1,3,2787,"ple_gated_value-1","node_154","ple_gate-1"
561,174,MUL,0,6,0,3091,"hc_norm-1"," (reshaped)","blk.1.hc_attn_norm.weight"
561,179,UNARY,0,22,0,3273,"hc_gate-1","node_249",""
561,190,SCALE,0,1,1,3292,"hc_mixed-1","node_260",""
561,236,RMS_NORM,0,0,5,4351,"norm-1","attn_output-1",""
562,5,MUL_MAT,0,169,159,644,"linear_attn_out-1","blk.1.ssm_out.weight","final_output-1"
562,9,MUL_MAT,0,7,7,674,"hc_inject-1","blk.1.hc_attn_inject.weight","hc_norm-1"
562,15,ADD,0,2,5,690,"hc_combine-1","node_242","node_323"
562,18,MUL,0,5,0,699,"hc_norm-1"," (reshaped)","blk.1.hc_ffn_norm.weight"
562,23,UNARY,0,21,1,884,"hc_gate-1","node_331",""
562,34,SCALE,0,0,2,899,"ffn_moe_inp-1","node_342",""
562,38,ARGSORT,0,18,1,1028,"ffn_moe_argsort-1","ffn_moe_probs-1",""
562,70,ADD,0,1,1,2227,"ffn_moe_out-1","node_378","ffn_moe_weighted-1 (view)"
562,74,MUL_MAT,0,19,18,2347,"ffn_shexp-1","blk.1.ffn_down_shexp.weight","ffn_swiglu-1"
562,77,MUL,0,1,1,2354,"ffn_shexp_gated-1","ffn_shexp-1","shared_expert_gate_sigmoid-1"
562,78,ADD,0,1,9,2364,"ffn_out-1","ffn_moe_out-1","ffn_shexp_gated-1"
562,81,MUL_MAT,0,5,8,2383,"hc_inject-1","blk.1.hc_ffn_inject.weight","hc_norm-1"
562,87,ADD,0,1,9,2406,"l_last-1","hc_combine-1","node_395"
562,90,MUL,0,6,1,2417,"hc_norm-2"," (reshaped)","blk.2.hc_attn_norm.weight"
562,95,UNARY,0,21,0,2609,"hc_gate-2","node_403",""
562,106,SCALE,0,0,2,2623,"hc_mixed-2","node_414",""
562,152,RMS_NORM,0,1,1,3940,"norm-2","attn_output-2",""
563,5,MUL_MAT,0,307,4,614,"linear_attn_out-2","blk.2.ssm_out.weight","final_output-2"
563,9,MUL_MAT,0,11,1,631,"hc_inject-2","blk.2.hc_attn_inject.weight","hc_norm-2"
563,15,ADD,0,1,1,658,"hc_combine-2","l_last-1","node_477"
563,18,MUL,0,7,1,671,"hc_norm-2"," (reshaped)","blk.2.hc_ffn_norm.weight"
563,23,UNARY,0,35,0,846,"hc_gate-2","node_485",""
563,34,SCALE,0,0,2,864,"ffn_moe_inp-2","node_496",""
563,38,ARGSORT,0,22,1,995,"ffn_moe_argsort-2","ffn_moe_probs-2",""
563,70,ADD,0,1,1,2407,"ffn_moe_out-2","node_532","ffn_moe_weighted-2 (view)"
563,74,MUL_MAT,0,41,12,2541,"ffn_shexp-2","blk.2.ffn_down_shexp.weight","ffn_swiglu-2"
563,77,MUL,0,3,0,2655,"ffn_shexp_gated-2","ffn_shexp-2","shared_expert_gate_sigmoid-2"
563,78,ADD,0,1,1,2658,"ffn_out-2","ffn_moe_out-2","ffn_shexp_gated-2"
563,81,MUL_MAT,0,12,1,2675,"hc_inject-2","blk.2.hc_ffn_inject.weight","hc_norm-2"
563,87,ADD,0,2,1,2689,"l_last-2","hc_combine-2","node_549"
563,90,MUL,0,16,0,2710,"hc_norm-3"," (reshaped)","blk.3.hc_attn_norm.weight"
563,95,UNARY,0,34,1,2915,"hc_gate-3","node_557",""
563,106,SCALE,0,0,1,2933,"hc_mixed-3","node_568",""
563,151,RMS_NORM,0,8,1,3742,"norm-3","indexer_k_pooled-3 (reshaped)",""
564,38,MUL_MAT,0,305,3,511,"attn_output-3","blk.3.attn_output.weight","attn_gated-3"
564,41,MUL_MAT,0,10,1,527,"hc_inject-3","blk.3.hc_attn_inject.weight","hc_norm-3"
564,47,ADD,0,2,1,539,"hc_combine-3","l_last-2","node_664"
564,50,MUL,0,8,2,552,"hc_norm-3"," (reshaped)","blk.3.hc_ffn_norm.weight"
564,55,UNARY,0,33,0,726,"hc_gate-3","node_672",""
564,66,SCALE,0,0,2,744,"ffn_moe_inp-3","node_683",""
564,70,ARGSORT,0,21,0,865,"ffn_moe_argsort-3","ffn_moe_probs-3",""
564,102,ADD,0,1,1,1485,"ffn_moe_out-3","node_719","ffn_moe_weighted-3 (view)"
564,106,MUL_MAT,0,31,10,1599,"ffn_shexp-3","blk.3.ffn_down_shexp.weight","ffn_swiglu-3"
564,109,MUL,0,3,1,1608,"ffn_shexp_gated-3","ffn_shexp-3","shared_expert_gate_sigmoid-3"
564,110,ADD,0,1,1,1610,"ffn_out-3","ffn_moe_out-3","ffn_shexp_gated-3"
564,113,MUL_MAT,0,11,0,1625,"hc_inject-3","blk.3.hc_ffn_inject.weight","hc_norm-3"
564,119,ADD,0,2,1,1638,"l_last-3","hc_combine-3","node_736"
564,122,MUL,0,9,1,1652,"hc_norm-4"," (reshaped)","blk.4.hc_attn_norm.weight"
564,127,UNARY,0,33,0,1835,"hc_gate-4","node_744",""
564,138,SCALE,0,0,1,1857,"hc_mixed-4","node_755",""
564,184,RMS_NORM,0,1,1,3203,"norm-4","attn_output-4",""
565,5,MUL_MAT,0,324,4,654,"linear_attn_out-4","blk.4.ssm_out.weight","final_output-4"
565,9,MUL_MAT,0,12,0,672,"hc_inject-4","blk.4.hc_attn_inject.weight","hc_norm-4"
565,15,ADD,0,2,0,687,"hc_combine-4","l_last-3","node_818"
565,18,MUL,0,10,0,701,"hc_norm-4"," (reshaped)","blk.4.hc_ffn_norm.weight"
565,23,UNARY,0,34,1,899,"hc_gate-4","node_826",""
565,34,SCALE,0,0,2,922,"ffn_moe_inp-4","node_837",""
565,38,ARGSORT,0,22,1,1157,"ffn_moe_argsort-4","ffn_moe_probs-4",""
565,70,ADD,0,2,0,2702,"ffn_moe_out-4","node_873","ffn_moe_weighted-4 (view)"
565,74,MUL_MAT,0,36,1,2823,"ffn_shexp-4","blk.4.ffn_down_shexp.weight","ffn_swiglu-4"
565,77,MUL,0,3,1,2842,"ffn_shexp_gated-4","ffn_shexp-4","shared_expert_gate_sigmoid-4"
565,78,ADD,0,1,1,2844,"ffn_out-4","ffn_moe_out-4","ffn_shexp_gated-4"
565,81,MUL_MAT,0,10,1,2859,"hc_inject-4","blk.4.hc_ffn_inject.weight","hc_norm-4"
565,87,ADD,0,2,1,2871,"l_last-4","hc_combine-4","node_890"
565,90,MUL,0,9,0,2884,"hc_norm-5"," (reshaped)","blk.5.hc_attn_norm.weight"
565,95,UNARY,0,34,1,3075,"hc_gate-5","node_898",""
565,106,SCALE,0,0,1,3098,"hc_mixed-5","node_909",""
565,152,RMS_NORM,0,0,7,4400,"norm-5","attn_output-5",""
566,5,MUL_MAT,0,312,4,634,"linear_attn_out-5","blk.5.ssm_out.weight","final_output-5"
566,9,MUL_MAT,0,12,0,651,"hc_inject-5","blk.5.hc_attn_inject.weight","hc_norm-5"
566,15,ADD,0,2,0,665,"hc_combine-5","l_last-4","node_972"
566,18,MUL,0,8,1,678,"hc_norm-5"," (reshaped)","blk.5.hc_ffn_norm.weight"
566,23,UNARY,0,34,1,863,"hc_gate-5","node_980",""
566,34,SCALE,0,0,2,882,"ffn_moe_inp-5","node_991",""
566,38,ARGSORT,0,22,1,1009,"ffn_moe_argsort-5","ffn_moe_probs-5",""
566,70,ADD,0,1,2,2247,"ffn_moe_out-5","node_1027","ffn_moe_weighted-5 (view)"
566,74,MUL_MAT,0,35,9,2365,"ffn_shexp-5","blk.5.ffn_down_shexp.weight","ffn_swiglu-5"
566,77,MUL,0,3,1,2375,"ffn_shexp_gated-5","ffn_shexp-5","shared_expert_gate_sigmoid-5"
566,78,ADD,0,2,0,2377,"ffn_out-5","ffn_moe_out-5","ffn_shexp_gated-5"
566,81,MUL_MAT,0,9,12,2403,"hc_inject-5","blk.5.hc_ffn_inject.weight","hc_norm-5"
566,87,ADD,0,1,2,2421,"l_last-5","hc_combine-5","node_1044"
566,90,MUL,0,9,1,2437,"hc_norm-6"," (reshaped)","blk.6.hc_attn_norm.weight"
566,95,UNARY,0,34,0,2621,"hc_gate-6","node_1052",""
566,106,SCALE,0,0,1,2638,"hc_mixed-6","node_1063",""
566,152,RMS_NORM,0,0,2,4271,"norm-6","attn_output-6",""
567,5,MUL_MAT,0,302,9,611,"linear_attn_out-6","blk.6.ssm_out.weight","final_output-6"
567,9,MUL_MAT,0,14,1,631,"hc_inject-6","blk.6.hc_attn_inject.weight","hc_norm-6"
567,15,ADD,0,2,0,651,"hc_combine-6","l_last-5","node_1126"
567,18,MUL,0,8,0,664,"hc_norm-6"," (reshaped)","blk.6.hc_ffn_norm.weight"
567,23,UNARY,0,34,1,847,"hc_gate-6","node_1134",""
567,34,SCALE,0,0,2,866,"ffn_moe_inp-6","node_1145",""
567,38,ARGSORT,0,23,0,995,"ffn_moe_argsort-6","ffn_moe_probs-6",""
567,70,ADD,0,1,1,1613,"ffn_moe_out-6","node_1181","ffn_moe_weighted-6 (view)"
567,74,MUL_MAT,0,34,2,1725,"ffn_shexp-6","blk.6.ffn_down_shexp.weight","ffn_swiglu-6"
567,77,MUL,0,4,0,1742,"ffn_shexp_gated-6","ffn_shexp-6","shared_expert_gate_sigmoid-6"
567,78,ADD,0,2,0,1744,"ffn_out-6","ffn_moe_out-6","ffn_shexp_gated-6"
567,81,MUL_MAT,0,11,1,1761,"hc_inject-6","blk.6.hc_ffn_inject.weight","hc_norm-6"
567,87,ADD,0,2,1,1795,"l_last-6","hc_combine-6","node_1198"
567,90,MUL,0,8,1,1816,"hc_norm-7"," (reshaped)","blk.7.hc_attn_norm.weight"
567,95,UNARY,0,35,0,2020,"hc_gate-7","node_1206",""
567,106,SCALE,0,0,3,2040,"hc_mixed-7","node_1217",""
567,151,RMS_NORM,0,8,1,2833,"norm-7","indexer_k_pooled-7 (reshaped)",""
568,38,MUL_MAT,0,314,12,554,"attn_output-7","blk.7.attn_output.weight","attn_gated-7"
568,41,MUL_MAT,0,11,2,571,"hc_inject-7","blk.7.hc_attn_inject.weight","hc_norm-7"
568,47,ADD,0,2,1,585,"hc_combine-7","l_last-6","node_1313"
568,50,MUL,0,16,0,604,"hc_norm-7"," (reshaped)","blk.7.hc_ffn_norm.weight"
568,55,UNARY,0,34,0,803,"hc_gate-7","node_1321",""
568,66,SCALE,0,0,2,822,"ffn_moe_inp-7","node_1332",""
568,70,ARGSORT,0,21,1,949,"ffn_moe_argsort-7","ffn_moe_probs-7",""
568,102,ADD,0,2,0,1611,"ffn_moe_out-7","node_1368","ffn_moe_weighted-7 (view)"
568,106,MUL_MAT,0,30,6,1766,"ffn_shexp-7","blk.7.ffn_down_shexp.weight","ffn_swiglu-7"
568,109,MUL,0,3,0,1775,"ffn_shexp_gated-7","ffn_shexp-7","shared_expert_gate_sigmoid-7"
568,110,ADD,0,2,1,1778,"ffn_out-7","ffn_moe_out-7","ffn_shexp_gated-7"
568,113,MUL_MAT,0,9,2,1792,"hc_inject-7","blk.7.hc_ffn_inject.weight","hc_norm-7"
568,119,ADD,0,2,1,1806,"l_last-7","hc_combine-7","node_1385"
568,122,MUL,0,10,1,1821,"hc_norm-8"," (reshaped)","blk.8.hc_attn_norm.weight"
568,127,UNARY,0,33,1,2069,"hc_gate-8","node_1393",""
568,138,SCALE,0,1,1,2168,"hc_mixed-8","node_1404",""
568,184,RMS_NORM,0,0,6,3295,"norm-8","attn_output-8",""
569,5,MUL_MAT,0,280,62,690,"linear_attn_out-8","blk.8.ssm_out.weight","final_output-8"
569,9,MUL_MAT,0,7,2,703,"hc_inject-8","blk.8.hc_attn_inject.weight","hc_norm-8"
569,15,ADD,0,2,1,725,"hc_combine-8","l_last-7","node_1467"
569,18,MUL,0,7,0,736,"hc_norm-8"," (reshaped)","blk.8.hc_ffn_norm.weight"
569,23,UNARY,0,30,1,915,"hc_gate-8","node_1475",""
569,34,SCALE,0,0,1,931,"ffn_moe_inp-8","node_1486",""
569,38,ARGSORT,0,21,1,1059,"ffn_moe_argsort-8","ffn_moe_probs-8",""
569,70,ADD,0,1,7,1757,"ffn_moe_out-8","node_1522","ffn_moe_weighted-8 (view)"
569,74,MUL_MAT,0,35,7,1876,"ffn_shexp-8","blk.8.ffn_down_shexp.weight","ffn_swiglu-8"
569,77,MUL,0,3,0,1884,"ffn_shexp_gated-8","ffn_shexp-8","shared_expert_gate_sigmoid-8"
569,78,ADD,0,1,1,1886,"ffn_out-8","ffn_moe_out-8","ffn_shexp_gated-8"
569,81,MUL_MAT,0,7,2,1898,"hc_inject-8","blk.8.hc_ffn_inject.weight","hc_norm-8"
569,87,ADD,0,2,0,1910,"l_last-8","hc_combine-8","node_1539"
569,90,MUL,0,6,1,1922,"hc_norm-9"," (reshaped)","blk.9.hc_attn_norm.weight"
569,95,UNARY,0,31,0,2116,"hc_gate-9","node_1547",""
569,106,SCALE,0,0,2,2134,"hc_mixed-9","node_1558",""
569,152,RMS_NORM,0,1,0,3243,"norm-9","attn_output-9",""
570,5,MUL_MAT,0,262,71,654,"linear_attn_out-9","blk.9.ssm_out.weight","final_output-9"
570,9,MUL_MAT,0,6,6,669,"hc_inject-9","blk.9.hc_attn_inject.weight","hc_norm-9"
570,15,ADD,0,2,0,682,"hc_combine-9","l_last-8","node_1621"
570,18,MUL,0,6,1,693,"hc_norm-9"," (reshaped)","blk.9.hc_ffn_norm.weight"
570,23,UNARY,0,31,0,867,"hc_gate-9","node_1629",""
570,34,SCALE,0,0,2,887,"ffn_moe_inp-9","node_1640",""
570,38,ARGSORT,0,20,0,1014,"ffn_moe_argsort-9","ffn_moe_probs-9",""
570,70,ADD,0,1,1,1776,"ffn_moe_out-9","node_1676","ffn_moe_weighted-9 (view)"
570,74,MUL_MAT,0,30,8,1896,"ffn_shexp-9","blk.9.ffn_down_shexp.weight","ffn_swiglu-9"
570,77,MUL,0,2,0,1904,"ffn_shexp_gated-9","ffn_shexp-9","shared_expert_gate_sigmoid-9"
570,78,ADD,0,1,1,1906,"ffn_out-9","ffn_moe_out-9","ffn_shexp_gated-9"
570,81,MUL_MAT,0,5,5,1919,"hc_inject-9","blk.9.hc_ffn_inject.weight","hc_norm-9"
570,87,ADD,0,1,1,1933,"l_last-9","hc_combine-9","node_1693"
570,90,MUL,0,6,0,1944,"hc_norm-10"," (reshaped)","blk.10.hc_attn_norm.weight"
570,95,UNARY,0,31,0,2123,"hc_gate-10","node_1701",""
570,106,SCALE,0,0,2,2138,"hc_mixed-10","node_1712",""
570,152,RMS_NORM,0,1,1,3297,"norm-10","attn_output-10",""
571,5,MUL_MAT,0,187,166,696,"linear_attn_out-10","blk.10.ssm_out.weight","final_output-10"
571,9,MUL_MAT,0,7,6,719,"hc_inject-10","blk.10.hc_attn_inject.weight","hc_norm-10"
571,15,ADD,0,1,1,739,"hc_combine-10","l_last-9","node_1775"
571,18,MUL,0,5,1,749,"hc_norm-10"," (reshaped)","blk.10.hc_ffn_norm.weight"
571,23,UNARY,0,21,0,1004,"hc_gate-10","node_1783",""
571,34,SCALE,0,0,2,1095,"ffn_moe_inp-10","node_1794",""
571,38,ARGSORT,0,18,0,1222,"ffn_moe_argsort-10","ffn_moe_probs-10",""
571,70,ADD,0,0,2,1887,"ffn_moe_out-10","node_1830","ffn_moe_weighted-10 (view)"
571,74,MUL_MAT,0,20,23,2005,"ffn_shexp-10","blk.10.ffn_down_shexp.weight","ffn_swiglu-10"
571,77,MUL,0,2,0,2013,"ffn_shexp_gated-10","ffn_shexp-10","shared_expert_gate_sigmoid-10"
571,78,ADD,0,1,2,2016,"ffn_out-10","ffn_moe_out-10","ffn_shexp_gated-10"
571,81,MUL_MAT,0,5,6,2030,"hc_inject-10","blk.10.hc_ffn_inject.weight","hc_norm-10"
571,87,ADD,0,1,1,2044,"l_last-10","hc_combine-10","node_1847"
571,90,MUL,0,5,0,2059,"hc_norm-11"," (reshaped)","blk.11.hc_attn_norm.weight"
571,95,UNARY,0,21,0,2240,"hc_gate-11","node_1855",""
571,106,SCALE,0,0,1,2259,"hc_mixed-11","node_1866",""
571,151,RMS_NORM,0,3,1,2998,"norm-11","indexer_k_pooled-11 (reshaped)",""
572,38,MUL_MAT,0,181,123,522,"attn_output-11","blk.11.attn_output.weight","attn_gated-11"
572,41,MUL_MAT,0,5,7,536,"hc_inject-11","blk.11.hc_attn_inject.weight","hc_norm-11"
572,47,ADD,0,1,1,550,"hc_combine-11","l_last-10","node_1962"
572,50,MUL,0,5,1,559,"hc_norm-11"," (reshaped)","blk.11.hc_ffn_norm.weight"
572,55,UNARY,0,20,0,732,"hc_gate-11","node_1970",""
572,66,SCALE,0,1,1,748,"ffn_moe_inp-11","node_1981",""
572,70,ARGSORT,0,18,0,868,"ffn_moe_argsort-11","ffn_moe_probs-11",""
572,102,ADD,0,1,1,1557,"ffn_moe_out-11","node_2017","ffn_moe_weighted-11 (view)"
572,106,MUL_MAT,0,21,17,1670,"ffn_shexp-11","blk.11.ffn_down_shexp.weight","ffn_swiglu-11"
572,109,MUL,0,1,0,1679,"ffn_shexp_gated-11","ffn_shexp-11","shared_expert_gate_sigmoid-11"
572,110,ADD,0,1,1,1681,"ffn_out-11","ffn_moe_out-11","ffn_shexp_gated-11"
572,113,MUL_MAT,0,6,7,1697,"hc_inject-11","blk.11.hc_ffn_inject.weight","hc_norm-11"
572,119,ADD,0,1,1,1714,"l_last-11","hc_combine-11","node_2034"
572,122,MUL,0,6,0,1724,"hc_norm-12"," (reshaped)","blk.12.hc_attn_norm.weight"
572,127,UNARY,0,21,0,1898,"hc_gate-12","node_2042",""
572,138,SCALE,0,0,2,1926,"hc_mixed-12","node_2053",""
572,184,RMS_NORM,0,1,2,3180,"norm-12","attn_output-12",""
573,5,MUL_MAT,0,270,72,656,"linear_attn_out-12","blk.12.ssm_out.weight","final_output-12"
573,9,MUL_MAT,0,7,2,672,"hc_inject-12","blk.12.hc_attn_inject.weight","hc_norm-12"
573,15,ADD,0,1,2,685,"hc_combine-12","l_last-11","node_2116"
573,18,MUL,0,6,1,696,"hc_norm-12"," (reshaped)","blk.12.hc_ffn_norm.weight"
573,23,UNARY,0,31,0,882,"hc_gate-12","node_2124",""
573,34,SCALE,0,0,2,899,"ffn_moe_inp-12","node_2135",""
573,38,ARGSORT,0,21,0,1033,"ffn_moe_argsort-12","ffn_moe_probs-12",""
573,70,ADD,0,1,8,2209,"ffn_moe_out-12","node_2171","ffn_moe_weighted-12 (view)"
573,74,MUL_MAT,0,31,12,2331,"ffn_shexp-12","blk.12.ffn_down_shexp.weight","ffn_swiglu-12"
573,77,MUL,0,2,0,2339,"ffn_shexp_gated-12","ffn_shexp-12","shared_expert_gate_sigmoid-12"
573,78,ADD,0,1,1,2341,"ffn_out-12","ffn_moe_out-12","ffn_shexp_gated-12"
573,81,MUL_MAT,0,6,3,2352,"hc_inject-12","blk.12.hc_ffn_inject.weight","hc_norm-12"
573,87,ADD,0,2,1,2365,"l_last-12","hc_combine-12","node_2188"
573,90,MUL,0,6,0,2375,"hc_norm-13"," (reshaped)","blk.13.hc_attn_norm.weight"
573,95,UNARY,0,31,1,2568,"hc_gate-13","node_2196",""
573,106,SCALE,0,0,1,2583,"hc_mixed-13","node_2207",""
573,152,RMS_NORM,0,1,2,3701,"norm-13","attn_output-13",""
574,5,MUL_MAT,0,197,197,711,"linear_attn_out-13","blk.13.ssm_out.weight","final_output-13"
574,9,MUL_MAT,0,7,1,723,"hc_inject-13","blk.13.hc_attn_inject.weight","hc_norm-13"
574,15,ADD,0,2,6,742,"hc_combine-13","l_last-12","node_2270"
574,18,MUL,0,5,4,755,"hc_norm-13"," (reshaped)","blk.13.hc_ffn_norm.weight"
574,23,UNARY,0,21,0,923,"hc_gate-13","node_2278",""
574,34,SCALE,0,0,2,944,"ffn_moe_inp-13","node_2289",""
574,38,ARGSORT,0,19,1,1070,"ffn_moe_argsort-13","ffn_moe_probs-13",""
574,70,ADD,0,1,1,1710,"ffn_moe_out-13","node_2325","ffn_moe_weighted-13 (view)"
574,74,MUL_MAT,0,20,16,1830,"ffn_shexp-13","blk.13.ffn_down_shexp.weight","ffn_swiglu-13"
574,77,MUL,0,2,0,1838,"ffn_shexp_gated-13","ffn_shexp-13","shared_expert_gate_sigmoid-13"
574,78,ADD,0,1,1,1840,"ffn_out-13","ffn_moe_out-13","ffn_shexp_gated-13"
574,81,MUL_MAT,0,6,4,1852,"hc_inject-13","blk.13.hc_ffn_inject.weight","hc_norm-13"
574,87,ADD,0,2,9,1872,"l_last-13","hc_combine-13","node_2342"
574,90,MUL,0,5,0,1880,"hc_norm-14"," (reshaped)","blk.14.hc_attn_norm.weight"
574,95,UNARY,0,22,0,2058,"hc_gate-14","node_2350",""
574,106,SCALE,0,0,2,2073,"hc_mixed-14","node_2361",""
574,152,RMS_NORM,0,0,2,3075,"norm-14","attn_output-14",""
575,5,MUL_MAT,0,319,16,644,"linear_attn_out-14","blk.14.ssm_out.weight","final_output-14"
575,9,MUL_MAT,0,17,6,674,"hc_inject-14","blk.14.hc_attn_inject.weight","hc_norm-14"
575,15,ADD,0,2,1,695,"hc_combine-14","l_last-13","node_2424"
575,18,MUL,0,8,0,707,"hc_norm-14"," (reshaped)","blk.14.hc_ffn_norm.weight"
575,23,UNARY,0,33,0,890,"hc_gate-14","node_2432",""
575,34,SCALE,0,0,1,906,"ffn_moe_inp-14","node_2443",""
575,38,ARGSORT,0,22,1,1037,"ffn_moe_argsort-14","ffn_moe_probs-14",""
575,70,ADD,0,1,1,1689,"ffn_moe_out-14","node_2479","ffn_moe_weighted-14 (view)"
575,74,MUL_MAT,0,35,1,1808,"ffn_shexp-14","blk.14.ffn_down_shexp.weight","ffn_swiglu-14"
575,77,MUL,0,3,1,1831,"ffn_shexp_gated-14","ffn_shexp-14","shared_expert_gate_sigmoid-14"
575,78,ADD,0,2,0,1833,"ffn_out-14","ffn_moe_out-14","ffn_shexp_gated-14"
575,81,MUL_MAT,0,11,0,1848,"hc_inject-14","blk.14.hc_ffn_inject.weight","hc_norm-14"
575,87,ADD,0,1,1,1862,"l_last-14","hc_combine-14","node_2496"
575,90,MUL,0,9,0,1875,"hc_norm-15"," (reshaped)","blk.15.hc_attn_norm.weight"
575,95,UNARY,0,33,1,2057,"hc_gate-15","node_2504",""
575,106,SCALE,0,1,0,2074,"hc_mixed-15","node_2515",""
575,151,RMS_NORM,0,8,0,2846,"norm-15","indexer_k_pooled-15 (reshaped)",""
576,38,MUL_MAT,0,357,13,678,"attn_output-15","blk.15.attn_output.weight","attn_gated-15"
576,41,MUL_MAT,0,12,1,743,"hc_inject-15","blk.15.hc_attn_inject.weight","hc_norm-15"
576,47,ADD,0,2,1,756,"hc_combine-15","l_last-14","node_2611"
576,50,MUL,0,9,1,770,"hc_norm-15"," (reshaped)","blk.15.hc_ffn_norm.weight"
576,55,UNARY,0,33,0,989,"hc_gate-15","node_2619",""
576,66,SCALE,0,1,1,1009,"ffn_moe_inp-15","node_2630",""
576,70,ARGSORT,0,21,0,1153,"ffn_moe_argsort-15","ffn_moe_probs-15",""
576,102,ADD,0,2,0,1784,"ffn_moe_out-15","node_2666","ffn_moe_weighted-15 (view)"
576,106,MUL_MAT,0,34,11,1904,"ffn_shexp-15","blk.15.ffn_down_shexp.weight","ffn_swiglu-15"
576,109,MUL,0,4,0,1917,"ffn_shexp_gated-15","ffn_shexp-15","shared_expert_gate_sigmoid-15"
576,110,ADD,0,2,3,1922,"ffn_out-15","ffn_moe_out-15","ffn_shexp_gated-15"
576,113,MUL_MAT,0,9,4,1944,"hc_inject-15","blk.15.hc_ffn_inject.weight","hc_norm-15"
576,119,ADD,0,2,1,1958,"l_last-15","hc_combine-15","node_2683"
576,122,MUL,0,9,0,1972,"hc_norm-16"," (reshaped)","blk.16.hc_attn_norm.weight"
576,127,UNARY,0,33,0,2158,"hc_gate-16","node_2691",""
576,138,SCALE,0,0,2,2177,"hc_mixed-16","node_2702",""
576,184,RMS_NORM,0,0,1,3463,"norm-16","attn_output-16",""
577,5,MUL_MAT,0,327,2,647,"linear_attn_out-16","blk.16.ssm_out.weight","final_output-16"
577,9,MUL_MAT,0,9,4,665,"hc_inject-16","blk.16.hc_attn_inject.weight","hc_norm-16"
577,15,ADD,0,1,1,680,"hc_combine-16","l_last-15","node_2765"
577,18,MUL,0,8,1,694,"hc_norm-16"," (reshaped)","blk.16.hc_ffn_norm.weight"
577,23,UNARY,0,34,0,886,"hc_gate-16","node_2773",""
577,34,SCALE,0,0,1,1079,"ffn_moe_inp-16","node_2784",""
577,38,ARGSORT,0,23,1,1210,"ffn_moe_argsort-16","ffn_moe_probs-16",""
577,70,ADD,0,2,7,1951,"ffn_moe_out-16","node_2820","ffn_moe_weighted-16 (view)"
577,74,MUL_MAT,0,35,2,2081,"ffn_shexp-16","blk.16.ffn_down_shexp.weight","ffn_swiglu-16"
577,77,MUL,0,3,0,2097,"ffn_shexp_gated-16","ffn_shexp-16","shared_expert_gate_sigmoid-16"
577,78,ADD,0,1,6,2105,"ffn_out-16","ffn_moe_out-16","ffn_shexp_gated-16"
577,81,MUL_MAT,0,8,7,2125,"hc_inject-16","blk.16.hc_ffn_inject.weight","hc_norm-16"
577,87,ADD,0,2,4,2176,"l_last-16","hc_combine-16","node_2837"
577,90,MUL,0,9,34,2224,"hc_norm-17"," (reshaped)","blk.17.hc_attn_norm.weight"
577,95,UNARY,0,34,55,2472,"hc_gate-17","node_2845",""
577,106,SCALE,0,0,2,2492,"hc_mixed-17","node_2856",""
577,152,RMS_NORM,0,1,1,3784,"norm-17","attn_output-17",""
578,5,MUL_MAT,0,304,6,613,"linear_attn_out-17","blk.17.ssm_out.weight","final_output-17"
578,9,MUL_MAT,0,9,4,630,"hc_inject-17","blk.17.hc_attn_inject.weight","hc_norm-17"
578,15,ADD,0,2,1,644,"hc_combine-17","l_last-16","node_2919"
578,18,MUL,0,9,0,657,"hc_norm-17"," (reshaped)","blk.17.hc_ffn_norm.weight"
578,23,UNARY,0,34,1,848,"hc_gate-17","node_2927",""
578,34,SCALE,0,0,1,871,"ffn_moe_inp-17","node_2938",""
578,38,ARGSORT,0,22,0,1005,"ffn_moe_argsort-17","ffn_moe_probs-17",""
578,70,ADD,0,1,0,1776,"ffn_moe_out-17","node_2974","ffn_moe_weighted-17 (view)"
578,74,MUL_MAT,0,41,0,1903,"ffn_shexp-17","blk.17.ffn_down_shexp.weight","ffn_swiglu-17"
578,77,MUL,0,4,0,1914,"ffn_shexp_gated-17","ffn_shexp-17","shared_expert_gate_sigmoid-17"
578,78,ADD,0,2,0,1916,"ffn_out-17","ffn_moe_out-17","ffn_shexp_gated-17"
578,81,MUL_MAT,0,9,6,1935,"hc_inject-17","blk.17.hc_ffn_inject.weight","hc_norm-17"
578,87,ADD,0,2,1,1956,"l_last-17","hc_combine-17","node_2991"
578,90,MUL,0,9,1,1970,"hc_norm-18"," (reshaped)","blk.18.hc_attn_norm.weight"
578,95,UNARY,0,34,1,2188,"hc_gate-18","node_2999",""
578,106,SCALE,0,0,2,2210,"hc_mixed-18","node_3010",""
578,152,RMS_NORM,0,0,1,3584,"norm-18","attn_output-18",""
579,5,MUL_MAT,0,318,4,628,"linear_attn_out-18","blk.18.ssm_out.weight","final_output-18"
579,9,MUL_MAT,0,7,4,647,"hc_inject-18","blk.18.hc_attn_inject.weight","hc_norm-18"
579,15,ADD,0,1,2,661,"hc_combine-18","l_last-17","node_3073"
579,18,MUL,0,8,1,675,"hc_norm-18"," (reshaped)","blk.18.hc_ffn_norm.weight"
579,23,UNARY,0,34,0,862,"hc_gate-18","node_3081",""
579,34,SCALE,0,0,2,882,"ffn_moe_inp-18","node_3092",""
579,38,ARGSORT,0,23,0,1014,"ffn_moe_argsort-18","ffn_moe_probs-18",""
579,70,ADD,0,2,0,1656,"ffn_moe_out-18","node_3128","ffn_moe_weighted-18 (view)"
579,74,MUL_MAT,0,33,2,1780,"ffn_shexp-18","blk.18.ffn_down_shexp.weight","ffn_swiglu-18"
579,77,MUL,0,3,0,1796,"ffn_shexp_gated-18","ffn_shexp-18","shared_expert_gate_sigmoid-18"
579,78,ADD,0,1,1,1799,"ffn_out-18","ffn_moe_out-18","ffn_shexp_gated-18"
579,81,MUL_MAT,0,8,4,1822,"hc_inject-18","blk.18.hc_ffn_inject.weight","hc_norm-18"
579,87,ADD,0,2,1,1836,"l_last-18","hc_combine-18","node_3145"
579,90,MUL,0,9,0,1849,"hc_norm-19"," (reshaped)","blk.19.hc_attn_norm.weight"
579,95,UNARY,0,34,0,2037,"hc_gate-19","node_3153",""
579,106,SCALE,0,0,2,2056,"hc_mixed-19","node_3164",""
579,151,RMS_NORM,0,9,0,2941,"norm-19","indexer_k_pooled-19 (reshaped)",""
580,38,MUL_MAT,0,283,71,622,"attn_output-19","blk.19.attn_output.weight","attn_gated-19"
580,41,MUL_MAT,0,8,3,636,"hc_inject-19","blk.19.hc_attn_inject.weight","hc_norm-19"
580,47,ADD,0,2,1,665,"hc_combine-19","l_last-18","node_3260"
580,50,MUL,0,5,5,679,"hc_norm-19"," (reshaped)","blk.19.hc_ffn_norm.weight"
580,55,UNARY,0,31,0,909,"hc_gate-19","node_3268",""
580,66,SCALE,0,0,5,942,"ffn_moe_inp-19","node_3279",""
580,70,ARGSORT,0,21,1,1128,"ffn_moe_argsort-19","ffn_moe_probs-19",""
580,102,ADD,0,1,1,1827,"ffn_moe_out-19","node_3315","ffn_moe_weighted-19 (view)"
580,106,MUL_MAT,0,27,8,1957,"ffn_shexp-19","blk.19.ffn_down_shexp.weight","ffn_swiglu-19"
580,109,MUL,0,2,0,1965,"ffn_shexp_gated-19","ffn_shexp-19","shared_expert_gate_sigmoid-19"
580,110,ADD,0,2,0,1967,"ffn_out-19","ffn_moe_out-19","ffn_shexp_gated-19"
580,113,MUL_MAT,0,7,2,1979,"hc_inject-19","blk.19.hc_ffn_inject.weight","hc_norm-19"
580,119,ADD,0,1,1,1991,"l_last-19","hc_combine-19","node_3332"
580,122,MUL,0,7,0,2001,"hc_norm-20"," (reshaped)","blk.20.hc_attn_norm.weight"
580,127,UNARY,0,31,0,2176,"hc_gate-20","node_3340",""
580,138,SCALE,0,0,2,2200,"hc_mixed-20","node_3351",""
580,184,RMS_NORM,0,1,2,3248,"norm-20","attn_output-20",""
581,5,MUL_MAT,0,251,71,759,"linear_attn_out-20","blk.20.ssm_out.weight","final_output-20"
581,9,MUL_MAT,0,6,2,771,"hc_inject-20","blk.20.hc_attn_inject.weight","hc_norm-20"
581,15,ADD,0,2,1,783,"hc_combine-20","l_last-19","node_3414"
581,18,MUL,0,6,0,793,"hc_norm-20"," (reshaped)","blk.20.hc_ffn_norm.weight"
581,23,UNARY,0,46,1,1102,"hc_gate-20","node_3422",""
581,34,SCALE,0,0,2,1124,"ffn_moe_inp-20","node_3433",""
581,38,ARGSORT,0,20,0,1254,"ffn_moe_argsort-20","ffn_moe_probs-20",""
581,70,ADD,0,1,0,1977,"ffn_moe_out-20","node_3469","ffn_moe_weighted-20 (view)"
581,74,MUL_MAT,0,20,24,2120,"ffn_shexp-20","blk.20.ffn_down_shexp.weight","ffn_swiglu-20"
581,77,MUL,0,2,0,2128,"ffn_shexp_gated-20","ffn_shexp-20","shared_expert_gate_sigmoid-20"
581,78,ADD,0,1,1,2130,"ffn_out-20","ffn_moe_out-20","ffn_shexp_gated-20"
581,81,MUL_MAT,0,6,6,2145,"hc_inject-20","blk.20.hc_ffn_inject.weight","hc_norm-20"
581,87,ADD,0,1,1,2156,"l_last-20","hc_combine-20","node_3486"
581,90,MUL,0,7,0,2166,"hc_norm-21"," (reshaped)","blk.21.hc_attn_norm.weight"
581,95,UNARY,0,32,0,2371,"hc_gate-21","node_3494",""
581,106,SCALE,0,0,1,2388,"hc_mixed-21","node_3505",""
581,152,RMS_NORM,0,0,3,3603,"norm-21","attn_output-21",""
582,5,MUL_MAT,0,202,127,662,"linear_attn_out-21","blk.21.ssm_out.weight","final_output-21"
582,9,MUL_MAT,0,7,3,675,"hc_inject-21","blk.21.hc_attn_inject.weight","hc_norm-21"
582,15,ADD,0,2,1,688,"hc_combine-21","l_last-20","node_3568"
582,18,MUL,0,5,0,696,"hc_norm-21"," (reshaped)","blk.21.hc_ffn_norm.weight"
582,23,UNARY,0,21,0,877,"hc_gate-21","node_3576",""
582,34,SCALE,0,0,2,893,"ffn_moe_inp-21","node_3587",""
582,38,ARGSORT,0,18,0,1016,"ffn_moe_argsort-21","ffn_moe_probs-21",""
582,70,ADD,0,1,1,2196,"ffn_moe_out-21","node_3623","ffn_moe_weighted-21 (view)"
582,74,MUL_MAT,0,19,18,2319,"ffn_shexp-21","blk.21.ffn_down_shexp.weight","ffn_swiglu-21"
582,77,MUL,0,1,0,2336,"ffn_shexp_gated-21","ffn_shexp-21","shared_expert_gate_sigmoid-21"
582,78,ADD,0,1,1,2338,"ffn_out-21","ffn_moe_out-21","ffn_shexp_gated-21"
582,81,MUL_MAT,0,5,4,2470,"hc_inject-21","blk.21.hc_ffn_inject.weight","hc_norm-21"
582,87,ADD,0,2,0,2483,"l_last-21","hc_combine-21","node_3640"
582,90,MUL,0,7,0,2495,"hc_norm-22"," (reshaped)","blk.22.hc_attn_norm.weight"
582,95,UNARY,0,31,1,2695,"hc_gate-22","node_3648",""
582,106,SCALE,0,1,2,2715,"hc_mixed-22","node_3659",""
582,152,RMS_NORM,0,0,2,3851,"norm-22","attn_output-22",""
583,5,MUL_MAT,0,281,48,651,"linear_attn_out-22","blk.22.ssm_out.weight","final_output-22"
583,9,MUL_MAT,0,8,0,663,"hc_inject-22","blk.22.hc_attn_inject.weight","hc_norm-22"
583,15,ADD,0,2,1,676,"hc_combine-22","l_last-21","node_3722"
583,18,MUL,0,7,1,687,"hc_norm-22"," (reshaped)","blk.22.hc_ffn_norm.weight"
583,23,UNARY,0,31,0,866,"hc_gate-22","node_3730",""
583,34,SCALE,0,0,1,894,"ffn_moe_inp-22","node_3741",""
583,38,ARGSORT,0,20,0,1021,"ffn_moe_argsort-22","ffn_moe_probs-22",""
583,70,ADD,0,1,6,1700,"ffn_moe_out-22","node_3777","ffn_moe_weighted-22 (view)"
583,74,MUL_MAT,0,31,5,1817,"ffn_shexp-22","blk.22.ffn_down_shexp.weight","ffn_swiglu-22"
583,77,MUL,0,2,1,1826,"ffn_shexp_gated-22","ffn_shexp-22","shared_expert_gate_sigmoid-22"
583,78,ADD,0,1,1,1828,"ffn_out-22","ffn_moe_out-22","ffn_shexp_gated-22"
583,81,MUL_MAT,0,6,2,1838,"hc_inject-22","blk.22.hc_ffn_inject.weight","hc_norm-22"
583,87,ADD,0,2,1,1852,"l_last-22","hc_combine-22","node_3794"
583,90,MUL,0,6,0,1862,"hc_norm-23"," (reshaped)","blk.23.hc_attn_norm.weight"
583,95,UNARY,0,31,0,2066,"hc_gate-23","node_3802",""
583,106,SCALE,0,0,1,2082,"hc_mixed-23","node_3813",""
583,151,RMS_NORM,0,5,0,3010,"norm-23","indexer_k_pooled-23 (reshaped)",""
584,38,MUL_MAT,0,256,62,555,"attn_output-23","blk.23.attn_output.weight","attn_gated-23"
584,41,MUL_MAT,0,7,2,567,"hc_inject-23","blk.23.hc_attn_inject.weight","hc_norm-23"
584,47,ADD,0,2,1,581,"hc_combine-23","l_last-22","node_3909"
584,50,MUL,0,7,0,592,"hc_norm-23"," (reshaped)","blk.23.hc_ffn_norm.weight"
584,55,UNARY,0,46,0,780,"hc_gate-23","node_3917",""
584,66,SCALE,0,0,1,796,"ffn_moe_inp-23","node_3928",""
584,70,ARGSORT,0,21,1,918,"ffn_moe_argsort-23","ffn_moe_probs-23",""
584,102,ADD,0,1,0,1580,"ffn_moe_out-23","node_3964","ffn_moe_weighted-23 (view)"
584,106,MUL_MAT,0,26,13,1690,"ffn_shexp-23","blk.23.ffn_down_shexp.weight","ffn_swiglu-23"
584,109,MUL,0,2,0,1701,"ffn_shexp_gated-23","ffn_shexp-23","shared_expert_gate_sigmoid-23"
584,110,ADD,0,1,1,1703,"ffn_out-23","ffn_moe_out-23","ffn_shexp_gated-23"
584,113,MUL_MAT,0,6,3,1714,"hc_inject-23","blk.23.hc_ffn_inject.weight","hc_norm-23"
584,119,ADD,0,1,0,1729,"l_last-23","hc_combine-23","node_3981"
584,122,MUL,0,7,0,1740,"hc_norm-24"," (reshaped)","blk.24.hc_attn_norm.weight"
584,127,UNARY,0,31,0,1934,"hc_gate-24","node_3989",""
584,138,SCALE,0,0,1,1948,"hc_mixed-24","node_4000",""
584,184,RMS_NORM,0,0,2,2990,"norm-24","attn_output-24",""
585,5,MUL_MAT,0,285,67,665,"linear_attn_out-24","blk.24.ssm_out.weight","final_output-24"
585,9,MUL_MAT,0,8,4,680,"hc_inject-24","blk.24.hc_attn_inject.weight","hc_norm-24"
585,15,ADD,0,1,2,701,"hc_combine-24","l_last-23","node_4063"
585,18,MUL,0,7,0,716,"hc_norm-24"," (reshaped)","blk.24.hc_ffn_norm.weight"
585,23,UNARY,0,31,0,909,"hc_gate-24","node_4071",""
585,34,SCALE,0,0,0,932,"ffn_moe_inp-24","node_4082",""
585,38,ARGSORT,0,21,0,1069,"ffn_moe_argsort-24","ffn_moe_probs-24",""
585,70,ADD,0,1,1,1797,"ffn_moe_out-24","node_4118","ffn_moe_weighted-24 (view)"
585,74,MUL_MAT,0,31,10,1940,"ffn_shexp-24","blk.24.ffn_down_shexp.weight","ffn_swiglu-24"
585,77,MUL,0,2,0,1949,"ffn_shexp_gated-24","ffn_shexp-24","shared_expert_gate_sigmoid-24"
585,78,ADD,0,1,1,1951,"ffn_out-24","ffn_moe_out-24","ffn_shexp_gated-24"
585,81,MUL_MAT,0,7,5,1966,"hc_inject-24","blk.24.hc_ffn_inject.weight","hc_norm-24"
585,87,ADD,0,1,1,1977,"l_last-24","hc_combine-24","node_4135"
585,90,MUL,0,6,5,1992,"hc_norm-25"," (reshaped)","blk.25.hc_attn_norm.weight"
585,95,UNARY,0,31,0,2190,"hc_gate-25","node_4143",""
585,106,SCALE,0,0,2,2206,"hc_mixed-25","node_4154",""
585,152,RMS_NORM,0,1,2,3384,"norm-25","attn_output-25",""
586,5,MUL_MAT,0,289,36,642,"linear_attn_out-25","blk.25.ssm_out.weight","final_output-25"
586,9,MUL_MAT,0,6,3,655,"hc_inject-25","blk.25.hc_attn_inject.weight","hc_norm-25"
586,15,ADD,0,2,2,669,"hc_combine-25","l_last-24","node_4217"
586,18,MUL,0,6,1,684,"hc_norm-25"," (reshaped)","blk.25.hc_ffn_norm.weight"
586,23,UNARY,0,30,1,878,"hc_gate-25","node_4225",""
586,34,SCALE,0,0,2,895,"ffn_moe_inp-25","node_4236",""
586,38,ARGSORT,0,20,1,1025,"ffn_moe_argsort-25","ffn_moe_probs-25",""
586,70,ADD,0,1,0,1630,"ffn_moe_out-25","node_4272","ffn_moe_weighted-25 (view)"
586,74,MUL_MAT,0,30,5,1744,"ffn_shexp-25","blk.25.ffn_down_shexp.weight","ffn_swiglu-25"
586,77,MUL,0,2,2,1760,"ffn_shexp_gated-25","ffn_shexp-25","shared_expert_gate_sigmoid-25"
586,78,ADD,0,1,6,1768,"ffn_out-25","ffn_moe_out-25","ffn_shexp_gated-25"
586,81,MUL_MAT,0,7,1,1778,"hc_inject-25","blk.25.hc_ffn_inject.weight","hc_norm-25"
586,87,ADD,0,2,0,1802,"l_last-25","hc_combine-25","node_4289"
586,90,MUL,0,6,1,1813,"hc_norm-26"," (reshaped)","blk.26.hc_attn_norm.weight"
586,95,UNARY,0,30,1,1995,"hc_gate-26","node_4297",""
586,106,SCALE,0,1,1,2010,"hc_mixed-26","node_4308",""
586,152,RMS_NORM,0,1,0,3147,"norm-26","attn_output-26",""
587,5,MUL_MAT,0,255,63,630,"linear_attn_out-26","blk.26.ssm_out.weight","final_output-26"
587,9,MUL_MAT,0,8,3,647,"hc_inject-26","blk.26.hc_attn_inject.weight","hc_norm-26"
587,15,ADD,0,2,0,669,"hc_combine-26","l_last-25","node_4371"
587,18,MUL,0,6,0,679,"hc_norm-26"," (reshaped)","blk.26.hc_ffn_norm.weight"
587,23,UNARY,0,31,0,860,"hc_gate-26","node_4379",""
587,34,SCALE,0,0,2,878,"ffn_moe_inp-26","node_4390",""
587,38,ARGSORT,0,21,0,1001,"ffn_moe_argsort-26","ffn_moe_probs-26",""
587,70,ADD,0,1,1,1623,"ffn_moe_out-26","node_4426","ffn_moe_weighted-26 (view)"
587,74,MUL_MAT,0,30,9,1745,"ffn_shexp-26","blk.26.ffn_down_shexp.weight","ffn_swiglu-26"
587,77,MUL,0,2,0,1752,"ffn_shexp_gated-26","ffn_shexp-26","shared_expert_gate_sigmoid-26"
587,78,ADD,0,1,1,1755,"ffn_out-26","ffn_moe_out-26","ffn_shexp_gated-26"
587,81,MUL_MAT,0,5,3,1766,"hc_inject-26","blk.26.hc_ffn_inject.weight","hc_norm-26"
587,87,ADD,0,1,1,1778,"l_last-26","hc_combine-26","node_4443"
587,90,MUL,0,5,1,1796,"hc_norm-27"," (reshaped)","blk.27.hc_attn_norm.weight"
587,95,UNARY,0,31,0,1976,"hc_gate-27","node_4451",""
587,106,SCALE,0,0,2,1993,"hc_mixed-27","node_4462",""
587,151,RMS_NORM,0,4,0,2869,"norm-27","indexer_k_pooled-27 (reshaped)",""
588,38,MUL_MAT,0,273,66,564,"attn_output-27","blk.27.attn_output.weight","attn_gated-27"
588,41,MUL_MAT,0,7,1,583,"hc_inject-27","blk.27.hc_attn_inject.weight","hc_norm-27"
588,47,ADD,0,2,1,601,"hc_combine-27","l_last-26","node_4558"
588,50,MUL,0,7,0,612,"hc_norm-27"," (reshaped)","blk.27.hc_ffn_norm.weight"
588,55,UNARY,0,50,1,820,"hc_gate-27","node_4566",""
588,66,SCALE,0,0,2,838,"ffn_moe_inp-27","node_4577",""
588,70,ARGSORT,0,21,0,971,"ffn_moe_argsort-27","ffn_moe_probs-27",""
588,102,ADD,0,1,0,1830,"ffn_moe_out-27","node_4613","ffn_moe_weighted-27 (view)"
588,106,MUL_MAT,0,25,11,1944,"ffn_shexp-27","blk.27.ffn_down_shexp.weight","ffn_swiglu-27"
588,109,MUL,0,2,1,1953,"ffn_shexp_gated-27","ffn_shexp-27","shared_expert_gate_sigmoid-27"
588,110,ADD,0,1,0,1954,"ffn_out-27","ffn_moe_out-27","ffn_shexp_gated-27"
588,113,MUL_MAT,0,6,6,1970,"hc_inject-27","blk.27.hc_ffn_inject.weight","hc_norm-27"
588,119,ADD,0,1,2,1984,"l_last-27","hc_combine-27","node_4630"
588,122,MUL,0,6,1,1995,"hc_norm-28"," (reshaped)","blk.28.hc_attn_norm.weight"
588,127,UNARY,0,21,1,2163,"hc_gate-28","node_4638",""
588,138,SCALE,0,0,1,2177,"hc_mixed-28","node_4649",""
588,184,RMS_NORM,0,0,3,3202,"norm-28","attn_output-28",""
589,5,MUL_MAT,0,159,167,641,"linear_attn_out-28","blk.28.ssm_out.weight","final_output-28"
589,9,MUL_MAT,0,6,5,655,"hc_inject-28","blk.28.hc_attn_inject.weight","hc_norm-28"
589,15,ADD,0,1,9,677,"hc_combine-28","l_last-27","node_4712"
589,18,MUL,0,5,1,689,"hc_norm-28"," (reshaped)","blk.28.hc_ffn_norm.weight"
589,23,UNARY,0,21,0,855,"hc_gate-28","node_4720",""
589,34,SCALE,0,0,1,873,"ffn_moe_inp-28","node_4731",""
589,38,ARGSORT,0,19,0,994,"ffn_moe_argsort-28","ffn_moe_probs-28",""
589,70,ADD,0,1,0,1625,"ffn_moe_out-28","node_4767","ffn_moe_weighted-28 (view)"
589,74,MUL_MAT,0,24,16,1755,"ffn_shexp-28","blk.28.ffn_down_shexp.weight","ffn_swiglu-28"
589,77,MUL,0,2,0,1762,"ffn_shexp_gated-28","ffn_shexp-28","shared_expert_gate_sigmoid-28"
589,78,ADD,0,1,1,1764,"ffn_out-28","ffn_moe_out-28","ffn_shexp_gated-28"
589,81,MUL_MAT,0,5,7,1785,"hc_inject-28","blk.28.hc_ffn_inject.weight","hc_norm-28"
589,87,ADD,0,1,1,1796,"l_last-28","hc_combine-28","node_4784"
589,90,MUL,0,6,0,1807,"hc_norm-29"," (reshaped)","blk.29.hc_attn_norm.weight"
589,95,UNARY,0,32,0,2035,"hc_gate-29","node_4792",""
589,106,SCALE,0,1,1,2055,"hc_mixed-29","node_4803",""
589,152,RMS_NORM,0,1,0,3175,"norm-29","attn_output-29",""
590,5,MUL_MAT,0,290,42,669,"linear_attn_out-29","blk.29.ssm_out.weight","final_output-29"
590,9,MUL_MAT,0,10,5,691,"hc_inject-29","blk.29.hc_attn_inject.weight","hc_norm-29"
590,15,ADD,0,2,1,717,"hc_combine-29","l_last-28","node_4866"
590,18,MUL,0,6,1,728,"hc_norm-29"," (reshaped)","blk.29.hc_ffn_norm.weight"
590,23,UNARY,0,31,0,911,"hc_gate-29","node_4874",""
590,34,SCALE,0,0,2,928,"ffn_moe_inp-29","node_4885",""
590,38,ARGSORT,0,21,0,1057,"ffn_moe_argsort-29","ffn_moe_probs-29",""
590,70,ADD,0,1,0,1707,"ffn_moe_out-29","node_4921","ffn_moe_weighted-29 (view)"
590,74,MUL_MAT,0,27,18,1828,"ffn_shexp-29","blk.29.ffn_down_shexp.weight","ffn_swiglu-29"
590,77,MUL,0,2,0,1844,"ffn_shexp_gated-29","ffn_shexp-29","shared_expert_gate_sigmoid-29"
590,78,ADD,0,1,0,1846,"ffn_out-29","ffn_moe_out-29","ffn_shexp_gated-29"
590,81,MUL_MAT,0,5,6,1860,"hc_inject-29","blk.29.hc_ffn_inject.weight","hc_norm-29"
590,87,ADD,0,2,1,1881,"l_last-29","hc_combine-29","node_4938"
590,90,MUL,0,7,0,1892,"hc_norm-30"," (reshaped)","blk.30.hc_attn_norm.weight"
590,95,UNARY,0,30,1,2095,"hc_gate-30","node_4946",""
590,106,SCALE,0,0,1,2110,"hc_mixed-30","node_4957",""
590,152,RMS_NORM,0,0,5,3211,"norm-30","attn_output-30",""
591,5,MUL_MAT,0,260,67,663,"linear_attn_out-30","blk.30.ssm_out.weight","final_output-30"
591,9,MUL_MAT,0,7,5,685,"hc_inject-30","blk.30.hc_attn_inject.weight","hc_norm-30"
591,15,ADD,0,1,2,702,"hc_combine-30","l_last-29","node_5020"
591,18,MUL,0,7,0,712,"hc_norm-30"," (reshaped)","blk.30.hc_ffn_norm.weight"
591,23,UNARY,0,30,0,899,"hc_gate-30","node_5028",""
591,34,SCALE,0,0,2,916,"ffn_moe_inp-30","node_5039",""
591,38,ARGSORT,0,20,1,1042,"ffn_moe_argsort-30","ffn_moe_probs-30",""
591,70,ADD,0,1,0,1804,"ffn_moe_out-30","node_5075","ffn_moe_weighted-30 (view)"
591,74,MUL_MAT,0,29,6,1929,"ffn_shexp-30","blk.30.ffn_down_shexp.weight","ffn_swiglu-30"
591,77,MUL,0,2,0,1937,"ffn_shexp_gated-30","ffn_shexp-30","shared_expert_gate_sigmoid-30"
591,78,ADD,0,2,0,1939,"ffn_out-30","ffn_moe_out-30","ffn_shexp_gated-30"
591,81,MUL_MAT,0,16,7,1964,"hc_inject-30","blk.30.hc_ffn_inject.weight","hc_norm-30"
591,87,ADD,0,1,1,1976,"l_last-30","hc_combine-30","node_5092"
591,90,MUL,0,6,0,1986,"hc_norm-31"," (reshaped)","blk.31.hc_attn_norm.weight"
591,95,UNARY,0,30,0,2173,"hc_gate-31","node_5100",""
591,106,SCALE,0,0,2,2189,"hc_mixed-31","node_5111",""
591,151,RMS_NORM,0,5,1,3111,"norm-31","indexer_k_pooled-31 (reshaped)",""
592,38,MUL_MAT,0,191,132,543,"attn_output-31","blk.31.attn_output.weight","attn_gated-31"
592,41,MUL_MAT,0,5,8,560,"hc_inject-31","blk.31.hc_attn_inject.weight","hc_norm-31"
592,47,ADD,0,2,1,585,"hc_combine-31","l_last-30","node_5207"
592,50,MUL,0,5,0,594,"hc_norm-31"," (reshaped)","blk.31.hc_ffn_norm.weight"
592,55,UNARY,0,20,1,772,"hc_gate-31","node_5215",""
592,66,SCALE,0,0,9,794,"ffn_moe_inp-31","node_5226",""
592,70,ARGSORT,0,19,0,918,"ffn_moe_argsort-31","ffn_moe_probs-31",""
592,102,ADD,0,1,2,1593,"ffn_moe_out-31","node_5262","ffn_moe_weighted-31 (view)"
592,106,MUL_MAT,0,24,17,1733,"ffn_shexp-31","blk.31.ffn_down_shexp.weight","ffn_swiglu-31"
592,109,MUL,0,1,1,1741,"ffn_shexp_gated-31","ffn_shexp-31","shared_expert_gate_sigmoid-31"
592,110,ADD,0,1,1,1743,"ffn_out-31","ffn_moe_out-31","ffn_shexp_gated-31"
592,113,MUL_MAT,0,5,8,1758,"hc_inject-31","blk.31.hc_ffn_inject.weight","hc_norm-31"
592,119,ADD,0,1,2,1771,"l_last-31","hc_combine-31","node_5279"
592,122,MUL,0,5,1,1781,"hc_norm-32"," (reshaped)","blk.32.hc_attn_norm.weight"
592,127,UNARY,0,20,1,1951,"hc_gate-32","node_5287",""
592,138,SCALE,0,0,1,1981,"hc_mixed-32","node_5298",""
592,184,RMS_NORM,0,1,2,3040,"norm-32","attn_output-32",""
593,5,MUL_MAT,0,195,137,650,"linear_attn_out-32","blk.32.ssm_out.weight","final_output-32"
593,9,MUL_MAT,0,6,8,667,"hc_inject-32","blk.32.hc_attn_inject.weight","hc_norm-32"
593,15,ADD,0,1,2,691,"hc_combine-32","l_last-31","node_5361"
593,18,MUL,0,5,1,704,"hc_norm-32"," (reshaped)","blk.32.hc_ffn_norm.weight"
593,23,UNARY,0,21,0,891,"hc_gate-32","node_5369",""
593,34,SCALE,0,0,2,906,"ffn_moe_inp-32","node_5380",""
593,38,ARGSORT,0,18,1,1039,"ffn_moe_argsort-32","ffn_moe_probs-32",""
593,70,ADD,0,1,1,1707,"ffn_moe_out-32","node_5416","ffn_moe_weighted-32 (view)"
593,74,MUL_MAT,0,29,17,1833,"ffn_shexp-32","blk.32.ffn_down_shexp.weight","ffn_swiglu-32"
593,77,MUL,0,2,0,1847,"ffn_shexp_gated-32","ffn_shexp-32","shared_expert_gate_sigmoid-32"
593,78,ADD,0,1,0,1849,"ffn_out-32","ffn_moe_out-32","ffn_shexp_gated-32"
593,81,MUL_MAT,0,5,8,1865,"hc_inject-32","blk.32.hc_ffn_inject.weight","hc_norm-32"
593,87,ADD,0,1,2,1880,"l_last-32","hc_combine-32","node_5433"
593,90,MUL,0,5,0,1889,"hc_norm-33"," (reshaped)","blk.33.hc_attn_norm.weight"
593,95,UNARY,0,21,0,2079,"hc_gate-33","node_5441",""
593,106,SCALE,0,0,10,2102,"hc_mixed-33","node_5452",""
593,152,RMS_NORM,0,1,5,3169,"norm-33","attn_output-33",""
594,5,MUL_MAT,0,170,154,629,"linear_attn_out-33","blk.33.ssm_out.weight","final_output-33"
594,9,MUL_MAT,0,7,8,646,"hc_inject-33","blk.33.hc_attn_inject.weight","hc_norm-33"
594,15,ADD,0,2,4,672,"hc_combine-33","l_last-32","node_5515"
594,18,MUL,0,4,1,681,"hc_norm-33"," (reshaped)","blk.33.hc_ffn_norm.weight"
594,23,UNARY,0,21,0,856,"hc_gate-33","node_5523",""
594,34,SCALE,0,0,2,872,"ffn_moe_inp-33","node_5534",""
594,38,ARGSORT,0,18,0,991,"ffn_moe_argsort-33","ffn_moe_probs-33",""
594,70,ADD,0,1,1,2093,"ffn_moe_out-33","node_5570","ffn_moe_weighted-33 (view)"
594,74,MUL_MAT,0,17,20,2205,"ffn_shexp-33","blk.33.ffn_down_shexp.weight","ffn_swiglu-33"
594,77,MUL,0,2,0,2222,"ffn_shexp_gated-33","ffn_shexp-33","shared_expert_gate_sigmoid-33"
594,78,ADD,0,0,1,2224,"ffn_out-33","ffn_moe_out-33","ffn_shexp_gated-33"
594,81,MUL_MAT,0,5,9,2241,"hc_inject-33","blk.33.hc_ffn_inject.weight","hc_norm-33"
594,87,ADD,0,1,1,2254,"l_last-33","hc_combine-33","node_5587"
594,90,MUL,0,5,0,2263,"hc_norm-34"," (reshaped)","blk.34.hc_attn_norm.weight"
594,95,UNARY,0,21,0,2436,"hc_gate-34","node_5595",""
594,106,SCALE,0,0,10,2472,"hc_mixed-34","node_5606",""
594,152,RMS_NORM,0,0,2,3502,"norm-34","attn_output-34",""
595,5,MUL_MAT,0,219,184,754,"linear_attn_out-34","blk.34.ssm_out.weight","final_output-34"
595,9,MUL_MAT,0,9,7,773,"hc_inject-34","blk.34.hc_attn_inject.weight","hc_norm-34"
595,15,ADD,0,3,1,787,"hc_combine-34","l_last-33","node_5669"
595,18,MUL,0,6,0,796,"hc_norm-34"," (reshaped)","blk.34.hc_ffn_norm.weight"
595,23,UNARY,0,27,0,1013,"hc_gate-34","node_5677",""
595,34,SCALE,0,0,2,1030,"ffn_moe_inp-34","node_5688",""
595,38,ARGSORT,0,19,0,1160,"ffn_moe_argsort-34","ffn_moe_probs-34",""
595,70,ADD,0,1,2,1848,"ffn_moe_out-34","node_5724","ffn_moe_weighted-34 (view)"
595,74,MUL_MAT,0,31,6,2320,"ffn_shexp-34","blk.34.ffn_down_shexp.weight","ffn_swiglu-34"
595,77,MUL,0,2,0,2332,"ffn_shexp_gated-34","ffn_shexp-34","shared_expert_gate_sigmoid-34"
595,78,ADD,0,1,1,2335,"ffn_out-34","ffn_moe_out-34","ffn_shexp_gated-34"
595,81,MUL_MAT,0,6,5,2348,"hc_inject-34","blk.34.hc_ffn_inject.weight","hc_norm-34"
595,87,ADD,0,2,1,2361,"l_last-34","hc_combine-34","node_5741"
595,90,MUL,0,6,1,2372,"hc_norm-35"," (reshaped)","blk.35.hc_attn_norm.weight"
595,95,UNARY,0,31,1,2558,"hc_gate-35","node_5749",""
595,106,SCALE,0,1,1,2583,"hc_mixed-35","node_5760",""
595,151,RMS_NORM,0,4,1,3397,"norm-35","indexer_k_pooled-35 (reshaped)",""
596,38,MUL_MAT,0,245,76,544,"attn_output-35","blk.35.attn_output.weight","attn_gated-35"
596,41,MUL_MAT,0,14,4,565,"hc_inject-35","blk.35.hc_attn_inject.weight","hc_norm-35"
596,47,ADD,0,2,1,578,"hc_combine-35","l_last-34","node_5856"
596,50,MUL,0,6,0,588,"hc_norm-35"," (reshaped)","blk.35.hc_ffn_norm.weight"
596,55,UNARY,0,30,1,772,"hc_gate-35","node_5864",""
596,66,SCALE,0,0,2,789,"ffn_moe_inp-35","node_5875",""
596,70,ARGSORT,0,21,0,915,"ffn_moe_argsort-35","ffn_moe_probs-35",""
596,102,ADD,0,1,0,1931,"ffn_moe_out-35","node_5911","ffn_moe_weighted-35 (view)"
596,106,MUL_MAT,0,27,7,2038,"ffn_shexp-35","blk.35.ffn_down_shexp.weight","ffn_swiglu-35"
596,109,MUL,0,2,0,2046,"ffn_shexp_gated-35","ffn_shexp-35","shared_expert_gate_sigmoid-35"
596,110,ADD,0,1,10,2058,"ffn_out-35","ffn_moe_out-35","ffn_shexp_gated-35"
596,113,MUL_MAT,0,5,7,2073,"hc_inject-35","blk.35.hc_ffn_inject.weight","hc_norm-35"
596,119,ADD,0,1,1,2084,"l_last-35","hc_combine-35","node_5928"
596,122,MUL,0,6,0,2094,"hc_norm-36"," (reshaped)","blk.36.hc_attn_norm.weight"
596,127,UNARY,0,30,1,2355,"hc_gate-36","node_5936",""
596,138,SCALE,0,0,2,2385,"hc_mixed-36","node_5947",""
596,184,RMS_NORM,0,0,2,3414,"norm-36","attn_output-36",""
597,5,MUL_MAT,0,279,50,644,"linear_attn_out-36","blk.36.ssm_out.weight","final_output-36"
597,9,MUL_MAT,0,6,6,663,"hc_inject-36","blk.36.hc_attn_inject.weight","hc_norm-36"
597,15,ADD,0,1,2,683,"hc_combine-36","l_last-35","node_6010"
597,18,MUL,0,7,0,693,"hc_norm-36"," (reshaped)","blk.36.hc_ffn_norm.weight"
597,23,UNARY,0,31,0,864,"hc_gate-36","node_6018",""
597,34,SCALE,0,0,2,880,"ffn_moe_inp-36","node_6029",""
597,38,ARGSORT,0,19,1,1010,"ffn_moe_argsort-36","ffn_moe_probs-36",""
597,70,ADD,0,1,5,2133,"ffn_moe_out-36","node_6065","ffn_moe_weighted-36 (view)"
597,74,MUL_MAT,0,31,11,2256,"ffn_shexp-36","blk.36.ffn_down_shexp.weight","ffn_swiglu-36"
597,77,MUL,0,2,0,2265,"ffn_shexp_gated-36","ffn_shexp-36","shared_expert_gate_sigmoid-36"
597,78,ADD,0,2,0,2267,"ffn_out-36","ffn_moe_out-36","ffn_shexp_gated-36"
597,81,MUL_MAT,0,6,7,2291,"hc_inject-36","blk.36.hc_ffn_inject.weight","hc_norm-36"
597,87,ADD,0,2,1,2312,"l_last-36","hc_combine-36","node_6082"
597,90,MUL,0,7,0,2323,"hc_norm-37"," (reshaped)","blk.37.hc_attn_norm.weight"
597,95,UNARY,0,31,0,2526,"hc_gate-37","node_6090",""
597,106,SCALE,0,0,1,2552,"hc_mixed-37","node_6101",""
597,152,RMS_NORM,0,1,2,3751,"norm-37","attn_output-37",""
598,5,MUL_MAT,0,268,51,637,"linear_attn_out-37","blk.37.ssm_out.weight","final_output-37"
598,9,MUL_MAT,0,6,6,653,"hc_inject-37","blk.37.hc_attn_inject.weight","hc_norm-37"
598,15,ADD,0,2,1,665,"hc_combine-37","l_last-36","node_6164"
598,18,MUL,0,6,0,675,"hc_norm-37"," (reshaped)","blk.37.hc_ffn_norm.weight"
598,23,UNARY,0,30,1,851,"hc_gate-37","node_6172",""
598,34,SCALE,0,0,1,866,"ffn_moe_inp-37","node_6183",""
598,38,ARGSORT,0,19,1,995,"ffn_moe_argsort-37","ffn_moe_probs-37",""
598,70,ADD,0,1,1,1985,"ffn_moe_out-37","node_6219","ffn_moe_weighted-37 (view)"
598,74,MUL_MAT,0,30,8,2104,"ffn_shexp-37","blk.37.ffn_down_shexp.weight","ffn_swiglu-37"
598,77,MUL,0,2,0,2111,"ffn_shexp_gated-37","ffn_shexp-37","shared_expert_gate_sigmoid-37"
598,78,ADD,0,2,0,2113,"ffn_out-37","ffn_moe_out-37","ffn_shexp_gated-37"
598,81,MUL_MAT,0,11,14,2147,"hc_inject-37","blk.37.hc_ffn_inject.weight","hc_norm-37"
598,87,ADD,0,1,1,2159,"l_last-37","hc_combine-37","node_6236"
598,90,MUL,0,6,0,2169,"hc_norm-38"," (reshaped)","blk.38.hc_attn_norm.weight"
598,95,UNARY,0,31,0,2346,"hc_gate-38","node_6244",""
598,106,SCALE,0,0,1,2366,"hc_mixed-38","node_6255",""
598,152,RMS_NORM,0,0,7,3506,"norm-38","attn_output-38",""
599,5,MUL_MAT,0,265,71,665,"linear_attn_out-38","blk.38.ssm_out.weight","final_output-38"
599,9,MUL_MAT,0,8,1,678,"hc_inject-38","blk.38.hc_attn_inject.weight","hc_norm-38"
599,15,ADD,0,2,1,700,"hc_combine-38","l_last-37","node_6318"
599,18,MUL,0,6,0,710,"hc_norm-38"," (reshaped)","blk.38.hc_ffn_norm.weight"
599,23,UNARY,0,37,0,902,"hc_gate-38","node_6326",""
599,34,SCALE,0,0,1,922,"ffn_moe_inp-38","node_6337",""
599,38,ARGSORT,0,21,1,1059,"ffn_moe_argsort-38","ffn_moe_probs-38",""
599,70,ADD,0,1,1,1711,"ffn_moe_out-38","node_6373","ffn_moe_weighted-38 (view)"
599,74,MUL_MAT,0,27,14,1827,"ffn_shexp-38","blk.38.ffn_down_shexp.weight","ffn_swiglu-38"
599,77,MUL,0,2,1,1860,"ffn_shexp_gated-38","ffn_shexp-38","shared_expert_gate_sigmoid-38"
599,78,ADD,0,1,1,1862,"ffn_out-38","ffn_moe_out-38","ffn_shexp_gated-38"
599,81,MUL_MAT,0,5,2,1872,"hc_inject-38","blk.38.hc_ffn_inject.weight","hc_norm-38"
599,87,ADD,0,2,1,1884,"l_last-38","hc_combine-38","node_6390"
600,0,GET_ROWS,0,3,0,4,"model.input_embed","token_embd.weight","inp_tokens"
600,2,REPEAT,0,5,1,11,"hc_init","model.input_embed (reshaped)",""
600,5,MUL,0,10,1,27,"hc_norm-0"," (reshaped)","blk.0.hc_attn_norm.weight"
600,10,UNARY,0,33,1,204,"hc_gate-0","node_9",""
600,21,SCALE,0,1,1,220,"hc_mixed-0","node_20",""
600,69,RMS_NORM,0,1,0,1484,"norm-0","attn_output-0",""
601,5,MUL_MAT,0,342,15,691,"linear_attn_out-0","blk.0.ssm_out.weight","final_output-0"
601,9,MUL_MAT,0,10,0,707,"hc_inject-0","blk.0.hc_attn_inject.weight","hc_norm-0"
601,15,ADD,0,2,5,726,"hc_combine-0","hc_init","node_85"
601,18,MUL,0,12,0,742,"hc_norm-0"," (reshaped)","blk.0.hc_ffn_norm.weight"
601,23,UNARY,0,34,1,941,"hc_gate-0","node_93",""
601,34,SCALE,0,0,1,956,"ffn_moe_inp-0","node_104",""
601,38,ARGSORT,0,22,1,1092,"ffn_moe_argsort-0","ffn_moe_probs-0",""
601,70,ADD,0,2,0,1801,"ffn_moe_out-0","node_140","ffn_moe_weighted-0 (view)"
601,93,MUL_MAT,0,29,7,2709,"ffn_shexp-0","blk.0.ffn_down_shexp.weight","ffn_swiglu-0"
601,96,MUL,0,2,2,2718,"ffn_shexp_gated-0","ffn_shexp-0","shared_expert_gate_sigmoid-0"
601,97,ADD,0,1,3,2723,"ffn_out-0","ffn_moe_out-0","ffn_shexp_gated-0"
601,100,MUL_MAT,0,8,0,2734,"hc_inject-0","blk.0.hc_ffn_inject.weight","hc_norm-0"
601,106,ADD,0,2,0,2744,"l_last-0","hc_combine-0","node_176"
601,120,UNARY,0,0,1,2779,"ple_gate-1","node_190",""
601,121,MUL,0,4,0,2783,"ple_gated_value-1","node_154","ple_gate-1"
601,174,MUL,0,6,0,3122,"hc_norm-1"," (reshaped)","blk.1.hc_attn_norm.weight"
601,179,UNARY,0,31,0,3320,"hc_gate-1","node_249",""
601,190,SCALE,0,0,1,3336,"hc_mixed-1","node_260",""
601,236,RMS_NORM,0,1,1,4439,"norm-1","attn_output-1",""
602,5,MUL_MAT,0,221,113,648,"linear_attn_out-1","blk.1.ssm_out.weight","final_output-1"
602,9,MUL_MAT,0,8,3,662,"hc_inject-1","blk.1.hc_attn_inject.weight","hc_norm-1"
602,15,ADD,0,2,0,675,"hc_combine-1","node_242","node_323"
602,18,MUL,0,6,0,685,"hc_norm-1"," (reshaped)","blk.1.hc_ffn_norm.weight"
602,23,UNARY,0,31,0,871,"hc_gate-1","node_331",""
602,34,SCALE,0,0,2,888,"ffn_moe_inp-1","node_342",""
602,38,ARGSORT,0,21,0,1023,"ffn_moe_argsort-1","ffn_moe_probs-1",""
602,70,ADD,0,1,1,1716,"ffn_moe_out-1","node_378","ffn_moe_weighted-1 (view)"
602,74,MUL_MAT,0,38,4,1841,"ffn_shexp-1","blk.1.ffn_down_shexp.weight","ffn_swiglu-1"
602,77,MUL,0,2,0,1857,"ffn_shexp_gated-1","ffn_shexp-1","shared_expert_gate_sigmoid-1"
602,78,ADD,0,1,1,1859,"ffn_out-1","ffn_moe_out-1","ffn_shexp_gated-1"
602,81,MUL_MAT,0,8,3,1872,"hc_inject-1","blk.1.hc_ffn_inject.weight","hc_norm-1"
602,87,ADD,0,1,1,1884,"l_last-1","hc_combine-1","node_395"
602,90,MUL,0,6,1,1897,"hc_norm-2"," (reshaped)","blk.2.hc_attn_norm.weight"
602,95,UNARY,0,31,0,2087,"hc_gate-2","node_403",""
602,106,SCALE,0,1,1,2102,"hc_mixed-2","node_414",""
602,152,RMS_NORM,0,0,1,3317,"norm-2","attn_output-2",""
603,5,MUL_MAT,0,268,58,638,"linear_attn_out-2","blk.2.ssm_out.weight","final_output-2"
603,9,MUL_MAT,0,13,3,658,"hc_inject-2","blk.2.hc_attn_inject.weight","hc_norm-2"
603,15,ADD,0,2,0,669,"hc_combine-2","l_last-1","node_477"
603,18,MUL,0,5,0,679,"hc_norm-2"," (reshaped)","blk.2.hc_ffn_norm.weight"
603,23,UNARY,0,31,0,850,"hc_gate-2","node_485",""
603,34,SCALE,0,0,1,873,"ffn_moe_inp-2","node_496",""
603,38,ARGSORT,0,20,1,998,"ffn_moe_argsort-2","ffn_moe_probs-2",""
603,70,ADD,0,1,1,2447,"ffn_moe_out-2","node_532","ffn_moe_weighted-2 (view)"
603,74,MUL_MAT,0,31,6,2565,"ffn_shexp-2","blk.2.ffn_down_shexp.weight","ffn_swiglu-2"
603,77,MUL,0,2,0,2581,"ffn_shexp_gated-2","ffn_shexp-2","shared_expert_gate_sigmoid-2"
603,78,ADD,0,1,0,2583,"ffn_out-2","ffn_moe_out-2","ffn_shexp_gated-2"
603,81,MUL_MAT,0,8,3,2596,"hc_inject-2","blk.2.hc_ffn_inject.weight","hc_norm-2"
603,87,ADD,0,2,4,2612,"l_last-2","hc_combine-2","node_549"
603,90,MUL,0,6,0,2622,"hc_norm-3"," (reshaped)","blk.3.hc_attn_norm.weight"
603,95,UNARY,0,30,1,2829,"hc_gate-3","node_557",""
603,106,SCALE,0,0,2,2845,"hc_mixed-3","node_568",""
603,151,RMS_NORM,0,4,1,3667,"norm-3","indexer_k_pooled-3 (reshaped)",""
604,38,MUL_MAT,0,253,69,540,"attn_output-3","blk.3.attn_output.weight","attn_gated-3"
604,41,MUL_MAT,0,7,2,552,"hc_inject-3","blk.3.hc_attn_inject.weight","hc_norm-3"
604,47,ADD,0,1,1,570,"hc_combine-3","l_last-2","node_664"
604,50,MUL,0,7,0,586,"hc_norm-3"," (reshaped)","blk.3.hc_ffn_norm.weight"
604,55,UNARY,0,30,1,776,"hc_gate-3","node_672",""
604,66,SCALE,0,0,7,819,"ffn_moe_inp-3","node_683",""
604,70,ARGSORT,0,20,0,946,"ffn_moe_argsort-3","ffn_moe_probs-3",""
604,102,ADD,0,1,0,1543,"ffn_moe_out-3","node_719","ffn_moe_weighted-3 (view)"
604,106,MUL_MAT,0,28,13,1665,"ffn_shexp-3","blk.3.ffn_down_shexp.weight","ffn_swiglu-3"
604,109,MUL,0,2,0,1677,"ffn_shexp_gated-3","ffn_shexp-3","shared_expert_gate_sigmoid-3"
604,110,ADD,0,1,1,1679,"ffn_out-3","ffn_moe_out-3","ffn_shexp_gated-3"
604,113,MUL_MAT,0,7,1,1689,"hc_inject-3","blk.3.hc_ffn_inject.weight","hc_norm-3"
604,119,ADD,0,2,7,1713,"l_last-3","hc_combine-3","node_736"
604,122,MUL,0,7,3,1727,"hc_norm-4"," (reshaped)","blk.4.hc_attn_norm.weight"
604,127,UNARY,0,31,0,1912,"hc_gate-4","node_744",""
604,138,SCALE,0,0,2,1933,"hc_mixed-4","node_755",""
604,184,RMS_NORM,0,1,1,3021,"norm-4","attn_output-4",""
605,5,MUL_MAT,0,283,100,767,"linear_attn_out-4","blk.4.ssm_out.weight","final_output-4"
605,9,MUL_MAT,0,15,7,807,"hc_inject-4","blk.4.hc_attn_inject.weight","hc_norm-4"
605,15,ADD,0,2,3,828,"hc_combine-4","l_last-3","node_818"
605,18,MUL,0,7,13,850,"hc_norm-4"," (reshaped)","blk.4.hc_ffn_norm.weight"
605,23,UNARY,0,35,1,1103,"hc_gate-4","node_826",""
605,34,SCALE,0,0,1,1137,"ffn_moe_inp-4","node_837",""
605,38,ARGSORT,0,23,0,1289,"ffn_moe_argsort-4","ffn_moe_probs-4",""
605,70,ADD,0,2,0,2145,"ffn_moe_out-4","node_873","ffn_moe_weighted-4 (view)"
605,74,MUL_MAT,0,35,2,2264,"ffn_shexp-4","blk.4.ffn_down_shexp.weight","ffn_swiglu-4"
605,77,MUL,0,3,0,2275,"ffn_shexp_gated-4","ffn_shexp-4","shared_expert_gate_sigmoid-4"
605,78,ADD,0,1,0,2277,"ffn_out-4","ffn_moe_out-4","ffn_shexp_gated-4"
605,81,MUL_MAT,0,8,1,2291,"hc_inject-4","blk.4.hc_ffn_inject.weight","hc_norm-4"
605,87,ADD,0,2,0,2304,"l_last-4","hc_combine-4","node_890"
605,90,MUL,0,9,0,2317,"hc_norm-5"," (reshaped)","blk.5.hc_attn_norm.weight"
605,95,UNARY,0,34,1,2503,"hc_gate-5","node_898",""
605,106,SCALE,0,0,3,2528,"hc_mixed-5","node_909",""
605,152,RMS_NORM,0,1,1,3789,"norm-5","attn_output-5",""
606,5,MUL_MAT,0,322,7,625,"linear_attn_out-5","blk.5.ssm_out.weight","final_output-5"
606,9,MUL_MAT,0,9,1,641,"hc_inject-5","blk.5.hc_attn_inject.weight","hc_norm-5"
606,15,ADD,0,2,1,671,"hc_combine-5","l_last-4","node_972"
606,18,MUL,0,9,0,686,"hc_norm-5"," (reshaped)","blk.5.hc_ffn_norm.weight"
606,23,UNARY,0,34,0,883,"hc_gate-5","node_980",""
606,34,SCALE,0,0,2,924,"ffn_moe_inp-5","node_991",""
606,38,ARGSORT,0,22,0,1056,"ffn_moe_argsort-5","ffn_moe_probs-5",""
606,70,ADD,0,2,4,1775,"ffn_moe_out-5","node_1027","ffn_moe_weighted-5 (view)"
606,74,MUL_MAT,0,35,13,1915,"ffn_shexp-5","blk.5.ffn_down_shexp.weight","ffn_swiglu-5"
606,77,MUL,0,3,1,1925,"ffn_shexp_gated-5","ffn_shexp-5","shared_expert_gate_sigmoid-5"
606,78,ADD,0,2,0,1927,"ffn_out-5","ffn_moe_out-5","ffn_shexp_gated-5"
606,81,MUL_MAT,0,8,1,1940,"hc_inject-5","blk.5.hc_ffn_inject.weight","hc_norm-5"
606,87,ADD,0,1,1,1953,"l_last-5","hc_combine-5","node_1044"
606,90,MUL,0,9,0,1966,"hc_norm-6"," (reshaped)","blk.6.hc_attn_norm.weight"
606,95,UNARY,0,34,1,2156,"hc_gate-6","node_1052",""
606,106,SCALE,0,0,2,2176,"hc_mixed-6","node_1063",""
606,152,RMS_NORM,0,1,0,3491,"norm-6","attn_output-6",""
607,5,MUL_MAT,0,312,2,611,"linear_attn_out-6","blk.6.ssm_out.weight","final_output-6"
607,9,MUL_MAT,0,8,0,624,"hc_inject-6","blk.6.hc_attn_inject.weight","hc_norm-6"
607,15,ADD,0,2,0,638,"hc_combine-6","l_last-5","node_1126"
607,18,MUL,0,9,0,651,"hc_norm-6"," (reshaped)","blk.6.hc_ffn_norm.weight"
607,23,UNARY,0,34,1,845,"hc_gate-6","node_1134",""
607,34,SCALE,0,0,1,863,"ffn_moe_inp-6","node_1145",""
607,38,ARGSORT,0,22,0,986,"ffn_moe_argsort-6","ffn_moe_probs-6",""
607,70,ADD,0,2,6,1697,"ffn_moe_out-6","node_1181","ffn_moe_weighted-6 (view)"
607,74,MUL_MAT,0,37,3,1833,"ffn_shexp-6","blk.6.ffn_down_shexp.weight","ffn_swiglu-6"
607,77,MUL,0,3,0,1843,"ffn_shexp_gated-6","ffn_shexp-6","shared_expert_gate_sigmoid-6"
607,78,ADD,0,1,1,1846,"ffn_out-6","ffn_moe_out-6","ffn_shexp_gated-6"
607,81,MUL_MAT,0,10,0,1859,"hc_inject-6","blk.6.hc_ffn_inject.weight","hc_norm-6"
607,87,ADD,0,2,0,1871,"l_last-6","hc_combine-6","node_1198"
607,90,MUL,0,9,0,1883,"hc_norm-7"," (reshaped)","blk.7.hc_attn_norm.weight"
607,95,UNARY,0,34,93,2236,"hc_gate-7","node_1206",""
607,106,SCALE,0,0,2,2294,"hc_mixed-7","node_1217",""
607,151,RMS_NORM,0,9,0,3135,"norm-7","indexer_k_pooled-7 (reshaped)",""
608,38,MUL_MAT,0,295,11,534,"attn_output-7","blk.7.attn_output.weight","attn_gated-7"
608,41,MUL_MAT,0,8,0,552,"hc_inject-7","blk.7.hc_attn_inject.weight","hc_norm-7"
608,47,ADD,0,1,1,565,"hc_combine-7","l_last-6","node_1313"
608,50,MUL,0,9,1,578,"hc_norm-7"," (reshaped)","blk.7.hc_ffn_norm.weight"
608,55,UNARY,0,34,0,750,"hc_gate-7","node_1321",""
608,66,SCALE,0,0,1,771,"ffn_moe_inp-7","node_1332",""
608,70,ARGSORT,0,21,1,894,"ffn_moe_argsort-7","ffn_moe_probs-7",""
608,102,ADD,0,1,4,1515,"ffn_moe_out-7","node_1368","ffn_moe_weighted-7 (view)"
608,106,MUL_MAT,0,33,1,1620,"ffn_shexp-7","blk.7.ffn_down_shexp.weight","ffn_swiglu-7"
608,109,MUL,0,3,14,1643,"ffn_shexp_gated-7","ffn_shexp-7","shared_expert_gate_sigmoid-7"
608,110,ADD,0,1,1,1646,"ffn_out-7","ffn_moe_out-7","ffn_shexp_gated-7"
608,113,MUL_MAT,0,7,0,1657,"hc_inject-7","blk.7.hc_ffn_inject.weight","hc_norm-7"
608,119,ADD,0,1,1,1671,"l_last-7","hc_combine-7","node_1385"
608,122,MUL,0,10,0,1685,"hc_norm-8"," (reshaped)","blk.8.hc_attn_norm.weight"
608,127,UNARY,0,33,1,1855,"hc_gate-8","node_1393",""
608,138,SCALE,0,1,1,1870,"hc_mixed-8","node_1404",""
608,184,RMS_NORM,0,0,1,3260,"norm-8","attn_output-8",""
609,5,MUL_MAT,0,325,15,667,"linear_attn_out-8","blk.8.ssm_out.weight","final_output-8"
609,9,MUL_MAT,0,11,0,683,"hc_inject-8","blk.8.hc_attn_inject.weight","hc_norm-8"
609,15,ADD,0,2,3,698,"hc_combine-8","l_last-7","node_1467"
609,18,MUL,0,13,0,726,"hc_norm-8"," (reshaped)","blk.8.hc_ffn_norm.weight"
609,23,UNARY,0,52,0,943,"hc_gate-8","node_1475",""
609,34,SCALE,0,0,2,962,"ffn_moe_inp-8","node_1486",""
609,38,ARGSORT,0,22,0,1107,"ffn_moe_argsort-8","ffn_moe_probs-8",""
609,70,ADD,0,2,0,1816,"ffn_moe_out-8","node_1522","ffn_moe_weighted-8 (view)"
609,74,MUL_MAT,0,37,1,1928,"ffn_shexp-8","blk.8.ffn_down_shexp.weight","ffn_swiglu-8"
609,77,MUL,0,3,0,1939,"ffn_shexp_gated-8","ffn_shexp-8","shared_expert_gate_sigmoid-8"
609,78,ADD,0,1,0,1941,"ffn_out-8","ffn_moe_out-8","ffn_shexp_gated-8"
609,81,MUL_MAT,0,13,2,1961,"hc_inject-8","blk.8.hc_ffn_inject.weight","hc_norm-8"
609,87,ADD,0,2,1,1974,"l_last-8","hc_combine-8","node_1539"
609,90,MUL,0,8,1,1987,"hc_norm-9"," (reshaped)","blk.9.hc_attn_norm.weight"
609,95,UNARY,0,35,0,2179,"hc_gate-9","node_1547",""
609,106,SCALE,0,0,1,2198,"hc_mixed-9","node_1558",""
609,152,RMS_NORM,0,1,1,3473,"norm-9","attn_output-9",""
610,5,MUL_MAT,0,297,4,601,"linear_attn_out-9","blk.9.ssm_out.weight","final_output-9"
610,9,MUL_MAT,0,9,0,615,"hc_inject-9","blk.9.hc_attn_inject.weight","hc_norm-9"
610,15,ADD,0,2,2,636,"hc_combine-9","l_last-8","node_1621"
610,18,MUL,0,9,0,648,"hc_norm-9"," (reshaped)","blk.9.hc_ffn_norm.weight"
610,23,UNARY,0,33,1,826,"hc_gate-9","node_1629",""
610,34,SCALE,0,0,2,843,"ffn_moe_inp-9","node_1640",""
610,38,ARGSORT,0,21,1,966,"ffn_moe_argsort-9","ffn_moe_probs-9",""
610,70,ADD,0,2,0,1653,"ffn_moe_out-9","node_1676","ffn_moe_weighted-9 (view)"
610,74,MUL_MAT,0,36,7,1783,"ffn_shexp-9","blk.9.ffn_down_shexp.weight","ffn_swiglu-9"
610,77,MUL,0,3,1,1799,"ffn_shexp_gated-9","ffn_shexp-9","shared_expert_gate_sigmoid-9"
610,78,ADD,0,2,0,1801,"ffn_out-9","ffn_moe_out-9","ffn_shexp_gated-9"
610,81,MUL_MAT,0,17,1,1824,"hc_inject-9","blk.9.hc_ffn_inject.weight","hc_norm-9"
610,87,ADD,0,2,0,1836,"l_last-9","hc_combine-9","node_1693"
610,90,MUL,0,11,1,1853,"hc_norm-10"," (reshaped)","blk.10.hc_attn_norm.weight"
610,95,UNARY,0,33,1,2057,"hc_gate-10","node_1701",""
610,106,SCALE,0,0,2,2083,"hc_mixed-10","node_1712",""
610,152,RMS_NORM,0,0,1,3400,"norm-10","attn_output-10",""
611,5,MUL_MAT,0,304,1,600,"linear_attn_out-10","blk.10.ssm_out.weight","final_output-10"
611,9,MUL_MAT,0,8,0,616,"hc_inject-10","blk.10.hc_attn_inject.weight","hc_norm-10"
611,15,ADD,0,2,1,636,"hc_combine-10","l_last-9","node_1775"
611,18,MUL,0,9,0,649,"hc_norm-10"," (reshaped)","blk.10.hc_ffn_norm.weight"
611,23,UNARY,0,34,1,823,"hc_gate-10","node_1783",""
611,34,SCALE,0,0,1,854,"ffn_moe_inp-10","node_1794",""
611,38,ARGSORT,0,21,1,976,"ffn_moe_argsort-10","ffn_moe_probs-10",""
611,70,ADD,0,1,1,1599,"ffn_moe_out-10","node_1830","ffn_moe_weighted-10 (view)"
611,74,MUL_MAT,0,35,4,1718,"ffn_shexp-10","blk.10.ffn_down_shexp.weight","ffn_swiglu-10"
611,77,MUL,0,3,0,1727,"ffn_shexp_gated-10","ffn_shexp-10","shared_expert_gate_sigmoid-10"
611,78,ADD,0,1,0,1729,"ffn_out-10","ffn_moe_out-10","ffn_shexp_gated-10"
611,81,MUL_MAT,0,8,1,1742,"hc_inject-10","blk.10.hc_ffn_inject.weight","hc_norm-10"
611,87,ADD,0,2,0,1755,"l_last-10","hc_combine-10","node_1847"
611,90,MUL,0,8,0,1768,"hc_norm-11"," (reshaped)","blk.11.hc_attn_norm.weight"
611,95,UNARY,0,34,1,2258,"hc_gate-11","node_1855",""
611,106,SCALE,0,0,0,2282,"hc_mixed-11","node_1866",""
611,151,RMS_NORM,0,9,0,3055,"norm-11","indexer_k_pooled-11 (reshaped)",""
612,38,MUL_MAT,0,324,4,561,"attn_output-11","blk.11.attn_output.weight","attn_gated-11"
612,41,MUL_MAT,0,9,3,577,"hc_inject-11","blk.11.hc_attn_inject.weight","hc_norm-11"
612,47,ADD,0,1,1,590,"hc_combine-11","l_last-10","node_1962"
612,50,MUL,0,9,0,603,"hc_norm-11"," (reshaped)","blk.11.hc_ffn_norm.weight"
612,55,UNARY,0,34,0,791,"hc_gate-11","node_1970",""
612,66,SCALE,0,1,1,809,"ffn_moe_inp-11","node_1981",""
612,70,ARGSORT,0,21,0,935,"ffn_moe_argsort-11","ffn_moe_probs-11",""
612,102,ADD,0,2,0,1568,"ffn_moe_out-11","node_2017","ffn_moe_weighted-11 (view)"
612,106,MUL_MAT,0,31,2,1681,"ffn_shexp-11","blk.11.ffn_down_shexp.weight","ffn_swiglu-11"
612,109,MUL,0,3,1,1691,"ffn_shexp_gated-11","ffn_shexp-11","shared_expert_gate_sigmoid-11"
612,110,ADD,0,1,8,1700,"ffn_out-11","ffn_moe_out-11","ffn_shexp_gated-11"
612,113,MUL_MAT,0,8,4,1716,"hc_inject-11","blk.11.hc_ffn_inject.weight","hc_norm-11"
612,119,ADD,0,1,1,1729,"l_last-11","hc_combine-11","node_2034"
612,122,MUL,0,8,1,1743,"hc_norm-12"," (reshaped)","blk.12.hc_attn_norm.weight"
612,127,UNARY,0,34,0,1916,"hc_gate-12","node_2042",""
612,138,SCALE,0,0,1,1952,"hc_mixed-12","node_2053",""
612,184,RMS_NORM,0,1,1,3226,"norm-12","attn_output-12",""
613,5,MUL_MAT,0,284,29,620,"linear_attn_out-12","blk.12.ssm_out.weight","final_output-12"
613,9,MUL_MAT,0,6,1,630,"hc_inject-12","blk.12.hc_attn_inject.weight","hc_norm-12"
613,15,ADD,0,2,0,742,"hc_combine-12","l_last-11","node_2116"
613,18,MUL,0,6,0,751,"hc_norm-12"," (reshaped)","blk.12.hc_ffn_norm.weight"
613,23,UNARY,0,21,0,927,"hc_gate-12","node_2124",""
613,34,SCALE,0,0,9,949,"ffn_moe_inp-12","node_2135",""
613,38,ARGSORT,0,18,1,1082,"ffn_moe_argsort-12","ffn_moe_probs-12",""
613,70,ADD,0,1,1,1805,"ffn_moe_out-12","node_2171","ffn_moe_weighted-12 (view)"
613,74,MUL_MAT,0,21,22,1931,"ffn_shexp-12","blk.12.ffn_down_shexp.weight","ffn_swiglu-12"
613,77,MUL,0,1,0,1938,"ffn_shexp_gated-12","ffn_shexp-12","shared_expert_gate_sigmoid-12"
613,78,ADD,0,0,6,1945,"ffn_out-12","ffn_moe_out-12","ffn_shexp_gated-12"
613,81,MUL_MAT,0,6,3,1956,"hc_inject-12","blk.12.hc_ffn_inject.weight","hc_norm-12"
613,87,ADD,0,2,1,1969,"l_last-12","hc_combine-12","node_2188"
613,90,MUL,0,6,1,1979,"hc_norm-13"," (reshaped)","blk.13.hc_attn_norm.weight"
613,95,UNARY,0,21,0,2171,"hc_gate-13","node_2196",""
613,106,SCALE,0,0,7,2209,"hc_mixed-13","node_2207",""
613,152,RMS_NORM,0,1,2,3568,"norm-13","attn_output-13",""
614,5,MUL_MAT,0,281,58,664,"linear_attn_out-13","blk.13.ssm_out.weight","final_output-13"
614,9,MUL_MAT,0,8,2,677,"hc_inject-13","blk.13.hc_attn_inject.weight","hc_norm-13"
614,15,ADD,0,2,10,701,"hc_combine-13","l_last-12","node_2270"
614,18,MUL,0,6,0,711,"hc_norm-13"," (reshaped)","blk.13.hc_ffn_norm.weight"
614,23,UNARY,0,31,1,887,"hc_gate-13","node_2278",""
614,34,SCALE,0,0,2,906,"ffn_moe_inp-13","node_2289",""
614,38,ARGSORT,0,22,0,1034,"ffn_moe_argsort-13","ffn_moe_probs-13",""
614,70,ADD,0,2,0,1683,"ffn_moe_out-13","node_2325","ffn_moe_weighted-13 (view)"
614,74,MUL_MAT,0,29,17,1815,"ffn_shexp-13","blk.13.ffn_down_shexp.weight","ffn_swiglu-13"
614,77,MUL,0,2,1,1824,"ffn_shexp_gated-13","ffn_shexp-13","shared_expert_gate_sigmoid-13"
614,78,ADD,0,1,1,1826,"ffn_out-13","ffn_moe_out-13","ffn_shexp_gated-13"
614,81,MUL_MAT,0,8,140,1976,"hc_inject-13","blk.13.hc_ffn_inject.weight","hc_norm-13"
614,87,ADD,0,2,0,1990,"l_last-13","hc_combine-13","node_2342"
614,90,MUL,0,8,0,2003,"hc_norm-14"," (reshaped)","blk.14.hc_attn_norm.weight"
614,95,UNARY,0,31,0,2201,"hc_gate-14","node_2350",""
614,106,SCALE,0,0,21,2238,"hc_mixed-14","node_2361",""
614,152,RMS_NORM,0,0,2,3392,"norm-14","attn_output-14",""
615,5,MUL_MAT,0,177,153,657,"linear_attn_out-14","blk.14.ssm_out.weight","final_output-14"
615,9,MUL_MAT,0,7,2,669,"hc_inject-14","blk.14.hc_attn_inject.weight","hc_norm-14"
615,15,ADD,0,1,1,686,"hc_combine-14","l_last-13","node_2424"
615,18,MUL,0,6,0,696,"hc_norm-14"," (reshaped)","blk.14.hc_ffn_norm.weight"
615,23,UNARY,0,21,1,981,"hc_gate-14","node_2432",""
615,34,SCALE,0,0,2,998,"ffn_moe_inp-14","node_2443",""
615,38,ARGSORT,0,19,0,1118,"ffn_moe_argsort-14","ffn_moe_probs-14",""
615,70,ADD,0,1,1,1756,"ffn_moe_out-14","node_2479","ffn_moe_weighted-14 (view)"
615,74,MUL_MAT,0,19,20,1867,"ffn_shexp-14","blk.14.ffn_down_shexp.weight","ffn_swiglu-14"
615,77,MUL,0,1,1,1881,"ffn_shexp_gated-14","ffn_shexp-14","shared_expert_gate_sigmoid-14"
615,78,ADD,0,1,1,1883,"ffn_out-14","ffn_moe_out-14","ffn_shexp_gated-14"
615,81,MUL_MAT,0,6,3,1894,"hc_inject-14","blk.14.hc_ffn_inject.weight","hc_norm-14"
615,87,ADD,0,2,0,1906,"l_last-14","hc_combine-14","node_2496"
615,90,MUL,0,6,0,1916,"hc_norm-15"," (reshaped)","blk.15.hc_attn_norm.weight"
615,95,UNARY,0,21,0,2092,"hc_gate-15","node_2504",""
615,106,SCALE,0,0,2,2106,"hc_mixed-15","node_2515",""
615,151,RMS_NORM,0,4,0,2846,"norm-15","indexer_k_pooled-15 (reshaped)",""
616,38,MUL_MAT,0,251,68,589,"attn_output-15","blk.15.attn_output.weight","attn_gated-15"
616,41,MUL_MAT,0,6,10,608,"hc_inject-15","blk.15.hc_attn_inject.weight","hc_norm-15"
616,47,ADD,0,1,1,621,"hc_combine-15","l_last-14","node_2611"
616,50,MUL,0,7,0,632,"hc_norm-15"," (reshaped)","blk.15.hc_ffn_norm.weight"
616,55,UNARY,0,31,0,817,"hc_gate-15","node_2619",""
616,66,SCALE,0,0,1,831,"ffn_moe_inp-15","node_2630",""
616,70,ARGSORT,0,21,1,952,"ffn_moe_argsort-15","ffn_moe_probs-15",""
616,102,ADD,0,1,0,1580,"ffn_moe_out-15","node_2666","ffn_moe_weighted-15 (view)"
616,106,MUL_MAT,0,28,7,1693,"ffn_shexp-15","blk.15.ffn_down_shexp.weight","ffn_swiglu-15"
616,109,MUL,0,2,1,1702,"ffn_shexp_gated-15","ffn_shexp-15","shared_expert_gate_sigmoid-15"
616,110,ADD,0,1,0,1703,"ffn_out-15","ffn_moe_out-15","ffn_shexp_gated-15"
616,113,MUL_MAT,0,6,6,1718,"hc_inject-15","blk.15.hc_ffn_inject.weight","hc_norm-15"
616,119,ADD,0,2,9,1743,"l_last-15","hc_combine-15","node_2683"
616,122,MUL,0,7,0,1757,"hc_norm-16"," (reshaped)","blk.16.hc_attn_norm.weight"
616,127,UNARY,0,30,0,1940,"hc_gate-16","node_2691",""
616,138,SCALE,0,1,1,1955,"hc_mixed-16","node_2702",""
616,184,RMS_NORM,0,0,4,3039,"norm-16","attn_output-16",""
617,5,MUL_MAT,0,168,158,639,"linear_attn_out-16","blk.16.ssm_out.weight","final_output-16"
617,9,MUL_MAT,0,5,6,654,"hc_inject-16","blk.16.hc_attn_inject.weight","hc_norm-16"
617,15,ADD,0,1,1,669,"hc_combine-16","l_last-15","node_2765"
617,18,MUL,0,7,0,679,"hc_norm-16"," (reshaped)","blk.16.hc_ffn_norm.weight"
617,23,UNARY,0,21,0,844,"hc_gate-16","node_2773",""
617,34,SCALE,0,0,2,861,"ffn_moe_inp-16","node_2784",""
617,38,ARGSORT,0,18,0,984,"ffn_moe_argsort-16","ffn_moe_probs-16",""
617,70,ADD,0,1,1,1661,"ffn_moe_out-16","node_2820","ffn_moe_weighted-16 (view)"
617,74,MUL_MAT,0,18,18,1782,"ffn_shexp-16","blk.16.ffn_down_shexp.weight","ffn_swiglu-16"
617,77,MUL,0,2,0,1790,"ffn_shexp_gated-16","ffn_shexp-16","shared_expert_gate_sigmoid-16"
617,78,ADD,0,1,1,1792,"ffn_out-16","ffn_moe_out-16","ffn_shexp_gated-16"
617,81,MUL_MAT,0,5,7,1807,"hc_inject-16","blk.16.hc_ffn_inject.weight","hc_norm-16"
617,87,ADD,0,1,1,1819,"l_last-16","hc_combine-16","node_2837"
617,90,MUL,0,6,0,1829,"hc_norm-17"," (reshaped)","blk.17.hc_attn_norm.weight"
617,95,UNARY,0,31,0,2009,"hc_gate-17","node_2845",""
617,106,SCALE,0,0,2,2024,"hc_mixed-17","node_2856",""
617,152,RMS_NORM,0,0,2,3154,"norm-17","attn_output-17",""
618,5,MUL_MAT,0,227,123,685,"linear_attn_out-17","blk.17.ssm_out.weight","final_output-17"
618,9,MUL_MAT,0,146,41,911,"hc_inject-17","blk.17.hc_attn_inject.weight","hc_norm-17"
618,15,ADD,0,1,1,925,"hc_combine-17","l_last-16","node_2919"
618,18,MUL,0,6,0,935,"hc_norm-17"," (reshaped)","blk.17.hc_ffn_norm.weight"
618,23,UNARY,0,21,0,1167,"hc_gate-17","node_2927",""
618,34,SCALE,0,0,2,1181,"ffn_moe_inp-17","node_2938",""
618,38,ARGSORT,0,17,0,1332,"ffn_moe_argsort-17","ffn_moe_probs-17",""
618,70,ADD,0,0,1,2043,"ffn_moe_out-17","node_2974","ffn_moe_weighted-17 (view)"
618,74,MUL_MAT,0,19,15,2158,"ffn_shexp-17","blk.17.ffn_down_shexp.weight","ffn_swiglu-17"
618,77,MUL,0,2,0,2166,"ffn_shexp_gated-17","ffn_shexp-17","shared_expert_gate_sigmoid-17"
618,78,ADD,0,0,1,2168,"ffn_out-17","ffn_moe_out-17","ffn_shexp_gated-17"
618,81,MUL_MAT,0,5,7,2183,"hc_inject-17","blk.17.hc_ffn_inject.weight","hc_norm-17"
618,87,ADD,0,1,2,2196,"l_last-17","hc_combine-17","node_2991"
618,90,MUL,0,6,0,2205,"hc_norm-18"," (reshaped)","blk.18.hc_attn_norm.weight"
618,95,UNARY,0,21,1,2375,"hc_gate-18","node_2999",""
618,106,SCALE,0,0,1,2399,"hc_mixed-18","node_3010",""
618,152,RMS_NORM,0,0,3,3398,"norm-18","attn_output-18",""
619,5,MUL_MAT,0,194,125,622,"linear_attn_out-18","blk.18.ssm_out.weight","final_output-18"
619,9,MUL_MAT,0,6,6,636,"hc_inject-18","blk.18.hc_attn_inject.weight","hc_norm-18"
619,15,ADD,0,2,1,650,"hc_combine-18","l_last-17","node_3073"
619,18,MUL,0,5,0,659,"hc_norm-18"," (reshaped)","blk.18.hc_ffn_norm.weight"
619,23,UNARY,0,20,0,914,"hc_gate-18","node_3081",""
619,34,SCALE,0,0,3,949,"ffn_moe_inp-18","node_3092",""
619,38,ARGSORT,0,17,1,1074,"ffn_moe_argsort-18","ffn_moe_probs-18",""
619,70,ADD,0,2,1,1790,"ffn_moe_out-18","node_3128","ffn_moe_weighted-18 (view)"
619,74,MUL_MAT,0,21,17,1906,"ffn_shexp-18","blk.18.ffn_down_shexp.weight","ffn_swiglu-18"
619,77,MUL,0,2,0,1913,"ffn_shexp_gated-18","ffn_shexp-18","shared_expert_gate_sigmoid-18"
619,78,ADD,0,1,1,1915,"ffn_out-18","ffn_moe_out-18","ffn_shexp_gated-18"
619,81,MUL_MAT,0,7,7,1931,"hc_inject-18","blk.18.hc_ffn_inject.weight","hc_norm-18"
619,87,ADD,0,1,8,1964,"l_last-18","hc_combine-18","node_3145"
619,90,MUL,0,5,0,1974,"hc_norm-19"," (reshaped)","blk.19.hc_attn_norm.weight"
619,95,UNARY,0,21,0,2160,"hc_gate-19","node_3153",""
619,106,SCALE,0,0,1,2175,"hc_mixed-19","node_3164",""
619,151,RMS_NORM,0,4,1,3221,"norm-19","indexer_k_pooled-19 (reshaped)",""
620,38,MUL_MAT,0,255,69,523,"attn_output-19","blk.19.attn_output.weight","attn_gated-19"
620,41,MUL_MAT,0,9,4,539,"hc_inject-19","blk.19.hc_attn_inject.weight","hc_norm-19"
620,47,ADD,0,2,1,551,"hc_combine-19","l_last-18","node_3260"
620,50,MUL,0,7,0,561,"hc_norm-19"," (reshaped)","blk.19.hc_ffn_norm.weight"
620,55,UNARY,0,30,0,759,"hc_gate-19","node_3268",""
620,66,SCALE,0,0,1,786,"ffn_moe_inp-19","node_3279",""
620,70,ARGSORT,0,20,0,909,"ffn_moe_argsort-19","ffn_moe_probs-19",""
620,102,ADD,0,1,1,1556,"ffn_moe_out-19","node_3315","ffn_moe_weighted-19 (view)"
620,106,MUL_MAT,0,28,6,1670,"ffn_shexp-19","blk.19.ffn_down_shexp.weight","ffn_swiglu-19"
620,109,MUL,0,2,0,1685,"ffn_shexp_gated-19","ffn_shexp-19","shared_expert_gate_sigmoid-19"
620,110,ADD,0,1,1,1687,"ffn_out-19","ffn_moe_out-19","ffn_shexp_gated-19"
620,113,MUL_MAT,0,6,3,1698,"hc_inject-19","blk.19.hc_ffn_inject.weight","hc_norm-19"
620,119,ADD,0,1,1,1727,"l_last-19","hc_combine-19","node_3332"
620,122,MUL,0,6,0,1737,"hc_norm-20"," (reshaped)","blk.20.hc_attn_norm.weight"
620,127,UNARY,0,30,0,1914,"hc_gate-20","node_3340",""
620,138,SCALE,0,0,1,1930,"hc_mixed-20","node_3351",""
620,184,RMS_NORM,0,0,14,3271,"norm-20","attn_output-20",""
621,5,MUL_MAT,0,324,1,624,"linear_attn_out-20","blk.20.ssm_out.weight","final_output-20"
621,9,MUL_MAT,0,12,1,642,"hc_inject-20","blk.20.hc_attn_inject.weight","hc_norm-20"
621,15,ADD,0,2,0,661,"hc_combine-20","l_last-19","node_3414"
621,18,MUL,0,7,1,674,"hc_norm-20"," (reshaped)","blk.20.hc_ffn_norm.weight"
621,23,UNARY,0,34,0,861,"hc_gate-20","node_3422",""
621,34,SCALE,0,0,2,880,"ffn_moe_inp-20","node_3433",""
621,38,ARGSORT,0,23,0,1012,"ffn_moe_argsort-20","ffn_moe_probs-20",""
621,70,ADD,0,2,0,2344,"ffn_moe_out-20","node_3469","ffn_moe_weighted-20 (view)"
621,74,MUL_MAT,0,33,3,2461,"ffn_shexp-20","blk.20.ffn_down_shexp.weight","ffn_swiglu-20"
621,77,MUL,0,3,1,2478,"ffn_shexp_gated-20","ffn_shexp-20","shared_expert_gate_sigmoid-20"
621,78,ADD,0,1,1,2480,"ffn_out-20","ffn_moe_out-20","ffn_shexp_gated-20"
621,81,MUL_MAT,0,8,1,2492,"hc_inject-20","blk.20.hc_ffn_inject.weight","hc_norm-20"
621,87,ADD,0,2,0,2517,"l_last-20","hc_combine-20","node_3486"
621,90,MUL,0,8,1,2531,"hc_norm-21"," (reshaped)","blk.21.hc_attn_norm.weight"
621,95,UNARY,0,34,77,2797,"hc_gate-21","node_3494",""
621,106,SCALE,0,1,1,2815,"hc_mixed-21","node_3505",""
621,152,RMS_NORM,0,0,6,4243,"norm-21","attn_output-21",""
622,5,MUL_MAT,0,304,6,623,"linear_attn_out-21","blk.21.ssm_out.weight","final_output-21"
622,9,MUL_MAT,0,9,4,641,"hc_inject-21","blk.21.hc_attn_inject.weight","hc_norm-21"
622,15,ADD,0,2,3,656,"hc_combine-21","l_last-20","node_3568"
622,18,MUL,0,8,1,669,"hc_norm-21"," (reshaped)","blk.21.hc_ffn_norm.weight"
622,23,UNARY,0,34,1,847,"hc_gate-21","node_3576",""
622,34,SCALE,0,0,2,863,"ffn_moe_inp-21","node_3587",""
622,38,ARGSORT,0,20,1,993,"ffn_moe_argsort-21","ffn_moe_probs-21",""
622,70,ADD,0,2,0,1646,"ffn_moe_out-21","node_3623","ffn_moe_weighted-21 (view)"
622,74,MUL_MAT,0,33,5,1767,"ffn_shexp-21","blk.21.ffn_down_shexp.weight","ffn_swiglu-21"
622,77,MUL,0,3,3,1780,"ffn_shexp_gated-21","ffn_shexp-21","shared_expert_gate_sigmoid-21"
622,78,ADD,0,1,0,1782,"ffn_out-21","ffn_moe_out-21","ffn_shexp_gated-21"
622,81,MUL_MAT,0,9,4,1799,"hc_inject-21","blk.21.hc_ffn_inject.weight","hc_norm-21"
622,87,ADD,0,1,1,1811,"l_last-21","hc_combine-21","node_3640"
622,90,MUL,0,10,0,1825,"hc_norm-22"," (reshaped)","blk.22.hc_attn_norm.weight"
622,95,UNARY,0,34,0,2019,"hc_gate-22","node_3648",""
622,106,SCALE,0,0,2,2037,"hc_mixed-22","node_3659",""
622,152,RMS_NORM,0,0,1,3386,"norm-22","attn_output-22",""
623,5,MUL_MAT,0,340,5,673,"linear_attn_out-22","blk.22.ssm_out.weight","final_output-22"
623,9,MUL_MAT,0,9,2,689,"hc_inject-22","blk.22.hc_attn_inject.weight","hc_norm-22"
623,15,ADD,0,2,1,706,"hc_combine-22","l_last-21","node_3722"
623,18,MUL,0,9,0,718,"hc_norm-22"," (reshaped)","blk.22.hc_ffn_norm.weight"
623,23,UNARY,0,34,1,933,"hc_gate-22","node_3730",""
623,34,SCALE,0,1,7,1082,"ffn_moe_inp-22","node_3741",""
623,38,ARGSORT,0,26,0,1257,"ffn_moe_argsort-22","ffn_moe_probs-22",""
623,70,ADD,0,1,1,1963,"ffn_moe_out-22","node_3777","ffn_moe_weighted-22 (view)"
623,74,MUL_MAT,0,33,3,2086,"ffn_shexp-22","blk.22.ffn_down_shexp.weight","ffn_swiglu-22"
623,77,MUL,0,2,0,2115,"ffn_shexp_gated-22","ffn_shexp-22","shared_expert_gate_sigmoid-22"
623,78,ADD,0,1,1,2117,"ffn_out-22","ffn_moe_out-22","ffn_shexp_gated-22"
623,81,MUL_MAT,0,6,3,2129,"hc_inject-22","blk.22.hc_ffn_inject.weight","hc_norm-22"
623,87,ADD,0,1,1,2140,"l_last-22","hc_combine-22","node_3794"
623,90,MUL,0,5,1,2151,"hc_norm-23"," (reshaped)","blk.23.hc_attn_norm.weight"
623,95,UNARY,0,31,0,2332,"hc_gate-23","node_3802",""
623,106,SCALE,0,0,1,2348,"hc_mixed-23","node_3813",""
623,151,RMS_NORM,0,4,1,3105,"norm-23","indexer_k_pooled-23 (reshaped)",""
624,38,MUL_MAT,0,266,42,533,"attn_output-23","blk.23.attn_output.weight","attn_gated-23"
624,41,MUL_MAT,0,5,3,544,"hc_inject-23","blk.23.hc_attn_inject.weight","hc_norm-23"
624,47,ADD,0,1,1,556,"hc_combine-23","l_last-22","node_3909"
624,50,MUL,0,6,0,566,"hc_norm-23"," (reshaped)","blk.23.hc_ffn_norm.weight"
624,55,UNARY,0,30,0,738,"hc_gate-23","node_3917",""
624,66,SCALE,0,0,2,755,"ffn_moe_inp-23","node_3928",""
624,70,ARGSORT,0,20,0,882,"ffn_moe_argsort-23","ffn_moe_probs-23",""
624,102,ADD,0,1,1,1547,"ffn_moe_out-23","node_3964","ffn_moe_weighted-23 (view)"
624,106,MUL_MAT,0,26,9,1666,"ffn_shexp-23","blk.23.ffn_down_shexp.weight","ffn_swiglu-23"
624,109,MUL,0,2,0,1674,"ffn_shexp_gated-23","ffn_shexp-23","shared_expert_gate_sigmoid-23"
624,110,ADD,0,2,3,1679,"ffn_out-23","ffn_moe_out-23","ffn_shexp_gated-23"
624,113,MUL_MAT,0,7,3,1691,"hc_inject-23","blk.23.hc_ffn_inject.weight","hc_norm-23"
624,119,ADD,0,1,0,1702,"l_last-23","hc_combine-23","node_3981"
624,122,MUL,0,7,0,1713,"hc_norm-24"," (reshaped)","blk.24.hc_attn_norm.weight"
624,127,UNARY,0,30,1,1895,"hc_gate-24","node_3989",""
624,138,SCALE,0,1,1,1919,"hc_mixed-24","node_4000",""
624,184,RMS_NORM,0,0,1,2990,"norm-24","attn_output-24",""
625,5,MUL_MAT,0,199,184,683,"linear_attn_out-24","blk.24.ssm_out.weight","final_output-24"
625,9,MUL_MAT,0,6,3,695,"hc_inject-24","blk.24.hc_attn_inject.weight","hc_norm-24"
625,15,ADD,0,2,1,707,"hc_combine-24","l_last-23","node_4063"
625,18,MUL,0,6,0,717,"hc_norm-24"," (reshaped)","blk.24.hc_ffn_norm.weight"
625,23,UNARY,0,21,0,881,"hc_gate-24","node_4071",""
625,34,SCALE,0,0,2,914,"ffn_moe_inp-24","node_4082",""
625,38,ARGSORT,0,18,1,1033,"ffn_moe_argsort-24","ffn_moe_probs-24",""
625,70,ADD,0,1,9,1654,"ffn_moe_out-24","node_4118","ffn_moe_weighted-24 (view)"
625,74,MUL_MAT,0,19,22,1769,"ffn_shexp-24","blk.24.ffn_down_shexp.weight","ffn_swiglu-24"
625,77,MUL,0,2,0,1775,"ffn_shexp_gated-24","ffn_shexp-24","shared_expert_gate_sigmoid-24"
625,78,ADD,0,1,1,1777,"ffn_out-24","ffn_moe_out-24","ffn_shexp_gated-24"
625,81,MUL_MAT,0,4,3,1786,"hc_inject-24","blk.24.hc_ffn_inject.weight","hc_norm-24"
625,87,ADD,0,2,0,1797,"l_last-24","hc_combine-24","node_4135"
625,90,MUL,0,5,0,1806,"hc_norm-25"," (reshaped)","blk.25.hc_attn_norm.weight"
625,95,UNARY,0,22,0,1983,"hc_gate-25","node_4143",""
625,106,SCALE,0,0,1,1997,"hc_mixed-25","node_4154",""
625,152,RMS_NORM,0,1,1,3125,"norm-25","attn_output-25",""
626,5,MUL_MAT,0,174,144,627,"linear_attn_out-25","blk.25.ssm_out.weight","final_output-25"
626,9,MUL_MAT,0,6,3,639,"hc_inject-25","blk.25.hc_attn_inject.weight","hc_norm-25"
626,15,ADD,0,1,1,651,"hc_combine-25","l_last-24","node_4217"
626,18,MUL,0,5,0,667,"hc_norm-25"," (reshaped)","blk.25.hc_ffn_norm.weight"
626,23,UNARY,0,21,0,840,"hc_gate-25","node_4225",""
626,34,SCALE,0,0,2,865,"ffn_moe_inp-25","node_4236",""
626,38,ARGSORT,0,17,0,983,"ffn_moe_argsort-25","ffn_moe_probs-25",""
626,70,ADD,0,1,1,1641,"ffn_moe_out-25","node_4272","ffn_moe_weighted-25 (view)"
626,74,MUL_MAT,0,19,17,1760,"ffn_shexp-25","blk.25.ffn_down_shexp.weight","ffn_swiglu-25"
626,77,MUL,0,1,1,1768,"ffn_shexp_gated-25","ffn_shexp-25","shared_expert_gate_sigmoid-25"
626,78,ADD,0,1,0,1769,"ffn_out-25","ffn_moe_out-25","ffn_shexp_gated-25"
626,81,MUL_MAT,0,6,5,1783,"hc_inject-25","blk.25.hc_ffn_inject.weight","hc_norm-25"
626,87,ADD,0,1,25,1820,"l_last-25","hc_combine-25","node_4289"
626,90,MUL,0,6,0,1828,"hc_norm-26"," (reshaped)","blk.26.hc_attn_norm.weight"
626,95,UNARY,0,21,0,2013,"hc_gate-26","node_4297",""
626,106,SCALE,0,0,1,2028,"hc_mixed-26","node_4308",""
626,152,RMS_NORM,0,1,1,3050,"norm-26","attn_output-26",""
627,5,MUL_MAT,0,181,163,677,"linear_attn_out-26","blk.26.ssm_out.weight","final_output-26"
627,9,MUL_MAT,0,7,5,692,"hc_inject-26","blk.26.hc_attn_inject.weight","hc_norm-26"
627,15,ADD,0,2,1,706,"hc_combine-26","l_last-25","node_4371"
627,18,MUL,0,6,0,716,"hc_norm-26"," (reshaped)","blk.26.hc_ffn_norm.weight"
627,23,UNARY,0,26,0,901,"hc_gate-26","node_4379",""
627,34,SCALE,0,0,1,915,"ffn_moe_inp-26","node_4390",""
627,38,ARGSORT,0,23,1,1158,"ffn_moe_argsort-26","ffn_moe_probs-26",""
627,70,ADD,0,1,0,1987,"ffn_moe_out-26","node_4426","ffn_moe_weighted-26 (view)"
627,74,MUL_MAT,0,31,12,2124,"ffn_shexp-26","blk.26.ffn_down_shexp.weight","ffn_swiglu-26"
627,77,MUL,0,2,1,2142,"ffn_shexp_gated-26","ffn_shexp-26","shared_expert_gate_sigmoid-26"
627,78,ADD,0,2,0,2144,"ffn_out-26","ffn_moe_out-26","ffn_shexp_gated-26"
627,81,MUL_MAT,0,6,9,2162,"hc_inject-26","blk.26.hc_ffn_inject.weight","hc_norm-26"
627,87,ADD,0,2,1,2285,"l_last-26","hc_combine-26","node_4443"
627,90,MUL,0,6,1,2297,"hc_norm-27"," (reshaped)","blk.27.hc_attn_norm.weight"
627,95,UNARY,0,31,1,2519,"hc_gate-27","node_4451",""
627,106,SCALE,0,1,2,2547,"hc_mixed-27","node_4462",""
627,151,RMS_NORM,0,4,1,3307,"norm-27","indexer_k_pooled-27 (reshaped)",""
628,38,MUL_MAT,0,242,68,527,"attn_output-27","blk.27.attn_output.weight","attn_gated-27"
628,41,MUL_MAT,0,6,7,544,"hc_inject-27","blk.27.hc_attn_inject.weight","hc_norm-27"
628,47,ADD,0,2,1,557,"hc_combine-27","l_last-26","node_4558"
628,50,MUL,0,6,1,568,"hc_norm-27"," (reshaped)","blk.27.hc_ffn_norm.weight"
628,55,UNARY,0,30,1,747,"hc_gate-27","node_4566",""
628,66,SCALE,0,1,1,763,"ffn_moe_inp-27","node_4577",""
628,70,ARGSORT,0,20,1,885,"ffn_moe_argsort-27","ffn_moe_probs-27",""
628,102,ADD,0,1,1,1558,"ffn_moe_out-27","node_4613","ffn_moe_weighted-27 (view)"
628,106,MUL_MAT,0,30,5,1693,"ffn_shexp-27","blk.27.ffn_down_shexp.weight","ffn_swiglu-27"
628,109,MUL,0,3,0,1702,"ffn_shexp_gated-27","ffn_shexp-27","shared_expert_gate_sigmoid-27"
628,110,ADD,0,1,1,1704,"ffn_out-27","ffn_moe_out-27","ffn_shexp_gated-27"
628,113,MUL_MAT,0,5,8,1719,"hc_inject-27","blk.27.hc_ffn_inject.weight","hc_norm-27"
628,119,ADD,0,2,0,1731,"l_last-27","hc_combine-27","node_4630"
628,122,MUL,0,7,0,1743,"hc_norm-28"," (reshaped)","blk.28.hc_attn_norm.weight"
628,127,UNARY,0,31,0,1927,"hc_gate-28","node_4638",""
628,138,SCALE,0,0,1,1945,"hc_mixed-28","node_4649",""
628,184,RMS_NORM,0,1,2,3108,"norm-28","attn_output-28",""
629,5,MUL_MAT,0,183,143,637,"linear_attn_out-28","blk.28.ssm_out.weight","final_output-28"
629,9,MUL_MAT,0,6,9,655,"hc_inject-28","blk.28.hc_attn_inject.weight","hc_norm-28"
629,15,ADD,0,1,2,669,"hc_combine-28","l_last-27","node_4712"
629,18,MUL,0,6,0,679,"hc_norm-28"," (reshaped)","blk.28.hc_ffn_norm.weight"
629,23,UNARY,0,21,0,857,"hc_gate-28","node_4720",""
629,34,SCALE,0,0,1,872,"ffn_moe_inp-28","node_4731",""
629,38,ARGSORT,0,19,0,997,"ffn_moe_argsort-28","ffn_moe_probs-28",""
629,70,ADD,0,1,1,1661,"ffn_moe_out-28","node_4767","ffn_moe_weighted-28 (view)"
629,74,MUL_MAT,0,17,20,1784,"ffn_shexp-28","blk.28.ffn_down_shexp.weight","ffn_swiglu-28"
629,77,MUL,0,1,1,1793,"ffn_shexp_gated-28","ffn_shexp-28","shared_expert_gate_sigmoid-28"
629,78,ADD,0,1,0,1794,"ffn_out-28","ffn_moe_out-28","ffn_shexp_gated-28"
629,81,MUL_MAT,0,5,10,1812,"hc_inject-28","blk.28.hc_ffn_inject.weight","hc_norm-28"
629,87,ADD,0,1,1,1823,"l_last-28","hc_combine-28","node_4784"
629,90,MUL,0,5,0,1832,"hc_norm-29"," (reshaped)","blk.29.hc_attn_norm.weight"
629,95,UNARY,0,21,0,2004,"hc_gate-29","node_4792",""
629,106,SCALE,0,0,3,2020,"hc_mixed-29","node_4803",""
629,152,RMS_NORM,0,0,2,2999,"norm-29","attn_output-29",""
630,5,MUL_MAT,0,277,70,697,"linear_attn_out-29","blk.29.ssm_out.weight","final_output-29"
630,9,MUL_MAT,0,8,6,715,"hc_inject-29","blk.29.hc_attn_inject.weight","hc_norm-29"
630,15,ADD,0,3,5,733,"hc_combine-29","l_last-28","node_4866"
630,18,MUL,0,6,0,742,"hc_norm-29"," (reshaped)","blk.29.hc_ffn_norm.weight"
630,23,UNARY,0,30,1,936,"hc_gate-29","node_4874",""
630,34,SCALE,0,0,2,953,"ffn_moe_inp-29","node_4885",""
630,38,ARGSORT,0,20,0,1093,"ffn_moe_argsort-29","ffn_moe_probs-29",""
630,70,ADD,0,1,0,1833,"ffn_moe_out-29","node_4921","ffn_moe_weighted-29 (view)"
630,74,MUL_MAT,0,41,8,1965,"ffn_shexp-29","blk.29.ffn_down_shexp.weight","ffn_swiglu-29"
630,77,MUL,0,3,6,2084,"ffn_shexp_gated-29","ffn_shexp-29","shared_expert_gate_sigmoid-29"
630,78,ADD,0,1,0,2085,"ffn_out-29","ffn_moe_out-29","ffn_shexp_gated-29"
630,81,MUL_MAT,0,5,15,2108,"hc_inject-29","blk.29.hc_ffn_inject.weight","hc_norm-29"
630,87,ADD,0,1,13,2140,"l_last-29","hc_combine-29","node_4938"
630,90,MUL,0,5,0,2149,"hc_norm-30"," (reshaped)","blk.30.hc_attn_norm.weight"
630,95,UNARY,0,21,0,2319,"hc_gate-30","node_4946",""
630,106,SCALE,0,0,1,2333,"hc_mixed-30","node_4957",""
630,152,RMS_NORM,0,1,1,3338,"norm-30","attn_output-30",""
631,5,MUL_MAT,0,172,151,628,"linear_attn_out-30","blk.30.ssm_out.weight","final_output-30"
631,9,MUL_MAT,0,5,5,647,"hc_inject-30","blk.30.hc_attn_inject.weight","hc_norm-30"
631,15,ADD,0,1,1,659,"hc_combine-30","l_last-29","node_5020"
631,18,MUL,0,5,0,668,"hc_norm-30"," (reshaped)","blk.30.hc_ffn_norm.weight"
631,23,UNARY,0,21,0,837,"hc_gate-30","node_5028",""
631,34,SCALE,0,0,2,861,"ffn_moe_inp-30","node_5039",""
631,38,ARGSORT,0,18,0,992,"ffn_moe_argsort-30","ffn_moe_probs-30",""
631,70,ADD,0,1,1,1963,"ffn_moe_out-30","node_5075","ffn_moe_weighted-30 (view)"
631,74,MUL_MAT,0,45,6,2119,"ffn_shexp-30","blk.30.ffn_down_shexp.weight","ffn_swiglu-30"
631,77,MUL,0,2,0,2126,"ffn_shexp_gated-30","ffn_shexp-30","shared_expert_gate_sigmoid-30"
631,78,ADD,0,2,1,2129,"ffn_out-30","ffn_moe_out-30","ffn_shexp_gated-30"
631,81,MUL_MAT,0,8,4,2143,"hc_inject-30","blk.30.hc_ffn_inject.weight","hc_norm-30"
631,87,ADD,0,1,1,2174,"l_last-30","hc_combine-30","node_5092"
631,90,MUL,0,7,1,2186,"hc_norm-31"," (reshaped)","blk.31.hc_attn_norm.weight"
631,95,UNARY,0,32,1,2415,"hc_gate-31","node_5100",""
631,106,SCALE,0,0,13,2460,"hc_mixed-31","node_5111",""
631,151,RMS_NORM,0,5,0,3411,"norm-31","indexer_k_pooled-31 (reshaped)",""
632,38,MUL_MAT,0,277,37,520,"attn_output-31","blk.31.attn_output.weight","attn_gated-31"
632,41,MUL_MAT,0,7,4,534,"hc_inject-31","blk.31.hc_attn_inject.weight","hc_norm-31"
632,47,ADD,0,2,7,560,"hc_combine-31","l_last-30","node_5207"
632,50,MUL,0,6,0,570,"hc_norm-31"," (reshaped)","blk.31.hc_ffn_norm.weight"
632,55,UNARY,0,30,0,752,"hc_gate-31","node_5215",""
632,66,SCALE,0,0,2,773,"ffn_moe_inp-31","node_5226",""
632,70,ARGSORT,0,22,0,896,"ffn_moe_argsort-31","ffn_moe_probs-31",""
632,102,ADD,0,1,4,1543,"ffn_moe_out-31","node_5262","ffn_moe_weighted-31 (view)"
632,106,MUL_MAT,0,28,5,1649,"ffn_shexp-31","blk.31.ffn_down_shexp.weight","ffn_swiglu-31"
632,109,MUL,0,2,0,1657,"ffn_shexp_gated-31","ffn_shexp-31","shared_expert_gate_sigmoid-31"
632,110,ADD,0,1,1,1659,"ffn_out-31","ffn_moe_out-31","ffn_shexp_gated-31"
632,113,MUL_MAT,0,7,2,1670,"hc_inject-31","blk.31.hc_ffn_inject.weight","hc_norm-31"
632,119,ADD,0,2,0,1689,"l_last-31","hc_combine-31","node_5279"
632,122,MUL,0,6,0,1703,"hc_norm-32"," (reshaped)","blk.32.hc_attn_norm.weight"
632,127,UNARY,0,30,1,1877,"hc_gate-32","node_5287",""
632,138,SCALE,0,1,1,1893,"hc_mixed-32","node_5298",""
632,184,RMS_NORM,0,1,1,2954,"norm-32","attn_output-32",""
633,5,MUL_MAT,0,293,54,740,"linear_attn_out-32","blk.32.ssm_out.weight","final_output-32"
633,9,MUL_MAT,0,7,5,760,"hc_inject-32","blk.32.hc_attn_inject.weight","hc_norm-32"
633,15,ADD,0,2,1,772,"hc_combine-32","l_last-31","node_5361"
633,18,MUL,0,7,0,782,"hc_norm-32"," (reshaped)","blk.32.hc_ffn_norm.weight"
633,23,UNARY,0,31,0,971,"hc_gate-32","node_5369",""
633,34,SCALE,0,0,1,986,"ffn_moe_inp-32","node_5380",""
633,38,ARGSORT,0,21,0,1116,"ffn_moe_argsort-32","ffn_moe_probs-32",""
633,70,ADD,0,2,1,1834,"ffn_moe_out-32","node_5416","ffn_moe_weighted-32 (view)"
633,74,MUL_MAT,0,27,8,1943,"ffn_shexp-32","blk.32.ffn_down_shexp.weight","ffn_swiglu-32"
633,77,MUL,0,1,1,1958,"ffn_shexp_gated-32","ffn_shexp-32","shared_expert_gate_sigmoid-32"
633,78,ADD,0,1,1,1960,"ffn_out-32","ffn_moe_out-32","ffn_shexp_gated-32"
633,81,MUL_MAT,0,6,2,1970,"hc_inject-32","blk.32.hc_ffn_inject.weight","hc_norm-32"
633,87,ADD,0,2,1,1985,"l_last-32","hc_combine-32","node_5433"
633,90,MUL,0,6,0,1994,"hc_norm-33"," (reshaped)","blk.33.hc_attn_norm.weight"
633,95,UNARY,0,31,0,2177,"hc_gate-33","node_5441",""
633,106,SCALE,0,0,2,2277,"hc_mixed-33","node_5452",""
633,152,RMS_NORM,0,1,5,3338,"norm-33","attn_output-33",""
634,5,MUL_MAT,0,275,53,646,"linear_attn_out-33","blk.33.ssm_out.weight","final_output-33"
634,9,MUL_MAT,0,7,1,657,"hc_inject-33","blk.33.hc_attn_inject.weight","hc_norm-33"
634,15,ADD,0,2,1,668,"hc_combine-33","l_last-32","node_5515"
634,18,MUL,0,5,1,677,"hc_norm-33"," (reshaped)","blk.33.hc_ffn_norm.weight"
634,23,UNARY,0,32,0,868,"hc_gate-33","node_5523",""
634,34,SCALE,0,0,2,891,"ffn_moe_inp-33","node_5534",""
634,38,ARGSORT,0,21,0,1119,"ffn_moe_argsort-33","ffn_moe_probs-33",""
634,70,ADD,0,1,0,1858,"ffn_moe_out-33","node_5570","ffn_moe_weighted-33 (view)"
634,74,MUL_MAT,0,22,28,1991,"ffn_shexp-33","blk.33.ffn_down_shexp.weight","ffn_swiglu-33"
634,77,MUL,0,2,0,2014,"ffn_shexp_gated-33","ffn_shexp-33","shared_expert_gate_sigmoid-33"
634,78,ADD,0,1,1,2016,"ffn_out-33","ffn_moe_out-33","ffn_shexp_gated-33"
634,81,MUL_MAT,0,6,5,2029,"hc_inject-33","blk.33.hc_ffn_inject.weight","hc_norm-33"
634,87,ADD,0,1,3,2043,"l_last-33","hc_combine-33","node_5587"
634,90,MUL,0,5,1,2058,"hc_norm-34"," (reshaped)","blk.34.hc_attn_norm.weight"
634,95,UNARY,0,20,1,2245,"hc_gate-34","node_5595",""
634,106,SCALE,0,0,2,2261,"hc_mixed-34","node_5606",""
634,152,RMS_NORM,0,1,0,3557,"norm-34","attn_output-34",""
635,5,MUL_MAT,0,283,69,689,"linear_attn_out-34","blk.34.ssm_out.weight","final_output-34"
635,9,MUL_MAT,0,8,1,702,"hc_inject-34","blk.34.hc_attn_inject.weight","hc_norm-34"
635,15,ADD,0,2,9,725,"hc_combine-34","l_last-33","node_5669"
635,18,MUL,0,6,1,736,"hc_norm-34"," (reshaped)","blk.34.hc_ffn_norm.weight"
635,23,UNARY,0,30,1,921,"hc_gate-34","node_5677",""
635,34,SCALE,0,0,2,939,"ffn_moe_inp-34","node_5688",""
635,38,ARGSORT,0,21,0,1079,"ffn_moe_argsort-34","ffn_moe_probs-34",""
635,70,ADD,0,1,15,1778,"ffn_moe_out-34","node_5724","ffn_moe_weighted-34 (view)"
635,74,MUL_MAT,0,29,10,1896,"ffn_shexp-34","blk.34.ffn_down_shexp.weight","ffn_swiglu-34"
635,77,MUL,0,2,0,1906,"ffn_shexp_gated-34","ffn_shexp-34","shared_expert_gate_sigmoid-34"
635,78,ADD,0,2,0,1908,"ffn_out-34","ffn_moe_out-34","ffn_shexp_gated-34"
635,81,MUL_MAT,0,6,3,1920,"hc_inject-34","blk.34.hc_ffn_inject.weight","hc_norm-34"
635,87,ADD,0,1,1,1933,"l_last-34","hc_combine-34","node_5741"
635,90,MUL,0,7,0,1950,"hc_norm-35"," (reshaped)","blk.35.hc_attn_norm.weight"
635,95,UNARY,0,31,0,2145,"hc_gate-35","node_5749",""
635,106,SCALE,0,0,2,2163,"hc_mixed-35","node_5760",""
635,151,RMS_NORM,0,5,0,3092,"norm-35","indexer_k_pooled-35 (reshaped)",""
636,38,MUL_MAT,0,237,82,557,"attn_output-35","blk.35.attn_output.weight","attn_gated-35"
636,41,MUL_MAT,0,7,2,570,"hc_inject-35","blk.35.hc_attn_inject.weight","hc_norm-35"
636,47,ADD,0,3,0,589,"hc_combine-35","l_last-34","node_5856"
636,50,MUL,0,7,0,601,"hc_norm-35"," (reshaped)","blk.35.hc_ffn_norm.weight"
636,55,UNARY,0,30,1,785,"hc_gate-35","node_5864",""
636,66,SCALE,0,0,2,804,"ffn_moe_inp-35","node_5875",""
636,70,ARGSORT,0,20,1,931,"ffn_moe_argsort-35","ffn_moe_probs-35",""
636,102,ADD,0,1,1,2234,"ffn_moe_out-35","node_5911","ffn_moe_weighted-35 (view)"
636,106,MUL_MAT,0,28,9,2345,"ffn_shexp-35","blk.35.ffn_down_shexp.weight","ffn_swiglu-35"
636,109,MUL,0,2,0,2353,"ffn_shexp_gated-35","ffn_shexp-35","shared_expert_gate_sigmoid-35"
636,110,ADD,0,1,0,2355,"ffn_out-35","ffn_moe_out-35","ffn_shexp_gated-35"
636,113,MUL_MAT,0,7,13,2378,"hc_inject-35","blk.35.hc_ffn_inject.weight","hc_norm-35"
636,119,ADD,0,2,0,2391,"l_last-35","hc_combine-35","node_5928"
636,122,MUL,0,6,1,2401,"hc_norm-36"," (reshaped)","blk.36.hc_attn_norm.weight"
636,127,UNARY,0,32,0,2583,"hc_gate-36","node_5936",""
636,138,SCALE,0,1,1,2600,"hc_mixed-36","node_5947",""
636,184,RMS_NORM,0,0,2,3769,"norm-36","attn_output-36",""
637,5,MUL_MAT,0,272,76,718,"linear_attn_out-36","blk.36.ssm_out.weight","final_output-36"
637,9,MUL_MAT,0,9,6,746,"hc_inject-36","blk.36.hc_attn_inject.weight","hc_norm-36"
637,15,ADD,0,2,2,760,"hc_combine-36","l_last-35","node_6010"
637,18,MUL,0,7,3,774,"hc_norm-36"," (reshaped)","blk.36.hc_ffn_norm.weight"
637,23,UNARY,0,32,1,972,"hc_gate-36","node_6018",""
637,34,SCALE,0,0,2,992,"ffn_moe_inp-36","node_6029",""
637,38,ARGSORT,0,20,0,1138,"ffn_moe_argsort-36","ffn_moe_probs-36",""
637,70,ADD,0,1,1,1893,"ffn_moe_out-36","node_6065","ffn_moe_weighted-36 (view)"
637,74,MUL_MAT,0,28,8,2008,"ffn_shexp-36","blk.36.ffn_down_shexp.weight","ffn_swiglu-36"
637,77,MUL,0,1,1,2015,"ffn_shexp_gated-36","ffn_shexp-36","shared_expert_gate_sigmoid-36"
637,78,ADD,0,1,1,2017,"ffn_out-36","ffn_moe_out-36","ffn_shexp_gated-36"
637,81,MUL_MAT,0,7,1,2027,"hc_inject-36","blk.36.hc_ffn_inject.weight","hc_norm-36"
637,87,ADD,0,2,1,2045,"l_last-36","hc_combine-36","node_6082"
637,90,MUL,0,6,0,2055,"hc_norm-37"," (reshaped)","blk.37.hc_attn_norm.weight"
637,95,UNARY,0,31,0,2240,"hc_gate-37","node_6090",""
637,106,SCALE,0,0,1,2257,"hc_mixed-37","node_6101",""
637,152,RMS_NORM,0,0,2,3300,"norm-37","attn_output-37",""
638,5,MUL_MAT,0,259,54,629,"linear_attn_out-37","blk.37.ssm_out.weight","final_output-37"
638,9,MUL_MAT,0,7,1,641,"hc_inject-37","blk.37.hc_attn_inject.weight","hc_norm-37"
638,15,ADD,0,2,1,660,"hc_combine-37","l_last-36","node_6164"
638,18,MUL,0,7,1,671,"hc_norm-37"," (reshaped)","blk.37.hc_ffn_norm.weight"
638,23,UNARY,0,32,0,847,"hc_gate-37","node_6172",""
638,34,SCALE,0,0,1,862,"ffn_moe_inp-37","node_6183",""
638,38,ARGSORT,0,20,0,1042,"ffn_moe_argsort-37","ffn_moe_probs-37",""
638,70,ADD,0,1,1,1746,"ffn_moe_out-37","node_6219","ffn_moe_weighted-37 (view)"
638,74,MUL_MAT,0,31,10,1871,"ffn_shexp-37","blk.37.ffn_down_shexp.weight","ffn_swiglu-37"
638,77,MUL,0,2,1,1879,"ffn_shexp_gated-37","ffn_shexp-37","shared_expert_gate_sigmoid-37"
638,78,ADD,0,1,1,1881,"ffn_out-37","ffn_moe_out-37","ffn_shexp_gated-37"
638,81,MUL_MAT,0,8,4,1895,"hc_inject-37","blk.37.hc_ffn_inject.weight","hc_norm-37"
638,87,ADD,0,2,0,1911,"l_last-37","hc_combine-37","node_6236"
638,90,MUL,0,6,1,1922,"hc_norm-38"," (reshaped)","blk.38.hc_attn_norm.weight"
638,95,UNARY,0,31,0,2131,"hc_gate-38","node_6244",""
638,106,SCALE,0,0,0,2151,"hc_mixed-38","node_6255",""
638,152,RMS_NORM,0,1,23,3418,"norm-38","attn_output-38",""
639,5,MUL_MAT,0,274,66,656,"linear_attn_out-38","blk.38.ssm_out.weight","final_output-38"
639,9,MUL_MAT,0,6,3,668,"hc_inject-38","blk.38.hc_attn_inject.weight","hc_norm-38"
639,15,ADD,0,2,1,680,"hc_combine-38","l_last-37","node_6318"
639,18,MUL,0,7,0,690,"hc_norm-38"," (reshaped)","blk.38.hc_ffn_norm.weight"
639,23,UNARY,0,31,0,870,"hc_gate-38","node_6326",""
639,34,SCALE,0,0,1,886,"ffn_moe_inp-38","node_6337",""
639,38,ARGSORT,0,20,0,1013,"ffn_moe_argsort-38","ffn_moe_probs-38",""
639,70,ADD,0,1,0,2073,"ffn_moe_out-38","node_6373","ffn_moe_weighted-38 (view)"
639,74,MUL_MAT,0,30,14,2202,"ffn_shexp-38","blk.38.ffn_down_shexp.weight","ffn_swiglu-38"
639,77,MUL,0,1,1,2210,"ffn_shexp_gated-38","ffn_shexp-38","shared_expert_gate_sigmoid-38"
639,78,ADD,0,1,1,2212,"ffn_out-38","ffn_moe_out-38","ffn_shexp_gated-38"
639,81,MUL_MAT,0,6,6,2226,"hc_inject-38","blk.38.hc_ffn_inject.weight","hc_norm-38"
639,87,ADD,0,1,1,2253,"l_last-38","hc_combine-38","node_6390"
640,0,GET_ROWS,0,3,0,3,"model.input_embed","token_embd.weight","inp_tokens"
640,2,REPEAT,0,5,0,9,"hc_init","model.input_embed (reshaped)",""
640,5,MUL,0,10,1,25,"hc_norm-0"," (reshaped)","blk.0.hc_attn_norm.weight"
640,10,UNARY,0,52,1,230,"hc_gate-0","node_9",""
640,21,SCALE,0,0,2,252,"hc_mixed-0","node_20",""
640,69,RMS_NORM,0,0,1,1691,"norm-0","attn_output-0",""
641,5,MUL_MAT,0,327,6,643,"linear_attn_out-0","blk.0.ssm_out.weight","final_output-0"
641,9,MUL_MAT,0,27,1,683,"hc_inject-0","blk.0.hc_attn_inject.weight","hc_norm-0"
641,15,ADD,0,2,1,695,"hc_combine-0","hc_init","node_85"
641,18,MUL,0,9,0,707,"hc_norm-0"," (reshaped)","blk.0.hc_ffn_norm.weight"
641,23,UNARY,0,34,1,888,"hc_gate-0","node_93",""
641,34,SCALE,0,0,1,909,"ffn_moe_inp-0","node_104",""
641,38,ARGSORT,0,23,0,1035,"ffn_moe_argsort-0","ffn_moe_probs-0",""
641,70,ADD,0,14,1,1670,"ffn_moe_out-0","node_140","ffn_moe_weighted-0 (view)"
641,93,MUL_MAT,0,34,1,2546,"ffn_shexp-0","blk.0.ffn_down_shexp.weight","ffn_swiglu-0"
641,96,MUL,0,3,0,2573,"ffn_shexp_gated-0","ffn_shexp-0","shared_expert_gate_sigmoid-0"
641,97,ADD,0,2,1,2577,"ffn_out-0","ffn_moe_out-0","ffn_shexp_gated-0"
641,100,MUL_MAT,0,10,1,2600,"hc_inject-0","blk.0.hc_ffn_inject.weight","hc_norm-0"
641,106,ADD,0,2,9,2626,"l_last-0","hc_combine-0","node_176"
641,120,UNARY,0,0,1,2675,"ple_gate-1","node_190",""
641,121,MUL,0,3,0,2679,"ple_gated_value-1","node_154","ple_gate-1"
641,174,MUL,0,8,1,3148,"hc_norm-1"," (reshaped)","blk.1.hc_attn_norm.weight"
641,179,UNARY,0,35,0,3326,"hc_gate-1","node_249",""
641,190,SCALE,0,0,1,3350,"hc_mixed-1","node_260",""
641,236,RMS_NORM,0,1,9,4925,"norm-1","attn_output-1",""
642,5,MUL_MAT,0,288,58,683,"linear_attn_out-1","blk.1.ssm_out.weight","final_output-1"
642,9,MUL_MAT,0,14,2,703,"hc_inject-1","blk.1.hc_attn_inject.weight","hc_norm-1"
642,15,ADD,0,1,2,718,"hc_combine-1","node_242","node_323"
642,18,MUL,0,6,0,728,"hc_norm-1"," (reshaped)","blk.1.hc_ffn_norm.weight"
642,23,UNARY,0,31,1,926,"hc_gate-1","node_331",""
642,34,SCALE,0,0,2,944,"ffn_moe_inp-1","node_342",""
642,38,ARGSORT,0,22,1,1090,"ffn_moe_argsort-1","ffn_moe_probs-1",""
642,70,ADD,0,1,1,2354,"ffn_moe_out-1","node_378","ffn_moe_weighted-1 (view)"
642,74,MUL_MAT,0,27,11,2480,"ffn_shexp-1","blk.1.ffn_down_shexp.weight","ffn_swiglu-1"
642,77,MUL,0,2,0,2488,"ffn_shexp_gated-1","ffn_shexp-1","shared_expert_gate_sigmoid-1"
642,78,ADD,0,2,19,2509,"ffn_out-1","ffn_moe_out-1","ffn_shexp_gated-1"
642,81,MUL_MAT,0,8,2,2521,"hc_inject-1","blk.1.hc_ffn_inject.weight","hc_norm-1"
642,87,ADD,0,2,1,2534,"l_last-1","hc_combine-1","node_395"
642,90,MUL,0,6,1,2545,"hc_norm-2"," (reshaped)","blk.2.hc_attn_norm.weight"
642,95,UNARY,0,31,0,2729,"hc_gate-2","node_403",""
642,106,SCALE,0,0,2,2891,"hc_mixed-2","node_414",""
642,152,RMS_NORM,0,0,1,4102,"norm-2","attn_output-2",""
643,5,MUL_MAT,0,263,77,669,"linear_attn_out-2","blk.2.ssm_out.weight","final_output-2"
643,9,MUL_MAT,0,12,1,685,"hc_inject-2","blk.2.hc_attn_inject.weight","hc_norm-2"
643,15,ADD,0,2,0,698,"hc_combine-2","l_last-1","node_477"
643,18,MUL,0,6,0,708,"hc_norm-2"," (reshaped)","blk.2.hc_ffn_norm.weight"
643,23,UNARY,0,30,1,899,"hc_gate-2","node_485",""
643,34,SCALE,0,1,1,914,"ffn_moe_inp-2","node_496",""
643,38,ARGSORT,0,22,0,1045,"ffn_moe_argsort-2","ffn_moe_probs-2",""
643,70,ADD,0,1,0,2884,"ffn_moe_out-2","node_532","ffn_moe_weighted-2 (view)"
643,74,MUL_MAT,0,37,7,3170,"ffn_shexp-2","blk.2.ffn_down_shexp.weight","ffn_swiglu-2"
643,77,MUL,0,3,1,3181,"ffn_shexp_gated-2","ffn_shexp-2","shared_expert_gate_sigmoid-2"
643,78,ADD,0,1,1,3183,"ffn_out-2","ffn_moe_out-2","ffn_shexp_gated-2"
643,81,MUL_MAT,0,14,4,3205,"hc_inject-2","blk.2.hc_ffn_inject.weight","hc_norm-2"
643,87,ADD,0,2,1,3218,"l_last-2","hc_combine-2","node_549"
643,90,MUL,0,10,0,3233,"hc_norm-3"," (reshaped)","blk.3.hc_attn_norm.weight"
643,95,UNARY,0,55,0,3492,"hc_gate-3","node_557",""
643,106,SCALE,0,0,1,3510,"hc_mixed-3","node_568",""
643,151,RMS_NORM,0,9,0,4342,"norm-3","indexer_k_pooled-3 (reshaped)",""
644,38,MUL_MAT,0,248,68,534,"attn_output-3","blk.3.attn_output.weight","attn_gated-3"
644,41,MUL_MAT,0,10,3,550,"hc_inject-3","blk.3.hc_attn_inject.weight","hc_norm-3"
644,47,ADD,0,1,1,574,"hc_combine-3","l_last-2","node_664"
644,50,MUL,0,23,0,600,"hc_norm-3"," (reshaped)","blk.3.hc_ffn_norm.weight"
644,55,UNARY,0,35,0,785,"hc_gate-3","node_672",""
644,66,SCALE,0,0,1,801,"ffn_moe_inp-3","node_683",""
644,70,ARGSORT,0,20,1,927,"ffn_moe_argsort-3","ffn_moe_probs-3",""
644,102,ADD,0,1,0,2144,"ffn_moe_out-3","node_719","ffn_moe_weighted-3 (view)"
644,106,MUL_MAT,0,49,1,2392,"ffn_shexp-3","blk.3.ffn_down_shexp.weight","ffn_swiglu-3"
644,109,MUL,0,3,0,2402,"ffn_shexp_gated-3","ffn_shexp-3","shared_expert_gate_sigmoid-3"
644,110,ADD,0,1,1,2405,"ffn_out-3","ffn_moe_out-3","ffn_shexp_gated-3"
644,113,MUL_MAT,0,9,6,2424,"hc_inject-3","blk.3.hc_ffn_inject.weight","hc_norm-3"
644,119,ADD,0,2,1,2437,"l_last-3","hc_combine-3","node_736"
644,122,MUL,0,9,1,2453,"hc_norm-4"," (reshaped)","blk.4.hc_attn_norm.weight"
644,127,UNARY,0,33,1,2661,"hc_gate-4","node_744",""
644,138,SCALE,0,0,1,2682,"hc_mixed-4","node_755",""
644,184,RMS_NORM,0,1,1,4149,"norm-4","attn_output-4",""
645,5,MUL_MAT,0,317,6,644,"linear_attn_out-4","blk.4.ssm_out.weight","final_output-4"
645,9,MUL_MAT,0,9,9,668,"hc_inject-4","blk.4.hc_attn_inject.weight","hc_norm-4"
645,15,ADD,0,2,1,683,"hc_combine-4","l_last-3","node_818"
645,18,MUL,0,8,1,696,"hc_norm-4"," (reshaped)","blk.4.hc_ffn_norm.weight"
645,23,UNARY,0,35,1,891,"hc_gate-4","node_826",""
645,34,SCALE,0,0,2,921,"ffn_moe_inp-4","node_837",""
645,38,ARGSORT,0,22,1,1062,"ffn_moe_argsort-4","ffn_moe_probs-4",""
645,70,ADD,0,1,1,2365,"ffn_moe_out-4","node_873","ffn_moe_weighted-4 (view)"
645,74,MUL_MAT,0,41,4,2489,"ffn_shexp-4","blk.4.ffn_down_shexp.weight","ffn_swiglu-4"
645,77,MUL,0,3,0,2507,"ffn_shexp_gated-4","ffn_shexp-4","shared_expert_gate_sigmoid-4"
645,78,ADD,0,1,1,2510,"ffn_out-4","ffn_moe_out-4","ffn_shexp_gated-4"
645,81,MUL_MAT,0,13,1,2530,"hc_inject-4","blk.4.hc_ffn_inject.weight","hc_norm-4"
645,87,ADD,0,2,1,2544,"l_last-4","hc_combine-4","node_890"
645,90,MUL,0,8,0,2557,"hc_norm-5"," (reshaped)","blk.5.hc_attn_norm.weight"
645,95,UNARY,0,50,1,2759,"hc_gate-5","node_898",""
645,106,SCALE,0,0,2,2786,"hc_mixed-5","node_909",""
645,152,RMS_NORM,0,1,1,4172,"norm-5","attn_output-5",""
646,5,MUL_MAT,0,308,7,615,"linear_attn_out-5","blk.5.ssm_out.weight","final_output-5"
646,9,MUL_MAT,0,9,1,630,"hc_inject-5","blk.5.hc_attn_inject.weight","hc_norm-5"
646,15,ADD,0,2,1,644,"hc_combine-5","l_last-4","node_972"
646,18,MUL,0,9,0,657,"hc_norm-5"," (reshaped)","blk.5.hc_ffn_norm.weight"
646,23,UNARY,0,35,0,843,"hc_gate-5","node_980",""
646,34,SCALE,0,0,1,861,"ffn_moe_inp-5","node_991",""
646,38,ARGSORT,0,22,1,995,"ffn_moe_argsort-5","ffn_moe_probs-5",""
646,70,ADD,0,2,0,1640,"ffn_moe_out-5","node_1027","ffn_moe_weighted-5 (view)"
646,74,MUL_MAT,0,38,1,1880,"ffn_shexp-5","blk.5.ffn_down_shexp.weight","ffn_swiglu-5"
646,77,MUL,0,3,1,1891,"ffn_shexp_gated-5","ffn_shexp-5","shared_expert_gate_sigmoid-5"
646,78,ADD,0,1,1,1893,"ffn_out-5","ffn_moe_out-5","ffn_shexp_gated-5"
646,81,MUL_MAT,0,9,2,1908,"hc_inject-5","blk.5.hc_ffn_inject.weight","hc_norm-5"
646,87,ADD,0,1,1,1920,"l_last-5","hc_combine-5","node_1044"
646,90,MUL,0,10,0,1934,"hc_norm-6"," (reshaped)","blk.6.hc_attn_norm.weight"
646,95,UNARY,0,34,0,2130,"hc_gate-6","node_1052",""
646,106,SCALE,0,1,1,2151,"hc_mixed-6","node_1063",""
646,152,RMS_NORM,0,0,11,3604,"norm-6","attn_output-6",""
647,5,MUL_MAT,0,322,8,643,"linear_attn_out-6","blk.6.ssm_out.weight","final_output-6"
647,9,MUL_MAT,0,12,0,660,"hc_inject-6","blk.6.hc_attn_inject.weight","hc_norm-6"
647,15,ADD,0,2,1,674,"hc_combine-6","l_last-5","node_1126"
647,18,MUL,0,9,1,688,"hc_norm-6"," (reshaped)","blk.6.hc_ffn_norm.weight"
647,23,UNARY,0,34,0,872,"hc_gate-6","node_1134",""
647,34,SCALE,0,0,1,890,"ffn_moe_inp-6","node_1145",""
647,38,ARGSORT,0,23,1,1030,"ffn_moe_argsort-6","ffn_moe_probs-6",""
647,70,ADD,0,1,1,2205,"ffn_moe_out-6","node_1181","ffn_moe_weighted-6 (view)"
647,74,MUL_MAT,0,18,23,2323,"ffn_shexp-6","blk.6.ffn_down_shexp.weight","ffn_swiglu-6"
647,77,MUL,0,1,0,2331,"ffn_shexp_gated-6","ffn_shexp-6","shared_expert_gate_sigmoid-6"
647,78,ADD,0,1,0,2333,"ffn_out-6","ffn_moe_out-6","ffn_shexp_gated-6"
647,81,MUL_MAT,0,4,10,2350,"hc_inject-6","blk.6.hc_ffn_inject.weight","hc_norm-6"
647,87,ADD,0,1,1,2369,"l_last-6","hc_combine-6","node_1198"
647,90,MUL,0,6,0,2379,"hc_norm-7"," (reshaped)","blk.7.hc_attn_norm.weight"
647,95,UNARY,0,21,0,2551,"hc_gate-7","node_1206",""
647,106,SCALE,0,0,2,2569,"hc_mixed-7","node_1217",""
647,151,RMS_NORM,0,4,3,3355,"norm-7","indexer_k_pooled-7 (reshaped)",""
648,38,MUL_MAT,0,300,44,582,"attn_output-7","blk.7.attn_output.weight","attn_gated-7"
648,41,MUL_MAT,0,6,3,594,"hc_inject-7","blk.7.hc_attn_inject.weight","hc_norm-7"
648,47,ADD,0,2,8,614,"hc_combine-7","l_last-6","node_1313"
648,50,MUL,0,7,0,626,"hc_norm-7"," (reshaped)","blk.7.hc_ffn_norm.weight"
648,55,UNARY,0,30,0,814,"hc_gate-7","node_1321",""
648,66,SCALE,0,0,1,829,"ffn_moe_inp-7","node_1332",""
648,70,ARGSORT,0,20,1,961,"ffn_moe_argsort-7","ffn_moe_probs-7",""
648,102,ADD,0,1,0,1695,"ffn_moe_out-7","node_1368","ffn_moe_weighted-7 (view)"
648,106,MUL_MAT,0,27,7,1808,"ffn_shexp-7","blk.7.ffn_down_shexp.weight","ffn_swiglu-7"
648,109,MUL,0,2,1,1816,"ffn_shexp_gated-7","ffn_shexp-7","shared_expert_gate_sigmoid-7"
648,110,ADD,0,1,1,1818,"ffn_out-7","ffn_moe_out-7","ffn_shexp_gated-7"
648,113,MUL_MAT,0,6,6,1832,"hc_inject-7","blk.7.hc_ffn_inject.weight","hc_norm-7"
648,119,ADD,0,1,1,1844,"l_last-7","hc_combine-7","node_1385"
648,122,MUL,0,6,1,1855,"hc_norm-8"," (reshaped)","blk.8.hc_attn_norm.weight"
648,127,UNARY,0,31,0,2028,"hc_gate-8","node_1393",""
648,138,SCALE,0,0,8,2058,"hc_mixed-8","node_1404",""
648,184,RMS_NORM,0,0,1,3071,"norm-8","attn_output-8",""
649,5,MUL_MAT,0,273,49,637,"linear_attn_out-8","blk.8.ssm_out.weight","final_output-8"
649,9,MUL_MAT,0,6,7,653,"hc_inject-8","blk.8.hc_attn_inject.weight","hc_norm-8"
649,15,ADD,0,2,1,665,"hc_combine-8","l_last-7","node_1467"
649,18,MUL,0,7,0,675,"hc_norm-8"," (reshaped)","blk.8.hc_ffn_norm.weight"
649,23,UNARY,0,31,0,863,"hc_gate-8","node_1475",""
649,34,SCALE,0,0,2,888,"ffn_moe_inp-8","node_1486",""
649,38,ARGSORT,0,22,0,1020,"ffn_moe_argsort-8","ffn_moe_probs-8",""
649,70,ADD,0,1,0,1836,"ffn_moe_out-8","node_1522","ffn_moe_weighted-8 (view)"
649,74,MUL_MAT,0,31,11,1968,"ffn_shexp-8","blk.8.ffn_down_shexp.weight","ffn_swiglu-8"
649,77,MUL,0,2,0,1978,"ffn_shexp_gated-8","ffn_shexp-8","shared_expert_gate_sigmoid-8"
649,78,ADD,0,1,1,1980,"ffn_out-8","ffn_moe_out-8","ffn_shexp_gated-8"
649,81,MUL_MAT,0,6,11,2000,"hc_inject-8","blk.8.hc_ffn_inject.weight","hc_norm-8"
649,87,ADD,0,2,1,2022,"l_last-8","hc_combine-8","node_1539"
649,90,MUL,0,6,1,2034,"hc_norm-9"," (reshaped)","blk.9.hc_attn_norm.weight"
649,95,UNARY,0,31,0,2234,"hc_gate-9","node_1547",""
649,106,SCALE,0,0,2,2250,"hc_mixed-9","node_1558",""
649,152,RMS_NORM,0,0,11,3527,"norm-9","attn_output-9",""
650,5,MUL_MAT,0,264,63,643,"linear_attn_out-9","blk.9.ssm_out.weight","final_output-9"
650,9,MUL_MAT,0,6,3,656,"hc_inject-9","blk.9.hc_attn_inject.weight","hc_norm-9"
650,15,ADD,0,1,1,667,"hc_combine-9","l_last-8","node_1621"
650,18,MUL,0,6,0,677,"hc_norm-9"," (reshaped)","blk.9.hc_ffn_norm.weight"
650,23,UNARY,0,32,0,865,"hc_gate-9","node_1629",""
650,34,SCALE,0,0,2,881,"ffn_moe_inp-9","node_1640",""
650,38,ARGSORT,0,21,0,1015,"ffn_moe_argsort-9","ffn_moe_probs-9",""
650,70,ADD,0,1,0,1677,"ffn_moe_out-9","node_1676","ffn_moe_weighted-9 (view)"
650,74,MUL_MAT,0,40,2,1805,"ffn_shexp-9","blk.9.ffn_down_shexp.weight","ffn_swiglu-9"
650,77,MUL,0,2,0,1814,"ffn_shexp_gated-9","ffn_shexp-9","shared_expert_gate_sigmoid-9"
650,78,ADD,0,1,1,1816,"ffn_out-9","ffn_moe_out-9","ffn_shexp_gated-9"
650,81,MUL_MAT,0,6,2,1827,"hc_inject-9","blk.9.hc_ffn_inject.weight","hc_norm-9"
650,87,ADD,0,1,1,1838,"l_last-9","hc_combine-9","node_1693"
650,90,MUL,0,6,0,1848,"hc_norm-10"," (reshaped)","blk.10.hc_attn_norm.weight"
650,95,UNARY,0,31,0,2045,"hc_gate-10","node_1701",""
650,106,SCALE,0,0,1,2074,"hc_mixed-10","node_1712",""
650,152,RMS_NORM,0,0,3,3340,"norm-10","attn_output-10",""
651,5,MUL_MAT,0,254,71,657,"linear_attn_out-10","blk.10.ssm_out.weight","final_output-10"
651,9,MUL_MAT,0,7,1,669,"hc_inject-10","blk.10.hc_attn_inject.weight","hc_norm-10"
651,15,ADD,0,1,1,682,"hc_combine-10","l_last-9","node_1775"
651,18,MUL,0,7,0,693,"hc_norm-10"," (reshaped)","blk.10.hc_ffn_norm.weight"
651,23,UNARY,0,44,1,890,"hc_gate-10","node_1783",""
651,34,SCALE,0,0,1,905,"ffn_moe_inp-10","node_1794",""
651,38,ARGSORT,0,20,1,1039,"ffn_moe_argsort-10","ffn_moe_probs-10",""
651,70,ADD,0,2,5,1787,"ffn_moe_out-10","node_1830","ffn_moe_weighted-10 (view)"
651,74,MUL_MAT,0,35,4,1924,"ffn_shexp-10","blk.10.ffn_down_shexp.weight","ffn_swiglu-10"
651,77,MUL,0,3,0,1938,"ffn_shexp_gated-10","ffn_shexp-10","shared_expert_gate_sigmoid-10"
651,78,ADD,0,2,0,1940,"ffn_out-10","ffn_moe_out-10","ffn_shexp_gated-10"
651,81,MUL_MAT,0,12,0,1956,"hc_inject-10","blk.10.hc_ffn_inject.weight","hc_norm-10"
651,87,ADD,0,2,0,1969,"l_last-10","hc_combine-10","node_1847"
651,90,MUL,0,9,0,1983,"hc_norm-11"," (reshaped)","blk.11.hc_attn_norm.weight"
651,95,UNARY,0,33,1,2184,"hc_gate-11","node_1855",""
651,106,SCALE,0,0,6,2208,"hc_mixed-11","node_1866",""
651,151,RMS_NORM,0,8,0,2972,"norm-11","indexer_k_pooled-11 (reshaped)",""
652,38,MUL_MAT,0,355,1,575,"attn_output-11","blk.11.attn_output.weight","attn_gated-11"
652,41,MUL_MAT,0,17,0,604,"hc_inject-11","blk.11.hc_attn_inject.weight","hc_norm-11"
652,47,ADD,0,2,2,624,"hc_combine-11","l_last-10","node_1962"
652,50,MUL,0,8,0,637,"hc_norm-11"," (reshaped)","blk.11.hc_ffn_norm.weight"
652,55,UNARY,0,47,1,841,"hc_gate-11","node_1970",""
652,66,SCALE,0,0,1,854,"ffn_moe_inp-11","node_1981",""
652,70,ARGSORT,0,18,0,987,"ffn_moe_argsort-11","ffn_moe_probs-11",""
652,102,ADD,0,1,1,1693,"ffn_moe_out-11","node_2017","ffn_moe_weighted-11 (view)"
652,106,MUL_MAT,0,46,30,1885,"ffn_shexp-11","blk.11.ffn_down_shexp.weight","ffn_swiglu-11"
652,109,MUL,0,1,1,1894,"ffn_shexp_gated-11","ffn_shexp-11","shared_expert_gate_sigmoid-11"
652,110,ADD,0,1,0,1895,"ffn_out-11","ffn_moe_out-11","ffn_shexp_gated-11"
652,113,MUL_MAT,0,6,15,1918,"hc_inject-11","blk.11.hc_ffn_inject.weight","hc_norm-11"
652,119,ADD,0,1,8,1941,"l_last-11","hc_combine-11","node_2034"
652,122,MUL,0,5,0,1950,"hc_norm-12"," (reshaped)","blk.12.hc_attn_norm.weight"
652,127,UNARY,0,21,0,2189,"hc_gate-12","node_2042",""
652,138,SCALE,0,0,1,2202,"hc_mixed-12","node_2053",""
652,184,RMS_NORM,0,0,1,3195,"norm-12","attn_output-12",""
653,5,MUL_MAT,0,166,154,629,"linear_attn_out-12","blk.12.ssm_out.weight","final_output-12"
653,9,MUL_MAT,0,17,4,654,"hc_inject-12","blk.12.hc_attn_inject.weight","hc_norm-12"
653,15,ADD,0,1,6,672,"hc_combine-12","l_last-11","node_2116"
653,18,MUL,0,6,0,681,"hc_norm-12"," (reshaped)","blk.12.hc_ffn_norm.weight"
653,23,UNARY,0,21,1,857,"hc_gate-12","node_2124",""
653,34,SCALE,0,0,1,869,"ffn_moe_inp-12","node_2135",""
653,38,ARGSORT,0,18,0,993,"ffn_moe_argsort-12","ffn_moe_probs-12",""
653,70,ADD,0,1,0,1647,"ffn_moe_out-12","node_2171","ffn_moe_weighted-12 (view)"
653,74,MUL_MAT,0,29,20,1784,"ffn_shexp-12","blk.12.ffn_down_shexp.weight","ffn_swiglu-12"
653,77,MUL,0,2,0,1793,"ffn_shexp_gated-12","ffn_shexp-12","shared_expert_gate_sigmoid-12"
653,78,ADD,0,1,1,1795,"ffn_out-12","ffn_moe_out-12","ffn_shexp_gated-12"
653,81,MUL_MAT,0,4,6,1808,"hc_inject-12","blk.12.hc_ffn_inject.weight","hc_norm-12"
653,87,ADD,0,11,1,1829,"l_last-12","hc_combine-12","node_2188"
653,90,MUL,0,7,0,1840,"hc_norm-13"," (reshaped)","blk.13.hc_attn_norm.weight"
653,95,UNARY,0,21,0,2025,"hc_gate-13","node_2196",""
653,106,SCALE,0,0,2,2039,"hc_mixed-13","node_2207",""
653,152,RMS_NORM,0,1,1,3142,"norm-13","attn_output-13",""
654,5,MUL_MAT,0,285,37,637,"linear_attn_out-13","blk.13.ssm_out.weight","final_output-13"
654,9,MUL_MAT,0,8,1,650,"hc_inject-13","blk.13.hc_attn_inject.weight","hc_norm-13"
654,15,ADD,0,1,1,674,"hc_combine-13","l_last-12","node_2270"
654,18,MUL,0,6,1,685,"hc_norm-13"," (reshaped)","blk.13.hc_ffn_norm.weight"
654,23,UNARY,0,31,0,867,"hc_gate-13","node_2278",""
654,34,SCALE,0,0,1,882,"ffn_moe_inp-13","node_2289",""
654,38,ARGSORT,0,20,44,1194,"ffn_moe_argsort-13","ffn_moe_probs-13",""
654,70,ADD,0,1,1,1818,"ffn_moe_out-13","node_2325","ffn_moe_weighted-13 (view)"
654,74,MUL_MAT,0,28,7,1925,"ffn_shexp-13","blk.13.ffn_down_shexp.weight","ffn_swiglu-13"
654,77,MUL,0,2,0,1941,"ffn_shexp_gated-13","ffn_shexp-13","shared_expert_gate_sigmoid-13"
654,78,ADD,0,1,1,1943,"ffn_out-13","ffn_moe_out-13","ffn_shexp_gated-13"
654,81,MUL_MAT,0,6,3,1954,"hc_inject-13","blk.13.hc_ffn_inject.weight","hc_norm-13"
654,87,ADD,0,2,1,1965,"l_last-13","hc_combine-13","node_2342"
654,90,MUL,0,6,0,1974,"hc_norm-14"," (reshaped)","blk.14.hc_attn_norm.weight"
654,95,UNARY,0,31,0,2163,"hc_gate-14","node_2350",""
654,106,SCALE,0,0,1,2177,"hc_mixed-14","node_2361",""
654,152,RMS_NORM,0,1,1,3295,"norm-14","attn_output-14",""
655,5,MUL_MAT,0,288,36,646,"linear_attn_out-14","blk.14.ssm_out.weight","final_output-14"
655,9,MUL_MAT,0,7,4,661,"hc_inject-14","blk.14.hc_attn_inject.weight","hc_norm-14"
655,15,ADD,0,2,1,673,"hc_combine-14","l_last-13","node_2424"
655,18,MUL,0,6,1,684,"hc_norm-14"," (reshaped)","blk.14.hc_ffn_norm.weight"
655,23,UNARY,0,31,0,890,"hc_gate-14","node_2432",""
655,34,SCALE,0,0,2,908,"ffn_moe_inp-14","node_2443",""
655,38,ARGSORT,0,20,1,1031,"ffn_moe_argsort-14","ffn_moe_probs-14",""
655,70,ADD,0,1,3,1778,"ffn_moe_out-14","node_2479","ffn_moe_weighted-14 (view)"
655,74,MUL_MAT,0,31,9,1903,"ffn_shexp-14","blk.14.ffn_down_shexp.weight","ffn_swiglu-14"
655,77,MUL,0,2,0,1919,"ffn_shexp_gated-14","ffn_shexp-14","shared_expert_gate_sigmoid-14"
655,78,ADD,0,1,0,1921,"ffn_out-14","ffn_moe_out-14","ffn_shexp_gated-14"
655,81,MUL_MAT,0,6,6,1935,"hc_inject-14","blk.14.hc_ffn_inject.weight","hc_norm-14"
655,87,ADD,0,2,1,1946,"l_last-14","hc_combine-14","node_2496"
655,90,MUL,0,7,0,1956,"hc_norm-15"," (reshaped)","blk.15.hc_attn_norm.weight"
655,95,UNARY,0,30,1,2146,"hc_gate-15","node_2504",""
655,106,SCALE,0,1,1,2161,"hc_mixed-15","node_2515",""
655,151,RMS_NORM,0,4,0,3038,"norm-15","indexer_k_pooled-15 (reshaped)",""
656,38,MUL_MAT,0,241,60,499,"attn_output-15","blk.15.attn_output.weight","attn_gated-15"
656,41,MUL_MAT,0,5,3,510,"hc_inject-15","blk.15.hc_attn_inject.weight","hc_norm-15"
656,47,ADD,0,1,1,524,"hc_combine-15","l_last-14","node_2611"
656,50,MUL,0,5,1,534,"hc_norm-15"," (reshaped)","blk.15.hc_ffn_norm.weight"
656,55,UNARY,0,30,0,710,"hc_gate-15","node_2619",""
656,66,SCALE,0,0,1,734,"ffn_moe_inp-15","node_2630",""
656,70,ARGSORT,0,20,0,854,"ffn_moe_argsort-15","ffn_moe_probs-15",""
656,102,ADD,0,1,1,1482,"ffn_moe_out-15","node_2666","ffn_moe_weighted-15 (view)"
656,106,MUL_MAT,0,27,7,1584,"ffn_shexp-15","blk.15.ffn_down_shexp.weight","ffn_swiglu-15"
656,109,MUL,0,2,0,1591,"ffn_shexp_gated-15","ffn_shexp-15","shared_expert_gate_sigmoid-15"
656,110,ADD,0,1,0,1593,"ffn_out-15","ffn_moe_out-15","ffn_shexp_gated-15"
656,113,MUL_MAT,0,5,3,1604,"hc_inject-15","blk.15.hc_ffn_inject.weight","hc_norm-15"
656,119,ADD,0,1,1,1615,"l_last-15","hc_combine-15","node_2683"
656,122,MUL,0,6,1,1626,"hc_norm-16"," (reshaped)","blk.16.hc_attn_norm.weight"
656,127,UNARY,0,30,1,1803,"hc_gate-16","node_2691",""
656,138,SCALE,0,0,1,1817,"hc_mixed-16","node_2702",""
656,184,RMS_NORM,0,1,1,2823,"norm-16","attn_output-16",""
657,5,MUL_MAT,0,302,59,701,"linear_attn_out-16","blk.16.ssm_out.weight","final_output-16"
657,9,MUL_MAT,0,7,4,716,"hc_inject-16","blk.16.hc_attn_inject.weight","hc_norm-16"
657,15,ADD,0,1,1,728,"hc_combine-16","l_last-15","node_2765"
657,18,MUL,0,7,0,740,"hc_norm-16"," (reshaped)","blk.16.hc_ffn_norm.weight"
657,23,UNARY,0,31,0,960,"hc_gate-16","node_2773",""
657,34,SCALE,0,0,1,981,"ffn_moe_inp-16","node_2784",""
657,38,ARGSORT,0,21,0,1107,"ffn_moe_argsort-16","ffn_moe_probs-16",""
657,70,ADD,0,1,1,1829,"ffn_moe_out-16","node_2820","ffn_moe_weighted-16 (view)"
657,74,MUL_MAT,0,29,8,1985,"ffn_shexp-16","blk.16.ffn_down_shexp.weight","ffn_swiglu-16"
657,77,MUL,0,2,0,1993,"ffn_shexp_gated-16","ffn_shexp-16","shared_expert_gate_sigmoid-16"
657,78,ADD,0,1,1,1995,"ffn_out-16","ffn_moe_out-16","ffn_shexp_gated-16"
657,81,MUL_MAT,0,6,5,2009,"hc_inject-16","blk.16.hc_ffn_inject.weight","hc_norm-16"
657,87,ADD,0,1,1,2043,"l_last-16","hc_combine-16","node_2837"
657,90,MUL,0,7,0,2054,"hc_norm-17"," (reshaped)","blk.17.hc_attn_norm.weight"
657,95,UNARY,0,31,0,2321,"hc_gate-17","node_2845",""
657,106,SCALE,0,0,2,2340,"hc_mixed-17","node_2856",""
657,152,RMS_NORM,0,0,5,3455,"norm-17","attn_output-17",""
658,5,MUL_MAT,0,272,52,637,"linear_attn_out-17","blk.17.ssm_out.weight","final_output-17"
658,9,MUL_MAT,0,6,7,653,"hc_inject-17","blk.17.hc_attn_inject.weight","hc_norm-17"
658,15,ADD,0,2,1,666,"hc_combine-17","l_last-16","node_2919"
658,18,MUL,0,5,1,676,"hc_norm-17"," (reshaped)","blk.17.hc_ffn_norm.weight"
658,23,UNARY,0,30,1,858,"hc_gate-17","node_2927",""
658,34,SCALE,0,0,2,875,"ffn_moe_inp-17","node_2938",""
658,38,ARGSORT,0,22,1,1000,"ffn_moe_argsort-17","ffn_moe_probs-17",""
658,70,ADD,0,1,0,1810,"ffn_moe_out-17","node_2974","ffn_moe_weighted-17 (view)"
658,74,MUL_MAT,0,34,6,1939,"ffn_shexp-17","blk.17.ffn_down_shexp.weight","ffn_swiglu-17"
658,77,MUL,0,2,11,1958,"ffn_shexp_gated-17","ffn_shexp-17","shared_expert_gate_sigmoid-17"
658,78,ADD,0,1,1,1960,"ffn_out-17","ffn_moe_out-17","ffn_shexp_gated-17"
658,81,MUL_MAT,0,7,9,1979,"hc_inject-17","blk.17.hc_ffn_inject.weight","hc_norm-17"
658,87,ADD,0,1,1,1991,"l_last-17","hc_combine-17","node_2991"
658,90,MUL,0,6,0,2007,"hc_norm-18"," (reshaped)","blk.18.hc_attn_norm.weight"
658,95,UNARY,0,30,0,2210,"hc_gate-18","node_2999",""
658,106,SCALE,0,0,2,2236,"hc_mixed-18","node_3010",""
658,152,RMS_NORM,0,1,1,3368,"norm-18","attn_output-18",""
659,5,MUL_MAT,0,254,71,648,"linear_attn_out-18","blk.18.ssm_out.weight","final_output-18"
659,9,MUL_MAT,0,6,3,661,"hc_inject-18","blk.18.hc_attn_inject.weight","hc_norm-18"
659,15,ADD,0,1,1,672,"hc_combine-18","l_last-17","node_3073"
659,18,MUL,0,7,0,683,"hc_norm-18"," (reshaped)","blk.18.hc_ffn_norm.weight"
659,23,UNARY,0,31,0,872,"hc_gate-18","node_3081",""
659,34,SCALE,0,0,2,888,"ffn_moe_inp-18","node_3092",""
659,38,ARGSORT,0,20,0,1013,"ffn_moe_argsort-18","ffn_moe_probs-18",""
659,70,ADD,0,1,1,2182,"ffn_moe_out-18","node_3128","ffn_moe_weighted-18 (view)"
659,74,MUL_MAT,0,29,6,2293,"ffn_shexp-18","blk.18.ffn_down_shexp.weight","ffn_swiglu-18"
659,77,MUL,0,2,1,2303,"ffn_shexp_gated-18","ffn_shexp-18","shared_expert_gate_sigmoid-18"
659,78,ADD,0,1,7,2311,"ffn_out-18","ffn_moe_out-18","ffn_shexp_gated-18"
659,81,MUL_MAT,0,14,3,2331,"hc_inject-18","blk.18.hc_ffn_inject.weight","hc_norm-18"
659,87,ADD,0,2,0,2343,"l_last-18","hc_combine-18","node_3145"
659,90,MUL,0,6,1,2354,"hc_norm-19"," (reshaped)","blk.19.hc_attn_norm.weight"
659,95,UNARY,0,30,1,2545,"hc_gate-19","node_3153",""
659,106,SCALE,0,0,2,2564,"hc_mixed-19","node_3164",""
659,151,RMS_NORM,0,5,0,3366,"norm-19","indexer_k_pooled-19 (reshaped)",""
660,38,MUL_MAT,0,252,52,508,"attn_output-19","blk.19.attn_output.weight","attn_gated-19"
660,41,MUL_MAT,0,6,2,522,"hc_inject-19","blk.19.hc_attn_inject.weight","hc_norm-19"
660,47,ADD,0,2,1,535,"hc_combine-19","l_last-18","node_3260"
660,50,MUL,0,6,1,546,"hc_norm-19"," (reshaped)","blk.19.hc_ffn_norm.weight"
660,55,UNARY,0,43,1,730,"hc_gate-19","node_3268",""
660,66,SCALE,0,0,2,757,"ffn_moe_inp-19","node_3279",""
660,70,ARGSORT,0,20,0,875,"ffn_moe_argsort-19","ffn_moe_probs-19",""
660,102,ADD,0,1,0,1474,"ffn_moe_out-19","node_3315","ffn_moe_weighted-19 (view)"
660,106,MUL_MAT,0,26,9,1580,"ffn_shexp-19","blk.19.ffn_down_shexp.weight","ffn_swiglu-19"
660,109,MUL,0,3,0,1589,"ffn_shexp_gated-19","ffn_shexp-19","shared_expert_gate_sigmoid-19"
660,110,ADD,0,1,5,1595,"ffn_out-19","ffn_moe_out-19","ffn_shexp_gated-19"
660,113,MUL_MAT,0,5,4,1607,"hc_inject-19","blk.19.hc_ffn_inject.weight","hc_norm-19"
660,119,ADD,0,2,1,1619,"l_last-19","hc_combine-19","node_3332"
660,122,MUL,0,6,0,1630,"hc_norm-20"," (reshaped)","blk.20.hc_attn_norm.weight"
660,127,UNARY,0,35,0,1804,"hc_gate-20","node_3340",""
660,138,SCALE,0,0,2,1823,"hc_mixed-20","node_3351",""
660,184,RMS_NORM,0,0,9,2931,"norm-20","attn_output-20",""
661,5,MUL_MAT,0,274,55,652,"linear_attn_out-20","blk.20.ssm_out.weight","final_output-20"
661,9,MUL_MAT,0,7,2,665,"hc_inject-20","blk.20.hc_attn_inject.weight","hc_norm-20"
661,15,ADD,0,2,1,686,"hc_combine-20","l_last-19","node_3414"
661,18,MUL,0,7,0,696,"hc_norm-20"," (reshaped)","blk.20.hc_ffn_norm.weight"
661,23,UNARY,0,31,0,869,"hc_gate-20","node_3422",""
661,34,SCALE,0,1,2,910,"ffn_moe_inp-20","node_3433",""
661,38,ARGSORT,0,21,0,1036,"ffn_moe_argsort-20","ffn_moe_probs-20",""
661,70,ADD,0,1,0,1674,"ffn_moe_out-20","node_3469","ffn_moe_weighted-20 (view)"
661,74,MUL_MAT,0,29,6,1797,"ffn_shexp-20","blk.20.ffn_down_shexp.weight","ffn_swiglu-20"
661,77,MUL,0,2,0,1806,"ffn_shexp_gated-20","ffn_shexp-20","shared_expert_gate_sigmoid-20"
661,78,ADD,0,1,0,1808,"ffn_out-20","ffn_moe_out-20","ffn_shexp_gated-20"
661,81,MUL_MAT,0,5,3,1819,"hc_inject-20","blk.20.hc_ffn_inject.weight","hc_norm-20"
661,87,ADD,0,2,1,1835,"l_last-20","hc_combine-20","node_3486"
661,90,MUL,0,6,0,1844,"hc_norm-21"," (reshaped)","blk.21.hc_attn_norm.weight"
661,95,UNARY,0,31,0,2021,"hc_gate-21","node_3494",""
661,106,SCALE,0,0,2,2046,"hc_mixed-21","node_3505",""
661,152,RMS_NORM,0,1,1,3097,"norm-21","attn_output-21",""
662,5,MUL_MAT,0,291,64,778,"linear_attn_out-21","blk.21.ssm_out.weight","final_output-21"
662,9,MUL_MAT,0,9,4,795,"hc_inject-21","blk.21.hc_attn_inject.weight","hc_norm-21"
662,15,ADD,0,2,0,807,"hc_combine-21","l_last-20","node_3568"
662,18,MUL,0,6,0,817,"hc_norm-21"," (reshaped)","blk.21.hc_ffn_norm.weight"
662,23,UNARY,0,31,0,1020,"hc_gate-21","node_3576",""
662,34,SCALE,0,0,1,1037,"ffn_moe_inp-21","node_3587",""
662,38,ARGSORT,0,23,0,1176,"ffn_moe_argsort-21","ffn_moe_probs-21",""
662,70,ADD,0,1,0,2494,"ffn_moe_out-21","node_3623","ffn_moe_weighted-21 (view)"
662,74,MUL_MAT,0,28,9,2608,"ffn_shexp-21","blk.21.ffn_down_shexp.weight","ffn_swiglu-21"
662,77,MUL,0,2,0,2617,"ffn_shexp_gated-21","ffn_shexp-21","shared_expert_gate_sigmoid-21"
662,78,ADD,0,2,0,2619,"ffn_out-21","ffn_moe_out-21","ffn_shexp_gated-21"
662,81,MUL_MAT,0,12,1,2637,"hc_inject-21","blk.21.hc_ffn_inject.weight","hc_norm-21"
662,87,ADD,0,2,1,2661,"l_last-21","hc_combine-21","node_3640"
662,90,MUL,0,7,0,2672,"hc_norm-22"," (reshaped)","blk.22.hc_attn_norm.weight"
662,95,UNARY,0,31,0,2848,"hc_gate-22","node_3648",""
662,106,SCALE,0,0,1,2864,"hc_mixed-22","node_3659",""
662,152,RMS_NORM,0,1,1,3930,"norm-22","attn_output-22",""
663,5,MUL_MAT,0,262,81,658,"linear_attn_out-22","blk.22.ssm_out.weight","final_output-22"
663,9,MUL_MAT,0,8,2,672,"hc_inject-22","blk.22.hc_attn_inject.weight","hc_norm-22"
663,15,ADD,0,2,0,685,"hc_combine-22","l_last-21","node_3722"
663,18,MUL,0,7,0,696,"hc_norm-22"," (reshaped)","blk.22.hc_ffn_norm.weight"
663,23,UNARY,0,31,0,896,"hc_gate-22","node_3730",""
663,34,SCALE,0,1,1,925,"ffn_moe_inp-22","node_3741",""
663,38,ARGSORT,0,20,0,1056,"ffn_moe_argsort-22","ffn_moe_probs-22",""
663,70,ADD,0,2,9,1729,"ffn_moe_out-22","node_3777","ffn_moe_weighted-22 (view)"
663,74,MUL_MAT,0,34,7,1862,"ffn_shexp-22","blk.22.ffn_down_shexp.weight","ffn_swiglu-22"
663,77,MUL,0,2,0,1869,"ffn_shexp_gated-22","ffn_shexp-22","shared_expert_gate_sigmoid-22"
663,78,ADD,0,2,1,1872,"ffn_out-22","ffn_moe_out-22","ffn_shexp_gated-22"
663,81,MUL_MAT,0,8,3,1885,"hc_inject-22","blk.22.hc_ffn_inject.weight","hc_norm-22"
663,87,ADD,0,2,0,1917,"l_last-22","hc_combine-22","node_3794"
663,90,MUL,0,7,0,1928,"hc_norm-23"," (reshaped)","blk.23.hc_attn_norm.weight"
663,95,UNARY,0,30,1,2124,"hc_gate-23","node_3802",""
663,106,SCALE,0,0,4,2151,"hc_mixed-23","node_3813",""
663,151,RMS_NORM,0,4,6,2962,"norm-23","indexer_k_pooled-23 (reshaped)",""
664,38,MUL_MAT,0,253,65,556,"attn_output-23","blk.23.attn_output.weight","attn_gated-23"
664,41,MUL_MAT,0,6,1,566,"hc_inject-23","blk.23.hc_attn_inject.weight","hc_norm-23"
664,47,ADD,0,2,1,578,"hc_combine-23","l_last-22","node_3909"
664,50,MUL,0,7,0,588,"hc_norm-23"," (reshaped)","blk.23.hc_ffn_norm.weight"
664,55,UNARY,0,31,0,773,"hc_gate-23","node_3917",""
664,66,SCALE,0,0,1,789,"ffn_moe_inp-23","node_3928",""
664,70,ARGSORT,0,19,0,917,"ffn_moe_argsort-23","ffn_moe_probs-23",""
664,102,ADD,0,1,1,1541,"ffn_moe_out-23","node_3964","ffn_moe_weighted-23 (view)"
664,106,MUL_MAT,0,30,8,1656,"ffn_shexp-23","blk.23.ffn_down_shexp.weight","ffn_swiglu-23"
664,109,MUL,0,2,0,1663,"ffn_shexp_gated-23","ffn_shexp-23","shared_expert_gate_sigmoid-23"
664,110,ADD,0,1,1,1665,"ffn_out-23","ffn_moe_out-23","ffn_shexp_gated-23"
664,113,MUL_MAT,0,6,1,1675,"hc_inject-23","blk.23.hc_ffn_inject.weight","hc_norm-23"
664,119,ADD,0,2,0,1686,"l_last-23","hc_combine-23","node_3981"
664,122,MUL,0,7,0,1697,"hc_norm-24"," (reshaped)","blk.24.hc_attn_norm.weight"
664,127,UNARY,0,30,1,1869,"hc_gate-24","node_3989",""
664,138,SCALE,0,0,10,1893,"hc_mixed-24","node_4000",""
664,184,RMS_NORM,0,0,7,3056,"norm-24","attn_output-24",""
665,5,MUL_MAT,0,265,77,688,"linear_attn_out-24","blk.24.ssm_out.weight","final_output-24"
665,9,MUL_MAT,0,7,7,708,"hc_inject-24","blk.24.hc_attn_inject.weight","hc_norm-24"
665,15,ADD,0,2,2,723,"hc_combine-24","l_last-23","node_4063"
665,18,MUL,0,6,0,733,"hc_norm-24"," (reshaped)","blk.24.hc_ffn_norm.weight"
665,23,UNARY,0,31,0,925,"hc_gate-24","node_4071",""
665,34,SCALE,0,0,1,942,"ffn_moe_inp-24","node_4082",""
665,38,ARGSORT,0,34,0,1095,"ffn_moe_argsort-24","ffn_moe_probs-24",""
665,70,ADD,0,1,1,1795,"ffn_moe_out-24","node_4118","ffn_moe_weighted-24 (view)"
665,74,MUL_MAT,0,28,12,1922,"ffn_shexp-24","blk.24.ffn_down_shexp.weight","ffn_swiglu-24"
665,77,MUL,0,2,0,1940,"ffn_shexp_gated-24","ffn_shexp-24","shared_expert_gate_sigmoid-24"
665,78,ADD,0,1,0,1942,"ffn_out-24","ffn_moe_out-24","ffn_shexp_gated-24"
665,81,MUL_MAT,0,6,16,1969,"hc_inject-24","blk.24.hc_ffn_inject.weight","hc_norm-24"
665,87,ADD,0,1,1,1982,"l_last-24","hc_combine-24","node_4135"
665,90,MUL,0,6,0,1992,"hc_norm-25"," (reshaped)","blk.25.hc_attn_norm.weight"
665,95,UNARY,0,31,0,2194,"hc_gate-25","node_4143",""
665,106,SCALE,0,0,1,2210,"hc_mixed-25","node_4154",""
665,152,RMS_NORM,0,0,1,3267,"norm-25","attn_output-25",""
666,5,MUL_MAT,0,259,68,643,"linear_attn_out-25","blk.25.ssm_out.weight","final_output-25"
666,9,MUL_MAT,0,7,1,654,"hc_inject-25","blk.25.hc_attn_inject.weight","hc_norm-25"
666,15,ADD,0,1,1,666,"hc_combine-25","l_last-24","node_4217"
666,18,MUL,0,6,1,676,"hc_norm-25"," (reshaped)","blk.25.hc_ffn_norm.weight"
666,23,UNARY,0,30,0,961,"hc_gate-25","node_4225",""
666,34,SCALE,0,1,1,977,"ffn_moe_inp-25","node_4236",""
666,38,ARGSORT,0,23,0,1114,"ffn_moe_argsort-25","ffn_moe_probs-25",""
666,70,ADD,0,2,0,1892,"ffn_moe_out-25","node_4272","ffn_moe_weighted-25 (view)"
666,74,MUL_MAT,0,29,11,2027,"ffn_shexp-25","blk.25.ffn_down_shexp.weight","ffn_swiglu-25"
666,77,MUL,0,2,0,2046,"ffn_shexp_gated-25","ffn_shexp-25","shared_expert_gate_sigmoid-25"
666,78,ADD,0,1,1,2048,"ffn_out-25","ffn_moe_out-25","ffn_shexp_gated-25"
666,81,MUL_MAT,0,6,21,2078,"hc_inject-25","blk.25.hc_ffn_inject.weight","hc_norm-25"
666,87,ADD,0,1,12,2106,"l_last-25","hc_combine-25","node_4289"
666,90,MUL,0,8,0,2125,"hc_norm-26"," (reshaped)","blk.26.hc_attn_norm.weight"
666,95,UNARY,0,21,1,2330,"hc_gate-26","node_4297",""
666,106,SCALE,0,1,1,2344,"hc_mixed-26","node_4308",""
666,152,RMS_NORM,0,1,5,3556,"norm-26","attn_output-26",""
667,5,MUL_MAT,0,190,138,629,"linear_attn_out-26","blk.26.ssm_out.weight","final_output-26"
667,9,MUL_MAT,0,7,3,642,"hc_inject-26","blk.26.hc_attn_inject.weight","hc_norm-26"
667,15,ADD,0,1,1,656,"hc_combine-26","l_last-25","node_4371"
667,18,MUL,0,6,0,666,"hc_norm-26"," (reshaped)","blk.26.hc_ffn_norm.weight"
667,23,UNARY,0,21,1,840,"hc_gate-26","node_4379",""
667,34,SCALE,0,0,2,856,"ffn_moe_inp-26","node_4390",""
667,38,ARGSORT,0,19,1,977,"ffn_moe_argsort-26","ffn_moe_probs-26",""
667,70,ADD,0,1,1,2173,"ffn_moe_out-26","node_4426","ffn_moe_weighted-26 (view)"
667,74,MUL_MAT,0,19,17,2295,"ffn_shexp-26","blk.26.ffn_down_shexp.weight","ffn_swiglu-26"
667,77,MUL,0,2,0,2304,"ffn_shexp_gated-26","ffn_shexp-26","shared_expert_gate_sigmoid-26"
667,78,ADD,0,0,1,2306,"ffn_out-26","ffn_moe_out-26","ffn_shexp_gated-26"
667,81,MUL_MAT,0,6,3,2318,"hc_inject-26","blk.26.hc_ffn_inject.weight","hc_norm-26"
667,87,ADD,0,1,1,2330,"l_last-26","hc_combine-26","node_4443"
667,90,MUL,0,15,0,2349,"hc_norm-27"," (reshaped)","blk.27.hc_attn_norm.weight"
667,95,UNARY,0,28,0,2647,"hc_gate-27","node_4451",""
667,106,SCALE,0,0,2,2663,"hc_mixed-27","node_4462",""
667,151,RMS_NORM,0,4,0,3471,"norm-27","indexer_k_pooled-27 (reshaped)",""
668,38,MUL_MAT,0,246,67,511,"attn_output-27","blk.27.attn_output.weight","attn_gated-27"
668,41,MUL_MAT,0,6,7,527,"hc_inject-27","blk.27.hc_attn_inject.weight","hc_norm-27"
668,47,ADD,0,1,1,542,"hc_combine-27","l_last-26","node_4558"
668,50,MUL,0,7,0,562,"hc_norm-27"," (reshaped)","blk.27.hc_ffn_norm.weight"
668,55,UNARY,0,30,1,739,"hc_gate-27","node_4566",""
668,66,SCALE,0,1,1,759,"ffn_moe_inp-27","node_4577",""
668,70,ARGSORT,0,21,0,877,"ffn_moe_argsort-27","ffn_moe_probs-27",""
668,102,ADD,0,1,1,1635,"ffn_moe_out-27","node_4613","ffn_moe_weighted-27 (view)"
668,106,MUL_MAT,0,29,7,1742,"ffn_shexp-27","blk.27.ffn_down_shexp.weight","ffn_swiglu-27"
668,109,MUL,0,2,0,1758,"ffn_shexp_gated-27","ffn_shexp-27","shared_expert_gate_sigmoid-27"
668,110,ADD,0,1,0,1760,"ffn_out-27","ffn_moe_out-27","ffn_shexp_gated-27"
668,113,MUL_MAT,0,7,2,1774,"hc_inject-27","blk.27.hc_ffn_inject.weight","hc_norm-27"
668,119,ADD,0,2,0,1786,"l_last-27","hc_combine-27","node_4630"
668,122,MUL,0,6,0,1796,"hc_norm-28"," (reshaped)","blk.28.hc_attn_norm.weight"
668,127,UNARY,0,31,0,1970,"hc_gate-28","node_4638",""
668,138,SCALE,0,0,1,1985,"hc_mixed-28","node_4649",""
668,184,RMS_NORM,0,1,1,3030,"norm-28","attn_output-28",""
669,5,MUL_MAT,0,282,48,643,"linear_attn_out-28","blk.28.ssm_out.weight","final_output-28"
669,9,MUL_MAT,0,8,2,657,"hc_inject-28","blk.28.hc_attn_inject.weight","hc_norm-28"
669,15,ADD,0,2,0,670,"hc_combine-28","l_last-27","node_4712"
669,18,MUL,0,6,1,681,"hc_norm-28"," (reshaped)","blk.28.hc_ffn_norm.weight"
669,23,UNARY,0,31,0,991,"hc_gate-28","node_4720",""
669,34,SCALE,0,0,1,1007,"ffn_moe_inp-28","node_4731",""
669,38,ARGSORT,0,21,0,1147,"ffn_moe_argsort-28","ffn_moe_probs-28",""
669,70,ADD,0,1,0,1901,"ffn_moe_out-28","node_4767","ffn_moe_weighted-28 (view)"
669,74,MUL_MAT,0,27,11,2016,"ffn_shexp-28","blk.28.ffn_down_shexp.weight","ffn_swiglu-28"
669,77,MUL,0,1,1,2025,"ffn_shexp_gated-28","ffn_shexp-28","shared_expert_gate_sigmoid-28"
669,78,ADD,0,2,0,2027,"ffn_out-28","ffn_moe_out-28","ffn_shexp_gated-28"
669,81,MUL_MAT,0,7,13,2049,"hc_inject-28","blk.28.hc_ffn_inject.weight","hc_norm-28"
669,87,ADD,0,2,1,2066,"l_last-28","hc_combine-28","node_4784"
669,90,MUL,0,6,0,2076,"hc_norm-29"," (reshaped)","blk.29.hc_attn_norm.weight"
669,95,UNARY,0,30,0,2283,"hc_gate-29","node_4792",""
669,106,SCALE,0,0,1,2300,"hc_mixed-29","node_4803",""
669,152,RMS_NORM,0,0,1,3387,"norm-29","attn_output-29",""
670,5,MUL_MAT,0,277,48,639,"linear_attn_out-29","blk.29.ssm_out.weight","final_output-29"
670,9,MUL_MAT,0,8,6,657,"hc_inject-29","blk.29.hc_attn_inject.weight","hc_norm-29"
670,15,ADD,0,2,1,676,"hc_combine-29","l_last-28","node_4866"
670,18,MUL,0,6,1,687,"hc_norm-29"," (reshaped)","blk.29.hc_ffn_norm.weight"
670,23,UNARY,0,32,0,872,"hc_gate-29","node_4874",""
670,34,SCALE,0,0,2,890,"ffn_moe_inp-29","node_4885",""
670,38,ARGSORT,0,21,1,1028,"ffn_moe_argsort-29","ffn_moe_probs-29",""
670,70,ADD,0,1,1,1680,"ffn_moe_out-29","node_4921","ffn_moe_weighted-29 (view)"
670,74,MUL_MAT,0,27,8,1798,"ffn_shexp-29","blk.29.ffn_down_shexp.weight","ffn_swiglu-29"
670,77,MUL,0,2,0,1806,"ffn_shexp_gated-29","ffn_shexp-29","shared_expert_gate_sigmoid-29"
670,78,ADD,0,1,1,1808,"ffn_out-29","ffn_moe_out-29","ffn_shexp_gated-29"
670,81,MUL_MAT,0,6,3,1820,"hc_inject-29","blk.29.hc_ffn_inject.weight","hc_norm-29"
670,87,ADD,0,1,1,1833,"l_last-29","hc_combine-29","node_4938"
670,90,MUL,0,7,0,1844,"hc_norm-30"," (reshaped)","blk.30.hc_attn_norm.weight"
670,95,UNARY,0,31,0,2034,"hc_gate-30","node_4946",""
670,106,SCALE,0,0,2,2050,"hc_mixed-30","node_4957",""
670,152,RMS_NORM,0,1,1,3184,"norm-30","attn_output-30",""
671,5,MUL_MAT,0,286,65,689,"linear_attn_out-30","blk.30.ssm_out.weight","final_output-30"
671,9,MUL_MAT,0,7,4,704,"hc_inject-30","blk.30.hc_attn_inject.weight","hc_norm-30"
671,15,ADD,0,2,1,715,"hc_combine-30","l_last-29","node_5020"
671,18,MUL,0,6,0,729,"hc_norm-30"," (reshaped)","blk.30.hc_ffn_norm.weight"
671,23,UNARY,0,31,0,916,"hc_gate-30","node_5028",""
671,34,SCALE,0,0,2,1139,"ffn_moe_inp-30","node_5039",""
671,38,ARGSORT,0,20,0,1266,"ffn_moe_argsort-30","ffn_moe_probs-30",""
671,70,ADD,0,1,1,2579,"ffn_moe_out-30","node_5075","ffn_moe_weighted-30 (view)"
671,74,MUL_MAT,0,30,6,2690,"ffn_shexp-30","blk.30.ffn_down_shexp.weight","ffn_swiglu-30"
671,77,MUL,0,2,1,2698,"ffn_shexp_gated-30","ffn_shexp-30","shared_expert_gate_sigmoid-30"
671,78,ADD,0,1,1,2700,"ffn_out-30","ffn_moe_out-30","ffn_shexp_gated-30"
671,81,MUL_MAT,0,7,2,2711,"hc_inject-30","blk.30.hc_ffn_inject.weight","hc_norm-30"
671,87,ADD,0,2,1,2730,"l_last-30","hc_combine-30","node_5092"
671,90,MUL,0,6,0,2740,"hc_norm-31"," (reshaped)","blk.31.hc_attn_norm.weight"
671,95,UNARY,0,30,1,2917,"hc_gate-31","node_5100",""
671,106,SCALE,0,0,1,2932,"hc_mixed-31","node_5111",""
671,151,RMS_NORM,0,5,1,3651,"norm-31","indexer_k_pooled-31 (reshaped)",""
672,38,MUL_MAT,0,246,100,565,"attn_output-31","blk.31.attn_output.weight","attn_gated-31"
672,41,MUL_MAT,0,15,4,593,"hc_inject-31","blk.31.hc_attn_inject.weight","hc_norm-31"
672,47,ADD,0,1,1,605,"hc_combine-31","l_last-30","node_5207"
672,50,MUL,0,6,1,616,"hc_norm-31"," (reshaped)","blk.31.hc_ffn_norm.weight"
672,55,UNARY,0,30,0,806,"hc_gate-31","node_5215",""
672,66,SCALE,0,0,2,823,"ffn_moe_inp-31","node_5226",""
672,70,ARGSORT,0,19,1,949,"ffn_moe_argsort-31","ffn_moe_probs-31",""
672,102,ADD,0,1,1,1624,"ffn_moe_out-31","node_5262","ffn_moe_weighted-31 (view)"
672,106,MUL_MAT,0,29,7,1747,"ffn_shexp-31","blk.31.ffn_down_shexp.weight","ffn_swiglu-31"
672,109,MUL,0,2,0,1755,"ffn_shexp_gated-31","ffn_shexp-31","shared_expert_gate_sigmoid-31"
672,110,ADD,0,1,1,1757,"ffn_out-31","ffn_moe_out-31","ffn_shexp_gated-31"
672,113,MUL_MAT,0,6,4,1770,"hc_inject-31","blk.31.hc_ffn_inject.weight","hc_norm-31"
672,119,ADD,0,1,6,1787,"l_last-31","hc_combine-31","node_5279"
672,122,MUL,0,6,0,1797,"hc_norm-32"," (reshaped)","blk.32.hc_attn_norm.weight"
672,127,UNARY,0,30,1,1990,"hc_gate-32","node_5287",""
672,138,SCALE,0,1,1,2006,"hc_mixed-32","node_5298",""
672,184,RMS_NORM,0,0,1,3158,"norm-32","attn_output-32",""
673,5,MUL_MAT,0,263,62,659,"linear_attn_out-32","blk.32.ssm_out.weight","final_output-32"
673,9,MUL_MAT,0,7,1,670,"hc_inject-32","blk.32.hc_attn_inject.weight","hc_norm-32"
673,15,ADD,0,2,8,695,"hc_combine-32","l_last-31","node_5361"
673,18,MUL,0,6,1,710,"hc_norm-32"," (reshaped)","blk.32.hc_ffn_norm.weight"
673,23,UNARY,0,36,1,985,"hc_gate-32","node_5369",""
673,34,SCALE,0,0,2,1004,"ffn_moe_inp-32","node_5380",""
673,38,ARGSORT,0,24,0,1129,"ffn_moe_argsort-32","ffn_moe_probs-32",""
673,70,ADD,0,1,1,1774,"ffn_moe_out-32","node_5416","ffn_moe_weighted-32 (view)"
673,74,MUL_MAT,0,34,3,1899,"ffn_shexp-32","blk.32.ffn_down_shexp.weight","ffn_swiglu-32"
673,77,MUL,0,3,0,1908,"ffn_shexp_gated-32","ffn_shexp-32","shared_expert_gate_sigmoid-32"
673,78,ADD,0,1,1,1911,"ffn_out-32","ffn_moe_out-32","ffn_shexp_gated-32"
673,81,MUL_MAT,0,8,3,1926,"hc_inject-32","blk.32.hc_ffn_inject.weight","hc_norm-32"
673,87,ADD,0,2,0,1942,"l_last-32","hc_combine-32","node_5433"
673,90,MUL,0,8,0,1955,"hc_norm-33"," (reshaped)","blk.33.hc_attn_norm.weight"
673,95,UNARY,0,34,0,2140,"hc_gate-33","node_5441",""
673,106,SCALE,0,1,1,2161,"hc_mixed-33","node_5452",""
673,152,RMS_NORM,0,0,2,3613,"norm-33","attn_output-33",""
674,5,MUL_MAT,0,283,32,612,"linear_attn_out-33","blk.33.ssm_out.weight","final_output-33"
674,9,MUL_MAT,0,10,1,628,"hc_inject-33","blk.33.hc_attn_inject.weight","hc_norm-33"
674,15,ADD,0,1,1,640,"hc_combine-33","l_last-32","node_5515"
674,18,MUL,0,8,1,653,"hc_norm-33"," (reshaped)","blk.33.hc_ffn_norm.weight"
674,23,UNARY,0,51,1,875,"hc_gate-33","node_5523",""
674,34,SCALE,0,0,2,893,"ffn_moe_inp-33","node_5534",""
674,38,ARGSORT,0,22,1,1018,"ffn_moe_argsort-33","ffn_moe_probs-33",""
674,70,ADD,0,2,7,1665,"ffn_moe_out-33","node_5570","ffn_moe_weighted-33 (view)"
674,74,MUL_MAT,0,39,5,1786,"ffn_shexp-33","blk.33.ffn_down_shexp.weight","ffn_swiglu-33"
674,77,MUL,0,4,0,1795,"ffn_shexp_gated-33","ffn_shexp-33","shared_expert_gate_sigmoid-33"
674,78,ADD,0,2,0,1797,"ffn_out-33","ffn_moe_out-33","ffn_shexp_gated-33"
674,81,MUL_MAT,0,11,1,1813,"hc_inject-33","blk.33.hc_ffn_inject.weight","hc_norm-33"
674,87,ADD,0,1,1,1832,"l_last-33","hc_combine-33","node_5587"
674,90,MUL,0,9,0,1845,"hc_norm-34"," (reshaped)","blk.34.hc_attn_norm.weight"
674,95,UNARY,0,34,0,2041,"hc_gate-34","node_5595",""
674,106,SCALE,0,1,1,2059,"hc_mixed-34","node_5606",""
674,152,RMS_NORM,0,1,1,3430,"norm-34","attn_output-34",""
675,5,MUL_MAT,0,290,27,629,"linear_attn_out-34","blk.34.ssm_out.weight","final_output-34"
675,9,MUL_MAT,0,8,1,643,"hc_inject-34","blk.34.hc_attn_inject.weight","hc_norm-34"
675,15,ADD,0,2,1,655,"hc_combine-34","l_last-33","node_5669"
675,18,MUL,0,8,0,667,"hc_norm-34"," (reshaped)","blk.34.hc_ffn_norm.weight"
675,23,UNARY,0,34,0,847,"hc_gate-34","node_5677",""
675,34,SCALE,0,1,18,883,"ffn_moe_inp-34","node_5688",""
675,38,ARGSORT,0,23,0,1009,"ffn_moe_argsort-34","ffn_moe_probs-34",""
675,70,ADD,0,1,1,2142,"ffn_moe_out-34","node_5724","ffn_moe_weighted-34 (view)"
675,74,MUL_MAT,0,32,11,2259,"ffn_shexp-34","blk.34.ffn_down_shexp.weight","ffn_swiglu-34"
675,77,MUL,0,3,0,2268,"ffn_shexp_gated-34","ffn_shexp-34","shared_expert_gate_sigmoid-34"
675,78,ADD,0,2,0,2270,"ffn_out-34","ffn_moe_out-34","ffn_shexp_gated-34"
675,81,MUL_MAT,0,7,1,2282,"hc_inject-34","blk.34.hc_ffn_inject.weight","hc_norm-34"
675,87,ADD,0,2,1,2296,"l_last-34","hc_combine-34","node_5741"
675,90,MUL,0,7,1,2308,"hc_norm-35"," (reshaped)","blk.35.hc_attn_norm.weight"
675,95,UNARY,0,39,1,2503,"hc_gate-35","node_5749",""
675,106,SCALE,0,0,1,2519,"hc_mixed-35","node_5760",""
675,151,RMS_NORM,0,8,0,3277,"norm-35","indexer_k_pooled-35 (reshaped)",""
676,38,MUL_MAT,0,321,11,567,"attn_output-35","blk.35.attn_output.weight","attn_gated-35"
676,41,MUL_MAT,0,9,0,581,"hc_inject-35","blk.35.hc_attn_inject.weight","hc_norm-35"
676,47,ADD,0,2,0,594,"hc_combine-35","l_last-34","node_5856"
676,50,MUL,0,15,4,617,"hc_norm-35"," (reshaped)","blk.35.hc_ffn_norm.weight"
676,55,UNARY,0,34,0,805,"hc_gate-35","node_5864",""
676,66,SCALE,0,0,1,823,"ffn_moe_inp-35","node_5875",""
676,70,ARGSORT,0,22,0,947,"ffn_moe_argsort-35","ffn_moe_probs-35",""
676,102,ADD,0,2,0,1602,"ffn_moe_out-35","node_5911","ffn_moe_weighted-35 (view)"
676,106,MUL_MAT,0,32,3,1757,"ffn_shexp-35","blk.35.ffn_down_shexp.weight","ffn_swiglu-35"
676,109,MUL,0,3,1,1767,"ffn_shexp_gated-35","ffn_shexp-35","shared_expert_gate_sigmoid-35"
676,110,ADD,0,1,1,1769,"ffn_out-35","ffn_moe_out-35","ffn_shexp_gated-35"
676,113,MUL_MAT,0,15,5,1793,"hc_inject-35","blk.35.hc_ffn_inject.weight","hc_norm-35"
676,119,ADD,0,1,1,1805,"l_last-35","hc_combine-35","node_5928"
676,122,MUL,0,8,0,1818,"hc_norm-36"," (reshaped)","blk.36.hc_attn_norm.weight"
676,127,UNARY,0,33,1,2057,"hc_gate-36","node_5936",""
676,138,SCALE,0,0,1,2074,"hc_mixed-36","node_5947",""
676,184,RMS_NORM,0,0,2,3435,"norm-36","attn_output-36",""
677,5,MUL_MAT,0,274,54,637,"linear_attn_out-36","blk.36.ssm_out.weight","final_output-36"
677,9,MUL_MAT,0,7,2,649,"hc_inject-36","blk.36.hc_attn_inject.weight","hc_norm-36"
677,15,ADD,0,1,0,672,"hc_combine-36","l_last-35","node_6010"
677,18,MUL,0,7,0,683,"hc_norm-36"," (reshaped)","blk.36.hc_ffn_norm.weight"
677,23,UNARY,0,31,0,865,"hc_gate-36","node_6018",""
677,34,SCALE,0,0,1,893,"ffn_moe_inp-36","node_6029",""
677,38,ARGSORT,0,21,0,1017,"ffn_moe_argsort-36","ffn_moe_probs-36",""
677,70,ADD,0,1,0,2166,"ffn_moe_out-36","node_6065","ffn_moe_weighted-36 (view)"
677,74,MUL_MAT,0,34,6,2289,"ffn_shexp-36","blk.36.ffn_down_shexp.weight","ffn_swiglu-36"
677,77,MUL,0,2,0,2297,"ffn_shexp_gated-36","ffn_shexp-36","shared_expert_gate_sigmoid-36"
677,78,ADD,0,1,1,2299,"ffn_out-36","ffn_moe_out-36","ffn_shexp_gated-36"
677,81,MUL_MAT,0,7,2,2310,"hc_inject-36","blk.36.hc_ffn_inject.weight","hc_norm-36"
677,87,ADD,0,2,0,2321,"l_last-36","hc_combine-36","node_6082"
677,90,MUL,0,6,1,2332,"hc_norm-37"," (reshaped)","blk.37.hc_attn_norm.weight"
677,95,UNARY,0,31,0,2537,"hc_gate-37","node_6090",""
677,106,SCALE,0,0,7,2558,"hc_mixed-37","node_6101",""
677,152,RMS_NORM,0,1,8,3667,"norm-37","attn_output-37",""
678,5,MUL_MAT,0,279,51,649,"linear_attn_out-37","blk.37.ssm_out.weight","final_output-37"
678,9,MUL_MAT,0,6,6,665,"hc_inject-37","blk.37.hc_attn_inject.weight","hc_norm-37"
678,15,ADD,0,1,1,691,"hc_combine-37","l_last-36","node_6164"
678,18,MUL,0,6,0,702,"hc_norm-37"," (reshaped)","blk.37.hc_ffn_norm.weight"
678,23,UNARY,0,31,0,878,"hc_gate-37","node_6172",""
678,34,SCALE,0,0,2,990,"ffn_moe_inp-37","node_6183",""
678,38,ARGSORT,0,21,0,1119,"ffn_moe_argsort-37","ffn_moe_probs-37",""
678,70,ADD,0,1,1,1810,"ffn_moe_out-37","node_6219","ffn_moe_weighted-37 (view)"
678,74,MUL_MAT,0,31,12,1936,"ffn_shexp-37","blk.37.ffn_down_shexp.weight","ffn_swiglu-37"
678,77,MUL,0,2,1,1945,"ffn_shexp_gated-37","ffn_shexp-37","shared_expert_gate_sigmoid-37"
678,78,ADD,0,1,0,1946,"ffn_out-37","ffn_moe_out-37","ffn_shexp_gated-37"
678,81,MUL_MAT,0,6,7,1962,"hc_inject-37","blk.37.hc_ffn_inject.weight","hc_norm-37"
678,87,ADD,0,1,1,1978,"l_last-37","hc_combine-37","node_6236"
678,90,MUL,0,7,0,1992,"hc_norm-38"," (reshaped)","blk.38.hc_attn_norm.weight"
678,95,UNARY,0,31,0,2207,"hc_gate-38","node_6244",""
678,106,SCALE,0,0,12,2256,"hc_mixed-38","node_6255",""
678,152,RMS_NORM,0,0,2,3395,"norm-38","attn_output-38",""
679,5,MUL_MAT,0,279,50,647,"linear_attn_out-38","blk.38.ssm_out.weight","final_output-38"
679,9,MUL_MAT,0,6,6,663,"hc_inject-38","blk.38.hc_attn_inject.weight","hc_norm-38"
679,15,ADD,0,2,1,677,"hc_combine-38","l_last-37","node_6318"
679,18,MUL,0,6,0,687,"hc_norm-38"," (reshaped)","blk.38.hc_ffn_norm.weight"
679,23,UNARY,0,31,1,864,"hc_gate-38","node_6326",""
679,34,SCALE,0,1,0,879,"ffn_moe_inp-38","node_6337",""
679,38,ARGSORT,0,20,0,1002,"ffn_moe_argsort-38","ffn_moe_probs-38",""
679,70,ADD,0,1,1,1648,"ffn_moe_out-38","node_6373","ffn_moe_weighted-38 (view)"
679,74,MUL_MAT,0,31,8,1763,"ffn_shexp-38","blk.38.ffn_down_shexp.weight","ffn_swiglu-38"
679,77,MUL,0,2,0,1771,"ffn_shexp_gated-38","ffn_shexp-38","shared_expert_gate_sigmoid-38"
679,78,ADD,0,1,1,1773,"ffn_out-38","ffn_moe_out-38","ffn_shexp_gated-38"
679,81,MUL_MAT,0,6,6,1787,"hc_inject-38","blk.38.hc_ffn_inject.weight","hc_norm-38"
679,87,ADD,0,2,0,1799,"l_last-38","hc_combine-38","node_6390"
680,0,GET_ROWS,0,4,0,4,"model.input_embed","token_embd.weight","inp_tokens"
680,2,REPEAT,0,4,0,9,"hc_init","model.input_embed (reshaped)",""
680,5,MUL,0,8,0,23,"hc_norm-0"," (reshaped)","blk.0.hc_attn_norm.weight"
680,10,UNARY,0,38,0,213,"hc_gate-0","node_9",""
680,21,SCALE,0,0,2,239,"hc_mixed-0","node_20",""
680,69,RMS_NORM,0,0,9,1493,"norm-0","attn_output-0",""
681,5,MUL_MAT,0,274,60,662,"linear_attn_out-0","blk.0.ssm_out.weight","final_output-0"
681,9,MUL_MAT,0,8,5,679,"hc_inject-0","blk.0.hc_attn_inject.weight","hc_norm-0"
681,15,ADD,0,2,0,696,"hc_combine-0","hc_init","node_85"
681,18,MUL,0,6,0,706,"hc_norm-0"," (reshaped)","blk.0.hc_ffn_norm.weight"
681,23,UNARY,0,31,0,897,"hc_gate-0","node_93",""
681,34,SCALE,0,0,1,913,"ffn_moe_inp-0","node_104",""
681,38,ARGSORT,0,22,0,1053,"ffn_moe_argsort-0","ffn_moe_probs-0",""
681,70,ADD,0,1,0,1702,"ffn_moe_out-0","node_140","ffn_moe_weighted-0 (view)"
681,93,MUL_MAT,0,26,10,2529,"ffn_shexp-0","blk.0.ffn_down_shexp.weight","ffn_swiglu-0"
681,96,MUL,0,2,0,2537,"ffn_shexp_gated-0","ffn_shexp-0","shared_expert_gate_sigmoid-0"
681,97,ADD,0,2,0,2539,"ffn_out-0","ffn_moe_out-0","ffn_shexp_gated-0"
681,100,MUL_MAT,0,8,5,2555,"hc_inject-0","blk.0.hc_ffn_inject.weight","hc_norm-0"
681,106,ADD,0,2,8,2586,"l_last-0","hc_combine-0","node_176"
681,120,UNARY,0,0,2,2622,"ple_gate-1","node_190",""
681,121,MUL,0,3,1,2627,"ple_gated_value-1","node_154","ple_gate-1"
681,174,MUL,0,6,0,2975,"hc_norm-1"," (reshaped)","blk.1.hc_attn_norm.weight"
681,179,UNARY,0,31,0,3162,"hc_gate-1","node_249",""
681,190,SCALE,0,0,2,3206,"hc_mixed-1","node_260",""
681,236,RMS_NORM,0,1,3,4325,"norm-1","attn_output-1",""
682,5,MUL_MAT,0,253,70,642,"linear_attn_out-1","blk.1.ssm_out.weight","final_output-1"
682,9,MUL_MAT,0,8,2,660,"hc_inject-1","blk.1.hc_attn_inject.weight","hc_norm-1"
682,15,ADD,0,2,1,673,"hc_combine-1","node_242","node_323"
682,18,MUL,0,5,6,689,"hc_norm-1"," (reshaped)","blk.1.hc_ffn_norm.weight"
682,23,UNARY,0,30,1,888,"hc_gate-1","node_331",""
682,34,SCALE,0,0,2,910,"ffn_moe_inp-1","node_342",""
682,38,ARGSORT,0,22,0,1043,"ffn_moe_argsort-1","ffn_moe_probs-1",""
682,70,ADD,0,1,1,1675,"ffn_moe_out-1","node_378","ffn_moe_weighted-1 (view)"
682,74,MUL_MAT,0,39,0,1800,"ffn_shexp-1","blk.1.ffn_down_shexp.weight","ffn_swiglu-1"
682,77,MUL,0,2,0,1808,"ffn_shexp_gated-1","ffn_shexp-1","shared_expert_gate_sigmoid-1"
682,78,ADD,0,1,5,1814,"ffn_out-1","ffn_moe_out-1","ffn_shexp_gated-1"
682,81,MUL_MAT,0,13,2,1832,"hc_inject-1","blk.1.hc_ffn_inject.weight","hc_norm-1"
682,87,ADD,0,2,0,1846,"l_last-1","hc_combine-1","node_395"
682,90,MUL,0,6,0,1857,"hc_norm-2"," (reshaped)","blk.2.hc_attn_norm.weight"
682,95,UNARY,0,31,0,2049,"hc_gate-2","node_403",""
682,106,SCALE,0,0,2,2074,"hc_mixed-2","node_414",""
682,152,RMS_NORM,0,1,4,3172,"norm-2","attn_output-2",""
683,5,MUL_MAT,0,255,89,691,"linear_attn_out-2","blk.2.ssm_out.weight","final_output-2"
683,9,MUL_MAT,0,35,5,735,"hc_inject-2","blk.2.hc_attn_inject.weight","hc_norm-2"
683,15,ADD,0,1,10,759,"hc_combine-2","l_last-1","node_477"
683,18,MUL,0,6,1,770,"hc_norm-2"," (reshaped)","blk.2.hc_ffn_norm.weight"
683,23,UNARY,0,31,1,974,"hc_gate-2","node_485",""
683,34,SCALE,0,0,1,990,"ffn_moe_inp-2","node_496",""
683,38,ARGSORT,0,19,1,1120,"ffn_moe_argsort-2","ffn_moe_probs-2",""
683,70,ADD,0,1,0,2798,"ffn_moe_out-2","node_532","ffn_moe_weighted-2 (view)"
683,74,MUL_MAT,0,29,10,2954,"ffn_shexp-2","blk.2.ffn_down_shexp.weight","ffn_swiglu-2"
683,77,MUL,0,2,0,2961,"ffn_shexp_gated-2","ffn_shexp-2","shared_expert_gate_sigmoid-2"
683,78,ADD,0,1,10,2973,"ffn_out-2","ffn_moe_out-2","ffn_shexp_gated-2"
683,81,MUL_MAT,0,7,3,2986,"hc_inject-2","blk.2.hc_ffn_inject.weight","hc_norm-2"
683,87,ADD,0,2,1,2998,"l_last-2","hc_combine-2","node_549"
683,90,MUL,0,6,0,3008,"hc_norm-3"," (reshaped)","blk.3.hc_attn_norm.weight"
683,95,UNARY,0,31,0,3196,"hc_gate-3","node_557",""
683,106,SCALE,0,0,12,3222,"hc_mixed-3","node_568",""
683,151,RMS_NORM,0,4,1,3972,"norm-3","indexer_k_pooled-3 (reshaped)",""
684,38,MUL_MAT,0,309,21,538,"attn_output-3","blk.3.attn_output.weight","attn_gated-3"
684,41,MUL_MAT,0,11,1,556,"hc_inject-3","blk.3.hc_attn_inject.weight","hc_norm-3"
684,47,ADD,0,2,5,583,"hc_combine-3","l_last-2","node_664"
684,50,MUL,0,12,0,600,"hc_norm-3"," (reshaped)","blk.3.hc_ffn_norm.weight"
684,55,UNARY,0,35,0,790,"hc_gate-3","node_672",""
684,66,SCALE,0,0,2,808,"ffn_moe_inp-3","node_683",""
684,70,ARGSORT,0,23,0,952,"ffn_moe_argsort-3","ffn_moe_probs-3",""
684,102,ADD,0,1,1,1633,"ffn_moe_out-3","node_719","ffn_moe_weighted-3 (view)"
684,106,MUL_MAT,0,32,1,1739,"ffn_shexp-3","blk.3.ffn_down_shexp.weight","ffn_swiglu-3"
684,109,MUL,0,3,0,1747,"ffn_shexp_gated-3","ffn_shexp-3","shared_expert_gate_sigmoid-3"
684,110,ADD,0,1,5,1754,"ffn_out-3","ffn_moe_out-3","ffn_shexp_gated-3"
684,113,MUL_MAT,0,11,1,1770,"hc_inject-3","blk.3.hc_ffn_inject.weight","hc_norm-3"
684,119,ADD,0,2,0,1782,"l_last-3","hc_combine-3","node_736"
684,122,MUL,0,10,0,1796,"hc_norm-4"," (reshaped)","blk.4.hc_attn_norm.weight"
684,127,UNARY,0,33,0,1991,"hc_gate-4","node_744",""
684,138,SCALE,0,0,1,2015,"hc_mixed-4","node_755",""
684,184,RMS_NORM,0,1,1,3281,"norm-4","attn_output-4",""
685,5,MUL_MAT,0,282,26,616,"linear_attn_out-4","blk.4.ssm_out.weight","final_output-4"
685,9,MUL_MAT,0,9,1,631,"hc_inject-4","blk.4.hc_attn_inject.weight","hc_norm-4"
685,15,ADD,0,2,1,644,"hc_combine-4","l_last-3","node_818"
685,18,MUL,0,10,0,664,"hc_norm-4"," (reshaped)","blk.4.hc_ffn_norm.weight"
685,23,UNARY,0,34,1,841,"hc_gate-4","node_826",""
685,34,SCALE,0,0,4,864,"ffn_moe_inp-4","node_837",""
685,38,ARGSORT,0,22,0,998,"ffn_moe_argsort-4","ffn_moe_probs-4",""
685,70,ADD,0,2,0,1738,"ffn_moe_out-4","node_873","ffn_moe_weighted-4 (view)"
685,74,MUL_MAT,0,37,1,1859,"ffn_shexp-4","blk.4.ffn_down_shexp.weight","ffn_swiglu-4"
685,77,MUL,0,3,0,1868,"ffn_shexp_gated-4","ffn_shexp-4","shared_expert_gate_sigmoid-4"
685,78,ADD,0,1,7,1877,"ffn_out-4","ffn_moe_out-4","ffn_shexp_gated-4"
685,81,MUL_MAT,0,11,2,1894,"hc_inject-4","blk.4.hc_ffn_inject.weight","hc_norm-4"
685,87,ADD,0,1,1,1906,"l_last-4","hc_combine-4","node_890"
685,90,MUL,0,16,0,1927,"hc_norm-5"," (reshaped)","blk.5.hc_attn_norm.weight"
685,95,UNARY,0,35,0,2125,"hc_gate-5","node_898",""
685,106,SCALE,0,0,1,2142,"hc_mixed-5","node_909",""
685,152,RMS_NORM,0,0,1,3608,"norm-5","attn_output-5",""
686,5,MUL_MAT,0,254,53,612,"linear_attn_out-5","blk.5.ssm_out.weight","final_output-5"
686,9,MUL_MAT,0,6,3,625,"hc_inject-5","blk.5.hc_attn_inject.weight","hc_norm-5"
686,15,ADD,0,1,1,651,"hc_combine-5","l_last-4","node_972"
686,18,MUL,0,6,0,660,"hc_norm-5"," (reshaped)","blk.5.hc_ffn_norm.weight"
686,23,UNARY,0,31,0,924,"hc_gate-5","node_980",""
686,34,SCALE,0,0,1,938,"ffn_moe_inp-5","node_991",""
686,38,ARGSORT,0,21,0,1064,"ffn_moe_argsort-5","ffn_moe_probs-5",""
686,70,ADD,0,1,0,1748,"ffn_moe_out-5","node_1027","ffn_moe_weighted-5 (view)"
686,74,MUL_MAT,0,30,9,1876,"ffn_shexp-5","blk.5.ffn_down_shexp.weight","ffn_swiglu-5"
686,77,MUL,0,2,1,1884,"ffn_shexp_gated-5","ffn_shexp-5","shared_expert_gate_sigmoid-5"
686,78,ADD,0,1,14,1899,"ffn_out-5","ffn_moe_out-5","ffn_shexp_gated-5"
686,81,MUL_MAT,0,6,4,1911,"hc_inject-5","blk.5.hc_ffn_inject.weight","hc_norm-5"
686,87,ADD,0,1,1,1923,"l_last-5","hc_combine-5","node_1044"
686,90,MUL,0,7,0,1934,"hc_norm-6"," (reshaped)","blk.6.hc_attn_norm.weight"
686,95,UNARY,0,30,1,2123,"hc_gate-6","node_1052",""
686,106,SCALE,0,0,2,2139,"hc_mixed-6","node_1063",""
686,152,RMS_NORM,0,0,3,3290,"norm-6","attn_output-6",""
687,5,MUL_MAT,0,272,68,779,"linear_attn_out-6","blk.6.ssm_out.weight","final_output-6"
687,9,MUL_MAT,0,7,12,802,"hc_inject-6","blk.6.hc_attn_inject.weight","hc_norm-6"
687,15,ADD,0,1,2,813,"hc_combine-6","l_last-5","node_1126"
687,18,MUL,0,7,0,823,"hc_norm-6"," (reshaped)","blk.6.hc_ffn_norm.weight"
687,23,UNARY,0,31,0,1020,"hc_gate-6","node_1134",""
687,34,SCALE,0,0,1,1041,"ffn_moe_inp-6","node_1145",""
687,38,ARGSORT,0,21,0,1178,"ffn_moe_argsort-6","ffn_moe_probs-6",""
687,70,ADD,0,1,1,1850,"ffn_moe_out-6","node_1181","ffn_moe_weighted-6 (view)"
687,74,MUL_MAT,0,27,15,1971,"ffn_shexp-6","blk.6.ffn_down_shexp.weight","ffn_swiglu-6"
687,77,MUL,0,3,0,1978,"ffn_shexp_gated-6","ffn_shexp-6","shared_expert_gate_sigmoid-6"
687,78,ADD,0,1,1,1980,"ffn_out-6","ffn_moe_out-6","ffn_shexp_gated-6"
687,81,MUL_MAT,0,6,5,1993,"hc_inject-6","blk.6.hc_ffn_inject.weight","hc_norm-6"
687,87,ADD,0,1,1,2005,"l_last-6","hc_combine-6","node_1198"
687,90,MUL,0,6,1,2015,"hc_norm-7"," (reshaped)","blk.7.hc_attn_norm.weight"
687,95,UNARY,0,31,0,2192,"hc_gate-7","node_1206",""
687,106,SCALE,0,0,1,2207,"hc_mixed-7","node_1217",""
687,151,RMS_NORM,0,4,0,3017,"norm-7","indexer_k_pooled-7 (reshaped)",""
688,38,MUL_MAT,0,256,67,563,"attn_output-7","blk.7.attn_output.weight","attn_gated-7"
688,41,MUL_MAT,0,7,4,579,"hc_inject-7","blk.7.hc_attn_inject.weight","hc_norm-7"
688,47,ADD,0,2,1,597,"hc_combine-7","l_last-6","node_1313"
688,50,MUL,0,6,0,607,"hc_norm-7"," (reshaped)","blk.7.hc_ffn_norm.weight"
688,55,UNARY,0,30,0,823,"hc_gate-7","node_1321",""
688,66,SCALE,0,0,2,839,"ffn_moe_inp-7","node_1332",""
688,70,ARGSORT,0,20,0,962,"ffn_moe_argsort-7","ffn_moe_probs-7",""
688,102,ADD,0,1,1,1676,"ffn_moe_out-7","node_1368","ffn_moe_weighted-7 (view)"
688,106,MUL_MAT,0,29,5,1782,"ffn_shexp-7","blk.7.ffn_down_shexp.weight","ffn_swiglu-7"
688,109,MUL,0,2,0,1790,"ffn_shexp_gated-7","ffn_shexp-7","shared_expert_gate_sigmoid-7"
688,110,ADD,0,1,0,1792,"ffn_out-7","ffn_moe_out-7","ffn_shexp_gated-7"
688,113,MUL_MAT,0,5,6,1806,"hc_inject-7","blk.7.hc_ffn_inject.weight","hc_norm-7"
688,119,ADD,0,2,0,1818,"l_last-7","hc_combine-7","node_1385"
688,122,MUL,0,6,0,1828,"hc_norm-8"," (reshaped)","blk.8.hc_attn_norm.weight"
688,127,UNARY,0,31,0,1998,"hc_gate-8","node_1393",""
688,138,SCALE,0,0,1,2014,"hc_mixed-8","node_1404",""
688,184,RMS_NORM,0,0,5,3032,"norm-8","attn_output-8",""
689,5,MUL_MAT,0,276,42,638,"linear_attn_out-8","blk.8.ssm_out.weight","final_output-8"
689,9,MUL_MAT,0,7,5,659,"hc_inject-8","blk.8.hc_attn_inject.weight","hc_norm-8"
689,15,ADD,0,1,1,679,"hc_combine-8","l_last-7","node_1467"
689,18,MUL,0,5,1,689,"hc_norm-8"," (reshaped)","blk.8.hc_ffn_norm.weight"
689,23,UNARY,0,31,0,863,"hc_gate-8","node_1475",""
689,34,SCALE,0,0,1,998,"ffn_moe_inp-8","node_1486",""
689,38,ARGSORT,0,20,0,1126,"ffn_moe_argsort-8","ffn_moe_probs-8",""
689,70,ADD,0,1,1,1827,"ffn_moe_out-8","node_1522","ffn_moe_weighted-8 (view)"
689,74,MUL_MAT,0,29,20,1971,"ffn_shexp-8","blk.8.ffn_down_shexp.weight","ffn_swiglu-8"
689,77,MUL,0,2,0,1978,"ffn_shexp_gated-8","ffn_shexp-8","shared_expert_gate_sigmoid-8"
689,78,ADD,0,1,0,1980,"ffn_out-8","ffn_moe_out-8","ffn_shexp_gated-8"
689,81,MUL_MAT,0,15,7,2008,"hc_inject-8","blk.8.hc_ffn_inject.weight","hc_norm-8"
689,87,ADD,0,1,1,2024,"l_last-8","hc_combine-8","node_1539"
689,90,MUL,0,7,1,2036,"hc_norm-9"," (reshaped)","blk.9.hc_attn_norm.weight"
689,95,UNARY,0,31,1,2226,"hc_gate-9","node_1547",""
689,106,SCALE,0,0,1,2241,"hc_mixed-9","node_1558",""
689,152,RMS_NORM,0,1,1,3351,"norm-9","attn_output-9",""
690,5,MUL_MAT,0,270,47,641,"linear_attn_out-9","blk.9.ssm_out.weight","final_output-9"
690,9,MUL_MAT,0,6,2,653,"hc_inject-9","blk.9.hc_attn_inject.weight","hc_norm-9"
690,15,ADD,0,2,0,665,"hc_combine-9","l_last-8","node_1621"
690,18,MUL,0,6,0,675,"hc_norm-9"," (reshaped)","blk.9.hc_ffn_norm.weight"
690,23,UNARY,0,30,1,860,"hc_gate-9","node_1629",""
690,34,SCALE,0,0,1,875,"ffn_moe_inp-9","node_1640",""
690,38,ARGSORT,0,19,0,994,"ffn_moe_argsort-9","ffn_moe_probs-9",""
690,70,ADD,0,1,1,1611,"ffn_moe_out-9","node_1676","ffn_moe_weighted-9 (view)"
690,74,MUL_MAT,0,32,4,1722,"ffn_shexp-9","blk.9.ffn_down_shexp.weight","ffn_swiglu-9"
690,77,MUL,0,2,0,1729,"ffn_shexp_gated-9","ffn_shexp-9","shared_expert_gate_sigmoid-9"
690,78,ADD,0,1,1,1731,"ffn_out-9","ffn_moe_out-9","ffn_shexp_gated-9"
690,81,MUL_MAT,0,7,1,1741,"hc_inject-9","blk.9.hc_ffn_inject.weight","hc_norm-9"
690,87,ADD,0,2,0,1753,"l_last-9","hc_combine-9","node_1693"
690,90,MUL,0,6,0,1763,"hc_norm-10"," (reshaped)","blk.10.hc_attn_norm.weight"
690,95,UNARY,0,30,0,1958,"hc_gate-10","node_1701",""
690,106,SCALE,0,1,1,1973,"hc_mixed-10","node_1712",""
690,152,RMS_NORM,0,0,1,3048,"norm-10","attn_output-10",""
691,5,MUL_MAT,0,200,151,688,"linear_attn_out-10","blk.10.ssm_out.weight","final_output-10"
691,9,MUL_MAT,0,7,3,701,"hc_inject-10","blk.10.hc_attn_inject.weight","hc_norm-10"
691,15,ADD,0,2,8,720,"hc_combine-10","l_last-9","node_1775"
691,18,MUL,0,6,0,730,"hc_norm-10"," (reshaped)","blk.10.hc_ffn_norm.weight"
691,23,UNARY,0,31,0,1235,"hc_gate-10","node_1783",""
691,34,SCALE,0,1,1,1254,"ffn_moe_inp-10","node_1794",""
691,38,ARGSORT,0,21,1,1397,"ffn_moe_argsort-10","ffn_moe_probs-10",""
691,70,ADD,0,1,0,2082,"ffn_moe_out-10","node_1830","ffn_moe_weighted-10 (view)"
691,74,MUL_MAT,0,45,0,2217,"ffn_shexp-10","blk.10.ffn_down_shexp.weight","ffn_swiglu-10"
691,77,MUL,0,2,0,2225,"ffn_shexp_gated-10","ffn_shexp-10","shared_expert_gate_sigmoid-10"
691,78,ADD,0,1,1,2227,"ffn_out-10","ffn_moe_out-10","ffn_shexp_gated-10"
691,81,MUL_MAT,0,7,2,2240,"hc_inject-10","blk.10.hc_ffn_inject.weight","hc_norm-10"
691,87,ADD,0,1,1,2252,"l_last-10","hc_combine-10","node_1847"
691,90,MUL,0,6,1,2263,"hc_norm-11"," (reshaped)","blk.11.hc_attn_norm.weight"
691,95,UNARY,0,31,0,2450,"hc_gate-11","node_1855",""
691,106,SCALE,0,0,1,2484,"hc_mixed-11","node_1866",""
691,151,RMS_NORM,0,4,1,3230,"norm-11","indexer_k_pooled-11 (reshaped)",""
692,38,MUL_MAT,0,246,65,527,"attn_output-11","blk.11.attn_output.weight","attn_gated-11"
692,41,MUL_MAT,0,6,1,537,"hc_inject-11","blk.11.hc_attn_inject.weight","hc_norm-11"
692,47,ADD,0,1,1,549,"hc_combine-11","l_last-10","node_1962"
692,50,MUL,0,6,0,559,"hc_norm-11"," (reshaped)","blk.11.hc_ffn_norm.weight"
692,55,UNARY,0,30,0,736,"hc_gate-11","node_1970",""
692,66,SCALE,0,0,2,760,"ffn_moe_inp-11","node_1981",""
692,70,ARGSORT,0,20,0,885,"ffn_moe_argsort-11","ffn_moe_probs-11",""
692,102,ADD,0,1,1,1642,"ffn_moe_out-11","node_2017","ffn_moe_weighted-11 (view)"
692,106,MUL_MAT,0,29,10,1760,"ffn_shexp-11","blk.11.ffn_down_shexp.weight","ffn_swiglu-11"
692,109,MUL,0,2,0,1781,"ffn_shexp_gated-11","ffn_shexp-11","shared_expert_gate_sigmoid-11"
692,110,ADD,0,2,0,1783,"ffn_out-11","ffn_moe_out-11","ffn_shexp_gated-11"
692,113,MUL_MAT,0,8,2,1796,"hc_inject-11","blk.11.hc_ffn_inject.weight","hc_norm-11"
692,119,ADD,0,2,2,1810,"l_last-11","hc_combine-11","node_2034"
692,122,MUL,0,6,1,1821,"hc_norm-12"," (reshaped)","blk.12.hc_attn_norm.weight"
692,127,UNARY,0,30,0,2011,"hc_gate-12","node_2042",""
692,138,SCALE,0,0,2,2027,"hc_mixed-12","node_2053",""
692,184,RMS_NORM,0,1,1,3121,"norm-12","attn_output-12",""
693,5,MUL_MAT,0,264,58,644,"linear_attn_out-12","blk.12.ssm_out.weight","final_output-12"
693,9,MUL_MAT,0,8,1,656,"hc_inject-12","blk.12.hc_attn_inject.weight","hc_norm-12"
693,15,ADD,0,2,0,669,"hc_combine-12","l_last-11","node_2116"
693,18,MUL,0,6,0,679,"hc_norm-12"," (reshaped)","blk.12.hc_ffn_norm.weight"
693,23,UNARY,0,31,0,862,"hc_gate-12","node_2124",""
693,34,SCALE,0,0,2,880,"ffn_moe_inp-12","node_2135",""
693,38,ARGSORT,0,22,0,1011,"ffn_moe_argsort-12","ffn_moe_probs-12",""
693,70,ADD,0,1,0,1695,"ffn_moe_out-12","node_2171","ffn_moe_weighted-12 (view)"
693,74,MUL_MAT,0,28,11,1812,"ffn_shexp-12","blk.12.ffn_down_shexp.weight","ffn_swiglu-12"
693,77,MUL,0,2,1,1820,"ffn_shexp_gated-12","ffn_shexp-12","shared_expert_gate_sigmoid-12"
693,78,ADD,0,1,1,1822,"ffn_out-12","ffn_moe_out-12","ffn_shexp_gated-12"
693,81,MUL_MAT,0,6,3,1833,"hc_inject-12","blk.12.hc_ffn_inject.weight","hc_norm-12"
693,87,ADD,0,2,0,1844,"l_last-12","hc_combine-12","node_2188"
693,90,MUL,0,7,0,1855,"hc_norm-13"," (reshaped)","blk.13.hc_attn_norm.weight"
693,95,UNARY,0,30,1,2040,"hc_gate-13","node_2196",""
693,106,SCALE,0,0,1,2068,"hc_mixed-13","node_2207",""
693,152,RMS_NORM,0,1,1,3272,"norm-13","attn_output-13",""
694,5,MUL_MAT,0,272,74,689,"linear_attn_out-13","blk.13.ssm_out.weight","final_output-13"
694,9,MUL_MAT,0,7,5,704,"hc_inject-13","blk.13.hc_attn_inject.weight","hc_norm-13"
694,15,ADD,0,2,2,720,"hc_combine-13","l_last-12","node_2270"
694,18,MUL,0,7,0,731,"hc_norm-13"," (reshaped)","blk.13.hc_ffn_norm.weight"
694,23,UNARY,0,34,2,932,"hc_gate-13","node_2278",""
694,34,SCALE,0,0,6,963,"ffn_moe_inp-13","node_2289",""
694,38,ARGSORT,0,22,0,1133,"ffn_moe_argsort-13","ffn_moe_probs-13",""
694,70,ADD,0,2,0,2337,"ffn_moe_out-13","node_2325","ffn_moe_weighted-13 (view)"
694,74,MUL_MAT,0,33,2,2454,"ffn_shexp-13","blk.13.ffn_down_shexp.weight","ffn_swiglu-13"
694,77,MUL,0,3,0,2464,"ffn_shexp_gated-13","ffn_shexp-13","shared_expert_gate_sigmoid-13"
694,78,ADD,0,2,0,2466,"ffn_out-13","ffn_moe_out-13","ffn_shexp_gated-13"
694,81,MUL_MAT,0,18,0,2488,"hc_inject-13","blk.13.hc_ffn_inject.weight","hc_norm-13"
694,87,ADD,0,2,1,2502,"l_last-13","hc_combine-13","node_2342"
694,90,MUL,0,8,1,2516,"hc_norm-14"," (reshaped)","blk.14.hc_attn_norm.weight"
694,95,UNARY,0,33,0,2783,"hc_gate-14","node_2350",""
694,106,SCALE,0,0,3,2801,"hc_mixed-14","node_2361",""
694,152,RMS_NORM,0,1,1,4038,"norm-14","attn_output-14",""
695,5,MUL_MAT,0,327,5,644,"linear_attn_out-14","blk.14.ssm_out.weight","final_output-14"
695,9,MUL_MAT,0,14,5,752,"hc_inject-14","blk.14.hc_attn_inject.weight","hc_norm-14"
695,15,ADD,0,2,1,765,"hc_combine-14","l_last-13","node_2424"
695,18,MUL,0,7,1,777,"hc_norm-14"," (reshaped)","blk.14.hc_ffn_norm.weight"
695,23,UNARY,0,21,1,972,"hc_gate-14","node_2432",""
695,34,SCALE,0,1,1,988,"ffn_moe_inp-14","node_2443",""
695,38,ARGSORT,0,22,0,1122,"ffn_moe_argsort-14","ffn_moe_probs-14",""
695,70,ADD,0,2,0,1865,"ffn_moe_out-14","node_2479","ffn_moe_weighted-14 (view)"
695,74,MUL_MAT,0,33,4,1988,"ffn_shexp-14","blk.14.ffn_down_shexp.weight","ffn_swiglu-14"
695,77,MUL,0,3,2,1998,"ffn_shexp_gated-14","ffn_shexp-14","shared_expert_gate_sigmoid-14"
695,78,ADD,0,1,1,2001,"ffn_out-14","ffn_moe_out-14","ffn_shexp_gated-14"
695,81,MUL_MAT,0,14,1,2026,"hc_inject-14","blk.14.hc_ffn_inject.weight","hc_norm-14"
695,87,ADD,0,2,1,2039,"l_last-14","hc_combine-14","node_2496"
695,90,MUL,0,14,0,2057,"hc_norm-15"," (reshaped)","blk.15.hc_attn_norm.weight"
695,95,UNARY,0,35,0,2258,"hc_gate-15","node_2504",""
695,106,SCALE,0,0,1,2276,"hc_mixed-15","node_2515",""
695,151,RMS_NORM,0,8,0,3049,"norm-15","indexer_k_pooled-15 (reshaped)",""
696,38,MUL_MAT,0,316,2,558,"attn_output-15","blk.15.attn_output.weight","attn_gated-15"
696,41,MUL_MAT,0,13,1,577,"hc_inject-15","blk.15.hc_attn_inject.weight","hc_norm-15"
696,47,ADD,0,2,11,600,"hc_combine-15","l_last-14","node_2611"
696,50,MUL,0,11,1,616,"hc_norm-15"," (reshaped)","blk.15.hc_ffn_norm.weight"
696,55,UNARY,0,34,0,815,"hc_gate-15","node_2619",""
696,66,SCALE,0,0,2,838,"ffn_moe_inp-15","node_2630",""
696,70,ARGSORT,0,23,0,964,"ffn_moe_argsort-15","ffn_moe_probs-15",""
696,102,ADD,0,2,0,1616,"ffn_moe_out-15","node_2666","ffn_moe_weighted-15 (view)"
696,106,MUL_MAT,0,32,2,1756,"ffn_shexp-15","blk.15.ffn_down_shexp.weight","ffn_swiglu-15"
696,109,MUL,0,3,1,1766,"ffn_shexp_gated-15","ffn_shexp-15","shared_expert_gate_sigmoid-15"
696,110,ADD,0,2,8,1776,"ffn_out-15","ffn_moe_out-15","ffn_shexp_gated-15"
696,113,MUL_MAT,0,12,1,1792,"hc_inject-15","blk.15.hc_ffn_inject.weight","hc_norm-15"
696,119,ADD,0,1,1,1807,"l_last-15","hc_combine-15","node_2683"
696,122,MUL,0,9,0,1820,"hc_norm-16"," (reshaped)","blk.16.hc_attn_norm.weight"
696,127,UNARY,0,33,1,2044,"hc_gate-16","node_2691",""
696,138,SCALE,0,1,1,2062,"hc_mixed-16","node_2702",""
696,184,RMS_NORM,0,1,1,3360,"norm-16","attn_output-16",""
697,5,MUL_MAT,0,302,8,616,"linear_attn_out-16","blk.16.ssm_out.weight","final_output-16"
697,9,MUL_MAT,0,11,1,633,"hc_inject-16","blk.16.hc_attn_inject.weight","hc_norm-16"
697,15,ADD,0,2,1,649,"hc_combine-16","l_last-15","node_2765"
697,18,MUL,0,9,0,662,"hc_norm-16"," (reshaped)","blk.16.hc_ffn_norm.weight"
697,23,UNARY,0,34,0,850,"hc_gate-16","node_2773",""
697,34,SCALE,0,0,1,895,"ffn_moe_inp-16","node_2784",""
697,38,ARGSORT,0,21,1,1020,"ffn_moe_argsort-16","ffn_moe_probs-16",""
697,70,ADD,0,2,0,1646,"ffn_moe_out-16","node_2820","ffn_moe_weighted-16 (view)"
697,74,MUL_MAT,0,37,6,1770,"ffn_shexp-16","blk.16.ffn_down_shexp.weight","ffn_swiglu-16"
697,77,MUL,0,3,0,1779,"ffn_shexp_gated-16","ffn_shexp-16","shared_expert_gate_sigmoid-16"
697,78,ADD,0,1,1,1782,"ffn_out-16","ffn_moe_out-16","ffn_shexp_gated-16"
697,81,MUL_MAT,0,11,1,1797,"hc_inject-16","blk.16.hc_ffn_inject.weight","hc_norm-16"
697,87,ADD,0,2,1,1819,"l_last-16","hc_combine-16","node_2837"
697,90,MUL,0,11,0,1834,"hc_norm-17"," (reshaped)","blk.17.hc_attn_norm.weight"
697,95,UNARY,0,34,1,2033,"hc_gate-17","node_2845",""
697,106,SCALE,0,1,1,2058,"hc_mixed-17","node_2856",""
697,152,RMS_NORM,0,0,2,3419,"norm-17","attn_output-17",""
698,5,MUL_MAT,0,295,18,617,"linear_attn_out-17","blk.17.ssm_out.weight","final_output-17"
698,9,MUL_MAT,0,8,3,632,"hc_inject-17","blk.17.hc_attn_inject.weight","hc_norm-17"
698,15,ADD,0,2,1,645,"hc_combine-17","l_last-16","node_2919"
698,18,MUL,0,8,0,657,"hc_norm-17"," (reshaped)","blk.17.hc_ffn_norm.weight"
698,23,UNARY,0,35,0,836,"hc_gate-17","node_2927",""
698,34,SCALE,0,1,0,1055,"ffn_moe_inp-17","node_2938",""
698,38,ARGSORT,0,22,0,1177,"ffn_moe_argsort-17","ffn_moe_probs-17",""
698,70,ADD,0,1,0,1911,"ffn_moe_out-17","node_2974","ffn_moe_weighted-17 (view)"
698,74,MUL_MAT,0,31,4,2047,"ffn_shexp-17","blk.17.ffn_down_shexp.weight","ffn_swiglu-17"
698,77,MUL,0,2,0,2056,"ffn_shexp_gated-17","ffn_shexp-17","shared_expert_gate_sigmoid-17"
698,78,ADD,0,1,0,2058,"ffn_out-17","ffn_moe_out-17","ffn_shexp_gated-17"
698,81,MUL_MAT,0,6,3,2070,"hc_inject-17","blk.17.hc_ffn_inject.weight","hc_norm-17"
698,87,ADD,0,2,1,2083,"l_last-17","hc_combine-17","node_2991"
698,90,MUL,0,6,0,2093,"hc_norm-18"," (reshaped)","blk.18.hc_attn_norm.weight"
698,95,UNARY,0,31,0,2282,"hc_gate-18","node_2999",""
698,106,SCALE,0,0,1,2298,"hc_mixed-18","node_3010",""
698,152,RMS_NORM,0,0,1,3430,"norm-18","attn_output-18",""
699,5,MUL_MAT,0,268,55,636,"linear_attn_out-18","blk.18.ssm_out.weight","final_output-18"
699,9,MUL_MAT,0,8,2,653,"hc_inject-18","blk.18.hc_attn_inject.weight","hc_norm-18"
699,15,ADD,0,2,7,672,"hc_combine-18","l_last-17","node_3073"
699,18,MUL,0,6,0,682,"hc_norm-18"," (reshaped)","blk.18.hc_ffn_norm.weight"
699,23,UNARY,0,43,0,867,"hc_gate-18","node_3081",""
699,34,SCALE,0,0,1,887,"ffn_moe_inp-18","node_3092",""
699,38,ARGSORT,0,21,1,1013,"ffn_moe_argsort-18","ffn_moe_probs-18",""
699,70,ADD,0,1,0,1652,"ffn_moe_out-18","node_3128","ffn_moe_weighted-18 (view)"
699,74,MUL_MAT,0,30,10,1778,"ffn_shexp-18","blk.18.ffn_down_shexp.weight","ffn_swiglu-18"
699,77,MUL,0,2,1,1791,"ffn_shexp_gated-18","ffn_shexp-18","shared_expert_gate_sigmoid-18"
699,78,ADD,0,1,1,1793,"ffn_out-18","ffn_moe_out-18","ffn_shexp_gated-18"
699,81,MUL_MAT,0,6,3,1804,"hc_inject-18","blk.18.hc_ffn_inject.weight","hc_norm-18"
699,87,ADD,0,1,4,1819,"l_last-18","hc_combine-18","node_3145"
699,90,MUL,0,6,0,1830,"hc_norm-19"," (reshaped)","blk.19.hc_attn_norm.weight"
699,95,UNARY,0,31,0,2012,"hc_gate-19","node_3153",""
699,106,SCALE,0,0,10,2036,"hc_mixed-19","node_3164",""
699,151,RMS_NORM,0,4,1,2796,"norm-19","indexer_k_pooled-19 (reshaped)",""
700,38,MUL_MAT,0,252,66,534,"attn_output-19","blk.19.attn_output.weight","attn_gated-19"
700,41,MUL_MAT,0,6,2,546,"hc_inject-19","blk.19.hc_attn_inject.weight","hc_norm-19"
700,47,ADD,0,2,0,557,"hc_combine-19","l_last-18","node_3260"
700,50,MUL,0,6,0,567,"hc_norm-19"," (reshaped)","blk.19.hc_ffn_norm.weight"
700,55,UNARY,0,30,0,739,"hc_gate-19","node_3268",""
700,66,SCALE,0,0,8,763,"ffn_moe_inp-19","node_3279",""
700,70,ARGSORT,0,20,1,884,"ffn_moe_argsort-19","ffn_moe_probs-19",""
700,102,ADD,0,1,3,2303,"ffn_moe_out-19","node_3315","ffn_moe_weighted-19 (view)"
700,106,MUL_MAT,0,29,7,2415,"ffn_shexp-19","blk.19.ffn_down_shexp.weight","ffn_swiglu-19"
700,109,MUL,0,2,0,2426,"ffn_shexp_gated-19","ffn_shexp-19","shared_expert_gate_sigmoid-19"
700,110,ADD,0,1,1,2428,"ffn_out-19","ffn_moe_out-19","ffn_shexp_gated-19"
700,113,MUL_MAT,0,7,3,2441,"hc_inject-19","blk.19.hc_ffn_inject.weight","hc_norm-19"
700,119,ADD,0,2,1,2462,"l_last-19","hc_combine-19","node_3332"
700,122,MUL,0,7,0,2475,"hc_norm-20"," (reshaped)","blk.20.hc_attn_norm.weight"
700,127,UNARY,0,30,0,2662,"hc_gate-20","node_3340",""
700,138,SCALE,0,0,2,2680,"hc_mixed-20","node_3351",""
700,184,RMS_NORM,0,1,3,3799,"norm-20","attn_output-20",""
701,5,MUL_MAT,0,280,55,783,"linear_attn_out-20","blk.20.ssm_out.weight","final_output-20"
701,9,MUL_MAT,0,7,2,795,"hc_inject-20","blk.20.hc_attn_inject.weight","hc_norm-20"
701,15,ADD,0,1,8,821,"hc_combine-20","l_last-19","node_3414"
701,18,MUL,0,6,1,831,"hc_norm-20"," (reshaped)","blk.20.hc_ffn_norm.weight"
701,23,UNARY,0,35,0,1008,"hc_gate-20","node_3422",""
701,34,SCALE,0,0,2,1024,"ffn_moe_inp-20","node_3433",""
701,38,ARGSORT,0,20,0,1147,"ffn_moe_argsort-20","ffn_moe_probs-20",""
701,70,ADD,0,1,0,1849,"ffn_moe_out-20","node_3469","ffn_moe_weighted-20 (view)"
701,74,MUL_MAT,0,40,7,1977,"ffn_shexp-20","blk.20.ffn_down_shexp.weight","ffn_swiglu-20"
701,77,MUL,0,2,1,1985,"ffn_shexp_gated-20","ffn_shexp-20","shared_expert_gate_sigmoid-20"
701,78,ADD,0,1,1,1987,"ffn_out-20","ffn_moe_out-20","ffn_shexp_gated-20"
701,81,MUL_MAT,0,6,3,1999,"hc_inject-20","blk.20.hc_ffn_inject.weight","hc_norm-20"
701,87,ADD,0,2,0,2011,"l_last-20","hc_combine-20","node_3486"
701,90,MUL,0,5,0,2020,"hc_norm-21"," (reshaped)","blk.21.hc_attn_norm.weight"
701,95,UNARY,0,31,0,2217,"hc_gate-21","node_3494",""
701,106,SCALE,0,0,2,2235,"hc_mixed-21","node_3505",""
701,152,RMS_NORM,0,1,1,3341,"norm-21","attn_output-21",""
702,5,MUL_MAT,0,280,66,693,"linear_attn_out-21","blk.21.ssm_out.weight","final_output-21"
702,9,MUL_MAT,0,8,3,708,"hc_inject-21","blk.21.hc_attn_inject.weight","hc_norm-21"
702,15,ADD,0,2,1,734,"hc_combine-21","l_last-20","node_3568"
702,18,MUL,0,6,0,744,"hc_norm-21"," (reshaped)","blk.21.hc_ffn_norm.weight"
702,23,UNARY,0,31,1,934,"hc_gate-21","node_3576",""
702,34,SCALE,0,1,0,948,"ffn_moe_inp-21","node_3587",""
702,38,ARGSORT,0,19,0,1074,"ffn_moe_argsort-21","ffn_moe_probs-21",""
702,70,ADD,0,1,9,1753,"ffn_moe_out-21","node_3623","ffn_moe_weighted-21 (view)"
702,74,MUL_MAT,0,30,7,1864,"ffn_shexp-21","blk.21.ffn_down_shexp.weight","ffn_swiglu-21"
702,77,MUL,0,2,0,1870,"ffn_shexp_gated-21","ffn_shexp-21","shared_expert_gate_sigmoid-21"
702,78,ADD,0,1,2,1873,"ffn_out-21","ffn_moe_out-21","ffn_shexp_gated-21"
702,81,MUL_MAT,0,6,2,1883,"hc_inject-21","blk.21.hc_ffn_inject.weight","hc_norm-21"
702,87,ADD,0,1,1,1894,"l_last-21","hc_combine-21","node_3640"
702,90,MUL,0,7,0,1911,"hc_norm-22"," (reshaped)","blk.22.hc_attn_norm.weight"
702,95,UNARY,0,30,1,2087,"hc_gate-22","node_3648",""
702,106,SCALE,0,0,2,2103,"hc_mixed-22","node_3659",""
702,152,RMS_NORM,0,0,1,3156,"norm-22","attn_output-22",""
703,5,MUL_MAT,0,253,68,627,"linear_attn_out-22","blk.22.ssm_out.weight","final_output-22"
703,9,MUL_MAT,0,9,3,642,"hc_inject-22","blk.22.hc_attn_inject.weight","hc_norm-22"
703,15,ADD,0,1,1,654,"hc_combine-22","l_last-21","node_3722"
703,18,MUL,0,6,0,664,"hc_norm-22"," (reshaped)","blk.22.hc_ffn_norm.weight"
703,23,UNARY,0,31,0,836,"hc_gate-22","node_3730",""
703,34,SCALE,0,0,2,865,"ffn_moe_inp-22","node_3741",""
703,38,ARGSORT,0,20,0,989,"ffn_moe_argsort-22","ffn_moe_probs-22",""
703,70,ADD,0,1,1,2250,"ffn_moe_out-22","node_3777","ffn_moe_weighted-22 (view)"
703,74,MUL_MAT,0,31,19,2393,"ffn_shexp-22","blk.22.ffn_down_shexp.weight","ffn_swiglu-22"
703,77,MUL,0,2,0,2421,"ffn_shexp_gated-22","ffn_shexp-22","shared_expert_gate_sigmoid-22"
703,78,ADD,0,1,0,2423,"ffn_out-22","ffn_moe_out-22","ffn_shexp_gated-22"
703,81,MUL_MAT,0,7,3,2436,"hc_inject-22","blk.22.hc_ffn_inject.weight","hc_norm-22"
703,87,ADD,0,1,1,2448,"l_last-22","hc_combine-22","node_3794"
703,90,MUL,0,6,1,2459,"hc_norm-23"," (reshaped)","blk.23.hc_attn_norm.weight"
703,95,UNARY,0,32,0,2769,"hc_gate-23","node_3802",""
703,106,SCALE,0,0,2,2815,"hc_mixed-23","node_3813",""
703,151,RMS_NORM,0,4,0,3572,"norm-23","indexer_k_pooled-23 (reshaped)",""
704,38,MUL_MAT,0,272,35,537,"attn_output-23","blk.23.attn_output.weight","attn_gated-23"
704,41,MUL_MAT,0,7,2,552,"hc_inject-23","blk.23.hc_attn_inject.weight","hc_norm-23"
704,47,ADD,0,3,0,565,"hc_combine-23","l_last-22","node_3909"
704,50,MUL,0,7,0,576,"hc_norm-23"," (reshaped)","blk.23.hc_ffn_norm.weight"
704,55,UNARY,0,30,0,754,"hc_gate-23","node_3917",""
704,66,SCALE,0,0,1,782,"ffn_moe_inp-23","node_3928",""
704,70,ARGSORT,0,20,0,902,"ffn_moe_argsort-23","ffn_moe_probs-23",""
704,102,ADD,0,1,1,2039,"ffn_moe_out-23","node_3964","ffn_moe_weighted-23 (view)"
704,106,MUL_MAT,0,31,9,2155,"ffn_shexp-23","blk.23.ffn_down_shexp.weight","ffn_swiglu-23"
704,109,MUL,0,2,1,2164,"ffn_shexp_gated-23","ffn_shexp-23","shared_expert_gate_sigmoid-23"
704,110,ADD,0,1,1,2166,"ffn_out-23","ffn_moe_out-23","ffn_shexp_gated-23"
704,113,MUL_MAT,0,7,1,2177,"hc_inject-23","blk.23.hc_ffn_inject.weight","hc_norm-23"
704,119,ADD,0,1,1,2188,"l_last-23","hc_combine-23","node_3981"
704,122,MUL,0,6,0,2197,"hc_norm-24"," (reshaped)","blk.24.hc_attn_norm.weight"
704,127,UNARY,0,30,0,2381,"hc_gate-24","node_3989",""
704,138,SCALE,0,0,2,2403,"hc_mixed-24","node_4000",""
704,184,RMS_NORM,0,1,44,3674,"norm-24","attn_output-24",""
705,5,MUL_MAT,0,318,8,641,"linear_attn_out-24","blk.24.ssm_out.weight","final_output-24"
705,9,MUL_MAT,0,8,0,654,"hc_inject-24","blk.24.hc_attn_inject.weight","hc_norm-24"
705,15,ADD,0,1,1,670,"hc_combine-24","l_last-23","node_4063"
705,18,MUL,0,9,0,682,"hc_norm-24"," (reshaped)","blk.24.hc_ffn_norm.weight"
705,23,UNARY,0,34,1,879,"hc_gate-24","node_4071",""
705,34,SCALE,0,0,2,898,"ffn_moe_inp-24","node_4082",""
705,38,ARGSORT,0,23,0,1026,"ffn_moe_argsort-24","ffn_moe_probs-24",""
705,70,ADD,0,4,0,2211,"ffn_moe_out-24","node_4118","ffn_moe_weighted-24 (view)"
705,74,MUL_MAT,0,34,3,2338,"ffn_shexp-24","blk.24.ffn_down_shexp.weight","ffn_swiglu-24"
705,77,MUL,0,3,0,2348,"ffn_shexp_gated-24","ffn_shexp-24","shared_expert_gate_sigmoid-24"
705,78,ADD,0,1,0,2350,"ffn_out-24","ffn_moe_out-24","ffn_shexp_gated-24"
705,81,MUL_MAT,0,8,1,2364,"hc_inject-24","blk.24.hc_ffn_inject.weight","hc_norm-24"
705,87,ADD,0,2,1,2385,"l_last-24","hc_combine-24","node_4135"
705,90,MUL,0,8,0,2397,"hc_norm-25"," (reshaped)","blk.25.hc_attn_norm.weight"
705,95,UNARY,0,34,0,2583,"hc_gate-25","node_4143",""
705,106,SCALE,0,0,1,2604,"hc_mixed-25","node_4154",""
705,152,RMS_NORM,0,1,2,3924,"norm-25","attn_output-25",""
706,5,MUL_MAT,0,311,0,613,"linear_attn_out-25","blk.25.ssm_out.weight","final_output-25"
706,9,MUL_MAT,0,8,1,628,"hc_inject-25","blk.25.hc_attn_inject.weight","hc_norm-25"
706,15,ADD,0,2,0,640,"hc_combine-25","l_last-24","node_4217"
706,18,MUL,0,8,1,654,"hc_norm-25"," (reshaped)","blk.25.hc_ffn_norm.weight"
706,23,UNARY,0,34,1,838,"hc_gate-25","node_4225",""
706,34,SCALE,0,0,11,873,"ffn_moe_inp-25","node_4236",""
706,38,ARGSORT,0,23,0,1005,"ffn_moe_argsort-25","ffn_moe_probs-25",""
706,70,ADD,0,1,1,2039,"ffn_moe_out-25","node_4272","ffn_moe_weighted-25 (view)"
706,74,MUL_MAT,0,35,2,2162,"ffn_shexp-25","blk.25.ffn_down_shexp.weight","ffn_swiglu-25"
706,77,MUL,0,3,1,2173,"ffn_shexp_gated-25","ffn_shexp-25","shared_expert_gate_sigmoid-25"
706,78,ADD,0,2,0,2175,"ffn_out-25","ffn_moe_out-25","ffn_shexp_gated-25"
706,81,MUL_MAT,0,8,1,2189,"hc_inject-25","blk.25.hc_ffn_inject.weight","hc_norm-25"
706,87,ADD,0,2,1,2206,"l_last-25","hc_combine-25","node_4289"
706,90,MUL,0,7,1,2219,"hc_norm-26"," (reshaped)","blk.26.hc_attn_norm.weight"
706,95,UNARY,0,34,1,2408,"hc_gate-26","node_4297",""
706,106,SCALE,0,0,2,2427,"hc_mixed-26","node_4308",""
706,152,RMS_NORM,0,1,1,3859,"norm-26","attn_output-26",""
707,5,MUL_MAT,0,311,2,615,"linear_attn_out-26","blk.26.ssm_out.weight","final_output-26"
707,9,MUL_MAT,0,7,0,630,"hc_inject-26","blk.26.hc_attn_inject.weight","hc_norm-26"
707,15,ADD,0,2,0,643,"hc_combine-26","l_last-25","node_4371"
707,18,MUL,0,9,1,657,"hc_norm-26"," (reshaped)","blk.26.hc_ffn_norm.weight"
707,23,UNARY,0,35,0,835,"hc_gate-26","node_4379",""
707,34,SCALE,0,1,1,852,"ffn_moe_inp-26","node_4390",""
707,38,ARGSORT,0,23,1,980,"ffn_moe_argsort-26","ffn_moe_probs-26",""
707,70,ADD,0,2,0,1622,"ffn_moe_out-26","node_4426","ffn_moe_weighted-26 (view)"
707,74,MUL_MAT,0,33,3,1744,"ffn_shexp-26","blk.26.ffn_down_shexp.weight","ffn_swiglu-26"
707,77,MUL,0,3,0,1756,"ffn_shexp_gated-26","ffn_shexp-26","shared_expert_gate_sigmoid-26"
707,78,ADD,0,1,8,1766,"ffn_out-26","ffn_moe_out-26","ffn_shexp_gated-26"
707,81,MUL_MAT,0,7,1,1779,"hc_inject-26","blk.26.hc_ffn_inject.weight","hc_norm-26"
707,87,ADD,0,2,1,1797,"l_last-26","hc_combine-26","node_4443"
707,90,MUL,0,9,5,1815,"hc_norm-27"," (reshaped)","blk.27.hc_attn_norm.weight"
707,95,UNARY,0,34,1,2004,"hc_gate-27","node_4451",""
707,106,SCALE,0,0,2,2021,"hc_mixed-27","node_4462",""
707,151,RMS_NORM,0,8,0,2892,"norm-27","indexer_k_pooled-27 (reshaped)",""
708,38,MUL_MAT,0,314,16,552,"attn_output-27","blk.27.attn_output.weight","attn_gated-27"
708,41,MUL_MAT,0,8,0,564,"hc_inject-27","blk.27.hc_attn_inject.weight","hc_norm-27"
708,47,ADD,0,1,1,584,"hc_combine-27","l_last-26","node_4558"
708,50,MUL,0,9,0,597,"hc_norm-27"," (reshaped)","blk.27.hc_ffn_norm.weight"
708,55,UNARY,0,33,1,800,"hc_gate-27","node_4566",""
708,66,SCALE,0,0,1,935,"ffn_moe_inp-27","node_4577",""
708,70,ARGSORT,0,25,1,1068,"ffn_moe_argsort-27","ffn_moe_probs-27",""
708,102,ADD,0,1,0,1763,"ffn_moe_out-27","node_4613","ffn_moe_weighted-27 (view)"
708,106,MUL_MAT,0,22,29,1891,"ffn_shexp-27","blk.27.ffn_down_shexp.weight","ffn_swiglu-27"
708,109,MUL,0,3,1,1902,"ffn_shexp_gated-27","ffn_shexp-27","shared_expert_gate_sigmoid-27"
708,110,ADD,0,2,0,1904,"ffn_out-27","ffn_moe_out-27","ffn_shexp_gated-27"
708,113,MUL_MAT,0,11,1,1920,"hc_inject-27","blk.27.hc_ffn_inject.weight","hc_norm-27"
708,119,ADD,0,2,1,1938,"l_last-27","hc_combine-27","node_4630"
708,122,MUL,0,14,0,1972,"hc_norm-28"," (reshaped)","blk.28.hc_attn_norm.weight"
708,127,UNARY,0,34,0,2155,"hc_gate-28","node_4638",""
708,138,SCALE,0,0,2,2187,"hc_mixed-28","node_4649",""
708,184,RMS_NORM,0,1,1,3534,"norm-28","attn_output-28",""
709,5,MUL_MAT,0,297,17,619,"linear_attn_out-28","blk.28.ssm_out.weight","final_output-28"
709,9,MUL_MAT,0,13,0,637,"hc_inject-28","blk.28.hc_attn_inject.weight","hc_norm-28"
709,15,ADD,0,2,1,650,"hc_combine-28","l_last-27","node_4712"
709,18,MUL,0,10,1,665,"hc_norm-28"," (reshaped)","blk.28.hc_ffn_norm.weight"
709,23,UNARY,0,34,1,846,"hc_gate-28","node_4720",""
709,34,SCALE,0,0,1,873,"ffn_moe_inp-28","node_4731",""
709,38,ARGSORT,0,23,0,1079,"ffn_moe_argsort-28","ffn_moe_probs-28",""
709,70,ADD,0,1,1,1774,"ffn_moe_out-28","node_4767","ffn_moe_weighted-28 (view)"
709,74,MUL_MAT,0,38,3,1904,"ffn_shexp-28","blk.28.ffn_down_shexp.weight","ffn_swiglu-28"
709,77,MUL,0,3,0,1914,"ffn_shexp_gated-28","ffn_shexp-28","shared_expert_gate_sigmoid-28"
709,78,ADD,0,2,0,1916,"ffn_out-28","ffn_moe_out-28","ffn_shexp_gated-28"
709,81,MUL_MAT,0,13,7,1940,"hc_inject-28","blk.28.hc_ffn_inject.weight","hc_norm-28"
709,87,ADD,0,2,0,1960,"l_last-28","hc_combine-28","node_4784"
709,90,MUL,0,11,0,1975,"hc_norm-29"," (reshaped)","blk.29.hc_attn_norm.weight"
709,95,UNARY,0,34,1,2186,"hc_gate-29","node_4792",""
709,106,SCALE,0,0,1,2202,"hc_mixed-29","node_4803",""
709,152,RMS_NORM,0,0,2,3710,"norm-29","attn_output-29",""
710,5,MUL_MAT,0,314,10,649,"linear_attn_out-29","blk.29.ssm_out.weight","final_output-29"
710,9,MUL_MAT,0,11,3,668,"hc_inject-29","blk.29.hc_attn_inject.weight","hc_norm-29"
710,15,ADD,0,2,8,691,"hc_combine-29","l_last-28","node_4866"
710,18,MUL,0,10,0,706,"hc_norm-29"," (reshaped)","blk.29.hc_ffn_norm.weight"
710,23,UNARY,0,35,0,899,"hc_gate-29","node_4874",""
710,34,SCALE,0,1,2,922,"ffn_moe_inp-29","node_4885",""
710,38,ARGSORT,0,23,1,1121,"ffn_moe_argsort-29","ffn_moe_probs-29",""
710,70,ADD,0,1,1,1798,"ffn_moe_out-29","node_4921","ffn_moe_weighted-29 (view)"
710,74,MUL_MAT,0,33,5,1913,"ffn_shexp-29","blk.29.ffn_down_shexp.weight","ffn_swiglu-29"
710,77,MUL,0,4,0,1924,"ffn_shexp_gated-29","ffn_shexp-29","shared_expert_gate_sigmoid-29"
710,78,ADD,0,2,0,1926,"ffn_out-29","ffn_moe_out-29","ffn_shexp_gated-29"
710,81,MUL_MAT,0,19,4,1953,"hc_inject-29","blk.29.hc_ffn_inject.weight","hc_norm-29"
710,87,ADD,0,1,1,1966,"l_last-29","hc_combine-29","node_4938"
710,90,MUL,0,9,0,1979,"hc_norm-30"," (reshaped)","blk.30.hc_attn_norm.weight"
710,95,UNARY,0,34,0,2178,"hc_gate-30","node_4946",""
710,106,SCALE,0,0,1,2198,"hc_mixed-30","node_4957",""
710,152,RMS_NORM,0,0,2,3638,"norm-30","attn_output-30",""
711,5,MUL_MAT,0,164,161,647,"linear_attn_out-30","blk.30.ssm_out.weight","final_output-30"
711,9,MUL_MAT,0,6,6,662,"hc_inject-30","blk.30.hc_attn_inject.weight","hc_norm-30"
711,15,ADD,0,1,11,685,"hc_combine-30","l_last-29","node_5020"
711,18,MUL,0,6,0,694,"hc_norm-30"," (reshaped)","blk.30.hc_ffn_norm.weight"
711,23,UNARY,0,21,0,872,"hc_gate-30","node_5028",""
711,34,SCALE,0,0,1,901,"ffn_moe_inp-30","node_5039",""
711,38,ARGSORT,0,20,0,1033,"ffn_moe_argsort-30","ffn_moe_probs-30",""
711,70,ADD,0,1,1,1948,"ffn_moe_out-30","node_5075","ffn_moe_weighted-30 (view)"
711,74,MUL_MAT,0,35,9,2080,"ffn_shexp-30","blk.30.ffn_down_shexp.weight","ffn_swiglu-30"
711,77,MUL,0,3,0,2089,"ffn_shexp_gated-30","ffn_shexp-30","shared_expert_gate_sigmoid-30"
711,78,ADD,0,1,1,2092,"ffn_out-30","ffn_moe_out-30","ffn_shexp_gated-30"
711,81,MUL_MAT,0,13,0,2109,"hc_inject-30","blk.30.hc_ffn_inject.weight","hc_norm-30"
711,87,ADD,0,2,0,2121,"l_last-30","hc_combine-30","node_5092"
711,90,MUL,0,8,1,2135,"hc_norm-31"," (reshaped)","blk.31.hc_attn_norm.weight"
711,95,UNARY,0,56,0,2376,"hc_gate-31","node_5100",""
711,106,SCALE,0,0,1,2397,"hc_mixed-31","node_5111",""
711,151,RMS_NORM,0,8,0,3200,"norm-31","indexer_k_pooled-31 (reshaped)",""
712,38,MUL_MAT,0,327,24,601,"attn_output-31","blk.31.attn_output.weight","attn_gated-31"
712,41,MUL_MAT,0,12,0,618,"hc_inject-31","blk.31.hc_attn_inject.weight","hc_norm-31"
712,47,ADD,0,3,7,664,"hc_combine-31","l_last-30","node_5207"
712,50,MUL,0,16,0,685,"hc_norm-31"," (reshaped)","blk.31.hc_ffn_norm.weight"
712,55,UNARY,0,34,1,930,"hc_gate-31","node_5215",""
712,66,SCALE,0,0,1,951,"ffn_moe_inp-31","node_5226",""
712,70,ARGSORT,0,22,6,1081,"ffn_moe_argsort-31","ffn_moe_probs-31",""
712,102,ADD,0,2,0,1716,"ffn_moe_out-31","node_5262","ffn_moe_weighted-31 (view)"
712,106,MUL_MAT,0,31,4,1824,"ffn_shexp-31","blk.31.ffn_down_shexp.weight","ffn_swiglu-31"
712,109,MUL,0,3,1,1835,"ffn_shexp_gated-31","ffn_shexp-31","shared_expert_gate_sigmoid-31"
712,110,ADD,0,1,1,1837,"ffn_out-31","ffn_moe_out-31","ffn_shexp_gated-31"
712,113,MUL_MAT,0,9,1,1850,"hc_inject-31","blk.31.hc_ffn_inject.weight","hc_norm-31"
712,119,ADD,0,2,0,1866,"l_last-31","hc_combine-31","node_5279"
712,122,MUL,0,15,0,1884,"hc_norm-32"," (reshaped)","blk.32.hc_attn_norm.weight"
712,127,UNARY,0,33,1,2067,"hc_gate-32","node_5287",""
712,138,SCALE,0,0,2,2095,"hc_mixed-32","node_5298",""
712,184,RMS_NORM,0,1,1,3431,"norm-32","attn_output-32",""
713,5,MUL_MAT,0,310,28,659,"linear_attn_out-32","blk.32.ssm_out.weight","final_output-32"
713,9,MUL_MAT,0,12,0,677,"hc_inject-32","blk.32.hc_attn_inject.weight","hc_norm-32"
713,15,ADD,0,2,2,692,"hc_combine-32","l_last-31","node_5361"
713,18,MUL,0,10,0,707,"hc_norm-32"," (reshaped)","blk.32.hc_ffn_norm.weight"
713,23,UNARY,0,33,1,922,"hc_gate-32","node_5369",""
713,34,SCALE,0,0,2,939,"ffn_moe_inp-32","node_5380",""
713,38,ARGSORT,0,22,0,1073,"ffn_moe_argsort-32","ffn_moe_probs-32",""
713,70,ADD,0,1,7,2274,"ffn_moe_out-32","node_5416","ffn_moe_weighted-32 (view)"
713,74,MUL_MAT,0,33,3,2388,"ffn_shexp-32","blk.32.ffn_down_shexp.weight","ffn_swiglu-32"
713,77,MUL,0,3,0,2398,"ffn_shexp_gated-32","ffn_shexp-32","shared_expert_gate_sigmoid-32"
713,78,ADD,0,2,0,2400,"ffn_out-32","ffn_moe_out-32","ffn_shexp_gated-32"
713,81,MUL_MAT,0,11,1,2415,"hc_inject-32","blk.32.hc_ffn_inject.weight","hc_norm-32"
713,87,ADD,0,3,3,2549,"l_last-32","hc_combine-32","node_5433"
713,90,MUL,0,15,0,2569,"hc_norm-33"," (reshaped)","blk.33.hc_attn_norm.weight"
713,95,UNARY,0,34,0,2770,"hc_gate-33","node_5441",""
713,106,SCALE,0,0,2,2788,"hc_mixed-33","node_5452",""
713,152,RMS_NORM,0,1,1,4376,"norm-33","attn_output-33",""
714,5,MUL_MAT,0,291,35,639,"linear_attn_out-33","blk.33.ssm_out.weight","final_output-33"
714,9,MUL_MAT,0,8,0,652,"hc_inject-33","blk.33.hc_attn_inject.weight","hc_norm-33"
714,15,ADD,0,2,1,678,"hc_combine-33","l_last-32","node_5515"
714,18,MUL,0,8,0,693,"hc_norm-33"," (reshaped)","blk.33.hc_ffn_norm.weight"
714,23,UNARY,0,34,1,877,"hc_gate-33","node_5523",""
714,34,SCALE,0,1,1,894,"ffn_moe_inp-33","node_5534",""
714,38,ARGSORT,0,22,1,1019,"ffn_moe_argsort-33","ffn_moe_probs-33",""
714,70,ADD,0,2,0,1818,"ffn_moe_out-33","node_5570","ffn_moe_weighted-33 (view)"
714,74,MUL_MAT,0,38,3,1953,"ffn_shexp-33","blk.33.ffn_down_shexp.weight","ffn_swiglu-33"
714,77,MUL,0,3,0,1963,"ffn_shexp_gated-33","ffn_shexp-33","shared_expert_gate_sigmoid-33"
714,78,ADD,0,1,1,1966,"ffn_out-33","ffn_moe_out-33","ffn_shexp_gated-33"
714,81,MUL_MAT,0,12,0,1982,"hc_inject-33","blk.33.hc_ffn_inject.weight","hc_norm-33"
714,87,ADD,0,2,15,2009,"l_last-33","hc_combine-33","node_5587"
714,90,MUL,0,10,1,2025,"hc_norm-34"," (reshaped)","blk.34.hc_attn_norm.weight"
714,95,UNARY,0,35,0,2240,"hc_gate-34","node_5595",""
714,106,SCALE,0,1,1,2264,"hc_mixed-34","node_5606",""
714,152,RMS_NORM,0,0,1,3747,"norm-34","attn_output-34",""
715,5,MUL_MAT,0,334,5,674,"linear_attn_out-34","blk.34.ssm_out.weight","final_output-34"
715,9,MUL_MAT,0,9,1,695,"hc_inject-34","blk.34.hc_attn_inject.weight","hc_norm-34"
715,15,ADD,0,2,0,718,"hc_combine-34","l_last-33","node_5669"
715,18,MUL,0,8,1,731,"hc_norm-34"," (reshaped)","blk.34.hc_ffn_norm.weight"
715,23,UNARY,0,34,1,933,"hc_gate-34","node_5677",""
715,34,SCALE,0,0,1,952,"ffn_moe_inp-34","node_5688",""
715,38,ARGSORT,0,23,1,1095,"ffn_moe_argsort-34","ffn_moe_probs-34",""
715,70,ADD,0,2,0,1758,"ffn_moe_out-34","node_5724","ffn_moe_weighted-34 (view)"
715,74,MUL_MAT,0,34,2,1879,"ffn_shexp-34","blk.34.ffn_down_shexp.weight","ffn_swiglu-34"
715,77,MUL,0,3,0,1897,"ffn_shexp_gated-34","ffn_shexp-34","shared_expert_gate_sigmoid-34"
715,78,ADD,0,2,0,1899,"ffn_out-34","ffn_moe_out-34","ffn_shexp_gated-34"
715,81,MUL_MAT,0,8,2,1912,"hc_inject-34","blk.34.hc_ffn_inject.weight","hc_norm-34"
715,87,ADD,0,2,0,1925,"l_last-34","hc_combine-34","node_5741"
715,90,MUL,0,8,1,1940,"hc_norm-35"," (reshaped)","blk.35.hc_attn_norm.weight"
715,95,UNARY,0,33,1,2127,"hc_gate-35","node_5749",""
715,106,SCALE,0,0,1,2150,"hc_mixed-35","node_5760",""
715,151,RMS_NORM,0,9,0,2927,"norm-35","indexer_k_pooled-35 (reshaped)",""
716,38,MUL_MAT,0,327,2,579,"attn_output-35","blk.35.attn_output.weight","attn_gated-35"
716,41,MUL_MAT,0,10,1,594,"hc_inject-35","blk.35.hc_attn_inject.weight","hc_norm-35"
716,47,ADD,0,2,12,618,"hc_combine-35","l_last-34","node_5856"
716,50,MUL,0,9,1,632,"hc_norm-35"," (reshaped)","blk.35.hc_ffn_norm.weight"
716,55,UNARY,0,33,0,827,"hc_gate-35","node_5864",""
716,66,SCALE,0,1,1,853,"ffn_moe_inp-35","node_5875",""
716,70,ARGSORT,0,21,0,984,"ffn_moe_argsort-35","ffn_moe_probs-35",""
716,102,ADD,0,1,0,2412,"ffn_moe_out-35","node_5911","ffn_moe_weighted-35 (view)"
716,106,MUL_MAT,0,16,20,2524,"ffn_shexp-35","blk.35.ffn_down_shexp.weight","ffn_swiglu-35"
716,109,MUL,0,1,1,2532,"ffn_shexp_gated-35","ffn_shexp-35","shared_expert_gate_sigmoid-35"
716,110,ADD,0,1,1,2534,"ffn_out-35","ffn_moe_out-35","ffn_shexp_gated-35"
716,113,MUL_MAT,0,5,7,2549,"hc_inject-35","blk.35.hc_ffn_inject.weight","hc_norm-35"
716,119,ADD,0,1,2,2562,"l_last-35","hc_combine-35","node_5928"
716,122,MUL,0,6,0,2572,"hc_norm-36"," (reshaped)","blk.36.hc_attn_norm.weight"
716,127,UNARY,0,21,0,2741,"hc_gate-36","node_5936",""
716,138,SCALE,0,0,1,2756,"hc_mixed-36","node_5947",""
716,184,RMS_NORM,0,1,9,3778,"norm-36","attn_output-36",""
717,5,MUL_MAT,0,255,122,725,"linear_attn_out-36","blk.36.ssm_out.weight","final_output-36"
717,9,MUL_MAT,0,9,3,741,"hc_inject-36","blk.36.hc_attn_inject.weight","hc_norm-36"
717,15,ADD,0,2,20,786,"hc_combine-36","l_last-35","node_6010"
717,18,MUL,0,7,3,805,"hc_norm-36"," (reshaped)","blk.36.hc_ffn_norm.weight"
717,23,UNARY,0,21,1,1004,"hc_gate-36","node_6018",""
717,34,SCALE,0,0,2,1019,"ffn_moe_inp-36","node_6029",""
717,38,ARGSORT,0,19,0,1156,"ffn_moe_argsort-36","ffn_moe_probs-36",""
717,70,ADD,0,1,0,1918,"ffn_moe_out-36","node_6065","ffn_moe_weighted-36 (view)"
717,74,MUL_MAT,0,31,5,2035,"ffn_shexp-36","blk.36.ffn_down_shexp.weight","ffn_swiglu-36"
717,77,MUL,0,2,0,2049,"ffn_shexp_gated-36","ffn_shexp-36","shared_expert_gate_sigmoid-36"
717,78,ADD,0,1,1,2051,"ffn_out-36","ffn_moe_out-36","ffn_shexp_gated-36"
717,81,MUL_MAT,0,6,4,2063,"hc_inject-36","blk.36.hc_ffn_inject.weight","hc_norm-36"
717,87,ADD,0,2,1,2083,"l_last-36","hc_combine-36","node_6082"
717,90,MUL,0,6,1,2094,"hc_norm-37"," (reshaped)","blk.37.hc_attn_norm.weight"
717,95,UNARY,0,44,0,2294,"hc_gate-37","node_6090",""
717,106,SCALE,0,0,1,2325,"hc_mixed-37","node_6101",""
717,152,RMS_NORM,0,1,1,3464,"norm-37","attn_output-37",""
718,5,MUL_MAT,0,293,42,679,"linear_attn_out-37","blk.37.ssm_out.weight","final_output-37"
718,9,MUL_MAT,0,7,6,695,"hc_inject-37","blk.37.hc_attn_inject.weight","hc_norm-37"
718,15,ADD,0,1,2,707,"hc_combine-37","l_last-36","node_6164"
718,18,MUL,0,7,0,718,"hc_norm-37"," (reshaped)","blk.37.hc_ffn_norm.weight"
718,23,UNARY,0,30,1,899,"hc_gate-37","node_6172",""
718,34,SCALE,0,0,10,924,"ffn_moe_inp-37","node_6183",""
718,38,ARGSORT,0,21,0,1062,"ffn_moe_argsort-37","ffn_moe_probs-37",""
718,70,ADD,0,2,0,1783,"ffn_moe_out-37","node_6219","ffn_moe_weighted-37 (view)"
718,74,MUL_MAT,0,33,7,1906,"ffn_shexp-37","blk.37.ffn_down_shexp.weight","ffn_swiglu-37"
718,77,MUL,0,2,1,1914,"ffn_shexp_gated-37","ffn_shexp-37","shared_expert_gate_sigmoid-37"
718,78,ADD,0,1,8,1923,"ffn_out-37","ffn_moe_out-37","ffn_shexp_gated-37"
718,81,MUL_MAT,0,7,4,1937,"hc_inject-37","blk.37.hc_ffn_inject.weight","hc_norm-37"
718,87,ADD,0,2,1,1956,"l_last-37","hc_combine-37","node_6236"
718,90,MUL,0,6,1,1966,"hc_norm-38"," (reshaped)","blk.38.hc_attn_norm.weight"
718,95,UNARY,0,31,0,2156,"hc_gate-38","node_6244",""
718,106,SCALE,0,0,2,2183,"hc_mixed-38","node_6255",""
718,152,RMS_NORM,0,1,5,3321,"norm-38","attn_output-38",""
719,5,MUL_MAT,0,288,48,669,"linear_attn_out-38","blk.38.ssm_out.weight","final_output-38"
719,9,MUL_MAT,0,6,4,683,"hc_inject-38","blk.38.hc_attn_inject.weight","hc_norm-38"
719,15,ADD,0,2,1,696,"hc_combine-38","l_last-37","node_6318"
719,18,MUL,0,7,0,706,"hc_norm-38"," (reshaped)","blk.38.hc_ffn_norm.weight"
719,23,UNARY,0,31,0,896,"hc_gate-38","node_6326",""
719,34,SCALE,0,0,1,912,"ffn_moe_inp-38","node_6337",""
719,38,ARGSORT,0,20,0,1036,"ffn_moe_argsort-38","ffn_moe_probs-38",""
719,70,ADD,0,1,4,1698,"ffn_moe_out-38","node_6373","ffn_moe_weighted-38 (view)"
719,74,MUL_MAT,0,31,5,1842,"ffn_shexp-38","blk.38.ffn_down_shexp.weight","ffn_swiglu-38"
719,77,MUL,0,2,1,1851,"ffn_shexp_gated-38","ffn_shexp-38","shared_expert_gate_sigmoid-38"
719,78,ADD,0,1,0,1852,"ffn_out-38","ffn_moe_out-38","ffn_shexp_gated-38"
719,81,MUL_MAT,0,6,3,1864,"hc_inject-38","blk.38.hc_ffn_inject.weight","hc_norm-38"
719,87,ADD,0,2,0,1877,"l_last-38","hc_combine-38","node_6390"
720,0,GET_ROWS,0,4,0,4,"model.input_embed","token_embd.weight","inp_tokens"
720,2,REPEAT,0,3,1,9,"hc_init","model.input_embed (reshaped)",""
720,5,MUL,0,7,0,21,"hc_norm-0"," (reshaped)","blk.0.hc_attn_norm.weight"
720,10,UNARY,0,22,1,205,"hc_gate-0","node_9",""
720,21,SCALE,0,0,1,221,"hc_mixed-0","node_20",""
720,69,RMS_NORM,0,1,1,1450,"norm-0","attn_output-0",""
721,5,MUL_MAT,0,226,133,709,"linear_attn_out-0","blk.0.ssm_out.weight","final_output-0"
721,9,MUL_MAT,0,14,6,733,"hc_inject-0","blk.0.hc_attn_inject.weight","hc_norm-0"
721,15,ADD,0,1,1,746,"hc_combine-0","hc_init","node_85"
721,18,MUL,0,5,1,756,"hc_norm-0"," (reshaped)","blk.0.hc_ffn_norm.weight"
721,23,UNARY,0,21,0,937,"hc_gate-0","node_93",""
721,34,SCALE,0,0,1,953,"ffn_moe_inp-0","node_104",""
721,38,ARGSORT,0,18,1,1078,"ffn_moe_argsort-0","ffn_moe_probs-0",""
721,70,ADD,0,1,0,2369,"ffn_moe_out-0","node_140","ffn_moe_weighted-0 (view)"
721,93,MUL_MAT,0,37,9,3299,"ffn_shexp-0","blk.0.ffn_down_shexp.weight","ffn_swiglu-0"
721,96,MUL,0,2,0,3307,"ffn_shexp_gated-0","ffn_shexp-0","shared_expert_gate_sigmoid-0"
721,97,ADD,0,1,1,3309,"ffn_out-0","ffn_moe_out-0","ffn_shexp_gated-0"
721,100,MUL_MAT,0,6,6,3326,"hc_inject-0","blk.0.hc_ffn_inject.weight","hc_norm-0"
721,106,ADD,0,1,2,3340,"l_last-0","hc_combine-0","node_176"
721,120,UNARY,0,0,9,3379,"ple_gate-1","node_190",""
721,121,MUL,0,2,2,3383,"ple_gated_value-1","node_154","ple_gate-1"
721,174,MUL,0,6,4,3695,"hc_norm-1"," (reshaped)","blk.1.hc_attn_norm.weight"
721,179,UNARY,0,31,1,3893,"hc_gate-1","node_249",""
721,190,SCALE,0,1,1,3911,"hc_mixed-1","node_260",""
721,236,RMS_NORM,0,0,1,5119,"norm-1","attn_output-1",""
722,5,MUL_MAT,0,273,63,659,"linear_attn_out-1","blk.1.ssm_out.weight","final_output-1"
722,9,MUL_MAT,0,5,2,671,"hc_inject-1","blk.1.hc_attn_inject.weight","hc_norm-1"
722,15,ADD,0,1,10,693,"hc_combine-1","node_242","node_323"
722,18,MUL,0,6,1,705,"hc_norm-1"," (reshaped)","blk.1.hc_ffn_norm.weight"
722,23,UNARY,0,31,1,891,"hc_gate-1","node_331",""
722,34,SCALE,0,0,1,906,"ffn_moe_inp-1","node_342",""
722,38,ARGSORT,0,23,1,1031,"ffn_moe_argsort-1","ffn_moe_probs-1",""
722,70,ADD,0,1,0,1703,"ffn_moe_out-1","node_378","ffn_moe_weighted-1 (view)"
722,74,MUL_MAT,0,29,7,1828,"ffn_shexp-1","blk.1.ffn_down_shexp.weight","ffn_swiglu-1"
722,77,MUL,0,2,0,1835,"ffn_shexp_gated-1","ffn_shexp-1","shared_expert_gate_sigmoid-1"
722,78,ADD,0,1,1,1837,"ffn_out-1","ffn_moe_out-1","ffn_shexp_gated-1"
722,81,MUL_MAT,0,6,2,1848,"hc_inject-1","blk.1.hc_ffn_inject.weight","hc_norm-1"
722,87,ADD,0,2,0,1860,"l_last-1","hc_combine-1","node_395"
722,90,MUL,0,5,1,1871,"hc_norm-2"," (reshaped)","blk.2.hc_attn_norm.weight"
722,95,UNARY,0,30,1,2051,"hc_gate-2","node_403",""
722,106,SCALE,0,0,2,2073,"hc_mixed-2","node_414",""
722,152,RMS_NORM,0,0,2,3274,"norm-2","attn_output-2",""
723,5,MUL_MAT,0,419,1,762,"linear_attn_out-2","blk.2.ssm_out.weight","final_output-2"
723,9,MUL_MAT,0,13,3,798,"hc_inject-2","blk.2.hc_attn_inject.weight","hc_norm-2"
723,15,ADD,0,2,1,819,"hc_combine-2","l_last-1","node_477"
723,18,MUL,0,6,1,830,"hc_norm-2"," (reshaped)","blk.2.hc_ffn_norm.weight"
723,23,UNARY,0,31,0,1017,"hc_gate-2","node_485",""
723,34,SCALE,0,0,1,1033,"ffn_moe_inp-2","node_496",""
723,38,ARGSORT,0,22,0,1171,"ffn_moe_argsort-2","ffn_moe_probs-2",""
723,70,ADD,0,2,0,2646,"ffn_moe_out-2","node_532","ffn_moe_weighted-2 (view)"
723,74,MUL_MAT,0,35,2,2758,"ffn_shexp-2","blk.2.ffn_down_shexp.weight","ffn_swiglu-2"
723,77,MUL,0,3,0,2768,"ffn_shexp_gated-2","ffn_shexp-2","shared_expert_gate_sigmoid-2"
723,78,ADD,0,1,1,2771,"ffn_out-2","ffn_moe_out-2","ffn_shexp_gated-2"
723,81,MUL_MAT,0,12,0,2786,"hc_inject-2","blk.2.hc_ffn_inject.weight","hc_norm-2"
723,87,ADD,0,2,1,2799,"l_last-2","hc_combine-2","node_549"
723,90,MUL,0,11,0,2813,"hc_norm-3"," (reshaped)","blk.3.hc_attn_norm.weight"
723,95,UNARY,0,33,1,3005,"hc_gate-3","node_557",""
723,106,SCALE,0,0,1,3022,"hc_mixed-3","node_568",""
723,151,RMS_NORM,0,16,1,3772,"norm-3","indexer_k_pooled-3 (reshaped)",""
724,38,MUL_MAT,0,332,7,766,"attn_output-3","blk.3.attn_output.weight","attn_gated-3"
724,41,MUL_MAT,0,18,5,796,"hc_inject-3","blk.3.hc_attn_inject.weight","hc_norm-3"
724,47,ADD,0,2,0,818,"hc_combine-3","l_last-2","node_664"
724,50,MUL,0,8,0,831,"hc_norm-3"," (reshaped)","blk.3.hc_ffn_norm.weight"
724,55,UNARY,0,33,1,1028,"hc_gate-3","node_672",""
724,66,SCALE,0,0,1,1046,"ffn_moe_inp-3","node_683",""
724,70,ARGSORT,0,22,0,1174,"ffn_moe_argsort-3","ffn_moe_probs-3",""
724,102,ADD,0,1,1,1892,"ffn_moe_out-3","node_719","ffn_moe_weighted-3 (view)"
724,106,MUL_MAT,0,33,4,2020,"ffn_shexp-3","blk.3.ffn_down_shexp.weight","ffn_swiglu-3"
724,109,MUL,0,3,0,2038,"ffn_shexp_gated-3","ffn_shexp-3","shared_expert_gate_sigmoid-3"
724,110,ADD,0,1,1,2041,"ffn_out-3","ffn_moe_out-3","ffn_shexp_gated-3"
724,113,MUL_MAT,0,7,1,2053,"hc_inject-3","blk.3.hc_ffn_inject.weight","hc_norm-3"
724,119,ADD,0,2,0,2066,"l_last-3","hc_combine-3","node_736"
724,122,MUL,0,8,1,2080,"hc_norm-4"," (reshaped)","blk.4.hc_attn_norm.weight"
724,127,UNARY,0,33,0,2262,"hc_gate-4","node_744",""
724,138,SCALE,0,0,2,2294,"hc_mixed-4","node_755",""
724,184,RMS_NORM,0,1,0,3549,"norm-4","attn_output-4",""
725,5,MUL_MAT,0,315,4,613,"linear_attn_out-4","blk.4.ssm_out.weight","final_output-4"
725,9,MUL_MAT,0,15,0,633,"hc_inject-4","blk.4.hc_attn_inject.weight","hc_norm-4"
725,15,ADD,0,2,1,646,"hc_combine-4","l_last-3","node_818"
725,18,MUL,0,9,1,659,"hc_norm-4"," (reshaped)","blk.4.hc_ffn_norm.weight"
725,23,UNARY,0,34,0,842,"hc_gate-4","node_826",""
725,34,SCALE,0,0,1,866,"ffn_moe_inp-4","node_837",""
725,38,ARGSORT,0,22,0,994,"ffn_moe_argsort-4","ffn_moe_probs-4",""
725,70,ADD,0,1,1,1803,"ffn_moe_out-4","node_873","ffn_moe_weighted-4 (view)"
725,74,MUL_MAT,0,42,1,1943,"ffn_shexp-4","blk.4.ffn_down_shexp.weight","ffn_swiglu-4"
725,77,MUL,0,3,0,1953,"ffn_shexp_gated-4","ffn_shexp-4","shared_expert_gate_sigmoid-4"
725,78,ADD,0,1,1,1956,"ffn_out-4","ffn_moe_out-4","ffn_shexp_gated-4"
725,81,MUL_MAT,0,8,4,1971,"hc_inject-4","blk.4.hc_ffn_inject.weight","hc_norm-4"
725,87,ADD,0,1,1,1984,"l_last-4","hc_combine-4","node_890"
725,90,MUL,0,10,0,2008,"hc_norm-5"," (reshaped)","blk.5.hc_attn_norm.weight"
725,95,UNARY,0,34,1,2220,"hc_gate-5","node_898",""
725,106,SCALE,0,0,2,2238,"hc_mixed-5","node_909",""
725,152,RMS_NORM,0,0,5,3700,"norm-5","attn_output-5",""
726,5,MUL_MAT,0,308,7,623,"linear_attn_out-5","blk.5.ssm_out.weight","final_output-5"
726,9,MUL_MAT,0,11,1,639,"hc_inject-5","blk.5.hc_attn_inject.weight","hc_norm-5"
726,15,ADD,0,2,1,656,"hc_combine-5","l_last-4","node_972"
726,18,MUL,0,8,0,668,"hc_norm-5"," (reshaped)","blk.5.hc_ffn_norm.weight"
726,23,UNARY,0,34,1,865,"hc_gate-5","node_980",""
726,34,SCALE,0,0,1,883,"ffn_moe_inp-5","node_991",""
726,38,ARGSORT,0,22,1,1019,"ffn_moe_argsort-5","ffn_moe_probs-5",""
726,70,ADD,0,1,1,1681,"ffn_moe_out-5","node_1027","ffn_moe_weighted-5 (view)"
726,74,MUL_MAT,0,35,2,1800,"ffn_shexp-5","blk.5.ffn_down_shexp.weight","ffn_swiglu-5"
726,77,MUL,0,4,0,1810,"ffn_shexp_gated-5","ffn_shexp-5","shared_expert_gate_sigmoid-5"
726,78,ADD,0,1,14,1825,"ffn_out-5","ffn_moe_out-5","ffn_shexp_gated-5"
726,81,MUL_MAT,0,7,1,1837,"hc_inject-5","blk.5.hc_ffn_inject.weight","hc_norm-5"
726,87,ADD,0,2,0,1862,"l_last-5","hc_combine-5","node_1044"
726,90,MUL,0,8,1,1877,"hc_norm-6"," (reshaped)","blk.6.hc_attn_norm.weight"
726,95,UNARY,0,35,0,2061,"hc_gate-6","node_1052",""
726,106,SCALE,0,0,1,2080,"hc_mixed-6","node_1063",""
726,152,RMS_NORM,0,0,1,3439,"norm-6","attn_output-6",""
727,5,MUL_MAT,0,322,5,632,"linear_attn_out-6","blk.6.ssm_out.weight","final_output-6"
727,9,MUL_MAT,0,43,1,681,"hc_inject-6","blk.6.hc_attn_inject.weight","hc_norm-6"
727,15,ADD,0,1,16,736,"hc_combine-6","l_last-5","node_1126"
727,18,MUL,0,7,2,758,"hc_norm-6"," (reshaped)","blk.6.hc_ffn_norm.weight"
727,23,UNARY,0,31,0,943,"hc_gate-6","node_1134",""
727,34,SCALE,0,0,2,959,"ffn_moe_inp-6","node_1145",""
727,38,ARGSORT,0,21,0,1089,"ffn_moe_argsort-6","ffn_moe_probs-6",""
727,70,ADD,0,1,8,1770,"ffn_moe_out-6","node_1181","ffn_moe_weighted-6 (view)"
727,74,MUL_MAT,0,27,8,1893,"ffn_shexp-6","blk.6.ffn_down_shexp.weight","ffn_swiglu-6"
727,77,MUL,0,2,0,1902,"ffn_shexp_gated-6","ffn_shexp-6","shared_expert_gate_sigmoid-6"
727,78,ADD,0,1,1,1904,"ffn_out-6","ffn_moe_out-6","ffn_shexp_gated-6"
727,81,MUL_MAT,0,6,3,1916,"hc_inject-6","blk.6.hc_ffn_inject.weight","hc_norm-6"
727,87,ADD,0,2,1,1941,"l_last-6","hc_combine-6","node_1198"
727,90,MUL,0,5,1,1951,"hc_norm-7"," (reshaped)","blk.7.hc_attn_norm.weight"
727,95,UNARY,0,30,0,2138,"hc_gate-7","node_1206",""
727,106,SCALE,0,0,2,2155,"hc_mixed-7","node_1217",""
727,151,RMS_NORM,0,8,1,2914,"norm-7","indexer_k_pooled-7 (reshaped)",""
728,38,MUL_MAT,0,245,70,583,"attn_output-7","blk.7.attn_output.weight","attn_gated-7"
728,41,MUL_MAT,0,6,3,596,"hc_inject-7","blk.7.hc_attn_inject.weight","hc_norm-7"
728,47,ADD,0,1,2,607,"hc_combine-7","l_last-6","node_1313"
728,50,MUL,0,6,0,617,"hc_norm-7"," (reshaped)","blk.7.hc_ffn_norm.weight"
728,55,UNARY,0,30,1,798,"hc_gate-7","node_1321",""
728,66,SCALE,0,0,2,814,"ffn_moe_inp-7","node_1332",""
728,70,ARGSORT,0,25,0,949,"ffn_moe_argsort-7","ffn_moe_probs-7",""
728,102,ADD,0,2,0,1575,"ffn_moe_out-7","node_1368","ffn_moe_weighted-7 (view)"
728,106,MUL_MAT,0,27,90,1771,"ffn_shexp-7","blk.7.ffn_down_shexp.weight","ffn_swiglu-7"
728,109,MUL,0,2,0,1779,"ffn_shexp_gated-7","ffn_shexp-7","shared_expert_gate_sigmoid-7"
728,110,ADD,0,1,8,1788,"ffn_out-7","ffn_moe_out-7","ffn_shexp_gated-7"
728,113,MUL_MAT,0,7,2,1800,"hc_inject-7","blk.7.hc_ffn_inject.weight","hc_norm-7"
728,119,ADD,0,1,1,1820,"l_last-7","hc_combine-7","node_1385"
728,122,MUL,0,7,0,1831,"hc_norm-8"," (reshaped)","blk.8.hc_attn_norm.weight"
728,127,UNARY,0,30,1,2019,"hc_gate-8","node_1393",""
728,138,SCALE,0,0,2,2033,"hc_mixed-8","node_1404",""
728,184,RMS_NORM,0,0,2,3137,"norm-8","attn_output-8",""
729,5,MUL_MAT,0,267,56,641,"linear_attn_out-8","blk.8.ssm_out.weight","final_output-8"
729,9,MUL_MAT,0,8,1,653,"hc_inject-8","blk.8.hc_attn_inject.weight","hc_norm-8"
729,15,ADD,0,2,1,675,"hc_combine-8","l_last-7","node_1467"
729,18,MUL,0,6,0,684,"hc_norm-8"," (reshaped)","blk.8.hc_ffn_norm.weight"
729,23,UNARY,0,31,0,868,"hc_gate-8","node_1475",""
729,34,SCALE,0,1,1,896,"ffn_moe_inp-8","node_1486",""
729,38,ARGSORT,0,23,0,1024,"ffn_moe_argsort-8","ffn_moe_probs-8",""
729,70,ADD,0,1,0,1645,"ffn_moe_out-8","node_1522","ffn_moe_weighted-8 (view)"
729,74,MUL_MAT,0,27,18,1775,"ffn_shexp-8","blk.8.ffn_down_shexp.weight","ffn_swiglu-8"
729,77,MUL,0,3,0,1783,"ffn_shexp_gated-8","ffn_shexp-8","shared_expert_gate_sigmoid-8"
729,78,ADD,0,1,7,1791,"ffn_out-8","ffn_moe_out-8","ffn_shexp_gated-8"
729,81,MUL_MAT,0,6,3,1803,"hc_inject-8","blk.8.hc_ffn_inject.weight","hc_norm-8"
729,87,ADD,0,2,0,1815,"l_last-8","hc_combine-8","node_1539"
729,90,MUL,0,7,0,1826,"hc_norm-9"," (reshaped)","blk.9.hc_attn_norm.weight"
729,95,UNARY,0,31,0,2020,"hc_gate-9","node_1547",""
729,106,SCALE,0,0,1,2036,"hc_mixed-9","node_1558",""
729,152,RMS_NORM,0,0,1,3124,"norm-9","attn_output-9",""
730,5,MUL_MAT,0,282,48,678,"linear_attn_out-9","blk.9.ssm_out.weight","final_output-9"
730,9,MUL_MAT,0,7,1,690,"hc_inject-9","blk.9.hc_attn_inject.weight","hc_norm-9"
730,15,ADD,0,2,0,702,"hc_combine-9","l_last-8","node_1621"
730,18,MUL,0,7,0,713,"hc_norm-9"," (reshaped)","blk.9.hc_ffn_norm.weight"
730,23,UNARY,0,31,0,901,"hc_gate-9","node_1629",""
730,34,SCALE,0,0,1,934,"ffn_moe_inp-9","node_1640",""
730,38,ARGSORT,0,22,14,1080,"ffn_moe_argsort-9","ffn_moe_probs-9",""
730,70,ADD,0,1,0,1731,"ffn_moe_out-9","node_1676","ffn_moe_weighted-9 (view)"
730,74,MUL_MAT,0,31,7,1842,"ffn_shexp-9","blk.9.ffn_down_shexp.weight","ffn_swiglu-9"
730,77,MUL,0,2,0,1852,"ffn_shexp_gated-9","ffn_shexp-9","shared_expert_gate_sigmoid-9"
730,78,ADD,0,1,9,1863,"ffn_out-9","ffn_moe_out-9","ffn_shexp_gated-9"
730,81,MUL_MAT,0,7,1,1873,"hc_inject-9","blk.9.hc_ffn_inject.weight","hc_norm-9"
730,87,ADD,0,1,1,1885,"l_last-9","hc_combine-9","node_1693"
730,90,MUL,0,6,1,1896,"hc_norm-10"," (reshaped)","blk.10.hc_attn_norm.weight"
730,95,UNARY,0,31,1,2078,"hc_gate-10","node_1701",""
730,106,SCALE,0,0,1,2106,"hc_mixed-10","node_1712",""
730,152,RMS_NORM,0,1,0,3148,"norm-10","attn_output-10",""
731,5,MUL_MAT,0,289,60,770,"linear_attn_out-10","blk.10.ssm_out.weight","final_output-10"
731,9,MUL_MAT,0,8,2,784,"hc_inject-10","blk.10.hc_attn_inject.weight","hc_norm-10"
731,15,ADD,0,2,1,796,"hc_combine-10","l_last-9","node_1775"
731,18,MUL,0,6,0,806,"hc_norm-10"," (reshaped)","blk.10.hc_ffn_norm.weight"
731,23,UNARY,0,31,0,1014,"hc_gate-10","node_1783",""
731,34,SCALE,0,1,1,1030,"ffn_moe_inp-10","node_1794",""
731,38,ARGSORT,0,35,0,1178,"ffn_moe_argsort-10","ffn_moe_probs-10",""
731,70,ADD,0,2,0,1857,"ffn_moe_out-10","node_1830","ffn_moe_weighted-10 (view)"
731,74,MUL_MAT,0,38,5,1990,"ffn_shexp-10","blk.10.ffn_down_shexp.weight","ffn_swiglu-10"
731,77,MUL,0,2,1,1999,"ffn_shexp_gated-10","ffn_shexp-10","shared_expert_gate_sigmoid-10"
731,78,ADD,0,1,1,2001,"ffn_out-10","ffn_moe_out-10","ffn_shexp_gated-10"
731,81,MUL_MAT,0,6,6,2016,"hc_inject-10","blk.10.hc_ffn_inject.weight","hc_norm-10"
731,87,ADD,0,2,0,2027,"l_last-10","hc_combine-10","node_1847"
731,90,MUL,0,7,0,2037,"hc_norm-11"," (reshaped)","blk.11.hc_attn_norm.weight"
731,95,UNARY,0,31,1,2228,"hc_gate-11","node_1855",""
731,106,SCALE,0,0,1,2253,"hc_mixed-11","node_1866",""
731,151,RMS_NORM,0,9,0,3001,"norm-11","indexer_k_pooled-11 (reshaped)",""
732,38,MUL_MAT,0,261,61,574,"attn_output-11","blk.11.attn_output.weight","attn_gated-11"
732,41,MUL_MAT,0,5,3,585,"hc_inject-11","blk.11.hc_attn_inject.weight","hc_norm-11"
732,47,ADD,0,1,1,604,"hc_combine-11","l_last-10","node_1962"
732,50,MUL,0,6,2,616,"hc_norm-11"," (reshaped)","blk.11.hc_ffn_norm.weight"
732,55,UNARY,0,31,0,788,"hc_gate-11","node_1970",""
732,66,SCALE,0,0,2,806,"ffn_moe_inp-11","node_1981",""
732,70,ARGSORT,0,18,1,927,"ffn_moe_argsort-11","ffn_moe_probs-11",""
732,102,ADD,0,1,1,1555,"ffn_moe_out-11","node_2017","ffn_moe_weighted-11 (view)"
732,106,MUL_MAT,0,31,6,1668,"ffn_shexp-11","blk.11.ffn_down_shexp.weight","ffn_swiglu-11"
732,109,MUL,0,2,1,1676,"ffn_shexp_gated-11","ffn_shexp-11","shared_expert_gate_sigmoid-11"
732,110,ADD,0,1,1,1678,"ffn_out-11","ffn_moe_out-11","ffn_shexp_gated-11"
732,113,MUL_MAT,0,6,2,1688,"hc_inject-11","blk.11.hc_ffn_inject.weight","hc_norm-11"
732,119,ADD,0,2,0,1699,"l_last-11","hc_combine-11","node_2034"
732,122,MUL,0,6,0,1709,"hc_norm-12"," (reshaped)","blk.12.hc_attn_norm.weight"
732,127,UNARY,0,30,0,1893,"hc_gate-12","node_2042",""
732,138,SCALE,0,0,1,1914,"hc_mixed-12","node_2053",""
732,184,RMS_NORM,0,1,3,3000,"norm-12","attn_output-12",""
733,5,MUL_MAT,0,196,129,642,"linear_attn_out-12","blk.12.ssm_out.weight","final_output-12"
733,9,MUL_MAT,0,5,4,659,"hc_inject-12","blk.12.hc_attn_inject.weight","hc_norm-12"
733,15,ADD,0,2,1,672,"hc_combine-12","l_last-11","node_2116"
733,18,MUL,0,5,0,681,"hc_norm-12"," (reshaped)","blk.12.hc_ffn_norm.weight"
733,23,UNARY,0,21,1,850,"hc_gate-12","node_2124",""
733,34,SCALE,0,0,2,865,"ffn_moe_inp-12","node_2135",""
733,38,ARGSORT,0,17,0,988,"ffn_moe_argsort-12","ffn_moe_probs-12",""
733,70,ADD,0,2,1,1663,"ffn_moe_out-12","node_2171","ffn_moe_weighted-12 (view)"
733,74,MUL_MAT,0,33,3,1784,"ffn_shexp-12","blk.12.ffn_down_shexp.weight","ffn_swiglu-12"
733,77,MUL,0,3,0,1794,"ffn_shexp_gated-12","ffn_shexp-12","shared_expert_gate_sigmoid-12"
733,78,ADD,0,2,0,1796,"ffn_out-12","ffn_moe_out-12","ffn_shexp_gated-12"
733,81,MUL_MAT,0,15,3,1818,"hc_inject-12","blk.12.hc_ffn_inject.weight","hc_norm-12"
733,87,ADD,0,2,0,1836,"l_last-12","hc_combine-12","node_2188"
733,90,MUL,0,8,1,1850,"hc_norm-13"," (reshaped)","blk.13.hc_attn_norm.weight"
733,95,UNARY,0,34,0,2037,"hc_gate-13","node_2196",""
733,106,SCALE,0,1,2,2057,"hc_mixed-13","node_2207",""
733,152,RMS_NORM,0,1,12,3414,"norm-13","attn_output-13",""
734,5,MUL_MAT,0,322,13,649,"linear_attn_out-13","blk.13.ssm_out.weight","final_output-13"
734,9,MUL_MAT,0,8,1,670,"hc_inject-13","blk.13.hc_attn_inject.weight","hc_norm-13"
734,15,ADD,0,2,1,692,"hc_combine-13","l_last-12","node_2270"
734,18,MUL,0,8,1,705,"hc_norm-13"," (reshaped)","blk.13.hc_ffn_norm.weight"
734,23,UNARY,0,34,1,897,"hc_gate-13","node_2278",""
734,34,SCALE,0,0,1,914,"ffn_moe_inp-13","node_2289",""
734,38,ARGSORT,0,23,1,1046,"ffn_moe_argsort-13","ffn_moe_probs-13",""
734,70,ADD,0,2,0,1712,"ffn_moe_out-13","node_2325","ffn_moe_weighted-13 (view)"
734,74,MUL_MAT,0,36,2,1833,"ffn_shexp-13","blk.13.ffn_down_shexp.weight","ffn_swiglu-13"
734,77,MUL,0,3,0,1845,"ffn_shexp_gated-13","ffn_shexp-13","shared_expert_gate_sigmoid-13"
734,78,ADD,0,1,1,1848,"ffn_out-13","ffn_moe_out-13","ffn_shexp_gated-13"
734,81,MUL_MAT,0,7,7,1865,"hc_inject-13","blk.13.hc_ffn_inject.weight","hc_norm-13"
734,87,ADD,0,1,1,1881,"l_last-13","hc_combine-13","node_2342"
734,90,MUL,0,9,0,1894,"hc_norm-14"," (reshaped)","blk.14.hc_attn_norm.weight"
734,95,UNARY,0,34,0,2088,"hc_gate-14","node_2350",""
734,106,SCALE,0,1,10,2127,"hc_mixed-14","node_2361",""
734,152,RMS_NORM,0,1,1,3470,"norm-14","attn_output-14",""
735,5,MUL_MAT,0,338,12,681,"linear_attn_out-14","blk.14.ssm_out.weight","final_output-14"
735,9,MUL_MAT,0,9,3,699,"hc_inject-14","blk.14.hc_attn_inject.weight","hc_norm-14"
735,15,ADD,0,2,1,713,"hc_combine-14","l_last-13","node_2424"
735,18,MUL,0,8,1,726,"hc_norm-14"," (reshaped)","blk.14.hc_ffn_norm.weight"
735,23,UNARY,0,34,1,934,"hc_gate-14","node_2432",""
735,34,SCALE,0,0,1,966,"ffn_moe_inp-14","node_2443",""
735,38,ARGSORT,0,23,0,1103,"ffn_moe_argsort-14","ffn_moe_probs-14",""
735,70,ADD,0,2,0,1856,"ffn_moe_out-14","node_2479","ffn_moe_weighted-14 (view)"
735,74,MUL_MAT,0,35,3,1971,"ffn_shexp-14","blk.14.ffn_down_shexp.weight","ffn_swiglu-14"
735,77,MUL,0,4,0,2087,"ffn_shexp_gated-14","ffn_shexp-14","shared_expert_gate_sigmoid-14"
735,78,ADD,0,2,0,2089,"ffn_out-14","ffn_moe_out-14","ffn_shexp_gated-14"
735,81,MUL_MAT,0,9,1,2103,"hc_inject-14","blk.14.hc_ffn_inject.weight","hc_norm-14"
735,87,ADD,0,2,8,2131,"l_last-14","hc_combine-14","node_2496"
735,90,MUL,0,8,1,2144,"hc_norm-15"," (reshaped)","blk.15.hc_attn_norm.weight"
735,95,UNARY,0,34,0,2339,"hc_gate-15","node_2504",""
735,106,SCALE,0,1,1,2356,"hc_mixed-15","node_2515",""
735,151,RMS_NORM,0,16,1,3137,"norm-15","indexer_k_pooled-15 (reshaped)",""
736,38,MUL_MAT,0,307,4,578,"attn_output-15","blk.15.attn_output.weight","attn_gated-15"
736,41,MUL_MAT,0,7,1,590,"hc_inject-15","blk.15.hc_attn_inject.weight","hc_norm-15"
736,47,ADD,0,1,1,602,"hc_combine-15","l_last-14","node_2611"
736,50,MUL,0,8,0,615,"hc_norm-15"," (reshaped)","blk.15.hc_ffn_norm.weight"
736,55,UNARY,0,33,0,799,"hc_gate-15","node_2619",""
736,66,SCALE,0,1,1,830,"ffn_moe_inp-15","node_2630",""
736,70,ARGSORT,0,21,1,957,"ffn_moe_argsort-15","ffn_moe_probs-15",""
736,102,ADD,0,2,16,1713,"ffn_moe_out-15","node_2666","ffn_moe_weighted-15 (view)"
736,106,MUL_MAT,0,32,5,1825,"ffn_shexp-15","blk.15.ffn_down_shexp.weight","ffn_swiglu-15"
736,109,MUL,0,3,0,1834,"ffn_shexp_gated-15","ffn_shexp-15","shared_expert_gate_sigmoid-15"
736,110,ADD,0,1,0,1836,"ffn_out-15","ffn_moe_out-15","ffn_shexp_gated-15"
736,113,MUL_MAT,0,10,1,1851,"hc_inject-15","blk.15.hc_ffn_inject.weight","hc_norm-15"
736,119,ADD,0,1,1,1870,"l_last-15","hc_combine-15","node_2683"
736,122,MUL,0,10,1,1885,"hc_norm-16"," (reshaped)","blk.16.hc_attn_norm.weight"
736,127,UNARY,0,34,0,2073,"hc_gate-16","node_2691",""
736,138,SCALE,0,0,2,2092,"hc_mixed-16","node_2702",""
736,184,RMS_NORM,0,0,2,3486,"norm-16","attn_output-16",""
737,5,MUL_MAT,0,304,18,618,"linear_attn_out-16","blk.16.ssm_out.weight","final_output-16"
737,9,MUL_MAT,0,8,0,631,"hc_inject-16","blk.16.hc_attn_inject.weight","hc_norm-16"
737,15,ADD,0,2,1,645,"hc_combine-16","l_last-15","node_2765"
737,18,MUL,0,8,1,657,"hc_norm-16"," (reshaped)","blk.16.hc_ffn_norm.weight"
737,23,UNARY,0,35,0,940,"hc_gate-16","node_2773",""
737,34,SCALE,0,0,1,958,"ffn_moe_inp-16","node_2784",""
737,38,ARGSORT,0,21,0,1087,"ffn_moe_argsort-16","ffn_moe_probs-16",""
737,70,ADD,0,2,0,2405,"ffn_moe_out-16","node_2820","ffn_moe_weighted-16 (view)"
737,74,MUL_MAT,0,32,7,2537,"ffn_shexp-16","blk.16.ffn_down_shexp.weight","ffn_swiglu-16"
737,77,MUL,0,2,0,2545,"ffn_shexp_gated-16","ffn_shexp-16","shared_expert_gate_sigmoid-16"
737,78,ADD,0,1,1,2547,"ffn_out-16","ffn_moe_out-16","ffn_shexp_gated-16"
737,81,MUL_MAT,0,7,6,2563,"hc_inject-16","blk.16.hc_ffn_inject.weight","hc_norm-16"
737,87,ADD,0,2,1,2603,"l_last-16","hc_combine-16","node_2837"
737,90,MUL,0,8,0,2615,"hc_norm-17"," (reshaped)","blk.17.hc_attn_norm.weight"
737,95,UNARY,0,31,43,2882,"hc_gate-17","node_2845",""
737,106,SCALE,0,0,2,2905,"hc_mixed-17","node_2856",""
737,152,RMS_NORM,0,0,2,4070,"norm-17","attn_output-17",""
738,5,MUL_MAT,0,260,74,654,"linear_attn_out-17","blk.17.ssm_out.weight","final_output-17"
738,9,MUL_MAT,0,7,2,671,"hc_inject-17","blk.17.hc_attn_inject.weight","hc_norm-17"
738,15,ADD,0,1,2,692,"hc_combine-17","l_last-16","node_2919"
738,18,MUL,0,6,0,702,"hc_norm-17"," (reshaped)","blk.17.hc_ffn_norm.weight"
738,23,UNARY,0,31,0,886,"hc_gate-17","node_2927",""
738,34,SCALE,0,1,2,911,"ffn_moe_inp-17","node_2938",""
738,38,ARGSORT,0,22,0,1039,"ffn_moe_argsort-17","ffn_moe_probs-17",""
738,70,ADD,0,2,1,1727,"ffn_moe_out-17","node_2974","ffn_moe_weighted-17 (view)"
738,74,MUL_MAT,0,34,5,1873,"ffn_shexp-17","blk.17.ffn_down_shexp.weight","ffn_swiglu-17"
738,77,MUL,0,2,0,1881,"ffn_shexp_gated-17","ffn_shexp-17","shared_expert_gate_sigmoid-17"
738,78,ADD,0,1,1,1883,"ffn_out-17","ffn_moe_out-17","ffn_shexp_gated-17"
738,81,MUL_MAT,0,11,7,1904,"hc_inject-17","blk.17.hc_ffn_inject.weight","hc_norm-17"
738,87,ADD,0,1,2,1917,"l_last-17","hc_combine-17","node_2991"
738,90,MUL,0,7,0,1928,"hc_norm-18"," (reshaped)","blk.18.hc_attn_norm.weight"
738,95,UNARY,0,31,0,2135,"hc_gate-18","node_2999",""
738,106,SCALE,0,0,0,2156,"hc_mixed-18","node_3010",""
738,152,RMS_NORM,0,1,1,3279,"norm-18","attn_output-18",""
739,5,MUL_MAT,0,250,76,651,"linear_attn_out-18","blk.18.ssm_out.weight","final_output-18"
739,9,MUL_MAT,0,7,2,664,"hc_inject-18","blk.18.hc_attn_inject.weight","hc_norm-18"
739,15,ADD,0,1,4,679,"hc_combine-18","l_last-17","node_3073"
739,18,MUL,0,6,0,690,"hc_norm-18"," (reshaped)","blk.18.hc_ffn_norm.weight"
739,23,UNARY,0,30,1,870,"hc_gate-18","node_3081",""
739,34,SCALE,0,1,1,894,"ffn_moe_inp-18","node_3092",""
739,38,ARGSORT,0,21,0,1020,"ffn_moe_argsort-18","ffn_moe_probs-18",""
739,70,ADD,0,1,1,1668,"ffn_moe_out-18","node_3128","ffn_moe_weighted-18 (view)"
739,74,MUL_MAT,0,31,6,1779,"ffn_shexp-18","blk.18.ffn_down_shexp.weight","ffn_swiglu-18"
739,77,MUL,0,2,9,1795,"ffn_shexp_gated-18","ffn_shexp-18","shared_expert_gate_sigmoid-18"
739,78,ADD,0,1,1,1797,"ffn_out-18","ffn_moe_out-18","ffn_shexp_gated-18"
739,81,MUL_MAT,0,6,3,1808,"hc_inject-18","blk.18.hc_ffn_inject.weight","hc_norm-18"
739,87,ADD,0,2,0,1819,"l_last-18","hc_combine-18","node_3145"
739,90,MUL,0,6,0,1829,"hc_norm-19"," (reshaped)","blk.19.hc_attn_norm.weight"
739,95,UNARY,0,30,1,2008,"hc_gate-19","node_3153",""
739,106,SCALE,0,0,1,2030,"hc_mixed-19","node_3164",""
739,151,RMS_NORM,0,8,0,2942,"norm-19","indexer_k_pooled-19 (reshaped)",""
740,38,MUL_MAT,0,266,69,609,"attn_output-19","blk.19.attn_output.weight","attn_gated-19"
740,41,MUL_MAT,0,6,4,660,"hc_inject-19","blk.19.hc_attn_inject.weight","hc_norm-19"
740,47,ADD,0,2,1,688,"hc_combine-19","l_last-18","node_3260"
740,50,MUL,0,7,0,698,"hc_norm-19"," (reshaped)","blk.19.hc_ffn_norm.weight"
740,55,UNARY,0,30,1,907,"hc_gate-19","node_3268",""
740,66,SCALE,0,0,2,927,"ffn_moe_inp-19","node_3279",""
740,70,ARGSORT,0,20,1,1060,"ffn_moe_argsort-19","ffn_moe_probs-19",""
740,102,ADD,0,1,1,1687,"ffn_moe_out-19","node_3315","ffn_moe_weighted-19 (view)"
740,106,MUL_MAT,0,29,7,1795,"ffn_shexp-19","blk.19.ffn_down_shexp.weight","ffn_swiglu-19"
740,109,MUL,0,2,0,1803,"ffn_shexp_gated-19","ffn_shexp-19","shared_expert_gate_sigmoid-19"
740,110,ADD,0,1,1,1805,"ffn_out-19","ffn_moe_out-19","ffn_shexp_gated-19"
740,113,MUL_MAT,0,6,3,1816,"hc_inject-19","blk.19.hc_ffn_inject.weight","hc_norm-19"
740,119,ADD,0,1,1,1832,"l_last-19","hc_combine-19","node_3332"
740,122,MUL,0,6,0,1843,"hc_norm-20"," (reshaped)","blk.20.hc_attn_norm.weight"
740,127,UNARY,0,31,0,2022,"hc_gate-20","node_3340",""
740,138,SCALE,0,1,1,2060,"hc_mixed-20","node_3351",""
740,184,RMS_NORM,0,1,8,3116,"norm-20","attn_output-20",""
741,5,MUL_MAT,0,271,72,668,"linear_attn_out-20","blk.20.ssm_out.weight","final_output-20"
741,9,MUL_MAT,0,7,4,683,"hc_inject-20","blk.20.hc_attn_inject.weight","hc_norm-20"
741,15,ADD,0,2,1,696,"hc_combine-20","l_last-19","node_3414"
741,18,MUL,0,5,1,706,"hc_norm-20"," (reshaped)","blk.20.hc_ffn_norm.weight"
741,23,UNARY,0,45,1,906,"hc_gate-20","node_3422",""
741,34,SCALE,0,0,2,922,"ffn_moe_inp-20","node_3433",""
741,38,ARGSORT,0,21,0,1235,"ffn_moe_argsort-20","ffn_moe_probs-20",""
741,70,ADD,0,2,0,1978,"ffn_moe_out-20","node_3469","ffn_moe_weighted-20 (view)"
741,74,MUL_MAT,0,29,84,2178,"ffn_shexp-20","blk.20.ffn_down_shexp.weight","ffn_swiglu-20"
741,77,MUL,0,2,0,2305,"ffn_shexp_gated-20","ffn_shexp-20","shared_expert_gate_sigmoid-20"
741,78,ADD,0,2,0,2307,"ffn_out-20","ffn_moe_out-20","ffn_shexp_gated-20"
741,81,MUL_MAT,0,8,6,2323,"hc_inject-20","blk.20.hc_ffn_inject.weight","hc_norm-20"
741,87,ADD,0,1,1,2342,"l_last-20","hc_combine-20","node_3486"
741,90,MUL,0,6,0,2360,"hc_norm-21"," (reshaped)","blk.21.hc_attn_norm.weight"
741,95,UNARY,0,31,0,2545,"hc_gate-21","node_3494",""
741,106,SCALE,0,0,2,2561,"hc_mixed-21","node_3505",""
741,152,RMS_NORM,0,1,2,3671,"norm-21","attn_output-21",""
742,5,MUL_MAT,0,267,51,643,"linear_attn_out-21","blk.21.ssm_out.weight","final_output-21"
742,9,MUL_MAT,0,6,6,665,"hc_inject-21","blk.21.hc_attn_inject.weight","hc_norm-21"
742,15,ADD,0,2,1,683,"hc_combine-21","l_last-20","node_3568"
742,18,MUL,0,6,1,694,"hc_norm-21"," (reshaped)","blk.21.hc_ffn_norm.weight"
742,23,UNARY,0,31,0,879,"hc_gate-21","node_3576",""
742,34,SCALE,0,0,2,895,"ffn_moe_inp-21","node_3587",""
742,38,ARGSORT,0,21,0,1021,"ffn_moe_argsort-21","ffn_moe_probs-21",""
742,70,ADD,0,2,0,1694,"ffn_moe_out-21","node_3623","ffn_moe_weighted-21 (view)"
742,74,MUL_MAT,0,30,8,1915,"ffn_shexp-21","blk.21.ffn_down_shexp.weight","ffn_swiglu-21"
742,77,MUL,0,2,1,1924,"ffn_shexp_gated-21","ffn_shexp-21","shared_expert_gate_sigmoid-21"
742,78,ADD,0,1,1,1926,"ffn_out-21","ffn_moe_out-21","ffn_shexp_gated-21"
742,81,MUL_MAT,0,5,7,1941,"hc_inject-21","blk.21.hc_ffn_inject.weight","hc_norm-21"
742,87,ADD,0,1,2,1954,"l_last-21","hc_combine-21","node_3640"
742,90,MUL,0,8,0,1965,"hc_norm-22"," (reshaped)","blk.22.hc_attn_norm.weight"
742,95,UNARY,0,31,0,2159,"hc_gate-22","node_3648",""
742,106,SCALE,0,0,2,2186,"hc_mixed-22","node_3659",""
742,152,RMS_NORM,0,0,1,3334,"norm-22","attn_output-22",""
743,5,MUL_MAT,0,289,43,664,"linear_attn_out-22","blk.22.ssm_out.weight","final_output-22"
743,9,MUL_MAT,0,7,6,681,"hc_inject-22","blk.22.hc_attn_inject.weight","hc_norm-22"
743,15,ADD,0,1,1,693,"hc_combine-22","l_last-21","node_3722"
743,18,MUL,0,8,0,705,"hc_norm-22"," (reshaped)","blk.22.hc_ffn_norm.weight"
743,23,UNARY,0,31,0,898,"hc_gate-22","node_3730",""
743,34,SCALE,0,0,2,921,"ffn_moe_inp-22","node_3741",""
743,38,ARGSORT,0,20,0,1043,"ffn_moe_argsort-22","ffn_moe_probs-22",""
743,70,ADD,0,2,0,1677,"ffn_moe_out-22","node_3777","ffn_moe_weighted-22 (view)"
743,74,MUL_MAT,0,31,5,1790,"ffn_shexp-22","blk.22.ffn_down_shexp.weight","ffn_swiglu-22"
743,77,MUL,0,2,0,1806,"ffn_shexp_gated-22","ffn_shexp-22","shared_expert_gate_sigmoid-22"
743,78,ADD,0,1,1,1808,"ffn_out-22","ffn_moe_out-22","ffn_shexp_gated-22"
743,81,MUL_MAT,0,4,7,1822,"hc_inject-22","blk.22.hc_ffn_inject.weight","hc_norm-22"
743,87,ADD,0,1,1,1842,"l_last-22","hc_combine-22","node_3794"
743,90,MUL,0,6,1,1853,"hc_norm-23"," (reshaped)","blk.23.hc_attn_norm.weight"
743,95,UNARY,0,31,0,2041,"hc_gate-23","node_3802",""
743,106,SCALE,0,0,4,2060,"hc_mixed-23","node_3813",""
743,151,RMS_NORM,0,8,1,2919,"norm-23","indexer_k_pooled-23 (reshaped)",""
744,38,MUL_MAT,0,255,69,601,"attn_output-23","blk.23.attn_output.weight","attn_gated-23"
744,41,MUL_MAT,0,7,2,620,"hc_inject-23","blk.23.hc_attn_inject.weight","hc_norm-23"
744,47,ADD,0,1,1,632,"hc_combine-23","l_last-22","node_3909"
744,50,MUL,0,7,0,642,"hc_norm-23"," (reshaped)","blk.23.hc_ffn_norm.weight"
744,55,UNARY,0,30,0,821,"hc_gate-23","node_3917",""
744,66,SCALE,0,0,2,851,"ffn_moe_inp-23","node_3928",""
744,70,ARGSORT,0,20,1,979,"ffn_moe_argsort-23","ffn_moe_probs-23",""
744,102,ADD,0,1,1,2385,"ffn_moe_out-23","node_3964","ffn_moe_weighted-23 (view)"
744,106,MUL_MAT,0,28,9,2490,"ffn_shexp-23","blk.23.ffn_down_shexp.weight","ffn_swiglu-23"
744,109,MUL,0,2,1,2500,"ffn_shexp_gated-23","ffn_shexp-23","shared_expert_gate_sigmoid-23"
744,110,ADD,0,1,0,2501,"ffn_out-23","ffn_moe_out-23","ffn_shexp_gated-23"
744,113,MUL_MAT,0,6,2,2512,"hc_inject-23","blk.23.hc_ffn_inject.weight","hc_norm-23"
744,119,ADD,0,1,1,2524,"l_last-23","hc_combine-23","node_3981"
744,122,MUL,0,6,0,2534,"hc_norm-24"," (reshaped)","blk.24.hc_attn_norm.weight"
744,127,UNARY,0,30,0,2708,"hc_gate-24","node_3989",""
744,138,SCALE,0,0,2,2725,"hc_mixed-24","node_4000",""
744,184,RMS_NORM,0,0,2,3753,"norm-24","attn_output-24",""
745,5,MUL_MAT,0,278,86,731,"linear_attn_out-24","blk.24.ssm_out.weight","final_output-24"
745,9,MUL_MAT,0,8,2,753,"hc_inject-24","blk.24.hc_attn_inject.weight","hc_norm-24"
745,15,ADD,0,2,2,778,"hc_combine-24","l_last-23","node_4063"
745,18,MUL,0,12,1,794,"hc_norm-24"," (reshaped)","blk.24.hc_ffn_norm.weight"
745,23,UNARY,0,31,0,993,"hc_gate-24","node_4071",""
745,34,SCALE,0,1,1,1026,"ffn_moe_inp-24","node_4082",""
745,38,ARGSORT,0,20,0,1160,"ffn_moe_argsort-24","ffn_moe_probs-24",""
745,70,ADD,0,1,0,1864,"ffn_moe_out-24","node_4118","ffn_moe_weighted-24 (view)"
745,74,MUL_MAT,0,32,5,1983,"ffn_shexp-24","blk.24.ffn_down_shexp.weight","ffn_swiglu-24"
745,77,MUL,0,2,0,1999,"ffn_shexp_gated-24","ffn_shexp-24","shared_expert_gate_sigmoid-24"
745,78,ADD,0,1,1,2001,"ffn_out-24","ffn_moe_out-24","ffn_shexp_gated-24"
745,81,MUL_MAT,0,7,4,2014,"hc_inject-24","blk.24.hc_ffn_inject.weight","hc_norm-24"
745,87,ADD,0,1,1,2033,"l_last-24","hc_combine-24","node_4135"
745,90,MUL,0,7,1,2045,"hc_norm-25"," (reshaped)","blk.25.hc_attn_norm.weight"
745,95,UNARY,0,30,1,2244,"hc_gate-25","node_4143",""
745,106,SCALE,0,0,2,2261,"hc_mixed-25","node_4154",""
745,152,RMS_NORM,0,0,1,3396,"norm-25","attn_output-25",""
746,5,MUL_MAT,0,273,51,633,"linear_attn_out-25","blk.25.ssm_out.weight","final_output-25"
746,9,MUL_MAT,0,7,2,645,"hc_inject-25","blk.25.hc_attn_inject.weight","hc_norm-25"
746,15,ADD,0,1,1,657,"hc_combine-25","l_last-24","node_4217"
746,18,MUL,0,6,0,667,"hc_norm-25"," (reshaped)","blk.25.hc_ffn_norm.weight"
746,23,UNARY,0,30,0,867,"hc_gate-25","node_4225",""
746,34,SCALE,0,0,1,887,"ffn_moe_inp-25","node_4236",""
746,38,ARGSORT,0,19,0,1007,"ffn_moe_argsort-25","ffn_moe_probs-25",""
746,70,ADD,0,1,0,1624,"ffn_moe_out-25","node_4272","ffn_moe_weighted-25 (view)"
746,74,MUL_MAT,0,30,11,1743,"ffn_shexp-25","blk.25.ffn_down_shexp.weight","ffn_swiglu-25"
746,77,MUL,0,2,10,1761,"ffn_shexp_gated-25","ffn_shexp-25","shared_expert_gate_sigmoid-25"
746,78,ADD,0,2,0,1763,"ffn_out-25","ffn_moe_out-25","ffn_shexp_gated-25"
746,81,MUL_MAT,0,7,2,1774,"hc_inject-25","blk.25.hc_ffn_inject.weight","hc_norm-25"
746,87,ADD,0,1,1,1787,"l_last-25","hc_combine-25","node_4289"
746,90,MUL,0,7,0,1798,"hc_norm-26"," (reshaped)","blk.26.hc_attn_norm.weight"
746,95,UNARY,0,30,0,1986,"hc_gate-26","node_4297",""
746,106,SCALE,0,0,1,2120,"hc_mixed-26","node_4308",""
746,152,RMS_NORM,0,0,9,3240,"norm-26","attn_output-26",""
747,5,MUL_MAT,0,277,48,639,"linear_attn_out-26","blk.26.ssm_out.weight","final_output-26"
747,9,MUL_MAT,0,6,2,651,"hc_inject-26","blk.26.hc_attn_inject.weight","hc_norm-26"
747,15,ADD,0,2,1,664,"hc_combine-26","l_last-25","node_4371"
747,18,MUL,0,6,0,674,"hc_norm-26"," (reshaped)","blk.26.hc_ffn_norm.weight"
747,23,UNARY,0,31,0,851,"hc_gate-26","node_4379",""
747,34,SCALE,0,0,1,867,"ffn_moe_inp-26","node_4390",""
747,38,ARGSORT,0,20,0,992,"ffn_moe_argsort-26","ffn_moe_probs-26",""
747,70,ADD,0,1,0,2013,"ffn_moe_out-26","node_4426","ffn_moe_weighted-26 (view)"
747,74,MUL_MAT,0,27,9,2134,"ffn_shexp-26","blk.26.ffn_down_shexp.weight","ffn_swiglu-26"
747,77,MUL,0,2,0,2141,"ffn_shexp_gated-26","ffn_shexp-26","shared_expert_gate_sigmoid-26"
747,78,ADD,0,1,1,2143,"ffn_out-26","ffn_moe_out-26","ffn_shexp_gated-26"
747,81,MUL_MAT,0,6,2,2154,"hc_inject-26","blk.26.hc_ffn_inject.weight","hc_norm-26"
747,87,ADD,0,1,1,2170,"l_last-26","hc_combine-26","node_4443"
747,90,MUL,0,6,0,2180,"hc_norm-27"," (reshaped)","blk.27.hc_attn_norm.weight"
747,95,UNARY,0,31,0,2369,"hc_gate-27","node_4451",""
747,106,SCALE,0,0,2,2385,"hc_mixed-27","node_4462",""
747,151,RMS_NORM,0,8,0,3238,"norm-27","indexer_k_pooled-27 (reshaped)",""
748,38,MUL_MAT,0,247,78,582,"attn_output-27","blk.27.attn_output.weight","attn_gated-27"
748,41,MUL_MAT,0,7,3,594,"hc_inject-27","blk.27.hc_attn_inject.weight","hc_norm-27"
748,47,ADD,0,2,1,606,"hc_combine-27","l_last-26","node_4558"
748,50,MUL,0,7,0,617,"hc_norm-27"," (reshaped)","blk.27.hc_ffn_norm.weight"
748,55,UNARY,0,30,0,804,"hc_gate-27","node_4566",""
748,66,SCALE,0,0,1,823,"ffn_moe_inp-27","node_4577",""
748,70,ARGSORT,0,19,1,958,"ffn_moe_argsort-27","ffn_moe_probs-27",""
748,102,ADD,0,1,1,1700,"ffn_moe_out-27","node_4613","ffn_moe_weighted-27 (view)"
748,106,MUL_MAT,0,28,6,1808,"ffn_shexp-27","blk.27.ffn_down_shexp.weight","ffn_swiglu-27"
748,109,MUL,0,1,1,1816,"ffn_shexp_gated-27","ffn_shexp-27","shared_expert_gate_sigmoid-27"
748,110,ADD,0,1,0,1817,"ffn_out-27","ffn_moe_out-27","ffn_shexp_gated-27"
748,113,MUL_MAT,0,5,3,1829,"hc_inject-27","blk.27.hc_ffn_inject.weight","hc_norm-27"
748,119,ADD,0,2,1,1849,"l_last-27","hc_combine-27","node_4630"
748,122,MUL,0,6,0,1859,"hc_norm-28"," (reshaped)","blk.28.hc_attn_norm.weight"
748,127,UNARY,0,41,1,2053,"hc_gate-28","node_4638",""
748,138,SCALE,0,0,1,2068,"hc_mixed-28","node_4649",""
748,184,RMS_NORM,0,1,2,3196,"norm-28","attn_output-28",""
749,5,MUL_MAT,0,268,78,687,"linear_attn_out-28","blk.28.ssm_out.weight","final_output-28"
749,9,MUL_MAT,0,7,4,710,"hc_inject-28","blk.28.hc_attn_inject.weight","hc_norm-28"
749,15,ADD,0,1,2,723,"hc_combine-28","l_last-27","node_4712"
749,18,MUL,0,6,0,732,"hc_norm-28"," (reshaped)","blk.28.hc_ffn_norm.weight"
749,23,UNARY,0,31,0,995,"hc_gate-28","node_4720",""
749,34,SCALE,0,0,1,1013,"ffn_moe_inp-28","node_4731",""
749,38,ARGSORT,0,30,0,1173,"ffn_moe_argsort-28","ffn_moe_probs-28",""
749,70,ADD,0,1,1,1912,"ffn_moe_out-28","node_4767","ffn_moe_weighted-28 (view)"
749,74,MUL_MAT,0,31,6,2041,"ffn_shexp-28","blk.28.ffn_down_shexp.weight","ffn_swiglu-28"
749,77,MUL,0,2,0,2162,"ffn_shexp_gated-28","ffn_shexp-28","shared_expert_gate_sigmoid-28"
749,78,ADD,0,1,0,2164,"ffn_out-28","ffn_moe_out-28","ffn_shexp_gated-28"
749,81,MUL_MAT,0,6,3,2176,"hc_inject-28","blk.28.hc_ffn_inject.weight","hc_norm-28"
749,87,ADD,0,1,1,2188,"l_last-28","hc_combine-28","node_4784"
749,90,MUL,0,7,0,2199,"hc_norm-29"," (reshaped)","blk.29.hc_attn_norm.weight"
749,95,UNARY,0,31,0,2395,"hc_gate-29","node_4792",""
749,106,SCALE,0,1,2,2412,"hc_mixed-29","node_4803",""
749,152,RMS_NORM,0,0,1,3495,"norm-29","attn_output-29",""
750,5,MUL_MAT,0,262,60,645,"linear_attn_out-29","blk.29.ssm_out.weight","final_output-29"
750,9,MUL_MAT,0,6,3,658,"hc_inject-29","blk.29.hc_attn_inject.weight","hc_norm-29"
750,15,ADD,0,2,0,670,"hc_combine-29","l_last-28","node_4866"
750,18,MUL,0,7,0,681,"hc_norm-29"," (reshaped)","blk.29.hc_ffn_norm.weight"
750,23,UNARY,0,36,1,883,"hc_gate-29","node_4874",""
750,34,SCALE,0,0,1,897,"ffn_moe_inp-29","node_4885",""
750,38,ARGSORT,0,19,1,1020,"ffn_moe_argsort-29","ffn_moe_probs-29",""
750,70,ADD,0,1,0,1698,"ffn_moe_out-29","node_4921","ffn_moe_weighted-29 (view)"
750,74,MUL_MAT,0,30,6,1808,"ffn_shexp-29","blk.29.ffn_down_shexp.weight","ffn_swiglu-29"
750,77,MUL,0,2,0,1816,"ffn_shexp_gated-29","ffn_shexp-29","shared_expert_gate_sigmoid-29"
750,78,ADD,0,1,1,1818,"ffn_out-29","ffn_moe_out-29","ffn_shexp_gated-29"
750,81,MUL_MAT,0,5,3,1829,"hc_inject-29","blk.29.hc_ffn_inject.weight","hc_norm-29"
750,87,ADD,0,2,0,1840,"l_last-29","hc_combine-29","node_4938"
750,90,MUL,0,6,0,1850,"hc_norm-30"," (reshaped)","blk.30.hc_attn_norm.weight"
750,95,UNARY,0,31,0,2029,"hc_gate-30","node_4946",""
750,106,SCALE,0,0,2,2058,"hc_mixed-30","node_4957",""
750,152,RMS_NORM,0,1,3,3241,"norm-30","attn_output-30",""
751,5,MUL_MAT,0,183,143,643,"linear_attn_out-30","blk.30.ssm_out.weight","final_output-30"
751,9,MUL_MAT,0,17,4,667,"hc_inject-30","blk.30.hc_attn_inject.weight","hc_norm-30"
751,15,ADD,0,1,1,680,"hc_combine-30","l_last-29","node_5020"
751,18,MUL,0,5,0,689,"hc_norm-30"," (reshaped)","blk.30.hc_ffn_norm.weight"
751,23,UNARY,0,20,1,855,"hc_gate-30","node_5028",""
751,34,SCALE,0,0,2,871,"ffn_moe_inp-30","node_5039",""
751,38,ARGSORT,0,18,0,996,"ffn_moe_argsort-30","ffn_moe_probs-30",""
751,70,ADD,0,1,1,1894,"ffn_moe_out-30","node_5075","ffn_moe_weighted-30 (view)"
751,74,MUL_MAT,0,21,20,2025,"ffn_shexp-30","blk.30.ffn_down_shexp.weight","ffn_swiglu-30"
751,77,MUL,0,2,0,2032,"ffn_shexp_gated-30","ffn_shexp-30","shared_expert_gate_sigmoid-30"
751,78,ADD,0,1,0,2034,"ffn_out-30","ffn_moe_out-30","ffn_shexp_gated-30"
751,81,MUL_MAT,0,7,4,2047,"hc_inject-30","blk.30.hc_ffn_inject.weight","hc_norm-30"
751,87,ADD,0,2,0,2067,"l_last-30","hc_combine-30","node_5092"
751,90,MUL,0,5,1,2077,"hc_norm-31"," (reshaped)","blk.31.hc_attn_norm.weight"
751,95,UNARY,0,34,0,2269,"hc_gate-31","node_5100",""
751,106,SCALE,0,0,1,2291,"hc_mixed-31","node_5111",""
751,151,RMS_NORM,0,17,0,3095,"norm-31","indexer_k_pooled-31 (reshaped)",""
752,38,MUL_MAT,0,301,2,555,"attn_output-31","blk.31.attn_output.weight","attn_gated-31"
752,41,MUL_MAT,0,9,0,568,"hc_inject-31","blk.31.hc_attn_inject.weight","hc_norm-31"
752,47,ADD,0,1,1,582,"hc_combine-31","l_last-30","node_5207"
752,50,MUL,0,8,0,593,"hc_norm-31"," (reshaped)","blk.31.hc_ffn_norm.weight"
752,55,UNARY,0,34,1,876,"hc_gate-31","node_5215",""
752,66,SCALE,0,1,2,926,"ffn_moe_inp-31","node_5226",""
752,70,ARGSORT,0,21,1,1064,"ffn_moe_argsort-31","ffn_moe_probs-31",""
752,102,ADD,0,2,0,2162,"ffn_moe_out-31","node_5262","ffn_moe_weighted-31 (view)"
752,106,MUL_MAT,0,31,12,2276,"ffn_shexp-31","blk.31.ffn_down_shexp.weight","ffn_swiglu-31"
752,109,MUL,0,3,0,2291,"ffn_shexp_gated-31","ffn_shexp-31","shared_expert_gate_sigmoid-31"
752,110,ADD,0,1,0,2293,"ffn_out-31","ffn_moe_out-31","ffn_shexp_gated-31"
752,113,MUL_MAT,0,11,0,2308,"hc_inject-31","blk.31.hc_ffn_inject.weight","hc_norm-31"
752,119,ADD,0,2,1,2324,"l_last-31","hc_combine-31","node_5279"
752,122,MUL,0,9,0,2342,"hc_norm-32"," (reshaped)","blk.32.hc_attn_norm.weight"
752,127,UNARY,0,33,0,2517,"hc_gate-32","node_5287",""
752,138,SCALE,0,0,1,2533,"hc_mixed-32","node_5298",""
752,184,RMS_NORM,0,0,1,4068,"norm-32","attn_output-32",""
753,5,MUL_MAT,0,295,20,618,"linear_attn_out-32","blk.32.ssm_out.weight","final_output-32"
753,9,MUL_MAT,0,17,0,644,"hc_inject-32","blk.32.hc_attn_inject.weight","hc_norm-32"
753,15,ADD,0,2,0,658,"hc_combine-32","l_last-31","node_5361"
753,18,MUL,0,10,0,677,"hc_norm-32"," (reshaped)","blk.32.hc_ffn_norm.weight"
753,23,UNARY,0,34,0,859,"hc_gate-32","node_5369",""
753,34,SCALE,0,0,2,876,"ffn_moe_inp-32","node_5380",""
753,38,ARGSORT,0,22,1,998,"ffn_moe_argsort-32","ffn_moe_probs-32",""
753,70,ADD,0,1,7,1665,"ffn_moe_out-32","node_5416","ffn_moe_weighted-32 (view)"
753,74,MUL_MAT,0,32,6,1783,"ffn_shexp-32","blk.32.ffn_down_shexp.weight","ffn_swiglu-32"
753,77,MUL,0,3,1,1804,"ffn_shexp_gated-32","ffn_shexp-32","shared_expert_gate_sigmoid-32"
753,78,ADD,0,1,1,1806,"ffn_out-32","ffn_moe_out-32","ffn_shexp_gated-32"
753,81,MUL_MAT,0,11,0,1825,"hc_inject-32","blk.32.hc_ffn_inject.weight","hc_norm-32"
753,87,ADD,0,1,1,1837,"l_last-32","hc_combine-32","node_5433"
753,90,MUL,0,9,1,1851,"hc_norm-33"," (reshaped)","blk.33.hc_attn_norm.weight"
753,95,UNARY,0,34,1,2034,"hc_gate-33","node_5441",""
753,106,SCALE,0,0,1,2070,"hc_mixed-33","node_5452",""
753,152,RMS_NORM,0,1,0,3430,"norm-33","attn_output-33",""
754,5,MUL_MAT,0,290,39,637,"linear_attn_out-33","blk.33.ssm_out.weight","final_output-33"
754,9,MUL_MAT,0,8,1,650,"hc_inject-33","blk.33.hc_attn_inject.weight","hc_norm-33"
754,15,ADD,0,1,1,662,"hc_combine-33","l_last-32","node_5515"
754,18,MUL,0,8,0,675,"hc_norm-33"," (reshaped)","blk.33.hc_ffn_norm.weight"
754,23,UNARY,0,51,0,875,"hc_gate-33","node_5523",""
754,34,SCALE,0,1,1,893,"ffn_moe_inp-33","node_5534",""
754,38,ARGSORT,0,22,1,1028,"ffn_moe_argsort-33","ffn_moe_probs-33",""
754,70,ADD,0,2,0,1662,"ffn_moe_out-33","node_5570","ffn_moe_weighted-33 (view)"
754,74,MUL_MAT,0,33,4,1783,"ffn_shexp-33","blk.33.ffn_down_shexp.weight","ffn_swiglu-33"
754,77,MUL,0,3,2,1804,"ffn_shexp_gated-33","ffn_shexp-33","shared_expert_gate_sigmoid-33"
754,78,ADD,0,1,0,1806,"ffn_out-33","ffn_moe_out-33","ffn_shexp_gated-33"
754,81,MUL_MAT,0,8,1,1819,"hc_inject-33","blk.33.hc_ffn_inject.weight","hc_norm-33"
754,87,ADD,0,2,1,1830,"l_last-33","hc_combine-33","node_5587"
754,90,MUL,0,20,0,1855,"hc_norm-34"," (reshaped)","blk.34.hc_attn_norm.weight"
754,95,UNARY,0,34,1,2053,"hc_gate-34","node_5595",""
754,106,SCALE,0,1,1,2072,"hc_mixed-34","node_5606",""
754,152,RMS_NORM,0,1,0,3371,"norm-34","attn_output-34",""
755,5,MUL_MAT,0,325,103,778,"linear_attn_out-34","blk.34.ssm_out.weight","final_output-34"
755,9,MUL_MAT,0,35,2,820,"hc_inject-34","blk.34.hc_attn_inject.weight","hc_norm-34"
755,15,ADD,0,3,1,834,"hc_combine-34","l_last-33","node_5669"
755,18,MUL,0,14,1,853,"hc_norm-34"," (reshaped)","blk.34.hc_ffn_norm.weight"
755,23,UNARY,0,35,0,1066,"hc_gate-34","node_5677",""
755,34,SCALE,0,0,2,1085,"ffn_moe_inp-34","node_5688",""
755,38,ARGSORT,0,38,1,1240,"ffn_moe_argsort-34","ffn_moe_probs-34",""
755,70,ADD,0,1,0,2013,"ffn_moe_out-34","node_5724","ffn_moe_weighted-34 (view)"
755,74,MUL_MAT,0,29,7,2136,"ffn_shexp-34","blk.34.ffn_down_shexp.weight","ffn_swiglu-34"
755,77,MUL,0,2,0,2143,"ffn_shexp_gated-34","ffn_shexp-34","shared_expert_gate_sigmoid-34"
755,78,ADD,0,1,0,2145,"ffn_out-34","ffn_moe_out-34","ffn_shexp_gated-34"
755,81,MUL_MAT,0,6,8,2162,"hc_inject-34","blk.34.hc_ffn_inject.weight","hc_norm-34"
755,87,ADD,0,1,1,2174,"l_last-34","hc_combine-34","node_5741"
755,90,MUL,0,6,1,2185,"hc_norm-35"," (reshaped)","blk.35.hc_attn_norm.weight"
755,95,UNARY,0,31,0,2404,"hc_gate-35","node_5749",""
755,106,SCALE,0,0,1,2420,"hc_mixed-35","node_5760",""
755,151,RMS_NORM,0,9,6,3213,"norm-35","indexer_k_pooled-35 (reshaped)",""
756,38,MUL_MAT,0,249,68,581,"attn_output-35","blk.35.attn_output.weight","attn_gated-35"
756,41,MUL_MAT,0,7,3,594,"hc_inject-35","blk.35.hc_attn_inject.weight","hc_norm-35"
756,47,ADD,0,1,1,605,"hc_combine-35","l_last-34","node_5856"
756,50,MUL,0,7,0,622,"hc_norm-35"," (reshaped)","blk.35.hc_ffn_norm.weight"
756,55,UNARY,0,31,0,799,"hc_gate-35","node_5864",""
756,66,SCALE,0,0,1,813,"ffn_moe_inp-35","node_5875",""
756,70,ARGSORT,0,20,1,937,"ffn_moe_argsort-35","ffn_moe_probs-35",""
756,102,ADD,0,2,15,1635,"ffn_moe_out-35","node_5911","ffn_moe_weighted-35 (view)"
756,106,MUL_MAT,0,29,8,1750,"ffn_shexp-35","blk.35.ffn_down_shexp.weight","ffn_swiglu-35"
756,109,MUL,0,3,0,1758,"ffn_shexp_gated-35","ffn_shexp-35","shared_expert_gate_sigmoid-35"
756,110,ADD,0,1,0,1759,"ffn_out-35","ffn_moe_out-35","ffn_shexp_gated-35"
756,113,MUL_MAT,0,7,12,1781,"hc_inject-35","blk.35.hc_ffn_inject.weight","hc_norm-35"
756,119,ADD,0,2,0,1798,"l_last-35","hc_combine-35","node_5928"
756,122,MUL,0,7,0,1809,"hc_norm-36"," (reshaped)","blk.36.hc_attn_norm.weight"
756,127,UNARY,0,30,1,2000,"hc_gate-36","node_5936",""
756,138,SCALE,0,0,2,2024,"hc_mixed-36","node_5947",""
756,184,RMS_NORM,0,1,2,3169,"norm-36","attn_output-36",""
757,5,MUL_MAT,0,271,72,677,"linear_attn_out-36","blk.36.ssm_out.weight","final_output-36"
757,9,MUL_MAT,0,7,2,690,"hc_inject-36","blk.36.hc_attn_inject.weight","hc_norm-36"
757,15,ADD,0,2,5,709,"hc_combine-36","l_last-35","node_6010"
757,18,MUL,0,6,1,720,"hc_norm-36"," (reshaped)","blk.36.hc_ffn_norm.weight"
757,23,UNARY,0,31,0,900,"hc_gate-36","node_6018",""
757,34,SCALE,0,1,1,917,"ffn_moe_inp-36","node_6029",""
757,38,ARGSORT,0,21,0,1048,"ffn_moe_argsort-36","ffn_moe_probs-36",""
757,70,ADD,0,1,0,1701,"ffn_moe_out-36","node_6065","ffn_moe_weighted-36 (view)"
757,74,MUL_MAT,0,30,5,1825,"ffn_shexp-36","blk.36.ffn_down_shexp.weight","ffn_swiglu-36"
757,77,MUL,0,2,0,1840,"ffn_shexp_gated-36","ffn_shexp-36","shared_expert_gate_sigmoid-36"
757,78,ADD,0,1,0,1842,"ffn_out-36","ffn_moe_out-36","ffn_shexp_gated-36"
757,81,MUL_MAT,0,6,2,1853,"hc_inject-36","blk.36.hc_ffn_inject.weight","hc_norm-36"
757,87,ADD,0,1,7,1871,"l_last-36","hc_combine-36","node_6082"
757,90,MUL,0,6,0,1880,"hc_norm-37"," (reshaped)","blk.37.hc_attn_norm.weight"
757,95,UNARY,0,30,1,2063,"hc_gate-37","node_6090",""
757,106,SCALE,0,0,1,2080,"hc_mixed-37","node_6101",""
757,152,RMS_NORM,0,1,18,3223,"norm-37","attn_output-37",""
758,5,MUL_MAT,0,279,52,650,"linear_attn_out-37","blk.37.ssm_out.weight","final_output-37"
758,9,MUL_MAT,0,7,1,662,"hc_inject-37","blk.37.hc_attn_inject.weight","hc_norm-37"
758,15,ADD,0,1,1,675,"hc_combine-37","l_last-36","node_6164"
758,18,MUL,0,6,0,684,"hc_norm-37"," (reshaped)","blk.37.hc_ffn_norm.weight"
758,23,UNARY,0,30,0,862,"hc_gate-37","node_6172",""
758,34,SCALE,0,0,2,878,"ffn_moe_inp-37","node_6183",""
758,38,ARGSORT,0,20,0,1003,"ffn_moe_argsort-37","ffn_moe_probs-37",""
758,70,ADD,0,2,7,1635,"ffn_moe_out-37","node_6219","ffn_moe_weighted-37 (view)"
758,74,MUL_MAT,0,34,11,1754,"ffn_shexp-37","blk.37.ffn_down_shexp.weight","ffn_swiglu-37"
758,77,MUL,0,2,1,1762,"ffn_shexp_gated-37","ffn_shexp-37","shared_expert_gate_sigmoid-37"
758,78,ADD,0,1,0,1763,"ffn_out-37","ffn_moe_out-37","ffn_shexp_gated-37"
758,81,MUL_MAT,0,5,3,1774,"hc_inject-37","blk.37.hc_ffn_inject.weight","hc_norm-37"
758,87,ADD,0,1,1,1785,"l_last-37","hc_combine-37","node_6236"
758,90,MUL,0,7,0,1796,"hc_norm-38"," (reshaped)","blk.38.hc_attn_norm.weight"
758,95,UNARY,0,30,0,1980,"hc_gate-38","node_6244",""
758,106,SCALE,0,1,1,1996,"hc_mixed-38","node_6255",""
758,152,RMS_NORM,0,0,5,3081,"norm-38","attn_output-38",""
759,5,MUL_MAT,0,183,168,703,"linear_attn_out-38","blk.38.ssm_out.weight","final_output-38"
759,9,MUL_MAT,0,8,2,715,"hc_inject-38","blk.38.hc_attn_inject.weight","hc_norm-38"
759,15,ADD,0,2,1,735,"hc_combine-38","l_last-37","node_6318"
759,18,MUL,0,5,0,744,"hc_norm-38"," (reshaped)","blk.38.hc_ffn_norm.weight"
759,23,UNARY,0,21,0,932,"hc_gate-38","node_6326",""
759,34,SCALE,0,0,9,964,"ffn_moe_inp-38","node_6337",""
759,38,ARGSORT,0,19,0,1090,"ffn_moe_argsort-38","ffn_moe_probs-38",""
759,70,ADD,0,1,1,1904,"ffn_moe_out-38","node_6373","ffn_moe_weighted-38 (view)"
759,74,MUL_MAT,0,24,13,2035,"ffn_shexp-38","blk.38.ffn_down_shexp.weight","ffn_swiglu-38"
759,77,MUL,0,2,0,2042,"ffn_shexp_gated-38","ffn_shexp-38","shared_expert_gate_sigmoid-38"
759,78,ADD,0,1,0,2044,"ffn_out-38","ffn_moe_out-38","ffn_shexp_gated-38"
759,81,MUL_MAT,0,7,2,2055,"hc_inject-38","blk.38.hc_ffn_inject.weight","hc_norm-38"
759,87,ADD,0,1,1,2066,"l_last-38","hc_combine-38","node_6390"
760,0,GET_ROWS,0,3,1,4,"model.input_embed","token_embd.weight","inp_tokens"
760,2,REPEAT,0,3,1,9,"hc_init","model.input_embed (reshaped)",""
760,5,MUL,0,7,0,21,"hc_norm-0"," (reshaped)","blk.0.hc_attn_norm.weight"
760,10,UNARY,0,27,0,206,"hc_gate-0","node_9",""
760,21,SCALE,0,1,1,221,"hc_mixed-0","node_20",""
760,69,RMS_NORM,0,0,3,1239,"norm-0","attn_output-0",""
761,5,MUL_MAT,0,243,135,757,"linear_attn_out-0","blk.0.ssm_out.weight","final_output-0"
761,9,MUL_MAT,0,8,3,776,"hc_inject-0","blk.0.hc_attn_inject.weight","hc_norm-0"
761,15,ADD,0,2,6,801,"hc_combine-0","hc_init","node_85"
761,18,MUL,0,7,1,815,"hc_norm-0"," (reshaped)","blk.0.hc_ffn_norm.weight"
761,23,UNARY,0,21,0,1010,"hc_gate-0","node_93",""
761,34,SCALE,0,0,2,1024,"ffn_moe_inp-0","node_104",""
761,38,ARGSORT,0,19,1,1214,"ffn_moe_argsort-0","ffn_moe_probs-0",""
761,70,ADD,0,2,1,1962,"ffn_moe_out-0","node_140","ffn_moe_weighted-0 (view)"
761,93,MUL_MAT,0,33,2,2857,"ffn_shexp-0","blk.0.ffn_down_shexp.weight","ffn_swiglu-0"
761,96,MUL,0,3,7,2874,"ffn_shexp_gated-0","ffn_shexp-0","shared_expert_gate_sigmoid-0"
761,97,ADD,0,2,1,2877,"ffn_out-0","ffn_moe_out-0","ffn_shexp_gated-0"
761,100,MUL_MAT,0,13,2,2895,"hc_inject-0","blk.0.hc_ffn_inject.weight","hc_norm-0"
761,106,ADD,0,2,1,2907,"l_last-0","hc_combine-0","node_176"
761,120,UNARY,0,0,2,2960,"ple_gate-1","node_190",""
761,121,MUL,0,4,0,2964,"ple_gated_value-1","node_154","ple_gate-1"
761,174,MUL,0,8,1,3577,"hc_norm-1"," (reshaped)","blk.1.hc_attn_norm.weight"
761,179,UNARY,0,35,0,3797,"hc_gate-1","node_249",""
761,190,SCALE,0,0,2,3814,"hc_mixed-1","node_260",""
761,236,RMS_NORM,0,0,10,5222,"norm-1","attn_output-1",""
762,5,MUL_MAT,0,336,6,685,"linear_attn_out-1","blk.1.ssm_out.weight","final_output-1"
762,9,MUL_MAT,0,14,0,704,"hc_inject-1","blk.1.hc_attn_inject.weight","hc_norm-1"
762,15,ADD,0,3,0,718,"hc_combine-1","node_242","node_323"
762,18,MUL,0,9,1,733,"hc_norm-1"," (reshaped)","blk.1.hc_ffn_norm.weight"
762,23,UNARY,0,35,0,926,"hc_gate-1","node_331",""
762,34,SCALE,0,0,1,968,"ffn_moe_inp-1","node_342",""
762,38,ARGSORT,0,23,0,1101,"ffn_moe_argsort-1","ffn_moe_probs-1",""
762,70,ADD,0,1,1,2299,"ffn_moe_out-1","node_378","ffn_moe_weighted-1 (view)"
762,74,MUL_MAT,0,34,4,2421,"ffn_shexp-1","blk.1.ffn_down_shexp.weight","ffn_swiglu-1"
762,77,MUL,0,3,0,2430,"ffn_shexp_gated-1","ffn_shexp-1","shared_expert_gate_sigmoid-1"
762,78,ADD,0,1,1,2433,"ffn_out-1","ffn_moe_out-1","ffn_shexp_gated-1"
762,81,MUL_MAT,0,12,0,2448,"hc_inject-1","blk.1.hc_ffn_inject.weight","hc_norm-1"
762,87,ADD,0,2,1,2473,"l_last-1","hc_combine-1","node_395"
762,90,MUL,0,10,1,2488,"hc_norm-2"," (reshaped)","blk.2.hc_attn_norm.weight"
762,95,UNARY,0,34,94,2836,"hc_gate-2","node_403",""
762,106,SCALE,0,0,1,2873,"hc_mixed-2","node_414",""
762,152,RMS_NORM,0,0,1,4342,"norm-2","attn_output-2",""
763,5,MUL_MAT,0,324,17,664,"linear_attn_out-2","blk.2.ssm_out.weight","final_output-2"
763,9,MUL_MAT,0,20,0,689,"hc_inject-2","blk.2.hc_attn_inject.weight","hc_norm-2"
763,15,ADD,0,2,1,702,"hc_combine-2","l_last-1","node_477"
763,18,MUL,0,9,0,715,"hc_norm-2"," (reshaped)","blk.2.hc_ffn_norm.weight"
763,23,UNARY,0,34,1,913,"hc_gate-2","node_485",""
763,34,SCALE,0,0,2,930,"ffn_moe_inp-2","node_496",""
763,38,ARGSORT,0,23,0,1062,"ffn_moe_argsort-2","ffn_moe_probs-2",""
763,70,ADD,0,2,0,1916,"ffn_moe_out-2","node_532","ffn_moe_weighted-2 (view)"
763,74,MUL_MAT,0,39,1,2043,"ffn_shexp-2","blk.2.ffn_down_shexp.weight","ffn_swiglu-2"
763,77,MUL,0,4,0,2062,"ffn_shexp_gated-2","ffn_shexp-2","shared_expert_gate_sigmoid-2"
763,78,ADD,0,1,0,2064,"ffn_out-2","ffn_moe_out-2","ffn_shexp_gated-2"
763,81,MUL_MAT,0,11,0,2079,"hc_inject-2","blk.2.hc_ffn_inject.weight","hc_norm-2"
763,87,ADD,0,1,1,2093,"l_last-2","hc_combine-2","node_549"
763,90,MUL,0,8,1,2106,"hc_norm-3"," (reshaped)","blk.3.hc_attn_norm.weight"
763,95,UNARY,0,34,0,2291,"hc_gate-3","node_557",""
763,106,SCALE,0,0,1,2308,"hc_mixed-3","node_568",""
763,151,RMS_NORM,0,19,0,3109,"norm-3","indexer_k_pooled-3 (reshaped)",""
764,38,MUL_MAT,0,331,1,599,"attn_output-3","blk.3.attn_output.weight","attn_gated-3"
764,41,MUL_MAT,0,12,1,617,"hc_inject-3","blk.3.hc_attn_inject.weight","hc_norm-3"
764,47,ADD,0,2,1,631,"hc_combine-3","l_last-2","node_664"
764,50,MUL,0,11,1,653,"hc_norm-3"," (reshaped)","blk.3.hc_ffn_norm.weight"
764,55,UNARY,0,33,1,842,"hc_gate-3","node_672",""
764,66,SCALE,0,0,1,858,"ffn_moe_inp-3","node_683",""
764,70,ARGSORT,0,22,0,996,"ffn_moe_argsort-3","ffn_moe_probs-3",""
764,102,ADD,0,1,1,1710,"ffn_moe_out-3","node_719","ffn_moe_weighted-3 (view)"
764,106,MUL_MAT,0,30,4,1825,"ffn_shexp-3","blk.3.ffn_down_shexp.weight","ffn_swiglu-3"
764,109,MUL,0,3,1,1835,"ffn_shexp_gated-3","ffn_shexp-3","shared_expert_gate_sigmoid-3"
764,110,ADD,0,2,0,1837,"ffn_out-3","ffn_moe_out-3","ffn_shexp_gated-3"
764,113,MUL_MAT,0,12,0,1853,"hc_inject-3","blk.3.hc_ffn_inject.weight","hc_norm-3"
764,119,ADD,0,2,0,1874,"l_last-3","hc_combine-3","node_736"
764,122,MUL,0,9,0,1887,"hc_norm-4"," (reshaped)","blk.4.hc_attn_norm.weight"
764,127,UNARY,0,34,0,2062,"hc_gate-4","node_744",""
764,138,SCALE,0,0,1,2078,"hc_mixed-4","node_755",""
764,184,RMS_NORM,0,0,2,3253,"norm-4","attn_output-4",""
765,5,MUL_MAT,0,272,73,691,"linear_attn_out-4","blk.4.ssm_out.weight","final_output-4"
765,9,MUL_MAT,0,7,2,703,"hc_inject-4","blk.4.hc_attn_inject.weight","hc_norm-4"
765,15,ADD,0,2,0,716,"hc_combine-4","l_last-3","node_818"
765,18,MUL,0,7,0,727,"hc_norm-4"," (reshaped)","blk.4.hc_ffn_norm.weight"
765,23,UNARY,0,32,0,923,"hc_gate-4","node_826",""
765,34,SCALE,0,0,1,939,"ffn_moe_inp-4","node_837",""
765,38,ARGSORT,0,21,0,1075,"ffn_moe_argsort-4","ffn_moe_probs-4",""
765,70,ADD,0,1,0,1934,"ffn_moe_out-4","node_873","ffn_moe_weighted-4 (view)"
765,74,MUL_MAT,0,33,6,2088,"ffn_shexp-4","blk.4.ffn_down_shexp.weight","ffn_swiglu-4"
765,77,MUL,0,2,0,2097,"ffn_shexp_gated-4","ffn_shexp-4","shared_expert_gate_sigmoid-4"
765,78,ADD,0,1,1,2099,"ffn_out-4","ffn_moe_out-4","ffn_shexp_gated-4"
765,81,MUL_MAT,0,8,5,2115,"hc_inject-4","blk.4.hc_ffn_inject.weight","hc_norm-4"
765,87,ADD,0,1,1,2126,"l_last-4","hc_combine-4","node_890"
765,90,MUL,0,7,1,2137,"hc_norm-5"," (reshaped)","blk.5.hc_attn_norm.weight"
765,95,UNARY,0,31,0,2336,"hc_gate-5","node_898",""
765,106,SCALE,0,0,2,2356,"hc_mixed-5","node_909",""
765,152,RMS_NORM,0,0,2,3541,"norm-5","attn_output-5",""
766,5,MUL_MAT,0,262,77,663,"linear_attn_out-5","blk.5.ssm_out.weight","final_output-5"
766,9,MUL_MAT,0,7,5,679,"hc_inject-5","blk.5.hc_attn_inject.weight","hc_norm-5"
766,15,ADD,0,2,85,781,"hc_combine-5","l_last-4","node_972"
766,18,MUL,0,6,1,794,"hc_norm-5"," (reshaped)","blk.5.hc_ffn_norm.weight"
766,23,UNARY,0,30,0,1000,"hc_gate-5","node_980",""
766,34,SCALE,0,0,2,1017,"ffn_moe_inp-5","node_991",""
766,38,ARGSORT,0,20,0,1155,"ffn_moe_argsort-5","ffn_moe_probs-5",""
766,70,ADD,0,1,0,1876,"ffn_moe_out-5","node_1027","ffn_moe_weighted-5 (view)"
766,74,MUL_MAT,0,33,7,2004,"ffn_shexp-5","blk.5.ffn_down_shexp.weight","ffn_swiglu-5"
766,77,MUL,0,2,0,2012,"ffn_shexp_gated-5","ffn_shexp-5","shared_expert_gate_sigmoid-5"
766,78,ADD,0,1,1,2014,"ffn_out-5","ffn_moe_out-5","ffn_shexp_gated-5"
766,81,MUL_MAT,0,6,6,2028,"hc_inject-5","blk.5.hc_ffn_inject.weight","hc_norm-5"
766,87,ADD,0,1,1,2041,"l_last-5","hc_combine-5","node_1044"
766,90,MUL,0,6,0,2052,"hc_norm-6"," (reshaped)","blk.6.hc_attn_norm.weight"
766,95,UNARY,0,31,0,2264,"hc_gate-6","node_1052",""
766,106,SCALE,0,1,1,2290,"hc_mixed-6","node_1063",""
766,152,RMS_NORM,0,0,1,3454,"norm-6","attn_output-6",""
767,5,MUL_MAT,0,256,80,663,"linear_attn_out-6","blk.6.ssm_out.weight","final_output-6"
767,9,MUL_MAT,0,15,2,683,"hc_inject-6","blk.6.hc_attn_inject.weight","hc_norm-6"
767,15,ADD,0,1,1,695,"hc_combine-6","l_last-5","node_1126"
767,18,MUL,0,6,1,706,"hc_norm-6"," (reshaped)","blk.6.hc_ffn_norm.weight"
767,23,UNARY,0,31,0,897,"hc_gate-6","node_1134",""
767,34,SCALE,0,0,2,914,"ffn_moe_inp-6","node_1145",""
767,38,ARGSORT,0,22,0,1051,"ffn_moe_argsort-6","ffn_moe_probs-6",""
767,70,ADD,0,2,0,1701,"ffn_moe_out-6","node_1181","ffn_moe_weighted-6 (view)"
767,74,MUL_MAT,0,29,17,1824,"ffn_shexp-6","blk.6.ffn_down_shexp.weight","ffn_swiglu-6"
767,77,MUL,0,2,0,1832,"ffn_shexp_gated-6","ffn_shexp-6","shared_expert_gate_sigmoid-6"
767,78,ADD,0,2,3,1837,"ffn_out-6","ffn_moe_out-6","ffn_shexp_gated-6"
767,81,MUL_MAT,0,5,3,1848,"hc_inject-6","blk.6.hc_ffn_inject.weight","hc_norm-6"
767,87,ADD,0,2,0,1871,"l_last-6","hc_combine-6","node_1198"
767,90,MUL,0,7,0,1882,"hc_norm-7"," (reshaped)","blk.7.hc_attn_norm.weight"
767,95,UNARY,0,31,0,2066,"hc_gate-7","node_1206",""
767,106,SCALE,0,0,2,2083,"hc_mixed-7","node_1217",""
767,151,RMS_NORM,0,9,1,2905,"norm-7","indexer_k_pooled-7 (reshaped)",""
768,38,MUL_MAT,0,257,77,600,"attn_output-7","blk.7.attn_output.weight","attn_gated-7"
768,41,MUL_MAT,0,8,3,615,"hc_inject-7","blk.7.hc_attn_inject.weight","hc_norm-7"
768,47,ADD,0,2,0,626,"hc_combine-7","l_last-6","node_1313"
768,50,MUL,0,7,1,638,"hc_norm-7"," (reshaped)","blk.7.hc_ffn_norm.weight"
768,55,UNARY,0,31,0,833,"hc_gate-7","node_1321",""
768,66,SCALE,0,0,1,848,"ffn_moe_inp-7","node_1332",""
768,70,ARGSORT,0,19,0,971,"ffn_moe_argsort-7","ffn_moe_probs-7",""
768,102,ADD,0,1,1,1611,"ffn_moe_out-7","node_1368","ffn_moe_weighted-7 (view)"
768,106,MUL_MAT,0,26,16,1725,"ffn_shexp-7","blk.7.ffn_down_shexp.weight","ffn_swiglu-7"
768,109,MUL,0,2,1,1732,"ffn_shexp_gated-7","ffn_shexp-7","shared_expert_gate_sigmoid-7"
768,110,ADD,0,1,0,1733,"ffn_out-7","ffn_moe_out-7","ffn_shexp_gated-7"
768,113,MUL_MAT,0,7,2,1750,"hc_inject-7","blk.7.hc_ffn_inject.weight","hc_norm-7"
768,119,ADD,0,2,0,1762,"l_last-7","hc_combine-7","node_1385"
768,122,MUL,0,6,0,1778,"hc_norm-8"," (reshaped)","blk.8.hc_attn_norm.weight"
768,127,UNARY,0,30,1,1963,"hc_gate-8","node_1393",""
768,138,SCALE,0,1,1,1991,"hc_mixed-8","node_1404",""
768,184,RMS_NORM,0,0,3,3011,"norm-8","attn_output-8",""
769,5,MUL_MAT,0,277,77,708,"linear_attn_out-8","blk.8.ssm_out.weight","final_output-8"
769,9,MUL_MAT,0,8,5,724,"hc_inject-8","blk.8.hc_attn_inject.weight","hc_norm-8"
769,15,ADD,0,2,2,738,"hc_combine-8","l_last-7","node_1467"
769,18,MUL,0,7,2,750,"hc_norm-8"," (reshaped)","blk.8.hc_ffn_norm.weight"
769,23,UNARY,0,45,0,962,"hc_gate-8","node_1475",""
769,34,SCALE,0,0,1,992,"ffn_moe_inp-8","node_1486",""
769,38,ARGSORT,0,20,1,1129,"ffn_moe_argsort-8","ffn_moe_probs-8",""
769,70,ADD,0,1,1,1988,"ffn_moe_out-8","node_1522","ffn_moe_weighted-8 (view)"
769,74,MUL_MAT,0,29,6,2113,"ffn_shexp-8","blk.8.ffn_down_shexp.weight","ffn_swiglu-8"
769,77,MUL,0,2,0,2121,"ffn_shexp_gated-8","ffn_shexp-8","shared_expert_gate_sigmoid-8"
769,78,ADD,0,2,0,2123,"ffn_out-8","ffn_moe_out-8","ffn_shexp_gated-8"
769,81,MUL_MAT,0,5,3,2134,"hc_inject-8","blk.8.hc_ffn_inject.weight","hc_norm-8"
769,87,ADD,0,1,1,2160,"l_last-8","hc_combine-8","node_1539"
769,90,MUL,0,6,0,2170,"hc_norm-9"," (reshaped)","blk.9.hc_attn_norm.weight"
769,95,UNARY,0,31,0,2376,"hc_gate-9","node_1547",""
769,106,SCALE,0,0,1,2392,"hc_mixed-9","node_1558",""
769,152,RMS_NORM,0,0,2,3464,"norm-9","attn_output-9",""
770,5,MUL_MAT,0,269,61,649,"linear_attn_out-9","blk.9.ssm_out.weight","final_output-9"
770,9,MUL_MAT,0,6,3,662,"hc_inject-9","blk.9.hc_attn_inject.weight","hc_norm-9"
770,15,ADD,0,1,1,681,"hc_combine-9","l_last-8","node_1621"
770,18,MUL,0,6,0,696,"hc_norm-9"," (reshaped)","blk.9.hc_ffn_norm.weight"
770,23,UNARY,0,31,1,874,"hc_gate-9","node_1629",""
770,34,SCALE,0,0,2,888,"ffn_moe_inp-9","node_1640",""
770,38,ARGSORT,0,22,0,1015,"ffn_moe_argsort-9","ffn_moe_probs-9",""
770,70,ADD,0,1,8,1762,"ffn_moe_out-9","node_1676","ffn_moe_weighted-9 (view)"
770,74,MUL_MAT,0,31,7,1883,"ffn_shexp-9","blk.9.ffn_down_shexp.weight","ffn_swiglu-9"
770,77,MUL,0,2,1,1892,"ffn_shexp_gated-9","ffn_shexp-9","shared_expert_gate_sigmoid-9"
770,78,ADD,0,1,0,1893,"ffn_out-9","ffn_moe_out-9","ffn_shexp_gated-9"
770,81,MUL_MAT,0,19,4,1919,"hc_inject-9","blk.9.hc_ffn_inject.weight","hc_norm-9"
770,87,ADD,0,1,8,1938,"l_last-9","hc_combine-9","node_1693"
770,90,MUL,0,7,0,1950,"hc_norm-10"," (reshaped)","blk.10.hc_attn_norm.weight"
770,95,UNARY,0,31,0,2151,"hc_gate-10","node_1701",""
770,106,SCALE,0,1,1,2166,"hc_mixed-10","node_1712",""
770,152,RMS_NORM,0,0,2,3237,"norm-10","attn_output-10",""
771,5,MUL_MAT,0,173,153,639,"linear_attn_out-10","blk.10.ssm_out.weight","final_output-10"
771,9,MUL_MAT,0,7,2,653,"hc_inject-10","blk.10.hc_attn_inject.weight","hc_norm-10"
771,15,ADD,0,1,2,669,"hc_combine-10","l_last-9","node_1775"
771,18,MUL,0,5,1,685,"hc_norm-10"," (reshaped)","blk.10.hc_ffn_norm.weight"
771,23,UNARY,0,21,0,855,"hc_gate-10","node_1783",""
771,34,SCALE,0,0,2,871,"ffn_moe_inp-10","node_1794",""
771,38,ARGSORT,0,18,1,997,"ffn_moe_argsort-10","ffn_moe_probs-10",""
771,70,ADD,0,1,3,1653,"ffn_moe_out-10","node_1830","ffn_moe_weighted-10 (view)"
771,74,MUL_MAT,0,19,17,1777,"ffn_shexp-10","blk.10.ffn_down_shexp.weight","ffn_swiglu-10"
771,77,MUL,0,2,0,1785,"ffn_shexp_gated-10","ffn_shexp-10","shared_expert_gate_sigmoid-10"
771,78,ADD,0,1,0,1786,"ffn_out-10","ffn_moe_out-10","ffn_shexp_gated-10"
771,81,MUL_MAT,0,10,3,1801,"hc_inject-10","blk.10.hc_ffn_inject.weight","hc_norm-10"
771,87,ADD,0,1,1,1822,"l_last-10","hc_combine-10","node_1847"
771,90,MUL,0,5,1,1832,"hc_norm-11"," (reshaped)","blk.11.hc_attn_norm.weight"
771,95,UNARY,0,21,0,2002,"hc_gate-11","node_1855",""
771,106,SCALE,0,0,1,2020,"hc_mixed-11","node_1866",""
771,151,RMS_NORM,0,6,1,2840,"norm-11","indexer_k_pooled-11 (reshaped)",""
772,38,MUL_MAT,0,165,158,604,"attn_output-11","blk.11.attn_output.weight","attn_gated-11"
772,41,MUL_MAT,0,7,6,623,"hc_inject-11","blk.11.hc_attn_inject.weight","hc_norm-11"
772,47,ADD,0,2,1,636,"hc_combine-11","l_last-10","node_1962"
772,50,MUL,0,5,0,645,"hc_norm-11"," (reshaped)","blk.11.hc_ffn_norm.weight"
772,55,UNARY,0,21,0,819,"hc_gate-11","node_1970",""
772,66,SCALE,0,0,8,848,"ffn_moe_inp-11","node_1981",""
772,70,ARGSORT,0,18,0,970,"ffn_moe_argsort-11","ffn_moe_probs-11",""
772,102,ADD,0,1,1,1625,"ffn_moe_out-11","node_2017","ffn_moe_weighted-11 (view)"
772,106,MUL_MAT,0,17,18,1739,"ffn_shexp-11","blk.11.ffn_down_shexp.weight","ffn_swiglu-11"
772,109,MUL,0,2,7,1758,"ffn_shexp_gated-11","ffn_shexp-11","shared_expert_gate_sigmoid-11"
772,110,ADD,0,1,1,1760,"ffn_out-11","ffn_moe_out-11","ffn_shexp_gated-11"
772,113,MUL_MAT,0,5,11,1778,"hc_inject-11","blk.11.hc_ffn_inject.weight","hc_norm-11"
772,119,ADD,0,1,1,1788,"l_last-11","hc_combine-11","node_2034"
772,122,MUL,0,5,0,1797,"hc_norm-12"," (reshaped)","blk.12.hc_attn_norm.weight"
772,127,UNARY,0,20,0,1971,"hc_gate-12","node_2042",""
772,138,SCALE,0,0,1,1996,"hc_mixed-12","node_2053",""
772,184,RMS_NORM,0,0,1,2975,"norm-12","attn_output-12",""
773,5,MUL_MAT,0,213,146,749,"linear_attn_out-12","blk.12.ssm_out.weight","final_output-12"
773,9,MUL_MAT,0,9,4,766,"hc_inject-12","blk.12.hc_attn_inject.weight","hc_norm-12"
773,15,ADD,0,2,1,780,"hc_combine-12","l_last-11","node_2116"
773,18,MUL,0,8,0,791,"hc_norm-12"," (reshaped)","blk.12.hc_ffn_norm.weight"
773,23,UNARY,0,24,0,1016,"hc_gate-12","node_2124",""
773,34,SCALE,0,0,1,1031,"ffn_moe_inp-12","node_2135",""
773,38,ARGSORT,0,21,1,1186,"ffn_moe_argsort-12","ffn_moe_probs-12",""
773,70,ADD,0,2,0,1923,"ffn_moe_out-12","node_2171","ffn_moe_weighted-12 (view)"
773,74,MUL_MAT,0,31,5,2111,"ffn_shexp-12","blk.12.ffn_down_shexp.weight","ffn_swiglu-12"
773,77,MUL,0,2,0,2120,"ffn_shexp_gated-12","ffn_shexp-12","shared_expert_gate_sigmoid-12"
773,78,ADD,0,2,8,2130,"ffn_out-12","ffn_moe_out-12","ffn_shexp_gated-12"
773,81,MUL_MAT,0,6,2,2142,"hc_inject-12","blk.12.hc_ffn_inject.weight","hc_norm-12"
773,87,ADD,0,2,1,2157,"l_last-12","hc_combine-12","node_2188"
773,90,MUL,0,6,0,2166,"hc_norm-13"," (reshaped)","blk.13.hc_attn_norm.weight"
773,95,UNARY,0,31,0,2346,"hc_gate-13","node_2196",""
773,106,SCALE,0,0,2,2363,"hc_mixed-13","node_2207",""
773,152,RMS_NORM,0,1,2,3406,"norm-13","attn_output-13",""
774,5,MUL_MAT,0,290,43,650,"linear_attn_out-13","blk.13.ssm_out.weight","final_output-13"
774,9,MUL_MAT,0,7,1,662,"hc_inject-13","blk.13.hc_attn_inject.weight","hc_norm-13"
774,15,ADD,0,2,1,682,"hc_combine-13","l_last-12","node_2270"
774,18,MUL,0,6,0,691,"hc_norm-13"," (reshaped)","blk.13.hc_ffn_norm.weight"
774,23,UNARY,0,31,0,872,"hc_gate-13","node_2278",""
774,34,SCALE,0,0,1,887,"ffn_moe_inp-13","node_2289",""
774,38,ARGSORT,0,21,0,1015,"ffn_moe_argsort-13","ffn_moe_probs-13",""
774,70,ADD,0,1,1,2152,"ffn_moe_out-13","node_2325","ffn_moe_weighted-13 (view)"
774,74,MUL_MAT,0,36,0,2277,"ffn_shexp-13","blk.13.ffn_down_shexp.weight","ffn_swiglu-13"
774,77,MUL,0,3,0,2288,"ffn_shexp_gated-13","ffn_shexp-13","shared_expert_gate_sigmoid-13"
774,78,ADD,0,1,1,2291,"ffn_out-13","ffn_moe_out-13","ffn_shexp_gated-13"
774,81,MUL_MAT,0,13,1,2308,"hc_inject-13","blk.13.hc_ffn_inject.weight","hc_norm-13"
774,87,ADD,0,2,0,2320,"l_last-13","hc_combine-13","node_2342"
774,90,MUL,0,14,0,2339,"hc_norm-14"," (reshaped)","blk.14.hc_attn_norm.weight"
774,95,UNARY,0,34,0,2538,"hc_gate-14","node_2350",""
774,106,SCALE,0,0,2,2556,"hc_mixed-14","node_2361",""
774,152,RMS_NORM,0,0,11,3957,"norm-14","attn_output-14",""
775,5,MUL_MAT,0,289,34,632,"linear_attn_out-14","blk.14.ssm_out.weight","final_output-14"
775,9,MUL_MAT,0,7,1,645,"hc_inject-14","blk.14.hc_attn_inject.weight","hc_norm-14"
775,15,ADD,0,1,1,658,"hc_combine-14","l_last-13","node_2424"
775,18,MUL,0,8,1,671,"hc_norm-14"," (reshaped)","blk.14.hc_ffn_norm.weight"
775,23,UNARY,0,34,1,858,"hc_gate-14","node_2432",""
775,34,SCALE,0,0,2,884,"ffn_moe_inp-14","node_2443",""
775,38,ARGSORT,0,23,1,1011,"ffn_moe_argsort-14","ffn_moe_probs-14",""
775,70,ADD,0,2,0,1644,"ffn_moe_out-14","node_2479","ffn_moe_weighted-14 (view)"
775,74,MUL_MAT,0,33,114,1866,"ffn_shexp-14","blk.14.ffn_down_shexp.weight","ffn_swiglu-14"
775,77,MUL,0,3,0,1877,"ffn_shexp_gated-14","ffn_shexp-14","shared_expert_gate_sigmoid-14"
775,78,ADD,0,1,0,1879,"ffn_out-14","ffn_moe_out-14","ffn_shexp_gated-14"
775,81,MUL_MAT,0,6,6,1894,"hc_inject-14","blk.14.hc_ffn_inject.weight","hc_norm-14"
775,87,ADD,0,2,20,1941,"l_last-14","hc_combine-14","node_2496"
775,90,MUL,0,6,1,1959,"hc_norm-15"," (reshaped)","blk.15.hc_attn_norm.weight"
775,95,UNARY,0,31,0,2149,"hc_gate-15","node_2504",""
775,106,SCALE,0,0,2,2168,"hc_mixed-15","node_2515",""
775,151,RMS_NORM,0,8,1,2963,"norm-15","indexer_k_pooled-15 (reshaped)",""
776,38,MUL_MAT,0,284,71,659,"attn_output-15","blk.15.attn_output.weight","attn_gated-15"
776,41,MUL_MAT,0,16,1,679,"hc_inject-15","blk.15.hc_attn_inject.weight","hc_norm-15"
776,47,ADD,0,2,0,690,"hc_combine-15","l_last-14","node_2611"
776,50,MUL,0,7,0,702,"hc_norm-15"," (reshaped)","blk.15.hc_ffn_norm.weight"
776,55,UNARY,0,30,0,892,"hc_gate-15","node_2619",""
776,66,SCALE,0,0,2,908,"ffn_moe_inp-15","node_2630",""
776,70,ARGSORT,0,20,0,1029,"ffn_moe_argsort-15","ffn_moe_probs-15",""
776,102,ADD,0,1,1,2071,"ffn_moe_out-15","node_2666","ffn_moe_weighted-15 (view)"
776,106,MUL_MAT,0,22,11,2175,"ffn_shexp-15","blk.15.ffn_down_shexp.weight","ffn_swiglu-15"
776,109,MUL,0,2,1,2184,"ffn_shexp_gated-15","ffn_shexp-15","shared_expert_gate_sigmoid-15"
776,110,ADD,0,1,1,2186,"ffn_out-15","ffn_moe_out-15","ffn_shexp_gated-15"
776,113,MUL_MAT,0,7,2,2197,"hc_inject-15","blk.15.hc_ffn_inject.weight","hc_norm-15"
776,119,ADD,0,2,4,2212,"l_last-15","hc_combine-15","node_2683"
776,122,MUL,0,6,1,2226,"hc_norm-16"," (reshaped)","blk.16.hc_attn_norm.weight"
776,127,UNARY,0,30,0,2402,"hc_gate-16","node_2691",""
776,138,SCALE,0,0,2,2418,"hc_mixed-16","node_2702",""
776,184,RMS_NORM,0,1,1,3607,"norm-16","attn_output-16",""
777,5,MUL_MAT,0,285,60,682,"linear_attn_out-16","blk.16.ssm_out.weight","final_output-16"
777,9,MUL_MAT,0,9,4,698,"hc_inject-16","blk.16.hc_attn_inject.weight","hc_norm-16"
777,15,ADD,0,2,1,714,"hc_combine-16","l_last-15","node_2765"
777,18,MUL,0,6,0,724,"hc_norm-16"," (reshaped)","blk.16.hc_ffn_norm.weight"
777,23,UNARY,0,31,0,919,"hc_gate-16","node_2773",""
777,34,SCALE,0,0,1,941,"ffn_moe_inp-16","node_2784",""
777,38,ARGSORT,0,21,0,1071,"ffn_moe_argsort-16","ffn_moe_probs-16",""
777,70,ADD,0,1,7,2271,"ffn_moe_out-16","node_2820","ffn_moe_weighted-16 (view)"
777,74,MUL_MAT,0,30,5,2389,"ffn_shexp-16","blk.16.ffn_down_shexp.weight","ffn_swiglu-16"
777,77,MUL,0,3,0,2468,"ffn_shexp_gated-16","ffn_shexp-16","shared_expert_gate_sigmoid-16"
777,78,ADD,0,2,8,2478,"ffn_out-16","ffn_moe_out-16","ffn_shexp_gated-16"
777,81,MUL_MAT,0,6,4,2496,"hc_inject-16","blk.16.hc_ffn_inject.weight","hc_norm-16"
777,87,ADD,0,2,0,2507,"l_last-16","hc_combine-16","node_2837"
777,90,MUL,0,5,1,2518,"hc_norm-17"," (reshaped)","blk.17.hc_attn_norm.weight"
777,95,UNARY,0,30,1,2715,"hc_gate-17","node_2845",""
777,106,SCALE,0,0,1,2730,"hc_mixed-17","node_2856",""
777,152,RMS_NORM,0,0,1,3767,"norm-17","attn_output-17",""
778,5,MUL_MAT,0,253,66,631,"linear_attn_out-17","blk.17.ssm_out.weight","final_output-17"
778,9,MUL_MAT,0,7,1,642,"hc_inject-17","blk.17.hc_attn_inject.weight","hc_norm-17"
778,15,ADD,0,2,1,662,"hc_combine-17","l_last-16","node_2919"
778,18,MUL,0,6,0,672,"hc_norm-17"," (reshaped)","blk.17.hc_ffn_norm.weight"
778,23,UNARY,0,31,0,853,"hc_gate-17","node_2927",""
778,34,SCALE,0,0,1,869,"ffn_moe_inp-17","node_2938",""
778,38,ARGSORT,0,20,0,1053,"ffn_moe_argsort-17","ffn_moe_probs-17",""
778,70,ADD,0,2,0,2096,"ffn_moe_out-17","node_2974","ffn_moe_weighted-17 (view)"
778,74,MUL_MAT,0,28,11,2219,"ffn_shexp-17","blk.17.ffn_down_shexp.weight","ffn_swiglu-17"
778,77,MUL,0,3,0,2228,"ffn_shexp_gated-17","ffn_shexp-17","shared_expert_gate_sigmoid-17"
778,78,ADD,0,1,1,2230,"ffn_out-17","ffn_moe_out-17","ffn_shexp_gated-17"
778,81,MUL_MAT,0,8,3,2244,"hc_inject-17","blk.17.hc_ffn_inject.weight","hc_norm-17"
778,87,ADD,0,2,1,2256,"l_last-17","hc_combine-17","node_2991"
778,90,MUL,0,7,0,2266,"hc_norm-18"," (reshaped)","blk.18.hc_attn_norm.weight"
778,95,UNARY,0,33,0,2458,"hc_gate-18","node_2999",""
778,106,SCALE,0,0,3,2477,"hc_mixed-18","node_3010",""
778,152,RMS_NORM,0,1,1,3570,"norm-18","attn_output-18",""
779,5,MUL_MAT,0,263,73,667,"linear_attn_out-18","blk.18.ssm_out.weight","final_output-18"
779,9,MUL_MAT,0,12,0,684,"hc_inject-18","blk.18.hc_attn_inject.weight","hc_norm-18"
779,15,ADD,0,2,1,704,"hc_combine-18","l_last-17","node_3073"
779,18,MUL,0,7,0,714,"hc_norm-18"," (reshaped)","blk.18.hc_ffn_norm.weight"
779,23,UNARY,0,31,0,894,"hc_gate-18","node_3081",""
779,34,SCALE,0,0,2,912,"ffn_moe_inp-18","node_3092",""
779,38,ARGSORT,0,19,1,1036,"ffn_moe_argsort-18","ffn_moe_probs-18",""
779,70,ADD,0,1,1,1685,"ffn_moe_out-18","node_3128","ffn_moe_weighted-18 (view)"
779,74,MUL_MAT,0,28,8,1813,"ffn_shexp-18","blk.18.ffn_down_shexp.weight","ffn_swiglu-18"
779,77,MUL,0,2,9,1829,"ffn_shexp_gated-18","ffn_shexp-18","shared_expert_gate_sigmoid-18"
779,78,ADD,0,1,1,1831,"ffn_out-18","ffn_moe_out-18","ffn_shexp_gated-18"
779,81,MUL_MAT,0,6,3,1842,"hc_inject-18","blk.18.hc_ffn_inject.weight","hc_norm-18"
779,87,ADD,0,1,1,1854,"l_last-18","hc_combine-18","node_3145"
779,90,MUL,0,7,0,1864,"hc_norm-19"," (reshaped)","blk.19.hc_attn_norm.weight"
779,95,UNARY,0,30,1,2051,"hc_gate-19","node_3153",""
779,106,SCALE,0,0,2,2086,"hc_mixed-19","node_3164",""
779,151,RMS_NORM,0,8,1,2869,"norm-19","indexer_k_pooled-19 (reshaped)",""
780,38,MUL_MAT,0,254,53,563,"attn_output-19","blk.19.attn_output.weight","attn_gated-19"
780,41,MUL_MAT,0,12,2,584,"hc_inject-19","blk.19.hc_attn_inject.weight","hc_norm-19"
780,47,ADD,0,2,1,597,"hc_combine-19","l_last-18","node_3260"
780,50,MUL,0,5,1,607,"hc_norm-19"," (reshaped)","blk.19.hc_ffn_norm.weight"
780,55,UNARY,0,31,0,780,"hc_gate-19","node_3268",""
780,66,SCALE,0,0,9,804,"ffn_moe_inp-19","node_3279",""
780,70,ARGSORT,0,19,0,924,"ffn_moe_argsort-19","ffn_moe_probs-19",""
780,102,ADD,0,2,0,1566,"ffn_moe_out-19","node_3315","ffn_moe_weighted-19 (view)"
780,106,MUL_MAT,0,28,10,1690,"ffn_shexp-19","blk.19.ffn_down_shexp.weight","ffn_swiglu-19"
780,109,MUL,0,2,0,1699,"ffn_shexp_gated-19","ffn_shexp-19","shared_expert_gate_sigmoid-19"
780,110,ADD,0,1,1,1701,"ffn_out-19","ffn_moe_out-19","ffn_shexp_gated-19"
780,113,MUL_MAT,0,6,3,1713,"hc_inject-19","blk.19.hc_ffn_inject.weight","hc_norm-19"
780,119,ADD,0,2,0,1732,"l_last-19","hc_combine-19","node_3332"
780,122,MUL,0,7,0,1743,"hc_norm-20"," (reshaped)","blk.20.hc_attn_norm.weight"
780,127,UNARY,0,30,0,1929,"hc_gate-20","node_3340",""
780,138,SCALE,0,1,1,1946,"hc_mixed-20","node_3351",""
780,184,RMS_NORM,0,0,1,2994,"norm-20","attn_output-20",""
781,5,MUL_MAT,0,260,63,634,"linear_attn_out-20","blk.20.ssm_out.weight","final_output-20"
781,9,MUL_MAT,0,7,2,646,"hc_inject-20","blk.20.hc_attn_inject.weight","hc_norm-20"
781,15,ADD,0,2,1,658,"hc_combine-20","l_last-19","node_3414"
781,18,MUL,0,6,1,669,"hc_norm-20"," (reshaped)","blk.20.hc_ffn_norm.weight"
781,23,UNARY,0,31,0,844,"hc_gate-20","node_3422",""
781,34,SCALE,0,1,1,861,"ffn_moe_inp-20","node_3433",""
781,38,ARGSORT,0,20,0,987,"ffn_moe_argsort-20","ffn_moe_probs-20",""
781,70,ADD,0,1,0,1599,"ffn_moe_out-20","node_3469","ffn_moe_weighted-20 (view)"
781,74,MUL_MAT,0,37,1,1713,"ffn_shexp-20","blk.20.ffn_down_shexp.weight","ffn_swiglu-20"
781,77,MUL,0,2,0,1729,"ffn_shexp_gated-20","ffn_shexp-20","shared_expert_gate_sigmoid-20"
781,78,ADD,0,1,0,1731,"ffn_out-20","ffn_moe_out-20","ffn_shexp_gated-20"
781,81,MUL_MAT,0,6,3,1743,"hc_inject-20","blk.20.hc_ffn_inject.weight","hc_norm-20"
781,87,ADD,0,1,1,1755,"l_last-20","hc_combine-20","node_3486"
781,90,MUL,0,6,0,1768,"hc_norm-21"," (reshaped)","blk.21.hc_attn_norm.weight"
781,95,UNARY,0,31,0,1943,"hc_gate-21","node_3494",""
781,106,SCALE,0,0,1,1966,"hc_mixed-21","node_3505",""
781,152,RMS_NORM,0,0,3,3023,"norm-21","attn_output-21",""
782,5,MUL_MAT,0,274,70,677,"linear_attn_out-21","blk.21.ssm_out.weight","final_output-21"
782,9,MUL_MAT,0,7,5,692,"hc_inject-21","blk.21.hc_attn_inject.weight","hc_norm-21"
782,15,ADD,0,1,6,709,"hc_combine-21","l_last-20","node_3568"
782,18,MUL,0,8,0,722,"hc_norm-21"," (reshaped)","blk.21.hc_ffn_norm.weight"
782,23,UNARY,0,30,0,914,"hc_gate-21","node_3576",""
782,34,SCALE,0,0,1,940,"ffn_moe_inp-21","node_3587",""
782,38,ARGSORT,0,19,1,1068,"ffn_moe_argsort-21","ffn_moe_probs-21",""
782,70,ADD,0,1,0,1868,"ffn_moe_out-21","node_3623","ffn_moe_weighted-21 (view)"
782,74,MUL_MAT,0,34,4,1990,"ffn_shexp-21","blk.21.ffn_down_shexp.weight","ffn_swiglu-21"
782,77,MUL,0,2,0,2112,"ffn_shexp_gated-21","ffn_shexp-21","shared_expert_gate_sigmoid-21"
782,78,ADD,0,1,0,2114,"ffn_out-21","ffn_moe_out-21","ffn_shexp_gated-21"
782,81,MUL_MAT,0,7,6,2129,"hc_inject-21","blk.21.hc_ffn_inject.weight","hc_norm-21"
782,87,ADD,0,1,1,2141,"l_last-21","hc_combine-21","node_3640"
782,90,MUL,0,7,0,2152,"hc_norm-22"," (reshaped)","blk.22.hc_attn_norm.weight"
782,95,UNARY,0,31,0,2416,"hc_gate-22","node_3648",""
782,106,SCALE,0,0,9,2453,"hc_mixed-22","node_3659",""
782,152,RMS_NORM,0,0,1,3462,"norm-22","attn_output-22",""
783,5,MUL_MAT,0,272,57,641,"linear_attn_out-22","blk.22.ssm_out.weight","final_output-22"
783,9,MUL_MAT,0,11,1,657,"hc_inject-22","blk.22.hc_attn_inject.weight","hc_norm-22"
783,15,ADD,0,2,0,668,"hc_combine-22","l_last-21","node_3722"
783,18,MUL,0,7,0,679,"hc_norm-22"," (reshaped)","blk.22.hc_ffn_norm.weight"
783,23,UNARY,0,31,0,859,"hc_gate-22","node_3730",""
783,34,SCALE,0,0,1,874,"ffn_moe_inp-22","node_3741",""
783,38,ARGSORT,0,22,90,1088,"ffn_moe_argsort-22","ffn_moe_probs-22",""
783,70,ADD,0,2,0,2321,"ffn_moe_out-22","node_3777","ffn_moe_weighted-22 (view)"
783,74,MUL_MAT,0,31,10,2467,"ffn_shexp-22","blk.22.ffn_down_shexp.weight","ffn_swiglu-22"
783,77,MUL,0,2,3,2478,"ffn_shexp_gated-22","ffn_shexp-22","shared_expert_gate_sigmoid-22"
783,78,ADD,0,1,2,2481,"ffn_out-22","ffn_moe_out-22","ffn_shexp_gated-22"
783,81,MUL_MAT,0,35,7,2527,"hc_inject-22","blk.22.hc_ffn_inject.weight","hc_norm-22"
783,87,ADD,0,2,10,2578,"l_last-22","hc_combine-22","node_3794"
783,90,MUL,0,8,1,2592,"hc_norm-23"," (reshaped)","blk.23.hc_attn_norm.weight"
783,95,UNARY,0,35,1,2788,"hc_gate-23","node_3802",""
783,106,SCALE,0,0,1,2815,"hc_mixed-23","node_3813",""
783,151,RMS_NORM,0,16,1,3594,"norm-23","indexer_k_pooled-23 (reshaped)",""
784,38,MUL_MAT,0,314,1,578,"attn_output-23","blk.23.attn_output.weight","attn_gated-23"
784,41,MUL_MAT,0,8,0,590,"hc_inject-23","blk.23.hc_attn_inject.weight","hc_norm-23"
784,47,ADD,0,2,1,603,"hc_combine-23","l_last-22","node_3909"
784,50,MUL,0,8,1,616,"hc_norm-23"," (reshaped)","blk.23.hc_ffn_norm.weight"
784,55,UNARY,0,33,0,792,"hc_gate-23","node_3917",""
784,66,SCALE,0,0,1,822,"ffn_moe_inp-23","node_3928",""
784,70,ARGSORT,0,21,1,947,"ffn_moe_argsort-23","ffn_moe_probs-23",""
784,102,ADD,0,2,0,2245,"ffn_moe_out-23","node_3964","ffn_moe_weighted-23 (view)"
784,106,MUL_MAT,0,33,1,2349,"ffn_shexp-23","blk.23.ffn_down_shexp.weight","ffn_swiglu-23"
784,109,MUL,0,3,0,2359,"ffn_shexp_gated-23","ffn_shexp-23","shared_expert_gate_sigmoid-23"
784,110,ADD,0,1,119,2480,"ffn_out-23","ffn_moe_out-23","ffn_shexp_gated-23"
784,113,MUL_MAT,0,18,14,2517,"hc_inject-23","blk.23.hc_ffn_inject.weight","hc_norm-23"
784,119,ADD,0,2,1,2545,"l_last-23","hc_combine-23","node_3981"
784,122,MUL,0,11,0,2561,"hc_norm-24"," (reshaped)","blk.24.hc_attn_norm.weight"
784,127,UNARY,0,34,0,2757,"hc_gate-24","node_3989",""
784,138,SCALE,0,0,1,2774,"hc_mixed-24","node_4000",""
784,184,RMS_NORM,0,1,56,4210,"norm-24","attn_output-24",""
785,5,MUL_MAT,0,303,5,610,"linear_attn_out-24","blk.24.ssm_out.weight","final_output-24"
785,9,MUL_MAT,0,8,0,623,"hc_inject-24","blk.24.hc_attn_inject.weight","hc_norm-24"
785,15,ADD,0,2,1,651,"hc_combine-24","l_last-23","node_4063"
785,18,MUL,0,9,0,664,"hc_norm-24"," (reshaped)","blk.24.hc_ffn_norm.weight"
785,23,UNARY,0,34,1,839,"hc_gate-24","node_4071",""
785,34,SCALE,0,0,2,863,"ffn_moe_inp-24","node_4082",""
785,38,ARGSORT,0,22,0,985,"ffn_moe_argsort-24","ffn_moe_probs-24",""
785,70,ADD,0,2,0,1613,"ffn_moe_out-24","node_4118","ffn_moe_weighted-24 (view)"
785,74,MUL_MAT,0,35,1,1725,"ffn_shexp-24","blk.24.ffn_down_shexp.weight","ffn_swiglu-24"
785,77,MUL,0,3,0,1734,"ffn_shexp_gated-24","ffn_shexp-24","shared_expert_gate_sigmoid-24"
785,78,ADD,0,1,0,1736,"ffn_out-24","ffn_moe_out-24","ffn_shexp_gated-24"
785,81,MUL_MAT,0,9,1,1750,"hc_inject-24","blk.24.hc_ffn_inject.weight","hc_norm-24"
785,87,ADD,0,2,0,1773,"l_last-24","hc_combine-24","node_4135"
785,90,MUL,0,8,1,1787,"hc_norm-25"," (reshaped)","blk.25.hc_attn_norm.weight"
785,95,UNARY,0,34,1,1968,"hc_gate-25","node_4143",""
785,106,SCALE,0,0,2,1986,"hc_mixed-25","node_4154",""
785,152,RMS_NORM,0,0,8,3361,"norm-25","attn_output-25",""
786,5,MUL_MAT,0,294,56,701,"linear_attn_out-25","blk.25.ssm_out.weight","final_output-25"
786,9,MUL_MAT,0,8,2,720,"hc_inject-25","blk.25.hc_attn_inject.weight","hc_norm-25"
786,15,ADD,0,2,1,733,"hc_combine-25","l_last-24","node_4217"
786,18,MUL,0,7,0,745,"hc_norm-25"," (reshaped)","blk.25.hc_ffn_norm.weight"
786,23,UNARY,0,31,0,933,"hc_gate-25","node_4225",""
786,34,SCALE,0,1,1,950,"ffn_moe_inp-25","node_4236",""
786,38,ARGSORT,0,22,0,1086,"ffn_moe_argsort-25","ffn_moe_probs-25",""
786,70,ADD,0,1,9,2211,"ffn_moe_out-25","node_4272","ffn_moe_weighted-25 (view)"
786,74,MUL_MAT,0,26,12,2330,"ffn_shexp-25","blk.25.ffn_down_shexp.weight","ffn_swiglu-25"
786,77,MUL,0,2,0,2338,"ffn_shexp_gated-25","ffn_shexp-25","shared_expert_gate_sigmoid-25"
786,78,ADD,0,1,1,2341,"ffn_out-25","ffn_moe_out-25","ffn_shexp_gated-25"
786,81,MUL_MAT,0,6,2,2351,"hc_inject-25","blk.25.hc_ffn_inject.weight","hc_norm-25"
786,87,ADD,0,13,0,2374,"l_last-25","hc_combine-25","node_4289"
786,90,MUL,0,7,0,2385,"hc_norm-26"," (reshaped)","blk.26.hc_attn_norm.weight"
786,95,UNARY,0,31,0,2576,"hc_gate-26","node_4297",""
786,106,SCALE,0,0,2,2592,"hc_mixed-26","node_4308",""
786,152,RMS_NORM,0,1,2,3635,"norm-26","attn_output-26",""
787,5,MUL_MAT,0,301,43,684,"linear_attn_out-26","blk.26.ssm_out.weight","final_output-26"
787,9,MUL_MAT,0,7,3,698,"hc_inject-26","blk.26.hc_attn_inject.weight","hc_norm-26"
787,15,ADD,0,2,1,719,"hc_combine-26","l_last-25","node_4371"
787,18,MUL,0,6,0,729,"hc_norm-26"," (reshaped)","blk.26.hc_ffn_norm.weight"
787,23,UNARY,0,31,0,928,"hc_gate-26","node_4379",""
787,34,SCALE,0,0,1,944,"ffn_moe_inp-26","node_4390",""
787,38,ARGSORT,0,21,0,1072,"ffn_moe_argsort-26","ffn_moe_probs-26",""
787,70,ADD,0,1,0,2193,"ffn_moe_out-26","node_4426","ffn_moe_weighted-26 (view)"
787,74,MUL_MAT,0,30,7,2311,"ffn_shexp-26","blk.26.ffn_down_shexp.weight","ffn_swiglu-26"
787,77,MUL,0,2,0,2325,"ffn_shexp_gated-26","ffn_shexp-26","shared_expert_gate_sigmoid-26"
787,78,ADD,0,1,1,2328,"ffn_out-26","ffn_moe_out-26","ffn_shexp_gated-26"
787,81,MUL_MAT,0,8,2,2340,"hc_inject-26","blk.26.hc_ffn_inject.weight","hc_norm-26"
787,87,ADD,0,2,1,2353,"l_last-26","hc_combine-26","node_4443"
787,90,MUL,0,7,0,2363,"hc_norm-27"," (reshaped)","blk.27.hc_attn_norm.weight"
787,95,UNARY,0,31,0,2552,"hc_gate-27","node_4451",""
787,106,SCALE,0,1,1,2569,"hc_mixed-27","node_4462",""
787,151,RMS_NORM,0,9,1,3342,"norm-27","indexer_k_pooled-27 (reshaped)",""
788,38,MUL_MAT,0,262,52,568,"attn_output-27","blk.27.attn_output.weight","attn_gated-27"
788,41,MUL_MAT,0,7,2,580,"hc_inject-27","blk.27.hc_attn_inject.weight","hc_norm-27"
788,47,ADD,0,1,1,592,"hc_combine-27","l_last-26","node_4558"
788,50,MUL,0,6,0,602,"hc_norm-27"," (reshaped)","blk.27.hc_ffn_norm.weight"
788,55,UNARY,0,30,1,781,"hc_gate-27","node_4566",""
788,66,SCALE,0,0,2,812,"ffn_moe_inp-27","node_4577",""
788,70,ARGSORT,0,20,0,929,"ffn_moe_argsort-27","ffn_moe_probs-27",""
788,102,ADD,0,2,0,1542,"ffn_moe_out-27","node_4613","ffn_moe_weighted-27 (view)"
788,106,MUL_MAT,0,28,11,1651,"ffn_shexp-27","blk.27.ffn_down_shexp.weight","ffn_swiglu-27"
788,109,MUL,0,2,0,1659,"ffn_shexp_gated-27","ffn_shexp-27","shared_expert_gate_sigmoid-27"
788,110,ADD,0,1,1,1661,"ffn_out-27","ffn_moe_out-27","ffn_shexp_gated-27"
788,113,MUL_MAT,0,7,2,1672,"hc_inject-27","blk.27.hc_ffn_inject.weight","hc_norm-27"
788,119,ADD,0,2,0,1691,"l_last-27","hc_combine-27","node_4630"
788,122,MUL,0,5,1,1701,"hc_norm-28"," (reshaped)","blk.28.hc_attn_norm.weight"
788,127,UNARY,0,41,1,1968,"hc_gate-28","node_4638",""
788,138,SCALE,0,0,1,1983,"hc_mixed-28","node_4649",""
788,184,RMS_NORM,0,0,9,3080,"norm-28","attn_output-28",""
789,5,MUL_MAT,0,284,46,654,"linear_attn_out-28","blk.28.ssm_out.weight","final_output-28"
789,9,MUL_MAT,0,7,1,666,"hc_inject-28","blk.28.hc_attn_inject.weight","hc_norm-28"
789,15,ADD,0,2,1,679,"hc_combine-28","l_last-27","node_4712"
789,18,MUL,0,5,1,689,"hc_norm-28"," (reshaped)","blk.28.hc_ffn_norm.weight"
789,23,UNARY,0,30,0,949,"hc_gate-28","node_4720",""
789,34,SCALE,0,1,1,965,"ffn_moe_inp-28","node_4731",""
789,38,ARGSORT,0,21,0,1203,"ffn_moe_argsort-28","ffn_moe_probs-28",""
789,70,ADD,0,1,0,1905,"ffn_moe_out-28","node_4767","ffn_moe_weighted-28 (view)"
789,74,MUL_MAT,0,20,17,2033,"ffn_shexp-28","blk.28.ffn_down_shexp.weight","ffn_swiglu-28"
789,77,MUL,0,2,0,2041,"ffn_shexp_gated-28","ffn_shexp-28","shared_expert_gate_sigmoid-28"
789,78,ADD,0,1,1,2043,"ffn_out-28","ffn_moe_out-28","ffn_shexp_gated-28"
789,81,MUL_MAT,0,6,2,2054,"hc_inject-28","blk.28.hc_ffn_inject.weight","hc_norm-28"
789,87,ADD,0,1,1,2067,"l_last-28","hc_combine-28","node_4784"
789,90,MUL,0,6,0,2077,"hc_norm-29"," (reshaped)","blk.29.hc_attn_norm.weight"
789,95,UNARY,0,21,0,2249,"hc_gate-29","node_4792",""
789,106,SCALE,0,0,2,2264,"hc_mixed-29","node_4803",""
789,152,RMS_NORM,0,0,8,3270,"norm-29","attn_output-29",""
790,5,MUL_MAT,0,178,143,665,"linear_attn_out-29","blk.29.ssm_out.weight","final_output-29"
790,9,MUL_MAT,0,7,3,678,"hc_inject-29","blk.29.hc_attn_inject.weight","hc_norm-29"
790,15,ADD,0,1,2,701,"hc_combine-29","l_last-28","node_4866"
790,18,MUL,0,6,0,711,"hc_norm-29"," (reshaped)","blk.29.hc_ffn_norm.weight"
790,23,UNARY,0,22,0,891,"hc_gate-29","node_4874",""
790,34,SCALE,0,0,2,912,"ffn_moe_inp-29","node_4885",""
790,38,ARGSORT,0,18,0,1034,"ffn_moe_argsort-29","ffn_moe_probs-29",""
790,70,ADD,0,1,0,1692,"ffn_moe_out-29","node_4921","ffn_moe_weighted-29 (view)"
790,74,MUL_MAT,0,19,17,1811,"ffn_shexp-29","blk.29.ffn_down_shexp.weight","ffn_swiglu-29"
790,77,MUL,0,2,0,1819,"ffn_shexp_gated-29","ffn_shexp-29","shared_expert_gate_sigmoid-29"
790,78,ADD,0,1,2,1822,"ffn_out-29","ffn_moe_out-29","ffn_shexp_gated-29"
790,81,MUL_MAT,0,6,3,1833,"hc_inject-29","blk.29.hc_ffn_inject.weight","hc_norm-29"
790,87,ADD,0,1,12,1858,"l_last-29","hc_combine-29","node_4938"
790,90,MUL,0,5,0,1867,"hc_norm-30"," (reshaped)","blk.30.hc_attn_norm.weight"
790,95,UNARY,0,21,0,2040,"hc_gate-30","node_4946",""
790,106,SCALE,0,0,2,2056,"hc_mixed-30","node_4957",""
790,152,RMS_NORM,0,1,2,3104,"norm-30","attn_output-30",""
791,5,MUL_MAT,0,266,61,652,"linear_attn_out-30","blk.30.ssm_out.weight","final_output-30"
791,9,MUL_MAT,0,14,2,675,"hc_inject-30","blk.30.hc_attn_inject.weight","hc_norm-30"
791,15,ADD,0,2,1,688,"hc_combine-30","l_last-29","node_5020"
791,18,MUL,0,5,1,697,"hc_norm-30"," (reshaped)","blk.30.hc_ffn_norm.weight"
791,23,UNARY,0,30,0,876,"hc_gate-30","node_5028",""
791,34,SCALE,0,0,2,900,"ffn_moe_inp-30","node_5039",""
791,38,ARGSORT,0,19,1,1025,"ffn_moe_argsort-30","ffn_moe_probs-30",""
791,70,ADD,0,1,0,2304,"ffn_moe_out-30","node_5075","ffn_moe_weighted-30 (view)"
791,74,MUL_MAT,0,30,5,2415,"ffn_shexp-30","blk.30.ffn_down_shexp.weight","ffn_swiglu-30"
791,77,MUL,0,1,1,2424,"ffn_shexp_gated-30","ffn_shexp-30","shared_expert_gate_sigmoid-30"
791,78,ADD,0,1,1,2426,"ffn_out-30","ffn_moe_out-30","ffn_shexp_gated-30"
791,81,MUL_MAT,0,7,2,2437,"hc_inject-30","blk.30.hc_ffn_inject.weight","hc_norm-30"
791,87,ADD,0,2,1,2451,"l_last-30","hc_combine-30","node_5092"
791,90,MUL,0,5,1,2461,"hc_norm-31"," (reshaped)","blk.31.hc_attn_norm.weight"
791,95,UNARY,0,30,0,2653,"hc_gate-31","node_5100",""
791,106,SCALE,0,0,2,2670,"hc_mixed-31","node_5111",""
791,151,RMS_NORM,0,9,0,3520,"norm-31","indexer_k_pooled-31 (reshaped)",""
792,38,MUL_MAT,0,276,47,602,"attn_output-31","blk.31.attn_output.weight","attn_gated-31"
792,41,MUL_MAT,0,8,1,614,"hc_inject-31","blk.31.hc_attn_inject.weight","hc_norm-31"
792,47,ADD,0,2,1,647,"hc_combine-31","l_last-30","node_5207"
792,50,MUL,0,6,0,656,"hc_norm-31"," (reshaped)","blk.31.hc_ffn_norm.weight"
792,55,UNARY,0,30,0,839,"hc_gate-31","node_5215",""
792,66,SCALE,0,0,1,864,"ffn_moe_inp-31","node_5226",""
792,70,ARGSORT,0,20,1,987,"ffn_moe_argsort-31","ffn_moe_probs-31",""
792,102,ADD,0,2,0,2277,"ffn_moe_out-31","node_5262","ffn_moe_weighted-31 (view)"
792,106,MUL_MAT,0,30,6,2384,"ffn_shexp-31","blk.31.ffn_down_shexp.weight","ffn_swiglu-31"
792,109,MUL,0,1,1,2392,"ffn_shexp_gated-31","ffn_shexp-31","shared_expert_gate_sigmoid-31"
792,110,ADD,0,1,0,2393,"ffn_out-31","ffn_moe_out-31","ffn_shexp_gated-31"
792,113,MUL_MAT,0,7,1,2404,"hc_inject-31","blk.31.hc_ffn_inject.weight","hc_norm-31"
792,119,ADD,0,2,0,2416,"l_last-31","hc_combine-31","node_5279"
792,122,MUL,0,6,0,2426,"hc_norm-32"," (reshaped)","blk.32.hc_attn_norm.weight"
792,127,UNARY,0,30,0,2606,"hc_gate-32","node_5287",""
792,138,SCALE,0,0,2,2638,"hc_mixed-32","node_5298",""
792,184,RMS_NORM,0,0,2,3691,"norm-32","attn_output-32",""
793,5,MUL_MAT,0,277,73,691,"linear_attn_out-32","blk.32.ssm_out.weight","final_output-32"
793,9,MUL_MAT,0,8,1,704,"hc_inject-32","blk.32.hc_attn_inject.weight","hc_norm-32"
793,15,ADD,0,2,0,715,"hc_combine-32","l_last-31","node_5361"
793,18,MUL,0,6,0,724,"hc_norm-32"," (reshaped)","blk.32.hc_ffn_norm.weight"
793,23,UNARY,0,31,0,922,"hc_gate-32","node_5369",""
793,34,SCALE,0,0,2,938,"ffn_moe_inp-32","node_5380",""
793,38,ARGSORT,0,19,0,1084,"ffn_moe_argsort-32","ffn_moe_probs-32",""
793,70,ADD,0,1,9,1798,"ffn_moe_out-32","node_5416","ffn_moe_weighted-32 (view)"
793,74,MUL_MAT,0,31,9,1925,"ffn_shexp-32","blk.32.ffn_down_shexp.weight","ffn_swiglu-32"
793,77,MUL,0,2,0,1943,"ffn_shexp_gated-32","ffn_shexp-32","shared_expert_gate_sigmoid-32"
793,78,ADD,0,1,0,1945,"ffn_out-32","ffn_moe_out-32","ffn_shexp_gated-32"
793,81,MUL_MAT,0,8,0,1956,"hc_inject-32","blk.32.hc_ffn_inject.weight","hc_norm-32"
793,87,ADD,0,2,1,1968,"l_last-32","hc_combine-32","node_5433"
793,90,MUL,0,6,0,1977,"hc_norm-33"," (reshaped)","blk.33.hc_attn_norm.weight"
793,95,UNARY,0,31,0,2219,"hc_gate-33","node_5441",""
793,106,SCALE,0,1,0,2234,"hc_mixed-33","node_5452",""
793,152,RMS_NORM,0,0,2,3382,"norm-33","attn_output-33",""
794,5,MUL_MAT,0,290,40,648,"linear_attn_out-33","blk.33.ssm_out.weight","final_output-33"
794,9,MUL_MAT,0,7,9,674,"hc_inject-33","blk.33.hc_attn_inject.weight","hc_norm-33"
794,15,ADD,0,2,3,704,"hc_combine-33","l_last-32","node_5515"
794,18,MUL,0,7,0,714,"hc_norm-33"," (reshaped)","blk.33.hc_ffn_norm.weight"
794,23,UNARY,0,30,0,891,"hc_gate-33","node_5523",""
794,34,SCALE,0,0,1,908,"ffn_moe_inp-33","node_5534",""
794,38,ARGSORT,0,20,0,1036,"ffn_moe_argsort-33","ffn_moe_probs-33",""
794,70,ADD,0,1,1,1695,"ffn_moe_out-33","node_5570","ffn_moe_weighted-33 (view)"
794,74,MUL_MAT,0,30,6,1807,"ffn_shexp-33","blk.33.ffn_down_shexp.weight","ffn_swiglu-33"
794,77,MUL,0,2,0,1815,"ffn_shexp_gated-33","ffn_shexp-33","shared_expert_gate_sigmoid-33"
794,78,ADD,0,1,1,1817,"ffn_out-33","ffn_moe_out-33","ffn_shexp_gated-33"
794,81,MUL_MAT,0,6,0,1826,"hc_inject-33","blk.33.hc_ffn_inject.weight","hc_norm-33"
794,87,ADD,0,2,1,1838,"l_last-33","hc_combine-33","node_5587"
794,90,MUL,0,6,0,1847,"hc_norm-34"," (reshaped)","blk.34.hc_attn_norm.weight"
794,95,UNARY,0,30,1,2023,"hc_gate-34","node_5595",""
794,106,SCALE,0,0,1,2036,"hc_mixed-34","node_5606",""
794,152,RMS_NORM,0,1,2,3122,"norm-34","attn_output-34",""
795,5,MUL_MAT,0,275,60,663,"linear_attn_out-34","blk.34.ssm_out.weight","final_output-34"
795,9,MUL_MAT,0,8,1,675,"hc_inject-34","blk.34.hc_attn_inject.weight","hc_norm-34"
795,15,ADD,0,2,1,688,"hc_combine-34","l_last-33","node_5669"
795,18,MUL,0,6,1,698,"hc_norm-34"," (reshaped)","blk.34.hc_ffn_norm.weight"
795,23,UNARY,0,31,0,870,"hc_gate-34","node_5677",""
795,34,SCALE,0,0,2,888,"ffn_moe_inp-34","node_5688",""
795,38,ARGSORT,0,19,1,1011,"ffn_moe_argsort-34","ffn_moe_probs-34",""
795,70,ADD,0,1,0,1642,"ffn_moe_out-34","node_5724","ffn_moe_weighted-34 (view)"
795,74,MUL_MAT,0,31,7,1754,"ffn_shexp-34","blk.34.ffn_down_shexp.weight","ffn_swiglu-34"
795,77,MUL,0,2,1,1762,"ffn_shexp_gated-34","ffn_shexp-34","shared_expert_gate_sigmoid-34"
795,78,ADD,0,1,0,1763,"ffn_out-34","ffn_moe_out-34","ffn_shexp_gated-34"
795,81,MUL_MAT,0,5,1,1772,"hc_inject-34","blk.34.hc_ffn_inject.weight","hc_norm-34"
795,87,ADD,0,1,1,1785,"l_last-34","hc_combine-34","node_5741"
795,90,MUL,0,6,0,1793,"hc_norm-35"," (reshaped)","blk.35.hc_attn_norm.weight"
795,95,UNARY,0,41,1,1985,"hc_gate-35","node_5749",""
795,106,SCALE,0,0,12,2012,"hc_mixed-35","node_5760",""
795,151,RMS_NORM,0,9,0,2762,"norm-35","indexer_k_pooled-35 (reshaped)",""
796,38,MUL_MAT,0,259,69,586,"attn_output-35","blk.35.attn_output.weight","attn_gated-35"
796,41,MUL_MAT,0,8,5,602,"hc_inject-35","blk.35.hc_attn_inject.weight","hc_norm-35"
796,47,ADD,0,1,1,613,"hc_combine-35","l_last-34","node_5856"
796,50,MUL,0,6,2,624,"hc_norm-35"," (reshaped)","blk.35.hc_ffn_norm.weight"
796,55,UNARY,0,30,0,807,"hc_gate-35","node_5864",""
796,66,SCALE,0,0,9,830,"ffn_moe_inp-35","node_5875",""
796,70,ARGSORT,0,19,1,962,"ffn_moe_argsort-35","ffn_moe_probs-35",""
796,102,ADD,0,1,0,1675,"ffn_moe_out-35","node_5911","ffn_moe_weighted-35 (view)"
796,106,MUL_MAT,0,28,7,1793,"ffn_shexp-35","blk.35.ffn_down_shexp.weight","ffn_swiglu-35"
796,109,MUL,0,2,28,1828,"ffn_shexp_gated-35","ffn_shexp-35","shared_expert_gate_sigmoid-35"
796,110,ADD,0,1,9,1838,"ffn_out-35","ffn_moe_out-35","ffn_shexp_gated-35"
796,113,MUL_MAT,0,7,1,1853,"hc_inject-35","blk.35.hc_ffn_inject.weight","hc_norm-35"
796,119,ADD,0,1,1,1896,"l_last-35","hc_combine-35","node_5928"
796,122,MUL,0,7,0,1906,"hc_norm-36"," (reshaped)","blk.36.hc_attn_norm.weight"
796,127,UNARY,0,30,1,2082,"hc_gate-36","node_5936",""
796,138,SCALE,0,0,10,2213,"hc_mixed-36","node_5947",""
796,184,RMS_NORM,0,0,2,3211,"norm-36","attn_output-36",""
797,5,MUL_MAT,0,246,153,718,"linear_attn_out-36","blk.36.ssm_out.weight","final_output-36"
797,9,MUL_MAT,0,9,2,742,"hc_inject-36","blk.36.hc_attn_inject.weight","hc_norm-36"
797,15,ADD,0,2,1,763,"hc_combine-36","l_last-35","node_6010"
797,18,MUL,0,12,1,780,"hc_norm-36"," (reshaped)","blk.36.hc_ffn_norm.weight"
797,23,UNARY,0,34,0,1012,"hc_gate-36","node_6018",""
797,34,SCALE,0,1,1,1032,"ffn_moe_inp-36","node_6029",""
797,38,ARGSORT,0,23,0,1171,"ffn_moe_argsort-36","ffn_moe_probs-36",""
797,70,ADD,0,1,1,2028,"ffn_moe_out-36","node_6065","ffn_moe_weighted-36 (view)"
797,74,MUL_MAT,0,42,3,2164,"ffn_shexp-36","blk.36.ffn_down_shexp.weight","ffn_swiglu-36"
797,77,MUL,0,3,7,2190,"ffn_shexp_gated-36","ffn_shexp-36","shared_expert_gate_sigmoid-36"
797,78,ADD,0,1,9,2201,"ffn_out-36","ffn_moe_out-36","ffn_shexp_gated-36"
797,81,MUL_MAT,0,14,0,2219,"hc_inject-36","blk.36.hc_ffn_inject.weight","hc_norm-36"
797,87,ADD,0,1,1,2239,"l_last-36","hc_combine-36","node_6082"
797,90,MUL,0,10,0,2253,"hc_norm-37"," (reshaped)","blk.37.hc_attn_norm.weight"
797,95,UNARY,0,34,1,2502,"hc_gate-37","node_6090",""
797,106,SCALE,0,1,1,2540,"hc_mixed-37","node_6101",""
797,152,RMS_NORM,0,0,3,3759,"norm-37","attn_output-37",""
798,5,MUL_MAT,0,280,68,677,"linear_attn_out-37","blk.37.ssm_out.weight","final_output-37"
798,9,MUL_MAT,0,8,2,690,"hc_inject-37","blk.37.hc_attn_inject.weight","hc_norm-37"
798,15,ADD,0,2,1,703,"hc_combine-37","l_last-36","node_6164"
798,18,MUL,0,6,0,713,"hc_norm-37"," (reshaped)","blk.37.hc_ffn_norm.weight"
798,23,UNARY,0,31,0,905,"hc_gate-37","node_6172",""
798,34,SCALE,0,1,1,922,"ffn_moe_inp-37","node_6183",""
798,38,ARGSORT,0,21,0,1053,"ffn_moe_argsort-37","ffn_moe_probs-37",""
798,70,ADD,0,1,0,1722,"ffn_moe_out-37","node_6219","ffn_moe_weighted-37 (view)"
798,74,MUL_MAT,0,28,13,1843,"ffn_shexp-37","blk.37.ffn_down_shexp.weight","ffn_swiglu-37"
798,77,MUL,0,2,0,1850,"ffn_shexp_gated-37","ffn_shexp-37","shared_expert_gate_sigmoid-37"
798,78,ADD,0,1,10,1861,"ffn_out-37","ffn_moe_out-37","ffn_shexp_gated-37"
798,81,MUL_MAT,0,6,3,1873,"hc_inject-37","blk.37.hc_ffn_inject.weight","hc_norm-37"
798,87,ADD,0,2,7,1892,"l_last-37","hc_combine-37","node_6236"
798,90,MUL,0,7,0,1903,"hc_norm-38"," (reshaped)","blk.38.hc_attn_norm.weight"
798,95,UNARY,0,31,0,2091,"hc_gate-38","node_6244",""
798,106,SCALE,0,0,1,2108,"hc_mixed-38","node_6255",""
798,152,RMS_NORM,0,1,2,3196,"norm-38","attn_output-38",""
799,5,MUL_MAT,0,277,65,705,"linear_attn_out-38","blk.38.ssm_out.weight","final_output-38"
799,9,MUL_MAT,0,9,5,732,"hc_inject-38","blk.38.hc_attn_inject.weight","hc_norm-38"
799,15,ADD,0,2,1,766,"hc_combine-38","l_last-37","node_6318"
799,18,MUL,0,6,0,776,"hc_norm-38"," (reshaped)","blk.38.hc_ffn_norm.weight"
799,23,UNARY,0,30,0,967,"hc_gate-38","node_6326",""
799,34,SCALE,0,1,0,985,"ffn_moe_inp-38","node_6337",""
799,38,ARGSORT,0,22,1,1128,"ffn_moe_argsort-38","ffn_moe_probs-38",""
799,70,ADD,0,1,1,1813,"ffn_moe_out-38","node_6373","ffn_moe_weighted-38 (view)"
799,74,MUL_MAT,0,24,21,1942,"ffn_shexp-38","blk.38.ffn_down_shexp.weight","ffn_swiglu-38"
799,77,MUL,0,1,1,1954,"ffn_shexp_gated-38","ffn_shexp-38","shared_expert_gate_sigmoid-38"
799,78,ADD,0,1,0,1955,"ffn_out-38","ffn_moe_out-38","ffn_shexp_gated-38"
799,81,MUL_MAT,0,6,7,1971,"hc_inject-38","blk.38.hc_ffn_inject.weight","hc_norm-38"
799,87,ADD,0,2,1,1985,"l_last-38","hc_combine-38","node_6390"
