ggml_cuda_init: found 1 CUDA devices (Total VRAM: 16375 MiB):
  Device 0: NVIDIA GeForce RTX 4080 SUPER, compute capability 8.9, VMM: yes, VRAM: 16375 MiB
llama_model_loader: additional 2 GGUFs metadata loaded.
llama_model_loader: loaded meta data with 67 key-value pairs and 1224 tensors from E:\AI\Models\Qwen3.8-Flash-Next-UD-IQ4_XS\Qwen3.8-Flash-Next-UD-IQ4_XS-00001-of-00003.gguf (version GGUF V3 (latest))
llama_model_loader: Dumping metadata keys/values. Note: KV overrides do not apply in this output.
llama_model_loader: - kv   0:                       general.architecture str              = qwen4exp
llama_model_loader: - kv   1:                               general.type str              = model
llama_model_loader: - kv   2:                     general.sampling.top_k i32              = 20
llama_model_loader: - kv   3:                     general.sampling.top_p f32              = 0.950000
llama_model_loader: - kv   4:                      general.sampling.temp f32              = 1.000000
llama_model_loader: - kv   5:                               general.name str              = Qwen3.8 Flash Next
llama_model_loader: - kv   6:                        general.description str              = A Preview of the Qwen4 Architecture
llama_model_loader: - kv   7:                         general.size_label str              = 512x56B
llama_model_loader: - kv   8:                       qwen4exp.block_count u32              = 48
llama_model_loader: - kv   9:                    qwen4exp.context_length u32              = 262144
llama_model_loader: - kv  10:                  qwen4exp.embedding_length u32              = 2560
llama_model_loader: - kv  11:              qwen4exp.attention.head_count u32              = 24
llama_model_loader: - kv  12:           qwen4exp.attention.head_count_kv u32              = 2
llama_model_loader: - kv  13:           qwen4exp.rope.dimension_sections arr[i32,4]       = [11, 11, 10, 0]
llama_model_loader: - kv  14:                    qwen4exp.rope.freq_base f32              = 10000000.000000
llama_model_loader: - kv  15:  qwen4exp.attention.layer_norm_rms_epsilon f32              = 0.000001
llama_model_loader: - kv  16:                      qwen4exp.expert_count u32              = 512
llama_model_loader: - kv  17:                 qwen4exp.expert_used_count u32              = 10
llama_model_loader: - kv  18:              qwen4exp.attention.key_length u32              = 256
llama_model_loader: - kv  19:            qwen4exp.attention.value_length u32              = 256
llama_model_loader: - kv  20:        qwen4exp.expert_feed_forward_length u32              = 640
llama_model_loader: - kv  21: qwen4exp.expert_shared_feed_forward_length u32              = 640
llama_model_loader: - kv  22:                   qwen4exp.ssm.conv_kernel u32              = 4
llama_model_loader: - kv  23:                    qwen4exp.ssm.state_size u32              = 128
llama_model_loader: - kv  24:                   qwen4exp.ssm.group_count u32              = 16
llama_model_loader: - kv  25:                qwen4exp.ssm.time_step_rank u32              = 48
llama_model_loader: - kv  26:                    qwen4exp.ssm.inner_size u32              = 6144
llama_model_loader: - kv  27:           qwen4exp.full_attention_interval u32              = 4
llama_model_loader: - kv  28:              qwen4exp.rope.dimension_count u32              = 64
llama_model_loader: - kv  29:            qwen4exp.hyper_connection.count u32              = 4
llama_model_loader: - kv  30:         qwen4exp.hyper_connection.low_rank u32              = 320
llama_model_loader: - kv  31:      qwen4exp.attention.indexer.head_count u32              = 4
llama_model_loader: - kv  32:      qwen4exp.attention.indexer.key_length u32              = 128
llama_model_loader: - kv  33:           qwen4exp.attention.indexer.top_k u32              = 2048
llama_model_loader: - kv  34:         qwen4exp.attention.compress_ratios arr[i32,48]      = [0, 0, 0, 4, 0, 0, 0, 4, 0, 0, 0, 4, ...
llama_model_loader: - kv  35:                        qwen4exp.ple.layers arr[i32,1]       = [1]
llama_model_loader: - kv  36:                    qwen4exp.ple.ngram_size u32              = 3
llama_model_loader: - kv  37:               qwen4exp.ple.heads_per_ngram u32              = 8
llama_model_loader: - kv  38:                   qwen4exp.ple.conv_kernel u32              = 4
llama_model_loader: - kv  39:                  qwen4exp.ple.eos_token_id u32              = 248044
llama_model_loader: - kv  40:  qwen4exp.embedding_length_per_layer_input u32              = 160
llama_model_loader: - kv  41:             qwen4exp.ple.layer_multipliers arr[u64,3]       = [23703573157769, 20109073645365, 8052...
llama_model_loader: - kv  42:                  qwen4exp.ple.head_offsets arr[u64,16]      = [0, 20000003, 40000026, 60000059, 800...
llama_model_loader: - kv  43:              qwen4exp.ple.head_vocab_sizes arr[u64,16]      = [20000003, 20000023, 20000033, 200000...
llama_model_loader: - kv  44:                       tokenizer.ggml.model str              = gpt2
llama_model_loader: - kv  45:                         tokenizer.ggml.pre str              = qwen35
llama_model_loader: - kv  46:                      tokenizer.ggml.tokens arr[str,248320]  = ["!", "\"", "#", "$", "%", "&", "'", ...
llama_model_loader: - kv  47:                  tokenizer.ggml.token_type arr[i32,248320]  = [1, 1, 1, 1, 1, 1, 1, 1, 1, 1, 1, 1, ...
llama_model_loader: - kv  48:                      tokenizer.ggml.merges arr[str,247587]  = ["Ġ Ġ", "ĠĠ ĠĠ", "i n", "Ġ t",...
llama_model_loader: - kv  49:                tokenizer.ggml.eos_token_id u32              = 248046
llama_model_loader: - kv  50:            tokenizer.ggml.padding_token_id u32              = 248044
llama_model_loader: - kv  51:                tokenizer.ggml.bos_token_id u32              = 248044
llama_model_loader: - kv  52:               tokenizer.ggml.add_bos_token bool             = false
llama_model_loader: - kv  53:                    tokenizer.chat_template str              = {%- set image_count = namespace(value...
llama_model_loader: - kv  54:                qwen4exp.ple.image_token_id u32              = 248056
llama_model_loader: - kv  55:                       general.quantized_by str              = Unsloth
llama_model_loader: - kv  56:                           general.repo_url str              = https://huggingface.co/unsloth
llama_model_loader: - kv  57:                               general.tags arr[str,1]       = ["unsloth"]
llama_model_loader: - kv  58:               general.quantization_version u32              = 2
llama_model_loader: - kv  59:                          general.file_type u32              = 30
llama_model_loader: - kv  60:                      quantize.imatrix.file str              = Qwen3.8-Flash-Next-GGUF/imatrix_unslo...
llama_model_loader: - kv  61:                   quantize.imatrix.dataset str              = unsloth_calibration_Qwen3.8-Flash-Nex...
llama_model_loader: - kv  62:             quantize.imatrix.entries_count u32              = 926
llama_model_loader: - kv  63:              quantize.imatrix.chunks_count u32              = 45
llama_model_loader: - kv  64:                                   split.no u16              = 0
llama_model_loader: - kv  65:                        split.tensors.count i32              = 1224
llama_model_loader: - kv  66:                                split.count u16              = 3
llama_model_loader: - type  f32:  557 tensors
llama_model_loader: - type q8_0:  502 tensors
llama_model_loader: - type q6_K:    1 tensors
llama_model_loader: - type iq4_nl:   44 tensors
llama_model_loader: - type iq3_s:   94 tensors
llama_model_loader: - type iq4_xs:    2 tensors
llama_model_loader: - type bf16:   24 tensors
print_info: file format = GGUF V3 (latest)
print_info: file type   = IQ4_XS - 4.25 bpw
print_info: file size   = 87.24 GiB (4.24 BPW) 
llama_prepare_model_devices: using device CUDA0 (NVIDIA GeForce RTX 4080 SUPER) (0000:01:00.0) - 15061 MiB free
init_tokenizer: initializing tokenizer for type 2
load: 0 unused tokens
load: control token: 248062 '<|fim_suffix|>' is not marked as EOG
load: control token: 248072 '<tts_pad>' is not marked as EOG
load: control token: 248050 '<|box_end|>' is not marked as EOG
load: control token: 248048 '<|object_ref_end|>' is not marked as EOG
load: control token: 248055 '<|vision_pad|>' is not marked as EOG
load: control token: 248060 '<|fim_prefix|>' is not marked as EOG
load: control token: 248049 '<|box_start|>' is not marked as EOG
load: control token: 248073 '<tts_text_bos>' is not marked as EOG
load: control token: 248052 '<|quad_end|>' is not marked as EOG
load: control token: 248054 '<|vision_end|>' is not marked as EOG
load: control token: 248075 '<tts_text_bos_single>' is not marked as EOG
load: control token: 248056 '<|image_pad|>' is not marked as EOG
load: control token: 248071 '<|audio_end|>' is not marked as EOG
load: control token: 248045 '<|im_start|>' is not marked as EOG
load: control token: 248047 '<|object_ref_start|>' is not marked as EOG
load: control token: 248051 '<|quad_start|>' is not marked as EOG
load: control token: 248053 '<|vision_start|>' is not marked as EOG
load: control token: 248057 '<|video_pad|>' is not marked as EOG
load: control token: 248061 '<|fim_middle|>' is not marked as EOG
load: control token: 248070 '<|audio_start|>' is not marked as EOG
load: control token: 248074 '<tts_text_eod>' is not marked as EOG
load: control token: 248076 '<|audio_pad|>' is not marked as EOG
load: printing all EOG tokens:
load:   - 248044 ('<|endoftext|>')
load:   - 248046 ('<|im_end|>')
load:   - 248063 ('<|fim_pad|>')
load:   - 248064 ('<|repo_name|>')
load:   - 248065 ('<|file_sep|>')
load: special tokens cache size = 33
load: token to piece cache size = 1.7581 MB
print_info: arch                  = qwen4exp
print_info: vocab_only            = 0
print_info: no_alloc              = 0
print_info: n_ctx_train           = 262144
print_info: n_embd_inp            = 2560
print_info: n_embd                = 2560
print_info: n_embd_out            = 10240
print_info: n_layer               = 48
print_info: n_layer_all           = 48
print_info: n_head                = 24
print_info: n_head_kv             = 2
print_info: n_rot                 = 64
print_info: n_swa                 = 0
print_info: is_swa_any            = 0
print_info: n_embd_head_k         = 256
print_info: n_embd_head_v         = 256
print_info: n_gqa                 = 12
print_info: n_embd_k_gqa          = 512
print_info: n_embd_v_gqa          = 512
print_info: f_norm_eps            = 0.0e+00
print_info: f_norm_rms_eps        = 1.0e-06
print_info: f_clamp_kqv           = 0.0e+00
print_info: f_max_alibi_bias      = 0.0e+00
print_info: f_logit_scale         = 0.0e+00
print_info: f_attn_scale          = 0.0e+00
print_info: f_attn_value_scale    = 0.0000
print_info: n_ff                  = 0
print_info: n_expert              = 512
print_info: n_expert_used         = 10
print_info: n_expert_groups       = 0
print_info: n_group_used          = 0
print_info: causal attn           = 1
print_info: pooling type          = -1
print_info: rope type             = 40
print_info: rope scaling          = linear
print_info: freq_base_train       = 10000000.0
print_info: freq_scale_train      = 1
print_info: n_ctx_orig_yarn       = 262144
print_info: rope_yarn_log_mul     = 0.0000
print_info: rope_finetuned        = unknown
print_info: mrope sections        = [11, 11, 10, 0]
print_info: model type            = A3B
print_info: model params          = 176.94 B
print_info: general.name          = Qwen3.8 Flash Next
print_info: vocab type            = BPE
print_info: n_vocab               = 248320
print_info: n_merges              = 247587
print_info: BOS token             = 248044 '<|endoftext|>'
print_info: EOS token             = 248046 '<|im_end|>'
print_info: EOT token             = 248046 '<|im_end|>'
print_info: PAD token             = 248044 '<|endoftext|>'
print_info: LF token              = 198 'Ċ'
print_info: FIM PRE token         = 248060 '<|fim_prefix|>'
print_info: FIM SUF token         = 248062 '<|fim_suffix|>'
print_info: FIM MID token         = 248061 '<|fim_middle|>'
print_info: FIM PAD token         = 248063 '<|fim_pad|>'
print_info: FIM REP token         = 248064 '<|repo_name|>'
print_info: FIM SEP token         = 248065 '<|file_sep|>'
print_info: EOG token             = 248044 '<|endoftext|>'
print_info: EOG token             = 248046 '<|im_end|>'
print_info: EOG token             = 248063 '<|fim_pad|>'
print_info: EOG token             = 248064 '<|repo_name|>'
print_info: EOG token             = 248065 '<|file_sep|>'
print_info: max token length      = 256
load_tensors: loading model tensors, this can take a while... (load_mode = mmap)
load_tensors: layer   0 assigned to device CUDA0, is_swa = 0
load_tensors: layer   1 assigned to device CUDA0, is_swa = 0
load_tensors: layer   2 assigned to device CUDA0, is_swa = 0
load_tensors: layer   3 assigned to device CUDA0, is_swa = 0
load_tensors: layer   4 assigned to device CUDA0, is_swa = 0
load_tensors: layer   5 assigned to device CUDA0, is_swa = 0
load_tensors: layer   6 assigned to device CUDA0, is_swa = 0
load_tensors: layer   7 assigned to device CUDA0, is_swa = 0
load_tensors: layer   8 assigned to device CUDA0, is_swa = 0
load_tensors: layer   9 assigned to device CUDA0, is_swa = 0
load_tensors: layer  10 assigned to device CUDA0, is_swa = 0
load_tensors: layer  11 assigned to device CUDA0, is_swa = 0
load_tensors: layer  12 assigned to device CUDA0, is_swa = 0
load_tensors: layer  13 assigned to device CUDA0, is_swa = 0
load_tensors: layer  14 assigned to device CUDA0, is_swa = 0
load_tensors: layer  15 assigned to device CUDA0, is_swa = 0
load_tensors: layer  16 assigned to device CUDA0, is_swa = 0
load_tensors: layer  17 assigned to device CUDA0, is_swa = 0
load_tensors: layer  18 assigned to device CUDA0, is_swa = 0
load_tensors: layer  19 assigned to device CUDA0, is_swa = 0
load_tensors: layer  20 assigned to device CUDA0, is_swa = 0
load_tensors: layer  21 assigned to device CUDA0, is_swa = 0
load_tensors: layer  22 assigned to device CUDA0, is_swa = 0
load_tensors: layer  23 assigned to device CUDA0, is_swa = 0
load_tensors: layer  24 assigned to device CUDA0, is_swa = 0
load_tensors: layer  25 assigned to device CUDA0, is_swa = 0
load_tensors: layer  26 assigned to device CUDA0, is_swa = 0
load_tensors: layer  27 assigned to device CUDA0, is_swa = 0
load_tensors: layer  28 assigned to device CUDA0, is_swa = 0
load_tensors: layer  29 assigned to device CUDA0, is_swa = 0
load_tensors: layer  30 assigned to device CUDA0, is_swa = 0
load_tensors: layer  31 assigned to device CUDA0, is_swa = 0
load_tensors: layer  32 assigned to device CUDA0, is_swa = 0
load_tensors: layer  33 assigned to device CUDA0, is_swa = 0
load_tensors: layer  34 assigned to device CUDA0, is_swa = 0
load_tensors: layer  35 assigned to device CUDA0, is_swa = 0
load_tensors: layer  36 assigned to device CUDA0, is_swa = 0
load_tensors: layer  37 assigned to device CUDA0, is_swa = 0
load_tensors: layer  38 assigned to device CUDA0, is_swa = 0
load_tensors: layer  39 assigned to device CUDA0, is_swa = 0
load_tensors: layer  40 assigned to device CUDA0, is_swa = 0
load_tensors: layer  41 assigned to device CUDA0, is_swa = 0
load_tensors: layer  42 assigned to device CUDA0, is_swa = 0
load_tensors: layer  43 assigned to device CUDA0, is_swa = 0
load_tensors: layer  44 assigned to device CUDA0, is_swa = 0
load_tensors: layer  45 assigned to device CUDA0, is_swa = 0
load_tensors: layer  46 assigned to device CUDA0, is_swa = 0
load_tensors: layer  47 assigned to device CUDA0, is_swa = 0
load_tensors: layer  48 assigned to device CUDA0, is_swa = 0
create_tensor: loading tensor token_embd.weight
create_tensor: loading tensor output_hc_norm.weight
create_tensor: loading tensor output_hc_down.weight
create_tensor: loading tensor output_hc_up.weight
create_tensor: loading tensor output.weight
create_tensor: loading tensor per_layer_token_embd.weight
create_tensor: tensor per_layer_token_embd.weight (size = 27465 MiB) lazy read enabled
create_tensor: loading tensor blk.0.hc_attn_norm.weight
create_tensor: loading tensor blk.0.hc_attn_down.weight
create_tensor: loading tensor blk.0.hc_attn_up.weight
create_tensor: loading tensor blk.0.hc_attn_inject.weight
create_tensor: loading tensor blk.0.hc_ffn_norm.weight
create_tensor: loading tensor blk.0.hc_ffn_down.weight
create_tensor: loading tensor blk.0.hc_ffn_up.weight
create_tensor: loading tensor blk.0.hc_ffn_inject.weight
create_tensor: loading tensor blk.0.attn_qkv.weight
create_tensor: loading tensor blk.0.attn_gate.weight
create_tensor: loading tensor blk.0.ssm_conv1d.weight
create_tensor: loading tensor blk.0.ssm_dt.bias
create_tensor: loading tensor blk.0.ssm_a
create_tensor: loading tensor blk.0.ssm_beta.weight
create_tensor: loading tensor blk.0.ssm_alpha.weight
create_tensor: loading tensor blk.0.ssm_norm.weight
create_tensor: loading tensor blk.0.ssm_out.weight
create_tensor: loading tensor blk.0.ffn_gate_inp.weight
create_tensor: loading tensor blk.0.ffn_down_exps.weight
llama_model_loader: tensor overrides to CPU are used with mmap enabled - consider using --load-mode none for better performance
tensor blk.0.ffn_down_exps.weight (450 MiB iq4_nl) buffer type overridden to CUDA_Host
create_tensor: loading tensor blk.0.ffn_gate_up_exps.weight
create_tensor: loading tensor blk.0.ffn_gate_exps.weight
tensor blk.0.ffn_gate_exps.weight (343 MiB iq3_s) buffer type overridden to CUDA_Host
create_tensor: loading tensor blk.0.ffn_up_exps.weight
tensor blk.0.ffn_up_exps.weight (343 MiB iq3_s) buffer type overridden to CUDA_Host
create_tensor: loading tensor blk.0.ffn_gate_inp_shexp.weight
create_tensor: loading tensor blk.0.ffn_gate_shexp.weight
create_tensor: loading tensor blk.0.ffn_up_shexp.weight
create_tensor: loading tensor blk.0.ffn_down_shexp.weight
create_tensor: loading tensor blk.1.hc_attn_norm.weight
create_tensor: loading tensor blk.1.hc_attn_down.weight
create_tensor: loading tensor blk.1.hc_attn_up.weight
create_tensor: loading tensor blk.1.hc_attn_inject.weight
create_tensor: loading tensor blk.1.hc_ffn_norm.weight
create_tensor: loading tensor blk.1.hc_ffn_down.weight
create_tensor: loading tensor blk.1.hc_ffn_up.weight
create_tensor: loading tensor blk.1.hc_ffn_inject.weight
create_tensor: loading tensor blk.1.attn_qkv.weight
create_tensor: loading tensor blk.1.attn_gate.weight
create_tensor: loading tensor blk.1.ssm_conv1d.weight
create_tensor: loading tensor blk.1.ssm_dt.bias
create_tensor: loading tensor blk.1.ssm_a
create_tensor: loading tensor blk.1.ssm_beta.weight
create_tensor: loading tensor blk.1.ssm_alpha.weight
create_tensor: loading tensor blk.1.ssm_norm.weight
create_tensor: loading tensor blk.1.ssm_out.weight
create_tensor: loading tensor blk.1.ple_key.weight
create_tensor: loading tensor blk.1.ple_value.weight
create_tensor: loading tensor blk.1.ple_norm_key.weight
create_tensor: loading tensor blk.1.ple_norm_query.weight
create_tensor: loading tensor blk.1.ple_norm_conv.weight
create_tensor: loading tensor blk.1.ple_conv1d.weight
create_tensor: loading tensor blk.1.ffn_gate_inp.weight
create_tensor: loading tensor blk.1.ffn_down_exps.weight
tensor blk.1.ffn_down_exps.weight (450 MiB iq4_nl) buffer type overridden to CUDA_Host
create_tensor: loading tensor blk.1.ffn_gate_up_exps.weight
create_tensor: loading tensor blk.1.ffn_gate_exps.weight
tensor blk.1.ffn_gate_exps.weight (343 MiB iq3_s) buffer type overridden to CUDA_Host
create_tensor: loading tensor blk.1.ffn_up_exps.weight
tensor blk.1.ffn_up_exps.weight (343 MiB iq3_s) buffer type overridden to CUDA_Host
create_tensor: loading tensor blk.1.ffn_gate_inp_shexp.weight
create_tensor: loading tensor blk.1.ffn_gate_shexp.weight
create_tensor: loading tensor blk.1.ffn_up_shexp.weight
create_tensor: loading tensor blk.1.ffn_down_shexp.weight
create_tensor: loading tensor blk.2.hc_attn_norm.weight
create_tensor: loading tensor blk.2.hc_attn_down.weight
create_tensor: loading tensor blk.2.hc_attn_up.weight
create_tensor: loading tensor blk.2.hc_attn_inject.weight
create_tensor: loading tensor blk.2.hc_ffn_norm.weight
create_tensor: loading tensor blk.2.hc_ffn_down.weight
create_tensor: loading tensor blk.2.hc_ffn_up.weight
create_tensor: loading tensor blk.2.hc_ffn_inject.weight
create_tensor: loading tensor blk.2.attn_qkv.weight
create_tensor: loading tensor blk.2.attn_gate.weight
create_tensor: loading tensor blk.2.ssm_conv1d.weight
create_tensor: loading tensor blk.2.ssm_dt.bias
create_tensor: loading tensor blk.2.ssm_a
create_tensor: loading tensor blk.2.ssm_beta.weight
create_tensor: loading tensor blk.2.ssm_alpha.weight
create_tensor: loading tensor blk.2.ssm_norm.weight
create_tensor: loading tensor blk.2.ssm_out.weight
create_tensor: loading tensor blk.2.ffn_gate_inp.weight
create_tensor: loading tensor blk.2.ffn_down_exps.weight
tensor blk.2.ffn_down_exps.weight (850 MiB q8_0) buffer type overridden to CUDA_Host
create_tensor: loading tensor blk.2.ffn_gate_up_exps.weight
create_tensor: loading tensor blk.2.ffn_gate_exps.weight
tensor blk.2.ffn_gate_exps.weight (425 MiB iq4_xs) buffer type overridden to CUDA_Host
create_tensor: loading tensor blk.2.ffn_up_exps.weight
tensor blk.2.ffn_up_exps.weight (425 MiB iq4_xs) buffer type overridden to CUDA_Host
create_tensor: loading tensor blk.2.ffn_gate_inp_shexp.weight
create_tensor: loading tensor blk.2.ffn_gate_shexp.weight
create_tensor: loading tensor blk.2.ffn_up_shexp.weight
create_tensor: loading tensor blk.2.ffn_down_shexp.weight
create_tensor: loading tensor blk.3.hc_attn_norm.weight
create_tensor: loading tensor blk.3.hc_attn_down.weight
create_tensor: loading tensor blk.3.hc_attn_up.weight
create_tensor: loading tensor blk.3.hc_attn_inject.weight
create_tensor: loading tensor blk.3.hc_ffn_norm.weight
create_tensor: loading tensor blk.3.hc_ffn_down.weight
create_tensor: loading tensor blk.3.hc_ffn_up.weight
create_tensor: loading tensor blk.3.hc_ffn_inject.weight
create_tensor: loading tensor blk.3.attn_qkv.weight
create_tensor: loading tensor blk.3.attn_q.weight
create_tensor: loading tensor blk.3.attn_k.weight
create_tensor: loading tensor blk.3.attn_v.weight
create_tensor: loading tensor blk.3.attn_q.bias
create_tensor: loading tensor blk.3.attn_k.bias
create_tensor: loading tensor blk.3.attn_v.bias
create_tensor: loading tensor blk.3.attn_output.weight
create_tensor: loading tensor blk.3.attn_q_norm.weight
create_tensor: loading tensor blk.3.attn_k_norm.weight
create_tensor: loading tensor blk.3.indexer.q_proj.weight
create_tensor: loading tensor blk.3.indexer.k_proj.weight
create_tensor: loading tensor blk.3.indexer.q_norm.weight
create_tensor: loading tensor blk.3.indexer.k_norm.weight
create_tensor: loading tensor blk.3.ffn_gate_inp.weight
create_tensor: loading tensor blk.3.ffn_down_exps.weight
tensor blk.3.ffn_down_exps.weight (450 MiB iq4_nl) buffer type overridden to CUDA_Host
create_tensor: loading tensor blk.3.ffn_gate_up_exps.weight
create_tensor: loading tensor blk.3.ffn_gate_exps.weight
tensor blk.3.ffn_gate_exps.weight (343 MiB iq3_s) buffer type overridden to CUDA_Host
create_tensor: loading tensor blk.3.ffn_up_exps.weight
tensor blk.3.ffn_up_exps.weight (343 MiB iq3_s) buffer type overridden to CUDA_Host
create_tensor: loading tensor blk.3.ffn_gate_inp_shexp.weight
create_tensor: loading tensor blk.3.ffn_gate_shexp.weight
create_tensor: loading tensor blk.3.ffn_up_shexp.weight
create_tensor: loading tensor blk.3.ffn_down_shexp.weight
create_tensor: loading tensor blk.4.hc_attn_norm.weight
create_tensor: loading tensor blk.4.hc_attn_down.weight
create_tensor: loading tensor blk.4.hc_attn_up.weight
create_tensor: loading tensor blk.4.hc_attn_inject.weight
create_tensor: loading tensor blk.4.hc_ffn_norm.weight
create_tensor: loading tensor blk.4.hc_ffn_down.weight
create_tensor: loading tensor blk.4.hc_ffn_up.weight
create_tensor: loading tensor blk.4.hc_ffn_inject.weight
create_tensor: loading tensor blk.4.attn_qkv.weight
create_tensor: loading tensor blk.4.attn_gate.weight
create_tensor: loading tensor blk.4.ssm_conv1d.weight
create_tensor: loading tensor blk.4.ssm_dt.bias
create_tensor: loading tensor blk.4.ssm_a
create_tensor: loading tensor blk.4.ssm_beta.weight
create_tensor: loading tensor blk.4.ssm_alpha.weight
create_tensor: loading tensor blk.4.ssm_norm.weight
create_tensor: loading tensor blk.4.ssm_out.weight
create_tensor: loading tensor blk.4.ffn_gate_inp.weight
create_tensor: loading tensor blk.4.ffn_down_exps.weight
tensor blk.4.ffn_down_exps.weight (850 MiB q8_0) buffer type overridden to CUDA_Host
create_tensor: loading tensor blk.4.ffn_gate_up_exps.weight
create_tensor: loading tensor blk.4.ffn_gate_exps.weight
tensor blk.4.ffn_gate_exps.weight (343 MiB iq3_s) buffer type overridden to CUDA_Host
create_tensor: loading tensor blk.4.ffn_up_exps.weight
tensor blk.4.ffn_up_exps.weight (343 MiB iq3_s) buffer type overridden to CUDA_Host
create_tensor: loading tensor blk.4.ffn_gate_inp_shexp.weight
create_tensor: loading tensor blk.4.ffn_gate_shexp.weight
create_tensor: loading tensor blk.4.ffn_up_shexp.weight
create_tensor: loading tensor blk.4.ffn_down_shexp.weight
create_tensor: loading tensor blk.5.hc_attn_norm.weight
create_tensor: loading tensor blk.5.hc_attn_down.weight
create_tensor: loading tensor blk.5.hc_attn_up.weight
create_tensor: loading tensor blk.5.hc_attn_inject.weight
create_tensor: loading tensor blk.5.hc_ffn_norm.weight
create_tensor: loading tensor blk.5.hc_ffn_down.weight
create_tensor: loading tensor blk.5.hc_ffn_up.weight
create_tensor: loading tensor blk.5.hc_ffn_inject.weight
create_tensor: loading tensor blk.5.attn_qkv.weight
create_tensor: loading tensor blk.5.attn_gate.weight
create_tensor: loading tensor blk.5.ssm_conv1d.weight
create_tensor: loading tensor blk.5.ssm_dt.bias
create_tensor: loading tensor blk.5.ssm_a
create_tensor: loading tensor blk.5.ssm_beta.weight
create_tensor: loading tensor blk.5.ssm_alpha.weight
create_tensor: loading tensor blk.5.ssm_norm.weight
create_tensor: loading tensor blk.5.ssm_out.weight
create_tensor: loading tensor blk.5.ffn_gate_inp.weight
create_tensor: loading tensor blk.5.ffn_down_exps.weight
tensor blk.5.ffn_down_exps.weight (450 MiB iq4_nl) buffer type overridden to CUDA_Host
create_tensor: loading tensor blk.5.ffn_gate_up_exps.weight
create_tensor: loading tensor blk.5.ffn_gate_exps.weight
tensor blk.5.ffn_gate_exps.weight (343 MiB iq3_s) buffer type overridden to CUDA_Host
create_tensor: loading tensor blk.5.ffn_up_exps.weight
tensor blk.5.ffn_up_exps.weight (343 MiB iq3_s) buffer type overridden to CUDA_Host
create_tensor: loading tensor blk.5.ffn_gate_inp_shexp.weight
create_tensor: loading tensor blk.5.ffn_gate_shexp.weight
create_tensor: loading tensor blk.5.ffn_up_shexp.weight
create_tensor: loading tensor blk.5.ffn_down_shexp.weight
create_tensor: loading tensor blk.6.hc_attn_norm.weight
create_tensor: loading tensor blk.6.hc_attn_down.weight
create_tensor: loading tensor blk.6.hc_attn_up.weight
create_tensor: loading tensor blk.6.hc_attn_inject.weight
create_tensor: loading tensor blk.6.hc_ffn_norm.weight
create_tensor: loading tensor blk.6.hc_ffn_down.weight
create_tensor: loading tensor blk.6.hc_ffn_up.weight
create_tensor: loading tensor blk.6.hc_ffn_inject.weight
create_tensor: loading tensor blk.6.attn_qkv.weight
create_tensor: loading tensor blk.6.attn_gate.weight
create_tensor: loading tensor blk.6.ssm_conv1d.weight
create_tensor: loading tensor blk.6.ssm_dt.bias
create_tensor: loading tensor blk.6.ssm_a
create_tensor: loading tensor blk.6.ssm_beta.weight
create_tensor: loading tensor blk.6.ssm_alpha.weight
create_tensor: loading tensor blk.6.ssm_norm.weight
create_tensor: loading tensor blk.6.ssm_out.weight
create_tensor: loading tensor blk.6.ffn_gate_inp.weight
create_tensor: loading tensor blk.6.ffn_down_exps.weight
tensor blk.6.ffn_down_exps.weight (450 MiB iq4_nl) buffer type overridden to CUDA_Host
create_tensor: loading tensor blk.6.ffn_gate_up_exps.weight
create_tensor: loading tensor blk.6.ffn_gate_exps.weight
tensor blk.6.ffn_gate_exps.weight (343 MiB iq3_s) buffer type overridden to CUDA_Host
create_tensor: loading tensor blk.6.ffn_up_exps.weight
tensor blk.6.ffn_up_exps.weight (343 MiB iq3_s) buffer type overridden to CUDA_Host
create_tensor: loading tensor blk.6.ffn_gate_inp_shexp.weight
create_tensor: loading tensor blk.6.ffn_gate_shexp.weight
create_tensor: loading tensor blk.6.ffn_up_shexp.weight
create_tensor: loading tensor blk.6.ffn_down_shexp.weight
create_tensor: loading tensor blk.7.hc_attn_norm.weight
create_tensor: loading tensor blk.7.hc_attn_down.weight
create_tensor: loading tensor blk.7.hc_attn_up.weight
create_tensor: loading tensor blk.7.hc_attn_inject.weight
create_tensor: loading tensor blk.7.hc_ffn_norm.weight
create_tensor: loading tensor blk.7.hc_ffn_down.weight
create_tensor: loading tensor blk.7.hc_ffn_up.weight
create_tensor: loading tensor blk.7.hc_ffn_inject.weight
create_tensor: loading tensor blk.7.attn_qkv.weight
create_tensor: loading tensor blk.7.attn_q.weight
create_tensor: loading tensor blk.7.attn_k.weight
create_tensor: loading tensor blk.7.attn_v.weight
create_tensor: loading tensor blk.7.attn_q.bias
create_tensor: loading tensor blk.7.attn_k.bias
create_tensor: loading tensor blk.7.attn_v.bias
create_tensor: loading tensor blk.7.attn_output.weight
create_tensor: loading tensor blk.7.attn_q_norm.weight
create_tensor: loading tensor blk.7.attn_k_norm.weight
create_tensor: loading tensor blk.7.indexer.q_proj.weight
create_tensor: loading tensor blk.7.indexer.k_proj.weight
create_tensor: loading tensor blk.7.indexer.q_norm.weight
create_tensor: loading tensor blk.7.indexer.k_norm.weight
create_tensor: loading tensor blk.7.ffn_gate_inp.weight
create_tensor: loading tensor blk.7.ffn_down_exps.weight
tensor blk.7.ffn_down_exps.weight (450 MiB iq4_nl) buffer type overridden to CUDA_Host
create_tensor: loading tensor blk.7.ffn_gate_up_exps.weight
create_tensor: loading tensor blk.7.ffn_gate_exps.weight
tensor blk.7.ffn_gate_exps.weight (343 MiB iq3_s) buffer type overridden to CUDA_Host
create_tensor: loading tensor blk.7.ffn_up_exps.weight
tensor blk.7.ffn_up_exps.weight (343 MiB iq3_s) buffer type overridden to CUDA_Host
create_tensor: loading tensor blk.7.ffn_gate_inp_shexp.weight
create_tensor: loading tensor blk.7.ffn_gate_shexp.weight
create_tensor: loading tensor blk.7.ffn_up_shexp.weight
create_tensor: loading tensor blk.7.ffn_down_shexp.weight
create_tensor: loading tensor blk.8.hc_attn_norm.weight
create_tensor: loading tensor blk.8.hc_attn_down.weight
create_tensor: loading tensor blk.8.hc_attn_up.weight
create_tensor: loading tensor blk.8.hc_attn_inject.weight
create_tensor: loading tensor blk.8.hc_ffn_norm.weight
create_tensor: loading tensor blk.8.hc_ffn_down.weight
create_tensor: loading tensor blk.8.hc_ffn_up.weight
create_tensor: loading tensor blk.8.hc_ffn_inject.weight
create_tensor: loading tensor blk.8.attn_qkv.weight
create_tensor: loading tensor blk.8.attn_gate.weight
create_tensor: loading tensor blk.8.ssm_conv1d.weight
create_tensor: loading tensor blk.8.ssm_dt.bias
create_tensor: loading tensor blk.8.ssm_a
create_tensor: loading tensor blk.8.ssm_beta.weight
create_tensor: loading tensor blk.8.ssm_alpha.weight
create_tensor: loading tensor blk.8.ssm_norm.weight
create_tensor: loading tensor blk.8.ssm_out.weight
create_tensor: loading tensor blk.8.ffn_gate_inp.weight
create_tensor: loading tensor blk.8.ffn_down_exps.weight
tensor blk.8.ffn_down_exps.weight (450 MiB iq4_nl) buffer type overridden to CUDA_Host
create_tensor: loading tensor blk.8.ffn_gate_up_exps.weight
create_tensor: loading tensor blk.8.ffn_gate_exps.weight
tensor blk.8.ffn_gate_exps.weight (343 MiB iq3_s) buffer type overridden to CUDA_Host
create_tensor: loading tensor blk.8.ffn_up_exps.weight
tensor blk.8.ffn_up_exps.weight (343 MiB iq3_s) buffer type overridden to CUDA_Host
create_tensor: loading tensor blk.8.ffn_gate_inp_shexp.weight
create_tensor: loading tensor blk.8.ffn_gate_shexp.weight
create_tensor: loading tensor blk.8.ffn_up_shexp.weight
create_tensor: loading tensor blk.8.ffn_down_shexp.weight
create_tensor: loading tensor blk.9.hc_attn_norm.weight
create_tensor: loading tensor blk.9.hc_attn_down.weight
create_tensor: loading tensor blk.9.hc_attn_up.weight
create_tensor: loading tensor blk.9.hc_attn_inject.weight
create_tensor: loading tensor blk.9.hc_ffn_norm.weight
create_tensor: loading tensor blk.9.hc_ffn_down.weight
create_tensor: loading tensor blk.9.hc_ffn_up.weight
create_tensor: loading tensor blk.9.hc_ffn_inject.weight
create_tensor: loading tensor blk.9.attn_qkv.weight
create_tensor: loading tensor blk.9.attn_gate.weight
create_tensor: loading tensor blk.9.ssm_conv1d.weight
create_tensor: loading tensor blk.9.ssm_dt.bias
create_tensor: loading tensor blk.9.ssm_a
create_tensor: loading tensor blk.9.ssm_beta.weight
create_tensor: loading tensor blk.9.ssm_alpha.weight
create_tensor: loading tensor blk.9.ssm_norm.weight
create_tensor: loading tensor blk.9.ssm_out.weight
create_tensor: loading tensor blk.9.ffn_gate_inp.weight
create_tensor: loading tensor blk.9.ffn_down_exps.weight
tensor blk.9.ffn_down_exps.weight (450 MiB iq4_nl) buffer type overridden to CUDA_Host
create_tensor: loading tensor blk.9.ffn_gate_up_exps.weight
create_tensor: loading tensor blk.9.ffn_gate_exps.weight
tensor blk.9.ffn_gate_exps.weight (343 MiB iq3_s) buffer type overridden to CUDA_Host
create_tensor: loading tensor blk.9.ffn_up_exps.weight
tensor blk.9.ffn_up_exps.weight (343 MiB iq3_s) buffer type overridden to CUDA_Host
create_tensor: loading tensor blk.9.ffn_gate_inp_shexp.weight
create_tensor: loading tensor blk.9.ffn_gate_shexp.weight
create_tensor: loading tensor blk.9.ffn_up_shexp.weight
create_tensor: loading tensor blk.9.ffn_down_shexp.weight
create_tensor: loading tensor blk.10.hc_attn_norm.weight
create_tensor: loading tensor blk.10.hc_attn_down.weight
create_tensor: loading tensor blk.10.hc_attn_up.weight
create_tensor: loading tensor blk.10.hc_attn_inject.weight
create_tensor: loading tensor blk.10.hc_ffn_norm.weight
create_tensor: loading tensor blk.10.hc_ffn_down.weight
create_tensor: loading tensor blk.10.hc_ffn_up.weight
create_tensor: loading tensor blk.10.hc_ffn_inject.weight
create_tensor: loading tensor blk.10.attn_qkv.weight
create_tensor: loading tensor blk.10.attn_gate.weight
create_tensor: loading tensor blk.10.ssm_conv1d.weight
create_tensor: loading tensor blk.10.ssm_dt.bias
create_tensor: loading tensor blk.10.ssm_a
create_tensor: loading tensor blk.10.ssm_beta.weight
create_tensor: loading tensor blk.10.ssm_alpha.weight
create_tensor: loading tensor blk.10.ssm_norm.weight
create_tensor: loading tensor blk.10.ssm_out.weight
create_tensor: loading tensor blk.10.ffn_gate_inp.weight
create_tensor: loading tensor blk.10.ffn_down_exps.weight
tensor blk.10.ffn_down_exps.weight (450 MiB iq4_nl) buffer type overridden to CUDA_Host
create_tensor: loading tensor blk.10.ffn_gate_up_exps.weight
create_tensor: loading tensor blk.10.ffn_gate_exps.weight
tensor blk.10.ffn_gate_exps.weight (343 MiB iq3_s) buffer type overridden to CUDA_Host
create_tensor: loading tensor blk.10.ffn_up_exps.weight
tensor blk.10.ffn_up_exps.weight (343 MiB iq3_s) buffer type overridden to CUDA_Host
create_tensor: loading tensor blk.10.ffn_gate_inp_shexp.weight
create_tensor: loading tensor blk.10.ffn_gate_shexp.weight
create_tensor: loading tensor blk.10.ffn_up_shexp.weight
create_tensor: loading tensor blk.10.ffn_down_shexp.weight
create_tensor: loading tensor blk.11.hc_attn_norm.weight
create_tensor: loading tensor blk.11.hc_attn_down.weight
create_tensor: loading tensor blk.11.hc_attn_up.weight
create_tensor: loading tensor blk.11.hc_attn_inject.weight
create_tensor: loading tensor blk.11.hc_ffn_norm.weight
create_tensor: loading tensor blk.11.hc_ffn_down.weight
create_tensor: loading tensor blk.11.hc_ffn_up.weight
create_tensor: loading tensor blk.11.hc_ffn_inject.weight
create_tensor: loading tensor blk.11.attn_qkv.weight
create_tensor: loading tensor blk.11.attn_q.weight
create_tensor: loading tensor blk.11.attn_k.weight
create_tensor: loading tensor blk.11.attn_v.weight
create_tensor: loading tensor blk.11.attn_q.bias
create_tensor: loading tensor blk.11.attn_k.bias
create_tensor: loading tensor blk.11.attn_v.bias
create_tensor: loading tensor blk.11.attn_output.weight
create_tensor: loading tensor blk.11.attn_q_norm.weight
create_tensor: loading tensor blk.11.attn_k_norm.weight
create_tensor: loading tensor blk.11.indexer.q_proj.weight
create_tensor: loading tensor blk.11.indexer.k_proj.weight
create_tensor: loading tensor blk.11.indexer.q_norm.weight
create_tensor: loading tensor blk.11.indexer.k_norm.weight
create_tensor: loading tensor blk.11.ffn_gate_inp.weight
create_tensor: loading tensor blk.11.ffn_down_exps.weight
tensor blk.11.ffn_down_exps.weight (450 MiB iq4_nl) buffer type overridden to CUDA_Host
create_tensor: loading tensor blk.11.ffn_gate_up_exps.weight
create_tensor: loading tensor blk.11.ffn_gate_exps.weight
tensor blk.11.ffn_gate_exps.weight (343 MiB iq3_s) buffer type overridden to CUDA_Host
create_tensor: loading tensor blk.11.ffn_up_exps.weight
tensor blk.11.ffn_up_exps.weight (343 MiB iq3_s) buffer type overridden to CUDA_Host
create_tensor: loading tensor blk.11.ffn_gate_inp_shexp.weight
create_tensor: loading tensor blk.11.ffn_gate_shexp.weight
create_tensor: loading tensor blk.11.ffn_up_shexp.weight
create_tensor: loading tensor blk.11.ffn_down_shexp.weight
create_tensor: loading tensor blk.12.hc_attn_norm.weight
create_tensor: loading tensor blk.12.hc_attn_down.weight
create_tensor: loading tensor blk.12.hc_attn_up.weight
create_tensor: loading tensor blk.12.hc_attn_inject.weight
create_tensor: loading tensor blk.12.hc_ffn_norm.weight
create_tensor: loading tensor blk.12.hc_ffn_down.weight
create_tensor: loading tensor blk.12.hc_ffn_up.weight
create_tensor: loading tensor blk.12.hc_ffn_inject.weight
create_tensor: loading tensor blk.12.attn_qkv.weight
create_tensor: loading tensor blk.12.attn_gate.weight
create_tensor: loading tensor blk.12.ssm_conv1d.weight
create_tensor: loading tensor blk.12.ssm_dt.bias
create_tensor: loading tensor blk.12.ssm_a
create_tensor: loading tensor blk.12.ssm_beta.weight
create_tensor: loading tensor blk.12.ssm_alpha.weight
create_tensor: loading tensor blk.12.ssm_norm.weight
create_tensor: loading tensor blk.12.ssm_out.weight
create_tensor: loading tensor blk.12.ffn_gate_inp.weight
create_tensor: loading tensor blk.12.ffn_down_exps.weight
tensor blk.12.ffn_down_exps.weight (450 MiB iq4_nl) buffer type overridden to CUDA_Host
create_tensor: loading tensor blk.12.ffn_gate_up_exps.weight
create_tensor: loading tensor blk.12.ffn_gate_exps.weight
tensor blk.12.ffn_gate_exps.weight (343 MiB iq3_s) buffer type overridden to CUDA_Host
create_tensor: loading tensor blk.12.ffn_up_exps.weight
tensor blk.12.ffn_up_exps.weight (343 MiB iq3_s) buffer type overridden to CUDA_Host
create_tensor: loading tensor blk.12.ffn_gate_inp_shexp.weight
create_tensor: loading tensor blk.12.ffn_gate_shexp.weight
create_tensor: loading tensor blk.12.ffn_up_shexp.weight
create_tensor: loading tensor blk.12.ffn_down_shexp.weight
create_tensor: loading tensor blk.13.hc_attn_norm.weight
create_tensor: loading tensor blk.13.hc_attn_down.weight
create_tensor: loading tensor blk.13.hc_attn_up.weight
create_tensor: loading tensor blk.13.hc_attn_inject.weight
create_tensor: loading tensor blk.13.hc_ffn_norm.weight
create_tensor: loading tensor blk.13.hc_ffn_down.weight
create_tensor: loading tensor blk.13.hc_ffn_up.weight
create_tensor: loading tensor blk.13.hc_ffn_inject.weight
create_tensor: loading tensor blk.13.attn_qkv.weight
create_tensor: loading tensor blk.13.attn_gate.weight
create_tensor: loading tensor blk.13.ssm_conv1d.weight
create_tensor: loading tensor blk.13.ssm_dt.bias
create_tensor: loading tensor blk.13.ssm_a
create_tensor: loading tensor blk.13.ssm_beta.weight
create_tensor: loading tensor blk.13.ssm_alpha.weight
create_tensor: loading tensor blk.13.ssm_norm.weight
create_tensor: loading tensor blk.13.ssm_out.weight
create_tensor: loading tensor blk.13.ffn_gate_inp.weight
create_tensor: loading tensor blk.13.ffn_down_exps.weight
tensor blk.13.ffn_down_exps.weight (450 MiB iq4_nl) buffer type overridden to CUDA_Host
create_tensor: loading tensor blk.13.ffn_gate_up_exps.weight
create_tensor: loading tensor blk.13.ffn_gate_exps.weight
tensor blk.13.ffn_gate_exps.weight (343 MiB iq3_s) buffer type overridden to CUDA_Host
create_tensor: loading tensor blk.13.ffn_up_exps.weight
tensor blk.13.ffn_up_exps.weight (343 MiB iq3_s) buffer type overridden to CUDA_Host
create_tensor: loading tensor blk.13.ffn_gate_inp_shexp.weight
create_tensor: loading tensor blk.13.ffn_gate_shexp.weight
create_tensor: loading tensor blk.13.ffn_up_shexp.weight
create_tensor: loading tensor blk.13.ffn_down_shexp.weight
create_tensor: loading tensor blk.14.hc_attn_norm.weight
create_tensor: loading tensor blk.14.hc_attn_down.weight
create_tensor: loading tensor blk.14.hc_attn_up.weight
create_tensor: loading tensor blk.14.hc_attn_inject.weight
create_tensor: loading tensor blk.14.hc_ffn_norm.weight
create_tensor: loading tensor blk.14.hc_ffn_down.weight
create_tensor: loading tensor blk.14.hc_ffn_up.weight
create_tensor: loading tensor blk.14.hc_ffn_inject.weight
create_tensor: loading tensor blk.14.attn_qkv.weight
create_tensor: loading tensor blk.14.attn_gate.weight
create_tensor: loading tensor blk.14.ssm_conv1d.weight
create_tensor: loading tensor blk.14.ssm_dt.bias
create_tensor: loading tensor blk.14.ssm_a
create_tensor: loading tensor blk.14.ssm_beta.weight
create_tensor: loading tensor blk.14.ssm_alpha.weight
create_tensor: loading tensor blk.14.ssm_norm.weight
create_tensor: loading tensor blk.14.ssm_out.weight
create_tensor: loading tensor blk.14.ffn_gate_inp.weight
create_tensor: loading tensor blk.14.ffn_down_exps.weight
tensor blk.14.ffn_down_exps.weight (450 MiB iq4_nl) buffer type overridden to CUDA_Host
create_tensor: loading tensor blk.14.ffn_gate_up_exps.weight
create_tensor: loading tensor blk.14.ffn_gate_exps.weight
tensor blk.14.ffn_gate_exps.weight (343 MiB iq3_s) buffer type overridden to CUDA_Host
create_tensor: loading tensor blk.14.ffn_up_exps.weight
tensor blk.14.ffn_up_exps.weight (343 MiB iq3_s) buffer type overridden to CUDA_Host
create_tensor: loading tensor blk.14.ffn_gate_inp_shexp.weight
create_tensor: loading tensor blk.14.ffn_gate_shexp.weight
create_tensor: loading tensor blk.14.ffn_up_shexp.weight
create_tensor: loading tensor blk.14.ffn_down_shexp.weight
create_tensor: loading tensor blk.15.hc_attn_norm.weight
create_tensor: loading tensor blk.15.hc_attn_down.weight
create_tensor: loading tensor blk.15.hc_attn_up.weight
create_tensor: loading tensor blk.15.hc_attn_inject.weight
create_tensor: loading tensor blk.15.hc_ffn_norm.weight
create_tensor: loading tensor blk.15.hc_ffn_down.weight
create_tensor: loading tensor blk.15.hc_ffn_up.weight
create_tensor: loading tensor blk.15.hc_ffn_inject.weight
create_tensor: loading tensor blk.15.attn_qkv.weight
create_tensor: loading tensor blk.15.attn_q.weight
create_tensor: loading tensor blk.15.attn_k.weight
create_tensor: loading tensor blk.15.attn_v.weight
create_tensor: loading tensor blk.15.attn_q.bias
create_tensor: loading tensor blk.15.attn_k.bias
create_tensor: loading tensor blk.15.attn_v.bias
create_tensor: loading tensor blk.15.attn_output.weight
create_tensor: loading tensor blk.15.attn_q_norm.weight
create_tensor: loading tensor blk.15.attn_k_norm.weight
create_tensor: loading tensor blk.15.indexer.q_proj.weight
create_tensor: loading tensor blk.15.indexer.k_proj.weight
create_tensor: loading tensor blk.15.indexer.q_norm.weight
create_tensor: loading tensor blk.15.indexer.k_norm.weight
create_tensor: loading tensor blk.15.ffn_gate_inp.weight
create_tensor: loading tensor blk.15.ffn_down_exps.weight
tensor blk.15.ffn_down_exps.weight (450 MiB iq4_nl) buffer type overridden to CUDA_Host
create_tensor: loading tensor blk.15.ffn_gate_up_exps.weight
create_tensor: loading tensor blk.15.ffn_gate_exps.weight
tensor blk.15.ffn_gate_exps.weight (343 MiB iq3_s) buffer type overridden to CUDA_Host
create_tensor: loading tensor blk.15.ffn_up_exps.weight
tensor blk.15.ffn_up_exps.weight (343 MiB iq3_s) buffer type overridden to CUDA_Host
create_tensor: loading tensor blk.15.ffn_gate_inp_shexp.weight
create_tensor: loading tensor blk.15.ffn_gate_shexp.weight
create_tensor: loading tensor blk.15.ffn_up_shexp.weight
create_tensor: loading tensor blk.15.ffn_down_shexp.weight
create_tensor: loading tensor blk.16.hc_attn_norm.weight
create_tensor: loading tensor blk.16.hc_attn_down.weight
create_tensor: loading tensor blk.16.hc_attn_up.weight
create_tensor: loading tensor blk.16.hc_attn_inject.weight
create_tensor: loading tensor blk.16.hc_ffn_norm.weight
create_tensor: loading tensor blk.16.hc_ffn_down.weight
create_tensor: loading tensor blk.16.hc_ffn_up.weight
create_tensor: loading tensor blk.16.hc_ffn_inject.weight
create_tensor: loading tensor blk.16.attn_qkv.weight
create_tensor: loading tensor blk.16.attn_gate.weight
create_tensor: loading tensor blk.16.ssm_conv1d.weight
create_tensor: loading tensor blk.16.ssm_dt.bias
create_tensor: loading tensor blk.16.ssm_a
create_tensor: loading tensor blk.16.ssm_beta.weight
create_tensor: loading tensor blk.16.ssm_alpha.weight
create_tensor: loading tensor blk.16.ssm_norm.weight
create_tensor: loading tensor blk.16.ssm_out.weight
create_tensor: loading tensor blk.16.ffn_gate_inp.weight
create_tensor: loading tensor blk.16.ffn_down_exps.weight
tensor blk.16.ffn_down_exps.weight (450 MiB iq4_nl) buffer type overridden to CUDA_Host
create_tensor: loading tensor blk.16.ffn_gate_up_exps.weight
create_tensor: loading tensor blk.16.ffn_gate_exps.weight
tensor blk.16.ffn_gate_exps.weight (343 MiB iq3_s) buffer type overridden to CUDA_Host
create_tensor: loading tensor blk.16.ffn_up_exps.weight
tensor blk.16.ffn_up_exps.weight (343 MiB iq3_s) buffer type overridden to CUDA_Host
create_tensor: loading tensor blk.16.ffn_gate_inp_shexp.weight
create_tensor: loading tensor blk.16.ffn_gate_shexp.weight
create_tensor: loading tensor blk.16.ffn_up_shexp.weight
create_tensor: loading tensor blk.16.ffn_down_shexp.weight
create_tensor: loading tensor blk.17.hc_attn_norm.weight
create_tensor: loading tensor blk.17.hc_attn_down.weight
create_tensor: loading tensor blk.17.hc_attn_up.weight
create_tensor: loading tensor blk.17.hc_attn_inject.weight
create_tensor: loading tensor blk.17.hc_ffn_norm.weight
create_tensor: loading tensor blk.17.hc_ffn_down.weight
create_tensor: loading tensor blk.17.hc_ffn_up.weight
create_tensor: loading tensor blk.17.hc_ffn_inject.weight
create_tensor: loading tensor blk.17.attn_qkv.weight
create_tensor: loading tensor blk.17.attn_gate.weight
create_tensor: loading tensor blk.17.ssm_conv1d.weight
create_tensor: loading tensor blk.17.ssm_dt.bias
create_tensor: loading tensor blk.17.ssm_a
create_tensor: loading tensor blk.17.ssm_beta.weight
create_tensor: loading tensor blk.17.ssm_alpha.weight
create_tensor: loading tensor blk.17.ssm_norm.weight
create_tensor: loading tensor blk.17.ssm_out.weight
create_tensor: loading tensor blk.17.ffn_gate_inp.weight
create_tensor: loading tensor blk.17.ffn_down_exps.weight
tensor blk.17.ffn_down_exps.weight (450 MiB iq4_nl) buffer type overridden to CUDA_Host
create_tensor: loading tensor blk.17.ffn_gate_up_exps.weight
create_tensor: loading tensor blk.17.ffn_gate_exps.weight
tensor blk.17.ffn_gate_exps.weight (343 MiB iq3_s) buffer type overridden to CUDA_Host
create_tensor: loading tensor blk.17.ffn_up_exps.weight
tensor blk.17.ffn_up_exps.weight (343 MiB iq3_s) buffer type overridden to CUDA_Host
create_tensor: loading tensor blk.17.ffn_gate_inp_shexp.weight
create_tensor: loading tensor blk.17.ffn_gate_shexp.weight
create_tensor: loading tensor blk.17.ffn_up_shexp.weight
create_tensor: loading tensor blk.17.ffn_down_shexp.weight
create_tensor: loading tensor blk.18.hc_attn_norm.weight
create_tensor: loading tensor blk.18.hc_attn_down.weight
create_tensor: loading tensor blk.18.hc_attn_up.weight
create_tensor: loading tensor blk.18.hc_attn_inject.weight
create_tensor: loading tensor blk.18.hc_ffn_norm.weight
create_tensor: loading tensor blk.18.hc_ffn_down.weight
create_tensor: loading tensor blk.18.hc_ffn_up.weight
create_tensor: loading tensor blk.18.hc_ffn_inject.weight
create_tensor: loading tensor blk.18.attn_qkv.weight
create_tensor: loading tensor blk.18.attn_gate.weight
create_tensor: loading tensor blk.18.ssm_conv1d.weight
create_tensor: loading tensor blk.18.ssm_dt.bias
create_tensor: loading tensor blk.18.ssm_a
create_tensor: loading tensor blk.18.ssm_beta.weight
create_tensor: loading tensor blk.18.ssm_alpha.weight
create_tensor: loading tensor blk.18.ssm_norm.weight
create_tensor: loading tensor blk.18.ssm_out.weight
create_tensor: loading tensor blk.18.ffn_gate_inp.weight
create_tensor: loading tensor blk.18.ffn_down_exps.weight
tensor blk.18.ffn_down_exps.weight (450 MiB iq4_nl) buffer type overridden to CUDA_Host
create_tensor: loading tensor blk.18.ffn_gate_up_exps.weight
create_tensor: loading tensor blk.18.ffn_gate_exps.weight
tensor blk.18.ffn_gate_exps.weight (343 MiB iq3_s) buffer type overridden to CUDA_Host
create_tensor: loading tensor blk.18.ffn_up_exps.weight
tensor blk.18.ffn_up_exps.weight (343 MiB iq3_s) buffer type overridden to CUDA_Host
create_tensor: loading tensor blk.18.ffn_gate_inp_shexp.weight
create_tensor: loading tensor blk.18.ffn_gate_shexp.weight
create_tensor: loading tensor blk.18.ffn_up_shexp.weight
create_tensor: loading tensor blk.18.ffn_down_shexp.weight
create_tensor: loading tensor blk.19.hc_attn_norm.weight
create_tensor: loading tensor blk.19.hc_attn_down.weight
create_tensor: loading tensor blk.19.hc_attn_up.weight
create_tensor: loading tensor blk.19.hc_attn_inject.weight
create_tensor: loading tensor blk.19.hc_ffn_norm.weight
create_tensor: loading tensor blk.19.hc_ffn_down.weight
create_tensor: loading tensor blk.19.hc_ffn_up.weight
create_tensor: loading tensor blk.19.hc_ffn_inject.weight
create_tensor: loading tensor blk.19.attn_qkv.weight
create_tensor: loading tensor blk.19.attn_q.weight
create_tensor: loading tensor blk.19.attn_k.weight
create_tensor: loading tensor blk.19.attn_v.weight
create_tensor: loading tensor blk.19.attn_q.bias
create_tensor: loading tensor blk.19.attn_k.bias
create_tensor: loading tensor blk.19.attn_v.bias
create_tensor: loading tensor blk.19.attn_output.weight
create_tensor: loading tensor blk.19.attn_q_norm.weight
create_tensor: loading tensor blk.19.attn_k_norm.weight
create_tensor: loading tensor blk.19.indexer.q_proj.weight
create_tensor: loading tensor blk.19.indexer.k_proj.weight
create_tensor: loading tensor blk.19.indexer.q_norm.weight
create_tensor: loading tensor blk.19.indexer.k_norm.weight
create_tensor: loading tensor blk.19.ffn_gate_inp.weight
create_tensor: loading tensor blk.19.ffn_down_exps.weight
tensor blk.19.ffn_down_exps.weight (450 MiB iq4_nl) buffer type overridden to CUDA_Host
create_tensor: loading tensor blk.19.ffn_gate_up_exps.weight
create_tensor: loading tensor blk.19.ffn_gate_exps.weight
tensor blk.19.ffn_gate_exps.weight (343 MiB iq3_s) buffer type overridden to CUDA_Host
create_tensor: loading tensor blk.19.ffn_up_exps.weight
tensor blk.19.ffn_up_exps.weight (343 MiB iq3_s) buffer type overridden to CUDA_Host
create_tensor: loading tensor blk.19.ffn_gate_inp_shexp.weight
create_tensor: loading tensor blk.19.ffn_gate_shexp.weight
create_tensor: loading tensor blk.19.ffn_up_shexp.weight
create_tensor: loading tensor blk.19.ffn_down_shexp.weight
create_tensor: loading tensor blk.20.hc_attn_norm.weight
create_tensor: loading tensor blk.20.hc_attn_down.weight
create_tensor: loading tensor blk.20.hc_attn_up.weight
create_tensor: loading tensor blk.20.hc_attn_inject.weight
create_tensor: loading tensor blk.20.hc_ffn_norm.weight
create_tensor: loading tensor blk.20.hc_ffn_down.weight
create_tensor: loading tensor blk.20.hc_ffn_up.weight
create_tensor: loading tensor blk.20.hc_ffn_inject.weight
create_tensor: loading tensor blk.20.attn_qkv.weight
create_tensor: loading tensor blk.20.attn_gate.weight
create_tensor: loading tensor blk.20.ssm_conv1d.weight
create_tensor: loading tensor blk.20.ssm_dt.bias
create_tensor: loading tensor blk.20.ssm_a
create_tensor: loading tensor blk.20.ssm_beta.weight
create_tensor: loading tensor blk.20.ssm_alpha.weight
create_tensor: loading tensor blk.20.ssm_norm.weight
create_tensor: loading tensor blk.20.ssm_out.weight
create_tensor: loading tensor blk.20.ffn_gate_inp.weight
create_tensor: loading tensor blk.20.ffn_down_exps.weight
tensor blk.20.ffn_down_exps.weight (450 MiB iq4_nl) buffer type overridden to CUDA_Host
create_tensor: loading tensor blk.20.ffn_gate_up_exps.weight
create_tensor: loading tensor blk.20.ffn_gate_exps.weight
tensor blk.20.ffn_gate_exps.weight (343 MiB iq3_s) buffer type overridden to CUDA_Host
create_tensor: loading tensor blk.20.ffn_up_exps.weight
tensor blk.20.ffn_up_exps.weight (343 MiB iq3_s) buffer type overridden to CUDA_Host
create_tensor: loading tensor blk.20.ffn_gate_inp_shexp.weight
create_tensor: loading tensor blk.20.ffn_gate_shexp.weight
create_tensor: loading tensor blk.20.ffn_up_shexp.weight
create_tensor: loading tensor blk.20.ffn_down_shexp.weight
create_tensor: loading tensor blk.21.hc_attn_norm.weight
create_tensor: loading tensor blk.21.hc_attn_down.weight
create_tensor: loading tensor blk.21.hc_attn_up.weight
create_tensor: loading tensor blk.21.hc_attn_inject.weight
create_tensor: loading tensor blk.21.hc_ffn_norm.weight
create_tensor: loading tensor blk.21.hc_ffn_down.weight
create_tensor: loading tensor blk.21.hc_ffn_up.weight
create_tensor: loading tensor blk.21.hc_ffn_inject.weight
create_tensor: loading tensor blk.21.attn_qkv.weight
create_tensor: loading tensor blk.21.attn_gate.weight
create_tensor: loading tensor blk.21.ssm_conv1d.weight
create_tensor: loading tensor blk.21.ssm_dt.bias
create_tensor: loading tensor blk.21.ssm_a
create_tensor: loading tensor blk.21.ssm_beta.weight
create_tensor: loading tensor blk.21.ssm_alpha.weight
create_tensor: loading tensor blk.21.ssm_norm.weight
create_tensor: loading tensor blk.21.ssm_out.weight
create_tensor: loading tensor blk.21.ffn_gate_inp.weight
create_tensor: loading tensor blk.21.ffn_down_exps.weight
tensor blk.21.ffn_down_exps.weight (450 MiB iq4_nl) buffer type overridden to CUDA_Host
create_tensor: loading tensor blk.21.ffn_gate_up_exps.weight
create_tensor: loading tensor blk.21.ffn_gate_exps.weight
tensor blk.21.ffn_gate_exps.weight (343 MiB iq3_s) buffer type overridden to CUDA_Host
create_tensor: loading tensor blk.21.ffn_up_exps.weight
tensor blk.21.ffn_up_exps.weight (343 MiB iq3_s) buffer type overridden to CUDA_Host
create_tensor: loading tensor blk.21.ffn_gate_inp_shexp.weight
create_tensor: loading tensor blk.21.ffn_gate_shexp.weight
create_tensor: loading tensor blk.21.ffn_up_shexp.weight
create_tensor: loading tensor blk.21.ffn_down_shexp.weight
create_tensor: loading tensor blk.22.hc_attn_norm.weight
create_tensor: loading tensor blk.22.hc_attn_down.weight
create_tensor: loading tensor blk.22.hc_attn_up.weight
create_tensor: loading tensor blk.22.hc_attn_inject.weight
create_tensor: loading tensor blk.22.hc_ffn_norm.weight
create_tensor: loading tensor blk.22.hc_ffn_down.weight
create_tensor: loading tensor blk.22.hc_ffn_up.weight
create_tensor: loading tensor blk.22.hc_ffn_inject.weight
create_tensor: loading tensor blk.22.attn_qkv.weight
create_tensor: loading tensor blk.22.attn_gate.weight
create_tensor: loading tensor blk.22.ssm_conv1d.weight
create_tensor: loading tensor blk.22.ssm_dt.bias
create_tensor: loading tensor blk.22.ssm_a
create_tensor: loading tensor blk.22.ssm_beta.weight
create_tensor: loading tensor blk.22.ssm_alpha.weight
create_tensor: loading tensor blk.22.ssm_norm.weight
create_tensor: loading tensor blk.22.ssm_out.weight
create_tensor: loading tensor blk.22.ffn_gate_inp.weight
create_tensor: loading tensor blk.22.ffn_down_exps.weight
tensor blk.22.ffn_down_exps.weight (450 MiB iq4_nl) buffer type overridden to CUDA_Host
create_tensor: loading tensor blk.22.ffn_gate_up_exps.weight
create_tensor: loading tensor blk.22.ffn_gate_exps.weight
tensor blk.22.ffn_gate_exps.weight (343 MiB iq3_s) buffer type overridden to CUDA_Host
create_tensor: loading tensor blk.22.ffn_up_exps.weight
tensor blk.22.ffn_up_exps.weight (343 MiB iq3_s) buffer type overridden to CUDA_Host
create_tensor: loading tensor blk.22.ffn_gate_inp_shexp.weight
create_tensor: loading tensor blk.22.ffn_gate_shexp.weight
create_tensor: loading tensor blk.22.ffn_up_shexp.weight
create_tensor: loading tensor blk.22.ffn_down_shexp.weight
create_tensor: loading tensor blk.23.hc_attn_norm.weight
create_tensor: loading tensor blk.23.hc_attn_down.weight
create_tensor: loading tensor blk.23.hc_attn_up.weight
create_tensor: loading tensor blk.23.hc_attn_inject.weight
create_tensor: loading tensor blk.23.hc_ffn_norm.weight
create_tensor: loading tensor blk.23.hc_ffn_down.weight
create_tensor: loading tensor blk.23.hc_ffn_up.weight
create_tensor: loading tensor blk.23.hc_ffn_inject.weight
create_tensor: loading tensor blk.23.attn_qkv.weight
create_tensor: loading tensor blk.23.attn_q.weight
create_tensor: loading tensor blk.23.attn_k.weight
create_tensor: loading tensor blk.23.attn_v.weight
create_tensor: loading tensor blk.23.attn_q.bias
create_tensor: loading tensor blk.23.attn_k.bias
create_tensor: loading tensor blk.23.attn_v.bias
create_tensor: loading tensor blk.23.attn_output.weight
create_tensor: loading tensor blk.23.attn_q_norm.weight
create_tensor: loading tensor blk.23.attn_k_norm.weight
create_tensor: loading tensor blk.23.indexer.q_proj.weight
create_tensor: loading tensor blk.23.indexer.k_proj.weight
create_tensor: loading tensor blk.23.indexer.q_norm.weight
create_tensor: loading tensor blk.23.indexer.k_norm.weight
create_tensor: loading tensor blk.23.ffn_gate_inp.weight
create_tensor: loading tensor blk.23.ffn_down_exps.weight
tensor blk.23.ffn_down_exps.weight (450 MiB iq4_nl) buffer type overridden to CUDA_Host
create_tensor: loading tensor blk.23.ffn_gate_up_exps.weight
create_tensor: loading tensor blk.23.ffn_gate_exps.weight
tensor blk.23.ffn_gate_exps.weight (343 MiB iq3_s) buffer type overridden to CUDA_Host
create_tensor: loading tensor blk.23.ffn_up_exps.weight
tensor blk.23.ffn_up_exps.weight (343 MiB iq3_s) buffer type overridden to CUDA_Host
create_tensor: loading tensor blk.23.ffn_gate_inp_shexp.weight
create_tensor: loading tensor blk.23.ffn_gate_shexp.weight
create_tensor: loading tensor blk.23.ffn_up_shexp.weight
create_tensor: loading tensor blk.23.ffn_down_shexp.weight
create_tensor: loading tensor blk.24.hc_attn_norm.weight
create_tensor: loading tensor blk.24.hc_attn_down.weight
create_tensor: loading tensor blk.24.hc_attn_up.weight
create_tensor: loading tensor blk.24.hc_attn_inject.weight
create_tensor: loading tensor blk.24.hc_ffn_norm.weight
create_tensor: loading tensor blk.24.hc_ffn_down.weight
create_tensor: loading tensor blk.24.hc_ffn_up.weight
create_tensor: loading tensor blk.24.hc_ffn_inject.weight
create_tensor: loading tensor blk.24.attn_qkv.weight
create_tensor: loading tensor blk.24.attn_gate.weight
create_tensor: loading tensor blk.24.ssm_conv1d.weight
create_tensor: loading tensor blk.24.ssm_dt.bias
create_tensor: loading tensor blk.24.ssm_a
create_tensor: loading tensor blk.24.ssm_beta.weight
create_tensor: loading tensor blk.24.ssm_alpha.weight
create_tensor: loading tensor blk.24.ssm_norm.weight
create_tensor: loading tensor blk.24.ssm_out.weight
create_tensor: loading tensor blk.24.ffn_gate_inp.weight
create_tensor: loading tensor blk.24.ffn_down_exps.weight
tensor blk.24.ffn_down_exps.weight (450 MiB iq4_nl) buffer type overridden to CUDA_Host
create_tensor: loading tensor blk.24.ffn_gate_up_exps.weight
create_tensor: loading tensor blk.24.ffn_gate_exps.weight
tensor blk.24.ffn_gate_exps.weight (343 MiB iq3_s) buffer type overridden to CUDA_Host
create_tensor: loading tensor blk.24.ffn_up_exps.weight
tensor blk.24.ffn_up_exps.weight (343 MiB iq3_s) buffer type overridden to CUDA_Host
create_tensor: loading tensor blk.24.ffn_gate_inp_shexp.weight
create_tensor: loading tensor blk.24.ffn_gate_shexp.weight
create_tensor: loading tensor blk.24.ffn_up_shexp.weight
create_tensor: loading tensor blk.24.ffn_down_shexp.weight
create_tensor: loading tensor blk.25.hc_attn_norm.weight
create_tensor: loading tensor blk.25.hc_attn_down.weight
create_tensor: loading tensor blk.25.hc_attn_up.weight
create_tensor: loading tensor blk.25.hc_attn_inject.weight
create_tensor: loading tensor blk.25.hc_ffn_norm.weight
create_tensor: loading tensor blk.25.hc_ffn_down.weight
create_tensor: loading tensor blk.25.hc_ffn_up.weight
create_tensor: loading tensor blk.25.hc_ffn_inject.weight
create_tensor: loading tensor blk.25.attn_qkv.weight
create_tensor: loading tensor blk.25.attn_gate.weight
create_tensor: loading tensor blk.25.ssm_conv1d.weight
create_tensor: loading tensor blk.25.ssm_dt.bias
create_tensor: loading tensor blk.25.ssm_a
create_tensor: loading tensor blk.25.ssm_beta.weight
create_tensor: loading tensor blk.25.ssm_alpha.weight
create_tensor: loading tensor blk.25.ssm_norm.weight
create_tensor: loading tensor blk.25.ssm_out.weight
create_tensor: loading tensor blk.25.ffn_gate_inp.weight
create_tensor: loading tensor blk.25.ffn_down_exps.weight
tensor blk.25.ffn_down_exps.weight (450 MiB iq4_nl) buffer type overridden to CUDA_Host
create_tensor: loading tensor blk.25.ffn_gate_up_exps.weight
create_tensor: loading tensor blk.25.ffn_gate_exps.weight
tensor blk.25.ffn_gate_exps.weight (343 MiB iq3_s) buffer type overridden to CUDA_Host
create_tensor: loading tensor blk.25.ffn_up_exps.weight
tensor blk.25.ffn_up_exps.weight (343 MiB iq3_s) buffer type overridden to CUDA_Host
create_tensor: loading tensor blk.25.ffn_gate_inp_shexp.weight
create_tensor: loading tensor blk.25.ffn_gate_shexp.weight
create_tensor: loading tensor blk.25.ffn_up_shexp.weight
create_tensor: loading tensor blk.25.ffn_down_shexp.weight
create_tensor: loading tensor blk.26.hc_attn_norm.weight
create_tensor: loading tensor blk.26.hc_attn_down.weight
create_tensor: loading tensor blk.26.hc_attn_up.weight
create_tensor: loading tensor blk.26.hc_attn_inject.weight
create_tensor: loading tensor blk.26.hc_ffn_norm.weight
create_tensor: loading tensor blk.26.hc_ffn_down.weight
create_tensor: loading tensor blk.26.hc_ffn_up.weight
create_tensor: loading tensor blk.26.hc_ffn_inject.weight
create_tensor: loading tensor blk.26.attn_qkv.weight
create_tensor: loading tensor blk.26.attn_gate.weight
create_tensor: loading tensor blk.26.ssm_conv1d.weight
create_tensor: loading tensor blk.26.ssm_dt.bias
create_tensor: loading tensor blk.26.ssm_a
create_tensor: loading tensor blk.26.ssm_beta.weight
create_tensor: loading tensor blk.26.ssm_alpha.weight
create_tensor: loading tensor blk.26.ssm_norm.weight
create_tensor: loading tensor blk.26.ssm_out.weight
create_tensor: loading tensor blk.26.ffn_gate_inp.weight
create_tensor: loading tensor blk.26.ffn_down_exps.weight
tensor blk.26.ffn_down_exps.weight (450 MiB iq4_nl) buffer type overridden to CUDA_Host
create_tensor: loading tensor blk.26.ffn_gate_up_exps.weight
create_tensor: loading tensor blk.26.ffn_gate_exps.weight
tensor blk.26.ffn_gate_exps.weight (343 MiB iq3_s) buffer type overridden to CUDA_Host
create_tensor: loading tensor blk.26.ffn_up_exps.weight
tensor blk.26.ffn_up_exps.weight (343 MiB iq3_s) buffer type overridden to CUDA_Host
create_tensor: loading tensor blk.26.ffn_gate_inp_shexp.weight
create_tensor: loading tensor blk.26.ffn_gate_shexp.weight
create_tensor: loading tensor blk.26.ffn_up_shexp.weight
create_tensor: loading tensor blk.26.ffn_down_shexp.weight
create_tensor: loading tensor blk.27.hc_attn_norm.weight
create_tensor: loading tensor blk.27.hc_attn_down.weight
create_tensor: loading tensor blk.27.hc_attn_up.weight
create_tensor: loading tensor blk.27.hc_attn_inject.weight
create_tensor: loading tensor blk.27.hc_ffn_norm.weight
create_tensor: loading tensor blk.27.hc_ffn_down.weight
create_tensor: loading tensor blk.27.hc_ffn_up.weight
create_tensor: loading tensor blk.27.hc_ffn_inject.weight
create_tensor: loading tensor blk.27.attn_qkv.weight
create_tensor: loading tensor blk.27.attn_q.weight
create_tensor: loading tensor blk.27.attn_k.weight
create_tensor: loading tensor blk.27.attn_v.weight
create_tensor: loading tensor blk.27.attn_q.bias
create_tensor: loading tensor blk.27.attn_k.bias
create_tensor: loading tensor blk.27.attn_v.bias
create_tensor: loading tensor blk.27.attn_output.weight
create_tensor: loading tensor blk.27.attn_q_norm.weight
create_tensor: loading tensor blk.27.attn_k_norm.weight
create_tensor: loading tensor blk.27.indexer.q_proj.weight
create_tensor: loading tensor blk.27.indexer.k_proj.weight
create_tensor: loading tensor blk.27.indexer.q_norm.weight
create_tensor: loading tensor blk.27.indexer.k_norm.weight
create_tensor: loading tensor blk.27.ffn_gate_inp.weight
create_tensor: loading tensor blk.27.ffn_down_exps.weight
tensor blk.27.ffn_down_exps.weight (450 MiB iq4_nl) buffer type overridden to CUDA_Host
create_tensor: loading tensor blk.27.ffn_gate_up_exps.weight
create_tensor: loading tensor blk.27.ffn_gate_exps.weight
tensor blk.27.ffn_gate_exps.weight (343 MiB iq3_s) buffer type overridden to CUDA_Host
create_tensor: loading tensor blk.27.ffn_up_exps.weight
tensor blk.27.ffn_up_exps.weight (343 MiB iq3_s) buffer type overridden to CUDA_Host
create_tensor: loading tensor blk.27.ffn_gate_inp_shexp.weight
create_tensor: loading tensor blk.27.ffn_gate_shexp.weight
create_tensor: loading tensor blk.27.ffn_up_shexp.weight
create_tensor: loading tensor blk.27.ffn_down_shexp.weight
create_tensor: loading tensor blk.28.hc_attn_norm.weight
create_tensor: loading tensor blk.28.hc_attn_down.weight
create_tensor: loading tensor blk.28.hc_attn_up.weight
create_tensor: loading tensor blk.28.hc_attn_inject.weight
create_tensor: loading tensor blk.28.hc_ffn_norm.weight
create_tensor: loading tensor blk.28.hc_ffn_down.weight
create_tensor: loading tensor blk.28.hc_ffn_up.weight
create_tensor: loading tensor blk.28.hc_ffn_inject.weight
create_tensor: loading tensor blk.28.attn_qkv.weight
create_tensor: loading tensor blk.28.attn_gate.weight
create_tensor: loading tensor blk.28.ssm_conv1d.weight
create_tensor: loading tensor blk.28.ssm_dt.bias
create_tensor: loading tensor blk.28.ssm_a
create_tensor: loading tensor blk.28.ssm_beta.weight
create_tensor: loading tensor blk.28.ssm_alpha.weight
create_tensor: loading tensor blk.28.ssm_norm.weight
create_tensor: loading tensor blk.28.ssm_out.weight
create_tensor: loading tensor blk.28.ffn_gate_inp.weight
create_tensor: loading tensor blk.28.ffn_down_exps.weight
tensor blk.28.ffn_down_exps.weight (450 MiB iq4_nl) buffer type overridden to CUDA_Host
create_tensor: loading tensor blk.28.ffn_gate_up_exps.weight
create_tensor: loading tensor blk.28.ffn_gate_exps.weight
tensor blk.28.ffn_gate_exps.weight (343 MiB iq3_s) buffer type overridden to CUDA_Host
create_tensor: loading tensor blk.28.ffn_up_exps.weight
tensor blk.28.ffn_up_exps.weight (343 MiB iq3_s) buffer type overridden to CUDA_Host
create_tensor: loading tensor blk.28.ffn_gate_inp_shexp.weight
create_tensor: loading tensor blk.28.ffn_gate_shexp.weight
create_tensor: loading tensor blk.28.ffn_up_shexp.weight
create_tensor: loading tensor blk.28.ffn_down_shexp.weight
create_tensor: loading tensor blk.29.hc_attn_norm.weight
create_tensor: loading tensor blk.29.hc_attn_down.weight
create_tensor: loading tensor blk.29.hc_attn_up.weight
create_tensor: loading tensor blk.29.hc_attn_inject.weight
create_tensor: loading tensor blk.29.hc_ffn_norm.weight
create_tensor: loading tensor blk.29.hc_ffn_down.weight
create_tensor: loading tensor blk.29.hc_ffn_up.weight
create_tensor: loading tensor blk.29.hc_ffn_inject.weight
create_tensor: loading tensor blk.29.attn_qkv.weight
create_tensor: loading tensor blk.29.attn_gate.weight
create_tensor: loading tensor blk.29.ssm_conv1d.weight
create_tensor: loading tensor blk.29.ssm_dt.bias
create_tensor: loading tensor blk.29.ssm_a
create_tensor: loading tensor blk.29.ssm_beta.weight
create_tensor: loading tensor blk.29.ssm_alpha.weight
create_tensor: loading tensor blk.29.ssm_norm.weight
create_tensor: loading tensor blk.29.ssm_out.weight
create_tensor: loading tensor blk.29.ffn_gate_inp.weight
create_tensor: loading tensor blk.29.ffn_down_exps.weight
tensor blk.29.ffn_down_exps.weight (450 MiB iq4_nl) buffer type overridden to CUDA_Host
create_tensor: loading tensor blk.29.ffn_gate_up_exps.weight
create_tensor: loading tensor blk.29.ffn_gate_exps.weight
tensor blk.29.ffn_gate_exps.weight (343 MiB iq3_s) buffer type overridden to CUDA_Host
create_tensor: loading tensor blk.29.ffn_up_exps.weight
tensor blk.29.ffn_up_exps.weight (343 MiB iq3_s) buffer type overridden to CUDA_Host
create_tensor: loading tensor blk.29.ffn_gate_inp_shexp.weight
create_tensor: loading tensor blk.29.ffn_gate_shexp.weight
create_tensor: loading tensor blk.29.ffn_up_shexp.weight
create_tensor: loading tensor blk.29.ffn_down_shexp.weight
create_tensor: loading tensor blk.30.hc_attn_norm.weight
create_tensor: loading tensor blk.30.hc_attn_down.weight
create_tensor: loading tensor blk.30.hc_attn_up.weight
create_tensor: loading tensor blk.30.hc_attn_inject.weight
create_tensor: loading tensor blk.30.hc_ffn_norm.weight
create_tensor: loading tensor blk.30.hc_ffn_down.weight
create_tensor: loading tensor blk.30.hc_ffn_up.weight
create_tensor: loading tensor blk.30.hc_ffn_inject.weight
create_tensor: loading tensor blk.30.attn_qkv.weight
create_tensor: loading tensor blk.30.attn_gate.weight
create_tensor: loading tensor blk.30.ssm_conv1d.weight
create_tensor: loading tensor blk.30.ssm_dt.bias
create_tensor: loading tensor blk.30.ssm_a
create_tensor: loading tensor blk.30.ssm_beta.weight
create_tensor: loading tensor blk.30.ssm_alpha.weight
create_tensor: loading tensor blk.30.ssm_norm.weight
create_tensor: loading tensor blk.30.ssm_out.weight
create_tensor: loading tensor blk.30.ffn_gate_inp.weight
create_tensor: loading tensor blk.30.ffn_down_exps.weight
tensor blk.30.ffn_down_exps.weight (850 MiB q8_0) buffer type overridden to CUDA_Host
create_tensor: loading tensor blk.30.ffn_gate_up_exps.weight
create_tensor: loading tensor blk.30.ffn_gate_exps.weight
tensor blk.30.ffn_gate_exps.weight (343 MiB iq3_s) buffer type overridden to CUDA_Host
create_tensor: loading tensor blk.30.ffn_up_exps.weight
tensor blk.30.ffn_up_exps.weight (343 MiB iq3_s) buffer type overridden to CUDA_Host
create_tensor: loading tensor blk.30.ffn_gate_inp_shexp.weight
create_tensor: loading tensor blk.30.ffn_gate_shexp.weight
create_tensor: loading tensor blk.30.ffn_up_shexp.weight
create_tensor: loading tensor blk.30.ffn_down_shexp.weight
create_tensor: loading tensor blk.31.hc_attn_norm.weight
create_tensor: loading tensor blk.31.hc_attn_down.weight
create_tensor: loading tensor blk.31.hc_attn_up.weight
create_tensor: loading tensor blk.31.hc_attn_inject.weight
create_tensor: loading tensor blk.31.hc_ffn_norm.weight
create_tensor: loading tensor blk.31.hc_ffn_down.weight
create_tensor: loading tensor blk.31.hc_ffn_up.weight
create_tensor: loading tensor blk.31.hc_ffn_inject.weight
create_tensor: loading tensor blk.31.attn_qkv.weight
create_tensor: loading tensor blk.31.attn_q.weight
create_tensor: loading tensor blk.31.attn_k.weight
create_tensor: loading tensor blk.31.attn_v.weight
create_tensor: loading tensor blk.31.attn_q.bias
create_tensor: loading tensor blk.31.attn_k.bias
create_tensor: loading tensor blk.31.attn_v.bias
create_tensor: loading tensor blk.31.attn_output.weight
create_tensor: loading tensor blk.31.attn_q_norm.weight
create_tensor: loading tensor blk.31.attn_k_norm.weight
create_tensor: loading tensor blk.31.indexer.q_proj.weight
create_tensor: loading tensor blk.31.indexer.k_proj.weight
create_tensor: loading tensor blk.31.indexer.q_norm.weight
create_tensor: loading tensor blk.31.indexer.k_norm.weight
create_tensor: loading tensor blk.31.ffn_gate_inp.weight
create_tensor: loading tensor blk.31.ffn_down_exps.weight
tensor blk.31.ffn_down_exps.weight (450 MiB iq4_nl) buffer type overridden to CUDA_Host
create_tensor: loading tensor blk.31.ffn_gate_up_exps.weight
create_tensor: loading tensor blk.31.ffn_gate_exps.weight
tensor blk.31.ffn_gate_exps.weight (343 MiB iq3_s) buffer type overridden to CUDA_Host
create_tensor: loading tensor blk.31.ffn_up_exps.weight
tensor blk.31.ffn_up_exps.weight (343 MiB iq3_s) buffer type overridden to CUDA_Host
create_tensor: loading tensor blk.31.ffn_gate_inp_shexp.weight
create_tensor: loading tensor blk.31.ffn_gate_shexp.weight
create_tensor: loading tensor blk.31.ffn_up_shexp.weight
create_tensor: loading tensor blk.31.ffn_down_shexp.weight
create_tensor: loading tensor blk.32.hc_attn_norm.weight
create_tensor: loading tensor blk.32.hc_attn_down.weight
create_tensor: loading tensor blk.32.hc_attn_up.weight
create_tensor: loading tensor blk.32.hc_attn_inject.weight
create_tensor: loading tensor blk.32.hc_ffn_norm.weight
create_tensor: loading tensor blk.32.hc_ffn_down.weight
create_tensor: loading tensor blk.32.hc_ffn_up.weight
create_tensor: loading tensor blk.32.hc_ffn_inject.weight
create_tensor: loading tensor blk.32.attn_qkv.weight
create_tensor: loading tensor blk.32.attn_gate.weight
create_tensor: loading tensor blk.32.ssm_conv1d.weight
create_tensor: loading tensor blk.32.ssm_dt.bias
create_tensor: loading tensor blk.32.ssm_a
create_tensor: loading tensor blk.32.ssm_beta.weight
create_tensor: loading tensor blk.32.ssm_alpha.weight
create_tensor: loading tensor blk.32.ssm_norm.weight
create_tensor: loading tensor blk.32.ssm_out.weight
create_tensor: loading tensor blk.32.ffn_gate_inp.weight
create_tensor: loading tensor blk.32.ffn_down_exps.weight
tensor blk.32.ffn_down_exps.weight (450 MiB iq4_nl) buffer type overridden to CUDA_Host
create_tensor: loading tensor blk.32.ffn_gate_up_exps.weight
create_tensor: loading tensor blk.32.ffn_gate_exps.weight
tensor blk.32.ffn_gate_exps.weight (343 MiB iq3_s) buffer type overridden to CUDA_Host
create_tensor: loading tensor blk.32.ffn_up_exps.weight
tensor blk.32.ffn_up_exps.weight (343 MiB iq3_s) buffer type overridden to CUDA_Host
create_tensor: loading tensor blk.32.ffn_gate_inp_shexp.weight
create_tensor: loading tensor blk.32.ffn_gate_shexp.weight
create_tensor: loading tensor blk.32.ffn_up_shexp.weight
create_tensor: loading tensor blk.32.ffn_down_shexp.weight
create_tensor: loading tensor blk.33.hc_attn_norm.weight
create_tensor: loading tensor blk.33.hc_attn_down.weight
create_tensor: loading tensor blk.33.hc_attn_up.weight
create_tensor: loading tensor blk.33.hc_attn_inject.weight
create_tensor: loading tensor blk.33.hc_ffn_norm.weight
create_tensor: loading tensor blk.33.hc_ffn_down.weight
create_tensor: loading tensor blk.33.hc_ffn_up.weight
create_tensor: loading tensor blk.33.hc_ffn_inject.weight
create_tensor: loading tensor blk.33.attn_qkv.weight
create_tensor: loading tensor blk.33.attn_gate.weight
create_tensor: loading tensor blk.33.ssm_conv1d.weight
create_tensor: loading tensor blk.33.ssm_dt.bias
create_tensor: loading tensor blk.33.ssm_a
create_tensor: loading tensor blk.33.ssm_beta.weight
create_tensor: loading tensor blk.33.ssm_alpha.weight
create_tensor: loading tensor blk.33.ssm_norm.weight
create_tensor: loading tensor blk.33.ssm_out.weight
create_tensor: loading tensor blk.33.ffn_gate_inp.weight
create_tensor: loading tensor blk.33.ffn_down_exps.weight
tensor blk.33.ffn_down_exps.weight (450 MiB iq4_nl) buffer type overridden to CUDA_Host
create_tensor: loading tensor blk.33.ffn_gate_up_exps.weight
create_tensor: loading tensor blk.33.ffn_gate_exps.weight
tensor blk.33.ffn_gate_exps.weight (343 MiB iq3_s) buffer type overridden to CUDA_Host
create_tensor: loading tensor blk.33.ffn_up_exps.weight
tensor blk.33.ffn_up_exps.weight (343 MiB iq3_s) buffer type overridden to CUDA_Host
create_tensor: loading tensor blk.33.ffn_gate_inp_shexp.weight
create_tensor: loading tensor blk.33.ffn_gate_shexp.weight
create_tensor: loading tensor blk.33.ffn_up_shexp.weight
create_tensor: loading tensor blk.33.ffn_down_shexp.weight
create_tensor: loading tensor blk.34.hc_attn_norm.weight
create_tensor: loading tensor blk.34.hc_attn_down.weight
create_tensor: loading tensor blk.34.hc_attn_up.weight
create_tensor: loading tensor blk.34.hc_attn_inject.weight
create_tensor: loading tensor blk.34.hc_ffn_norm.weight
create_tensor: loading tensor blk.34.hc_ffn_down.weight
create_tensor: loading tensor blk.34.hc_ffn_up.weight
create_tensor: loading tensor blk.34.hc_ffn_inject.weight
create_tensor: loading tensor blk.34.attn_qkv.weight
create_tensor: loading tensor blk.34.attn_gate.weight
create_tensor: loading tensor blk.34.ssm_conv1d.weight
create_tensor: loading tensor blk.34.ssm_dt.bias
create_tensor: loading tensor blk.34.ssm_a
create_tensor: loading tensor blk.34.ssm_beta.weight
create_tensor: loading tensor blk.34.ssm_alpha.weight
create_tensor: loading tensor blk.34.ssm_norm.weight
create_tensor: loading tensor blk.34.ssm_out.weight
create_tensor: loading tensor blk.34.ffn_gate_inp.weight
create_tensor: loading tensor blk.34.ffn_down_exps.weight
tensor blk.34.ffn_down_exps.weight (450 MiB iq4_nl) buffer type overridden to CUDA_Host
create_tensor: loading tensor blk.34.ffn_gate_up_exps.weight
create_tensor: loading tensor blk.34.ffn_gate_exps.weight
tensor blk.34.ffn_gate_exps.weight (343 MiB iq3_s) buffer type overridden to CUDA_Host
create_tensor: loading tensor blk.34.ffn_up_exps.weight
tensor blk.34.ffn_up_exps.weight (343 MiB iq3_s) buffer type overridden to CUDA_Host
create_tensor: loading tensor blk.34.ffn_gate_inp_shexp.weight
create_tensor: loading tensor blk.34.ffn_gate_shexp.weight
create_tensor: loading tensor blk.34.ffn_up_shexp.weight
create_tensor: loading tensor blk.34.ffn_down_shexp.weight
create_tensor: loading tensor blk.35.hc_attn_norm.weight
create_tensor: loading tensor blk.35.hc_attn_down.weight
create_tensor: loading tensor blk.35.hc_attn_up.weight
create_tensor: loading tensor blk.35.hc_attn_inject.weight
create_tensor: loading tensor blk.35.hc_ffn_norm.weight
create_tensor: loading tensor blk.35.hc_ffn_down.weight
create_tensor: loading tensor blk.35.hc_ffn_up.weight
create_tensor: loading tensor blk.35.hc_ffn_inject.weight
create_tensor: loading tensor blk.35.attn_qkv.weight
create_tensor: loading tensor blk.35.attn_q.weight
create_tensor: loading tensor blk.35.attn_k.weight
create_tensor: loading tensor blk.35.attn_v.weight
create_tensor: loading tensor blk.35.attn_q.bias
create_tensor: loading tensor blk.35.attn_k.bias
create_tensor: loading tensor blk.35.attn_v.bias
create_tensor: loading tensor blk.35.attn_output.weight
create_tensor: loading tensor blk.35.attn_q_norm.weight
create_tensor: loading tensor blk.35.attn_k_norm.weight
create_tensor: loading tensor blk.35.indexer.q_proj.weight
create_tensor: loading tensor blk.35.indexer.k_proj.weight
create_tensor: loading tensor blk.35.indexer.q_norm.weight
create_tensor: loading tensor blk.35.indexer.k_norm.weight
create_tensor: loading tensor blk.35.ffn_gate_inp.weight
create_tensor: loading tensor blk.35.ffn_down_exps.weight
tensor blk.35.ffn_down_exps.weight (450 MiB iq4_nl) buffer type overridden to CUDA_Host
create_tensor: loading tensor blk.35.ffn_gate_up_exps.weight
create_tensor: loading tensor blk.35.ffn_gate_exps.weight
tensor blk.35.ffn_gate_exps.weight (343 MiB iq3_s) buffer type overridden to CUDA_Host
create_tensor: loading tensor blk.35.ffn_up_exps.weight
tensor blk.35.ffn_up_exps.weight (343 MiB iq3_s) buffer type overridden to CUDA_Host
create_tensor: loading tensor blk.35.ffn_gate_inp_shexp.weight
create_tensor: loading tensor blk.35.ffn_gate_shexp.weight
create_tensor: loading tensor blk.35.ffn_up_shexp.weight
create_tensor: loading tensor blk.35.ffn_down_shexp.weight
create_tensor: loading tensor blk.36.hc_attn_norm.weight
create_tensor: loading tensor blk.36.hc_attn_down.weight
create_tensor: loading tensor blk.36.hc_attn_up.weight
create_tensor: loading tensor blk.36.hc_attn_inject.weight
create_tensor: loading tensor blk.36.hc_ffn_norm.weight
create_tensor: loading tensor blk.36.hc_ffn_down.weight
create_tensor: loading tensor blk.36.hc_ffn_up.weight
create_tensor: loading tensor blk.36.hc_ffn_inject.weight
create_tensor: loading tensor blk.36.attn_qkv.weight
create_tensor: loading tensor blk.36.attn_gate.weight
create_tensor: loading tensor blk.36.ssm_conv1d.weight
create_tensor: loading tensor blk.36.ssm_dt.bias
create_tensor: loading tensor blk.36.ssm_a
create_tensor: loading tensor blk.36.ssm_beta.weight
create_tensor: loading tensor blk.36.ssm_alpha.weight
create_tensor: loading tensor blk.36.ssm_norm.weight
create_tensor: loading tensor blk.36.ssm_out.weight
create_tensor: loading tensor blk.36.ffn_gate_inp.weight
create_tensor: loading tensor blk.36.ffn_down_exps.weight
tensor blk.36.ffn_down_exps.weight (450 MiB iq4_nl) buffer type overridden to CUDA_Host
create_tensor: loading tensor blk.36.ffn_gate_up_exps.weight
create_tensor: loading tensor blk.36.ffn_gate_exps.weight
tensor blk.36.ffn_gate_exps.weight (343 MiB iq3_s) buffer type overridden to CUDA_Host
create_tensor: loading tensor blk.36.ffn_up_exps.weight
tensor blk.36.ffn_up_exps.weight (343 MiB iq3_s) buffer type overridden to CUDA_Host
create_tensor: loading tensor blk.36.ffn_gate_inp_shexp.weight
create_tensor: loading tensor blk.36.ffn_gate_shexp.weight
create_tensor: loading tensor blk.36.ffn_up_shexp.weight
create_tensor: loading tensor blk.36.ffn_down_shexp.weight
create_tensor: loading tensor blk.37.hc_attn_norm.weight
create_tensor: loading tensor blk.37.hc_attn_down.weight
create_tensor: loading tensor blk.37.hc_attn_up.weight
create_tensor: loading tensor blk.37.hc_attn_inject.weight
create_tensor: loading tensor blk.37.hc_ffn_norm.weight
create_tensor: loading tensor blk.37.hc_ffn_down.weight
create_tensor: loading tensor blk.37.hc_ffn_up.weight
create_tensor: loading tensor blk.37.hc_ffn_inject.weight
create_tensor: loading tensor blk.37.attn_qkv.weight
create_tensor: loading tensor blk.37.attn_gate.weight
create_tensor: loading tensor blk.37.ssm_conv1d.weight
create_tensor: loading tensor blk.37.ssm_dt.bias
create_tensor: loading tensor blk.37.ssm_a
create_tensor: loading tensor blk.37.ssm_beta.weight
create_tensor: loading tensor blk.37.ssm_alpha.weight
create_tensor: loading tensor blk.37.ssm_norm.weight
create_tensor: loading tensor blk.37.ssm_out.weight
create_tensor: loading tensor blk.37.ffn_gate_inp.weight
create_tensor: loading tensor blk.37.ffn_down_exps.weight
tensor blk.37.ffn_down_exps.weight (450 MiB iq4_nl) buffer type overridden to CUDA_Host
create_tensor: loading tensor blk.37.ffn_gate_up_exps.weight
create_tensor: loading tensor blk.37.ffn_gate_exps.weight
tensor blk.37.ffn_gate_exps.weight (343 MiB iq3_s) buffer type overridden to CUDA_Host
create_tensor: loading tensor blk.37.ffn_up_exps.weight
tensor blk.37.ffn_up_exps.weight (343 MiB iq3_s) buffer type overridden to CUDA_Host
create_tensor: loading tensor blk.37.ffn_gate_inp_shexp.weight
create_tensor: loading tensor blk.37.ffn_gate_shexp.weight
create_tensor: loading tensor blk.37.ffn_up_shexp.weight
create_tensor: loading tensor blk.37.ffn_down_shexp.weight
create_tensor: loading tensor blk.38.hc_attn_norm.weight
create_tensor: loading tensor blk.38.hc_attn_down.weight
create_tensor: loading tensor blk.38.hc_attn_up.weight
create_tensor: loading tensor blk.38.hc_attn_inject.weight
create_tensor: loading tensor blk.38.hc_ffn_norm.weight
create_tensor: loading tensor blk.38.hc_ffn_down.weight
create_tensor: loading tensor blk.38.hc_ffn_up.weight
create_tensor: loading tensor blk.38.hc_ffn_inject.weight
create_tensor: loading tensor blk.38.attn_qkv.weight
create_tensor: loading tensor blk.38.attn_gate.weight
create_tensor: loading tensor blk.38.ssm_conv1d.weight
create_tensor: loading tensor blk.38.ssm_dt.bias
create_tensor: loading tensor blk.38.ssm_a
create_tensor: loading tensor blk.38.ssm_beta.weight
create_tensor: loading tensor blk.38.ssm_alpha.weight
create_tensor: loading tensor blk.38.ssm_norm.weight
create_tensor: loading tensor blk.38.ssm_out.weight
create_tensor: loading tensor blk.38.ffn_gate_inp.weight
create_tensor: loading tensor blk.38.ffn_down_exps.weight
tensor blk.38.ffn_down_exps.weight (450 MiB iq4_nl) buffer type overridden to CUDA_Host
create_tensor: loading tensor blk.38.ffn_gate_up_exps.weight
create_tensor: loading tensor blk.38.ffn_gate_exps.weight
tensor blk.38.ffn_gate_exps.weight (343 MiB iq3_s) buffer type overridden to CUDA_Host
create_tensor: loading tensor blk.38.ffn_up_exps.weight
tensor blk.38.ffn_up_exps.weight (343 MiB iq3_s) buffer type overridden to CUDA_Host
create_tensor: loading tensor blk.38.ffn_gate_inp_shexp.weight
create_tensor: loading tensor blk.38.ffn_gate_shexp.weight
create_tensor: loading tensor blk.38.ffn_up_shexp.weight
create_tensor: loading tensor blk.38.ffn_down_shexp.weight
create_tensor: loading tensor blk.39.hc_attn_norm.weight
create_tensor: loading tensor blk.39.hc_attn_down.weight
create_tensor: loading tensor blk.39.hc_attn_up.weight
create_tensor: loading tensor blk.39.hc_attn_inject.weight
create_tensor: loading tensor blk.39.hc_ffn_norm.weight
create_tensor: loading tensor blk.39.hc_ffn_down.weight
create_tensor: loading tensor blk.39.hc_ffn_up.weight
create_tensor: loading tensor blk.39.hc_ffn_inject.weight
create_tensor: loading tensor blk.39.attn_qkv.weight
create_tensor: loading tensor blk.39.attn_q.weight
create_tensor: loading tensor blk.39.attn_k.weight
create_tensor: loading tensor blk.39.attn_v.weight
create_tensor: loading tensor blk.39.attn_q.bias
create_tensor: loading tensor blk.39.attn_k.bias
create_tensor: loading tensor blk.39.attn_v.bias
create_tensor: loading tensor blk.39.attn_output.weight
create_tensor: loading tensor blk.39.attn_q_norm.weight
create_tensor: loading tensor blk.39.attn_k_norm.weight
create_tensor: loading tensor blk.39.indexer.q_proj.weight
create_tensor: loading tensor blk.39.indexer.k_proj.weight
create_tensor: loading tensor blk.39.indexer.q_norm.weight
create_tensor: loading tensor blk.39.indexer.k_norm.weight
create_tensor: loading tensor blk.39.ffn_gate_inp.weight
create_tensor: loading tensor blk.39.ffn_down_exps.weight
tensor blk.39.ffn_down_exps.weight (450 MiB iq4_nl) buffer type overridden to CUDA_Host
create_tensor: loading tensor blk.39.ffn_gate_up_exps.weight
create_tensor: loading tensor blk.39.ffn_gate_exps.weight
tensor blk.39.ffn_gate_exps.weight (343 MiB iq3_s) buffer type overridden to CUDA_Host
create_tensor: loading tensor blk.39.ffn_up_exps.weight
tensor blk.39.ffn_up_exps.weight (343 MiB iq3_s) buffer type overridden to CUDA_Host
create_tensor: loading tensor blk.39.ffn_gate_inp_shexp.weight
create_tensor: loading tensor blk.39.ffn_gate_shexp.weight
create_tensor: loading tensor blk.39.ffn_up_shexp.weight
create_tensor: loading tensor blk.39.ffn_down_shexp.weight
create_tensor: loading tensor blk.40.hc_attn_norm.weight
create_tensor: loading tensor blk.40.hc_attn_down.weight
create_tensor: loading tensor blk.40.hc_attn_up.weight
create_tensor: loading tensor blk.40.hc_attn_inject.weight
create_tensor: loading tensor blk.40.hc_ffn_norm.weight
create_tensor: loading tensor blk.40.hc_ffn_down.weight
create_tensor: loading tensor blk.40.hc_ffn_up.weight
create_tensor: loading tensor blk.40.hc_ffn_inject.weight
create_tensor: loading tensor blk.40.attn_qkv.weight
create_tensor: loading tensor blk.40.attn_gate.weight
create_tensor: loading tensor blk.40.ssm_conv1d.weight
create_tensor: loading tensor blk.40.ssm_dt.bias
create_tensor: loading tensor blk.40.ssm_a
create_tensor: loading tensor blk.40.ssm_beta.weight
create_tensor: loading tensor blk.40.ssm_alpha.weight
create_tensor: loading tensor blk.40.ssm_norm.weight
create_tensor: loading tensor blk.40.ssm_out.weight
create_tensor: loading tensor blk.40.ffn_gate_inp.weight
create_tensor: loading tensor blk.40.ffn_down_exps.weight
tensor blk.40.ffn_down_exps.weight (450 MiB iq4_nl) buffer type overridden to CUDA_Host
create_tensor: loading tensor blk.40.ffn_gate_up_exps.weight
create_tensor: loading tensor blk.40.ffn_gate_exps.weight
tensor blk.40.ffn_gate_exps.weight (343 MiB iq3_s) buffer type overridden to CUDA_Host
create_tensor: loading tensor blk.40.ffn_up_exps.weight
tensor blk.40.ffn_up_exps.weight (343 MiB iq3_s) buffer type overridden to CUDA_Host
create_tensor: loading tensor blk.40.ffn_gate_inp_shexp.weight
create_tensor: loading tensor blk.40.ffn_gate_shexp.weight
create_tensor: loading tensor blk.40.ffn_up_shexp.weight
create_tensor: loading tensor blk.40.ffn_down_shexp.weight
create_tensor: loading tensor blk.41.hc_attn_norm.weight
create_tensor: loading tensor blk.41.hc_attn_down.weight
create_tensor: loading tensor blk.41.hc_attn_up.weight
create_tensor: loading tensor blk.41.hc_attn_inject.weight
create_tensor: loading tensor blk.41.hc_ffn_norm.weight
create_tensor: loading tensor blk.41.hc_ffn_down.weight
create_tensor: loading tensor blk.41.hc_ffn_up.weight
create_tensor: loading tensor blk.41.hc_ffn_inject.weight
create_tensor: loading tensor blk.41.attn_qkv.weight
create_tensor: loading tensor blk.41.attn_gate.weight
create_tensor: loading tensor blk.41.ssm_conv1d.weight
create_tensor: loading tensor blk.41.ssm_dt.bias
create_tensor: loading tensor blk.41.ssm_a
create_tensor: loading tensor blk.41.ssm_beta.weight
create_tensor: loading tensor blk.41.ssm_alpha.weight
create_tensor: loading tensor blk.41.ssm_norm.weight
create_tensor: loading tensor blk.41.ssm_out.weight
create_tensor: loading tensor blk.41.ffn_gate_inp.weight
create_tensor: loading tensor blk.41.ffn_down_exps.weight
tensor blk.41.ffn_down_exps.weight (450 MiB iq4_nl) buffer type overridden to CUDA_Host
create_tensor: loading tensor blk.41.ffn_gate_up_exps.weight
create_tensor: loading tensor blk.41.ffn_gate_exps.weight
tensor blk.41.ffn_gate_exps.weight (343 MiB iq3_s) buffer type overridden to CUDA_Host
create_tensor: loading tensor blk.41.ffn_up_exps.weight
tensor blk.41.ffn_up_exps.weight (343 MiB iq3_s) buffer type overridden to CUDA_Host
create_tensor: loading tensor blk.41.ffn_gate_inp_shexp.weight
create_tensor: loading tensor blk.41.ffn_gate_shexp.weight
create_tensor: loading tensor blk.41.ffn_up_shexp.weight
create_tensor: loading tensor blk.41.ffn_down_shexp.weight
create_tensor: loading tensor blk.42.hc_attn_norm.weight
create_tensor: loading tensor blk.42.hc_attn_down.weight
create_tensor: loading tensor blk.42.hc_attn_up.weight
create_tensor: loading tensor blk.42.hc_attn_inject.weight
create_tensor: loading tensor blk.42.hc_ffn_norm.weight
create_tensor: loading tensor blk.42.hc_ffn_down.weight
create_tensor: loading tensor blk.42.hc_ffn_up.weight
create_tensor: loading tensor blk.42.hc_ffn_inject.weight
create_tensor: loading tensor blk.42.attn_qkv.weight
create_tensor: loading tensor blk.42.attn_gate.weight
create_tensor: loading tensor blk.42.ssm_conv1d.weight
create_tensor: loading tensor blk.42.ssm_dt.bias
create_tensor: loading tensor blk.42.ssm_a
create_tensor: loading tensor blk.42.ssm_beta.weight
create_tensor: loading tensor blk.42.ssm_alpha.weight
create_tensor: loading tensor blk.42.ssm_norm.weight
create_tensor: loading tensor blk.42.ssm_out.weight
create_tensor: loading tensor blk.42.ffn_gate_inp.weight
create_tensor: loading tensor blk.42.ffn_down_exps.weight
tensor blk.42.ffn_down_exps.weight (450 MiB iq4_nl) buffer type overridden to CUDA_Host
create_tensor: loading tensor blk.42.ffn_gate_up_exps.weight
create_tensor: loading tensor blk.42.ffn_gate_exps.weight
tensor blk.42.ffn_gate_exps.weight (343 MiB iq3_s) buffer type overridden to CUDA_Host
create_tensor: loading tensor blk.42.ffn_up_exps.weight
tensor blk.42.ffn_up_exps.weight (343 MiB iq3_s) buffer type overridden to CUDA_Host
create_tensor: loading tensor blk.42.ffn_gate_inp_shexp.weight
create_tensor: loading tensor blk.42.ffn_gate_shexp.weight
create_tensor: loading tensor blk.42.ffn_up_shexp.weight
create_tensor: loading tensor blk.42.ffn_down_shexp.weight
create_tensor: loading tensor blk.43.hc_attn_norm.weight
create_tensor: loading tensor blk.43.hc_attn_down.weight
create_tensor: loading tensor blk.43.hc_attn_up.weight
create_tensor: loading tensor blk.43.hc_attn_inject.weight
create_tensor: loading tensor blk.43.hc_ffn_norm.weight
create_tensor: loading tensor blk.43.hc_ffn_down.weight
create_tensor: loading tensor blk.43.hc_ffn_up.weight
create_tensor: loading tensor blk.43.hc_ffn_inject.weight
create_tensor: loading tensor blk.43.attn_qkv.weight
create_tensor: loading tensor blk.43.attn_q.weight
create_tensor: loading tensor blk.43.attn_k.weight
create_tensor: loading tensor blk.43.attn_v.weight
create_tensor: loading tensor blk.43.attn_q.bias
create_tensor: loading tensor blk.43.attn_k.bias
create_tensor: loading tensor blk.43.attn_v.bias
create_tensor: loading tensor blk.43.attn_output.weight
create_tensor: loading tensor blk.43.attn_q_norm.weight
create_tensor: loading tensor blk.43.attn_k_norm.weight
create_tensor: loading tensor blk.43.indexer.q_proj.weight
create_tensor: loading tensor blk.43.indexer.k_proj.weight
create_tensor: loading tensor blk.43.indexer.q_norm.weight
create_tensor: loading tensor blk.43.indexer.k_norm.weight
create_tensor: loading tensor blk.43.ffn_gate_inp.weight
create_tensor: loading tensor blk.43.ffn_down_exps.weight
tensor blk.43.ffn_down_exps.weight (450 MiB iq4_nl) buffer type overridden to CUDA_Host
create_tensor: loading tensor blk.43.ffn_gate_up_exps.weight
create_tensor: loading tensor blk.43.ffn_gate_exps.weight
tensor blk.43.ffn_gate_exps.weight (343 MiB iq3_s) buffer type overridden to CUDA_Host
create_tensor: loading tensor blk.43.ffn_up_exps.weight
tensor blk.43.ffn_up_exps.weight (343 MiB iq3_s) buffer type overridden to CUDA_Host
create_tensor: loading tensor blk.43.ffn_gate_inp_shexp.weight
create_tensor: loading tensor blk.43.ffn_gate_shexp.weight
create_tensor: loading tensor blk.43.ffn_up_shexp.weight
create_tensor: loading tensor blk.43.ffn_down_shexp.weight
create_tensor: loading tensor blk.44.hc_attn_norm.weight
create_tensor: loading tensor blk.44.hc_attn_down.weight
create_tensor: loading tensor blk.44.hc_attn_up.weight
create_tensor: loading tensor blk.44.hc_attn_inject.weight
create_tensor: loading tensor blk.44.hc_ffn_norm.weight
create_tensor: loading tensor blk.44.hc_ffn_down.weight
create_tensor: loading tensor blk.44.hc_ffn_up.weight
create_tensor: loading tensor blk.44.hc_ffn_inject.weight
create_tensor: loading tensor blk.44.attn_qkv.weight
create_tensor: loading tensor blk.44.attn_gate.weight
create_tensor: loading tensor blk.44.ssm_conv1d.weight
create_tensor: loading tensor blk.44.ssm_dt.bias
create_tensor: loading tensor blk.44.ssm_a
create_tensor: loading tensor blk.44.ssm_beta.weight
create_tensor: loading tensor blk.44.ssm_alpha.weight
create_tensor: loading tensor blk.44.ssm_norm.weight
create_tensor: loading tensor blk.44.ssm_out.weight
create_tensor: loading tensor blk.44.ffn_gate_inp.weight
create_tensor: loading tensor blk.44.ffn_down_exps.weight
tensor blk.44.ffn_down_exps.weight (450 MiB iq4_nl) buffer type overridden to CUDA_Host
create_tensor: loading tensor blk.44.ffn_gate_up_exps.weight
create_tensor: loading tensor blk.44.ffn_gate_exps.weight
tensor blk.44.ffn_gate_exps.weight (343 MiB iq3_s) buffer type overridden to CUDA_Host
create_tensor: loading tensor blk.44.ffn_up_exps.weight
tensor blk.44.ffn_up_exps.weight (343 MiB iq3_s) buffer type overridden to CUDA_Host
create_tensor: loading tensor blk.44.ffn_gate_inp_shexp.weight
create_tensor: loading tensor blk.44.ffn_gate_shexp.weight
create_tensor: loading tensor blk.44.ffn_up_shexp.weight
create_tensor: loading tensor blk.44.ffn_down_shexp.weight
create_tensor: loading tensor blk.45.hc_attn_norm.weight
create_tensor: loading tensor blk.45.hc_attn_down.weight
create_tensor: loading tensor blk.45.hc_attn_up.weight
create_tensor: loading tensor blk.45.hc_attn_inject.weight
create_tensor: loading tensor blk.45.hc_ffn_norm.weight
create_tensor: loading tensor blk.45.hc_ffn_down.weight
create_tensor: loading tensor blk.45.hc_ffn_up.weight
create_tensor: loading tensor blk.45.hc_ffn_inject.weight
create_tensor: loading tensor blk.45.attn_qkv.weight
create_tensor: loading tensor blk.45.attn_gate.weight
create_tensor: loading tensor blk.45.ssm_conv1d.weight
create_tensor: loading tensor blk.45.ssm_dt.bias
create_tensor: loading tensor blk.45.ssm_a
create_tensor: loading tensor blk.45.ssm_beta.weight
create_tensor: loading tensor blk.45.ssm_alpha.weight
create_tensor: loading tensor blk.45.ssm_norm.weight
create_tensor: loading tensor blk.45.ssm_out.weight
create_tensor: loading tensor blk.45.ffn_gate_inp.weight
create_tensor: loading tensor blk.45.ffn_down_exps.weight
tensor blk.45.ffn_down_exps.weight (450 MiB iq4_nl) buffer type overridden to CUDA_Host
create_tensor: loading tensor blk.45.ffn_gate_up_exps.weight
create_tensor: loading tensor blk.45.ffn_gate_exps.weight
tensor blk.45.ffn_gate_exps.weight (343 MiB iq3_s) buffer type overridden to CUDA_Host
create_tensor: loading tensor blk.45.ffn_up_exps.weight
tensor blk.45.ffn_up_exps.weight (343 MiB iq3_s) buffer type overridden to CUDA_Host
create_tensor: loading tensor blk.45.ffn_gate_inp_shexp.weight
create_tensor: loading tensor blk.45.ffn_gate_shexp.weight
create_tensor: loading tensor blk.45.ffn_up_shexp.weight
create_tensor: loading tensor blk.45.ffn_down_shexp.weight
create_tensor: loading tensor blk.46.hc_attn_norm.weight
create_tensor: loading tensor blk.46.hc_attn_down.weight
create_tensor: loading tensor blk.46.hc_attn_up.weight
create_tensor: loading tensor blk.46.hc_attn_inject.weight
create_tensor: loading tensor blk.46.hc_ffn_norm.weight
create_tensor: loading tensor blk.46.hc_ffn_down.weight
create_tensor: loading tensor blk.46.hc_ffn_up.weight
create_tensor: loading tensor blk.46.hc_ffn_inject.weight
create_tensor: loading tensor blk.46.attn_qkv.weight
create_tensor: loading tensor blk.46.attn_gate.weight
create_tensor: loading tensor blk.46.ssm_conv1d.weight
create_tensor: loading tensor blk.46.ssm_dt.bias
create_tensor: loading tensor blk.46.ssm_a
create_tensor: loading tensor blk.46.ssm_beta.weight
create_tensor: loading tensor blk.46.ssm_alpha.weight
create_tensor: loading tensor blk.46.ssm_norm.weight
create_tensor: loading tensor blk.46.ssm_out.weight
create_tensor: loading tensor blk.46.ffn_gate_inp.weight
create_tensor: loading tensor blk.46.ffn_down_exps.weight
tensor blk.46.ffn_down_exps.weight (850 MiB q8_0) buffer type overridden to CUDA_Host
create_tensor: loading tensor blk.46.ffn_gate_up_exps.weight
create_tensor: loading tensor blk.46.ffn_gate_exps.weight
tensor blk.46.ffn_gate_exps.weight (343 MiB iq3_s) buffer type overridden to CUDA_Host
create_tensor: loading tensor blk.46.ffn_up_exps.weight
tensor blk.46.ffn_up_exps.weight (343 MiB iq3_s) buffer type overridden to CUDA_Host
create_tensor: loading tensor blk.46.ffn_gate_inp_shexp.weight
create_tensor: loading tensor blk.46.ffn_gate_shexp.weight
create_tensor: loading tensor blk.46.ffn_up_shexp.weight
create_tensor: loading tensor blk.46.ffn_down_shexp.weight
create_tensor: loading tensor blk.47.hc_attn_norm.weight
create_tensor: loading tensor blk.47.hc_attn_down.weight
create_tensor: loading tensor blk.47.hc_attn_up.weight
create_tensor: loading tensor blk.47.hc_attn_inject.weight
create_tensor: loading tensor blk.47.hc_ffn_norm.weight
create_tensor: loading tensor blk.47.hc_ffn_down.weight
create_tensor: loading tensor blk.47.hc_ffn_up.weight
create_tensor: loading tensor blk.47.hc_ffn_inject.weight
create_tensor: loading tensor blk.47.attn_qkv.weight
create_tensor: loading tensor blk.47.attn_q.weight
create_tensor: loading tensor blk.47.attn_k.weight
create_tensor: loading tensor blk.47.attn_v.weight
create_tensor: loading tensor blk.47.attn_q.bias
create_tensor: loading tensor blk.47.attn_k.bias
create_tensor: loading tensor blk.47.attn_v.bias
create_tensor: loading tensor blk.47.attn_output.weight
create_tensor: loading tensor blk.47.attn_q_norm.weight
create_tensor: loading tensor blk.47.attn_k_norm.weight
create_tensor: loading tensor blk.47.indexer.q_proj.weight
create_tensor: loading tensor blk.47.indexer.k_proj.weight
create_tensor: loading tensor blk.47.indexer.q_norm.weight
create_tensor: loading tensor blk.47.indexer.k_norm.weight
create_tensor: loading tensor blk.47.ffn_gate_inp.weight
create_tensor: loading tensor blk.47.ffn_down_exps.weight
tensor blk.47.ffn_down_exps.weight (850 MiB q8_0) buffer type overridden to CUDA_Host
create_tensor: loading tensor blk.47.ffn_gate_up_exps.weight
create_tensor: loading tensor blk.47.ffn_gate_exps.weight
tensor blk.47.ffn_gate_exps.weight (343 MiB iq3_s) buffer type overridden to CUDA_Host
create_tensor: loading tensor blk.47.ffn_up_exps.weight
tensor blk.47.ffn_up_exps.weight (343 MiB iq3_s) buffer type overridden to CUDA_Host
create_tensor: loading tensor blk.47.ffn_gate_inp_shexp.weight
create_tensor: loading tensor blk.47.ffn_gate_shexp.weight
create_tensor: loading tensor blk.47.ffn_up_shexp.weight
create_tensor: loading tensor blk.47.ffn_down_shexp.weight
create_tensor: loading tensor blk.0.attn_qkv.scale
create_tensor: loading tensor blk.0.attn_gate.scale
create_tensor: loading tensor blk.0.ffn_gate_shexp.scale
create_tensor: loading tensor blk.0.ffn_down_shexp.scale
create_tensor: loading tensor blk.0.ffn_up_shexp.scale
create_tensor: loading tensor blk.0.ffn_gate_exps.scale
create_tensor: loading tensor blk.0.ffn_down_exps.scale
create_tensor: loading tensor blk.0.ffn_up_exps.scale
create_tensor: loading tensor blk.0.ssm_out.scale
create_tensor: loading tensor blk.0.ssm_alpha.scale
create_tensor: loading tensor blk.0.ssm_beta.scale
create_tensor: loading tensor blk.0.attn_qkv.input_scale
create_tensor: loading tensor blk.0.attn_gate.input_scale
create_tensor: loading tensor blk.0.ffn_gate_exps.input_scale
create_tensor: loading tensor blk.0.ffn_down_exps.input_scale
create_tensor: loading tensor blk.0.ffn_up_exps.input_scale
create_tensor: loading tensor blk.0.ffn_gate_shexp.input_scale
create_tensor: loading tensor blk.0.ffn_down_shexp.input_scale
create_tensor: loading tensor blk.0.ffn_up_shexp.input_scale
create_tensor: loading tensor blk.0.ssm_out.input_scale
create_tensor: loading tensor blk.0.ssm_alpha.input_scale
create_tensor: loading tensor blk.0.ssm_beta.input_scale
create_tensor: loading tensor blk.1.attn_qkv.scale
create_tensor: loading tensor blk.1.attn_gate.scale
create_tensor: loading tensor blk.1.ffn_gate_shexp.scale
create_tensor: loading tensor blk.1.ffn_down_shexp.scale
create_tensor: loading tensor blk.1.ffn_up_shexp.scale
create_tensor: loading tensor blk.1.ffn_gate_exps.scale
create_tensor: loading tensor blk.1.ffn_down_exps.scale
create_tensor: loading tensor blk.1.ffn_up_exps.scale
create_tensor: loading tensor blk.1.ssm_out.scale
create_tensor: loading tensor blk.1.ssm_alpha.scale
create_tensor: loading tensor blk.1.ssm_beta.scale
create_tensor: loading tensor blk.1.attn_qkv.input_scale
create_tensor: loading tensor blk.1.attn_gate.input_scale
create_tensor: loading tensor blk.1.ffn_gate_exps.input_scale
create_tensor: loading tensor blk.1.ffn_down_exps.input_scale
create_tensor: loading tensor blk.1.ffn_up_exps.input_scale
create_tensor: loading tensor blk.1.ffn_gate_shexp.input_scale
create_tensor: loading tensor blk.1.ffn_down_shexp.input_scale
create_tensor: loading tensor blk.1.ffn_up_shexp.input_scale
create_tensor: loading tensor blk.1.ssm_out.input_scale
create_tensor: loading tensor blk.1.ssm_alpha.input_scale
create_tensor: loading tensor blk.1.ssm_beta.input_scale
create_tensor: loading tensor blk.2.attn_qkv.scale
create_tensor: loading tensor blk.2.attn_gate.scale
create_tensor: loading tensor blk.2.ffn_gate_shexp.scale
create_tensor: loading tensor blk.2.ffn_down_shexp.scale
create_tensor: loading tensor blk.2.ffn_up_shexp.scale
create_tensor: loading tensor blk.2.ffn_gate_exps.scale
create_tensor: loading tensor blk.2.ffn_down_exps.scale
create_tensor: loading tensor blk.2.ffn_up_exps.scale
create_tensor: loading tensor blk.2.ssm_out.scale
create_tensor: loading tensor blk.2.ssm_alpha.scale
create_tensor: loading tensor blk.2.ssm_beta.scale
create_tensor: loading tensor blk.2.attn_qkv.input_scale
create_tensor: loading tensor blk.2.attn_gate.input_scale
create_tensor: loading tensor blk.2.ffn_gate_exps.input_scale
create_tensor: loading tensor blk.2.ffn_down_exps.input_scale
create_tensor: loading tensor blk.2.ffn_up_exps.input_scale
create_tensor: loading tensor blk.2.ffn_gate_shexp.input_scale
create_tensor: loading tensor blk.2.ffn_down_shexp.input_scale
create_tensor: loading tensor blk.2.ffn_up_shexp.input_scale
create_tensor: loading tensor blk.2.ssm_out.input_scale
create_tensor: loading tensor blk.2.ssm_alpha.input_scale
create_tensor: loading tensor blk.2.ssm_beta.input_scale
create_tensor: loading tensor blk.3.attn_q.scale
create_tensor: loading tensor blk.3.attn_k.scale
create_tensor: loading tensor blk.3.attn_v.scale
create_tensor: loading tensor blk.3.attn_output.scale
create_tensor: loading tensor blk.3.ffn_gate_shexp.scale
create_tensor: loading tensor blk.3.ffn_down_shexp.scale
create_tensor: loading tensor blk.3.ffn_up_shexp.scale
create_tensor: loading tensor blk.3.ffn_gate_exps.scale
create_tensor: loading tensor blk.3.ffn_down_exps.scale
create_tensor: loading tensor blk.3.ffn_up_exps.scale
create_tensor: loading tensor blk.3.attn_q.input_scale
create_tensor: loading tensor blk.3.attn_k.input_scale
create_tensor: loading tensor blk.3.attn_v.input_scale
create_tensor: loading tensor blk.3.attn_output.input_scale
create_tensor: loading tensor blk.3.ffn_gate_exps.input_scale
create_tensor: loading tensor blk.3.ffn_down_exps.input_scale
create_tensor: loading tensor blk.3.ffn_up_exps.input_scale
create_tensor: loading tensor blk.3.ffn_gate_shexp.input_scale
create_tensor: loading tensor blk.3.ffn_down_shexp.input_scale
create_tensor: loading tensor blk.3.ffn_up_shexp.input_scale
create_tensor: loading tensor blk.4.attn_qkv.scale
create_tensor: loading tensor blk.4.attn_gate.scale
create_tensor: loading tensor blk.4.ffn_gate_shexp.scale
create_tensor: loading tensor blk.4.ffn_down_shexp.scale
create_tensor: loading tensor blk.4.ffn_up_shexp.scale
create_tensor: loading tensor blk.4.ffn_gate_exps.scale
create_tensor: loading tensor blk.4.ffn_down_exps.scale
create_tensor: loading tensor blk.4.ffn_up_exps.scale
create_tensor: loading tensor blk.4.ssm_out.scale
create_tensor: loading tensor blk.4.ssm_alpha.scale
create_tensor: loading tensor blk.4.ssm_beta.scale
create_tensor: loading tensor blk.4.attn_qkv.input_scale
create_tensor: loading tensor blk.4.attn_gate.input_scale
create_tensor: loading tensor blk.4.ffn_gate_exps.input_scale
create_tensor: loading tensor blk.4.ffn_down_exps.input_scale
create_tensor: loading tensor blk.4.ffn_up_exps.input_scale
create_tensor: loading tensor blk.4.ffn_gate_shexp.input_scale
create_tensor: loading tensor blk.4.ffn_down_shexp.input_scale
create_tensor: loading tensor blk.4.ffn_up_shexp.input_scale
create_tensor: loading tensor blk.4.ssm_out.input_scale
create_tensor: loading tensor blk.4.ssm_alpha.input_scale
create_tensor: loading tensor blk.4.ssm_beta.input_scale
create_tensor: loading tensor blk.5.attn_qkv.scale
create_tensor: loading tensor blk.5.attn_gate.scale
create_tensor: loading tensor blk.5.ffn_gate_shexp.scale
create_tensor: loading tensor blk.5.ffn_down_shexp.scale
create_tensor: loading tensor blk.5.ffn_up_shexp.scale
create_tensor: loading tensor blk.5.ffn_gate_exps.scale
create_tensor: loading tensor blk.5.ffn_down_exps.scale
create_tensor: loading tensor blk.5.ffn_up_exps.scale
create_tensor: loading tensor blk.5.ssm_out.scale
create_tensor: loading tensor blk.5.ssm_alpha.scale
create_tensor: loading tensor blk.5.ssm_beta.scale
create_tensor: loading tensor blk.5.attn_qkv.input_scale
create_tensor: loading tensor blk.5.attn_gate.input_scale
create_tensor: loading tensor blk.5.ffn_gate_exps.input_scale
create_tensor: loading tensor blk.5.ffn_down_exps.input_scale
create_tensor: loading tensor blk.5.ffn_up_exps.input_scale
create_tensor: loading tensor blk.5.ffn_gate_shexp.input_scale
create_tensor: loading tensor blk.5.ffn_down_shexp.input_scale
create_tensor: loading tensor blk.5.ffn_up_shexp.input_scale
create_tensor: loading tensor blk.5.ssm_out.input_scale
create_tensor: loading tensor blk.5.ssm_alpha.input_scale
create_tensor: loading tensor blk.5.ssm_beta.input_scale
create_tensor: loading tensor blk.6.attn_qkv.scale
create_tensor: loading tensor blk.6.attn_gate.scale
create_tensor: loading tensor blk.6.ffn_gate_shexp.scale
create_tensor: loading tensor blk.6.ffn_down_shexp.scale
create_tensor: loading tensor blk.6.ffn_up_shexp.scale
create_tensor: loading tensor blk.6.ffn_gate_exps.scale
create_tensor: loading tensor blk.6.ffn_down_exps.scale
create_tensor: loading tensor blk.6.ffn_up_exps.scale
create_tensor: loading tensor blk.6.ssm_out.scale
create_tensor: loading tensor blk.6.ssm_alpha.scale
create_tensor: loading tensor blk.6.ssm_beta.scale
create_tensor: loading tensor blk.6.attn_qkv.input_scale
create_tensor: loading tensor blk.6.attn_gate.input_scale
create_tensor: loading tensor blk.6.ffn_gate_exps.input_scale
create_tensor: loading tensor blk.6.ffn_down_exps.input_scale
create_tensor: loading tensor blk.6.ffn_up_exps.input_scale
create_tensor: loading tensor blk.6.ffn_gate_shexp.input_scale
create_tensor: loading tensor blk.6.ffn_down_shexp.input_scale
create_tensor: loading tensor blk.6.ffn_up_shexp.input_scale
create_tensor: loading tensor blk.6.ssm_out.input_scale
create_tensor: loading tensor blk.6.ssm_alpha.input_scale
create_tensor: loading tensor blk.6.ssm_beta.input_scale
create_tensor: loading tensor blk.7.attn_q.scale
create_tensor: loading tensor blk.7.attn_k.scale
create_tensor: loading tensor blk.7.attn_v.scale
create_tensor: loading tensor blk.7.attn_output.scale
create_tensor: loading tensor blk.7.ffn_gate_shexp.scale
create_tensor: loading tensor blk.7.ffn_down_shexp.scale
create_tensor: loading tensor blk.7.ffn_up_shexp.scale
create_tensor: loading tensor blk.7.ffn_gate_exps.scale
create_tensor: loading tensor blk.7.ffn_down_exps.scale
create_tensor: loading tensor blk.7.ffn_up_exps.scale
create_tensor: loading tensor blk.7.attn_q.input_scale
create_tensor: loading tensor blk.7.attn_k.input_scale
create_tensor: loading tensor blk.7.attn_v.input_scale
create_tensor: loading tensor blk.7.attn_output.input_scale
create_tensor: loading tensor blk.7.ffn_gate_exps.input_scale
create_tensor: loading tensor blk.7.ffn_down_exps.input_scale
create_tensor: loading tensor blk.7.ffn_up_exps.input_scale
create_tensor: loading tensor blk.7.ffn_gate_shexp.input_scale
create_tensor: loading tensor blk.7.ffn_down_shexp.input_scale
create_tensor: loading tensor blk.7.ffn_up_shexp.input_scale
create_tensor: loading tensor blk.8.attn_qkv.scale
create_tensor: loading tensor blk.8.attn_gate.scale
create_tensor: loading tensor blk.8.ffn_gate_shexp.scale
create_tensor: loading tensor blk.8.ffn_down_shexp.scale
create_tensor: loading tensor blk.8.ffn_up_shexp.scale
create_tensor: loading tensor blk.8.ffn_gate_exps.scale
create_tensor: loading tensor blk.8.ffn_down_exps.scale
create_tensor: loading tensor blk.8.ffn_up_exps.scale
create_tensor: loading tensor blk.8.ssm_out.scale
create_tensor: loading tensor blk.8.ssm_alpha.scale
create_tensor: loading tensor blk.8.ssm_beta.scale
create_tensor: loading tensor blk.8.attn_qkv.input_scale
create_tensor: loading tensor blk.8.attn_gate.input_scale
create_tensor: loading tensor blk.8.ffn_gate_exps.input_scale
create_tensor: loading tensor blk.8.ffn_down_exps.input_scale
create_tensor: loading tensor blk.8.ffn_up_exps.input_scale
create_tensor: loading tensor blk.8.ffn_gate_shexp.input_scale
create_tensor: loading tensor blk.8.ffn_down_shexp.input_scale
create_tensor: loading tensor blk.8.ffn_up_shexp.input_scale
create_tensor: loading tensor blk.8.ssm_out.input_scale
create_tensor: loading tensor blk.8.ssm_alpha.input_scale
create_tensor: loading tensor blk.8.ssm_beta.input_scale
create_tensor: loading tensor blk.9.attn_qkv.scale
create_tensor: loading tensor blk.9.attn_gate.scale
create_tensor: loading tensor blk.9.ffn_gate_shexp.scale
create_tensor: loading tensor blk.9.ffn_down_shexp.scale
create_tensor: loading tensor blk.9.ffn_up_shexp.scale
create_tensor: loading tensor blk.9.ffn_gate_exps.scale
create_tensor: loading tensor blk.9.ffn_down_exps.scale
create_tensor: loading tensor blk.9.ffn_up_exps.scale
create_tensor: loading tensor blk.9.ssm_out.scale
create_tensor: loading tensor blk.9.ssm_alpha.scale
create_tensor: loading tensor blk.9.ssm_beta.scale
create_tensor: loading tensor blk.9.attn_qkv.input_scale
create_tensor: loading tensor blk.9.attn_gate.input_scale
create_tensor: loading tensor blk.9.ffn_gate_exps.input_scale
create_tensor: loading tensor blk.9.ffn_down_exps.input_scale
create_tensor: loading tensor blk.9.ffn_up_exps.input_scale
create_tensor: loading tensor blk.9.ffn_gate_shexp.input_scale
create_tensor: loading tensor blk.9.ffn_down_shexp.input_scale
create_tensor: loading tensor blk.9.ffn_up_shexp.input_scale
create_tensor: loading tensor blk.9.ssm_out.input_scale
create_tensor: loading tensor blk.9.ssm_alpha.input_scale
create_tensor: loading tensor blk.9.ssm_beta.input_scale
create_tensor: loading tensor blk.10.attn_qkv.scale
create_tensor: loading tensor blk.10.attn_gate.scale
create_tensor: loading tensor blk.10.ffn_gate_shexp.scale
create_tensor: loading tensor blk.10.ffn_down_shexp.scale
create_tensor: loading tensor blk.10.ffn_up_shexp.scale
create_tensor: loading tensor blk.10.ffn_gate_exps.scale
create_tensor: loading tensor blk.10.ffn_down_exps.scale
create_tensor: loading tensor blk.10.ffn_up_exps.scale
create_tensor: loading tensor blk.10.ssm_out.scale
create_tensor: loading tensor blk.10.ssm_alpha.scale
create_tensor: loading tensor blk.10.ssm_beta.scale
create_tensor: loading tensor blk.10.attn_qkv.input_scale
create_tensor: loading tensor blk.10.attn_gate.input_scale
create_tensor: loading tensor blk.10.ffn_gate_exps.input_scale
create_tensor: loading tensor blk.10.ffn_down_exps.input_scale
create_tensor: loading tensor blk.10.ffn_up_exps.input_scale
create_tensor: loading tensor blk.10.ffn_gate_shexp.input_scale
create_tensor: loading tensor blk.10.ffn_down_shexp.input_scale
create_tensor: loading tensor blk.10.ffn_up_shexp.input_scale
create_tensor: loading tensor blk.10.ssm_out.input_scale
create_tensor: loading tensor blk.10.ssm_alpha.input_scale
create_tensor: loading tensor blk.10.ssm_beta.input_scale
create_tensor: loading tensor blk.11.attn_q.scale
create_tensor: loading tensor blk.11.attn_k.scale
create_tensor: loading tensor blk.11.attn_v.scale
create_tensor: loading tensor blk.11.attn_output.scale
create_tensor: loading tensor blk.11.ffn_gate_shexp.scale
create_tensor: loading tensor blk.11.ffn_down_shexp.scale
create_tensor: loading tensor blk.11.ffn_up_shexp.scale
create_tensor: loading tensor blk.11.ffn_gate_exps.scale
create_tensor: loading tensor blk.11.ffn_down_exps.scale
create_tensor: loading tensor blk.11.ffn_up_exps.scale
create_tensor: loading tensor blk.11.attn_q.input_scale
create_tensor: loading tensor blk.11.attn_k.input_scale
create_tensor: loading tensor blk.11.attn_v.input_scale
create_tensor: loading tensor blk.11.attn_output.input_scale
create_tensor: loading tensor blk.11.ffn_gate_exps.input_scale
create_tensor: loading tensor blk.11.ffn_down_exps.input_scale
create_tensor: loading tensor blk.11.ffn_up_exps.input_scale
create_tensor: loading tensor blk.11.ffn_gate_shexp.input_scale
create_tensor: loading tensor blk.11.ffn_down_shexp.input_scale
create_tensor: loading tensor blk.11.ffn_up_shexp.input_scale
create_tensor: loading tensor blk.12.attn_qkv.scale
create_tensor: loading tensor blk.12.attn_gate.scale
create_tensor: loading tensor blk.12.ffn_gate_shexp.scale
create_tensor: loading tensor blk.12.ffn_down_shexp.scale
create_tensor: loading tensor blk.12.ffn_up_shexp.scale
create_tensor: loading tensor blk.12.ffn_gate_exps.scale
create_tensor: loading tensor blk.12.ffn_down_exps.scale
create_tensor: loading tensor blk.12.ffn_up_exps.scale
create_tensor: loading tensor blk.12.ssm_out.scale
create_tensor: loading tensor blk.12.ssm_alpha.scale
create_tensor: loading tensor blk.12.ssm_beta.scale
create_tensor: loading tensor blk.12.attn_qkv.input_scale
create_tensor: loading tensor blk.12.attn_gate.input_scale
create_tensor: loading tensor blk.12.ffn_gate_exps.input_scale
create_tensor: loading tensor blk.12.ffn_down_exps.input_scale
create_tensor: loading tensor blk.12.ffn_up_exps.input_scale
create_tensor: loading tensor blk.12.ffn_gate_shexp.input_scale
create_tensor: loading tensor blk.12.ffn_down_shexp.input_scale
create_tensor: loading tensor blk.12.ffn_up_shexp.input_scale
create_tensor: loading tensor blk.12.ssm_out.input_scale
create_tensor: loading tensor blk.12.ssm_alpha.input_scale
create_tensor: loading tensor blk.12.ssm_beta.input_scale
create_tensor: loading tensor blk.13.attn_qkv.scale
create_tensor: loading tensor blk.13.attn_gate.scale
create_tensor: loading tensor blk.13.ffn_gate_shexp.scale
create_tensor: loading tensor blk.13.ffn_down_shexp.scale
create_tensor: loading tensor blk.13.ffn_up_shexp.scale
create_tensor: loading tensor blk.13.ffn_gate_exps.scale
create_tensor: loading tensor blk.13.ffn_down_exps.scale
create_tensor: loading tensor blk.13.ffn_up_exps.scale
create_tensor: loading tensor blk.13.ssm_out.scale
create_tensor: loading tensor blk.13.ssm_alpha.scale
create_tensor: loading tensor blk.13.ssm_beta.scale
create_tensor: loading tensor blk.13.attn_qkv.input_scale
create_tensor: loading tensor blk.13.attn_gate.input_scale
create_tensor: loading tensor blk.13.ffn_gate_exps.input_scale
create_tensor: loading tensor blk.13.ffn_down_exps.input_scale
create_tensor: loading tensor blk.13.ffn_up_exps.input_scale
create_tensor: loading tensor blk.13.ffn_gate_shexp.input_scale
create_tensor: loading tensor blk.13.ffn_down_shexp.input_scale
create_tensor: loading tensor blk.13.ffn_up_shexp.input_scale
create_tensor: loading tensor blk.13.ssm_out.input_scale
create_tensor: loading tensor blk.13.ssm_alpha.input_scale
create_tensor: loading tensor blk.13.ssm_beta.input_scale
create_tensor: loading tensor blk.14.attn_qkv.scale
create_tensor: loading tensor blk.14.attn_gate.scale
create_tensor: loading tensor blk.14.ffn_gate_shexp.scale
create_tensor: loading tensor blk.14.ffn_down_shexp.scale
create_tensor: loading tensor blk.14.ffn_up_shexp.scale
create_tensor: loading tensor blk.14.ffn_gate_exps.scale
create_tensor: loading tensor blk.14.ffn_down_exps.scale
create_tensor: loading tensor blk.14.ffn_up_exps.scale
create_tensor: loading tensor blk.14.ssm_out.scale
create_tensor: loading tensor blk.14.ssm_alpha.scale
create_tensor: loading tensor blk.14.ssm_beta.scale
create_tensor: loading tensor blk.14.attn_qkv.input_scale
create_tensor: loading tensor blk.14.attn_gate.input_scale
create_tensor: loading tensor blk.14.ffn_gate_exps.input_scale
create_tensor: loading tensor blk.14.ffn_down_exps.input_scale
create_tensor: loading tensor blk.14.ffn_up_exps.input_scale
create_tensor: loading tensor blk.14.ffn_gate_shexp.input_scale
create_tensor: loading tensor blk.14.ffn_down_shexp.input_scale
create_tensor: loading tensor blk.14.ffn_up_shexp.input_scale
create_tensor: loading tensor blk.14.ssm_out.input_scale
create_tensor: loading tensor blk.14.ssm_alpha.input_scale
create_tensor: loading tensor blk.14.ssm_beta.input_scale
create_tensor: loading tensor blk.15.attn_q.scale
create_tensor: loading tensor blk.15.attn_k.scale
create_tensor: loading tensor blk.15.attn_v.scale
create_tensor: loading tensor blk.15.attn_output.scale
create_tensor: loading tensor blk.15.ffn_gate_shexp.scale
create_tensor: loading tensor blk.15.ffn_down_shexp.scale
create_tensor: loading tensor blk.15.ffn_up_shexp.scale
create_tensor: loading tensor blk.15.ffn_gate_exps.scale
create_tensor: loading tensor blk.15.ffn_down_exps.scale
create_tensor: loading tensor blk.15.ffn_up_exps.scale
create_tensor: loading tensor blk.15.attn_q.input_scale
create_tensor: loading tensor blk.15.attn_k.input_scale
create_tensor: loading tensor blk.15.attn_v.input_scale
create_tensor: loading tensor blk.15.attn_output.input_scale
create_tensor: loading tensor blk.15.ffn_gate_exps.input_scale
create_tensor: loading tensor blk.15.ffn_down_exps.input_scale
create_tensor: loading tensor blk.15.ffn_up_exps.input_scale
create_tensor: loading tensor blk.15.ffn_gate_shexp.input_scale
create_tensor: loading tensor blk.15.ffn_down_shexp.input_scale
create_tensor: loading tensor blk.15.ffn_up_shexp.input_scale
create_tensor: loading tensor blk.16.attn_qkv.scale
create_tensor: loading tensor blk.16.attn_gate.scale
create_tensor: loading tensor blk.16.ffn_gate_shexp.scale
create_tensor: loading tensor blk.16.ffn_down_shexp.scale
create_tensor: loading tensor blk.16.ffn_up_shexp.scale
create_tensor: loading tensor blk.16.ffn_gate_exps.scale
create_tensor: loading tensor blk.16.ffn_down_exps.scale
create_tensor: loading tensor blk.16.ffn_up_exps.scale
create_tensor: loading tensor blk.16.ssm_out.scale
create_tensor: loading tensor blk.16.ssm_alpha.scale
create_tensor: loading tensor blk.16.ssm_beta.scale
create_tensor: loading tensor blk.16.attn_qkv.input_scale
create_tensor: loading tensor blk.16.attn_gate.input_scale
create_tensor: loading tensor blk.16.ffn_gate_exps.input_scale
create_tensor: loading tensor blk.16.ffn_down_exps.input_scale
create_tensor: loading tensor blk.16.ffn_up_exps.input_scale
create_tensor: loading tensor blk.16.ffn_gate_shexp.input_scale
create_tensor: loading tensor blk.16.ffn_down_shexp.input_scale
create_tensor: loading tensor blk.16.ffn_up_shexp.input_scale
create_tensor: loading tensor blk.16.ssm_out.input_scale
create_tensor: loading tensor blk.16.ssm_alpha.input_scale
create_tensor: loading tensor blk.16.ssm_beta.input_scale
create_tensor: loading tensor blk.17.attn_qkv.scale
create_tensor: loading tensor blk.17.attn_gate.scale
create_tensor: loading tensor blk.17.ffn_gate_shexp.scale
create_tensor: loading tensor blk.17.ffn_down_shexp.scale
create_tensor: loading tensor blk.17.ffn_up_shexp.scale
create_tensor: loading tensor blk.17.ffn_gate_exps.scale
create_tensor: loading tensor blk.17.ffn_down_exps.scale
create_tensor: loading tensor blk.17.ffn_up_exps.scale
create_tensor: loading tensor blk.17.ssm_out.scale
create_tensor: loading tensor blk.17.ssm_alpha.scale
create_tensor: loading tensor blk.17.ssm_beta.scale
create_tensor: loading tensor blk.17.attn_qkv.input_scale
create_tensor: loading tensor blk.17.attn_gate.input_scale
create_tensor: loading tensor blk.17.ffn_gate_exps.input_scale
create_tensor: loading tensor blk.17.ffn_down_exps.input_scale
create_tensor: loading tensor blk.17.ffn_up_exps.input_scale
create_tensor: loading tensor blk.17.ffn_gate_shexp.input_scale
create_tensor: loading tensor blk.17.ffn_down_shexp.input_scale
create_tensor: loading tensor blk.17.ffn_up_shexp.input_scale
create_tensor: loading tensor blk.17.ssm_out.input_scale
create_tensor: loading tensor blk.17.ssm_alpha.input_scale
create_tensor: loading tensor blk.17.ssm_beta.input_scale
create_tensor: loading tensor blk.18.attn_qkv.scale
create_tensor: loading tensor blk.18.attn_gate.scale
create_tensor: loading tensor blk.18.ffn_gate_shexp.scale
create_tensor: loading tensor blk.18.ffn_down_shexp.scale
create_tensor: loading tensor blk.18.ffn_up_shexp.scale
create_tensor: loading tensor blk.18.ffn_gate_exps.scale
create_tensor: loading tensor blk.18.ffn_down_exps.scale
create_tensor: loading tensor blk.18.ffn_up_exps.scale
create_tensor: loading tensor blk.18.ssm_out.scale
create_tensor: loading tensor blk.18.ssm_alpha.scale
create_tensor: loading tensor blk.18.ssm_beta.scale
create_tensor: loading tensor blk.18.attn_qkv.input_scale
create_tensor: loading tensor blk.18.attn_gate.input_scale
create_tensor: loading tensor blk.18.ffn_gate_exps.input_scale
create_tensor: loading tensor blk.18.ffn_down_exps.input_scale
create_tensor: loading tensor blk.18.ffn_up_exps.input_scale
create_tensor: loading tensor blk.18.ffn_gate_shexp.input_scale
create_tensor: loading tensor blk.18.ffn_down_shexp.input_scale
create_tensor: loading tensor blk.18.ffn_up_shexp.input_scale
create_tensor: loading tensor blk.18.ssm_out.input_scale
create_tensor: loading tensor blk.18.ssm_alpha.input_scale
create_tensor: loading tensor blk.18.ssm_beta.input_scale
create_tensor: loading tensor blk.19.attn_q.scale
create_tensor: loading tensor blk.19.attn_k.scale
create_tensor: loading tensor blk.19.attn_v.scale
create_tensor: loading tensor blk.19.attn_output.scale
create_tensor: loading tensor blk.19.ffn_gate_shexp.scale
create_tensor: loading tensor blk.19.ffn_down_shexp.scale
create_tensor: loading tensor blk.19.ffn_up_shexp.scale
create_tensor: loading tensor blk.19.ffn_gate_exps.scale
create_tensor: loading tensor blk.19.ffn_down_exps.scale
create_tensor: loading tensor blk.19.ffn_up_exps.scale
create_tensor: loading tensor blk.19.attn_q.input_scale
create_tensor: loading tensor blk.19.attn_k.input_scale
create_tensor: loading tensor blk.19.attn_v.input_scale
create_tensor: loading tensor blk.19.attn_output.input_scale
create_tensor: loading tensor blk.19.ffn_gate_exps.input_scale
create_tensor: loading tensor blk.19.ffn_down_exps.input_scale
create_tensor: loading tensor blk.19.ffn_up_exps.input_scale
create_tensor: loading tensor blk.19.ffn_gate_shexp.input_scale
create_tensor: loading tensor blk.19.ffn_down_shexp.input_scale
create_tensor: loading tensor blk.19.ffn_up_shexp.input_scale
create_tensor: loading tensor blk.20.attn_qkv.scale
create_tensor: loading tensor blk.20.attn_gate.scale
create_tensor: loading tensor blk.20.ffn_gate_shexp.scale
create_tensor: loading tensor blk.20.ffn_down_shexp.scale
create_tensor: loading tensor blk.20.ffn_up_shexp.scale
create_tensor: loading tensor blk.20.ffn_gate_exps.scale
create_tensor: loading tensor blk.20.ffn_down_exps.scale
create_tensor: loading tensor blk.20.ffn_up_exps.scale
create_tensor: loading tensor blk.20.ssm_out.scale
create_tensor: loading tensor blk.20.ssm_alpha.scale
create_tensor: loading tensor blk.20.ssm_beta.scale
create_tensor: loading tensor blk.20.attn_qkv.input_scale
create_tensor: loading tensor blk.20.attn_gate.input_scale
create_tensor: loading tensor blk.20.ffn_gate_exps.input_scale
create_tensor: loading tensor blk.20.ffn_down_exps.input_scale
create_tensor: loading tensor blk.20.ffn_up_exps.input_scale
create_tensor: loading tensor blk.20.ffn_gate_shexp.input_scale
create_tensor: loading tensor blk.20.ffn_down_shexp.input_scale
create_tensor: loading tensor blk.20.ffn_up_shexp.input_scale
create_tensor: loading tensor blk.20.ssm_out.input_scale
create_tensor: loading tensor blk.20.ssm_alpha.input_scale
create_tensor: loading tensor blk.20.ssm_beta.input_scale
create_tensor: loading tensor blk.21.attn_qkv.scale
create_tensor: loading tensor blk.21.attn_gate.scale
create_tensor: loading tensor blk.21.ffn_gate_shexp.scale
create_tensor: loading tensor blk.21.ffn_down_shexp.scale
create_tensor: loading tensor blk.21.ffn_up_shexp.scale
create_tensor: loading tensor blk.21.ffn_gate_exps.scale
create_tensor: loading tensor blk.21.ffn_down_exps.scale
create_tensor: loading tensor blk.21.ffn_up_exps.scale
create_tensor: loading tensor blk.21.ssm_out.scale
create_tensor: loading tensor blk.21.ssm_alpha.scale
create_tensor: loading tensor blk.21.ssm_beta.scale
create_tensor: loading tensor blk.21.attn_qkv.input_scale
create_tensor: loading tensor blk.21.attn_gate.input_scale
create_tensor: loading tensor blk.21.ffn_gate_exps.input_scale
create_tensor: loading tensor blk.21.ffn_down_exps.input_scale
create_tensor: loading tensor blk.21.ffn_up_exps.input_scale
create_tensor: loading tensor blk.21.ffn_gate_shexp.input_scale
create_tensor: loading tensor blk.21.ffn_down_shexp.input_scale
create_tensor: loading tensor blk.21.ffn_up_shexp.input_scale
create_tensor: loading tensor blk.21.ssm_out.input_scale
create_tensor: loading tensor blk.21.ssm_alpha.input_scale
create_tensor: loading tensor blk.21.ssm_beta.input_scale
create_tensor: loading tensor blk.22.attn_qkv.scale
create_tensor: loading tensor blk.22.attn_gate.scale
create_tensor: loading tensor blk.22.ffn_gate_shexp.scale
create_tensor: loading tensor blk.22.ffn_down_shexp.scale
create_tensor: loading tensor blk.22.ffn_up_shexp.scale
create_tensor: loading tensor blk.22.ffn_gate_exps.scale
create_tensor: loading tensor blk.22.ffn_down_exps.scale
create_tensor: loading tensor blk.22.ffn_up_exps.scale
create_tensor: loading tensor blk.22.ssm_out.scale
create_tensor: loading tensor blk.22.ssm_alpha.scale
create_tensor: loading tensor blk.22.ssm_beta.scale
create_tensor: loading tensor blk.22.attn_qkv.input_scale
create_tensor: loading tensor blk.22.attn_gate.input_scale
create_tensor: loading tensor blk.22.ffn_gate_exps.input_scale
create_tensor: loading tensor blk.22.ffn_down_exps.input_scale
create_tensor: loading tensor blk.22.ffn_up_exps.input_scale
create_tensor: loading tensor blk.22.ffn_gate_shexp.input_scale
create_tensor: loading tensor blk.22.ffn_down_shexp.input_scale
create_tensor: loading tensor blk.22.ffn_up_shexp.input_scale
create_tensor: loading tensor blk.22.ssm_out.input_scale
create_tensor: loading tensor blk.22.ssm_alpha.input_scale
create_tensor: loading tensor blk.22.ssm_beta.input_scale
create_tensor: loading tensor blk.23.attn_q.scale
create_tensor: loading tensor blk.23.attn_k.scale
create_tensor: loading tensor blk.23.attn_v.scale
create_tensor: loading tensor blk.23.attn_output.scale
create_tensor: loading tensor blk.23.ffn_gate_shexp.scale
create_tensor: loading tensor blk.23.ffn_down_shexp.scale
create_tensor: loading tensor blk.23.ffn_up_shexp.scale
create_tensor: loading tensor blk.23.ffn_gate_exps.scale
create_tensor: loading tensor blk.23.ffn_down_exps.scale
create_tensor: loading tensor blk.23.ffn_up_exps.scale
create_tensor: loading tensor blk.23.attn_q.input_scale
create_tensor: loading tensor blk.23.attn_k.input_scale
create_tensor: loading tensor blk.23.attn_v.input_scale
create_tensor: loading tensor blk.23.attn_output.input_scale
create_tensor: loading tensor blk.23.ffn_gate_exps.input_scale
create_tensor: loading tensor blk.23.ffn_down_exps.input_scale
create_tensor: loading tensor blk.23.ffn_up_exps.input_scale
create_tensor: loading tensor blk.23.ffn_gate_shexp.input_scale
create_tensor: loading tensor blk.23.ffn_down_shexp.input_scale
create_tensor: loading tensor blk.23.ffn_up_shexp.input_scale
create_tensor: loading tensor blk.24.attn_qkv.scale
create_tensor: loading tensor blk.24.attn_gate.scale
create_tensor: loading tensor blk.24.ffn_gate_shexp.scale
create_tensor: loading tensor blk.24.ffn_down_shexp.scale
create_tensor: loading tensor blk.24.ffn_up_shexp.scale
create_tensor: loading tensor blk.24.ffn_gate_exps.scale
create_tensor: loading tensor blk.24.ffn_down_exps.scale
create_tensor: loading tensor blk.24.ffn_up_exps.scale
create_tensor: loading tensor blk.24.ssm_out.scale
create_tensor: loading tensor blk.24.ssm_alpha.scale
create_tensor: loading tensor blk.24.ssm_beta.scale
create_tensor: loading tensor blk.24.attn_qkv.input_scale
create_tensor: loading tensor blk.24.attn_gate.input_scale
create_tensor: loading tensor blk.24.ffn_gate_exps.input_scale
create_tensor: loading tensor blk.24.ffn_down_exps.input_scale
create_tensor: loading tensor blk.24.ffn_up_exps.input_scale
create_tensor: loading tensor blk.24.ffn_gate_shexp.input_scale
create_tensor: loading tensor blk.24.ffn_down_shexp.input_scale
create_tensor: loading tensor blk.24.ffn_up_shexp.input_scale
create_tensor: loading tensor blk.24.ssm_out.input_scale
create_tensor: loading tensor blk.24.ssm_alpha.input_scale
create_tensor: loading tensor blk.24.ssm_beta.input_scale
create_tensor: loading tensor blk.25.attn_qkv.scale
create_tensor: loading tensor blk.25.attn_gate.scale
create_tensor: loading tensor blk.25.ffn_gate_shexp.scale
create_tensor: loading tensor blk.25.ffn_down_shexp.scale
create_tensor: loading tensor blk.25.ffn_up_shexp.scale
create_tensor: loading tensor blk.25.ffn_gate_exps.scale
create_tensor: loading tensor blk.25.ffn_down_exps.scale
create_tensor: loading tensor blk.25.ffn_up_exps.scale
create_tensor: loading tensor blk.25.ssm_out.scale
create_tensor: loading tensor blk.25.ssm_alpha.scale
create_tensor: loading tensor blk.25.ssm_beta.scale
create_tensor: loading tensor blk.25.attn_qkv.input_scale
create_tensor: loading tensor blk.25.attn_gate.input_scale
create_tensor: loading tensor blk.25.ffn_gate_exps.input_scale
create_tensor: loading tensor blk.25.ffn_down_exps.input_scale
create_tensor: loading tensor blk.25.ffn_up_exps.input_scale
create_tensor: loading tensor blk.25.ffn_gate_shexp.input_scale
create_tensor: loading tensor blk.25.ffn_down_shexp.input_scale
create_tensor: loading tensor blk.25.ffn_up_shexp.input_scale
create_tensor: loading tensor blk.25.ssm_out.input_scale
create_tensor: loading tensor blk.25.ssm_alpha.input_scale
create_tensor: loading tensor blk.25.ssm_beta.input_scale
create_tensor: loading tensor blk.26.attn_qkv.scale
create_tensor: loading tensor blk.26.attn_gate.scale
create_tensor: loading tensor blk.26.ffn_gate_shexp.scale
create_tensor: loading tensor blk.26.ffn_down_shexp.scale
create_tensor: loading tensor blk.26.ffn_up_shexp.scale
create_tensor: loading tensor blk.26.ffn_gate_exps.scale
create_tensor: loading tensor blk.26.ffn_down_exps.scale
create_tensor: loading tensor blk.26.ffn_up_exps.scale
create_tensor: loading tensor blk.26.ssm_out.scale
create_tensor: loading tensor blk.26.ssm_alpha.scale
create_tensor: loading tensor blk.26.ssm_beta.scale
create_tensor: loading tensor blk.26.attn_qkv.input_scale
create_tensor: loading tensor blk.26.attn_gate.input_scale
create_tensor: loading tensor blk.26.ffn_gate_exps.input_scale
create_tensor: loading tensor blk.26.ffn_down_exps.input_scale
create_tensor: loading tensor blk.26.ffn_up_exps.input_scale
create_tensor: loading tensor blk.26.ffn_gate_shexp.input_scale
create_tensor: loading tensor blk.26.ffn_down_shexp.input_scale
create_tensor: loading tensor blk.26.ffn_up_shexp.input_scale
create_tensor: loading tensor blk.26.ssm_out.input_scale
create_tensor: loading tensor blk.26.ssm_alpha.input_scale
create_tensor: loading tensor blk.26.ssm_beta.input_scale
create_tensor: loading tensor blk.27.attn_q.scale
create_tensor: loading tensor blk.27.attn_k.scale
create_tensor: loading tensor blk.27.attn_v.scale
create_tensor: loading tensor blk.27.attn_output.scale
create_tensor: loading tensor blk.27.ffn_gate_shexp.scale
create_tensor: loading tensor blk.27.ffn_down_shexp.scale
create_tensor: loading tensor blk.27.ffn_up_shexp.scale
create_tensor: loading tensor blk.27.ffn_gate_exps.scale
create_tensor: loading tensor blk.27.ffn_down_exps.scale
create_tensor: loading tensor blk.27.ffn_up_exps.scale
create_tensor: loading tensor blk.27.attn_q.input_scale
create_tensor: loading tensor blk.27.attn_k.input_scale
create_tensor: loading tensor blk.27.attn_v.input_scale
create_tensor: loading tensor blk.27.attn_output.input_scale
create_tensor: loading tensor blk.27.ffn_gate_exps.input_scale
create_tensor: loading tensor blk.27.ffn_down_exps.input_scale
create_tensor: loading tensor blk.27.ffn_up_exps.input_scale
create_tensor: loading tensor blk.27.ffn_gate_shexp.input_scale
create_tensor: loading tensor blk.27.ffn_down_shexp.input_scale
create_tensor: loading tensor blk.27.ffn_up_shexp.input_scale
create_tensor: loading tensor blk.28.attn_qkv.scale
create_tensor: loading tensor blk.28.attn_gate.scale
create_tensor: loading tensor blk.28.ffn_gate_shexp.scale
create_tensor: loading tensor blk.28.ffn_down_shexp.scale
create_tensor: loading tensor blk.28.ffn_up_shexp.scale
create_tensor: loading tensor blk.28.ffn_gate_exps.scale
create_tensor: loading tensor blk.28.ffn_down_exps.scale
create_tensor: loading tensor blk.28.ffn_up_exps.scale
create_tensor: loading tensor blk.28.ssm_out.scale
create_tensor: loading tensor blk.28.ssm_alpha.scale
create_tensor: loading tensor blk.28.ssm_beta.scale
create_tensor: loading tensor blk.28.attn_qkv.input_scale
create_tensor: loading tensor blk.28.attn_gate.input_scale
create_tensor: loading tensor blk.28.ffn_gate_exps.input_scale
create_tensor: loading tensor blk.28.ffn_down_exps.input_scale
create_tensor: loading tensor blk.28.ffn_up_exps.input_scale
create_tensor: loading tensor blk.28.ffn_gate_shexp.input_scale
create_tensor: loading tensor blk.28.ffn_down_shexp.input_scale
create_tensor: loading tensor blk.28.ffn_up_shexp.input_scale
create_tensor: loading tensor blk.28.ssm_out.input_scale
create_tensor: loading tensor blk.28.ssm_alpha.input_scale
create_tensor: loading tensor blk.28.ssm_beta.input_scale
create_tensor: loading tensor blk.29.attn_qkv.scale
create_tensor: loading tensor blk.29.attn_gate.scale
create_tensor: loading tensor blk.29.ffn_gate_shexp.scale
create_tensor: loading tensor blk.29.ffn_down_shexp.scale
create_tensor: loading tensor blk.29.ffn_up_shexp.scale
create_tensor: loading tensor blk.29.ffn_gate_exps.scale
create_tensor: loading tensor blk.29.ffn_down_exps.scale
create_tensor: loading tensor blk.29.ffn_up_exps.scale
create_tensor: loading tensor blk.29.ssm_out.scale
create_tensor: loading tensor blk.29.ssm_alpha.scale
create_tensor: loading tensor blk.29.ssm_beta.scale
create_tensor: loading tensor blk.29.attn_qkv.input_scale
create_tensor: loading tensor blk.29.attn_gate.input_scale
create_tensor: loading tensor blk.29.ffn_gate_exps.input_scale
create_tensor: loading tensor blk.29.ffn_down_exps.input_scale
create_tensor: loading tensor blk.29.ffn_up_exps.input_scale
create_tensor: loading tensor blk.29.ffn_gate_shexp.input_scale
create_tensor: loading tensor blk.29.ffn_down_shexp.input_scale
create_tensor: loading tensor blk.29.ffn_up_shexp.input_scale
create_tensor: loading tensor blk.29.ssm_out.input_scale
create_tensor: loading tensor blk.29.ssm_alpha.input_scale
create_tensor: loading tensor blk.29.ssm_beta.input_scale
create_tensor: loading tensor blk.30.attn_qkv.scale
create_tensor: loading tensor blk.30.attn_gate.scale
create_tensor: loading tensor blk.30.ffn_gate_shexp.scale
create_tensor: loading tensor blk.30.ffn_down_shexp.scale
create_tensor: loading tensor blk.30.ffn_up_shexp.scale
create_tensor: loading tensor blk.30.ffn_gate_exps.scale
create_tensor: loading tensor blk.30.ffn_down_exps.scale
create_tensor: loading tensor blk.30.ffn_up_exps.scale
create_tensor: loading tensor blk.30.ssm_out.scale
create_tensor: loading tensor blk.30.ssm_alpha.scale
create_tensor: loading tensor blk.30.ssm_beta.scale
create_tensor: loading tensor blk.30.attn_qkv.input_scale
create_tensor: loading tensor blk.30.attn_gate.input_scale
create_tensor: loading tensor blk.30.ffn_gate_exps.input_scale
create_tensor: loading tensor blk.30.ffn_down_exps.input_scale
create_tensor: loading tensor blk.30.ffn_up_exps.input_scale
create_tensor: loading tensor blk.30.ffn_gate_shexp.input_scale
create_tensor: loading tensor blk.30.ffn_down_shexp.input_scale
create_tensor: loading tensor blk.30.ffn_up_shexp.input_scale
create_tensor: loading tensor blk.30.ssm_out.input_scale
create_tensor: loading tensor blk.30.ssm_alpha.input_scale
create_tensor: loading tensor blk.30.ssm_beta.input_scale
create_tensor: loading tensor blk.31.attn_q.scale
create_tensor: loading tensor blk.31.attn_k.scale
create_tensor: loading tensor blk.31.attn_v.scale
create_tensor: loading tensor blk.31.attn_output.scale
create_tensor: loading tensor blk.31.ffn_gate_shexp.scale
create_tensor: loading tensor blk.31.ffn_down_shexp.scale
create_tensor: loading tensor blk.31.ffn_up_shexp.scale
create_tensor: loading tensor blk.31.ffn_gate_exps.scale
create_tensor: loading tensor blk.31.ffn_down_exps.scale
create_tensor: loading tensor blk.31.ffn_up_exps.scale
create_tensor: loading tensor blk.31.attn_q.input_scale
create_tensor: loading tensor blk.31.attn_k.input_scale
create_tensor: loading tensor blk.31.attn_v.input_scale
create_tensor: loading tensor blk.31.attn_output.input_scale
create_tensor: loading tensor blk.31.ffn_gate_exps.input_scale
create_tensor: loading tensor blk.31.ffn_down_exps.input_scale
create_tensor: loading tensor blk.31.ffn_up_exps.input_scale
create_tensor: loading tensor blk.31.ffn_gate_shexp.input_scale
create_tensor: loading tensor blk.31.ffn_down_shexp.input_scale
create_tensor: loading tensor blk.31.ffn_up_shexp.input_scale
create_tensor: loading tensor blk.32.attn_qkv.scale
create_tensor: loading tensor blk.32.attn_gate.scale
create_tensor: loading tensor blk.32.ffn_gate_shexp.scale
create_tensor: loading tensor blk.32.ffn_down_shexp.scale
create_tensor: loading tensor blk.32.ffn_up_shexp.scale
create_tensor: loading tensor blk.32.ffn_gate_exps.scale
create_tensor: loading tensor blk.32.ffn_down_exps.scale
create_tensor: loading tensor blk.32.ffn_up_exps.scale
create_tensor: loading tensor blk.32.ssm_out.scale
create_tensor: loading tensor blk.32.ssm_alpha.scale
create_tensor: loading tensor blk.32.ssm_beta.scale
create_tensor: loading tensor blk.32.attn_qkv.input_scale
create_tensor: loading tensor blk.32.attn_gate.input_scale
create_tensor: loading tensor blk.32.ffn_gate_exps.input_scale
create_tensor: loading tensor blk.32.ffn_down_exps.input_scale
create_tensor: loading tensor blk.32.ffn_up_exps.input_scale
create_tensor: loading tensor blk.32.ffn_gate_shexp.input_scale
create_tensor: loading tensor blk.32.ffn_down_shexp.input_scale
create_tensor: loading tensor blk.32.ffn_up_shexp.input_scale
create_tensor: loading tensor blk.32.ssm_out.input_scale
create_tensor: loading tensor blk.32.ssm_alpha.input_scale
create_tensor: loading tensor blk.32.ssm_beta.input_scale
create_tensor: loading tensor blk.33.attn_qkv.scale
create_tensor: loading tensor blk.33.attn_gate.scale
create_tensor: loading tensor blk.33.ffn_gate_shexp.scale
create_tensor: loading tensor blk.33.ffn_down_shexp.scale
create_tensor: loading tensor blk.33.ffn_up_shexp.scale
create_tensor: loading tensor blk.33.ffn_gate_exps.scale
create_tensor: loading tensor blk.33.ffn_down_exps.scale
create_tensor: loading tensor blk.33.ffn_up_exps.scale
create_tensor: loading tensor blk.33.ssm_out.scale
create_tensor: loading tensor blk.33.ssm_alpha.scale
create_tensor: loading tensor blk.33.ssm_beta.scale
create_tensor: loading tensor blk.33.attn_qkv.input_scale
create_tensor: loading tensor blk.33.attn_gate.input_scale
create_tensor: loading tensor blk.33.ffn_gate_exps.input_scale
create_tensor: loading tensor blk.33.ffn_down_exps.input_scale
create_tensor: loading tensor blk.33.ffn_up_exps.input_scale
create_tensor: loading tensor blk.33.ffn_gate_shexp.input_scale
create_tensor: loading tensor blk.33.ffn_down_shexp.input_scale
create_tensor: loading tensor blk.33.ffn_up_shexp.input_scale
create_tensor: loading tensor blk.33.ssm_out.input_scale
create_tensor: loading tensor blk.33.ssm_alpha.input_scale
create_tensor: loading tensor blk.33.ssm_beta.input_scale
create_tensor: loading tensor blk.34.attn_qkv.scale
create_tensor: loading tensor blk.34.attn_gate.scale
create_tensor: loading tensor blk.34.ffn_gate_shexp.scale
create_tensor: loading tensor blk.34.ffn_down_shexp.scale
create_tensor: loading tensor blk.34.ffn_up_shexp.scale
create_tensor: loading tensor blk.34.ffn_gate_exps.scale
create_tensor: loading tensor blk.34.ffn_down_exps.scale
create_tensor: loading tensor blk.34.ffn_up_exps.scale
create_tensor: loading tensor blk.34.ssm_out.scale
create_tensor: loading tensor blk.34.ssm_alpha.scale
create_tensor: loading tensor blk.34.ssm_beta.scale
create_tensor: loading tensor blk.34.attn_qkv.input_scale
create_tensor: loading tensor blk.34.attn_gate.input_scale
create_tensor: loading tensor blk.34.ffn_gate_exps.input_scale
create_tensor: loading tensor blk.34.ffn_down_exps.input_scale
create_tensor: loading tensor blk.34.ffn_up_exps.input_scale
create_tensor: loading tensor blk.34.ffn_gate_shexp.input_scale
create_tensor: loading tensor blk.34.ffn_down_shexp.input_scale
create_tensor: loading tensor blk.34.ffn_up_shexp.input_scale
create_tensor: loading tensor blk.34.ssm_out.input_scale
create_tensor: loading tensor blk.34.ssm_alpha.input_scale
create_tensor: loading tensor blk.34.ssm_beta.input_scale
create_tensor: loading tensor blk.35.attn_q.scale
create_tensor: loading tensor blk.35.attn_k.scale
create_tensor: loading tensor blk.35.attn_v.scale
create_tensor: loading tensor blk.35.attn_output.scale
create_tensor: loading tensor blk.35.ffn_gate_shexp.scale
create_tensor: loading tensor blk.35.ffn_down_shexp.scale
create_tensor: loading tensor blk.35.ffn_up_shexp.scale
create_tensor: loading tensor blk.35.ffn_gate_exps.scale
create_tensor: loading tensor blk.35.ffn_down_exps.scale
create_tensor: loading tensor blk.35.ffn_up_exps.scale
create_tensor: loading tensor blk.35.attn_q.input_scale
create_tensor: loading tensor blk.35.attn_k.input_scale
create_tensor: loading tensor blk.35.attn_v.input_scale
create_tensor: loading tensor blk.35.attn_output.input_scale
create_tensor: loading tensor blk.35.ffn_gate_exps.input_scale
create_tensor: loading tensor blk.35.ffn_down_exps.input_scale
create_tensor: loading tensor blk.35.ffn_up_exps.input_scale
create_tensor: loading tensor blk.35.ffn_gate_shexp.input_scale
create_tensor: loading tensor blk.35.ffn_down_shexp.input_scale
create_tensor: loading tensor blk.35.ffn_up_shexp.input_scale
create_tensor: loading tensor blk.36.attn_qkv.scale
create_tensor: loading tensor blk.36.attn_gate.scale
create_tensor: loading tensor blk.36.ffn_gate_shexp.scale
create_tensor: loading tensor blk.36.ffn_down_shexp.scale
create_tensor: loading tensor blk.36.ffn_up_shexp.scale
create_tensor: loading tensor blk.36.ffn_gate_exps.scale
create_tensor: loading tensor blk.36.ffn_down_exps.scale
create_tensor: loading tensor blk.36.ffn_up_exps.scale
create_tensor: loading tensor blk.36.ssm_out.scale
create_tensor: loading tensor blk.36.ssm_alpha.scale
create_tensor: loading tensor blk.36.ssm_beta.scale
create_tensor: loading tensor blk.36.attn_qkv.input_scale
create_tensor: loading tensor blk.36.attn_gate.input_scale
create_tensor: loading tensor blk.36.ffn_gate_exps.input_scale
create_tensor: loading tensor blk.36.ffn_down_exps.input_scale
create_tensor: loading tensor blk.36.ffn_up_exps.input_scale
create_tensor: loading tensor blk.36.ffn_gate_shexp.input_scale
create_tensor: loading tensor blk.36.ffn_down_shexp.input_scale
create_tensor: loading tensor blk.36.ffn_up_shexp.input_scale
create_tensor: loading tensor blk.36.ssm_out.input_scale
create_tensor: loading tensor blk.36.ssm_alpha.input_scale
create_tensor: loading tensor blk.36.ssm_beta.input_scale
create_tensor: loading tensor blk.37.attn_qkv.scale
create_tensor: loading tensor blk.37.attn_gate.scale
create_tensor: loading tensor blk.37.ffn_gate_shexp.scale
create_tensor: loading tensor blk.37.ffn_down_shexp.scale
create_tensor: loading tensor blk.37.ffn_up_shexp.scale
create_tensor: loading tensor blk.37.ffn_gate_exps.scale
create_tensor: loading tensor blk.37.ffn_down_exps.scale
create_tensor: loading tensor blk.37.ffn_up_exps.scale
create_tensor: loading tensor blk.37.ssm_out.scale
create_tensor: loading tensor blk.37.ssm_alpha.scale
create_tensor: loading tensor blk.37.ssm_beta.scale
create_tensor: loading tensor blk.37.attn_qkv.input_scale
create_tensor: loading tensor blk.37.attn_gate.input_scale
create_tensor: loading tensor blk.37.ffn_gate_exps.input_scale
create_tensor: loading tensor blk.37.ffn_down_exps.input_scale
create_tensor: loading tensor blk.37.ffn_up_exps.input_scale
create_tensor: loading tensor blk.37.ffn_gate_shexp.input_scale
create_tensor: loading tensor blk.37.ffn_down_shexp.input_scale
create_tensor: loading tensor blk.37.ffn_up_shexp.input_scale
create_tensor: loading tensor blk.37.ssm_out.input_scale
create_tensor: loading tensor blk.37.ssm_alpha.input_scale
create_tensor: loading tensor blk.37.ssm_beta.input_scale
create_tensor: loading tensor blk.38.attn_qkv.scale
create_tensor: loading tensor blk.38.attn_gate.scale
create_tensor: loading tensor blk.38.ffn_gate_shexp.scale
create_tensor: loading tensor blk.38.ffn_down_shexp.scale
create_tensor: loading tensor blk.38.ffn_up_shexp.scale
create_tensor: loading tensor blk.38.ffn_gate_exps.scale
create_tensor: loading tensor blk.38.ffn_down_exps.scale
create_tensor: loading tensor blk.38.ffn_up_exps.scale
create_tensor: loading tensor blk.38.ssm_out.scale
create_tensor: loading tensor blk.38.ssm_alpha.scale
create_tensor: loading tensor blk.38.ssm_beta.scale
create_tensor: loading tensor blk.38.attn_qkv.input_scale
create_tensor: loading tensor blk.38.attn_gate.input_scale
create_tensor: loading tensor blk.38.ffn_gate_exps.input_scale
create_tensor: loading tensor blk.38.ffn_down_exps.input_scale
create_tensor: loading tensor blk.38.ffn_up_exps.input_scale
create_tensor: loading tensor blk.38.ffn_gate_shexp.input_scale
create_tensor: loading tensor blk.38.ffn_down_shexp.input_scale
create_tensor: loading tensor blk.38.ffn_up_shexp.input_scale
create_tensor: loading tensor blk.38.ssm_out.input_scale
create_tensor: loading tensor blk.38.ssm_alpha.input_scale
create_tensor: loading tensor blk.38.ssm_beta.input_scale
create_tensor: loading tensor blk.39.attn_q.scale
create_tensor: loading tensor blk.39.attn_k.scale
create_tensor: loading tensor blk.39.attn_v.scale
create_tensor: loading tensor blk.39.attn_output.scale
create_tensor: loading tensor blk.39.ffn_gate_shexp.scale
create_tensor: loading tensor blk.39.ffn_down_shexp.scale
create_tensor: loading tensor blk.39.ffn_up_shexp.scale
create_tensor: loading tensor blk.39.ffn_gate_exps.scale
create_tensor: loading tensor blk.39.ffn_down_exps.scale
create_tensor: loading tensor blk.39.ffn_up_exps.scale
create_tensor: loading tensor blk.39.attn_q.input_scale
create_tensor: loading tensor blk.39.attn_k.input_scale
create_tensor: loading tensor blk.39.attn_v.input_scale
create_tensor: loading tensor blk.39.attn_output.input_scale
create_tensor: loading tensor blk.39.ffn_gate_exps.input_scale
create_tensor: loading tensor blk.39.ffn_down_exps.input_scale
create_tensor: loading tensor blk.39.ffn_up_exps.input_scale
create_tensor: loading tensor blk.39.ffn_gate_shexp.input_scale
create_tensor: loading tensor blk.39.ffn_down_shexp.input_scale
create_tensor: loading tensor blk.39.ffn_up_shexp.input_scale
create_tensor: loading tensor blk.40.attn_qkv.scale
create_tensor: loading tensor blk.40.attn_gate.scale
create_tensor: loading tensor blk.40.ffn_gate_shexp.scale
create_tensor: loading tensor blk.40.ffn_down_shexp.scale
create_tensor: loading tensor blk.40.ffn_up_shexp.scale
create_tensor: loading tensor blk.40.ffn_gate_exps.scale
create_tensor: loading tensor blk.40.ffn_down_exps.scale
create_tensor: loading tensor blk.40.ffn_up_exps.scale
create_tensor: loading tensor blk.40.ssm_out.scale
create_tensor: loading tensor blk.40.ssm_alpha.scale
create_tensor: loading tensor blk.40.ssm_beta.scale
create_tensor: loading tensor blk.40.attn_qkv.input_scale
create_tensor: loading tensor blk.40.attn_gate.input_scale
create_tensor: loading tensor blk.40.ffn_gate_exps.input_scale
create_tensor: loading tensor blk.40.ffn_down_exps.input_scale
create_tensor: loading tensor blk.40.ffn_up_exps.input_scale
create_tensor: loading tensor blk.40.ffn_gate_shexp.input_scale
create_tensor: loading tensor blk.40.ffn_down_shexp.input_scale
create_tensor: loading tensor blk.40.ffn_up_shexp.input_scale
create_tensor: loading tensor blk.40.ssm_out.input_scale
create_tensor: loading tensor blk.40.ssm_alpha.input_scale
create_tensor: loading tensor blk.40.ssm_beta.input_scale
create_tensor: loading tensor blk.41.attn_qkv.scale
create_tensor: loading tensor blk.41.attn_gate.scale
create_tensor: loading tensor blk.41.ffn_gate_shexp.scale
create_tensor: loading tensor blk.41.ffn_down_shexp.scale
create_tensor: loading tensor blk.41.ffn_up_shexp.scale
create_tensor: loading tensor blk.41.ffn_gate_exps.scale
create_tensor: loading tensor blk.41.ffn_down_exps.scale
create_tensor: loading tensor blk.41.ffn_up_exps.scale
create_tensor: loading tensor blk.41.ssm_out.scale
create_tensor: loading tensor blk.41.ssm_alpha.scale
create_tensor: loading tensor blk.41.ssm_beta.scale
create_tensor: loading tensor blk.41.attn_qkv.input_scale
create_tensor: loading tensor blk.41.attn_gate.input_scale
create_tensor: loading tensor blk.41.ffn_gate_exps.input_scale
create_tensor: loading tensor blk.41.ffn_down_exps.input_scale
create_tensor: loading tensor blk.41.ffn_up_exps.input_scale
create_tensor: loading tensor blk.41.ffn_gate_shexp.input_scale
create_tensor: loading tensor blk.41.ffn_down_shexp.input_scale
create_tensor: loading tensor blk.41.ffn_up_shexp.input_scale
create_tensor: loading tensor blk.41.ssm_out.input_scale
create_tensor: loading tensor blk.41.ssm_alpha.input_scale
create_tensor: loading tensor blk.41.ssm_beta.input_scale
create_tensor: loading tensor blk.42.attn_qkv.scale
create_tensor: loading tensor blk.42.attn_gate.scale
create_tensor: loading tensor blk.42.ffn_gate_shexp.scale
create_tensor: loading tensor blk.42.ffn_down_shexp.scale
create_tensor: loading tensor blk.42.ffn_up_shexp.scale
create_tensor: loading tensor blk.42.ffn_gate_exps.scale
create_tensor: loading tensor blk.42.ffn_down_exps.scale
create_tensor: loading tensor blk.42.ffn_up_exps.scale
create_tensor: loading tensor blk.42.ssm_out.scale
create_tensor: loading tensor blk.42.ssm_alpha.scale
create_tensor: loading tensor blk.42.ssm_beta.scale
create_tensor: loading tensor blk.42.attn_qkv.input_scale
create_tensor: loading tensor blk.42.attn_gate.input_scale
create_tensor: loading tensor blk.42.ffn_gate_exps.input_scale
create_tensor: loading tensor blk.42.ffn_down_exps.input_scale
create_tensor: loading tensor blk.42.ffn_up_exps.input_scale
create_tensor: loading tensor blk.42.ffn_gate_shexp.input_scale
create_tensor: loading tensor blk.42.ffn_down_shexp.input_scale
create_tensor: loading tensor blk.42.ffn_up_shexp.input_scale
create_tensor: loading tensor blk.42.ssm_out.input_scale
create_tensor: loading tensor blk.42.ssm_alpha.input_scale
create_tensor: loading tensor blk.42.ssm_beta.input_scale
create_tensor: loading tensor blk.43.attn_q.scale
create_tensor: loading tensor blk.43.attn_k.scale
create_tensor: loading tensor blk.43.attn_v.scale
create_tensor: loading tensor blk.43.attn_output.scale
create_tensor: loading tensor blk.43.ffn_gate_shexp.scale
create_tensor: loading tensor blk.43.ffn_down_shexp.scale
create_tensor: loading tensor blk.43.ffn_up_shexp.scale
create_tensor: loading tensor blk.43.ffn_gate_exps.scale
create_tensor: loading tensor blk.43.ffn_down_exps.scale
create_tensor: loading tensor blk.43.ffn_up_exps.scale
create_tensor: loading tensor blk.43.attn_q.input_scale
create_tensor: loading tensor blk.43.attn_k.input_scale
create_tensor: loading tensor blk.43.attn_v.input_scale
create_tensor: loading tensor blk.43.attn_output.input_scale
create_tensor: loading tensor blk.43.ffn_gate_exps.input_scale
create_tensor: loading tensor blk.43.ffn_down_exps.input_scale
create_tensor: loading tensor blk.43.ffn_up_exps.input_scale
create_tensor: loading tensor blk.43.ffn_gate_shexp.input_scale
create_tensor: loading tensor blk.43.ffn_down_shexp.input_scale
create_tensor: loading tensor blk.43.ffn_up_shexp.input_scale
create_tensor: loading tensor blk.44.attn_qkv.scale
create_tensor: loading tensor blk.44.attn_gate.scale
create_tensor: loading tensor blk.44.ffn_gate_shexp.scale
create_tensor: loading tensor blk.44.ffn_down_shexp.scale
create_tensor: loading tensor blk.44.ffn_up_shexp.scale
create_tensor: loading tensor blk.44.ffn_gate_exps.scale
create_tensor: loading tensor blk.44.ffn_down_exps.scale
create_tensor: loading tensor blk.44.ffn_up_exps.scale
create_tensor: loading tensor blk.44.ssm_out.scale
create_tensor: loading tensor blk.44.ssm_alpha.scale
create_tensor: loading tensor blk.44.ssm_beta.scale
create_tensor: loading tensor blk.44.attn_qkv.input_scale
create_tensor: loading tensor blk.44.attn_gate.input_scale
create_tensor: loading tensor blk.44.ffn_gate_exps.input_scale
create_tensor: loading tensor blk.44.ffn_down_exps.input_scale
create_tensor: loading tensor blk.44.ffn_up_exps.input_scale
create_tensor: loading tensor blk.44.ffn_gate_shexp.input_scale
create_tensor: loading tensor blk.44.ffn_down_shexp.input_scale
create_tensor: loading tensor blk.44.ffn_up_shexp.input_scale
create_tensor: loading tensor blk.44.ssm_out.input_scale
create_tensor: loading tensor blk.44.ssm_alpha.input_scale
create_tensor: loading tensor blk.44.ssm_beta.input_scale
create_tensor: loading tensor blk.45.attn_qkv.scale
create_tensor: loading tensor blk.45.attn_gate.scale
create_tensor: loading tensor blk.45.ffn_gate_shexp.scale
create_tensor: loading tensor blk.45.ffn_down_shexp.scale
create_tensor: loading tensor blk.45.ffn_up_shexp.scale
create_tensor: loading tensor blk.45.ffn_gate_exps.scale
create_tensor: loading tensor blk.45.ffn_down_exps.scale
create_tensor: loading tensor blk.45.ffn_up_exps.scale
create_tensor: loading tensor blk.45.ssm_out.scale
create_tensor: loading tensor blk.45.ssm_alpha.scale
create_tensor: loading tensor blk.45.ssm_beta.scale
create_tensor: loading tensor blk.45.attn_qkv.input_scale
create_tensor: loading tensor blk.45.attn_gate.input_scale
create_tensor: loading tensor blk.45.ffn_gate_exps.input_scale
create_tensor: loading tensor blk.45.ffn_down_exps.input_scale
create_tensor: loading tensor blk.45.ffn_up_exps.input_scale
create_tensor: loading tensor blk.45.ffn_gate_shexp.input_scale
create_tensor: loading tensor blk.45.ffn_down_shexp.input_scale
create_tensor: loading tensor blk.45.ffn_up_shexp.input_scale
create_tensor: loading tensor blk.45.ssm_out.input_scale
create_tensor: loading tensor blk.45.ssm_alpha.input_scale
create_tensor: loading tensor blk.45.ssm_beta.input_scale
create_tensor: loading tensor blk.46.attn_qkv.scale
create_tensor: loading tensor blk.46.attn_gate.scale
create_tensor: loading tensor blk.46.ffn_gate_shexp.scale
create_tensor: loading tensor blk.46.ffn_down_shexp.scale
create_tensor: loading tensor blk.46.ffn_up_shexp.scale
create_tensor: loading tensor blk.46.ffn_gate_exps.scale
create_tensor: loading tensor blk.46.ffn_down_exps.scale
create_tensor: loading tensor blk.46.ffn_up_exps.scale
create_tensor: loading tensor blk.46.ssm_out.scale
create_tensor: loading tensor blk.46.ssm_alpha.scale
create_tensor: loading tensor blk.46.ssm_beta.scale
create_tensor: loading tensor blk.46.attn_qkv.input_scale
create_tensor: loading tensor blk.46.attn_gate.input_scale
create_tensor: loading tensor blk.46.ffn_gate_exps.input_scale
create_tensor: loading tensor blk.46.ffn_down_exps.input_scale
create_tensor: loading tensor blk.46.ffn_up_exps.input_scale
create_tensor: loading tensor blk.46.ffn_gate_shexp.input_scale
create_tensor: loading tensor blk.46.ffn_down_shexp.input_scale
create_tensor: loading tensor blk.46.ffn_up_shexp.input_scale
create_tensor: loading tensor blk.46.ssm_out.input_scale
create_tensor: loading tensor blk.46.ssm_alpha.input_scale
create_tensor: loading tensor blk.46.ssm_beta.input_scale
create_tensor: loading tensor blk.47.attn_q.scale
create_tensor: loading tensor blk.47.attn_k.scale
create_tensor: loading tensor blk.47.attn_v.scale
create_tensor: loading tensor blk.47.attn_output.scale
create_tensor: loading tensor blk.47.ffn_gate_shexp.scale
create_tensor: loading tensor blk.47.ffn_down_shexp.scale
create_tensor: loading tensor blk.47.ffn_up_shexp.scale
create_tensor: loading tensor blk.47.ffn_gate_exps.scale
create_tensor: loading tensor blk.47.ffn_down_exps.scale
create_tensor: loading tensor blk.47.ffn_up_exps.scale
create_tensor: loading tensor blk.47.attn_q.input_scale
create_tensor: loading tensor blk.47.attn_k.input_scale
create_tensor: loading tensor blk.47.attn_v.input_scale
create_tensor: loading tensor blk.47.attn_output.input_scale
create_tensor: loading tensor blk.47.ffn_gate_exps.input_scale
create_tensor: loading tensor blk.47.ffn_down_exps.input_scale
create_tensor: loading tensor blk.47.ffn_up_exps.input_scale
create_tensor: loading tensor blk.47.ffn_gate_shexp.input_scale
create_tensor: loading tensor blk.47.ffn_down_shexp.input_scale
create_tensor: loading tensor blk.47.ffn_up_shexp.input_scale
hybrid expert prefill staging: 6 window tensor(s), slots=512, 2837.50 MiB of shared VRAM windows
done_getting_tensors: tensor 'token_embd.weight' (q8_0) (and 145 others) cannot be used with preferred buffer type CUDA_Host, using CPU instead
load_tensors: offloading output layer to GPU
load_tensors: offloading 47 repeating layers to GPU
load_tensors: offloaded 49/49 layers to GPU
load_tensors:   CPU_Mapped model buffer size = 47015.89 MiB
load_tensors:   CPU_Mapped model buffer size = 41787.15 MiB
load_tensors:        CUDA0 model buffer size =  7297.40 MiB
......................................................................
load_tensors: cudaHostRegister model mmap: 0.00 GiB registered, 87.25 GiB not registered
llama_context: constructing llama_context
llama_context: n_seq_max             = 1
llama_context: n_ctx                 = 3072
llama_context: n_ctx_seq             = 3072
llama_context: n_batch               = 2048
llama_context: n_ubatch              = 2048
llama_context: causal_attn           = 1
llama_context: flash_attn            = auto
llama_context: kv_unified            = false
llama_context: freq_base             = 10000000.0
llama_context: freq_scale            = 1
llama_context: n_rs_seq              = 0
llama_context: n_outputs_max         = 2048
llama_context: n_outputs_max_per_seq = 1
llama_context: n_ctx_seq (3072) < n_ctx_train (262144) -- the full capacity of the model will not be utilized
set_abort_callback: call
llama_context:  CUDA_Host  output buffer size =     0.95 MiB
llama_kv_cache: layer   0: filtered
llama_kv_cache: layer   1: filtered
llama_kv_cache: layer   2: filtered
llama_kv_cache: layer   3: dev = CUDA0
llama_kv_cache: layer   4: filtered
llama_kv_cache: layer   5: filtered
llama_kv_cache: layer   6: filtered
llama_kv_cache: layer   7: dev = CUDA0
llama_kv_cache: layer   8: filtered
llama_kv_cache: layer   9: filtered
llama_kv_cache: layer  10: filtered
llama_kv_cache: layer  11: dev = CUDA0
llama_kv_cache: layer  12: filtered
llama_kv_cache: layer  13: filtered
llama_kv_cache: layer  14: filtered
llama_kv_cache: layer  15: dev = CUDA0
llama_kv_cache: layer  16: filtered
llama_kv_cache: layer  17: filtered
llama_kv_cache: layer  18: filtered
llama_kv_cache: layer  19: dev = CUDA0
llama_kv_cache: layer  20: filtered
llama_kv_cache: layer  21: filtered
llama_kv_cache: layer  22: filtered
llama_kv_cache: layer  23: dev = CUDA0
llama_kv_cache: layer  24: filtered
llama_kv_cache: layer  25: filtered
llama_kv_cache: layer  26: filtered
llama_kv_cache: layer  27: dev = CUDA0
llama_kv_cache: layer  28: filtered
llama_kv_cache: layer  29: filtered
llama_kv_cache: layer  30: filtered
llama_kv_cache: layer  31: dev = CUDA0
llama_kv_cache: layer  32: filtered
llama_kv_cache: layer  33: filtered
llama_kv_cache: layer  34: filtered
llama_kv_cache: layer  35: dev = CUDA0
llama_kv_cache: layer  36: filtered
llama_kv_cache: layer  37: filtered
llama_kv_cache: layer  38: filtered
llama_kv_cache: layer  39: dev = CUDA0
llama_kv_cache: layer  40: filtered
llama_kv_cache: layer  41: filtered
llama_kv_cache: layer  42: filtered
llama_kv_cache: layer  43: dev = CUDA0
llama_kv_cache: layer  44: filtered
llama_kv_cache: layer  45: filtered
llama_kv_cache: layer  46: filtered
llama_kv_cache: layer  47: dev = CUDA0
llama_kv_cache:      CUDA0 KV buffer size =    72.00 MiB
llama_kv_cache: size =   72.00 MiB (  3072 cells,  12 layers,  1/1 seqs), K (f16):   36.00 MiB, V (f16):   36.00 MiB
llama_kv_cache: attn_rot_k = 0, n_embd_head_k_all = 256
llama_kv_cache: attn_rot_v = 0, n_embd_head_k_all = 256
llama_memory_recurrent, layer   0: dev = CUDA0
llama_memory_recurrent, layer   1: dev = CUDA0
llama_memory_recurrent, layer   2: dev = CUDA0
llama_memory_recurrent: layer   3: skipped
llama_memory_recurrent, layer   4: dev = CUDA0
llama_memory_recurrent, layer   5: dev = CUDA0
llama_memory_recurrent, layer   6: dev = CUDA0
llama_memory_recurrent: layer   7: skipped
llama_memory_recurrent, layer   8: dev = CUDA0
llama_memory_recurrent, layer   9: dev = CUDA0
llama_memory_recurrent, layer  10: dev = CUDA0
llama_memory_recurrent: layer  11: skipped
llama_memory_recurrent, layer  12: dev = CUDA0
llama_memory_recurrent, layer  13: dev = CUDA0
llama_memory_recurrent, layer  14: dev = CUDA0
llama_memory_recurrent: layer  15: skipped
llama_memory_recurrent, layer  16: dev = CUDA0
llama_memory_recurrent, layer  17: dev = CUDA0
llama_memory_recurrent, layer  18: dev = CUDA0
llama_memory_recurrent: layer  19: skipped
llama_memory_recurrent, layer  20: dev = CUDA0
llama_memory_recurrent, layer  21: dev = CUDA0
llama_memory_recurrent, layer  22: dev = CUDA0
llama_memory_recurrent: layer  23: skipped
llama_memory_recurrent, layer  24: dev = CUDA0
llama_memory_recurrent, layer  25: dev = CUDA0
llama_memory_recurrent, layer  26: dev = CUDA0
llama_memory_recurrent: layer  27: skipped
llama_memory_recurrent, layer  28: dev = CUDA0
llama_memory_recurrent, layer  29: dev = CUDA0
llama_memory_recurrent, layer  30: dev = CUDA0
llama_memory_recurrent: layer  31: skipped
llama_memory_recurrent, layer  32: dev = CUDA0
llama_memory_recurrent, layer  33: dev = CUDA0
llama_memory_recurrent, layer  34: dev = CUDA0
llama_memory_recurrent: layer  35: skipped
llama_memory_recurrent, layer  36: dev = CUDA0
llama_memory_recurrent, layer  37: dev = CUDA0
llama_memory_recurrent, layer  38: dev = CUDA0
llama_memory_recurrent: layer  39: skipped
llama_memory_recurrent, layer  40: dev = CUDA0
llama_memory_recurrent, layer  41: dev = CUDA0
llama_memory_recurrent, layer  42: dev = CUDA0
llama_memory_recurrent: layer  43: skipped
llama_memory_recurrent, layer  44: dev = CUDA0
llama_memory_recurrent, layer  45: dev = CUDA0
llama_memory_recurrent, layer  46: dev = CUDA0
llama_memory_recurrent: layer  47: skipped
llama_memory_recurrent:      CUDA0 RS buffer size =   112.57 MiB
llama_memory_recurrent: size =  112.57 MiB (     1 cells,  48 layers,  1 seqs  0 rs_seq), R (f32):    4.22 MiB, S (f32):  108.00 MiB, P (f32):    0.35 MiB
operator (): creating indexer KV cache, size = 3072 cells
llama_kv_cache: layer   0: filtered
llama_kv_cache: layer   1: filtered
llama_kv_cache: layer   2: filtered
llama_kv_cache: layer   3: dev = CUDA0
llama_kv_cache: layer   4: filtered
llama_kv_cache: layer   5: filtered
llama_kv_cache: layer   6: filtered
llama_kv_cache: layer   7: dev = CUDA0
llama_kv_cache: layer   8: filtered
llama_kv_cache: layer   9: filtered
llama_kv_cache: layer  10: filtered
llama_kv_cache: layer  11: dev = CUDA0
llama_kv_cache: layer  12: filtered
llama_kv_cache: layer  13: filtered
llama_kv_cache: layer  14: filtered
llama_kv_cache: layer  15: dev = CUDA0
llama_kv_cache: layer  16: filtered
llama_kv_cache: layer  17: filtered
llama_kv_cache: layer  18: filtered
llama_kv_cache: layer  19: dev = CUDA0
llama_kv_cache: layer  20: filtered
llama_kv_cache: layer  21: filtered
llama_kv_cache: layer  22: filtered
llama_kv_cache: layer  23: dev = CUDA0
llama_kv_cache: layer  24: filtered
llama_kv_cache: layer  25: filtered
llama_kv_cache: layer  26: filtered
llama_kv_cache: layer  27: dev = CUDA0
llama_kv_cache: layer  28: filtered
llama_kv_cache: layer  29: filtered
llama_kv_cache: layer  30: filtered
llama_kv_cache: layer  31: dev = CUDA0
llama_kv_cache: layer  32: filtered
llama_kv_cache: layer  33: filtered
llama_kv_cache: layer  34: filtered
llama_kv_cache: layer  35: dev = CUDA0
llama_kv_cache: layer  36: filtered
llama_kv_cache: layer  37: filtered
llama_kv_cache: layer  38: filtered
llama_kv_cache: layer  39: dev = CUDA0
llama_kv_cache: layer  40: filtered
llama_kv_cache: layer  41: filtered
llama_kv_cache: layer  42: filtered
llama_kv_cache: layer  43: dev = CUDA0
llama_kv_cache: layer  44: filtered
llama_kv_cache: layer  45: filtered
llama_kv_cache: layer  46: filtered
llama_kv_cache: layer  47: dev = CUDA0
llama_kv_cache:      CUDA0 KV buffer size =    27.00 MiB
llama_kv_cache: size =   27.00 MiB (  3072 cells,  12 layers,  1/1 seqs), K (f16):    9.00 MiB, V (f16):   18.00 MiB
llama_kv_cache: attn_rot_k = 0, n_embd_head_k_all = 128
llama_kv_cache: attn_rot_v = 0, n_embd_head_k_all = 256
llama_context: enumerating backends
llama_context: backend_ptrs.size() = 2
sched_reserve: reserving ...
sched_reserve: max_nodes = 81920
sched_reserve: reserving full memory module
sched_reserve: worst-case: n_tokens = 2048, n_seqs = 1, n_outputs = 1
graph_reserve: reserving a graph for ubatch with n_tokens =    1, n_seqs =  1, n_outputs =    1
resolve_fused_ops: Flash Attention enabled
resolve_fused_ops: resolving fused Gated Delta Net support:
graph_reserve: reserving a graph for ubatch with n_tokens =    1, n_seqs =  1, n_outputs =    1
resolve_fused_ops: fused Gated Delta Net (autoregressive) enabled
graph_reserve: reserving a graph for ubatch with n_tokens =   16, n_seqs =  1, n_outputs =   16
resolve_fused_ops: fused Gated Delta Net (chunked) enabled
resolve_fused_ops: resolving fused Lightning Indexer support:
graph_reserve: reserving a graph for ubatch with n_tokens =    1, n_seqs =  1, n_outputs =    1
resolve_fused_ops: Lightning Indexer enabled
resolve_fused_ops: resolving fused DeepSeek V4 HC support:
graph_reserve: reserving a graph for ubatch with n_tokens =    1, n_seqs =  1, n_outputs =    1
resolve_fused_ops: fused DeepSeek V4 HC pre enabled
graph_reserve: reserving a graph for ubatch with n_tokens =    1, n_seqs =  1, n_outputs =    1
resolve_fused_ops: fused DeepSeek V4 HC comb enabled
graph_reserve: reserving a graph for ubatch with n_tokens =    1, n_seqs =  1, n_outputs =    1
resolve_fused_ops: fused DeepSeek V4 HC post enabled
graph_reserve: reserving a graph for ubatch with n_tokens = 2048, n_seqs =  1, n_outputs = 2048
graph_reserve: reserving a graph for ubatch with n_tokens =    1, n_seqs =  1, n_outputs =    1
graph_reserve: reserving a graph for ubatch with n_tokens = 2048, n_seqs =  1, n_outputs = 2048
sched_reserve:      CUDA0 compute buffer size =  2040.00 MiB
sched_reserve:  CUDA_Host compute buffer size =    58.25 MiB
sched_reserve: graph nodes  = 8094 (with bs=2048), 8574 (with bs=1)
sched_reserve: graph splits = 4 (with bs=2048), 100 (with bs=1)
sched_reserve: reserve took 47.30 ms, sched copies = 1
set_n_threads: n_threads = 24, n_threads_batch = 24
prefill staging: 2837.50 MiB pinned host arena
STAGING_BITMAP layer=0 pre_populated=352 bits before this barrier
STAGING_VERIFY layer=0 slot=419 expert=419 role=0 tag=mid MISMATCH matches_expert=-1
STAGING_VERIFY layer=0 slot=504 expert=504 role=0 tag=hi MISMATCH matches_expert=-1
STAGING_BITMAP layer=1 pre_populated=297 bits before this barrier
STAGING_VERIFY layer=1 slot=32 expert=32 role=0 tag=lo MISMATCH matches_expert=-1
STAGING_VERIFY layer=1 slot=193 expert=193 role=0 tag=mid MISMATCH matches_expert=-1
STAGING_VERIFY layer=1 slot=505 expert=505 role=0 tag=hi MISMATCH matches_expert=-1
STAGING_BITMAP layer=2 pre_populated=298 bits before this barrier
STAGING_VERIFY layer=2 slot=4 expert=4 role=2 tag=lo MISMATCH matches_expert=-1
STAGING_VERIFY layer=2 slot=502 expert=502 role=2 tag=hi MISMATCH matches_expert=-1
STAGING_BITMAP layer=3 pre_populated=208 bits before this barrier
STAGING_VERIFY layer=3 slot=8 expert=8 role=0 tag=lo MISMATCH matches_expert=-1
STAGING_VERIFY layer=3 slot=217 expert=217 role=0 tag=mid MISMATCH matches_expert=-1
STAGING_VERIFY layer=3 slot=394 expert=394 role=0 tag=hi MISMATCH matches_expert=-1
STAGING_BITMAP layer=4 pre_populated=232 bits before this barrier
STAGING_VERIFY layer=4 slot=28 expert=28 role=0 tag=lo MISMATCH matches_expert=-1
STAGING_VERIFY layer=4 slot=506 expert=506 role=0 tag=hi MISMATCH matches_expert=-1
STAGING_BITMAP layer=5 pre_populated=287 bits before this barrier
STAGING_VERIFY layer=5 slot=42 expert=42 role=0 tag=lo MISMATCH matches_expert=-1
STAGING_VERIFY layer=5 slot=292 expert=292 role=0 tag=mid MISMATCH matches_expert=-1
STAGING_VERIFY layer=5 slot=471 expert=471 role=0 tag=hi MISMATCH matches_expert=-1
STAGING_BITMAP layer=6 pre_populated=300 bits before this barrier
STAGING_VERIFY layer=6 slot=13 expert=13 role=0 tag=lo MISMATCH matches_expert=-1
STAGING_VERIFY layer=6 slot=237 expert=237 role=0 tag=mid MISMATCH matches_expert=-1
STAGING_VERIFY layer=6 slot=404 expert=404 role=0 tag=hi MISMATCH matches_expert=-1
STAGING_BITMAP layer=7 pre_populated=313 bits before this barrier
STAGING_VERIFY layer=7 slot=13 expert=13 role=0 tag=lo MISMATCH matches_expert=-1
STAGING_VERIFY layer=7 slot=165 expert=165 role=0 tag=mid MISMATCH matches_expert=-1
STAGING_VERIFY layer=7 slot=464 expert=464 role=0 tag=hi MISMATCH matches_expert=-1
STAGING_BITMAP layer=8 pre_populated=251 bits before this barrier
STAGING_VERIFY layer=8 slot=26 expert=26 role=0 tag=lo MISMATCH matches_expert=-1
STAGING_VERIFY layer=8 slot=187 expert=187 role=0 tag=mid MISMATCH matches_expert=-1
STAGING_VERIFY layer=8 slot=458 expert=458 role=0 tag=hi MISMATCH matches_expert=-1
STAGING_BITMAP layer=9 pre_populated=270 bits before this barrier
STAGING_VERIFY layer=9 slot=37 expert=37 role=0 tag=lo MISMATCH matches_expert=-1
STAGING_VERIFY layer=9 slot=346 expert=346 role=0 tag=mid MISMATCH matches_expert=-1
STAGING_VERIFY layer=9 slot=430 expert=430 role=0 tag=hi MISMATCH matches_expert=-1
STAGING_BITMAP layer=10 pre_populated=302 bits before this barrier
STAGING_VERIFY layer=10 slot=9 expert=9 role=0 tag=lo MISMATCH matches_expert=-1
STAGING_VERIFY layer=10 slot=320 expert=320 role=0 tag=mid MISMATCH matches_expert=-1
STAGING_VERIFY layer=10 slot=443 expert=443 role=0 tag=hi MISMATCH matches_expert=-1
STAGING_BITMAP layer=11 pre_populated=276 bits before this barrier
STAGING_VERIFY layer=11 slot=35 expert=35 role=0 tag=lo MISMATCH matches_expert=-1
STAGING_VERIFY layer=11 slot=185 expert=185 role=0 tag=mid MISMATCH matches_expert=-1
STAGING_VERIFY layer=11 slot=437 expert=437 role=0 tag=hi MISMATCH matches_expert=-1
STAGING_BITMAP layer=12 pre_populated=309 bits before this barrier
STAGING_VERIFY layer=12 slot=9 expert=9 role=0 tag=lo MISMATCH matches_expert=-1
STAGING_VERIFY layer=12 slot=366 expert=366 role=0 tag=mid MISMATCH matches_expert=-1
STAGING_VERIFY layer=12 slot=471 expert=471 role=0 tag=hi MISMATCH matches_expert=-1
STAGING_BITMAP layer=13 pre_populated=295 bits before this barrier
STAGING_VERIFY layer=13 slot=265 expert=265 role=0 tag=mid MISMATCH matches_expert=-1
STAGING_BITMAP layer=14 pre_populated=303 bits before this barrier
STAGING_VERIFY layer=14 slot=82 expert=82 role=0 tag=lo MISMATCH matches_expert=-1
STAGING_VERIFY layer=14 slot=326 expert=326 role=0 tag=mid MISMATCH matches_expert=-1
STAGING_VERIFY layer=14 slot=473 expert=473 role=0 tag=hi MISMATCH matches_expert=-1
STAGING_BITMAP layer=15 pre_populated=277 bits before this barrier
STAGING_VERIFY layer=15 slot=110 expert=110 role=0 tag=lo MISMATCH matches_expert=-1
STAGING_VERIFY layer=15 slot=351 expert=351 role=0 tag=mid MISMATCH matches_expert=-1
STAGING_VERIFY layer=15 slot=486 expert=486 role=0 tag=hi MISMATCH matches_expert=-1
STAGING_BITMAP layer=16 pre_populated=319 bits before this barrier
STAGING_VERIFY layer=16 slot=75 expert=75 role=0 tag=lo MISMATCH matches_expert=-1
STAGING_VERIFY layer=16 slot=263 expert=263 role=0 tag=mid MISMATCH matches_expert=-1
STAGING_VERIFY layer=16 slot=480 expert=480 role=0 tag=hi MISMATCH matches_expert=-1
STAGING_BITMAP layer=17 pre_populated=368 bits before this barrier
STAGING_VERIFY layer=17 slot=120 expert=120 role=0 tag=lo MISMATCH matches_expert=-1
STAGING_VERIFY layer=17 slot=299 expert=299 role=0 tag=mid MISMATCH matches_expert=-1
STAGING_VERIFY layer=17 slot=419 expert=419 role=0 tag=hi MISMATCH matches_expert=-1
STAGING_BITMAP layer=18 pre_populated=382 bits before this barrier
STAGING_VERIFY layer=18 slot=22 expert=22 role=0 tag=lo MISMATCH matches_expert=-1
STAGING_VERIFY layer=18 slot=264 expert=264 role=0 tag=mid MISMATCH matches_expert=-1
STAGING_VERIFY layer=18 slot=460 expert=460 role=0 tag=hi MISMATCH matches_expert=-1
STAGING_BITMAP layer=19 pre_populated=398 bits before this barrier
STAGING_VERIFY layer=19 slot=3 expert=3 role=0 tag=lo MISMATCH matches_expert=-1
STAGING_VERIFY layer=19 slot=172 expert=172 role=0 tag=mid MISMATCH matches_expert=-1
STAGING_VERIFY layer=19 slot=472 expert=472 role=0 tag=hi MISMATCH matches_expert=-1
STAGING_BITMAP layer=20 pre_populated=415 bits before this barrier
STAGING_VERIFY layer=20 slot=59 expert=59 role=0 tag=lo MISMATCH matches_expert=-1
STAGING_VERIFY layer=20 slot=344 expert=344 role=0 tag=mid MISMATCH matches_expert=-1
STAGING_VERIFY layer=20 slot=387 expert=387 role=0 tag=hi MISMATCH matches_expert=-1
STAGING_BITMAP layer=21 pre_populated=388 bits before this barrier
STAGING_VERIFY layer=21 slot=29 expert=29 role=0 tag=lo MISMATCH matches_expert=-1
STAGING_VERIFY layer=21 slot=255 expert=255 role=0 tag=mid MISMATCH matches_expert=-1
STAGING_VERIFY layer=21 slot=426 expert=426 role=0 tag=hi MISMATCH matches_expert=-1
STAGING_BITMAP layer=22 pre_populated=387 bits before this barrier
STAGING_VERIFY layer=22 slot=18 expert=18 role=0 tag=lo MISMATCH matches_expert=-1
STAGING_VERIFY layer=22 slot=235 expert=235 role=0 tag=mid MISMATCH matches_expert=-1
STAGING_VERIFY layer=22 slot=457 expert=457 role=0 tag=hi MISMATCH matches_expert=-1
STAGING_BITMAP layer=23 pre_populated=417 bits before this barrier
STAGING_VERIFY layer=23 slot=60 expert=60 role=0 tag=lo MISMATCH matches_expert=-1
STAGING_VERIFY layer=23 slot=145 expert=145 role=0 tag=mid MISMATCH matches_expert=-1
STAGING_VERIFY layer=23 slot=389 expert=389 role=0 tag=hi MISMATCH matches_expert=-1
STAGING_BITMAP layer=24 pre_populated=412 bits before this barrier
STAGING_VERIFY layer=24 slot=13 expert=13 role=0 tag=lo MISMATCH matches_expert=-1
STAGING_VERIFY layer=24 slot=150 expert=150 role=0 tag=mid MISMATCH matches_expert=-1
STAGING_VERIFY layer=24 slot=458 expert=458 role=0 tag=hi MISMATCH matches_expert=-1
STAGING_BITMAP layer=25 pre_populated=440 bits before this barrier
STAGING_VERIFY layer=25 slot=59 expert=59 role=0 tag=lo MISMATCH matches_expert=-1
STAGING_VERIFY layer=25 slot=368 expert=368 role=0 tag=mid MISMATCH matches_expert=-1
STAGING_VERIFY layer=25 slot=488 expert=488 role=0 tag=hi MISMATCH matches_expert=-1
STAGING_BITMAP layer=26 pre_populated=436 bits before this barrier
STAGING_VERIFY layer=26 slot=30 expert=30 role=0 tag=lo MISMATCH matches_expert=-1
STAGING_VERIFY layer=26 slot=250 expert=250 role=0 tag=mid MISMATCH matches_expert=-1
STAGING_VERIFY layer=26 slot=454 expert=454 role=0 tag=hi MISMATCH matches_expert=-1
STAGING_BITMAP layer=27 pre_populated=438 bits before this barrier
STAGING_VERIFY layer=27 slot=35 expert=35 role=0 tag=lo MISMATCH matches_expert=-1
STAGING_VERIFY layer=27 slot=360 expert=360 role=0 tag=mid MISMATCH matches_expert=-1
STAGING_VERIFY layer=27 slot=507 expert=507 role=0 tag=hi MISMATCH matches_expert=-1
STAGING_BITMAP layer=28 pre_populated=425 bits before this barrier
STAGING_VERIFY layer=28 slot=9 expert=9 role=0 tag=lo MISMATCH matches_expert=-1
STAGING_VERIFY layer=28 slot=392 expert=392 role=0 tag=mid MISMATCH matches_expert=-1
STAGING_VERIFY layer=28 slot=471 expert=471 role=0 tag=hi MISMATCH matches_expert=-1
STAGING_BITMAP layer=29 pre_populated=448 bits before this barrier
STAGING_VERIFY layer=29 slot=93 expert=93 role=0 tag=lo MISMATCH matches_expert=-1
STAGING_VERIFY layer=29 slot=337 expert=337 role=0 tag=mid MISMATCH matches_expert=-1
STAGING_VERIFY layer=29 slot=440 expert=440 role=0 tag=hi MISMATCH matches_expert=-1
STAGING_BITMAP layer=30 pre_populated=463 bits before this barrier
STAGING_VERIFY layer=30 slot=11 expert=11 role=0 tag=lo MISMATCH matches_expert=-1
STAGING_VERIFY layer=30 slot=137 expert=137 role=0 tag=mid MISMATCH matches_expert=-1
STAGING_VERIFY layer=30 slot=411 expert=411 role=0 tag=hi MISMATCH matches_expert=-1
STAGING_BITMAP layer=31 pre_populated=469 bits before this barrier
STAGING_VERIFY layer=31 slot=56 expert=56 role=0 tag=lo MISMATCH matches_expert=-1
STAGING_VERIFY layer=31 slot=311 expert=311 role=0 tag=mid MISMATCH matches_expert=-1
STAGING_VERIFY layer=31 slot=449 expert=449 role=0 tag=hi MISMATCH matches_expert=-1
STAGING_BITMAP layer=32 pre_populated=448 bits before this barrier
STAGING_VERIFY layer=32 slot=8 expert=8 role=0 tag=lo MISMATCH matches_expert=-1
STAGING_VERIFY layer=32 slot=243 expert=243 role=0 tag=mid MISMATCH matches_expert=-1
STAGING_VERIFY layer=32 slot=480 expert=480 role=0 tag=hi MISMATCH matches_expert=-1
STAGING_BITMAP layer=33 pre_populated=470 bits before this barrier
STAGING_VERIFY layer=33 slot=120 expert=120 role=0 tag=lo MISMATCH matches_expert=-1
STAGING_VERIFY layer=33 slot=345 expert=345 role=0 tag=mid MISMATCH matches_expert=-1
STAGING_VERIFY layer=33 slot=471 expert=471 role=0 tag=hi MISMATCH matches_expert=-1
STAGING_BITMAP layer=34 pre_populated=452 bits before this barrier
STAGING_VERIFY layer=34 slot=22 expert=22 role=0 tag=lo MISMATCH matches_expert=-1
STAGING_VERIFY layer=34 slot=131 expert=131 role=0 tag=mid MISMATCH matches_expert=-1
STAGING_VERIFY layer=34 slot=460 expert=460 role=0 tag=hi MISMATCH matches_expert=-1
STAGING_BITMAP layer=35 pre_populated=443 bits before this barrier
STAGING_VERIFY layer=35 slot=3 expert=3 role=0 tag=lo MISMATCH matches_expert=-1
STAGING_VERIFY layer=35 slot=192 expert=192 role=0 tag=mid MISMATCH matches_expert=-1
STAGING_VERIFY layer=35 slot=509 expert=509 role=0 tag=hi MISMATCH matches_expert=-1
STAGING_BITMAP layer=36 pre_populated=434 bits before this barrier
STAGING_VERIFY layer=36 slot=59 expert=59 role=0 tag=lo MISMATCH matches_expert=-1
STAGING_VERIFY layer=36 slot=265 expert=265 role=0 tag=mid MISMATCH matches_expert=-1
STAGING_VERIFY layer=36 slot=387 expert=387 role=0 tag=hi MISMATCH matches_expert=-1
STAGING_BITMAP layer=37 pre_populated=441 bits before this barrier
STAGING_VERIFY layer=37 slot=19 expert=19 role=0 tag=lo MISMATCH matches_expert=-1
STAGING_VERIFY layer=37 slot=313 expert=313 role=0 tag=mid MISMATCH matches_expert=-1
STAGING_VERIFY layer=37 slot=426 expert=426 role=0 tag=hi MISMATCH matches_expert=-1
STAGING_BITMAP layer=38 pre_populated=429 bits before this barrier
STAGING_VERIFY layer=38 slot=18 expert=18 role=0 tag=lo MISMATCH matches_expert=-1
STAGING_VERIFY layer=38 slot=206 expert=206 role=0 tag=mid MISMATCH matches_expert=-1
STAGING_VERIFY layer=38 slot=457 expert=457 role=0 tag=hi MISMATCH matches_expert=-1
STAGING_BITMAP layer=39 pre_populated=428 bits before this barrier
STAGING_VERIFY layer=39 slot=60 expert=60 role=0 tag=lo MISMATCH matches_expert=-1
STAGING_VERIFY layer=39 slot=267 expert=267 role=0 tag=mid MISMATCH matches_expert=-1
STAGING_VERIFY layer=39 slot=494 expert=494 role=0 tag=hi MISMATCH matches_expert=-1
STAGING_BITMAP layer=40 pre_populated=459 bits before this barrier
STAGING_VERIFY layer=40 slot=91 expert=91 role=0 tag=lo MISMATCH matches_expert=-1
STAGING_VERIFY layer=40 slot=232 expert=232 role=0 tag=mid MISMATCH matches_expert=-1
STAGING_VERIFY layer=40 slot=298 expert=298 role=0 tag=hi MISMATCH matches_expert=-1
STAGING_BITMAP layer=41 pre_populated=460 bits before this barrier
STAGING_VERIFY layer=41 slot=17 expert=17 role=0 tag=lo MISMATCH matches_expert=-1
STAGING_VERIFY layer=41 slot=240 expert=240 role=0 tag=mid MISMATCH matches_expert=-1
STAGING_VERIFY layer=41 slot=496 expert=496 role=0 tag=hi MISMATCH matches_expert=-1
STAGING_BITMAP layer=42 pre_populated=437 bits before this barrier
STAGING_VERIFY layer=42 slot=53 expert=53 role=0 tag=lo MISMATCH matches_expert=-1
STAGING_VERIFY layer=42 slot=231 expert=231 role=0 tag=mid MISMATCH matches_expert=-1
STAGING_VERIFY layer=42 slot=509 expert=509 role=0 tag=hi MISMATCH matches_expert=-1
STAGING_BITMAP layer=43 pre_populated=453 bits before this barrier
STAGING_VERIFY layer=43 slot=86 expert=86 role=0 tag=lo MISMATCH matches_expert=-1
STAGING_VERIFY layer=43 slot=248 expert=248 role=0 tag=mid MISMATCH matches_expert=-1
STAGING_VERIFY layer=43 slot=505 expert=505 role=0 tag=hi MISMATCH matches_expert=-1
STAGING_BITMAP layer=44 pre_populated=432 bits before this barrier
STAGING_VERIFY layer=44 slot=87 expert=87 role=0 tag=lo MISMATCH matches_expert=-1
STAGING_VERIFY layer=44 slot=229 expert=229 role=0 tag=mid MISMATCH matches_expert=-1
STAGING_VERIFY layer=44 slot=433 expert=433 role=0 tag=hi MISMATCH matches_expert=-1
STAGING_BITMAP layer=45 pre_populated=419 bits before this barrier
STAGING_VERIFY layer=45 slot=22 expert=22 role=0 tag=lo MISMATCH matches_expert=-1
STAGING_VERIFY layer=45 slot=342 expert=342 role=0 tag=hi MISMATCH matches_expert=-1
STAGING_BITMAP layer=46 pre_populated=377 bits before this barrier
STAGING_BITMAP layer=47 pre_populated=10 bits before this barrier
ggml_backend_cuda_graph_compute: CUDA graph warmup complete
STAGING_BITMAP layer=0 pre_populated=357 bits before this barrier
STAGING_VERIFY layer=0 slot=351 expert=351 role=0 tag=mid MISMATCH matches_expert=-1
ggml_backend_cuda_graph_compute: CUDA graph warmup complete
ggml_backend_cuda_graph_compute: CUDA graph warmup complete
ggml_backend_cuda_graph_compute: CUDA graph warmup complete
STAGING_BITMAP layer=1 pre_populated=298 bits before this barrier
STAGING_VERIFY layer=1 slot=32 expert=32 role=0 tag=lo MISMATCH matches_expert=-1
STAGING_VERIFY layer=1 slot=505 expert=505 role=0 tag=hi MISMATCH matches_expert=-1
ggml_backend_cuda_graph_compute: CUDA graph warmup complete
ggml_backend_cuda_graph_compute: CUDA graph warmup complete
STAGING_BITMAP layer=2 pre_populated=300 bits before this barrier
STAGING_VERIFY layer=2 slot=4 expert=4 role=2 tag=lo MISMATCH matches_expert=-1
STAGING_VERIFY layer=2 slot=322 expert=322 role=2 tag=mid MISMATCH matches_expert=-1
STAGING_VERIFY layer=2 slot=502 expert=502 role=2 tag=hi MISMATCH matches_expert=-1
ggml_backend_cuda_graph_compute: CUDA graph warmup complete
ggml_backend_cuda_graph_compute: CUDA graph warmup complete
STAGING_BITMAP layer=3 pre_populated=209 bits before this barrier
STAGING_VERIFY layer=3 slot=8 expert=8 role=0 tag=lo MISMATCH matches_expert=-1
STAGING_VERIFY layer=3 slot=205 expert=205 role=0 tag=mid MISMATCH matches_expert=-1
STAGING_VERIFY layer=3 slot=494 expert=494 role=0 tag=hi MISMATCH matches_expert=-1
ggml_backend_cuda_graph_compute: CUDA graph warmup complete
ggml_backend_cuda_graph_compute: CUDA graph warmup complete
STAGING_BITMAP layer=4 pre_populated=233 bits before this barrier
STAGING_VERIFY layer=4 slot=28 expert=28 role=0 tag=lo MISMATCH matches_expert=-1
STAGING_VERIFY layer=4 slot=382 expert=382 role=0 tag=mid MISMATCH matches_expert=-1
STAGING_VERIFY layer=4 slot=501 expert=501 role=0 tag=hi MISMATCH matches_expert=-1
ggml_backend_cuda_graph_compute: CUDA graph warmup complete
ggml_backend_cuda_graph_compute: CUDA graph warmup complete
STAGING_BITMAP layer=5 pre_populated=287 bits before this barrier
STAGING_VERIFY layer=5 slot=14 expert=14 role=0 tag=lo MISMATCH matches_expert=-1
STAGING_VERIFY layer=5 slot=236 expert=236 role=0 tag=mid MISMATCH matches_expert=-1
STAGING_VERIFY layer=5 slot=468 expert=468 role=0 tag=hi MISMATCH matches_expert=-1
ggml_backend_cuda_graph_compute: CUDA graph warmup complete
ggml_backend_cuda_graph_compute: CUDA graph warmup complete
STAGING_BITMAP layer=6 pre_populated=300 bits before this barrier
STAGING_VERIFY layer=6 slot=4 expert=4 role=0 tag=lo MISMATCH matches_expert=-1
STAGING_VERIFY layer=6 slot=256 expert=256 role=0 tag=mid MISMATCH matches_expert=-1
STAGING_VERIFY layer=6 slot=404 expert=404 role=0 tag=hi MISMATCH matches_expert=-1
ggml_backend_cuda_graph_compute: CUDA graph warmup complete
ggml_backend_cuda_graph_compute: CUDA graph warmup complete
STAGING_BITMAP layer=7 pre_populated=313 bits before this barrier
STAGING_VERIFY layer=7 slot=22 expert=22 role=0 tag=lo MISMATCH matches_expert=-1
STAGING_VERIFY layer=7 slot=232 expert=232 role=0 tag=mid MISMATCH matches_expert=-1
STAGING_VERIFY layer=7 slot=464 expert=464 role=0 tag=hi MISMATCH matches_expert=-1
ggml_backend_cuda_graph_compute: CUDA graph warmup complete
ggml_backend_cuda_graph_compute: CUDA graph warmup complete
STAGING_BITMAP layer=8 pre_populated=251 bits before this barrier
STAGING_VERIFY layer=8 slot=26 expert=26 role=0 tag=lo MISMATCH matches_expert=-1
STAGING_VERIFY layer=8 slot=202 expert=202 role=0 tag=mid MISMATCH matches_expert=-1
STAGING_VERIFY layer=8 slot=470 expert=470 role=0 tag=hi MISMATCH matches_expert=-1
ggml_backend_cuda_graph_compute: CUDA graph warmup complete
ggml_backend_cuda_graph_compute: CUDA graph warmup complete
STAGING_BITMAP layer=9 pre_populated=270 bits before this barrier
STAGING_VERIFY layer=9 slot=68 expert=68 role=0 tag=lo MISMATCH matches_expert=-1
STAGING_VERIFY layer=9 slot=369 expert=369 role=0 tag=mid MISMATCH matches_expert=-1
STAGING_VERIFY layer=9 slot=511 expert=511 role=0 tag=hi MISMATCH matches_expert=-1
ggml_backend_cuda_graph_compute: CUDA graph warmup complete
ggml_backend_cuda_graph_compute: CUDA graph warmup complete
STAGING_BITMAP layer=10 pre_populated=303 bits before this barrier
STAGING_VERIFY layer=10 slot=18 expert=18 role=0 tag=lo MISMATCH matches_expert=-1
STAGING_VERIFY layer=10 slot=320 expert=320 role=0 tag=mid MISMATCH matches_expert=-1
ggml_backend_cuda_graph_compute: CUDA graph warmup complete
ggml_backend_cuda_graph_compute: CUDA graph warmup complete
STAGING_BITMAP layer=11 pre_populated=277 bits before this barrier
STAGING_VERIFY layer=11 slot=35 expert=35 role=0 tag=lo MISMATCH matches_expert=-1
STAGING_VERIFY layer=11 slot=237 expert=237 role=0 tag=mid MISMATCH matches_expert=-1
STAGING_VERIFY layer=11 slot=437 expert=437 role=0 tag=hi MISMATCH matches_expert=-1
ggml_backend_cuda_graph_compute: CUDA graph warmup complete
ggml_backend_cuda_graph_compute: CUDA graph warmup complete
STAGING_BITMAP layer=12 pre_populated=309 bits before this barrier
STAGING_VERIFY layer=12 slot=52 expert=52 role=0 tag=lo MISMATCH matches_expert=-1
STAGING_VERIFY layer=12 slot=366 expert=366 role=0 tag=mid MISMATCH matches_expert=-1
STAGING_VERIFY layer=12 slot=471 expert=471 role=0 tag=hi MISMATCH matches_expert=-1
ggml_backend_cuda_graph_compute: CUDA graph warmup complete
ggml_backend_cuda_graph_compute: CUDA graph warmup complete
STAGING_BITMAP layer=13 pre_populated=298 bits before this barrier
STAGING_VERIFY layer=13 slot=93 expert=93 role=0 tag=lo MISMATCH matches_expert=-1
STAGING_VERIFY layer=13 slot=274 expert=274 role=0 tag=mid MISMATCH matches_expert=-1
STAGING_VERIFY layer=13 slot=464 expert=464 role=0 tag=hi MISMATCH matches_expert=-1
ggml_backend_cuda_graph_compute: CUDA graph warmup complete
ggml_backend_cuda_graph_compute: CUDA graph warmup complete
STAGING_BITMAP layer=14 pre_populated=303 bits before this barrier
STAGING_VERIFY layer=14 slot=14 expert=14 role=0 tag=lo MISMATCH matches_expert=-1
STAGING_VERIFY layer=14 slot=234 expert=234 role=0 tag=mid MISMATCH matches_expert=-1
STAGING_VERIFY layer=14 slot=409 expert=409 role=0 tag=hi MISMATCH matches_expert=-1
ggml_backend_cuda_graph_compute: CUDA graph warmup complete
ggml_backend_cuda_graph_compute: CUDA graph warmup complete
STAGING_BITMAP layer=15 pre_populated=277 bits before this barrier
STAGING_VERIFY layer=15 slot=39 expert=39 role=0 tag=lo MISMATCH matches_expert=-1
STAGING_VERIFY layer=15 slot=383 expert=383 role=0 tag=mid MISMATCH matches_expert=-1
STAGING_VERIFY layer=15 slot=494 expert=494 role=0 tag=hi MISMATCH matches_expert=-1
ggml_backend_cuda_graph_compute: CUDA graph warmup complete
ggml_backend_cuda_graph_compute: CUDA graph warmup complete
STAGING_BITMAP layer=16 pre_populated=320 bits before this barrier
STAGING_VERIFY layer=16 slot=61 expert=61 role=0 tag=lo MISMATCH matches_expert=-1
STAGING_VERIFY layer=16 slot=263 expert=263 role=0 tag=mid MISMATCH matches_expert=-1
STAGING_VERIFY layer=16 slot=480 expert=480 role=0 tag=hi MISMATCH matches_expert=-1
ggml_backend_cuda_graph_compute: CUDA graph warmup complete
ggml_backend_cuda_graph_compute: CUDA graph warmup complete
STAGING_BITMAP layer=17 pre_populated=368 bits before this barrier
STAGING_VERIFY layer=17 slot=127 expert=127 role=0 tag=lo MISMATCH matches_expert=-1
STAGING_VERIFY layer=17 slot=279 expert=279 role=0 tag=mid MISMATCH matches_expert=-1
STAGING_VERIFY layer=17 slot=362 expert=362 role=0 tag=hi MISMATCH matches_expert=-1
ggml_backend_cuda_graph_compute: CUDA graph warmup complete
ggml_backend_cuda_graph_compute: CUDA graph warmup complete
STAGING_BITMAP layer=18 pre_populated=382 bits before this barrier
STAGING_VERIFY layer=18 slot=22 expert=22 role=0 tag=lo MISMATCH matches_expert=-1
STAGING_VERIFY layer=18 slot=275 expert=275 role=0 tag=mid MISMATCH matches_expert=-1
STAGING_VERIFY layer=18 slot=460 expert=460 role=0 tag=hi MISMATCH matches_expert=-1
ggml_backend_cuda_graph_compute: CUDA graph warmup complete
ggml_backend_cuda_graph_compute: CUDA graph warmup complete
STAGING_BITMAP layer=19 pre_populated=398 bits before this barrier
STAGING_VERIFY layer=19 slot=3 expert=3 role=0 tag=lo MISMATCH matches_expert=-1
STAGING_VERIFY layer=19 slot=277 expert=277 role=0 tag=mid MISMATCH matches_expert=-1
STAGING_VERIFY layer=19 slot=472 expert=472 role=0 tag=hi MISMATCH matches_expert=-1
ggml_backend_cuda_graph_compute: CUDA graph warmup complete
ggml_backend_cuda_graph_compute: CUDA graph warmup complete
STAGING_BITMAP layer=20 pre_populated=415 bits before this barrier
STAGING_VERIFY layer=20 slot=59 expert=59 role=0 tag=lo MISMATCH matches_expert=-1
STAGING_VERIFY layer=20 slot=356 expert=356 role=0 tag=mid MISMATCH matches_expert=-1
STAGING_VERIFY layer=20 slot=457 expert=457 role=0 tag=hi MISMATCH matches_expert=-1
ggml_backend_cuda_graph_compute: CUDA graph warmup complete
ggml_backend_cuda_graph_compute: CUDA graph warmup complete
STAGING_BITMAP layer=21 pre_populated=388 bits before this barrier
STAGING_VERIFY layer=21 slot=57 expert=57 role=0 tag=lo MISMATCH matches_expert=-1
STAGING_VERIFY layer=21 slot=255 expert=255 role=0 tag=mid MISMATCH matches_expert=-1
STAGING_VERIFY layer=21 slot=426 expert=426 role=0 tag=hi MISMATCH matches_expert=-1
ggml_backend_cuda_graph_compute: CUDA graph warmup complete
ggml_backend_cuda_graph_compute: CUDA graph warmup complete
STAGING_BITMAP layer=22 pre_populated=387 bits before this barrier
STAGING_VERIFY layer=22 slot=57 expert=57 role=0 tag=lo MISMATCH matches_expert=-1
STAGING_VERIFY layer=22 slot=223 expert=223 role=0 tag=mid MISMATCH matches_expert=-1
STAGING_VERIFY layer=22 slot=457 expert=457 role=0 tag=hi MISMATCH matches_expert=-1
ggml_backend_cuda_graph_compute: CUDA graph warmup complete
ggml_backend_cuda_graph_compute: CUDA graph warmup complete
STAGING_BITMAP layer=23 pre_populated=417 bits before this barrier
STAGING_VERIFY layer=23 slot=82 expert=82 role=0 tag=lo MISMATCH matches_expert=-1
STAGING_VERIFY layer=23 slot=206 expert=206 role=0 tag=mid MISMATCH matches_expert=-1
STAGING_VERIFY layer=23 slot=480 expert=480 role=0 tag=hi MISMATCH matches_expert=-1
ggml_backend_cuda_graph_compute: CUDA graph warmup complete
ggml_backend_cuda_graph_compute: CUDA graph warmup complete
STAGING_BITMAP layer=24 pre_populated=412 bits before this barrier
STAGING_VERIFY layer=24 slot=27 expert=27 role=0 tag=lo MISMATCH matches_expert=-1
STAGING_VERIFY layer=24 slot=181 expert=181 role=0 tag=mid MISMATCH matches_expert=-1
STAGING_VERIFY layer=24 slot=458 expert=458 role=0 tag=hi MISMATCH matches_expert=-1
ggml_backend_cuda_graph_compute: CUDA graph warmup complete
ggml_backend_cuda_graph_compute: CUDA graph warmup complete
STAGING_BITMAP layer=25 pre_populated=440 bits before this barrier
STAGING_VERIFY layer=25 slot=153 expert=153 role=0 tag=lo MISMATCH matches_expert=-1
STAGING_VERIFY layer=25 slot=330 expert=330 role=0 tag=mid MISMATCH matches_expert=-1
STAGING_VERIFY layer=25 slot=488 expert=488 role=0 tag=hi MISMATCH matches_expert=-1
ggml_backend_cuda_graph_compute: CUDA graph warmup complete
ggml_backend_cuda_graph_compute: CUDA graph warmup complete
STAGING_BITMAP layer=26 pre_populated=436 bits before this barrier
STAGING_VERIFY layer=26 slot=18 expert=18 role=0 tag=lo MISMATCH matches_expert=-1
STAGING_VERIFY layer=26 slot=387 expert=387 role=0 tag=mid MISMATCH matches_expert=-1
STAGING_VERIFY layer=26 slot=492 expert=492 role=0 tag=hi MISMATCH matches_expert=-1
ggml_backend_cuda_graph_compute: CUDA graph warmup complete
ggml_backend_cuda_graph_compute: CUDA graph warmup complete
STAGING_BITMAP layer=27 pre_populated=438 bits before this barrier
STAGING_VERIFY layer=27 slot=35 expert=35 role=0 tag=lo MISMATCH matches_expert=-1
STAGING_VERIFY layer=27 slot=360 expert=360 role=0 tag=mid MISMATCH matches_expert=-1
STAGING_VERIFY layer=27 slot=507 expert=507 role=0 tag=hi MISMATCH matches_expert=-1
ggml_backend_cuda_graph_compute: CUDA graph warmup complete
ggml_backend_cuda_graph_compute: CUDA graph warmup complete
STAGING_BITMAP layer=28 pre_populated=425 bits before this barrier
STAGING_VERIFY layer=28 slot=52 expert=52 role=0 tag=lo MISMATCH matches_expert=-1
STAGING_VERIFY layer=28 slot=285 expert=285 role=0 tag=mid MISMATCH matches_expert=-1
STAGING_VERIFY layer=28 slot=471 expert=471 role=0 tag=hi MISMATCH matches_expert=-1
ggml_backend_cuda_graph_compute: CUDA graph warmup complete
ggml_backend_cuda_graph_compute: CUDA graph warmup complete
STAGING_BITMAP layer=29 pre_populated=448 bits before this barrier
STAGING_VERIFY layer=29 slot=93 expert=93 role=0 tag=lo MISMATCH matches_expert=-1
STAGING_VERIFY layer=29 slot=337 expert=337 role=0 tag=mid MISMATCH matches_expert=-1
STAGING_VERIFY layer=29 slot=507 expert=507 role=0 tag=hi MISMATCH matches_expert=-1
ggml_backend_cuda_graph_compute: CUDA graph warmup complete
ggml_backend_cuda_graph_compute: CUDA graph warmup complete
STAGING_BITMAP layer=30 pre_populated=463 bits before this barrier
STAGING_VERIFY layer=30 slot=11 expert=11 role=0 tag=lo MISMATCH matches_expert=-1
STAGING_VERIFY layer=30 slot=326 expert=326 role=0 tag=mid MISMATCH matches_expert=-1
STAGING_VERIFY layer=30 slot=398 expert=398 role=0 tag=hi MISMATCH matches_expert=-1
ggml_backend_cuda_graph_compute: CUDA graph warmup complete
ggml_backend_cuda_graph_compute: CUDA graph warmup complete
STAGING_BITMAP layer=31 pre_populated=469 bits before this barrier
STAGING_VERIFY layer=31 slot=39 expert=39 role=0 tag=lo MISMATCH matches_expert=-1
STAGING_VERIFY layer=31 slot=288 expert=288 role=0 tag=mid MISMATCH matches_expert=-1
STAGING_VERIFY layer=31 slot=494 expert=494 role=0 tag=hi MISMATCH matches_expert=-1
ggml_backend_cuda_graph_compute: CUDA graph warmup complete
ggml_backend_cuda_graph_compute: CUDA graph warmup complete
STAGING_BITMAP layer=32 pre_populated=448 bits before this barrier
STAGING_VERIFY layer=32 slot=61 expert=61 role=0 tag=lo MISMATCH matches_expert=-1
STAGING_VERIFY layer=32 slot=267 expert=267 role=0 tag=mid MISMATCH matches_expert=-1
STAGING_VERIFY layer=32 slot=480 expert=480 role=0 tag=hi MISMATCH matches_expert=-1
ggml_backend_cuda_graph_compute: CUDA graph warmup complete
ggml_backend_cuda_graph_compute: CUDA graph warmup complete
STAGING_BITMAP layer=33 pre_populated=470 bits before this barrier
STAGING_VERIFY layer=33 slot=165 expert=165 role=0 tag=lo MISMATCH matches_expert=-1
STAGING_VERIFY layer=33 slot=345 expert=345 role=0 tag=mid MISMATCH matches_expert=-1
STAGING_VERIFY layer=33 slot=419 expert=419 role=0 tag=hi MISMATCH matches_expert=-1
ggml_backend_cuda_graph_compute: CUDA graph warmup complete
ggml_backend_cuda_graph_compute: CUDA graph warmup complete
STAGING_BITMAP layer=34 pre_populated=452 bits before this barrier
STAGING_VERIFY layer=34 slot=22 expert=22 role=0 tag=lo MISMATCH matches_expert=-1
STAGING_VERIFY layer=34 slot=399 expert=399 role=0 tag=mid MISMATCH matches_expert=-1
STAGING_VERIFY layer=34 slot=460 expert=460 role=0 tag=hi MISMATCH matches_expert=-1
ggml_backend_cuda_graph_compute: CUDA graph warmup complete
ggml_backend_cuda_graph_compute: CUDA graph warmup complete
STAGING_BITMAP layer=35 pre_populated=443 bits before this barrier
STAGING_VERIFY layer=35 slot=3 expert=3 role=0 tag=lo MISMATCH matches_expert=-1
STAGING_VERIFY layer=35 slot=172 expert=172 role=0 tag=mid MISMATCH matches_expert=-1
STAGING_VERIFY layer=35 slot=501 expert=501 role=0 tag=hi MISMATCH matches_expert=-1
ggml_backend_cuda_graph_compute: CUDA graph warmup complete
ggml_backend_cuda_graph_compute: CUDA graph warmup complete
STAGING_BITMAP layer=36 pre_populated=434 bits before this barrier
STAGING_VERIFY layer=36 slot=39 expert=39 role=0 tag=lo MISMATCH matches_expert=-1
STAGING_VERIFY layer=36 slot=313 expert=313 role=0 tag=mid MISMATCH matches_expert=-1
STAGING_VERIFY layer=36 slot=387 expert=387 role=0 tag=hi MISMATCH matches_expert=-1
ggml_backend_cuda_graph_compute: CUDA graph warmup complete
ggml_backend_cuda_graph_compute: CUDA graph warmup complete
STAGING_BITMAP layer=37 pre_populated=441 bits before this barrier
STAGING_VERIFY layer=37 slot=19 expert=19 role=0 tag=lo MISMATCH matches_expert=-1
STAGING_VERIFY layer=37 slot=302 expert=302 role=0 tag=mid MISMATCH matches_expert=-1
STAGING_VERIFY layer=37 slot=426 expert=426 role=0 tag=hi MISMATCH matches_expert=-1
ggml_backend_cuda_graph_compute: CUDA graph warmup complete
ggml_backend_cuda_graph_compute: CUDA graph warmup complete
STAGING_BITMAP layer=38 pre_populated=430 bits before this barrier
STAGING_VERIFY layer=38 slot=41 expert=41 role=0 tag=lo MISMATCH matches_expert=-1
STAGING_VERIFY layer=38 slot=223 expert=223 role=0 tag=mid MISMATCH matches_expert=-1
STAGING_VERIFY layer=38 slot=457 expert=457 role=0 tag=hi MISMATCH matches_expert=-1
ggml_backend_cuda_graph_compute: CUDA graph warmup complete
ggml_backend_cuda_graph_compute: CUDA graph warmup complete
STAGING_BITMAP layer=39 pre_populated=428 bits before this barrier
STAGING_VERIFY layer=39 slot=82 expert=82 role=0 tag=lo MISMATCH matches_expert=-1
STAGING_VERIFY layer=39 slot=257 expert=257 role=0 tag=mid MISMATCH matches_expert=-1
STAGING_VERIFY layer=39 slot=480 expert=480 role=0 tag=hi MISMATCH matches_expert=-1
ggml_backend_cuda_graph_compute: CUDA graph warmup complete
ggml_backend_cuda_graph_compute: CUDA graph warmup complete
STAGING_BITMAP layer=40 pre_populated=459 bits before this barrier
STAGING_VERIFY layer=40 slot=138 expert=138 role=0 tag=lo MISMATCH matches_expert=-1
STAGING_VERIFY layer=40 slot=209 expert=209 role=0 tag=mid MISMATCH matches_expert=-1
STAGING_VERIFY layer=40 slot=463 expert=463 role=0 tag=hi MISMATCH matches_expert=-1
ggml_backend_cuda_graph_compute: CUDA graph warmup complete
ggml_backend_cuda_graph_compute: CUDA graph warmup complete
STAGING_BITMAP layer=41 pre_populated=460 bits before this barrier
STAGING_VERIFY layer=41 slot=42 expert=42 role=0 tag=lo MISMATCH matches_expert=-1
STAGING_VERIFY layer=41 slot=404 expert=404 role=0 tag=mid MISMATCH matches_expert=-1
STAGING_VERIFY layer=41 slot=496 expert=496 role=0 tag=hi MISMATCH matches_expert=-1
ggml_backend_cuda_graph_compute: CUDA graph warmup complete
ggml_backend_cuda_graph_compute: CUDA graph warmup complete
STAGING_BITMAP layer=42 pre_populated=437 bits before this barrier
STAGING_VERIFY layer=42 slot=6 expert=6 role=0 tag=lo MISMATCH matches_expert=-1
STAGING_VERIFY layer=42 slot=322 expert=322 role=0 tag=mid MISMATCH matches_expert=-1
STAGING_VERIFY layer=42 slot=425 expert=425 role=0 tag=hi MISMATCH matches_expert=-1
ggml_backend_cuda_graph_compute: CUDA graph warmup complete
ggml_backend_cuda_graph_compute: CUDA graph warmup complete
STAGING_BITMAP layer=43 pre_populated=453 bits before this barrier
STAGING_VERIFY layer=43 slot=4 expert=4 role=0 tag=lo MISMATCH matches_expert=-1
STAGING_VERIFY layer=43 slot=274 expert=274 role=0 tag=mid MISMATCH matches_expert=-1
STAGING_VERIFY layer=43 slot=507 expert=507 role=0 tag=hi MISMATCH matches_expert=-1
ggml_backend_cuda_graph_compute: CUDA graph warmup complete
ggml_backend_cuda_graph_compute: CUDA graph warmup complete
STAGING_BITMAP layer=44 pre_populated=432 bits before this barrier
STAGING_VERIFY layer=44 slot=59 expert=59 role=0 tag=lo MISMATCH matches_expert=-1
STAGING_VERIFY layer=44 slot=209 expert=209 role=0 tag=mid MISMATCH matches_expert=-1
STAGING_VERIFY layer=44 slot=485 expert=485 role=0 tag=hi MISMATCH matches_expert=-1
ggml_backend_cuda_graph_compute: CUDA graph warmup complete
ggml_backend_cuda_graph_compute: CUDA graph warmup complete
STAGING_BITMAP layer=45 pre_populated=419 bits before this barrier
STAGING_VERIFY layer=45 slot=51 expert=51 role=0 tag=lo MISMATCH matches_expert=-1
STAGING_VERIFY layer=45 slot=488 expert=488 role=0 tag=hi MISMATCH matches_expert=-1
ggml_backend_cuda_graph_compute: CUDA graph warmup complete
ggml_backend_cuda_graph_compute: CUDA graph warmup complete
STAGING_BITMAP layer=46 pre_populated=377 bits before this barrier
ggml_backend_cuda_graph_compute: CUDA graph warmup complete
ggml_backend_cuda_graph_compute: CUDA graph warmup complete
STAGING_BITMAP layer=47 pre_populated=19 bits before this barrier
ggml_backend_cuda_graph_compute: CUDA graph warmup complete
ggml_backend_cuda_graph_compute: CUDA graph warmup complete
STAGING_BITMAP layer=0 pre_populated=357 bits before this barrier
STAGING_VERIFY layer=0 slot=83 expert=83 role=0 tag=lo MISMATCH matches_expert=-1
STAGING_BITMAP layer=1 pre_populated=298 bits before this barrier
STAGING_VERIFY layer=1 slot=146 expert=146 role=0 tag=lo MISMATCH matches_expert=-1
STAGING_VERIFY layer=1 slot=505 expert=505 role=0 tag=hi MISMATCH matches_expert=-1
STAGING_BITMAP layer=2 pre_populated=300 bits before this barrier
STAGING_VERIFY layer=2 slot=4 expert=4 role=2 tag=lo MISMATCH matches_expert=-1
STAGING_VERIFY layer=2 slot=150 expert=150 role=2 tag=mid MISMATCH matches_expert=-1
STAGING_VERIFY layer=2 slot=502 expert=502 role=2 tag=hi MISMATCH matches_expert=-1
STAGING_BITMAP layer=3 pre_populated=210 bits before this barrier
STAGING_VERIFY layer=3 slot=8 expert=8 role=0 tag=lo MISMATCH matches_expert=-1
STAGING_VERIFY layer=3 slot=217 expert=217 role=0 tag=mid MISMATCH matches_expert=-1
STAGING_VERIFY layer=3 slot=394 expert=394 role=0 tag=hi MISMATCH matches_expert=-1
STAGING_BITMAP layer=4 pre_populated=233 bits before this barrier
STAGING_VERIFY layer=4 slot=39 expert=39 role=0 tag=lo MISMATCH matches_expert=-1
STAGING_VERIFY layer=4 slot=398 expert=398 role=0 tag=mid MISMATCH matches_expert=-1
STAGING_VERIFY layer=4 slot=501 expert=501 role=0 tag=hi MISMATCH matches_expert=-1
STAGING_BITMAP layer=5 pre_populated=288 bits before this barrier
STAGING_VERIFY layer=5 slot=42 expert=42 role=0 tag=lo MISMATCH matches_expert=-1
STAGING_VERIFY layer=5 slot=236 expert=236 role=0 tag=mid MISMATCH matches_expert=-1
STAGING_VERIFY layer=5 slot=446 expert=446 role=0 tag=hi MISMATCH matches_expert=-1
STAGING_BITMAP layer=6 pre_populated=300 bits before this barrier
STAGING_VERIFY layer=6 slot=4 expert=4 role=0 tag=lo MISMATCH matches_expert=-1
STAGING_VERIFY layer=6 slot=194 expert=194 role=0 tag=mid MISMATCH matches_expert=-1
STAGING_VERIFY layer=6 slot=390 expert=390 role=0 tag=hi MISMATCH matches_expert=-1
STAGING_BITMAP layer=7 pre_populated=313 bits before this barrier
STAGING_VERIFY layer=7 slot=52 expert=52 role=0 tag=lo MISMATCH matches_expert=-1
STAGING_VERIFY layer=7 slot=232 expert=232 role=0 tag=mid MISMATCH matches_expert=-1
STAGING_VERIFY layer=7 slot=464 expert=464 role=0 tag=hi MISMATCH matches_expert=-1
STAGING_BITMAP layer=8 pre_populated=251 bits before this barrier
STAGING_VERIFY layer=8 slot=27 expert=27 role=0 tag=lo MISMATCH matches_expert=-1
STAGING_VERIFY layer=8 slot=316 expert=316 role=0 tag=mid MISMATCH matches_expert=-1
STAGING_VERIFY layer=8 slot=458 expert=458 role=0 tag=hi MISMATCH matches_expert=-1
STAGING_BITMAP layer=9 pre_populated=270 bits before this barrier
STAGING_VERIFY layer=9 slot=111 expert=111 role=0 tag=lo MISMATCH matches_expert=-1
STAGING_VERIFY layer=9 slot=229 expert=229 role=0 tag=mid MISMATCH matches_expert=-1
STAGING_VERIFY layer=9 slot=456 expert=456 role=0 tag=hi MISMATCH matches_expert=-1
STAGING_BITMAP layer=10 pre_populated=304 bits before this barrier
STAGING_VERIFY layer=10 slot=18 expert=18 role=0 tag=lo MISMATCH matches_expert=-1
STAGING_VERIFY layer=10 slot=355 expert=355 role=0 tag=mid MISMATCH matches_expert=-1
STAGING_BITMAP layer=11 pre_populated=277 bits before this barrier
STAGING_VERIFY layer=11 slot=35 expert=35 role=0 tag=lo MISMATCH matches_expert=-1
STAGING_VERIFY layer=11 slot=185 expert=185 role=0 tag=mid MISMATCH matches_expert=-1
STAGING_VERIFY layer=11 slot=437 expert=437 role=0 tag=hi MISMATCH matches_expert=-1
STAGING_BITMAP layer=12 pre_populated=309 bits before this barrier
STAGING_VERIFY layer=12 slot=9 expert=9 role=0 tag=lo MISMATCH matches_expert=-1
STAGING_VERIFY layer=12 slot=366 expert=366 role=0 tag=mid MISMATCH matches_expert=-1
STAGING_VERIFY layer=12 slot=433 expert=433 role=0 tag=hi MISMATCH matches_expert=-1
STAGING_BITMAP layer=13 pre_populated=298 bits before this barrier
STAGING_VERIFY layer=13 slot=93 expert=93 role=0 tag=lo MISMATCH matches_expert=-1
STAGING_VERIFY layer=13 slot=265 expert=265 role=0 tag=mid MISMATCH matches_expert=-1
STAGING_VERIFY layer=13 slot=389 expert=389 role=0 tag=hi MISMATCH matches_expert=-1
STAGING_BITMAP layer=14 pre_populated=303 bits before this barrier
STAGING_VERIFY layer=14 slot=75 expert=75 role=0 tag=lo MISMATCH matches_expert=-1
STAGING_VERIFY layer=14 slot=238 expert=238 role=0 tag=mid MISMATCH matches_expert=-1
STAGING_VERIFY layer=14 slot=506 expert=506 role=0 tag=hi MISMATCH matches_expert=-1
STAGING_BITMAP layer=15 pre_populated=277 bits before this barrier
STAGING_VERIFY layer=15 slot=39 expert=39 role=0 tag=lo MISMATCH matches_expert=-1
STAGING_VERIFY layer=15 slot=318 expert=318 role=0 tag=mid MISMATCH matches_expert=-1
STAGING_VERIFY layer=15 slot=494 expert=494 role=0 tag=hi MISMATCH matches_expert=-1
STAGING_BITMAP layer=16 pre_populated=320 bits before this barrier
STAGING_VERIFY layer=16 slot=61 expert=61 role=0 tag=lo MISMATCH matches_expert=-1
STAGING_VERIFY layer=16 slot=267 expert=267 role=0 tag=mid MISMATCH matches_expert=-1
STAGING_VERIFY layer=16 slot=480 expert=480 role=0 tag=hi MISMATCH matches_expert=-1
STAGING_BITMAP layer=17 pre_populated=368 bits before this barrier
STAGING_VERIFY layer=17 slot=136 expert=136 role=0 tag=lo MISMATCH matches_expert=-1
STAGING_VERIFY layer=17 slot=279 expert=279 role=0 tag=mid MISMATCH matches_expert=-1
STAGING_VERIFY layer=17 slot=470 expert=470 role=0 tag=hi MISMATCH matches_expert=-1
STAGING_BITMAP layer=18 pre_populated=382 bits before this barrier
STAGING_VERIFY layer=18 slot=22 expert=22 role=0 tag=lo MISMATCH matches_expert=-1
STAGING_VERIFY layer=18 slot=376 expert=376 role=0 tag=mid MISMATCH matches_expert=-1
STAGING_VERIFY layer=18 slot=496 expert=496 role=0 tag=hi MISMATCH matches_expert=-1
STAGING_BITMAP layer=19 pre_populated=398 bits before this barrier
STAGING_VERIFY layer=19 slot=3 expert=3 role=0 tag=lo MISMATCH matches_expert=-1
STAGING_VERIFY layer=19 slot=315 expert=315 role=0 tag=mid MISMATCH matches_expert=-1
STAGING_VERIFY layer=19 slot=501 expert=501 role=0 tag=hi MISMATCH matches_expert=-1
STAGING_BITMAP layer=20 pre_populated=415 bits before this barrier
STAGING_VERIFY layer=20 slot=7 expert=7 role=0 tag=lo MISMATCH matches_expert=-1
STAGING_VERIFY layer=20 slot=344 expert=344 role=0 tag=mid MISMATCH matches_expert=-1
STAGING_VERIFY layer=20 slot=457 expert=457 role=0 tag=hi MISMATCH matches_expert=-1
STAGING_BITMAP layer=21 pre_populated=388 bits before this barrier
STAGING_VERIFY layer=21 slot=29 expert=29 role=0 tag=lo MISMATCH matches_expert=-1
STAGING_VERIFY layer=21 slot=255 expert=255 role=0 tag=mid MISMATCH matches_expert=-1
STAGING_VERIFY layer=21 slot=426 expert=426 role=0 tag=hi MISMATCH matches_expert=-1
STAGING_BITMAP layer=22 pre_populated=388 bits before this barrier
STAGING_VERIFY layer=22 slot=41 expert=41 role=0 tag=lo MISMATCH matches_expert=-1
STAGING_VERIFY layer=22 slot=206 expert=206 role=0 tag=mid MISMATCH matches_expert=-1
STAGING_VERIFY layer=22 slot=457 expert=457 role=0 tag=hi MISMATCH matches_expert=-1
STAGING_BITMAP layer=23 pre_populated=417 bits before this barrier
STAGING_VERIFY layer=23 slot=82 expert=82 role=0 tag=lo MISMATCH matches_expert=-1
STAGING_VERIFY layer=23 slot=242 expert=242 role=0 tag=mid MISMATCH matches_expert=-1
STAGING_VERIFY layer=23 slot=480 expert=480 role=0 tag=hi MISMATCH matches_expert=-1
STAGING_BITMAP layer=24 pre_populated=412 bits before this barrier
STAGING_VERIFY layer=24 slot=27 expert=27 role=0 tag=lo MISMATCH matches_expert=-1
STAGING_VERIFY layer=24 slot=202 expert=202 role=0 tag=mid MISMATCH matches_expert=-1
STAGING_VERIFY layer=24 slot=458 expert=458 role=0 tag=hi MISMATCH matches_expert=-1
STAGING_BITMAP layer=25 pre_populated=440 bits before this barrier
STAGING_VERIFY layer=25 slot=295 expert=295 role=0 tag=mid MISMATCH matches_expert=-1
STAGING_VERIFY layer=25 slot=508 expert=508 role=0 tag=hi MISMATCH matches_expert=-1
STAGING_BITMAP layer=26 pre_populated=436 bits before this barrier
STAGING_VERIFY layer=26 slot=71 expert=71 role=0 tag=lo MISMATCH matches_expert=-1
STAGING_VERIFY layer=26 slot=355 expert=355 role=0 tag=mid MISMATCH matches_expert=-1
STAGING_VERIFY layer=26 slot=492 expert=492 role=0 tag=hi MISMATCH matches_expert=-1
STAGING_BITMAP layer=27 pre_populated=438 bits before this barrier
STAGING_VERIFY layer=27 slot=62 expert=62 role=0 tag=lo MISMATCH matches_expert=-1
STAGING_VERIFY layer=27 slot=237 expert=237 role=0 tag=mid MISMATCH matches_expert=-1
STAGING_VERIFY layer=27 slot=508 expert=508 role=0 tag=hi MISMATCH matches_expert=-1
STAGING_BITMAP layer=28 pre_populated=425 bits before this barrier
STAGING_VERIFY layer=28 slot=52 expert=52 role=0 tag=lo MISMATCH matches_expert=-1
STAGING_VERIFY layer=28 slot=277 expert=277 role=0 tag=mid MISMATCH matches_expert=-1
STAGING_VERIFY layer=28 slot=469 expert=469 role=0 tag=hi MISMATCH matches_expert=-1
STAGING_BITMAP layer=29 pre_populated=449 bits before this barrier
STAGING_VERIFY layer=29 slot=93 expert=93 role=0 tag=lo MISMATCH matches_expert=-1
STAGING_VERIFY layer=29 slot=273 expert=273 role=0 tag=mid MISMATCH matches_expert=-1
STAGING_VERIFY layer=29 slot=507 expert=507 role=0 tag=hi MISMATCH matches_expert=-1
STAGING_BITMAP layer=30 pre_populated=463 bits before this barrier
STAGING_VERIFY layer=30 slot=11 expert=11 role=0 tag=lo MISMATCH matches_expert=-1
STAGING_VERIFY layer=30 slot=112 expert=112 role=0 tag=mid MISMATCH matches_expert=-1
STAGING_VERIFY layer=30 slot=409 expert=409 role=0 tag=hi MISMATCH matches_expert=-1
STAGING_BITMAP layer=31 pre_populated=469 bits before this barrier
STAGING_VERIFY layer=31 slot=6 expert=6 role=0 tag=lo MISMATCH matches_expert=-1
STAGING_VERIFY layer=31 slot=311 expert=311 role=0 tag=mid MISMATCH matches_expert=-1
STAGING_VERIFY layer=31 slot=494 expert=494 role=0 tag=hi MISMATCH matches_expert=-1
STAGING_BITMAP layer=32 pre_populated=449 bits before this barrier
STAGING_VERIFY layer=32 slot=61 expert=61 role=0 tag=lo MISMATCH matches_expert=-1
STAGING_VERIFY layer=32 slot=263 expert=263 role=0 tag=mid MISMATCH matches_expert=-1
STAGING_VERIFY layer=32 slot=480 expert=480 role=0 tag=hi MISMATCH matches_expert=-1
STAGING_BITMAP layer=33 pre_populated=470 bits before this barrier
STAGING_VERIFY layer=33 slot=206 expert=206 role=0 tag=lo MISMATCH matches_expert=-1
STAGING_VERIFY layer=33 slot=311 expert=311 role=0 tag=mid MISMATCH matches_expert=-1
STAGING_VERIFY layer=33 slot=486 expert=486 role=0 tag=hi MISMATCH matches_expert=-1
STAGING_BITMAP layer=34 pre_populated=452 bits before this barrier
STAGING_VERIFY layer=34 slot=24 expert=24 role=0 tag=lo MISMATCH matches_expert=-1
STAGING_VERIFY layer=34 slot=399 expert=399 role=0 tag=mid MISMATCH matches_expert=-1
STAGING_VERIFY layer=34 slot=496 expert=496 role=0 tag=hi MISMATCH matches_expert=-1
STAGING_BITMAP layer=35 pre_populated=443 bits before this barrier
STAGING_VERIFY layer=35 slot=3 expert=3 role=0 tag=lo MISMATCH matches_expert=-1
STAGING_VERIFY layer=35 slot=192 expert=192 role=0 tag=mid MISMATCH matches_expert=-1
STAGING_VERIFY layer=35 slot=472 expert=472 role=0 tag=hi MISMATCH matches_expert=-1
STAGING_BITMAP layer=36 pre_populated=434 bits before this barrier
STAGING_VERIFY layer=36 slot=20 expert=20 role=0 tag=lo MISMATCH matches_expert=-1
STAGING_VERIFY layer=36 slot=300 expert=300 role=0 tag=mid MISMATCH matches_expert=-1
STAGING_VERIFY layer=36 slot=396 expert=396 role=0 tag=hi MISMATCH matches_expert=-1
STAGING_BITMAP layer=37 pre_populated=441 bits before this barrier
STAGING_VERIFY layer=37 slot=44 expert=44 role=0 tag=lo MISMATCH matches_expert=-1
STAGING_VERIFY layer=37 slot=255 expert=255 role=0 tag=mid MISMATCH matches_expert=-1
STAGING_VERIFY layer=37 slot=426 expert=426 role=0 tag=hi MISMATCH matches_expert=-1
STAGING_BITMAP layer=38 pre_populated=430 bits before this barrier
STAGING_VERIFY layer=38 slot=18 expert=18 role=0 tag=lo MISMATCH matches_expert=-1
STAGING_VERIFY layer=38 slot=196 expert=196 role=0 tag=mid MISMATCH matches_expert=-1
STAGING_VERIFY layer=38 slot=457 expert=457 role=0 tag=hi MISMATCH matches_expert=-1
STAGING_BITMAP layer=39 pre_populated=428 bits before this barrier
STAGING_VERIFY layer=39 slot=82 expert=82 role=0 tag=lo MISMATCH matches_expert=-1
STAGING_VERIFY layer=39 slot=496 expert=496 role=0 tag=hi MISMATCH matches_expert=-1
STAGING_BITMAP layer=40 pre_populated=459 bits before this barrier
STAGING_VERIFY layer=40 slot=127 expert=127 role=0 tag=lo MISMATCH matches_expert=-1
STAGING_VERIFY layer=40 slot=208 expert=208 role=0 tag=mid MISMATCH matches_expert=-1
STAGING_VERIFY layer=40 slot=463 expert=463 role=0 tag=hi MISMATCH matches_expert=-1
STAGING_BITMAP layer=41 pre_populated=460 bits before this barrier
STAGING_VERIFY layer=41 slot=42 expert=42 role=0 tag=lo MISMATCH matches_expert=-1
STAGING_VERIFY layer=41 slot=294 expert=294 role=0 tag=mid MISMATCH matches_expert=-1
STAGING_VERIFY layer=41 slot=496 expert=496 role=0 tag=hi MISMATCH matches_expert=-1
STAGING_BITMAP layer=42 pre_populated=437 bits before this barrier
STAGING_VERIFY layer=42 slot=53 expert=53 role=0 tag=lo MISMATCH matches_expert=-1
STAGING_VERIFY layer=42 slot=248 expert=248 role=0 tag=mid MISMATCH matches_expert=-1
STAGING_VERIFY layer=42 slot=366 expert=366 role=0 tag=hi MISMATCH matches_expert=-1
STAGING_BITMAP layer=43 pre_populated=453 bits before this barrier
STAGING_VERIFY layer=43 slot=13 expert=13 role=0 tag=lo MISMATCH matches_expert=-1
STAGING_VERIFY layer=43 slot=172 expert=172 role=0 tag=mid MISMATCH matches_expert=-1
STAGING_VERIFY layer=43 slot=499 expert=499 role=0 tag=hi MISMATCH matches_expert=-1
STAGING_BITMAP layer=44 pre_populated=432 bits before this barrier
STAGING_VERIFY layer=44 slot=56 expert=56 role=0 tag=lo MISMATCH matches_expert=-1
STAGING_BITMAP layer=45 pre_populated=421 bits before this barrier
STAGING_VERIFY layer=45 slot=51 expert=51 role=0 tag=lo MISMATCH matches_expert=-1
STAGING_VERIFY layer=45 slot=484 expert=484 role=0 tag=hi MISMATCH matches_expert=-1
STAGING_BITMAP layer=46 pre_populated=377 bits before this barrier
STAGING_BITMAP layer=47 pre_populated=21 bits before this barrier
STAGING_BITMAP layer=0 pre_populated=358 bits before this barrier
STAGING_VERIFY layer=0 slot=83 expert=83 role=0 tag=lo MISMATCH matches_expert=-1
STAGING_VERIFY layer=0 slot=351 expert=351 role=0 tag=mid MISMATCH matches_expert=-1
STAGING_BITMAP layer=1 pre_populated=298 bits before this barrier
STAGING_VERIFY layer=1 slot=146 expert=146 role=0 tag=lo MISMATCH matches_expert=-1
STAGING_VERIFY layer=1 slot=232 expert=232 role=0 tag=mid MISMATCH matches_expert=-1
STAGING_VERIFY layer=1 slot=505 expert=505 role=0 tag=hi MISMATCH matches_expert=-1
STAGING_BITMAP layer=2 pre_populated=300 bits before this barrier
STAGING_VERIFY layer=2 slot=4 expert=4 role=2 tag=lo MISMATCH matches_expert=-1
STAGING_VERIFY layer=2 slot=322 expert=322 role=2 tag=mid MISMATCH matches_expert=-1
STAGING_VERIFY layer=2 slot=502 expert=502 role=2 tag=hi MISMATCH matches_expert=-1
STAGING_BITMAP layer=3 pre_populated=210 bits before this barrier
STAGING_VERIFY layer=3 slot=8 expert=8 role=0 tag=lo MISMATCH matches_expert=-1
STAGING_VERIFY layer=3 slot=217 expert=217 role=0 tag=mid MISMATCH matches_expert=-1
STAGING_VERIFY layer=3 slot=494 expert=494 role=0 tag=hi MISMATCH matches_expert=-1
STAGING_BITMAP layer=4 pre_populated=233 bits before this barrier
STAGING_VERIFY layer=4 slot=39 expert=39 role=0 tag=lo MISMATCH matches_expert=-1
STAGING_VERIFY layer=4 slot=382 expert=382 role=0 tag=mid MISMATCH matches_expert=-1
STAGING_VERIFY layer=4 slot=501 expert=501 role=0 tag=hi MISMATCH matches_expert=-1
STAGING_BITMAP layer=5 pre_populated=288 bits before this barrier
STAGING_VERIFY layer=5 slot=38 expert=38 role=0 tag=lo MISMATCH matches_expert=-1
STAGING_VERIFY layer=5 slot=236 expert=236 role=0 tag=mid MISMATCH matches_expert=-1
STAGING_VERIFY layer=5 slot=446 expert=446 role=0 tag=hi MISMATCH matches_expert=-1
STAGING_BITMAP layer=6 pre_populated=300 bits before this barrier
STAGING_VERIFY layer=6 slot=4 expert=4 role=0 tag=lo MISMATCH matches_expert=-1
STAGING_VERIFY layer=6 slot=165 expert=165 role=0 tag=mid MISMATCH matches_expert=-1
STAGING_VERIFY layer=6 slot=390 expert=390 role=0 tag=hi MISMATCH matches_expert=-1
STAGING_BITMAP layer=7 pre_populated=313 bits before this barrier
STAGING_VERIFY layer=7 slot=22 expert=22 role=0 tag=lo MISMATCH matches_expert=-1
STAGING_VERIFY layer=7 slot=178 expert=178 role=0 tag=mid MISMATCH matches_expert=-1
STAGING_VERIFY layer=7 slot=464 expert=464 role=0 tag=hi MISMATCH matches_expert=-1
STAGING_BITMAP layer=8 pre_populated=251 bits before this barrier
STAGING_VERIFY layer=8 slot=27 expert=27 role=0 tag=lo MISMATCH matches_expert=-1
STAGING_VERIFY layer=8 slot=202 expert=202 role=0 tag=mid MISMATCH matches_expert=-1
STAGING_VERIFY layer=8 slot=403 expert=403 role=0 tag=hi MISMATCH matches_expert=-1
STAGING_BITMAP layer=9 pre_populated=270 bits before this barrier
STAGING_VERIFY layer=9 slot=59 expert=59 role=0 tag=lo MISMATCH matches_expert=-1
STAGING_VERIFY layer=9 slot=370 expert=370 role=0 tag=mid MISMATCH matches_expert=-1
STAGING_VERIFY layer=9 slot=488 expert=488 role=0 tag=hi MISMATCH matches_expert=-1
STAGING_BITMAP layer=10 pre_populated=304 bits before this barrier
STAGING_VERIFY layer=10 slot=18 expert=18 role=0 tag=lo MISMATCH matches_expert=-1
STAGING_VERIFY layer=10 slot=355 expert=355 role=0 tag=mid MISMATCH matches_expert=-1
STAGING_BITMAP layer=11 pre_populated=278 bits before this barrier
STAGING_VERIFY layer=11 slot=35 expert=35 role=0 tag=lo MISMATCH matches_expert=-1
STAGING_VERIFY layer=11 slot=237 expert=237 role=0 tag=mid MISMATCH matches_expert=-1
STAGING_VERIFY layer=11 slot=437 expert=437 role=0 tag=hi MISMATCH matches_expert=-1
STAGING_BITMAP layer=12 pre_populated=309 bits before this barrier
STAGING_VERIFY layer=12 slot=9 expert=9 role=0 tag=lo MISMATCH matches_expert=-1
STAGING_VERIFY layer=12 slot=277 expert=277 role=0 tag=mid MISMATCH matches_expert=-1
STAGING_VERIFY layer=12 slot=469 expert=469 role=0 tag=hi MISMATCH matches_expert=-1
STAGING_BITMAP layer=13 pre_populated=298 bits before this barrier
STAGING_VERIFY layer=13 slot=93 expert=93 role=0 tag=lo MISMATCH matches_expert=-1
STAGING_VERIFY layer=13 slot=274 expert=274 role=0 tag=mid MISMATCH matches_expert=-1
STAGING_VERIFY layer=13 slot=510 expert=510 role=0 tag=hi MISMATCH matches_expert=-1
STAGING_BITMAP layer=14 pre_populated=303 bits before this barrier
STAGING_VERIFY layer=14 slot=14 expert=14 role=0 tag=lo MISMATCH matches_expert=-1
STAGING_VERIFY layer=14 slot=173 expert=173 role=0 tag=mid MISMATCH matches_expert=-1
STAGING_VERIFY layer=14 slot=506 expert=506 role=0 tag=hi MISMATCH matches_expert=-1
STAGING_BITMAP layer=15 pre_populated=277 bits before this barrier
STAGING_VERIFY layer=15 slot=110 expert=110 role=0 tag=lo MISMATCH matches_expert=-1
STAGING_VERIFY layer=15 slot=351 expert=351 role=0 tag=mid MISMATCH matches_expert=-1
STAGING_VERIFY layer=15 slot=501 expert=501 role=0 tag=hi MISMATCH matches_expert=-1
STAGING_BITMAP layer=16 pre_populated=320 bits before this barrier
STAGING_VERIFY layer=16 slot=61 expert=61 role=0 tag=lo MISMATCH matches_expert=-1
STAGING_VERIFY layer=16 slot=263 expert=263 role=0 tag=mid MISMATCH matches_expert=-1
STAGING_VERIFY layer=16 slot=480 expert=480 role=0 tag=hi MISMATCH matches_expert=-1
STAGING_BITMAP layer=17 pre_populated=368 bits before this barrier
STAGING_VERIFY layer=17 slot=194 expert=194 role=0 tag=lo MISMATCH matches_expert=-1
STAGING_VERIFY layer=17 slot=345 expert=345 role=0 tag=mid MISMATCH matches_expert=-1
STAGING_VERIFY layer=17 slot=419 expert=419 role=0 tag=hi MISMATCH matches_expert=-1
STAGING_BITMAP layer=18 pre_populated=382 bits before this barrier
STAGING_VERIFY layer=18 slot=9 expert=9 role=0 tag=lo MISMATCH matches_expert=-1
STAGING_VERIFY layer=18 slot=131 expert=131 role=0 tag=mid MISMATCH matches_expert=-1
STAGING_VERIFY layer=18 slot=496 expert=496 role=0 tag=hi MISMATCH matches_expert=-1
STAGING_BITMAP layer=19 pre_populated=398 bits before this barrier
STAGING_VERIFY layer=19 slot=3 expert=3 role=0 tag=lo MISMATCH matches_expert=-1
STAGING_VERIFY layer=19 slot=220 expert=220 role=0 tag=mid MISMATCH matches_expert=-1
STAGING_VERIFY layer=19 slot=472 expert=472 role=0 tag=hi MISMATCH matches_expert=-1
STAGING_BITMAP layer=20 pre_populated=415 bits before this barrier
STAGING_VERIFY layer=20 slot=168 expert=168 role=0 tag=lo MISMATCH matches_expert=-1
STAGING_VERIFY layer=20 slot=344 expert=344 role=0 tag=mid MISMATCH matches_expert=-1
STAGING_VERIFY layer=20 slot=457 expert=457 role=0 tag=hi MISMATCH matches_expert=-1
STAGING_BITMAP layer=21 pre_populated=388 bits before this barrier
STAGING_VERIFY layer=21 slot=24 expert=24 role=0 tag=lo MISMATCH matches_expert=-1
STAGING_VERIFY layer=21 slot=255 expert=255 role=0 tag=mid MISMATCH matches_expert=-1
STAGING_VERIFY layer=21 slot=426 expert=426 role=0 tag=hi MISMATCH matches_expert=-1
STAGING_BITMAP layer=22 pre_populated=388 bits before this barrier
STAGING_VERIFY layer=22 slot=7 expert=7 role=0 tag=lo MISMATCH matches_expert=-1
STAGING_VERIFY layer=22 slot=275 expert=275 role=0 tag=mid MISMATCH matches_expert=-1
STAGING_VERIFY layer=22 slot=460 expert=460 role=0 tag=hi MISMATCH matches_expert=-1
STAGING_BITMAP layer=23 pre_populated=418 bits before this barrier
STAGING_VERIFY layer=23 slot=56 expert=56 role=0 tag=lo MISMATCH matches_expert=-1
STAGING_VERIFY layer=23 slot=199 expert=199 role=0 tag=mid MISMATCH matches_expert=-1
STAGING_VERIFY layer=23 slot=480 expert=480 role=0 tag=hi MISMATCH matches_expert=-1
STAGING_BITMAP layer=24 pre_populated=412 bits before this barrier
STAGING_VERIFY layer=24 slot=27 expert=27 role=0 tag=lo MISMATCH matches_expert=-1
STAGING_VERIFY layer=24 slot=183 expert=183 role=0 tag=mid MISMATCH matches_expert=-1
STAGING_VERIFY layer=24 slot=458 expert=458 role=0 tag=hi MISMATCH matches_expert=-1
STAGING_BITMAP layer=25 pre_populated=441 bits before this barrier
STAGING_VERIFY layer=25 slot=84 expert=84 role=0 tag=lo MISMATCH matches_expert=-1
STAGING_VERIFY layer=25 slot=330 expert=330 role=0 tag=mid MISMATCH matches_expert=-1
STAGING_VERIFY layer=25 slot=508 expert=508 role=0 tag=hi MISMATCH matches_expert=-1
STAGING_BITMAP layer=26 pre_populated=436 bits before this barrier
STAGING_VERIFY layer=26 slot=18 expert=18 role=0 tag=lo MISMATCH matches_expert=-1
STAGING_VERIFY layer=26 slot=304 expert=304 role=0 tag=mid MISMATCH matches_expert=-1
STAGING_VERIFY layer=26 slot=454 expert=454 role=0 tag=hi MISMATCH matches_expert=-1
STAGING_BITMAP layer=27 pre_populated=438 bits before this barrier
STAGING_VERIFY layer=27 slot=35 expert=35 role=0 tag=lo MISMATCH matches_expert=-1
STAGING_VERIFY layer=27 slot=237 expert=237 role=0 tag=mid MISMATCH matches_expert=-1
STAGING_VERIFY layer=27 slot=507 expert=507 role=0 tag=hi MISMATCH matches_expert=-1
STAGING_BITMAP layer=28 pre_populated=425 bits before this barrier
STAGING_VERIFY layer=28 slot=52 expert=52 role=0 tag=lo MISMATCH matches_expert=-1
STAGING_VERIFY layer=28 slot=194 expert=194 role=0 tag=mid MISMATCH matches_expert=-1
STAGING_VERIFY layer=28 slot=430 expert=430 role=0 tag=hi MISMATCH matches_expert=-1
STAGING_BITMAP layer=29 pre_populated=450 bits before this barrier
STAGING_VERIFY layer=29 slot=36 expert=36 role=0 tag=lo MISMATCH matches_expert=-1
STAGING_VERIFY layer=29 slot=274 expert=274 role=0 tag=mid MISMATCH matches_expert=-1
STAGING_VERIFY layer=29 slot=468 expert=468 role=0 tag=hi MISMATCH matches_expert=-1
STAGING_BITMAP layer=30 pre_populated=463 bits before this barrier
STAGING_VERIFY layer=30 slot=11 expert=11 role=0 tag=lo MISMATCH matches_expert=-1
STAGING_VERIFY layer=30 slot=238 expert=238 role=0 tag=mid MISMATCH matches_expert=-1
STAGING_VERIFY layer=30 slot=500 expert=500 role=0 tag=hi MISMATCH matches_expert=-1
STAGING_BITMAP layer=31 pre_populated=469 bits before this barrier
STAGING_VERIFY layer=31 slot=39 expert=39 role=0 tag=lo MISMATCH matches_expert=-1
STAGING_VERIFY layer=31 slot=311 expert=311 role=0 tag=mid MISMATCH matches_expert=-1
STAGING_VERIFY layer=31 slot=494 expert=494 role=0 tag=hi MISMATCH matches_expert=-1
STAGING_BITMAP layer=32 pre_populated=449 bits before this barrier
STAGING_VERIFY layer=32 slot=61 expert=61 role=0 tag=lo MISMATCH matches_expert=-1
STAGING_VERIFY layer=32 slot=272 expert=272 role=0 tag=mid MISMATCH matches_expert=-1
STAGING_VERIFY layer=32 slot=489 expert=489 role=0 tag=hi MISMATCH matches_expert=-1
STAGING_BITMAP layer=33 pre_populated=470 bits before this barrier
STAGING_VERIFY layer=33 slot=136 expert=136 role=0 tag=lo MISMATCH matches_expert=-1
STAGING_VERIFY layer=33 slot=362 expert=362 role=0 tag=mid MISMATCH matches_expert=-1
STAGING_VERIFY layer=33 slot=486 expert=486 role=0 tag=hi MISMATCH matches_expert=-1
STAGING_BITMAP layer=34 pre_populated=452 bits before this barrier
STAGING_VERIFY layer=34 slot=9 expert=9 role=0 tag=lo MISMATCH matches_expert=-1
STAGING_VERIFY layer=34 slot=275 expert=275 role=0 tag=mid MISMATCH matches_expert=-1
STAGING_VERIFY layer=34 slot=496 expert=496 role=0 tag=hi MISMATCH matches_expert=-1
STAGING_BITMAP layer=35 pre_populated=443 bits before this barrier
STAGING_VERIFY layer=35 slot=3 expert=3 role=0 tag=lo MISMATCH matches_expert=-1
STAGING_VERIFY layer=35 slot=342 expert=342 role=0 tag=mid MISMATCH matches_expert=-1
STAGING_VERIFY layer=35 slot=501 expert=501 role=0 tag=hi MISMATCH matches_expert=-1
STAGING_BITMAP layer=36 pre_populated=434 bits before this barrier
STAGING_VERIFY layer=36 slot=20 expert=20 role=0 tag=lo MISMATCH matches_expert=-1
STAGING_VERIFY layer=36 slot=313 expert=313 role=0 tag=mid MISMATCH matches_expert=-1
STAGING_VERIFY layer=36 slot=387 expert=387 role=0 tag=hi MISMATCH matches_expert=-1
STAGING_BITMAP layer=37 pre_populated=441 bits before this barrier
STAGING_VERIFY layer=37 slot=57 expert=57 role=0 tag=lo MISMATCH matches_expert=-1
STAGING_VERIFY layer=37 slot=371 expert=371 role=0 tag=mid MISMATCH matches_expert=-1
STAGING_VERIFY layer=37 slot=426 expert=426 role=0 tag=hi MISMATCH matches_expert=-1
STAGING_BITMAP layer=38 pre_populated=430 bits before this barrier
STAGING_VERIFY layer=38 slot=7 expert=7 role=0 tag=lo MISMATCH matches_expert=-1
STAGING_VERIFY layer=38 slot=226 expert=226 role=0 tag=mid MISMATCH matches_expert=-1
STAGING_VERIFY layer=38 slot=457 expert=457 role=0 tag=hi MISMATCH matches_expert=-1
STAGING_BITMAP layer=39 pre_populated=429 bits before this barrier
STAGING_VERIFY layer=39 slot=82 expert=82 role=0 tag=lo MISMATCH matches_expert=-1
STAGING_VERIFY layer=39 slot=234 expert=234 role=0 tag=mid MISMATCH matches_expert=-1
STAGING_VERIFY layer=39 slot=480 expert=480 role=0 tag=hi MISMATCH matches_expert=-1
STAGING_BITMAP layer=40 pre_populated=459 bits before this barrier
STAGING_VERIFY layer=40 slot=36 expert=36 role=0 tag=lo MISMATCH matches_expert=-1
STAGING_VERIFY layer=40 slot=188 expert=188 role=0 tag=mid MISMATCH matches_expert=-1
STAGING_VERIFY layer=40 slot=463 expert=463 role=0 tag=hi MISMATCH matches_expert=-1
STAGING_BITMAP layer=41 pre_populated=460 bits before this barrier
STAGING_VERIFY layer=41 slot=55 expert=55 role=0 tag=lo MISMATCH matches_expert=-1
STAGING_VERIFY layer=41 slot=404 expert=404 role=0 tag=mid MISMATCH matches_expert=-1
STAGING_VERIFY layer=41 slot=496 expert=496 role=0 tag=hi MISMATCH matches_expert=-1
STAGING_BITMAP layer=42 pre_populated=437 bits before this barrier
STAGING_VERIFY layer=42 slot=3 expert=3 role=0 tag=lo MISMATCH matches_expert=-1
STAGING_VERIFY layer=42 slot=151 expert=151 role=0 tag=mid MISMATCH matches_expert=-1
STAGING_VERIFY layer=42 slot=415 expert=415 role=0 tag=hi MISMATCH matches_expert=-1
STAGING_BITMAP layer=43 pre_populated=453 bits before this barrier
STAGING_VERIFY layer=43 slot=13 expert=13 role=0 tag=lo MISMATCH matches_expert=-1
STAGING_VERIFY layer=43 slot=274 expert=274 role=0 tag=mid MISMATCH matches_expert=-1
STAGING_VERIFY layer=43 slot=507 expert=507 role=0 tag=hi MISMATCH matches_expert=-1
STAGING_BITMAP layer=44 pre_populated=432 bits before this barrier
STAGING_VERIFY layer=44 slot=56 expert=56 role=0 tag=lo MISMATCH matches_expert=-1
STAGING_VERIFY layer=44 slot=248 expert=248 role=0 tag=mid MISMATCH matches_expert=-1
STAGING_VERIFY layer=44 slot=493 expert=493 role=0 tag=hi MISMATCH matches_expert=-1
STAGING_BITMAP layer=45 pre_populated=421 bits before this barrier
STAGING_VERIFY layer=45 slot=51 expert=51 role=0 tag=lo MISMATCH matches_expert=-1
STAGING_VERIFY layer=45 slot=475 expert=475 role=0 tag=hi MISMATCH matches_expert=-1
STAGING_BITMAP layer=46 pre_populated=378 bits before this barrier
STAGING_BITMAP layer=47 pre_populated=24 bits before this barrier
STAGING_BITMAP layer=0 pre_populated=359 bits before this barrier
STAGING_BITMAP layer=1 pre_populated=299 bits before this barrier
STAGING_VERIFY layer=1 slot=146 expert=146 role=0 tag=lo MISMATCH matches_expert=-1
STAGING_VERIFY layer=1 slot=232 expert=232 role=0 tag=mid MISMATCH matches_expert=-1
STAGING_VERIFY layer=1 slot=505 expert=505 role=0 tag=hi MISMATCH matches_expert=-1
STAGING_BITMAP layer=2 pre_populated=300 bits before this barrier
STAGING_VERIFY layer=2 slot=4 expert=4 role=2 tag=lo MISMATCH matches_expert=-1
STAGING_VERIFY layer=2 slot=177 expert=177 role=2 tag=mid MISMATCH matches_expert=-1
STAGING_VERIFY layer=2 slot=502 expert=502 role=2 tag=hi MISMATCH matches_expert=-1
STAGING_BITMAP layer=3 pre_populated=210 bits before this barrier
STAGING_VERIFY layer=3 slot=8 expert=8 role=0 tag=lo MISMATCH matches_expert=-1
STAGING_VERIFY layer=3 slot=188 expert=188 role=0 tag=mid MISMATCH matches_expert=-1
STAGING_VERIFY layer=3 slot=494 expert=494 role=0 tag=hi MISMATCH matches_expert=-1
STAGING_BITMAP layer=4 pre_populated=234 bits before this barrier
STAGING_VERIFY layer=4 slot=39 expert=39 role=0 tag=lo MISMATCH matches_expert=-1
STAGING_VERIFY layer=4 slot=284 expert=284 role=0 tag=mid MISMATCH matches_expert=-1
STAGING_VERIFY layer=4 slot=501 expert=501 role=0 tag=hi MISMATCH matches_expert=-1
STAGING_BITMAP layer=5 pre_populated=288 bits before this barrier
STAGING_VERIFY layer=5 slot=42 expert=42 role=0 tag=lo MISMATCH matches_expert=-1
STAGING_VERIFY layer=5 slot=292 expert=292 role=0 tag=mid MISMATCH matches_expert=-1
STAGING_VERIFY layer=5 slot=446 expert=446 role=0 tag=hi MISMATCH matches_expert=-1
STAGING_BITMAP layer=6 pre_populated=300 bits before this barrier
STAGING_VERIFY layer=6 slot=4 expert=4 role=0 tag=lo MISMATCH matches_expert=-1
STAGING_VERIFY layer=6 slot=152 expert=152 role=0 tag=mid MISMATCH matches_expert=-1
STAGING_VERIFY layer=6 slot=390 expert=390 role=0 tag=hi MISMATCH matches_expert=-1
STAGING_BITMAP layer=7 pre_populated=313 bits before this barrier
STAGING_VERIFY layer=7 slot=22 expert=22 role=0 tag=lo MISMATCH matches_expert=-1
STAGING_VERIFY layer=7 slot=178 expert=178 role=0 tag=mid MISMATCH matches_expert=-1
STAGING_VERIFY layer=7 slot=464 expert=464 role=0 tag=hi MISMATCH matches_expert=-1
STAGING_BITMAP layer=8 pre_populated=251 bits before this barrier
STAGING_VERIFY layer=8 slot=27 expert=27 role=0 tag=lo MISMATCH matches_expert=-1
STAGING_VERIFY layer=8 slot=319 expert=319 role=0 tag=mid MISMATCH matches_expert=-1
STAGING_VERIFY layer=8 slot=458 expert=458 role=0 tag=hi MISMATCH matches_expert=-1
STAGING_BITMAP layer=9 pre_populated=270 bits before this barrier
STAGING_VERIFY layer=9 slot=59 expert=59 role=0 tag=lo MISMATCH matches_expert=-1
STAGING_VERIFY layer=9 slot=264 expert=264 role=0 tag=mid MISMATCH matches_expert=-1
STAGING_VERIFY layer=9 slot=456 expert=456 role=0 tag=hi MISMATCH matches_expert=-1
STAGING_BITMAP layer=10 pre_populated=304 bits before this barrier
STAGING_VERIFY layer=10 slot=18 expert=18 role=0 tag=lo MISMATCH matches_expert=-1
STAGING_VERIFY layer=10 slot=355 expert=355 role=0 tag=mid MISMATCH matches_expert=-1
STAGING_BITMAP layer=11 pre_populated=278 bits before this barrier
STAGING_VERIFY layer=11 slot=237 expert=237 role=0 tag=mid MISMATCH matches_expert=-1
STAGING_VERIFY layer=11 slot=476 expert=476 role=0 tag=hi MISMATCH matches_expert=-1
STAGING_BITMAP layer=12 pre_populated=309 bits before this barrier
STAGING_VERIFY layer=12 slot=52 expert=52 role=0 tag=lo MISMATCH matches_expert=-1
STAGING_VERIFY layer=12 slot=283 expert=283 role=0 tag=mid MISMATCH matches_expert=-1
STAGING_VERIFY layer=12 slot=469 expert=469 role=0 tag=hi MISMATCH matches_expert=-1
STAGING_BITMAP layer=13 pre_populated=298 bits before this barrier
STAGING_VERIFY layer=13 slot=93 expert=93 role=0 tag=lo MISMATCH matches_expert=-1
STAGING_VERIFY layer=13 slot=274 expert=274 role=0 tag=mid MISMATCH matches_expert=-1
STAGING_VERIFY layer=13 slot=510 expert=510 role=0 tag=hi MISMATCH matches_expert=-1
STAGING_BITMAP layer=14 pre_populated=303 bits before this barrier
STAGING_VERIFY layer=14 slot=79 expert=79 role=0 tag=lo MISMATCH matches_expert=-1
STAGING_VERIFY layer=14 slot=238 expert=238 role=0 tag=mid MISMATCH matches_expert=-1
STAGING_VERIFY layer=14 slot=473 expert=473 role=0 tag=hi MISMATCH matches_expert=-1
STAGING_BITMAP layer=15 pre_populated=277 bits before this barrier
STAGING_VERIFY layer=15 slot=110 expert=110 role=0 tag=lo MISMATCH matches_expert=-1
STAGING_VERIFY layer=15 slot=390 expert=390 role=0 tag=mid MISMATCH matches_expert=-1
STAGING_VERIFY layer=15 slot=501 expert=501 role=0 tag=hi MISMATCH matches_expert=-1
STAGING_BITMAP layer=16 pre_populated=320 bits before this barrier
STAGING_VERIFY layer=16 slot=61 expert=61 role=0 tag=lo MISMATCH matches_expert=-1
STAGING_VERIFY layer=16 slot=263 expert=263 role=0 tag=mid MISMATCH matches_expert=-1
STAGING_VERIFY layer=16 slot=480 expert=480 role=0 tag=hi MISMATCH matches_expert=-1
STAGING_BITMAP layer=17 pre_populated=368 bits before this barrier
STAGING_VERIFY layer=17 slot=136 expert=136 role=0 tag=lo MISMATCH matches_expert=-1
STAGING_VERIFY layer=17 slot=301 expert=301 role=0 tag=mid MISMATCH matches_expert=-1
STAGING_VERIFY layer=17 slot=419 expert=419 role=0 tag=hi MISMATCH matches_expert=-1
STAGING_BITMAP layer=18 pre_populated=382 bits before this barrier
STAGING_VERIFY layer=18 slot=22 expert=22 role=0 tag=lo MISMATCH matches_expert=-1
STAGING_VERIFY layer=18 slot=275 expert=275 role=0 tag=mid MISMATCH matches_expert=-1
STAGING_VERIFY layer=18 slot=496 expert=496 role=0 tag=hi MISMATCH matches_expert=-1
STAGING_BITMAP layer=19 pre_populated=398 bits before this barrier
STAGING_VERIFY layer=19 slot=3 expert=3 role=0 tag=lo MISMATCH matches_expert=-1
STAGING_VERIFY layer=19 slot=220 expert=220 role=0 tag=mid MISMATCH matches_expert=-1
STAGING_VERIFY layer=19 slot=472 expert=472 role=0 tag=hi MISMATCH matches_expert=-1
STAGING_BITMAP layer=20 pre_populated=415 bits before this barrier
STAGING_VERIFY layer=20 slot=20 expert=20 role=0 tag=lo MISMATCH matches_expert=-1
STAGING_VERIFY layer=20 slot=300 expert=300 role=0 tag=mid MISMATCH matches_expert=-1
STAGING_VERIFY layer=20 slot=457 expert=457 role=0 tag=hi MISMATCH matches_expert=-1
STAGING_BITMAP layer=21 pre_populated=388 bits before this barrier
STAGING_VERIFY layer=21 slot=24 expert=24 role=0 tag=lo MISMATCH matches_expert=-1
STAGING_VERIFY layer=21 slot=255 expert=255 role=0 tag=mid MISMATCH matches_expert=-1
STAGING_VERIFY layer=21 slot=426 expert=426 role=0 tag=hi MISMATCH matches_expert=-1
STAGING_BITMAP layer=22 pre_populated=388 bits before this barrier
STAGING_VERIFY layer=22 slot=50 expert=50 role=0 tag=lo MISMATCH matches_expert=-1
STAGING_VERIFY layer=22 slot=309 expert=309 role=0 tag=mid MISMATCH matches_expert=-1
STAGING_BITMAP layer=23 pre_populated=418 bits before this barrier
STAGING_VERIFY layer=23 slot=82 expert=82 role=0 tag=lo MISMATCH matches_expert=-1
STAGING_VERIFY layer=23 slot=145 expert=145 role=0 tag=mid MISMATCH matches_expert=-1
STAGING_VERIFY layer=23 slot=480 expert=480 role=0 tag=hi MISMATCH matches_expert=-1
STAGING_BITMAP layer=24 pre_populated=412 bits before this barrier
STAGING_VERIFY layer=24 slot=27 expert=27 role=0 tag=lo MISMATCH matches_expert=-1
STAGING_VERIFY layer=24 slot=229 expert=229 role=0 tag=mid MISMATCH matches_expert=-1
STAGING_VERIFY layer=24 slot=458 expert=458 role=0 tag=hi MISMATCH matches_expert=-1
STAGING_BITMAP layer=25 pre_populated=441 bits before this barrier
STAGING_VERIFY layer=25 slot=84 expert=84 role=0 tag=lo MISMATCH matches_expert=-1
STAGING_VERIFY layer=25 slot=264 expert=264 role=0 tag=mid MISMATCH matches_expert=-1
STAGING_VERIFY layer=25 slot=502 expert=502 role=0 tag=hi MISMATCH matches_expert=-1
STAGING_BITMAP layer=26 pre_populated=436 bits before this barrier
STAGING_VERIFY layer=26 slot=18 expert=18 role=0 tag=lo MISMATCH matches_expert=-1
STAGING_VERIFY layer=26 slot=304 expert=304 role=0 tag=mid MISMATCH matches_expert=-1
STAGING_VERIFY layer=26 slot=454 expert=454 role=0 tag=hi MISMATCH matches_expert=-1
STAGING_BITMAP layer=27 pre_populated=438 bits before this barrier
STAGING_VERIFY layer=27 slot=62 expert=62 role=0 tag=lo MISMATCH matches_expert=-1
STAGING_VERIFY layer=27 slot=185 expert=185 role=0 tag=mid MISMATCH matches_expert=-1
STAGING_VERIFY layer=27 slot=490 expert=490 role=0 tag=hi MISMATCH matches_expert=-1
STAGING_BITMAP layer=28 pre_populated=426 bits before this barrier
STAGING_VERIFY layer=28 slot=39 expert=39 role=0 tag=lo MISMATCH matches_expert=-1
STAGING_VERIFY layer=28 slot=194 expert=194 role=0 tag=mid MISMATCH matches_expert=-1
STAGING_VERIFY layer=28 slot=433 expert=433 role=0 tag=hi MISMATCH matches_expert=-1
STAGING_BITMAP layer=29 pre_populated=450 bits before this barrier
STAGING_VERIFY layer=29 slot=93 expert=93 role=0 tag=lo MISMATCH matches_expert=-1
STAGING_VERIFY layer=29 slot=273 expert=273 role=0 tag=mid MISMATCH matches_expert=-1
STAGING_VERIFY layer=29 slot=507 expert=507 role=0 tag=hi MISMATCH matches_expert=-1
STAGING_BITMAP layer=30 pre_populated=463 bits before this barrier
STAGING_VERIFY layer=30 slot=11 expert=11 role=0 tag=lo MISMATCH matches_expert=-1
STAGING_VERIFY layer=30 slot=234 expert=234 role=0 tag=mid MISMATCH matches_expert=-1
STAGING_VERIFY layer=30 slot=506 expert=506 role=0 tag=hi MISMATCH matches_expert=-1
STAGING_BITMAP layer=31 pre_populated=469 bits before this barrier
STAGING_VERIFY layer=31 slot=6 expert=6 role=0 tag=lo MISMATCH matches_expert=-1
STAGING_VERIFY layer=31 slot=343 expert=343 role=0 tag=mid MISMATCH matches_expert=-1
STAGING_VERIFY layer=31 slot=494 expert=494 role=0 tag=hi MISMATCH matches_expert=-1
STAGING_BITMAP layer=32 pre_populated=449 bits before this barrier
STAGING_VERIFY layer=32 slot=75 expert=75 role=0 tag=lo MISMATCH matches_expert=-1
STAGING_VERIFY layer=32 slot=263 expert=263 role=0 tag=mid MISMATCH matches_expert=-1
STAGING_VERIFY layer=32 slot=487 expert=487 role=0 tag=hi MISMATCH matches_expert=-1
STAGING_BITMAP layer=33 pre_populated=470 bits before this barrier
STAGING_VERIFY layer=33 slot=127 expert=127 role=0 tag=lo MISMATCH matches_expert=-1
STAGING_VERIFY layer=33 slot=257 expert=257 role=0 tag=mid MISMATCH matches_expert=-1
STAGING_VERIFY layer=33 slot=486 expert=486 role=0 tag=hi MISMATCH matches_expert=-1
STAGING_BITMAP layer=34 pre_populated=452 bits before this barrier
STAGING_VERIFY layer=34 slot=9 expert=9 role=0 tag=lo MISMATCH matches_expert=-1
STAGING_VERIFY layer=34 slot=264 expert=264 role=0 tag=mid MISMATCH matches_expert=-1
STAGING_VERIFY layer=34 slot=496 expert=496 role=0 tag=hi MISMATCH matches_expert=-1
STAGING_BITMAP layer=35 pre_populated=443 bits before this barrier
STAGING_VERIFY layer=35 slot=3 expert=3 role=0 tag=lo MISMATCH matches_expert=-1
STAGING_VERIFY layer=35 slot=277 expert=277 role=0 tag=mid MISMATCH matches_expert=-1
STAGING_VERIFY layer=35 slot=472 expert=472 role=0 tag=hi MISMATCH matches_expert=-1
STAGING_BITMAP layer=36 pre_populated=434 bits before this barrier
STAGING_VERIFY layer=36 slot=20 expert=20 role=0 tag=lo MISMATCH matches_expert=-1
STAGING_VERIFY layer=36 slot=324 expert=324 role=0 tag=mid MISMATCH matches_expert=-1
STAGING_VERIFY layer=36 slot=457 expert=457 role=0 tag=hi MISMATCH matches_expert=-1
STAGING_BITMAP layer=37 pre_populated=441 bits before this barrier
STAGING_VERIFY layer=37 slot=24 expert=24 role=0 tag=lo MISMATCH matches_expert=-1
STAGING_VERIFY layer=37 slot=323 expert=323 role=0 tag=mid MISMATCH matches_expert=-1
STAGING_VERIFY layer=37 slot=389 expert=389 role=0 tag=hi MISMATCH matches_expert=-1
STAGING_BITMAP layer=38 pre_populated=430 bits before this barrier
STAGING_VERIFY layer=38 slot=18 expert=18 role=0 tag=lo MISMATCH matches_expert=-1
STAGING_VERIFY layer=38 slot=341 expert=341 role=0 tag=mid MISMATCH matches_expert=-1
STAGING_VERIFY layer=38 slot=473 expert=473 role=0 tag=hi MISMATCH matches_expert=-1
STAGING_BITMAP layer=39 pre_populated=429 bits before this barrier
STAGING_VERIFY layer=39 slot=82 expert=82 role=0 tag=lo MISMATCH matches_expert=-1
STAGING_VERIFY layer=39 slot=243 expert=243 role=0 tag=mid MISMATCH matches_expert=-1
STAGING_VERIFY layer=39 slot=496 expert=496 role=0 tag=hi MISMATCH matches_expert=-1
STAGING_BITMAP layer=40 pre_populated=459 bits before this barrier
STAGING_VERIFY layer=40 slot=108 expert=108 role=0 tag=lo MISMATCH matches_expert=-1
STAGING_VERIFY layer=40 slot=240 expert=240 role=0 tag=mid MISMATCH matches_expert=-1
STAGING_VERIFY layer=40 slot=449 expert=449 role=0 tag=hi MISMATCH matches_expert=-1
STAGING_BITMAP layer=41 pre_populated=460 bits before this barrier
STAGING_VERIFY layer=41 slot=42 expert=42 role=0 tag=lo MISMATCH matches_expert=-1
STAGING_VERIFY layer=41 slot=445 expert=445 role=0 tag=mid MISMATCH matches_expert=-1
STAGING_VERIFY layer=41 slot=496 expert=496 role=0 tag=hi MISMATCH matches_expert=-1
STAGING_BITMAP layer=42 pre_populated=437 bits before this barrier
STAGING_VERIFY layer=42 slot=6 expert=6 role=0 tag=lo MISMATCH matches_expert=-1
STAGING_VERIFY layer=42 slot=215 expert=215 role=0 tag=mid MISMATCH matches_expert=-1
STAGING_VERIFY layer=42 slot=425 expert=425 role=0 tag=hi MISMATCH matches_expert=-1
STAGING_BITMAP layer=43 pre_populated=453 bits before this barrier
STAGING_VERIFY layer=43 slot=33 expert=33 role=0 tag=lo MISMATCH matches_expert=-1
STAGING_VERIFY layer=43 slot=274 expert=274 role=0 tag=mid MISMATCH matches_expert=-1
STAGING_VERIFY layer=43 slot=499 expert=499 role=0 tag=hi MISMATCH matches_expert=-1
STAGING_BITMAP layer=44 pre_populated=432 bits before this barrier
STAGING_VERIFY layer=44 slot=229 expert=229 role=0 tag=mid MISMATCH matches_expert=-1
STAGING_VERIFY layer=44 slot=493 expert=493 role=0 tag=hi MISMATCH matches_expert=-1
STAGING_BITMAP layer=45 pre_populated=421 bits before this barrier
STAGING_VERIFY layer=45 slot=22 expert=22 role=0 tag=lo MISMATCH matches_expert=-1
STAGING_VERIFY layer=45 slot=284 expert=284 role=0 tag=mid MISMATCH matches_expert=-1
STAGING_VERIFY layer=45 slot=352 expert=352 role=0 tag=hi MISMATCH matches_expert=-1
STAGING_BITMAP layer=46 pre_populated=379 bits before this barrier
STAGING_BITMAP layer=47 pre_populated=26 bits before this barrier
STAGING_BITMAP layer=0 pre_populated=360 bits before this barrier
STAGING_BITMAP layer=1 pre_populated=299 bits before this barrier
STAGING_VERIFY layer=1 slot=12 expert=12 role=0 tag=lo MISMATCH matches_expert=-1
STAGING_VERIFY layer=1 slot=232 expert=232 role=0 tag=mid MISMATCH matches_expert=-1
STAGING_VERIFY layer=1 slot=505 expert=505 role=0 tag=hi MISMATCH matches_expert=-1
STAGING_BITMAP layer=2 pre_populated=300 bits before this barrier
STAGING_VERIFY layer=2 slot=4 expert=4 role=2 tag=lo MISMATCH matches_expert=-1
STAGING_VERIFY layer=2 slot=322 expert=322 role=2 tag=mid MISMATCH matches_expert=-1
STAGING_VERIFY layer=2 slot=502 expert=502 role=2 tag=hi MISMATCH matches_expert=-1
STAGING_BITMAP layer=3 pre_populated=210 bits before this barrier
STAGING_VERIFY layer=3 slot=20 expert=20 role=0 tag=lo MISMATCH matches_expert=-1
STAGING_VERIFY layer=3 slot=217 expert=217 role=0 tag=mid MISMATCH matches_expert=-1
STAGING_VERIFY layer=3 slot=494 expert=494 role=0 tag=hi MISMATCH matches_expert=-1
STAGING_BITMAP layer=4 pre_populated=234 bits before this barrier
STAGING_VERIFY layer=4 slot=39 expert=39 role=0 tag=lo MISMATCH matches_expert=-1
STAGING_VERIFY layer=4 slot=259 expert=259 role=0 tag=mid MISMATCH matches_expert=-1
STAGING_VERIFY layer=4 slot=501 expert=501 role=0 tag=hi MISMATCH matches_expert=-1
STAGING_BITMAP layer=5 pre_populated=288 bits before this barrier
STAGING_VERIFY layer=5 slot=38 expert=38 role=0 tag=lo MISMATCH matches_expert=-1
STAGING_VERIFY layer=5 slot=236 expert=236 role=0 tag=mid MISMATCH matches_expert=-1
STAGING_VERIFY layer=5 slot=326 expert=326 role=0 tag=hi MISMATCH matches_expert=-1
STAGING_BITMAP layer=6 pre_populated=300 bits before this barrier
STAGING_VERIFY layer=6 slot=4 expert=4 role=0 tag=lo MISMATCH matches_expert=-1
STAGING_VERIFY layer=6 slot=152 expert=152 role=0 tag=mid MISMATCH matches_expert=-1
STAGING_VERIFY layer=6 slot=390 expert=390 role=0 tag=hi MISMATCH matches_expert=-1
STAGING_BITMAP layer=7 pre_populated=313 bits before this barrier
STAGING_VERIFY layer=7 slot=52 expert=52 role=0 tag=lo MISMATCH matches_expert=-1
STAGING_VERIFY layer=7 slot=178 expert=178 role=0 tag=mid MISMATCH matches_expert=-1
STAGING_VERIFY layer=7 slot=464 expert=464 role=0 tag=hi MISMATCH matches_expert=-1
STAGING_BITMAP layer=8 pre_populated=251 bits before this barrier
STAGING_VERIFY layer=8 slot=27 expert=27 role=0 tag=lo MISMATCH matches_expert=-1
STAGING_VERIFY layer=8 slot=250 expert=250 role=0 tag=mid MISMATCH matches_expert=-1
STAGING_VERIFY layer=8 slot=403 expert=403 role=0 tag=hi MISMATCH matches_expert=-1
STAGING_BITMAP layer=9 pre_populated=270 bits before this barrier
STAGING_VERIFY layer=9 slot=59 expert=59 role=0 tag=lo MISMATCH matches_expert=-1
STAGING_VERIFY layer=9 slot=368 expert=368 role=0 tag=mid MISMATCH matches_expert=-1
STAGING_VERIFY layer=9 slot=493 expert=493 role=0 tag=hi MISMATCH matches_expert=-1
STAGING_BITMAP layer=10 pre_populated=304 bits before this barrier
STAGING_VERIFY layer=10 slot=18 expert=18 role=0 tag=lo MISMATCH matches_expert=-1
STAGING_VERIFY layer=10 slot=355 expert=355 role=0 tag=mid MISMATCH matches_expert=-1
STAGING_BITMAP layer=11 pre_populated=278 bits before this barrier
STAGING_VERIFY layer=11 slot=35 expert=35 role=0 tag=lo MISMATCH matches_expert=-1
STAGING_VERIFY layer=11 slot=120 expert=120 role=0 tag=mid MISMATCH matches_expert=-1
STAGING_VERIFY layer=11 slot=437 expert=437 role=0 tag=hi MISMATCH matches_expert=-1
STAGING_BITMAP layer=12 pre_populated=309 bits before this barrier
STAGING_VERIFY layer=12 slot=52 expert=52 role=0 tag=lo MISMATCH matches_expert=-1
STAGING_VERIFY layer=12 slot=366 expert=366 role=0 tag=mid MISMATCH matches_expert=-1
STAGING_VERIFY layer=12 slot=469 expert=469 role=0 tag=hi MISMATCH matches_expert=-1
STAGING_BITMAP layer=13 pre_populated=298 bits before this barrier
STAGING_VERIFY layer=13 slot=93 expert=93 role=0 tag=lo MISMATCH matches_expert=-1
STAGING_VERIFY layer=13 slot=274 expert=274 role=0 tag=mid MISMATCH matches_expert=-1
STAGING_VERIFY layer=13 slot=464 expert=464 role=0 tag=hi MISMATCH matches_expert=-1
STAGING_BITMAP layer=14 pre_populated=303 bits before this barrier
STAGING_VERIFY layer=14 slot=75 expert=75 role=0 tag=lo MISMATCH matches_expert=-1
STAGING_VERIFY layer=14 slot=175 expert=175 role=0 tag=mid MISMATCH matches_expert=-1
STAGING_VERIFY layer=14 slot=411 expert=411 role=0 tag=hi MISMATCH matches_expert=-1
STAGING_BITMAP layer=15 pre_populated=277 bits before this barrier
STAGING_VERIFY layer=15 slot=209 expert=209 role=0 tag=lo MISMATCH matches_expert=-1
STAGING_VERIFY layer=15 slot=390 expert=390 role=0 tag=mid MISMATCH matches_expert=-1
STAGING_VERIFY layer=15 slot=501 expert=501 role=0 tag=hi MISMATCH matches_expert=-1
STAGING_BITMAP layer=16 pre_populated=321 bits before this barrier
STAGING_VERIFY layer=16 slot=8 expert=8 role=0 tag=lo MISMATCH matches_expert=-1
STAGING_VERIFY layer=16 slot=243 expert=243 role=0 tag=mid MISMATCH matches_expert=-1
STAGING_VERIFY layer=16 slot=480 expert=480 role=0 tag=hi MISMATCH matches_expert=-1
STAGING_BITMAP layer=17 pre_populated=368 bits before this barrier
STAGING_VERIFY layer=17 slot=194 expert=194 role=0 tag=lo MISMATCH matches_expert=-1
STAGING_VERIFY layer=17 slot=301 expert=301 role=0 tag=mid MISMATCH matches_expert=-1
STAGING_VERIFY layer=17 slot=419 expert=419 role=0 tag=hi MISMATCH matches_expert=-1
STAGING_BITMAP layer=18 pre_populated=382 bits before this barrier
STAGING_VERIFY layer=18 slot=22 expert=22 role=0 tag=lo MISMATCH matches_expert=-1
STAGING_VERIFY layer=18 slot=211 expert=211 role=0 tag=mid MISMATCH matches_expert=-1
STAGING_VERIFY layer=18 slot=448 expert=448 role=0 tag=hi MISMATCH matches_expert=-1
STAGING_BITMAP layer=19 pre_populated=398 bits before this barrier
STAGING_VERIFY layer=19 slot=3 expert=3 role=0 tag=lo MISMATCH matches_expert=-1
STAGING_VERIFY layer=19 slot=277 expert=277 role=0 tag=mid MISMATCH matches_expert=-1
STAGING_VERIFY layer=19 slot=472 expert=472 role=0 tag=hi MISMATCH matches_expert=-1
STAGING_BITMAP layer=20 pre_populated=415 bits before this barrier
STAGING_VERIFY layer=20 slot=168 expert=168 role=0 tag=lo MISMATCH matches_expert=-1
STAGING_VERIFY layer=20 slot=363 expert=363 role=0 tag=mid MISMATCH matches_expert=-1
STAGING_VERIFY layer=20 slot=485 expert=485 role=0 tag=hi MISMATCH matches_expert=-1
STAGING_BITMAP layer=21 pre_populated=388 bits before this barrier
STAGING_VERIFY layer=21 slot=57 expert=57 role=0 tag=lo MISMATCH matches_expert=-1
STAGING_VERIFY layer=21 slot=313 expert=313 role=0 tag=mid MISMATCH matches_expert=-1
STAGING_VERIFY layer=21 slot=426 expert=426 role=0 tag=hi MISMATCH matches_expert=-1
STAGING_BITMAP layer=22 pre_populated=389 bits before this barrier
STAGING_VERIFY layer=22 slot=50 expert=50 role=0 tag=lo MISMATCH matches_expert=-1
STAGING_VERIFY layer=22 slot=275 expert=275 role=0 tag=mid MISMATCH matches_expert=-1
STAGING_VERIFY layer=22 slot=457 expert=457 role=0 tag=hi MISMATCH matches_expert=-1
STAGING_BITMAP layer=23 pre_populated=418 bits before this barrier
STAGING_VERIFY layer=23 slot=56 expert=56 role=0 tag=lo MISMATCH matches_expert=-1
STAGING_VERIFY layer=23 slot=128 expert=128 role=0 tag=mid MISMATCH matches_expert=-1
STAGING_VERIFY layer=23 slot=480 expert=480 role=0 tag=hi MISMATCH matches_expert=-1
STAGING_BITMAP layer=24 pre_populated=412 bits before this barrier
STAGING_VERIFY layer=24 slot=27 expert=27 role=0 tag=lo MISMATCH matches_expert=-1
STAGING_VERIFY layer=24 slot=229 expert=229 role=0 tag=mid MISMATCH matches_expert=-1
STAGING_VERIFY layer=24 slot=464 expert=464 role=0 tag=hi MISMATCH matches_expert=-1
STAGING_BITMAP layer=25 pre_populated=441 bits before this barrier
STAGING_VERIFY layer=25 slot=59 expert=59 role=0 tag=lo MISMATCH matches_expert=-1
STAGING_VERIFY layer=25 slot=361 expert=361 role=0 tag=mid MISMATCH matches_expert=-1
STAGING_VERIFY layer=25 slot=430 expert=430 role=0 tag=hi MISMATCH matches_expert=-1
STAGING_BITMAP layer=26 pre_populated=436 bits before this barrier
STAGING_VERIFY layer=26 slot=28 expert=28 role=0 tag=lo MISMATCH matches_expert=-1
STAGING_VERIFY layer=26 slot=384 expert=384 role=0 tag=mid MISMATCH matches_expert=-1
STAGING_VERIFY layer=26 slot=503 expert=503 role=0 tag=hi MISMATCH matches_expert=-1
STAGING_BITMAP layer=27 pre_populated=438 bits before this barrier
STAGING_VERIFY layer=27 slot=35 expert=35 role=0 tag=lo MISMATCH matches_expert=-1
STAGING_VERIFY layer=27 slot=210 expert=210 role=0 tag=mid MISMATCH matches_expert=-1
STAGING_VERIFY layer=27 slot=440 expert=440 role=0 tag=hi MISMATCH matches_expert=-1
STAGING_BITMAP layer=28 pre_populated=426 bits before this barrier
STAGING_VERIFY layer=28 slot=9 expert=9 role=0 tag=lo MISMATCH matches_expert=-1
STAGING_VERIFY layer=28 slot=194 expert=194 role=0 tag=mid MISMATCH matches_expert=-1
STAGING_VERIFY layer=28 slot=469 expert=469 role=0 tag=hi MISMATCH matches_expert=-1
STAGING_BITMAP layer=29 pre_populated=450 bits before this barrier
STAGING_VERIFY layer=29 slot=93 expert=93 role=0 tag=lo MISMATCH matches_expert=-1
STAGING_VERIFY layer=29 slot=358 expert=358 role=0 tag=mid MISMATCH matches_expert=-1
STAGING_VERIFY layer=29 slot=503 expert=503 role=0 tag=hi MISMATCH matches_expert=-1
STAGING_BITMAP layer=30 pre_populated=463 bits before this barrier
STAGING_VERIFY layer=30 slot=79 expert=79 role=0 tag=lo MISMATCH matches_expert=-1
STAGING_VERIFY layer=30 slot=326 expert=326 role=0 tag=mid MISMATCH matches_expert=-1
STAGING_VERIFY layer=30 slot=506 expert=506 role=0 tag=hi MISMATCH matches_expert=-1
STAGING_BITMAP layer=31 pre_populated=469 bits before this barrier
STAGING_VERIFY layer=31 slot=56 expert=56 role=0 tag=lo MISMATCH matches_expert=-1
STAGING_VERIFY layer=31 slot=347 expert=347 role=0 tag=mid MISMATCH matches_expert=-1
STAGING_VERIFY layer=31 slot=459 expert=459 role=0 tag=hi MISMATCH matches_expert=-1
STAGING_BITMAP layer=32 pre_populated=449 bits before this barrier
STAGING_VERIFY layer=32 slot=61 expert=61 role=0 tag=lo MISMATCH matches_expert=-1
STAGING_VERIFY layer=32 slot=263 expert=263 role=0 tag=mid MISMATCH matches_expert=-1
STAGING_VERIFY layer=32 slot=480 expert=480 role=0 tag=hi MISMATCH matches_expert=-1
STAGING_BITMAP layer=33 pre_populated=470 bits before this barrier
STAGING_VERIFY layer=33 slot=120 expert=120 role=0 tag=lo MISMATCH matches_expert=-1
STAGING_VERIFY layer=33 slot=301 expert=301 role=0 tag=mid MISMATCH matches_expert=-1
STAGING_VERIFY layer=33 slot=471 expert=471 role=0 tag=hi MISMATCH matches_expert=-1
STAGING_BITMAP layer=34 pre_populated=452 bits before this barrier
STAGING_VERIFY layer=34 slot=24 expert=24 role=0 tag=lo MISMATCH matches_expert=-1
STAGING_VERIFY layer=34 slot=275 expert=275 role=0 tag=mid MISMATCH matches_expert=-1
STAGING_VERIFY layer=34 slot=496 expert=496 role=0 tag=hi MISMATCH matches_expert=-1
STAGING_BITMAP layer=35 pre_populated=443 bits before this barrier
STAGING_VERIFY layer=35 slot=3 expert=3 role=0 tag=lo MISMATCH matches_expert=-1
STAGING_VERIFY layer=35 slot=277 expert=277 role=0 tag=mid MISMATCH matches_expert=-1
STAGING_VERIFY layer=35 slot=509 expert=509 role=0 tag=hi MISMATCH matches_expert=-1
STAGING_BITMAP layer=36 pre_populated=434 bits before this barrier
STAGING_VERIFY layer=36 slot=179 expert=179 role=0 tag=lo MISMATCH matches_expert=-1
STAGING_VERIFY layer=36 slot=313 expert=313 role=0 tag=mid MISMATCH matches_expert=-1
STAGING_VERIFY layer=36 slot=457 expert=457 role=0 tag=hi MISMATCH matches_expert=-1
STAGING_BITMAP layer=37 pre_populated=441 bits before this barrier
STAGING_VERIFY layer=37 slot=57 expert=57 role=0 tag=lo MISMATCH matches_expert=-1
STAGING_VERIFY layer=37 slot=369 expert=369 role=0 tag=mid MISMATCH matches_expert=-1
STAGING_VERIFY layer=37 slot=426 expert=426 role=0 tag=hi MISMATCH matches_expert=-1
STAGING_BITMAP layer=38 pre_populated=430 bits before this barrier
STAGING_VERIFY layer=38 slot=7 expert=7 role=0 tag=lo MISMATCH matches_expert=-1
STAGING_VERIFY layer=38 slot=341 expert=341 role=0 tag=mid MISMATCH matches_expert=-1
STAGING_VERIFY layer=38 slot=473 expert=473 role=0 tag=hi MISMATCH matches_expert=-1
STAGING_BITMAP layer=39 pre_populated=429 bits before this barrier
STAGING_VERIFY layer=39 slot=82 expert=82 role=0 tag=lo MISMATCH matches_expert=-1
STAGING_VERIFY layer=39 slot=243 expert=243 role=0 tag=mid MISMATCH matches_expert=-1
STAGING_VERIFY layer=39 slot=480 expert=480 role=0 tag=hi MISMATCH matches_expert=-1
STAGING_BITMAP layer=40 pre_populated=459 bits before this barrier
STAGING_VERIFY layer=40 slot=38 expert=38 role=0 tag=lo MISMATCH matches_expert=-1
STAGING_VERIFY layer=40 slot=208 expert=208 role=0 tag=mid MISMATCH matches_expert=-1
STAGING_VERIFY layer=40 slot=493 expert=493 role=0 tag=hi MISMATCH matches_expert=-1
STAGING_BITMAP layer=41 pre_populated=460 bits before this barrier
STAGING_VERIFY layer=41 slot=42 expert=42 role=0 tag=lo MISMATCH matches_expert=-1
STAGING_VERIFY layer=41 slot=331 expert=331 role=0 tag=mid MISMATCH matches_expert=-1
STAGING_VERIFY layer=41 slot=496 expert=496 role=0 tag=hi MISMATCH matches_expert=-1
STAGING_BITMAP layer=42 pre_populated=437 bits before this barrier
STAGING_VERIFY layer=42 slot=6 expert=6 role=0 tag=lo MISMATCH matches_expert=-1
STAGING_VERIFY layer=42 slot=212 expert=212 role=0 tag=mid MISMATCH matches_expert=-1
STAGING_VERIFY layer=42 slot=425 expert=425 role=0 tag=hi MISMATCH matches_expert=-1
STAGING_BITMAP layer=43 pre_populated=453 bits before this barrier
STAGING_VERIFY layer=43 slot=33 expert=33 role=0 tag=lo MISMATCH matches_expert=-1
STAGING_VERIFY layer=43 slot=240 expert=240 role=0 tag=mid MISMATCH matches_expert=-1
STAGING_VERIFY layer=43 slot=499 expert=499 role=0 tag=hi MISMATCH matches_expert=-1
STAGING_BITMAP layer=44 pre_populated=432 bits before this barrier
STAGING_VERIFY layer=44 slot=56 expert=56 role=0 tag=lo MISMATCH matches_expert=-1
STAGING_VERIFY layer=44 slot=216 expert=216 role=0 tag=mid MISMATCH matches_expert=-1
STAGING_VERIFY layer=44 slot=493 expert=493 role=0 tag=hi MISMATCH matches_expert=-1
STAGING_BITMAP layer=45 pre_populated=422 bits before this barrier
STAGING_VERIFY layer=45 slot=51 expert=51 role=0 tag=lo MISMATCH matches_expert=-1
STAGING_VERIFY layer=45 slot=281 expert=281 role=0 tag=mid MISMATCH matches_expert=-1
STAGING_BITMAP layer=46 pre_populated=379 bits before this barrier
STAGING_VERIFY layer=46 slot=398 expert=398 role=0 tag=hi MISMATCH matches_expert=-1
STAGING_BITMAP layer=47 pre_populated=26 bits before this barrier
STAGING_BITMAP layer=0 pre_populated=360 bits before this barrier
STAGING_BITMAP layer=1 pre_populated=299 bits before this barrier
STAGING_VERIFY layer=1 slot=12 expert=12 role=0 tag=lo MISMATCH matches_expert=-1
STAGING_VERIFY layer=1 slot=232 expert=232 role=0 tag=mid MISMATCH matches_expert=-1
STAGING_VERIFY layer=1 slot=505 expert=505 role=0 tag=hi MISMATCH matches_expert=-1
STAGING_BITMAP layer=2 pre_populated=300 bits before this barrier
STAGING_VERIFY layer=2 slot=4 expert=4 role=2 tag=lo MISMATCH matches_expert=-1
STAGING_VERIFY layer=2 slot=177 expert=177 role=2 tag=mid MISMATCH matches_expert=-1
STAGING_VERIFY layer=2 slot=502 expert=502 role=2 tag=hi MISMATCH matches_expert=-1
STAGING_BITMAP layer=3 pre_populated=210 bits before this barrier
STAGING_VERIFY layer=3 slot=20 expert=20 role=0 tag=lo MISMATCH matches_expert=-1
STAGING_VERIFY layer=3 slot=188 expert=188 role=0 tag=mid MISMATCH matches_expert=-1
STAGING_VERIFY layer=3 slot=494 expert=494 role=0 tag=hi MISMATCH matches_expert=-1
STAGING_BITMAP layer=4 pre_populated=234 bits before this barrier
STAGING_VERIFY layer=4 slot=39 expert=39 role=0 tag=lo MISMATCH matches_expert=-1
STAGING_VERIFY layer=4 slot=259 expert=259 role=0 tag=mid MISMATCH matches_expert=-1
STAGING_VERIFY layer=4 slot=501 expert=501 role=0 tag=hi MISMATCH matches_expert=-1
STAGING_BITMAP layer=5 pre_populated=288 bits before this barrier
STAGING_VERIFY layer=5 slot=42 expert=42 role=0 tag=lo MISMATCH matches_expert=-1
STAGING_VERIFY layer=5 slot=291 expert=291 role=0 tag=mid MISMATCH matches_expert=-1
STAGING_VERIFY layer=5 slot=446 expert=446 role=0 tag=hi MISMATCH matches_expert=-1
STAGING_BITMAP layer=6 pre_populated=300 bits before this barrier
STAGING_VERIFY layer=6 slot=4 expert=4 role=0 tag=lo MISMATCH matches_expert=-1
STAGING_VERIFY layer=6 slot=150 expert=150 role=0 tag=mid MISMATCH matches_expert=-1
STAGING_VERIFY layer=6 slot=390 expert=390 role=0 tag=hi MISMATCH matches_expert=-1
STAGING_BITMAP layer=7 pre_populated=313 bits before this barrier
STAGING_VERIFY layer=7 slot=22 expert=22 role=0 tag=lo MISMATCH matches_expert=-1
STAGING_VERIFY layer=7 slot=165 expert=165 role=0 tag=mid MISMATCH matches_expert=-1
STAGING_VERIFY layer=7 slot=464 expert=464 role=0 tag=hi MISMATCH matches_expert=-1
STAGING_BITMAP layer=8 pre_populated=251 bits before this barrier
STAGING_VERIFY layer=8 slot=46 expert=46 role=0 tag=lo MISMATCH matches_expert=-1
STAGING_VERIFY layer=8 slot=250 expert=250 role=0 tag=mid MISMATCH matches_expert=-1
STAGING_VERIFY layer=8 slot=403 expert=403 role=0 tag=hi MISMATCH matches_expert=-1
STAGING_BITMAP layer=9 pre_populated=270 bits before this barrier
STAGING_VERIFY layer=9 slot=59 expert=59 role=0 tag=lo MISMATCH matches_expert=-1
STAGING_VERIFY layer=9 slot=369 expert=369 role=0 tag=mid MISMATCH matches_expert=-1
STAGING_VERIFY layer=9 slot=488 expert=488 role=0 tag=hi MISMATCH matches_expert=-1
STAGING_BITMAP layer=10 pre_populated=304 bits before this barrier
STAGING_VERIFY layer=10 slot=18 expert=18 role=0 tag=lo MISMATCH matches_expert=-1
STAGING_VERIFY layer=10 slot=355 expert=355 role=0 tag=mid MISMATCH matches_expert=-1
STAGING_BITMAP layer=11 pre_populated=278 bits before this barrier
STAGING_VERIFY layer=11 slot=35 expert=35 role=0 tag=lo MISMATCH matches_expert=-1
STAGING_VERIFY layer=11 slot=185 expert=185 role=0 tag=mid MISMATCH matches_expert=-1
STAGING_VERIFY layer=11 slot=476 expert=476 role=0 tag=hi MISMATCH matches_expert=-1
STAGING_BITMAP layer=12 pre_populated=310 bits before this barrier
STAGING_VERIFY layer=12 slot=52 expert=52 role=0 tag=lo MISMATCH matches_expert=-1
STAGING_VERIFY layer=12 slot=305 expert=305 role=0 tag=mid MISMATCH matches_expert=-1
STAGING_VERIFY layer=12 slot=469 expert=469 role=0 tag=hi MISMATCH matches_expert=-1
STAGING_BITMAP layer=13 pre_populated=298 bits before this barrier
STAGING_VERIFY layer=13 slot=93 expert=93 role=0 tag=lo MISMATCH matches_expert=-1
STAGING_VERIFY layer=13 slot=265 expert=265 role=0 tag=mid MISMATCH matches_expert=-1
STAGING_VERIFY layer=13 slot=507 expert=507 role=0 tag=hi MISMATCH matches_expert=-1
STAGING_BITMAP layer=14 pre_populated=303 bits before this barrier
STAGING_VERIFY layer=14 slot=84 expert=84 role=0 tag=lo MISMATCH matches_expert=-1
STAGING_VERIFY layer=14 slot=238 expert=238 role=0 tag=mid MISMATCH matches_expert=-1
STAGING_VERIFY layer=14 slot=411 expert=411 role=0 tag=hi MISMATCH matches_expert=-1
STAGING_BITMAP layer=15 pre_populated=277 bits before this barrier
STAGING_VERIFY layer=15 slot=39 expert=39 role=0 tag=lo MISMATCH matches_expert=-1
STAGING_VERIFY layer=15 slot=358 expert=358 role=0 tag=mid MISMATCH matches_expert=-1
STAGING_VERIFY layer=15 slot=501 expert=501 role=0 tag=hi MISMATCH matches_expert=-1
STAGING_BITMAP layer=16 pre_populated=321 bits before this barrier
STAGING_VERIFY layer=16 slot=61 expert=61 role=0 tag=lo MISMATCH matches_expert=-1
STAGING_VERIFY layer=16 slot=263 expert=263 role=0 tag=mid MISMATCH matches_expert=-1
STAGING_VERIFY layer=16 slot=487 expert=487 role=0 tag=hi MISMATCH matches_expert=-1
STAGING_BITMAP layer=17 pre_populated=368 bits before this barrier
STAGING_VERIFY layer=17 slot=136 expert=136 role=0 tag=lo MISMATCH matches_expert=-1
STAGING_VERIFY layer=17 slot=301 expert=301 role=0 tag=mid MISMATCH matches_expert=-1
STAGING_VERIFY layer=17 slot=486 expert=486 role=0 tag=hi MISMATCH matches_expert=-1
STAGING_BITMAP layer=18 pre_populated=382 bits before this barrier
STAGING_VERIFY layer=18 slot=9 expert=9 role=0 tag=lo MISMATCH matches_expert=-1
STAGING_VERIFY layer=18 slot=101 expert=101 role=0 tag=mid MISMATCH matches_expert=-1
STAGING_VERIFY layer=18 slot=496 expert=496 role=0 tag=hi MISMATCH matches_expert=-1
STAGING_BITMAP layer=19 pre_populated=398 bits before this barrier
STAGING_VERIFY layer=19 slot=3 expert=3 role=0 tag=lo MISMATCH matches_expert=-1
STAGING_VERIFY layer=19 slot=315 expert=315 role=0 tag=mid MISMATCH matches_expert=-1
STAGING_VERIFY layer=19 slot=501 expert=501 role=0 tag=hi MISMATCH matches_expert=-1
STAGING_BITMAP layer=20 pre_populated=415 bits before this barrier
STAGING_VERIFY layer=20 slot=20 expert=20 role=0 tag=lo MISMATCH matches_expert=-1
STAGING_VERIFY layer=20 slot=274 expert=274 role=0 tag=mid MISMATCH matches_expert=-1
STAGING_VERIFY layer=20 slot=387 expert=387 role=0 tag=hi MISMATCH matches_expert=-1
STAGING_BITMAP layer=21 pre_populated=388 bits before this barrier
STAGING_VERIFY layer=21 slot=24 expert=24 role=0 tag=lo MISMATCH matches_expert=-1
STAGING_VERIFY layer=21 slot=313 expert=313 role=0 tag=mid MISMATCH matches_expert=-1
STAGING_VERIFY layer=21 slot=394 expert=394 role=0 tag=hi MISMATCH matches_expert=-1
STAGING_BITMAP layer=22 pre_populated=389 bits before this barrier
STAGING_VERIFY layer=22 slot=50 expert=50 role=0 tag=lo MISMATCH matches_expert=-1
STAGING_VERIFY layer=22 slot=377 expert=377 role=0 tag=mid MISMATCH matches_expert=-1
STAGING_BITMAP layer=23 pre_populated=418 bits before this barrier
STAGING_VERIFY layer=23 slot=82 expert=82 role=0 tag=lo MISMATCH matches_expert=-1
STAGING_VERIFY layer=23 slot=145 expert=145 role=0 tag=mid MISMATCH matches_expert=-1
STAGING_VERIFY layer=23 slot=480 expert=480 role=0 tag=hi MISMATCH matches_expert=-1
STAGING_BITMAP layer=24 pre_populated=412 bits before this barrier
STAGING_VERIFY layer=24 slot=27 expert=27 role=0 tag=lo MISMATCH matches_expert=-1
STAGING_VERIFY layer=24 slot=316 expert=316 role=0 tag=mid MISMATCH matches_expert=-1
STAGING_VERIFY layer=24 slot=458 expert=458 role=0 tag=hi MISMATCH matches_expert=-1
STAGING_BITMAP layer=25 pre_populated=441 bits before this barrier
STAGING_VERIFY layer=25 slot=84 expert=84 role=0 tag=lo MISMATCH matches_expert=-1
STAGING_VERIFY layer=25 slot=264 expert=264 role=0 tag=mid MISMATCH matches_expert=-1
STAGING_VERIFY layer=25 slot=456 expert=456 role=0 tag=hi MISMATCH matches_expert=-1
STAGING_BITMAP layer=26 pre_populated=436 bits before this barrier
STAGING_VERIFY layer=26 slot=18 expert=18 role=0 tag=lo MISMATCH matches_expert=-1
STAGING_VERIFY layer=26 slot=379 expert=379 role=0 tag=mid MISMATCH matches_expert=-1
STAGING_VERIFY layer=26 slot=464 expert=464 role=0 tag=hi MISMATCH matches_expert=-1
STAGING_BITMAP layer=27 pre_populated=438 bits before this barrier
STAGING_VERIFY layer=27 slot=48 expert=48 role=0 tag=lo MISMATCH matches_expert=-1
STAGING_VERIFY layer=27 slot=372 expert=372 role=0 tag=mid MISMATCH matches_expert=-1
STAGING_VERIFY layer=27 slot=507 expert=507 role=0 tag=hi MISMATCH matches_expert=-1
STAGING_BITMAP layer=28 pre_populated=426 bits before this barrier
STAGING_VERIFY layer=28 slot=194 expert=194 role=0 tag=mid MISMATCH matches_expert=-1
STAGING_VERIFY layer=28 slot=430 expert=430 role=0 tag=hi MISMATCH matches_expert=-1
STAGING_BITMAP layer=29 pre_populated=450 bits before this barrier
STAGING_VERIFY layer=29 slot=91 expert=91 role=0 tag=lo MISMATCH matches_expert=-1
STAGING_VERIFY layer=29 slot=273 expert=273 role=0 tag=mid MISMATCH matches_expert=-1
STAGING_VERIFY layer=29 slot=507 expert=507 role=0 tag=hi MISMATCH matches_expert=-1
STAGING_BITMAP layer=30 pre_populated=463 bits before this barrier
STAGING_VERIFY layer=30 slot=11 expert=11 role=0 tag=lo MISMATCH matches_expert=-1
STAGING_VERIFY layer=30 slot=234 expert=234 role=0 tag=mid MISMATCH matches_expert=-1
STAGING_VERIFY layer=30 slot=409 expert=409 role=0 tag=hi MISMATCH matches_expert=-1
STAGING_BITMAP layer=31 pre_populated=469 bits before this barrier
STAGING_VERIFY layer=31 slot=174 expert=174 role=0 tag=lo MISMATCH matches_expert=-1
STAGING_VERIFY layer=31 slot=311 expert=311 role=0 tag=mid MISMATCH matches_expert=-1
STAGING_VERIFY layer=31 slot=494 expert=494 role=0 tag=hi MISMATCH matches_expert=-1
STAGING_BITMAP layer=32 pre_populated=449 bits before this barrier
STAGING_VERIFY layer=32 slot=61 expert=61 role=0 tag=lo MISMATCH matches_expert=-1
STAGING_VERIFY layer=32 slot=263 expert=263 role=0 tag=mid MISMATCH matches_expert=-1
STAGING_VERIFY layer=32 slot=480 expert=480 role=0 tag=hi MISMATCH matches_expert=-1
STAGING_BITMAP layer=33 pre_populated=470 bits before this barrier
STAGING_VERIFY layer=33 slot=127 expert=127 role=0 tag=lo MISMATCH matches_expert=-1
STAGING_VERIFY layer=33 slot=374 expert=374 role=0 tag=mid MISMATCH matches_expert=-1
STAGING_VERIFY layer=33 slot=486 expert=486 role=0 tag=hi MISMATCH matches_expert=-1
STAGING_BITMAP layer=34 pre_populated=452 bits before this barrier
STAGING_VERIFY layer=34 slot=9 expert=9 role=0 tag=lo MISMATCH matches_expert=-1
STAGING_VERIFY layer=34 slot=211 expert=211 role=0 tag=mid MISMATCH matches_expert=-1
STAGING_VERIFY layer=34 slot=496 expert=496 role=0 tag=hi MISMATCH matches_expert=-1
STAGING_BITMAP layer=35 pre_populated=443 bits before this barrier
STAGING_VERIFY layer=35 slot=3 expert=3 role=0 tag=lo MISMATCH matches_expert=-1
STAGING_VERIFY layer=35 slot=315 expert=315 role=0 tag=mid MISMATCH matches_expert=-1
STAGING_VERIFY layer=35 slot=501 expert=501 role=0 tag=hi MISMATCH matches_expert=-1
STAGING_BITMAP layer=36 pre_populated=434 bits before this barrier
STAGING_VERIFY layer=36 slot=20 expert=20 role=0 tag=lo MISMATCH matches_expert=-1
STAGING_VERIFY layer=36 slot=313 expert=313 role=0 tag=mid MISMATCH matches_expert=-1
STAGING_VERIFY layer=36 slot=387 expert=387 role=0 tag=hi MISMATCH matches_expert=-1
STAGING_BITMAP layer=37 pre_populated=441 bits before this barrier
STAGING_VERIFY layer=37 slot=24 expert=24 role=0 tag=lo MISMATCH matches_expert=-1
STAGING_VERIFY layer=37 slot=314 expert=314 role=0 tag=mid MISMATCH matches_expert=-1
STAGING_VERIFY layer=37 slot=460 expert=460 role=0 tag=hi MISMATCH matches_expert=-1
STAGING_BITMAP layer=38 pre_populated=430 bits before this barrier
STAGING_VERIFY layer=38 slot=18 expert=18 role=0 tag=lo MISMATCH matches_expert=-1
STAGING_VERIFY layer=38 slot=235 expert=235 role=0 tag=mid MISMATCH matches_expert=-1
STAGING_VERIFY layer=38 slot=473 expert=473 role=0 tag=hi MISMATCH matches_expert=-1
STAGING_BITMAP layer=39 pre_populated=429 bits before this barrier
STAGING_VERIFY layer=39 slot=60 expert=60 role=0 tag=lo MISMATCH matches_expert=-1
STAGING_VERIFY layer=39 slot=267 expert=267 role=0 tag=mid MISMATCH matches_expert=-1
STAGING_VERIFY layer=39 slot=480 expert=480 role=0 tag=hi MISMATCH matches_expert=-1
STAGING_BITMAP layer=40 pre_populated=459 bits before this barrier
STAGING_VERIFY layer=40 slot=108 expert=108 role=0 tag=lo MISMATCH matches_expert=-1
STAGING_VERIFY layer=40 slot=208 expert=208 role=0 tag=mid MISMATCH matches_expert=-1
STAGING_VERIFY layer=40 slot=491 expert=491 role=0 tag=hi MISMATCH matches_expert=-1
STAGING_BITMAP layer=41 pre_populated=460 bits before this barrier
STAGING_VERIFY layer=41 slot=59 expert=59 role=0 tag=lo MISMATCH matches_expert=-1
STAGING_VERIFY layer=41 slot=404 expert=404 role=0 tag=mid MISMATCH matches_expert=-1
STAGING_VERIFY layer=41 slot=496 expert=496 role=0 tag=hi MISMATCH matches_expert=-1
STAGING_BITMAP layer=42 pre_populated=437 bits before this barrier
STAGING_VERIFY layer=42 slot=53 expert=53 role=0 tag=lo MISMATCH matches_expert=-1
STAGING_VERIFY layer=42 slot=248 expert=248 role=0 tag=mid MISMATCH matches_expert=-1
STAGING_VERIFY layer=42 slot=415 expert=415 role=0 tag=hi MISMATCH matches_expert=-1
STAGING_BITMAP layer=43 pre_populated=453 bits before this barrier
STAGING_VERIFY layer=43 slot=26 expert=26 role=0 tag=lo MISMATCH matches_expert=-1
STAGING_VERIFY layer=43 slot=274 expert=274 role=0 tag=mid MISMATCH matches_expert=-1
STAGING_VERIFY layer=43 slot=499 expert=499 role=0 tag=hi MISMATCH matches_expert=-1
STAGING_BITMAP layer=44 pre_populated=432 bits before this barrier
STAGING_VERIFY layer=44 slot=56 expert=56 role=0 tag=lo MISMATCH matches_expert=-1
STAGING_VERIFY layer=44 slot=174 expert=174 role=0 tag=mid MISMATCH matches_expert=-1
STAGING_VERIFY layer=44 slot=493 expert=493 role=0 tag=hi MISMATCH matches_expert=-1
STAGING_BITMAP layer=45 pre_populated=422 bits before this barrier
STAGING_VERIFY layer=45 slot=22 expert=22 role=0 tag=lo MISMATCH matches_expert=-1
STAGING_VERIFY layer=45 slot=303 expert=303 role=0 tag=mid MISMATCH matches_expert=-1
STAGING_BITMAP layer=46 pre_populated=380 bits before this barrier
STAGING_VERIFY layer=46 slot=204 expert=204 role=0 tag=mid MISMATCH matches_expert=-1
STAGING_BITMAP layer=47 pre_populated=26 bits before this barrier
STAGING_VERIFY layer=47 slot=179 expert=179 role=0 tag=mid MISMATCH matches_expert=-1
STAGING_BITMAP layer=0 pre_populated=360 bits before this barrier
STAGING_BITMAP layer=1 pre_populated=299 bits before this barrier
STAGING_VERIFY layer=1 slot=12 expert=12 role=0 tag=lo MISMATCH matches_expert=-1
STAGING_VERIFY layer=1 slot=232 expert=232 role=0 tag=mid MISMATCH matches_expert=-1
STAGING_VERIFY layer=1 slot=505 expert=505 role=0 tag=hi MISMATCH matches_expert=-1
STAGING_BITMAP layer=2 pre_populated=300 bits before this barrier
STAGING_VERIFY layer=2 slot=4 expert=4 role=2 tag=lo MISMATCH matches_expert=-1
STAGING_VERIFY layer=2 slot=177 expert=177 role=2 tag=mid MISMATCH matches_expert=-1
STAGING_VERIFY layer=2 slot=502 expert=502 role=2 tag=hi MISMATCH matches_expert=-1
STAGING_BITMAP layer=3 pre_populated=210 bits before this barrier
STAGING_VERIFY layer=3 slot=20 expert=20 role=0 tag=lo MISMATCH matches_expert=-1
STAGING_VERIFY layer=3 slot=217 expert=217 role=0 tag=mid MISMATCH matches_expert=-1
STAGING_VERIFY layer=3 slot=494 expert=494 role=0 tag=hi MISMATCH matches_expert=-1
STAGING_BITMAP layer=4 pre_populated=235 bits before this barrier
STAGING_VERIFY layer=4 slot=39 expert=39 role=0 tag=lo MISMATCH matches_expert=-1
STAGING_VERIFY layer=4 slot=284 expert=284 role=0 tag=mid MISMATCH matches_expert=-1
STAGING_VERIFY layer=4 slot=501 expert=501 role=0 tag=hi MISMATCH matches_expert=-1
STAGING_BITMAP layer=5 pre_populated=288 bits before this barrier
STAGING_VERIFY layer=5 slot=38 expert=38 role=0 tag=lo MISMATCH matches_expert=-1
STAGING_VERIFY layer=5 slot=291 expert=291 role=0 tag=mid MISMATCH matches_expert=-1
STAGING_VERIFY layer=5 slot=326 expert=326 role=0 tag=hi MISMATCH matches_expert=-1
STAGING_BITMAP layer=6 pre_populated=300 bits before this barrier
STAGING_VERIFY layer=6 slot=4 expert=4 role=0 tag=lo MISMATCH matches_expert=-1
STAGING_VERIFY layer=6 slot=194 expert=194 role=0 tag=mid MISMATCH matches_expert=-1
STAGING_VERIFY layer=6 slot=390 expert=390 role=0 tag=hi MISMATCH matches_expert=-1
STAGING_BITMAP layer=7 pre_populated=313 bits before this barrier
STAGING_VERIFY layer=7 slot=52 expert=52 role=0 tag=lo MISMATCH matches_expert=-1
STAGING_VERIFY layer=7 slot=178 expert=178 role=0 tag=mid MISMATCH matches_expert=-1
STAGING_VERIFY layer=7 slot=464 expert=464 role=0 tag=hi MISMATCH matches_expert=-1
STAGING_BITMAP layer=8 pre_populated=251 bits before this barrier
STAGING_VERIFY layer=8 slot=66 expert=66 role=0 tag=lo MISMATCH matches_expert=-1
STAGING_VERIFY layer=8 slot=250 expert=250 role=0 tag=mid MISMATCH matches_expert=-1
STAGING_VERIFY layer=8 slot=403 expert=403 role=0 tag=hi MISMATCH matches_expert=-1
STAGING_BITMAP layer=9 pre_populated=270 bits before this barrier
STAGING_VERIFY layer=9 slot=59 expert=59 role=0 tag=lo MISMATCH matches_expert=-1
STAGING_VERIFY layer=9 slot=368 expert=368 role=0 tag=mid MISMATCH matches_expert=-1
STAGING_VERIFY layer=9 slot=456 expert=456 role=0 tag=hi MISMATCH matches_expert=-1
STAGING_BITMAP layer=10 pre_populated=304 bits before this barrier
STAGING_VERIFY layer=10 slot=18 expert=18 role=0 tag=lo MISMATCH matches_expert=-1
STAGING_VERIFY layer=10 slot=387 expert=387 role=0 tag=mid MISMATCH matches_expert=-1
STAGING_VERIFY layer=10 slot=503 expert=503 role=0 tag=hi MISMATCH matches_expert=-1
STAGING_BITMAP layer=11 pre_populated=278 bits before this barrier
STAGING_VERIFY layer=11 slot=1 expert=1 role=0 tag=lo MISMATCH matches_expert=-1
STAGING_VERIFY layer=11 slot=185 expert=185 role=0 tag=mid MISMATCH matches_expert=-1
STAGING_VERIFY layer=11 slot=393 expert=393 role=0 tag=hi MISMATCH matches_expert=-1
STAGING_BITMAP layer=12 pre_populated=310 bits before this barrier
STAGING_VERIFY layer=12 slot=67 expert=67 role=0 tag=lo MISMATCH matches_expert=-1
STAGING_VERIFY layer=12 slot=366 expert=366 role=0 tag=mid MISMATCH matches_expert=-1
STAGING_VERIFY layer=12 slot=469 expert=469 role=0 tag=hi MISMATCH matches_expert=-1
STAGING_BITMAP layer=13 pre_populated=299 bits before this barrier
STAGING_VERIFY layer=13 slot=78 expert=78 role=0 tag=lo MISMATCH matches_expert=-1
STAGING_VERIFY layer=13 slot=219 expert=219 role=0 tag=mid MISMATCH matches_expert=-1
STAGING_VERIFY layer=13 slot=510 expert=510 role=0 tag=hi MISMATCH matches_expert=-1
STAGING_BITMAP layer=14 pre_populated=303 bits before this barrier
STAGING_VERIFY layer=14 slot=23 expert=23 role=0 tag=lo MISMATCH matches_expert=-1
STAGING_VERIFY layer=14 slot=236 expert=236 role=0 tag=mid MISMATCH matches_expert=-1
STAGING_VERIFY layer=14 slot=411 expert=411 role=0 tag=hi MISMATCH matches_expert=-1
STAGING_BITMAP layer=15 pre_populated=277 bits before this barrier
STAGING_VERIFY layer=15 slot=12 expert=12 role=0 tag=lo MISMATCH matches_expert=-1
STAGING_VERIFY layer=15 slot=351 expert=351 role=0 tag=mid MISMATCH matches_expert=-1
STAGING_VERIFY layer=15 slot=501 expert=501 role=0 tag=hi MISMATCH matches_expert=-1
STAGING_BITMAP layer=16 pre_populated=321 bits before this barrier
STAGING_VERIFY layer=16 slot=8 expert=8 role=0 tag=lo MISMATCH matches_expert=-1
STAGING_VERIFY layer=16 slot=359 expert=359 role=0 tag=mid MISMATCH matches_expert=-1
STAGING_VERIFY layer=16 slot=489 expert=489 role=0 tag=hi MISMATCH matches_expert=-1
STAGING_BITMAP layer=17 pre_populated=368 bits before this barrier
STAGING_VERIFY layer=17 slot=65 expert=65 role=0 tag=lo MISMATCH matches_expert=-1
STAGING_VERIFY layer=17 slot=301 expert=301 role=0 tag=mid MISMATCH matches_expert=-1
STAGING_VERIFY layer=17 slot=419 expert=419 role=0 tag=hi MISMATCH matches_expert=-1
STAGING_BITMAP layer=18 pre_populated=382 bits before this barrier
STAGING_VERIFY layer=18 slot=22 expert=22 role=0 tag=lo MISMATCH matches_expert=-1
STAGING_VERIFY layer=18 slot=275 expert=275 role=0 tag=mid MISMATCH matches_expert=-1
STAGING_VERIFY layer=18 slot=496 expert=496 role=0 tag=hi MISMATCH matches_expert=-1
STAGING_BITMAP layer=19 pre_populated=398 bits before this barrier
STAGING_VERIFY layer=19 slot=3 expert=3 role=0 tag=lo MISMATCH matches_expert=-1
STAGING_VERIFY layer=19 slot=277 expert=277 role=0 tag=mid MISMATCH matches_expert=-1
STAGING_VERIFY layer=19 slot=472 expert=472 role=0 tag=hi MISMATCH matches_expert=-1
STAGING_BITMAP layer=20 pre_populated=415 bits before this barrier
STAGING_VERIFY layer=20 slot=74 expert=74 role=0 tag=lo MISMATCH matches_expert=-1
STAGING_VERIFY layer=20 slot=313 expert=313 role=0 tag=mid MISMATCH matches_expert=-1
STAGING_VERIFY layer=20 slot=457 expert=457 role=0 tag=hi MISMATCH matches_expert=-1
STAGING_BITMAP layer=21 pre_populated=388 bits before this barrier
STAGING_VERIFY layer=21 slot=24 expert=24 role=0 tag=lo MISMATCH matches_expert=-1
STAGING_VERIFY layer=21 slot=264 expert=264 role=0 tag=mid MISMATCH matches_expert=-1
STAGING_VERIFY layer=21 slot=426 expert=426 role=0 tag=hi MISMATCH matches_expert=-1
STAGING_BITMAP layer=22 pre_populated=389 bits before this barrier
STAGING_VERIFY layer=22 slot=50 expert=50 role=0 tag=lo MISMATCH matches_expert=-1
STAGING_VERIFY layer=22 slot=377 expert=377 role=0 tag=mid MISMATCH matches_expert=-1
STAGING_VERIFY layer=22 slot=460 expert=460 role=0 tag=hi MISMATCH matches_expert=-1
STAGING_BITMAP layer=23 pre_populated=418 bits before this barrier
STAGING_VERIFY layer=23 slot=82 expert=82 role=0 tag=lo MISMATCH matches_expert=-1
STAGING_VERIFY layer=23 slot=145 expert=145 role=0 tag=mid MISMATCH matches_expert=-1
STAGING_VERIFY layer=23 slot=480 expert=480 role=0 tag=hi MISMATCH matches_expert=-1
STAGING_BITMAP layer=24 pre_populated=412 bits before this barrier
STAGING_VERIFY layer=24 slot=27 expert=27 role=0 tag=lo MISMATCH matches_expert=-1
STAGING_VERIFY layer=24 slot=316 expert=316 role=0 tag=mid MISMATCH matches_expert=-1
STAGING_VERIFY layer=24 slot=464 expert=464 role=0 tag=hi MISMATCH matches_expert=-1
STAGING_BITMAP layer=25 pre_populated=441 bits before this barrier
STAGING_VERIFY layer=25 slot=84 expert=84 role=0 tag=lo MISMATCH matches_expert=-1
STAGING_VERIFY layer=25 slot=368 expert=368 role=0 tag=mid MISMATCH matches_expert=-1
STAGING_VERIFY layer=25 slot=456 expert=456 role=0 tag=hi MISMATCH matches_expert=-1
STAGING_BITMAP layer=26 pre_populated=437 bits before this barrier
STAGING_VERIFY layer=26 slot=18 expert=18 role=0 tag=lo MISMATCH matches_expert=-1
STAGING_VERIFY layer=26 slot=224 expert=224 role=0 tag=mid MISMATCH matches_expert=-1
STAGING_VERIFY layer=26 slot=454 expert=454 role=0 tag=hi MISMATCH matches_expert=-1
STAGING_BITMAP layer=27 pre_populated=438 bits before this barrier
STAGING_VERIFY layer=27 slot=97 expert=97 role=0 tag=lo MISMATCH matches_expert=-1
STAGING_VERIFY layer=27 slot=286 expert=286 role=0 tag=mid MISMATCH matches_expert=-1
STAGING_VERIFY layer=27 slot=490 expert=490 role=0 tag=hi MISMATCH matches_expert=-1
STAGING_BITMAP layer=28 pre_populated=427 bits before this barrier
STAGING_VERIFY layer=28 slot=52 expert=52 role=0 tag=lo MISMATCH matches_expert=-1
STAGING_VERIFY layer=28 slot=237 expert=237 role=0 tag=mid MISMATCH matches_expert=-1
STAGING_VERIFY layer=28 slot=430 expert=430 role=0 tag=hi MISMATCH matches_expert=-1
STAGING_BITMAP layer=29 pre_populated=450 bits before this barrier
STAGING_VERIFY layer=29 slot=93 expert=93 role=0 tag=lo MISMATCH matches_expert=-1
STAGING_VERIFY layer=29 slot=337 expert=337 role=0 tag=mid MISMATCH matches_expert=-1
STAGING_VERIFY layer=29 slot=507 expert=507 role=0 tag=hi MISMATCH matches_expert=-1
STAGING_BITMAP layer=30 pre_populated=463 bits before this barrier
STAGING_VERIFY layer=30 slot=10 expert=10 role=0 tag=lo MISMATCH matches_expert=-1
STAGING_VERIFY layer=30 slot=234 expert=234 role=0 tag=mid MISMATCH matches_expert=-1
STAGING_VERIFY layer=30 slot=398 expert=398 role=0 tag=hi MISMATCH matches_expert=-1
STAGING_BITMAP layer=31 pre_populated=469 bits before this barrier
STAGING_VERIFY layer=31 slot=12 expert=12 role=0 tag=lo MISMATCH matches_expert=-1
STAGING_VERIFY layer=31 slot=295 expert=295 role=0 tag=mid MISMATCH matches_expert=-1
STAGING_VERIFY layer=31 slot=446 expert=446 role=0 tag=hi MISMATCH matches_expert=-1
STAGING_BITMAP layer=32 pre_populated=449 bits before this barrier
STAGING_VERIFY layer=32 slot=61 expert=61 role=0 tag=lo MISMATCH matches_expert=-1
STAGING_VERIFY layer=32 slot=272 expert=272 role=0 tag=mid MISMATCH matches_expert=-1
STAGING_VERIFY layer=32 slot=489 expert=489 role=0 tag=hi MISMATCH matches_expert=-1
STAGING_BITMAP layer=33 pre_populated=470 bits before this barrier
STAGING_VERIFY layer=33 slot=136 expert=136 role=0 tag=lo MISMATCH matches_expert=-1
STAGING_VERIFY layer=33 slot=374 expert=374 role=0 tag=mid MISMATCH matches_expert=-1
STAGING_VERIFY layer=33 slot=486 expert=486 role=0 tag=hi MISMATCH matches_expert=-1
STAGING_BITMAP layer=34 pre_populated=452 bits before this barrier
STAGING_VERIFY layer=34 slot=9 expert=9 role=0 tag=lo MISMATCH matches_expert=-1
STAGING_VERIFY layer=34 slot=275 expert=275 role=0 tag=mid MISMATCH matches_expert=-1
STAGING_VERIFY layer=34 slot=496 expert=496 role=0 tag=hi MISMATCH matches_expert=-1
STAGING_BITMAP layer=35 pre_populated=443 bits before this barrier
STAGING_VERIFY layer=35 slot=3 expert=3 role=0 tag=lo MISMATCH matches_expert=-1
STAGING_VERIFY layer=35 slot=277 expert=277 role=0 tag=mid MISMATCH matches_expert=-1
STAGING_VERIFY layer=35 slot=501 expert=501 role=0 tag=hi MISMATCH matches_expert=-1
STAGING_BITMAP layer=36 pre_populated=434 bits before this barrier
STAGING_VERIFY layer=36 slot=74 expert=74 role=0 tag=lo MISMATCH matches_expert=-1
STAGING_VERIFY layer=36 slot=313 expert=313 role=0 tag=mid MISMATCH matches_expert=-1
STAGING_VERIFY layer=36 slot=472 expert=472 role=0 tag=hi MISMATCH matches_expert=-1
STAGING_BITMAP layer=37 pre_populated=441 bits before this barrier
STAGING_VERIFY layer=37 slot=24 expert=24 role=0 tag=lo MISMATCH matches_expert=-1
STAGING_VERIFY layer=37 slot=369 expert=369 role=0 tag=mid MISMATCH matches_expert=-1
STAGING_VERIFY layer=37 slot=471 expert=471 role=0 tag=hi MISMATCH matches_expert=-1
STAGING_BITMAP layer=38 pre_populated=430 bits before this barrier
STAGING_VERIFY layer=38 slot=18 expert=18 role=0 tag=lo MISMATCH matches_expert=-1
STAGING_VERIFY layer=38 slot=347 expert=347 role=0 tag=mid MISMATCH matches_expert=-1
STAGING_VERIFY layer=38 slot=473 expert=473 role=0 tag=hi MISMATCH matches_expert=-1
STAGING_BITMAP layer=39 pre_populated=429 bits before this barrier
STAGING_VERIFY layer=39 slot=60 expert=60 role=0 tag=lo MISMATCH matches_expert=-1
STAGING_VERIFY layer=39 slot=145 expert=145 role=0 tag=mid MISMATCH matches_expert=-1
STAGING_VERIFY layer=39 slot=480 expert=480 role=0 tag=hi MISMATCH matches_expert=-1
STAGING_BITMAP layer=40 pre_populated=459 bits before this barrier
STAGING_VERIFY layer=40 slot=127 expert=127 role=0 tag=lo MISMATCH matches_expert=-1
STAGING_VERIFY layer=40 slot=232 expert=232 role=0 tag=mid MISMATCH matches_expert=-1
STAGING_VERIFY layer=40 slot=335 expert=335 role=0 tag=hi MISMATCH matches_expert=-1
STAGING_BITMAP layer=41 pre_populated=460 bits before this barrier
STAGING_VERIFY layer=41 slot=42 expert=42 role=0 tag=lo MISMATCH matches_expert=-1
STAGING_VERIFY layer=41 slot=331 expert=331 role=0 tag=mid MISMATCH matches_expert=-1
STAGING_VERIFY layer=41 slot=496 expert=496 role=0 tag=hi MISMATCH matches_expert=-1
STAGING_BITMAP layer=42 pre_populated=437 bits before this barrier
STAGING_VERIFY layer=42 slot=53 expert=53 role=0 tag=lo MISMATCH matches_expert=-1
STAGING_VERIFY layer=42 slot=283 expert=283 role=0 tag=mid MISMATCH matches_expert=-1
STAGING_VERIFY layer=42 slot=434 expert=434 role=0 tag=hi MISMATCH matches_expert=-1
STAGING_BITMAP layer=43 pre_populated=453 bits before this barrier
STAGING_VERIFY layer=43 slot=99 expert=99 role=0 tag=lo MISMATCH matches_expert=-1
STAGING_VERIFY layer=43 slot=300 expert=300 role=0 tag=mid MISMATCH matches_expert=-1
STAGING_VERIFY layer=43 slot=499 expert=499 role=0 tag=hi MISMATCH matches_expert=-1
STAGING_BITMAP layer=44 pre_populated=433 bits before this barrier
STAGING_VERIFY layer=44 slot=56 expert=56 role=0 tag=lo MISMATCH matches_expert=-1
STAGING_VERIFY layer=44 slot=124 expert=124 role=0 tag=mid MISMATCH matches_expert=-1
STAGING_BITMAP layer=45 pre_populated=422 bits before this barrier
STAGING_VERIFY layer=45 slot=51 expert=51 role=0 tag=lo MISMATCH matches_expert=-1
STAGING_VERIFY layer=45 slot=303 expert=303 role=0 tag=mid MISMATCH matches_expert=-1
STAGING_BITMAP layer=46 pre_populated=380 bits before this barrier
STAGING_BITMAP layer=47 pre_populated=28 bits before this barrier
PREFILL_COLD_ONLY prompt=2048 n_batch=2048 n_ubatch=2048 prefill_ms=14675.597 tok_s=139.551
~llama_context:      CUDA0 compute buffer size is 2040.0000 MiB, matches expectation of 2040.0000 MiB
~llama_context:  CUDA_Host compute buffer size is  58.2539 MiB, matches expectation of  58.2539 MiB
