HYBRID_MODEL_PARAMS ngl=-2 split=1 load=-1 lazy=1 gpu=0 vocab=0 check=0 extra=1 no_host=0 no_alloc=0 mtp=0 promote=-1
ggml_cuda_init: found 1 CUDA devices (Total VRAM: 16375 MiB):
  Device 0: NVIDIA GeForce RTX 4080 SUPER, compute capability 8.9, VMM: yes, VRAM: 16375 MiB
llama_model_loader: additional 2 GGUFs metadata loaded.
llama_model_loader: loaded meta data with 67 key-value pairs and 1224 tensors from E:\AI\Models\Qwen3.8-Flash-Next-UD-IQ4_XS\Qwen3.8-Flash-Next-UD-IQ4_XS-00001-of-00003.gguf (version GGUF V3 (latest))
llama_model_loader: Dumping metadata keys/values. Note: KV overrides do not apply in this output.
llama_model_loader: - kv   0:                       general.architecture str              = qwen4exp
llama_model_loader: - kv   1:                               general.type str              = model
llama_model_loader: - kv   2:                     general.sampling.top_k i32              = 20
llama_model_loader: - kv   3:                     general.sampling.top_p f32              = 0.950000
llama_model_loader: - kv   4:                      general.sampling.temp f32              = 1.000000
llama_model_loader: - kv   5:                               general.name str              = Qwen3.8 Flash Next
llama_model_loader: - kv   6:                        general.description str              = A Preview of the Qwen4 Architecture
llama_model_loader: - kv   7:                         general.size_label str              = 512x56B
llama_model_loader: - kv   8:                       qwen4exp.block_count u32              = 48
llama_model_loader: - kv   9:                    qwen4exp.context_length u32              = 262144
llama_model_loader: - kv  10:                  qwen4exp.embedding_length u32              = 2560
llama_model_loader: - kv  11:              qwen4exp.attention.head_count u32              = 24
llama_model_loader: - kv  12:           qwen4exp.attention.head_count_kv u32              = 2
llama_model_loader: - kv  13:           qwen4exp.rope.dimension_sections arr[i32,4]       = [11, 11, 10, 0]
llama_model_loader: - kv  14:                    qwen4exp.rope.freq_base f32              = 10000000.000000
llama_model_loader: - kv  15:  qwen4exp.attention.layer_norm_rms_epsilon f32              = 0.000001
llama_model_loader: - kv  16:                      qwen4exp.expert_count u32              = 512
llama_model_loader: - kv  17:                 qwen4exp.expert_used_count u32              = 10
llama_model_loader: - kv  18:              qwen4exp.attention.key_length u32              = 256
llama_model_loader: - kv  19:            qwen4exp.attention.value_length u32              = 256
llama_model_loader: - kv  20:        qwen4exp.expert_feed_forward_length u32              = 640
llama_model_loader: - kv  21: qwen4exp.expert_shared_feed_forward_length u32              = 640
llama_model_loader: - kv  22:                   qwen4exp.ssm.conv_kernel u32              = 4
llama_model_loader: - kv  23:                    qwen4exp.ssm.state_size u32              = 128
llama_model_loader: - kv  24:                   qwen4exp.ssm.group_count u32              = 16
llama_model_loader: - kv  25:                qwen4exp.ssm.time_step_rank u32              = 48
llama_model_loader: - kv  26:                    qwen4exp.ssm.inner_size u32              = 6144
llama_model_loader: - kv  27:           qwen4exp.full_attention_interval u32              = 4
llama_model_loader: - kv  28:              qwen4exp.rope.dimension_count u32              = 64
llama_model_loader: - kv  29:            qwen4exp.hyper_connection.count u32              = 4
llama_model_loader: - kv  30:         qwen4exp.hyper_connection.low_rank u32              = 320
llama_model_loader: - kv  31:      qwen4exp.attention.indexer.head_count u32              = 4
llama_model_loader: - kv  32:      qwen4exp.attention.indexer.key_length u32              = 128
llama_model_loader: - kv  33:           qwen4exp.attention.indexer.top_k u32              = 2048
llama_model_loader: - kv  34:         qwen4exp.attention.compress_ratios arr[i32,48]      = [0, 0, 0, 4, 0, 0, 0, 4, 0, 0, 0, 4, ...
llama_model_loader: - kv  35:                        qwen4exp.ple.layers arr[i32,1]       = [1]
llama_model_loader: - kv  36:                    qwen4exp.ple.ngram_size u32              = 3
llama_model_loader: - kv  37:               qwen4exp.ple.heads_per_ngram u32              = 8
llama_model_loader: - kv  38:                   qwen4exp.ple.conv_kernel u32              = 4
llama_model_loader: - kv  39:                  qwen4exp.ple.eos_token_id u32              = 248044
llama_model_loader: - kv  40:  qwen4exp.embedding_length_per_layer_input u32              = 160
llama_model_loader: - kv  41:             qwen4exp.ple.layer_multipliers arr[u64,3]       = [23703573157769, 20109073645365, 8052...
llama_model_loader: - kv  42:                  qwen4exp.ple.head_offsets arr[u64,16]      = [0, 20000003, 40000026, 60000059, 800...
llama_model_loader: - kv  43:              qwen4exp.ple.head_vocab_sizes arr[u64,16]      = [20000003, 20000023, 20000033, 200000...
llama_model_loader: - kv  44:                       tokenizer.ggml.model str              = gpt2
llama_model_loader: - kv  45:                         tokenizer.ggml.pre str              = qwen35
llama_model_loader: - kv  46:                      tokenizer.ggml.tokens arr[str,248320]  = ["!", "\"", "#", "$", "%", "&", "'", ...
llama_model_loader: - kv  47:                  tokenizer.ggml.token_type arr[i32,248320]  = [1, 1, 1, 1, 1, 1, 1, 1, 1, 1, 1, 1, ...
llama_model_loader: - kv  48:                      tokenizer.ggml.merges arr[str,247587]  = ["Ġ Ġ", "ĠĠ ĠĠ", "i n", "Ġ t",...
llama_model_loader: - kv  49:                tokenizer.ggml.eos_token_id u32              = 248046
llama_model_loader: - kv  50:            tokenizer.ggml.padding_token_id u32              = 248044
llama_model_loader: - kv  51:                tokenizer.ggml.bos_token_id u32              = 248044
llama_model_loader: - kv  52:               tokenizer.ggml.add_bos_token bool             = false
llama_model_loader: - kv  53:                    tokenizer.chat_template str              = {%- set image_count = namespace(value...
llama_model_loader: - kv  54:                qwen4exp.ple.image_token_id u32              = 248056
llama_model_loader: - kv  55:                       general.quantized_by str              = Unsloth
llama_model_loader: - kv  56:                           general.repo_url str              = https://huggingface.co/unsloth
llama_model_loader: - kv  57:                               general.tags arr[str,1]       = ["unsloth"]
llama_model_loader: - kv  58:               general.quantization_version u32              = 2
llama_model_loader: - kv  59:                          general.file_type u32              = 30
llama_model_loader: - kv  60:                      quantize.imatrix.file str              = Qwen3.8-Flash-Next-GGUF/imatrix_unslo...
llama_model_loader: - kv  61:                   quantize.imatrix.dataset str              = unsloth_calibration_Qwen3.8-Flash-Nex...
llama_model_loader: - kv  62:             quantize.imatrix.entries_count u32              = 926
llama_model_loader: - kv  63:              quantize.imatrix.chunks_count u32              = 45
llama_model_loader: - kv  64:                                   split.no u16              = 0
llama_model_loader: - kv  65:                        split.tensors.count i32              = 1224
llama_model_loader: - kv  66:                                split.count u16              = 3
llama_model_loader: - type  f32:  557 tensors
llama_model_loader: - type q8_0:  502 tensors
llama_model_loader: - type q6_K:    1 tensors
llama_model_loader: - type iq4_nl:   44 tensors
llama_model_loader: - type iq3_s:   94 tensors
llama_model_loader: - type iq4_xs:    2 tensors
llama_model_loader: - type bf16:   24 tensors
print_info: file format = GGUF V3 (latest)
print_info: file type   = IQ4_XS - 4.25 bpw
print_info: file size   = 87.24 GiB (4.24 BPW) 
llama_prepare_model_devices: using device CUDA0 (NVIDIA GeForce RTX 4080 SUPER) (0000:01:00.0) - 15061 MiB free
init_tokenizer: initializing tokenizer for type 2
load: 0 unused tokens
load: control token: 248062 '<|fim_suffix|>' is not marked as EOG
load: control token: 248072 '<tts_pad>' is not marked as EOG
load: control token: 248050 '<|box_end|>' is not marked as EOG
load: control token: 248048 '<|object_ref_end|>' is not marked as EOG
load: control token: 248055 '<|vision_pad|>' is not marked as EOG
load: control token: 248060 '<|fim_prefix|>' is not marked as EOG
load: control token: 248049 '<|box_start|>' is not marked as EOG
load: control token: 248073 '<tts_text_bos>' is not marked as EOG
load: control token: 248052 '<|quad_end|>' is not marked as EOG
load: control token: 248054 '<|vision_end|>' is not marked as EOG
load: control token: 248075 '<tts_text_bos_single>' is not marked as EOG
load: control token: 248056 '<|image_pad|>' is not marked as EOG
load: control token: 248071 '<|audio_end|>' is not marked as EOG
load: control token: 248045 '<|im_start|>' is not marked as EOG
load: control token: 248047 '<|object_ref_start|>' is not marked as EOG
load: control token: 248051 '<|quad_start|>' is not marked as EOG
load: control token: 248053 '<|vision_start|>' is not marked as EOG
load: control token: 248057 '<|video_pad|>' is not marked as EOG
load: control token: 248061 '<|fim_middle|>' is not marked as EOG
load: control token: 248070 '<|audio_start|>' is not marked as EOG
load: control token: 248074 '<tts_text_eod>' is not marked as EOG
load: control token: 248076 '<|audio_pad|>' is not marked as EOG
load: printing all EOG tokens:
load:   - 248044 ('<|endoftext|>')
load:   - 248046 ('<|im_end|>')
load:   - 248063 ('<|fim_pad|>')
load:   - 248064 ('<|repo_name|>')
load:   - 248065 ('<|file_sep|>')
load: special tokens cache size = 33
load: token to piece cache size = 1.7581 MB
print_info: arch                  = qwen4exp
print_info: vocab_only            = 0
print_info: no_alloc              = 0
print_info: n_ctx_train           = 262144
print_info: n_embd_inp            = 2560
print_info: n_embd                = 2560
print_info: n_embd_out            = 10240
print_info: n_layer               = 48
print_info: n_layer_all           = 48
print_info: n_head                = 24
print_info: n_head_kv             = 2
print_info: n_rot                 = 64
print_info: n_swa                 = 0
print_info: is_swa_any            = 0
print_info: n_embd_head_k         = 256
print_info: n_embd_head_v         = 256
print_info: n_gqa                 = 12
print_info: n_embd_k_gqa          = 512
print_info: n_embd_v_gqa          = 512
print_info: f_norm_eps            = 0.0e+00
print_info: f_norm_rms_eps        = 1.0e-06
print_info: f_clamp_kqv           = 0.0e+00
print_info: f_max_alibi_bias      = 0.0e+00
print_info: f_logit_scale         = 0.0e+00
print_info: f_attn_scale          = 0.0e+00
print_info: f_attn_value_scale    = 0.0000
print_info: n_ff                  = 0
print_info: n_expert              = 512
print_info: n_expert_used         = 10
print_info: n_expert_groups       = 0
print_info: n_group_used          = 0
print_info: causal attn           = 1
print_info: pooling type          = -1
print_info: rope type             = 40
print_info: rope scaling          = linear
print_info: freq_base_train       = 10000000.0
print_info: freq_scale_train      = 1
print_info: n_ctx_orig_yarn       = 262144
print_info: rope_yarn_log_mul     = 0.0000
print_info: rope_finetuned        = unknown
print_info: mrope sections        = [11, 11, 10, 0]
print_info: model type            = A3B
print_info: model params          = 176.94 B
print_info: general.name          = Qwen3.8 Flash Next
print_info: vocab type            = BPE
print_info: n_vocab               = 248320
print_info: n_merges              = 247587
print_info: BOS token             = 248044 '<|endoftext|>'
print_info: EOS token             = 248046 '<|im_end|>'
print_info: EOT token             = 248046 '<|im_end|>'
print_info: PAD token             = 248044 '<|endoftext|>'
print_info: LF token              = 198 'Ċ'
print_info: FIM PRE token         = 248060 '<|fim_prefix|>'
print_info: FIM SUF token         = 248062 '<|fim_suffix|>'
print_info: FIM MID token         = 248061 '<|fim_middle|>'
print_info: FIM PAD token         = 248063 '<|fim_pad|>'
print_info: FIM REP token         = 248064 '<|repo_name|>'
print_info: FIM SEP token         = 248065 '<|file_sep|>'
print_info: EOG token             = 248044 '<|endoftext|>'
print_info: EOG token             = 248046 '<|im_end|>'
print_info: EOG token             = 248063 '<|fim_pad|>'
print_info: EOG token             = 248064 '<|repo_name|>'
print_info: EOG token             = 248065 '<|file_sep|>'
print_info: max token length      = 256
load_tensors: loading model tensors, this can take a while... (load_mode = mmap)
load_tensors: layer   0 assigned to device CUDA0, is_swa = 0
load_tensors: layer   1 assigned to device CUDA0, is_swa = 0
load_tensors: layer   2 assigned to device CUDA0, is_swa = 0
load_tensors: layer   3 assigned to device CUDA0, is_swa = 0
load_tensors: layer   4 assigned to device CUDA0, is_swa = 0
load_tensors: layer   5 assigned to device CUDA0, is_swa = 0
load_tensors: layer   6 assigned to device CUDA0, is_swa = 0
load_tensors: layer   7 assigned to device CUDA0, is_swa = 0
load_tensors: layer   8 assigned to device CUDA0, is_swa = 0
load_tensors: layer   9 assigned to device CUDA0, is_swa = 0
load_tensors: layer  10 assigned to device CUDA0, is_swa = 0
load_tensors: layer  11 assigned to device CUDA0, is_swa = 0
load_tensors: layer  12 assigned to device CUDA0, is_swa = 0
load_tensors: layer  13 assigned to device CUDA0, is_swa = 0
load_tensors: layer  14 assigned to device CUDA0, is_swa = 0
load_tensors: layer  15 assigned to device CUDA0, is_swa = 0
load_tensors: layer  16 assigned to device CUDA0, is_swa = 0
load_tensors: layer  17 assigned to device CUDA0, is_swa = 0
load_tensors: layer  18 assigned to device CUDA0, is_swa = 0
load_tensors: layer  19 assigned to device CUDA0, is_swa = 0
load_tensors: layer  20 assigned to device CUDA0, is_swa = 0
load_tensors: layer  21 assigned to device CUDA0, is_swa = 0
load_tensors: layer  22 assigned to device CUDA0, is_swa = 0
load_tensors: layer  23 assigned to device CUDA0, is_swa = 0
load_tensors: layer  24 assigned to device CUDA0, is_swa = 0
load_tensors: layer  25 assigned to device CUDA0, is_swa = 0
load_tensors: layer  26 assigned to device CUDA0, is_swa = 0
load_tensors: layer  27 assigned to device CUDA0, is_swa = 0
load_tensors: layer  28 assigned to device CUDA0, is_swa = 0
load_tensors: layer  29 assigned to device CUDA0, is_swa = 0
load_tensors: layer  30 assigned to device CUDA0, is_swa = 0
load_tensors: layer  31 assigned to device CUDA0, is_swa = 0
load_tensors: layer  32 assigned to device CUDA0, is_swa = 0
load_tensors: layer  33 assigned to device CUDA0, is_swa = 0
load_tensors: layer  34 assigned to device CUDA0, is_swa = 0
load_tensors: layer  35 assigned to device CUDA0, is_swa = 0
load_tensors: layer  36 assigned to device CUDA0, is_swa = 0
load_tensors: layer  37 assigned to device CUDA0, is_swa = 0
load_tensors: layer  38 assigned to device CUDA0, is_swa = 0
load_tensors: layer  39 assigned to device CUDA0, is_swa = 0
load_tensors: layer  40 assigned to device CUDA0, is_swa = 0
load_tensors: layer  41 assigned to device CUDA0, is_swa = 0
load_tensors: layer  42 assigned to device CUDA0, is_swa = 0
load_tensors: layer  43 assigned to device CUDA0, is_swa = 0
load_tensors: layer  44 assigned to device CUDA0, is_swa = 0
load_tensors: layer  45 assigned to device CUDA0, is_swa = 0
load_tensors: layer  46 assigned to device CUDA0, is_swa = 0
load_tensors: layer  47 assigned to device CUDA0, is_swa = 0
load_tensors: layer  48 assigned to device CUDA0, is_swa = 0
create_tensor: loading tensor token_embd.weight
create_tensor: source tensor 1/1224 token_embd.weight
create_tensor: loading tensor output_hc_norm.weight
create_tensor: source tensor 2/1224 output_hc_norm.weight
create_tensor: loading tensor output_hc_down.weight
create_tensor: source tensor 3/1224 output_hc_down.weight
create_tensor: loading tensor output_hc_up.weight
create_tensor: source tensor 4/1224 output_hc_up.weight
create_tensor: loading tensor output.weight
create_tensor: source tensor 5/1224 output.weight
create_tensor: loading tensor per_layer_token_embd.weight
create_tensor: tensor per_layer_token_embd.weight (size = 27465 MiB) lazy read enabled
create_tensor: source tensor 6/1224 per_layer_token_embd.weight
create_tensor: loading tensor blk.0.hc_attn_norm.weight
create_tensor: source tensor 7/1224 blk.0.hc_attn_norm.weight
create_tensor: loading tensor blk.0.hc_attn_down.weight
create_tensor: source tensor 8/1224 blk.0.hc_attn_down.weight
create_tensor: loading tensor blk.0.hc_attn_up.weight
create_tensor: source tensor 9/1224 blk.0.hc_attn_up.weight
create_tensor: loading tensor blk.0.hc_attn_inject.weight
create_tensor: source tensor 10/1224 blk.0.hc_attn_inject.weight
create_tensor: loading tensor blk.0.hc_ffn_norm.weight
create_tensor: source tensor 11/1224 blk.0.hc_ffn_norm.weight
create_tensor: loading tensor blk.0.hc_ffn_down.weight
create_tensor: source tensor 12/1224 blk.0.hc_ffn_down.weight
create_tensor: loading tensor blk.0.hc_ffn_up.weight
create_tensor: source tensor 13/1224 blk.0.hc_ffn_up.weight
create_tensor: loading tensor blk.0.hc_ffn_inject.weight
create_tensor: source tensor 14/1224 blk.0.hc_ffn_inject.weight
create_tensor: loading tensor blk.0.attn_qkv.weight
create_tensor: source tensor 15/1224 blk.0.attn_qkv.weight
create_tensor: loading tensor blk.0.attn_gate.weight
create_tensor: source tensor 16/1224 blk.0.attn_gate.weight
create_tensor: loading tensor blk.0.ssm_conv1d.weight
create_tensor: source tensor 17/1224 blk.0.ssm_conv1d.weight
create_tensor: loading tensor blk.0.ssm_dt.bias
create_tensor: source tensor 18/1224 blk.0.ssm_dt.bias
create_tensor: loading tensor blk.0.ssm_a
create_tensor: source tensor 19/1224 blk.0.ssm_a
create_tensor: loading tensor blk.0.ssm_beta.weight
create_tensor: source tensor 20/1224 blk.0.ssm_beta.weight
create_tensor: loading tensor blk.0.ssm_alpha.weight
create_tensor: source tensor 21/1224 blk.0.ssm_alpha.weight
create_tensor: loading tensor blk.0.ssm_norm.weight
create_tensor: source tensor 22/1224 blk.0.ssm_norm.weight
create_tensor: loading tensor blk.0.ssm_out.weight
create_tensor: source tensor 23/1224 blk.0.ssm_out.weight
create_tensor: loading tensor blk.0.ffn_gate_inp.weight
create_tensor: source tensor 24/1224 blk.0.ffn_gate_inp.weight
create_tensor: loading tensor blk.0.ffn_down_exps.weight
llama_model_loader: tensor overrides to CPU are used with mmap enabled - consider using --load-mode none for better performance
tensor blk.0.ffn_down_exps.weight (450 MiB iq4_nl) buffer type overridden to CUDA_Host
create_tensor: source tensor 25/1224 blk.0.ffn_down_exps.weight
create_tensor: loading tensor blk.0.ffn_gate_up_exps.weight
create_tensor: loading tensor blk.0.ffn_gate_exps.weight
tensor blk.0.ffn_gate_exps.weight (343 MiB iq3_s) buffer type overridden to CUDA_Host
create_tensor: source tensor 26/1224 blk.0.ffn_gate_exps.weight
create_tensor: loading tensor blk.0.ffn_up_exps.weight
tensor blk.0.ffn_up_exps.weight (343 MiB iq3_s) buffer type overridden to CUDA_Host
create_tensor: source tensor 27/1224 blk.0.ffn_up_exps.weight
create_tensor: loading tensor blk.0.ffn_gate_inp_shexp.weight
create_tensor: source tensor 28/1224 blk.0.ffn_gate_inp_shexp.weight
create_tensor: loading tensor blk.0.ffn_gate_shexp.weight
create_tensor: source tensor 29/1224 blk.0.ffn_gate_shexp.weight
create_tensor: loading tensor blk.0.ffn_up_shexp.weight
create_tensor: source tensor 30/1224 blk.0.ffn_up_shexp.weight
create_tensor: loading tensor blk.0.ffn_down_shexp.weight
create_tensor: source tensor 31/1224 blk.0.ffn_down_shexp.weight
create_tensor: loading tensor blk.1.hc_attn_norm.weight
create_tensor: source tensor 32/1224 blk.1.hc_attn_norm.weight
create_tensor: loading tensor blk.1.hc_attn_down.weight
create_tensor: source tensor 33/1224 blk.1.hc_attn_down.weight
create_tensor: loading tensor blk.1.hc_attn_up.weight
create_tensor: source tensor 34/1224 blk.1.hc_attn_up.weight
create_tensor: loading tensor blk.1.hc_attn_inject.weight
create_tensor: source tensor 35/1224 blk.1.hc_attn_inject.weight
create_tensor: loading tensor blk.1.hc_ffn_norm.weight
create_tensor: source tensor 36/1224 blk.1.hc_ffn_norm.weight
create_tensor: loading tensor blk.1.hc_ffn_down.weight
create_tensor: source tensor 37/1224 blk.1.hc_ffn_down.weight
create_tensor: loading tensor blk.1.hc_ffn_up.weight
create_tensor: source tensor 38/1224 blk.1.hc_ffn_up.weight
create_tensor: loading tensor blk.1.hc_ffn_inject.weight
create_tensor: source tensor 39/1224 blk.1.hc_ffn_inject.weight
create_tensor: loading tensor blk.1.attn_qkv.weight
create_tensor: source tensor 40/1224 blk.1.attn_qkv.weight
create_tensor: loading tensor blk.1.attn_gate.weight
create_tensor: source tensor 41/1224 blk.1.attn_gate.weight
create_tensor: loading tensor blk.1.ssm_conv1d.weight
create_tensor: source tensor 42/1224 blk.1.ssm_conv1d.weight
create_tensor: loading tensor blk.1.ssm_dt.bias
create_tensor: source tensor 43/1224 blk.1.ssm_dt.bias
create_tensor: loading tensor blk.1.ssm_a
create_tensor: source tensor 44/1224 blk.1.ssm_a
create_tensor: loading tensor blk.1.ssm_beta.weight
create_tensor: source tensor 45/1224 blk.1.ssm_beta.weight
create_tensor: loading tensor blk.1.ssm_alpha.weight
create_tensor: source tensor 46/1224 blk.1.ssm_alpha.weight
create_tensor: loading tensor blk.1.ssm_norm.weight
create_tensor: source tensor 47/1224 blk.1.ssm_norm.weight
create_tensor: loading tensor blk.1.ssm_out.weight
create_tensor: source tensor 48/1224 blk.1.ssm_out.weight
create_tensor: loading tensor blk.1.ple_key.weight
create_tensor: source tensor 49/1224 blk.1.ple_key.weight
create_tensor: loading tensor blk.1.ple_value.weight
create_tensor: source tensor 50/1224 blk.1.ple_value.weight
create_tensor: loading tensor blk.1.ple_norm_key.weight
create_tensor: source tensor 51/1224 blk.1.ple_norm_key.weight
create_tensor: loading tensor blk.1.ple_norm_query.weight
create_tensor: source tensor 52/1224 blk.1.ple_norm_query.weight
create_tensor: loading tensor blk.1.ple_norm_conv.weight
create_tensor: source tensor 53/1224 blk.1.ple_norm_conv.weight
create_tensor: loading tensor blk.1.ple_conv1d.weight
create_tensor: source tensor 54/1224 blk.1.ple_conv1d.weight
create_tensor: loading tensor blk.1.ffn_gate_inp.weight
create_tensor: source tensor 55/1224 blk.1.ffn_gate_inp.weight
create_tensor: loading tensor blk.1.ffn_down_exps.weight
tensor blk.1.ffn_down_exps.weight (450 MiB iq4_nl) buffer type overridden to CUDA_Host
create_tensor: source tensor 56/1224 blk.1.ffn_down_exps.weight
create_tensor: loading tensor blk.1.ffn_gate_up_exps.weight
create_tensor: loading tensor blk.1.ffn_gate_exps.weight
tensor blk.1.ffn_gate_exps.weight (343 MiB iq3_s) buffer type overridden to CUDA_Host
create_tensor: source tensor 57/1224 blk.1.ffn_gate_exps.weight
create_tensor: loading tensor blk.1.ffn_up_exps.weight
tensor blk.1.ffn_up_exps.weight (343 MiB iq3_s) buffer type overridden to CUDA_Host
create_tensor: source tensor 58/1224 blk.1.ffn_up_exps.weight
create_tensor: loading tensor blk.1.ffn_gate_inp_shexp.weight
create_tensor: source tensor 59/1224 blk.1.ffn_gate_inp_shexp.weight
create_tensor: loading tensor blk.1.ffn_gate_shexp.weight
create_tensor: source tensor 60/1224 blk.1.ffn_gate_shexp.weight
create_tensor: loading tensor blk.1.ffn_up_shexp.weight
create_tensor: source tensor 61/1224 blk.1.ffn_up_shexp.weight
create_tensor: loading tensor blk.1.ffn_down_shexp.weight
create_tensor: source tensor 62/1224 blk.1.ffn_down_shexp.weight
create_tensor: loading tensor blk.2.hc_attn_norm.weight
create_tensor: source tensor 63/1224 blk.2.hc_attn_norm.weight
create_tensor: loading tensor blk.2.hc_attn_down.weight
create_tensor: source tensor 64/1224 blk.2.hc_attn_down.weight
create_tensor: loading tensor blk.2.hc_attn_up.weight
create_tensor: source tensor 65/1224 blk.2.hc_attn_up.weight
create_tensor: loading tensor blk.2.hc_attn_inject.weight
create_tensor: source tensor 66/1224 blk.2.hc_attn_inject.weight
create_tensor: loading tensor blk.2.hc_ffn_norm.weight
create_tensor: source tensor 67/1224 blk.2.hc_ffn_norm.weight
create_tensor: loading tensor blk.2.hc_ffn_down.weight
create_tensor: source tensor 68/1224 blk.2.hc_ffn_down.weight
create_tensor: loading tensor blk.2.hc_ffn_up.weight
create_tensor: source tensor 69/1224 blk.2.hc_ffn_up.weight
create_tensor: loading tensor blk.2.hc_ffn_inject.weight
create_tensor: source tensor 70/1224 blk.2.hc_ffn_inject.weight
create_tensor: loading tensor blk.2.attn_qkv.weight
create_tensor: source tensor 71/1224 blk.2.attn_qkv.weight
create_tensor: loading tensor blk.2.attn_gate.weight
create_tensor: source tensor 72/1224 blk.2.attn_gate.weight
create_tensor: loading tensor blk.2.ssm_conv1d.weight
create_tensor: source tensor 73/1224 blk.2.ssm_conv1d.weight
create_tensor: loading tensor blk.2.ssm_dt.bias
create_tensor: source tensor 74/1224 blk.2.ssm_dt.bias
create_tensor: loading tensor blk.2.ssm_a
create_tensor: source tensor 75/1224 blk.2.ssm_a
create_tensor: loading tensor blk.2.ssm_beta.weight
create_tensor: source tensor 76/1224 blk.2.ssm_beta.weight
create_tensor: loading tensor blk.2.ssm_alpha.weight
create_tensor: source tensor 77/1224 blk.2.ssm_alpha.weight
create_tensor: loading tensor blk.2.ssm_norm.weight
create_tensor: source tensor 78/1224 blk.2.ssm_norm.weight
create_tensor: loading tensor blk.2.ssm_out.weight
create_tensor: source tensor 79/1224 blk.2.ssm_out.weight
create_tensor: loading tensor blk.2.ffn_gate_inp.weight
create_tensor: source tensor 80/1224 blk.2.ffn_gate_inp.weight
create_tensor: loading tensor blk.2.ffn_down_exps.weight
tensor blk.2.ffn_down_exps.weight (850 MiB q8_0) buffer type overridden to CUDA_Host
create_tensor: source tensor 81/1224 blk.2.ffn_down_exps.weight
create_tensor: loading tensor blk.2.ffn_gate_up_exps.weight
create_tensor: loading tensor blk.2.ffn_gate_exps.weight
tensor blk.2.ffn_gate_exps.weight (425 MiB iq4_xs) buffer type overridden to CUDA_Host
create_tensor: source tensor 82/1224 blk.2.ffn_gate_exps.weight
create_tensor: loading tensor blk.2.ffn_up_exps.weight
tensor blk.2.ffn_up_exps.weight (425 MiB iq4_xs) buffer type overridden to CUDA_Host
create_tensor: source tensor 83/1224 blk.2.ffn_up_exps.weight
create_tensor: loading tensor blk.2.ffn_gate_inp_shexp.weight
create_tensor: source tensor 84/1224 blk.2.ffn_gate_inp_shexp.weight
create_tensor: loading tensor blk.2.ffn_gate_shexp.weight
create_tensor: source tensor 85/1224 blk.2.ffn_gate_shexp.weight
create_tensor: loading tensor blk.2.ffn_up_shexp.weight
create_tensor: source tensor 86/1224 blk.2.ffn_up_shexp.weight
create_tensor: loading tensor blk.2.ffn_down_shexp.weight
create_tensor: source tensor 87/1224 blk.2.ffn_down_shexp.weight
create_tensor: loading tensor blk.3.hc_attn_norm.weight
create_tensor: source tensor 88/1224 blk.3.hc_attn_norm.weight
create_tensor: loading tensor blk.3.hc_attn_down.weight
create_tensor: source tensor 89/1224 blk.3.hc_attn_down.weight
create_tensor: loading tensor blk.3.hc_attn_up.weight
create_tensor: source tensor 90/1224 blk.3.hc_attn_up.weight
create_tensor: loading tensor blk.3.hc_attn_inject.weight
create_tensor: source tensor 91/1224 blk.3.hc_attn_inject.weight
create_tensor: loading tensor blk.3.hc_ffn_norm.weight
create_tensor: source tensor 92/1224 blk.3.hc_ffn_norm.weight
create_tensor: loading tensor blk.3.hc_ffn_down.weight
create_tensor: source tensor 93/1224 blk.3.hc_ffn_down.weight
create_tensor: loading tensor blk.3.hc_ffn_up.weight
create_tensor: source tensor 94/1224 blk.3.hc_ffn_up.weight
create_tensor: loading tensor blk.3.hc_ffn_inject.weight
create_tensor: source tensor 95/1224 blk.3.hc_ffn_inject.weight
create_tensor: loading tensor blk.3.attn_qkv.weight
create_tensor: loading tensor blk.3.attn_q.weight
create_tensor: source tensor 96/1224 blk.3.attn_q.weight
create_tensor: loading tensor blk.3.attn_k.weight
create_tensor: source tensor 97/1224 blk.3.attn_k.weight
create_tensor: loading tensor blk.3.attn_v.weight
create_tensor: source tensor 98/1224 blk.3.attn_v.weight
create_tensor: loading tensor blk.3.attn_q.bias
create_tensor: loading tensor blk.3.attn_k.bias
create_tensor: loading tensor blk.3.attn_v.bias
create_tensor: loading tensor blk.3.attn_output.weight
create_tensor: source tensor 99/1224 blk.3.attn_output.weight
create_tensor: loading tensor blk.3.attn_q_norm.weight
create_tensor: source tensor 100/1224 blk.3.attn_q_norm.weight
create_tensor: loading tensor blk.3.attn_k_norm.weight
create_tensor: source tensor 101/1224 blk.3.attn_k_norm.weight
create_tensor: loading tensor blk.3.indexer.q_proj.weight
create_tensor: source tensor 102/1224 blk.3.indexer.q_proj.weight
create_tensor: loading tensor blk.3.indexer.k_proj.weight
create_tensor: source tensor 103/1224 blk.3.indexer.k_proj.weight
create_tensor: loading tensor blk.3.indexer.q_norm.weight
create_tensor: source tensor 104/1224 blk.3.indexer.q_norm.weight
create_tensor: loading tensor blk.3.indexer.k_norm.weight
create_tensor: source tensor 105/1224 blk.3.indexer.k_norm.weight
create_tensor: loading tensor blk.3.ffn_gate_inp.weight
create_tensor: source tensor 106/1224 blk.3.ffn_gate_inp.weight
create_tensor: loading tensor blk.3.ffn_down_exps.weight
tensor blk.3.ffn_down_exps.weight (450 MiB iq4_nl) buffer type overridden to CUDA_Host
create_tensor: source tensor 107/1224 blk.3.ffn_down_exps.weight
create_tensor: loading tensor blk.3.ffn_gate_up_exps.weight
create_tensor: loading tensor blk.3.ffn_gate_exps.weight
tensor blk.3.ffn_gate_exps.weight (343 MiB iq3_s) buffer type overridden to CUDA_Host
create_tensor: source tensor 108/1224 blk.3.ffn_gate_exps.weight
create_tensor: loading tensor blk.3.ffn_up_exps.weight
tensor blk.3.ffn_up_exps.weight (343 MiB iq3_s) buffer type overridden to CUDA_Host
create_tensor: source tensor 109/1224 blk.3.ffn_up_exps.weight
create_tensor: loading tensor blk.3.ffn_gate_inp_shexp.weight
create_tensor: source tensor 110/1224 blk.3.ffn_gate_inp_shexp.weight
create_tensor: loading tensor blk.3.ffn_gate_shexp.weight
create_tensor: source tensor 111/1224 blk.3.ffn_gate_shexp.weight
create_tensor: loading tensor blk.3.ffn_up_shexp.weight
create_tensor: source tensor 112/1224 blk.3.ffn_up_shexp.weight
create_tensor: loading tensor blk.3.ffn_down_shexp.weight
create_tensor: source tensor 113/1224 blk.3.ffn_down_shexp.weight
create_tensor: loading tensor blk.4.hc_attn_norm.weight
create_tensor: source tensor 114/1224 blk.4.hc_attn_norm.weight
create_tensor: loading tensor blk.4.hc_attn_down.weight
create_tensor: source tensor 115/1224 blk.4.hc_attn_down.weight
create_tensor: loading tensor blk.4.hc_attn_up.weight
create_tensor: source tensor 116/1224 blk.4.hc_attn_up.weight
create_tensor: loading tensor blk.4.hc_attn_inject.weight
create_tensor: source tensor 117/1224 blk.4.hc_attn_inject.weight
create_tensor: loading tensor blk.4.hc_ffn_norm.weight
create_tensor: source tensor 118/1224 blk.4.hc_ffn_norm.weight
create_tensor: loading tensor blk.4.hc_ffn_down.weight
create_tensor: source tensor 119/1224 blk.4.hc_ffn_down.weight
create_tensor: loading tensor blk.4.hc_ffn_up.weight
create_tensor: source tensor 120/1224 blk.4.hc_ffn_up.weight
create_tensor: loading tensor blk.4.hc_ffn_inject.weight
create_tensor: source tensor 121/1224 blk.4.hc_ffn_inject.weight
create_tensor: loading tensor blk.4.attn_qkv.weight
create_tensor: source tensor 122/1224 blk.4.attn_qkv.weight
create_tensor: loading tensor blk.4.attn_gate.weight
create_tensor: source tensor 123/1224 blk.4.attn_gate.weight
create_tensor: loading tensor blk.4.ssm_conv1d.weight
create_tensor: source tensor 124/1224 blk.4.ssm_conv1d.weight
create_tensor: loading tensor blk.4.ssm_dt.bias
create_tensor: source tensor 125/1224 blk.4.ssm_dt.bias
create_tensor: loading tensor blk.4.ssm_a
create_tensor: source tensor 126/1224 blk.4.ssm_a
create_tensor: loading tensor blk.4.ssm_beta.weight
create_tensor: source tensor 127/1224 blk.4.ssm_beta.weight
create_tensor: loading tensor blk.4.ssm_alpha.weight
create_tensor: source tensor 128/1224 blk.4.ssm_alpha.weight
create_tensor: loading tensor blk.4.ssm_norm.weight
create_tensor: source tensor 129/1224 blk.4.ssm_norm.weight
create_tensor: loading tensor blk.4.ssm_out.weight
create_tensor: source tensor 130/1224 blk.4.ssm_out.weight
create_tensor: loading tensor blk.4.ffn_gate_inp.weight
create_tensor: source tensor 131/1224 blk.4.ffn_gate_inp.weight
create_tensor: loading tensor blk.4.ffn_down_exps.weight
tensor blk.4.ffn_down_exps.weight (850 MiB q8_0) buffer type overridden to CUDA_Host
create_tensor: source tensor 132/1224 blk.4.ffn_down_exps.weight
create_tensor: loading tensor blk.4.ffn_gate_up_exps.weight
create_tensor: loading tensor blk.4.ffn_gate_exps.weight
tensor blk.4.ffn_gate_exps.weight (343 MiB iq3_s) buffer type overridden to CUDA_Host
create_tensor: source tensor 133/1224 blk.4.ffn_gate_exps.weight
create_tensor: loading tensor blk.4.ffn_up_exps.weight
tensor blk.4.ffn_up_exps.weight (343 MiB iq3_s) buffer type overridden to CUDA_Host
create_tensor: source tensor 134/1224 blk.4.ffn_up_exps.weight
create_tensor: loading tensor blk.4.ffn_gate_inp_shexp.weight
create_tensor: source tensor 135/1224 blk.4.ffn_gate_inp_shexp.weight
create_tensor: loading tensor blk.4.ffn_gate_shexp.weight
create_tensor: source tensor 136/1224 blk.4.ffn_gate_shexp.weight
create_tensor: loading tensor blk.4.ffn_up_shexp.weight
create_tensor: source tensor 137/1224 blk.4.ffn_up_shexp.weight
create_tensor: loading tensor blk.4.ffn_down_shexp.weight
create_tensor: source tensor 138/1224 blk.4.ffn_down_shexp.weight
create_tensor: loading tensor blk.5.hc_attn_norm.weight
create_tensor: source tensor 139/1224 blk.5.hc_attn_norm.weight
create_tensor: loading tensor blk.5.hc_attn_down.weight
create_tensor: source tensor 140/1224 blk.5.hc_attn_down.weight
create_tensor: loading tensor blk.5.hc_attn_up.weight
create_tensor: source tensor 141/1224 blk.5.hc_attn_up.weight
create_tensor: loading tensor blk.5.hc_attn_inject.weight
create_tensor: source tensor 142/1224 blk.5.hc_attn_inject.weight
create_tensor: loading tensor blk.5.hc_ffn_norm.weight
create_tensor: source tensor 143/1224 blk.5.hc_ffn_norm.weight
create_tensor: loading tensor blk.5.hc_ffn_down.weight
create_tensor: source tensor 144/1224 blk.5.hc_ffn_down.weight
create_tensor: loading tensor blk.5.hc_ffn_up.weight
create_tensor: source tensor 145/1224 blk.5.hc_ffn_up.weight
create_tensor: loading tensor blk.5.hc_ffn_inject.weight
create_tensor: source tensor 146/1224 blk.5.hc_ffn_inject.weight
create_tensor: loading tensor blk.5.attn_qkv.weight
create_tensor: source tensor 147/1224 blk.5.attn_qkv.weight
create_tensor: loading tensor blk.5.attn_gate.weight
create_tensor: source tensor 148/1224 blk.5.attn_gate.weight
create_tensor: loading tensor blk.5.ssm_conv1d.weight
create_tensor: source tensor 149/1224 blk.5.ssm_conv1d.weight
create_tensor: loading tensor blk.5.ssm_dt.bias
create_tensor: source tensor 150/1224 blk.5.ssm_dt.bias
create_tensor: loading tensor blk.5.ssm_a
create_tensor: source tensor 151/1224 blk.5.ssm_a
create_tensor: loading tensor blk.5.ssm_beta.weight
create_tensor: source tensor 152/1224 blk.5.ssm_beta.weight
create_tensor: loading tensor blk.5.ssm_alpha.weight
create_tensor: source tensor 153/1224 blk.5.ssm_alpha.weight
create_tensor: loading tensor blk.5.ssm_norm.weight
create_tensor: source tensor 154/1224 blk.5.ssm_norm.weight
create_tensor: loading tensor blk.5.ssm_out.weight
create_tensor: source tensor 155/1224 blk.5.ssm_out.weight
create_tensor: loading tensor blk.5.ffn_gate_inp.weight
create_tensor: source tensor 156/1224 blk.5.ffn_gate_inp.weight
create_tensor: loading tensor blk.5.ffn_down_exps.weight
tensor blk.5.ffn_down_exps.weight (450 MiB iq4_nl) buffer type overridden to CUDA_Host
create_tensor: source tensor 157/1224 blk.5.ffn_down_exps.weight
create_tensor: loading tensor blk.5.ffn_gate_up_exps.weight
create_tensor: loading tensor blk.5.ffn_gate_exps.weight
tensor blk.5.ffn_gate_exps.weight (343 MiB iq3_s) buffer type overridden to CUDA_Host
create_tensor: source tensor 158/1224 blk.5.ffn_gate_exps.weight
create_tensor: loading tensor blk.5.ffn_up_exps.weight
tensor blk.5.ffn_up_exps.weight (343 MiB iq3_s) buffer type overridden to CUDA_Host
create_tensor: source tensor 159/1224 blk.5.ffn_up_exps.weight
create_tensor: loading tensor blk.5.ffn_gate_inp_shexp.weight
create_tensor: source tensor 160/1224 blk.5.ffn_gate_inp_shexp.weight
create_tensor: loading tensor blk.5.ffn_gate_shexp.weight
create_tensor: source tensor 161/1224 blk.5.ffn_gate_shexp.weight
create_tensor: loading tensor blk.5.ffn_up_shexp.weight
create_tensor: source tensor 162/1224 blk.5.ffn_up_shexp.weight
create_tensor: loading tensor blk.5.ffn_down_shexp.weight
create_tensor: source tensor 163/1224 blk.5.ffn_down_shexp.weight
create_tensor: loading tensor blk.6.hc_attn_norm.weight
create_tensor: source tensor 164/1224 blk.6.hc_attn_norm.weight
create_tensor: loading tensor blk.6.hc_attn_down.weight
create_tensor: source tensor 165/1224 blk.6.hc_attn_down.weight
create_tensor: loading tensor blk.6.hc_attn_up.weight
create_tensor: source tensor 166/1224 blk.6.hc_attn_up.weight
create_tensor: loading tensor blk.6.hc_attn_inject.weight
create_tensor: source tensor 167/1224 blk.6.hc_attn_inject.weight
create_tensor: loading tensor blk.6.hc_ffn_norm.weight
create_tensor: source tensor 168/1224 blk.6.hc_ffn_norm.weight
create_tensor: loading tensor blk.6.hc_ffn_down.weight
create_tensor: source tensor 169/1224 blk.6.hc_ffn_down.weight
create_tensor: loading tensor blk.6.hc_ffn_up.weight
create_tensor: source tensor 170/1224 blk.6.hc_ffn_up.weight
create_tensor: loading tensor blk.6.hc_ffn_inject.weight
create_tensor: source tensor 171/1224 blk.6.hc_ffn_inject.weight
create_tensor: loading tensor blk.6.attn_qkv.weight
create_tensor: source tensor 172/1224 blk.6.attn_qkv.weight
create_tensor: loading tensor blk.6.attn_gate.weight
create_tensor: source tensor 173/1224 blk.6.attn_gate.weight
create_tensor: loading tensor blk.6.ssm_conv1d.weight
create_tensor: source tensor 174/1224 blk.6.ssm_conv1d.weight
create_tensor: loading tensor blk.6.ssm_dt.bias
create_tensor: source tensor 175/1224 blk.6.ssm_dt.bias
create_tensor: loading tensor blk.6.ssm_a
create_tensor: source tensor 176/1224 blk.6.ssm_a
create_tensor: loading tensor blk.6.ssm_beta.weight
create_tensor: source tensor 177/1224 blk.6.ssm_beta.weight
create_tensor: loading tensor blk.6.ssm_alpha.weight
create_tensor: source tensor 178/1224 blk.6.ssm_alpha.weight
create_tensor: loading tensor blk.6.ssm_norm.weight
create_tensor: source tensor 179/1224 blk.6.ssm_norm.weight
create_tensor: loading tensor blk.6.ssm_out.weight
create_tensor: source tensor 180/1224 blk.6.ssm_out.weight
create_tensor: loading tensor blk.6.ffn_gate_inp.weight
create_tensor: source tensor 181/1224 blk.6.ffn_gate_inp.weight
create_tensor: loading tensor blk.6.ffn_down_exps.weight
tensor blk.6.ffn_down_exps.weight (450 MiB iq4_nl) buffer type overridden to CUDA_Host
create_tensor: source tensor 182/1224 blk.6.ffn_down_exps.weight
create_tensor: loading tensor blk.6.ffn_gate_up_exps.weight
create_tensor: loading tensor blk.6.ffn_gate_exps.weight
tensor blk.6.ffn_gate_exps.weight (343 MiB iq3_s) buffer type overridden to CUDA_Host
create_tensor: source tensor 183/1224 blk.6.ffn_gate_exps.weight
create_tensor: loading tensor blk.6.ffn_up_exps.weight
tensor blk.6.ffn_up_exps.weight (343 MiB iq3_s) buffer type overridden to CUDA_Host
create_tensor: source tensor 184/1224 blk.6.ffn_up_exps.weight
create_tensor: loading tensor blk.6.ffn_gate_inp_shexp.weight
create_tensor: source tensor 185/1224 blk.6.ffn_gate_inp_shexp.weight
create_tensor: loading tensor blk.6.ffn_gate_shexp.weight
create_tensor: source tensor 186/1224 blk.6.ffn_gate_shexp.weight
create_tensor: loading tensor blk.6.ffn_up_shexp.weight
create_tensor: source tensor 187/1224 blk.6.ffn_up_shexp.weight
create_tensor: loading tensor blk.6.ffn_down_shexp.weight
create_tensor: source tensor 188/1224 blk.6.ffn_down_shexp.weight
create_tensor: loading tensor blk.7.hc_attn_norm.weight
create_tensor: source tensor 189/1224 blk.7.hc_attn_norm.weight
create_tensor: loading tensor blk.7.hc_attn_down.weight
create_tensor: source tensor 190/1224 blk.7.hc_attn_down.weight
create_tensor: loading tensor blk.7.hc_attn_up.weight
create_tensor: source tensor 191/1224 blk.7.hc_attn_up.weight
create_tensor: loading tensor blk.7.hc_attn_inject.weight
create_tensor: source tensor 192/1224 blk.7.hc_attn_inject.weight
create_tensor: loading tensor blk.7.hc_ffn_norm.weight
create_tensor: source tensor 193/1224 blk.7.hc_ffn_norm.weight
create_tensor: loading tensor blk.7.hc_ffn_down.weight
create_tensor: source tensor 194/1224 blk.7.hc_ffn_down.weight
create_tensor: loading tensor blk.7.hc_ffn_up.weight
create_tensor: source tensor 195/1224 blk.7.hc_ffn_up.weight
create_tensor: loading tensor blk.7.hc_ffn_inject.weight
create_tensor: source tensor 196/1224 blk.7.hc_ffn_inject.weight
create_tensor: loading tensor blk.7.attn_qkv.weight
create_tensor: loading tensor blk.7.attn_q.weight
create_tensor: source tensor 197/1224 blk.7.attn_q.weight
create_tensor: loading tensor blk.7.attn_k.weight
create_tensor: source tensor 198/1224 blk.7.attn_k.weight
create_tensor: loading tensor blk.7.attn_v.weight
create_tensor: source tensor 199/1224 blk.7.attn_v.weight
create_tensor: loading tensor blk.7.attn_q.bias
create_tensor: loading tensor blk.7.attn_k.bias
create_tensor: loading tensor blk.7.attn_v.bias
create_tensor: loading tensor blk.7.attn_output.weight
create_tensor: source tensor 200/1224 blk.7.attn_output.weight
create_tensor: loading tensor blk.7.attn_q_norm.weight
create_tensor: source tensor 201/1224 blk.7.attn_q_norm.weight
create_tensor: loading tensor blk.7.attn_k_norm.weight
create_tensor: source tensor 202/1224 blk.7.attn_k_norm.weight
create_tensor: loading tensor blk.7.indexer.q_proj.weight
create_tensor: source tensor 203/1224 blk.7.indexer.q_proj.weight
create_tensor: loading tensor blk.7.indexer.k_proj.weight
create_tensor: source tensor 204/1224 blk.7.indexer.k_proj.weight
create_tensor: loading tensor blk.7.indexer.q_norm.weight
create_tensor: source tensor 205/1224 blk.7.indexer.q_norm.weight
create_tensor: loading tensor blk.7.indexer.k_norm.weight
create_tensor: source tensor 206/1224 blk.7.indexer.k_norm.weight
create_tensor: loading tensor blk.7.ffn_gate_inp.weight
create_tensor: source tensor 207/1224 blk.7.ffn_gate_inp.weight
create_tensor: loading tensor blk.7.ffn_down_exps.weight
tensor blk.7.ffn_down_exps.weight (450 MiB iq4_nl) buffer type overridden to CUDA_Host
create_tensor: source tensor 208/1224 blk.7.ffn_down_exps.weight
create_tensor: loading tensor blk.7.ffn_gate_up_exps.weight
create_tensor: loading tensor blk.7.ffn_gate_exps.weight
tensor blk.7.ffn_gate_exps.weight (343 MiB iq3_s) buffer type overridden to CUDA_Host
create_tensor: source tensor 209/1224 blk.7.ffn_gate_exps.weight
create_tensor: loading tensor blk.7.ffn_up_exps.weight
tensor blk.7.ffn_up_exps.weight (343 MiB iq3_s) buffer type overridden to CUDA_Host
create_tensor: source tensor 210/1224 blk.7.ffn_up_exps.weight
create_tensor: loading tensor blk.7.ffn_gate_inp_shexp.weight
create_tensor: source tensor 211/1224 blk.7.ffn_gate_inp_shexp.weight
create_tensor: loading tensor blk.7.ffn_gate_shexp.weight
create_tensor: source tensor 212/1224 blk.7.ffn_gate_shexp.weight
create_tensor: loading tensor blk.7.ffn_up_shexp.weight
create_tensor: source tensor 213/1224 blk.7.ffn_up_shexp.weight
create_tensor: loading tensor blk.7.ffn_down_shexp.weight
create_tensor: source tensor 214/1224 blk.7.ffn_down_shexp.weight
create_tensor: loading tensor blk.8.hc_attn_norm.weight
create_tensor: source tensor 215/1224 blk.8.hc_attn_norm.weight
create_tensor: loading tensor blk.8.hc_attn_down.weight
create_tensor: source tensor 216/1224 blk.8.hc_attn_down.weight
create_tensor: loading tensor blk.8.hc_attn_up.weight
create_tensor: source tensor 217/1224 blk.8.hc_attn_up.weight
create_tensor: loading tensor blk.8.hc_attn_inject.weight
create_tensor: source tensor 218/1224 blk.8.hc_attn_inject.weight
create_tensor: loading tensor blk.8.hc_ffn_norm.weight
create_tensor: source tensor 219/1224 blk.8.hc_ffn_norm.weight
create_tensor: loading tensor blk.8.hc_ffn_down.weight
create_tensor: source tensor 220/1224 blk.8.hc_ffn_down.weight
create_tensor: loading tensor blk.8.hc_ffn_up.weight
create_tensor: source tensor 221/1224 blk.8.hc_ffn_up.weight
create_tensor: loading tensor blk.8.hc_ffn_inject.weight
create_tensor: source tensor 222/1224 blk.8.hc_ffn_inject.weight
create_tensor: loading tensor blk.8.attn_qkv.weight
create_tensor: source tensor 223/1224 blk.8.attn_qkv.weight
create_tensor: loading tensor blk.8.attn_gate.weight
create_tensor: source tensor 224/1224 blk.8.attn_gate.weight
create_tensor: loading tensor blk.8.ssm_conv1d.weight
create_tensor: source tensor 225/1224 blk.8.ssm_conv1d.weight
create_tensor: loading tensor blk.8.ssm_dt.bias
create_tensor: source tensor 226/1224 blk.8.ssm_dt.bias
create_tensor: loading tensor blk.8.ssm_a
create_tensor: source tensor 227/1224 blk.8.ssm_a
create_tensor: loading tensor blk.8.ssm_beta.weight
create_tensor: source tensor 228/1224 blk.8.ssm_beta.weight
create_tensor: loading tensor blk.8.ssm_alpha.weight
create_tensor: source tensor 229/1224 blk.8.ssm_alpha.weight
create_tensor: loading tensor blk.8.ssm_norm.weight
create_tensor: source tensor 230/1224 blk.8.ssm_norm.weight
create_tensor: loading tensor blk.8.ssm_out.weight
create_tensor: source tensor 231/1224 blk.8.ssm_out.weight
create_tensor: loading tensor blk.8.ffn_gate_inp.weight
create_tensor: source tensor 232/1224 blk.8.ffn_gate_inp.weight
create_tensor: loading tensor blk.8.ffn_down_exps.weight
tensor blk.8.ffn_down_exps.weight (450 MiB iq4_nl) buffer type overridden to CUDA_Host
create_tensor: source tensor 233/1224 blk.8.ffn_down_exps.weight
create_tensor: loading tensor blk.8.ffn_gate_up_exps.weight
create_tensor: loading tensor blk.8.ffn_gate_exps.weight
tensor blk.8.ffn_gate_exps.weight (343 MiB iq3_s) buffer type overridden to CUDA_Host
create_tensor: source tensor 234/1224 blk.8.ffn_gate_exps.weight
create_tensor: loading tensor blk.8.ffn_up_exps.weight
tensor blk.8.ffn_up_exps.weight (343 MiB iq3_s) buffer type overridden to CUDA_Host
create_tensor: source tensor 235/1224 blk.8.ffn_up_exps.weight
create_tensor: loading tensor blk.8.ffn_gate_inp_shexp.weight
create_tensor: source tensor 236/1224 blk.8.ffn_gate_inp_shexp.weight
create_tensor: loading tensor blk.8.ffn_gate_shexp.weight
create_tensor: source tensor 237/1224 blk.8.ffn_gate_shexp.weight
create_tensor: loading tensor blk.8.ffn_up_shexp.weight
create_tensor: source tensor 238/1224 blk.8.ffn_up_shexp.weight
create_tensor: loading tensor blk.8.ffn_down_shexp.weight
create_tensor: source tensor 239/1224 blk.8.ffn_down_shexp.weight
create_tensor: loading tensor blk.9.hc_attn_norm.weight
create_tensor: source tensor 240/1224 blk.9.hc_attn_norm.weight
create_tensor: loading tensor blk.9.hc_attn_down.weight
create_tensor: source tensor 241/1224 blk.9.hc_attn_down.weight
create_tensor: loading tensor blk.9.hc_attn_up.weight
create_tensor: source tensor 242/1224 blk.9.hc_attn_up.weight
create_tensor: loading tensor blk.9.hc_attn_inject.weight
create_tensor: source tensor 243/1224 blk.9.hc_attn_inject.weight
create_tensor: loading tensor blk.9.hc_ffn_norm.weight
create_tensor: source tensor 244/1224 blk.9.hc_ffn_norm.weight
create_tensor: loading tensor blk.9.hc_ffn_down.weight
create_tensor: source tensor 245/1224 blk.9.hc_ffn_down.weight
create_tensor: loading tensor blk.9.hc_ffn_up.weight
create_tensor: source tensor 246/1224 blk.9.hc_ffn_up.weight
create_tensor: loading tensor blk.9.hc_ffn_inject.weight
create_tensor: source tensor 247/1224 blk.9.hc_ffn_inject.weight
create_tensor: loading tensor blk.9.attn_qkv.weight
create_tensor: source tensor 248/1224 blk.9.attn_qkv.weight
create_tensor: loading tensor blk.9.attn_gate.weight
create_tensor: source tensor 249/1224 blk.9.attn_gate.weight
create_tensor: loading tensor blk.9.ssm_conv1d.weight
create_tensor: source tensor 250/1224 blk.9.ssm_conv1d.weight
create_tensor: loading tensor blk.9.ssm_dt.bias
create_tensor: source tensor 251/1224 blk.9.ssm_dt.bias
create_tensor: loading tensor blk.9.ssm_a
create_tensor: source tensor 252/1224 blk.9.ssm_a
create_tensor: loading tensor blk.9.ssm_beta.weight
create_tensor: source tensor 253/1224 blk.9.ssm_beta.weight
create_tensor: loading tensor blk.9.ssm_alpha.weight
create_tensor: source tensor 254/1224 blk.9.ssm_alpha.weight
create_tensor: loading tensor blk.9.ssm_norm.weight
create_tensor: source tensor 255/1224 blk.9.ssm_norm.weight
create_tensor: loading tensor blk.9.ssm_out.weight
create_tensor: source tensor 256/1224 blk.9.ssm_out.weight
create_tensor: loading tensor blk.9.ffn_gate_inp.weight
create_tensor: source tensor 257/1224 blk.9.ffn_gate_inp.weight
create_tensor: loading tensor blk.9.ffn_down_exps.weight
tensor blk.9.ffn_down_exps.weight (450 MiB iq4_nl) buffer type overridden to CUDA_Host
create_tensor: source tensor 258/1224 blk.9.ffn_down_exps.weight
create_tensor: loading tensor blk.9.ffn_gate_up_exps.weight
create_tensor: loading tensor blk.9.ffn_gate_exps.weight
tensor blk.9.ffn_gate_exps.weight (343 MiB iq3_s) buffer type overridden to CUDA_Host
create_tensor: source tensor 259/1224 blk.9.ffn_gate_exps.weight
create_tensor: loading tensor blk.9.ffn_up_exps.weight
tensor blk.9.ffn_up_exps.weight (343 MiB iq3_s) buffer type overridden to CUDA_Host
create_tensor: source tensor 260/1224 blk.9.ffn_up_exps.weight
create_tensor: loading tensor blk.9.ffn_gate_inp_shexp.weight
create_tensor: source tensor 261/1224 blk.9.ffn_gate_inp_shexp.weight
create_tensor: loading tensor blk.9.ffn_gate_shexp.weight
create_tensor: source tensor 262/1224 blk.9.ffn_gate_shexp.weight
create_tensor: loading tensor blk.9.ffn_up_shexp.weight
create_tensor: source tensor 263/1224 blk.9.ffn_up_shexp.weight
create_tensor: loading tensor blk.9.ffn_down_shexp.weight
create_tensor: source tensor 264/1224 blk.9.ffn_down_shexp.weight
create_tensor: loading tensor blk.10.hc_attn_norm.weight
create_tensor: source tensor 265/1224 blk.10.hc_attn_norm.weight
create_tensor: loading tensor blk.10.hc_attn_down.weight
create_tensor: source tensor 266/1224 blk.10.hc_attn_down.weight
create_tensor: loading tensor blk.10.hc_attn_up.weight
create_tensor: source tensor 267/1224 blk.10.hc_attn_up.weight
create_tensor: loading tensor blk.10.hc_attn_inject.weight
create_tensor: source tensor 268/1224 blk.10.hc_attn_inject.weight
create_tensor: loading tensor blk.10.hc_ffn_norm.weight
create_tensor: source tensor 269/1224 blk.10.hc_ffn_norm.weight
create_tensor: loading tensor blk.10.hc_ffn_down.weight
create_tensor: source tensor 270/1224 blk.10.hc_ffn_down.weight
create_tensor: loading tensor blk.10.hc_ffn_up.weight
create_tensor: source tensor 271/1224 blk.10.hc_ffn_up.weight
create_tensor: loading tensor blk.10.hc_ffn_inject.weight
create_tensor: source tensor 272/1224 blk.10.hc_ffn_inject.weight
create_tensor: loading tensor blk.10.attn_qkv.weight
create_tensor: source tensor 273/1224 blk.10.attn_qkv.weight
create_tensor: loading tensor blk.10.attn_gate.weight
create_tensor: source tensor 274/1224 blk.10.attn_gate.weight
create_tensor: loading tensor blk.10.ssm_conv1d.weight
create_tensor: source tensor 275/1224 blk.10.ssm_conv1d.weight
create_tensor: loading tensor blk.10.ssm_dt.bias
create_tensor: source tensor 276/1224 blk.10.ssm_dt.bias
create_tensor: loading tensor blk.10.ssm_a
create_tensor: source tensor 277/1224 blk.10.ssm_a
create_tensor: loading tensor blk.10.ssm_beta.weight
create_tensor: source tensor 278/1224 blk.10.ssm_beta.weight
create_tensor: loading tensor blk.10.ssm_alpha.weight
create_tensor: source tensor 279/1224 blk.10.ssm_alpha.weight
create_tensor: loading tensor blk.10.ssm_norm.weight
create_tensor: source tensor 280/1224 blk.10.ssm_norm.weight
create_tensor: loading tensor blk.10.ssm_out.weight
create_tensor: source tensor 281/1224 blk.10.ssm_out.weight
create_tensor: loading tensor blk.10.ffn_gate_inp.weight
create_tensor: source tensor 282/1224 blk.10.ffn_gate_inp.weight
create_tensor: loading tensor blk.10.ffn_down_exps.weight
tensor blk.10.ffn_down_exps.weight (450 MiB iq4_nl) buffer type overridden to CUDA_Host
create_tensor: source tensor 283/1224 blk.10.ffn_down_exps.weight
create_tensor: loading tensor blk.10.ffn_gate_up_exps.weight
create_tensor: loading tensor blk.10.ffn_gate_exps.weight
tensor blk.10.ffn_gate_exps.weight (343 MiB iq3_s) buffer type overridden to CUDA_Host
create_tensor: source tensor 284/1224 blk.10.ffn_gate_exps.weight
create_tensor: loading tensor blk.10.ffn_up_exps.weight
tensor blk.10.ffn_up_exps.weight (343 MiB iq3_s) buffer type overridden to CUDA_Host
create_tensor: source tensor 285/1224 blk.10.ffn_up_exps.weight
create_tensor: loading tensor blk.10.ffn_gate_inp_shexp.weight
create_tensor: source tensor 286/1224 blk.10.ffn_gate_inp_shexp.weight
create_tensor: loading tensor blk.10.ffn_gate_shexp.weight
create_tensor: source tensor 287/1224 blk.10.ffn_gate_shexp.weight
create_tensor: loading tensor blk.10.ffn_up_shexp.weight
create_tensor: source tensor 288/1224 blk.10.ffn_up_shexp.weight
create_tensor: loading tensor blk.10.ffn_down_shexp.weight
create_tensor: source tensor 289/1224 blk.10.ffn_down_shexp.weight
create_tensor: loading tensor blk.11.hc_attn_norm.weight
create_tensor: source tensor 290/1224 blk.11.hc_attn_norm.weight
create_tensor: loading tensor blk.11.hc_attn_down.weight
create_tensor: source tensor 291/1224 blk.11.hc_attn_down.weight
create_tensor: loading tensor blk.11.hc_attn_up.weight
create_tensor: source tensor 292/1224 blk.11.hc_attn_up.weight
create_tensor: loading tensor blk.11.hc_attn_inject.weight
create_tensor: source tensor 293/1224 blk.11.hc_attn_inject.weight
create_tensor: loading tensor blk.11.hc_ffn_norm.weight
create_tensor: source tensor 294/1224 blk.11.hc_ffn_norm.weight
create_tensor: loading tensor blk.11.hc_ffn_down.weight
create_tensor: source tensor 295/1224 blk.11.hc_ffn_down.weight
create_tensor: loading tensor blk.11.hc_ffn_up.weight
create_tensor: source tensor 296/1224 blk.11.hc_ffn_up.weight
create_tensor: loading tensor blk.11.hc_ffn_inject.weight
create_tensor: source tensor 297/1224 blk.11.hc_ffn_inject.weight
create_tensor: loading tensor blk.11.attn_qkv.weight
create_tensor: loading tensor blk.11.attn_q.weight
create_tensor: source tensor 298/1224 blk.11.attn_q.weight
create_tensor: loading tensor blk.11.attn_k.weight
create_tensor: source tensor 299/1224 blk.11.attn_k.weight
create_tensor: loading tensor blk.11.attn_v.weight
create_tensor: source tensor 300/1224 blk.11.attn_v.weight
create_tensor: loading tensor blk.11.attn_q.bias
create_tensor: loading tensor blk.11.attn_k.bias
create_tensor: loading tensor blk.11.attn_v.bias
create_tensor: loading tensor blk.11.attn_output.weight
create_tensor: source tensor 301/1224 blk.11.attn_output.weight
create_tensor: loading tensor blk.11.attn_q_norm.weight
create_tensor: source tensor 302/1224 blk.11.attn_q_norm.weight
create_tensor: loading tensor blk.11.attn_k_norm.weight
create_tensor: source tensor 303/1224 blk.11.attn_k_norm.weight
create_tensor: loading tensor blk.11.indexer.q_proj.weight
create_tensor: source tensor 304/1224 blk.11.indexer.q_proj.weight
create_tensor: loading tensor blk.11.indexer.k_proj.weight
create_tensor: source tensor 305/1224 blk.11.indexer.k_proj.weight
create_tensor: loading tensor blk.11.indexer.q_norm.weight
create_tensor: source tensor 306/1224 blk.11.indexer.q_norm.weight
create_tensor: loading tensor blk.11.indexer.k_norm.weight
create_tensor: source tensor 307/1224 blk.11.indexer.k_norm.weight
create_tensor: loading tensor blk.11.ffn_gate_inp.weight
create_tensor: source tensor 308/1224 blk.11.ffn_gate_inp.weight
create_tensor: loading tensor blk.11.ffn_down_exps.weight
tensor blk.11.ffn_down_exps.weight (450 MiB iq4_nl) buffer type overridden to CUDA_Host
create_tensor: source tensor 309/1224 blk.11.ffn_down_exps.weight
create_tensor: loading tensor blk.11.ffn_gate_up_exps.weight
create_tensor: loading tensor blk.11.ffn_gate_exps.weight
tensor blk.11.ffn_gate_exps.weight (343 MiB iq3_s) buffer type overridden to CUDA_Host
create_tensor: source tensor 310/1224 blk.11.ffn_gate_exps.weight
create_tensor: loading tensor blk.11.ffn_up_exps.weight
tensor blk.11.ffn_up_exps.weight (343 MiB iq3_s) buffer type overridden to CUDA_Host
create_tensor: source tensor 311/1224 blk.11.ffn_up_exps.weight
create_tensor: loading tensor blk.11.ffn_gate_inp_shexp.weight
create_tensor: source tensor 312/1224 blk.11.ffn_gate_inp_shexp.weight
create_tensor: loading tensor blk.11.ffn_gate_shexp.weight
create_tensor: source tensor 313/1224 blk.11.ffn_gate_shexp.weight
create_tensor: loading tensor blk.11.ffn_up_shexp.weight
create_tensor: source tensor 314/1224 blk.11.ffn_up_shexp.weight
create_tensor: loading tensor blk.11.ffn_down_shexp.weight
create_tensor: source tensor 315/1224 blk.11.ffn_down_shexp.weight
create_tensor: loading tensor blk.12.hc_attn_norm.weight
create_tensor: source tensor 316/1224 blk.12.hc_attn_norm.weight
create_tensor: loading tensor blk.12.hc_attn_down.weight
create_tensor: source tensor 317/1224 blk.12.hc_attn_down.weight
create_tensor: loading tensor blk.12.hc_attn_up.weight
create_tensor: source tensor 318/1224 blk.12.hc_attn_up.weight
create_tensor: loading tensor blk.12.hc_attn_inject.weight
create_tensor: source tensor 319/1224 blk.12.hc_attn_inject.weight
create_tensor: loading tensor blk.12.hc_ffn_norm.weight
create_tensor: source tensor 320/1224 blk.12.hc_ffn_norm.weight
create_tensor: loading tensor blk.12.hc_ffn_down.weight
create_tensor: source tensor 321/1224 blk.12.hc_ffn_down.weight
create_tensor: loading tensor blk.12.hc_ffn_up.weight
create_tensor: source tensor 322/1224 blk.12.hc_ffn_up.weight
create_tensor: loading tensor blk.12.hc_ffn_inject.weight
create_tensor: source tensor 323/1224 blk.12.hc_ffn_inject.weight
create_tensor: loading tensor blk.12.attn_qkv.weight
create_tensor: source tensor 324/1224 blk.12.attn_qkv.weight
create_tensor: loading tensor blk.12.attn_gate.weight
create_tensor: source tensor 325/1224 blk.12.attn_gate.weight
create_tensor: loading tensor blk.12.ssm_conv1d.weight
create_tensor: source tensor 326/1224 blk.12.ssm_conv1d.weight
create_tensor: loading tensor blk.12.ssm_dt.bias
create_tensor: source tensor 327/1224 blk.12.ssm_dt.bias
create_tensor: loading tensor blk.12.ssm_a
create_tensor: source tensor 328/1224 blk.12.ssm_a
create_tensor: loading tensor blk.12.ssm_beta.weight
create_tensor: source tensor 329/1224 blk.12.ssm_beta.weight
create_tensor: loading tensor blk.12.ssm_alpha.weight
create_tensor: source tensor 330/1224 blk.12.ssm_alpha.weight
create_tensor: loading tensor blk.12.ssm_norm.weight
create_tensor: source tensor 331/1224 blk.12.ssm_norm.weight
create_tensor: loading tensor blk.12.ssm_out.weight
create_tensor: source tensor 332/1224 blk.12.ssm_out.weight
create_tensor: loading tensor blk.12.ffn_gate_inp.weight
create_tensor: source tensor 333/1224 blk.12.ffn_gate_inp.weight
create_tensor: loading tensor blk.12.ffn_down_exps.weight
tensor blk.12.ffn_down_exps.weight (450 MiB iq4_nl) buffer type overridden to CUDA_Host
create_tensor: source tensor 334/1224 blk.12.ffn_down_exps.weight
create_tensor: loading tensor blk.12.ffn_gate_up_exps.weight
create_tensor: loading tensor blk.12.ffn_gate_exps.weight
tensor blk.12.ffn_gate_exps.weight (343 MiB iq3_s) buffer type overridden to CUDA_Host
create_tensor: source tensor 335/1224 blk.12.ffn_gate_exps.weight
create_tensor: loading tensor blk.12.ffn_up_exps.weight
tensor blk.12.ffn_up_exps.weight (343 MiB iq3_s) buffer type overridden to CUDA_Host
create_tensor: source tensor 336/1224 blk.12.ffn_up_exps.weight
create_tensor: loading tensor blk.12.ffn_gate_inp_shexp.weight
create_tensor: source tensor 337/1224 blk.12.ffn_gate_inp_shexp.weight
create_tensor: loading tensor blk.12.ffn_gate_shexp.weight
create_tensor: source tensor 338/1224 blk.12.ffn_gate_shexp.weight
create_tensor: loading tensor blk.12.ffn_up_shexp.weight
create_tensor: source tensor 339/1224 blk.12.ffn_up_shexp.weight
create_tensor: loading tensor blk.12.ffn_down_shexp.weight
create_tensor: source tensor 340/1224 blk.12.ffn_down_shexp.weight
create_tensor: loading tensor blk.13.hc_attn_norm.weight
create_tensor: source tensor 341/1224 blk.13.hc_attn_norm.weight
create_tensor: loading tensor blk.13.hc_attn_down.weight
create_tensor: source tensor 342/1224 blk.13.hc_attn_down.weight
create_tensor: loading tensor blk.13.hc_attn_up.weight
create_tensor: source tensor 343/1224 blk.13.hc_attn_up.weight
create_tensor: loading tensor blk.13.hc_attn_inject.weight
create_tensor: source tensor 344/1224 blk.13.hc_attn_inject.weight
create_tensor: loading tensor blk.13.hc_ffn_norm.weight
create_tensor: source tensor 345/1224 blk.13.hc_ffn_norm.weight
create_tensor: loading tensor blk.13.hc_ffn_down.weight
create_tensor: source tensor 346/1224 blk.13.hc_ffn_down.weight
create_tensor: loading tensor blk.13.hc_ffn_up.weight
create_tensor: source tensor 347/1224 blk.13.hc_ffn_up.weight
create_tensor: loading tensor blk.13.hc_ffn_inject.weight
create_tensor: source tensor 348/1224 blk.13.hc_ffn_inject.weight
create_tensor: loading tensor blk.13.attn_qkv.weight
create_tensor: source tensor 349/1224 blk.13.attn_qkv.weight
create_tensor: loading tensor blk.13.attn_gate.weight
create_tensor: source tensor 350/1224 blk.13.attn_gate.weight
create_tensor: loading tensor blk.13.ssm_conv1d.weight
create_tensor: source tensor 351/1224 blk.13.ssm_conv1d.weight
create_tensor: loading tensor blk.13.ssm_dt.bias
create_tensor: source tensor 352/1224 blk.13.ssm_dt.bias
create_tensor: loading tensor blk.13.ssm_a
create_tensor: source tensor 353/1224 blk.13.ssm_a
create_tensor: loading tensor blk.13.ssm_beta.weight
create_tensor: source tensor 354/1224 blk.13.ssm_beta.weight
create_tensor: loading tensor blk.13.ssm_alpha.weight
create_tensor: source tensor 355/1224 blk.13.ssm_alpha.weight
create_tensor: loading tensor blk.13.ssm_norm.weight
create_tensor: source tensor 356/1224 blk.13.ssm_norm.weight
create_tensor: loading tensor blk.13.ssm_out.weight
create_tensor: source tensor 357/1224 blk.13.ssm_out.weight
create_tensor: loading tensor blk.13.ffn_gate_inp.weight
create_tensor: source tensor 358/1224 blk.13.ffn_gate_inp.weight
create_tensor: loading tensor blk.13.ffn_down_exps.weight
tensor blk.13.ffn_down_exps.weight (450 MiB iq4_nl) buffer type overridden to CUDA_Host
create_tensor: source tensor 359/1224 blk.13.ffn_down_exps.weight
create_tensor: loading tensor blk.13.ffn_gate_up_exps.weight
create_tensor: loading tensor blk.13.ffn_gate_exps.weight
tensor blk.13.ffn_gate_exps.weight (343 MiB iq3_s) buffer type overridden to CUDA_Host
create_tensor: source tensor 360/1224 blk.13.ffn_gate_exps.weight
create_tensor: loading tensor blk.13.ffn_up_exps.weight
tensor blk.13.ffn_up_exps.weight (343 MiB iq3_s) buffer type overridden to CUDA_Host
create_tensor: source tensor 361/1224 blk.13.ffn_up_exps.weight
create_tensor: loading tensor blk.13.ffn_gate_inp_shexp.weight
create_tensor: source tensor 362/1224 blk.13.ffn_gate_inp_shexp.weight
create_tensor: loading tensor blk.13.ffn_gate_shexp.weight
create_tensor: source tensor 363/1224 blk.13.ffn_gate_shexp.weight
create_tensor: loading tensor blk.13.ffn_up_shexp.weight
create_tensor: source tensor 364/1224 blk.13.ffn_up_shexp.weight
create_tensor: loading tensor blk.13.ffn_down_shexp.weight
create_tensor: source tensor 365/1224 blk.13.ffn_down_shexp.weight
create_tensor: loading tensor blk.14.hc_attn_norm.weight
create_tensor: source tensor 366/1224 blk.14.hc_attn_norm.weight
create_tensor: loading tensor blk.14.hc_attn_down.weight
create_tensor: source tensor 367/1224 blk.14.hc_attn_down.weight
create_tensor: loading tensor blk.14.hc_attn_up.weight
create_tensor: source tensor 368/1224 blk.14.hc_attn_up.weight
create_tensor: loading tensor blk.14.hc_attn_inject.weight
create_tensor: source tensor 369/1224 blk.14.hc_attn_inject.weight
create_tensor: loading tensor blk.14.hc_ffn_norm.weight
create_tensor: source tensor 370/1224 blk.14.hc_ffn_norm.weight
create_tensor: loading tensor blk.14.hc_ffn_down.weight
create_tensor: source tensor 371/1224 blk.14.hc_ffn_down.weight
create_tensor: loading tensor blk.14.hc_ffn_up.weight
create_tensor: source tensor 372/1224 blk.14.hc_ffn_up.weight
create_tensor: loading tensor blk.14.hc_ffn_inject.weight
create_tensor: source tensor 373/1224 blk.14.hc_ffn_inject.weight
create_tensor: loading tensor blk.14.attn_qkv.weight
create_tensor: source tensor 374/1224 blk.14.attn_qkv.weight
create_tensor: loading tensor blk.14.attn_gate.weight
create_tensor: source tensor 375/1224 blk.14.attn_gate.weight
create_tensor: loading tensor blk.14.ssm_conv1d.weight
create_tensor: source tensor 376/1224 blk.14.ssm_conv1d.weight
create_tensor: loading tensor blk.14.ssm_dt.bias
create_tensor: source tensor 377/1224 blk.14.ssm_dt.bias
create_tensor: loading tensor blk.14.ssm_a
create_tensor: source tensor 378/1224 blk.14.ssm_a
create_tensor: loading tensor blk.14.ssm_beta.weight
create_tensor: source tensor 379/1224 blk.14.ssm_beta.weight
create_tensor: loading tensor blk.14.ssm_alpha.weight
create_tensor: source tensor 380/1224 blk.14.ssm_alpha.weight
create_tensor: loading tensor blk.14.ssm_norm.weight
create_tensor: source tensor 381/1224 blk.14.ssm_norm.weight
create_tensor: loading tensor blk.14.ssm_out.weight
create_tensor: source tensor 382/1224 blk.14.ssm_out.weight
create_tensor: loading tensor blk.14.ffn_gate_inp.weight
create_tensor: source tensor 383/1224 blk.14.ffn_gate_inp.weight
create_tensor: loading tensor blk.14.ffn_down_exps.weight
tensor blk.14.ffn_down_exps.weight (450 MiB iq4_nl) buffer type overridden to CUDA_Host
create_tensor: source tensor 384/1224 blk.14.ffn_down_exps.weight
create_tensor: loading tensor blk.14.ffn_gate_up_exps.weight
create_tensor: loading tensor blk.14.ffn_gate_exps.weight
tensor blk.14.ffn_gate_exps.weight (343 MiB iq3_s) buffer type overridden to CUDA_Host
create_tensor: source tensor 385/1224 blk.14.ffn_gate_exps.weight
create_tensor: loading tensor blk.14.ffn_up_exps.weight
tensor blk.14.ffn_up_exps.weight (343 MiB iq3_s) buffer type overridden to CUDA_Host
create_tensor: source tensor 386/1224 blk.14.ffn_up_exps.weight
create_tensor: loading tensor blk.14.ffn_gate_inp_shexp.weight
create_tensor: source tensor 387/1224 blk.14.ffn_gate_inp_shexp.weight
create_tensor: loading tensor blk.14.ffn_gate_shexp.weight
create_tensor: source tensor 388/1224 blk.14.ffn_gate_shexp.weight
create_tensor: loading tensor blk.14.ffn_up_shexp.weight
create_tensor: source tensor 389/1224 blk.14.ffn_up_shexp.weight
create_tensor: loading tensor blk.14.ffn_down_shexp.weight
create_tensor: source tensor 390/1224 blk.14.ffn_down_shexp.weight
create_tensor: loading tensor blk.15.hc_attn_norm.weight
create_tensor: source tensor 391/1224 blk.15.hc_attn_norm.weight
create_tensor: loading tensor blk.15.hc_attn_down.weight
create_tensor: source tensor 392/1224 blk.15.hc_attn_down.weight
create_tensor: loading tensor blk.15.hc_attn_up.weight
create_tensor: source tensor 393/1224 blk.15.hc_attn_up.weight
create_tensor: loading tensor blk.15.hc_attn_inject.weight
create_tensor: source tensor 394/1224 blk.15.hc_attn_inject.weight
create_tensor: loading tensor blk.15.hc_ffn_norm.weight
create_tensor: source tensor 395/1224 blk.15.hc_ffn_norm.weight
create_tensor: loading tensor blk.15.hc_ffn_down.weight
create_tensor: source tensor 396/1224 blk.15.hc_ffn_down.weight
create_tensor: loading tensor blk.15.hc_ffn_up.weight
create_tensor: source tensor 397/1224 blk.15.hc_ffn_up.weight
create_tensor: loading tensor blk.15.hc_ffn_inject.weight
create_tensor: source tensor 398/1224 blk.15.hc_ffn_inject.weight
create_tensor: loading tensor blk.15.attn_qkv.weight
create_tensor: loading tensor blk.15.attn_q.weight
create_tensor: source tensor 399/1224 blk.15.attn_q.weight
create_tensor: loading tensor blk.15.attn_k.weight
create_tensor: source tensor 400/1224 blk.15.attn_k.weight
create_tensor: loading tensor blk.15.attn_v.weight
create_tensor: source tensor 401/1224 blk.15.attn_v.weight
create_tensor: loading tensor blk.15.attn_q.bias
create_tensor: loading tensor blk.15.attn_k.bias
create_tensor: loading tensor blk.15.attn_v.bias
create_tensor: loading tensor blk.15.attn_output.weight
create_tensor: source tensor 402/1224 blk.15.attn_output.weight
create_tensor: loading tensor blk.15.attn_q_norm.weight
create_tensor: source tensor 403/1224 blk.15.attn_q_norm.weight
create_tensor: loading tensor blk.15.attn_k_norm.weight
create_tensor: source tensor 404/1224 blk.15.attn_k_norm.weight
create_tensor: loading tensor blk.15.indexer.q_proj.weight
create_tensor: source tensor 405/1224 blk.15.indexer.q_proj.weight
create_tensor: loading tensor blk.15.indexer.k_proj.weight
create_tensor: source tensor 406/1224 blk.15.indexer.k_proj.weight
create_tensor: loading tensor blk.15.indexer.q_norm.weight
create_tensor: source tensor 407/1224 blk.15.indexer.q_norm.weight
create_tensor: loading tensor blk.15.indexer.k_norm.weight
create_tensor: source tensor 408/1224 blk.15.indexer.k_norm.weight
create_tensor: loading tensor blk.15.ffn_gate_inp.weight
create_tensor: source tensor 409/1224 blk.15.ffn_gate_inp.weight
create_tensor: loading tensor blk.15.ffn_down_exps.weight
tensor blk.15.ffn_down_exps.weight (450 MiB iq4_nl) buffer type overridden to CUDA_Host
create_tensor: source tensor 410/1224 blk.15.ffn_down_exps.weight
create_tensor: loading tensor blk.15.ffn_gate_up_exps.weight
create_tensor: loading tensor blk.15.ffn_gate_exps.weight
tensor blk.15.ffn_gate_exps.weight (343 MiB iq3_s) buffer type overridden to CUDA_Host
create_tensor: source tensor 411/1224 blk.15.ffn_gate_exps.weight
create_tensor: loading tensor blk.15.ffn_up_exps.weight
tensor blk.15.ffn_up_exps.weight (343 MiB iq3_s) buffer type overridden to CUDA_Host
create_tensor: source tensor 412/1224 blk.15.ffn_up_exps.weight
create_tensor: loading tensor blk.15.ffn_gate_inp_shexp.weight
create_tensor: source tensor 413/1224 blk.15.ffn_gate_inp_shexp.weight
create_tensor: loading tensor blk.15.ffn_gate_shexp.weight
create_tensor: source tensor 414/1224 blk.15.ffn_gate_shexp.weight
create_tensor: loading tensor blk.15.ffn_up_shexp.weight
create_tensor: source tensor 415/1224 blk.15.ffn_up_shexp.weight
create_tensor: loading tensor blk.15.ffn_down_shexp.weight
create_tensor: source tensor 416/1224 blk.15.ffn_down_shexp.weight
create_tensor: loading tensor blk.16.hc_attn_norm.weight
create_tensor: source tensor 417/1224 blk.16.hc_attn_norm.weight
create_tensor: loading tensor blk.16.hc_attn_down.weight
create_tensor: source tensor 418/1224 blk.16.hc_attn_down.weight
create_tensor: loading tensor blk.16.hc_attn_up.weight
create_tensor: source tensor 419/1224 blk.16.hc_attn_up.weight
create_tensor: loading tensor blk.16.hc_attn_inject.weight
create_tensor: source tensor 420/1224 blk.16.hc_attn_inject.weight
create_tensor: loading tensor blk.16.hc_ffn_norm.weight
create_tensor: source tensor 421/1224 blk.16.hc_ffn_norm.weight
create_tensor: loading tensor blk.16.hc_ffn_down.weight
create_tensor: source tensor 422/1224 blk.16.hc_ffn_down.weight
create_tensor: loading tensor blk.16.hc_ffn_up.weight
create_tensor: source tensor 423/1224 blk.16.hc_ffn_up.weight
create_tensor: loading tensor blk.16.hc_ffn_inject.weight
create_tensor: source tensor 424/1224 blk.16.hc_ffn_inject.weight
create_tensor: loading tensor blk.16.attn_qkv.weight
create_tensor: source tensor 425/1224 blk.16.attn_qkv.weight
create_tensor: loading tensor blk.16.attn_gate.weight
create_tensor: source tensor 426/1224 blk.16.attn_gate.weight
create_tensor: loading tensor blk.16.ssm_conv1d.weight
create_tensor: source tensor 427/1224 blk.16.ssm_conv1d.weight
create_tensor: loading tensor blk.16.ssm_dt.bias
create_tensor: source tensor 428/1224 blk.16.ssm_dt.bias
create_tensor: loading tensor blk.16.ssm_a
create_tensor: source tensor 429/1224 blk.16.ssm_a
create_tensor: loading tensor blk.16.ssm_beta.weight
create_tensor: source tensor 430/1224 blk.16.ssm_beta.weight
create_tensor: loading tensor blk.16.ssm_alpha.weight
create_tensor: source tensor 431/1224 blk.16.ssm_alpha.weight
create_tensor: loading tensor blk.16.ssm_norm.weight
create_tensor: source tensor 432/1224 blk.16.ssm_norm.weight
create_tensor: loading tensor blk.16.ssm_out.weight
create_tensor: source tensor 433/1224 blk.16.ssm_out.weight
create_tensor: loading tensor blk.16.ffn_gate_inp.weight
create_tensor: source tensor 434/1224 blk.16.ffn_gate_inp.weight
create_tensor: loading tensor blk.16.ffn_down_exps.weight
tensor blk.16.ffn_down_exps.weight (450 MiB iq4_nl) buffer type overridden to CUDA_Host
create_tensor: source tensor 435/1224 blk.16.ffn_down_exps.weight
create_tensor: loading tensor blk.16.ffn_gate_up_exps.weight
create_tensor: loading tensor blk.16.ffn_gate_exps.weight
tensor blk.16.ffn_gate_exps.weight (343 MiB iq3_s) buffer type overridden to CUDA_Host
create_tensor: source tensor 436/1224 blk.16.ffn_gate_exps.weight
create_tensor: loading tensor blk.16.ffn_up_exps.weight
tensor blk.16.ffn_up_exps.weight (343 MiB iq3_s) buffer type overridden to CUDA_Host
create_tensor: source tensor 437/1224 blk.16.ffn_up_exps.weight
create_tensor: loading tensor blk.16.ffn_gate_inp_shexp.weight
create_tensor: source tensor 438/1224 blk.16.ffn_gate_inp_shexp.weight
create_tensor: loading tensor blk.16.ffn_gate_shexp.weight
create_tensor: source tensor 439/1224 blk.16.ffn_gate_shexp.weight
create_tensor: loading tensor blk.16.ffn_up_shexp.weight
create_tensor: source tensor 440/1224 blk.16.ffn_up_shexp.weight
create_tensor: loading tensor blk.16.ffn_down_shexp.weight
create_tensor: source tensor 441/1224 blk.16.ffn_down_shexp.weight
create_tensor: loading tensor blk.17.hc_attn_norm.weight
create_tensor: source tensor 442/1224 blk.17.hc_attn_norm.weight
create_tensor: loading tensor blk.17.hc_attn_down.weight
create_tensor: source tensor 443/1224 blk.17.hc_attn_down.weight
create_tensor: loading tensor blk.17.hc_attn_up.weight
create_tensor: source tensor 444/1224 blk.17.hc_attn_up.weight
create_tensor: loading tensor blk.17.hc_attn_inject.weight
create_tensor: source tensor 445/1224 blk.17.hc_attn_inject.weight
create_tensor: loading tensor blk.17.hc_ffn_norm.weight
create_tensor: source tensor 446/1224 blk.17.hc_ffn_norm.weight
create_tensor: loading tensor blk.17.hc_ffn_down.weight
create_tensor: source tensor 447/1224 blk.17.hc_ffn_down.weight
create_tensor: loading tensor blk.17.hc_ffn_up.weight
create_tensor: source tensor 448/1224 blk.17.hc_ffn_up.weight
create_tensor: loading tensor blk.17.hc_ffn_inject.weight
create_tensor: source tensor 449/1224 blk.17.hc_ffn_inject.weight
create_tensor: loading tensor blk.17.attn_qkv.weight
create_tensor: source tensor 450/1224 blk.17.attn_qkv.weight
create_tensor: loading tensor blk.17.attn_gate.weight
create_tensor: source tensor 451/1224 blk.17.attn_gate.weight
create_tensor: loading tensor blk.17.ssm_conv1d.weight
create_tensor: source tensor 452/1224 blk.17.ssm_conv1d.weight
create_tensor: loading tensor blk.17.ssm_dt.bias
create_tensor: source tensor 453/1224 blk.17.ssm_dt.bias
create_tensor: loading tensor blk.17.ssm_a
create_tensor: source tensor 454/1224 blk.17.ssm_a
create_tensor: loading tensor blk.17.ssm_beta.weight
create_tensor: source tensor 455/1224 blk.17.ssm_beta.weight
create_tensor: loading tensor blk.17.ssm_alpha.weight
create_tensor: source tensor 456/1224 blk.17.ssm_alpha.weight
create_tensor: loading tensor blk.17.ssm_norm.weight
create_tensor: source tensor 457/1224 blk.17.ssm_norm.weight
create_tensor: loading tensor blk.17.ssm_out.weight
create_tensor: source tensor 458/1224 blk.17.ssm_out.weight
create_tensor: loading tensor blk.17.ffn_gate_inp.weight
create_tensor: source tensor 459/1224 blk.17.ffn_gate_inp.weight
create_tensor: loading tensor blk.17.ffn_down_exps.weight
tensor blk.17.ffn_down_exps.weight (450 MiB iq4_nl) buffer type overridden to CUDA_Host
create_tensor: source tensor 460/1224 blk.17.ffn_down_exps.weight
create_tensor: loading tensor blk.17.ffn_gate_up_exps.weight
create_tensor: loading tensor blk.17.ffn_gate_exps.weight
tensor blk.17.ffn_gate_exps.weight (343 MiB iq3_s) buffer type overridden to CUDA_Host
create_tensor: source tensor 461/1224 blk.17.ffn_gate_exps.weight
create_tensor: loading tensor blk.17.ffn_up_exps.weight
tensor blk.17.ffn_up_exps.weight (343 MiB iq3_s) buffer type overridden to CUDA_Host
create_tensor: source tensor 462/1224 blk.17.ffn_up_exps.weight
create_tensor: loading tensor blk.17.ffn_gate_inp_shexp.weight
create_tensor: source tensor 463/1224 blk.17.ffn_gate_inp_shexp.weight
create_tensor: loading tensor blk.17.ffn_gate_shexp.weight
create_tensor: source tensor 464/1224 blk.17.ffn_gate_shexp.weight
create_tensor: loading tensor blk.17.ffn_up_shexp.weight
create_tensor: source tensor 465/1224 blk.17.ffn_up_shexp.weight
create_tensor: loading tensor blk.17.ffn_down_shexp.weight
create_tensor: source tensor 466/1224 blk.17.ffn_down_shexp.weight
create_tensor: loading tensor blk.18.hc_attn_norm.weight
create_tensor: source tensor 467/1224 blk.18.hc_attn_norm.weight
create_tensor: loading tensor blk.18.hc_attn_down.weight
create_tensor: source tensor 468/1224 blk.18.hc_attn_down.weight
create_tensor: loading tensor blk.18.hc_attn_up.weight
create_tensor: source tensor 469/1224 blk.18.hc_attn_up.weight
create_tensor: loading tensor blk.18.hc_attn_inject.weight
create_tensor: source tensor 470/1224 blk.18.hc_attn_inject.weight
create_tensor: loading tensor blk.18.hc_ffn_norm.weight
create_tensor: source tensor 471/1224 blk.18.hc_ffn_norm.weight
create_tensor: loading tensor blk.18.hc_ffn_down.weight
create_tensor: source tensor 472/1224 blk.18.hc_ffn_down.weight
create_tensor: loading tensor blk.18.hc_ffn_up.weight
create_tensor: source tensor 473/1224 blk.18.hc_ffn_up.weight
create_tensor: loading tensor blk.18.hc_ffn_inject.weight
create_tensor: source tensor 474/1224 blk.18.hc_ffn_inject.weight
create_tensor: loading tensor blk.18.attn_qkv.weight
create_tensor: source tensor 475/1224 blk.18.attn_qkv.weight
create_tensor: loading tensor blk.18.attn_gate.weight
create_tensor: source tensor 476/1224 blk.18.attn_gate.weight
create_tensor: loading tensor blk.18.ssm_conv1d.weight
create_tensor: source tensor 477/1224 blk.18.ssm_conv1d.weight
create_tensor: loading tensor blk.18.ssm_dt.bias
create_tensor: source tensor 478/1224 blk.18.ssm_dt.bias
create_tensor: loading tensor blk.18.ssm_a
create_tensor: source tensor 479/1224 blk.18.ssm_a
create_tensor: loading tensor blk.18.ssm_beta.weight
create_tensor: source tensor 480/1224 blk.18.ssm_beta.weight
create_tensor: loading tensor blk.18.ssm_alpha.weight
create_tensor: source tensor 481/1224 blk.18.ssm_alpha.weight
create_tensor: loading tensor blk.18.ssm_norm.weight
create_tensor: source tensor 482/1224 blk.18.ssm_norm.weight
create_tensor: loading tensor blk.18.ssm_out.weight
create_tensor: source tensor 483/1224 blk.18.ssm_out.weight
create_tensor: loading tensor blk.18.ffn_gate_inp.weight
create_tensor: source tensor 484/1224 blk.18.ffn_gate_inp.weight
create_tensor: loading tensor blk.18.ffn_down_exps.weight
tensor blk.18.ffn_down_exps.weight (450 MiB iq4_nl) buffer type overridden to CUDA_Host
create_tensor: source tensor 485/1224 blk.18.ffn_down_exps.weight
create_tensor: loading tensor blk.18.ffn_gate_up_exps.weight
create_tensor: loading tensor blk.18.ffn_gate_exps.weight
tensor blk.18.ffn_gate_exps.weight (343 MiB iq3_s) buffer type overridden to CUDA_Host
create_tensor: source tensor 486/1224 blk.18.ffn_gate_exps.weight
create_tensor: loading tensor blk.18.ffn_up_exps.weight
tensor blk.18.ffn_up_exps.weight (343 MiB iq3_s) buffer type overridden to CUDA_Host
create_tensor: source tensor 487/1224 blk.18.ffn_up_exps.weight
create_tensor: loading tensor blk.18.ffn_gate_inp_shexp.weight
create_tensor: source tensor 488/1224 blk.18.ffn_gate_inp_shexp.weight
create_tensor: loading tensor blk.18.ffn_gate_shexp.weight
create_tensor: source tensor 489/1224 blk.18.ffn_gate_shexp.weight
create_tensor: loading tensor blk.18.ffn_up_shexp.weight
create_tensor: source tensor 490/1224 blk.18.ffn_up_shexp.weight
create_tensor: loading tensor blk.18.ffn_down_shexp.weight
create_tensor: source tensor 491/1224 blk.18.ffn_down_shexp.weight
create_tensor: loading tensor blk.19.hc_attn_norm.weight
create_tensor: source tensor 492/1224 blk.19.hc_attn_norm.weight
create_tensor: loading tensor blk.19.hc_attn_down.weight
create_tensor: source tensor 493/1224 blk.19.hc_attn_down.weight
create_tensor: loading tensor blk.19.hc_attn_up.weight
create_tensor: source tensor 494/1224 blk.19.hc_attn_up.weight
create_tensor: loading tensor blk.19.hc_attn_inject.weight
create_tensor: source tensor 495/1224 blk.19.hc_attn_inject.weight
create_tensor: loading tensor blk.19.hc_ffn_norm.weight
create_tensor: source tensor 496/1224 blk.19.hc_ffn_norm.weight
create_tensor: loading tensor blk.19.hc_ffn_down.weight
create_tensor: source tensor 497/1224 blk.19.hc_ffn_down.weight
create_tensor: loading tensor blk.19.hc_ffn_up.weight
create_tensor: source tensor 498/1224 blk.19.hc_ffn_up.weight
create_tensor: loading tensor blk.19.hc_ffn_inject.weight
create_tensor: source tensor 499/1224 blk.19.hc_ffn_inject.weight
create_tensor: loading tensor blk.19.attn_qkv.weight
create_tensor: loading tensor blk.19.attn_q.weight
create_tensor: source tensor 500/1224 blk.19.attn_q.weight
create_tensor: loading tensor blk.19.attn_k.weight
create_tensor: source tensor 501/1224 blk.19.attn_k.weight
create_tensor: loading tensor blk.19.attn_v.weight
create_tensor: source tensor 502/1224 blk.19.attn_v.weight
create_tensor: loading tensor blk.19.attn_q.bias
create_tensor: loading tensor blk.19.attn_k.bias
create_tensor: loading tensor blk.19.attn_v.bias
create_tensor: loading tensor blk.19.attn_output.weight
create_tensor: source tensor 503/1224 blk.19.attn_output.weight
create_tensor: loading tensor blk.19.attn_q_norm.weight
create_tensor: source tensor 504/1224 blk.19.attn_q_norm.weight
create_tensor: loading tensor blk.19.attn_k_norm.weight
create_tensor: source tensor 505/1224 blk.19.attn_k_norm.weight
create_tensor: loading tensor blk.19.indexer.q_proj.weight
create_tensor: source tensor 506/1224 blk.19.indexer.q_proj.weight
create_tensor: loading tensor blk.19.indexer.k_proj.weight
create_tensor: source tensor 507/1224 blk.19.indexer.k_proj.weight
create_tensor: loading tensor blk.19.indexer.q_norm.weight
create_tensor: source tensor 508/1224 blk.19.indexer.q_norm.weight
create_tensor: loading tensor blk.19.indexer.k_norm.weight
create_tensor: source tensor 509/1224 blk.19.indexer.k_norm.weight
create_tensor: loading tensor blk.19.ffn_gate_inp.weight
create_tensor: source tensor 510/1224 blk.19.ffn_gate_inp.weight
create_tensor: loading tensor blk.19.ffn_down_exps.weight
tensor blk.19.ffn_down_exps.weight (450 MiB iq4_nl) buffer type overridden to CUDA_Host
create_tensor: source tensor 511/1224 blk.19.ffn_down_exps.weight
create_tensor: loading tensor blk.19.ffn_gate_up_exps.weight
create_tensor: loading tensor blk.19.ffn_gate_exps.weight
tensor blk.19.ffn_gate_exps.weight (343 MiB iq3_s) buffer type overridden to CUDA_Host
create_tensor: source tensor 512/1224 blk.19.ffn_gate_exps.weight
create_tensor: loading tensor blk.19.ffn_up_exps.weight
tensor blk.19.ffn_up_exps.weight (343 MiB iq3_s) buffer type overridden to CUDA_Host
create_tensor: source tensor 513/1224 blk.19.ffn_up_exps.weight
create_tensor: loading tensor blk.19.ffn_gate_inp_shexp.weight
create_tensor: source tensor 514/1224 blk.19.ffn_gate_inp_shexp.weight
create_tensor: loading tensor blk.19.ffn_gate_shexp.weight
create_tensor: source tensor 515/1224 blk.19.ffn_gate_shexp.weight
create_tensor: loading tensor blk.19.ffn_up_shexp.weight
create_tensor: source tensor 516/1224 blk.19.ffn_up_shexp.weight
create_tensor: loading tensor blk.19.ffn_down_shexp.weight
create_tensor: source tensor 517/1224 blk.19.ffn_down_shexp.weight
create_tensor: loading tensor blk.20.hc_attn_norm.weight
create_tensor: source tensor 518/1224 blk.20.hc_attn_norm.weight
create_tensor: loading tensor blk.20.hc_attn_down.weight
create_tensor: source tensor 519/1224 blk.20.hc_attn_down.weight
create_tensor: loading tensor blk.20.hc_attn_up.weight
create_tensor: source tensor 520/1224 blk.20.hc_attn_up.weight
create_tensor: loading tensor blk.20.hc_attn_inject.weight
create_tensor: source tensor 521/1224 blk.20.hc_attn_inject.weight
create_tensor: loading tensor blk.20.hc_ffn_norm.weight
create_tensor: source tensor 522/1224 blk.20.hc_ffn_norm.weight
create_tensor: loading tensor blk.20.hc_ffn_down.weight
create_tensor: source tensor 523/1224 blk.20.hc_ffn_down.weight
create_tensor: loading tensor blk.20.hc_ffn_up.weight
create_tensor: source tensor 524/1224 blk.20.hc_ffn_up.weight
create_tensor: loading tensor blk.20.hc_ffn_inject.weight
create_tensor: source tensor 525/1224 blk.20.hc_ffn_inject.weight
create_tensor: loading tensor blk.20.attn_qkv.weight
create_tensor: source tensor 526/1224 blk.20.attn_qkv.weight
create_tensor: loading tensor blk.20.attn_gate.weight
create_tensor: source tensor 527/1224 blk.20.attn_gate.weight
create_tensor: loading tensor blk.20.ssm_conv1d.weight
create_tensor: source tensor 528/1224 blk.20.ssm_conv1d.weight
create_tensor: loading tensor blk.20.ssm_dt.bias
create_tensor: source tensor 529/1224 blk.20.ssm_dt.bias
create_tensor: loading tensor blk.20.ssm_a
create_tensor: source tensor 530/1224 blk.20.ssm_a
create_tensor: loading tensor blk.20.ssm_beta.weight
create_tensor: source tensor 531/1224 blk.20.ssm_beta.weight
create_tensor: loading tensor blk.20.ssm_alpha.weight
create_tensor: source tensor 532/1224 blk.20.ssm_alpha.weight
create_tensor: loading tensor blk.20.ssm_norm.weight
create_tensor: source tensor 533/1224 blk.20.ssm_norm.weight
create_tensor: loading tensor blk.20.ssm_out.weight
create_tensor: source tensor 534/1224 blk.20.ssm_out.weight
create_tensor: loading tensor blk.20.ffn_gate_inp.weight
create_tensor: source tensor 535/1224 blk.20.ffn_gate_inp.weight
create_tensor: loading tensor blk.20.ffn_down_exps.weight
tensor blk.20.ffn_down_exps.weight (450 MiB iq4_nl) buffer type overridden to CUDA_Host
create_tensor: source tensor 536/1224 blk.20.ffn_down_exps.weight
create_tensor: loading tensor blk.20.ffn_gate_up_exps.weight
create_tensor: loading tensor blk.20.ffn_gate_exps.weight
tensor blk.20.ffn_gate_exps.weight (343 MiB iq3_s) buffer type overridden to CUDA_Host
create_tensor: source tensor 537/1224 blk.20.ffn_gate_exps.weight
create_tensor: loading tensor blk.20.ffn_up_exps.weight
tensor blk.20.ffn_up_exps.weight (343 MiB iq3_s) buffer type overridden to CUDA_Host
create_tensor: source tensor 538/1224 blk.20.ffn_up_exps.weight
create_tensor: loading tensor blk.20.ffn_gate_inp_shexp.weight
create_tensor: source tensor 539/1224 blk.20.ffn_gate_inp_shexp.weight
create_tensor: loading tensor blk.20.ffn_gate_shexp.weight
create_tensor: source tensor 540/1224 blk.20.ffn_gate_shexp.weight
create_tensor: loading tensor blk.20.ffn_up_shexp.weight
create_tensor: source tensor 541/1224 blk.20.ffn_up_shexp.weight
create_tensor: loading tensor blk.20.ffn_down_shexp.weight
create_tensor: source tensor 542/1224 blk.20.ffn_down_shexp.weight
create_tensor: loading tensor blk.21.hc_attn_norm.weight
create_tensor: source tensor 543/1224 blk.21.hc_attn_norm.weight
create_tensor: loading tensor blk.21.hc_attn_down.weight
create_tensor: source tensor 544/1224 blk.21.hc_attn_down.weight
create_tensor: loading tensor blk.21.hc_attn_up.weight
create_tensor: source tensor 545/1224 blk.21.hc_attn_up.weight
create_tensor: loading tensor blk.21.hc_attn_inject.weight
create_tensor: source tensor 546/1224 blk.21.hc_attn_inject.weight
create_tensor: loading tensor blk.21.hc_ffn_norm.weight
create_tensor: source tensor 547/1224 blk.21.hc_ffn_norm.weight
create_tensor: loading tensor blk.21.hc_ffn_down.weight
create_tensor: source tensor 548/1224 blk.21.hc_ffn_down.weight
create_tensor: loading tensor blk.21.hc_ffn_up.weight
create_tensor: source tensor 549/1224 blk.21.hc_ffn_up.weight
create_tensor: loading tensor blk.21.hc_ffn_inject.weight
create_tensor: source tensor 550/1224 blk.21.hc_ffn_inject.weight
create_tensor: loading tensor blk.21.attn_qkv.weight
create_tensor: source tensor 551/1224 blk.21.attn_qkv.weight
create_tensor: loading tensor blk.21.attn_gate.weight
create_tensor: source tensor 552/1224 blk.21.attn_gate.weight
create_tensor: loading tensor blk.21.ssm_conv1d.weight
create_tensor: source tensor 553/1224 blk.21.ssm_conv1d.weight
create_tensor: loading tensor blk.21.ssm_dt.bias
create_tensor: source tensor 554/1224 blk.21.ssm_dt.bias
create_tensor: loading tensor blk.21.ssm_a
create_tensor: source tensor 555/1224 blk.21.ssm_a
create_tensor: loading tensor blk.21.ssm_beta.weight
create_tensor: source tensor 556/1224 blk.21.ssm_beta.weight
create_tensor: loading tensor blk.21.ssm_alpha.weight
create_tensor: source tensor 557/1224 blk.21.ssm_alpha.weight
create_tensor: loading tensor blk.21.ssm_norm.weight
create_tensor: source tensor 558/1224 blk.21.ssm_norm.weight
create_tensor: loading tensor blk.21.ssm_out.weight
create_tensor: source tensor 559/1224 blk.21.ssm_out.weight
create_tensor: loading tensor blk.21.ffn_gate_inp.weight
create_tensor: source tensor 560/1224 blk.21.ffn_gate_inp.weight
create_tensor: loading tensor blk.21.ffn_down_exps.weight
tensor blk.21.ffn_down_exps.weight (450 MiB iq4_nl) buffer type overridden to CUDA_Host
create_tensor: source tensor 561/1224 blk.21.ffn_down_exps.weight
create_tensor: loading tensor blk.21.ffn_gate_up_exps.weight
create_tensor: loading tensor blk.21.ffn_gate_exps.weight
tensor blk.21.ffn_gate_exps.weight (343 MiB iq3_s) buffer type overridden to CUDA_Host
create_tensor: source tensor 562/1224 blk.21.ffn_gate_exps.weight
create_tensor: loading tensor blk.21.ffn_up_exps.weight
tensor blk.21.ffn_up_exps.weight (343 MiB iq3_s) buffer type overridden to CUDA_Host
create_tensor: source tensor 563/1224 blk.21.ffn_up_exps.weight
create_tensor: loading tensor blk.21.ffn_gate_inp_shexp.weight
create_tensor: source tensor 564/1224 blk.21.ffn_gate_inp_shexp.weight
create_tensor: loading tensor blk.21.ffn_gate_shexp.weight
create_tensor: source tensor 565/1224 blk.21.ffn_gate_shexp.weight
create_tensor: loading tensor blk.21.ffn_up_shexp.weight
create_tensor: source tensor 566/1224 blk.21.ffn_up_shexp.weight
create_tensor: loading tensor blk.21.ffn_down_shexp.weight
create_tensor: source tensor 567/1224 blk.21.ffn_down_shexp.weight
create_tensor: loading tensor blk.22.hc_attn_norm.weight
create_tensor: source tensor 568/1224 blk.22.hc_attn_norm.weight
create_tensor: loading tensor blk.22.hc_attn_down.weight
create_tensor: source tensor 569/1224 blk.22.hc_attn_down.weight
create_tensor: loading tensor blk.22.hc_attn_up.weight
create_tensor: source tensor 570/1224 blk.22.hc_attn_up.weight
create_tensor: loading tensor blk.22.hc_attn_inject.weight
create_tensor: source tensor 571/1224 blk.22.hc_attn_inject.weight
create_tensor: loading tensor blk.22.hc_ffn_norm.weight
create_tensor: source tensor 572/1224 blk.22.hc_ffn_norm.weight
create_tensor: loading tensor blk.22.hc_ffn_down.weight
create_tensor: source tensor 573/1224 blk.22.hc_ffn_down.weight
create_tensor: loading tensor blk.22.hc_ffn_up.weight
create_tensor: source tensor 574/1224 blk.22.hc_ffn_up.weight
create_tensor: loading tensor blk.22.hc_ffn_inject.weight
create_tensor: source tensor 575/1224 blk.22.hc_ffn_inject.weight
create_tensor: loading tensor blk.22.attn_qkv.weight
create_tensor: source tensor 576/1224 blk.22.attn_qkv.weight
create_tensor: loading tensor blk.22.attn_gate.weight
create_tensor: source tensor 577/1224 blk.22.attn_gate.weight
create_tensor: loading tensor blk.22.ssm_conv1d.weight
create_tensor: source tensor 578/1224 blk.22.ssm_conv1d.weight
create_tensor: loading tensor blk.22.ssm_dt.bias
create_tensor: source tensor 579/1224 blk.22.ssm_dt.bias
create_tensor: loading tensor blk.22.ssm_a
create_tensor: source tensor 580/1224 blk.22.ssm_a
create_tensor: loading tensor blk.22.ssm_beta.weight
create_tensor: source tensor 581/1224 blk.22.ssm_beta.weight
create_tensor: loading tensor blk.22.ssm_alpha.weight
create_tensor: source tensor 582/1224 blk.22.ssm_alpha.weight
create_tensor: loading tensor blk.22.ssm_norm.weight
create_tensor: source tensor 583/1224 blk.22.ssm_norm.weight
create_tensor: loading tensor blk.22.ssm_out.weight
create_tensor: source tensor 584/1224 blk.22.ssm_out.weight
create_tensor: loading tensor blk.22.ffn_gate_inp.weight
create_tensor: source tensor 585/1224 blk.22.ffn_gate_inp.weight
create_tensor: loading tensor blk.22.ffn_down_exps.weight
tensor blk.22.ffn_down_exps.weight (450 MiB iq4_nl) buffer type overridden to CUDA_Host
create_tensor: source tensor 586/1224 blk.22.ffn_down_exps.weight
create_tensor: loading tensor blk.22.ffn_gate_up_exps.weight
create_tensor: loading tensor blk.22.ffn_gate_exps.weight
tensor blk.22.ffn_gate_exps.weight (343 MiB iq3_s) buffer type overridden to CUDA_Host
create_tensor: source tensor 587/1224 blk.22.ffn_gate_exps.weight
create_tensor: loading tensor blk.22.ffn_up_exps.weight
tensor blk.22.ffn_up_exps.weight (343 MiB iq3_s) buffer type overridden to CUDA_Host
create_tensor: source tensor 588/1224 blk.22.ffn_up_exps.weight
create_tensor: loading tensor blk.22.ffn_gate_inp_shexp.weight
create_tensor: source tensor 589/1224 blk.22.ffn_gate_inp_shexp.weight
create_tensor: loading tensor blk.22.ffn_gate_shexp.weight
create_tensor: source tensor 590/1224 blk.22.ffn_gate_shexp.weight
create_tensor: loading tensor blk.22.ffn_up_shexp.weight
create_tensor: source tensor 591/1224 blk.22.ffn_up_shexp.weight
create_tensor: loading tensor blk.22.ffn_down_shexp.weight
create_tensor: source tensor 592/1224 blk.22.ffn_down_shexp.weight
create_tensor: loading tensor blk.23.hc_attn_norm.weight
create_tensor: source tensor 593/1224 blk.23.hc_attn_norm.weight
create_tensor: loading tensor blk.23.hc_attn_down.weight
create_tensor: source tensor 594/1224 blk.23.hc_attn_down.weight
create_tensor: loading tensor blk.23.hc_attn_up.weight
create_tensor: source tensor 595/1224 blk.23.hc_attn_up.weight
create_tensor: loading tensor blk.23.hc_attn_inject.weight
create_tensor: source tensor 596/1224 blk.23.hc_attn_inject.weight
create_tensor: loading tensor blk.23.hc_ffn_norm.weight
create_tensor: source tensor 597/1224 blk.23.hc_ffn_norm.weight
create_tensor: loading tensor blk.23.hc_ffn_down.weight
create_tensor: source tensor 598/1224 blk.23.hc_ffn_down.weight
create_tensor: loading tensor blk.23.hc_ffn_up.weight
create_tensor: source tensor 599/1224 blk.23.hc_ffn_up.weight
create_tensor: loading tensor blk.23.hc_ffn_inject.weight
create_tensor: source tensor 600/1224 blk.23.hc_ffn_inject.weight
create_tensor: loading tensor blk.23.attn_qkv.weight
create_tensor: loading tensor blk.23.attn_q.weight
create_tensor: source tensor 601/1224 blk.23.attn_q.weight
create_tensor: loading tensor blk.23.attn_k.weight
create_tensor: source tensor 602/1224 blk.23.attn_k.weight
create_tensor: loading tensor blk.23.attn_v.weight
create_tensor: source tensor 603/1224 blk.23.attn_v.weight
create_tensor: loading tensor blk.23.attn_q.bias
create_tensor: loading tensor blk.23.attn_k.bias
create_tensor: loading tensor blk.23.attn_v.bias
create_tensor: loading tensor blk.23.attn_output.weight
create_tensor: source tensor 604/1224 blk.23.attn_output.weight
create_tensor: loading tensor blk.23.attn_q_norm.weight
create_tensor: source tensor 605/1224 blk.23.attn_q_norm.weight
create_tensor: loading tensor blk.23.attn_k_norm.weight
create_tensor: source tensor 606/1224 blk.23.attn_k_norm.weight
create_tensor: loading tensor blk.23.indexer.q_proj.weight
create_tensor: source tensor 607/1224 blk.23.indexer.q_proj.weight
create_tensor: loading tensor blk.23.indexer.k_proj.weight
create_tensor: source tensor 608/1224 blk.23.indexer.k_proj.weight
create_tensor: loading tensor blk.23.indexer.q_norm.weight
create_tensor: source tensor 609/1224 blk.23.indexer.q_norm.weight
create_tensor: loading tensor blk.23.indexer.k_norm.weight
create_tensor: source tensor 610/1224 blk.23.indexer.k_norm.weight
create_tensor: loading tensor blk.23.ffn_gate_inp.weight
create_tensor: source tensor 611/1224 blk.23.ffn_gate_inp.weight
create_tensor: loading tensor blk.23.ffn_down_exps.weight
tensor blk.23.ffn_down_exps.weight (450 MiB iq4_nl) buffer type overridden to CUDA_Host
create_tensor: source tensor 612/1224 blk.23.ffn_down_exps.weight
create_tensor: loading tensor blk.23.ffn_gate_up_exps.weight
create_tensor: loading tensor blk.23.ffn_gate_exps.weight
tensor blk.23.ffn_gate_exps.weight (343 MiB iq3_s) buffer type overridden to CUDA_Host
create_tensor: source tensor 613/1224 blk.23.ffn_gate_exps.weight
create_tensor: loading tensor blk.23.ffn_up_exps.weight
tensor blk.23.ffn_up_exps.weight (343 MiB iq3_s) buffer type overridden to CUDA_Host
create_tensor: source tensor 614/1224 blk.23.ffn_up_exps.weight
create_tensor: loading tensor blk.23.ffn_gate_inp_shexp.weight
create_tensor: source tensor 615/1224 blk.23.ffn_gate_inp_shexp.weight
create_tensor: loading tensor blk.23.ffn_gate_shexp.weight
create_tensor: source tensor 616/1224 blk.23.ffn_gate_shexp.weight
create_tensor: loading tensor blk.23.ffn_up_shexp.weight
create_tensor: source tensor 617/1224 blk.23.ffn_up_shexp.weight
create_tensor: loading tensor blk.23.ffn_down_shexp.weight
create_tensor: source tensor 618/1224 blk.23.ffn_down_shexp.weight
create_tensor: loading tensor blk.24.hc_attn_norm.weight
create_tensor: source tensor 619/1224 blk.24.hc_attn_norm.weight
create_tensor: loading tensor blk.24.hc_attn_down.weight
create_tensor: source tensor 620/1224 blk.24.hc_attn_down.weight
create_tensor: loading tensor blk.24.hc_attn_up.weight
create_tensor: source tensor 621/1224 blk.24.hc_attn_up.weight
create_tensor: loading tensor blk.24.hc_attn_inject.weight
create_tensor: source tensor 622/1224 blk.24.hc_attn_inject.weight
create_tensor: loading tensor blk.24.hc_ffn_norm.weight
create_tensor: source tensor 623/1224 blk.24.hc_ffn_norm.weight
create_tensor: loading tensor blk.24.hc_ffn_down.weight
create_tensor: source tensor 624/1224 blk.24.hc_ffn_down.weight
create_tensor: loading tensor blk.24.hc_ffn_up.weight
create_tensor: source tensor 625/1224 blk.24.hc_ffn_up.weight
create_tensor: loading tensor blk.24.hc_ffn_inject.weight
create_tensor: source tensor 626/1224 blk.24.hc_ffn_inject.weight
create_tensor: loading tensor blk.24.attn_qkv.weight
create_tensor: source tensor 627/1224 blk.24.attn_qkv.weight
create_tensor: loading tensor blk.24.attn_gate.weight
create_tensor: source tensor 628/1224 blk.24.attn_gate.weight
create_tensor: loading tensor blk.24.ssm_conv1d.weight
create_tensor: source tensor 629/1224 blk.24.ssm_conv1d.weight
create_tensor: loading tensor blk.24.ssm_dt.bias
create_tensor: source tensor 630/1224 blk.24.ssm_dt.bias
create_tensor: loading tensor blk.24.ssm_a
create_tensor: source tensor 631/1224 blk.24.ssm_a
create_tensor: loading tensor blk.24.ssm_beta.weight
create_tensor: source tensor 632/1224 blk.24.ssm_beta.weight
create_tensor: loading tensor blk.24.ssm_alpha.weight
create_tensor: source tensor 633/1224 blk.24.ssm_alpha.weight
create_tensor: loading tensor blk.24.ssm_norm.weight
create_tensor: source tensor 634/1224 blk.24.ssm_norm.weight
create_tensor: loading tensor blk.24.ssm_out.weight
create_tensor: source tensor 635/1224 blk.24.ssm_out.weight
create_tensor: loading tensor blk.24.ffn_gate_inp.weight
create_tensor: source tensor 636/1224 blk.24.ffn_gate_inp.weight
create_tensor: loading tensor blk.24.ffn_down_exps.weight
tensor blk.24.ffn_down_exps.weight (450 MiB iq4_nl) buffer type overridden to CUDA_Host
create_tensor: source tensor 637/1224 blk.24.ffn_down_exps.weight
create_tensor: loading tensor blk.24.ffn_gate_up_exps.weight
create_tensor: loading tensor blk.24.ffn_gate_exps.weight
tensor blk.24.ffn_gate_exps.weight (343 MiB iq3_s) buffer type overridden to CUDA_Host
create_tensor: source tensor 638/1224 blk.24.ffn_gate_exps.weight
create_tensor: loading tensor blk.24.ffn_up_exps.weight
tensor blk.24.ffn_up_exps.weight (343 MiB iq3_s) buffer type overridden to CUDA_Host
create_tensor: source tensor 639/1224 blk.24.ffn_up_exps.weight
create_tensor: loading tensor blk.24.ffn_gate_inp_shexp.weight
create_tensor: source tensor 640/1224 blk.24.ffn_gate_inp_shexp.weight
create_tensor: loading tensor blk.24.ffn_gate_shexp.weight
create_tensor: source tensor 641/1224 blk.24.ffn_gate_shexp.weight
create_tensor: loading tensor blk.24.ffn_up_shexp.weight
create_tensor: source tensor 642/1224 blk.24.ffn_up_shexp.weight
create_tensor: loading tensor blk.24.ffn_down_shexp.weight
create_tensor: source tensor 643/1224 blk.24.ffn_down_shexp.weight
create_tensor: loading tensor blk.25.hc_attn_norm.weight
create_tensor: source tensor 644/1224 blk.25.hc_attn_norm.weight
create_tensor: loading tensor blk.25.hc_attn_down.weight
create_tensor: source tensor 645/1224 blk.25.hc_attn_down.weight
create_tensor: loading tensor blk.25.hc_attn_up.weight
create_tensor: source tensor 646/1224 blk.25.hc_attn_up.weight
create_tensor: loading tensor blk.25.hc_attn_inject.weight
create_tensor: source tensor 647/1224 blk.25.hc_attn_inject.weight
create_tensor: loading tensor blk.25.hc_ffn_norm.weight
create_tensor: source tensor 648/1224 blk.25.hc_ffn_norm.weight
create_tensor: loading tensor blk.25.hc_ffn_down.weight
create_tensor: source tensor 649/1224 blk.25.hc_ffn_down.weight
create_tensor: loading tensor blk.25.hc_ffn_up.weight
create_tensor: source tensor 650/1224 blk.25.hc_ffn_up.weight
create_tensor: loading tensor blk.25.hc_ffn_inject.weight
create_tensor: source tensor 651/1224 blk.25.hc_ffn_inject.weight
create_tensor: loading tensor blk.25.attn_qkv.weight
create_tensor: source tensor 652/1224 blk.25.attn_qkv.weight
create_tensor: loading tensor blk.25.attn_gate.weight
create_tensor: source tensor 653/1224 blk.25.attn_gate.weight
create_tensor: loading tensor blk.25.ssm_conv1d.weight
create_tensor: source tensor 654/1224 blk.25.ssm_conv1d.weight
create_tensor: loading tensor blk.25.ssm_dt.bias
create_tensor: source tensor 655/1224 blk.25.ssm_dt.bias
create_tensor: loading tensor blk.25.ssm_a
create_tensor: source tensor 656/1224 blk.25.ssm_a
create_tensor: loading tensor blk.25.ssm_beta.weight
create_tensor: source tensor 657/1224 blk.25.ssm_beta.weight
create_tensor: loading tensor blk.25.ssm_alpha.weight
create_tensor: source tensor 658/1224 blk.25.ssm_alpha.weight
create_tensor: loading tensor blk.25.ssm_norm.weight
create_tensor: source tensor 659/1224 blk.25.ssm_norm.weight
create_tensor: loading tensor blk.25.ssm_out.weight
create_tensor: source tensor 660/1224 blk.25.ssm_out.weight
create_tensor: loading tensor blk.25.ffn_gate_inp.weight
create_tensor: source tensor 661/1224 blk.25.ffn_gate_inp.weight
create_tensor: loading tensor blk.25.ffn_down_exps.weight
tensor blk.25.ffn_down_exps.weight (450 MiB iq4_nl) buffer type overridden to CUDA_Host
create_tensor: source tensor 662/1224 blk.25.ffn_down_exps.weight
create_tensor: loading tensor blk.25.ffn_gate_up_exps.weight
create_tensor: loading tensor blk.25.ffn_gate_exps.weight
tensor blk.25.ffn_gate_exps.weight (343 MiB iq3_s) buffer type overridden to CUDA_Host
create_tensor: source tensor 663/1224 blk.25.ffn_gate_exps.weight
create_tensor: loading tensor blk.25.ffn_up_exps.weight
tensor blk.25.ffn_up_exps.weight (343 MiB iq3_s) buffer type overridden to CUDA_Host
create_tensor: source tensor 664/1224 blk.25.ffn_up_exps.weight
create_tensor: loading tensor blk.25.ffn_gate_inp_shexp.weight
create_tensor: source tensor 665/1224 blk.25.ffn_gate_inp_shexp.weight
create_tensor: loading tensor blk.25.ffn_gate_shexp.weight
create_tensor: source tensor 666/1224 blk.25.ffn_gate_shexp.weight
create_tensor: loading tensor blk.25.ffn_up_shexp.weight
create_tensor: source tensor 667/1224 blk.25.ffn_up_shexp.weight
create_tensor: loading tensor blk.25.ffn_down_shexp.weight
create_tensor: source tensor 668/1224 blk.25.ffn_down_shexp.weight
create_tensor: loading tensor blk.26.hc_attn_norm.weight
create_tensor: source tensor 669/1224 blk.26.hc_attn_norm.weight
create_tensor: loading tensor blk.26.hc_attn_down.weight
create_tensor: source tensor 670/1224 blk.26.hc_attn_down.weight
create_tensor: loading tensor blk.26.hc_attn_up.weight
create_tensor: source tensor 671/1224 blk.26.hc_attn_up.weight
create_tensor: loading tensor blk.26.hc_attn_inject.weight
create_tensor: source tensor 672/1224 blk.26.hc_attn_inject.weight
create_tensor: loading tensor blk.26.hc_ffn_norm.weight
create_tensor: source tensor 673/1224 blk.26.hc_ffn_norm.weight
create_tensor: loading tensor blk.26.hc_ffn_down.weight
create_tensor: source tensor 674/1224 blk.26.hc_ffn_down.weight
create_tensor: loading tensor blk.26.hc_ffn_up.weight
create_tensor: source tensor 675/1224 blk.26.hc_ffn_up.weight
create_tensor: loading tensor blk.26.hc_ffn_inject.weight
create_tensor: source tensor 676/1224 blk.26.hc_ffn_inject.weight
create_tensor: loading tensor blk.26.attn_qkv.weight
create_tensor: source tensor 677/1224 blk.26.attn_qkv.weight
create_tensor: loading tensor blk.26.attn_gate.weight
create_tensor: source tensor 678/1224 blk.26.attn_gate.weight
create_tensor: loading tensor blk.26.ssm_conv1d.weight
create_tensor: source tensor 679/1224 blk.26.ssm_conv1d.weight
create_tensor: loading tensor blk.26.ssm_dt.bias
create_tensor: source tensor 680/1224 blk.26.ssm_dt.bias
create_tensor: loading tensor blk.26.ssm_a
create_tensor: source tensor 681/1224 blk.26.ssm_a
create_tensor: loading tensor blk.26.ssm_beta.weight
create_tensor: source tensor 682/1224 blk.26.ssm_beta.weight
create_tensor: loading tensor blk.26.ssm_alpha.weight
create_tensor: source tensor 683/1224 blk.26.ssm_alpha.weight
create_tensor: loading tensor blk.26.ssm_norm.weight
create_tensor: source tensor 684/1224 blk.26.ssm_norm.weight
create_tensor: loading tensor blk.26.ssm_out.weight
create_tensor: source tensor 685/1224 blk.26.ssm_out.weight
create_tensor: loading tensor blk.26.ffn_gate_inp.weight
create_tensor: source tensor 686/1224 blk.26.ffn_gate_inp.weight
create_tensor: loading tensor blk.26.ffn_down_exps.weight
tensor blk.26.ffn_down_exps.weight (450 MiB iq4_nl) buffer type overridden to CUDA_Host
create_tensor: source tensor 687/1224 blk.26.ffn_down_exps.weight
create_tensor: loading tensor blk.26.ffn_gate_up_exps.weight
create_tensor: loading tensor blk.26.ffn_gate_exps.weight
tensor blk.26.ffn_gate_exps.weight (343 MiB iq3_s) buffer type overridden to CUDA_Host
create_tensor: source tensor 688/1224 blk.26.ffn_gate_exps.weight
create_tensor: loading tensor blk.26.ffn_up_exps.weight
tensor blk.26.ffn_up_exps.weight (343 MiB iq3_s) buffer type overridden to CUDA_Host
create_tensor: source tensor 689/1224 blk.26.ffn_up_exps.weight
create_tensor: loading tensor blk.26.ffn_gate_inp_shexp.weight
create_tensor: source tensor 690/1224 blk.26.ffn_gate_inp_shexp.weight
create_tensor: loading tensor blk.26.ffn_gate_shexp.weight
create_tensor: source tensor 691/1224 blk.26.ffn_gate_shexp.weight
create_tensor: loading tensor blk.26.ffn_up_shexp.weight
create_tensor: source tensor 692/1224 blk.26.ffn_up_shexp.weight
create_tensor: loading tensor blk.26.ffn_down_shexp.weight
create_tensor: source tensor 693/1224 blk.26.ffn_down_shexp.weight
create_tensor: loading tensor blk.27.hc_attn_norm.weight
create_tensor: source tensor 694/1224 blk.27.hc_attn_norm.weight
create_tensor: loading tensor blk.27.hc_attn_down.weight
create_tensor: source tensor 695/1224 blk.27.hc_attn_down.weight
create_tensor: loading tensor blk.27.hc_attn_up.weight
create_tensor: source tensor 696/1224 blk.27.hc_attn_up.weight
create_tensor: loading tensor blk.27.hc_attn_inject.weight
create_tensor: source tensor 697/1224 blk.27.hc_attn_inject.weight
create_tensor: loading tensor blk.27.hc_ffn_norm.weight
create_tensor: source tensor 698/1224 blk.27.hc_ffn_norm.weight
create_tensor: loading tensor blk.27.hc_ffn_down.weight
create_tensor: source tensor 699/1224 blk.27.hc_ffn_down.weight
create_tensor: loading tensor blk.27.hc_ffn_up.weight
create_tensor: source tensor 700/1224 blk.27.hc_ffn_up.weight
create_tensor: loading tensor blk.27.hc_ffn_inject.weight
create_tensor: source tensor 701/1224 blk.27.hc_ffn_inject.weight
create_tensor: loading tensor blk.27.attn_qkv.weight
create_tensor: loading tensor blk.27.attn_q.weight
create_tensor: source tensor 702/1224 blk.27.attn_q.weight
create_tensor: loading tensor blk.27.attn_k.weight
create_tensor: source tensor 703/1224 blk.27.attn_k.weight
create_tensor: loading tensor blk.27.attn_v.weight
create_tensor: source tensor 704/1224 blk.27.attn_v.weight
create_tensor: loading tensor blk.27.attn_q.bias
create_tensor: loading tensor blk.27.attn_k.bias
create_tensor: loading tensor blk.27.attn_v.bias
create_tensor: loading tensor blk.27.attn_output.weight
create_tensor: source tensor 705/1224 blk.27.attn_output.weight
create_tensor: loading tensor blk.27.attn_q_norm.weight
create_tensor: source tensor 706/1224 blk.27.attn_q_norm.weight
create_tensor: loading tensor blk.27.attn_k_norm.weight
create_tensor: source tensor 707/1224 blk.27.attn_k_norm.weight
create_tensor: loading tensor blk.27.indexer.q_proj.weight
create_tensor: source tensor 708/1224 blk.27.indexer.q_proj.weight
create_tensor: loading tensor blk.27.indexer.k_proj.weight
create_tensor: source tensor 709/1224 blk.27.indexer.k_proj.weight
create_tensor: loading tensor blk.27.indexer.q_norm.weight
create_tensor: source tensor 710/1224 blk.27.indexer.q_norm.weight
create_tensor: loading tensor blk.27.indexer.k_norm.weight
create_tensor: source tensor 711/1224 blk.27.indexer.k_norm.weight
create_tensor: loading tensor blk.27.ffn_gate_inp.weight
create_tensor: source tensor 712/1224 blk.27.ffn_gate_inp.weight
create_tensor: loading tensor blk.27.ffn_down_exps.weight
tensor blk.27.ffn_down_exps.weight (450 MiB iq4_nl) buffer type overridden to CUDA_Host
create_tensor: source tensor 713/1224 blk.27.ffn_down_exps.weight
create_tensor: loading tensor blk.27.ffn_gate_up_exps.weight
create_tensor: loading tensor blk.27.ffn_gate_exps.weight
tensor blk.27.ffn_gate_exps.weight (343 MiB iq3_s) buffer type overridden to CUDA_Host
create_tensor: source tensor 714/1224 blk.27.ffn_gate_exps.weight
create_tensor: loading tensor blk.27.ffn_up_exps.weight
tensor blk.27.ffn_up_exps.weight (343 MiB iq3_s) buffer type overridden to CUDA_Host
create_tensor: source tensor 715/1224 blk.27.ffn_up_exps.weight
create_tensor: loading tensor blk.27.ffn_gate_inp_shexp.weight
create_tensor: source tensor 716/1224 blk.27.ffn_gate_inp_shexp.weight
create_tensor: loading tensor blk.27.ffn_gate_shexp.weight
create_tensor: source tensor 717/1224 blk.27.ffn_gate_shexp.weight
create_tensor: loading tensor blk.27.ffn_up_shexp.weight
create_tensor: source tensor 718/1224 blk.27.ffn_up_shexp.weight
create_tensor: loading tensor blk.27.ffn_down_shexp.weight
create_tensor: source tensor 719/1224 blk.27.ffn_down_shexp.weight
create_tensor: loading tensor blk.28.hc_attn_norm.weight
create_tensor: source tensor 720/1224 blk.28.hc_attn_norm.weight
create_tensor: loading tensor blk.28.hc_attn_down.weight
create_tensor: source tensor 721/1224 blk.28.hc_attn_down.weight
create_tensor: loading tensor blk.28.hc_attn_up.weight
create_tensor: source tensor 722/1224 blk.28.hc_attn_up.weight
create_tensor: loading tensor blk.28.hc_attn_inject.weight
create_tensor: source tensor 723/1224 blk.28.hc_attn_inject.weight
create_tensor: loading tensor blk.28.hc_ffn_norm.weight
create_tensor: source tensor 724/1224 blk.28.hc_ffn_norm.weight
create_tensor: loading tensor blk.28.hc_ffn_down.weight
create_tensor: source tensor 725/1224 blk.28.hc_ffn_down.weight
create_tensor: loading tensor blk.28.hc_ffn_up.weight
create_tensor: source tensor 726/1224 blk.28.hc_ffn_up.weight
create_tensor: loading tensor blk.28.hc_ffn_inject.weight
create_tensor: source tensor 727/1224 blk.28.hc_ffn_inject.weight
create_tensor: loading tensor blk.28.attn_qkv.weight
create_tensor: source tensor 728/1224 blk.28.attn_qkv.weight
create_tensor: loading tensor blk.28.attn_gate.weight
create_tensor: source tensor 729/1224 blk.28.attn_gate.weight
create_tensor: loading tensor blk.28.ssm_conv1d.weight
create_tensor: source tensor 730/1224 blk.28.ssm_conv1d.weight
create_tensor: loading tensor blk.28.ssm_dt.bias
create_tensor: source tensor 731/1224 blk.28.ssm_dt.bias
create_tensor: loading tensor blk.28.ssm_a
create_tensor: source tensor 732/1224 blk.28.ssm_a
create_tensor: loading tensor blk.28.ssm_beta.weight
create_tensor: source tensor 733/1224 blk.28.ssm_beta.weight
create_tensor: loading tensor blk.28.ssm_alpha.weight
create_tensor: source tensor 734/1224 blk.28.ssm_alpha.weight
create_tensor: loading tensor blk.28.ssm_norm.weight
create_tensor: source tensor 735/1224 blk.28.ssm_norm.weight
create_tensor: loading tensor blk.28.ssm_out.weight
create_tensor: source tensor 736/1224 blk.28.ssm_out.weight
create_tensor: loading tensor blk.28.ffn_gate_inp.weight
create_tensor: source tensor 737/1224 blk.28.ffn_gate_inp.weight
create_tensor: loading tensor blk.28.ffn_down_exps.weight
tensor blk.28.ffn_down_exps.weight (450 MiB iq4_nl) buffer type overridden to CUDA_Host
create_tensor: source tensor 738/1224 blk.28.ffn_down_exps.weight
create_tensor: loading tensor blk.28.ffn_gate_up_exps.weight
create_tensor: loading tensor blk.28.ffn_gate_exps.weight
tensor blk.28.ffn_gate_exps.weight (343 MiB iq3_s) buffer type overridden to CUDA_Host
create_tensor: source tensor 739/1224 blk.28.ffn_gate_exps.weight
create_tensor: loading tensor blk.28.ffn_up_exps.weight
tensor blk.28.ffn_up_exps.weight (343 MiB iq3_s) buffer type overridden to CUDA_Host
create_tensor: source tensor 740/1224 blk.28.ffn_up_exps.weight
create_tensor: loading tensor blk.28.ffn_gate_inp_shexp.weight
create_tensor: source tensor 741/1224 blk.28.ffn_gate_inp_shexp.weight
create_tensor: loading tensor blk.28.ffn_gate_shexp.weight
create_tensor: source tensor 742/1224 blk.28.ffn_gate_shexp.weight
create_tensor: loading tensor blk.28.ffn_up_shexp.weight
create_tensor: source tensor 743/1224 blk.28.ffn_up_shexp.weight
create_tensor: loading tensor blk.28.ffn_down_shexp.weight
create_tensor: source tensor 744/1224 blk.28.ffn_down_shexp.weight
create_tensor: loading tensor blk.29.hc_attn_norm.weight
create_tensor: source tensor 745/1224 blk.29.hc_attn_norm.weight
create_tensor: loading tensor blk.29.hc_attn_down.weight
create_tensor: source tensor 746/1224 blk.29.hc_attn_down.weight
create_tensor: loading tensor blk.29.hc_attn_up.weight
create_tensor: source tensor 747/1224 blk.29.hc_attn_up.weight
create_tensor: loading tensor blk.29.hc_attn_inject.weight
create_tensor: source tensor 748/1224 blk.29.hc_attn_inject.weight
create_tensor: loading tensor blk.29.hc_ffn_norm.weight
create_tensor: source tensor 749/1224 blk.29.hc_ffn_norm.weight
create_tensor: loading tensor blk.29.hc_ffn_down.weight
create_tensor: source tensor 750/1224 blk.29.hc_ffn_down.weight
create_tensor: loading tensor blk.29.hc_ffn_up.weight
create_tensor: source tensor 751/1224 blk.29.hc_ffn_up.weight
create_tensor: loading tensor blk.29.hc_ffn_inject.weight
create_tensor: source tensor 752/1224 blk.29.hc_ffn_inject.weight
create_tensor: loading tensor blk.29.attn_qkv.weight
create_tensor: source tensor 753/1224 blk.29.attn_qkv.weight
create_tensor: loading tensor blk.29.attn_gate.weight
create_tensor: source tensor 754/1224 blk.29.attn_gate.weight
create_tensor: loading tensor blk.29.ssm_conv1d.weight
create_tensor: source tensor 755/1224 blk.29.ssm_conv1d.weight
create_tensor: loading tensor blk.29.ssm_dt.bias
create_tensor: source tensor 756/1224 blk.29.ssm_dt.bias
create_tensor: loading tensor blk.29.ssm_a
create_tensor: source tensor 757/1224 blk.29.ssm_a
create_tensor: loading tensor blk.29.ssm_beta.weight
create_tensor: source tensor 758/1224 blk.29.ssm_beta.weight
create_tensor: loading tensor blk.29.ssm_alpha.weight
create_tensor: source tensor 759/1224 blk.29.ssm_alpha.weight
create_tensor: loading tensor blk.29.ssm_norm.weight
create_tensor: source tensor 760/1224 blk.29.ssm_norm.weight
create_tensor: loading tensor blk.29.ssm_out.weight
create_tensor: source tensor 761/1224 blk.29.ssm_out.weight
create_tensor: loading tensor blk.29.ffn_gate_inp.weight
create_tensor: source tensor 762/1224 blk.29.ffn_gate_inp.weight
create_tensor: loading tensor blk.29.ffn_down_exps.weight
tensor blk.29.ffn_down_exps.weight (450 MiB iq4_nl) buffer type overridden to CUDA_Host
create_tensor: source tensor 763/1224 blk.29.ffn_down_exps.weight
create_tensor: loading tensor blk.29.ffn_gate_up_exps.weight
create_tensor: loading tensor blk.29.ffn_gate_exps.weight
tensor blk.29.ffn_gate_exps.weight (343 MiB iq3_s) buffer type overridden to CUDA_Host
create_tensor: source tensor 764/1224 blk.29.ffn_gate_exps.weight
create_tensor: loading tensor blk.29.ffn_up_exps.weight
tensor blk.29.ffn_up_exps.weight (343 MiB iq3_s) buffer type overridden to CUDA_Host
create_tensor: source tensor 765/1224 blk.29.ffn_up_exps.weight
create_tensor: loading tensor blk.29.ffn_gate_inp_shexp.weight
create_tensor: source tensor 766/1224 blk.29.ffn_gate_inp_shexp.weight
create_tensor: loading tensor blk.29.ffn_gate_shexp.weight
create_tensor: source tensor 767/1224 blk.29.ffn_gate_shexp.weight
create_tensor: loading tensor blk.29.ffn_up_shexp.weight
create_tensor: source tensor 768/1224 blk.29.ffn_up_shexp.weight
create_tensor: loading tensor blk.29.ffn_down_shexp.weight
create_tensor: source tensor 769/1224 blk.29.ffn_down_shexp.weight
create_tensor: loading tensor blk.30.hc_attn_norm.weight
create_tensor: source tensor 770/1224 blk.30.hc_attn_norm.weight
create_tensor: loading tensor blk.30.hc_attn_down.weight
create_tensor: source tensor 771/1224 blk.30.hc_attn_down.weight
create_tensor: loading tensor blk.30.hc_attn_up.weight
create_tensor: source tensor 772/1224 blk.30.hc_attn_up.weight
create_tensor: loading tensor blk.30.hc_attn_inject.weight
create_tensor: source tensor 773/1224 blk.30.hc_attn_inject.weight
create_tensor: loading tensor blk.30.hc_ffn_norm.weight
create_tensor: source tensor 774/1224 blk.30.hc_ffn_norm.weight
create_tensor: loading tensor blk.30.hc_ffn_down.weight
create_tensor: source tensor 775/1224 blk.30.hc_ffn_down.weight
create_tensor: loading tensor blk.30.hc_ffn_up.weight
create_tensor: source tensor 776/1224 blk.30.hc_ffn_up.weight
create_tensor: loading tensor blk.30.hc_ffn_inject.weight
create_tensor: source tensor 777/1224 blk.30.hc_ffn_inject.weight
create_tensor: loading tensor blk.30.attn_qkv.weight
create_tensor: source tensor 778/1224 blk.30.attn_qkv.weight
create_tensor: loading tensor blk.30.attn_gate.weight
create_tensor: source tensor 779/1224 blk.30.attn_gate.weight
create_tensor: loading tensor blk.30.ssm_conv1d.weight
create_tensor: source tensor 780/1224 blk.30.ssm_conv1d.weight
create_tensor: loading tensor blk.30.ssm_dt.bias
create_tensor: source tensor 781/1224 blk.30.ssm_dt.bias
create_tensor: loading tensor blk.30.ssm_a
create_tensor: source tensor 782/1224 blk.30.ssm_a
create_tensor: loading tensor blk.30.ssm_beta.weight
create_tensor: source tensor 783/1224 blk.30.ssm_beta.weight
create_tensor: loading tensor blk.30.ssm_alpha.weight
create_tensor: source tensor 784/1224 blk.30.ssm_alpha.weight
create_tensor: loading tensor blk.30.ssm_norm.weight
create_tensor: source tensor 785/1224 blk.30.ssm_norm.weight
create_tensor: loading tensor blk.30.ssm_out.weight
create_tensor: source tensor 786/1224 blk.30.ssm_out.weight
create_tensor: loading tensor blk.30.ffn_gate_inp.weight
create_tensor: source tensor 787/1224 blk.30.ffn_gate_inp.weight
create_tensor: loading tensor blk.30.ffn_down_exps.weight
tensor blk.30.ffn_down_exps.weight (850 MiB q8_0) buffer type overridden to CUDA_Host
create_tensor: source tensor 788/1224 blk.30.ffn_down_exps.weight
create_tensor: loading tensor blk.30.ffn_gate_up_exps.weight
create_tensor: loading tensor blk.30.ffn_gate_exps.weight
tensor blk.30.ffn_gate_exps.weight (343 MiB iq3_s) buffer type overridden to CUDA_Host
create_tensor: source tensor 789/1224 blk.30.ffn_gate_exps.weight
create_tensor: loading tensor blk.30.ffn_up_exps.weight
tensor blk.30.ffn_up_exps.weight (343 MiB iq3_s) buffer type overridden to CUDA_Host
create_tensor: source tensor 790/1224 blk.30.ffn_up_exps.weight
create_tensor: loading tensor blk.30.ffn_gate_inp_shexp.weight
create_tensor: source tensor 791/1224 blk.30.ffn_gate_inp_shexp.weight
create_tensor: loading tensor blk.30.ffn_gate_shexp.weight
create_tensor: source tensor 792/1224 blk.30.ffn_gate_shexp.weight
create_tensor: loading tensor blk.30.ffn_up_shexp.weight
create_tensor: source tensor 793/1224 blk.30.ffn_up_shexp.weight
create_tensor: loading tensor blk.30.ffn_down_shexp.weight
create_tensor: source tensor 794/1224 blk.30.ffn_down_shexp.weight
create_tensor: loading tensor blk.31.hc_attn_norm.weight
create_tensor: source tensor 795/1224 blk.31.hc_attn_norm.weight
create_tensor: loading tensor blk.31.hc_attn_down.weight
create_tensor: source tensor 796/1224 blk.31.hc_attn_down.weight
create_tensor: loading tensor blk.31.hc_attn_up.weight
create_tensor: source tensor 797/1224 blk.31.hc_attn_up.weight
create_tensor: loading tensor blk.31.hc_attn_inject.weight
create_tensor: source tensor 798/1224 blk.31.hc_attn_inject.weight
create_tensor: loading tensor blk.31.hc_ffn_norm.weight
create_tensor: source tensor 799/1224 blk.31.hc_ffn_norm.weight
create_tensor: loading tensor blk.31.hc_ffn_down.weight
create_tensor: source tensor 800/1224 blk.31.hc_ffn_down.weight
create_tensor: loading tensor blk.31.hc_ffn_up.weight
create_tensor: source tensor 801/1224 blk.31.hc_ffn_up.weight
create_tensor: loading tensor blk.31.hc_ffn_inject.weight
create_tensor: source tensor 802/1224 blk.31.hc_ffn_inject.weight
create_tensor: loading tensor blk.31.attn_qkv.weight
create_tensor: loading tensor blk.31.attn_q.weight
create_tensor: source tensor 803/1224 blk.31.attn_q.weight
create_tensor: loading tensor blk.31.attn_k.weight
create_tensor: source tensor 804/1224 blk.31.attn_k.weight
create_tensor: loading tensor blk.31.attn_v.weight
create_tensor: source tensor 805/1224 blk.31.attn_v.weight
create_tensor: loading tensor blk.31.attn_q.bias
create_tensor: loading tensor blk.31.attn_k.bias
create_tensor: loading tensor blk.31.attn_v.bias
create_tensor: loading tensor blk.31.attn_output.weight
create_tensor: source tensor 806/1224 blk.31.attn_output.weight
create_tensor: loading tensor blk.31.attn_q_norm.weight
create_tensor: source tensor 807/1224 blk.31.attn_q_norm.weight
create_tensor: loading tensor blk.31.attn_k_norm.weight
create_tensor: source tensor 808/1224 blk.31.attn_k_norm.weight
create_tensor: loading tensor blk.31.indexer.q_proj.weight
create_tensor: source tensor 809/1224 blk.31.indexer.q_proj.weight
create_tensor: loading tensor blk.31.indexer.k_proj.weight
create_tensor: source tensor 810/1224 blk.31.indexer.k_proj.weight
create_tensor: loading tensor blk.31.indexer.q_norm.weight
create_tensor: source tensor 811/1224 blk.31.indexer.q_norm.weight
create_tensor: loading tensor blk.31.indexer.k_norm.weight
create_tensor: source tensor 812/1224 blk.31.indexer.k_norm.weight
create_tensor: loading tensor blk.31.ffn_gate_inp.weight
create_tensor: source tensor 813/1224 blk.31.ffn_gate_inp.weight
create_tensor: loading tensor blk.31.ffn_down_exps.weight
tensor blk.31.ffn_down_exps.weight (450 MiB iq4_nl) buffer type overridden to CUDA_Host
create_tensor: source tensor 814/1224 blk.31.ffn_down_exps.weight
create_tensor: loading tensor blk.31.ffn_gate_up_exps.weight
create_tensor: loading tensor blk.31.ffn_gate_exps.weight
tensor blk.31.ffn_gate_exps.weight (343 MiB iq3_s) buffer type overridden to CUDA_Host
create_tensor: source tensor 815/1224 blk.31.ffn_gate_exps.weight
create_tensor: loading tensor blk.31.ffn_up_exps.weight
tensor blk.31.ffn_up_exps.weight (343 MiB iq3_s) buffer type overridden to CUDA_Host
create_tensor: source tensor 816/1224 blk.31.ffn_up_exps.weight
create_tensor: loading tensor blk.31.ffn_gate_inp_shexp.weight
create_tensor: source tensor 817/1224 blk.31.ffn_gate_inp_shexp.weight
create_tensor: loading tensor blk.31.ffn_gate_shexp.weight
create_tensor: source tensor 818/1224 blk.31.ffn_gate_shexp.weight
create_tensor: loading tensor blk.31.ffn_up_shexp.weight
create_tensor: source tensor 819/1224 blk.31.ffn_up_shexp.weight
create_tensor: loading tensor blk.31.ffn_down_shexp.weight
create_tensor: source tensor 820/1224 blk.31.ffn_down_shexp.weight
create_tensor: loading tensor blk.32.hc_attn_norm.weight
create_tensor: source tensor 821/1224 blk.32.hc_attn_norm.weight
create_tensor: loading tensor blk.32.hc_attn_down.weight
create_tensor: source tensor 822/1224 blk.32.hc_attn_down.weight
create_tensor: loading tensor blk.32.hc_attn_up.weight
create_tensor: source tensor 823/1224 blk.32.hc_attn_up.weight
create_tensor: loading tensor blk.32.hc_attn_inject.weight
create_tensor: source tensor 824/1224 blk.32.hc_attn_inject.weight
create_tensor: loading tensor blk.32.hc_ffn_norm.weight
create_tensor: source tensor 825/1224 blk.32.hc_ffn_norm.weight
create_tensor: loading tensor blk.32.hc_ffn_down.weight
create_tensor: source tensor 826/1224 blk.32.hc_ffn_down.weight
create_tensor: loading tensor blk.32.hc_ffn_up.weight
create_tensor: source tensor 827/1224 blk.32.hc_ffn_up.weight
create_tensor: loading tensor blk.32.hc_ffn_inject.weight
create_tensor: source tensor 828/1224 blk.32.hc_ffn_inject.weight
create_tensor: loading tensor blk.32.attn_qkv.weight
create_tensor: source tensor 829/1224 blk.32.attn_qkv.weight
create_tensor: loading tensor blk.32.attn_gate.weight
create_tensor: source tensor 830/1224 blk.32.attn_gate.weight
create_tensor: loading tensor blk.32.ssm_conv1d.weight
create_tensor: source tensor 831/1224 blk.32.ssm_conv1d.weight
create_tensor: loading tensor blk.32.ssm_dt.bias
create_tensor: source tensor 832/1224 blk.32.ssm_dt.bias
create_tensor: loading tensor blk.32.ssm_a
create_tensor: source tensor 833/1224 blk.32.ssm_a
create_tensor: loading tensor blk.32.ssm_beta.weight
create_tensor: source tensor 834/1224 blk.32.ssm_beta.weight
create_tensor: loading tensor blk.32.ssm_alpha.weight
create_tensor: source tensor 835/1224 blk.32.ssm_alpha.weight
create_tensor: loading tensor blk.32.ssm_norm.weight
create_tensor: source tensor 836/1224 blk.32.ssm_norm.weight
create_tensor: loading tensor blk.32.ssm_out.weight
create_tensor: source tensor 837/1224 blk.32.ssm_out.weight
create_tensor: loading tensor blk.32.ffn_gate_inp.weight
create_tensor: source tensor 838/1224 blk.32.ffn_gate_inp.weight
create_tensor: loading tensor blk.32.ffn_down_exps.weight
tensor blk.32.ffn_down_exps.weight (450 MiB iq4_nl) buffer type overridden to CUDA_Host
create_tensor: source tensor 839/1224 blk.32.ffn_down_exps.weight
create_tensor: loading tensor blk.32.ffn_gate_up_exps.weight
create_tensor: loading tensor blk.32.ffn_gate_exps.weight
tensor blk.32.ffn_gate_exps.weight (343 MiB iq3_s) buffer type overridden to CUDA_Host
create_tensor: source tensor 840/1224 blk.32.ffn_gate_exps.weight
create_tensor: loading tensor blk.32.ffn_up_exps.weight
tensor blk.32.ffn_up_exps.weight (343 MiB iq3_s) buffer type overridden to CUDA_Host
create_tensor: source tensor 841/1224 blk.32.ffn_up_exps.weight
create_tensor: loading tensor blk.32.ffn_gate_inp_shexp.weight
create_tensor: source tensor 842/1224 blk.32.ffn_gate_inp_shexp.weight
create_tensor: loading tensor blk.32.ffn_gate_shexp.weight
create_tensor: source tensor 843/1224 blk.32.ffn_gate_shexp.weight
create_tensor: loading tensor blk.32.ffn_up_shexp.weight
create_tensor: source tensor 844/1224 blk.32.ffn_up_shexp.weight
create_tensor: loading tensor blk.32.ffn_down_shexp.weight
create_tensor: source tensor 845/1224 blk.32.ffn_down_shexp.weight
create_tensor: loading tensor blk.33.hc_attn_norm.weight
create_tensor: source tensor 846/1224 blk.33.hc_attn_norm.weight
create_tensor: loading tensor blk.33.hc_attn_down.weight
create_tensor: source tensor 847/1224 blk.33.hc_attn_down.weight
create_tensor: loading tensor blk.33.hc_attn_up.weight
create_tensor: source tensor 848/1224 blk.33.hc_attn_up.weight
create_tensor: loading tensor blk.33.hc_attn_inject.weight
create_tensor: source tensor 849/1224 blk.33.hc_attn_inject.weight
create_tensor: loading tensor blk.33.hc_ffn_norm.weight
create_tensor: source tensor 850/1224 blk.33.hc_ffn_norm.weight
create_tensor: loading tensor blk.33.hc_ffn_down.weight
create_tensor: source tensor 851/1224 blk.33.hc_ffn_down.weight
create_tensor: loading tensor blk.33.hc_ffn_up.weight
create_tensor: source tensor 852/1224 blk.33.hc_ffn_up.weight
create_tensor: loading tensor blk.33.hc_ffn_inject.weight
create_tensor: source tensor 853/1224 blk.33.hc_ffn_inject.weight
create_tensor: loading tensor blk.33.attn_qkv.weight
create_tensor: source tensor 854/1224 blk.33.attn_qkv.weight
create_tensor: loading tensor blk.33.attn_gate.weight
create_tensor: source tensor 855/1224 blk.33.attn_gate.weight
create_tensor: loading tensor blk.33.ssm_conv1d.weight
create_tensor: source tensor 856/1224 blk.33.ssm_conv1d.weight
create_tensor: loading tensor blk.33.ssm_dt.bias
create_tensor: source tensor 857/1224 blk.33.ssm_dt.bias
create_tensor: loading tensor blk.33.ssm_a
create_tensor: source tensor 858/1224 blk.33.ssm_a
create_tensor: loading tensor blk.33.ssm_beta.weight
create_tensor: source tensor 859/1224 blk.33.ssm_beta.weight
create_tensor: loading tensor blk.33.ssm_alpha.weight
create_tensor: source tensor 860/1224 blk.33.ssm_alpha.weight
create_tensor: loading tensor blk.33.ssm_norm.weight
create_tensor: source tensor 861/1224 blk.33.ssm_norm.weight
create_tensor: loading tensor blk.33.ssm_out.weight
create_tensor: source tensor 862/1224 blk.33.ssm_out.weight
create_tensor: loading tensor blk.33.ffn_gate_inp.weight
create_tensor: source tensor 863/1224 blk.33.ffn_gate_inp.weight
create_tensor: loading tensor blk.33.ffn_down_exps.weight
tensor blk.33.ffn_down_exps.weight (450 MiB iq4_nl) buffer type overridden to CUDA_Host
create_tensor: source tensor 864/1224 blk.33.ffn_down_exps.weight
create_tensor: loading tensor blk.33.ffn_gate_up_exps.weight
create_tensor: loading tensor blk.33.ffn_gate_exps.weight
tensor blk.33.ffn_gate_exps.weight (343 MiB iq3_s) buffer type overridden to CUDA_Host
create_tensor: source tensor 865/1224 blk.33.ffn_gate_exps.weight
create_tensor: loading tensor blk.33.ffn_up_exps.weight
tensor blk.33.ffn_up_exps.weight (343 MiB iq3_s) buffer type overridden to CUDA_Host
create_tensor: source tensor 866/1224 blk.33.ffn_up_exps.weight
create_tensor: loading tensor blk.33.ffn_gate_inp_shexp.weight
create_tensor: source tensor 867/1224 blk.33.ffn_gate_inp_shexp.weight
create_tensor: loading tensor blk.33.ffn_gate_shexp.weight
create_tensor: source tensor 868/1224 blk.33.ffn_gate_shexp.weight
create_tensor: loading tensor blk.33.ffn_up_shexp.weight
create_tensor: source tensor 869/1224 blk.33.ffn_up_shexp.weight
create_tensor: loading tensor blk.33.ffn_down_shexp.weight
create_tensor: source tensor 870/1224 blk.33.ffn_down_shexp.weight
create_tensor: loading tensor blk.34.hc_attn_norm.weight
create_tensor: source tensor 871/1224 blk.34.hc_attn_norm.weight
create_tensor: loading tensor blk.34.hc_attn_down.weight
create_tensor: source tensor 872/1224 blk.34.hc_attn_down.weight
create_tensor: loading tensor blk.34.hc_attn_up.weight
create_tensor: source tensor 873/1224 blk.34.hc_attn_up.weight
create_tensor: loading tensor blk.34.hc_attn_inject.weight
create_tensor: source tensor 874/1224 blk.34.hc_attn_inject.weight
create_tensor: loading tensor blk.34.hc_ffn_norm.weight
create_tensor: source tensor 875/1224 blk.34.hc_ffn_norm.weight
create_tensor: loading tensor blk.34.hc_ffn_down.weight
create_tensor: source tensor 876/1224 blk.34.hc_ffn_down.weight
create_tensor: loading tensor blk.34.hc_ffn_up.weight
create_tensor: source tensor 877/1224 blk.34.hc_ffn_up.weight
create_tensor: loading tensor blk.34.hc_ffn_inject.weight
create_tensor: source tensor 878/1224 blk.34.hc_ffn_inject.weight
create_tensor: loading tensor blk.34.attn_qkv.weight
create_tensor: source tensor 879/1224 blk.34.attn_qkv.weight
create_tensor: loading tensor blk.34.attn_gate.weight
create_tensor: source tensor 880/1224 blk.34.attn_gate.weight
create_tensor: loading tensor blk.34.ssm_conv1d.weight
create_tensor: source tensor 881/1224 blk.34.ssm_conv1d.weight
create_tensor: loading tensor blk.34.ssm_dt.bias
create_tensor: source tensor 882/1224 blk.34.ssm_dt.bias
create_tensor: loading tensor blk.34.ssm_a
create_tensor: source tensor 883/1224 blk.34.ssm_a
create_tensor: loading tensor blk.34.ssm_beta.weight
create_tensor: source tensor 884/1224 blk.34.ssm_beta.weight
create_tensor: loading tensor blk.34.ssm_alpha.weight
create_tensor: source tensor 885/1224 blk.34.ssm_alpha.weight
create_tensor: loading tensor blk.34.ssm_norm.weight
create_tensor: source tensor 886/1224 blk.34.ssm_norm.weight
create_tensor: loading tensor blk.34.ssm_out.weight
create_tensor: source tensor 887/1224 blk.34.ssm_out.weight
create_tensor: loading tensor blk.34.ffn_gate_inp.weight
create_tensor: source tensor 888/1224 blk.34.ffn_gate_inp.weight
create_tensor: loading tensor blk.34.ffn_down_exps.weight
tensor blk.34.ffn_down_exps.weight (450 MiB iq4_nl) buffer type overridden to CUDA_Host
create_tensor: source tensor 889/1224 blk.34.ffn_down_exps.weight
create_tensor: loading tensor blk.34.ffn_gate_up_exps.weight
create_tensor: loading tensor blk.34.ffn_gate_exps.weight
tensor blk.34.ffn_gate_exps.weight (343 MiB iq3_s) buffer type overridden to CUDA_Host
create_tensor: source tensor 890/1224 blk.34.ffn_gate_exps.weight
create_tensor: loading tensor blk.34.ffn_up_exps.weight
tensor blk.34.ffn_up_exps.weight (343 MiB iq3_s) buffer type overridden to CUDA_Host
create_tensor: source tensor 891/1224 blk.34.ffn_up_exps.weight
create_tensor: loading tensor blk.34.ffn_gate_inp_shexp.weight
create_tensor: source tensor 892/1224 blk.34.ffn_gate_inp_shexp.weight
create_tensor: loading tensor blk.34.ffn_gate_shexp.weight
create_tensor: source tensor 893/1224 blk.34.ffn_gate_shexp.weight
create_tensor: loading tensor blk.34.ffn_up_shexp.weight
create_tensor: source tensor 894/1224 blk.34.ffn_up_shexp.weight
create_tensor: loading tensor blk.34.ffn_down_shexp.weight
create_tensor: source tensor 895/1224 blk.34.ffn_down_shexp.weight
create_tensor: loading tensor blk.35.hc_attn_norm.weight
create_tensor: source tensor 896/1224 blk.35.hc_attn_norm.weight
create_tensor: loading tensor blk.35.hc_attn_down.weight
create_tensor: source tensor 897/1224 blk.35.hc_attn_down.weight
create_tensor: loading tensor blk.35.hc_attn_up.weight
create_tensor: source tensor 898/1224 blk.35.hc_attn_up.weight
create_tensor: loading tensor blk.35.hc_attn_inject.weight
create_tensor: source tensor 899/1224 blk.35.hc_attn_inject.weight
create_tensor: loading tensor blk.35.hc_ffn_norm.weight
create_tensor: source tensor 900/1224 blk.35.hc_ffn_norm.weight
create_tensor: loading tensor blk.35.hc_ffn_down.weight
create_tensor: source tensor 901/1224 blk.35.hc_ffn_down.weight
create_tensor: loading tensor blk.35.hc_ffn_up.weight
create_tensor: source tensor 902/1224 blk.35.hc_ffn_up.weight
create_tensor: loading tensor blk.35.hc_ffn_inject.weight
create_tensor: source tensor 903/1224 blk.35.hc_ffn_inject.weight
create_tensor: loading tensor blk.35.attn_qkv.weight
create_tensor: loading tensor blk.35.attn_q.weight
create_tensor: source tensor 904/1224 blk.35.attn_q.weight
create_tensor: loading tensor blk.35.attn_k.weight
create_tensor: source tensor 905/1224 blk.35.attn_k.weight
create_tensor: loading tensor blk.35.attn_v.weight
create_tensor: source tensor 906/1224 blk.35.attn_v.weight
create_tensor: loading tensor blk.35.attn_q.bias
create_tensor: loading tensor blk.35.attn_k.bias
create_tensor: loading tensor blk.35.attn_v.bias
create_tensor: loading tensor blk.35.attn_output.weight
create_tensor: source tensor 907/1224 blk.35.attn_output.weight
create_tensor: loading tensor blk.35.attn_q_norm.weight
create_tensor: source tensor 908/1224 blk.35.attn_q_norm.weight
create_tensor: loading tensor blk.35.attn_k_norm.weight
create_tensor: source tensor 909/1224 blk.35.attn_k_norm.weight
create_tensor: loading tensor blk.35.indexer.q_proj.weight
create_tensor: source tensor 910/1224 blk.35.indexer.q_proj.weight
create_tensor: loading tensor blk.35.indexer.k_proj.weight
create_tensor: source tensor 911/1224 blk.35.indexer.k_proj.weight
create_tensor: loading tensor blk.35.indexer.q_norm.weight
create_tensor: source tensor 912/1224 blk.35.indexer.q_norm.weight
create_tensor: loading tensor blk.35.indexer.k_norm.weight
create_tensor: source tensor 913/1224 blk.35.indexer.k_norm.weight
create_tensor: loading tensor blk.35.ffn_gate_inp.weight
create_tensor: source tensor 914/1224 blk.35.ffn_gate_inp.weight
create_tensor: loading tensor blk.35.ffn_down_exps.weight
tensor blk.35.ffn_down_exps.weight (450 MiB iq4_nl) buffer type overridden to CUDA_Host
create_tensor: source tensor 915/1224 blk.35.ffn_down_exps.weight
create_tensor: loading tensor blk.35.ffn_gate_up_exps.weight
create_tensor: loading tensor blk.35.ffn_gate_exps.weight
tensor blk.35.ffn_gate_exps.weight (343 MiB iq3_s) buffer type overridden to CUDA_Host
create_tensor: source tensor 916/1224 blk.35.ffn_gate_exps.weight
create_tensor: loading tensor blk.35.ffn_up_exps.weight
tensor blk.35.ffn_up_exps.weight (343 MiB iq3_s) buffer type overridden to CUDA_Host
create_tensor: source tensor 917/1224 blk.35.ffn_up_exps.weight
create_tensor: loading tensor blk.35.ffn_gate_inp_shexp.weight
create_tensor: source tensor 918/1224 blk.35.ffn_gate_inp_shexp.weight
create_tensor: loading tensor blk.35.ffn_gate_shexp.weight
create_tensor: source tensor 919/1224 blk.35.ffn_gate_shexp.weight
create_tensor: loading tensor blk.35.ffn_up_shexp.weight
create_tensor: source tensor 920/1224 blk.35.ffn_up_shexp.weight
create_tensor: loading tensor blk.35.ffn_down_shexp.weight
create_tensor: source tensor 921/1224 blk.35.ffn_down_shexp.weight
create_tensor: loading tensor blk.36.hc_attn_norm.weight
create_tensor: source tensor 922/1224 blk.36.hc_attn_norm.weight
create_tensor: loading tensor blk.36.hc_attn_down.weight
create_tensor: source tensor 923/1224 blk.36.hc_attn_down.weight
create_tensor: loading tensor blk.36.hc_attn_up.weight
create_tensor: source tensor 924/1224 blk.36.hc_attn_up.weight
create_tensor: loading tensor blk.36.hc_attn_inject.weight
create_tensor: source tensor 925/1224 blk.36.hc_attn_inject.weight
create_tensor: loading tensor blk.36.hc_ffn_norm.weight
create_tensor: source tensor 926/1224 blk.36.hc_ffn_norm.weight
create_tensor: loading tensor blk.36.hc_ffn_down.weight
create_tensor: source tensor 927/1224 blk.36.hc_ffn_down.weight
create_tensor: loading tensor blk.36.hc_ffn_up.weight
create_tensor: source tensor 928/1224 blk.36.hc_ffn_up.weight
create_tensor: loading tensor blk.36.hc_ffn_inject.weight
create_tensor: source tensor 929/1224 blk.36.hc_ffn_inject.weight
create_tensor: loading tensor blk.36.attn_qkv.weight
create_tensor: source tensor 930/1224 blk.36.attn_qkv.weight
create_tensor: loading tensor blk.36.attn_gate.weight
create_tensor: source tensor 931/1224 blk.36.attn_gate.weight
create_tensor: loading tensor blk.36.ssm_conv1d.weight
create_tensor: source tensor 932/1224 blk.36.ssm_conv1d.weight
create_tensor: loading tensor blk.36.ssm_dt.bias
create_tensor: source tensor 933/1224 blk.36.ssm_dt.bias
create_tensor: loading tensor blk.36.ssm_a
create_tensor: source tensor 934/1224 blk.36.ssm_a
create_tensor: loading tensor blk.36.ssm_beta.weight
create_tensor: source tensor 935/1224 blk.36.ssm_beta.weight
create_tensor: loading tensor blk.36.ssm_alpha.weight
create_tensor: source tensor 936/1224 blk.36.ssm_alpha.weight
create_tensor: loading tensor blk.36.ssm_norm.weight
create_tensor: source tensor 937/1224 blk.36.ssm_norm.weight
create_tensor: loading tensor blk.36.ssm_out.weight
create_tensor: source tensor 938/1224 blk.36.ssm_out.weight
create_tensor: loading tensor blk.36.ffn_gate_inp.weight
create_tensor: source tensor 939/1224 blk.36.ffn_gate_inp.weight
create_tensor: loading tensor blk.36.ffn_down_exps.weight
tensor blk.36.ffn_down_exps.weight (450 MiB iq4_nl) buffer type overridden to CUDA_Host
create_tensor: source tensor 940/1224 blk.36.ffn_down_exps.weight
create_tensor: loading tensor blk.36.ffn_gate_up_exps.weight
create_tensor: loading tensor blk.36.ffn_gate_exps.weight
tensor blk.36.ffn_gate_exps.weight (343 MiB iq3_s) buffer type overridden to CUDA_Host
create_tensor: source tensor 941/1224 blk.36.ffn_gate_exps.weight
create_tensor: loading tensor blk.36.ffn_up_exps.weight
tensor blk.36.ffn_up_exps.weight (343 MiB iq3_s) buffer type overridden to CUDA_Host
create_tensor: source tensor 942/1224 blk.36.ffn_up_exps.weight
create_tensor: loading tensor blk.36.ffn_gate_inp_shexp.weight
create_tensor: source tensor 943/1224 blk.36.ffn_gate_inp_shexp.weight
create_tensor: loading tensor blk.36.ffn_gate_shexp.weight
create_tensor: source tensor 944/1224 blk.36.ffn_gate_shexp.weight
create_tensor: loading tensor blk.36.ffn_up_shexp.weight
create_tensor: source tensor 945/1224 blk.36.ffn_up_shexp.weight
create_tensor: loading tensor blk.36.ffn_down_shexp.weight
create_tensor: source tensor 946/1224 blk.36.ffn_down_shexp.weight
create_tensor: loading tensor blk.37.hc_attn_norm.weight
create_tensor: source tensor 947/1224 blk.37.hc_attn_norm.weight
create_tensor: loading tensor blk.37.hc_attn_down.weight
create_tensor: source tensor 948/1224 blk.37.hc_attn_down.weight
create_tensor: loading tensor blk.37.hc_attn_up.weight
create_tensor: source tensor 949/1224 blk.37.hc_attn_up.weight
create_tensor: loading tensor blk.37.hc_attn_inject.weight
create_tensor: source tensor 950/1224 blk.37.hc_attn_inject.weight
create_tensor: loading tensor blk.37.hc_ffn_norm.weight
create_tensor: source tensor 951/1224 blk.37.hc_ffn_norm.weight
create_tensor: loading tensor blk.37.hc_ffn_down.weight
create_tensor: source tensor 952/1224 blk.37.hc_ffn_down.weight
create_tensor: loading tensor blk.37.hc_ffn_up.weight
create_tensor: source tensor 953/1224 blk.37.hc_ffn_up.weight
create_tensor: loading tensor blk.37.hc_ffn_inject.weight
create_tensor: source tensor 954/1224 blk.37.hc_ffn_inject.weight
create_tensor: loading tensor blk.37.attn_qkv.weight
create_tensor: source tensor 955/1224 blk.37.attn_qkv.weight
create_tensor: loading tensor blk.37.attn_gate.weight
create_tensor: source tensor 956/1224 blk.37.attn_gate.weight
create_tensor: loading tensor blk.37.ssm_conv1d.weight
create_tensor: source tensor 957/1224 blk.37.ssm_conv1d.weight
create_tensor: loading tensor blk.37.ssm_dt.bias
create_tensor: source tensor 958/1224 blk.37.ssm_dt.bias
create_tensor: loading tensor blk.37.ssm_a
create_tensor: source tensor 959/1224 blk.37.ssm_a
create_tensor: loading tensor blk.37.ssm_beta.weight
create_tensor: source tensor 960/1224 blk.37.ssm_beta.weight
create_tensor: loading tensor blk.37.ssm_alpha.weight
create_tensor: source tensor 961/1224 blk.37.ssm_alpha.weight
create_tensor: loading tensor blk.37.ssm_norm.weight
create_tensor: source tensor 962/1224 blk.37.ssm_norm.weight
create_tensor: loading tensor blk.37.ssm_out.weight
create_tensor: source tensor 963/1224 blk.37.ssm_out.weight
create_tensor: loading tensor blk.37.ffn_gate_inp.weight
create_tensor: source tensor 964/1224 blk.37.ffn_gate_inp.weight
create_tensor: loading tensor blk.37.ffn_down_exps.weight
tensor blk.37.ffn_down_exps.weight (450 MiB iq4_nl) buffer type overridden to CUDA_Host
create_tensor: source tensor 965/1224 blk.37.ffn_down_exps.weight
create_tensor: loading tensor blk.37.ffn_gate_up_exps.weight
create_tensor: loading tensor blk.37.ffn_gate_exps.weight
tensor blk.37.ffn_gate_exps.weight (343 MiB iq3_s) buffer type overridden to CUDA_Host
create_tensor: source tensor 966/1224 blk.37.ffn_gate_exps.weight
create_tensor: loading tensor blk.37.ffn_up_exps.weight
tensor blk.37.ffn_up_exps.weight (343 MiB iq3_s) buffer type overridden to CUDA_Host
create_tensor: source tensor 967/1224 blk.37.ffn_up_exps.weight
create_tensor: loading tensor blk.37.ffn_gate_inp_shexp.weight
create_tensor: source tensor 968/1224 blk.37.ffn_gate_inp_shexp.weight
create_tensor: loading tensor blk.37.ffn_gate_shexp.weight
create_tensor: source tensor 969/1224 blk.37.ffn_gate_shexp.weight
create_tensor: loading tensor blk.37.ffn_up_shexp.weight
create_tensor: source tensor 970/1224 blk.37.ffn_up_shexp.weight
create_tensor: loading tensor blk.37.ffn_down_shexp.weight
create_tensor: source tensor 971/1224 blk.37.ffn_down_shexp.weight
create_tensor: loading tensor blk.38.hc_attn_norm.weight
create_tensor: source tensor 972/1224 blk.38.hc_attn_norm.weight
create_tensor: loading tensor blk.38.hc_attn_down.weight
create_tensor: source tensor 973/1224 blk.38.hc_attn_down.weight
create_tensor: loading tensor blk.38.hc_attn_up.weight
create_tensor: source tensor 974/1224 blk.38.hc_attn_up.weight
create_tensor: loading tensor blk.38.hc_attn_inject.weight
create_tensor: source tensor 975/1224 blk.38.hc_attn_inject.weight
create_tensor: loading tensor blk.38.hc_ffn_norm.weight
create_tensor: source tensor 976/1224 blk.38.hc_ffn_norm.weight
create_tensor: loading tensor blk.38.hc_ffn_down.weight
create_tensor: source tensor 977/1224 blk.38.hc_ffn_down.weight
create_tensor: loading tensor blk.38.hc_ffn_up.weight
create_tensor: source tensor 978/1224 blk.38.hc_ffn_up.weight
create_tensor: loading tensor blk.38.hc_ffn_inject.weight
create_tensor: source tensor 979/1224 blk.38.hc_ffn_inject.weight
create_tensor: loading tensor blk.38.attn_qkv.weight
create_tensor: source tensor 980/1224 blk.38.attn_qkv.weight
create_tensor: loading tensor blk.38.attn_gate.weight
create_tensor: source tensor 981/1224 blk.38.attn_gate.weight
create_tensor: loading tensor blk.38.ssm_conv1d.weight
create_tensor: source tensor 982/1224 blk.38.ssm_conv1d.weight
create_tensor: loading tensor blk.38.ssm_dt.bias
create_tensor: source tensor 983/1224 blk.38.ssm_dt.bias
create_tensor: loading tensor blk.38.ssm_a
create_tensor: source tensor 984/1224 blk.38.ssm_a
create_tensor: loading tensor blk.38.ssm_beta.weight
create_tensor: source tensor 985/1224 blk.38.ssm_beta.weight
create_tensor: loading tensor blk.38.ssm_alpha.weight
create_tensor: source tensor 986/1224 blk.38.ssm_alpha.weight
create_tensor: loading tensor blk.38.ssm_norm.weight
create_tensor: source tensor 987/1224 blk.38.ssm_norm.weight
create_tensor: loading tensor blk.38.ssm_out.weight
create_tensor: source tensor 988/1224 blk.38.ssm_out.weight
create_tensor: loading tensor blk.38.ffn_gate_inp.weight
create_tensor: source tensor 989/1224 blk.38.ffn_gate_inp.weight
create_tensor: loading tensor blk.38.ffn_down_exps.weight
tensor blk.38.ffn_down_exps.weight (450 MiB iq4_nl) buffer type overridden to CUDA_Host
create_tensor: source tensor 990/1224 blk.38.ffn_down_exps.weight
create_tensor: loading tensor blk.38.ffn_gate_up_exps.weight
create_tensor: loading tensor blk.38.ffn_gate_exps.weight
tensor blk.38.ffn_gate_exps.weight (343 MiB iq3_s) buffer type overridden to CUDA_Host
create_tensor: source tensor 991/1224 blk.38.ffn_gate_exps.weight
create_tensor: loading tensor blk.38.ffn_up_exps.weight
tensor blk.38.ffn_up_exps.weight (343 MiB iq3_s) buffer type overridden to CUDA_Host
create_tensor: source tensor 992/1224 blk.38.ffn_up_exps.weight
create_tensor: loading tensor blk.38.ffn_gate_inp_shexp.weight
create_tensor: source tensor 993/1224 blk.38.ffn_gate_inp_shexp.weight
create_tensor: loading tensor blk.38.ffn_gate_shexp.weight
create_tensor: source tensor 994/1224 blk.38.ffn_gate_shexp.weight
create_tensor: loading tensor blk.38.ffn_up_shexp.weight
create_tensor: source tensor 995/1224 blk.38.ffn_up_shexp.weight
create_tensor: loading tensor blk.38.ffn_down_shexp.weight
create_tensor: source tensor 996/1224 blk.38.ffn_down_shexp.weight
create_tensor: loading tensor blk.39.hc_attn_norm.weight
create_tensor: source tensor 997/1224 blk.39.hc_attn_norm.weight
create_tensor: loading tensor blk.39.hc_attn_down.weight
create_tensor: source tensor 998/1224 blk.39.hc_attn_down.weight
create_tensor: loading tensor blk.39.hc_attn_up.weight
create_tensor: source tensor 999/1224 blk.39.hc_attn_up.weight
create_tensor: loading tensor blk.39.hc_attn_inject.weight
create_tensor: source tensor 1000/1224 blk.39.hc_attn_inject.weight
create_tensor: loading tensor blk.39.hc_ffn_norm.weight
create_tensor: source tensor 1001/1224 blk.39.hc_ffn_norm.weight
create_tensor: loading tensor blk.39.hc_ffn_down.weight
create_tensor: source tensor 1002/1224 blk.39.hc_ffn_down.weight
create_tensor: loading tensor blk.39.hc_ffn_up.weight
create_tensor: source tensor 1003/1224 blk.39.hc_ffn_up.weight
create_tensor: loading tensor blk.39.hc_ffn_inject.weight
create_tensor: source tensor 1004/1224 blk.39.hc_ffn_inject.weight
create_tensor: loading tensor blk.39.attn_qkv.weight
create_tensor: loading tensor blk.39.attn_q.weight
create_tensor: source tensor 1005/1224 blk.39.attn_q.weight
create_tensor: loading tensor blk.39.attn_k.weight
create_tensor: source tensor 1006/1224 blk.39.attn_k.weight
create_tensor: loading tensor blk.39.attn_v.weight
create_tensor: source tensor 1007/1224 blk.39.attn_v.weight
create_tensor: loading tensor blk.39.attn_q.bias
create_tensor: loading tensor blk.39.attn_k.bias
create_tensor: loading tensor blk.39.attn_v.bias
create_tensor: loading tensor blk.39.attn_output.weight
create_tensor: source tensor 1008/1224 blk.39.attn_output.weight
create_tensor: loading tensor blk.39.attn_q_norm.weight
create_tensor: source tensor 1009/1224 blk.39.attn_q_norm.weight
create_tensor: loading tensor blk.39.attn_k_norm.weight
create_tensor: source tensor 1010/1224 blk.39.attn_k_norm.weight
create_tensor: loading tensor blk.39.indexer.q_proj.weight
create_tensor: source tensor 1011/1224 blk.39.indexer.q_proj.weight
create_tensor: loading tensor blk.39.indexer.k_proj.weight
create_tensor: source tensor 1012/1224 blk.39.indexer.k_proj.weight
create_tensor: loading tensor blk.39.indexer.q_norm.weight
create_tensor: source tensor 1013/1224 blk.39.indexer.q_norm.weight
create_tensor: loading tensor blk.39.indexer.k_norm.weight
create_tensor: source tensor 1014/1224 blk.39.indexer.k_norm.weight
create_tensor: loading tensor blk.39.ffn_gate_inp.weight
create_tensor: source tensor 1015/1224 blk.39.ffn_gate_inp.weight
create_tensor: loading tensor blk.39.ffn_down_exps.weight
tensor blk.39.ffn_down_exps.weight (450 MiB iq4_nl) buffer type overridden to CUDA_Host
create_tensor: source tensor 1016/1224 blk.39.ffn_down_exps.weight
create_tensor: loading tensor blk.39.ffn_gate_up_exps.weight
create_tensor: loading tensor blk.39.ffn_gate_exps.weight
tensor blk.39.ffn_gate_exps.weight (343 MiB iq3_s) buffer type overridden to CUDA_Host
create_tensor: source tensor 1017/1224 blk.39.ffn_gate_exps.weight
create_tensor: loading tensor blk.39.ffn_up_exps.weight
tensor blk.39.ffn_up_exps.weight (343 MiB iq3_s) buffer type overridden to CUDA_Host
create_tensor: source tensor 1018/1224 blk.39.ffn_up_exps.weight
create_tensor: loading tensor blk.39.ffn_gate_inp_shexp.weight
create_tensor: source tensor 1019/1224 blk.39.ffn_gate_inp_shexp.weight
create_tensor: loading tensor blk.39.ffn_gate_shexp.weight
create_tensor: source tensor 1020/1224 blk.39.ffn_gate_shexp.weight
create_tensor: loading tensor blk.39.ffn_up_shexp.weight
create_tensor: source tensor 1021/1224 blk.39.ffn_up_shexp.weight
create_tensor: loading tensor blk.39.ffn_down_shexp.weight
create_tensor: source tensor 1022/1224 blk.39.ffn_down_shexp.weight
create_tensor: loading tensor blk.40.hc_attn_norm.weight
create_tensor: source tensor 1023/1224 blk.40.hc_attn_norm.weight
create_tensor: loading tensor blk.40.hc_attn_down.weight
create_tensor: source tensor 1024/1224 blk.40.hc_attn_down.weight
create_tensor: loading tensor blk.40.hc_attn_up.weight
create_tensor: source tensor 1025/1224 blk.40.hc_attn_up.weight
create_tensor: loading tensor blk.40.hc_attn_inject.weight
create_tensor: source tensor 1026/1224 blk.40.hc_attn_inject.weight
create_tensor: loading tensor blk.40.hc_ffn_norm.weight
create_tensor: source tensor 1027/1224 blk.40.hc_ffn_norm.weight
create_tensor: loading tensor blk.40.hc_ffn_down.weight
create_tensor: source tensor 1028/1224 blk.40.hc_ffn_down.weight
create_tensor: loading tensor blk.40.hc_ffn_up.weight
create_tensor: source tensor 1029/1224 blk.40.hc_ffn_up.weight
create_tensor: loading tensor blk.40.hc_ffn_inject.weight
create_tensor: source tensor 1030/1224 blk.40.hc_ffn_inject.weight
create_tensor: loading tensor blk.40.attn_qkv.weight
create_tensor: source tensor 1031/1224 blk.40.attn_qkv.weight
create_tensor: loading tensor blk.40.attn_gate.weight
create_tensor: source tensor 1032/1224 blk.40.attn_gate.weight
create_tensor: loading tensor blk.40.ssm_conv1d.weight
create_tensor: source tensor 1033/1224 blk.40.ssm_conv1d.weight
create_tensor: loading tensor blk.40.ssm_dt.bias
create_tensor: source tensor 1034/1224 blk.40.ssm_dt.bias
create_tensor: loading tensor blk.40.ssm_a
create_tensor: source tensor 1035/1224 blk.40.ssm_a
create_tensor: loading tensor blk.40.ssm_beta.weight
create_tensor: source tensor 1036/1224 blk.40.ssm_beta.weight
create_tensor: loading tensor blk.40.ssm_alpha.weight
create_tensor: source tensor 1037/1224 blk.40.ssm_alpha.weight
create_tensor: loading tensor blk.40.ssm_norm.weight
create_tensor: source tensor 1038/1224 blk.40.ssm_norm.weight
create_tensor: loading tensor blk.40.ssm_out.weight
create_tensor: source tensor 1039/1224 blk.40.ssm_out.weight
create_tensor: loading tensor blk.40.ffn_gate_inp.weight
create_tensor: source tensor 1040/1224 blk.40.ffn_gate_inp.weight
create_tensor: loading tensor blk.40.ffn_down_exps.weight
tensor blk.40.ffn_down_exps.weight (450 MiB iq4_nl) buffer type overridden to CUDA_Host
create_tensor: source tensor 1041/1224 blk.40.ffn_down_exps.weight
create_tensor: loading tensor blk.40.ffn_gate_up_exps.weight
create_tensor: loading tensor blk.40.ffn_gate_exps.weight
tensor blk.40.ffn_gate_exps.weight (343 MiB iq3_s) buffer type overridden to CUDA_Host
create_tensor: source tensor 1042/1224 blk.40.ffn_gate_exps.weight
create_tensor: loading tensor blk.40.ffn_up_exps.weight
tensor blk.40.ffn_up_exps.weight (343 MiB iq3_s) buffer type overridden to CUDA_Host
create_tensor: source tensor 1043/1224 blk.40.ffn_up_exps.weight
create_tensor: loading tensor blk.40.ffn_gate_inp_shexp.weight
create_tensor: source tensor 1044/1224 blk.40.ffn_gate_inp_shexp.weight
create_tensor: loading tensor blk.40.ffn_gate_shexp.weight
create_tensor: source tensor 1045/1224 blk.40.ffn_gate_shexp.weight
create_tensor: loading tensor blk.40.ffn_up_shexp.weight
create_tensor: source tensor 1046/1224 blk.40.ffn_up_shexp.weight
create_tensor: loading tensor blk.40.ffn_down_shexp.weight
create_tensor: source tensor 1047/1224 blk.40.ffn_down_shexp.weight
create_tensor: loading tensor blk.41.hc_attn_norm.weight
create_tensor: source tensor 1048/1224 blk.41.hc_attn_norm.weight
create_tensor: loading tensor blk.41.hc_attn_down.weight
create_tensor: source tensor 1049/1224 blk.41.hc_attn_down.weight
create_tensor: loading tensor blk.41.hc_attn_up.weight
create_tensor: source tensor 1050/1224 blk.41.hc_attn_up.weight
create_tensor: loading tensor blk.41.hc_attn_inject.weight
create_tensor: source tensor 1051/1224 blk.41.hc_attn_inject.weight
create_tensor: loading tensor blk.41.hc_ffn_norm.weight
create_tensor: source tensor 1052/1224 blk.41.hc_ffn_norm.weight
create_tensor: loading tensor blk.41.hc_ffn_down.weight
create_tensor: source tensor 1053/1224 blk.41.hc_ffn_down.weight
create_tensor: loading tensor blk.41.hc_ffn_up.weight
create_tensor: source tensor 1054/1224 blk.41.hc_ffn_up.weight
create_tensor: loading tensor blk.41.hc_ffn_inject.weight
create_tensor: source tensor 1055/1224 blk.41.hc_ffn_inject.weight
create_tensor: loading tensor blk.41.attn_qkv.weight
create_tensor: source tensor 1056/1224 blk.41.attn_qkv.weight
create_tensor: loading tensor blk.41.attn_gate.weight
create_tensor: source tensor 1057/1224 blk.41.attn_gate.weight
create_tensor: loading tensor blk.41.ssm_conv1d.weight
create_tensor: source tensor 1058/1224 blk.41.ssm_conv1d.weight
create_tensor: loading tensor blk.41.ssm_dt.bias
create_tensor: source tensor 1059/1224 blk.41.ssm_dt.bias
create_tensor: loading tensor blk.41.ssm_a
create_tensor: source tensor 1060/1224 blk.41.ssm_a
create_tensor: loading tensor blk.41.ssm_beta.weight
create_tensor: source tensor 1061/1224 blk.41.ssm_beta.weight
create_tensor: loading tensor blk.41.ssm_alpha.weight
create_tensor: source tensor 1062/1224 blk.41.ssm_alpha.weight
create_tensor: loading tensor blk.41.ssm_norm.weight
create_tensor: source tensor 1063/1224 blk.41.ssm_norm.weight
create_tensor: loading tensor blk.41.ssm_out.weight
create_tensor: source tensor 1064/1224 blk.41.ssm_out.weight
create_tensor: loading tensor blk.41.ffn_gate_inp.weight
create_tensor: source tensor 1065/1224 blk.41.ffn_gate_inp.weight
create_tensor: loading tensor blk.41.ffn_down_exps.weight
tensor blk.41.ffn_down_exps.weight (450 MiB iq4_nl) buffer type overridden to CUDA_Host
create_tensor: source tensor 1066/1224 blk.41.ffn_down_exps.weight
create_tensor: loading tensor blk.41.ffn_gate_up_exps.weight
create_tensor: loading tensor blk.41.ffn_gate_exps.weight
tensor blk.41.ffn_gate_exps.weight (343 MiB iq3_s) buffer type overridden to CUDA_Host
create_tensor: source tensor 1067/1224 blk.41.ffn_gate_exps.weight
create_tensor: loading tensor blk.41.ffn_up_exps.weight
tensor blk.41.ffn_up_exps.weight (343 MiB iq3_s) buffer type overridden to CUDA_Host
create_tensor: source tensor 1068/1224 blk.41.ffn_up_exps.weight
create_tensor: loading tensor blk.41.ffn_gate_inp_shexp.weight
create_tensor: source tensor 1069/1224 blk.41.ffn_gate_inp_shexp.weight
create_tensor: loading tensor blk.41.ffn_gate_shexp.weight
create_tensor: source tensor 1070/1224 blk.41.ffn_gate_shexp.weight
create_tensor: loading tensor blk.41.ffn_up_shexp.weight
create_tensor: source tensor 1071/1224 blk.41.ffn_up_shexp.weight
create_tensor: loading tensor blk.41.ffn_down_shexp.weight
create_tensor: source tensor 1072/1224 blk.41.ffn_down_shexp.weight
create_tensor: loading tensor blk.42.hc_attn_norm.weight
create_tensor: source tensor 1073/1224 blk.42.hc_attn_norm.weight
create_tensor: loading tensor blk.42.hc_attn_down.weight
create_tensor: source tensor 1074/1224 blk.42.hc_attn_down.weight
create_tensor: loading tensor blk.42.hc_attn_up.weight
create_tensor: source tensor 1075/1224 blk.42.hc_attn_up.weight
create_tensor: loading tensor blk.42.hc_attn_inject.weight
create_tensor: source tensor 1076/1224 blk.42.hc_attn_inject.weight
create_tensor: loading tensor blk.42.hc_ffn_norm.weight
create_tensor: source tensor 1077/1224 blk.42.hc_ffn_norm.weight
create_tensor: loading tensor blk.42.hc_ffn_down.weight
create_tensor: source tensor 1078/1224 blk.42.hc_ffn_down.weight
create_tensor: loading tensor blk.42.hc_ffn_up.weight
create_tensor: source tensor 1079/1224 blk.42.hc_ffn_up.weight
create_tensor: loading tensor blk.42.hc_ffn_inject.weight
create_tensor: source tensor 1080/1224 blk.42.hc_ffn_inject.weight
create_tensor: loading tensor blk.42.attn_qkv.weight
create_tensor: source tensor 1081/1224 blk.42.attn_qkv.weight
create_tensor: loading tensor blk.42.attn_gate.weight
create_tensor: source tensor 1082/1224 blk.42.attn_gate.weight
create_tensor: loading tensor blk.42.ssm_conv1d.weight
create_tensor: source tensor 1083/1224 blk.42.ssm_conv1d.weight
create_tensor: loading tensor blk.42.ssm_dt.bias
create_tensor: source tensor 1084/1224 blk.42.ssm_dt.bias
create_tensor: loading tensor blk.42.ssm_a
create_tensor: source tensor 1085/1224 blk.42.ssm_a
create_tensor: loading tensor blk.42.ssm_beta.weight
create_tensor: source tensor 1086/1224 blk.42.ssm_beta.weight
create_tensor: loading tensor blk.42.ssm_alpha.weight
create_tensor: source tensor 1087/1224 blk.42.ssm_alpha.weight
create_tensor: loading tensor blk.42.ssm_norm.weight
create_tensor: source tensor 1088/1224 blk.42.ssm_norm.weight
create_tensor: loading tensor blk.42.ssm_out.weight
create_tensor: source tensor 1089/1224 blk.42.ssm_out.weight
create_tensor: loading tensor blk.42.ffn_gate_inp.weight
create_tensor: source tensor 1090/1224 blk.42.ffn_gate_inp.weight
create_tensor: loading tensor blk.42.ffn_down_exps.weight
tensor blk.42.ffn_down_exps.weight (450 MiB iq4_nl) buffer type overridden to CUDA_Host
create_tensor: source tensor 1091/1224 blk.42.ffn_down_exps.weight
create_tensor: loading tensor blk.42.ffn_gate_up_exps.weight
create_tensor: loading tensor blk.42.ffn_gate_exps.weight
tensor blk.42.ffn_gate_exps.weight (343 MiB iq3_s) buffer type overridden to CUDA_Host
create_tensor: source tensor 1092/1224 blk.42.ffn_gate_exps.weight
create_tensor: loading tensor blk.42.ffn_up_exps.weight
tensor blk.42.ffn_up_exps.weight (343 MiB iq3_s) buffer type overridden to CUDA_Host
create_tensor: source tensor 1093/1224 blk.42.ffn_up_exps.weight
create_tensor: loading tensor blk.42.ffn_gate_inp_shexp.weight
create_tensor: source tensor 1094/1224 blk.42.ffn_gate_inp_shexp.weight
create_tensor: loading tensor blk.42.ffn_gate_shexp.weight
create_tensor: source tensor 1095/1224 blk.42.ffn_gate_shexp.weight
create_tensor: loading tensor blk.42.ffn_up_shexp.weight
create_tensor: source tensor 1096/1224 blk.42.ffn_up_shexp.weight
create_tensor: loading tensor blk.42.ffn_down_shexp.weight
create_tensor: source tensor 1097/1224 blk.42.ffn_down_shexp.weight
create_tensor: loading tensor blk.43.hc_attn_norm.weight
create_tensor: source tensor 1098/1224 blk.43.hc_attn_norm.weight
create_tensor: loading tensor blk.43.hc_attn_down.weight
create_tensor: source tensor 1099/1224 blk.43.hc_attn_down.weight
create_tensor: loading tensor blk.43.hc_attn_up.weight
create_tensor: source tensor 1100/1224 blk.43.hc_attn_up.weight
create_tensor: loading tensor blk.43.hc_attn_inject.weight
create_tensor: source tensor 1101/1224 blk.43.hc_attn_inject.weight
create_tensor: loading tensor blk.43.hc_ffn_norm.weight
create_tensor: source tensor 1102/1224 blk.43.hc_ffn_norm.weight
create_tensor: loading tensor blk.43.hc_ffn_down.weight
create_tensor: source tensor 1103/1224 blk.43.hc_ffn_down.weight
create_tensor: loading tensor blk.43.hc_ffn_up.weight
create_tensor: source tensor 1104/1224 blk.43.hc_ffn_up.weight
create_tensor: loading tensor blk.43.hc_ffn_inject.weight
create_tensor: source tensor 1105/1224 blk.43.hc_ffn_inject.weight
create_tensor: loading tensor blk.43.attn_qkv.weight
create_tensor: loading tensor blk.43.attn_q.weight
create_tensor: source tensor 1106/1224 blk.43.attn_q.weight
create_tensor: loading tensor blk.43.attn_k.weight
create_tensor: source tensor 1107/1224 blk.43.attn_k.weight
create_tensor: loading tensor blk.43.attn_v.weight
create_tensor: source tensor 1108/1224 blk.43.attn_v.weight
create_tensor: loading tensor blk.43.attn_q.bias
create_tensor: loading tensor blk.43.attn_k.bias
create_tensor: loading tensor blk.43.attn_v.bias
create_tensor: loading tensor blk.43.attn_output.weight
create_tensor: source tensor 1109/1224 blk.43.attn_output.weight
create_tensor: loading tensor blk.43.attn_q_norm.weight
create_tensor: source tensor 1110/1224 blk.43.attn_q_norm.weight
create_tensor: loading tensor blk.43.attn_k_norm.weight
create_tensor: source tensor 1111/1224 blk.43.attn_k_norm.weight
create_tensor: loading tensor blk.43.indexer.q_proj.weight
create_tensor: source tensor 1112/1224 blk.43.indexer.q_proj.weight
create_tensor: loading tensor blk.43.indexer.k_proj.weight
create_tensor: source tensor 1113/1224 blk.43.indexer.k_proj.weight
create_tensor: loading tensor blk.43.indexer.q_norm.weight
create_tensor: source tensor 1114/1224 blk.43.indexer.q_norm.weight
create_tensor: loading tensor blk.43.indexer.k_norm.weight
create_tensor: source tensor 1115/1224 blk.43.indexer.k_norm.weight
create_tensor: loading tensor blk.43.ffn_gate_inp.weight
create_tensor: source tensor 1116/1224 blk.43.ffn_gate_inp.weight
create_tensor: loading tensor blk.43.ffn_down_exps.weight
tensor blk.43.ffn_down_exps.weight (450 MiB iq4_nl) buffer type overridden to CUDA_Host
create_tensor: source tensor 1117/1224 blk.43.ffn_down_exps.weight
create_tensor: loading tensor blk.43.ffn_gate_up_exps.weight
create_tensor: loading tensor blk.43.ffn_gate_exps.weight
tensor blk.43.ffn_gate_exps.weight (343 MiB iq3_s) buffer type overridden to CUDA_Host
create_tensor: source tensor 1118/1224 blk.43.ffn_gate_exps.weight
create_tensor: loading tensor blk.43.ffn_up_exps.weight
tensor blk.43.ffn_up_exps.weight (343 MiB iq3_s) buffer type overridden to CUDA_Host
create_tensor: source tensor 1119/1224 blk.43.ffn_up_exps.weight
create_tensor: loading tensor blk.43.ffn_gate_inp_shexp.weight
create_tensor: source tensor 1120/1224 blk.43.ffn_gate_inp_shexp.weight
create_tensor: loading tensor blk.43.ffn_gate_shexp.weight
create_tensor: source tensor 1121/1224 blk.43.ffn_gate_shexp.weight
create_tensor: loading tensor blk.43.ffn_up_shexp.weight
create_tensor: source tensor 1122/1224 blk.43.ffn_up_shexp.weight
create_tensor: loading tensor blk.43.ffn_down_shexp.weight
create_tensor: source tensor 1123/1224 blk.43.ffn_down_shexp.weight
create_tensor: loading tensor blk.44.hc_attn_norm.weight
create_tensor: source tensor 1124/1224 blk.44.hc_attn_norm.weight
create_tensor: loading tensor blk.44.hc_attn_down.weight
create_tensor: source tensor 1125/1224 blk.44.hc_attn_down.weight
create_tensor: loading tensor blk.44.hc_attn_up.weight
create_tensor: source tensor 1126/1224 blk.44.hc_attn_up.weight
create_tensor: loading tensor blk.44.hc_attn_inject.weight
create_tensor: source tensor 1127/1224 blk.44.hc_attn_inject.weight
create_tensor: loading tensor blk.44.hc_ffn_norm.weight
create_tensor: source tensor 1128/1224 blk.44.hc_ffn_norm.weight
create_tensor: loading tensor blk.44.hc_ffn_down.weight
create_tensor: source tensor 1129/1224 blk.44.hc_ffn_down.weight
create_tensor: loading tensor blk.44.hc_ffn_up.weight
create_tensor: source tensor 1130/1224 blk.44.hc_ffn_up.weight
create_tensor: loading tensor blk.44.hc_ffn_inject.weight
create_tensor: source tensor 1131/1224 blk.44.hc_ffn_inject.weight
create_tensor: loading tensor blk.44.attn_qkv.weight
create_tensor: source tensor 1132/1224 blk.44.attn_qkv.weight
create_tensor: loading tensor blk.44.attn_gate.weight
create_tensor: source tensor 1133/1224 blk.44.attn_gate.weight
create_tensor: loading tensor blk.44.ssm_conv1d.weight
create_tensor: source tensor 1134/1224 blk.44.ssm_conv1d.weight
create_tensor: loading tensor blk.44.ssm_dt.bias
create_tensor: source tensor 1135/1224 blk.44.ssm_dt.bias
create_tensor: loading tensor blk.44.ssm_a
create_tensor: source tensor 1136/1224 blk.44.ssm_a
create_tensor: loading tensor blk.44.ssm_beta.weight
create_tensor: source tensor 1137/1224 blk.44.ssm_beta.weight
create_tensor: loading tensor blk.44.ssm_alpha.weight
create_tensor: source tensor 1138/1224 blk.44.ssm_alpha.weight
create_tensor: loading tensor blk.44.ssm_norm.weight
create_tensor: source tensor 1139/1224 blk.44.ssm_norm.weight
create_tensor: loading tensor blk.44.ssm_out.weight
create_tensor: source tensor 1140/1224 blk.44.ssm_out.weight
create_tensor: loading tensor blk.44.ffn_gate_inp.weight
create_tensor: source tensor 1141/1224 blk.44.ffn_gate_inp.weight
create_tensor: loading tensor blk.44.ffn_down_exps.weight
tensor blk.44.ffn_down_exps.weight (450 MiB iq4_nl) buffer type overridden to CUDA_Host
create_tensor: source tensor 1142/1224 blk.44.ffn_down_exps.weight
create_tensor: loading tensor blk.44.ffn_gate_up_exps.weight
create_tensor: loading tensor blk.44.ffn_gate_exps.weight
tensor blk.44.ffn_gate_exps.weight (343 MiB iq3_s) buffer type overridden to CUDA_Host
create_tensor: source tensor 1143/1224 blk.44.ffn_gate_exps.weight
create_tensor: loading tensor blk.44.ffn_up_exps.weight
tensor blk.44.ffn_up_exps.weight (343 MiB iq3_s) buffer type overridden to CUDA_Host
create_tensor: source tensor 1144/1224 blk.44.ffn_up_exps.weight
create_tensor: loading tensor blk.44.ffn_gate_inp_shexp.weight
create_tensor: source tensor 1145/1224 blk.44.ffn_gate_inp_shexp.weight
create_tensor: loading tensor blk.44.ffn_gate_shexp.weight
create_tensor: source tensor 1146/1224 blk.44.ffn_gate_shexp.weight
create_tensor: loading tensor blk.44.ffn_up_shexp.weight
create_tensor: source tensor 1147/1224 blk.44.ffn_up_shexp.weight
create_tensor: loading tensor blk.44.ffn_down_shexp.weight
create_tensor: source tensor 1148/1224 blk.44.ffn_down_shexp.weight
create_tensor: loading tensor blk.45.hc_attn_norm.weight
create_tensor: source tensor 1149/1224 blk.45.hc_attn_norm.weight
create_tensor: loading tensor blk.45.hc_attn_down.weight
create_tensor: source tensor 1150/1224 blk.45.hc_attn_down.weight
create_tensor: loading tensor blk.45.hc_attn_up.weight
create_tensor: source tensor 1151/1224 blk.45.hc_attn_up.weight
create_tensor: loading tensor blk.45.hc_attn_inject.weight
create_tensor: source tensor 1152/1224 blk.45.hc_attn_inject.weight
create_tensor: loading tensor blk.45.hc_ffn_norm.weight
create_tensor: source tensor 1153/1224 blk.45.hc_ffn_norm.weight
create_tensor: loading tensor blk.45.hc_ffn_down.weight
create_tensor: source tensor 1154/1224 blk.45.hc_ffn_down.weight
create_tensor: loading tensor blk.45.hc_ffn_up.weight
create_tensor: source tensor 1155/1224 blk.45.hc_ffn_up.weight
create_tensor: loading tensor blk.45.hc_ffn_inject.weight
create_tensor: source tensor 1156/1224 blk.45.hc_ffn_inject.weight
create_tensor: loading tensor blk.45.attn_qkv.weight
create_tensor: source tensor 1157/1224 blk.45.attn_qkv.weight
create_tensor: loading tensor blk.45.attn_gate.weight
create_tensor: source tensor 1158/1224 blk.45.attn_gate.weight
create_tensor: loading tensor blk.45.ssm_conv1d.weight
create_tensor: source tensor 1159/1224 blk.45.ssm_conv1d.weight
create_tensor: loading tensor blk.45.ssm_dt.bias
create_tensor: source tensor 1160/1224 blk.45.ssm_dt.bias
create_tensor: loading tensor blk.45.ssm_a
create_tensor: source tensor 1161/1224 blk.45.ssm_a
create_tensor: loading tensor blk.45.ssm_beta.weight
create_tensor: source tensor 1162/1224 blk.45.ssm_beta.weight
create_tensor: loading tensor blk.45.ssm_alpha.weight
create_tensor: source tensor 1163/1224 blk.45.ssm_alpha.weight
create_tensor: loading tensor blk.45.ssm_norm.weight
create_tensor: source tensor 1164/1224 blk.45.ssm_norm.weight
create_tensor: loading tensor blk.45.ssm_out.weight
create_tensor: source tensor 1165/1224 blk.45.ssm_out.weight
create_tensor: loading tensor blk.45.ffn_gate_inp.weight
create_tensor: source tensor 1166/1224 blk.45.ffn_gate_inp.weight
create_tensor: loading tensor blk.45.ffn_down_exps.weight
tensor blk.45.ffn_down_exps.weight (450 MiB iq4_nl) buffer type overridden to CUDA_Host
create_tensor: source tensor 1167/1224 blk.45.ffn_down_exps.weight
create_tensor: loading tensor blk.45.ffn_gate_up_exps.weight
create_tensor: loading tensor blk.45.ffn_gate_exps.weight
tensor blk.45.ffn_gate_exps.weight (343 MiB iq3_s) buffer type overridden to CUDA_Host
create_tensor: source tensor 1168/1224 blk.45.ffn_gate_exps.weight
create_tensor: loading tensor blk.45.ffn_up_exps.weight
tensor blk.45.ffn_up_exps.weight (343 MiB iq3_s) buffer type overridden to CUDA_Host
create_tensor: source tensor 1169/1224 blk.45.ffn_up_exps.weight
create_tensor: loading tensor blk.45.ffn_gate_inp_shexp.weight
create_tensor: source tensor 1170/1224 blk.45.ffn_gate_inp_shexp.weight
create_tensor: loading tensor blk.45.ffn_gate_shexp.weight
create_tensor: source tensor 1171/1224 blk.45.ffn_gate_shexp.weight
create_tensor: loading tensor blk.45.ffn_up_shexp.weight
create_tensor: source tensor 1172/1224 blk.45.ffn_up_shexp.weight
create_tensor: loading tensor blk.45.ffn_down_shexp.weight
create_tensor: source tensor 1173/1224 blk.45.ffn_down_shexp.weight
create_tensor: loading tensor blk.46.hc_attn_norm.weight
create_tensor: source tensor 1174/1224 blk.46.hc_attn_norm.weight
create_tensor: loading tensor blk.46.hc_attn_down.weight
create_tensor: source tensor 1175/1224 blk.46.hc_attn_down.weight
create_tensor: loading tensor blk.46.hc_attn_up.weight
create_tensor: source tensor 1176/1224 blk.46.hc_attn_up.weight
create_tensor: loading tensor blk.46.hc_attn_inject.weight
create_tensor: source tensor 1177/1224 blk.46.hc_attn_inject.weight
create_tensor: loading tensor blk.46.hc_ffn_norm.weight
create_tensor: source tensor 1178/1224 blk.46.hc_ffn_norm.weight
create_tensor: loading tensor blk.46.hc_ffn_down.weight
create_tensor: source tensor 1179/1224 blk.46.hc_ffn_down.weight
create_tensor: loading tensor blk.46.hc_ffn_up.weight
create_tensor: source tensor 1180/1224 blk.46.hc_ffn_up.weight
create_tensor: loading tensor blk.46.hc_ffn_inject.weight
create_tensor: source tensor 1181/1224 blk.46.hc_ffn_inject.weight
create_tensor: loading tensor blk.46.attn_qkv.weight
create_tensor: source tensor 1182/1224 blk.46.attn_qkv.weight
create_tensor: loading tensor blk.46.attn_gate.weight
create_tensor: source tensor 1183/1224 blk.46.attn_gate.weight
create_tensor: loading tensor blk.46.ssm_conv1d.weight
create_tensor: source tensor 1184/1224 blk.46.ssm_conv1d.weight
create_tensor: loading tensor blk.46.ssm_dt.bias
create_tensor: source tensor 1185/1224 blk.46.ssm_dt.bias
create_tensor: loading tensor blk.46.ssm_a
create_tensor: source tensor 1186/1224 blk.46.ssm_a
create_tensor: loading tensor blk.46.ssm_beta.weight
create_tensor: source tensor 1187/1224 blk.46.ssm_beta.weight
create_tensor: loading tensor blk.46.ssm_alpha.weight
create_tensor: source tensor 1188/1224 blk.46.ssm_alpha.weight
create_tensor: loading tensor blk.46.ssm_norm.weight
create_tensor: source tensor 1189/1224 blk.46.ssm_norm.weight
create_tensor: loading tensor blk.46.ssm_out.weight
create_tensor: source tensor 1190/1224 blk.46.ssm_out.weight
create_tensor: loading tensor blk.46.ffn_gate_inp.weight
create_tensor: source tensor 1191/1224 blk.46.ffn_gate_inp.weight
create_tensor: loading tensor blk.46.ffn_down_exps.weight
tensor blk.46.ffn_down_exps.weight (850 MiB q8_0) buffer type overridden to CUDA_Host
create_tensor: source tensor 1192/1224 blk.46.ffn_down_exps.weight
create_tensor: loading tensor blk.46.ffn_gate_up_exps.weight
create_tensor: loading tensor blk.46.ffn_gate_exps.weight
tensor blk.46.ffn_gate_exps.weight (343 MiB iq3_s) buffer type overridden to CUDA_Host
create_tensor: source tensor 1193/1224 blk.46.ffn_gate_exps.weight
create_tensor: loading tensor blk.46.ffn_up_exps.weight
tensor blk.46.ffn_up_exps.weight (343 MiB iq3_s) buffer type overridden to CUDA_Host
create_tensor: source tensor 1194/1224 blk.46.ffn_up_exps.weight
create_tensor: loading tensor blk.46.ffn_gate_inp_shexp.weight
create_tensor: source tensor 1195/1224 blk.46.ffn_gate_inp_shexp.weight
create_tensor: loading tensor blk.46.ffn_gate_shexp.weight
create_tensor: source tensor 1196/1224 blk.46.ffn_gate_shexp.weight
create_tensor: loading tensor blk.46.ffn_up_shexp.weight
create_tensor: source tensor 1197/1224 blk.46.ffn_up_shexp.weight
create_tensor: loading tensor blk.46.ffn_down_shexp.weight
create_tensor: source tensor 1198/1224 blk.46.ffn_down_shexp.weight
create_tensor: loading tensor blk.47.hc_attn_norm.weight
create_tensor: source tensor 1199/1224 blk.47.hc_attn_norm.weight
create_tensor: loading tensor blk.47.hc_attn_down.weight
create_tensor: source tensor 1200/1224 blk.47.hc_attn_down.weight
create_tensor: loading tensor blk.47.hc_attn_up.weight
create_tensor: source tensor 1201/1224 blk.47.hc_attn_up.weight
create_tensor: loading tensor blk.47.hc_attn_inject.weight
create_tensor: source tensor 1202/1224 blk.47.hc_attn_inject.weight
create_tensor: loading tensor blk.47.hc_ffn_norm.weight
create_tensor: source tensor 1203/1224 blk.47.hc_ffn_norm.weight
create_tensor: loading tensor blk.47.hc_ffn_down.weight
create_tensor: source tensor 1204/1224 blk.47.hc_ffn_down.weight
create_tensor: loading tensor blk.47.hc_ffn_up.weight
create_tensor: source tensor 1205/1224 blk.47.hc_ffn_up.weight
create_tensor: loading tensor blk.47.hc_ffn_inject.weight
create_tensor: source tensor 1206/1224 blk.47.hc_ffn_inject.weight
create_tensor: loading tensor blk.47.attn_qkv.weight
create_tensor: loading tensor blk.47.attn_q.weight
create_tensor: source tensor 1207/1224 blk.47.attn_q.weight
create_tensor: loading tensor blk.47.attn_k.weight
create_tensor: source tensor 1208/1224 blk.47.attn_k.weight
create_tensor: loading tensor blk.47.attn_v.weight
create_tensor: source tensor 1209/1224 blk.47.attn_v.weight
create_tensor: loading tensor blk.47.attn_q.bias
create_tensor: loading tensor blk.47.attn_k.bias
create_tensor: loading tensor blk.47.attn_v.bias
create_tensor: loading tensor blk.47.attn_output.weight
create_tensor: source tensor 1210/1224 blk.47.attn_output.weight
create_tensor: loading tensor blk.47.attn_q_norm.weight
create_tensor: source tensor 1211/1224 blk.47.attn_q_norm.weight
create_tensor: loading tensor blk.47.attn_k_norm.weight
create_tensor: source tensor 1212/1224 blk.47.attn_k_norm.weight
create_tensor: loading tensor blk.47.indexer.q_proj.weight
create_tensor: source tensor 1213/1224 blk.47.indexer.q_proj.weight
create_tensor: loading tensor blk.47.indexer.k_proj.weight
create_tensor: source tensor 1214/1224 blk.47.indexer.k_proj.weight
create_tensor: loading tensor blk.47.indexer.q_norm.weight
create_tensor: source tensor 1215/1224 blk.47.indexer.q_norm.weight
create_tensor: loading tensor blk.47.indexer.k_norm.weight
create_tensor: source tensor 1216/1224 blk.47.indexer.k_norm.weight
create_tensor: loading tensor blk.47.ffn_gate_inp.weight
create_tensor: source tensor 1217/1224 blk.47.ffn_gate_inp.weight
create_tensor: loading tensor blk.47.ffn_down_exps.weight
tensor blk.47.ffn_down_exps.weight (850 MiB q8_0) buffer type overridden to CUDA_Host
create_tensor: source tensor 1218/1224 blk.47.ffn_down_exps.weight
create_tensor: loading tensor blk.47.ffn_gate_up_exps.weight
create_tensor: loading tensor blk.47.ffn_gate_exps.weight
tensor blk.47.ffn_gate_exps.weight (343 MiB iq3_s) buffer type overridden to CUDA_Host
create_tensor: source tensor 1219/1224 blk.47.ffn_gate_exps.weight
create_tensor: loading tensor blk.47.ffn_up_exps.weight
tensor blk.47.ffn_up_exps.weight (343 MiB iq3_s) buffer type overridden to CUDA_Host
create_tensor: source tensor 1220/1224 blk.47.ffn_up_exps.weight
create_tensor: loading tensor blk.47.ffn_gate_inp_shexp.weight
create_tensor: source tensor 1221/1224 blk.47.ffn_gate_inp_shexp.weight
create_tensor: loading tensor blk.47.ffn_gate_shexp.weight
create_tensor: source tensor 1222/1224 blk.47.ffn_gate_shexp.weight
create_tensor: loading tensor blk.47.ffn_up_shexp.weight
create_tensor: source tensor 1223/1224 blk.47.ffn_up_shexp.weight
create_tensor: loading tensor blk.47.ffn_down_shexp.weight
create_tensor: source tensor 1224/1224 blk.47.ffn_down_shexp.weight
create_tensor: loading tensor blk.0.attn_qkv.scale
create_tensor: loading tensor blk.0.attn_gate.scale
create_tensor: loading tensor blk.0.ffn_gate_shexp.scale
create_tensor: loading tensor blk.0.ffn_down_shexp.scale
create_tensor: loading tensor blk.0.ffn_up_shexp.scale
create_tensor: loading tensor blk.0.ffn_gate_exps.scale
create_tensor: loading tensor blk.0.ffn_down_exps.scale
create_tensor: loading tensor blk.0.ffn_up_exps.scale
create_tensor: loading tensor blk.0.ssm_out.scale
create_tensor: loading tensor blk.0.ssm_alpha.scale
create_tensor: loading tensor blk.0.ssm_beta.scale
create_tensor: loading tensor blk.0.attn_qkv.input_scale
create_tensor: loading tensor blk.0.attn_gate.input_scale
create_tensor: loading tensor blk.0.ffn_gate_exps.input_scale
create_tensor: loading tensor blk.0.ffn_down_exps.input_scale
create_tensor: loading tensor blk.0.ffn_up_exps.input_scale
create_tensor: loading tensor blk.0.ffn_gate_shexp.input_scale
create_tensor: loading tensor blk.0.ffn_down_shexp.input_scale
create_tensor: loading tensor blk.0.ffn_up_shexp.input_scale
create_tensor: loading tensor blk.0.ssm_out.input_scale
create_tensor: loading tensor blk.0.ssm_alpha.input_scale
create_tensor: loading tensor blk.0.ssm_beta.input_scale
create_tensor: loading tensor blk.1.attn_qkv.scale
create_tensor: loading tensor blk.1.attn_gate.scale
create_tensor: loading tensor blk.1.ffn_gate_shexp.scale
create_tensor: loading tensor blk.1.ffn_down_shexp.scale
create_tensor: loading tensor blk.1.ffn_up_shexp.scale
create_tensor: loading tensor blk.1.ffn_gate_exps.scale
create_tensor: loading tensor blk.1.ffn_down_exps.scale
create_tensor: loading tensor blk.1.ffn_up_exps.scale
create_tensor: loading tensor blk.1.ssm_out.scale
create_tensor: loading tensor blk.1.ssm_alpha.scale
create_tensor: loading tensor blk.1.ssm_beta.scale
create_tensor: loading tensor blk.1.attn_qkv.input_scale
create_tensor: loading tensor blk.1.attn_gate.input_scale
create_tensor: loading tensor blk.1.ffn_gate_exps.input_scale
create_tensor: loading tensor blk.1.ffn_down_exps.input_scale
create_tensor: loading tensor blk.1.ffn_up_exps.input_scale
create_tensor: loading tensor blk.1.ffn_gate_shexp.input_scale
create_tensor: loading tensor blk.1.ffn_down_shexp.input_scale
create_tensor: loading tensor blk.1.ffn_up_shexp.input_scale
create_tensor: loading tensor blk.1.ssm_out.input_scale
create_tensor: loading tensor blk.1.ssm_alpha.input_scale
create_tensor: loading tensor blk.1.ssm_beta.input_scale
create_tensor: loading tensor blk.2.attn_qkv.scale
create_tensor: loading tensor blk.2.attn_gate.scale
create_tensor: loading tensor blk.2.ffn_gate_shexp.scale
create_tensor: loading tensor blk.2.ffn_down_shexp.scale
create_tensor: loading tensor blk.2.ffn_up_shexp.scale
create_tensor: loading tensor blk.2.ffn_gate_exps.scale
create_tensor: loading tensor blk.2.ffn_down_exps.scale
create_tensor: loading tensor blk.2.ffn_up_exps.scale
create_tensor: loading tensor blk.2.ssm_out.scale
create_tensor: loading tensor blk.2.ssm_alpha.scale
create_tensor: loading tensor blk.2.ssm_beta.scale
create_tensor: loading tensor blk.2.attn_qkv.input_scale
create_tensor: loading tensor blk.2.attn_gate.input_scale
create_tensor: loading tensor blk.2.ffn_gate_exps.input_scale
create_tensor: loading tensor blk.2.ffn_down_exps.input_scale
create_tensor: loading tensor blk.2.ffn_up_exps.input_scale
create_tensor: loading tensor blk.2.ffn_gate_shexp.input_scale
create_tensor: loading tensor blk.2.ffn_down_shexp.input_scale
create_tensor: loading tensor blk.2.ffn_up_shexp.input_scale
create_tensor: loading tensor blk.2.ssm_out.input_scale
create_tensor: loading tensor blk.2.ssm_alpha.input_scale
create_tensor: loading tensor blk.2.ssm_beta.input_scale
create_tensor: loading tensor blk.3.attn_q.scale
create_tensor: loading tensor blk.3.attn_k.scale
create_tensor: loading tensor blk.3.attn_v.scale
create_tensor: loading tensor blk.3.attn_output.scale
create_tensor: loading tensor blk.3.ffn_gate_shexp.scale
create_tensor: loading tensor blk.3.ffn_down_shexp.scale
create_tensor: loading tensor blk.3.ffn_up_shexp.scale
create_tensor: loading tensor blk.3.ffn_gate_exps.scale
create_tensor: loading tensor blk.3.ffn_down_exps.scale
create_tensor: loading tensor blk.3.ffn_up_exps.scale
create_tensor: loading tensor blk.3.attn_q.input_scale
create_tensor: loading tensor blk.3.attn_k.input_scale
create_tensor: loading tensor blk.3.attn_v.input_scale
create_tensor: loading tensor blk.3.attn_output.input_scale
create_tensor: loading tensor blk.3.ffn_gate_exps.input_scale
create_tensor: loading tensor blk.3.ffn_down_exps.input_scale
create_tensor: loading tensor blk.3.ffn_up_exps.input_scale
create_tensor: loading tensor blk.3.ffn_gate_shexp.input_scale
create_tensor: loading tensor blk.3.ffn_down_shexp.input_scale
create_tensor: loading tensor blk.3.ffn_up_shexp.input_scale
create_tensor: loading tensor blk.4.attn_qkv.scale
create_tensor: loading tensor blk.4.attn_gate.scale
create_tensor: loading tensor blk.4.ffn_gate_shexp.scale
create_tensor: loading tensor blk.4.ffn_down_shexp.scale
create_tensor: loading tensor blk.4.ffn_up_shexp.scale
create_tensor: loading tensor blk.4.ffn_gate_exps.scale
create_tensor: loading tensor blk.4.ffn_down_exps.scale
create_tensor: loading tensor blk.4.ffn_up_exps.scale
create_tensor: loading tensor blk.4.ssm_out.scale
create_tensor: loading tensor blk.4.ssm_alpha.scale
create_tensor: loading tensor blk.4.ssm_beta.scale
create_tensor: loading tensor blk.4.attn_qkv.input_scale
create_tensor: loading tensor blk.4.attn_gate.input_scale
create_tensor: loading tensor blk.4.ffn_gate_exps.input_scale
create_tensor: loading tensor blk.4.ffn_down_exps.input_scale
create_tensor: loading tensor blk.4.ffn_up_exps.input_scale
create_tensor: loading tensor blk.4.ffn_gate_shexp.input_scale
create_tensor: loading tensor blk.4.ffn_down_shexp.input_scale
create_tensor: loading tensor blk.4.ffn_up_shexp.input_scale
create_tensor: loading tensor blk.4.ssm_out.input_scale
create_tensor: loading tensor blk.4.ssm_alpha.input_scale
create_tensor: loading tensor blk.4.ssm_beta.input_scale
create_tensor: loading tensor blk.5.attn_qkv.scale
create_tensor: loading tensor blk.5.attn_gate.scale
create_tensor: loading tensor blk.5.ffn_gate_shexp.scale
create_tensor: loading tensor blk.5.ffn_down_shexp.scale
create_tensor: loading tensor blk.5.ffn_up_shexp.scale
create_tensor: loading tensor blk.5.ffn_gate_exps.scale
create_tensor: loading tensor blk.5.ffn_down_exps.scale
create_tensor: loading tensor blk.5.ffn_up_exps.scale
create_tensor: loading tensor blk.5.ssm_out.scale
create_tensor: loading tensor blk.5.ssm_alpha.scale
create_tensor: loading tensor blk.5.ssm_beta.scale
create_tensor: loading tensor blk.5.attn_qkv.input_scale
create_tensor: loading tensor blk.5.attn_gate.input_scale
create_tensor: loading tensor blk.5.ffn_gate_exps.input_scale
create_tensor: loading tensor blk.5.ffn_down_exps.input_scale
create_tensor: loading tensor blk.5.ffn_up_exps.input_scale
create_tensor: loading tensor blk.5.ffn_gate_shexp.input_scale
create_tensor: loading tensor blk.5.ffn_down_shexp.input_scale
create_tensor: loading tensor blk.5.ffn_up_shexp.input_scale
create_tensor: loading tensor blk.5.ssm_out.input_scale
create_tensor: loading tensor blk.5.ssm_alpha.input_scale
create_tensor: loading tensor blk.5.ssm_beta.input_scale
create_tensor: loading tensor blk.6.attn_qkv.scale
create_tensor: loading tensor blk.6.attn_gate.scale
create_tensor: loading tensor blk.6.ffn_gate_shexp.scale
create_tensor: loading tensor blk.6.ffn_down_shexp.scale
create_tensor: loading tensor blk.6.ffn_up_shexp.scale
create_tensor: loading tensor blk.6.ffn_gate_exps.scale
create_tensor: loading tensor blk.6.ffn_down_exps.scale
create_tensor: loading tensor blk.6.ffn_up_exps.scale
create_tensor: loading tensor blk.6.ssm_out.scale
create_tensor: loading tensor blk.6.ssm_alpha.scale
create_tensor: loading tensor blk.6.ssm_beta.scale
create_tensor: loading tensor blk.6.attn_qkv.input_scale
create_tensor: loading tensor blk.6.attn_gate.input_scale
create_tensor: loading tensor blk.6.ffn_gate_exps.input_scale
create_tensor: loading tensor blk.6.ffn_down_exps.input_scale
create_tensor: loading tensor blk.6.ffn_up_exps.input_scale
create_tensor: loading tensor blk.6.ffn_gate_shexp.input_scale
create_tensor: loading tensor blk.6.ffn_down_shexp.input_scale
create_tensor: loading tensor blk.6.ffn_up_shexp.input_scale
create_tensor: loading tensor blk.6.ssm_out.input_scale
create_tensor: loading tensor blk.6.ssm_alpha.input_scale
create_tensor: loading tensor blk.6.ssm_beta.input_scale
create_tensor: loading tensor blk.7.attn_q.scale
create_tensor: loading tensor blk.7.attn_k.scale
create_tensor: loading tensor blk.7.attn_v.scale
create_tensor: loading tensor blk.7.attn_output.scale
create_tensor: loading tensor blk.7.ffn_gate_shexp.scale
create_tensor: loading tensor blk.7.ffn_down_shexp.scale
create_tensor: loading tensor blk.7.ffn_up_shexp.scale
create_tensor: loading tensor blk.7.ffn_gate_exps.scale
create_tensor: loading tensor blk.7.ffn_down_exps.scale
create_tensor: loading tensor blk.7.ffn_up_exps.scale
create_tensor: loading tensor blk.7.attn_q.input_scale
create_tensor: loading tensor blk.7.attn_k.input_scale
create_tensor: loading tensor blk.7.attn_v.input_scale
create_tensor: loading tensor blk.7.attn_output.input_scale
create_tensor: loading tensor blk.7.ffn_gate_exps.input_scale
create_tensor: loading tensor blk.7.ffn_down_exps.input_scale
create_tensor: loading tensor blk.7.ffn_up_exps.input_scale
create_tensor: loading tensor blk.7.ffn_gate_shexp.input_scale
create_tensor: loading tensor blk.7.ffn_down_shexp.input_scale
create_tensor: loading tensor blk.7.ffn_up_shexp.input_scale
create_tensor: loading tensor blk.8.attn_qkv.scale
create_tensor: loading tensor blk.8.attn_gate.scale
create_tensor: loading tensor blk.8.ffn_gate_shexp.scale
create_tensor: loading tensor blk.8.ffn_down_shexp.scale
create_tensor: loading tensor blk.8.ffn_up_shexp.scale
create_tensor: loading tensor blk.8.ffn_gate_exps.scale
create_tensor: loading tensor blk.8.ffn_down_exps.scale
create_tensor: loading tensor blk.8.ffn_up_exps.scale
create_tensor: loading tensor blk.8.ssm_out.scale
create_tensor: loading tensor blk.8.ssm_alpha.scale
create_tensor: loading tensor blk.8.ssm_beta.scale
create_tensor: loading tensor blk.8.attn_qkv.input_scale
create_tensor: loading tensor blk.8.attn_gate.input_scale
create_tensor: loading tensor blk.8.ffn_gate_exps.input_scale
create_tensor: loading tensor blk.8.ffn_down_exps.input_scale
create_tensor: loading tensor blk.8.ffn_up_exps.input_scale
create_tensor: loading tensor blk.8.ffn_gate_shexp.input_scale
create_tensor: loading tensor blk.8.ffn_down_shexp.input_scale
create_tensor: loading tensor blk.8.ffn_up_shexp.input_scale
create_tensor: loading tensor blk.8.ssm_out.input_scale
create_tensor: loading tensor blk.8.ssm_alpha.input_scale
create_tensor: loading tensor blk.8.ssm_beta.input_scale
create_tensor: loading tensor blk.9.attn_qkv.scale
create_tensor: loading tensor blk.9.attn_gate.scale
create_tensor: loading tensor blk.9.ffn_gate_shexp.scale
create_tensor: loading tensor blk.9.ffn_down_shexp.scale
create_tensor: loading tensor blk.9.ffn_up_shexp.scale
create_tensor: loading tensor blk.9.ffn_gate_exps.scale
create_tensor: loading tensor blk.9.ffn_down_exps.scale
create_tensor: loading tensor blk.9.ffn_up_exps.scale
create_tensor: loading tensor blk.9.ssm_out.scale
create_tensor: loading tensor blk.9.ssm_alpha.scale
create_tensor: loading tensor blk.9.ssm_beta.scale
create_tensor: loading tensor blk.9.attn_qkv.input_scale
create_tensor: loading tensor blk.9.attn_gate.input_scale
create_tensor: loading tensor blk.9.ffn_gate_exps.input_scale
create_tensor: loading tensor blk.9.ffn_down_exps.input_scale
create_tensor: loading tensor blk.9.ffn_up_exps.input_scale
create_tensor: loading tensor blk.9.ffn_gate_shexp.input_scale
create_tensor: loading tensor blk.9.ffn_down_shexp.input_scale
create_tensor: loading tensor blk.9.ffn_up_shexp.input_scale
create_tensor: loading tensor blk.9.ssm_out.input_scale
create_tensor: loading tensor blk.9.ssm_alpha.input_scale
create_tensor: loading tensor blk.9.ssm_beta.input_scale
create_tensor: loading tensor blk.10.attn_qkv.scale
create_tensor: loading tensor blk.10.attn_gate.scale
create_tensor: loading tensor blk.10.ffn_gate_shexp.scale
create_tensor: loading tensor blk.10.ffn_down_shexp.scale
create_tensor: loading tensor blk.10.ffn_up_shexp.scale
create_tensor: loading tensor blk.10.ffn_gate_exps.scale
create_tensor: loading tensor blk.10.ffn_down_exps.scale
create_tensor: loading tensor blk.10.ffn_up_exps.scale
create_tensor: loading tensor blk.10.ssm_out.scale
create_tensor: loading tensor blk.10.ssm_alpha.scale
create_tensor: loading tensor blk.10.ssm_beta.scale
create_tensor: loading tensor blk.10.attn_qkv.input_scale
create_tensor: loading tensor blk.10.attn_gate.input_scale
create_tensor: loading tensor blk.10.ffn_gate_exps.input_scale
create_tensor: loading tensor blk.10.ffn_down_exps.input_scale
create_tensor: loading tensor blk.10.ffn_up_exps.input_scale
create_tensor: loading tensor blk.10.ffn_gate_shexp.input_scale
create_tensor: loading tensor blk.10.ffn_down_shexp.input_scale
create_tensor: loading tensor blk.10.ffn_up_shexp.input_scale
create_tensor: loading tensor blk.10.ssm_out.input_scale
create_tensor: loading tensor blk.10.ssm_alpha.input_scale
create_tensor: loading tensor blk.10.ssm_beta.input_scale
create_tensor: loading tensor blk.11.attn_q.scale
create_tensor: loading tensor blk.11.attn_k.scale
create_tensor: loading tensor blk.11.attn_v.scale
create_tensor: loading tensor blk.11.attn_output.scale
create_tensor: loading tensor blk.11.ffn_gate_shexp.scale
create_tensor: loading tensor blk.11.ffn_down_shexp.scale
create_tensor: loading tensor blk.11.ffn_up_shexp.scale
create_tensor: loading tensor blk.11.ffn_gate_exps.scale
create_tensor: loading tensor blk.11.ffn_down_exps.scale
create_tensor: loading tensor blk.11.ffn_up_exps.scale
create_tensor: loading tensor blk.11.attn_q.input_scale
create_tensor: loading tensor blk.11.attn_k.input_scale
create_tensor: loading tensor blk.11.attn_v.input_scale
create_tensor: loading tensor blk.11.attn_output.input_scale
create_tensor: loading tensor blk.11.ffn_gate_exps.input_scale
create_tensor: loading tensor blk.11.ffn_down_exps.input_scale
create_tensor: loading tensor blk.11.ffn_up_exps.input_scale
create_tensor: loading tensor blk.11.ffn_gate_shexp.input_scale
create_tensor: loading tensor blk.11.ffn_down_shexp.input_scale
create_tensor: loading tensor blk.11.ffn_up_shexp.input_scale
create_tensor: loading tensor blk.12.attn_qkv.scale
create_tensor: loading tensor blk.12.attn_gate.scale
create_tensor: loading tensor blk.12.ffn_gate_shexp.scale
create_tensor: loading tensor blk.12.ffn_down_shexp.scale
create_tensor: loading tensor blk.12.ffn_up_shexp.scale
create_tensor: loading tensor blk.12.ffn_gate_exps.scale
create_tensor: loading tensor blk.12.ffn_down_exps.scale
create_tensor: loading tensor blk.12.ffn_up_exps.scale
create_tensor: loading tensor blk.12.ssm_out.scale
create_tensor: loading tensor blk.12.ssm_alpha.scale
create_tensor: loading tensor blk.12.ssm_beta.scale
create_tensor: loading tensor blk.12.attn_qkv.input_scale
create_tensor: loading tensor blk.12.attn_gate.input_scale
create_tensor: loading tensor blk.12.ffn_gate_exps.input_scale
create_tensor: loading tensor blk.12.ffn_down_exps.input_scale
create_tensor: loading tensor blk.12.ffn_up_exps.input_scale
create_tensor: loading tensor blk.12.ffn_gate_shexp.input_scale
create_tensor: loading tensor blk.12.ffn_down_shexp.input_scale
create_tensor: loading tensor blk.12.ffn_up_shexp.input_scale
create_tensor: loading tensor blk.12.ssm_out.input_scale
create_tensor: loading tensor blk.12.ssm_alpha.input_scale
create_tensor: loading tensor blk.12.ssm_beta.input_scale
create_tensor: loading tensor blk.13.attn_qkv.scale
create_tensor: loading tensor blk.13.attn_gate.scale
create_tensor: loading tensor blk.13.ffn_gate_shexp.scale
create_tensor: loading tensor blk.13.ffn_down_shexp.scale
create_tensor: loading tensor blk.13.ffn_up_shexp.scale
create_tensor: loading tensor blk.13.ffn_gate_exps.scale
create_tensor: loading tensor blk.13.ffn_down_exps.scale
create_tensor: loading tensor blk.13.ffn_up_exps.scale
create_tensor: loading tensor blk.13.ssm_out.scale
create_tensor: loading tensor blk.13.ssm_alpha.scale
create_tensor: loading tensor blk.13.ssm_beta.scale
create_tensor: loading tensor blk.13.attn_qkv.input_scale
create_tensor: loading tensor blk.13.attn_gate.input_scale
create_tensor: loading tensor blk.13.ffn_gate_exps.input_scale
create_tensor: loading tensor blk.13.ffn_down_exps.input_scale
create_tensor: loading tensor blk.13.ffn_up_exps.input_scale
create_tensor: loading tensor blk.13.ffn_gate_shexp.input_scale
create_tensor: loading tensor blk.13.ffn_down_shexp.input_scale
create_tensor: loading tensor blk.13.ffn_up_shexp.input_scale
create_tensor: loading tensor blk.13.ssm_out.input_scale
create_tensor: loading tensor blk.13.ssm_alpha.input_scale
create_tensor: loading tensor blk.13.ssm_beta.input_scale
create_tensor: loading tensor blk.14.attn_qkv.scale
create_tensor: loading tensor blk.14.attn_gate.scale
create_tensor: loading tensor blk.14.ffn_gate_shexp.scale
create_tensor: loading tensor blk.14.ffn_down_shexp.scale
create_tensor: loading tensor blk.14.ffn_up_shexp.scale
create_tensor: loading tensor blk.14.ffn_gate_exps.scale
create_tensor: loading tensor blk.14.ffn_down_exps.scale
create_tensor: loading tensor blk.14.ffn_up_exps.scale
create_tensor: loading tensor blk.14.ssm_out.scale
create_tensor: loading tensor blk.14.ssm_alpha.scale
create_tensor: loading tensor blk.14.ssm_beta.scale
create_tensor: loading tensor blk.14.attn_qkv.input_scale
create_tensor: loading tensor blk.14.attn_gate.input_scale
create_tensor: loading tensor blk.14.ffn_gate_exps.input_scale
create_tensor: loading tensor blk.14.ffn_down_exps.input_scale
create_tensor: loading tensor blk.14.ffn_up_exps.input_scale
create_tensor: loading tensor blk.14.ffn_gate_shexp.input_scale
create_tensor: loading tensor blk.14.ffn_down_shexp.input_scale
create_tensor: loading tensor blk.14.ffn_up_shexp.input_scale
create_tensor: loading tensor blk.14.ssm_out.input_scale
create_tensor: loading tensor blk.14.ssm_alpha.input_scale
create_tensor: loading tensor blk.14.ssm_beta.input_scale
create_tensor: loading tensor blk.15.attn_q.scale
create_tensor: loading tensor blk.15.attn_k.scale
create_tensor: loading tensor blk.15.attn_v.scale
create_tensor: loading tensor blk.15.attn_output.scale
create_tensor: loading tensor blk.15.ffn_gate_shexp.scale
create_tensor: loading tensor blk.15.ffn_down_shexp.scale
create_tensor: loading tensor blk.15.ffn_up_shexp.scale
create_tensor: loading tensor blk.15.ffn_gate_exps.scale
create_tensor: loading tensor blk.15.ffn_down_exps.scale
create_tensor: loading tensor blk.15.ffn_up_exps.scale
create_tensor: loading tensor blk.15.attn_q.input_scale
create_tensor: loading tensor blk.15.attn_k.input_scale
create_tensor: loading tensor blk.15.attn_v.input_scale
create_tensor: loading tensor blk.15.attn_output.input_scale
create_tensor: loading tensor blk.15.ffn_gate_exps.input_scale
create_tensor: loading tensor blk.15.ffn_down_exps.input_scale
create_tensor: loading tensor blk.15.ffn_up_exps.input_scale
create_tensor: loading tensor blk.15.ffn_gate_shexp.input_scale
create_tensor: loading tensor blk.15.ffn_down_shexp.input_scale
create_tensor: loading tensor blk.15.ffn_up_shexp.input_scale
create_tensor: loading tensor blk.16.attn_qkv.scale
create_tensor: loading tensor blk.16.attn_gate.scale
create_tensor: loading tensor blk.16.ffn_gate_shexp.scale
create_tensor: loading tensor blk.16.ffn_down_shexp.scale
create_tensor: loading tensor blk.16.ffn_up_shexp.scale
create_tensor: loading tensor blk.16.ffn_gate_exps.scale
create_tensor: loading tensor blk.16.ffn_down_exps.scale
create_tensor: loading tensor blk.16.ffn_up_exps.scale
create_tensor: loading tensor blk.16.ssm_out.scale
create_tensor: loading tensor blk.16.ssm_alpha.scale
create_tensor: loading tensor blk.16.ssm_beta.scale
create_tensor: loading tensor blk.16.attn_qkv.input_scale
create_tensor: loading tensor blk.16.attn_gate.input_scale
create_tensor: loading tensor blk.16.ffn_gate_exps.input_scale
create_tensor: loading tensor blk.16.ffn_down_exps.input_scale
create_tensor: loading tensor blk.16.ffn_up_exps.input_scale
create_tensor: loading tensor blk.16.ffn_gate_shexp.input_scale
create_tensor: loading tensor blk.16.ffn_down_shexp.input_scale
create_tensor: loading tensor blk.16.ffn_up_shexp.input_scale
create_tensor: loading tensor blk.16.ssm_out.input_scale
create_tensor: loading tensor blk.16.ssm_alpha.input_scale
create_tensor: loading tensor blk.16.ssm_beta.input_scale
create_tensor: loading tensor blk.17.attn_qkv.scale
create_tensor: loading tensor blk.17.attn_gate.scale
create_tensor: loading tensor blk.17.ffn_gate_shexp.scale
create_tensor: loading tensor blk.17.ffn_down_shexp.scale
create_tensor: loading tensor blk.17.ffn_up_shexp.scale
create_tensor: loading tensor blk.17.ffn_gate_exps.scale
create_tensor: loading tensor blk.17.ffn_down_exps.scale
create_tensor: loading tensor blk.17.ffn_up_exps.scale
create_tensor: loading tensor blk.17.ssm_out.scale
create_tensor: loading tensor blk.17.ssm_alpha.scale
create_tensor: loading tensor blk.17.ssm_beta.scale
create_tensor: loading tensor blk.17.attn_qkv.input_scale
create_tensor: loading tensor blk.17.attn_gate.input_scale
create_tensor: loading tensor blk.17.ffn_gate_exps.input_scale
create_tensor: loading tensor blk.17.ffn_down_exps.input_scale
create_tensor: loading tensor blk.17.ffn_up_exps.input_scale
create_tensor: loading tensor blk.17.ffn_gate_shexp.input_scale
create_tensor: loading tensor blk.17.ffn_down_shexp.input_scale
create_tensor: loading tensor blk.17.ffn_up_shexp.input_scale
create_tensor: loading tensor blk.17.ssm_out.input_scale
create_tensor: loading tensor blk.17.ssm_alpha.input_scale
create_tensor: loading tensor blk.17.ssm_beta.input_scale
create_tensor: loading tensor blk.18.attn_qkv.scale
create_tensor: loading tensor blk.18.attn_gate.scale
create_tensor: loading tensor blk.18.ffn_gate_shexp.scale
create_tensor: loading tensor blk.18.ffn_down_shexp.scale
create_tensor: loading tensor blk.18.ffn_up_shexp.scale
create_tensor: loading tensor blk.18.ffn_gate_exps.scale
create_tensor: loading tensor blk.18.ffn_down_exps.scale
create_tensor: loading tensor blk.18.ffn_up_exps.scale
create_tensor: loading tensor blk.18.ssm_out.scale
create_tensor: loading tensor blk.18.ssm_alpha.scale
create_tensor: loading tensor blk.18.ssm_beta.scale
create_tensor: loading tensor blk.18.attn_qkv.input_scale
create_tensor: loading tensor blk.18.attn_gate.input_scale
create_tensor: loading tensor blk.18.ffn_gate_exps.input_scale
create_tensor: loading tensor blk.18.ffn_down_exps.input_scale
create_tensor: loading tensor blk.18.ffn_up_exps.input_scale
create_tensor: loading tensor blk.18.ffn_gate_shexp.input_scale
create_tensor: loading tensor blk.18.ffn_down_shexp.input_scale
create_tensor: loading tensor blk.18.ffn_up_shexp.input_scale
create_tensor: loading tensor blk.18.ssm_out.input_scale
create_tensor: loading tensor blk.18.ssm_alpha.input_scale
create_tensor: loading tensor blk.18.ssm_beta.input_scale
create_tensor: loading tensor blk.19.attn_q.scale
create_tensor: loading tensor blk.19.attn_k.scale
create_tensor: loading tensor blk.19.attn_v.scale
create_tensor: loading tensor blk.19.attn_output.scale
create_tensor: loading tensor blk.19.ffn_gate_shexp.scale
create_tensor: loading tensor blk.19.ffn_down_shexp.scale
create_tensor: loading tensor blk.19.ffn_up_shexp.scale
create_tensor: loading tensor blk.19.ffn_gate_exps.scale
create_tensor: loading tensor blk.19.ffn_down_exps.scale
create_tensor: loading tensor blk.19.ffn_up_exps.scale
create_tensor: loading tensor blk.19.attn_q.input_scale
create_tensor: loading tensor blk.19.attn_k.input_scale
create_tensor: loading tensor blk.19.attn_v.input_scale
create_tensor: loading tensor blk.19.attn_output.input_scale
create_tensor: loading tensor blk.19.ffn_gate_exps.input_scale
create_tensor: loading tensor blk.19.ffn_down_exps.input_scale
create_tensor: loading tensor blk.19.ffn_up_exps.input_scale
create_tensor: loading tensor blk.19.ffn_gate_shexp.input_scale
create_tensor: loading tensor blk.19.ffn_down_shexp.input_scale
create_tensor: loading tensor blk.19.ffn_up_shexp.input_scale
create_tensor: loading tensor blk.20.attn_qkv.scale
create_tensor: loading tensor blk.20.attn_gate.scale
create_tensor: loading tensor blk.20.ffn_gate_shexp.scale
create_tensor: loading tensor blk.20.ffn_down_shexp.scale
create_tensor: loading tensor blk.20.ffn_up_shexp.scale
create_tensor: loading tensor blk.20.ffn_gate_exps.scale
create_tensor: loading tensor blk.20.ffn_down_exps.scale
create_tensor: loading tensor blk.20.ffn_up_exps.scale
create_tensor: loading tensor blk.20.ssm_out.scale
create_tensor: loading tensor blk.20.ssm_alpha.scale
create_tensor: loading tensor blk.20.ssm_beta.scale
create_tensor: loading tensor blk.20.attn_qkv.input_scale
create_tensor: loading tensor blk.20.attn_gate.input_scale
create_tensor: loading tensor blk.20.ffn_gate_exps.input_scale
create_tensor: loading tensor blk.20.ffn_down_exps.input_scale
create_tensor: loading tensor blk.20.ffn_up_exps.input_scale
create_tensor: loading tensor blk.20.ffn_gate_shexp.input_scale
create_tensor: loading tensor blk.20.ffn_down_shexp.input_scale
create_tensor: loading tensor blk.20.ffn_up_shexp.input_scale
create_tensor: loading tensor blk.20.ssm_out.input_scale
create_tensor: loading tensor blk.20.ssm_alpha.input_scale
create_tensor: loading tensor blk.20.ssm_beta.input_scale
create_tensor: loading tensor blk.21.attn_qkv.scale
create_tensor: loading tensor blk.21.attn_gate.scale
create_tensor: loading tensor blk.21.ffn_gate_shexp.scale
create_tensor: loading tensor blk.21.ffn_down_shexp.scale
create_tensor: loading tensor blk.21.ffn_up_shexp.scale
create_tensor: loading tensor blk.21.ffn_gate_exps.scale
create_tensor: loading tensor blk.21.ffn_down_exps.scale
create_tensor: loading tensor blk.21.ffn_up_exps.scale
create_tensor: loading tensor blk.21.ssm_out.scale
create_tensor: loading tensor blk.21.ssm_alpha.scale
create_tensor: loading tensor blk.21.ssm_beta.scale
create_tensor: loading tensor blk.21.attn_qkv.input_scale
create_tensor: loading tensor blk.21.attn_gate.input_scale
create_tensor: loading tensor blk.21.ffn_gate_exps.input_scale
create_tensor: loading tensor blk.21.ffn_down_exps.input_scale
create_tensor: loading tensor blk.21.ffn_up_exps.input_scale
create_tensor: loading tensor blk.21.ffn_gate_shexp.input_scale
create_tensor: loading tensor blk.21.ffn_down_shexp.input_scale
create_tensor: loading tensor blk.21.ffn_up_shexp.input_scale
create_tensor: loading tensor blk.21.ssm_out.input_scale
create_tensor: loading tensor blk.21.ssm_alpha.input_scale
create_tensor: loading tensor blk.21.ssm_beta.input_scale
create_tensor: loading tensor blk.22.attn_qkv.scale
create_tensor: loading tensor blk.22.attn_gate.scale
create_tensor: loading tensor blk.22.ffn_gate_shexp.scale
create_tensor: loading tensor blk.22.ffn_down_shexp.scale
create_tensor: loading tensor blk.22.ffn_up_shexp.scale
create_tensor: loading tensor blk.22.ffn_gate_exps.scale
create_tensor: loading tensor blk.22.ffn_down_exps.scale
create_tensor: loading tensor blk.22.ffn_up_exps.scale
create_tensor: loading tensor blk.22.ssm_out.scale
create_tensor: loading tensor blk.22.ssm_alpha.scale
create_tensor: loading tensor blk.22.ssm_beta.scale
create_tensor: loading tensor blk.22.attn_qkv.input_scale
create_tensor: loading tensor blk.22.attn_gate.input_scale
create_tensor: loading tensor blk.22.ffn_gate_exps.input_scale
create_tensor: loading tensor blk.22.ffn_down_exps.input_scale
create_tensor: loading tensor blk.22.ffn_up_exps.input_scale
create_tensor: loading tensor blk.22.ffn_gate_shexp.input_scale
create_tensor: loading tensor blk.22.ffn_down_shexp.input_scale
create_tensor: loading tensor blk.22.ffn_up_shexp.input_scale
create_tensor: loading tensor blk.22.ssm_out.input_scale
create_tensor: loading tensor blk.22.ssm_alpha.input_scale
create_tensor: loading tensor blk.22.ssm_beta.input_scale
create_tensor: loading tensor blk.23.attn_q.scale
create_tensor: loading tensor blk.23.attn_k.scale
create_tensor: loading tensor blk.23.attn_v.scale
create_tensor: loading tensor blk.23.attn_output.scale
create_tensor: loading tensor blk.23.ffn_gate_shexp.scale
create_tensor: loading tensor blk.23.ffn_down_shexp.scale
create_tensor: loading tensor blk.23.ffn_up_shexp.scale
create_tensor: loading tensor blk.23.ffn_gate_exps.scale
create_tensor: loading tensor blk.23.ffn_down_exps.scale
create_tensor: loading tensor blk.23.ffn_up_exps.scale
create_tensor: loading tensor blk.23.attn_q.input_scale
create_tensor: loading tensor blk.23.attn_k.input_scale
create_tensor: loading tensor blk.23.attn_v.input_scale
create_tensor: loading tensor blk.23.attn_output.input_scale
create_tensor: loading tensor blk.23.ffn_gate_exps.input_scale
create_tensor: loading tensor blk.23.ffn_down_exps.input_scale
create_tensor: loading tensor blk.23.ffn_up_exps.input_scale
create_tensor: loading tensor blk.23.ffn_gate_shexp.input_scale
create_tensor: loading tensor blk.23.ffn_down_shexp.input_scale
create_tensor: loading tensor blk.23.ffn_up_shexp.input_scale
create_tensor: loading tensor blk.24.attn_qkv.scale
create_tensor: loading tensor blk.24.attn_gate.scale
create_tensor: loading tensor blk.24.ffn_gate_shexp.scale
create_tensor: loading tensor blk.24.ffn_down_shexp.scale
create_tensor: loading tensor blk.24.ffn_up_shexp.scale
create_tensor: loading tensor blk.24.ffn_gate_exps.scale
create_tensor: loading tensor blk.24.ffn_down_exps.scale
create_tensor: loading tensor blk.24.ffn_up_exps.scale
create_tensor: loading tensor blk.24.ssm_out.scale
create_tensor: loading tensor blk.24.ssm_alpha.scale
create_tensor: loading tensor blk.24.ssm_beta.scale
create_tensor: loading tensor blk.24.attn_qkv.input_scale
create_tensor: loading tensor blk.24.attn_gate.input_scale
create_tensor: loading tensor blk.24.ffn_gate_exps.input_scale
create_tensor: loading tensor blk.24.ffn_down_exps.input_scale
create_tensor: loading tensor blk.24.ffn_up_exps.input_scale
create_tensor: loading tensor blk.24.ffn_gate_shexp.input_scale
create_tensor: loading tensor blk.24.ffn_down_shexp.input_scale
create_tensor: loading tensor blk.24.ffn_up_shexp.input_scale
create_tensor: loading tensor blk.24.ssm_out.input_scale
create_tensor: loading tensor blk.24.ssm_alpha.input_scale
create_tensor: loading tensor blk.24.ssm_beta.input_scale
create_tensor: loading tensor blk.25.attn_qkv.scale
create_tensor: loading tensor blk.25.attn_gate.scale
create_tensor: loading tensor blk.25.ffn_gate_shexp.scale
create_tensor: loading tensor blk.25.ffn_down_shexp.scale
create_tensor: loading tensor blk.25.ffn_up_shexp.scale
create_tensor: loading tensor blk.25.ffn_gate_exps.scale
create_tensor: loading tensor blk.25.ffn_down_exps.scale
create_tensor: loading tensor blk.25.ffn_up_exps.scale
create_tensor: loading tensor blk.25.ssm_out.scale
create_tensor: loading tensor blk.25.ssm_alpha.scale
create_tensor: loading tensor blk.25.ssm_beta.scale
create_tensor: loading tensor blk.25.attn_qkv.input_scale
create_tensor: loading tensor blk.25.attn_gate.input_scale
create_tensor: loading tensor blk.25.ffn_gate_exps.input_scale
create_tensor: loading tensor blk.25.ffn_down_exps.input_scale
create_tensor: loading tensor blk.25.ffn_up_exps.input_scale
create_tensor: loading tensor blk.25.ffn_gate_shexp.input_scale
create_tensor: loading tensor blk.25.ffn_down_shexp.input_scale
create_tensor: loading tensor blk.25.ffn_up_shexp.input_scale
create_tensor: loading tensor blk.25.ssm_out.input_scale
create_tensor: loading tensor blk.25.ssm_alpha.input_scale
create_tensor: loading tensor blk.25.ssm_beta.input_scale
create_tensor: loading tensor blk.26.attn_qkv.scale
create_tensor: loading tensor blk.26.attn_gate.scale
create_tensor: loading tensor blk.26.ffn_gate_shexp.scale
create_tensor: loading tensor blk.26.ffn_down_shexp.scale
create_tensor: loading tensor blk.26.ffn_up_shexp.scale
create_tensor: loading tensor blk.26.ffn_gate_exps.scale
create_tensor: loading tensor blk.26.ffn_down_exps.scale
create_tensor: loading tensor blk.26.ffn_up_exps.scale
create_tensor: loading tensor blk.26.ssm_out.scale
create_tensor: loading tensor blk.26.ssm_alpha.scale
create_tensor: loading tensor blk.26.ssm_beta.scale
create_tensor: loading tensor blk.26.attn_qkv.input_scale
create_tensor: loading tensor blk.26.attn_gate.input_scale
create_tensor: loading tensor blk.26.ffn_gate_exps.input_scale
create_tensor: loading tensor blk.26.ffn_down_exps.input_scale
create_tensor: loading tensor blk.26.ffn_up_exps.input_scale
create_tensor: loading tensor blk.26.ffn_gate_shexp.input_scale
create_tensor: loading tensor blk.26.ffn_down_shexp.input_scale
create_tensor: loading tensor blk.26.ffn_up_shexp.input_scale
create_tensor: loading tensor blk.26.ssm_out.input_scale
create_tensor: loading tensor blk.26.ssm_alpha.input_scale
create_tensor: loading tensor blk.26.ssm_beta.input_scale
create_tensor: loading tensor blk.27.attn_q.scale
create_tensor: loading tensor blk.27.attn_k.scale
create_tensor: loading tensor blk.27.attn_v.scale
create_tensor: loading tensor blk.27.attn_output.scale
create_tensor: loading tensor blk.27.ffn_gate_shexp.scale
create_tensor: loading tensor blk.27.ffn_down_shexp.scale
create_tensor: loading tensor blk.27.ffn_up_shexp.scale
create_tensor: loading tensor blk.27.ffn_gate_exps.scale
create_tensor: loading tensor blk.27.ffn_down_exps.scale
create_tensor: loading tensor blk.27.ffn_up_exps.scale
create_tensor: loading tensor blk.27.attn_q.input_scale
create_tensor: loading tensor blk.27.attn_k.input_scale
create_tensor: loading tensor blk.27.attn_v.input_scale
create_tensor: loading tensor blk.27.attn_output.input_scale
create_tensor: loading tensor blk.27.ffn_gate_exps.input_scale
create_tensor: loading tensor blk.27.ffn_down_exps.input_scale
create_tensor: loading tensor blk.27.ffn_up_exps.input_scale
create_tensor: loading tensor blk.27.ffn_gate_shexp.input_scale
create_tensor: loading tensor blk.27.ffn_down_shexp.input_scale
create_tensor: loading tensor blk.27.ffn_up_shexp.input_scale
create_tensor: loading tensor blk.28.attn_qkv.scale
create_tensor: loading tensor blk.28.attn_gate.scale
create_tensor: loading tensor blk.28.ffn_gate_shexp.scale
create_tensor: loading tensor blk.28.ffn_down_shexp.scale
create_tensor: loading tensor blk.28.ffn_up_shexp.scale
create_tensor: loading tensor blk.28.ffn_gate_exps.scale
create_tensor: loading tensor blk.28.ffn_down_exps.scale
create_tensor: loading tensor blk.28.ffn_up_exps.scale
create_tensor: loading tensor blk.28.ssm_out.scale
create_tensor: loading tensor blk.28.ssm_alpha.scale
create_tensor: loading tensor blk.28.ssm_beta.scale
create_tensor: loading tensor blk.28.attn_qkv.input_scale
create_tensor: loading tensor blk.28.attn_gate.input_scale
create_tensor: loading tensor blk.28.ffn_gate_exps.input_scale
create_tensor: loading tensor blk.28.ffn_down_exps.input_scale
create_tensor: loading tensor blk.28.ffn_up_exps.input_scale
create_tensor: loading tensor blk.28.ffn_gate_shexp.input_scale
create_tensor: loading tensor blk.28.ffn_down_shexp.input_scale
create_tensor: loading tensor blk.28.ffn_up_shexp.input_scale
create_tensor: loading tensor blk.28.ssm_out.input_scale
create_tensor: loading tensor blk.28.ssm_alpha.input_scale
create_tensor: loading tensor blk.28.ssm_beta.input_scale
create_tensor: loading tensor blk.29.attn_qkv.scale
create_tensor: loading tensor blk.29.attn_gate.scale
create_tensor: loading tensor blk.29.ffn_gate_shexp.scale
create_tensor: loading tensor blk.29.ffn_down_shexp.scale
create_tensor: loading tensor blk.29.ffn_up_shexp.scale
create_tensor: loading tensor blk.29.ffn_gate_exps.scale
create_tensor: loading tensor blk.29.ffn_down_exps.scale
create_tensor: loading tensor blk.29.ffn_up_exps.scale
create_tensor: loading tensor blk.29.ssm_out.scale
create_tensor: loading tensor blk.29.ssm_alpha.scale
create_tensor: loading tensor blk.29.ssm_beta.scale
create_tensor: loading tensor blk.29.attn_qkv.input_scale
create_tensor: loading tensor blk.29.attn_gate.input_scale
create_tensor: loading tensor blk.29.ffn_gate_exps.input_scale
create_tensor: loading tensor blk.29.ffn_down_exps.input_scale
create_tensor: loading tensor blk.29.ffn_up_exps.input_scale
create_tensor: loading tensor blk.29.ffn_gate_shexp.input_scale
create_tensor: loading tensor blk.29.ffn_down_shexp.input_scale
create_tensor: loading tensor blk.29.ffn_up_shexp.input_scale
create_tensor: loading tensor blk.29.ssm_out.input_scale
create_tensor: loading tensor blk.29.ssm_alpha.input_scale
create_tensor: loading tensor blk.29.ssm_beta.input_scale
create_tensor: loading tensor blk.30.attn_qkv.scale
create_tensor: loading tensor blk.30.attn_gate.scale
create_tensor: loading tensor blk.30.ffn_gate_shexp.scale
create_tensor: loading tensor blk.30.ffn_down_shexp.scale
create_tensor: loading tensor blk.30.ffn_up_shexp.scale
create_tensor: loading tensor blk.30.ffn_gate_exps.scale
create_tensor: loading tensor blk.30.ffn_down_exps.scale
create_tensor: loading tensor blk.30.ffn_up_exps.scale
create_tensor: loading tensor blk.30.ssm_out.scale
create_tensor: loading tensor blk.30.ssm_alpha.scale
create_tensor: loading tensor blk.30.ssm_beta.scale
create_tensor: loading tensor blk.30.attn_qkv.input_scale
create_tensor: loading tensor blk.30.attn_gate.input_scale
create_tensor: loading tensor blk.30.ffn_gate_exps.input_scale
create_tensor: loading tensor blk.30.ffn_down_exps.input_scale
create_tensor: loading tensor blk.30.ffn_up_exps.input_scale
create_tensor: loading tensor blk.30.ffn_gate_shexp.input_scale
create_tensor: loading tensor blk.30.ffn_down_shexp.input_scale
create_tensor: loading tensor blk.30.ffn_up_shexp.input_scale
create_tensor: loading tensor blk.30.ssm_out.input_scale
create_tensor: loading tensor blk.30.ssm_alpha.input_scale
create_tensor: loading tensor blk.30.ssm_beta.input_scale
create_tensor: loading tensor blk.31.attn_q.scale
create_tensor: loading tensor blk.31.attn_k.scale
create_tensor: loading tensor blk.31.attn_v.scale
create_tensor: loading tensor blk.31.attn_output.scale
create_tensor: loading tensor blk.31.ffn_gate_shexp.scale
create_tensor: loading tensor blk.31.ffn_down_shexp.scale
create_tensor: loading tensor blk.31.ffn_up_shexp.scale
create_tensor: loading tensor blk.31.ffn_gate_exps.scale
create_tensor: loading tensor blk.31.ffn_down_exps.scale
create_tensor: loading tensor blk.31.ffn_up_exps.scale
create_tensor: loading tensor blk.31.attn_q.input_scale
create_tensor: loading tensor blk.31.attn_k.input_scale
create_tensor: loading tensor blk.31.attn_v.input_scale
create_tensor: loading tensor blk.31.attn_output.input_scale
create_tensor: loading tensor blk.31.ffn_gate_exps.input_scale
create_tensor: loading tensor blk.31.ffn_down_exps.input_scale
create_tensor: loading tensor blk.31.ffn_up_exps.input_scale
create_tensor: loading tensor blk.31.ffn_gate_shexp.input_scale
create_tensor: loading tensor blk.31.ffn_down_shexp.input_scale
create_tensor: loading tensor blk.31.ffn_up_shexp.input_scale
create_tensor: loading tensor blk.32.attn_qkv.scale
create_tensor: loading tensor blk.32.attn_gate.scale
create_tensor: loading tensor blk.32.ffn_gate_shexp.scale
create_tensor: loading tensor blk.32.ffn_down_shexp.scale
create_tensor: loading tensor blk.32.ffn_up_shexp.scale
create_tensor: loading tensor blk.32.ffn_gate_exps.scale
create_tensor: loading tensor blk.32.ffn_down_exps.scale
create_tensor: loading tensor blk.32.ffn_up_exps.scale
create_tensor: loading tensor blk.32.ssm_out.scale
create_tensor: loading tensor blk.32.ssm_alpha.scale
create_tensor: loading tensor blk.32.ssm_beta.scale
create_tensor: loading tensor blk.32.attn_qkv.input_scale
create_tensor: loading tensor blk.32.attn_gate.input_scale
create_tensor: loading tensor blk.32.ffn_gate_exps.input_scale
create_tensor: loading tensor blk.32.ffn_down_exps.input_scale
create_tensor: loading tensor blk.32.ffn_up_exps.input_scale
create_tensor: loading tensor blk.32.ffn_gate_shexp.input_scale
create_tensor: loading tensor blk.32.ffn_down_shexp.input_scale
create_tensor: loading tensor blk.32.ffn_up_shexp.input_scale
create_tensor: loading tensor blk.32.ssm_out.input_scale
create_tensor: loading tensor blk.32.ssm_alpha.input_scale
create_tensor: loading tensor blk.32.ssm_beta.input_scale
create_tensor: loading tensor blk.33.attn_qkv.scale
create_tensor: loading tensor blk.33.attn_gate.scale
create_tensor: loading tensor blk.33.ffn_gate_shexp.scale
create_tensor: loading tensor blk.33.ffn_down_shexp.scale
create_tensor: loading tensor blk.33.ffn_up_shexp.scale
create_tensor: loading tensor blk.33.ffn_gate_exps.scale
create_tensor: loading tensor blk.33.ffn_down_exps.scale
create_tensor: loading tensor blk.33.ffn_up_exps.scale
create_tensor: loading tensor blk.33.ssm_out.scale
create_tensor: loading tensor blk.33.ssm_alpha.scale
create_tensor: loading tensor blk.33.ssm_beta.scale
create_tensor: loading tensor blk.33.attn_qkv.input_scale
create_tensor: loading tensor blk.33.attn_gate.input_scale
create_tensor: loading tensor blk.33.ffn_gate_exps.input_scale
create_tensor: loading tensor blk.33.ffn_down_exps.input_scale
create_tensor: loading tensor blk.33.ffn_up_exps.input_scale
create_tensor: loading tensor blk.33.ffn_gate_shexp.input_scale
create_tensor: loading tensor blk.33.ffn_down_shexp.input_scale
create_tensor: loading tensor blk.33.ffn_up_shexp.input_scale
create_tensor: loading tensor blk.33.ssm_out.input_scale
create_tensor: loading tensor blk.33.ssm_alpha.input_scale
create_tensor: loading tensor blk.33.ssm_beta.input_scale
create_tensor: loading tensor blk.34.attn_qkv.scale
create_tensor: loading tensor blk.34.attn_gate.scale
create_tensor: loading tensor blk.34.ffn_gate_shexp.scale
create_tensor: loading tensor blk.34.ffn_down_shexp.scale
create_tensor: loading tensor blk.34.ffn_up_shexp.scale
create_tensor: loading tensor blk.34.ffn_gate_exps.scale
create_tensor: loading tensor blk.34.ffn_down_exps.scale
create_tensor: loading tensor blk.34.ffn_up_exps.scale
create_tensor: loading tensor blk.34.ssm_out.scale
create_tensor: loading tensor blk.34.ssm_alpha.scale
create_tensor: loading tensor blk.34.ssm_beta.scale
create_tensor: loading tensor blk.34.attn_qkv.input_scale
create_tensor: loading tensor blk.34.attn_gate.input_scale
create_tensor: loading tensor blk.34.ffn_gate_exps.input_scale
create_tensor: loading tensor blk.34.ffn_down_exps.input_scale
create_tensor: loading tensor blk.34.ffn_up_exps.input_scale
create_tensor: loading tensor blk.34.ffn_gate_shexp.input_scale
create_tensor: loading tensor blk.34.ffn_down_shexp.input_scale
create_tensor: loading tensor blk.34.ffn_up_shexp.input_scale
create_tensor: loading tensor blk.34.ssm_out.input_scale
create_tensor: loading tensor blk.34.ssm_alpha.input_scale
create_tensor: loading tensor blk.34.ssm_beta.input_scale
create_tensor: loading tensor blk.35.attn_q.scale
create_tensor: loading tensor blk.35.attn_k.scale
create_tensor: loading tensor blk.35.attn_v.scale
create_tensor: loading tensor blk.35.attn_output.scale
create_tensor: loading tensor blk.35.ffn_gate_shexp.scale
create_tensor: loading tensor blk.35.ffn_down_shexp.scale
create_tensor: loading tensor blk.35.ffn_up_shexp.scale
create_tensor: loading tensor blk.35.ffn_gate_exps.scale
create_tensor: loading tensor blk.35.ffn_down_exps.scale
create_tensor: loading tensor blk.35.ffn_up_exps.scale
create_tensor: loading tensor blk.35.attn_q.input_scale
create_tensor: loading tensor blk.35.attn_k.input_scale
create_tensor: loading tensor blk.35.attn_v.input_scale
create_tensor: loading tensor blk.35.attn_output.input_scale
create_tensor: loading tensor blk.35.ffn_gate_exps.input_scale
create_tensor: loading tensor blk.35.ffn_down_exps.input_scale
create_tensor: loading tensor blk.35.ffn_up_exps.input_scale
create_tensor: loading tensor blk.35.ffn_gate_shexp.input_scale
create_tensor: loading tensor blk.35.ffn_down_shexp.input_scale
create_tensor: loading tensor blk.35.ffn_up_shexp.input_scale
create_tensor: loading tensor blk.36.attn_qkv.scale
create_tensor: loading tensor blk.36.attn_gate.scale
create_tensor: loading tensor blk.36.ffn_gate_shexp.scale
create_tensor: loading tensor blk.36.ffn_down_shexp.scale
create_tensor: loading tensor blk.36.ffn_up_shexp.scale
create_tensor: loading tensor blk.36.ffn_gate_exps.scale
create_tensor: loading tensor blk.36.ffn_down_exps.scale
create_tensor: loading tensor blk.36.ffn_up_exps.scale
create_tensor: loading tensor blk.36.ssm_out.scale
create_tensor: loading tensor blk.36.ssm_alpha.scale
create_tensor: loading tensor blk.36.ssm_beta.scale
create_tensor: loading tensor blk.36.attn_qkv.input_scale
create_tensor: loading tensor blk.36.attn_gate.input_scale
create_tensor: loading tensor blk.36.ffn_gate_exps.input_scale
create_tensor: loading tensor blk.36.ffn_down_exps.input_scale
create_tensor: loading tensor blk.36.ffn_up_exps.input_scale
create_tensor: loading tensor blk.36.ffn_gate_shexp.input_scale
create_tensor: loading tensor blk.36.ffn_down_shexp.input_scale
create_tensor: loading tensor blk.36.ffn_up_shexp.input_scale
create_tensor: loading tensor blk.36.ssm_out.input_scale
create_tensor: loading tensor blk.36.ssm_alpha.input_scale
create_tensor: loading tensor blk.36.ssm_beta.input_scale
create_tensor: loading tensor blk.37.attn_qkv.scale
create_tensor: loading tensor blk.37.attn_gate.scale
create_tensor: loading tensor blk.37.ffn_gate_shexp.scale
create_tensor: loading tensor blk.37.ffn_down_shexp.scale
create_tensor: loading tensor blk.37.ffn_up_shexp.scale
create_tensor: loading tensor blk.37.ffn_gate_exps.scale
create_tensor: loading tensor blk.37.ffn_down_exps.scale
create_tensor: loading tensor blk.37.ffn_up_exps.scale
create_tensor: loading tensor blk.37.ssm_out.scale
create_tensor: loading tensor blk.37.ssm_alpha.scale
create_tensor: loading tensor blk.37.ssm_beta.scale
create_tensor: loading tensor blk.37.attn_qkv.input_scale
create_tensor: loading tensor blk.37.attn_gate.input_scale
create_tensor: loading tensor blk.37.ffn_gate_exps.input_scale
create_tensor: loading tensor blk.37.ffn_down_exps.input_scale
create_tensor: loading tensor blk.37.ffn_up_exps.input_scale
create_tensor: loading tensor blk.37.ffn_gate_shexp.input_scale
create_tensor: loading tensor blk.37.ffn_down_shexp.input_scale
create_tensor: loading tensor blk.37.ffn_up_shexp.input_scale
create_tensor: loading tensor blk.37.ssm_out.input_scale
create_tensor: loading tensor blk.37.ssm_alpha.input_scale
create_tensor: loading tensor blk.37.ssm_beta.input_scale
create_tensor: loading tensor blk.38.attn_qkv.scale
create_tensor: loading tensor blk.38.attn_gate.scale
create_tensor: loading tensor blk.38.ffn_gate_shexp.scale
create_tensor: loading tensor blk.38.ffn_down_shexp.scale
create_tensor: loading tensor blk.38.ffn_up_shexp.scale
create_tensor: loading tensor blk.38.ffn_gate_exps.scale
create_tensor: loading tensor blk.38.ffn_down_exps.scale
create_tensor: loading tensor blk.38.ffn_up_exps.scale
create_tensor: loading tensor blk.38.ssm_out.scale
create_tensor: loading tensor blk.38.ssm_alpha.scale
create_tensor: loading tensor blk.38.ssm_beta.scale
create_tensor: loading tensor blk.38.attn_qkv.input_scale
create_tensor: loading tensor blk.38.attn_gate.input_scale
create_tensor: loading tensor blk.38.ffn_gate_exps.input_scale
create_tensor: loading tensor blk.38.ffn_down_exps.input_scale
create_tensor: loading tensor blk.38.ffn_up_exps.input_scale
create_tensor: loading tensor blk.38.ffn_gate_shexp.input_scale
create_tensor: loading tensor blk.38.ffn_down_shexp.input_scale
create_tensor: loading tensor blk.38.ffn_up_shexp.input_scale
create_tensor: loading tensor blk.38.ssm_out.input_scale
create_tensor: loading tensor blk.38.ssm_alpha.input_scale
create_tensor: loading tensor blk.38.ssm_beta.input_scale
create_tensor: loading tensor blk.39.attn_q.scale
create_tensor: loading tensor blk.39.attn_k.scale
create_tensor: loading tensor blk.39.attn_v.scale
create_tensor: loading tensor blk.39.attn_output.scale
create_tensor: loading tensor blk.39.ffn_gate_shexp.scale
create_tensor: loading tensor blk.39.ffn_down_shexp.scale
create_tensor: loading tensor blk.39.ffn_up_shexp.scale
create_tensor: loading tensor blk.39.ffn_gate_exps.scale
create_tensor: loading tensor blk.39.ffn_down_exps.scale
create_tensor: loading tensor blk.39.ffn_up_exps.scale
create_tensor: loading tensor blk.39.attn_q.input_scale
create_tensor: loading tensor blk.39.attn_k.input_scale
create_tensor: loading tensor blk.39.attn_v.input_scale
create_tensor: loading tensor blk.39.attn_output.input_scale
create_tensor: loading tensor blk.39.ffn_gate_exps.input_scale
create_tensor: loading tensor blk.39.ffn_down_exps.input_scale
create_tensor: loading tensor blk.39.ffn_up_exps.input_scale
create_tensor: loading tensor blk.39.ffn_gate_shexp.input_scale
create_tensor: loading tensor blk.39.ffn_down_shexp.input_scale
create_tensor: loading tensor blk.39.ffn_up_shexp.input_scale
create_tensor: loading tensor blk.40.attn_qkv.scale
create_tensor: loading tensor blk.40.attn_gate.scale
create_tensor: loading tensor blk.40.ffn_gate_shexp.scale
create_tensor: loading tensor blk.40.ffn_down_shexp.scale
create_tensor: loading tensor blk.40.ffn_up_shexp.scale
create_tensor: loading tensor blk.40.ffn_gate_exps.scale
create_tensor: loading tensor blk.40.ffn_down_exps.scale
create_tensor: loading tensor blk.40.ffn_up_exps.scale
create_tensor: loading tensor blk.40.ssm_out.scale
create_tensor: loading tensor blk.40.ssm_alpha.scale
create_tensor: loading tensor blk.40.ssm_beta.scale
create_tensor: loading tensor blk.40.attn_qkv.input_scale
create_tensor: loading tensor blk.40.attn_gate.input_scale
create_tensor: loading tensor blk.40.ffn_gate_exps.input_scale
create_tensor: loading tensor blk.40.ffn_down_exps.input_scale
create_tensor: loading tensor blk.40.ffn_up_exps.input_scale
create_tensor: loading tensor blk.40.ffn_gate_shexp.input_scale
create_tensor: loading tensor blk.40.ffn_down_shexp.input_scale
create_tensor: loading tensor blk.40.ffn_up_shexp.input_scale
create_tensor: loading tensor blk.40.ssm_out.input_scale
create_tensor: loading tensor blk.40.ssm_alpha.input_scale
create_tensor: loading tensor blk.40.ssm_beta.input_scale
create_tensor: loading tensor blk.41.attn_qkv.scale
create_tensor: loading tensor blk.41.attn_gate.scale
create_tensor: loading tensor blk.41.ffn_gate_shexp.scale
create_tensor: loading tensor blk.41.ffn_down_shexp.scale
create_tensor: loading tensor blk.41.ffn_up_shexp.scale
create_tensor: loading tensor blk.41.ffn_gate_exps.scale
create_tensor: loading tensor blk.41.ffn_down_exps.scale
create_tensor: loading tensor blk.41.ffn_up_exps.scale
create_tensor: loading tensor blk.41.ssm_out.scale
create_tensor: loading tensor blk.41.ssm_alpha.scale
create_tensor: loading tensor blk.41.ssm_beta.scale
create_tensor: loading tensor blk.41.attn_qkv.input_scale
create_tensor: loading tensor blk.41.attn_gate.input_scale
create_tensor: loading tensor blk.41.ffn_gate_exps.input_scale
create_tensor: loading tensor blk.41.ffn_down_exps.input_scale
create_tensor: loading tensor blk.41.ffn_up_exps.input_scale
create_tensor: loading tensor blk.41.ffn_gate_shexp.input_scale
create_tensor: loading tensor blk.41.ffn_down_shexp.input_scale
create_tensor: loading tensor blk.41.ffn_up_shexp.input_scale
create_tensor: loading tensor blk.41.ssm_out.input_scale
create_tensor: loading tensor blk.41.ssm_alpha.input_scale
create_tensor: loading tensor blk.41.ssm_beta.input_scale
create_tensor: loading tensor blk.42.attn_qkv.scale
create_tensor: loading tensor blk.42.attn_gate.scale
create_tensor: loading tensor blk.42.ffn_gate_shexp.scale
create_tensor: loading tensor blk.42.ffn_down_shexp.scale
create_tensor: loading tensor blk.42.ffn_up_shexp.scale
create_tensor: loading tensor blk.42.ffn_gate_exps.scale
create_tensor: loading tensor blk.42.ffn_down_exps.scale
create_tensor: loading tensor blk.42.ffn_up_exps.scale
create_tensor: loading tensor blk.42.ssm_out.scale
create_tensor: loading tensor blk.42.ssm_alpha.scale
create_tensor: loading tensor blk.42.ssm_beta.scale
create_tensor: loading tensor blk.42.attn_qkv.input_scale
create_tensor: loading tensor blk.42.attn_gate.input_scale
create_tensor: loading tensor blk.42.ffn_gate_exps.input_scale
create_tensor: loading tensor blk.42.ffn_down_exps.input_scale
create_tensor: loading tensor blk.42.ffn_up_exps.input_scale
create_tensor: loading tensor blk.42.ffn_gate_shexp.input_scale
create_tensor: loading tensor blk.42.ffn_down_shexp.input_scale
create_tensor: loading tensor blk.42.ffn_up_shexp.input_scale
create_tensor: loading tensor blk.42.ssm_out.input_scale
create_tensor: loading tensor blk.42.ssm_alpha.input_scale
create_tensor: loading tensor blk.42.ssm_beta.input_scale
create_tensor: loading tensor blk.43.attn_q.scale
create_tensor: loading tensor blk.43.attn_k.scale
create_tensor: loading tensor blk.43.attn_v.scale
create_tensor: loading tensor blk.43.attn_output.scale
create_tensor: loading tensor blk.43.ffn_gate_shexp.scale
create_tensor: loading tensor blk.43.ffn_down_shexp.scale
create_tensor: loading tensor blk.43.ffn_up_shexp.scale
create_tensor: loading tensor blk.43.ffn_gate_exps.scale
create_tensor: loading tensor blk.43.ffn_down_exps.scale
create_tensor: loading tensor blk.43.ffn_up_exps.scale
create_tensor: loading tensor blk.43.attn_q.input_scale
create_tensor: loading tensor blk.43.attn_k.input_scale
create_tensor: loading tensor blk.43.attn_v.input_scale
create_tensor: loading tensor blk.43.attn_output.input_scale
create_tensor: loading tensor blk.43.ffn_gate_exps.input_scale
create_tensor: loading tensor blk.43.ffn_down_exps.input_scale
create_tensor: loading tensor blk.43.ffn_up_exps.input_scale
create_tensor: loading tensor blk.43.ffn_gate_shexp.input_scale
create_tensor: loading tensor blk.43.ffn_down_shexp.input_scale
create_tensor: loading tensor blk.43.ffn_up_shexp.input_scale
create_tensor: loading tensor blk.44.attn_qkv.scale
create_tensor: loading tensor blk.44.attn_gate.scale
create_tensor: loading tensor blk.44.ffn_gate_shexp.scale
create_tensor: loading tensor blk.44.ffn_down_shexp.scale
create_tensor: loading tensor blk.44.ffn_up_shexp.scale
create_tensor: loading tensor blk.44.ffn_gate_exps.scale
create_tensor: loading tensor blk.44.ffn_down_exps.scale
create_tensor: loading tensor blk.44.ffn_up_exps.scale
create_tensor: loading tensor blk.44.ssm_out.scale
create_tensor: loading tensor blk.44.ssm_alpha.scale
create_tensor: loading tensor blk.44.ssm_beta.scale
create_tensor: loading tensor blk.44.attn_qkv.input_scale
create_tensor: loading tensor blk.44.attn_gate.input_scale
create_tensor: loading tensor blk.44.ffn_gate_exps.input_scale
create_tensor: loading tensor blk.44.ffn_down_exps.input_scale
create_tensor: loading tensor blk.44.ffn_up_exps.input_scale
create_tensor: loading tensor blk.44.ffn_gate_shexp.input_scale
create_tensor: loading tensor blk.44.ffn_down_shexp.input_scale
create_tensor: loading tensor blk.44.ffn_up_shexp.input_scale
create_tensor: loading tensor blk.44.ssm_out.input_scale
create_tensor: loading tensor blk.44.ssm_alpha.input_scale
create_tensor: loading tensor blk.44.ssm_beta.input_scale
create_tensor: loading tensor blk.45.attn_qkv.scale
create_tensor: loading tensor blk.45.attn_gate.scale
create_tensor: loading tensor blk.45.ffn_gate_shexp.scale
create_tensor: loading tensor blk.45.ffn_down_shexp.scale
create_tensor: loading tensor blk.45.ffn_up_shexp.scale
create_tensor: loading tensor blk.45.ffn_gate_exps.scale
create_tensor: loading tensor blk.45.ffn_down_exps.scale
create_tensor: loading tensor blk.45.ffn_up_exps.scale
create_tensor: loading tensor blk.45.ssm_out.scale
create_tensor: loading tensor blk.45.ssm_alpha.scale
create_tensor: loading tensor blk.45.ssm_beta.scale
create_tensor: loading tensor blk.45.attn_qkv.input_scale
create_tensor: loading tensor blk.45.attn_gate.input_scale
create_tensor: loading tensor blk.45.ffn_gate_exps.input_scale
create_tensor: loading tensor blk.45.ffn_down_exps.input_scale
create_tensor: loading tensor blk.45.ffn_up_exps.input_scale
create_tensor: loading tensor blk.45.ffn_gate_shexp.input_scale
create_tensor: loading tensor blk.45.ffn_down_shexp.input_scale
create_tensor: loading tensor blk.45.ffn_up_shexp.input_scale
create_tensor: loading tensor blk.45.ssm_out.input_scale
create_tensor: loading tensor blk.45.ssm_alpha.input_scale
create_tensor: loading tensor blk.45.ssm_beta.input_scale
create_tensor: loading tensor blk.46.attn_qkv.scale
create_tensor: loading tensor blk.46.attn_gate.scale
create_tensor: loading tensor blk.46.ffn_gate_shexp.scale
create_tensor: loading tensor blk.46.ffn_down_shexp.scale
create_tensor: loading tensor blk.46.ffn_up_shexp.scale
create_tensor: loading tensor blk.46.ffn_gate_exps.scale
create_tensor: loading tensor blk.46.ffn_down_exps.scale
create_tensor: loading tensor blk.46.ffn_up_exps.scale
create_tensor: loading tensor blk.46.ssm_out.scale
create_tensor: loading tensor blk.46.ssm_alpha.scale
create_tensor: loading tensor blk.46.ssm_beta.scale
create_tensor: loading tensor blk.46.attn_qkv.input_scale
create_tensor: loading tensor blk.46.attn_gate.input_scale
create_tensor: loading tensor blk.46.ffn_gate_exps.input_scale
create_tensor: loading tensor blk.46.ffn_down_exps.input_scale
create_tensor: loading tensor blk.46.ffn_up_exps.input_scale
create_tensor: loading tensor blk.46.ffn_gate_shexp.input_scale
create_tensor: loading tensor blk.46.ffn_down_shexp.input_scale
create_tensor: loading tensor blk.46.ffn_up_shexp.input_scale
create_tensor: loading tensor blk.46.ssm_out.input_scale
create_tensor: loading tensor blk.46.ssm_alpha.input_scale
create_tensor: loading tensor blk.46.ssm_beta.input_scale
create_tensor: loading tensor blk.47.attn_q.scale
create_tensor: loading tensor blk.47.attn_k.scale
create_tensor: loading tensor blk.47.attn_v.scale
create_tensor: loading tensor blk.47.attn_output.scale
create_tensor: loading tensor blk.47.ffn_gate_shexp.scale
create_tensor: loading tensor blk.47.ffn_down_shexp.scale
create_tensor: loading tensor blk.47.ffn_up_shexp.scale
create_tensor: loading tensor blk.47.ffn_gate_exps.scale
create_tensor: loading tensor blk.47.ffn_down_exps.scale
create_tensor: loading tensor blk.47.ffn_up_exps.scale
create_tensor: loading tensor blk.47.attn_q.input_scale
create_tensor: loading tensor blk.47.attn_k.input_scale
create_tensor: loading tensor blk.47.attn_v.input_scale
create_tensor: loading tensor blk.47.attn_output.input_scale
create_tensor: loading tensor blk.47.ffn_gate_exps.input_scale
create_tensor: loading tensor blk.47.ffn_down_exps.input_scale
create_tensor: loading tensor blk.47.ffn_up_exps.input_scale
create_tensor: loading tensor blk.47.ffn_gate_shexp.input_scale
create_tensor: loading tensor blk.47.ffn_down_shexp.input_scale
create_tensor: loading tensor blk.47.ffn_up_shexp.input_scale
hybrid expert cache: loaded 3687 resident layer-expert entries from .\results\hybrid-decode-runtime\plans\lru-8-gib.csv
done_getting_tensors: tensor 'token_embd.weight' (q8_0) (and 145 others) cannot be used with preferred buffer type CUDA_Host, using CPU instead
load_tensors: offloading output layer to GPU
load_tensors: offloading 47 repeating layers to GPU
load_tensors: offloaded 49/49 layers to GPU
load_tensors:   CPU_Mapped model buffer size = 47015.89 MiB
load_tensors:   CPU_Mapped model buffer size = 41787.15 MiB
load_tensors:        CUDA0 model buffer size = 13008.91 MiB
......................................................................
hybrid expert cache: populated 8549.00 MiB of packed GPU weights
llama_context: constructing llama_context
llama_context: n_seq_max             = 1
llama_context: n_ctx                 = 17408
llama_context: n_ctx_seq             = 17408
llama_context: n_batch               = 2048
llama_context: n_ubatch              = 512
llama_context: causal_attn           = 1
llama_context: flash_attn            = auto
llama_context: kv_unified            = false
llama_context: freq_base             = 10000000.0
llama_context: freq_scale            = 1
llama_context: n_rs_seq              = 0
llama_context: n_outputs_max         = 2048
llama_context: n_outputs_max_per_seq = 1
llama_context: n_ctx_seq (17408) < n_ctx_train (262144) -- the full capacity of the model will not be utilized
set_abort_callback: call
llama_context:  CUDA_Host  output buffer size =     0.95 MiB
llama_kv_cache: layer   0: filtered
llama_kv_cache: layer   1: filtered
llama_kv_cache: layer   2: filtered
llama_kv_cache: layer   3: dev = CUDA0
llama_kv_cache: layer   4: filtered
llama_kv_cache: layer   5: filtered
llama_kv_cache: layer   6: filtered
llama_kv_cache: layer   7: dev = CUDA0
llama_kv_cache: layer   8: filtered
llama_kv_cache: layer   9: filtered
llama_kv_cache: layer  10: filtered
llama_kv_cache: layer  11: dev = CUDA0
llama_kv_cache: layer  12: filtered
llama_kv_cache: layer  13: filtered
llama_kv_cache: layer  14: filtered
llama_kv_cache: layer  15: dev = CUDA0
llama_kv_cache: layer  16: filtered
llama_kv_cache: layer  17: filtered
llama_kv_cache: layer  18: filtered
llama_kv_cache: layer  19: dev = CUDA0
llama_kv_cache: layer  20: filtered
llama_kv_cache: layer  21: filtered
llama_kv_cache: layer  22: filtered
llama_kv_cache: layer  23: dev = CUDA0
llama_kv_cache: layer  24: filtered
llama_kv_cache: layer  25: filtered
llama_kv_cache: layer  26: filtered
llama_kv_cache: layer  27: dev = CUDA0
llama_kv_cache: layer  28: filtered
llama_kv_cache: layer  29: filtered
llama_kv_cache: layer  30: filtered
llama_kv_cache: layer  31: dev = CUDA0
llama_kv_cache: layer  32: filtered
llama_kv_cache: layer  33: filtered
llama_kv_cache: layer  34: filtered
llama_kv_cache: layer  35: dev = CUDA0
llama_kv_cache: layer  36: filtered
llama_kv_cache: layer  37: filtered
llama_kv_cache: layer  38: filtered
llama_kv_cache: layer  39: dev = CUDA0
llama_kv_cache: layer  40: filtered
llama_kv_cache: layer  41: filtered
llama_kv_cache: layer  42: filtered
llama_kv_cache: layer  43: dev = CUDA0
llama_kv_cache: layer  44: filtered
llama_kv_cache: layer  45: filtered
llama_kv_cache: layer  46: filtered
llama_kv_cache: layer  47: dev = CUDA0
llama_kv_cache:      CUDA0 KV buffer size =   408.00 MiB
llama_kv_cache: size =  408.00 MiB ( 17408 cells,  12 layers,  1/1 seqs), K (f16):  204.00 MiB, V (f16):  204.00 MiB
llama_kv_cache: attn_rot_k = 0, n_embd_head_k_all = 256
llama_kv_cache: attn_rot_v = 0, n_embd_head_k_all = 256
llama_memory_recurrent, layer   0: dev = CUDA0
llama_memory_recurrent, layer   1: dev = CUDA0
llama_memory_recurrent, layer   2: dev = CUDA0
llama_memory_recurrent: layer   3: skipped
llama_memory_recurrent, layer   4: dev = CUDA0
llama_memory_recurrent, layer   5: dev = CUDA0
llama_memory_recurrent, layer   6: dev = CUDA0
llama_memory_recurrent: layer   7: skipped
llama_memory_recurrent, layer   8: dev = CUDA0
llama_memory_recurrent, layer   9: dev = CUDA0
llama_memory_recurrent, layer  10: dev = CUDA0
llama_memory_recurrent: layer  11: skipped
llama_memory_recurrent, layer  12: dev = CUDA0
llama_memory_recurrent, layer  13: dev = CUDA0
llama_memory_recurrent, layer  14: dev = CUDA0
llama_memory_recurrent: layer  15: skipped
llama_memory_recurrent, layer  16: dev = CUDA0
llama_memory_recurrent, layer  17: dev = CUDA0
llama_memory_recurrent, layer  18: dev = CUDA0
llama_memory_recurrent: layer  19: skipped
llama_memory_recurrent, layer  20: dev = CUDA0
llama_memory_recurrent, layer  21: dev = CUDA0
llama_memory_recurrent, layer  22: dev = CUDA0
llama_memory_recurrent: layer  23: skipped
llama_memory_recurrent, layer  24: dev = CUDA0
llama_memory_recurrent, layer  25: dev = CUDA0
llama_memory_recurrent, layer  26: dev = CUDA0
llama_memory_recurrent: layer  27: skipped
llama_memory_recurrent, layer  28: dev = CUDA0
llama_memory_recurrent, layer  29: dev = CUDA0
llama_memory_recurrent, layer  30: dev = CUDA0
llama_memory_recurrent: layer  31: skipped
llama_memory_recurrent, layer  32: dev = CUDA0
llama_memory_recurrent, layer  33: dev = CUDA0
llama_memory_recurrent, layer  34: dev = CUDA0
llama_memory_recurrent: layer  35: skipped
llama_memory_recurrent, layer  36: dev = CUDA0
llama_memory_recurrent, layer  37: dev = CUDA0
llama_memory_recurrent, layer  38: dev = CUDA0
llama_memory_recurrent: layer  39: skipped
llama_memory_recurrent, layer  40: dev = CUDA0
llama_memory_recurrent, layer  41: dev = CUDA0
llama_memory_recurrent, layer  42: dev = CUDA0
llama_memory_recurrent: layer  43: skipped
llama_memory_recurrent, layer  44: dev = CUDA0
llama_memory_recurrent, layer  45: dev = CUDA0
llama_memory_recurrent, layer  46: dev = CUDA0
llama_memory_recurrent: layer  47: skipped
llama_memory_recurrent:      CUDA0 RS buffer size =   112.57 MiB
llama_memory_recurrent: size =  112.57 MiB (     1 cells,  48 layers,  1 seqs  0 rs_seq), R (f32):    4.22 MiB, S (f32):  108.00 MiB, P (f32):    0.35 MiB
operator (): creating indexer KV cache, size = 17408 cells
llama_kv_cache: layer   0: filtered
llama_kv_cache: layer   1: filtered
llama_kv_cache: layer   2: filtered
llama_kv_cache: layer   3: dev = CUDA0
llama_kv_cache: layer   4: filtered
llama_kv_cache: layer   5: filtered
llama_kv_cache: layer   6: filtered
llama_kv_cache: layer   7: dev = CUDA0
llama_kv_cache: layer   8: filtered
llama_kv_cache: layer   9: filtered
llama_kv_cache: layer  10: filtered
llama_kv_cache: layer  11: dev = CUDA0
llama_kv_cache: layer  12: filtered
llama_kv_cache: layer  13: filtered
llama_kv_cache: layer  14: filtered
llama_kv_cache: layer  15: dev = CUDA0
llama_kv_cache: layer  16: filtered
llama_kv_cache: layer  17: filtered
llama_kv_cache: layer  18: filtered
llama_kv_cache: layer  19: dev = CUDA0
llama_kv_cache: layer  20: filtered
llama_kv_cache: layer  21: filtered
llama_kv_cache: layer  22: filtered
llama_kv_cache: layer  23: dev = CUDA0
llama_kv_cache: layer  24: filtered
llama_kv_cache: layer  25: filtered
llama_kv_cache: layer  26: filtered
llama_kv_cache: layer  27: dev = CUDA0
llama_kv_cache: layer  28: filtered
llama_kv_cache: layer  29: filtered
llama_kv_cache: layer  30: filtered
llama_kv_cache: layer  31: dev = CUDA0
llama_kv_cache: layer  32: filtered
llama_kv_cache: layer  33: filtered
llama_kv_cache: layer  34: filtered
llama_kv_cache: layer  35: dev = CUDA0
llama_kv_cache: layer  36: filtered
llama_kv_cache: layer  37: filtered
llama_kv_cache: layer  38: filtered
llama_kv_cache: layer  39: dev = CUDA0
llama_kv_cache: layer  40: filtered
llama_kv_cache: layer  41: filtered
llama_kv_cache: layer  42: filtered
llama_kv_cache: layer  43: dev = CUDA0
llama_kv_cache: layer  44: filtered
llama_kv_cache: layer  45: filtered
llama_kv_cache: layer  46: filtered
llama_kv_cache: layer  47: dev = CUDA0
llama_kv_cache:      CUDA0 KV buffer size =   153.00 MiB
llama_kv_cache: size =  153.00 MiB ( 17408 cells,  12 layers,  1/1 seqs), K (f16):   51.00 MiB, V (f16):  102.00 MiB
llama_kv_cache: attn_rot_k = 0, n_embd_head_k_all = 128
llama_kv_cache: attn_rot_v = 0, n_embd_head_k_all = 256
llama_context: enumerating backends
llama_context: backend_ptrs.size() = 2
sched_reserve: reserving ...
sched_reserve: max_nodes = 48384
sched_reserve: reserving full memory module
sched_reserve: worst-case: n_tokens = 512, n_seqs = 1, n_outputs = 1
graph_reserve: reserving a graph for ubatch with n_tokens =    1, n_seqs =  1, n_outputs =    1
resolve_fused_ops: Flash Attention enabled
resolve_fused_ops: resolving fused Gated Delta Net support:
graph_reserve: reserving a graph for ubatch with n_tokens =    1, n_seqs =  1, n_outputs =    1
resolve_fused_ops: fused Gated Delta Net (autoregressive) enabled
graph_reserve: reserving a graph for ubatch with n_tokens =   16, n_seqs =  1, n_outputs =   16
resolve_fused_ops: fused Gated Delta Net (chunked) enabled
resolve_fused_ops: resolving fused Lightning Indexer support:
graph_reserve: reserving a graph for ubatch with n_tokens =    1, n_seqs =  1, n_outputs =    1
resolve_fused_ops: Lightning Indexer enabled
resolve_fused_ops: resolving fused DeepSeek V4 HC support:
graph_reserve: reserving a graph for ubatch with n_tokens =    1, n_seqs =  1, n_outputs =    1
resolve_fused_ops: fused DeepSeek V4 HC pre enabled
graph_reserve: reserving a graph for ubatch with n_tokens =    1, n_seqs =  1, n_outputs =    1
resolve_fused_ops: fused DeepSeek V4 HC comb enabled
graph_reserve: reserving a graph for ubatch with n_tokens =    1, n_seqs =  1, n_outputs =    1
resolve_fused_ops: fused DeepSeek V4 HC post enabled
graph_reserve: reserving a graph for ubatch with n_tokens =  512, n_seqs =  1, n_outputs =  512
graph_reserve: reserving a graph for ubatch with n_tokens =    1, n_seqs =  1, n_outputs =    1
graph_reserve: reserving a graph for ubatch with n_tokens =  512, n_seqs =  1, n_outputs =  512
sched_reserve:      CUDA0 compute buffer size =  1842.57 MiB
sched_reserve:  CUDA_Host compute buffer size =    35.75 MiB
sched_reserve: graph nodes  = 8574
sched_reserve: graph splits = 148 (with bs=512), 100 (with bs=1)
sched_reserve: reserve took 36.83 ms, sched copies = 1
set_n_threads: n_threads = 24, n_threads_batch = 24
state_read_data: reading state
state_read_data: - reading model info
state_read_data: - reading memory module
CUDA Graph id 1109 reused
ggml_backend_cuda_graph_compute: CUDA graph warmup complete
CUDA Graph id 1111 reused
ggml_backend_cuda_graph_compute: CUDA graph warmup complete
CUDA Graph id 1113 reused
ggml_backend_cuda_graph_compute: CUDA graph warmup complete
CUDA Graph id 1115 reused
ggml_backend_cuda_graph_compute: CUDA graph warmup complete
CUDA Graph id 1117 reused
ggml_backend_cuda_graph_compute: CUDA graph warmup complete
CUDA Graph id 1119 reused
ggml_backend_cuda_graph_compute: CUDA graph warmup complete
CUDA Graph id 1121 reused
ggml_backend_cuda_graph_compute: CUDA graph warmup complete
CUDA Graph id 1123 reused
ggml_backend_cuda_graph_compute: CUDA graph warmup complete
CUDA Graph id 1125 reused
ggml_backend_cuda_graph_compute: CUDA graph warmup complete
CUDA Graph id 1127 reused
ggml_backend_cuda_graph_compute: CUDA graph warmup complete
CUDA Graph id 1129 reused
ggml_backend_cuda_graph_compute: CUDA graph warmup complete
CUDA Graph id 1131 reused
ggml_backend_cuda_graph_compute: CUDA graph warmup complete
CUDA Graph id 1133 reused
ggml_backend_cuda_graph_compute: CUDA graph warmup complete
CUDA Graph id 1135 reused
ggml_backend_cuda_graph_compute: CUDA graph warmup complete
CUDA Graph id 1137 reused
ggml_backend_cuda_graph_compute: CUDA graph warmup complete
CUDA Graph id 1139 reused
ggml_backend_cuda_graph_compute: CUDA graph warmup complete
CUDA Graph id 1141 reused
ggml_backend_cuda_graph_compute: CUDA graph warmup complete
CUDA Graph id 1143 reused
ggml_backend_cuda_graph_compute: CUDA graph warmup complete
CUDA Graph id 1145 reused
ggml_backend_cuda_graph_compute: CUDA graph warmup complete
CUDA Graph id 1147 reused
ggml_backend_cuda_graph_compute: CUDA graph warmup complete
CUDA Graph id 1149 reused
ggml_backend_cuda_graph_compute: CUDA graph warmup complete
CUDA Graph id 1151 reused
ggml_backend_cuda_graph_compute: CUDA graph warmup complete
CUDA Graph id 1153 reused
ggml_backend_cuda_graph_compute: CUDA graph warmup complete
CUDA Graph id 1155 reused
ggml_backend_cuda_graph_compute: CUDA graph warmup complete
CUDA Graph id 1157 reused
ggml_backend_cuda_graph_compute: CUDA graph warmup complete
CUDA Graph id 1159 reused
ggml_backend_cuda_graph_compute: CUDA graph warmup complete
CUDA Graph id 1161 reused
ggml_backend_cuda_graph_compute: CUDA graph warmup complete
CUDA Graph id 1163 reused
ggml_backend_cuda_graph_compute: CUDA graph warmup complete
CUDA Graph id 1165 reused
ggml_backend_cuda_graph_compute: CUDA graph warmup complete
CUDA Graph id 1167 reused
ggml_backend_cuda_graph_compute: CUDA graph warmup complete
CUDA Graph id 1169 reused
ggml_backend_cuda_graph_compute: CUDA graph warmup complete
CUDA Graph id 1171 reused
ggml_backend_cuda_graph_compute: CUDA graph warmup complete
CUDA Graph id 1173 reused
ggml_backend_cuda_graph_compute: CUDA graph warmup complete
CUDA Graph id 1175 reused
ggml_backend_cuda_graph_compute: CUDA graph warmup complete
CUDA Graph id 1177 reused
ggml_backend_cuda_graph_compute: CUDA graph warmup complete
CUDA Graph id 1179 reused
ggml_backend_cuda_graph_compute: CUDA graph warmup complete
CUDA Graph id 1181 reused
ggml_backend_cuda_graph_compute: CUDA graph warmup complete
CUDA Graph id 1183 reused
ggml_backend_cuda_graph_compute: CUDA graph warmup complete
CUDA Graph id 1185 reused
ggml_backend_cuda_graph_compute: CUDA graph warmup complete
CUDA Graph id 1187 reused
ggml_backend_cuda_graph_compute: CUDA graph warmup complete
CUDA Graph id 1189 reused
ggml_backend_cuda_graph_compute: CUDA graph warmup complete
CUDA Graph id 1191 reused
ggml_backend_cuda_graph_compute: CUDA graph warmup complete
CUDA Graph id 1193 reused
ggml_backend_cuda_graph_compute: CUDA graph warmup complete
CUDA Graph id 1195 reused
ggml_backend_cuda_graph_compute: CUDA graph warmup complete
CUDA Graph id 1197 reused
ggml_backend_cuda_graph_compute: CUDA graph warmup complete
CUDA Graph id 1199 reused
ggml_backend_cuda_graph_compute: CUDA graph warmup complete
CUDA Graph id 1201 reused
ggml_backend_cuda_graph_compute: CUDA graph warmup complete
CUDA Graph id 1203 reused
ggml_backend_cuda_graph_compute: CUDA graph warmup complete
CUDA Graph id 1205 reused
ggml_backend_cuda_graph_compute: CUDA graph warmup complete
CUDA Graph id 1207 reused
ggml_backend_cuda_graph_compute: CUDA graph warmup complete
CUDA Graph id 1109 reused
CUDA Graph id 1111 reused
CUDA Graph id 1113 reused
CUDA Graph id 1115 reused
CUDA Graph id 1117 reused
CUDA Graph id 1119 reused
CUDA Graph id 1121 reused
CUDA Graph id 1123 reused
CUDA Graph id 1125 reused
CUDA Graph id 1127 reused
CUDA Graph id 1129 reused
CUDA Graph id 1131 reused
CUDA Graph id 1133 reused
CUDA Graph id 1135 reused
CUDA Graph id 1137 reused
CUDA Graph id 1139 reused
CUDA Graph id 1141 reused
CUDA Graph id 1143 reused
CUDA Graph id 1145 reused
CUDA Graph id 1147 reused
CUDA Graph id 1149 reused
CUDA Graph id 1151 reused
CUDA Graph id 1153 reused
CUDA Graph id 1155 reused
CUDA Graph id 1157 reused
CUDA Graph id 1159 reused
CUDA Graph id 1161 reused
CUDA Graph id 1163 reused
CUDA Graph id 1165 reused
CUDA Graph id 1167 reused
CUDA Graph id 1169 reused
CUDA Graph id 1171 reused
CUDA Graph id 1173 reused
CUDA Graph id 1175 reused
CUDA Graph id 1177 reused
CUDA Graph id 1179 reused
CUDA Graph id 1181 reused
CUDA Graph id 1183 reused
CUDA Graph id 1185 reused
CUDA Graph id 1187 reused
CUDA Graph id 1189 reused
CUDA Graph id 1191 reused
CUDA Graph id 1193 reused
CUDA Graph id 1195 reused
CUDA Graph id 1197 reused
CUDA Graph id 1199 reused
CUDA Graph id 1201 reused
CUDA Graph id 1203 reused
CUDA Graph id 1205 reused
CUDA Graph id 1207 reused
CUDA Graph id 1109 reused
CUDA Graph id 1111 reused
CUDA Graph id 1113 reused
CUDA Graph id 1115 reused
CUDA Graph id 1117 reused
CUDA Graph id 1119 reused
CUDA Graph id 1121 reused
CUDA Graph id 1123 reused
CUDA Graph id 1125 reused
CUDA Graph id 1127 reused
CUDA Graph id 1129 reused
CUDA Graph id 1131 reused
CUDA Graph id 1133 reused
CUDA Graph id 1135 reused
CUDA Graph id 1137 reused
CUDA Graph id 1139 reused
CUDA Graph id 1141 reused
CUDA Graph id 1143 reused
CUDA Graph id 1145 reused
CUDA Graph id 1147 reused
CUDA Graph id 1149 reused
CUDA Graph id 1151 reused
CUDA Graph id 1153 reused
CUDA Graph id 1155 reused
CUDA Graph id 1157 reused
CUDA Graph id 1159 reused
CUDA Graph id 1161 reused
CUDA Graph id 1163 reused
CUDA Graph id 1165 reused
CUDA Graph id 1167 reused
CUDA Graph id 1169 reused
CUDA Graph id 1171 reused
CUDA Graph id 1173 reused
CUDA Graph id 1175 reused
CUDA Graph id 1177 reused
CUDA Graph id 1179 reused
CUDA Graph id 1181 reused
CUDA Graph id 1183 reused
CUDA Graph id 1185 reused
CUDA Graph id 1187 reused
CUDA Graph id 1189 reused
CUDA Graph id 1191 reused
CUDA Graph id 1193 reused
CUDA Graph id 1195 reused
CUDA Graph id 1197 reused
CUDA Graph id 1199 reused
CUDA Graph id 1201 reused
CUDA Graph id 1203 reused
CUDA Graph id 1205 reused
CUDA Graph id 1207 reused
CUDA Graph id 1109 reused
CUDA Graph id 1111 reused
CUDA Graph id 1113 reused
CUDA Graph id 1115 reused
CUDA Graph id 1117 reused
CUDA Graph id 1119 reused
CUDA Graph id 1121 reused
CUDA Graph id 1123 reused
CUDA Graph id 1125 reused
CUDA Graph id 1127 reused
CUDA Graph id 1129 reused
CUDA Graph id 1131 reused
CUDA Graph id 1133 reused
CUDA Graph id 1135 reused
CUDA Graph id 1137 reused
CUDA Graph id 1139 reused
CUDA Graph id 1141 reused
CUDA Graph id 1143 reused
CUDA Graph id 1145 reused
CUDA Graph id 1147 reused
CUDA Graph id 1149 reused
CUDA Graph id 1151 reused
CUDA Graph id 1153 reused
CUDA Graph id 1155 reused
CUDA Graph id 1157 reused
CUDA Graph id 1159 reused
CUDA Graph id 1161 reused
CUDA Graph id 1163 reused
CUDA Graph id 1165 reused
CUDA Graph id 1167 reused
CUDA Graph id 1169 reused
CUDA Graph id 1171 reused
CUDA Graph id 1173 reused
CUDA Graph id 1175 reused
CUDA Graph id 1177 reused
CUDA Graph id 1179 reused
CUDA Graph id 1181 reused
CUDA Graph id 1183 reused
CUDA Graph id 1185 reused
CUDA Graph id 1187 reused
CUDA Graph id 1189 reused
CUDA Graph id 1191 reused
CUDA Graph id 1193 reused
CUDA Graph id 1195 reused
CUDA Graph id 1197 reused
CUDA Graph id 1199 reused
CUDA Graph id 1201 reused
CUDA Graph id 1203 reused
CUDA Graph id 1205 reused
CUDA Graph id 1207 reused
CUDA Graph id 1109 reused
CUDA Graph id 1111 reused
CUDA Graph id 1113 reused
CUDA Graph id 1115 reused
CUDA Graph id 1117 reused
CUDA Graph id 1119 reused
CUDA Graph id 1121 reused
CUDA Graph id 1123 reused
CUDA Graph id 1125 reused
CUDA Graph id 1127 reused
CUDA Graph id 1129 reused
CUDA Graph id 1131 reused
CUDA Graph id 1133 reused
CUDA Graph id 1135 reused
CUDA Graph id 1137 reused
CUDA Graph id 1139 reused
CUDA Graph id 1141 reused
CUDA Graph id 1143 reused
CUDA Graph id 1145 reused
CUDA Graph id 1147 reused
CUDA Graph id 1149 reused
CUDA Graph id 1151 reused
CUDA Graph id 1153 reused
CUDA Graph id 1155 reused
CUDA Graph id 1157 reused
CUDA Graph id 1159 reused
CUDA Graph id 1161 reused
CUDA Graph id 1163 reused
CUDA Graph id 1165 reused
CUDA Graph id 1167 reused
CUDA Graph id 1169 reused
CUDA Graph id 1171 reused
CUDA Graph id 1173 reused
CUDA Graph id 1175 reused
CUDA Graph id 1177 reused
CUDA Graph id 1179 reused
CUDA Graph id 1181 reused
CUDA Graph id 1183 reused
CUDA Graph id 1185 reused
CUDA Graph id 1187 reused
CUDA Graph id 1189 reused
CUDA Graph id 1191 reused
CUDA Graph id 1193 reused
CUDA Graph id 1195 reused
CUDA Graph id 1197 reused
CUDA Graph id 1199 reused
CUDA Graph id 1201 reused
CUDA Graph id 1203 reused
CUDA Graph id 1205 reused
CUDA Graph id 1207 reused
CUDA Graph id 1109 reused
CUDA Graph id 1111 reused
CUDA Graph id 1113 reused
CUDA Graph id 1115 reused
CUDA Graph id 1117 reused
CUDA Graph id 1119 reused
CUDA Graph id 1121 reused
CUDA Graph id 1123 reused
CUDA Graph id 1125 reused
CUDA Graph id 1127 reused
CUDA Graph id 1129 reused
CUDA Graph id 1131 reused
CUDA Graph id 1133 reused
CUDA Graph id 1135 reused
CUDA Graph id 1137 reused
CUDA Graph id 1139 reused
CUDA Graph id 1141 reused
CUDA Graph id 1143 reused
CUDA Graph id 1145 reused
CUDA Graph id 1147 reused
CUDA Graph id 1149 reused
CUDA Graph id 1151 reused
CUDA Graph id 1153 reused
CUDA Graph id 1155 reused
CUDA Graph id 1157 reused
CUDA Graph id 1159 reused
CUDA Graph id 1161 reused
CUDA Graph id 1163 reused
CUDA Graph id 1165 reused
CUDA Graph id 1167 reused
CUDA Graph id 1169 reused
CUDA Graph id 1171 reused
CUDA Graph id 1173 reused
CUDA Graph id 1175 reused
CUDA Graph id 1177 reused
CUDA Graph id 1179 reused
CUDA Graph id 1181 reused
CUDA Graph id 1183 reused
CUDA Graph id 1185 reused
CUDA Graph id 1187 reused
CUDA Graph id 1189 reused
CUDA Graph id 1191 reused
CUDA Graph id 1193 reused
CUDA Graph id 1195 reused
CUDA Graph id 1197 reused
CUDA Graph id 1199 reused
CUDA Graph id 1201 reused
CUDA Graph id 1203 reused
CUDA Graph id 1205 reused
CUDA Graph id 1207 reused
CUDA Graph id 1109 reused
CUDA Graph id 1111 reused
CUDA Graph id 1113 reused
CUDA Graph id 1115 reused
CUDA Graph id 1117 reused
CUDA Graph id 1119 reused
CUDA Graph id 1121 reused
CUDA Graph id 1123 reused
CUDA Graph id 1125 reused
CUDA Graph id 1127 reused
CUDA Graph id 1129 reused
CUDA Graph id 1131 reused
CUDA Graph id 1133 reused
CUDA Graph id 1135 reused
CUDA Graph id 1137 reused
CUDA Graph id 1139 reused
CUDA Graph id 1141 reused
CUDA Graph id 1143 reused
CUDA Graph id 1145 reused
CUDA Graph id 1147 reused
CUDA Graph id 1149 reused
CUDA Graph id 1151 reused
CUDA Graph id 1153 reused
CUDA Graph id 1155 reused
CUDA Graph id 1157 reused
CUDA Graph id 1159 reused
CUDA Graph id 1161 reused
CUDA Graph id 1163 reused
CUDA Graph id 1165 reused
CUDA Graph id 1167 reused
CUDA Graph id 1169 reused
CUDA Graph id 1171 reused
CUDA Graph id 1173 reused
CUDA Graph id 1175 reused
CUDA Graph id 1177 reused
CUDA Graph id 1179 reused
CUDA Graph id 1181 reused
CUDA Graph id 1183 reused
CUDA Graph id 1185 reused
CUDA Graph id 1187 reused
CUDA Graph id 1189 reused
CUDA Graph id 1191 reused
CUDA Graph id 1193 reused
CUDA Graph id 1195 reused
CUDA Graph id 1197 reused
CUDA Graph id 1199 reused
CUDA Graph id 1201 reused
CUDA Graph id 1203 reused
CUDA Graph id 1205 reused
CUDA Graph id 1207 reused
CUDA Graph id 1109 reused
CUDA Graph id 1111 reused
CUDA Graph id 1113 reused
CUDA Graph id 1115 reused
CUDA Graph id 1117 reused
CUDA Graph id 1119 reused
CUDA Graph id 1121 reused
CUDA Graph id 1123 reused
CUDA Graph id 1125 reused
CUDA Graph id 1127 reused
CUDA Graph id 1129 reused
CUDA Graph id 1131 reused
CUDA Graph id 1133 reused
CUDA Graph id 1135 reused
CUDA Graph id 1137 reused
CUDA Graph id 1139 reused
CUDA Graph id 1141 reused
CUDA Graph id 1143 reused
CUDA Graph id 1145 reused
CUDA Graph id 1147 reused
CUDA Graph id 1149 reused
CUDA Graph id 1151 reused
CUDA Graph id 1153 reused
CUDA Graph id 1155 reused
CUDA Graph id 1157 reused
CUDA Graph id 1159 reused
CUDA Graph id 1161 reused
CUDA Graph id 1163 reused
CUDA Graph id 1165 reused
CUDA Graph id 1167 reused
CUDA Graph id 1169 reused
CUDA Graph id 1171 reused
CUDA Graph id 1173 reused
CUDA Graph id 1175 reused
CUDA Graph id 1177 reused
CUDA Graph id 1179 reused
CUDA Graph id 1181 reused
CUDA Graph id 1183 reused
CUDA Graph id 1185 reused
CUDA Graph id 1187 reused
CUDA Graph id 1189 reused
CUDA Graph id 1191 reused
CUDA Graph id 1193 reused
CUDA Graph id 1195 reused
CUDA Graph id 1197 reused
CUDA Graph id 1199 reused
CUDA Graph id 1201 reused
CUDA Graph id 1203 reused
CUDA Graph id 1205 reused
CUDA Graph id 1207 reused
CUDA Graph id 1109 reused
CUDA Graph id 1111 reused
CUDA Graph id 1113 reused
CUDA Graph id 1115 reused
CUDA Graph id 1117 reused
CUDA Graph id 1119 reused
CUDA Graph id 1121 reused
CUDA Graph id 1123 reused
CUDA Graph id 1125 reused
CUDA Graph id 1127 reused
CUDA Graph id 1129 reused
CUDA Graph id 1131 reused
CUDA Graph id 1133 reused
CUDA Graph id 1135 reused
CUDA Graph id 1137 reused
CUDA Graph id 1139 reused
CUDA Graph id 1141 reused
CUDA Graph id 1143 reused
CUDA Graph id 1145 reused
CUDA Graph id 1147 reused
CUDA Graph id 1149 reused
CUDA Graph id 1151 reused
CUDA Graph id 1153 reused
CUDA Graph id 1155 reused
CUDA Graph id 1157 reused
CUDA Graph id 1159 reused
CUDA Graph id 1161 reused
CUDA Graph id 1163 reused
CUDA Graph id 1165 reused
CUDA Graph id 1167 reused
CUDA Graph id 1169 reused
CUDA Graph id 1171 reused
CUDA Graph id 1173 reused
CUDA Graph id 1175 reused
CUDA Graph id 1177 reused
CUDA Graph id 1179 reused
CUDA Graph id 1181 reused
CUDA Graph id 1183 reused
CUDA Graph id 1185 reused
CUDA Graph id 1187 reused
CUDA Graph id 1189 reused
CUDA Graph id 1191 reused
CUDA Graph id 1193 reused
CUDA Graph id 1195 reused
CUDA Graph id 1197 reused
CUDA Graph id 1199 reused
CUDA Graph id 1201 reused
CUDA Graph id 1203 reused
CUDA Graph id 1205 reused
CUDA Graph id 1207 reused
CUDA Graph id 1109 reused
CUDA Graph id 1111 reused
CUDA Graph id 1113 reused
CUDA Graph id 1115 reused
CUDA Graph id 1117 reused
CUDA Graph id 1119 reused
CUDA Graph id 1121 reused
CUDA Graph id 1123 reused
CUDA Graph id 1125 reused
CUDA Graph id 1127 reused
CUDA Graph id 1129 reused
CUDA Graph id 1131 reused
CUDA Graph id 1133 reused
CUDA Graph id 1135 reused
CUDA Graph id 1137 reused
CUDA Graph id 1139 reused
CUDA Graph id 1141 reused
CUDA Graph id 1143 reused
CUDA Graph id 1145 reused
CUDA Graph id 1147 reused
CUDA Graph id 1149 reused
CUDA Graph id 1151 reused
CUDA Graph id 1153 reused
CUDA Graph id 1155 reused
CUDA Graph id 1157 reused
CUDA Graph id 1159 reused
CUDA Graph id 1161 reused
CUDA Graph id 1163 reused
CUDA Graph id 1165 reused
CUDA Graph id 1167 reused
CUDA Graph id 1169 reused
CUDA Graph id 1171 reused
CUDA Graph id 1173 reused
CUDA Graph id 1175 reused
CUDA Graph id 1177 reused
CUDA Graph id 1179 reused
CUDA Graph id 1181 reused
CUDA Graph id 1183 reused
CUDA Graph id 1185 reused
CUDA Graph id 1187 reused
CUDA Graph id 1189 reused
CUDA Graph id 1191 reused
CUDA Graph id 1193 reused
CUDA Graph id 1195 reused
CUDA Graph id 1197 reused
CUDA Graph id 1199 reused
CUDA Graph id 1201 reused
CUDA Graph id 1203 reused
CUDA Graph id 1205 reused
CUDA Graph id 1207 reused
CUDA Graph id 1109 reused
CUDA Graph id 1111 reused
CUDA Graph id 1113 reused
CUDA Graph id 1115 reused
CUDA Graph id 1117 reused
CUDA Graph id 1119 reused
CUDA Graph id 1121 reused
CUDA Graph id 1123 reused
CUDA Graph id 1125 reused
CUDA Graph id 1127 reused
CUDA Graph id 1129 reused
CUDA Graph id 1131 reused
CUDA Graph id 1133 reused
CUDA Graph id 1135 reused
CUDA Graph id 1137 reused
CUDA Graph id 1139 reused
CUDA Graph id 1141 reused
CUDA Graph id 1143 reused
CUDA Graph id 1145 reused
CUDA Graph id 1147 reused
CUDA Graph id 1149 reused
CUDA Graph id 1151 reused
CUDA Graph id 1153 reused
CUDA Graph id 1155 reused
CUDA Graph id 1157 reused
CUDA Graph id 1159 reused
CUDA Graph id 1161 reused
CUDA Graph id 1163 reused
CUDA Graph id 1165 reused
CUDA Graph id 1167 reused
CUDA Graph id 1169 reused
CUDA Graph id 1171 reused
CUDA Graph id 1173 reused
CUDA Graph id 1175 reused
CUDA Graph id 1177 reused
CUDA Graph id 1179 reused
CUDA Graph id 1181 reused
CUDA Graph id 1183 reused
CUDA Graph id 1185 reused
CUDA Graph id 1187 reused
CUDA Graph id 1189 reused
CUDA Graph id 1191 reused
CUDA Graph id 1193 reused
CUDA Graph id 1195 reused
CUDA Graph id 1197 reused
CUDA Graph id 1199 reused
CUDA Graph id 1201 reused
CUDA Graph id 1203 reused
CUDA Graph id 1205 reused
CUDA Graph id 1207 reused
CUDA Graph id 1109 reused
CUDA Graph id 1111 reused
CUDA Graph id 1113 reused
CUDA Graph id 1115 reused
CUDA Graph id 1117 reused
CUDA Graph id 1119 reused
CUDA Graph id 1121 reused
CUDA Graph id 1123 reused
CUDA Graph id 1125 reused
CUDA Graph id 1127 reused
CUDA Graph id 1129 reused
CUDA Graph id 1131 reused
CUDA Graph id 1133 reused
CUDA Graph id 1135 reused
CUDA Graph id 1137 reused
CUDA Graph id 1139 reused
CUDA Graph id 1141 reused
CUDA Graph id 1143 reused
CUDA Graph id 1145 reused
CUDA Graph id 1147 reused
CUDA Graph id 1149 reused
CUDA Graph id 1151 reused
CUDA Graph id 1153 reused
CUDA Graph id 1155 reused
CUDA Graph id 1157 reused
CUDA Graph id 1159 reused
CUDA Graph id 1161 reused
CUDA Graph id 1163 reused
CUDA Graph id 1165 reused
CUDA Graph id 1167 reused
CUDA Graph id 1169 reused
CUDA Graph id 1171 reused
CUDA Graph id 1173 reused
CUDA Graph id 1175 reused
CUDA Graph id 1177 reused
CUDA Graph id 1179 reused
CUDA Graph id 1181 reused
CUDA Graph id 1183 reused
CUDA Graph id 1185 reused
CUDA Graph id 1187 reused
CUDA Graph id 1189 reused
CUDA Graph id 1191 reused
CUDA Graph id 1193 reused
CUDA Graph id 1195 reused
CUDA Graph id 1197 reused
CUDA Graph id 1199 reused
CUDA Graph id 1201 reused
CUDA Graph id 1203 reused
CUDA Graph id 1205 reused
CUDA Graph id 1207 reused
CUDA Graph id 1109 reused
CUDA Graph id 1111 reused
CUDA Graph id 1113 reused
CUDA Graph id 1115 reused
CUDA Graph id 1117 reused
CUDA Graph id 1119 reused
CUDA Graph id 1121 reused
CUDA Graph id 1123 reused
CUDA Graph id 1125 reused
CUDA Graph id 1127 reused
CUDA Graph id 1129 reused
CUDA Graph id 1131 reused
CUDA Graph id 1133 reused
CUDA Graph id 1135 reused
CUDA Graph id 1137 reused
CUDA Graph id 1139 reused
CUDA Graph id 1141 reused
CUDA Graph id 1143 reused
CUDA Graph id 1145 reused
CUDA Graph id 1147 reused
CUDA Graph id 1149 reused
CUDA Graph id 1151 reused
CUDA Graph id 1153 reused
CUDA Graph id 1155 reused
CUDA Graph id 1157 reused
CUDA Graph id 1159 reused
CUDA Graph id 1161 reused
CUDA Graph id 1163 reused
CUDA Graph id 1165 reused
CUDA Graph id 1167 reused
CUDA Graph id 1169 reused
CUDA Graph id 1171 reused
CUDA Graph id 1173 reused
CUDA Graph id 1175 reused
CUDA Graph id 1177 reused
CUDA Graph id 1179 reused
CUDA Graph id 1181 reused
CUDA Graph id 1183 reused
CUDA Graph id 1185 reused
CUDA Graph id 1187 reused
CUDA Graph id 1189 reused
CUDA Graph id 1191 reused
CUDA Graph id 1193 reused
CUDA Graph id 1195 reused
CUDA Graph id 1197 reused
CUDA Graph id 1199 reused
CUDA Graph id 1201 reused
CUDA Graph id 1203 reused
CUDA Graph id 1205 reused
CUDA Graph id 1207 reused
CUDA Graph id 1109 reused
CUDA Graph id 1111 reused
CUDA Graph id 1113 reused
CUDA Graph id 1115 reused
CUDA Graph id 1117 reused
CUDA Graph id 1119 reused
CUDA Graph id 1121 reused
CUDA Graph id 1123 reused
CUDA Graph id 1125 reused
CUDA Graph id 1127 reused
CUDA Graph id 1129 reused
CUDA Graph id 1131 reused
CUDA Graph id 1133 reused
CUDA Graph id 1135 reused
CUDA Graph id 1137 reused
CUDA Graph id 1139 reused
CUDA Graph id 1141 reused
CUDA Graph id 1143 reused
CUDA Graph id 1145 reused
CUDA Graph id 1147 reused
CUDA Graph id 1149 reused
CUDA Graph id 1151 reused
CUDA Graph id 1153 reused
CUDA Graph id 1155 reused
CUDA Graph id 1157 reused
CUDA Graph id 1159 reused
CUDA Graph id 1161 reused
CUDA Graph id 1163 reused
CUDA Graph id 1165 reused
CUDA Graph id 1167 reused
CUDA Graph id 1169 reused
CUDA Graph id 1171 reused
CUDA Graph id 1173 reused
CUDA Graph id 1175 reused
CUDA Graph id 1177 reused
CUDA Graph id 1179 reused
CUDA Graph id 1181 reused
CUDA Graph id 1183 reused
CUDA Graph id 1185 reused
CUDA Graph id 1187 reused
CUDA Graph id 1189 reused
CUDA Graph id 1191 reused
CUDA Graph id 1193 reused
CUDA Graph id 1195 reused
CUDA Graph id 1197 reused
CUDA Graph id 1199 reused
CUDA Graph id 1201 reused
CUDA Graph id 1203 reused
CUDA Graph id 1205 reused
CUDA Graph id 1207 reused
CUDA Graph id 1109 reused
CUDA Graph id 1111 reused
CUDA Graph id 1113 reused
CUDA Graph id 1115 reused
CUDA Graph id 1117 reused
CUDA Graph id 1119 reused
CUDA Graph id 1121 reused
CUDA Graph id 1123 reused
CUDA Graph id 1125 reused
CUDA Graph id 1127 reused
CUDA Graph id 1129 reused
CUDA Graph id 1131 reused
CUDA Graph id 1133 reused
CUDA Graph id 1135 reused
CUDA Graph id 1137 reused
CUDA Graph id 1139 reused
CUDA Graph id 1141 reused
CUDA Graph id 1143 reused
CUDA Graph id 1145 reused
CUDA Graph id 1147 reused
CUDA Graph id 1149 reused
CUDA Graph id 1151 reused
CUDA Graph id 1153 reused
CUDA Graph id 1155 reused
CUDA Graph id 1157 reused
CUDA Graph id 1159 reused
CUDA Graph id 1161 reused
CUDA Graph id 1163 reused
CUDA Graph id 1165 reused
CUDA Graph id 1167 reused
CUDA Graph id 1169 reused
CUDA Graph id 1171 reused
CUDA Graph id 1173 reused
CUDA Graph id 1175 reused
CUDA Graph id 1177 reused
CUDA Graph id 1179 reused
CUDA Graph id 1181 reused
CUDA Graph id 1183 reused
CUDA Graph id 1185 reused
CUDA Graph id 1187 reused
CUDA Graph id 1189 reused
CUDA Graph id 1191 reused
CUDA Graph id 1193 reused
CUDA Graph id 1195 reused
CUDA Graph id 1197 reused
CUDA Graph id 1199 reused
CUDA Graph id 1201 reused
CUDA Graph id 1203 reused
CUDA Graph id 1205 reused
CUDA Graph id 1207 reused
CUDA Graph id 1109 reused
CUDA Graph id 1111 reused
CUDA Graph id 1113 reused
CUDA Graph id 1115 reused
CUDA Graph id 1117 reused
CUDA Graph id 1119 reused
CUDA Graph id 1121 reused
CUDA Graph id 1123 reused
CUDA Graph id 1125 reused
CUDA Graph id 1127 reused
CUDA Graph id 1129 reused
CUDA Graph id 1131 reused
CUDA Graph id 1133 reused
CUDA Graph id 1135 reused
CUDA Graph id 1137 reused
CUDA Graph id 1139 reused
CUDA Graph id 1141 reused
CUDA Graph id 1143 reused
CUDA Graph id 1145 reused
CUDA Graph id 1147 reused
CUDA Graph id 1149 reused
CUDA Graph id 1151 reused
CUDA Graph id 1153 reused
CUDA Graph id 1155 reused
CUDA Graph id 1157 reused
CUDA Graph id 1159 reused
CUDA Graph id 1161 reused
CUDA Graph id 1163 reused
CUDA Graph id 1165 reused
CUDA Graph id 1167 reused
CUDA Graph id 1169 reused
CUDA Graph id 1171 reused
CUDA Graph id 1173 reused
CUDA Graph id 1175 reused
CUDA Graph id 1177 reused
CUDA Graph id 1179 reused
CUDA Graph id 1181 reused
CUDA Graph id 1183 reused
CUDA Graph id 1185 reused
CUDA Graph id 1187 reused
CUDA Graph id 1189 reused
CUDA Graph id 1191 reused
CUDA Graph id 1193 reused
CUDA Graph id 1195 reused
CUDA Graph id 1197 reused
CUDA Graph id 1199 reused
CUDA Graph id 1201 reused
CUDA Graph id 1203 reused
CUDA Graph id 1205 reused
CUDA Graph id 1207 reused
CUDA Graph id 1109 reused
CUDA Graph id 1111 reused
CUDA Graph id 1113 reused
CUDA Graph id 1115 reused
CUDA Graph id 1117 reused
CUDA Graph id 1119 reused
CUDA Graph id 1121 reused
CUDA Graph id 1123 reused
CUDA Graph id 1125 reused
CUDA Graph id 1127 reused
CUDA Graph id 1129 reused
CUDA Graph id 1131 reused
CUDA Graph id 1133 reused
CUDA Graph id 1135 reused
CUDA Graph id 1137 reused
CUDA Graph id 1139 reused
CUDA Graph id 1141 reused
CUDA Graph id 1143 reused
CUDA Graph id 1145 reused
CUDA Graph id 1147 reused
CUDA Graph id 1149 reused
CUDA Graph id 1151 reused
CUDA Graph id 1153 reused
CUDA Graph id 1155 reused
CUDA Graph id 1157 reused
CUDA Graph id 1159 reused
CUDA Graph id 1161 reused
CUDA Graph id 1163 reused
CUDA Graph id 1165 reused
CUDA Graph id 1167 reused
CUDA Graph id 1169 reused
CUDA Graph id 1171 reused
CUDA Graph id 1173 reused
CUDA Graph id 1175 reused
CUDA Graph id 1177 reused
CUDA Graph id 1179 reused
CUDA Graph id 1181 reused
CUDA Graph id 1183 reused
CUDA Graph id 1185 reused
CUDA Graph id 1187 reused
CUDA Graph id 1189 reused
CUDA Graph id 1191 reused
CUDA Graph id 1193 reused
CUDA Graph id 1195 reused
CUDA Graph id 1197 reused
CUDA Graph id 1199 reused
CUDA Graph id 1201 reused
CUDA Graph id 1203 reused
CUDA Graph id 1205 reused
CUDA Graph id 1207 reused
CUDA Graph id 1109 reused
CUDA Graph id 1111 reused
CUDA Graph id 1113 reused
CUDA Graph id 1115 reused
CUDA Graph id 1117 reused
CUDA Graph id 1119 reused
CUDA Graph id 1121 reused
CUDA Graph id 1123 reused
CUDA Graph id 1125 reused
CUDA Graph id 1127 reused
CUDA Graph id 1129 reused
CUDA Graph id 1131 reused
CUDA Graph id 1133 reused
CUDA Graph id 1135 reused
CUDA Graph id 1137 reused
CUDA Graph id 1139 reused
CUDA Graph id 1141 reused
CUDA Graph id 1143 reused
CUDA Graph id 1145 reused
CUDA Graph id 1147 reused
CUDA Graph id 1149 reused
CUDA Graph id 1151 reused
ggml_backend_cuda_graph_compute: CUDA graph warmup complete
CUDA Graph id 1153 reused
ggml_backend_cuda_graph_compute: CUDA graph warmup complete
CUDA Graph id 1155 reused
ggml_backend_cuda_graph_compute: CUDA graph warmup complete
CUDA Graph id 1157 reused
ggml_backend_cuda_graph_compute: CUDA graph warmup complete
CUDA Graph id 1159 reused
ggml_backend_cuda_graph_compute: CUDA graph warmup complete
CUDA Graph id 1161 reused
ggml_backend_cuda_graph_compute: CUDA graph warmup complete
CUDA Graph id 1163 reused
ggml_backend_cuda_graph_compute: CUDA graph warmup complete
CUDA Graph id 1165 reused
ggml_backend_cuda_graph_compute: CUDA graph warmup complete
CUDA Graph id 1167 reused
ggml_backend_cuda_graph_compute: CUDA graph warmup complete
CUDA Graph id 1169 reused
ggml_backend_cuda_graph_compute: CUDA graph warmup complete
CUDA Graph id 1171 reused
ggml_backend_cuda_graph_compute: CUDA graph warmup complete
CUDA Graph id 1173 reused
ggml_backend_cuda_graph_compute: CUDA graph warmup complete
CUDA Graph id 1175 reused
ggml_backend_cuda_graph_compute: CUDA graph warmup complete
CUDA Graph id 1177 reused
ggml_backend_cuda_graph_compute: CUDA graph warmup complete
CUDA Graph id 1179 reused
ggml_backend_cuda_graph_compute: CUDA graph warmup complete
CUDA Graph id 1181 reused
ggml_backend_cuda_graph_compute: CUDA graph warmup complete
CUDA Graph id 1183 reused
ggml_backend_cuda_graph_compute: CUDA graph warmup complete
CUDA Graph id 1185 reused
ggml_backend_cuda_graph_compute: CUDA graph warmup complete
CUDA Graph id 1187 reused
ggml_backend_cuda_graph_compute: CUDA graph warmup complete
CUDA Graph id 1189 reused
ggml_backend_cuda_graph_compute: CUDA graph warmup complete
CUDA Graph id 1191 reused
ggml_backend_cuda_graph_compute: CUDA graph warmup complete
CUDA Graph id 1193 reused
ggml_backend_cuda_graph_compute: CUDA graph warmup complete
CUDA Graph id 1195 reused
ggml_backend_cuda_graph_compute: CUDA graph warmup complete
CUDA Graph id 1197 reused
ggml_backend_cuda_graph_compute: CUDA graph warmup complete
CUDA Graph id 1199 reused
ggml_backend_cuda_graph_compute: CUDA graph warmup complete
CUDA Graph id 1201 reused
ggml_backend_cuda_graph_compute: CUDA graph warmup complete
CUDA Graph id 1203 reused
ggml_backend_cuda_graph_compute: CUDA graph warmup complete
CUDA Graph id 1205 reused
ggml_backend_cuda_graph_compute: CUDA graph warmup complete
CUDA Graph id 1207 reused
ggml_backend_cuda_graph_compute: CUDA graph warmup complete
CUDA Graph id 1109 reused
ggml_backend_cuda_graph_compute: CUDA graph warmup complete
CUDA Graph id 1111 reused
ggml_backend_cuda_graph_compute: CUDA graph warmup complete
CUDA Graph id 1113 reused
ggml_backend_cuda_graph_compute: CUDA graph warmup complete
CUDA Graph id 1115 reused
ggml_backend_cuda_graph_compute: CUDA graph warmup complete
CUDA Graph id 1117 reused
ggml_backend_cuda_graph_compute: CUDA graph warmup complete
CUDA Graph id 1119 reused
ggml_backend_cuda_graph_compute: CUDA graph warmup complete
CUDA Graph id 1121 reused
ggml_backend_cuda_graph_compute: CUDA graph warmup complete
CUDA Graph id 1123 reused
ggml_backend_cuda_graph_compute: CUDA graph warmup complete
CUDA Graph id 1125 reused
ggml_backend_cuda_graph_compute: CUDA graph warmup complete
CUDA Graph id 1127 reused
ggml_backend_cuda_graph_compute: CUDA graph warmup complete
CUDA Graph id 1129 reused
ggml_backend_cuda_graph_compute: CUDA graph warmup complete
CUDA Graph id 1131 reused
ggml_backend_cuda_graph_compute: CUDA graph warmup complete
CUDA Graph id 1133 reused
ggml_backend_cuda_graph_compute: CUDA graph warmup complete
CUDA Graph id 1135 reused
ggml_backend_cuda_graph_compute: CUDA graph warmup complete
CUDA Graph id 1137 reused
ggml_backend_cuda_graph_compute: CUDA graph warmup complete
CUDA Graph id 1139 reused
ggml_backend_cuda_graph_compute: CUDA graph warmup complete
CUDA Graph id 1141 reused
ggml_backend_cuda_graph_compute: CUDA graph warmup complete
CUDA Graph id 1143 reused
ggml_backend_cuda_graph_compute: CUDA graph warmup complete
CUDA Graph id 1145 reused
ggml_backend_cuda_graph_compute: CUDA graph warmup complete
CUDA Graph id 1147 reused
ggml_backend_cuda_graph_compute: CUDA graph warmup complete
CUDA Graph id 1149 reused
ggml_backend_cuda_graph_compute: CUDA graph warmup complete
CUDA Graph id 1151 reused
ggml_backend_cuda_graph_compute: CUDA graph warmup complete
CUDA Graph id 1153 reused
ggml_backend_cuda_graph_compute: CUDA graph warmup complete
CUDA Graph id 1155 reused
ggml_backend_cuda_graph_compute: CUDA graph warmup complete
CUDA Graph id 1157 reused
ggml_backend_cuda_graph_compute: CUDA graph warmup complete
CUDA Graph id 1159 reused
ggml_backend_cuda_graph_compute: CUDA graph warmup complete
CUDA Graph id 1161 reused
ggml_backend_cuda_graph_compute: CUDA graph warmup complete
CUDA Graph id 1163 reused
ggml_backend_cuda_graph_compute: CUDA graph warmup complete
CUDA Graph id 1165 reused
ggml_backend_cuda_graph_compute: CUDA graph warmup complete
CUDA Graph id 1167 reused
ggml_backend_cuda_graph_compute: CUDA graph warmup complete
CUDA Graph id 1169 reused
ggml_backend_cuda_graph_compute: CUDA graph warmup complete
CUDA Graph id 1171 reused
ggml_backend_cuda_graph_compute: CUDA graph warmup complete
CUDA Graph id 1173 reused
ggml_backend_cuda_graph_compute: CUDA graph warmup complete
CUDA Graph id 1175 reused
ggml_backend_cuda_graph_compute: CUDA graph warmup complete
CUDA Graph id 1177 reused
ggml_backend_cuda_graph_compute: CUDA graph warmup complete
CUDA Graph id 1179 reused
ggml_backend_cuda_graph_compute: CUDA graph warmup complete
CUDA Graph id 1181 reused
ggml_backend_cuda_graph_compute: CUDA graph warmup complete
CUDA Graph id 1183 reused
ggml_backend_cuda_graph_compute: CUDA graph warmup complete
CUDA Graph id 1185 reused
ggml_backend_cuda_graph_compute: CUDA graph warmup complete
CUDA Graph id 1187 reused
ggml_backend_cuda_graph_compute: CUDA graph warmup complete
CUDA Graph id 1189 reused
ggml_backend_cuda_graph_compute: CUDA graph warmup complete
CUDA Graph id 1191 reused
ggml_backend_cuda_graph_compute: CUDA graph warmup complete
CUDA Graph id 1193 reused
ggml_backend_cuda_graph_compute: CUDA graph warmup complete
CUDA Graph id 1195 reused
ggml_backend_cuda_graph_compute: CUDA graph warmup complete
CUDA Graph id 1197 reused
ggml_backend_cuda_graph_compute: CUDA graph warmup complete
CUDA Graph id 1199 reused
ggml_backend_cuda_graph_compute: CUDA graph warmup complete
CUDA Graph id 1201 reused
ggml_backend_cuda_graph_compute: CUDA graph warmup complete
CUDA Graph id 1203 reused
ggml_backend_cuda_graph_compute: CUDA graph warmup complete
CUDA Graph id 1205 reused
ggml_backend_cuda_graph_compute: CUDA graph warmup complete
CUDA Graph id 1207 reused
ggml_backend_cuda_graph_compute: CUDA graph warmup complete
ggml_backend_cuda_graph_compute: CUDA graph warmup reset
ggml_backend_cuda_graph_compute: CUDA graph warmup reset
ggml_backend_cuda_graph_compute: CUDA graph warmup reset
ggml_backend_cuda_graph_compute: CUDA graph warmup reset
ggml_backend_cuda_graph_compute: CUDA graph warmup reset
ggml_backend_cuda_graph_compute: CUDA graph warmup reset
ggml_backend_cuda_graph_compute: CUDA graph warmup reset
ggml_backend_cuda_graph_compute: CUDA graph warmup reset
ggml_backend_cuda_graph_compute: CUDA graph warmup reset
ggml_backend_cuda_graph_compute: CUDA graph warmup reset
ggml_backend_cuda_graph_compute: CUDA graph warmup reset
ggml_backend_cuda_graph_compute: CUDA graph warmup reset
ggml_backend_cuda_graph_compute: CUDA graph warmup reset
ggml_backend_cuda_graph_compute: CUDA graph warmup reset
ggml_backend_cuda_graph_compute: CUDA graph warmup reset
ggml_backend_cuda_graph_compute: CUDA graph warmup reset
ggml_backend_cuda_graph_compute: CUDA graph warmup reset
ggml_backend_cuda_graph_compute: CUDA graph warmup reset
ggml_backend_cuda_graph_compute: CUDA graph warmup reset
ggml_backend_cuda_graph_compute: CUDA graph warmup reset
ggml_backend_cuda_graph_compute: CUDA graph warmup reset
ggml_backend_cuda_graph_compute: CUDA graph warmup reset
ggml_backend_cuda_graph_compute: CUDA graph warmup reset
ggml_backend_cuda_graph_compute: CUDA graph warmup reset
ggml_backend_cuda_graph_compute: CUDA graph warmup reset
ggml_backend_cuda_graph_compute: CUDA graph warmup reset
ggml_backend_cuda_graph_compute: CUDA graph warmup reset
ggml_backend_cuda_graph_compute: CUDA graph warmup reset
ggml_backend_cuda_graph_compute: CUDA graph warmup reset
ggml_backend_cuda_graph_compute: CUDA graph warmup reset
ggml_backend_cuda_graph_compute: CUDA graph warmup reset
ggml_backend_cuda_graph_compute: CUDA graph warmup reset
ggml_backend_cuda_graph_compute: CUDA graph warmup reset
ggml_backend_cuda_graph_compute: CUDA graph warmup reset
ggml_backend_cuda_graph_compute: CUDA graph warmup reset
ggml_backend_cuda_graph_compute: CUDA graph warmup reset
ggml_backend_cuda_graph_compute: CUDA graph warmup reset
ggml_backend_cuda_graph_compute: CUDA graph warmup reset
ggml_backend_cuda_graph_compute: CUDA graph warmup reset
ggml_backend_cuda_graph_compute: CUDA graph warmup reset
ggml_backend_cuda_graph_compute: CUDA graph warmup reset
ggml_backend_cuda_graph_compute: CUDA graph warmup reset
ggml_backend_cuda_graph_compute: CUDA graph warmup reset
ggml_backend_cuda_graph_compute: CUDA graph warmup reset
ggml_backend_cuda_graph_compute: CUDA graph warmup reset
ggml_backend_cuda_graph_compute: CUDA graph warmup reset
ggml_backend_cuda_graph_compute: CUDA graph warmup reset
ggml_backend_cuda_graph_compute: CUDA graph warmup reset
ggml_backend_cuda_graph_compute: CUDA graph warmup reset
CUDA Graph id 1210 reused
ggml_backend_cuda_graph_compute: CUDA graph warmup complete
CUDA Graph id 1212 reused
ggml_backend_cuda_graph_compute: CUDA graph warmup complete
CUDA Graph id 1214 reused
ggml_backend_cuda_graph_compute: CUDA graph warmup complete
CUDA Graph id 1216 reused
ggml_backend_cuda_graph_compute: CUDA graph warmup complete
CUDA Graph id 1218 reused
ggml_backend_cuda_graph_compute: CUDA graph warmup complete
CUDA Graph id 1220 reused
ggml_backend_cuda_graph_compute: CUDA graph warmup complete
CUDA Graph id 1222 reused
ggml_backend_cuda_graph_compute: CUDA graph warmup complete
CUDA Graph id 1224 reused
ggml_backend_cuda_graph_compute: CUDA graph warmup complete
CUDA Graph id 1226 reused
ggml_backend_cuda_graph_compute: CUDA graph warmup complete
CUDA Graph id 1228 reused
ggml_backend_cuda_graph_compute: CUDA graph warmup complete
CUDA Graph id 1230 reused
ggml_backend_cuda_graph_compute: CUDA graph warmup complete
CUDA Graph id 1232 reused
ggml_backend_cuda_graph_compute: CUDA graph warmup complete
CUDA Graph id 1234 reused
ggml_backend_cuda_graph_compute: CUDA graph warmup complete
CUDA Graph id 1236 reused
ggml_backend_cuda_graph_compute: CUDA graph warmup complete
CUDA Graph id 1238 reused
ggml_backend_cuda_graph_compute: CUDA graph warmup complete
CUDA Graph id 1240 reused
ggml_backend_cuda_graph_compute: CUDA graph warmup complete
CUDA Graph id 1242 reused
ggml_backend_cuda_graph_compute: CUDA graph warmup complete
CUDA Graph id 1244 reused
ggml_backend_cuda_graph_compute: CUDA graph warmup complete
CUDA Graph id 1246 reused
ggml_backend_cuda_graph_compute: CUDA graph warmup complete
CUDA Graph id 1248 reused
ggml_backend_cuda_graph_compute: CUDA graph warmup complete
CUDA Graph id 1250 reused
ggml_backend_cuda_graph_compute: CUDA graph warmup complete
CUDA Graph id 1252 reused
ggml_backend_cuda_graph_compute: CUDA graph warmup complete
CUDA Graph id 1254 reused
ggml_backend_cuda_graph_compute: CUDA graph warmup complete
CUDA Graph id 1256 reused
ggml_backend_cuda_graph_compute: CUDA graph warmup complete
CUDA Graph id 1258 reused
ggml_backend_cuda_graph_compute: CUDA graph warmup complete
CUDA Graph id 1260 reused
ggml_backend_cuda_graph_compute: CUDA graph warmup complete
CUDA Graph id 1262 reused
ggml_backend_cuda_graph_compute: CUDA graph warmup complete
CUDA Graph id 1264 reused
ggml_backend_cuda_graph_compute: CUDA graph warmup complete
CUDA Graph id 1266 reused
ggml_backend_cuda_graph_compute: CUDA graph warmup complete
CUDA Graph id 1268 reused
ggml_backend_cuda_graph_compute: CUDA graph warmup complete
CUDA Graph id 1270 reused
ggml_backend_cuda_graph_compute: CUDA graph warmup complete
CUDA Graph id 1272 reused
ggml_backend_cuda_graph_compute: CUDA graph warmup complete
CUDA Graph id 1274 reused
ggml_backend_cuda_graph_compute: CUDA graph warmup complete
CUDA Graph id 1276 reused
ggml_backend_cuda_graph_compute: CUDA graph warmup complete
CUDA Graph id 1278 reused
ggml_backend_cuda_graph_compute: CUDA graph warmup complete
CUDA Graph id 1280 reused
ggml_backend_cuda_graph_compute: CUDA graph warmup complete
CUDA Graph id 1282 reused
ggml_backend_cuda_graph_compute: CUDA graph warmup complete
CUDA Graph id 1284 reused
ggml_backend_cuda_graph_compute: CUDA graph warmup complete
CUDA Graph id 1286 reused
ggml_backend_cuda_graph_compute: CUDA graph warmup complete
CUDA Graph id 1288 reused
ggml_backend_cuda_graph_compute: CUDA graph warmup complete
CUDA Graph id 1290 reused
ggml_backend_cuda_graph_compute: CUDA graph warmup complete
CUDA Graph id 1292 reused
ggml_backend_cuda_graph_compute: CUDA graph warmup complete
CUDA Graph id 1294 reused
ggml_backend_cuda_graph_compute: CUDA graph warmup complete
CUDA Graph id 1296 reused
ggml_backend_cuda_graph_compute: CUDA graph warmup complete
CUDA Graph id 1298 reused
ggml_backend_cuda_graph_compute: CUDA graph warmup complete
CUDA Graph id 1300 reused
ggml_backend_cuda_graph_compute: CUDA graph warmup complete
CUDA Graph id 1302 reused
ggml_backend_cuda_graph_compute: CUDA graph warmup complete
CUDA Graph id 1304 reused
ggml_backend_cuda_graph_compute: CUDA graph warmup complete
CUDA Graph id 1306 reused
ggml_backend_cuda_graph_compute: CUDA graph warmup complete
CUDA Graph id 1308 reused
ggml_backend_cuda_graph_compute: CUDA graph warmup complete
CUDA Graph id 1210 reused
CUDA Graph id 1212 reused
CUDA Graph id 1214 reused
CUDA Graph id 1216 reused
CUDA Graph id 1218 reused
CUDA Graph id 1220 reused
CUDA Graph id 1222 reused
CUDA Graph id 1224 reused
CUDA Graph id 1226 reused
CUDA Graph id 1228 reused
CUDA Graph id 1230 reused
CUDA Graph id 1232 reused
CUDA Graph id 1234 reused
CUDA Graph id 1236 reused
CUDA Graph id 1238 reused
CUDA Graph id 1240 reused
CUDA Graph id 1242 reused
CUDA Graph id 1244 reused
CUDA Graph id 1246 reused
CUDA Graph id 1248 reused
CUDA Graph id 1250 reused
CUDA Graph id 1252 reused
CUDA Graph id 1254 reused
CUDA Graph id 1256 reused
ggml_backend_cuda_graph_compute: CUDA graph warmup complete
CUDA Graph id 1258 reused
ggml_backend_cuda_graph_compute: CUDA graph warmup complete
CUDA Graph id 1260 reused
ggml_backend_cuda_graph_compute: CUDA graph warmup complete
CUDA Graph id 1262 reused
ggml_backend_cuda_graph_compute: CUDA graph warmup complete
CUDA Graph id 1264 reused
ggml_backend_cuda_graph_compute: CUDA graph warmup complete
CUDA Graph id 1266 reused
ggml_backend_cuda_graph_compute: CUDA graph warmup complete
CUDA Graph id 1268 reused
ggml_backend_cuda_graph_compute: CUDA graph warmup complete
CUDA Graph id 1270 reused
ggml_backend_cuda_graph_compute: CUDA graph warmup complete
CUDA Graph id 1272 reused
ggml_backend_cuda_graph_compute: CUDA graph warmup complete
CUDA Graph id 1274 reused
ggml_backend_cuda_graph_compute: CUDA graph warmup complete
CUDA Graph id 1276 reused
ggml_backend_cuda_graph_compute: CUDA graph warmup complete
CUDA Graph id 1278 reused
ggml_backend_cuda_graph_compute: CUDA graph warmup complete
CUDA Graph id 1280 reused
ggml_backend_cuda_graph_compute: CUDA graph warmup complete
CUDA Graph id 1282 reused
ggml_backend_cuda_graph_compute: CUDA graph warmup complete
CUDA Graph id 1284 reused
ggml_backend_cuda_graph_compute: CUDA graph warmup complete
CUDA Graph id 1286 reused
ggml_backend_cuda_graph_compute: CUDA graph warmup complete
CUDA Graph id 1288 reused
ggml_backend_cuda_graph_compute: CUDA graph warmup complete
CUDA Graph id 1290 reused
ggml_backend_cuda_graph_compute: CUDA graph warmup complete
CUDA Graph id 1292 reused
ggml_backend_cuda_graph_compute: CUDA graph warmup complete
CUDA Graph id 1294 reused
ggml_backend_cuda_graph_compute: CUDA graph warmup complete
CUDA Graph id 1296 reused
ggml_backend_cuda_graph_compute: CUDA graph warmup complete
CUDA Graph id 1298 reused
ggml_backend_cuda_graph_compute: CUDA graph warmup complete
CUDA Graph id 1300 reused
ggml_backend_cuda_graph_compute: CUDA graph warmup complete
CUDA Graph id 1302 reused
ggml_backend_cuda_graph_compute: CUDA graph warmup complete
CUDA Graph id 1304 reused
ggml_backend_cuda_graph_compute: CUDA graph warmup complete
CUDA Graph id 1306 reused
ggml_backend_cuda_graph_compute: CUDA graph warmup complete
CUDA Graph id 1308 reused
ggml_backend_cuda_graph_compute: CUDA graph warmup complete
CUDA Graph id 1210 reused
ggml_backend_cuda_graph_compute: CUDA graph warmup complete
CUDA Graph id 1212 reused
ggml_backend_cuda_graph_compute: CUDA graph warmup complete
CUDA Graph id 1214 reused
ggml_backend_cuda_graph_compute: CUDA graph warmup complete
CUDA Graph id 1216 reused
ggml_backend_cuda_graph_compute: CUDA graph warmup complete
CUDA Graph id 1218 reused
ggml_backend_cuda_graph_compute: CUDA graph warmup complete
CUDA Graph id 1220 reused
ggml_backend_cuda_graph_compute: CUDA graph warmup complete
CUDA Graph id 1222 reused
ggml_backend_cuda_graph_compute: CUDA graph warmup complete
CUDA Graph id 1224 reused
ggml_backend_cuda_graph_compute: CUDA graph warmup complete
CUDA Graph id 1226 reused
ggml_backend_cuda_graph_compute: CUDA graph warmup complete
CUDA Graph id 1228 reused
ggml_backend_cuda_graph_compute: CUDA graph warmup complete
CUDA Graph id 1230 reused
ggml_backend_cuda_graph_compute: CUDA graph warmup complete
CUDA Graph id 1232 reused
ggml_backend_cuda_graph_compute: CUDA graph warmup complete
CUDA Graph id 1234 reused
ggml_backend_cuda_graph_compute: CUDA graph warmup complete
CUDA Graph id 1236 reused
ggml_backend_cuda_graph_compute: CUDA graph warmup complete
CUDA Graph id 1238 reused
ggml_backend_cuda_graph_compute: CUDA graph warmup complete
CUDA Graph id 1240 reused
ggml_backend_cuda_graph_compute: CUDA graph warmup complete
CUDA Graph id 1242 reused
ggml_backend_cuda_graph_compute: CUDA graph warmup complete
CUDA Graph id 1244 reused
ggml_backend_cuda_graph_compute: CUDA graph warmup complete
CUDA Graph id 1246 reused
ggml_backend_cuda_graph_compute: CUDA graph warmup complete
CUDA Graph id 1248 reused
ggml_backend_cuda_graph_compute: CUDA graph warmup complete
CUDA Graph id 1250 reused
ggml_backend_cuda_graph_compute: CUDA graph warmup complete
CUDA Graph id 1252 reused
ggml_backend_cuda_graph_compute: CUDA graph warmup complete
CUDA Graph id 1254 reused
ggml_backend_cuda_graph_compute: CUDA graph warmup complete
CUDA Graph id 1256 reused
ggml_backend_cuda_graph_compute: CUDA graph warmup complete
CUDA Graph id 1258 reused
ggml_backend_cuda_graph_compute: CUDA graph warmup complete
CUDA Graph id 1260 reused
ggml_backend_cuda_graph_compute: CUDA graph warmup complete
CUDA Graph id 1262 reused
ggml_backend_cuda_graph_compute: CUDA graph warmup complete
CUDA Graph id 1264 reused
ggml_backend_cuda_graph_compute: CUDA graph warmup complete
CUDA Graph id 1266 reused
ggml_backend_cuda_graph_compute: CUDA graph warmup complete
CUDA Graph id 1268 reused
ggml_backend_cuda_graph_compute: CUDA graph warmup complete
CUDA Graph id 1270 reused
ggml_backend_cuda_graph_compute: CUDA graph warmup complete
CUDA Graph id 1272 reused
ggml_backend_cuda_graph_compute: CUDA graph warmup complete
CUDA Graph id 1274 reused
ggml_backend_cuda_graph_compute: CUDA graph warmup complete
CUDA Graph id 1276 reused
ggml_backend_cuda_graph_compute: CUDA graph warmup complete
CUDA Graph id 1278 reused
ggml_backend_cuda_graph_compute: CUDA graph warmup complete
CUDA Graph id 1280 reused
ggml_backend_cuda_graph_compute: CUDA graph warmup complete
CUDA Graph id 1282 reused
ggml_backend_cuda_graph_compute: CUDA graph warmup complete
CUDA Graph id 1284 reused
ggml_backend_cuda_graph_compute: CUDA graph warmup complete
CUDA Graph id 1286 reused
ggml_backend_cuda_graph_compute: CUDA graph warmup complete
CUDA Graph id 1288 reused
ggml_backend_cuda_graph_compute: CUDA graph warmup complete
CUDA Graph id 1290 reused
ggml_backend_cuda_graph_compute: CUDA graph warmup complete
CUDA Graph id 1292 reused
ggml_backend_cuda_graph_compute: CUDA graph warmup complete
CUDA Graph id 1294 reused
ggml_backend_cuda_graph_compute: CUDA graph warmup complete
CUDA Graph id 1296 reused
ggml_backend_cuda_graph_compute: CUDA graph warmup complete
CUDA Graph id 1298 reused
ggml_backend_cuda_graph_compute: CUDA graph warmup complete
CUDA Graph id 1300 reused
ggml_backend_cuda_graph_compute: CUDA graph warmup complete
CUDA Graph id 1302 reused
ggml_backend_cuda_graph_compute: CUDA graph warmup complete
CUDA Graph id 1304 reused
ggml_backend_cuda_graph_compute: CUDA graph warmup complete
CUDA Graph id 1306 reused
ggml_backend_cuda_graph_compute: CUDA graph warmup complete
CUDA Graph id 1308 reused
ggml_backend_cuda_graph_compute: CUDA graph warmup complete
CUDA Graph id 1210 reused
CUDA Graph id 1212 reused
CUDA Graph id 1214 reused
CUDA Graph id 1216 reused
CUDA Graph id 1218 reused
CUDA Graph id 1220 reused
CUDA Graph id 1222 reused
CUDA Graph id 1224 reused
CUDA Graph id 1226 reused
CUDA Graph id 1228 reused
CUDA Graph id 1230 reused
CUDA Graph id 1232 reused
CUDA Graph id 1234 reused
CUDA Graph id 1236 reused
CUDA Graph id 1238 reused
CUDA Graph id 1240 reused
CUDA Graph id 1242 reused
CUDA Graph id 1244 reused
CUDA Graph id 1246 reused
CUDA Graph id 1248 reused
CUDA Graph id 1250 reused
CUDA Graph id 1252 reused
ggml_backend_cuda_graph_compute: CUDA graph warmup complete
CUDA Graph id 1254 reused
ggml_backend_cuda_graph_compute: CUDA graph warmup complete
CUDA Graph id 1256 reused
ggml_backend_cuda_graph_compute: CUDA graph warmup complete
CUDA Graph id 1258 reused
ggml_backend_cuda_graph_compute: CUDA graph warmup complete
CUDA Graph id 1260 reused
ggml_backend_cuda_graph_compute: CUDA graph warmup complete
CUDA Graph id 1262 reused
ggml_backend_cuda_graph_compute: CUDA graph warmup complete
CUDA Graph id 1264 reused
ggml_backend_cuda_graph_compute: CUDA graph warmup complete
CUDA Graph id 1266 reused
ggml_backend_cuda_graph_compute: CUDA graph warmup complete
CUDA Graph id 1268 reused
ggml_backend_cuda_graph_compute: CUDA graph warmup complete
CUDA Graph id 1270 reused
ggml_backend_cuda_graph_compute: CUDA graph warmup complete
CUDA Graph id 1272 reused
ggml_backend_cuda_graph_compute: CUDA graph warmup complete
CUDA Graph id 1274 reused
ggml_backend_cuda_graph_compute: CUDA graph warmup complete
CUDA Graph id 1276 reused
ggml_backend_cuda_graph_compute: CUDA graph warmup complete
CUDA Graph id 1278 reused
ggml_backend_cuda_graph_compute: CUDA graph warmup complete
CUDA Graph id 1280 reused
ggml_backend_cuda_graph_compute: CUDA graph warmup complete
CUDA Graph id 1282 reused
ggml_backend_cuda_graph_compute: CUDA graph warmup complete
CUDA Graph id 1284 reused
ggml_backend_cuda_graph_compute: CUDA graph warmup complete
CUDA Graph id 1286 reused
ggml_backend_cuda_graph_compute: CUDA graph warmup complete
CUDA Graph id 1288 reused
ggml_backend_cuda_graph_compute: CUDA graph warmup complete
CUDA Graph id 1290 reused
ggml_backend_cuda_graph_compute: CUDA graph warmup complete
CUDA Graph id 1292 reused
ggml_backend_cuda_graph_compute: CUDA graph warmup complete
CUDA Graph id 1294 reused
ggml_backend_cuda_graph_compute: CUDA graph warmup complete
CUDA Graph id 1296 reused
ggml_backend_cuda_graph_compute: CUDA graph warmup complete
CUDA Graph id 1298 reused
ggml_backend_cuda_graph_compute: CUDA graph warmup complete
CUDA Graph id 1300 reused
ggml_backend_cuda_graph_compute: CUDA graph warmup complete
CUDA Graph id 1302 reused
ggml_backend_cuda_graph_compute: CUDA graph warmup complete
CUDA Graph id 1304 reused
ggml_backend_cuda_graph_compute: CUDA graph warmup complete
CUDA Graph id 1306 reused
ggml_backend_cuda_graph_compute: CUDA graph warmup complete
CUDA Graph id 1308 reused
ggml_backend_cuda_graph_compute: CUDA graph warmup complete
CUDA Graph id 1210 reused
ggml_backend_cuda_graph_compute: CUDA graph warmup complete
CUDA Graph id 1212 reused
ggml_backend_cuda_graph_compute: CUDA graph warmup complete
CUDA Graph id 1214 reused
ggml_backend_cuda_graph_compute: CUDA graph warmup complete
CUDA Graph id 1216 reused
ggml_backend_cuda_graph_compute: CUDA graph warmup complete
CUDA Graph id 1218 reused
ggml_backend_cuda_graph_compute: CUDA graph warmup complete
CUDA Graph id 1220 reused
ggml_backend_cuda_graph_compute: CUDA graph warmup complete
CUDA Graph id 1222 reused
ggml_backend_cuda_graph_compute: CUDA graph warmup complete
CUDA Graph id 1224 reused
ggml_backend_cuda_graph_compute: CUDA graph warmup complete
CUDA Graph id 1226 reused
ggml_backend_cuda_graph_compute: CUDA graph warmup complete
CUDA Graph id 1228 reused
ggml_backend_cuda_graph_compute: CUDA graph warmup complete
CUDA Graph id 1230 reused
ggml_backend_cuda_graph_compute: CUDA graph warmup complete
CUDA Graph id 1232 reused
ggml_backend_cuda_graph_compute: CUDA graph warmup complete
CUDA Graph id 1234 reused
ggml_backend_cuda_graph_compute: CUDA graph warmup complete
CUDA Graph id 1236 reused
ggml_backend_cuda_graph_compute: CUDA graph warmup complete
CUDA Graph id 1238 reused
ggml_backend_cuda_graph_compute: CUDA graph warmup complete
CUDA Graph id 1240 reused
ggml_backend_cuda_graph_compute: CUDA graph warmup complete
CUDA Graph id 1242 reused
ggml_backend_cuda_graph_compute: CUDA graph warmup complete
CUDA Graph id 1244 reused
ggml_backend_cuda_graph_compute: CUDA graph warmup complete
CUDA Graph id 1246 reused
ggml_backend_cuda_graph_compute: CUDA graph warmup complete
CUDA Graph id 1248 reused
ggml_backend_cuda_graph_compute: CUDA graph warmup complete
CUDA Graph id 1250 reused
ggml_backend_cuda_graph_compute: CUDA graph warmup complete
CUDA Graph id 1252 reused
CUDA Graph id 1254 reused
CUDA Graph id 1256 reused
CUDA Graph id 1258 reused
CUDA Graph id 1260 reused
CUDA Graph id 1262 reused
CUDA Graph id 1264 reused
CUDA Graph id 1266 reused
CUDA Graph id 1268 reused
CUDA Graph id 1270 reused
CUDA Graph id 1272 reused
CUDA Graph id 1274 reused
CUDA Graph id 1276 reused
CUDA Graph id 1278 reused
CUDA Graph id 1280 reused
CUDA Graph id 1282 reused
CUDA Graph id 1284 reused
CUDA Graph id 1286 reused
CUDA Graph id 1288 reused
CUDA Graph id 1290 reused
CUDA Graph id 1292 reused
CUDA Graph id 1294 reused
CUDA Graph id 1296 reused
CUDA Graph id 1298 reused
CUDA Graph id 1300 reused
CUDA Graph id 1302 reused
CUDA Graph id 1304 reused
CUDA Graph id 1306 reused
CUDA Graph id 1308 reused
CUDA Graph id 1210 reused
CUDA Graph id 1212 reused
CUDA Graph id 1214 reused
CUDA Graph id 1216 reused
CUDA Graph id 1218 reused
CUDA Graph id 1220 reused
CUDA Graph id 1222 reused
CUDA Graph id 1224 reused
CUDA Graph id 1226 reused
CUDA Graph id 1228 reused
CUDA Graph id 1230 reused
CUDA Graph id 1232 reused
CUDA Graph id 1234 reused
CUDA Graph id 1236 reused
CUDA Graph id 1238 reused
CUDA Graph id 1240 reused
CUDA Graph id 1242 reused
CUDA Graph id 1244 reused
CUDA Graph id 1246 reused
CUDA Graph id 1248 reused
CUDA Graph id 1250 reused
CUDA Graph id 1252 reused
CUDA Graph id 1254 reused
CUDA Graph id 1256 reused
CUDA Graph id 1258 reused
CUDA Graph id 1260 reused
CUDA Graph id 1262 reused
CUDA Graph id 1264 reused
CUDA Graph id 1266 reused
CUDA Graph id 1268 reused
CUDA Graph id 1270 reused
CUDA Graph id 1272 reused
CUDA Graph id 1274 reused
CUDA Graph id 1276 reused
CUDA Graph id 1278 reused
CUDA Graph id 1280 reused
CUDA Graph id 1282 reused
CUDA Graph id 1284 reused
CUDA Graph id 1286 reused
CUDA Graph id 1288 reused
CUDA Graph id 1290 reused
CUDA Graph id 1292 reused
CUDA Graph id 1294 reused
CUDA Graph id 1296 reused
CUDA Graph id 1298 reused
CUDA Graph id 1300 reused
CUDA Graph id 1302 reused
CUDA Graph id 1304 reused
CUDA Graph id 1306 reused
CUDA Graph id 1308 reused
CUDA Graph id 1210 reused
CUDA Graph id 1212 reused
CUDA Graph id 1214 reused
CUDA Graph id 1216 reused
CUDA Graph id 1218 reused
CUDA Graph id 1220 reused
CUDA Graph id 1222 reused
CUDA Graph id 1224 reused
CUDA Graph id 1226 reused
CUDA Graph id 1228 reused
CUDA Graph id 1230 reused
CUDA Graph id 1232 reused
CUDA Graph id 1234 reused
CUDA Graph id 1236 reused
CUDA Graph id 1238 reused
CUDA Graph id 1240 reused
CUDA Graph id 1242 reused
CUDA Graph id 1244 reused
CUDA Graph id 1246 reused
CUDA Graph id 1248 reused
CUDA Graph id 1250 reused
CUDA Graph id 1252 reused
CUDA Graph id 1254 reused
CUDA Graph id 1256 reused
CUDA Graph id 1258 reused
CUDA Graph id 1260 reused
CUDA Graph id 1262 reused
CUDA Graph id 1264 reused
CUDA Graph id 1266 reused
CUDA Graph id 1268 reused
CUDA Graph id 1270 reused
CUDA Graph id 1272 reused
CUDA Graph id 1274 reused
CUDA Graph id 1276 reused
CUDA Graph id 1278 reused
CUDA Graph id 1280 reused
CUDA Graph id 1282 reused
CUDA Graph id 1284 reused
CUDA Graph id 1286 reused
CUDA Graph id 1288 reused
CUDA Graph id 1290 reused
CUDA Graph id 1292 reused
CUDA Graph id 1294 reused
CUDA Graph id 1296 reused
CUDA Graph id 1298 reused
CUDA Graph id 1300 reused
CUDA Graph id 1302 reused
CUDA Graph id 1304 reused
CUDA Graph id 1306 reused
CUDA Graph id 1308 reused
CUDA Graph id 1210 reused
CUDA Graph id 1212 reused
CUDA Graph id 1214 reused
CUDA Graph id 1216 reused
CUDA Graph id 1218 reused
CUDA Graph id 1220 reused
CUDA Graph id 1222 reused
CUDA Graph id 1224 reused
CUDA Graph id 1226 reused
CUDA Graph id 1228 reused
CUDA Graph id 1230 reused
CUDA Graph id 1232 reused
CUDA Graph id 1234 reused
CUDA Graph id 1236 reused
CUDA Graph id 1238 reused
CUDA Graph id 1240 reused
CUDA Graph id 1242 reused
CUDA Graph id 1244 reused
CUDA Graph id 1246 reused
CUDA Graph id 1248 reused
CUDA Graph id 1250 reused
CUDA Graph id 1252 reused
CUDA Graph id 1254 reused
CUDA Graph id 1256 reused
CUDA Graph id 1258 reused
CUDA Graph id 1260 reused
CUDA Graph id 1262 reused
CUDA Graph id 1264 reused
CUDA Graph id 1266 reused
CUDA Graph id 1268 reused
CUDA Graph id 1270 reused
CUDA Graph id 1272 reused
CUDA Graph id 1274 reused
CUDA Graph id 1276 reused
CUDA Graph id 1278 reused
CUDA Graph id 1280 reused
CUDA Graph id 1282 reused
CUDA Graph id 1284 reused
CUDA Graph id 1286 reused
CUDA Graph id 1288 reused
CUDA Graph id 1290 reused
CUDA Graph id 1292 reused
CUDA Graph id 1294 reused
CUDA Graph id 1296 reused
CUDA Graph id 1298 reused
CUDA Graph id 1300 reused
CUDA Graph id 1302 reused
CUDA Graph id 1304 reused
CUDA Graph id 1306 reused
CUDA Graph id 1308 reused
CUDA Graph id 1210 reused
CUDA Graph id 1212 reused
CUDA Graph id 1214 reused
CUDA Graph id 1216 reused
CUDA Graph id 1218 reused
CUDA Graph id 1220 reused
CUDA Graph id 1222 reused
CUDA Graph id 1224 reused
CUDA Graph id 1226 reused
CUDA Graph id 1228 reused
CUDA Graph id 1230 reused
CUDA Graph id 1232 reused
CUDA Graph id 1234 reused
CUDA Graph id 1236 reused
CUDA Graph id 1238 reused
CUDA Graph id 1240 reused
CUDA Graph id 1242 reused
CUDA Graph id 1244 reused
CUDA Graph id 1246 reused
CUDA Graph id 1248 reused
CUDA Graph id 1250 reused
CUDA Graph id 1252 reused
CUDA Graph id 1254 reused
CUDA Graph id 1256 reused
CUDA Graph id 1258 reused
CUDA Graph id 1260 reused
CUDA Graph id 1262 reused
CUDA Graph id 1264 reused
CUDA Graph id 1266 reused
CUDA Graph id 1268 reused
CUDA Graph id 1270 reused
CUDA Graph id 1272 reused
CUDA Graph id 1274 reused
CUDA Graph id 1276 reused
CUDA Graph id 1278 reused
CUDA Graph id 1280 reused
CUDA Graph id 1282 reused
CUDA Graph id 1284 reused
CUDA Graph id 1286 reused
CUDA Graph id 1288 reused
CUDA Graph id 1290 reused
CUDA Graph id 1292 reused
CUDA Graph id 1294 reused
CUDA Graph id 1296 reused
CUDA Graph id 1298 reused
CUDA Graph id 1300 reused
CUDA Graph id 1302 reused
CUDA Graph id 1304 reused
CUDA Graph id 1306 reused
CUDA Graph id 1308 reused
CUDA Graph id 1210 reused
CUDA Graph id 1212 reused
CUDA Graph id 1214 reused
CUDA Graph id 1216 reused
CUDA Graph id 1218 reused
CUDA Graph id 1220 reused
CUDA Graph id 1222 reused
CUDA Graph id 1224 reused
CUDA Graph id 1226 reused
CUDA Graph id 1228 reused
CUDA Graph id 1230 reused
CUDA Graph id 1232 reused
CUDA Graph id 1234 reused
CUDA Graph id 1236 reused
CUDA Graph id 1238 reused
CUDA Graph id 1240 reused
CUDA Graph id 1242 reused
CUDA Graph id 1244 reused
CUDA Graph id 1246 reused
CUDA Graph id 1248 reused
CUDA Graph id 1250 reused
CUDA Graph id 1252 reused
CUDA Graph id 1254 reused
CUDA Graph id 1256 reused
CUDA Graph id 1258 reused
CUDA Graph id 1260 reused
CUDA Graph id 1262 reused
CUDA Graph id 1264 reused
CUDA Graph id 1266 reused
CUDA Graph id 1268 reused
CUDA Graph id 1270 reused
CUDA Graph id 1272 reused
CUDA Graph id 1274 reused
CUDA Graph id 1276 reused
CUDA Graph id 1278 reused
CUDA Graph id 1280 reused
CUDA Graph id 1282 reused
CUDA Graph id 1284 reused
CUDA Graph id 1286 reused
CUDA Graph id 1288 reused
CUDA Graph id 1290 reused
CUDA Graph id 1292 reused
CUDA Graph id 1294 reused
CUDA Graph id 1296 reused
CUDA Graph id 1298 reused
CUDA Graph id 1300 reused
CUDA Graph id 1302 reused
CUDA Graph id 1304 reused
CUDA Graph id 1306 reused
CUDA Graph id 1308 reused
CUDA Graph id 1210 reused
CUDA Graph id 1212 reused
CUDA Graph id 1214 reused
CUDA Graph id 1216 reused
CUDA Graph id 1218 reused
CUDA Graph id 1220 reused
CUDA Graph id 1222 reused
CUDA Graph id 1224 reused
CUDA Graph id 1226 reused
CUDA Graph id 1228 reused
CUDA Graph id 1230 reused
CUDA Graph id 1232 reused
CUDA Graph id 1234 reused
CUDA Graph id 1236 reused
CUDA Graph id 1238 reused
CUDA Graph id 1240 reused
CUDA Graph id 1242 reused
CUDA Graph id 1244 reused
CUDA Graph id 1246 reused
CUDA Graph id 1248 reused
CUDA Graph id 1250 reused
CUDA Graph id 1252 reused
CUDA Graph id 1254 reused
CUDA Graph id 1256 reused
CUDA Graph id 1258 reused
CUDA Graph id 1260 reused
CUDA Graph id 1262 reused
CUDA Graph id 1264 reused
CUDA Graph id 1266 reused
CUDA Graph id 1268 reused
CUDA Graph id 1270 reused
CUDA Graph id 1272 reused
CUDA Graph id 1274 reused
CUDA Graph id 1276 reused
CUDA Graph id 1278 reused
CUDA Graph id 1280 reused
CUDA Graph id 1282 reused
CUDA Graph id 1284 reused
CUDA Graph id 1286 reused
CUDA Graph id 1288 reused
CUDA Graph id 1290 reused
CUDA Graph id 1292 reused
CUDA Graph id 1294 reused
CUDA Graph id 1296 reused
CUDA Graph id 1298 reused
CUDA Graph id 1300 reused
CUDA Graph id 1302 reused
CUDA Graph id 1304 reused
CUDA Graph id 1306 reused
CUDA Graph id 1308 reused
CUDA Graph id 1210 reused
CUDA Graph id 1212 reused
CUDA Graph id 1214 reused
CUDA Graph id 1216 reused
CUDA Graph id 1218 reused
CUDA Graph id 1220 reused
CUDA Graph id 1222 reused
CUDA Graph id 1224 reused
CUDA Graph id 1226 reused
CUDA Graph id 1228 reused
CUDA Graph id 1230 reused
CUDA Graph id 1232 reused
CUDA Graph id 1234 reused
CUDA Graph id 1236 reused
CUDA Graph id 1238 reused
CUDA Graph id 1240 reused
CUDA Graph id 1242 reused
CUDA Graph id 1244 reused
CUDA Graph id 1246 reused
CUDA Graph id 1248 reused
CUDA Graph id 1250 reused
CUDA Graph id 1252 reused
CUDA Graph id 1254 reused
CUDA Graph id 1256 reused
CUDA Graph id 1258 reused
CUDA Graph id 1260 reused
CUDA Graph id 1262 reused
CUDA Graph id 1264 reused
CUDA Graph id 1266 reused
CUDA Graph id 1268 reused
CUDA Graph id 1270 reused
CUDA Graph id 1272 reused
CUDA Graph id 1274 reused
CUDA Graph id 1276 reused
CUDA Graph id 1278 reused
CUDA Graph id 1280 reused
CUDA Graph id 1282 reused
CUDA Graph id 1284 reused
CUDA Graph id 1286 reused
CUDA Graph id 1288 reused
CUDA Graph id 1290 reused
CUDA Graph id 1292 reused
CUDA Graph id 1294 reused
CUDA Graph id 1296 reused
CUDA Graph id 1298 reused
CUDA Graph id 1300 reused
CUDA Graph id 1302 reused
CUDA Graph id 1304 reused
CUDA Graph id 1306 reused
CUDA Graph id 1308 reused
CUDA Graph id 1210 reused
CUDA Graph id 1212 reused
CUDA Graph id 1214 reused
CUDA Graph id 1216 reused
CUDA Graph id 1218 reused
CUDA Graph id 1220 reused
CUDA Graph id 1222 reused
CUDA Graph id 1224 reused
CUDA Graph id 1226 reused
CUDA Graph id 1228 reused
CUDA Graph id 1230 reused
CUDA Graph id 1232 reused
CUDA Graph id 1234 reused
CUDA Graph id 1236 reused
CUDA Graph id 1238 reused
CUDA Graph id 1240 reused
CUDA Graph id 1242 reused
CUDA Graph id 1244 reused
CUDA Graph id 1246 reused
CUDA Graph id 1248 reused
CUDA Graph id 1250 reused
CUDA Graph id 1252 reused
CUDA Graph id 1254 reused
CUDA Graph id 1256 reused
CUDA Graph id 1258 reused
CUDA Graph id 1260 reused
CUDA Graph id 1262 reused
CUDA Graph id 1264 reused
CUDA Graph id 1266 reused
CUDA Graph id 1268 reused
CUDA Graph id 1270 reused
CUDA Graph id 1272 reused
CUDA Graph id 1274 reused
CUDA Graph id 1276 reused
CUDA Graph id 1278 reused
CUDA Graph id 1280 reused
CUDA Graph id 1282 reused
CUDA Graph id 1284 reused
CUDA Graph id 1286 reused
CUDA Graph id 1288 reused
CUDA Graph id 1290 reused
CUDA Graph id 1292 reused
CUDA Graph id 1294 reused
CUDA Graph id 1296 reused
CUDA Graph id 1298 reused
CUDA Graph id 1300 reused
CUDA Graph id 1302 reused
CUDA Graph id 1304 reused
CUDA Graph id 1306 reused
CUDA Graph id 1308 reused
CUDA Graph id 1210 reused
CUDA Graph id 1212 reused
CUDA Graph id 1214 reused
CUDA Graph id 1216 reused
CUDA Graph id 1218 reused
CUDA Graph id 1220 reused
CUDA Graph id 1222 reused
CUDA Graph id 1224 reused
CUDA Graph id 1226 reused
CUDA Graph id 1228 reused
ggml_backend_cuda_graph_compute: CUDA graph warmup complete
CUDA Graph id 1230 reused
ggml_backend_cuda_graph_compute: CUDA graph warmup complete
CUDA Graph id 1232 reused
ggml_backend_cuda_graph_compute: CUDA graph warmup complete
CUDA Graph id 1234 reused
ggml_backend_cuda_graph_compute: CUDA graph warmup complete
CUDA Graph id 1236 reused
ggml_backend_cuda_graph_compute: CUDA graph warmup complete
CUDA Graph id 1238 reused
ggml_backend_cuda_graph_compute: CUDA graph warmup complete
CUDA Graph id 1240 reused
ggml_backend_cuda_graph_compute: CUDA graph warmup complete
CUDA Graph id 1242 reused
ggml_backend_cuda_graph_compute: CUDA graph warmup complete
CUDA Graph id 1244 reused
ggml_backend_cuda_graph_compute: CUDA graph warmup complete
CUDA Graph id 1246 reused
ggml_backend_cuda_graph_compute: CUDA graph warmup complete
CUDA Graph id 1248 reused
ggml_backend_cuda_graph_compute: CUDA graph warmup complete
CUDA Graph id 1250 reused
ggml_backend_cuda_graph_compute: CUDA graph warmup complete
CUDA Graph id 1252 reused
ggml_backend_cuda_graph_compute: CUDA graph warmup complete
CUDA Graph id 1254 reused
ggml_backend_cuda_graph_compute: CUDA graph warmup complete
CUDA Graph id 1256 reused
ggml_backend_cuda_graph_compute: CUDA graph warmup complete
CUDA Graph id 1258 reused
ggml_backend_cuda_graph_compute: CUDA graph warmup complete
CUDA Graph id 1260 reused
ggml_backend_cuda_graph_compute: CUDA graph warmup complete
CUDA Graph id 1262 reused
ggml_backend_cuda_graph_compute: CUDA graph warmup complete
CUDA Graph id 1264 reused
ggml_backend_cuda_graph_compute: CUDA graph warmup complete
CUDA Graph id 1266 reused
ggml_backend_cuda_graph_compute: CUDA graph warmup complete
CUDA Graph id 1268 reused
ggml_backend_cuda_graph_compute: CUDA graph warmup complete
CUDA Graph id 1270 reused
ggml_backend_cuda_graph_compute: CUDA graph warmup complete
CUDA Graph id 1272 reused
ggml_backend_cuda_graph_compute: CUDA graph warmup complete
CUDA Graph id 1274 reused
ggml_backend_cuda_graph_compute: CUDA graph warmup complete
CUDA Graph id 1276 reused
ggml_backend_cuda_graph_compute: CUDA graph warmup complete
CUDA Graph id 1278 reused
ggml_backend_cuda_graph_compute: CUDA graph warmup complete
CUDA Graph id 1280 reused
ggml_backend_cuda_graph_compute: CUDA graph warmup complete
CUDA Graph id 1282 reused
ggml_backend_cuda_graph_compute: CUDA graph warmup complete
CUDA Graph id 1284 reused
ggml_backend_cuda_graph_compute: CUDA graph warmup complete
CUDA Graph id 1286 reused
ggml_backend_cuda_graph_compute: CUDA graph warmup complete
CUDA Graph id 1288 reused
ggml_backend_cuda_graph_compute: CUDA graph warmup complete
CUDA Graph id 1290 reused
ggml_backend_cuda_graph_compute: CUDA graph warmup complete
CUDA Graph id 1292 reused
ggml_backend_cuda_graph_compute: CUDA graph warmup complete
CUDA Graph id 1294 reused
ggml_backend_cuda_graph_compute: CUDA graph warmup complete
CUDA Graph id 1296 reused
ggml_backend_cuda_graph_compute: CUDA graph warmup complete
CUDA Graph id 1298 reused
ggml_backend_cuda_graph_compute: CUDA graph warmup complete
CUDA Graph id 1300 reused
ggml_backend_cuda_graph_compute: CUDA graph warmup complete
CUDA Graph id 1302 reused
ggml_backend_cuda_graph_compute: CUDA graph warmup complete
CUDA Graph id 1304 reused
ggml_backend_cuda_graph_compute: CUDA graph warmup complete
CUDA Graph id 1306 reused
ggml_backend_cuda_graph_compute: CUDA graph warmup complete
CUDA Graph id 1308 reused
ggml_backend_cuda_graph_compute: CUDA graph warmup complete
CUDA Graph id 1210 reused
ggml_backend_cuda_graph_compute: CUDA graph warmup complete
CUDA Graph id 1212 reused
ggml_backend_cuda_graph_compute: CUDA graph warmup complete
CUDA Graph id 1214 reused
ggml_backend_cuda_graph_compute: CUDA graph warmup complete
CUDA Graph id 1216 reused
ggml_backend_cuda_graph_compute: CUDA graph warmup complete
CUDA Graph id 1218 reused
ggml_backend_cuda_graph_compute: CUDA graph warmup complete
CUDA Graph id 1220 reused
ggml_backend_cuda_graph_compute: CUDA graph warmup complete
CUDA Graph id 1222 reused
ggml_backend_cuda_graph_compute: CUDA graph warmup complete
CUDA Graph id 1224 reused
ggml_backend_cuda_graph_compute: CUDA graph warmup complete
CUDA Graph id 1226 reused
ggml_backend_cuda_graph_compute: CUDA graph warmup complete
CUDA Graph id 1228 reused
CUDA Graph id 1230 reused
CUDA Graph id 1232 reused
CUDA Graph id 1234 reused
CUDA Graph id 1236 reused
CUDA Graph id 1238 reused
CUDA Graph id 1240 reused
CUDA Graph id 1242 reused
CUDA Graph id 1244 reused
CUDA Graph id 1246 reused
CUDA Graph id 1248 reused
CUDA Graph id 1250 reused
CUDA Graph id 1252 reused
CUDA Graph id 1254 reused
CUDA Graph id 1256 reused
CUDA Graph id 1258 reused
CUDA Graph id 1260 reused
CUDA Graph id 1262 reused
CUDA Graph id 1264 reused
CUDA Graph id 1266 reused
CUDA Graph id 1268 reused
CUDA Graph id 1270 reused
CUDA Graph id 1272 reused
CUDA Graph id 1274 reused
CUDA Graph id 1276 reused
CUDA Graph id 1278 reused
CUDA Graph id 1280 reused
CUDA Graph id 1282 reused
CUDA Graph id 1284 reused
CUDA Graph id 1286 reused
CUDA Graph id 1288 reused
CUDA Graph id 1290 reused
CUDA Graph id 1292 reused
CUDA Graph id 1294 reused
CUDA Graph id 1296 reused
CUDA Graph id 1298 reused
CUDA Graph id 1300 reused
CUDA Graph id 1302 reused
CUDA Graph id 1304 reused
CUDA Graph id 1306 reused
CUDA Graph id 1308 reused
CUDA Graph id 1210 reused
CUDA Graph id 1212 reused
CUDA Graph id 1214 reused
CUDA Graph id 1216 reused
CUDA Graph id 1218 reused
CUDA Graph id 1220 reused
CUDA Graph id 1222 reused
CUDA Graph id 1224 reused
CUDA Graph id 1226 reused
CUDA Graph id 1228 reused
CUDA Graph id 1230 reused
CUDA Graph id 1232 reused
CUDA Graph id 1234 reused
CUDA Graph id 1236 reused
CUDA Graph id 1238 reused
CUDA Graph id 1240 reused
CUDA Graph id 1242 reused
CUDA Graph id 1244 reused
CUDA Graph id 1246 reused
CUDA Graph id 1248 reused
CUDA Graph id 1250 reused
CUDA Graph id 1252 reused
CUDA Graph id 1254 reused
CUDA Graph id 1256 reused
CUDA Graph id 1258 reused
CUDA Graph id 1260 reused
CUDA Graph id 1262 reused
CUDA Graph id 1264 reused
CUDA Graph id 1266 reused
CUDA Graph id 1268 reused
CUDA Graph id 1270 reused
CUDA Graph id 1272 reused
CUDA Graph id 1274 reused
CUDA Graph id 1276 reused
CUDA Graph id 1278 reused
CUDA Graph id 1280 reused
CUDA Graph id 1282 reused
CUDA Graph id 1284 reused
CUDA Graph id 1286 reused
CUDA Graph id 1288 reused
CUDA Graph id 1290 reused
CUDA Graph id 1292 reused
CUDA Graph id 1294 reused
CUDA Graph id 1296 reused
CUDA Graph id 1298 reused
CUDA Graph id 1300 reused
CUDA Graph id 1302 reused
CUDA Graph id 1304 reused
CUDA Graph id 1306 reused
CUDA Graph id 1308 reused
CUDA Graph id 1210 reused
CUDA Graph id 1212 reused
CUDA Graph id 1214 reused
CUDA Graph id 1216 reused
CUDA Graph id 1218 reused
CUDA Graph id 1220 reused
CUDA Graph id 1222 reused
CUDA Graph id 1224 reused
CUDA Graph id 1226 reused
CUDA Graph id 1228 reused
CUDA Graph id 1230 reused
CUDA Graph id 1232 reused
CUDA Graph id 1234 reused
CUDA Graph id 1236 reused
CUDA Graph id 1238 reused
CUDA Graph id 1240 reused
CUDA Graph id 1242 reused
CUDA Graph id 1244 reused
CUDA Graph id 1246 reused
CUDA Graph id 1248 reused
CUDA Graph id 1250 reused
CUDA Graph id 1252 reused
CUDA Graph id 1254 reused
CUDA Graph id 1256 reused
CUDA Graph id 1258 reused
CUDA Graph id 1260 reused
CUDA Graph id 1262 reused
CUDA Graph id 1264 reused
CUDA Graph id 1266 reused
CUDA Graph id 1268 reused
CUDA Graph id 1270 reused
CUDA Graph id 1272 reused
CUDA Graph id 1274 reused
CUDA Graph id 1276 reused
CUDA Graph id 1278 reused
CUDA Graph id 1280 reused
CUDA Graph id 1282 reused
CUDA Graph id 1284 reused
CUDA Graph id 1286 reused
CUDA Graph id 1288 reused
CUDA Graph id 1290 reused
CUDA Graph id 1292 reused
CUDA Graph id 1294 reused
CUDA Graph id 1296 reused
CUDA Graph id 1298 reused
CUDA Graph id 1300 reused
CUDA Graph id 1302 reused
CUDA Graph id 1304 reused
CUDA Graph id 1306 reused
CUDA Graph id 1308 reused
CUDA Graph id 1210 reused
CUDA Graph id 1212 reused
CUDA Graph id 1214 reused
CUDA Graph id 1216 reused
CUDA Graph id 1218 reused
CUDA Graph id 1220 reused
CUDA Graph id 1222 reused
CUDA Graph id 1224 reused
CUDA Graph id 1226 reused
CUDA Graph id 1228 reused
CUDA Graph id 1230 reused
CUDA Graph id 1232 reused
CUDA Graph id 1234 reused
CUDA Graph id 1236 reused
CUDA Graph id 1238 reused
CUDA Graph id 1240 reused
CUDA Graph id 1242 reused
CUDA Graph id 1244 reused
CUDA Graph id 1246 reused
CUDA Graph id 1248 reused
CUDA Graph id 1250 reused
CUDA Graph id 1252 reused
CUDA Graph id 1254 reused
CUDA Graph id 1256 reused
CUDA Graph id 1258 reused
CUDA Graph id 1260 reused
CUDA Graph id 1262 reused
CUDA Graph id 1264 reused
CUDA Graph id 1266 reused
CUDA Graph id 1268 reused
CUDA Graph id 1270 reused
CUDA Graph id 1272 reused
CUDA Graph id 1274 reused
CUDA Graph id 1276 reused
CUDA Graph id 1278 reused
CUDA Graph id 1280 reused
CUDA Graph id 1282 reused
CUDA Graph id 1284 reused
CUDA Graph id 1286 reused
CUDA Graph id 1288 reused
CUDA Graph id 1290 reused
CUDA Graph id 1292 reused
CUDA Graph id 1294 reused
CUDA Graph id 1296 reused
CUDA Graph id 1298 reused
CUDA Graph id 1300 reused
CUDA Graph id 1302 reused
CUDA Graph id 1304 reused
CUDA Graph id 1306 reused
CUDA Graph id 1308 reused
CUDA Graph id 1210 reused
CUDA Graph id 1212 reused
CUDA Graph id 1214 reused
CUDA Graph id 1216 reused
CUDA Graph id 1218 reused
CUDA Graph id 1220 reused
CUDA Graph id 1222 reused
CUDA Graph id 1224 reused
CUDA Graph id 1226 reused
CUDA Graph id 1228 reused
CUDA Graph id 1230 reused
CUDA Graph id 1232 reused
CUDA Graph id 1234 reused
CUDA Graph id 1236 reused
CUDA Graph id 1238 reused
CUDA Graph id 1240 reused
CUDA Graph id 1242 reused
CUDA Graph id 1244 reused
CUDA Graph id 1246 reused
CUDA Graph id 1248 reused
CUDA Graph id 1250 reused
CUDA Graph id 1252 reused
CUDA Graph id 1254 reused
CUDA Graph id 1256 reused
CUDA Graph id 1258 reused
CUDA Graph id 1260 reused
CUDA Graph id 1262 reused
CUDA Graph id 1264 reused
CUDA Graph id 1266 reused
CUDA Graph id 1268 reused
CUDA Graph id 1270 reused
CUDA Graph id 1272 reused
CUDA Graph id 1274 reused
CUDA Graph id 1276 reused
CUDA Graph id 1278 reused
CUDA Graph id 1280 reused
CUDA Graph id 1282 reused
CUDA Graph id 1284 reused
CUDA Graph id 1286 reused
CUDA Graph id 1288 reused
CUDA Graph id 1290 reused
CUDA Graph id 1292 reused
CUDA Graph id 1294 reused
CUDA Graph id 1296 reused
CUDA Graph id 1298 reused
CUDA Graph id 1300 reused
CUDA Graph id 1302 reused
CUDA Graph id 1304 reused
CUDA Graph id 1306 reused
CUDA Graph id 1308 reused
CUDA Graph id 1210 reused
ggml_backend_cuda_graph_compute: CUDA graph warmup complete
CUDA Graph id 1212 reused
ggml_backend_cuda_graph_compute: CUDA graph warmup complete
CUDA Graph id 1214 reused
ggml_backend_cuda_graph_compute: CUDA graph warmup complete
CUDA Graph id 1216 reused
ggml_backend_cuda_graph_compute: CUDA graph warmup complete
CUDA Graph id 1218 reused
ggml_backend_cuda_graph_compute: CUDA graph warmup complete
CUDA Graph id 1220 reused
ggml_backend_cuda_graph_compute: CUDA graph warmup complete
CUDA Graph id 1222 reused
ggml_backend_cuda_graph_compute: CUDA graph warmup complete
CUDA Graph id 1224 reused
ggml_backend_cuda_graph_compute: CUDA graph warmup complete
CUDA Graph id 1226 reused
ggml_backend_cuda_graph_compute: CUDA graph warmup complete
CUDA Graph id 1228 reused
ggml_backend_cuda_graph_compute: CUDA graph warmup complete
CUDA Graph id 1230 reused
ggml_backend_cuda_graph_compute: CUDA graph warmup complete
CUDA Graph id 1232 reused
ggml_backend_cuda_graph_compute: CUDA graph warmup complete
CUDA Graph id 1234 reused
ggml_backend_cuda_graph_compute: CUDA graph warmup complete
CUDA Graph id 1236 reused
ggml_backend_cuda_graph_compute: CUDA graph warmup complete
CUDA Graph id 1238 reused
ggml_backend_cuda_graph_compute: CUDA graph warmup complete
CUDA Graph id 1240 reused
ggml_backend_cuda_graph_compute: CUDA graph warmup complete
CUDA Graph id 1242 reused
ggml_backend_cuda_graph_compute: CUDA graph warmup complete
CUDA Graph id 1244 reused
ggml_backend_cuda_graph_compute: CUDA graph warmup complete
CUDA Graph id 1246 reused
ggml_backend_cuda_graph_compute: CUDA graph warmup complete
CUDA Graph id 1248 reused
ggml_backend_cuda_graph_compute: CUDA graph warmup complete
CUDA Graph id 1250 reused
ggml_backend_cuda_graph_compute: CUDA graph warmup complete
CUDA Graph id 1252 reused
ggml_backend_cuda_graph_compute: CUDA graph warmup complete
CUDA Graph id 1254 reused
ggml_backend_cuda_graph_compute: CUDA graph warmup complete
CUDA Graph id 1256 reused
ggml_backend_cuda_graph_compute: CUDA graph warmup complete
CUDA Graph id 1258 reused
ggml_backend_cuda_graph_compute: CUDA graph warmup complete
CUDA Graph id 1260 reused
ggml_backend_cuda_graph_compute: CUDA graph warmup complete
CUDA Graph id 1262 reused
ggml_backend_cuda_graph_compute: CUDA graph warmup complete
CUDA Graph id 1264 reused
ggml_backend_cuda_graph_compute: CUDA graph warmup complete
CUDA Graph id 1266 reused
ggml_backend_cuda_graph_compute: CUDA graph warmup complete
CUDA Graph id 1268 reused
ggml_backend_cuda_graph_compute: CUDA graph warmup complete
CUDA Graph id 1270 reused
ggml_backend_cuda_graph_compute: CUDA graph warmup complete
CUDA Graph id 1272 reused
ggml_backend_cuda_graph_compute: CUDA graph warmup complete
CUDA Graph id 1274 reused
ggml_backend_cuda_graph_compute: CUDA graph warmup complete
CUDA Graph id 1276 reused
ggml_backend_cuda_graph_compute: CUDA graph warmup complete
CUDA Graph id 1278 reused
ggml_backend_cuda_graph_compute: CUDA graph warmup complete
CUDA Graph id 1280 reused
ggml_backend_cuda_graph_compute: CUDA graph warmup complete
CUDA Graph id 1282 reused
ggml_backend_cuda_graph_compute: CUDA graph warmup complete
CUDA Graph id 1284 reused
ggml_backend_cuda_graph_compute: CUDA graph warmup complete
CUDA Graph id 1286 reused
ggml_backend_cuda_graph_compute: CUDA graph warmup complete
CUDA Graph id 1288 reused
ggml_backend_cuda_graph_compute: CUDA graph warmup complete
CUDA Graph id 1290 reused
ggml_backend_cuda_graph_compute: CUDA graph warmup complete
CUDA Graph id 1292 reused
ggml_backend_cuda_graph_compute: CUDA graph warmup complete
CUDA Graph id 1294 reused
ggml_backend_cuda_graph_compute: CUDA graph warmup complete
CUDA Graph id 1296 reused
ggml_backend_cuda_graph_compute: CUDA graph warmup complete
CUDA Graph id 1298 reused
ggml_backend_cuda_graph_compute: CUDA graph warmup complete
CUDA Graph id 1300 reused
ggml_backend_cuda_graph_compute: CUDA graph warmup complete
CUDA Graph id 1302 reused
ggml_backend_cuda_graph_compute: CUDA graph warmup complete
CUDA Graph id 1304 reused
ggml_backend_cuda_graph_compute: CUDA graph warmup complete
CUDA Graph id 1306 reused
ggml_backend_cuda_graph_compute: CUDA graph warmup complete
CUDA Graph id 1308 reused
ggml_backend_cuda_graph_compute: CUDA graph warmup complete
CUDA Graph id 1210 reused
ggml_backend_cuda_graph_compute: CUDA graph warmup complete
CUDA Graph id 1212 reused
ggml_backend_cuda_graph_compute: CUDA graph warmup complete
CUDA Graph id 1214 reused
ggml_backend_cuda_graph_compute: CUDA graph warmup complete
CUDA Graph id 1216 reused
ggml_backend_cuda_graph_compute: CUDA graph warmup complete
CUDA Graph id 1218 reused
ggml_backend_cuda_graph_compute: CUDA graph warmup complete
CUDA Graph id 1220 reused
ggml_backend_cuda_graph_compute: CUDA graph warmup complete
CUDA Graph id 1222 reused
ggml_backend_cuda_graph_compute: CUDA graph warmup complete
CUDA Graph id 1224 reused
ggml_backend_cuda_graph_compute: CUDA graph warmup complete
CUDA Graph id 1226 reused
ggml_backend_cuda_graph_compute: CUDA graph warmup complete
CUDA Graph id 1228 reused
ggml_backend_cuda_graph_compute: CUDA graph warmup complete
CUDA Graph id 1230 reused
ggml_backend_cuda_graph_compute: CUDA graph warmup complete
CUDA Graph id 1232 reused
ggml_backend_cuda_graph_compute: CUDA graph warmup complete
CUDA Graph id 1234 reused
ggml_backend_cuda_graph_compute: CUDA graph warmup complete
CUDA Graph id 1236 reused
ggml_backend_cuda_graph_compute: CUDA graph warmup complete
CUDA Graph id 1238 reused
ggml_backend_cuda_graph_compute: CUDA graph warmup complete
CUDA Graph id 1240 reused
ggml_backend_cuda_graph_compute: CUDA graph warmup complete
CUDA Graph id 1242 reused
ggml_backend_cuda_graph_compute: CUDA graph warmup complete
CUDA Graph id 1244 reused
ggml_backend_cuda_graph_compute: CUDA graph warmup complete
CUDA Graph id 1246 reused
ggml_backend_cuda_graph_compute: CUDA graph warmup complete
CUDA Graph id 1248 reused
ggml_backend_cuda_graph_compute: CUDA graph warmup complete
CUDA Graph id 1250 reused
ggml_backend_cuda_graph_compute: CUDA graph warmup complete
CUDA Graph id 1252 reused
ggml_backend_cuda_graph_compute: CUDA graph warmup complete
CUDA Graph id 1254 reused
ggml_backend_cuda_graph_compute: CUDA graph warmup complete
CUDA Graph id 1256 reused
ggml_backend_cuda_graph_compute: CUDA graph warmup complete
CUDA Graph id 1258 reused
ggml_backend_cuda_graph_compute: CUDA graph warmup complete
CUDA Graph id 1260 reused
ggml_backend_cuda_graph_compute: CUDA graph warmup complete
CUDA Graph id 1262 reused
ggml_backend_cuda_graph_compute: CUDA graph warmup complete
CUDA Graph id 1264 reused
ggml_backend_cuda_graph_compute: CUDA graph warmup complete
CUDA Graph id 1266 reused
ggml_backend_cuda_graph_compute: CUDA graph warmup complete
CUDA Graph id 1268 reused
ggml_backend_cuda_graph_compute: CUDA graph warmup complete
CUDA Graph id 1270 reused
ggml_backend_cuda_graph_compute: CUDA graph warmup complete
CUDA Graph id 1272 reused
ggml_backend_cuda_graph_compute: CUDA graph warmup complete
CUDA Graph id 1274 reused
ggml_backend_cuda_graph_compute: CUDA graph warmup complete
CUDA Graph id 1276 reused
ggml_backend_cuda_graph_compute: CUDA graph warmup complete
CUDA Graph id 1278 reused
ggml_backend_cuda_graph_compute: CUDA graph warmup complete
CUDA Graph id 1280 reused
ggml_backend_cuda_graph_compute: CUDA graph warmup complete
CUDA Graph id 1282 reused
ggml_backend_cuda_graph_compute: CUDA graph warmup complete
CUDA Graph id 1284 reused
ggml_backend_cuda_graph_compute: CUDA graph warmup complete
CUDA Graph id 1286 reused
ggml_backend_cuda_graph_compute: CUDA graph warmup complete
CUDA Graph id 1288 reused
ggml_backend_cuda_graph_compute: CUDA graph warmup complete
CUDA Graph id 1290 reused
ggml_backend_cuda_graph_compute: CUDA graph warmup complete
CUDA Graph id 1292 reused
ggml_backend_cuda_graph_compute: CUDA graph warmup complete
CUDA Graph id 1294 reused
ggml_backend_cuda_graph_compute: CUDA graph warmup complete
CUDA Graph id 1296 reused
ggml_backend_cuda_graph_compute: CUDA graph warmup complete
CUDA Graph id 1298 reused
ggml_backend_cuda_graph_compute: CUDA graph warmup complete
CUDA Graph id 1300 reused
ggml_backend_cuda_graph_compute: CUDA graph warmup complete
CUDA Graph id 1302 reused
ggml_backend_cuda_graph_compute: CUDA graph warmup complete
CUDA Graph id 1304 reused
ggml_backend_cuda_graph_compute: CUDA graph warmup complete
CUDA Graph id 1306 reused
ggml_backend_cuda_graph_compute: CUDA graph warmup complete
CUDA Graph id 1308 reused
ggml_backend_cuda_graph_compute: CUDA graph warmup complete
CUDA Graph id 1210 reused
CUDA Graph id 1212 reused
CUDA Graph id 1214 reused
CUDA Graph id 1216 reused
CUDA Graph id 1218 reused
CUDA Graph id 1220 reused
CUDA Graph id 1222 reused
CUDA Graph id 1224 reused
CUDA Graph id 1226 reused
CUDA Graph id 1228 reused
CUDA Graph id 1230 reused
CUDA Graph id 1232 reused
CUDA Graph id 1234 reused
CUDA Graph id 1236 reused
CUDA Graph id 1238 reused
CUDA Graph id 1240 reused
CUDA Graph id 1242 reused
CUDA Graph id 1244 reused
CUDA Graph id 1246 reused
CUDA Graph id 1248 reused
CUDA Graph id 1250 reused
CUDA Graph id 1252 reused
CUDA Graph id 1254 reused
CUDA Graph id 1256 reused
CUDA Graph id 1258 reused
CUDA Graph id 1260 reused
CUDA Graph id 1262 reused
CUDA Graph id 1264 reused
CUDA Graph id 1266 reused
CUDA Graph id 1268 reused
CUDA Graph id 1270 reused
CUDA Graph id 1272 reused
CUDA Graph id 1274 reused
CUDA Graph id 1276 reused
CUDA Graph id 1278 reused
CUDA Graph id 1280 reused
CUDA Graph id 1282 reused
CUDA Graph id 1284 reused
CUDA Graph id 1286 reused
CUDA Graph id 1288 reused
CUDA Graph id 1290 reused
CUDA Graph id 1292 reused
CUDA Graph id 1294 reused
CUDA Graph id 1296 reused
CUDA Graph id 1298 reused
CUDA Graph id 1300 reused
CUDA Graph id 1302 reused
CUDA Graph id 1304 reused
CUDA Graph id 1306 reused
CUDA Graph id 1308 reused
CUDA Graph id 1210 reused
ggml_backend_cuda_graph_compute: CUDA graph warmup complete
CUDA Graph id 1212 reused
ggml_backend_cuda_graph_compute: CUDA graph warmup complete
CUDA Graph id 1214 reused
ggml_backend_cuda_graph_compute: CUDA graph warmup complete
CUDA Graph id 1216 reused
ggml_backend_cuda_graph_compute: CUDA graph warmup complete
CUDA Graph id 1218 reused
ggml_backend_cuda_graph_compute: CUDA graph warmup complete
CUDA Graph id 1220 reused
ggml_backend_cuda_graph_compute: CUDA graph warmup complete
CUDA Graph id 1222 reused
ggml_backend_cuda_graph_compute: CUDA graph warmup complete
CUDA Graph id 1224 reused
ggml_backend_cuda_graph_compute: CUDA graph warmup complete
CUDA Graph id 1226 reused
ggml_backend_cuda_graph_compute: CUDA graph warmup complete
CUDA Graph id 1228 reused
ggml_backend_cuda_graph_compute: CUDA graph warmup complete
CUDA Graph id 1230 reused
ggml_backend_cuda_graph_compute: CUDA graph warmup complete
CUDA Graph id 1232 reused
ggml_backend_cuda_graph_compute: CUDA graph warmup complete
CUDA Graph id 1234 reused
ggml_backend_cuda_graph_compute: CUDA graph warmup complete
CUDA Graph id 1236 reused
ggml_backend_cuda_graph_compute: CUDA graph warmup complete
CUDA Graph id 1238 reused
ggml_backend_cuda_graph_compute: CUDA graph warmup complete
CUDA Graph id 1240 reused
ggml_backend_cuda_graph_compute: CUDA graph warmup complete
CUDA Graph id 1242 reused
ggml_backend_cuda_graph_compute: CUDA graph warmup complete
CUDA Graph id 1244 reused
ggml_backend_cuda_graph_compute: CUDA graph warmup complete
CUDA Graph id 1246 reused
ggml_backend_cuda_graph_compute: CUDA graph warmup complete
CUDA Graph id 1248 reused
ggml_backend_cuda_graph_compute: CUDA graph warmup complete
CUDA Graph id 1250 reused
ggml_backend_cuda_graph_compute: CUDA graph warmup complete
CUDA Graph id 1252 reused
ggml_backend_cuda_graph_compute: CUDA graph warmup complete
CUDA Graph id 1254 reused
ggml_backend_cuda_graph_compute: CUDA graph warmup complete
CUDA Graph id 1256 reused
ggml_backend_cuda_graph_compute: CUDA graph warmup complete
CUDA Graph id 1258 reused
ggml_backend_cuda_graph_compute: CUDA graph warmup complete
CUDA Graph id 1260 reused
ggml_backend_cuda_graph_compute: CUDA graph warmup complete
CUDA Graph id 1262 reused
ggml_backend_cuda_graph_compute: CUDA graph warmup complete
CUDA Graph id 1264 reused
ggml_backend_cuda_graph_compute: CUDA graph warmup complete
CUDA Graph id 1266 reused
ggml_backend_cuda_graph_compute: CUDA graph warmup complete
CUDA Graph id 1268 reused
ggml_backend_cuda_graph_compute: CUDA graph warmup complete
CUDA Graph id 1270 reused
ggml_backend_cuda_graph_compute: CUDA graph warmup complete
CUDA Graph id 1272 reused
ggml_backend_cuda_graph_compute: CUDA graph warmup complete
CUDA Graph id 1274 reused
ggml_backend_cuda_graph_compute: CUDA graph warmup complete
CUDA Graph id 1276 reused
ggml_backend_cuda_graph_compute: CUDA graph warmup complete
CUDA Graph id 1278 reused
ggml_backend_cuda_graph_compute: CUDA graph warmup complete
CUDA Graph id 1280 reused
ggml_backend_cuda_graph_compute: CUDA graph warmup complete
CUDA Graph id 1282 reused
ggml_backend_cuda_graph_compute: CUDA graph warmup complete
CUDA Graph id 1284 reused
ggml_backend_cuda_graph_compute: CUDA graph warmup complete
CUDA Graph id 1286 reused
ggml_backend_cuda_graph_compute: CUDA graph warmup complete
CUDA Graph id 1288 reused
ggml_backend_cuda_graph_compute: CUDA graph warmup complete
CUDA Graph id 1290 reused
ggml_backend_cuda_graph_compute: CUDA graph warmup complete
CUDA Graph id 1292 reused
ggml_backend_cuda_graph_compute: CUDA graph warmup complete
CUDA Graph id 1294 reused
ggml_backend_cuda_graph_compute: CUDA graph warmup complete
CUDA Graph id 1296 reused
ggml_backend_cuda_graph_compute: CUDA graph warmup complete
CUDA Graph id 1298 reused
ggml_backend_cuda_graph_compute: CUDA graph warmup complete
CUDA Graph id 1300 reused
ggml_backend_cuda_graph_compute: CUDA graph warmup complete
CUDA Graph id 1302 reused
ggml_backend_cuda_graph_compute: CUDA graph warmup complete
CUDA Graph id 1304 reused
ggml_backend_cuda_graph_compute: CUDA graph warmup complete
CUDA Graph id 1306 reused
ggml_backend_cuda_graph_compute: CUDA graph warmup complete
CUDA Graph id 1308 reused
ggml_backend_cuda_graph_compute: CUDA graph warmup complete
CUDA Graph id 1210 reused
CUDA Graph id 1212 reused
CUDA Graph id 1214 reused
CUDA Graph id 1216 reused
CUDA Graph id 1218 reused
CUDA Graph id 1220 reused
CUDA Graph id 1222 reused
CUDA Graph id 1224 reused
CUDA Graph id 1226 reused
CUDA Graph id 1228 reused
CUDA Graph id 1230 reused
CUDA Graph id 1232 reused
CUDA Graph id 1234 reused
CUDA Graph id 1236 reused
CUDA Graph id 1238 reused
CUDA Graph id 1240 reused
CUDA Graph id 1242 reused
CUDA Graph id 1244 reused
CUDA Graph id 1246 reused
CUDA Graph id 1248 reused
CUDA Graph id 1250 reused
CUDA Graph id 1252 reused
CUDA Graph id 1254 reused
CUDA Graph id 1256 reused
CUDA Graph id 1258 reused
CUDA Graph id 1260 reused
CUDA Graph id 1262 reused
CUDA Graph id 1264 reused
CUDA Graph id 1266 reused
CUDA Graph id 1268 reused
CUDA Graph id 1270 reused
CUDA Graph id 1272 reused
CUDA Graph id 1274 reused
CUDA Graph id 1276 reused
CUDA Graph id 1278 reused
CUDA Graph id 1280 reused
CUDA Graph id 1282 reused
CUDA Graph id 1284 reused
CUDA Graph id 1286 reused
CUDA Graph id 1288 reused
CUDA Graph id 1290 reused
CUDA Graph id 1292 reused
CUDA Graph id 1294 reused
CUDA Graph id 1296 reused
CUDA Graph id 1298 reused
CUDA Graph id 1300 reused
CUDA Graph id 1302 reused
CUDA Graph id 1304 reused
CUDA Graph id 1306 reused
CUDA Graph id 1308 reused
CUDA Graph id 1210 reused
CUDA Graph id 1212 reused
CUDA Graph id 1214 reused
CUDA Graph id 1216 reused
CUDA Graph id 1218 reused
CUDA Graph id 1220 reused
CUDA Graph id 1222 reused
CUDA Graph id 1224 reused
CUDA Graph id 1226 reused
CUDA Graph id 1228 reused
CUDA Graph id 1230 reused
CUDA Graph id 1232 reused
CUDA Graph id 1234 reused
CUDA Graph id 1236 reused
CUDA Graph id 1238 reused
CUDA Graph id 1240 reused
CUDA Graph id 1242 reused
CUDA Graph id 1244 reused
CUDA Graph id 1246 reused
CUDA Graph id 1248 reused
CUDA Graph id 1250 reused
CUDA Graph id 1252 reused
CUDA Graph id 1254 reused
CUDA Graph id 1256 reused
CUDA Graph id 1258 reused
CUDA Graph id 1260 reused
CUDA Graph id 1262 reused
CUDA Graph id 1264 reused
CUDA Graph id 1266 reused
CUDA Graph id 1268 reused
CUDA Graph id 1270 reused
CUDA Graph id 1272 reused
CUDA Graph id 1274 reused
CUDA Graph id 1276 reused
CUDA Graph id 1278 reused
CUDA Graph id 1280 reused
CUDA Graph id 1282 reused
CUDA Graph id 1284 reused
CUDA Graph id 1286 reused
CUDA Graph id 1288 reused
CUDA Graph id 1290 reused
CUDA Graph id 1292 reused
CUDA Graph id 1294 reused
CUDA Graph id 1296 reused
CUDA Graph id 1298 reused
CUDA Graph id 1300 reused
CUDA Graph id 1302 reused
CUDA Graph id 1304 reused
CUDA Graph id 1306 reused
CUDA Graph id 1308 reused
CUDA Graph id 1210 reused
CUDA Graph id 1212 reused
CUDA Graph id 1214 reused
CUDA Graph id 1216 reused
CUDA Graph id 1218 reused
CUDA Graph id 1220 reused
CUDA Graph id 1222 reused
CUDA Graph id 1224 reused
CUDA Graph id 1226 reused
CUDA Graph id 1228 reused
CUDA Graph id 1230 reused
CUDA Graph id 1232 reused
CUDA Graph id 1234 reused
CUDA Graph id 1236 reused
CUDA Graph id 1238 reused
CUDA Graph id 1240 reused
CUDA Graph id 1242 reused
CUDA Graph id 1244 reused
CUDA Graph id 1246 reused
CUDA Graph id 1248 reused
CUDA Graph id 1250 reused
CUDA Graph id 1252 reused
CUDA Graph id 1254 reused
CUDA Graph id 1256 reused
CUDA Graph id 1258 reused
CUDA Graph id 1260 reused
CUDA Graph id 1262 reused
CUDA Graph id 1264 reused
CUDA Graph id 1266 reused
CUDA Graph id 1268 reused
CUDA Graph id 1270 reused
CUDA Graph id 1272 reused
CUDA Graph id 1274 reused
CUDA Graph id 1276 reused
CUDA Graph id 1278 reused
CUDA Graph id 1280 reused
CUDA Graph id 1282 reused
CUDA Graph id 1284 reused
CUDA Graph id 1286 reused
CUDA Graph id 1288 reused
CUDA Graph id 1290 reused
CUDA Graph id 1292 reused
CUDA Graph id 1294 reused
CUDA Graph id 1296 reused
CUDA Graph id 1298 reused
CUDA Graph id 1300 reused
CUDA Graph id 1302 reused
CUDA Graph id 1304 reused
CUDA Graph id 1306 reused
CUDA Graph id 1308 reused
CUDA Graph id 1210 reused
CUDA Graph id 1212 reused
CUDA Graph id 1214 reused
CUDA Graph id 1216 reused
CUDA Graph id 1218 reused
CUDA Graph id 1220 reused
CUDA Graph id 1222 reused
CUDA Graph id 1224 reused
CUDA Graph id 1226 reused
CUDA Graph id 1228 reused
CUDA Graph id 1230 reused
CUDA Graph id 1232 reused
CUDA Graph id 1234 reused
CUDA Graph id 1236 reused
CUDA Graph id 1238 reused
CUDA Graph id 1240 reused
CUDA Graph id 1242 reused
CUDA Graph id 1244 reused
CUDA Graph id 1246 reused
CUDA Graph id 1248 reused
CUDA Graph id 1250 reused
CUDA Graph id 1252 reused
CUDA Graph id 1254 reused
CUDA Graph id 1256 reused
CUDA Graph id 1258 reused
CUDA Graph id 1260 reused
CUDA Graph id 1262 reused
CUDA Graph id 1264 reused
CUDA Graph id 1266 reused
CUDA Graph id 1268 reused
CUDA Graph id 1270 reused
CUDA Graph id 1272 reused
CUDA Graph id 1274 reused
CUDA Graph id 1276 reused
CUDA Graph id 1278 reused
CUDA Graph id 1280 reused
CUDA Graph id 1282 reused
CUDA Graph id 1284 reused
CUDA Graph id 1286 reused
CUDA Graph id 1288 reused
CUDA Graph id 1290 reused
CUDA Graph id 1292 reused
CUDA Graph id 1294 reused
CUDA Graph id 1296 reused
CUDA Graph id 1298 reused
CUDA Graph id 1300 reused
CUDA Graph id 1302 reused
CUDA Graph id 1304 reused
CUDA Graph id 1306 reused
CUDA Graph id 1308 reused
CUDA Graph id 1268 reused
CUDA Graph id 1270 reused
CUDA Graph id 1272 reused
CUDA Graph id 1274 reused
CUDA Graph id 1276 reused
CUDA Graph id 1278 reused
CUDA Graph id 1280 reused
CUDA Graph id 1282 reused
CUDA Graph id 1284 reused
CUDA Graph id 1286 reused
CUDA Graph id 1288 reused
CUDA Graph id 1290 reused
CUDA Graph id 1292 reused
CUDA Graph id 1294 reused
CUDA Graph id 1296 reused
CUDA Graph id 1298 reused
CUDA Graph id 1300 reused
CUDA Graph id 1302 reused
CUDA Graph id 1304 reused
CUDA Graph id 1306 reused
CUDA Graph id 1308 reused
CUDA Graph id 1210 reused
ggml_backend_cuda_graph_compute: CUDA graph warmup complete
CUDA Graph id 1212 reused
ggml_backend_cuda_graph_compute: CUDA graph warmup complete
CUDA Graph id 1214 reused
ggml_backend_cuda_graph_compute: CUDA graph warmup complete
CUDA Graph id 1216 reused
ggml_backend_cuda_graph_compute: CUDA graph warmup complete
CUDA Graph id 1218 reused
ggml_backend_cuda_graph_compute: CUDA graph warmup complete
CUDA Graph id 1220 reused
ggml_backend_cuda_graph_compute: CUDA graph warmup complete
CUDA Graph id 1222 reused
ggml_backend_cuda_graph_compute: CUDA graph warmup complete
CUDA Graph id 1224 reused
ggml_backend_cuda_graph_compute: CUDA graph warmup complete
CUDA Graph id 1226 reused
ggml_backend_cuda_graph_compute: CUDA graph warmup complete
CUDA Graph id 1228 reused
ggml_backend_cuda_graph_compute: CUDA graph warmup complete
CUDA Graph id 1230 reused
ggml_backend_cuda_graph_compute: CUDA graph warmup complete
CUDA Graph id 1232 reused
ggml_backend_cuda_graph_compute: CUDA graph warmup complete
CUDA Graph id 1234 reused
ggml_backend_cuda_graph_compute: CUDA graph warmup complete
CUDA Graph id 1236 reused
ggml_backend_cuda_graph_compute: CUDA graph warmup complete
CUDA Graph id 1238 reused
ggml_backend_cuda_graph_compute: CUDA graph warmup complete
CUDA Graph id 1240 reused
ggml_backend_cuda_graph_compute: CUDA graph warmup complete
CUDA Graph id 1242 reused
ggml_backend_cuda_graph_compute: CUDA graph warmup complete
CUDA Graph id 1244 reused
ggml_backend_cuda_graph_compute: CUDA graph warmup complete
CUDA Graph id 1246 reused
ggml_backend_cuda_graph_compute: CUDA graph warmup complete
CUDA Graph id 1248 reused
ggml_backend_cuda_graph_compute: CUDA graph warmup complete
CUDA Graph id 1250 reused
ggml_backend_cuda_graph_compute: CUDA graph warmup complete
CUDA Graph id 1252 reused
ggml_backend_cuda_graph_compute: CUDA graph warmup complete
CUDA Graph id 1254 reused
ggml_backend_cuda_graph_compute: CUDA graph warmup complete
CUDA Graph id 1256 reused
ggml_backend_cuda_graph_compute: CUDA graph warmup complete
CUDA Graph id 1258 reused
ggml_backend_cuda_graph_compute: CUDA graph warmup complete
CUDA Graph id 1260 reused
ggml_backend_cuda_graph_compute: CUDA graph warmup complete
CUDA Graph id 1262 reused
ggml_backend_cuda_graph_compute: CUDA graph warmup complete
CUDA Graph id 1264 reused
ggml_backend_cuda_graph_compute: CUDA graph warmup complete
CUDA Graph id 1266 reused
ggml_backend_cuda_graph_compute: CUDA graph warmup complete
CUDA Graph id 1268 reused
CUDA Graph id 1270 reused
CUDA Graph id 1272 reused
CUDA Graph id 1274 reused
CUDA Graph id 1276 reused
CUDA Graph id 1278 reused
CUDA Graph id 1280 reused
CUDA Graph id 1282 reused
CUDA Graph id 1284 reused
CUDA Graph id 1286 reused
CUDA Graph id 1288 reused
CUDA Graph id 1290 reused
CUDA Graph id 1292 reused
CUDA Graph id 1294 reused
CUDA Graph id 1296 reused
CUDA Graph id 1298 reused
CUDA Graph id 1300 reused
CUDA Graph id 1302 reused
CUDA Graph id 1304 reused
CUDA Graph id 1306 reused
CUDA Graph id 1308 reused
CUDA Graph id 1210 reused
CUDA Graph id 1212 reused
CUDA Graph id 1214 reused
CUDA Graph id 1216 reused
CUDA Graph id 1218 reused
CUDA Graph id 1220 reused
CUDA Graph id 1222 reused
CUDA Graph id 1224 reused
CUDA Graph id 1226 reused
CUDA Graph id 1228 reused
CUDA Graph id 1230 reused
CUDA Graph id 1232 reused
CUDA Graph id 1234 reused
CUDA Graph id 1236 reused
CUDA Graph id 1238 reused
CUDA Graph id 1240 reused
CUDA Graph id 1242 reused
CUDA Graph id 1244 reused
CUDA Graph id 1246 reused
CUDA Graph id 1248 reused
CUDA Graph id 1250 reused
CUDA Graph id 1252 reused
CUDA Graph id 1254 reused
CUDA Graph id 1256 reused
CUDA Graph id 1258 reused
CUDA Graph id 1260 reused
CUDA Graph id 1262 reused
CUDA Graph id 1264 reused
CUDA Graph id 1266 reused
CUDA Graph id 1268 reused
CUDA Graph id 1270 reused
CUDA Graph id 1272 reused
CUDA Graph id 1274 reused
CUDA Graph id 1276 reused
CUDA Graph id 1278 reused
CUDA Graph id 1280 reused
CUDA Graph id 1282 reused
CUDA Graph id 1284 reused
CUDA Graph id 1286 reused
CUDA Graph id 1288 reused
CUDA Graph id 1290 reused
CUDA Graph id 1292 reused
CUDA Graph id 1294 reused
CUDA Graph id 1296 reused
CUDA Graph id 1298 reused
CUDA Graph id 1300 reused
CUDA Graph id 1302 reused
CUDA Graph id 1304 reused
CUDA Graph id 1306 reused
CUDA Graph id 1308 reused
